index,label,pass,prediction,buffer_write,cache_flush,register_setup,fpga_kernel,output_readback,decoder_classifier,patch_embedding,weight_transfer,total_us
0,0,1,0,129.2310,272.4550,0.0000,976.6960,241.7290,217.2870,0.0000,0.0000,1837.3980
1,1,1,1,72.4250,199.4650,0.0000,955.2250,212.2220,149.9880,0.0000,0.0000,1589.3250
2,1,1,1,64.7880,176.2830,0.0000,950.4310,234.9910,153.4950,0.0000,0.0000,1579.9880
3,1,1,0,66.5780,174.7940,0.0000,954.0120,201.5560,144.7440,0.0000,0.0000,1541.6840
4,1,1,1,63.2680,169.5200,0.0000,950.3820,196.0860,139.0400,0.0000,0.0000,1518.2960
5,1,1,1,63.8770,167.6490,0.0000,949.2620,198.1970,139.9690,0.0000,0.0000,1518.9540
6,1,1,1,62.5470,167.3600,0.0000,954.9420,193.0710,135.2860,0.0000,0.0000,1513.2060
7,1,1,1,64.1910,165.9570,0.0000,951.4520,194.0180,137.3350,0.0000,0.0000,1512.9530
8,1,1,1,62.4740,167.8650,0.0000,947.6680,218.7880,146.3510,0.0000,0.0000,1543.1460
9,1,1,1,68.1660,172.6640,0.0000,951.0770,197.5510,139.8530,0.0000,0.0000,1529.3110
10,1,1,1,64.0370,170.3880,0.0000,948.1050,197.5450,136.1780,0.0000,0.0000,1516.2530
11,1,1,1,62.3010,170.1170,0.0000,955.2680,195.5750,137.3110,0.0000,0.0000,1520.5720
12,1,1,1,61.5810,168.5790,0.0000,950.0620,194.0740,140.0500,0.0000,0.0000,1514.3460
13,1,1,1,63.4090,167.5320,0.0000,950.2890,193.7420,134.7880,0.0000,0.0000,1509.7600
14,1,1,1,63.3660,167.3600,0.0000,959.9570,215.2980,144.9850,0.0000,0.0000,1550.9660
15,1,1,1,64.5170,173.6860,0.0000,951.5570,199.6130,139.6680,0.0000,0.0000,1529.0410
16,1,1,1,65.1570,168.2280,0.0000,949.8030,194.6650,137.3660,0.0000,0.0000,1515.2190
17,1,1,1,64.3200,165.2430,0.0000,949.9940,197.2610,136.2030,0.0000,0.0000,1513.0210
18,1,1,1,63.1510,166.7080,0.0000,949.1450,195.1750,135.8340,0.0000,0.0000,1510.0130
19,1,1,1,63.1510,166.9600,0.0000,945.4580,193.5870,137.2430,0.0000,0.0000,1506.3990
20,1,1,1,63.1390,165.9080,0.0000,956.2280,213.9700,147.0150,0.0000,0.0000,1546.2600
21,1,1,1,66.0980,173.1200,0.0000,952.2890,197.8770,139.7110,0.0000,0.0000,1529.0950
22,1,1,1,63.8210,169.4710,0.0000,956.8990,196.3500,136.7930,0.0000,0.0000,1523.3340
23,1,1,1,64.5790,170.2890,0.0000,944.6280,195.1570,137.6860,0.0000,0.0000,1512.3390
24,1,1,1,64.8060,165.6440,0.0000,944.6830,195.6980,137.1750,0.0000,0.0000,1508.0060
25,1,1,1,62.4370,166.0310,0.0000,944.1230,198.4190,135.5440,0.0000,0.0000,1506.5540
26,1,1,1,64.3750,165.9020,0.0000,950.5050,235.8340,141.8580,0.0000,0.0000,1558.4740
27,0,1,0,63.5940,174.2030,0.0000,952.1730,197.2430,137.9630,0.0000,0.0000,1525.1760
28,1,1,1,62.8620,169.9870,0.0000,961.1810,194.7690,137.4030,0.0000,0.0000,1526.2020
29,1,1,1,65.1320,167.1080,0.0000,955.0210,196.2650,135.8650,0.0000,0.0000,1519.3910
30,1,1,1,62.5170,167.5760,0.0000,942.8430,193.2920,136.6640,0.0000,0.0000,1502.8920
31,1,1,1,63.3600,167.9080,0.0000,946.2830,193.9140,137.6680,0.0000,0.0000,1509.1330
32,1,1,1,61.3540,165.8460,0.0000,948.2830,195.4400,135.5510,0.0000,0.0000,1506.4740
33,1,1,1,116.1480,176.5730,0.0000,955.3410,200.0800,140.4860,0.0000,0.0000,1588.6280
34,0,1,0,64.4130,167.2300,0.0000,951.2060,194.1720,138.2100,0.0000,0.0000,1515.2310
35,1,1,1,62.6150,167.3290,0.0000,954.2090,194.7260,136.2950,0.0000,0.0000,1515.1740
36,0,1,0,62.8430,166.6590,0.0000,947.4830,194.0060,135.7040,0.0000,0.0000,1506.6950
37,1,1,1,63.0520,166.9730,0.0000,951.4590,194.9470,137.0890,0.0000,0.0000,1513.5200
38,1,1,1,63.3850,166.3380,0.0000,951.8890,194.4610,136.3630,0.0000,0.0000,1512.4360
39,1,1,1,62.3330,165.8160,0.0000,953.6430,201.3720,138.8860,0.0000,0.0000,1522.0500
40,0,1,0,63.7170,167.7470,0.0000,947.4950,195.6430,138.3880,0.0000,0.0000,1512.9900
41,1,1,1,64.5290,165.8270,0.0000,948.8740,196.0310,134.9350,0.0000,0.0000,1510.1960
42,1,1,1,63.6370,166.3390,0.0000,947.5450,192.9850,136.3750,0.0000,0.0000,1506.8810
43,0,1,0,61.2620,167.7900,0.0000,950.0250,195.0580,135.1700,0.0000,0.0000,1509.3050
44,1,1,1,62.3940,167.0890,0.0000,949.6430,193.7170,134.8560,0.0000,0.0000,1507.6990
45,1,1,1,63.3420,166.5290,0.0000,958.2950,206.3570,138.5350,0.0000,0.0000,1533.0580
46,1,1,1,61.7720,171.7970,0.0000,949.6920,195.8030,136.7690,0.0000,0.0000,1515.8330
47,1,1,1,62.5600,166.0800,0.0000,949.2800,197.1140,136.8680,0.0000,0.0000,1511.9020
48,1,1,1,61.8700,166.7760,0.0000,952.0370,195.5750,135.9140,0.0000,0.0000,1512.1720
49,1,1,1,62.2520,166.6460,0.0000,948.7750,195.8470,137.6250,0.0000,0.0000,1511.1450
50,1,1,1,63.0090,166.9970,0.0000,949.7720,193.3350,135.8590,0.0000,0.0000,1508.9720
51,1,1,1,61.2550,167.6120,0.0000,956.2960,204.7380,139.3970,0.0000,0.0000,1529.2980
52,1,1,1,63.0520,168.0430,0.0000,956.9910,198.3140,137.9200,0.0000,0.0000,1524.3200
53,1,1,1,64.0680,166.8670,0.0000,949.4280,195.9010,137.2920,0.0000,0.0000,1513.5560
54,1,1,1,62.1110,167.2930,0.0000,943.2610,194.8300,138.2030,0.0000,0.0000,1505.6980
55,1,1,1,63.4770,167.6560,0.0000,947.5750,193.4210,138.0490,0.0000,0.0000,1510.1780
56,1,1,1,61.6060,166.2400,0.0000,950.7760,195.8340,137.1810,0.0000,0.0000,1511.6370
57,0,1,0,63.1010,166.6520,0.0000,969.8950,208.1900,140.5170,0.0000,0.0000,1548.3550
58,1,1,1,66.2460,170.1240,0.0000,949.5010,197.1070,137.5440,0.0000,0.0000,1520.5220
59,1,1,1,64.3330,169.6310,0.0000,948.4060,197.2370,135.3720,0.0000,0.0000,1514.9790
60,1,1,1,62.5420,167.2860,0.0000,949.1630,194.6650,138.0620,0.0000,0.0000,1511.7180
61,0,1,0,61.0220,165.9570,0.0000,949.1570,195.4520,138.0610,0.0000,0.0000,1509.6490
62,1,1,1,62.4930,166.8920,0.0000,949.3660,193.3540,136.8990,0.0000,0.0000,1509.0040
63,0,1,0,63.3540,166.3200,0.0000,951.0700,232.1910,142.8120,0.0000,0.0000,1555.7470
64,1,1,1,64.3690,170.2640,0.0000,954.5410,197.7170,137.8580,0.0000,0.0000,1524.7490
65,0,1,0,61.9940,167.4210,0.0000,951.5760,194.4120,135.7360,0.0000,0.0000,1511.1390
66,1,1,1,62.4500,166.9850,0.0000,949.0400,192.7080,138.8120,0.0000,0.0000,1509.9950
67,0,1,0,64.2160,165.4770,0.0000,952.8240,195.3290,134.7630,0.0000,0.0000,1512.6090
68,1,1,1,62.1480,165.2490,0.0000,950.4430,194.5910,136.9420,0.0000,0.0000,1509.3730
69,1,1,1,61.4590,164.8860,0.0000,946.5910,194.0920,135.5380,0.0000,0.0000,1502.5660
70,1,1,1,61.6800,205.2980,0.0000,947.1320,197.4770,138.1110,0.0000,0.0000,1549.6980
71,1,1,1,63.6680,167.7540,0.0000,945.3480,193.1820,137.2130,0.0000,0.0000,1507.1650
72,1,1,1,63.2060,165.5380,0.0000,947.4400,195.3290,136.6220,0.0000,0.0000,1508.1350
73,1,1,0,61.7410,166.6890,0.0000,950.6150,194.1600,136.2460,0.0000,0.0000,1509.4510
74,1,1,1,61.5320,165.1140,0.0000,943.9270,193.3410,135.8700,0.0000,0.0000,1499.7840
75,1,1,1,62.7140,167.0210,0.0000,960.3320,194.3140,138.8800,0.0000,0.0000,1523.2610
76,0,1,0,62.0610,165.8950,0.0000,952.0370,224.9600,147.9020,0.0000,0.0000,1552.8550
77,1,1,1,64.5410,173.3110,0.0000,952.4370,198.9230,142.6460,0.0000,0.0000,1531.8580
78,1,1,1,63.5260,170.1540,0.0000,948.8670,196.9290,139.7040,0.0000,0.0000,1519.1800
79,1,1,1,64.3140,167.2250,0.0000,950.4670,196.7200,137.6860,0.0000,0.0000,1516.4120
80,0,1,0,63.7730,168.1230,0.0000,944.2210,195.6490,137.9820,0.0000,0.0000,1509.7480
81,0,1,0,62.6580,167.3910,0.0000,950.7020,196.8860,136.5420,0.0000,0.0000,1514.1790
82,1,1,1,63.0520,166.9420,0.0000,954.6460,203.3530,140.7820,0.0000,0.0000,1528.7750
83,1,1,1,64.9540,169.2300,0.0000,955.4270,198.4370,139.6860,0.0000,0.0000,1527.7340
84,1,1,1,64.3570,169.0710,0.0000,950.1410,195.7040,136.3630,0.0000,0.0000,1515.6360
85,1,1,1,63.0460,166.9910,0.0000,951.6000,192.7750,139.2920,0.0000,0.0000,1513.7040
86,0,1,1,60.9780,167.4280,0.0000,947.9020,195.2740,137.2430,0.0000,0.0000,1508.8250
87,1,1,1,63.6680,166.9780,0.0000,950.1170,195.7420,138.4620,0.0000,0.0000,1514.9670
88,1,1,0,63.0650,164.7010,0.0000,953.7840,203.3910,139.2610,0.0000,0.0000,1524.2020
89,1,1,1,61.9700,169.4580,0.0000,954.5960,195.6920,137.6740,0.0000,0.0000,1519.3900
90,1,1,1,62.3020,167.0280,0.0000,953.4030,193.4760,137.0520,0.0000,0.0000,1513.2610
91,1,1,0,63.6000,169.1870,0.0000,945.3600,195.0520,137.9750,0.0000,0.0000,1511.1740
92,1,1,1,65.0960,167.3230,0.0000,960.7940,194.5230,137.0770,0.0000,0.0000,1524.8130
93,1,1,1,62.4860,165.9140,0.0000,949.0710,195.9200,135.1880,0.0000,0.0000,1508.5790
94,1,1,1,63.1390,166.3320,0.0000,1013.0770,221.5510,147.8900,0.0000,0.0000,1611.9890
95,1,1,1,67.1510,173.8710,0.0000,953.2980,199.4710,141.5440,0.0000,0.0000,1535.3350
96,1,1,1,64.5480,167.4400,0.0000,947.1880,195.1700,138.4730,0.0000,0.0000,1512.8190
97,1,1,1,63.8580,168.5910,0.0000,945.7840,194.9910,136.6710,0.0000,0.0000,1509.8950
98,1,1,1,62.2340,168.1170,0.0000,951.3850,196.4180,136.7260,0.0000,0.0000,1514.8800
99,1,1,1,63.6130,167.0280,0.0000,949.5630,194.2090,137.7110,0.0000,0.0000,1512.1240
100,1,1,1,62.2890,167.0040,0.0000,951.4830,235.6120,142.1780,0.0000,0.0000,1558.5660
101,1,1,1,62.8430,170.7630,0.0000,946.8920,198.3510,137.9930,0.0000,0.0000,1516.8420
102,1,1,1,62.3940,167.6860,0.0000,951.9450,196.6330,137.0650,0.0000,0.0000,1515.7230
103,1,1,1,62.6090,165.2980,0.0000,949.7480,196.4980,138.2150,0.0000,0.0000,1512.3680
104,1,1,0,62.5600,167.8890,0.0000,945.7410,196.7070,136.0930,0.0000,0.0000,1508.9900
105,1,1,1,63.0830,167.4830,0.0000,949.3040,196.0560,135.3420,0.0000,0.0000,1511.2680
106,1,1,0,61.3910,167.2060,0.0000,952.8990,195.9750,135.0520,0.0000,0.0000,1512.5230
107,1,1,0,104.5970,174.5970,0.0000,953.8890,199.4580,140.8300,0.0000,0.0000,1573.3710
108,1,1,1,66.8610,167.3480,0.0000,950.0490,194.7880,137.4150,0.0000,0.0000,1516.4610
109,1,1,1,63.2000,165.9940,0.0000,953.2560,195.2620,137.0150,0.0000,0.0000,1514.7270
110,0,1,0,63.0030,168.8370,0.0000,945.0640,192.0990,136.2710,0.0000,0.0000,1505.2740
111,1,1,1,62.4370,164.6770,0.0000,945.1260,192.9850,137.4830,0.0000,0.0000,1502.7080
112,1,1,1,61.9750,165.8710,0.0000,944.3070,196.2710,135.2740,0.0000,0.0000,1503.6980
113,1,1,1,62.0370,165.0400,0.0000,958.8000,202.7750,140.6770,0.0000,0.0000,1529.3290
114,1,1,1,64.3760,169.3170,0.0000,950.6090,196.3200,138.8860,0.0000,0.0000,1519.5080
115,1,1,1,63.0760,167.0220,0.0000,950.7330,194.7880,137.5130,0.0000,0.0000,1513.1320
116,1,1,1,64.5850,166.8740,0.0000,946.3870,195.3660,148.0190,0.0000,0.0000,1521.2310
117,0,1,0,82.8430,208.1100,0.0000,962.7140,220.6890,153.6990,0.0000,0.0000,1628.0550
118,1,1,1,68.1970,181.6680,0.0000,954.5110,204.1790,140.3140,0.0000,0.0000,1548.8690
119,1,1,1,62.4060,170.3200,0.0000,946.2160,207.7720,141.7410,0.0000,0.0000,1528.4550
120,1,1,1,64.7510,171.2610,0.0000,950.0860,199.0030,138.6150,0.0000,0.0000,1523.7160
121,1,1,1,63.1320,166.4930,0.0000,945.8530,196.5350,138.7140,0.0000,0.0000,1510.7270
122,1,1,1,62.2280,166.7810,0.0000,948.9910,194.8190,137.9570,0.0000,0.0000,1510.7760
123,1,1,1,61.6980,167.5020,0.0000,959.2610,194.4430,137.8640,0.0000,0.0000,1520.7680
124,0,1,0,64.2590,166.5850,0.0000,954.2640,194.2590,136.3010,0.0000,0.0000,1515.6680
125,1,1,1,62.8980,166.1790,0.0000,949.8520,206.3760,140.6830,0.0000,0.0000,1525.9880
126,1,1,1,64.5170,169.6980,0.0000,956.6590,197.6550,139.3730,0.0000,0.0000,1527.9020
127,1,1,1,62.8800,168.7260,0.0000,949.6930,196.1660,138.4610,0.0000,0.0000,1515.9260
128,1,1,1,62.6460,165.0520,0.0000,947.1820,192.5780,137.5880,0.0000,0.0000,1505.0460
129,0,1,1,63.6680,165.3530,0.0000,950.8620,194.1350,136.0800,0.0000,0.0000,1510.0980
130,0,1,0,62.5910,167.8090,0.0000,945.9690,195.3420,137.9940,0.0000,0.0000,1509.7050
131,1,1,1,62.9290,166.1480,0.0000,959.5630,206.1850,141.3600,0.0000,0.0000,1536.1850
132,1,1,1,65.6870,168.7080,0.0000,946.4730,196.9110,137.4340,0.0000,0.0000,1515.2130
133,1,1,1,62.1170,166.1840,0.0000,946.2770,195.6920,137.1940,0.0000,0.0000,1507.4640
134,0,1,0,61.8580,167.9140,0.0000,949.4520,195.6250,136.1050,0.0000,0.0000,1510.9540
135,1,1,1,62.3390,166.4800,0.0000,947.7910,194.0920,136.6890,0.0000,0.0000,1507.3910
136,1,1,1,61.2060,164.2280,0.0000,958.6710,194.9300,137.0150,0.0000,0.0000,1516.0500
137,1,1,1,61.6070,166.3690,0.0000,949.6740,248.5530,143.9630,0.0000,0.0000,1570.1660
138,0,1,0,62.8490,173.8770,0.0000,946.8250,198.2830,138.6650,0.0000,0.0000,1520.4990
139,1,1,1,63.6920,166.5790,0.0000,950.6580,196.0800,138.3700,0.0000,0.0000,1515.3790
140,0,1,0,64.1360,166.7380,0.0000,950.0800,193.5070,137.1080,0.0000,0.0000,1511.5690
141,1,1,1,62.3630,165.6800,0.0000,949.6670,194.2340,135.9380,0.0000,0.0000,1507.8820
142,1,1,1,62.2580,166.8680,0.0000,951.2060,196.6400,137.4770,0.0000,0.0000,1514.4490
143,1,1,1,63.4520,166.0250,0.0000,947.8650,193.0460,136.8860,0.0000,0.0000,1507.2740
144,1,1,1,67.5080,172.0000,0.0000,948.8610,195.4580,139.8890,0.0000,0.0000,1523.7160
145,1,1,1,61.8340,168.5780,0.0000,958.5730,194.9540,134.5790,0.0000,0.0000,1518.5180
146,1,1,1,61.9260,168.9360,0.0000,948.2340,192.6210,137.2430,0.0000,0.0000,1508.9600
147,1,1,1,61.9690,165.4520,0.0000,959.3600,194.3510,135.6060,0.0000,0.0000,1516.7380
148,1,1,1,63.9810,166.0120,0.0000,949.5380,193.2250,136.6280,0.0000,0.0000,1509.3840
149,1,1,1,63.0090,164.1910,0.0000,951.0030,194.5970,137.2060,0.0000,0.0000,1510.0060
150,1,1,1,62.0980,202.8860,0.0000,945.7170,201.9810,138.9360,0.0000,0.0000,1551.6180
151,1,1,1,62.3260,167.0160,0.0000,950.8190,196.4120,137.4770,0.0000,0.0000,1514.0500
152,1,1,1,61.4830,167.9630,0.0000,946.1780,195.1690,137.0950,0.0000,0.0000,1507.8880
153,1,1,1,61.5200,165.6930,0.0000,947.1690,196.7140,134.7450,0.0000,0.0000,1505.8410
154,1,1,1,62.3750,167.1940,0.0000,947.3410,195.5880,133.5940,0.0000,0.0000,1506.0920
155,1,1,1,63.4580,168.3010,0.0000,950.2520,195.9020,135.2490,0.0000,0.0000,1513.1620
156,1,1,1,64.3880,166.0920,0.0000,948.9970,202.7020,142.0310,0.0000,0.0000,1524.2100
157,1,1,1,62.3880,170.4430,0.0000,947.6490,198.6210,135.8590,0.0000,0.0000,1514.9600
158,0,1,0,63.2860,166.8130,0.0000,954.6220,193.4530,135.7170,0.0000,0.0000,1513.8910
159,1,1,1,63.3170,166.4560,0.0000,951.9940,194.0300,134.4120,0.0000,0.0000,1510.2090
160,1,1,1,64.1230,164.1170,0.0000,959.9390,193.6060,135.6430,0.0000,0.0000,1517.4280
161,1,1,1,62.1730,169.3720,0.0000,948.8610,192.8740,136.4920,0.0000,0.0000,1509.7720
162,1,1,1,62.3450,165.6250,0.0000,954.7260,202.9970,139.4400,0.0000,0.0000,1525.1330
163,1,1,1,61.9690,170.2330,0.0000,949.3660,196.2340,137.4950,0.0000,0.0000,1515.2970
164,0,1,0,64.2590,167.7660,0.0000,945.5880,192.9470,137.4830,0.0000,0.0000,1508.0430
165,0,1,0,62.3200,167.0770,0.0000,947.0210,195.2860,136.2030,0.0000,0.0000,1507.9070
166,1,1,1,61.5700,166.9230,0.0000,949.5880,197.5570,136.8550,0.0000,0.0000,1512.4930
167,0,1,0,63.5010,165.5380,0.0000,945.9260,194.1410,137.4470,0.0000,0.0000,1506.5530
168,1,1,1,62.8060,167.5200,0.0000,964.5780,208.3450,143.2990,0.0000,0.0000,1546.5480
169,0,1,0,62.5970,170.4860,0.0000,949.9260,198.0800,138.9290,0.0000,0.0000,1520.0180
170,0,1,1,60.9290,168.8490,0.0000,950.0120,194.5720,136.7320,0.0000,0.0000,1511.0940
171,1,1,1,62.5170,167.1870,0.0000,950.3070,194.5230,135.4830,0.0000,0.0000,1510.0170
172,1,1,1,63.4270,166.3260,0.0000,943.4770,195.1810,136.6770,0.0000,0.0000,1505.0880
173,1,1,1,62.6280,165.0220,0.0000,945.4090,193.8830,136.1600,0.0000,0.0000,1503.1020
174,1,1,1,61.7110,167.9320,0.0000,947.1020,193.4460,257.6740,0.0000,0.0000,1627.8650
175,1,1,1,65.6860,178.2710,0.0000,950.0130,202.0930,142.1110,0.0000,0.0000,1538.1740
176,0,1,0,64.3500,167.9630,0.0000,946.4310,196.8980,138.6650,0.0000,0.0000,1514.3070
177,1,1,1,62.4180,167.9570,0.0000,945.9630,195.6740,136.7500,0.0000,0.0000,1508.7620
178,1,1,1,62.8000,166.1970,0.0000,948.1670,194.0000,137.3040,0.0000,0.0000,1508.4680
179,1,1,1,60.2900,166.7080,0.0000,948.9730,195.0330,136.0310,0.0000,0.0000,1507.0350
180,1,1,1,61.0960,169.6740,0.0000,949.9020,195.4520,137.7970,0.0000,0.0000,1513.9210
181,1,1,1,104.5420,171.8400,0.0000,953.6670,198.5050,138.7380,0.0000,0.0000,1567.2920
182,1,1,1,62.5470,167.5140,0.0000,959.2740,303.1450,189.6000,0.0000,0.0000,1682.0800
183,1,1,1,89.5200,237.3730,0.0000,986.9600,330.3140,204.5720,0.0000,0.0000,1848.7390
184,1,1,1,88.2030,250.4490,0.0000,972.6280,229.0460,160.3700,0.0000,0.0000,1700.6960
185,1,1,1,69.0830,185.0280,0.0000,954.3760,205.5760,146.8240,0.0000,0.0000,1560.8870
186,1,1,1,64.5170,173.5880,0.0000,955.7840,226.5480,152.4190,0.0000,0.0000,1572.8560
187,0,1,1,68.2900,178.3390,0.0000,950.8000,203.4160,143.3970,0.0000,0.0000,1544.2420
188,1,1,1,63.4950,171.5690,0.0000,961.2620,196.8980,139.0210,0.0000,0.0000,1532.2450
189,1,1,1,64.6830,169.0400,0.0000,949.1930,195.1070,139.7540,0.0000,0.0000,1517.7770
190,0,1,0,60.7200,167.4580,0.0000,949.5450,193.5390,135.7420,0.0000,0.0000,1507.0040
191,1,1,1,62.9110,167.7970,0.0000,947.6130,192.8250,135.3540,0.0000,0.0000,1506.5000
192,1,1,1,61.8770,167.3600,0.0000,946.1540,265.2560,143.4580,0.0000,0.0000,1584.1050
193,1,1,1,63.8760,175.0030,0.0000,955.8460,199.3660,135.8890,0.0000,0.0000,1529.9800
194,1,1,1,63.2490,166.8370,0.0000,952.4190,196.2830,135.3730,0.0000,0.0000,1514.1610
195,1,1,1,62.1300,166.6220,0.0000,948.7510,197.9070,136.2220,0.0000,0.0000,1511.6320
196,0,1,0,62.9230,168.3440,0.0000,949.0710,194.6520,134.1910,0.0000,0.0000,1509.1810
197,1,1,1,61.6180,166.1970,0.0000,961.6680,196.0300,135.3300,0.0000,0.0000,1520.8430
198,1,1,1,62.7870,164.7320,0.0000,949.4830,196.8120,201.4150,0.0000,0.0000,1575.2290
199,1,1,1,69.4710,177.6800,0.0000,954.6520,201.5070,143.0090,0.0000,0.0000,1546.3190
200,0,1,0,62.7070,170.5110,0.0000,954.0430,196.7320,136.4620,0.0000,0.0000,1520.4550
201,1,1,1,63.2800,169.6000,0.0000,948.3450,194.8550,139.7730,0.0000,0.0000,1515.8530
202,1,1,1,64.1110,166.4860,0.0000,954.5720,194.7260,136.6960,0.0000,0.0000,1516.5910
203,1,1,1,62.1050,166.2030,0.0000,951.7540,195.9750,135.2980,0.0000,0.0000,1511.3350
204,1,1,1,63.2560,165.8030,0.0000,949.6250,193.7540,136.9170,0.0000,0.0000,1509.3550
205,1,1,1,61.1200,236.7380,0.0000,954.5600,202.2090,141.7970,0.0000,0.0000,1596.4240
206,1,1,1,64.8680,170.0300,0.0000,948.2520,199.6310,137.5510,0.0000,0.0000,1520.3320
207,1,1,1,63.7970,166.4310,0.0000,947.4460,195.1690,138.9540,0.0000,0.0000,1511.7970
208,1,1,1,62.3320,167.7100,0.0000,954.6890,195.8890,137.8030,0.0000,0.0000,1518.4230
209,0,1,0,62.1600,168.2580,0.0000,951.4100,193.0530,136.3450,0.0000,0.0000,1511.2260
210,1,1,1,62.0060,167.5510,0.0000,944.5290,193.3850,136.4740,0.0000,0.0000,1503.9450
211,1,1,1,63.0590,166.6770,0.0000,946.9660,201.9200,140.3750,0.0000,0.0000,1518.9970
212,1,1,1,63.5260,169.8280,0.0000,956.0490,196.3320,136.1660,0.0000,0.0000,1521.9010
213,0,1,0,62.5360,166.3510,0.0000,951.1450,195.9200,134.8000,0.0000,0.0000,1510.7520
214,1,1,1,62.7570,165.7290,0.0000,950.8000,192.9600,136.4980,0.0000,0.0000,1508.7440
215,0,1,0,62.0310,165.5380,0.0000,947.8030,194.3880,136.5970,0.0000,0.0000,1506.3570
216,1,1,1,61.1760,165.3600,0.0000,944.7700,192.4990,135.2000,0.0000,0.0000,1499.0050
217,1,1,1,63.2620,165.9080,0.0000,949.8030,203.5200,140.8310,0.0000,0.0000,1523.3240
218,0,1,0,64.5850,171.4830,0.0000,950.5230,196.6960,139.2120,0.0000,0.0000,1522.4990
219,1,1,1,62.9720,165.1260,0.0000,947.3160,194.0120,136.4120,0.0000,0.0000,1505.8380
220,1,1,1,61.8890,166.0370,0.0000,959.8590,193.1450,134.9790,0.0000,0.0000,1515.9090
221,1,1,1,62.5470,165.6300,0.0000,947.1260,193.4340,136.8060,0.0000,0.0000,1505.5430
222,1,1,1,61.3290,167.2740,0.0000,951.7660,195.6800,137.5020,0.0000,0.0000,1513.5510
223,1,1,1,62.0680,166.5410,0.0000,953.9570,202.1530,138.7940,0.0000,0.0000,1523.5130
224,0,1,0,64.5660,169.7230,0.0000,945.9070,196.4310,137.5080,0.0000,0.0000,1514.1350
225,1,1,1,62.2640,168.3380,0.0000,948.8860,195.3350,136.5600,0.0000,0.0000,1511.3830
226,0,1,0,63.5750,167.0520,0.0000,949.5070,194.4730,134.9720,0.0000,0.0000,1509.5790
227,1,1,1,61.8090,166.8800,0.0000,946.6090,194.0800,136.9910,0.0000,0.0000,1506.3690
228,1,1,1,62.6400,167.0460,0.0000,952.0120,194.3020,135.1820,0.0000,0.0000,1511.1820
229,1,1,1,62.7760,165.1750,0.0000,949.5820,249.9390,139.2680,0.0000,0.0000,1566.7400
230,1,1,1,63.7600,172.8130,0.0000,945.7910,196.9660,139.7670,0.0000,0.0000,1519.0970
231,1,1,1,63.2070,170.0130,0.0000,947.6000,194.3820,137.0340,0.0000,0.0000,1512.2360
232,1,1,1,63.2620,165.9130,0.0000,945.4220,193.8160,136.4370,0.0000,0.0000,1504.8500
233,1,1,1,61.6860,166.3320,0.0000,949.6000,193.6430,135.0470,0.0000,0.0000,1506.3080
234,1,1,0,64.4070,167.1140,0.0000,947.0220,193.6860,136.2400,0.0000,0.0000,1508.4690
235,1,1,1,62.3760,164.7880,0.0000,949.2000,192.7810,136.2280,0.0000,0.0000,1505.3730
236,1,1,1,67.3970,170.7380,0.0000,949.8150,198.7940,136.9780,0.0000,0.0000,1523.7220
237,1,1,1,63.6680,169.2560,0.0000,952.5050,194.9110,138.7010,0.0000,0.0000,1519.0410
238,1,1,1,61.7350,166.8060,0.0000,945.8460,194.4740,136.8000,0.0000,0.0000,1505.6610
239,1,1,1,63.2800,164.3640,0.0000,945.6370,194.0120,135.3230,0.0000,0.0000,1502.6160
240,1,1,1,61.7290,167.8330,0.0000,959.1940,193.2560,135.4270,0.0000,0.0000,1517.4390
241,1,1,1,62.9410,165.6610,0.0000,949.4950,195.8520,136.5230,0.0000,0.0000,1510.4720
242,1,1,1,65.8270,166.0560,0.0000,952.8000,202.1730,140.4620,0.0000,0.0000,1527.3180
243,1,1,1,63.6620,170.4980,0.0000,947.2550,195.0890,136.2460,0.0000,0.0000,1512.7500
244,1,1,1,62.3880,165.7840,0.0000,946.6270,195.4770,135.0090,0.0000,0.0000,1505.2850
245,1,1,1,61.7720,165.5630,0.0000,952.7630,195.4220,137.1260,0.0000,0.0000,1512.6460
246,1,1,1,61.8150,166.0610,0.0000,957.1140,193.5080,136.4800,0.0000,0.0000,1514.9780
247,0,1,0,61.7970,165.6120,0.0000,946.9480,193.4220,137.6430,0.0000,0.0000,1505.4220
248,1,1,1,62.0740,166.7750,0.0000,956.6280,200.0000,138.5170,0.0000,0.0000,1523.9940
249,1,1,1,64.5900,168.3820,0.0000,951.6870,197.3600,137.9200,0.0000,0.0000,1519.9390
250,1,1,1,64.5420,165.3110,0.0000,947.6980,196.6280,135.2370,0.0000,0.0000,1509.4160
251,1,1,1,62.2900,167.8220,0.0000,952.0190,194.6160,136.2710,0.0000,0.0000,1513.0180
252,1,1,1,59.8340,164.2580,0.0000,952.6770,193.6730,136.9110,0.0000,0.0000,1507.3530
253,1,1,1,62.7010,165.3670,0.0000,947.2310,194.1290,136.7200,0.0000,0.0000,1506.1480
254,1,1,1,62.3810,165.9140,0.0000,954.4990,203.2550,136.8920,0.0000,0.0000,1522.9410
255,1,1,1,62.9170,168.9420,0.0000,948.0000,194.9420,136.1350,0.0000,0.0000,1510.9360
256,1,1,1,62.3880,165.0830,0.0000,952.0250,193.2670,134.4130,0.0000,0.0000,1507.1760
257,1,1,1,62.7200,166.3510,0.0000,952.4740,193.3350,135.5750,0.0000,0.0000,1510.4550
258,1,1,1,62.1600,166.4060,0.0000,947.6990,195.4590,136.9230,0.0000,0.0000,1508.6470
259,0,1,0,61.3540,165.5810,0.0000,945.9810,194.8670,138.2280,0.0000,0.0000,1506.0110
260,0,1,0,61.2370,166.5600,0.0000,975.5690,204.2710,143.8460,0.0000,0.0000,1551.4830
261,1,1,1,62.1780,169.8160,0.0000,948.0000,197.9380,135.3780,0.0000,0.0000,1513.3100
262,1,1,1,63.3660,166.3570,0.0000,945.3290,194.6890,136.8300,0.0000,0.0000,1506.5710
263,1,1,1,62.0250,167.5560,0.0000,947.6740,195.2190,136.6520,0.0000,0.0000,1509.1260
264,1,1,1,63.6190,166.0310,0.0000,949.9200,194.1790,138.6210,0.0000,0.0000,1512.3700
265,1,1,1,62.1790,164.2400,0.0000,945.7420,196.1410,135.5380,0.0000,0.0000,1503.8400
266,1,1,1,62.1720,166.8070,0.0000,958.4000,195.0460,145.7970,0.0000,0.0000,1528.2220
267,1,1,1,62.5410,172.7140,0.0000,959.4090,197.2180,139.6430,0.0000,0.0000,1531.5250
268,1,1,1,63.2000,166.1970,0.0000,961.2180,194.6960,136.6030,0.0000,0.0000,1521.9140
269,1,1,1,62.1300,167.8520,0.0000,950.1100,196.3570,136.2460,0.0000,0.0000,1512.6950
270,1,1,1,63.4650,167.7100,0.0000,946.6340,193.9690,135.0950,0.0000,0.0000,1506.8730
271,1,1,1,62.9910,165.6490,0.0000,946.8370,194.6770,135.6430,0.0000,0.0000,1505.7970
272,1,1,1,61.9080,163.9070,0.0000,949.0900,195.6490,135.4210,0.0000,0.0000,1505.9750
273,1,1,1,62.0300,174.5660,0.0000,948.8670,198.5850,139.3970,0.0000,0.0000,1523.4450
274,1,1,1,64.3390,166.9840,0.0000,951.0530,196.8430,136.6090,0.0000,0.0000,1515.8280
275,0,1,0,63.7970,167.2990,0.0000,960.9230,194.2700,139.0030,0.0000,0.0000,1525.2920
276,1,1,1,63.6240,166.8360,0.0000,950.0860,193.9380,136.5100,0.0000,0.0000,1510.9940
277,1,1,1,62.7750,164.9050,0.0000,949.4090,195.0400,136.4250,0.0000,0.0000,1508.5540
278,0,1,0,62.7140,165.8890,0.0000,952.2890,192.9350,133.8650,0.0000,0.0000,1507.6920
279,1,1,1,62.9660,167.0770,0.0000,953.9450,205.9200,138.0370,0.0000,0.0000,1527.9450
280,1,1,0,63.1200,168.3330,0.0000,951.8590,195.5070,139.7160,0.0000,0.0000,1518.5350
281,1,1,1,64.1110,168.5410,0.0000,956.9600,194.6770,136.2890,0.0000,0.0000,1520.5780
282,1,1,1,63.4770,168.3690,0.0000,950.1970,193.5320,137.1070,0.0000,0.0000,1512.6820
283,1,1,1,62.1720,167.3660,0.0000,946.0500,194.6830,136.5540,0.0000,0.0000,1506.8250
284,1,1,1,63.4890,165.0960,0.0000,946.5790,196.2650,136.3820,0.0000,0.0000,1507.8110
285,1,1,1,61.1390,165.2860,0.0000,952.9050,204.9040,139.2550,0.0000,0.0000,1523.4890
286,1,1,1,63.6370,169.9820,0.0000,946.5480,197.8090,136.0120,0.0000,0.0000,1513.9880
287,1,1,1,62.9970,168.6520,0.0000,946.0430,196.4310,135.6070,0.0000,0.0000,1509.7300
288,0,1,0,62.6950,166.1660,0.0000,947.9140,196.5350,135.3790,0.0000,0.0000,1508.6890
289,1,1,1,62.4250,167.6430,0.0000,949.8580,194.0060,136.5480,0.0000,0.0000,1510.4800
290,1,1,1,61.5070,166.2960,0.0000,946.8000,192.7380,135.8710,0.0000,0.0000,1503.2120
291,1,1,1,62.2470,165.6800,0.0000,956.8300,204.0060,139.4400,0.0000,0.0000,1528.2030
292,1,1,1,66.2220,167.9390,0.0000,949.8400,199.0770,139.8950,0.0000,0.0000,1522.9730
293,1,1,1,64.0860,167.7110,0.0000,949.9940,197.2180,135.7850,0.0000,0.0000,1514.7940
294,1,1,1,62.7940,166.1910,0.0000,952.2400,195.0340,136.4740,0.0000,0.0000,1512.7330
295,1,1,1,62.8980,164.4060,0.0000,960.1600,196.6770,134.5470,0.0000,0.0000,1518.6880
296,1,1,1,61.7970,167.3170,0.0000,960.4180,196.0670,137.3660,0.0000,0.0000,1522.9650
297,1,1,1,62.7570,169.1390,0.0000,947.7480,203.4950,140.3450,0.0000,0.0000,1523.4840
298,1,1,1,63.8280,171.6430,0.0000,946.8370,196.9110,137.9940,0.0000,0.0000,1517.2130
299,0,1,0,63.7970,169.4280,0.0000,949.9320,195.2430,138.7450,0.0000,0.0000,1517.1450
300,1,1,1,64.1410,167.4270,0.0000,947.6120,195.4030,137.1320,0.0000,0.0000,1511.7150
301,1,1,1,63.6430,167.7170,0.0000,950.2710,192.2520,136.9050,0.0000,0.0000,1510.7880
302,1,1,1,62.0680,166.0000,0.0000,954.3810,195.8090,136.1350,0.0000,0.0000,1514.3930
303,1,1,1,63.3850,168.4860,0.0000,951.7350,194.7010,179.9810,0.0000,0.0000,1558.2880
304,1,1,1,62.9660,172.0180,0.0000,950.5040,195.0330,136.9230,0.0000,0.0000,1517.4440
305,1,1,1,62.6580,168.2280,0.0000,952.9540,198.1300,136.4430,0.0000,0.0000,1518.4130
306,1,1,1,62.2830,164.4000,0.0000,952.6770,195.8220,136.6340,0.0000,0.0000,1511.8160
307,1,1,1,63.6180,163.6250,0.0000,952.8860,195.7720,136.8000,0.0000,0.0000,1512.7010
308,1,1,1,63.1010,167.8830,0.0000,946.4180,192.6520,134.8920,0.0000,0.0000,1504.9460
309,1,1,1,61.3170,165.7540,0.0000,952.2220,195.7290,136.1780,0.0000,0.0000,1511.2000
310,1,1,0,63.0400,207.2240,0.0000,955.4400,198.8670,137.1140,0.0000,0.0000,1561.6850
311,1,1,1,63.1570,168.1970,0.0000,946.4240,193.9570,138.1300,0.0000,0.0000,1509.8650
312,1,1,1,62.6890,166.1480,0.0000,951.9260,193.9080,137.2490,0.0000,0.0000,1511.9200
313,1,1,1,62.5850,167.2180,0.0000,950.2400,193.9140,134.8620,0.0000,0.0000,1508.8190
314,1,1,1,63.5630,165.3480,0.0000,950.9230,193.0090,137.6180,0.0000,0.0000,1510.4610
315,1,1,1,63.1880,165.3600,0.0000,946.8250,194.9050,136.5600,0.0000,0.0000,1506.8380
316,1,1,1,61.2430,168.0060,0.0000,949.4520,209.1880,140.4990,0.0000,0.0000,1528.3880
317,1,1,0,63.3540,170.1720,0.0000,952.4560,196.8560,137.7290,0.0000,0.0000,1520.5670
318,1,1,1,61.7660,167.6430,0.0000,953.2740,197.6800,136.8430,0.0000,0.0000,1517.2060
319,0,1,0,62.4250,166.9480,0.0000,949.6730,197.3850,136.3260,0.0000,0.0000,1512.7570
320,1,1,1,63.0340,166.6520,0.0000,944.8980,194.4740,137.3600,0.0000,0.0000,1506.4180
321,1,1,1,61.5500,167.1880,0.0000,947.6550,194.6030,135.4280,0.0000,0.0000,1506.4240
322,1,1,1,63.6670,166.8430,0.0000,957.0890,205.1070,140.3750,0.0000,0.0000,1533.0810
323,1,1,1,61.3540,169.1130,0.0000,950.8490,196.4310,136.4920,0.0000,0.0000,1514.2390
324,1,1,1,63.2920,166.8560,0.0000,951.6550,195.4960,136.9660,0.0000,0.0000,1514.2650
325,1,1,1,63.1440,165.6550,0.0000,949.7360,195.9690,138.2900,0.0000,0.0000,1512.7940
326,1,1,1,63.6920,167.1700,0.0000,951.0590,194.9790,134.5230,0.0000,0.0000,1511.4230
327,1,1,1,62.5790,167.1200,0.0000,949.9570,193.8090,138.6950,0.0000,0.0000,1512.1600
328,1,1,1,61.7970,164.9720,0.0000,944.7570,200.6890,138.8060,0.0000,0.0000,1511.0210
329,1,1,1,63.0830,168.0550,0.0000,945.2190,195.9510,138.2090,0.0000,0.0000,1510.5170
330,1,1,1,62.8610,165.9820,0.0000,953.5200,196.4920,136.1050,0.0000,0.0000,1514.9600
331,1,1,1,61.7720,166.8000,0.0000,950.9230,193.2300,138.3010,0.0000,0.0000,1511.0260
332,1,1,1,61.4520,164.4370,0.0000,945.8340,194.6520,135.1510,0.0000,0.0000,1501.5260
333,0,1,0,62.9730,167.4030,0.0000,945.5500,193.0580,136.3880,0.0000,0.0000,1505.3720
334,1,1,1,62.6770,165.0710,0.0000,946.4920,234.6890,139.7850,0.0000,0.0000,1548.7140
335,1,1,1,63.6370,169.2740,0.0000,951.1320,195.9870,137.0960,0.0000,0.0000,1517.1260
336,1,1,1,62.6580,168.3690,0.0000,951.5200,195.4590,136.0550,0.0000,0.0000,1514.0610
337,0,1,1,62.1910,167.7910,0.0000,946.5970,194.0180,135.8590,0.0000,0.0000,1506.4560
338,1,1,1,63.7050,165.2740,0.0000,945.6000,193.9930,136.8610,0.0000,0.0000,1505.4330
339,1,1,1,61.7410,164.4990,0.0000,945.6670,195.1450,136.2160,0.0000,0.0000,1503.2680
340,1,1,1,63.1140,164.6160,0.0000,949.7910,194.7690,137.8280,0.0000,0.0000,1510.1180
341,1,1,1,114.3010,175.1080,0.0000,947.4090,198.8310,141.1020,0.0000,0.0000,1576.7510
342,1,1,1,65.8330,168.8860,0.0000,946.2160,193.6190,134.8560,0.0000,0.0000,1509.4100
343,1,1,1,60.5410,164.1040,0.0000,953.9570,193.2500,137.0520,0.0000,0.0000,1508.9040
344,1,1,1,60.3200,166.5780,0.0000,960.6890,193.3230,134.6950,0.0000,0.0000,1515.6050
345,1,1,1,63.2070,166.5170,0.0000,956.8860,194.0860,133.9200,0.0000,0.0000,1514.6160
346,1,1,1,62.6710,167.0220,0.0000,947.4710,195.3850,135.5570,0.0000,0.0000,1508.1060
347,1,1,1,62.2950,165.3850,0.0000,951.7960,198.7320,136.9420,0.0000,0.0000,1515.1500
348,1,1,1,62.3880,169.6240,0.0000,951.3290,194.1350,136.3390,0.0000,0.0000,1513.8150
349,1,1,1,62.7270,167.6680,0.0000,948.1540,193.8890,134.5480,0.0000,0.0000,1506.9860
350,1,1,1,63.5820,165.5440,0.0000,960.9910,193.4890,137.1750,0.0000,0.0000,1520.7810
351,1,1,0,62.2770,167.5500,0.0000,945.5690,193.5380,135.4220,0.0000,0.0000,1504.3560
352,1,1,1,61.9200,165.6430,0.0000,945.3230,192.7880,136.8060,0.0000,0.0000,1502.4800
353,1,1,1,62.7940,167.1260,0.0000,953.6980,205.7170,140.7070,0.0000,0.0000,1530.0420
354,1,1,1,64.3390,169.4590,0.0000,950.2280,196.7200,137.7850,0.0000,0.0000,1518.5310
355,0,1,0,61.4090,168.0190,0.0000,960.6150,195.2120,135.9010,0.0000,0.0000,1521.1560
356,1,1,1,63.0710,164.4060,0.0000,952.3510,192.5660,136.1480,0.0000,0.0000,1508.5420
357,1,1,1,62.5970,167.7660,0.0000,945.4950,193.6860,137.6180,0.0000,0.0000,1507.1620
358,1,1,1,63.8650,164.8000,0.0000,952.7510,194.9050,136.5230,0.0000,0.0000,1512.8440
359,1,1,1,61.4830,167.2370,0.0000,957.4030,204.1170,139.2620,0.0000,0.0000,1529.5020
360,1,1,1,62.8550,169.6620,0.0000,950.4990,197.4100,137.9260,0.0000,0.0000,1518.3520
361,1,1,1,63.7540,167.8090,0.0000,961.6000,195.9570,133.2120,0.0000,0.0000,1522.3320
362,1,1,1,62.6330,165.4030,0.0000,945.7970,193.0090,134.8430,0.0000,0.0000,1501.6850
363,1,1,1,62.2950,166.2090,0.0000,947.7480,196.1230,136.3500,0.0000,0.0000,1508.7250
364,0,1,0,60.4680,166.1110,0.0000,954.7440,193.4710,134.8490,0.0000,0.0000,1509.6430
365,1,1,1,62.6400,165.3730,0.0000,950.9670,200.4990,139.3050,0.0000,0.0000,1518.7840
366,1,1,1,65.5570,167.9260,0.0000,947.2800,195.8460,136.8610,0.0000,0.0000,1513.4700
367,1,1,1,61.9940,165.8900,0.0000,952.0680,194.3140,137.1390,0.0000,0.0000,1511.4050
368,1,1,1,61.5140,163.8150,0.0000,944.6470,196.7570,135.3840,0.0000,0.0000,1502.1170
369,1,1,1,63.9450,166.3510,0.0000,947.1870,195.2130,135.7360,0.0000,0.0000,1508.4320
370,1,1,1,62.3080,166.4310,0.0000,951.5130,193.8270,137.1700,0.0000,0.0000,1511.2490
371,1,1,1,63.3230,166.8490,0.0000,944.9480,193.1750,179.8150,0.0000,0.0000,1548.1100
372,1,1,1,64.0310,170.7820,0.0000,950.0800,196.4490,136.2210,0.0000,0.0000,1517.5630
373,1,1,1,62.6830,168.3080,0.0000,953.3300,194.9100,136.7940,0.0000,0.0000,1516.0250
374,1,1,1,63.0710,164.3940,0.0000,944.7570,195.2560,136.9420,0.0000,0.0000,1504.4200
375,1,1,1,62.6270,164.2830,0.0000,947.7970,196.2710,134.6030,0.0000,0.0000,1505.5810
376,1,1,1,62.6150,165.4460,0.0000,944.6580,194.3570,134.3870,0.0000,0.0000,1501.4630
377,1,1,1,61.0220,167.0210,0.0000,944.8490,195.4520,135.3170,0.0000,0.0000,1503.6610
378,1,1,1,62.7880,205.5690,0.0000,948.4490,196.3140,136.1230,0.0000,0.0000,1549.2430
379,1,1,1,61.7540,166.8500,0.0000,958.3070,197.3170,136.1350,0.0000,0.0000,1520.3630
380,1,1,1,63.1630,166.7320,0.0000,958.9850,193.2560,135.9570,0.0000,0.0000,1518.0930
381,0,1,0,63.0210,166.0430,0.0000,950.6640,193.0460,134.6950,0.0000,0.0000,1507.4690
382,1,1,1,62.1530,166.9420,0.0000,949.0150,194.2590,133.4830,0.0000,0.0000,1505.8520
383,1,1,1,61.0150,166.2900,0.0000,949.6060,193.5070,135.5930,0.0000,0.0000,1506.0110
384,1,1,1,62.2770,166.5170,0.0000,960.3510,200.5540,138.7820,0.0000,0.0000,1528.4810
385,0,1,0,62.8740,167.5630,0.0000,945.9010,194.2770,136.7010,0.0000,0.0000,1507.3160
386,1,1,1,63.0220,164.7810,0.0000,945.5440,195.5260,136.1410,0.0000,0.0000,1505.0140
387,1,1,1,62.7880,164.6280,0.0000,949.4470,194.9910,134.4240,0.0000,0.0000,1506.2780
388,1,1,1,62.0490,166.2710,0.0000,949.6060,193.1940,135.2870,0.0000,0.0000,1506.4070
389,1,1,1,63.6310,166.6640,0.0000,947.6860,193.9260,135.4890,0.0000,0.0000,1507.3960
390,1,1,1,63.4090,163.6310,0.0000,951.8220,202.6530,141.3230,0.0000,0.0000,1522.8380
391,1,1,1,63.6490,168.8610,0.0000,947.8030,196.9100,136.2220,0.0000,0.0000,1513.4450
392,1,1,0,64.0990,168.7820,0.0000,946.4930,195.1260,135.8090,0.0000,0.0000,1510.3090
393,1,1,1,63.2240,167.2680,0.0000,953.7480,195.9320,135.5130,0.0000,0.0000,1515.6850
394,1,1,1,64.3690,166.3200,0.0000,959.8210,193.6370,136.4120,0.0000,0.0000,1520.5590
395,1,1,1,61.8220,164.9170,0.0000,948.5110,192.7880,137.4710,0.0000,0.0000,1505.5090
396,1,1,1,62.6710,166.9230,0.0000,959.2370,202.4000,140.4180,0.0000,0.0000,1531.6490
397,1,1,1,62.6890,170.5720,0.0000,947.0830,196.7570,138.0610,0.0000,0.0000,1515.1620
398,1,1,1,62.4120,167.4400,0.0000,948.1050,198.5110,137.7540,0.0000,0.0000,1514.2220
399,1,1,1,61.5140,166.1290,0.0000,950.5420,193.9070,137.2190,0.0000,0.0000,1509.3110
400,1,1,1,63.1200,168.2460,0.0000,950.4000,194.6270,135.9690,0.0000,0.0000,1512.3620
401,1,1,1,60.2220,165.5870,0.0000,948.0500,193.1270,136.2580,0.0000,0.0000,1503.2440
402,1,1,1,62.7070,166.7570,0.0000,950.0740,243.3110,139.9440,0.0000,0.0000,1562.7930
403,1,1,1,64.2520,173.6920,0.0000,961.0830,308.3260,195.5080,0.0000,0.0000,1702.8610
404,1,1,1,86.6220,224.3440,0.0000,977.4220,322.8860,189.9690,0.0000,0.0000,1801.2430
405,1,1,0,78.6900,215.6800,0.0000,970.8000,244.4560,189.6550,0.0000,0.0000,1699.2810
406,1,1,1,87.3170,219.6240,0.0000,963.1820,244.4920,165.8770,0.0000,0.0000,1680.4920
407,1,1,1,71.2430,182.8120,0.0000,960.7500,205.9380,147.8160,0.0000,0.0000,1568.5590
408,1,1,1,64.3260,174.3820,0.0000,953.7970,228.4000,150.8920,0.0000,0.0000,1571.7970
409,1,1,1,66.6090,178.1230,0.0000,953.7420,202.6090,141.6250,0.0000,0.0000,1542.7080
410,1,1,1,64.7810,169.2310,0.0000,953.7540,196.9170,137.0340,0.0000,0.0000,1521.7170
411,1,1,1,63.5070,169.6370,0.0000,952.0310,196.3570,137.1260,0.0000,0.0000,1518.6580
412,1,1,1,62.4000,167.1870,0.0000,949.0700,195.1870,137.5820,0.0000,0.0000,1511.4260
413,0,1,0,63.2680,165.9260,0.0000,958.6830,195.1390,139.5440,0.0000,0.0000,1522.5600
414,1,1,1,62.3200,167.8340,0.0000,946.0740,209.0030,141.8950,0.0000,0.0000,1527.1260
415,1,1,1,64.4060,173.5630,0.0000,951.2190,196.4430,137.6370,0.0000,0.0000,1523.2680
416,1,1,1,63.4650,170.0190,0.0000,948.1910,195.1200,135.7910,0.0000,0.0000,1512.5860
417,1,1,1,64.3140,168.6270,0.0000,946.9040,197.4960,137.1320,0.0000,0.0000,1514.4730
418,0,1,0,61.6370,167.6370,0.0000,950.1410,195.2250,136.2280,0.0000,0.0000,1510.8680
419,1,1,1,63.2490,165.6180,0.0000,950.2280,195.3970,133.9080,0.0000,0.0000,1508.4000
420,0,1,0,60.4190,165.6490,0.0000,957.2120,216.8740,143.5390,0.0000,0.0000,1543.6930
421,1,1,0,64.7260,171.9380,0.0000,953.0830,200.6150,139.7850,0.0000,0.0000,1530.1470
422,1,1,1,62.8800,167.7300,0.0000,952.6470,195.8220,136.8190,0.0000,0.0000,1515.8980
423,1,1,1,62.8180,167.4710,0.0000,954.5480,195.5880,138.5540,0.0000,0.0000,1518.9790
424,0,1,0,64.0000,165.4950,0.0000,952.8190,195.7840,136.9790,0.0000,0.0000,1515.0770
425,1,1,1,62.5660,164.9480,0.0000,946.9230,193.1570,135.7660,0.0000,0.0000,1503.3600
426,1,1,1,63.5690,165.3050,0.0000,951.8830,257.9700,147.3850,0.0000,0.0000,1586.1120
427,1,1,1,66.1840,178.4550,0.0000,952.5600,201.4710,140.7570,0.0000,0.0000,1539.4270
428,1,1,1,62.1530,169.6250,0.0000,948.5970,196.8800,137.5080,0.0000,0.0000,1514.7630
429,1,1,0,62.7750,167.4090,0.0000,949.1810,193.9390,136.9290,0.0000,0.0000,1510.2330
430,1,1,1,63.0460,166.8370,0.0000,947.7420,195.2490,136.7380,0.0000,0.0000,1509.6120
431,1,1,1,63.0890,167.0470,0.0000,950.0920,194.5360,137.4640,0.0000,0.0000,1512.2280
432,1,1,1,63.9810,168.0000,0.0000,949.7170,192.8860,183.3480,0.0000,0.0000,1557.9320
433,1,1,1,68.5350,176.3260,0.0000,961.0400,200.2520,138.9850,0.0000,0.0000,1545.1380
434,1,1,1,63.1260,167.9760,0.0000,951.5140,198.1840,138.1970,0.0000,0.0000,1518.9970
435,1,1,1,64.0920,166.0800,0.0000,958.7330,197.1880,136.5290,0.0000,0.0000,1522.6220
436,0,1,0,62.5100,167.1450,0.0000,948.1910,191.9320,136.7630,0.0000,0.0000,1506.5410
437,1,1,1,63.1200,166.1170,0.0000,945.8900,193.3540,134.8920,0.0000,0.0000,1503.3730
438,0,1,0,62.8860,165.1140,0.0000,946.3260,193.8340,135.0030,0.0000,0.0000,1503.1630
439,1,1,1,62.5230,209.1820,0.0000,952.8740,200.8610,140.0490,0.0000,0.0000,1565.4890
440,1,1,1,62.2640,166.1290,0.0000,950.4310,198.5170,137.8460,0.0000,0.0000,1515.1870
441,1,1,0,63.5380,166.2580,0.0000,944.3140,193.6000,138.3570,0.0000,0.0000,1506.0670
442,1,1,1,63.7670,166.8300,0.0000,948.1360,193.6920,136.2960,0.0000,0.0000,1508.7210
443,1,1,1,61.8710,167.3540,0.0000,946.6220,192.7940,137.3720,0.0000,0.0000,1506.0130
444,1,1,1,63.1630,166.3330,0.0000,957.0770,194.0120,139.0710,0.0000,0.0000,1519.6560
445,1,1,1,61.7970,168.5600,0.0000,954.6520,202.5100,138.1170,0.0000,0.0000,1525.6360
446,0,1,0,62.8490,169.2740,0.0000,960.8190,196.0250,136.0000,0.0000,0.0000,1524.9670
447,1,1,1,62.7130,165.6490,0.0000,951.1940,194.0370,135.0280,0.0000,0.0000,1508.6210
448,1,1,1,62.1910,167.1940,0.0000,946.2890,195.9020,134.3390,0.0000,0.0000,1505.9150
449,0,1,0,62.7570,165.4460,0.0000,943.7110,194.5730,136.4430,0.0000,0.0000,1502.9300
450,1,1,1,63.3050,166.0370,0.0000,947.3780,194.3750,136.8740,0.0000,0.0000,1507.9690
451,1,1,1,61.0090,166.0180,0.0000,951.2430,202.9040,139.5260,0.0000,0.0000,1520.7000
452,1,1,1,62.6650,167.3040,0.0000,947.1870,194.5170,137.4700,0.0000,0.0000,1509.1430
453,1,1,1,63.3480,165.2300,0.0000,945.1070,194.7390,136.4980,0.0000,0.0000,1504.9220
454,0,1,0,61.5630,166.9110,0.0000,943.9690,194.9360,137.2370,0.0000,0.0000,1504.6160
455,1,1,1,62.8610,167.0220,0.0000,947.5070,195.6190,137.0770,0.0000,0.0000,1510.0860
456,1,1,1,62.6770,167.7540,0.0000,948.6340,194.3450,134.2950,0.0000,0.0000,1507.7050
457,1,1,1,62.0980,166.4120,0.0000,953.1450,201.0090,139.6060,0.0000,0.0000,1522.2700
458,1,1,1,62.4490,167.9380,0.0000,952.1170,196.1910,136.7760,0.0000,0.0000,1515.4710
459,0,1,1,62.5850,167.4280,0.0000,948.9360,196.2340,137.0590,0.0000,0.0000,1512.2420
460,1,1,1,62.0620,167.2800,0.0000,952.0860,195.1500,135.5570,0.0000,0.0000,1512.1350
461,1,1,1,64.0120,167.0580,0.0000,951.1330,195.2550,136.0680,0.0000,0.0000,1513.5260
462,0,1,0,65.4340,164.6030,0.0000,952.4920,192.4860,135.7660,0.0000,0.0000,1510.7810
463,1,1,1,61.8520,166.7380,0.0000,951.5510,270.7450,146.0250,0.0000,0.0000,1596.9110
464,1,1,1,65.0830,177.2190,0.0000,961.0710,200.3940,137.9510,0.0000,0.0000,1541.7180
465,1,1,1,62.7690,167.4710,0.0000,961.0340,195.2920,136.8500,0.0000,0.0000,1523.4160
466,1,1,1,63.2610,165.8890,0.0000,951.4460,195.5820,136.4800,0.0000,0.0000,1512.6580
467,1,1,1,61.2860,165.5330,0.0000,951.7910,194.5160,138.0680,0.0000,0.0000,1511.1940
468,1,1,1,63.8220,166.1910,0.0000,956.0680,193.8830,137.1940,0.0000,0.0000,1517.1580
469,1,1,1,62.7690,166.4500,0.0000,950.9720,196.2470,176.4310,0.0000,0.0000,1552.8690
470,1,1,1,69.2120,170.2830,0.0000,952.1790,196.6890,138.3320,0.0000,0.0000,1526.6950
471,1,1,1,63.3850,166.2830,0.0000,946.0180,195.6370,136.8670,0.0000,0.0000,1508.1900
472,1,1,1,63.3100,165.8950,0.0000,948.1110,194.5660,135.2130,0.0000,0.0000,1507.0950
473,1,1,1,62.9480,169.1140,0.0000,948.7450,192.8800,135.1200,0.0000,0.0000,1508.8070
474,0,1,1,62.1910,166.0680,0.0000,946.4920,194.5540,137.1690,0.0000,0.0000,1506.4740
475,1,1,1,62.7820,168.1660,0.0000,947.6440,196.2280,135.3780,0.0000,0.0000,1510.1980
476,0,1,1,62.7450,200.5360,0.0000,949.3290,202.0370,139.3790,0.0000,0.0000,1554.0260
477,1,1,1,62.8800,169.0770,0.0000,948.0860,198.0620,136.4980,0.0000,0.0000,1514.6030
478,0,1,0,63.0830,165.9570,0.0000,944.7510,196.0060,135.9940,0.0000,0.0000,1505.7910
479,1,1,1,60.6650,165.3170,0.0000,954.0740,194.0800,138.3500,0.0000,0.0000,1512.4860
480,1,1,1,61.9810,166.3070,0.0000,946.8000,194.1910,135.2430,0.0000,0.0000,1504.5220
481,1,1,1,63.1070,165.9810,0.0000,944.5840,195.9700,135.0280,0.0000,0.0000,1504.6700
482,1,1,1,64.9170,167.7670,0.0000,952.1660,203.5130,139.6370,0.0000,0.0000,1528.0000
483,1,1,1,62.7760,168.7450,0.0000,948.1540,197.6920,138.1600,0.0000,0.0000,1515.5270
484,1,1,1,61.6000,166.3630,0.0000,950.2270,194.5050,136.7020,0.0000,0.0000,1509.3970
485,1,1,0,62.3140,166.6400,0.0000,946.4430,194.8990,137.7720,0.0000,0.0000,1508.0680
486,1,1,1,63.1200,166.8620,0.0000,949.6310,193.9510,137.0160,0.0000,0.0000,1510.5800
487,1,1,1,63.1440,165.8340,0.0000,949.9080,194.5480,136.4060,0.0000,0.0000,1509.8400
488,1,1,0,62.3570,165.5320,0.0000,952.5850,204.3820,138.0370,0.0000,0.0000,1522.8930
489,1,1,1,62.4130,167.6060,0.0000,950.3140,195.6670,136.2890,0.0000,0.0000,1512.2890
490,1,1,1,61.7780,164.8180,0.0000,953.7350,195.1630,136.2770,0.0000,0.0000,1511.7710
491,1,1,1,63.2930,169.2130,0.0000,946.5850,197.1320,136.2710,0.0000,0.0000,1512.4940
492,0,1,0,64.0250,166.4620,0.0000,945.2000,196.4560,136.7700,0.0000,0.0000,1508.9130
493,1,1,1,61.9140,166.9410,0.0000,950.2650,191.6060,136.2590,0.0000,0.0000,1506.9850
494,0,1,0,61.6500,166.5470,0.0000,954.1410,207.0890,138.2280,0.0000,0.0000,1527.6550
495,1,1,1,64.0060,169.1260,0.0000,951.6310,198.2710,139.9200,0.0000,0.0000,1522.9540
496,1,1,1,63.4950,165.1700,0.0000,950.8500,196.6760,136.0190,0.0000,0.0000,1512.2100
497,1,1,1,63.0960,166.7510,0.0000,948.2460,194.7200,137.3470,0.0000,0.0000,1510.1600
498,1,1,1,60.9730,167.8760,0.0000,950.7450,195.1630,136.7630,0.0000,0.0000,1511.5200
499,1,1,1,62.1840,166.4300,0.0000,948.8800,196.0240,135.5630,0.0000,0.0000,1509.0810
500,1,1,1,62.5110,166.9050,0.0000,945.8950,194.7380,147.0830,0.0000,0.0000,1517.1320
501,1,1,1,64.4000,172.4310,0.0000,954.2030,196.8980,137.3170,0.0000,0.0000,1525.2490
502,1,1,1,63.1080,169.6680,0.0000,952.2280,194.3630,137.9080,0.0000,0.0000,1517.2750
503,1,1,1,62.3380,170.2030,0.0000,947.1500,194.7200,136.9670,0.0000,0.0000,1511.3780
504,1,1,1,64.2150,167.1380,0.0000,954.1530,193.1880,137.1440,0.0000,0.0000,1515.8380
505,1,1,1,62.4240,168.7810,0.0000,958.3020,194.4990,135.9940,0.0000,0.0000,1520.0000
506,1,1,1,61.7360,167.6870,0.0000,956.3020,194.4490,134.5350,0.0000,0.0000,1514.7090
507,0,1,0,101.4530,173.6860,0.0000,953.2120,195.7600,137.8100,0.0000,0.0000,1561.9210
508,1,1,1,63.1870,169.3910,0.0000,948.1900,195.4150,137.4700,0.0000,0.0000,1513.6530
509,1,1,1,62.7200,168.2400,0.0000,951.2250,195.5260,136.4610,0.0000,0.0000,1514.1720
510,1,1,1,61.6000,168.3940,0.0000,949.7300,196.2530,137.4830,0.0000,0.0000,1513.4600
511,1,1,1,63.0770,168.1540,0.0000,944.0550,194.1840,135.9630,0.0000,0.0000,1505.4330
512,1,1,0,60.9660,165.7360,0.0000,951.2920,194.3260,136.7630,0.0000,0.0000,1509.0830
513,1,1,1,61.5760,165.4700,0.0000,957.5760,202.6650,138.6960,0.0000,0.0000,1525.9830
514,1,1,1,62.6030,168.3930,0.0000,950.0490,198.1050,138.0990,0.0000,0.0000,1517.2490
515,1,1,1,62.4360,167.7790,0.0000,950.4250,197.8460,136.7270,0.0000,0.0000,1515.2130
516,1,1,1,62.8800,166.7510,0.0000,949.2740,197.4220,135.4270,0.0000,0.0000,1511.7540
517,0,1,0,62.6090,167.1020,0.0000,947.7420,194.7810,136.6150,0.0000,0.0000,1508.8490
518,1,1,1,61.5450,167.4830,0.0000,948.3020,193.2860,136.6210,0.0000,0.0000,1507.2370
519,1,1,1,62.1780,165.5880,0.0000,951.0830,237.9140,152.8430,0.0000,0.0000,1569.6060
520,1,1,1,68.6030,180.0800,0.0000,962.0550,202.9910,142.5040,0.0000,0.0000,1556.2330
521,1,1,1,64.6150,172.0610,0.0000,962.1350,198.9410,137.5260,0.0000,0.0000,1535.2780
522,1,1,1,62.3260,168.7810,0.0000,950.0730,196.3080,138.0730,0.0000,0.0000,1515.5610
523,1,1,1,63.4710,166.9160,0.0000,957.9940,194.7510,138.3880,0.0000,0.0000,1521.5200
524,1,1,1,61.8400,166.1600,0.0000,946.2270,195.2800,136.2100,0.0000,0.0000,1505.7170
525,1,1,1,62.4180,167.4280,0.0000,959.2430,210.0250,141.8100,0.0000,0.0000,1540.9240
526,1,1,1,65.5200,171.9070,0.0000,945.2250,196.1660,138.2160,0.0000,0.0000,1517.0340
527,1,1,1,64.1790,169.6920,0.0000,949.7850,197.0040,135.9880,0.0000,0.0000,1516.6480
528,1,1,1,63.2370,167.3050,0.0000,944.8370,195.5940,135.4770,0.0000,0.0000,1506.4500
529,1,1,1,62.7940,167.4030,0.0000,950.5900,196.4440,139.5510,0.0000,0.0000,1516.7820
530,1,1,1,62.0370,166.7750,0.0000,946.7380,193.3230,136.3880,0.0000,0.0000,1505.2610
531,1,1,1,61.9140,164.2400,0.0000,946.8680,203.8340,139.7360,0.0000,0.0000,1516.5920
532,1,1,1,62.9850,167.3540,0.0000,948.7570,196.9040,138.8800,0.0000,0.0000,1514.8800
533,1,1,1,62.4120,168.2280,0.0000,960.6650,197.2240,138.2220,0.0000,0.0000,1526.7510
534,0,1,0,63.0900,168.7940,0.0000,949.9690,194.7260,135.3730,0.0000,0.0000,1511.9520
535,1,1,1,61.7160,166.0620,0.0000,946.3260,195.3360,137.4830,0.0000,0.0000,1506.9230
536,0,1,0,62.4120,166.5540,0.0000,946.5600,193.9080,135.8760,0.0000,0.0000,1505.3100
537,1,1,1,62.1720,167.3170,0.0000,950.5850,253.1260,141.4030,0.0000,0.0000,1574.6030
538,1,1,1,63.3170,172.8800,0.0000,954.2090,197.9070,137.0530,0.0000,0.0000,1525.3660
539,1,1,1,62.1660,166.2640,0.0000,951.3970,196.4620,138.5230,0.0000,0.0000,1514.8120
540,1,1,1,64.0430,168.8860,0.0000,947.9080,200.0300,137.2740,0.0000,0.0000,1518.1410
541,1,1,1,62.9910,168.0430,0.0000,948.6890,195.1690,136.6520,0.0000,0.0000,1511.5440
542,0,1,0,64.4860,167.9880,0.0000,947.1810,194.3630,135.5880,0.0000,0.0000,1509.6060
543,1,1,1,62.1720,165.4030,0.0000,945.5380,195.0030,137.5570,0.0000,0.0000,1505.6730
544,1,1,0,69.0150,169.8150,0.0000,951.2800,197.2130,138.7630,0.0000,0.0000,1526.0860
545,0,1,0,64.5480,169.8210,0.0000,950.7440,197.4470,138.7140,0.0000,0.0000,1521.2740
546,1,1,1,63.8460,168.4680,0.0000,960.8490,194.4000,137.4150,0.0000,0.0000,1524.9780
547,0,1,0,62.1410,167.1260,0.0000,949.3050,194.7820,135.3970,0.0000,0.0000,1508.7510
548,1,1,1,62.7380,168.1110,0.0000,951.4830,195.0900,135.4650,0.0000,0.0000,1512.8870
549,1,1,1,62.7700,165.5930,0.0000,948.3940,195.6060,137.9820,0.0000,0.0000,1510.3450
550,0,1,0,63.1080,207.5380,0.0000,955.2990,205.6920,141.3720,0.0000,0.0000,1573.0090
551,0,1,0,64.8190,171.2990,0.0000,947.4590,197.1510,138.4190,0.0000,0.0000,1519.1470
552,1,1,1,62.6400,168.1660,0.0000,950.1470,194.6030,138.7440,0.0000,0.0000,1514.3000
553,1,1,1,64.7320,167.4220,0.0000,949.7170,195.6000,137.0460,0.0000,0.0000,1514.5170
554,1,1,1,63.5880,164.3930,0.0000,960.2400,196.2770,138.1900,0.0000,0.0000,1522.6880
555,1,1,1,61.8710,167.3230,0.0000,953.2920,195.4090,135.3050,0.0000,0.0000,1513.2000
556,0,1,0,62.4930,165.9330,0.0000,951.1260,202.9300,140.9050,0.0000,0.0000,1523.3870
557,0,1,1,64.1050,169.2310,0.0000,951.6360,197.1810,139.6730,0.0000,0.0000,1521.8260
558,1,1,1,62.9350,169.7350,0.0000,959.5510,195.4270,136.3760,0.0000,0.0000,1524.0240
559,1,1,1,62.2090,167.5260,0.0000,948.4670,196.3690,136.6090,0.0000,0.0000,1511.1800
560,1,1,1,64.5540,166.7940,0.0000,945.0460,195.3540,136.9170,0.0000,0.0000,1508.6650
561,1,1,1,61.2550,169.3050,0.0000,958.0620,196.0060,137.5750,0.0000,0.0000,1522.2030
562,1,1,1,61.8150,165.7170,0.0000,951.1320,201.2370,137.8580,0.0000,0.0000,1517.7590
563,1,1,1,63.6250,169.6550,0.0000,946.3570,194.8620,135.8900,0.0000,0.0000,1510.3890
564,1,1,1,61.2740,166.1350,0.0000,958.8610,197.0580,138.0740,0.0000,0.0000,1521.4020
565,1,1,1,63.4640,167.4580,0.0000,948.1230,195.6240,137.5080,0.0000,0.0000,1512.1770
566,1,1,1,62.3320,166.9850,0.0000,949.3900,194.8430,138.4370,0.0000,0.0000,1511.9870
567,0,1,0,60.4250,166.4860,0.0000,958.6650,195.1560,133.9200,0.0000,0.0000,1514.6520
568,1,1,1,62.0130,165.6000,0.0000,961.8400,216.8060,144.2220,0.0000,0.0000,1550.4810
569,0,1,0,64.1660,171.2620,0.0000,952.3200,199.8770,139.6800,0.0000,0.0000,1527.3050
570,1,1,1,63.5630,167.3910,0.0000,948.7880,195.5330,138.1970,0.0000,0.0000,1513.4720
571,0,1,0,64.3330,166.3140,0.0000,957.3660,194.2590,137.2550,0.0000,0.0000,1519.5270
572,1,1,1,63.2370,167.0770,0.0000,945.7480,197.5450,138.3940,0.0000,0.0000,1512.0010
573,0,1,0,62.3880,166.2960,0.0000,947.2680,195.9940,138.1970,0.0000,0.0000,1510.1430
574,0,1,1,61.6000,167.0890,0.0000,951.9440,256.4870,141.1570,0.0000,0.0000,1578.2770
575,1,1,1,64.3760,173.6550,0.0000,948.3500,196.1780,138.1970,0.0000,0.0000,1520.7560
576,1,1,1,65.2740,167.6250,0.0000,957.9320,197.2310,136.3690,0.0000,0.0000,1524.4310
577,1,1,1,61.9020,167.9020,0.0000,951.6860,195.1500,135.5380,0.0000,0.0000,1512.1780
578,0,1,0,63.2550,166.0870,0.0000,949.8830,244.3570,159.7230,0.0000,0.0000,1583.3050
579,1,1,1,69.1880,181.2060,0.0000,956.1540,203.7900,143.6560,0.0000,0.0000,1553.9940
580,0,1,0,63.4520,172.5470,0.0000,954.2400,247.3970,143.2620,0.0000,0.0000,1580.8980
581,1,1,1,64.1790,176.1780,0.0000,953.5940,200.6830,137.9510,0.0000,0.0000,1532.5850
582,1,1,1,63.4340,169.9010,0.0000,953.1630,198.1350,138.2150,0.0000,0.0000,1522.8480
583,1,1,1,63.1010,166.4060,0.0000,946.6220,195.3790,138.9540,0.0000,0.0000,1510.4620
584,1,1,1,64.1600,168.3810,0.0000,948.3260,196.0920,136.9600,0.0000,0.0000,1513.9190
585,1,1,1,62.3070,166.8440,0.0000,949.1010,195.0040,136.5040,0.0000,0.0000,1509.7600
586,0,1,0,62.9050,167.9810,0.0000,949.3230,195.7420,135.5820,0.0000,0.0000,1511.5330
587,1,1,1,71.3290,172.6650,0.0000,949.8340,198.7260,139.9200,0.0000,0.0000,1532.4740
588,1,1,1,62.0500,168.6770,0.0000,960.0000,198.6460,136.2400,0.0000,0.0000,1525.6130
589,1,1,1,63.4580,167.3050,0.0000,943.7230,195.1020,136.1300,0.0000,0.0000,1505.7180
590,1,1,1,60.9730,165.7910,0.0000,948.8430,195.5450,134.6640,0.0000,0.0000,1505.8160
591,1,1,1,62.0250,164.7270,0.0000,944.4740,192.4180,136.8610,0.0000,0.0000,1500.5050
592,0,1,1,64.4550,166.4120,0.0000,945.6550,195.7720,136.9540,0.0000,0.0000,1509.2480
593,1,1,1,61.9260,165.9380,0.0000,951.8400,203.7720,139.8650,0.0000,0.0000,1523.3410
594,1,1,1,62.6580,171.1200,0.0000,947.9560,196.9170,137.2370,0.0000,0.0000,1515.8880
595,1,1,1,63.1010,167.0590,0.0000,959.2860,195.7600,138.6030,0.0000,0.0000,1523.8090
596,1,1,1,61.2800,164.6760,0.0000,960.0000,195.4100,135.1940,0.0000,0.0000,1516.5600
597,0,1,0,62.1660,168.3380,0.0000,949.8770,195.6740,135.9930,0.0000,0.0000,1512.0480
598,1,1,1,62.9840,166.5420,0.0000,947.0220,196.5230,136.2090,0.0000,0.0000,1509.2800
599,1,1,1,62.1970,167.6060,0.0000,947.2310,204.1360,140.4180,0.0000,0.0000,1521.5880
600,1,1,1,65.2800,168.3270,0.0000,945.5200,196.4620,137.2430,0.0000,0.0000,1512.8320
601,1,1,1,63.4090,166.1050,0.0000,948.5600,197.3790,137.2120,0.0000,0.0000,1512.6650
602,1,1,1,61.2680,167.5510,0.0000,951.3970,195.2500,136.5790,0.0000,0.0000,1512.0450
603,1,1,1,64.2890,167.2800,0.0000,951.0220,195.7230,135.9080,0.0000,0.0000,1514.2220
604,1,1,1,62.0620,164.5970,0.0000,960.7020,193.9820,135.4960,0.0000,0.0000,1516.8390
605,1,1,1,61.3170,166.5040,0.0000,960.2150,206.1110,142.1970,0.0000,0.0000,1536.3440
606,1,1,1,63.1940,171.3170,0.0000,949.5270,198.9850,139.1260,0.0000,0.0000,1522.1490
607,1,1,1,64.5540,168.4250,0.0000,948.4620,194.6280,138.9720,0.0000,0.0000,1515.0410
608,0,1,0,64.2700,166.9780,0.0000,949.4890,194.3330,136.4190,0.0000,0.0000,1511.4890
609,1,1,1,62.4430,164.6650,0.0000,948.4000,194.0550,136.8610,0.0000,0.0000,1506.4240
610,1,1,0,62.2530,166.1170,0.0000,960.3820,197.7480,136.8310,0.0000,0.0000,1523.3310
611,1,1,1,63.2430,167.0650,0.0000,952.6210,208.8610,142.5230,0.0000,0.0000,1534.3130
612,1,1,1,63.8830,168.7450,0.0000,948.6650,196.8620,138.7450,0.0000,0.0000,1516.9000
613,1,1,1,62.5230,168.4620,0.0000,949.2190,197.1880,135.2000,0.0000,0.0000,1512.5920
614,1,1,1,62.6650,167.5010,0.0000,948.0000,196.5790,137.2920,0.0000,0.0000,1512.0370
615,0,1,0,62.6030,165.9320,0.0000,950.3200,195.3050,136.6830,0.0000,0.0000,1510.8430
616,1,1,1,63.8710,165.8530,0.0000,945.5390,194.1720,137.7850,0.0000,0.0000,1507.2200
617,1,1,1,61.9440,165.7910,0.0000,946.8000,238.9480,154.2580,0.0000,0.0000,1567.7410
618,1,1,1,67.3970,186.7870,0.0000,956.0860,201.7480,141.2860,0.0000,0.0000,1553.3040
619,1,1,1,64.9600,172.1230,0.0000,951.9940,196.2580,139.9380,0.0000,0.0000,1525.2730
620,0,1,0,63.8460,169.3540,0.0000,947.5070,195.3840,136.4250,0.0000,0.0000,1512.5160
621,1,1,1,61.5880,168.2470,0.0000,950.2460,197.4530,137.0460,0.0000,0.0000,1514.5800
622,1,1,1,63.5200,169.0100,0.0000,949.8520,196.2280,137.0890,0.0000,0.0000,1515.6990
623,1,1,1,62.5790,168.5410,0.0000,946.4620,195.9570,179.5510,0.0000,0.0000,1553.0900
624,1,1,1,67.2430,173.4770,0.0000,951.5020,198.1540,137.6060,0.0000,0.0000,1527.9820
625,1,1,1,63.0590,168.6650,0.0000,946.1850,197.5020,136.2150,0.0000,0.0000,1511.6260
626,1,1,1,62.1040,168.9840,0.0000,946.1720,195.0900,135.0710,0.0000,0.0000,1507.4210
627,1,1,0,63.6560,164.9850,0.0000,946.3750,195.6240,138.2710,0.0000,0.0000,1508.9110
628,1,1,1,61.4890,167.3230,0.0000,951.4950,194.2770,133.9500,0.0000,0.0000,1508.5340
629,1,1,1,62.6650,167.2130,0.0000,959.8150,192.8250,137.1510,0.0000,0.0000,1519.6690
630,0,1,0,61.7780,207.6800,0.0000,954.6220,199.2560,136.9970,0.0000,0.0000,1560.3330
631,1,1,1,64.2650,168.3390,0.0000,950.7330,198.4740,136.0000,0.0000,0.0000,1517.8110
632,1,1,1,65.0160,166.6830,0.0000,949.8090,194.7320,136.0370,0.0000,0.0000,1512.2770
633,0,1,0,62.8920,167.2190,0.0000,947.8150,196.8800,134.4740,0.0000,0.0000,1509.2800
634,0,1,1,61.6620,166.4430,0.0000,961.4830,193.9760,137.8280,0.0000,0.0000,1521.3920
635,1,1,1,62.2030,166.4860,0.0000,949.4400,195.8950,138.3140,0.0000,0.0000,1512.3380
636,1,1,1,63.6860,165.9560,0.0000,958.3080,205.7840,141.5820,0.0000,0.0000,1535.3160
637,1,1,1,62.3750,167.6120,0.0000,947.0770,198.0370,136.8000,0.0000,0.0000,1511.9010
638,0,1,0,62.7200,167.0710,0.0000,950.2400,196.1420,137.4890,0.0000,0.0000,1513.6620
639,1,1,1,63.3110,170.4560,0.0000,944.4680,194.8800,135.2500,0.0000,0.0000,1508.3650
640,1,1,1,64.7570,166.4370,0.0000,945.9700,197.2300,133.6310,0.0000,0.0000,1508.0250
641,1,1,1,63.1260,168.2030,0.0000,947.8580,194.4190,134.4680,0.0000,0.0000,1508.0740
642,1,1,1,61.2310,168.8060,0.0000,950.5420,203.3170,140.8800,0.0000,0.0000,1524.7760
643,1,1,1,63.0950,168.4370,0.0000,948.0000,194.4680,136.8620,0.0000,0.0000,1510.8620
644,1,1,1,63.6860,164.9110,0.0000,951.3410,196.2950,135.5630,0.0000,0.0000,1511.7960
645,1,1,1,65.6310,168.0920,0.0000,946.9600,196.3450,135.8400,0.0000,0.0000,1512.8680
646,1,1,1,62.9910,166.9540,0.0000,949.4960,195.2920,134.9660,0.0000,0.0000,1509.6990
647,1,1,1,61.9260,166.6830,0.0000,945.3300,194.1480,137.1870,0.0000,0.0000,1505.2740
648,1,1,1,61.9080,166.1230,0.0000,954.6890,208.9900,140.6400,0.0000,0.0000,1532.3500
649,1,1,1,64.7500,170.2950,0.0000,954.7630,198.2830,138.5350,0.0000,0.0000,1526.6260
650,0,1,0,64.2650,168.8740,0.0000,955.5880,196.1230,139.4460,0.0000,0.0000,1524.2960
651,1,1,1,64.5720,168.6330,0.0000,946.0500,194.6830,135.7300,0.0000,0.0000,1509.6680
652,1,1,1,61.9510,165.8650,0.0000,948.0870,195.5200,133.8590,0.0000,0.0000,1505.2820
653,0,1,0,62.8800,166.4610,0.0000,950.3820,197.6000,134.8680,0.0000,0.0000,1512.1910
654,1,1,1,63.4150,164.2100,0.0000,950.1050,234.8610,140.8800,0.0000,0.0000,1553.4710
655,0,1,0,63.1080,169.1510,0.0000,947.9510,195.4950,135.8520,0.0000,0.0000,1511.5570
656,1,1,1,62.4670,168.7260,0.0000,946.1230,196.1790,138.9350,0.0000,0.0000,1512.4300
657,1,1,1,62.4120,166.6520,0.0000,951.8030,196.6640,136.8000,0.0000,0.0000,1514.3310
658,1,1,1,62.1720,166.1780,0.0000,950.7700,193.4280,137.2550,0.0000,0.0000,1509.8030
659,1,1,1,62.0610,166.7440,0.0000,945.5510,194.2830,134.5730,0.0000,0.0000,1503.2120
660,1,1,1,60.9050,166.0620,0.0000,947.3660,194.4990,135.1630,0.0000,0.0000,1503.9950
661,1,1,1,103.5810,171.3100,0.0000,951.3290,197.8900,138.5730,0.0000,0.0000,1562.6830
662,1,1,1,63.7050,168.5040,0.0000,945.9690,194.5170,138.2220,0.0000,0.0000,1510.9170
663,0,1,1,62.4310,168.5960,0.0000,953.6740,196.7380,134.5910,0.0000,0.0000,1516.0300
664,1,1,1,62.2830,167.5690,0.0000,946.8860,196.0680,136.4310,0.0000,0.0000,1509.2370
665,1,1,1,62.5970,167.3850,0.0000,945.0030,196.1840,136.6460,0.0000,0.0000,1507.8150
666,1,1,1,62.4370,167.9690,0.0000,948.8550,194.8250,137.3040,0.0000,0.0000,1511.3900
667,0,1,0,63.4460,165.6860,0.0000,997.2300,221.1320,151.6920,0.0000,0.0000,1599.1860
668,1,1,1,64.5660,177.6990,0.0000,951.4580,200.9170,142.6100,0.0000,0.0000,1537.2500
669,1,1,1,62.5780,172.1850,0.0000,947.9630,196.1600,141.6250,0.0000,0.0000,1520.5110
670,1,1,1,62.8610,167.7350,0.0000,951.7540,197.6190,137.7110,0.0000,0.0000,1517.6800
671,1,1,1,63.1510,168.2030,0.0000,948.3940,194.6960,137.5130,0.0000,0.0000,1511.9570
672,1,1,1,62.8610,168.7870,0.0000,944.4180,195.2990,137.3170,0.0000,0.0000,1508.6820
673,1,1,0,63.2250,165.0400,0.0000,951.3600,204.3080,140.0120,0.0000,0.0000,1523.9450
674,0,1,0,65.4710,170.8500,0.0000,955.6120,196.9410,135.9820,0.0000,0.0000,1524.8560
675,1,1,1,63.4770,167.6310,0.0000,948.2400,195.5870,136.6100,0.0000,0.0000,1511.5450
676,0,1,0,62.7140,165.6550,0.0000,951.2990,195.4640,139.2240,0.0000,0.0000,1514.3560
677,1,1,1,62.9360,167.7110,0.0000,943.6000,196.3140,135.4340,0.0000,0.0000,1505.9950
678,0,1,0,61.7910,165.2180,0.0000,948.8490,195.8830,137.5020,0.0000,0.0000,1509.2430
679,1,1,1,62.4610,167.3910,0.0000,951.7790,202.1900,139.4340,0.0000,0.0000,1523.2550
680,1,1,0,62.8000,168.4370,0.0000,951.2430,196.2340,138.2340,0.0000,0.0000,1516.9480
681,1,1,1,63.1510,168.4680,0.0000,946.0620,194.8920,137.2180,0.0000,0.0000,1509.7910
682,1,1,1,61.5690,166.4370,0.0000,947.2620,196.7450,138.2650,0.0000,0.0000,1510.2780
683,1,1,1,63.6240,167.1760,0.0000,951.9010,193.5820,139.6240,0.0000,0.0000,1515.9070
684,1,1,1,62.7700,164.6770,0.0000,946.3880,194.7200,136.0190,0.0000,0.0000,1504.5740
685,1,1,1,61.4900,166.0980,0.0000,953.5450,202.2160,139.3840,0.0000,0.0000,1522.7330
686,1,1,1,63.7540,170.5600,0.0000,948.0860,197.6370,139.5500,0.0000,0.0000,1519.5870
687,1,1,1,62.7700,167.3780,0.0000,947.1690,194.9900,137.9020,0.0000,0.0000,1510.2090
688,1,1,1,62.2590,166.9850,0.0000,947.2190,195.1320,135.0220,0.0000,0.0000,1506.6170
689,1,1,1,61.6980,167.0150,0.0000,948.6830,194.7940,133.2860,0.0000,0.0000,1505.4760
690,1,1,1,61.2670,166.8670,0.0000,956.1290,193.8270,138.2900,0.0000,0.0000,1516.3800
691,1,1,1,63.6500,164.4310,0.0000,953.7840,233.5810,139.2740,0.0000,0.0000,1554.7200
692,1,1,1,64.1720,171.4890,0.0000,952.7880,194.8870,137.5080,0.0000,0.0000,1520.8440
693,1,1,1,61.5810,168.5050,0.0000,952.0300,197.1200,135.9760,0.0000,0.0000,1515.2120
694,1,1,1,62.2330,167.3040,0.0000,945.9820,195.4830,137.2490,0.0000,0.0000,1508.2510
695,0,1,0,62.2280,166.3020,0.0000,948.0500,194.6710,136.8180,0.0000,0.0000,1508.0690
696,1,1,1,62.9910,165.7780,0.0000,953.6670,194.6770,133.8770,0.0000,0.0000,1510.9900
697,1,1,1,61.5140,166.8070,0.0000,949.6000,194.5600,135.3290,0.0000,0.0000,1507.8100
698,0,1,0,102.6580,175.1510,0.0000,951.7970,199.3290,140.4000,0.0000,0.0000,1569.3350
699,1,1,1,62.6960,169.9630,0.0000,947.6990,194.7750,138.2340,0.0000,0.0000,1513.3670
700,1,1,1,62.7130,166.9720,0.0000,948.7260,196.4120,134.8490,0.0000,0.0000,1509.6720
701,1,1,1,60.8370,168.6960,0.0000,953.8520,193.9690,137.3300,0.0000,0.0000,1514.6840
702,1,1,1,62.5780,166.4300,0.0000,948.7570,195.3420,137.0830,0.0000,0.0000,1510.1900
703,1,1,1,61.3040,166.2150,0.0000,960.4240,195.6060,135.4280,0.0000,0.0000,1518.9770
704,1,1,1,60.4550,167.1270,0.0000,987.5940,201.7230,139.9140,0.0000,0.0000,1556.8130
705,1,1,0,63.8640,169.3350,0.0000,950.6710,198.4870,137.9820,0.0000,0.0000,1520.3390
706,1,1,0,62.1040,167.4460,0.0000,947.4830,194.6280,134.9230,0.0000,0.0000,1506.5840
707,0,1,1,62.8120,165.5570,0.0000,948.0800,196.7760,136.1360,0.0000,0.0000,1509.3610
708,1,1,1,63.7110,165.8280,0.0000,952.4060,196.8490,136.1410,0.0000,0.0000,1514.9350
709,1,1,0,61.7480,167.2000,0.0000,945.6190,196.5600,135.7470,0.0000,0.0000,1506.8740
710,1,1,1,61.9390,168.3390,0.0000,946.3080,202.7080,139.4710,0.0000,0.0000,1518.7650
711,1,1,1,63.5510,168.9970,0.0000,948.4370,196.7200,137.1630,0.0000,0.0000,1514.8680
712,1,1,1,61.5450,167.6920,0.0000,948.6210,195.2550,137.5630,0.0000,0.0000,1510.6760
713,1,1,1,61.5510,167.4220,0.0000,951.4900,194.9910,136.1170,0.0000,0.0000,1511.5710
714,1,1,1,62.7380,166.1410,0.0000,949.5080,196.0120,137.6000,0.0000,0.0000,1511.9990
715,1,1,1,62.5350,166.4370,0.0000,946.7750,195.8160,137.9080,0.0000,0.0000,1509.4710
716,1,1,1,61.9200,168.1600,0.0000,958.8000,228.9970,150.9600,0.0000,0.0000,1568.8370
717,1,1,0,65.3840,178.5660,0.0000,951.8090,200.1540,138.6710,0.0000,0.0000,1534.5840
718,1,1,1,62.8920,171.8460,0.0000,950.0680,197.5630,139.3290,0.0000,0.0000,1521.6980
719,1,1,1,62.5670,169.1080,0.0000,948.2530,195.0580,137.3230,0.0000,0.0000,1512.3090
720,1,1,1,61.1140,166.8610,0.0000,959.6990,195.1450,135.0530,0.0000,0.0000,1517.8720
721,1,1,1,61.6680,166.5170,0.0000,949.8090,193.2920,134.6640,0.0000,0.0000,1505.9500
722,0,1,0,62.3020,167.9330,0.0000,953.8960,202.5040,141.4090,0.0000,0.0000,1528.0440
723,1,1,1,65.8280,168.7380,0.0000,952.5100,195.6680,139.1750,0.0000,0.0000,1521.9190
724,1,1,1,66.4560,167.8650,0.0000,949.9450,196.3630,135.8640,0.0000,0.0000,1516.4930
725,1,1,1,63.1390,168.5050,0.0000,948.1420,195.8460,137.0760,0.0000,0.0000,1512.7080
726,1,1,1,63.2440,166.6830,0.0000,949.4830,193.4710,136.7930,0.0000,0.0000,1509.6740
727,1,1,1,63.2060,166.1970,0.0000,946.3630,195.5820,136.5540,0.0000,0.0000,1507.9020
728,1,1,1,61.1940,166.9410,0.0000,948.2150,240.0490,143.1320,0.0000,0.0000,1559.5310
729,1,1,0,63.8400,172.6220,0.0000,947.0400,198.9110,137.5140,0.0000,0.0000,1519.9270
730,1,1,1,63.3290,169.9640,0.0000,949.1510,195.6740,139.4700,0.0000,0.0000,1517.5880
731,1,1,1,64.0240,165.5880,0.0000,950.4310,195.1570,137.5570,0.0000,0.0000,1512.7570
732,1,1,1,63.8470,166.0680,0.0000,959.6130,197.0890,136.3440,0.0000,0.0000,1522.9610
733,1,1,1,61.5510,168.3020,0.0000,959.3480,196.5540,136.0240,0.0000,0.0000,1521.7790
734,1,1,1,62.0000,165.9570,0.0000,950.3140,196.3750,135.9440,0.0000,0.0000,1510.5900
735,1,1,0,112.6030,170.6460,0.0000,952.8490,196.2030,138.4930,0.0000,0.0000,1570.7940
736,1,1,1,61.8830,168.8310,0.0000,953.1570,193.8950,136.0500,0.0000,0.0000,1513.8160
737,1,1,1,62.5900,165.4090,0.0000,947.9390,192.9660,134.9600,0.0000,0.0000,1503.8640
738,1,1,1,61.2060,166.2530,0.0000,948.6520,194.1660,137.7960,0.0000,0.0000,1508.0730
739,1,1,1,61.7050,166.4250,0.0000,945.9570,192.3070,138.0550,0.0000,0.0000,1504.4490
740,1,1,1,63.1390,165.3540,0.0000,947.8770,194.0920,135.0590,0.0000,0.0000,1505.5210
741,1,1,1,60.9790,167.1390,0.0000,986.5420,201.0460,139.2360,0.0000,0.0000,1554.9420
742,1,1,1,62.6580,170.2280,0.0000,948.6890,194.1600,138.1850,0.0000,0.0000,1513.9200
743,1,1,1,62.8730,167.3420,0.0000,959.3290,195.8030,139.6000,0.0000,0.0000,1524.9470
744,1,1,1,63.9630,165.3540,0.0000,951.4830,196.8360,136.3260,0.0000,0.0000,1513.9620
745,1,1,1,62.2470,167.3600,0.0000,948.3140,196.6530,135.1820,0.0000,0.0000,1509.7560
746,1,1,1,62.1730,167.0520,0.0000,960.1600,194.3750,135.3420,0.0000,0.0000,1519.1020
747,1,1,1,63.6310,166.7510,0.0000,953.0590,201.0030,137.4900,0.0000,0.0000,1521.9340
748,1,1,1,61.2120,168.8490,0.0000,952.4310,194.7880,135.7600,0.0000,0.0000,1513.0400
749,0,1,0,62.8190,171.4160,0.0000,947.4530,198.4000,136.5040,0.0000,0.0000,1516.5920
750,1,1,1,62.3510,166.1290,0.0000,946.8190,195.0520,135.9140,0.0000,0.0000,1506.2650
751,1,1,1,64.0490,167.5690,0.0000,948.8920,195.4830,136.6160,0.0000,0.0000,1512.6090
752,0,1,1,63.9700,165.2430,0.0000,950.7570,194.3260,135.7540,0.0000,0.0000,1510.0500
753,1,1,0,62.9970,166.1720,0.0000,957.9260,202.8310,138.5600,0.0000,0.0000,1528.4860
754,1,1,1,61.9380,171.7730,0.0000,951.6000,198.5110,138.8060,0.0000,0.0000,1522.6280
755,0,1,0,61.8520,166.6710,0.0000,951.2370,195.8280,137.0530,0.0000,0.0000,1512.6410
756,1,1,1,65.3420,168.3070,0.0000,947.2980,195.0280,136.3930,0.0000,0.0000,1512.3680
757,1,1,1,62.7880,167.0950,0.0000,946.2460,194.1290,135.5570,0.0000,0.0000,1505.8150
758,1,1,1,60.1970,167.3100,0.0000,947.4280,193.6930,135.4950,0.0000,0.0000,1504.1230
759,1,1,1,62.3070,166.5970,0.0000,984.1480,207.5200,142.1170,0.0000,0.0000,1562.6890
760,1,1,1,63.3350,170.8800,0.0000,951.1260,198.5540,137.0400,0.0000,0.0000,1520.9350
761,1,1,1,63.0340,167.4160,0.0000,950.2770,197.7040,136.5540,0.0000,0.0000,1514.9850
762,1,1,1,64.7320,167.7600,0.0000,945.3480,195.2060,135.9260,0.0000,0.0000,1508.9720
763,1,1,1,63.7350,167.9700,0.0000,952.0860,195.5260,134.5970,0.0000,0.0000,1513.9140
764,1,1,1,62.0620,165.2610,0.0000,944.9420,194.4980,136.1720,0.0000,0.0000,1502.9350
765,1,1,1,61.8960,165.8530,0.0000,946.4860,230.9660,143.5270,0.0000,0.0000,1548.7280
766,1,1,1,62.1050,170.3570,0.0000,950.4130,198.8120,137.4580,0.0000,0.0000,1519.1450
767,1,1,1,62.3080,168.1300,0.0000,946.9230,194.9170,136.5970,0.0000,0.0000,1508.8750
768,1,1,1,63.1630,165.0710,0.0000,952.1530,194.3140,135.0890,0.0000,0.0000,1509.7900
769,0,1,0,62.5840,165.4640,0.0000,946.3260,197.1080,138.5290,0.0000,0.0000,1510.0110
770,1,1,1,62.6280,166.1970,0.0000,947.6800,192.4000,136.2090,0.0000,0.0000,1505.1140
771,1,1,1,63.0710,166.8740,0.0000,944.8670,194.7570,135.7480,0.0000,0.0000,1505.3170
772,1,1,1,62.1420,220.2770,0.0000,956.8740,198.9540,138.3200,0.0000,0.0000,1576.5670
773,1,1,0,63.1320,169.8280,0.0000,946.1480,196.5540,135.7410,0.0000,0.0000,1511.4030
774,1,1,0,63.1870,168.3510,0.0000,955.2370,196.0500,135.2120,0.0000,0.0000,1518.0370
775,1,1,1,61.2180,167.4090,0.0000,947.4400,192.6400,137.4580,0.0000,0.0000,1506.1650
776,1,1,1,61.7910,166.6830,0.0000,951.6560,194.7200,137.3170,0.0000,0.0000,1512.1670
777,1,1,1,62.0920,166.7260,0.0000,948.1780,194.2580,138.5910,0.0000,0.0000,1509.8450
778,0,1,0,62.2090,166.7810,0.0000,947.7600,204.2150,139.9450,0.0000,0.0000,1520.9100
779,0,1,0,62.8490,165.7720,0.0000,952.0370,196.6220,137.9690,0.0000,0.0000,1515.2490
780,1,1,1,63.8030,165.7720,0.0000,948.0180,194.6710,136.4430,0.0000,0.0000,1508.7070
781,1,1,1,61.7480,166.9170,0.0000,945.4580,194.1600,136.8370,0.0000,0.0000,1505.1200
782,1,1,1,61.9630,165.4890,0.0000,948.2090,193.9820,136.0130,0.0000,0.0000,1505.6560
783,1,1,1,62.6520,166.8990,0.0000,947.8160,194.5350,135.8830,0.0000,0.0000,1507.7850
784,1,1,1,61.0340,166.7760,0.0000,951.6310,200.0300,138.6960,0.0000,0.0000,1518.1670
785,1,1,1,62.5780,167.4280,0.0000,949.4150,197.9940,136.3940,0.0000,0.0000,1513.8090
786,0,1,0,61.1010,167.7410,0.0000,948.5480,195.2120,136.3510,0.0000,0.0000,1508.9530
787,0,1,0,63.7660,165.0090,0.0000,953.3720,196.7450,136.8430,0.0000,0.0000,1515.7350
788,1,1,0,61.5760,164.3140,0.0000,946.0930,195.9200,137.3290,0.0000,0.0000,1505.2320
789,1,1,1,62.0430,167.5570,0.0000,953.4960,196.2590,134.5240,0.0000,0.0000,1513.8790
790,0,1,1,62.0860,166.3270,0.0000,951.9200,203.0150,140.1350,0.0000,0.0000,1523.4830
791,1,1,1,63.3300,171.7720,0.0000,947.3360,197.2370,137.4460,0.0000,0.0000,1517.1210
792,1,1,1,61.7600,167.2130,0.0000,951.1070,197.1640,137.4460,0.0000,0.0000,1514.6900
793,1,1,1,62.2830,167.8460,0.0000,950.4120,195.3420,134.8800,0.0000,0.0000,1510.7630
794,1,1,1,63.0150,165.8210,0.0000,954.0370,194.6950,135.6490,0.0000,0.0000,1513.2170
795,0,1,0,61.5930,164.9720,0.0000,946.0130,191.6800,138.4860,0.0000,0.0000,1502.7440
796,1,1,1,61.7660,165.7230,0.0000,945.2610,250.0490,141.0460,0.0000,0.0000,1563.8450
797,1,1,1,63.2060,170.5910,0.0000,951.3290,198.1410,139.5700,0.0000,0.0000,1522.8370
798,1,1,1,63.4030,169.3660,0.0000,952.6460,193.3050,138.5100,0.0000,0.0000,1517.2300
799,1,1,1,61.7230,166.8990,0.0000,960.7260,197.2550,136.3260,0.0000,0.0000,1522.9290
800,0,1,0,63.9200,167.7910,0.0000,944.1110,197.7840,136.3810,0.0000,0.0000,1509.9870
801,0,1,0,61.5320,169.1700,0.0000,959.4340,194.4740,134.3130,0.0000,0.0000,1518.9230
802,1,1,1,61.7410,167.1690,0.0000,947.9510,194.1720,190.0610,0.0000,0.0000,1561.0940
803,1,1,1,64.8120,172.2580,0.0000,949.5380,198.7140,136.6710,0.0000,0.0000,1521.9930
804,0,1,0,62.6100,168.5600,0.0000,946.2960,195.7470,138.2520,0.0000,0.0000,1511.4650
805,1,1,1,63.1510,166.5600,0.0000,946.3200,194.4800,134.0800,0.0000,0.0000,1504.5910
806,1,1,1,62.4430,166.1540,0.0000,948.6710,194.2280,136.9540,0.0000,0.0000,1508.4500
807,0,1,0,61.2490,166.6210,0.0000,947.1640,195.1070,136.4490,0.0000,0.0000,1506.5900
808,1,1,1,61.2250,167.4950,0.0000,959.3600,195.7790,136.7140,0.0000,0.0000,1520.5730
809,0,1,0,61.8150,205.8590,0.0000,953.0400,198.3080,139.9880,0.0000,0.0000,1559.0100
810,1,1,1,64.4250,169.0520,0.0000,952.2460,195.5880,137.2430,0.0000,0.0000,1518.5540
811,1,1,1,61.2190,167.0280,0.0000,947.2740,195.7170,137.3350,0.0000,0.0000,1508.5730
812,1,1,1,62.2890,168.1410,0.0000,947.4580,194.1350,134.9290,0.0000,0.0000,1506.9520
813,1,1,1,62.0250,168.3260,0.0000,952.0800,198.2770,136.3440,0.0000,0.0000,1517.0520
814,1,1,1,63.1760,167.4710,0.0000,947.3290,194.8060,136.4740,0.0000,0.0000,1509.2560
815,1,1,1,62.2090,166.3330,0.0000,951.7540,203.8520,137.2740,0.0000,0.0000,1521.4220
816,1,1,1,62.5840,169.7230,0.0000,948.7570,195.8960,135.9380,0.0000,0.0000,1512.8980
817,1,1,1,62.4430,167.1570,0.0000,959.3230,194.7200,134.0440,0.0000,0.0000,1517.6870
818,1,1,1,61.6800,167.0030,0.0000,945.6120,194.9110,135.4210,0.0000,0.0000,1504.6270
819,1,1,1,62.4730,165.7840,0.0000,960.4730,193.7290,136.1660,0.0000,0.0000,1518.6250
820,1,1,1,60.8000,166.7570,0.0000,945.7970,196.1790,136.5100,0.0000,0.0000,1506.0430
821,1,1,1,62.2460,166.7820,0.0000,950.0800,202.9720,140.6580,0.0000,0.0000,1522.7380
822,1,1,1,64.5780,167.7170,0.0000,949.1930,196.1720,137.6740,0.0000,0.0000,1515.3340
823,0,1,0,62.1840,166.6590,0.0000,944.4870,194.8430,138.1850,0.0000,0.0000,1506.3580
824,1,1,1,62.4310,167.2860,0.0000,951.2310,193.5630,137.6740,0.0000,0.0000,1512.1850
825,1,1,1,62.5720,166.8120,0.0000,950.1480,195.7660,136.7200,0.0000,0.0000,1512.0180
826,1,1,1,63.4400,167.7670,0.0000,947.1080,195.7960,135.8710,0.0000,0.0000,1509.9820
827,1,1,1,62.1470,166.9540,0.0000,950.7690,204.3750,138.9360,0.0000,0.0000,1523.1810
828,1,1,1,62.7020,169.0210,0.0000,952.1910,195.0890,137.1390,0.0000,0.0000,1516.1420
829,1,1,1,62.6160,167.6670,0.0000,946.2770,193.4400,136.9970,0.0000,0.0000,1506.9970
830,1,1,1,62.6400,166.8000,0.0000,949.8160,194.8620,135.4530,0.0000,0.0000,1509.5710
831,1,1,1,62.1040,167.3600,0.0000,952.1480,195.4590,135.6370,0.0000,0.0000,1512.7080
832,1,1,1,60.7070,164.2770,0.0000,947.7110,194.0490,137.7040,0.0000,0.0000,1504.4480
833,1,1,1,62.4000,165.5260,0.0000,959.5750,261.1010,143.7230,0.0000,0.0000,1592.3250
834,1,1,1,64.5350,172.7570,0.0000,953.3230,197.6990,137.9070,0.0000,0.0000,1526.2210
835,1,1,1,61.9450,171.2000,0.0000,949.7410,196.3010,137.5690,0.0000,0.0000,1516.7560
836,1,1,1,64.1540,167.8210,0.0000,946.7080,196.6530,137.4700,0.0000,0.0000,1512.8060
837,1,1,1,63.5820,167.7110,0.0000,955.4470,196.3140,137.9070,0.0000,0.0000,1520.9610
838,1,1,1,62.0430,167.1330,0.0000,947.9130,194.8980,138.2520,0.0000,0.0000,1510.2390
839,1,1,1,62.2520,166.3570,0.0000,958.9480,192.9230,136.6700,0.0000,0.0000,1517.1500
840,1,1,1,65.7410,171.5330,0.0000,961.2800,198.0740,139.6800,0.0000,0.0000,1536.3080
841,1,1,1,63.5390,170.2710,0.0000,946.9720,194.8800,139.9260,0.0000,0.0000,1515.5880
842,1,1,1,64.8000,166.9230,0.0000,950.7690,195.2670,136.3140,0.0000,0.0000,1514.0730
843,1,1,1,64.0550,167.6120,0.0000,948.4490,197.9450,135.8770,0.0000,0.0000,1513.9380
844,1,1,1,61.5750,168.0250,0.0000,952.3390,194.5720,136.5480,0.0000,0.0000,1513.0590
845,1,1,1,64.3760,166.0550,0.0000,949.1570,194.1720,137.2430,0.0000,0.0000,1511.0030
846,1,1,1,61.6060,205.0160,0.0000,947.0770,199.3110,136.5970,0.0000,0.0000,1549.6070
847,1,1,1,62.0250,168.3200,0.0000,945.2740,196.9780,137.1270,0.0000,0.0000,1509.7240
848,1,1,1,62.0180,167.7230,0.0000,947.9320,197.1570,138.2340,0.0000,0.0000,1513.0640
849,0,1,0,61.9140,169.2440,0.0000,950.9300,194.5600,139.0400,0.0000,0.0000,1515.6880
850,1,1,1,63.1320,165.3420,0.0000,953.1630,194.9600,137.0030,0.0000,0.0000,1513.6000
851,1,1,1,62.2520,166.0740,0.0000,946.7020,196.7140,137.0340,0.0000,0.0000,1508.7760
852,1,1,1,62.6960,166.4930,0.0000,950.6400,201.6730,138.2590,0.0000,0.0000,1519.7610
853,1,1,1,62.5670,167.4710,0.0000,952.6590,196.2100,134.9230,0.0000,0.0000,1513.8300
854,1,1,1,61.4950,167.3050,0.0000,947.7720,196.5790,135.4520,0.0000,0.0000,1508.6030
855,1,1,1,63.2680,167.8760,0.0000,946.0180,194.9850,135.0400,0.0000,0.0000,1507.1870
856,1,1,1,62.6030,167.7970,0.0000,950.0370,194.3940,135.7170,0.0000,0.0000,1510.5480
857,1,1,1,63.0340,166.8860,0.0000,947.9690,192.7570,137.4400,0.0000,0.0000,1508.0860
858,1,1,1,62.7760,167.1750,0.0000,950.8980,200.5730,139.0830,0.0000,0.0000,1520.5050
859,0,1,1,62.9170,170.3380,0.0000,947.2360,195.7540,136.7200,0.0000,0.0000,1512.9650
860,0,1,0,62.4000,167.4090,0.0000,949.5820,195.1570,136.1050,0.0000,0.0000,1510.6530
861,0,1,0,63.2000,166.0740,0.0000,947.1330,195.1140,136.2520,0.0000,0.0000,1507.7730
862,1,1,1,62.0490,165.4150,0.0000,951.5070,195.9200,135.4100,0.0000,0.0000,1510.3010
863,1,1,1,61.7050,166.9350,0.0000,951.4220,195.6000,135.4160,0.0000,0.0000,1511.0780
864,1,1,1,61.0650,167.4220,0.0000,962.8120,203.7050,138.4430,0.0000,0.0000,1533.4470
865,1,1,1,65.1870,169.2610,0.0000,945.1510,195.3720,135.6680,0.0000,0.0000,1510.6390
866,1,1,1,64.5480,168.3080,0.0000,959.9690,194.5110,138.1780,0.0000,0.0000,1525.5140
867,1,1,1,62.4430,167.5750,0.0000,949.1940,194.8800,135.6990,0.0000,0.0000,1509.7910
868,1,1,1,62.5230,165.2370,0.0000,961.7240,196.1970,138.1050,0.0000,0.0000,1523.7860
869,1,1,1,61.5810,165.8150,0.0000,948.8980,195.6310,135.5500,0.0000,0.0000,1507.4750
870,1,1,1,64.1420,168.0370,0.0000,944.3450,254.7070,143.1260,0.0000,0.0000,1574.3570
871,1,1,1,63.0700,175.1450,0.0000,950.0310,198.4370,140.8130,0.0000,0.0000,1527.4960
872,1,1,1,61.6490,167.2310,0.0000,951.9870,197.9940,137.6800,0.0000,0.0000,1516.5410
873,1,1,1,63.6920,166.7810,0.0000,948.4500,195.6620,134.9110,0.0000,0.0000,1509.4960
874,1,1,1,62.5850,166.5840,0.0000,958.5050,194.3080,136.5600,0.0000,0.0000,1518.5420
875,1,1,1,61.5630,164.0620,0.0000,946.6460,195.9510,135.5200,0.0000,0.0000,1503.7420
876,0,1,0,60.6710,164.1910,0.0000,960.1170,195.6430,134.8990,0.0000,0.0000,1515.5210
877,1,1,1,104.6400,172.8800,0.0000,946.7810,197.5700,138.5910,0.0000,0.0000,1560.4620
878,1,1,1,62.4000,165.0090,0.0000,946.2460,194.8800,137.6250,0.0000,0.0000,1506.1600
879,0,1,0,61.8220,167.8520,0.0000,951.6370,195.9140,136.6890,0.0000,0.0000,1513.9140
880,1,1,1,62.6890,167.2800,0.0000,948.0550,194.3630,137.3100,0.0000,0.0000,1509.6970
881,1,1,1,64.6090,166.0060,0.0000,949.4520,195.0710,136.0430,0.0000,0.0000,1511.1810
882,1,1,1,62.0440,166.3570,0.0000,945.2620,193.7290,133.5320,0.0000,0.0000,1500.9240
883,0,1,0,60.7390,166.5410,0.0000,956.8180,200.5480,136.1850,0.0000,0.0000,1520.8310
884,1,1,1,63.1080,170.9530,0.0000,957.9450,196.0240,137.0830,0.0000,0.0000,1525.1130
885,1,1,1,61.5390,167.9140,0.0000,947.9020,195.7050,136.6090,0.0000,0.0000,1509.6690
886,1,1,1,61.7850,165.4160,0.0000,943.4650,194.4550,135.5380,0.0000,0.0000,1500.6590
887,1,1,0,63.5940,167.2990,0.0000,947.6550,194.6580,138.3570,0.0000,0.0000,1511.5630
888,1,1,1,61.0710,167.2180,0.0000,946.5160,194.9230,135.8210,0.0000,0.0000,1505.5490
889,1,1,1,62.0920,166.8300,0.0000,951.2870,200.8130,139.1380,0.0000,0.0000,1520.1600
890,1,1,1,63.4840,167.0830,0.0000,946.9170,196.0060,137.4890,0.0000,0.0000,1510.9790
891,0,1,0,63.0210,167.6180,0.0000,949.6490,196.6770,137.2250,0.0000,0.0000,1514.1900
892,1,1,1,60.9170,167.4700,0.0000,950.7940,197.7230,137.2430,0.0000,0.0000,1514.1470
893,1,1,0,63.5080,168.0180,0.0000,946.7690,196.0610,134.7200,0.0000,0.0000,1509.0760
894,1,1,0,62.2960,167.1640,0.0000,948.1350,195.4400,134.3690,0.0000,0.0000,1507.4040
895,1,1,1,62.3450,167.7970,0.0000,947.4160,205.5200,138.9530,0.0000,0.0000,1522.0310
896,1,1,1,63.4330,167.6370,0.0000,955.3470,197.9080,139.9320,0.0000,0.0000,1524.2570
897,1,1,1,63.3230,167.3360,0.0000,949.4960,196.7750,137.6500,0.0000,0.0000,1514.5800
898,0,1,1,62.8240,168.0560,0.0000,951.2680,194.3070,137.9080,0.0000,0.0000,1514.3630
899,1,1,1,61.8270,168.3260,0.0000,947.9510,193.0210,135.0580,0.0000,0.0000,1506.1830
900,1,1,1,63.3110,168.2830,0.0000,950.9910,196.7570,134.5470,0.0000,0.0000,1513.8890
901,1,1,1,62.7320,167.1200,0.0000,944.5480,237.8710,137.8700,0.0000,0.0000,1550.1410
902,1,1,1,61.9260,169.4530,0.0000,948.5360,195.0460,136.0300,0.0000,0.0000,1510.9910
903,1,1,1,62.0370,166.1360,0.0000,944.0300,196.7750,136.0370,0.0000,0.0000,1505.0150
904,1,1,1,61.4220,165.1810,0.0000,961.1140,195.2430,136.7020,0.0000,0.0000,1519.6620
905,1,1,1,62.0860,166.0250,0.0000,946.4310,195.0460,135.4710,0.0000,0.0000,1505.0590
906,1,1,1,61.9810,165.5140,0.0000,946.1720,195.3970,136.2160,0.0000,0.0000,1505.2800
907,0,1,0,62.8550,168.0190,0.0000,958.4430,195.3470,193.6860,0.0000,0.0000,1578.3500
908,0,1,0,66.8680,172.0060,0.0000,951.3530,197.2130,140.0070,0.0000,0.0000,1527.4470
909,1,1,1,62.0860,169.6250,0.0000,951.1930,195.5010,136.8120,0.0000,0.0000,1515.2170
910,1,1,1,63.6800,167.1570,0.0000,950.3880,195.9450,136.5410,0.0000,0.0000,1513.7110
911,1,1,1,63.4650,168.6030,0.0000,958.6950,196.4920,135.8700,0.0000,0.0000,1523.1250
912,1,1,1,62.6090,166.6590,0.0000,944.8310,195.0400,136.1720,0.0000,0.0000,1505.3110
913,1,1,1,62.1970,168.1470,0.0000,949.2800,194.5780,136.3690,0.0000,0.0000,1510.5710
914,1,1,0,62.0190,207.2060,0.0000,949.2180,201.0590,139.2680,0.0000,0.0000,1558.7700
915,1,1,1,64.0930,169.6670,0.0000,948.0370,196.4930,139.4270,0.0000,0.0000,1517.7170
916,1,1,1,63.2120,167.2560,0.0000,947.3670,195.5070,135.0950,0.0000,0.0000,1508.4370
917,1,1,1,61.3970,167.5260,0.0000,943.6490,196.0680,135.6310,0.0000,0.0000,1504.2710
918,1,1,1,60.2340,166.6270,0.0000,951.3780,195.0640,136.3450,0.0000,0.0000,1509.6480
919,1,1,1,62.4000,166.7820,0.0000,948.4430,195.1440,137.3850,0.0000,0.0000,1510.1540
920,1,1,1,62.4740,165.8960,0.0000,953.8280,200.7630,137.8220,0.0000,0.0000,1520.7830
921,1,1,1,63.0150,168.2520,0.0000,945.1070,196.0250,137.2990,0.0000,0.0000,1509.6980
922,1,1,1,61.8400,165.4590,0.0000,949.8530,195.6680,136.6270,0.0000,0.0000,1509.4470
923,1,1,1,64.2030,165.8650,0.0000,947.7600,194.0920,136.4490,0.0000,0.0000,1508.3690
924,1,1,1,63.6370,166.1360,0.0000,947.3170,195.9140,137.5760,0.0000,0.0000,1510.5800
925,1,1,1,61.1760,166.0190,0.0000,952.1600,194.5480,136.2710,0.0000,0.0000,1510.1740
926,1,1,1,62.4560,165.1330,0.0000,949.5690,202.5780,137.4150,0.0000,0.0000,1517.1510
927,1,1,1,61.5640,169.8160,0.0000,949.4580,197.1510,138.4490,0.0000,0.0000,1516.4380
928,1,1,1,63.4890,166.2470,0.0000,951.9260,193.5010,136.2640,0.0000,0.0000,1511.4270
929,1,1,1,60.6950,169.3050,0.0000,946.7570,194.0550,136.8430,0.0000,0.0000,1507.6550
930,1,1,1,63.4900,165.8400,0.0000,948.2030,195.2550,135.2680,0.0000,0.0000,1508.0560
931,1,1,1,61.5140,166.0740,0.0000,944.5720,194.6220,136.3810,0.0000,0.0000,1503.1630
932,1,1,1,62.4490,166.6590,0.0000,948.2400,201.8400,139.6000,0.0000,0.0000,1518.7880
933,1,1,1,63.4470,167.2920,0.0000,948.0740,195.1140,136.3760,0.0000,0.0000,1510.3030
934,1,1,1,64.8800,167.4830,0.0000,948.0610,196.0680,135.7540,0.0000,0.0000,1512.2460
935,1,1,0,64.6460,167.5690,0.0000,949.6130,195.8900,138.2340,0.0000,0.0000,1515.9520
936,0,1,0,61.0400,167.5690,0.0000,958.6340,194.2640,135.4460,0.0000,0.0000,1516.9530
937,1,1,1,63.0650,167.0400,0.0000,947.8830,196.9900,136.2640,0.0000,0.0000,1511.2420
938,1,1,1,61.2550,166.6830,0.0000,950.5110,243.6560,139.6980,0.0000,0.0000,1561.8030
939,1,1,1,62.3820,170.7690,0.0000,955.7230,197.1510,138.1900,0.0000,0.0000,1524.2150
940,1,1,1,62.2160,168.9840,0.0000,947.1690,195.7350,134.8070,0.0000,0.0000,1508.9110
941,1,1,1,61.2860,167.1810,0.0000,960.0120,195.6980,136.0370,0.0000,0.0000,1520.2140
942,1,1,1,62.7450,166.3380,0.0000,949.4770,193.3540,135.8890,0.0000,0.0000,1507.8030
943,1,1,1,63.6370,165.4770,0.0000,959.0030,194.1540,135.2550,0.0000,0.0000,1517.5260
944,1,1,1,62.6890,166.7940,0.0000,946.6340,195.6550,137.0830,0.0000,0.0000,1508.8550
945,1,1,1,117.2860,174.0800,0.0000,949.6620,198.1300,141.4530,0.0000,0.0000,1580.6110
946,1,1,1,64.4990,167.8770,0.0000,947.3910,196.9600,138.0120,0.0000,0.0000,1514.7390
947,1,1,1,62.9600,167.2000,0.0000,950.9290,196.2090,138.7440,0.0000,0.0000,1516.0420
948,0,1,0,61.3730,167.9140,0.0000,948.2340,197.2430,135.5070,0.0000,0.0000,1510.2710
949,1,1,1,62.2640,167.8580,0.0000,945.4150,194.2030,135.9880,0.0000,0.0000,1505.7280
950,1,1,1,62.9420,166.6400,0.0000,946.6090,195.9140,134.5300,0.0000,0.0000,1506.6350
951,1,1,1,63.2370,166.3260,0.0000,987.1510,201.3170,136.8920,0.0000,0.0000,1554.9230
952,1,1,1,62.6700,169.0150,0.0000,952.2520,197.9760,137.9140,0.0000,0.0000,1519.8270
953,1,1,1,61.6920,168.7260,0.0000,950.0120,195.5200,134.9290,0.0000,0.0000,1510.8790
954,1,1,1,61.4650,166.6220,0.0000,946.9600,195.8400,136.7260,0.0000,0.0000,1507.6130
955,1,1,1,63.0400,166.4490,0.0000,946.1350,195.1080,135.3040,0.0000,0.0000,1506.0360
956,1,1,1,63.2860,169.9880,0.0000,949.1380,196.0990,135.3970,0.0000,0.0000,1513.9080
957,1,1,1,62.5420,166.8860,0.0000,956.8310,202.2340,138.8800,0.0000,0.0000,1527.3730
958,1,1,1,66.8560,168.9420,0.0000,959.5010,196.4430,139.8890,0.0000,0.0000,1531.6310
959,1,1,1,63.3730,169.9760,0.0000,958.6590,195.6130,137.6920,0.0000,0.0000,1525.3130
960,1,1,1,62.3940,167.5070,0.0000,946.8800,194.7750,135.3050,0.0000,0.0000,1506.8610
961,1,1,1,61.9940,168.2030,0.0000,948.1720,194.0060,136.3320,0.0000,0.0000,1508.7070
962,0,1,1,62.0740,165.8150,0.0000,946.0990,193.5570,138.5780,0.0000,0.0000,1506.1230
963,1,1,1,61.9320,164.6770,0.0000,958.2590,223.0770,147.0830,0.0000,0.0000,1555.0280
964,1,1,1,65.3170,176.7390,0.0000,953.0330,200.7820,139.8030,0.0000,0.0000,1535.6740
965,1,1,1,64.4860,170.3200,0.0000,949.6190,197.2490,139.4030,0.0000,0.0000,1521.0770
966,1,1,1,63.8340,168.3010,0.0000,947.1510,196.0680,136.2220,0.0000,0.0000,1511.5760
967,1,1,1,62.1420,165.7480,0.0000,945.8030,194.0000,137.5700,0.0000,0.0000,1505.2630
968,1,1,1,63.4580,168.1470,0.0000,960.5600,194.4550,136.0120,0.0000,0.0000,1522.6320
969,1,1,1,63.0470,165.8100,0.0000,953.0830,206.8920,141.9130,0.0000,0.0000,1530.7450
970,0,1,0,63.9020,171.1450,0.0000,954.3450,197.5880,139.7850,0.0000,0.0000,1526.7650
971,1,1,1,61.8580,169.0710,0.0000,946.5110,199.1140,135.5630,0.0000,0.0000,1512.1170
972,0,1,0,61.8040,168.7140,0.0000,958.3320,194.4430,135.5510,0.0000,0.0000,1518.8440
973,1,1,1,63.5820,167.0520,0.0000,951.1380,194.6400,137.8770,0.0000,0.0000,1514.2890
974,1,1,1,64.1040,165.9810,0.0000,950.6150,196.1840,134.9970,0.0000,0.0000,1511.8810
975,1,1,1,62.6030,166.1600,0.0000,944.5360,240.9840,138.3560,0.0000,0.0000,1552.6390
976,1,1,1,63.1330,170.9230,0.0000,949.6430,199.2060,137.1940,0.0000,0.0000,1520.0990
977,1,1,1,61.9390,168.3930,0.0000,950.3630,196.6770,136.6210,0.0000,0.0000,1513.9930
978,1,1,1,62.0300,165.9630,0.0000,955.7410,196.4310,133.3230,0.0000,0.0000,1513.4880
979,0,1,0,61.7170,166.1660,0.0000,959.7170,194.3320,134.2770,0.0000,0.0000,1516.2090
980,0,1,1,62.6160,167.2190,0.0000,945.5880,194.6830,135.6620,0.0000,0.0000,1505.7680
981,1,1,0,62.4980,166.4190,0.0000,948.6770,193.4890,137.2430,0.0000,0.0000,1508.3260
982,1,1,1,71.4210,171.8090,0.0000,951.9200,198.7320,140.7130,0.0000,0.0000,1534.5950
983,0,1,1,62.0980,170.3010,0.0000,949.9750,197.9820,137.2440,0.0000,0.0000,1517.6000
984,1,1,1,62.6830,168.3930,0.0000,951.6670,196.2210,136.7820,0.0000,0.0000,1515.7460
985,1,1,1,62.8060,166.0430,0.0000,952.7080,197.2130,138.7080,0.0000,0.0000,1517.4780
986,1,1,1,62.5110,166.7260,0.0000,945.9570,193.0830,137.2120,0.0000,0.0000,1505.4890
987,1,1,1,62.0310,164.0860,0.0000,944.0740,195.6490,134.3940,0.0000,0.0000,1500.2340
988,1,1,1,62.1790,204.0740,0.0000,953.3840,201.0650,140.4680,0.0000,0.0000,1561.1700
989,1,1,1,63.6610,168.7870,0.0000,947.4580,199.5380,137.2730,0.0000,0.0000,1516.7170
990,1,1,1,64.4250,167.0090,0.0000,950.7080,195.8460,135.6920,0.0000,0.0000,1513.6800
991,1,1,1,62.0730,169.0330,0.0000,949.9820,195.2920,137.9760,0.0000,0.0000,1514.3560
992,0,1,0,62.5720,168.0060,0.0000,949.4030,194.1290,136.1410,0.0000,0.0000,1510.2510
993,1,1,1,62.7510,166.7380,0.0000,948.4120,195.4650,136.1540,0.0000,0.0000,1509.5200
994,1,1,1,64.0920,166.2830,0.0000,952.6650,202.4250,137.6980,0.0000,0.0000,1523.1630
995,0,1,0,64.3260,170.4370,0.0000,951.1750,196.1660,135.7540,0.0000,0.0000,1517.8580
996,1,1,1,61.5510,167.3110,0.0000,946.8060,196.0000,139.4830,0.0000,0.0000,1511.1510
997,0,1,0,62.8500,165.5690,0.0000,950.0550,196.3630,137.3960,0.0000,0.0000,1512.2330
998,1,1,1,64.5110,166.6640,0.0000,948.9600,193.6430,136.0550,0.0000,0.0000,1509.8330
999,1,1,0,62.4180,167.5450,0.0000,969.1020,198.8980,137.4160,0.0000,0.0000,1535.3790
1000,1,1,1,62.0550,165.2490,0.0000,957.5140,205.0280,141.0530,0.0000,0.0000,1530.8990
1001,1,1,1,63.9630,170.5780,0.0000,942.5970,197.9130,136.8920,0.0000,0.0000,1511.9430
1002,1,1,1,66.3010,166.8370,0.0000,942.8310,196.2270,137.5320,0.0000,0.0000,1509.7280
1003,1,1,1,61.8460,173.8400,0.0000,941.9760,201.7540,134.1850,0.0000,0.0000,1513.6010
1004,1,1,1,62.9470,169.0950,0.0000,943.9380,191.5140,136.6030,0.0000,0.0000,1504.0970
1005,1,1,1,63.0580,164.4310,0.0000,953.4950,193.9440,136.7260,0.0000,0.0000,1511.6540
1006,1,1,1,63.3350,165.2310,0.0000,953.6000,205.2370,139.8150,0.0000,0.0000,1527.2180
1007,1,1,1,62.5660,169.1810,0.0000,947.3970,197.5200,138.6530,0.0000,0.0000,1515.3170
1008,1,1,1,62.3010,168.6760,0.0000,942.2700,197.2920,136.8060,0.0000,0.0000,1507.3450
1009,1,1,1,61.1330,165.5270,0.0000,954.8550,196.3450,138.3940,0.0000,0.0000,1516.2540
1010,0,1,1,63.2490,167.7970,0.0000,956.1110,195.1690,136.8670,0.0000,0.0000,1519.1930
1011,1,1,1,62.2710,166.2460,0.0000,950.6460,196.3010,136.0310,0.0000,0.0000,1511.4950
1012,1,1,1,61.3730,165.5880,0.0000,940.8310,312.6400,152.0610,0.0000,0.0000,1632.4930
1013,1,1,1,66.5110,192.0250,0.0000,952.2640,205.9880,143.8280,0.0000,0.0000,1560.6160
1014,1,1,1,62.3940,170.7380,0.0000,946.4060,200.3630,138.8060,0.0000,0.0000,1518.7070
1015,1,1,1,62.1910,168.0370,0.0000,941.9760,195.8400,138.1730,0.0000,0.0000,1506.2170
1016,1,1,1,61.1450,167.0340,0.0000,944.3510,193.9380,137.4090,0.0000,0.0000,1503.8770
1017,1,1,1,61.5260,165.4830,0.0000,943.0210,194.3440,138.2280,0.0000,0.0000,1502.6020
1018,1,1,1,61.7660,167.7600,0.0000,955.4340,194.4800,209.0710,0.0000,0.0000,1588.5110
1019,1,1,1,64.7870,174.2770,0.0000,947.4030,197.8280,140.3080,0.0000,0.0000,1524.6030
1020,1,1,1,62.6460,169.7110,0.0000,947.8580,195.3110,137.7230,0.0000,0.0000,1513.2490
1021,1,1,1,61.9810,166.6460,0.0000,943.8890,195.0530,139.0340,0.0000,0.0000,1506.6030
1022,1,1,1,61.2860,167.4150,0.0000,956.3630,194.3940,136.3940,0.0000,0.0000,1515.8520
1023,1,1,1,62.6340,165.9440,0.0000,943.5440,194.4860,142.9480,0.0000,0.0000,1509.5560
1024,1,1,1,63.4770,166.0680,0.0000,942.2520,193.8580,135.6370,0.0000,0.0000,1501.2920
1025,0,1,0,61.4700,209.0580,0.0000,946.2590,201.0770,135.1200,0.0000,0.0000,1552.9840
1026,1,1,1,61.7290,170.1660,0.0000,944.9970,195.3050,134.4980,0.0000,0.0000,1506.6950
1027,1,1,1,62.4310,169.0590,0.0000,942.8800,193.1630,134.3380,0.0000,0.0000,1501.8710
1028,0,1,0,60.2700,166.4620,0.0000,946.2160,196.3080,134.8980,0.0000,0.0000,1504.1540
1029,1,1,1,62.4120,166.9170,0.0000,956.4980,193.8830,134.6340,0.0000,0.0000,1514.3440
1030,1,1,1,61.2980,166.3200,0.0000,944.6270,196.7690,133.8220,0.0000,0.0000,1502.8360
1031,1,1,1,59.7410,166.2100,0.0000,953.6990,206.8370,137.5260,0.0000,0.0000,1524.0130
1032,1,1,1,63.4030,169.1140,0.0000,946.4370,197.0150,136.2210,0.0000,0.0000,1512.1900
1033,1,1,1,62.5970,166.6640,0.0000,946.0180,196.4060,135.7970,0.0000,0.0000,1507.4820
1034,1,1,1,60.2760,163.7360,0.0000,943.5260,195.0770,133.8710,0.0000,0.0000,1496.4860
1035,1,1,1,63.0900,165.8400,0.0000,942.9600,194.7080,135.2370,0.0000,0.0000,1501.8350
1036,1,1,1,61.0580,165.8220,0.0000,955.8160,194.2710,133.3170,0.0000,0.0000,1510.2840
1037,1,1,1,61.2980,166.9970,0.0000,943.6870,203.2730,136.9050,0.0000,0.0000,1512.1600
1038,1,1,1,61.1570,168.0360,0.0000,947.7790,194.7750,135.0460,0.0000,0.0000,1506.7930
1039,1,1,1,61.5940,167.1510,0.0000,956.6640,193.0960,135.5690,0.0000,0.0000,1514.0740
1040,1,1,1,61.6860,164.3380,0.0000,943.4400,196.6520,135.5570,0.0000,0.0000,1501.6730
1041,1,1,1,61.3960,165.9320,0.0000,944.2710,194.4250,133.6800,0.0000,0.0000,1499.7040
1042,1,1,1,60.3820,163.3530,0.0000,942.2090,196.2770,135.6310,0.0000,0.0000,1497.8520
1043,1,1,1,60.2710,168.0740,0.0000,954.8610,201.4520,137.6250,0.0000,0.0000,1522.2830
1044,0,1,0,61.7160,168.8060,0.0000,957.8340,195.4830,136.1840,0.0000,0.0000,1520.0230
1045,1,1,1,60.4860,165.0580,0.0000,944.0730,193.1690,134.5660,0.0000,0.0000,1497.3520
1046,1,1,1,62.7010,166.2400,0.0000,956.5600,193.7170,135.3660,0.0000,0.0000,1514.5840
1047,1,1,1,62.8180,166.3880,0.0000,954.8300,192.8120,133.9070,0.0000,0.0000,1510.7550
1048,1,1,1,62.7010,166.3200,0.0000,942.2280,193.3350,135.6670,0.0000,0.0000,1500.2510
1049,1,1,1,60.2160,163.6060,0.0000,943.6180,191.8710,176.2890,0.0000,0.0000,1535.6000
1050,1,1,1,62.3010,170.5910,0.0000,944.4860,195.1570,138.3750,0.0000,0.0000,1510.9100
1051,0,1,0,62.0860,167.8520,0.0000,956.6580,195.3170,135.0710,0.0000,0.0000,1516.9840
1052,1,1,1,60.7760,167.8520,0.0000,942.0620,195.7910,133.6060,0.0000,0.0000,1500.0870
1053,1,1,1,60.4430,165.9630,0.0000,942.8560,195.0710,132.1600,0.0000,0.0000,1496.4930
1054,0,1,0,61.6920,164.0180,0.0000,944.8060,193.6670,134.1600,0.0000,0.0000,1498.3430
1055,1,1,1,62.0990,166.8370,0.0000,954.8920,193.1690,135.9330,0.0000,0.0000,1512.9300
1056,1,1,1,60.4490,221.7470,0.0000,949.6860,201.5750,140.4060,0.0000,0.0000,1573.8630
1057,1,1,1,61.5940,170.6580,0.0000,945.9200,197.8090,138.3320,0.0000,0.0000,1514.3130
1058,1,1,1,63.0900,167.2060,0.0000,953.5820,197.0040,134.9600,0.0000,0.0000,1515.8420
1059,1,1,1,61.6250,166.0300,0.0000,943.4460,195.7350,135.4960,0.0000,0.0000,1502.3320
1060,1,1,1,59.9750,164.0180,0.0000,942.4860,194.4680,135.9320,0.0000,0.0000,1496.8790
1061,1,1,1,61.6430,165.0830,0.0000,947.4960,196.6460,133.6920,0.0000,0.0000,1504.5600
1062,1,1,1,62.9660,166.2640,0.0000,948.7260,203.9510,137.9880,0.0000,0.0000,1519.8950
1063,1,1,1,61.9080,170.6770,0.0000,944.9600,196.1050,136.8550,0.0000,0.0000,1510.5050
1064,1,1,1,62.5850,165.7600,0.0000,946.7320,195.6870,136.5910,0.0000,0.0000,1507.3550
1065,1,1,1,61.6740,167.6120,0.0000,955.7040,197.0710,135.9940,0.0000,0.0000,1518.0550
1066,1,1,1,61.8530,168.4130,0.0000,943.2610,195.1820,134.5840,0.0000,0.0000,1503.2930
1067,1,1,1,59.8460,164.6830,0.0000,953.7900,197.3420,135.2240,0.0000,0.0000,1510.8850
1068,1,1,1,61.6430,165.2980,0.0000,948.0000,201.1510,134.1420,0.0000,0.0000,1510.2340
1069,1,1,1,61.3420,168.5970,0.0000,941.8150,196.1170,134.8370,0.0000,0.0000,1502.7080
1070,1,1,1,60.5900,164.9540,0.0000,941.8460,194.1720,134.8740,0.0000,0.0000,1496.4360
1071,1,1,1,62.3510,165.4030,0.0000,945.0460,192.8190,136.3630,0.0000,0.0000,1501.9820
1072,1,1,1,61.4220,164.4800,0.0000,943.2550,196.7570,137.7720,0.0000,0.0000,1503.6860
1073,1,1,1,63.5810,164.9960,0.0000,944.2400,195.5570,135.9320,0.0000,0.0000,1504.3060
1074,1,1,1,63.8770,166.8610,0.0000,978.5040,204.6530,139.3160,0.0000,0.0000,1553.2110
1075,1,1,1,60.8310,166.2900,0.0000,957.6490,196.8310,136.7690,0.0000,0.0000,1518.3700
1076,1,1,1,61.8650,166.8440,0.0000,957.2550,195.1820,135.3360,0.0000,0.0000,1516.4820
1077,1,1,1,61.8700,165.6060,0.0000,945.5020,196.0920,133.4770,0.0000,0.0000,1502.5470
1078,0,1,0,62.8920,165.0270,0.0000,945.1690,194.6340,134.6090,0.0000,0.0000,1502.3310
1079,1,1,1,61.3850,166.6400,0.0000,941.6800,196.4060,134.1110,0.0000,0.0000,1500.2220
1080,1,1,1,61.7970,166.2400,0.0000,957.3410,194.5730,190.0430,0.0000,0.0000,1569.9940
1081,1,1,1,62.7080,171.6310,0.0000,946.0620,194.9350,134.8800,0.0000,0.0000,1510.2160
1082,0,1,1,62.0180,166.8920,0.0000,957.6740,196.1600,132.7810,0.0000,0.0000,1515.5250
1083,1,1,1,62.2330,167.4460,0.0000,955.9510,193.1690,136.1970,0.0000,0.0000,1514.9960
1084,1,1,1,61.5140,165.8460,0.0000,942.4430,194.0000,134.3320,0.0000,0.0000,1498.1350
1085,1,1,1,60.4300,165.2190,0.0000,944.3010,194.7010,132.6890,0.0000,0.0000,1497.3400
1086,1,1,1,63.6250,167.6060,0.0000,956.7500,195.1010,136.3080,0.0000,0.0000,1519.3900
1087,1,1,1,60.9480,207.6130,0.0000,945.8280,197.6120,135.7600,0.0000,0.0000,1547.7610
1088,1,1,0,61.6130,168.8430,0.0000,942.6710,195.6430,134.0000,0.0000,0.0000,1502.7700
1089,0,1,0,61.6490,167.0950,0.0000,944.4800,193.2680,134.4000,0.0000,0.0000,1500.8920
1090,1,1,1,63.7410,165.5270,0.0000,957.0400,193.2560,135.9940,0.0000,0.0000,1515.5580
1091,1,1,1,61.7720,164.3380,0.0000,945.3540,192.0610,134.5230,0.0000,0.0000,1498.0480
1092,0,1,0,60.7630,167.0770,0.0000,944.0370,194.5170,134.7010,0.0000,0.0000,1501.0950
1093,1,1,0,61.2620,165.6620,0.0000,950.2950,206.7690,140.1420,0.0000,0.0000,1524.1300
1094,1,1,1,62.4060,166.3500,0.0000,947.0770,195.7720,135.8830,0.0000,0.0000,1507.4880
1095,1,1,1,62.1530,169.9870,0.0000,956.1600,196.2090,135.7470,0.0000,0.0000,1520.2560
1096,1,1,1,62.7270,168.5230,0.0000,957.2070,193.9570,135.6730,0.0000,0.0000,1518.0870
1097,0,1,0,62.5660,164.6830,0.0000,945.5080,194.5790,134.4310,0.0000,0.0000,1501.7670
1098,1,1,1,61.5630,167.1940,0.0000,955.6130,192.6650,133.9320,0.0000,0.0000,1510.9670
1099,0,1,0,61.4890,165.2310,0.0000,949.9810,201.2620,135.8710,0.0000,0.0000,1513.8340
1100,1,1,1,61.3720,167.9440,0.0000,944.1410,196.4620,135.6300,0.0000,0.0000,1505.5490
1101,1,1,1,62.1900,165.2980,0.0000,945.3230,194.2520,135.4340,0.0000,0.0000,1502.4970
1102,0,1,0,60.1350,166.3810,0.0000,956.6890,194.7510,132.7690,0.0000,0.0000,1510.7250
1103,1,1,1,61.0150,165.8220,0.0000,943.2130,194.0800,132.9780,0.0000,0.0000,1497.1080
1104,1,1,1,60.7630,166.8190,0.0000,943.0220,194.6150,136.3010,0.0000,0.0000,1501.5200
1105,1,1,1,59.5870,165.7720,0.0000,959.6310,203.2190,138.1910,0.0000,0.0000,1526.4000
1106,1,1,1,61.6980,166.2330,0.0000,945.7290,197.2680,135.3720,0.0000,0.0000,1506.3000
1107,1,1,1,61.9810,165.7160,0.0000,956.0740,193.7300,132.1970,0.0000,0.0000,1509.6980
1108,1,1,0,62.9720,164.7320,0.0000,941.9630,193.0890,135.2860,0.0000,0.0000,1498.0420
1109,1,1,1,61.2310,165.8030,0.0000,942.9410,194.2460,133.9440,0.0000,0.0000,1498.1650
1110,1,1,1,61.6130,166.7810,0.0000,955.7720,194.1600,135.6370,0.0000,0.0000,1513.9630
1111,1,1,1,60.8060,164.5170,0.0000,943.7040,192.8490,178.0490,0.0000,0.0000,1539.9250
1112,1,1,1,61.0340,168.6330,0.0000,946.4550,197.4520,136.9970,0.0000,0.0000,1510.5710
1113,0,1,0,63.3170,170.5600,0.0000,942.1540,195.5140,134.1850,0.0000,0.0000,1505.7300
1114,1,1,1,59.1390,165.5880,0.0000,942.8060,195.0220,134.7010,0.0000,0.0000,1497.2560
1115,0,1,1,62.5170,166.3260,0.0000,943.0530,193.5570,134.0310,0.0000,0.0000,1499.4840
1116,0,1,0,61.4400,166.0060,0.0000,943.1940,193.2310,134.3140,0.0000,0.0000,1498.1850
1117,1,1,1,61.5880,166.5170,0.0000,942.5290,193.2070,136.3570,0.0000,0.0000,1500.1980
1118,1,1,1,60.8000,201.9390,0.0000,945.9510,201.8830,134.0250,0.0000,0.0000,1544.5980
1119,1,1,1,60.0060,167.0340,0.0000,957.6000,195.6560,135.4090,0.0000,0.0000,1515.7050
1120,1,1,1,62.8430,168.1230,0.0000,945.0830,197.4280,133.8710,0.0000,0.0000,1507.3480
1121,1,1,1,61.0400,163.4950,0.0000,941.2310,195.1440,134.4250,0.0000,0.0000,1495.3350
1122,1,1,1,61.1570,167.4340,0.0000,957.2310,194.2950,135.0770,0.0000,0.0000,1515.1940
1123,0,1,0,59.9940,166.4980,0.0000,942.3810,193.9760,134.5050,0.0000,0.0000,1497.3540
1124,0,1,0,61.0460,166.8300,0.0000,950.9720,203.6000,136.2400,0.0000,0.0000,1518.6880
1125,1,1,1,62.5540,168.2460,0.0000,944.0120,197.6800,137.7790,0.0000,0.0000,1510.2710
1126,1,1,1,62.1360,164.2830,0.0000,942.8610,194.7200,134.8550,0.0000,0.0000,1498.8550
1127,1,1,1,61.7780,167.8210,0.0000,945.3360,195.0280,135.1570,0.0000,0.0000,1505.1200
1128,1,1,1,60.7810,165.5200,0.0000,955.3730,194.4240,137.2430,0.0000,0.0000,1513.3410
1129,0,1,0,60.3200,164.2580,0.0000,956.8060,194.3880,133.8220,0.0000,0.0000,1509.5940
1130,0,1,0,59.9630,164.8430,0.0000,944.9910,203.7600,138.3010,0.0000,0.0000,1511.8580
1131,1,1,0,62.6890,170.0620,0.0000,942.9540,196.1160,136.4490,0.0000,0.0000,1508.2700
1132,1,1,0,62.8060,167.0890,0.0000,945.5450,194.7080,134.1780,0.0000,0.0000,1504.3260
1133,1,1,1,61.8280,166.3820,0.0000,944.6530,193.9200,133.7600,0.0000,0.0000,1500.5430
1134,1,1,1,60.7760,166.7140,0.0000,945.2190,195.6370,135.4100,0.0000,0.0000,1503.7560
1135,1,1,1,61.4830,165.5260,0.0000,940.9230,192.8740,134.2650,0.0000,0.0000,1495.0710
1136,1,1,1,61.0340,166.5600,0.0000,994.3140,199.5630,136.0060,0.0000,0.0000,1557.4770
1137,1,1,1,62.7630,168.9840,0.0000,943.6680,196.5670,133.6370,0.0000,0.0000,1505.6190
1138,1,1,1,60.7260,166.6700,0.0000,956.2150,193.3600,134.9480,0.0000,0.0000,1511.9190
1139,1,1,1,60.5660,167.3350,0.0000,952.8980,193.3230,134.5360,0.0000,0.0000,1508.6580
1140,0,1,0,62.9600,164.6340,0.0000,944.1350,192.5300,136.5600,0.0000,0.0000,1500.8190
1141,0,1,1,60.7330,164.4370,0.0000,957.8160,194.7200,134.4430,0.0000,0.0000,1512.1490
1142,1,1,1,62.9600,167.1020,0.0000,956.2220,194.2890,195.9200,0.0000,0.0000,1576.4930
1143,1,1,1,62.0430,171.1080,0.0000,943.4210,196.2710,137.3850,0.0000,0.0000,1510.2280
1144,0,1,0,61.4830,169.9870,0.0000,945.8150,194.7200,135.4400,0.0000,0.0000,1507.4450
1145,1,1,1,61.6370,166.2090,0.0000,944.9480,195.0340,134.2950,0.0000,0.0000,1502.1230
1146,1,1,1,61.0890,163.9570,0.0000,957.1450,194.4180,133.4460,0.0000,0.0000,1510.0550
1147,1,1,1,62.2090,166.7940,0.0000,942.3200,193.3230,134.2400,0.0000,0.0000,1498.8860
1148,1,1,1,59.7420,164.4560,0.0000,955.2310,192.9720,134.6650,0.0000,0.0000,1507.0660
1149,1,1,0,61.6190,205.8770,0.0000,943.7100,198.2960,136.1230,0.0000,0.0000,1545.6250
1150,1,1,1,63.9200,168.7630,0.0000,947.0580,196.1470,135.5200,0.0000,0.0000,1511.4080
1151,1,1,1,62.1110,164.2160,0.0000,941.4460,193.0770,133.4090,0.0000,0.0000,1494.2590
1152,1,1,1,60.9290,165.6060,0.0000,941.6870,196.0310,134.5110,0.0000,0.0000,1498.7640
1153,1,1,1,59.1570,167.2430,0.0000,944.7630,194.2030,134.3080,0.0000,0.0000,1499.6740
1154,1,1,1,61.3540,166.2030,0.0000,942.5660,191.9140,136.9290,0.0000,0.0000,1498.9660
1155,1,1,1,61.7600,165.4580,0.0000,945.5380,201.8400,137.9880,0.0000,0.0000,1512.5840
1156,1,1,1,61.2060,168.7940,0.0000,945.2190,195.6990,135.6000,0.0000,0.0000,1506.5180
1157,1,1,1,61.3660,165.9020,0.0000,944.4670,195.0340,135.9200,0.0000,0.0000,1502.6890
1158,1,1,1,62.1110,166.4670,0.0000,944.5230,196.1170,135.5690,0.0000,0.0000,1504.7870
1159,1,1,1,60.7880,167.3600,0.0000,946.4800,195.8210,134.9170,0.0000,0.0000,1505.3660
1160,1,1,1,60.8800,166.2340,0.0000,944.5100,196.2270,135.2610,0.0000,0.0000,1503.1120
1161,1,1,1,61.9570,165.5320,0.0000,945.0710,217.8400,146.8190,0.0000,0.0000,1537.2190
1162,1,1,1,64.3570,173.7660,0.0000,946.1170,198.4370,141.1140,0.0000,0.0000,1523.7910
1163,1,1,1,63.6930,169.6620,0.0000,941.3420,196.4980,135.0280,0.0000,0.0000,1506.2230
1164,1,1,1,61.7900,165.9940,0.0000,942.6950,194.7510,133.7290,0.0000,0.0000,1498.9590
1165,1,1,1,61.7840,165.5880,0.0000,941.5690,194.2890,134.3870,0.0000,0.0000,1497.6170
1166,1,1,1,62.7630,166.1720,0.0000,942.8060,194.0240,135.4030,0.0000,0.0000,1501.1680
1167,1,1,1,62.1970,166.1780,0.0000,1023.6060,209.4090,142.2890,0.0000,0.0000,1603.6790
1168,1,1,1,63.6800,173.9380,0.0000,945.8950,196.5290,136.3870,0.0000,0.0000,1516.4290
1169,0,1,1,61.6310,166.7020,0.0000,944.5110,194.2960,133.8210,0.0000,0.0000,1500.9610
1170,1,1,1,61.4580,166.4240,0.0000,942.2950,195.7970,134.5660,0.0000,0.0000,1500.5400
1171,1,1,1,61.9140,167.6680,0.0000,943.8090,193.8280,133.3230,0.0000,0.0000,1500.5420
1172,1,1,1,61.0830,166.4980,0.0000,943.7480,193.4150,135.8710,0.0000,0.0000,1500.6150
1173,1,1,1,62.4550,167.7730,0.0000,942.7570,196.2160,183.0590,0.0000,0.0000,1552.2600
1174,0,1,0,64.0060,171.4030,0.0000,943.8150,195.5630,136.2400,0.0000,0.0000,1511.0270
1175,1,1,1,60.9050,166.4430,0.0000,940.8860,196.4800,135.9260,0.0000,0.0000,1500.6400
1176,0,1,0,60.9720,165.7110,0.0000,941.0710,193.6370,133.0830,0.0000,0.0000,1494.4740
1177,0,1,0,61.9930,167.0270,0.0000,954.9850,192.0860,134.9480,0.0000,0.0000,1511.0390
1178,1,1,1,60.9480,168.0860,0.0000,954.4310,194.4920,133.7600,0.0000,0.0000,1511.7170
1179,1,1,1,60.8800,166.7510,0.0000,942.9170,194.7630,133.3110,0.0000,0.0000,1498.6220
1180,1,1,1,60.5720,208.8610,0.0000,944.5840,199.8650,137.8770,0.0000,0.0000,1551.7590
1181,1,1,1,62.7820,170.6090,0.0000,942.8060,194.8370,133.6250,0.0000,0.0000,1504.6590
1182,1,1,1,61.7350,168.7070,0.0000,941.8330,197.9020,134.0860,0.0000,0.0000,1504.2630
1183,0,1,0,60.9170,166.2460,0.0000,957.4460,194.2090,136.2470,0.0000,0.0000,1515.0650
1184,1,1,1,63.7600,167.5200,0.0000,945.0340,195.2680,133.2800,0.0000,0.0000,1504.8620
1185,1,1,1,61.2490,163.6990,0.0000,956.5170,193.7720,134.7810,0.0000,0.0000,1510.0180
1186,1,1,1,60.6770,166.3440,0.0000,947.3910,200.4370,139.1750,0.0000,0.0000,1514.0240
1187,1,1,1,61.8030,170.4920,0.0000,945.1870,196.8920,136.8240,0.0000,0.0000,1511.1980
1188,1,1,1,62.9970,166.8490,0.0000,944.7380,195.6430,136.8550,0.0000,0.0000,1507.0820
1189,1,1,1,59.5020,164.5730,0.0000,941.1940,193.4650,135.5820,0.0000,0.0000,1494.3160
1190,0,1,0,61.8470,166.3940,0.0000,942.5350,194.3320,133.8770,0.0000,0.0000,1498.9850
1191,1,1,1,61.4160,164.8930,0.0000,948.6210,192.9420,134.3570,0.0000,0.0000,1502.2290
1192,1,1,1,63.0100,165.7850,0.0000,943.1810,202.5170,137.8520,0.0000,0.0000,1512.3450
1193,1,1,1,61.3780,167.6550,0.0000,943.9260,196.0610,134.9350,0.0000,0.0000,1503.9550
1194,1,1,1,61.7910,167.9940,0.0000,944.5600,194.8990,136.8240,0.0000,0.0000,1506.0680
1195,1,1,1,61.2620,166.7820,0.0000,955.9630,191.1870,136.0980,0.0000,0.0000,1511.2920
1196,1,1,1,61.4470,165.7720,0.0000,954.8800,193.1940,133.9940,0.0000,0.0000,1509.2870
1197,1,1,1,59.6550,165.6800,0.0000,944.9170,193.9260,136.0490,0.0000,0.0000,1500.2270
1198,1,1,1,60.8120,166.9720,0.0000,981.4030,204.6890,137.3970,0.0000,0.0000,1551.2730
1199,1,1,1,62.8740,172.5850,0.0000,943.2610,196.9170,137.6120,0.0000,0.0000,1513.2490
1200,1,1,1,63.1940,167.7170,0.0000,957.7470,196.4190,135.3600,0.0000,0.0000,1520.4370
1201,1,1,1,63.7850,164.5970,0.0000,945.1080,195.7420,137.6680,0.0000,0.0000,1506.9000
1202,1,1,1,63.0700,165.5810,0.0000,943.5140,195.2120,134.6890,0.0000,0.0000,1502.0660
1203,1,1,1,61.3910,166.4060,0.0000,942.4240,194.2030,133.2120,0.0000,0.0000,1497.6360
1204,1,1,1,62.5110,165.0710,0.0000,957.0100,193.9880,209.0220,0.0000,0.0000,1587.6020
1205,1,1,1,63.3480,176.1420,0.0000,946.8620,197.7540,136.8310,0.0000,0.0000,1520.9370
1206,1,1,1,62.9480,168.0800,0.0000,943.7360,193.6860,136.3450,0.0000,0.0000,1504.7950
1207,0,1,0,62.1660,165.6550,0.0000,943.2120,195.1630,135.7910,0.0000,0.0000,1501.9870
1208,1,1,1,63.4710,165.9450,0.0000,941.4710,195.8530,133.7480,0.0000,0.0000,1500.4880
1209,1,1,0,61.6740,166.4920,0.0000,943.5010,195.4710,133.5690,0.0000,0.0000,1500.7070
1210,1,1,1,60.8070,165.1870,0.0000,943.7470,194.5540,137.1070,0.0000,0.0000,1501.4020
1211,1,1,1,62.3570,302.4000,0.0000,952.9470,212.6280,148.0120,0.0000,0.0000,1678.3440
1212,1,1,1,64.7560,174.0800,0.0000,946.6530,201.0220,139.4400,0.0000,0.0000,1525.9510
1213,1,1,1,61.7850,169.1330,0.0000,945.1140,193.2740,136.6580,0.0000,0.0000,1505.9640
1214,1,1,1,61.4650,166.9910,0.0000,943.4770,193.4890,134.8920,0.0000,0.0000,1500.3140
1215,1,1,1,61.3850,168.7690,0.0000,947.3240,195.2430,135.0460,0.0000,0.0000,1507.7670
1216,1,1,1,63.8090,164.3940,0.0000,942.1410,196.2580,135.4280,0.0000,0.0000,1502.0300
1217,1,1,1,61.7110,165.4900,0.0000,991.9630,204.1110,137.1690,0.0000,0.0000,1560.4440
1218,0,1,0,62.8370,170.0310,0.0000,955.8770,196.4500,136.2770,0.0000,0.0000,1521.4720
1219,1,1,1,62.3690,166.3630,0.0000,944.9290,196.5540,137.2120,0.0000,0.0000,1507.4270
1220,0,1,0,61.7290,166.9230,0.0000,946.8430,195.8830,134.4610,0.0000,0.0000,1505.8390
1221,1,1,1,62.0920,165.7540,0.0000,941.9260,193.5750,134.8800,0.0000,0.0000,1498.2270
1222,0,1,0,60.8190,167.7840,0.0000,943.6180,192.6270,135.4890,0.0000,0.0000,1500.3370
1223,1,1,1,62.4190,165.6740,0.0000,950.7880,203.2550,137.7790,0.0000,0.0000,1519.9150
1224,1,1,1,63.4830,168.2270,0.0000,944.3200,195.9940,136.9350,0.0000,0.0000,1508.9590
1225,1,1,1,61.6060,166.2160,0.0000,954.9350,193.1140,135.1570,0.0000,0.0000,1511.0280
1226,0,1,0,61.2240,167.6190,0.0000,945.7050,194.8190,134.2580,0.0000,0.0000,1503.6250
1227,0,1,0,61.9450,165.9880,0.0000,943.3660,194.9300,135.1260,0.0000,0.0000,1501.3550
1228,1,1,1,61.5870,164.6400,0.0000,943.9080,194.5600,132.6220,0.0000,0.0000,1497.3170
1229,1,1,1,61.7600,165.9870,0.0000,957.5570,206.3810,142.6030,0.0000,0.0000,1534.2880
1230,1,1,0,61.7350,170.8060,0.0000,945.2430,197.6800,138.6100,0.0000,0.0000,1514.0740
1231,1,1,1,61.0650,168.6770,0.0000,943.8280,196.7380,136.5850,0.0000,0.0000,1506.8930
1232,0,1,1,63.8890,166.1600,0.0000,957.7530,196.5600,135.4590,0.0000,0.0000,1519.8210
1233,1,1,1,61.6730,166.1290,0.0000,942.9720,195.5020,134.1720,0.0000,0.0000,1500.4480
1234,0,1,0,59.8340,165.7110,0.0000,942.6950,194.0930,132.6590,0.0000,0.0000,1494.9920
1235,1,1,1,61.7470,166.6280,0.0000,945.6120,242.9040,140.0800,0.0000,0.0000,1556.9710
1236,1,1,1,61.3970,171.4090,0.0000,944.6460,195.5820,138.6950,0.0000,0.0000,1511.7290
1237,1,1,0,62.7690,166.7570,0.0000,942.8000,192.2530,134.5730,0.0000,0.0000,1499.1520
1238,1,1,0,60.9780,166.4310,0.0000,944.8930,193.9390,135.9870,0.0000,0.0000,1502.2280
1239,1,1,1,62.6830,164.7320,0.0000,941.3910,195.1450,134.2150,0.0000,0.0000,1498.1660
1240,1,1,1,61.8770,165.0770,0.0000,943.0210,194.2960,134.1970,0.0000,0.0000,1498.4680
1241,1,1,1,59.2250,166.7080,0.0000,943.2060,194.5970,133.1880,0.0000,0.0000,1496.9240
1242,1,1,1,67.1390,172.8680,0.0000,943.9260,198.5170,138.2650,0.0000,0.0000,1520.7150
1243,1,1,1,63.2620,168.0370,0.0000,956.8130,196.2710,136.1850,0.0000,0.0000,1520.5680
1244,1,1,1,61.6240,167.7850,0.0000,957.9200,195.7970,134.9790,0.0000,0.0000,1518.1050
1245,1,1,1,59.8090,167.1690,0.0000,942.8500,193.8830,134.9300,0.0000,0.0000,1498.6410
1246,1,1,1,62.6220,164.0060,0.0000,943.4960,193.9690,136.9360,0.0000,0.0000,1501.0290
1247,1,1,0,62.0190,163.6980,0.0000,946.3450,194.1540,132.7020,0.0000,0.0000,1498.9180
1248,1,1,1,61.1200,165.6430,0.0000,950.7820,201.2060,137.8770,0.0000,0.0000,1516.6280
1249,1,1,1,61.8400,167.7420,0.0000,944.2090,194.9050,134.8310,0.0000,0.0000,1503.5270
1250,1,1,1,61.1750,168.0070,0.0000,945.2920,194.0000,133.8580,0.0000,0.0000,1502.3320
1251,0,1,0,61.7290,165.9320,0.0000,944.3200,193.1570,133.9080,0.0000,0.0000,1499.0460
1252,0,1,0,61.1320,167.8770,0.0000,944.0680,192.7880,134.3330,0.0000,0.0000,1500.1980
1253,1,1,1,61.2740,167.9140,0.0000,943.6120,192.4490,134.3140,0.0000,0.0000,1499.5630
1254,1,1,1,61.7230,165.6860,0.0000,951.0950,201.9510,137.4710,0.0000,0.0000,1517.9260
1255,1,1,1,61.6860,166.9780,0.0000,943.7910,194.7450,137.9570,0.0000,0.0000,1505.1570
1256,0,1,0,61.7600,166.3820,0.0000,943.1630,191.6980,136.7880,0.0000,0.0000,1499.7910
1257,1,1,1,61.8470,163.2370,0.0000,941.5940,195.8030,134.9350,0.0000,0.0000,1497.4160
1258,1,1,1,62.2960,167.6980,0.0000,942.9050,192.9660,135.3660,0.0000,0.0000,1501.2310
1259,1,1,1,61.4220,164.4670,0.0000,942.4560,193.8890,137.8960,0.0000,0.0000,1500.1300
1260,1,1,1,62.8060,166.0000,0.0000,950.1850,203.2430,138.8680,0.0000,0.0000,1521.1020
1261,1,1,0,63.2800,170.7560,0.0000,944.2340,195.6060,136.0180,0.0000,0.0000,1509.8940
1262,1,1,1,61.1690,167.6130,0.0000,958.0980,195.9630,135.9760,0.0000,0.0000,1518.8190
1263,1,1,1,62.8670,167.1080,0.0000,944.4500,195.8210,134.2830,0.0000,0.0000,1504.5290
1264,1,1,1,62.9910,165.5140,0.0000,941.4590,194.7880,135.7840,0.0000,0.0000,1500.5360
1265,0,1,0,60.3690,166.7570,0.0000,944.2090,194.2590,134.2090,0.0000,0.0000,1499.8030
1266,1,1,1,63.7790,165.5380,0.0000,943.1440,246.3140,138.7870,0.0000,0.0000,1557.5620
1267,1,1,1,61.7410,170.0980,0.0000,948.3260,195.2180,136.6650,0.0000,0.0000,1512.0480
1268,1,1,1,61.6310,166.8490,0.0000,947.7480,197.1140,137.7840,0.0000,0.0000,1511.1260
1269,1,1,0,62.6580,167.1690,0.0000,956.0680,195.2370,135.8520,0.0000,0.0000,1516.9840
1270,1,1,1,59.5390,165.5820,0.0000,942.9720,193.6490,135.1260,0.0000,0.0000,1496.8680
1271,1,1,1,61.6300,165.6000,0.0000,941.7290,191.9570,134.0000,0.0000,0.0000,1494.9160
1272,1,1,1,61.5440,163.9080,0.0000,956.5660,193.3170,170.5540,0.0000,0.0000,1545.8890
1273,1,1,1,65.5750,170.3940,0.0000,945.9380,195.6550,135.6180,0.0000,0.0000,1513.1800
1274,1,1,1,62.8800,168.8250,0.0000,943.2120,195.7110,134.7760,0.0000,0.0000,1505.4040
1275,1,1,1,62.5840,168.4680,0.0000,944.6770,195.7540,135.3410,0.0000,0.0000,1506.8240
1276,1,1,1,62.5540,166.2650,0.0000,955.9880,196.8180,133.7170,0.0000,0.0000,1515.3420
1277,1,1,1,61.8530,164.2950,0.0000,944.0930,193.8400,133.2740,0.0000,0.0000,1497.3550
1278,1,1,1,60.2030,163.4090,0.0000,941.9140,192.1850,133.8460,0.0000,0.0000,1491.5570
1279,1,1,1,61.0340,164.9040,0.0000,1009.8890,206.3080,139.3660,0.0000,0.0000,1581.5010
1280,1,1,1,62.6220,169.3600,0.0000,958.0800,196.8120,136.0680,0.0000,0.0000,1522.9420
1281,0,1,0,61.4830,166.3500,0.0000,955.3410,195.0220,136.5970,0.0000,0.0000,1514.7930
1282,1,1,1,63.5570,165.6490,0.0000,942.0180,193.9070,134.3380,0.0000,0.0000,1499.4690
1283,1,1,1,61.5940,166.6340,0.0000,943.5080,194.0490,135.8890,0.0000,0.0000,1501.6740
1284,1,1,1,60.1290,167.3170,0.0000,955.7170,195.1510,135.7170,0.0000,0.0000,1514.0310
1285,1,1,1,62.0000,165.0590,0.0000,953.5450,202.0310,137.3910,0.0000,0.0000,1520.0260
1286,1,1,1,62.2090,166.5900,0.0000,943.7910,194.7880,136.3140,0.0000,0.0000,1503.6920
1287,1,1,1,62.1110,166.6090,0.0000,941.9140,194.6640,136.8120,0.0000,0.0000,1502.1100
1288,1,1,1,62.3510,167.4830,0.0000,943.1510,194.7940,134.4430,0.0000,0.0000,1502.2220
1289,0,1,0,61.4470,165.1320,0.0000,942.5970,195.9390,135.1070,0.0000,0.0000,1500.2220
1290,1,1,1,62.5420,167.1510,0.0000,943.9880,195.1200,134.6900,0.0000,0.0000,1503.4910
1291,1,1,1,61.9390,167.0090,0.0000,946.6580,203.2180,140.7390,0.0000,0.0000,1519.5630
1292,0,1,0,61.6670,167.6560,0.0000,944.4060,196.3940,135.8950,0.0000,0.0000,1506.0180
1293,1,1,1,62.4310,168.6590,0.0000,943.4890,195.9810,134.3940,0.0000,0.0000,1504.9540
1294,1,1,1,61.4280,165.8520,0.0000,940.9900,195.6730,134.2770,0.0000,0.0000,1498.2200
1295,1,1,1,61.6740,165.4650,0.0000,942.5480,193.6430,133.6060,0.0000,0.0000,1496.9360
1296,1,1,1,60.4120,164.5470,0.0000,945.7470,193.7420,133.4640,0.0000,0.0000,1497.9120
1297,1,1,1,60.6030,165.2990,0.0000,954.5790,240.4550,137.5810,0.0000,0.0000,1558.5170
1298,0,1,0,63.4210,169.0590,0.0000,955.3720,195.4210,136.0920,0.0000,0.0000,1519.3650
1299,1,1,1,62.1540,167.8400,0.0000,944.3140,193.9080,135.7720,0.0000,0.0000,1503.9880
1300,0,1,0,59.9260,168.4070,0.0000,954.1230,195.7350,135.3470,0.0000,0.0000,1513.5380
1301,1,1,1,62.1230,168.1050,0.0000,946.0860,197.5020,136.8920,0.0000,0.0000,1510.7080
1302,0,1,0,62.1730,165.9940,0.0000,946.0920,193.7790,137.0340,0.0000,0.0000,1505.0720
1303,1,1,1,62.1110,164.6770,0.0000,941.9380,192.8990,176.5040,0.0000,0.0000,1538.1290
1304,1,1,1,62.9720,170.1360,0.0000,948.1110,197.4340,136.6100,0.0000,0.0000,1515.2630
1305,1,1,1,62.5910,167.3910,0.0000,942.8680,196.1540,135.5020,0.0000,0.0000,1504.5060
1306,1,1,1,62.1970,166.8740,0.0000,944.3880,194.0370,135.9440,0.0000,0.0000,1503.4400
1307,1,1,1,62.9420,167.4400,0.0000,945.1390,192.7270,135.0460,0.0000,0.0000,1503.2940
1308,1,1,1,63.2120,166.0860,0.0000,955.9260,193.8770,136.8000,0.0000,0.0000,1515.9010
1309,1,1,1,61.0150,165.8100,0.0000,956.1730,193.6800,136.5110,0.0000,0.0000,1513.1890
1310,1,1,1,60.8370,205.9390,0.0000,945.7720,200.1600,139.3290,0.0000,0.0000,1552.0370
1311,1,1,1,62.2950,166.6400,0.0000,943.5010,195.4710,135.9140,0.0000,0.0000,1503.8210
1312,1,1,0,62.5110,167.3230,0.0000,956.0620,196.6160,135.4150,0.0000,0.0000,1517.9270
1313,1,1,0,61.9200,166.8060,0.0000,945.4340,194.6400,134.7690,0.0000,0.0000,1503.5690
1314,1,1,1,61.4590,165.2310,0.0000,942.0310,194.9360,135.6310,0.0000,0.0000,1499.2880
1315,1,1,1,61.5570,168.0310,0.0000,942.5910,193.5010,136.7320,0.0000,0.0000,1502.4120
1316,0,1,1,61.5130,164.8610,0.0000,945.6980,203.8650,138.4300,0.0000,0.0000,1514.3670
1317,1,1,1,60.6340,169.1020,0.0000,943.3540,196.7330,136.7440,0.0000,0.0000,1506.5670
1318,1,1,1,61.3360,168.6400,0.0000,957.5080,193.1940,135.2000,0.0000,0.0000,1515.8780
1319,1,1,1,62.4680,166.1970,0.0000,943.2370,196.5160,134.3260,0.0000,0.0000,1502.7440
1320,1,1,1,60.8430,164.7510,0.0000,944.4920,194.8800,134.1780,0.0000,0.0000,1499.1440
1321,0,1,0,61.9570,164.2220,0.0000,941.4400,193.2680,134.9900,0.0000,0.0000,1495.8770
1322,1,1,1,60.0740,168.0190,0.0000,949.0210,202.3140,137.7660,0.0000,0.0000,1517.1940
1323,1,1,1,62.8620,168.3320,0.0000,942.8800,195.3230,136.3330,0.0000,0.0000,1505.7300
1324,1,1,1,63.3970,165.9940,0.0000,946.5350,194.8680,136.1040,0.0000,0.0000,1506.8980
1325,1,1,1,61.9390,167.2610,0.0000,944.4740,195.4460,132.6520,0.0000,0.0000,1501.7720
1326,1,1,1,61.8160,166.8610,0.0000,946.3570,197.3110,135.6060,0.0000,0.0000,1507.9510
1327,1,1,1,61.3850,166.3390,0.0000,943.1330,193.8280,133.6130,0.0000,0.0000,1498.2980
1328,1,1,1,62.9350,164.4920,0.0000,956.2400,249.5140,138.3270,0.0000,0.0000,1571.5080
1329,1,1,1,62.2960,168.5660,0.0000,948.5540,197.8340,136.4120,0.0000,0.0000,1513.6620
1330,1,1,1,62.3200,167.4960,0.0000,956.2210,194.3260,135.2370,0.0000,0.0000,1515.6000
1331,1,1,1,62.4800,167.8900,0.0000,942.1790,193.5320,134.3880,0.0000,0.0000,1500.4690
1332,1,1,1,61.7050,164.4730,0.0000,943.5200,193.4160,134.9230,0.0000,0.0000,1498.0370
1333,1,1,1,61.4090,165.5440,0.0000,945.8890,194.2700,134.2650,0.0000,0.0000,1501.3770
1334,1,1,1,60.1290,164.5290,0.0000,957.3050,192.9040,176.7870,0.0000,0.0000,1551.6540
1335,1,1,1,65.5510,166.9110,0.0000,947.3110,196.6890,136.2150,0.0000,0.0000,1512.6770
1336,1,1,1,62.6890,165.6980,0.0000,943.0520,195.1320,135.7230,0.0000,0.0000,1502.2940
1337,1,1,1,62.0430,165.8030,0.0000,951.6490,193.3360,135.0890,0.0000,0.0000,1507.9200
1338,1,1,1,62.5350,165.2130,0.0000,943.7540,192.1420,135.3410,0.0000,0.0000,1498.9850
1339,1,1,1,61.3290,168.0680,0.0000,944.7380,193.8950,136.9720,0.0000,0.0000,1505.0020
1340,1,1,1,62.5840,166.0740,0.0000,941.8770,196.3140,134.2150,0.0000,0.0000,1501.0640
1341,1,1,1,61.6680,166.4490,0.0000,946.4920,202.9540,135.5880,0.0000,0.0000,1513.1510
1342,1,1,1,61.5690,169.8950,0.0000,947.3290,193.9820,134.9850,0.0000,0.0000,1507.7600
1343,1,1,1,63.1450,167.1200,0.0000,942.1660,195.8590,134.4250,0.0000,0.0000,1502.7150
1344,1,1,1,61.8530,163.7110,0.0000,942.8740,193.6500,136.7320,0.0000,0.0000,1498.8200
1345,1,1,1,62.9790,166.1780,0.0000,945.0030,193.0400,133.5260,0.0000,0.0000,1500.7260
1346,0,1,0,61.0590,166.9540,0.0000,941.3290,195.5760,138.1050,0.0000,0.0000,1503.0230
1347,1,1,1,61.7230,166.0680,0.0000,943.9140,204.5970,138.9660,0.0000,0.0000,1515.2680
1348,1,1,1,62.2090,168.4240,0.0000,945.1630,195.3230,136.5970,0.0000,0.0000,1507.7160
1349,1,1,1,60.0860,166.3820,0.0000,945.2550,197.3480,135.3230,0.0000,0.0000,1504.3940
1350,1,1,1,60.0250,164.5290,0.0000,942.0860,194.3080,133.9510,0.0000,0.0000,1494.8990
1351,0,1,0,61.4520,166.1170,0.0000,957.3170,194.2950,134.3570,0.0000,0.0000,1513.5380
1352,1,1,1,61.2610,165.9820,0.0000,942.9970,193.2360,134.4860,0.0000,0.0000,1497.9620
1353,1,1,1,61.9940,166.7760,0.0000,949.6370,204.6890,137.9020,0.0000,0.0000,1520.9980
1354,1,1,1,64.5050,168.0310,0.0000,944.6220,194.7020,135.6370,0.0000,0.0000,1507.4970
1355,1,1,1,61.6730,170.1720,0.0000,943.3290,195.9630,135.8030,0.0000,0.0000,1506.9400
1356,1,1,1,63.0400,166.6150,0.0000,943.0460,191.8090,134.6530,0.0000,0.0000,1499.1630
1357,1,1,1,61.6250,165.5940,0.0000,944.5850,195.1140,133.8770,0.0000,0.0000,1500.7950
1358,1,1,1,60.9660,164.0000,0.0000,943.8830,191.3350,134.8740,0.0000,0.0000,1495.0580
1359,1,1,1,61.3970,165.7170,0.0000,943.5020,474.4680,193.0770,0.0000,0.0000,1838.1610
1360,1,1,1,79.9140,216.3270,0.0000,962.4920,254.9970,172.9970,0.0000,0.0000,1686.7270
1361,0,1,0,71.9930,205.7420,0.0000,960.8000,251.6060,170.5170,0.0000,0.0000,1660.6580
1362,1,1,1,74.2220,199.3720,0.0000,963.5940,252.6340,169.5080,0.0000,0.0000,1659.3300
1363,1,1,1,75.1270,202.1850,0.0000,960.5970,254.7940,172.6960,0.0000,0.0000,1665.3990
1364,1,1,1,72.3630,200.2770,0.0000,978.7630,362.0310,243.3170,0.0000,0.0000,1856.7510
1365,1,1,1,105.0090,352.7940,0.0000,958.5850,246.7010,160.8610,0.0000,0.0000,1823.9500
1366,1,1,1,68.4060,185.0280,0.0000,952.6710,206.4190,144.4870,0.0000,0.0000,1557.0110
1367,1,1,1,63.5940,172.5660,0.0000,946.1660,198.7380,139.1380,0.0000,0.0000,1520.2020
1368,1,1,1,61.7900,169.7720,0.0000,943.0900,197.2000,134.9160,0.0000,0.0000,1506.7680
1369,1,1,1,61.7040,167.9140,0.0000,946.1910,194.5470,133.4400,0.0000,0.0000,1503.7960
1370,1,1,1,61.4710,166.0430,0.0000,944.8500,198.8740,134.4620,0.0000,0.0000,1505.7000
1371,1,1,1,60.5840,247.3170,0.0000,949.2180,203.9200,144.4370,0.0000,0.0000,1605.4760
1372,1,1,1,64.5790,172.8680,0.0000,945.6920,196.2270,137.4520,0.0000,0.0000,1516.8180
1373,1,1,1,61.5820,168.9660,0.0000,943.4890,196.3010,136.2210,0.0000,0.0000,1506.5590
1374,1,1,1,61.6180,166.5290,0.0000,942.5230,193.7420,134.3320,0.0000,0.0000,1498.7440
1375,1,1,1,61.1020,165.0210,0.0000,944.7630,195.8270,135.0150,0.0000,0.0000,1501.7280
1376,1,1,1,62.6220,165.8210,0.0000,943.1880,193.4770,136.0500,0.0000,0.0000,1501.1580
1377,1,1,1,62.4990,166.5530,0.0000,955.1070,219.6300,144.1050,0.0000,0.0000,1547.8940
1378,1,1,1,66.5350,173.5020,0.0000,948.6460,199.5810,136.6400,0.0000,0.0000,1524.9040
1379,0,1,0,62.7510,168.0190,0.0000,946.0620,196.0490,136.2770,0.0000,0.0000,1509.1580
1380,1,1,1,61.0400,168.0610,0.0000,956.0610,195.4770,134.2710,0.0000,0.0000,1514.9100
1381,1,1,1,60.6650,167.9700,0.0000,944.4930,196.4240,132.9110,0.0000,0.0000,1502.4630
1382,1,1,1,60.9970,166.2950,0.0000,944.1470,192.7810,135.3420,0.0000,0.0000,1499.5620
1383,1,1,1,61.5510,166.1910,0.0000,958.1300,213.2980,142.3690,0.0000,0.0000,1541.5390
1384,1,1,1,61.7790,172.6150,0.0000,947.8090,198.3700,138.2460,0.0000,0.0000,1518.8190
1385,1,1,1,63.2060,168.2640,0.0000,948.4250,197.2000,135.8030,0.0000,0.0000,1512.8980
1386,1,1,1,61.2620,165.7170,0.0000,944.2090,195.3910,136.0920,0.0000,0.0000,1502.6710
1387,1,1,1,63.0160,164.8920,0.0000,957.1880,193.8950,136.9480,0.0000,0.0000,1515.9390
1388,1,1,1,61.5510,165.0160,0.0000,941.7100,195.1630,136.3260,0.0000,0.0000,1499.7660
1389,1,1,1,61.8830,166.8680,0.0000,950.4550,211.4270,142.0920,0.0000,0.0000,1532.7250
1390,1,1,0,64.0130,170.7690,0.0000,943.9750,195.8210,138.2280,0.0000,0.0000,1512.8060
1391,1,1,1,62.5480,168.1600,0.0000,942.9230,195.3110,134.7880,0.0000,0.0000,1503.7300
1392,1,1,1,60.5600,168.9230,0.0000,945.2370,194.7810,136.3940,0.0000,0.0000,1505.8950
1393,1,1,1,61.8650,167.3660,0.0000,945.5450,194.9360,135.1450,0.0000,0.0000,1504.8570
1394,1,1,1,60.9040,166.0620,0.0000,942.5480,196.5230,134.1910,0.0000,0.0000,1500.2280
1395,0,1,0,60.7010,165.5640,0.0000,943.6310,244.9230,138.5350,0.0000,0.0000,1553.3540
1396,1,1,1,62.6520,166.2960,0.0000,945.0650,197.2500,137.0710,0.0000,0.0000,1508.3340
1397,1,1,1,61.1450,167.6990,0.0000,943.6490,192.2030,135.2370,0.0000,0.0000,1499.9330
1398,1,1,1,63.5320,166.4430,0.0000,953.7780,195.2000,134.7510,0.0000,0.0000,1513.7040
1399,1,1,1,60.6890,164.6030,0.0000,942.6650,193.8210,134.3080,0.0000,0.0000,1496.0860
1400,0,1,0,62.0670,166.0740,0.0000,943.5750,193.7840,133.7540,0.0000,0.0000,1499.2540
1401,1,1,1,63.2980,165.9760,0.0000,942.5170,194.3690,134.7200,0.0000,0.0000,1500.8800
1402,1,1,1,65.1820,167.5380,0.0000,942.6400,196.2280,137.5810,0.0000,0.0000,1509.1690
1403,1,1,1,61.1940,164.7320,0.0000,944.1600,194.0240,134.3690,0.0000,0.0000,1498.4790
1404,0,1,0,62.0680,167.6250,0.0000,945.4220,193.8270,135.7600,0.0000,0.0000,1504.7020
1405,1,1,1,60.8000,167.8770,0.0000,943.4950,193.3720,133.8640,0.0000,0.0000,1499.4080
1406,1,1,1,61.3410,166.8920,0.0000,943.3850,195.4650,134.7200,0.0000,0.0000,1501.8030
1407,1,1,1,62.0190,166.5540,0.0000,944.6890,193.3970,134.1290,0.0000,0.0000,1500.7880
1408,1,1,1,60.5350,165.3970,0.0000,958.8180,202.0000,138.2590,0.0000,0.0000,1525.0090
1409,1,1,1,63.5570,169.7110,0.0000,946.1050,194.1290,133.0090,0.0000,0.0000,1506.5110
1410,0,1,0,62.7200,167.5700,0.0000,946.9050,194.3450,136.4240,0.0000,0.0000,1507.9640
1411,1,1,1,60.8560,167.1380,0.0000,945.7780,194.2770,133.8890,0.0000,0.0000,1501.9380
1412,0,1,0,61.4650,163.4770,0.0000,956.0310,194.5410,134.9600,0.0000,0.0000,1510.4740
1413,1,1,1,62.1100,165.8100,0.0000,942.2890,194.4550,135.7720,0.0000,0.0000,1500.4360
1414,1,1,1,62.1230,164.1910,0.0000,957.4340,201.7900,137.8700,0.0000,0.0000,1523.4080
1415,0,1,0,62.7570,167.9080,0.0000,944.4740,194.7140,134.8120,0.0000,0.0000,1504.6650
1416,1,1,1,62.7820,165.6490,0.0000,943.3230,194.7140,134.3080,0.0000,0.0000,1500.7760
1417,1,1,1,60.3260,168.2590,0.0000,942.2710,194.6280,136.7020,0.0000,0.0000,1502.1860
1418,1,1,1,62.6580,166.8060,0.0000,956.5910,192.8310,136.7200,0.0000,0.0000,1515.6060
1419,1,1,1,61.7110,166.0180,0.0000,952.8300,192.7070,135.6990,0.0000,0.0000,1508.9650
1420,1,1,1,62.8670,166.3450,0.0000,953.3600,206.1970,139.4840,0.0000,0.0000,1528.2530
1421,1,1,1,64.4430,168.9720,0.0000,943.5880,198.0500,137.0330,0.0000,0.0000,1512.0860
1422,1,1,1,61.9440,165.8580,0.0000,946.3330,195.5320,135.9020,0.0000,0.0000,1505.5690
1423,1,1,1,61.8710,166.3500,0.0000,944.9970,194.6890,133.5690,0.0000,0.0000,1501.4760
1424,1,1,1,62.0000,166.7140,0.0000,942.0310,192.3510,132.4800,0.0000,0.0000,1495.5760
1425,1,1,1,61.5510,167.0650,0.0000,943.7050,194.6650,134.1540,0.0000,0.0000,1501.1400
1426,1,1,1,60.7450,165.2620,0.0000,947.3050,256.3690,139.2500,0.0000,0.0000,1568.9310
1427,1,1,1,61.9880,171.9570,0.0000,946.3880,198.7570,135.7050,0.0000,0.0000,1514.7950
1428,1,1,1,60.4250,166.4620,0.0000,941.8280,192.2160,133.8340,0.0000,0.0000,1494.7650
1429,0,1,0,60.4250,167.4090,0.0000,943.5260,191.6800,134.8180,0.0000,0.0000,1497.8580
1430,1,1,1,60.6030,165.9130,0.0000,955.6920,194.4120,133.4580,0.0000,0.0000,1510.0780
1431,1,1,1,61.7110,165.2240,0.0000,944.1170,192.9230,133.3540,0.0000,0.0000,1497.3290
1432,1,1,1,62.1720,165.5630,0.0000,940.8430,192.3940,134.1110,0.0000,0.0000,1495.0830
1433,1,1,1,99.9380,170.8980,0.0000,949.4950,195.3840,135.3470,0.0000,0.0000,1551.0620
1434,1,1,1,62.2030,167.2250,0.0000,958.7200,195.9380,135.6980,0.0000,0.0000,1519.7840
1435,1,1,1,62.0610,167.3290,0.0000,956.3200,195.2180,135.8770,0.0000,0.0000,1516.8050
1436,1,1,1,61.5200,166.1780,0.0000,955.6000,195.4280,134.6210,0.0000,0.0000,1513.3470
1437,1,1,1,63.6800,165.5450,0.0000,944.3140,194.7640,135.8950,0.0000,0.0000,1504.1980
1438,1,1,1,59.9940,165.5200,0.0000,955.6680,194.6400,134.5240,0.0000,0.0000,1510.3460
1439,1,1,1,62.5240,166.2090,0.0000,983.2980,200.2960,137.3970,0.0000,0.0000,1549.7240
1440,1,1,1,64.8920,167.5200,0.0000,957.0270,195.1940,135.7970,0.0000,0.0000,1520.4300
1441,1,1,1,61.6370,169.2920,0.0000,945.1260,194.8740,135.3170,0.0000,0.0000,1506.2460
1442,1,1,1,60.4250,168.8180,0.0000,945.8400,194.0060,135.1940,0.0000,0.0000,1504.2830
1443,0,1,0,63.1690,165.2000,0.0000,958.3500,194.4740,135.7660,0.0000,0.0000,1516.9590
1444,0,1,0,59.8460,164.9410,0.0000,940.6340,194.9970,134.3200,0.0000,0.0000,1494.7380
1445,1,1,1,61.5820,167.1080,0.0000,947.5380,199.8950,136.8370,0.0000,0.0000,1512.9600
1446,1,1,1,62.0370,171.2860,0.0000,944.3270,194.2090,136.5480,0.0000,0.0000,1508.4070
1447,1,1,1,60.5780,165.7850,0.0000,942.2960,194.0070,135.7170,0.0000,0.0000,1498.3830
1448,0,1,1,62.0920,166.7380,0.0000,943.3420,195.0710,135.0710,0.0000,0.0000,1502.3140
1449,1,1,1,61.3170,166.7270,0.0000,945.4520,195.9200,132.5110,0.0000,0.0000,1501.9270
1450,0,1,1,61.7660,165.9080,0.0000,943.0330,192.8310,131.9200,0.0000,0.0000,1495.4580
1451,1,1,1,61.5760,165.6620,0.0000,947.7970,205.2730,137.6560,0.0000,0.0000,1517.9640
1452,1,1,1,64.5540,170.5910,0.0000,957.8520,197.9940,135.5560,0.0000,0.0000,1526.5470
1453,0,1,0,62.2030,171.0210,0.0000,954.9410,197.1690,133.6130,0.0000,0.0000,1518.9470
1454,1,1,1,61.0830,166.7630,0.0000,943.0150,195.9200,133.5500,0.0000,0.0000,1500.3310
1455,1,1,1,62.2400,168.0550,0.0000,942.8240,195.6430,134.0250,0.0000,0.0000,1502.7870
1456,1,1,1,59.7360,166.1230,0.0000,945.1020,193.6060,135.3970,0.0000,0.0000,1499.9640
1457,1,1,1,60.5480,164.9170,0.0000,957.2430,236.7700,137.1820,0.0000,0.0000,1556.6600
1458,1,1,1,63.4220,167.8150,0.0000,943.0520,193.9700,137.0640,0.0000,0.0000,1505.3230
1459,0,1,0,62.3510,165.5080,0.0000,944.2650,193.1690,135.0400,0.0000,0.0000,1500.3330
1460,0,1,0,62.8250,162.9300,0.0000,943.1640,195.3970,136.4990,0.0000,0.0000,1500.8150
1461,0,1,0,61.7290,164.2270,0.0000,955.4280,195.2060,133.6740,0.0000,0.0000,1510.2640
1462,1,1,1,61.9390,164.3260,0.0000,943.4520,195.2550,135.8280,0.0000,0.0000,1500.8000
1463,1,1,1,61.8590,165.0030,0.0000,943.4030,195.0220,134.1900,0.0000,0.0000,1499.4770
1464,0,1,0,68.6890,170.5410,0.0000,946.1720,199.6240,138.4920,0.0000,0.0000,1523.5180
1465,0,1,0,62.4000,166.7570,0.0000,958.7820,195.0090,135.2370,0.0000,0.0000,1518.1850
1466,1,1,1,61.8030,166.9050,0.0000,955.0340,194.8800,135.3230,0.0000,0.0000,1513.9450
1467,1,1,1,62.3570,167.0460,0.0000,945.8400,196.6400,136.6650,0.0000,0.0000,1508.5480
1468,0,1,0,60.8310,165.3910,0.0000,955.5010,192.4980,134.9970,0.0000,0.0000,1509.2180
1469,1,1,1,61.1750,164.5540,0.0000,957.5750,222.6520,157.6550,0.0000,0.0000,1563.6110
1470,1,1,1,71.5450,237.8770,0.0000,959.6310,213.2060,146.4370,0.0000,0.0000,1628.6960
1471,1,1,1,65.1260,179.3850,0.0000,951.3230,199.8650,136.7510,0.0000,0.0000,1532.4500
1472,1,1,1,65.1760,169.9080,0.0000,947.5880,196.1790,136.3690,0.0000,0.0000,1515.2200
1473,1,1,1,62.4360,164.9720,0.0000,957.0270,194.6580,136.6210,0.0000,0.0000,1515.7140
1474,1,1,1,62.1540,167.1140,0.0000,942.3940,197.0150,133.8640,0.0000,0.0000,1502.5410
1475,1,1,1,63.1010,166.0490,0.0000,941.4650,193.5510,136.4680,0.0000,0.0000,1500.6340
1476,1,1,1,61.2930,165.7350,0.0000,949.6250,205.7360,137.3960,0.0000,0.0000,1519.7850
1477,1,1,1,61.2000,169.0400,0.0000,945.9440,235.1080,157.2860,0.0000,0.0000,1568.5780
1478,1,1,1,80.9850,240.9410,0.0000,960.3700,225.3170,159.6620,0.0000,0.0000,1667.2750
1479,1,1,1,70.0180,181.9940,0.0000,946.7140,201.9570,141.3350,0.0000,0.0000,1542.0180
1480,1,1,1,62.0190,171.8890,0.0000,944.3200,194.9900,137.8400,0.0000,0.0000,1511.0580
1481,1,1,1,62.7380,170.0250,0.0000,944.4490,227.5760,157.1700,0.0000,0.0000,1561.9580
1482,0,1,0,70.7260,193.6550,0.0000,1012.8860,241.5630,156.1170,0.0000,0.0000,1674.9470
1483,1,1,0,66.4550,182.4370,0.0000,947.6870,203.5880,143.5810,0.0000,0.0000,1543.7480
1484,1,1,1,63.3410,174.4240,0.0000,947.0950,198.6520,136.7820,0.0000,0.0000,1520.2940
1485,1,1,1,62.0680,170.1050,0.0000,944.3380,194.1790,136.8430,0.0000,0.0000,1507.5330
1486,1,1,1,62.1040,167.1380,0.0000,945.4590,196.5660,136.1230,0.0000,0.0000,1507.3900
1487,0,1,0,62.9410,165.4890,0.0000,947.9760,196.1670,137.7780,0.0000,0.0000,1510.3510
1488,1,1,1,61.8100,166.9600,0.0000,950.5970,210.0610,141.8280,0.0000,0.0000,1531.2560
1489,1,1,0,63.9380,170.7140,0.0000,946.4740,193.8030,134.9290,0.0000,0.0000,1509.8580
1490,1,1,1,64.5110,167.0830,0.0000,956.0610,195.7660,135.2550,0.0000,0.0000,1518.6760
1491,1,1,1,61.3600,167.9570,0.0000,957.9570,196.0310,135.6490,0.0000,0.0000,1518.9540
1492,1,1,1,61.3420,165.1510,0.0000,945.0770,195.2800,134.4560,0.0000,0.0000,1501.3060
1493,1,1,0,60.7690,167.1200,0.0000,943.9820,194.0430,134.7450,0.0000,0.0000,1500.6590
1494,1,1,1,62.6520,165.2980,0.0000,950.1600,199.2730,134.7200,0.0000,0.0000,1512.1030
1495,1,1,1,63.0530,168.4300,0.0000,946.3630,194.8120,136.8370,0.0000,0.0000,1509.4950
1496,1,1,1,61.5510,167.1080,0.0000,942.3260,195.0710,137.9630,0.0000,0.0000,1504.0190
1497,1,1,1,61.2120,167.4710,0.0000,944.2530,195.8340,137.7170,0.0000,0.0000,1506.4870
1498,1,1,1,63.0150,165.9510,0.0000,946.5790,195.0460,134.2030,0.0000,0.0000,1504.7940
1499,1,1,1,62.6590,167.4830,0.0000,942.3270,193.9380,135.3410,0.0000,0.0000,1501.7480
1500,1,1,0,83.2130,224.6210,0.0000,962.5410,218.5350,159.2000,0.0000,0.0000,1648.1100
1501,1,1,1,67.8520,178.0560,0.0000,945.3910,201.2670,141.4640,0.0000,0.0000,1534.0300
1502,1,1,1,64.6280,169.6060,0.0000,941.3660,198.8740,138.5660,0.0000,0.0000,1513.0400
1503,1,1,1,61.3420,167.9270,0.0000,945.4090,195.2860,135.6500,0.0000,0.0000,1505.6140
1504,1,1,1,62.3140,166.6590,0.0000,945.6490,194.8060,134.9910,0.0000,0.0000,1504.4190
1505,1,1,1,60.1600,167.0340,0.0000,958.1290,247.0090,157.1200,0.0000,0.0000,1589.4520
1506,1,1,1,66.4490,180.8370,0.0000,952.8980,204.4490,140.2700,0.0000,0.0000,1544.9030
1507,1,1,1,62.6520,172.5230,0.0000,945.0950,198.1910,136.1290,0.0000,0.0000,1514.5900
1508,1,1,1,63.6610,165.8830,0.0000,943.1200,196.1790,135.5130,0.0000,0.0000,1504.3560
1509,1,1,1,60.9110,165.1570,0.0000,958.5420,194.9720,135.5200,0.0000,0.0000,1515.1020
1510,1,1,1,62.3570,164.9410,0.0000,948.0930,195.8700,136.4370,0.0000,0.0000,1507.6980
1511,1,1,1,60.8060,166.4490,0.0000,958.0740,205.4950,139.7780,0.0000,0.0000,1530.6020
1512,1,1,1,63.3910,170.0130,0.0000,945.7480,198.4490,135.9630,0.0000,0.0000,1513.5640
1513,0,1,0,63.3780,168.0620,0.0000,946.0250,195.4090,134.9850,0.0000,0.0000,1507.8590
1514,1,1,1,63.0150,167.6370,0.0000,943.6180,194.4560,136.1900,0.0000,0.0000,1504.9160
1515,0,1,1,61.6620,166.6950,0.0000,946.6580,195.1630,135.9020,0.0000,0.0000,1506.0800
1516,1,1,1,64.1230,166.0740,0.0000,955.2860,192.5170,133.7290,0.0000,0.0000,1511.7290
1517,1,1,1,61.1380,167.3110,0.0000,945.3660,193.3660,183.9450,0.0000,0.0000,1551.1260
1518,1,1,1,62.5970,171.7670,0.0000,956.3200,195.6000,137.4890,0.0000,0.0000,1523.7730
1519,1,1,1,62.3880,167.9880,0.0000,944.1720,194.7880,135.2130,0.0000,0.0000,1504.5490
1520,1,1,1,62.2770,167.1750,0.0000,943.4460,194.0490,132.8920,0.0000,0.0000,1499.8390
1521,1,1,1,59.7480,168.8250,0.0000,942.4500,192.8800,134.1970,0.0000,0.0000,1498.1000
1522,1,1,1,60.9850,165.9450,0.0000,946.0730,194.6520,134.7200,0.0000,0.0000,1502.3750
1523,0,1,0,61.5390,166.6030,0.0000,942.4860,195.4580,135.2930,0.0000,0.0000,1501.3790
1524,0,1,0,63.8830,209.7480,0.0000,943.5760,198.9050,137.4890,0.0000,0.0000,1553.6010
1525,0,1,0,61.9930,168.9110,0.0000,942.6830,197.4220,136.6100,0.0000,0.0000,1507.6190
1526,1,1,1,61.0400,168.2830,0.0000,946.6840,194.7810,135.3410,0.0000,0.0000,1506.1290
1527,1,1,1,62.8610,164.2400,0.0000,945.4640,197.5380,135.7350,0.0000,0.0000,1505.8380
1528,1,1,1,60.5720,166.1540,0.0000,945.4090,195.3970,135.8830,0.0000,0.0000,1503.4150
1529,1,1,1,60.8120,167.0770,0.0000,941.9020,192.4070,137.4280,0.0000,0.0000,1499.6260
1530,1,1,1,61.7540,167.2430,0.0000,947.4270,201.3040,138.3940,0.0000,0.0000,1516.1220
1531,1,1,1,61.4950,169.4650,0.0000,957.5750,193.9760,135.3840,0.0000,0.0000,1517.8950
1532,1,1,1,64.8180,167.6070,0.0000,941.8710,193.0340,136.2220,0.0000,0.0000,1503.5520
1533,0,1,0,61.0580,168.3940,0.0000,943.8150,192.9600,135.5810,0.0000,0.0000,1501.8080
1534,1,1,1,60.9540,167.7420,0.0000,941.7600,191.9440,134.8920,0.0000,0.0000,1497.2920
1535,0,1,0,61.0460,167.0030,0.0000,941.8400,195.5020,133.6370,0.0000,0.0000,1499.0280
1536,0,1,0,61.1690,166.4250,0.0000,959.0220,209.6980,142.3880,0.0000,0.0000,1538.7020
1537,1,1,1,63.0160,170.7260,0.0000,946.6770,196.8990,137.1820,0.0000,0.0000,1514.5000
1538,0,1,0,63.4280,167.7290,0.0000,943.9570,192.9040,137.5690,0.0000,0.0000,1505.5870
1539,1,1,1,62.5540,168.5290,0.0000,943.6120,195.0710,135.9880,0.0000,0.0000,1505.7540
1540,1,1,1,62.1780,168.1790,0.0000,940.7690,194.0360,134.4920,0.0000,0.0000,1499.6540
1541,1,1,1,60.9670,165.5390,0.0000,945.2000,194.7260,134.0370,0.0000,0.0000,1500.4690
1542,1,1,1,61.4710,166.8990,0.0000,963.6060,201.4100,138.2210,0.0000,0.0000,1531.6070
1543,1,1,0,63.2490,167.9070,0.0000,957.3540,195.1560,136.9660,0.0000,0.0000,1520.6320
1544,1,1,1,61.0530,167.2980,0.0000,943.6430,197.4280,135.6120,0.0000,0.0000,1505.0340
1545,1,1,1,61.8650,165.6800,0.0000,940.4060,193.7230,134.7510,0.0000,0.0000,1496.4250
1546,1,1,1,60.0860,163.7480,0.0000,943.7040,194.9290,135.1570,0.0000,0.0000,1497.6240
1547,1,1,1,60.8550,165.7110,0.0000,942.6960,194.3690,135.9450,0.0000,0.0000,1499.5760
1548,1,1,1,61.9690,166.1960,0.0000,954.6160,194.6960,189.1140,0.0000,0.0000,1566.5910
1549,1,1,1,62.9230,174.0920,0.0000,943.4650,196.8000,136.1540,0.0000,0.0000,1513.4340
1550,1,1,1,61.7290,167.5260,0.0000,943.0460,193.4460,133.9320,0.0000,0.0000,1499.6790
1551,1,1,1,63.0460,167.0770,0.0000,946.2580,195.3600,135.2120,0.0000,0.0000,1506.9530
1552,1,1,1,60.7260,166.0680,0.0000,945.9750,193.8950,135.7540,0.0000,0.0000,1502.4180
1553,1,1,1,60.9660,167.4340,0.0000,945.0520,195.8590,134.1540,0.0000,0.0000,1503.4650
1554,0,1,1,60.9480,167.7660,0.0000,955.9690,192.4490,133.6060,0.0000,0.0000,1510.7380
1555,1,1,1,61.7470,209.4890,0.0000,945.6860,199.8890,134.8490,0.0000,0.0000,1551.6600
1556,1,1,1,62.3440,167.4710,0.0000,942.2580,195.3720,135.5870,0.0000,0.0000,1503.0320
1557,1,1,1,60.9040,165.6300,0.0000,942.8490,194.0180,136.8740,0.0000,0.0000,1500.2750
1558,0,1,0,59.8890,165.9380,0.0000,944.5600,194.9910,133.5390,0.0000,0.0000,1498.9170
1559,1,1,1,61.3840,165.7540,0.0000,943.2740,194.8550,132.8560,0.0000,0.0000,1498.1230
1560,1,1,1,61.5820,167.0090,0.0000,955.4270,194.1170,133.1380,0.0000,0.0000,1511.2730
1561,1,1,1,61.9200,164.4920,0.0000,950.5290,201.5320,135.4220,0.0000,0.0000,1513.8950
1562,0,1,0,62.2830,167.4460,0.0000,942.1110,198.1050,135.9760,0.0000,0.0000,1505.9210
1563,1,1,1,61.9750,166.3570,0.0000,940.8990,194.0310,134.9110,0.0000,0.0000,1498.1730
1564,1,1,1,60.1970,165.0640,0.0000,943.3480,195.6610,133.8640,0.0000,0.0000,1498.1340
1565,1,1,1,60.7140,166.2710,0.0000,955.6800,194.9910,137.0030,0.0000,0.0000,1514.6590
1566,1,1,1,62.7450,166.3200,0.0000,943.5510,194.2830,135.3050,0.0000,0.0000,1502.2040
1567,0,1,0,61.3660,165.6740,0.0000,954.4860,205.2180,137.1200,0.0000,0.0000,1523.8640
1568,1,1,1,63.9500,167.5140,0.0000,942.3510,195.9750,135.4760,0.0000,0.0000,1505.2660
1569,1,1,1,61.4460,166.7260,0.0000,942.1110,194.8490,134.3750,0.0000,0.0000,1499.5070
1570,1,1,1,61.2300,164.9290,0.0000,957.2120,195.0950,135.4400,0.0000,0.0000,1513.9060
1571,1,1,1,61.4090,164.7080,0.0000,942.7390,194.4060,134.4800,0.0000,0.0000,1497.7420
1572,1,1,1,62.9410,165.6370,0.0000,942.0180,195.5810,135.2920,0.0000,0.0000,1501.4690
1573,0,1,0,62.2890,166.0800,0.0000,1016.7010,208.3940,140.0370,0.0000,0.0000,1593.5010
1574,1,1,1,62.9480,168.7810,0.0000,946.5970,197.7540,133.8950,0.0000,0.0000,1509.9750
1575,1,1,1,61.1570,169.2860,0.0000,958.5480,195.4270,134.1790,0.0000,0.0000,1518.5970
1576,1,1,1,60.3390,166.8920,0.0000,942.0000,194.7810,135.3600,0.0000,0.0000,1499.3720
1577,1,1,1,62.0680,166.6890,0.0000,946.9240,192.1420,133.7910,0.0000,0.0000,1501.6140
1578,1,1,1,62.7500,165.3790,0.0000,945.9330,193.8520,136.2830,0.0000,0.0000,1504.1970
1579,1,1,1,60.1410,165.8520,0.0000,943.1450,192.9970,176.3450,0.0000,0.0000,1538.4800
1580,1,1,1,62.3630,171.5750,0.0000,946.1170,196.9170,134.9780,0.0000,0.0000,1511.9500
1581,1,1,1,62.0130,167.5260,0.0000,956.5110,194.6400,133.7600,0.0000,0.0000,1514.4500
1582,1,1,1,62.3510,169.2740,0.0000,943.5080,195.9270,136.8550,0.0000,0.0000,1507.9150
1583,1,1,1,60.9780,167.1080,0.0000,943.7420,196.0730,136.9170,0.0000,0.0000,1504.8180
1584,0,1,0,60.7820,164.3020,0.0000,943.0150,194.2280,133.2120,0.0000,0.0000,1495.5390
1585,1,1,1,61.2130,165.1750,0.0000,943.4210,195.4090,134.7630,0.0000,0.0000,1499.9810
1586,1,1,1,62.0680,205.9570,0.0000,942.8670,196.7070,138.5910,0.0000,0.0000,1546.1900
1587,1,1,1,63.6800,165.9130,0.0000,946.2770,194.8430,135.1820,0.0000,0.0000,1505.8950
1588,1,1,1,61.8270,166.3760,0.0000,941.4280,194.8990,134.7080,0.0000,0.0000,1499.2380
1589,1,1,1,61.2740,165.0090,0.0000,943.5450,195.2180,136.1050,0.0000,0.0000,1501.1510
1590,1,1,1,62.9720,166.7330,0.0000,955.0890,195.4270,135.0340,0.0000,0.0000,1515.2550
1591,1,1,1,61.4950,166.6890,0.0000,943.8160,193.8580,135.2920,0.0000,0.0000,1501.1500
1592,1,1,1,61.3840,165.5390,0.0000,951.4220,201.6490,138.6520,0.0000,0.0000,1518.6460
1593,0,1,0,63.2310,169.2430,0.0000,944.9050,195.3480,135.2000,0.0000,0.0000,1507.9270
1594,1,1,1,62.1660,166.1790,0.0000,943.6680,194.8500,134.1780,0.0000,0.0000,1501.0410
1595,1,1,1,61.9450,163.8090,0.0000,941.7790,194.2150,136.8000,0.0000,0.0000,1498.5480
1596,1,1,1,62.3810,165.2130,0.0000,957.3720,193.8900,133.8590,0.0000,0.0000,1512.7150
1597,1,1,1,60.6950,164.2960,0.0000,943.7290,194.1350,135.8770,0.0000,0.0000,1498.7320
1598,1,1,1,62.8250,164.4190,0.0000,951.8580,204.6900,137.8220,0.0000,0.0000,1521.6140
1599,1,1,1,61.5690,169.0270,0.0000,946.4680,196.2210,135.1870,0.0000,0.0000,1508.4720
1600,1,1,1,61.6370,167.7900,0.0000,956.6030,192.7820,135.3420,0.0000,0.0000,1514.1540
1601,0,1,0,61.9750,164.5910,0.0000,943.8220,196.7260,136.0300,0.0000,0.0000,1503.1440
1602,1,1,1,61.3480,165.3970,0.0000,943.9440,195.3410,135.5940,0.0000,0.0000,1501.6240
1603,1,1,1,61.7170,165.1760,0.0000,943.1140,193.7350,135.4270,0.0000,0.0000,1499.1690
1604,1,1,1,62.0430,165.7840,0.0000,989.6180,252.5600,160.9040,0.0000,0.0000,1630.9090
1605,1,1,1,70.5170,200.3270,0.0000,953.5690,239.4590,156.5540,0.0000,0.0000,1620.4260
1606,1,1,1,70.4490,183.3910,0.0000,948.8990,204.7750,141.7840,0.0000,0.0000,1549.2980
1607,1,1,1,63.8830,171.0090,0.0000,947.8270,194.3570,137.8890,0.0000,0.0000,1514.9650
1608,1,1,1,63.6800,170.5230,0.0000,957.6130,193.8210,135.3660,0.0000,0.0000,1521.0030
1609,1,1,1,62.9660,166.8740,0.0000,942.0310,196.1600,134.1170,0.0000,0.0000,1502.1480
1610,0,1,0,62.7760,165.4960,0.0000,944.6650,244.0860,153.1080,0.0000,0.0000,1570.1310
1611,1,1,1,68.8490,186.3870,0.0000,950.6160,203.5810,140.9780,0.0000,0.0000,1550.4110
1612,1,1,1,63.9200,170.3380,0.0000,948.9170,196.2650,136.8370,0.0000,0.0000,1516.2770
1613,1,1,1,63.9200,166.0120,0.0000,957.8830,198.3380,135.4830,0.0000,0.0000,1521.6360
1614,1,1,1,60.6030,165.4030,0.0000,950.1420,214.7930,146.6520,0.0000,0.0000,1537.5930
1615,1,1,1,64.6280,176.2220,0.0000,948.7570,199.5260,138.0740,0.0000,0.0000,1527.2070
1616,1,1,1,63.5200,169.7050,0.0000,948.2520,256.2100,141.3420,0.0000,0.0000,1579.0290
1617,1,1,1,64.4610,171.7170,0.0000,949.2680,220.6340,146.9230,0.0000,0.0000,1553.0030
1618,1,1,1,66.4670,179.4280,0.0000,950.5970,200.2030,141.5380,0.0000,0.0000,1538.2330
1619,1,1,1,64.1480,172.0680,0.0000,946.4870,198.6090,138.3320,0.0000,0.0000,1519.6440
1620,1,1,1,64.3390,168.1600,0.0000,944.1670,195.2860,137.8650,0.0000,0.0000,1509.8170
1621,0,1,0,62.7500,165.4960,0.0000,948.4920,211.2000,145.0830,0.0000,0.0000,1533.0210
1622,1,1,1,65.0770,172.4610,0.0000,944.9040,242.0740,147.6060,0.0000,0.0000,1572.1220
1623,1,1,1,62.8980,175.4580,0.0000,949.1510,201.4770,139.0520,0.0000,0.0000,1528.0360
1624,0,1,1,62.3690,168.6340,0.0000,956.2770,196.1910,136.0370,0.0000,0.0000,1519.5080
1625,1,1,1,68.6650,187.5260,0.0000,949.1390,204.7440,142.3630,0.0000,0.0000,1552.4370
1626,1,1,1,62.2090,171.0030,0.0000,945.4710,199.9760,137.7480,0.0000,0.0000,1516.4070
1627,1,1,1,62.6650,169.7230,0.0000,946.5230,196.3700,136.2400,0.0000,0.0000,1511.5210
1628,1,1,1,62.4120,166.1600,0.0000,947.9880,210.9350,141.3600,0.0000,0.0000,1528.8550
1629,1,1,1,68.7260,179.8900,0.0000,950.7080,200.1730,140.7930,0.0000,0.0000,1540.2900
1630,1,1,1,63.0760,171.8710,0.0000,945.0400,198.2470,139.2430,0.0000,0.0000,1517.4770
1631,1,1,1,63.2120,165.4890,0.0000,956.7690,194.7380,136.5420,0.0000,0.0000,1516.7500
1632,1,1,1,61.6360,169.6680,0.0000,957.4460,211.2920,145.1440,0.0000,0.0000,1545.1860
1633,1,1,1,64.4130,174.0120,0.0000,946.9050,200.7440,136.5850,0.0000,0.0000,1522.6590
1634,1,1,1,64.0180,166.6270,0.0000,945.4960,196.9230,138.0190,0.0000,0.0000,1511.0830
1635,1,1,1,62.4860,228.4740,0.0000,953.8890,227.2620,150.5230,0.0000,0.0000,1622.6340
1636,1,1,1,65.4270,178.5780,0.0000,951.0090,200.7200,141.9200,0.0000,0.0000,1537.6540
1637,1,1,1,63.4270,169.6740,0.0000,958.0490,199.2430,137.4590,0.0000,0.0000,1527.8520
1638,1,1,1,62.1850,168.3440,0.0000,945.4400,198.0180,137.0210,0.0000,0.0000,1511.0080
1639,1,1,1,62.9970,167.4150,0.0000,952.7260,212.9170,145.9390,0.0000,0.0000,1541.9940
1640,1,1,1,65.2500,174.9540,0.0000,948.0800,199.8150,138.2520,0.0000,0.0000,1526.3510
1641,1,1,1,63.2740,168.7630,0.0000,949.9440,203.9940,138.5110,0.0000,0.0000,1524.4860
1642,0,1,0,62.4740,168.9350,0.0000,944.4920,197.0830,137.7240,0.0000,0.0000,1510.7080
1643,1,1,1,63.5450,186.6160,0.0000,946.1910,208.2220,143.7910,0.0000,0.0000,1548.3650
1644,1,1,1,64.2830,171.4400,0.0000,946.9290,198.8430,140.7200,0.0000,0.0000,1522.2150
1645,1,1,1,63.3910,169.3540,0.0000,942.4920,196.3940,137.3910,0.0000,0.0000,1509.0220
1646,1,1,1,62.6150,168.0550,0.0000,945.8220,213.8400,145.4640,0.0000,0.0000,1535.7960
1647,0,1,0,66.7510,176.2400,0.0000,953.6680,209.8830,141.8900,0.0000,0.0000,1548.4320
1648,1,1,1,64.4250,172.3930,0.0000,955.6800,198.1670,138.7930,0.0000,0.0000,1529.4580
1649,1,1,1,62.9730,167.6250,0.0000,943.4650,197.2550,136.3880,0.0000,0.0000,1507.7060
1650,1,1,1,62.7750,167.5200,0.0000,947.2250,216.9790,145.2610,0.0000,0.0000,1539.7600
1651,1,1,1,66.3940,176.2590,0.0000,947.8210,200.1910,141.1880,0.0000,0.0000,1531.8530
1652,1,1,1,63.0030,169.9260,0.0000,942.0670,196.1300,137.3910,0.0000,0.0000,1508.5170
1653,1,1,1,63.6920,167.3850,0.0000,956.6400,205.8580,140.1290,0.0000,0.0000,1533.7040
1654,0,1,0,63.8580,169.8220,0.0000,958.0740,213.5080,144.2400,0.0000,0.0000,1549.5020
1655,0,1,0,65.6620,174.0620,0.0000,945.7850,197.7350,138.5720,0.0000,0.0000,1521.8160
1656,1,1,0,63.8590,168.8000,0.0000,944.7940,196.6530,136.1240,0.0000,0.0000,1510.2300
1657,1,1,1,60.1230,168.0370,0.0000,944.4490,196.5110,135.9260,0.0000,0.0000,1505.0460
1658,1,1,1,59.0150,166.6090,0.0000,952.1600,214.7690,144.6340,0.0000,0.0000,1537.1870
1659,1,1,1,65.7790,173.0890,0.0000,954.7750,205.8340,143.8400,0.0000,0.0000,1543.3170
1660,1,1,1,62.7330,172.7630,0.0000,955.8150,197.8340,135.2560,0.0000,0.0000,1524.4010
1661,1,1,1,62.9290,168.9850,0.0000,945.4890,196.2090,137.6370,0.0000,0.0000,1511.2490
1662,0,1,0,61.3470,168.2830,0.0000,950.1230,213.6670,145.4280,0.0000,0.0000,1538.8480
1663,1,1,1,64.6770,175.1450,0.0000,946.5230,198.4980,140.3510,0.0000,0.0000,1525.1940
1664,1,1,1,64.2340,169.5380,0.0000,944.0670,197.0590,136.9970,0.0000,0.0000,1511.8950
1665,1,1,1,62.2090,166.7020,0.0000,948.8130,203.1630,140.5540,0.0000,0.0000,1521.4410
1666,1,1,0,81.0770,180.9970,0.0000,948.1230,205.9320,141.8890,0.0000,0.0000,1558.0180
1667,1,1,1,65.2980,172.6280,0.0000,943.3970,197.8520,134.9780,0.0000,0.0000,1514.1530
1668,1,1,1,64.2040,167.9760,0.0000,946.5480,196.7570,137.1010,0.0000,0.0000,1512.5860
1669,1,1,1,61.4900,166.5910,0.0000,947.6680,213.9880,141.9270,0.0000,0.0000,1531.6640
1670,1,1,1,65.8150,173.6180,0.0000,947.6980,201.4890,139.6000,0.0000,0.0000,1528.2200
1671,1,1,1,62.1730,169.2870,0.0000,943.3470,247.6680,143.7600,0.0000,0.0000,1566.2350
1672,1,1,1,64.5290,174.2770,0.0000,947.5570,197.7110,138.3810,0.0000,0.0000,1522.4550
1673,1,1,1,62.0930,169.5260,0.0000,948.7570,196.3020,137.3910,0.0000,0.0000,1514.0690
1674,1,1,1,62.8920,166.9230,0.0000,944.4490,196.3390,135.7050,0.0000,0.0000,1506.3080
1675,0,1,0,61.9810,165.9510,0.0000,941.9140,192.5360,135.4700,0.0000,0.0000,1497.8520
1676,1,1,1,66.2470,185.1630,0.0000,947.7910,201.9510,144.4240,0.0000,0.0000,1545.5760
1677,1,1,1,64.5100,174.1600,0.0000,944.7270,197.6310,183.9200,0.0000,0.0000,1564.9480
1678,1,1,1,67.5690,175.1140,0.0000,944.8180,202.3500,139.7410,0.0000,0.0000,1529.5920
1679,1,1,1,62.3760,169.3420,0.0000,948.7510,211.4160,145.5020,0.0000,0.0000,1537.3870
1680,1,1,1,66.8610,170.7820,0.0000,948.4130,199.4210,140.3510,0.0000,0.0000,1525.8280
1681,1,1,1,63.6250,167.6240,0.0000,942.8000,197.3600,139.1630,0.0000,0.0000,1510.5720
1682,0,1,0,64.2280,167.3600,0.0000,946.2150,194.7320,135.8710,0.0000,0.0000,1508.4060
1683,1,1,1,60.8180,167.2670,0.0000,951.7290,212.2590,146.3630,0.0000,0.0000,1538.4360
1684,1,1,1,63.6060,241.5010,0.0000,948.9410,205.6300,142.7070,0.0000,0.0000,1602.3850
1685,1,1,1,63.7040,169.0520,0.0000,949.4280,197.1510,137.5510,0.0000,0.0000,1516.8860
1686,1,1,1,63.1570,167.3110,0.0000,944.4800,201.7910,157.1940,0.0000,0.0000,1533.9330
1687,1,1,1,64.4490,183.0400,0.0000,948.4740,203.0950,140.8180,0.0000,0.0000,1539.8760
1688,1,1,1,61.8220,168.8370,0.0000,956.0120,195.3900,138.8240,0.0000,0.0000,1520.8850
1689,1,1,1,61.3230,166.2650,0.0000,942.8930,195.4280,136.0870,0.0000,0.0000,1501.9960
1690,1,1,1,62.6700,164.0000,0.0000,960.6770,203.1130,139.8770,0.0000,0.0000,1530.3370
1691,1,1,1,63.4830,169.6550,0.0000,944.0370,195.0890,135.6000,0.0000,0.0000,1507.8640
1692,1,1,1,62.0000,167.7170,0.0000,944.6710,196.6150,135.4040,0.0000,0.0000,1506.4070
1693,1,1,1,62.9240,165.3600,0.0000,941.8270,193.4530,136.5720,0.0000,0.0000,1500.1360
1694,1,1,1,70.3140,181.8220,0.0000,947.1630,204.2280,144.0990,0.0000,0.0000,1547.6260
1695,1,1,1,64.2950,171.5080,0.0000,946.3880,199.4210,138.8310,0.0000,0.0000,1520.4430
1696,1,1,1,62.4680,166.8000,0.0000,945.0950,210.5910,143.1140,0.0000,0.0000,1528.0680
1697,1,1,1,63.8090,169.4340,0.0000,950.6830,211.4460,144.1410,0.0000,0.0000,1539.5130
1698,1,1,1,64.9540,174.8490,0.0000,944.8130,199.5440,138.6700,0.0000,0.0000,1522.8300
1699,0,1,0,62.5970,169.0580,0.0000,944.9230,198.5230,137.9940,0.0000,0.0000,1513.0950
1700,1,1,1,62.2400,165.8520,0.0000,943.3290,196.3880,136.0560,0.0000,0.0000,1503.8650
1701,1,1,1,59.8770,167.5940,0.0000,946.2580,210.5600,143.6740,0.0000,0.0000,1527.9630
1702,1,1,1,63.8520,173.4590,0.0000,952.6400,208.7320,141.1260,0.0000,0.0000,1539.8090
1703,1,1,1,64.3570,172.2270,0.0000,960.3390,198.5170,137.9260,0.0000,0.0000,1533.3660
1704,1,1,1,61.9070,169.1200,0.0000,959.9940,219.3110,142.9300,0.0000,0.0000,1553.2620
1705,1,1,1,63.3170,175.9380,0.0000,950.4370,199.6740,137.3660,0.0000,0.0000,1526.7320
1706,1,1,1,64.2220,167.6860,0.0000,946.6890,195.6190,136.8610,0.0000,0.0000,1511.0770
1707,1,1,1,61.6930,166.2090,0.0000,957.4520,197.5130,136.6470,0.0000,0.0000,1519.5140
1708,1,1,1,60.5540,167.4340,0.0000,945.5810,230.6160,152.2460,0.0000,0.0000,1556.4310
1709,1,1,1,67.2000,178.7870,0.0000,950.5350,203.0220,140.6650,0.0000,0.0000,1540.2090
1710,1,1,1,63.3910,170.1480,0.0000,945.6240,196.8490,137.4280,0.0000,0.0000,1513.4400
1711,1,1,1,61.6610,166.1840,0.0000,944.4120,195.0650,135.4770,0.0000,0.0000,1502.7990
1712,1,1,1,61.6120,165.1940,0.0000,948.5410,217.3540,146.4070,0.0000,0.0000,1539.1080
1713,1,1,1,64.7270,174.4000,0.0000,947.4650,200.4000,139.3350,0.0000,0.0000,1526.3270
1714,1,1,1,63.9070,167.5510,0.0000,953.1810,206.0740,140.4430,0.0000,0.0000,1531.1560
1715,0,1,0,63.5750,169.7850,0.0000,947.2860,196.6090,150.4190,0.0000,0.0000,1527.6740
1716,1,1,1,69.2250,179.3360,0.0000,947.6610,204.7570,143.0400,0.0000,0.0000,1544.0190
1717,1,1,1,62.1600,170.7450,0.0000,958.8000,197.8590,138.4370,0.0000,0.0000,1528.0010
1718,1,1,1,62.0370,168.1970,0.0000,943.3850,194.7700,136.7820,0.0000,0.0000,1505.1710
1719,1,1,1,61.9320,166.6210,0.0000,957.5940,195.0770,135.6430,0.0000,0.0000,1516.8670
1720,1,1,1,61.2370,187.6000,0.0000,952.2400,269.3360,150.3760,0.0000,0.0000,1620.7890
1721,1,1,1,64.7330,177.3850,0.0000,949.5810,202.7760,140.0800,0.0000,0.0000,1534.5550
1722,1,1,1,63.8890,170.4060,0.0000,947.0890,196.7880,135.4580,0.0000,0.0000,1513.6300
1723,0,1,0,61.3290,168.9230,0.0000,958.6280,217.7780,145.5010,0.0000,0.0000,1552.1590
1724,1,1,1,64.9540,175.6740,0.0000,947.6370,197.0700,141.4150,0.0000,0.0000,1526.7500
1725,1,1,1,62.7630,171.2120,0.0000,946.6270,199.0150,135.3230,0.0000,0.0000,1514.9400
1726,1,1,1,62.3440,167.4520,0.0000,956.2280,232.8000,141.8400,0.0000,0.0000,1560.6640
1727,1,1,1,64.6840,172.2520,0.0000,958.0180,261.3600,169.4520,0.0000,0.0000,1625.7660
1728,1,1,1,81.0950,212.1840,0.0000,955.6360,212.3630,154.4800,0.0000,0.0000,1615.7580
1729,1,1,1,64.7080,177.8950,0.0000,945.0830,202.0550,142.5350,0.0000,0.0000,1532.2760
1730,1,1,1,63.6620,170.4430,0.0000,945.0830,198.7080,167.5870,0.0000,0.0000,1545.4830
1731,1,1,1,68.6640,187.0830,0.0000,952.5530,204.4240,147.8040,0.0000,0.0000,1560.5280
1732,1,1,1,63.0960,172.3690,0.0000,958.6030,266.4180,146.8490,0.0000,0.0000,1607.3350
1733,0,1,0,64.9050,177.9940,0.0000,947.8950,201.3410,140.4180,0.0000,0.0000,1532.5530
1734,1,1,1,62.5600,168.8430,0.0000,956.3260,215.2920,147.9140,0.0000,0.0000,1550.9350
1735,1,1,1,65.4340,175.5320,0.0000,949.7780,201.0030,141.0580,0.0000,0.0000,1532.8050
1736,0,1,0,62.7320,170.8370,0.0000,945.2550,197.4650,137.5750,0.0000,0.0000,1513.8640
1737,1,1,1,62.6840,166.8000,0.0000,940.9910,196.4250,135.6060,0.0000,0.0000,1502.5060
1738,1,1,1,64.3510,186.0920,0.0000,962.4500,256.6160,164.7200,0.0000,0.0000,1634.2290
1739,1,1,1,67.2370,186.7750,0.0000,952.3690,205.3290,141.9440,0.0000,0.0000,1553.6540
1740,1,1,1,68.6460,185.3480,0.0000,952.8980,215.2060,144.1240,0.0000,0.0000,1566.2220
1741,1,1,1,66.1660,175.6300,0.0000,956.9900,214.8120,144.1540,0.0000,0.0000,1557.7520
1742,1,1,1,63.5260,173.1640,0.0000,953.8640,213.2370,145.3720,0.0000,0.0000,1549.1630
1743,1,1,1,68.0490,184.5300,0.0000,948.1470,204.3200,142.3140,0.0000,0.0000,1547.3600
1744,1,1,1,64.1970,171.5140,0.0000,950.1970,255.2310,152.8370,0.0000,0.0000,1593.9760
1745,1,1,1,64.7570,182.7820,0.0000,958.6090,216.8490,146.0060,0.0000,0.0000,1569.0030
1746,1,1,1,67.9570,187.9080,0.0000,954.1850,214.5230,159.5690,0.0000,0.0000,1584.1420
1747,1,1,1,63.8700,178.4500,0.0000,951.4770,219.9070,145.4950,0.0000,0.0000,1559.1990
1748,1,1,1,65.2000,177.5260,0.0000,957.8590,214.0180,146.9780,0.0000,0.0000,1561.5810
1749,1,1,1,69.2240,180.4740,0.0000,959.8270,230.5600,144.8730,0.0000,0.0000,1584.9580
1750,1,1,0,66.8860,174.9170,0.0000,944.1600,286.1970,178.6520,0.0000,0.0000,1650.8120
1751,1,1,1,68.4990,191.8890,0.0000,962.8500,244.1290,161.7480,0.0000,0.0000,1629.1150
1752,0,1,0,67.9260,193.4580,0.0000,969.2610,220.5110,149.7780,0.0000,0.0000,1600.9340
1753,1,1,1,66.5410,176.7940,0.0000,959.0890,219.6500,149.5510,0.0000,0.0000,1571.6250
1754,1,1,1,65.7290,188.8430,0.0000,955.6430,256.3570,172.8430,0.0000,0.0000,1639.4150
1755,1,1,1,69.7910,193.2250,0.0000,960.6770,219.6430,150.4300,0.0000,0.0000,1593.7660
1756,0,1,0,66.9600,187.1140,0.0000,960.0680,230.9720,166.9660,0.0000,0.0000,1612.0800
1757,0,1,0,69.4100,187.1200,0.0000,947.2060,203.9390,157.0220,0.0000,0.0000,1564.6970
1758,1,1,1,73.3420,196.1670,0.0000,957.0650,226.8620,153.7410,0.0000,0.0000,1607.1770
1759,0,1,0,66.3330,179.3290,0.0000,951.1450,203.2060,141.5390,0.0000,0.0000,1541.5520
1760,1,1,1,62.3320,170.1290,0.0000,947.6250,198.8680,137.8210,0.0000,0.0000,1516.7750
1761,1,1,1,63.5630,168.4550,0.0000,943.3540,196.9600,136.6580,0.0000,0.0000,1508.9900
1762,1,1,1,63.2130,167.2180,0.0000,943.8700,212.2650,139.4590,0.0000,0.0000,1526.0250
1763,1,1,1,63.2800,172.7820,0.0000,946.4490,196.4980,136.2460,0.0000,0.0000,1515.2550
1764,1,1,1,62.1910,167.9140,0.0000,945.2190,196.8560,136.4800,0.0000,0.0000,1508.6600
1765,1,1,1,61.4220,165.9330,0.0000,943.6680,197.0400,136.0370,0.0000,0.0000,1504.1000
1766,1,1,1,63.6240,164.4860,0.0000,945.5880,191.3840,133.6990,0.0000,0.0000,1498.7810
1767,1,1,1,62.5170,166.1480,0.0000,945.2860,196.3270,135.2680,0.0000,0.0000,1505.5460
1768,1,1,1,61.4210,164.9040,0.0000,942.9290,246.5910,138.8990,0.0000,0.0000,1554.7440
1769,0,1,0,62.9970,171.9140,0.0000,944.4000,199.4520,138.9970,0.0000,0.0000,1517.7600
1770,1,1,1,62.9290,167.5570,0.0000,954.7320,194.9540,134.4990,0.0000,0.0000,1514.6710
1771,0,1,1,61.8830,166.1790,0.0000,946.5970,195.3850,137.1940,0.0000,0.0000,1507.2380
1772,1,1,1,60.9850,166.1910,0.0000,957.6670,193.9630,134.0060,0.0000,0.0000,1512.8120
1773,1,1,1,61.9510,165.5690,0.0000,956.4310,193.8890,134.0000,0.0000,0.0000,1511.8400
1774,1,1,1,63.4030,167.0830,0.0000,956.5850,194.8560,188.3010,0.0000,0.0000,1570.2280
1775,1,1,1,64.9730,175.4530,0.0000,946.0930,198.3260,138.1350,0.0000,0.0000,1522.9800
1776,1,1,1,62.2460,168.6220,0.0000,946.3020,196.4500,135.1020,0.0000,0.0000,1508.7220
1777,1,1,1,61.5130,167.5080,0.0000,943.9070,195.2800,134.5040,0.0000,0.0000,1502.7120
1778,1,1,1,61.9750,169.3410,0.0000,940.1850,195.2190,135.1690,0.0000,0.0000,1501.8890
1779,1,1,1,62.4860,163.0580,0.0000,945.9450,196.3690,135.7540,0.0000,0.0000,1503.6120
1780,1,1,1,61.2060,164.9730,0.0000,941.3850,196.0920,134.4800,0.0000,0.0000,1498.1360
1781,1,1,1,61.7170,207.6370,0.0000,948.1910,198.5410,136.8860,0.0000,0.0000,1552.9720
1782,0,1,0,62.5170,166.9660,0.0000,946.3260,196.8250,134.2640,0.0000,0.0000,1506.8980
1783,1,1,1,60.4560,166.2700,0.0000,942.1290,196.0310,135.8950,0.0000,0.0000,1500.7810
1784,1,1,0,62.6640,167.2120,0.0000,944.3500,194.9720,134.4180,0.0000,0.0000,1503.6160
1785,1,1,1,62.0190,167.7910,0.0000,946.0490,194.4060,135.1510,0.0000,0.0000,1505.4160
1786,1,1,1,61.3780,165.0770,0.0000,945.5320,195.4520,135.5330,0.0000,0.0000,1502.9720
1787,1,1,1,60.9910,166.3810,0.0000,952.3140,203.7660,136.5600,0.0000,0.0000,1520.0120
1788,1,1,1,61.0710,171.1320,0.0000,957.8590,196.8860,136.4130,0.0000,0.0000,1523.3610
1789,1,1,1,61.7170,169.2190,0.0000,948.6650,195.5750,133.6800,0.0000,0.0000,1508.8560
1790,1,1,1,64.1720,166.5480,0.0000,957.1270,195.2670,132.8980,0.0000,0.0000,1516.0120
1791,0,1,0,61.8160,166.8060,0.0000,944.7570,196.6650,135.4340,0.0000,0.0000,1505.4780
1792,1,1,1,59.7290,166.3500,0.0000,941.8030,191.6060,133.3540,0.0000,0.0000,1492.8420
1793,1,1,0,60.7260,164.5350,0.0000,949.3780,204.9230,138.1170,0.0000,0.0000,1517.6790
1794,1,1,1,62.7260,169.3660,0.0000,946.2150,198.0800,135.9760,0.0000,0.0000,1512.3630
1795,0,1,0,61.4710,167.0590,0.0000,957.4580,194.7760,135.4520,0.0000,0.0000,1516.2160
1796,1,1,1,62.0920,164.7200,0.0000,955.8530,194.8800,134.6520,0.0000,0.0000,1512.1970
1797,1,1,1,60.5790,166.8310,0.0000,942.4490,194.0980,135.9750,0.0000,0.0000,1499.9320
1798,1,1,1,61.0950,166.8120,0.0000,942.1230,194.5230,133.8470,0.0000,0.0000,1498.4000
1799,1,1,1,61.7970,167.0590,0.0000,953.3530,242.6900,153.7050,0.0000,0.0000,1578.6040
1800,1,1,0,67.4220,183.4530,0.0000,951.5330,202.6590,143.3730,0.0000,0.0000,1548.4400
1801,1,1,1,62.5660,170.4930,0.0000,943.2740,197.2990,136.9850,0.0000,0.0000,1510.6170
1802,0,1,0,61.0770,167.7600,0.0000,941.4830,197.2560,136.4930,0.0000,0.0000,1504.0690
1803,1,1,1,61.1880,167.5080,0.0000,943.2740,195.7410,133.4280,0.0000,0.0000,1501.1390
1804,1,1,1,62.7450,165.2500,0.0000,944.3270,197.5880,134.3820,0.0000,0.0000,1504.2920
1805,1,1,1,62.1110,165.5200,0.0000,944.4430,242.3880,139.2730,0.0000,0.0000,1553.7350
1806,1,1,1,63.2000,171.7050,0.0000,947.0950,197.0580,136.5480,0.0000,0.0000,1515.6060
1807,0,1,0,62.7820,166.2580,0.0000,946.4870,194.5660,134.2770,0.0000,0.0000,1504.3700
1808,1,1,1,62.3820,165.7050,0.0000,957.5690,194.1420,135.1260,0.0000,0.0000,1514.9240
1809,1,1,1,60.9840,167.2250,0.0000,942.0370,195.6370,133.9750,0.0000,0.0000,1499.8580
1810,1,1,1,61.0030,165.4280,0.0000,942.3940,193.3970,133.8090,0.0000,0.0000,1496.0310
1811,1,1,1,60.8130,165.8650,0.0000,944.5410,197.7540,134.1730,0.0000,0.0000,1503.1460
1812,1,1,1,62.0930,173.1940,0.0000,946.2710,198.6460,138.6090,0.0000,0.0000,1518.8130
1813,1,1,1,62.1420,167.7480,0.0000,941.1810,193.9630,134.6960,0.0000,0.0000,1499.7300
1814,1,1,1,61.8890,165.3360,0.0000,944.4980,193.5010,135.1930,0.0000,0.0000,1500.4170
1815,1,1,1,61.6370,165.5810,0.0000,945.4400,194.8180,133.9870,0.0000,0.0000,1501.4630
1816,1,1,1,58.9970,165.7350,0.0000,943.7050,193.0530,134.6460,0.0000,0.0000,1496.1360
1817,1,1,1,61.4100,166.6950,0.0000,942.8120,196.3510,134.2580,0.0000,0.0000,1501.5260
1818,1,1,1,60.2710,165.3050,0.0000,948.6700,204.9480,138.3570,0.0000,0.0000,1517.5510
1819,1,1,1,62.5910,166.7020,0.0000,946.6830,198.3570,137.1200,0.0000,0.0000,1511.4530
1820,1,1,1,61.8770,169.0900,0.0000,958.2220,195.9390,134.0920,0.0000,0.0000,1519.2200
1821,1,1,1,60.9110,166.1350,0.0000,957.2430,196.1970,134.1970,0.0000,0.0000,1514.6830
1822,0,1,0,60.4800,168.6030,0.0000,943.2060,195.0030,135.9020,0.0000,0.0000,1503.1940
1823,1,1,1,61.5630,165.5820,0.0000,941.3960,193.9940,132.5230,0.0000,0.0000,1495.0580
1824,1,1,1,62.2580,163.7720,0.0000,946.6150,202.8560,137.3110,0.0000,0.0000,1512.8120
1825,1,1,1,62.3440,167.6490,0.0000,945.2120,195.1390,135.2550,0.0000,0.0000,1505.5990
1826,1,1,1,63.6610,166.3940,0.0000,945.6740,193.8030,133.9450,0.0000,0.0000,1503.4770
1827,1,1,1,61.7480,166.8860,0.0000,943.9940,194.4370,134.9420,0.0000,0.0000,1502.0070
1828,1,1,1,62.1850,165.5140,0.0000,946.1110,192.5350,135.0220,0.0000,0.0000,1501.3670
1829,1,1,0,60.8800,165.7600,0.0000,956.6580,194.7870,136.8360,0.0000,0.0000,1514.9210
1830,1,1,1,59.5200,165.9200,0.0000,954.1230,208.4370,139.1630,0.0000,0.0000,1527.1630
1831,1,1,1,63.9260,170.2160,0.0000,946.5360,198.0000,135.2620,0.0000,0.0000,1513.9400
1832,1,1,1,62.6090,168.0060,0.0000,957.6440,194.7940,135.8150,0.0000,0.0000,1518.8680
1833,1,1,1,62.1790,166.5040,0.0000,942.0190,195.3790,132.6460,0.0000,0.0000,1498.7270
1834,1,1,1,61.6310,168.3940,0.0000,955.6680,192.8310,134.5360,0.0000,0.0000,1513.0600
1835,0,1,0,62.0550,165.4950,0.0000,943.2130,193.6240,134.5600,0.0000,0.0000,1498.9470
1836,1,1,1,60.9910,165.3470,0.0000,945.8830,233.4330,138.5720,0.0000,0.0000,1544.2260
1837,1,1,0,61.7780,171.1570,0.0000,942.8980,197.1010,134.9300,0.0000,0.0000,1507.8640
1838,1,1,1,61.8400,167.0210,0.0000,945.1260,194.0310,136.7080,0.0000,0.0000,1504.7260
1839,1,1,1,60.3630,166.3570,0.0000,942.2340,196.1600,132.8250,0.0000,0.0000,1497.9390
1840,1,1,1,63.4400,166.5900,0.0000,944.1110,194.7260,134.2640,0.0000,0.0000,1503.1310
1841,1,1,1,61.0160,164.7940,0.0000,945.2310,195.5880,135.0590,0.0000,0.0000,1501.6880
1842,1,1,1,61.3660,166.2580,0.0000,958.1720,194.0370,134.3390,0.0000,0.0000,1514.1720
1843,1,1,1,61.4710,211.5630,0.0000,944.7320,198.8800,137.3360,0.0000,0.0000,1553.9820
1844,1,1,1,60.4250,167.8650,0.0000,945.4830,193.4590,136.9730,0.0000,0.0000,1504.2050
1845,1,1,1,60.8930,166.4000,0.0000,944.8120,196.9540,135.0340,0.0000,0.0000,1504.0930
1846,1,1,1,61.7790,166.2460,0.0000,945.2730,193.6800,134.2650,0.0000,0.0000,1501.2430
1847,0,1,0,61.4710,164.8550,0.0000,956.5540,193.9820,133.0890,0.0000,0.0000,1509.9510
1848,1,1,1,62.6470,164.7380,0.0000,955.7730,196.5360,135.7850,0.0000,0.0000,1515.4790
1849,0,1,0,60.9850,166.7450,0.0000,947.1940,221.8520,147.7720,0.0000,0.0000,1544.5480
1850,1,1,1,66.2650,176.3320,0.0000,949.1510,198.9230,141.2370,0.0000,0.0000,1531.9080
1851,1,1,1,63.2800,169.1940,0.0000,944.2770,197.3660,138.2960,0.0000,0.0000,1512.4130
1852,1,1,1,62.1350,168.7200,0.0000,945.2060,194.2160,134.3320,0.0000,0.0000,1504.6090
1853,1,1,0,62.0560,167.9750,0.0000,943.7420,193.6310,135.7730,0.0000,0.0000,1503.1770
1854,1,1,1,61.9810,166.4560,0.0000,944.9110,194.8550,135.2610,0.0000,0.0000,1503.4640
1855,1,1,1,61.0330,166.3070,0.0000,955.1750,200.5540,136.2090,0.0000,0.0000,1519.2780
1856,1,1,1,62.4190,168.6590,0.0000,957.4900,196.4740,136.9540,0.0000,0.0000,1521.9960
1857,1,1,1,62.6830,165.1880,0.0000,944.1170,196.3630,136.3690,0.0000,0.0000,1504.7200
1858,1,1,1,61.5750,166.6530,0.0000,941.9450,194.1350,134.5540,0.0000,0.0000,1498.8620
1859,1,1,1,60.5540,166.0180,0.0000,941.9870,194.5050,133.0400,0.0000,0.0000,1496.1040
1860,1,1,1,61.6060,165.2000,0.0000,942.7200,195.0460,133.7660,0.0000,0.0000,1498.3380
1861,0,1,1,62.2460,167.7040,0.0000,949.2980,207.4890,136.4490,0.0000,0.0000,1523.1860
1862,1,1,1,61.8340,167.8830,0.0000,944.9660,196.2640,134.9790,0.0000,0.0000,1505.9260
1863,0,1,0,63.3850,165.6000,0.0000,956.1350,197.7040,135.7780,0.0000,0.0000,1518.6020
1864,1,1,1,60.4490,165.0460,0.0000,942.1480,192.3390,134.1540,0.0000,0.0000,1494.1360
1865,1,1,1,62.2900,166.4430,0.0000,945.0590,194.9540,135.6860,0.0000,0.0000,1504.4320
1866,1,1,1,60.7080,165.8460,0.0000,945.0770,192.5050,134.7200,0.0000,0.0000,1498.8560
1867,1,1,1,62.5540,166.7630,0.0000,942.4680,248.2840,138.1660,0.0000,0.0000,1558.2350
1868,1,1,1,64.2890,173.0520,0.0000,959.2370,195.7660,135.5440,0.0000,0.0000,1527.8880
1869,1,1,1,61.3660,167.7530,0.0000,955.9570,194.9970,136.5850,0.0000,0.0000,1516.6580
1870,1,1,1,59.4090,166.6830,0.0000,942.5420,195.7480,135.9750,0.0000,0.0000,1500.3570
1871,1,1,1,61.5630,166.2830,0.0000,946.5290,195.0770,135.9690,0.0000,0.0000,1505.4210
1872,1,1,1,63.2980,165.1880,0.0000,956.6150,194.3880,133.7720,0.0000,0.0000,1513.2610
1873,1,1,1,60.9660,164.1110,0.0000,942.5410,193.6980,134.7820,0.0000,0.0000,1496.0980
1874,1,1,1,95.9930,168.5730,0.0000,947.9500,199.1070,137.3850,0.0000,0.0000,1549.0080
1875,1,1,1,62.7570,166.8300,0.0000,942.7760,196.1230,137.3360,0.0000,0.0000,1505.8220
1876,1,1,1,62.4800,170.7320,0.0000,945.5070,194.6090,135.6370,0.0000,0.0000,1508.9650
1877,1,1,1,61.9940,166.4800,0.0000,941.2370,194.7690,134.1170,0.0000,0.0000,1498.5970
1878,1,1,1,61.3410,163.7540,0.0000,945.4150,193.3670,133.7660,0.0000,0.0000,1497.6430
1879,1,1,1,61.7660,164.7940,0.0000,955.8640,195.8030,135.7720,0.0000,0.0000,1513.9990
1880,1,1,1,64.0860,165.3290,0.0000,951.9820,203.2680,140.3570,0.0000,0.0000,1525.0220
1881,0,1,1,62.9840,169.5010,0.0000,945.5880,196.8740,137.4150,0.0000,0.0000,1512.3620
1882,1,1,1,62.9660,165.9010,0.0000,944.8120,195.5700,133.7850,0.0000,0.0000,1503.0340
1883,1,1,1,62.1350,166.0060,0.0000,943.8150,193.2000,134.6030,0.0000,0.0000,1499.7590
1884,1,1,1,63.2250,165.1450,0.0000,957.8460,195.4220,132.7700,0.0000,0.0000,1514.4080
1885,1,1,1,60.2460,165.2860,0.0000,956.6580,194.3630,134.7510,0.0000,0.0000,1511.3040
1886,1,1,1,61.0280,165.1510,0.0000,958.3570,211.9690,143.7720,0.0000,0.0000,1540.2770
1887,1,1,1,65.2310,173.1820,0.0000,947.4520,197.8520,138.6640,0.0000,0.0000,1522.3810
1888,1,1,1,63.7850,168.6400,0.0000,945.0150,196.3690,136.4730,0.0000,0.0000,1510.2820
1889,1,1,1,62.8550,166.3140,0.0000,957.6430,194.6770,135.2800,0.0000,0.0000,1516.7690
1890,1,1,1,63.6800,165.9200,0.0000,956.7820,193.9320,135.2180,0.0000,0.0000,1515.5320
1891,1,1,1,59.8090,166.3020,0.0000,944.1660,193.5510,134.0370,0.0000,0.0000,1497.8650
1892,0,1,0,60.9170,165.8150,0.0000,950.2150,202.5910,137.0400,0.0000,0.0000,1516.5780
1893,1,1,1,63.5560,170.2520,0.0000,942.3200,194.6040,135.4830,0.0000,0.0000,1506.2150
1894,1,1,1,61.6060,167.1820,0.0000,943.1020,192.3140,133.5080,0.0000,0.0000,1497.7120
1895,1,1,1,60.7510,165.2550,0.0000,943.4890,193.9870,134.8610,0.0000,0.0000,1498.3430
1896,1,1,1,60.3630,163.4710,0.0000,945.8100,193.4890,133.9870,0.0000,0.0000,1497.1200
1897,1,1,1,59.6930,166.3080,0.0000,954.7010,193.1320,135.0650,0.0000,0.0000,1508.8990
1898,0,1,0,62.0980,165.2430,0.0000,954.4930,238.1040,150.4060,0.0000,0.0000,1570.3440
1899,1,1,1,64.5900,184.3630,0.0000,947.3480,203.6000,140.4550,0.0000,0.0000,1540.3560
1900,1,1,1,63.1760,169.8100,0.0000,941.9140,197.4460,136.3200,0.0000,0.0000,1508.6660
1901,1,1,1,63.7660,168.3750,0.0000,944.4240,197.0830,135.2000,0.0000,0.0000,1508.8480
1902,0,1,0,61.2800,167.9080,0.0000,946.8190,194.0860,137.6060,0.0000,0.0000,1507.6990
1903,1,1,1,61.1390,166.0120,0.0000,952.1360,193.1940,135.1010,0.0000,0.0000,1507.5820
1904,1,1,1,61.1130,166.2160,0.0000,956.3810,194.7500,134.9970,0.0000,0.0000,1513.4570
1905,1,1,1,68.8800,173.7290,0.0000,947.1260,198.0740,138.4130,0.0000,0.0000,1526.2220
1906,0,1,0,64.7690,168.7260,0.0000,942.7450,196.5720,135.7970,0.0000,0.0000,1508.6090
1907,1,1,1,61.9570,166.3690,0.0000,943.5140,196.4250,135.6000,0.0000,0.0000,1503.8650
1908,1,1,1,58.7940,166.3510,0.0000,942.4490,194.3810,134.9790,0.0000,0.0000,1496.9540
1909,1,1,1,62.6090,167.1140,0.0000,954.4300,194.3020,133.7910,0.0000,0.0000,1512.2460
1910,1,1,1,60.7390,166.1420,0.0000,955.7480,194.2530,136.0490,0.0000,0.0000,1512.9310
1911,1,1,1,60.6100,163.9010,0.0000,960.8300,201.4710,137.8090,0.0000,0.0000,1524.6210
1912,1,1,1,62.2900,166.6400,0.0000,948.5410,196.2220,134.8060,0.0000,0.0000,1508.4990
1913,1,1,1,61.6550,167.4520,0.0000,942.9470,195.5450,137.4160,0.0000,0.0000,1505.0150
1914,1,1,1,62.1230,165.8030,0.0000,956.6460,193.4090,135.8890,0.0000,0.0000,1513.8700
1915,1,1,1,61.5940,165.7660,0.0000,945.2180,195.0280,135.2060,0.0000,0.0000,1502.8120
1916,1,1,1,61.6800,164.4060,0.0000,945.1510,193.9010,135.7600,0.0000,0.0000,1500.8980
1917,1,1,1,61.5380,166.9660,0.0000,956.0180,205.8150,139.3240,0.0000,0.0000,1529.6610
1918,1,1,1,61.5820,168.2760,0.0000,952.4300,198.5410,136.3320,0.0000,0.0000,1517.1610
1919,1,1,1,62.1050,168.1660,0.0000,944.2530,197.9510,135.0150,0.0000,0.0000,1507.4900
1920,1,1,1,61.8710,165.7970,0.0000,943.2120,195.7850,135.1630,0.0000,0.0000,1501.8280
1921,0,1,1,63.4960,166.1850,0.0000,940.9540,196.8730,135.8340,0.0000,0.0000,1503.3420
1922,1,1,1,61.9390,163.9940,0.0000,943.4710,193.9500,135.9260,0.0000,0.0000,1499.2800
1923,1,1,1,61.0590,165.8460,0.0000,945.4770,205.5010,136.8670,0.0000,0.0000,1514.7500
1924,1,1,1,63.2920,167.0340,0.0000,944.1720,194.5720,136.0000,0.0000,0.0000,1505.0700
1925,1,1,1,62.0610,166.6040,0.0000,942.0000,196.8550,136.1910,0.0000,0.0000,1503.7110
1926,0,1,0,61.9690,167.1200,0.0000,943.8890,191.1200,134.2830,0.0000,0.0000,1498.3810
1927,1,1,1,62.5480,164.9660,0.0000,945.8650,196.4490,134.3320,0.0000,0.0000,1504.1600
1928,1,1,1,62.4680,167.6190,0.0000,943.6060,195.6130,133.1630,0.0000,0.0000,1502.4690
1929,1,1,1,61.1320,164.7200,0.0000,957.3530,203.6730,137.3780,0.0000,0.0000,1524.2560
1930,1,1,0,63.8090,167.9630,0.0000,944.5470,198.2580,134.7320,0.0000,0.0000,1509.3090
1931,1,1,1,61.7230,167.2560,0.0000,944.1480,194.7140,135.9320,0.0000,0.0000,1503.7730
1932,1,1,1,63.3300,164.6030,0.0000,943.7480,194.5660,135.2180,0.0000,0.0000,1501.4650
1933,1,1,1,59.8960,164.8740,0.0000,941.8030,193.9700,134.5050,0.0000,0.0000,1495.0480
1934,1,1,1,61.4100,165.0900,0.0000,941.7230,193.9690,133.5140,0.0000,0.0000,1495.7060
1935,1,1,1,62.6400,165.8220,0.0000,943.0710,192.6530,172.9540,0.0000,0.0000,1537.1400
1936,1,1,1,65.0650,169.3170,0.0000,946.5540,194.9480,136.6830,0.0000,0.0000,1512.5670
1937,1,1,1,61.5880,165.4900,0.0000,957.7910,196.2090,134.2460,0.0000,0.0000,1515.3240
1938,1,1,1,61.3780,167.2060,0.0000,956.9540,194.6280,136.4000,0.0000,0.0000,1516.5660
1939,1,1,1,62.1730,168.2710,0.0000,943.7290,195.0580,134.1350,0.0000,0.0000,1503.3660
1940,1,1,1,63.8640,166.1780,0.0000,944.0610,194.7010,134.7510,0.0000,0.0000,1503.5550
1941,1,1,1,60.5230,165.1140,0.0000,945.8950,193.2370,135.8460,0.0000,0.0000,1500.6150
1942,1,1,0,60.7510,169.5390,0.0000,961.1640,207.4210,140.1660,0.0000,0.0000,1539.0410
1943,1,1,0,63.1260,170.4920,0.0000,944.2090,196.6400,136.1420,0.0000,0.0000,1510.6090
1944,1,1,1,62.4240,166.8000,0.0000,943.8220,195.8270,135.5140,0.0000,0.0000,1504.3870
1945,1,1,1,62.1480,167.8640,0.0000,944.0990,194.5730,133.7230,0.0000,0.0000,1502.4070
1946,1,1,1,61.7780,166.6760,0.0000,956.6160,193.3540,136.0680,0.0000,0.0000,1514.4920
1947,1,1,1,62.4680,165.6190,0.0000,948.9480,194.5600,134.8550,0.0000,0.0000,1506.4500
1948,1,1,1,63.4280,166.5790,0.0000,954.6520,205.6800,137.2930,0.0000,0.0000,1527.6320
1949,1,1,1,62.1780,170.1240,0.0000,957.5880,195.8710,135.5200,0.0000,0.0000,1521.2810
1950,1,1,1,60.4870,166.2400,0.0000,942.4430,196.0370,135.6310,0.0000,0.0000,1500.8380
1951,1,1,1,61.7730,165.1450,0.0000,944.0620,194.2470,135.0400,0.0000,0.0000,1500.2670
1952,1,1,1,61.4890,164.7930,0.0000,956.8800,195.2610,134.3500,0.0000,0.0000,1512.7730
1953,1,1,1,61.8770,164.4370,0.0000,941.6500,193.6370,133.7290,0.0000,0.0000,1495.3300
1954,1,1,1,61.6980,165.6680,0.0000,944.9730,203.0340,137.7350,0.0000,0.0000,1513.1080
1955,1,1,1,63.2430,167.0040,0.0000,943.3290,195.3970,136.5850,0.0000,0.0000,1505.5580
1956,1,1,1,61.6980,167.1820,0.0000,949.6370,195.9630,136.6270,0.0000,0.0000,1511.1070
1957,1,1,1,61.0340,164.4800,0.0000,942.8430,195.2370,136.3690,0.0000,0.0000,1499.9630
1958,1,1,1,61.7170,164.5100,0.0000,956.2090,194.6280,134.8930,0.0000,0.0000,1511.9570
1959,1,1,1,61.6920,165.6620,0.0000,943.1010,196.4120,134.6770,0.0000,0.0000,1501.5440
1960,1,1,1,61.7970,165.1510,0.0000,969.4030,200.8610,137.7780,0.0000,0.0000,1534.9900
1961,1,1,1,61.9760,166.5290,0.0000,942.1720,194.3630,135.6490,0.0000,0.0000,1500.6890
1962,1,1,1,60.9480,166.2890,0.0000,956.3510,194.7260,136.5230,0.0000,0.0000,1514.8370
1963,1,1,1,62.1910,167.6800,0.0000,957.9200,195.4400,135.5260,0.0000,0.0000,1518.7570
1964,0,1,0,63.8580,164.4860,0.0000,942.2520,195.2120,134.6460,0.0000,0.0000,1500.4540
1965,1,1,1,61.9760,165.6300,0.0000,943.9750,194.3010,135.3910,0.0000,0.0000,1501.2730
1966,0,1,0,62.0550,164.9230,0.0000,943.4640,192.5970,175.7040,0.0000,0.0000,1538.7430
1967,1,1,1,63.1750,169.5510,0.0000,942.6030,198.0680,137.2860,0.0000,0.0000,1510.6830
1968,1,1,1,60.3930,169.2000,0.0000,955.6300,194.1480,134.6280,0.0000,0.0000,1513.9990
1969,1,1,1,62.5670,165.8030,0.0000,953.8770,193.7470,135.2250,0.0000,0.0000,1511.2190
1970,1,1,1,61.1390,165.9390,0.0000,944.9790,195.6550,135.8340,0.0000,0.0000,1503.5460
1971,1,1,0,61.7720,165.6920,0.0000,941.9940,195.5570,135.1260,0.0000,0.0000,1500.1410
1972,1,1,1,62.4250,167.2930,0.0000,942.1230,193.8830,135.1080,0.0000,0.0000,1500.8320
1973,1,1,1,61.7040,206.3940,0.0000,946.0000,198.5170,136.2220,0.0000,0.0000,1548.8370
1974,1,1,1,61.8830,167.7230,0.0000,942.5350,197.0220,136.4990,0.0000,0.0000,1505.6620
1975,0,1,0,62.1480,166.6950,0.0000,956.9910,193.7290,135.8090,0.0000,0.0000,1515.3720
1976,1,1,1,59.6060,164.5970,0.0000,955.5510,193.4340,133.6860,0.0000,0.0000,1506.8740
1977,1,1,1,62.3690,164.0560,0.0000,943.0590,195.6670,133.3720,0.0000,0.0000,1498.5230
1978,1,1,1,61.3540,165.2980,0.0000,941.8580,194.8980,135.9450,0.0000,0.0000,1499.3530
1979,1,1,1,61.7290,168.5960,0.0000,952.8360,208.1850,138.6530,0.0000,0.0000,1529.9990
1980,1,1,1,64.3390,170.9300,0.0000,944.8740,198.8500,137.1010,0.0000,0.0000,1516.0940
1981,1,1,1,62.8680,167.4520,0.0000,942.0620,196.1540,134.6900,0.0000,0.0000,1503.2260
1982,1,1,1,61.3040,165.6430,0.0000,951.0340,191.6360,134.3200,0.0000,0.0000,1503.9370
1983,1,1,1,62.4120,165.9140,0.0000,947.0830,194.9170,133.1330,0.0000,0.0000,1503.4590
1984,1,1,1,60.3450,165.9070,0.0000,944.3510,194.3320,135.3230,0.0000,0.0000,1500.2580
1985,0,1,0,61.9140,165.9570,0.0000,943.4580,200.6770,136.4800,0.0000,0.0000,1508.4860
1986,1,1,1,62.3760,168.5480,0.0000,943.5810,197.0640,135.6920,0.0000,0.0000,1507.2610
1987,0,1,0,62.5970,166.8680,0.0000,943.5330,194.1900,135.2680,0.0000,0.0000,1502.4560
1988,1,1,1,62.9300,164.8920,0.0000,944.3200,193.1440,135.8220,0.0000,0.0000,1501.1080
1989,1,1,1,60.1110,164.9970,0.0000,945.1940,195.4030,136.1970,0.0000,0.0000,1501.9020
1990,1,1,1,60.0500,164.9040,0.0000,944.0800,193.4220,136.8000,0.0000,0.0000,1499.2560
1991,1,1,1,61.8640,166.3810,0.0000,943.3170,236.9970,140.2340,0.0000,0.0000,1548.7930
1992,1,1,1,63.4530,168.5600,0.0000,943.3480,195.9080,132.9720,0.0000,0.0000,1504.2410
1993,1,1,1,61.8770,166.7320,0.0000,945.6370,194.3440,134.2760,0.0000,0.0000,1502.8660
1994,1,1,1,61.6860,167.9320,0.0000,944.3690,194.4430,135.0270,0.0000,0.0000,1503.4570
1995,0,1,0,61.1940,164.9420,0.0000,956.3320,194.0370,132.9290,0.0000,0.0000,1509.4340
1996,1,1,1,60.7560,166.1790,0.0000,941.8890,192.7810,133.9330,0.0000,0.0000,1495.5380
1997,1,1,1,60.8310,165.4700,0.0000,944.2700,195.3970,321.1880,0.0000,0.0000,1687.1560
1998,1,1,1,70.8430,182.3320,0.0000,951.3720,205.4340,144.7750,0.0000,0.0000,1554.7560
1999,1,1,1,63.2920,170.8560,0.0000,947.4150,196.9670,134.5410,0.0000,0.0000,1513.0710
2000,1,1,1,61.2120,169.6120,0.0000,942.9360,195.9260,137.0650,0.0000,0.0000,1506.7510
2001,1,1,1,62.8000,168.0800,0.0000,956.6400,193.1440,135.0270,0.0000,0.0000,1515.6910
2002,0,1,0,61.1630,166.7380,0.0000,944.7690,193.9320,137.2120,0.0000,0.0000,1503.8140
2003,1,1,1,62.8920,165.4340,0.0000,945.9570,194.2100,136.2710,0.0000,0.0000,1504.7640
2004,1,1,1,114.0250,172.7140,0.0000,944.7320,196.7440,137.1450,0.0000,0.0000,1565.3600
2005,1,1,1,61.1260,167.5750,0.0000,944.7200,195.9510,137.4830,0.0000,0.0000,1506.8550
2006,1,1,1,61.7670,166.3020,0.0000,944.5780,194.0990,135.3910,0.0000,0.0000,1502.1370
2007,1,1,1,60.7440,165.4580,0.0000,941.2680,194.7260,136.5040,0.0000,0.0000,1498.7000
2008,1,1,1,61.7970,165.9630,0.0000,945.5380,195.0340,135.3290,0.0000,0.0000,1503.6610
2009,0,1,0,61.2800,167.1070,0.0000,942.3010,193.9940,133.5870,0.0000,0.0000,1498.2690
2010,1,1,1,61.1320,165.5820,0.0000,943.8590,202.6210,136.2090,0.0000,0.0000,1509.4030
2011,1,1,1,60.2160,166.1910,0.0000,945.1570,196.1970,133.4280,0.0000,0.0000,1501.1890
2012,1,1,1,60.3330,164.0680,0.0000,956.4920,194.6090,133.8100,0.0000,0.0000,1509.3120
2013,1,1,1,62.3750,166.9290,0.0000,944.4060,193.3540,133.1130,0.0000,0.0000,1500.1770
2014,0,1,0,63.8710,165.8400,0.0000,956.6830,193.1870,135.4030,0.0000,0.0000,1514.9840
2015,1,1,1,62.3700,165.7420,0.0000,946.6770,193.4580,133.9020,0.0000,0.0000,1502.1490
2016,1,1,1,60.5910,165.4650,0.0000,947.8580,204.9660,139.2990,0.0000,0.0000,1518.1790
2017,1,1,1,63.8460,169.0710,0.0000,947.2490,195.0470,136.2280,0.0000,0.0000,1511.4410
2018,1,1,1,60.9960,166.2710,0.0000,957.4760,194.2890,134.3440,0.0000,0.0000,1513.3760
2019,1,1,1,62.1110,165.8460,0.0000,942.5790,193.4830,133.4650,0.0000,0.0000,1497.4840
2020,1,1,1,61.6360,165.6670,0.0000,942.9660,194.9840,134.0370,0.0000,0.0000,1499.2900
2021,1,1,1,62.6830,168.0430,0.0000,955.8530,193.7910,134.4800,0.0000,0.0000,1514.8500
2022,1,1,1,64.5170,163.9630,0.0000,956.6280,201.8710,139.6800,0.0000,0.0000,1526.6590
2023,1,1,1,62.6270,170.2520,0.0000,957.6430,198.7140,133.9390,0.0000,0.0000,1523.1750
2024,1,1,1,63.3040,167.1940,0.0000,945.1140,195.5750,133.4340,0.0000,0.0000,1504.6210
2025,1,1,1,62.0610,164.1790,0.0000,946.3570,195.1630,134.6710,0.0000,0.0000,1502.4310
2026,1,1,1,61.2980,167.0340,0.0000,945.3170,193.4830,134.1110,0.0000,0.0000,1501.2430
2027,1,1,1,61.8700,163.8340,0.0000,943.4580,192.8250,134.0490,0.0000,0.0000,1496.0360
2028,1,1,1,61.6000,164.0370,0.0000,941.6000,235.2620,137.6430,0.0000,0.0000,1540.1420
2029,1,1,1,62.3200,169.6980,0.0000,942.0740,197.1140,135.3910,0.0000,0.0000,1506.5970
2030,1,1,0,61.9510,166.5530,0.0000,944.1470,196.6700,134.8740,0.0000,0.0000,1504.1950
2031,1,1,1,62.7570,168.3380,0.0000,943.0890,194.0980,133.0950,0.0000,0.0000,1501.3770
2032,1,1,1,60.9660,162.9600,0.0000,954.8870,193.2070,135.0760,0.0000,0.0000,1507.0960
2033,0,1,1,60.4430,164.4800,0.0000,945.5320,192.6890,133.8210,0.0000,0.0000,1496.9650
2034,1,1,1,60.6460,165.4640,0.0000,944.7020,192.0370,135.5750,0.0000,0.0000,1498.4240
2035,1,1,1,60.0920,206.8610,0.0000,946.6710,196.4180,134.7010,0.0000,0.0000,1544.7430
2036,1,1,1,61.9380,167.4900,0.0000,947.7660,196.1050,136.2640,0.0000,0.0000,1509.5630
2037,1,1,1,61.2560,167.5630,0.0000,955.8950,195.7050,136.8740,0.0000,0.0000,1517.2930
2038,1,1,1,61.7970,168.1540,0.0000,944.8430,195.5820,134.4120,0.0000,0.0000,1504.7880
2039,1,1,0,60.4490,167.6180,0.0000,956.5420,193.5750,134.9230,0.0000,0.0000,1513.1070
2040,1,1,1,60.1290,165.8830,0.0000,942.7510,195.0400,132.1600,0.0000,0.0000,1495.9630
2041,1,1,1,61.3110,166.3570,0.0000,948.1850,201.2070,136.7320,0.0000,0.0000,1513.7920
2042,1,1,1,62.2460,166.7140,0.0000,956.5780,193.6870,134.2090,0.0000,0.0000,1513.4340
2043,1,1,1,63.3230,167.4280,0.0000,942.1050,194.5050,133.7470,0.0000,0.0000,1501.1080
2044,1,1,1,60.5110,165.4650,0.0000,956.1420,193.9330,135.0280,0.0000,0.0000,1511.0790
2045,1,1,1,61.4030,165.7850,0.0000,944.9230,193.9570,136.0620,0.0000,0.0000,1502.1300
2046,1,1,1,60.2890,165.1200,0.0000,946.4550,192.9110,136.0250,0.0000,0.0000,1500.8000
2047,0,1,1,61.3910,166.9850,0.0000,947.5440,201.7850,138.4310,0.0000,0.0000,1516.1360
2048,1,1,1,61.0220,166.9160,0.0000,943.5260,196.6830,134.6270,0.0000,0.0000,1502.7740
2049,0,1,0,61.5330,166.1410,0.0000,943.0830,194.6160,134.3320,0.0000,0.0000,1499.7050
2050,1,1,1,61.2920,166.0120,0.0000,945.4210,193.4400,135.7100,0.0000,0.0000,1501.8750
2051,1,1,1,62.3140,165.1510,0.0000,943.6000,194.3450,134.0680,0.0000,0.0000,1499.4780
2052,1,1,1,62.5600,164.1970,0.0000,949.2180,194.2100,133.7600,0.0000,0.0000,1503.9450
2053,0,1,0,62.7570,166.1600,0.0000,957.7540,204.7260,137.2130,0.0000,0.0000,1528.6100
2054,1,1,1,62.2960,169.5330,0.0000,958.1290,195.9260,136.0060,0.0000,0.0000,1521.8900
2055,1,1,0,62.4860,166.9050,0.0000,957.5760,195.5200,135.6310,0.0000,0.0000,1518.1180
2056,1,1,1,61.3720,166.9050,0.0000,944.1660,194.9850,135.4400,0.0000,0.0000,1502.8680
2057,1,1,1,61.7420,165.1510,0.0000,945.8270,195.0460,135.5880,0.0000,0.0000,1503.3540
2058,1,1,1,61.8220,167.9320,0.0000,944.2950,192.5420,134.4800,0.0000,0.0000,1501.0710
2059,1,1,1,62.3200,166.0490,0.0000,941.2560,195.8280,178.9660,0.0000,0.0000,1544.4190
2060,1,1,1,61.2500,172.0430,0.0000,943.2250,196.8490,135.5010,0.0000,0.0000,1508.8680
2061,1,1,1,71.0960,175.2920,0.0000,950.9790,198.5110,141.1260,0.0000,0.0000,1537.0040
2062,0,1,0,61.7170,168.4930,0.0000,945.8950,196.9910,137.1020,0.0000,0.0000,1510.1980
2063,0,1,0,61.8470,164.8240,0.0000,943.0220,195.3160,135.4770,0.0000,0.0000,1500.4860
2064,1,1,1,59.2300,167.8340,0.0000,955.9020,193.4030,136.0250,0.0000,0.0000,1512.3940
2065,1,1,1,61.5930,165.8520,0.0000,957.2000,194.7700,134.4620,0.0000,0.0000,1513.8770
2066,1,1,1,111.9880,173.8900,0.0000,943.5940,200.4430,139.0340,0.0000,0.0000,1568.9490
2067,1,1,1,62.8120,170.4620,0.0000,946.6210,195.0770,137.2130,0.0000,0.0000,1512.1850
2068,1,1,1,60.8120,165.4590,0.0000,944.5910,192.5840,135.6800,0.0000,0.0000,1499.1260
2069,1,1,1,60.1480,164.0060,0.0000,955.5810,193.9140,136.4870,0.0000,0.0000,1510.1360
2070,1,1,1,60.4190,166.0240,0.0000,947.0710,195.8280,135.1200,0.0000,0.0000,1504.4620
2071,1,1,1,60.8560,166.8060,0.0000,957.6490,195.1260,135.2120,0.0000,0.0000,1515.6490
2072,1,1,1,63.1760,165.2620,0.0000,945.8280,203.4210,137.9570,0.0000,0.0000,1515.6440
2073,1,1,1,61.4400,168.4920,0.0000,955.2190,194.6520,136.4060,0.0000,0.0000,1516.2090
2074,1,1,1,63.4460,165.9880,0.0000,944.8430,195.9320,134.8370,0.0000,0.0000,1505.0460
2075,1,1,1,60.0000,165.1260,0.0000,943.6740,194.1730,134.5170,0.0000,0.0000,1497.4900
2076,1,1,1,61.5390,166.2770,0.0000,954.6830,192.7450,133.5870,0.0000,0.0000,1508.8310
2077,1,1,1,62.1360,166.7450,0.0000,941.8460,194.3200,136.2830,0.0000,0.0000,1501.3300
2078,1,1,1,62.2580,166.0620,0.0000,944.7080,201.9390,138.7260,0.0000,0.0000,1513.6930
2079,1,1,1,63.4830,168.3630,0.0000,943.5390,196.8190,135.6860,0.0000,0.0000,1507.8900
2080,1,1,1,63.7050,168.7390,0.0000,944.0620,193.3420,134.2580,0.0000,0.0000,1504.1060
2081,1,1,1,62.8310,165.6000,0.0000,942.6220,195.4770,133.5630,0.0000,0.0000,1500.0930
2082,1,1,0,60.5720,168.4670,0.0000,944.8990,195.1820,133.5020,0.0000,0.0000,1502.6220
2083,1,1,1,62.3630,166.5100,0.0000,942.2710,193.5940,136.1540,0.0000,0.0000,1500.8920
2084,0,1,0,60.4120,164.4730,0.0000,945.1200,202.1170,137.9020,0.0000,0.0000,1510.0240
2085,1,1,1,61.9820,169.2370,0.0000,944.9600,195.1820,136.0920,0.0000,0.0000,1507.4530
2086,1,1,1,61.5510,166.1970,0.0000,944.0120,195.8590,137.2680,0.0000,0.0000,1504.8870
2087,1,1,1,62.1600,166.9900,0.0000,946.0430,194.2100,135.1140,0.0000,0.0000,1504.5170
2088,1,1,1,61.0770,165.2060,0.0000,942.1910,191.0030,135.2120,0.0000,0.0000,1494.6890
2089,1,1,1,60.8000,164.6900,0.0000,956.3570,192.7630,135.9200,0.0000,0.0000,1510.5300
2090,1,1,1,60.2210,166.0000,0.0000,945.2190,255.9380,144.0430,0.0000,0.0000,1571.4210
2091,1,1,0,61.6920,173.8900,0.0000,949.1260,197.3730,137.6370,0.0000,0.0000,1519.7180
2092,1,1,1,63.1450,167.3900,0.0000,947.3050,196.6580,137.7110,0.0000,0.0000,1512.2090
2093,1,1,1,61.7360,167.4400,0.0000,944.2090,195.1750,133.6740,0.0000,0.0000,1502.2340
2094,0,1,0,61.5500,164.2770,0.0000,944.9970,195.0030,133.7410,0.0000,0.0000,1499.5680
2095,1,1,1,61.4650,164.3260,0.0000,941.9320,192.6710,136.4920,0.0000,0.0000,1496.8860
2096,1,1,1,62.6830,165.8280,0.0000,955.7230,195.2500,134.3940,0.0000,0.0000,1513.8780
2097,1,1,1,61.1570,173.0830,0.0000,947.1880,199.8400,136.5670,0.0000,0.0000,1517.8350
2098,1,1,1,62.2890,169.0100,0.0000,942.7260,195.1320,135.7540,0.0000,0.0000,1504.9110
2099,1,1,1,62.4620,167.9700,0.0000,955.4280,197.1140,135.7230,0.0000,0.0000,1518.6970
2100,1,1,1,60.4740,163.7670,0.0000,945.5260,197.1200,135.0520,0.0000,0.0000,1501.9390
2101,1,1,1,60.8920,166.2650,0.0000,955.7850,194.2830,135.8890,0.0000,0.0000,1513.1140
2102,1,1,1,60.6890,164.8060,0.0000,943.2180,195.7170,134.8490,0.0000,0.0000,1499.2790
2103,0,1,0,61.4590,163.3290,0.0000,945.1450,201.7290,135.7840,0.0000,0.0000,1507.4460
2104,1,1,1,62.6090,166.5100,0.0000,944.1600,195.0890,137.8090,0.0000,0.0000,1506.1770
2105,1,1,1,61.1260,168.7140,0.0000,943.8150,195.0530,135.3670,0.0000,0.0000,1504.0750
2106,0,1,0,62.2520,165.8710,0.0000,957.3720,193.6920,135.7410,0.0000,0.0000,1514.9280
2107,1,1,1,60.4550,165.1140,0.0000,942.8800,194.8190,135.0710,0.0000,0.0000,1498.3390
2108,1,1,1,61.6060,166.8980,0.0000,944.7200,193.0340,135.6490,0.0000,0.0000,1501.9070
2109,1,1,1,62.2580,166.7080,0.0000,945.7600,200.2280,138.2030,0.0000,0.0000,1513.1570
2110,1,1,1,63.2620,165.7170,0.0000,957.5380,195.5820,136.8370,0.0000,0.0000,1518.9360
2111,1,1,1,60.4920,167.1200,0.0000,941.7360,193.1940,137.0950,0.0000,0.0000,1499.6370
2112,1,1,1,62.4680,165.8400,0.0000,958.6590,194.9230,135.9880,0.0000,0.0000,1517.8780
2113,1,1,1,61.5200,165.8520,0.0000,943.5450,193.8950,134.4800,0.0000,0.0000,1499.2920
2114,1,1,1,61.6860,167.7850,0.0000,957.5140,194.3200,133.6180,0.0000,0.0000,1514.9230
2115,1,1,1,59.7540,164.8730,0.0000,943.8830,202.1470,137.3230,0.0000,0.0000,1507.9800
2116,1,1,1,61.2120,166.3940,0.0000,943.7350,194.3080,136.4990,0.0000,0.0000,1502.1480
2117,1,1,1,60.8310,166.4860,0.0000,954.9780,195.1940,133.3050,0.0000,0.0000,1510.7940
2118,1,1,1,63.3360,164.7330,0.0000,957.0830,195.5320,135.0210,0.0000,0.0000,1515.7050
2119,1,1,1,61.3540,166.3070,0.0000,942.4250,193.4520,135.4520,0.0000,0.0000,1498.9900
2120,1,1,1,61.2000,163.9630,0.0000,941.6120,193.4950,134.3440,0.0000,0.0000,1494.6140
2121,1,1,1,61.8580,165.9380,0.0000,942.6460,230.8060,141.0280,0.0000,0.0000,1542.2760
2122,1,1,1,60.8860,168.0430,0.0000,942.6270,195.8890,136.5350,0.0000,0.0000,1503.9800
2123,0,1,1,60.7570,167.8030,0.0000,947.0700,195.9500,138.3200,0.0000,0.0000,1509.9000
2124,1,1,1,61.0590,166.4250,0.0000,944.9530,196.4800,136.1110,0.0000,0.0000,1505.0280
2125,1,1,1,61.3720,167.8580,0.0000,943.6550,196.3570,135.1330,0.0000,0.0000,1504.3750
2126,1,1,1,63.0400,166.5970,0.0000,942.3260,193.6800,135.3720,0.0000,0.0000,1501.0150
2127,1,1,1,61.5510,164.2640,0.0000,942.1600,195.3240,135.8150,0.0000,0.0000,1499.1140
2128,1,1,1,62.3380,232.2270,0.0000,959.4900,201.6740,136.9670,0.0000,0.0000,1592.6960
2129,1,1,1,63.3960,168.7820,0.0000,945.2000,196.3690,134.8980,0.0000,0.0000,1508.6450
2130,1,1,1,62.8130,170.3810,0.0000,942.9290,195.6800,134.1660,0.0000,0.0000,1505.9690
2131,1,1,1,62.6460,167.0340,0.0000,946.0920,194.2890,136.3260,0.0000,0.0000,1506.3870
2132,1,1,1,60.6520,164.6830,0.0000,944.9730,193.4460,135.7660,0.0000,0.0000,1499.5200
2133,1,1,1,62.1540,167.6370,0.0000,943.6860,193.7540,135.1200,0.0000,0.0000,1502.3510
2134,1,1,1,61.6980,165.3480,0.0000,947.2980,200.8000,137.8460,0.0000,0.0000,1512.9900
2135,1,1,1,62.4240,167.5570,0.0000,942.9790,193.5010,134.1410,0.0000,0.0000,1500.6020
2136,1,1,1,60.7200,165.3660,0.0000,946.0980,195.2740,135.0710,0.0000,0.0000,1502.5290
2137,1,1,1,61.0830,165.8460,0.0000,946.7020,195.3230,133.0280,0.0000,0.0000,1501.9820
2138,1,1,1,61.3290,164.6710,0.0000,942.8000,192.8930,132.3440,0.0000,0.0000,1494.0370
2139,1,1,1,60.9850,166.2220,0.0000,955.9200,196.4300,135.4830,0.0000,0.0000,1515.0400
2140,1,1,1,64.2830,166.0000,0.0000,951.8090,204.6340,137.6860,0.0000,0.0000,1524.4120
2141,1,1,1,62.8740,170.0980,0.0000,944.1970,195.9510,135.1630,0.0000,0.0000,1508.2830
2142,1,1,1,61.5870,167.5500,0.0000,945.1940,194.0870,135.6860,0.0000,0.0000,1504.1040
2143,1,1,1,61.9630,167.1690,0.0000,942.4430,194.6030,133.4280,0.0000,0.0000,1499.6060
2144,1,1,1,60.2100,166.8130,0.0000,957.4830,197.8460,133.7840,0.0000,0.0000,1516.1360
2145,1,1,0,61.6430,167.5690,0.0000,942.5230,195.2430,136.7880,0.0000,0.0000,1503.7660
2146,1,1,1,61.1080,164.2150,0.0000,956.5720,202.8180,136.0550,0.0000,0.0000,1520.7680
2147,1,1,1,62.2150,170.0430,0.0000,946.5040,194.7630,136.8310,0.0000,0.0000,1510.3560
2148,1,1,1,60.7260,168.3940,0.0000,944.5540,194.9780,134.7140,0.0000,0.0000,1503.3660
2149,1,1,1,62.9540,165.2680,0.0000,955.3350,195.8520,135.2610,0.0000,0.0000,1514.6700
2150,1,1,1,61.9070,166.1110,0.0000,943.1070,194.5050,133.6060,0.0000,0.0000,1499.2360
2151,1,1,1,61.4590,167.0090,0.0000,957.9390,194.5170,135.7540,0.0000,0.0000,1516.6780
2152,0,1,0,61.2070,164.3810,0.0000,957.0520,230.4680,139.3350,0.0000,0.0000,1552.4430
2153,1,1,1,62.2710,171.4460,0.0000,944.9660,196.9350,131.9690,0.0000,0.0000,1507.5870
2154,1,1,1,61.3410,167.6990,0.0000,957.6670,194.7760,134.0000,0.0000,0.0000,1515.4830
2155,1,1,1,61.6310,164.4800,0.0000,943.9260,194.1720,136.5480,0.0000,0.0000,1500.7570
2156,1,1,1,63.6680,164.1720,0.0000,943.8220,194.2090,132.5780,0.0000,0.0000,1498.4490
2157,1,1,1,61.7170,165.8400,0.0000,943.3970,193.7660,135.0530,0.0000,0.0000,1499.7730
2158,1,1,1,61.4400,166.4310,0.0000,956.4430,195.9010,135.4520,0.0000,0.0000,1515.6670
2159,0,1,1,62.1050,218.2890,0.0000,946.4250,196.5900,137.2490,0.0000,0.0000,1560.6580
2160,1,1,1,61.7410,166.4610,0.0000,956.7200,195.0640,135.8340,0.0000,0.0000,1515.8200
2161,0,1,0,61.5820,165.5690,0.0000,944.7010,193.3360,134.6090,0.0000,0.0000,1499.7970
2162,1,1,1,62.3820,166.3690,0.0000,942.7140,194.9910,134.1660,0.0000,0.0000,1500.6220
2163,1,1,1,61.5130,164.9230,0.0000,956.3930,196.2590,136.1110,0.0000,0.0000,1515.1990
2164,1,1,0,62.6400,164.1050,0.0000,946.8310,195.6250,134.6160,0.0000,0.0000,1503.8170
2165,0,1,0,61.5080,165.9690,0.0000,946.1910,205.1880,137.7780,0.0000,0.0000,1516.6340
2166,1,1,1,61.9140,170.1790,0.0000,955.3910,195.6370,134.4920,0.0000,0.0000,1517.6130
2167,1,1,1,60.9660,168.0250,0.0000,941.1130,195.4280,137.2370,0.0000,0.0000,1502.7690
2168,1,1,1,60.7200,167.1130,0.0000,942.3810,194.2830,135.3720,0.0000,0.0000,1499.8690
2169,1,1,1,61.1700,166.1110,0.0000,954.8000,192.3450,134.4990,0.0000,0.0000,1508.9250
2170,1,1,1,62.7760,164.4240,0.0000,954.4120,193.1760,134.9290,0.0000,0.0000,1509.7170
2171,1,1,1,60.6530,165.4580,0.0000,948.7390,201.5140,137.1080,0.0000,0.0000,1513.4720
2172,1,1,1,62.5660,168.9420,0.0000,943.5880,197.0400,135.3600,0.0000,0.0000,1507.4960
2173,1,1,1,62.8990,166.3570,0.0000,943.2240,195.1390,137.4890,0.0000,0.0000,1505.1080
2174,0,1,0,63.5390,166.2220,0.0000,955.7230,196.5360,136.6950,0.0000,0.0000,1518.7150
2175,1,1,1,61.0700,166.7380,0.0000,942.5360,195.0460,134.0680,0.0000,0.0000,1499.4580
2176,0,1,0,61.4830,166.6710,0.0000,942.1110,193.8760,136.0240,0.0000,0.0000,1500.1650
2177,0,1,0,61.6920,166.3320,0.0000,943.9940,199.6430,135.4150,0.0000,0.0000,1507.0760
2178,0,1,0,62.8120,168.3260,0.0000,943.7790,194.8250,135.9080,0.0000,0.0000,1505.6500
2179,1,1,1,60.5790,166.5780,0.0000,942.5410,192.7440,135.0090,0.0000,0.0000,1497.4510
2180,1,1,1,61.3600,163.1070,0.0000,956.2030,195.5700,134.3390,0.0000,0.0000,1510.5790
2181,1,1,1,62.4800,166.3450,0.0000,945.5390,196.5660,132.5790,0.0000,0.0000,1503.5090
2182,1,1,1,62.1970,164.8670,0.0000,955.7300,194.2960,133.5200,0.0000,0.0000,1510.6100
2183,1,1,1,61.5080,165.0460,0.0000,947.4340,192.7940,178.2030,0.0000,0.0000,1544.9850
2184,1,1,1,62.6090,172.7690,0.0000,947.0650,195.0100,135.4590,0.0000,0.0000,1512.9120
2185,0,1,0,62.9970,168.4120,0.0000,942.7880,194.6220,133.6670,0.0000,0.0000,1502.4860
2186,1,1,1,63.0100,166.7200,0.0000,944.3560,193.5640,136.2460,0.0000,0.0000,1503.8960
2187,1,1,1,61.4270,166.9780,0.0000,945.2860,192.8920,134.5110,0.0000,0.0000,1501.0940
2188,1,1,1,61.2920,168.1660,0.0000,942.7880,193.4640,133.1130,0.0000,0.0000,1498.8230
2189,1,1,1,62.5600,166.7140,0.0000,954.3320,195.5200,136.1720,0.0000,0.0000,1515.2980
2190,1,1,1,61.1320,217.5200,0.0000,945.5810,200.9170,138.7320,0.0000,0.0000,1563.8820
2191,1,1,1,61.4770,168.5230,0.0000,957.4640,195.9630,134.7750,0.0000,0.0000,1518.2020
2192,1,1,1,61.2920,166.1600,0.0000,945.3600,196.5660,135.1450,0.0000,0.0000,1504.5230
2193,1,1,1,60.9230,167.5750,0.0000,942.0980,194.4550,134.2280,0.0000,0.0000,1499.2790
2194,1,1,1,61.7420,166.3200,0.0000,945.4280,193.5630,134.7010,0.0000,0.0000,1501.7540
2195,1,1,1,60.7010,164.6340,0.0000,955.2670,193.2550,134.8550,0.0000,0.0000,1508.7120
2196,0,1,0,60.8250,163.7170,0.0000,959.4950,222.9350,149.8340,0.0000,0.0000,1556.8060
2197,1,1,1,65.1380,177.1750,0.0000,947.4520,199.8710,140.8740,0.0000,0.0000,1530.5100
2198,1,1,1,65.4640,169.4640,0.0000,944.0060,198.8430,137.2060,0.0000,0.0000,1514.9830
2199,1,1,1,62.1110,167.1570,0.0000,954.7330,195.5880,135.7040,0.0000,0.0000,1515.2930
2200,1,1,1,61.2550,167.1630,0.0000,945.2250,196.8860,136.1480,0.0000,0.0000,1506.6770
2201,1,1,1,61.8030,167.2860,0.0000,943.3540,194.5970,135.2550,0.0000,0.0000,1502.2950
2202,1,1,1,61.1450,164.2030,0.0000,944.1350,210.3320,142.2710,0.0000,0.0000,1522.0860
2203,1,1,1,63.1640,171.2310,0.0000,950.1420,195.0270,137.6300,0.0000,0.0000,1517.1940
2204,1,1,1,62.5050,166.5850,0.0000,945.2190,196.4240,135.7910,0.0000,0.0000,1506.5240
2205,1,1,1,61.4150,166.9660,0.0000,941.9750,194.4860,135.9380,0.0000,0.0000,1500.7800
2206,1,1,1,63.3540,165.2310,0.0000,957.3910,195.9700,136.9780,0.0000,0.0000,1518.9240
2207,0,1,0,60.7260,164.5420,0.0000,946.6710,192.4490,134.0990,0.0000,0.0000,1498.4870
2208,1,1,1,61.7050,168.0680,0.0000,950.5600,202.5600,137.2550,0.0000,0.0000,1520.1480
2209,1,1,1,62.8990,165.9630,0.0000,944.5290,198.7330,136.2150,0.0000,0.0000,1508.3390
2210,1,1,1,61.1380,167.1260,0.0000,956.0250,194.7320,133.3910,0.0000,0.0000,1512.4120
2211,1,1,1,62.1910,163.4830,0.0000,957.9020,195.4960,135.6740,0.0000,0.0000,1514.7460
2212,1,1,1,59.8890,166.7380,0.0000,955.0340,194.0980,134.7870,0.0000,0.0000,1510.5460
2213,1,1,1,60.3440,165.4280,0.0000,956.4860,192.9720,134.1470,0.0000,0.0000,1509.3770
2214,0,1,0,62.4870,163.4090,0.0000,955.7470,235.0770,138.9910,0.0000,0.0000,1555.7110
2215,1,1,1,62.2400,167.7100,0.0000,942.5530,197.9640,139.2670,0.0000,0.0000,1509.7340
2216,1,1,1,60.7760,166.8620,0.0000,957.0830,194.7080,134.1790,0.0000,0.0000,1513.6080
2217,0,1,0,61.5020,167.2370,0.0000,943.5930,192.4310,135.0400,0.0000,0.0000,1499.8030
2218,1,1,1,61.2800,165.2310,0.0000,943.2060,193.9640,135.2870,0.0000,0.0000,1498.9680
2219,1,1,1,61.4340,165.7600,0.0000,957.0460,191.6000,135.3110,0.0000,0.0000,1511.1510
2220,1,1,1,60.8310,164.3940,0.0000,942.0370,194.4120,132.9910,0.0000,0.0000,1494.6650
2221,1,1,1,101.0150,170.7690,0.0000,946.8670,197.4150,135.6490,0.0000,0.0000,1551.7150
2222,1,1,1,64.0860,167.8460,0.0000,955.2560,196.2460,134.5910,0.0000,0.0000,1518.0250
2223,1,1,1,61.5200,167.9510,0.0000,945.6250,194.6950,135.1200,0.0000,0.0000,1504.9110
2224,1,1,1,62.7940,168.4240,0.0000,947.0650,195.2500,135.8090,0.0000,0.0000,1509.3420
2225,1,1,1,61.6680,163.3600,0.0000,943.9940,193.1940,134.3880,0.0000,0.0000,1496.6040
2226,0,1,0,60.5670,167.0280,0.0000,945.9440,195.6250,135.6980,0.0000,0.0000,1504.8620
2227,1,1,1,61.3170,164.8060,0.0000,951.6190,203.3110,136.8550,0.0000,0.0000,1517.9080
2228,1,1,1,62.7200,169.7480,0.0000,946.3080,193.5940,136.7750,0.0000,0.0000,1509.1450
2229,1,1,1,62.2520,166.4430,0.0000,943.9010,195.0770,135.4890,0.0000,0.0000,1503.1620
2230,0,1,0,63.2250,167.2000,0.0000,944.9110,196.7750,132.5540,0.0000,0.0000,1504.6650
2231,0,1,0,61.6610,166.1970,0.0000,943.3160,193.9330,135.7910,0.0000,0.0000,1500.8980
2232,0,1,0,59.8150,165.0030,0.0000,957.1200,193.4950,135.2920,0.0000,0.0000,1510.7250
2233,0,1,0,60.9660,166.3140,0.0000,945.0220,202.8430,139.0220,0.0000,0.0000,1514.1670
2234,1,1,1,61.1270,169.2370,0.0000,957.5260,193.5080,134.3260,0.0000,0.0000,1515.7240
2235,1,1,1,60.1670,166.6340,0.0000,942.0060,193.6860,135.2610,0.0000,0.0000,1497.7540
2236,1,1,1,61.4830,166.5350,0.0000,943.4400,194.1420,134.6960,0.0000,0.0000,1500.2960
2237,1,1,1,61.3470,165.6620,0.0000,941.9870,194.2220,137.0030,0.0000,0.0000,1500.2210
2238,1,1,1,60.8620,165.8830,0.0000,942.2890,192.8980,137.7040,0.0000,0.0000,1499.6360
2239,1,1,1,61.5690,165.0640,0.0000,951.0340,207.5080,138.0120,0.0000,0.0000,1523.1870
2240,1,1,0,61.6240,170.1160,0.0000,946.6830,196.2330,137.4460,0.0000,0.0000,1512.1020
2241,1,1,1,63.4710,166.7940,0.0000,956.1110,194.0670,136.3260,0.0000,0.0000,1516.7690
2242,1,1,1,61.2800,167.4100,0.0000,941.7470,194.7570,136.8430,0.0000,0.0000,1502.0370
2243,0,1,0,63.2610,165.3230,0.0000,946.9530,195.7230,134.6580,0.0000,0.0000,1505.9180
2244,1,1,1,60.7200,164.5660,0.0000,943.2130,194.0620,136.5410,0.0000,0.0000,1499.1020
2245,1,1,1,60.0860,165.8760,0.0000,955.8640,233.0340,137.8580,0.0000,0.0000,1552.7180
2246,0,1,0,62.8550,168.6900,0.0000,945.0030,195.8830,137.5690,0.0000,0.0000,1510.0000
2247,1,1,1,61.6250,167.0590,0.0000,956.1970,195.3600,137.9880,0.0000,0.0000,1518.2290
2248,1,1,1,62.8500,166.7690,0.0000,958.1290,193.2000,136.0860,0.0000,0.0000,1517.0340
2249,0,1,0,61.8640,165.8890,0.0000,941.9750,195.7850,135.6740,0.0000,0.0000,1501.1870
2250,1,1,1,61.9320,166.5600,0.0000,943.2370,196.0120,135.6670,0.0000,0.0000,1503.4080
2251,1,1,1,61.3850,166.4060,0.0000,955.4470,196.3940,133.9260,0.0000,0.0000,1513.5580
2252,1,1,1,107.7660,171.7170,0.0000,946.7440,198.6340,141.4770,0.0000,0.0000,1566.3380
2253,1,1,1,62.2090,168.0870,0.0000,947.7170,196.0730,136.7760,0.0000,0.0000,1510.8620
2254,1,1,1,63.1690,168.2030,0.0000,958.0300,197.3970,136.0730,0.0000,0.0000,1522.8720
2255,1,1,1,62.1360,166.0920,0.0000,955.3910,193.6250,134.2580,0.0000,0.0000,1511.5020
2256,1,1,1,59.6490,166.7330,0.0000,943.0710,195.9940,136.3320,0.0000,0.0000,1501.7790
2257,1,1,1,62.5050,166.3820,0.0000,943.2060,196.9850,133.7480,0.0000,0.0000,1502.8260
2258,1,1,1,61.1940,165.3230,0.0000,954.4430,201.4090,135.3850,0.0000,0.0000,1517.7540
2259,1,1,0,64.5420,167.5810,0.0000,946.8370,196.7010,135.0460,0.0000,0.0000,1510.7070
2260,1,1,1,61.6190,165.5010,0.0000,943.5820,195.6430,133.9700,0.0000,0.0000,1500.3150
2261,1,1,1,60.4430,165.1440,0.0000,941.3350,195.9200,133.1510,0.0000,0.0000,1495.9930
2262,1,1,1,60.3750,164.5660,0.0000,943.0150,194.7570,135.0030,0.0000,0.0000,1497.7160
2263,1,1,1,61.0520,167.0770,0.0000,948.1290,193.0220,134.8190,0.0000,0.0000,1504.0990
2264,1,1,1,61.7480,166.0250,0.0000,942.5110,201.2740,137.2120,0.0000,0.0000,1508.7700
2265,0,1,0,61.4100,167.1930,0.0000,957.8520,196.5970,135.5690,0.0000,0.0000,1518.6210
2266,0,1,0,61.6000,162.0990,0.0000,942.9660,194.1350,137.6370,0.0000,0.0000,1498.4370
2267,1,1,1,62.4800,166.2150,0.0000,941.5140,193.3230,134.4190,0.0000,0.0000,1497.9510
2268,1,1,1,62.6090,165.5200,0.0000,942.9540,197.6190,134.9720,0.0000,0.0000,1503.6740
2269,1,1,1,61.5260,165.0210,0.0000,955.2430,196.2830,134.1970,0.0000,0.0000,1512.2700
2270,1,1,1,61.6620,164.1170,0.0000,956.7510,201.9270,137.0090,0.0000,0.0000,1521.4660
2271,1,1,1,62.7200,168.0740,0.0000,943.6370,196.9660,134.5910,0.0000,0.0000,1505.9880
2272,0,1,0,62.7330,165.2800,0.0000,943.5320,194.9790,136.6030,0.0000,0.0000,1503.1270
2273,1,1,1,61.9820,167.4100,0.0000,958.0560,196.0310,133.5820,0.0000,0.0000,1517.0610
2274,1,1,1,62.8740,163.9260,0.0000,946.8550,195.9510,135.3100,0.0000,0.0000,1504.9160
2275,1,1,1,61.1570,166.1670,0.0000,956.9350,194.3440,134.8980,0.0000,0.0000,1513.5010
2276,1,1,0,60.5600,165.5870,0.0000,943.4520,249.8950,140.7200,0.0000,0.0000,1560.2140
2277,0,1,0,62.5970,171.3480,0.0000,947.1700,197.8830,136.4550,0.0000,0.0000,1515.4530
2278,1,1,1,62.4670,168.5170,0.0000,958.3320,195.8160,135.0760,0.0000,0.0000,1520.2080
2279,1,1,1,63.6370,163.8030,0.0000,944.4990,194.2520,136.2590,0.0000,0.0000,1502.4500
2280,1,1,1,63.2740,166.7750,0.0000,957.0220,194.8980,131.8460,0.0000,0.0000,1513.8150
2281,1,1,1,61.5700,166.6640,0.0000,944.8370,194.9790,136.2340,0.0000,0.0000,1504.2840
2282,1,1,1,60.8310,167.9140,0.0000,945.1200,193.8150,136.1230,0.0000,0.0000,1503.8030
2283,1,1,1,103.5870,170.1600,0.0000,943.3670,195.8150,137.4280,0.0000,0.0000,1550.3570
2284,1,1,0,62.9850,166.2640,0.0000,957.7780,196.1360,134.8800,0.0000,0.0000,1518.0430
2285,1,1,1,61.8830,167.2920,0.0000,942.7320,196.4490,132.9780,0.0000,0.0000,1501.3340
2286,1,1,1,62.2150,165.7100,0.0000,942.7270,195.1070,136.7750,0.0000,0.0000,1502.5340
2287,1,1,1,62.4500,165.6120,0.0000,955.9140,195.3600,136.0490,0.0000,0.0000,1515.3850
2288,1,1,1,62.0680,165.4460,0.0000,943.8340,195.7720,134.1720,0.0000,0.0000,1501.2920
2289,0,1,0,61.0890,165.1750,0.0000,953.2620,202.4070,135.9260,0.0000,0.0000,1517.8590
2290,1,1,1,63.0830,166.9230,0.0000,945.0890,195.6680,134.8310,0.0000,0.0000,1505.5940
2291,1,1,1,62.2770,166.2460,0.0000,943.8830,196.0860,133.4770,0.0000,0.0000,1501.9690
2292,0,1,0,60.3270,164.4930,0.0000,944.3260,195.8090,135.8030,0.0000,0.0000,1500.7580
2293,1,1,1,62.1790,166.8670,0.0000,954.6520,195.0520,134.6960,0.0000,0.0000,1513.4460
2294,1,1,1,63.9690,165.2920,0.0000,942.7200,195.2740,134.5350,0.0000,0.0000,1501.7900
2295,1,1,1,60.6400,166.1300,0.0000,946.2090,252.2030,164.6100,0.0000,0.0000,1589.7920
2296,1,1,1,98.8800,216.4610,0.0000,959.0400,214.5470,149.0460,0.0000,0.0000,1637.9740
2297,1,1,1,65.9140,176.6640,0.0000,959.5630,200.6830,139.7360,0.0000,0.0000,1542.5600
2298,1,1,1,63.7230,168.8930,0.0000,948.9970,225.6490,150.1970,0.0000,0.0000,1557.4590
2299,1,1,1,68.8300,196.6150,0.0000,960.8980,213.8270,147.8340,0.0000,0.0000,1588.0040
2300,1,1,1,64.4190,190.4000,0.0000,954.2770,222.9600,146.6400,0.0000,0.0000,1578.6960
2301,0,1,0,66.1230,174.5100,0.0000,953.7670,217.6310,144.9420,0.0000,0.0000,1556.9730
2302,1,1,1,65.5570,193.2000,0.0000,959.2800,217.3410,148.1660,0.0000,0.0000,1583.5440
2303,1,1,1,72.2210,192.4800,0.0000,953.5320,213.6490,147.1630,0.0000,0.0000,1579.0450
2304,0,1,0,65.6920,177.4760,0.0000,963.2430,214.2960,147.9390,0.0000,0.0000,1568.6460
2305,1,1,1,67.4330,174.9360,0.0000,954.5170,219.3290,148.2710,0.0000,0.0000,1564.4860
2306,1,1,1,66.2760,178.1110,0.0000,959.8030,211.6740,147.7110,0.0000,0.0000,1563.5750
2307,1,1,1,65.2070,190.2960,0.0000,960.9040,226.5600,149.2550,0.0000,0.0000,1592.2220
2308,1,1,1,66.7940,176.0190,0.0000,947.6670,214.6400,146.3500,0.0000,0.0000,1551.4700
2309,1,1,1,67.4280,175.9810,0.0000,954.9300,219.3480,147.6430,0.0000,0.0000,1565.3300
2310,1,1,1,66.8250,178.0560,0.0000,954.7570,211.5200,146.2100,0.0000,0.0000,1557.3680
2311,1,1,1,66.4060,173.6060,0.0000,948.7750,209.6980,141.0770,0.0000,0.0000,1539.5620
2312,1,1,1,63.1570,169.6370,0.0000,955.7970,214.5470,145.3660,0.0000,0.0000,1548.5040
2313,1,1,1,66.4190,177.2310,0.0000,954.1050,229.8840,154.9110,0.0000,0.0000,1582.5500
2314,1,1,1,69.7050,182.4620,0.0000,955.8830,213.0580,168.7200,0.0000,0.0000,1589.8280
2315,1,1,1,67.0100,179.6670,0.0000,952.7450,210.6530,144.1110,0.0000,0.0000,1554.1860
2316,1,1,1,64.1970,174.0560,0.0000,956.1540,255.1700,159.9010,0.0000,0.0000,1609.4780
2317,1,1,1,69.9880,193.8460,0.0000,953.2250,223.5570,151.1140,0.0000,0.0000,1591.7300
2318,1,1,1,69.0270,182.0190,0.0000,960.9720,213.9140,148.8310,0.0000,0.0000,1574.7630
2319,1,1,1,64.7570,189.9570,0.0000,963.6250,226.7690,151.5320,0.0000,0.0000,1596.6400
2320,1,1,1,66.6210,191.1080,0.0000,951.7600,207.1130,144.2640,0.0000,0.0000,1560.8660
2321,1,1,1,65.3970,175.8030,0.0000,949.4770,216.5170,145.7970,0.0000,0.0000,1552.9910
2322,1,1,1,66.1850,175.6190,0.0000,958.0740,214.8560,148.1290,0.0000,0.0000,1562.8630
2323,1,1,1,66.6340,178.3760,0.0000,965.3290,212.2470,145.3660,0.0000,0.0000,1567.9520
2324,1,1,1,65.6860,173.7540,0.0000,952.9100,217.9510,143.3780,0.0000,0.0000,1553.6790
2325,1,1,1,66.3570,217.9570,0.0000,961.1260,227.5020,147.5450,0.0000,0.0000,1620.4870
2326,1,1,1,64.5410,177.5140,0.0000,946.5850,215.6680,145.1020,0.0000,0.0000,1549.4100
2327,1,1,1,65.2060,175.1380,0.0000,955.3040,219.1260,146.9660,0.0000,0.0000,1561.7400
2328,1,1,1,64.9290,177.8830,0.0000,950.2710,214.0860,148.2160,0.0000,0.0000,1555.3850
2329,1,1,1,66.8120,179.0220,0.0000,958.1970,217.1260,147.6370,0.0000,0.0000,1568.7940
2330,1,1,1,66.5230,179.9880,0.0000,946.6830,219.6680,146.2580,0.0000,0.0000,1559.1200
2331,1,1,1,63.6240,228.0860,0.0000,947.5570,204.1050,144.1910,0.0000,0.0000,1587.5630
2332,1,1,1,78.1170,182.7810,0.0000,960.5840,211.5510,148.9480,0.0000,0.0000,1581.9810
2333,1,1,1,78.0000,182.1660,0.0000,948.7200,208.5600,153.3470,0.0000,0.0000,1570.7930
2334,1,1,1,66.1420,176.1910,0.0000,954.2210,208.6220,155.8030,0.0000,0.0000,1560.9790
2335,1,1,1,65.6240,177.5440,0.0000,951.2560,227.5760,155.5570,0.0000,0.0000,1577.5570
2336,0,1,0,72.9230,213.9260,0.0000,962.5420,223.6440,224.8670,0.0000,0.0000,1697.9020
2337,1,1,1,72.0860,192.1540,0.0000,952.8920,224.0060,162.2530,0.0000,0.0000,1603.3910
2338,1,1,1,67.8340,184.9540,0.0000,952.5790,224.2400,147.8640,0.0000,0.0000,1577.4710
2339,1,1,1,66.3570,177.0400,0.0000,955.0890,215.3730,147.4220,0.0000,0.0000,1561.2810
2340,1,1,0,63.3110,173.8530,0.0000,952.4130,212.2890,155.7790,0.0000,0.0000,1557.6450
2341,1,1,0,65.8520,179.6800,0.0000,949.2740,210.1110,159.2610,0.0000,0.0000,1564.1780
2342,1,1,1,64.9970,179.5070,0.0000,954.9290,252.2950,148.5840,0.0000,0.0000,1600.3120
2343,1,1,1,71.0710,198.8920,0.0000,959.2680,215.2370,145.4030,0.0000,0.0000,1589.8710
2344,1,1,1,62.7510,190.0870,0.0000,957.3540,208.9780,145.3720,0.0000,0.0000,1564.5420
2345,1,1,1,63.5630,186.5970,0.0000,954.5780,212.1100,144.2950,0.0000,0.0000,1561.1430
2346,1,1,1,70.7260,183.1690,0.0000,955.2370,211.7230,146.7390,0.0000,0.0000,1567.5940
2347,1,1,1,68.5410,192.8740,0.0000,947.8710,213.5010,143.1690,0.0000,0.0000,1565.9560
2348,1,1,0,62.6150,169.6560,0.0000,953.6680,311.0640,149.5450,0.0000,0.0000,1646.5480
2349,1,1,1,66.1410,180.7570,0.0000,949.6430,213.8400,156.6220,0.0000,0.0000,1567.0030
2350,0,1,0,64.5790,179.4530,0.0000,947.6120,201.2000,137.4640,0.0000,0.0000,1530.3080
2351,1,1,1,64.5540,171.4030,0.0000,951.5630,212.3070,145.0030,0.0000,0.0000,1544.8300
2352,1,1,1,63.9570,180.6640,0.0000,967.9510,212.9720,171.6000,0.0000,0.0000,1597.1440
2353,1,1,1,66.5670,178.7020,0.0000,949.0890,215.8280,144.1360,0.0000,0.0000,1554.3220
2354,1,1,1,66.7630,173.2060,0.0000,949.4330,271.9880,148.2520,0.0000,0.0000,1609.6420
2355,1,1,1,66.2710,178.4740,0.0000,954.2460,259.8640,157.7540,0.0000,0.0000,1616.6090
2356,1,1,1,69.5700,184.5720,0.0000,962.6650,229.8590,148.2710,0.0000,0.0000,1594.9370
2357,1,1,1,67.4590,178.4800,0.0000,957.4400,237.2560,146.9540,0.0000,0.0000,1587.5890
2358,1,1,1,66.1290,179.6180,0.0000,961.8280,209.7300,154.0560,0.0000,0.0000,1571.3610
2359,1,1,1,65.9320,180.6160,0.0000,952.3510,211.8580,151.0830,0.0000,0.0000,1561.8400
2360,0,1,0,81.7170,180.3510,0.0000,958.5730,214.7200,147.3470,0.0000,0.0000,1582.7080
2361,1,1,0,65.9440,177.7360,0.0000,957.9820,215.2620,145.8580,0.0000,0.0000,1562.7820
2362,1,1,1,64.7020,173.8090,0.0000,953.9260,237.2550,143.9200,0.0000,0.0000,1573.6120
2363,1,1,0,65.5630,175.6860,0.0000,953.9690,213.4590,147.3970,0.0000,0.0000,1556.0740
2364,0,1,0,65.6370,180.9600,0.0000,963.3110,212.7750,144.7880,0.0000,0.0000,1567.4710
2365,1,1,1,67.1140,173.1260,0.0000,956.0430,219.0030,146.8120,0.0000,0.0000,1562.0980
2366,1,1,1,66.2890,174.8180,0.0000,943.8340,234.0930,147.9390,0.0000,0.0000,1566.9730
2367,1,1,1,68.0130,177.3600,0.0000,958.0060,223.9010,146.7010,0.0000,0.0000,1573.9810
2368,1,1,1,62.8740,176.3010,0.0000,951.2430,222.2590,144.5170,0.0000,0.0000,1557.1940
2369,1,1,1,65.9570,176.4920,0.0000,952.2950,225.1570,145.3850,0.0000,0.0000,1565.2860
2370,1,1,1,66.9420,177.6550,0.0000,952.0680,210.7630,142.3020,0.0000,0.0000,1549.7300
2371,1,1,1,64.1910,172.9110,0.0000,948.6950,224.7870,147.2860,0.0000,0.0000,1557.8700
2372,1,1,1,65.4030,173.4160,0.0000,957.0830,220.2950,146.3700,0.0000,0.0000,1562.5670
2373,0,1,0,68.9420,181.9330,0.0000,961.1570,218.2340,145.4030,0.0000,0.0000,1575.6690
2374,1,1,1,66.9530,177.9080,0.0000,962.8800,233.1940,155.7230,0.0000,0.0000,1596.6580
2375,1,1,1,70.9420,204.2040,0.0000,966.9170,243.7540,169.6680,0.0000,0.0000,1655.4850
2376,1,1,1,69.3290,187.1200,0.0000,960.7390,217.8760,148.4430,0.0000,0.0000,1583.5070
2377,1,1,1,70.9660,191.3040,0.0000,960.4560,211.5570,149.4030,0.0000,0.0000,1583.6860
2378,1,1,1,66.0990,228.6400,0.0000,960.3140,226.3010,152.9540,0.0000,0.0000,1634.3080
2379,1,1,1,65.8520,176.8250,0.0000,959.6180,200.8300,142.4800,0.0000,0.0000,1545.6050
2380,1,1,1,63.8590,168.2650,0.0000,959.3290,217.6240,147.9690,0.0000,0.0000,1557.0460
2381,0,1,1,65.5320,176.5600,0.0000,946.4980,216.6650,146.4740,0.0000,0.0000,1551.7290
2382,1,1,1,67.6120,175.2800,0.0000,952.8860,215.1820,145.5080,0.0000,0.0000,1556.4680
2383,1,1,1,64.5290,173.5450,0.0000,950.8430,232.6890,148.5420,0.0000,0.0000,1570.1480
2384,1,1,1,65.3660,176.0060,0.0000,948.9780,223.4280,150.1780,0.0000,0.0000,1563.9560
2385,1,1,1,65.5810,177.3790,0.0000,947.0580,229.8030,146.8990,0.0000,0.0000,1566.7200
2386,1,1,1,67.6060,176.7940,0.0000,948.7080,230.2770,144.7630,0.0000,0.0000,1568.1480
2387,1,1,1,64.7570,180.6830,0.0000,956.8240,215.7970,143.8280,0.0000,0.0000,1561.8890
2388,1,1,1,65.2250,176.8190,0.0000,963.0460,212.8060,153.1270,0.0000,0.0000,1571.0230
2389,1,1,1,66.6460,181.9570,0.0000,949.8210,215.2800,146.7570,0.0000,0.0000,1560.4610
2390,1,1,1,66.7450,186.9420,0.0000,958.1670,254.4000,162.8860,0.0000,0.0000,1629.1400
2391,1,1,1,68.1790,210.2710,0.0000,956.0190,216.1110,147.6620,0.0000,0.0000,1598.2420
2392,1,1,1,65.9260,176.8250,0.0000,953.0520,230.7750,150.2400,0.0000,0.0000,1576.8180
2393,1,1,0,67.1750,180.1350,0.0000,961.9080,227.1940,149.3230,0.0000,0.0000,1585.7350
2394,1,1,1,67.4650,176.2830,0.0000,945.1450,214.1910,145.8960,0.0000,0.0000,1548.9800
2395,1,1,0,70.0490,186.2460,0.0000,951.7230,201.0950,142.5910,0.0000,0.0000,1551.7040
2396,1,1,1,66.7570,193.8400,0.0000,955.1140,224.1720,150.7380,0.0000,0.0000,1590.6210
2397,1,1,1,67.0100,182.3140,0.0000,963.3170,233.6430,152.9230,0.0000,0.0000,1599.2070
2398,1,1,1,68.9850,191.2000,0.0000,949.3790,222.9970,157.3850,0.0000,0.0000,1589.9460
2399,0,1,0,88.6090,190.6580,0.0000,956.2160,222.6650,150.4370,0.0000,0.0000,1608.5850
2400,1,1,1,67.5940,175.8340,0.0000,956.5290,225.1810,148.1360,0.0000,0.0000,1573.2740
2401,1,1,1,65.1330,176.6340,0.0000,954.6710,213.6310,145.7970,0.0000,0.0000,1555.8660
2402,1,1,1,77.2990,227.5750,0.0000,958.7880,222.5540,152.2530,0.0000,0.0000,1638.4690
2403,1,1,0,65.6370,199.5870,0.0000,950.2770,216.4430,158.5100,0.0000,0.0000,1590.4540
2404,1,1,1,66.1600,176.9110,0.0000,956.4800,211.9070,146.0250,0.0000,0.0000,1557.4830
2405,1,1,1,64.8310,180.1600,0.0000,955.0220,210.6830,144.7440,0.0000,0.0000,1555.4400
2406,1,1,1,66.0680,175.1260,0.0000,948.9100,199.3730,148.6460,0.0000,0.0000,1538.1230
2407,1,1,1,77.1200,181.8770,0.0000,952.6280,210.9660,144.3940,0.0000,0.0000,1566.9850
2408,1,1,1,63.9450,219.1010,0.0000,959.7050,217.7910,151.0280,0.0000,0.0000,1611.5700
2409,1,1,1,76.0550,182.7750,0.0000,956.3330,213.1760,148.1480,0.0000,0.0000,1576.4870
2410,1,1,0,79.7480,179.0520,0.0000,953.7970,211.1020,142.9660,0.0000,0.0000,1566.6650
2411,1,1,1,64.3260,181.1880,0.0000,951.9380,208.8980,141.6920,0.0000,0.0000,1548.0420
2412,1,1,1,64.5720,172.7640,0.0000,947.9260,211.0340,144.1540,0.0000,0.0000,1540.4500
2413,1,1,1,68.5970,182.5780,0.0000,954.7640,212.2220,149.4330,0.0000,0.0000,1567.5940
2414,1,1,1,73.1750,186.7320,0.0000,956.6770,216.6090,155.4400,0.0000,0.0000,1588.6330
2415,1,1,1,69.2490,179.9510,0.0000,953.1330,212.6650,167.4830,0.0000,0.0000,1582.4810
2416,1,1,1,67.3970,178.7500,0.0000,952.7630,209.4040,143.9880,0.0000,0.0000,1552.3020
2417,1,1,0,66.4620,172.7020,0.0000,953.1870,211.1930,153.2740,0.0000,0.0000,1556.8180
2418,1,1,1,65.9140,178.8860,0.0000,946.0120,215.1630,159.7850,0.0000,0.0000,1565.7600
2419,0,1,1,69.6620,195.4640,0.0000,955.0280,243.2800,227.5140,0.0000,0.0000,1690.9480
2420,1,1,1,72.5040,194.2830,0.0000,954.8980,220.2090,166.2890,0.0000,0.0000,1608.1830
2421,1,1,1,65.8160,183.7780,0.0000,948.5420,224.0000,147.8090,0.0000,0.0000,1569.9450
2422,1,1,0,66.6530,177.0090,0.0000,956.9900,214.5360,148.2210,0.0000,0.0000,1563.4090
2423,1,1,1,64.5850,187.9070,0.0000,952.2280,208.8130,146.0800,0.0000,0.0000,1559.6130
2424,1,1,1,64.8120,170.9850,0.0000,957.0280,227.7900,146.6640,0.0000,0.0000,1567.2790
2425,1,1,1,66.2280,178.0000,0.0000,947.6490,271.9560,149.6870,0.0000,0.0000,1613.5200
2426,1,1,1,67.3660,185.2250,0.0000,947.9380,202.5290,142.7260,0.0000,0.0000,1545.7840
2427,1,1,1,62.9100,168.9290,0.0000,951.4520,234.7450,145.6430,0.0000,0.0000,1563.6790
2428,1,1,1,65.6620,176.6030,0.0000,953.7420,211.6980,145.4280,0.0000,0.0000,1553.1330
2429,1,1,1,66.6090,173.6130,0.0000,965.5880,215.6860,145.1140,0.0000,0.0000,1566.6100
2430,1,1,1,63.6430,175.1940,0.0000,945.2740,211.0950,142.5170,0.0000,0.0000,1537.7230
2431,1,1,1,68.4120,191.3850,0.0000,945.7410,276.5360,152.1230,0.0000,0.0000,1634.1970
2432,1,1,1,66.7080,180.5230,0.0000,951.4580,216.4000,188.2830,0.0000,0.0000,1603.3720
2433,1,1,1,67.1870,181.9080,0.0000,952.7200,201.2240,142.1960,0.0000,0.0000,1545.2350
2434,1,1,1,64.2270,170.1410,0.0000,945.9080,224.4060,145.2560,0.0000,0.0000,1549.9380
2435,1,1,1,66.4500,177.1200,0.0000,949.9630,199.1880,140.1110,0.0000,0.0000,1532.8320
2436,0,1,0,66.3750,188.5660,0.0000,952.1420,221.7420,147.6860,0.0000,0.0000,1576.5110
2437,1,1,1,63.2300,173.9080,0.0000,953.6620,282.4430,148.9410,0.0000,0.0000,1622.1840
2438,1,1,0,66.4980,179.0160,0.0000,961.0830,217.2430,148.6280,0.0000,0.0000,1572.4680
2439,1,1,1,67.0960,178.7690,0.0000,955.7840,210.0490,143.2130,0.0000,0.0000,1554.9110
2440,1,1,1,66.0920,173.3970,0.0000,950.1840,211.5570,144.8920,0.0000,0.0000,1546.1220
2441,1,1,1,66.0860,172.2400,0.0000,956.4250,224.8860,146.2950,0.0000,0.0000,1565.9320
2442,0,1,0,64.0610,178.3820,0.0000,954.4190,209.6490,148.4120,0.0000,0.0000,1554.9230
2443,1,1,1,66.4500,179.2860,0.0000,1005.3360,332.3140,185.5390,0.0000,0.0000,1768.9250
2444,0,1,0,70.4000,199.2000,0.0000,960.1780,241.0090,154.3080,0.0000,0.0000,1625.0950
2445,1,1,1,67.5570,184.1240,0.0000,960.2770,227.7720,150.9730,0.0000,0.0000,1590.7030
2446,1,1,1,66.3700,180.0740,0.0000,952.0680,215.9940,146.1230,0.0000,0.0000,1560.6290
2447,1,1,1,69.9200,186.7570,0.0000,958.6460,210.5300,143.9080,0.0000,0.0000,1569.7610
2448,1,1,1,73.4090,186.4000,0.0000,954.6650,212.3500,143.7780,0.0000,0.0000,1570.6020
2449,1,1,1,64.9410,177.0650,0.0000,948.4560,226.7320,149.0950,0.0000,0.0000,1566.2890
2450,1,1,1,67.9510,179.9570,0.0000,949.5810,201.0030,160.0800,0.0000,0.0000,1558.5720
2451,1,1,1,66.2950,178.8130,0.0000,952.9840,212.6400,158.1230,0.0000,0.0000,1568.8550
2452,1,1,1,64.5230,180.1850,0.0000,956.4360,227.1200,143.8030,0.0000,0.0000,1572.0670
2453,1,1,1,66.1840,175.8950,0.0000,958.2030,211.7420,148.5360,0.0000,0.0000,1560.5600
2454,1,1,1,66.5290,177.1070,0.0000,948.0000,212.6770,162.1660,0.0000,0.0000,1566.4790
2455,1,1,1,67.2740,179.5080,0.0000,952.7870,224.2030,147.8160,0.0000,0.0000,1571.5880
2456,1,1,1,68.7570,188.2460,0.0000,954.1970,218.9780,150.5050,0.0000,0.0000,1580.6830
2457,1,1,1,66.0300,177.9070,0.0000,944.9110,200.6950,139.4090,0.0000,0.0000,1528.9520
2458,1,1,1,62.5410,172.9850,0.0000,944.1230,198.5660,136.4860,0.0000,0.0000,1514.7010
2459,1,1,1,62.7010,167.2430,0.0000,941.9070,195.2250,136.4860,0.0000,0.0000,1503.5620
2460,1,1,1,61.4030,167.6550,0.0000,943.8640,193.1940,138.0430,0.0000,0.0000,1504.1590
2461,1,1,1,61.7290,167.2240,0.0000,955.1510,209.1320,141.8520,0.0000,0.0000,1535.0880
2462,0,1,0,63.6070,170.5110,0.0000,945.4220,196.4060,136.4860,0.0000,0.0000,1512.4320
2463,1,1,1,63.7600,165.7170,0.0000,944.0990,195.1750,135.8030,0.0000,0.0000,1504.5540
2464,1,1,1,63.4700,164.9530,0.0000,941.8640,196.0500,136.0000,0.0000,0.0000,1502.3370
2465,1,1,1,61.5630,165.4400,0.0000,941.9260,193.7780,133.5870,0.0000,0.0000,1496.2940
2466,0,1,0,60.9420,166.9100,0.0000,940.8860,193.7300,134.7260,0.0000,0.0000,1497.1940
2467,0,1,0,61.6370,166.4370,0.0000,943.8460,240.0920,136.5600,0.0000,0.0000,1548.5720
2468,0,1,0,61.7170,168.1230,0.0000,945.0280,197.0890,133.7410,0.0000,0.0000,1505.6980
2469,1,1,1,61.8400,167.9390,0.0000,944.0550,195.3110,135.9200,0.0000,0.0000,1505.0650
2470,1,1,1,61.7600,166.4800,0.0000,941.0960,194.6960,135.8460,0.0000,0.0000,1499.8780
2471,0,1,0,62.7510,168.1910,0.0000,944.5480,194.0120,134.0560,0.0000,0.0000,1503.5580
2472,1,1,1,62.6590,165.8580,0.0000,944.2030,194.9360,134.6220,0.0000,0.0000,1502.2780
2473,1,1,1,60.9170,164.6710,0.0000,944.0550,193.0650,133.7420,0.0000,0.0000,1496.4500
2474,0,1,0,101.7230,170.7750,0.0000,945.3350,197.5570,139.3290,0.0000,0.0000,1554.7190
2475,1,1,1,62.5780,167.8580,0.0000,942.3750,195.1510,134.2590,0.0000,0.0000,1502.2210
2476,1,1,1,60.8240,165.3720,0.0000,958.1230,194.2710,134.8250,0.0000,0.0000,1513.4150
2477,0,1,0,62.4560,166.7640,0.0000,956.8490,194.2030,137.9500,0.0000,0.0000,1518.2220
2478,0,1,0,62.9170,166.1780,0.0000,957.4890,196.7260,135.2000,0.0000,0.0000,1518.5100
2479,0,1,0,62.2950,164.7270,0.0000,946.3930,194.7870,135.1380,0.0000,0.0000,1503.3400
2480,1,1,1,60.7820,166.6710,0.0000,948.2770,205.3600,137.3600,0.0000,0.0000,1518.4500
2481,1,1,1,62.8870,170.0000,0.0000,944.8130,194.4870,136.9170,0.0000,0.0000,1509.1040
2482,1,1,1,63.3350,166.7140,0.0000,942.9170,194.1600,137.1570,0.0000,0.0000,1504.2830
2483,1,1,1,61.9750,166.4680,0.0000,941.4770,197.2610,135.7720,0.0000,0.0000,1502.9530
2484,1,1,1,59.3410,164.2890,0.0000,955.6000,194.7750,134.6830,0.0000,0.0000,1508.6880
2485,1,1,1,60.5600,165.5440,0.0000,943.1330,194.6890,134.4680,0.0000,0.0000,1498.3940
2486,1,1,1,61.5200,166.1720,0.0000,950.2650,202.6960,138.4680,0.0000,0.0000,1519.1210
2487,1,1,1,64.7510,168.6890,0.0000,942.8250,197.2740,134.7760,0.0000,0.0000,1508.3150
2488,1,1,1,61.8400,166.7560,0.0000,942.6160,193.3050,136.5840,0.0000,0.0000,1501.1010
2489,0,1,0,61.9510,165.8900,0.0000,944.9540,195.1320,134.9480,0.0000,0.0000,1502.8750
2490,1,1,1,60.7630,169.0520,0.0000,944.1100,196.4860,135.5500,0.0000,0.0000,1505.9610
2491,1,1,1,62.3570,165.4280,0.0000,944.9290,196.3320,134.6650,0.0000,0.0000,1503.7110
2492,1,1,1,63.2990,164.4240,0.0000,948.2340,211.0520,139.4710,0.0000,0.0000,1526.4800
2493,1,1,1,63.8030,171.1750,0.0000,955.5070,196.2090,134.7020,0.0000,0.0000,1521.3960
2494,1,1,1,62.2400,165.0090,0.0000,943.5630,195.8210,134.3880,0.0000,0.0000,1501.0210
2495,1,1,1,63.0210,166.2400,0.0000,942.0190,194.1230,135.2130,0.0000,0.0000,1500.6160
2496,1,1,1,61.2120,165.7470,0.0000,943.6860,194.9350,135.6190,0.0000,0.0000,1501.1990
2497,1,1,1,61.2000,166.9470,0.0000,944.0490,191.5700,134.1720,0.0000,0.0000,1497.9380
2498,1,1,1,61.3230,164.2650,0.0000,957.3420,238.8550,138.8680,0.0000,0.0000,1560.6530
2499,0,1,0,62.2090,169.4280,0.0000,946.8990,197.5330,135.9810,0.0000,0.0000,1512.0500
2500,1,1,1,61.1390,166.6030,0.0000,942.0120,194.0430,134.0680,0.0000,0.0000,1497.8650
2501,1,1,1,61.0530,165.9080,0.0000,942.5110,194.1970,134.2280,0.0000,0.0000,1497.8970
2502,1,1,1,59.8090,165.9690,0.0000,942.0620,195.2860,134.7010,0.0000,0.0000,1497.8270
2503,1,1,1,61.8030,165.2680,0.0000,941.9070,194.1910,134.7260,0.0000,0.0000,1497.8950
2504,1,1,1,63.0590,165.1450,0.0000,952.3140,193.5500,134.8560,0.0000,0.0000,1508.9240
2505,1,1,1,99.8580,173.0890,0.0000,947.8400,196.8930,137.1440,0.0000,0.0000,1554.8240
2506,0,1,0,64.2160,167.0340,0.0000,942.7320,196.1970,137.7780,0.0000,0.0000,1507.9570
2507,1,1,1,62.1350,167.5630,0.0000,944.6900,194.7320,135.1690,0.0000,0.0000,1504.2890
2508,1,1,1,61.3970,166.7750,0.0000,945.1440,194.2340,134.5970,0.0000,0.0000,1502.1470
2509,1,1,1,62.6220,166.9970,0.0000,956.6830,195.0650,132.6400,0.0000,0.0000,1514.0070
2510,1,1,1,61.0150,165.2310,0.0000,956.2100,196.6960,133.9440,0.0000,0.0000,1513.0960
2511,0,1,1,61.5390,166.1540,0.0000,951.6000,205.1390,140.3070,0.0000,0.0000,1524.7390
2512,0,1,1,63.5020,167.5260,0.0000,956.2340,194.4550,135.4270,0.0000,0.0000,1517.1440
2513,0,1,0,62.5540,167.2370,0.0000,945.8760,198.7380,135.2610,0.0000,0.0000,1509.6660
2514,1,1,1,62.0800,167.6620,0.0000,954.4190,195.4150,135.5750,0.0000,0.0000,1515.1510
2515,1,1,1,60.9840,167.2500,0.0000,955.6060,195.1380,133.6860,0.0000,0.0000,1512.6640
2516,1,1,1,60.8430,164.3320,0.0000,956.3200,192.0300,133.7350,0.0000,0.0000,1507.2600
2517,0,1,0,61.8150,165.1080,0.0000,944.1290,202.2340,135.9440,0.0000,0.0000,1509.2300
2518,0,1,1,61.1440,166.9660,0.0000,943.1630,195.9870,136.4000,0.0000,0.0000,1503.6600
2519,1,1,1,61.0100,166.9350,0.0000,957.5260,194.3870,133.1260,0.0000,0.0000,1512.9840
2520,1,1,0,59.9630,165.6000,0.0000,943.5450,196.2950,136.0680,0.0000,0.0000,1501.4710
2521,0,1,0,61.6680,166.4130,0.0000,944.7010,193.8340,134.0800,0.0000,0.0000,1500.6960
2522,1,1,1,62.0610,166.1110,0.0000,943.4710,194.4000,135.4650,0.0000,0.0000,1501.5080
2523,1,1,0,59.5930,166.2890,0.0000,945.6120,201.6800,135.5070,0.0000,0.0000,1508.6810
2524,1,1,1,63.4590,167.1010,0.0000,940.7320,193.8030,134.8180,0.0000,0.0000,1499.9130
2525,1,1,1,61.6930,166.9050,0.0000,944.2030,195.4100,135.2860,0.0000,0.0000,1503.4970
2526,1,1,1,61.7170,165.9380,0.0000,942.0000,193.7540,135.0270,0.0000,0.0000,1498.4360
2527,1,1,1,60.5720,166.1420,0.0000,943.6860,194.0800,133.2620,0.0000,0.0000,1497.7420
2528,1,1,1,62.1350,166.0310,0.0000,944.1840,192.2770,134.1540,0.0000,0.0000,1498.7810
2529,1,1,1,61.0640,164.7510,0.0000,944.4430,246.2650,139.8890,0.0000,0.0000,1556.4120
2530,1,1,1,62.9910,169.7350,0.0000,947.3050,194.5170,136.0300,0.0000,0.0000,1510.5780
2531,0,1,0,62.1600,166.4920,0.0000,950.5900,196.0560,134.0870,0.0000,0.0000,1509.3850
2532,1,1,1,63.0330,165.2240,0.0000,942.5420,195.9200,135.3720,0.0000,0.0000,1502.0910
2533,1,1,1,60.8930,166.3630,0.0000,946.9600,193.1700,134.8680,0.0000,0.0000,1502.2540
2534,1,1,1,59.4960,165.1820,0.0000,944.3510,195.1940,134.0800,0.0000,0.0000,1498.3030
2535,1,1,1,62.3880,163.8580,0.0000,944.6710,194.4800,134.3930,0.0000,0.0000,1499.7900
2536,1,1,1,61.2060,209.9320,0.0000,944.2340,199.2130,138.7880,0.0000,0.0000,1553.3730
2537,1,1,1,64.4370,167.6620,0.0000,942.0240,195.1570,135.0650,0.0000,0.0000,1504.3450
2538,1,1,1,63.1760,165.9820,0.0000,944.4980,193.2740,135.7100,0.0000,0.0000,1502.6400
2539,0,1,0,61.1020,167.7410,0.0000,947.3290,195.6120,134.0000,0.0000,0.0000,1505.7840
2540,1,1,1,63.2310,166.1050,0.0000,943.0340,195.2920,134.8500,0.0000,0.0000,1502.5120
2541,0,1,0,61.4530,166.1480,0.0000,955.0770,196.0060,135.8340,0.0000,0.0000,1514.5180
2542,1,1,1,61.1810,166.1900,0.0000,951.3290,204.5110,137.1440,0.0000,0.0000,1520.3550
2543,0,1,0,62.7690,169.8460,0.0000,957.6920,195.9390,136.0180,0.0000,0.0000,1522.2640
2544,1,1,1,61.9440,168.0190,0.0000,943.3360,196.1050,135.7100,0.0000,0.0000,1505.1140
2545,1,1,0,62.1660,167.5810,0.0000,942.6220,194.1850,136.4120,0.0000,0.0000,1502.9660
2546,0,1,0,60.6400,167.5880,0.0000,942.6330,194.1660,134.1660,0.0000,0.0000,1499.1930
2547,1,1,1,61.7170,165.3540,0.0000,954.7630,195.7720,134.5230,0.0000,0.0000,1512.1290
2548,1,1,1,63.3600,165.6000,0.0000,944.3320,201.2250,138.3200,0.0000,0.0000,1512.8370
2549,1,1,1,62.1100,167.8960,0.0000,945.6120,196.2210,136.9170,0.0000,0.0000,1508.7560
2550,1,1,1,62.8740,167.4590,0.0000,945.4150,194.3080,135.6000,0.0000,0.0000,1505.6560
2551,1,1,1,62.1110,166.5100,0.0000,956.4980,196.2770,133.6060,0.0000,0.0000,1515.0020
2552,1,1,0,63.3050,169.2120,0.0000,956.0370,193.2500,133.6310,0.0000,0.0000,1515.4350
2553,1,1,1,61.2800,166.4990,0.0000,942.8980,195.6550,133.8640,0.0000,0.0000,1500.1960
2554,1,1,1,60.6030,165.2370,0.0000,957.0030,202.4560,140.7080,0.0000,0.0000,1526.0070
2555,1,1,1,62.8500,167.2550,0.0000,958.3330,196.9360,135.7660,0.0000,0.0000,1521.1400
2556,1,1,1,60.1360,166.8680,0.0000,942.6950,194.5350,134.6400,0.0000,0.0000,1498.8740
2557,1,1,1,60.4990,164.0610,0.0000,944.3260,195.0830,135.4330,0.0000,0.0000,1499.4020
2558,1,1,1,62.1780,165.9440,0.0000,955.6240,197.8520,136.3320,0.0000,0.0000,1517.9300
2559,1,1,1,63.3540,166.5600,0.0000,956.9110,194.2090,135.4400,0.0000,0.0000,1516.4740
2560,1,1,1,63.0040,165.0830,0.0000,942.2030,239.8280,138.4190,0.0000,0.0000,1548.5370
2561,1,1,1,61.2000,171.7110,0.0000,943.5020,199.4280,135.6370,0.0000,0.0000,1511.4780
2562,0,1,0,60.4920,166.4800,0.0000,946.0550,195.0830,133.3720,0.0000,0.0000,1501.4820
2563,1,1,1,61.0890,165.1390,0.0000,943.9510,195.0770,132.3080,0.0000,0.0000,1497.5640
2564,1,1,1,62.4980,165.9070,0.0000,943.6000,194.4560,134.9660,0.0000,0.0000,1501.4270
2565,1,1,1,60.6590,166.3440,0.0000,940.8680,194.2710,134.1050,0.0000,0.0000,1496.2470
2566,0,1,1,60.5660,166.9290,0.0000,941.9940,195.2800,135.7970,0.0000,0.0000,1500.5660
2567,0,1,0,61.7600,227.4340,0.0000,949.6310,200.2710,137.1810,0.0000,0.0000,1576.2770
2568,1,1,1,62.0550,170.3930,0.0000,942.3390,195.1820,135.8340,0.0000,0.0000,1505.8030
2569,1,1,1,60.6460,164.9170,0.0000,954.9170,195.6860,134.0130,0.0000,0.0000,1510.1790
2570,1,1,1,61.4960,166.3880,0.0000,945.2610,190.8060,134.5850,0.0000,0.0000,1498.5360
2571,1,1,1,61.6000,164.3500,0.0000,956.4930,194.4670,135.8090,0.0000,0.0000,1512.7190
2572,0,1,0,62.3080,167.1750,0.0000,942.6760,195.5080,133.4330,0.0000,0.0000,1501.1000
2573,1,1,1,68.2900,172.4920,0.0000,950.5790,210.2340,141.5140,0.0000,0.0000,1543.1090
2574,1,1,1,62.5900,169.9750,0.0000,945.1810,198.6090,139.5690,0.0000,0.0000,1515.9240
2575,1,1,1,62.2210,166.4310,0.0000,943.2490,194.7690,133.7230,0.0000,0.0000,1500.3930
2576,1,1,1,60.9350,167.3110,0.0000,942.8620,194.9790,134.7810,0.0000,0.0000,1500.8680
2577,1,1,1,62.9360,164.1540,0.0000,942.6840,194.7700,133.2430,0.0000,0.0000,1497.7870
2578,1,1,1,61.1880,165.9630,0.0000,956.8310,195.9750,133.9200,0.0000,0.0000,1513.8770
2579,1,1,1,62.2900,166.6770,0.0000,952.3130,201.1640,138.3140,0.0000,0.0000,1520.7580
2580,1,1,1,63.0590,168.1730,0.0000,941.8640,198.7260,136.2030,0.0000,0.0000,1508.0250
2581,1,1,1,62.7690,207.5140,0.0000,967.7660,232.1780,159.2060,0.0000,0.0000,1629.4330
2582,1,1,1,66.8190,181.5630,0.0000,950.8490,202.2520,141.0460,0.0000,0.0000,1542.5290
2583,1,1,1,63.2500,169.8460,0.0000,946.7320,195.7230,140.3140,0.0000,0.0000,1515.8650
2584,1,1,1,63.2000,169.0760,0.0000,942.9660,196.3510,137.0280,0.0000,0.0000,1508.6210
2585,1,1,1,62.0560,168.7750,0.0000,957.5200,211.6800,141.6490,0.0000,0.0000,1541.6800
2586,1,1,1,62.8060,172.2040,0.0000,948.0800,197.5200,138.1660,0.0000,0.0000,1518.7760
2587,1,1,1,60.7080,169.2990,0.0000,942.9540,195.2060,135.0150,0.0000,0.0000,1503.1820
2588,1,1,1,61.9940,166.3270,0.0000,946.6580,193.4520,136.8490,0.0000,0.0000,1505.2800
2589,1,1,1,61.9940,165.0460,0.0000,957.7350,193.3840,135.1200,0.0000,0.0000,1513.2790
2590,1,1,1,61.9760,162.5600,0.0000,945.6310,194.2460,133.6130,0.0000,0.0000,1498.0260
2591,1,1,1,60.9790,166.5170,0.0000,960.7570,217.3290,145.5560,0.0000,0.0000,1551.1380
2592,1,1,1,64.9170,173.2430,0.0000,945.4710,196.3700,138.4240,0.0000,0.0000,1518.4250
2593,1,1,1,63.3540,166.5480,0.0000,956.6400,195.6430,137.8400,0.0000,0.0000,1520.0250
2594,1,1,1,61.6430,167.0770,0.0000,943.6980,196.4990,135.8770,0.0000,0.0000,1504.7940
2595,1,1,1,61.9140,165.2310,0.0000,957.6670,194.6030,134.0800,0.0000,0.0000,1513.4950
2596,1,1,1,64.4430,167.1010,0.0000,942.3570,193.5690,134.8060,0.0000,0.0000,1502.2760
2597,1,1,1,62.1040,165.6000,0.0000,941.1690,235.5270,137.1140,0.0000,0.0000,1541.5140
2598,1,1,0,61.8400,171.5070,0.0000,947.1330,194.8490,137.6740,0.0000,0.0000,1513.0030
2599,1,1,1,61.8770,166.5780,0.0000,946.0490,193.7530,135.6930,0.0000,0.0000,1503.9500
2600,1,1,1,61.5750,166.5840,0.0000,945.9750,194.9480,132.2770,0.0000,0.0000,1501.3590
2601,1,1,1,61.6620,166.4370,0.0000,957.8340,194.4240,132.7200,0.0000,0.0000,1513.0770
2602,1,1,1,62.0860,165.3050,0.0000,943.9880,195.5630,135.7050,0.0000,0.0000,1502.6470
2603,1,1,1,61.8090,165.6740,0.0000,941.6430,194.5540,137.0710,0.0000,0.0000,1500.7510
2604,1,1,1,61.5140,239.4220,0.0000,948.9170,201.4650,137.7290,0.0000,0.0000,1589.0470
2605,1,1,1,65.3170,171.1200,0.0000,943.1140,198.0000,134.6580,0.0000,0.0000,1512.2090
2606,1,1,1,62.2030,168.2340,0.0000,955.8150,196.9110,134.5850,0.0000,0.0000,1517.7480
2607,1,1,1,62.1420,168.5970,0.0000,942.1360,193.7360,133.8210,0.0000,0.0000,1500.4320
2608,1,1,1,62.1350,166.6400,0.0000,957.7360,193.2610,135.3600,0.0000,0.0000,1515.1320
2609,1,1,1,60.8920,167.9200,0.0000,956.1230,196.4180,134.5110,0.0000,0.0000,1515.8640
2610,1,1,1,60.0430,165.9380,0.0000,951.3170,205.5940,136.2150,0.0000,0.0000,1519.1070
2611,1,1,1,62.6710,168.0060,0.0000,955.6800,196.2830,136.3760,0.0000,0.0000,1519.0160
2612,1,1,1,62.5850,167.3420,0.0000,943.2000,194.2400,133.7350,0.0000,0.0000,1501.1020
2613,1,1,1,61.8830,164.2520,0.0000,945.1140,195.5260,133.9700,0.0000,0.0000,1500.7450
2614,1,1,1,60.7880,167.2930,0.0000,956.3390,194.4800,134.6280,0.0000,0.0000,1513.5280
2615,1,1,1,61.0590,166.2650,0.0000,957.1380,193.5440,134.2150,0.0000,0.0000,1512.2210
2616,0,1,0,61.7790,166.1850,0.0000,956.3510,204.0560,138.2270,0.0000,0.0000,1526.5980
2617,1,1,1,61.4090,166.8990,0.0000,957.6190,197.7970,135.3050,0.0000,0.0000,1519.0290
2618,1,1,1,61.1510,168.9910,0.0000,945.9510,196.0190,136.3440,0.0000,0.0000,1508.4560
2619,1,1,1,61.6000,165.2800,0.0000,943.2860,194.8310,137.2490,0.0000,0.0000,1502.2460
2620,1,1,1,62.0930,167.1810,0.0000,942.7810,195.1080,134.2890,0.0000,0.0000,1501.4520
2621,1,1,1,61.9140,167.4090,0.0000,941.4100,194.7260,134.9970,0.0000,0.0000,1500.4560
2622,1,1,1,61.2370,165.8530,0.0000,948.5780,200.4500,138.0620,0.0000,0.0000,1514.1800
2623,0,1,0,61.2430,171.7850,0.0000,945.6930,196.2580,136.2090,0.0000,0.0000,1511.1880
2624,1,1,1,61.9750,167.8270,0.0000,943.1130,195.9380,133.7660,0.0000,0.0000,1502.6190
2625,1,1,1,62.2900,167.3110,0.0000,956.1850,196.0190,134.5170,0.0000,0.0000,1516.3220
2626,1,1,1,62.6700,164.6520,0.0000,943.5140,194.1540,134.8860,0.0000,0.0000,1499.8760
2627,1,1,1,61.2430,166.7820,0.0000,942.0120,193.2190,135.6920,0.0000,0.0000,1498.9480
2628,1,1,1,62.8800,166.0430,0.0000,945.8460,250.8860,137.9570,0.0000,0.0000,1563.6120
2629,1,1,1,62.2840,169.2310,0.0000,958.5350,197.4840,134.1660,0.0000,0.0000,1521.7000
2630,1,1,1,62.5670,165.1940,0.0000,947.0960,194.5230,137.7470,0.0000,0.0000,1507.1270
2631,0,1,1,62.5600,167.1200,0.0000,955.8710,195.0220,134.3810,0.0000,0.0000,1514.9540
2632,0,1,0,60.8000,167.1510,0.0000,941.7720,195.4890,134.9540,0.0000,0.0000,1500.1660
2633,1,1,1,62.6770,164.6460,0.0000,942.6520,193.4770,135.0830,0.0000,0.0000,1498.5350
2634,1,1,1,59.1330,166.1410,0.0000,941.3780,193.6000,134.2400,0.0000,0.0000,1494.4920
2635,1,1,1,98.0180,202.7200,0.0000,951.8150,212.7140,149.1330,0.0000,0.0000,1614.4000
2636,1,1,0,65.4470,176.0680,0.0000,945.9630,199.3850,139.8280,0.0000,0.0000,1526.6910
2637,1,1,1,62.6520,169.8520,0.0000,956.4670,197.2740,137.5320,0.0000,0.0000,1523.7770
2638,1,1,0,63.1810,168.0610,0.0000,943.7790,197.5570,138.3450,0.0000,0.0000,1510.9230
2639,0,1,0,60.6710,163.9570,0.0000,946.6960,193.3160,135.1810,0.0000,0.0000,1499.8210
2640,1,1,1,62.7080,166.7140,0.0000,942.1660,193.4340,196.2280,0.0000,0.0000,1561.2500
2641,1,1,1,68.3200,170.7510,0.0000,944.4980,198.6160,140.4240,0.0000,0.0000,1522.6090
2642,0,1,0,62.7560,168.5540,0.0000,943.1260,195.6060,134.1470,0.0000,0.0000,1504.1890
2643,1,1,1,61.7660,167.3290,0.0000,945.4890,193.3970,136.5910,0.0000,0.0000,1504.5720
2644,1,1,1,60.7440,164.7570,0.0000,946.5290,194.8060,132.7140,0.0000,0.0000,1499.5500
2645,1,1,1,61.4650,165.0650,0.0000,944.7940,192.9300,137.0890,0.0000,0.0000,1501.3430
2646,0,1,0,63.4650,165.5570,0.0000,956.2270,192.9970,133.4150,0.0000,0.0000,1511.6610
2647,1,1,1,62.0000,205.0770,0.0000,945.9760,200.5540,137.5750,0.0000,0.0000,1551.1820
2648,1,1,1,62.0730,166.5290,0.0000,944.2210,196.8610,135.3660,0.0000,0.0000,1505.0500
2649,1,1,1,62.1840,167.9880,0.0000,944.8990,193.8400,135.4220,0.0000,0.0000,1504.3330
2650,1,1,1,62.3200,166.6030,0.0000,943.3850,193.6920,136.1910,0.0000,0.0000,1502.1910
2651,1,1,1,61.9690,167.8160,0.0000,941.5320,194.0930,134.3630,0.0000,0.0000,1499.7730
2652,1,1,1,60.7870,166.5230,0.0000,945.5510,195.0210,137.2070,0.0000,0.0000,1505.0890
2653,1,1,1,61.3160,165.4590,0.0000,950.3080,202.5910,136.6520,0.0000,0.0000,1516.3260
2654,1,1,1,64.5910,168.4990,0.0000,943.5940,195.6870,135.2980,0.0000,0.0000,1507.6690
2655,1,1,1,62.2400,166.7820,0.0000,946.1350,195.0650,136.7140,0.0000,0.0000,1506.9360
2656,1,1,1,61.8530,166.8670,0.0000,957.5260,195.1750,132.6400,0.0000,0.0000,1514.0610
2657,0,1,0,61.3850,166.4300,0.0000,957.3050,193.4400,135.4280,0.0000,0.0000,1513.9880
2658,1,1,1,60.9050,168.1050,0.0000,954.0920,193.2000,132.7200,0.0000,0.0000,1509.0220
2659,0,1,0,61.4640,166.5420,0.0000,948.8870,203.2060,138.5480,0.0000,0.0000,1518.6470
2660,1,1,1,61.5630,167.1010,0.0000,952.3700,195.0460,135.3970,0.0000,0.0000,1511.4770
2661,1,1,1,62.3630,164.8740,0.0000,946.7870,195.1070,135.9200,0.0000,0.0000,1505.0510
2662,1,1,1,63.9690,166.2340,0.0000,954.9300,193.6000,134.2520,0.0000,0.0000,1512.9850
2663,1,1,1,61.4900,164.6460,0.0000,942.9050,195.3290,136.4550,0.0000,0.0000,1500.8250
2664,0,1,0,60.5540,167.7850,0.0000,941.7540,194.6890,135.3170,0.0000,0.0000,1500.0990
2665,1,1,1,62.3270,167.3480,0.0000,984.2900,210.7320,138.9600,0.0000,0.0000,1563.6570
2666,1,1,1,63.2990,169.9200,0.0000,944.3080,197.0890,136.9970,0.0000,0.0000,1511.6130
2667,0,1,1,61.2430,168.7940,0.0000,948.4180,192.8060,134.3940,0.0000,0.0000,1505.6550
2668,1,1,1,63.0640,164.6710,0.0000,941.7970,194.3440,133.6990,0.0000,0.0000,1497.5750
2669,1,1,0,61.3670,166.3020,0.0000,943.9020,192.8310,134.2950,0.0000,0.0000,1498.6970
2670,1,1,1,60.0980,166.1660,0.0000,946.7200,193.9010,134.6340,0.0000,0.0000,1501.5190
2671,1,1,1,60.9780,165.5450,0.0000,942.9350,196.0740,173.5630,0.0000,0.0000,1539.0950
2672,1,1,1,62.6210,170.4680,0.0000,956.8670,197.6730,135.5690,0.0000,0.0000,1523.1980
2673,0,1,0,62.2770,169.1320,0.0000,944.4060,195.7230,136.4740,0.0000,0.0000,1508.0120
2674,1,1,1,63.3910,166.7320,0.0000,942.6340,194.3020,133.8460,0.0000,0.0000,1500.9050
2675,1,1,0,61.7660,165.2920,0.0000,945.0830,193.2990,135.3040,0.0000,0.0000,1500.7440
2676,1,1,1,61.2620,164.5660,0.0000,956.6400,194.5660,133.8580,0.0000,0.0000,1510.8920
2677,1,1,1,62.4000,166.8180,0.0000,943.6990,194.3880,134.9850,0.0000,0.0000,1502.2900
2678,1,1,1,61.6180,228.4740,0.0000,946.2650,204.1970,139.7110,0.0000,0.0000,1580.2650
2679,1,1,0,62.6580,170.1720,0.0000,943.7900,196.5790,136.9110,0.0000,0.0000,1510.1100
2680,1,1,1,60.4000,165.2240,0.0000,958.0680,196.2340,134.4000,0.0000,0.0000,1514.3260
2681,1,1,1,62.0990,167.9630,0.0000,944.1660,197.4460,135.7720,0.0000,0.0000,1507.4460
2682,1,1,0,60.5600,167.3660,0.0000,949.1750,194.1530,133.9820,0.0000,0.0000,1505.2360
2683,1,1,1,61.4710,165.6000,0.0000,957.3290,195.2060,134.5290,0.0000,0.0000,1514.1350
2684,1,1,1,63.1440,165.8030,0.0000,948.7760,203.0770,136.0240,0.0000,0.0000,1516.8240
2685,0,1,0,60.8300,167.7660,0.0000,943.8210,195.3790,135.2070,0.0000,0.0000,1503.0030
2686,1,1,1,60.8000,167.5940,0.0000,956.5900,195.6680,134.6580,0.0000,0.0000,1515.3100
2687,1,1,1,62.3570,168.1410,0.0000,954.2770,193.9440,136.0490,0.0000,0.0000,1514.7680
2688,1,1,1,61.2300,163.1870,0.0000,943.7600,194.1600,135.7350,0.0000,0.0000,1498.0720
2689,1,1,1,60.6220,165.2310,0.0000,955.5070,192.9730,135.2430,0.0000,0.0000,1509.5760
2690,0,1,0,61.1260,166.6900,0.0000,950.3440,202.0920,137.5260,0.0000,0.0000,1517.7780
2691,1,1,1,62.7940,168.0670,0.0000,946.9540,194.2150,135.2180,0.0000,0.0000,1507.2480
2692,1,1,1,62.4000,166.2100,0.0000,955.6120,193.0340,134.5970,0.0000,0.0000,1511.8530
2693,0,1,0,61.4030,166.1160,0.0000,941.9390,196.1970,134.4370,0.0000,0.0000,1500.0920
2694,0,1,0,61.1630,166.5840,0.0000,952.5780,193.5020,135.6180,0.0000,0.0000,1509.4450
2695,1,1,1,62.0920,165.7780,0.0000,944.7440,193.5080,134.6960,0.0000,0.0000,1500.8180
2696,1,1,1,62.0060,165.8090,0.0000,953.1200,206.7260,138.6400,0.0000,0.0000,1526.3010
2697,0,1,0,62.2890,168.0860,0.0000,943.3780,198.4740,135.4770,0.0000,0.0000,1507.7040
2698,1,1,1,62.4870,167.9940,0.0000,944.0250,195.6610,135.2610,0.0000,0.0000,1505.4280
2699,1,1,1,62.0000,167.7170,0.0000,957.5630,196.2710,133.8710,0.0000,0.0000,1517.4220
2700,1,1,1,62.7070,165.5020,0.0000,943.7600,195.7780,133.0890,0.0000,0.0000,1500.8360
2701,1,1,1,60.6400,166.1910,0.0000,944.8870,192.7200,134.9850,0.0000,0.0000,1499.4230
2702,1,1,1,61.5080,166.2030,0.0000,944.4250,194.8250,178.0370,0.0000,0.0000,1544.9980
2703,0,1,0,63.1810,170.2770,0.0000,944.4000,198.2030,136.3880,0.0000,0.0000,1512.4490
2704,1,1,1,62.6950,164.8190,0.0000,945.5510,195.3290,135.4770,0.0000,0.0000,1503.8710
2705,1,1,1,61.7470,165.1450,0.0000,945.1200,196.3080,135.5260,0.0000,0.0000,1503.8460
2706,1,1,1,62.0860,166.1110,0.0000,945.1010,194.6210,137.6500,0.0000,0.0000,1505.5690
2707,1,1,1,60.7510,167.0340,0.0000,956.0180,195.8100,134.4990,0.0000,0.0000,1514.1120
2708,1,1,1,62.2150,167.2430,0.0000,956.9720,193.1810,135.6440,0.0000,0.0000,1515.2550
2709,1,1,1,62.0120,207.5630,0.0000,945.5630,198.2030,138.1480,0.0000,0.0000,1551.4890
2710,1,1,1,62.6770,168.4000,0.0000,956.5600,194.6640,136.1290,0.0000,0.0000,1518.4300
2711,1,1,1,61.5880,167.7850,0.0000,954.3700,195.2070,134.4680,0.0000,0.0000,1513.4180
2712,1,1,1,59.8580,166.7200,0.0000,943.9320,192.4430,135.5200,0.0000,0.0000,1498.4730
2713,1,1,1,61.1700,165.7300,0.0000,943.0160,195.3480,134.6400,0.0000,0.0000,1499.9040
2714,1,1,1,61.3350,165.5020,0.0000,957.6300,193.5750,134.0800,0.0000,0.0000,1512.1220
2715,1,1,1,62.6590,166.6650,0.0000,950.2710,206.8550,140.0680,0.0000,0.0000,1526.5180
2716,1,1,1,63.0100,167.7040,0.0000,947.1070,197.5320,135.8700,0.0000,0.0000,1511.2230
2717,0,1,0,61.0220,166.4610,0.0000,956.4980,193.8700,135.2680,0.0000,0.0000,1513.1190
2718,1,1,1,61.1450,163.6670,0.0000,957.1260,194.1600,134.6710,0.0000,0.0000,1510.7690
2719,1,1,1,62.2590,165.6610,0.0000,944.7440,193.8280,135.4280,0.0000,0.0000,1501.9200
2720,1,1,1,61.8770,164.0490,0.0000,942.4370,194.5230,133.4770,0.0000,0.0000,1496.3630
2721,1,1,1,61.9260,167.0220,0.0000,947.3540,202.3390,137.9940,0.0000,0.0000,1516.6350
2722,1,1,1,62.0920,169.8400,0.0000,945.9140,196.6830,136.4680,0.0000,0.0000,1510.9970
2723,1,1,1,61.3170,166.2090,0.0000,955.2070,193.9070,134.7010,0.0000,0.0000,1511.3410
2724,1,1,1,60.6650,165.8150,0.0000,942.3570,194.1350,134.5420,0.0000,0.0000,1497.5140
2725,1,1,1,61.5450,166.4800,0.0000,943.7350,193.2500,132.8870,0.0000,0.0000,1497.8970
2726,1,1,1,61.0770,165.9570,0.0000,943.7050,193.6250,134.7750,0.0000,0.0000,1499.1390
2727,0,1,0,61.9010,166.1480,0.0000,960.7260,200.7070,139.2190,0.0000,0.0000,1528.7010
2728,1,1,1,62.6590,166.8120,0.0000,957.2000,196.1050,134.0980,0.0000,0.0000,1516.8740
2729,1,1,0,60.6280,166.1170,0.0000,945.2740,197.4890,134.3630,0.0000,0.0000,1503.8710
2730,1,1,1,62.4120,164.8310,0.0000,945.7970,194.2830,134.1780,0.0000,0.0000,1501.5010
2731,0,1,0,61.1390,168.7140,0.0000,946.5780,292.6150,202.6400,0.0000,0.0000,1671.6860
2732,1,1,1,79.5810,230.6700,0.0000,981.7660,347.7230,218.4060,0.0000,0.0000,1858.1460
2733,1,1,1,98.3260,254.3200,0.0000,979.0960,334.0620,214.3940,0.0000,0.0000,1880.1980
2734,1,1,1,84.9110,247.2920,0.0000,971.5820,298.4860,192.9720,0.0000,0.0000,1795.2430
2735,1,1,1,86.0430,234.7880,0.0000,968.5600,304.5780,204.9110,0.0000,0.0000,1798.8800
2736,1,1,1,86.4440,240.4000,0.0000,974.6770,320.8800,199.8460,0.0000,0.0000,1822.2470
2737,1,1,1,89.0340,239.6300,0.0000,970.5050,300.5230,192.9290,0.0000,0.0000,1792.6210
2738,1,1,1,90.7140,230.4800,0.0000,962.6400,288.2950,202.3380,0.0000,0.0000,1774.4670
2739,1,1,1,89.3170,245.8770,0.0000,973.7230,325.4770,209.1630,0.0000,0.0000,1843.5570
2740,1,1,1,90.2100,235.1510,0.0000,971.8340,290.5660,200.3200,0.0000,0.0000,1788.0810
2741,1,1,1,88.9230,237.7470,0.0000,969.7600,283.6130,190.2210,0.0000,0.0000,1770.2640
2742,1,1,1,87.7480,234.3390,0.0000,970.4430,313.1750,216.2100,0.0000,0.0000,1821.9150
2743,1,1,1,88.2520,246.7020,0.0000,1031.5450,301.0030,199.4960,0.0000,0.0000,1866.9980
2744,1,1,1,78.6580,242.2100,0.0000,970.7940,295.6060,195.0890,0.0000,0.0000,1782.3570
2745,1,1,0,82.3630,234.8740,0.0000,963.9200,314.0370,212.5910,0.0000,0.0000,1807.7850
2746,1,1,1,88.1660,241.1940,0.0000,982.2580,302.8430,197.3660,0.0000,0.0000,1811.8270
2747,1,1,0,82.2580,236.4370,0.0000,963.1070,291.8530,187.8340,0.0000,0.0000,1761.4890
2748,1,1,0,86.4370,226.0800,0.0000,965.2180,381.0030,217.8220,0.0000,0.0000,1876.5600
2749,1,1,1,83.0400,250.6650,0.0000,980.6340,317.2860,211.0960,0.0000,0.0000,1842.7210
2750,1,1,1,85.5260,232.9720,0.0000,969.4030,295.1870,201.4220,0.0000,0.0000,1784.5100
2751,1,1,1,83.2000,224.2830,0.0000,970.9230,287.0890,194.1420,0.0000,0.0000,1759.6370
2752,1,1,1,84.8610,244.2270,0.0000,977.4770,321.2990,214.8620,0.0000,0.0000,1842.7260
2753,1,1,1,83.2060,235.8460,0.0000,977.9500,298.3390,267.5320,0.0000,0.0000,1862.8730
2754,1,1,1,90.0060,242.6950,0.0000,970.7260,283.1390,188.1540,0.0000,0.0000,1774.7200
2755,1,1,1,88.3080,238.0670,0.0000,968.4990,314.5970,208.3450,0.0000,0.0000,1817.8160
2756,1,1,1,90.4370,249.7050,0.0000,978.5480,291.6740,191.6860,0.0000,0.0000,1802.0500
2757,1,1,1,83.0590,243.7840,0.0000,970.5540,289.0830,188.0860,0.0000,0.0000,1774.5660
2758,1,1,0,84.7940,223.9570,0.0000,967.3410,304.8250,208.2770,0.0000,0.0000,1789.1940
2759,1,1,1,90.2090,331.1380,0.0000,981.9750,319.4890,202.9540,0.0000,0.0000,1925.7650
2760,1,1,1,82.0560,238.9410,0.0000,967.4210,301.1510,194.0370,0.0000,0.0000,1783.6060
2761,1,1,1,84.5170,231.8220,0.0000,961.0210,297.6490,204.7010,0.0000,0.0000,1779.7100
2762,1,1,1,83.0900,237.2120,0.0000,982.6400,300.6090,208.8370,0.0000,0.0000,1812.3880
2763,1,1,1,88.4370,238.5110,0.0000,965.9940,297.1380,203.3720,0.0000,0.0000,1793.4520
2764,1,1,1,83.4400,226.5230,0.0000,1041.6000,307.7910,205.8220,0.0000,0.0000,1865.1760
2765,1,1,1,90.7690,243.8960,0.0000,972.6710,262.4430,169.1630,0.0000,0.0000,1738.9420
2766,1,1,0,71.9380,186.9300,0.0000,953.0580,209.5020,148.1350,0.0000,0.0000,1569.5630
2767,1,1,1,65.8830,174.2950,0.0000,946.9720,198.9840,141.6680,0.0000,0.0000,1527.8020
2768,0,1,0,63.0590,168.1110,0.0000,943.3600,196.2090,136.2030,0.0000,0.0000,1506.9420
2769,1,1,1,60.6280,167.7660,0.0000,943.3900,195.4640,135.4280,0.0000,0.0000,1502.6760
2770,1,1,1,76.3880,190.2950,0.0000,954.3380,207.1260,146.8180,0.0000,0.0000,1574.9650
2771,1,1,1,62.9410,170.2520,0.0000,946.0120,201.1690,141.5810,0.0000,0.0000,1521.9550
2772,1,1,1,65.2240,168.1600,0.0000,942.9050,197.5010,137.9690,0.0000,0.0000,1511.7590
2773,1,1,1,61.4700,167.6240,0.0000,948.0490,194.4550,133.8270,0.0000,0.0000,1505.4250
2774,1,1,1,61.7540,164.9970,0.0000,945.0210,195.7600,134.4120,0.0000,0.0000,1501.9440
2775,1,1,1,62.8000,165.3410,0.0000,958.1230,193.3540,132.7200,0.0000,0.0000,1512.3380
2776,1,1,1,60.9480,218.4860,0.0000,944.0610,206.0120,139.2980,0.0000,0.0000,1568.8050
2777,1,1,1,63.2300,170.7690,0.0000,957.2190,197.7780,136.7390,0.0000,0.0000,1525.7350
2778,1,1,1,60.6520,167.2680,0.0000,942.0120,196.8860,134.0740,0.0000,0.0000,1500.8920
2779,1,1,1,62.2160,165.4580,0.0000,955.9880,193.0150,135.1070,0.0000,0.0000,1511.7840
2780,1,1,1,62.1110,166.6710,0.0000,957.6560,193.0470,134.1660,0.0000,0.0000,1513.6510
2781,1,1,1,60.4500,165.3600,0.0000,946.1290,194.7500,135.3360,0.0000,0.0000,1502.0250
2782,0,1,0,60.7200,164.9660,0.0000,944.2090,215.8100,144.2900,0.0000,0.0000,1529.9950
2783,1,1,1,64.4310,174.2270,0.0000,945.2860,200.6220,138.4740,0.0000,0.0000,1523.0400
2784,1,1,1,62.6890,169.8950,0.0000,942.2890,197.2920,136.4800,0.0000,0.0000,1508.6450
2785,1,1,1,61.9450,167.5070,0.0000,943.0950,196.7130,135.2560,0.0000,0.0000,1504.5160
2786,1,1,1,60.9290,166.7810,0.0000,957.3350,193.5130,136.0000,0.0000,0.0000,1514.5580
2787,1,1,1,61.2860,165.0280,0.0000,956.7010,193.6680,134.1470,0.0000,0.0000,1510.8300
2788,1,1,1,62.5230,165.1330,0.0000,945.3910,218.1360,144.8680,0.0000,0.0000,1536.0510
2789,1,1,1,66.2960,173.7720,0.0000,945.1690,200.6150,140.1970,0.0000,0.0000,1526.0490
2790,1,1,1,62.8240,168.7320,0.0000,943.9260,195.2180,135.4090,0.0000,0.0000,1506.1090
2791,0,1,0,61.2370,165.4030,0.0000,944.6460,194.0860,134.3510,0.0000,0.0000,1499.7230
2792,1,1,1,62.2340,166.6460,0.0000,942.6520,196.5350,134.0370,0.0000,0.0000,1502.1040
2793,0,1,0,61.6550,167.6440,0.0000,943.4650,191.8840,134.7080,0.0000,0.0000,1499.3560
2794,1,1,1,61.9010,166.3270,0.0000,955.6190,218.6270,143.3910,0.0000,0.0000,1545.8650
2795,1,1,1,64.4310,172.7570,0.0000,949.9200,198.3630,140.2580,0.0000,0.0000,1525.7290
2796,1,1,1,63.2180,168.5960,0.0000,958.1660,194.1350,136.6520,0.0000,0.0000,1520.7670
2797,1,1,1,61.9880,167.1140,0.0000,944.3200,194.1350,135.3910,0.0000,0.0000,1502.9480
2798,1,1,1,62.7140,164.8190,0.0000,942.4130,194.0430,134.4190,0.0000,0.0000,1498.4080
2799,1,1,1,62.3140,166.8550,0.0000,946.2460,194.6650,136.6950,0.0000,0.0000,1506.7750
2800,1,1,1,61.3660,166.4920,0.0000,946.4190,250.0610,143.3110,0.0000,0.0000,1567.6490
2801,1,1,1,64.2090,177.1330,0.0000,946.9660,203.2370,138.3020,0.0000,0.0000,1529.8470
2802,0,1,0,62.8860,172.6770,0.0000,955.8950,198.6280,136.9480,0.0000,0.0000,1527.0340
2803,1,1,1,62.5420,169.3850,0.0000,948.2100,194.6590,136.0620,0.0000,0.0000,1510.8580
2804,1,1,1,60.6830,167.8030,0.0000,943.8640,195.7840,134.4120,0.0000,0.0000,1502.5460
2805,1,1,1,61.1630,167.2740,0.0000,942.7440,194.9230,134.9720,0.0000,0.0000,1501.0760
2806,1,1,1,60.5170,165.5070,0.0000,954.7700,193.4520,182.4130,0.0000,0.0000,1556.6590
2807,1,1,1,65.2920,174.4250,0.0000,946.3080,199.0520,139.1690,0.0000,0.0000,1524.2460
2808,1,1,1,61.8210,167.9630,0.0000,943.0340,194.0800,136.0670,0.0000,0.0000,1502.9650
2809,1,1,1,64.0860,167.3350,0.0000,942.0980,194.2340,135.7480,0.0000,0.0000,1503.5010
2810,0,1,1,61.4530,165.2370,0.0000,942.1290,194.3020,133.9450,0.0000,0.0000,1497.0660
2811,1,1,1,61.6800,166.7750,0.0000,941.2560,193.3660,134.8680,0.0000,0.0000,1497.9450
2812,1,1,1,60.3260,165.6920,0.0000,942.1910,196.2650,134.3260,0.0000,0.0000,1498.8000
2813,1,1,1,60.8300,166.2340,0.0000,985.4770,201.3970,139.7600,0.0000,0.0000,1553.6980
2814,1,1,1,61.4330,168.4190,0.0000,945.3110,194.1850,135.5570,0.0000,0.0000,1504.9050
2815,1,1,1,60.8190,165.2120,0.0000,942.1910,193.0770,135.2000,0.0000,0.0000,1496.4990
2816,1,1,0,61.0890,164.4560,0.0000,946.4730,191.9930,134.7760,0.0000,0.0000,1498.7870
2817,1,1,1,60.9170,165.4400,0.0000,943.5760,195.9140,135.3170,0.0000,0.0000,1501.1640
2818,1,1,1,61.2920,164.2340,0.0000,957.1330,193.3410,136.1540,0.0000,0.0000,1512.1540
2819,1,1,1,61.8460,166.4670,0.0000,948.0490,205.6000,137.9260,0.0000,0.0000,1519.8880
2820,0,1,0,61.6190,170.2710,0.0000,956.4250,194.1300,136.3140,0.0000,0.0000,1518.7590
2821,1,1,1,63.5130,166.0490,0.0000,953.5140,194.5600,135.6920,0.0000,0.0000,1513.3280
2822,1,1,1,61.7470,165.4280,0.0000,957.5570,194.8990,136.0000,0.0000,0.0000,1515.6310
2823,1,1,1,61.7040,168.2090,0.0000,944.0180,193.0400,134.1850,0.0000,0.0000,1501.1560
2824,1,1,1,62.1050,167.4460,0.0000,955.7780,194.4310,137.2560,0.0000,0.0000,1517.0160
2825,1,1,1,62.0120,164.6950,0.0000,943.7910,202.5230,138.8310,0.0000,0.0000,1511.8520
2826,0,1,0,62.6340,168.4250,0.0000,944.4560,196.6650,134.9970,0.0000,0.0000,1507.1770
2827,0,1,0,61.6860,165.3110,0.0000,945.0830,194.3260,136.5970,0.0000,0.0000,1503.0030
2828,1,1,1,60.5720,165.7660,0.0000,955.8520,196.3380,133.8160,0.0000,0.0000,1512.3440
2829,1,1,1,61.3540,166.3070,0.0000,946.1350,196.8190,133.0520,0.0000,0.0000,1503.6670
2830,0,1,0,63.8520,166.5540,0.0000,946.6160,196.5170,134.0310,0.0000,0.0000,1507.5700
2831,1,1,1,62.6590,165.6070,0.0000,941.9630,240.2710,136.8730,0.0000,0.0000,1547.3730
2832,1,1,1,61.9760,169.1500,0.0000,943.7540,196.8000,134.2340,0.0000,0.0000,1505.9140
2833,1,1,1,61.9750,165.3100,0.0000,944.2710,195.6980,132.8870,0.0000,0.0000,1500.1410
2834,1,1,1,61.2740,166.5230,0.0000,955.4150,194.7140,135.2240,0.0000,0.0000,1513.1500
2835,1,1,1,62.0920,167.5010,0.0000,942.1470,193.2930,134.0740,0.0000,0.0000,1499.1070
2836,1,1,1,61.4150,167.2490,0.0000,942.5720,195.0090,135.1140,0.0000,0.0000,1501.3590
2837,1,1,1,60.2280,167.8330,0.0000,944.2220,193.1630,179.1140,0.0000,0.0000,1544.5600
2838,1,1,1,67.9390,171.8900,0.0000,947.4270,199.5630,138.0190,0.0000,0.0000,1524.8380
2839,1,1,1,61.7780,167.4280,0.0000,944.2210,195.3720,135.9260,0.0000,0.0000,1504.7250
2840,1,1,1,62.4740,169.3600,0.0000,944.6470,194.8980,138.1970,0.0000,0.0000,1509.5760
2841,0,1,1,61.3660,164.8620,0.0000,941.8280,195.6000,136.1110,0.0000,0.0000,1499.7670
2842,1,1,1,61.6800,168.4860,0.0000,953.6920,193.7600,134.5480,0.0000,0.0000,1512.1660
2843,1,1,1,62.5970,165.6000,0.0000,942.6950,195.6920,133.1500,0.0000,0.0000,1499.7340
2844,1,1,1,61.3780,165.2550,0.0000,943.2430,201.3050,136.3880,0.0000,0.0000,1507.5690
2845,1,1,1,62.4740,168.4550,0.0000,944.5410,196.6950,136.5420,0.0000,0.0000,1508.7070
2846,1,1,1,62.6210,165.1260,0.0000,942.6400,192.2280,134.3570,0.0000,0.0000,1496.9720
2847,1,1,1,60.8860,164.8680,0.0000,944.4190,195.1930,135.5260,0.0000,0.0000,1500.8920
2848,1,1,1,62.1720,165.1750,0.0000,942.0490,193.3790,135.8460,0.0000,0.0000,1498.6210
2849,1,1,1,61.9820,164.5790,0.0000,945.4340,194.0680,133.1440,0.0000,0.0000,1499.2070
2850,1,1,1,61.8520,163.9500,0.0000,944.8610,201.3790,137.8150,0.0000,0.0000,1509.8570
2851,1,1,1,62.0610,167.4030,0.0000,947.2300,197.3480,134.6770,0.0000,0.0000,1508.7190
2852,1,1,1,62.4860,166.4800,0.0000,946.8860,194.3940,136.8560,0.0000,0.0000,1507.1020
2853,0,1,0,62.0620,165.2000,0.0000,942.0370,196.0070,136.7320,0.0000,0.0000,1502.0380
2854,1,1,0,61.6560,167.2930,0.0000,955.7170,192.8860,133.9440,0.0000,0.0000,1511.4960
2855,1,1,1,59.9570,165.5510,0.0000,943.3720,191.3900,134.5170,0.0000,0.0000,1494.7870
2856,1,1,1,61.1560,167.3910,0.0000,944.1290,208.2340,140.8060,0.0000,0.0000,1521.7160
2857,1,1,1,62.8860,169.6180,0.0000,945.1440,196.5660,138.7810,0.0000,0.0000,1512.9950
2858,0,1,0,62.4060,168.7630,0.0000,944.6770,195.3410,135.5010,0.0000,0.0000,1506.6880
2859,1,1,1,61.0030,167.3470,0.0000,942.4550,196.7450,134.4800,0.0000,0.0000,1502.0300
2860,1,1,1,60.4370,166.0560,0.0000,955.5940,193.9130,134.0680,0.0000,0.0000,1510.0680
2861,1,1,1,62.8180,164.6220,0.0000,943.4220,195.6190,136.0740,0.0000,0.0000,1502.5550
2862,1,1,1,61.1450,166.9790,0.0000,944.0550,241.4400,136.8500,0.0000,0.0000,1550.4690
2863,1,1,0,62.0300,169.3410,0.0000,944.1050,197.0950,136.0000,0.0000,0.0000,1508.5710
2864,1,1,1,60.0490,167.2000,0.0000,943.8960,193.8030,134.6830,0.0000,0.0000,1499.6310
2865,1,1,1,61.9140,166.9480,0.0000,942.5720,194.0920,134.1480,0.0000,0.0000,1499.6740
2866,1,1,1,61.2440,165.8530,0.0000,957.5570,193.0890,134.4800,0.0000,0.0000,1512.2230
2867,1,1,1,61.8030,164.9480,0.0000,957.2000,196.9050,135.3790,0.0000,0.0000,1516.2350
2868,1,1,1,60.6090,166.2210,0.0000,940.3510,193.5880,175.6490,0.0000,0.0000,1536.4180
2869,1,1,1,67.2980,172.7940,0.0000,959.8700,196.0060,136.8300,0.0000,0.0000,1532.7980
2870,1,1,1,64.2090,166.7750,0.0000,957.8400,195.9880,136.7940,0.0000,0.0000,1521.6060
2871,0,1,0,61.7040,168.1480,0.0000,957.8400,196.0920,134.8620,0.0000,0.0000,1518.6460
2872,1,1,1,60.0000,166.7010,0.0000,945.2000,194.7390,133.0650,0.0000,0.0000,1499.7050
2873,1,1,1,62.2890,166.9970,0.0000,956.9350,195.3660,133.2190,0.0000,0.0000,1514.8060
2874,1,1,1,62.0920,166.0440,0.0000,939.9080,193.2550,133.6370,0.0000,0.0000,1494.9360
2875,1,1,1,60.9540,203.9390,0.0000,943.6560,199.9260,136.7510,0.0000,0.0000,1545.2260
2876,1,1,0,62.4000,168.2890,0.0000,958.3390,195.9820,135.2620,0.0000,0.0000,1520.2720
2877,1,1,1,61.3410,167.0280,0.0000,943.9450,195.1510,136.8740,0.0000,0.0000,1504.3390
2878,0,1,0,60.7440,168.3630,0.0000,942.5730,195.8830,133.6370,0.0000,0.0000,1501.2000
2879,0,1,0,63.7660,166.4620,0.0000,945.0100,194.7320,135.7600,0.0000,0.0000,1505.7300
2880,0,1,1,62.2280,165.2310,0.0000,943.0890,194.9790,134.7690,0.0000,0.0000,1500.2960
2881,1,1,1,60.5480,166.5600,0.0000,948.9840,200.6150,135.5630,0.0000,0.0000,1512.2700
2882,1,1,0,62.2770,167.7840,0.0000,944.1840,195.0090,136.4000,0.0000,0.0000,1505.6540
2883,1,1,1,63.2250,168.6900,0.0000,957.2860,194.6100,134.5480,0.0000,0.0000,1518.3590
2884,1,1,1,60.5840,164.7450,0.0000,947.4650,195.1760,133.4760,0.0000,0.0000,1501.4460
2885,1,1,1,61.9630,165.2120,0.0000,957.3970,193.4090,133.8030,0.0000,0.0000,1511.7840
2886,0,1,0,60.8560,165.4030,0.0000,945.8150,192.4740,133.6370,0.0000,0.0000,1498.1850
2887,1,1,1,62.8500,168.2960,0.0000,949.0830,200.8000,136.7130,0.0000,0.0000,1517.7420
2888,1,1,1,63.0460,170.1780,0.0000,943.3910,196.7690,132.5600,0.0000,0.0000,1505.9440
2889,1,1,1,60.7380,164.4360,0.0000,957.0090,196.1660,133.2740,0.0000,0.0000,1511.6230
2890,0,1,0,61.5570,166.9100,0.0000,943.7850,194.0000,134.6830,0.0000,0.0000,1500.9350
2891,1,1,1,61.6120,167.7110,0.0000,956.2890,195.7600,134.8490,0.0000,0.0000,1516.2210
2892,1,1,1,60.1230,165.3170,0.0000,942.0000,194.3690,135.9870,0.0000,0.0000,1497.7960
2893,1,1,1,61.5380,163.4340,0.0000,943.6370,209.5440,138.6220,0.0000,0.0000,1516.7750
2894,1,1,1,62.1420,168.7690,0.0000,956.5780,196.1910,137.1810,0.0000,0.0000,1520.8610
2895,1,1,1,61.9690,167.9500,0.0000,945.5510,194.7330,136.3810,0.0000,0.0000,1506.5840
2896,1,1,1,62.7810,166.4610,0.0000,955.6980,195.2550,135.5270,0.0000,0.0000,1515.7220
2897,1,1,1,61.1260,165.8030,0.0000,957.0650,195.5140,133.8580,0.0000,0.0000,1513.3660
2898,1,1,1,61.6740,168.1730,0.0000,956.8680,194.4990,135.2120,0.0000,0.0000,1516.4260
2899,1,1,1,62.9850,165.9750,0.0000,944.6030,194.5470,186.2710,0.0000,0.0000,1554.3810
2900,0,1,0,62.6890,170.9230,0.0000,947.9880,196.9720,136.4000,0.0000,0.0000,1514.9720
2901,1,1,1,62.4310,167.9080,0.0000,954.1910,195.4150,134.8060,0.0000,0.0000,1514.7510
2902,0,1,0,62.6760,168.1970,0.0000,945.1320,195.0150,134.9480,0.0000,0.0000,1505.9680
2903,1,1,1,60.5540,164.6950,0.0000,956.8310,191.7540,133.2060,0.0000,0.0000,1507.0400
2904,0,1,0,63.7040,167.8590,0.0000,954.3080,194.1720,134.1850,0.0000,0.0000,1514.2280
2905,1,1,0,62.7390,168.0800,0.0000,957.5200,194.6160,136.0800,0.0000,0.0000,1519.0350
2906,1,1,1,60.9110,209.6560,0.0000,946.8740,198.0300,136.9540,0.0000,0.0000,1552.4250
2907,1,1,1,63.9260,166.5240,0.0000,947.8580,196.3380,135.3970,0.0000,0.0000,1510.0430
2908,1,1,1,61.7170,165.3600,0.0000,942.6580,194.1850,135.0210,0.0000,0.0000,1498.9410
2909,1,1,1,62.3630,166.8990,0.0000,942.9660,195.0100,134.6520,0.0000,0.0000,1501.8900
2910,1,1,1,61.8340,167.0400,0.0000,943.4160,194.1780,134.3070,0.0000,0.0000,1500.7750
2911,1,1,0,62.4980,166.5110,0.0000,947.0580,193.1390,135.3960,0.0000,0.0000,1504.6020
2912,1,1,1,63.5820,165.2310,0.0000,944.8430,202.9230,137.2740,0.0000,0.0000,1513.8530
2913,1,1,1,64.3130,166.1110,0.0000,942.1360,194.9290,138.1780,0.0000,0.0000,1505.6670
2914,1,1,1,62.0740,166.2770,0.0000,941.4100,195.1640,134.0920,0.0000,0.0000,1499.0170
2915,0,1,0,63.2980,167.6670,0.0000,942.8120,195.6120,134.0000,0.0000,0.0000,1503.3890
2916,0,1,0,62.0130,166.1790,0.0000,943.3290,195.4760,133.7050,0.0000,0.0000,1500.7020
2917,1,1,1,61.3470,165.0830,0.0000,957.7230,195.8090,134.7630,0.0000,0.0000,1514.7250
2918,0,1,1,62.0250,164.4800,0.0000,958.0740,202.9970,137.7720,0.0000,0.0000,1525.3480
2919,1,1,1,62.9420,169.8890,0.0000,945.4830,195.4830,137.3910,0.0000,0.0000,1511.1880
2920,0,1,0,62.9410,167.3910,0.0000,942.2090,195.3480,134.7020,0.0000,0.0000,1502.5910
2921,1,1,1,61.7230,167.7850,0.0000,943.9320,194.0490,134.7320,0.0000,0.0000,1502.2210
2922,1,1,1,64.3870,164.2950,0.0000,942.4360,193.9380,134.7200,0.0000,0.0000,1499.7760
2923,1,1,1,60.5600,166.1050,0.0000,956.1720,194.9100,136.5170,0.0000,0.0000,1514.2640
2924,1,1,1,61.5690,163.9510,0.0000,951.8400,203.9380,137.4280,0.0000,0.0000,1518.7260
2925,1,1,1,62.6650,167.9940,0.0000,943.2120,196.6530,137.7410,0.0000,0.0000,1508.2650
2926,1,1,1,64.0370,165.9270,0.0000,943.3670,192.1600,134.4000,0.0000,0.0000,1499.8910
2927,0,1,0,61.5080,166.1970,0.0000,944.4060,193.3350,133.7970,0.0000,0.0000,1499.2430
2928,1,1,1,60.6030,166.2520,0.0000,943.5260,193.8030,133.3780,0.0000,0.0000,1497.5620
2929,1,1,1,60.9660,165.5330,0.0000,956.3510,194.3320,134.7140,0.0000,0.0000,1511.8960
2930,1,1,1,60.3810,166.0610,0.0000,955.6130,194.9600,198.8490,0.0000,0.0000,1575.8640
2931,1,1,1,64.1470,175.0100,0.0000,945.8030,198.4740,137.8770,0.0000,0.0000,1521.3110
2932,1,1,1,61.2310,169.0580,0.0000,943.6860,195.8090,135.5450,0.0000,0.0000,1505.3290
2933,0,1,0,63.3170,165.8270,0.0000,944.6280,196.3810,136.5660,0.0000,0.0000,1506.7190
2934,1,1,1,62.4370,165.2430,0.0000,955.5260,194.6640,135.0700,0.0000,0.0000,1512.9400
2935,0,1,0,60.8000,166.1720,0.0000,943.2060,196.4860,134.9660,0.0000,0.0000,1501.6300
2936,0,1,0,61.3170,165.5930,0.0000,945.4950,194.8860,135.2560,0.0000,0.0000,1502.5470
2937,0,1,0,62.1540,206.5660,0.0000,946.4430,199.1820,137.0770,0.0000,0.0000,1551.4220
2938,0,1,0,61.3850,168.7020,0.0000,945.2120,195.1140,133.8090,0.0000,0.0000,1504.2220
2939,1,1,1,61.7170,168.4370,0.0000,941.7290,195.3660,136.0500,0.0000,0.0000,1503.2990
2940,1,1,1,61.5320,167.3660,0.0000,942.5670,193.5940,134.9480,0.0000,0.0000,1500.0070
2941,0,1,0,61.0090,167.4220,0.0000,943.0150,195.2430,135.3230,0.0000,0.0000,1502.0120
2942,1,1,1,60.5350,166.0000,0.0000,955.5020,192.8430,132.5470,0.0000,0.0000,1507.4270
2943,1,1,1,62.3260,166.4680,0.0000,945.1750,200.8870,137.2430,0.0000,0.0000,1512.0990
2944,1,1,1,61.9070,166.1290,0.0000,957.7600,195.1440,137.0340,0.0000,0.0000,1517.9740
2945,0,1,1,63.4030,165.8830,0.0000,955.9750,195.2370,136.4120,0.0000,0.0000,1516.9100
2946,1,1,1,63.6980,167.9940,0.0000,942.4130,195.6800,133.0160,0.0000,0.0000,1502.8010
2947,1,1,1,60.7940,164.4190,0.0000,954.8670,194.3380,134.7750,0.0000,0.0000,1509.1930
2948,1,1,1,59.8460,164.4370,0.0000,955.7170,194.2220,134.2460,0.0000,0.0000,1508.4680
2949,1,1,1,62.9110,165.9320,0.0000,942.4920,200.3140,137.8520,0.0000,0.0000,1509.5010
2950,1,1,0,61.4960,168.3450,0.0000,941.3660,194.1360,134.8250,0.0000,0.0000,1500.1680
2951,1,1,1,62.9730,167.1020,0.0000,941.9010,194.5230,137.2120,0.0000,0.0000,1503.7110
2952,1,1,1,60.9790,168.1230,0.0000,942.3750,195.4950,137.9690,0.0000,0.0000,1504.9410
2953,1,1,1,59.8520,166.3690,0.0000,944.3440,195.3230,136.3940,0.0000,0.0000,1502.2820
2954,1,1,1,62.4300,165.5880,0.0000,944.5970,195.8090,135.1380,0.0000,0.0000,1503.5620
2955,1,1,1,61.3720,167.2370,0.0000,958.4300,203.1880,136.7630,0.0000,0.0000,1526.9900
2956,1,1,1,61.2240,168.4920,0.0000,943.3300,194.6210,134.8740,0.0000,0.0000,1502.5410
2957,1,1,1,61.5570,164.6830,0.0000,946.2460,192.9840,133.4280,0.0000,0.0000,1498.8980
2958,1,1,1,62.1970,166.3510,0.0000,941.3850,193.7230,136.9360,0.0000,0.0000,1500.5920
2959,1,1,1,61.8960,165.7480,0.0000,943.6620,194.4190,133.5570,0.0000,0.0000,1499.2820
2960,1,1,1,61.2800,164.7940,0.0000,940.9840,196.2160,133.1140,0.0000,0.0000,1496.3880
2961,1,1,1,61.7470,164.1850,0.0000,957.3970,190.8680,189.3360,0.0000,0.0000,1563.5330
2962,1,1,1,63.9440,173.9930,0.0000,946.8490,197.7720,137.8650,0.0000,0.0000,1520.4230
2963,1,1,1,61.1260,167.3170,0.0000,945.1690,195.1260,136.8860,0.0000,0.0000,1505.6240
2964,1,1,1,62.8430,165.5570,0.0000,943.9080,192.8430,134.2090,0.0000,0.0000,1499.3600
2965,1,1,1,60.6090,166.1720,0.0000,943.2740,195.4700,136.6340,0.0000,0.0000,1502.1590
2966,1,1,1,61.9510,166.8560,0.0000,954.3260,196.3260,135.2980,0.0000,0.0000,1514.7570
2967,1,1,1,60.9290,166.8870,0.0000,944.1050,193.9880,136.1480,0.0000,0.0000,1502.0570
2968,1,1,1,61.6430,220.1040,0.0000,945.1080,202.2150,137.8830,0.0000,0.0000,1566.9530
2969,1,1,1,63.0710,168.6090,0.0000,943.2070,197.4340,137.9570,0.0000,0.0000,1510.2780
2970,1,1,1,63.4520,166.9790,0.0000,943.6490,196.4920,135.6670,0.0000,0.0000,1506.2390
2971,1,1,0,62.4560,167.7470,0.0000,944.7260,195.4470,134.5850,0.0000,0.0000,1504.9610
2972,1,1,1,60.8800,166.5040,0.0000,946.8730,193.7660,136.2960,0.0000,0.0000,1504.3190
2973,0,1,0,60.2960,165.5390,0.0000,942.4370,192.5410,136.5050,0.0000,0.0000,1497.3180
2974,1,1,1,59.7970,167.0340,0.0000,945.6430,201.3660,137.3350,0.0000,0.0000,1511.1750
2975,1,1,1,62.1540,167.9760,0.0000,944.0370,195.0530,135.1450,0.0000,0.0000,1504.3650
2976,1,1,1,60.7070,167.1690,0.0000,959.2680,194.4550,134.1720,0.0000,0.0000,1515.7710
2977,1,1,1,62.1600,165.3850,0.0000,943.8340,193.8460,133.9010,0.0000,0.0000,1499.1260
2978,1,1,1,62.7880,164.8060,0.0000,945.2240,193.7350,135.1130,0.0000,0.0000,1501.6660
2979,1,1,1,59.8400,165.5820,0.0000,943.2550,195.2620,134.8740,0.0000,0.0000,1498.8130
2980,1,1,1,60.8430,164.8300,0.0000,956.1720,202.9480,138.1600,0.0000,0.0000,1522.9530
2981,0,1,0,63.9510,168.6340,0.0000,946.8620,197.0030,134.9970,0.0000,0.0000,1511.4470
2982,1,1,0,62.0550,165.6800,0.0000,958.5840,195.2680,135.3350,0.0000,0.0000,1516.9220
2983,1,1,1,61.0890,164.2460,0.0000,942.7940,194.4370,135.8090,0.0000,0.0000,1498.3750
2984,1,1,1,64.2090,165.2000,0.0000,955.9820,195.7900,134.0980,0.0000,0.0000,1515.2790
2985,1,1,1,61.0040,163.7290,0.0000,956.5850,195.5390,135.3970,0.0000,0.0000,1512.2540
2986,1,1,1,60.8310,167.2190,0.0000,954.3870,204.1910,137.3360,0.0000,0.0000,1523.9640
2987,1,1,1,63.8580,168.3940,0.0000,957.3660,198.1110,135.2680,0.0000,0.0000,1522.9970
2988,1,1,1,61.8950,165.3050,0.0000,944.2460,194.6280,136.3140,0.0000,0.0000,1502.3880
2989,1,1,1,61.2620,167.5570,0.0000,943.1570,192.7880,134.6830,0.0000,0.0000,1499.4470
2990,0,1,0,60.5360,164.8190,0.0000,945.0770,193.5810,134.3070,0.0000,0.0000,1498.3200
2991,1,1,1,61.6920,166.0920,0.0000,955.2310,193.9140,134.9660,0.0000,0.0000,1511.8950
2992,1,1,1,60.9050,165.5880,0.0000,943.6860,194.7330,181.8460,0.0000,0.0000,1546.7580
2993,1,1,1,63.1140,174.9540,0.0000,944.7330,196.2460,136.1350,0.0000,0.0000,1515.1820
2994,1,1,1,63.7730,167.5510,0.0000,959.3790,195.7660,135.7170,0.0000,0.0000,1522.1860
2995,1,1,1,60.4120,169.6490,0.0000,942.0000,194.8860,133.5870,0.0000,0.0000,1500.5340
2996,1,1,1,60.8800,164.6030,0.0000,942.6830,194.7450,134.3570,0.0000,0.0000,1497.2680
2997,1,1,0,61.0890,164.9290,0.0000,942.2280,197.3360,134.7630,0.0000,0.0000,1500.3450
2998,0,1,0,62.1230,166.5290,0.0000,956.2710,192.9420,133.5810,0.0000,0.0000,1511.4460
2999,0,1,0,61.4520,205.5750,0.0000,945.5390,200.0930,138.9050,0.0000,0.0000,1551.5640
3000,1,1,1,86.6150,228.2950,0.0000,963.6430,220.1170,160.8490,0.0000,0.0000,1659.5190
3001,1,1,1,65.3910,179.0470,0.0000,946.6270,203.2860,141.9260,0.0000,0.0000,1536.2770
3002,0,1,0,62.7630,172.3570,0.0000,946.8180,196.3390,139.7040,0.0000,0.0000,1517.9810
3003,0,1,0,62.1170,168.6400,0.0000,946.6520,196.7870,218.2210,0.0000,0.0000,1592.4170
3004,1,1,1,67.1080,177.4340,0.0000,946.6830,200.0120,139.3470,0.0000,0.0000,1530.5840
3005,1,1,1,60.7760,169.0830,0.0000,943.5260,195.1820,137.0830,0.0000,0.0000,1505.6500
3006,1,1,1,63.0770,167.0400,0.0000,944.2640,195.0030,134.4610,0.0000,0.0000,1503.8450
3007,1,1,1,61.2930,165.6370,0.0000,944.1420,196.9170,135.7480,0.0000,0.0000,1503.7370
3008,1,1,1,59.4950,167.0340,0.0000,941.6680,195.9440,137.2240,0.0000,0.0000,1501.3650
3009,1,1,1,61.9940,164.9850,0.0000,940.7880,194.4490,134.9660,0.0000,0.0000,1497.1820
3010,0,1,0,61.1870,213.1020,0.0000,951.2560,201.7790,138.0500,0.0000,0.0000,1565.3740
3011,1,1,1,62.3450,171.3600,0.0000,944.6460,196.4120,135.9940,0.0000,0.0000,1510.7570
3012,0,1,0,63.2620,168.2150,0.0000,942.2520,194.6220,135.0270,0.0000,0.0000,1503.3780
3013,1,1,1,60.8990,166.1040,0.0000,944.0490,195.0770,136.7940,0.0000,0.0000,1502.9230
3014,1,1,1,60.6030,166.7810,0.0000,946.1480,194.2590,133.2860,0.0000,0.0000,1501.0770
3015,1,1,1,60.8120,165.4030,0.0000,944.4730,193.4400,134.2830,0.0000,0.0000,1498.4110
3016,1,1,1,60.6210,164.9900,0.0000,946.8250,203.2550,136.7450,0.0000,0.0000,1512.4360
3017,1,1,1,62.5840,167.2130,0.0000,942.3510,194.8740,134.7750,0.0000,0.0000,1501.7970
3018,1,1,1,61.6000,167.4530,0.0000,954.7870,194.5600,136.9670,0.0000,0.0000,1515.3670
3019,1,1,1,62.6280,166.5670,0.0000,955.4220,194.0980,137.2060,0.0000,0.0000,1515.9210
3020,0,1,0,62.4920,166.1720,0.0000,941.3050,195.7050,132.6400,0.0000,0.0000,1498.3140
3021,0,1,0,62.3080,165.8960,0.0000,943.2180,194.9360,133.2430,0.0000,0.0000,1499.6010
3022,0,1,0,59.6800,167.2490,0.0000,948.5050,220.0740,143.9130,0.0000,0.0000,1539.4210
3023,1,1,1,64.7320,174.7390,0.0000,944.3690,198.0060,137.9320,0.0000,0.0000,1519.7780
3024,1,1,1,62.3020,168.0550,0.0000,946.4800,195.7290,135.3720,0.0000,0.0000,1507.9380
3025,1,1,1,60.9480,165.8890,0.0000,942.1420,194.3690,135.2920,0.0000,0.0000,1498.6400
3026,1,1,1,61.2560,168.1110,0.0000,957.2920,193.7290,137.2620,0.0000,0.0000,1517.6500
3027,1,1,1,61.3670,166.6220,0.0000,941.2930,195.3350,135.6740,0.0000,0.0000,1500.2910
3028,1,1,1,63.1390,166.5970,0.0000,957.1630,202.3260,138.2400,0.0000,0.0000,1527.4650
3029,1,1,1,62.0670,167.8460,0.0000,945.0090,197.5140,135.7170,0.0000,0.0000,1508.1530
3030,1,1,1,60.0000,167.8340,0.0000,942.6150,195.4150,134.7690,0.0000,0.0000,1500.6330
3031,1,1,1,64.0310,164.6220,0.0000,943.3410,196.5720,134.6580,0.0000,0.0000,1503.2240
3032,0,1,0,61.2490,165.8640,0.0000,956.4000,193.6730,134.5350,0.0000,0.0000,1511.7210
3033,1,1,1,62.1040,165.8640,0.0000,941.8770,195.5570,134.6830,0.0000,0.0000,1500.0850
3034,1,1,1,60.4180,167.0210,0.0000,957.9640,234.7810,141.6120,0.0000,0.0000,1561.7960
3035,1,1,1,63.1080,168.6890,0.0000,944.4990,195.3530,138.0310,0.0000,0.0000,1509.6800
3036,1,1,1,63.9940,166.6710,0.0000,941.9880,194.1170,136.8800,0.0000,0.0000,1503.6500
3037,1,1,1,61.0330,165.6300,0.0000,957.8950,194.1420,135.2310,0.0000,0.0000,1513.9310
3038,1,1,1,63.5690,164.8860,0.0000,943.6860,194.4000,135.6740,0.0000,0.0000,1502.2150
3039,1,1,1,61.7170,164.4990,0.0000,942.1050,194.4930,134.5600,0.0000,0.0000,1497.3740
3040,1,1,1,61.4090,165.4830,0.0000,956.9360,194.7020,134.6030,0.0000,0.0000,1513.1330
3041,1,1,1,60.3880,241.1330,0.0000,944.8680,202.1970,136.5350,0.0000,0.0000,1585.1210
3042,1,1,1,62.0000,169.0710,0.0000,957.0280,197.1010,137.1630,0.0000,0.0000,1522.3630
3043,1,1,1,62.7760,166.3320,0.0000,942.8730,195.9700,136.2580,0.0000,0.0000,1504.2090
3044,1,1,1,60.9110,167.3350,0.0000,944.2650,195.2310,134.3630,0.0000,0.0000,1502.1050
3045,1,1,1,62.5170,166.0550,0.0000,942.7080,193.3230,134.2770,0.0000,0.0000,1498.8800
3046,1,1,1,61.6430,164.7750,0.0000,941.9820,194.0740,134.5540,0.0000,0.0000,1497.0280
3047,0,1,1,60.8430,167.1270,0.0000,949.2860,203.6730,136.6650,0.0000,0.0000,1517.5940
3048,0,1,0,62.5110,168.9730,0.0000,943.7350,196.0550,135.4950,0.0000,0.0000,1506.7690
3049,0,1,0,62.7760,169.0220,0.0000,943.2620,195.6000,136.6150,0.0000,0.0000,1507.2750
3050,1,1,1,62.8550,165.5940,0.0000,942.7940,195.1450,134.5050,0.0000,0.0000,1500.8930
3051,1,1,1,62.4800,166.7260,0.0000,957.9200,196.7020,135.6550,0.0000,0.0000,1519.4830
3052,1,1,1,60.2330,165.5020,0.0000,956.0670,194.7760,134.4860,0.0000,0.0000,1511.0640
3053,1,1,1,62.4800,166.3320,0.0000,945.3840,202.4980,138.8240,0.0000,0.0000,1515.5180
3054,1,1,1,61.2680,168.8990,0.0000,945.1320,196.8000,135.8770,0.0000,0.0000,1507.9760
3055,1,1,1,61.9450,167.6980,0.0000,957.9020,195.9820,132.7200,0.0000,0.0000,1516.2470
3056,0,1,0,61.6930,165.5320,0.0000,941.7360,197.4030,135.2860,0.0000,0.0000,1501.6500
3057,0,1,0,61.5320,165.3730,0.0000,943.7230,193.9570,135.2250,0.0000,0.0000,1499.8100
3058,1,1,1,60.0670,166.8370,0.0000,944.2710,195.5380,134.7500,0.0000,0.0000,1501.4630
3059,1,1,1,61.6490,166.5110,0.0000,943.7790,200.7810,138.2340,0.0000,0.0000,1510.9540
3060,1,1,1,61.5750,167.8460,0.0000,943.2920,194.8430,134.2900,0.0000,0.0000,1501.8460
3061,1,1,1,61.6490,167.2190,0.0000,958.0060,194.3020,136.0120,0.0000,0.0000,1517.1880
3062,1,1,1,63.1140,166.1780,0.0000,943.0030,196.6710,134.7010,0.0000,0.0000,1503.6670
3063,1,1,1,61.3240,165.5510,0.0000,945.2120,195.1440,134.2460,0.0000,0.0000,1501.4770
3064,1,1,1,62.0730,167.5010,0.0000,946.2280,195.9140,137.3290,0.0000,0.0000,1509.0450
3065,1,1,1,62.8860,164.7450,0.0000,943.8950,234.7630,141.8830,0.0000,0.0000,1548.1720
3066,1,1,1,64.1850,170.0980,0.0000,958.0300,196.1970,135.0460,0.0000,0.0000,1523.5560
3067,0,1,0,60.2280,163.3290,0.0000,941.2740,195.2800,135.0400,0.0000,0.0000,1495.1510
3068,1,1,1,60.9170,164.7570,0.0000,947.9820,193.4640,135.3300,0.0000,0.0000,1502.4500
3069,1,1,1,61.4950,166.8310,0.0000,955.2610,194.8990,136.2770,0.0000,0.0000,1514.7630
3070,1,1,0,61.1570,166.8490,0.0000,944.8680,191.9810,133.4960,0.0000,0.0000,1498.3510
3071,1,1,1,62.0180,166.5970,0.0000,957.4830,195.6800,136.8310,0.0000,0.0000,1518.6090
3072,1,1,1,61.6310,229.6860,0.0000,957.5260,221.0960,150.3440,0.0000,0.0000,1620.2830
3073,1,1,1,65.2430,177.4830,0.0000,949.1200,200.7260,142.9970,0.0000,0.0000,1535.5690
3074,0,1,0,63.8340,169.1940,0.0000,943.8090,196.0000,136.3750,0.0000,0.0000,1509.2120
3075,1,1,1,61.3780,167.3290,0.0000,942.3140,195.0220,135.9820,0.0000,0.0000,1502.0250
3076,1,1,1,60.4680,166.1600,0.0000,942.5600,193.8400,134.0490,0.0000,0.0000,1497.0770
3077,1,1,1,61.6920,167.0340,0.0000,944.6340,192.9170,135.4340,0.0000,0.0000,1501.7110
3078,1,1,1,62.4550,165.2440,0.0000,957.7300,209.0530,142.9160,0.0000,0.0000,1537.3980
3079,1,1,1,64.2280,172.1230,0.0000,949.0090,195.7780,135.7900,0.0000,0.0000,1516.9280
3080,1,1,1,60.9660,170.3380,0.0000,944.4740,195.1070,136.1170,0.0000,0.0000,1507.0020
3081,0,1,0,61.8590,167.2310,0.0000,957.1700,194.8300,136.8190,0.0000,0.0000,1517.9090
3082,1,1,1,63.0470,167.8580,0.0000,957.1260,194.2650,134.8490,0.0000,0.0000,1517.1450
3083,0,1,0,61.2000,164.4250,0.0000,956.7630,193.5450,134.9790,0.0000,0.0000,1510.9120
3084,1,1,1,62.1290,165.4030,0.0000,947.1070,202.5840,139.8950,0.0000,0.0000,1517.1180
3085,1,1,1,68.9290,178.7510,0.0000,952.5230,200.9420,142.0190,0.0000,0.0000,1543.1640
3086,1,1,1,64.5290,170.7810,0.0000,947.0830,195.9200,137.7850,0.0000,0.0000,1516.0980
3087,1,1,1,61.4340,167.7780,0.0000,943.9440,194.4490,134.9480,0.0000,0.0000,1502.5530
3088,1,1,1,61.2310,166.7200,0.0000,942.5790,193.9500,135.4400,0.0000,0.0000,1499.9200
3089,1,1,1,63.0700,168.9720,0.0000,946.6270,195.2120,134.6400,0.0000,0.0000,1508.5210
3090,0,1,0,61.7350,168.2960,0.0000,951.3850,205.0710,139.6610,0.0000,0.0000,1526.1480
3091,0,1,0,64.1600,170.2590,0.0000,943.8890,194.9970,136.2330,0.0000,0.0000,1509.5380
3092,1,1,1,61.6370,166.7380,0.0000,944.5970,196.9900,134.1970,0.0000,0.0000,1504.1590
3093,1,1,1,61.4400,165.5380,0.0000,949.0710,191.9330,133.7720,0.0000,0.0000,1501.7540
3094,1,1,1,62.1360,166.7020,0.0000,956.8550,193.4580,135.3660,0.0000,0.0000,1514.5170
3095,1,1,1,61.8760,166.7940,0.0000,943.7360,194.2210,136.0740,0.0000,0.0000,1502.7010
3096,1,1,1,62.3380,165.6860,0.0000,965.9940,202.5720,137.1020,0.0000,0.0000,1533.6920
3097,1,1,1,63.8330,169.7780,0.0000,956.4980,191.6860,137.3850,0.0000,0.0000,1519.1800
3098,1,1,1,61.6560,166.7140,0.0000,941.6430,196.1040,135.0270,0.0000,0.0000,1501.1440
3099,1,1,1,61.5510,165.8890,0.0000,956.8180,195.7410,135.5450,0.0000,0.0000,1515.5440
3100,1,1,1,63.6550,166.2710,0.0000,943.4770,194.3510,132.9720,0.0000,0.0000,1500.7260
3101,1,1,1,61.1020,168.1600,0.0000,956.0370,195.3850,133.8650,0.0000,0.0000,1514.5490
3102,1,1,1,60.1540,166.1660,0.0000,956.0060,192.6770,189.9260,0.0000,0.0000,1564.9290
3103,1,1,1,63.3110,172.8060,0.0000,945.7170,195.4830,137.8770,0.0000,0.0000,1515.1940
3104,1,1,1,62.3200,165.8340,0.0000,945.7910,194.4370,134.5720,0.0000,0.0000,1502.9540
3105,1,1,1,61.6240,167.7970,0.0000,944.4990,196.7140,135.6490,0.0000,0.0000,1506.2830
3106,1,1,1,62.2160,166.8800,0.0000,944.2650,192.1970,136.2590,0.0000,0.0000,1501.8170
3107,1,1,1,61.4400,164.9040,0.0000,957.0590,194.3690,134.3200,0.0000,0.0000,1512.0920
3108,1,1,1,61.4770,164.1970,0.0000,942.6830,193.8770,133.2240,0.0000,0.0000,1495.4580
3109,0,1,0,60.8000,218.3200,0.0000,959.3910,202.8180,137.0280,0.0000,0.0000,1578.3570
3110,1,1,1,61.3480,169.4030,0.0000,942.7390,195.2740,136.3020,0.0000,0.0000,1505.0660
3111,0,1,0,62.2090,165.4160,0.0000,945.0590,196.6590,133.9020,0.0000,0.0000,1503.2450
3112,1,1,1,62.5540,166.9170,0.0000,945.3110,194.3070,133.8460,0.0000,0.0000,1502.9350
3113,1,1,1,62.3510,164.4060,0.0000,955.7420,192.4120,134.9170,0.0000,0.0000,1509.8280
3114,1,1,1,60.2770,166.2330,0.0000,942.8620,194.6030,134.7200,0.0000,0.0000,1498.6950
3115,1,1,1,62.6220,166.8610,0.0000,948.8120,205.6000,138.7880,0.0000,0.0000,1522.6830
3116,0,1,0,61.4950,168.6160,0.0000,942.4860,194.3630,136.3870,0.0000,0.0000,1503.3470
3117,1,1,1,61.7290,166.1350,0.0000,948.0430,194.4560,134.3870,0.0000,0.0000,1504.7500
3118,1,1,1,61.4460,166.2830,0.0000,958.5040,194.6400,135.2430,0.0000,0.0000,1516.1160
3119,1,1,1,63.2130,166.7510,0.0000,943.9070,194.7690,135.3050,0.0000,0.0000,1503.9450
3120,1,1,1,62.5790,167.0520,0.0000,944.5720,194.7940,133.7730,0.0000,0.0000,1502.7700
3121,1,1,1,61.6550,165.3910,0.0000,946.4310,202.2460,138.2160,0.0000,0.0000,1513.9390
3122,1,1,1,62.5720,170.3570,0.0000,944.7750,195.6930,135.4400,0.0000,0.0000,1508.8370
3123,1,1,1,62.2520,166.2960,0.0000,941.9320,195.0770,134.4180,0.0000,0.0000,1499.9750
3124,1,1,1,63.8520,167.7230,0.0000,943.2680,197.1820,136.1790,0.0000,0.0000,1508.2040
3125,1,1,1,60.6700,164.8000,0.0000,941.3290,193.9390,133.0270,0.0000,0.0000,1493.7650
3126,1,1,1,60.8130,165.5390,0.0000,941.7910,193.1450,135.7960,0.0000,0.0000,1497.0840
3127,1,1,1,62.1970,166.4620,0.0000,962.2340,201.6370,136.4430,0.0000,0.0000,1528.9730
3128,1,1,1,62.7330,168.2950,0.0000,944.9230,194.6280,134.4920,0.0000,0.0000,1505.0710
3129,1,1,1,63.0590,167.0770,0.0000,944.3260,194.4120,136.4000,0.0000,0.0000,1505.2740
3130,1,1,1,62.7930,168.2700,0.0000,943.2800,193.2060,135.5510,0.0000,0.0000,1503.1000
3131,1,1,1,62.7570,166.6710,0.0000,941.7110,193.8530,133.2490,0.0000,0.0000,1498.2410
3132,1,1,1,60.8430,163.9750,0.0000,945.1700,194.6460,136.5910,0.0000,0.0000,1501.2250
3133,1,1,1,60.4860,166.6030,0.0000,942.9850,193.7790,177.3170,0.0000,0.0000,1541.1700
3134,1,1,1,64.4430,169.5690,0.0000,943.0160,194.2220,135.4580,0.0000,0.0000,1506.7080
3135,1,1,1,60.6830,167.3660,0.0000,945.3840,195.0950,135.6300,0.0000,0.0000,1504.1580
3136,1,1,1,62.1170,167.5260,0.0000,957.2190,197.1080,134.0440,0.0000,0.0000,1518.0140
3137,1,1,1,63.0340,166.7080,0.0000,956.4120,196.3810,136.5470,0.0000,0.0000,1519.0820
3138,1,1,1,62.8180,165.9510,0.0000,943.5630,193.4520,134.7020,0.0000,0.0000,1500.4860
3139,1,1,1,61.9880,164.4310,0.0000,957.0090,194.0800,135.2190,0.0000,0.0000,1512.7270
3140,0,1,1,61.2430,213.9380,0.0000,948.1410,203.2740,137.8090,0.0000,0.0000,1564.4050
3141,1,1,1,63.2250,168.0860,0.0000,945.0590,196.1600,134.8250,0.0000,0.0000,1507.3550
3142,0,1,0,61.6120,165.6500,0.0000,957.1560,193.2310,135.0340,0.0000,0.0000,1512.6830
3143,1,1,1,62.4620,166.8120,0.0000,956.7630,196.2580,133.1570,0.0000,0.0000,1515.4520
3144,1,1,1,61.3290,166.4800,0.0000,943.0090,193.0830,133.0650,0.0000,0.0000,1496.9660
3145,1,1,1,61.4640,167.9260,0.0000,943.0280,194.6330,134.8500,0.0000,0.0000,1501.9010
3146,1,1,1,62.7440,164.3020,0.0000,950.5790,200.0130,137.5690,0.0000,0.0000,1515.2070
3147,1,1,0,62.1780,166.9660,0.0000,957.5820,194.4430,134.6520,0.0000,0.0000,1515.8210
3148,1,1,1,61.9820,167.3290,0.0000,944.4550,194.7330,135.5750,0.0000,0.0000,1504.0740
3149,1,1,1,60.5600,167.2120,0.0000,944.3570,194.5110,132.7940,0.0000,0.0000,1499.4340
3150,1,1,1,60.3200,165.6730,0.0000,942.3440,194.0610,134.9780,0.0000,0.0000,1497.3760
3151,1,1,1,62.0000,165.9320,0.0000,942.0680,193.8710,134.2520,0.0000,0.0000,1498.1230
3152,1,1,1,60.9170,165.4950,0.0000,949.3290,207.4280,137.5260,0.0000,0.0000,1520.6950
3153,1,1,1,64.7450,169.3360,0.0000,943.8090,197.1380,137.3730,0.0000,0.0000,1512.4010
3154,1,1,1,63.1500,168.8190,0.0000,941.7910,194.0370,134.5720,0.0000,0.0000,1502.3690
3155,1,1,1,61.5570,167.3660,0.0000,957.1070,194.7630,134.7080,0.0000,0.0000,1515.5010
3156,1,1,1,60.5910,167.4460,0.0000,940.2890,194.8000,134.5110,0.0000,0.0000,1497.6370
3157,1,1,1,59.5080,165.4150,0.0000,956.7810,195.4650,135.4340,0.0000,0.0000,1512.6030
3158,1,1,1,60.9170,167.5320,0.0000,976.4920,200.0250,136.1170,0.0000,0.0000,1541.0830
3159,1,1,1,61.8650,169.1380,0.0000,945.0590,194.1970,133.0840,0.0000,0.0000,1503.3430
3160,1,1,1,60.9660,165.8590,0.0000,942.4180,196.2890,134.7760,0.0000,0.0000,1500.3080
3161,1,1,1,61.0460,164.0120,0.0000,942.0000,196.0740,136.8740,0.0000,0.0000,1500.0060
3162,1,1,1,61.8160,165.1930,0.0000,942.9350,195.1510,135.3790,0.0000,0.0000,1500.4740
3163,1,1,1,61.8830,165.1080,0.0000,944.6210,193.6800,134.0740,0.0000,0.0000,1499.3660
3164,0,1,0,62.7390,163.5820,0.0000,943.2430,192.9840,195.8460,0.0000,0.0000,1558.3940
3165,0,1,0,65.0160,171.8220,0.0000,945.4950,197.8280,138.8990,0.0000,0.0000,1519.0600
3166,0,1,0,61.8100,168.1970,0.0000,956.4000,195.6860,134.9410,0.0000,0.0000,1517.0340
3167,0,1,0,63.8590,167.6870,0.0000,945.1070,194.4370,134.1050,0.0000,0.0000,1505.1950
3168,1,1,1,62.7570,168.7930,0.0000,956.3200,192.9970,134.7940,0.0000,0.0000,1515.6610
3169,1,1,1,60.7260,165.8280,0.0000,940.3450,192.3820,134.2960,0.0000,0.0000,1493.5770
3170,0,1,0,61.1810,166.2900,0.0000,944.9420,194.0560,132.4120,0.0000,0.0000,1498.8810
3171,1,1,1,61.2860,207.1940,0.0000,944.2950,201.6490,137.8280,0.0000,0.0000,1552.2520
3172,1,1,1,62.0550,167.0950,0.0000,943.0090,193.9940,136.8740,0.0000,0.0000,1503.0270
3173,1,1,1,62.1530,165.3970,0.0000,943.5080,195.4710,135.0900,0.0000,0.0000,1501.6190
3174,1,1,1,62.1600,165.9330,0.0000,957.6430,193.7720,134.6340,0.0000,0.0000,1514.1420
3175,0,1,0,62.7630,166.9600,0.0000,944.2590,194.4370,134.0560,0.0000,0.0000,1502.4750
3176,1,1,1,61.8650,165.5810,0.0000,942.9720,194.1110,134.1480,0.0000,0.0000,1498.6770
3177,1,1,1,62.2400,166.4000,0.0000,946.9350,200.5410,136.0240,0.0000,0.0000,1512.1400
3178,1,1,1,60.9910,168.7510,0.0000,943.5450,197.7350,135.0830,0.0000,0.0000,1506.1050
3179,0,1,0,62.1290,168.0370,0.0000,943.6550,196.5660,136.9780,0.0000,0.0000,1507.3650
3180,1,1,1,60.8730,167.6060,0.0000,956.1970,193.5760,134.5230,0.0000,0.0000,1512.7750
3181,1,1,1,60.8490,164.6460,0.0000,956.9350,194.6710,135.4900,0.0000,0.0000,1512.5910
3182,1,1,1,60.8860,166.7810,0.0000,941.0100,197.8150,133.5570,0.0000,0.0000,1500.0490
3183,1,1,1,59.7230,165.9130,0.0000,941.8580,199.3540,138.8680,0.0000,0.0000,1505.7160
3184,1,1,1,61.2250,168.8190,0.0000,943.5440,194.2400,135.4340,0.0000,0.0000,1503.2620
3185,1,1,1,60.6890,166.5530,0.0000,941.3730,194.7510,134.1290,0.0000,0.0000,1497.4950
3186,1,1,1,61.0400,166.1480,0.0000,944.4550,193.3660,134.2890,0.0000,0.0000,1499.2980
3187,0,1,0,62.5530,165.0030,0.0000,945.5690,195.7850,136.6950,0.0000,0.0000,1505.6050
3188,1,1,1,61.0710,166.8740,0.0000,943.8770,194.8490,132.0000,0.0000,0.0000,1498.6710
3189,0,1,0,60.8490,164.6710,0.0000,955.0900,207.4280,138.2400,0.0000,0.0000,1526.2780
3190,1,1,1,61.8770,165.5320,0.0000,948.1660,197.6560,137.2120,0.0000,0.0000,1510.4430
3191,1,1,1,61.7540,167.9880,0.0000,956.8680,195.5690,136.5850,0.0000,0.0000,1518.7640
3192,0,1,0,60.7380,164.9720,0.0000,942.6400,194.3570,136.8680,0.0000,0.0000,1499.5750
3193,0,1,0,62.6160,165.4400,0.0000,944.3140,193.4460,136.6640,0.0000,0.0000,1502.4800
3194,1,1,1,61.3420,164.7440,0.0000,944.4860,194.7260,134.3130,0.0000,0.0000,1499.6110
3195,0,1,0,63.1260,167.2500,0.0000,946.0430,194.8980,177.9750,0.0000,0.0000,1549.2920
3196,1,1,1,64.3200,168.3450,0.0000,957.4090,196.6700,138.3510,0.0000,0.0000,1525.0950
3197,1,1,1,60.9850,167.6060,0.0000,956.5350,197.6550,134.1900,0.0000,0.0000,1516.9710
3198,1,1,1,60.9790,166.3020,0.0000,944.7750,193.8400,136.9960,0.0000,0.0000,1502.8920
3199,1,1,1,62.7690,166.1410,0.0000,945.0030,194.3750,134.4740,0.0000,0.0000,1502.7620
3200,1,1,1,61.9880,167.0460,0.0000,944.0000,194.1850,135.4220,0.0000,0.0000,1502.6410
3201,0,1,0,62.0130,163.9820,0.0000,942.9290,192.8490,134.6770,0.0000,0.0000,1496.4500
3202,1,1,1,60.8740,205.7290,0.0000,947.3040,200.2090,136.9840,0.0000,0.0000,1551.1000
3203,1,1,1,61.6310,166.3020,0.0000,956.5040,194.4860,136.5230,0.0000,0.0000,1515.4460
3204,1,1,1,63.1570,167.5630,0.0000,941.6130,195.8340,133.6440,0.0000,0.0000,1501.8110
3205,1,1,1,61.3170,165.6860,0.0000,956.5410,193.9390,134.5970,0.0000,0.0000,1512.0800
3206,0,1,0,60.8980,164.7140,0.0000,942.0680,195.1510,135.0950,0.0000,0.0000,1497.9260
3207,1,1,1,62.7320,167.3790,0.0000,955.6370,193.9140,136.1230,0.0000,0.0000,1515.7850
3208,1,1,1,61.0460,165.3470,0.0000,946.6520,200.4920,137.6620,0.0000,0.0000,1511.1990
3209,1,1,1,61.7910,167.2980,0.0000,947.4710,195.4520,135.1940,0.0000,0.0000,1507.2060
3210,1,1,1,61.7230,167.9390,0.0000,943.8090,194.4740,134.4130,0.0000,0.0000,1502.3580
3211,1,1,1,62.8370,167.3600,0.0000,956.9360,195.7230,137.1380,0.0000,0.0000,1519.9940
3212,1,1,0,63.5510,165.2980,0.0000,943.1810,196.4060,133.9510,0.0000,0.0000,1502.3870
3213,1,1,1,61.7170,167.4520,0.0000,943.4150,194.7940,134.8860,0.0000,0.0000,1502.2640
3214,1,1,1,61.5200,164.6460,0.0000,944.9230,198.6650,136.5780,0.0000,0.0000,1506.3320
3215,1,1,1,62.9480,169.7110,0.0000,958.5170,195.0580,135.0100,0.0000,0.0000,1521.2440
3216,1,1,1,61.5390,166.9290,0.0000,945.3040,192.5230,135.2370,0.0000,0.0000,1501.5320
3217,1,1,0,61.4030,165.2620,0.0000,941.6000,194.5240,134.3940,0.0000,0.0000,1497.1830
3218,1,1,1,62.6160,165.1330,0.0000,942.8310,196.7200,134.1040,0.0000,0.0000,1501.4040
3219,1,1,1,63.0580,165.8090,0.0000,944.5900,194.2830,136.2210,0.0000,0.0000,1503.9610
3220,1,1,1,62.9900,164.5290,0.0000,1001.4210,198.2220,135.6310,0.0000,0.0000,1562.7930
3221,1,1,1,61.1010,166.5110,0.0000,945.6490,195.5200,136.4680,0.0000,0.0000,1505.2490
3222,0,1,0,61.8270,166.2090,0.0000,945.4950,196.0430,135.3110,0.0000,0.0000,1504.8850
3223,1,1,1,61.3600,168.0990,0.0000,945.8890,194.9170,134.9300,0.0000,0.0000,1505.1950
3224,1,1,0,63.4400,166.5170,0.0000,957.6000,192.8000,133.9870,0.0000,0.0000,1514.3440
3225,1,1,1,59.7170,166.4730,0.0000,946.7500,196.1970,132.0250,0.0000,0.0000,1501.1620
3226,1,1,0,62.2580,165.1200,0.0000,946.3940,194.9720,202.0060,0.0000,0.0000,1570.7500
3227,1,1,1,63.5510,171.3350,0.0000,945.8220,196.2770,137.5880,0.0000,0.0000,1514.5730
3228,1,1,1,62.6400,168.6900,0.0000,958.0490,194.5600,135.4580,0.0000,0.0000,1519.3970
3229,0,1,0,61.6560,167.5140,0.0000,947.8530,196.5420,135.7970,0.0000,0.0000,1509.3620
3230,1,1,1,61.9140,166.6830,0.0000,956.5040,195.7230,133.8530,0.0000,0.0000,1514.6770
3231,1,1,1,63.0150,166.1410,0.0000,942.1780,194.5300,133.7970,0.0000,0.0000,1499.6610
3232,1,1,1,60.0670,169.4580,0.0000,943.6670,195.2490,135.3720,0.0000,0.0000,1503.8130
3233,1,1,1,61.7050,215.5200,0.0000,946.8240,200.5540,135.5380,0.0000,0.0000,1560.1410
3234,1,1,1,61.7910,170.2030,0.0000,956.6890,196.0610,134.7510,0.0000,0.0000,1519.4950
3235,1,1,1,62.2090,168.1840,0.0000,943.8220,193.3470,135.9140,0.0000,0.0000,1503.4760
3236,0,1,0,60.5350,166.0430,0.0000,956.9660,194.9660,135.4950,0.0000,0.0000,1514.0050
3237,1,1,1,60.3820,165.3670,0.0000,942.0550,193.1820,134.9050,0.0000,0.0000,1495.8910
3238,1,1,1,61.7670,166.6150,0.0000,941.7660,194.3630,134.4370,0.0000,0.0000,1498.9480
3239,1,1,1,61.7780,166.8560,0.0000,949.5260,203.9010,136.8920,0.0000,0.0000,1518.9530
3240,1,1,1,61.2000,167.4960,0.0000,947.7970,195.5020,137.4760,0.0000,0.0000,1509.4710
3241,0,1,0,61.2000,166.8250,0.0000,955.2370,196.2150,136.7930,0.0000,0.0000,1516.2700
3242,1,1,1,62.2530,168.2770,0.0000,943.6430,194.1720,131.6300,0.0000,0.0000,1499.9750
3243,1,1,1,62.1970,164.8060,0.0000,943.9200,192.3690,134.5540,0.0000,0.0000,1497.8460
3244,0,1,1,60.0550,165.3540,0.0000,956.7940,192.7380,134.3750,0.0000,0.0000,1509.3160
3245,1,1,1,60.6460,164.9160,0.0000,946.3760,203.0220,136.7260,0.0000,0.0000,1511.6860
3246,1,1,1,62.1600,168.7070,0.0000,946.0240,194.2340,133.9940,0.0000,0.0000,1505.1190
3247,1,1,1,61.6310,165.1140,0.0000,955.6430,196.1300,135.4150,0.0000,0.0000,1513.9330
3248,1,1,1,61.3290,165.9080,0.0000,947.7410,194.1780,134.0740,0.0000,0.0000,1503.2300
3249,0,1,0,61.3780,166.8310,0.0000,942.1600,194.2770,137.3230,0.0000,0.0000,1501.9690
3250,1,1,1,61.7420,165.8220,0.0000,941.2980,192.8740,134.9230,0.0000,0.0000,1496.6590
3251,1,1,1,61.8030,167.6550,0.0000,951.5690,201.8220,136.5480,0.0000,0.0000,1519.3970
3252,1,1,1,61.2060,169.6190,0.0000,946.8490,195.0280,135.3480,0.0000,0.0000,1508.0500
3253,1,1,1,61.6560,165.5870,0.0000,944.2900,192.6150,136.9420,0.0000,0.0000,1501.0900
3254,1,1,1,63.1330,166.3820,0.0000,943.0090,194.6950,134.4000,0.0000,0.0000,1501.6190
3255,1,1,1,63.4400,164.2090,0.0000,956.0060,195.1880,135.5510,0.0000,0.0000,1514.3940
3256,1,1,1,61.7790,167.0960,0.0000,941.5810,195.9260,135.3780,0.0000,0.0000,1501.7600
3257,1,1,1,61.7480,164.3270,0.0000,942.9730,194.8740,175.6060,0.0000,0.0000,1539.5280
3258,1,1,1,62.0800,170.0240,0.0000,942.9600,195.5010,135.8580,0.0000,0.0000,1506.4230
3259,0,1,0,59.5880,165.8530,0.0000,941.8400,196.8310,134.1540,0.0000,0.0000,1498.2660
3260,1,1,1,62.0860,167.0400,0.0000,944.1600,194.9600,134.5350,0.0000,0.0000,1502.7810
3261,1,1,0,61.8030,166.5170,0.0000,956.6830,193.3540,136.4860,0.0000,0.0000,1514.8430
3262,1,1,1,61.4460,167.8520,0.0000,956.7080,195.0460,135.5870,0.0000,0.0000,1516.6390
3263,1,1,1,61.4710,165.8090,0.0000,945.8890,195.1500,133.8400,0.0000,0.0000,1502.1590
3264,1,1,1,60.5850,217.4520,0.0000,959.5630,200.5790,137.2680,0.0000,0.0000,1575.4470
3265,1,1,1,62.5480,168.5600,0.0000,946.6030,193.3160,137.2300,0.0000,0.0000,1508.2570
3266,0,1,0,62.8680,165.3110,0.0000,956.0860,193.8160,137.9510,0.0000,0.0000,1516.0320
3267,1,1,1,62.4060,165.4830,0.0000,944.9780,195.8150,135.8400,0.0000,0.0000,1504.5220
3268,1,1,1,61.9810,166.2900,0.0000,942.6100,192.9050,136.8430,0.0000,0.0000,1500.6290
3269,1,1,1,62.0740,165.8650,0.0000,942.8860,197.0400,135.6120,0.0000,0.0000,1503.4770
3270,1,1,1,62.9410,166.1230,0.0000,953.2550,225.1140,147.9760,0.0000,0.0000,1555.4090
3271,1,1,1,64.8550,177.1880,0.0000,948.2900,201.0340,137.4280,0.0000,0.0000,1528.7950
3272,1,1,1,63.6620,169.3170,0.0000,946.8740,196.1600,136.0860,0.0000,0.0000,1512.0990
3273,1,1,0,61.7480,167.8400,0.0000,956.9470,198.7140,136.6770,0.0000,0.0000,1521.9260
3274,1,1,1,62.9910,166.9110,0.0000,946.7270,194.9790,133.9820,0.0000,0.0000,1505.5900
3275,1,1,1,60.8680,166.0000,0.0000,945.2560,194.7570,132.9910,0.0000,0.0000,1499.8720
3276,1,1,1,61.1260,166.3510,0.0000,953.3730,203.4460,138.2830,0.0000,0.0000,1522.5790
3277,1,1,1,63.8090,165.8950,0.0000,946.4250,195.0830,134.9040,0.0000,0.0000,1506.1160
3278,0,1,0,62.5360,167.6440,0.0000,946.3750,194.2650,133.3480,0.0000,0.0000,1504.1680
3279,1,1,1,61.8890,165.6430,0.0000,943.3110,192.7510,134.6340,0.0000,0.0000,1498.2280
3280,1,1,1,61.9070,166.8370,0.0000,942.8490,193.6490,133.8960,0.0000,0.0000,1499.1380
3281,0,1,1,61.4530,166.1410,0.0000,943.0580,194.6580,135.2300,0.0000,0.0000,1500.5400
3282,1,1,1,62.1470,164.4120,0.0000,944.8250,202.2460,137.5320,0.0000,0.0000,1511.1620
3283,1,1,1,61.6370,168.2160,0.0000,942.9910,196.3940,136.1420,0.0000,0.0000,1505.3800
3284,1,1,0,60.5660,168.2700,0.0000,941.7970,194.1660,133.6610,0.0000,0.0000,1498.4600
3285,0,1,0,62.4670,168.0180,0.0000,944.6270,194.5960,133.6430,0.0000,0.0000,1503.3510
3286,1,1,1,61.4830,167.4400,0.0000,956.7690,195.2310,133.8030,0.0000,0.0000,1514.7260
3287,1,1,1,62.0740,165.9940,0.0000,950.3020,195.4160,133.3290,0.0000,0.0000,1507.1150
3288,1,1,1,64.4310,167.1380,0.0000,942.8730,196.7750,188.8070,0.0000,0.0000,1560.0240
3289,1,1,1,62.7080,170.5050,0.0000,943.2550,196.8800,137.2800,0.0000,0.0000,1510.6280
3290,0,1,0,63.2740,166.4920,0.0000,943.1200,195.2620,136.0370,0.0000,0.0000,1504.1850
3291,1,1,1,61.4830,165.7540,0.0000,954.9170,194.8800,134.8120,0.0000,0.0000,1511.8460
3292,1,1,0,62.8680,164.9110,0.0000,943.5010,195.7050,133.1630,0.0000,0.0000,1500.1480
3293,1,1,1,61.4030,165.7600,0.0000,955.3850,193.4090,133.6610,0.0000,0.0000,1509.6180
3294,1,1,0,61.0520,166.1960,0.0000,944.2520,193.4580,134.3440,0.0000,0.0000,1499.3020
3295,1,1,1,62.2160,207.7840,0.0000,945.7600,200.2700,137.5140,0.0000,0.0000,1553.5440
3296,1,1,1,63.6190,169.2120,0.0000,945.1130,195.3660,134.6150,0.0000,0.0000,1507.9250
3297,1,1,1,61.9820,165.4280,0.0000,944.9170,194.5600,134.9600,0.0000,0.0000,1501.8470
3298,1,1,0,62.3450,167.1200,0.0000,946.0240,195.7660,132.5110,0.0000,0.0000,1503.7660
3299,1,1,1,61.4590,166.6270,0.0000,944.1230,193.5880,132.2520,0.0000,0.0000,1498.0490
3300,1,1,1,61.1330,167.7050,0.0000,955.4890,194.3260,135.2370,0.0000,0.0000,1513.8900
3301,1,1,1,61.4460,165.2430,0.0000,942.5100,204.7810,138.2470,0.0000,0.0000,1512.2270
3302,1,1,1,62.1540,168.5600,0.0000,947.7290,194.3690,136.4120,0.0000,0.0000,1509.2240
3303,1,1,1,62.0500,166.8680,0.0000,955.5380,196.4550,136.0920,0.0000,0.0000,1517.0030
3304,1,1,1,62.2770,164.5910,0.0000,944.7880,194.6460,135.9260,0.0000,0.0000,1502.2280
3305,1,1,1,62.8920,166.2210,0.0000,956.6950,194.5900,134.9470,0.0000,0.0000,1515.3450
3306,1,1,1,62.1910,167.7850,0.0000,945.4460,194.4370,133.0090,0.0000,0.0000,1502.8680
3307,1,1,1,62.5170,166.9970,0.0000,948.7450,204.2100,136.8800,0.0000,0.0000,1519.3490
3308,1,1,1,64.2340,168.4860,0.0000,941.9940,195.6980,135.8100,0.0000,0.0000,1506.2220
3309,0,1,0,62.0860,165.1330,0.0000,943.1010,193.1330,134.9170,0.0000,0.0000,1498.3700
3310,1,1,1,62.4490,166.1540,0.0000,944.4980,195.6180,135.6680,0.0000,0.0000,1504.3870
3311,1,1,1,61.9570,165.5450,0.0000,941.0530,196.0370,136.9110,0.0000,0.0000,1501.5030
3312,1,1,1,61.5760,164.8920,0.0000,954.7630,194.7880,134.1600,0.0000,0.0000,1510.1790
3313,1,1,1,61.9330,165.3600,0.0000,958.6580,201.3720,136.7690,0.0000,0.0000,1524.0920
3314,1,1,1,63.2610,168.1110,0.0000,945.9330,194.2400,134.6280,0.0000,0.0000,1506.1730
3315,1,1,1,61.9380,168.4620,0.0000,943.5940,192.7450,134.4060,0.0000,0.0000,1501.1450
3316,0,1,0,61.0590,166.3080,0.0000,943.5630,195.0460,135.0640,0.0000,0.0000,1501.0400
3317,1,1,1,60.8240,163.8340,0.0000,956.5970,193.4700,133.7600,0.0000,0.0000,1508.4850
3318,0,1,0,61.6370,165.3230,0.0000,955.5270,194.1040,136.3870,0.0000,0.0000,1512.9780
3319,1,1,1,61.1200,165.9380,0.0000,942.8370,194.6400,180.9230,0.0000,0.0000,1545.4580
3320,1,1,1,63.5880,169.3720,0.0000,945.3170,196.5170,135.1630,0.0000,0.0000,1509.9570
3321,1,1,1,61.5820,168.8800,0.0000,944.3390,197.4840,134.9360,0.0000,0.0000,1507.2210
3322,0,1,0,61.9200,164.0800,0.0000,942.8060,197.6550,136.2950,0.0000,0.0000,1502.7560
3323,1,1,1,60.3200,165.7970,0.0000,955.9690,195.8090,134.5600,0.0000,0.0000,1512.4550
3324,1,1,0,59.6920,167.3600,0.0000,944.9410,193.6190,134.4370,0.0000,0.0000,1500.0490
3325,1,1,1,59.9010,164.9110,0.0000,942.4370,196.2830,134.4490,0.0000,0.0000,1497.9810
3326,1,1,1,60.1290,206.0370,0.0000,946.7450,202.5850,136.7760,0.0000,0.0000,1552.2720
3327,1,1,1,61.7660,169.9500,0.0000,957.5690,198.4300,136.0060,0.0000,0.0000,1523.7210
3328,1,1,1,63.1870,165.6490,0.0000,956.6710,194.7820,136.4240,0.0000,0.0000,1516.7130
3329,1,1,1,61.6240,164.2520,0.0000,945.9880,191.6860,135.0890,0.0000,0.0000,1498.6390
3330,1,1,1,61.7110,166.3140,0.0000,944.0800,193.7350,135.6610,0.0000,0.0000,1501.5010
3331,1,1,1,61.6240,165.0830,0.0000,945.1020,194.8120,135.6000,0.0000,0.0000,1502.2210
3332,0,1,0,60.8500,166.6830,0.0000,946.8430,200.0610,137.4280,0.0000,0.0000,1511.8650
3333,1,1,1,61.6240,168.4740,0.0000,945.4950,195.6300,134.3440,0.0000,0.0000,1505.5670
3334,0,1,0,61.4400,164.4000,0.0000,957.8770,194.1790,134.9480,0.0000,0.0000,1512.8440
3335,0,1,0,62.2340,166.7510,0.0000,944.3320,194.3750,134.8800,0.0000,0.0000,1502.5720
3336,1,1,1,63.9510,166.9480,0.0000,945.1130,194.2150,134.7130,0.0000,0.0000,1504.9400
3337,1,1,1,61.6550,165.5140,0.0000,956.1540,194.6220,133.9380,0.0000,0.0000,1511.8830
3338,0,1,0,59.6190,164.4920,0.0000,950.4800,203.2550,138.3630,0.0000,0.0000,1516.2090
3339,1,1,1,64.0190,171.1140,0.0000,944.7510,195.9080,138.0180,0.0000,0.0000,1513.8100
3340,1,1,1,61.1570,167.7910,0.0000,946.3630,194.5780,136.2270,0.0000,0.0000,1506.1160
3341,1,1,1,61.6550,165.8830,0.0000,942.3510,192.5110,131.8460,0.0000,0.0000,1494.2460
3342,1,1,1,63.4210,165.2310,0.0000,956.1970,195.7050,132.4980,0.0000,0.0000,1513.0520
3343,1,1,1,64.4490,165.1880,0.0000,946.0180,193.1570,135.6730,0.0000,0.0000,1504.4850
3344,1,1,1,63.7600,165.7480,0.0000,977.6370,200.0800,137.0210,0.0000,0.0000,1544.2460
3345,1,1,1,60.7010,170.4430,0.0000,946.4430,196.1230,133.4890,0.0000,0.0000,1507.1990
3346,1,1,1,62.4190,167.7040,0.0000,943.1320,195.3780,133.5870,0.0000,0.0000,1502.2200
3347,1,1,1,63.0890,165.0400,0.0000,943.1750,191.6990,134.8060,0.0000,0.0000,1497.8090
3348,0,1,0,60.8250,166.1660,0.0000,954.7820,193.6370,134.9040,0.0000,0.0000,1510.3140
3349,1,1,1,62.3260,165.7040,0.0000,942.1160,194.7080,134.8990,0.0000,0.0000,1499.7530
3350,1,1,1,62.4310,164.7020,0.0000,941.4270,194.4370,189.0280,0.0000,0.0000,1552.0250
3351,1,1,1,64.1110,170.8800,0.0000,945.8590,196.5910,139.1010,0.0000,0.0000,1516.5420
3352,1,1,1,64.9170,167.3350,0.0000,941.9750,198.2030,136.2830,0.0000,0.0000,1508.7130
3353,0,1,0,62.6590,166.6830,0.0000,945.2430,196.5530,134.1100,0.0000,0.0000,1505.2480
3354,0,1,0,61.3790,167.6250,0.0000,943.1380,195.1570,135.0890,0.0000,0.0000,1502.3880
3355,1,1,1,61.2990,165.5820,0.0000,944.9720,193.6860,136.7820,0.0000,0.0000,1502.3210
3356,1,1,1,61.2920,164.7440,0.0000,946.2460,193.6610,134.1600,0.0000,0.0000,1500.1030
3357,0,1,0,62.3870,203.9320,0.0000,944.9410,200.3810,139.5820,0.0000,0.0000,1551.2230
3358,1,1,1,61.2680,169.3780,0.0000,942.9600,194.6400,134.3320,0.0000,0.0000,1502.5780
3359,1,1,1,60.6340,167.7300,0.0000,943.4460,194.3140,135.3780,0.0000,0.0000,1501.5020
3360,1,1,1,61.4340,167.7660,0.0000,941.9010,195.2250,134.7940,0.0000,0.0000,1501.1200
3361,0,1,0,61.0030,164.2710,0.0000,956.0430,195.1380,134.5290,0.0000,0.0000,1510.9840
3362,1,1,1,60.7940,164.5470,0.0000,956.7810,192.9100,135.1630,0.0000,0.0000,1510.1950
3363,1,1,1,61.6500,164.8370,0.0000,949.3050,202.5410,138.0860,0.0000,0.0000,1516.4190
3364,1,1,1,62.0370,169.7910,0.0000,957.1760,194.9720,135.4520,0.0000,0.0000,1519.4280
3365,0,1,0,60.5410,166.5300,0.0000,945.6060,193.3170,133.7840,0.0000,0.0000,1499.7780
3366,1,1,1,61.3290,166.5100,0.0000,957.3290,193.2000,134.9230,0.0000,0.0000,1513.2910
3367,1,1,0,62.6960,166.8130,0.0000,943.0400,193.0640,135.1320,0.0000,0.0000,1500.7450
3368,1,1,1,62.1910,165.7850,0.0000,955.5140,193.5320,135.6000,0.0000,0.0000,1512.6220
3369,1,1,1,62.0500,165.3050,0.0000,953.5630,202.3020,137.6370,0.0000,0.0000,1520.8570
3370,1,1,1,62.2400,167.3970,0.0000,945.9750,195.9200,133.9630,0.0000,0.0000,1505.4950
3371,1,1,1,63.6180,165.3780,0.0000,945.1510,195.1440,135.4150,0.0000,0.0000,1504.7060
3372,1,1,1,62.0730,165.8270,0.0000,944.8180,193.9500,135.4150,0.0000,0.0000,1502.0830
3373,1,1,1,61.8950,165.5450,0.0000,942.5780,195.4280,134.9230,0.0000,0.0000,1500.3690
3374,1,1,1,61.3170,165.9500,0.0000,956.1720,195.0460,136.0990,0.0000,0.0000,1514.5840
3375,1,1,1,61.5630,164.8490,0.0000,1009.1510,203.6060,138.5780,0.0000,0.0000,1577.7470
3376,1,1,0,65.3600,170.3820,0.0000,944.0240,196.4250,134.5660,0.0000,0.0000,1510.7570
3377,1,1,1,61.9940,167.7290,0.0000,942.5350,195.7840,136.0370,0.0000,0.0000,1504.0790
3378,1,1,1,60.8000,165.6000,0.0000,955.4090,194.8000,133.9870,0.0000,0.0000,1510.5960
3379,1,1,1,62.3500,165.8950,0.0000,958.0060,193.8830,136.0740,0.0000,0.0000,1516.2080
3380,1,1,0,61.8220,163.8340,0.0000,942.2830,193.9450,135.6370,0.0000,0.0000,1497.5210
3381,1,1,1,61.0950,164.4670,0.0000,944.2210,193.6670,177.4160,0.0000,0.0000,1540.8660
3382,1,1,1,61.7360,170.6150,0.0000,947.3910,198.6330,134.9660,0.0000,0.0000,1513.3410
3383,1,1,1,63.4040,165.6180,0.0000,957.7350,193.7540,134.8670,0.0000,0.0000,1515.3780
3384,1,1,1,60.5910,166.4680,0.0000,955.2740,194.6770,136.2950,0.0000,0.0000,1513.3050
3385,1,1,1,61.0650,164.4490,0.0000,955.2800,193.1330,134.3020,0.0000,0.0000,1508.2290
3386,1,1,1,60.8370,165.5080,0.0000,954.4920,193.1260,134.7810,0.0000,0.0000,1508.7440
3387,1,1,1,61.6000,163.5880,0.0000,955.9200,192.6710,137.0090,0.0000,0.0000,1510.7880
3388,1,1,1,62.0060,206.6100,0.0000,944.6950,200.4430,135.6680,0.0000,0.0000,1549.4220
3389,1,1,1,61.8890,166.9720,0.0000,954.4800,195.0400,134.5720,0.0000,0.0000,1512.9530
3390,1,1,1,61.9320,167.1260,0.0000,957.7660,193.4330,135.7600,0.0000,0.0000,1516.0170
3391,1,1,1,63.5260,165.2190,0.0000,957.1200,193.4830,133.5260,0.0000,0.0000,1512.8740
3392,1,1,1,60.4440,164.2650,0.0000,957.3350,194.2580,135.1080,0.0000,0.0000,1511.4100
3393,1,1,1,61.0030,166.1110,0.0000,941.5200,193.3540,136.7820,0.0000,0.0000,1498.7700
3394,1,1,1,62.4310,165.5750,0.0000,946.2100,199.3540,138.8980,0.0000,0.0000,1512.4680
3395,1,1,0,61.6490,169.4710,0.0000,943.7420,194.4240,135.3660,0.0000,0.0000,1504.6520
3396,1,1,1,61.4900,166.6700,0.0000,946.1350,196.3750,136.5600,0.0000,0.0000,1507.2300
3397,1,1,1,61.6240,167.0160,0.0000,957.3480,195.8090,133.6370,0.0000,0.0000,1515.4340
3398,1,1,1,62.1790,165.3540,0.0000,941.1880,192.7140,134.1170,0.0000,0.0000,1495.5520
3399,1,1,1,61.9700,166.3010,0.0000,941.4040,194.2830,133.8950,0.0000,0.0000,1497.8530
3400,1,1,1,61.0400,165.7840,0.0000,949.7170,202.4180,137.4150,0.0000,0.0000,1516.3740
3401,1,1,1,60.6220,168.2650,0.0000,942.7380,195.6740,136.4670,0.0000,0.0000,1503.7660
3402,0,1,0,62.1410,164.9230,0.0000,947.7970,195.9380,133.4460,0.0000,0.0000,1504.2450
3403,1,1,1,61.0650,167.7110,0.0000,945.2430,194.9720,135.8580,0.0000,0.0000,1504.8490
3404,1,1,1,63.6620,168.4860,0.0000,955.7660,194.2220,134.4860,0.0000,0.0000,1516.6220
3405,0,1,0,61.4830,166.1230,0.0000,940.4370,192.5910,135.6680,0.0000,0.0000,1496.3020
3406,1,1,1,61.2000,163.9080,0.0000,957.9690,201.6860,138.0610,0.0000,0.0000,1522.8240
3407,1,1,1,62.9840,168.3630,0.0000,958.9350,197.3290,137.1200,0.0000,0.0000,1524.7310
3408,1,1,1,61.5140,164.2400,0.0000,945.1070,194.0860,134.4920,0.0000,0.0000,1499.4390
3409,1,1,1,61.9510,166.7820,0.0000,940.7140,194.0000,134.9170,0.0000,0.0000,1498.3640
3410,0,1,0,62.0550,165.2560,0.0000,943.6360,193.7100,134.7440,0.0000,0.0000,1499.4010
3411,1,1,1,62.2770,167.2370,0.0000,947.1320,194.3700,133.8950,0.0000,0.0000,1504.9110
3412,1,1,1,60.1730,164.5360,0.0000,943.7110,194.4800,201.3900,0.0000,0.0000,1564.2900
3413,1,1,1,64.5230,171.8460,0.0000,949.0590,199.0460,138.4300,0.0000,0.0000,1522.9040
3414,0,1,0,63.1200,168.4550,0.0000,945.6310,193.6740,135.4160,0.0000,0.0000,1506.2960
3415,1,1,1,61.6120,167.3110,0.0000,957.4090,192.8490,134.5780,0.0000,0.0000,1513.7590
3416,0,1,0,62.0740,165.3170,0.0000,957.0960,194.6770,133.1260,0.0000,0.0000,1512.2900
3417,1,1,1,60.6650,166.1050,0.0000,945.7420,195.8770,134.2340,0.0000,0.0000,1502.6230
3418,1,1,1,61.2610,164.0250,0.0000,941.3960,192.3880,134.2270,0.0000,0.0000,1493.2970
3419,1,1,1,61.3360,204.6400,0.0000,958.0550,198.8490,135.9320,0.0000,0.0000,1558.8120
3420,1,1,1,63.4890,168.2830,0.0000,947.4960,195.4950,135.0950,0.0000,0.0000,1509.8580
3421,1,1,1,60.3630,166.7940,0.0000,957.4030,194.6150,136.2220,0.0000,0.0000,1515.3970
3422,1,1,1,62.3940,163.3540,0.0000,941.3720,193.7420,135.0460,0.0000,0.0000,1495.9080
3423,0,1,1,61.4210,167.0700,0.0000,942.8430,194.0620,136.7690,0.0000,0.0000,1502.1650
3424,1,1,1,61.6740,166.8560,0.0000,956.1050,192.8060,133.7660,0.0000,0.0000,1511.2070
3425,1,1,1,62.1660,163.8030,0.0000,946.7630,203.6980,136.3070,0.0000,0.0000,1512.7370
3426,1,1,1,63.6430,169.9200,0.0000,943.9630,195.4580,134.3630,0.0000,0.0000,1507.3470
3427,0,1,0,60.3510,167.0520,0.0000,943.4700,193.6310,135.1450,0.0000,0.0000,1499.6490
3428,1,1,1,61.2490,169.0710,0.0000,955.0090,194.5230,132.7380,0.0000,0.0000,1512.5900
3429,1,1,1,60.9170,164.4180,0.0000,958.1540,194.7880,134.4310,0.0000,0.0000,1512.7080
3430,1,1,1,60.4240,164.8430,0.0000,941.6490,195.8090,134.9410,0.0000,0.0000,1497.6660
3431,0,1,0,62.1230,166.6400,0.0000,944.5790,202.7390,138.0300,0.0000,0.0000,1514.1110
3432,1,1,1,62.0550,168.6650,0.0000,947.0150,195.4580,136.2770,0.0000,0.0000,1509.4700
3433,1,1,1,61.8220,167.0530,0.0000,941.2180,195.0710,135.4650,0.0000,0.0000,1500.6290
3434,1,1,1,63.7420,166.0740,0.0000,942.7330,192.5480,135.5750,0.0000,0.0000,1500.6720
3435,1,1,1,61.9020,165.5500,0.0000,942.7330,195.5760,135.9140,0.0000,0.0000,1501.6750
3436,1,1,1,61.7910,166.2640,0.0000,945.0770,195.2490,133.7600,0.0000,0.0000,1502.1410
3437,1,1,1,62.5720,165.2560,0.0000,972.1100,198.8250,137.9760,0.0000,0.0000,1536.7390
3438,1,1,1,62.9350,169.8530,0.0000,944.3080,195.8460,135.5330,0.0000,0.0000,1508.4750
3439,1,1,1,61.6060,166.4680,0.0000,942.9470,195.7970,134.6090,0.0000,0.0000,1501.4270
3440,0,1,0,61.1750,169.0400,0.0000,956.9850,194.3010,134.0240,0.0000,0.0000,1515.5250
3441,1,1,1,61.5750,165.8280,0.0000,943.3350,195.4590,134.5670,0.0000,0.0000,1500.7640
3442,1,1,1,62.1110,165.9080,0.0000,943.9750,193.5570,133.3470,0.0000,0.0000,1498.8980
3443,1,1,1,62.7940,167.8650,0.0000,942.6400,195.2300,176.2340,0.0000,0.0000,1544.7630
0,0,2,0,66.9720,174.8610,0.0000,947.7780,199.3110,138.8300,0.0000,0.0000,1527.7520
1,1,2,1,61.9760,167.8090,0.0000,941.8460,194.5910,135.2070,0.0000,0.0000,1501.4290
2,1,2,1,61.8270,167.3660,0.0000,957.0830,194.3380,135.0950,0.0000,0.0000,1515.7090
3,1,2,0,61.1940,165.4520,0.0000,958.0120,195.2120,136.0430,0.0000,0.0000,1515.9130
4,1,2,1,63.1380,165.4460,0.0000,945.0960,194.8620,135.3360,0.0000,0.0000,1503.8780
5,1,2,1,60.6650,166.7080,0.0000,956.4490,193.9260,133.6560,0.0000,0.0000,1511.4040
6,1,2,1,59.7720,230.2590,0.0000,948.8430,201.3790,137.6190,0.0000,0.0000,1577.8720
7,1,2,1,62.0370,166.5050,0.0000,947.5700,196.7570,135.6620,0.0000,0.0000,1508.5310
8,1,2,1,61.6310,164.3200,0.0000,954.4740,195.3290,133.7600,0.0000,0.0000,1509.5140
9,1,2,1,59.9380,164.5300,0.0000,944.9230,193.0760,132.5420,0.0000,0.0000,1495.0090
10,1,2,1,61.3730,163.9750,0.0000,954.9850,193.3230,133.5380,0.0000,0.0000,1507.1940
11,1,2,1,60.4000,165.3290,0.0000,943.3360,194.8490,136.2770,0.0000,0.0000,1500.1910
12,1,2,1,61.0900,165.5750,0.0000,948.1660,202.1230,139.5330,0.0000,0.0000,1516.4870
13,1,2,1,61.5750,170.8250,0.0000,943.4890,192.9970,135.2550,0.0000,0.0000,1504.1410
14,1,2,1,63.9450,166.2890,0.0000,941.9450,194.2400,135.2490,0.0000,0.0000,1501.6680
15,1,2,1,62.8490,165.5390,0.0000,956.5850,192.9110,135.8400,0.0000,0.0000,1513.7240
16,1,2,1,59.9450,164.6890,0.0000,957.2990,195.4580,135.6310,0.0000,0.0000,1513.0220
17,1,2,1,62.5540,166.0620,0.0000,956.4430,194.9660,129.5690,0.0000,0.0000,1509.5940
18,1,2,1,61.2980,165.9880,0.0000,944.1780,201.8030,136.7880,0.0000,0.0000,1510.0550
19,1,2,1,62.8860,167.5140,0.0000,943.3840,196.2280,134.0800,0.0000,0.0000,1504.0920
20,1,2,1,61.5820,165.6310,0.0000,942.0130,193.5500,134.5660,0.0000,0.0000,1497.3420
21,1,2,1,62.8610,165.5390,0.0000,948.9230,195.4770,136.3080,0.0000,0.0000,1509.1080
22,1,2,1,60.9290,165.6240,0.0000,944.4180,194.3820,133.9020,0.0000,0.0000,1499.2550
23,1,2,1,62.0490,165.3720,0.0000,946.7570,193.0830,135.3230,0.0000,0.0000,1502.5840
24,1,2,1,63.5570,166.4180,0.0000,945.7480,203.1380,136.2210,0.0000,0.0000,1515.0820
25,1,2,1,62.9360,166.2460,0.0000,944.1730,195.4460,134.8190,0.0000,0.0000,1503.6200
26,1,2,1,62.7510,167.2980,0.0000,943.3850,195.6370,136.4550,0.0000,0.0000,1505.5260
27,0,2,0,61.3540,165.3230,0.0000,954.0180,193.2920,135.6610,0.0000,0.0000,1509.6480
28,1,2,1,59.6670,167.3720,0.0000,957.3540,193.6120,134.7510,0.0000,0.0000,1512.7560
29,1,2,1,61.7910,166.4130,0.0000,943.7290,195.2130,133.9140,0.0000,0.0000,1501.0600
30,1,2,1,61.3160,168.4240,0.0000,944.6270,193.7790,188.0550,0.0000,0.0000,1556.2010
31,1,2,1,63.5690,171.7910,0.0000,946.8430,196.8120,136.0800,0.0000,0.0000,1515.0950
32,1,2,1,62.4430,166.3760,0.0000,944.4500,197.7660,133.3910,0.0000,0.0000,1504.4260
33,1,2,1,60.6950,165.4950,0.0000,956.3020,194.4490,135.3110,0.0000,0.0000,1512.2520
34,0,2,0,63.1690,164.8130,0.0000,946.2030,194.4620,135.1940,0.0000,0.0000,1503.8410
35,1,2,1,60.5900,166.2770,0.0000,945.5630,194.8800,134.3260,0.0000,0.0000,1501.6360
36,0,2,0,61.1500,163.6870,0.0000,942.2650,193.7840,134.7450,0.0000,0.0000,1495.6310
37,1,2,1,62.2280,209.2300,0.0000,957.8400,200.3020,135.9020,0.0000,0.0000,1565.5020
38,1,2,1,61.0890,166.8740,0.0000,944.5110,192.5170,135.4830,0.0000,0.0000,1500.4740
39,1,2,1,60.6520,167.5570,0.0000,944.2160,194.3020,135.6190,0.0000,0.0000,1502.3460
40,0,2,0,60.6890,167.1330,0.0000,957.6550,195.3110,133.4830,0.0000,0.0000,1514.2710
41,1,2,1,62.0430,166.2950,0.0000,947.0770,194.9660,134.3070,0.0000,0.0000,1504.6880
42,1,2,1,62.8670,166.1470,0.0000,942.3320,193.9700,134.6160,0.0000,0.0000,1499.9320
43,0,2,0,61.9810,167.0590,0.0000,950.1110,204.0800,138.5170,0.0000,0.0000,1521.7480
44,1,2,1,63.0400,169.4150,0.0000,944.0800,196.5850,136.8250,0.0000,0.0000,1509.9450
45,1,2,1,61.7410,166.5600,0.0000,944.9730,196.5600,135.0830,0.0000,0.0000,1504.9170
46,1,2,1,61.4710,164.3010,0.0000,941.9080,195.6800,133.1320,0.0000,0.0000,1496.4920
47,1,2,1,61.7230,165.9630,0.0000,954.5730,194.9960,134.5480,0.0000,0.0000,1511.8030
48,1,2,1,61.3910,165.1690,0.0000,956.5410,193.8160,135.6120,0.0000,0.0000,1512.5290
49,1,2,1,60.4980,166.9110,0.0000,948.4360,203.3480,138.6710,0.0000,0.0000,1517.8640
50,1,2,1,64.1410,167.0770,0.0000,957.5630,196.0680,135.4030,0.0000,0.0000,1520.2520
51,1,2,1,62.6030,166.3700,0.0000,941.6730,193.6250,135.4950,0.0000,0.0000,1499.7660
52,1,2,1,62.3700,166.6090,0.0000,954.7940,192.5970,135.6800,0.0000,0.0000,1512.0500
53,1,2,1,63.3170,165.8160,0.0000,946.2030,195.1760,135.8280,0.0000,0.0000,1506.3400
54,1,2,1,60.8550,168.4800,0.0000,941.5810,195.5080,134.2460,0.0000,0.0000,1500.6700
55,1,2,1,61.1020,167.0830,0.0000,979.3850,200.9290,136.5290,0.0000,0.0000,1545.0280
56,1,2,1,61.2550,167.4950,0.0000,957.6550,195.4760,135.4340,0.0000,0.0000,1517.3150
57,0,2,0,62.0800,167.0210,0.0000,943.2610,195.7670,135.4650,0.0000,0.0000,1503.5940
58,1,2,1,62.8930,167.0210,0.0000,947.1010,193.3660,133.8830,0.0000,0.0000,1504.2640
59,1,2,1,61.3540,165.7970,0.0000,942.1290,194.4310,134.3940,0.0000,0.0000,1498.1050
60,1,2,1,59.2610,167.0220,0.0000,945.6490,194.2340,133.6930,0.0000,0.0000,1499.8590
61,0,2,0,62.2400,165.2430,0.0000,957.2800,197.4330,186.0130,0.0000,0.0000,1568.2090
62,1,2,1,62.8250,173.1450,0.0000,945.8030,197.4460,138.7070,0.0000,0.0000,1517.9260
63,0,2,0,61.9940,166.7760,0.0000,945.0220,193.7730,137.0520,0.0000,0.0000,1504.6170
64,1,2,1,62.0860,165.7050,0.0000,945.5880,194.7700,134.9050,0.0000,0.0000,1503.0540
65,0,2,0,60.4000,166.8300,0.0000,944.9850,193.6240,134.7380,0.0000,0.0000,1500.5770
66,1,2,1,61.2000,164.7200,0.0000,943.0160,194.5970,134.1600,0.0000,0.0000,1497.6930
67,0,2,0,61.9940,165.1080,0.0000,955.5510,195.8650,134.9720,0.0000,0.0000,1513.4900
68,1,2,1,61.4890,202.7020,0.0000,946.6400,197.4030,136.3940,0.0000,0.0000,1544.6280
69,1,2,1,61.7290,166.1470,0.0000,945.1080,196.1420,135.1510,0.0000,0.0000,1504.2770
70,1,2,1,61.8890,166.2900,0.0000,944.6830,194.5420,135.0590,0.0000,0.0000,1502.4630
71,1,2,1,61.6000,166.7880,0.0000,944.5480,194.1290,134.2960,0.0000,0.0000,1501.3610
72,1,2,1,62.6210,167.2920,0.0000,944.5170,193.8030,134.3750,0.0000,0.0000,1502.6080
73,1,2,0,61.4030,167.0400,0.0000,956.3760,193.4460,135.3350,0.0000,0.0000,1513.6000
74,1,2,1,62.9230,164.6470,0.0000,946.3080,202.2330,137.7660,0.0000,0.0000,1513.8770
75,1,2,1,62.0860,171.4150,0.0000,944.6400,195.7360,133.3110,0.0000,0.0000,1507.1880
76,0,2,0,61.4590,167.0030,0.0000,942.7570,195.2130,135.7230,0.0000,0.0000,1502.1550
77,1,2,1,61.5200,166.6950,0.0000,944.7390,194.7570,134.2890,0.0000,0.0000,1502.0000
78,1,2,1,61.1510,164.2890,0.0000,956.7380,193.7540,134.0800,0.0000,0.0000,1510.0120
79,1,2,1,60.8000,166.6830,0.0000,942.5230,191.0150,135.9320,0.0000,0.0000,1496.9530
80,0,2,0,62.2400,166.2460,0.0000,946.1900,204.8130,139.2440,0.0000,0.0000,1518.7330
81,0,2,0,62.5040,170.2030,0.0000,957.8830,195.6360,139.2250,0.0000,0.0000,1525.4510
82,1,2,1,62.1230,167.8460,0.0000,957.8030,194.1290,136.0860,0.0000,0.0000,1517.9870
83,1,2,1,61.4830,165.9750,0.0000,943.8530,195.2120,135.6800,0.0000,0.0000,1502.2030
84,1,2,1,61.0340,164.8550,0.0000,941.8340,195.2120,134.3450,0.0000,0.0000,1497.2800
85,1,2,1,60.9790,164.4430,0.0000,948.8800,192.5600,136.7010,0.0000,0.0000,1503.5630
86,0,2,1,62.4860,164.9790,0.0000,945.5200,238.9720,138.8060,0.0000,0.0000,1550.7630
87,1,2,1,62.3500,168.3510,0.0000,942.3510,194.9540,135.5700,0.0000,0.0000,1503.5760
88,1,2,0,61.6680,169.0090,0.0000,943.9570,194.9470,133.1630,0.0000,0.0000,1502.7440
89,1,2,1,60.9350,167.4330,0.0000,944.6530,194.3140,135.0040,0.0000,0.0000,1502.3390
90,1,2,1,60.4680,166.6340,0.0000,942.6280,194.1110,134.8990,0.0000,0.0000,1498.7400
91,1,2,0,62.4740,163.8650,0.0000,943.4770,192.2330,135.3290,0.0000,0.0000,1497.3780
92,1,2,1,61.6740,166.0560,0.0000,943.2180,194.0800,135.9080,0.0000,0.0000,1500.9360
93,1,2,1,64.9170,170.2090,0.0000,943.4280,198.4740,137.1390,0.0000,0.0000,1514.1670
94,1,2,1,62.6950,169.6250,0.0000,947.0950,195.2620,135.9510,0.0000,0.0000,1510.6280
95,1,2,1,61.9140,167.2240,0.0000,943.4830,194.9040,134.5540,0.0000,0.0000,1502.0790
96,1,2,1,61.3600,165.4770,0.0000,946.8490,195.2060,137.2000,0.0000,0.0000,1506.0920
97,1,2,1,61.0220,166.8000,0.0000,945.0280,193.4950,136.1350,0.0000,0.0000,1502.4800
98,1,2,1,60.8860,168.1790,0.0000,943.3350,193.7850,133.3850,0.0000,0.0000,1499.5700
99,1,2,1,61.2860,166.1050,0.0000,985.6560,203.3170,140.2340,0.0000,0.0000,1556.5980
100,1,2,1,63.2560,166.7820,0.0000,946.0120,194.7200,135.4460,0.0000,0.0000,1506.2160
101,1,2,1,60.6890,166.3510,0.0000,953.5320,194.8740,135.3600,0.0000,0.0000,1510.8060
102,1,2,1,60.7080,165.0830,0.0000,943.4400,194.2280,134.1660,0.0000,0.0000,1497.6250
103,1,2,1,60.7750,165.3040,0.0000,956.1660,194.8500,135.1940,0.0000,0.0000,1512.2890
104,1,2,0,62.0670,164.3330,0.0000,941.0590,192.0800,134.5290,0.0000,0.0000,1494.0680
105,1,2,1,60.7940,164.3330,0.0000,947.8090,200.6280,135.8090,0.0000,0.0000,1509.3730
106,1,2,0,62.2960,167.9320,0.0000,943.8700,194.4740,137.4210,0.0000,0.0000,1505.9930
107,1,2,0,62.3140,167.1070,0.0000,956.4610,196.5410,134.7320,0.0000,0.0000,1517.1550
108,1,2,1,63.8460,167.1080,0.0000,941.1260,193.4770,135.7600,0.0000,0.0000,1501.3170
109,1,2,1,62.5970,166.5040,0.0000,955.2800,194.0800,134.5350,0.0000,0.0000,1512.9960
110,0,2,0,61.0210,166.2150,0.0000,955.7970,193.4640,133.5010,0.0000,0.0000,1509.9980
111,1,2,1,60.2470,166.0130,0.0000,946.8620,201.9260,139.8090,0.0000,0.0000,1514.8570
112,1,2,1,60.3140,166.1600,0.0000,955.9080,193.8590,137.6980,0.0000,0.0000,1513.9390
113,1,2,1,61.5820,167.1750,0.0000,945.4030,195.8960,133.3720,0.0000,0.0000,1503.4280
114,1,2,1,61.1570,167.0960,0.0000,941.4030,192.7200,134.5160,0.0000,0.0000,1496.8920
115,1,2,1,62.3020,165.1450,0.0000,944.7930,194.5660,136.0980,0.0000,0.0000,1502.9040
116,1,2,1,62.6340,166.8990,0.0000,944.3140,193.0160,134.0990,0.0000,0.0000,1500.9620
117,0,2,0,60.2220,165.7170,0.0000,954.6400,254.6460,137.9450,0.0000,0.0000,1573.1700
118,1,2,1,62.4800,171.7600,0.0000,958.0000,196.1970,137.2610,0.0000,0.0000,1525.6980
119,1,2,1,62.3330,166.8360,0.0000,941.7600,195.5560,134.4070,0.0000,0.0000,1500.8920
120,1,2,1,60.9110,165.7540,0.0000,954.7450,196.1040,134.4920,0.0000,0.0000,1512.0060
121,1,2,1,59.8270,164.9290,0.0000,955.7050,192.9780,133.7660,0.0000,0.0000,1507.2050
122,1,2,1,63.5380,164.8620,0.0000,945.7410,195.1880,132.7380,0.0000,0.0000,1502.0670
123,1,2,1,60.7200,165.1070,0.0000,943.5820,194.1970,132.8250,0.0000,0.0000,1496.4310
124,0,2,0,69.1700,170.0680,0.0000,942.6830,199.5330,137.3780,0.0000,0.0000,1518.8320
125,1,2,1,62.0300,168.1720,0.0000,958.4250,195.0400,136.3380,0.0000,0.0000,1520.0050
126,1,2,1,62.4000,165.4470,0.0000,942.8550,193.2070,134.4620,0.0000,0.0000,1498.3710
127,1,2,1,64.2710,166.0680,0.0000,943.4640,195.8210,136.3570,0.0000,0.0000,1505.9810
128,1,2,1,62.2830,164.6890,0.0000,943.0770,194.8800,133.9320,0.0000,0.0000,1498.8610
129,0,2,1,61.2740,166.3020,0.0000,957.1500,194.4000,134.1970,0.0000,0.0000,1513.3230
130,0,2,0,60.9850,165.2430,0.0000,943.7170,200.8920,138.1970,0.0000,0.0000,1509.0340
131,1,2,1,62.6900,168.5970,0.0000,944.3260,196.1780,136.8120,0.0000,0.0000,1508.6030
132,1,2,1,61.8830,166.9050,0.0000,947.3600,195.6370,135.0030,0.0000,0.0000,1506.7880
133,1,2,1,60.8000,165.6500,0.0000,944.0310,195.7170,134.2830,0.0000,0.0000,1500.4810
134,0,2,0,61.7530,164.3440,0.0000,941.4400,194.3020,134.8740,0.0000,0.0000,1496.7130
135,1,2,1,61.5260,165.8830,0.0000,946.1540,195.3660,134.4800,0.0000,0.0000,1503.4090
136,1,2,1,61.8900,165.7660,0.0000,942.1910,201.7910,137.6070,0.0000,0.0000,1509.2450
137,1,2,1,62.3320,170.7200,0.0000,945.1450,194.9660,135.6060,0.0000,0.0000,1508.7690
138,0,2,0,61.8890,165.6310,0.0000,957.6610,193.0150,134.7750,0.0000,0.0000,1512.9710
139,1,2,1,61.8580,165.6730,0.0000,941.9510,195.1500,134.9790,0.0000,0.0000,1499.6110
140,0,2,0,62.0430,166.1600,0.0000,943.4710,193.6680,135.2680,0.0000,0.0000,1500.6100
141,1,2,1,62.2340,165.8710,0.0000,957.9510,196.4060,134.0250,0.0000,0.0000,1516.4870
142,1,2,1,61.0460,165.5870,0.0000,947.4950,203.3420,138.9660,0.0000,0.0000,1516.4360
143,1,2,1,61.2310,166.7510,0.0000,946.5290,194.7390,135.6620,0.0000,0.0000,1504.9120
144,1,2,1,62.8990,166.4370,0.0000,949.1870,195.0520,134.5910,0.0000,0.0000,1508.1660
145,1,2,1,60.9050,166.2030,0.0000,956.4800,193.4700,134.7570,0.0000,0.0000,1511.8150
146,1,2,1,62.0620,165.2920,0.0000,942.7020,193.7720,135.2250,0.0000,0.0000,1499.0530
147,1,2,1,62.3020,165.5760,0.0000,956.9170,194.1230,135.2000,0.0000,0.0000,1514.1180
148,1,2,1,60.3010,167.7720,0.0000,945.6180,234.0800,136.8930,0.0000,0.0000,1544.6640
149,1,2,1,61.3910,169.6310,0.0000,956.4430,196.7320,136.9110,0.0000,0.0000,1521.1080
150,1,2,1,60.0610,167.9870,0.0000,947.0530,195.0400,135.8210,0.0000,0.0000,1505.9620
151,1,2,1,62.3140,167.2740,0.0000,955.9820,196.0610,135.1330,0.0000,0.0000,1516.7640
152,1,2,1,62.1300,163.8210,0.0000,953.6190,193.7660,133.1330,0.0000,0.0000,1506.4690
153,1,2,1,69.3540,178.2830,0.0000,945.0830,199.2860,142.5470,0.0000,0.0000,1534.5530
154,1,2,1,62.7450,166.5600,0.0000,946.1970,197.2060,135.8210,0.0000,0.0000,1508.5290
155,1,2,1,72.3820,175.8710,0.0000,945.7410,199.2550,139.8030,0.0000,0.0000,1533.0520
156,1,2,1,63.2190,169.0150,0.0000,957.6860,195.5200,138.6530,0.0000,0.0000,1524.0930
157,1,2,1,60.8860,166.3020,0.0000,943.6120,195.4890,134.3140,0.0000,0.0000,1500.6030
158,0,2,0,60.5480,167.7040,0.0000,945.3470,194.1970,135.9200,0.0000,0.0000,1503.7160
159,1,2,1,61.8770,166.7320,0.0000,946.9660,194.8000,134.1540,0.0000,0.0000,1504.5290
160,1,2,1,63.9810,167.8090,0.0000,941.3350,192.9540,136.0310,0.0000,0.0000,1502.1100
161,1,2,1,61.4890,205.6250,0.0000,945.7850,200.8930,137.1940,0.0000,0.0000,1550.9860
162,1,2,1,62.2520,166.2650,0.0000,943.5940,197.4460,135.8340,0.0000,0.0000,1505.3910
163,1,2,1,61.4090,166.6030,0.0000,945.7910,195.7290,135.3230,0.0000,0.0000,1504.8550
164,0,2,0,61.8340,165.7230,0.0000,946.3440,193.2920,133.4650,0.0000,0.0000,1500.6580
165,0,2,0,61.5390,165.4280,0.0000,956.0310,195.2130,136.8310,0.0000,0.0000,1515.0420
166,1,2,1,61.5570,165.6980,0.0000,944.0620,192.3940,136.4310,0.0000,0.0000,1500.1420
167,0,2,0,62.7630,167.3910,0.0000,944.4490,201.5140,136.4800,0.0000,0.0000,1512.5970
168,1,2,1,63.2550,167.6980,0.0000,944.3880,194.6650,135.1570,0.0000,0.0000,1505.1630
169,0,2,0,62.1170,167.0520,0.0000,943.4090,195.7230,135.6000,0.0000,0.0000,1503.9010
170,0,2,1,61.3780,165.4150,0.0000,944.1840,195.1820,137.7600,0.0000,0.0000,1503.9190
171,1,2,1,61.3050,162.8870,0.0000,943.7540,194.1050,136.0860,0.0000,0.0000,1498.1370
172,1,2,1,63.6740,167.1080,0.0000,944.8430,193.4830,134.4120,0.0000,0.0000,1503.5200
173,1,2,1,61.6190,165.6670,0.0000,943.9200,202.4800,137.2120,0.0000,0.0000,1510.8980
174,1,2,1,61.8590,168.1600,0.0000,945.6610,197.2430,136.2100,0.0000,0.0000,1509.1330
175,1,2,1,62.0740,167.1510,0.0000,956.6830,194.0920,135.1200,0.0000,0.0000,1515.1200
176,0,2,0,62.5840,165.6310,0.0000,944.3570,195.8650,134.0860,0.0000,0.0000,1502.5230
177,1,2,1,63.1810,167.6190,0.0000,945.4340,194.2710,134.5530,0.0000,0.0000,1505.0580
178,1,2,1,60.4300,165.5750,0.0000,946.9480,192.9290,136.4680,0.0000,0.0000,1502.3500
179,1,2,1,61.8770,165.0530,0.0000,943.8150,237.0280,140.6640,0.0000,0.0000,1548.4370
180,1,2,1,62.6830,165.3900,0.0000,946.5660,197.3730,136.4310,0.0000,0.0000,1508.4430
181,1,2,1,61.5140,166.4070,0.0000,944.3320,192.2280,134.0990,0.0000,0.0000,1498.5800
182,1,2,1,61.2860,166.2890,0.0000,947.5880,193.5500,133.7970,0.0000,0.0000,1502.5100
183,1,2,1,61.8090,167.4890,0.0000,956.7630,194.7940,134.8990,0.0000,0.0000,1515.7540
184,1,2,1,61.6490,167.2370,0.0000,942.6220,194.2960,134.0860,0.0000,0.0000,1499.8900
185,1,2,1,62.0560,165.3410,0.0000,944.7260,196.0060,133.3360,0.0000,0.0000,1501.4650
186,1,2,1,69.5070,172.2590,0.0000,947.5390,197.3540,137.0580,0.0000,0.0000,1523.7170
187,0,2,1,61.9200,167.1130,0.0000,941.5820,195.3360,136.5790,0.0000,0.0000,1502.5300
188,1,2,1,61.1140,167.9570,0.0000,956.3010,193.3230,134.3880,0.0000,0.0000,1513.0830
189,1,2,1,60.3330,167.2430,0.0000,943.6370,195.5200,133.2120,0.0000,0.0000,1499.9450
190,0,2,0,62.3750,164.0740,0.0000,941.1570,194.7260,135.2490,0.0000,0.0000,1497.5810
191,1,2,1,61.6310,167.4100,0.0000,945.0470,195.1510,132.4740,0.0000,0.0000,1501.7130
192,1,2,1,61.4710,165.1380,0.0000,943.4280,204.1910,138.6520,0.0000,0.0000,1512.8800
193,1,2,1,62.8370,171.1200,0.0000,957.8470,195.9750,136.1970,0.0000,0.0000,1523.9760
194,1,2,1,63.3420,166.9230,0.0000,943.1880,195.4090,133.3600,0.0000,0.0000,1502.2220
195,1,2,1,61.7840,165.8090,0.0000,942.4930,195.5200,135.4460,0.0000,0.0000,1501.0520
196,0,2,0,61.7600,165.3780,0.0000,956.8120,194.6460,133.9200,0.0000,0.0000,1512.5160
197,1,2,1,63.6310,165.6730,0.0000,957.8090,195.4220,134.6530,0.0000,0.0000,1517.1880
198,1,2,1,61.9260,164.9230,0.0000,954.0980,204.5290,138.7630,0.0000,0.0000,1524.2390
199,1,2,1,60.5850,169.3540,0.0000,945.2430,197.2490,136.2650,0.0000,0.0000,1508.6960
200,0,2,0,61.4460,170.0070,0.0000,944.8800,195.0460,136.2830,0.0000,0.0000,1507.6620
201,1,2,1,61.6310,165.7350,0.0000,956.6210,193.7050,134.8730,0.0000,0.0000,1512.5650
202,1,2,1,61.7790,166.8740,0.0000,957.5260,194.7510,136.5230,0.0000,0.0000,1517.4530
203,1,2,1,60.9480,165.6180,0.0000,954.6770,195.7290,135.1570,0.0000,0.0000,1512.1290
204,1,2,1,61.8840,164.4130,0.0000,948.0190,200.9110,136.9970,0.0000,0.0000,1512.2240
205,1,2,1,60.7870,167.0650,0.0000,958.3630,195.6920,137.3110,0.0000,0.0000,1519.2180
206,1,2,1,62.5300,166.8800,0.0000,943.2310,194.4500,136.3450,0.0000,0.0000,1503.4360
207,1,2,1,61.3470,167.4770,0.0000,944.4860,192.8500,132.5290,0.0000,0.0000,1498.6890
208,1,2,1,62.7570,168.8730,0.0000,955.8090,195.0890,137.5690,0.0000,0.0000,1520.0970
209,0,2,0,63.0650,167.2800,0.0000,943.7050,193.9940,133.9380,0.0000,0.0000,1501.9820
210,1,2,1,60.8550,164.7820,0.0000,942.1600,234.8430,136.4000,0.0000,0.0000,1539.0400
211,1,2,1,62.3940,171.5750,0.0000,943.5390,195.4210,134.9970,0.0000,0.0000,1507.9260
212,1,2,1,61.9880,165.8030,0.0000,944.7320,195.5020,136.1530,0.0000,0.0000,1504.1780
213,0,2,0,62.1970,166.7930,0.0000,942.1050,192.9720,135.5010,0.0000,0.0000,1499.5680
214,1,2,1,62.5910,165.3350,0.0000,944.9350,193.3480,134.9720,0.0000,0.0000,1501.1810
215,0,2,0,60.7930,167.0580,0.0000,956.7690,192.8240,134.6590,0.0000,0.0000,1512.1030
216,1,2,1,60.9540,166.5600,0.0000,941.8520,194.1790,134.6460,0.0000,0.0000,1498.1910
217,1,2,1,108.3700,174.9470,0.0000,951.1330,196.9790,137.2490,0.0000,0.0000,1568.6780
218,0,2,0,62.1660,169.2190,0.0000,944.3690,196.9420,136.3810,0.0000,0.0000,1509.0770
219,1,2,1,61.5070,168.0500,0.0000,942.0000,196.4500,134.9410,0.0000,0.0000,1502.9480
220,1,2,1,62.1850,168.3750,0.0000,941.8710,194.7260,134.9470,0.0000,0.0000,1502.1040
221,1,2,1,61.8160,166.2100,0.0000,942.7630,195.7600,133.7970,0.0000,0.0000,1500.3460
222,1,2,1,60.5910,165.9450,0.0000,940.7020,193.8710,134.9720,0.0000,0.0000,1496.0810
223,1,2,1,62.3570,167.8400,0.0000,953.0960,216.6150,145.1930,0.0000,0.0000,1545.1010
224,0,2,0,63.5260,176.5600,0.0000,948.4000,199.8530,138.6580,0.0000,0.0000,1526.9970
225,1,2,1,62.2710,168.8740,0.0000,944.4860,195.3110,135.6310,0.0000,0.0000,1506.5730
226,0,2,0,63.1630,168.3500,0.0000,946.5780,196.9410,136.2030,0.0000,0.0000,1511.2350
227,1,2,1,61.7170,166.2160,0.0000,943.0770,194.2650,134.7750,0.0000,0.0000,1500.0500
228,1,2,1,61.4160,165.5260,0.0000,956.3630,195.5330,135.3410,0.0000,0.0000,1514.1790
229,1,2,1,61.7290,170.0310,0.0000,956.3570,204.3140,140.4190,0.0000,0.0000,1532.8500
230,1,2,1,61.2550,169.2060,0.0000,942.2580,195.0710,134.8000,0.0000,0.0000,1502.5900
231,1,2,1,62.0680,169.5510,0.0000,955.5570,196.5730,135.6060,0.0000,0.0000,1519.3550
232,1,2,1,59.6310,164.5360,0.0000,944.7940,194.8190,136.6650,0.0000,0.0000,1500.4450
233,1,2,1,62.1290,167.5140,0.0000,957.7480,194.3080,135.5940,0.0000,0.0000,1517.2930
234,1,2,0,61.9760,164.7380,0.0000,954.5660,192.8490,135.5690,0.0000,0.0000,1509.6980
235,1,2,1,60.9110,166.0250,0.0000,948.3760,202.8920,138.1290,0.0000,0.0000,1516.3330
236,1,2,1,61.8470,167.9570,0.0000,943.4400,195.2120,135.0280,0.0000,0.0000,1503.4840
237,1,2,1,59.5570,166.4430,0.0000,946.1300,197.7790,138.1170,0.0000,0.0000,1508.0260
238,1,2,1,60.8860,165.7410,0.0000,941.4090,196.5110,135.8030,0.0000,0.0000,1500.3500
239,1,2,1,61.1510,164.5420,0.0000,941.3600,196.4130,135.2860,0.0000,0.0000,1498.7520
240,1,2,1,60.0440,165.6860,0.0000,942.6830,195.3600,134.8740,0.0000,0.0000,1498.6470
241,1,2,1,61.6500,167.2800,0.0000,943.0650,237.2560,138.4370,0.0000,0.0000,1547.6880
242,1,2,1,62.9230,170.5410,0.0000,944.7020,196.0670,137.2000,0.0000,0.0000,1511.4330
243,1,2,1,61.2500,166.4980,0.0000,944.0060,194.2520,134.8250,0.0000,0.0000,1500.8310
244,1,2,1,60.3690,165.3230,0.0000,943.3100,192.8860,133.9570,0.0000,0.0000,1495.8450
245,1,2,1,61.2730,165.6490,0.0000,941.0460,194.5790,133.9630,0.0000,0.0000,1496.5100
246,1,2,1,62.3690,166.3630,0.0000,948.1300,194.3700,135.0030,0.0000,0.0000,1506.2350
247,0,2,0,61.4590,165.3910,0.0000,948.3940,193.1320,132.8490,0.0000,0.0000,1501.2250
248,1,2,1,60.3140,210.3750,0.0000,947.2120,195.1700,137.1010,0.0000,0.0000,1550.1720
249,1,2,1,63.6300,167.7660,0.0000,941.8770,193.3300,137.2560,0.0000,0.0000,1503.8590
250,1,2,1,63.2620,167.4270,0.0000,941.9010,197.2490,135.2620,0.0000,0.0000,1505.1010
251,1,2,1,61.6990,167.2730,0.0000,943.3850,193.9020,135.2000,0.0000,0.0000,1501.4590
252,1,2,1,61.7600,167.6620,0.0000,941.9260,195.5940,135.5510,0.0000,0.0000,1502.4930
253,1,2,1,62.2950,166.2400,0.0000,941.6930,196.1360,135.6000,0.0000,0.0000,1501.9640
254,1,2,1,60.7330,165.4280,0.0000,948.6340,200.1350,138.7810,0.0000,0.0000,1513.7110
255,1,2,1,63.0580,168.2150,0.0000,944.5600,195.7410,136.5240,0.0000,0.0000,1508.0980
256,1,2,1,60.9540,166.2770,0.0000,945.0460,193.2060,137.0770,0.0000,0.0000,1502.5600
257,1,2,1,60.7570,167.0710,0.0000,955.1080,194.9170,134.0740,0.0000,0.0000,1511.9270
258,1,2,1,60.3510,165.4770,0.0000,957.6180,194.3270,134.3940,0.0000,0.0000,1512.1670
259,0,2,0,61.8210,165.8590,0.0000,956.0800,193.6680,134.4250,0.0000,0.0000,1511.8530
260,0,2,0,61.9700,164.0740,0.0000,947.3600,201.4890,138.5970,0.0000,0.0000,1513.4900
261,1,2,1,61.3110,168.5420,0.0000,942.3570,194.3080,138.2770,0.0000,0.0000,1504.7950
262,1,2,1,63.6740,165.2300,0.0000,941.5560,192.8490,135.5570,0.0000,0.0000,1498.8660
263,1,2,1,61.3600,164.3940,0.0000,955.9630,196.2280,134.9910,0.0000,0.0000,1512.9360
264,1,2,1,61.8400,165.0210,0.0000,955.9940,193.4890,135.7100,0.0000,0.0000,1512.0540
265,1,2,1,61.4890,164.1170,0.0000,944.4180,194.2710,135.7480,0.0000,0.0000,1500.0430
266,1,2,1,60.7140,165.6990,0.0000,954.0920,203.5880,140.0490,0.0000,0.0000,1524.1420
267,1,2,1,64.2960,171.3050,0.0000,942.0370,194.6210,133.6990,0.0000,0.0000,1505.9580
268,1,2,1,61.3960,166.5960,0.0000,943.6860,193.6370,135.9450,0.0000,0.0000,1501.2600
269,1,2,1,61.3600,165.1820,0.0000,957.2430,194.8860,134.1660,0.0000,0.0000,1512.8370
270,1,2,1,63.0030,164.7380,0.0000,955.9200,197.8520,134.9470,0.0000,0.0000,1516.4600
271,1,2,1,62.2950,165.5020,0.0000,943.9010,195.9380,133.3050,0.0000,0.0000,1500.9410
272,1,2,1,60.6400,166.3700,0.0000,955.9820,194.9410,165.0950,0.0000,0.0000,1543.0280
273,1,2,1,67.8580,192.2280,0.0000,952.0250,205.2000,143.8830,0.0000,0.0000,1561.1940
274,1,2,1,65.2670,172.2220,0.0000,942.8490,196.5230,139.8400,0.0000,0.0000,1516.7010
275,0,2,0,62.5160,168.3320,0.0000,945.3600,194.8800,137.6000,0.0000,0.0000,1508.6880
276,1,2,1,62.3880,165.8830,0.0000,941.9450,195.2060,137.3480,0.0000,0.0000,1502.7700
277,1,2,1,61.6550,166.7510,0.0000,942.1360,193.3730,134.1360,0.0000,0.0000,1498.0510
278,0,2,0,60.6580,166.4490,0.0000,956.5050,195.3600,133.9750,0.0000,0.0000,1512.9470
279,1,2,1,125.2130,177.0460,0.0000,949.6370,200.2030,138.7140,0.0000,0.0000,1590.8130
280,1,2,0,62.2280,170.3320,0.0000,946.3940,197.8280,134.6340,0.0000,0.0000,1511.4160
281,1,2,1,62.5360,170.6580,0.0000,944.4560,194.2330,135.7480,0.0000,0.0000,1507.6310
282,1,2,1,61.9260,167.7660,0.0000,942.5410,195.0590,135.5260,0.0000,0.0000,1502.8180
283,1,2,1,62.3140,165.7910,0.0000,946.0550,195.1760,134.4300,0.0000,0.0000,1503.7660
284,1,2,1,61.2990,168.4870,0.0000,955.7780,195.3900,132.1480,0.0000,0.0000,1513.1020
285,1,2,1,62.0560,166.7320,0.0000,984.2280,204.3880,136.8120,0.0000,0.0000,1554.2160
286,1,2,1,61.2620,170.2400,0.0000,944.5480,196.2220,133.9440,0.0000,0.0000,1506.2160
287,1,2,1,61.4400,167.9130,0.0000,946.1410,192.8180,136.0370,0.0000,0.0000,1504.3490
288,0,2,0,61.2680,166.8680,0.0000,942.0860,195.4890,134.5780,0.0000,0.0000,1500.2890
289,1,2,1,61.8950,166.4860,0.0000,945.6860,193.8840,131.4400,0.0000,0.0000,1499.3910
290,1,2,1,62.0190,165.9390,0.0000,956.7020,193.4220,135.4770,0.0000,0.0000,1513.5590
291,1,2,1,61.4460,166.5110,0.0000,949.4470,201.8830,136.9290,0.0000,0.0000,1516.2160
292,1,2,1,64.2220,167.7970,0.0000,944.5970,197.0340,135.3670,0.0000,0.0000,1509.0170
293,1,2,1,62.0430,166.2030,0.0000,944.8860,193.2490,134.8120,0.0000,0.0000,1501.1930
294,1,2,1,61.3110,167.0400,0.0000,945.8030,193.5450,134.2280,0.0000,0.0000,1501.9270
295,1,2,1,61.3350,166.1600,0.0000,942.5540,193.7410,135.2490,0.0000,0.0000,1499.0390
296,1,2,1,61.2680,163.7170,0.0000,943.1330,191.9880,135.5880,0.0000,0.0000,1495.6940
297,1,2,1,61.7900,164.7200,0.0000,949.5940,200.8120,136.3200,0.0000,0.0000,1513.2360
298,1,2,1,60.9850,169.9260,0.0000,952.7260,195.3420,138.8070,0.0000,0.0000,1517.7860
299,0,2,0,62.1840,166.8500,0.0000,957.3600,194.7700,134.6090,0.0000,0.0000,1515.7730
300,1,2,1,63.7850,167.7790,0.0000,942.1720,196.8120,136.9850,0.0000,0.0000,1507.5330
301,1,2,1,62.2520,167.0210,0.0000,942.9480,194.8730,134.0930,0.0000,0.0000,1501.1870
302,1,2,1,61.2370,169.4030,0.0000,955.7780,194.0370,133.5200,0.0000,0.0000,1513.9750
303,1,2,1,60.8060,166.3870,0.0000,944.0120,249.0340,138.9970,0.0000,0.0000,1559.2360
304,1,2,1,62.4430,169.3350,0.0000,944.1900,197.0710,135.2000,0.0000,0.0000,1508.2390
305,1,2,1,62.6520,169.7170,0.0000,943.1020,194.0370,134.0310,0.0000,0.0000,1503.5390
306,1,2,1,60.6090,166.0930,0.0000,956.2890,194.6340,133.3660,0.0000,0.0000,1510.9910
307,1,2,1,63.5200,165.5020,0.0000,944.7630,196.5480,132.8500,0.0000,0.0000,1503.1830
308,1,2,1,62.5970,164.4430,0.0000,943.4210,195.7040,135.7530,0.0000,0.0000,1501.9180
309,1,2,1,61.6060,165.5260,0.0000,943.5140,192.7270,134.7320,0.0000,0.0000,1498.1050
310,1,2,0,69.8770,172.0800,0.0000,943.6800,196.2590,137.8340,0.0000,0.0000,1519.7300
311,1,2,1,61.5760,166.8130,0.0000,946.0180,195.9200,135.3900,0.0000,0.0000,1505.7170
312,1,2,1,60.3940,166.6210,0.0000,957.0650,196.2150,133.0830,0.0000,0.0000,1513.3780
313,1,2,1,63.7040,166.7140,0.0000,953.0830,194.7260,135.4150,0.0000,0.0000,1513.6420
314,1,2,1,62.4490,164.8430,0.0000,945.5820,194.2900,132.4310,0.0000,0.0000,1499.5950
315,1,2,1,62.3320,167.5870,0.0000,957.3170,194.4490,135.2250,0.0000,0.0000,1516.9100
316,1,2,1,60.8310,167.2730,0.0000,949.1380,199.6920,137.2000,0.0000,0.0000,1514.1340
317,1,2,0,62.9850,168.4500,0.0000,943.2060,196.3140,133.3790,0.0000,0.0000,1504.3340
318,1,2,1,62.9040,168.5230,0.0000,946.4430,198.5100,136.3940,0.0000,0.0000,1512.7740
319,0,2,0,60.6520,168.9900,0.0000,947.4210,195.1080,136.8250,0.0000,0.0000,1508.9960
320,1,2,1,60.2100,165.8270,0.0000,953.6980,195.3170,134.2580,0.0000,0.0000,1509.3100
321,1,2,1,61.4830,166.9660,0.0000,957.3720,194.2710,132.9780,0.0000,0.0000,1513.0700
322,1,2,1,60.6710,166.1050,0.0000,948.3330,217.2620,145.1390,0.0000,0.0000,1537.5100
323,1,2,1,63.6860,174.9050,0.0000,944.5350,198.3570,136.4800,0.0000,0.0000,1517.9630
324,1,2,1,63.3720,169.1870,0.0000,957.3790,195.2310,135.3670,0.0000,0.0000,1520.5360
325,1,2,1,62.1170,165.7040,0.0000,944.2280,195.9130,135.0160,0.0000,0.0000,1502.9780
326,1,2,1,62.8430,169.0460,0.0000,955.5330,196.2460,134.1230,0.0000,0.0000,1517.7910
327,1,2,1,62.1600,166.4300,0.0000,941.7230,194.0860,134.5100,0.0000,0.0000,1498.9090
328,1,2,1,60.5900,167.3420,0.0000,949.7540,201.5940,137.0090,0.0000,0.0000,1516.2890
329,1,2,1,63.9270,166.8250,0.0000,944.7450,195.2920,134.3760,0.0000,0.0000,1505.1650
330,1,2,1,60.1350,165.3540,0.0000,944.0980,194.9290,134.5050,0.0000,0.0000,1499.0210
331,1,2,1,61.9880,166.3260,0.0000,943.2310,195.7660,134.3820,0.0000,0.0000,1501.6930
332,1,2,1,61.5630,166.5350,0.0000,956.0500,194.9040,133.6310,0.0000,0.0000,1512.6830
333,0,2,0,61.9010,166.0620,0.0000,942.4740,193.1500,134.1470,0.0000,0.0000,1497.7340
334,1,2,1,60.1600,165.8950,0.0000,1016.8240,203.2240,138.8800,0.0000,0.0000,1584.9830
335,1,2,1,62.4500,168.5720,0.0000,957.3170,195.8770,137.6370,0.0000,0.0000,1521.8530
336,1,2,1,60.8620,166.5780,0.0000,958.0550,193.6800,136.4740,0.0000,0.0000,1515.6490
337,0,2,1,62.2100,165.0220,0.0000,945.0900,195.0640,134.1350,0.0000,0.0000,1501.5210
338,1,2,1,61.3540,167.2920,0.0000,946.1850,192.2520,132.6280,0.0000,0.0000,1499.7110
339,1,2,1,61.7540,164.4740,0.0000,941.7170,195.4710,134.0860,0.0000,0.0000,1497.5020
340,1,2,1,60.9540,165.7230,0.0000,942.6710,196.3200,213.7840,0.0000,0.0000,1579.4520
341,1,2,1,62.5840,177.3850,0.0000,945.0650,202.1540,138.7010,0.0000,0.0000,1525.8890
342,1,2,1,63.4460,167.0700,0.0000,955.6070,198.0240,135.4650,0.0000,0.0000,1519.6120
343,1,2,1,60.6520,168.1170,0.0000,944.3880,194.8000,134.3880,0.0000,0.0000,1502.3450
344,1,2,1,61.1010,166.0670,0.0000,942.9110,194.1290,134.5410,0.0000,0.0000,1498.7490
345,1,2,1,62.6700,165.6250,0.0000,956.2580,196.7450,135.2430,0.0000,0.0000,1516.5410
346,1,2,1,62.9420,168.5840,0.0000,956.5110,193.0090,135.4530,0.0000,0.0000,1516.4990
347,1,2,1,62.3270,210.4800,0.0000,951.1450,197.4340,136.7320,0.0000,0.0000,1558.1180
348,1,2,1,60.3630,166.5480,0.0000,957.3290,195.1380,133.8210,0.0000,0.0000,1513.1990
349,1,2,1,60.7390,165.8710,0.0000,954.6650,194.5360,134.7690,0.0000,0.0000,1510.5800
350,1,2,1,63.8280,165.7910,0.0000,942.4740,192.0740,133.6000,0.0000,0.0000,1497.7670
351,1,2,0,59.7730,163.8520,0.0000,941.9200,196.9170,135.6620,0.0000,0.0000,1498.1240
352,1,2,1,60.6650,166.1720,0.0000,943.6730,195.5940,133.6180,0.0000,0.0000,1499.7220
353,1,2,1,60.6520,167.3660,0.0000,947.7850,201.1810,138.2580,0.0000,0.0000,1515.2420
354,1,2,1,62.0740,167.3480,0.0000,947.1440,192.6270,136.8430,0.0000,0.0000,1506.0360
355,0,2,0,62.3020,166.5600,0.0000,956.4800,194.5970,133.7230,0.0000,0.0000,1513.6620
356,1,2,1,61.5940,165.6920,0.0000,944.0310,196.0740,136.2640,0.0000,0.0000,1503.6550
357,1,2,1,64.0000,165.9760,0.0000,955.1630,195.8210,133.7300,0.0000,0.0000,1514.6900
358,1,2,1,62.3880,165.4950,0.0000,943.2240,194.8610,135.9270,0.0000,0.0000,1501.8950
359,1,2,1,62.6280,168.0310,0.0000,949.3730,197.6800,136.7010,0.0000,0.0000,1514.4130
360,1,2,1,62.7500,168.7260,0.0000,945.5200,197.7230,135.7600,0.0000,0.0000,1510.4790
361,1,2,1,62.0610,166.6460,0.0000,955.1440,195.8950,133.7720,0.0000,0.0000,1513.5180
362,1,2,1,59.9940,167.2490,0.0000,955.5450,195.9760,135.8520,0.0000,0.0000,1514.6160
363,1,2,1,61.1570,164.0060,0.0000,955.1450,194.6030,133.8280,0.0000,0.0000,1508.7390
364,0,2,0,61.2310,164.2030,0.0000,943.9140,194.6220,134.8310,0.0000,0.0000,1498.8010
365,1,2,1,62.0240,166.9230,0.0000,948.1900,202.6950,137.5070,0.0000,0.0000,1517.3390
366,1,2,1,63.3660,168.2090,0.0000,943.1940,195.0340,135.4950,0.0000,0.0000,1505.2980
367,1,2,1,62.4120,167.2180,0.0000,943.7540,195.0830,133.9200,0.0000,0.0000,1502.3870
368,1,2,1,61.9940,167.5870,0.0000,943.4580,195.3840,134.2220,0.0000,0.0000,1502.6450
369,1,2,1,61.4710,166.0250,0.0000,944.2590,196.3570,135.5330,0.0000,0.0000,1503.6450
370,1,2,1,60.4860,165.2610,0.0000,944.2950,193.9690,135.1020,0.0000,0.0000,1499.1130
371,1,2,1,61.6120,166.7010,0.0000,945.6300,195.5940,145.9260,0.0000,0.0000,1515.4630
372,1,2,1,63.2130,170.7810,0.0000,946.4120,198.8740,137.3970,0.0000,0.0000,1516.6770
373,1,2,1,62.0190,167.2860,0.0000,945.5140,197.5140,137.1320,0.0000,0.0000,1509.4650
374,1,2,1,61.3350,163.7360,0.0000,955.1440,194.5910,138.1050,0.0000,0.0000,1512.9110
375,1,2,1,61.2430,163.6740,0.0000,954.7010,194.4360,135.6300,0.0000,0.0000,1509.6840
376,1,2,1,62.8310,165.8520,0.0000,956.7260,193.6490,135.6300,0.0000,0.0000,1514.6880
377,1,2,1,60.1050,166.9720,0.0000,942.7820,195.6670,136.1230,0.0000,0.0000,1501.6490
378,1,2,1,62.0430,225.4590,0.0000,943.1450,198.2830,137.6120,0.0000,0.0000,1566.5420
379,1,2,1,61.5140,167.7660,0.0000,944.3140,195.5760,136.5720,0.0000,0.0000,1505.7420
380,1,2,1,60.7810,166.1600,0.0000,942.8800,194.6590,133.8770,0.0000,0.0000,1498.3570
381,0,2,0,61.6190,167.1570,0.0000,944.4610,194.4920,135.4160,0.0000,0.0000,1503.1450
382,1,2,1,60.1850,165.7050,0.0000,942.7450,195.2620,135.4830,0.0000,0.0000,1499.3800
383,1,2,1,62.2400,167.3910,0.0000,947.1380,194.0370,132.5660,0.0000,0.0000,1503.3720
384,1,2,1,60.6950,164.0800,0.0000,943.6920,201.8770,136.9970,0.0000,0.0000,1507.3410
385,0,2,0,62.4370,169.7600,0.0000,942.1480,195.5200,135.7420,0.0000,0.0000,1505.6070
386,1,2,1,62.7260,167.4890,0.0000,945.1760,191.9510,136.1720,0.0000,0.0000,1503.5140
387,1,2,1,60.7080,165.4210,0.0000,943.7540,195.8160,135.0030,0.0000,0.0000,1500.7020
388,1,2,1,60.1170,166.6460,0.0000,945.4890,195.1510,133.8960,0.0000,0.0000,1501.2990
389,1,2,1,61.2860,165.6860,0.0000,946.0670,194.8800,135.4770,0.0000,0.0000,1503.3960
390,1,2,1,62.7760,165.8830,0.0000,946.3080,199.9750,138.9720,0.0000,0.0000,1513.9140
391,1,2,1,63.7100,168.1290,0.0000,944.0180,196.4000,134.9540,0.0000,0.0000,1507.2110
392,1,2,0,61.1390,166.2400,0.0000,944.7500,196.5790,134.5660,0.0000,0.0000,1503.2740
393,1,2,1,61.1930,166.1900,0.0000,945.5390,195.6430,135.4210,0.0000,0.0000,1503.9860
394,1,2,1,61.7410,163.4590,0.0000,957.8640,194.6700,133.5640,0.0000,0.0000,1511.2980
395,1,2,1,61.4220,167.8400,0.0000,956.4190,196.5040,135.7600,0.0000,0.0000,1517.9450
396,1,2,1,59.9260,167.5570,0.0000,944.0610,202.9110,135.9930,0.0000,0.0000,1510.4480
397,1,2,1,62.5410,167.4400,0.0000,957.4710,196.5970,134.7080,0.0000,0.0000,1518.7570
398,1,2,1,62.3570,167.9820,0.0000,956.2210,196.5230,136.2640,0.0000,0.0000,1519.3470
399,1,2,1,62.4860,166.6400,0.0000,958.3750,195.3910,135.1630,0.0000,0.0000,1518.0550
400,1,2,1,62.3940,165.2430,0.0000,944.5720,194.4370,135.0900,0.0000,0.0000,1501.7360
401,1,2,1,62.2460,166.6220,0.0000,957.8700,194.7810,136.3880,0.0000,0.0000,1517.9070
402,1,2,1,59.9810,165.2370,0.0000,941.1820,245.2250,142.2590,0.0000,0.0000,1553.8840
403,1,2,1,63.3670,171.3050,0.0000,943.7540,197.9140,137.3850,0.0000,0.0000,1513.7250
404,1,2,1,62.2650,167.7300,0.0000,957.9080,197.9500,133.5140,0.0000,0.0000,1519.3670
405,1,2,0,61.5630,167.5010,0.0000,942.4620,195.3170,135.5690,0.0000,0.0000,1502.4120
406,1,2,1,62.7510,166.0120,0.0000,946.5600,193.8710,135.2620,0.0000,0.0000,1504.4560
407,1,2,1,61.6920,166.6530,0.0000,941.2920,194.0180,135.1140,0.0000,0.0000,1498.7690
408,1,2,1,63.5380,166.5230,0.0000,943.6130,192.1910,135.9940,0.0000,0.0000,1501.8590
409,1,2,1,62.6830,208.4490,0.0000,945.4280,198.1540,136.8860,0.0000,0.0000,1551.6000
410,1,2,1,62.9540,168.6340,0.0000,947.6000,199.3900,136.0800,0.0000,0.0000,1514.6580
411,1,2,1,62.6340,167.5260,0.0000,946.3690,195.3540,135.2190,0.0000,0.0000,1507.1020
412,1,2,1,60.9540,167.8890,0.0000,945.2490,192.8990,137.3600,0.0000,0.0000,1504.3510
413,0,2,0,60.4800,166.7750,0.0000,942.6520,193.6180,134.2530,0.0000,0.0000,1497.7780
414,1,2,1,62.0000,167.6430,0.0000,943.4700,193.9510,134.8130,0.0000,0.0000,1501.8770
415,1,2,1,61.3420,166.7140,0.0000,947.0340,202.8680,139.3600,0.0000,0.0000,1517.3180
416,1,2,1,63.2310,170.4060,0.0000,944.7080,194.4990,136.7810,0.0000,0.0000,1509.6250
417,1,2,1,61.5200,165.2980,0.0000,944.9530,194.4920,134.6280,0.0000,0.0000,1500.8910
418,0,2,0,61.1760,168.6270,0.0000,942.6950,194.8800,134.3630,0.0000,0.0000,1501.7410
419,1,2,1,60.6830,166.6340,0.0000,942.4060,196.0310,133.3170,0.0000,0.0000,1499.0710
420,0,2,0,60.6890,164.9660,0.0000,943.7040,194.1410,135.8590,0.0000,0.0000,1499.3590
421,1,2,0,60.4620,164.1600,0.0000,949.7350,203.5570,136.2460,0.0000,0.0000,1514.1600
422,1,2,1,62.3690,168.1480,0.0000,955.8400,195.9200,135.1260,0.0000,0.0000,1517.4030
423,1,2,1,60.4310,166.1170,0.0000,944.1790,196.1110,137.5140,0.0000,0.0000,1504.3520
424,0,2,0,62.6710,166.5420,0.0000,954.8490,195.9020,132.4990,0.0000,0.0000,1512.4630
425,1,2,1,61.7530,166.1410,0.0000,941.6190,192.7940,135.6620,0.0000,0.0000,1497.9690
426,1,2,1,62.0560,165.8400,0.0000,943.6980,193.6060,134.9780,0.0000,0.0000,1500.1780
427,1,2,1,59.9700,165.6560,0.0000,949.3480,201.9010,136.6030,0.0000,0.0000,1513.4780
428,1,2,1,60.7200,168.9720,0.0000,948.8190,195.6000,132.4550,0.0000,0.0000,1506.5660
429,1,2,0,61.8590,168.4500,0.0000,957.7050,194.7630,135.3540,0.0000,0.0000,1518.1310
430,1,2,1,61.5750,165.3910,0.0000,957.8160,194.5300,137.1870,0.0000,0.0000,1516.4990
431,1,2,1,61.6250,166.5350,0.0000,941.0580,197.1940,133.5380,0.0000,0.0000,1499.9500
432,1,2,1,62.5170,167.0030,0.0000,941.0830,194.3080,134.6520,0.0000,0.0000,1499.5630
433,1,2,1,62.4980,165.4520,0.0000,942.5110,194.9780,177.1140,0.0000,0.0000,1542.5530
434,1,2,1,62.5050,168.3560,0.0000,944.1720,195.3230,134.7380,0.0000,0.0000,1505.0940
435,1,2,1,61.4530,164.8860,0.0000,946.5410,194.8500,136.1050,0.0000,0.0000,1503.8350
436,0,2,0,60.1470,165.5570,0.0000,941.2370,193.8650,133.5330,0.0000,0.0000,1494.3390
437,1,2,1,62.7940,167.9020,0.0000,946.5230,193.8400,135.9630,0.0000,0.0000,1507.0220
438,0,2,0,60.9600,164.3510,0.0000,944.1850,193.8030,132.8310,0.0000,0.0000,1496.1300
439,1,2,1,62.9720,168.3270,0.0000,946.5720,193.6370,135.0280,0.0000,0.0000,1506.5360
440,1,2,1,60.4180,204.6960,0.0000,948.0120,197.9070,135.9940,0.0000,0.0000,1547.0270
441,1,2,0,63.3970,168.4430,0.0000,957.5080,195.3170,137.2370,0.0000,0.0000,1521.9020
442,1,2,1,63.1390,166.0060,0.0000,943.1080,194.5110,136.8000,0.0000,0.0000,1503.5640
443,1,2,1,63.0030,164.1730,0.0000,942.5360,194.0500,136.3570,0.0000,0.0000,1500.1190
444,1,2,1,61.1200,167.6800,0.0000,942.7070,197.0220,137.3530,0.0000,0.0000,1505.8820
445,1,2,1,61.3290,167.8100,0.0000,956.8120,196.0800,134.2160,0.0000,0.0000,1516.2470
446,0,2,0,62.2270,167.3970,0.0000,945.8090,203.0650,135.8400,0.0000,0.0000,1514.3380
447,1,2,1,62.5720,167.9570,0.0000,957.2190,193.2370,135.9690,0.0000,0.0000,1516.9540
448,1,2,1,61.1510,166.4180,0.0000,941.3300,192.8980,135.0280,0.0000,0.0000,1496.8250
449,0,2,0,61.6550,166.8060,0.0000,954.7320,193.5260,134.4800,0.0000,0.0000,1511.1990
450,1,2,1,60.8000,165.7790,0.0000,942.4250,193.6740,133.5270,0.0000,0.0000,1496.2050
451,1,2,1,60.7690,165.1320,0.0000,956.4120,193.7110,133.5200,0.0000,0.0000,1509.5440
452,1,2,1,60.6210,164.5050,0.0000,944.5900,206.5790,136.9970,0.0000,0.0000,1513.2920
453,1,2,1,62.4120,168.7020,0.0000,947.2680,196.8980,136.2710,0.0000,0.0000,1511.5510
454,0,2,0,62.2460,164.6400,0.0000,943.6860,196.5410,134.8980,0.0000,0.0000,1502.0110
455,1,2,1,60.9230,166.0130,0.0000,945.6740,192.7330,136.0000,0.0000,0.0000,1501.3430
456,1,2,1,60.3320,169.5020,0.0000,944.9480,195.2930,132.7940,0.0000,0.0000,1502.8690
457,1,2,1,61.2490,168.8300,0.0000,945.3480,195.5140,135.7050,0.0000,0.0000,1506.6460
458,1,2,1,60.7380,164.3870,0.0000,990.5110,203.2680,137.5760,0.0000,0.0000,1556.4800
459,0,2,1,62.2400,166.6520,0.0000,944.4190,196.4550,135.4580,0.0000,0.0000,1505.2240
460,1,2,1,61.8460,168.7630,0.0000,943.0710,193.9940,136.2520,0.0000,0.0000,1503.9260
461,1,2,1,62.1050,166.2520,0.0000,945.3970,196.5790,135.7970,0.0000,0.0000,1506.1300
462,0,2,0,63.4100,166.7820,0.0000,956.1230,193.4220,135.0650,0.0000,0.0000,1514.8020
463,1,2,1,62.1290,166.5840,0.0000,955.2000,195.0030,134.7500,0.0000,0.0000,1513.6660
464,1,2,1,61.5380,167.6620,0.0000,955.6000,194.2400,187.5630,0.0000,0.0000,1566.6030
465,1,2,1,62.1470,170.2280,0.0000,951.9020,198.9660,135.4710,0.0000,0.0000,1518.7140
466,1,2,1,61.1260,166.1730,0.0000,949.2240,195.8900,136.3870,0.0000,0.0000,1508.8000
467,1,2,1,61.0040,166.4560,0.0000,943.4400,194.9110,133.9020,0.0000,0.0000,1499.7130
468,1,2,1,62.5420,164.8500,0.0000,945.8030,192.8610,136.3080,0.0000,0.0000,1502.3640
469,1,2,1,61.9750,164.3570,0.0000,943.0890,193.9700,136.5110,0.0000,0.0000,1499.9020
470,1,2,1,63.5260,166.7750,0.0000,940.8180,193.6060,134.0740,0.0000,0.0000,1498.7990
471,1,2,1,61.9750,399.4950,0.0000,947.7290,214.8680,149.8090,0.0000,0.0000,1773.8760
472,1,2,1,64.9360,172.3630,0.0000,944.2830,198.3760,137.8030,0.0000,0.0000,1517.7610
473,1,2,1,63.7410,166.9360,0.0000,948.5660,197.1870,134.3140,0.0000,0.0000,1510.7440
474,0,2,1,62.0310,166.2830,0.0000,943.3840,195.6000,134.2710,0.0000,0.0000,1501.5690
475,1,2,1,61.6310,167.2180,0.0000,942.9290,195.7730,136.1600,0.0000,0.0000,1503.7110
476,0,2,1,60.7570,166.3570,0.0000,943.4030,194.1910,134.3020,0.0000,0.0000,1499.0100
477,1,2,1,61.6800,203.8830,0.0000,949.2740,201.9140,137.9940,0.0000,0.0000,1554.7450
478,0,2,0,63.8590,168.6400,0.0000,945.5570,195.4650,136.7020,0.0000,0.0000,1510.2230
479,1,2,1,61.2120,166.0870,0.0000,944.9790,196.9230,137.1450,0.0000,0.0000,1506.3460
480,1,2,1,61.5260,165.8270,0.0000,943.6920,194.6210,132.9230,0.0000,0.0000,1498.5890
481,1,2,1,62.8120,166.0740,0.0000,944.5110,194.5970,135.6740,0.0000,0.0000,1503.6680
482,1,2,1,62.6830,166.7570,0.0000,956.9970,195.0590,135.0340,0.0000,0.0000,1516.5300
483,1,2,1,62.1780,166.8000,0.0000,945.8340,202.6340,136.5110,0.0000,0.0000,1513.9570
484,1,2,1,62.1290,168.1290,0.0000,942.3380,195.5390,135.9260,0.0000,0.0000,1504.0610
485,1,2,0,61.0760,168.2830,0.0000,943.6500,194.2710,135.3110,0.0000,0.0000,1502.5910
486,1,2,1,60.8620,167.7720,0.0000,958.0740,195.4150,136.2950,0.0000,0.0000,1518.4180
487,1,2,1,61.2130,166.0060,0.0000,946.9660,195.9380,134.5850,0.0000,0.0000,1504.7080
488,1,2,0,61.4400,167.3480,0.0000,943.8650,196.1050,133.3840,0.0000,0.0000,1502.1420
489,1,2,1,60.6400,166.8740,0.0000,948.1350,205.0340,136.0430,0.0000,0.0000,1516.7260
490,1,2,1,61.0830,166.7080,0.0000,952.9480,196.5910,135.3850,0.0000,0.0000,1512.7150
491,1,2,1,63.3230,166.3510,0.0000,957.7170,197.7720,135.8770,0.0000,0.0000,1521.0400
492,0,2,0,62.1480,167.4090,0.0000,942.5970,197.0340,134.5910,0.0000,0.0000,1503.7790
493,1,2,1,62.2900,165.4530,0.0000,945.7170,195.7540,132.9850,0.0000,0.0000,1502.1990
494,0,2,0,61.2800,166.2710,0.0000,943.5140,194.4500,134.4550,0.0000,0.0000,1499.9700
495,1,2,1,62.5050,166.7070,0.0000,944.2090,205.3170,137.2120,0.0000,0.0000,1515.9500
496,1,2,1,64.6960,166.6830,0.0000,946.1170,194.3020,137.2920,0.0000,0.0000,1509.0900
497,1,2,1,60.5660,165.8950,0.0000,957.2870,194.4120,134.6530,0.0000,0.0000,1512.8130
498,1,2,1,62.3630,167.2620,0.0000,943.8460,197.0650,132.9290,0.0000,0.0000,1503.4650
499,1,2,1,61.8830,166.1600,0.0000,942.9170,193.0520,134.7020,0.0000,0.0000,1498.7140
500,1,2,1,59.9760,164.2520,0.0000,954.9230,194.8490,133.0830,0.0000,0.0000,1507.0830
501,1,2,1,60.9720,164.8550,0.0000,954.4310,193.0030,174.4800,0.0000,0.0000,1547.7410
502,1,2,1,63.2670,169.2300,0.0000,943.4890,198.1660,137.0150,0.0000,0.0000,1511.1670
503,1,2,1,61.3790,170.2150,0.0000,944.1420,196.1050,134.0860,0.0000,0.0000,1505.9270
504,1,2,1,63.4890,167.1870,0.0000,941.6130,195.6680,134.6090,0.0000,0.0000,1502.5660
505,1,2,1,62.0490,166.6590,0.0000,955.4400,193.8520,133.3360,0.0000,0.0000,1511.3360
506,1,2,1,61.2550,166.1720,0.0000,941.8210,193.7040,134.2890,0.0000,0.0000,1497.2410
507,0,2,0,62.7700,168.1600,0.0000,957.8150,193.5750,133.4280,0.0000,0.0000,1515.7480
508,1,2,1,61.6860,201.9450,0.0000,944.9040,198.9790,137.3540,0.0000,0.0000,1544.8680
509,1,2,1,61.8960,169.8400,0.0000,942.3570,196.1110,136.1540,0.0000,0.0000,1506.3580
510,1,2,1,61.7230,167.0960,0.0000,944.5170,195.4530,135.2800,0.0000,0.0000,1504.0690
511,1,2,1,61.2670,166.6580,0.0000,955.5510,193.4950,136.4610,0.0000,0.0000,1513.4320
512,1,2,0,62.7260,166.6950,0.0000,956.1660,193.8520,133.6060,0.0000,0.0000,1513.0450
513,1,2,1,62.1790,167.4950,0.0000,957.0270,193.7170,134.0310,0.0000,0.0000,1514.4490
514,1,2,1,61.3970,166.2090,0.0000,949.3600,202.5660,138.6330,0.0000,0.0000,1518.1650
515,1,2,1,61.1200,169.1940,0.0000,943.3540,196.3570,136.4500,0.0000,0.0000,1506.4750
516,1,2,1,62.8180,166.4620,0.0000,943.0650,195.8830,134.2710,0.0000,0.0000,1502.4990
517,0,2,0,60.3080,165.7230,0.0000,956.5540,196.7020,134.0860,0.0000,0.0000,1513.3730
518,1,2,1,62.1230,166.8250,0.0000,943.2300,197.7480,135.8580,0.0000,0.0000,1505.7840
519,1,2,1,63.1080,167.7540,0.0000,956.7940,194.5720,136.7690,0.0000,0.0000,1518.9970
520,1,2,1,61.9570,166.0670,0.0000,947.3170,201.2740,139.2370,0.0000,0.0000,1515.8520
521,1,2,1,62.3010,167.9080,0.0000,943.1690,193.7600,135.4400,0.0000,0.0000,1502.5780
522,1,2,1,60.7440,164.7940,0.0000,942.3270,194.1910,136.9970,0.0000,0.0000,1499.0530
523,1,2,1,61.4470,165.3360,0.0000,942.4800,195.5630,135.2000,0.0000,0.0000,1500.0260
524,1,2,1,62.5840,166.4990,0.0000,954.4430,195.9020,136.4300,0.0000,0.0000,1515.8580
525,1,2,1,61.8520,164.8500,0.0000,944.1290,194.7080,134.0000,0.0000,0.0000,1499.5390
526,1,2,1,62.9720,165.2860,0.0000,1010.1350,208.5170,141.2000,0.0000,0.0000,1588.1100
527,1,2,1,62.3130,169.0950,0.0000,947.6550,196.5660,136.3200,0.0000,0.0000,1511.9490
528,1,2,1,60.4370,166.6590,0.0000,944.1050,196.0550,135.3600,0.0000,0.0000,1502.6160
529,1,2,1,61.4520,167.6430,0.0000,947.1570,193.3480,137.0160,0.0000,0.0000,1506.6160
530,1,2,1,61.1320,166.7380,0.0000,956.7380,195.0030,134.5540,0.0000,0.0000,1514.1650
531,1,2,1,59.9880,165.6490,0.0000,956.5360,193.4520,135.0830,0.0000,0.0000,1510.7080
532,1,2,1,61.4030,162.9290,0.0000,957.4640,192.7020,142.7820,0.0000,0.0000,1517.2800
533,1,2,1,62.6460,170.3380,0.0000,944.7510,194.2890,138.4620,0.0000,0.0000,1510.4860
534,0,2,0,65.0960,169.6000,0.0000,943.0150,195.5940,137.4220,0.0000,0.0000,1510.7270
535,1,2,1,62.8250,165.6740,0.0000,943.5630,196.4550,135.0460,0.0000,0.0000,1503.5630
536,0,2,0,59.4710,165.0150,0.0000,943.1690,193.0950,134.9790,0.0000,0.0000,1495.7290
537,1,2,1,61.6490,165.6060,0.0000,942.5480,192.5850,132.3750,0.0000,0.0000,1494.7630
538,1,2,1,61.9140,167.2990,0.0000,956.1840,193.1380,136.9040,0.0000,0.0000,1515.4390
539,1,2,1,61.4280,212.6030,0.0000,943.4530,199.1390,137.2430,0.0000,0.0000,1553.8660
540,1,2,1,60.9350,167.8890,0.0000,946.1360,197.5010,136.9480,0.0000,0.0000,1509.4090
541,1,2,1,62.2210,166.7500,0.0000,942.8000,193.3290,135.7230,0.0000,0.0000,1500.8230
542,0,2,0,62.4860,165.6740,0.0000,946.3010,193.3540,136.0860,0.0000,0.0000,1503.9010
543,1,2,1,61.0760,166.3200,0.0000,942.9790,193.9700,132.4860,0.0000,0.0000,1496.8310
544,1,2,0,60.5480,164.9600,0.0000,942.4060,192.9780,133.9390,0.0000,0.0000,1494.8310
545,0,2,0,60.3330,166.9230,0.0000,944.3080,199.8090,136.2580,0.0000,0.0000,1507.6310
546,1,2,1,61.8210,169.0100,0.0000,944.2030,193.7850,134.1910,0.0000,0.0000,1503.0100
547,0,2,0,61.2920,168.5050,0.0000,957.8830,195.0840,132.7510,0.0000,0.0000,1515.5150
548,1,2,1,61.4580,167.4830,0.0000,942.7760,193.2800,134.8180,0.0000,0.0000,1499.8150
549,1,2,1,62.8550,166.2400,0.0000,945.3350,196.0670,135.3100,0.0000,0.0000,1505.8070
550,0,2,0,63.5760,165.5510,0.0000,956.4920,194.9230,136.1850,0.0000,0.0000,1516.7270
551,0,2,0,61.0160,164.4120,0.0000,949.2550,198.4250,136.8740,0.0000,0.0000,1509.9820
552,1,2,1,62.5350,166.4430,0.0000,943.0280,194.7080,137.3240,0.0000,0.0000,1504.0380
553,1,2,1,61.2430,167.8400,0.0000,942.1050,194.1660,137.7290,0.0000,0.0000,1503.0830
554,1,2,1,61.0530,165.7230,0.0000,943.1130,195.0580,136.0930,0.0000,0.0000,1501.0400
555,1,2,1,61.3540,166.0070,0.0000,955.2730,194.7820,135.3110,0.0000,0.0000,1512.7270
556,0,2,0,60.4370,166.9540,0.0000,941.8900,194.3500,134.7200,0.0000,0.0000,1498.3510
557,0,2,1,61.9070,166.1540,0.0000,986.4000,201.2120,139.5630,0.0000,0.0000,1555.2360
558,1,2,1,62.0990,166.8430,0.0000,946.8800,194.9780,134.9540,0.0000,0.0000,1505.7540
559,1,2,1,62.5470,166.0560,0.0000,942.2770,196.5480,134.4930,0.0000,0.0000,1501.9210
560,1,2,1,63.0890,167.9880,0.0000,942.8740,195.6490,134.4310,0.0000,0.0000,1504.0310
561,1,2,1,60.2890,166.9600,0.0000,957.3170,195.8530,136.5780,0.0000,0.0000,1516.9970
562,1,2,1,61.1200,165.1810,0.0000,944.7870,193.1380,133.6860,0.0000,0.0000,1497.9120
563,1,2,1,61.5820,165.3110,0.0000,944.6580,194.4610,192.2400,0.0000,0.0000,1558.2520
564,1,2,1,62.6330,170.4990,0.0000,958.0730,194.4610,135.8590,0.0000,0.0000,1521.5250
565,1,2,1,62.8000,167.3110,0.0000,945.3040,194.0620,135.9630,0.0000,0.0000,1505.4400
566,1,2,1,61.1940,166.3140,0.0000,956.7390,195.0770,134.3320,0.0000,0.0000,1513.6560
567,0,2,0,62.3820,166.7760,0.0000,944.0310,194.1730,133.0960,0.0000,0.0000,1500.4580
568,1,2,1,61.2070,166.0370,0.0000,945.4090,194.0000,132.3330,0.0000,0.0000,1498.9860
569,0,2,0,63.0710,164.7320,0.0000,948.6520,193.6990,134.7380,0.0000,0.0000,1504.8920
570,1,2,1,61.2430,209.3290,0.0000,942.4370,200.6770,136.5600,0.0000,0.0000,1550.2460
571,0,2,0,61.2550,167.8830,0.0000,947.0530,194.3510,134.1540,0.0000,0.0000,1504.6960
572,1,2,1,61.4400,167.6070,0.0000,943.9810,195.5440,134.0550,0.0000,0.0000,1502.6270
573,0,2,0,61.9270,165.8220,0.0000,956.1540,194.5420,134.4860,0.0000,0.0000,1512.9310
574,0,2,1,61.9940,165.6860,0.0000,947.1010,195.4280,134.4490,0.0000,0.0000,1504.6580
575,1,2,1,61.2860,164.8250,0.0000,944.7810,196.5050,137.7720,0.0000,0.0000,1505.1690
576,1,2,1,62.4610,164.6270,0.0000,945.9270,202.6030,137.4220,0.0000,0.0000,1513.0400
577,1,2,1,62.0860,169.0640,0.0000,957.7840,198.8620,135.6620,0.0000,0.0000,1523.4580
578,0,2,0,59.6310,167.6800,0.0000,941.2250,194.7390,134.4310,0.0000,0.0000,1497.7060
579,1,2,1,60.1480,164.3440,0.0000,942.9480,194.2900,137.3970,0.0000,0.0000,1499.1270
580,0,2,0,60.0610,166.8860,0.0000,956.2090,194.3700,132.2770,0.0000,0.0000,1509.8030
581,1,2,1,61.0090,167.9020,0.0000,954.2650,194.7690,133.6370,0.0000,0.0000,1511.5820
582,1,2,1,59.8340,164.7940,0.0000,949.5690,204.3820,136.2650,0.0000,0.0000,1514.8440
583,1,2,1,62.8990,167.8710,0.0000,956.4250,196.2590,136.7940,0.0000,0.0000,1520.2480
584,1,2,1,62.4310,167.9630,0.0000,956.7080,194.0250,136.4250,0.0000,0.0000,1517.5520
585,1,2,1,61.7230,167.8770,0.0000,943.2930,193.3540,135.2250,0.0000,0.0000,1501.4720
586,0,2,0,60.4130,165.7170,0.0000,945.9390,195.4830,134.7810,0.0000,0.0000,1502.3330
587,1,2,1,62.1480,165.4770,0.0000,942.7070,195.1200,135.5330,0.0000,0.0000,1500.9850
588,1,2,1,61.5510,165.6430,0.0000,966.6340,203.9070,137.6240,0.0000,0.0000,1535.3590
589,1,2,1,63.3050,170.2830,0.0000,944.4060,195.5690,135.5380,0.0000,0.0000,1509.1010
590,1,2,1,60.0180,165.7110,0.0000,942.7130,194.1720,134.5780,0.0000,0.0000,1497.1920
591,1,2,1,61.0280,164.8990,0.0000,942.2830,193.8030,136.3130,0.0000,0.0000,1498.3260
592,0,2,1,62.6760,165.3660,0.0000,942.5050,197.1390,133.0030,0.0000,0.0000,1500.6890
593,1,2,1,60.4800,164.9050,0.0000,955.6000,193.5200,134.5480,0.0000,0.0000,1509.0530
594,1,2,1,61.5570,165.2370,0.0000,956.9670,193.4890,176.3810,0.0000,0.0000,1553.6310
595,1,2,1,63.1820,171.5390,0.0000,946.1470,196.4560,137.1870,0.0000,0.0000,1514.5110
596,1,2,1,61.1080,166.8490,0.0000,943.5690,194.8250,137.2930,0.0000,0.0000,1503.6440
597,0,2,0,62.6760,166.5410,0.0000,957.2860,194.7880,135.2490,0.0000,0.0000,1516.5400
598,1,2,1,61.6250,167.9450,0.0000,957.0770,195.3790,137.0090,0.0000,0.0000,1519.0350
599,1,2,1,62.0800,166.9910,0.0000,955.2370,194.3810,134.7880,0.0000,0.0000,1513.4770
600,1,2,1,62.1600,166.2770,0.0000,941.1390,193.1940,135.6860,0.0000,0.0000,1498.4560
601,1,2,1,61.5630,225.4280,0.0000,943.1080,198.5360,137.2190,0.0000,0.0000,1565.8540
602,1,2,1,61.2370,169.8580,0.0000,957.0520,194.9850,136.6150,0.0000,0.0000,1519.7470
603,1,2,1,61.8340,168.9600,0.0000,941.8890,195.2740,135.7170,0.0000,0.0000,1503.6740
604,1,2,1,61.1880,167.3040,0.0000,942.4680,194.3200,133.7480,0.0000,0.0000,1499.0280
605,1,2,1,62.2270,167.6620,0.0000,944.0860,194.2890,132.0730,0.0000,0.0000,1500.3370
606,1,2,1,60.6460,164.9970,0.0000,944.1050,194.2590,135.9880,0.0000,0.0000,1499.9950
607,1,2,1,61.5760,164.3870,0.0000,942.1290,205.2680,138.4680,0.0000,0.0000,1511.8280
608,0,2,0,65.5810,169.5810,0.0000,941.6000,197.1810,136.3700,0.0000,0.0000,1510.3130
609,1,2,1,61.3540,166.7020,0.0000,957.2120,195.0030,137.0100,0.0000,0.0000,1517.2810
610,1,2,0,60.7260,165.0220,0.0000,946.7390,194.9660,135.2000,0.0000,0.0000,1502.6530
611,1,2,1,61.9200,165.2990,0.0000,957.0160,193.5380,136.3200,0.0000,0.0000,1514.0930
612,1,2,1,61.2060,166.6460,0.0000,941.7470,194.5420,135.9810,0.0000,0.0000,1500.1220
613,1,2,1,60.1480,165.9200,0.0000,946.6900,201.7290,136.5790,0.0000,0.0000,1511.0660
614,1,2,1,62.3320,169.0280,0.0000,943.8460,196.3440,136.5040,0.0000,0.0000,1508.0540
615,0,2,0,62.7690,166.8730,0.0000,942.8370,195.4770,135.0770,0.0000,0.0000,1503.0330
616,1,2,1,64.2530,169.3110,0.0000,947.7840,195.2610,132.8250,0.0000,0.0000,1509.4340
617,1,2,1,60.3570,165.4460,0.0000,956.8370,197.5140,134.1040,0.0000,0.0000,1514.2580
618,1,2,1,61.3230,166.5720,0.0000,947.1320,195.9010,133.5140,0.0000,0.0000,1504.4420
619,1,2,1,61.5260,164.6280,0.0000,962.0310,201.3350,137.7480,0.0000,0.0000,1527.2680
620,0,2,0,64.1900,167.4960,0.0000,944.8430,196.4240,136.6160,0.0000,0.0000,1509.5690
621,1,2,1,61.4710,167.1440,0.0000,941.3970,193.7660,134.0310,0.0000,0.0000,1497.8090
622,1,2,1,60.3810,167.0960,0.0000,947.8470,193.9880,135.6800,0.0000,0.0000,1504.9920
623,1,2,1,61.6610,167.0770,0.0000,943.9380,194.9420,134.8370,0.0000,0.0000,1502.4550
624,1,2,1,63.5010,167.0470,0.0000,957.2120,196.3140,133.6860,0.0000,0.0000,1517.7600
625,1,2,1,59.7300,167.2990,0.0000,944.3750,191.7600,173.8280,0.0000,0.0000,1536.9920
626,1,2,1,60.3810,171.1810,0.0000,947.8900,196.7080,135.2800,0.0000,0.0000,1511.4400
627,1,2,0,63.1140,167.1940,0.0000,945.6670,194.8060,134.4240,0.0000,0.0000,1505.2050
628,1,2,1,60.9600,166.4310,0.0000,944.7450,195.6370,133.9320,0.0000,0.0000,1501.7050
629,1,2,1,61.9630,164.8870,0.0000,940.7570,192.1540,134.5600,0.0000,0.0000,1494.3210
630,0,2,0,62.5660,165.6240,0.0000,943.4340,192.5350,135.0520,0.0000,0.0000,1499.2110
631,1,2,1,62.2470,167.7170,0.0000,942.1900,194.8740,134.9540,0.0000,0.0000,1501.9820
632,1,2,1,62.5730,208.9730,0.0000,946.3020,199.4830,135.5760,0.0000,0.0000,1552.9070
633,0,2,0,62.1350,168.0430,0.0000,944.1410,195.2180,138.5540,0.0000,0.0000,1508.0910
634,0,2,1,60.5170,167.4280,0.0000,946.2960,195.2190,136.0860,0.0000,0.0000,1505.5460
635,1,2,1,60.7200,165.1270,0.0000,954.9850,195.5880,133.5390,0.0000,0.0000,1509.9590
636,1,2,1,61.0770,165.2610,0.0000,944.1850,194.7630,134.3750,0.0000,0.0000,1499.6610
637,1,2,1,60.8120,166.3200,0.0000,956.2460,193.5690,135.4830,0.0000,0.0000,1512.4300
638,0,2,0,60.3690,165.3780,0.0000,948.3880,204.6520,137.9880,0.0000,0.0000,1516.7750
639,1,2,1,62.4860,167.8520,0.0000,942.7080,193.9750,137.8460,0.0000,0.0000,1504.8670
640,1,2,1,63.9870,165.9810,0.0000,947.4400,194.4000,137.0650,0.0000,0.0000,1508.8730
641,1,2,1,61.5820,166.8130,0.0000,942.0190,196.2340,134.8000,0.0000,0.0000,1501.4480
642,1,2,1,60.8430,165.5260,0.0000,944.8430,196.1720,136.9540,0.0000,0.0000,1504.3380
643,1,2,1,61.0580,166.9290,0.0000,956.9660,193.6860,134.5470,0.0000,0.0000,1513.1860
644,1,2,1,61.8160,164.4490,0.0000,947.0710,199.4950,136.9910,0.0000,0.0000,1509.8220
645,1,2,1,60.7700,168.7640,0.0000,945.5690,197.2550,134.5600,0.0000,0.0000,1506.9180
646,1,2,1,61.2250,167.4460,0.0000,942.1970,194.5240,134.6890,0.0000,0.0000,1500.0810
647,1,2,1,61.2560,166.0000,0.0000,944.0370,192.5660,134.5410,0.0000,0.0000,1498.4000
648,1,2,1,61.6370,165.7720,0.0000,956.6890,194.2710,133.4830,0.0000,0.0000,1511.8520
649,1,2,1,62.1670,168.4620,0.0000,953.3360,195.0770,136.3630,0.0000,0.0000,1515.4050
650,0,2,0,62.3700,166.0240,0.0000,982.7810,203.9630,138.0440,0.0000,0.0000,1553.1820
651,1,2,1,62.3390,169.2680,0.0000,945.1440,196.3080,137.7230,0.0000,0.0000,1510.7820
652,1,2,1,60.9850,167.7840,0.0000,945.9690,195.0520,134.0740,0.0000,0.0000,1503.8640
653,0,2,0,62.1480,164.8550,0.0000,946.7700,194.1900,133.7480,0.0000,0.0000,1501.7110
654,1,2,1,61.4340,164.4490,0.0000,958.5720,193.2990,134.0610,0.0000,0.0000,1511.8150
655,0,2,0,59.9940,165.6860,0.0000,942.7260,195.5750,134.0740,0.0000,0.0000,1498.0550
656,1,2,1,61.9020,164.9420,0.0000,958.5720,195.2370,178.9600,0.0000,0.0000,1559.6130
657,1,2,1,63.0220,170.4980,0.0000,942.4370,197.4210,134.4310,0.0000,0.0000,1507.8090
658,1,2,1,62.4430,168.0500,0.0000,944.7880,196.3640,136.8060,0.0000,0.0000,1508.4510
659,1,2,1,61.1630,166.5350,0.0000,956.3260,194.2160,134.0130,0.0000,0.0000,1512.2530
660,1,2,1,61.1510,167.8210,0.0000,944.8860,194.7140,132.8550,0.0000,0.0000,1501.4270
661,1,2,1,62.4930,166.3760,0.0000,957.1380,196.9160,135.5690,0.0000,0.0000,1518.4920
662,1,2,1,61.8210,167.1820,0.0000,956.6460,193.5320,133.5080,0.0000,0.0000,1512.6890
663,0,2,1,61.9020,206.4060,0.0000,957.7850,199.5260,137.5010,0.0000,0.0000,1563.1200
664,1,2,1,60.7020,166.5600,0.0000,959.1820,194.7010,135.2610,0.0000,0.0000,1516.4060
665,1,2,1,70.7880,174.9780,0.0000,945.6060,200.5100,141.3910,0.0000,0.0000,1533.2730
666,1,2,1,63.8400,169.0460,0.0000,943.6740,193.2670,137.1500,0.0000,0.0000,1506.9770
667,0,2,0,61.3540,167.8280,0.0000,957.6250,193.9690,136.9660,0.0000,0.0000,1517.7420
668,1,2,1,61.0400,165.2180,0.0000,943.6980,194.7820,135.7050,0.0000,0.0000,1500.4430
669,1,2,1,63.9140,167.7290,0.0000,949.8760,224.6030,147.0090,0.0000,0.0000,1553.1310
670,1,2,1,64.7880,178.7260,0.0000,948.9360,201.0090,140.7140,0.0000,0.0000,1534.1730
671,1,2,1,62.1720,168.7760,0.0000,946.6160,196.0180,137.1200,0.0000,0.0000,1510.7020
672,1,2,1,62.7450,168.3500,0.0000,943.0530,196.2220,135.6680,0.0000,0.0000,1506.0380
673,1,2,0,62.5300,169.5080,0.0000,941.3360,195.0650,134.1110,0.0000,0.0000,1502.5500
674,0,2,0,62.6520,165.3790,0.0000,942.7260,194.7750,136.9170,0.0000,0.0000,1502.4490
675,1,2,1,61.2800,165.2610,0.0000,951.3040,210.9540,143.6620,0.0000,0.0000,1532.4610
676,0,2,0,61.8160,170.6030,0.0000,942.5540,198.7320,136.6030,0.0000,0.0000,1510.3080
677,1,2,1,63.5260,166.6090,0.0000,957.0150,195.7290,135.7790,0.0000,0.0000,1518.6580
678,0,2,0,62.3070,165.5880,0.0000,944.0430,195.9940,135.1010,0.0000,0.0000,1503.0330
679,1,2,1,61.0340,166.8980,0.0000,947.5200,193.2740,135.0090,0.0000,0.0000,1503.7350
680,1,2,0,61.0960,167.1880,0.0000,951.2740,196.0670,136.3510,0.0000,0.0000,1511.9760
681,1,2,1,61.0030,166.4070,0.0000,950.1100,203.3850,138.6030,0.0000,0.0000,1519.5080
682,1,2,1,64.1050,168.7630,0.0000,959.2370,195.5750,137.8650,0.0000,0.0000,1525.5450
683,1,2,1,61.9700,168.3200,0.0000,956.0990,196.2710,135.3170,0.0000,0.0000,1517.9770
684,1,2,1,62.8000,166.1780,0.0000,941.5020,193.4460,132.7330,0.0000,0.0000,1496.6590
685,1,2,1,61.9750,166.5290,0.0000,941.5140,195.6860,134.1170,0.0000,0.0000,1499.8210
686,1,2,1,61.0400,167.0150,0.0000,941.3480,194.7700,137.9320,0.0000,0.0000,1502.1050
687,1,2,1,62.2460,164.9480,0.0000,956.6890,243.5380,137.6060,0.0000,0.0000,1565.0270
688,1,2,1,63.1200,167.8280,0.0000,945.8340,197.2000,137.1140,0.0000,0.0000,1511.0960
689,1,2,1,61.1940,166.7690,0.0000,943.5750,195.4650,136.9790,0.0000,0.0000,1503.9820
690,1,2,1,62.5040,166.1170,0.0000,954.8190,192.3630,136.9410,0.0000,0.0000,1512.7440
691,1,2,1,62.7940,166.3070,0.0000,955.3290,193.1450,136.6280,0.0000,0.0000,1514.2030
692,1,2,1,63.5440,164.0060,0.0000,945.8650,194.8920,133.9940,0.0000,0.0000,1502.3010
693,1,2,1,60.4180,166.2090,0.0000,942.8310,192.3630,175.2980,0.0000,0.0000,1537.1190
694,1,2,1,63.2740,170.7270,0.0000,946.1410,196.3320,136.6580,0.0000,0.0000,1513.1320
695,0,2,0,62.7450,168.8000,0.0000,942.6830,198.3070,135.7230,0.0000,0.0000,1508.2580
696,1,2,1,62.4310,167.9810,0.0000,946.1420,198.5050,134.3380,0.0000,0.0000,1509.3970
697,1,2,1,61.2860,165.6000,0.0000,941.5630,195.5570,135.6680,0.0000,0.0000,1499.6740
698,0,2,0,60.0740,166.4800,0.0000,953.9070,194.7930,135.2620,0.0000,0.0000,1510.5160
699,1,2,1,61.9630,169.4030,0.0000,944.3940,193.8340,133.7600,0.0000,0.0000,1503.3540
700,1,2,1,59.7170,166.2950,0.0000,947.8220,201.6490,135.9510,0.0000,0.0000,1511.4340
701,1,2,1,60.3020,167.2990,0.0000,943.9820,196.1660,135.0030,0.0000,0.0000,1502.7520
702,1,2,1,61.0710,166.2890,0.0000,942.9660,196.3130,135.8210,0.0000,0.0000,1502.4600
703,1,2,1,60.0670,166.1350,0.0000,945.7110,193.2920,134.5040,0.0000,0.0000,1499.7090
704,1,2,1,61.7600,167.0590,0.0000,946.1720,193.0710,134.0190,0.0000,0.0000,1502.0810
705,1,2,0,61.6190,165.7600,0.0000,945.2370,193.1510,133.1320,0.0000,0.0000,1498.8990
706,1,2,0,60.7510,164.7140,0.0000,951.5690,205.3050,138.7940,0.0000,0.0000,1521.1330
707,0,2,1,63.2310,169.5440,0.0000,943.0520,197.0030,135.6300,0.0000,0.0000,1508.4600
708,1,2,1,63.0580,164.9290,0.0000,942.3130,195.8770,134.1780,0.0000,0.0000,1500.3550
709,1,2,0,60.7690,165.5270,0.0000,955.1510,195.6620,135.5690,0.0000,0.0000,1512.6780
710,1,2,1,63.3910,167.5940,0.0000,955.5510,194.1290,134.5970,0.0000,0.0000,1515.2620
711,1,2,1,61.4090,166.7880,0.0000,956.1850,193.3170,133.9810,0.0000,0.0000,1511.6800
712,1,2,1,61.4150,165.6680,0.0000,954.4000,207.5750,141.8650,0.0000,0.0000,1530.9230
713,1,2,1,62.5910,171.2560,0.0000,946.0620,198.5530,135.7730,0.0000,0.0000,1514.2350
714,1,2,1,60.9360,167.9870,0.0000,945.2310,195.2670,136.0990,0.0000,0.0000,1505.5200
715,1,2,1,61.9510,165.3110,0.0000,958.3010,194.6270,134.6090,0.0000,0.0000,1514.7990
716,1,2,1,62.0060,166.5360,0.0000,956.2090,195.8090,133.3790,0.0000,0.0000,1513.9390
717,1,2,0,60.7630,167.2800,0.0000,954.4860,192.5480,134.4130,0.0000,0.0000,1509.4900
718,1,2,1,61.3170,166.9540,0.0000,989.4890,201.4770,138.1360,0.0000,0.0000,1557.3730
719,1,2,1,63.3290,168.4250,0.0000,948.3010,194.5970,138.0310,0.0000,0.0000,1512.6830
720,1,2,1,61.1260,168.8860,0.0000,957.1320,194.6770,135.2060,0.0000,0.0000,1517.0270
721,1,2,1,60.4860,166.8550,0.0000,957.9440,193.9570,133.6680,0.0000,0.0000,1512.9100
722,0,2,0,60.6210,164.3260,0.0000,941.9820,193.9130,135.0460,0.0000,0.0000,1495.8880
723,1,2,1,62.4440,165.0090,0.0000,944.1600,195.3360,134.8860,0.0000,0.0000,1501.8350
724,1,2,1,62.7140,164.7330,0.0000,942.8490,191.9140,175.4710,0.0000,0.0000,1537.6810
725,1,2,1,62.8560,171.5440,0.0000,952.1660,200.1420,137.1140,0.0000,0.0000,1523.8220
726,1,2,1,60.6530,165.3170,0.0000,944.0250,193.6310,137.0710,0.0000,0.0000,1500.6970
727,1,2,1,62.2280,165.9330,0.0000,955.5760,192.2580,135.4890,0.0000,0.0000,1511.4840
728,1,2,1,63.2490,165.3900,0.0000,943.4030,195.9510,134.6770,0.0000,0.0000,1502.6700
729,1,2,0,60.5170,164.3320,0.0000,941.6980,192.3820,135.8220,0.0000,0.0000,1494.7510
730,1,2,1,61.5510,166.8300,0.0000,945.1080,196.4740,133.6310,0.0000,0.0000,1503.5940
731,1,2,1,61.1020,205.1820,0.0000,946.4860,200.5840,137.8160,0.0000,0.0000,1551.1700
732,1,2,1,64.7260,166.9420,0.0000,942.4490,195.4950,135.1820,0.0000,0.0000,1504.7940
733,1,2,1,61.7420,167.5940,0.0000,944.2590,194.3260,135.4900,0.0000,0.0000,1503.4110
734,1,2,1,59.2550,167.3790,0.0000,954.7570,196.2950,134.8550,0.0000,0.0000,1512.5410
735,1,2,0,62.3260,165.3350,0.0000,941.1080,193.5870,133.5940,0.0000,0.0000,1495.9500
736,1,2,1,60.3510,165.4340,0.0000,957.5380,194.8370,134.4920,0.0000,0.0000,1512.6520
737,1,2,1,61.6500,165.7720,0.0000,945.1020,200.3140,134.6280,0.0000,0.0000,1507.4660
738,1,2,1,62.6960,168.5910,0.0000,942.9420,193.3170,136.6210,0.0000,0.0000,1504.1670
739,1,2,1,61.7050,167.7480,0.0000,943.7910,194.9790,136.2220,0.0000,0.0000,1504.4450
740,1,2,1,62.0990,164.2100,0.0000,942.4130,193.7850,133.8700,0.0000,0.0000,1496.3770
741,1,2,1,60.2220,165.1390,0.0000,942.7390,194.0190,135.6120,0.0000,0.0000,1497.7310
742,1,2,1,60.0550,163.7290,0.0000,956.4120,193.0210,133.8640,0.0000,0.0000,1507.0810
743,1,2,1,61.2800,166.3510,0.0000,955.6740,203.2180,138.2090,0.0000,0.0000,1524.7320
744,1,2,1,63.7420,168.8180,0.0000,945.0030,195.4340,136.9660,0.0000,0.0000,1509.9630
745,1,2,1,61.9880,166.7570,0.0000,945.3790,196.9900,134.4240,0.0000,0.0000,1505.5380
746,1,2,1,62.6710,166.9780,0.0000,942.6280,194.8430,134.6090,0.0000,0.0000,1501.7290
747,1,2,1,62.6160,168.1040,0.0000,955.3290,195.0460,134.1110,0.0000,0.0000,1515.2060
748,1,2,1,62.8550,166.9290,0.0000,955.8900,194.1470,132.5600,0.0000,0.0000,1512.3810
749,0,2,0,61.6560,166.2580,0.0000,1020.9730,205.0210,137.5570,0.0000,0.0000,1591.4650
750,1,2,1,62.4370,169.5200,0.0000,949.5200,197.5820,134.4430,0.0000,0.0000,1513.5020
751,1,2,1,62.6460,168.4560,0.0000,945.9380,195.5750,135.1330,0.0000,0.0000,1507.7480
752,0,2,1,63.6000,167.3660,0.0000,942.4550,195.0890,134.7510,0.0000,0.0000,1503.2610
753,1,2,0,60.4680,167.6920,0.0000,956.5290,195.0580,132.6770,0.0000,0.0000,1512.4240
754,1,2,1,61.3230,165.0210,0.0000,953.7720,194.0430,137.9260,0.0000,0.0000,1512.0850
755,0,2,0,61.2060,166.8490,0.0000,943.0960,194.5110,179.6190,0.0000,0.0000,1545.2810
756,1,2,1,63.6620,170.8550,0.0000,944.8190,198.1100,138.2090,0.0000,0.0000,1515.6550
757,1,2,1,61.5820,167.9330,0.0000,956.9050,195.3900,134.6710,0.0000,0.0000,1516.4810
758,1,2,1,60.7260,166.5040,0.0000,955.0520,193.5200,135.4710,0.0000,0.0000,1511.2730
759,1,2,1,61.6240,165.6250,0.0000,942.1540,195.3350,134.2030,0.0000,0.0000,1498.9410
760,1,2,1,60.1970,166.0180,0.0000,956.9110,195.2060,135.7410,0.0000,0.0000,1514.0730
761,1,2,1,60.3690,166.7200,0.0000,945.3660,194.2210,132.5970,0.0000,0.0000,1499.2730
762,1,2,1,60.4250,206.3380,0.0000,942.5910,198.4610,137.7970,0.0000,0.0000,1545.6120
763,1,2,1,62.7810,167.7790,0.0000,945.3300,196.8180,136.4860,0.0000,0.0000,1509.1940
764,1,2,1,60.6950,165.4960,0.0000,949.2060,194.6460,133.8400,0.0000,0.0000,1503.8830
765,1,2,1,61.1630,164.8120,0.0000,942.4500,195.0830,134.6460,0.0000,0.0000,1498.1540
766,1,2,1,61.6610,166.4560,0.0000,944.9530,194.5470,134.3140,0.0000,0.0000,1501.9310
767,1,2,1,61.3420,165.7100,0.0000,956.7200,194.0680,136.0620,0.0000,0.0000,1513.9020
768,1,2,1,62.5790,165.3730,0.0000,946.7750,201.7230,136.5540,0.0000,0.0000,1513.0040
769,0,2,0,62.6030,168.1290,0.0000,957.0710,195.9570,134.7010,0.0000,0.0000,1518.4610
770,1,2,1,63.1140,164.9910,0.0000,943.3540,195.0340,135.0890,0.0000,0.0000,1501.5820
771,1,2,1,60.8800,165.4530,0.0000,945.1510,193.6990,135.0770,0.0000,0.0000,1500.2600
772,1,2,1,60.9230,167.2000,0.0000,942.4300,193.8470,133.3970,0.0000,0.0000,1497.7970
773,1,2,0,60.8120,166.7010,0.0000,941.8210,193.8840,133.4090,0.0000,0.0000,1496.6270
774,1,2,0,60.8740,165.5080,0.0000,942.5600,203.3170,136.4680,0.0000,0.0000,1508.7270
775,1,2,1,63.0710,166.5110,0.0000,954.7320,196.9230,135.9810,0.0000,0.0000,1517.2180
776,1,2,1,63.1390,167.4890,0.0000,946.7260,196.4680,136.0490,0.0000,0.0000,1509.8710
777,1,2,1,61.2990,170.1600,0.0000,945.2560,194.8120,135.1200,0.0000,0.0000,1506.6470
778,0,2,0,61.9390,165.8770,0.0000,942.0000,193.1080,135.5450,0.0000,0.0000,1498.4690
779,0,2,0,61.1200,166.5970,0.0000,943.3230,193.9750,136.6220,0.0000,0.0000,1501.6370
780,1,2,1,62.2890,166.1240,0.0000,957.6430,199.3110,135.2560,0.0000,0.0000,1520.6230
781,1,2,1,61.5510,167.6560,0.0000,944.2210,196.6960,136.3820,0.0000,0.0000,1506.5060
782,1,2,1,63.2980,169.1140,0.0000,955.1630,195.0710,135.8770,0.0000,0.0000,1518.5230
783,1,2,1,62.4370,167.7720,0.0000,942.8060,196.8060,134.2460,0.0000,0.0000,1504.0670
784,1,2,1,61.0400,167.5200,0.0000,942.2280,196.9290,135.0220,0.0000,0.0000,1502.7390
785,1,2,1,61.6490,165.6000,0.0000,941.7290,195.5570,133.5820,0.0000,0.0000,1498.1170
786,0,2,0,60.6900,165.5200,0.0000,941.9380,195.1510,193.4030,0.0000,0.0000,1556.7020
787,0,2,0,64.9660,172.0180,0.0000,942.2890,196.8310,139.3170,0.0000,0.0000,1515.4210
788,1,2,0,62.0620,168.9780,0.0000,943.3780,196.3690,137.3970,0.0000,0.0000,1508.1840
789,1,2,1,61.0160,165.4830,0.0000,958.1170,195.1080,137.5570,0.0000,0.0000,1517.2810
790,0,2,1,61.1140,167.7040,0.0000,941.8950,195.8150,134.6030,0.0000,0.0000,1501.1310
791,1,2,1,62.2030,165.7110,0.0000,956.2400,193.9200,135.6060,0.0000,0.0000,1513.6800
792,1,2,1,61.2060,165.9200,0.0000,942.9720,194.2400,134.0490,0.0000,0.0000,1498.3870
793,1,2,1,60.4300,205.5510,0.0000,947.6310,199.0900,136.3450,0.0000,0.0000,1549.0470
794,1,2,1,62.8550,166.2280,0.0000,956.2640,195.8830,136.6280,0.0000,0.0000,1517.8580
795,0,2,0,62.0620,166.8990,0.0000,955.3540,196.6220,134.9050,0.0000,0.0000,1515.8420
796,1,2,1,61.6980,167.1260,0.0000,954.7940,193.3540,137.2560,0.0000,0.0000,1514.2280
797,1,2,1,62.7690,166.1420,0.0000,944.0000,194.5050,137.4030,0.0000,0.0000,1504.8190
798,1,2,1,61.1440,166.5480,0.0000,955.9510,197.5260,136.9910,0.0000,0.0000,1518.1600
799,1,2,1,61.9940,166.4670,0.0000,946.3570,203.2250,136.8120,0.0000,0.0000,1514.8550
800,0,2,0,62.2640,167.1140,0.0000,943.1200,197.4960,136.5230,0.0000,0.0000,1506.5170
801,0,2,0,60.4250,167.4830,0.0000,942.7260,193.6240,133.8280,0.0000,0.0000,1498.0860
802,1,2,1,61.4340,165.4340,0.0000,942.2400,194.1660,134.2340,0.0000,0.0000,1497.5080
803,1,2,1,61.6300,166.5790,0.0000,946.1600,192.3690,132.9350,0.0000,0.0000,1499.6730
804,0,2,0,63.2680,167.5810,0.0000,955.9640,195.9810,135.7470,0.0000,0.0000,1518.5410
805,1,2,1,61.2610,165.3170,0.0000,946.2340,201.0710,136.5540,0.0000,0.0000,1510.4370
806,1,2,1,60.2590,167.9070,0.0000,942.5360,196.9540,136.9790,0.0000,0.0000,1504.6350
807,0,2,0,62.1850,166.7940,0.0000,941.9630,193.2550,136.8560,0.0000,0.0000,1501.0530
808,1,2,1,63.4400,167.1200,0.0000,948.1910,192.3690,135.0160,0.0000,0.0000,1506.1360
809,0,2,0,62.5720,166.8680,0.0000,943.2490,193.8460,133.4220,0.0000,0.0000,1499.9570
810,1,2,1,61.4710,165.6240,0.0000,942.6520,192.7760,132.0550,0.0000,0.0000,1494.5780
811,1,2,1,61.1690,166.6700,0.0000,970.7200,202.0920,136.9790,0.0000,0.0000,1537.6300
812,1,2,1,60.4070,168.8240,0.0000,943.0770,195.1130,136.3870,0.0000,0.0000,1503.8080
813,1,2,1,62.1300,167.4590,0.0000,944.2210,196.9350,134.8560,0.0000,0.0000,1505.6010
814,1,2,1,63.6610,165.2250,0.0000,945.2060,196.7260,137.4770,0.0000,0.0000,1508.2950
815,1,2,1,61.6740,165.7170,0.0000,957.9690,194.6590,134.5600,0.0000,0.0000,1514.5790
816,1,2,1,60.0500,165.7480,0.0000,943.8950,195.1080,133.5570,0.0000,0.0000,1498.3580
817,1,2,1,61.4580,166.2460,0.0000,945.4520,195.7170,264.4980,0.0000,0.0000,1633.3710
818,1,2,1,66.9600,182.0550,0.0000,949.4160,202.0680,141.7720,0.0000,0.0000,1542.2710
819,1,2,1,63.4400,171.1450,0.0000,947.6990,197.0210,137.5080,0.0000,0.0000,1516.8130
820,1,2,1,61.3470,168.0370,0.0000,943.7480,194.8860,135.9570,0.0000,0.0000,1503.9750
821,1,2,1,61.8280,167.1320,0.0000,945.8530,194.4500,134.3570,0.0000,0.0000,1503.6200
822,1,2,1,61.9940,164.4740,0.0000,941.3110,193.6920,133.9870,0.0000,0.0000,1495.4580
823,0,2,0,61.3790,165.0400,0.0000,948.4310,193.6870,135.6120,0.0000,0.0000,1504.1490
824,1,2,1,61.4770,175.8030,0.0000,950.0920,198.1050,140.7870,0.0000,0.0000,1526.2640
825,1,2,1,62.5110,169.9140,0.0000,944.6030,196.2460,136.4800,0.0000,0.0000,1509.7540
826,1,2,1,63.2490,166.2340,0.0000,954.7570,193.5140,137.2740,0.0000,0.0000,1515.0280
827,1,2,1,62.7750,166.4990,0.0000,941.6740,193.9750,133.2930,0.0000,0.0000,1498.2160
828,1,2,1,61.7040,165.9450,0.0000,943.2000,194.8860,132.8550,0.0000,0.0000,1498.5900
829,1,2,1,62.7200,166.1910,0.0000,948.6650,194.3630,133.6120,0.0000,0.0000,1505.5510
830,1,2,1,61.5690,165.5440,0.0000,943.4210,201.5380,137.9690,0.0000,0.0000,1510.0410
831,1,2,1,62.5160,167.3660,0.0000,946.0860,196.3570,135.7720,0.0000,0.0000,1508.0970
832,1,2,1,61.5450,166.0740,0.0000,943.3600,195.1450,135.7540,0.0000,0.0000,1501.8780
833,1,2,1,63.8340,167.0090,0.0000,954.8990,195.0210,132.1960,0.0000,0.0000,1512.9590
834,1,2,1,63.9260,163.7230,0.0000,954.8800,192.9230,135.2740,0.0000,0.0000,1510.7260
835,1,2,1,61.7040,167.3660,0.0000,945.2740,194.8740,133.1510,0.0000,0.0000,1502.3690
836,1,2,1,61.0900,164.9480,0.0000,943.3170,202.5730,139.7600,0.0000,0.0000,1511.6880
837,1,2,1,63.5390,169.0340,0.0000,947.1810,196.2950,134.8310,0.0000,0.0000,1510.8800
838,1,2,1,62.4370,166.7380,0.0000,945.1880,193.8530,134.5350,0.0000,0.0000,1502.7510
839,1,2,1,60.0190,166.4370,0.0000,945.7480,194.1480,134.2590,0.0000,0.0000,1500.6110
840,1,2,1,60.9230,166.1480,0.0000,943.1200,193.4650,138.0800,0.0000,0.0000,1501.7360
841,1,2,1,62.6520,165.6860,0.0000,942.7200,193.4400,133.4770,0.0000,0.0000,1497.9750
842,1,2,1,62.8990,168.2150,0.0000,942.2400,201.2180,139.9570,0.0000,0.0000,1514.5290
843,1,2,1,60.8310,170.0860,0.0000,943.1870,195.3480,135.4900,0.0000,0.0000,1504.9420
844,1,2,1,61.3410,169.1940,0.0000,942.7700,195.4160,132.6100,0.0000,0.0000,1501.3310
845,1,2,1,62.6160,167.4770,0.0000,957.6430,194.2890,135.4460,0.0000,0.0000,1517.4710
846,1,2,1,60.7750,169.2620,0.0000,944.8060,194.4180,136.1970,0.0000,0.0000,1505.4580
847,1,2,1,60.8620,167.1570,0.0000,943.0960,191.9260,134.7450,0.0000,0.0000,1497.7860
848,1,2,1,61.6560,165.6730,0.0000,946.4680,231.5270,138.9230,0.0000,0.0000,1544.2470
849,0,2,0,62.6770,169.5940,0.0000,944.2950,198.3140,136.4680,0.0000,0.0000,1511.3480
850,1,2,1,63.1330,169.4960,0.0000,942.6960,197.2120,136.1840,0.0000,0.0000,1508.7210
851,1,2,1,59.7900,167.0470,0.0000,956.4670,194.0060,135.7410,0.0000,0.0000,1513.0510
852,1,2,1,61.9440,167.7360,0.0000,942.4430,194.0800,133.4400,0.0000,0.0000,1499.6430
853,1,2,1,60.4620,166.8800,0.0000,957.4280,193.8890,134.6830,0.0000,0.0000,1513.3420
854,1,2,1,60.8430,166.9660,0.0000,958.6590,192.9780,134.5600,0.0000,0.0000,1514.0060
855,1,2,1,60.8860,211.8640,0.0000,944.5110,198.8740,137.9510,0.0000,0.0000,1554.0860
856,1,2,1,62.0370,169.0890,0.0000,943.9510,195.3230,136.3510,0.0000,0.0000,1506.7510
857,1,2,1,62.2770,167.4220,0.0000,945.3170,196.8920,134.9170,0.0000,0.0000,1506.8250
858,1,2,1,63.0890,165.4340,0.0000,944.6030,194.2830,132.5230,0.0000,0.0000,1499.9320
859,0,2,1,60.1660,165.0960,0.0000,944.0060,194.3260,134.2280,0.0000,0.0000,1497.8220
860,0,2,0,60.8860,165.0890,0.0000,955.2310,194.0240,133.7290,0.0000,0.0000,1508.9590
861,0,2,0,61.4270,167.0890,0.0000,944.7630,202.0000,137.8950,0.0000,0.0000,1513.1740
862,1,2,1,62.2520,169.6300,0.0000,945.1020,196.1420,135.4960,0.0000,0.0000,1508.6220
863,1,2,1,62.7570,166.7880,0.0000,944.7510,195.9010,135.1510,0.0000,0.0000,1505.3480
864,1,2,1,59.7790,165.4280,0.0000,942.6030,194.2530,134.8490,0.0000,0.0000,1496.9120
865,1,2,1,61.2740,165.1080,0.0000,943.0580,193.2060,135.9070,0.0000,0.0000,1498.5530
866,1,2,1,63.7420,166.3450,0.0000,956.0180,194.7200,137.8640,0.0000,0.0000,1518.6890
867,1,2,1,62.2830,165.0700,0.0000,947.1630,219.7170,149.1820,0.0000,0.0000,1543.4150
868,1,2,1,64.8800,177.6930,0.0000,947.0830,199.4520,139.0640,0.0000,0.0000,1528.1720
869,1,2,1,63.2060,171.1200,0.0000,943.6370,197.5630,136.3510,0.0000,0.0000,1511.8770
870,1,2,1,62.7880,168.4190,0.0000,942.1290,196.7080,135.9570,0.0000,0.0000,1506.0010
871,1,2,1,60.8190,166.1910,0.0000,942.6960,196.5470,134.7630,0.0000,0.0000,1501.0160
872,1,2,1,60.4800,164.7810,0.0000,947.0340,194.6770,133.7970,0.0000,0.0000,1500.7690
873,1,2,1,61.6560,165.9450,0.0000,945.3420,207.7660,139.8710,0.0000,0.0000,1520.5800
874,1,2,1,64.0980,170.7080,0.0000,943.4650,198.3200,138.7200,0.0000,0.0000,1515.3110
875,1,2,1,60.7930,167.1500,0.0000,957.2430,196.9470,135.0400,0.0000,0.0000,1517.1730
876,0,2,0,62.4610,165.7170,0.0000,943.8770,195.9260,136.5350,0.0000,0.0000,1504.5160
877,1,2,1,61.7110,166.3700,0.0000,943.2000,195.0890,136.7140,0.0000,0.0000,1503.0840
878,1,2,1,62.6830,166.4300,0.0000,942.6150,193.9070,136.4060,0.0000,0.0000,1502.0410
879,0,2,0,61.1450,164.6340,0.0000,956.4550,243.5570,140.0800,0.0000,0.0000,1565.8710
880,1,2,1,62.4930,171.7790,0.0000,956.3760,199.3850,136.3820,0.0000,0.0000,1526.4150
881,1,2,1,62.7140,167.6490,0.0000,943.7600,196.0490,134.0550,0.0000,0.0000,1504.2270
882,1,2,1,62.1350,166.7260,0.0000,955.8030,194.0670,133.4650,0.0000,0.0000,1512.1960
883,0,2,0,60.9350,165.7420,0.0000,942.5420,195.7600,135.7480,0.0000,0.0000,1500.7270
884,1,2,1,61.5880,165.9810,0.0000,942.9720,193.9390,133.4520,0.0000,0.0000,1497.9320
885,1,2,1,61.9070,164.5910,0.0000,956.5780,195.7660,135.0580,0.0000,0.0000,1513.9000
886,1,2,1,100.5600,171.4770,0.0000,946.0250,197.1260,136.8990,0.0000,0.0000,1552.0870
887,1,2,0,61.6370,166.8180,0.0000,946.4860,195.9080,137.4400,0.0000,0.0000,1508.2890
888,1,2,1,61.0090,168.3260,0.0000,956.4670,195.2180,135.6920,0.0000,0.0000,1516.7120
889,1,2,1,60.9050,165.4530,0.0000,941.2000,195.8280,135.3540,0.0000,0.0000,1498.7400
890,1,2,1,60.8300,165.4580,0.0000,956.8490,193.5200,134.0920,0.0000,0.0000,1510.7490
891,0,2,0,62.5230,166.8490,0.0000,953.7110,194.7320,133.6000,0.0000,0.0000,1511.4150
892,1,2,1,60.6960,165.4470,0.0000,944.0860,200.8740,135.6490,0.0000,0.0000,1506.7520
893,1,2,0,63.4030,167.7540,0.0000,944.2650,195.4710,135.4530,0.0000,0.0000,1506.3460
894,1,2,0,62.2700,166.9540,0.0000,943.4220,196.3560,137.7730,0.0000,0.0000,1506.7750
895,1,2,1,60.7330,164.3070,0.0000,943.4340,194.0740,134.8550,0.0000,0.0000,1497.4030
896,1,2,1,61.4890,166.1040,0.0000,942.4310,194.7940,134.6830,0.0000,0.0000,1499.5010
897,1,2,1,62.6580,165.2800,0.0000,942.6100,194.6030,135.4580,0.0000,0.0000,1500.6090
898,0,2,1,61.9700,165.4770,0.0000,946.6640,207.8340,140.0670,0.0000,0.0000,1522.0120
899,1,2,1,63.2500,172.8180,0.0000,946.0370,196.7820,134.9110,0.0000,0.0000,1513.7980
900,1,2,1,62.8310,167.3230,0.0000,944.6340,194.7940,135.9200,0.0000,0.0000,1505.5020
901,1,2,1,61.9450,165.4770,0.0000,958.0360,195.0830,134.5840,0.0000,0.0000,1515.1250
902,1,2,1,61.3050,167.3170,0.0000,955.1760,195.7530,134.1170,0.0000,0.0000,1513.6680
903,1,2,1,62.0560,166.6330,0.0000,942.0430,194.1170,134.0240,0.0000,0.0000,1498.8730
904,1,2,1,60.7080,166.5420,0.0000,953.9510,206.1540,138.8180,0.0000,0.0000,1526.1730
905,1,2,1,63.1260,169.3420,0.0000,943.6680,196.3630,135.4030,0.0000,0.0000,1507.9020
906,1,2,1,62.6330,166.6090,0.0000,956.7510,194.4120,135.5820,0.0000,0.0000,1515.9870
907,0,2,0,62.0930,166.4120,0.0000,944.2090,194.5600,133.9820,0.0000,0.0000,1501.2560
908,0,2,0,62.4180,166.2400,0.0000,944.8060,194.6460,135.6130,0.0000,0.0000,1503.7230
909,1,2,1,62.0250,166.4560,0.0000,956.2210,193.9510,135.2800,0.0000,0.0000,1513.9330
910,1,2,1,62.2520,165.3850,0.0000,943.0520,236.8980,136.9600,0.0000,0.0000,1544.5470
911,1,2,1,62.7940,169.7600,0.0000,946.8860,196.3130,136.7630,0.0000,0.0000,1512.5160
912,1,2,1,61.6500,166.1290,0.0000,956.2150,194.4610,135.2980,0.0000,0.0000,1513.7530
913,1,2,1,61.2870,167.6490,0.0000,945.1760,193.6070,134.1470,0.0000,0.0000,1501.8660
914,1,2,0,61.2610,166.1730,0.0000,945.0040,191.3230,135.1690,0.0000,0.0000,1498.9300
915,1,2,1,63.1380,166.2830,0.0000,957.3910,195.8090,134.3510,0.0000,0.0000,1516.9720
916,1,2,1,61.9140,166.1350,0.0000,942.1360,197.2860,133.4460,0.0000,0.0000,1500.9170
917,1,2,1,96.5170,193.2430,0.0000,948.2890,207.0400,147.3110,0.0000,0.0000,1592.4000
918,1,2,1,64.3750,174.7320,0.0000,945.0710,197.3790,139.7730,0.0000,0.0000,1521.3300
919,1,2,1,64.4370,168.3940,0.0000,944.5790,197.3600,136.6400,0.0000,0.0000,1511.4100
920,1,2,1,61.7850,164.0610,0.0000,943.9140,195.4030,135.2740,0.0000,0.0000,1500.4370
921,1,2,1,62.3020,168.1300,0.0000,957.2120,193.7970,135.1440,0.0000,0.0000,1516.5850
922,1,2,1,61.2060,167.3410,0.0000,941.5380,194.9290,135.9200,0.0000,0.0000,1500.9340
923,1,2,1,61.5820,166.2030,0.0000,992.8860,203.8710,139.9880,0.0000,0.0000,1564.5300
924,1,2,1,63.5260,169.3970,0.0000,943.7600,197.1630,136.4560,0.0000,0.0000,1510.3020
925,1,2,1,61.6990,166.6710,0.0000,942.9600,194.8370,134.7630,0.0000,0.0000,1500.9300
926,1,2,1,60.8620,165.7910,0.0000,941.5330,191.9260,134.6770,0.0000,0.0000,1494.7890
927,1,2,1,61.5070,165.8210,0.0000,943.5140,195.8030,136.0860,0.0000,0.0000,1502.7310
928,1,2,1,61.2250,166.5910,0.0000,948.5480,194.6460,132.2210,0.0000,0.0000,1503.2310
929,1,2,1,60.8550,167.1200,0.0000,950.8680,200.0120,138.4440,0.0000,0.0000,1517.2990
930,1,2,1,63.7230,169.0030,0.0000,942.0430,196.3010,135.1200,0.0000,0.0000,1506.1900
931,1,2,1,63.3420,166.9660,0.0000,944.0920,194.9230,134.4190,0.0000,0.0000,1503.7420
932,1,2,1,62.0670,166.5970,0.0000,943.5940,195.1940,136.1230,0.0000,0.0000,1503.5750
933,1,2,1,61.9140,165.8090,0.0000,946.6520,195.7420,137.2310,0.0000,0.0000,1507.3480
934,1,2,1,61.5880,163.6130,0.0000,956.0990,196.1540,134.4250,0.0000,0.0000,1511.8790
935,1,2,0,63.2370,164.1360,0.0000,949.6190,209.2250,142.6160,0.0000,0.0000,1528.8330
936,0,2,0,64.0130,171.0830,0.0000,945.1020,197.1630,136.6340,0.0000,0.0000,1513.9950
937,1,2,1,60.5530,168.0000,0.0000,946.9910,196.2030,135.0830,0.0000,0.0000,1506.8300
938,1,2,1,63.0960,165.2430,0.0000,942.5850,193.4890,136.9230,0.0000,0.0000,1501.3360
939,1,2,1,61.8520,166.8430,0.0000,943.3100,195.6310,136.4740,0.0000,0.0000,1504.1100
940,1,2,1,60.3750,164.9050,0.0000,944.5290,193.2370,134.2650,0.0000,0.0000,1497.3110
941,1,2,1,62.0620,165.5010,0.0000,947.4710,240.4990,139.8890,0.0000,0.0000,1555.4220
942,1,2,1,62.1720,168.8060,0.0000,943.4160,196.1170,134.7080,0.0000,0.0000,1505.2190
943,1,2,1,61.4030,167.2370,0.0000,958.5720,194.7140,133.0830,0.0000,0.0000,1515.0090
944,1,2,1,61.1700,164.2280,0.0000,956.2150,193.4520,133.4770,0.0000,0.0000,1508.5420
945,1,2,1,61.0710,168.5410,0.0000,942.2830,194.4310,135.3910,0.0000,0.0000,1501.7170
946,1,2,1,61.3720,165.9880,0.0000,942.7080,195.3780,135.8400,0.0000,0.0000,1501.2860
947,1,2,1,60.9040,164.3010,0.0000,948.3940,194.5420,174.8740,0.0000,0.0000,1543.0150
948,0,2,0,66.1050,169.0890,0.0000,944.3380,197.7600,138.7690,0.0000,0.0000,1516.0610
949,1,2,1,62.8560,165.7910,0.0000,944.3020,197.1700,135.2860,0.0000,0.0000,1505.4050
950,1,2,1,63.6310,167.6310,0.0000,946.6280,196.1470,135.7730,0.0000,0.0000,1509.8100
951,1,2,1,61.4100,167.9440,0.0000,943.2800,194.1660,135.2610,0.0000,0.0000,1502.0610
952,1,2,1,62.1970,164.7010,0.0000,945.0890,193.2860,134.1410,0.0000,0.0000,1499.4140
953,1,2,1,61.6670,165.7910,0.0000,955.2000,194.6160,135.0160,0.0000,0.0000,1512.2900
954,1,2,1,60.8240,165.0150,0.0000,979.8340,199.9140,139.5080,0.0000,0.0000,1545.0950
955,1,2,1,62.6710,166.5160,0.0000,946.3440,194.1360,133.7660,0.0000,0.0000,1503.4330
956,1,2,1,60.7390,168.4800,0.0000,943.8210,196.9290,136.3010,0.0000,0.0000,1506.2700
957,1,2,1,62.2710,168.4990,0.0000,940.7200,196.3320,132.9170,0.0000,0.0000,1500.7390
958,1,2,1,64.4120,167.6800,0.0000,942.2900,193.1690,136.1350,0.0000,0.0000,1503.6860
959,1,2,1,61.0770,166.5660,0.0000,945.9260,195.3970,134.2770,0.0000,0.0000,1503.2430
960,1,2,1,60.0980,168.7070,0.0000,955.8770,203.8650,140.0550,0.0000,0.0000,1528.6020
961,1,2,1,62.1720,168.6650,0.0000,944.8120,197.8950,136.6400,0.0000,0.0000,1510.1840
962,0,2,1,62.4860,167.3780,0.0000,944.7260,193.0460,134.6590,0.0000,0.0000,1502.2950
963,1,2,1,62.9050,165.1020,0.0000,942.5110,193.6000,134.5360,0.0000,0.0000,1498.6540
964,1,2,1,61.8530,165.5320,0.0000,942.2710,194.2650,134.6030,0.0000,0.0000,1498.5240
965,1,2,1,61.6550,164.5050,0.0000,941.6120,190.8670,135.5380,0.0000,0.0000,1494.1770
966,1,2,1,63.1380,165.2680,0.0000,954.3880,202.4550,137.2180,0.0000,0.0000,1522.4670
967,1,2,1,64.3320,170.5160,0.0000,947.8340,195.8030,135.0220,0.0000,0.0000,1513.5070
968,1,2,1,61.6980,167.1260,0.0000,944.6030,197.9080,134.1790,0.0000,0.0000,1505.5140
969,1,2,1,61.9690,170.0920,0.0000,944.5230,195.1940,135.6120,0.0000,0.0000,1507.3900
970,0,2,0,62.2460,165.5450,0.0000,955.2060,192.6400,135.2800,0.0000,0.0000,1510.9170
971,1,2,1,62.5170,166.6710,0.0000,940.8000,196.7260,132.6030,0.0000,0.0000,1499.3170
972,0,2,0,60.9480,167.4640,0.0000,943.1510,255.2980,138.7140,0.0000,0.0000,1565.5750
973,1,2,1,62.3570,172.9970,0.0000,956.7690,197.0460,135.3040,0.0000,0.0000,1524.4730
974,1,2,1,63.5940,168.2030,0.0000,947.3350,197.2240,136.1840,0.0000,0.0000,1512.5400
975,1,2,1,62.8560,165.4770,0.0000,942.8120,197.5630,133.8950,0.0000,0.0000,1502.6030
976,1,2,1,61.7230,166.8000,0.0000,944.9730,194.6400,135.4220,0.0000,0.0000,1503.5580
977,1,2,1,61.3480,166.0920,0.0000,942.1670,196.5970,132.4120,0.0000,0.0000,1498.6160
978,1,2,1,61.5140,167.2610,0.0000,941.9500,195.7910,171.0770,0.0000,0.0000,1537.5930
979,0,2,0,66.1350,170.2520,0.0000,944.2460,196.7070,134.7380,0.0000,0.0000,1512.0780
980,0,2,1,60.6590,165.8150,0.0000,946.1540,196.3690,133.4640,0.0000,0.0000,1502.4610
981,1,2,0,62.6890,165.4280,0.0000,957.7040,192.8120,134.5230,0.0000,0.0000,1513.1560
982,1,2,1,62.5170,167.5940,0.0000,954.7690,194.7820,135.6740,0.0000,0.0000,1515.3360
983,0,2,1,60.9410,163.9380,0.0000,944.1480,196.5470,134.4860,0.0000,0.0000,1500.0600
984,1,2,1,62.8310,164.6590,0.0000,947.0890,194.5600,133.2060,0.0000,0.0000,1502.3450
985,1,2,1,61.4530,167.4950,0.0000,983.4830,201.6800,138.4060,0.0000,0.0000,1552.5170
986,1,2,1,61.4030,168.0490,0.0000,957.2550,194.8930,134.6210,0.0000,0.0000,1516.2210
987,1,2,1,60.1660,167.4530,0.0000,955.2120,195.6670,134.8680,0.0000,0.0000,1513.3660
988,1,2,1,60.2830,167.9630,0.0000,944.2030,196.1170,133.8400,0.0000,0.0000,1502.4060
989,1,2,1,62.2030,166.9230,0.0000,956.3880,195.7900,135.1750,0.0000,0.0000,1516.4790
990,1,2,1,62.9660,165.6430,0.0000,955.0710,194.2830,134.0800,0.0000,0.0000,1512.0430
991,1,2,1,61.0460,166.5170,0.0000,948.9350,201.5690,138.0430,0.0000,0.0000,1516.1100
992,0,2,0,61.9390,169.6980,0.0000,941.8640,194.4740,134.0250,0.0000,0.0000,1502.0000
993,1,2,1,61.6930,167.3290,0.0000,941.9130,195.5940,134.7080,0.0000,0.0000,1501.2370
994,1,2,1,65.0710,166.0120,0.0000,941.7420,195.8280,136.3260,0.0000,0.0000,1504.9790
995,0,2,0,61.7350,165.7230,0.0000,943.9390,192.6150,134.2960,0.0000,0.0000,1498.3080
996,1,2,1,62.1170,168.0190,0.0000,956.9730,194.3020,133.2370,0.0000,0.0000,1514.6480
997,0,2,0,61.4270,164.4800,0.0000,945.8270,201.8150,138.8370,0.0000,0.0000,1512.3860
998,1,2,1,62.5730,167.1450,0.0000,941.8830,194.9110,135.6190,0.0000,0.0000,1502.1310
999,1,2,0,62.3440,166.4190,0.0000,941.0030,193.4220,133.1750,0.0000,0.0000,1496.3630
1000,1,2,1,60.4560,167.5690,0.0000,942.2030,195.9200,133.9880,0.0000,0.0000,1500.1360
1001,1,2,1,61.0530,168.0250,0.0000,944.5480,193.2300,134.2590,0.0000,0.0000,1501.1150
1002,1,2,1,63.1200,164.3810,0.0000,943.1510,194.0800,133.8280,0.0000,0.0000,1498.5600
1003,1,2,1,61.0280,165.2680,0.0000,945.3910,236.3380,139.0520,0.0000,0.0000,1547.0770
1004,1,2,1,62.7690,168.7270,0.0000,943.8890,194.2400,136.1910,0.0000,0.0000,1505.8160
1005,1,2,1,62.0800,169.2680,0.0000,945.3780,196.7820,134.5720,0.0000,0.0000,1508.0800
1006,1,2,1,62.2650,164.5660,0.0000,941.7420,195.5380,134.5970,0.0000,0.0000,1498.7080
1007,1,2,1,63.3600,167.5140,0.0000,944.8490,195.0460,132.8490,0.0000,0.0000,1503.6180
1008,1,2,1,61.3110,165.1330,0.0000,941.2430,194.9600,135.3900,0.0000,0.0000,1498.0370
1009,1,2,1,62.2960,167.1940,0.0000,942.8860,192.2220,134.9360,0.0000,0.0000,1499.5340
1010,0,2,1,118.8980,172.1110,0.0000,944.5100,197.3970,136.1660,0.0000,0.0000,1569.0820
1011,1,2,1,61.7290,168.1290,0.0000,944.7500,196.0550,137.6000,0.0000,0.0000,1508.2630
1012,1,2,1,60.7080,167.4470,0.0000,944.8360,193.7230,133.8150,0.0000,0.0000,1500.5290
1013,1,2,1,61.2490,165.4340,0.0000,956.4980,194.3080,132.7380,0.0000,0.0000,1510.2270
1014,1,2,1,61.9570,164.8550,0.0000,943.1690,194.5960,136.5300,0.0000,0.0000,1501.1070
1015,1,2,1,61.4960,163.7970,0.0000,957.7410,194.0430,135.3470,0.0000,0.0000,1512.4240
1016,1,2,1,60.4250,165.4460,0.0000,992.6270,203.5510,138.5910,0.0000,0.0000,1560.6400
1017,1,2,1,62.9230,168.7330,0.0000,948.1040,195.6120,136.3750,0.0000,0.0000,1511.7470
1018,1,2,1,61.6180,167.9380,0.0000,944.7080,195.5200,133.6990,0.0000,0.0000,1503.4830
1019,1,2,1,61.7960,166.4620,0.0000,944.3750,195.4090,134.8430,0.0000,0.0000,1502.8850
1020,1,2,1,60.9420,162.9970,0.0000,942.4800,195.2800,134.3140,0.0000,0.0000,1496.0130
1021,1,2,1,62.6160,165.1940,0.0000,955.2860,194.2340,134.3130,0.0000,0.0000,1511.6430
1022,1,2,1,60.9300,167.3480,0.0000,943.0650,205.2310,138.5900,0.0000,0.0000,1515.1640
1023,1,2,1,62.8680,168.5290,0.0000,946.8680,197.1700,138.0370,0.0000,0.0000,1513.4720
1024,1,2,1,62.5780,166.1170,0.0000,944.7200,196.5290,135.8710,0.0000,0.0000,1505.8150
1025,0,2,0,60.4070,165.7480,0.0000,943.4770,194.8490,136.0860,0.0000,0.0000,1500.5670
1026,1,2,1,61.5750,164.6210,0.0000,941.8890,193.2310,132.9290,0.0000,0.0000,1494.2450
1027,1,2,1,61.7230,165.7050,0.0000,942.2770,193.2430,133.2370,0.0000,0.0000,1496.1850
1028,0,2,0,60.7750,163.8580,0.0000,948.7320,202.0610,137.7540,0.0000,0.0000,1513.1800
1029,1,2,1,62.2400,168.0860,0.0000,943.3780,195.6180,136.9420,0.0000,0.0000,1506.2640
1030,1,2,1,62.1160,166.2890,0.0000,946.8990,194.5970,137.1270,0.0000,0.0000,1507.0280
1031,1,2,1,61.6430,167.9260,0.0000,947.5200,196.5290,131.5380,0.0000,0.0000,1505.1560
1032,1,2,1,61.1450,166.2280,0.0000,957.1820,193.9380,134.1910,0.0000,0.0000,1512.6840
1033,1,2,1,61.0710,166.2030,0.0000,955.2190,192.1660,134.6640,0.0000,0.0000,1509.3230
1034,1,2,1,60.7940,166.7810,0.0000,945.2920,237.5810,135.4950,0.0000,0.0000,1545.9430
1035,1,2,1,60.8370,166.2710,0.0000,949.7050,197.2060,135.2240,0.0000,0.0000,1509.2430
1036,1,2,1,62.3810,167.6550,0.0000,957.0710,195.8520,134.9480,0.0000,0.0000,1517.9070
1037,1,2,1,63.5020,167.4340,0.0000,943.8100,195.8520,136.7820,0.0000,0.0000,1507.3800
1038,1,2,1,61.7600,166.3380,0.0000,941.8090,193.3050,133.3600,0.0000,0.0000,1496.5720
1039,1,2,1,61.9630,165.3350,0.0000,944.2890,194.6280,134.3140,0.0000,0.0000,1500.5290
1040,1,2,1,62.6030,166.3070,0.0000,943.8770,197.1690,135.8460,0.0000,0.0000,1505.8020
1041,1,2,1,101.9140,170.7010,0.0000,949.3910,197.2920,137.2060,0.0000,0.0000,1556.5040
1042,1,2,1,62.1170,166.9850,0.0000,957.6740,193.6800,136.4980,0.0000,0.0000,1516.9540
1043,1,2,1,61.7840,166.9420,0.0000,942.9420,195.3290,133.1020,0.0000,0.0000,1500.0990
1044,0,2,0,60.7510,167.9130,0.0000,942.7020,195.1380,134.1110,0.0000,0.0000,1500.6150
1045,1,2,1,60.5110,165.1880,0.0000,944.1170,194.3880,136.0300,0.0000,0.0000,1500.2340
1046,1,2,1,60.4870,166.9660,0.0000,944.1970,196.6830,136.0550,0.0000,0.0000,1504.3880
1047,1,2,1,60.0680,168.1040,0.0000,953.2670,205.0520,137.8090,0.0000,0.0000,1524.3000
1048,1,2,1,64.2280,167.9140,0.0000,944.6770,194.9970,135.9440,0.0000,0.0000,1507.7600
1049,1,2,1,61.0770,166.0800,0.0000,944.5600,195.3350,135.1750,0.0000,0.0000,1502.2270
1050,1,2,1,60.4060,167.3720,0.0000,942.2210,195.0280,135.8530,0.0000,0.0000,1500.8800
1051,0,2,0,62.4980,165.8520,0.0000,954.9230,193.8270,134.0000,0.0000,0.0000,1511.1000
1052,1,2,1,63.1010,164.2220,0.0000,942.9900,193.6860,132.4560,0.0000,0.0000,1496.4550
1053,1,2,1,60.3630,166.1790,0.0000,946.5230,205.0330,137.2740,0.0000,0.0000,1515.3720
1054,0,2,0,61.3780,168.3140,0.0000,954.8300,194.9970,134.7380,0.0000,0.0000,1514.2570
1055,1,2,1,61.3230,163.1390,0.0000,943.6500,195.3540,136.4000,0.0000,0.0000,1499.8660
1056,1,2,1,61.2930,165.9020,0.0000,943.9330,194.2340,135.9820,0.0000,0.0000,1501.3440
1057,1,2,1,62.7570,166.3010,0.0000,957.0530,195.6310,135.7040,0.0000,0.0000,1517.4460
1058,1,2,1,62.7010,166.6340,0.0000,955.7780,194.9840,134.3200,0.0000,0.0000,1514.4170
1059,1,2,1,62.3690,165.9940,0.0000,944.6830,200.3320,136.7080,0.0000,0.0000,1510.0860
1060,1,2,1,60.8000,168.4060,0.0000,957.8400,193.9700,136.3320,0.0000,0.0000,1517.3480
1061,1,2,1,62.7200,167.5010,0.0000,942.4670,194.3940,135.2980,0.0000,0.0000,1502.3800
1062,1,2,1,62.6090,164.9540,0.0000,945.8030,194.4190,136.0430,0.0000,0.0000,1503.8280
1063,1,2,1,59.7780,164.7080,0.0000,940.3500,194.7690,133.9200,0.0000,0.0000,1493.5250
1064,1,2,1,62.2150,166.3820,0.0000,944.8060,194.6150,134.9720,0.0000,0.0000,1502.9900
1065,1,2,1,61.6370,165.1260,0.0000,944.0550,234.1660,136.7260,0.0000,0.0000,1541.7100
1066,1,2,1,63.0700,165.6990,0.0000,942.3880,198.4180,136.6340,0.0000,0.0000,1506.2090
1067,1,2,1,62.7440,167.7720,0.0000,943.1450,191.8100,133.3910,0.0000,0.0000,1498.8620
1068,1,2,1,60.5790,166.4740,0.0000,943.4580,195.5570,135.0160,0.0000,0.0000,1501.0840
1069,1,2,1,61.6610,166.2650,0.0000,957.3100,193.5140,134.7380,0.0000,0.0000,1513.4880
1070,1,2,1,61.4590,166.9350,0.0000,944.6150,194.3880,133.4090,0.0000,0.0000,1500.8060
1071,1,2,1,62.0310,163.7480,0.0000,946.1230,195.2000,134.8300,0.0000,0.0000,1501.9320
1072,1,2,1,61.3170,208.1360,0.0000,943.5330,198.0180,137.5260,0.0000,0.0000,1548.5300
1073,1,2,1,63.3660,167.5750,0.0000,942.5780,195.6370,137.5450,0.0000,0.0000,1506.7010
1074,1,2,1,62.5230,167.4770,0.0000,944.9850,195.1330,134.2640,0.0000,0.0000,1504.3820
1075,1,2,1,61.3170,168.2150,0.0000,942.8610,195.5870,133.5870,0.0000,0.0000,1501.5670
1076,1,2,1,62.6890,166.9420,0.0000,949.0770,192.9660,133.3100,0.0000,0.0000,1504.9840
1077,1,2,1,61.6550,165.2000,0.0000,943.4520,194.8980,134.0360,0.0000,0.0000,1499.2410
1078,0,2,0,63.2800,165.1570,0.0000,944.5110,200.7510,135.8960,0.0000,0.0000,1509.5950
1079,1,2,1,61.8340,168.2400,0.0000,943.0950,197.6310,136.3510,0.0000,0.0000,1507.1510
1080,1,2,1,61.7050,166.8920,0.0000,944.3080,195.4340,135.0340,0.0000,0.0000,1503.3730
1081,1,2,1,62.1600,167.4150,0.0000,945.3660,195.8340,135.0700,0.0000,0.0000,1505.8450
1082,0,2,1,61.2800,166.1600,0.0000,941.1260,193.4710,133.4150,0.0000,0.0000,1495.4520
1083,1,2,1,61.9570,168.3510,0.0000,955.1450,194.9170,133.1820,0.0000,0.0000,1513.5520
1084,1,2,1,60.2400,165.6800,0.0000,949.6250,208.4120,137.9260,0.0000,0.0000,1521.8830
1085,1,2,1,61.3170,170.8740,0.0000,945.6180,196.0310,138.6090,0.0000,0.0000,1512.4490
1086,1,2,1,63.2120,167.3170,0.0000,944.1290,194.2090,135.1750,0.0000,0.0000,1504.0420
1087,1,2,1,61.9940,166.6400,0.0000,942.9840,195.0710,134.8130,0.0000,0.0000,1501.5020
1088,1,2,0,62.8430,165.1630,0.0000,944.2100,193.7720,135.6980,0.0000,0.0000,1501.6860
1089,0,2,0,62.3140,166.2030,0.0000,957.7360,193.7410,137.1450,0.0000,0.0000,1517.1390
1090,1,2,1,60.6890,165.2680,0.0000,945.1750,202.3080,138.4670,0.0000,0.0000,1511.9070
1091,1,2,1,63.5320,167.0890,0.0000,946.4190,198.0680,136.7320,0.0000,0.0000,1511.8400
1092,0,2,0,59.6000,165.9080,0.0000,944.6890,195.9070,132.9360,0.0000,0.0000,1499.0400
1093,1,2,0,61.4030,165.5810,0.0000,953.3780,193.4580,134.8550,0.0000,0.0000,1508.6750
1094,1,2,1,60.1420,165.1330,0.0000,945.4220,196.2830,132.7820,0.0000,0.0000,1499.7620
1095,1,2,1,60.6030,166.2890,0.0000,956.3260,192.3270,135.4210,0.0000,0.0000,1510.9660
1096,1,2,1,60.3500,165.5930,0.0000,942.6900,195.5200,178.3440,0.0000,0.0000,1542.4970
1097,0,2,0,61.3850,171.7360,0.0000,956.7020,196.1910,134.1480,0.0000,0.0000,1520.1620
1098,1,2,1,63.8150,166.2900,0.0000,945.1200,192.2400,136.2400,0.0000,0.0000,1503.7050
1099,0,2,0,61.3660,164.9350,0.0000,942.8120,194.3760,133.4960,0.0000,0.0000,1496.9850
1100,1,2,1,60.4310,164.1170,0.0000,943.9940,194.3810,135.2430,0.0000,0.0000,1498.1660
1101,1,2,1,62.1170,166.0490,0.0000,941.3420,194.2960,134.8730,0.0000,0.0000,1498.6770
1102,0,2,0,60.4180,165.4520,0.0000,946.4490,193.6070,135.1820,0.0000,0.0000,1501.1080
1103,1,2,1,60.6210,205.7730,0.0000,945.1570,199.1820,137.0030,0.0000,0.0000,1547.7360
1104,1,2,1,61.4150,167.4650,0.0000,942.0000,194.6890,135.8400,0.0000,0.0000,1501.4090
1105,1,2,1,61.5020,165.4950,0.0000,941.5690,193.0650,136.2460,0.0000,0.0000,1497.8770
1106,1,2,1,60.6710,167.8590,0.0000,944.7140,195.2060,134.8800,0.0000,0.0000,1503.3300
1107,1,2,1,60.9300,165.2860,0.0000,941.6430,194.3700,134.5780,0.0000,0.0000,1496.8070
1108,1,2,0,63.6430,167.3970,0.0000,943.4770,195.6860,133.0160,0.0000,0.0000,1503.2190
1109,1,2,1,60.0130,164.6030,0.0000,946.4550,201.1260,136.8990,0.0000,0.0000,1509.0960
1110,1,2,1,61.3720,167.8580,0.0000,956.5780,196.6770,136.6160,0.0000,0.0000,1519.1010
1111,1,2,1,61.0090,166.1540,0.0000,943.4210,195.0100,133.2060,0.0000,0.0000,1498.8000
1112,1,2,1,60.0980,164.9170,0.0000,943.9380,194.4180,134.9530,0.0000,0.0000,1498.3240
1113,0,2,0,61.5820,166.9540,0.0000,956.5790,193.0280,136.7200,0.0000,0.0000,1514.8630
1114,1,2,1,61.1390,167.9080,0.0000,946.1970,193.0520,135.4770,0.0000,0.0000,1503.7730
1115,0,2,1,62.6830,163.2610,0.0000,953.3110,218.9480,146.0860,0.0000,0.0000,1544.2890
1116,0,2,0,64.7140,175.2860,0.0000,947.3110,199.4890,139.4520,0.0000,0.0000,1526.2520
1117,1,2,1,63.2060,168.3820,0.0000,941.2920,194.2090,137.0400,0.0000,0.0000,1504.1290
1118,1,2,1,61.4710,166.3200,0.0000,944.9480,196.0250,138.3880,0.0000,0.0000,1507.1520
1119,1,2,1,62.4740,164.8370,0.0000,945.7540,196.0550,135.1450,0.0000,0.0000,1504.2650
1120,1,2,1,61.8460,169.0530,0.0000,944.9170,197.7100,133.7110,0.0000,0.0000,1507.2370
1121,1,2,1,60.4740,166.5350,0.0000,975.4640,207.3900,135.4400,0.0000,0.0000,1545.3030
1122,1,2,1,63.2370,168.0670,0.0000,959.0090,196.7010,136.9850,0.0000,0.0000,1523.9990
1123,0,2,0,61.9570,165.8340,0.0000,945.6240,193.8530,134.6710,0.0000,0.0000,1501.9390
1124,0,2,0,61.2120,167.9380,0.0000,957.3470,194.2530,133.5880,0.0000,0.0000,1514.3380
1125,1,2,1,63.5940,164.4800,0.0000,941.1320,193.9820,136.1230,0.0000,0.0000,1499.3110
1126,1,2,1,62.8800,167.8030,0.0000,943.0280,195.4830,133.1390,0.0000,0.0000,1502.3330
1127,1,2,1,61.2120,167.1010,0.0000,943.0770,194.7070,178.9170,0.0000,0.0000,1545.0140
1128,1,2,1,63.1390,169.2860,0.0000,942.4550,196.6030,136.3690,0.0000,0.0000,1507.8520
1129,0,2,0,62.1720,166.9780,0.0000,958.3390,194.8610,135.9080,0.0000,0.0000,1518.2580
1130,0,2,0,61.7170,167.9940,0.0000,942.5660,195.8150,133.8220,0.0000,0.0000,1501.9140
1131,1,2,0,62.2210,167.3350,0.0000,942.2160,195.9450,134.9350,0.0000,0.0000,1502.6520
1132,1,2,0,63.8830,165.6440,0.0000,942.9600,195.2550,135.2800,0.0000,0.0000,1503.0220
1133,1,2,1,61.5940,167.3290,0.0000,956.6770,194.5600,133.0280,0.0000,0.0000,1513.1880
1134,1,2,1,61.6620,207.7410,0.0000,944.2900,198.9970,138.2400,0.0000,0.0000,1550.9300
1135,1,2,1,63.6120,166.3010,0.0000,959.2430,194.8740,134.2330,0.0000,0.0000,1518.2630
1136,1,2,1,62.0370,167.3350,0.0000,943.8950,195.7240,137.0100,0.0000,0.0000,1506.0010
1137,1,2,1,60.8000,164.8930,0.0000,956.4680,194.3010,132.9040,0.0000,0.0000,1509.3660
1138,1,2,1,62.4120,165.7230,0.0000,946.6460,193.8470,135.3970,0.0000,0.0000,1504.0250
1139,1,2,1,61.9870,166.1230,0.0000,954.6220,193.1020,136.0980,0.0000,0.0000,1511.9320
1140,0,2,0,61.0830,163.8890,0.0000,942.6640,201.5140,137.1570,0.0000,0.0000,1506.3070
1141,0,2,1,63.0090,166.0310,0.0000,944.9600,195.4770,137.3720,0.0000,0.0000,1506.8490
1142,1,2,1,63.4400,167.3780,0.0000,943.8580,195.9260,135.3600,0.0000,0.0000,1505.9620
1143,1,2,1,62.2960,163.5880,0.0000,956.8800,196.1480,134.3130,0.0000,0.0000,1513.2250
1144,0,2,0,61.1380,164.3130,0.0000,943.1450,194.6090,135.0400,0.0000,0.0000,1498.2450
1145,1,2,1,61.2680,165.6430,0.0000,944.0800,194.3200,133.9450,0.0000,0.0000,1499.2560
1146,1,2,1,60.9840,167.1820,0.0000,953.8150,200.4740,139.9570,0.0000,0.0000,1522.4120
1147,1,2,1,61.9630,169.0280,0.0000,945.2370,196.8550,137.6560,0.0000,0.0000,1510.7390
1148,1,2,1,63.2070,166.2890,0.0000,942.8250,194.2640,136.0500,0.0000,0.0000,1502.6350
1149,1,2,0,60.6220,166.2160,0.0000,946.3690,194.8310,135.1820,0.0000,0.0000,1503.2200
1150,1,2,1,62.6030,165.6800,0.0000,943.5320,196.5850,131.9380,0.0000,0.0000,1500.3380
1151,1,2,1,60.6400,166.4550,0.0000,956.7390,193.9200,133.5690,0.0000,0.0000,1511.3230
1152,1,2,1,61.8220,164.6830,0.0000,968.3140,201.7970,137.6800,0.0000,0.0000,1534.2960
1153,1,2,1,62.7690,170.0490,0.0000,947.6310,196.3570,136.0800,0.0000,0.0000,1512.8860
1154,1,2,1,61.0830,166.6830,0.0000,942.6710,195.8650,134.5840,0.0000,0.0000,1500.8860
1155,1,2,1,61.4640,167.6550,0.0000,942.8920,195.3470,135.9570,0.0000,0.0000,1503.3150
1156,1,2,1,61.8770,163.7420,0.0000,943.7720,193.2490,136.5900,0.0000,0.0000,1499.2300
1157,1,2,1,61.9760,168.2030,0.0000,947.5690,195.3600,134.3010,0.0000,0.0000,1507.4090
1158,1,2,1,63.6860,166.8740,0.0000,958.1230,194.2150,194.1290,0.0000,0.0000,1577.0270
1159,1,2,1,62.6400,172.8870,0.0000,943.3170,197.7110,137.4520,0.0000,0.0000,1514.0070
1160,1,2,1,63.4650,168.0800,0.0000,943.9010,194.7450,132.4360,0.0000,0.0000,1502.6270
1161,1,2,1,62.8310,164.6710,0.0000,945.6800,194.0740,134.5780,0.0000,0.0000,1501.8340
1162,1,2,1,60.8000,165.3600,0.0000,943.6550,193.7290,133.3540,0.0000,0.0000,1496.8980
1163,1,2,1,62.2340,163.3410,0.0000,955.5940,194.8180,135.0340,0.0000,0.0000,1511.0210
1164,1,2,1,60.7510,164.4860,0.0000,942.7880,191.9080,135.2300,0.0000,0.0000,1495.1630
1165,1,2,1,62.2710,217.3110,0.0000,951.2180,215.2430,146.8680,0.0000,0.0000,1592.9110
1166,1,2,1,65.8460,173.1940,0.0000,948.8860,199.4400,139.8400,0.0000,0.0000,1527.2060
1167,1,2,1,63.1440,169.5510,0.0000,945.2490,196.4180,137.8890,0.0000,0.0000,1512.2510
1168,1,2,1,61.9200,165.4460,0.0000,942.9170,194.4730,135.1200,0.0000,0.0000,1499.8760
1169,0,2,1,61.3350,166.0060,0.0000,942.7880,192.3450,134.6400,0.0000,0.0000,1497.1140
1170,1,2,1,61.9390,166.5720,0.0000,942.0560,195.5630,134.8680,0.0000,0.0000,1500.9980
1171,1,2,1,61.8210,166.4990,0.0000,958.0920,209.3290,139.1750,0.0000,0.0000,1534.9160
1172,1,2,1,62.5170,171.2670,0.0000,945.2180,196.3760,138.3080,0.0000,0.0000,1513.6860
1173,1,2,1,63.5020,167.7350,0.0000,944.7510,195.3110,136.2520,0.0000,0.0000,1507.5510
1174,0,2,0,62.5600,167.0210,0.0000,955.9330,196.4190,137.9880,0.0000,0.0000,1519.9210
1175,1,2,1,61.1820,168.3510,0.0000,945.0770,193.1750,134.8370,0.0000,0.0000,1502.6220
1176,0,2,0,61.1810,166.1290,0.0000,946.4500,194.3140,135.4400,0.0000,0.0000,1503.5140
1177,0,2,0,68.0120,173.6360,0.0000,951.1390,207.1510,141.1200,0.0000,0.0000,1541.0580
1178,1,2,1,62.2030,173.4830,0.0000,945.5940,198.4860,140.1480,0.0000,0.0000,1519.9140
1179,1,2,1,62.8430,169.8770,0.0000,944.4800,197.2550,135.5510,0.0000,0.0000,1510.0060
1180,1,2,1,62.0370,165.4890,0.0000,945.3170,195.9080,134.8240,0.0000,0.0000,1503.5750
1181,1,2,1,61.8960,167.6190,0.0000,942.0680,194.0920,133.7410,0.0000,0.0000,1499.4160
1182,1,2,1,61.3660,168.3270,0.0000,943.1380,192.1300,136.3260,0.0000,0.0000,1501.2870
1183,0,2,0,61.6250,165.4640,0.0000,946.3080,202.0930,138.0130,0.0000,0.0000,1513.5030
1184,1,2,1,63.7660,167.0280,0.0000,958.2890,196.5050,133.7720,0.0000,0.0000,1519.3600
1185,1,2,1,63.4090,166.9040,0.0000,956.2400,197.4770,134.3380,0.0000,0.0000,1518.3680
1186,1,2,1,60.6830,166.6840,0.0000,956.1480,194.5350,136.0550,0.0000,0.0000,1514.1050
1187,1,2,1,61.9080,166.7010,0.0000,943.2870,195.7050,134.0310,0.0000,0.0000,1501.6320
1188,1,2,1,62.3630,164.1100,0.0000,942.7820,195.3970,135.4090,0.0000,0.0000,1500.0610
1189,1,2,1,61.2240,163.3840,0.0000,944.6210,237.4770,137.7790,0.0000,0.0000,1544.4850
1190,0,2,0,61.8090,171.9080,0.0000,946.1300,195.0710,136.6210,0.0000,0.0000,1511.5390
1191,1,2,1,62.3630,167.4220,0.0000,944.7130,196.6400,135.4090,0.0000,0.0000,1506.5470
1192,1,2,1,62.2770,163.8710,0.0000,945.9630,194.0490,134.6030,0.0000,0.0000,1500.7630
1193,1,2,1,60.7260,165.7480,0.0000,957.5140,194.6150,133.1880,0.0000,0.0000,1511.7910
1194,1,2,1,59.8710,163.7290,0.0000,947.2680,191.0580,135.3420,0.0000,0.0000,1497.2680
1195,1,2,1,62.2280,165.8640,0.0000,957.8220,192.8800,136.1230,0.0000,0.0000,1514.9170
1196,1,2,1,121.4890,171.1570,0.0000,944.5350,198.4980,136.3260,0.0000,0.0000,1572.0050
1197,1,2,1,60.8250,169.8330,0.0000,942.7380,194.6030,136.6520,0.0000,0.0000,1504.6510
1198,1,2,1,60.5050,167.1390,0.0000,946.1040,194.9170,135.5200,0.0000,0.0000,1504.1850
1199,1,2,1,62.9540,167.5080,0.0000,942.1470,195.2310,133.8150,0.0000,0.0000,1501.6550
1200,1,2,1,61.5820,166.2030,0.0000,954.6030,193.4090,133.7540,0.0000,0.0000,1509.5510
1201,1,2,1,61.7540,166.5730,0.0000,942.7200,194.4800,134.6280,0.0000,0.0000,1500.1550
1202,1,2,1,61.2550,166.6520,0.0000,957.1630,204.2100,138.4980,0.0000,0.0000,1527.7780
1203,1,2,1,63.4700,169.9260,0.0000,945.4650,198.6280,136.8740,0.0000,0.0000,1514.3630
1204,1,2,1,63.0280,167.2740,0.0000,941.8830,195.6430,133.3660,0.0000,0.0000,1501.1940
1205,1,2,1,62.4440,167.6550,0.0000,943.8640,194.4000,133.9510,0.0000,0.0000,1502.3140
1206,1,2,1,61.5570,164.1170,0.0000,942.5040,195.1200,134.5360,0.0000,0.0000,1497.8340
1207,0,2,0,60.5290,167.5750,0.0000,941.5820,193.4280,134.9720,0.0000,0.0000,1498.0860
1208,1,2,1,62.8060,165.4160,0.0000,954.3320,202.9910,139.3230,0.0000,0.0000,1524.8680
1209,1,2,0,64.1600,167.4150,0.0000,945.0400,196.0000,135.8280,0.0000,0.0000,1508.4430
1210,1,2,1,61.4710,165.5700,0.0000,943.8280,195.9510,136.6590,0.0000,0.0000,1503.4790
1211,1,2,1,61.3660,166.7020,0.0000,958.4670,196.4310,134.4000,0.0000,0.0000,1517.3660
1212,1,2,1,61.0590,164.5110,0.0000,955.1880,194.6330,134.7450,0.0000,0.0000,1510.1360
1213,1,2,1,61.4640,165.8340,0.0000,942.0870,195.1880,136.5790,0.0000,0.0000,1501.1520
1214,1,2,1,61.3420,166.9410,0.0000,948.8120,199.1750,136.4740,0.0000,0.0000,1512.7440
1215,1,2,1,62.8120,167.5510,0.0000,957.5450,196.1420,135.3720,0.0000,0.0000,1519.4220
1216,1,2,1,63.2060,165.7970,0.0000,942.3020,195.7420,136.3330,0.0000,0.0000,1503.3800
1217,1,2,1,60.3380,167.2240,0.0000,945.6190,194.0190,135.5080,0.0000,0.0000,1502.7080
1218,0,2,0,61.2060,166.4310,0.0000,941.9390,195.7780,135.2180,0.0000,0.0000,1500.5720
1219,1,2,1,61.6620,167.7540,0.0000,941.7970,194.9910,134.0060,0.0000,0.0000,1500.2100
1220,0,2,0,60.8740,165.3970,0.0000,956.4740,245.0890,138.2900,0.0000,0.0000,1566.1240
1221,1,2,1,61.8960,167.3170,0.0000,946.4860,310.3380,201.3230,0.0000,0.0000,1687.3600
1222,0,2,0,77.5140,229.3420,0.0000,968.0800,320.1230,219.3230,0.0000,0.0000,1814.3820
1223,1,2,1,84.8000,229.6620,0.0000,961.1260,252.5170,166.7450,0.0000,0.0000,1694.8500
1224,1,2,1,69.4150,187.9200,0.0000,955.4090,205.8770,142.3760,0.0000,0.0000,1560.9970
1225,1,2,1,63.8340,172.6270,0.0000,958.3630,199.3290,138.4370,0.0000,0.0000,1532.5900
1226,0,2,0,62.9050,167.9010,0.0000,945.4770,223.2980,148.8920,0.0000,0.0000,1548.4730
1227,0,2,0,65.7850,174.5350,0.0000,951.6860,200.7390,136.9720,0.0000,0.0000,1529.7170
1228,1,2,1,61.6560,170.0980,0.0000,947.8220,195.3230,139.6300,0.0000,0.0000,1514.5290
1229,1,2,1,63.8580,165.2370,0.0000,945.0400,195.3480,137.5880,0.0000,0.0000,1507.0710
1230,1,2,0,60.9050,166.5360,0.0000,944.9720,196.9780,136.5420,0.0000,0.0000,1505.9330
1231,1,2,1,61.7410,164.1840,0.0000,954.5850,196.6330,134.6090,0.0000,0.0000,1511.7520
1232,0,2,1,61.9330,165.6860,0.0000,954.8370,214.0190,142.2650,0.0000,0.0000,1538.7400
1233,1,2,1,63.1930,170.9910,0.0000,944.7450,198.0610,134.4550,0.0000,0.0000,1511.4450
1234,0,2,0,60.0120,169.9630,0.0000,942.5540,196.3870,134.3750,0.0000,0.0000,1503.2910
1235,1,2,1,61.4030,167.3420,0.0000,957.0770,193.4340,136.2210,0.0000,0.0000,1515.4770
1236,1,2,1,61.2190,165.8710,0.0000,943.5200,195.3170,134.0370,0.0000,0.0000,1499.9640
1237,1,2,0,62.5290,167.5320,0.0000,944.2770,193.0830,133.0520,0.0000,0.0000,1500.4730
1238,1,2,0,61.2740,165.9380,0.0000,945.7600,237.9940,140.0670,0.0000,0.0000,1551.0330
1239,1,2,1,64.1050,174.9230,0.0000,947.1080,195.8580,137.1510,0.0000,0.0000,1519.1450
1240,1,2,1,61.3420,167.4830,0.0000,944.5540,194.8370,134.9850,0.0000,0.0000,1503.2010
1241,1,2,1,61.9020,167.6670,0.0000,940.7200,194.9480,134.1850,0.0000,0.0000,1499.4220
1242,1,2,1,61.6860,165.5140,0.0000,954.3810,195.0090,133.8090,0.0000,0.0000,1510.3990
1243,1,2,1,62.3020,165.6000,0.0000,940.6150,195.8090,134.1600,0.0000,0.0000,1498.4860
1244,1,2,1,60.6030,164.5720,0.0000,944.7690,192.5660,135.1390,0.0000,0.0000,1497.6490
1245,1,2,1,104.6530,181.2980,0.0000,946.8490,200.6520,143.9750,0.0000,0.0000,1577.4270
1246,1,2,1,62.5170,171.2250,0.0000,943.9880,196.5540,138.1970,0.0000,0.0000,1512.4810
1247,1,2,0,60.6460,165.2610,0.0000,942.7750,196.4800,136.2210,0.0000,0.0000,1501.3830
1248,1,2,1,63.4460,169.3350,0.0000,956.3880,195.9510,135.7230,0.0000,0.0000,1520.8430
1249,1,2,1,62.0190,165.7040,0.0000,945.5260,193.8340,134.9660,0.0000,0.0000,1502.0490
1250,1,2,1,62.4740,167.0150,0.0000,945.1140,194.4430,133.7040,0.0000,0.0000,1502.7500
1251,0,2,0,60.9850,166.1480,0.0000,949.8090,214.8740,143.3290,0.0000,0.0000,1535.1450
1252,0,2,0,65.4040,175.2680,0.0000,950.2460,198.8370,136.5230,0.0000,0.0000,1526.2780
1253,1,2,1,61.2310,168.7330,0.0000,944.3140,194.9480,135.8460,0.0000,0.0000,1505.0720
1254,1,2,1,61.0520,168.6330,0.0000,942.7260,193.7420,138.0060,0.0000,0.0000,1504.1590
1255,1,2,1,61.6070,166.2160,0.0000,944.7870,193.6920,137.5200,0.0000,0.0000,1503.8220
1256,0,2,0,59.5570,164.9540,0.0000,944.5790,193.4710,132.9600,0.0000,0.0000,1495.5210
1257,1,2,1,61.6800,166.2340,0.0000,954.7630,209.7230,137.8520,0.0000,0.0000,1530.2520
1258,1,2,1,62.9230,172.0610,0.0000,942.9910,196.4980,138.3750,0.0000,0.0000,1512.8480
1259,1,2,1,61.8890,166.8560,0.0000,943.2800,194.3690,136.2650,0.0000,0.0000,1502.6590
1260,1,2,1,62.2030,166.5230,0.0000,946.3940,196.6030,133.9880,0.0000,0.0000,1505.7110
1261,1,2,0,61.4280,166.6160,0.0000,945.2060,194.9660,134.8800,0.0000,0.0000,1503.0960
1262,1,2,1,61.3840,167.8830,0.0000,942.6950,193.9750,135.0520,0.0000,0.0000,1500.9890
1263,1,2,1,62.0180,166.9360,0.0000,951.3730,203.0030,137.7230,0.0000,0.0000,1521.0530
1264,1,2,1,63.0650,168.0870,0.0000,958.6580,195.0280,137.7170,0.0000,0.0000,1522.5550
1265,0,2,0,62.7750,166.9600,0.0000,958.0740,195.5570,133.7300,0.0000,0.0000,1517.0960
1266,1,2,1,62.9170,166.2830,0.0000,955.5820,194.8740,133.8520,0.0000,0.0000,1513.5080
1267,1,2,1,62.5350,165.1260,0.0000,955.3040,193.9630,134.0800,0.0000,0.0000,1511.0080
1268,1,2,1,61.6490,165.0160,0.0000,954.9350,193.5630,132.9170,0.0000,0.0000,1508.0800
1269,1,2,0,62.0120,166.8730,0.0000,942.9230,260.4680,138.6900,0.0000,0.0000,1570.9660
1270,1,2,1,62.0000,174.3510,0.0000,943.7050,195.8030,136.8490,0.0000,0.0000,1512.7080
1271,1,2,1,60.7820,165.0530,0.0000,945.5940,195.9880,135.3910,0.0000,0.0000,1502.8080
1272,1,2,1,61.6430,167.5630,0.0000,955.2370,196.0740,133.9200,0.0000,0.0000,1514.4370
1273,1,2,1,61.9940,167.9390,0.0000,944.2400,193.6980,134.6590,0.0000,0.0000,1502.5300
1274,1,2,1,62.7200,168.7260,0.0000,955.6240,195.6000,135.4340,0.0000,0.0000,1518.1040
1275,1,2,1,62.2090,168.1850,0.0000,944.9840,195.9200,178.3080,0.0000,0.0000,1549.6060
1276,1,2,1,64.4360,170.4180,0.0000,942.8990,197.3780,135.7230,0.0000,0.0000,1510.8540
1277,1,2,1,62.8550,169.1810,0.0000,943.7350,194.0060,138.7760,0.0000,0.0000,1508.5530
1278,1,2,1,61.2490,166.3880,0.0000,946.2340,195.2490,136.0860,0.0000,0.0000,1505.2060
1279,1,2,1,62.1290,166.4120,0.0000,943.8160,193.0160,136.0060,0.0000,0.0000,1501.3790
1280,1,2,1,61.9510,166.0430,0.0000,956.6150,195.1390,133.1870,0.0000,0.0000,1512.9350
1281,0,2,0,61.3850,165.3850,0.0000,942.7330,196.0180,136.1050,0.0000,0.0000,1501.6260
1282,1,2,1,63.0090,204.7200,0.0000,947.0340,201.4520,134.7020,0.0000,0.0000,1550.9170
1283,1,2,1,63.0340,168.7380,0.0000,947.4340,196.5050,135.9380,0.0000,0.0000,1511.6490
1284,1,2,1,62.1540,164.3630,0.0000,943.7350,194.0550,134.4740,0.0000,0.0000,1498.7810
1285,1,2,1,61.6120,164.9410,0.0000,945.8100,194.2400,133.2490,0.0000,0.0000,1499.8520
1286,1,2,1,61.0710,164.5540,0.0000,947.2300,195.0710,136.1970,0.0000,0.0000,1504.1230
1287,1,2,1,61.8160,165.5630,0.0000,954.9050,194.4310,132.8000,0.0000,0.0000,1509.5150
1288,1,2,1,60.3630,164.6700,0.0000,944.4250,206.7810,138.8120,0.0000,0.0000,1515.0510
1289,0,2,0,62.0300,172.5110,0.0000,947.2740,195.0950,137.7420,0.0000,0.0000,1514.6520
1290,1,2,1,62.7820,164.0370,0.0000,942.4430,193.9380,133.7720,0.0000,0.0000,1496.9720
1291,1,2,1,60.3940,167.4520,0.0000,941.7850,195.2360,134.5670,0.0000,0.0000,1499.4340
1292,0,2,0,61.2180,166.6100,0.0000,944.0500,194.1480,135.3110,0.0000,0.0000,1501.3370
1293,1,2,1,61.3110,169.2920,0.0000,955.8770,194.9540,136.0680,0.0000,0.0000,1517.5020
1294,1,2,1,61.8220,167.0960,0.0000,947.7970,202.0920,136.1350,0.0000,0.0000,1514.9420
1295,1,2,1,62.8370,168.7200,0.0000,944.6520,195.1570,136.3510,0.0000,0.0000,1507.7170
1296,1,2,1,61.6310,165.8400,0.0000,956.1170,194.0990,137.6300,0.0000,0.0000,1515.3170
1297,1,2,1,61.0710,166.9410,0.0000,941.9940,192.9970,134.8860,0.0000,0.0000,1497.8890
1298,0,2,0,63.5510,164.9790,0.0000,942.8490,194.4920,134.5050,0.0000,0.0000,1500.3760
1299,1,2,1,61.5130,166.2590,0.0000,945.5880,194.1540,134.4060,0.0000,0.0000,1501.9200
1300,0,2,0,61.0330,165.0030,0.0000,946.3630,258.3200,154.1160,0.0000,0.0000,1584.8350
1301,1,2,1,67.2180,184.1540,0.0000,957.1570,205.7170,142.6150,0.0000,0.0000,1556.8610
1302,0,2,0,64.1230,169.7540,0.0000,945.8150,195.9010,138.6950,0.0000,0.0000,1514.2880
1303,1,2,1,61.9940,168.2030,0.0000,944.3260,195.8960,135.6060,0.0000,0.0000,1506.0250
1304,1,2,1,60.4430,168.7070,0.0000,957.8900,194.7270,134.6280,0.0000,0.0000,1516.3950
1305,1,2,1,61.8650,165.5810,0.0000,944.2210,197.0270,133.6800,0.0000,0.0000,1502.3740
1306,1,2,1,61.9020,167.0090,0.0000,942.8980,194.1910,204.6520,0.0000,0.0000,1570.6520
1307,1,2,1,63.9630,174.0800,0.0000,944.1470,197.7790,135.8460,0.0000,0.0000,1515.8150
1308,1,2,1,63.2680,168.3630,0.0000,949.1080,195.0520,135.0520,0.0000,0.0000,1510.8430
1309,1,2,1,62.0930,167.7110,0.0000,944.4000,195.4030,134.7080,0.0000,0.0000,1504.3150
1310,1,2,1,60.6590,167.5630,0.0000,941.8280,194.4000,134.0310,0.0000,0.0000,1498.4810
1311,1,2,1,62.5840,166.1970,0.0000,944.5410,193.1570,135.8890,0.0000,0.0000,1502.3680
1312,1,2,0,60.4680,163.9380,0.0000,941.9450,196.8240,134.3690,0.0000,0.0000,1497.5440
1313,1,2,0,61.1140,207.9140,0.0000,947.6980,197.0580,136.5170,0.0000,0.0000,1550.3010
1314,1,2,1,62.4120,167.8520,0.0000,942.1290,195.6990,135.6000,0.0000,0.0000,1503.6920
1315,1,2,1,62.4130,165.9380,0.0000,944.0120,195.7780,135.4220,0.0000,0.0000,1503.5630
1316,0,2,1,61.0280,165.2610,0.0000,943.1390,194.0490,135.6860,0.0000,0.0000,1499.1630
1317,1,2,1,59.8520,166.6460,0.0000,943.5570,195.7420,135.1020,0.0000,0.0000,1500.8990
1318,1,2,1,60.7630,166.6090,0.0000,941.4590,194.7760,131.8030,0.0000,0.0000,1495.4100
1319,1,2,1,61.4470,166.5290,0.0000,954.2090,204.5670,141.5700,0.0000,0.0000,1528.3220
1320,1,2,1,63.0150,169.4030,0.0000,946.0920,198.7750,137.6920,0.0000,0.0000,1514.9770
1321,0,2,0,62.0370,166.9970,0.0000,944.3690,195.8210,135.0710,0.0000,0.0000,1504.2950
1322,1,2,1,63.1260,167.3600,0.0000,945.4210,195.0830,132.5350,0.0000,0.0000,1503.5250
1323,1,2,1,60.7320,165.1130,0.0000,942.3570,193.6620,133.7170,0.0000,0.0000,1495.5810
1324,1,2,1,63.2000,166.5970,0.0000,943.4580,196.3630,134.4120,0.0000,0.0000,1504.0300
1325,1,2,1,60.7450,168.4610,0.0000,948.8800,203.8220,137.6430,0.0000,0.0000,1519.5510
1326,1,2,1,61.4650,167.8650,0.0000,947.9260,195.7600,136.2770,0.0000,0.0000,1509.2930
1327,1,2,1,61.6800,166.9660,0.0000,944.6340,193.7170,135.1130,0.0000,0.0000,1502.1100
1328,1,2,1,60.8610,166.1660,0.0000,946.3630,195.5690,135.4900,0.0000,0.0000,1504.4490
1329,1,2,1,61.7170,168.3570,0.0000,945.3230,194.8550,134.0800,0.0000,0.0000,1504.3320
1330,1,2,1,60.9410,167.3720,0.0000,955.9940,194.6330,134.9600,0.0000,0.0000,1513.9000
1331,1,2,1,61.8340,165.7290,0.0000,969.8030,203.6920,139.1140,0.0000,0.0000,1540.1720
1332,1,2,1,63.6610,169.4270,0.0000,942.4370,196.1470,133.8340,0.0000,0.0000,1505.5060
1333,1,2,1,62.4310,166.9110,0.0000,946.9660,195.3660,132.7870,0.0000,0.0000,1504.4610
1334,1,2,1,60.0550,167.6990,0.0000,944.9910,195.5510,133.4400,0.0000,0.0000,1501.7360
1335,1,2,1,61.9260,166.5600,0.0000,944.0740,194.9160,133.0400,0.0000,0.0000,1500.5160
1336,1,2,1,60.4980,162.8670,0.0000,942.6280,193.4830,132.8250,0.0000,0.0000,1492.3010
1337,1,2,1,60.5050,164.8990,0.0000,942.7080,195.8580,174.0800,0.0000,0.0000,1538.0500
1338,1,2,1,63.6370,169.5440,0.0000,944.7640,198.8860,135.8280,0.0000,0.0000,1512.6590
1339,1,2,1,61.2860,167.6920,0.0000,950.6830,194.4310,136.1790,0.0000,0.0000,1510.2710
1340,1,2,1,63.1080,166.2830,0.0000,944.8250,194.4870,134.4240,0.0000,0.0000,1503.1270
1341,1,2,1,61.3290,165.0650,0.0000,944.5720,195.9200,132.5050,0.0000,0.0000,1499.3910
1342,1,2,1,60.9970,165.2680,0.0000,956.3440,194.0800,134.2580,0.0000,0.0000,1510.9470
1343,1,2,1,62.9160,167.1200,0.0000,943.7170,194.8490,133.2550,0.0000,0.0000,1501.8570
1344,1,2,1,61.0400,221.9140,0.0000,955.5140,219.3720,148.4740,0.0000,0.0000,1606.3140
1345,1,2,1,64.0310,175.1570,0.0000,947.7840,199.1320,138.0860,0.0000,0.0000,1524.1900
1346,0,2,0,62.2580,168.3390,0.0000,941.6740,196.9530,137.4710,0.0000,0.0000,1506.6950
1347,1,2,1,62.0370,165.6250,0.0000,943.7970,195.6060,137.2800,0.0000,0.0000,1504.3450
1348,1,2,1,62.2830,167.1140,0.0000,944.0430,195.1940,133.7670,0.0000,0.0000,1502.4010
1349,1,2,1,60.7750,166.1790,0.0000,946.8120,195.4710,135.0830,0.0000,0.0000,1504.3200
1350,1,2,1,61.1070,167.8400,0.0000,949.2620,203.0220,137.5140,0.0000,0.0000,1518.7450
1351,0,2,0,61.9880,170.1480,0.0000,945.6740,195.7720,135.5140,0.0000,0.0000,1509.0960
1352,1,2,1,61.3850,166.1170,0.0000,944.0060,194.7570,133.6190,0.0000,0.0000,1499.8840
1353,1,2,1,61.1820,168.2340,0.0000,946.3510,193.9630,136.0060,0.0000,0.0000,1505.7360
1354,1,2,1,61.1380,167.6430,0.0000,957.5750,194.9050,135.3050,0.0000,0.0000,1516.5660
1355,1,2,1,62.5910,165.9700,0.0000,941.7910,194.9230,134.9540,0.0000,0.0000,1500.2290
1356,1,2,1,64.3690,164.6830,0.0000,957.9570,200.6280,138.5790,0.0000,0.0000,1526.2160
1357,1,2,1,62.6280,170.8180,0.0000,942.3750,195.0030,137.1820,0.0000,0.0000,1508.0060
1358,1,2,1,60.4670,167.6550,0.0000,944.4060,197.1390,135.8400,0.0000,0.0000,1505.5070
1359,1,2,1,61.1270,167.2190,0.0000,944.0130,195.0220,135.2620,0.0000,0.0000,1502.6430
1360,1,2,1,61.0400,164.6650,0.0000,943.1690,192.8250,135.6440,0.0000,0.0000,1497.3430
1361,0,2,0,61.8220,166.2520,0.0000,942.1660,194.5230,135.5750,0.0000,0.0000,1500.3380
1362,1,2,1,60.2160,165.4590,0.0000,959.1130,233.6490,152.0730,0.0000,0.0000,1570.5100
1363,1,2,1,67.7420,181.2800,0.0000,953.2730,201.4030,144.2770,0.0000,0.0000,1547.9750
1364,1,2,1,64.0130,171.7840,0.0000,959.1760,197.8030,138.2090,0.0000,0.0000,1530.9850
1365,1,2,1,62.5170,168.1040,0.0000,945.4650,194.5790,137.3170,0.0000,0.0000,1507.9820
1366,1,2,1,61.7850,168.3880,0.0000,952.7940,196.0980,134.0250,0.0000,0.0000,1513.0900
1367,1,2,1,63.2370,166.9160,0.0000,947.7480,194.7500,134.4000,0.0000,0.0000,1507.0510
1368,1,2,1,60.4000,165.8340,0.0000,943.1140,247.8030,139.1760,0.0000,0.0000,1556.3270
1369,1,2,1,61.4270,173.1140,0.0000,944.2770,199.4640,138.1170,0.0000,0.0000,1516.3990
1370,1,2,1,61.8890,166.1360,0.0000,944.2530,196.2890,133.7600,0.0000,0.0000,1502.3270
1371,1,2,1,62.1110,167.6370,0.0000,942.2280,194.4740,134.8000,0.0000,0.0000,1501.2500
1372,1,2,1,62.4990,166.7320,0.0000,942.0560,194.8000,133.9880,0.0000,0.0000,1500.0750
1373,1,2,1,63.2550,167.6440,0.0000,944.0680,193.7420,134.0120,0.0000,0.0000,1502.7210
1374,1,2,1,60.6150,163.7290,0.0000,944.9660,193.8960,134.7450,0.0000,0.0000,1497.9510
1375,1,2,1,112.2470,175.8770,0.0000,947.6920,198.9170,139.8950,0.0000,0.0000,1574.6280
1376,1,2,1,64.3010,168.6830,0.0000,948.1360,197.4220,136.9720,0.0000,0.0000,1515.5140
1377,1,2,1,61.9450,166.6210,0.0000,943.4090,194.4800,134.9040,0.0000,0.0000,1501.3590
1378,1,2,1,61.6610,167.1880,0.0000,945.1450,193.7470,134.5540,0.0000,0.0000,1502.2950
1379,0,2,0,61.0460,166.3320,0.0000,956.8370,195.2370,135.8650,0.0000,0.0000,1515.3170
1380,1,2,1,61.4640,168.3200,0.0000,941.6000,196.3750,134.6650,0.0000,0.0000,1502.4240
1381,1,2,1,60.5660,165.8210,0.0000,953.8770,204.4860,137.7720,0.0000,0.0000,1522.5220
1382,1,2,1,62.0980,168.4250,0.0000,945.0150,194.5600,137.1450,0.0000,0.0000,1507.2430
1383,1,2,1,61.7360,166.1660,0.0000,943.8640,195.0950,135.6180,0.0000,0.0000,1502.4790
1384,1,2,1,60.8860,165.9270,0.0000,942.4370,192.1910,135.9140,0.0000,0.0000,1497.3550
1385,1,2,1,61.6680,164.8800,0.0000,941.7970,192.3570,137.0460,0.0000,0.0000,1497.7480
1386,1,2,1,60.5730,166.6710,0.0000,955.4400,193.7230,133.6860,0.0000,0.0000,1510.0930
1387,1,2,1,61.5270,165.7850,0.0000,951.8090,202.4550,135.8400,0.0000,0.0000,1517.4160
1388,1,2,1,61.6060,167.3110,0.0000,943.2740,196.7450,137.5570,0.0000,0.0000,1506.4930
1389,1,2,1,60.9850,167.2930,0.0000,942.0370,192.0240,134.7940,0.0000,0.0000,1497.1330
1390,1,2,0,62.4000,167.1570,0.0000,956.6090,196.2890,134.8490,0.0000,0.0000,1517.3040
1391,1,2,1,59.6430,166.7630,0.0000,943.8210,194.6650,134.2950,0.0000,0.0000,1499.1870
1392,1,2,1,59.9820,165.6370,0.0000,955.9940,191.1140,133.6860,0.0000,0.0000,1506.4130
1393,1,2,1,61.3360,165.8400,0.0000,954.9050,206.6580,136.8920,0.0000,0.0000,1525.6310
1394,1,2,1,63.2610,167.1940,0.0000,946.3200,197.0830,136.0740,0.0000,0.0000,1509.9320
1395,0,2,0,61.0890,167.3420,0.0000,944.7880,196.0550,134.4060,0.0000,0.0000,1503.6800
1396,1,2,1,60.4550,165.9200,0.0000,944.3760,194.6460,137.2800,0.0000,0.0000,1502.6770
1397,1,2,1,61.8400,168.2210,0.0000,944.5350,194.0800,135.8890,0.0000,0.0000,1504.5650
1398,1,2,1,62.4120,165.8710,0.0000,955.3100,192.6700,134.8560,0.0000,0.0000,1511.1190
1399,1,2,1,61.0030,164.7810,0.0000,947.6920,236.2950,135.8890,0.0000,0.0000,1545.6600
1400,0,2,0,62.8680,169.9380,0.0000,944.0680,200.3690,136.2330,0.0000,0.0000,1513.4760
1401,1,2,1,63.1630,168.2400,0.0000,943.6680,195.2430,134.6590,0.0000,0.0000,1504.9730
1402,1,2,1,60.4370,166.1970,0.0000,943.3350,194.8000,135.9870,0.0000,0.0000,1500.7560
1403,1,2,1,61.9820,167.5880,0.0000,956.6530,194.3130,134.5970,0.0000,0.0000,1515.1330
1404,0,2,0,61.3960,165.7910,0.0000,942.4860,196.2580,136.7690,0.0000,0.0000,1502.7000
1405,1,2,1,61.8090,166.8130,0.0000,957.0030,193.0890,136.0800,0.0000,0.0000,1514.7940
1406,1,2,1,106.3080,172.5530,0.0000,945.9880,200.2400,137.7790,0.0000,0.0000,1562.8680
1407,1,2,1,64.3940,168.1730,0.0000,945.5930,196.1350,136.9170,0.0000,0.0000,1511.2120
1408,1,2,1,63.2620,167.1140,0.0000,946.0120,196.4800,133.0150,0.0000,0.0000,1505.8830
1409,1,2,1,62.2150,167.8030,0.0000,941.8830,194.2710,133.9140,0.0000,0.0000,1500.0860
1410,0,2,0,61.3170,168.0740,0.0000,943.7170,195.7230,136.5170,0.0000,0.0000,1505.3480
1411,1,2,1,62.0550,168.3440,0.0000,957.7110,194.0310,133.8830,0.0000,0.0000,1516.0240
1412,0,2,0,61.8710,166.2590,0.0000,958.1850,222.3450,144.4620,0.0000,0.0000,1553.1220
1413,1,2,1,65.9750,175.7480,0.0000,945.1200,202.1230,138.5040,0.0000,0.0000,1527.4700
1414,1,2,1,62.3140,171.2370,0.0000,942.1720,195.4030,134.4430,0.0000,0.0000,1505.5690
1415,0,2,0,61.8770,166.5290,0.0000,945.7110,197.0090,133.1510,0.0000,0.0000,1504.2770
1416,1,2,1,62.4550,164.4550,0.0000,956.2400,193.6430,137.3360,0.0000,0.0000,1514.1290
1417,1,2,1,63.3660,165.8280,0.0000,942.8610,194.8060,135.3230,0.0000,0.0000,1502.1840
1418,1,2,1,61.3780,166.2580,0.0000,947.9140,205.8210,140.7510,0.0000,0.0000,1522.1220
1419,1,2,1,63.0030,169.3160,0.0000,946.3930,196.1230,136.4920,0.0000,0.0000,1511.3270
1420,1,2,1,61.4340,167.9820,0.0000,942.5170,196.5730,136.4300,0.0000,0.0000,1504.9360
1421,1,2,1,62.5600,165.3410,0.0000,942.0560,192.8860,132.8250,0.0000,0.0000,1495.6680
1422,1,2,1,62.0070,165.9390,0.0000,956.9730,194.6160,133.7420,0.0000,0.0000,1513.2770
1423,1,2,1,62.6650,167.1140,0.0000,943.9450,193.9810,136.7510,0.0000,0.0000,1504.4560
1424,1,2,1,61.6800,167.4400,0.0000,956.9170,205.0220,137.9870,0.0000,0.0000,1529.0460
1425,1,2,1,63.6370,170.9910,0.0000,942.8930,196.5230,136.8740,0.0000,0.0000,1510.9180
1426,1,2,1,62.4860,168.6030,0.0000,957.6620,194.0060,133.1930,0.0000,0.0000,1515.9500
1427,1,2,1,62.9790,167.6250,0.0000,946.0860,195.1570,134.7870,0.0000,0.0000,1506.6340
1428,1,2,1,60.6640,165.0030,0.0000,943.4650,192.3750,134.8060,0.0000,0.0000,1496.3130
1429,0,2,0,60.8500,167.0770,0.0000,946.4870,194.5170,132.5420,0.0000,0.0000,1501.4730
1430,1,2,1,61.9320,166.5970,0.0000,944.3450,235.1630,133.9690,0.0000,0.0000,1542.0060
1431,1,2,1,61.9450,168.2400,0.0000,944.9660,195.4950,133.8030,0.0000,0.0000,1504.4490
1432,1,2,1,61.8030,169.1140,0.0000,941.3040,193.6490,134.2520,0.0000,0.0000,1500.1220
1433,1,2,1,62.1360,166.9410,0.0000,943.3040,196.5290,132.7200,0.0000,0.0000,1501.6300
1434,1,2,1,62.2150,167.1570,0.0000,942.6960,194.4180,135.1450,0.0000,0.0000,1501.6310
1435,1,2,1,62.6640,167.4460,0.0000,941.2190,193.1570,135.2000,0.0000,0.0000,1499.6860
1436,1,2,1,62.1350,166.7450,0.0000,954.9300,193.5570,134.6400,0.0000,0.0000,1512.0070
1437,1,2,1,110.9110,176.4120,0.0000,944.3510,198.2340,138.5900,0.0000,0.0000,1568.4980
1438,1,2,1,62.8180,169.7420,0.0000,944.9970,194.9480,136.6700,0.0000,0.0000,1509.1750
1439,1,2,1,63.3540,169.2310,0.0000,943.5450,194.0800,134.8310,0.0000,0.0000,1505.0410
1440,1,2,1,62.5660,167.5880,0.0000,948.4610,193.1200,134.6280,0.0000,0.0000,1506.3630
1441,1,2,1,61.2920,166.4680,0.0000,945.0770,194.8300,135.3420,0.0000,0.0000,1503.0090
1442,1,2,1,62.2460,166.8000,0.0000,942.6400,193.6920,133.3350,0.0000,0.0000,1498.7130
1443,0,2,0,62.2220,163.9010,0.0000,951.4520,202.1470,137.3720,0.0000,0.0000,1517.0940
1444,0,2,0,61.5760,167.9940,0.0000,944.1290,197.1690,134.0990,0.0000,0.0000,1504.9670
1445,1,2,1,63.9570,166.6710,0.0000,956.1410,195.9940,133.4770,0.0000,0.0000,1516.2400
1446,1,2,1,60.5540,165.2430,0.0000,946.5420,193.7170,143.8460,0.0000,0.0000,1509.9020
1447,1,2,1,79.2860,214.6030,0.0000,957.7420,271.4220,172.3750,0.0000,0.0000,1695.4280
1448,0,2,1,71.7910,192.2520,0.0000,956.3810,208.7690,145.2680,0.0000,0.0000,1574.4610
1449,1,2,1,63.8400,173.2430,0.0000,949.7540,216.4250,146.5540,0.0000,0.0000,1549.8160
1450,0,2,1,63.3420,176.5540,0.0000,957.1080,243.7290,157.0760,0.0000,0.0000,1597.8090
1451,1,2,1,68.2210,187.7790,0.0000,961.4030,224.5600,150.2700,0.0000,0.0000,1592.2330
1452,1,2,1,67.5140,178.9720,0.0000,949.2800,202.4060,141.3730,0.0000,0.0000,1539.5450
1453,0,2,0,62.8620,172.4740,0.0000,959.8270,201.6560,138.6030,0.0000,0.0000,1535.4220
1454,1,2,1,62.4620,168.7760,0.0000,956.4180,194.0310,136.9110,0.0000,0.0000,1518.5980
1455,1,2,1,62.3010,167.2240,0.0000,952.9720,212.7750,140.9720,0.0000,0.0000,1536.2440
1456,1,2,1,63.9260,171.6490,0.0000,947.2250,199.2980,138.9170,0.0000,0.0000,1521.0150
1457,1,2,1,61.1010,169.4270,0.0000,948.5420,195.7730,136.7690,0.0000,0.0000,1511.6120
1458,1,2,1,61.4650,166.3630,0.0000,945.8830,196.6270,135.6430,0.0000,0.0000,1505.9810
1459,0,2,0,62.8680,168.7380,0.0000,943.3600,195.5200,133.8030,0.0000,0.0000,1504.2890
1460,0,2,0,60.6580,165.8100,0.0000,944.1050,194.4730,134.1780,0.0000,0.0000,1499.2240
1461,0,2,0,61.6800,166.5050,0.0000,945.7720,233.8100,150.4250,0.0000,0.0000,1558.1920
1462,1,2,1,66.8610,181.2550,0.0000,959.6490,202.8560,142.0060,0.0000,0.0000,1552.6270
1463,1,2,1,64.7940,170.3330,0.0000,942.7570,200.8990,137.0210,0.0000,0.0000,1515.8040
1464,0,2,0,62.7080,166.8920,0.0000,948.0240,195.7720,135.2550,0.0000,0.0000,1508.6510
1465,0,2,0,61.2430,168.8370,0.0000,943.5080,196.8860,136.5840,0.0000,0.0000,1507.0580
1466,1,2,1,61.9390,168.4860,0.0000,943.3040,194.3390,133.9070,0.0000,0.0000,1501.9750
1467,1,2,1,61.9130,165.9570,0.0000,956.7750,204.2520,137.1810,0.0000,0.0000,1526.0780
1468,0,2,0,61.7050,167.7290,0.0000,944.4430,195.7720,135.9940,0.0000,0.0000,1505.6430
1469,1,2,1,61.5570,166.4300,0.0000,945.9020,195.4530,135.4400,0.0000,0.0000,1504.7820
1470,1,2,1,61.9200,166.1540,0.0000,956.2030,194.6710,135.5870,0.0000,0.0000,1514.5350
1471,1,2,1,61.6800,166.4120,0.0000,957.7540,193.6430,134.6770,0.0000,0.0000,1514.1660
1472,1,2,1,62.1360,167.0220,0.0000,954.0980,196.5110,136.5660,0.0000,0.0000,1516.3330
1473,1,2,1,62.3390,166.4920,0.0000,956.3440,202.7450,138.3880,0.0000,0.0000,1526.3080
1474,1,2,1,62.0800,169.5630,0.0000,944.8300,195.0460,136.2160,0.0000,0.0000,1507.7350
1475,1,2,1,62.3140,167.6430,0.0000,942.4430,196.6470,138.1290,0.0000,0.0000,1507.1760
1476,1,2,1,63.0520,165.9440,0.0000,945.5200,192.8800,135.0890,0.0000,0.0000,1502.4850
1477,1,2,1,60.5720,167.1930,0.0000,952.7870,194.9600,135.0340,0.0000,0.0000,1510.5460
1478,1,2,1,61.8650,168.2280,0.0000,955.8100,195.5750,133.9880,0.0000,0.0000,1515.4660
1479,1,2,1,61.1020,165.8460,0.0000,945.4830,193.1870,175.6120,0.0000,0.0000,1541.2300
1480,1,2,1,62.8250,169.8650,0.0000,949.0590,195.0400,134.9290,0.0000,0.0000,1511.7180
1481,1,2,1,60.9230,164.4680,0.0000,944.6220,194.4000,136.0180,0.0000,0.0000,1500.4310
1482,0,2,0,61.3970,169.3850,0.0000,942.4370,193.8700,134.9840,0.0000,0.0000,1502.0730
1483,1,2,0,61.8950,166.4430,0.0000,957.3230,193.5010,133.4830,0.0000,0.0000,1512.6450
1484,1,2,1,62.5170,166.6030,0.0000,941.7600,193.9570,133.5880,0.0000,0.0000,1498.4250
1485,1,2,1,61.7970,165.5820,0.0000,943.0090,196.6890,136.2890,0.0000,0.0000,1503.3660
1486,1,2,1,59.6120,199.4220,0.0000,959.0160,200.0310,139.1700,0.0000,0.0000,1557.2510
1487,0,2,0,61.7600,167.8710,0.0000,943.2060,194.1730,134.5480,0.0000,0.0000,1501.5580
1488,1,2,1,62.6100,165.6190,0.0000,947.2310,194.4920,132.1230,0.0000,0.0000,1502.0750
1489,1,2,0,64.0430,166.0610,0.0000,943.2800,195.1750,134.9850,0.0000,0.0000,1503.5440
1490,1,2,1,63.1690,165.7850,0.0000,944.0370,194.9230,134.3510,0.0000,0.0000,1502.2650
1491,1,2,1,61.2860,166.2710,0.0000,944.1840,194.5050,134.2400,0.0000,0.0000,1500.4860
1492,1,2,1,60.8680,166.1240,0.0000,948.9230,211.6740,143.2240,0.0000,0.0000,1530.8130
1493,1,2,0,64.0920,171.9820,0.0000,946.2090,196.5350,137.4770,0.0000,0.0000,1516.2950
1494,1,2,1,62.0180,169.2550,0.0000,942.7440,196.5600,135.7720,0.0000,0.0000,1506.3490
1495,1,2,1,61.6860,166.5900,0.0000,942.3820,193.5820,134.0740,0.0000,0.0000,1498.3140
1496,1,2,1,61.5200,166.0550,0.0000,942.3260,196.0860,133.9260,0.0000,0.0000,1499.9130
1497,1,2,1,61.2620,164.9780,0.0000,945.9820,193.9070,135.0090,0.0000,0.0000,1501.1380
1498,1,2,1,63.2190,168.1660,0.0000,950.3870,203.0270,137.9630,0.0000,0.0000,1522.7620
1499,1,2,1,63.0280,169.7040,0.0000,941.7790,196.9110,134.9970,0.0000,0.0000,1506.4190
1500,1,2,0,83.0650,211.0340,0.0000,960.8620,214.5230,157.7240,0.0000,0.0000,1627.2080
1501,1,2,1,65.6430,178.5350,0.0000,946.6160,201.6500,143.1080,0.0000,0.0000,1535.5520
1502,1,2,1,64.0370,169.2920,0.0000,945.7970,197.8960,137.7970,0.0000,0.0000,1514.8190
1503,1,2,1,63.2430,169.5940,0.0000,945.0590,210.2340,142.9850,0.0000,0.0000,1531.1150
1504,1,2,1,62.7080,170.9730,0.0000,945.6560,199.5020,135.5500,0.0000,0.0000,1514.3890
1505,1,2,1,63.0400,169.4090,0.0000,957.0640,196.0670,135.0220,0.0000,0.0000,1520.6020
1506,1,2,1,62.2890,165.5260,0.0000,956.4490,194.2770,135.6490,0.0000,0.0000,1514.1900
1507,1,2,1,61.3480,166.8190,0.0000,956.1970,195.0400,135.6560,0.0000,0.0000,1515.0600
1508,1,2,1,61.3290,165.5270,0.0000,942.9300,194.0490,133.8460,0.0000,0.0000,1497.6810
1509,1,2,1,61.8340,167.3670,0.0000,978.2520,224.3760,149.8580,0.0000,0.0000,1581.6870
1510,1,2,1,66.5600,178.0120,0.0000,948.6640,200.9230,138.3570,0.0000,0.0000,1532.5160
1511,1,2,1,63.1750,168.6710,0.0000,945.8460,195.5940,135.6250,0.0000,0.0000,1508.9110
1512,1,2,1,61.2730,168.9480,0.0000,943.4830,195.7360,136.6530,0.0000,0.0000,1506.0930
1513,0,2,0,61.3540,167.4770,0.0000,955.5140,193.6000,134.3630,0.0000,0.0000,1512.3080
1514,1,2,1,61.2860,167.5320,0.0000,942.1420,194.6650,137.2920,0.0000,0.0000,1502.9170
1515,0,2,1,63.6980,167.3910,0.0000,944.3690,249.7350,139.7170,0.0000,0.0000,1564.9100
1516,1,2,1,64.6770,173.5750,0.0000,944.9410,198.1910,136.6830,0.0000,0.0000,1518.0670
1517,1,2,1,62.5780,169.1390,0.0000,945.6560,196.1110,136.2770,0.0000,0.0000,1509.7610
1518,1,2,1,62.3810,166.2220,0.0000,942.8860,195.2800,133.8090,0.0000,0.0000,1500.5780
1519,1,2,1,62.6520,168.6710,0.0000,947.8590,194.8430,134.6270,0.0000,0.0000,1508.6520
1520,1,2,1,61.1870,165.3790,0.0000,943.3110,194.0740,134.5910,0.0000,0.0000,1498.5420
1521,1,2,1,61.7290,165.3730,0.0000,942.7570,193.9450,131.0650,0.0000,0.0000,1494.8690
1522,1,2,1,61.6000,222.5230,0.0000,947.5390,198.1170,141.2000,0.0000,0.0000,1570.9790
1523,0,2,0,62.9720,171.2120,0.0000,944.0060,197.1510,135.0220,0.0000,0.0000,1510.3630
1524,0,2,0,64.4370,168.0990,0.0000,946.5660,194.7080,135.6370,0.0000,0.0000,1509.4470
1525,0,2,0,60.9730,164.9110,0.0000,945.1940,194.3140,134.2280,0.0000,0.0000,1499.6200
1526,1,2,1,61.9020,165.3910,0.0000,945.5390,195.4270,136.7820,0.0000,0.0000,1505.0410
1527,1,2,1,61.5630,166.8740,0.0000,946.3140,193.9390,135.9010,0.0000,0.0000,1504.5910
1528,1,2,1,62.1350,165.2920,0.0000,949.4030,203.6430,139.0030,0.0000,0.0000,1519.4760
1529,1,2,1,62.2530,169.7600,0.0000,945.2930,196.5240,136.9970,0.0000,0.0000,1510.8270
1530,1,2,1,63.5140,166.9290,0.0000,948.7810,198.1790,134.2890,0.0000,0.0000,1511.6920
1531,1,2,1,62.9720,167.8530,0.0000,955.9380,195.3410,135.3170,0.0000,0.0000,1517.4210
1532,1,2,1,63.2180,165.5570,0.0000,944.2280,194.0000,135.5320,0.0000,0.0000,1502.5350
1533,0,2,0,62.1660,165.6800,0.0000,943.8160,195.4530,133.2310,0.0000,0.0000,1500.3460
1534,1,2,1,61.6490,166.4930,0.0000,950.8860,201.1330,138.0490,0.0000,0.0000,1518.2100
1535,0,2,0,60.9600,168.0560,0.0000,944.5730,194.7260,134.8430,0.0000,0.0000,1503.1580
1536,0,2,0,60.5780,164.2590,0.0000,947.4830,194.2210,136.1970,0.0000,0.0000,1502.7380
1537,1,2,1,59.7720,168.7630,0.0000,955.3410,193.8100,134.0430,0.0000,0.0000,1511.7290
1538,0,2,0,62.1360,166.3320,0.0000,943.1570,196.4130,135.3840,0.0000,0.0000,1503.4220
1539,1,2,1,61.6990,166.7020,0.0000,944.7330,194.2890,133.3420,0.0000,0.0000,1500.7650
1540,1,2,1,61.2000,164.4250,0.0000,944.9660,203.4710,136.6400,0.0000,0.0000,1510.7020
1541,1,2,1,63.6310,167.5260,0.0000,943.6060,196.4860,135.7050,0.0000,0.0000,1506.9540
1542,1,2,1,61.9810,165.8220,0.0000,948.8490,193.4280,135.6560,0.0000,0.0000,1505.7360
1543,1,2,0,61.4460,164.8310,0.0000,943.1690,195.6000,136.7810,0.0000,0.0000,1501.8270
1544,1,2,1,61.0710,166.0430,0.0000,943.4340,194.0740,136.1720,0.0000,0.0000,1500.7940
1545,1,2,1,60.7640,165.8770,0.0000,941.8280,196.9910,135.7230,0.0000,0.0000,1501.1830
1546,1,2,1,61.0890,165.8090,0.0000,942.7200,193.1510,143.5450,0.0000,0.0000,1506.3140
1547,1,2,1,62.4920,172.0500,0.0000,946.5600,197.5760,135.5510,0.0000,0.0000,1514.2290
1548,1,2,1,61.3540,166.0060,0.0000,943.8840,194.2890,135.1200,0.0000,0.0000,1500.6530
1549,1,2,1,61.6920,168.7880,0.0000,957.2240,194.0920,136.4680,0.0000,0.0000,1518.2640
1550,1,2,1,62.6280,166.9040,0.0000,942.6330,192.9720,135.5390,0.0000,0.0000,1500.6760
1551,1,2,1,62.2580,166.8620,0.0000,943.1750,194.0500,133.9010,0.0000,0.0000,1500.2460
1552,1,2,1,61.1750,165.8150,0.0000,954.5730,194.0930,135.0280,0.0000,0.0000,1510.6840
1553,1,2,1,61.9270,213.8030,0.0000,945.0650,200.2770,137.0890,0.0000,0.0000,1558.1610
1554,0,2,1,63.1880,169.2070,0.0000,948.3260,194.7940,134.9540,0.0000,0.0000,1510.4690
1555,1,2,1,61.3480,166.1600,0.0000,944.2960,197.3110,137.2550,0.0000,0.0000,1506.3700
1556,1,2,1,61.4460,166.6460,0.0000,948.3810,193.8400,135.3970,0.0000,0.0000,1505.7100
1557,1,2,1,61.7360,166.2890,0.0000,957.1570,194.3320,136.5720,0.0000,0.0000,1516.0860
1558,0,2,0,61.5440,165.1140,0.0000,940.6640,194.2520,133.2620,0.0000,0.0000,1494.8360
1559,1,2,1,60.5050,166.2830,0.0000,955.9760,224.6960,149.1510,0.0000,0.0000,1556.6110
1560,1,2,1,66.4740,178.0550,0.0000,947.1200,200.2770,140.3450,0.0000,0.0000,1532.2710
1561,1,2,1,64.0250,169.3480,0.0000,957.4580,197.7110,137.0280,0.0000,0.0000,1525.5700
1562,0,2,0,62.7200,167.0530,0.0000,942.8490,195.9690,133.2370,0.0000,0.0000,1501.8280
1563,1,2,1,60.3570,167.3110,0.0000,956.6950,193.8650,136.1230,0.0000,0.0000,1514.3510
1564,1,2,1,62.5730,164.8060,0.0000,946.7070,194.8120,136.5730,0.0000,0.0000,1505.4710
1565,1,2,1,62.0490,168.4680,0.0000,945.1260,205.8090,141.3780,0.0000,0.0000,1522.8300
1566,1,2,1,64.4180,170.4560,0.0000,947.5390,195.7290,136.6030,0.0000,0.0000,1514.7450
1567,0,2,0,62.3630,168.6950,0.0000,944.5110,194.1350,133.9450,0.0000,0.0000,1503.6490
1568,1,2,1,60.8680,164.3690,0.0000,956.0490,195.3780,134.4120,0.0000,0.0000,1511.0760
1569,1,2,1,62.8980,165.9880,0.0000,942.9970,194.4920,134.8680,0.0000,0.0000,1501.2430
1570,1,2,1,61.9690,164.5170,0.0000,943.8710,195.3780,135.2610,0.0000,0.0000,1500.9960
1571,1,2,1,60.6220,164.9480,0.0000,950.6400,202.4920,136.9720,0.0000,0.0000,1515.6740
1572,1,2,1,62.0920,169.7100,0.0000,943.9750,196.6150,135.7420,0.0000,0.0000,1508.1340
1573,0,2,0,62.7570,168.3140,0.0000,942.5110,195.4150,133.9200,0.0000,0.0000,1502.9170
1574,1,2,1,61.1080,167.5750,0.0000,956.2830,194.4990,134.4430,0.0000,0.0000,1513.9080
1575,1,2,1,62.5410,166.4920,0.0000,954.8870,195.1260,134.8800,0.0000,0.0000,1513.9260
1576,1,2,1,60.3260,166.7630,0.0000,941.9630,196.0240,132.2100,0.0000,0.0000,1497.2860
1577,1,2,1,61.2440,164.2580,0.0000,943.6370,244.7870,137.9820,0.0000,0.0000,1551.9080
1578,1,2,1,62.3810,171.2740,0.0000,942.3820,198.8180,136.6340,0.0000,0.0000,1511.4890
1579,1,2,1,62.4060,167.3170,0.0000,944.6530,197.9260,135.8640,0.0000,0.0000,1508.1660
1580,1,2,1,61.6490,166.8620,0.0000,947.5570,195.2490,136.8680,0.0000,0.0000,1508.1850
1581,1,2,1,62.3130,167.0890,0.0000,942.5350,195.4890,136.2770,0.0000,0.0000,1503.7030
1582,1,2,1,62.4000,165.0710,0.0000,942.3450,194.6700,133.8210,0.0000,0.0000,1498.3070
1583,1,2,1,61.8890,167.3840,0.0000,945.4520,193.6060,133.2060,0.0000,0.0000,1501.5370
1584,0,2,0,108.7870,175.0030,0.0000,946.9790,196.7630,138.7130,0.0000,0.0000,1566.2450
1585,1,2,1,62.0680,168.1730,0.0000,948.2340,198.5660,135.4090,0.0000,0.0000,1512.4500
1586,1,2,1,61.1940,166.9910,0.0000,944.9110,194.3500,136.2040,0.0000,0.0000,1503.6500
1587,1,2,1,61.7720,164.9290,0.0000,943.9820,192.8620,135.7110,0.0000,0.0000,1499.2560
1588,1,2,1,61.1390,167.9810,0.0000,946.9720,195.5260,135.1570,0.0000,0.0000,1506.7750
1589,1,2,1,62.5350,168.6090,0.0000,942.2030,194.5660,134.3510,0.0000,0.0000,1502.2640
1590,1,2,1,61.6430,166.6830,0.0000,944.7880,199.9260,135.0830,0.0000,0.0000,1508.1230
1591,1,2,1,61.2680,168.0250,0.0000,945.3850,198.8670,135.7350,0.0000,0.0000,1509.2800
1592,1,2,1,60.9470,167.5390,0.0000,942.9110,194.6580,134.9850,0.0000,0.0000,1501.0400
1593,0,2,0,59.7780,165.5070,0.0000,942.4130,193.4150,134.9910,0.0000,0.0000,1496.1040
1594,1,2,1,61.3970,166.5600,0.0000,943.2860,195.1140,135.8770,0.0000,0.0000,1502.2340
1595,1,2,1,61.0710,164.2650,0.0000,945.2670,194.2030,134.6340,0.0000,0.0000,1499.4400
1596,1,2,1,62.1540,164.7570,0.0000,945.5450,199.3790,136.8370,0.0000,0.0000,1508.6720
1597,1,2,1,61.0710,169.2190,0.0000,954.0430,198.3880,134.4860,0.0000,0.0000,1517.2070
1598,1,2,1,62.7140,165.0340,0.0000,950.0800,196.7870,135.2070,0.0000,0.0000,1509.8220
1599,1,2,1,61.7660,164.3880,0.0000,957.5690,194.2090,134.5540,0.0000,0.0000,1512.4860
1600,1,2,1,61.6670,166.8130,0.0000,941.4950,195.9450,134.0740,0.0000,0.0000,1499.9940
1601,0,2,0,62.8310,166.6950,0.0000,953.7470,194.4740,134.5600,0.0000,0.0000,1512.3070
1602,1,2,1,61.5080,163.5570,0.0000,946.5970,201.7410,140.5790,0.0000,0.0000,1513.9820
1603,1,2,1,62.4920,167.3420,0.0000,943.2740,196.4500,136.9600,0.0000,0.0000,1506.5180
1604,1,2,1,61.1140,167.5820,0.0000,955.0280,195.7850,136.8060,0.0000,0.0000,1516.3150
1605,1,2,1,62.0680,165.9630,0.0000,947.1330,195.3660,135.1140,0.0000,0.0000,1505.6440
1606,1,2,1,63.3910,166.0120,0.0000,946.2710,193.7480,133.7230,0.0000,0.0000,1503.1450
1607,1,2,1,61.1700,166.5910,0.0000,943.2980,193.8710,134.0180,0.0000,0.0000,1498.9480
1608,1,2,1,60.8990,166.1600,0.0000,943.5570,233.2980,137.9450,0.0000,0.0000,1541.8590
1609,1,2,1,62.1850,171.4150,0.0000,945.1510,198.3330,136.4620,0.0000,0.0000,1513.5460
1610,0,2,0,62.2580,166.9970,0.0000,956.1050,194.7760,134.4740,0.0000,0.0000,1514.6100
1611,1,2,1,61.2990,167.2250,0.0000,956.4860,193.2250,135.0460,0.0000,0.0000,1513.2810
1612,1,2,1,61.0530,166.9100,0.0000,942.2830,194.0550,132.0430,0.0000,0.0000,1496.3440
1613,1,2,1,60.1970,166.0490,0.0000,945.7720,195.0830,133.4400,0.0000,0.0000,1500.5410
1614,1,2,1,61.1630,166.0060,0.0000,945.7470,196.2090,135.9750,0.0000,0.0000,1505.1000
1615,1,2,1,60.3140,216.5660,0.0000,945.9080,200.9970,138.1910,0.0000,0.0000,1561.9760
1616,1,2,1,62.3630,169.6610,0.0000,943.0830,194.8550,135.1200,0.0000,0.0000,1505.0820
1617,1,2,1,61.0460,166.0070,0.0000,948.6400,194.5100,135.7480,0.0000,0.0000,1505.9510
1618,1,2,1,64.7750,165.1870,0.0000,942.2580,194.0670,133.2490,0.0000,0.0000,1499.5360
1619,1,2,1,61.2430,165.1320,0.0000,944.1480,197.0280,133.9260,0.0000,0.0000,1501.4770
1620,1,2,1,60.6530,166.1790,0.0000,941.5510,195.1140,135.3660,0.0000,0.0000,1498.8630
1621,0,2,0,62.0120,165.9140,0.0000,943.8460,201.2610,136.1850,0.0000,0.0000,1509.2180
1622,1,2,1,62.2650,167.9260,0.0000,957.3540,195.0520,136.3820,0.0000,0.0000,1518.9790
1623,1,2,1,61.4830,166.7930,0.0000,955.0460,194.9170,133.3110,0.0000,0.0000,1511.5500
1624,0,2,1,60.7820,164.6950,0.0000,942.9790,195.7300,134.1290,0.0000,0.0000,1498.3150
1625,1,2,1,61.7910,165.1630,0.0000,943.5010,193.6800,136.1910,0.0000,0.0000,1500.3260
1626,1,2,1,58.9850,164.1660,0.0000,941.1380,194.1240,135.3050,0.0000,0.0000,1493.7180
1627,1,2,1,62.2590,164.6470,0.0000,942.5170,204.4610,139.2060,0.0000,0.0000,1513.0900
1628,1,2,1,61.5760,166.9600,0.0000,942.5110,197.6300,135.3960,0.0000,0.0000,1504.0730
1629,1,2,1,62.1850,164.3630,0.0000,945.4400,194.5360,133.5020,0.0000,0.0000,1500.0260
1630,1,2,1,62.0310,167.1630,0.0000,944.5840,193.1880,136.0370,0.0000,0.0000,1503.0030
1631,1,2,1,62.2090,166.8500,0.0000,956.7260,194.1540,135.0830,0.0000,0.0000,1515.0220
1632,1,2,1,62.1420,165.0460,0.0000,942.7020,194.2210,133.3300,0.0000,0.0000,1497.4410
1633,1,2,1,60.6030,166.6700,0.0000,945.9880,201.9510,138.1970,0.0000,0.0000,1513.4090
1634,1,2,1,62.2520,169.4830,0.0000,958.2400,195.4650,136.6460,0.0000,0.0000,1522.0860
1635,1,2,1,60.5350,166.3140,0.0000,957.1200,194.0920,136.7380,0.0000,0.0000,1514.7990
1636,1,2,1,61.9390,166.3330,0.0000,955.7410,196.1970,135.6500,0.0000,0.0000,1515.8600
1637,1,2,1,62.2830,165.3420,0.0000,955.2310,193.8280,133.1130,0.0000,0.0000,1509.7970
1638,1,2,1,61.5320,164.8860,0.0000,944.0060,195.3290,134.2460,0.0000,0.0000,1499.9990
1639,1,2,1,60.8250,166.5840,0.0000,943.0590,195.1390,147.6800,0.0000,0.0000,1513.2870
1640,1,2,1,64.2710,173.7660,0.0000,958.9040,198.7440,136.8620,0.0000,0.0000,1532.5470
1641,1,2,1,62.1230,169.7290,0.0000,946.0550,197.4280,136.9050,0.0000,0.0000,1512.2400
1642,0,2,0,62.6770,166.5050,0.0000,957.0090,194.6400,133.5630,0.0000,0.0000,1514.3940
1643,1,2,1,61.7350,168.0120,0.0000,941.2190,195.0100,134.8740,0.0000,0.0000,1500.8500
1644,1,2,1,62.1660,165.3170,0.0000,944.3940,194.0610,137.1870,0.0000,0.0000,1503.1250
1645,1,2,1,60.9850,166.5600,0.0000,942.6270,196.0980,136.0920,0.0000,0.0000,1502.3620
1646,1,2,1,60.1350,175.9510,0.0000,951.7050,200.0130,142.6520,0.0000,0.0000,1530.4560
1647,0,2,0,63.6560,167.6990,0.0000,947.6870,197.6870,136.2530,0.0000,0.0000,1512.9820
1648,1,2,1,62.9790,166.3820,0.0000,942.7940,194.3380,134.9230,0.0000,0.0000,1501.4160
1649,1,2,1,61.7360,166.0740,0.0000,954.7260,195.0220,133.5940,0.0000,0.0000,1511.1520
1650,1,2,1,60.7570,168.0060,0.0000,942.6400,196.1540,134.8430,0.0000,0.0000,1502.4000
1651,1,2,1,61.2000,166.4060,0.0000,942.5290,195.0030,134.4310,0.0000,0.0000,1499.5690
1652,1,2,1,60.6220,165.9880,0.0000,948.9730,201.2680,137.4400,0.0000,0.0000,1514.2910
1653,1,2,1,62.1970,167.6860,0.0000,956.2710,193.9260,136.1970,0.0000,0.0000,1516.2770
1654,0,2,0,62.1660,166.0490,0.0000,943.2120,193.8650,135.6920,0.0000,0.0000,1500.9840
1655,0,2,0,61.9140,166.9110,0.0000,944.0430,194.5110,134.7320,0.0000,0.0000,1502.1110
1656,1,2,0,64.3510,164.4550,0.0000,944.2890,194.5300,133.5200,0.0000,0.0000,1501.1450
1657,1,2,1,61.3170,165.8590,0.0000,941.5260,196.5170,134.6030,0.0000,0.0000,1499.8220
1658,1,2,1,62.1110,166.4560,0.0000,944.7570,200.6330,136.1360,0.0000,0.0000,1510.0930
1659,1,2,1,61.1510,166.5780,0.0000,946.8800,195.4460,136.1480,0.0000,0.0000,1506.2030
1660,1,2,1,61.5570,167.5570,0.0000,943.6560,193.5450,136.1600,0.0000,0.0000,1502.4750
1661,1,2,1,61.2860,167.8340,0.0000,943.0330,195.8640,136.4490,0.0000,0.0000,1504.4660
1662,0,2,0,63.2860,167.0270,0.0000,943.1270,194.4000,136.9600,0.0000,0.0000,1504.8000
1663,1,2,1,61.1320,165.8330,0.0000,942.8670,196.3570,134.0800,0.0000,0.0000,1500.2690
1664,1,2,1,62.5170,167.1330,0.0000,941.6980,201.3230,136.7940,0.0000,0.0000,1509.4650
1665,1,2,1,61.5760,168.6220,0.0000,943.4650,194.8120,137.1320,0.0000,0.0000,1505.6070
1666,1,2,0,62.4000,166.2650,0.0000,948.8190,196.6400,135.0210,0.0000,0.0000,1509.1450
1667,1,2,1,61.2490,166.7450,0.0000,941.5260,196.5790,136.0800,0.0000,0.0000,1502.1790
1668,1,2,1,60.6950,166.0610,0.0000,945.9330,194.4300,134.1910,0.0000,0.0000,1501.3100
1669,1,2,1,60.6160,168.0560,0.0000,942.8740,194.7260,133.8520,0.0000,0.0000,1500.1240
1670,1,2,1,60.6210,164.3510,0.0000,955.7910,193.9870,177.5450,0.0000,0.0000,1552.2950
1671,1,2,1,61.2930,172.3450,0.0000,944.3700,197.6860,135.3170,0.0000,0.0000,1511.0110
1672,1,2,1,62.4740,167.8580,0.0000,957.1020,197.3900,136.0980,0.0000,0.0000,1520.9220
1673,1,2,1,61.7170,166.9970,0.0000,958.0800,197.8470,134.3020,0.0000,0.0000,1518.9430
1674,1,2,1,62.4740,165.5870,0.0000,954.6090,194.5730,135.9630,0.0000,0.0000,1513.2060
1675,0,2,0,62.5850,165.5690,0.0000,958.4740,195.8090,136.0370,0.0000,0.0000,1518.4740
1676,1,2,1,60.6650,166.3440,0.0000,941.8650,191.4890,135.5570,0.0000,0.0000,1495.9200
1677,1,2,1,60.5530,231.6800,0.0000,944.1970,200.6650,137.9380,0.0000,0.0000,1575.0330
1678,1,2,1,63.7170,167.0580,0.0000,945.0400,196.7010,136.0000,0.0000,0.0000,1508.5160
1679,1,2,1,60.9970,165.7230,0.0000,942.3320,195.1570,136.4310,0.0000,0.0000,1500.6400
1680,1,2,1,60.7810,165.6000,0.0000,956.8620,194.5290,137.0400,0.0000,0.0000,1514.8120
1681,1,2,1,61.9140,165.8150,0.0000,957.7350,195.6310,136.3200,0.0000,0.0000,1517.4150
1682,0,2,0,63.3910,165.6120,0.0000,956.9720,194.2830,135.7480,0.0000,0.0000,1516.0060
1683,1,2,1,61.9940,165.1450,0.0000,945.0530,202.4370,135.6920,0.0000,0.0000,1510.3210
1684,1,2,1,62.4430,166.8060,0.0000,946.0120,196.1850,137.5930,0.0000,0.0000,1509.0390
1685,1,2,1,61.6980,166.0490,0.0000,942.5600,195.3100,134.8670,0.0000,0.0000,1500.4840
1686,1,2,1,61.4460,165.6130,0.0000,944.9350,194.0920,135.1510,0.0000,0.0000,1501.2370
1687,1,2,1,60.5780,166.2520,0.0000,954.8120,194.0490,135.7170,0.0000,0.0000,1511.4080
1688,1,2,1,60.0250,166.4000,0.0000,944.4490,193.9200,136.1730,0.0000,0.0000,1500.9670
1689,1,2,1,66.9110,174.9170,0.0000,953.3970,208.6150,143.9450,0.0000,0.0000,1547.7850
1690,1,2,1,63.6430,170.4800,0.0000,943.9760,195.8210,138.7450,0.0000,0.0000,1512.6650
1691,1,2,1,60.6400,168.0180,0.0000,945.4950,194.1050,136.2830,0.0000,0.0000,1504.5410
1692,1,2,1,61.9940,166.1480,0.0000,942.9670,196.8560,134.9480,0.0000,0.0000,1502.9130
1693,1,2,1,61.4340,165.9690,0.0000,947.1820,194.4310,135.9260,0.0000,0.0000,1504.9420
1694,1,2,1,60.3080,165.5690,0.0000,954.7690,193.7170,136.1600,0.0000,0.0000,1510.5230
1695,1,2,1,62.2160,167.4220,0.0000,957.0890,204.5970,140.0310,0.0000,0.0000,1531.3550
1696,1,2,1,62.2400,169.0640,0.0000,945.4830,196.9160,135.2310,0.0000,0.0000,1508.9340
1697,1,2,1,61.9690,165.5380,0.0000,943.2860,193.8580,135.2250,0.0000,0.0000,1499.8760
1698,1,2,1,60.5900,167.4400,0.0000,943.4460,194.6340,135.5140,0.0000,0.0000,1501.6240
1699,0,2,0,62.4990,168.3320,0.0000,943.5570,196.6650,133.9080,0.0000,0.0000,1504.9610
1700,1,2,1,60.8560,166.2160,0.0000,954.5850,194.9230,134.2530,0.0000,0.0000,1510.8330
1701,1,2,1,61.6800,165.2000,0.0000,949.5140,248.9480,138.9910,0.0000,0.0000,1564.3330
1702,1,2,1,61.7290,169.7850,0.0000,948.9850,198.0740,136.1850,0.0000,0.0000,1514.7580
1703,1,2,1,62.4120,167.5510,0.0000,956.7390,194.7140,137.1390,0.0000,0.0000,1518.5550
1704,1,2,1,62.3690,168.6150,0.0000,957.2980,196.0500,134.1170,0.0000,0.0000,1518.4490
1705,1,2,1,61.8890,164.9170,0.0000,958.2830,193.6370,134.2960,0.0000,0.0000,1513.0220
1706,1,2,1,63.4340,164.2830,0.0000,954.4550,193.5070,133.7840,0.0000,0.0000,1509.4630
1707,1,2,1,59.1140,166.4060,0.0000,942.0130,196.0180,133.7910,0.0000,0.0000,1497.3420
1708,1,2,1,65.2180,169.3410,0.0000,944.1360,196.3510,135.2000,0.0000,0.0000,1510.2460
1709,1,2,1,61.5940,166.5660,0.0000,944.0930,195.7730,133.5940,0.0000,0.0000,1501.6200
1710,1,2,1,62.0130,165.3290,0.0000,948.5230,194.3880,134.8000,0.0000,0.0000,1505.0530
1711,1,2,1,60.7630,165.6560,0.0000,956.1170,195.0580,132.7690,0.0000,0.0000,1510.3630
1712,1,2,1,62.3690,166.4060,0.0000,944.4370,192.6890,136.4990,0.0000,0.0000,1502.4000
1713,1,2,1,63.2310,165.5630,0.0000,943.1870,196.2270,133.1260,0.0000,0.0000,1501.3340
1714,1,2,1,62.0800,164.5230,0.0000,1002.9730,204.4000,140.0670,0.0000,0.0000,1574.0430
1715,0,2,0,63.9020,166.3570,0.0000,947.4520,194.9480,137.1940,0.0000,0.0000,1509.8530
1716,1,2,1,61.0090,165.7540,0.0000,958.6460,195.3540,137.0640,0.0000,0.0000,1517.8270
1717,1,2,1,62.0310,167.0770,0.0000,944.1470,194.0800,134.5040,0.0000,0.0000,1501.8390
1718,1,2,1,62.5600,165.5760,0.0000,955.7970,193.4340,134.2530,0.0000,0.0000,1511.6200
1719,1,2,1,61.2180,167.0330,0.0000,942.9170,195.6120,137.7420,0.0000,0.0000,1504.5220
1720,1,2,1,61.6060,166.4130,0.0000,949.5820,203.7660,138.2830,0.0000,0.0000,1519.6500
1721,1,2,1,63.1020,167.7730,0.0000,947.0590,194.1230,136.3940,0.0000,0.0000,1508.4510
1722,1,2,1,62.6890,167.2000,0.0000,942.6400,196.0800,136.6030,0.0000,0.0000,1505.2120
1723,0,2,0,61.5820,163.8770,0.0000,943.5630,195.0950,135.0590,0.0000,0.0000,1499.1760
1724,1,2,1,60.4990,166.6710,0.0000,941.4710,193.4830,132.9360,0.0000,0.0000,1495.0600
1725,1,2,1,62.0240,164.7870,0.0000,956.1910,192.8620,132.7140,0.0000,0.0000,1508.5780
1726,1,2,1,61.3290,165.7970,0.0000,947.5260,202.4740,137.3660,0.0000,0.0000,1514.4920
1727,1,2,1,62.2400,169.0340,0.0000,948.1670,195.6190,135.1630,0.0000,0.0000,1510.2230
1728,1,2,1,60.4800,166.2030,0.0000,956.5970,195.4210,136.4190,0.0000,0.0000,1515.1200
1729,1,2,1,61.7730,168.7700,0.0000,943.6430,193.0960,135.6740,0.0000,0.0000,1502.9560
1730,1,2,1,62.8060,165.6560,0.0000,945.3110,194.4930,135.2740,0.0000,0.0000,1503.5400
1731,1,2,1,62.3320,163.9940,0.0000,942.0310,192.7750,136.2530,0.0000,0.0000,1497.3850
1732,1,2,1,60.7140,163.7780,0.0000,945.3230,237.8770,138.6950,0.0000,0.0000,1546.3870
1733,0,2,0,63.3110,168.1360,0.0000,943.0710,194.7690,137.2500,0.0000,0.0000,1506.5370
1734,1,2,1,61.6250,167.2800,0.0000,947.9810,194.6890,136.1410,0.0000,0.0000,1507.7160
1735,1,2,1,61.3040,166.3820,0.0000,942.4620,196.1420,137.0950,0.0000,0.0000,1503.3850
1736,0,2,0,61.2310,168.2590,0.0000,943.4700,194.4550,132.5780,0.0000,0.0000,1499.9930
1737,1,2,1,62.7260,166.3630,0.0000,955.8960,195.7230,135.1450,0.0000,0.0000,1515.8530
1738,1,2,1,60.1600,166.0860,0.0000,942.5350,194.9660,134.6530,0.0000,0.0000,1498.4000
1739,1,2,1,68.0560,170.3510,0.0000,943.8150,196.4920,135.1380,0.0000,0.0000,1513.8520
1740,1,2,1,61.1810,166.0430,0.0000,945.0400,194.5350,133.0770,0.0000,0.0000,1499.8760
1741,1,2,1,60.1540,167.8900,0.0000,956.2770,195.0160,136.2770,0.0000,0.0000,1515.6140
1742,1,2,1,61.6000,165.7410,0.0000,942.3820,193.5450,135.7170,0.0000,0.0000,1498.9850
1743,1,2,1,61.6430,165.8580,0.0000,955.5630,193.4890,133.9690,0.0000,0.0000,1510.5220
1744,1,2,1,60.4740,165.9510,0.0000,945.0270,194.3750,134.6650,0.0000,0.0000,1500.4920
1745,1,2,1,61.7540,165.6610,0.0000,983.2000,200.1350,136.8990,0.0000,0.0000,1547.6490
1746,1,2,1,63.9510,169.3540,0.0000,944.8490,196.5350,135.6800,0.0000,0.0000,1510.3690
1747,1,2,1,61.7420,168.5170,0.0000,955.5640,195.5570,134.6890,0.0000,0.0000,1516.0690
1748,1,2,1,60.2830,167.0650,0.0000,946.9780,194.1480,132.9100,0.0000,0.0000,1501.3840
1749,1,2,1,61.5940,165.3470,0.0000,955.9940,193.5820,135.3910,0.0000,0.0000,1511.9080
1750,1,2,0,63.2060,165.3850,0.0000,955.6120,194.8310,134.2830,0.0000,0.0000,1513.3170
1751,1,2,1,61.7530,165.2800,0.0000,948.5600,204.5910,138.1350,0.0000,0.0000,1518.3190
1752,0,2,0,62.1480,168.7640,0.0000,945.0280,197.4520,136.7760,0.0000,0.0000,1510.1680
1753,1,2,1,61.5870,166.3390,0.0000,941.8400,196.0740,135.4400,0.0000,0.0000,1501.2800
1754,1,2,1,60.8370,165.7910,0.0000,944.9410,192.2830,133.9630,0.0000,0.0000,1497.8150
1755,1,2,1,61.6120,164.9480,0.0000,957.5760,193.2980,134.7080,0.0000,0.0000,1512.1420
1756,0,2,0,61.2310,165.9690,0.0000,944.1040,192.9850,132.3750,0.0000,0.0000,1496.6640
1757,0,2,0,62.6280,164.5170,0.0000,948.5350,222.7080,147.1380,0.0000,0.0000,1545.5260
1758,1,2,1,68.2710,174.2460,0.0000,943.8580,198.3010,138.4550,0.0000,0.0000,1523.1310
1759,0,2,0,62.5780,166.7510,0.0000,943.4340,196.5050,136.4300,0.0000,0.0000,1505.6980
1760,1,2,1,61.4890,167.2060,0.0000,943.2620,194.4800,135.8280,0.0000,0.0000,1502.2650
1761,1,2,1,62.5240,167.4710,0.0000,942.4250,195.3970,136.6530,0.0000,0.0000,1504.4700
1762,1,2,1,61.4400,166.0310,0.0000,955.5940,195.4340,135.0770,0.0000,0.0000,1513.5760
1763,1,2,1,61.1070,164.6400,0.0000,944.3010,207.6130,137.8400,0.0000,0.0000,1515.5010
1764,1,2,1,62.3140,168.1970,0.0000,943.5690,197.4710,136.3690,0.0000,0.0000,1507.9200
1765,1,2,1,62.8740,166.8670,0.0000,944.3020,194.0310,132.5720,0.0000,0.0000,1500.6460
1766,1,2,1,63.3040,166.1170,0.0000,955.2860,197.1940,135.9140,0.0000,0.0000,1517.8150
1767,1,2,1,60.3690,166.4500,0.0000,943.4280,196.4000,136.9900,0.0000,0.0000,1503.6370
1768,1,2,1,59.4640,165.6180,0.0000,957.3720,195.1750,134.2710,0.0000,0.0000,1511.9000
1769,0,2,0,61.9440,165.3910,0.0000,943.0270,194.4680,180.0920,0.0000,0.0000,1544.9220
1770,1,2,1,64.5100,171.5810,0.0000,957.7170,195.3230,136.0740,0.0000,0.0000,1525.2050
1771,0,2,1,61.5510,166.2830,0.0000,958.1720,194.3390,133.5820,0.0000,0.0000,1513.9270
1772,1,2,1,60.8060,168.1480,0.0000,956.0060,195.9010,135.7050,0.0000,0.0000,1516.5660
1773,1,2,1,62.4680,168.6710,0.0000,957.3480,192.0740,134.6960,0.0000,0.0000,1515.2570
1774,1,2,1,64.6160,163.8460,0.0000,957.3160,194.2280,134.7630,0.0000,0.0000,1514.7690
1775,1,2,1,60.2520,163.5380,0.0000,958.1910,193.9390,135.3110,0.0000,0.0000,1511.2310
1776,1,2,1,61.7780,208.1660,0.0000,942.7260,199.2680,136.7940,0.0000,0.0000,1548.7320
1777,1,2,1,61.5450,162.9480,0.0000,942.4610,195.1320,135.0160,0.0000,0.0000,1497.1020
1778,1,2,1,63.5630,166.8310,0.0000,944.2280,193.5320,136.4740,0.0000,0.0000,1504.6280
1779,1,2,1,61.4090,165.5760,0.0000,956.3750,195.1080,135.8400,0.0000,0.0000,1514.3080
1780,1,2,1,60.8980,165.3780,0.0000,944.2340,195.0090,134.2650,0.0000,0.0000,1499.7840
1781,1,2,1,61.8760,163.6490,0.0000,941.9700,193.5140,134.7140,0.0000,0.0000,1495.7230
1782,0,2,0,62.4120,165.9270,0.0000,946.6090,201.0460,136.1910,0.0000,0.0000,1512.1850
1783,1,2,1,62.5850,169.1510,0.0000,944.8240,197.0580,134.6460,0.0000,0.0000,1508.2640
1784,1,2,0,60.6710,168.4430,0.0000,957.6800,195.0770,134.3380,0.0000,0.0000,1516.2090
1785,1,2,1,61.7850,166.5730,0.0000,942.2830,194.3570,135.6680,0.0000,0.0000,1500.6660
1786,1,2,1,59.8460,167.3230,0.0000,944.3630,193.1750,135.7840,0.0000,0.0000,1500.4910
1787,1,2,1,62.0920,168.0250,0.0000,954.5660,195.5690,132.7320,0.0000,0.0000,1512.9840
1788,1,2,1,61.0890,167.7480,0.0000,946.2030,204.0120,137.4590,0.0000,0.0000,1516.5110
1789,1,2,1,63.2000,168.7510,0.0000,944.5040,195.8210,135.1440,0.0000,0.0000,1507.4200
1790,1,2,1,63.6490,168.0070,0.0000,955.9260,195.8890,135.2370,0.0000,0.0000,1518.7080
1791,0,2,0,61.6120,168.2220,0.0000,945.5690,193.8890,135.0770,0.0000,0.0000,1504.3690
1792,1,2,1,59.2130,168.1480,0.0000,957.9760,193.4530,134.5360,0.0000,0.0000,1513.3260
1793,1,2,0,61.1260,167.4890,0.0000,955.9810,195.2190,133.5260,0.0000,0.0000,1513.3410
1794,1,2,1,60.4310,167.2860,0.0000,951.4760,202.3690,137.8890,0.0000,0.0000,1519.4510
1795,0,2,0,62.0620,169.6550,0.0000,943.2550,194.8370,134.2280,0.0000,0.0000,1504.0370
1796,1,2,1,61.8030,167.6800,0.0000,943.9810,195.6060,132.7750,0.0000,0.0000,1501.8450
1797,1,2,1,62.6710,166.3940,0.0000,943.9870,194.8680,134.0800,0.0000,0.0000,1502.0000
1798,1,2,1,60.8310,165.1810,0.0000,956.6030,195.2560,136.4310,0.0000,0.0000,1514.3020
1799,1,2,1,61.9450,166.8180,0.0000,943.1810,195.3480,135.3040,0.0000,0.0000,1502.5960
1800,1,2,0,63.2120,165.4770,0.0000,956.6030,194.8060,181.4280,0.0000,0.0000,1561.5260
1801,1,2,1,62.9660,171.3840,0.0000,957.8640,196.7330,136.5410,0.0000,0.0000,1525.4880
1802,0,2,0,61.3660,167.2060,0.0000,958.6960,195.3040,136.4250,0.0000,0.0000,1518.9970
1803,1,2,1,61.3230,165.6310,0.0000,955.8340,194.1290,133.5570,0.0000,0.0000,1510.4740
1804,1,2,1,61.2930,166.4180,0.0000,941.4830,194.5910,135.1200,0.0000,0.0000,1498.9050
1805,1,2,1,60.6460,167.4950,0.0000,957.1510,194.4000,133.6620,0.0000,0.0000,1513.3540
1806,1,2,1,60.7260,165.8830,0.0000,956.6830,195.0530,135.1020,0.0000,0.0000,1513.4470
1807,0,2,0,62.0430,210.2030,0.0000,945.3790,196.0180,136.3510,0.0000,0.0000,1549.9940
1808,1,2,1,62.0000,168.3080,0.0000,943.8460,192.8250,135.3670,0.0000,0.0000,1502.3460
1809,1,2,1,62.7560,167.4830,0.0000,945.4520,195.2680,136.8990,0.0000,0.0000,1507.8580
1810,1,2,1,60.9470,167.9380,0.0000,945.9820,194.9780,134.3940,0.0000,0.0000,1504.2390
1811,1,2,1,61.0960,164.7510,0.0000,956.0240,194.2340,134.2830,0.0000,0.0000,1510.3880
1812,1,2,1,61.5750,165.6800,0.0000,944.9240,195.1140,136.4740,0.0000,0.0000,1503.7670
1813,1,2,1,59.7780,166.6900,0.0000,944.8620,203.0280,137.7720,0.0000,0.0000,1512.1300
1814,1,2,1,62.5970,168.2460,0.0000,945.4650,194.4920,137.1380,0.0000,0.0000,1507.9380
1815,1,2,1,62.0240,164.7200,0.0000,946.7080,194.1970,133.2240,0.0000,0.0000,1500.8730
1816,1,2,1,61.2980,165.4220,0.0000,957.9450,194.2650,134.6220,0.0000,0.0000,1513.5520
1817,1,2,1,61.2240,167.7350,0.0000,945.7470,194.8860,133.2120,0.0000,0.0000,1502.8040
1818,1,2,1,60.6520,166.0990,0.0000,957.4030,193.2310,134.0250,0.0000,0.0000,1511.4100
1819,1,2,1,61.9080,165.8900,0.0000,945.7600,200.7260,138.8980,0.0000,0.0000,1513.1820
1820,1,2,1,64.5170,165.1880,0.0000,946.5530,194.7260,136.3690,0.0000,0.0000,1507.3530
1821,1,2,1,63.0340,166.4250,0.0000,941.2310,194.0370,135.1750,0.0000,0.0000,1499.9020
1822,0,2,0,60.2400,166.2150,0.0000,956.2710,194.3630,136.2280,0.0000,0.0000,1513.3170
1823,1,2,1,61.9630,167.6680,0.0000,945.8470,194.2960,136.4920,0.0000,0.0000,1506.2660
1824,1,2,1,63.5200,164.6900,0.0000,943.5630,196.4990,136.7630,0.0000,0.0000,1505.0350
1825,1,2,1,61.3110,165.3050,0.0000,951.7790,207.2180,136.6520,0.0000,0.0000,1522.2650
1826,1,2,1,61.8900,171.6620,0.0000,945.6550,197.9940,135.5760,0.0000,0.0000,1512.7770
1827,1,2,1,63.1940,165.9750,0.0000,942.8310,195.2310,133.2370,0.0000,0.0000,1500.4680
1828,1,2,1,61.6310,169.1570,0.0000,941.2800,195.0520,136.8990,0.0000,0.0000,1504.0190
1829,1,2,0,61.6190,166.4610,0.0000,946.5240,195.2310,136.0490,0.0000,0.0000,1505.8840
1830,1,2,1,61.3110,164.0060,0.0000,943.5570,195.4090,134.3570,0.0000,0.0000,1498.6400
1831,1,2,1,62.8370,164.1300,0.0000,942.7810,193.6800,190.1050,0.0000,0.0000,1553.5330
1832,1,2,1,64.5040,172.2520,0.0000,946.7870,196.4490,135.4770,0.0000,0.0000,1515.4690
1833,1,2,1,61.5570,167.1380,0.0000,948.0620,194.0800,135.8830,0.0000,0.0000,1506.7200
1834,1,2,1,60.7570,167.2930,0.0000,947.4400,193.7050,136.1240,0.0000,0.0000,1505.3190
1835,0,2,0,61.5260,166.3630,0.0000,955.2730,193.3300,135.7840,0.0000,0.0000,1512.2760
1836,1,2,1,62.3690,164.6580,0.0000,941.9260,194.3380,134.4670,0.0000,0.0000,1497.7580
1837,1,2,0,61.2800,167.0100,0.0000,954.0920,195.1690,133.3100,0.0000,0.0000,1510.8610
1838,1,2,1,60.7510,204.2090,0.0000,945.4830,199.2680,136.6580,0.0000,0.0000,1546.3690
1839,1,2,1,62.8800,194.4370,0.0000,978.4740,359.8340,230.6470,0.0000,0.0000,1826.2720
1840,1,2,1,89.7540,243.7660,0.0000,982.9290,370.5420,241.0830,0.0000,0.0000,1928.0740
1841,1,2,1,94.5470,271.3040,0.0000,976.2340,300.6830,219.6990,0.0000,0.0000,1862.4670
1842,1,2,1,88.6400,274.5420,0.0000,980.3010,347.1870,214.9850,0.0000,0.0000,1905.6550
1843,1,2,1,78.1170,263.3480,0.0000,988.8920,347.5450,206.1480,0.0000,0.0000,1884.0500
1844,1,2,1,78.2030,249.6500,0.0000,981.7230,374.3570,216.4860,0.0000,0.0000,1900.4190
1845,1,2,1,79.3360,220.9970,0.0000,969.7470,233.7910,163.1940,0.0000,0.0000,1667.0650
1846,1,2,1,77.3720,206.7140,0.0000,985.0830,382.8920,218.4740,0.0000,0.0000,1870.5350
1847,0,2,0,94.6210,256.0120,0.0000,987.8830,321.8460,207.4640,0.0000,0.0000,1867.8260
1848,1,2,1,89.5320,282.8000,0.0000,979.6990,360.5850,244.6400,0.0000,0.0000,1957.2560
1849,0,2,0,86.8370,248.5290,0.0000,978.3380,320.2090,203.6000,0.0000,0.0000,1837.5130
1850,1,2,1,77.2000,228.9110,0.0000,971.7420,326.9110,223.6800,0.0000,0.0000,1828.4440
1851,1,2,1,86.0620,247.2370,0.0000,985.9200,303.0090,204.3200,0.0000,0.0000,1826.5480
1852,1,2,1,86.6830,233.2860,0.0000,972.9970,306.4990,203.5880,0.0000,0.0000,1803.0530
1853,1,2,0,84.2890,252.4310,0.0000,985.1140,329.9940,228.7700,0.0000,0.0000,1880.5980
1854,1,2,1,84.7700,242.4310,0.0000,981.4520,308.1480,197.2250,0.0000,0.0000,1814.0260
1855,1,2,1,87.4520,245.4580,0.0000,974.9660,291.7970,181.8770,0.0000,0.0000,1781.5500
1856,1,2,1,81.6860,213.5690,0.0000,957.4710,275.1320,174.9040,0.0000,0.0000,1702.7620
1857,1,2,1,73.4530,211.9630,0.0000,981.4890,334.1420,216.7940,0.0000,0.0000,1817.8410
1858,1,2,1,96.4860,288.2710,0.0000,975.8280,299.6370,184.3820,0.0000,0.0000,1844.6040
1859,1,2,1,78.8180,206.0000,0.0000,964.0240,286.8800,210.3880,0.0000,0.0000,1746.1100
1860,1,2,1,84.7200,240.7630,0.0000,972.8370,241.2990,161.9020,0.0000,0.0000,1701.5210
1861,0,2,1,68.6460,188.2460,0.0000,955.2490,213.1810,147.6860,0.0000,0.0000,1573.0080
1862,1,2,1,65.1500,180.4250,0.0000,949.3100,210.7750,146.1230,0.0000,0.0000,1551.7830
1863,0,2,0,66.7200,177.6500,0.0000,947.8150,212.8490,314.0430,0.0000,0.0000,1719.0770
1864,1,2,1,67.3350,198.4430,0.0000,956.9170,218.2950,150.3510,0.0000,0.0000,1591.3410
1865,1,2,1,67.4030,183.7290,0.0000,948.0680,211.2800,146.7690,0.0000,0.0000,1557.2490
1866,1,2,1,64.1300,178.6710,0.0000,947.5570,221.2240,147.2500,0.0000,0.0000,1558.8320
1867,1,2,1,65.1330,181.0460,0.0000,946.8240,205.0210,141.7840,0.0000,0.0000,1539.8080
1868,1,2,1,65.6860,175.6130,0.0000,951.7050,212.2160,147.3170,0.0000,0.0000,1552.5370
1869,1,2,1,64.7510,174.9970,0.0000,949.9140,290.0430,158.4980,0.0000,0.0000,1638.2030
1870,1,2,1,68.2160,190.2150,0.0000,951.6490,213.3910,151.3540,0.0000,0.0000,1574.8250
1871,1,2,1,65.8220,177.0460,0.0000,950.8370,218.0860,151.7290,0.0000,0.0000,1563.5200
1872,1,2,1,67.0590,177.2190,0.0000,949.0400,210.8130,144.1660,0.0000,0.0000,1548.2970
1873,1,2,1,66.0550,175.3360,0.0000,948.3940,207.7850,146.0070,0.0000,0.0000,1543.5770
1874,1,2,1,63.8890,173.2370,0.0000,949.8530,207.2610,143.8160,0.0000,0.0000,1538.0560
1875,1,2,1,65.2610,183.7660,0.0000,955.0090,449.5330,185.7410,0.0000,0.0000,1839.3100
1876,1,2,1,72.5730,207.7350,0.0000,963.5070,254.4060,167.1270,0.0000,0.0000,1665.3480
1877,1,2,1,69.2680,199.1510,0.0000,957.2370,257.2060,177.2120,0.0000,0.0000,1660.0740
1878,1,2,1,76.7140,210.1170,0.0000,984.7020,325.8160,182.1850,0.0000,0.0000,1779.5340
1879,1,2,1,77.6920,214.7320,0.0000,970.7020,282.2960,184.7320,0.0000,0.0000,1730.1540
1880,1,2,1,81.2800,235.5630,0.0000,972.2520,300.4120,182.4800,0.0000,0.0000,1771.9870
1881,0,2,1,141.6430,214.3320,0.0000,964.5910,231.0460,163.8150,0.0000,0.0000,1715.4270
1882,1,2,1,69.0520,184.8740,0.0000,952.3200,217.6250,149.8950,0.0000,0.0000,1573.7660
1883,1,2,1,66.8360,180.6650,0.0000,946.5290,215.3540,149.4960,0.0000,0.0000,1558.8800
1884,1,2,1,68.0680,176.8120,0.0000,949.7720,214.7630,149.0950,0.0000,0.0000,1558.5100
1885,1,2,1,65.2000,181.2990,0.0000,965.2370,326.7870,208.1660,0.0000,0.0000,1746.6890
1886,1,2,1,103.5870,260.1040,0.0000,1101.4770,384.9160,220.4370,0.0000,0.0000,2070.5210
1887,1,2,1,99.7170,246.0560,0.0000,978.4250,313.1690,220.6530,0.0000,0.0000,1858.0200
1888,1,2,1,82.9350,252.2030,0.0000,974.4620,277.8150,180.7140,0.0000,0.0000,1768.1290
1889,1,2,1,78.6830,262.5350,0.0000,991.9640,335.2620,198.1470,0.0000,0.0000,1866.5910
1890,1,2,1,85.3720,256.5970,0.0000,960.3200,282.3390,183.1200,0.0000,0.0000,1767.7480
1891,1,2,1,75.5820,200.4990,0.0000,965.4700,503.2060,241.0960,0.0000,0.0000,1985.8530
1892,0,2,0,99.5630,283.7300,0.0000,980.9730,339.7790,221.8950,0.0000,0.0000,1925.9400
1893,1,2,1,90.5730,257.5260,0.0000,996.0740,301.0700,232.4120,0.0000,0.0000,1877.6550
1894,1,2,1,89.6180,275.1140,0.0000,970.4990,328.7010,184.3700,0.0000,0.0000,1848.3020
1895,1,2,1,78.0120,246.2890,0.0000,973.5570,275.5200,197.6990,0.0000,0.0000,1771.0770
1896,1,2,1,91.3050,258.7630,0.0000,982.6770,357.5570,223.5200,0.0000,0.0000,1913.8220
1897,1,2,1,89.0830,244.0610,0.0000,974.0620,365.2000,229.2370,0.0000,0.0000,1901.6430
1898,0,2,0,89.0520,270.1720,0.0000,980.8680,306.9470,185.6980,0.0000,0.0000,1832.7370
1899,1,2,1,73.4830,204.4980,0.0000,958.0550,335.7470,231.9130,0.0000,0.0000,1803.6960
1900,1,2,1,97.2180,254.2950,0.0000,967.8950,288.8680,215.1200,0.0000,0.0000,1823.3960
1901,1,2,1,85.7110,226.5780,0.0000,979.5870,323.0770,210.7510,0.0000,0.0000,1825.7040
1902,0,2,0,86.8980,240.1910,0.0000,984.9110,313.7660,204.0800,0.0000,0.0000,1829.8460
1903,1,2,1,81.9630,236.3200,0.0000,973.3910,314.6770,181.9760,0.0000,0.0000,1788.3270
1904,1,2,1,84.4860,233.2250,0.0000,967.0830,280.1720,177.5140,0.0000,0.0000,1742.4800
1905,1,2,1,79.5510,219.0950,0.0000,974.5410,324.1480,219.2240,0.0000,0.0000,1816.5590
1906,0,2,0,99.8220,274.9420,0.0000,1127.1380,343.9450,229.4840,0.0000,0.0000,2075.3310
1907,1,2,1,89.4340,241.4830,0.0000,964.4800,260.5300,178.6520,0.0000,0.0000,1734.5790
1908,1,2,1,73.0710,206.6090,0.0000,967.7360,345.2860,196.7450,0.0000,0.0000,1789.4470
1909,1,2,1,77.2490,215.0100,0.0000,966.1840,222.5480,153.6180,0.0000,0.0000,1634.6090
1910,1,2,1,68.2710,184.7570,0.0000,951.1440,214.9050,149.1570,0.0000,0.0000,1568.2340
1911,1,2,1,65.2740,177.7410,0.0000,949.5080,209.4090,143.5080,0.0000,0.0000,1545.4400
1912,1,2,1,65.1320,179.0530,0.0000,1109.1020,240.9110,156.2090,0.0000,0.0000,1750.4070
1913,1,2,1,67.7170,183.9880,0.0000,949.6430,215.2930,147.0710,0.0000,0.0000,1563.7120
1914,1,2,1,66.4740,179.6060,0.0000,950.7940,208.8500,149.4710,0.0000,0.0000,1555.1950
1915,1,2,1,65.5690,180.4620,0.0000,949.5140,207.7910,146.2710,0.0000,0.0000,1549.6070
1916,1,2,1,65.0030,175.4460,0.0000,948.9600,209.5510,141.8400,0.0000,0.0000,1540.8000
1917,1,2,1,65.3600,172.7200,0.0000,944.8670,211.2430,145.8950,0.0000,0.0000,1540.0850
1918,1,2,1,64.8550,261.7910,0.0000,958.9660,252.7940,168.6400,0.0000,0.0000,1707.0460
1919,1,2,1,70.8980,188.6640,0.0000,954.3570,218.6160,149.7970,0.0000,0.0000,1582.3320
1920,1,2,1,66.4250,187.4090,0.0000,949.4150,215.7780,151.2860,0.0000,0.0000,1570.3130
1921,0,2,1,65.8090,180.3200,0.0000,949.6250,210.6040,145.3300,0.0000,0.0000,1551.6880
1922,1,2,1,64.8370,175.2370,0.0000,947.0760,210.2400,145.1320,0.0000,0.0000,1542.5220
1923,1,2,1,63.9820,172.4250,0.0000,946.7630,210.9850,153.3170,0.0000,0.0000,1547.4720
1924,1,2,1,99.4030,238.2030,0.0000,966.6160,271.8470,176.6830,0.0000,0.0000,1752.7520
1925,1,2,1,74.8860,211.7600,0.0000,966.6760,240.1110,163.7780,0.0000,0.0000,1657.2110
1926,0,2,0,70.1660,201.5200,0.0000,960.2270,255.4710,174.8860,0.0000,0.0000,1662.2700
1927,1,2,1,86.5230,246.3690,0.0000,977.7540,285.1200,189.9390,0.0000,0.0000,1785.7050
1928,1,2,1,79.1260,231.1750,0.0000,980.5790,353.5690,193.3410,0.0000,0.0000,1837.7900
1929,1,2,1,77.2120,214.7390,0.0000,972.3440,256.8250,170.0060,0.0000,0.0000,1691.1260
1930,1,2,0,71.7350,192.5780,0.0000,957.2190,221.6930,152.5170,0.0000,0.0000,1595.7420
1931,1,2,1,67.8270,181.8890,0.0000,949.7420,216.7570,151.0100,0.0000,0.0000,1567.2250
1932,1,2,1,67.5500,181.0030,0.0000,950.4740,213.0580,147.4090,0.0000,0.0000,1559.4940
1933,1,2,1,65.1940,180.4310,0.0000,947.6800,215.8090,220.9840,0.0000,0.0000,1630.0980
1934,1,2,1,100.3750,269.9640,0.0000,987.4400,311.1630,313.5870,0.0000,0.0000,1982.5290
1935,1,2,1,96.2460,276.4990,0.0000,986.2030,350.3440,220.2830,0.0000,0.0000,1929.5750
1936,1,2,1,78.3940,272.8490,0.0000,982.0180,330.9600,221.2800,0.0000,0.0000,1885.5010
1937,1,2,1,80.4920,230.5040,0.0000,978.4060,341.1440,239.0710,0.0000,0.0000,1869.6170
1938,1,2,1,93.7170,247.8340,0.0000,1001.4650,299.2370,213.3420,0.0000,0.0000,1855.5950
1939,1,2,1,87.6000,243.2060,0.0000,972.4430,423.7660,240.9660,0.0000,0.0000,1967.9810
1940,1,2,1,96.6150,277.6610,0.0000,987.2490,336.3570,231.7850,0.0000,0.0000,1929.6670
1941,1,2,1,91.5570,266.5050,0.0000,984.2090,312.9230,220.2770,0.0000,0.0000,1875.4710
1942,1,2,0,86.1670,242.6090,0.0000,980.1170,302.5600,188.0740,0.0000,0.0000,1799.5270
1943,1,2,0,76.3870,220.8180,0.0000,1008.2520,314.5910,211.2740,0.0000,0.0000,1831.3220
1944,1,2,1,82.2340,218.0620,0.0000,968.3690,413.6060,221.3170,0.0000,0.0000,1903.5880
1945,1,2,1,97.4900,269.3910,0.0000,980.6220,330.5290,225.3290,0.0000,0.0000,1903.3610
1946,1,2,1,94.8740,275.4580,0.0000,981.0280,319.9510,218.8920,0.0000,0.0000,1890.2030
1947,1,2,1,102.4920,259.8470,0.0000,983.5940,317.2370,188.4130,0.0000,0.0000,1851.5830
1948,1,2,1,82.5050,248.4980,0.0000,979.6800,343.7290,241.9260,0.0000,0.0000,1896.3380
1949,1,2,1,97.4400,245.1940,0.0000,986.4920,316.6460,246.3320,0.0000,0.0000,1892.1040
1950,1,2,1,98.7270,278.3080,0.0000,970.6950,304.3930,208.5720,0.0000,0.0000,1860.6950
1951,1,2,1,99.6130,275.6250,0.0000,986.1660,329.4090,209.6430,0.0000,0.0000,1900.4560
1952,1,2,1,89.9690,281.2610,0.0000,979.3410,360.1720,230.3630,0.0000,0.0000,1941.1060
1953,1,2,1,100.0240,228.6950,0.0000,967.5750,391.0460,230.2770,0.0000,0.0000,1917.6170
1954,1,2,1,100.3940,277.2930,0.0000,999.2860,347.7600,235.1440,0.0000,0.0000,1959.8770
1955,1,2,1,94.8370,246.1600,0.0000,974.1300,318.5600,223.4400,0.0000,0.0000,1857.1270
1956,1,2,1,94.1790,272.6640,0.0000,985.2060,295.7960,209.1320,0.0000,0.0000,1856.9770
1957,1,2,1,84.4800,250.1780,0.0000,982.2210,364.8740,227.0830,0.0000,0.0000,1908.8360
1958,1,2,1,84.3270,241.8530,0.0000,985.3420,335.1940,230.5900,0.0000,0.0000,1877.3060
1959,1,2,1,94.7080,268.2280,0.0000,976.8430,335.7470,221.9080,0.0000,0.0000,1897.4340
1960,1,2,1,93.3290,259.5690,0.0000,991.2800,314.6090,220.8120,0.0000,0.0000,1879.5990
1961,1,2,1,95.2000,241.2430,0.0000,978.7320,334.2580,203.2120,0.0000,0.0000,1852.6450
1962,1,2,1,91.8890,251.8960,0.0000,982.2770,358.7320,216.8490,0.0000,0.0000,1901.6430
1963,1,2,1,89.6620,289.8580,0.0000,968.5110,324.5720,191.2560,0.0000,0.0000,1863.8590
1964,0,2,0,102.9720,278.1360,0.0000,978.5290,321.1070,210.8610,0.0000,0.0000,1891.6050
1965,1,2,1,99.5260,220.0370,0.0000,964.4310,282.8740,187.0270,0.0000,0.0000,1753.8950
1966,0,2,0,84.2460,204.7450,0.0000,966.3380,305.4030,199.5570,0.0000,0.0000,1760.2890
1967,1,2,1,76.6950,210.1470,0.0000,961.3790,214.0740,150.7810,0.0000,0.0000,1613.0760
1968,1,2,1,63.5940,178.2400,0.0000,949.3970,205.3110,138.7140,0.0000,0.0000,1535.2560
1969,1,2,1,62.5110,167.7170,0.0000,942.7320,280.4730,148.2150,0.0000,0.0000,1601.6480
1970,1,2,1,65.5380,184.0130,0.0000,946.0560,203.2560,141.5870,0.0000,0.0000,1540.4500
1971,1,2,0,63.3600,170.0430,0.0000,943.2610,196.8130,136.4060,0.0000,0.0000,1509.8830
1972,1,2,1,63.5020,166.6460,0.0000,945.4340,195.0150,135.5200,0.0000,0.0000,1506.1170
1973,1,2,1,61.1570,166.5790,0.0000,940.9530,197.3170,135.1260,0.0000,0.0000,1501.1320
1974,1,2,1,61.4520,165.5940,0.0000,957.9270,197.9690,134.0740,0.0000,0.0000,1517.0160
1975,0,2,0,61.4340,165.5510,0.0000,947.2180,193.5810,185.8090,0.0000,0.0000,1553.5930
1976,1,2,1,73.6000,190.2150,0.0000,954.7880,209.4460,144.4240,0.0000,0.0000,1572.4730
1977,1,2,1,64.8920,173.0210,0.0000,947.8900,198.2280,138.4300,0.0000,0.0000,1522.4610
1978,1,2,1,61.2550,168.2340,0.0000,958.0740,196.7200,135.7970,0.0000,0.0000,1520.0800
1979,1,2,1,61.3350,168.4490,0.0000,943.9930,197.8950,136.8120,0.0000,0.0000,1508.4840
1980,1,2,1,63.1020,166.5840,0.0000,956.9730,195.4340,135.4280,0.0000,0.0000,1517.5210
1981,1,2,1,61.8770,166.4990,0.0000,957.0460,196.3130,135.6300,0.0000,0.0000,1517.3650
1982,1,2,1,61.7840,243.5440,0.0000,951.6550,211.3660,141.6740,0.0000,0.0000,1610.0230
1983,1,2,1,65.2370,173.7900,0.0000,952.2400,199.3970,138.3080,0.0000,0.0000,1528.9720
1984,1,2,1,63.7780,167.5690,0.0000,943.7290,196.7010,136.8620,0.0000,0.0000,1508.6390
1985,0,2,0,62.2280,169.6310,0.0000,945.2000,197.3410,135.6310,0.0000,0.0000,1510.0310
1986,1,2,1,61.3240,166.2830,0.0000,943.9570,193.4530,134.1360,0.0000,0.0000,1499.1530
1987,0,2,0,62.2770,167.0580,0.0000,944.5670,195.1260,136.3270,0.0000,0.0000,1505.3550
1988,1,2,1,61.7290,164.8740,0.0000,950.6270,236.7320,152.4920,0.0000,0.0000,1566.4540
1989,1,2,1,67.0900,180.4920,0.0000,950.9050,203.7910,140.3760,0.0000,0.0000,1542.6540
1990,1,2,1,62.7940,170.9350,0.0000,944.2460,195.8950,137.0220,0.0000,0.0000,1510.8920
1991,1,2,1,62.0800,170.1600,0.0000,942.2650,195.0640,137.1570,0.0000,0.0000,1506.7260
1992,1,2,1,63.3790,166.2220,0.0000,943.0090,196.8300,135.3420,0.0000,0.0000,1504.7820
1993,1,2,1,60.3200,167.9880,0.0000,942.5730,194.2710,135.4220,0.0000,0.0000,1500.5740
1994,1,2,1,61.8840,164.9290,0.0000,947.9130,213.6120,144.0120,0.0000,0.0000,1532.3500
1995,0,2,0,65.6180,175.6730,0.0000,944.6040,200.0370,139.6130,0.0000,0.0000,1525.5450
1996,1,2,1,64.6340,168.2100,0.0000,943.5810,194.6700,137.4580,0.0000,0.0000,1508.5530
1997,1,2,1,61.6370,169.6670,0.0000,942.9410,195.6180,134.0980,0.0000,0.0000,1503.9610
1998,1,2,1,61.3480,167.9940,0.0000,941.7910,196.2580,135.2120,0.0000,0.0000,1502.6030
1999,1,2,1,61.3720,166.7820,0.0000,944.2460,194.4560,136.4490,0.0000,0.0000,1503.3050
2000,1,2,1,61.3970,164.5050,0.0000,956.2530,209.8770,140.6340,0.0000,0.0000,1532.6660
2001,1,2,1,62.8920,170.8060,0.0000,943.4580,197.8650,139.3540,0.0000,0.0000,1514.3750
2002,0,2,0,61.6860,169.2060,0.0000,945.2800,195.4890,135.5260,0.0000,0.0000,1507.1870
2003,1,2,1,61.6680,167.3170,0.0000,957.0340,195.5440,135.6620,0.0000,0.0000,1517.2250
2004,1,2,1,61.3970,166.6150,0.0000,943.3300,195.8890,133.5690,0.0000,0.0000,1500.8000
2005,1,2,1,61.4340,166.5350,0.0000,940.8670,194.0990,133.0580,0.0000,0.0000,1495.9930
2006,1,2,1,61.3050,166.2830,0.0000,945.1820,216.3260,142.8370,0.0000,0.0000,1531.9330
2007,1,2,1,65.1500,172.7380,0.0000,944.5480,200.3200,136.9910,0.0000,0.0000,1519.7470
2008,1,2,1,61.6560,169.4220,0.0000,955.6440,196.4000,137.1260,0.0000,0.0000,1520.2480
2009,0,2,0,62.1350,168.7260,0.0000,942.2590,196.7320,137.9700,0.0000,0.0000,1507.8220
2010,1,2,1,61.5140,164.4500,0.0000,943.5570,196.4870,135.2370,0.0000,0.0000,1501.2450
2011,1,2,1,62.1100,165.9630,0.0000,957.7900,196.0000,135.1810,0.0000,0.0000,1517.0440
2012,1,2,1,62.2830,165.9200,0.0000,944.9850,193.8470,198.3690,0.0000,0.0000,1565.4040
2013,1,2,1,65.8890,177.3790,0.0000,947.9630,199.3170,137.9320,0.0000,0.0000,1528.4800
2014,0,2,0,63.9820,168.6340,0.0000,956.0240,194.7820,136.2460,0.0000,0.0000,1519.6680
2015,1,2,1,61.7730,166.8060,0.0000,943.1200,195.4400,137.3540,0.0000,0.0000,1504.4930
2016,1,2,1,61.3350,168.7510,0.0000,946.5540,193.7470,136.4370,0.0000,0.0000,1506.8240
2017,1,2,1,62.0920,165.1330,0.0000,945.5870,195.2490,134.6580,0.0000,0.0000,1502.7190
2018,1,2,1,61.8890,167.5020,0.0000,941.9820,195.6990,135.8100,0.0000,0.0000,1502.8820
2019,1,2,1,61.5630,219.7230,0.0000,948.9540,199.6550,138.4190,0.0000,0.0000,1568.3140
2020,1,2,1,60.6030,167.6240,0.0000,945.8150,193.9570,135.1200,0.0000,0.0000,1503.1190
2021,1,2,1,62.1970,167.1320,0.0000,955.7720,197.6730,132.4000,0.0000,0.0000,1515.1740
2022,1,2,1,62.5660,164.7870,0.0000,944.4980,193.7410,135.5140,0.0000,0.0000,1501.1060
2023,1,2,1,60.9790,166.8920,0.0000,943.5260,196.3380,133.8340,0.0000,0.0000,1501.5690
2024,1,2,1,60.2150,165.1630,0.0000,955.3970,193.0650,134.8560,0.0000,0.0000,1508.6960
2025,1,2,1,61.2310,165.6550,0.0000,950.0980,202.8370,140.1660,0.0000,0.0000,1519.9870
2026,1,2,1,62.5170,168.6890,0.0000,942.8740,195.8830,137.2000,0.0000,0.0000,1507.1630
2027,1,2,1,62.3200,166.0670,0.0000,955.3350,195.0890,135.9010,0.0000,0.0000,1514.7120
2028,1,2,1,61.9690,164.9360,0.0000,954.5970,194.9540,135.9390,0.0000,0.0000,1512.3950
2029,1,2,1,63.4210,165.0640,0.0000,943.9880,195.1630,134.0190,0.0000,0.0000,1501.6550
2030,1,2,0,62.4620,166.0000,0.0000,943.5200,197.7100,135.6610,0.0000,0.0000,1505.3530
2031,1,2,1,61.2740,165.3290,0.0000,955.5560,240.4550,156.4120,0.0000,0.0000,1579.0260
2032,1,2,1,65.4710,181.4580,0.0000,947.9810,202.5720,140.8550,0.0000,0.0000,1538.3370
2033,0,2,1,62.2340,171.3360,0.0000,945.8210,197.3970,136.3320,0.0000,0.0000,1513.1200
2034,1,2,1,62.6210,168.6770,0.0000,943.0340,194.0360,136.5970,0.0000,0.0000,1504.9650
2035,1,2,1,63.1820,167.3050,0.0000,946.3320,194.7260,135.1630,0.0000,0.0000,1506.7080
2036,1,2,1,60.9720,166.3270,0.0000,946.0250,197.5940,136.0190,0.0000,0.0000,1506.9370
2037,1,2,1,61.3110,166.3260,0.0000,943.8220,200.4680,138.4370,0.0000,0.0000,1510.3640
2038,1,2,1,63.7290,169.5200,0.0000,949.0400,194.8120,136.4920,0.0000,0.0000,1513.5930
2039,1,2,0,61.9630,167.4890,0.0000,942.4800,195.0950,134.3500,0.0000,0.0000,1501.3770
2040,1,2,1,61.7170,165.9320,0.0000,942.4190,192.6280,134.9850,0.0000,0.0000,1497.6810
2041,1,2,1,62.3140,165.9450,0.0000,952.0930,244.4370,161.0030,0.0000,0.0000,1585.7920
2042,1,2,1,68.8990,184.0560,0.0000,955.2870,205.5930,141.5570,0.0000,0.0000,1555.3920
2043,1,2,1,63.8700,172.9600,0.0000,970.3140,210.5970,139.0640,0.0000,0.0000,1556.8050
2044,1,2,1,62.7870,171.4650,0.0000,944.4930,198.6150,139.1380,0.0000,0.0000,1516.4980
2045,1,2,1,62.4060,171.1140,0.0000,957.4460,197.6250,138.7750,0.0000,0.0000,1527.3660
2046,1,2,1,63.0090,167.9440,0.0000,942.4860,195.2860,136.5850,0.0000,0.0000,1505.3100
2047,0,2,1,63.5750,166.8060,0.0000,943.7480,194.0060,136.0370,0.0000,0.0000,1504.1720
2048,1,2,1,61.7290,165.9880,0.0000,956.0120,196.6400,134.9290,0.0000,0.0000,1515.2980
2049,0,2,0,60.8980,167.3410,0.0000,955.6740,243.8950,148.1110,0.0000,0.0000,1575.9190
2050,1,2,1,64.1230,178.8250,0.0000,947.4040,198.1850,137.1020,0.0000,0.0000,1525.6390
2051,1,2,1,63.1070,168.6030,0.0000,954.3940,195.7850,136.4740,0.0000,0.0000,1518.3630
2052,1,2,1,62.9050,166.3630,0.0000,943.0280,195.4710,135.0960,0.0000,0.0000,1502.8630
2053,0,2,0,60.9540,166.6590,0.0000,954.8240,194.7020,134.1170,0.0000,0.0000,1511.2560
2054,1,2,1,61.4280,164.4680,0.0000,944.1230,194.0310,134.8240,0.0000,0.0000,1498.8740
2055,1,2,0,60.4560,165.2860,0.0000,944.3510,194.6590,134.6590,0.0000,0.0000,1499.4110
2056,1,2,1,61.3410,173.0770,0.0000,943.1260,195.1810,137.5320,0.0000,0.0000,1510.2570
2057,1,2,1,61.9260,167.8770,0.0000,946.5780,194.4740,135.0340,0.0000,0.0000,1505.8890
2058,1,2,1,60.4130,169.1010,0.0000,943.8030,196.3010,134.9170,0.0000,0.0000,1504.5350
2059,1,2,1,61.9570,167.5320,0.0000,956.3080,194.6280,133.3170,0.0000,0.0000,1513.7420
2060,1,2,1,61.5070,166.2830,0.0000,955.9570,194.6960,134.2460,0.0000,0.0000,1512.6890
2061,1,2,1,60.8310,165.8640,0.0000,943.1880,195.7290,135.8030,0.0000,0.0000,1501.4150
2062,0,2,0,61.6430,166.2090,0.0000,947.3300,205.6060,138.5230,0.0000,0.0000,1519.3110
2063,0,2,0,63.5390,169.2060,0.0000,944.6030,197.3410,135.9450,0.0000,0.0000,1510.6340
2064,1,2,1,61.0520,166.4370,0.0000,956.5290,196.5910,135.2800,0.0000,0.0000,1515.8890
2065,1,2,1,61.6370,165.7720,0.0000,942.0560,193.3230,135.5070,0.0000,0.0000,1498.2950
2066,1,2,1,62.3200,165.9130,0.0000,942.8130,194.4800,134.0680,0.0000,0.0000,1499.5940
2067,1,2,1,61.7910,165.0280,0.0000,954.1600,193.8950,133.1510,0.0000,0.0000,1508.0250
2068,1,2,1,62.6030,166.7570,0.0000,945.8400,202.6210,137.7480,0.0000,0.0000,1515.5690
2069,1,2,1,61.6180,167.4160,0.0000,944.4800,194.4800,134.4300,0.0000,0.0000,1502.4240
2070,1,2,1,61.3480,166.1420,0.0000,942.6220,195.9760,133.4220,0.0000,0.0000,1499.5100
2071,1,2,1,61.2740,166.2960,0.0000,943.1390,194.9290,134.3320,0.0000,0.0000,1499.9700
2072,1,2,1,63.2310,167.8160,0.0000,944.3760,195.9510,134.2030,0.0000,0.0000,1505.5770
2073,1,2,1,62.1790,165.4830,0.0000,942.8800,194.9540,133.2120,0.0000,0.0000,1498.7080
2074,1,2,1,61.2620,164.6830,0.0000,946.8560,198.3140,137.4900,0.0000,0.0000,1508.6050
2075,1,2,1,62.0060,168.6160,0.0000,955.4340,197.1010,137.0710,0.0000,0.0000,1520.2280
2076,1,2,1,61.3360,164.0500,0.0000,957.4280,194.2150,137.3780,0.0000,0.0000,1514.4070
2077,1,2,1,61.7170,166.4000,0.0000,954.7630,194.7690,135.5870,0.0000,0.0000,1513.2360
2078,1,2,1,60.4680,167.3730,0.0000,943.4210,195.4280,134.1970,0.0000,0.0000,1500.8870
2079,1,2,1,61.2490,168.1110,0.0000,945.6130,193.1260,135.7240,0.0000,0.0000,1503.8230
2080,1,2,1,63.2130,165.8520,0.0000,955.9940,242.7820,160.8060,0.0000,0.0000,1588.6470
2081,1,2,1,72.6710,194.9170,0.0000,950.4560,205.8900,144.7750,0.0000,0.0000,1568.7090
2082,1,2,0,64.5350,170.8000,0.0000,948.1480,200.4120,136.2090,0.0000,0.0000,1520.1040
2083,1,2,1,62.1350,170.0990,0.0000,943.5510,195.0400,135.5700,0.0000,0.0000,1506.3950
2084,0,2,0,62.2210,168.0610,0.0000,955.7970,196.7570,136.3750,0.0000,0.0000,1519.2110
2085,1,2,1,61.0640,165.2310,0.0000,943.3480,196.2340,133.9080,0.0000,0.0000,1499.7850
2086,1,2,1,61.2120,167.6070,0.0000,955.7470,192.8490,136.0620,0.0000,0.0000,1513.4770
2087,1,2,1,68.5290,172.2030,0.0000,947.1200,196.9350,139.2930,0.0000,0.0000,1524.0800
2088,1,2,1,62.3440,166.7500,0.0000,946.1040,197.6190,136.3330,0.0000,0.0000,1509.1500
2089,1,2,1,62.4370,166.7330,0.0000,942.5850,190.9300,135.4090,0.0000,0.0000,1498.0940
2090,1,2,1,60.9470,167.4530,0.0000,943.5940,194.5600,134.9840,0.0000,0.0000,1501.5380
2091,1,2,0,62.4800,167.7970,0.0000,956.4860,194.4670,134.2220,0.0000,0.0000,1515.4520
2092,1,2,1,63.0650,168.0860,0.0000,942.7450,195.6310,135.3540,0.0000,0.0000,1504.8810
2093,1,2,1,61.8400,166.8370,0.0000,948.0680,200.5790,137.3900,0.0000,0.0000,1514.7140
2094,0,2,0,60.1300,166.9960,0.0000,957.5320,196.2650,135.8030,0.0000,0.0000,1516.7260
2095,1,2,1,61.9380,164.7020,0.0000,943.1510,195.4160,137.5390,0.0000,0.0000,1502.7460
2096,1,2,1,62.9910,164.7750,0.0000,949.8960,194.4490,135.8400,0.0000,0.0000,1507.9510
2097,1,2,1,60.9970,165.9260,0.0000,941.1440,193.9200,134.8680,0.0000,0.0000,1496.8550
2098,1,2,1,61.1140,166.0060,0.0000,943.5200,193.8710,134.8120,0.0000,0.0000,1499.3230
2099,1,2,1,61.1320,166.9720,0.0000,950.8250,203.1570,138.6340,0.0000,0.0000,1520.7200
2100,1,2,1,61.6920,166.3690,0.0000,943.7040,196.4250,137.4770,0.0000,0.0000,1505.6670
2101,1,2,1,61.8710,166.4920,0.0000,944.2520,196.4740,135.3480,0.0000,0.0000,1504.4370
2102,1,2,1,62.8870,165.6990,0.0000,957.1140,195.6620,135.7350,0.0000,0.0000,1517.0970
2103,0,2,0,60.9420,167.1760,0.0000,943.5140,195.7170,136.9790,0.0000,0.0000,1504.3280
2104,1,2,1,59.8100,165.5570,0.0000,955.0890,193.3780,134.0190,0.0000,0.0000,1507.8530
2105,1,2,1,62.1970,168.1600,0.0000,944.9290,202.9600,138.2710,0.0000,0.0000,1516.5170
2106,0,2,0,63.7290,166.8800,0.0000,949.8650,194.9110,136.4180,0.0000,0.0000,1511.8030
2107,1,2,1,62.0500,167.3290,0.0000,943.1510,194.1730,133.6980,0.0000,0.0000,1500.4010
2108,1,2,1,61.4030,166.5360,0.0000,947.5820,194.6890,132.2890,0.0000,0.0000,1502.4990
2109,1,2,1,61.8710,165.1870,0.0000,943.0340,196.8800,135.1880,0.0000,0.0000,1502.1600
2110,1,2,1,62.3570,165.4950,0.0000,944.6840,192.3260,133.6490,0.0000,0.0000,1498.5110
2111,1,2,1,61.1140,164.2340,0.0000,943.6980,259.8400,141.6310,0.0000,0.0000,1570.5170
2112,1,2,1,62.3880,171.2240,0.0000,946.1170,196.2280,136.3200,0.0000,0.0000,1512.2770
2113,1,2,1,62.0870,169.7540,0.0000,944.6400,194.2710,136.4670,0.0000,0.0000,1507.2190
2114,1,2,1,63.1130,167.8100,0.0000,942.9110,195.1940,135.0640,0.0000,0.0000,1504.0920
2115,1,2,1,60.5470,164.6280,0.0000,957.2000,194.3200,134.3690,0.0000,0.0000,1511.0640
2116,1,2,1,59.7910,164.9660,0.0000,944.3260,194.6470,135.7910,0.0000,0.0000,1499.5210
2117,1,2,1,60.5600,166.5540,0.0000,943.5630,194.4370,175.8520,0.0000,0.0000,1540.9660
2118,1,2,1,64.5540,170.0060,0.0000,942.7020,197.6990,136.4980,0.0000,0.0000,1511.4590
2119,1,2,1,61.2550,167.2490,0.0000,942.8670,192.8000,134.4740,0.0000,0.0000,1498.6450
2120,1,2,1,59.9260,166.8860,0.0000,955.8770,195.2120,134.8930,0.0000,0.0000,1512.7940
2121,1,2,1,61.1320,166.0800,0.0000,941.2250,194.0300,135.9260,0.0000,0.0000,1498.3930
2122,1,2,1,61.6000,166.5660,0.0000,942.3630,193.8340,134.5170,0.0000,0.0000,1498.8800
2123,0,2,1,61.7910,164.3570,0.0000,954.5420,194.5170,136.0610,0.0000,0.0000,1511.2680
2124,1,2,1,61.2550,166.7880,0.0000,986.0740,203.8220,137.3790,0.0000,0.0000,1555.3180
2125,1,2,1,61.5140,168.0990,0.0000,941.8530,194.7510,134.7940,0.0000,0.0000,1501.0110
2126,1,2,1,64.4610,166.2520,0.0000,942.0360,196.2960,137.9140,0.0000,0.0000,1506.9590
2127,1,2,1,60.6470,167.7970,0.0000,943.1260,194.5230,132.7330,0.0000,0.0000,1498.8260
2128,1,2,1,62.7690,165.5630,0.0000,957.0650,193.1570,134.4980,0.0000,0.0000,1513.0520
2129,1,2,1,61.1010,166.5910,0.0000,958.1350,193.9630,136.1100,0.0000,0.0000,1515.9000
2130,1,2,1,62.8430,166.7570,0.0000,952.0000,203.8590,136.8990,0.0000,0.0000,1522.3580
2131,1,2,1,62.6280,167.2120,0.0000,946.7330,197.0160,135.7350,0.0000,0.0000,1509.3240
2132,1,2,1,61.2610,166.6580,0.0000,957.5140,196.7200,134.5240,0.0000,0.0000,1516.6770
2133,1,2,1,62.7200,165.5320,0.0000,956.2770,193.7110,136.7270,0.0000,0.0000,1514.9670
2134,1,2,1,61.6190,165.2310,0.0000,955.1010,194.5160,136.6830,0.0000,0.0000,1513.1500
2135,1,2,1,62.0060,165.4150,0.0000,943.3910,194.8180,134.7450,0.0000,0.0000,1500.3750
2136,1,2,1,60.8120,165.2920,0.0000,944.8990,204.9350,137.2860,0.0000,0.0000,1513.2240
2137,1,2,1,61.7170,169.6310,0.0000,948.1230,196.8300,134.6220,0.0000,0.0000,1510.9230
2138,1,2,1,62.5840,164.9040,0.0000,957.4400,193.0590,136.0310,0.0000,0.0000,1514.0180
2139,1,2,1,62.3570,164.8550,0.0000,943.2740,196.1480,137.0090,0.0000,0.0000,1503.6430
2140,1,2,1,61.7540,166.3810,0.0000,958.2640,194.6400,136.3440,0.0000,0.0000,1517.3830
2141,1,2,1,61.3850,165.4270,0.0000,956.1780,192.5470,135.0890,0.0000,0.0000,1510.6260
2142,1,2,1,61.5380,167.1940,0.0000,989.0650,205.1260,137.4460,0.0000,0.0000,1560.3690
2143,1,2,1,63.9570,168.6530,0.0000,943.7720,195.4280,137.4150,0.0000,0.0000,1509.2250
2144,1,2,1,60.6830,165.9690,0.0000,948.9910,194.9290,134.1410,0.0000,0.0000,1504.7130
2145,1,2,0,61.0830,166.2400,0.0000,944.3880,197.1630,135.1750,0.0000,0.0000,1504.0490
2146,1,2,1,61.3540,165.1200,0.0000,956.4740,196.8500,136.2950,0.0000,0.0000,1516.0930
2147,1,2,1,61.5010,166.8430,0.0000,957.4030,197.5450,135.0950,0.0000,0.0000,1518.3870
2148,1,2,1,61.9630,166.3070,0.0000,942.4930,191.9760,185.4160,0.0000,0.0000,1548.1550
2149,1,2,1,62.1720,171.1570,0.0000,957.9320,196.8740,138.2530,0.0000,0.0000,1526.3880
2150,1,2,1,61.7540,166.1790,0.0000,943.1750,196.8920,133.6310,0.0000,0.0000,1501.6310
2151,1,2,1,63.2680,166.0000,0.0000,944.0370,193.7110,135.8210,0.0000,0.0000,1502.8370
2152,0,2,0,61.6430,166.2650,0.0000,946.2650,193.7360,134.7390,0.0000,0.0000,1502.6480
2153,1,2,1,62.0000,165.7970,0.0000,956.4740,194.7760,135.1450,0.0000,0.0000,1514.1920
2154,1,2,1,60.6460,165.3480,0.0000,956.1910,196.3570,134.2400,0.0000,0.0000,1512.7820
2155,1,2,1,62.2160,208.9850,0.0000,956.2830,197.1940,138.6030,0.0000,0.0000,1563.2810
2156,1,2,1,64.0550,168.5730,0.0000,945.5260,194.7810,135.1870,0.0000,0.0000,1508.1220
2157,1,2,1,62.0620,165.4520,0.0000,943.6680,197.2310,136.5600,0.0000,0.0000,1504.9730
2158,1,2,1,62.3820,166.7560,0.0000,955.3600,194.8920,134.9290,0.0000,0.0000,1514.3190
2159,0,2,1,61.9320,165.3110,0.0000,946.1600,193.5440,136.4300,0.0000,0.0000,1503.3770
2160,1,2,1,61.2000,164.5290,0.0000,956.2470,193.6490,137.0830,0.0000,0.0000,1512.7080
2161,0,2,0,61.3910,165.7110,0.0000,946.3690,200.9600,138.2770,0.0000,0.0000,1512.7080
2162,1,2,1,62.0180,168.9230,0.0000,947.5020,196.2030,136.6580,0.0000,0.0000,1511.3040
2163,1,2,1,63.8960,167.3900,0.0000,943.3300,195.2610,136.1230,0.0000,0.0000,1506.0000
2164,1,2,0,63.2310,166.0610,0.0000,945.4770,195.6440,135.2610,0.0000,0.0000,1505.6740
2165,0,2,0,61.2860,167.0770,0.0000,943.0650,192.5290,134.3020,0.0000,0.0000,1498.2590
2166,1,2,1,62.5720,165.9690,0.0000,942.5480,194.8740,133.8590,0.0000,0.0000,1499.8220
2167,1,2,1,61.5870,166.5170,0.0000,949.5320,201.7540,136.8870,0.0000,0.0000,1516.2770
2168,1,2,1,61.8650,167.9630,0.0000,943.5330,195.4220,135.6860,0.0000,0.0000,1504.4690
2169,1,2,1,61.2190,166.1170,0.0000,945.8890,194.3690,134.1900,0.0000,0.0000,1501.7840
2170,1,2,1,63.8640,166.3690,0.0000,944.5660,193.9010,134.4800,0.0000,0.0000,1503.1800
2171,1,2,1,62.1040,165.0330,0.0000,941.2740,194.8060,135.2860,0.0000,0.0000,1498.5030
2172,1,2,1,61.1200,164.3940,0.0000,941.0890,193.1390,134.8680,0.0000,0.0000,1494.6100
2173,1,2,1,62.1790,165.0030,0.0000,999.2920,209.3600,142.1410,0.0000,0.0000,1577.9750
2174,0,2,0,63.8150,171.8400,0.0000,945.5880,197.9440,139.3600,0.0000,0.0000,1518.5470
2175,1,2,1,62.6950,168.6770,0.0000,941.4520,196.3570,135.9140,0.0000,0.0000,1505.0950
2176,0,2,0,62.5780,165.0330,0.0000,955.8530,194.5720,134.9660,0.0000,0.0000,1513.0020
2177,0,2,0,61.2920,165.4530,0.0000,945.2920,194.7200,134.2590,0.0000,0.0000,1501.0160
2178,0,2,0,61.4470,166.0610,0.0000,954.4990,194.3810,134.2700,0.0000,0.0000,1510.6580
2179,1,2,1,60.4490,165.3780,0.0000,956.5170,227.0950,162.9660,0.0000,0.0000,1572.4050
2180,1,2,1,67.3600,187.6000,0.0000,949.5140,206.7270,144.7630,0.0000,0.0000,1555.9640
2181,1,2,1,62.6340,174.0250,0.0000,946.1850,197.9260,137.5260,0.0000,0.0000,1518.2960
2182,1,2,1,64.9110,167.8340,0.0000,957.6310,194.0800,136.0430,0.0000,0.0000,1520.4990
2183,1,2,1,61.6430,168.6650,0.0000,947.2180,195.2930,135.8090,0.0000,0.0000,1508.6280
2184,1,2,1,62.1790,165.3230,0.0000,946.1910,194.6340,133.6240,0.0000,0.0000,1501.9510
2185,0,2,0,61.6550,163.4220,0.0000,956.4920,195.7660,135.7840,0.0000,0.0000,1513.1190
2186,1,2,1,109.7480,172.0190,0.0000,944.3320,199.5570,139.5380,0.0000,0.0000,1565.1940
2187,1,2,1,62.0930,166.3320,0.0000,942.8860,193.9010,138.5850,0.0000,0.0000,1503.7970
2188,1,2,1,61.0220,168.5720,0.0000,942.5790,194.5410,135.2180,0.0000,0.0000,1501.9320
2189,1,2,1,61.6130,165.7470,0.0000,945.9820,193.7850,135.1810,0.0000,0.0000,1502.3080
2190,1,2,1,61.3720,165.6550,0.0000,943.2120,194.4060,135.9200,0.0000,0.0000,1500.5650
2191,1,2,1,60.7080,168.2770,0.0000,942.0740,195.4840,133.9810,0.0000,0.0000,1500.5240
2192,1,2,1,62.7750,166.3880,0.0000,957.2680,201.3040,137.0460,0.0000,0.0000,1524.7810
2193,1,2,1,62.6030,167.8460,0.0000,946.0370,196.7690,135.9500,0.0000,0.0000,1509.2050
2194,1,2,1,61.5380,168.8440,0.0000,942.2650,195.6860,134.1290,0.0000,0.0000,1502.4620
2195,1,2,1,60.7630,165.0950,0.0000,944.0180,193.9260,132.1420,0.0000,0.0000,1495.9440
2196,0,2,0,60.3810,167.5080,0.0000,940.3940,194.3570,134.5850,0.0000,0.0000,1497.2250
2197,1,2,1,61.9260,166.4000,0.0000,947.4400,194.7500,135.1070,0.0000,0.0000,1505.6230
2198,1,2,1,62.2400,166.9540,0.0000,946.7380,200.6950,136.4060,0.0000,0.0000,1513.0330
2199,1,2,1,62.0550,169.2680,0.0000,957.7970,194.6280,135.7840,0.0000,0.0000,1519.5320
2200,1,2,1,60.3570,167.7040,0.0000,943.1020,195.7720,133.4460,0.0000,0.0000,1500.3810
2201,1,2,1,67.9870,175.6190,0.0000,946.1240,198.9170,142.1230,0.0000,0.0000,1530.7700
2202,1,2,1,62.6340,168.7330,0.0000,945.0710,195.1260,138.0680,0.0000,0.0000,1509.6320
2203,1,2,1,62.4120,165.2310,0.0000,942.2470,194.3750,136.9480,0.0000,0.0000,1501.2130
2204,1,2,1,62.9290,165.5630,0.0000,957.2370,208.3390,139.8090,0.0000,0.0000,1533.8770
2205,1,2,1,63.4030,172.1050,0.0000,946.0990,197.3660,136.4310,0.0000,0.0000,1515.4040
2206,1,2,1,63.4770,169.5750,0.0000,945.4090,196.1100,135.6310,0.0000,0.0000,1510.2020
2207,0,2,0,62.6400,166.7820,0.0000,948.2030,196.1420,134.8180,0.0000,0.0000,1508.5850
2208,1,2,1,61.8650,167.7230,0.0000,957.7600,195.4220,135.5510,0.0000,0.0000,1518.3210
2209,1,2,1,61.6190,165.9200,0.0000,954.0980,193.1940,134.8920,0.0000,0.0000,1509.7230
2210,1,2,1,60.6340,167.8090,0.0000,943.2250,260.6710,137.8530,0.0000,0.0000,1570.1920
2211,1,2,1,64.4190,169.8030,0.0000,957.9880,195.9810,136.6030,0.0000,0.0000,1524.7940
2212,1,2,1,60.3690,166.0000,0.0000,943.9940,194.9790,135.8590,0.0000,0.0000,1501.2010
2213,1,2,1,61.0580,166.4610,0.0000,941.8280,194.3320,137.1380,0.0000,0.0000,1500.8170
2214,0,2,0,62.8310,165.6610,0.0000,957.1080,194.8920,134.8060,0.0000,0.0000,1515.2980
2215,1,2,1,61.4960,166.3940,0.0000,957.1260,193.3660,131.9200,0.0000,0.0000,1510.3020
2216,1,2,1,61.1570,166.1910,0.0000,942.6030,194.2160,185.5070,0.0000,0.0000,1549.6740
2217,0,2,0,63.7350,172.0000,0.0000,944.6580,196.5100,137.1320,0.0000,0.0000,1514.0350
2218,1,2,1,61.2920,167.4710,0.0000,945.6310,195.1320,134.2160,0.0000,0.0000,1503.7420
2219,1,2,1,62.1410,167.4280,0.0000,955.5020,195.5450,134.6830,0.0000,0.0000,1515.2990
2220,1,2,1,63.7230,164.8490,0.0000,942.6340,191.6550,134.0060,0.0000,0.0000,1496.8670
2221,1,2,1,61.2930,165.5630,0.0000,955.8160,193.7660,135.6920,0.0000,0.0000,1512.1300
2222,1,2,1,62.5410,164.9730,0.0000,945.6000,192.9600,133.1380,0.0000,0.0000,1499.2120
2223,1,2,1,60.9230,207.7850,0.0000,944.4130,202.1530,136.9670,0.0000,0.0000,1552.2410
2224,1,2,1,61.9020,169.0830,0.0000,944.2400,195.6120,135.1940,0.0000,0.0000,1506.0310
2225,1,2,1,61.4580,165.5380,0.0000,955.8890,195.0590,138.0560,0.0000,0.0000,1516.0000
2226,0,2,0,62.3140,166.3260,0.0000,944.3140,194.4370,135.5510,0.0000,0.0000,1502.9420
2227,1,2,1,61.7300,164.0680,0.0000,942.8120,194.8620,134.0000,0.0000,0.0000,1497.4720
2228,1,2,1,60.9110,164.4980,0.0000,940.8120,194.0560,135.1630,0.0000,0.0000,1495.4400
2229,1,2,1,61.8700,167.4890,0.0000,953.2920,201.6300,135.9450,0.0000,0.0000,1520.2260
2230,0,2,0,64.1110,168.3020,0.0000,944.2460,197.0280,135.1940,0.0000,0.0000,1508.8810
2231,0,2,0,62.4000,167.7480,0.0000,941.9810,195.2000,134.3330,0.0000,0.0000,1501.6620
2232,0,2,0,59.7600,163.4770,0.0000,941.4210,195.1200,134.9540,0.0000,0.0000,1494.7320
2233,0,2,0,62.6840,166.6590,0.0000,942.4190,193.3970,136.2340,0.0000,0.0000,1501.3930
2234,1,2,1,61.0160,167.3290,0.0000,943.3840,193.8270,133.5750,0.0000,0.0000,1499.1310
2235,1,2,1,61.9260,166.3750,0.0000,948.1480,204.0980,139.6490,0.0000,0.0000,1520.1960
2236,1,2,1,64.5600,168.4730,0.0000,948.1540,195.4890,138.3320,0.0000,0.0000,1515.0080
2237,1,2,1,62.1480,166.7070,0.0000,942.8120,195.3480,134.2400,0.0000,0.0000,1501.2550
2238,1,2,1,62.5970,165.4710,0.0000,956.0620,192.2100,136.4310,0.0000,0.0000,1512.7710
2239,1,2,1,60.6400,164.8930,0.0000,957.3470,194.7630,135.8400,0.0000,0.0000,1513.4830
2240,1,2,0,62.1850,165.7410,0.0000,956.9790,193.8590,134.8620,0.0000,0.0000,1513.6260
2241,1,2,1,62.0740,164.1480,0.0000,943.1450,202.6160,138.1670,0.0000,0.0000,1510.1500
2242,1,2,1,61.6130,168.2520,0.0000,943.9940,196.4740,137.2610,0.0000,0.0000,1507.5940
2243,0,2,0,61.7300,166.1410,0.0000,942.3690,194.3810,136.1050,0.0000,0.0000,1500.7260
2244,1,2,1,60.8500,165.2550,0.0000,942.8860,195.4530,134.5040,0.0000,0.0000,1498.9480
2245,1,2,1,62.5540,165.6870,0.0000,945.6560,193.6930,134.2580,0.0000,0.0000,1501.8480
2246,0,2,0,62.9790,165.4160,0.0000,945.9380,194.7940,134.1850,0.0000,0.0000,1503.3120
2247,1,2,1,61.6360,165.7410,0.0000,943.2800,193.7850,186.1780,0.0000,0.0000,1550.6200
2248,1,2,1,64.2340,169.3970,0.0000,944.8130,196.5780,138.0670,0.0000,0.0000,1513.0890
2249,0,2,0,61.6620,166.3510,0.0000,955.9380,195.4150,135.4890,0.0000,0.0000,1514.8550
2250,1,2,1,62.7570,168.4930,0.0000,945.0150,193.8830,134.8920,0.0000,0.0000,1505.0400
2251,1,2,1,61.5380,167.5630,0.0000,943.2120,195.6920,135.5500,0.0000,0.0000,1503.5550
2252,1,2,1,60.9110,165.4030,0.0000,943.3410,193.5320,134.4860,0.0000,0.0000,1497.6730
2253,1,2,1,61.9570,166.8740,0.0000,956.0930,195.2430,134.9240,0.0000,0.0000,1515.0910
2254,1,2,1,64.5850,203.8460,0.0000,944.0060,203.6180,137.4890,0.0000,0.0000,1553.5440
2255,1,2,1,61.8640,169.2560,0.0000,943.6860,194.7870,135.4710,0.0000,0.0000,1505.0640
2256,1,2,1,62.6030,165.2490,0.0000,943.6250,193.3300,136.1170,0.0000,0.0000,1500.9240
2257,1,2,1,62.2650,166.0370,0.0000,942.9970,194.3260,135.0520,0.0000,0.0000,1500.6770
2258,1,2,1,61.9140,167.6370,0.0000,945.7530,193.6120,134.9050,0.0000,0.0000,1503.8210
2259,1,2,0,61.0580,167.8520,0.0000,942.2150,192.5850,136.6890,0.0000,0.0000,1500.3990
2260,1,2,1,59.7230,165.9880,0.0000,950.2030,203.3540,137.6920,0.0000,0.0000,1516.9600
2261,1,2,1,63.9140,167.8830,0.0000,945.9510,195.8150,134.7630,0.0000,0.0000,1508.3260
2262,1,2,1,61.3290,168.6770,0.0000,942.5660,196.8310,136.0190,0.0000,0.0000,1505.4220
2263,1,2,1,62.7020,168.8860,0.0000,941.6000,193.7720,134.6830,0.0000,0.0000,1501.6430
2264,1,2,1,63.0770,167.1570,0.0000,942.3020,193.8520,134.8620,0.0000,0.0000,1501.2500
2265,0,2,0,60.9170,167.2190,0.0000,946.8920,194.5720,133.3420,0.0000,0.0000,1502.9420
2266,0,2,0,61.8340,165.5200,0.0000,942.7560,200.9660,137.3540,0.0000,0.0000,1508.4300
2267,1,2,1,63.4890,168.5480,0.0000,943.0400,196.8430,134.0430,0.0000,0.0000,1505.9630
2268,1,2,1,61.6430,169.4220,0.0000,948.1350,194.3570,134.9470,0.0000,0.0000,1508.5040
2269,1,2,1,61.4520,167.9080,0.0000,943.8100,195.2550,134.4060,0.0000,0.0000,1502.8310
2270,1,2,1,61.3910,166.1900,0.0000,945.3970,197.0650,134.1170,0.0000,0.0000,1504.1600
2271,1,2,1,61.2500,164.8490,0.0000,942.3570,195.0710,134.3630,0.0000,0.0000,1497.8900
2272,0,2,0,61.3540,165.1260,0.0000,943.4160,234.1790,137.3900,0.0000,0.0000,1541.4650
2273,1,2,1,60.8240,169.4030,0.0000,946.7810,196.0990,136.6340,0.0000,0.0000,1509.7410
2274,1,2,1,60.5660,166.3690,0.0000,956.0870,195.0280,135.0710,0.0000,0.0000,1513.1210
2275,1,2,1,61.1320,165.7110,0.0000,943.3290,196.5600,135.0960,0.0000,0.0000,1501.8280
2276,1,2,0,61.1200,164.4610,0.0000,942.5910,194.2770,138.2030,0.0000,0.0000,1500.6520
2277,0,2,0,60.9660,165.5440,0.0000,942.4860,194.8740,134.9040,0.0000,0.0000,1498.7740
2278,1,2,1,61.6130,166.0300,0.0000,944.5910,194.5050,136.5230,0.0000,0.0000,1503.2620
2279,1,2,1,115.0770,182.2030,0.0000,947.7540,204.9540,144.2770,0.0000,0.0000,1594.2650
2280,1,2,1,64.8680,172.3570,0.0000,949.7050,194.7810,138.3260,0.0000,0.0000,1520.0370
2281,1,2,1,61.5450,170.0310,0.0000,945.0210,197.1570,136.1050,0.0000,0.0000,1509.8590
2282,1,2,1,61.9440,168.0430,0.0000,946.4070,194.7140,135.6800,0.0000,0.0000,1506.7880
2283,1,2,1,61.6180,165.7170,0.0000,944.7440,194.4310,134.1290,0.0000,0.0000,1500.6390
2284,1,2,0,61.7540,166.0120,0.0000,945.5810,193.7050,133.7660,0.0000,0.0000,1500.8180
2285,1,2,1,61.3410,165.7110,0.0000,948.2830,209.3040,140.2400,0.0000,0.0000,1524.8790
2286,1,2,1,64.4620,172.2030,0.0000,946.0370,196.0130,136.4620,0.0000,0.0000,1515.1770
2287,1,2,1,62.9660,167.5510,0.0000,943.4580,196.0430,136.1910,0.0000,0.0000,1506.2090
2288,1,2,1,61.7970,166.5910,0.0000,956.8610,195.9810,136.0120,0.0000,0.0000,1517.2420
2289,0,2,0,61.5140,165.7360,0.0000,956.4490,195.0710,134.2460,0.0000,0.0000,1513.0160
2290,1,2,1,62.0980,166.7630,0.0000,944.1910,192.5660,135.9390,0.0000,0.0000,1501.5570
2291,1,2,1,62.7810,165.9630,0.0000,945.2000,203.0210,136.9730,0.0000,0.0000,1513.9380
2292,0,2,0,62.2640,166.3390,0.0000,957.4890,196.4620,136.2770,0.0000,0.0000,1518.8310
2293,1,2,1,61.7530,165.9260,0.0000,944.9900,196.0130,135.9320,0.0000,0.0000,1504.6140
2294,1,2,1,62.1540,166.0740,0.0000,941.5080,195.7170,134.1110,0.0000,0.0000,1499.5640
2295,1,2,1,60.2030,166.2030,0.0000,955.3540,192.3140,132.5970,0.0000,0.0000,1506.6710
2296,1,2,1,60.1600,165.3720,0.0000,943.6990,195.8280,132.4430,0.0000,0.0000,1497.5020
2297,1,2,1,61.3170,164.8250,0.0000,953.7040,206.5960,138.4800,0.0000,0.0000,1524.9220
2298,1,2,1,62.5600,168.1050,0.0000,946.5050,195.9390,135.8710,0.0000,0.0000,1508.9800
2299,1,2,1,62.2830,165.6740,0.0000,948.4060,194.0740,136.3140,0.0000,0.0000,1506.7510
2300,1,2,1,61.7910,166.3880,0.0000,956.2400,194.2460,133.2550,0.0000,0.0000,1511.9200
2301,0,2,0,60.5720,166.6340,0.0000,941.6920,195.4580,134.2460,0.0000,0.0000,1498.6020
2302,1,2,1,60.4980,164.2340,0.0000,946.4560,196.3810,135.8710,0.0000,0.0000,1503.4400
2303,1,2,1,60.8250,165.6680,0.0000,970.6090,201.3600,136.2160,0.0000,0.0000,1534.6780
2304,0,2,0,61.9020,168.6950,0.0000,947.4960,196.3200,135.3050,0.0000,0.0000,1509.7180
2305,1,2,1,63.6490,168.1540,0.0000,944.8490,195.2310,135.4220,0.0000,0.0000,1507.3050
2306,1,2,1,61.5200,165.8150,0.0000,941.0710,194.0060,136.2710,0.0000,0.0000,1498.6830
2307,1,2,1,61.3790,168.0740,0.0000,943.1880,195.1390,133.6800,0.0000,0.0000,1501.4600
2308,1,2,1,60.6960,164.5780,0.0000,946.2400,193.7660,134.0070,0.0000,0.0000,1499.2870
2309,1,2,1,61.0770,166.9100,0.0000,956.8860,193.4650,177.9080,0.0000,0.0000,1556.2460
2310,1,2,1,65.5630,169.7170,0.0000,957.6800,196.4800,136.7630,0.0000,0.0000,1526.2030
2311,1,2,1,61.9570,166.4800,0.0000,948.6330,196.4670,136.0860,0.0000,0.0000,1509.6230
2312,1,2,1,62.5530,165.0150,0.0000,943.3970,194.7070,136.4250,0.0000,0.0000,1502.0970
2313,1,2,1,61.7170,167.1810,0.0000,944.6280,195.2800,134.4310,0.0000,0.0000,1503.2370
2314,1,2,1,61.2980,164.8860,0.0000,942.8180,193.8400,134.6030,0.0000,0.0000,1497.4450
2315,1,2,1,61.4030,166.3690,0.0000,943.9820,195.0150,134.7140,0.0000,0.0000,1501.4830
2316,1,2,1,61.9750,211.5070,0.0000,948.7010,201.7600,139.4030,0.0000,0.0000,1563.3460
2317,1,2,1,63.4700,169.1140,0.0000,945.3110,193.9260,138.5170,0.0000,0.0000,1510.3380
2318,1,2,1,62.8920,167.3780,0.0000,942.0560,194.4620,135.4710,0.0000,0.0000,1502.2590
2319,1,2,1,61.4400,165.2000,0.0000,943.0650,197.4770,135.8160,0.0000,0.0000,1502.9980
2320,1,2,1,61.5700,165.3850,0.0000,955.4710,195.5020,135.2310,0.0000,0.0000,1513.1590
2321,1,2,1,60.6640,168.1170,0.0000,947.2620,195.7600,135.4950,0.0000,0.0000,1507.2980
2322,1,2,1,63.7600,165.9200,0.0000,951.8210,204.3260,138.1040,0.0000,0.0000,1523.9310
2323,1,2,1,62.1300,168.8920,0.0000,955.9880,195.0270,136.8860,0.0000,0.0000,1518.9230
2324,1,2,1,60.3930,167.0280,0.0000,946.4370,196.1600,134.2710,0.0000,0.0000,1504.2890
2325,1,2,1,61.9940,167.4890,0.0000,941.1260,193.6060,135.4340,0.0000,0.0000,1499.6490
2326,1,2,1,62.9780,167.2680,0.0000,944.7880,196.7130,135.4710,0.0000,0.0000,1507.2180
2327,1,2,1,63.0950,167.3850,0.0000,944.6030,194.7640,133.9380,0.0000,0.0000,1503.7850
2328,1,2,1,62.9230,165.7230,0.0000,948.3010,200.3880,138.7810,0.0000,0.0000,1516.1160
2329,1,2,1,62.7700,166.8550,0.0000,945.8400,193.8650,136.9410,0.0000,0.0000,1506.2710
2330,1,2,1,63.3600,165.3850,0.0000,941.7900,194.7140,135.0890,0.0000,0.0000,1500.3380
2331,1,2,1,61.4030,166.8130,0.0000,944.7390,196.2090,136.6100,0.0000,0.0000,1505.7740
2332,1,2,1,61.8090,167.0830,0.0000,942.4000,193.6240,134.9910,0.0000,0.0000,1499.9070
2333,1,2,1,63.4590,166.8430,0.0000,954.2960,193.3480,136.0610,0.0000,0.0000,1514.0070
2334,1,2,1,60.0920,165.9820,0.0000,968.5170,200.4430,138.6770,0.0000,0.0000,1533.7110
2335,1,2,1,61.9690,169.1940,0.0000,947.7850,196.7690,137.6120,0.0000,0.0000,1513.3290
2336,0,2,0,62.2700,167.2430,0.0000,945.3780,194.7630,133.7720,0.0000,0.0000,1503.4260
2337,1,2,1,62.7940,167.5570,0.0000,942.9600,195.8830,135.7480,0.0000,0.0000,1504.9420
2338,1,2,1,62.8490,167.3480,0.0000,955.3480,196.3940,135.2240,0.0000,0.0000,1517.1630
2339,1,2,1,60.6160,166.3270,0.0000,954.5230,195.7970,135.0030,0.0000,0.0000,1512.2660
2340,1,2,0,61.9940,166.2770,0.0000,943.9320,192.9720,175.5690,0.0000,0.0000,1540.7440
2341,1,2,0,62.2580,169.2060,0.0000,945.2490,197.0580,134.2030,0.0000,0.0000,1507.9740
2342,1,2,1,61.1020,166.5910,0.0000,957.0280,194.9720,136.4440,0.0000,0.0000,1516.1370
2343,1,2,1,61.7110,164.6640,0.0000,956.0000,196.1720,133.8330,0.0000,0.0000,1512.3800
2344,1,2,1,62.3320,166.0120,0.0000,941.4220,194.0670,134.7390,0.0000,0.0000,1498.5720
2345,1,2,1,61.4710,166.3510,0.0000,945.0400,195.0520,136.0130,0.0000,0.0000,1503.9270
2346,1,2,1,62.8500,165.8460,0.0000,942.5420,194.8560,135.0400,0.0000,0.0000,1501.1340
2347,1,2,1,62.4000,206.5350,0.0000,948.3940,201.3540,136.1600,0.0000,0.0000,1554.8430
2348,1,2,0,61.4150,167.7100,0.0000,944.0370,192.5410,134.6460,0.0000,0.0000,1500.3490
2349,1,2,1,62.0740,165.7290,0.0000,941.8400,193.5500,134.0190,0.0000,0.0000,1497.2120
2350,0,2,0,62.1050,165.6490,0.0000,947.5630,194.4860,134.6770,0.0000,0.0000,1504.4800
2351,1,2,1,61.8210,163.7470,0.0000,944.1970,194.0130,134.6830,0.0000,0.0000,1498.4610
2352,1,2,1,61.5510,166.1730,0.0000,958.6770,193.0830,135.9200,0.0000,0.0000,1515.4040
2353,1,2,1,62.2830,166.7140,0.0000,956.6580,203.3970,137.6310,0.0000,0.0000,1526.6830
2354,1,2,1,64.9350,168.2580,0.0000,944.7010,196.1410,134.6340,0.0000,0.0000,1508.6690
2355,1,2,1,61.0280,166.3390,0.0000,943.4340,194.4310,136.0620,0.0000,0.0000,1501.2940
2356,1,2,1,61.3040,165.6370,0.0000,945.2000,194.1410,134.5480,0.0000,0.0000,1500.8300
2357,1,2,1,61.8700,164.9420,0.0000,941.3780,195.1630,135.1820,0.0000,0.0000,1498.5350
2358,1,2,1,61.1750,167.6240,0.0000,955.5070,193.4950,132.6580,0.0000,0.0000,1510.4590
2359,1,2,1,60.7200,167.6550,0.0000,957.8640,207.1750,138.7080,0.0000,0.0000,1532.1220
2360,0,2,0,62.3270,170.9850,0.0000,943.9380,196.8070,134.7450,0.0000,0.0000,1508.8020
2361,1,2,0,61.8100,166.1660,0.0000,943.4650,196.1540,136.0680,0.0000,0.0000,1503.6630
2362,1,2,1,60.5290,166.6950,0.0000,956.7510,193.4090,134.8980,0.0000,0.0000,1512.2820
2363,1,2,0,60.3820,166.1420,0.0000,941.9320,192.9850,135.8340,0.0000,0.0000,1497.2750
2364,0,2,0,61.1570,166.5230,0.0000,943.3290,195.0710,133.3040,0.0000,0.0000,1499.3840
2365,1,2,1,62.8500,166.5170,0.0000,994.4740,201.8900,136.4000,0.0000,0.0000,1562.1310
2366,1,2,1,62.3820,165.4890,0.0000,958.5970,195.0710,134.9530,0.0000,0.0000,1516.4920
2367,1,2,1,61.9750,166.9840,0.0000,946.6830,196.3260,135.0090,0.0000,0.0000,1506.9770
2368,1,2,1,61.1140,166.6520,0.0000,957.0100,193.2610,134.9790,0.0000,0.0000,1513.0160
2369,1,2,1,61.1570,167.1450,0.0000,942.4860,195.2130,135.9260,0.0000,0.0000,1501.9270
2370,1,2,1,63.7540,167.7720,0.0000,946.6470,193.1260,134.1350,0.0000,0.0000,1505.4340
2371,1,2,1,59.9690,164.8240,0.0000,957.6060,195.9820,176.5410,0.0000,0.0000,1554.9220
2372,1,2,1,61.3540,173.4960,0.0000,956.8370,195.7350,137.7290,0.0000,0.0000,1525.1510
2373,0,2,0,62.5790,164.9670,0.0000,943.4530,195.6370,134.9660,0.0000,0.0000,1501.6020
2374,1,2,1,62.5170,164.3810,0.0000,946.0680,195.6430,137.4520,0.0000,0.0000,1506.0610
2375,1,2,1,60.7810,164.6470,0.0000,942.6770,192.4000,134.9850,0.0000,0.0000,1495.4900
2376,1,2,1,60.1110,165.7600,0.0000,942.3020,193.6180,135.4890,0.0000,0.0000,1497.2800
2377,1,2,1,61.3660,165.9870,0.0000,942.4740,193.9200,136.8370,0.0000,0.0000,1500.5840
2378,1,2,1,61.2250,384.3700,0.0000,956.0310,211.1820,143.7350,0.0000,0.0000,1756.5430
2379,1,2,1,64.2950,173.4960,0.0000,945.9390,197.2500,136.8860,0.0000,0.0000,1517.8660
2380,1,2,1,62.2340,166.9410,0.0000,942.4370,197.0640,138.1050,0.0000,0.0000,1506.7810
2381,0,2,1,62.8490,166.1170,0.0000,944.3760,197.2180,136.0680,0.0000,0.0000,1506.6280
2382,1,2,1,64.3690,165.1690,0.0000,944.0000,194.9970,134.2280,0.0000,0.0000,1502.7630
2383,1,2,1,61.5880,163.7470,0.0000,943.6000,195.4330,134.6700,0.0000,0.0000,1499.0380
2384,1,2,1,62.0920,165.2370,0.0000,988.6220,202.0680,138.5410,0.0000,0.0000,1556.5600
2385,1,2,1,62.3930,169.0770,0.0000,944.0000,193.8890,135.4900,0.0000,0.0000,1504.8490
2386,1,2,1,61.0890,166.6100,0.0000,954.6520,192.6530,135.4460,0.0000,0.0000,1510.4500
2387,1,2,1,61.5510,166.3700,0.0000,945.5440,193.3480,135.7230,0.0000,0.0000,1502.5360
2388,1,2,1,60.7010,165.8770,0.0000,943.3110,192.5170,134.3070,0.0000,0.0000,1496.7130
2389,1,2,1,62.3820,166.9300,0.0000,943.6990,195.8460,135.2310,0.0000,0.0000,1504.0880
2390,1,2,1,62.1910,164.4560,0.0000,950.5540,199.8710,138.0370,0.0000,0.0000,1515.1090
2391,1,2,1,62.3330,167.2190,0.0000,944.3630,197.3040,135.1880,0.0000,0.0000,1506.4070
2392,1,2,1,60.9970,165.5380,0.0000,958.4120,195.4100,136.6280,0.0000,0.0000,1516.9850
2393,1,2,0,62.2590,167.7720,0.0000,956.9600,195.8770,135.2560,0.0000,0.0000,1518.1240
2394,1,2,1,62.8060,166.4000,0.0000,940.2950,193.4650,135.5020,0.0000,0.0000,1498.4680
2395,1,2,0,60.7380,165.4090,0.0000,944.6890,197.1440,133.2680,0.0000,0.0000,1501.2480
2396,1,2,1,59.8030,166.6770,0.0000,947.6180,204.9290,138.6270,0.0000,0.0000,1517.6540
2397,1,2,1,62.7440,168.7870,0.0000,945.6430,197.0830,136.4120,0.0000,0.0000,1510.6690
2398,1,2,1,61.7670,166.7940,0.0000,958.3380,196.8680,136.1420,0.0000,0.0000,1519.9090
2399,0,2,0,62.3080,167.1570,0.0000,944.8860,195.4640,134.2220,0.0000,0.0000,1504.0370
2400,1,2,1,60.5410,166.9840,0.0000,948.3630,193.5450,134.0680,0.0000,0.0000,1503.5010
2401,1,2,1,62.0800,169.5070,0.0000,942.9720,195.8100,135.3780,0.0000,0.0000,1505.7470
2402,1,2,1,61.5880,166.1970,0.0000,942.0670,241.5880,137.5260,0.0000,0.0000,1548.9660
2403,1,2,0,60.7450,169.8890,0.0000,942.2960,195.2120,136.6460,0.0000,0.0000,1504.7880
2404,1,2,1,62.1170,166.2520,0.0000,944.1660,194.9230,134.3630,0.0000,0.0000,1501.8210
2405,1,2,1,61.7100,166.7690,0.0000,944.6530,196.9360,135.7660,0.0000,0.0000,1505.8340
2406,1,2,1,63.5630,166.6470,0.0000,957.7910,196.2400,136.0860,0.0000,0.0000,1520.3270
2407,1,2,1,61.3480,164.8000,0.0000,942.3630,192.7200,133.9570,0.0000,0.0000,1495.1880
2408,1,2,1,61.5200,167.1940,0.0000,944.3880,193.5630,167.7910,0.0000,0.0000,1534.4560
2409,1,2,1,65.3850,172.1230,0.0000,951.8520,198.4310,135.3600,0.0000,0.0000,1523.1510
2410,1,2,0,61.1390,169.2250,0.0000,958.9530,193.9510,134.8060,0.0000,0.0000,1518.0740
2411,1,2,1,62.3260,167.0710,0.0000,943.1630,194.4610,135.2680,0.0000,0.0000,1502.2890
2412,1,2,1,61.2360,166.4560,0.0000,942.0800,196.0560,136.0130,0.0000,0.0000,1501.8410
2413,1,2,1,61.4400,166.1660,0.0000,942.3200,194.8310,133.2300,0.0000,0.0000,1497.9870
2414,1,2,1,63.2310,165.1640,0.0000,944.4430,193.7160,134.5350,0.0000,0.0000,1501.0890
2415,1,2,1,62.0560,167.3230,0.0000,981.7600,202.3880,135.8520,0.0000,0.0000,1549.3790
2416,1,2,1,61.1380,168.3760,0.0000,957.7350,194.0130,134.7690,0.0000,0.0000,1516.0310
2417,1,2,0,62.7450,165.7970,0.0000,944.7690,194.8120,137.1940,0.0000,0.0000,1505.3170
2418,1,2,1,62.0680,165.4950,0.0000,949.3480,194.0060,136.0060,0.0000,0.0000,1506.9230
2419,0,2,1,62.7690,165.7170,0.0000,945.2240,194.7200,134.2460,0.0000,0.0000,1502.6760
2420,1,2,1,63.6990,166.1660,0.0000,940.8120,194.3690,134.0430,0.0000,0.0000,1499.0890
2421,1,2,1,63.7660,165.7780,0.0000,945.3230,203.2990,137.5940,0.0000,0.0000,1515.7600
2422,1,2,0,63.4520,169.6920,0.0000,956.4120,198.1790,137.0580,0.0000,0.0000,1524.7930
2423,1,2,1,61.4150,167.6860,0.0000,943.4580,194.5420,137.5750,0.0000,0.0000,1504.6760
2424,1,2,1,61.0960,166.3200,0.0000,943.7050,194.2210,135.0710,0.0000,0.0000,1500.4130
2425,1,2,1,60.9290,166.6210,0.0000,942.6470,193.3170,134.1230,0.0000,0.0000,1497.6370
2426,1,2,1,61.3110,165.8950,0.0000,944.5420,194.8620,133.4650,0.0000,0.0000,1500.0750
2427,1,2,1,62.6400,166.4060,0.0000,948.5660,202.6710,136.7500,0.0000,0.0000,1517.0330
2428,1,2,1,61.3720,169.0580,0.0000,942.7630,196.0240,134.8060,0.0000,0.0000,1504.0230
2429,1,2,1,61.6120,166.9240,0.0000,941.8270,194.9970,133.4280,0.0000,0.0000,1498.7880
2430,1,2,1,61.7050,166.3440,0.0000,942.2530,193.9510,135.9010,0.0000,0.0000,1500.1540
2431,1,2,1,60.7940,165.0400,0.0000,948.5840,193.2860,133.2430,0.0000,0.0000,1500.9470
2432,1,2,1,61.5380,166.3570,0.0000,943.1140,194.0120,134.5660,0.0000,0.0000,1499.5870
2433,1,2,1,60.9600,165.1260,0.0000,941.6490,254.8310,140.4560,0.0000,0.0000,1563.0220
2434,1,2,1,62.3260,169.9820,0.0000,948.0800,197.4150,139.0400,0.0000,0.0000,1516.8430
2435,1,2,1,61.0280,166.8180,0.0000,943.6490,191.9500,135.6180,0.0000,0.0000,1499.0630
2436,0,2,0,62.0800,165.8950,0.0000,944.0250,194.5790,135.2920,0.0000,0.0000,1501.8710
2437,1,2,1,61.6180,165.4830,0.0000,941.5940,192.8680,134.8370,0.0000,0.0000,1496.4000
2438,1,2,0,61.3230,164.1110,0.0000,944.4240,193.2120,134.6220,0.0000,0.0000,1497.6920
2439,1,2,1,62.0680,166.7380,0.0000,957.4030,193.7170,134.4980,0.0000,0.0000,1514.4240
2440,1,2,1,104.3500,168.7200,0.0000,945.4160,197.2310,136.6280,0.0000,0.0000,1552.3450
2441,1,2,1,61.6370,165.4960,0.0000,944.0980,193.9260,135.9690,0.0000,0.0000,1501.1260
2442,0,2,0,62.5360,164.7380,0.0000,942.9480,194.3020,136.5290,0.0000,0.0000,1501.0530
2443,1,2,1,61.9690,167.5320,0.0000,944.1110,191.5880,134.6470,0.0000,0.0000,1499.8470
2444,0,2,0,61.6990,165.0890,0.0000,943.1510,193.7170,134.7940,0.0000,0.0000,1498.4500
2445,1,2,1,61.5260,165.7480,0.0000,944.2270,194.9290,133.9810,0.0000,0.0000,1500.4110
2446,1,2,1,61.6190,164.8680,0.0000,944.2650,202.7140,137.8330,0.0000,0.0000,1511.2990
2447,1,2,1,61.8840,167.4650,0.0000,942.9660,195.2980,135.5140,0.0000,0.0000,1503.1270
2448,1,2,1,62.3630,168.1910,0.0000,957.2000,196.2280,134.5850,0.0000,0.0000,1518.5670
2449,1,2,1,61.9500,166.7140,0.0000,945.2120,195.2120,134.4240,0.0000,0.0000,1503.5120
2450,1,2,1,62.6160,166.8980,0.0000,954.4680,194.7130,134.5360,0.0000,0.0000,1513.2310
2451,1,2,1,61.6310,166.5170,0.0000,945.3300,192.4120,134.1780,0.0000,0.0000,1500.0680
2452,1,2,1,60.0920,165.8030,0.0000,951.2060,201.0960,136.2710,0.0000,0.0000,1514.4680
2453,1,2,1,60.0430,169.6680,0.0000,955.3910,196.6030,136.9360,0.0000,0.0000,1518.6410
2454,1,2,1,60.7440,168.6340,0.0000,957.8640,194.3810,136.0730,0.0000,0.0000,1517.6960
2455,1,2,1,62.6040,167.4830,0.0000,944.1290,194.8190,135.4830,0.0000,0.0000,1504.5180
2456,1,2,1,60.9110,164.6700,0.0000,953.9750,193.9630,136.7570,0.0000,0.0000,1510.2760
2457,1,2,1,62.9720,166.4610,0.0000,943.0770,194.1110,132.9100,0.0000,0.0000,1499.5310
2458,1,2,1,59.6000,166.3200,0.0000,944.9110,199.5820,137.6370,0.0000,0.0000,1508.0500
2459,1,2,1,62.8860,168.7080,0.0000,956.1900,196.1420,136.9850,0.0000,0.0000,1520.9110
2460,1,2,1,61.0150,165.6490,0.0000,943.6800,192.6890,135.6870,0.0000,0.0000,1498.7200
2461,1,2,1,61.8150,166.4430,0.0000,948.2890,195.8150,136.0310,0.0000,0.0000,1508.3930
2462,0,2,0,61.3170,166.4920,0.0000,957.8640,195.0030,135.5140,0.0000,0.0000,1516.1900
2463,1,2,1,62.5420,165.1080,0.0000,942.8620,193.8090,136.2030,0.0000,0.0000,1500.5240
2464,1,2,1,62.9110,165.6440,0.0000,943.5450,234.5660,136.4740,0.0000,0.0000,1543.1400
2465,1,2,1,62.0500,170.7570,0.0000,947.4590,196.2950,134.0370,0.0000,0.0000,1510.5980
2466,0,2,0,61.9320,165.4030,0.0000,942.3200,193.7780,135.2670,0.0000,0.0000,1498.7000
2467,0,2,0,62.8610,166.6640,0.0000,944.4300,193.9690,132.7880,0.0000,0.0000,1500.7120
2468,0,2,0,60.7690,165.7050,0.0000,943.4460,194.7510,134.9790,0.0000,0.0000,1499.6500
2469,1,2,1,61.4330,167.0400,0.0000,942.6650,194.4240,133.8090,0.0000,0.0000,1499.3710
2470,1,2,1,61.9750,166.8490,0.0000,942.8680,194.0430,134.8180,0.0000,0.0000,1500.5530
2471,0,2,0,62.2460,222.3080,0.0000,947.8710,197.1870,137.9450,0.0000,0.0000,1567.5570
2472,1,2,1,62.3140,166.6580,0.0000,943.3720,194.0980,136.8430,0.0000,0.0000,1503.2850
2473,1,2,1,61.5820,165.6180,0.0000,943.0030,194.0300,134.6950,0.0000,0.0000,1498.9280
2474,0,2,0,62.7940,166.0800,0.0000,942.0000,193.2740,135.9880,0.0000,0.0000,1500.1360
2475,1,2,1,61.9880,165.0530,0.0000,942.0000,193.1510,136.3080,0.0000,0.0000,1498.5000
2476,1,2,1,61.2800,164.4610,0.0000,948.4000,193.3040,135.3110,0.0000,0.0000,1502.7560
2477,0,2,0,61.3350,164.8560,0.0000,944.3320,200.4120,137.7230,0.0000,0.0000,1508.6580
2478,0,2,0,61.2800,167.0890,0.0000,944.0060,196.4190,135.0150,0.0000,0.0000,1503.8090
2479,0,2,0,62.4430,165.5940,0.0000,944.5350,194.6830,133.0890,0.0000,0.0000,1500.3440
2480,1,2,1,61.4890,167.9320,0.0000,944.4860,193.4400,133.8710,0.0000,0.0000,1501.2180
2481,1,2,1,60.8060,164.8490,0.0000,955.7840,195.6370,134.2590,0.0000,0.0000,1511.3350
2482,1,2,1,62.6280,166.2400,0.0000,941.1390,191.1130,133.6610,0.0000,0.0000,1494.7810
2483,1,2,1,62.2400,166.1720,0.0000,955.3110,204.5360,138.4920,0.0000,0.0000,1526.7510
2484,1,2,1,61.2670,167.5010,0.0000,943.7290,195.1320,136.1290,0.0000,0.0000,1503.7580
2485,1,2,1,63.2980,166.0360,0.0000,946.9780,195.1510,133.9270,0.0000,0.0000,1505.3900
2486,1,2,1,60.8430,167.0840,0.0000,942.7200,194.1660,133.0700,0.0000,0.0000,1497.8830
2487,1,2,1,61.5130,164.8560,0.0000,957.3600,193.7720,135.6860,0.0000,0.0000,1513.1870
2488,1,2,1,60.6030,165.5570,0.0000,956.3140,194.1480,135.2860,0.0000,0.0000,1511.9080
2489,0,2,0,61.7110,166.0680,0.0000,956.3320,204.4980,137.5380,0.0000,0.0000,1526.1470
2490,1,2,1,62.0740,168.9960,0.0000,957.9750,195.7720,135.7720,0.0000,0.0000,1520.5890
2491,1,2,1,63.2800,169.0280,0.0000,943.8770,195.2000,133.2550,0.0000,0.0000,1504.6400
2492,1,2,1,63.0400,166.6030,0.0000,942.0800,194.6650,134.3390,0.0000,0.0000,1500.7270
2493,1,2,1,60.7320,166.0740,0.0000,942.9910,196.5900,134.8680,0.0000,0.0000,1501.2550
2494,1,2,1,61.2370,166.4130,0.0000,955.2190,194.8490,136.6340,0.0000,0.0000,1514.3520
2495,1,2,1,61.3600,165.7600,0.0000,945.8640,192.8730,144.6830,0.0000,0.0000,1510.5400
2496,1,2,1,62.7510,168.5970,0.0000,942.2270,196.5530,137.0710,0.0000,0.0000,1507.1990
2497,1,2,1,61.8460,168.2460,0.0000,957.2060,195.3170,133.8210,0.0000,0.0000,1516.4360
2498,1,2,1,61.9380,166.7630,0.0000,944.0430,194.4680,134.0610,0.0000,0.0000,1501.2730
2499,0,2,0,62.4360,165.4900,0.0000,943.8890,194.1420,135.1690,0.0000,0.0000,1501.1260
2500,1,2,1,60.9600,165.2060,0.0000,943.0770,196.2580,132.3140,0.0000,0.0000,1497.8150
2501,1,2,1,60.6030,165.1570,0.0000,944.4190,191.7840,135.4090,0.0000,0.0000,1497.3720
2502,1,2,1,61.6310,208.7320,0.0000,946.6890,200.0550,139.8580,0.0000,0.0000,1556.9650
2503,1,2,1,62.9480,164.3630,0.0000,942.1910,195.1640,136.1660,0.0000,0.0000,1500.8320
2504,1,2,1,62.3570,166.5850,0.0000,942.6650,194.5290,135.7290,0.0000,0.0000,1501.8650
2505,1,2,1,62.1850,165.2860,0.0000,944.7940,192.8490,134.0740,0.0000,0.0000,1499.1880
2506,0,2,0,62.7820,167.4280,0.0000,946.6220,195.7910,136.1230,0.0000,0.0000,1508.7460
2507,1,2,1,62.9780,165.7420,0.0000,944.6590,193.9750,135.7780,0.0000,0.0000,1503.1320
2508,1,2,1,60.0370,167.2740,0.0000,950.0670,203.6430,137.7790,0.0000,0.0000,1518.8000
2509,1,2,1,62.5110,169.2670,0.0000,944.3940,194.5360,136.4500,0.0000,0.0000,1507.1580
2510,1,2,1,59.8460,167.1810,0.0000,943.2490,196.5840,134.3200,0.0000,0.0000,1501.1800
2511,0,2,1,61.5570,167.1260,0.0000,942.3200,192.5110,133.8830,0.0000,0.0000,1497.3970
2512,0,2,1,60.4860,166.6770,0.0000,942.6580,194.5480,136.4920,0.0000,0.0000,1500.8610
2513,0,2,0,61.6990,165.3350,0.0000,954.7510,196.1110,135.1010,0.0000,0.0000,1512.9970
2514,1,2,1,63.2190,165.8830,0.0000,947.1440,199.8580,137.3730,0.0000,0.0000,1513.4770
2515,1,2,1,62.1720,170.2580,0.0000,949.2930,196.2950,135.9380,0.0000,0.0000,1513.9560
2516,1,2,1,60.6950,167.0220,0.0000,956.0860,193.9820,135.1570,0.0000,0.0000,1512.9420
2517,0,2,0,62.4190,163.9450,0.0000,942.6960,194.7200,135.6060,0.0000,0.0000,1499.3860
2518,0,2,1,62.8920,166.6460,0.0000,942.4800,194.9910,135.7170,0.0000,0.0000,1502.7260
2519,1,2,1,62.9780,165.1390,0.0000,942.6580,194.8680,134.8550,0.0000,0.0000,1500.4980
2520,1,2,0,60.6340,165.6860,0.0000,972.2460,200.0560,136.7140,0.0000,0.0000,1535.3360
2521,0,2,0,62.4310,168.3070,0.0000,944.1850,198.5730,136.9600,0.0000,0.0000,1510.4560
2522,1,2,1,63.3040,165.8400,0.0000,944.1790,193.6550,133.9510,0.0000,0.0000,1500.9290
2523,1,2,0,62.5230,166.0610,0.0000,956.4070,195.3290,134.3380,0.0000,0.0000,1514.6580
2524,1,2,1,62.1050,165.5750,0.0000,945.4100,193.3970,133.3540,0.0000,0.0000,1499.8410
2525,1,2,1,61.9930,167.8830,0.0000,957.2800,195.5010,135.1080,0.0000,0.0000,1517.7650
2526,1,2,1,60.3630,165.2060,0.0000,954.5720,194.2100,174.8550,0.0000,0.0000,1549.2060
2527,1,2,1,63.6190,169.8160,0.0000,946.4730,194.7440,135.1200,0.0000,0.0000,1509.7720
2528,1,2,1,61.5880,167.0650,0.0000,944.0800,194.0120,133.7100,0.0000,0.0000,1500.4550
2529,1,2,1,63.7470,166.8670,0.0000,942.8990,195.2800,133.9020,0.0000,0.0000,1502.6950
2530,1,2,1,63.7350,166.7020,0.0000,940.6400,195.2240,135.3110,0.0000,0.0000,1501.6120
2531,0,2,0,60.8250,167.4340,0.0000,946.5730,193.1020,134.7020,0.0000,0.0000,1502.6360
2532,1,2,1,62.3450,165.2430,0.0000,946.4670,193.4770,136.9910,0.0000,0.0000,1504.5230
2533,1,2,1,62.2580,204.8370,0.0000,949.0960,200.1970,136.5170,0.0000,0.0000,1552.9050
2534,1,2,1,59.8640,169.9270,0.0000,944.8310,195.2120,137.4460,0.0000,0.0000,1507.2800
2535,1,2,1,62.4620,166.0740,0.0000,951.6120,196.7450,135.1200,0.0000,0.0000,1512.0130
2536,1,2,1,62.0070,166.4680,0.0000,943.1630,195.8520,135.5200,0.0000,0.0000,1503.0100
2537,1,2,1,62.4250,166.6520,0.0000,946.0730,192.3930,133.6980,0.0000,0.0000,1501.2410
2538,1,2,1,63.2250,166.1230,0.0000,943.0280,194.3500,136.0800,0.0000,0.0000,1502.8060
2539,0,2,0,61.6620,166.4190,0.0000,950.1050,202.0310,136.6160,0.0000,0.0000,1516.8330
2540,1,2,1,61.6490,171.4030,0.0000,945.0830,193.9570,134.9170,0.0000,0.0000,1507.0090
2541,0,2,0,62.2160,168.5840,0.0000,957.7360,193.6060,137.0220,0.0000,0.0000,1519.1640
2542,1,2,1,61.2180,166.2030,0.0000,943.3230,196.0980,134.8800,0.0000,0.0000,1501.7220
2543,0,2,0,61.0280,165.5930,0.0000,944.8370,195.5380,135.1500,0.0000,0.0000,1502.1460
2544,1,2,1,61.2180,164.6340,0.0000,953.3970,192.9600,135.9810,0.0000,0.0000,1508.1900
2545,1,2,0,62.1360,165.3230,0.0000,944.5050,208.5600,137.6000,0.0000,0.0000,1518.1240
2546,0,2,0,65.2000,169.2610,0.0000,943.5690,199.2930,136.1170,0.0000,0.0000,1513.4400
2547,1,2,1,63.4220,169.7100,0.0000,946.2520,196.9720,135.5200,0.0000,0.0000,1511.8760
2548,1,2,1,62.8860,164.7200,0.0000,943.5260,193.4460,137.2240,0.0000,0.0000,1501.8020
2549,1,2,1,60.4240,165.0160,0.0000,945.4770,193.7230,134.7380,0.0000,0.0000,1499.3780
2550,1,2,1,61.5320,165.7840,0.0000,944.8680,194.1040,137.9690,0.0000,0.0000,1504.2570
2551,1,2,1,61.7360,167.0340,0.0000,968.3870,202.7750,137.8960,0.0000,0.0000,1537.8280
2552,1,2,0,63.2370,167.3480,0.0000,958.1420,196.9910,136.6960,0.0000,0.0000,1522.4140
2553,1,2,1,62.4120,165.0710,0.0000,943.0520,194.4930,133.9260,0.0000,0.0000,1498.9540
2554,1,2,1,62.1420,165.9820,0.0000,944.8000,195.2860,135.1200,0.0000,0.0000,1503.3300
2555,1,2,1,62.2030,168.8920,0.0000,941.3660,193.2990,133.5200,0.0000,0.0000,1499.2800
2556,1,2,1,60.8930,164.5850,0.0000,942.0870,194.2830,134.6340,0.0000,0.0000,1496.4820
2557,1,2,1,61.8460,166.5230,0.0000,940.9170,192.1720,186.8980,0.0000,0.0000,1548.3560
2558,1,2,1,62.4610,170.3820,0.0000,947.1200,196.0680,136.0190,0.0000,0.0000,1512.0500
2559,1,2,1,62.0860,167.3420,0.0000,944.7020,194.1420,133.8210,0.0000,0.0000,1502.0930
2560,1,2,1,62.3810,166.7570,0.0000,946.6400,191.8090,135.6800,0.0000,0.0000,1503.2670
2561,1,2,1,60.9050,166.6830,0.0000,957.7840,195.3420,135.3110,0.0000,0.0000,1516.0250
2562,0,2,0,61.5020,165.3290,0.0000,943.9630,195.1140,135.9570,0.0000,0.0000,1501.8650
2563,1,2,1,61.2060,167.7970,0.0000,942.2640,193.8960,133.9870,0.0000,0.0000,1499.1500
2564,1,2,1,61.5010,203.4960,0.0000,958.4870,198.4000,139.2620,0.0000,0.0000,1561.1460
2565,1,2,1,61.7480,169.1500,0.0000,945.3350,195.1750,136.2710,0.0000,0.0000,1507.6790
2566,0,2,1,62.1230,165.3170,0.0000,942.0550,193.6740,135.0590,0.0000,0.0000,1498.2280
2567,0,2,0,61.1010,166.8740,0.0000,943.2740,194.4920,134.5660,0.0000,0.0000,1500.3070
2568,1,2,1,60.6710,165.1320,0.0000,945.1200,194.8060,133.8090,0.0000,0.0000,1499.5380
2569,1,2,1,60.7440,165.4270,0.0000,946.6650,194.4250,134.6400,0.0000,0.0000,1501.9010
2570,1,2,1,60.2520,166.0560,0.0000,946.3140,202.2090,137.6610,0.0000,0.0000,1512.4920
2571,1,2,1,61.9510,166.9230,0.0000,943.8090,196.7320,135.8400,0.0000,0.0000,1505.2550
2572,0,2,0,63.8950,166.7750,0.0000,957.1200,195.2430,136.3630,0.0000,0.0000,1519.3960
2573,1,2,1,61.2190,166.6150,0.0000,945.8210,195.4030,133.5010,0.0000,0.0000,1502.5590
2574,1,2,1,61.1320,166.7750,0.0000,955.3290,194.0370,135.0710,0.0000,0.0000,1512.3440
2575,1,2,1,61.4890,165.2060,0.0000,957.3600,193.5940,135.4770,0.0000,0.0000,1513.1260
2576,1,2,1,61.2180,163.8280,0.0000,945.8400,201.1140,139.5510,0.0000,0.0000,1511.5510
2577,1,2,1,62.4740,168.2030,0.0000,945.1880,194.7820,136.0060,0.0000,0.0000,1506.6530
2578,1,2,1,61.7670,167.2060,0.0000,946.8370,193.0770,135.1020,0.0000,0.0000,1503.9890
2579,1,2,1,62.1660,167.8030,0.0000,946.6400,194.6330,137.6000,0.0000,0.0000,1508.8420
2580,1,2,1,62.0800,164.6460,0.0000,956.5970,197.5570,135.6060,0.0000,0.0000,1516.4860
2581,1,2,1,60.4490,168.4060,0.0000,946.9850,195.3360,136.0000,0.0000,0.0000,1507.1760
2582,1,2,1,59.4830,164.8060,0.0000,941.5880,205.4530,136.7570,0.0000,0.0000,1508.0870
2583,1,2,1,63.2180,166.1850,0.0000,944.3570,196.7140,136.6330,0.0000,0.0000,1507.1070
2584,1,2,1,61.3050,165.5200,0.0000,945.6180,195.5630,134.3690,0.0000,0.0000,1502.3750
2585,1,2,1,59.9380,170.0430,0.0000,943.4520,206.2520,171.2430,0.0000,0.0000,1550.9280
2586,1,2,1,87.1020,247.1810,0.0000,974.7140,296.5290,216.8430,0.0000,0.0000,1822.3690
2587,1,2,1,94.6710,258.4120,0.0000,976.0860,271.2860,176.9040,0.0000,0.0000,1777.3590
2588,1,2,1,72.8000,192.0490,0.0000,953.4030,232.8000,158.2150,0.0000,0.0000,1609.2670
2589,1,2,1,67.0950,181.5630,0.0000,949.9070,200.1780,140.6400,0.0000,0.0000,1539.3830
2590,1,2,1,62.5970,170.8430,0.0000,944.0680,200.7630,138.9300,0.0000,0.0000,1517.2010
2591,1,2,1,62.5540,169.3290,0.0000,951.7410,196.4610,134.8000,0.0000,0.0000,1514.8850
2592,1,2,1,61.9940,166.5110,0.0000,944.9720,195.4520,134.7200,0.0000,0.0000,1503.6490
2593,1,2,1,60.2650,164.4740,0.0000,943.6500,194.9600,134.9600,0.0000,0.0000,1498.3090
2594,1,2,1,61.5140,165.7110,0.0000,945.2370,210.0190,140.3630,0.0000,0.0000,1522.8440
2595,1,2,1,63.7660,173.0640,0.0000,944.4680,199.5070,137.1330,0.0000,0.0000,1517.9380
2596,1,2,1,63.0030,168.5910,0.0000,958.5170,197.3910,135.2740,0.0000,0.0000,1522.7760
2597,1,2,1,62.0550,168.4190,0.0000,946.6650,195.5390,137.6560,0.0000,0.0000,1510.3340
2598,1,2,0,60.8680,165.1630,0.0000,946.9660,192.8980,135.0090,0.0000,0.0000,1500.9040
2599,1,2,1,61.9140,166.2710,0.0000,946.3140,194.8120,136.2030,0.0000,0.0000,1505.5140
2600,1,2,1,61.7420,166.1170,0.0000,953.1330,261.3040,141.8710,0.0000,0.0000,1584.1670
2601,1,2,1,62.8120,175.8520,0.0000,949.9570,198.4670,139.0770,0.0000,0.0000,1526.1650
2602,1,2,1,63.6550,167.5870,0.0000,943.4950,195.6430,134.9170,0.0000,0.0000,1505.2970
2603,1,2,1,61.5320,167.2000,0.0000,944.1230,194.3750,135.0590,0.0000,0.0000,1502.2890
2604,1,2,1,60.9350,165.6740,0.0000,943.9450,195.2860,133.6000,0.0000,0.0000,1499.4400
2605,1,2,1,60.6830,167.2860,0.0000,956.5420,194.6090,135.5700,0.0000,0.0000,1514.6900
2606,1,2,1,62.1040,167.4580,0.0000,944.5780,194.1230,192.0740,0.0000,0.0000,1560.3370
2607,1,2,1,71.1630,181.6550,0.0000,948.0610,203.0400,141.1570,0.0000,0.0000,1545.0760
2608,1,2,1,61.9200,170.3630,0.0000,942.3320,197.4150,136.6400,0.0000,0.0000,1508.6700
2609,1,2,1,62.4060,168.9600,0.0000,942.6520,196.1790,134.7820,0.0000,0.0000,1504.9790
2610,1,2,1,61.2550,166.3690,0.0000,942.6890,193.0770,136.7440,0.0000,0.0000,1500.1340
2611,1,2,1,62.5230,165.8150,0.0000,941.6310,194.9350,136.2960,0.0000,0.0000,1501.2000
2612,1,2,1,63.7670,166.6590,0.0000,956.6830,192.8180,134.4370,0.0000,0.0000,1514.3640
2613,1,2,1,61.2920,213.4890,0.0000,945.2680,204.5040,139.4520,0.0000,0.0000,1564.0050
2614,1,2,1,61.9260,171.7660,0.0000,942.3750,199.0280,135.9510,0.0000,0.0000,1511.0460
2615,1,2,1,62.4920,167.9380,0.0000,945.6490,195.7720,137.1510,0.0000,0.0000,1509.0020
2616,0,2,0,64.7570,165.9940,0.0000,955.7290,191.9690,134.4370,0.0000,0.0000,1512.8860
2617,1,2,1,60.4060,166.2700,0.0000,946.6830,194.1540,135.1510,0.0000,0.0000,1502.6640
2618,1,2,1,59.8770,167.5510,0.0000,955.4150,194.0310,133.9260,0.0000,0.0000,1510.8000
2619,1,2,1,60.9050,166.4430,0.0000,949.3480,206.5600,140.5470,0.0000,0.0000,1523.8030
2620,1,2,1,61.7910,170.5730,0.0000,957.2740,195.7470,136.2400,0.0000,0.0000,1521.6250
2621,1,2,1,61.0220,166.6030,0.0000,941.8030,197.0760,133.7600,0.0000,0.0000,1500.2640
2622,1,2,1,61.7970,166.7260,0.0000,945.6860,193.5940,134.0980,0.0000,0.0000,1501.9010
2623,0,2,0,60.5420,167.1260,0.0000,941.4770,194.0250,135.1330,0.0000,0.0000,1498.3030
2624,1,2,1,60.7450,165.7160,0.0000,942.0130,193.2180,134.0130,0.0000,0.0000,1495.7050
2625,1,2,1,61.1260,164.3880,0.0000,953.3170,202.9720,137.7910,0.0000,0.0000,1519.5940
2626,1,2,1,61.6560,167.5570,0.0000,958.7390,194.7450,136.3260,0.0000,0.0000,1519.0230
2627,1,2,1,62.2400,165.3910,0.0000,956.3630,194.6830,134.1850,0.0000,0.0000,1512.8620
2628,1,2,1,62.8550,166.5540,0.0000,944.2030,194.7010,134.1660,0.0000,0.0000,1502.4790
2629,1,2,1,62.1910,166.5480,0.0000,945.3040,194.5790,133.8400,0.0000,0.0000,1502.4620
2630,1,2,1,63.1570,165.3170,0.0000,942.9970,196.1110,134.6890,0.0000,0.0000,1502.2710
2631,0,2,1,63.1690,164.9910,0.0000,973.2120,202.5110,136.6340,0.0000,0.0000,1540.5170
2632,0,2,0,62.5790,167.7350,0.0000,942.5790,194.0670,135.9870,0.0000,0.0000,1502.9470
2633,1,2,1,61.0460,168.0670,0.0000,944.4240,195.0640,134.3390,0.0000,0.0000,1502.9400
2634,1,2,1,61.0710,166.5230,0.0000,942.2400,194.3750,134.7200,0.0000,0.0000,1498.9290
2635,1,2,1,61.2610,166.0610,0.0000,953.6180,195.5450,137.3230,0.0000,0.0000,1513.8080
2636,1,2,0,60.5100,166.8060,0.0000,945.9570,193.5690,135.9750,0.0000,0.0000,1502.8170
2637,1,2,1,62.2900,166.5910,0.0000,942.6340,191.4340,178.0190,0.0000,0.0000,1540.9680
2638,1,2,0,66.0800,170.8860,0.0000,943.0030,196.0550,134.6460,0.0000,0.0000,1510.6700
2639,0,2,0,62.8860,168.3820,0.0000,945.1330,194.4240,134.2950,0.0000,0.0000,1505.1200
2640,1,2,1,61.8470,167.6680,0.0000,941.7050,194.5230,134.2890,0.0000,0.0000,1500.0320
2641,1,2,1,61.1020,165.6610,0.0000,956.4610,193.2870,135.5940,0.0000,0.0000,1512.1050
2642,0,2,0,61.8150,164.1970,0.0000,954.6400,193.4950,135.1330,0.0000,0.0000,1509.2800
2643,1,2,1,60.6280,165.2000,0.0000,942.2520,194.0370,131.6930,0.0000,0.0000,1493.8100
2644,1,2,1,59.9080,210.3510,0.0000,946.3200,202.3570,137.8900,0.0000,0.0000,1556.8260
2645,1,2,1,62.8370,171.2060,0.0000,941.5500,196.8250,137.2500,0.0000,0.0000,1509.6680
2646,0,2,0,62.7140,167.2980,0.0000,942.2710,194.7690,136.0860,0.0000,0.0000,1503.1380
2647,1,2,1,61.4460,166.0310,0.0000,940.9300,195.3240,135.6610,0.0000,0.0000,1499.3920
2648,1,2,1,60.9110,166.5480,0.0000,944.7570,196.4250,134.0060,0.0000,0.0000,1502.6470
2649,1,2,1,61.3290,165.1320,0.0000,944.4860,194.4000,135.1630,0.0000,0.0000,1500.5100
2650,1,2,1,62.1910,167.4030,0.0000,948.2340,202.3760,136.6340,0.0000,0.0000,1516.8380
2651,1,2,1,61.6250,165.6920,0.0000,945.9820,197.0030,135.7910,0.0000,0.0000,1506.0930
2652,1,2,1,61.0340,166.9600,0.0000,944.6520,196.9660,135.9500,0.0000,0.0000,1505.5620
2653,1,2,1,60.9970,167.7900,0.0000,943.1880,193.6180,133.1690,0.0000,0.0000,1498.7620
2654,1,2,1,63.6370,165.4210,0.0000,943.8150,195.6800,135.0890,0.0000,0.0000,1503.6420
2655,1,2,1,62.3630,166.2400,0.0000,944.7330,195.4830,133.0030,0.0000,0.0000,1501.8220
2656,1,2,1,60.6950,166.4500,0.0000,951.5200,203.2860,137.9630,0.0000,0.0000,1519.9140
2657,0,2,0,63.0160,169.6240,0.0000,947.5200,196.5350,136.2220,0.0000,0.0000,1512.9170
2658,1,2,1,63.5510,165.5390,0.0000,942.6150,195.5020,134.5420,0.0000,0.0000,1501.7490
2659,0,2,0,61.8090,167.8710,0.0000,953.9870,194.8670,134.9350,0.0000,0.0000,1513.4690
2660,1,2,1,61.5080,166.9850,0.0000,945.2990,194.7020,135.9450,0.0000,0.0000,1504.4390
2661,1,2,1,59.9810,167.0270,0.0000,941.8090,192.6520,136.4930,0.0000,0.0000,1497.9620
2662,1,2,1,63.4640,165.2370,0.0000,1003.1940,201.8160,136.8990,0.0000,0.0000,1570.6100
2663,1,2,1,62.0490,168.4560,0.0000,945.6550,196.6950,134.3260,0.0000,0.0000,1507.1810
2664,0,2,0,61.4160,166.9720,0.0000,943.2250,195.4090,136.0980,0.0000,0.0000,1503.1200
2665,1,2,1,61.6310,165.3350,0.0000,957.7100,195.0220,135.4400,0.0000,0.0000,1515.1380
2666,1,2,1,62.6030,167.7720,0.0000,943.9390,194.4300,134.7880,0.0000,0.0000,1503.5320
2667,0,2,1,60.1720,166.3380,0.0000,941.5940,193.3170,137.4090,0.0000,0.0000,1498.8300
2668,1,2,1,62.3320,165.7900,0.0000,944.7880,193.1320,188.1850,0.0000,0.0000,1554.2270
2669,1,2,0,64.5540,172.3570,0.0000,945.4160,197.9440,136.2270,0.0000,0.0000,1516.4980
2670,1,2,1,61.7660,169.3790,0.0000,945.1690,196.2830,136.5600,0.0000,0.0000,1509.1570
2671,1,2,1,63.8150,167.3290,0.0000,943.9440,197.3720,135.8520,0.0000,0.0000,1508.3120
2672,1,2,1,60.8560,165.3290,0.0000,942.6220,196.0740,134.2830,0.0000,0.0000,1499.1640
2673,0,2,0,62.3510,166.3570,0.0000,943.8580,194.3320,135.3540,0.0000,0.0000,1502.2520
2674,1,2,1,61.6370,165.6370,0.0000,945.0770,195.9880,134.1840,0.0000,0.0000,1502.5230
2675,1,2,0,61.9200,293.9700,0.0000,950.8990,212.5470,146.0180,0.0000,0.0000,1665.3540
2676,1,2,1,65.7110,174.1230,0.0000,947.9510,200.4000,139.8400,0.0000,0.0000,1528.0250
2677,1,2,1,62.9720,169.9390,0.0000,947.7970,197.1450,138.2270,0.0000,0.0000,1516.0800
2678,1,2,1,61.0950,166.0620,0.0000,943.1140,192.9110,134.3260,0.0000,0.0000,1497.5080
2679,1,2,0,61.9440,164.4310,0.0000,944.9600,192.3260,136.4680,0.0000,0.0000,1500.1290
2680,1,2,1,61.6240,167.1810,0.0000,944.5780,193.7480,135.1200,0.0000,0.0000,1502.2510
2681,1,2,1,62.6640,166.0800,0.0000,951.3670,202.0680,138.4990,0.0000,0.0000,1520.6780
2682,1,2,0,62.9230,170.5790,0.0000,942.3440,196.6400,137.4640,0.0000,0.0000,1509.9500
2683,1,2,1,62.5480,166.5600,0.0000,945.7660,197.3850,135.7480,0.0000,0.0000,1508.0070
2684,1,2,1,62.8000,167.3110,0.0000,943.8460,195.4460,134.1420,0.0000,0.0000,1503.5450
2685,0,2,0,62.2640,166.2460,0.0000,944.3940,193.8710,134.0190,0.0000,0.0000,1500.7940
2686,1,2,1,62.1910,165.9260,0.0000,957.7850,193.6370,136.2950,0.0000,0.0000,1515.8340
2687,1,2,1,61.4770,164.5470,0.0000,948.1850,201.6250,136.8310,0.0000,0.0000,1512.6650
2688,1,2,1,62.1230,168.1970,0.0000,943.9260,193.5200,136.5300,0.0000,0.0000,1504.2960
2689,1,2,1,61.0210,168.2340,0.0000,956.8560,194.8610,135.1320,0.0000,0.0000,1516.1040
2690,0,2,0,61.6000,166.3570,0.0000,957.3720,194.3690,133.7900,0.0000,0.0000,1513.4880
2691,1,2,1,60.5230,168.2470,0.0000,943.3170,193.4900,133.3050,0.0000,0.0000,1498.8820
2692,1,2,1,60.5350,165.9200,0.0000,945.1630,195.6800,133.5380,0.0000,0.0000,1500.8360
2693,0,2,0,61.9750,165.0770,0.0000,954.1480,205.8340,137.6800,0.0000,0.0000,1524.7140
2694,0,2,0,61.6620,170.3320,0.0000,944.4550,194.2770,138.8000,0.0000,0.0000,1509.5260
2695,1,2,1,61.8280,168.2150,0.0000,945.2560,197.0890,134.5600,0.0000,0.0000,1506.9480
2696,1,2,1,62.8130,168.5660,0.0000,943.5870,193.1260,135.0640,0.0000,0.0000,1503.1560
2697,0,2,0,61.1020,168.4430,0.0000,943.3050,192.8060,135.0090,0.0000,0.0000,1500.6650
2698,1,2,1,60.1290,167.4520,0.0000,945.1200,195.1510,137.1080,0.0000,0.0000,1504.9600
2699,1,2,1,60.7820,168.0550,0.0000,957.3100,232.9100,137.1630,0.0000,0.0000,1556.2200
2700,1,2,1,64.4560,169.0090,0.0000,944.2900,195.9020,136.4130,0.0000,0.0000,1510.0700
2701,1,2,1,61.6130,167.7970,0.0000,943.1510,193.5630,136.4930,0.0000,0.0000,1502.6170
2702,1,2,1,61.5260,167.5750,0.0000,947.8150,192.9850,134.8000,0.0000,0.0000,1504.7010
2703,0,2,0,61.3110,168.0000,0.0000,953.6670,195.2430,135.2130,0.0000,0.0000,1513.4340
2704,1,2,1,60.6460,166.1540,0.0000,940.5790,191.5260,133.7110,0.0000,0.0000,1492.6160
2705,1,2,1,61.6740,165.9880,0.0000,943.7110,194.9230,134.7570,0.0000,0.0000,1501.0530
2706,1,2,1,61.8220,214.9910,0.0000,944.2650,200.3690,136.6470,0.0000,0.0000,1558.0940
2707,1,2,1,62.7450,168.7260,0.0000,947.7900,196.9360,135.7050,0.0000,0.0000,1511.9020
2708,1,2,1,64.0180,167.0270,0.0000,942.7260,194.7750,135.0400,0.0000,0.0000,1503.5860
2709,1,2,1,61.1070,167.0950,0.0000,953.6800,193.8890,135.5020,0.0000,0.0000,1511.2730
2710,1,2,1,62.1470,165.2130,0.0000,944.0860,193.5390,135.5880,0.0000,0.0000,1500.5730
2711,1,2,1,60.8310,165.3050,0.0000,942.2400,193.8340,135.4590,0.0000,0.0000,1497.6690
2712,1,2,1,60.4730,166.5360,0.0000,949.9940,202.9790,135.7540,0.0000,0.0000,1515.7360
2713,1,2,1,67.6310,176.2040,0.0000,944.8610,200.3810,139.3420,0.0000,0.0000,1528.4190
2714,1,2,1,62.9600,169.3290,0.0000,958.6830,198.8060,137.9510,0.0000,0.0000,1527.7290
2715,1,2,1,61.0700,166.7080,0.0000,942.5970,195.1810,136.4370,0.0000,0.0000,1501.9930
2716,1,2,1,63.1750,166.2150,0.0000,955.5450,196.2640,135.9690,0.0000,0.0000,1517.1680
2717,0,2,0,61.9140,166.9850,0.0000,947.5320,195.1750,136.4250,0.0000,0.0000,1508.0310
2718,1,2,1,60.8300,164.8370,0.0000,949.6680,202.4930,137.9080,0.0000,0.0000,1515.7360
2719,1,2,1,63.3970,168.2400,0.0000,946.9540,198.7810,136.4130,0.0000,0.0000,1513.7850
2720,1,2,1,62.1170,168.4860,0.0000,942.8190,196.6960,134.3200,0.0000,0.0000,1504.4380
2721,1,2,1,62.8930,164.2400,0.0000,957.0520,196.6770,136.4860,0.0000,0.0000,1517.3480
2722,1,2,1,62.2150,165.7960,0.0000,944.8800,195.5570,133.8470,0.0000,0.0000,1502.2950
2723,1,2,1,62.2400,167.7970,0.0000,945.0950,194.6460,134.7200,0.0000,0.0000,1504.4980
2724,1,2,1,60.7570,165.7850,0.0000,943.1750,202.2460,137.2120,0.0000,0.0000,1509.1750
2725,1,2,1,62.3570,169.9630,0.0000,943.3480,197.2740,137.2440,0.0000,0.0000,1510.1860
2726,1,2,1,60.2580,166.9110,0.0000,944.6760,194.5110,135.4280,0.0000,0.0000,1501.7840
2727,0,2,0,59.7170,166.8860,0.0000,943.5260,196.5050,135.0900,0.0000,0.0000,1501.7240
2728,1,2,1,61.4950,164.1540,0.0000,954.8500,194.4680,133.7900,0.0000,0.0000,1508.7570
2729,1,2,0,60.8730,165.5810,0.0000,944.5050,195.0650,135.3790,0.0000,0.0000,1501.4030
2730,1,2,1,60.2090,167.0590,0.0000,941.6120,265.0650,141.3110,0.0000,0.0000,1575.2560
2731,0,2,0,63.9200,173.7530,0.0000,944.1840,199.1390,136.3940,0.0000,0.0000,1517.3900
2732,1,2,1,62.0670,167.8830,0.0000,944.4310,195.5140,136.2210,0.0000,0.0000,1506.1160
2733,1,2,1,62.5540,164.9720,0.0000,948.4310,195.5690,135.7230,0.0000,0.0000,1507.2490
2734,1,2,1,62.8490,167.2430,0.0000,946.3940,194.3880,135.0340,0.0000,0.0000,1505.9080
2735,1,2,1,61.6990,167.0950,0.0000,946.4070,193.7480,133.6190,0.0000,0.0000,1502.5680
2736,1,2,1,61.5440,168.1420,0.0000,944.5420,194.3570,175.3100,0.0000,0.0000,1543.8950
2737,1,2,1,66.9050,174.0240,0.0000,947.3530,199.9080,137.7110,0.0000,0.0000,1525.9010
2738,1,2,1,63.2860,167.4770,0.0000,947.9940,195.7350,135.2060,0.0000,0.0000,1509.6980
2739,1,2,1,61.3350,165.7050,0.0000,950.7630,193.7720,132.9040,0.0000,0.0000,1504.4790
2740,1,2,1,61.6430,167.6120,0.0000,959.8090,195.9020,135.1320,0.0000,0.0000,1520.0980
2741,1,2,1,61.6190,166.0680,0.0000,943.5010,193.7840,135.4830,0.0000,0.0000,1500.4550
2742,1,2,1,63.7230,165.1810,0.0000,954.5230,193.3410,133.6430,0.0000,0.0000,1510.4110
2743,1,2,1,62.4860,203.2370,0.0000,946.0740,203.8650,136.5910,0.0000,0.0000,1552.2530
2744,1,2,1,61.6920,169.0220,0.0000,943.3790,193.4160,135.0270,0.0000,0.0000,1502.5360
2745,1,2,0,61.6180,167.3970,0.0000,946.1780,196.0060,137.0900,0.0000,0.0000,1508.2890
2746,1,2,1,62.2520,166.7200,0.0000,943.6740,194.5540,134.8430,0.0000,0.0000,1502.0430
2747,1,2,0,60.4310,165.4400,0.0000,944.8680,193.2000,133.4400,0.0000,0.0000,1497.3790
2748,1,2,0,61.8400,165.7050,0.0000,957.8150,193.8770,134.8370,0.0000,0.0000,1514.0740
2749,1,2,1,62.3690,166.2340,0.0000,946.7750,201.6920,136.6030,0.0000,0.0000,1513.6730
2750,1,2,1,61.5820,168.0550,0.0000,944.1170,195.2800,135.3050,0.0000,0.0000,1504.3390
2751,1,2,1,60.1720,166.9600,0.0000,957.6920,195.2490,134.7510,0.0000,0.0000,1514.8240
2752,1,2,1,61.7480,167.3600,0.0000,956.4980,193.7300,135.1940,0.0000,0.0000,1514.5300
2753,1,2,1,60.7080,166.8370,0.0000,948.3140,196.5600,135.0650,0.0000,0.0000,1507.4840
2754,1,2,1,61.5020,166.8180,0.0000,955.6500,195.9010,131.8700,0.0000,0.0000,1511.7410
2755,1,2,1,61.4520,167.3170,0.0000,948.9970,200.7630,136.7440,0.0000,0.0000,1515.2730
2756,1,2,1,63.8770,168.5170,0.0000,957.4400,196.1420,135.0160,0.0000,0.0000,1520.9920
2757,1,2,1,61.6060,167.6190,0.0000,942.0980,196.5050,134.3380,0.0000,0.0000,1502.1660
2758,1,2,0,59.9070,166.3940,0.0000,943.2180,197.2250,137.3850,0.0000,0.0000,1504.1290
2759,1,2,1,61.5570,166.7260,0.0000,941.6120,194.5410,135.1270,0.0000,0.0000,1499.5630
2760,1,2,1,60.8920,166.9410,0.0000,941.9930,193.1200,134.0990,0.0000,0.0000,1497.0450
2761,1,2,1,60.5600,164.9780,0.0000,946.6400,245.2180,137.1570,0.0000,0.0000,1554.5530
2762,1,2,1,61.8030,169.1570,0.0000,956.8070,195.4210,134.8800,0.0000,0.0000,1518.0680
2763,1,2,1,62.8860,166.7010,0.0000,944.2520,195.1260,133.8700,0.0000,0.0000,1502.8350
2764,1,2,1,63.0340,166.0130,0.0000,942.5300,193.8160,136.6890,0.0000,0.0000,1502.0820
2765,1,2,1,62.1350,167.5200,0.0000,956.0800,194.8490,133.9080,0.0000,0.0000,1514.4920
2766,1,2,0,61.2370,165.6300,0.0000,943.2060,192.3440,133.9500,0.0000,0.0000,1496.3670
2767,1,2,1,62.9230,166.4740,0.0000,942.0430,193.9510,194.4000,0.0000,0.0000,1559.7910
2768,0,2,0,64.4070,169.6920,0.0000,947.8830,197.6250,136.2710,0.0000,0.0000,1515.8780
2769,1,2,1,60.4310,166.9230,0.0000,947.0220,194.4800,135.5690,0.0000,0.0000,1504.4250
2770,1,2,1,60.5040,164.3200,0.0000,954.8490,192.8990,135.7480,0.0000,0.0000,1508.3200
2771,1,2,1,62.5300,165.6740,0.0000,946.1540,195.4090,137.0460,0.0000,0.0000,1506.8130
2772,1,2,1,62.4370,166.1170,0.0000,957.0530,193.9200,133.7600,0.0000,0.0000,1513.2870
2773,1,2,1,62.4610,164.6030,0.0000,940.0740,195.8400,134.5660,0.0000,0.0000,1497.5440
2774,1,2,1,60.6530,205.7110,0.0000,945.8270,198.7200,136.6460,0.0000,0.0000,1547.5570
2775,1,2,1,61.3720,167.1870,0.0000,944.2030,196.1230,134.8250,0.0000,0.0000,1503.7100
2776,1,2,1,61.4090,164.8560,0.0000,942.8000,193.3420,135.3970,0.0000,0.0000,1497.8040
2777,1,2,1,61.0710,168.1970,0.0000,941.1880,193.2980,136.4620,0.0000,0.0000,1500.2160
2778,1,2,1,60.8370,164.8430,0.0000,942.6890,194.0250,137.1570,0.0000,0.0000,1499.5510
2779,1,2,1,62.3940,168.3140,0.0000,943.9810,193.6070,134.8980,0.0000,0.0000,1503.1940
2780,1,2,1,63.7480,166.3070,0.0000,958.0680,203.1880,135.9810,0.0000,0.0000,1527.2920
2781,1,2,1,63.2990,167.8890,0.0000,942.5290,194.3450,136.2650,0.0000,0.0000,1504.3270
2782,0,2,0,60.1600,164.9290,0.0000,944.1230,193.7530,133.3910,0.0000,0.0000,1496.3560
2783,1,2,1,61.6060,167.1810,0.0000,955.3420,195.4030,134.0930,0.0000,0.0000,1513.6250
2784,1,2,1,61.2560,167.3910,0.0000,956.5970,194.0920,134.6090,0.0000,0.0000,1513.9450
2785,1,2,1,61.7360,167.3410,0.0000,956.8680,195.8030,133.9080,0.0000,0.0000,1515.6560
2786,1,2,1,61.9750,166.4180,0.0000,946.4310,201.3660,136.3570,0.0000,0.0000,1512.5470
2787,1,2,1,63.1320,168.4120,0.0000,944.9170,194.8060,135.4770,0.0000,0.0000,1506.7440
2788,1,2,1,62.2160,168.5970,0.0000,941.4090,194.7080,134.7260,0.0000,0.0000,1501.6560
2789,1,2,1,62.4490,166.1910,0.0000,946.0430,195.9380,135.0150,0.0000,0.0000,1505.6360
2790,1,2,1,63.4950,165.5760,0.0000,954.0430,195.8590,134.2090,0.0000,0.0000,1513.1820
2791,0,2,0,61.2180,168.3070,0.0000,942.7200,194.9970,133.9320,0.0000,0.0000,1501.1740
2792,1,2,1,60.5790,164.9910,0.0000,992.0800,204.9230,138.9910,0.0000,0.0000,1561.5640
2793,0,2,0,62.8860,169.2800,0.0000,946.3940,197.8520,138.3080,0.0000,0.0000,1514.7200
2794,1,2,1,64.4920,165.8590,0.0000,940.8620,194.8620,135.1450,0.0000,0.0000,1501.2200
2795,1,2,1,61.4640,166.2900,0.0000,941.2370,194.8370,134.1660,0.0000,0.0000,1497.9940
2796,1,2,1,61.3290,166.6030,0.0000,954.4120,195.2610,134.4430,0.0000,0.0000,1512.0480
2797,1,2,1,62.0310,168.0190,0.0000,958.3080,196.3820,134.3200,0.0000,0.0000,1519.0600
2798,1,2,1,60.7510,165.0950,0.0000,943.2680,194.2100,178.5360,0.0000,0.0000,1541.8600
2799,1,2,1,63.2870,170.5780,0.0000,943.8340,198.8310,136.3570,0.0000,0.0000,1512.8870
2800,1,2,1,60.8240,167.4770,0.0000,942.3940,195.1260,132.5230,0.0000,0.0000,1498.3440
2801,1,2,1,60.9730,167.4710,0.0000,944.4740,196.8550,133.4950,0.0000,0.0000,1503.2680
2802,0,2,0,61.3600,166.8430,0.0000,941.6740,196.2950,134.8180,0.0000,0.0000,1500.9900
2803,1,2,1,61.8340,166.0060,0.0000,943.1010,194.0180,133.3970,0.0000,0.0000,1498.3560
2804,1,2,1,61.2120,165.4160,0.0000,941.7420,194.3270,132.7380,0.0000,0.0000,1495.4350
2805,1,2,1,61.2980,215.4090,0.0000,947.0580,202.9540,138.6280,0.0000,0.0000,1565.3470
2806,1,2,1,61.5080,168.8120,0.0000,958.7390,196.4180,137.2250,0.0000,0.0000,1522.7020
2807,1,2,1,61.5330,167.6740,0.0000,944.8310,193.8890,135.9760,0.0000,0.0000,1503.9030
2808,1,2,1,61.4210,166.7010,0.0000,945.6550,195.5760,133.0400,0.0000,0.0000,1502.3930
2809,1,2,1,60.0240,164.9840,0.0000,957.2130,193.8770,134.3880,0.0000,0.0000,1510.4860
2810,0,2,1,62.2890,164.5910,0.0000,940.4500,194.9720,135.0890,0.0000,0.0000,1497.3910
2811,1,2,1,60.6830,165.0460,0.0000,948.9040,200.5840,136.4310,0.0000,0.0000,1511.6480
2812,1,2,1,63.8890,167.6740,0.0000,944.3260,195.3540,133.3170,0.0000,0.0000,1504.5600
2813,1,2,1,62.2710,165.1880,0.0000,944.0430,192.5040,134.7260,0.0000,0.0000,1498.7320
2814,1,2,1,60.5040,168.1540,0.0000,943.0830,193.3050,135.4340,0.0000,0.0000,1500.4800
2815,1,2,1,61.3290,185.8520,0.0000,960.1900,243.1440,156.2280,0.0000,0.0000,1606.7430
2816,1,2,0,67.7530,182.3450,0.0000,948.3880,203.6610,142.5290,0.0000,0.0000,1544.6760
2817,1,2,1,63.0270,171.7290,0.0000,947.0220,221.2370,151.0580,0.0000,0.0000,1554.0730
2818,1,2,1,65.4460,174.6460,0.0000,949.6980,202.4250,140.6770,0.0000,0.0000,1532.8920
2819,1,2,1,63.5880,171.4160,0.0000,947.5570,196.9850,137.4090,0.0000,0.0000,1516.9550
2820,0,2,0,61.7600,170.5240,0.0000,956.1170,195.9750,137.2120,0.0000,0.0000,1521.5880
2821,1,2,1,62.8490,166.4800,0.0000,945.2430,196.4120,135.6430,0.0000,0.0000,1506.6270
2822,1,2,1,65.0770,166.1170,0.0000,941.5380,194.7020,135.3420,0.0000,0.0000,1502.7760
2823,1,2,1,61.2930,166.0430,0.0000,950.9910,208.9230,139.6550,0.0000,0.0000,1526.9050
2824,1,2,1,62.1290,172.3630,0.0000,945.3360,198.6280,136.1110,0.0000,0.0000,1514.5670
2825,1,2,1,61.4460,169.4340,0.0000,955.8710,197.4830,135.9880,0.0000,0.0000,1520.2220
2826,0,2,0,61.1080,168.4490,0.0000,944.6520,194.4370,135.7720,0.0000,0.0000,1504.4180
2827,0,2,0,61.3040,166.8680,0.0000,956.6400,195.2310,134.1110,0.0000,0.0000,1514.1540
2828,1,2,1,63.0220,166.7140,0.0000,945.6440,192.2830,136.7080,0.0000,0.0000,1504.3710
2829,1,2,1,61.0330,166.8670,0.0000,944.4920,264.9910,144.8060,0.0000,0.0000,1582.1890
2830,0,2,0,66.0300,177.7170,0.0000,946.8000,202.1290,139.6190,0.0000,0.0000,1532.2950
2831,1,2,1,62.0990,169.1330,0.0000,945.2490,197.6500,134.1970,0.0000,0.0000,1508.3280
2832,1,2,1,61.5020,168.4860,0.0000,947.9870,196.0800,134.2710,0.0000,0.0000,1508.3260
2833,1,2,1,61.8830,166.3750,0.0000,944.5910,195.0960,134.9660,0.0000,0.0000,1502.9110
2834,1,2,1,62.1840,165.4400,0.0000,944.0680,193.0960,135.7660,0.0000,0.0000,1500.5540
2835,1,2,1,61.3480,165.3170,0.0000,955.2920,195.6060,188.7200,0.0000,0.0000,1566.2830
2836,1,2,1,64.4980,177.0770,0.0000,950.8680,196.8430,140.0740,0.0000,0.0000,1529.3600
2837,1,2,1,63.1140,165.8710,0.0000,958.4680,195.9630,136.5110,0.0000,0.0000,1519.9270
2838,1,2,1,62.9540,168.0250,0.0000,942.0240,194.4990,134.1840,0.0000,0.0000,1501.6860
2839,1,2,1,61.3350,165.8950,0.0000,944.9600,193.9080,137.7160,0.0000,0.0000,1503.8140
2840,1,2,1,61.2310,165.6860,0.0000,944.3570,193.6550,135.4460,0.0000,0.0000,1500.3750
2841,0,2,1,62.6030,165.8330,0.0000,944.9730,193.2240,132.5350,0.0000,0.0000,1499.1680
2842,1,2,1,61.2190,224.7750,0.0000,944.8560,203.0400,136.3570,0.0000,0.0000,1570.2470
2843,1,2,1,62.0680,169.6980,0.0000,943.7600,197.0900,135.6730,0.0000,0.0000,1508.2890
2844,1,2,1,59.6670,166.7630,0.0000,958.2160,195.2060,135.4590,0.0000,0.0000,1515.3110
2845,1,2,1,60.2580,166.4430,0.0000,944.5160,193.8210,134.7810,0.0000,0.0000,1499.8190
2846,1,2,1,64.5230,166.8190,0.0000,942.7440,196.0560,135.7050,0.0000,0.0000,1505.8470
2847,1,2,1,60.8240,166.7010,0.0000,956.2280,193.1870,135.5330,0.0000,0.0000,1512.4730
2848,1,2,1,60.7140,166.3570,0.0000,947.5260,200.8800,137.7170,0.0000,0.0000,1513.1940
2849,1,2,1,63.2990,167.2490,0.0000,956.6280,196.0550,136.5780,0.0000,0.0000,1519.8090
2850,1,2,1,62.4370,166.6160,0.0000,954.2160,192.8310,136.8800,0.0000,0.0000,1512.9800
2851,1,2,1,61.8090,164.5850,0.0000,942.5600,195.9130,134.4560,0.0000,0.0000,1499.3230
2852,1,2,1,59.9330,166.5840,0.0000,942.9410,194.0920,134.4000,0.0000,0.0000,1497.9500
2853,0,2,0,62.3560,166.2400,0.0000,946.3880,196.0430,135.4770,0.0000,0.0000,1506.5040
2854,1,2,0,62.7380,166.1850,0.0000,943.8400,204.8740,141.8160,0.0000,0.0000,1519.4530
2855,1,2,1,63.9140,166.9910,0.0000,944.3700,196.6030,133.8890,0.0000,0.0000,1505.7670
2856,1,2,1,61.5320,167.5870,0.0000,942.5720,194.5170,137.6560,0.0000,0.0000,1503.8640
2857,1,2,1,63.0280,167.3350,0.0000,955.3600,193.0460,135.3660,0.0000,0.0000,1514.1350
2858,0,2,0,60.9170,165.6680,0.0000,943.8400,195.5200,133.8400,0.0000,0.0000,1499.7850
2859,1,2,1,61.7720,166.3070,0.0000,947.4640,196.0800,134.6710,0.0000,0.0000,1506.2940
2860,1,2,1,62.9540,166.4250,0.0000,942.9960,200.3320,136.9170,0.0000,0.0000,1509.6240
2861,1,2,1,62.4370,168.2830,0.0000,956.7510,196.6770,136.1540,0.0000,0.0000,1520.3020
2862,1,2,1,61.2610,167.5700,0.0000,956.7690,194.9780,135.6550,0.0000,0.0000,1516.2330
2863,1,2,0,62.7200,168.0430,0.0000,957.2800,193.0890,135.6370,0.0000,0.0000,1516.7690
2864,1,2,1,62.8550,166.7320,0.0000,942.8370,195.5450,135.0580,0.0000,0.0000,1503.0270
2865,1,2,1,61.8950,164.3080,0.0000,941.3350,194.7330,135.2550,0.0000,0.0000,1497.5260
2866,1,2,1,61.8590,165.9570,0.0000,942.5110,194.1790,187.3410,0.0000,0.0000,1551.8470
2867,1,2,1,64.0610,171.1690,0.0000,944.5350,196.8370,136.7200,0.0000,0.0000,1513.3220
2868,1,2,1,60.6890,167.8830,0.0000,956.9600,196.2890,133.3660,0.0000,0.0000,1515.1870
2869,1,2,1,62.8370,166.8920,0.0000,943.5940,198.1720,135.7420,0.0000,0.0000,1507.2370
2870,1,2,1,61.2120,166.9720,0.0000,942.4490,195.6000,135.2250,0.0000,0.0000,1501.4580
2871,0,2,0,61.3720,166.0310,0.0000,941.3970,196.9720,137.3230,0.0000,0.0000,1503.0950
2872,1,2,1,60.7080,167.0090,0.0000,955.2560,192.0620,133.7850,0.0000,0.0000,1508.8200
2873,1,2,1,61.6250,207.3290,0.0000,945.6370,198.0120,137.3230,0.0000,0.0000,1549.9260
2874,1,2,1,62.1290,168.7440,0.0000,946.5170,197.0710,136.2400,0.0000,0.0000,1510.7010
2875,1,2,1,61.9330,169.1070,0.0000,941.4030,195.0160,135.1880,0.0000,0.0000,1502.6470
2876,1,2,0,61.5140,166.8860,0.0000,944.4620,193.5880,134.9780,0.0000,0.0000,1501.4280
2877,1,2,1,62.0800,165.9140,0.0000,946.2340,194.9360,136.5970,0.0000,0.0000,1505.7610
2878,0,2,0,62.2890,165.2130,0.0000,947.2680,194.7570,135.1570,0.0000,0.0000,1504.6840
2879,0,2,0,62.9350,167.4090,0.0000,947.7360,204.2030,138.9170,0.0000,0.0000,1521.2000
2880,0,2,1,63.8650,168.0860,0.0000,946.2520,196.7630,136.4060,0.0000,0.0000,1511.3720
2881,1,2,1,60.9910,166.8680,0.0000,945.2500,197.5260,136.4680,0.0000,0.0000,1507.1030
2882,1,2,0,60.6340,165.3910,0.0000,943.2610,194.6520,136.3010,0.0000,0.0000,1500.2390
2883,1,2,1,62.1480,165.6060,0.0000,954.1110,194.2220,133.1700,0.0000,0.0000,1509.2570
2884,1,2,1,62.4120,165.5510,0.0000,941.6550,193.6250,131.5760,0.0000,0.0000,1494.8190
2885,1,2,1,61.9010,165.9200,0.0000,949.7970,200.8190,138.6460,0.0000,0.0000,1517.0830
2886,0,2,0,61.2860,169.1510,0.0000,945.9440,195.1570,136.0180,0.0000,0.0000,1507.5560
2887,1,2,1,62.9350,166.1360,0.0000,944.4920,195.4460,138.0800,0.0000,0.0000,1507.0890
2888,1,2,1,62.2210,166.1290,0.0000,958.2460,198.1470,133.5200,0.0000,0.0000,1518.2630
2889,1,2,1,61.0030,165.4590,0.0000,944.3080,194.0670,135.0640,0.0000,0.0000,1499.9010
2890,0,2,0,60.7200,165.1870,0.0000,956.4070,195.1260,134.1910,0.0000,0.0000,1511.6310
2891,1,2,1,60.8370,166.6090,0.0000,945.8210,202.9600,138.0610,0.0000,0.0000,1514.2880
2892,1,2,1,60.1300,168.2640,0.0000,943.1940,194.7450,134.3270,0.0000,0.0000,1500.6600
2893,1,2,1,63.0710,167.0030,0.0000,940.4800,192.8060,135.0890,0.0000,0.0000,1498.4490
2894,1,2,1,60.5100,165.7420,0.0000,942.0800,194.0070,133.9140,0.0000,0.0000,1496.2530
2895,1,2,1,61.5330,166.8310,0.0000,954.3880,193.2310,134.7200,0.0000,0.0000,1510.7030
2896,1,2,1,62.3140,164.8680,0.0000,956.0680,193.8150,135.4580,0.0000,0.0000,1512.5230
2897,1,2,1,60.9290,166.0310,0.0000,957.8090,194.5540,191.9510,0.0000,0.0000,1571.2740
2898,1,2,1,61.8280,171.6980,0.0000,958.1660,198.3260,136.6840,0.0000,0.0000,1526.7020
2899,1,2,1,61.1630,166.8240,0.0000,950.4300,196.0250,135.1010,0.0000,0.0000,1509.5430
2900,0,2,0,60.7760,165.0830,0.0000,958.6150,194.1790,135.5020,0.0000,0.0000,1514.1550
2901,1,2,1,62.0060,167.6490,0.0000,944.0560,194.2460,134.3020,0.0000,0.0000,1502.2590
2902,0,2,0,61.9390,164.3070,0.0000,942.6890,193.5010,134.8980,0.0000,0.0000,1497.3340
2903,1,2,1,61.4460,166.6960,0.0000,942.7700,193.0210,134.4240,0.0000,0.0000,1498.3570
2904,0,2,0,61.6120,205.0580,0.0000,958.0610,199.7780,138.2220,0.0000,0.0000,1562.7310
2905,1,2,0,62.7750,170.3130,0.0000,945.7110,195.1080,136.1230,0.0000,0.0000,1510.0300
2906,1,2,1,61.5880,165.7660,0.0000,944.4610,194.3140,136.1780,0.0000,0.0000,1502.3070
2907,1,2,1,63.3660,165.2490,0.0000,957.3230,193.7480,134.6950,0.0000,0.0000,1514.3810
2908,1,2,1,61.4590,164.7010,0.0000,943.8150,193.4340,135.7040,0.0000,0.0000,1499.1130
2909,1,2,1,61.3170,166.1170,0.0000,957.3910,195.0210,134.6770,0.0000,0.0000,1514.5230
2910,1,2,1,61.8340,167.7600,0.0000,947.4220,201.8900,138.8620,0.0000,0.0000,1517.7680
2911,1,2,0,63.0830,168.6280,0.0000,946.6700,197.3170,135.9270,0.0000,0.0000,1511.6250
2912,1,2,1,64.3760,168.1790,0.0000,957.1200,197.2740,134.3880,0.0000,0.0000,1521.3370
2913,1,2,1,60.8550,166.3630,0.0000,947.6560,191.6610,132.5480,0.0000,0.0000,1499.0830
2914,1,2,1,61.4580,167.3050,0.0000,956.0000,193.8460,134.3200,0.0000,0.0000,1512.9290
2915,0,2,0,61.1320,167.5380,0.0000,956.3940,196.4060,133.2060,0.0000,0.0000,1514.6760
2916,0,2,0,61.6310,167.2000,0.0000,944.0740,207.3970,138.0430,0.0000,0.0000,1518.3450
2917,1,2,1,64.8620,169.7230,0.0000,943.0710,196.4670,140.2890,0.0000,0.0000,1514.4120
2918,0,2,1,63.1140,167.4650,0.0000,942.1840,196.7510,136.5780,0.0000,0.0000,1506.0920
2919,1,2,1,61.5690,167.6120,0.0000,943.0640,194.9410,135.9820,0.0000,0.0000,1503.1680
2920,0,2,0,60.8120,167.6920,0.0000,944.4610,194.9720,135.7480,0.0000,0.0000,1503.6850
2921,1,2,1,62.9300,164.9420,0.0000,945.3720,195.8700,135.3360,0.0000,0.0000,1504.4500
2922,1,2,1,63.2730,164.8060,0.0000,952.5050,213.1440,143.2250,0.0000,0.0000,1536.9530
2923,1,2,1,64.9230,174.4180,0.0000,946.6890,200.2830,137.2860,0.0000,0.0000,1523.5990
2924,1,2,1,62.4190,167.6930,0.0000,944.3750,197.0830,136.5290,0.0000,0.0000,1508.0990
2925,1,2,1,62.0430,168.5230,0.0000,955.9820,195.1140,136.2400,0.0000,0.0000,1517.9020
2926,1,2,1,62.4920,166.9600,0.0000,958.6030,194.6950,135.2130,0.0000,0.0000,1517.9630
2927,0,2,0,60.1480,165.5630,0.0000,943.5630,195.1450,136.2520,0.0000,0.0000,1500.6710
2928,1,2,1,61.6740,165.5440,0.0000,954.9350,238.5720,135.8340,0.0000,0.0000,1556.5590
2929,1,2,1,61.3360,170.3750,0.0000,948.0000,195.7540,135.3660,0.0000,0.0000,1510.8310
2930,1,2,1,61.2550,167.8770,0.0000,943.9570,193.7350,135.9750,0.0000,0.0000,1502.7990
2931,1,2,1,61.9080,165.3410,0.0000,957.4960,192.8560,135.4650,0.0000,0.0000,1513.0660
2932,1,2,1,59.5390,167.0400,0.0000,941.7050,194.5050,133.3720,0.0000,0.0000,1496.1610
2933,0,2,0,60.6530,166.5170,0.0000,955.6740,195.0340,133.4770,0.0000,0.0000,1511.3550
2934,1,2,1,62.6640,165.8830,0.0000,956.0560,195.7530,134.7810,0.0000,0.0000,1515.1370
2935,0,2,0,105.2490,172.8860,0.0000,958.1970,197.6000,137.8090,0.0000,0.0000,1571.7410
2936,0,2,0,61.6860,167.8830,0.0000,955.9570,195.6920,135.8710,0.0000,0.0000,1517.0890
2937,0,2,0,61.9200,164.8490,0.0000,958.6400,194.8180,133.4650,0.0000,0.0000,1513.6920
2938,0,2,0,61.9870,165.6180,0.0000,955.7660,196.1110,134.3080,0.0000,0.0000,1513.7900
2939,1,2,1,60.0870,166.8740,0.0000,942.2710,192.0990,135.9200,0.0000,0.0000,1497.2510
2940,1,2,1,61.7780,166.2890,0.0000,942.7320,193.0270,135.6490,0.0000,0.0000,1499.4750
2941,0,2,0,63.0340,167.0950,0.0000,953.5690,201.0960,138.0430,0.0000,0.0000,1522.8370
2942,1,2,1,61.7960,168.2210,0.0000,942.1170,194.2650,135.9750,0.0000,0.0000,1502.3740
2943,1,2,1,63.1140,166.9540,0.0000,942.9910,193.1690,134.0920,0.0000,0.0000,1500.3200
2944,1,2,1,61.6920,165.6740,0.0000,944.5660,194.0740,134.2770,0.0000,0.0000,1500.2830
2945,0,2,1,61.2000,164.8370,0.0000,957.2610,194.4430,135.2560,0.0000,0.0000,1512.9970
2946,1,2,1,64.3690,165.0090,0.0000,946.3570,194.2400,135.2920,0.0000,0.0000,1505.2670
2947,1,2,1,60.1540,165.5880,0.0000,942.6580,202.9540,137.2000,0.0000,0.0000,1508.5540
2948,1,2,1,63.2000,169.2370,0.0000,944.3390,197.8400,135.5260,0.0000,0.0000,1510.1420
2949,1,2,1,61.3040,167.6920,0.0000,955.8770,192.3380,135.6920,0.0000,0.0000,1512.9030
2950,1,2,0,60.2030,165.4090,0.0000,942.4000,191.4100,136.8060,0.0000,0.0000,1496.2280
2951,1,2,1,61.9020,165.3480,0.0000,957.0710,195.7170,135.0640,0.0000,0.0000,1515.1020
2952,1,2,1,62.5100,167.5880,0.0000,944.5410,192.8250,137.5630,0.0000,0.0000,1505.0270
2953,1,2,1,61.3170,168.6710,0.0000,944.4800,201.3540,136.8990,0.0000,0.0000,1512.7210
2954,1,2,1,63.6920,168.9230,0.0000,943.7410,194.1420,135.3160,0.0000,0.0000,1505.8140
2955,1,2,1,62.9170,166.5540,0.0000,944.6890,193.8150,136.9720,0.0000,0.0000,1504.9470
2956,1,2,1,61.3470,166.9170,0.0000,941.8890,194.0680,134.7810,0.0000,0.0000,1499.0020
2957,1,2,1,63.2000,166.6030,0.0000,945.6860,195.7230,136.3200,0.0000,0.0000,1507.5320
2958,1,2,1,60.7880,165.7110,0.0000,956.5670,193.7850,135.2240,0.0000,0.0000,1512.0750
2959,1,2,1,62.5110,165.8100,0.0000,942.6900,236.6710,137.3970,0.0000,0.0000,1545.0790
2960,1,2,1,61.8030,166.5790,0.0000,947.2620,196.3630,135.1260,0.0000,0.0000,1507.1330
2961,1,2,1,62.3760,167.0830,0.0000,944.2770,194.6710,134.7630,0.0000,0.0000,1503.1700
2962,1,2,1,63.3110,167.3050,0.0000,942.7880,192.6150,133.5440,0.0000,0.0000,1499.5630
2963,1,2,1,60.6330,165.4520,0.0000,941.0650,193.1390,134.4240,0.0000,0.0000,1494.7130
2964,1,2,1,61.3290,167.6730,0.0000,955.2060,193.8150,134.7330,0.0000,0.0000,1512.7560
2965,1,2,1,61.5260,167.4150,0.0000,945.5080,195.2060,134.2650,0.0000,0.0000,1503.9200
2966,1,2,1,60.1670,175.3720,0.0000,942.9410,199.7660,136.2090,0.0000,0.0000,1514.4550
2967,1,2,1,62.0930,167.5630,0.0000,956.0250,197.0220,134.6280,0.0000,0.0000,1517.3310
2968,1,2,1,60.6830,166.0430,0.0000,956.2890,195.1020,134.5480,0.0000,0.0000,1512.6650
2969,1,2,1,61.5700,165.0950,0.0000,945.1570,194.8240,135.0590,0.0000,0.0000,1501.7050
2970,1,2,1,62.3450,166.0060,0.0000,949.6550,194.5290,133.3170,0.0000,0.0000,1505.8520
2971,1,2,0,62.4670,168.4190,0.0000,943.6500,196.0740,134.6340,0.0000,0.0000,1505.2440
2972,1,2,1,62.0930,166.1040,0.0000,945.8280,203.5070,137.8030,0.0000,0.0000,1515.3350
2973,0,2,0,61.9200,167.5200,0.0000,945.6180,197.0520,135.3050,0.0000,0.0000,1507.4150
2974,1,2,1,60.7810,167.4340,0.0000,956.3380,195.6430,133.5690,0.0000,0.0000,1513.7650
2975,1,2,1,61.0030,166.8300,0.0000,943.3040,192.6590,134.7130,0.0000,0.0000,1498.5090
2976,1,2,1,61.4650,163.8400,0.0000,955.6490,195.3160,133.2740,0.0000,0.0000,1509.5440
2977,1,2,1,61.7410,164.7200,0.0000,943.2870,195.0330,134.7320,0.0000,0.0000,1499.5130
2978,1,2,1,61.7420,164.0740,0.0000,958.2520,203.4280,137.7420,0.0000,0.0000,1525.2380
2979,1,2,1,62.1170,171.1200,0.0000,944.9230,196.8120,136.7200,0.0000,0.0000,1511.6920
2980,1,2,1,61.7360,166.9540,0.0000,949.2980,196.2100,136.2090,0.0000,0.0000,1510.4070
2981,0,2,0,60.9410,166.1350,0.0000,946.0800,195.2740,134.8980,0.0000,0.0000,1503.3280
2982,1,2,0,62.0310,163.8590,0.0000,953.6920,193.3960,134.1600,0.0000,0.0000,1507.1380
2983,1,2,1,62.5360,164.9170,0.0000,957.8220,194.8740,134.7820,0.0000,0.0000,1514.9310
2984,1,2,1,60.0430,164.6590,0.0000,950.2830,202.3570,135.4030,0.0000,0.0000,1512.7450
2985,1,2,1,61.4040,167.6370,0.0000,945.8890,193.2490,135.3910,0.0000,0.0000,1503.5700
2986,1,2,1,61.6300,166.9910,0.0000,941.1390,195.6000,137.2670,0.0000,0.0000,1502.6270
2987,1,2,1,62.0440,168.5910,0.0000,955.5260,194.5420,136.1230,0.0000,0.0000,1516.8260
2988,1,2,1,60.6460,166.1110,0.0000,945.9760,194.3010,135.0770,0.0000,0.0000,1502.1110
2989,1,2,1,63.5510,168.8490,0.0000,944.1540,195.7480,135.5390,0.0000,0.0000,1507.8410
2990,0,2,0,61.2800,164.1170,0.0000,942.3010,248.8490,140.9840,0.0000,0.0000,1557.5310
2991,1,2,1,63.5690,169.8770,0.0000,942.7750,197.9450,136.3020,0.0000,0.0000,1510.4680
2992,1,2,1,61.4400,167.2310,0.0000,942.4860,193.4090,134.3440,0.0000,0.0000,1498.9100
2993,1,2,1,61.4340,167.3970,0.0000,955.0580,194.5720,133.2740,0.0000,0.0000,1511.7350
2994,1,2,1,62.4990,164.7440,0.0000,945.2560,192.1850,133.9440,0.0000,0.0000,1498.6280
2995,1,2,1,62.4620,167.9880,0.0000,944.9230,194.3020,132.9290,0.0000,0.0000,1502.6040
2996,1,2,1,60.7690,166.4120,0.0000,956.7330,195.9080,134.9970,0.0000,0.0000,1514.8190
2997,1,2,0,97.9320,169.8650,0.0000,946.5660,197.3290,136.9600,0.0000,0.0000,1548.6520
2998,0,2,0,60.8870,167.9330,0.0000,942.0620,193.2250,133.6310,0.0000,0.0000,1497.7380
2999,0,2,0,61.0710,167.6130,0.0000,944.4430,193.2120,134.2030,0.0000,0.0000,1500.5420
3000,1,2,1,86.6710,225.1690,0.0000,959.0590,220.5230,161.4770,0.0000,0.0000,1652.8990
3001,1,2,1,68.1600,180.5040,0.0000,951.4960,262.0980,148.1780,0.0000,0.0000,1610.4360
3002,0,2,0,64.9540,179.4830,0.0000,960.2090,201.9320,140.8680,0.0000,0.0000,1547.4460
3003,0,2,0,62.5530,171.1390,0.0000,948.0980,197.0340,136.7820,0.0000,0.0000,1515.6060
3004,1,2,1,63.3420,166.8740,0.0000,946.3080,195.3230,136.3450,0.0000,0.0000,1508.1920
3005,1,2,1,61.4280,166.0310,0.0000,958.0430,194.9410,134.5170,0.0000,0.0000,1514.9600
3006,1,2,1,61.6190,166.2710,0.0000,940.5540,195.3840,135.2250,0.0000,0.0000,1499.0530
3007,1,2,1,60.7080,165.3050,0.0000,956.3260,194.9480,135.8770,0.0000,0.0000,1513.1640
3008,1,2,1,71.1450,172.2090,0.0000,950.5230,197.6920,137.9880,0.0000,0.0000,1529.5570
3009,1,2,1,61.1450,168.9790,0.0000,941.9940,197.7110,134.2890,0.0000,0.0000,1504.1180
3010,0,2,0,61.6120,167.0650,0.0000,944.0990,196.3510,137.3600,0.0000,0.0000,1506.4870
3011,1,2,1,61.6800,168.3440,0.0000,943.3480,196.2030,134.9840,0.0000,0.0000,1504.5590
3012,0,2,0,63.0460,169.0950,0.0000,944.0430,192.4680,134.3380,0.0000,0.0000,1502.9900
3013,1,2,1,61.7290,164.6830,0.0000,953.5080,192.7570,136.0070,0.0000,0.0000,1508.6840
3014,1,2,1,61.7910,165.7600,0.0000,986.0250,203.1760,140.0370,0.0000,0.0000,1556.7890
3015,1,2,1,62.7880,169.9080,0.0000,945.5390,197.2130,135.7720,0.0000,0.0000,1511.2200
3016,1,2,1,61.6370,166.1170,0.0000,945.9870,193.9750,134.2580,0.0000,0.0000,1501.9740
3017,1,2,1,60.3070,166.7630,0.0000,944.0310,195.0770,133.8220,0.0000,0.0000,1500.0000
3018,1,2,1,61.2920,166.0180,0.0000,944.1790,197.0580,135.4340,0.0000,0.0000,1503.9810
3019,1,2,1,60.4120,165.7970,0.0000,946.2770,196.1230,135.7970,0.0000,0.0000,1504.4060
3020,0,2,0,62.4180,166.0550,0.0000,945.5260,221.3970,147.4530,0.0000,0.0000,1542.8490
3021,0,2,0,63.3360,175.9570,0.0000,950.2650,200.8730,137.7110,0.0000,0.0000,1528.1420
3022,0,2,0,63.3660,168.8120,0.0000,943.3850,195.0530,136.7750,0.0000,0.0000,1507.3910
3023,1,2,1,63.6370,168.5600,0.0000,958.6710,195.9080,136.0120,0.0000,0.0000,1522.7880
3024,1,2,1,61.6800,167.9690,0.0000,942.9720,194.7390,135.8090,0.0000,0.0000,1503.1690
3025,1,2,1,60.7380,164.9660,0.0000,943.6800,193.8270,134.5960,0.0000,0.0000,1497.8070
3026,1,2,1,60.6950,166.8800,0.0000,948.4670,205.6680,137.9570,0.0000,0.0000,1519.6670
3027,1,2,1,64.3010,169.7600,0.0000,943.8210,197.1510,135.7790,0.0000,0.0000,1510.8120
3028,1,2,1,63.5880,164.3750,0.0000,943.2060,193.6980,135.2240,0.0000,0.0000,1500.0910
3029,1,2,1,62.6580,167.9940,0.0000,954.9960,194.5660,134.7870,0.0000,0.0000,1515.0010
3030,1,2,1,61.5200,167.5380,0.0000,943.6300,195.6250,133.5510,0.0000,0.0000,1501.8640
3031,1,2,1,62.5600,165.1380,0.0000,948.6400,195.9450,134.3810,0.0000,0.0000,1506.6640
3032,0,2,0,60.5850,165.0470,0.0000,947.7720,206.3200,137.6000,0.0000,0.0000,1517.3240
3033,1,2,1,62.1910,168.6090,0.0000,942.7200,196.8560,134.9600,0.0000,0.0000,1505.3360
3034,1,2,1,61.8890,167.0460,0.0000,941.9750,195.1880,135.4520,0.0000,0.0000,1501.5500
3035,1,2,1,61.1380,166.3260,0.0000,946.4180,193.7050,136.3940,0.0000,0.0000,1503.9810
3036,1,2,1,61.9930,166.9970,0.0000,958.3810,193.9140,134.7020,0.0000,0.0000,1515.9870
3037,1,2,1,59.8340,166.2580,0.0000,942.4190,193.2000,136.2090,0.0000,0.0000,1497.9200
3038,1,2,1,61.9630,166.5290,0.0000,944.7750,195.2620,187.2680,0.0000,0.0000,1555.7970
3039,1,2,1,63.6120,171.4760,0.0000,943.8640,195.9320,137.0090,0.0000,0.0000,1511.8930
3040,1,2,1,61.3420,166.8860,0.0000,955.3170,194.6340,136.6400,0.0000,0.0000,1514.8190
3041,1,2,1,62.9600,169.0520,0.0000,942.6090,195.1570,134.4250,0.0000,0.0000,1504.2030
3042,1,2,1,61.5810,165.2920,0.0000,957.1760,196.2770,134.4120,0.0000,0.0000,1514.7380
3043,1,2,1,61.4030,166.7500,0.0000,944.9170,191.8280,134.6830,0.0000,0.0000,1499.5810
3044,1,2,1,61.0280,168.9420,0.0000,955.2560,195.1200,136.1350,0.0000,0.0000,1516.4810
3045,1,2,1,60.9910,204.6340,0.0000,945.4030,200.8920,136.6280,0.0000,0.0000,1548.5480
3046,1,2,1,61.4650,167.0460,0.0000,942.5420,197.6860,135.7050,0.0000,0.0000,1504.4440
3047,0,2,1,60.4430,166.4370,0.0000,944.4060,194.7760,134.8250,0.0000,0.0000,1500.8870
3048,0,2,0,62.2590,167.0340,0.0000,942.1970,194.3760,136.6400,0.0000,0.0000,1502.5060
3049,0,2,0,61.4340,167.5140,0.0000,943.1880,194.9170,134.0800,0.0000,0.0000,1501.1330
3050,1,2,1,64.6040,164.4990,0.0000,954.8180,194.0560,135.5140,0.0000,0.0000,1513.4910
3051,1,2,1,60.8550,167.3470,0.0000,950.7880,200.9110,137.0950,0.0000,0.0000,1516.9960
3052,1,2,1,62.3690,168.6950,0.0000,947.1750,196.1350,136.0240,0.0000,0.0000,1510.3980
3053,1,2,1,62.4490,166.7630,0.0000,956.0370,193.7170,135.8960,0.0000,0.0000,1514.8620
3054,1,2,1,61.9690,166.3330,0.0000,943.6430,194.6650,134.8990,0.0000,0.0000,1501.5090
3055,1,2,1,63.0100,166.9660,0.0000,957.4460,194.0930,134.8190,0.0000,0.0000,1516.3340
3056,0,2,0,61.8640,167.3730,0.0000,941.9630,194.3940,134.8610,0.0000,0.0000,1500.4550
3057,0,2,0,63.0530,168.6460,0.0000,947.1440,201.8470,138.2090,0.0000,0.0000,1518.8990
3058,1,2,1,60.9600,165.7110,0.0000,956.9420,197.8090,135.9080,0.0000,0.0000,1517.3300
3059,1,2,1,62.6100,165.5700,0.0000,942.4980,194.9230,132.1360,0.0000,0.0000,1497.7370
3060,1,2,1,61.5140,164.6280,0.0000,943.8650,193.2120,135.7660,0.0000,0.0000,1498.9850
3061,1,2,1,62.9350,164.0430,0.0000,955.9390,193.0090,134.4680,0.0000,0.0000,1510.3940
3062,1,2,1,61.1140,166.4190,0.0000,943.5930,193.0340,134.6710,0.0000,0.0000,1498.8310
3063,1,2,1,61.5510,165.6740,0.0000,1003.8460,206.0560,136.8430,0.0000,0.0000,1573.9700
3064,1,2,1,62.9350,167.6370,0.0000,948.7380,195.3420,136.2770,0.0000,0.0000,1510.9290
3065,1,2,1,61.8460,170.1600,0.0000,943.6060,195.6000,135.2490,0.0000,0.0000,1506.4610
3066,1,2,1,61.7910,165.2180,0.0000,943.0030,195.3910,135.3290,0.0000,0.0000,1500.7320
3067,0,2,0,62.5350,166.5230,0.0000,957.1630,193.3040,134.5840,0.0000,0.0000,1514.1090
3068,1,2,1,62.7930,165.5200,0.0000,942.9040,196.9600,135.0710,0.0000,0.0000,1503.2480
3069,1,2,1,62.9540,166.7810,0.0000,943.8650,195.3100,177.6550,0.0000,0.0000,1546.5650
3070,1,2,0,63.4400,170.3200,0.0000,944.0180,197.7470,136.2340,0.0000,0.0000,1511.7590
3071,1,2,1,61.0280,166.8680,0.0000,947.6610,193.3110,135.0700,0.0000,0.0000,1503.9380
3072,1,2,1,60.7690,166.7880,0.0000,943.1570,194.4190,135.3230,0.0000,0.0000,1500.4560
3073,1,2,1,62.3260,165.5630,0.0000,955.7170,195.7660,135.5820,0.0000,0.0000,1514.9540
3074,0,2,0,64.4680,164.6460,0.0000,941.3360,193.0770,135.6240,0.0000,0.0000,1499.1510
3075,1,2,1,60.4800,166.3880,0.0000,942.6830,198.6530,134.4620,0.0000,0.0000,1502.6660
3076,1,2,1,61.9810,207.6310,0.0000,943.6490,200.2160,138.3320,0.0000,0.0000,1551.8090
3077,1,2,1,62.6210,171.1200,0.0000,956.4990,196.2210,133.0090,0.0000,0.0000,1519.4700
3078,1,2,1,63.3790,165.8700,0.0000,943.5880,194.8370,134.5660,0.0000,0.0000,1502.2400
3079,1,2,1,62.0000,166.7630,0.0000,956.7330,193.5010,135.6000,0.0000,0.0000,1514.5970
3080,1,2,1,62.5350,168.3070,0.0000,943.1080,194.1730,136.7570,0.0000,0.0000,1504.8800
3081,0,2,0,62.9290,165.3050,0.0000,956.5900,193.4210,135.5020,0.0000,0.0000,1513.7470
3082,1,2,1,62.7020,166.3380,0.0000,946.1110,198.8190,139.4460,0.0000,0.0000,1513.4160
3083,0,2,0,61.3840,168.8060,0.0000,944.9050,196.0310,133.9690,0.0000,0.0000,1505.0950
3084,1,2,1,61.6370,166.4560,0.0000,942.9720,195.7540,134.5600,0.0000,0.0000,1501.3790
3085,1,2,1,63.3850,166.8190,0.0000,943.1870,194.6340,135.6440,0.0000,0.0000,1503.6690
3086,1,2,1,62.9780,166.8740,0.0000,957.3110,195.7730,135.1630,0.0000,0.0000,1518.0990
3087,1,2,1,61.6120,166.6030,0.0000,942.3140,196.8370,133.8460,0.0000,0.0000,1501.2120
3088,1,2,1,62.0920,169.7480,0.0000,947.3720,201.3720,137.7850,0.0000,0.0000,1518.3690
3089,1,2,1,62.6460,170.1480,0.0000,944.8370,195.5510,134.7570,0.0000,0.0000,1507.9390
3090,0,2,0,62.0620,166.3500,0.0000,951.4340,194.1040,135.6560,0.0000,0.0000,1509.6060
3091,0,2,0,61.2490,166.5970,0.0000,944.6950,195.4890,133.5690,0.0000,0.0000,1501.5990
3092,1,2,1,60.7380,165.9260,0.0000,955.7720,192.6460,134.1790,0.0000,0.0000,1509.2610
3093,1,2,1,60.8620,166.6210,0.0000,942.6340,194.3880,133.3230,0.0000,0.0000,1497.8280
3094,1,2,1,61.5630,167.2490,0.0000,958.7200,202.4870,138.1040,0.0000,0.0000,1528.1230
3095,1,2,1,63.0890,169.7730,0.0000,944.5970,196.4180,137.2060,0.0000,0.0000,1511.0830
3096,1,2,1,63.0830,167.3040,0.0000,958.8930,197.6740,134.9110,0.0000,0.0000,1521.8650
3097,1,2,1,60.7140,166.8310,0.0000,941.8460,195.4650,133.7780,0.0000,0.0000,1498.6340
3098,1,2,1,61.8150,165.8530,0.0000,945.8340,193.3290,134.5230,0.0000,0.0000,1501.3540
3099,1,2,1,61.5450,165.4330,0.0000,955.3360,194.5660,135.4890,0.0000,0.0000,1512.3690
3100,1,2,1,62.3080,164.8060,0.0000,955.8520,195.2620,207.9630,0.0000,0.0000,1586.1910
3101,1,2,1,63.9200,176.3690,0.0000,945.7350,197.8890,137.7040,0.0000,0.0000,1521.6170
3102,1,2,1,61.4090,170.9530,0.0000,942.4610,195.5690,137.1200,0.0000,0.0000,1507.5120
3103,1,2,1,62.7260,168.9910,0.0000,949.0160,196.4180,133.5380,0.0000,0.0000,1510.6890
3104,1,2,1,62.8060,164.4060,0.0000,944.8680,192.9600,133.4340,0.0000,0.0000,1498.4740
3105,1,2,1,60.8620,168.3140,0.0000,956.3810,196.9720,135.2990,0.0000,0.0000,1517.8280
3106,1,2,1,62.6400,166.0930,0.0000,944.9780,192.8490,134.3330,0.0000,0.0000,1500.8930
3107,1,2,1,61.7300,210.3010,0.0000,948.5720,198.0860,135.9630,0.0000,0.0000,1554.6520
3108,1,2,1,61.9140,169.7230,0.0000,944.1170,196.6520,136.3010,0.0000,0.0000,1508.7070
3109,0,2,0,61.4770,166.7440,0.0000,946.9170,192.0430,133.7790,0.0000,0.0000,1500.9600
3110,1,2,1,62.1660,165.4460,0.0000,942.6280,195.1560,135.1080,0.0000,0.0000,1500.5040
3111,0,2,0,62.9720,163.8710,0.0000,944.7260,193.6550,134.7020,0.0000,0.0000,1499.9260
3112,1,2,1,62.9230,165.1320,0.0000,946.1420,194.0980,135.6860,0.0000,0.0000,1503.9810
3113,1,2,1,61.8650,164.7200,0.0000,947.7780,203.2120,137.7540,0.0000,0.0000,1515.3290
3114,1,2,1,63.0890,171.7170,0.0000,944.3260,196.8800,136.6960,0.0000,0.0000,1512.7080
3115,1,2,1,61.7290,166.5850,0.0000,941.8150,196.1290,133.5510,0.0000,0.0000,1499.8090
3116,0,2,0,62.3070,165.4830,0.0000,941.3420,195.7780,136.0370,0.0000,0.0000,1500.9470
3117,1,2,1,61.1760,166.0550,0.0000,942.9540,194.5600,135.7050,0.0000,0.0000,1500.4500
3118,1,2,1,61.2070,165.9750,0.0000,944.4130,193.0340,134.8740,0.0000,0.0000,1499.5030
3119,1,2,1,60.3080,166.6160,0.0000,946.1170,202.1170,140.3330,0.0000,0.0000,1515.4910
3120,1,2,1,63.3600,169.0770,0.0000,943.4150,194.8370,136.0430,0.0000,0.0000,1506.7320
3121,1,2,1,60.0130,166.8860,0.0000,956.4250,194.5050,136.3390,0.0000,0.0000,1514.1680
3122,1,2,1,62.4430,165.9570,0.0000,942.6210,193.8220,137.2180,0.0000,0.0000,1502.0610
3123,1,2,1,61.8210,169.1200,0.0000,956.8250,193.4460,135.6180,0.0000,0.0000,1516.8300
3124,1,2,1,62.8550,164.0980,0.0000,949.7170,193.5880,135.6920,0.0000,0.0000,1505.9500
3125,1,2,1,60.1730,165.7420,0.0000,948.0920,202.3570,135.8830,0.0000,0.0000,1512.2470
3126,1,2,1,63.5440,167.9510,0.0000,943.6490,193.8330,134.9720,0.0000,0.0000,1503.9490
3127,1,2,1,60.8310,166.9730,0.0000,942.1230,196.3690,135.0220,0.0000,0.0000,1501.3180
3128,1,2,1,61.2990,166.4990,0.0000,953.5570,192.9660,136.2580,0.0000,0.0000,1510.5790
3129,1,2,1,61.5880,164.5230,0.0000,956.1170,194.1850,135.2130,0.0000,0.0000,1511.6260
3130,1,2,1,62.9850,166.0740,0.0000,943.7350,195.4030,136.0860,0.0000,0.0000,1504.2830
3131,1,2,1,61.7170,162.1230,0.0000,941.5570,192.7390,178.7930,0.0000,0.0000,1536.9290
3132,1,2,1,61.7780,169.8280,0.0000,945.1820,198.3820,136.4740,0.0000,0.0000,1511.6440
3133,1,2,1,63.4460,167.6800,0.0000,949.6490,194.3450,136.2890,0.0000,0.0000,1511.4090
3134,1,2,1,60.1420,164.3260,0.0000,942.6090,192.9840,136.8370,0.0000,0.0000,1496.8980
3135,1,2,1,61.7110,166.1040,0.0000,949.6370,193.7790,133.7350,0.0000,0.0000,1504.9660
3136,1,2,1,60.6830,166.9910,0.0000,942.8370,195.2060,134.2400,0.0000,0.0000,1499.9570
3137,1,2,1,62.3450,166.9230,0.0000,955.6740,193.4210,134.4250,0.0000,0.0000,1512.7880
3138,1,2,1,61.7960,221.5760,0.0000,958.9840,199.1260,136.8920,0.0000,0.0000,1578.3740
3139,1,2,1,62.6520,169.6120,0.0000,944.9480,196.0310,133.0090,0.0000,0.0000,1506.2520
3140,0,2,1,61.2740,167.6550,0.0000,957.3420,195.8340,135.2490,0.0000,0.0000,1517.3540
3141,1,2,1,61.9930,166.7200,0.0000,942.6590,193.6680,133.4770,0.0000,0.0000,1498.5170
3142,0,2,0,62.1840,165.3360,0.0000,943.2120,194.0920,133.0770,0.0000,0.0000,1497.9010
3143,1,2,1,60.8860,164.3080,0.0000,941.5020,195.8770,134.4980,0.0000,0.0000,1497.0710
3144,1,2,1,61.0090,165.2490,0.0000,944.1240,204.7020,135.8470,0.0000,0.0000,1510.9310
3145,1,2,1,61.8400,169.3110,0.0000,944.3940,194.7570,136.3020,0.0000,0.0000,1506.6040
3146,1,2,1,62.8730,167.0520,0.0000,942.9290,194.1670,134.5470,0.0000,0.0000,1501.5680
3147,1,2,0,62.6220,166.1970,0.0000,947.2000,195.6860,134.5720,0.0000,0.0000,1506.2770
3148,1,2,1,61.5260,163.9070,0.0000,942.0680,194.5420,134.6340,0.0000,0.0000,1496.6770
3149,1,2,1,60.8740,165.1130,0.0000,943.7720,193.0280,134.3940,0.0000,0.0000,1497.1810
3150,1,2,1,60.0180,166.8120,0.0000,947.9380,202.2710,138.9230,0.0000,0.0000,1515.9620
3151,1,2,1,62.0860,169.9690,0.0000,956.6150,196.1480,138.2890,0.0000,0.0000,1523.1070
3152,1,2,1,62.8430,168.4920,0.0000,945.3600,195.9570,135.7050,0.0000,0.0000,1508.3570
3153,1,2,1,62.2030,167.4280,0.0000,943.5820,195.4590,136.4120,0.0000,0.0000,1505.0840
3154,1,2,1,61.7670,164.6150,0.0000,956.0130,195.0280,136.0620,0.0000,0.0000,1513.4850
3155,1,2,1,61.8220,166.8180,0.0000,956.7140,195.9940,134.3760,0.0000,0.0000,1515.7240
3156,1,2,1,60.9790,166.5540,0.0000,958.7510,201.6000,135.5320,0.0000,0.0000,1523.4160
3157,1,2,1,61.8460,169.1570,0.0000,943.0830,196.2160,137.4090,0.0000,0.0000,1507.7110
3158,1,2,1,62.5660,167.2370,0.0000,943.3780,195.6920,134.9970,0.0000,0.0000,1503.8700
3159,1,2,1,60.9470,167.2000,0.0000,956.2950,195.4150,133.7420,0.0000,0.0000,1513.5990
3160,1,2,1,61.1200,164.3200,0.0000,946.0300,195.8340,134.8860,0.0000,0.0000,1502.1900
3161,1,2,1,61.3850,166.3570,0.0000,941.1270,192.8990,135.6740,0.0000,0.0000,1497.4420
3162,1,2,1,62.1040,164.7020,0.0000,943.2550,196.2520,187.3660,0.0000,0.0000,1553.6790
3163,1,2,1,63.9510,172.0920,0.0000,952.9240,196.7010,136.4190,0.0000,0.0000,1522.0870
3164,0,2,0,63.8830,167.4460,0.0000,942.5910,194.4310,137.0090,0.0000,0.0000,1505.3600
3165,0,2,0,61.6800,166.6650,0.0000,943.5330,194.6460,135.3420,0.0000,0.0000,1501.8660
3166,0,2,0,62.3760,166.9040,0.0000,946.0250,195.4710,135.0090,0.0000,0.0000,1505.7850
3167,0,2,0,61.9070,166.5540,0.0000,945.9200,193.4590,134.7440,0.0000,0.0000,1502.5840
3168,1,2,1,60.8800,164.6210,0.0000,945.5380,194.9850,135.0090,0.0000,0.0000,1501.0330
3169,1,2,1,60.3380,210.0250,0.0000,948.6030,201.5260,137.1820,0.0000,0.0000,1557.6740
3170,0,2,0,62.4740,168.7080,0.0000,945.6310,194.3570,137.0340,0.0000,0.0000,1508.2040
3171,1,2,1,62.1110,165.4950,0.0000,956.9170,194.5970,137.7850,0.0000,0.0000,1516.9050
3172,1,2,1,60.7750,165.8830,0.0000,952.9720,193.0890,135.7600,0.0000,0.0000,1508.4790
3173,1,2,1,61.1630,165.7290,0.0000,943.8960,193.9440,136.5970,0.0000,0.0000,1501.3290
3174,1,2,1,61.6670,165.8460,0.0000,942.6590,193.3540,133.9820,0.0000,0.0000,1497.5080
3175,0,2,0,60.2090,166.0250,0.0000,945.2860,200.9050,140.0190,0.0000,0.0000,1512.4440
3176,1,2,1,61.9700,168.7320,0.0000,943.0470,196.7750,138.3940,0.0000,0.0000,1508.9180
3177,1,2,1,62.4250,168.5230,0.0000,957.7470,196.7510,135.3290,0.0000,0.0000,1520.7750
3178,1,2,1,61.8220,167.2310,0.0000,957.6000,194.8920,134.9040,0.0000,0.0000,1516.4490
3179,0,2,0,61.3110,165.9380,0.0000,942.5470,195.3840,136.4980,0.0000,0.0000,1501.6780
3180,1,2,1,60.8310,167.4650,0.0000,948.0670,195.1630,135.5570,0.0000,0.0000,1507.0830
3181,1,2,1,63.0830,164.3510,0.0000,947.8710,199.7790,138.1900,0.0000,0.0000,1513.2740
3182,1,2,1,61.0460,168.2770,0.0000,945.6490,197.6430,137.0710,0.0000,0.0000,1509.6860
3183,1,2,1,62.8130,167.9940,0.0000,943.3780,194.2770,136.2090,0.0000,0.0000,1504.6710
3184,1,2,1,62.5350,167.1510,0.0000,941.2500,196.7320,133.6740,0.0000,0.0000,1501.3420
3185,1,2,1,61.2180,165.5510,0.0000,941.8090,196.3260,136.6650,0.0000,0.0000,1501.5690
3186,1,2,1,61.2000,164.7260,0.0000,944.9910,191.4210,135.0580,0.0000,0.0000,1497.3960
3187,0,2,0,61.6870,163.4280,0.0000,985.2740,201.9010,137.4650,0.0000,0.0000,1549.7550
3188,1,2,1,63.6490,167.6180,0.0000,943.9320,196.4490,136.2090,0.0000,0.0000,1507.8570
3189,0,2,0,62.3760,166.3940,0.0000,955.3170,193.4530,134.3440,0.0000,0.0000,1511.8840
3190,1,2,1,61.5820,165.5690,0.0000,945.5870,195.3720,135.5320,0.0000,0.0000,1503.6420
3191,1,2,1,62.5480,165.9200,0.0000,944.1470,194.5290,134.0990,0.0000,0.0000,1501.2430
3192,0,2,0,61.2990,165.0770,0.0000,942.3020,194.7390,136.1230,0.0000,0.0000,1499.5400
3193,0,2,0,60.3820,167.2190,0.0000,958.4250,192.3690,179.4030,0.0000,0.0000,1557.7980
3194,1,2,1,63.2860,169.6680,0.0000,946.9600,197.6860,136.9670,0.0000,0.0000,1514.5670
3195,0,2,0,62.4860,167.4710,0.0000,941.6990,193.4090,134.3940,0.0000,0.0000,1499.4590
3196,1,2,1,62.0800,165.7850,0.0000,945.9690,195.5450,135.1750,0.0000,0.0000,1504.5540
3197,1,2,1,60.4740,167.2740,0.0000,954.8550,193.3110,134.8550,0.0000,0.0000,1510.7690
3198,1,2,1,61.1200,167.3170,0.0000,947.1760,195.3110,133.1630,0.0000,0.0000,1504.0870
3199,1,2,1,62.2030,165.5380,0.0000,941.5810,196.3260,134.7880,0.0000,0.0000,1500.4360
3200,1,2,1,62.0680,204.5600,0.0000,943.8090,200.7870,136.5840,0.0000,0.0000,1547.8080
3201,0,2,0,60.9170,167.5940,0.0000,944.9420,193.5320,133.2560,0.0000,0.0000,1500.2410
3202,1,2,1,61.3730,163.1080,0.0000,946.4740,193.5870,136.0250,0.0000,0.0000,1500.5670
3203,1,2,1,61.3170,165.4460,0.0000,955.7730,194.6710,135.2060,0.0000,0.0000,1512.4130
3204,1,2,1,61.9570,165.8340,0.0000,944.9230,194.5660,134.2890,0.0000,0.0000,1501.5690
3205,1,2,1,60.9720,164.8120,0.0000,954.4550,196.3260,134.6700,0.0000,0.0000,1511.2350
3206,0,2,0,61.3100,164.5050,0.0000,947.2130,202.2030,135.6670,0.0000,0.0000,1510.8980
3207,1,2,1,63.5870,166.3320,0.0000,945.7600,195.3100,136.1600,0.0000,0.0000,1507.1490
3208,1,2,1,61.8700,164.4920,0.0000,955.7350,193.7040,135.7600,0.0000,0.0000,1511.5610
3209,1,2,1,62.0670,164.8430,0.0000,942.0430,193.6370,134.4190,0.0000,0.0000,1497.0090
3210,1,2,1,61.5630,165.3960,0.0000,942.4870,197.1020,132.7380,0.0000,0.0000,1499.2860
3211,1,2,1,62.1600,165.7840,0.0000,957.2740,197.5390,135.9020,0.0000,0.0000,1518.6590
3212,1,2,0,61.2980,165.0950,0.0000,943.5450,200.1350,135.3230,0.0000,0.0000,1505.3960
3213,1,2,1,62.1420,170.3690,0.0000,943.6860,195.8590,136.1230,0.0000,0.0000,1508.1790
3214,1,2,1,60.9540,169.2620,0.0000,944.0300,197.2120,134.5300,0.0000,0.0000,1505.9880
3215,1,2,1,62.7260,168.3880,0.0000,944.5660,196.2890,136.8730,0.0000,0.0000,1508.8420
3216,1,2,1,61.7660,165.7110,0.0000,955.2800,194.5360,134.2710,0.0000,0.0000,1511.5640
3217,1,2,0,60.9170,166.6650,0.0000,947.6740,193.6250,133.0280,0.0000,0.0000,1501.9090
3218,1,2,1,61.8890,163.4530,0.0000,947.1760,203.2990,140.2580,0.0000,0.0000,1516.0750
3219,1,2,1,61.5760,169.3720,0.0000,945.5380,193.4830,136.8190,0.0000,0.0000,1506.7880
3220,1,2,1,62.8180,166.3820,0.0000,943.8280,194.8060,134.9720,0.0000,0.0000,1502.8060
3221,1,2,1,60.6830,168.8120,0.0000,956.8130,194.6520,134.5530,0.0000,0.0000,1515.5130
3222,0,2,0,61.9630,165.8710,0.0000,959.0900,192.4560,135.2430,0.0000,0.0000,1514.6230
3223,1,2,1,61.1940,165.2000,0.0000,946.0060,194.0120,136.7080,0.0000,0.0000,1503.1200
3224,1,2,0,62.5850,164.2770,0.0000,952.5670,194.0680,185.6370,0.0000,0.0000,1559.1340
3225,1,2,1,70.8980,181.0460,0.0000,963.1260,202.8120,141.3910,0.0000,0.0000,1559.2730
3226,1,2,0,63.2990,172.0250,0.0000,947.5940,196.2960,137.6740,0.0000,0.0000,1516.8880
3227,1,2,1,63.0340,167.4590,0.0000,944.3870,194.8120,137.4340,0.0000,0.0000,1507.1260
3228,1,2,1,64.2460,165.4520,0.0000,943.1200,196.1540,138.0310,0.0000,0.0000,1507.0030
3229,0,2,0,61.4580,167.0580,0.0000,946.4370,195.6860,134.1600,0.0000,0.0000,1504.7990
3230,1,2,1,61.6490,165.9880,0.0000,941.8520,192.7940,133.5630,0.0000,0.0000,1495.8460
3231,1,2,1,62.4250,172.5970,0.0000,947.3720,198.5300,138.9170,0.0000,0.0000,1519.8410
3232,1,2,1,62.3700,168.7630,0.0000,957.9320,195.1690,135.7420,0.0000,0.0000,1519.9760
3233,1,2,1,61.5020,166.4800,0.0000,942.0120,195.8950,134.6030,0.0000,0.0000,1500.4920
3234,1,2,1,61.7480,165.7480,0.0000,943.6740,195.8220,133.3840,0.0000,0.0000,1500.3760
3235,1,2,1,62.5600,165.5630,0.0000,956.2280,193.1020,135.5630,0.0000,0.0000,1513.0160
3236,0,2,0,60.8310,167.5020,0.0000,943.8400,194.7870,133.3660,0.0000,0.0000,1500.3260
3237,1,2,1,60.3450,165.6620,0.0000,953.4030,205.4830,139.6360,0.0000,0.0000,1524.5290
3238,1,2,1,62.3820,171.1130,0.0000,945.1390,197.3600,135.1940,0.0000,0.0000,1511.1880
3239,1,2,1,61.8090,167.5880,0.0000,943.3160,195.1380,134.9040,0.0000,0.0000,1502.7550
3240,1,2,1,60.9350,167.0950,0.0000,945.0770,194.4490,136.5910,0.0000,0.0000,1504.1470
3241,0,2,0,61.8830,166.5350,0.0000,943.2440,194.4060,133.2370,0.0000,0.0000,1499.3050
3242,1,2,1,60.9600,167.1690,0.0000,944.4430,194.0000,135.4100,0.0000,0.0000,1501.9820
3243,1,2,1,61.6800,166.5230,0.0000,948.4550,200.3630,138.3570,0.0000,0.0000,1515.3780
3244,0,2,1,60.8180,168.1050,0.0000,944.4680,195.7660,135.4400,0.0000,0.0000,1504.5970
3245,1,2,1,63.0890,166.0310,0.0000,944.5540,194.9970,136.0490,0.0000,0.0000,1504.7200
3246,1,2,1,59.6990,167.0280,0.0000,944.7440,194.4620,135.5510,0.0000,0.0000,1501.4840
3247,1,2,1,62.4370,168.8610,0.0000,941.9010,194.5040,135.7600,0.0000,0.0000,1503.4630
3248,1,2,1,60.2280,165.3970,0.0000,943.1510,193.0280,134.6700,0.0000,0.0000,1496.4740
3249,0,2,0,62.2770,164.4800,0.0000,951.5690,204.4250,139.4650,0.0000,0.0000,1522.2160
3250,1,2,1,63.2980,168.0670,0.0000,946.5720,193.9200,136.4430,0.0000,0.0000,1508.3000
3251,1,2,1,62.1670,168.0430,0.0000,943.7600,197.2740,134.7380,0.0000,0.0000,1505.9820
3252,1,2,1,63.0770,166.9600,0.0000,944.9290,195.6740,136.3260,0.0000,0.0000,1506.9660
3253,1,2,1,61.8460,168.3010,0.0000,953.7360,193.1510,136.8800,0.0000,0.0000,1513.9140
3254,1,2,1,63.3160,165.8090,0.0000,944.5840,193.9510,133.6680,0.0000,0.0000,1501.3280
3255,1,2,1,61.3050,167.8890,0.0000,958.2400,235.5440,137.4280,0.0000,0.0000,1560.4060
3256,1,2,1,63.6060,171.7350,0.0000,945.4890,193.9750,135.1690,0.0000,0.0000,1509.9740
3257,1,2,1,61.8710,166.4800,0.0000,944.6960,195.1930,134.0550,0.0000,0.0000,1502.2950
3258,1,2,1,60.8550,164.4180,0.0000,943.6800,195.1630,136.2890,0.0000,0.0000,1500.4050
3259,0,2,0,61.8270,165.3720,0.0000,943.9820,193.2920,133.9500,0.0000,0.0000,1498.4230
3260,1,2,1,62.6890,166.3330,0.0000,944.1360,194.6580,134.9910,0.0000,0.0000,1502.8070
3261,1,2,0,61.7160,167.5200,0.0000,944.1290,195.3410,135.3040,0.0000,0.0000,1504.0100
3262,1,2,1,63.3720,210.6640,0.0000,945.2930,197.4960,137.7730,0.0000,0.0000,1554.5980
3263,1,2,1,62.6090,167.2990,0.0000,957.1760,196.5850,135.7350,0.0000,0.0000,1519.4040
3264,1,2,1,62.4920,164.6770,0.0000,956.1720,195.3110,136.2770,0.0000,0.0000,1514.9290
3265,1,2,1,60.7440,164.4680,0.0000,944.2650,191.6680,133.4210,0.0000,0.0000,1494.5660
3266,0,2,0,61.2800,163.8030,0.0000,943.4830,194.7500,135.2620,0.0000,0.0000,1498.5780
3267,1,2,1,61.5760,164.2150,0.0000,943.9820,193.6560,135.8710,0.0000,0.0000,1499.3000
3268,1,2,1,61.4640,163.9570,0.0000,958.5480,215.9390,145.7170,0.0000,0.0000,1545.6250
3269,1,2,1,65.9320,177.5940,0.0000,950.0070,200.4610,138.7070,0.0000,0.0000,1532.7010
3270,1,2,1,64.7440,171.2190,0.0000,947.0460,195.8770,135.9320,0.0000,0.0000,1514.8180
3271,1,2,1,62.6400,165.7850,0.0000,947.7100,194.0250,133.4210,0.0000,0.0000,1503.5810
3272,1,2,1,61.0520,166.8190,0.0000,940.8740,193.8030,135.7160,0.0000,0.0000,1498.2640
3273,1,2,0,62.2090,166.6400,0.0000,940.4860,193.8400,136.4310,0.0000,0.0000,1499.6060
3274,1,2,1,61.3600,164.0870,0.0000,949.1320,202.1420,136.7140,0.0000,0.0000,1513.4350
3275,1,2,1,62.5230,167.9820,0.0000,946.0190,195.6240,136.0240,0.0000,0.0000,1508.1720
3276,1,2,1,60.5600,166.2160,0.0000,946.9600,195.9510,136.1040,0.0000,0.0000,1505.7910
3277,1,2,1,62.6890,165.3970,0.0000,944.5970,193.1390,134.5410,0.0000,0.0000,1500.3630
3278,0,2,0,62.4190,167.4270,0.0000,943.1820,195.6370,135.4340,0.0000,0.0000,1504.0990
3279,1,2,1,61.6550,166.5540,0.0000,957.0830,195.0280,133.0960,0.0000,0.0000,1513.4160
3280,1,2,1,63.0890,167.1320,0.0000,951.6550,203.2800,138.7760,0.0000,0.0000,1523.9320
3281,0,2,1,64.0920,168.3570,0.0000,947.3540,195.6610,136.4560,0.0000,0.0000,1511.9200
3282,1,2,1,62.1480,166.0310,0.0000,956.5910,193.6120,135.0280,0.0000,0.0000,1513.4100
3283,1,2,1,61.3170,165.9570,0.0000,943.3470,196.5230,134.6400,0.0000,0.0000,1501.7840
3284,1,2,0,61.8710,165.7100,0.0000,956.4240,193.8710,132.7500,0.0000,0.0000,1510.6260
3285,0,2,0,62.4250,168.0070,0.0000,944.0740,192.5290,135.4100,0.0000,0.0000,1502.4450
3286,1,2,1,62.8310,164.7630,0.0000,942.0370,254.7380,139.7600,0.0000,0.0000,1564.1290
3287,1,2,1,63.0340,172.2830,0.0000,949.0710,197.1450,139.3100,0.0000,0.0000,1520.8430
3288,1,2,1,65.4220,168.3020,0.0000,955.2680,195.3850,134.3570,0.0000,0.0000,1518.7340
3289,1,2,1,61.3290,166.5410,0.0000,948.2710,195.1750,134.1660,0.0000,0.0000,1505.4820
3290,0,2,0,60.7010,165.7840,0.0000,942.3070,195.2920,136.6580,0.0000,0.0000,1500.7420
3291,1,2,1,61.8830,166.2030,0.0000,943.1260,195.9080,135.6620,0.0000,0.0000,1502.7820
3292,1,2,0,61.3540,166.6030,0.0000,944.2710,194.6210,135.6180,0.0000,0.0000,1502.4670
3293,1,2,1,61.6920,171.6670,0.0000,945.8210,198.4310,137.4400,0.0000,0.0000,1515.0510
3294,1,2,0,63.2800,168.4250,0.0000,945.0280,195.2060,136.3200,0.0000,0.0000,1508.2590
3295,1,2,1,61.3540,166.2340,0.0000,945.4890,194.5910,136.5170,0.0000,0.0000,1504.1850
3296,1,2,1,62.1480,166.3200,0.0000,943.3600,194.9230,136.1600,0.0000,0.0000,1502.9110
3297,1,2,1,60.8190,165.3040,0.0000,943.1940,193.4710,133.4590,0.0000,0.0000,1496.2470
3298,1,2,0,60.7320,167.7480,0.0000,956.2890,193.5880,133.9450,0.0000,0.0000,1512.3020
3299,1,2,1,62.3450,166.4000,0.0000,946.7020,200.8370,136.8370,0.0000,0.0000,1513.1210
3300,1,2,1,61.6310,166.2590,0.0000,946.5720,194.5910,134.3450,0.0000,0.0000,1503.3980
3301,1,2,1,62.5970,167.3660,0.0000,956.7700,195.7540,134.4490,0.0000,0.0000,1516.9360
3302,1,2,1,61.7110,166.1410,0.0000,945.3540,195.3170,136.1480,0.0000,0.0000,1504.6710
3303,1,2,1,62.0920,167.0090,0.0000,956.3200,192.7810,134.9230,0.0000,0.0000,1513.1250
3304,1,2,1,61.3910,165.8950,0.0000,943.1260,193.8400,137.0090,0.0000,0.0000,1501.2610
3305,1,2,1,61.4890,167.7050,0.0000,956.2580,203.4030,137.0950,0.0000,0.0000,1525.9500
3306,1,2,1,62.1240,168.3450,0.0000,943.6990,196.4180,136.4240,0.0000,0.0000,1507.0100
3307,1,2,1,62.2950,167.1570,0.0000,941.4950,194.4060,134.4800,0.0000,0.0000,1499.8330
3308,1,2,1,61.6620,167.8030,0.0000,957.0150,194.9660,135.0270,0.0000,0.0000,1516.4730
3309,0,2,0,61.4030,167.2500,0.0000,946.0860,194.2640,134.0740,0.0000,0.0000,1503.0770
3310,1,2,1,62.8370,164.9290,0.0000,955.7480,192.5660,136.4740,0.0000,0.0000,1512.5540
3311,1,2,1,61.2800,166.8060,0.0000,947.4090,205.3540,136.6340,0.0000,0.0000,1517.4830
3312,1,2,1,62.5600,169.1760,0.0000,956.8670,196.9350,137.2930,0.0000,0.0000,1522.8310
3313,1,2,1,63.6370,165.7780,0.0000,944.3200,195.7350,133.3480,0.0000,0.0000,1502.8180
3314,1,2,1,60.0370,167.9630,0.0000,956.0000,193.0090,133.6620,0.0000,0.0000,1510.6710
3315,1,2,1,61.9820,167.3360,0.0000,943.6310,197.0890,134.2530,0.0000,0.0000,1504.2910
3316,0,2,0,60.3080,165.3470,0.0000,954.9540,191.7970,133.6120,0.0000,0.0000,1506.0180
3317,1,2,1,61.1940,164.5040,0.0000,941.7230,231.4160,137.6490,0.0000,0.0000,1536.4860
3318,0,2,0,60.2580,168.7750,0.0000,945.8830,197.0220,135.4770,0.0000,0.0000,1507.4150
3319,1,2,1,62.3690,167.1810,0.0000,955.9200,196.5540,134.8190,0.0000,0.0000,1516.8430
3320,1,2,1,62.7020,164.3940,0.0000,940.9420,194.0920,137.7600,0.0000,0.0000,1499.8900
3321,1,2,1,61.1200,165.6120,0.0000,943.2370,193.8150,134.9040,0.0000,0.0000,1498.6880
3322,0,2,0,60.5300,166.3870,0.0000,955.1330,192.6890,134.9850,0.0000,0.0000,1509.7240
3323,1,2,1,62.5660,165.3720,0.0000,942.9540,193.6370,133.9200,0.0000,0.0000,1498.4490
3324,1,2,0,61.0710,226.4490,0.0000,944.9230,195.8890,137.4460,0.0000,0.0000,1565.7780
3325,1,2,1,61.3530,168.3750,0.0000,944.7880,195.1200,134.2460,0.0000,0.0000,1503.8820
3326,1,2,1,61.4280,167.4400,0.0000,942.3380,194.9910,134.7880,0.0000,0.0000,1500.9850
3327,1,2,1,59.0340,165.9760,0.0000,944.6890,193.4030,133.9140,0.0000,0.0000,1497.0160
3328,1,2,1,61.9450,165.7230,0.0000,944.7630,193.7110,134.9480,0.0000,0.0000,1501.0900
3329,1,2,1,61.2060,166.3450,0.0000,954.3260,195.2060,134.4800,0.0000,0.0000,1511.5630
3330,1,2,1,61.0700,165.8400,0.0000,946.5360,202.3200,135.6860,0.0000,0.0000,1511.4520
3331,1,2,1,63.0830,168.3630,0.0000,944.2520,196.1470,136.6580,0.0000,0.0000,1508.5030
3332,0,2,0,60.9480,165.7110,0.0000,942.5780,193.9570,133.0890,0.0000,0.0000,1496.2830
3333,1,2,1,62.2770,166.7070,0.0000,956.5790,194.6270,134.0190,0.0000,0.0000,1514.2090
3334,0,2,0,60.7810,166.6400,0.0000,941.8270,194.8610,136.0000,0.0000,0.0000,1500.1090
3335,0,2,0,61.5140,167.9260,0.0000,941.7660,195.2800,135.6310,0.0000,0.0000,1502.1170
3336,1,2,1,62.4560,163.8770,0.0000,944.3260,200.6890,138.6640,0.0000,0.0000,1510.0120
3337,1,2,1,61.9700,169.9750,0.0000,943.6430,196.0250,135.2430,0.0000,0.0000,1506.8560
3338,0,2,0,60.8000,167.3780,0.0000,943.2680,196.8430,134.2460,0.0000,0.0000,1502.5350
3339,1,2,1,60.9910,167.4830,0.0000,942.2400,195.0650,136.1970,0.0000,0.0000,1501.9760
3340,1,2,1,59.8280,165.1630,0.0000,954.5350,193.7050,134.8000,0.0000,0.0000,1508.0310
3341,1,2,1,60.8310,164.6950,0.0000,944.0370,193.4590,134.1230,0.0000,0.0000,1497.1450
3342,1,2,1,59.7780,166.0980,0.0000,962.1290,200.8430,140.1840,0.0000,0.0000,1529.0320
3343,1,2,1,63.6930,169.1760,0.0000,955.8400,197.9630,134.9110,0.0000,0.0000,1521.5830
3344,1,2,1,63.7170,165.0030,0.0000,942.8560,196.8370,134.5360,0.0000,0.0000,1502.9490
3345,1,2,1,61.8590,168.3080,0.0000,955.3420,195.4270,133.8150,0.0000,0.0000,1514.7510
3346,1,2,1,60.8920,165.8950,0.0000,944.3630,191.6120,133.5690,0.0000,0.0000,1496.3310
3347,1,2,1,61.5140,164.8490,0.0000,945.6740,193.1940,134.7450,0.0000,0.0000,1499.9760
3348,0,2,0,61.3720,164.4860,0.0000,956.6890,193.9450,189.8700,0.0000,0.0000,1566.3620
3349,1,2,1,63.6370,172.7080,0.0000,945.8590,198.3450,136.4060,0.0000,0.0000,1516.9550
3350,1,2,1,61.8710,166.7640,0.0000,948.5470,195.1570,136.1230,0.0000,0.0000,1508.4620
3351,1,2,1,60.4430,166.5160,0.0000,944.4240,193.7350,135.1820,0.0000,0.0000,1500.3000
3352,1,2,1,63.0950,166.2280,0.0000,943.4340,195.3480,134.4000,0.0000,0.0000,1502.5050
3353,0,2,0,61.5570,164.2830,0.0000,945.7110,193.4590,135.0700,0.0000,0.0000,1500.0800
3354,0,2,0,61.7040,164.9720,0.0000,956.2090,196.0310,133.9820,0.0000,0.0000,1512.8980
3355,1,2,1,60.8000,206.2150,0.0000,945.8890,198.5110,134.0120,0.0000,0.0000,1545.4270
3356,1,2,1,62.1970,169.0340,0.0000,944.1660,196.9850,134.3080,0.0000,0.0000,1506.6900
3357,0,2,0,61.5570,167.1320,0.0000,946.2100,195.8460,134.0740,0.0000,0.0000,1504.8190
3358,1,2,1,60.2340,164.6710,0.0000,946.3140,194.6520,133.3470,0.0000,0.0000,1499.2180
3359,1,2,1,62.2280,165.3170,0.0000,940.6700,193.6430,135.5690,0.0000,0.0000,1497.4270
3360,1,2,1,59.9320,166.1850,0.0000,956.3450,195.4590,133.2300,0.0000,0.0000,1511.1510
3361,0,2,0,60.6400,165.8710,0.0000,950.9420,203.4400,138.2650,0.0000,0.0000,1519.1580
3362,1,2,1,64.0550,167.2250,0.0000,947.0280,195.2740,135.5700,0.0000,0.0000,1509.1520
3363,1,2,1,61.0270,167.3160,0.0000,942.1910,195.3540,136.2900,0.0000,0.0000,1502.1780
3364,1,2,1,63.5630,166.0740,0.0000,943.3480,196.8120,134.6830,0.0000,0.0000,1504.4800
3365,0,2,0,61.2060,165.5080,0.0000,943.4890,193.5940,132.7010,0.0000,0.0000,1496.4980
3366,1,2,1,62.4180,166.3570,0.0000,942.5290,194.1410,135.9200,0.0000,0.0000,1501.3650
3367,1,2,0,63.0530,167.9940,0.0000,948.6460,234.3390,152.5600,0.0000,0.0000,1566.5920
3368,1,2,1,65.2740,181.5510,0.0000,952.1290,200.1850,139.9930,0.0000,0.0000,1539.1320
3369,1,2,1,63.5390,170.1600,0.0000,943.2920,199.5630,139.2610,0.0000,0.0000,1515.8150
3370,1,2,1,60.7570,171.4830,0.0000,945.4770,193.8400,136.2460,0.0000,0.0000,1507.8030
3371,1,2,1,62.1350,168.6400,0.0000,943.9940,196.5900,133.4210,0.0000,0.0000,1504.7800
3372,1,2,1,62.5540,166.4550,0.0000,957.6130,195.8770,133.6620,0.0000,0.0000,1516.1610
3373,1,2,1,60.3690,168.3450,0.0000,958.3320,214.0130,140.4620,0.0000,0.0000,1541.5210
3374,1,2,1,64.2030,171.3470,0.0000,943.8090,199.0700,136.7760,0.0000,0.0000,1515.2050
3375,1,2,1,62.7200,168.5170,0.0000,944.9970,196.5720,136.5600,0.0000,0.0000,1509.3660
3376,1,2,0,63.3780,166.4000,0.0000,942.0680,196.1600,136.2400,0.0000,0.0000,1504.2460
3377,1,2,1,60.2280,166.3880,0.0000,942.5110,194.5230,136.9350,0.0000,0.0000,1500.5850
3378,1,2,1,61.0400,166.8930,0.0000,942.7760,193.7050,134.9840,0.0000,0.0000,1499.3980
3379,1,2,1,61.4330,164.7690,0.0000,942.5050,235.8030,138.4430,0.0000,0.0000,1542.9530
3380,1,2,0,61.8770,170.3810,0.0000,945.6800,196.0300,136.7320,0.0000,0.0000,1510.7000
3381,1,2,1,61.4400,167.2180,0.0000,941.8220,195.1440,134.8310,0.0000,0.0000,1500.4550
3382,1,2,1,60.4310,166.7690,0.0000,957.0590,194.9790,134.3080,0.0000,0.0000,1513.5460
3383,1,2,1,62.0120,166.0550,0.0000,944.0490,195.5690,135.3160,0.0000,0.0000,1503.0010
3384,1,2,1,60.0990,165.2730,0.0000,941.9330,195.8460,134.5850,0.0000,0.0000,1497.7360
3385,1,2,1,60.9470,165.8950,0.0000,953.2070,193.0700,135.4340,0.0000,0.0000,1508.5530
3386,1,2,1,62.0060,210.1360,0.0000,943.8400,199.0830,137.0030,0.0000,0.0000,1552.0680
3387,1,2,1,61.9320,166.7320,0.0000,945.0960,196.5780,134.2400,0.0000,0.0000,1504.5780
3388,1,2,1,62.7760,165.3540,0.0000,940.5350,194.8120,135.1380,0.0000,0.0000,1498.6150
3389,1,2,1,61.7910,167.7470,0.0000,957.1570,194.5230,136.3810,0.0000,0.0000,1517.5990
3390,1,2,1,61.0210,166.8740,0.0000,956.1470,195.1870,135.2980,0.0000,0.0000,1514.5270
3391,1,2,1,61.3110,166.8800,0.0000,942.1230,194.3760,135.2120,0.0000,0.0000,1499.9020
3392,1,2,1,60.3390,162.8930,0.0000,943.7850,200.8240,140.1780,0.0000,0.0000,1508.0190
3393,1,2,1,61.5330,167.4710,0.0000,941.8530,194.5290,136.4000,0.0000,0.0000,1501.7860
3394,1,2,1,61.9940,166.5730,0.0000,957.2370,195.1200,135.8830,0.0000,0.0000,1516.8070
3395,1,2,0,63.3170,164.4560,0.0000,945.3360,191.9320,136.1600,0.0000,0.0000,1501.2010
3396,1,2,1,60.8070,165.1260,0.0000,956.8000,194.3750,135.8030,0.0000,0.0000,1512.9110
3397,1,2,1,61.1080,167.4530,0.0000,944.9290,195.1080,134.2400,0.0000,0.0000,1502.8380
3398,1,2,1,59.8830,166.4980,0.0000,949.3300,203.9930,136.9290,0.0000,0.0000,1516.6330
3399,1,2,1,61.0030,170.2710,0.0000,944.1970,197.2860,137.9390,0.0000,0.0000,1510.6960
3400,1,2,1,62.2650,167.3350,0.0000,944.7080,194.9480,136.5110,0.0000,0.0000,1505.7670
3401,1,2,1,61.2610,167.8400,0.0000,956.8740,193.8900,135.4210,0.0000,0.0000,1515.2860
3402,0,2,0,61.0090,163.3040,0.0000,953.8650,191.9140,135.6000,0.0000,0.0000,1505.6920
3403,1,2,1,62.1290,167.0890,0.0000,957.7480,193.6370,136.0550,0.0000,0.0000,1516.6580
3404,1,2,1,62.8430,166.2030,0.0000,950.8610,205.4330,138.3380,0.0000,0.0000,1523.6780
3405,0,2,0,61.1260,167.8160,0.0000,944.1970,196.0060,136.2650,0.0000,0.0000,1505.4100
3406,1,2,1,62.6520,167.1440,0.0000,958.0680,194.7810,136.0550,0.0000,0.0000,1518.7000
3407,1,2,1,61.1750,165.3660,0.0000,942.8680,192.4620,134.8000,0.0000,0.0000,1496.6710
3408,1,2,1,60.0130,165.9130,0.0000,956.7140,195.0470,134.8300,0.0000,0.0000,1512.5170
3409,1,2,1,62.5290,165.8950,0.0000,953.0640,193.8400,133.7970,0.0000,0.0000,1509.1250
3410,0,2,0,61.9390,168.5600,0.0000,955.1510,243.4340,140.2090,0.0000,0.0000,1569.2930
3411,1,2,1,61.2490,171.0040,0.0000,946.6950,198.9480,133.8090,0.0000,0.0000,1511.7050
3412,1,2,1,60.4550,167.5570,0.0000,942.2650,195.5880,136.0070,0.0000,0.0000,1501.8720
3413,1,2,1,62.9420,167.3230,0.0000,944.3440,194.5910,134.0990,0.0000,0.0000,1503.2990
3414,0,2,0,61.5570,166.8370,0.0000,946.3080,195.1750,132.2460,0.0000,0.0000,1502.1230
3415,1,2,1,62.0990,165.7110,0.0000,942.9290,193.9510,133.8830,0.0000,0.0000,1498.5730
3416,0,2,0,59.7360,164.9350,0.0000,945.5260,192.7440,134.7750,0.0000,0.0000,1497.7160
3417,1,2,1,61.9630,221.9450,0.0000,954.5910,210.4370,146.4670,0.0000,0.0000,1595.4030
3418,1,2,1,64.6950,169.9570,0.0000,949.9080,200.0180,138.3760,0.0000,0.0000,1522.9540
3419,1,2,1,62.2100,167.1070,0.0000,959.0330,194.9900,137.2870,0.0000,0.0000,1520.6270
3420,1,2,1,61.4270,167.3230,0.0000,943.8640,193.5070,136.9970,0.0000,0.0000,1503.1180
3421,1,2,1,61.7910,165.6370,0.0000,945.2980,193.1760,136.9350,0.0000,0.0000,1502.8370
3422,1,2,1,62.1790,165.6120,0.0000,942.4060,195.0030,136.6270,0.0000,0.0000,1501.8270
3423,0,2,1,60.8370,165.7540,0.0000,942.9660,206.6280,137.3420,0.0000,0.0000,1513.5270
3424,1,2,1,62.0860,168.2030,0.0000,944.4560,194.8060,135.2490,0.0000,0.0000,1504.8000
3425,1,2,1,63.0950,164.8800,0.0000,944.5230,195.9940,135.7780,0.0000,0.0000,1504.2700
3426,1,2,1,61.7360,164.4120,0.0000,943.6060,194.4240,134.3010,0.0000,0.0000,1498.4790
3427,0,2,0,61.1140,167.5020,0.0000,945.2060,193.8590,135.0090,0.0000,0.0000,1502.6900
3428,1,2,1,61.1080,163.1690,0.0000,943.2550,193.4150,133.0590,0.0000,0.0000,1494.0060
3429,1,2,1,61.4090,165.3720,0.0000,947.7420,204.1600,138.0250,0.0000,0.0000,1516.7080
3430,1,2,1,61.9450,165.7600,0.0000,957.6560,194.8740,135.9260,0.0000,0.0000,1516.1610
3431,0,2,0,62.4730,167.1070,0.0000,942.9900,194.0370,133.1330,0.0000,0.0000,1499.7400
3432,1,2,1,61.4100,167.7290,0.0000,956.5300,192.1730,136.2580,0.0000,0.0000,1514.1000
3433,1,2,1,61.8150,166.4060,0.0000,956.6830,194.8740,135.2000,0.0000,0.0000,1514.9780
3434,1,2,1,61.6920,165.1630,0.0000,944.2160,194.5360,135.4400,0.0000,0.0000,1501.0470
3435,1,2,1,60.6960,166.4800,0.0000,953.8280,207.3290,139.0650,0.0000,0.0000,1527.3980
3436,1,2,1,63.9630,169.6610,0.0000,948.6220,195.5130,136.9290,0.0000,0.0000,1514.6880
3437,1,2,1,64.9360,168.0430,0.0000,943.0340,195.1260,136.5360,0.0000,0.0000,1507.6750
3438,1,2,1,62.1790,166.3510,0.0000,943.4890,195.3350,134.9350,0.0000,0.0000,1502.2890
3439,1,2,1,62.1720,168.1170,0.0000,945.6490,196.2710,135.8460,0.0000,0.0000,1508.0550
3440,0,2,0,61.6000,168.7320,0.0000,943.0590,194.4800,134.4860,0.0000,0.0000,1502.3570
3441,1,2,1,61.5320,164.8000,0.0000,956.6710,242.6520,135.7360,0.0000,0.0000,1561.3910
3442,1,2,1,62.4920,169.7730,0.0000,946.1600,196.7820,134.4740,0.0000,0.0000,1509.6810
3443,1,2,1,61.3230,169.2250,0.0000,955.4150,195.3470,134.1850,0.0000,0.0000,1515.4950
0,0,3,0,66.5720,168.8500,0.0000,948.1850,198.6340,138.5480,0.0000,0.0000,1520.7890
1,1,3,1,61.8840,167.7420,0.0000,945.1260,194.1360,135.3540,0.0000,0.0000,1504.2420
2,1,3,1,60.6150,166.2770,0.0000,942.8680,195.6560,137.5820,0.0000,0.0000,1502.9980
3,1,3,0,62.3020,165.4960,0.0000,954.6520,195.5440,135.4840,0.0000,0.0000,1513.4780
4,1,3,1,68.2150,172.5410,0.0000,944.8560,198.0130,135.4590,0.0000,0.0000,1519.0840
5,1,3,1,61.2120,168.5100,0.0000,941.7900,193.6860,134.9480,0.0000,0.0000,1500.1460
6,1,3,1,60.6580,165.4650,0.0000,944.2530,192.7450,135.4280,0.0000,0.0000,1498.5490
7,1,3,1,60.6280,165.1010,0.0000,946.4680,192.5480,134.8300,0.0000,0.0000,1499.5750
8,1,3,1,61.1880,166.0070,0.0000,942.0370,194.9600,134.6460,0.0000,0.0000,1498.8380
9,1,3,1,61.0030,166.4740,0.0000,944.0620,192.6900,136.0800,0.0000,0.0000,1500.3090
10,1,3,1,62.1540,165.3720,0.0000,956.6150,201.9070,135.3970,0.0000,0.0000,1521.4450
11,1,3,1,62.9600,171.2060,0.0000,958.5850,194.8930,137.1010,0.0000,0.0000,1524.7450
12,1,3,1,60.3200,166.1350,0.0000,956.7570,196.0680,134.6890,0.0000,0.0000,1513.9690
13,1,3,1,61.6120,167.4890,0.0000,944.9720,194.2220,135.4650,0.0000,0.0000,1503.7600
14,1,3,1,60.1360,165.9140,0.0000,943.6430,193.7350,134.0180,0.0000,0.0000,1497.4460
15,1,3,1,62.1600,164.7010,0.0000,954.4920,194.3450,135.2430,0.0000,0.0000,1510.9410
16,1,3,1,61.7840,165.1870,0.0000,949.6610,201.7660,135.8580,0.0000,0.0000,1514.2560
17,1,3,1,62.6150,167.5870,0.0000,950.4120,195.8960,135.6000,0.0000,0.0000,1512.1100
18,1,3,1,61.6620,167.9940,0.0000,957.5880,194.2580,135.2490,0.0000,0.0000,1516.7510
19,1,3,1,60.1600,167.4830,0.0000,942.5470,195.3670,135.1750,0.0000,0.0000,1500.7320
20,1,3,1,61.4210,167.7910,0.0000,943.3910,195.3780,136.9790,0.0000,0.0000,1504.9600
21,1,3,1,60.5600,163.7850,0.0000,942.0980,193.2120,133.2240,0.0000,0.0000,1492.8790
22,1,3,1,60.1790,164.2830,0.0000,951.7910,224.8180,146.8180,0.0000,0.0000,1547.8890
23,1,3,1,65.5500,177.9260,0.0000,951.5880,201.3170,139.5330,0.0000,0.0000,1535.9140
24,1,3,1,64.3390,169.2740,0.0000,950.5290,197.0090,135.5870,0.0000,0.0000,1516.7380
25,1,3,1,61.5630,168.2280,0.0000,942.3750,195.8030,135.5200,0.0000,0.0000,1503.4890
26,1,3,1,63.0280,166.9050,0.0000,941.6860,193.4090,136.3380,0.0000,0.0000,1501.3660
27,0,3,0,61.1880,166.1600,0.0000,956.9540,196.1420,137.0100,0.0000,0.0000,1517.4540
28,1,3,1,60.9900,168.5420,0.0000,956.6460,275.7240,141.0100,0.0000,0.0000,1602.9120
29,1,3,1,63.3480,172.7570,0.0000,947.4460,196.0000,136.6280,0.0000,0.0000,1516.1790
30,1,3,1,61.2860,168.8980,0.0000,955.7660,195.2920,134.6280,0.0000,0.0000,1515.8700
31,1,3,1,61.6560,168.4180,0.0000,943.0830,197.1260,135.0160,0.0000,0.0000,1505.2990
32,1,3,1,60.0560,162.6830,0.0000,945.3300,193.3540,135.5390,0.0000,0.0000,1496.9620
33,1,3,1,61.2800,164.7940,0.0000,946.6210,191.8830,133.8090,0.0000,0.0000,1498.3870
34,0,3,0,63.6620,165.2990,0.0000,954.5420,192.6090,179.9200,0.0000,0.0000,1556.0320
35,1,3,1,65.0030,170.1050,0.0000,944.6090,197.8100,137.0340,0.0000,0.0000,1514.5610
36,0,3,0,63.1820,167.3540,0.0000,958.8680,193.6310,134.4490,0.0000,0.0000,1517.4840
37,1,3,1,62.2100,167.2060,0.0000,944.7630,195.5070,134.7390,0.0000,0.0000,1504.4250
38,1,3,1,61.0400,164.1300,0.0000,943.9200,190.7130,134.8560,0.0000,0.0000,1494.6590
39,1,3,1,60.1850,164.0430,0.0000,957.2560,195.8400,135.2490,0.0000,0.0000,1512.5730
40,0,3,0,60.6640,166.6580,0.0000,942.5730,193.0030,136.0620,0.0000,0.0000,1498.9600
41,1,3,1,62.5970,205.0710,0.0000,945.0030,199.7360,137.3780,0.0000,0.0000,1549.7850
42,1,3,1,64.4870,168.2220,0.0000,956.5850,195.9870,135.5880,0.0000,0.0000,1520.8690
43,0,3,0,61.3970,166.6340,0.0000,949.2800,195.7720,135.1330,0.0000,0.0000,1508.2160
44,1,3,1,62.0550,166.6280,0.0000,942.6890,194.9540,133.4890,0.0000,0.0000,1499.8150
45,1,3,1,62.0180,166.5900,0.0000,944.3320,194.3260,132.8310,0.0000,0.0000,1500.0970
46,1,3,1,61.0650,167.7160,0.0000,946.3700,195.2060,135.7350,0.0000,0.0000,1506.0920
47,1,3,1,61.0340,165.3040,0.0000,947.0890,201.8700,136.2460,0.0000,0.0000,1511.5430
48,1,3,1,60.8430,167.7230,0.0000,945.1510,196.5790,136.7260,0.0000,0.0000,1507.0220
49,1,3,1,63.0770,167.0150,0.0000,957.5440,194.3630,134.4370,0.0000,0.0000,1516.4360
50,1,3,1,63.2440,167.9810,0.0000,941.3410,192.8370,136.4430,0.0000,0.0000,1501.8460
51,1,3,1,61.8890,164.0430,0.0000,942.5900,191.2610,132.9600,0.0000,0.0000,1492.7430
52,1,3,1,61.4210,165.2000,0.0000,943.9570,193.4400,133.1010,0.0000,0.0000,1497.1190
53,1,3,1,61.6930,165.6620,0.0000,957.6070,206.2340,136.4730,0.0000,0.0000,1527.6690
54,1,3,1,62.0550,167.9570,0.0000,943.3970,196.0240,135.8220,0.0000,0.0000,1505.2550
55,1,3,1,61.4890,166.9170,0.0000,946.6890,195.9940,136.4740,0.0000,0.0000,1507.5630
56,1,3,1,61.9440,165.5880,0.0000,942.0060,194.6340,132.9480,0.0000,0.0000,1497.1200
57,0,3,0,63.0340,165.3290,0.0000,957.7290,192.5910,136.5350,0.0000,0.0000,1515.2180
58,1,3,1,63.6370,165.6430,0.0000,956.7200,195.4890,135.6000,0.0000,0.0000,1517.0890
59,1,3,1,61.7910,165.7840,0.0000,948.0860,243.1380,137.7170,0.0000,0.0000,1556.5160
60,1,3,1,62.4300,169.1690,0.0000,943.3290,194.3870,136.3510,0.0000,0.0000,1505.6660
61,0,3,0,60.9170,167.9390,0.0000,943.5330,195.0580,136.4000,0.0000,0.0000,1503.8470
62,1,3,1,62.3140,166.5290,0.0000,947.3970,193.7660,135.5510,0.0000,0.0000,1505.5570
63,0,3,0,61.4280,165.5080,0.0000,945.1010,194.6950,135.8280,0.0000,0.0000,1502.5600
64,1,3,1,62.5840,167.1390,0.0000,944.4490,192.4060,134.8370,0.0000,0.0000,1501.4150
65,0,3,0,60.1470,165.6860,0.0000,956.0990,195.0460,188.8370,0.0000,0.0000,1565.8150
66,1,3,1,67.1140,171.1690,0.0000,947.5320,196.2950,138.6580,0.0000,0.0000,1520.7680
67,0,3,0,63.1510,169.2920,0.0000,946.7870,193.7420,135.9750,0.0000,0.0000,1508.9470
68,1,3,1,60.4000,166.1290,0.0000,942.7020,195.1570,135.3470,0.0000,0.0000,1499.7350
69,1,3,1,60.3940,166.4430,0.0000,957.7790,196.4920,135.9140,0.0000,0.0000,1517.0220
70,1,3,1,61.5320,167.6990,0.0000,955.8270,192.7200,134.5790,0.0000,0.0000,1512.3570
71,1,3,1,61.8090,167.8770,0.0000,942.0060,194.5910,134.4560,0.0000,0.0000,1500.7390
72,1,3,1,62.8980,165.0210,0.0000,959.5380,199.6430,135.5810,0.0000,0.0000,1522.6810
73,1,3,0,61.0950,168.8130,0.0000,948.7690,194.4310,135.2740,0.0000,0.0000,1508.3820
74,1,3,1,61.8340,166.9970,0.0000,943.5690,193.0900,135.4900,0.0000,0.0000,1500.9800
75,1,3,1,61.3910,165.7350,0.0000,943.2800,194.2030,137.5940,0.0000,0.0000,1502.2030
76,0,3,0,61.1070,165.3790,0.0000,955.9140,194.8490,134.9720,0.0000,0.0000,1512.2210
77,1,3,1,60.8800,166.6330,0.0000,943.4340,193.9080,134.4490,0.0000,0.0000,1499.3040
78,1,3,1,61.1760,164.7070,0.0000,947.9200,200.4610,138.8980,0.0000,0.0000,1513.1620
79,1,3,1,63.1320,167.7410,0.0000,943.5870,197.1510,135.2800,0.0000,0.0000,1506.8910
80,0,3,0,61.6870,167.6870,0.0000,947.7720,195.1200,136.6840,0.0000,0.0000,1508.9500
81,0,3,0,62.2580,166.1230,0.0000,943.3910,194.6030,132.9160,0.0000,0.0000,1499.2910
82,1,3,1,61.6370,168.8120,0.0000,944.7200,198.2520,134.4680,0.0000,0.0000,1507.8890
83,1,3,1,61.2730,163.6120,0.0000,958.8430,194.4990,134.6340,0.0000,0.0000,1512.8610
84,1,3,1,62.3810,165.1450,0.0000,954.3500,201.2800,139.1260,0.0000,0.0000,1522.2820
85,1,3,1,61.6740,169.7790,0.0000,945.5510,197.1380,134.1850,0.0000,0.0000,1508.3270
86,0,3,1,60.9470,168.1350,0.0000,944.4430,194.2950,134.4310,0.0000,0.0000,1502.2510
87,1,3,1,62.0740,166.2590,0.0000,941.3840,195.4030,135.2670,0.0000,0.0000,1500.3870
88,1,3,0,62.1290,165.1760,0.0000,942.7510,194.2160,134.4930,0.0000,0.0000,1498.7650
89,1,3,1,62.1910,168.0060,0.0000,941.8280,193.6980,131.9820,0.0000,0.0000,1497.7050
90,1,3,1,62.2090,165.2490,0.0000,943.7790,248.4430,137.7290,0.0000,0.0000,1557.4090
91,1,3,0,61.7790,169.6670,0.0000,943.4770,195.5880,137.1080,0.0000,0.0000,1507.6190
92,1,3,1,63.8340,167.6920,0.0000,944.0550,193.8280,135.8460,0.0000,0.0000,1505.2550
93,1,3,1,59.8030,168.1910,0.0000,944.6460,194.4060,136.5540,0.0000,0.0000,1503.6000
94,1,3,1,62.3080,164.5660,0.0000,944.0740,191.3720,134.7450,0.0000,0.0000,1497.0650
95,1,3,1,61.2180,164.2650,0.0000,956.5350,192.0930,134.6580,0.0000,0.0000,1508.7690
96,1,3,1,61.9020,166.0430,0.0000,940.7570,194.0680,134.4130,0.0000,0.0000,1497.1830
97,1,3,1,101.3970,171.5940,0.0000,958.5790,194.9910,135.9080,0.0000,0.0000,1562.4690
98,1,3,1,61.8950,168.4120,0.0000,944.8680,193.1760,134.1230,0.0000,0.0000,1502.4740
99,1,3,1,61.4400,167.0030,0.0000,944.2770,193.9440,133.8580,0.0000,0.0000,1500.5220
100,1,3,1,63.5630,164.7020,0.0000,941.8580,193.3040,133.2500,0.0000,0.0000,1496.6770
101,1,3,1,61.9330,166.4680,0.0000,944.4060,196.0370,133.6670,0.0000,0.0000,1502.5110
102,1,3,1,62.4120,167.0280,0.0000,944.7940,194.8000,134.0800,0.0000,0.0000,1503.1140
103,1,3,1,62.6150,166.3130,0.0000,957.1380,205.1270,138.5720,0.0000,0.0000,1529.7650
104,1,3,0,63.1450,167.1880,0.0000,944.0800,194.3940,136.3260,0.0000,0.0000,1505.1330
105,1,3,1,61.9690,167.9630,0.0000,942.3500,194.3690,134.4800,0.0000,0.0000,1501.1310
106,1,3,0,62.2220,166.8990,0.0000,956.4740,195.5390,135.0280,0.0000,0.0000,1516.1620
107,1,3,0,68.6830,176.8930,0.0000,949.5010,202.0250,142.4250,0.0000,0.0000,1539.5270
108,1,3,1,62.9110,169.2560,0.0000,957.7050,195.9020,137.3600,0.0000,0.0000,1523.1340
109,1,3,1,62.0300,166.8980,0.0000,950.4000,201.9080,137.4770,0.0000,0.0000,1518.7130
110,0,3,0,63.4150,170.1350,0.0000,945.2980,195.8470,137.6060,0.0000,0.0000,1512.3010
111,1,3,1,63.1260,165.2860,0.0000,956.9840,196.0000,134.1600,0.0000,0.0000,1515.5560
112,1,3,1,61.9870,166.1170,0.0000,942.5050,196.5050,135.1320,0.0000,0.0000,1502.2460
113,1,3,1,62.5790,165.9880,0.0000,956.5360,193.8830,135.0340,0.0000,0.0000,1514.0200
114,1,3,1,60.8550,164.7820,0.0000,944.8620,194.1170,135.5390,0.0000,0.0000,1500.1550
115,1,3,1,61.8830,166.6640,0.0000,948.2280,203.1880,136.9420,0.0000,0.0000,1516.9050
116,1,3,1,62.2890,168.3010,0.0000,942.4310,195.5880,134.4240,0.0000,0.0000,1503.0330
117,0,3,0,60.9910,166.7500,0.0000,941.7040,195.9510,136.4310,0.0000,0.0000,1501.8270
118,1,3,1,61.2610,166.3260,0.0000,945.5940,191.8950,133.3910,0.0000,0.0000,1498.4670
119,1,3,1,62.7820,166.3510,0.0000,943.2730,192.5050,134.1290,0.0000,0.0000,1499.0400
120,1,3,1,62.4490,165.9570,0.0000,942.7320,194.7820,135.9200,0.0000,0.0000,1501.8400
121,1,3,1,60.2030,166.8490,0.0000,954.0920,232.9420,137.4650,0.0000,0.0000,1551.5510
122,1,3,1,61.9820,168.7140,0.0000,944.2830,194.0430,136.5420,0.0000,0.0000,1505.5640
123,1,3,1,61.6310,169.4900,0.0000,957.8090,195.4100,136.0920,0.0000,0.0000,1520.4320
124,0,3,0,63.1570,166.0000,0.0000,941.1810,192.7440,135.9390,0.0000,0.0000,1499.0210
125,1,3,1,61.8270,166.9850,0.0000,945.4520,193.8890,136.1600,0.0000,0.0000,1504.3130
126,1,3,1,62.6090,166.3760,0.0000,958.9910,195.7420,135.9630,0.0000,0.0000,1519.6810
127,1,3,1,61.5450,167.3600,0.0000,944.0620,193.1630,136.8250,0.0000,0.0000,1502.9550
128,1,3,1,67.5630,169.5630,0.0000,944.1970,196.0740,136.4800,0.0000,0.0000,1513.8770
129,0,3,1,61.4770,168.6030,0.0000,941.8210,195.5690,136.3390,0.0000,0.0000,1503.8090
130,0,3,0,62.0740,166.4000,0.0000,943.2560,193.6560,133.1810,0.0000,0.0000,1498.5670
131,1,3,1,62.7390,165.7110,0.0000,942.2390,193.0900,136.0000,0.0000,0.0000,1499.7790
132,1,3,1,62.5600,163.6130,0.0000,944.3070,193.6680,133.4400,0.0000,0.0000,1497.5880
133,1,3,1,62.9100,167.4400,0.0000,942.8250,193.3290,134.5790,0.0000,0.0000,1501.0830
134,0,3,0,62.4300,166.8310,0.0000,951.2180,202.7930,137.4270,0.0000,0.0000,1520.6990
135,1,3,1,62.7570,167.8100,0.0000,947.4530,194.3510,135.9630,0.0000,0.0000,1508.3340
136,1,3,1,63.0270,167.2740,0.0000,945.7900,196.0430,134.4060,0.0000,0.0000,1506.5400
137,1,3,1,62.7320,165.1010,0.0000,943.7230,193.4650,135.6120,0.0000,0.0000,1500.6330
138,0,3,0,61.4340,167.3970,0.0000,956.8620,192.5900,135.0160,0.0000,0.0000,1513.2990
139,1,3,1,61.3410,164.0370,0.0000,941.6190,195.0830,136.4430,0.0000,0.0000,1498.5230
140,0,3,0,62.3760,166.0370,0.0000,949.3960,206.5420,138.0870,0.0000,0.0000,1522.4380
141,1,3,1,60.2460,169.1080,0.0000,946.7760,197.3730,135.2000,0.0000,0.0000,1508.7030
142,1,3,1,60.8000,164.9720,0.0000,956.3630,193.8700,136.8000,0.0000,0.0000,1512.8050
143,1,3,1,59.7910,166.4800,0.0000,945.6430,194.3140,136.1170,0.0000,0.0000,1502.3450
144,1,3,1,63.5880,164.0430,0.0000,943.2550,194.8370,134.3810,0.0000,0.0000,1500.1040
145,1,3,1,60.0860,163.6680,0.0000,943.3050,191.7660,134.2580,0.0000,0.0000,1493.0830
146,1,3,1,61.5630,165.9820,0.0000,946.3450,201.8770,137.6990,0.0000,0.0000,1513.4660
147,1,3,1,62.1720,169.6130,0.0000,942.0430,195.7600,135.6300,0.0000,0.0000,1505.2180
148,1,3,1,60.7940,165.9880,0.0000,944.4740,193.4150,134.4620,0.0000,0.0000,1499.1330
149,1,3,1,62.0430,166.0430,0.0000,942.9720,194.0000,134.6830,0.0000,0.0000,1499.7410
150,1,3,1,60.9720,166.1100,0.0000,943.4340,193.7110,135.7040,0.0000,0.0000,1499.9310
151,1,3,1,62.4370,163.7900,0.0000,942.5110,193.6250,134.9470,0.0000,0.0000,1497.3100
152,1,3,1,59.8580,166.0060,0.0000,942.4250,193.2120,146.6400,0.0000,0.0000,1508.1410
153,1,3,1,62.3140,172.0000,0.0000,943.7600,197.2860,137.9140,0.0000,0.0000,1513.2740
154,1,3,1,61.8220,164.7450,0.0000,943.1510,193.9140,137.0530,0.0000,0.0000,1500.6850
155,1,3,1,62.9600,164.5480,0.0000,958.3810,195.2560,134.2270,0.0000,0.0000,1515.3720
156,1,3,1,62.2650,166.3570,0.0000,943.4280,192.3200,135.8950,0.0000,0.0000,1500.2650
157,1,3,1,61.8400,164.5290,0.0000,944.8180,196.0300,135.2180,0.0000,0.0000,1502.4350
158,0,3,0,60.9910,167.3850,0.0000,943.6070,195.0520,135.1500,0.0000,0.0000,1502.1850
159,1,3,1,61.6430,207.1570,0.0000,944.7270,199.0520,136.8000,0.0000,0.0000,1549.3790
160,1,3,1,63.4400,167.1140,0.0000,944.5050,194.9100,134.0190,0.0000,0.0000,1503.9880
161,1,3,1,61.2800,166.8730,0.0000,942.2460,194.1850,136.3570,0.0000,0.0000,1500.9410
162,1,3,1,62.5230,166.2150,0.0000,943.8210,194.3700,133.5390,0.0000,0.0000,1500.4680
163,1,3,1,62.5660,167.6430,0.0000,943.4340,194.9170,135.8530,0.0000,0.0000,1504.4130
164,0,3,0,62.4800,165.7410,0.0000,943.1700,193.2430,135.5450,0.0000,0.0000,1500.1790
165,0,3,0,61.0650,166.9600,0.0000,948.5410,202.3140,138.5900,0.0000,0.0000,1517.4700
166,1,3,1,61.1390,167.1630,0.0000,948.8070,196.6650,135.1880,0.0000,0.0000,1508.9620
167,0,3,0,61.9930,167.4950,0.0000,945.1570,192.9350,136.6040,0.0000,0.0000,1504.1840
168,1,3,1,62.4990,167.4710,0.0000,956.5470,193.3040,136.2530,0.0000,0.0000,1516.0740
169,0,3,0,61.8640,165.8220,0.0000,945.2800,193.9200,136.1110,0.0000,0.0000,1502.9970
170,0,3,1,60.2460,167.1140,0.0000,941.0650,194.9230,134.7750,0.0000,0.0000,1498.1230
171,1,3,1,62.7330,165.7360,0.0000,945.6120,201.7050,139.2920,0.0000,0.0000,1515.0780
172,1,3,1,64.3750,170.2650,0.0000,946.3020,196.6520,135.3050,0.0000,0.0000,1512.8990
173,1,3,1,61.9200,166.3570,0.0000,945.9570,194.4870,135.2240,0.0000,0.0000,1503.9450
174,1,3,1,60.9790,165.9750,0.0000,954.6090,194.0800,133.8520,0.0000,0.0000,1509.4950
175,1,3,1,62.0920,167.3300,0.0000,946.5040,196.0000,136.4680,0.0000,0.0000,1508.3940
176,0,3,0,62.8620,166.8310,0.0000,956.9290,193.9200,135.0520,0.0000,0.0000,1515.5940
177,1,3,1,61.4340,166.7320,0.0000,975.5930,206.6270,140.0980,0.0000,0.0000,1550.4840
178,1,3,1,62.8300,169.2490,0.0000,948.8980,194.3940,136.7260,0.0000,0.0000,1512.0970
179,1,3,1,61.6190,166.3510,0.0000,943.4950,196.1100,135.5320,0.0000,0.0000,1503.1070
180,1,3,1,60.6640,164.8370,0.0000,942.1840,193.2550,135.8280,0.0000,0.0000,1496.7680
181,1,3,1,62.1110,165.5260,0.0000,943.0950,195.5810,134.3080,0.0000,0.0000,1500.6210
182,1,3,1,60.6710,164.2710,0.0000,957.4030,192.4240,134.3630,0.0000,0.0000,1509.1320
183,1,3,1,61.3540,167.6800,0.0000,942.4930,193.7780,177.4460,0.0000,0.0000,1542.7510
184,1,3,1,64.4310,169.9260,0.0000,942.7270,197.1140,135.8650,0.0000,0.0000,1510.0630
185,1,3,1,61.2930,166.7640,0.0000,958.9110,194.0620,135.3360,0.0000,0.0000,1516.3660
186,1,3,1,63.2920,165.1080,0.0000,941.3110,194.2030,135.3480,0.0000,0.0000,1499.2620
187,0,3,1,62.9350,163.9510,0.0000,943.0830,193.4590,134.2460,0.0000,0.0000,1497.6740
188,1,3,1,60.7690,166.3760,0.0000,943.8400,195.2610,133.8710,0.0000,0.0000,1500.1170
189,1,3,1,62.4490,166.1970,0.0000,945.7480,194.2830,135.3900,0.0000,0.0000,1504.0670
190,0,3,0,61.6180,204.0670,0.0000,958.1540,198.7750,136.6520,0.0000,0.0000,1559.2660
191,1,3,1,62.1530,166.4000,0.0000,944.9420,193.6620,134.6460,0.0000,0.0000,1501.8030
192,1,3,1,60.0370,165.8460,0.0000,944.8920,194.4740,133.7050,0.0000,0.0000,1498.9540
193,1,3,1,60.5720,166.0920,0.0000,942.5050,193.7790,132.6650,0.0000,0.0000,1495.6130
194,1,3,1,61.3970,166.1350,0.0000,944.4800,195.5810,135.8950,0.0000,0.0000,1503.4880
195,1,3,1,62.5300,166.0300,0.0000,946.3140,194.2950,133.5560,0.0000,0.0000,1502.7250
196,0,3,0,60.6960,166.4250,0.0000,947.7600,200.6650,136.3320,0.0000,0.0000,1511.8780
197,1,3,1,63.0640,165.0950,0.0000,944.9910,194.9170,135.7110,0.0000,0.0000,1503.7780
198,1,3,1,63.3900,167.4530,0.0000,943.7360,193.8890,136.7510,0.0000,0.0000,1505.2190
199,1,3,1,61.7230,165.8520,0.0000,956.4930,195.6550,134.8180,0.0000,0.0000,1514.5410
200,0,3,0,60.8800,168.3260,0.0000,956.4370,194.4740,134.0500,0.0000,0.0000,1514.1670
201,1,3,1,61.5820,165.4280,0.0000,957.2860,193.9260,134.9050,0.0000,0.0000,1513.1270
202,1,3,1,61.9260,167.0330,0.0000,949.2370,204.7750,138.2460,0.0000,0.0000,1521.2170
203,1,3,1,61.4220,169.9080,0.0000,943.5380,195.8400,136.5100,0.0000,0.0000,1507.2180
204,1,3,1,61.5020,167.7960,0.0000,943.9820,198.5290,134.2460,0.0000,0.0000,1506.0550
205,1,3,1,61.4830,168.3510,0.0000,945.4890,194.8310,135.0280,0.0000,0.0000,1505.1820
206,1,3,1,61.1880,166.1410,0.0000,956.3510,194.1780,135.3970,0.0000,0.0000,1513.2550
207,1,3,1,60.9850,163.7540,0.0000,943.6620,193.7290,133.5320,0.0000,0.0000,1495.6620
208,1,3,1,62.1900,166.6770,0.0000,944.5660,239.2740,134.1910,0.0000,0.0000,1546.8980
209,0,3,0,63.4710,168.3570,0.0000,943.0650,196.7510,133.7290,0.0000,0.0000,1505.3730
210,1,3,1,61.9390,166.6960,0.0000,942.6580,193.7170,135.0710,0.0000,0.0000,1500.0810
211,1,3,1,61.0030,167.7850,0.0000,943.2120,194.9480,134.2090,0.0000,0.0000,1501.1570
212,1,3,1,60.1840,165.8710,0.0000,943.7850,195.8950,134.7440,0.0000,0.0000,1500.4790
213,0,3,0,62.0920,166.2280,0.0000,945.4280,194.2220,133.7780,0.0000,0.0000,1501.7480
214,1,3,1,60.7750,166.2770,0.0000,944.7080,194.2890,133.5630,0.0000,0.0000,1499.6120
215,0,3,0,71.2060,174.3510,0.0000,947.2370,201.3790,138.7320,0.0000,0.0000,1532.9050
216,1,3,1,61.4330,168.3260,0.0000,943.7110,196.6030,135.4710,0.0000,0.0000,1505.5440
217,1,3,1,61.4580,168.3760,0.0000,956.1170,194.5780,135.3360,0.0000,0.0000,1515.8650
218,0,3,0,63.6370,165.1880,0.0000,944.0930,195.2730,135.4520,0.0000,0.0000,1503.6430
219,1,3,1,62.7940,166.2830,0.0000,944.1910,194.2700,136.9110,0.0000,0.0000,1504.4490
220,1,3,1,61.3540,166.4060,0.0000,943.8280,194.1480,133.4460,0.0000,0.0000,1499.1820
221,1,3,1,61.9010,166.0740,0.0000,1164.5480,220.6400,142.6650,0.0000,0.0000,1755.8280
222,1,3,1,65.8960,170.4370,0.0000,946.1850,197.7170,136.6030,0.0000,0.0000,1516.8380
223,1,3,1,62.2650,170.0800,0.0000,945.3970,197.3850,138.1720,0.0000,0.0000,1513.2990
224,0,3,0,60.8430,167.5270,0.0000,942.6950,195.8650,138.6470,0.0000,0.0000,1505.5770
225,1,3,1,62.4490,169.1880,0.0000,943.6240,193.9080,137.1200,0.0000,0.0000,1506.2890
226,0,3,0,63.3110,166.0310,0.0000,943.1320,194.2150,134.4370,0.0000,0.0000,1501.1260
227,1,3,1,61.4210,167.0160,0.0000,950.0190,200.9480,137.0340,0.0000,0.0000,1516.4380
228,1,3,1,61.7360,165.3910,0.0000,943.5700,195.0890,135.1570,0.0000,0.0000,1500.9430
229,1,3,1,61.0030,164.6650,0.0000,946.6830,196.4680,136.4240,0.0000,0.0000,1505.2430
230,1,3,1,61.9880,162.7570,0.0000,940.4620,193.1260,136.4310,0.0000,0.0000,1494.7640
231,1,3,1,60.1540,165.4770,0.0000,955.6920,192.9290,133.7470,0.0000,0.0000,1507.9990
232,1,3,1,62.0680,165.4830,0.0000,957.2920,193.0090,134.6520,0.0000,0.0000,1512.5040
233,1,3,1,62.3560,166.3270,0.0000,946.4800,202.1910,138.3880,0.0000,0.0000,1515.7420
234,1,3,0,61.8030,166.5420,0.0000,943.8590,197.5940,136.6760,0.0000,0.0000,1506.4740
235,1,3,1,59.8830,164.6460,0.0000,943.4830,192.6900,135.0530,0.0000,0.0000,1495.7550
236,1,3,1,60.3640,167.6310,0.0000,944.7510,195.1570,135.6370,0.0000,0.0000,1503.5400
237,1,3,1,61.1140,167.9200,0.0000,946.2030,194.0000,133.7040,0.0000,0.0000,1502.9410
238,1,3,1,62.4610,165.7110,0.0000,955.9880,192.6710,134.8490,0.0000,0.0000,1511.6800
239,1,3,1,62.3820,166.0490,0.0000,954.2340,200.0800,136.7260,0.0000,0.0000,1519.4710
240,1,3,1,62.3390,166.9470,0.0000,946.8250,196.2530,137.1140,0.0000,0.0000,1509.4780
241,1,3,1,61.3780,167.9010,0.0000,958.0800,195.1750,135.5010,0.0000,0.0000,1518.0350
242,1,3,1,64.5910,165.2550,0.0000,957.1440,194.3380,135.2860,0.0000,0.0000,1516.6140
243,1,3,1,62.2100,166.3570,0.0000,941.7670,195.8530,133.3970,0.0000,0.0000,1499.5840
244,1,3,1,59.4830,165.2250,0.0000,943.5880,196.3690,134.3510,0.0000,0.0000,1499.0160
245,1,3,1,60.9660,167.3290,0.0000,943.3910,195.1750,178.2590,0.0000,0.0000,1545.1200
246,1,3,1,62.6150,169.5020,0.0000,945.4580,195.6120,136.2210,0.0000,0.0000,1509.4080
247,0,3,0,62.6460,166.5420,0.0000,942.9540,196.2840,136.0070,0.0000,0.0000,1504.4330
248,1,3,1,61.6180,163.9940,0.0000,941.2860,194.3010,133.2190,0.0000,0.0000,1494.4180
249,1,3,1,61.4340,165.0400,0.0000,944.8060,194.9230,135.0400,0.0000,0.0000,1501.2430
250,1,3,1,61.7900,167.4340,0.0000,954.7020,194.1170,133.1320,0.0000,0.0000,1511.1750
251,1,3,1,61.2370,165.2610,0.0000,945.1130,194.8130,134.3020,0.0000,0.0000,1500.7260
252,1,3,1,60.4000,226.3690,0.0000,957.9080,201.2250,137.4770,0.0000,0.0000,1583.3790
253,1,3,1,63.7170,169.7530,0.0000,943.3970,195.0650,135.4950,0.0000,0.0000,1507.4270
254,1,3,1,62.5540,167.2980,0.0000,945.1440,194.7200,134.6460,0.0000,0.0000,1504.3620
255,1,3,1,62.2220,165.3050,0.0000,941.6300,195.1760,133.0950,0.0000,0.0000,1497.4280
256,1,3,1,61.5200,166.6830,0.0000,954.7690,195.7540,135.0770,0.0000,0.0000,1513.8030
257,1,3,1,62.1790,165.0220,0.0000,957.6370,193.8520,135.7840,0.0000,0.0000,1514.4740
258,1,3,1,62.3500,167.4030,0.0000,945.6000,200.8180,137.8830,0.0000,0.0000,1514.0540
259,0,3,0,62.8000,168.3630,0.0000,943.2190,193.9870,136.6340,0.0000,0.0000,1505.0030
260,0,3,0,60.4250,165.7110,0.0000,946.4550,195.1140,136.5720,0.0000,0.0000,1504.2770
261,1,3,1,61.9070,166.4860,0.0000,942.9300,196.0800,136.0370,0.0000,0.0000,1503.4400
262,1,3,1,62.0060,168.4620,0.0000,941.6670,194.3320,135.0640,0.0000,0.0000,1501.5310
263,1,3,1,60.9540,166.8060,0.0000,941.8770,196.3930,133.5940,0.0000,0.0000,1499.6240
264,1,3,1,62.8430,167.5450,0.0000,945.9140,200.8120,137.3360,0.0000,0.0000,1514.4500
265,1,3,1,62.7570,169.9880,0.0000,947.6120,195.7110,135.8030,0.0000,0.0000,1511.8710
266,1,3,1,61.5570,165.0090,0.0000,954.4060,193.6250,134.5350,0.0000,0.0000,1509.1320
267,1,3,1,60.3880,166.4130,0.0000,945.8030,194.0060,135.4580,0.0000,0.0000,1502.0680
268,1,3,1,60.7260,165.1070,0.0000,946.1720,192.3510,134.1850,0.0000,0.0000,1498.5410
269,1,3,1,62.3330,166.1970,0.0000,943.3850,195.4580,133.6310,0.0000,0.0000,1501.0040
270,1,3,1,63.9760,165.6120,0.0000,981.8470,205.4030,138.5360,0.0000,0.0000,1555.3740
271,1,3,1,62.4980,168.3440,0.0000,956.6400,195.3100,136.3630,0.0000,0.0000,1519.1550
272,1,3,1,61.0520,166.1910,0.0000,949.4960,195.3840,135.3780,0.0000,0.0000,1507.5010
273,1,3,1,63.8460,164.9350,0.0000,946.5290,194.1110,136.5600,0.0000,0.0000,1505.9810
274,1,3,1,61.8280,165.7910,0.0000,944.0060,195.4770,138.1040,0.0000,0.0000,1505.2060
275,0,3,0,61.6800,165.5320,0.0000,945.3970,196.3200,134.9160,0.0000,0.0000,1503.8450
276,1,3,1,62.7390,164.6890,0.0000,943.3960,196.9600,186.2090,0.0000,0.0000,1553.9930
277,1,3,1,61.9570,172.1480,0.0000,942.8930,197.8400,135.0950,0.0000,0.0000,1509.9330
278,0,3,0,60.9670,165.9200,0.0000,941.4040,194.8500,134.6030,0.0000,0.0000,1497.7440
279,1,3,1,62.0430,167.3790,0.0000,957.4030,193.4520,133.7780,0.0000,0.0000,1514.0550
280,1,3,0,60.8190,165.1270,0.0000,945.8700,194.8860,133.7970,0.0000,0.0000,1500.4990
281,1,3,1,59.7100,165.7350,0.0000,947.2740,194.4490,133.8640,0.0000,0.0000,1501.0320
282,1,3,1,62.0680,167.5820,0.0000,944.9540,195.3720,135.0590,0.0000,0.0000,1505.0350
283,1,3,1,59.6370,207.0340,0.0000,944.5840,201.3110,137.4460,0.0000,0.0000,1550.0120
284,1,3,1,62.5300,164.8130,0.0000,942.5660,196.6460,134.5410,0.0000,0.0000,1501.0960
285,1,3,1,62.0130,165.3840,0.0000,941.7230,194.5970,134.5910,0.0000,0.0000,1498.3080
286,1,3,1,61.5140,165.1940,0.0000,942.7820,194.2340,133.2490,0.0000,0.0000,1496.9730
287,1,3,1,62.2650,165.6120,0.0000,945.2800,193.9510,132.4070,0.0000,0.0000,1499.5150
288,0,3,0,62.5300,164.7140,0.0000,945.8210,195.2060,134.1420,0.0000,0.0000,1502.4130
289,1,3,1,61.8270,165.9200,0.0000,943.9200,203.4460,136.1780,0.0000,0.0000,1511.2910
290,1,3,1,61.7780,168.0490,0.0000,958.6220,196.0000,136.7140,0.0000,0.0000,1521.1630
291,1,3,1,62.6640,165.2370,0.0000,941.0030,194.0730,135.5570,0.0000,0.0000,1498.5340
292,1,3,1,63.3470,165.1630,0.0000,942.2520,194.7020,135.9820,0.0000,0.0000,1501.4460
293,1,3,1,69.5200,175.9630,0.0000,959.7660,197.4400,142.2090,0.0000,0.0000,1544.8980
294,1,3,1,63.5750,168.1470,0.0000,944.2710,196.7080,137.4270,0.0000,0.0000,1510.1280
295,1,3,1,62.1780,167.3110,0.0000,951.1380,200.8620,142.0860,0.0000,0.0000,1523.5750
296,1,3,1,61.0460,168.8920,0.0000,957.9140,196.0190,137.3530,0.0000,0.0000,1521.2240
297,1,3,1,63.0210,163.8890,0.0000,958.0860,192.1410,135.6240,0.0000,0.0000,1512.7610
298,1,3,1,61.4030,165.9750,0.0000,943.7170,194.9290,135.0650,0.0000,0.0000,1501.0890
299,0,3,0,61.6740,164.8240,0.0000,943.0270,194.5420,135.6610,0.0000,0.0000,1499.7280
300,1,3,1,62.1360,165.8340,0.0000,941.1570,192.1600,134.0250,0.0000,0.0000,1495.3120
301,1,3,1,61.1750,167.7540,0.0000,946.7260,201.2190,139.4950,0.0000,0.0000,1516.3690
302,1,3,1,61.0400,168.9350,0.0000,943.1810,194.7570,135.9500,0.0000,0.0000,1503.8630
303,1,3,1,62.8000,166.7810,0.0000,944.1050,194.2950,134.3630,0.0000,0.0000,1502.3440
304,1,3,1,61.0580,166.0190,0.0000,955.6430,194.1420,133.8770,0.0000,0.0000,1510.7390
305,1,3,1,61.7230,165.3410,0.0000,943.4530,195.1260,132.5540,0.0000,0.0000,1498.1970
306,1,3,1,60.6830,165.6250,0.0000,943.1440,194.3940,132.2280,0.0000,0.0000,1496.0740
307,1,3,1,62.1100,164.3630,0.0000,943.5440,197.9070,177.6370,0.0000,0.0000,1545.5610
308,1,3,1,64.1600,171.8030,0.0000,943.1330,197.3050,138.6770,0.0000,0.0000,1515.0780
309,1,3,1,60.9350,167.0220,0.0000,941.4830,194.8180,136.5050,0.0000,0.0000,1500.7630
310,1,3,0,62.5290,166.4740,0.0000,941.2740,197.0470,136.4310,0.0000,0.0000,1503.7550
311,1,3,1,62.5290,164.3140,0.0000,942.9720,194.2580,134.9790,0.0000,0.0000,1499.0520
312,1,3,1,62.5110,166.4610,0.0000,944.2770,194.0740,137.2920,0.0000,0.0000,1504.6150
313,1,3,1,62.5910,165.2130,0.0000,944.3140,193.6250,135.7110,0.0000,0.0000,1501.4540
314,1,3,1,64.6710,204.0920,0.0000,957.1630,201.7910,135.5940,0.0000,0.0000,1563.3110
315,1,3,1,61.5200,168.0190,0.0000,941.7170,194.9110,136.4680,0.0000,0.0000,1502.6350
316,1,3,1,61.8530,165.6800,0.0000,942.9350,192.3200,136.3510,0.0000,0.0000,1499.1390
317,1,3,0,61.1930,164.7260,0.0000,957.1020,195.3110,134.1170,0.0000,0.0000,1512.4490
318,1,3,1,61.9940,165.3350,0.0000,941.3480,193.4900,135.3040,0.0000,0.0000,1497.4710
319,0,3,0,61.6740,164.3690,0.0000,943.3410,195.3350,134.7750,0.0000,0.0000,1499.4940
320,1,3,1,61.1330,166.7750,0.0000,946.1350,224.8000,147.7540,0.0000,0.0000,1546.5970
321,1,3,1,65.5630,173.7350,0.0000,958.8740,201.9260,135.1070,0.0000,0.0000,1535.2050
322,1,3,1,63.0590,168.8550,0.0000,942.4550,195.9020,136.4870,0.0000,0.0000,1506.7580
323,1,3,1,60.9540,166.6520,0.0000,947.1450,196.7140,136.2280,0.0000,0.0000,1507.6930
324,1,3,1,59.4400,166.2650,0.0000,958.1470,193.8530,133.8890,0.0000,0.0000,1511.5940
325,1,3,1,61.6670,166.0300,0.0000,955.2550,195.5070,136.4190,0.0000,0.0000,1514.8780
326,1,3,1,63.6730,168.1110,0.0000,942.9100,208.9230,140.0430,0.0000,0.0000,1523.6600
327,1,3,1,62.2530,170.1050,0.0000,945.1010,198.0250,136.4990,0.0000,0.0000,1511.9830
328,1,3,1,61.8700,167.8650,0.0000,942.5470,194.6270,135.6060,0.0000,0.0000,1502.5150
329,1,3,1,61.3410,168.7140,0.0000,942.0860,194.6890,135.2120,0.0000,0.0000,1502.0420
330,1,3,1,61.0030,166.6220,0.0000,954.1410,195.7110,134.2830,0.0000,0.0000,1511.7600
331,1,3,1,61.0530,165.2240,0.0000,947.1750,192.4740,135.4710,0.0000,0.0000,1501.3970
332,1,3,1,59.3480,165.8530,0.0000,943.7240,201.9200,138.2760,0.0000,0.0000,1509.1210
333,0,3,0,62.4920,169.0340,0.0000,945.1390,197.6310,137.4340,0.0000,0.0000,1511.7300
334,1,3,1,62.4370,167.1200,0.0000,944.4250,193.6800,134.3260,0.0000,0.0000,1501.9880
335,1,3,1,61.0590,166.9600,0.0000,955.3600,194.6210,136.6650,0.0000,0.0000,1514.6650
336,1,3,1,62.3450,165.4960,0.0000,946.2030,193.9380,135.9810,0.0000,0.0000,1503.9630
337,0,3,1,61.2560,166.6210,0.0000,942.2590,193.7600,135.9570,0.0000,0.0000,1499.8530
338,1,3,1,60.9110,163.9130,0.0000,955.6300,194.2340,198.7760,0.0000,0.0000,1573.4640
339,1,3,1,61.5450,173.6980,0.0000,948.6090,198.8990,136.9470,0.0000,0.0000,1519.6980
340,1,3,1,63.9700,168.0990,0.0000,943.1570,196.8860,135.4150,0.0000,0.0000,1507.5270
341,1,3,1,62.7320,167.3850,0.0000,943.5820,193.6000,135.7850,0.0000,0.0000,1503.0840
342,1,3,1,63.3720,167.4770,0.0000,943.6560,195.4340,134.5410,0.0000,0.0000,1504.4800
343,1,3,1,61.3290,166.2640,0.0000,945.3100,194.4310,134.7640,0.0000,0.0000,1502.0980
344,1,3,1,61.6550,164.2400,0.0000,943.0030,194.6890,134.9420,0.0000,0.0000,1498.5290
345,1,3,1,61.6800,207.5020,0.0000,945.4590,199.7850,135.2190,0.0000,0.0000,1549.6450
346,1,3,1,63.1080,168.6830,0.0000,944.1850,194.3510,135.6990,0.0000,0.0000,1506.0260
347,1,3,1,60.9970,167.6990,0.0000,957.3840,195.5080,134.7140,0.0000,0.0000,1516.3020
348,1,3,1,60.9970,165.6430,0.0000,955.9570,192.7380,135.6250,0.0000,0.0000,1510.9600
349,1,3,1,61.6730,163.5200,0.0000,944.0550,191.9750,134.2710,0.0000,0.0000,1495.4940
350,1,3,1,62.9850,165.9930,0.0000,943.2670,195.8460,135.1010,0.0000,0.0000,1503.1920
351,1,3,0,60.0000,164.5790,0.0000,949.4090,200.4740,137.9510,0.0000,0.0000,1512.4130
352,1,3,1,62.0370,166.3010,0.0000,945.4340,194.4550,136.4370,0.0000,0.0000,1504.6640
353,1,3,1,60.9780,164.8490,0.0000,945.8960,197.0270,134.8300,0.0000,0.0000,1503.5800
354,1,3,1,61.5450,166.2090,0.0000,945.0150,194.9670,134.7020,0.0000,0.0000,1502.4380
355,0,3,0,60.9420,165.9080,0.0000,956.6650,193.8890,134.4000,0.0000,0.0000,1511.8040
356,1,3,1,62.2090,166.3690,0.0000,942.9040,193.9750,135.0270,0.0000,0.0000,1500.4840
357,1,3,1,62.5480,165.1380,0.0000,954.0000,205.1140,139.5880,0.0000,0.0000,1526.3880
358,1,3,1,63.6250,169.3350,0.0000,943.0770,196.8370,136.1170,0.0000,0.0000,1508.9910
359,1,3,1,62.3810,168.3200,0.0000,945.0580,192.8610,135.9020,0.0000,0.0000,1504.5220
360,1,3,1,61.5880,164.1720,0.0000,950.9850,194.3510,134.8430,0.0000,0.0000,1505.9390
361,1,3,1,62.6950,164.4610,0.0000,946.8180,192.9040,132.3070,0.0000,0.0000,1499.1850
362,1,3,1,61.9810,167.0090,0.0000,946.6840,194.3750,131.7350,0.0000,0.0000,1501.7840
363,1,3,1,62.0190,166.0560,0.0000,958.3870,205.0400,137.2740,0.0000,0.0000,1528.7760
364,0,3,0,61.7110,167.8030,0.0000,946.0800,196.6100,135.8340,0.0000,0.0000,1508.0380
365,1,3,1,61.6490,168.1470,0.0000,947.9870,195.6060,136.5350,0.0000,0.0000,1509.9240
366,1,3,1,62.5170,166.6150,0.0000,943.1870,195.7790,133.6860,0.0000,0.0000,1501.7840
367,1,3,1,61.6070,165.1500,0.0000,955.4220,195.0280,134.7140,0.0000,0.0000,1511.9210
368,1,3,1,60.6530,166.7630,0.0000,944.4180,194.2960,133.1690,0.0000,0.0000,1499.2990
369,1,3,1,63.2250,165.1080,0.0000,942.0860,194.5970,178.3140,0.0000,0.0000,1543.3300
370,1,3,1,63.7110,170.4550,0.0000,947.4460,197.9070,136.9290,0.0000,0.0000,1516.4480
371,1,3,1,61.5330,167.1810,0.0000,946.0000,197.5810,134.6270,0.0000,0.0000,1506.9220
372,1,3,1,61.3360,165.6310,0.0000,943.5750,195.6680,135.9750,0.0000,0.0000,1502.1850
373,1,3,1,61.5200,164.3880,0.0000,942.2400,194.9540,134.6590,0.0000,0.0000,1497.7610
374,1,3,1,62.5600,164.4370,0.0000,943.9140,194.0990,134.8190,0.0000,0.0000,1499.8290
375,1,3,1,60.0920,166.0000,0.0000,942.3940,191.0100,135.9940,0.0000,0.0000,1495.4900
376,1,3,1,61.0460,206.0740,0.0000,944.6960,201.4520,137.4340,0.0000,0.0000,1550.7020
377,1,3,1,61.3900,167.6360,0.0000,944.6400,196.5480,135.3480,0.0000,0.0000,1505.5620
378,1,3,1,60.5850,165.0960,0.0000,954.7140,196.6340,133.5570,0.0000,0.0000,1510.5860
379,1,3,1,59.9690,165.8890,0.0000,942.6210,193.2370,134.7630,0.0000,0.0000,1496.4790
380,1,3,1,61.4530,164.7330,0.0000,941.3480,193.5080,134.8000,0.0000,0.0000,1495.8420
381,0,3,0,62.2830,165.8650,0.0000,956.0800,194.5660,134.9850,0.0000,0.0000,1513.7790
382,1,3,1,60.4490,165.8950,0.0000,941.7350,201.1940,137.9010,0.0000,0.0000,1507.1740
383,1,3,1,62.6830,169.3660,0.0000,957.0900,196.4620,134.5170,0.0000,0.0000,1520.1180
384,1,3,1,60.9730,166.9420,0.0000,942.7570,194.2770,136.1040,0.0000,0.0000,1501.0530
385,0,3,0,61.0710,165.9810,0.0000,943.7170,193.2800,135.9810,0.0000,0.0000,1500.0300
386,1,3,1,61.8090,165.7230,0.0000,947.5390,194.3880,134.8430,0.0000,0.0000,1504.3020
387,1,3,1,60.4550,164.9900,0.0000,952.7810,192.9970,135.5630,0.0000,0.0000,1506.7860
388,1,3,1,60.8680,165.2130,0.0000,947.5020,200.2460,137.1570,0.0000,0.0000,1510.9860
389,1,3,1,63.0270,169.2060,0.0000,943.6180,195.4960,137.0150,0.0000,0.0000,1508.3620
390,1,3,1,62.6700,165.8580,0.0000,956.2950,195.4770,136.4620,0.0000,0.0000,1516.7620
391,1,3,1,61.8590,168.5230,0.0000,944.6030,196.1540,133.9760,0.0000,0.0000,1505.1150
392,1,3,0,61.1320,164.4360,0.0000,943.8340,195.5010,135.2370,0.0000,0.0000,1500.1400
393,1,3,1,60.9420,165.1880,0.0000,955.5080,194.1170,134.0800,0.0000,0.0000,1509.8350
394,1,3,1,61.4220,166.6590,0.0000,944.0990,204.2280,138.2280,0.0000,0.0000,1514.6360
395,1,3,1,61.8030,168.1790,0.0000,942.8120,195.5020,136.0060,0.0000,0.0000,1504.3020
396,1,3,1,59.5940,167.1010,0.0000,955.2310,194.5290,133.7780,0.0000,0.0000,1510.2330
397,1,3,1,61.9260,163.5570,0.0000,942.2090,195.8150,136.3570,0.0000,0.0000,1499.8640
398,1,3,1,61.5260,166.6530,0.0000,943.8210,193.1570,136.2710,0.0000,0.0000,1501.4280
399,1,3,1,60.3810,166.7140,0.0000,955.7050,195.9690,134.4610,0.0000,0.0000,1513.2300
400,1,3,1,62.8800,166.7010,0.0000,945.7600,193.0650,201.7040,0.0000,0.0000,1570.1100
401,1,3,1,63.0460,174.8060,0.0000,957.5380,196.3320,139.2490,0.0000,0.0000,1530.9710
402,1,3,1,62.5780,170.4800,0.0000,944.9050,193.6740,136.6520,0.0000,0.0000,1508.2890
403,1,3,1,60.9600,167.6680,0.0000,945.2180,196.5970,134.7080,0.0000,0.0000,1505.1510
404,1,3,1,60.8680,165.3970,0.0000,943.2130,192.5420,133.1080,0.0000,0.0000,1495.1280
405,1,3,0,61.8900,167.9690,0.0000,944.0920,194.1290,135.1070,0.0000,0.0000,1503.1870
406,1,3,1,61.2060,166.8860,0.0000,956.2220,193.3040,135.9880,0.0000,0.0000,1513.6060
407,1,3,1,62.7020,211.8040,0.0000,948.3810,198.9600,137.1270,0.0000,0.0000,1558.9740
408,1,3,1,61.7300,169.2490,0.0000,946.9910,194.9600,136.7380,0.0000,0.0000,1509.6680
409,1,3,1,61.2800,164.4490,0.0000,956.9780,194.0870,135.1880,0.0000,0.0000,1511.9820
410,1,3,1,61.6310,167.3730,0.0000,945.3790,194.6650,135.2930,0.0000,0.0000,1504.3410
411,1,3,1,62.8490,168.1110,0.0000,955.9630,194.1660,135.6180,0.0000,0.0000,1516.7070
412,1,3,1,60.3810,164.5100,0.0000,942.0430,194.0990,137.3360,0.0000,0.0000,1498.3690
413,0,3,0,62.4730,165.5690,0.0000,948.1050,203.4640,137.0520,0.0000,0.0000,1516.6630
414,1,3,1,62.1790,169.9570,0.0000,945.5630,195.6550,137.2000,0.0000,0.0000,1510.5540
415,1,3,1,61.9750,168.2030,0.0000,945.7480,194.8060,135.4460,0.0000,0.0000,1506.1780
416,1,3,1,63.5630,165.3360,0.0000,943.7040,195.5930,135.0280,0.0000,0.0000,1503.2240
417,1,3,1,60.3390,166.4240,0.0000,958.1600,197.6740,134.9600,0.0000,0.0000,1517.5570
418,0,3,0,62.1730,166.0300,0.0000,944.6640,195.4220,135.8280,0.0000,0.0000,1504.1170
419,1,3,1,62.1730,165.7230,0.0000,946.9040,199.6740,138.0250,0.0000,0.0000,1512.4990
420,0,3,0,61.4650,166.6340,0.0000,945.2130,195.8960,134.2090,0.0000,0.0000,1503.4170
421,1,3,0,63.6000,164.5300,0.0000,940.9230,194.9780,135.2800,0.0000,0.0000,1499.3110
422,1,3,1,61.2860,165.5630,0.0000,944.2210,191.4830,134.0620,0.0000,0.0000,1496.6150
423,1,3,1,61.3420,166.2270,0.0000,957.1870,194.1170,133.1750,0.0000,0.0000,1512.0480
424,0,3,0,63.3480,165.8220,0.0000,941.8090,196.2890,134.1660,0.0000,0.0000,1501.4340
425,1,3,1,61.5390,165.2060,0.0000,987.4220,204.4060,136.5970,0.0000,0.0000,1555.1700
426,1,3,1,61.9510,171.9690,0.0000,946.5540,194.8800,136.0870,0.0000,0.0000,1511.4410
427,1,3,1,62.1660,167.4580,0.0000,958.2460,192.4190,132.9600,0.0000,0.0000,1513.2490
428,1,3,1,62.2090,166.0930,0.0000,955.7540,192.6030,134.5170,0.0000,0.0000,1511.1760
429,1,3,0,61.0400,165.6490,0.0000,956.1170,195.1750,134.8000,0.0000,0.0000,1512.7810
430,1,3,1,62.2340,164.2710,0.0000,956.4430,195.7410,135.3660,0.0000,0.0000,1514.0550
431,1,3,1,61.0460,165.6550,0.0000,943.1690,193.1940,178.1350,0.0000,0.0000,1541.1990
432,1,3,1,64.1730,170.5050,0.0000,943.3410,194.5910,135.4400,0.0000,0.0000,1508.0500
433,1,3,1,61.2860,170.1170,0.0000,943.0700,195.0830,134.5110,0.0000,0.0000,1504.0670
434,1,3,1,60.9600,165.9870,0.0000,945.6060,194.6090,137.1080,0.0000,0.0000,1504.2700
435,1,3,1,61.3230,167.4830,0.0000,944.1660,194.3570,134.1110,0.0000,0.0000,1501.4400
436,0,3,0,61.4950,166.7260,0.0000,956.5350,191.9880,135.6060,0.0000,0.0000,1512.3500
437,1,3,1,61.3600,166.1170,0.0000,955.0950,195.4400,133.5080,0.0000,0.0000,1511.5200
438,0,3,0,62.2220,223.5760,0.0000,948.9480,202.2460,137.8150,0.0000,0.0000,1574.8070
439,1,3,1,63.5020,169.0030,0.0000,944.4060,192.4680,136.0190,0.0000,0.0000,1505.3980
440,1,3,1,61.9320,165.3170,0.0000,941.9200,195.0150,133.6930,0.0000,0.0000,1497.8770
441,1,3,0,62.0740,165.3970,0.0000,942.6160,193.4770,134.7570,0.0000,0.0000,1498.3210
442,1,3,1,62.9600,164.8920,0.0000,956.7440,195.2860,135.0890,0.0000,0.0000,1514.9710
443,1,3,1,60.2530,166.1790,0.0000,944.4500,194.3940,134.9780,0.0000,0.0000,1500.2540
444,1,3,1,61.7230,166.1790,0.0000,945.9080,202.8490,138.7260,0.0000,0.0000,1515.3850
445,1,3,1,63.2740,169.0150,0.0000,945.9560,196.8000,134.6160,0.0000,0.0000,1509.6610
446,0,3,0,64.0120,167.2000,0.0000,944.9910,195.3600,136.4740,0.0000,0.0000,1508.0370
447,1,3,1,60.7630,165.8640,0.0000,945.5760,193.3780,134.0730,0.0000,0.0000,1499.6540
448,1,3,1,61.2070,165.9450,0.0000,945.2300,194.7010,135.1500,0.0000,0.0000,1502.2330
449,0,3,0,60.3390,164.7330,0.0000,945.3480,193.8280,134.2650,0.0000,0.0000,1498.5130
450,1,3,1,60.8430,165.6490,0.0000,947.3230,199.7360,136.3510,0.0000,0.0000,1509.9020
451,1,3,1,61.8710,167.7720,0.0000,944.6340,197.0900,134.5790,0.0000,0.0000,1505.9460
452,1,3,1,61.9810,167.4770,0.0000,956.4860,195.1690,132.5170,0.0000,0.0000,1513.6300
453,1,3,1,61.3540,164.3560,0.0000,943.2370,193.6370,135.6500,0.0000,0.0000,1498.2340
454,0,3,0,60.1900,167.2730,0.0000,950.6150,193.3900,134.3930,0.0000,0.0000,1505.8610
455,1,3,1,61.2800,165.1200,0.0000,942.2580,193.8400,133.6060,0.0000,0.0000,1496.1040
456,1,3,1,60.3750,166.5230,0.0000,970.8920,202.8560,138.7010,0.0000,0.0000,1539.3470
457,1,3,1,62.8190,167.7910,0.0000,957.3040,195.3910,136.0490,0.0000,0.0000,1519.3540
458,1,3,1,61.8150,167.3790,0.0000,955.6860,192.8000,134.6890,0.0000,0.0000,1512.3690
459,0,3,1,61.5820,165.0710,0.0000,944.6770,196.2220,134.6160,0.0000,0.0000,1502.1680
460,1,3,1,59.9450,165.6430,0.0000,958.1410,194.7080,135.4590,0.0000,0.0000,1513.8960
461,1,3,1,61.6240,165.3170,0.0000,949.5080,191.9880,133.8650,0.0000,0.0000,1502.3020
462,0,3,0,63.6610,165.4340,0.0000,956.0370,193.6550,188.4920,0.0000,0.0000,1567.2790
463,1,3,1,63.7730,170.6640,0.0000,950.0740,199.8710,135.6370,0.0000,0.0000,1520.0190
464,1,3,1,63.9080,169.7600,0.0000,945.0580,194.5720,135.6060,0.0000,0.0000,1508.9040
465,1,3,1,61.3050,165.8640,0.0000,946.6520,193.2800,135.4270,0.0000,0.0000,1502.5280
466,1,3,1,61.9510,162.8240,0.0000,943.0650,192.6280,133.7850,0.0000,0.0000,1494.2530
467,1,3,1,61.3850,166.2960,0.0000,958.2030,193.6550,134.8670,0.0000,0.0000,1514.4060
468,1,3,1,62.1540,164.3500,0.0000,944.0190,193.5820,133.6740,0.0000,0.0000,1497.7790
469,1,3,1,61.0270,291.9500,0.0000,952.1720,211.0090,143.9690,0.0000,0.0000,1660.1270
470,1,3,1,64.5660,170.6030,0.0000,956.8990,199.4340,139.6800,0.0000,0.0000,1531.1820
471,1,3,1,60.7940,166.8490,0.0000,942.3320,196.3080,137.0340,0.0000,0.0000,1503.3170
472,1,3,1,61.4160,166.6770,0.0000,941.4400,192.8740,138.1420,0.0000,0.0000,1500.5490
473,1,3,1,61.5880,166.0920,0.0000,942.5360,192.4920,135.4030,0.0000,0.0000,1498.1110
474,0,3,1,59.7420,165.0890,0.0000,943.2180,192.9660,134.5110,0.0000,0.0000,1495.5260
475,1,3,1,61.9330,166.7140,0.0000,956.8620,205.7040,139.3240,0.0000,0.0000,1530.5370
476,0,3,1,62.4800,168.1420,0.0000,945.7660,196.1230,135.7780,0.0000,0.0000,1508.2890
477,1,3,1,62.4680,167.4340,0.0000,944.1230,197.0830,134.9420,0.0000,0.0000,1506.0500
478,0,3,0,62.4490,168.6280,0.0000,947.3600,193.3910,135.6930,0.0000,0.0000,1507.5210
479,1,3,1,62.4860,169.1630,0.0000,943.9810,194.5110,134.0310,0.0000,0.0000,1504.1720
480,1,3,1,60.6090,165.5510,0.0000,945.5750,195.3040,134.9910,0.0000,0.0000,1502.0300
481,1,3,1,62.7630,164.7810,0.0000,949.2490,203.3600,137.3660,0.0000,0.0000,1517.5190
482,1,3,1,62.5730,168.7810,0.0000,955.4770,195.5510,135.1440,0.0000,0.0000,1517.5260
483,1,3,1,61.9630,166.7080,0.0000,941.5440,196.8740,134.8740,0.0000,0.0000,1501.9630
484,1,3,1,60.1970,166.7260,0.0000,942.5170,195.0220,134.1360,0.0000,0.0000,1498.5980
485,1,3,0,61.3720,168.0990,0.0000,956.0550,193.1020,137.7910,0.0000,0.0000,1516.4190
486,1,3,1,61.1260,165.8340,0.0000,956.0610,193.0950,135.0830,0.0000,0.0000,1511.1990
487,1,3,1,62.1110,165.3050,0.0000,945.4890,202.8740,137.0840,0.0000,0.0000,1512.8630
488,1,3,0,62.7940,168.0860,0.0000,947.0590,197.3480,134.8360,0.0000,0.0000,1510.1230
489,1,3,1,60.8250,166.2520,0.0000,956.3570,195.5750,137.4090,0.0000,0.0000,1516.4180
490,1,3,1,60.5730,167.6740,0.0000,957.2190,194.0620,135.6870,0.0000,0.0000,1515.2150
491,1,3,1,62.7440,165.9510,0.0000,944.2270,192.2400,135.2430,0.0000,0.0000,1500.4050
492,0,3,0,61.5870,165.2120,0.0000,946.1850,193.9260,134.1110,0.0000,0.0000,1501.0210
493,1,3,1,59.3970,166.3760,0.0000,955.8830,232.6340,138.4300,0.0000,0.0000,1552.7200
494,0,3,0,61.9870,168.9410,0.0000,954.6220,194.6900,136.2210,0.0000,0.0000,1516.4610
495,1,3,1,61.9260,167.2990,0.0000,944.9660,195.3540,137.6120,0.0000,0.0000,1507.1570
496,1,3,1,63.0770,165.7170,0.0000,942.7010,195.6310,135.6670,0.0000,0.0000,1502.7930
497,1,3,1,60.7200,165.2120,0.0000,946.0310,193.0590,135.5010,0.0000,0.0000,1500.5230
498,1,3,1,62.1290,167.2240,0.0000,956.2030,194.1720,135.0340,0.0000,0.0000,1514.7620
499,1,3,1,62.6030,166.0430,0.0000,945.2620,194.3140,132.9850,0.0000,0.0000,1501.2070
500,1,3,1,98.9420,169.2490,0.0000,957.7840,194.7380,138.1110,0.0000,0.0000,1558.8240
501,1,3,1,62.5970,168.4620,0.0000,955.8460,195.7170,134.8370,0.0000,0.0000,1517.4590
502,1,3,1,62.5850,169.9940,0.0000,945.3600,194.3380,138.2520,0.0000,0.0000,1510.5290
503,1,3,1,62.3320,166.2830,0.0000,957.5330,194.5470,135.6740,0.0000,0.0000,1516.3690
504,1,3,1,62.7320,166.7260,0.0000,945.8160,195.5200,134.0490,0.0000,0.0000,1504.8430
505,1,3,1,61.8950,165.6800,0.0000,948.1350,196.1110,134.6640,0.0000,0.0000,1506.4850
506,1,3,1,61.1630,166.2650,0.0000,954.4870,201.2430,135.7480,0.0000,0.0000,1518.9060
507,0,3,0,61.5820,168.9790,0.0000,945.7410,195.1380,133.9510,0.0000,0.0000,1505.3910
508,1,3,1,61.9270,165.0030,0.0000,944.5160,194.8610,135.0040,0.0000,0.0000,1501.3110
509,1,3,1,61.6000,166.5420,0.0000,956.8370,194.0300,136.6460,0.0000,0.0000,1515.6550
510,1,3,1,60.3010,167.4890,0.0000,945.0030,194.0310,133.7480,0.0000,0.0000,1500.5720
511,1,3,1,61.2190,165.7480,0.0000,956.1290,197.3730,134.9670,0.0000,0.0000,1515.4360
512,1,3,0,60.6090,165.2620,0.0000,948.2830,204.9600,138.8550,0.0000,0.0000,1517.9690
513,1,3,1,61.8460,168.1720,0.0000,945.9020,195.7290,136.2950,0.0000,0.0000,1507.9440
514,1,3,1,61.4950,168.3750,0.0000,956.2330,194.4980,135.4340,0.0000,0.0000,1516.0350
515,1,3,1,61.3300,166.8060,0.0000,942.4800,194.9970,135.4890,0.0000,0.0000,1501.1020
516,1,3,1,60.6470,164.2090,0.0000,943.3420,195.0830,136.4060,0.0000,0.0000,1499.6870
517,0,3,0,61.2430,168.7380,0.0000,958.1230,194.2520,134.0310,0.0000,0.0000,1516.3870
518,1,3,1,61.4830,166.7820,0.0000,945.0830,223.5330,146.7570,0.0000,0.0000,1543.6380
519,1,3,1,66.8740,177.0460,0.0000,949.0950,200.5050,139.1510,0.0000,0.0000,1532.6710
520,1,3,1,64.1730,170.8560,0.0000,945.0520,198.6710,136.3440,0.0000,0.0000,1515.0960
521,1,3,1,62.7070,168.2830,0.0000,956.2960,195.8340,135.5140,0.0000,0.0000,1518.6340
522,1,3,1,61.2250,165.1440,0.0000,948.5350,193.8520,135.4460,0.0000,0.0000,1504.2020
523,1,3,1,61.0270,166.4240,0.0000,942.2590,194.9230,133.9260,0.0000,0.0000,1498.5590
524,1,3,1,60.1970,165.8770,0.0000,944.5910,271.5690,141.6550,0.0000,0.0000,1583.8890
525,1,3,1,64.1540,170.8920,0.0000,948.8490,199.9570,135.6250,0.0000,0.0000,1519.4770
526,1,3,1,65.4340,169.1020,0.0000,945.0770,196.8190,135.9260,0.0000,0.0000,1512.3580
527,1,3,1,62.6710,167.9870,0.0000,944.5970,193.4580,134.7820,0.0000,0.0000,1503.4950
528,1,3,1,63.7170,167.2180,0.0000,942.5660,194.4120,133.5390,0.0000,0.0000,1501.4520
529,1,3,1,62.4740,164.7940,0.0000,941.6870,195.0100,134.9360,0.0000,0.0000,1498.9010
530,1,3,1,60.4560,168.0670,0.0000,941.7410,192.1720,180.5660,0.0000,0.0000,1543.0020
531,1,3,1,64.1670,170.1600,0.0000,943.1940,195.6680,135.7840,0.0000,0.0000,1508.9730
532,1,3,1,61.6680,168.6340,0.0000,944.5420,194.4490,134.4930,0.0000,0.0000,1503.7860
533,1,3,1,61.7480,166.4310,0.0000,945.2300,195.4960,135.5140,0.0000,0.0000,1504.4190
534,0,3,0,62.8370,164.8240,0.0000,942.8740,195.7420,134.5960,0.0000,0.0000,1500.8730
535,1,3,1,61.2930,163.8160,0.0000,944.4370,194.7500,134.7450,0.0000,0.0000,1499.0410
536,0,3,0,60.1600,166.3510,0.0000,945.0030,194.8190,135.9810,0.0000,0.0000,1502.3140
537,1,3,1,61.9010,165.3850,0.0000,949.9200,201.6490,137.1010,0.0000,0.0000,1515.9560
538,1,3,1,61.2730,165.6920,0.0000,944.1170,197.4460,135.1200,0.0000,0.0000,1503.6480
539,1,3,1,60.8740,167.5080,0.0000,955.9330,196.3690,136.0310,0.0000,0.0000,1516.7150
540,1,3,1,60.8800,166.0620,0.0000,943.2180,193.0400,136.0120,0.0000,0.0000,1499.2120
541,1,3,1,61.6120,166.8060,0.0000,944.4860,195.0710,135.3410,0.0000,0.0000,1503.3160
542,0,3,0,62.5230,167.4520,0.0000,956.2520,194.0370,133.2120,0.0000,0.0000,1513.4760
543,1,3,1,61.1260,165.2180,0.0000,955.9080,202.0000,137.1140,0.0000,0.0000,1521.3660
544,1,3,0,62.0250,167.3850,0.0000,944.3570,195.9380,137.7600,0.0000,0.0000,1507.4650
545,0,3,0,62.0800,166.5040,0.0000,943.4160,195.2680,134.4500,0.0000,0.0000,1501.7180
546,1,3,1,60.6960,164.7510,0.0000,956.3260,192.7440,135.4950,0.0000,0.0000,1510.0120
547,0,3,0,63.8340,167.1130,0.0000,956.0610,193.8640,133.7360,0.0000,0.0000,1514.6080
548,1,3,1,60.6710,165.7230,0.0000,946.5730,194.3200,132.9970,0.0000,0.0000,1500.2840
549,1,3,1,61.2680,164.6890,0.0000,947.5690,204.4370,139.6000,0.0000,0.0000,1517.5630
550,0,3,0,63.7230,168.4310,0.0000,943.7410,196.3690,138.8980,0.0000,0.0000,1511.1620
551,0,3,0,60.0980,166.8670,0.0000,943.6370,193.8460,134.5050,0.0000,0.0000,1498.9530
552,1,3,1,61.4830,166.5970,0.0000,944.9840,192.3810,134.3630,0.0000,0.0000,1499.8080
553,1,3,1,61.7350,166.1780,0.0000,944.4800,193.8030,137.0650,0.0000,0.0000,1503.2610
554,1,3,1,61.3420,165.2120,0.0000,941.6310,193.6370,137.2120,0.0000,0.0000,1499.0340
555,1,3,1,60.4000,166.8930,0.0000,954.8860,243.6300,136.9410,0.0000,0.0000,1562.7500
556,0,3,0,60.3500,171.5570,0.0000,945.3780,195.9940,137.0950,0.0000,0.0000,1510.3740
557,0,3,1,63.8270,167.5200,0.0000,946.9720,198.5480,134.8560,0.0000,0.0000,1511.7230
558,1,3,1,61.7350,166.6580,0.0000,941.3540,195.6800,136.4990,0.0000,0.0000,1501.9260
559,1,3,1,60.7630,168.1530,0.0000,956.4920,192.7940,135.9380,0.0000,0.0000,1514.1400
560,1,3,1,62.2040,164.4120,0.0000,957.5080,194.0870,135.6860,0.0000,0.0000,1513.8970
561,1,3,1,61.6800,166.9730,0.0000,945.5010,191.1320,173.1080,0.0000,0.0000,1538.3940
562,1,3,1,62.7320,171.7970,0.0000,946.9300,197.3970,137.9820,0.0000,0.0000,1516.8380
563,1,3,1,62.5660,168.1600,0.0000,943.1440,195.6860,135.6800,0.0000,0.0000,1505.2360
564,1,3,1,60.7260,168.5110,0.0000,943.8770,195.4090,135.2250,0.0000,0.0000,1503.7480
565,1,3,1,62.1110,167.2370,0.0000,944.0870,195.2190,132.0240,0.0000,0.0000,1500.6780
566,1,3,1,60.6650,167.7110,0.0000,943.7780,193.6490,134.6340,0.0000,0.0000,1500.4370
567,0,3,0,62.6830,165.3170,0.0000,942.3930,193.4890,135.4460,0.0000,0.0000,1499.3280
568,1,3,1,60.0980,202.3330,0.0000,944.9660,198.2150,135.9880,0.0000,0.0000,1541.6000
569,0,3,0,63.1570,166.6160,0.0000,944.6280,196.4120,134.9530,0.0000,0.0000,1505.7660
570,1,3,1,62.4190,168.0610,0.0000,943.7470,193.5570,135.6740,0.0000,0.0000,1503.4580
571,0,3,0,61.9080,165.9080,0.0000,956.8250,194.6160,135.2860,0.0000,0.0000,1514.5430
572,1,3,1,62.8920,168.9050,0.0000,953.9690,196.9900,135.6310,0.0000,0.0000,1518.3870
573,0,3,0,59.5940,164.1170,0.0000,945.5330,194.2340,133.6000,0.0000,0.0000,1497.0780
574,0,3,1,60.3010,163.9510,0.0000,947.2740,199.4890,138.1050,0.0000,0.0000,1509.1200
575,1,3,1,62.6030,167.3840,0.0000,943.8090,197.8710,136.2400,0.0000,0.0000,1507.9070
576,1,3,1,63.7960,168.6830,0.0000,956.2960,193.5810,136.6830,0.0000,0.0000,1519.0390
577,1,3,1,61.5870,165.9570,0.0000,954.1170,192.9050,135.7350,0.0000,0.0000,1510.3010
578,0,3,0,61.0590,166.2590,0.0000,940.8190,195.7600,136.1720,0.0000,0.0000,1500.0690
579,1,3,1,61.7850,167.3960,0.0000,941.0090,194.1660,135.1140,0.0000,0.0000,1499.4700
580,0,3,0,61.7230,166.3380,0.0000,946.7570,201.9880,137.0400,0.0000,0.0000,1513.8460
581,1,3,1,61.4210,169.4530,0.0000,957.6560,195.5510,136.4180,0.0000,0.0000,1520.4990
582,1,3,1,62.4740,167.3600,0.0000,947.3780,193.6800,135.5630,0.0000,0.0000,1506.4550
583,1,3,1,63.2000,167.0770,0.0000,956.4000,195.4400,135.3480,0.0000,0.0000,1517.4650
584,1,3,1,62.6340,167.0090,0.0000,945.0150,193.3780,135.8150,0.0000,0.0000,1503.8510
585,1,3,1,61.0160,165.8210,0.0000,943.7480,194.4000,136.5660,0.0000,0.0000,1501.5510
586,0,3,0,61.7790,166.4120,0.0000,942.5850,209.0530,141.9570,0.0000,0.0000,1521.7860
587,1,3,1,65.1200,170.6830,0.0000,945.6430,196.0500,138.8800,0.0000,0.0000,1516.3760
588,1,3,1,63.5690,167.8960,0.0000,943.4950,194.2590,133.7350,0.0000,0.0000,1502.9540
589,1,3,1,62.2960,167.3720,0.0000,942.0250,196.8060,135.3730,0.0000,0.0000,1503.8720
590,1,3,1,61.3720,165.6000,0.0000,954.5170,194.0680,134.3200,0.0000,0.0000,1509.8770
591,1,3,1,61.1450,167.7170,0.0000,942.7510,196.4300,136.4240,0.0000,0.0000,1504.4670
592,0,3,1,62.6160,166.4440,0.0000,943.1320,193.2000,179.4340,0.0000,0.0000,1544.8260
593,1,3,1,64.5240,170.6830,0.0000,943.7600,194.2710,135.7050,0.0000,0.0000,1508.9430
594,1,3,1,61.6550,167.6860,0.0000,941.9260,195.3170,134.6090,0.0000,0.0000,1501.1930
595,1,3,1,62.5050,166.4610,0.0000,948.4800,194.5110,135.0340,0.0000,0.0000,1506.9910
596,1,3,1,61.6180,166.5720,0.0000,943.5010,195.8770,136.0920,0.0000,0.0000,1503.6600
597,0,3,0,60.3320,169.0280,0.0000,953.6620,194.1170,134.4120,0.0000,0.0000,1511.5510
598,1,3,1,62.3390,166.6640,0.0000,955.7110,193.7600,134.9970,0.0000,0.0000,1513.4710
599,1,3,1,62.5900,205.7170,0.0000,944.1480,199.0280,139.4220,0.0000,0.0000,1550.9050
600,1,3,1,61.2680,166.6590,0.0000,942.0180,196.2950,133.2610,0.0000,0.0000,1499.5010
601,1,3,1,61.5690,166.2530,0.0000,943.2190,194.1790,137.0900,0.0000,0.0000,1502.3100
602,1,3,1,60.8310,167.6550,0.0000,945.2310,194.0610,135.0090,0.0000,0.0000,1502.7870
603,1,3,1,63.0950,167.9930,0.0000,944.9780,192.3450,134.0130,0.0000,0.0000,1502.4240
604,1,3,1,61.2610,168.2330,0.0000,953.5320,193.9820,135.2120,0.0000,0.0000,1512.2200
605,1,3,1,61.9440,163.9080,0.0000,947.5260,202.2710,136.5540,0.0000,0.0000,1512.2030
606,1,3,1,62.6030,168.7750,0.0000,943.3600,194.8920,136.2580,0.0000,0.0000,1505.8880
607,1,3,1,61.0030,167.1440,0.0000,942.6400,196.2650,134.7320,0.0000,0.0000,1501.7840
608,0,3,0,63.7850,163.9080,0.0000,957.3170,194.8370,136.5910,0.0000,0.0000,1516.4380
609,1,3,1,61.9630,167.4400,0.0000,942.9170,192.7870,133.8770,0.0000,0.0000,1498.9840
610,1,3,0,62.3140,165.9070,0.0000,942.0860,194.5660,136.2400,0.0000,0.0000,1501.1130
611,1,3,1,63.1510,165.6490,0.0000,943.2550,202.3020,140.1900,0.0000,0.0000,1514.5470
612,1,3,1,63.2740,170.7750,0.0000,958.4430,195.8400,134.7690,0.0000,0.0000,1523.1010
613,1,3,1,62.8180,165.9260,0.0000,943.5260,194.9730,134.6340,0.0000,0.0000,1501.8770
614,1,3,1,61.7050,166.0490,0.0000,944.9230,195.1010,135.4460,0.0000,0.0000,1503.2240
615,0,3,0,62.9230,165.2490,0.0000,954.4060,195.3230,134.7820,0.0000,0.0000,1512.6830
616,1,3,1,62.5170,166.7260,0.0000,949.6680,193.9140,135.0090,0.0000,0.0000,1507.8340
617,1,3,1,62.2590,167.3230,0.0000,974.7260,200.0440,138.7080,0.0000,0.0000,1543.0600
618,1,3,1,61.8460,167.6680,0.0000,944.2220,195.5630,134.6640,0.0000,0.0000,1503.9630
619,1,3,1,71.0270,175.1690,0.0000,944.3330,200.7200,139.8280,0.0000,0.0000,1531.0770
620,0,3,0,65.3720,169.5080,0.0000,944.0000,194.4870,137.2560,0.0000,0.0000,1510.6230
621,1,3,1,62.5850,165.6490,0.0000,944.9410,195.8830,136.7200,0.0000,0.0000,1505.7780
622,1,3,1,60.1300,167.9020,0.0000,945.4530,192.1600,135.6740,0.0000,0.0000,1501.3190
623,1,3,1,61.7110,166.0490,0.0000,942.4740,250.0980,144.3940,0.0000,0.0000,1564.7260
624,1,3,1,62.8060,190.6210,0.0000,964.3140,234.5660,155.3540,0.0000,0.0000,1607.6610
625,1,3,1,67.7720,179.7050,0.0000,949.0220,201.9640,139.8650,0.0000,0.0000,1538.3280
626,1,3,1,63.3790,173.4890,0.0000,944.5420,197.1260,140.0180,0.0000,0.0000,1518.5540
627,1,3,0,63.9510,167.4090,0.0000,941.7970,194.2710,135.7110,0.0000,0.0000,1503.1390
628,1,3,1,61.7110,167.1380,0.0000,948.3510,195.8340,136.9110,0.0000,0.0000,1509.9450
629,1,3,1,60.5720,165.3170,0.0000,946.9900,194.0180,189.4900,0.0000,0.0000,1556.3870
630,0,3,0,68.5970,183.4150,0.0000,946.8560,202.8430,143.6190,0.0000,0.0000,1545.3300
631,1,3,1,64.0800,170.8550,0.0000,957.3230,197.6250,138.3390,0.0000,0.0000,1528.2220
632,1,3,1,62.7140,166.9720,0.0000,944.0980,197.0890,136.9720,0.0000,0.0000,1507.8450
633,0,3,0,62.1230,168.2340,0.0000,944.3880,193.8520,135.1690,0.0000,0.0000,1503.7660
634,0,3,1,60.6150,165.6430,0.0000,946.1600,194.2770,134.3330,0.0000,0.0000,1501.0280
635,1,3,1,61.8090,166.3690,0.0000,941.8710,194.4980,135.7730,0.0000,0.0000,1500.3200
636,1,3,1,62.8430,217.6490,0.0000,947.2860,204.2830,138.4300,0.0000,0.0000,1570.4910
637,1,3,1,64.5230,169.0590,0.0000,943.8030,195.0950,134.5230,0.0000,0.0000,1507.0030
638,0,3,0,61.2740,169.6500,0.0000,946.2530,196.2280,133.9200,0.0000,0.0000,1507.3250
639,1,3,1,62.1350,166.5480,0.0000,944.9350,193.3600,136.4680,0.0000,0.0000,1503.4460
640,1,3,1,63.9870,166.7200,0.0000,956.4000,194.3700,133.7850,0.0000,0.0000,1515.2620
641,1,3,1,61.0210,167.8150,0.0000,945.7600,193.6670,135.0590,0.0000,0.0000,1503.3220
642,1,3,1,61.1750,167.8710,0.0000,956.5660,214.1170,141.8150,0.0000,0.0000,1541.5440
643,1,3,1,64.8180,172.6710,0.0000,947.9380,196.7820,139.7470,0.0000,0.0000,1521.9560
644,1,3,1,64.1470,169.7050,0.0000,957.5510,195.4950,136.8370,0.0000,0.0000,1523.7350
645,1,3,1,61.9140,168.4980,0.0000,942.5540,193.4160,132.9040,0.0000,0.0000,1499.2860
646,1,3,1,60.5910,164.3510,0.0000,943.9200,193.2060,133.9260,0.0000,0.0000,1495.9940
647,1,3,1,60.4500,164.7450,0.0000,945.2190,194.3440,134.0060,0.0000,0.0000,1498.7640
648,1,3,1,60.9540,165.2920,0.0000,951.1330,213.8590,144.5540,0.0000,0.0000,1535.7920
649,1,3,1,63.3290,171.9390,0.0000,947.0340,200.2890,136.7080,0.0000,0.0000,1519.2990
650,0,3,0,62.9410,168.4610,0.0000,947.1390,194.6710,133.3290,0.0000,0.0000,1506.5410
651,1,3,1,61.7100,168.1840,0.0000,943.0960,198.3690,136.7630,0.0000,0.0000,1508.1220
652,1,3,1,61.5500,165.9940,0.0000,944.2090,194.1910,133.8210,0.0000,0.0000,1499.7650
653,0,3,0,62.0670,164.9050,0.0000,955.6980,194.1040,135.9810,0.0000,0.0000,1512.7550
654,1,3,1,62.6090,165.3840,0.0000,943.7720,206.2400,139.9810,0.0000,0.0000,1517.9860
655,0,3,0,61.4830,169.6370,0.0000,943.0340,197.7290,136.4680,0.0000,0.0000,1508.3510
656,1,3,1,61.2620,167.4590,0.0000,946.1230,194.7080,135.2930,0.0000,0.0000,1504.8450
657,1,3,1,61.7050,166.2770,0.0000,943.2430,194.3810,136.1170,0.0000,0.0000,1501.7230
658,1,3,1,61.3660,167.6310,0.0000,943.8270,197.3480,135.6860,0.0000,0.0000,1505.8580
659,1,3,1,60.4310,165.4890,0.0000,957.7420,194.6280,133.4280,0.0000,0.0000,1511.7180
660,1,3,1,60.5720,166.0240,0.0000,955.2920,242.8060,138.9480,0.0000,0.0000,1563.6420
661,1,3,1,63.0220,170.6770,0.0000,949.8710,200.1910,136.5910,0.0000,0.0000,1520.3520
662,1,3,1,63.1440,168.3080,0.0000,942.4370,195.3040,135.0770,0.0000,0.0000,1504.2700
663,0,3,1,62.8310,166.7200,0.0000,956.3200,193.9440,134.2640,0.0000,0.0000,1514.0790
664,1,3,1,62.8120,167.1940,0.0000,943.8160,194.6160,135.3660,0.0000,0.0000,1503.8040
665,1,3,1,60.9720,165.5510,0.0000,946.5850,193.4950,136.0800,0.0000,0.0000,1502.6830
666,1,3,1,61.9200,165.0280,0.0000,942.7570,194.4920,136.7260,0.0000,0.0000,1500.9230
667,0,3,0,62.2900,186.6040,0.0000,946.6710,205.3230,144.2520,0.0000,0.0000,1545.1400
668,1,3,1,64.9050,173.7230,0.0000,946.3270,198.7380,139.8950,0.0000,0.0000,1523.5880
669,1,3,1,62.4490,169.8400,0.0000,943.1700,196.4680,138.2030,0.0000,0.0000,1510.1300
670,1,3,1,61.1260,168.8250,0.0000,943.1080,193.6060,136.4180,0.0000,0.0000,1503.0830
671,1,3,1,61.3230,165.3600,0.0000,942.5040,194.9730,136.3700,0.0000,0.0000,1500.5300
672,1,3,1,60.4120,166.3870,0.0000,956.3140,194.2700,134.9420,0.0000,0.0000,1512.3250
673,1,3,0,62.5910,165.3350,0.0000,943.5820,204.0990,138.9850,0.0000,0.0000,1514.5920
674,0,3,0,63.6620,169.1140,0.0000,943.4340,196.4130,135.8100,0.0000,0.0000,1508.4330
675,1,3,1,61.6500,166.3810,0.0000,947.6310,197.0460,136.8860,0.0000,0.0000,1509.5940
676,0,3,0,62.8620,167.3170,0.0000,940.2210,194.1540,136.9850,0.0000,0.0000,1501.5390
677,1,3,1,61.0270,168.1850,0.0000,955.2250,196.7080,135.2180,0.0000,0.0000,1516.3630
678,0,3,0,63.4090,165.5630,0.0000,942.4000,195.1630,133.0960,0.0000,0.0000,1499.6310
679,1,3,1,60.6090,165.2740,0.0000,946.2330,203.0090,136.4990,0.0000,0.0000,1511.6240
680,1,3,0,63.1630,167.2990,0.0000,955.3910,197.2370,136.5780,0.0000,0.0000,1519.6680
681,1,3,1,62.7380,166.7810,0.0000,943.3850,194.4310,135.9630,0.0000,0.0000,1503.2980
682,1,3,1,60.7260,167.2860,0.0000,943.4590,194.9790,134.5470,0.0000,0.0000,1500.9970
683,1,3,1,59.9070,166.2520,0.0000,941.3170,193.9080,136.9730,0.0000,0.0000,1498.3570
684,1,3,1,61.4460,166.7260,0.0000,942.8430,192.2220,135.6740,0.0000,0.0000,1498.9110
685,1,3,1,60.7450,165.6490,0.0000,954.0120,204.5110,140.1290,0.0000,0.0000,1525.0460
686,1,3,1,61.5690,171.5940,0.0000,947.4890,194.4070,137.1010,0.0000,0.0000,1512.1600
687,1,3,1,62.5410,166.0670,0.0000,945.5750,194.6220,136.6340,0.0000,0.0000,1505.4390
688,1,3,1,64.9100,166.9230,0.0000,942.6280,195.4030,135.1690,0.0000,0.0000,1505.0330
689,1,3,1,59.9080,165.5380,0.0000,955.2240,192.5170,133.8150,0.0000,0.0000,1507.0020
690,1,3,1,61.2800,165.1080,0.0000,947.4590,191.4220,136.8060,0.0000,0.0000,1502.0750
691,1,3,1,60.2210,165.7110,0.0000,945.5200,236.0310,136.5600,0.0000,0.0000,1544.0430
692,1,3,1,62.0180,170.9850,0.0000,943.8090,195.6990,135.0330,0.0000,0.0000,1507.5440
693,1,3,1,61.2240,167.9940,0.0000,945.0650,195.8340,136.2960,0.0000,0.0000,1506.4130
694,1,3,1,61.4040,167.4900,0.0000,941.1510,196.0800,133.8950,0.0000,0.0000,1500.0200
695,0,3,0,62.8550,165.4400,0.0000,955.3050,193.2370,134.7260,0.0000,0.0000,1511.5630
696,1,3,1,62.8610,167.9880,0.0000,944.3130,194.0980,135.3040,0.0000,0.0000,1504.5640
697,1,3,1,61.1440,167.2680,0.0000,942.2650,193.3110,133.7350,0.0000,0.0000,1497.7230
698,0,3,0,61.0330,174.8250,0.0000,959.3470,198.0130,136.8670,0.0000,0.0000,1530.0850
699,1,3,1,61.9630,167.8100,0.0000,948.0430,196.1170,135.1200,0.0000,0.0000,1509.0530
700,1,3,1,62.3260,165.7910,0.0000,956.6890,195.0770,133.1820,0.0000,0.0000,1513.0650
701,1,3,1,61.4950,167.5080,0.0000,954.8680,193.0830,133.7540,0.0000,0.0000,1510.7080
702,1,3,1,60.5110,164.8800,0.0000,944.4500,194.8000,135.5330,0.0000,0.0000,1500.1740
703,1,3,1,62.0120,166.7760,0.0000,943.1760,194.5350,136.0560,0.0000,0.0000,1502.5550
704,1,3,1,61.5870,164.9110,0.0000,945.2800,202.3010,136.4440,0.0000,0.0000,1510.5230
705,1,3,0,62.3690,167.5760,0.0000,943.9200,193.9940,135.9010,0.0000,0.0000,1503.7600
706,1,3,0,62.5300,166.5660,0.0000,957.4160,195.5010,136.4000,0.0000,0.0000,1518.4130
707,0,3,1,62.6530,164.8430,0.0000,943.2060,195.2180,135.2680,0.0000,0.0000,1501.1880
708,1,3,1,61.4590,166.0370,0.0000,944.1900,194.5660,134.6950,0.0000,0.0000,1500.9470
709,1,3,0,60.6830,165.3290,0.0000,954.6340,194.9110,135.7290,0.0000,0.0000,1511.2860
710,1,3,1,60.8680,166.8240,0.0000,956.2090,203.8770,136.8920,0.0000,0.0000,1524.6700
711,1,3,1,62.7140,167.8400,0.0000,946.3570,196.5230,136.5230,0.0000,0.0000,1509.9570
712,1,3,1,61.3600,167.5140,0.0000,944.8240,195.0520,135.1010,0.0000,0.0000,1503.8510
713,1,3,1,62.2340,168.7320,0.0000,957.7790,195.0090,135.4270,0.0000,0.0000,1519.1810
714,1,3,1,61.6620,166.6090,0.0000,943.4530,193.8150,136.3570,0.0000,0.0000,1501.8960
715,1,3,1,61.8340,166.8310,0.0000,955.3780,192.9170,137.2730,0.0000,0.0000,1514.2330
716,1,3,1,63.7600,164.5420,0.0000,953.7290,205.5070,140.2590,0.0000,0.0000,1527.7970
717,1,3,0,62.8670,171.0340,0.0000,951.4650,196.4740,136.4490,0.0000,0.0000,1518.2890
718,1,3,1,61.2130,166.8550,0.0000,944.0430,195.6000,136.3570,0.0000,0.0000,1504.0680
719,1,3,1,60.8250,167.0100,0.0000,943.0210,196.0800,133.2860,0.0000,0.0000,1500.2220
720,1,3,1,60.4980,167.7110,0.0000,946.5720,191.5690,133.7780,0.0000,0.0000,1500.1280
721,1,3,1,62.3450,166.9350,0.0000,945.2800,191.6000,134.7940,0.0000,0.0000,1500.9540
722,0,3,0,62.0060,165.3420,0.0000,956.7500,238.2770,136.0240,0.0000,0.0000,1558.3990
723,1,3,1,61.7170,170.3940,0.0000,943.2430,196.3450,136.5910,0.0000,0.0000,1508.2900
724,1,3,1,63.8650,167.1140,0.0000,942.5470,193.6620,134.0430,0.0000,0.0000,1501.2310
725,1,3,1,62.5360,166.0250,0.0000,942.7880,192.7690,136.6890,0.0000,0.0000,1500.8070
726,1,3,1,61.1380,165.1940,0.0000,945.4890,193.1080,136.4120,0.0000,0.0000,1501.3410
727,1,3,1,61.2560,168.1720,0.0000,943.0330,194.5780,134.9420,0.0000,0.0000,1501.9810
728,1,3,1,61.6070,166.0370,0.0000,953.7660,193.4760,134.8060,0.0000,0.0000,1509.6920
729,1,3,0,97.7970,171.5700,0.0000,949.0460,196.8430,135.2870,0.0000,0.0000,1550.5430
730,1,3,1,60.7750,167.5450,0.0000,955.6920,195.3910,135.3910,0.0000,0.0000,1514.7940
731,1,3,1,62.5480,165.4700,0.0000,955.9690,195.6120,135.1380,0.0000,0.0000,1514.7370
732,1,3,1,63.0650,165.2800,0.0000,941.6490,193.5080,135.7660,0.0000,0.0000,1499.2680
733,1,3,1,61.7600,166.3510,0.0000,945.6310,195.2920,136.6960,0.0000,0.0000,1505.7300
734,1,3,1,61.2920,165.9320,0.0000,943.3600,195.0210,133.1930,0.0000,0.0000,1498.7980
735,1,3,0,62.7510,166.8800,0.0000,947.1200,203.8150,139.7840,0.0000,0.0000,1520.3500
736,1,3,1,61.9080,167.5630,0.0000,947.0090,196.5230,136.4740,0.0000,0.0000,1509.4770
737,1,3,1,58.8800,167.9080,0.0000,942.6400,193.7110,132.2090,0.0000,0.0000,1495.3480
738,1,3,1,61.1510,166.3140,0.0000,942.9850,196.0550,136.0980,0.0000,0.0000,1502.6030
739,1,3,1,61.2990,167.5880,0.0000,945.4650,195.1320,135.3530,0.0000,0.0000,1504.8370
740,1,3,1,61.9570,166.9050,0.0000,956.4310,195.5880,134.8250,0.0000,0.0000,1515.7060
741,1,3,1,60.2770,165.6680,0.0000,945.2490,200.5100,137.4520,0.0000,0.0000,1509.1560
742,1,3,1,61.4830,167.7410,0.0000,941.1200,195.6060,134.4120,0.0000,0.0000,1500.3620
743,1,3,1,62.5110,166.0190,0.0000,958.0800,195.6370,134.1170,0.0000,0.0000,1516.3640
744,1,3,1,62.9420,164.3760,0.0000,944.9780,195.4770,135.7230,0.0000,0.0000,1503.4960
745,1,3,1,60.0800,166.8870,0.0000,943.9940,194.4860,133.2870,0.0000,0.0000,1498.7340
746,1,3,1,61.2310,166.8740,0.0000,945.2550,192.7630,134.8310,0.0000,0.0000,1500.9540
747,1,3,1,61.5140,167.5700,0.0000,956.7510,203.9440,139.5130,0.0000,0.0000,1529.2920
748,1,3,1,61.5510,166.9360,0.0000,941.7790,196.1230,136.1670,0.0000,0.0000,1502.5560
749,0,3,0,61.6800,166.1970,0.0000,945.3660,194.7440,134.7940,0.0000,0.0000,1502.7810
750,1,3,1,61.2430,164.0990,0.0000,944.2710,194.8500,136.2700,0.0000,0.0000,1500.7330
751,1,3,1,62.6220,164.7750,0.0000,941.9140,190.8680,136.0240,0.0000,0.0000,1496.2030
752,0,3,1,62.4500,166.7320,0.0000,942.1350,194.0250,135.2490,0.0000,0.0000,1500.5910
753,1,3,0,61.9320,164.2520,0.0000,944.6890,230.8120,141.2980,0.0000,0.0000,1542.9830
754,1,3,1,61.6800,168.9360,0.0000,943.9500,196.1360,136.4860,0.0000,0.0000,1507.1880
755,0,3,0,61.6800,168.3750,0.0000,957.2370,193.2060,135.8830,0.0000,0.0000,1516.3810
756,1,3,1,64.1790,166.8130,0.0000,942.6520,195.8650,136.3140,0.0000,0.0000,1505.8230
757,1,3,1,60.6340,167.1200,0.0000,941.5870,196.6150,134.5170,0.0000,0.0000,1500.4730
758,1,3,1,60.3130,166.1230,0.0000,942.8000,193.0280,134.9840,0.0000,0.0000,1497.2480
759,1,3,1,61.0030,166.6470,0.0000,944.0120,194.2400,135.1570,0.0000,0.0000,1501.0590
760,1,3,1,62.6830,207.2990,0.0000,946.5290,197.8580,137.3600,0.0000,0.0000,1551.7290
761,1,3,1,63.2980,168.5780,0.0000,944.1170,194.3500,136.3070,0.0000,0.0000,1506.6500
762,1,3,1,61.4650,165.4890,0.0000,943.6610,194.4620,134.3940,0.0000,0.0000,1499.4710
763,1,3,1,61.4210,166.5110,0.0000,941.1810,193.6860,135.5880,0.0000,0.0000,1498.3870
764,1,3,1,60.3820,165.4460,0.0000,945.9870,192.2590,135.8400,0.0000,0.0000,1499.9140
765,1,3,1,61.5700,167.3600,0.0000,940.9730,195.5390,135.0950,0.0000,0.0000,1500.5370
766,1,3,1,61.1320,164.9660,0.0000,948.0180,198.9900,137.1810,0.0000,0.0000,1510.2870
767,1,3,1,60.8740,167.8400,0.0000,945.5320,194.1170,137.2190,0.0000,0.0000,1505.5820
768,1,3,1,63.7480,166.5600,0.0000,943.9010,196.4560,136.7260,0.0000,0.0000,1507.3910
769,0,3,0,61.9570,166.8560,0.0000,943.8890,195.0830,135.5140,0.0000,0.0000,1503.2990
770,1,3,1,60.9290,165.4530,0.0000,955.2490,195.8160,135.0700,0.0000,0.0000,1512.5170
771,1,3,1,61.7110,167.6240,0.0000,945.4090,194.7630,135.0040,0.0000,0.0000,1504.5110
772,1,3,1,61.3720,165.8330,0.0000,943.0830,207.4400,139.6130,0.0000,0.0000,1517.3410
773,1,3,0,61.4400,168.8490,0.0000,950.7260,197.1880,135.7360,0.0000,0.0000,1513.9390
774,1,3,0,61.8830,169.3970,0.0000,955.8960,195.6370,134.4250,0.0000,0.0000,1517.2380
775,1,3,1,60.9730,165.9080,0.0000,942.3450,194.0860,137.5380,0.0000,0.0000,1500.8500
776,1,3,1,61.5380,166.7390,0.0000,957.8220,196.4930,134.7640,0.0000,0.0000,1517.3560
777,1,3,1,60.9910,166.0190,0.0000,942.1350,194.8430,136.7010,0.0000,0.0000,1500.6890
778,0,3,0,61.0400,166.8990,0.0000,943.3730,199.9140,136.7940,0.0000,0.0000,1508.0200
779,0,3,0,62.4000,167.6740,0.0000,943.9380,195.9690,136.3380,0.0000,0.0000,1506.3190
780,1,3,1,62.3630,166.5970,0.0000,941.6120,193.0830,135.7290,0.0000,0.0000,1499.3840
781,1,3,1,61.2560,166.6030,0.0000,944.6830,195.4650,135.7910,0.0000,0.0000,1503.7980
782,1,3,1,61.0650,166.4800,0.0000,940.7640,195.4590,134.7390,0.0000,0.0000,1498.5070
783,1,3,1,62.4310,164.9600,0.0000,944.5420,193.0950,136.2400,0.0000,0.0000,1501.2680
784,1,3,1,59.3420,166.6280,0.0000,943.6000,193.9270,177.5200,0.0000,0.0000,1541.0170
785,1,3,1,63.4710,170.0670,0.0000,958.8060,194.9790,136.9470,0.0000,0.0000,1524.2700
786,0,3,0,62.1540,166.7510,0.0000,944.5790,194.8800,134.3020,0.0000,0.0000,1502.6660
787,0,3,0,60.4180,166.0310,0.0000,956.1100,195.8460,145.0400,0.0000,0.0000,1523.4450
788,1,3,0,74.1170,234.1170,0.0000,973.9450,303.2560,208.3570,0.0000,0.0000,1793.7920
789,1,3,1,93.4890,259.2740,0.0000,972.4370,277.2120,176.6150,0.0000,0.0000,1779.0270
790,0,3,1,73.9200,193.3350,0.0000,959.1690,235.8830,157.2620,0.0000,0.0000,1619.5690
791,1,3,1,66.6770,179.5260,0.0000,946.9110,203.0340,143.0950,0.0000,0.0000,1539.2430
792,1,3,1,62.2950,170.6030,0.0000,946.1050,198.7630,140.2460,0.0000,0.0000,1518.0120
793,1,3,1,61.0960,167.5200,0.0000,940.6580,196.3940,136.6160,0.0000,0.0000,1502.2840
794,1,3,1,62.9600,167.2000,0.0000,941.0530,193.7300,136.8930,0.0000,0.0000,1501.8360
795,0,3,0,61.7480,167.3540,0.0000,945.1320,195.7970,135.4030,0.0000,0.0000,1505.4340
796,1,3,1,61.4650,165.1260,0.0000,957.8520,254.0680,139.8030,0.0000,0.0000,1578.3140
797,1,3,1,63.4580,175.1510,0.0000,948.2470,202.7020,138.3870,0.0000,0.0000,1527.9450
798,1,3,1,62.5970,167.5810,0.0000,944.1670,197.2300,136.5480,0.0000,0.0000,1508.1230
799,1,3,1,63.6240,170.5780,0.0000,943.2740,194.5410,135.6680,0.0000,0.0000,1507.6850
800,0,3,0,61.9450,167.8030,0.0000,954.5670,195.3170,135.1570,0.0000,0.0000,1514.7890
801,0,3,0,61.9200,166.0240,0.0000,955.9690,193.8830,132.3880,0.0000,0.0000,1510.1840
802,1,3,1,60.5480,166.9540,0.0000,942.7440,193.0340,133.3600,0.0000,0.0000,1496.6400
803,1,3,1,73.2980,176.2400,0.0000,948.3760,199.9140,140.4800,0.0000,0.0000,1538.3080
804,0,3,0,63.5820,170.1480,0.0000,945.6500,197.4090,137.6190,0.0000,0.0000,1514.4080
805,1,3,1,68.5240,177.2310,0.0000,949.2560,198.0680,140.3880,0.0000,0.0000,1533.4670
806,1,3,1,62.7320,168.2340,0.0000,945.8830,195.9810,135.9870,0.0000,0.0000,1508.8170
807,0,3,0,60.9970,168.0430,0.0000,957.8460,194.0310,135.4090,0.0000,0.0000,1516.3260
808,1,3,1,62.1540,165.7670,0.0000,945.5320,194.6030,137.1450,0.0000,0.0000,1505.2010
809,0,3,0,62.8310,230.4610,0.0000,948.7870,206.5170,143.0580,0.0000,0.0000,1591.6540
810,1,3,1,65.4830,170.8430,0.0000,945.1260,196.3510,139.2120,0.0000,0.0000,1517.0150
811,1,3,1,63.0400,168.3510,0.0000,943.6490,196.6280,136.6400,0.0000,0.0000,1508.3080
812,1,3,1,62.2770,166.7870,0.0000,943.8210,195.0640,136.2590,0.0000,0.0000,1504.2080
813,1,3,1,62.7450,167.2000,0.0000,943.9140,195.6310,134.8370,0.0000,0.0000,1504.3270
814,1,3,1,63.1440,166.7440,0.0000,955.7720,194.1540,135.4030,0.0000,0.0000,1515.2170
815,1,3,1,62.7390,165.6920,0.0000,955.8960,207.8030,138.5350,0.0000,0.0000,1530.6650
816,1,3,1,62.5100,170.8060,0.0000,944.6340,195.9010,134.0740,0.0000,0.0000,1507.9250
817,1,3,1,62.2210,167.3660,0.0000,957.4220,195.7050,136.2950,0.0000,0.0000,1519.0090
818,1,3,1,61.8900,166.8800,0.0000,943.6190,193.2550,135.2310,0.0000,0.0000,1500.8750
819,1,3,1,60.1600,165.6310,0.0000,946.8490,193.3900,134.8980,0.0000,0.0000,1500.9280
820,1,3,1,59.8950,165.8830,0.0000,949.4030,196.6650,134.4680,0.0000,0.0000,1506.3140
821,1,3,1,60.7020,165.2310,0.0000,954.7260,219.8830,145.7660,0.0000,0.0000,1546.3080
822,1,3,1,67.3040,173.3170,0.0000,947.4090,198.1480,138.2400,0.0000,0.0000,1524.4180
823,0,3,0,62.9170,166.9540,0.0000,942.5170,199.1330,136.8550,0.0000,0.0000,1508.3760
824,1,3,1,60.7140,167.8280,0.0000,945.1810,196.8240,135.1560,0.0000,0.0000,1505.7030
825,1,3,1,60.9470,167.7600,0.0000,947.0960,192.9100,135.3850,0.0000,0.0000,1504.0980
826,1,3,1,62.3200,165.6190,0.0000,955.2930,194.6220,136.8550,0.0000,0.0000,1514.7090
827,1,3,1,62.6340,165.8100,0.0000,954.5850,208.6400,140.3940,0.0000,0.0000,1532.0630
828,1,3,1,63.9010,172.0190,0.0000,950.2400,197.3600,137.3790,0.0000,0.0000,1520.8990
829,1,3,1,62.4060,168.7630,0.0000,942.8190,196.6650,134.6400,0.0000,0.0000,1505.2930
830,1,3,1,63.3110,168.0610,0.0000,943.6310,198.1170,133.8830,0.0000,0.0000,1507.0030
831,1,3,1,60.4060,166.9660,0.0000,946.5410,195.2620,133.7600,0.0000,0.0000,1502.9350
832,1,3,1,60.8060,165.1510,0.0000,940.8060,195.4090,134.4860,0.0000,0.0000,1496.6580
833,1,3,1,60.4180,167.1700,0.0000,955.8650,254.4550,138.7070,0.0000,0.0000,1576.6150
834,1,3,1,63.0830,169.8100,0.0000,949.9010,195.3230,136.8620,0.0000,0.0000,1514.9790
835,1,3,1,60.5910,168.0860,0.0000,943.0830,196.8300,135.9510,0.0000,0.0000,1504.5410
836,1,3,1,61.2490,165.2430,0.0000,949.1010,195.0210,133.5690,0.0000,0.0000,1504.1830
837,1,3,1,61.3110,165.1930,0.0000,943.6680,195.5820,135.1570,0.0000,0.0000,1500.9110
838,1,3,1,61.6860,167.3480,0.0000,941.5700,191.6860,135.7170,0.0000,0.0000,1498.0070
839,1,3,1,61.5200,165.4710,0.0000,945.0460,193.1140,134.3130,0.0000,0.0000,1499.4640
840,1,3,1,68.2160,171.4770,0.0000,945.6500,196.5790,135.9380,0.0000,0.0000,1517.8600
841,1,3,1,63.1380,168.0310,0.0000,947.0960,195.8280,135.8220,0.0000,0.0000,1509.9150
842,1,3,1,63.9570,167.8960,0.0000,941.9870,196.3390,136.2710,0.0000,0.0000,1506.4500
843,1,3,1,61.9440,166.6100,0.0000,943.6370,194.2340,134.5230,0.0000,0.0000,1500.9480
844,1,3,1,61.0770,166.5970,0.0000,942.4740,196.8620,134.8620,0.0000,0.0000,1501.8720
845,1,3,1,61.4640,166.5910,0.0000,943.2310,194.1170,135.0650,0.0000,0.0000,1500.4680
846,1,3,1,62.4120,166.0000,0.0000,950.0370,203.6180,138.6650,0.0000,0.0000,1520.7320
847,1,3,1,61.2370,170.3820,0.0000,941.7350,194.2210,134.1720,0.0000,0.0000,1501.7470
848,1,3,1,62.6580,166.0920,0.0000,946.9670,194.5660,132.7320,0.0000,0.0000,1503.0150
849,0,3,0,62.0490,167.5010,0.0000,944.4120,195.3600,135.3240,0.0000,0.0000,1504.6460
850,1,3,1,64.2150,166.4740,0.0000,943.5010,194.8300,134.4190,0.0000,0.0000,1503.4390
851,1,3,1,60.3690,165.5070,0.0000,943.3050,193.7670,133.8950,0.0000,0.0000,1496.8430
852,1,3,1,61.3050,166.2340,0.0000,945.7290,201.0950,137.4890,0.0000,0.0000,1511.8520
853,1,3,1,63.3110,168.3080,0.0000,956.8310,194.7750,136.0240,0.0000,0.0000,1519.2490
854,1,3,1,62.1480,165.2370,0.0000,957.2120,194.8190,135.4640,0.0000,0.0000,1514.8800
855,1,3,1,62.0620,165.6370,0.0000,954.9050,193.6120,133.6680,0.0000,0.0000,1509.8840
856,1,3,1,60.1600,165.1440,0.0000,943.8580,193.8150,137.6240,0.0000,0.0000,1500.6010
857,1,3,1,62.2590,169.0340,0.0000,944.3940,193.6800,135.6370,0.0000,0.0000,1505.0040
858,1,3,1,61.9260,167.6370,0.0000,955.4700,203.3230,139.6120,0.0000,0.0000,1527.9680
859,0,3,1,60.9110,170.4990,0.0000,945.4830,195.3600,134.6960,0.0000,0.0000,1506.9490
860,0,3,0,61.3600,168.6710,0.0000,944.8120,195.1200,135.9260,0.0000,0.0000,1505.8890
861,0,3,0,62.5350,166.7630,0.0000,944.7940,195.0530,134.8250,0.0000,0.0000,1503.9700
862,1,3,1,61.4590,166.2650,0.0000,958.0250,193.2740,135.8460,0.0000,0.0000,1514.8690
863,1,3,1,60.7070,164.7870,0.0000,942.0250,194.3010,136.1900,0.0000,0.0000,1498.0100
864,1,3,1,61.7660,166.0000,0.0000,944.1110,423.8830,151.6120,0.0000,0.0000,1747.3720
865,1,3,1,66.5230,184.8980,0.0000,950.9840,204.7080,139.4340,0.0000,0.0000,1546.5470
866,1,3,1,64.4060,170.5840,0.0000,950.9160,198.4000,137.2860,0.0000,0.0000,1521.5920
867,1,3,1,62.5600,166.9540,0.0000,944.7630,196.1850,136.5850,0.0000,0.0000,1507.0470
868,1,3,1,61.7110,166.4120,0.0000,942.9910,194.6280,133.3670,0.0000,0.0000,1499.1090
869,1,3,1,62.7200,167.2000,0.0000,943.2990,195.3780,135.0090,0.0000,0.0000,1503.6060
870,1,3,1,61.6680,168.2150,0.0000,942.4430,237.0150,138.8190,0.0000,0.0000,1548.1600
871,1,3,1,62.0860,173.0280,0.0000,956.2160,195.8160,137.2930,0.0000,0.0000,1524.4390
872,1,3,1,61.5930,167.0150,0.0000,941.0220,194.9230,135.9080,0.0000,0.0000,1500.4610
873,1,3,1,61.4220,167.0640,0.0000,957.3050,194.6710,135.6300,0.0000,0.0000,1516.0920
874,1,3,1,60.7510,165.0580,0.0000,954.8610,193.6120,134.4680,0.0000,0.0000,1508.7500
875,1,3,1,62.5480,166.3010,0.0000,942.1230,193.3290,134.7380,0.0000,0.0000,1499.0390
876,0,3,0,61.8520,166.1110,0.0000,942.9540,195.7660,137.0760,0.0000,0.0000,1503.7590
877,1,3,1,61.3470,172.1100,0.0000,957.1940,196.0250,137.2980,0.0000,0.0000,1523.9740
878,1,3,1,64.4680,169.0030,0.0000,957.4220,195.1440,136.9720,0.0000,0.0000,1523.0090
879,0,3,0,60.8800,167.1140,0.0000,943.0580,192.9170,135.3290,0.0000,0.0000,1499.2980
880,1,3,1,59.8160,167.3660,0.0000,957.1270,193.6240,134.0430,0.0000,0.0000,1511.9760
881,1,3,1,60.6470,166.4670,0.0000,942.3440,194.5230,135.3480,0.0000,0.0000,1499.3290
882,1,3,1,60.7200,167.9080,0.0000,944.5730,195.3050,133.6670,0.0000,0.0000,1502.1730
883,0,3,0,60.8310,166.3510,0.0000,950.3380,205.3290,138.0560,0.0000,0.0000,1520.9050
884,1,3,1,63.2430,169.8400,0.0000,943.0400,197.5500,137.6800,0.0000,0.0000,1511.3530
885,1,3,1,61.9320,166.4180,0.0000,948.0550,194.4500,135.5870,0.0000,0.0000,1506.4420
886,1,3,1,61.2490,165.8770,0.0000,943.3360,195.9450,134.8300,0.0000,0.0000,1501.2370
887,1,3,0,61.4340,165.7170,0.0000,944.9040,196.0680,134.6220,0.0000,0.0000,1502.7450
888,1,3,1,62.0680,166.5600,0.0000,956.3630,192.8680,134.1050,0.0000,0.0000,1511.9640
889,1,3,1,60.7820,166.7690,0.0000,952.3200,205.4460,137.5690,0.0000,0.0000,1522.8860
890,1,3,1,63.1570,169.0770,0.0000,945.3720,197.7910,136.1050,0.0000,0.0000,1511.5020
891,0,3,0,62.0860,165.5380,0.0000,956.1230,193.6370,136.0250,0.0000,0.0000,1513.4090
892,1,3,1,62.2460,166.6340,0.0000,943.5200,194.2830,134.9540,0.0000,0.0000,1501.6370
893,1,3,0,60.1540,167.5440,0.0000,942.4430,195.1880,135.7660,0.0000,0.0000,1501.0950
894,1,3,0,60.7440,167.7410,0.0000,954.4310,195.0340,133.7350,0.0000,0.0000,1511.6850
895,1,3,1,60.8370,165.8340,0.0000,943.5700,202.5410,139.1260,0.0000,0.0000,1511.9080
896,1,3,1,62.4620,167.4710,0.0000,944.9420,194.8990,134.0060,0.0000,0.0000,1503.7800
897,1,3,1,61.9750,168.4370,0.0000,955.6120,196.0560,136.5540,0.0000,0.0000,1518.6340
898,0,3,1,61.4400,167.7540,0.0000,946.6640,196.5970,134.8430,0.0000,0.0000,1507.2980
899,1,3,1,62.0370,166.0370,0.0000,944.3080,194.5540,134.0550,0.0000,0.0000,1500.9910
900,1,3,1,62.0430,166.4550,0.0000,942.9970,193.3600,136.9600,0.0000,0.0000,1501.8150
901,1,3,1,62.2210,167.3290,0.0000,940.8740,235.0770,138.3130,0.0000,0.0000,1543.8140
902,1,3,1,62.5050,170.8370,0.0000,944.5730,196.0860,134.6520,0.0000,0.0000,1508.6530
903,1,3,1,62.9970,166.5480,0.0000,943.5870,194.6950,134.0990,0.0000,0.0000,1501.9260
904,1,3,1,61.1140,167.8220,0.0000,940.9290,193.6430,132.8800,0.0000,0.0000,1496.3880
905,1,3,1,60.7200,168.8000,0.0000,943.4700,193.7660,134.4490,0.0000,0.0000,1501.2050
906,1,3,1,61.3840,165.2490,0.0000,957.0340,193.1080,134.6090,0.0000,0.0000,1511.3840
907,0,3,0,62.6220,168.1540,0.0000,955.2310,194.6710,135.2930,0.0000,0.0000,1515.9710
908,0,3,0,63.9570,171.7540,0.0000,945.6190,196.8860,138.1110,0.0000,0.0000,1516.3270
909,1,3,1,61.1690,168.2710,0.0000,944.6710,196.5790,135.9080,0.0000,0.0000,1506.5980
910,1,3,1,62.3390,168.4300,0.0000,947.6310,195.6370,135.5690,0.0000,0.0000,1509.6060
911,1,3,1,62.4800,166.6340,0.0000,942.9600,192.9850,134.9100,0.0000,0.0000,1499.9690
912,1,3,1,61.2120,166.7380,0.0000,942.5480,195.0890,134.9410,0.0000,0.0000,1500.5280
913,1,3,1,61.3530,164.5480,0.0000,956.6580,192.5540,134.5360,0.0000,0.0000,1509.6490
914,1,3,0,61.6370,167.8590,0.0000,943.5200,201.9690,137.7840,0.0000,0.0000,1512.7690
915,1,3,1,61.5260,169.3970,0.0000,946.7630,195.7470,136.3380,0.0000,0.0000,1509.7710
916,1,3,1,61.7170,168.5360,0.0000,955.7410,192.4740,136.2590,0.0000,0.0000,1514.7270
917,1,3,1,61.9690,166.3440,0.0000,953.6300,192.8360,135.5260,0.0000,0.0000,1510.3050
918,1,3,1,61.4400,167.5020,0.0000,956.6160,194.5530,133.9450,0.0000,0.0000,1514.0560
919,1,3,1,61.0650,163.7970,0.0000,953.8530,192.2960,134.0430,0.0000,0.0000,1505.0540
920,1,3,1,62.8430,166.4860,0.0000,951.0950,207.1020,138.3010,0.0000,0.0000,1525.8270
921,1,3,1,62.5110,172.9900,0.0000,941.0770,197.5270,136.1170,0.0000,0.0000,1510.2220
922,1,3,1,61.9130,169.1820,0.0000,943.1880,194.8740,135.4340,0.0000,0.0000,1504.5910
923,1,3,1,62.1230,165.1750,0.0000,943.6560,194.1420,134.3570,0.0000,0.0000,1499.4530
924,1,3,1,63.5630,165.9070,0.0000,943.4580,193.8100,136.2340,0.0000,0.0000,1502.9720
925,1,3,1,60.4980,165.0270,0.0000,941.4640,192.9720,134.6590,0.0000,0.0000,1494.6200
926,1,3,1,61.7970,165.3350,0.0000,950.8430,201.8280,139.7480,0.0000,0.0000,1519.5510
927,1,3,1,62.5660,168.2220,0.0000,945.9320,197.0520,136.4740,0.0000,0.0000,1510.2460
928,1,3,1,62.3080,166.7570,0.0000,942.1910,194.9230,135.7540,0.0000,0.0000,1501.9330
929,1,3,1,61.1020,168.5600,0.0000,945.2000,194.2960,134.6520,0.0000,0.0000,1503.8100
930,1,3,1,63.3900,166.4370,0.0000,945.5930,193.2920,136.1110,0.0000,0.0000,1504.8230
931,1,3,1,60.5170,164.2520,0.0000,942.4250,194.2030,134.5350,0.0000,0.0000,1495.9320
932,1,3,1,62.7380,166.0000,0.0000,944.5970,229.7100,139.6680,0.0000,0.0000,1542.7130
933,1,3,1,62.0370,169.8460,0.0000,943.9130,196.3140,138.4250,0.0000,0.0000,1510.5350
934,1,3,1,62.7510,165.9510,0.0000,943.8530,195.7110,134.1540,0.0000,0.0000,1502.4200
935,1,3,0,61.5380,165.7470,0.0000,944.9040,194.8740,134.1410,0.0000,0.0000,1501.2040
936,0,3,0,61.0950,166.0360,0.0000,942.9840,194.6280,135.7960,0.0000,0.0000,1500.5390
937,1,3,1,62.6340,166.6830,0.0000,957.9930,194.7200,135.7300,0.0000,0.0000,1517.7600
938,1,3,1,62.0430,167.3910,0.0000,945.2800,193.8770,133.3040,0.0000,0.0000,1501.8950
939,1,3,1,61.7290,208.1910,0.0000,957.3230,198.2400,137.4830,0.0000,0.0000,1562.9660
940,1,3,1,60.3200,166.4240,0.0000,941.6430,194.7940,135.0520,0.0000,0.0000,1498.2330
941,1,3,1,62.5600,164.7570,0.0000,949.1140,195.0520,133.9270,0.0000,0.0000,1505.4100
942,1,3,1,62.0240,165.3730,0.0000,956.2590,192.9660,134.7810,0.0000,0.0000,1511.4030
943,1,3,1,62.6280,166.9350,0.0000,943.8770,192.0000,134.8310,0.0000,0.0000,1500.2710
944,1,3,1,62.4250,164.6710,0.0000,953.8590,194.2770,133.3050,0.0000,0.0000,1508.5370
945,1,3,1,61.7420,165.4520,0.0000,946.4000,198.3690,135.3110,0.0000,0.0000,1507.2740
946,1,3,1,61.6490,166.3560,0.0000,942.3320,193.7540,136.0000,0.0000,0.0000,1500.0910
947,1,3,1,62.5480,166.9910,0.0000,942.8120,195.4640,134.3880,0.0000,0.0000,1502.2030
948,0,3,0,60.6340,164.9360,0.0000,942.8860,194.9350,137.2920,0.0000,0.0000,1500.6830
949,1,3,1,60.4620,167.1450,0.0000,956.7750,192.1970,135.8950,0.0000,0.0000,1512.4740
950,1,3,1,62.4680,167.4210,0.0000,952.5480,194.8430,133.7730,0.0000,0.0000,1511.0530
951,1,3,1,60.6890,165.8700,0.0000,958.5290,202.2210,138.6890,0.0000,0.0000,1525.9980
952,1,3,1,64.4550,167.3900,0.0000,948.2580,196.6460,135.0210,0.0000,0.0000,1511.7700
953,1,3,1,61.2990,167.2370,0.0000,943.2680,193.6310,133.0770,0.0000,0.0000,1498.5120
954,1,3,1,62.6150,165.5500,0.0000,945.6620,196.4920,136.5170,0.0000,0.0000,1506.8360
955,1,3,1,62.2340,166.8680,0.0000,954.7450,193.5810,133.5510,0.0000,0.0000,1510.9790
956,1,3,1,61.0770,166.5790,0.0000,943.5070,194.0680,134.9480,0.0000,0.0000,1500.1790
957,1,3,1,62.0120,165.5320,0.0000,949.2060,203.9270,139.1570,0.0000,0.0000,1519.8340
958,1,3,1,63.6620,169.2920,0.0000,948.9050,197.2360,137.8030,0.0000,0.0000,1516.8980
959,1,3,1,61.7970,167.9260,0.0000,943.5070,194.5230,136.7750,0.0000,0.0000,1504.5280
960,1,3,1,61.8530,166.9970,0.0000,943.5260,193.6370,133.7660,0.0000,0.0000,1499.7790
961,1,3,1,60.8740,168.2590,0.0000,957.4100,194.6460,133.6120,0.0000,0.0000,1514.8010
962,0,3,1,62.3140,165.6800,0.0000,944.1360,193.8090,134.3940,0.0000,0.0000,1500.3330
963,1,3,1,60.9900,164.8310,0.0000,945.2740,196.3200,179.5880,0.0000,0.0000,1547.0030
964,1,3,1,63.4710,169.6130,0.0000,943.3780,196.5410,136.5290,0.0000,0.0000,1509.5320
965,1,3,1,61.9690,167.5080,0.0000,943.7600,196.6090,135.3850,0.0000,0.0000,1505.2310
966,1,3,1,63.4900,166.7690,0.0000,946.4060,195.1690,135.5320,0.0000,0.0000,1507.3660
967,1,3,1,60.8120,166.4430,0.0000,956.5540,195.0590,134.4550,0.0000,0.0000,1513.3230
968,1,3,1,60.9790,165.4150,0.0000,954.7820,196.0190,135.7230,0.0000,0.0000,1512.9180
969,1,3,1,62.6960,165.4590,0.0000,944.1110,194.5230,134.1840,0.0000,0.0000,1500.9730
970,0,3,0,61.3230,205.0890,0.0000,957.0040,197.8830,136.1360,0.0000,0.0000,1557.4350
971,1,3,1,62.7760,168.7380,0.0000,943.5380,195.4770,135.4770,0.0000,0.0000,1506.0060
972,0,3,0,61.4160,165.6800,0.0000,956.8120,194.8180,136.2890,0.0000,0.0000,1515.0150
973,1,3,1,61.8400,167.5880,0.0000,943.9510,195.7480,134.6210,0.0000,0.0000,1503.7480
974,1,3,1,62.0680,166.3500,0.0000,943.0210,193.4830,135.3050,0.0000,0.0000,1500.2270
975,1,3,1,62.1790,166.5910,0.0000,956.9290,194.1790,135.9260,0.0000,0.0000,1515.8040
976,1,3,1,61.9690,165.2920,0.0000,943.4400,202.4000,139.0710,0.0000,0.0000,1512.1720
977,1,3,1,61.6620,168.4000,0.0000,957.1140,195.3350,135.3840,0.0000,0.0000,1517.8950
978,1,3,1,61.2740,168.2220,0.0000,955.8460,195.5390,133.8340,0.0000,0.0000,1514.7150
979,0,3,0,61.3170,166.5230,0.0000,944.3510,193.9760,136.7080,0.0000,0.0000,1502.8750
980,0,3,1,62.7200,164.5360,0.0000,943.7910,192.9600,133.9070,0.0000,0.0000,1497.9140
981,1,3,0,62.1660,165.1930,0.0000,944.4920,194.7630,134.4130,0.0000,0.0000,1501.0270
982,1,3,1,61.6920,165.2250,0.0000,948.3260,202.9350,139.4160,0.0000,0.0000,1517.5940
983,0,3,1,61.3720,168.4370,0.0000,944.1050,193.8280,136.0000,0.0000,0.0000,1503.7420
984,1,3,1,62.1360,166.9480,0.0000,947.9020,196.7320,134.7700,0.0000,0.0000,1508.4880
985,1,3,1,61.6060,166.9900,0.0000,946.3390,194.2460,135.1510,0.0000,0.0000,1504.3320
986,1,3,1,61.7790,166.6030,0.0000,943.6000,193.3910,134.5720,0.0000,0.0000,1499.9450
987,1,3,1,62.1970,163.8950,0.0000,943.1940,194.8680,134.7020,0.0000,0.0000,1498.8560
988,1,3,1,62.6210,164.7450,0.0000,957.6180,201.3100,139.4340,0.0000,0.0000,1525.7280
989,1,3,1,61.7110,167.8650,0.0000,945.6740,196.3140,136.4370,0.0000,0.0000,1508.0010
990,1,3,1,63.4650,165.8650,0.0000,954.2460,195.1200,134.2150,0.0000,0.0000,1512.9110
991,1,3,1,62.0250,166.1360,0.0000,955.3850,194.7070,135.6920,0.0000,0.0000,1513.9450
992,0,3,0,61.8090,168.1790,0.0000,952.3570,194.4920,134.5790,0.0000,0.0000,1511.4160
993,1,3,1,59.9200,165.8700,0.0000,947.0580,195.2920,137.1630,0.0000,0.0000,1505.3030
994,1,3,1,62.7880,165.8400,0.0000,943.8470,195.0340,145.5940,0.0000,0.0000,1513.1030
995,0,3,0,63.0280,173.7110,0.0000,945.7290,194.9850,136.9720,0.0000,0.0000,1514.4250
996,1,3,1,62.8800,165.5320,0.0000,943.7970,195.1750,135.9390,0.0000,0.0000,1503.3230
997,0,3,0,61.9260,167.6560,0.0000,943.3790,194.0670,134.5790,0.0000,0.0000,1501.6070
998,1,3,1,64.4920,164.5840,0.0000,943.5820,195.2000,134.6340,0.0000,0.0000,1502.4920
999,1,3,0,59.6740,167.0340,0.0000,944.6580,196.1480,134.4620,0.0000,0.0000,1501.9760
1000,1,3,1,61.9510,167.6060,0.0000,945.0710,194.0740,132.9900,0.0000,0.0000,1501.6920
1001,1,3,1,63.5140,205.5200,0.0000,944.2950,198.5600,136.1410,0.0000,0.0000,1548.0300
1002,1,3,1,65.0340,166.5480,0.0000,942.4920,195.1450,136.8370,0.0000,0.0000,1506.0560
1003,1,3,1,62.1540,164.2840,0.0000,945.7910,192.8130,134.2830,0.0000,0.0000,1499.3250
1004,1,3,1,61.1450,166.7260,0.0000,948.6030,196.5910,133.9570,0.0000,0.0000,1507.0220
1005,1,3,1,62.6840,168.3320,0.0000,942.3390,193.5140,133.5260,0.0000,0.0000,1500.3950
1006,1,3,1,61.5880,164.6270,0.0000,956.4000,194.0370,135.4340,0.0000,0.0000,1512.0860
1007,1,3,1,61.8210,167.8030,0.0000,945.9140,200.5540,137.8160,0.0000,0.0000,1513.9080
1008,1,3,1,60.4310,168.2280,0.0000,943.3790,199.3170,137.5390,0.0000,0.0000,1508.8940
1009,1,3,1,61.3480,166.9660,0.0000,945.5510,194.1230,135.6980,0.0000,0.0000,1503.6860
1010,0,3,1,63.6620,166.3510,0.0000,958.7940,194.3570,136.7510,0.0000,0.0000,1519.9150
1011,1,3,1,62.3760,165.5390,0.0000,942.0000,194.8060,135.5450,0.0000,0.0000,1500.2660
1012,1,3,1,60.2150,166.4920,0.0000,955.1380,193.0160,133.3790,0.0000,0.0000,1508.2400
1013,1,3,1,61.9510,167.5880,0.0000,950.1840,221.1820,148.6210,0.0000,0.0000,1549.5260
1014,1,3,1,65.2000,174.2530,0.0000,947.9260,198.1780,136.8190,0.0000,0.0000,1522.3760
1015,1,3,1,63.3300,167.5200,0.0000,957.6680,197.5140,135.8890,0.0000,0.0000,1521.9210
1016,1,3,1,61.0650,167.7540,0.0000,945.0770,198.0430,137.0030,0.0000,0.0000,1508.9420
1017,1,3,1,62.7510,166.9480,0.0000,944.2270,194.6770,135.0770,0.0000,0.0000,1503.6800
1018,1,3,1,59.8340,167.5820,0.0000,947.6930,193.8400,133.9760,0.0000,0.0000,1502.9250
1019,1,3,1,62.4300,165.9570,0.0000,957.6740,211.7910,142.3140,0.0000,0.0000,1540.1660
1020,1,3,1,64.0870,171.0400,0.0000,943.4770,196.1420,137.3970,0.0000,0.0000,1512.1430
1021,1,3,1,61.0950,169.2680,0.0000,945.1260,194.4240,134.9910,0.0000,0.0000,1504.9040
1022,1,3,1,62.6220,166.3870,0.0000,944.1540,194.0250,135.1820,0.0000,0.0000,1502.3700
1023,1,3,1,63.3540,167.1570,0.0000,954.8740,195.8770,136.9780,0.0000,0.0000,1518.2400
1024,1,3,1,62.2150,165.6800,0.0000,942.3760,195.7350,135.0710,0.0000,0.0000,1501.0770
1025,0,3,0,61.9010,165.0520,0.0000,942.2830,234.0800,134.9410,0.0000,0.0000,1538.2570
1026,1,3,1,63.0030,169.0710,0.0000,947.8650,195.7230,137.0220,0.0000,0.0000,1512.6840
1027,1,3,1,63.0650,168.9720,0.0000,955.5760,196.1780,134.9720,0.0000,0.0000,1518.7630
1028,0,3,0,62.3140,165.3290,0.0000,957.2240,193.9390,132.5910,0.0000,0.0000,1511.3970
1029,1,3,1,60.3940,168.1660,0.0000,946.8120,194.3570,135.2490,0.0000,0.0000,1504.9780
1030,1,3,1,61.6610,167.4520,0.0000,956.7260,194.8550,135.0710,0.0000,0.0000,1515.7650
1031,1,3,1,61.4340,164.5670,0.0000,956.3810,193.5690,135.7720,0.0000,0.0000,1511.7230
1032,1,3,1,117.5450,171.3540,0.0000,957.9080,198.6590,137.8030,0.0000,0.0000,1583.2690
1033,1,3,1,61.9260,166.0930,0.0000,942.9350,194.9670,134.9970,0.0000,0.0000,1500.9180
1034,1,3,1,62.4120,168.2210,0.0000,944.0300,195.4210,135.4460,0.0000,0.0000,1505.5300
1035,1,3,1,61.7840,167.0650,0.0000,941.9630,192.2830,134.0430,0.0000,0.0000,1497.1380
1036,1,3,1,61.5450,166.1350,0.0000,941.1690,195.7960,133.1010,0.0000,0.0000,1497.7460
1037,1,3,1,62.3080,165.2680,0.0000,943.2550,196.0310,133.4400,0.0000,0.0000,1500.3020
1038,1,3,1,61.4890,166.1050,0.0000,955.1200,201.5630,137.4960,0.0000,0.0000,1521.7730
1039,1,3,1,62.9420,165.6250,0.0000,943.9010,197.4770,137.1020,0.0000,0.0000,1507.0470
1040,1,3,1,63.1940,167.8150,0.0000,945.6490,196.0490,135.8150,0.0000,0.0000,1508.5220
1041,1,3,1,62.2280,166.4370,0.0000,945.0210,195.8460,135.6560,0.0000,0.0000,1505.1880
1042,1,3,1,60.8920,167.3170,0.0000,955.6740,194.0920,136.3630,0.0000,0.0000,1514.3380
1043,1,3,1,62.3020,164.5050,0.0000,942.6030,193.7050,136.6770,0.0000,0.0000,1499.7920
1044,0,3,0,61.3420,166.2530,0.0000,947.3840,200.3880,138.9850,0.0000,0.0000,1514.3520
1045,1,3,1,62.3750,167.0770,0.0000,942.1790,195.3540,136.0120,0.0000,0.0000,1502.9970
1046,1,3,1,61.6070,167.5690,0.0000,945.2620,193.9700,134.2830,0.0000,0.0000,1502.6910
1047,1,3,1,62.7320,165.0890,0.0000,942.2650,192.4360,133.2740,0.0000,0.0000,1495.7960
1048,1,3,1,62.7080,164.7810,0.0000,956.8490,193.3480,134.8740,0.0000,0.0000,1512.5600
1049,1,3,1,62.7880,167.5690,0.0000,947.0400,194.1900,132.8310,0.0000,0.0000,1504.4180
1050,1,3,1,61.5750,166.5970,0.0000,951.8590,204.4060,139.7970,0.0000,0.0000,1524.2340
1051,0,3,0,62.7140,167.6490,0.0000,957.5690,197.4520,137.5690,0.0000,0.0000,1522.9530
1052,1,3,1,61.7540,167.6000,0.0000,941.5500,196.7320,135.7850,0.0000,0.0000,1503.4210
1053,1,3,1,61.5510,165.8460,0.0000,943.9080,193.0650,133.2860,0.0000,0.0000,1497.6560
1054,0,3,0,60.6220,163.0340,0.0000,942.1480,193.2180,136.2520,0.0000,0.0000,1495.2740
1055,1,3,1,61.5320,163.8280,0.0000,941.3530,194.1720,133.6610,0.0000,0.0000,1494.5460
1056,1,3,1,60.4430,166.2900,0.0000,943.8160,234.3450,137.9870,0.0000,0.0000,1542.8810
1057,1,3,1,62.5660,172.8670,0.0000,943.7720,198.2530,135.0830,0.0000,0.0000,1512.5410
1058,1,3,1,63.2860,165.5140,0.0000,957.6190,196.4800,134.5900,0.0000,0.0000,1517.4890
1059,1,3,1,62.1780,166.3450,0.0000,941.9380,192.0000,134.2090,0.0000,0.0000,1496.6700
1060,1,3,1,61.7840,166.0800,0.0000,943.3780,193.4030,135.1200,0.0000,0.0000,1499.7650
1061,1,3,1,62.1420,166.6400,0.0000,946.2150,195.0220,134.5840,0.0000,0.0000,1504.6030
1062,1,3,1,61.7480,166.2470,0.0000,953.1080,192.6090,133.6000,0.0000,0.0000,1507.3120
1063,1,3,1,61.4830,308.0440,0.0000,952.9480,209.5820,147.8950,0.0000,0.0000,1679.9520
1064,1,3,1,64.7200,175.7040,0.0000,943.7360,200.1730,140.4610,0.0000,0.0000,1524.7940
1065,1,3,1,62.4240,170.5170,0.0000,957.1260,196.7320,137.0770,0.0000,0.0000,1523.8760
1066,1,3,1,62.4920,167.0770,0.0000,944.8560,195.7290,136.5910,0.0000,0.0000,1506.7450
1067,1,3,1,61.0090,165.3850,0.0000,956.9540,194.3020,135.2300,0.0000,0.0000,1512.8800
1068,1,3,1,61.0520,166.9910,0.0000,943.9690,193.9020,134.3570,0.0000,0.0000,1500.2710
1069,1,3,1,62.0740,224.1170,0.0000,946.7390,203.8220,139.0700,0.0000,0.0000,1575.8220
1070,1,3,1,62.1600,169.1940,0.0000,943.7230,194.6640,137.4890,0.0000,0.0000,1507.2300
1071,1,3,1,62.0190,168.2340,0.0000,945.9080,195.7170,135.2980,0.0000,0.0000,1507.1760
1072,1,3,1,60.7690,164.4370,0.0000,956.7020,204.0670,169.5320,0.0000,0.0000,1555.5070
1073,1,3,1,80.6030,201.3600,0.0000,952.2280,213.0090,151.6060,0.0000,0.0000,1598.8060
1074,1,3,1,67.0830,176.0860,0.0000,944.5540,197.5570,141.9510,0.0000,0.0000,1527.2310
1075,1,3,1,62.1850,167.3540,0.0000,949.1080,207.6920,142.8310,0.0000,0.0000,1529.1700
1076,1,3,1,61.8950,172.4180,0.0000,959.3420,196.4800,138.8680,0.0000,0.0000,1529.0030
1077,1,3,1,62.8120,168.8860,0.0000,941.5750,195.7600,134.6590,0.0000,0.0000,1503.6920
1078,0,3,0,62.6710,167.5880,0.0000,943.6000,195.1810,134.9360,0.0000,0.0000,1503.9760
1079,1,3,1,62.0740,167.1020,0.0000,944.0000,196.1840,134.8250,0.0000,0.0000,1504.1850
1080,1,3,1,60.8920,165.6490,0.0000,944.2210,194.3510,136.4130,0.0000,0.0000,1501.5260
1081,1,3,1,61.2560,165.4280,0.0000,957.5690,209.5200,144.0120,0.0000,0.0000,1537.7850
1082,0,3,1,65.1440,169.3600,0.0000,944.8610,199.2550,139.0340,0.0000,0.0000,1517.6540
1083,1,3,1,61.6800,168.4490,0.0000,943.4150,194.9470,137.0160,0.0000,0.0000,1505.5070
1084,1,3,1,61.5690,166.4180,0.0000,957.7170,194.8800,137.5330,0.0000,0.0000,1518.1170
1085,1,3,1,62.0060,165.5320,0.0000,944.7570,194.1780,132.4800,0.0000,0.0000,1498.9530
1086,1,3,1,63.4650,164.8930,0.0000,942.1350,192.7820,135.8960,0.0000,0.0000,1499.1710
1087,1,3,1,60.0180,164.0130,0.0000,942.2280,205.1810,139.6490,0.0000,0.0000,1511.0890
1088,1,3,0,63.2680,170.1360,0.0000,946.1230,195.3230,138.5540,0.0000,0.0000,1513.4040
1089,0,3,0,62.0370,167.0280,0.0000,947.2130,192.6900,136.4550,0.0000,0.0000,1505.4230
1090,1,3,1,62.0060,166.7930,0.0000,941.4770,195.7360,133.9940,0.0000,0.0000,1500.0060
1091,1,3,1,61.2990,165.8950,0.0000,941.4520,195.8030,134.6700,0.0000,0.0000,1499.1190
1092,0,3,0,61.7780,165.0590,0.0000,956.7510,194.1480,134.1530,0.0000,0.0000,1511.8890
1093,1,3,0,60.9910,164.1720,0.0000,944.2150,242.4550,134.6640,0.0000,0.0000,1546.4970
1094,1,3,1,61.7780,167.6490,0.0000,943.9690,196.3700,136.2400,0.0000,0.0000,1506.0060
1095,1,3,1,61.1570,164.5970,0.0000,944.0250,195.8280,135.3600,0.0000,0.0000,1500.9670
1096,1,3,1,61.5870,167.4770,0.0000,942.6460,192.8550,133.8530,0.0000,0.0000,1498.4180
1097,0,3,0,62.1230,167.1010,0.0000,943.8770,193.4710,133.7040,0.0000,0.0000,1500.2760
1098,1,3,1,60.7570,166.7130,0.0000,953.1870,192.5350,135.1810,0.0000,0.0000,1508.3730
1099,0,3,0,60.3260,164.9350,0.0000,956.8430,191.4400,135.0460,0.0000,0.0000,1508.5900
1100,1,3,1,102.9660,170.0740,0.0000,945.2990,197.1940,138.4680,0.0000,0.0000,1554.0010
1101,1,3,1,62.6270,166.7510,0.0000,958.0680,193.9640,134.9160,0.0000,0.0000,1516.3260
1102,0,3,0,63.0340,168.7450,0.0000,940.9480,192.8620,135.1450,0.0000,0.0000,1500.7340
1103,1,3,1,62.3140,164.9170,0.0000,942.8370,192.3450,133.2430,0.0000,0.0000,1495.6560
1104,1,3,1,61.3540,165.5020,0.0000,957.0400,194.5050,136.2460,0.0000,0.0000,1514.6470
1105,1,3,1,62.3010,164.9350,0.0000,954.8550,193.6990,134.9720,0.0000,0.0000,1510.7620
1106,1,3,1,61.4830,164.7810,0.0000,945.8150,206.6340,139.1200,0.0000,0.0000,1517.8330
1107,1,3,1,62.9910,168.9110,0.0000,946.8000,195.4590,138.5230,0.0000,0.0000,1512.6840
1108,1,3,0,64.3070,166.2030,0.0000,941.0160,195.5080,135.7970,0.0000,0.0000,1502.8310
1109,1,3,1,62.3260,165.8150,0.0000,955.3720,195.4580,137.0220,0.0000,0.0000,1515.9930
1110,1,3,1,62.2460,166.7140,0.0000,941.9940,193.9200,134.9600,0.0000,0.0000,1499.8340
1111,1,3,1,61.1690,164.5290,0.0000,956.5720,194.4310,133.2250,0.0000,0.0000,1509.9260
1112,1,3,1,61.7660,166.6150,0.0000,942.7320,231.4530,149.6610,0.0000,0.0000,1552.2270
1113,0,3,0,65.4830,179.5820,0.0000,949.6310,203.2180,141.0220,0.0000,0.0000,1538.9360
1114,1,3,1,64.0980,167.2920,0.0000,946.8620,196.5050,139.6250,0.0000,0.0000,1514.3820
1115,0,3,1,61.5880,167.7170,0.0000,957.5010,196.3010,135.1510,0.0000,0.0000,1518.2580
1116,0,3,0,60.7510,165.6000,0.0000,944.0490,194.9050,137.6180,0.0000,0.0000,1502.9230
1117,1,3,1,61.1570,168.1600,0.0000,942.9230,194.8490,135.4400,0.0000,0.0000,1502.5290
1118,1,3,1,61.1440,165.6860,0.0000,953.0150,203.2240,139.9070,0.0000,0.0000,1522.9760
1119,1,3,1,63.3230,168.5100,0.0000,944.0680,196.2270,136.8370,0.0000,0.0000,1508.9650
1120,1,3,1,62.8560,166.5170,0.0000,944.2150,197.2430,136.4860,0.0000,0.0000,1507.3170
1121,1,3,1,62.3570,167.0590,0.0000,945.1320,194.3570,133.4710,0.0000,0.0000,1502.3760
1122,1,3,1,60.7080,164.3510,0.0000,942.6330,194.7630,136.7450,0.0000,0.0000,1499.2000
1123,0,3,0,60.7750,166.6280,0.0000,942.6160,194.5910,135.8890,0.0000,0.0000,1500.4990
1124,0,3,0,58.9540,164.5110,0.0000,942.9230,239.2680,138.9230,0.0000,0.0000,1544.5790
1125,1,3,1,61.9810,169.1080,0.0000,945.9260,195.3660,136.9410,0.0000,0.0000,1509.3220
1126,1,3,1,61.6670,167.5690,0.0000,942.5360,195.9510,133.9700,0.0000,0.0000,1501.6930
1127,1,3,1,62.7630,166.1850,0.0000,958.0490,196.9970,134.5790,0.0000,0.0000,1518.5730
1128,1,3,1,61.4650,166.2770,0.0000,954.1230,194.3320,135.0890,0.0000,0.0000,1511.2860
1129,0,3,0,62.1040,166.4800,0.0000,942.7690,194.6650,134.1410,0.0000,0.0000,1500.1590
1130,0,3,0,61.5630,166.1540,0.0000,943.8710,194.8490,170.5050,0.0000,0.0000,1536.9420
1131,1,3,0,71.5810,179.5570,0.0000,950.3630,200.6830,141.1930,0.0000,0.0000,1543.3770
1132,1,3,0,63.6370,171.8400,0.0000,943.4700,197.8890,137.5820,0.0000,0.0000,1514.4180
1133,1,3,1,63.7160,167.8030,0.0000,942.2580,195.8160,135.4160,0.0000,0.0000,1505.0090
1134,1,3,1,61.4960,166.2520,0.0000,943.2190,195.7480,135.0460,0.0000,0.0000,1501.7610
1135,1,3,1,63.4770,166.4670,0.0000,943.7230,193.6990,136.9230,0.0000,0.0000,1504.2890
1136,1,3,1,60.4190,165.1020,0.0000,945.3970,193.2370,134.3020,0.0000,0.0000,1498.4570
1137,1,3,1,62.6460,208.6210,0.0000,959.1450,201.6800,137.3350,0.0000,0.0000,1569.4270
1138,1,3,1,63.4710,170.6270,0.0000,957.7600,197.3290,136.3510,0.0000,0.0000,1525.5380
1139,1,3,1,62.8000,166.2950,0.0000,944.0000,193.9380,138.4800,0.0000,0.0000,1505.5130
1140,0,3,0,61.3660,164.1600,0.0000,944.1600,195.6680,134.0560,0.0000,0.0000,1499.4100
1141,0,3,1,60.7200,166.1360,0.0000,957.3420,194.0990,135.6800,0.0000,0.0000,1513.9770
1142,1,3,1,62.3630,168.1790,0.0000,941.6370,193.2190,135.7480,0.0000,0.0000,1501.1460
1143,1,3,1,61.7900,166.4240,0.0000,954.8800,213.6680,141.9880,0.0000,0.0000,1538.7500
1144,0,3,0,63.3850,171.3910,0.0000,947.8710,196.6280,137.6730,0.0000,0.0000,1516.9480
1145,1,3,1,62.2830,168.2400,0.0000,946.4670,196.4490,133.1570,0.0000,0.0000,1506.5960
1146,1,3,1,61.2060,166.2160,0.0000,945.3230,193.7420,135.3050,0.0000,0.0000,1501.7920
1147,1,3,1,62.0980,164.4860,0.0000,945.4770,194.2830,133.2070,0.0000,0.0000,1499.5510
1148,1,3,1,60.7570,166.7940,0.0000,942.2530,195.7170,133.1750,0.0000,0.0000,1498.6960
1149,1,3,0,62.6960,165.9750,0.0000,952.7130,203.8520,140.6400,0.0000,0.0000,1525.8760
1150,1,3,1,64.7760,168.1480,0.0000,942.0550,193.5630,136.7200,0.0000,0.0000,1505.2620
1151,1,3,1,62.2340,167.7110,0.0000,944.0310,193.1940,134.3320,0.0000,0.0000,1501.5020
1152,1,3,1,61.6310,167.2610,0.0000,942.8560,191.6860,134.1660,0.0000,0.0000,1497.6000
1153,1,3,1,62.8060,164.1110,0.0000,955.9760,193.9630,135.2370,0.0000,0.0000,1512.0930
1154,1,3,1,61.8160,167.1020,0.0000,941.0220,193.3840,136.7260,0.0000,0.0000,1500.0500
1155,1,3,1,61.9630,165.8150,0.0000,963.9570,202.1420,138.6150,0.0000,0.0000,1532.4920
1156,1,3,1,61.5870,167.9570,0.0000,957.5570,196.8800,135.8950,0.0000,0.0000,1519.8760
1157,1,3,1,62.0930,166.7320,0.0000,955.3670,197.1570,133.5630,0.0000,0.0000,1514.9120
1158,1,3,1,63.5820,166.6830,0.0000,943.3790,197.3850,135.6920,0.0000,0.0000,1506.7210
1159,1,3,1,60.9960,169.5330,0.0000,943.5510,195.3110,134.7630,0.0000,0.0000,1504.1540
1160,1,3,1,60.9420,166.6030,0.0000,943.6680,194.2700,134.2640,0.0000,0.0000,1499.7470
1161,1,3,1,62.7750,168.0300,0.0000,944.8180,196.8000,192.9410,0.0000,0.0000,1565.3640
1162,1,3,1,65.9380,186.1910,0.0000,948.7810,206.0250,144.3510,0.0000,0.0000,1551.2860
1163,1,3,1,62.8610,171.0830,0.0000,943.8700,195.8580,137.3720,0.0000,0.0000,1511.0440
1164,1,3,1,61.5010,167.6310,0.0000,943.5450,194.9050,135.2310,0.0000,0.0000,1502.8130
1165,1,3,1,61.6670,166.5350,0.0000,943.9510,194.9780,136.3320,0.0000,0.0000,1503.4630
1166,1,3,1,63.6920,166.1730,0.0000,944.4860,194.5540,133.8040,0.0000,0.0000,1502.7090
1167,1,3,1,60.8300,163.9630,0.0000,943.7290,194.5050,134.8860,0.0000,0.0000,1497.9130
1168,1,3,1,59.9380,216.1290,0.0000,947.8030,196.9360,137.9450,0.0000,0.0000,1558.7510
1169,0,3,1,61.9390,169.3170,0.0000,958.2150,194.7320,135.4640,0.0000,0.0000,1519.6670
1170,1,3,1,63.5510,165.9630,0.0000,944.1730,193.6980,134.7450,0.0000,0.0000,1502.1300
1171,1,3,1,62.7630,166.6330,0.0000,942.0670,195.8830,133.2300,0.0000,0.0000,1500.5760
1172,1,3,1,61.0460,164.4800,0.0000,942.1850,193.9940,134.3630,0.0000,0.0000,1496.0680
1173,1,3,1,60.8680,166.4240,0.0000,945.7410,196.1230,132.5540,0.0000,0.0000,1501.7100
1174,0,3,0,61.3660,166.3020,0.0000,955.0890,206.2590,142.3880,0.0000,0.0000,1531.4040
1175,1,3,1,62.6340,169.7480,0.0000,954.4370,196.3940,137.6250,0.0000,0.0000,1520.8380
1176,0,3,0,62.5050,166.2960,0.0000,955.4830,196.0430,136.7260,0.0000,0.0000,1517.0530
1177,0,3,0,61.8650,167.1380,0.0000,946.9410,195.0580,134.5050,0.0000,0.0000,1505.5070
1178,1,3,1,61.7170,166.5850,0.0000,947.1690,194.9420,135.2430,0.0000,0.0000,1505.6560
1179,1,3,1,63.1200,165.8030,0.0000,956.0370,194.2210,134.4870,0.0000,0.0000,1513.6680
1180,1,3,1,62.9850,164.2650,0.0000,948.5730,205.2370,137.0960,0.0000,0.0000,1518.1560
1181,1,3,1,63.0220,167.0710,0.0000,945.9080,195.5200,137.1760,0.0000,0.0000,1508.6970
1182,1,3,1,63.2860,169.0900,0.0000,956.0800,195.7720,135.6190,0.0000,0.0000,1519.8470
1183,0,3,0,61.3540,166.0860,0.0000,958.8430,194.1780,134.9050,0.0000,0.0000,1515.3660
1184,1,3,1,64.6710,165.9880,0.0000,955.8220,194.3260,135.3240,0.0000,0.0000,1516.1310
1185,1,3,1,61.4400,165.4100,0.0000,942.6830,193.2680,133.9500,0.0000,0.0000,1496.7510
1186,1,3,1,60.9670,166.3140,0.0000,946.2900,201.4210,137.8280,0.0000,0.0000,1512.8200
1187,1,3,1,62.6650,169.7660,0.0000,944.3930,194.8000,134.7630,0.0000,0.0000,1506.3870
1188,1,3,1,63.5570,166.6340,0.0000,954.7200,194.9720,137.1440,0.0000,0.0000,1517.0270
1189,1,3,1,60.3820,165.4830,0.0000,944.3940,193.5880,132.8490,0.0000,0.0000,1496.6960
1190,0,3,0,60.5910,165.6310,0.0000,957.0650,193.3720,134.8250,0.0000,0.0000,1511.4840
1191,1,3,1,63.0580,165.5570,0.0000,947.5820,192.2220,135.1570,0.0000,0.0000,1503.5760
1192,1,3,1,62.4500,166.3390,0.0000,942.8980,234.9970,137.6310,0.0000,0.0000,1544.3150
1193,1,3,1,61.6190,170.3140,0.0000,951.3470,195.4090,138.6470,0.0000,0.0000,1517.3360
1194,1,3,1,61.0580,166.0440,0.0000,956.9170,193.4150,137.2250,0.0000,0.0000,1514.6590
1195,1,3,1,62.0490,167.6860,0.0000,944.4550,193.1760,133.6610,0.0000,0.0000,1501.0270
1196,1,3,1,61.1010,167.8650,0.0000,943.3780,194.0800,136.1420,0.0000,0.0000,1502.5660
1197,1,3,1,61.6860,166.2710,0.0000,944.8860,194.0620,135.0890,0.0000,0.0000,1501.9940
1198,1,3,1,61.6550,165.1510,0.0000,942.4800,194.6580,135.5260,0.0000,0.0000,1499.4700
1199,1,3,1,62.6950,173.1940,0.0000,943.0960,197.3720,138.9170,0.0000,0.0000,1515.2740
1200,1,3,1,64.4000,166.4360,0.0000,942.4430,193.4030,135.1270,0.0000,0.0000,1501.8090
1201,1,3,1,61.0530,166.4190,0.0000,945.3600,194.3750,133.9570,0.0000,0.0000,1501.1640
1202,1,3,1,61.0150,166.3330,0.0000,941.5010,194.7010,134.6890,0.0000,0.0000,1498.2390
1203,1,3,1,60.9480,164.7080,0.0000,946.9600,192.9850,135.1630,0.0000,0.0000,1500.7640
1204,1,3,1,62.0980,164.2280,0.0000,945.7230,193.5880,133.5450,0.0000,0.0000,1499.1820
1205,1,3,1,61.4340,166.6890,0.0000,945.8530,206.9480,139.4150,0.0000,0.0000,1520.3390
1206,1,3,1,63.1640,168.9600,0.0000,945.3670,195.9380,137.1880,0.0000,0.0000,1510.6170
1207,0,3,0,61.4460,166.0670,0.0000,946.1970,195.6920,135.3780,0.0000,0.0000,1504.7800
1208,1,3,1,62.8370,166.3690,0.0000,942.2770,192.3630,135.4830,0.0000,0.0000,1499.3290
1209,1,3,0,61.1320,165.8710,0.0000,947.4400,193.5870,134.4920,0.0000,0.0000,1502.5220
1210,1,3,1,61.5940,165.7910,0.0000,956.1480,193.5070,133.9760,0.0000,0.0000,1511.0160
1211,1,3,1,61.6620,166.4490,0.0000,946.3320,225.3720,153.1260,0.0000,0.0000,1552.9410
1212,1,3,1,64.1110,174.6830,0.0000,947.0520,201.7970,139.1820,0.0000,0.0000,1526.8250
1213,1,3,1,63.2000,170.1720,0.0000,943.2550,197.4400,136.2830,0.0000,0.0000,1510.3500
1214,1,3,1,61.4090,168.1540,0.0000,945.0770,196.1730,135.1870,0.0000,0.0000,1506.0000
1215,1,3,1,63.3660,163.6490,0.0000,943.7790,194.9910,139.0400,0.0000,0.0000,1504.8250
1216,1,3,1,63.5130,165.4640,0.0000,944.5480,195.1320,133.9570,0.0000,0.0000,1502.6140
1217,1,3,1,61.2610,167.6930,0.0000,955.5200,206.7380,140.8120,0.0000,0.0000,1532.0240
1218,0,3,0,62.3010,169.8950,0.0000,958.8130,195.7050,136.8740,0.0000,0.0000,1523.5880
1219,1,3,1,63.8460,167.5940,0.0000,941.9820,195.1880,134.8130,0.0000,0.0000,1503.4230
1220,0,3,0,61.9570,165.3780,0.0000,942.2150,193.2130,136.0800,0.0000,0.0000,1498.8430
1221,1,3,1,62.6710,166.1050,0.0000,955.1630,193.2670,135.0340,0.0000,0.0000,1512.2400
1222,0,3,0,62.4130,164.2520,0.0000,944.4190,194.5170,135.2120,0.0000,0.0000,1500.8130
1223,1,3,1,61.0210,165.4520,0.0000,945.1570,248.7630,139.4270,0.0000,0.0000,1559.8200
1224,1,3,1,64.2960,170.2220,0.0000,951.5510,195.7110,135.9820,0.0000,0.0000,1517.7620
1225,1,3,1,62.3010,167.3910,0.0000,942.6770,195.5020,133.5690,0.0000,0.0000,1501.4400
1226,0,3,0,61.7170,166.0300,0.0000,942.3380,193.9080,133.3110,0.0000,0.0000,1497.3040
1227,0,3,0,62.9350,166.4370,0.0000,943.2310,193.4950,136.1720,0.0000,0.0000,1502.2700
1228,1,3,1,62.7260,166.3940,0.0000,942.2100,195.2800,135.9010,0.0000,0.0000,1502.5110
1229,1,3,1,61.0280,166.3690,0.0000,941.9820,192.4130,136.4990,0.0000,0.0000,1498.2910
1230,1,3,0,101.1880,169.9510,0.0000,946.5780,199.0150,137.9200,0.0000,0.0000,1554.6520
1231,1,3,1,62.3570,169.4640,0.0000,941.8770,195.7850,137.1320,0.0000,0.0000,1506.6150
1232,0,3,1,63.9140,165.3900,0.0000,956.9730,194.5720,135.0400,0.0000,0.0000,1515.8890
1233,1,3,1,59.7170,165.3350,0.0000,945.7480,194.9100,135.5500,0.0000,0.0000,1501.2600
1234,0,3,0,61.8220,166.9160,0.0000,944.3570,196.1410,135.3730,0.0000,0.0000,1504.6090
1235,1,3,1,62.0250,166.0730,0.0000,942.5050,194.2590,135.5690,0.0000,0.0000,1500.4310
1236,1,3,1,61.2620,166.1850,0.0000,951.4400,206.6830,139.6190,0.0000,0.0000,1525.1890
1237,1,3,0,62.9660,170.2270,0.0000,947.7360,195.6620,136.5170,0.0000,0.0000,1513.1080
1238,1,3,0,61.2560,165.9820,0.0000,957.0650,195.4460,135.8460,0.0000,0.0000,1515.5950
1239,1,3,1,62.4490,165.5020,0.0000,945.0840,192.7390,134.1100,0.0000,0.0000,1499.8840
1240,1,3,1,61.5690,165.0400,0.0000,943.5810,194.2770,134.2090,0.0000,0.0000,1498.6760
1241,1,3,1,60.2400,167.9630,0.0000,956.3880,193.7420,134.8860,0.0000,0.0000,1513.2190
1242,1,3,1,61.8280,165.1380,0.0000,943.8280,202.4930,138.1040,0.0000,0.0000,1511.3910
1243,1,3,1,62.0310,166.4800,0.0000,945.6980,196.6580,135.4460,0.0000,0.0000,1506.3130
1244,1,3,1,60.8860,167.2060,0.0000,942.9350,195.6800,133.3360,0.0000,0.0000,1500.0430
1245,1,3,1,60.8120,166.3440,0.0000,943.2680,194.1840,134.3570,0.0000,0.0000,1498.9650
1246,1,3,1,61.1690,164.2530,0.0000,955.4100,197.0460,137.6800,0.0000,0.0000,1515.5580
1247,1,3,0,61.7910,167.0710,0.0000,956.8740,193.9450,134.6950,0.0000,0.0000,1514.3760
1248,1,3,1,64.0740,166.7940,0.0000,949.3480,202.9170,137.5200,0.0000,0.0000,1520.6530
1249,1,3,1,62.1410,168.4610,0.0000,944.3330,194.6030,135.0770,0.0000,0.0000,1504.6150
1250,1,3,1,61.3170,169.5260,0.0000,941.9140,195.1450,135.3290,0.0000,0.0000,1503.2310
1251,0,3,0,62.2530,164.5230,0.0000,942.9780,194.6160,135.8280,0.0000,0.0000,1500.1980
1252,0,3,0,61.0950,165.7470,0.0000,945.1690,194.8370,136.2150,0.0000,0.0000,1503.0630
1253,1,3,1,60.7700,166.1420,0.0000,941.1810,195.7040,133.0210,0.0000,0.0000,1496.8180
1254,1,3,1,60.2520,165.1880,0.0000,943.3300,247.7960,139.5380,0.0000,0.0000,1556.1040
1255,1,3,1,62.7570,171.1510,0.0000,945.0030,197.8340,138.8250,0.0000,0.0000,1515.5700
1256,0,3,0,62.0490,166.6590,0.0000,943.7480,194.8550,139.0270,0.0000,0.0000,1506.3380
1257,1,3,1,60.6280,166.5110,0.0000,944.3510,195.3170,134.0990,0.0000,0.0000,1500.9060
1258,1,3,1,62.3390,167.9200,0.0000,956.4250,195.0270,138.1480,0.0000,0.0000,1519.8590
1259,1,3,1,63.1080,168.5600,0.0000,944.8360,195.7660,135.6000,0.0000,0.0000,1507.8700
1260,1,3,1,62.9230,167.2370,0.0000,943.0830,194.7940,134.0060,0.0000,0.0000,1502.0430
1261,1,3,0,62.4190,174.8930,0.0000,950.6960,197.0340,136.6460,0.0000,0.0000,1521.6880
1262,1,3,1,63.6680,169.8650,0.0000,943.7840,195.6130,134.0860,0.0000,0.0000,1507.0160
1263,1,3,1,62.0620,166.4000,0.0000,955.1130,194.8980,135.2060,0.0000,0.0000,1513.6790
1264,1,3,1,63.7170,164.9410,0.0000,945.7910,194.5040,134.3880,0.0000,0.0000,1503.3410
1265,0,3,0,60.5970,165.1570,0.0000,943.3170,194.4740,134.1470,0.0000,0.0000,1497.6920
1266,1,3,1,62.4870,165.4710,0.0000,957.1320,194.4000,134.2280,0.0000,0.0000,1513.7180
1267,1,3,1,60.9110,166.2710,0.0000,947.9140,205.2500,141.5750,0.0000,0.0000,1521.9210
1268,1,3,1,61.9380,168.2830,0.0000,958.8430,195.4950,135.6800,0.0000,0.0000,1520.2390
1269,1,3,0,60.5600,167.2610,0.0000,959.1140,195.0470,136.3760,0.0000,0.0000,1518.3580
1270,1,3,1,61.5140,166.3450,0.0000,941.2860,195.9320,134.3450,0.0000,0.0000,1499.4220
1271,1,3,1,61.9080,164.0000,0.0000,954.8680,191.9390,135.8030,0.0000,0.0000,1508.5180
1272,1,3,1,61.0890,166.9100,0.0000,944.3320,194.8930,136.1360,0.0000,0.0000,1503.3600
1273,1,3,1,61.5450,166.3320,0.0000,947.3790,199.7050,135.9870,0.0000,0.0000,1510.9480
1274,1,3,1,63.7050,168.7260,0.0000,942.0250,195.6680,138.5530,0.0000,0.0000,1508.6770
1275,1,3,1,64.0550,166.6830,0.0000,943.9700,195.2310,135.4530,0.0000,0.0000,1505.3920
1276,1,3,1,60.2460,167.3360,0.0000,946.2950,195.2370,135.2430,0.0000,0.0000,1504.3570
1277,1,3,1,60.8800,167.2800,0.0000,944.6650,193.9080,134.7320,0.0000,0.0000,1501.4650
1278,1,3,1,59.9200,165.1020,0.0000,943.1070,192.3630,132.3260,0.0000,0.0000,1492.8180
1279,1,3,1,63.0030,163.0400,0.0000,949.7600,202.8240,135.7660,0.0000,0.0000,1514.3930
1280,1,3,1,63.8090,170.1850,0.0000,957.0590,194.8620,135.5820,0.0000,0.0000,1521.4970
1281,0,3,0,61.7900,165.2800,0.0000,944.0180,194.8860,133.6920,0.0000,0.0000,1499.6660
1282,1,3,1,63.9320,165.3720,0.0000,942.8730,193.0710,135.5450,0.0000,0.0000,1500.7930
1283,1,3,1,62.2100,165.7970,0.0000,943.9320,191.5870,135.2370,0.0000,0.0000,1498.7630
1284,1,3,1,61.0580,164.2770,0.0000,954.2280,194.2710,133.4160,0.0000,0.0000,1507.2500
1285,1,3,1,62.1170,165.2190,0.0000,942.3270,232.4680,138.5660,0.0000,0.0000,1540.6970
1286,1,3,1,62.7570,167.2240,0.0000,946.6900,195.7360,137.7170,0.0000,0.0000,1510.1240
1287,1,3,1,62.0550,167.0280,0.0000,956.9410,195.1320,138.1480,0.0000,0.0000,1519.3040
1288,1,3,1,63.2740,166.7320,0.0000,943.6120,195.2920,135.5260,0.0000,0.0000,1504.4360
1289,0,3,0,61.8590,167.9500,0.0000,956.0800,193.9010,134.2950,0.0000,0.0000,1514.0850
1290,1,3,1,62.8060,165.2550,0.0000,944.0800,193.4830,135.5500,0.0000,0.0000,1501.1740
1291,1,3,1,62.9170,166.5290,0.0000,941.7790,196.3820,134.4430,0.0000,0.0000,1502.0500
1292,0,3,0,61.2680,233.4890,0.0000,945.3910,198.5720,139.5940,0.0000,0.0000,1578.3140
1293,1,3,1,62.8550,168.8310,0.0000,958.7940,195.0710,135.7050,0.0000,0.0000,1521.2560
1294,1,3,1,63.1390,165.5080,0.0000,945.1870,196.9970,135.7910,0.0000,0.0000,1506.6220
1295,1,3,1,62.2030,167.1690,0.0000,946.6340,194.7510,135.9870,0.0000,0.0000,1506.7440
1296,1,3,1,62.5110,165.9880,0.0000,944.3690,194.8860,135.7160,0.0000,0.0000,1503.4700
1297,1,3,1,62.3570,167.2930,0.0000,957.3790,193.6800,131.7230,0.0000,0.0000,1512.4320
1298,0,3,0,63.3170,166.4310,0.0000,949.0400,205.8710,138.0430,0.0000,0.0000,1522.7020
1299,1,3,1,64.8920,168.7260,0.0000,946.9840,194.3200,136.0860,0.0000,0.0000,1511.0080
1300,0,3,0,60.8610,167.5200,0.0000,943.0520,195.5570,135.7660,0.0000,0.0000,1502.7560
1301,1,3,1,62.0000,166.1660,0.0000,943.5260,194.3570,135.5630,0.0000,0.0000,1501.6120
1302,0,3,0,61.6060,166.8310,0.0000,942.6280,194.9780,135.5630,0.0000,0.0000,1501.6060
1303,1,3,1,61.8090,166.2210,0.0000,942.9970,196.7130,136.3070,0.0000,0.0000,1504.0470
1304,1,3,1,60.9540,165.5510,0.0000,943.6550,206.0120,137.2560,0.0000,0.0000,1513.4280
1305,1,3,1,63.1940,169.8900,0.0000,944.2770,197.1510,135.8030,0.0000,0.0000,1510.3150
1306,1,3,1,62.9730,168.0670,0.0000,942.1970,195.3290,135.8590,0.0000,0.0000,1504.4250
1307,1,3,1,61.8830,167.4220,0.0000,942.5790,193.9010,137.9760,0.0000,0.0000,1503.7610
1308,1,3,1,62.5850,165.1690,0.0000,941.4950,193.1390,135.7110,0.0000,0.0000,1498.0990
1309,1,3,1,61.9940,167.4460,0.0000,942.8870,193.8400,136.8560,0.0000,0.0000,1503.0230
1310,1,3,1,61.1500,167.2920,0.0000,957.9810,230.9350,149.9010,0.0000,0.0000,1567.2590
1311,1,3,1,65.6990,178.9410,0.0000,950.4860,199.2060,143.0150,0.0000,0.0000,1537.3470
1312,1,3,0,61.8700,170.8620,0.0000,944.7940,197.9510,137.6680,0.0000,0.0000,1513.1450
1313,1,3,0,62.7200,168.0490,0.0000,941.6920,193.8890,140.7200,0.0000,0.0000,1507.0700
1314,1,3,1,60.0180,167.1200,0.0000,943.3360,193.1200,136.7320,0.0000,0.0000,1500.3260
1315,1,3,1,62.3570,164.7200,0.0000,958.2960,194.5480,134.5230,0.0000,0.0000,1514.4440
1316,0,3,1,61.6610,168.4800,0.0000,955.5320,245.5630,141.4650,0.0000,0.0000,1572.7010
1317,1,3,1,69.0950,176.1230,0.0000,948.4610,199.4210,141.3600,0.0000,0.0000,1534.4600
1318,1,3,1,62.9170,170.7080,0.0000,948.8860,195.3050,134.8550,0.0000,0.0000,1512.6710
1319,1,3,1,62.7140,166.8490,0.0000,945.1810,193.6920,135.2180,0.0000,0.0000,1503.6540
1320,1,3,1,61.4210,167.8280,0.0000,941.8520,194.2220,135.3790,0.0000,0.0000,1500.7020
1321,0,3,0,60.9240,165.9810,0.0000,954.9420,194.0990,133.9870,0.0000,0.0000,1509.9330
1322,1,3,1,60.2090,165.0890,0.0000,941.2490,194.5790,181.5560,0.0000,0.0000,1542.6820
1323,1,3,1,64.2270,171.0890,0.0000,945.9630,197.5750,137.1690,0.0000,0.0000,1516.0230
1324,1,3,1,63.6120,169.2490,0.0000,944.0490,194.7760,135.7290,0.0000,0.0000,1507.4150
1325,1,3,1,61.6740,169.2000,0.0000,942.8370,194.7690,135.2550,0.0000,0.0000,1503.7350
1326,1,3,1,60.5780,168.5600,0.0000,942.2210,194.1910,134.2330,0.0000,0.0000,1499.7830
1327,1,3,1,61.6180,165.4590,0.0000,955.3050,194.9230,133.6250,0.0000,0.0000,1510.9300
1328,1,3,1,61.1330,164.0920,0.0000,942.4980,194.5470,133.3780,0.0000,0.0000,1495.6480
1329,1,3,1,59.1750,238.4000,0.0000,950.9900,211.0460,141.3290,0.0000,0.0000,1600.9400
1330,1,3,1,64.0920,170.6580,0.0000,946.4560,199.4460,136.3630,0.0000,0.0000,1517.0150
1331,1,3,1,62.0000,166.5900,0.0000,955.6800,196.8490,134.0000,0.0000,0.0000,1515.1190
1332,1,3,1,62.2400,165.5810,0.0000,945.0340,194.8800,134.1600,0.0000,0.0000,1501.8950
1333,1,3,1,62.7940,166.1290,0.0000,957.4770,194.3940,133.7850,0.0000,0.0000,1514.5790
1334,1,3,1,60.8120,164.6270,0.0000,955.9260,194.7390,133.9200,0.0000,0.0000,1510.0240
1335,1,3,1,61.8210,166.4250,0.0000,946.5230,203.8340,135.4150,0.0000,0.0000,1514.0180
1336,1,3,1,62.7200,169.2310,0.0000,942.6640,196.3940,135.4950,0.0000,0.0000,1506.5040
1337,1,3,1,61.9270,167.0150,0.0000,943.1810,193.7360,133.6990,0.0000,0.0000,1499.5580
1338,1,3,1,61.3170,167.3230,0.0000,943.6680,195.1130,134.6770,0.0000,0.0000,1502.0980
1339,1,3,1,61.3170,167.3290,0.0000,956.7630,193.7420,135.1750,0.0000,0.0000,1514.3260
1340,1,3,1,64.2530,165.8400,0.0000,944.5900,194.4370,133.9440,0.0000,0.0000,1503.0640
1341,1,3,1,63.4830,165.2800,0.0000,949.1760,203.9570,137.2610,0.0000,0.0000,1519.1570
1342,1,3,1,62.0190,167.6370,0.0000,954.2030,196.5970,134.4190,0.0000,0.0000,1514.8750
1343,1,3,1,62.6280,165.7360,0.0000,942.8740,194.0920,136.5540,0.0000,0.0000,1501.8840
1344,1,3,1,60.9350,165.2800,0.0000,943.0280,193.5130,133.9450,0.0000,0.0000,1496.7010
1345,1,3,1,61.1510,165.9260,0.0000,940.6590,193.0650,134.7700,0.0000,0.0000,1495.5710
1346,0,3,0,62.2400,165.8830,0.0000,944.2090,196.3320,134.6210,0.0000,0.0000,1503.2850
1347,1,3,1,61.3350,166.0000,0.0000,960.9420,203.3540,139.5010,0.0000,0.0000,1531.1320
1348,1,3,1,64.5420,166.6150,0.0000,944.6460,195.4890,136.6650,0.0000,0.0000,1507.9570
1349,1,3,1,60.5360,166.6400,0.0000,957.9630,193.1380,135.0460,0.0000,0.0000,1513.3230
1350,1,3,1,62.3750,167.4760,0.0000,942.7450,194.2210,136.3320,0.0000,0.0000,1503.1490
1351,0,3,0,61.8960,166.0310,0.0000,944.3020,193.4090,136.3810,0.0000,0.0000,1502.0190
1352,1,3,1,61.1260,167.1130,0.0000,947.1940,195.3410,135.3230,0.0000,0.0000,1506.0970
1353,1,3,1,60.8240,165.1810,0.0000,942.1840,192.7440,175.5330,0.0000,0.0000,1536.4660
1354,1,3,1,63.0220,170.1540,0.0000,957.2000,198.7070,135.1880,0.0000,0.0000,1524.2710
1355,1,3,1,63.1750,165.6920,0.0000,943.9020,194.7510,136.7880,0.0000,0.0000,1504.3080
1356,1,3,1,62.5110,166.1660,0.0000,944.2150,194.7320,135.4210,0.0000,0.0000,1503.0450
1357,1,3,1,62.4430,165.8220,0.0000,944.6340,194.9050,136.2030,0.0000,0.0000,1504.0070
1358,1,3,1,61.5450,165.7780,0.0000,945.2190,194.8430,135.2490,0.0000,0.0000,1502.6340
1359,1,3,1,61.0640,168.2590,0.0000,957.0710,193.9690,136.5050,0.0000,0.0000,1516.8680
1360,1,3,1,61.3480,222.2520,0.0000,947.8640,201.1690,140.5660,0.0000,0.0000,1573.1990
1361,0,3,0,61.7100,171.2740,0.0000,945.4210,197.2670,136.4190,0.0000,0.0000,1512.0910
1362,1,3,1,60.7570,167.0960,0.0000,943.2680,197.0400,136.7450,0.0000,0.0000,1504.9060
1363,1,3,1,61.6560,167.7730,0.0000,958.6090,196.5350,134.3510,0.0000,0.0000,1518.9240
1364,1,3,1,63.0890,165.3110,0.0000,941.4580,195.6060,135.4960,0.0000,0.0000,1500.9600
1365,1,3,1,62.8060,166.5660,0.0000,942.3570,195.5630,134.0990,0.0000,0.0000,1501.3910
1366,1,3,1,61.4900,164.9230,0.0000,950.3020,204.5170,136.1350,0.0000,0.0000,1517.3670
1367,1,3,1,62.7080,172.3690,0.0000,943.9330,193.5140,133.0400,0.0000,0.0000,1505.5640
1368,1,3,1,61.8470,166.7200,0.0000,955.7540,194.4800,138.2340,0.0000,0.0000,1517.0350
1369,1,3,1,61.2800,165.7480,0.0000,950.1230,193.6430,135.8400,0.0000,0.0000,1506.6340
1370,1,3,1,60.8060,166.5050,0.0000,943.9070,193.7480,134.3080,0.0000,0.0000,1499.2740
1371,1,3,1,63.1570,162.9660,0.0000,956.8000,194.9790,136.8060,0.0000,0.0000,1514.7080
1372,1,3,1,60.4250,167.2060,0.0000,952.2770,200.9350,138.1720,0.0000,0.0000,1519.0150
1373,1,3,1,62.4060,169.2620,0.0000,943.8770,197.5260,135.4330,0.0000,0.0000,1508.5040
1374,1,3,1,61.7720,165.3720,0.0000,957.9570,194.0740,133.3530,0.0000,0.0000,1512.5280
1375,1,3,1,62.6890,165.4890,0.0000,942.0310,193.1080,136.6400,0.0000,0.0000,1499.9570
1376,1,3,1,62.5040,165.5940,0.0000,943.6730,196.1850,133.3850,0.0000,0.0000,1501.3410
1377,1,3,1,63.2250,164.5420,0.0000,946.2650,193.7110,133.2620,0.0000,0.0000,1501.0050
1378,1,3,1,61.3960,165.6430,0.0000,960.1290,201.5140,137.1070,0.0000,0.0000,1525.7890
1379,0,3,0,63.1500,168.4370,0.0000,948.0250,194.7320,135.7300,0.0000,0.0000,1510.0740
1380,1,3,1,61.7600,166.1350,0.0000,944.2890,195.2800,136.3690,0.0000,0.0000,1503.8330
1381,1,3,1,61.8030,165.5560,0.0000,946.1660,192.2890,134.3510,0.0000,0.0000,1500.1650
1382,1,3,1,62.4620,166.4310,0.0000,945.1690,193.7170,134.8930,0.0000,0.0000,1502.6720
1383,1,3,1,61.5200,166.2710,0.0000,941.0400,194.2400,134.0180,0.0000,0.0000,1497.0890
1384,1,3,1,60.3010,166.2650,0.0000,942.5040,194.7940,176.1970,0.0000,0.0000,1540.0610
1385,1,3,1,62.3690,170.3760,0.0000,944.9110,196.9480,138.5470,0.0000,0.0000,1513.1510
1386,1,3,1,61.4030,168.9290,0.0000,942.3810,196.1600,135.1200,0.0000,0.0000,1503.9930
1387,1,3,1,61.9130,167.9140,0.0000,955.7110,194.4680,135.1810,0.0000,0.0000,1515.1870
1388,1,3,1,60.1600,166.0800,0.0000,942.0620,193.8210,135.4400,0.0000,0.0000,1497.5630
1389,1,3,1,60.8560,166.1040,0.0000,943.1200,194.3940,135.7600,0.0000,0.0000,1500.2340
1390,1,3,0,63.5260,165.0220,0.0000,955.2120,195.2860,132.7880,0.0000,0.0000,1511.8340
1391,1,3,1,62.1170,214.2830,0.0000,945.6190,201.6430,137.9870,0.0000,0.0000,1561.6490
1392,1,3,1,63.0150,168.8800,0.0000,944.4250,195.9510,135.1560,0.0000,0.0000,1507.4270
1393,1,3,1,60.5470,166.8800,0.0000,943.6000,195.1140,136.3320,0.0000,0.0000,1502.4730
1394,1,3,1,62.6950,165.6610,0.0000,945.3230,194.1600,132.1970,0.0000,0.0000,1500.0360
1395,0,3,0,60.5480,166.2270,0.0000,945.3730,196.9170,134.1420,0.0000,0.0000,1503.2070
1396,1,3,1,61.8650,165.6800,0.0000,957.3050,192.9540,136.7260,0.0000,0.0000,1514.5300
1397,1,3,1,60.7690,165.8830,0.0000,948.1420,200.9660,137.8590,0.0000,0.0000,1513.6190
1398,1,3,1,65.0090,164.6830,0.0000,946.5360,195.3720,135.1510,0.0000,0.0000,1506.7510
1399,1,3,1,61.4090,165.9020,0.0000,956.9900,192.6280,134.9300,0.0000,0.0000,1511.8590
1400,0,3,0,60.9480,165.0160,0.0000,946.4920,195.3970,134.8060,0.0000,0.0000,1502.6590
1401,1,3,1,63.8330,165.1200,0.0000,943.0520,193.4710,134.3750,0.0000,0.0000,1499.8510
1402,1,3,1,63.9760,165.6860,0.0000,948.3200,196.2150,135.0220,0.0000,0.0000,1509.2190
1403,1,3,1,62.9290,167.6430,0.0000,943.6620,202.7630,139.2000,0.0000,0.0000,1516.1970
1404,0,3,0,62.4740,169.3780,0.0000,944.6400,196.8180,137.4760,0.0000,0.0000,1510.7860
1405,1,3,1,61.7290,170.1660,0.0000,942.9170,196.0430,135.4030,0.0000,0.0000,1506.2580
1406,1,3,1,60.9480,168.6530,0.0000,942.9470,194.7760,134.5350,0.0000,0.0000,1501.8590
1407,1,3,1,59.9690,164.7760,0.0000,943.0520,194.6280,136.0800,0.0000,0.0000,1498.5050
1408,1,3,1,61.3050,165.4460,0.0000,944.4800,193.3480,133.7420,0.0000,0.0000,1498.3210
1409,1,3,1,60.7760,165.9200,0.0000,988.7200,204.3690,137.8150,0.0000,0.0000,1557.6000
1410,0,3,0,61.7660,167.8210,0.0000,954.1790,197.1760,134.8610,0.0000,0.0000,1515.8030
1411,1,3,1,61.7960,167.8400,0.0000,944.2760,194.3010,131.9500,0.0000,0.0000,1500.1630
1412,0,3,0,61.9010,165.0520,0.0000,957.2610,195.4830,134.5730,0.0000,0.0000,1514.2700
1413,1,3,1,64.0250,164.5600,0.0000,945.5870,192.8490,133.8150,0.0000,0.0000,1500.8360
1414,1,3,1,62.4180,166.7870,0.0000,956.8730,195.7910,135.6680,0.0000,0.0000,1517.5370
1415,0,3,0,61.3540,166.7080,0.0000,946.6650,195.7780,177.6800,0.0000,0.0000,1548.1850
1416,1,3,1,63.5560,169.9630,0.0000,944.7080,194.6710,135.5820,0.0000,0.0000,1508.4800
1417,1,3,1,62.2890,166.7930,0.0000,947.7850,196.7870,137.2550,0.0000,0.0000,1510.9090
1418,1,3,1,61.3840,164.7200,0.0000,945.9570,193.4530,133.8400,0.0000,0.0000,1499.3540
1419,1,3,1,61.0710,166.3760,0.0000,943.6680,193.9010,136.0310,0.0000,0.0000,1501.0470
1420,1,3,1,62.0620,169.4280,0.0000,943.6500,193.3170,134.8070,0.0000,0.0000,1503.2640
1421,1,3,1,62.0500,164.6890,0.0000,947.2490,195.1510,134.3940,0.0000,0.0000,1503.5330
1422,1,3,1,63.6800,205.5870,0.0000,943.9940,199.7050,136.0670,0.0000,0.0000,1549.0330
1423,1,3,1,61.4150,166.8430,0.0000,944.6400,193.1510,135.9750,0.0000,0.0000,1502.0240
1424,1,3,1,60.6280,165.0580,0.0000,943.4770,193.4700,134.1670,0.0000,0.0000,1496.8000
1425,1,3,1,61.8710,166.7820,0.0000,957.7050,194.2830,135.3360,0.0000,0.0000,1515.9770
1426,1,3,1,61.3470,167.5810,0.0000,941.2800,194.1290,133.4400,0.0000,0.0000,1497.7770
1427,1,3,1,62.2400,166.4120,0.0000,942.6710,190.9850,133.5140,0.0000,0.0000,1495.8220
1428,1,3,1,62.6030,166.7630,0.0000,955.0830,202.6280,136.9050,0.0000,0.0000,1523.9820
1429,0,3,0,62.2960,168.6210,0.0000,945.4340,195.4160,135.1640,0.0000,0.0000,1506.9310
1430,1,3,1,60.8000,167.4160,0.0000,957.6370,193.6870,134.5670,0.0000,0.0000,1514.1070
1431,1,3,1,63.0770,165.4090,0.0000,945.7240,192.5840,134.2150,0.0000,0.0000,1501.0090
1432,1,3,1,62.4870,166.4860,0.0000,945.1020,191.1690,134.7690,0.0000,0.0000,1500.0130
1433,1,3,1,61.6000,166.6580,0.0000,954.6950,191.6300,134.1470,0.0000,0.0000,1508.7300
1434,1,3,1,62.0500,165.2490,0.0000,943.8710,200.5470,136.7260,0.0000,0.0000,1508.4430
1435,1,3,1,62.0680,168.2210,0.0000,942.5540,193.6240,135.1510,0.0000,0.0000,1501.6180
1436,1,3,1,64.2700,165.5570,0.0000,955.0700,195.8030,134.7020,0.0000,0.0000,1515.4020
1437,1,3,1,61.7470,165.9880,0.0000,942.8180,197.6620,135.0400,0.0000,0.0000,1503.2550
1438,1,3,1,61.5260,166.2210,0.0000,945.1200,194.4000,134.5900,0.0000,0.0000,1501.8570
1439,1,3,1,62.3560,166.1970,0.0000,943.4150,196.2890,134.8620,0.0000,0.0000,1503.1190
1440,1,3,1,62.2460,166.0180,0.0000,944.9540,204.8310,139.9020,0.0000,0.0000,1517.9510
1441,1,3,1,63.3670,168.4560,0.0000,958.5240,194.7260,135.5810,0.0000,0.0000,1520.6540
1442,1,3,1,61.9380,168.1660,0.0000,956.4560,196.3880,136.8430,0.0000,0.0000,1519.7910
1443,0,3,0,61.5690,165.6130,0.0000,941.6560,194.5540,133.4530,0.0000,0.0000,1496.8450
1444,0,3,0,61.0650,163.9140,0.0000,942.8930,194.7820,137.5010,0.0000,0.0000,1500.1550
1445,1,3,1,60.8430,166.2530,0.0000,943.8030,194.6770,133.9380,0.0000,0.0000,1499.5140
1446,1,3,1,60.8670,167.5940,0.0000,942.0240,194.6830,178.4060,0.0000,0.0000,1543.5740
1447,1,3,1,64.1780,169.3850,0.0000,945.5690,196.4990,137.1570,0.0000,0.0000,1512.7880
1448,0,3,1,60.2700,166.8060,0.0000,941.1570,194.8000,135.3790,0.0000,0.0000,1498.4120
1449,1,3,1,62.0800,167.4770,0.0000,943.6730,194.6580,134.2270,0.0000,0.0000,1502.1150
1450,0,3,1,62.2830,165.7350,0.0000,942.6030,195.4770,133.4650,0.0000,0.0000,1499.5630
1451,1,3,1,61.3480,166.6030,0.0000,943.9320,194.1720,134.4490,0.0000,0.0000,1500.5040
1452,1,3,1,63.6430,165.3480,0.0000,944.0860,194.5970,136.6150,0.0000,0.0000,1504.2890
1453,0,3,0,61.3720,212.8250,0.0000,946.0920,201.9080,136.9160,0.0000,0.0000,1559.1130
1454,1,3,1,62.1420,170.5600,0.0000,943.1010,194.7820,136.2400,0.0000,0.0000,1506.8250
1455,1,3,1,61.6310,165.9880,0.0000,948.3140,195.8770,135.5880,0.0000,0.0000,1507.3980
1456,1,3,1,59.9140,166.4300,0.0000,943.2120,196.8740,133.4520,0.0000,0.0000,1499.8820
1457,1,3,1,62.1540,167.5810,0.0000,944.6090,192.4740,134.2650,0.0000,0.0000,1501.0830
1458,1,3,1,61.4840,165.6120,0.0000,957.3350,195.0270,134.7570,0.0000,0.0000,1514.2150
1459,0,3,0,60.8990,168.4920,0.0000,948.5840,201.0090,138.5970,0.0000,0.0000,1517.5810
1460,0,3,0,63.0030,168.5910,0.0000,945.9130,197.5880,136.4370,0.0000,0.0000,1511.5320
1461,0,3,0,62.7450,167.3600,0.0000,942.8250,196.0190,133.8280,0.0000,0.0000,1502.7770
1462,1,3,1,60.6710,165.3360,0.0000,944.5410,194.7070,135.1020,0.0000,0.0000,1500.3570
1463,1,3,1,62.1050,165.7600,0.0000,942.8870,192.9230,134.2340,0.0000,0.0000,1497.9090
1464,0,3,0,63.8460,165.3350,0.0000,944.8490,191.6240,136.8800,0.0000,0.0000,1502.5340
1465,0,3,0,61.8400,164.3880,0.0000,950.4120,201.2860,138.7200,0.0000,0.0000,1516.6460
1466,1,3,1,60.3130,169.2070,0.0000,943.9380,194.5540,136.4610,0.0000,0.0000,1504.4730
1467,1,3,1,61.5870,165.3290,0.0000,943.2430,194.4550,136.4180,0.0000,0.0000,1501.0320
1468,0,3,0,60.6830,164.6340,0.0000,944.0550,193.7360,135.3780,0.0000,0.0000,1498.4860
1469,1,3,1,61.6860,165.9260,0.0000,941.2800,193.4710,133.4770,0.0000,0.0000,1495.8400
1470,1,3,1,62.8920,167.4330,0.0000,957.3050,194.3630,134.9230,0.0000,0.0000,1516.9160
1471,1,3,1,62.4000,166.0310,0.0000,954.4430,204.0550,138.9600,0.0000,0.0000,1525.8890
1472,1,3,1,63.6060,168.9110,0.0000,946.4620,195.8520,137.4090,0.0000,0.0000,1512.2400
1473,1,3,1,62.3880,167.1450,0.0000,943.0840,193.2500,135.4400,0.0000,0.0000,1501.3070
1474,1,3,1,62.2460,167.5450,0.0000,944.2280,194.2710,133.8340,0.0000,0.0000,1502.1240
1475,1,3,1,61.4890,165.5010,0.0000,941.5570,193.8950,134.1230,0.0000,0.0000,1496.5650
1476,1,3,1,61.4590,165.2800,0.0000,955.3840,195.9870,135.7360,0.0000,0.0000,1513.8460
1477,1,3,1,61.4520,168.0800,0.0000,954.5910,193.6360,188.4250,0.0000,0.0000,1566.1840
1478,1,3,1,63.8340,171.5870,0.0000,958.9170,196.1900,137.8210,0.0000,0.0000,1528.3490
1479,1,3,1,62.0310,166.7510,0.0000,954.4620,195.4770,134.9230,0.0000,0.0000,1513.6440
1480,1,3,1,61.7540,165.4030,0.0000,945.6920,194.0990,136.0560,0.0000,0.0000,1503.0040
1481,1,3,1,61.7170,165.1630,0.0000,946.1660,194.8130,134.0550,0.0000,0.0000,1501.9140
1482,0,3,0,62.3020,165.4030,0.0000,946.5230,195.9570,134.5600,0.0000,0.0000,1504.7450
1483,1,3,0,61.3230,164.8190,0.0000,943.9570,195.1930,133.1380,0.0000,0.0000,1498.4300
1484,1,3,1,61.1380,203.6680,0.0000,945.6000,199.6800,137.1390,0.0000,0.0000,1547.2250
1485,1,3,1,62.1170,167.7780,0.0000,941.5820,195.1140,134.0060,0.0000,0.0000,1500.5970
1486,1,3,1,60.8800,165.2500,0.0000,947.1450,196.6150,135.6370,0.0000,0.0000,1505.5270
1487,0,3,0,62.5410,165.1200,0.0000,943.0580,195.5760,135.5870,0.0000,0.0000,1501.8820
1488,1,3,1,61.1630,167.3360,0.0000,945.3540,194.5350,135.5010,0.0000,0.0000,1503.8890
1489,1,3,0,61.5260,167.2190,0.0000,944.5170,197.1260,135.7290,0.0000,0.0000,1506.1170
1490,1,3,1,62.8680,164.8610,0.0000,949.2680,201.9330,136.0180,0.0000,0.0000,1514.9480
1491,1,3,1,63.3480,170.7940,0.0000,947.0890,196.3510,133.3910,0.0000,0.0000,1510.9730
1492,1,3,1,61.6990,165.9140,0.0000,942.9600,195.6980,134.3570,0.0000,0.0000,1500.6280
1493,1,3,0,62.6890,166.9230,0.0000,956.0990,194.6890,134.8370,0.0000,0.0000,1515.2370
1494,1,3,1,60.3630,166.2150,0.0000,956.3200,192.7940,135.5690,0.0000,0.0000,1511.2610
1495,1,3,1,61.6190,166.9110,0.0000,957.9570,195.3170,135.3230,0.0000,0.0000,1517.1270
1496,1,3,1,61.9200,164.9350,0.0000,954.0120,203.2430,139.2120,0.0000,0.0000,1523.3220
1497,1,3,1,61.4280,167.9140,0.0000,958.0980,197.1690,138.3510,0.0000,0.0000,1522.9600
1498,1,3,1,63.8890,169.0150,0.0000,941.4030,194.4060,135.4830,0.0000,0.0000,1504.1960
1499,1,3,1,61.1270,168.0860,0.0000,955.8520,195.0340,136.5850,0.0000,0.0000,1516.6840
1500,1,3,0,82.8980,214.8430,0.0000,961.6120,212.6270,158.9850,0.0000,0.0000,1630.9650
1501,1,3,1,66.1050,176.3020,0.0000,948.7010,211.5450,147.2620,0.0000,0.0000,1549.9150
1502,1,3,1,66.7880,174.2340,0.0000,947.3660,202.2090,141.1020,0.0000,0.0000,1531.6990
1503,1,3,1,63.5630,171.9450,0.0000,957.4400,196.8990,137.9010,0.0000,0.0000,1527.7480
1504,1,3,1,63.5510,164.8180,0.0000,945.6670,195.6670,132.5110,0.0000,0.0000,1502.2140
1505,1,3,1,61.8090,167.7910,0.0000,944.1230,193.9140,135.1070,0.0000,0.0000,1502.7440
1506,1,3,1,62.0670,167.1510,0.0000,942.4550,195.5940,135.0340,0.0000,0.0000,1502.3010
1507,1,3,1,61.5080,166.1050,0.0000,1133.8030,239.3230,152.8190,0.0000,0.0000,1753.5580
1508,1,3,1,65.6800,180.6580,0.0000,949.4030,201.1690,140.1840,0.0000,0.0000,1537.0940
1509,1,3,1,63.7290,170.2280,0.0000,943.6610,195.8830,135.6930,0.0000,0.0000,1509.1940
1510,1,3,1,64.3440,169.5570,0.0000,945.7360,193.8150,137.3730,0.0000,0.0000,1510.8250
1511,1,3,1,63.8710,167.9510,0.0000,945.2860,195.8650,135.6060,0.0000,0.0000,1508.5790
1512,1,3,1,60.7200,166.6580,0.0000,957.5570,195.3780,134.7440,0.0000,0.0000,1515.0570
1513,0,3,0,61.6550,167.6680,0.0000,1028.5480,214.2830,142.0560,0.0000,0.0000,1614.2100
1514,1,3,1,61.8340,168.9420,0.0000,945.9700,200.0980,137.7360,0.0000,0.0000,1514.5800
1515,0,3,1,62.4990,169.1450,0.0000,944.8490,196.2830,137.5020,0.0000,0.0000,1510.2780
1516,1,3,1,63.8100,166.7200,0.0000,948.3510,193.2250,132.5720,0.0000,0.0000,1504.6780
1517,1,3,1,62.5290,165.4710,0.0000,942.1850,195.4400,134.9230,0.0000,0.0000,1500.5480
1518,1,3,1,62.0560,168.0920,0.0000,942.2460,194.8920,134.5970,0.0000,0.0000,1501.8830
1519,1,3,1,62.3020,165.1630,0.0000,947.5690,194.3630,142.9300,0.0000,0.0000,1512.3270
1520,1,3,1,62.0310,168.6460,0.0000,958.1540,195.9570,135.2610,0.0000,0.0000,1520.0490
1521,1,3,1,62.0370,169.2680,0.0000,942.5360,196.0740,134.5230,0.0000,0.0000,1504.4380
1522,1,3,1,61.1760,167.0270,0.0000,955.8710,193.5140,136.8130,0.0000,0.0000,1514.4010
1523,0,3,0,62.3810,165.8460,0.0000,947.6610,193.0770,135.7170,0.0000,0.0000,1504.6820
1524,0,3,0,63.5700,164.5790,0.0000,943.7170,193.4710,136.0370,0.0000,0.0000,1501.3740
1525,0,3,0,61.9080,166.1470,0.0000,954.7570,193.2430,133.9200,0.0000,0.0000,1509.9750
1526,1,3,1,61.4650,212.2770,0.0000,952.0120,198.0120,136.8500,0.0000,0.0000,1560.6160
1527,1,3,1,62.5170,168.3510,0.0000,957.5570,197.5760,136.2460,0.0000,0.0000,1522.2470
1528,1,3,1,62.2830,167.4150,0.0000,943.3780,194.2890,135.4280,0.0000,0.0000,1502.7930
1529,1,3,1,61.3050,166.4800,0.0000,942.4550,194.3880,136.0120,0.0000,0.0000,1500.6400
1530,1,3,1,62.2400,165.5320,0.0000,955.4830,191.9820,135.5440,0.0000,0.0000,1510.7810
1531,1,3,1,63.1630,166.0920,0.0000,944.2400,192.6400,134.7260,0.0000,0.0000,1500.8610
1532,1,3,1,62.0800,167.5320,0.0000,946.7570,201.0890,139.6060,0.0000,0.0000,1517.0640
1533,0,3,0,62.8000,168.0070,0.0000,946.7690,196.2030,135.3230,0.0000,0.0000,1509.1020
1534,1,3,1,62.2520,167.0340,0.0000,944.8680,194.2650,137.6000,0.0000,0.0000,1506.0190
1535,0,3,0,62.5900,166.6960,0.0000,942.4070,195.0460,134.0430,0.0000,0.0000,1500.7820
1536,0,3,0,60.4490,166.6210,0.0000,953.5260,192.9160,132.2890,0.0000,0.0000,1505.8010
1537,1,3,1,60.7510,166.9970,0.0000,944.0680,193.4830,134.3760,0.0000,0.0000,1499.6750
1538,0,3,0,60.6280,164.2760,0.0000,943.2990,201.2610,137.9870,0.0000,0.0000,1507.4510
1539,1,3,1,63.0770,167.2430,0.0000,956.9540,195.0520,135.8520,0.0000,0.0000,1518.1780
1540,1,3,1,61.8460,167.5940,0.0000,944.1420,194.2460,136.3750,0.0000,0.0000,1504.2030
1541,1,3,1,62.2150,165.0830,0.0000,953.3910,191.8460,135.4710,0.0000,0.0000,1508.0060
1542,1,3,1,60.7260,167.9750,0.0000,944.7070,195.1700,133.9700,0.0000,0.0000,1502.5480
1543,1,3,0,62.5290,166.3930,0.0000,941.8340,193.8270,135.4400,0.0000,0.0000,1500.0230
1544,1,3,1,61.0470,164.7390,0.0000,952.0560,204.6580,138.8370,0.0000,0.0000,1521.3370
1545,1,3,1,63.8400,168.2950,0.0000,943.6000,198.5290,136.8990,0.0000,0.0000,1511.1630
1546,1,3,1,62.7700,166.3630,0.0000,943.8650,195.5810,136.0430,0.0000,0.0000,1504.6220
1547,1,3,1,62.5730,165.7660,0.0000,943.3470,194.7260,137.7660,0.0000,0.0000,1504.1780
1548,1,3,1,62.8000,165.7790,0.0000,944.7690,194.2280,134.5110,0.0000,0.0000,1502.0870
1549,1,3,1,61.8280,165.5010,0.0000,942.4990,194.7450,133.1700,0.0000,0.0000,1497.7430
1550,1,3,1,62.7750,165.0400,0.0000,943.1760,197.3110,193.7110,0.0000,0.0000,1562.0130
1551,1,3,1,63.7110,173.8700,0.0000,944.1290,198.7450,138.6770,0.0000,0.0000,1519.1320
1552,1,3,1,62.2890,168.6270,0.0000,944.0990,194.7080,135.2550,0.0000,0.0000,1504.9780
1553,1,3,1,61.2980,165.2610,0.0000,943.5080,193.6920,134.6830,0.0000,0.0000,1498.4420
1554,0,3,1,63.3110,166.2160,0.0000,943.9820,195.1940,134.5840,0.0000,0.0000,1503.2870
1555,1,3,1,61.5330,166.8490,0.0000,943.3290,194.2770,135.0030,0.0000,0.0000,1500.9910
1556,1,3,1,61.8280,164.6150,0.0000,943.7790,194.2590,133.4270,0.0000,0.0000,1497.9080
1557,1,3,1,62.6770,278.2340,0.0000,957.2120,216.0670,147.1320,0.0000,0.0000,1661.3220
1558,0,3,0,64.7500,172.9240,0.0000,945.6060,199.6920,141.0830,0.0000,0.0000,1524.0550
1559,1,3,1,62.6960,167.2310,0.0000,948.2950,196.2030,136.1360,0.0000,0.0000,1510.5610
1560,1,3,1,61.8960,167.0770,0.0000,943.7290,193.8280,136.6150,0.0000,0.0000,1503.1450
1561,1,3,1,63.0890,166.3880,0.0000,945.1570,194.7450,133.7660,0.0000,0.0000,1503.1450
1562,0,3,0,63.4280,166.5540,0.0000,956.7630,195.6550,135.3290,0.0000,0.0000,1517.7290
1563,1,3,1,62.0680,163.2060,0.0000,956.5540,204.6090,139.5390,0.0000,0.0000,1525.9760
1564,1,3,1,61.7540,168.9350,0.0000,944.2460,193.5570,136.8980,0.0000,0.0000,1505.3900
1565,1,3,1,63.6740,168.8180,0.0000,945.8280,195.7790,136.0550,0.0000,0.0000,1510.1540
1566,1,3,1,61.4950,168.6210,0.0000,943.2680,193.1570,134.8620,0.0000,0.0000,1501.4030
1567,0,3,0,60.2150,165.0580,0.0000,944.5050,194.6700,133.3290,0.0000,0.0000,1497.7770
1568,1,3,1,62.0930,166.0920,0.0000,942.1790,195.3790,133.5200,0.0000,0.0000,1499.2630
1569,1,3,1,61.9140,166.3390,0.0000,950.7270,200.1790,139.0280,0.0000,0.0000,1518.1870
1570,1,3,1,60.9360,168.9600,0.0000,943.2860,197.3540,134.6160,0.0000,0.0000,1505.1520
1571,1,3,1,59.5760,166.2520,0.0000,945.4830,195.0650,134.2710,0.0000,0.0000,1500.6470
1572,1,3,1,61.6920,165.7730,0.0000,941.3790,194.8990,136.0190,0.0000,0.0000,1499.7620
1573,0,3,0,61.3230,166.6030,0.0000,944.5230,192.5600,136.2220,0.0000,0.0000,1501.2310
1574,1,3,1,61.5820,165.2680,0.0000,955.1510,193.0770,134.2580,0.0000,0.0000,1509.3360
1575,1,3,1,61.6740,166.0180,0.0000,943.5440,207.5010,140.4670,0.0000,0.0000,1519.2040
1576,1,3,1,62.2770,169.1810,0.0000,943.3410,197.4280,134.4120,0.0000,0.0000,1506.6390
1577,1,3,1,61.3170,168.1110,0.0000,942.3130,195.1690,133.9140,0.0000,0.0000,1500.8240
1578,1,3,1,60.5350,166.4550,0.0000,955.2060,194.5480,135.3910,0.0000,0.0000,1512.1350
1579,1,3,1,61.0030,165.8890,0.0000,940.6580,194.3940,133.2800,0.0000,0.0000,1495.2240
1580,1,3,1,60.9230,165.8950,0.0000,942.4550,193.3110,134.7690,0.0000,0.0000,1497.3530
1581,1,3,1,63.1690,165.4280,0.0000,944.0430,231.8090,141.2190,0.0000,0.0000,1545.6680
1582,1,3,1,64.2580,170.0730,0.0000,957.9750,195.6060,137.2180,0.0000,0.0000,1525.1300
1583,1,3,1,60.0490,165.0460,0.0000,957.7720,194.8860,135.7600,0.0000,0.0000,1513.5130
1584,0,3,0,62.5350,165.6680,0.0000,943.5140,196.1970,135.3350,0.0000,0.0000,1503.2490
1585,1,3,1,62.5170,163.7040,0.0000,944.4610,195.2370,135.8650,0.0000,0.0000,1501.7840
1586,1,3,1,60.4310,165.6860,0.0000,957.6860,194.6830,136.0610,0.0000,0.0000,1514.5470
1587,1,3,1,60.7760,166.0920,0.0000,941.1940,195.6550,136.5230,0.0000,0.0000,1500.2400
1588,1,3,1,61.1810,225.4900,0.0000,958.5110,198.7070,137.5330,0.0000,0.0000,1581.4220
1589,1,3,1,63.0100,167.4340,0.0000,944.7880,193.9070,134.9100,0.0000,0.0000,1504.0490
1590,1,3,1,63.3230,165.8400,0.0000,946.6770,193.9820,134.8860,0.0000,0.0000,1504.7080
1591,1,3,1,62.0800,167.4280,0.0000,944.6340,196.5720,134.7880,0.0000,0.0000,1505.5020
1592,1,3,1,59.6550,166.8930,0.0000,943.6000,195.7410,135.2060,0.0000,0.0000,1501.0950
1593,0,3,0,61.5810,164.9600,0.0000,943.3600,194.6030,134.9230,0.0000,0.0000,1499.4270
1594,1,3,1,60.0180,166.4920,0.0000,947.8340,201.0590,137.4160,0.0000,0.0000,1512.8190
1595,1,3,1,61.9630,169.9880,0.0000,946.5290,195.0400,133.3660,0.0000,0.0000,1506.8860
1596,1,3,1,60.8800,165.4040,0.0000,956.4560,193.5750,135.2860,0.0000,0.0000,1511.6010
1597,1,3,1,61.4210,166.9910,0.0000,943.3230,192.9100,135.1880,0.0000,0.0000,1499.8330
1598,1,3,1,63.2560,166.4670,0.0000,943.9440,193.4770,135.7050,0.0000,0.0000,1502.8490
1599,1,3,1,61.6980,166.2960,0.0000,945.6370,195.4770,134.5100,0.0000,0.0000,1503.6180
1600,1,3,1,61.6370,165.3420,0.0000,944.0310,200.8930,137.3850,0.0000,0.0000,1509.2880
1601,0,3,0,61.5700,166.1410,0.0000,943.6240,196.1660,136.1660,0.0000,0.0000,1503.6670
1602,1,3,1,60.5350,165.4710,0.0000,956.1850,196.5720,136.0060,0.0000,0.0000,1514.7690
1603,1,3,1,61.3410,167.2800,0.0000,942.8680,193.4030,135.7730,0.0000,0.0000,1500.6650
1604,1,3,1,61.2370,167.2980,0.0000,957.6490,194.1470,134.6520,0.0000,0.0000,1514.9830
1605,1,3,1,62.1410,165.6620,0.0000,949.3480,193.3110,136.8610,0.0000,0.0000,1507.3230
1606,1,3,1,63.9940,167.4150,0.0000,944.8860,213.0150,143.4270,0.0000,0.0000,1532.7370
1607,1,3,1,64.4560,174.4060,0.0000,945.3480,198.7320,138.6580,0.0000,0.0000,1521.6000
1608,1,3,1,62.0550,169.6500,0.0000,942.7700,196.5470,138.8370,0.0000,0.0000,1509.8590
1609,1,3,1,62.0370,168.1970,0.0000,943.5440,196.4610,135.2500,0.0000,0.0000,1505.4890
1610,0,3,0,61.3480,166.2530,0.0000,943.5690,192.1350,133.9380,0.0000,0.0000,1497.2430
1611,1,3,1,62.1050,167.0460,0.0000,945.7300,197.1010,135.0830,0.0000,0.0000,1507.0650
1612,1,3,1,61.0460,168.4740,0.0000,958.0800,242.3880,139.9260,0.0000,0.0000,1569.9140
1613,1,3,1,63.2240,172.8860,0.0000,958.0240,199.5510,137.0400,0.0000,0.0000,1530.7250
1614,1,3,1,62.1660,166.5780,0.0000,944.9480,196.9720,138.5110,0.0000,0.0000,1509.1750
1615,1,3,1,61.4580,167.7540,0.0000,942.2700,197.1440,136.1110,0.0000,0.0000,1504.7370
1616,1,3,1,62.3380,167.6500,0.0000,944.3700,193.1320,135.7780,0.0000,0.0000,1503.2680
1617,1,3,1,62.5290,168.0430,0.0000,955.1390,192.3640,134.8680,0.0000,0.0000,1512.9430
1618,1,3,1,61.1320,165.8830,0.0000,941.9630,194.7820,135.2300,0.0000,0.0000,1498.9900
1619,1,3,1,100.3630,173.9570,0.0000,944.6210,195.9750,136.8980,0.0000,0.0000,1551.8140
1620,1,3,1,61.5200,168.0430,0.0000,944.3080,196.1720,135.4460,0.0000,0.0000,1505.4890
1621,0,3,0,61.9940,167.1760,0.0000,947.3720,193.7540,136.2150,0.0000,0.0000,1506.5110
1622,1,3,1,62.2160,167.4220,0.0000,956.8000,193.7540,136.0860,0.0000,0.0000,1516.2780
1623,1,3,1,63.4520,165.1810,0.0000,942.6400,195.1750,135.0710,0.0000,0.0000,1501.5190
1624,0,3,1,60.2520,165.5760,0.0000,954.8000,193.1440,134.2210,0.0000,0.0000,1507.9930
1625,1,3,1,61.4460,166.0860,0.0000,943.2490,205.7420,138.0860,0.0000,0.0000,1514.6090
1626,1,3,1,61.6120,169.0270,0.0000,957.1260,196.7140,136.8730,0.0000,0.0000,1521.3520
1627,1,3,1,62.6460,166.6580,0.0000,947.2490,195.7540,134.4310,0.0000,0.0000,1506.7380
1628,1,3,1,61.4400,169.5630,0.0000,957.2610,194.3750,134.6210,0.0000,0.0000,1517.2600
1629,1,3,1,63.3170,165.3780,0.0000,941.3910,194.2900,134.3940,0.0000,0.0000,1498.7700
1630,1,3,1,59.8340,165.3600,0.0000,943.7600,192.3570,133.7050,0.0000,0.0000,1495.0160
1631,1,3,1,62.1780,167.3170,0.0000,952.9720,200.5290,137.9020,0.0000,0.0000,1520.8980
1632,1,3,1,64.4920,166.4680,0.0000,958.6150,194.1420,138.3450,0.0000,0.0000,1522.0620
1633,1,3,1,61.3360,167.7350,0.0000,943.0030,193.3480,134.2590,0.0000,0.0000,1499.6810
1634,1,3,1,62.9850,166.5350,0.0000,955.0460,196.4190,134.5290,0.0000,0.0000,1515.5140
1635,1,3,1,61.6990,167.7790,0.0000,942.4250,193.0960,135.7720,0.0000,0.0000,1500.7710
1636,1,3,1,60.4920,166.7880,0.0000,944.5970,192.7630,135.8900,0.0000,0.0000,1500.5300
1637,1,3,1,63.7910,164.6520,0.0000,945.0400,203.8400,138.0370,0.0000,0.0000,1515.3600
1638,1,3,1,62.1790,168.4870,0.0000,945.3230,197.3040,134.6710,0.0000,0.0000,1507.9640
1639,1,3,1,60.7380,166.1660,0.0000,942.2340,192.4730,134.6770,0.0000,0.0000,1496.2880
1640,1,3,1,63.7480,166.2590,0.0000,943.8220,193.3660,137.0830,0.0000,0.0000,1504.2780
1641,1,3,1,61.0950,166.4310,0.0000,942.8550,194.4800,134.5170,0.0000,0.0000,1499.3780
1642,0,3,0,62.0130,164.8370,0.0000,946.0250,194.4920,135.6130,0.0000,0.0000,1502.9800
1643,1,3,1,70.0310,174.9660,0.0000,948.0870,248.3260,144.2590,0.0000,0.0000,1585.6690
1644,1,3,1,62.0800,172.3080,0.0000,946.0250,197.3910,139.2920,0.0000,0.0000,1517.0960
1645,1,3,1,63.1020,167.9010,0.0000,956.0370,195.4520,134.9230,0.0000,0.0000,1517.4150
1646,1,3,1,62.2520,166.3330,0.0000,955.4280,195.2980,135.8950,0.0000,0.0000,1515.2060
1647,0,3,0,61.7720,166.6950,0.0000,943.7790,192.8180,134.7260,0.0000,0.0000,1499.7900
1648,1,3,1,61.6670,164.9730,0.0000,943.4950,194.8060,132.6950,0.0000,0.0000,1497.6360
1649,1,3,1,61.1130,167.5880,0.0000,946.4000,196.2710,132.6700,0.0000,0.0000,1504.0420
1650,1,3,1,68.6150,169.7480,0.0000,945.0830,197.3600,138.0250,0.0000,0.0000,1518.8310
1651,1,3,1,63.1200,166.2580,0.0000,943.9020,194.4300,135.4340,0.0000,0.0000,1503.1440
1652,1,3,1,60.7140,167.7170,0.0000,954.1540,193.0280,134.5240,0.0000,0.0000,1510.1370
1653,1,3,1,60.5840,165.6250,0.0000,941.9760,194.1360,135.3780,0.0000,0.0000,1497.6990
1654,0,3,0,62.5050,163.6060,0.0000,941.9870,192.3140,135.0150,0.0000,0.0000,1495.4270
1655,0,3,0,60.9660,164.4490,0.0000,941.6550,194.4060,136.3450,0.0000,0.0000,1497.8210
1656,1,3,0,64.4310,164.5040,0.0000,942.7510,203.1570,135.4210,0.0000,0.0000,1510.2640
1657,1,3,1,62.3500,169.6430,0.0000,942.6460,196.3010,137.6000,0.0000,0.0000,1508.5400
1658,1,3,1,61.8830,167.1930,0.0000,942.4000,194.8370,134.5970,0.0000,0.0000,1500.9100
1659,1,3,1,61.0220,165.8030,0.0000,944.3750,196.2710,133.9010,0.0000,0.0000,1501.3720
1660,1,3,1,60.5720,164.5360,0.0000,945.5750,194.7630,135.6490,0.0000,0.0000,1501.0950
1661,1,3,1,61.5200,164.7260,0.0000,945.3660,193.0530,133.6240,0.0000,0.0000,1498.2890
1662,0,3,0,61.0280,163.5010,0.0000,950.3630,206.0500,138.7320,0.0000,0.0000,1519.6740
1663,1,3,1,62.8980,170.9600,0.0000,956.2100,196.6400,137.4330,0.0000,0.0000,1524.1410
1664,1,3,1,62.1720,167.4160,0.0000,943.4580,196.0240,135.3970,0.0000,0.0000,1504.4670
1665,1,3,1,60.8120,165.8960,0.0000,943.8530,193.6120,134.3320,0.0000,0.0000,1498.5050
1666,1,3,0,60.2330,166.9540,0.0000,946.4500,191.9200,135.6120,0.0000,0.0000,1501.1690
1667,1,3,1,61.4520,164.4180,0.0000,943.0340,195.7170,134.2220,0.0000,0.0000,1498.8430
1668,1,3,1,63.8220,165.6180,0.0000,948.6580,200.4680,136.2770,0.0000,0.0000,1514.8430
1669,1,3,1,61.5200,166.6030,0.0000,943.7600,193.9940,134.6220,0.0000,0.0000,1500.4990
1670,1,3,1,63.2550,166.4000,0.0000,957.4150,196.4980,136.9780,0.0000,0.0000,1520.5460
1671,1,3,1,61.9880,164.4120,0.0000,957.3970,195.3670,135.9690,0.0000,0.0000,1515.1330
1672,1,3,1,62.6520,166.9910,0.0000,945.7480,192.9100,137.0340,0.0000,0.0000,1505.3350
1673,1,3,1,62.4620,165.8030,0.0000,941.3410,193.9070,134.8930,0.0000,0.0000,1498.4060
1674,1,3,1,63.8520,164.6950,0.0000,945.2000,230.8990,138.1170,0.0000,0.0000,1542.7630
1675,0,3,0,60.9970,169.5880,0.0000,945.2250,196.6340,134.7390,0.0000,0.0000,1507.1830
1676,1,3,1,62.6520,166.4990,0.0000,943.1390,196.1470,134.7260,0.0000,0.0000,1503.1630
1677,1,3,1,62.8000,165.3540,0.0000,948.5720,194.1290,135.7110,0.0000,0.0000,1506.5660
1678,1,3,1,63.3970,164.9660,0.0000,943.7970,195.0770,134.7690,0.0000,0.0000,1502.0060
1679,1,3,1,60.7260,165.0210,0.0000,954.4180,194.5850,135.4100,0.0000,0.0000,1510.1600
1680,1,3,1,59.9010,164.2830,0.0000,942.9290,193.7470,134.4990,0.0000,0.0000,1495.3590
1681,1,3,1,61.7730,211.5390,0.0000,943.7410,196.8120,135.8150,0.0000,0.0000,1549.6800
1682,0,3,0,62.8680,166.8800,0.0000,956.2270,194.7330,135.8280,0.0000,0.0000,1516.5360
1683,1,3,1,61.9320,165.5630,0.0000,942.4920,194.7080,136.2770,0.0000,0.0000,1500.9720
1684,1,3,1,60.8990,165.6610,0.0000,944.5170,195.1390,135.7290,0.0000,0.0000,1501.9450
1685,1,3,1,62.3140,166.1230,0.0000,945.8830,194.6960,133.3720,0.0000,0.0000,1502.3880
1686,1,3,1,60.9480,165.6610,0.0000,955.4210,193.2490,134.5970,0.0000,0.0000,1509.8760
1687,1,3,1,61.8040,164.6700,0.0000,944.3510,201.1690,136.2210,0.0000,0.0000,1508.2150
1688,1,3,1,63.0340,165.8580,0.0000,944.0070,196.6520,135.0950,0.0000,0.0000,1504.6460
1689,1,3,1,63.1260,165.8090,0.0000,947.8400,194.4430,134.7810,0.0000,0.0000,1505.9990
1690,1,3,1,62.3020,167.5880,0.0000,954.8000,193.7780,134.8560,0.0000,0.0000,1513.3240
1691,1,3,1,60.4980,165.8160,0.0000,943.0710,194.9970,135.7850,0.0000,0.0000,1500.1670
1692,1,3,1,60.1530,165.5320,0.0000,943.2920,193.5070,135.9270,0.0000,0.0000,1498.4110
1693,1,3,1,62.0250,166.5790,0.0000,949.3350,202.6340,136.3140,0.0000,0.0000,1516.8870
1694,1,3,1,61.0650,166.6460,0.0000,942.4930,196.9840,136.5110,0.0000,0.0000,1503.6990
1695,1,3,1,63.7230,167.1560,0.0000,943.5200,195.9140,135.1020,0.0000,0.0000,1505.4150
1696,1,3,1,61.7970,165.7040,0.0000,943.6610,192.6960,133.2740,0.0000,0.0000,1497.1320
1697,1,3,1,61.2370,167.8160,0.0000,942.0860,194.2090,134.1850,0.0000,0.0000,1499.5330
1698,1,3,1,60.6590,165.8270,0.0000,941.8830,195.1820,133.4210,0.0000,0.0000,1496.9720
1699,0,3,0,61.2310,163.2190,0.0000,998.3140,208.9720,139.5750,0.0000,0.0000,1571.3110
1700,1,3,1,62.6950,167.5940,0.0000,947.0770,197.7300,137.4460,0.0000,0.0000,1512.5420
1701,1,3,1,61.9630,169.8770,0.0000,942.2280,196.2090,137.0100,0.0000,0.0000,1507.2870
1702,1,3,1,61.8520,164.5840,0.0000,941.3660,193.0100,136.2580,0.0000,0.0000,1497.0700
1703,1,3,1,60.3880,166.0060,0.0000,956.5530,194.6830,135.7790,0.0000,0.0000,1513.4090
1704,1,3,1,61.1080,164.8620,0.0000,957.4580,194.3940,135.1760,0.0000,0.0000,1512.9980
1705,1,3,1,61.7480,166.7320,0.0000,945.0210,193.6610,174.0120,0.0000,0.0000,1541.1740
1706,1,3,1,69.4640,196.0490,0.0000,948.4370,207.1390,144.3570,0.0000,0.0000,1565.4460
1707,1,3,1,62.7380,174.4610,0.0000,945.5940,199.1080,138.7690,0.0000,0.0000,1520.6700
1708,1,3,1,61.6610,168.9910,0.0000,959.0830,195.5450,134.7020,0.0000,0.0000,1519.9820
1709,1,3,1,61.9010,167.1940,0.0000,946.0990,196.0680,132.9230,0.0000,0.0000,1504.1850
1710,1,3,1,61.9630,165.5750,0.0000,955.6860,193.2310,135.4580,0.0000,0.0000,1511.9130
1711,1,3,1,61.1140,166.7500,0.0000,957.1940,192.5350,192.9360,0.0000,0.0000,1570.5290
1712,1,3,1,64.5230,175.6430,0.0000,948.3070,200.5110,139.6620,0.0000,0.0000,1528.6460
1713,1,3,1,62.3320,168.9110,0.0000,943.3470,194.7080,135.8280,0.0000,0.0000,1505.1260
1714,1,3,1,63.8590,165.6120,0.0000,943.7110,194.6700,136.7140,0.0000,0.0000,1504.5660
1715,0,3,0,61.6120,164.1050,0.0000,943.4650,192.8310,136.7440,0.0000,0.0000,1498.7570
1716,1,3,1,62.0740,166.8120,0.0000,943.1940,193.7420,134.1040,0.0000,0.0000,1499.9260
1717,1,3,1,62.5350,167.1510,0.0000,956.7320,195.0150,135.2190,0.0000,0.0000,1516.6520
1718,1,3,1,60.3880,207.9570,0.0000,945.3840,200.6770,137.1820,0.0000,0.0000,1551.5880
1719,1,3,1,62.3450,167.3600,0.0000,944.6520,196.8240,135.1810,0.0000,0.0000,1506.3620
1720,1,3,1,62.0670,167.4590,0.0000,944.1970,195.7170,134.6460,0.0000,0.0000,1504.0860
1721,1,3,1,62.7870,167.0640,0.0000,942.2470,194.4740,133.9510,0.0000,0.0000,1500.5230
1722,1,3,1,63.1020,166.3380,0.0000,954.3700,194.5600,135.3780,0.0000,0.0000,1513.7480
1723,0,3,0,59.5140,165.1510,0.0000,944.3330,191.7300,135.5940,0.0000,0.0000,1496.3220
1724,1,3,1,61.4650,164.3630,0.0000,949.1570,202.6340,137.8030,0.0000,0.0000,1515.4220
1725,1,3,1,62.1170,168.2770,0.0000,945.1390,196.8800,135.7110,0.0000,0.0000,1508.1240
1726,1,3,1,60.3760,164.8870,0.0000,944.6770,196.3330,134.6710,0.0000,0.0000,1500.9440
1727,1,3,1,61.2310,166.8130,0.0000,942.1970,194.8000,134.6400,0.0000,0.0000,1499.6810
1728,1,3,1,60.4060,166.8240,0.0000,957.0280,194.4920,135.1080,0.0000,0.0000,1513.8580
1729,1,3,1,61.3470,162.8250,0.0000,954.1780,193.2180,134.9050,0.0000,0.0000,1506.4730
1730,1,3,1,63.0090,162.7380,0.0000,945.7970,198.2950,138.3070,0.0000,0.0000,1508.1460
1731,1,3,1,63.2680,167.3420,0.0000,943.0890,196.2650,133.9270,0.0000,0.0000,1503.8910
1732,1,3,1,60.6150,168.1050,0.0000,954.4130,197.6430,133.9570,0.0000,0.0000,1514.7330
1733,0,3,0,60.6150,166.1600,0.0000,946.0740,198.6700,135.9260,0.0000,0.0000,1507.4450
1734,1,3,1,61.6990,167.3290,0.0000,943.3970,195.8890,134.8310,0.0000,0.0000,1503.1450
1735,1,3,1,61.7230,166.5660,0.0000,947.3720,195.4770,134.9170,0.0000,0.0000,1506.0550
1736,0,3,0,60.5670,166.8430,0.0000,999.5820,205.5870,138.7140,0.0000,0.0000,1571.2930
1737,1,3,1,64.0500,168.0920,0.0000,956.3570,198.1110,133.3600,0.0000,0.0000,1519.9700
1738,1,3,1,61.2250,168.7440,0.0000,942.4740,195.0590,134.9420,0.0000,0.0000,1502.4440
1739,1,3,1,61.1630,166.7080,0.0000,957.5570,195.6860,136.5970,0.0000,0.0000,1517.7110
1740,1,3,1,60.6400,166.1170,0.0000,944.6150,194.7510,135.0830,0.0000,0.0000,1501.2060
1741,1,3,1,62.6890,165.7110,0.0000,956.6220,193.9200,134.0670,0.0000,0.0000,1513.0090
1742,1,3,1,63.3350,165.3850,0.0000,946.2960,194.5730,187.2430,0.0000,0.0000,1556.8320
1743,1,3,1,62.4860,172.1170,0.0000,946.4620,199.5380,137.3110,0.0000,0.0000,1517.9140
1744,1,3,1,62.6830,166.8620,0.0000,959.1630,195.8950,135.5320,0.0000,0.0000,1520.1350
1745,1,3,1,62.8430,167.0830,0.0000,943.1200,195.1200,133.6310,0.0000,0.0000,1501.7970
1746,1,3,1,61.6060,164.8490,0.0000,941.1270,194.3930,135.4830,0.0000,0.0000,1497.4580
1747,1,3,1,60.7450,165.2610,0.0000,943.5200,196.4430,132.9970,0.0000,0.0000,1498.9660
1748,1,3,1,61.9820,165.3790,0.0000,944.7080,196.5660,135.1260,0.0000,0.0000,1503.7610
1749,1,3,1,60.4610,209.1080,0.0000,959.6740,198.8550,139.6360,0.0000,0.0000,1567.7340
1750,1,3,0,63.0030,167.5690,0.0000,958.1050,196.2890,136.5720,0.0000,0.0000,1521.5380
1751,1,3,1,63.2180,168.8920,0.0000,948.5350,193.6430,137.2120,0.0000,0.0000,1511.5000
1752,0,3,0,61.8960,167.1940,0.0000,941.6120,194.3690,135.7360,0.0000,0.0000,1500.8070
1753,1,3,1,61.1880,166.7070,0.0000,956.8120,194.5100,134.5840,0.0000,0.0000,1513.8010
1754,1,3,1,61.8330,167.2370,0.0000,943.8470,193.4520,134.8060,0.0000,0.0000,1501.1750
1755,1,3,1,60.5050,165.7600,0.0000,948.9790,219.0950,143.2310,0.0000,0.0000,1537.5700
1756,0,3,0,65.0530,174.8800,0.0000,946.5360,200.4490,136.0120,0.0000,0.0000,1522.9300
1757,0,3,0,62.7390,168.1660,0.0000,946.4740,195.1200,138.0180,0.0000,0.0000,1510.5170
1758,1,3,1,62.6770,165.3720,0.0000,942.4120,195.4090,135.6740,0.0000,0.0000,1501.5440
1759,0,3,0,60.6890,165.4090,0.0000,957.9570,194.4130,135.4520,0.0000,0.0000,1513.9200
1760,1,3,1,60.3750,165.3410,0.0000,946.5230,193.8150,135.9010,0.0000,0.0000,1501.9550
1761,1,3,1,61.8580,165.9760,0.0000,945.4590,206.0990,139.0590,0.0000,0.0000,1518.4510
1762,1,3,1,63.2250,168.2400,0.0000,942.8250,197.8710,135.6620,0.0000,0.0000,1507.8230
1763,1,3,1,61.5140,166.7510,0.0000,945.1750,196.8070,136.2890,0.0000,0.0000,1506.5360
1764,1,3,1,62.6640,165.7960,0.0000,954.8740,195.6240,136.0670,0.0000,0.0000,1515.0250
1765,1,3,1,61.9200,164.4980,0.0000,943.2680,192.4680,133.8640,0.0000,0.0000,1496.0180
1766,1,3,1,63.4460,165.8950,0.0000,955.8090,193.9820,134.6950,0.0000,0.0000,1513.8270
1767,1,3,1,60.5470,164.2220,0.0000,956.5900,202.5660,138.6150,0.0000,0.0000,1522.5400
1768,1,3,1,62.3880,168.6520,0.0000,942.6030,194.7020,135.3470,0.0000,0.0000,1503.6920
1769,0,3,0,62.4300,167.5630,0.0000,942.7080,194.0240,134.3630,0.0000,0.0000,1501.0880
1770,1,3,1,63.0330,165.9510,0.0000,944.3200,195.2440,134.1040,0.0000,0.0000,1502.6520
1771,0,3,1,61.3790,167.0210,0.0000,956.7880,195.2740,133.6310,0.0000,0.0000,1514.0930
1772,1,3,1,60.3750,164.8120,0.0000,944.2400,193.8280,132.9230,0.0000,0.0000,1496.1780
1773,1,3,1,62.4250,166.0670,0.0000,957.4590,258.3010,138.1290,0.0000,0.0000,1582.3810
1774,1,3,1,64.9480,175.0330,0.0000,945.9320,197.7660,135.9500,0.0000,0.0000,1519.6290
1775,1,3,1,63.0150,172.5350,0.0000,943.8960,197.8640,135.5500,0.0000,0.0000,1512.8600
1776,1,3,1,62.9970,167.0030,0.0000,942.6830,194.5600,133.5200,0.0000,0.0000,1500.7630
1777,1,3,1,60.9170,164.5660,0.0000,944.3570,196.9730,136.3510,0.0000,0.0000,1503.1640
1778,1,3,1,62.1480,165.3910,0.0000,945.5940,192.5110,135.8400,0.0000,0.0000,1501.4840
1779,1,3,1,60.2460,166.4620,0.0000,944.6950,195.3170,135.6870,0.0000,0.0000,1502.4070
1780,1,3,1,98.7140,171.9630,0.0000,945.0030,197.2190,139.0210,0.0000,0.0000,1551.9200
1781,1,3,1,62.8550,166.7270,0.0000,944.8060,195.3230,138.1420,0.0000,0.0000,1507.8530
1782,0,3,0,64.8550,165.1440,0.0000,945.5630,194.7690,135.9510,0.0000,0.0000,1506.2820
1783,1,3,1,61.1510,166.3810,0.0000,943.2240,193.2920,137.0530,0.0000,0.0000,1501.1010
1784,1,3,0,60.9850,164.9300,0.0000,944.9600,197.3420,133.9750,0.0000,0.0000,1502.1920
1785,1,3,1,62.6460,166.0240,0.0000,943.0900,197.0400,133.9750,0.0000,0.0000,1502.7750
1786,1,3,1,60.8190,165.8580,0.0000,945.2800,201.9880,138.4560,0.0000,0.0000,1512.4010
1787,1,3,1,61.9140,167.6920,0.0000,942.3940,195.1880,135.0900,0.0000,0.0000,1502.2780
1788,1,3,1,60.9540,165.9880,0.0000,946.0060,194.7080,135.1080,0.0000,0.0000,1502.7640
1789,1,3,1,63.0210,166.3130,0.0000,942.9600,193.5570,134.9970,0.0000,0.0000,1500.8480
1790,1,3,1,61.6060,165.6250,0.0000,946.2530,195.2740,135.1140,0.0000,0.0000,1503.8720
1791,0,3,0,61.8340,167.2000,0.0000,957.4460,193.4950,134.7940,0.0000,0.0000,1514.7690
1792,1,3,1,61.5640,166.4500,0.0000,944.5300,200.6890,137.1880,0.0000,0.0000,1510.4210
1793,1,3,0,62.1410,166.2900,0.0000,947.0520,194.7260,134.0920,0.0000,0.0000,1504.3010
1794,1,3,1,60.6520,166.9290,0.0000,954.9730,194.8990,135.3230,0.0000,0.0000,1512.7760
1795,0,3,0,62.2900,166.2280,0.0000,944.9110,195.0280,135.2980,0.0000,0.0000,1503.7550
1796,1,3,1,60.9230,164.7570,0.0000,945.1760,194.1840,134.0990,0.0000,0.0000,1499.1390
1797,1,3,1,63.8900,167.8090,0.0000,946.1050,193.9870,134.4990,0.0000,0.0000,1506.2900
1798,1,3,1,60.8670,167.5200,0.0000,949.4830,202.2220,136.3690,0.0000,0.0000,1516.4610
1799,1,3,1,63.3290,169.0890,0.0000,943.5330,196.0060,135.7050,0.0000,0.0000,1507.6620
1800,1,3,0,64.1420,166.0740,0.0000,956.8620,194.9420,134.1600,0.0000,0.0000,1516.1800
1801,1,3,1,61.2430,168.3140,0.0000,945.7410,194.8370,134.0180,0.0000,0.0000,1504.1530
1802,0,3,0,63.0090,166.2030,0.0000,943.4280,195.7660,134.8920,0.0000,0.0000,1503.2980
1803,1,3,1,61.2430,166.7260,0.0000,940.6400,196.1780,133.4460,0.0000,0.0000,1498.2330
1804,1,3,1,60.7690,166.3880,0.0000,955.5690,237.6980,140.8980,0.0000,0.0000,1561.3220
1805,1,3,1,61.4840,171.6670,0.0000,944.9970,197.7100,136.8180,0.0000,0.0000,1512.6760
1806,1,3,1,60.8490,168.2520,0.0000,946.2210,197.5440,136.5790,0.0000,0.0000,1509.4450
1807,0,3,0,61.8760,167.8890,0.0000,953.4960,194.7690,136.7510,0.0000,0.0000,1514.7810
1808,1,3,1,62.6830,167.6120,0.0000,942.8060,195.5140,132.9360,0.0000,0.0000,1501.5510
1809,1,3,1,60.4250,166.5720,0.0000,943.9080,193.9390,133.9500,0.0000,0.0000,1498.7940
1810,1,3,1,60.6830,166.1470,0.0000,946.1540,193.6190,133.7900,0.0000,0.0000,1500.3930
1811,1,3,1,60.5730,231.8100,0.0000,959.1320,201.4340,138.4430,0.0000,0.0000,1591.3920
1812,1,3,1,60.4060,167.2990,0.0000,942.2580,193.5070,134.8920,0.0000,0.0000,1498.3620
1813,1,3,1,60.9790,168.4430,0.0000,942.8860,196.6340,134.7020,0.0000,0.0000,1503.6440
1814,1,3,1,61.4710,166.3570,0.0000,955.3970,195.7480,135.0520,0.0000,0.0000,1514.0250
1815,1,3,1,60.8870,165.9630,0.0000,944.8730,194.1840,134.7320,0.0000,0.0000,1500.6390
1816,1,3,1,61.1510,166.3140,0.0000,944.4550,191.1510,136.1290,0.0000,0.0000,1499.2000
1817,1,3,1,61.5140,164.4370,0.0000,946.0500,200.3200,135.2860,0.0000,0.0000,1507.6070
1818,1,3,1,62.1170,168.1350,0.0000,943.4710,195.0950,137.0210,0.0000,0.0000,1505.8390
1819,1,3,1,62.6710,167.2000,0.0000,955.1450,194.7630,137.4030,0.0000,0.0000,1517.1820
1820,1,3,1,62.8130,167.5570,0.0000,956.3570,194.7450,136.8250,0.0000,0.0000,1518.2970
1821,1,3,1,59.5940,165.1140,0.0000,954.7510,194.7450,135.9820,0.0000,0.0000,1510.1860
1822,0,3,0,62.0670,165.2310,0.0000,955.3040,193.3480,134.8920,0.0000,0.0000,1510.8420
1823,1,3,1,62.0180,165.9140,0.0000,958.2460,201.9080,138.1290,0.0000,0.0000,1526.2150
1824,1,3,1,64.7820,168.7320,0.0000,945.1630,196.1660,135.4400,0.0000,0.0000,1510.2830
1825,1,3,1,63.0030,165.5750,0.0000,941.3540,192.8000,134.4300,0.0000,0.0000,1497.1620
1826,1,3,1,61.1380,165.8220,0.0000,944.9110,192.5720,135.1260,0.0000,0.0000,1499.5690
1827,1,3,1,63.0830,166.3940,0.0000,944.0620,192.4430,136.3570,0.0000,0.0000,1502.3390
1828,1,3,1,60.9110,164.6400,0.0000,942.3640,193.5630,134.4670,0.0000,0.0000,1495.9450
1829,1,3,0,68.8740,174.8430,0.0000,951.8030,209.5450,141.2980,0.0000,0.0000,1546.3630
1830,1,3,1,62.0670,171.0400,0.0000,957.3410,196.7810,139.2430,0.0000,0.0000,1526.4720
1831,1,3,1,62.0680,167.0580,0.0000,942.1790,194.9850,135.0760,0.0000,0.0000,1501.3660
1832,1,3,1,62.9660,165.2430,0.0000,942.2210,195.6680,133.9810,0.0000,0.0000,1500.0790
1833,1,3,1,60.7390,166.5410,0.0000,941.2180,195.2370,135.0760,0.0000,0.0000,1498.8110
1834,1,3,1,58.7390,167.7410,0.0000,956.3690,192.1660,135.8520,0.0000,0.0000,1510.8670
1835,0,3,0,63.9690,167.3910,0.0000,944.9540,248.5110,138.2520,0.0000,0.0000,1563.0770
1836,1,3,1,63.1200,170.4550,0.0000,945.1440,194.8800,135.2860,0.0000,0.0000,1508.8850
1837,1,3,0,61.7240,166.9470,0.0000,943.7540,197.3720,133.7480,0.0000,0.0000,1503.5450
1838,1,3,1,60.4190,164.6160,0.0000,943.9020,193.4090,134.5540,0.0000,0.0000,1496.9000
1839,1,3,1,61.3350,168.3010,0.0000,942.9850,192.3080,135.2430,0.0000,0.0000,1500.1720
1840,1,3,1,63.6360,165.1810,0.0000,955.7660,194.0680,135.8150,0.0000,0.0000,1514.4660
1841,1,3,1,60.9540,167.7230,0.0000,945.8400,194.9660,135.5260,0.0000,0.0000,1505.0090
1842,1,3,1,103.0210,172.0670,0.0000,946.3320,197.3900,136.3130,0.0000,0.0000,1555.1230
1843,1,3,1,62.1170,167.5070,0.0000,956.1300,195.7040,135.8770,0.0000,0.0000,1517.3350
1844,1,3,1,62.4430,168.1970,0.0000,943.4460,193.5690,135.5930,0.0000,0.0000,1503.2480
1845,1,3,1,62.6090,165.5570,0.0000,944.9480,194.4680,134.8800,0.0000,0.0000,1502.4620
1846,1,3,1,60.2890,165.6860,0.0000,953.5260,193.7790,133.4460,0.0000,0.0000,1506.7260
1847,0,3,0,62.3760,164.7500,0.0000,956.9480,192.5730,135.5690,0.0000,0.0000,1512.2160
1848,1,3,1,63.3420,166.7570,0.0000,957.3480,203.0650,140.1600,0.0000,0.0000,1530.6720
1849,0,3,0,63.5140,169.3850,0.0000,958.3510,199.0830,134.6400,0.0000,0.0000,1524.9730
1850,1,3,1,60.3570,167.5630,0.0000,947.0650,195.1140,134.0930,0.0000,0.0000,1504.1920
1851,1,3,1,62.9420,168.0370,0.0000,943.9200,194.3940,132.3200,0.0000,0.0000,1501.6130
1852,1,3,1,62.0120,167.0520,0.0000,941.7910,195.3600,134.6830,0.0000,0.0000,1500.8980
1853,1,3,0,61.1510,164.5480,0.0000,955.0460,195.8710,134.3940,0.0000,0.0000,1511.0100
1854,1,3,1,62.2150,165.2240,0.0000,948.4490,201.2490,137.7050,0.0000,0.0000,1514.8420
1855,1,3,1,62.7080,167.0210,0.0000,944.6090,197.2800,137.0700,0.0000,0.0000,1508.6880
1856,1,3,1,63.2860,167.1570,0.0000,946.2700,193.4960,134.5350,0.0000,0.0000,1504.7440
1857,1,3,1,61.8400,165.1510,0.0000,943.4960,195.3660,135.2930,0.0000,0.0000,1501.1460
1858,1,3,1,62.1720,167.5880,0.0000,943.4890,193.0210,136.2590,0.0000,0.0000,1502.5290
1859,1,3,1,62.8310,165.3840,0.0000,957.8520,192.2030,135.8520,0.0000,0.0000,1514.1220
1860,1,3,1,62.0060,166.1480,0.0000,945.4710,202.6090,136.3500,0.0000,0.0000,1512.5840
1861,0,3,1,60.6530,168.8240,0.0000,943.9750,196.2640,137.5080,0.0000,0.0000,1507.2240
1862,1,3,1,62.0250,166.2960,0.0000,944.4000,192.0930,135.1020,0.0000,0.0000,1499.9160
1863,0,3,0,62.5970,167.0400,0.0000,944.5290,194.7070,134.5230,0.0000,0.0000,1503.3960
1864,1,3,1,60.9600,165.3600,0.0000,945.7350,194.9350,134.4250,0.0000,0.0000,1501.4150
1865,1,3,1,61.2190,165.9630,0.0000,956.4500,194.0670,134.7570,0.0000,0.0000,1512.4560
1866,1,3,1,60.7200,165.1140,0.0000,946.2030,238.9660,138.6400,0.0000,0.0000,1549.6430
1867,1,3,1,62.3200,168.1660,0.0000,942.8440,196.6030,136.3200,0.0000,0.0000,1506.2530
1868,1,3,1,62.7690,167.5570,0.0000,956.1840,194.8490,132.8680,0.0000,0.0000,1514.2270
1869,1,3,1,61.5200,166.2830,0.0000,954.3880,193.3410,134.6220,0.0000,0.0000,1510.1540
1870,1,3,1,62.1230,165.5260,0.0000,943.3480,194.7630,134.5780,0.0000,0.0000,1500.3380
1871,1,3,1,62.0560,165.2610,0.0000,946.3200,195.2000,134.1780,0.0000,0.0000,1503.0150
1872,1,3,1,63.9510,167.0840,0.0000,943.3350,193.4650,136.5910,0.0000,0.0000,1504.4260
1873,1,3,1,101.9510,171.0030,0.0000,942.1470,200.3940,135.9700,0.0000,0.0000,1551.4650
1874,1,3,1,61.3170,168.8740,0.0000,943.5010,195.6920,135.8090,0.0000,0.0000,1505.1930
1875,1,3,1,62.9420,167.7600,0.0000,941.6300,195.8580,135.5260,0.0000,0.0000,1503.7160
1876,1,3,1,62.6400,168.4060,0.0000,943.1140,196.7140,133.0710,0.0000,0.0000,1503.9450
1877,1,3,1,62.3810,164.5970,0.0000,941.9260,194.7500,135.8030,0.0000,0.0000,1499.4570
1878,1,3,1,60.8000,166.7940,0.0000,944.7200,195.3540,134.2220,0.0000,0.0000,1501.8900
1879,1,3,1,62.5170,166.3510,0.0000,957.4520,203.0150,137.5020,0.0000,0.0000,1526.8370
1880,1,3,1,64.2830,168.0250,0.0000,958.1850,195.7660,134.8000,0.0000,0.0000,1521.0590
1881,0,3,1,60.9660,166.2890,0.0000,955.9140,192.7390,134.7570,0.0000,0.0000,1510.6650
1882,1,3,1,61.7540,167.6370,0.0000,944.7880,193.4950,134.8610,0.0000,0.0000,1502.5350
1883,1,3,1,61.9510,167.6060,0.0000,942.4740,195.2550,135.3730,0.0000,0.0000,1502.6590
1884,1,3,1,62.7320,167.4090,0.0000,945.9690,192.8920,136.9290,0.0000,0.0000,1505.9310
1885,1,3,1,61.2000,165.8700,0.0000,943.2370,210.0190,138.2770,0.0000,0.0000,1518.6030
1886,1,3,1,61.9940,170.3450,0.0000,948.1960,195.0640,135.2430,0.0000,0.0000,1510.8420
1887,1,3,1,61.1810,168.8800,0.0000,957.4520,196.5480,135.6800,0.0000,0.0000,1519.7410
1888,1,3,1,62.3700,167.2550,0.0000,956.2160,196.0430,134.6760,0.0000,0.0000,1516.5600
1889,1,3,1,61.3850,167.4770,0.0000,957.3410,195.0900,135.6610,0.0000,0.0000,1516.9540
1890,1,3,1,62.6520,167.6070,0.0000,942.2710,194.9720,134.5790,0.0000,0.0000,1502.0810
1891,1,3,1,60.8990,164.5170,0.0000,947.8580,204.8430,136.9730,0.0000,0.0000,1515.0900
1892,0,3,0,61.6680,168.6210,0.0000,941.7780,198.0800,136.7440,0.0000,0.0000,1506.8910
1893,1,3,1,63.2680,164.2580,0.0000,944.2530,195.3720,135.2370,0.0000,0.0000,1502.3880
1894,1,3,1,61.9080,166.8800,0.0000,940.3380,193.8650,135.9440,0.0000,0.0000,1498.9350
1895,1,3,1,61.3040,166.5420,0.0000,945.5080,197.1630,134.3380,0.0000,0.0000,1504.8550
1896,1,3,1,62.3270,165.0090,0.0000,942.1480,195.7850,135.5450,0.0000,0.0000,1500.8140
1897,1,3,1,61.7160,165.8640,0.0000,942.1660,237.4280,137.6240,0.0000,0.0000,1544.7980
1898,0,3,0,63.8950,167.7660,0.0000,944.2650,194.6950,134.3510,0.0000,0.0000,1504.9720
1899,1,3,1,61.1510,166.2340,0.0000,946.2090,195.6620,134.3880,0.0000,0.0000,1503.6440
1900,1,3,1,60.8740,165.3720,0.0000,943.2060,196.9970,135.2370,0.0000,0.0000,1501.6860
1901,1,3,1,61.0400,166.1850,0.0000,942.6330,193.6060,134.6900,0.0000,0.0000,1498.1540
1902,0,3,0,61.8030,165.3780,0.0000,941.8520,194.5660,135.0960,0.0000,0.0000,1498.6950
1903,1,3,1,62.0620,167.8280,0.0000,946.4860,196.0000,134.5420,0.0000,0.0000,1506.9180
1904,1,3,1,106.8130,173.0400,0.0000,948.6950,197.3170,138.1240,0.0000,0.0000,1563.9890
1905,1,3,1,64.0440,169.6180,0.0000,943.5510,195.6800,137.6610,0.0000,0.0000,1510.5540
1906,0,3,0,64.5410,167.4090,0.0000,942.8250,194.4000,135.9260,0.0000,0.0000,1505.1010
1907,1,3,1,61.8520,167.7110,0.0000,944.2280,194.3450,134.1600,0.0000,0.0000,1502.2960
1908,1,3,1,60.6830,165.7730,0.0000,946.5790,194.0740,134.8060,0.0000,0.0000,1501.9150
1909,1,3,1,62.4240,164.5300,0.0000,943.5380,194.3200,136.2960,0.0000,0.0000,1501.1080
1910,1,3,1,61.0520,164.9420,0.0000,944.7320,200.4430,137.4400,0.0000,0.0000,1508.6090
1911,1,3,1,62.5470,167.6120,0.0000,957.8280,195.8340,136.3630,0.0000,0.0000,1520.1840
1912,1,3,1,60.6650,165.8400,0.0000,943.3360,193.7230,134.9170,0.0000,0.0000,1498.4810
1913,1,3,1,62.2650,166.5600,0.0000,942.0370,195.0700,136.8240,0.0000,0.0000,1502.7560
1914,1,3,1,62.8060,166.5230,0.0000,956.3020,196.0800,135.1940,0.0000,0.0000,1516.9050
1915,1,3,1,60.8620,165.7360,0.0000,954.9230,193.6490,134.9110,0.0000,0.0000,1510.0810
1916,1,3,1,61.7660,165.2190,0.0000,946.7820,205.1690,139.5200,0.0000,0.0000,1518.4560
1917,1,3,1,62.4860,167.6550,0.0000,957.5820,194.4990,136.7260,0.0000,0.0000,1518.9480
1918,1,3,1,62.6640,164.1110,0.0000,945.3850,195.0890,135.9630,0.0000,0.0000,1503.2120
1919,1,3,1,62.1170,165.2860,0.0000,943.2980,194.2030,135.6130,0.0000,0.0000,1500.5170
1920,1,3,1,60.5290,164.6400,0.0000,943.7110,194.3200,135.9380,0.0000,0.0000,1499.1380
1921,0,3,1,62.4490,166.8430,0.0000,957.6740,194.3760,136.0190,0.0000,0.0000,1517.3610
1922,1,3,1,60.3940,167.4770,0.0000,948.3200,203.2130,139.7050,0.0000,0.0000,1519.1090
1923,1,3,1,63.3720,168.5600,0.0000,943.6610,199.1380,136.7200,0.0000,0.0000,1511.4510
1924,1,3,1,62.5050,166.1480,0.0000,945.0340,194.6090,135.5940,0.0000,0.0000,1503.8900
1925,1,3,1,60.3940,165.1080,0.0000,942.4860,194.8490,134.8430,0.0000,0.0000,1497.6800
1926,0,3,0,61.8770,165.4890,0.0000,942.3320,194.1850,134.4310,0.0000,0.0000,1498.3140
1927,1,3,1,61.4030,166.3140,0.0000,945.6000,194.1840,134.7690,0.0000,0.0000,1502.2700
1928,1,3,1,60.9790,164.8190,0.0000,942.8860,231.2430,139.8150,0.0000,0.0000,1539.7420
1929,1,3,1,60.3200,170.4180,0.0000,944.8120,194.6710,135.9690,0.0000,0.0000,1506.1900
1930,1,3,0,62.2030,167.0100,0.0000,944.0000,195.9020,136.6640,0.0000,0.0000,1505.7790
1931,1,3,1,62.2090,166.5970,0.0000,958.7510,195.4470,136.0000,0.0000,0.0000,1519.0040
1932,1,3,1,61.9690,167.6180,0.0000,943.1330,194.1730,134.2950,0.0000,0.0000,1501.1880
1933,1,3,1,61.9080,165.5820,0.0000,957.7790,196.3260,134.8430,0.0000,0.0000,1516.4380
1934,1,3,1,61.7240,166.2210,0.0000,942.0370,194.3810,134.7450,0.0000,0.0000,1499.1080
1935,1,3,1,61.7350,175.1880,0.0000,944.2280,196.3760,136.1290,0.0000,0.0000,1513.6560
1936,1,3,1,62.3260,167.3350,0.0000,953.1320,194.6030,138.2150,0.0000,0.0000,1515.6110
1937,1,3,1,61.0400,165.6430,0.0000,953.8900,195.8520,134.7810,0.0000,0.0000,1511.2060
1938,1,3,1,61.0160,166.7750,0.0000,942.0980,196.1910,135.0770,0.0000,0.0000,1501.1570
1939,1,3,1,61.2490,166.7380,0.0000,942.0610,191.9070,134.0490,0.0000,0.0000,1496.0040
1940,1,3,1,64.1290,165.1010,0.0000,946.2530,194.1720,133.3910,0.0000,0.0000,1503.0460
1941,1,3,1,60.7870,166.6520,0.0000,943.6060,202.6460,136.4620,0.0000,0.0000,1510.1530
1942,1,3,0,62.4620,168.0560,0.0000,942.8670,197.2920,135.6800,0.0000,0.0000,1506.3570
1943,1,3,0,63.0220,167.3480,0.0000,942.1290,195.7970,134.6340,0.0000,0.0000,1502.9300
1944,1,3,1,62.4550,166.5410,0.0000,945.3720,193.4830,133.8520,0.0000,0.0000,1501.7030
1945,1,3,1,61.8340,166.5660,0.0000,957.8220,193.3720,133.6310,0.0000,0.0000,1513.2250
1946,1,3,1,61.4590,166.5600,0.0000,945.7170,194.7080,133.4030,0.0000,0.0000,1501.8470
1947,1,3,1,61.7350,166.2830,0.0000,957.0270,204.8370,138.2950,0.0000,0.0000,1528.1770
1948,1,3,1,62.6890,168.7380,0.0000,948.0560,195.1690,134.1230,0.0000,0.0000,1508.7750
1949,1,3,1,62.1360,167.1820,0.0000,958.5170,193.6250,133.6610,0.0000,0.0000,1515.1210
1950,1,3,1,61.2990,165.4960,0.0000,943.9260,194.1970,134.6520,0.0000,0.0000,1499.5700
1951,1,3,1,60.7450,166.2340,0.0000,949.2550,195.6310,134.9410,0.0000,0.0000,1506.8060
1952,1,3,1,60.7880,166.7880,0.0000,942.0800,193.5320,135.7350,0.0000,0.0000,1498.9230
1953,1,3,1,61.9760,165.5380,0.0000,950.5110,240.7690,169.6800,0.0000,0.0000,1588.4740
1954,1,3,1,73.5380,204.8680,0.0000,956.2830,254.3820,172.5480,0.0000,0.0000,1661.6190
1955,1,3,1,73.0770,212.1850,0.0000,960.1290,246.5480,162.5290,0.0000,0.0000,1654.4680
1956,1,3,1,71.6000,184.2460,0.0000,953.1260,207.6000,144.7510,0.0000,0.0000,1561.3230
1957,1,3,1,64.3570,172.5970,0.0000,947.2920,196.5170,138.0680,0.0000,0.0000,1518.8310
1958,1,3,1,62.8740,167.8270,0.0000,956.7810,197.8950,136.0670,0.0000,0.0000,1521.4440
1959,1,3,1,62.3200,166.4550,0.0000,957.2000,227.9880,152.0190,0.0000,0.0000,1565.9820
1960,1,3,1,65.0710,176.3380,0.0000,948.0310,201.2980,141.2120,0.0000,0.0000,1531.9500
1961,1,3,1,61.8270,168.5540,0.0000,945.8460,196.3130,134.8000,0.0000,0.0000,1507.3400
1962,1,3,1,61.1390,166.7880,0.0000,946.5660,196.8560,135.5750,0.0000,0.0000,1506.9240
1963,1,3,1,61.8590,168.5420,0.0000,945.4280,194.0680,134.7130,0.0000,0.0000,1504.6100
1964,0,3,0,64.7010,166.7080,0.0000,944.5730,195.8030,134.6900,0.0000,0.0000,1506.4750
1965,1,3,1,61.7910,167.3290,0.0000,980.5970,258.8120,160.6830,0.0000,0.0000,1629.2120
1966,0,3,0,71.2800,198.8250,0.0000,961.7360,227.2920,152.8310,0.0000,0.0000,1611.9640
1967,1,3,1,66.8610,175.8270,0.0000,947.3970,201.6190,141.1380,0.0000,0.0000,1532.8420
1968,1,3,1,65.6310,173.2930,0.0000,943.0710,194.8490,139.0650,0.0000,0.0000,1515.9090
1969,1,3,1,62.3810,167.8830,0.0000,941.9450,195.8400,135.8950,0.0000,0.0000,1503.9440
1970,1,3,1,61.4580,165.7170,0.0000,956.0800,196.1970,136.9730,0.0000,0.0000,1516.4250
1971,1,3,0,62.8000,166.4800,0.0000,1011.8520,218.2220,146.3750,0.0000,0.0000,1605.7290
1972,1,3,1,66.0990,172.6090,0.0000,949.6310,199.3660,140.4620,0.0000,0.0000,1528.1670
1973,1,3,1,61.6250,169.8090,0.0000,946.0550,196.7080,136.1230,0.0000,0.0000,1510.3200
1974,1,3,1,61.1140,169.4400,0.0000,943.0460,193.0830,134.8930,0.0000,0.0000,1501.5760
1975,0,3,0,64.2210,166.4680,0.0000,953.5570,194.0500,134.4130,0.0000,0.0000,1512.7090
1976,1,3,1,60.8060,165.5380,0.0000,946.1660,194.5780,135.3970,0.0000,0.0000,1502.4850
1977,1,3,1,61.7780,165.8030,0.0000,957.3910,241.1010,146.7870,0.0000,0.0000,1572.8600
1978,1,3,1,63.2800,177.6800,0.0000,959.9510,202.1480,137.6610,0.0000,0.0000,1540.7200
1979,1,3,1,63.2550,171.4590,0.0000,946.1170,198.0550,136.1970,0.0000,0.0000,1515.0830
1980,1,3,1,61.7230,167.5880,0.0000,952.1970,195.5630,134.6960,0.0000,0.0000,1511.7670
1981,1,3,1,61.5500,167.0520,0.0000,946.6030,192.7820,135.9140,0.0000,0.0000,1503.9010
1982,1,3,1,62.2090,165.6130,0.0000,955.8220,196.0060,133.6490,0.0000,0.0000,1513.2990
1983,1,3,1,62.0680,167.2800,0.0000,943.4210,193.9560,136.7570,0.0000,0.0000,1503.4820
1984,1,3,1,109.8160,174.7510,0.0000,946.0180,200.6830,139.3170,0.0000,0.0000,1570.5850
1985,0,3,0,62.7630,168.0440,0.0000,944.1910,195.6120,137.8100,0.0000,0.0000,1508.4200
1986,1,3,1,62.2890,167.7540,0.0000,944.8610,195.0280,136.1410,0.0000,0.0000,1506.0730
1987,0,3,0,61.1260,166.0370,0.0000,944.0130,193.8530,135.3420,0.0000,0.0000,1500.3710
1988,1,3,1,61.3850,166.7760,0.0000,943.4520,197.4100,137.4030,0.0000,0.0000,1506.4260
1989,1,3,1,60.9420,167.8340,0.0000,942.0680,195.9940,135.6680,0.0000,0.0000,1502.5060
1990,1,3,1,61.7290,164.7510,0.0000,944.0560,200.6160,139.0890,0.0000,0.0000,1510.2410
1991,1,3,1,62.9970,167.0700,0.0000,942.7560,194.6460,134.6280,0.0000,0.0000,1502.0970
1992,1,3,1,64.0800,167.8160,0.0000,943.0340,194.3640,135.5510,0.0000,0.0000,1504.8450
1993,1,3,1,60.1910,166.8190,0.0000,942.2400,194.8250,132.9350,0.0000,0.0000,1497.0100
1994,1,3,1,60.9600,166.0680,0.0000,957.5500,192.2520,134.1540,0.0000,0.0000,1510.9840
1995,0,3,0,61.1700,165.3480,0.0000,941.7910,194.5600,134.4980,0.0000,0.0000,1497.3670
1996,1,3,1,61.9320,164.8070,0.0000,946.1540,203.4710,137.4520,0.0000,0.0000,1513.8160
1997,1,3,1,63.3170,167.5440,0.0000,943.0520,195.5810,135.3050,0.0000,0.0000,1504.7990
1998,1,3,1,61.5570,167.2060,0.0000,946.7630,193.3600,134.9110,0.0000,0.0000,1503.7970
1999,1,3,1,62.9290,166.1780,0.0000,942.1910,193.0830,134.6640,0.0000,0.0000,1499.0450
2000,1,3,1,62.1110,165.5630,0.0000,944.1050,194.9720,134.6220,0.0000,0.0000,1501.3730
2001,1,3,1,61.9140,166.8430,0.0000,957.2130,197.6190,135.1940,0.0000,0.0000,1518.7830
2002,0,3,0,61.0950,166.9290,0.0000,947.9140,203.0900,141.1930,0.0000,0.0000,1520.2210
2003,1,3,1,62.3200,166.7810,0.0000,957.2550,194.5160,135.0100,0.0000,0.0000,1515.8820
2004,1,3,1,62.5350,165.9320,0.0000,942.1040,195.9080,135.4340,0.0000,0.0000,1501.9130
2005,1,3,1,61.1200,168.1350,0.0000,954.5360,193.7410,135.8030,0.0000,0.0000,1513.3350
2006,1,3,1,61.0400,163.4460,0.0000,956.2280,194.2710,133.8030,0.0000,0.0000,1508.7880
2007,1,3,1,62.4250,165.9330,0.0000,943.0890,195.2370,136.6770,0.0000,0.0000,1503.3610
2008,1,3,1,59.5810,167.7300,0.0000,955.4460,243.9510,138.0860,0.0000,0.0000,1564.7940
2009,0,3,0,63.0460,171.0950,0.0000,959.8890,199.4960,136.5050,0.0000,0.0000,1530.0310
2010,1,3,1,62.0800,165.3780,0.0000,942.8610,195.7720,134.6340,0.0000,0.0000,1500.7250
2011,1,3,1,60.0240,166.8190,0.0000,942.2030,193.6860,134.8740,0.0000,0.0000,1497.6060
2012,1,3,1,60.9420,167.8220,0.0000,956.6650,194.8120,135.4520,0.0000,0.0000,1515.6930
2013,1,3,1,60.9230,164.2770,0.0000,951.7420,194.2270,134.3630,0.0000,0.0000,1505.5320
2014,0,3,0,62.6030,166.5660,0.0000,943.8640,193.1450,135.9320,0.0000,0.0000,1502.1100
2015,1,3,1,104.6640,173.6550,0.0000,946.7450,200.6640,138.8860,0.0000,0.0000,1564.6140
2016,1,3,1,60.3080,167.4280,0.0000,948.8370,198.2400,135.8160,0.0000,0.0000,1510.6290
2017,1,3,1,61.5570,166.0000,0.0000,957.9260,195.8460,133.1700,0.0000,0.0000,1514.4990
2018,1,3,1,61.2000,164.6580,0.0000,942.5780,194.3690,134.4860,0.0000,0.0000,1497.2910
2019,1,3,1,61.1200,166.5480,0.0000,944.8920,195.3290,136.2700,0.0000,0.0000,1504.1590
2020,1,3,1,62.2460,165.2560,0.0000,944.0550,193.5260,132.7510,0.0000,0.0000,1497.8340
2021,1,3,1,62.2150,165.8460,0.0000,944.7380,201.7540,136.2890,0.0000,0.0000,1510.8420
2022,1,3,1,65.3050,168.2400,0.0000,945.4280,196.0250,135.0950,0.0000,0.0000,1510.0930
2023,1,3,1,60.5290,168.2100,0.0000,954.2280,194.1970,134.0120,0.0000,0.0000,1511.1760
2024,1,3,1,59.2120,167.4280,0.0000,956.5110,194.9240,135.9020,0.0000,0.0000,1513.9770
2025,1,3,1,61.6300,166.2700,0.0000,942.0680,194.8500,135.4520,0.0000,0.0000,1500.2700
2026,1,3,1,61.4890,166.4490,0.0000,944.3880,194.4920,134.4680,0.0000,0.0000,1501.2860
2027,1,3,1,61.3720,166.1780,0.0000,951.2070,202.5410,136.6650,0.0000,0.0000,1517.9630
2028,1,3,1,62.1730,169.7230,0.0000,944.9110,196.0190,135.8580,0.0000,0.0000,1508.6840
2029,1,3,1,61.9750,167.2980,0.0000,945.9200,195.5330,136.7200,0.0000,0.0000,1507.4460
2030,1,3,0,64.3010,164.7510,0.0000,943.1140,193.6060,135.5260,0.0000,0.0000,1501.2980
2031,1,3,1,61.2440,164.3510,0.0000,954.2340,193.6370,134.8490,0.0000,0.0000,1508.3150
2032,1,3,1,61.0520,165.9690,0.0000,942.8180,194.7200,135.7290,0.0000,0.0000,1500.2880
2033,0,3,1,60.6090,167.5330,0.0000,946.6960,203.8400,138.5850,0.0000,0.0000,1517.2630
2034,1,3,1,63.0830,169.6920,0.0000,943.6060,196.5350,137.4280,0.0000,0.0000,1510.3440
2035,1,3,1,62.0000,167.2740,0.0000,954.9410,193.3360,135.7350,0.0000,0.0000,1513.2860
2036,1,3,1,62.5850,165.7600,0.0000,944.4930,194.5420,134.8370,0.0000,0.0000,1502.2170
2037,1,3,1,61.0090,167.0830,0.0000,945.0890,193.6920,134.3260,0.0000,0.0000,1501.1990
2038,1,3,1,63.4330,166.3200,0.0000,955.5570,191.3480,133.7290,0.0000,0.0000,1510.3870
2039,1,3,0,61.9380,166.9720,0.0000,942.0610,240.0430,138.7260,0.0000,0.0000,1549.7400
2040,1,3,1,62.2960,169.7910,0.0000,958.0920,196.5110,136.7010,0.0000,0.0000,1523.3910
2041,1,3,1,62.0550,167.9750,0.0000,943.5820,195.6560,135.0090,0.0000,0.0000,1504.2770
2042,1,3,1,62.7690,165.8400,0.0000,943.4640,195.7720,135.4160,0.0000,0.0000,1503.2610
2043,1,3,1,60.4490,166.1480,0.0000,948.8920,195.1140,133.4400,0.0000,0.0000,1504.0430
2044,1,3,1,62.8060,167.0460,0.0000,957.4160,195.3540,134.0000,0.0000,0.0000,1516.6220
2045,1,3,1,61.0330,165.8580,0.0000,953.8460,194.0860,133.4770,0.0000,0.0000,1508.3000
2046,1,3,1,104.6160,173.3170,0.0000,946.8300,198.8860,141.0590,0.0000,0.0000,1564.7080
2047,0,3,1,61.2680,168.3570,0.0000,955.6120,194.7690,138.9290,0.0000,0.0000,1518.9350
2048,1,3,1,61.6430,167.7970,0.0000,946.1350,196.5730,133.3970,0.0000,0.0000,1505.5450
2049,0,3,0,61.5510,164.6220,0.0000,944.5230,194.2280,133.9320,0.0000,0.0000,1498.8560
2050,1,3,1,62.3880,164.6280,0.0000,945.0460,194.7450,134.9600,0.0000,0.0000,1501.7670
2051,1,3,1,62.8250,163.8580,0.0000,941.6490,195.3540,135.7410,0.0000,0.0000,1499.4270
2052,1,3,1,62.3940,165.5630,0.0000,941.9700,201.7970,137.5140,0.0000,0.0000,1509.2380
2053,0,3,0,62.8060,168.5350,0.0000,943.4830,194.3510,136.4980,0.0000,0.0000,1505.6730
2054,1,3,1,62.9660,168.3510,0.0000,944.3880,194.1530,134.6340,0.0000,0.0000,1504.4920
2055,1,3,0,61.7850,166.1720,0.0000,943.9570,193.8090,134.2460,0.0000,0.0000,1499.9690
2056,1,3,1,61.3170,166.6150,0.0000,941.7540,194.8560,135.0520,0.0000,0.0000,1499.5940
2057,1,3,1,61.4100,167.2240,0.0000,941.4150,192.9540,133.6800,0.0000,0.0000,1496.6830
2058,1,3,1,63.0030,166.1970,0.0000,942.9730,201.9260,136.6040,0.0000,0.0000,1510.7030
2059,1,3,1,61.2800,166.8680,0.0000,957.2000,198.0120,134.3690,0.0000,0.0000,1517.7290
2060,1,3,1,61.3290,166.6770,0.0000,954.9410,196.0740,133.3720,0.0000,0.0000,1512.3930
2061,1,3,1,61.5500,165.8710,0.0000,956.3930,196.6100,133.8950,0.0000,0.0000,1514.3190
2062,0,3,0,62.6960,166.4300,0.0000,944.0800,193.6000,136.7130,0.0000,0.0000,1503.5190
2063,0,3,0,61.6190,165.3360,0.0000,942.9600,195.3110,134.7570,0.0000,0.0000,1499.9830
2064,1,3,1,61.8280,166.4920,0.0000,951.6180,201.2250,136.2100,0.0000,0.0000,1517.3730
2065,1,3,1,62.2210,169.7970,0.0000,943.3970,193.9630,136.9720,0.0000,0.0000,1506.3500
2066,1,3,1,62.0680,166.5050,0.0000,955.0270,194.8300,134.2460,0.0000,0.0000,1512.6760
2067,1,3,1,62.0430,166.9100,0.0000,943.7720,192.6770,134.4060,0.0000,0.0000,1499.8080
2068,1,3,1,62.6520,166.0070,0.0000,942.3130,196.1350,136.7640,0.0000,0.0000,1503.8710
2069,1,3,1,61.2860,164.0560,0.0000,942.5970,194.3630,134.0560,0.0000,0.0000,1496.3580
2070,1,3,1,61.5940,167.8580,0.0000,955.1260,260.0920,139.6620,0.0000,0.0000,1584.3320
2071,1,3,1,64.2950,175.4340,0.0000,943.5200,197.0400,135.8400,0.0000,0.0000,1516.1290
2072,1,3,1,63.4640,166.5790,0.0000,945.4710,193.5070,136.2640,0.0000,0.0000,1505.2850
2073,1,3,1,61.6990,166.4740,0.0000,942.1850,195.0270,134.5540,0.0000,0.0000,1499.9390
2074,1,3,1,62.1660,166.8310,0.0000,944.0000,194.2580,134.4670,0.0000,0.0000,1501.7220
2075,1,3,1,62.1420,165.3720,0.0000,940.8120,193.8030,136.7260,0.0000,0.0000,1498.8550
2076,1,3,1,61.3910,164.7640,0.0000,942.3690,193.6180,135.5450,0.0000,0.0000,1497.6870
2077,1,3,1,61.4210,175.5940,0.0000,946.1790,198.3810,137.1380,0.0000,0.0000,1518.7130
2078,1,3,1,62.6890,168.8310,0.0000,942.8190,192.2090,136.6650,0.0000,0.0000,1503.2130
2079,1,3,1,62.4610,166.3940,0.0000,945.5320,193.5820,133.5750,0.0000,0.0000,1501.5440
2080,1,3,1,63.2430,166.3450,0.0000,941.2000,196.6330,133.1130,0.0000,0.0000,1500.5340
2081,1,3,1,62.1660,165.6310,0.0000,957.0650,192.7070,135.6860,0.0000,0.0000,1513.2550
2082,1,3,0,59.8030,165.5010,0.0000,956.1970,192.2830,134.1230,0.0000,0.0000,1507.9070
2083,1,3,1,62.3450,161.8330,0.0000,943.7110,203.7970,141.4770,0.0000,0.0000,1513.1630
2084,0,3,0,62.3570,167.7160,0.0000,943.1690,196.2460,136.0180,0.0000,0.0000,1505.5060
2085,1,3,1,62.0860,167.0400,0.0000,946.9720,197.3910,135.8160,0.0000,0.0000,1509.3050
2086,1,3,1,61.4340,166.4180,0.0000,942.8300,194.8500,136.2520,0.0000,0.0000,1501.7840
2087,1,3,1,63.5330,164.2340,0.0000,941.7300,194.2340,135.5320,0.0000,0.0000,1499.2630
2088,1,3,1,63.6620,165.3530,0.0000,958.4490,194.3260,132.7500,0.0000,0.0000,1514.5400
2089,1,3,1,62.3380,166.6460,0.0000,947.6990,202.6210,135.4710,0.0000,0.0000,1514.7750
2090,1,3,1,61.5080,170.2460,0.0000,957.9450,197.6620,134.8620,0.0000,0.0000,1522.2230
2091,1,3,0,61.4770,167.0650,0.0000,946.4060,197.0400,134.7450,0.0000,0.0000,1506.7330
2092,1,3,1,61.2740,166.8310,0.0000,955.4340,196.0000,135.0220,0.0000,0.0000,1514.5610
2093,1,3,1,60.6160,166.1410,0.0000,954.9540,193.5760,134.1110,0.0000,0.0000,1509.3980
2094,0,3,0,61.9500,166.5110,0.0000,955.8770,194.1110,135.3970,0.0000,0.0000,1513.8460
2095,1,3,1,61.5930,165.0470,0.0000,944.0060,200.2150,140.0740,0.0000,0.0000,1510.9350
2096,1,3,1,63.0950,166.8990,0.0000,957.6610,196.1900,134.9290,0.0000,0.0000,1518.7740
2097,1,3,1,63.0030,165.2190,0.0000,944.3820,195.1380,135.7170,0.0000,0.0000,1503.4590
2098,1,3,1,62.4610,165.3110,0.0000,942.8860,193.2550,135.8890,0.0000,0.0000,1499.8020
2099,1,3,1,62.2340,166.9170,0.0000,941.8520,197.3660,134.9480,0.0000,0.0000,1503.3170
2100,1,3,1,61.8220,167.4220,0.0000,941.9260,194.4740,135.1880,0.0000,0.0000,1500.8320
2101,1,3,1,62.7140,165.6620,0.0000,942.9600,232.2890,136.6160,0.0000,0.0000,1540.2410
2102,1,3,1,61.8400,170.2590,0.0000,942.8000,196.6030,134.8310,0.0000,0.0000,1506.3330
2103,0,3,0,61.7170,167.8890,0.0000,942.6530,194.3010,134.3380,0.0000,0.0000,1500.8980
2104,1,3,1,61.1010,165.5390,0.0000,945.2060,194.4440,134.9170,0.0000,0.0000,1501.2070
2105,1,3,1,62.1910,169.3790,0.0000,942.9720,194.8800,132.4490,0.0000,0.0000,1501.8710
2106,0,3,0,63.4150,166.5910,0.0000,943.1320,193.2500,135.4160,0.0000,0.0000,1501.8040
2107,1,3,1,61.7660,167.0830,0.0000,940.8550,195.2560,132.7020,0.0000,0.0000,1497.6620
2108,1,3,1,61.9320,244.7320,0.0000,948.1850,199.8030,139.6550,0.0000,0.0000,1594.3070
2109,1,3,1,62.8800,168.3080,0.0000,957.0960,197.0640,137.8460,0.0000,0.0000,1523.1940
2110,1,3,1,62.9290,166.9050,0.0000,955.5570,196.9420,137.3480,0.0000,0.0000,1519.6810
2111,1,3,1,61.2860,166.4190,0.0000,944.9040,194.9970,136.8190,0.0000,0.0000,1504.4250
2112,1,3,1,60.8250,165.1750,0.0000,946.5840,195.7110,136.6030,0.0000,0.0000,1504.8980
2113,1,3,1,62.1420,168.0070,0.0000,957.8460,191.5630,135.9570,0.0000,0.0000,1515.5150
2114,1,3,1,61.7910,165.3350,0.0000,945.3110,201.0210,138.3450,0.0000,0.0000,1511.8030
2115,1,3,1,61.6800,168.5300,0.0000,944.9540,195.3290,135.1560,0.0000,0.0000,1505.6490
2116,1,3,1,61.0770,165.8270,0.0000,944.1970,197.0520,135.6980,0.0000,0.0000,1503.8510
2117,1,3,1,62.3440,165.2930,0.0000,944.8430,194.1170,135.9570,0.0000,0.0000,1502.5540
2118,1,3,1,62.1840,165.6060,0.0000,945.0650,193.4950,131.6000,0.0000,0.0000,1497.9500
2119,1,3,1,60.7750,165.9080,0.0000,956.2400,194.3750,135.2430,0.0000,0.0000,1512.5410
2120,1,3,1,62.2700,166.2400,0.0000,944.3260,201.3850,136.8800,0.0000,0.0000,1511.1010
2121,1,3,1,60.9540,165.3540,0.0000,944.4000,193.4280,135.2620,0.0000,0.0000,1499.3980
2122,1,3,1,61.5880,167.1200,0.0000,943.2560,196.7380,135.0830,0.0000,0.0000,1503.7850
2123,0,3,1,60.1660,164.9100,0.0000,942.5600,194.4430,134.8370,0.0000,0.0000,1496.9160
2124,1,3,1,60.9840,166.8500,0.0000,956.8620,194.5910,135.3360,0.0000,0.0000,1514.6230
2125,1,3,1,62.7080,165.6680,0.0000,944.0490,193.4400,135.0580,0.0000,0.0000,1500.9230
2126,1,3,1,62.4930,165.2370,0.0000,948.4620,203.1940,135.2430,0.0000,0.0000,1514.6290
2127,1,3,1,62.4500,168.4430,0.0000,943.1630,194.6830,133.0590,0.0000,0.0000,1501.7980
2128,1,3,1,61.2000,166.0000,0.0000,943.2120,194.1420,134.9790,0.0000,0.0000,1499.5330
2129,1,3,1,61.9570,164.6900,0.0000,953.6860,196.3200,134.4620,0.0000,0.0000,1511.1150
2130,1,3,1,61.7660,167.0770,0.0000,956.6100,194.8800,134.6580,0.0000,0.0000,1514.9910
2131,1,3,1,61.8960,165.4770,0.0000,944.3820,193.2490,133.3540,0.0000,0.0000,1498.3580
2132,1,3,1,61.8090,164.9230,0.0000,955.2300,241.0030,142.0740,0.0000,0.0000,1565.0390
2133,1,3,1,63.8520,171.2180,0.0000,957.3410,196.5350,137.5140,0.0000,0.0000,1526.4600
2134,1,3,1,62.9540,164.6160,0.0000,944.6590,194.3140,135.4700,0.0000,0.0000,1502.0130
2135,1,3,1,61.7780,166.4800,0.0000,959.2680,194.9230,136.7700,0.0000,0.0000,1519.2190
2136,1,3,1,60.8740,166.4930,0.0000,942.7510,195.9010,133.2920,0.0000,0.0000,1499.3110
2137,1,3,1,61.2430,165.0090,0.0000,942.9300,192.3080,134.8560,0.0000,0.0000,1496.3460
2138,1,3,1,61.5260,163.6430,0.0000,955.8400,194.0560,134.3500,0.0000,0.0000,1509.4150
2139,1,3,1,63.1080,176.4000,0.0000,947.8890,198.6700,137.0580,0.0000,0.0000,1523.1250
2140,1,3,1,63.6130,168.4860,0.0000,944.0980,195.9010,136.0860,0.0000,0.0000,1508.1840
2141,1,3,1,62.7010,167.0650,0.0000,946.9850,194.1410,136.4740,0.0000,0.0000,1507.3660
2142,1,3,1,61.7970,168.5360,0.0000,955.7420,195.6240,135.3110,0.0000,0.0000,1517.0100
2143,1,3,1,62.4370,168.5040,0.0000,944.0060,193.9940,136.7880,0.0000,0.0000,1505.7290
2144,1,3,1,59.5390,164.9780,0.0000,944.9050,193.2250,135.9070,0.0000,0.0000,1498.5540
2145,1,3,0,62.1050,165.3910,0.0000,942.8250,205.8770,141.2800,0.0000,0.0000,1517.4780
2146,1,3,1,63.6800,169.9880,0.0000,943.0160,195.7970,136.7440,0.0000,0.0000,1509.2250
2147,1,3,1,61.6000,165.8470,0.0000,944.7940,194.9170,135.2680,0.0000,0.0000,1502.4260
2148,1,3,1,63.4030,169.1810,0.0000,943.1700,193.8900,133.4770,0.0000,0.0000,1503.1210
2149,1,3,1,61.6550,166.8610,0.0000,945.5450,194.0680,135.1260,0.0000,0.0000,1503.2550
2150,1,3,1,60.7140,165.5810,0.0000,943.5380,194.5350,135.5940,0.0000,0.0000,1499.9620
2151,1,3,1,60.9110,166.4190,0.0000,954.5850,220.9470,146.0990,0.0000,0.0000,1548.9610
2152,0,3,0,65.4090,174.8930,0.0000,946.9850,200.0740,138.9290,0.0000,0.0000,1526.2900
2153,1,3,1,61.3170,169.2800,0.0000,944.8430,197.2680,137.8710,0.0000,0.0000,1510.5790
2154,1,3,1,60.5170,166.6210,0.0000,943.3660,195.4280,136.1540,0.0000,0.0000,1502.0860
2155,1,3,1,69.5270,174.0800,0.0000,958.4680,199.5070,140.4930,0.0000,0.0000,1542.0750
2156,1,3,1,62.9790,166.5730,0.0000,941.7910,196.3640,138.8550,0.0000,0.0000,1506.5620
2157,1,3,1,62.1290,168.0120,0.0000,953.1330,204.2280,139.7910,0.0000,0.0000,1527.2930
2158,1,3,1,62.2220,168.5910,0.0000,945.0400,194.4070,136.5970,0.0000,0.0000,1506.8570
2159,0,3,1,61.2370,167.4030,0.0000,946.6150,195.3850,134.2330,0.0000,0.0000,1504.8730
2160,1,3,1,63.4580,165.2680,0.0000,943.9760,194.9660,134.5040,0.0000,0.0000,1502.1720
2161,0,3,0,62.0070,163.8890,0.0000,958.8740,194.3200,135.3350,0.0000,0.0000,1514.4250
2162,1,3,1,62.0920,166.5720,0.0000,942.8610,194.4920,133.8770,0.0000,0.0000,1499.8940
2163,1,3,1,62.7440,165.8650,0.0000,957.1880,203.2800,138.7570,0.0000,0.0000,1527.8340
2164,1,3,0,63.7240,169.8710,0.0000,958.6400,196.6650,134.8670,0.0000,0.0000,1523.7670
2165,0,3,0,62.4560,169.1390,0.0000,943.3100,197.4580,136.4000,0.0000,0.0000,1508.7630
2166,1,3,1,61.3970,166.5040,0.0000,943.3600,195.8710,134.8000,0.0000,0.0000,1501.9320
2167,1,3,1,61.5880,165.2740,0.0000,944.8800,194.9110,135.8220,0.0000,0.0000,1502.4750
2168,1,3,1,59.6310,166.6580,0.0000,946.1960,194.1290,134.6270,0.0000,0.0000,1501.2410
2169,1,3,1,60.6340,166.9170,0.0000,942.0310,194.0800,181.7660,0.0000,0.0000,1545.4280
2170,1,3,1,65.8650,173.1200,0.0000,947.5020,198.6950,137.8460,0.0000,0.0000,1523.0280
2171,1,3,1,61.6310,168.9240,0.0000,956.4060,196.2400,136.7690,0.0000,0.0000,1519.9700
2172,1,3,1,61.7050,169.9070,0.0000,949.6300,194.8930,134.9540,0.0000,0.0000,1511.0890
2173,1,3,1,60.6710,166.1970,0.0000,955.6920,193.5700,134.7870,0.0000,0.0000,1510.9170
2174,0,3,0,62.6280,168.2640,0.0000,954.9910,194.9780,136.0310,0.0000,0.0000,1516.8920
2175,1,3,1,61.8770,164.7700,0.0000,954.7940,192.0060,132.7560,0.0000,0.0000,1506.2030
2176,0,3,0,60.9540,213.4160,0.0000,946.3140,200.0000,138.0000,0.0000,0.0000,1558.6840
2177,0,3,0,61.4640,169.7780,0.0000,955.6310,195.5870,137.1020,0.0000,0.0000,1519.5620
2178,0,3,0,61.2740,165.4830,0.0000,944.7810,196.1230,136.9720,0.0000,0.0000,1504.6330
2179,1,3,1,61.6860,166.2520,0.0000,942.7320,195.7850,134.3380,0.0000,0.0000,1500.7930
2180,1,3,1,61.7350,166.0990,0.0000,944.9720,192.7570,134.5790,0.0000,0.0000,1500.1420
2181,1,3,1,61.2800,165.2310,0.0000,944.4430,193.6620,135.8950,0.0000,0.0000,1500.5110
2182,1,3,1,62.5910,165.9760,0.0000,948.6270,206.7080,139.9080,0.0000,0.0000,1523.8100
2183,1,3,1,62.5660,169.8270,0.0000,948.3820,196.3080,136.5480,0.0000,0.0000,1513.6310
2184,1,3,1,61.4400,168.3080,0.0000,958.4490,194.2710,135.9630,0.0000,0.0000,1518.4310
2185,0,3,0,62.2770,164.9290,0.0000,944.6280,192.5780,136.3010,0.0000,0.0000,1500.7130
2186,1,3,1,62.8860,164.9600,0.0000,955.8340,195.4700,134.2150,0.0000,0.0000,1513.3650
2187,1,3,1,60.6900,166.9600,0.0000,956.4920,192.8370,133.5390,0.0000,0.0000,1510.5180
2188,1,3,1,59.8590,167.5020,0.0000,957.4090,202.4620,137.8280,0.0000,0.0000,1525.0600
2189,1,3,1,62.7020,168.3760,0.0000,956.8430,194.8000,137.2120,0.0000,0.0000,1519.9330
2190,1,3,1,60.7390,166.4060,0.0000,942.6210,193.8650,135.9080,0.0000,0.0000,1499.5390
2191,1,3,1,62.4730,166.2160,0.0000,953.2620,194.8250,135.1760,0.0000,0.0000,1511.9520
2192,1,3,1,59.9510,167.4160,0.0000,945.3050,193.0270,134.4370,0.0000,0.0000,1500.1360
2193,1,3,1,62.6890,167.9630,0.0000,942.5660,193.3350,134.7200,0.0000,0.0000,1501.2730
2194,1,3,1,63.2000,165.0160,0.0000,955.3970,205.1450,139.1450,0.0000,0.0000,1527.9030
2195,1,3,1,60.9600,167.6980,0.0000,946.7260,197.2430,137.4460,0.0000,0.0000,1510.0730
2196,0,3,0,63.3360,168.9100,0.0000,945.2920,194.8180,133.9320,0.0000,0.0000,1506.2880
2197,1,3,1,61.8460,166.7940,0.0000,942.4430,194.6090,135.8640,0.0000,0.0000,1501.5560
2198,1,3,1,61.8090,167.6240,0.0000,955.5570,194.2160,134.4740,0.0000,0.0000,1513.6800
2199,1,3,1,63.1510,165.1140,0.0000,942.9850,195.1390,136.1540,0.0000,0.0000,1502.5430
2200,1,3,1,60.9170,165.0030,0.0000,957.5020,194.8980,179.1080,0.0000,0.0000,1557.4280
2201,1,3,1,62.6090,166.9720,0.0000,945.3410,195.6550,137.0710,0.0000,0.0000,1507.6480
2202,1,3,1,61.4460,166.4130,0.0000,957.9760,192.4190,137.9760,0.0000,0.0000,1516.2300
2203,1,3,1,61.6620,166.6950,0.0000,943.2860,195.4210,135.4460,0.0000,0.0000,1502.5100
2204,1,3,1,61.0700,165.0400,0.0000,945.6310,195.7110,134.0860,0.0000,0.0000,1501.5380
2205,1,3,1,60.9790,167.3350,0.0000,943.9140,194.7010,137.7970,0.0000,0.0000,1504.7260
2206,1,3,1,62.9970,165.5450,0.0000,947.0150,193.9380,135.1500,0.0000,0.0000,1504.6450
2207,0,3,0,60.6650,203.8770,0.0000,944.8500,198.2710,135.6180,0.0000,0.0000,1543.2810
2208,1,3,1,62.2040,169.9880,0.0000,955.8040,194.1170,134.6830,0.0000,0.0000,1516.7960
2209,1,3,1,61.8090,165.4400,0.0000,945.6000,195.2870,135.4960,0.0000,0.0000,1503.6320
2210,1,3,1,61.2440,166.4550,0.0000,945.2430,194.6710,135.7290,0.0000,0.0000,1503.3420
2211,1,3,1,61.2430,167.7290,0.0000,942.7940,193.9820,134.3750,0.0000,0.0000,1500.1230
2212,1,3,1,61.5260,165.3230,0.0000,943.8770,195.8280,138.4980,0.0000,0.0000,1505.0520
2213,1,3,1,61.0220,165.5510,0.0000,946.1900,201.1510,138.7390,0.0000,0.0000,1512.6530
2214,0,3,0,64.8620,165.5940,0.0000,956.8310,194.5790,138.2460,0.0000,0.0000,1520.1120
2215,1,3,1,60.5040,166.2210,0.0000,943.2670,194.9480,134.9540,0.0000,0.0000,1499.8940
2216,1,3,1,61.2060,164.9420,0.0000,955.8530,192.2830,134.6460,0.0000,0.0000,1508.9300
2217,0,3,0,62.9050,165.9500,0.0000,943.3410,194.4620,135.6310,0.0000,0.0000,1502.2890
2218,1,3,1,61.2370,164.4930,0.0000,945.5940,194.9660,137.1940,0.0000,0.0000,1503.4840
2219,1,3,1,61.4950,164.8860,0.0000,945.5070,203.4770,137.5870,0.0000,0.0000,1512.9520
2220,1,3,1,62.2460,169.5450,0.0000,955.4520,196.8550,136.5110,0.0000,0.0000,1520.6090
2221,1,3,1,62.5110,169.3170,0.0000,943.6740,195.5010,135.8640,0.0000,0.0000,1506.8670
2222,1,3,1,63.3230,164.3690,0.0000,944.7880,195.4090,134.4610,0.0000,0.0000,1502.3500
2223,1,3,1,60.7140,167.1080,0.0000,944.5470,195.2370,135.2430,0.0000,0.0000,1502.8490
2224,1,3,1,59.6250,167.7600,0.0000,943.1870,194.3380,132.4620,0.0000,0.0000,1497.3720
2225,1,3,1,60.3880,166.9660,0.0000,962.1360,203.5820,137.7540,0.0000,0.0000,1530.8260
2226,0,3,0,61.4280,168.2590,0.0000,953.7040,194.6030,135.1200,0.0000,0.0000,1513.1140
2227,1,3,1,62.1900,165.2000,0.0000,940.4740,193.0400,134.5910,0.0000,0.0000,1495.4950
2228,1,3,1,60.3690,166.4980,0.0000,944.4300,194.7630,135.9750,0.0000,0.0000,1502.0350
2229,1,3,1,62.7320,165.5140,0.0000,942.5040,194.3140,134.5170,0.0000,0.0000,1499.5810
2230,0,3,0,63.8460,166.8800,0.0000,946.0430,194.5910,133.5510,0.0000,0.0000,1504.9110
2231,0,3,0,60.8120,164.7880,0.0000,944.0620,195.7420,176.7080,0.0000,0.0000,1542.1120
2232,0,3,0,62.6890,172.3390,0.0000,947.0590,196.5540,136.0310,0.0000,0.0000,1514.6720
2233,0,3,0,63.0150,170.2030,0.0000,945.0030,196.8360,136.0430,0.0000,0.0000,1511.1000
2234,1,3,1,61.7050,168.2580,0.0000,945.1630,193.7970,135.8710,0.0000,0.0000,1504.7940
2235,1,3,1,61.4770,166.3750,0.0000,943.2430,193.1260,135.7970,0.0000,0.0000,1500.0180
2236,1,3,1,62.2770,165.1630,0.0000,943.1320,194.7380,133.0400,0.0000,0.0000,1498.3500
2237,1,3,1,61.0830,164.7080,0.0000,943.2360,195.7230,133.6930,0.0000,0.0000,1498.4430
2238,1,3,1,63.0530,203.6930,0.0000,944.1850,201.3850,139.0770,0.0000,0.0000,1551.3930
2239,1,3,1,62.3810,167.8580,0.0000,948.3880,192.2340,137.7050,0.0000,0.0000,1508.5660
2240,1,3,0,60.2890,165.7300,0.0000,947.1200,193.6680,136.9970,0.0000,0.0000,1503.8040
2241,1,3,1,62.3940,164.3450,0.0000,942.0250,195.0030,134.1670,0.0000,0.0000,1497.9340
2242,1,3,1,61.1820,163.9940,0.0000,956.8670,193.9200,137.0280,0.0000,0.0000,1512.9910
2243,0,3,0,61.3290,167.6740,0.0000,956.6710,194.2030,136.1660,0.0000,0.0000,1516.0430
2244,1,3,1,60.9160,164.9110,0.0000,954.3570,202.5230,138.6830,0.0000,0.0000,1521.3900
2245,1,3,1,63.2680,167.7230,0.0000,943.7970,194.5910,138.9840,0.0000,0.0000,1508.3630
2246,0,3,0,62.2160,167.3420,0.0000,946.8370,194.5170,135.9390,0.0000,0.0000,1506.8510
2247,1,3,1,60.4060,166.1970,0.0000,944.4620,196.4500,135.3540,0.0000,0.0000,1502.8690
2248,1,3,1,61.1510,165.9260,0.0000,943.6870,194.3630,136.6400,0.0000,0.0000,1501.7670
2249,0,3,0,61.4710,165.5140,0.0000,947.7780,196.3690,134.7080,0.0000,0.0000,1505.8400
2250,1,3,1,63.0640,163.7160,0.0000,947.1080,199.8340,137.3660,0.0000,0.0000,1511.0880
2251,1,3,1,60.4680,167.8340,0.0000,942.1350,196.6030,134.3260,0.0000,0.0000,1501.3660
2252,1,3,1,61.8030,166.8180,0.0000,946.1730,193.9020,137.2300,0.0000,0.0000,1505.9260
2253,1,3,1,62.6330,166.9840,0.0000,945.4580,195.5570,135.6000,0.0000,0.0000,1506.2320
2254,1,3,1,62.9730,165.5020,0.0000,957.2860,193.1820,135.7050,0.0000,0.0000,1514.6480
2255,1,3,1,61.0650,165.0830,0.0000,954.6890,192.2460,134.3760,0.0000,0.0000,1507.4590
2256,1,3,1,60.5300,165.6740,0.0000,1032.1530,207.1020,138.5350,0.0000,0.0000,1603.9940
2257,1,3,1,62.4990,171.3100,0.0000,946.2160,197.2190,136.3880,0.0000,0.0000,1513.6320
2258,1,3,1,62.3020,168.7020,0.0000,941.6500,195.6370,135.5380,0.0000,0.0000,1503.8290
2259,1,3,0,61.0280,165.7730,0.0000,943.4400,195.4210,134.5050,0.0000,0.0000,1500.1670
2260,1,3,1,61.7660,166.8930,0.0000,956.3330,194.2280,134.9790,0.0000,0.0000,1514.1990
2261,1,3,1,62.1600,168.8250,0.0000,946.3750,193.4460,134.2700,0.0000,0.0000,1505.0760
2262,1,3,1,59.5570,166.3080,0.0000,944.7510,196.8000,180.0620,0.0000,0.0000,1547.4780
2263,1,3,1,63.0830,171.2190,0.0000,947.5930,196.6270,137.8650,0.0000,0.0000,1516.3870
2264,1,3,1,62.9540,165.1560,0.0000,942.8060,194.3080,134.6150,0.0000,0.0000,1499.8390
2265,0,3,0,61.0150,164.6280,0.0000,943.0520,194.1540,135.6740,0.0000,0.0000,1498.5230
2266,0,3,0,61.2930,165.1450,0.0000,943.0770,193.9500,134.5410,0.0000,0.0000,1498.0060
2267,1,3,1,61.6550,166.6900,0.0000,945.0090,195.0460,134.6150,0.0000,0.0000,1503.0150
2268,1,3,1,62.3440,167.1500,0.0000,943.2920,193.9560,133.1630,0.0000,0.0000,1499.9050
2269,1,3,1,62.3260,205.6180,0.0000,945.1630,198.4490,136.4740,0.0000,0.0000,1548.0300
2270,1,3,1,61.2990,167.7790,0.0000,957.5320,196.6220,138.0930,0.0000,0.0000,1521.3250
2271,1,3,1,62.0000,166.8490,0.0000,944.7690,193.8330,135.3720,0.0000,0.0000,1502.8230
2272,0,3,0,64.4060,164.6830,0.0000,943.4400,195.8640,136.0550,0.0000,0.0000,1504.4480
2273,1,3,1,61.7720,167.2130,0.0000,947.1510,193.2680,133.1260,0.0000,0.0000,1502.5300
2274,1,3,1,62.0370,164.4060,0.0000,946.6340,193.4830,134.5300,0.0000,0.0000,1501.0900
2275,1,3,1,62.3200,165.0700,0.0000,945.9500,203.4400,139.5080,0.0000,0.0000,1516.2880
2276,1,3,0,62.2090,168.6100,0.0000,948.4190,196.5850,136.3570,0.0000,0.0000,1512.1800
2277,0,3,0,62.1230,166.7690,0.0000,944.3880,193.6430,137.0830,0.0000,0.0000,1504.0060
2278,1,3,1,62.0250,165.8770,0.0000,941.4030,196.2590,134.9660,0.0000,0.0000,1500.5300
2279,1,3,1,62.9410,165.3110,0.0000,943.9450,195.2920,136.9110,0.0000,0.0000,1504.4000
2280,1,3,1,63.9880,167.4520,0.0000,956.8370,194.2090,134.3010,0.0000,0.0000,1516.7870
2281,1,3,1,61.9320,166.9410,0.0000,946.7270,202.5470,136.6960,0.0000,0.0000,1514.8430
2282,1,3,1,62.4310,168.8740,0.0000,955.2370,196.2960,135.0220,0.0000,0.0000,1517.8600
2283,1,3,1,62.4370,166.5850,0.0000,945.6430,195.9140,137.2130,0.0000,0.0000,1507.7920
2284,1,3,0,60.4370,164.8370,0.0000,956.7130,197.4270,135.0950,0.0000,0.0000,1514.5090
2285,1,3,1,61.7360,165.5020,0.0000,956.3690,195.2610,134.1780,0.0000,0.0000,1513.0460
2286,1,3,1,60.4190,166.9230,0.0000,945.6860,196.0180,135.5440,0.0000,0.0000,1504.5900
2287,1,3,1,62.0370,166.8060,0.0000,960.8740,201.3350,137.6000,0.0000,0.0000,1528.6520
2288,1,3,1,64.2090,168.8060,0.0000,958.3690,197.7170,134.1910,0.0000,0.0000,1523.2920
2289,0,3,0,61.7540,166.6460,0.0000,957.8890,193.9690,136.4740,0.0000,0.0000,1516.7320
2290,1,3,1,60.4120,165.4640,0.0000,955.7840,194.3690,133.3290,0.0000,0.0000,1509.3580
2291,1,3,1,60.3760,164.1780,0.0000,953.4890,193.1750,134.6220,0.0000,0.0000,1505.8400
2292,0,3,0,61.1140,165.7110,0.0000,955.1690,192.3760,136.1660,0.0000,0.0000,1510.5360
2293,1,3,1,64.1660,166.5970,0.0000,943.6000,196.5290,146.8980,0.0000,0.0000,1517.7900
2294,1,3,1,64.2710,171.6370,0.0000,957.4280,196.5600,137.3480,0.0000,0.0000,1527.2440
2295,1,3,1,62.2090,166.8300,0.0000,950.7500,194.9350,136.4430,0.0000,0.0000,1511.1670
2296,1,3,1,61.5700,166.0250,0.0000,947.6250,194.6400,135.7910,0.0000,0.0000,1505.6510
2297,1,3,1,62.3940,165.9690,0.0000,941.8150,195.0340,134.6890,0.0000,0.0000,1499.9010
2298,1,3,1,60.1040,167.7850,0.0000,956.6090,194.4130,133.1010,0.0000,0.0000,1512.0120
2299,1,3,1,62.0620,166.8370,0.0000,941.4340,194.2090,136.0550,0.0000,0.0000,1500.5970
2300,1,3,1,61.2370,301.8150,0.0000,950.0980,204.9230,143.7970,0.0000,0.0000,1661.8700
2301,0,3,0,63.7900,171.8700,0.0000,947.4580,196.8310,136.6890,0.0000,0.0000,1516.6380
2302,1,3,1,61.5700,169.4830,0.0000,945.1080,198.0610,137.7790,0.0000,0.0000,1512.0010
2303,1,3,1,61.4770,169.8590,0.0000,955.9760,194.6100,133.7780,0.0000,0.0000,1515.7000
2304,0,3,0,60.7200,167.0220,0.0000,944.7260,193.4960,137.0520,0.0000,0.0000,1503.0160
2305,1,3,1,62.3140,165.2360,0.0000,957.2310,195.8520,135.4460,0.0000,0.0000,1516.0790
2306,1,3,1,62.2590,166.3020,0.0000,945.6680,199.6490,138.3010,0.0000,0.0000,1512.1790
2307,1,3,1,63.3600,168.5780,0.0000,954.0550,196.4250,135.6670,0.0000,0.0000,1518.0850
2308,1,3,1,62.2580,167.2310,0.0000,943.1570,197.4950,136.1170,0.0000,0.0000,1506.2580
2309,1,3,1,62.5040,165.3170,0.0000,956.3320,195.7600,136.6090,0.0000,0.0000,1516.5220
2310,1,3,1,63.2440,165.5690,0.0000,957.2120,193.3110,136.2460,0.0000,0.0000,1515.5820
2311,1,3,1,61.9070,166.0190,0.0000,943.5010,195.4520,133.2680,0.0000,0.0000,1500.1470
2312,1,3,1,60.9780,163.6190,0.0000,957.3720,202.5850,138.9540,0.0000,0.0000,1523.5080
2313,1,3,1,62.7630,169.1320,0.0000,942.2890,196.2950,136.1850,0.0000,0.0000,1506.6640
2314,1,3,1,64.8060,166.3380,0.0000,957.0330,195.2000,134.8620,0.0000,0.0000,1518.2390
2315,1,3,1,59.9390,166.1960,0.0000,945.7040,195.1930,135.1140,0.0000,0.0000,1502.1460
2316,1,3,1,61.0220,166.3570,0.0000,949.0520,195.6740,136.3930,0.0000,0.0000,1508.4980
2317,1,3,1,60.8680,165.2250,0.0000,943.4710,194.9910,135.9010,0.0000,0.0000,1500.4560
2318,1,3,1,62.6770,166.7200,0.0000,944.4000,203.4590,137.2120,0.0000,0.0000,1514.4680
2319,1,3,1,62.0740,168.0370,0.0000,949.2920,195.7420,135.5810,0.0000,0.0000,1510.7260
2320,1,3,1,59.9760,165.6310,0.0000,949.0950,191.8650,135.5020,0.0000,0.0000,1502.0690
2321,1,3,1,62.4560,166.4500,0.0000,942.0800,193.3290,134.0120,0.0000,0.0000,1498.3270
2322,1,3,1,61.8710,163.5380,0.0000,946.6650,194.7940,135.9880,0.0000,0.0000,1502.8560
2323,1,3,1,60.8310,164.8000,0.0000,944.6710,195.6680,133.6990,0.0000,0.0000,1499.6690
2324,1,3,1,60.6650,165.9020,0.0000,953.6240,205.4950,138.2400,0.0000,0.0000,1523.9260
2325,1,3,1,61.7170,167.9510,0.0000,943.9320,195.1020,133.4710,0.0000,0.0000,1502.1730
2326,1,3,1,60.9660,167.3600,0.0000,957.2920,193.1760,134.4370,0.0000,0.0000,1513.2310
2327,1,3,1,61.4340,168.1840,0.0000,940.5970,194.6400,134.3570,0.0000,0.0000,1499.2120
2328,1,3,1,61.1270,166.1600,0.0000,942.6150,193.8220,133.4700,0.0000,0.0000,1497.1940
2329,1,3,1,61.7480,165.8210,0.0000,940.8490,192.2900,135.4150,0.0000,0.0000,1496.1230
2330,1,3,1,63.4710,165.3040,0.0000,954.9910,193.8340,192.0120,0.0000,0.0000,1569.6120
2331,1,3,1,65.6310,172.5110,0.0000,945.8340,200.2830,137.9390,0.0000,0.0000,1522.1980
2332,1,3,1,62.1540,166.4560,0.0000,956.2890,196.2400,136.5170,0.0000,0.0000,1517.6560
2333,1,3,1,61.1320,166.0560,0.0000,957.4030,195.8650,133.2060,0.0000,0.0000,1513.6620
2334,1,3,1,61.1630,164.6590,0.0000,956.0490,194.4120,136.1540,0.0000,0.0000,1512.4370
2335,1,3,1,60.4360,164.6830,0.0000,956.7690,193.4710,135.4900,0.0000,0.0000,1510.8490
2336,0,3,0,60.3940,163.2060,0.0000,956.8620,192.8310,135.4220,0.0000,0.0000,1508.7150
2337,1,3,1,61.4590,208.6400,0.0000,942.6460,199.8030,135.8900,0.0000,0.0000,1548.4380
2338,1,3,1,63.7410,165.7970,0.0000,941.5260,194.3820,136.4490,0.0000,0.0000,1501.8950
2339,1,3,1,61.7360,167.3540,0.0000,956.0740,191.5450,136.6030,0.0000,0.0000,1513.3120
2340,1,3,0,62.3510,165.5440,0.0000,958.0240,194.2760,133.6800,0.0000,0.0000,1513.8750
2341,1,3,0,69.1200,175.9820,0.0000,957.4530,198.0550,139.4100,0.0000,0.0000,1540.0200
2342,1,3,1,63.3720,169.0590,0.0000,954.4550,194.0680,134.0980,0.0000,0.0000,1515.0520
2343,1,3,1,62.5840,167.8460,0.0000,950.3320,201.5450,139.9630,0.0000,0.0000,1522.2700
2344,1,3,1,62.4800,168.2400,0.0000,958.4860,197.3910,137.9690,0.0000,0.0000,1524.5660
2345,1,3,1,61.7660,167.2800,0.0000,956.0930,195.5690,137.3050,0.0000,0.0000,1518.0130
2346,1,3,1,64.3500,166.5350,0.0000,944.0990,194.0990,134.9900,0.0000,0.0000,1504.0730
2347,1,3,1,61.0950,166.2710,0.0000,945.5130,194.1290,135.7360,0.0000,0.0000,1502.7440
2348,1,3,0,61.4150,166.9300,0.0000,941.0650,194.6400,133.2670,0.0000,0.0000,1497.3170
2349,1,3,1,62.3020,165.3230,0.0000,951.7660,224.3820,148.3200,0.0000,0.0000,1552.0930
2350,0,3,0,65.4580,173.4520,0.0000,949.0770,198.3080,141.7170,0.0000,0.0000,1528.0120
2351,1,3,1,62.7320,172.3870,0.0000,946.0920,196.6090,135.9570,0.0000,0.0000,1513.7770
2352,1,3,1,60.6340,168.2530,0.0000,955.5450,195.1690,136.2960,0.0000,0.0000,1515.8970
2353,1,3,1,61.9700,168.6700,0.0000,957.7410,194.8930,136.2900,0.0000,0.0000,1519.5640
2354,1,3,1,62.8740,164.3260,0.0000,943.4950,193.5330,135.2560,0.0000,0.0000,1499.4840
2355,1,3,1,61.0830,165.0340,0.0000,943.0150,208.3760,141.6560,0.0000,0.0000,1519.1640
2356,1,3,1,62.1170,168.8060,0.0000,946.7390,197.6860,136.3750,0.0000,0.0000,1511.7230
2357,1,3,1,62.0370,169.2240,0.0000,955.5140,198.0370,136.3880,0.0000,0.0000,1521.2000
2358,1,3,1,62.5170,166.5350,0.0000,957.1510,194.2650,134.3200,0.0000,0.0000,1514.7880
2359,1,3,1,61.9200,167.0580,0.0000,944.3450,195.6190,134.4310,0.0000,0.0000,1503.3730
2360,0,3,0,60.2090,165.9750,0.0000,944.3450,195.2680,136.3260,0.0000,0.0000,1502.1230
2361,1,3,0,62.0930,168.6640,0.0000,944.9170,241.5700,138.9230,0.0000,0.0000,1556.1670
2362,1,3,1,62.8370,168.9230,0.0000,944.1730,198.1670,135.4270,0.0000,0.0000,1509.5270
2363,1,3,0,61.5080,167.9080,0.0000,944.9790,196.1910,135.6990,0.0000,0.0000,1506.2850
2364,0,3,0,61.9440,167.6250,0.0000,958.1720,194.3570,136.3200,0.0000,0.0000,1518.4180
2365,1,3,1,61.9690,166.3870,0.0000,944.8620,195.4150,135.6000,0.0000,0.0000,1504.2330
2366,1,3,1,62.5170,166.2900,0.0000,942.5420,193.1450,134.0370,0.0000,0.0000,1498.5310
2367,1,3,1,61.6920,165.6370,0.0000,957.2920,193.2550,136.2950,0.0000,0.0000,1514.1710
2368,1,3,1,69.9870,171.8280,0.0000,959.5560,197.9020,139.1450,0.0000,0.0000,1538.4180
2369,1,3,1,62.0120,168.8800,0.0000,946.4670,195.4960,136.7070,0.0000,0.0000,1509.5620
2370,1,3,1,63.2800,167.2430,0.0000,944.8430,195.2310,134.9780,0.0000,0.0000,1505.5750
2371,1,3,1,60.4870,165.6310,0.0000,956.4430,194.6830,133.5010,0.0000,0.0000,1510.7450
2372,1,3,1,61.7410,165.4100,0.0000,943.6920,193.9140,134.6400,0.0000,0.0000,1499.3970
2373,0,3,0,62.4860,166.0800,0.0000,956.1040,194.8310,136.1040,0.0000,0.0000,1515.6050
2374,1,3,1,62.8730,203.3540,0.0000,945.3170,199.7170,139.2740,0.0000,0.0000,1550.5350
2375,1,3,1,62.7330,170.7880,0.0000,943.2860,195.9140,133.4340,0.0000,0.0000,1506.1550
2376,1,3,1,60.9470,167.5630,0.0000,944.6090,193.9630,133.4220,0.0000,0.0000,1500.5040
2377,1,3,1,61.8580,166.7260,0.0000,941.3230,194.5110,137.2490,0.0000,0.0000,1501.6670
2378,1,3,1,62.3330,166.4120,0.0000,942.1360,194.3880,135.1200,0.0000,0.0000,1500.3890
2379,1,3,1,61.4100,166.0430,0.0000,940.7690,194.2030,135.1510,0.0000,0.0000,1497.5760
2380,1,3,1,60.2950,166.2270,0.0000,945.3410,206.4550,141.9380,0.0000,0.0000,1520.2560
2381,0,3,1,63.5260,169.5570,0.0000,959.0030,195.6060,138.2770,0.0000,0.0000,1525.9690
2382,1,3,1,63.6740,167.5260,0.0000,946.4250,195.6370,136.7440,0.0000,0.0000,1510.0060
2383,1,3,1,61.9750,164.7750,0.0000,941.1440,194.2150,134.7440,0.0000,0.0000,1496.8530
2384,1,3,1,62.5660,165.7720,0.0000,943.4960,195.0460,135.3480,0.0000,0.0000,1502.2280
2385,1,3,1,61.4710,163.7170,0.0000,940.6950,192.7200,134.7750,0.0000,0.0000,1493.3780
2386,1,3,1,59.6800,164.6340,0.0000,950.0610,202.7010,139.0580,0.0000,0.0000,1516.1340
2387,1,3,1,63.1010,169.7160,0.0000,944.9170,196.2950,136.0610,0.0000,0.0000,1510.0900
2388,1,3,1,61.5630,167.9010,0.0000,957.0960,196.3200,136.5230,0.0000,0.0000,1519.4030
2389,1,3,1,61.0220,168.5470,0.0000,955.7110,193.5750,135.3660,0.0000,0.0000,1514.2210
2390,1,3,1,62.2710,167.4220,0.0000,953.2310,193.9750,135.7230,0.0000,0.0000,1512.6220
2391,1,3,1,61.6310,167.3350,0.0000,942.2090,195.6990,133.3900,0.0000,0.0000,1500.2640
2392,1,3,1,61.6370,164.4120,0.0000,957.2930,243.1140,138.4610,0.0000,0.0000,1564.9170
2393,1,3,0,61.5510,169.8150,0.0000,955.7840,195.3780,135.7660,0.0000,0.0000,1518.2940
2394,1,3,1,62.2520,167.5570,0.0000,945.5320,194.3380,134.1540,0.0000,0.0000,1503.8330
2395,1,3,0,61.4580,165.8150,0.0000,955.2130,193.1270,132.1230,0.0000,0.0000,1507.7360
2396,1,3,1,60.2770,166.9170,0.0000,942.8190,194.9660,134.2830,0.0000,0.0000,1499.2620
2397,1,3,1,63.5930,165.6610,0.0000,946.4120,192.5780,137.0090,0.0000,0.0000,1505.2530
2398,1,3,1,61.0520,165.1330,0.0000,957.5320,195.1690,177.3410,0.0000,0.0000,1556.2270
2399,0,3,0,62.5350,170.6950,0.0000,948.0060,195.8400,136.4550,0.0000,0.0000,1513.5310
2400,1,3,1,61.9510,166.9050,0.0000,943.1870,195.4960,136.6340,0.0000,0.0000,1504.1730
2401,1,3,1,62.1840,166.5660,0.0000,941.1630,194.9480,133.7040,0.0000,0.0000,1498.5650
2402,1,3,1,64.0000,165.6680,0.0000,955.9630,195.6250,137.4280,0.0000,0.0000,1518.6840
2403,1,3,0,61.6740,164.2090,0.0000,943.1510,195.4650,133.8890,0.0000,0.0000,1498.3880
2404,1,3,1,60.3630,165.3300,0.0000,954.3510,194.3940,135.5810,0.0000,0.0000,1510.0190
2405,1,3,1,61.7050,218.6090,0.0000,960.1910,202.7560,139.3100,0.0000,0.0000,1582.5710
2406,1,3,1,64.0190,167.9570,0.0000,957.8520,195.4580,135.5450,0.0000,0.0000,1520.8310
2407,1,3,1,61.8340,167.3910,0.0000,954.5600,196.6530,136.5410,0.0000,0.0000,1516.9790
2408,1,3,1,59.9070,167.9570,0.0000,946.0560,196.4680,136.0920,0.0000,0.0000,1506.4800
2409,1,3,1,60.3940,164.8190,0.0000,947.0830,194.3320,135.6990,0.0000,0.0000,1502.3270
2410,1,3,0,62.2270,163.5320,0.0000,949.5260,195.1630,133.4270,0.0000,0.0000,1503.8750
2411,1,3,1,62.0370,166.9600,0.0000,947.6370,200.7390,138.3320,0.0000,0.0000,1515.7050
2412,1,3,1,62.1730,165.2740,0.0000,942.7080,196.0550,136.7690,0.0000,0.0000,1502.9790
2413,1,3,1,61.4460,165.8460,0.0000,955.6310,192.9540,133.9260,0.0000,0.0000,1509.8030
2414,1,3,1,64.2210,165.6620,0.0000,942.4870,195.5870,135.2680,0.0000,0.0000,1503.2250
2415,1,3,1,60.0490,165.7050,0.0000,940.8060,192.4980,134.7080,0.0000,0.0000,1493.7660
2416,1,3,1,61.1630,165.2680,0.0000,954.5230,196.2520,135.2250,0.0000,0.0000,1512.4310
2417,1,3,0,63.1570,166.2340,0.0000,947.7910,199.5940,137.5630,0.0000,0.0000,1514.3390
2418,1,3,1,62.3020,165.7600,0.0000,942.8800,195.7600,136.8360,0.0000,0.0000,1503.5380
2419,0,3,1,63.3350,164.8000,0.0000,941.1820,196.7140,136.8370,0.0000,0.0000,1502.8680
2420,1,3,1,64.6460,165.9750,0.0000,956.8680,195.7480,136.5970,0.0000,0.0000,1519.8340
2421,1,3,1,61.5810,166.5290,0.0000,956.4920,194.4000,134.0740,0.0000,0.0000,1513.0760
2422,1,3,0,61.5510,164.0680,0.0000,942.0310,193.1570,135.0580,0.0000,0.0000,1495.8650
2423,1,3,1,60.0180,166.7820,0.0000,986.1050,201.2800,138.6160,0.0000,0.0000,1552.8010
2424,1,3,1,62.3750,169.0090,0.0000,957.7660,195.4270,136.1540,0.0000,0.0000,1520.7310
2425,1,3,1,62.6030,166.9110,0.0000,944.5050,195.7600,134.7510,0.0000,0.0000,1504.5300
2426,1,3,1,60.9600,165.5440,0.0000,943.7420,196.9720,135.1380,0.0000,0.0000,1502.3560
2427,1,3,1,61.5080,166.0130,0.0000,943.8830,194.5730,135.7410,0.0000,0.0000,1501.7180
2428,1,3,1,60.3820,164.0070,0.0000,943.6740,193.0590,133.5020,0.0000,0.0000,1494.6240
2429,1,3,1,61.4460,166.8370,0.0000,944.9910,194.7200,174.1480,0.0000,0.0000,1542.1420
2430,1,3,1,61.5810,169.7040,0.0000,944.5360,195.7850,134.4740,0.0000,0.0000,1506.0800
2431,1,3,1,62.0240,165.5450,0.0000,944.9040,195.7360,135.4030,0.0000,0.0000,1503.6120
2432,1,3,1,61.8090,167.3230,0.0000,944.4000,195.1270,134.6090,0.0000,0.0000,1503.2680
2433,1,3,1,62.4370,166.4620,0.0000,943.8460,192.9840,134.8800,0.0000,0.0000,1500.6090
2434,1,3,1,63.7420,166.7260,0.0000,944.0800,193.4710,134.4680,0.0000,0.0000,1502.4870
2435,1,3,1,61.4340,166.1170,0.0000,947.9450,193.2680,134.6650,0.0000,0.0000,1503.4290
2436,0,3,0,63.6560,200.8610,0.0000,943.6990,202.5660,138.4070,0.0000,0.0000,1549.1890
2437,1,3,1,61.5940,169.1940,0.0000,942.2460,194.4370,136.0190,0.0000,0.0000,1503.4900
2438,1,3,0,62.0860,168.5970,0.0000,944.4800,196.5840,133.7600,0.0000,0.0000,1505.5070
2439,1,3,1,61.8400,166.2030,0.0000,943.9940,196.7820,135.4400,0.0000,0.0000,1504.2590
2440,1,3,1,62.8430,166.3750,0.0000,946.1600,191.2370,133.4220,0.0000,0.0000,1500.0370
2441,1,3,1,61.9200,166.1600,0.0000,946.6400,196.4670,133.1440,0.0000,0.0000,1504.3310
2442,0,3,0,61.7300,166.0550,0.0000,942.7080,206.9050,137.1630,0.0000,0.0000,1514.5610
2443,1,3,1,63.9140,169.0830,0.0000,948.1170,196.8430,135.7720,0.0000,0.0000,1513.7290
2444,0,3,0,61.4340,167.8640,0.0000,943.5880,194.2100,133.7780,0.0000,0.0000,1500.8740
2445,1,3,1,62.2330,167.0280,0.0000,955.6070,194.8980,135.7600,0.0000,0.0000,1515.5260
2446,1,3,1,61.4830,165.8460,0.0000,944.8180,193.1570,135.5020,0.0000,0.0000,1500.8060
2447,1,3,1,61.6870,166.3630,0.0000,956.5850,194.6090,136.1290,0.0000,0.0000,1515.3730
2448,1,3,1,63.3600,166.8920,0.0000,956.3450,203.7290,137.5820,0.0000,0.0000,1527.9080
2449,1,3,1,62.6030,168.8430,0.0000,943.6670,194.7570,133.8950,0.0000,0.0000,1503.7650
2450,1,3,1,61.1760,164.5290,0.0000,958.8070,193.9750,136.5600,0.0000,0.0000,1515.0470
2451,1,3,1,61.3350,164.0860,0.0000,943.9510,193.6430,134.0430,0.0000,0.0000,1497.0580
2452,1,3,1,62.3880,166.5290,0.0000,955.3780,194.8870,132.7940,0.0000,0.0000,1511.9760
2453,1,3,1,60.7200,164.6520,0.0000,956.1100,192.4800,133.2610,0.0000,0.0000,1507.2230
2454,1,3,1,60.0800,167.1070,0.0000,942.0370,203.1630,139.4710,0.0000,0.0000,1511.8580
2455,1,3,1,63.9820,168.4180,0.0000,941.7910,196.6890,136.4240,0.0000,0.0000,1507.3040
2456,1,3,1,63.8830,167.2490,0.0000,940.9100,194.2030,136.1100,0.0000,0.0000,1502.3550
2457,1,3,1,60.8800,167.0460,0.0000,940.1230,195.1690,136.4610,0.0000,0.0000,1499.6790
2458,1,3,1,60.6400,164.3010,0.0000,941.7480,192.9350,137.6740,0.0000,0.0000,1497.2980
2459,1,3,1,61.3290,165.3110,0.0000,944.5780,194.4670,132.2520,0.0000,0.0000,1497.9370
2460,1,3,1,61.0470,165.9200,0.0000,943.3110,195.0640,176.5110,0.0000,0.0000,1541.8530
2461,1,3,1,64.8680,168.5540,0.0000,943.2800,195.7170,134.7140,0.0000,0.0000,1507.1330
2462,0,3,0,62.4550,168.5660,0.0000,944.2090,194.4800,135.0270,0.0000,0.0000,1504.7370
2463,1,3,1,61.8830,165.7480,0.0000,955.8090,195.1380,135.4590,0.0000,0.0000,1514.0370
2464,1,3,1,62.1480,165.4770,0.0000,942.1600,195.9330,135.0900,0.0000,0.0000,1500.8080
2465,1,3,1,61.1510,165.0220,0.0000,946.1970,192.9160,135.0960,0.0000,0.0000,1500.3820
2466,0,3,0,61.7780,167.7230,0.0000,945.2670,194.2650,133.4700,0.0000,0.0000,1502.5030
2467,0,3,0,61.6980,167.2490,0.0000,947.8460,202.4190,138.5040,0.0000,0.0000,1517.7160
2468,0,3,0,61.7170,168.5290,0.0000,941.5450,196.4930,135.7360,0.0000,0.0000,1504.0200
2469,1,3,1,62.2530,166.5910,0.0000,941.2430,193.3230,134.1290,0.0000,0.0000,1497.5390
2470,1,3,1,62.6710,164.2580,0.0000,958.4620,193.9080,134.6160,0.0000,0.0000,1513.9150
2471,0,3,0,61.7300,163.7970,0.0000,942.1040,194.6160,133.5380,0.0000,0.0000,1495.7850
2472,1,3,1,62.3200,165.7790,0.0000,957.5570,192.9730,133.5140,0.0000,0.0000,1512.1430
2473,1,3,1,61.8650,166.9050,0.0000,945.0030,202.6520,136.2520,0.0000,0.0000,1512.6770
2474,0,3,0,62.6400,165.3730,0.0000,944.1410,196.5100,137.1390,0.0000,0.0000,1505.8030
2475,1,3,1,63.4520,165.1570,0.0000,941.8030,193.9070,136.2090,0.0000,0.0000,1500.5280
2476,1,3,1,61.0400,165.2740,0.0000,943.3600,194.8000,135.8950,0.0000,0.0000,1500.3690
2477,0,3,0,61.9940,166.2460,0.0000,945.2060,192.9040,134.9970,0.0000,0.0000,1501.3470
2478,0,3,0,61.7290,165.6680,0.0000,943.4840,195.0830,135.3050,0.0000,0.0000,1501.2690
2479,0,3,0,61.2310,165.9880,0.0000,946.4490,204.8060,138.9170,0.0000,0.0000,1517.3910
2480,1,3,1,62.8250,171.3050,0.0000,942.9540,195.6310,136.7200,0.0000,0.0000,1509.4350
2481,1,3,1,62.8120,165.4030,0.0000,942.3080,194.5350,134.4800,0.0000,0.0000,1499.5380
2482,1,3,1,60.7390,166.3380,0.0000,956.9720,193.5200,136.2650,0.0000,0.0000,1513.8340
2483,1,3,1,63.2550,164.7560,0.0000,955.6800,195.4030,133.3170,0.0000,0.0000,1512.4110
2484,1,3,1,60.4370,166.5050,0.0000,954.3880,194.5660,134.7630,0.0000,0.0000,1510.6590
2485,1,3,1,60.8370,166.6090,0.0000,940.3140,236.7440,138.6700,0.0000,0.0000,1543.1740
2486,1,3,1,63.1690,168.7200,0.0000,957.6060,195.9810,134.9730,0.0000,0.0000,1520.4490
2487,1,3,1,63.0710,167.1630,0.0000,955.4150,194.8300,134.6460,0.0000,0.0000,1515.1250
2488,1,3,1,61.9320,164.7690,0.0000,944.7140,194.3810,134.9540,0.0000,0.0000,1500.7500
2489,0,3,0,59.8280,165.9140,0.0000,954.6530,194.0490,134.3330,0.0000,0.0000,1508.7770
2490,1,3,1,61.2180,167.4340,0.0000,955.9020,193.7730,134.6460,0.0000,0.0000,1512.9730
2491,1,3,1,63.0090,165.2740,0.0000,943.0580,194.7630,135.9750,0.0000,0.0000,1502.0790
2492,1,3,1,68.0800,168.2340,0.0000,943.2120,195.9260,138.8310,0.0000,0.0000,1514.2830
2493,1,3,1,61.9820,167.6000,0.0000,944.8500,194.1050,136.3070,0.0000,0.0000,1504.8440
2494,1,3,1,60.1970,166.0800,0.0000,942.2890,195.6250,134.0180,0.0000,0.0000,1498.2090
2495,1,3,1,62.8130,167.1260,0.0000,957.4150,196.0670,134.0980,0.0000,0.0000,1517.5190
2496,1,3,1,62.4000,165.7720,0.0000,943.6060,193.8520,134.1850,0.0000,0.0000,1499.8150
2497,1,3,1,60.2590,165.3480,0.0000,957.1380,194.4670,137.2490,0.0000,0.0000,1514.4610
2498,1,3,1,62.2400,166.1100,0.0000,987.1140,200.3200,138.2580,0.0000,0.0000,1554.0420
2499,0,3,0,61.3170,167.6560,0.0000,956.4130,194.4370,135.7420,0.0000,0.0000,1515.5650
2500,1,3,1,60.7820,167.2610,0.0000,946.9420,194.3320,133.8400,0.0000,0.0000,1503.1570
2501,1,3,1,60.9850,165.1330,0.0000,943.7900,193.5140,133.5070,0.0000,0.0000,1496.9290
2502,1,3,1,61.7840,165.6860,0.0000,954.5600,194.6280,135.1690,0.0000,0.0000,1511.8270
2503,1,3,1,62.2210,166.2640,0.0000,956.9230,192.9350,137.1870,0.0000,0.0000,1515.5300
2504,1,3,1,62.9100,167.2360,0.0000,942.9850,202.3020,138.2700,0.0000,0.0000,1513.7030
2505,1,3,1,63.3480,168.8990,0.0000,947.2180,196.1720,133.2610,0.0000,0.0000,1508.8980
2506,0,3,0,64.2710,167.9260,0.0000,947.9570,193.9760,137.1200,0.0000,0.0000,1511.2500
2507,1,3,1,63.0710,166.6340,0.0000,943.9080,195.9330,133.9140,0.0000,0.0000,1503.4600
2508,1,3,1,61.1500,165.7480,0.0000,943.6430,194.8310,132.8430,0.0000,0.0000,1498.2150
2509,1,3,1,61.9870,165.7910,0.0000,940.1480,193.5330,135.0590,0.0000,0.0000,1496.5180
2510,1,3,1,60.9730,164.0180,0.0000,945.5450,202.2280,136.8740,0.0000,0.0000,1509.6380
2511,0,3,1,62.7020,168.1040,0.0000,942.8120,195.9820,136.9730,0.0000,0.0000,1506.5730
2512,0,3,1,61.6740,164.5100,0.0000,956.3700,193.0460,136.4560,0.0000,0.0000,1512.0560
2513,0,3,0,61.0650,166.3140,0.0000,942.0000,195.6920,135.6980,0.0000,0.0000,1500.7690
2514,1,3,1,62.5170,165.9690,0.0000,942.5900,195.4400,134.9970,0.0000,0.0000,1501.5130
2515,1,3,1,61.8030,166.4000,0.0000,957.9380,195.1690,136.5600,0.0000,0.0000,1517.8700
2516,1,3,1,63.1140,165.8530,0.0000,946.0250,263.9510,139.9940,0.0000,0.0000,1578.9370
2517,0,3,0,62.6280,169.9130,0.0000,948.4500,196.2950,137.0830,0.0000,0.0000,1514.3690
2518,0,3,1,63.0830,166.6710,0.0000,944.5900,194.2710,137.3970,0.0000,0.0000,1506.0120
2519,1,3,1,62.0250,167.8890,0.0000,942.1110,193.6800,136.0430,0.0000,0.0000,1501.7480
2520,1,3,0,61.4330,167.2370,0.0000,943.9010,194.9480,136.6960,0.0000,0.0000,1504.2150
2521,0,3,0,60.4680,164.6400,0.0000,942.1350,195.0160,135.4590,0.0000,0.0000,1497.7180
2522,1,3,1,62.4730,164.0240,0.0000,955.1630,192.5660,179.0830,0.0000,0.0000,1553.3090
2523,1,3,0,63.5570,171.5760,0.0000,944.8250,195.3110,136.2580,0.0000,0.0000,1511.5270
2524,1,3,1,61.5380,168.6770,0.0000,944.1360,193.0270,136.9720,0.0000,0.0000,1504.3500
2525,1,3,1,60.7820,166.1110,0.0000,943.9080,196.9050,135.3790,0.0000,0.0000,1503.0850
2526,1,3,1,61.7970,167.1140,0.0000,956.4680,194.4560,134.0990,0.0000,0.0000,1513.9340
2527,1,3,1,61.7850,163.8090,0.0000,940.9170,192.2830,135.7850,0.0000,0.0000,1494.5790
2528,1,3,1,61.1510,164.9230,0.0000,946.2900,194.0490,136.0060,0.0000,0.0000,1502.4190
2529,1,3,1,62.0310,165.6060,0.0000,959.7540,202.3260,137.2060,0.0000,0.0000,1526.9230
2530,1,3,1,63.0520,166.1970,0.0000,942.5910,193.8830,135.0650,0.0000,0.0000,1500.7880
2531,0,3,0,61.8280,164.9110,0.0000,947.0950,195.2180,135.2060,0.0000,0.0000,1504.2580
2532,1,3,1,62.4000,164.6890,0.0000,942.0980,191.5380,134.4860,0.0000,0.0000,1495.2110
2533,1,3,1,61.8650,166.2590,0.0000,955.5810,195.4470,136.0680,0.0000,0.0000,1515.2200
2534,1,3,1,62.1790,165.4890,0.0000,957.9020,193.5270,136.0490,0.0000,0.0000,1515.1460
2535,1,3,1,60.8180,165.5700,0.0000,943.9750,198.7380,136.9230,0.0000,0.0000,1506.0240
2536,1,3,1,61.4960,167.9140,0.0000,955.8040,196.0060,135.1940,0.0000,0.0000,1516.4140
2537,1,3,1,63.3290,168.2770,0.0000,944.3140,193.2680,135.2740,0.0000,0.0000,1504.4620
2538,1,3,1,63.4770,165.9260,0.0000,957.5690,194.9230,134.4490,0.0000,0.0000,1516.3440
2539,0,3,0,61.4760,170.0800,0.0000,946.0190,193.8210,135.5870,0.0000,0.0000,1506.9830
2540,1,3,1,62.3930,163.6670,0.0000,943.6860,193.5820,133.7910,0.0000,0.0000,1497.1190
2541,0,3,0,61.3480,164.6210,0.0000,948.3200,201.1700,134.7570,0.0000,0.0000,1510.2160
2542,1,3,1,61.0030,166.8800,0.0000,944.9110,196.0920,134.4440,0.0000,0.0000,1503.3300
2543,0,3,0,61.6130,164.4670,0.0000,953.9700,192.9350,134.1850,0.0000,0.0000,1507.1700
2544,1,3,1,61.2430,168.0190,0.0000,942.1970,194.8430,134.5600,0.0000,0.0000,1500.8620
2545,1,3,0,61.0960,165.1630,0.0000,944.6340,195.1510,134.9910,0.0000,0.0000,1501.0350
2546,0,3,0,61.9320,166.6030,0.0000,956.3760,195.2370,135.9380,0.0000,0.0000,1516.0860
2547,1,3,1,62.7320,166.3010,0.0000,956.3630,238.1970,139.1940,0.0000,0.0000,1562.7870
2548,1,3,1,62.7940,167.8650,0.0000,943.8770,195.0770,137.5260,0.0000,0.0000,1507.1390
2549,1,3,1,61.9200,164.3690,0.0000,954.6580,192.9420,136.3750,0.0000,0.0000,1510.2640
2550,1,3,1,59.7530,166.1040,0.0000,956.2530,193.0890,135.6000,0.0000,0.0000,1510.7990
2551,1,3,1,61.1070,166.1540,0.0000,953.5390,193.2250,135.9810,0.0000,0.0000,1510.0060
2552,1,3,0,63.0040,164.8860,0.0000,957.5510,195.7600,134.5720,0.0000,0.0000,1515.7730
2553,1,3,1,61.1500,166.3390,0.0000,946.9160,194.4560,190.3630,0.0000,0.0000,1559.2240
2554,1,3,1,60.9660,170.9420,0.0000,946.0130,196.3570,137.4580,0.0000,0.0000,1511.7360
2555,1,3,1,60.8610,166.4190,0.0000,945.0530,195.1690,134.8860,0.0000,0.0000,1502.3880
2556,1,3,1,60.6520,168.0240,0.0000,943.0090,193.3540,133.1320,0.0000,0.0000,1498.1710
2557,1,3,1,61.8890,166.0860,0.0000,944.2090,194.9050,136.8920,0.0000,0.0000,1503.9810
2558,1,3,1,60.6030,166.2840,0.0000,945.0770,193.8150,132.8550,0.0000,0.0000,1498.6340
2559,1,3,1,61.8710,164.9790,0.0000,942.9410,195.0640,135.2740,0.0000,0.0000,1500.1290
2560,1,3,1,62.3510,202.2530,0.0000,943.7720,200.1970,139.0340,0.0000,0.0000,1547.6070
2561,1,3,1,61.8960,169.1440,0.0000,945.4640,193.2120,133.9020,0.0000,0.0000,1503.6180
2562,0,3,0,60.3750,166.7260,0.0000,941.6980,194.7700,136.7510,0.0000,0.0000,1500.3200
2563,1,3,1,61.7790,166.9660,0.0000,943.2740,195.4530,135.4830,0.0000,0.0000,1502.9550
2564,1,3,1,63.4770,166.8370,0.0000,955.6060,193.0640,135.4710,0.0000,0.0000,1514.4550
2565,1,3,1,60.7450,165.2360,0.0000,946.2950,193.0330,134.8860,0.0000,0.0000,1500.1950
2566,0,3,1,61.5130,166.7570,0.0000,956.7260,205.0220,139.3660,0.0000,0.0000,1529.3840
2567,0,3,0,63.0710,168.1360,0.0000,944.8120,193.2980,137.2560,0.0000,0.0000,1506.5730
2568,1,3,1,61.4890,164.7810,0.0000,943.9390,196.1290,134.5350,0.0000,0.0000,1500.8730
2569,1,3,1,62.2030,166.7320,0.0000,943.5930,191.6610,135.2180,0.0000,0.0000,1499.4070
2570,1,3,1,60.5660,166.7690,0.0000,942.3140,195.4650,133.7170,0.0000,0.0000,1498.8310
2571,1,3,1,62.5840,167.3290,0.0000,943.6000,194.9230,136.6280,0.0000,0.0000,1505.0640
2572,0,3,0,61.9080,165.9010,0.0000,946.2710,204.0310,138.1600,0.0000,0.0000,1516.2710
2573,1,3,1,62.6160,168.2530,0.0000,943.5450,195.4710,134.8620,0.0000,0.0000,1504.7470
2574,1,3,1,62.0500,165.4770,0.0000,942.0240,195.3110,133.8890,0.0000,0.0000,1498.7510
2575,1,3,1,62.0800,165.1750,0.0000,956.8300,192.5290,136.1230,0.0000,0.0000,1512.7370
2576,1,3,1,62.3320,166.2280,0.0000,953.5810,193.6180,134.0370,0.0000,0.0000,1509.7960
2577,1,3,1,61.1260,164.9780,0.0000,945.2500,192.2710,134.9720,0.0000,0.0000,1498.5970
2578,1,3,1,62.3440,165.1380,0.0000,955.6180,243.8830,138.0860,0.0000,0.0000,1565.0690
2579,1,3,1,63.4280,166.6590,0.0000,956.3570,195.8830,136.8430,0.0000,0.0000,1519.1700
2580,1,3,1,61.9510,167.5010,0.0000,956.9050,192.7260,135.6870,0.0000,0.0000,1514.7700
2581,1,3,1,59.9820,165.7970,0.0000,947.9080,192.7200,136.3390,0.0000,0.0000,1502.7460
2582,1,3,1,60.4610,166.0610,0.0000,941.3110,194.4680,136.1170,0.0000,0.0000,1498.4180
2583,1,3,1,62.0680,167.8770,0.0000,944.1170,194.3630,133.5140,0.0000,0.0000,1501.9390
2584,1,3,1,60.2330,163.4400,0.0000,955.9260,194.3390,184.3760,0.0000,0.0000,1558.3140
2585,1,3,1,63.9690,171.4400,0.0000,949.3050,201.3170,137.3470,0.0000,0.0000,1523.3780
2586,1,3,1,61.5380,168.7070,0.0000,958.1910,195.2300,135.3660,0.0000,0.0000,1519.0320
2587,1,3,1,60.7200,166.6830,0.0000,945.1140,195.6990,135.2000,0.0000,0.0000,1503.4160
2588,1,3,1,63.9080,166.5350,0.0000,958.4550,196.5290,138.1540,0.0000,0.0000,1523.5810
2589,1,3,1,61.7480,168.3630,0.0000,957.1940,194.5230,134.6590,0.0000,0.0000,1516.4870
2590,1,3,1,60.8920,165.0640,0.0000,943.0890,193.0040,132.1170,0.0000,0.0000,1494.1660
2591,1,3,1,61.9570,219.0400,0.0000,944.7140,201.9940,138.5530,0.0000,0.0000,1566.2580
2592,1,3,1,62.5780,168.2100,0.0000,942.8620,196.3380,138.6340,0.0000,0.0000,1508.6220
2593,1,3,1,59.7970,167.5450,0.0000,944.7450,195.2920,135.0840,0.0000,0.0000,1502.4630
2594,1,3,1,62.7070,168.4180,0.0000,945.7100,196.1350,136.0990,0.0000,0.0000,1509.0690
2595,1,3,1,61.8400,166.3450,0.0000,946.2280,193.3540,134.5410,0.0000,0.0000,1502.3080
2596,1,3,1,62.1900,164.3260,0.0000,941.9070,194.6160,135.7540,0.0000,0.0000,1498.7930
2597,1,3,1,60.9720,166.1720,0.0000,946.1050,234.3570,151.2860,0.0000,0.0000,1558.8920
2598,1,3,0,65.2250,178.6340,0.0000,946.2830,199.0280,140.8860,0.0000,0.0000,1530.0560
2599,1,3,1,64.9720,170.5660,0.0000,943.1700,196.5600,136.0180,0.0000,0.0000,1511.2860
2600,1,3,1,61.8030,167.4950,0.0000,956.1910,195.7170,136.2760,0.0000,0.0000,1517.4820
2601,1,3,1,61.6680,166.7320,0.0000,942.8000,195.0340,138.4120,0.0000,0.0000,1504.6460
2602,1,3,1,61.5880,167.3850,0.0000,943.6250,196.4550,133.5080,0.0000,0.0000,1502.5610
2603,1,3,1,62.4120,166.2520,0.0000,952.6770,210.5160,141.0340,0.0000,0.0000,1532.8910
2604,1,3,1,63.7170,169.4340,0.0000,945.5140,197.2740,136.3870,0.0000,0.0000,1512.3260
2605,1,3,1,61.9940,168.7200,0.0000,957.3290,197.2800,136.4500,0.0000,0.0000,1521.7730
2606,1,3,1,62.5420,168.8610,0.0000,941.5140,194.4730,134.1350,0.0000,0.0000,1501.5250
2607,1,3,1,61.5450,166.5170,0.0000,942.9600,196.1970,134.8370,0.0000,0.0000,1502.0560
2608,1,3,1,61.8340,165.4160,0.0000,944.8740,193.1450,135.9750,0.0000,0.0000,1501.2440
2609,1,3,1,62.9230,166.0740,0.0000,949.8580,203.5450,138.8310,0.0000,0.0000,1521.2310
2610,1,3,1,63.8770,168.2210,0.0000,942.1660,195.6250,137.6120,0.0000,0.0000,1507.5010
2611,1,3,1,61.7230,167.2550,0.0000,943.9940,195.9440,136.4740,0.0000,0.0000,1505.3900
2612,1,3,1,63.4030,166.1840,0.0000,944.9910,194.0430,135.1380,0.0000,0.0000,1503.7590
2613,1,3,1,62.9160,167.3350,0.0000,944.4610,194.2220,133.9440,0.0000,0.0000,1502.8780
2614,1,3,1,60.6950,164.8490,0.0000,942.0370,193.6680,135.4340,0.0000,0.0000,1496.6830
2615,1,3,1,62.3690,167.5820,0.0000,957.1880,230.9170,140.1230,0.0000,0.0000,1558.1790
2616,0,3,0,62.7450,170.9970,0.0000,946.3880,197.5450,133.5390,0.0000,0.0000,1511.2140
2617,1,3,1,62.0740,166.8430,0.0000,957.4770,195.4030,136.1900,0.0000,0.0000,1517.9870
2618,1,3,1,60.7500,166.3820,0.0000,941.4150,194.9720,136.0980,0.0000,0.0000,1499.6170
2619,1,3,1,62.4740,164.3010,0.0000,956.6340,193.8090,136.0620,0.0000,0.0000,1513.2800
2620,1,3,1,61.6120,164.9050,0.0000,956.3690,195.3900,134.7440,0.0000,0.0000,1513.0200
2621,1,3,1,62.6830,167.4640,0.0000,954.0060,196.7010,134.4190,0.0000,0.0000,1515.2730
2622,1,3,1,61.5140,206.1720,0.0000,946.2520,197.1510,136.0300,0.0000,0.0000,1547.1190
2623,0,3,0,64.2150,166.2150,0.0000,945.3290,195.9700,137.8530,0.0000,0.0000,1509.5820
2624,1,3,1,62.1850,167.3970,0.0000,955.0900,194.2460,133.0590,0.0000,0.0000,1511.9770
2625,1,3,1,61.5510,167.2430,0.0000,945.8890,193.9810,133.2680,0.0000,0.0000,1501.9320
2626,1,3,1,60.9360,166.0070,0.0000,942.8000,193.9880,136.1470,0.0000,0.0000,1499.8780
2627,1,3,1,61.5380,166.6590,0.0000,941.4210,193.5630,134.2330,0.0000,0.0000,1497.4140
2628,1,3,1,63.8650,165.1690,0.0000,956.6460,205.6000,139.1070,0.0000,0.0000,1530.3870
2629,1,3,1,63.5020,168.5170,0.0000,943.0830,196.5790,135.3410,0.0000,0.0000,1507.0220
2630,1,3,1,63.7540,169.3350,0.0000,945.3170,196.9300,135.5880,0.0000,0.0000,1510.9240
2631,0,3,1,60.8860,168.0120,0.0000,943.7410,197.8710,136.3020,0.0000,0.0000,1506.8120
2632,0,3,0,61.4950,167.1140,0.0000,944.4000,194.9170,137.1140,0.0000,0.0000,1505.0400
2633,1,3,1,62.2650,164.2890,0.0000,945.3970,195.6620,135.1690,0.0000,0.0000,1502.7820
2634,1,3,1,61.0340,165.8520,0.0000,950.3810,203.8400,139.6430,0.0000,0.0000,1520.7500
2635,1,3,1,62.4920,169.4280,0.0000,943.2000,196.5410,137.0340,0.0000,0.0000,1508.6950
2636,1,3,0,61.2130,166.2590,0.0000,950.4680,193.7720,136.6400,0.0000,0.0000,1508.3520
2637,1,3,1,62.7570,165.8340,0.0000,944.1910,194.5290,136.4800,0.0000,0.0000,1503.7910
2638,1,3,0,63.0460,165.5080,0.0000,940.0180,191.9330,136.7810,0.0000,0.0000,1497.2860
2639,0,3,0,61.4100,165.3230,0.0000,944.1480,194.0670,134.4980,0.0000,0.0000,1499.4460
2640,1,3,1,61.1810,165.0400,0.0000,945.4710,204.1780,137.5510,0.0000,0.0000,1513.4210
2641,1,3,1,62.5600,168.6770,0.0000,957.7670,198.8060,135.7790,0.0000,0.0000,1523.5890
2642,0,3,0,62.1110,165.4030,0.0000,956.0550,196.8670,134.4980,0.0000,0.0000,1514.9340
2643,1,3,1,62.1970,166.2650,0.0000,946.1110,194.1840,136.3750,0.0000,0.0000,1505.1320
2644,1,3,1,62.0620,166.7020,0.0000,955.0090,192.8620,133.2680,0.0000,0.0000,1509.9030
2645,1,3,1,62.6340,165.9320,0.0000,941.7780,196.2460,136.7690,0.0000,0.0000,1503.3590
2646,0,3,0,63.1330,164.1910,0.0000,943.0950,231.8090,142.1110,0.0000,0.0000,1544.3390
2647,1,3,1,62.5600,170.8980,0.0000,958.2520,197.7050,135.5570,0.0000,0.0000,1524.9720
2648,1,3,1,61.4150,164.0930,0.0000,957.3720,194.7380,136.3690,0.0000,0.0000,1513.9870
2649,1,3,1,62.8430,165.5630,0.0000,942.4370,196.4670,135.6180,0.0000,0.0000,1502.9280
2650,1,3,1,60.9600,166.5470,0.0000,946.8070,194.6760,135.5820,0.0000,0.0000,1504.5720
2651,1,3,1,60.4490,163.6430,0.0000,942.7010,194.7510,134.6100,0.0000,0.0000,1496.1540
2652,1,3,1,61.2000,165.5440,0.0000,956.3510,194.0740,133.5510,0.0000,0.0000,1510.7200
2653,1,3,1,62.6890,218.1170,0.0000,946.8670,199.9570,138.9840,0.0000,0.0000,1566.6140
2654,1,3,1,64.2520,167.4770,0.0000,944.1850,196.8130,136.2280,0.0000,0.0000,1508.9550
2655,1,3,1,61.1320,168.6710,0.0000,958.6330,195.6550,134.1910,0.0000,0.0000,1518.2820
2656,1,3,1,60.9900,165.3050,0.0000,942.8670,195.7230,134.7810,0.0000,0.0000,1499.6660
2657,0,3,0,62.2640,164.1360,0.0000,946.4250,192.5790,134.6890,0.0000,0.0000,1500.0930
2658,1,3,1,61.3100,165.3790,0.0000,941.5880,194.4240,136.7260,0.0000,0.0000,1499.4270
2659,0,3,0,60.9420,166.1230,0.0000,949.4090,201.2670,138.0180,0.0000,0.0000,1515.7590
2660,1,3,1,63.3170,168.4370,0.0000,943.0400,195.1820,136.3320,0.0000,0.0000,1506.3080
2661,1,3,1,59.7660,166.4680,0.0000,945.0270,194.2650,136.2950,0.0000,0.0000,1501.8210
2662,1,3,1,64.0800,164.5170,0.0000,941.4830,192.6340,134.8620,0.0000,0.0000,1497.5760
2663,1,3,1,61.1080,163.7040,0.0000,941.9440,193.9690,135.5450,0.0000,0.0000,1496.2700
2664,0,3,0,61.0830,164.9480,0.0000,943.5390,194.2960,133.4150,0.0000,0.0000,1497.2810
2665,1,3,1,62.9600,166.6830,0.0000,955.1880,208.4250,139.0400,0.0000,0.0000,1532.2960
2666,1,3,1,62.3690,169.8830,0.0000,945.4710,196.7940,136.7690,0.0000,0.0000,1511.2860
2667,0,3,1,69.3600,178.8190,0.0000,945.4640,199.5080,143.5330,0.0000,0.0000,1536.6840
2668,1,3,1,63.8770,169.4640,0.0000,945.8520,197.4950,135.6680,0.0000,0.0000,1512.3560
2669,1,3,0,62.8490,167.7600,0.0000,957.0220,192.8860,133.3540,0.0000,0.0000,1513.8710
2670,1,3,1,60.5660,166.7450,0.0000,944.7080,194.3070,135.9690,0.0000,0.0000,1502.2950
2671,1,3,1,62.7880,165.7350,0.0000,951.1020,203.6120,136.6580,0.0000,0.0000,1519.8950
2672,1,3,1,63.1320,169.7970,0.0000,957.6670,195.2860,135.2070,0.0000,0.0000,1521.0890
2673,0,3,0,61.7230,168.6090,0.0000,956.7450,194.1600,134.3330,0.0000,0.0000,1515.5700
2674,1,3,1,60.9600,167.6310,0.0000,946.9910,196.0990,135.7530,0.0000,0.0000,1507.4340
2675,1,3,0,62.4670,165.5630,0.0000,945.9870,193.5020,136.2770,0.0000,0.0000,1503.7960
2676,1,3,1,62.7700,166.4990,0.0000,943.6860,194.5540,135.3230,0.0000,0.0000,1502.8320
2677,1,3,1,59.7540,165.2000,0.0000,941.6670,235.3540,136.3450,0.0000,0.0000,1538.3200
2678,1,3,1,61.9020,171.7170,0.0000,942.5240,196.8440,136.7330,0.0000,0.0000,1509.7200
2679,1,3,0,62.6580,168.1910,0.0000,943.2360,195.1560,136.4680,0.0000,0.0000,1505.7090
2680,1,3,1,61.4340,166.0730,0.0000,947.1450,194.5600,134.9900,0.0000,0.0000,1504.2020
2681,1,3,1,62.2220,164.8000,0.0000,944.0740,195.8580,133.8340,0.0000,0.0000,1500.7880
2682,1,3,0,63.4580,164.7260,0.0000,942.6960,195.7350,134.3450,0.0000,0.0000,1500.9600
2683,1,3,1,62.2890,164.8180,0.0000,942.9970,194.8000,135.1820,0.0000,0.0000,1500.0860
2684,1,3,1,60.8300,173.7300,0.0000,942.6280,197.8650,136.7080,0.0000,0.0000,1511.7610
2685,0,3,0,61.8340,168.7260,0.0000,942.9480,197.6680,134.2220,0.0000,0.0000,1505.3980
2686,1,3,1,62.0310,167.2990,0.0000,944.0800,195.8340,135.0530,0.0000,0.0000,1504.2970
2687,1,3,1,61.7300,168.2640,0.0000,943.1880,194.8250,132.8990,0.0000,0.0000,1500.9060
2688,1,3,1,59.7540,166.8740,0.0000,946.9910,193.8280,134.8310,0.0000,0.0000,1502.2780
2689,1,3,1,61.5750,167.0330,0.0000,941.6860,192.5780,136.8000,0.0000,0.0000,1499.6720
2690,0,3,0,59.8650,166.5660,0.0000,955.5750,204.3080,136.1420,0.0000,0.0000,1522.4560
2691,1,3,1,62.0190,165.9630,0.0000,945.3780,195.9750,134.5790,0.0000,0.0000,1503.9140
2692,1,3,1,61.6060,166.5170,0.0000,956.7020,196.0310,134.9530,0.0000,0.0000,1515.8090
2693,0,3,0,62.3570,168.8240,0.0000,958.3380,194.6340,134.0920,0.0000,0.0000,1518.2450
2694,0,3,0,61.0950,167.4950,0.0000,942.8860,193.1750,135.6000,0.0000,0.0000,1500.2510
2695,1,3,1,60.9790,165.8220,0.0000,944.0430,194.8300,134.7930,0.0000,0.0000,1500.4670
2696,1,3,1,61.6620,167.5630,0.0000,944.7630,202.7880,136.4870,0.0000,0.0000,1513.2630
2697,0,3,0,61.9440,169.4100,0.0000,943.5450,196.1540,137.3970,0.0000,0.0000,1508.4500
2698,1,3,1,61.5510,164.1480,0.0000,944.2890,194.9540,137.1880,0.0000,0.0000,1502.1300
2699,1,3,1,63.0220,167.1510,0.0000,957.3290,193.3780,136.6220,0.0000,0.0000,1517.5020
2700,1,3,1,62.8740,165.4100,0.0000,941.6000,193.2130,134.9290,0.0000,0.0000,1498.0260
2701,1,3,1,62.7510,166.3440,0.0000,941.2370,194.9410,135.9320,0.0000,0.0000,1501.2050
2702,1,3,1,61.2240,166.9670,0.0000,946.5600,203.4840,137.6000,0.0000,0.0000,1515.8350
2703,0,3,0,63.7600,171.0400,0.0000,948.7940,195.6060,136.2520,0.0000,0.0000,1515.4520
2704,1,3,1,61.7840,166.6220,0.0000,945.2000,195.2680,134.8800,0.0000,0.0000,1503.7540
2705,1,3,1,61.8580,169.6430,0.0000,956.0560,195.4090,135.2680,0.0000,0.0000,1518.2340
2706,1,3,1,62.2710,166.1790,0.0000,945.6370,194.9300,135.2610,0.0000,0.0000,1504.2780
2707,1,3,1,61.9630,166.7880,0.0000,949.6310,192.9480,134.7630,0.0000,0.0000,1506.0930
2708,1,3,1,61.8160,164.8240,0.0000,955.2610,230.1780,141.2000,0.0000,0.0000,1553.2790
2709,1,3,1,62.2220,171.7420,0.0000,949.7540,193.7230,134.2090,0.0000,0.0000,1511.6500
2710,1,3,1,61.3660,166.0190,0.0000,942.8130,193.0580,137.0400,0.0000,0.0000,1500.2960
2711,1,3,1,61.1690,165.7790,0.0000,944.7500,194.7020,134.3020,0.0000,0.0000,1500.7020
2712,1,3,1,60.6710,165.5510,0.0000,954.8190,193.2250,134.2090,0.0000,0.0000,1508.4750
2713,1,3,1,60.1540,166.7880,0.0000,944.7330,193.5690,137.9750,0.0000,0.0000,1503.2190
2714,1,3,1,60.5540,164.2890,0.0000,955.1260,194.8370,136.2580,0.0000,0.0000,1511.0640
2715,1,3,1,62.8250,210.0190,0.0000,942.5900,199.0030,138.8180,0.0000,0.0000,1553.2550
2716,1,3,1,63.6740,165.1880,0.0000,947.4030,197.5320,135.7780,0.0000,0.0000,1509.5750
2717,0,3,0,60.5600,166.8980,0.0000,957.7290,197.2860,133.9200,0.0000,0.0000,1516.3930
2718,1,3,1,60.4180,166.1600,0.0000,942.5970,194.7260,132.7450,0.0000,0.0000,1496.6460
2719,1,3,1,61.7970,166.9790,0.0000,942.4980,194.2340,134.6330,0.0000,0.0000,1500.1410
2720,1,3,1,61.9200,165.4100,0.0000,957.2000,194.2400,133.7230,0.0000,0.0000,1512.4930
2721,1,3,1,62.1230,164.3130,0.0000,955.3470,199.0760,137.9200,0.0000,0.0000,1518.7790
2722,1,3,1,62.8370,167.6620,0.0000,942.3760,193.7470,137.2610,0.0000,0.0000,1503.8830
2723,1,3,1,61.0710,163.3900,0.0000,943.6980,195.9500,136.1290,0.0000,0.0000,1500.2380
2724,1,3,1,61.9140,167.6000,0.0000,943.2920,192.7080,136.2830,0.0000,0.0000,1501.7970
2725,1,3,1,63.0150,167.1940,0.0000,942.3010,195.8340,134.4430,0.0000,0.0000,1502.7870
2726,1,3,1,62.0680,164.6950,0.0000,941.1200,194.1420,134.5230,0.0000,0.0000,1496.5480
2727,0,3,0,61.6490,164.8430,0.0000,945.9380,200.3510,136.3690,0.0000,0.0000,1509.1500
2728,1,3,1,62.8190,168.7260,0.0000,942.6830,194.7200,137.6180,0.0000,0.0000,1506.5660
2729,1,3,0,61.4770,166.3320,0.0000,942.0180,195.8090,136.1840,0.0000,0.0000,1501.8200
2730,1,3,1,61.0100,168.2950,0.0000,956.9420,195.3110,135.1390,0.0000,0.0000,1516.6970
2731,0,3,0,62.8300,165.3660,0.0000,944.1970,192.2900,135.1330,0.0000,0.0000,1499.8160
2732,1,3,1,62.0370,165.4520,0.0000,943.5870,193.2250,134.2340,0.0000,0.0000,1498.5350
2733,1,3,1,61.2310,165.7410,0.0000,961.9630,201.8710,137.4210,0.0000,0.0000,1528.2270
2734,1,3,1,62.3810,167.6990,0.0000,945.6980,196.2160,135.7850,0.0000,0.0000,1507.7790
2735,1,3,1,60.6400,167.4890,0.0000,945.8520,195.4460,135.8220,0.0000,0.0000,1505.2490
2736,1,3,1,61.5570,166.7020,0.0000,942.7820,194.8250,136.3320,0.0000,0.0000,1502.1980
2737,1,3,1,62.9410,167.2000,0.0000,956.3260,194.0800,135.9010,0.0000,0.0000,1516.4480
2738,1,3,1,63.0280,164.9660,0.0000,944.3140,195.1380,134.5660,0.0000,0.0000,1502.0120
2739,1,3,1,60.2030,165.6800,0.0000,946.8240,194.2580,192.9100,0.0000,0.0000,1559.8750
2740,1,3,1,62.5910,173.2740,0.0000,945.1270,198.8490,137.7160,0.0000,0.0000,1517.5570
2741,1,3,1,61.3600,168.7020,0.0000,955.3100,193.4340,134.2460,0.0000,0.0000,1513.0520
2742,1,3,1,62.8370,165.6060,0.0000,942.0920,194.2460,133.3910,0.0000,0.0000,1498.1720
2743,1,3,1,60.8800,167.1320,0.0000,944.6710,195.4710,134.7320,0.0000,0.0000,1502.8860
2744,1,3,1,60.6150,164.1600,0.0000,956.2520,195.4460,134.8560,0.0000,0.0000,1511.3290
2745,1,3,0,61.8950,164.3630,0.0000,957.0590,194.3820,135.7850,0.0000,0.0000,1513.4840
2746,1,3,1,61.5810,207.6180,0.0000,943.4650,196.4680,137.3660,0.0000,0.0000,1546.4980
2747,1,3,0,62.1540,167.7660,0.0000,947.0530,194.0300,135.6130,0.0000,0.0000,1506.6160
2748,1,3,0,62.7630,165.4650,0.0000,944.1420,192.7820,135.1140,0.0000,0.0000,1500.2660
2749,1,3,1,61.1260,166.7820,0.0000,944.0620,196.2580,135.2740,0.0000,0.0000,1503.5020
2750,1,3,1,62.4190,166.4740,0.0000,943.9140,192.4550,136.4860,0.0000,0.0000,1501.7480
2751,1,3,1,61.7600,164.9360,0.0000,943.3350,195.5140,135.3660,0.0000,0.0000,1500.9110
2752,1,3,1,60.6830,165.5260,0.0000,955.0460,203.2670,139.5440,0.0000,0.0000,1524.0660
2753,1,3,1,64.0370,168.6150,0.0000,948.9780,194.3070,135.5880,0.0000,0.0000,1511.5250
2754,1,3,1,62.0370,165.7720,0.0000,943.9940,195.3660,135.8700,0.0000,0.0000,1503.0390
2755,1,3,1,60.9420,165.9750,0.0000,954.9730,195.8090,136.8440,0.0000,0.0000,1514.5430
2756,1,3,1,62.9170,166.1660,0.0000,943.4340,194.3500,136.9170,0.0000,0.0000,1503.7840
2757,1,3,1,61.7720,166.9720,0.0000,944.4180,194.0800,135.3530,0.0000,0.0000,1502.5950
2758,1,3,0,60.8240,166.0740,0.0000,948.4980,204.8240,138.8250,0.0000,0.0000,1519.0450
2759,1,3,1,63.6430,166.9540,0.0000,955.5020,196.3630,137.5200,0.0000,0.0000,1519.9820
2760,1,3,1,62.1720,166.8370,0.0000,942.9600,193.3350,135.7850,0.0000,0.0000,1501.0890
2761,1,3,1,60.3570,166.7020,0.0000,944.0680,193.2060,135.8030,0.0000,0.0000,1500.1360
2762,1,3,1,61.6490,167.2000,0.0000,944.0000,193.5870,134.2400,0.0000,0.0000,1500.6760
2763,1,3,1,62.2460,164.9910,0.0000,942.6830,194.9670,135.0100,0.0000,0.0000,1499.8970
2764,1,3,1,62.1730,164.1110,0.0000,956.2280,199.5690,137.9510,0.0000,0.0000,1520.0320
2765,1,3,1,61.9140,170.2210,0.0000,941.9750,193.8770,133.6060,0.0000,0.0000,1501.5930
2766,1,3,0,60.8120,165.9690,0.0000,942.9780,193.7240,134.9720,0.0000,0.0000,1498.4550
2767,1,3,1,61.8650,167.4270,0.0000,941.4460,192.1600,135.3780,0.0000,0.0000,1498.2760
2768,0,3,0,60.8000,165.7910,0.0000,944.8370,193.6300,133.6240,0.0000,0.0000,1498.6820
2769,1,3,1,60.8740,167.3110,0.0000,943.1880,194.5660,135.4900,0.0000,0.0000,1501.4290
2770,1,3,1,61.4950,165.4830,0.0000,942.6650,193.7600,174.8980,0.0000,0.0000,1538.3010
2771,1,3,1,63.9320,170.3270,0.0000,945.5940,196.0860,136.1290,0.0000,0.0000,1512.0680
2772,1,3,1,64.4430,167.1930,0.0000,944.5300,195.9630,137.1930,0.0000,0.0000,1509.3220
2773,1,3,1,62.0060,165.6550,0.0000,957.1630,193.7110,135.1870,0.0000,0.0000,1513.7220
2774,1,3,1,60.7380,165.9640,0.0000,956.8670,193.6130,134.6770,0.0000,0.0000,1511.8590
2775,1,3,1,61.2240,165.2060,0.0000,944.8430,195.4650,133.3840,0.0000,0.0000,1500.1220
2776,1,3,1,61.8270,164.3080,0.0000,943.7300,194.8800,133.2430,0.0000,0.0000,1497.9880
2777,1,3,1,61.6490,216.0860,0.0000,949.4520,202.2710,138.2280,0.0000,0.0000,1567.6860
2778,1,3,1,62.0430,169.6730,0.0000,943.7350,198.5470,136.6030,0.0000,0.0000,1510.6010
2779,1,3,1,62.2100,167.6000,0.0000,945.8890,196.1540,135.1330,0.0000,0.0000,1506.9860
2780,1,3,1,61.4590,165.1630,0.0000,942.8990,196.0190,134.1730,0.0000,0.0000,1499.7130
2781,1,3,1,62.0250,163.3290,0.0000,957.4090,193.3110,133.2370,0.0000,0.0000,1509.3110
2782,0,3,0,61.7540,166.0120,0.0000,946.0370,195.6980,133.9320,0.0000,0.0000,1503.4330
2783,1,3,1,61.4160,165.7420,0.0000,946.1970,201.2860,138.8190,0.0000,0.0000,1513.4600
2784,1,3,1,62.2400,168.9720,0.0000,944.6090,196.3510,138.4680,0.0000,0.0000,1510.6400
2785,1,3,1,62.0680,166.0730,0.0000,944.5900,194.3760,135.2250,0.0000,0.0000,1502.3320
2786,1,3,1,61.3230,164.7940,0.0000,955.2560,193.9140,135.3780,0.0000,0.0000,1510.6650
2787,1,3,1,61.1440,165.3170,0.0000,946.1660,197.2990,136.2950,0.0000,0.0000,1506.2210
2788,1,3,1,61.1200,164.9540,0.0000,943.2370,193.7910,135.1320,0.0000,0.0000,1498.2340
2789,1,3,1,62.0740,166.4920,0.0000,955.5760,205.7910,139.0770,0.0000,0.0000,1529.0100
2790,1,3,1,64.3750,166.3200,0.0000,956.9350,194.5360,136.0060,0.0000,0.0000,1518.1720
2791,0,3,0,61.6800,164.4560,0.0000,941.6250,193.8530,133.6490,0.0000,0.0000,1495.2630
2792,1,3,1,62.1970,163.7910,0.0000,942.0550,192.9290,132.3880,0.0000,0.0000,1493.3600
2793,0,3,0,62.5040,166.5420,0.0000,945.0460,192.7020,134.7630,0.0000,0.0000,1501.5570
2794,1,3,1,63.5570,164.4860,0.0000,941.5450,191.8950,133.2060,0.0000,0.0000,1494.6890
2795,1,3,1,62.1230,167.0210,0.0000,946.1910,433.8090,146.0060,0.0000,0.0000,1755.1500
2796,1,3,1,65.3720,174.8430,0.0000,946.8370,200.9600,138.3880,0.0000,0.0000,1526.4000
2797,1,3,1,62.3810,168.8370,0.0000,943.9510,196.8800,137.5760,0.0000,0.0000,1509.6250
2798,1,3,1,62.1470,167.0950,0.0000,943.7540,194.7630,136.6210,0.0000,0.0000,1504.3800
2799,1,3,1,62.8250,166.2400,0.0000,956.9420,193.5810,135.3540,0.0000,0.0000,1514.9420
2800,1,3,1,61.0650,165.7600,0.0000,943.6980,194.2400,135.5570,0.0000,0.0000,1500.3200
2801,1,3,1,61.5330,168.0980,0.0000,957.5750,242.0670,140.6650,0.0000,0.0000,1569.9380
2802,0,3,0,61.5880,168.3820,0.0000,943.8520,198.6280,133.8710,0.0000,0.0000,1506.3210
2803,1,3,1,61.9380,168.4120,0.0000,943.7470,194.0800,134.8000,0.0000,0.0000,1502.9770
2804,1,3,1,62.6840,166.8430,0.0000,942.4060,194.8490,134.5540,0.0000,0.0000,1501.3360
2805,1,3,1,63.3110,167.5320,0.0000,942.2090,195.1940,133.2310,0.0000,0.0000,1501.4770
2806,1,3,1,61.5880,165.3050,0.0000,942.0430,193.3110,135.6670,0.0000,0.0000,1497.9140
2807,1,3,1,61.8340,164.4370,0.0000,955.4830,193.8090,134.8120,0.0000,0.0000,1510.3750
2808,1,3,1,102.8680,172.1660,0.0000,946.5170,195.6490,135.6740,0.0000,0.0000,1552.8740
2809,1,3,1,62.4000,167.0580,0.0000,943.3480,195.5070,134.6460,0.0000,0.0000,1502.9590
2810,0,3,1,61.5140,164.3940,0.0000,943.5140,195.5380,134.1600,0.0000,0.0000,1499.1200
2811,1,3,1,60.7080,162.5790,0.0000,945.8640,194.2960,135.6740,0.0000,0.0000,1499.1210
2812,1,3,1,60.8550,166.8310,0.0000,943.2620,193.4950,132.9110,0.0000,0.0000,1497.3540
2813,1,3,1,61.0650,166.8930,0.0000,942.8500,191.6130,134.4740,0.0000,0.0000,1496.8950
2814,1,3,1,61.8030,165.6310,0.0000,943.5690,207.4890,142.3010,0.0000,0.0000,1520.7930
2815,1,3,1,64.2770,169.0760,0.0000,946.6270,198.4990,136.4870,0.0000,0.0000,1514.9660
2816,1,3,0,61.0590,166.7380,0.0000,944.8620,194.2270,135.1510,0.0000,0.0000,1502.0370
2817,1,3,1,62.6100,167.5200,0.0000,958.2220,194.5900,136.8800,0.0000,0.0000,1519.8220
2818,1,3,1,62.8180,165.7660,0.0000,955.2060,192.4560,135.4890,0.0000,0.0000,1511.7350
2819,1,3,1,64.0800,165.0770,0.0000,941.9630,192.6280,134.1230,0.0000,0.0000,1497.8710
2820,0,3,0,60.7570,164.8130,0.0000,951.2680,202.3640,137.2310,0.0000,0.0000,1516.4330
2821,1,3,1,64.2520,168.9910,0.0000,957.6800,196.3200,134.7750,0.0000,0.0000,1522.0180
2822,1,3,1,64.1720,167.3910,0.0000,946.7870,195.2860,136.9050,0.0000,0.0000,1510.5410
2823,1,3,1,61.8270,167.5630,0.0000,949.4530,197.3540,133.8700,0.0000,0.0000,1510.0670
2824,1,3,1,61.5140,167.4090,0.0000,954.1780,195.6920,133.6610,0.0000,0.0000,1512.4540
2825,1,3,1,61.2680,166.2890,0.0000,942.6030,195.2180,134.2830,0.0000,0.0000,1499.6610
2826,0,3,0,62.4990,165.9140,0.0000,947.8580,201.7600,136.7450,0.0000,0.0000,1514.7760
2827,0,3,0,62.5050,167.4640,0.0000,945.7540,194.8120,133.2240,0.0000,0.0000,1503.7590
2828,1,3,1,62.1660,167.4330,0.0000,944.1900,196.3570,134.1480,0.0000,0.0000,1504.2940
2829,1,3,1,61.5070,165.1200,0.0000,954.9660,196.5850,136.3940,0.0000,0.0000,1514.5720
2830,0,3,0,63.4280,165.5700,0.0000,956.5720,194.6890,135.6550,0.0000,0.0000,1515.9140
2831,1,3,1,60.9360,164.0930,0.0000,944.1350,194.1420,133.8090,0.0000,0.0000,1497.1150
2832,1,3,1,61.8220,167.2620,0.0000,944.3260,241.7970,138.3070,0.0000,0.0000,1553.5140
2833,1,3,1,62.1910,169.2550,0.0000,947.3290,194.7200,135.7790,0.0000,0.0000,1509.2740
2834,1,3,1,60.6090,163.5080,0.0000,956.4430,195.3360,135.0890,0.0000,0.0000,1510.9850
2835,1,3,1,61.5700,167.7900,0.0000,944.1600,197.4770,134.4300,0.0000,0.0000,1505.4270
2836,1,3,1,59.2000,165.6550,0.0000,943.0650,195.0340,136.4800,0.0000,0.0000,1499.4340
2837,1,3,1,62.5290,166.2890,0.0000,948.0670,194.2530,134.9910,0.0000,0.0000,1506.1290
2838,1,3,1,63.1260,167.9130,0.0000,942.0550,194.6460,134.7700,0.0000,0.0000,1502.5100
2839,1,3,1,99.9820,171.0960,0.0000,947.3670,196.9850,137.6060,0.0000,0.0000,1553.0360
2840,1,3,1,60.0490,166.9160,0.0000,941.6800,195.6000,135.4100,0.0000,0.0000,1499.6550
2841,0,3,1,60.2280,166.2700,0.0000,941.8090,195.2860,134.9170,0.0000,0.0000,1498.5100
2842,1,3,1,61.6560,166.1230,0.0000,945.0530,193.0770,133.5820,0.0000,0.0000,1499.4910
2843,1,3,1,62.5660,166.0370,0.0000,941.7110,194.2950,132.8370,0.0000,0.0000,1497.4460
2844,1,3,1,62.0930,165.7970,0.0000,942.3450,195.3530,134.8620,0.0000,0.0000,1500.4500
2845,1,3,1,61.1380,163.9760,0.0000,945.6120,197.8890,137.4210,0.0000,0.0000,1506.0360
2846,1,3,1,64.0310,168.2220,0.0000,956.6090,199.0580,135.1700,0.0000,0.0000,1523.0900
2847,1,3,1,63.0520,165.1130,0.0000,957.3600,196.2520,136.5110,0.0000,0.0000,1518.2880
2848,1,3,1,62.2960,167.2800,0.0000,958.0860,193.3720,134.3510,0.0000,0.0000,1515.3850
2849,1,3,1,62.4740,165.2250,0.0000,943.7100,192.2710,134.8550,0.0000,0.0000,1498.5350
2850,1,3,1,60.7020,164.1110,0.0000,944.2890,194.3870,135.3730,0.0000,0.0000,1498.8620
2851,1,3,1,62.2590,166.0980,0.0000,945.9940,202.4060,139.0400,0.0000,0.0000,1515.7970
2852,1,3,1,62.3080,170.3630,0.0000,942.8930,194.7070,134.5780,0.0000,0.0000,1504.8490
2853,0,3,0,67.2240,177.1200,0.0000,946.4920,201.1140,140.9290,0.0000,0.0000,1532.8790
2854,1,3,0,61.4520,167.0090,0.0000,946.0990,194.9300,137.5630,0.0000,0.0000,1507.0530
2855,1,3,1,61.4460,166.4190,0.0000,943.7110,195.3360,134.6770,0.0000,0.0000,1501.5890
2856,1,3,1,61.5630,165.1570,0.0000,944.0860,194.3630,134.5420,0.0000,0.0000,1499.7110
2857,1,3,1,61.9940,166.1970,0.0000,942.7810,204.8310,138.8430,0.0000,0.0000,1514.6460
2858,0,3,0,61.5810,168.2150,0.0000,956.0610,195.0160,137.1810,0.0000,0.0000,1518.0540
2859,1,3,1,61.5810,165.9080,0.0000,942.1780,194.8430,134.6890,0.0000,0.0000,1499.1990
2860,1,3,1,61.6000,165.1080,0.0000,956.8310,194.6960,135.6430,0.0000,0.0000,1513.8780
2861,1,3,1,62.8610,164.8240,0.0000,943.3600,194.3330,133.6240,0.0000,0.0000,1499.0020
2862,1,3,1,61.0150,166.3020,0.0000,945.7600,193.9070,132.5540,0.0000,0.0000,1499.5380
2863,1,3,0,61.6120,165.5880,0.0000,947.2430,237.0900,137.7050,0.0000,0.0000,1549.2380
2864,1,3,1,61.1140,168.4670,0.0000,955.9510,195.5140,134.7560,0.0000,0.0000,1515.8020
2865,1,3,1,62.6460,165.5020,0.0000,944.6950,194.3760,136.9230,0.0000,0.0000,1504.1420
2866,1,3,1,63.2430,164.4250,0.0000,942.1350,197.1070,134.7260,0.0000,0.0000,1501.6360
2867,1,3,1,61.2060,165.2560,0.0000,948.2530,193.8640,132.9720,0.0000,0.0000,1501.5510
2868,1,3,1,61.1200,165.8400,0.0000,941.2550,193.4280,133.0270,0.0000,0.0000,1494.6700
2869,1,3,1,62.4180,165.4710,0.0000,954.5660,192.6950,133.8270,0.0000,0.0000,1508.9770
2870,1,3,1,102.0610,170.4670,0.0000,957.3850,198.0430,136.8000,0.0000,0.0000,1564.7560
2871,0,3,0,62.4980,166.8680,0.0000,955.4530,192.1170,134.0430,0.0000,0.0000,1510.9790
2872,1,3,1,60.7570,166.9230,0.0000,945.7600,197.1200,134.6640,0.0000,0.0000,1505.2240
2873,1,3,1,61.5880,167.5320,0.0000,944.8980,193.3290,134.0430,0.0000,0.0000,1501.3900
2874,1,3,1,61.8340,167.7850,0.0000,941.3230,195.0700,136.6340,0.0000,0.0000,1502.6460
2875,1,3,1,62.2460,165.3600,0.0000,954.3200,195.5690,135.9200,0.0000,0.0000,1513.4150
2876,1,3,0,60.9290,166.1160,0.0000,954.2220,203.9760,138.5540,0.0000,0.0000,1523.7970
2877,1,3,1,63.8700,168.2580,0.0000,947.1450,197.2800,138.7080,0.0000,0.0000,1515.2610
2878,0,3,0,61.8220,167.4400,0.0000,945.4520,193.1880,134.9540,0.0000,0.0000,1502.8560
2879,0,3,0,63.0590,165.7660,0.0000,956.8730,194.6650,135.7420,0.0000,0.0000,1516.1050
2880,0,3,1,64.6770,166.0430,0.0000,942.2030,192.7390,134.6460,0.0000,0.0000,1500.3080
2881,1,3,1,62.2340,166.4800,0.0000,942.5360,193.6120,134.0190,0.0000,0.0000,1498.8810
2882,1,3,0,62.6650,167.5630,0.0000,945.7530,200.3260,137.6560,0.0000,0.0000,1513.9630
2883,1,3,1,63.8640,169.1140,0.0000,942.3380,197.0960,135.5510,0.0000,0.0000,1507.9630
2884,1,3,1,61.9140,165.7660,0.0000,956.3450,194.3570,134.4680,0.0000,0.0000,1512.8500
2885,1,3,1,59.3050,164.9170,0.0000,943.5200,193.8340,134.1850,0.0000,0.0000,1495.7610
2886,0,3,0,62.2950,164.2400,0.0000,943.9140,193.6860,133.1940,0.0000,0.0000,1497.3290
2887,1,3,1,61.2060,166.4000,0.0000,942.6700,194.3690,135.4030,0.0000,0.0000,1500.0480
2888,1,3,1,62.1970,165.5750,0.0000,945.2360,206.3500,139.2060,0.0000,0.0000,1518.5640
2889,1,3,1,62.4060,169.0710,0.0000,941.8220,194.9170,133.6060,0.0000,0.0000,1501.8220
2890,0,3,0,61.8270,167.4830,0.0000,944.0430,194.9600,134.6090,0.0000,0.0000,1502.9220
2891,1,3,1,61.7660,165.6190,0.0000,957.2860,195.5510,133.4590,0.0000,0.0000,1513.6810
2892,1,3,1,60.9530,169.6740,0.0000,946.0250,194.5230,135.3900,0.0000,0.0000,1506.5650
2893,1,3,1,60.7630,165.1940,0.0000,942.3570,191.4580,134.5540,0.0000,0.0000,1494.3260
2894,1,3,1,61.4030,165.7910,0.0000,942.9300,233.7480,140.7880,0.0000,0.0000,1544.6600
2895,1,3,1,62.9840,169.4520,0.0000,946.7880,199.8640,136.6580,0.0000,0.0000,1515.7460
2896,1,3,1,62.6220,168.1910,0.0000,956.0680,195.9690,135.9450,0.0000,0.0000,1518.7950
2897,1,3,1,62.1660,167.2130,0.0000,956.8070,193.2990,135.4030,0.0000,0.0000,1514.8880
2898,1,3,1,61.6800,165.2740,0.0000,942.3010,196.4490,133.5630,0.0000,0.0000,1499.2670
2899,1,3,1,61.1320,164.6710,0.0000,946.0310,193.4640,133.9450,0.0000,0.0000,1499.2430
2900,0,3,0,61.7660,165.5630,0.0000,957.8830,194.1100,136.1170,0.0000,0.0000,1515.4390
2901,1,3,1,61.6310,174.8550,0.0000,958.0060,196.8620,134.3820,0.0000,0.0000,1525.7360
2902,0,3,0,62.9660,166.8740,0.0000,956.0740,195.3720,136.0310,0.0000,0.0000,1517.3170
2903,1,3,1,61.4150,164.0250,0.0000,945.4340,196.8610,135.6930,0.0000,0.0000,1503.4280
2904,0,3,0,63.2300,163.2740,0.0000,942.8250,193.6310,134.9730,0.0000,0.0000,1497.9330
2905,1,3,0,62.0430,167.4280,0.0000,944.3020,194.6220,133.5380,0.0000,0.0000,1501.9330
2906,1,3,1,60.0990,164.9170,0.0000,945.9940,193.6120,134.2520,0.0000,0.0000,1498.8740
2907,1,3,1,61.3420,167.8520,0.0000,945.8770,200.3690,138.9110,0.0000,0.0000,1514.3510
2908,1,3,1,61.9690,167.9930,0.0000,944.0430,196.0610,134.6400,0.0000,0.0000,1504.7060
2909,1,3,1,62.0310,166.3810,0.0000,943.6680,196.3690,135.4280,0.0000,0.0000,1503.8770
2910,1,3,1,59.1940,165.3780,0.0000,955.0590,195.0280,135.5450,0.0000,0.0000,1510.2040
2911,1,3,0,60.9720,167.1880,0.0000,956.5290,193.8090,134.4120,0.0000,0.0000,1512.9100
2912,1,3,1,64.2900,163.7480,0.0000,945.3970,194.2280,134.0310,0.0000,0.0000,1501.6940
2913,1,3,1,60.7870,169.4590,0.0000,948.4730,201.4470,138.8550,0.0000,0.0000,1519.0210
2914,1,3,1,60.6580,166.2520,0.0000,945.7100,196.1230,133.9820,0.0000,0.0000,1502.7250
2915,0,3,0,62.2460,166.0610,0.0000,945.2430,192.7140,135.9870,0.0000,0.0000,1502.2510
2916,0,3,0,61.6430,164.5480,0.0000,955.5440,195.2980,135.3780,0.0000,0.0000,1512.4110
2917,1,3,1,61.8090,165.5820,0.0000,958.9600,193.3790,133.8590,0.0000,0.0000,1513.5890
2918,0,3,1,63.0210,168.0430,0.0000,944.4920,193.2740,136.7380,0.0000,0.0000,1505.5680
2919,1,3,1,61.0030,165.2610,0.0000,944.0490,204.2830,138.4120,0.0000,0.0000,1513.0080
2920,0,3,0,61.6990,166.0800,0.0000,946.7140,195.9820,136.7750,0.0000,0.0000,1507.2500
2921,1,3,1,63.3290,167.3660,0.0000,947.5020,195.3480,134.8920,0.0000,0.0000,1508.4370
2922,1,3,1,62.0620,167.6730,0.0000,945.2860,193.7050,135.9510,0.0000,0.0000,1504.6770
2923,1,3,1,61.4460,167.8830,0.0000,942.9230,194.1840,135.3480,0.0000,0.0000,1501.7840
2924,1,3,1,62.2090,165.1570,0.0000,941.9320,194.5970,134.1790,0.0000,0.0000,1498.0740
2925,1,3,1,61.8590,164.8980,0.0000,946.7260,251.0890,143.6060,0.0000,0.0000,1568.1780
2926,1,3,1,64.2950,170.9540,0.0000,957.5390,196.6400,136.1170,0.0000,0.0000,1525.5450
2927,0,3,0,62.4990,166.4060,0.0000,941.6490,194.3020,136.1230,0.0000,0.0000,1500.9790
2928,1,3,1,61.7540,168.8490,0.0000,944.2710,192.5970,136.0430,0.0000,0.0000,1503.5140
2929,1,3,1,61.9630,165.8280,0.0000,943.3660,193.1870,134.4860,0.0000,0.0000,1498.8300
2930,1,3,1,61.5510,164.0310,0.0000,954.3810,193.1080,134.2270,0.0000,0.0000,1507.2980
2931,1,3,1,60.7690,165.7780,0.0000,946.9660,192.5110,133.3040,0.0000,0.0000,1499.3280
2932,1,3,1,62.4070,212.0560,0.0000,946.0930,196.5970,139.7040,0.0000,0.0000,1556.8570
2933,0,3,0,63.8650,168.8180,0.0000,944.9050,197.5690,136.9840,0.0000,0.0000,1512.1410
2934,1,3,1,61.8580,165.4030,0.0000,945.1020,193.6860,134.0490,0.0000,0.0000,1500.0980
2935,0,3,0,60.0610,167.6060,0.0000,955.8830,195.4650,133.6620,0.0000,0.0000,1512.6770
2936,0,3,0,60.6770,167.1320,0.0000,944.9910,193.8950,133.0460,0.0000,0.0000,1499.7410
2937,0,3,0,61.6990,167.2550,0.0000,942.8430,195.0900,134.7690,0.0000,0.0000,1501.6560
2938,0,3,0,60.5230,164.2460,0.0000,956.8060,204.5360,140.3880,0.0000,0.0000,1526.4990
2939,1,3,1,60.9900,168.3380,0.0000,949.1880,196.6650,135.9820,0.0000,0.0000,1511.1630
2940,1,3,1,61.5750,169.7410,0.0000,942.5410,195.2130,136.4430,0.0000,0.0000,1505.5130
2941,0,3,0,61.6180,167.0220,0.0000,944.7140,195.6060,134.5350,0.0000,0.0000,1503.4950
2942,1,3,1,62.1420,164.7200,0.0000,956.5910,193.7050,134.5600,0.0000,0.0000,1511.7180
2943,1,3,1,61.1260,166.1840,0.0000,944.9420,193.4770,133.5940,0.0000,0.0000,1499.3230
2944,1,3,1,61.9080,165.0650,0.0000,951.2490,212.3450,146.4620,0.0000,0.0000,1537.0290
2945,0,3,1,65.3420,171.0470,0.0000,945.2620,199.6120,137.4530,0.0000,0.0000,1518.7160
2946,1,3,1,64.9290,167.3110,0.0000,949.5820,194.5660,135.5080,0.0000,0.0000,1511.8960
2947,1,3,1,62.7200,167.0890,0.0000,958.9660,194.9600,135.9760,0.0000,0.0000,1519.7110
2948,1,3,1,61.0400,163.9760,0.0000,944.8800,195.8890,135.9140,0.0000,0.0000,1501.6990
2949,1,3,1,61.3470,164.0680,0.0000,941.6800,193.2430,135.2920,0.0000,0.0000,1495.6300
2950,1,3,0,61.4580,163.4830,0.0000,946.1600,203.4890,140.2710,0.0000,0.0000,1514.8610
2951,1,3,1,62.4920,168.8130,0.0000,957.8950,195.1570,136.4670,0.0000,0.0000,1520.8240
2952,1,3,1,61.8090,168.4860,0.0000,942.8740,194.0370,136.6280,0.0000,0.0000,1503.8340
2953,1,3,1,61.0210,167.3790,0.0000,948.0930,195.7600,134.4550,0.0000,0.0000,1506.7080
2954,1,3,1,62.7760,165.4770,0.0000,955.8460,195.8150,135.3850,0.0000,0.0000,1515.2990
2955,1,3,1,61.8210,164.7380,0.0000,944.8980,195.1450,134.6830,0.0000,0.0000,1501.2850
2956,1,3,1,61.1140,165.9200,0.0000,958.5230,236.4980,136.5050,0.0000,0.0000,1558.5600
2957,1,3,1,62.9350,170.0680,0.0000,946.8000,197.4770,135.0770,0.0000,0.0000,1512.3570
2958,1,3,1,63.8770,169.1320,0.0000,945.0640,193.8770,134.8430,0.0000,0.0000,1506.7930
2959,1,3,1,61.0210,166.1420,0.0000,942.7080,195.0280,134.0620,0.0000,0.0000,1498.9610
2960,1,3,1,60.3690,164.8800,0.0000,942.6520,195.1260,134.3500,0.0000,0.0000,1497.3770
2961,1,3,1,60.4250,165.0830,0.0000,940.9410,193.8590,135.4210,0.0000,0.0000,1495.7290
2962,1,3,1,63.7300,166.0120,0.0000,955.8960,191.7910,136.2340,0.0000,0.0000,1513.6630
2963,1,3,1,60.5840,174.8060,0.0000,950.3630,199.2990,139.5020,0.0000,0.0000,1524.5540
2964,1,3,1,61.2990,169.2860,0.0000,956.7020,196.2340,138.2830,0.0000,0.0000,1521.8040
2965,1,3,1,61.1820,169.0340,0.0000,943.7420,197.1440,134.4180,0.0000,0.0000,1505.5200
2966,1,3,1,60.3390,166.8500,0.0000,942.1970,196.5230,134.7320,0.0000,0.0000,1500.6410
2967,1,3,1,60.8240,165.6120,0.0000,945.3850,195.8640,134.1910,0.0000,0.0000,1501.8760
2968,1,3,1,61.4520,166.5230,0.0000,944.7080,194.1170,135.1010,0.0000,0.0000,1501.9010
2969,1,3,1,62.4250,164.2650,0.0000,945.3360,201.9820,136.2340,0.0000,0.0000,1510.2420
2970,1,3,1,63.1260,169.3350,0.0000,943.0030,196.8980,137.0520,0.0000,0.0000,1509.4140
2971,1,3,0,63.1260,166.0920,0.0000,957.3480,193.6620,135.3170,0.0000,0.0000,1515.5450
2972,1,3,1,60.2950,167.1070,0.0000,943.0830,195.7840,135.3050,0.0000,0.0000,1501.5740
2973,0,3,0,61.9020,164.9840,0.0000,942.0120,194.7080,133.5260,0.0000,0.0000,1497.1320
2974,1,3,1,62.2150,167.6550,0.0000,942.9970,193.9330,133.9320,0.0000,0.0000,1500.7320
2975,1,3,1,61.1140,164.2220,0.0000,945.0400,200.1360,136.3390,0.0000,0.0000,1506.8510
2976,1,3,1,60.7260,165.2190,0.0000,956.8060,195.9140,135.4710,0.0000,0.0000,1514.1360
2977,1,3,1,61.3720,164.4250,0.0000,945.2060,193.1080,136.2830,0.0000,0.0000,1500.3940
2978,1,3,1,63.2920,166.8800,0.0000,942.4120,195.6240,134.5670,0.0000,0.0000,1502.7750
2979,1,3,1,60.3880,165.7540,0.0000,957.2680,192.4980,135.6180,0.0000,0.0000,1511.5260
2980,1,3,1,60.8240,164.4550,0.0000,944.1300,194.0800,133.6860,0.0000,0.0000,1497.1750
2981,0,3,0,63.3910,165.1880,0.0000,943.3110,199.4580,137.0710,0.0000,0.0000,1508.4190
2982,1,3,0,61.2870,168.7630,0.0000,956.8000,194.3390,138.7820,0.0000,0.0000,1519.9710
2983,1,3,1,61.6060,166.2700,0.0000,958.5910,196.3020,133.9200,0.0000,0.0000,1516.6890
2984,1,3,1,61.5440,166.8370,0.0000,955.2800,196.0000,135.7050,0.0000,0.0000,1515.3660
2985,1,3,1,62.9850,166.5170,0.0000,943.7660,193.1080,133.8460,0.0000,0.0000,1500.2220
2986,1,3,1,62.1350,165.8700,0.0000,944.7380,193.9450,134.5910,0.0000,0.0000,1501.2790
2987,1,3,1,62.9050,164.7940,0.0000,943.6430,232.7200,138.4070,0.0000,0.0000,1542.4690
2988,1,3,1,61.9820,169.7050,0.0000,958.2890,195.6920,136.4920,0.0000,0.0000,1522.1600
2989,1,3,1,60.9480,168.3940,0.0000,942.3450,193.8460,135.6430,0.0000,0.0000,1501.1760
2990,0,3,0,62.4680,166.2220,0.0000,957.0530,195.7360,136.1720,0.0000,0.0000,1517.6510
2991,1,3,1,61.1940,165.4890,0.0000,956.8060,194.3690,137.5750,0.0000,0.0000,1515.4330
2992,1,3,1,61.2310,167.4710,0.0000,954.2950,192.2220,133.2800,0.0000,0.0000,1508.4990
2993,1,3,1,61.5810,165.0100,0.0000,957.6800,195.0530,133.6250,0.0000,0.0000,1512.9490
2994,1,3,1,61.5750,172.7750,0.0000,945.0330,196.4610,135.7050,0.0000,0.0000,1511.5490
2995,1,3,1,60.9530,168.4860,0.0000,955.2120,195.7420,134.8370,0.0000,0.0000,1515.2300
2996,1,3,1,61.8460,166.3070,0.0000,957.2550,194.3010,134.2650,0.0000,0.0000,1513.9740
2997,1,3,0,62.5100,166.6650,0.0000,945.1940,194.1040,133.7480,0.0000,0.0000,1502.2210
2998,0,3,0,61.7790,166.5900,0.0000,943.3900,193.6920,135.5630,0.0000,0.0000,1501.0140
2999,0,3,0,61.1810,164.7130,0.0000,941.4090,195.3480,134.7940,0.0000,0.0000,1497.4450
3000,1,3,1,88.5720,230.9290,0.0000,965.6610,217.6610,159.9870,0.0000,0.0000,1662.8100
3001,1,3,1,67.7480,182.6650,0.0000,952.8680,204.7760,144.8370,0.0000,0.0000,1552.8940
3002,0,3,0,64.3750,170.9600,0.0000,946.6580,198.2030,139.1690,0.0000,0.0000,1519.3650
3003,0,3,0,63.0210,168.8680,0.0000,946.5840,196.2890,138.4250,0.0000,0.0000,1513.1870
3004,1,3,1,63.6800,167.8590,0.0000,943.0530,195.4090,136.0250,0.0000,0.0000,1506.0260
3005,1,3,1,120.4500,175.8220,0.0000,955.9750,199.0950,140.5290,0.0000,0.0000,1591.8710
3006,1,3,1,62.1780,171.5080,0.0000,942.0990,197.1880,135.6120,0.0000,0.0000,1508.5850
3007,1,3,1,62.8980,165.2920,0.0000,943.0760,194.6520,133.2370,0.0000,0.0000,1499.1550
3008,1,3,1,61.3720,166.5110,0.0000,955.9880,193.3360,133.9690,0.0000,0.0000,1511.1760
3009,1,3,1,61.6740,167.6800,0.0000,942.8740,194.1300,135.4710,0.0000,0.0000,1501.8290
3010,0,3,0,59.3720,166.7510,0.0000,942.6960,194.4800,135.8590,0.0000,0.0000,1499.1580
3011,1,3,1,61.6180,164.8370,0.0000,989.9510,203.2370,139.9080,0.0000,0.0000,1559.5510
3012,0,3,0,63.8400,170.7200,0.0000,942.0490,196.2580,135.2370,0.0000,0.0000,1508.1040
3013,1,3,1,60.6770,166.9040,0.0000,941.9750,194.4800,135.4830,0.0000,0.0000,1499.5190
3014,1,3,1,61.6310,166.5480,0.0000,957.5450,193.2610,136.3140,0.0000,0.0000,1515.2990
3015,1,3,1,60.2890,164.9720,0.0000,944.0310,195.9130,136.5600,0.0000,0.0000,1501.7650
3016,1,3,1,62.6030,167.5810,0.0000,945.2250,195.4280,134.6460,0.0000,0.0000,1505.4830
3017,1,3,1,61.6560,166.7630,0.0000,947.5070,200.1300,137.5760,0.0000,0.0000,1513.6320
3018,1,3,1,62.3140,167.6560,0.0000,944.7940,194.3750,136.6530,0.0000,0.0000,1505.7920
3019,1,3,1,61.7420,165.7040,0.0000,958.7260,193.8830,134.7330,0.0000,0.0000,1514.7880
3020,0,3,0,63.5630,166.9790,0.0000,942.9350,195.7420,134.5350,0.0000,0.0000,1503.7540
3021,0,3,0,60.3880,167.4830,0.0000,956.2030,192.6520,133.5880,0.0000,0.0000,1510.3140
3022,0,3,0,59.4950,165.6190,0.0000,955.0220,193.5390,134.9300,0.0000,0.0000,1508.6050
3023,1,3,1,61.1940,167.5140,0.0000,947.3840,200.8190,139.1510,0.0000,0.0000,1516.0620
3024,1,3,1,61.4650,169.2490,0.0000,947.5390,195.9140,135.9940,0.0000,0.0000,1510.1610
3025,1,3,1,61.2730,163.4280,0.0000,944.1540,193.4950,133.5940,0.0000,0.0000,1495.9440
3026,1,3,1,61.2740,167.1320,0.0000,956.3750,194.7380,135.1690,0.0000,0.0000,1514.6880
3027,1,3,1,61.4030,165.1080,0.0000,953.5500,196.4680,134.4370,0.0000,0.0000,1510.9660
3028,1,3,1,63.7850,165.8890,0.0000,944.2700,195.5320,136.2590,0.0000,0.0000,1505.7350
3029,1,3,1,60.6030,167.1820,0.0000,942.9970,238.0130,138.6090,0.0000,0.0000,1547.4040
3030,1,3,1,60.0370,167.3480,0.0000,946.4560,194.4000,135.2620,0.0000,0.0000,1503.5030
3031,1,3,1,61.9320,168.6590,0.0000,945.4890,194.9480,136.0250,0.0000,0.0000,1507.0530
3032,0,3,0,61.5260,163.2670,0.0000,942.5910,192.8550,135.8280,0.0000,0.0000,1496.0670
3033,1,3,1,61.3720,167.1020,0.0000,941.8160,192.9170,134.3140,0.0000,0.0000,1497.5210
3034,1,3,1,60.5170,166.4920,0.0000,942.5720,192.2530,136.0430,0.0000,0.0000,1497.8770
3035,1,3,1,61.3780,165.8530,0.0000,941.6310,193.7230,136.5660,0.0000,0.0000,1499.1510
3036,1,3,1,122.6340,173.8650,0.0000,948.9040,199.3110,136.6100,0.0000,0.0000,1581.3240
3037,1,3,1,62.7010,168.0250,0.0000,942.0250,194.5660,137.3230,0.0000,0.0000,1504.6400
3038,1,3,1,62.7260,166.6530,0.0000,956.7880,193.7780,133.3970,0.0000,0.0000,1513.3420
3039,1,3,1,62.7200,166.1110,0.0000,943.7170,193.0280,133.5450,0.0000,0.0000,1499.1210
3040,1,3,1,61.4710,165.5760,0.0000,954.6770,193.9330,133.0530,0.0000,0.0000,1508.7100
3041,1,3,1,60.5540,164.3200,0.0000,946.2520,193.5010,132.4860,0.0000,0.0000,1497.1130
3042,1,3,1,62.9420,162.9110,0.0000,954.7140,228.8180,151.3970,0.0000,0.0000,1560.7820
3043,1,3,1,64.5230,175.8590,0.0000,947.9140,201.3110,140.4740,0.0000,0.0000,1530.0810
3044,1,3,1,63.0770,170.3140,0.0000,943.7910,200.1780,135.4460,0.0000,0.0000,1512.8060
3045,1,3,1,62.6030,168.0670,0.0000,942.7200,194.7270,137.3840,0.0000,0.0000,1505.5010
3046,1,3,1,61.2180,168.5730,0.0000,943.7600,196.6400,135.0210,0.0000,0.0000,1505.2120
3047,0,3,1,60.6040,166.7020,0.0000,951.7040,194.5100,136.5360,0.0000,0.0000,1510.0560
3048,0,3,0,62.5230,165.5870,0.0000,947.1630,209.1690,141.0890,0.0000,0.0000,1525.5310
3049,0,3,0,63.9270,172.5480,0.0000,956.8310,197.0770,137.7110,0.0000,0.0000,1528.0940
3050,1,3,1,64.6520,167.4650,0.0000,946.3630,193.4520,136.5230,0.0000,0.0000,1508.4550
3051,1,3,1,62.5600,166.3940,0.0000,947.7600,195.7470,134.3820,0.0000,0.0000,1506.8430
3052,1,3,1,60.8070,166.6330,0.0000,943.3600,194.4120,135.8520,0.0000,0.0000,1501.0640
3053,1,3,1,62.4800,165.6680,0.0000,956.7390,195.1260,136.1420,0.0000,0.0000,1516.1550
3054,1,3,1,60.6520,166.8980,0.0000,951.2800,201.9450,138.9660,0.0000,0.0000,1519.7410
3055,1,3,1,62.2460,169.7350,0.0000,957.4830,196.6220,137.5820,0.0000,0.0000,1523.6680
3056,0,3,0,61.6060,164.8490,0.0000,941.9760,195.4150,136.9660,0.0000,0.0000,1500.8120
3057,0,3,0,62.0670,166.8860,0.0000,942.4240,194.8800,134.3200,0.0000,0.0000,1500.5770
3058,1,3,1,62.6400,166.3940,0.0000,956.3750,194.8250,135.5810,0.0000,0.0000,1515.8150
3059,1,3,1,62.6830,166.7870,0.0000,943.5010,194.2280,133.5880,0.0000,0.0000,1500.7870
3060,1,3,1,61.4530,165.4650,0.0000,1008.9410,204.3940,139.6920,0.0000,0.0000,1579.9450
3061,1,3,1,65.3910,168.6650,0.0000,943.2670,197.6920,135.1320,0.0000,0.0000,1510.1470
3062,1,3,1,61.8460,168.1540,0.0000,944.5350,195.7420,135.1010,0.0000,0.0000,1505.3780
3063,1,3,1,61.6610,167.4520,0.0000,955.6550,194.1050,135.2430,0.0000,0.0000,1514.1160
3064,1,3,1,61.0340,167.1330,0.0000,944.1230,192.7390,134.7870,0.0000,0.0000,1499.8160
3065,1,3,1,62.1290,166.5480,0.0000,942.5360,196.3820,132.7380,0.0000,0.0000,1500.3330
3066,1,3,1,64.0430,165.9080,0.0000,946.1600,195.1380,178.7880,0.0000,0.0000,1550.0370
3067,0,3,0,63.5750,171.1870,0.0000,956.7570,196.6150,136.6710,0.0000,0.0000,1524.8050
3068,1,3,1,60.9050,166.8190,0.0000,944.7750,196.0550,135.2860,0.0000,0.0000,1503.8400
3069,1,3,1,61.1450,167.2680,0.0000,945.0030,195.5320,134.6640,0.0000,0.0000,1503.6120
3070,1,3,0,61.3540,163.5940,0.0000,943.0770,194.8190,136.5290,0.0000,0.0000,1499.3730
3071,1,3,1,62.7570,165.0520,0.0000,943.9020,192.4310,135.8770,0.0000,0.0000,1500.0190
3072,1,3,1,61.8400,166.1480,0.0000,941.8460,195.0760,135.1440,0.0000,0.0000,1500.0540
3073,1,3,1,61.1320,222.0920,0.0000,945.5390,202.9540,138.4000,0.0000,0.0000,1570.1170
3074,0,3,0,63.0650,169.7360,0.0000,944.4920,195.6990,137.3780,0.0000,0.0000,1510.3700
3075,1,3,1,61.3160,165.2250,0.0000,943.3970,195.2800,134.2340,0.0000,0.0000,1499.4520
3076,1,3,1,61.3910,164.4240,0.0000,943.1080,196.1660,136.3570,0.0000,0.0000,1501.4460
3077,1,3,1,60.5420,167.6370,0.0000,956.4620,195.5510,136.3200,0.0000,0.0000,1516.5120
3078,1,3,1,62.4740,165.7360,0.0000,943.2310,194.4800,135.7420,0.0000,0.0000,1501.6630
3079,1,3,1,61.6190,169.3420,0.0000,957.5390,203.3910,139.2800,0.0000,0.0000,1531.1710
3080,1,3,1,63.4150,172.1790,0.0000,944.9970,196.2520,135.8030,0.0000,0.0000,1512.6460
3081,0,3,0,63.4770,169.0280,0.0000,944.3080,196.2460,135.1630,0.0000,0.0000,1508.2220
3082,1,3,1,62.5480,169.2980,0.0000,942.4000,195.4210,136.6710,0.0000,0.0000,1506.3380
3083,0,3,0,61.5330,166.8120,0.0000,956.7760,195.5940,134.8980,0.0000,0.0000,1515.6130
3084,1,3,1,61.3050,166.2220,0.0000,942.2950,195.3540,136.2100,0.0000,0.0000,1501.3860
3085,1,3,1,63.0340,165.5820,0.0000,948.8070,200.3570,138.9290,0.0000,0.0000,1516.7090
3086,1,3,1,63.0280,167.4090,0.0000,943.8220,196.5360,135.0830,0.0000,0.0000,1505.8780
3087,1,3,1,61.4890,167.6930,0.0000,955.5690,194.1420,134.4920,0.0000,0.0000,1513.3850
3088,1,3,1,61.5020,164.9790,0.0000,941.4590,194.9970,135.3360,0.0000,0.0000,1498.2730
3089,1,3,1,61.4270,166.3080,0.0000,958.2830,195.4090,136.0920,0.0000,0.0000,1517.5190
3090,0,3,0,62.2710,164.2580,0.0000,940.8920,194.4740,133.8950,0.0000,0.0000,1495.7900
3091,0,3,0,61.3110,165.9750,0.0000,956.8620,218.2220,146.3820,0.0000,0.0000,1548.7520
3092,1,3,1,64.2030,174.9970,0.0000,946.3940,198.9720,138.5410,0.0000,0.0000,1523.1070
3093,1,3,1,63.1440,172.0800,0.0000,944.3080,197.5010,135.8950,0.0000,0.0000,1512.9280
3094,1,3,1,61.8950,166.9900,0.0000,957.5260,198.1420,136.6530,0.0000,0.0000,1521.2060
3095,1,3,1,61.1940,166.0430,0.0000,958.0800,195.0400,135.9020,0.0000,0.0000,1516.2590
3096,1,3,1,63.8210,166.8000,0.0000,942.6960,195.1700,134.9780,0.0000,0.0000,1503.4650
3097,1,3,1,61.2800,168.1850,0.0000,946.2830,236.7450,138.4190,0.0000,0.0000,1550.9120
3098,1,3,1,62.1720,172.0490,0.0000,947.9640,196.7870,136.6710,0.0000,0.0000,1515.6430
3099,1,3,1,63.2240,168.6520,0.0000,956.8430,194.3450,135.4520,0.0000,0.0000,1518.5160
3100,1,3,1,63.8770,165.1140,0.0000,943.4710,194.1790,135.0950,0.0000,0.0000,1501.7360
3101,1,3,1,61.3290,166.3080,0.0000,945.1810,195.4890,134.2160,0.0000,0.0000,1502.5230
3102,1,3,1,61.7970,168.6090,0.0000,944.3260,193.6740,132.6030,0.0000,0.0000,1501.0090
3103,1,3,1,62.7570,166.4550,0.0000,941.7540,195.9630,133.7480,0.0000,0.0000,1500.6770
3104,1,3,1,62.3690,209.0520,0.0000,946.5670,197.8580,135.5940,0.0000,0.0000,1551.4400
3105,1,3,1,62.2590,167.1870,0.0000,942.4490,195.0770,136.1840,0.0000,0.0000,1503.1560
3106,1,3,1,62.2220,164.7690,0.0000,942.3510,194.6900,135.0340,0.0000,0.0000,1499.0660
3107,1,3,1,62.1470,165.1140,0.0000,945.3480,193.6370,134.3020,0.0000,0.0000,1500.5480
3108,1,3,1,60.4310,164.5660,0.0000,955.8830,194.5050,135.2180,0.0000,0.0000,1510.6030
3109,0,3,0,61.7850,163.8770,0.0000,955.9080,194.4490,135.0770,0.0000,0.0000,1511.0960
3110,1,3,1,60.7690,163.4580,0.0000,957.5380,206.8560,142.6650,0.0000,0.0000,1531.2860
3111,0,3,0,61.6310,166.6150,0.0000,943.4460,194.8610,138.4620,0.0000,0.0000,1505.0150
3112,1,3,1,65.4150,166.0240,0.0000,945.5880,194.7750,137.2120,0.0000,0.0000,1509.0140
3113,1,3,1,62.6030,166.3140,0.0000,956.0370,195.7230,137.9880,0.0000,0.0000,1518.6650
3114,1,3,1,61.3720,165.8650,0.0000,944.2090,196.2900,135.8830,0.0000,0.0000,1503.6190
3115,1,3,1,62.9170,165.5820,0.0000,944.3820,196.2770,134.9600,0.0000,0.0000,1504.1180
3116,0,3,0,61.9760,166.6700,0.0000,951.0280,201.0640,140.3630,0.0000,0.0000,1521.1010
3117,1,3,1,63.2310,168.6270,0.0000,952.9850,195.7970,136.0550,0.0000,0.0000,1516.6950
3118,1,3,1,60.8980,167.6680,0.0000,943.1810,193.6740,134.1910,0.0000,0.0000,1499.6120
3119,1,3,1,62.6340,166.6340,0.0000,946.7130,195.0340,134.0180,0.0000,0.0000,1505.0330
3120,1,3,1,62.3450,164.2090,0.0000,945.5440,194.3570,136.4240,0.0000,0.0000,1502.8790
3121,1,3,1,60.7690,165.6190,0.0000,943.8460,196.4670,135.1500,0.0000,0.0000,1501.8510
3122,1,3,1,60.4370,165.4100,0.0000,955.6740,203.5200,139.2800,0.0000,0.0000,1524.3210
3123,1,3,1,63.2000,169.3970,0.0000,944.0560,195.7290,136.0800,0.0000,0.0000,1508.4620
3124,1,3,1,63.0830,166.8060,0.0000,942.4610,194.7630,137.3100,0.0000,0.0000,1504.4230
3125,1,3,1,62.0980,166.3140,0.0000,943.0270,195.8150,135.6180,0.0000,0.0000,1502.8720
3126,1,3,1,61.0470,164.9780,0.0000,956.0430,194.2710,134.9850,0.0000,0.0000,1511.3240
3127,1,3,1,60.9040,164.9470,0.0000,942.6460,195.0710,136.1660,0.0000,0.0000,1499.7340
3128,1,3,1,60.8430,164.7320,0.0000,947.9200,237.2930,142.7510,0.0000,0.0000,1553.5390
3129,1,3,1,63.4580,171.6560,0.0000,944.9290,196.7440,135.3970,0.0000,0.0000,1512.1840
3130,1,3,1,63.6310,165.9760,0.0000,943.1690,193.5140,137.9080,0.0000,0.0000,1504.1980
3131,1,3,1,62.7080,166.6160,0.0000,944.3020,195.5080,135.1870,0.0000,0.0000,1504.3210
3132,1,3,1,62.6520,162.6580,0.0000,945.2000,191.8530,135.7660,0.0000,0.0000,1498.1290
3133,1,3,1,63.1570,165.5700,0.0000,942.0740,194.3080,134.3260,0.0000,0.0000,1499.4350
3134,1,3,1,61.4520,163.7720,0.0000,941.2990,194.7700,134.2400,0.0000,0.0000,1495.5330
3135,1,3,1,60.2150,204.6530,0.0000,949.5880,199.4520,137.3230,0.0000,0.0000,1551.2310
3136,1,3,1,62.0980,167.6000,0.0000,945.3410,195.2000,133.5200,0.0000,0.0000,1503.7590
3137,1,3,1,62.2330,164.1420,0.0000,942.2650,195.0400,134.5910,0.0000,0.0000,1498.2710
3138,1,3,1,63.2860,166.4370,0.0000,943.6060,192.6830,136.3940,0.0000,0.0000,1502.4060
3139,1,3,1,62.0860,165.0590,0.0000,945.9690,192.2900,135.6860,0.0000,0.0000,1501.0900
3140,0,3,1,62.1170,165.6680,0.0000,944.5600,193.6740,136.1230,0.0000,0.0000,1502.1420
3141,1,3,1,62.1290,165.7910,0.0000,955.7850,202.9170,139.1450,0.0000,0.0000,1525.7670
3142,0,3,0,62.6530,166.3700,0.0000,945.5810,198.1050,135.9140,0.0000,0.0000,1508.6230
3143,1,3,1,63.1320,167.4030,0.0000,942.3320,194.9850,134.4560,0.0000,0.0000,1502.3080
3144,1,3,1,61.7790,163.9140,0.0000,945.1020,195.4960,135.5450,0.0000,0.0000,1501.8360
3145,1,3,1,63.9130,166.1910,0.0000,941.2310,194.0430,135.6250,0.0000,0.0000,1501.0030
3146,1,3,1,62.6400,166.7260,0.0000,944.5970,195.1630,133.0220,0.0000,0.0000,1502.1480
3147,1,3,0,61.4270,164.7940,0.0000,949.2300,203.7470,139.5570,0.0000,0.0000,1518.7550
3148,1,3,1,62.0800,168.5230,0.0000,946.3140,195.1080,135.9820,0.0000,0.0000,1508.0070
3149,1,3,1,61.4640,166.7260,0.0000,954.9600,195.4470,135.8960,0.0000,0.0000,1514.4930
3150,1,3,1,61.8160,167.6560,0.0000,956.6280,196.4730,135.6000,0.0000,0.0000,1518.1730
3151,1,3,1,61.2310,164.8130,0.0000,943.0090,194.0980,135.9390,0.0000,0.0000,1499.0900
3152,1,3,1,59.9010,166.6520,0.0000,942.6770,193.6800,135.7290,0.0000,0.0000,1498.6390
3153,1,3,1,60.8550,167.2980,0.0000,955.3730,202.0920,138.6710,0.0000,0.0000,1524.2890
3154,1,3,1,62.4370,167.6800,0.0000,944.3020,195.5200,134.6460,0.0000,0.0000,1504.5850
3155,1,3,1,62.1970,167.7100,0.0000,957.8220,196.0360,136.3130,0.0000,0.0000,1520.0780
3156,1,3,1,61.5630,164.3630,0.0000,944.0860,196.4500,134.5780,0.0000,0.0000,1501.0400
3157,1,3,1,61.4400,170.5540,0.0000,942.9470,193.3050,135.3600,0.0000,0.0000,1503.6060
3158,1,3,1,60.1290,164.1230,0.0000,955.1570,192.6340,134.9170,0.0000,0.0000,1506.9600
3159,1,3,1,61.1390,168.5720,0.0000,956.0120,193.9020,175.3540,0.0000,0.0000,1554.9790
3160,1,3,1,61.8640,170.8550,0.0000,945.3100,198.1720,134.1480,0.0000,0.0000,1510.3490
3161,1,3,1,61.0400,166.4130,0.0000,943.2680,196.0190,134.4000,0.0000,0.0000,1501.1400
3162,1,3,1,62.6770,166.2220,0.0000,942.7020,194.5290,133.9200,0.0000,0.0000,1500.0500
3163,1,3,1,62.4620,164.0860,0.0000,947.5510,197.4280,135.9200,0.0000,0.0000,1507.4470
3164,0,3,0,61.7970,166.3510,0.0000,946.2890,193.9140,134.7630,0.0000,0.0000,1503.1140
3165,0,3,0,62.2090,164.7750,0.0000,957.5940,194.3880,133.3170,0.0000,0.0000,1512.2830
3166,0,3,0,59.6990,204.4370,0.0000,943.3470,198.9660,139.0650,0.0000,0.0000,1545.5140
3167,0,3,0,63.9630,169.0700,0.0000,944.7750,198.1850,135.0270,0.0000,0.0000,1511.0200
3168,1,3,1,61.0830,166.5300,0.0000,942.2590,195.2060,134.7750,0.0000,0.0000,1499.8530
3169,1,3,1,61.4830,167.3780,0.0000,946.7080,195.7360,131.9640,0.0000,0.0000,1503.2690
3170,0,3,0,62.0250,166.5660,0.0000,943.4470,193.9570,135.5630,0.0000,0.0000,1501.5580
3171,1,3,1,62.1110,166.2580,0.0000,956.9300,193.7230,136.5290,0.0000,0.0000,1515.5510
3172,1,3,1,62.3080,165.2920,0.0000,943.2610,201.5570,137.6180,0.0000,0.0000,1510.0360
3173,1,3,1,63.1690,166.9290,0.0000,945.7850,195.3540,136.1850,0.0000,0.0000,1507.4220
3174,1,3,1,61.6740,167.0650,0.0000,957.0150,194.0620,136.3390,0.0000,0.0000,1516.1550
3175,0,3,0,60.8370,167.3230,0.0000,944.4370,192.0000,135.0220,0.0000,0.0000,1499.6190
3176,1,3,1,61.3230,167.9870,0.0000,943.5940,194.2830,134.5480,0.0000,0.0000,1501.7350
3177,1,3,1,61.8090,165.2430,0.0000,941.8650,194.3020,133.7290,0.0000,0.0000,1496.9480
3178,1,3,1,60.7200,165.2550,0.0000,948.9360,203.6310,137.1380,0.0000,0.0000,1515.6800
3179,0,3,0,62.0800,168.2770,0.0000,945.4400,198.0620,136.2160,0.0000,0.0000,1510.0750
3180,1,3,1,60.8060,166.5970,0.0000,955.7420,194.1040,134.2460,0.0000,0.0000,1511.4950
3181,1,3,1,60.1420,166.1410,0.0000,943.2680,193.7600,135.1020,0.0000,0.0000,1498.4130
3182,1,3,1,60.3020,164.5040,0.0000,941.5390,193.6680,136.1540,0.0000,0.0000,1496.1670
3183,1,3,1,62.7690,164.5540,0.0000,940.8610,195.2000,136.1600,0.0000,0.0000,1499.5440
3184,1,3,1,60.6650,165.3050,0.0000,945.1700,264.9850,139.5010,0.0000,0.0000,1575.6260
3185,1,3,1,63.0900,168.2090,0.0000,944.0370,197.2430,137.5630,0.0000,0.0000,1510.1420
3186,1,3,1,61.4150,167.3840,0.0000,957.0580,195.2610,137.3050,0.0000,0.0000,1518.4230
3187,0,3,0,62.3450,168.3510,0.0000,943.1510,194.5170,134.8490,0.0000,0.0000,1503.2130
3188,1,3,1,62.9910,164.9530,0.0000,944.0860,193.7670,134.2710,0.0000,0.0000,1500.0680
3189,0,3,0,60.7200,166.3260,0.0000,942.4120,195.6300,134.9840,0.0000,0.0000,1500.0720
3190,1,3,1,61.0470,166.7750,0.0000,957.1880,194.3630,178.7870,0.0000,0.0000,1558.1600
3191,1,3,1,63.1510,169.1140,0.0000,942.8060,196.8610,135.1450,0.0000,0.0000,1507.0770
3192,0,3,0,61.1510,166.0680,0.0000,946.2100,194.6770,135.5200,0.0000,0.0000,1503.6260
3193,0,3,0,60.8430,165.0090,0.0000,946.4060,192.6830,132.6400,0.0000,0.0000,1497.5810
3194,1,3,1,62.1850,167.4270,0.0000,958.0370,194.9480,135.7240,0.0000,0.0000,1518.3210
3195,0,3,0,62.1910,166.6030,0.0000,945.2500,193.9140,134.7940,0.0000,0.0000,1502.7520
3196,1,3,1,62.3320,166.5240,0.0000,954.5170,193.6360,134.4860,0.0000,0.0000,1511.4950
3197,1,3,1,61.6550,216.5110,0.0000,946.6280,203.1440,138.9540,0.0000,0.0000,1566.8920
3198,1,3,1,61.2130,168.5470,0.0000,944.7330,194.5410,135.2740,0.0000,0.0000,1504.3080
3199,1,3,1,61.1510,166.4250,0.0000,946.3940,193.0210,133.6800,0.0000,0.0000,1500.6710
3200,1,3,1,60.5600,166.0370,0.0000,944.1840,195.3720,134.2030,0.0000,0.0000,1500.3560
3201,0,3,0,60.2760,165.2980,0.0000,942.6770,192.8800,135.3290,0.0000,0.0000,1496.4600
3202,1,3,1,60.3940,165.4520,0.0000,946.9840,193.4530,132.7570,0.0000,0.0000,1499.0400
3203,1,3,1,61.8960,167.3600,0.0000,941.1450,202.6900,137.9140,0.0000,0.0000,1511.0050
3204,1,3,1,65.2120,167.1020,0.0000,957.4900,198.1050,135.2000,0.0000,0.0000,1523.1090
3205,1,3,1,60.2220,164.4370,0.0000,944.7880,195.0270,135.5640,0.0000,0.0000,1500.0380
3206,0,3,0,61.9080,166.1850,0.0000,945.5450,192.4920,136.0680,0.0000,0.0000,1502.1980
3207,1,3,1,61.7300,164.8620,0.0000,944.7200,195.5510,134.9910,0.0000,0.0000,1501.8540
3208,1,3,1,61.2060,163.9450,0.0000,944.8370,194.1350,135.1200,0.0000,0.0000,1499.2430
3209,1,3,1,60.9230,164.7080,0.0000,943.8590,200.2460,139.7540,0.0000,0.0000,1509.4900
3210,1,3,1,62.2210,169.7240,0.0000,944.6580,197.6130,136.2030,0.0000,0.0000,1510.4190
3211,1,3,1,62.4920,165.4710,0.0000,943.5080,192.8800,135.3350,0.0000,0.0000,1499.6860
3212,1,3,0,62.1840,165.9260,0.0000,944.2150,193.4220,133.4890,0.0000,0.0000,1499.2360
3213,1,3,1,61.5570,165.4030,0.0000,944.2520,194.8370,137.5750,0.0000,0.0000,1503.6240
3214,1,3,1,60.8490,166.4120,0.0000,945.7230,194.4430,134.2400,0.0000,0.0000,1501.6670
3215,1,3,1,61.2740,166.6340,0.0000,941.3600,236.5600,135.8520,0.0000,0.0000,1541.6800
3216,1,3,1,60.9670,170.2520,0.0000,944.1790,197.1450,135.3780,0.0000,0.0000,1507.9210
3217,1,3,0,62.5540,167.6120,0.0000,941.7300,195.7970,135.0340,0.0000,0.0000,1502.7270
3218,1,3,1,61.9380,164.5420,0.0000,943.9690,193.9940,135.1140,0.0000,0.0000,1499.5570
3219,1,3,1,61.2370,167.3540,0.0000,943.4830,194.0920,134.1840,0.0000,0.0000,1500.3500
3220,1,3,1,62.9050,166.2770,0.0000,942.0300,194.5240,134.4980,0.0000,0.0000,1500.2340
3221,1,3,1,60.6270,164.5420,0.0000,943.4210,193.3850,134.3390,0.0000,0.0000,1496.3140
3222,0,3,0,70.0430,172.6520,0.0000,945.9870,196.4800,138.1840,0.0000,0.0000,1523.3460
3223,1,3,1,62.6090,164.6640,0.0000,945.8580,197.7900,137.2800,0.0000,0.0000,1508.2010
3224,1,3,0,63.2310,166.2520,0.0000,942.0610,194.4430,135.5750,0.0000,0.0000,1501.5620
3225,1,3,1,60.8370,165.5690,0.0000,943.1260,197.3660,134.3260,0.0000,0.0000,1501.2240
3226,1,3,0,62.1540,166.4800,0.0000,955.2060,194.1780,137.8770,0.0000,0.0000,1515.8950
3227,1,3,1,62.2030,167.0580,0.0000,943.7780,194.2520,136.7880,0.0000,0.0000,1504.0790
3228,1,3,1,62.5110,165.2610,0.0000,982.6280,200.7440,137.9760,0.0000,0.0000,1549.1200
3229,0,3,0,60.7940,167.9500,0.0000,944.5900,193.2060,134.7700,0.0000,0.0000,1501.3100
3230,1,3,1,61.0840,166.7080,0.0000,943.0770,195.0460,134.1470,0.0000,0.0000,1500.0620
3231,1,3,1,61.9140,167.0460,0.0000,956.0060,193.8030,136.8000,0.0000,0.0000,1515.5690
3232,1,3,1,62.1170,163.6990,0.0000,944.8370,192.4060,135.0650,0.0000,0.0000,1498.1240
3233,1,3,1,59.9690,166.5470,0.0000,956.2340,193.7780,134.9780,0.0000,0.0000,1511.5060
3234,1,3,1,60.6950,165.9510,0.0000,945.3110,201.8090,136.5350,0.0000,0.0000,1510.3010
3235,1,3,1,62.3260,166.9170,0.0000,943.7540,198.5660,136.4130,0.0000,0.0000,1507.9760
3236,0,3,0,60.8920,165.7720,0.0000,943.9510,193.5010,133.8400,0.0000,0.0000,1497.9560
3237,1,3,1,62.0800,167.0640,0.0000,955.3290,193.0830,135.9450,0.0000,0.0000,1513.5010
3238,1,3,1,61.6430,168.3450,0.0000,942.5050,195.8150,134.8000,0.0000,0.0000,1503.1080
3239,1,3,1,61.3410,167.0770,0.0000,943.5320,193.7170,136.7140,0.0000,0.0000,1502.3810
3240,1,3,1,60.7200,165.6800,0.0000,946.8430,217.9440,148.1970,0.0000,0.0000,1539.3840
3241,0,3,0,65.1510,173.1810,0.0000,944.7690,197.7780,142.2030,0.0000,0.0000,1523.0820
3242,1,3,1,62.8250,169.2000,0.0000,942.2900,196.3880,136.6400,0.0000,0.0000,1507.3430
3243,1,3,1,63.0280,165.7290,0.0000,956.7940,196.2400,136.8060,0.0000,0.0000,1518.5970
3244,0,3,1,61.2800,167.6000,0.0000,942.2590,195.7040,135.0090,0.0000,0.0000,1501.8520
3245,1,3,1,61.3540,165.4030,0.0000,943.3290,195.5200,138.0680,0.0000,0.0000,1503.6740
3246,1,3,1,61.5570,165.0710,0.0000,945.3720,266.7940,141.7480,0.0000,0.0000,1580.5420
3247,1,3,1,62.7080,171.6800,0.0000,947.9570,198.4370,137.9260,0.0000,0.0000,1518.7080
3248,1,3,1,62.2270,166.2890,0.0000,943.5820,194.9230,133.3230,0.0000,0.0000,1500.3440
3249,0,3,0,62.3810,167.6060,0.0000,943.2190,195.4950,137.7050,0.0000,0.0000,1506.4060
3250,1,3,1,59.7040,165.7670,0.0000,946.8250,194.0300,135.9630,0.0000,0.0000,1502.2890
3251,1,3,1,61.6130,166.8610,0.0000,942.2270,194.0000,134.1050,0.0000,0.0000,1498.8060
3252,1,3,1,61.4760,166.0120,0.0000,941.2740,192.6280,178.6340,0.0000,0.0000,1540.0240
3253,1,3,1,65.3780,171.2550,0.0000,946.3630,195.0650,136.7690,0.0000,0.0000,1514.8300
3254,1,3,1,62.7810,167.2550,0.0000,943.5870,195.4520,136.0240,0.0000,0.0000,1505.0990
3255,1,3,1,62.3500,166.3630,0.0000,941.6180,194.6950,134.6890,0.0000,0.0000,1499.7150
3256,1,3,1,60.8920,166.7690,0.0000,955.5320,192.5530,137.3480,0.0000,0.0000,1513.0940
3257,1,3,1,63.9570,166.0070,0.0000,945.6490,195.8090,134.9670,0.0000,0.0000,1506.3890
3258,1,3,1,60.9050,168.8730,0.0000,956.6770,194.8740,134.2220,0.0000,0.0000,1515.5510
3259,0,3,0,61.5510,217.6310,0.0000,948.3450,200.8740,138.5780,0.0000,0.0000,1566.9790
3260,1,3,1,62.6950,166.7140,0.0000,947.9390,193.9510,135.1690,0.0000,0.0000,1506.4680
3261,1,3,0,64.0000,168.7380,0.0000,942.8550,196.0620,135.4770,0.0000,0.0000,1507.1320
3262,1,3,1,62.5540,164.7700,0.0000,955.9940,195.3840,135.9140,0.0000,0.0000,1514.6160
3263,1,3,1,62.3760,163.8160,0.0000,942.5730,193.5260,134.0610,0.0000,0.0000,1496.3520
3264,1,3,1,61.7480,165.2430,0.0000,955.9690,193.8210,134.5040,0.0000,0.0000,1511.2850
3265,1,3,1,61.2500,163.9630,0.0000,956.1530,202.6220,139.0520,0.0000,0.0000,1523.0400
3266,0,3,0,62.5900,168.5110,0.0000,946.3510,194.4800,136.3440,0.0000,0.0000,1508.2760
3267,1,3,1,62.2710,164.3870,0.0000,945.5330,196.6030,135.5690,0.0000,0.0000,1504.3630
3268,1,3,1,61.3910,167.6800,0.0000,943.8150,194.4800,137.4950,0.0000,0.0000,1504.8610
3269,1,3,1,62.6160,167.0460,0.0000,943.2610,195.4640,134.6520,0.0000,0.0000,1503.0390
3270,1,3,1,62.2030,166.5480,0.0000,943.8950,194.0130,134.8800,0.0000,0.0000,1501.5390
3271,1,3,1,61.8400,167.6250,0.0000,949.5010,201.8960,136.9790,0.0000,0.0000,1517.8410
3272,1,3,1,60.5670,168.6270,0.0000,946.7260,195.9140,135.7720,0.0000,0.0000,1507.6060
3273,1,3,0,62.2400,167.7480,0.0000,942.9290,195.5080,136.2280,0.0000,0.0000,1504.6530
3274,1,3,1,63.6250,166.9230,0.0000,945.5500,195.6120,134.6830,0.0000,0.0000,1506.3930
3275,1,3,1,62.2220,166.4800,0.0000,943.2190,193.6240,135.1200,0.0000,0.0000,1500.6650
3276,1,3,1,61.5570,163.9380,0.0000,957.1270,195.3160,134.7080,0.0000,0.0000,1512.6460
3277,1,3,1,62.1600,166.9780,0.0000,991.6180,203.8580,137.0830,0.0000,0.0000,1561.6970
3278,0,3,0,63.4520,168.5230,0.0000,957.4770,195.6610,136.4550,0.0000,0.0000,1521.5680
3279,1,3,1,62.6950,165.2920,0.0000,958.2340,193.3050,134.2150,0.0000,0.0000,1513.7410
3280,1,3,1,59.5820,166.1050,0.0000,954.7130,193.9320,134.7810,0.0000,0.0000,1509.1130
3281,0,3,1,61.2060,165.8220,0.0000,957.2310,193.7790,135.4030,0.0000,0.0000,1513.4410
3282,1,3,1,60.9040,164.0310,0.0000,943.6430,194.1480,133.9750,0.0000,0.0000,1496.7010
3283,1,3,1,61.8950,164.5780,0.0000,942.9040,192.4060,178.4430,0.0000,0.0000,1540.2260
3284,1,3,0,63.2860,170.1850,0.0000,948.2400,196.3200,136.8870,0.0000,0.0000,1514.9180
3285,0,3,0,62.2030,167.8090,0.0000,943.6490,195.0950,134.6890,0.0000,0.0000,1503.4450
3286,1,3,1,61.2060,167.9690,0.0000,956.9170,194.3450,134.1170,0.0000,0.0000,1514.5540
3287,1,3,1,62.9850,167.4090,0.0000,945.2800,195.7170,133.1080,0.0000,0.0000,1504.4990
3288,1,3,1,61.6500,166.1720,0.0000,956.9110,193.7480,135.4830,0.0000,0.0000,1513.9640
3289,1,3,1,61.3360,165.7910,0.0000,945.4960,195.9010,135.7480,0.0000,0.0000,1504.2720
3290,0,3,0,60.5790,207.0580,0.0000,946.3750,199.4400,138.2150,0.0000,0.0000,1551.6670
3291,1,3,1,62.1850,167.1130,0.0000,941.6670,195.2370,137.0460,0.0000,0.0000,1503.2480
3292,1,3,0,63.2860,165.9700,0.0000,957.1930,195.2190,136.1910,0.0000,0.0000,1517.8590
3293,1,3,1,61.0890,166.4800,0.0000,941.2060,192.9660,134.9660,0.0000,0.0000,1496.7070
3294,1,3,0,61.1200,163.9450,0.0000,943.7660,194.3200,136.4000,0.0000,0.0000,1499.5510
3295,1,3,1,62.8430,165.1020,0.0000,956.3510,195.1510,134.6890,0.0000,0.0000,1514.1360
3296,1,3,1,62.1040,167.4590,0.0000,948.7440,203.3970,138.5230,0.0000,0.0000,1520.2270
3297,1,3,1,62.4130,167.5940,0.0000,956.4130,199.6060,135.4030,0.0000,0.0000,1521.4290
3298,1,3,0,63.6990,167.4650,0.0000,948.2710,195.4830,133.0650,0.0000,0.0000,1507.9830
3299,1,3,1,61.6430,164.1230,0.0000,953.6310,193.3480,135.5690,0.0000,0.0000,1508.3140
3300,1,3,1,61.2610,168.0430,0.0000,945.2870,192.9170,134.7760,0.0000,0.0000,1502.2840
3301,1,3,1,61.3480,165.7230,0.0000,949.7970,194.1720,133.7480,0.0000,0.0000,1504.7880
3302,1,3,1,60.3930,164.8800,0.0000,944.6090,201.4580,138.1470,0.0000,0.0000,1509.4870
3303,1,3,1,62.8500,169.9200,0.0000,948.7320,194.2030,136.4680,0.0000,0.0000,1512.1730
3304,1,3,1,61.4280,164.4990,0.0000,941.4650,195.0400,135.6300,0.0000,0.0000,1498.0620
3305,1,3,1,61.7290,167.4340,0.0000,943.1260,193.5630,136.2520,0.0000,0.0000,1502.1040
3306,1,3,1,61.9380,170.3440,0.0000,943.4710,193.5320,134.1790,0.0000,0.0000,1503.4640
3307,1,3,1,62.4740,166.5600,0.0000,957.0770,195.5820,133.5380,0.0000,0.0000,1515.2310
3308,1,3,1,63.1390,166.2890,0.0000,951.6620,204.0000,140.1100,0.0000,0.0000,1525.2000
3309,0,3,0,62.0990,169.5690,0.0000,944.5410,197.0340,136.9290,0.0000,0.0000,1510.1720
3310,1,3,1,61.8270,167.9080,0.0000,955.9260,194.4310,134.7260,0.0000,0.0000,1514.8180
3311,1,3,1,62.4930,165.7050,0.0000,942.8490,193.7970,134.7640,0.0000,0.0000,1499.6080
3312,1,3,1,63.9380,167.7040,0.0000,956.8800,193.8340,133.9880,0.0000,0.0000,1516.3440
3313,1,3,1,62.9100,167.2120,0.0000,943.4770,195.6440,134.3630,0.0000,0.0000,1503.6060
3314,1,3,1,60.5780,167.0220,0.0000,943.1510,194.9720,177.9200,0.0000,0.0000,1543.6430
3315,1,3,1,62.6090,169.4830,0.0000,948.0740,195.5820,135.1810,0.0000,0.0000,1510.9290
3316,0,3,0,61.8950,165.1020,0.0000,943.9570,195.8160,134.4930,0.0000,0.0000,1501.2630
3317,1,3,1,61.6250,166.5600,0.0000,942.5850,195.2500,135.0710,0.0000,0.0000,1501.0910
3318,0,3,0,62.1290,166.4430,0.0000,955.2370,194.9910,135.1140,0.0000,0.0000,1513.9140
3319,1,3,1,61.0520,167.0280,0.0000,959.0400,196.7690,136.5780,0.0000,0.0000,1520.4670
3320,1,3,1,62.0870,164.8250,0.0000,943.9570,194.7200,135.3660,0.0000,0.0000,1500.9550
3321,1,3,1,59.4520,207.9380,0.0000,948.6520,201.3540,137.5320,0.0000,0.0000,1554.9280
3322,0,3,0,64.8250,168.5480,0.0000,943.3420,195.0030,134.7810,0.0000,0.0000,1506.4990
3323,1,3,1,62.7820,167.7350,0.0000,956.4440,194.5480,133.2730,0.0000,0.0000,1514.7820
3324,1,3,0,61.8330,164.7690,0.0000,944.6460,193.4460,133.4210,0.0000,0.0000,1498.1150
3325,1,3,1,61.7780,164.4060,0.0000,943.8580,195.0950,135.4220,0.0000,0.0000,1500.5590
3326,1,3,1,60.5110,165.8520,0.0000,942.1410,195.0530,134.3820,0.0000,0.0000,1497.9390
3327,1,3,1,61.8900,165.2860,0.0000,948.3440,203.1450,139.2250,0.0000,0.0000,1517.8900
3328,1,3,1,63.7790,169.7600,0.0000,943.2430,196.0430,135.2250,0.0000,0.0000,1508.0500
3329,1,3,1,62.1480,165.8950,0.0000,954.1910,193.9260,134.7380,0.0000,0.0000,1510.8980
3330,1,3,1,60.8930,165.4890,0.0000,943.1570,194.1480,135.6120,0.0000,0.0000,1499.2990
3331,1,3,1,62.2150,165.8330,0.0000,943.5700,194.5290,135.1630,0.0000,0.0000,1501.3100
3332,0,3,0,60.6090,164.3260,0.0000,944.8920,192.5480,134.1290,0.0000,0.0000,1496.5040
3333,1,3,1,63.1140,167.0830,0.0000,958.0310,206.1850,137.6920,0.0000,0.0000,1532.1050
3334,0,3,0,63.2130,169.1880,0.0000,955.7850,198.6710,136.5480,0.0000,0.0000,1523.4050
3335,0,3,0,62.0550,165.7970,0.0000,944.9970,196.0240,137.5510,0.0000,0.0000,1506.4240
3336,1,3,1,62.3380,168.1300,0.0000,941.8030,194.6340,133.8640,0.0000,0.0000,1500.7690
3337,1,3,1,62.6030,166.1110,0.0000,944.0120,194.4620,136.2340,0.0000,0.0000,1503.4220
3338,0,3,0,61.6180,167.1570,0.0000,957.8890,191.7970,136.8490,0.0000,0.0000,1515.3100
3339,1,3,1,61.9630,164.8980,0.0000,958.9850,202.1840,137.0100,0.0000,0.0000,1525.0400
3340,1,3,1,62.6090,169.4400,0.0000,956.7080,195.2860,134.5410,0.0000,0.0000,1518.5840
3341,1,3,1,62.0500,166.2210,0.0000,956.1420,192.5410,135.9880,0.0000,0.0000,1512.9420
3342,1,3,1,60.1540,166.9910,0.0000,949.4160,195.7900,136.1660,0.0000,0.0000,1508.5170
3343,1,3,1,61.4950,167.6000,0.0000,944.7820,193.6310,134.3940,0.0000,0.0000,1501.9020
3344,1,3,1,64.5720,168.7700,0.0000,941.3100,194.9300,134.7200,0.0000,0.0000,1504.3020
3345,1,3,1,63.2370,165.5390,0.0000,941.9940,194.3510,180.7630,0.0000,0.0000,1545.8840
3346,1,3,1,62.6460,169.6920,0.0000,943.7050,197.0280,135.3540,0.0000,0.0000,1508.4250
3347,1,3,1,61.9570,169.2370,0.0000,942.3760,194.1100,134.2650,0.0000,0.0000,1501.9450
3348,0,3,0,60.9720,165.3290,0.0000,943.6980,194.6340,134.8620,0.0000,0.0000,1499.4950
3349,1,3,1,61.7970,166.9910,0.0000,945.6490,194.8490,134.0060,0.0000,0.0000,1503.2920
3350,1,3,1,60.4310,165.8530,0.0000,944.4550,194.4430,135.2430,0.0000,0.0000,1500.4250
3351,1,3,1,60.5720,165.9570,0.0000,943.7360,194.0370,133.9690,0.0000,0.0000,1498.2710
3352,1,3,1,62.6710,208.8980,0.0000,944.4860,200.9850,137.1690,0.0000,0.0000,1554.2090
3353,0,3,0,63.0580,168.4240,0.0000,956.6210,195.1260,135.5630,0.0000,0.0000,1518.7920
3354,0,3,0,61.2370,164.6210,0.0000,946.5600,194.5170,137.1260,0.0000,0.0000,1504.0610
3355,1,3,1,61.6060,167.1260,0.0000,944.9170,194.8560,134.1290,0.0000,0.0000,1502.6340
3356,1,3,1,60.6090,167.7660,0.0000,942.7020,194.3140,134.7390,0.0000,0.0000,1500.1300
3357,0,3,0,61.9320,166.0730,0.0000,956.6830,194.4430,133.1570,0.0000,0.0000,1512.2880
3358,1,3,1,59.8460,166.8490,0.0000,946.5480,202.6830,137.5020,0.0000,0.0000,1513.4280
3359,1,3,1,62.8060,169.0710,0.0000,941.4520,195.8830,137.4770,0.0000,0.0000,1506.6890
3360,1,3,1,60.9780,166.2090,0.0000,941.4030,195.0340,135.6990,0.0000,0.0000,1499.3230
3361,0,3,0,61.1940,167.0340,0.0000,944.5230,194.6220,133.6190,0.0000,0.0000,1500.9920
3362,1,3,1,61.7170,164.9730,0.0000,945.1690,193.6310,135.4460,0.0000,0.0000,1500.9360
3363,1,3,1,62.8370,165.7350,0.0000,945.3230,193.8160,135.0830,0.0000,0.0000,1502.7940
3364,1,3,1,63.0710,164.6220,0.0000,951.8220,200.3020,135.5390,0.0000,0.0000,1515.3560
3365,0,3,0,62.1970,167.2560,0.0000,945.7970,194.8990,136.5110,0.0000,0.0000,1506.6600
3366,1,3,1,62.9050,168.7010,0.0000,947.1010,194.4130,134.8000,0.0000,0.0000,1507.9200
3367,1,3,0,61.8580,165.9070,0.0000,943.8580,194.5050,138.4560,0.0000,0.0000,1504.5840
3368,1,3,1,60.5170,165.1630,0.0000,956.7260,194.8740,136.4310,0.0000,0.0000,1513.7110
3369,1,3,1,62.1730,166.5970,0.0000,942.7200,191.6430,135.1140,0.0000,0.0000,1498.2470
3370,1,3,1,61.4840,166.9230,0.0000,1016.8000,207.5080,138.7380,0.0000,0.0000,1591.4530
3371,1,3,1,64.6280,168.8300,0.0000,944.1840,196.5540,136.2280,0.0000,0.0000,1510.4240
3372,1,3,1,64.1540,166.4310,0.0000,956.7380,195.2980,135.6740,0.0000,0.0000,1518.2950
3373,1,3,1,62.7510,166.1660,0.0000,944.3510,195.3410,133.8400,0.0000,0.0000,1502.4490
3374,1,3,1,62.1480,166.0000,0.0000,943.9200,194.5230,135.5750,0.0000,0.0000,1502.1660
3375,1,3,1,62.6710,167.1200,0.0000,955.8890,197.3720,133.6430,0.0000,0.0000,1516.6950
3376,1,3,0,63.4160,166.8920,0.0000,942.7690,192.8730,143.5070,0.0000,0.0000,1509.4570
3377,1,3,1,62.3440,171.0090,0.0000,944.3750,196.6960,135.1450,0.0000,0.0000,1509.5690
3378,1,3,1,62.2460,168.1050,0.0000,943.9380,194.7380,136.0310,0.0000,0.0000,1505.0580
3379,1,3,1,61.7350,167.3040,0.0000,955.8830,193.9510,135.4650,0.0000,0.0000,1514.3380
3380,1,3,0,61.6610,164.0190,0.0000,942.9720,195.3110,137.2250,0.0000,0.0000,1501.1880
3381,1,3,1,61.5010,166.0300,0.0000,944.5290,192.8620,133.7730,0.0000,0.0000,1498.6950
3382,1,3,1,62.6280,168.6640,0.0000,941.9570,192.1480,134.3380,0.0000,0.0000,1499.7350
3383,1,3,1,61.0030,205.8650,0.0000,944.2830,199.1510,135.0760,0.0000,0.0000,1545.3780
3384,1,3,1,62.2960,165.5630,0.0000,942.9540,196.1100,135.2980,0.0000,0.0000,1502.2210
3385,1,3,1,60.5730,166.3260,0.0000,956.0370,193.5570,134.8370,0.0000,0.0000,1511.3300
3386,1,3,1,61.0400,167.7230,0.0000,945.0890,194.5050,137.1450,0.0000,0.0000,1505.5020
3387,1,3,1,61.3660,166.4860,0.0000,943.4830,195.3850,134.1480,0.0000,0.0000,1500.8680
3388,1,3,1,62.8980,165.9390,0.0000,956.0430,192.8120,135.2430,0.0000,0.0000,1512.9350
3389,1,3,1,61.5750,167.1570,0.0000,949.2860,199.8460,136.3570,0.0000,0.0000,1514.2210
3390,1,3,1,63.0220,168.7200,0.0000,944.5720,196.5970,135.3480,0.0000,0.0000,1508.2590
3391,1,3,1,62.7640,167.3790,0.0000,957.6550,197.2490,136.1970,0.0000,0.0000,1521.2440
3392,1,3,1,60.7010,165.8890,0.0000,945.7660,193.6120,135.0580,0.0000,0.0000,1501.0260
3393,1,3,1,60.9100,165.4900,0.0000,942.0800,193.7110,136.8730,0.0000,0.0000,1499.0640
3394,1,3,1,59.7420,168.2210,0.0000,943.4090,194.1100,135.2310,0.0000,0.0000,1500.7130
3395,1,3,0,60.5850,165.2060,0.0000,948.1230,199.4340,137.0830,0.0000,0.0000,1510.4310
3396,1,3,1,62.3320,170.4800,0.0000,946.9970,195.3100,135.9080,0.0000,0.0000,1511.0270
3397,1,3,1,62.6590,167.8830,0.0000,943.9690,196.8980,134.5540,0.0000,0.0000,1505.9630
3398,1,3,1,61.4220,165.9070,0.0000,954.3130,195.7530,135.0710,0.0000,0.0000,1512.4660
3399,1,3,1,62.7260,165.1260,0.0000,940.8920,194.8310,134.9470,0.0000,0.0000,1498.5220
3400,1,3,1,62.0680,167.3230,0.0000,941.1010,194.0370,133.6500,0.0000,0.0000,1498.1790
3401,1,3,1,60.9110,167.3530,0.0000,968.5170,203.7600,136.1050,0.0000,0.0000,1536.6460
3402,0,3,0,62.0060,168.9300,0.0000,945.6120,194.8430,134.4550,0.0000,0.0000,1505.8460
3403,1,3,1,62.2210,165.7600,0.0000,949.9820,196.7630,134.5970,0.0000,0.0000,1509.3230
3404,1,3,1,62.7320,164.4060,0.0000,943.7970,195.4710,133.3600,0.0000,0.0000,1499.7660
3405,0,3,0,61.1260,166.5970,0.0000,958.5040,194.6770,134.9230,0.0000,0.0000,1515.8270
3406,1,3,1,62.3630,165.5760,0.0000,955.8030,196.0180,134.6150,0.0000,0.0000,1514.3750
3407,1,3,1,61.2860,165.0890,0.0000,956.3690,194.5100,192.4800,0.0000,0.0000,1569.7340
3408,1,3,1,63.3910,170.6100,0.0000,957.7790,198.6710,138.1230,0.0000,0.0000,1528.5740
3409,1,3,1,64.0490,167.6120,0.0000,946.6270,197.0160,135.1320,0.0000,0.0000,1510.4360
3410,0,3,0,64.4550,166.2900,0.0000,943.8830,196.2770,135.8030,0.0000,0.0000,1506.7080
3411,1,3,1,61.4950,165.4960,0.0000,942.3200,193.1080,131.7230,0.0000,0.0000,1494.1420
3412,1,3,1,61.3230,166.4860,0.0000,942.4490,195.0710,134.6650,0.0000,0.0000,1499.9940
3413,1,3,1,62.4620,166.1780,0.0000,944.4980,192.0240,133.7290,0.0000,0.0000,1498.8910
3414,0,3,0,62.1780,205.1140,0.0000,958.8000,197.9200,136.1040,0.0000,0.0000,1560.1160
3415,1,3,1,61.6920,164.1720,0.0000,943.8710,197.7480,135.1260,0.0000,0.0000,1502.6090
3416,0,3,0,60.5480,166.6270,0.0000,956.4190,195.0210,134.2340,0.0000,0.0000,1512.8490
3417,1,3,1,61.5880,165.4520,0.0000,946.0550,194.7940,137.4270,0.0000,0.0000,1505.3160
3418,1,3,1,61.5380,166.7570,0.0000,955.5810,194.9720,134.7070,0.0000,0.0000,1513.5550
3419,1,3,1,60.5540,164.2090,0.0000,956.7080,191.8220,133.4280,0.0000,0.0000,1506.7210
3420,1,3,1,60.6160,165.7660,0.0000,944.4250,202.6650,136.1290,0.0000,0.0000,1509.6010
3421,1,3,1,61.8650,168.3810,0.0000,944.1410,195.6560,135.9570,0.0000,0.0000,1506.0000
3422,1,3,1,64.3630,167.3360,0.0000,943.2430,195.3900,136.0980,0.0000,0.0000,1506.4300
3423,0,3,1,61.6370,162.5170,0.0000,942.2590,192.4860,136.2520,0.0000,0.0000,1495.1510
3424,1,3,1,60.7560,166.0240,0.0000,957.5320,193.3790,134.0610,0.0000,0.0000,1511.7520
3425,1,3,1,60.0490,164.3500,0.0000,956.9170,197.3970,136.0740,0.0000,0.0000,1514.7870
3426,1,3,1,61.6550,163.6430,0.0000,945.8890,198.9970,138.4860,0.0000,0.0000,1508.6700
3427,0,3,0,61.4520,166.8980,0.0000,948.6710,196.7080,136.8060,0.0000,0.0000,1510.5350
3428,1,3,1,61.8580,165.6560,0.0000,943.6490,193.8710,134.6700,0.0000,0.0000,1499.7040
3429,1,3,1,63.8030,166.4920,0.0000,943.6550,194.3820,135.0770,0.0000,0.0000,1503.4090
3430,1,3,1,61.1700,163.3170,0.0000,945.1080,193.0830,136.2270,0.0000,0.0000,1498.9050
3431,0,3,0,62.5050,165.3660,0.0000,953.1870,193.2310,134.2830,0.0000,0.0000,1508.5720
3432,1,3,1,60.3880,166.3140,0.0000,948.5350,203.2060,140.4120,0.0000,0.0000,1518.8550
3433,1,3,1,63.6610,167.4340,0.0000,945.0090,196.6830,137.4100,0.0000,0.0000,1510.1970
3434,1,3,1,65.2740,167.5750,0.0000,946.8430,194.8310,133.9080,0.0000,0.0000,1508.4310
3435,1,3,1,62.2520,168.9300,0.0000,941.8580,196.3700,136.2330,0.0000,0.0000,1505.6430
3436,1,3,1,61.1010,167.2430,0.0000,941.5130,195.1140,134.8680,0.0000,0.0000,1499.8390
3437,1,3,1,60.4680,165.9760,0.0000,944.4740,196.9660,136.2520,0.0000,0.0000,1504.1360
3438,1,3,1,62.6640,165.7300,0.0000,942.9410,192.4920,368.2150,0.0000,0.0000,1732.0420
3439,1,3,1,69.3040,192.4000,0.0000,952.8610,208.1050,145.0890,0.0000,0.0000,1567.7590
3440,0,3,0,63.3290,173.2370,0.0000,944.7130,196.4920,139.5070,0.0000,0.0000,1517.2780
3441,1,3,1,62.8000,170.6520,0.0000,958.3880,195.7420,136.2400,0.0000,0.0000,1523.8220
3442,1,3,1,62.2460,167.3790,0.0000,942.9720,196.6770,134.9660,0.0000,0.0000,1504.2400
3443,1,3,1,61.7100,168.2830,0.0000,945.3540,195.0090,133.7360,0.0000,0.0000,1504.0920
