

================================================================
== Vitis HLS Report for 'attention_active13'
================================================================
* Date:           Fri Jul  3 13:39:48 2026

* Version:        2022.2 (Build 3670227 on Oct 13 2022)
* Project:        q16_esla_k13_csynth
* Solution:       solution1 (Vivado IP Flow Target)
* Product family: zynq
* Target device:  xc7z020-clg400-1


================================================================
== Performance Estimates
================================================================
+ Timing: 
    * Summary: 
    +--------+----------+----------+------------+
    |  Clock |  Target  | Estimated| Uncertainty|
    +--------+----------+----------+------------+
    |ap_clk  |  10.00 ns|  7.605 ns|     2.70 ns|
    +--------+----------+----------+------------+

+ Latency: 
    * Summary: 
    +---------+---------+----------+----------+-------+-------+---------+
    |  Latency (cycles) |  Latency (absolute) |    Interval   | Pipeline|
    |   min   |   max   |    min   |    max   |  min  |  max  |   Type  |
    +---------+---------+----------+----------+-------+-------+---------+
    |    22298|    22298|  0.223 ms|  0.223 ms|  22298|  22298|       no|
    +---------+---------+----------+----------+-------+-------+---------+

    + Detail: 
        * Instance: 
        +-------------------------------------------------------------------------------------------+--------------------------------------------------------------------------------+---------+---------+-----------+-----------+------+------+---------+
        |                                                                                           |                                                                                |  Latency (cycles) |   Latency (absolute)  |   Interval  | Pipeline|
        |                                          Instance                                         |                                     Module                                     |   min   |   max   |    min    |    max    |  min |  max |   Type  |
        +-------------------------------------------------------------------------------------------+--------------------------------------------------------------------------------+---------+---------+-----------+-----------+------+------+---------+
        |grp_attention_active13_Pipeline_VITIS_LOOP_103_4_VITIS_LOOP_104_5_VITIS_LOOP_106_6_fu_308  |attention_active13_Pipeline_VITIS_LOOP_103_4_VITIS_LOOP_104_5_VITIS_LOOP_106_6  |     3335|     3335|  33.350 us|  33.350 us|  3335|  3335|       no|
        |grp_attention_active13_Pipeline_VITIS_LOOP_91_3_fu_316                                     |attention_active13_Pipeline_VITIS_LOOP_91_3                                     |       21|       21|   0.210 us|   0.210 us|    21|    21|       no|
        |grp_attention_active13_Pipeline_VITIS_LOOP_117_8_fu_330                                    |attention_active13_Pipeline_VITIS_LOOP_117_8                                    |       16|       16|   0.160 us|   0.160 us|    16|    16|       no|
        |grp_attention_active13_Pipeline_VITIS_LOOP_126_10_fu_338                                   |attention_active13_Pipeline_VITIS_LOOP_126_10                                   |       21|       21|   0.210 us|   0.210 us|    21|    21|       no|
        |grp_attention_active13_Pipeline_VITIS_LOOP_133_11_VITIS_LOOP_135_12_fu_346                 |attention_active13_Pipeline_VITIS_LOOP_133_11_VITIS_LOOP_135_12                 |      265|      265|   2.650 us|   2.650 us|   265|   265|       no|
        |grp_attention_active13_Pipeline_VITIS_LOOP_144_14_fu_355                                   |attention_active13_Pipeline_VITIS_LOOP_144_14                                   |       22|       22|   0.220 us|   0.220 us|    22|    22|       no|
        +-------------------------------------------------------------------------------------------+--------------------------------------------------------------------------------+---------+---------+-----------+-----------+------+------+---------+

        * Loop: 
        +-----------------------------------+---------+---------+----------+-----------+-----------+------+----------+
        |                                   |  Latency (cycles) | Iteration|  Initiation Interval  | Trip |          |
        |             Loop Name             |   min   |   max   |  Latency |  achieved |   target  | Count| Pipelined|
        +-----------------------------------+---------+---------+----------+-----------+-----------+------+----------+
        |- VITIS_LOOP_87_1_VITIS_LOOP_88_2  |     9152|     9152|        44|          -|          -|   208|        no|
        |- VITIS_LOOP_115_7                 |      304|      304|        19|          -|          -|    16|        no|
        |- VITIS_LOOP_124_9                 |     9503|     9503|       731|          -|          -|    13|        no|
        | + VITIS_LOOP_142_13               |      416|      416|        26|          -|          -|    16|        no|
        +-----------------------------------+---------+---------+----------+-----------+-----------+------+----------+

============================================================
+ Verbose Summary: Synthesis Manager
============================================================
InlineROM: 1
ExposeGlobal: 0
============================================================
+ Verbose Summary: CDFG Model
============================================================
IsTopModel: 0
ResetActiveHigh: 1
IsCombinational: 0
IsDatapathOnly: 0
HasWiredReturn: 1
HasMFsm: 0
HasVarLatency: 1
IsPipeline: 0
IsRtlPipelined: 0
IsInstanceOverlapped: 0
IsDontTouch: 0
HasImplIP: 0
IsGatedGlobalClock: 0


============================================================
+ Verbose Summary: Schedule
============================================================
* Number of FSM states : 60
* Pipeline : 0
* Dataflow Pipeline: 0

* FSM state transitions: 
1 --> 2 
2 --> 3 25 
3 --> 4 
4 --> 5 
5 --> 6 
6 --> 7 
7 --> 8 
8 --> 9 
9 --> 10 
10 --> 11 
11 --> 12 
12 --> 13 
13 --> 14 
14 --> 15 
15 --> 16 
16 --> 17 
17 --> 18 
18 --> 19 
19 --> 20 
20 --> 21 
21 --> 22 
22 --> 23 
23 --> 24 
24 --> 2 
25 --> 26 
26 --> 27 29 
27 --> 28 
28 --> 26 
29 --> 30 
30 --> 31 
31 --> 32 
32 --> 33 
33 --> 34 
34 --> 35 
35 --> 36 
36 --> 37 
37 --> 38 
38 --> 39 
39 --> 40 
40 --> 41 
41 --> 42 
42 --> 43 
43 --> 44 
44 --> 45 
45 --> 46 
46 --> 47 
47 --> 48 
48 --> 49 
49 --> 50 
50 --> 51 
51 --> 52 
52 --> 53 
53 --> 54 
54 --> 55 
55 --> 56 
56 --> 57 
57 --> 58 29 
58 --> 59 
59 --> 60 
60 --> 57 

* FSM state operations: 

State 1 <SV = 0> <Delay = 3.25>
ST_1 : Operation 61 [1/1] (0.00ns)   --->   "%d = alloca i32 1"   --->   Operation 61 'alloca' 'd' <Predicate = true> <Delay = 0.00>
ST_1 : Operation 62 [1/1] (0.00ns)   --->   "%a = alloca i32 1"   --->   Operation 62 'alloca' 'a' <Predicate = true> <Delay = 0.00>
ST_1 : Operation 63 [1/1] (0.00ns)   --->   "%indvar_flatten = alloca i32 1"   --->   Operation 63 'alloca' 'indvar_flatten' <Predicate = true> <Delay = 0.00>
ST_1 : Operation 64 [1/1] (0.00ns)   --->   "%normalizer_V_2_loc = alloca i64 1"   --->   Operation 64 'alloca' 'normalizer_V_2_loc' <Predicate = true> <Delay = 0.00>
ST_1 : Operation 65 [1/1] (0.00ns)   --->   "%sum_V_loc = alloca i64 1"   --->   Operation 65 'alloca' 'sum_V_loc' <Predicate = true> <Delay = 0.00>
ST_1 : Operation 66 [1/1] (0.00ns)   --->   "%phi_ln818_1_loc = alloca i64 1"   --->   Operation 66 'alloca' 'phi_ln818_1_loc' <Predicate = true> <Delay = 0.00>
ST_1 : Operation 67 [1/1] (0.00ns)   --->   "%x_V_loc = alloca i64 1"   --->   Operation 67 'alloca' 'x_V_loc' <Predicate = true> <Delay = 0.00>
ST_1 : Operation 68 [1/1] (3.25ns)   --->   "%Q_V = alloca i64 1" [/home/cym/prj2/finn/notebooks/icl_thesis-master/real_event_sparse/hls/q16_esla_k13/src/q16_esla_k13.cpp:83]   --->   Operation 68 'alloca' 'Q_V' <Predicate = true> <Delay = 3.25> <CoreInst = "RAM">   --->   Core 82 'RAM' <Latency = 1> <II = 1> <Delay = 3.25> <Storage> <Opcode : 'load' 'store'> <Ports = 2> <Width = 16> <Depth = 208> <RAM>
ST_1 : Operation 69 [1/1] (3.25ns)   --->   "%V_V = alloca i64 1" [/home/cym/prj2/finn/notebooks/icl_thesis-master/real_event_sparse/hls/q16_esla_k13/src/q16_esla_k13.cpp:84]   --->   Operation 69 'alloca' 'V_V' <Predicate = true> <Delay = 3.25> <CoreInst = "RAM">   --->   Core 82 'RAM' <Latency = 1> <II = 1> <Delay = 3.25> <Storage> <Opcode : 'load' 'store'> <Ports = 2> <Width = 16> <Depth = 208> <RAM>
ST_1 : Operation 70 [1/1] (3.25ns)   --->   "%KV_V = alloca i64 1" [/home/cym/prj2/finn/notebooks/icl_thesis-master/real_event_sparse/hls/q16_esla_k13/src/q16_esla_k13.cpp:102]   --->   Operation 70 'alloca' 'KV_V' <Predicate = true> <Delay = 3.25>
ST_1 : Operation 71 [1/1] (2.32ns)   --->   "%K_sum_V = alloca i64 1" [/home/cym/prj2/finn/notebooks/icl_thesis-master/real_event_sparse/hls/q16_esla_k13/src/q16_esla_k13.cpp:114]   --->   Operation 71 'alloca' 'K_sum_V' <Predicate = true> <Delay = 2.32> <CoreInst = "RAM">   --->   Core 82 'RAM' <Latency = 1> <II = 1> <Delay = 2.32> <Storage> <Opcode : 'load' 'store'> <Ports = 2> <Width = 16> <Depth = 16> <RAM>
ST_1 : Operation 72 [1/1] (2.32ns)   --->   "%attended_V = alloca i64 1" [/home/cym/prj2/finn/notebooks/icl_thesis-master/real_event_sparse/hls/q16_esla_k13/src/q16_esla_k13.cpp:132]   --->   Operation 72 'alloca' 'attended_V' <Predicate = true> <Delay = 2.32>
ST_1 : Operation 73 [1/1] (1.58ns)   --->   "%store_ln87 = store i8 0, i8 %indvar_flatten" [/home/cym/prj2/finn/notebooks/icl_thesis-master/real_event_sparse/hls/q16_esla_k13/src/q16_esla_k13.cpp:87]   --->   Operation 73 'store' 'store_ln87' <Predicate = true> <Delay = 1.58>
ST_1 : Operation 74 [1/1] (1.58ns)   --->   "%store_ln87 = store i4 0, i4 %a" [/home/cym/prj2/finn/notebooks/icl_thesis-master/real_event_sparse/hls/q16_esla_k13/src/q16_esla_k13.cpp:87]   --->   Operation 74 'store' 'store_ln87' <Predicate = true> <Delay = 1.58>
ST_1 : Operation 75 [1/1] (1.58ns)   --->   "%store_ln87 = store i5 0, i5 %d" [/home/cym/prj2/finn/notebooks/icl_thesis-master/real_event_sparse/hls/q16_esla_k13/src/q16_esla_k13.cpp:87]   --->   Operation 75 'store' 'store_ln87' <Predicate = true> <Delay = 1.58>
ST_1 : Operation 76 [1/1] (0.00ns)   --->   "%br_ln87 = br void %for.body25" [/home/cym/prj2/finn/notebooks/icl_thesis-master/real_event_sparse/hls/q16_esla_k13/src/q16_esla_k13.cpp:87]   --->   Operation 76 'br' 'br_ln87' <Predicate = true> <Delay = 0.00>

State 2 <SV = 1> <Delay = 4.34>
ST_2 : Operation 77 [1/1] (0.00ns)   --->   "%indvar_flatten_load = load i8 %indvar_flatten" [/home/cym/prj2/finn/notebooks/icl_thesis-master/real_event_sparse/hls/q16_esla_k13/src/q16_esla_k13.cpp:87]   --->   Operation 77 'load' 'indvar_flatten_load' <Predicate = true> <Delay = 0.00>
ST_2 : Operation 78 [1/1] (1.55ns)   --->   "%icmp_ln87 = icmp_eq  i8 %indvar_flatten_load, i8 208" [/home/cym/prj2/finn/notebooks/icl_thesis-master/real_event_sparse/hls/q16_esla_k13/src/q16_esla_k13.cpp:87]   --->   Operation 78 'icmp' 'icmp_ln87' <Predicate = true> <Delay = 1.55> <CoreInst = "Cmp">   --->   Core 9 'Cmp' <Latency = 0> <II = 1> <Delay = 1.55> <FuncUnit> <Opcode : 'icmp'> <InPorts = 2> <OutPorts = 1>
ST_2 : Operation 79 [1/1] (1.91ns)   --->   "%add_ln87_1 = add i8 %indvar_flatten_load, i8 1" [/home/cym/prj2/finn/notebooks/icl_thesis-master/real_event_sparse/hls/q16_esla_k13/src/q16_esla_k13.cpp:87]   --->   Operation 79 'add' 'add_ln87_1' <Predicate = true> <Delay = 1.91> <CoreInst = "Adder">   --->   Core 1 'Adder' <Latency = 0> <II = 1> <Delay = 1.91> <FuncUnit> <Opcode : 'add' 'sub'> <InPorts = 2> <OutPorts = 1>
ST_2 : Operation 80 [1/1] (0.00ns)   --->   "%br_ln87 = br i1 %icmp_ln87, void %for.inc53, void %for.body81.preheader" [/home/cym/prj2/finn/notebooks/icl_thesis-master/real_event_sparse/hls/q16_esla_k13/src/q16_esla_k13.cpp:87]   --->   Operation 80 'br' 'br_ln87' <Predicate = true> <Delay = 0.00>
ST_2 : Operation 81 [1/1] (0.00ns)   --->   "%d_load = load i5 %d" [/home/cym/prj2/finn/notebooks/icl_thesis-master/real_event_sparse/hls/q16_esla_k13/src/q16_esla_k13.cpp:88]   --->   Operation 81 'load' 'd_load' <Predicate = (!icmp_ln87)> <Delay = 0.00>
ST_2 : Operation 82 [1/1] (0.00ns)   --->   "%a_load = load i4 %a" [/home/cym/prj2/finn/notebooks/icl_thesis-master/real_event_sparse/hls/q16_esla_k13/src/q16_esla_k13.cpp:87]   --->   Operation 82 'load' 'a_load' <Predicate = (!icmp_ln87)> <Delay = 0.00>
ST_2 : Operation 83 [1/1] (1.73ns)   --->   "%add_ln87 = add i4 %a_load, i4 1" [/home/cym/prj2/finn/notebooks/icl_thesis-master/real_event_sparse/hls/q16_esla_k13/src/q16_esla_k13.cpp:87]   --->   Operation 83 'add' 'add_ln87' <Predicate = (!icmp_ln87)> <Delay = 1.73> <CoreInst = "Adder">   --->   Core 1 'Adder' <Latency = 0> <II = 1> <Delay = 1.73> <FuncUnit> <Opcode : 'add' 'sub'> <InPorts = 2> <OutPorts = 1>
ST_2 : Operation 84 [1/1] (1.36ns)   --->   "%icmp_ln88 = icmp_eq  i5 %d_load, i5 16" [/home/cym/prj2/finn/notebooks/icl_thesis-master/real_event_sparse/hls/q16_esla_k13/src/q16_esla_k13.cpp:88]   --->   Operation 84 'icmp' 'icmp_ln88' <Predicate = (!icmp_ln87)> <Delay = 1.36> <CoreInst = "Cmp">   --->   Core 9 'Cmp' <Latency = 0> <II = 1> <Delay = 1.36> <FuncUnit> <Opcode : 'icmp'> <InPorts = 2> <OutPorts = 1>
ST_2 : Operation 85 [1/1] (1.02ns)   --->   "%select_ln87_1 = select i1 %icmp_ln88, i4 %add_ln87, i4 %a_load" [/home/cym/prj2/finn/notebooks/icl_thesis-master/real_event_sparse/hls/q16_esla_k13/src/q16_esla_k13.cpp:87]   --->   Operation 85 'select' 'select_ln87_1' <Predicate = (!icmp_ln87)> <Delay = 1.02> <CoreInst = "Sel">   --->   Core 73 'Sel' <Latency = 0> <II = 1> <Delay = 1.02> <FuncUnit> <Opcode : 'select'> <InPorts = 3> <OutPorts = 1>
ST_2 : Operation 86 [1/1] (1.58ns)   --->   "%store_ln88 = store i8 %add_ln87_1, i8 %indvar_flatten" [/home/cym/prj2/finn/notebooks/icl_thesis-master/real_event_sparse/hls/q16_esla_k13/src/q16_esla_k13.cpp:88]   --->   Operation 86 'store' 'store_ln88' <Predicate = (!icmp_ln87)> <Delay = 1.58>
ST_2 : Operation 87 [1/1] (1.58ns)   --->   "%store_ln88 = store i4 %select_ln87_1, i4 %a" [/home/cym/prj2/finn/notebooks/icl_thesis-master/real_event_sparse/hls/q16_esla_k13/src/q16_esla_k13.cpp:88]   --->   Operation 87 'store' 'store_ln88' <Predicate = (!icmp_ln87)> <Delay = 1.58>
ST_2 : Operation 88 [1/1] (0.00ns)   --->   "%d_7 = alloca i32 1"   --->   Operation 88 'alloca' 'd_7' <Predicate = (icmp_ln87)> <Delay = 0.00>
ST_2 : Operation 89 [2/2] (0.00ns)   --->   "%call_ln0 = call void @attention_active13_Pipeline_VITIS_LOOP_103_4_VITIS_LOOP_104_5_VITIS_LOOP_106_6, i16 %KV_V, i16 %phi_k_active, i16 %V_V"   --->   Operation 89 'call' 'call_ln0' <Predicate = (icmp_ln87)> <Delay = 0.00> <CoreType = "Generic">   --->   Core 0 '' <Latency = 0> <II = 1> <Delay = 1.00> <Generic> <Opcode : >
ST_2 : Operation 90 [1/1] (1.58ns)   --->   "%store_ln115 = store i5 0, i5 %d_7" [/home/cym/prj2/finn/notebooks/icl_thesis-master/real_event_sparse/hls/q16_esla_k13/src/q16_esla_k13.cpp:115]   --->   Operation 90 'store' 'store_ln115' <Predicate = (icmp_ln87)> <Delay = 1.58>

State 3 <SV = 2> <Delay = 6.38>
ST_3 : Operation 91 [1/1] (1.21ns)   --->   "%select_ln87 = select i1 %icmp_ln88, i5 0, i5 %d_load" [/home/cym/prj2/finn/notebooks/icl_thesis-master/real_event_sparse/hls/q16_esla_k13/src/q16_esla_k13.cpp:87]   --->   Operation 91 'select' 'select_ln87' <Predicate = true> <Delay = 1.21> <CoreInst = "Sel">   --->   Core 73 'Sel' <Latency = 0> <II = 1> <Delay = 1.21> <FuncUnit> <Opcode : 'select'> <InPorts = 3> <OutPorts = 1>
ST_3 : Operation 92 [1/1] (0.00ns)   --->   "%tmp_s = bitconcatenate i8 @_ssdm_op_BitConcatenate.i8.i4.i4, i4 %select_ln87_1, i4 0" [/home/cym/prj2/finn/notebooks/icl_thesis-master/real_event_sparse/hls/q16_esla_k13/src/q16_esla_k13.cpp:93]   --->   Operation 92 'bitconcatenate' 'tmp_s' <Predicate = true> <Delay = 0.00>
ST_3 : Operation 93 [1/1] (0.00ns)   --->   "%zext_ln97 = zext i5 %select_ln87" [/home/cym/prj2/finn/notebooks/icl_thesis-master/real_event_sparse/hls/q16_esla_k13/src/q16_esla_k13.cpp:97]   --->   Operation 93 'zext' 'zext_ln97' <Predicate = true> <Delay = 0.00>
ST_3 : Operation 94 [1/1] (1.91ns)   --->   "%add_ln97 = add i8 %tmp_s, i8 %zext_ln97" [/home/cym/prj2/finn/notebooks/icl_thesis-master/real_event_sparse/hls/q16_esla_k13/src/q16_esla_k13.cpp:97]   --->   Operation 94 'add' 'add_ln97' <Predicate = true> <Delay = 1.91> <CoreInst = "Adder">   --->   Core 1 'Adder' <Latency = 0> <II = 1> <Delay = 1.91> <FuncUnit> <Opcode : 'add' 'sub'> <InPorts = 2> <OutPorts = 1>
ST_3 : Operation 95 [1/1] (0.00ns)   --->   "%empty_96 = trunc i5 %select_ln87" [/home/cym/prj2/finn/notebooks/icl_thesis-master/real_event_sparse/hls/q16_esla_k13/src/q16_esla_k13.cpp:87]   --->   Operation 95 'trunc' 'empty_96' <Predicate = true> <Delay = 0.00>
ST_3 : Operation 96 [1/1] (0.00ns)   --->   "%tmp_72 = bitconcatenate i8 @_ssdm_op_BitConcatenate.i8.i4.i4, i4 %empty_96, i4 0" [/home/cym/prj2/finn/notebooks/icl_thesis-master/real_event_sparse/hls/q16_esla_k13/src/q16_esla_k13.cpp:87]   --->   Operation 96 'bitconcatenate' 'tmp_72' <Predicate = true> <Delay = 0.00>
ST_3 : Operation 97 [2/2] (5.16ns)   --->   "%call_ln93 = call void @attention_active13_Pipeline_VITIS_LOOP_91_3, i8 %tmp_s, i16 %x_active, i8 %tmp_72, i16 %x_V_loc, i16 %phi_ln818_1_loc, i12 %layers_0_attention_query_weight_V, i10 %layers_0_attention_value_weight_V" [/home/cym/prj2/finn/notebooks/icl_thesis-master/real_event_sparse/hls/q16_esla_k13/src/q16_esla_k13.cpp:93]   --->   Operation 97 'call' 'call_ln93' <Predicate = true> <Delay = 5.16> <CoreType = "Generic">   --->   Core 0 '' <Latency = 0> <II = 1> <Delay = 1.00> <Generic> <Opcode : >
ST_3 : Operation 98 [1/1] (1.78ns)   --->   "%add_ln88 = add i5 %select_ln87, i5 1" [/home/cym/prj2/finn/notebooks/icl_thesis-master/real_event_sparse/hls/q16_esla_k13/src/q16_esla_k13.cpp:88]   --->   Operation 98 'add' 'add_ln88' <Predicate = true> <Delay = 1.78> <CoreInst = "Adder">   --->   Core 1 'Adder' <Latency = 0> <II = 1> <Delay = 1.78> <FuncUnit> <Opcode : 'add' 'sub'> <InPorts = 2> <OutPorts = 1>
ST_3 : Operation 99 [1/1] (1.58ns)   --->   "%store_ln88 = store i5 %add_ln88, i5 %d" [/home/cym/prj2/finn/notebooks/icl_thesis-master/real_event_sparse/hls/q16_esla_k13/src/q16_esla_k13.cpp:88]   --->   Operation 99 'store' 'store_ln88' <Predicate = true> <Delay = 1.58>

State 4 <SV = 3> <Delay = 0.00>
ST_4 : Operation 100 [1/2] (0.00ns)   --->   "%call_ln93 = call void @attention_active13_Pipeline_VITIS_LOOP_91_3, i8 %tmp_s, i16 %x_active, i8 %tmp_72, i16 %x_V_loc, i16 %phi_ln818_1_loc, i12 %layers_0_attention_query_weight_V, i10 %layers_0_attention_value_weight_V" [/home/cym/prj2/finn/notebooks/icl_thesis-master/real_event_sparse/hls/q16_esla_k13/src/q16_esla_k13.cpp:93]   --->   Operation 100 'call' 'call_ln93' <Predicate = true> <Delay = 0.00> <CoreType = "Generic">   --->   Core 0 '' <Latency = 0> <II = 1> <Delay = 1.00> <Generic> <Opcode : >

State 5 <SV = 4> <Delay = 4.62>
ST_5 : Operation 101 [1/1] (0.00ns)   --->   "%x_V_loc_load = load i16 %x_V_loc"   --->   Operation 101 'load' 'x_V_loc_load' <Predicate = true> <Delay = 0.00>
ST_5 : Operation 102 [1/1] (0.00ns)   --->   "%tmp = bitselect i1 @_ssdm_op_BitSelect.i1.i16.i32, i16 %x_V_loc_load, i32 15"   --->   Operation 102 'bitselect' 'tmp' <Predicate = true> <Delay = 0.00>
ST_5 : Operation 103 [1/1] (2.07ns)   --->   "%tmp_V_7 = sub i16 0, i16 %x_V_loc_load"   --->   Operation 103 'sub' 'tmp_V_7' <Predicate = true> <Delay = 2.07> <CoreInst = "Adder">   --->   Core 1 'Adder' <Latency = 0> <II = 1> <Delay = 2.07> <FuncUnit> <Opcode : 'add' 'sub'> <InPorts = 2> <OutPorts = 1>
ST_5 : Operation 104 [1/1] (0.00ns)   --->   "%p_Result_s = partselect i16 @llvm.part.select.i16, i16 %tmp_V_7, i32 15, i32 0"   --->   Operation 104 'partselect' 'p_Result_s' <Predicate = true> <Delay = 0.00>
ST_5 : Operation 105 [1/1] (0.00ns)   --->   "%p_Result_54 = bitconcatenate i17 @_ssdm_op_BitConcatenate.i17.i1.i16, i1 1, i16 %p_Result_s"   --->   Operation 105 'bitconcatenate' 'p_Result_54' <Predicate = true> <Delay = 0.00>
ST_5 : Operation 106 [1/1] (0.00ns)   --->   "%sext_ln1198 = sext i17 %p_Result_54"   --->   Operation 106 'sext' 'sext_ln1198' <Predicate = true> <Delay = 0.00>
ST_5 : Operation 107 [1/1] (0.00ns)   --->   "%l = cttz i32 @llvm.cttz.i32, i32 %sext_ln1198, i1 1"   --->   Operation 107 'cttz' 'l' <Predicate = true> <Delay = 0.00>
ST_5 : Operation 108 [1/1] (2.55ns)   --->   "%sub_ln1099 = sub i32 16, i32 %l"   --->   Operation 108 'sub' 'sub_ln1099' <Predicate = true> <Delay = 2.55> <CoreInst = "Adder">   --->   Core 1 'Adder' <Latency = 0> <II = 1> <Delay = 2.55> <FuncUnit> <Opcode : 'add' 'sub'> <InPorts = 2> <OutPorts = 1>
ST_5 : Operation 109 [1/1] (0.00ns)   --->   "%trunc_ln1099 = trunc i32 %sub_ln1099"   --->   Operation 109 'trunc' 'trunc_ln1099' <Predicate = true> <Delay = 0.00>
ST_5 : Operation 110 [1/1] (0.00ns)   --->   "%trunc_ln1102 = trunc i32 %sub_ln1099"   --->   Operation 110 'trunc' 'trunc_ln1102' <Predicate = true> <Delay = 0.00>
ST_5 : Operation 111 [1/1] (0.00ns)   --->   "%trunc_ln1098 = trunc i32 %l"   --->   Operation 111 'trunc' 'trunc_ln1098' <Predicate = true> <Delay = 0.00>

State 6 <SV = 5> <Delay = 6.00>
ST_6 : Operation 112 [1/1] (2.55ns)   --->   "%lsb_index = add i32 %sub_ln1099, i32 4294967272"   --->   Operation 112 'add' 'lsb_index' <Predicate = true> <Delay = 2.55> <CoreInst = "Adder">   --->   Core 1 'Adder' <Latency = 0> <II = 1> <Delay = 2.55> <FuncUnit> <Opcode : 'add' 'sub'> <InPorts = 2> <OutPorts = 1>
ST_6 : Operation 113 [1/1] (0.00ns)   --->   "%tmp_49 = partselect i31 @_ssdm_op_PartSelect.i31.i32.i32.i32, i32 %lsb_index, i32 1, i32 31"   --->   Operation 113 'partselect' 'tmp_49' <Predicate = true> <Delay = 0.00>
ST_6 : Operation 114 [1/1] (2.47ns)   --->   "%icmp_ln1101 = icmp_sgt  i31 %tmp_49, i31 0"   --->   Operation 114 'icmp' 'icmp_ln1101' <Predicate = true> <Delay = 2.47> <CoreInst = "Cmp">   --->   Core 9 'Cmp' <Latency = 0> <II = 1> <Delay = 2.47> <FuncUnit> <Opcode : 'icmp'> <InPorts = 2> <OutPorts = 1>
ST_6 : Operation 115 [1/1] (1.73ns)   --->   "%sub_ln1102 = sub i4 9, i4 %trunc_ln1102"   --->   Operation 115 'sub' 'sub_ln1102' <Predicate = true> <Delay = 1.73> <CoreInst = "Adder">   --->   Core 1 'Adder' <Latency = 0> <II = 1> <Delay = 1.73> <FuncUnit> <Opcode : 'add' 'sub'> <InPorts = 2> <OutPorts = 1>
ST_6 : Operation 116 [1/1] (0.00ns) (grouped into LUT with out node icmp_ln1102)   --->   "%zext_ln1102 = zext i4 %sub_ln1102"   --->   Operation 116 'zext' 'zext_ln1102' <Predicate = true> <Delay = 0.00>
ST_6 : Operation 117 [1/1] (0.00ns) (grouped into LUT with out node icmp_ln1102)   --->   "%lshr_ln1102 = lshr i16 65535, i16 %zext_ln1102"   --->   Operation 117 'lshr' 'lshr_ln1102' <Predicate = true> <Delay = 0.00> <CoreInst = "Shifter">   --->   Core 75 'Shifter' <Latency = 0> <II = 1> <Delay = 2.39> <FuncUnit> <Opcode : 'shl' 'lshr' 'ashr'> <InPorts = 2> <OutPorts = 1>
ST_6 : Operation 118 [1/1] (0.00ns) (grouped into LUT with out node icmp_ln1102)   --->   "%p_Result_39 = and i16 %lshr_ln1102, i16 %tmp_V_7"   --->   Operation 118 'and' 'p_Result_39' <Predicate = true> <Delay = 0.00> <CoreInst = "LogicGate">   --->   Core 74 'LogicGate' <Latency = 0> <II = 1> <Delay = 0.99> <FuncUnit> <Opcode : 'and' 'or' 'xor'> <InPorts = 2> <OutPorts = 1>
ST_6 : Operation 119 [1/1] (2.42ns) (out node of the LUT)   --->   "%icmp_ln1102 = icmp_ne  i16 %p_Result_39, i16 0"   --->   Operation 119 'icmp' 'icmp_ln1102' <Predicate = true> <Delay = 2.42> <CoreInst = "Cmp">   --->   Core 9 'Cmp' <Latency = 0> <II = 1> <Delay = 2.42> <FuncUnit> <Opcode : 'icmp'> <InPorts = 2> <OutPorts = 1>
ST_6 : Operation 120 [1/1] (0.00ns) (grouped into LUT with out node or_ln)   --->   "%a_8 = and i1 %icmp_ln1101, i1 %icmp_ln1102"   --->   Operation 120 'and' 'a_8' <Predicate = true> <Delay = 0.00> <CoreInst = "LogicGate">   --->   Core 74 'LogicGate' <Latency = 0> <II = 1> <Delay = 0.97> <FuncUnit> <Opcode : 'and' 'or' 'xor'> <InPorts = 2> <OutPorts = 1>
ST_6 : Operation 121 [1/1] (0.00ns) (grouped into LUT with out node or_ln)   --->   "%tmp_50 = bitselect i1 @_ssdm_op_BitSelect.i1.i32.i32, i32 %lsb_index, i32 31"   --->   Operation 121 'bitselect' 'tmp_50' <Predicate = true> <Delay = 0.00>
ST_6 : Operation 122 [1/1] (0.00ns) (grouped into LUT with out node or_ln)   --->   "%xor_ln1104 = xor i1 %tmp_50, i1 1"   --->   Operation 122 'xor' 'xor_ln1104' <Predicate = true> <Delay = 0.00> <CoreInst = "LogicGate">   --->   Core 74 'LogicGate' <Latency = 0> <II = 1> <Delay = 0.97> <FuncUnit> <Opcode : 'and' 'or' 'xor'> <InPorts = 2> <OutPorts = 1>
ST_6 : Operation 123 [1/1] (2.07ns)   --->   "%add_ln1104 = add i16 %trunc_ln1099, i16 65512"   --->   Operation 123 'add' 'add_ln1104' <Predicate = true> <Delay = 2.07> <CoreInst = "Adder">   --->   Core 1 'Adder' <Latency = 0> <II = 1> <Delay = 2.07> <FuncUnit> <Opcode : 'add' 'sub'> <InPorts = 2> <OutPorts = 1>
ST_6 : Operation 124 [1/1] (0.00ns) (grouped into LUT with out node or_ln)   --->   "%p_Result_40 = bitselect i1 @_ssdm_op_BitSelect.i1.i16.i16, i16 %tmp_V_7, i16 %add_ln1104"   --->   Operation 124 'bitselect' 'p_Result_40' <Predicate = true> <Delay = 0.00>
ST_6 : Operation 125 [1/1] (0.00ns) (grouped into LUT with out node or_ln)   --->   "%and_ln1104 = and i1 %p_Result_40, i1 %xor_ln1104"   --->   Operation 125 'and' 'and_ln1104' <Predicate = true> <Delay = 0.00> <CoreInst = "LogicGate">   --->   Core 74 'LogicGate' <Latency = 0> <II = 1> <Delay = 0.97> <FuncUnit> <Opcode : 'and' 'or' 'xor'> <InPorts = 2> <OutPorts = 1>
ST_6 : Operation 126 [1/1] (0.00ns) (grouped into LUT with out node or_ln)   --->   "%or_ln1104_2 = or i1 %and_ln1104, i1 %a_8"   --->   Operation 126 'or' 'or_ln1104_2' <Predicate = true> <Delay = 0.00> <CoreInst = "LogicGate">   --->   Core 74 'LogicGate' <Latency = 0> <II = 1> <Delay = 0.97> <FuncUnit> <Opcode : 'and' 'or' 'xor'> <InPorts = 2> <OutPorts = 1>
ST_6 : Operation 127 [1/1] (0.97ns) (out node of the LUT)   --->   "%or_ln = bitconcatenate i2 @_ssdm_op_BitConcatenate.i2.i1.i1, i1 0, i1 %or_ln1104_2"   --->   Operation 127 'bitconcatenate' 'or_ln' <Predicate = true> <Delay = 0.97>
ST_6 : Operation 128 [1/1] (2.47ns)   --->   "%icmp_ln1113 = icmp_sgt  i32 %lsb_index, i32 0"   --->   Operation 128 'icmp' 'icmp_ln1113' <Predicate = true> <Delay = 2.47> <CoreInst = "Cmp">   --->   Core 9 'Cmp' <Latency = 0> <II = 1> <Delay = 2.47> <FuncUnit> <Opcode : 'icmp'> <InPorts = 2> <OutPorts = 1>

State 7 <SV = 6> <Delay = 6.97>
ST_7 : Operation 129 [1/1] (0.00ns)   --->   "%zext_ln1112 = zext i16 %tmp_V_7"   --->   Operation 129 'zext' 'zext_ln1112' <Predicate = true> <Delay = 0.00>
ST_7 : Operation 130 [1/1] (2.55ns)   --->   "%add_ln1113 = add i32 %sub_ln1099, i32 4294967271"   --->   Operation 130 'add' 'add_ln1113' <Predicate = (icmp_ln1113)> <Delay = 2.55> <CoreInst = "Adder">   --->   Core 1 'Adder' <Latency = 0> <II = 1> <Delay = 2.55> <FuncUnit> <Opcode : 'add' 'sub'> <InPorts = 2> <OutPorts = 1>
ST_7 : Operation 131 [1/1] (0.00ns) (grouped into LUT with out node m_15)   --->   "%zext_ln1113 = zext i32 %add_ln1113"   --->   Operation 131 'zext' 'zext_ln1113' <Predicate = (icmp_ln1113)> <Delay = 0.00>
ST_7 : Operation 132 [1/1] (0.00ns) (grouped into LUT with out node m_15)   --->   "%lshr_ln1113 = lshr i64 %zext_ln1112, i64 %zext_ln1113"   --->   Operation 132 'lshr' 'lshr_ln1113' <Predicate = (icmp_ln1113)> <Delay = 0.00> <CoreInst = "Shifter">   --->   Core 75 'Shifter' <Latency = 0> <II = 1> <Delay = 4.42> <FuncUnit> <Opcode : 'shl' 'lshr' 'ashr'> <InPorts = 2> <OutPorts = 1>
ST_7 : Operation 133 [1/1] (2.55ns)   --->   "%sub_ln1114 = sub i32 25, i32 %sub_ln1099"   --->   Operation 133 'sub' 'sub_ln1114' <Predicate = (!icmp_ln1113)> <Delay = 2.55> <CoreInst = "Adder">   --->   Core 1 'Adder' <Latency = 0> <II = 1> <Delay = 2.55> <FuncUnit> <Opcode : 'add' 'sub'> <InPorts = 2> <OutPorts = 1>
ST_7 : Operation 134 [1/1] (0.00ns) (grouped into LUT with out node m_15)   --->   "%zext_ln1114 = zext i32 %sub_ln1114"   --->   Operation 134 'zext' 'zext_ln1114' <Predicate = (!icmp_ln1113)> <Delay = 0.00>
ST_7 : Operation 135 [1/1] (0.00ns) (grouped into LUT with out node m_15)   --->   "%shl_ln1114 = shl i64 %zext_ln1112, i64 %zext_ln1114"   --->   Operation 135 'shl' 'shl_ln1114' <Predicate = (!icmp_ln1113)> <Delay = 0.00> <CoreInst = "Shifter">   --->   Core 75 'Shifter' <Latency = 0> <II = 1> <Delay = 4.42> <FuncUnit> <Opcode : 'shl' 'lshr' 'ashr'> <InPorts = 2> <OutPorts = 1>
ST_7 : Operation 136 [1/1] (0.00ns) (grouped into LUT with out node m_15)   --->   "%m_14 = select i1 %icmp_ln1113, i64 %lshr_ln1113, i64 %shl_ln1114"   --->   Operation 136 'select' 'm_14' <Predicate = true> <Delay = 0.00> <CoreInst = "Sel">   --->   Core 73 'Sel' <Latency = 0> <II = 1> <Delay = 1.48> <FuncUnit> <Opcode : 'select'> <InPorts = 3> <OutPorts = 1>
ST_7 : Operation 137 [1/1] (0.00ns) (grouped into LUT with out node m_15)   --->   "%zext_ln1116 = zext i2 %or_ln"   --->   Operation 137 'zext' 'zext_ln1116' <Predicate = true> <Delay = 0.00>
ST_7 : Operation 138 [1/1] (4.42ns) (out node of the LUT)   --->   "%m_15 = add i64 %m_14, i64 %zext_ln1116"   --->   Operation 138 'add' 'm_15' <Predicate = true> <Delay = 4.42> <CoreInst = "Adder">   --->   Core 1 'Adder' <Latency = 0> <II = 1> <Delay = 3.52> <FuncUnit> <Opcode : 'add' 'sub'> <InPorts = 2> <OutPorts = 1>
ST_7 : Operation 139 [1/1] (0.00ns)   --->   "%m_21 = partselect i63 @_ssdm_op_PartSelect.i63.i64.i32.i32, i64 %m_15, i32 1, i32 63"   --->   Operation 139 'partselect' 'm_21' <Predicate = true> <Delay = 0.00>
ST_7 : Operation 140 [1/1] (0.00ns)   --->   "%p_Result_41 = bitselect i1 @_ssdm_op_BitSelect.i1.i64.i32, i64 %m_15, i32 25"   --->   Operation 140 'bitselect' 'p_Result_41' <Predicate = true> <Delay = 0.00>

State 8 <SV = 7> <Delay = 4.91>
ST_8 : Operation 141 [1/1] (0.00ns)   --->   "%zext_ln1117 = zext i63 %m_21"   --->   Operation 141 'zext' 'zext_ln1117' <Predicate = true> <Delay = 0.00>
ST_8 : Operation 142 [1/1] (1.24ns)   --->   "%select_ln1098 = select i1 %p_Result_41, i8 127, i8 126"   --->   Operation 142 'select' 'select_ln1098' <Predicate = true> <Delay = 1.24> <CoreInst = "Sel">   --->   Core 73 'Sel' <Latency = 0> <II = 1> <Delay = 1.24> <FuncUnit> <Opcode : 'select'> <InPorts = 3> <OutPorts = 1>
ST_8 : Operation 143 [1/1] (0.00ns) (grouped into TernaryAdder)   --->   "%sub_ln1119 = sub i8 6, i8 %trunc_ln1098"   --->   Operation 143 'sub' 'sub_ln1119' <Predicate = true> <Delay = 0.00> <CoreInst = "TAddSub">   --->   Core 10 'TAddSub' <Latency = 0> <II = 1> <Delay = 1.83> <IPBlock> <Opcode : 'add' 'sub'> <InPorts = 3> <OutPorts = 1> <Sync> <CReg>
ST_8 : Operation 144 [1/1] (3.66ns) (root node of TernaryAdder)   --->   "%add_ln1124 = add i8 %sub_ln1119, i8 %select_ln1098"   --->   Operation 144 'add' 'add_ln1124' <Predicate = true> <Delay = 3.66> <CoreInst = "TAddSub">   --->   Core 10 'TAddSub' <Latency = 0> <II = 1> <Delay = 1.83> <IPBlock> <Opcode : 'add' 'sub'> <InPorts = 3> <OutPorts = 1> <Sync> <CReg>
ST_8 : Operation 145 [1/1] (0.00ns)   --->   "%tmp_2 = bitconcatenate i9 @_ssdm_op_BitConcatenate.i9.i1.i8, i1 1, i8 %add_ln1124"   --->   Operation 145 'bitconcatenate' 'tmp_2' <Predicate = true> <Delay = 0.00>
ST_8 : Operation 146 [1/1] (0.00ns)   --->   "%p_Result_55 = partset i64 @_ssdm_op_PartSet.i64.i64.i9.i32.i32, i64 %zext_ln1117, i9 %tmp_2, i32 23, i32 31"   --->   Operation 146 'partset' 'p_Result_55' <Predicate = true> <Delay = 0.00>
ST_8 : Operation 147 [1/1] (0.00ns)   --->   "%LD = trunc i64 %p_Result_55"   --->   Operation 147 'trunc' 'LD' <Predicate = true> <Delay = 0.00>

State 9 <SV = 8> <Delay = 7.14>
ST_9 : Operation 148 [1/1] (0.00ns)   --->   "%bitcast_ln766 = bitcast i32 %LD"   --->   Operation 148 'bitcast' 'bitcast_ln766' <Predicate = true> <Delay = 0.00>
ST_9 : Operation 149 [10/10] (7.14ns)   --->   "%d_assign = fexp i32 @llvm.exp.f32, i32 %bitcast_ln766" [/home/cym/prj2/finn/notebooks/icl_thesis-master/real_event_sparse/hls/q16_esla_k13/src/q16_esla_k13.cpp:10]   --->   Operation 149 'fexp' 'd_assign' <Predicate = true> <Delay = 7.14> <CoreInst = "FExp_fulldsp">   --->   Core 23 'FExp_fulldsp' <Latency = 9> <II = 1> <Delay = 7.14> <FuncUnit> <Opcode : 'fexp'> <InPorts = 1> <OutPorts = 1>

State 10 <SV = 9> <Delay = 7.14>
ST_10 : Operation 150 [9/10] (7.14ns)   --->   "%d_assign = fexp i32 @llvm.exp.f32, i32 %bitcast_ln766" [/home/cym/prj2/finn/notebooks/icl_thesis-master/real_event_sparse/hls/q16_esla_k13/src/q16_esla_k13.cpp:10]   --->   Operation 150 'fexp' 'd_assign' <Predicate = true> <Delay = 7.14> <CoreInst = "FExp_fulldsp">   --->   Core 23 'FExp_fulldsp' <Latency = 9> <II = 1> <Delay = 7.14> <FuncUnit> <Opcode : 'fexp'> <InPorts = 1> <OutPorts = 1>

State 11 <SV = 10> <Delay = 7.14>
ST_11 : Operation 151 [8/10] (7.14ns)   --->   "%d_assign = fexp i32 @llvm.exp.f32, i32 %bitcast_ln766" [/home/cym/prj2/finn/notebooks/icl_thesis-master/real_event_sparse/hls/q16_esla_k13/src/q16_esla_k13.cpp:10]   --->   Operation 151 'fexp' 'd_assign' <Predicate = true> <Delay = 7.14> <CoreInst = "FExp_fulldsp">   --->   Core 23 'FExp_fulldsp' <Latency = 9> <II = 1> <Delay = 7.14> <FuncUnit> <Opcode : 'fexp'> <InPorts = 1> <OutPorts = 1>

State 12 <SV = 11> <Delay = 7.14>
ST_12 : Operation 152 [7/10] (7.14ns)   --->   "%d_assign = fexp i32 @llvm.exp.f32, i32 %bitcast_ln766" [/home/cym/prj2/finn/notebooks/icl_thesis-master/real_event_sparse/hls/q16_esla_k13/src/q16_esla_k13.cpp:10]   --->   Operation 152 'fexp' 'd_assign' <Predicate = true> <Delay = 7.14> <CoreInst = "FExp_fulldsp">   --->   Core 23 'FExp_fulldsp' <Latency = 9> <II = 1> <Delay = 7.14> <FuncUnit> <Opcode : 'fexp'> <InPorts = 1> <OutPorts = 1>

State 13 <SV = 12> <Delay = 7.14>
ST_13 : Operation 153 [6/10] (7.14ns)   --->   "%d_assign = fexp i32 @llvm.exp.f32, i32 %bitcast_ln766" [/home/cym/prj2/finn/notebooks/icl_thesis-master/real_event_sparse/hls/q16_esla_k13/src/q16_esla_k13.cpp:10]   --->   Operation 153 'fexp' 'd_assign' <Predicate = true> <Delay = 7.14> <CoreInst = "FExp_fulldsp">   --->   Core 23 'FExp_fulldsp' <Latency = 9> <II = 1> <Delay = 7.14> <FuncUnit> <Opcode : 'fexp'> <InPorts = 1> <OutPorts = 1>

State 14 <SV = 13> <Delay = 7.14>
ST_14 : Operation 154 [5/10] (7.14ns)   --->   "%d_assign = fexp i32 @llvm.exp.f32, i32 %bitcast_ln766" [/home/cym/prj2/finn/notebooks/icl_thesis-master/real_event_sparse/hls/q16_esla_k13/src/q16_esla_k13.cpp:10]   --->   Operation 154 'fexp' 'd_assign' <Predicate = true> <Delay = 7.14> <CoreInst = "FExp_fulldsp">   --->   Core 23 'FExp_fulldsp' <Latency = 9> <II = 1> <Delay = 7.14> <FuncUnit> <Opcode : 'fexp'> <InPorts = 1> <OutPorts = 1>

State 15 <SV = 14> <Delay = 7.14>
ST_15 : Operation 155 [4/10] (7.14ns)   --->   "%d_assign = fexp i32 @llvm.exp.f32, i32 %bitcast_ln766" [/home/cym/prj2/finn/notebooks/icl_thesis-master/real_event_sparse/hls/q16_esla_k13/src/q16_esla_k13.cpp:10]   --->   Operation 155 'fexp' 'd_assign' <Predicate = true> <Delay = 7.14> <CoreInst = "FExp_fulldsp">   --->   Core 23 'FExp_fulldsp' <Latency = 9> <II = 1> <Delay = 7.14> <FuncUnit> <Opcode : 'fexp'> <InPorts = 1> <OutPorts = 1>

State 16 <SV = 15> <Delay = 7.14>
ST_16 : Operation 156 [3/10] (7.14ns)   --->   "%d_assign = fexp i32 @llvm.exp.f32, i32 %bitcast_ln766" [/home/cym/prj2/finn/notebooks/icl_thesis-master/real_event_sparse/hls/q16_esla_k13/src/q16_esla_k13.cpp:10]   --->   Operation 156 'fexp' 'd_assign' <Predicate = true> <Delay = 7.14> <CoreInst = "FExp_fulldsp">   --->   Core 23 'FExp_fulldsp' <Latency = 9> <II = 1> <Delay = 7.14> <FuncUnit> <Opcode : 'fexp'> <InPorts = 1> <OutPorts = 1>

State 17 <SV = 16> <Delay = 7.14>
ST_17 : Operation 157 [2/10] (7.14ns)   --->   "%d_assign = fexp i32 @llvm.exp.f32, i32 %bitcast_ln766" [/home/cym/prj2/finn/notebooks/icl_thesis-master/real_event_sparse/hls/q16_esla_k13/src/q16_esla_k13.cpp:10]   --->   Operation 157 'fexp' 'd_assign' <Predicate = true> <Delay = 7.14> <CoreInst = "FExp_fulldsp">   --->   Core 23 'FExp_fulldsp' <Latency = 9> <II = 1> <Delay = 7.14> <FuncUnit> <Opcode : 'fexp'> <InPorts = 1> <OutPorts = 1>

State 18 <SV = 17> <Delay = 7.14>
ST_18 : Operation 158 [1/10] (7.14ns)   --->   "%d_assign = fexp i32 @llvm.exp.f32, i32 %bitcast_ln766" [/home/cym/prj2/finn/notebooks/icl_thesis-master/real_event_sparse/hls/q16_esla_k13/src/q16_esla_k13.cpp:10]   --->   Operation 158 'fexp' 'd_assign' <Predicate = true> <Delay = 7.14> <CoreInst = "FExp_fulldsp">   --->   Core 23 'FExp_fulldsp' <Latency = 9> <II = 1> <Delay = 7.14> <FuncUnit> <Opcode : 'fexp'> <InPorts = 1> <OutPorts = 1>

State 19 <SV = 18> <Delay = 4.43>
ST_19 : Operation 159 [2/2] (4.43ns)   --->   "%d_12 = fpext i32 %d_assign"   --->   Operation 159 'fpext' 'd_12' <Predicate = true> <Delay = 4.43> <CoreInst = "Float2Double">   --->   Core 64 'Float2Double' <Latency = 1> <II = 1> <Delay = 4.43> <FuncUnit> <Opcode : 'fpext'> <InPorts = 1> <OutPorts = 1>

State 20 <SV = 19> <Delay = 7.22>
ST_20 : Operation 160 [1/2] (4.43ns)   --->   "%d_12 = fpext i32 %d_assign"   --->   Operation 160 'fpext' 'd_12' <Predicate = true> <Delay = 4.43> <CoreInst = "Float2Double">   --->   Core 64 'Float2Double' <Latency = 1> <II = 1> <Delay = 4.43> <FuncUnit> <Opcode : 'fpext'> <InPorts = 1> <OutPorts = 1>
ST_20 : Operation 161 [1/1] (0.00ns)   --->   "%ireg = bitcast i64 %d_12"   --->   Operation 161 'bitcast' 'ireg' <Predicate = true> <Delay = 0.00>
ST_20 : Operation 162 [1/1] (0.00ns)   --->   "%trunc_ln544 = trunc i64 %ireg"   --->   Operation 162 'trunc' 'trunc_ln544' <Predicate = true> <Delay = 0.00>
ST_20 : Operation 163 [1/1] (0.00ns)   --->   "%p_Result_56 = bitselect i1 @_ssdm_op_BitSelect.i1.i64.i32, i64 %ireg, i32 63"   --->   Operation 163 'bitselect' 'p_Result_56' <Predicate = true> <Delay = 0.00>
ST_20 : Operation 164 [1/1] (0.00ns)   --->   "%exp_tmp = partselect i11 @_ssdm_op_PartSelect.i11.i64.i32.i32, i64 %ireg, i32 52, i32 62"   --->   Operation 164 'partselect' 'exp_tmp' <Predicate = true> <Delay = 0.00>
ST_20 : Operation 165 [1/1] (0.00ns)   --->   "%trunc_ln554 = trunc i64 %ireg"   --->   Operation 165 'trunc' 'trunc_ln554' <Predicate = true> <Delay = 0.00>
ST_20 : Operation 166 [1/1] (2.78ns)   --->   "%icmp_ln560 = icmp_eq  i63 %trunc_ln544, i63 0"   --->   Operation 166 'icmp' 'icmp_ln560' <Predicate = true> <Delay = 2.78> <CoreInst = "Cmp">   --->   Core 9 'Cmp' <Latency = 0> <II = 1> <Delay = 2.78> <FuncUnit> <Opcode : 'icmp'> <InPorts = 2> <OutPorts = 1>

State 21 <SV = 20> <Delay = 5.78>
ST_21 : Operation 167 [1/1] (0.00ns) (grouped into LUT with out node and_ln570)   --->   "%xor_ln1651 = xor i1 %tmp, i1 1"   --->   Operation 167 'xor' 'xor_ln1651' <Predicate = true> <Delay = 0.00> <CoreInst = "LogicGate">   --->   Core 74 'LogicGate' <Latency = 0> <II = 1> <Delay = 0.97> <FuncUnit> <Opcode : 'and' 'or' 'xor'> <InPorts = 2> <OutPorts = 1>
ST_21 : Operation 168 [1/1] (0.00ns)   --->   "%zext_ln455 = zext i11 %exp_tmp"   --->   Operation 168 'zext' 'zext_ln455' <Predicate = true> <Delay = 0.00>
ST_21 : Operation 169 [1/1] (0.00ns)   --->   "%p_Result_57 = bitconcatenate i53 @_ssdm_op_BitConcatenate.i53.i1.i52, i1 1, i52 %trunc_ln554"   --->   Operation 169 'bitconcatenate' 'p_Result_57' <Predicate = true> <Delay = 0.00>
ST_21 : Operation 170 [1/1] (0.00ns)   --->   "%zext_ln558 = zext i53 %p_Result_57"   --->   Operation 170 'zext' 'zext_ln558' <Predicate = true> <Delay = 0.00>
ST_21 : Operation 171 [1/1] (3.23ns)   --->   "%man_V_7 = sub i54 0, i54 %zext_ln558"   --->   Operation 171 'sub' 'man_V_7' <Predicate = (p_Result_56)> <Delay = 3.23> <CoreInst = "Adder">   --->   Core 1 'Adder' <Latency = 0> <II = 1> <Delay = 3.23> <FuncUnit> <Opcode : 'add' 'sub'> <InPorts = 2> <OutPorts = 1>
ST_21 : Operation 172 [1/1] (0.94ns)   --->   "%man_V_8 = select i1 %p_Result_56, i54 %man_V_7, i54 %zext_ln558"   --->   Operation 172 'select' 'man_V_8' <Predicate = true> <Delay = 0.94> <CoreInst = "Sel">   --->   Core 73 'Sel' <Latency = 0> <II = 1> <Delay = 0.94> <FuncUnit> <Opcode : 'select'> <InPorts = 3> <OutPorts = 1>
ST_21 : Operation 173 [1/1] (1.54ns)   --->   "%F2 = sub i12 1075, i12 %zext_ln455"   --->   Operation 173 'sub' 'F2' <Predicate = true> <Delay = 1.54> <CoreInst = "Adder">   --->   Core 1 'Adder' <Latency = 0> <II = 1> <Delay = 1.54> <FuncUnit> <Opcode : 'add' 'sub'> <InPorts = 2> <OutPorts = 1>
ST_21 : Operation 174 [1/1] (1.99ns)   --->   "%icmp_ln570 = icmp_sgt  i12 %F2, i12 10"   --->   Operation 174 'icmp' 'icmp_ln570' <Predicate = true> <Delay = 1.99> <CoreInst = "Cmp">   --->   Core 9 'Cmp' <Latency = 0> <II = 1> <Delay = 1.99> <FuncUnit> <Opcode : 'icmp'> <InPorts = 2> <OutPorts = 1>
ST_21 : Operation 175 [1/1] (1.54ns)   --->   "%add_ln570 = add i12 %F2, i12 4086"   --->   Operation 175 'add' 'add_ln570' <Predicate = true> <Delay = 1.54> <CoreInst = "Adder">   --->   Core 1 'Adder' <Latency = 0> <II = 1> <Delay = 1.54> <FuncUnit> <Opcode : 'add' 'sub'> <InPorts = 2> <OutPorts = 1>
ST_21 : Operation 176 [1/1] (1.54ns)   --->   "%sub_ln570 = sub i12 10, i12 %F2"   --->   Operation 176 'sub' 'sub_ln570' <Predicate = true> <Delay = 1.54> <CoreInst = "Adder">   --->   Core 1 'Adder' <Latency = 0> <II = 1> <Delay = 1.54> <FuncUnit> <Opcode : 'add' 'sub'> <InPorts = 2> <OutPorts = 1>
ST_21 : Operation 177 [1/1] (0.69ns)   --->   "%sh_amt = select i1 %icmp_ln570, i12 %add_ln570, i12 %sub_ln570"   --->   Operation 177 'select' 'sh_amt' <Predicate = true> <Delay = 0.69> <CoreInst = "Sel">   --->   Core 73 'Sel' <Latency = 0> <II = 1> <Delay = 0.69> <FuncUnit> <Opcode : 'select'> <InPorts = 3> <OutPorts = 1>
ST_21 : Operation 178 [1/1] (1.99ns)   --->   "%icmp_ln571 = icmp_eq  i12 %F2, i12 10"   --->   Operation 178 'icmp' 'icmp_ln571' <Predicate = true> <Delay = 1.99> <CoreInst = "Cmp">   --->   Core 9 'Cmp' <Latency = 0> <II = 1> <Delay = 1.99> <FuncUnit> <Opcode : 'icmp'> <InPorts = 2> <OutPorts = 1>
ST_21 : Operation 179 [1/1] (0.00ns)   --->   "%trunc_ln572 = trunc i54 %man_V_8"   --->   Operation 179 'trunc' 'trunc_ln572' <Predicate = true> <Delay = 0.00>
ST_21 : Operation 180 [1/1] (0.00ns)   --->   "%tmp_54 = partselect i8 @_ssdm_op_PartSelect.i8.i12.i32.i32, i12 %sh_amt, i32 4, i32 11"   --->   Operation 180 'partselect' 'tmp_54' <Predicate = (tmp)> <Delay = 0.00>
ST_21 : Operation 181 [1/1] (1.55ns)   --->   "%icmp_ln592 = icmp_eq  i8 %tmp_54, i8 0"   --->   Operation 181 'icmp' 'icmp_ln592' <Predicate = (tmp)> <Delay = 1.55> <CoreInst = "Cmp">   --->   Core 9 'Cmp' <Latency = 0> <II = 1> <Delay = 1.55> <FuncUnit> <Opcode : 'icmp'> <InPorts = 2> <OutPorts = 1>
ST_21 : Operation 182 [1/1] (0.00ns) (grouped into LUT with out node and_ln570)   --->   "%or_ln560 = or i1 %icmp_ln560, i1 %xor_ln1651"   --->   Operation 182 'or' 'or_ln560' <Predicate = true> <Delay = 0.00> <CoreInst = "LogicGate">   --->   Core 74 'LogicGate' <Latency = 0> <II = 1> <Delay = 0.97> <FuncUnit> <Opcode : 'and' 'or' 'xor'> <InPorts = 2> <OutPorts = 1>
ST_21 : Operation 183 [1/1] (0.00ns) (grouped into LUT with out node and_ln570)   --->   "%or_ln571 = or i1 %or_ln560, i1 %icmp_ln571"   --->   Operation 183 'or' 'or_ln571' <Predicate = true> <Delay = 0.00> <CoreInst = "LogicGate">   --->   Core 74 'LogicGate' <Latency = 0> <II = 1> <Delay = 0.97> <FuncUnit> <Opcode : 'and' 'or' 'xor'> <InPorts = 2> <OutPorts = 1>
ST_21 : Operation 184 [1/1] (0.00ns) (grouped into LUT with out node and_ln570)   --->   "%xor_ln571 = xor i1 %or_ln571, i1 1"   --->   Operation 184 'xor' 'xor_ln571' <Predicate = true> <Delay = 0.00> <CoreInst = "LogicGate">   --->   Core 74 'LogicGate' <Latency = 0> <II = 1> <Delay = 0.97> <FuncUnit> <Opcode : 'and' 'or' 'xor'> <InPorts = 2> <OutPorts = 1>
ST_21 : Operation 185 [1/1] (0.97ns) (out node of the LUT)   --->   "%and_ln570 = and i1 %icmp_ln570, i1 %xor_ln571"   --->   Operation 185 'and' 'and_ln570' <Predicate = true> <Delay = 0.97> <CoreInst = "LogicGate">   --->   Core 74 'LogicGate' <Latency = 0> <II = 1> <Delay = 0.97> <FuncUnit> <Opcode : 'and' 'or' 'xor'> <InPorts = 2> <OutPorts = 1>

State 22 <SV = 21> <Delay = 7.04>
ST_22 : Operation 186 [1/1] (2.07ns)   --->   "%add_ln813 = add i16 %x_V_loc_load, i16 1024"   --->   Operation 186 'add' 'add_ln813' <Predicate = (!tmp & !and_ln570)> <Delay = 2.07> <CoreInst = "Adder">   --->   Core 1 'Adder' <Latency = 0> <II = 1> <Delay = 2.07> <FuncUnit> <Opcode : 'add' 'sub'> <InPorts = 2> <OutPorts = 1>
ST_22 : Operation 187 [1/1] (0.00ns)   --->   "%sext_ln570 = sext i12 %sh_amt"   --->   Operation 187 'sext' 'sext_ln570' <Predicate = true> <Delay = 0.00>
ST_22 : Operation 188 [1/1] (1.99ns)   --->   "%icmp_ln574 = icmp_ult  i12 %sh_amt, i12 54"   --->   Operation 188 'icmp' 'icmp_ln574' <Predicate = (and_ln570)> <Delay = 1.99> <CoreInst = "Cmp">   --->   Core 9 'Cmp' <Latency = 0> <II = 1> <Delay = 1.99> <FuncUnit> <Opcode : 'icmp'> <InPorts = 2> <OutPorts = 1>
ST_22 : Operation 189 [1/1] (0.00ns) (grouped into LUT with out node select_ln1651)   --->   "%sext_ln570cast = trunc i32 %sext_ln570"   --->   Operation 189 'trunc' 'sext_ln570cast' <Predicate = (icmp_ln592 & tmp & !and_ln570)> <Delay = 0.00>
ST_22 : Operation 190 [1/1] (0.00ns) (grouped into LUT with out node select_ln1651)   --->   "%shl_ln593 = shl i16 %trunc_ln572, i16 %sext_ln570cast"   --->   Operation 190 'shl' 'shl_ln593' <Predicate = (icmp_ln592 & tmp & !and_ln570)> <Delay = 0.00> <CoreInst = "Shifter">   --->   Core 75 'Shifter' <Latency = 0> <II = 1> <Delay = 3.98> <FuncUnit> <Opcode : 'shl' 'lshr' 'ashr'> <InPorts = 2> <OutPorts = 1>
ST_22 : Operation 191 [1/1] (0.00ns) (grouped into LUT with out node select_ln1651)   --->   "%select_ln592 = select i1 %icmp_ln592, i16 %shl_ln593, i16 0"   --->   Operation 191 'select' 'select_ln592' <Predicate = (tmp & !and_ln570)> <Delay = 0.00> <CoreInst = "Sel">   --->   Core 73 'Sel' <Latency = 0> <II = 1> <Delay = 0.80> <FuncUnit> <Opcode : 'select'> <InPorts = 3> <OutPorts = 1>
ST_22 : Operation 192 [1/1] (3.98ns) (out node of the LUT)   --->   "%select_ln1651 = select i1 %tmp, i16 %select_ln592, i16 %add_ln813"   --->   Operation 192 'select' 'select_ln1651' <Predicate = (!and_ln570)> <Delay = 3.98> <CoreInst = "Sel">   --->   Core 73 'Sel' <Latency = 0> <II = 1> <Delay = 0.80> <FuncUnit> <Opcode : 'select'> <InPorts = 3> <OutPorts = 1>
ST_22 : Operation 193 [1/1] (0.00ns) (grouped into LUT with out node select_ln571)   --->   "%xor_ln560_2 = xor i1 %icmp_ln560, i1 1"   --->   Operation 193 'xor' 'xor_ln560_2' <Predicate = (!and_ln570)> <Delay = 0.00> <CoreInst = "LogicGate">   --->   Core 74 'LogicGate' <Latency = 0> <II = 1> <Delay = 0.97> <FuncUnit> <Opcode : 'and' 'or' 'xor'> <InPorts = 2> <OutPorts = 1>
ST_22 : Operation 194 [1/1] (0.00ns) (grouped into LUT with out node select_ln571)   --->   "%and_ln560_2 = and i1 %tmp, i1 %xor_ln560_2"   --->   Operation 194 'and' 'and_ln560_2' <Predicate = (!and_ln570)> <Delay = 0.00> <CoreInst = "LogicGate">   --->   Core 74 'LogicGate' <Latency = 0> <II = 1> <Delay = 0.97> <FuncUnit> <Opcode : 'and' 'or' 'xor'> <InPorts = 2> <OutPorts = 1>
ST_22 : Operation 195 [1/1] (0.00ns) (grouped into LUT with out node select_ln571)   --->   "%and_ln571 = and i1 %icmp_ln571, i1 %and_ln560_2"   --->   Operation 195 'and' 'and_ln571' <Predicate = (!and_ln570)> <Delay = 0.00> <CoreInst = "LogicGate">   --->   Core 74 'LogicGate' <Latency = 0> <II = 1> <Delay = 0.97> <FuncUnit> <Opcode : 'and' 'or' 'xor'> <InPorts = 2> <OutPorts = 1>
ST_22 : Operation 196 [1/1] (0.97ns) (out node of the LUT)   --->   "%select_ln571 = select i1 %and_ln571, i16 %trunc_ln572, i16 %select_ln1651"   --->   Operation 196 'select' 'select_ln571' <Predicate = (!and_ln570)> <Delay = 0.97> <CoreInst = "Sel">   --->   Core 73 'Sel' <Latency = 0> <II = 1> <Delay = 0.80> <FuncUnit> <Opcode : 'select'> <InPorts = 3> <OutPorts = 1>

State 23 <SV = 22> <Delay = 5.59>
ST_23 : Operation 197 [1/1] (0.00ns) (grouped into LUT with out node select_ln570)   --->   "%zext_ln575 = zext i32 %sext_ln570"   --->   Operation 197 'zext' 'zext_ln575' <Predicate = (icmp_ln574 & and_ln570)> <Delay = 0.00>
ST_23 : Operation 198 [1/1] (0.00ns) (grouped into LUT with out node select_ln570)   --->   "%ashr_ln575 = ashr i54 %man_V_8, i54 %zext_ln575"   --->   Operation 198 'ashr' 'ashr_ln575' <Predicate = (icmp_ln574 & and_ln570)> <Delay = 0.00> <CoreInst = "Shifter">   --->   Core 75 'Shifter' <Latency = 0> <II = 1> <Delay = 4.61> <FuncUnit> <Opcode : 'shl' 'lshr' 'ashr'> <InPorts = 2> <OutPorts = 1>
ST_23 : Operation 199 [1/1] (0.00ns) (grouped into LUT with out node select_ln570)   --->   "%trunc_ln575 = trunc i54 %ashr_ln575"   --->   Operation 199 'trunc' 'trunc_ln575' <Predicate = (icmp_ln574 & and_ln570)> <Delay = 0.00>
ST_23 : Operation 200 [1/1] (0.00ns) (grouped into LUT with out node select_ln570)   --->   "%bitcast_ln724 = bitcast i32 %d_assign"   --->   Operation 200 'bitcast' 'bitcast_ln724' <Predicate = (!icmp_ln574 & and_ln570)> <Delay = 0.00>
ST_23 : Operation 201 [1/1] (0.00ns) (grouped into LUT with out node select_ln570)   --->   "%tmp_53 = bitselect i1 @_ssdm_op_BitSelect.i1.i32.i32, i32 %bitcast_ln724, i32 31"   --->   Operation 201 'bitselect' 'tmp_53' <Predicate = (!icmp_ln574 & and_ln570)> <Delay = 0.00>
ST_23 : Operation 202 [1/1] (0.00ns) (grouped into LUT with out node select_ln570)   --->   "%select_ln577 = select i1 %tmp_53, i16 65535, i16 0"   --->   Operation 202 'select' 'select_ln577' <Predicate = (!icmp_ln574 & and_ln570)> <Delay = 0.00> <CoreInst = "Sel">   --->   Core 73 'Sel' <Latency = 0> <II = 1> <Delay = 0.99> <FuncUnit> <Opcode : 'select'> <InPorts = 3> <OutPorts = 1>
ST_23 : Operation 203 [1/1] (0.00ns) (grouped into LUT with out node select_ln570)   --->   "%select_ln574 = select i1 %icmp_ln574, i16 %trunc_ln575, i16 %select_ln577"   --->   Operation 203 'select' 'select_ln574' <Predicate = (and_ln570)> <Delay = 0.00> <CoreInst = "Sel">   --->   Core 73 'Sel' <Latency = 0> <II = 1> <Delay = 0.80> <FuncUnit> <Opcode : 'select'> <InPorts = 3> <OutPorts = 1>
ST_23 : Operation 204 [1/1] (4.61ns) (out node of the LUT)   --->   "%select_ln570 = select i1 %and_ln570, i16 %select_ln574, i16 %select_ln571"   --->   Operation 204 'select' 'select_ln570' <Predicate = true> <Delay = 4.61> <CoreInst = "Sel">   --->   Core 73 'Sel' <Latency = 0> <II = 1> <Delay = 0.80> <FuncUnit> <Opcode : 'select'> <InPorts = 3> <OutPorts = 1>
ST_23 : Operation 205 [1/1] (0.00ns) (grouped into LUT with out node select_ln560)   --->   "%and_ln560 = and i1 %icmp_ln560, i1 %tmp"   --->   Operation 205 'and' 'and_ln560' <Predicate = true> <Delay = 0.00> <CoreInst = "LogicGate">   --->   Core 74 'LogicGate' <Latency = 0> <II = 1> <Delay = 0.97> <FuncUnit> <Opcode : 'and' 'or' 'xor'> <InPorts = 2> <OutPorts = 1>
ST_23 : Operation 206 [1/1] (0.97ns) (out node of the LUT)   --->   "%select_ln560 = select i1 %and_ln560, i16 0, i16 %select_ln570"   --->   Operation 206 'select' 'select_ln560' <Predicate = true> <Delay = 0.97> <CoreInst = "Sel">   --->   Core 73 'Sel' <Latency = 0> <II = 1> <Delay = 0.80> <FuncUnit> <Opcode : 'select'> <InPorts = 3> <OutPorts = 1>

State 24 <SV = 23> <Delay = 3.25>
ST_24 : Operation 207 [1/1] (0.00ns)   --->   "%specloopname_ln0 = specloopname void @_ssdm_op_SpecLoopName, void @VITIS_LOOP_87_1_VITIS_LOOP_88_2_str"   --->   Operation 207 'specloopname' 'specloopname_ln0' <Predicate = true> <Delay = 0.00>
ST_24 : Operation 208 [1/1] (0.00ns)   --->   "%empty = speclooptripcount i32 @_ssdm_op_SpecLoopTripCount, i64 208, i64 208, i64 208"   --->   Operation 208 'speclooptripcount' 'empty' <Predicate = true> <Delay = 0.00>
ST_24 : Operation 209 [1/1] (0.00ns)   --->   "%zext_ln97_1 = zext i8 %add_ln97" [/home/cym/prj2/finn/notebooks/icl_thesis-master/real_event_sparse/hls/q16_esla_k13/src/q16_esla_k13.cpp:97]   --->   Operation 209 'zext' 'zext_ln97_1' <Predicate = true> <Delay = 0.00>
ST_24 : Operation 210 [1/1] (0.00ns)   --->   "%Q_V_addr = getelementptr i16 %Q_V, i64 0, i64 %zext_ln97_1" [/home/cym/prj2/finn/notebooks/icl_thesis-master/real_event_sparse/hls/q16_esla_k13/src/q16_esla_k13.cpp:97]   --->   Operation 210 'getelementptr' 'Q_V_addr' <Predicate = true> <Delay = 0.00>
ST_24 : Operation 211 [1/1] (0.00ns)   --->   "%V_V_addr = getelementptr i16 %V_V, i64 0, i64 %zext_ln97_1" [/home/cym/prj2/finn/notebooks/icl_thesis-master/real_event_sparse/hls/q16_esla_k13/src/q16_esla_k13.cpp:98]   --->   Operation 211 'getelementptr' 'V_V_addr' <Predicate = true> <Delay = 0.00>
ST_24 : Operation 212 [1/1] (0.00ns)   --->   "%specloopname_ln88 = specloopname void @_ssdm_op_SpecLoopName, void @empty_43" [/home/cym/prj2/finn/notebooks/icl_thesis-master/real_event_sparse/hls/q16_esla_k13/src/q16_esla_k13.cpp:88]   --->   Operation 212 'specloopname' 'specloopname_ln88' <Predicate = true> <Delay = 0.00>
ST_24 : Operation 213 [1/1] (0.00ns)   --->   "%phi_ln818_1_loc_load = load i16 %phi_ln818_1_loc"   --->   Operation 213 'load' 'phi_ln818_1_loc_load' <Predicate = true> <Delay = 0.00>
ST_24 : Operation 214 [1/1] (3.25ns)   --->   "%store_ln97 = store i16 %select_ln560, i8 %Q_V_addr" [/home/cym/prj2/finn/notebooks/icl_thesis-master/real_event_sparse/hls/q16_esla_k13/src/q16_esla_k13.cpp:97]   --->   Operation 214 'store' 'store_ln97' <Predicate = true> <Delay = 3.25> <CoreInst = "RAM">   --->   Core 82 'RAM' <Latency = 1> <II = 1> <Delay = 3.25> <Storage> <Opcode : 'load' 'store'> <Ports = 2> <Width = 16> <Depth = 208> <RAM>
ST_24 : Operation 215 [1/1] (3.25ns)   --->   "%store_ln98 = store i16 %phi_ln818_1_loc_load, i8 %V_V_addr" [/home/cym/prj2/finn/notebooks/icl_thesis-master/real_event_sparse/hls/q16_esla_k13/src/q16_esla_k13.cpp:98]   --->   Operation 215 'store' 'store_ln98' <Predicate = true> <Delay = 3.25> <CoreInst = "RAM">   --->   Core 82 'RAM' <Latency = 1> <II = 1> <Delay = 3.25> <Storage> <Opcode : 'load' 'store'> <Ports = 2> <Width = 16> <Depth = 208> <RAM>
ST_24 : Operation 216 [1/1] (0.00ns)   --->   "%br_ln88 = br void %for.body25" [/home/cym/prj2/finn/notebooks/icl_thesis-master/real_event_sparse/hls/q16_esla_k13/src/q16_esla_k13.cpp:88]   --->   Operation 216 'br' 'br_ln88' <Predicate = true> <Delay = 0.00>

State 25 <SV = 2> <Delay = 0.00>
ST_25 : Operation 217 [1/2] (0.00ns)   --->   "%call_ln0 = call void @attention_active13_Pipeline_VITIS_LOOP_103_4_VITIS_LOOP_104_5_VITIS_LOOP_106_6, i16 %KV_V, i16 %phi_k_active, i16 %V_V"   --->   Operation 217 'call' 'call_ln0' <Predicate = true> <Delay = 0.00> <CoreType = "Generic">   --->   Core 0 '' <Latency = 0> <II = 1> <Delay = 1.00> <Generic> <Opcode : >
ST_25 : Operation 218 [1/1] (0.00ns)   --->   "%br_ln115 = br void %for.body117" [/home/cym/prj2/finn/notebooks/icl_thesis-master/real_event_sparse/hls/q16_esla_k13/src/q16_esla_k13.cpp:115]   --->   Operation 218 'br' 'br_ln115' <Predicate = true> <Delay = 0.00>

State 26 <SV = 3> <Delay = 4.61>
ST_26 : Operation 219 [1/1] (0.00ns)   --->   "%d_9 = load i5 %d_7" [/home/cym/prj2/finn/notebooks/icl_thesis-master/real_event_sparse/hls/q16_esla_k13/src/q16_esla_k13.cpp:115]   --->   Operation 219 'load' 'd_9' <Predicate = true> <Delay = 0.00>
ST_26 : Operation 220 [1/1] (1.36ns)   --->   "%icmp_ln115 = icmp_eq  i5 %d_9, i5 16" [/home/cym/prj2/finn/notebooks/icl_thesis-master/real_event_sparse/hls/q16_esla_k13/src/q16_esla_k13.cpp:115]   --->   Operation 220 'icmp' 'icmp_ln115' <Predicate = true> <Delay = 1.36> <CoreInst = "Cmp">   --->   Core 9 'Cmp' <Latency = 0> <II = 1> <Delay = 1.36> <FuncUnit> <Opcode : 'icmp'> <InPorts = 2> <OutPorts = 1>
ST_26 : Operation 221 [1/1] (0.00ns)   --->   "%empty_97 = speclooptripcount i32 @_ssdm_op_SpecLoopTripCount, i64 16, i64 16, i64 16"   --->   Operation 221 'speclooptripcount' 'empty_97' <Predicate = true> <Delay = 0.00>
ST_26 : Operation 222 [1/1] (1.78ns)   --->   "%add_ln115 = add i5 %d_9, i5 1" [/home/cym/prj2/finn/notebooks/icl_thesis-master/real_event_sparse/hls/q16_esla_k13/src/q16_esla_k13.cpp:115]   --->   Operation 222 'add' 'add_ln115' <Predicate = true> <Delay = 1.78> <CoreInst = "Adder">   --->   Core 1 'Adder' <Latency = 0> <II = 1> <Delay = 1.78> <FuncUnit> <Opcode : 'add' 'sub'> <InPorts = 2> <OutPorts = 1>
ST_26 : Operation 223 [1/1] (0.00ns)   --->   "%br_ln115 = br i1 %icmp_ln115, void %for.body117.split, void %for.body142.preheader" [/home/cym/prj2/finn/notebooks/icl_thesis-master/real_event_sparse/hls/q16_esla_k13/src/q16_esla_k13.cpp:115]   --->   Operation 223 'br' 'br_ln115' <Predicate = true> <Delay = 0.00>
ST_26 : Operation 224 [1/1] (0.00ns)   --->   "%trunc_ln115 = trunc i5 %d_9" [/home/cym/prj2/finn/notebooks/icl_thesis-master/real_event_sparse/hls/q16_esla_k13/src/q16_esla_k13.cpp:115]   --->   Operation 224 'trunc' 'trunc_ln115' <Predicate = (!icmp_ln115)> <Delay = 0.00>
ST_26 : Operation 225 [2/2] (3.25ns)   --->   "%call_ln115 = call void @attention_active13_Pipeline_VITIS_LOOP_117_8, i4 %trunc_ln115, i16 %phi_k_active, i20 %sum_V_loc" [/home/cym/prj2/finn/notebooks/icl_thesis-master/real_event_sparse/hls/q16_esla_k13/src/q16_esla_k13.cpp:115]   --->   Operation 225 'call' 'call_ln115' <Predicate = (!icmp_ln115)> <Delay = 3.25> <CoreType = "Generic">   --->   Core 0 '' <Latency = 0> <II = 1> <Delay = 1.00> <Generic> <Opcode : >
ST_26 : Operation 226 [1/1] (1.58ns)   --->   "%store_ln115 = store i5 %add_ln115, i5 %d_7" [/home/cym/prj2/finn/notebooks/icl_thesis-master/real_event_sparse/hls/q16_esla_k13/src/q16_esla_k13.cpp:115]   --->   Operation 226 'store' 'store_ln115' <Predicate = (!icmp_ln115)> <Delay = 1.58>
ST_26 : Operation 227 [1/1] (0.00ns)   --->   "%a_7 = alloca i32 1"   --->   Operation 227 'alloca' 'a_7' <Predicate = (icmp_ln115)> <Delay = 0.00>
ST_26 : Operation 228 [1/1] (1.58ns)   --->   "%store_ln124 = store i4 0, i4 %a_7" [/home/cym/prj2/finn/notebooks/icl_thesis-master/real_event_sparse/hls/q16_esla_k13/src/q16_esla_k13.cpp:124]   --->   Operation 228 'store' 'store_ln124' <Predicate = (icmp_ln115)> <Delay = 1.58>
ST_26 : Operation 229 [1/1] (0.00ns)   --->   "%br_ln124 = br void %for.body142" [/home/cym/prj2/finn/notebooks/icl_thesis-master/real_event_sparse/hls/q16_esla_k13/src/q16_esla_k13.cpp:124]   --->   Operation 229 'br' 'br_ln124' <Predicate = (icmp_ln115)> <Delay = 0.00>

State 27 <SV = 4> <Delay = 0.00>
ST_27 : Operation 230 [1/2] (0.00ns)   --->   "%call_ln115 = call void @attention_active13_Pipeline_VITIS_LOOP_117_8, i4 %trunc_ln115, i16 %phi_k_active, i20 %sum_V_loc" [/home/cym/prj2/finn/notebooks/icl_thesis-master/real_event_sparse/hls/q16_esla_k13/src/q16_esla_k13.cpp:115]   --->   Operation 230 'call' 'call_ln115' <Predicate = true> <Delay = 0.00> <CoreType = "Generic">   --->   Core 0 '' <Latency = 0> <II = 1> <Delay = 1.00> <Generic> <Opcode : >

State 28 <SV = 5> <Delay = 2.32>
ST_28 : Operation 231 [1/1] (0.00ns)   --->   "%zext_ln115 = zext i5 %d_9" [/home/cym/prj2/finn/notebooks/icl_thesis-master/real_event_sparse/hls/q16_esla_k13/src/q16_esla_k13.cpp:115]   --->   Operation 231 'zext' 'zext_ln115' <Predicate = true> <Delay = 0.00>
ST_28 : Operation 232 [1/1] (0.00ns)   --->   "%specloopname_ln115 = specloopname void @_ssdm_op_SpecLoopName, void @empty_6" [/home/cym/prj2/finn/notebooks/icl_thesis-master/real_event_sparse/hls/q16_esla_k13/src/q16_esla_k13.cpp:115]   --->   Operation 232 'specloopname' 'specloopname_ln115' <Predicate = true> <Delay = 0.00>
ST_28 : Operation 233 [1/1] (0.00ns)   --->   "%sum_V_loc_load = load i20 %sum_V_loc"   --->   Operation 233 'load' 'sum_V_loc_load' <Predicate = true> <Delay = 0.00>
ST_28 : Operation 234 [1/1] (0.00ns)   --->   "%trunc_ln = partselect i16 @_ssdm_op_PartSelect.i16.i20.i32.i32, i20 %sum_V_loc_load, i32 4, i32 19"   --->   Operation 234 'partselect' 'trunc_ln' <Predicate = true> <Delay = 0.00>
ST_28 : Operation 235 [1/1] (0.00ns)   --->   "%K_sum_V_addr = getelementptr i16 %K_sum_V, i64 0, i64 %zext_ln115" [/home/cym/prj2/finn/notebooks/icl_thesis-master/real_event_sparse/hls/q16_esla_k13/src/q16_esla_k13.cpp:121]   --->   Operation 235 'getelementptr' 'K_sum_V_addr' <Predicate = true> <Delay = 0.00>
ST_28 : Operation 236 [1/1] (2.32ns)   --->   "%store_ln121 = store i16 %trunc_ln, i4 %K_sum_V_addr" [/home/cym/prj2/finn/notebooks/icl_thesis-master/real_event_sparse/hls/q16_esla_k13/src/q16_esla_k13.cpp:121]   --->   Operation 236 'store' 'store_ln121' <Predicate = true> <Delay = 2.32> <CoreInst = "RAM">   --->   Core 82 'RAM' <Latency = 1> <II = 1> <Delay = 2.32> <Storage> <Opcode : 'load' 'store'> <Ports = 2> <Width = 16> <Depth = 16> <RAM>
ST_28 : Operation 237 [1/1] (0.00ns)   --->   "%br_ln115 = br void %for.body117" [/home/cym/prj2/finn/notebooks/icl_thesis-master/real_event_sparse/hls/q16_esla_k13/src/q16_esla_k13.cpp:115]   --->   Operation 237 'br' 'br_ln115' <Predicate = true> <Delay = 0.00>

State 29 <SV = 4> <Delay = 6.47>
ST_29 : Operation 238 [1/1] (0.00ns)   --->   "%a_9 = load i4 %a_7" [/home/cym/prj2/finn/notebooks/icl_thesis-master/real_event_sparse/hls/q16_esla_k13/src/q16_esla_k13.cpp:124]   --->   Operation 238 'load' 'a_9' <Predicate = true> <Delay = 0.00>
ST_29 : Operation 239 [1/1] (1.30ns)   --->   "%icmp_ln124 = icmp_eq  i4 %a_9, i4 13" [/home/cym/prj2/finn/notebooks/icl_thesis-master/real_event_sparse/hls/q16_esla_k13/src/q16_esla_k13.cpp:124]   --->   Operation 239 'icmp' 'icmp_ln124' <Predicate = true> <Delay = 1.30> <CoreInst = "Cmp">   --->   Core 9 'Cmp' <Latency = 0> <II = 1> <Delay = 1.30> <FuncUnit> <Opcode : 'icmp'> <InPorts = 2> <OutPorts = 1>
ST_29 : Operation 240 [1/1] (0.00ns)   --->   "%empty_98 = speclooptripcount i32 @_ssdm_op_SpecLoopTripCount, i64 13, i64 13, i64 13"   --->   Operation 240 'speclooptripcount' 'empty_98' <Predicate = true> <Delay = 0.00>
ST_29 : Operation 241 [1/1] (1.73ns)   --->   "%add_ln124 = add i4 %a_9, i4 1" [/home/cym/prj2/finn/notebooks/icl_thesis-master/real_event_sparse/hls/q16_esla_k13/src/q16_esla_k13.cpp:124]   --->   Operation 241 'add' 'add_ln124' <Predicate = true> <Delay = 1.73> <CoreInst = "Adder">   --->   Core 1 'Adder' <Latency = 0> <II = 1> <Delay = 1.73> <FuncUnit> <Opcode : 'add' 'sub'> <InPorts = 2> <OutPorts = 1>
ST_29 : Operation 242 [1/1] (0.00ns)   --->   "%br_ln124 = br i1 %icmp_ln124, void %for.body142.split, void %for.end237" [/home/cym/prj2/finn/notebooks/icl_thesis-master/real_event_sparse/hls/q16_esla_k13/src/q16_esla_k13.cpp:124]   --->   Operation 242 'br' 'br_ln124' <Predicate = true> <Delay = 0.00>
ST_29 : Operation 243 [1/1] (0.00ns)   --->   "%tmp_73 = bitconcatenate i8 @_ssdm_op_BitConcatenate.i8.i4.i4, i4 %a_9, i4 0"   --->   Operation 243 'bitconcatenate' 'tmp_73' <Predicate = (!icmp_ln124)> <Delay = 0.00>
ST_29 : Operation 244 [2/2] (5.16ns)   --->   "%call_ln813 = call void @attention_active13_Pipeline_VITIS_LOOP_126_10, i8 %tmp_73, i16 %Q_V, i16 %K_sum_V, i24 %normalizer_V_2_loc"   --->   Operation 244 'call' 'call_ln813' <Predicate = (!icmp_ln124)> <Delay = 5.16> <CoreType = "Generic">   --->   Core 0 '' <Latency = 0> <II = 1> <Delay = 1.00> <Generic> <Opcode : >
ST_29 : Operation 245 [1/1] (0.00ns)   --->   "%ret_ln152 = ret" [/home/cym/prj2/finn/notebooks/icl_thesis-master/real_event_sparse/hls/q16_esla_k13/src/q16_esla_k13.cpp:152]   --->   Operation 245 'ret' 'ret_ln152' <Predicate = (icmp_ln124)> <Delay = 0.00>

State 30 <SV = 5> <Delay = 0.00>
ST_30 : Operation 246 [1/2] (0.00ns)   --->   "%call_ln813 = call void @attention_active13_Pipeline_VITIS_LOOP_126_10, i8 %tmp_73, i16 %Q_V, i16 %K_sum_V, i24 %normalizer_V_2_loc"   --->   Operation 246 'call' 'call_ln813' <Predicate = true> <Delay = 0.00> <CoreType = "Generic">   --->   Core 0 '' <Latency = 0> <II = 1> <Delay = 1.00> <Generic> <Opcode : >

State 31 <SV = 6> <Delay = 5.56>
ST_31 : Operation 247 [1/1] (0.00ns)   --->   "%normalizer_V_2_loc_load = load i24 %normalizer_V_2_loc"   --->   Operation 247 'load' 'normalizer_V_2_loc_load' <Predicate = true> <Delay = 0.00>
ST_31 : Operation 248 [1/1] (2.45ns)   --->   "%icmp_ln1090 = icmp_eq  i24 %normalizer_V_2_loc_load, i24 0"   --->   Operation 248 'icmp' 'icmp_ln1090' <Predicate = true> <Delay = 2.45> <CoreInst = "Cmp">   --->   Core 9 'Cmp' <Latency = 0> <II = 1> <Delay = 2.45> <FuncUnit> <Opcode : 'icmp'> <InPorts = 2> <OutPorts = 1>
ST_31 : Operation 249 [1/1] (0.00ns)   --->   "%p_Result_58 = bitselect i1 @_ssdm_op_BitSelect.i1.i24.i32, i24 %normalizer_V_2_loc_load, i32 23"   --->   Operation 249 'bitselect' 'p_Result_58' <Predicate = true> <Delay = 0.00>
ST_31 : Operation 250 [1/1] (2.31ns)   --->   "%tmp_V = sub i24 0, i24 %normalizer_V_2_loc_load"   --->   Operation 250 'sub' 'tmp_V' <Predicate = true> <Delay = 2.31> <CoreInst = "Adder">   --->   Core 1 'Adder' <Latency = 0> <II = 1> <Delay = 2.31> <FuncUnit> <Opcode : 'add' 'sub'> <InPorts = 2> <OutPorts = 1>
ST_31 : Operation 251 [1/1] (0.69ns)   --->   "%tmp_V_8 = select i1 %p_Result_58, i24 %tmp_V, i24 %normalizer_V_2_loc_load"   --->   Operation 251 'select' 'tmp_V_8' <Predicate = true> <Delay = 0.69> <CoreInst = "Sel">   --->   Core 73 'Sel' <Latency = 0> <II = 1> <Delay = 0.69> <FuncUnit> <Opcode : 'select'> <InPorts = 3> <OutPorts = 1>
ST_31 : Operation 252 [1/1] (0.00ns)   --->   "%p_Result_46 = partselect i24 @llvm.part.select.i24, i24 %tmp_V_8, i32 23, i32 0"   --->   Operation 252 'partselect' 'p_Result_46' <Predicate = true> <Delay = 0.00>
ST_31 : Operation 253 [1/1] (0.00ns)   --->   "%p_Result_59 = bitconcatenate i25 @_ssdm_op_BitConcatenate.i25.i1.i24, i1 1, i24 %p_Result_46"   --->   Operation 253 'bitconcatenate' 'p_Result_59' <Predicate = true> <Delay = 0.00>
ST_31 : Operation 254 [1/1] (0.00ns)   --->   "%sext_ln1198_1 = sext i25 %p_Result_59"   --->   Operation 254 'sext' 'sext_ln1198_1' <Predicate = true> <Delay = 0.00>
ST_31 : Operation 255 [1/1] (0.00ns)   --->   "%l_1 = cttz i32 @llvm.cttz.i32, i32 %sext_ln1198_1, i1 1"   --->   Operation 255 'cttz' 'l_1' <Predicate = true> <Delay = 0.00>
ST_31 : Operation 256 [1/1] (2.55ns)   --->   "%sub_ln1099_1 = sub i32 24, i32 %l_1"   --->   Operation 256 'sub' 'sub_ln1099_1' <Predicate = true> <Delay = 2.55> <CoreInst = "Adder">   --->   Core 1 'Adder' <Latency = 0> <II = 1> <Delay = 2.55> <FuncUnit> <Opcode : 'add' 'sub'> <InPorts = 2> <OutPorts = 1>
ST_31 : Operation 257 [1/1] (0.00ns)   --->   "%trunc_ln1099_1 = trunc i32 %sub_ln1099_1"   --->   Operation 257 'trunc' 'trunc_ln1099_1' <Predicate = true> <Delay = 0.00>
ST_31 : Operation 258 [1/1] (0.00ns)   --->   "%trunc_ln1102_1 = trunc i32 %sub_ln1099_1"   --->   Operation 258 'trunc' 'trunc_ln1102_1' <Predicate = true> <Delay = 0.00>
ST_31 : Operation 259 [1/1] (0.00ns)   --->   "%trunc_ln1098_1 = trunc i32 %l_1"   --->   Operation 259 'trunc' 'trunc_ln1098_1' <Predicate = true> <Delay = 0.00>

State 32 <SV = 7> <Delay = 6.00>
ST_32 : Operation 260 [1/1] (2.55ns)   --->   "%lsb_index_1 = add i32 %sub_ln1099_1, i32 4294967272"   --->   Operation 260 'add' 'lsb_index_1' <Predicate = (!icmp_ln1090)> <Delay = 2.55> <CoreInst = "Adder">   --->   Core 1 'Adder' <Latency = 0> <II = 1> <Delay = 2.55> <FuncUnit> <Opcode : 'add' 'sub'> <InPorts = 2> <OutPorts = 1>
ST_32 : Operation 261 [1/1] (0.00ns)   --->   "%tmp_56 = partselect i31 @_ssdm_op_PartSelect.i31.i32.i32.i32, i32 %lsb_index_1, i32 1, i32 31"   --->   Operation 261 'partselect' 'tmp_56' <Predicate = (!icmp_ln1090)> <Delay = 0.00>
ST_32 : Operation 262 [1/1] (2.47ns)   --->   "%icmp_ln1101_1 = icmp_sgt  i31 %tmp_56, i31 0"   --->   Operation 262 'icmp' 'icmp_ln1101_1' <Predicate = (!icmp_ln1090)> <Delay = 2.47> <CoreInst = "Cmp">   --->   Core 9 'Cmp' <Latency = 0> <II = 1> <Delay = 2.47> <FuncUnit> <Opcode : 'icmp'> <InPorts = 2> <OutPorts = 1>
ST_32 : Operation 263 [1/1] (1.78ns)   --->   "%sub_ln1102_1 = sub i5 17, i5 %trunc_ln1102_1"   --->   Operation 263 'sub' 'sub_ln1102_1' <Predicate = (!icmp_ln1090)> <Delay = 1.78> <CoreInst = "Adder">   --->   Core 1 'Adder' <Latency = 0> <II = 1> <Delay = 1.78> <FuncUnit> <Opcode : 'add' 'sub'> <InPorts = 2> <OutPorts = 1>
ST_32 : Operation 264 [1/1] (0.00ns) (grouped into LUT with out node icmp_ln1102_1)   --->   "%zext_ln1102_1 = zext i5 %sub_ln1102_1"   --->   Operation 264 'zext' 'zext_ln1102_1' <Predicate = (!icmp_ln1090)> <Delay = 0.00>
ST_32 : Operation 265 [1/1] (0.00ns) (grouped into LUT with out node icmp_ln1102_1)   --->   "%lshr_ln1102_1 = lshr i24 16777215, i24 %zext_ln1102_1"   --->   Operation 265 'lshr' 'lshr_ln1102_1' <Predicate = (!icmp_ln1090)> <Delay = 0.00> <CoreInst = "Shifter">   --->   Core 75 'Shifter' <Latency = 0> <II = 1> <Delay = 2.66> <FuncUnit> <Opcode : 'shl' 'lshr' 'ashr'> <InPorts = 2> <OutPorts = 1>
ST_32 : Operation 266 [1/1] (0.00ns) (grouped into LUT with out node icmp_ln1102_1)   --->   "%p_Result_48 = and i24 %tmp_V_8, i24 %lshr_ln1102_1"   --->   Operation 266 'and' 'p_Result_48' <Predicate = (!icmp_ln1090)> <Delay = 0.00> <CoreInst = "LogicGate">   --->   Core 74 'LogicGate' <Latency = 0> <II = 1> <Delay = 1.03> <FuncUnit> <Opcode : 'and' 'or' 'xor'> <InPorts = 2> <OutPorts = 1>
ST_32 : Operation 267 [1/1] (2.66ns) (out node of the LUT)   --->   "%icmp_ln1102_1 = icmp_ne  i24 %p_Result_48, i24 0"   --->   Operation 267 'icmp' 'icmp_ln1102_1' <Predicate = (!icmp_ln1090)> <Delay = 2.66> <CoreInst = "Cmp">   --->   Core 9 'Cmp' <Latency = 0> <II = 1> <Delay = 2.45> <FuncUnit> <Opcode : 'icmp'> <InPorts = 2> <OutPorts = 1>
ST_32 : Operation 268 [1/1] (0.00ns) (grouped into LUT with out node or_ln1104_1)   --->   "%a_10 = and i1 %icmp_ln1101_1, i1 %icmp_ln1102_1"   --->   Operation 268 'and' 'a_10' <Predicate = (!icmp_ln1090)> <Delay = 0.00> <CoreInst = "LogicGate">   --->   Core 74 'LogicGate' <Latency = 0> <II = 1> <Delay = 0.97> <FuncUnit> <Opcode : 'and' 'or' 'xor'> <InPorts = 2> <OutPorts = 1>
ST_32 : Operation 269 [1/1] (0.00ns) (grouped into LUT with out node or_ln1104_1)   --->   "%tmp_57 = bitselect i1 @_ssdm_op_BitSelect.i1.i32.i32, i32 %lsb_index_1, i32 31"   --->   Operation 269 'bitselect' 'tmp_57' <Predicate = (!icmp_ln1090)> <Delay = 0.00>
ST_32 : Operation 270 [1/1] (0.00ns) (grouped into LUT with out node or_ln1104_1)   --->   "%xor_ln1104_1 = xor i1 %tmp_57, i1 1"   --->   Operation 270 'xor' 'xor_ln1104_1' <Predicate = (!icmp_ln1090)> <Delay = 0.00> <CoreInst = "LogicGate">   --->   Core 74 'LogicGate' <Latency = 0> <II = 1> <Delay = 0.97> <FuncUnit> <Opcode : 'and' 'or' 'xor'> <InPorts = 2> <OutPorts = 1>
ST_32 : Operation 271 [1/1] (2.31ns)   --->   "%add_ln1104_1 = add i24 %trunc_ln1099_1, i24 16777192"   --->   Operation 271 'add' 'add_ln1104_1' <Predicate = (!icmp_ln1090)> <Delay = 2.31> <CoreInst = "Adder">   --->   Core 1 'Adder' <Latency = 0> <II = 1> <Delay = 2.31> <FuncUnit> <Opcode : 'add' 'sub'> <InPorts = 2> <OutPorts = 1>
ST_32 : Operation 272 [1/1] (0.00ns) (grouped into LUT with out node or_ln1104_1)   --->   "%p_Result_49 = bitselect i1 @_ssdm_op_BitSelect.i1.i24.i24, i24 %tmp_V_8, i24 %add_ln1104_1"   --->   Operation 272 'bitselect' 'p_Result_49' <Predicate = (!icmp_ln1090)> <Delay = 0.00>
ST_32 : Operation 273 [1/1] (0.00ns) (grouped into LUT with out node or_ln1104_1)   --->   "%and_ln1104_1 = and i1 %p_Result_49, i1 %xor_ln1104_1"   --->   Operation 273 'and' 'and_ln1104_1' <Predicate = (!icmp_ln1090)> <Delay = 0.00> <CoreInst = "LogicGate">   --->   Core 74 'LogicGate' <Latency = 0> <II = 1> <Delay = 0.97> <FuncUnit> <Opcode : 'and' 'or' 'xor'> <InPorts = 2> <OutPorts = 1>
ST_32 : Operation 274 [1/1] (0.00ns) (grouped into LUT with out node or_ln1104_1)   --->   "%or_ln1104 = or i1 %and_ln1104_1, i1 %a_10"   --->   Operation 274 'or' 'or_ln1104' <Predicate = (!icmp_ln1090)> <Delay = 0.00> <CoreInst = "LogicGate">   --->   Core 74 'LogicGate' <Latency = 0> <II = 1> <Delay = 0.97> <FuncUnit> <Opcode : 'and' 'or' 'xor'> <InPorts = 2> <OutPorts = 1>
ST_32 : Operation 275 [1/1] (0.97ns) (out node of the LUT)   --->   "%or_ln1104_1 = bitconcatenate i2 @_ssdm_op_BitConcatenate.i2.i1.i1, i1 0, i1 %or_ln1104"   --->   Operation 275 'bitconcatenate' 'or_ln1104_1' <Predicate = (!icmp_ln1090)> <Delay = 0.97>
ST_32 : Operation 276 [1/1] (2.47ns)   --->   "%icmp_ln1113_1 = icmp_sgt  i32 %lsb_index_1, i32 0"   --->   Operation 276 'icmp' 'icmp_ln1113_1' <Predicate = (!icmp_ln1090)> <Delay = 2.47> <CoreInst = "Cmp">   --->   Core 9 'Cmp' <Latency = 0> <II = 1> <Delay = 2.47> <FuncUnit> <Opcode : 'icmp'> <InPorts = 2> <OutPorts = 1>

State 33 <SV = 8> <Delay = 6.97>
ST_33 : Operation 277 [1/1] (0.00ns)   --->   "%zext_ln1112_1 = zext i24 %tmp_V_8"   --->   Operation 277 'zext' 'zext_ln1112_1' <Predicate = (!icmp_ln1090)> <Delay = 0.00>
ST_33 : Operation 278 [1/1] (2.55ns)   --->   "%add_ln1113_1 = add i32 %sub_ln1099_1, i32 4294967271"   --->   Operation 278 'add' 'add_ln1113_1' <Predicate = (icmp_ln1113_1 & !icmp_ln1090)> <Delay = 2.55> <CoreInst = "Adder">   --->   Core 1 'Adder' <Latency = 0> <II = 1> <Delay = 2.55> <FuncUnit> <Opcode : 'add' 'sub'> <InPorts = 2> <OutPorts = 1>
ST_33 : Operation 279 [1/1] (0.00ns) (grouped into LUT with out node m_18)   --->   "%zext_ln1113_1 = zext i32 %add_ln1113_1"   --->   Operation 279 'zext' 'zext_ln1113_1' <Predicate = (icmp_ln1113_1 & !icmp_ln1090)> <Delay = 0.00>
ST_33 : Operation 280 [1/1] (0.00ns) (grouped into LUT with out node m_18)   --->   "%lshr_ln1113_1 = lshr i64 %zext_ln1112_1, i64 %zext_ln1113_1"   --->   Operation 280 'lshr' 'lshr_ln1113_1' <Predicate = (icmp_ln1113_1 & !icmp_ln1090)> <Delay = 0.00> <CoreInst = "Shifter">   --->   Core 75 'Shifter' <Latency = 0> <II = 1> <Delay = 4.42> <FuncUnit> <Opcode : 'shl' 'lshr' 'ashr'> <InPorts = 2> <OutPorts = 1>
ST_33 : Operation 281 [1/1] (2.55ns)   --->   "%sub_ln1114_1 = sub i32 25, i32 %sub_ln1099_1"   --->   Operation 281 'sub' 'sub_ln1114_1' <Predicate = (!icmp_ln1113_1 & !icmp_ln1090)> <Delay = 2.55> <CoreInst = "Adder">   --->   Core 1 'Adder' <Latency = 0> <II = 1> <Delay = 2.55> <FuncUnit> <Opcode : 'add' 'sub'> <InPorts = 2> <OutPorts = 1>
ST_33 : Operation 282 [1/1] (0.00ns) (grouped into LUT with out node m_18)   --->   "%zext_ln1114_1 = zext i32 %sub_ln1114_1"   --->   Operation 282 'zext' 'zext_ln1114_1' <Predicate = (!icmp_ln1113_1 & !icmp_ln1090)> <Delay = 0.00>
ST_33 : Operation 283 [1/1] (0.00ns) (grouped into LUT with out node m_18)   --->   "%shl_ln1114_1 = shl i64 %zext_ln1112_1, i64 %zext_ln1114_1"   --->   Operation 283 'shl' 'shl_ln1114_1' <Predicate = (!icmp_ln1113_1 & !icmp_ln1090)> <Delay = 0.00> <CoreInst = "Shifter">   --->   Core 75 'Shifter' <Latency = 0> <II = 1> <Delay = 4.42> <FuncUnit> <Opcode : 'shl' 'lshr' 'ashr'> <InPorts = 2> <OutPorts = 1>
ST_33 : Operation 284 [1/1] (0.00ns) (grouped into LUT with out node m_18)   --->   "%m_17 = select i1 %icmp_ln1113_1, i64 %lshr_ln1113_1, i64 %shl_ln1114_1"   --->   Operation 284 'select' 'm_17' <Predicate = (!icmp_ln1090)> <Delay = 0.00> <CoreInst = "Sel">   --->   Core 73 'Sel' <Latency = 0> <II = 1> <Delay = 1.48> <FuncUnit> <Opcode : 'select'> <InPorts = 3> <OutPorts = 1>
ST_33 : Operation 285 [1/1] (0.00ns) (grouped into LUT with out node m_18)   --->   "%zext_ln1116_1 = zext i2 %or_ln1104_1"   --->   Operation 285 'zext' 'zext_ln1116_1' <Predicate = (!icmp_ln1090)> <Delay = 0.00>
ST_33 : Operation 286 [1/1] (4.42ns) (out node of the LUT)   --->   "%m_18 = add i64 %m_17, i64 %zext_ln1116_1"   --->   Operation 286 'add' 'm_18' <Predicate = (!icmp_ln1090)> <Delay = 4.42> <CoreInst = "Adder">   --->   Core 1 'Adder' <Latency = 0> <II = 1> <Delay = 3.52> <FuncUnit> <Opcode : 'add' 'sub'> <InPorts = 2> <OutPorts = 1>
ST_33 : Operation 287 [1/1] (0.00ns)   --->   "%m = partselect i63 @_ssdm_op_PartSelect.i63.i64.i32.i32, i64 %m_18, i32 1, i32 63"   --->   Operation 287 'partselect' 'm' <Predicate = (!icmp_ln1090)> <Delay = 0.00>
ST_33 : Operation 288 [1/1] (0.00ns)   --->   "%p_Result_50 = bitselect i1 @_ssdm_op_BitSelect.i1.i64.i32, i64 %m_18, i32 25"   --->   Operation 288 'bitselect' 'p_Result_50' <Predicate = (!icmp_ln1090)> <Delay = 0.00>

State 34 <SV = 9> <Delay = 5.61>
ST_34 : Operation 289 [1/1] (0.00ns)   --->   "%zext_ln1117_1 = zext i63 %m"   --->   Operation 289 'zext' 'zext_ln1117_1' <Predicate = (!icmp_ln1090)> <Delay = 0.00>
ST_34 : Operation 290 [1/1] (1.24ns)   --->   "%select_ln1098_1 = select i1 %p_Result_50, i8 127, i8 126"   --->   Operation 290 'select' 'select_ln1098_1' <Predicate = (!icmp_ln1090)> <Delay = 1.24> <CoreInst = "Sel">   --->   Core 73 'Sel' <Latency = 0> <II = 1> <Delay = 1.24> <FuncUnit> <Opcode : 'select'> <InPorts = 3> <OutPorts = 1>
ST_34 : Operation 291 [1/1] (0.00ns) (grouped into TernaryAdder)   --->   "%sub_ln1119_1 = sub i8 10, i8 %trunc_ln1098_1"   --->   Operation 291 'sub' 'sub_ln1119_1' <Predicate = (!icmp_ln1090)> <Delay = 0.00> <CoreInst = "TAddSub">   --->   Core 10 'TAddSub' <Latency = 0> <II = 1> <Delay = 1.83> <IPBlock> <Opcode : 'add' 'sub'> <InPorts = 3> <OutPorts = 1> <Sync> <CReg>
ST_34 : Operation 292 [1/1] (3.66ns) (root node of TernaryAdder)   --->   "%add_ln1124_1 = add i8 %sub_ln1119_1, i8 %select_ln1098_1"   --->   Operation 292 'add' 'add_ln1124_1' <Predicate = (!icmp_ln1090)> <Delay = 3.66> <CoreInst = "TAddSub">   --->   Core 10 'TAddSub' <Latency = 0> <II = 1> <Delay = 1.83> <IPBlock> <Opcode : 'add' 'sub'> <InPorts = 3> <OutPorts = 1> <Sync> <CReg>
ST_34 : Operation 293 [1/1] (0.00ns)   --->   "%tmp_5 = bitconcatenate i9 @_ssdm_op_BitConcatenate.i9.i1.i8, i1 %p_Result_58, i8 %add_ln1124_1"   --->   Operation 293 'bitconcatenate' 'tmp_5' <Predicate = (!icmp_ln1090)> <Delay = 0.00>
ST_34 : Operation 294 [1/1] (0.00ns)   --->   "%p_Result_60 = partset i64 @_ssdm_op_PartSet.i64.i64.i9.i32.i32, i64 %zext_ln1117_1, i9 %tmp_5, i32 23, i32 31"   --->   Operation 294 'partset' 'p_Result_60' <Predicate = (!icmp_ln1090)> <Delay = 0.00>
ST_34 : Operation 295 [1/1] (0.00ns)   --->   "%LD_5 = trunc i64 %p_Result_60"   --->   Operation 295 'trunc' 'LD_5' <Predicate = (!icmp_ln1090)> <Delay = 0.00>
ST_34 : Operation 296 [1/1] (0.00ns)   --->   "%bitcast_ln766_1 = bitcast i32 %LD_5"   --->   Operation 296 'bitcast' 'bitcast_ln766_1' <Predicate = (!icmp_ln1090)> <Delay = 0.00>
ST_34 : Operation 297 [1/1] (0.69ns)   --->   "%select_ln1090 = select i1 %icmp_ln1090, i32 0, i32 %bitcast_ln766_1"   --->   Operation 297 'select' 'select_ln1090' <Predicate = true> <Delay = 0.69> <CoreInst = "Sel">   --->   Core 73 'Sel' <Latency = 0> <II = 1> <Delay = 0.69> <FuncUnit> <Opcode : 'select'> <InPorts = 3> <OutPorts = 1>

State 35 <SV = 10> <Delay = 6.07>
ST_35 : Operation 298 [16/16] (6.07ns)   --->   "%d_assign_1 = fdiv i32 1, i32 %select_ln1090" [/home/cym/prj2/finn/notebooks/icl_thesis-master/real_event_sparse/hls/q16_esla_k13/src/q16_esla_k13.cpp:130]   --->   Operation 298 'fdiv' 'd_assign_1' <Predicate = true> <Delay = 6.07> <CoreInst = "FDiv">   --->   Core 20 'FDiv' <Latency = 15> <II = 1> <Delay = 6.07> <FuncUnit> <Opcode : 'fdiv' 'frem'> <InPorts = 2> <OutPorts = 1>

State 36 <SV = 11> <Delay = 6.07>
ST_36 : Operation 299 [15/16] (6.07ns)   --->   "%d_assign_1 = fdiv i32 1, i32 %select_ln1090" [/home/cym/prj2/finn/notebooks/icl_thesis-master/real_event_sparse/hls/q16_esla_k13/src/q16_esla_k13.cpp:130]   --->   Operation 299 'fdiv' 'd_assign_1' <Predicate = true> <Delay = 6.07> <CoreInst = "FDiv">   --->   Core 20 'FDiv' <Latency = 15> <II = 1> <Delay = 6.07> <FuncUnit> <Opcode : 'fdiv' 'frem'> <InPorts = 2> <OutPorts = 1>

State 37 <SV = 12> <Delay = 6.07>
ST_37 : Operation 300 [14/16] (6.07ns)   --->   "%d_assign_1 = fdiv i32 1, i32 %select_ln1090" [/home/cym/prj2/finn/notebooks/icl_thesis-master/real_event_sparse/hls/q16_esla_k13/src/q16_esla_k13.cpp:130]   --->   Operation 300 'fdiv' 'd_assign_1' <Predicate = true> <Delay = 6.07> <CoreInst = "FDiv">   --->   Core 20 'FDiv' <Latency = 15> <II = 1> <Delay = 6.07> <FuncUnit> <Opcode : 'fdiv' 'frem'> <InPorts = 2> <OutPorts = 1>

State 38 <SV = 13> <Delay = 6.07>
ST_38 : Operation 301 [13/16] (6.07ns)   --->   "%d_assign_1 = fdiv i32 1, i32 %select_ln1090" [/home/cym/prj2/finn/notebooks/icl_thesis-master/real_event_sparse/hls/q16_esla_k13/src/q16_esla_k13.cpp:130]   --->   Operation 301 'fdiv' 'd_assign_1' <Predicate = true> <Delay = 6.07> <CoreInst = "FDiv">   --->   Core 20 'FDiv' <Latency = 15> <II = 1> <Delay = 6.07> <FuncUnit> <Opcode : 'fdiv' 'frem'> <InPorts = 2> <OutPorts = 1>

State 39 <SV = 14> <Delay = 6.07>
ST_39 : Operation 302 [12/16] (6.07ns)   --->   "%d_assign_1 = fdiv i32 1, i32 %select_ln1090" [/home/cym/prj2/finn/notebooks/icl_thesis-master/real_event_sparse/hls/q16_esla_k13/src/q16_esla_k13.cpp:130]   --->   Operation 302 'fdiv' 'd_assign_1' <Predicate = true> <Delay = 6.07> <CoreInst = "FDiv">   --->   Core 20 'FDiv' <Latency = 15> <II = 1> <Delay = 6.07> <FuncUnit> <Opcode : 'fdiv' 'frem'> <InPorts = 2> <OutPorts = 1>

State 40 <SV = 15> <Delay = 6.07>
ST_40 : Operation 303 [11/16] (6.07ns)   --->   "%d_assign_1 = fdiv i32 1, i32 %select_ln1090" [/home/cym/prj2/finn/notebooks/icl_thesis-master/real_event_sparse/hls/q16_esla_k13/src/q16_esla_k13.cpp:130]   --->   Operation 303 'fdiv' 'd_assign_1' <Predicate = true> <Delay = 6.07> <CoreInst = "FDiv">   --->   Core 20 'FDiv' <Latency = 15> <II = 1> <Delay = 6.07> <FuncUnit> <Opcode : 'fdiv' 'frem'> <InPorts = 2> <OutPorts = 1>

State 41 <SV = 16> <Delay = 6.07>
ST_41 : Operation 304 [10/16] (6.07ns)   --->   "%d_assign_1 = fdiv i32 1, i32 %select_ln1090" [/home/cym/prj2/finn/notebooks/icl_thesis-master/real_event_sparse/hls/q16_esla_k13/src/q16_esla_k13.cpp:130]   --->   Operation 304 'fdiv' 'd_assign_1' <Predicate = true> <Delay = 6.07> <CoreInst = "FDiv">   --->   Core 20 'FDiv' <Latency = 15> <II = 1> <Delay = 6.07> <FuncUnit> <Opcode : 'fdiv' 'frem'> <InPorts = 2> <OutPorts = 1>

State 42 <SV = 17> <Delay = 6.07>
ST_42 : Operation 305 [9/16] (6.07ns)   --->   "%d_assign_1 = fdiv i32 1, i32 %select_ln1090" [/home/cym/prj2/finn/notebooks/icl_thesis-master/real_event_sparse/hls/q16_esla_k13/src/q16_esla_k13.cpp:130]   --->   Operation 305 'fdiv' 'd_assign_1' <Predicate = true> <Delay = 6.07> <CoreInst = "FDiv">   --->   Core 20 'FDiv' <Latency = 15> <II = 1> <Delay = 6.07> <FuncUnit> <Opcode : 'fdiv' 'frem'> <InPorts = 2> <OutPorts = 1>

State 43 <SV = 18> <Delay = 6.07>
ST_43 : Operation 306 [8/16] (6.07ns)   --->   "%d_assign_1 = fdiv i32 1, i32 %select_ln1090" [/home/cym/prj2/finn/notebooks/icl_thesis-master/real_event_sparse/hls/q16_esla_k13/src/q16_esla_k13.cpp:130]   --->   Operation 306 'fdiv' 'd_assign_1' <Predicate = true> <Delay = 6.07> <CoreInst = "FDiv">   --->   Core 20 'FDiv' <Latency = 15> <II = 1> <Delay = 6.07> <FuncUnit> <Opcode : 'fdiv' 'frem'> <InPorts = 2> <OutPorts = 1>

State 44 <SV = 19> <Delay = 6.07>
ST_44 : Operation 307 [7/16] (6.07ns)   --->   "%d_assign_1 = fdiv i32 1, i32 %select_ln1090" [/home/cym/prj2/finn/notebooks/icl_thesis-master/real_event_sparse/hls/q16_esla_k13/src/q16_esla_k13.cpp:130]   --->   Operation 307 'fdiv' 'd_assign_1' <Predicate = true> <Delay = 6.07> <CoreInst = "FDiv">   --->   Core 20 'FDiv' <Latency = 15> <II = 1> <Delay = 6.07> <FuncUnit> <Opcode : 'fdiv' 'frem'> <InPorts = 2> <OutPorts = 1>

State 45 <SV = 20> <Delay = 6.07>
ST_45 : Operation 308 [6/16] (6.07ns)   --->   "%d_assign_1 = fdiv i32 1, i32 %select_ln1090" [/home/cym/prj2/finn/notebooks/icl_thesis-master/real_event_sparse/hls/q16_esla_k13/src/q16_esla_k13.cpp:130]   --->   Operation 308 'fdiv' 'd_assign_1' <Predicate = true> <Delay = 6.07> <CoreInst = "FDiv">   --->   Core 20 'FDiv' <Latency = 15> <II = 1> <Delay = 6.07> <FuncUnit> <Opcode : 'fdiv' 'frem'> <InPorts = 2> <OutPorts = 1>

State 46 <SV = 21> <Delay = 6.07>
ST_46 : Operation 309 [5/16] (6.07ns)   --->   "%d_assign_1 = fdiv i32 1, i32 %select_ln1090" [/home/cym/prj2/finn/notebooks/icl_thesis-master/real_event_sparse/hls/q16_esla_k13/src/q16_esla_k13.cpp:130]   --->   Operation 309 'fdiv' 'd_assign_1' <Predicate = true> <Delay = 6.07> <CoreInst = "FDiv">   --->   Core 20 'FDiv' <Latency = 15> <II = 1> <Delay = 6.07> <FuncUnit> <Opcode : 'fdiv' 'frem'> <InPorts = 2> <OutPorts = 1>

State 47 <SV = 22> <Delay = 6.07>
ST_47 : Operation 310 [4/16] (6.07ns)   --->   "%d_assign_1 = fdiv i32 1, i32 %select_ln1090" [/home/cym/prj2/finn/notebooks/icl_thesis-master/real_event_sparse/hls/q16_esla_k13/src/q16_esla_k13.cpp:130]   --->   Operation 310 'fdiv' 'd_assign_1' <Predicate = true> <Delay = 6.07> <CoreInst = "FDiv">   --->   Core 20 'FDiv' <Latency = 15> <II = 1> <Delay = 6.07> <FuncUnit> <Opcode : 'fdiv' 'frem'> <InPorts = 2> <OutPorts = 1>

State 48 <SV = 23> <Delay = 6.07>
ST_48 : Operation 311 [3/16] (6.07ns)   --->   "%d_assign_1 = fdiv i32 1, i32 %select_ln1090" [/home/cym/prj2/finn/notebooks/icl_thesis-master/real_event_sparse/hls/q16_esla_k13/src/q16_esla_k13.cpp:130]   --->   Operation 311 'fdiv' 'd_assign_1' <Predicate = true> <Delay = 6.07> <CoreInst = "FDiv">   --->   Core 20 'FDiv' <Latency = 15> <II = 1> <Delay = 6.07> <FuncUnit> <Opcode : 'fdiv' 'frem'> <InPorts = 2> <OutPorts = 1>

State 49 <SV = 24> <Delay = 6.07>
ST_49 : Operation 312 [2/16] (6.07ns)   --->   "%d_assign_1 = fdiv i32 1, i32 %select_ln1090" [/home/cym/prj2/finn/notebooks/icl_thesis-master/real_event_sparse/hls/q16_esla_k13/src/q16_esla_k13.cpp:130]   --->   Operation 312 'fdiv' 'd_assign_1' <Predicate = true> <Delay = 6.07> <CoreInst = "FDiv">   --->   Core 20 'FDiv' <Latency = 15> <II = 1> <Delay = 6.07> <FuncUnit> <Opcode : 'fdiv' 'frem'> <InPorts = 2> <OutPorts = 1>

State 50 <SV = 25> <Delay = 6.07>
ST_50 : Operation 313 [1/16] (6.07ns)   --->   "%d_assign_1 = fdiv i32 1, i32 %select_ln1090" [/home/cym/prj2/finn/notebooks/icl_thesis-master/real_event_sparse/hls/q16_esla_k13/src/q16_esla_k13.cpp:130]   --->   Operation 313 'fdiv' 'd_assign_1' <Predicate = true> <Delay = 6.07> <CoreInst = "FDiv">   --->   Core 20 'FDiv' <Latency = 15> <II = 1> <Delay = 6.07> <FuncUnit> <Opcode : 'fdiv' 'frem'> <InPorts = 2> <OutPorts = 1>

State 51 <SV = 26> <Delay = 4.43>
ST_51 : Operation 314 [2/2] (4.43ns)   --->   "%d_13 = fpext i32 %d_assign_1"   --->   Operation 314 'fpext' 'd_13' <Predicate = true> <Delay = 4.43> <CoreInst = "Float2Double">   --->   Core 64 'Float2Double' <Latency = 1> <II = 1> <Delay = 4.43> <FuncUnit> <Opcode : 'fpext'> <InPorts = 1> <OutPorts = 1>

State 52 <SV = 27> <Delay = 7.22>
ST_52 : Operation 315 [1/2] (4.43ns)   --->   "%d_13 = fpext i32 %d_assign_1"   --->   Operation 315 'fpext' 'd_13' <Predicate = true> <Delay = 4.43> <CoreInst = "Float2Double">   --->   Core 64 'Float2Double' <Latency = 1> <II = 1> <Delay = 4.43> <FuncUnit> <Opcode : 'fpext'> <InPorts = 1> <OutPorts = 1>
ST_52 : Operation 316 [1/1] (0.00ns)   --->   "%ireg_1 = bitcast i64 %d_13"   --->   Operation 316 'bitcast' 'ireg_1' <Predicate = true> <Delay = 0.00>
ST_52 : Operation 317 [1/1] (0.00ns)   --->   "%trunc_ln544_1 = trunc i64 %ireg_1"   --->   Operation 317 'trunc' 'trunc_ln544_1' <Predicate = true> <Delay = 0.00>
ST_52 : Operation 318 [1/1] (0.00ns)   --->   "%p_Result_61 = bitselect i1 @_ssdm_op_BitSelect.i1.i64.i32, i64 %ireg_1, i32 63"   --->   Operation 318 'bitselect' 'p_Result_61' <Predicate = true> <Delay = 0.00>
ST_52 : Operation 319 [1/1] (0.00ns)   --->   "%exp_tmp_1 = partselect i11 @_ssdm_op_PartSelect.i11.i64.i32.i32, i64 %ireg_1, i32 52, i32 62"   --->   Operation 319 'partselect' 'exp_tmp_1' <Predicate = true> <Delay = 0.00>
ST_52 : Operation 320 [1/1] (0.00ns)   --->   "%trunc_ln554_1 = trunc i64 %ireg_1"   --->   Operation 320 'trunc' 'trunc_ln554_1' <Predicate = true> <Delay = 0.00>
ST_52 : Operation 321 [1/1] (2.78ns)   --->   "%icmp_ln560_1 = icmp_eq  i63 %trunc_ln544_1, i63 0"   --->   Operation 321 'icmp' 'icmp_ln560_1' <Predicate = true> <Delay = 2.78> <CoreInst = "Cmp">   --->   Core 9 'Cmp' <Latency = 0> <II = 1> <Delay = 2.78> <FuncUnit> <Opcode : 'icmp'> <InPorts = 2> <OutPorts = 1>

State 53 <SV = 28> <Delay = 5.78>
ST_53 : Operation 322 [1/1] (0.00ns)   --->   "%zext_ln455_1 = zext i11 %exp_tmp_1"   --->   Operation 322 'zext' 'zext_ln455_1' <Predicate = (!icmp_ln560_1)> <Delay = 0.00>
ST_53 : Operation 323 [1/1] (0.00ns)   --->   "%p_Result_62 = bitconcatenate i53 @_ssdm_op_BitConcatenate.i53.i1.i52, i1 1, i52 %trunc_ln554_1"   --->   Operation 323 'bitconcatenate' 'p_Result_62' <Predicate = (!icmp_ln560_1)> <Delay = 0.00>
ST_53 : Operation 324 [1/1] (0.00ns)   --->   "%zext_ln558_1 = zext i53 %p_Result_62"   --->   Operation 324 'zext' 'zext_ln558_1' <Predicate = (!icmp_ln560_1)> <Delay = 0.00>
ST_53 : Operation 325 [1/1] (3.23ns)   --->   "%man_V_10 = sub i54 0, i54 %zext_ln558_1"   --->   Operation 325 'sub' 'man_V_10' <Predicate = (p_Result_61 & !icmp_ln560_1)> <Delay = 3.23> <CoreInst = "Adder">   --->   Core 1 'Adder' <Latency = 0> <II = 1> <Delay = 3.23> <FuncUnit> <Opcode : 'add' 'sub'> <InPorts = 2> <OutPorts = 1>
ST_53 : Operation 326 [1/1] (0.94ns)   --->   "%man_V_11 = select i1 %p_Result_61, i54 %man_V_10, i54 %zext_ln558_1"   --->   Operation 326 'select' 'man_V_11' <Predicate = (!icmp_ln560_1)> <Delay = 0.94> <CoreInst = "Sel">   --->   Core 73 'Sel' <Latency = 0> <II = 1> <Delay = 0.94> <FuncUnit> <Opcode : 'select'> <InPorts = 3> <OutPorts = 1>
ST_53 : Operation 327 [1/1] (1.54ns)   --->   "%F2_1 = sub i12 1075, i12 %zext_ln455_1"   --->   Operation 327 'sub' 'F2_1' <Predicate = (!icmp_ln560_1)> <Delay = 1.54> <CoreInst = "Adder">   --->   Core 1 'Adder' <Latency = 0> <II = 1> <Delay = 1.54> <FuncUnit> <Opcode : 'add' 'sub'> <InPorts = 2> <OutPorts = 1>
ST_53 : Operation 328 [1/1] (1.99ns)   --->   "%icmp_ln570_1 = icmp_sgt  i12 %F2_1, i12 10"   --->   Operation 328 'icmp' 'icmp_ln570_1' <Predicate = (!icmp_ln560_1)> <Delay = 1.99> <CoreInst = "Cmp">   --->   Core 9 'Cmp' <Latency = 0> <II = 1> <Delay = 1.99> <FuncUnit> <Opcode : 'icmp'> <InPorts = 2> <OutPorts = 1>
ST_53 : Operation 329 [1/1] (1.54ns)   --->   "%add_ln570_1 = add i12 %F2_1, i12 4086"   --->   Operation 329 'add' 'add_ln570_1' <Predicate = (!icmp_ln560_1)> <Delay = 1.54> <CoreInst = "Adder">   --->   Core 1 'Adder' <Latency = 0> <II = 1> <Delay = 1.54> <FuncUnit> <Opcode : 'add' 'sub'> <InPorts = 2> <OutPorts = 1>
ST_53 : Operation 330 [1/1] (1.54ns)   --->   "%sub_ln570_1 = sub i12 10, i12 %F2_1"   --->   Operation 330 'sub' 'sub_ln570_1' <Predicate = (!icmp_ln560_1)> <Delay = 1.54> <CoreInst = "Adder">   --->   Core 1 'Adder' <Latency = 0> <II = 1> <Delay = 1.54> <FuncUnit> <Opcode : 'add' 'sub'> <InPorts = 2> <OutPorts = 1>
ST_53 : Operation 331 [1/1] (0.69ns)   --->   "%sh_amt_1 = select i1 %icmp_ln570_1, i12 %add_ln570_1, i12 %sub_ln570_1"   --->   Operation 331 'select' 'sh_amt_1' <Predicate = (!icmp_ln560_1)> <Delay = 0.69> <CoreInst = "Sel">   --->   Core 73 'Sel' <Latency = 0> <II = 1> <Delay = 0.69> <FuncUnit> <Opcode : 'select'> <InPorts = 3> <OutPorts = 1>
ST_53 : Operation 332 [1/1] (1.99ns)   --->   "%icmp_ln571_1 = icmp_eq  i12 %F2_1, i12 10"   --->   Operation 332 'icmp' 'icmp_ln571_1' <Predicate = (!icmp_ln560_1)> <Delay = 1.99> <CoreInst = "Cmp">   --->   Core 9 'Cmp' <Latency = 0> <II = 1> <Delay = 1.99> <FuncUnit> <Opcode : 'icmp'> <InPorts = 2> <OutPorts = 1>
ST_53 : Operation 333 [1/1] (0.00ns)   --->   "%trunc_ln572_1 = trunc i54 %man_V_11"   --->   Operation 333 'trunc' 'trunc_ln572_1' <Predicate = (!icmp_ln560_1)> <Delay = 0.00>
ST_53 : Operation 334 [1/1] (0.00ns)   --->   "%tmp_61 = partselect i8 @_ssdm_op_PartSelect.i8.i12.i32.i32, i12 %sh_amt_1, i32 4, i32 11"   --->   Operation 334 'partselect' 'tmp_61' <Predicate = (!icmp_ln560_1)> <Delay = 0.00>
ST_53 : Operation 335 [1/1] (1.55ns)   --->   "%icmp_ln592_1 = icmp_eq  i8 %tmp_61, i8 0"   --->   Operation 335 'icmp' 'icmp_ln592_1' <Predicate = (!icmp_ln560_1)> <Delay = 1.55> <CoreInst = "Cmp">   --->   Core 9 'Cmp' <Latency = 0> <II = 1> <Delay = 1.55> <FuncUnit> <Opcode : 'icmp'> <InPorts = 2> <OutPorts = 1>
ST_53 : Operation 336 [1/1] (0.00ns) (grouped into LUT with out node and_ln570_1)   --->   "%or_ln571_1 = or i1 %icmp_ln560_1, i1 %icmp_ln571_1"   --->   Operation 336 'or' 'or_ln571_1' <Predicate = (!icmp_ln560_1)> <Delay = 0.00> <CoreInst = "LogicGate">   --->   Core 74 'LogicGate' <Latency = 0> <II = 1> <Delay = 0.97> <FuncUnit> <Opcode : 'and' 'or' 'xor'> <InPorts = 2> <OutPorts = 1>
ST_53 : Operation 337 [1/1] (0.00ns) (grouped into LUT with out node and_ln570_1)   --->   "%xor_ln571_1 = xor i1 %or_ln571_1, i1 1"   --->   Operation 337 'xor' 'xor_ln571_1' <Predicate = (!icmp_ln560_1)> <Delay = 0.00> <CoreInst = "LogicGate">   --->   Core 74 'LogicGate' <Latency = 0> <II = 1> <Delay = 0.97> <FuncUnit> <Opcode : 'and' 'or' 'xor'> <InPorts = 2> <OutPorts = 1>
ST_53 : Operation 338 [1/1] (0.97ns) (out node of the LUT)   --->   "%and_ln570_1 = and i1 %icmp_ln570_1, i1 %xor_ln571_1"   --->   Operation 338 'and' 'and_ln570_1' <Predicate = (!icmp_ln560_1)> <Delay = 0.97> <CoreInst = "LogicGate">   --->   Core 74 'LogicGate' <Latency = 0> <II = 1> <Delay = 0.97> <FuncUnit> <Opcode : 'and' 'or' 'xor'> <InPorts = 2> <OutPorts = 1>

State 54 <SV = 29> <Delay = 3.98>
ST_54 : Operation 339 [1/1] (0.00ns)   --->   "%sext_ln570_1 = sext i12 %sh_amt_1"   --->   Operation 339 'sext' 'sext_ln570_1' <Predicate = (!icmp_ln560_1)> <Delay = 0.00>
ST_54 : Operation 340 [1/1] (1.99ns)   --->   "%icmp_ln574_1 = icmp_ult  i12 %sh_amt_1, i12 54"   --->   Operation 340 'icmp' 'icmp_ln574_1' <Predicate = (and_ln570_1 & !icmp_ln560_1)> <Delay = 1.99> <CoreInst = "Cmp">   --->   Core 9 'Cmp' <Latency = 0> <II = 1> <Delay = 1.99> <FuncUnit> <Opcode : 'icmp'> <InPorts = 2> <OutPorts = 1>
ST_54 : Operation 341 [1/1] (0.00ns) (grouped into LUT with out node select_ln571_1)   --->   "%sext_ln570_1cast = trunc i32 %sext_ln570_1"   --->   Operation 341 'trunc' 'sext_ln570_1cast' <Predicate = (icmp_ln592_1 & !and_ln570_1 & !icmp_ln560_1)> <Delay = 0.00>
ST_54 : Operation 342 [1/1] (0.00ns) (grouped into LUT with out node select_ln571_1)   --->   "%shl_ln593_1 = shl i16 %trunc_ln572_1, i16 %sext_ln570_1cast"   --->   Operation 342 'shl' 'shl_ln593_1' <Predicate = (icmp_ln592_1 & !and_ln570_1 & !icmp_ln560_1)> <Delay = 0.00> <CoreInst = "Shifter">   --->   Core 75 'Shifter' <Latency = 0> <II = 1> <Delay = 3.98> <FuncUnit> <Opcode : 'shl' 'lshr' 'ashr'> <InPorts = 2> <OutPorts = 1>
ST_54 : Operation 343 [1/1] (0.00ns) (grouped into LUT with out node select_ln571_1)   --->   "%select_ln592_1 = select i1 %icmp_ln592_1, i16 %shl_ln593_1, i16 0"   --->   Operation 343 'select' 'select_ln592_1' <Predicate = (!and_ln570_1 & !icmp_ln560_1)> <Delay = 0.00> <CoreInst = "Sel">   --->   Core 73 'Sel' <Latency = 0> <II = 1> <Delay = 0.80> <FuncUnit> <Opcode : 'select'> <InPorts = 3> <OutPorts = 1>
ST_54 : Operation 344 [1/1] (0.00ns) (grouped into LUT with out node select_ln571_1)   --->   "%xor_ln560_1 = xor i1 %icmp_ln560_1, i1 1"   --->   Operation 344 'xor' 'xor_ln560_1' <Predicate = (!and_ln570_1 & !icmp_ln560_1)> <Delay = 0.00> <CoreInst = "LogicGate">   --->   Core 74 'LogicGate' <Latency = 0> <II = 1> <Delay = 0.97> <FuncUnit> <Opcode : 'and' 'or' 'xor'> <InPorts = 2> <OutPorts = 1>
ST_54 : Operation 345 [1/1] (0.00ns) (grouped into LUT with out node select_ln571_1)   --->   "%and_ln571_1 = and i1 %icmp_ln571_1, i1 %xor_ln560_1"   --->   Operation 345 'and' 'and_ln571_1' <Predicate = (!and_ln570_1 & !icmp_ln560_1)> <Delay = 0.00> <CoreInst = "LogicGate">   --->   Core 74 'LogicGate' <Latency = 0> <II = 1> <Delay = 0.97> <FuncUnit> <Opcode : 'and' 'or' 'xor'> <InPorts = 2> <OutPorts = 1>
ST_54 : Operation 346 [1/1] (3.98ns) (out node of the LUT)   --->   "%select_ln571_1 = select i1 %and_ln571_1, i16 %trunc_ln572_1, i16 %select_ln592_1"   --->   Operation 346 'select' 'select_ln571_1' <Predicate = (!and_ln570_1 & !icmp_ln560_1)> <Delay = 3.98> <CoreInst = "Sel">   --->   Core 73 'Sel' <Latency = 0> <II = 1> <Delay = 0.80> <FuncUnit> <Opcode : 'select'> <InPorts = 3> <OutPorts = 1>

State 55 <SV = 30> <Delay = 5.41>
ST_55 : Operation 347 [1/1] (0.00ns) (grouped into LUT with out node select_ln570_2)   --->   "%zext_ln575_1 = zext i32 %sext_ln570_1"   --->   Operation 347 'zext' 'zext_ln575_1' <Predicate = (icmp_ln574_1 & and_ln570_1 & !icmp_ln560_1)> <Delay = 0.00>
ST_55 : Operation 348 [1/1] (0.00ns) (grouped into LUT with out node select_ln570_2)   --->   "%ashr_ln575_1 = ashr i54 %man_V_11, i54 %zext_ln575_1"   --->   Operation 348 'ashr' 'ashr_ln575_1' <Predicate = (icmp_ln574_1 & and_ln570_1 & !icmp_ln560_1)> <Delay = 0.00> <CoreInst = "Shifter">   --->   Core 75 'Shifter' <Latency = 0> <II = 1> <Delay = 4.61> <FuncUnit> <Opcode : 'shl' 'lshr' 'ashr'> <InPorts = 2> <OutPorts = 1>
ST_55 : Operation 349 [1/1] (0.00ns) (grouped into LUT with out node select_ln570_2)   --->   "%trunc_ln575_1 = trunc i54 %ashr_ln575_1"   --->   Operation 349 'trunc' 'trunc_ln575_1' <Predicate = (icmp_ln574_1 & and_ln570_1 & !icmp_ln560_1)> <Delay = 0.00>
ST_55 : Operation 350 [1/1] (0.00ns) (grouped into LUT with out node select_ln570_2)   --->   "%bitcast_ln724_1 = bitcast i32 %d_assign_1"   --->   Operation 350 'bitcast' 'bitcast_ln724_1' <Predicate = (!icmp_ln574_1 & and_ln570_1 & !icmp_ln560_1)> <Delay = 0.00>
ST_55 : Operation 351 [1/1] (0.00ns) (grouped into LUT with out node select_ln570_2)   --->   "%tmp_60 = bitselect i1 @_ssdm_op_BitSelect.i1.i32.i32, i32 %bitcast_ln724_1, i32 31"   --->   Operation 351 'bitselect' 'tmp_60' <Predicate = (!icmp_ln574_1 & and_ln570_1 & !icmp_ln560_1)> <Delay = 0.00>
ST_55 : Operation 352 [1/1] (0.00ns) (grouped into LUT with out node select_ln570_2)   --->   "%select_ln577_1 = select i1 %tmp_60, i16 65535, i16 0"   --->   Operation 352 'select' 'select_ln577_1' <Predicate = (!icmp_ln574_1 & and_ln570_1 & !icmp_ln560_1)> <Delay = 0.00> <CoreInst = "Sel">   --->   Core 73 'Sel' <Latency = 0> <II = 1> <Delay = 0.99> <FuncUnit> <Opcode : 'select'> <InPorts = 3> <OutPorts = 1>
ST_55 : Operation 353 [1/1] (0.00ns) (grouped into LUT with out node select_ln570_2)   --->   "%select_ln574_1 = select i1 %icmp_ln574_1, i16 %trunc_ln575_1, i16 %select_ln577_1"   --->   Operation 353 'select' 'select_ln574_1' <Predicate = (and_ln570_1 & !icmp_ln560_1)> <Delay = 0.00> <CoreInst = "Sel">   --->   Core 73 'Sel' <Latency = 0> <II = 1> <Delay = 0.80> <FuncUnit> <Opcode : 'select'> <InPorts = 3> <OutPorts = 1>
ST_55 : Operation 354 [1/1] (4.61ns) (out node of the LUT)   --->   "%select_ln570_2 = select i1 %and_ln570_1, i16 %select_ln574_1, i16 %select_ln571_1"   --->   Operation 354 'select' 'select_ln570_2' <Predicate = (!icmp_ln560_1)> <Delay = 4.61> <CoreInst = "Sel">   --->   Core 73 'Sel' <Latency = 0> <II = 1> <Delay = 0.80> <FuncUnit> <Opcode : 'select'> <InPorts = 3> <OutPorts = 1>
ST_55 : Operation 355 [1/1] (0.80ns) (out node of the LUT)   --->   "%inv_normalizer_V = select i1 %icmp_ln560_1, i16 0, i16 %select_ln570_2"   --->   Operation 355 'select' 'inv_normalizer_V' <Predicate = true> <Delay = 0.80> <CoreInst = "Sel">   --->   Core 73 'Sel' <Latency = 0> <II = 1> <Delay = 0.80> <FuncUnit> <Opcode : 'select'> <InPorts = 3> <OutPorts = 1>
ST_55 : Operation 356 [2/2] (0.00ns)   --->   "%call_ln813 = call void @attention_active13_Pipeline_VITIS_LOOP_133_11_VITIS_LOOP_135_12, i8 %tmp_73, i16 %Q_V, i16 %KV_V, i16 %inv_normalizer_V, i16 %attended_V"   --->   Operation 356 'call' 'call_ln813' <Predicate = true> <Delay = 0.00> <CoreType = "Generic">   --->   Core 0 '' <Latency = 0> <II = 1> <Delay = 1.00> <Generic> <Opcode : >

State 56 <SV = 31> <Delay = 1.58>
ST_56 : Operation 357 [1/1] (0.00ns)   --->   "%specloopname_ln125 = specloopname void @_ssdm_op_SpecLoopName, void @empty_21" [/home/cym/prj2/finn/notebooks/icl_thesis-master/real_event_sparse/hls/q16_esla_k13/src/q16_esla_k13.cpp:125]   --->   Operation 357 'specloopname' 'specloopname_ln125' <Predicate = true> <Delay = 0.00>
ST_56 : Operation 358 [1/2] (0.00ns)   --->   "%call_ln813 = call void @attention_active13_Pipeline_VITIS_LOOP_133_11_VITIS_LOOP_135_12, i8 %tmp_73, i16 %Q_V, i16 %KV_V, i16 %inv_normalizer_V, i16 %attended_V"   --->   Operation 358 'call' 'call_ln813' <Predicate = true> <Delay = 0.00> <CoreType = "Generic">   --->   Core 0 '' <Latency = 0> <II = 1> <Delay = 1.00> <Generic> <Opcode : >
ST_56 : Operation 359 [1/1] (1.58ns)   --->   "%br_ln142 = br void %for.body201" [/home/cym/prj2/finn/notebooks/icl_thesis-master/real_event_sparse/hls/q16_esla_k13/src/q16_esla_k13.cpp:142]   --->   Operation 359 'br' 'br_ln142' <Predicate = true> <Delay = 1.58>

State 57 <SV = 32> <Delay = 2.95>
ST_57 : Operation 360 [1/1] (0.00ns)   --->   "%d_11 = phi i5 %add_ln142, void %for.body201.split, i5 0, void %for.body142.split" [/home/cym/prj2/finn/notebooks/icl_thesis-master/real_event_sparse/hls/q16_esla_k13/src/q16_esla_k13.cpp:142]   --->   Operation 360 'phi' 'd_11' <Predicate = true> <Delay = 0.00>
ST_57 : Operation 361 [1/1] (1.36ns)   --->   "%icmp_ln142 = icmp_eq  i5 %d_11, i5 16" [/home/cym/prj2/finn/notebooks/icl_thesis-master/real_event_sparse/hls/q16_esla_k13/src/q16_esla_k13.cpp:142]   --->   Operation 361 'icmp' 'icmp_ln142' <Predicate = true> <Delay = 1.36> <CoreInst = "Cmp">   --->   Core 9 'Cmp' <Latency = 0> <II = 1> <Delay = 1.36> <FuncUnit> <Opcode : 'icmp'> <InPorts = 2> <OutPorts = 1>
ST_57 : Operation 362 [1/1] (0.00ns)   --->   "%empty_99 = speclooptripcount i32 @_ssdm_op_SpecLoopTripCount, i64 16, i64 16, i64 16"   --->   Operation 362 'speclooptripcount' 'empty_99' <Predicate = true> <Delay = 0.00>
ST_57 : Operation 363 [1/1] (1.78ns)   --->   "%add_ln142 = add i5 %d_11, i5 1" [/home/cym/prj2/finn/notebooks/icl_thesis-master/real_event_sparse/hls/q16_esla_k13/src/q16_esla_k13.cpp:142]   --->   Operation 363 'add' 'add_ln142' <Predicate = true> <Delay = 1.78> <CoreInst = "Adder">   --->   Core 1 'Adder' <Latency = 0> <II = 1> <Delay = 1.78> <FuncUnit> <Opcode : 'add' 'sub'> <InPorts = 2> <OutPorts = 1>
ST_57 : Operation 364 [1/1] (0.00ns)   --->   "%br_ln142 = br i1 %icmp_ln142, void %for.body201.split, void %for.inc235" [/home/cym/prj2/finn/notebooks/icl_thesis-master/real_event_sparse/hls/q16_esla_k13/src/q16_esla_k13.cpp:142]   --->   Operation 364 'br' 'br_ln142' <Predicate = true> <Delay = 0.00>
ST_57 : Operation 365 [1/1] (0.00ns)   --->   "%zext_ln142 = zext i5 %d_11" [/home/cym/prj2/finn/notebooks/icl_thesis-master/real_event_sparse/hls/q16_esla_k13/src/q16_esla_k13.cpp:142]   --->   Operation 365 'zext' 'zext_ln142' <Predicate = (!icmp_ln142)> <Delay = 0.00>
ST_57 : Operation 366 [1/1] (0.00ns)   --->   "%zext_ln813 = zext i5 %d_11"   --->   Operation 366 'zext' 'zext_ln813' <Predicate = (!icmp_ln142)> <Delay = 0.00>
ST_57 : Operation 367 [1/1] (1.91ns)   --->   "%add_ln813_16 = add i8 %tmp_73, i8 %zext_ln813"   --->   Operation 367 'add' 'add_ln813_16' <Predicate = (!icmp_ln142)> <Delay = 1.91> <CoreInst = "Adder">   --->   Core 1 'Adder' <Latency = 0> <II = 1> <Delay = 1.91> <FuncUnit> <Opcode : 'add' 'sub'> <InPorts = 2> <OutPorts = 1>
ST_57 : Operation 368 [1/1] (0.00ns)   --->   "%layers_0_attention_output_bias_V_addr = getelementptr i7 %layers_0_attention_output_bias_V, i64 0, i64 %zext_ln142"   --->   Operation 368 'getelementptr' 'layers_0_attention_output_bias_V_addr' <Predicate = (!icmp_ln142)> <Delay = 0.00>
ST_57 : Operation 369 [2/2] (2.32ns)   --->   "%sum_V = load i4 %layers_0_attention_output_bias_V_addr"   --->   Operation 369 'load' 'sum_V' <Predicate = (!icmp_ln142)> <Delay = 2.32> <CoreInst = "ROM">   --->   Core 95 'ROM' <Latency = 1> <II = 1> <Delay = 2.32> <Storage> <Opcode : 'load'> <Ports = 0> <Width = 7> <Depth = 16> <ROM>
ST_57 : Operation 370 [1/1] (0.00ns)   --->   "%empty_100 = trunc i5 %d_11" [/home/cym/prj2/finn/notebooks/icl_thesis-master/real_event_sparse/hls/q16_esla_k13/src/q16_esla_k13.cpp:142]   --->   Operation 370 'trunc' 'empty_100' <Predicate = (!icmp_ln142)> <Delay = 0.00>
ST_57 : Operation 371 [1/1] (1.58ns)   --->   "%store_ln124 = store i4 %add_ln124, i4 %a_7" [/home/cym/prj2/finn/notebooks/icl_thesis-master/real_event_sparse/hls/q16_esla_k13/src/q16_esla_k13.cpp:124]   --->   Operation 371 'store' 'store_ln124' <Predicate = (icmp_ln142)> <Delay = 1.58>
ST_57 : Operation 372 [1/1] (0.00ns)   --->   "%br_ln124 = br void %for.body142" [/home/cym/prj2/finn/notebooks/icl_thesis-master/real_event_sparse/hls/q16_esla_k13/src/q16_esla_k13.cpp:124]   --->   Operation 372 'br' 'br_ln124' <Predicate = (icmp_ln142)> <Delay = 0.00>

State 58 <SV = 33> <Delay = 2.32>
ST_58 : Operation 373 [1/2] (2.32ns)   --->   "%sum_V = load i4 %layers_0_attention_output_bias_V_addr"   --->   Operation 373 'load' 'sum_V' <Predicate = true> <Delay = 2.32> <CoreInst = "ROM">   --->   Core 95 'ROM' <Latency = 1> <II = 1> <Delay = 2.32> <Storage> <Opcode : 'load'> <Ports = 0> <Width = 7> <Depth = 16> <ROM>

State 59 <SV = 34> <Delay = 5.16>
ST_59 : Operation 374 [1/1] (0.00ns)   --->   "%sum_V_9 = bitconcatenate i11 @_ssdm_op_BitConcatenate.i11.i7.i4, i7 %sum_V, i4 0"   --->   Operation 374 'bitconcatenate' 'sum_V_9' <Predicate = true> <Delay = 0.00>
ST_59 : Operation 375 [1/1] (0.00ns)   --->   "%tmp_74 = bitconcatenate i8 @_ssdm_op_BitConcatenate.i8.i4.i4, i4 %empty_100, i4 0" [/home/cym/prj2/finn/notebooks/icl_thesis-master/real_event_sparse/hls/q16_esla_k13/src/q16_esla_k13.cpp:142]   --->   Operation 375 'bitconcatenate' 'tmp_74' <Predicate = true> <Delay = 0.00>
ST_59 : Operation 376 [2/2] (5.16ns)   --->   "%call_ln838 = call void @attention_active13_Pipeline_VITIS_LOOP_144_14, i11 %sum_V_9, i16 %x_active, i8 %add_ln813_16, i8 %tmp_74, i16 %attended_V, i10 %layers_0_attention_output_weight_V"   --->   Operation 376 'call' 'call_ln838' <Predicate = true> <Delay = 5.16> <CoreType = "Generic">   --->   Core 0 '' <Latency = 0> <II = 1> <Delay = 1.00> <Generic> <Opcode : >

State 60 <SV = 35> <Delay = 0.00>
ST_60 : Operation 377 [1/1] (0.00ns)   --->   "%specloopname_ln142 = specloopname void @_ssdm_op_SpecLoopName, void @empty_15" [/home/cym/prj2/finn/notebooks/icl_thesis-master/real_event_sparse/hls/q16_esla_k13/src/q16_esla_k13.cpp:142]   --->   Operation 377 'specloopname' 'specloopname_ln142' <Predicate = true> <Delay = 0.00>
ST_60 : Operation 378 [1/2] (0.00ns)   --->   "%call_ln838 = call void @attention_active13_Pipeline_VITIS_LOOP_144_14, i11 %sum_V_9, i16 %x_active, i8 %add_ln813_16, i8 %tmp_74, i16 %attended_V, i10 %layers_0_attention_output_weight_V"   --->   Operation 378 'call' 'call_ln838' <Predicate = true> <Delay = 0.00> <CoreType = "Generic">   --->   Core 0 '' <Latency = 0> <II = 1> <Delay = 1.00> <Generic> <Opcode : >
ST_60 : Operation 379 [1/1] (0.00ns)   --->   "%br_ln142 = br void %for.body201" [/home/cym/prj2/finn/notebooks/icl_thesis-master/real_event_sparse/hls/q16_esla_k13/src/q16_esla_k13.cpp:142]   --->   Operation 379 'br' 'br_ln142' <Predicate = true> <Delay = 0.00>


============================================================
+ Verbose Summary: Binding
============================================================
STG Binding: 
---------------- STG Properties BEGIN ----------------
- Is combinational: 0
- Is one-state seq: 0
- Is datapath-only: 0
- Is pipelined: 0
- Is top level: 0
Port [ Return ] is wired: 1; IO mode=ap_ctrl_hs:ce=0
Port [ x_active]:  wired=1; compound=1; hidden=0; nouse=0; global=0; static=0; extern=0; dir=2; type=1; pingpong=0; private_global=0; MemPort=[21]; IO mode=ap_memory:ce=0
Port [ phi_k_active]:  wired=1; compound=1; hidden=0; nouse=0; global=0; static=0; extern=0; dir=0; type=1; pingpong=0; private_global=0; MemPort=[13]; IO mode=ap_memory:ce=0
Port [ layers_0_attention_query_weight_V]:  wired=0; compound=1; hidden=1; nouse=1; global=1; static=1; extern=0; dir=0; type=1; pingpong=0; private_global=0; MemPort=[1]; IO mode=ap_memory:ce=0
Port [ layers_0_attention_value_weight_V]:  wired=0; compound=1; hidden=1; nouse=1; global=1; static=1; extern=0; dir=0; type=1; pingpong=0; private_global=0; MemPort=[1]; IO mode=ap_memory:ce=0
Port [ layers_0_attention_output_bias_V]:  wired=0; compound=1; hidden=1; nouse=0; global=1; static=1; extern=0; dir=0; type=1; pingpong=0; private_global=1; MemPort=[1]; IO mode=ap_memory:ce=0
Port [ layers_0_attention_output_weight_V]:  wired=0; compound=1; hidden=1; nouse=1; global=1; static=1; extern=0; dir=0; type=1; pingpong=0; private_global=0; MemPort=[1]; IO mode=ap_memory:ce=0
---------------- STG Properties END ------------------

---------------- Datapath Model BEGIN ----------------

<LifeTime>
<method=bitvector/>
d                                     (alloca           ) [ 0111111111111111111111111000000000000000000000000000000000000]
a                                     (alloca           ) [ 0111111111111111111111111000000000000000000000000000000000000]
indvar_flatten                        (alloca           ) [ 0111111111111111111111111000000000000000000000000000000000000]
normalizer_V_2_loc                    (alloca           ) [ 0011111111111111111111111111111111111111111111111111111111111]
sum_V_loc                             (alloca           ) [ 0011111111111111111111111111100000000000000000000000000000000]
phi_ln818_1_loc                       (alloca           ) [ 0011111111111111111111111000000000000000000000000000000000000]
x_V_loc                               (alloca           ) [ 0011111111111111111111111000000000000000000000000000000000000]
Q_V                                   (alloca           ) [ 0011111111111111111111111111111111111111111111111111111111111]
V_V                                   (alloca           ) [ 0011111111111111111111111100000000000000000000000000000000000]
KV_V                                  (alloca           ) [ 0011111111111111111111111111111111111111111111111111111111111]
K_sum_V                               (alloca           ) [ 0011111111111111111111111111111111111111111111111111111111111]
attended_V                            (alloca           ) [ 0011111111111111111111111111111111111111111111111111111111111]
store_ln87                            (store            ) [ 0000000000000000000000000000000000000000000000000000000000000]
store_ln87                            (store            ) [ 0000000000000000000000000000000000000000000000000000000000000]
store_ln87                            (store            ) [ 0000000000000000000000000000000000000000000000000000000000000]
br_ln87                               (br               ) [ 0000000000000000000000000000000000000000000000000000000000000]
indvar_flatten_load                   (load             ) [ 0000000000000000000000000000000000000000000000000000000000000]
icmp_ln87                             (icmp             ) [ 0011111111111111111111111000000000000000000000000000000000000]
add_ln87_1                            (add              ) [ 0000000000000000000000000000000000000000000000000000000000000]
br_ln87                               (br               ) [ 0000000000000000000000000000000000000000000000000000000000000]
d_load                                (load             ) [ 0001000000000000000000000000000000000000000000000000000000000]
a_load                                (load             ) [ 0000000000000000000000000000000000000000000000000000000000000]
add_ln87                              (add              ) [ 0000000000000000000000000000000000000000000000000000000000000]
icmp_ln88                             (icmp             ) [ 0001000000000000000000000000000000000000000000000000000000000]
select_ln87_1                         (select           ) [ 0001000000000000000000000000000000000000000000000000000000000]
store_ln88                            (store            ) [ 0000000000000000000000000000000000000000000000000000000000000]
store_ln88                            (store            ) [ 0000000000000000000000000000000000000000000000000000000000000]
d_7                                   (alloca           ) [ 0011111111111111111111111111100000000000000000000000000000000]
store_ln115                           (store            ) [ 0000000000000000000000000000000000000000000000000000000000000]
select_ln87                           (select           ) [ 0000000000000000000000000000000000000000000000000000000000000]
tmp_s                                 (bitconcatenate   ) [ 0000100000000000000000000000000000000000000000000000000000000]
zext_ln97                             (zext             ) [ 0000000000000000000000000000000000000000000000000000000000000]
add_ln97                              (add              ) [ 0000111111111111111111111000000000000000000000000000000000000]
empty_96                              (trunc            ) [ 0000000000000000000000000000000000000000000000000000000000000]
tmp_72                                (bitconcatenate   ) [ 0000100000000000000000000000000000000000000000000000000000000]
add_ln88                              (add              ) [ 0000000000000000000000000000000000000000000000000000000000000]
store_ln88                            (store            ) [ 0000000000000000000000000000000000000000000000000000000000000]
call_ln93                             (call             ) [ 0000000000000000000000000000000000000000000000000000000000000]
x_V_loc_load                          (load             ) [ 0000001111111111111111100000000000000000000000000000000000000]
tmp                                   (bitselect        ) [ 0000001111111111111111110000000000000000000000000000000000000]
tmp_V_7                               (sub              ) [ 0000001100000000000000000000000000000000000000000000000000000]
p_Result_s                            (partselect       ) [ 0000000000000000000000000000000000000000000000000000000000000]
p_Result_54                           (bitconcatenate   ) [ 0000000000000000000000000000000000000000000000000000000000000]
sext_ln1198                           (sext             ) [ 0000000000000000000000000000000000000000000000000000000000000]
l                                     (cttz             ) [ 0000000000000000000000000000000000000000000000000000000000000]
sub_ln1099                            (sub              ) [ 0000001100000000000000000000000000000000000000000000000000000]
trunc_ln1099                          (trunc            ) [ 0000001000000000000000000000000000000000000000000000000000000]
trunc_ln1102                          (trunc            ) [ 0000001000000000000000000000000000000000000000000000000000000]
trunc_ln1098                          (trunc            ) [ 0000001110000000000000000000000000000000000000000000000000000]
lsb_index                             (add              ) [ 0000000000000000000000000000000000000000000000000000000000000]
tmp_49                                (partselect       ) [ 0000000000000000000000000000000000000000000000000000000000000]
icmp_ln1101                           (icmp             ) [ 0000000000000000000000000000000000000000000000000000000000000]
sub_ln1102                            (sub              ) [ 0000000000000000000000000000000000000000000000000000000000000]
zext_ln1102                           (zext             ) [ 0000000000000000000000000000000000000000000000000000000000000]
lshr_ln1102                           (lshr             ) [ 0000000000000000000000000000000000000000000000000000000000000]
p_Result_39                           (and              ) [ 0000000000000000000000000000000000000000000000000000000000000]
icmp_ln1102                           (icmp             ) [ 0000000000000000000000000000000000000000000000000000000000000]
a_8                                   (and              ) [ 0000000000000000000000000000000000000000000000000000000000000]
tmp_50                                (bitselect        ) [ 0000000000000000000000000000000000000000000000000000000000000]
xor_ln1104                            (xor              ) [ 0000000000000000000000000000000000000000000000000000000000000]
add_ln1104                            (add              ) [ 0000000000000000000000000000000000000000000000000000000000000]
p_Result_40                           (bitselect        ) [ 0000000000000000000000000000000000000000000000000000000000000]
and_ln1104                            (and              ) [ 0000000000000000000000000000000000000000000000000000000000000]
or_ln1104_2                           (or               ) [ 0000000000000000000000000000000000000000000000000000000000000]
or_ln                                 (bitconcatenate   ) [ 0000000100000000000000000000000000000000000000000000000000000]
icmp_ln1113                           (icmp             ) [ 0000000100000000000000000000000000000000000000000000000000000]
zext_ln1112                           (zext             ) [ 0000000000000000000000000000000000000000000000000000000000000]
add_ln1113                            (add              ) [ 0000000000000000000000000000000000000000000000000000000000000]
zext_ln1113                           (zext             ) [ 0000000000000000000000000000000000000000000000000000000000000]
lshr_ln1113                           (lshr             ) [ 0000000000000000000000000000000000000000000000000000000000000]
sub_ln1114                            (sub              ) [ 0000000000000000000000000000000000000000000000000000000000000]
zext_ln1114                           (zext             ) [ 0000000000000000000000000000000000000000000000000000000000000]
shl_ln1114                            (shl              ) [ 0000000000000000000000000000000000000000000000000000000000000]
m_14                                  (select           ) [ 0000000000000000000000000000000000000000000000000000000000000]
zext_ln1116                           (zext             ) [ 0000000000000000000000000000000000000000000000000000000000000]
m_15                                  (add              ) [ 0000000000000000000000000000000000000000000000000000000000000]
m_21                                  (partselect       ) [ 0000000010000000000000000000000000000000000000000000000000000]
p_Result_41                           (bitselect        ) [ 0000000010000000000000000000000000000000000000000000000000000]
zext_ln1117                           (zext             ) [ 0000000000000000000000000000000000000000000000000000000000000]
select_ln1098                         (select           ) [ 0000000000000000000000000000000000000000000000000000000000000]
sub_ln1119                            (sub              ) [ 0000000000000000000000000000000000000000000000000000000000000]
add_ln1124                            (add              ) [ 0000000000000000000000000000000000000000000000000000000000000]
tmp_2                                 (bitconcatenate   ) [ 0000000000000000000000000000000000000000000000000000000000000]
p_Result_55                           (partset          ) [ 0000000000000000000000000000000000000000000000000000000000000]
LD                                    (trunc            ) [ 0000000001000000000000000000000000000000000000000000000000000]
bitcast_ln766                         (bitcast          ) [ 0000000000111111111000000000000000000000000000000000000000000]
d_assign                              (fexp             ) [ 0000000000000000000111110000000000000000000000000000000000000]
d_12                                  (fpext            ) [ 0000000000000000000000000000000000000000000000000000000000000]
ireg                                  (bitcast          ) [ 0000000000000000000000000000000000000000000000000000000000000]
trunc_ln544                           (trunc            ) [ 0000000000000000000000000000000000000000000000000000000000000]
p_Result_56                           (bitselect        ) [ 0000000000000000000001000000000000000000000000000000000000000]
exp_tmp                               (partselect       ) [ 0000000000000000000001000000000000000000000000000000000000000]
trunc_ln554                           (trunc            ) [ 0000000000000000000001000000000000000000000000000000000000000]
icmp_ln560                            (icmp             ) [ 0000000000000000000001110000000000000000000000000000000000000]
xor_ln1651                            (xor              ) [ 0000000000000000000000000000000000000000000000000000000000000]
zext_ln455                            (zext             ) [ 0000000000000000000000000000000000000000000000000000000000000]
p_Result_57                           (bitconcatenate   ) [ 0000000000000000000000000000000000000000000000000000000000000]
zext_ln558                            (zext             ) [ 0000000000000000000000000000000000000000000000000000000000000]
man_V_7                               (sub              ) [ 0000000000000000000000000000000000000000000000000000000000000]
man_V_8                               (select           ) [ 0000000000000000000000110000000000000000000000000000000000000]
F2                                    (sub              ) [ 0000000000000000000000000000000000000000000000000000000000000]
icmp_ln570                            (icmp             ) [ 0000000000000000000000000000000000000000000000000000000000000]
add_ln570                             (add              ) [ 0000000000000000000000000000000000000000000000000000000000000]
sub_ln570                             (sub              ) [ 0000000000000000000000000000000000000000000000000000000000000]
sh_amt                                (select           ) [ 0000000000000000000000100000000000000000000000000000000000000]
icmp_ln571                            (icmp             ) [ 0000000000000000000000100000000000000000000000000000000000000]
trunc_ln572                           (trunc            ) [ 0000000000000000000000100000000000000000000000000000000000000]
tmp_54                                (partselect       ) [ 0000000000000000000000000000000000000000000000000000000000000]
icmp_ln592                            (icmp             ) [ 0000000000000000000000100000000000000000000000000000000000000]
or_ln560                              (or               ) [ 0000000000000000000000000000000000000000000000000000000000000]
or_ln571                              (or               ) [ 0000000000000000000000000000000000000000000000000000000000000]
xor_ln571                             (xor              ) [ 0000000000000000000000000000000000000000000000000000000000000]
and_ln570                             (and              ) [ 0000000000000000000000110000000000000000000000000000000000000]
add_ln813                             (add              ) [ 0000000000000000000000000000000000000000000000000000000000000]
sext_ln570                            (sext             ) [ 0000000000000000000000010000000000000000000000000000000000000]
icmp_ln574                            (icmp             ) [ 0000000000000000000000010000000000000000000000000000000000000]
sext_ln570cast                        (trunc            ) [ 0000000000000000000000000000000000000000000000000000000000000]
shl_ln593                             (shl              ) [ 0000000000000000000000000000000000000000000000000000000000000]
select_ln592                          (select           ) [ 0000000000000000000000000000000000000000000000000000000000000]
select_ln1651                         (select           ) [ 0000000000000000000000000000000000000000000000000000000000000]
xor_ln560_2                           (xor              ) [ 0000000000000000000000000000000000000000000000000000000000000]
and_ln560_2                           (and              ) [ 0000000000000000000000000000000000000000000000000000000000000]
and_ln571                             (and              ) [ 0000000000000000000000000000000000000000000000000000000000000]
select_ln571                          (select           ) [ 0000000000000000000000010000000000000000000000000000000000000]
zext_ln575                            (zext             ) [ 0000000000000000000000000000000000000000000000000000000000000]
ashr_ln575                            (ashr             ) [ 0000000000000000000000000000000000000000000000000000000000000]
trunc_ln575                           (trunc            ) [ 0000000000000000000000000000000000000000000000000000000000000]
bitcast_ln724                         (bitcast          ) [ 0000000000000000000000000000000000000000000000000000000000000]
tmp_53                                (bitselect        ) [ 0000000000000000000000000000000000000000000000000000000000000]
select_ln577                          (select           ) [ 0000000000000000000000000000000000000000000000000000000000000]
select_ln574                          (select           ) [ 0000000000000000000000000000000000000000000000000000000000000]
select_ln570                          (select           ) [ 0000000000000000000000000000000000000000000000000000000000000]
and_ln560                             (and              ) [ 0000000000000000000000000000000000000000000000000000000000000]
select_ln560                          (select           ) [ 0000000000000000000000001000000000000000000000000000000000000]
specloopname_ln0                      (specloopname     ) [ 0000000000000000000000000000000000000000000000000000000000000]
empty                                 (speclooptripcount) [ 0000000000000000000000000000000000000000000000000000000000000]
zext_ln97_1                           (zext             ) [ 0000000000000000000000000000000000000000000000000000000000000]
Q_V_addr                              (getelementptr    ) [ 0000000000000000000000000000000000000000000000000000000000000]
V_V_addr                              (getelementptr    ) [ 0000000000000000000000000000000000000000000000000000000000000]
specloopname_ln88                     (specloopname     ) [ 0000000000000000000000000000000000000000000000000000000000000]
phi_ln818_1_loc_load                  (load             ) [ 0000000000000000000000000000000000000000000000000000000000000]
store_ln97                            (store            ) [ 0000000000000000000000000000000000000000000000000000000000000]
store_ln98                            (store            ) [ 0000000000000000000000000000000000000000000000000000000000000]
br_ln88                               (br               ) [ 0000000000000000000000000000000000000000000000000000000000000]
call_ln0                              (call             ) [ 0000000000000000000000000000000000000000000000000000000000000]
br_ln115                              (br               ) [ 0000000000000000000000000000000000000000000000000000000000000]
d_9                                   (load             ) [ 0000000000000000000000000001100000000000000000000000000000000]
icmp_ln115                            (icmp             ) [ 0000000000000000000000000011100000000000000000000000000000000]
empty_97                              (speclooptripcount) [ 0000000000000000000000000000000000000000000000000000000000000]
add_ln115                             (add              ) [ 0000000000000000000000000000000000000000000000000000000000000]
br_ln115                              (br               ) [ 0000000000000000000000000000000000000000000000000000000000000]
trunc_ln115                           (trunc            ) [ 0000000000000000000000000001000000000000000000000000000000000]
store_ln115                           (store            ) [ 0000000000000000000000000000000000000000000000000000000000000]
a_7                                   (alloca           ) [ 0000000000000000000000000011111111111111111111111111111111111]
store_ln124                           (store            ) [ 0000000000000000000000000000000000000000000000000000000000000]
br_ln124                              (br               ) [ 0000000000000000000000000000000000000000000000000000000000000]
call_ln115                            (call             ) [ 0000000000000000000000000000000000000000000000000000000000000]
zext_ln115                            (zext             ) [ 0000000000000000000000000000000000000000000000000000000000000]
specloopname_ln115                    (specloopname     ) [ 0000000000000000000000000000000000000000000000000000000000000]
sum_V_loc_load                        (load             ) [ 0000000000000000000000000000000000000000000000000000000000000]
trunc_ln                              (partselect       ) [ 0000000000000000000000000000000000000000000000000000000000000]
K_sum_V_addr                          (getelementptr    ) [ 0000000000000000000000000000000000000000000000000000000000000]
store_ln121                           (store            ) [ 0000000000000000000000000000000000000000000000000000000000000]
br_ln115                              (br               ) [ 0000000000000000000000000000000000000000000000000000000000000]
a_9                                   (load             ) [ 0000000000000000000000000000000000000000000000000000000000000]
icmp_ln124                            (icmp             ) [ 0000000000000000000000000000011111111111111111111111111111111]
empty_98                              (speclooptripcount) [ 0000000000000000000000000000000000000000000000000000000000000]
add_ln124                             (add              ) [ 0000000000000000000000000000001111111111111111111111111111111]
br_ln124                              (br               ) [ 0000000000000000000000000000000000000000000000000000000000000]
tmp_73                                (bitconcatenate   ) [ 0000000000000000000000000000001111111111111111111111111111111]
ret_ln152                             (ret              ) [ 0000000000000000000000000000000000000000000000000000000000000]
call_ln813                            (call             ) [ 0000000000000000000000000000000000000000000000000000000000000]
normalizer_V_2_loc_load               (load             ) [ 0000000000000000000000000000000000000000000000000000000000000]
icmp_ln1090                           (icmp             ) [ 0000000000000000000000000000000011100000000000000000000000000]
p_Result_58                           (bitselect        ) [ 0000000000000000000000000000000011100000000000000000000000000]
tmp_V                                 (sub              ) [ 0000000000000000000000000000000000000000000000000000000000000]
tmp_V_8                               (select           ) [ 0000000000000000000000000000000011000000000000000000000000000]
p_Result_46                           (partselect       ) [ 0000000000000000000000000000000000000000000000000000000000000]
p_Result_59                           (bitconcatenate   ) [ 0000000000000000000000000000000000000000000000000000000000000]
sext_ln1198_1                         (sext             ) [ 0000000000000000000000000000000000000000000000000000000000000]
l_1                                   (cttz             ) [ 0000000000000000000000000000000000000000000000000000000000000]
sub_ln1099_1                          (sub              ) [ 0000000000000000000000000000000011000000000000000000000000000]
trunc_ln1099_1                        (trunc            ) [ 0000000000000000000000000000000010000000000000000000000000000]
trunc_ln1102_1                        (trunc            ) [ 0000000000000000000000000000000010000000000000000000000000000]
trunc_ln1098_1                        (trunc            ) [ 0000000000000000000000000000000011100000000000000000000000000]
lsb_index_1                           (add              ) [ 0000000000000000000000000000000000000000000000000000000000000]
tmp_56                                (partselect       ) [ 0000000000000000000000000000000000000000000000000000000000000]
icmp_ln1101_1                         (icmp             ) [ 0000000000000000000000000000000000000000000000000000000000000]
sub_ln1102_1                          (sub              ) [ 0000000000000000000000000000000000000000000000000000000000000]
zext_ln1102_1                         (zext             ) [ 0000000000000000000000000000000000000000000000000000000000000]
lshr_ln1102_1                         (lshr             ) [ 0000000000000000000000000000000000000000000000000000000000000]
p_Result_48                           (and              ) [ 0000000000000000000000000000000000000000000000000000000000000]
icmp_ln1102_1                         (icmp             ) [ 0000000000000000000000000000000000000000000000000000000000000]
a_10                                  (and              ) [ 0000000000000000000000000000000000000000000000000000000000000]
tmp_57                                (bitselect        ) [ 0000000000000000000000000000000000000000000000000000000000000]
xor_ln1104_1                          (xor              ) [ 0000000000000000000000000000000000000000000000000000000000000]
add_ln1104_1                          (add              ) [ 0000000000000000000000000000000000000000000000000000000000000]
p_Result_49                           (bitselect        ) [ 0000000000000000000000000000000000000000000000000000000000000]
and_ln1104_1                          (and              ) [ 0000000000000000000000000000000000000000000000000000000000000]
or_ln1104                             (or               ) [ 0000000000000000000000000000000000000000000000000000000000000]
or_ln1104_1                           (bitconcatenate   ) [ 0000000000000000000000000000000001000000000000000000000000000]
icmp_ln1113_1                         (icmp             ) [ 0000000000000000000000000000000001000000000000000000000000000]
zext_ln1112_1                         (zext             ) [ 0000000000000000000000000000000000000000000000000000000000000]
add_ln1113_1                          (add              ) [ 0000000000000000000000000000000000000000000000000000000000000]
zext_ln1113_1                         (zext             ) [ 0000000000000000000000000000000000000000000000000000000000000]
lshr_ln1113_1                         (lshr             ) [ 0000000000000000000000000000000000000000000000000000000000000]
sub_ln1114_1                          (sub              ) [ 0000000000000000000000000000000000000000000000000000000000000]
zext_ln1114_1                         (zext             ) [ 0000000000000000000000000000000000000000000000000000000000000]
shl_ln1114_1                          (shl              ) [ 0000000000000000000000000000000000000000000000000000000000000]
m_17                                  (select           ) [ 0000000000000000000000000000000000000000000000000000000000000]
zext_ln1116_1                         (zext             ) [ 0000000000000000000000000000000000000000000000000000000000000]
m_18                                  (add              ) [ 0000000000000000000000000000000000000000000000000000000000000]
m                                     (partselect       ) [ 0000000000000000000000000000000000100000000000000000000000000]
p_Result_50                           (bitselect        ) [ 0000000000000000000000000000000000100000000000000000000000000]
zext_ln1117_1                         (zext             ) [ 0000000000000000000000000000000000000000000000000000000000000]
select_ln1098_1                       (select           ) [ 0000000000000000000000000000000000000000000000000000000000000]
sub_ln1119_1                          (sub              ) [ 0000000000000000000000000000000000000000000000000000000000000]
add_ln1124_1                          (add              ) [ 0000000000000000000000000000000000000000000000000000000000000]
tmp_5                                 (bitconcatenate   ) [ 0000000000000000000000000000000000000000000000000000000000000]
p_Result_60                           (partset          ) [ 0000000000000000000000000000000000000000000000000000000000000]
LD_5                                  (trunc            ) [ 0000000000000000000000000000000000000000000000000000000000000]
bitcast_ln766_1                       (bitcast          ) [ 0000000000000000000000000000000000000000000000000000000000000]
select_ln1090                         (select           ) [ 0000000000000000000000000000000000011111111111111110000000000]
d_assign_1                            (fdiv             ) [ 0000000000000000000000000000000000000000000000000001111100000]
d_13                                  (fpext            ) [ 0000000000000000000000000000000000000000000000000000000000000]
ireg_1                                (bitcast          ) [ 0000000000000000000000000000000000000000000000000000000000000]
trunc_ln544_1                         (trunc            ) [ 0000000000000000000000000000000000000000000000000000000000000]
p_Result_61                           (bitselect        ) [ 0000000000000000000000000000000000000000000000000000010000000]
exp_tmp_1                             (partselect       ) [ 0000000000000000000000000000000000000000000000000000010000000]
trunc_ln554_1                         (trunc            ) [ 0000000000000000000000000000000000000000000000000000010000000]
icmp_ln560_1                          (icmp             ) [ 0000000000000000000000000000000000000000000000000000011100000]
zext_ln455_1                          (zext             ) [ 0000000000000000000000000000000000000000000000000000000000000]
p_Result_62                           (bitconcatenate   ) [ 0000000000000000000000000000000000000000000000000000000000000]
zext_ln558_1                          (zext             ) [ 0000000000000000000000000000000000000000000000000000000000000]
man_V_10                              (sub              ) [ 0000000000000000000000000000000000000000000000000000000000000]
man_V_11                              (select           ) [ 0000000000000000000000000000000000000000000000000000001100000]
F2_1                                  (sub              ) [ 0000000000000000000000000000000000000000000000000000000000000]
icmp_ln570_1                          (icmp             ) [ 0000000000000000000000000000000000000000000000000000000000000]
add_ln570_1                           (add              ) [ 0000000000000000000000000000000000000000000000000000000000000]
sub_ln570_1                           (sub              ) [ 0000000000000000000000000000000000000000000000000000000000000]
sh_amt_1                              (select           ) [ 0000000000000000000000000000000000000000000000000000001000000]
icmp_ln571_1                          (icmp             ) [ 0000000000000000000000000000000000000000000000000000001000000]
trunc_ln572_1                         (trunc            ) [ 0000000000000000000000000000000000000000000000000000001000000]
tmp_61                                (partselect       ) [ 0000000000000000000000000000000000000000000000000000000000000]
icmp_ln592_1                          (icmp             ) [ 0000000000000000000000000000000000000000000000000000001000000]
or_ln571_1                            (or               ) [ 0000000000000000000000000000000000000000000000000000000000000]
xor_ln571_1                           (xor              ) [ 0000000000000000000000000000000000000000000000000000000000000]
and_ln570_1                           (and              ) [ 0000000000000000000000000000000000000000000000000000001100000]
sext_ln570_1                          (sext             ) [ 0000000000000000000000000000000000000000000000000000000100000]
icmp_ln574_1                          (icmp             ) [ 0000000000000000000000000000000000000000000000000000000100000]
sext_ln570_1cast                      (trunc            ) [ 0000000000000000000000000000000000000000000000000000000000000]
shl_ln593_1                           (shl              ) [ 0000000000000000000000000000000000000000000000000000000000000]
select_ln592_1                        (select           ) [ 0000000000000000000000000000000000000000000000000000000000000]
xor_ln560_1                           (xor              ) [ 0000000000000000000000000000000000000000000000000000000000000]
and_ln571_1                           (and              ) [ 0000000000000000000000000000000000000000000000000000000000000]
select_ln571_1                        (select           ) [ 0000000000000000000000000000000000000000000000000000000100000]
zext_ln575_1                          (zext             ) [ 0000000000000000000000000000000000000000000000000000000000000]
ashr_ln575_1                          (ashr             ) [ 0000000000000000000000000000000000000000000000000000000000000]
trunc_ln575_1                         (trunc            ) [ 0000000000000000000000000000000000000000000000000000000000000]
bitcast_ln724_1                       (bitcast          ) [ 0000000000000000000000000000000000000000000000000000000000000]
tmp_60                                (bitselect        ) [ 0000000000000000000000000000000000000000000000000000000000000]
select_ln577_1                        (select           ) [ 0000000000000000000000000000000000000000000000000000000000000]
select_ln574_1                        (select           ) [ 0000000000000000000000000000000000000000000000000000000000000]
select_ln570_2                        (select           ) [ 0000000000000000000000000000000000000000000000000000000000000]
inv_normalizer_V                      (select           ) [ 0000000000000000000000000000000000000000000000000000000010000]
specloopname_ln125                    (specloopname     ) [ 0000000000000000000000000000000000000000000000000000000000000]
call_ln813                            (call             ) [ 0000000000000000000000000000000000000000000000000000000000000]
br_ln142                              (br               ) [ 0000000000000000000000000000011111111111111111111111111111111]
d_11                                  (phi              ) [ 0000000000000000000000000000000000000000000000000000000001000]
icmp_ln142                            (icmp             ) [ 0000000000000000000000000000011111111111111111111111111111111]
empty_99                              (speclooptripcount) [ 0000000000000000000000000000000000000000000000000000000000000]
add_ln142                             (add              ) [ 0000000000000000000000000000011111111111111111111111111111111]
br_ln142                              (br               ) [ 0000000000000000000000000000000000000000000000000000000000000]
zext_ln142                            (zext             ) [ 0000000000000000000000000000000000000000000000000000000000000]
zext_ln813                            (zext             ) [ 0000000000000000000000000000000000000000000000000000000000000]
add_ln813_16                          (add              ) [ 0000000000000000000000000000000000000000000000000000000000111]
layers_0_attention_output_bias_V_addr (getelementptr    ) [ 0000000000000000000000000000000000000000000000000000000000100]
empty_100                             (trunc            ) [ 0000000000000000000000000000000000000000000000000000000000110]
store_ln124                           (store            ) [ 0000000000000000000000000000000000000000000000000000000000000]
br_ln124                              (br               ) [ 0000000000000000000000000000000000000000000000000000000000000]
sum_V                                 (load             ) [ 0000000000000000000000000000000000000000000000000000000000010]
sum_V_9                               (bitconcatenate   ) [ 0000000000000000000000000000000000000000000000000000000000001]
tmp_74                                (bitconcatenate   ) [ 0000000000000000000000000000000000000000000000000000000000001]
specloopname_ln142                    (specloopname     ) [ 0000000000000000000000000000000000000000000000000000000000000]
call_ln838                            (call             ) [ 0000000000000000000000000000000000000000000000000000000000000]
br_ln142                              (br               ) [ 0000000000000000000000000000011111111111111111111111111111111]
</LifeTime>

<model>

<comp_list>
<comp id="0" class="1000" name="x_active">
<pin_list>
<pin id="1" dir="1" index="0" bw="1" slack="0"/>
</pin_list>
<bind>
<StgValue><ssdm name="x_active"/><MemPortTyVec>2 1 </MemPortTyVec>
</StgValue>
</bind>
</comp>

<comp id="2" class="1000" name="phi_k_active">
<pin_list>
<pin id="3" dir="1" index="0" bw="1" slack="0"/>
</pin_list>
<bind>
<StgValue><ssdm name="phi_k_active"/><MemPortTyVec>1 3 </MemPortTyVec>
</StgValue>
</bind>
</comp>

<comp id="4" class="1000" name="layers_0_attention_query_weight_V">
<pin_list>
<pin id="5" dir="1" index="0" bw="1" slack="0"/>
</pin_list>
<bind>
<StgValue><ssdm name="layers_0_attention_query_weight_V"/><MemPortTyVec>1 </MemPortTyVec>
</StgValue>
</bind>
</comp>

<comp id="6" class="1000" name="layers_0_attention_value_weight_V">
<pin_list>
<pin id="7" dir="1" index="0" bw="1" slack="0"/>
</pin_list>
<bind>
<StgValue><ssdm name="layers_0_attention_value_weight_V"/><MemPortTyVec>1 </MemPortTyVec>
</StgValue>
</bind>
</comp>

<comp id="8" class="1000" name="layers_0_attention_output_bias_V">
<pin_list>
<pin id="9" dir="1" index="0" bw="1" slack="0"/>
</pin_list>
<bind>
<StgValue><ssdm name="layers_0_attention_output_bias_V"/><MemPortTyVec>1 </MemPortTyVec>
</StgValue>
</bind>
</comp>

<comp id="10" class="1000" name="layers_0_attention_output_weight_V">
<pin_list>
<pin id="11" dir="1" index="0" bw="1" slack="0"/>
</pin_list>
<bind>
<StgValue><ssdm name="layers_0_attention_output_weight_V"/><MemPortTyVec>1 </MemPortTyVec>
</StgValue>
</bind>
</comp>

<comp id="12" class="1001" name="const_12">
<pin_list>
<pin id="13" dir="1" index="0" bw="1" slack="0"/>
</pin_list>
<bind>
<StgValue><ssdm name=""/></StgValue>
</bind>
</comp>

<comp id="14" class="1001" name="const_14">
<pin_list>
<pin id="15" dir="1" index="0" bw="1" slack="0"/>
</pin_list>
<bind>
<StgValue><ssdm name=""/></StgValue>
</bind>
</comp>

<comp id="16" class="1001" name="const_16">
<pin_list>
<pin id="17" dir="1" index="0" bw="1" slack="0"/>
</pin_list>
<bind>
<StgValue><ssdm name=""/></StgValue>
</bind>
</comp>

<comp id="18" class="1001" name="const_18">
<pin_list>
<pin id="19" dir="1" index="0" bw="1" slack="0"/>
</pin_list>
<bind>
<StgValue><ssdm name=""/></StgValue>
</bind>
</comp>

<comp id="20" class="1001" name="const_20">
<pin_list>
<pin id="21" dir="1" index="0" bw="1" slack="0"/>
</pin_list>
<bind>
<StgValue><ssdm name=""/></StgValue>
</bind>
</comp>

<comp id="22" class="1001" name="const_22">
<pin_list>
<pin id="23" dir="1" index="0" bw="1" slack="0"/>
</pin_list>
<bind>
<StgValue><ssdm name=""/></StgValue>
</bind>
</comp>

<comp id="24" class="1001" name="const_24">
<pin_list>
<pin id="25" dir="1" index="0" bw="1" slack="0"/>
</pin_list>
<bind>
<StgValue><ssdm name=""/></StgValue>
</bind>
</comp>

<comp id="26" class="1001" name="const_26">
<pin_list>
<pin id="27" dir="1" index="0" bw="1" slack="0"/>
</pin_list>
<bind>
<StgValue><ssdm name=""/></StgValue>
</bind>
</comp>

<comp id="28" class="1001" name="const_28">
<pin_list>
<pin id="29" dir="1" index="0" bw="1" slack="0"/>
</pin_list>
<bind>
<StgValue><ssdm name=""/></StgValue>
</bind>
</comp>

<comp id="30" class="1001" name="const_30">
<pin_list>
<pin id="31" dir="1" index="0" bw="1" slack="0"/>
</pin_list>
<bind>
<StgValue><ssdm name="attention_active13_Pipeline_VITIS_LOOP_103_4_VITIS_LOOP_104_5_VITIS_LOOP_106_6"/></StgValue>
</bind>
</comp>

<comp id="32" class="1001" name="const_32">
<pin_list>
<pin id="33" dir="1" index="0" bw="1" slack="0"/>
</pin_list>
<bind>
<StgValue><ssdm name="_ssdm_op_BitConcatenate.i8.i4.i4"/></StgValue>
</bind>
</comp>

<comp id="34" class="1001" name="const_34">
<pin_list>
<pin id="35" dir="1" index="0" bw="1" slack="0"/>
</pin_list>
<bind>
<StgValue><ssdm name="attention_active13_Pipeline_VITIS_LOOP_91_3"/></StgValue>
</bind>
</comp>

<comp id="36" class="1001" name="const_36">
<pin_list>
<pin id="37" dir="1" index="0" bw="1" slack="0"/>
</pin_list>
<bind>
<StgValue><ssdm name=""/></StgValue>
</bind>
</comp>

<comp id="38" class="1001" name="const_38">
<pin_list>
<pin id="39" dir="1" index="0" bw="1" slack="0"/>
</pin_list>
<bind>
<StgValue><ssdm name="_ssdm_op_BitSelect.i1.i16.i32"/></StgValue>
</bind>
</comp>

<comp id="40" class="1001" name="const_40">
<pin_list>
<pin id="41" dir="1" index="0" bw="1" slack="0"/>
</pin_list>
<bind>
<StgValue><ssdm name=""/></StgValue>
</bind>
</comp>

<comp id="42" class="1001" name="const_42">
<pin_list>
<pin id="43" dir="1" index="0" bw="1" slack="0"/>
</pin_list>
<bind>
<StgValue><ssdm name=""/></StgValue>
</bind>
</comp>

<comp id="44" class="1001" name="const_44">
<pin_list>
<pin id="45" dir="1" index="0" bw="1" slack="0"/>
</pin_list>
<bind>
<StgValue><ssdm name="llvm.part.select.i16"/></StgValue>
</bind>
</comp>

<comp id="46" class="1001" name="const_46">
<pin_list>
<pin id="47" dir="1" index="0" bw="1" slack="0"/>
</pin_list>
<bind>
<StgValue><ssdm name=""/></StgValue>
</bind>
</comp>

<comp id="48" class="1001" name="const_48">
<pin_list>
<pin id="49" dir="1" index="0" bw="1" slack="0"/>
</pin_list>
<bind>
<StgValue><ssdm name="_ssdm_op_BitConcatenate.i17.i1.i16"/></StgValue>
</bind>
</comp>

<comp id="50" class="1001" name="const_50">
<pin_list>
<pin id="51" dir="1" index="0" bw="1" slack="0"/>
</pin_list>
<bind>
<StgValue><ssdm name=""/></StgValue>
</bind>
</comp>

<comp id="52" class="1001" name="const_52">
<pin_list>
<pin id="53" dir="1" index="0" bw="1" slack="0"/>
</pin_list>
<bind>
<StgValue><ssdm name="llvm.cttz.i32"/></StgValue>
</bind>
</comp>

<comp id="54" class="1001" name="const_54">
<pin_list>
<pin id="55" dir="1" index="0" bw="1" slack="0"/>
</pin_list>
<bind>
<StgValue><ssdm name=""/></StgValue>
</bind>
</comp>

<comp id="56" class="1001" name="const_56">
<pin_list>
<pin id="57" dir="1" index="0" bw="1" slack="0"/>
</pin_list>
<bind>
<StgValue><ssdm name=""/></StgValue>
</bind>
</comp>

<comp id="58" class="1001" name="const_58">
<pin_list>
<pin id="59" dir="1" index="0" bw="1" slack="0"/>
</pin_list>
<bind>
<StgValue><ssdm name="_ssdm_op_PartSelect.i31.i32.i32.i32"/></StgValue>
</bind>
</comp>

<comp id="60" class="1001" name="const_60">
<pin_list>
<pin id="61" dir="1" index="0" bw="1" slack="0"/>
</pin_list>
<bind>
<StgValue><ssdm name=""/></StgValue>
</bind>
</comp>

<comp id="62" class="1001" name="const_62">
<pin_list>
<pin id="63" dir="1" index="0" bw="1" slack="0"/>
</pin_list>
<bind>
<StgValue><ssdm name=""/></StgValue>
</bind>
</comp>

<comp id="64" class="1001" name="const_64">
<pin_list>
<pin id="65" dir="1" index="0" bw="1" slack="0"/>
</pin_list>
<bind>
<StgValue><ssdm name=""/></StgValue>
</bind>
</comp>

<comp id="66" class="1001" name="const_66">
<pin_list>
<pin id="67" dir="1" index="0" bw="1" slack="0"/>
</pin_list>
<bind>
<StgValue><ssdm name=""/></StgValue>
</bind>
</comp>

<comp id="68" class="1001" name="const_68">
<pin_list>
<pin id="69" dir="1" index="0" bw="1" slack="0"/>
</pin_list>
<bind>
<StgValue><ssdm name="_ssdm_op_BitSelect.i1.i32.i32"/></StgValue>
</bind>
</comp>

<comp id="70" class="1001" name="const_70">
<pin_list>
<pin id="71" dir="1" index="0" bw="1" slack="0"/>
</pin_list>
<bind>
<StgValue><ssdm name=""/></StgValue>
</bind>
</comp>

<comp id="72" class="1001" name="const_72">
<pin_list>
<pin id="73" dir="1" index="0" bw="1" slack="0"/>
</pin_list>
<bind>
<StgValue><ssdm name="_ssdm_op_BitSelect.i1.i16.i16"/></StgValue>
</bind>
</comp>

<comp id="74" class="1001" name="const_74">
<pin_list>
<pin id="75" dir="1" index="0" bw="1" slack="0"/>
</pin_list>
<bind>
<StgValue><ssdm name="_ssdm_op_BitConcatenate.i2.i1.i1"/></StgValue>
</bind>
</comp>

<comp id="76" class="1001" name="const_76">
<pin_list>
<pin id="77" dir="1" index="0" bw="1" slack="0"/>
</pin_list>
<bind>
<StgValue><ssdm name=""/></StgValue>
</bind>
</comp>

<comp id="78" class="1001" name="const_78">
<pin_list>
<pin id="79" dir="1" index="0" bw="1" slack="0"/>
</pin_list>
<bind>
<StgValue><ssdm name=""/></StgValue>
</bind>
</comp>

<comp id="80" class="1001" name="const_80">
<pin_list>
<pin id="81" dir="1" index="0" bw="1" slack="0"/>
</pin_list>
<bind>
<StgValue><ssdm name=""/></StgValue>
</bind>
</comp>

<comp id="82" class="1001" name="const_82">
<pin_list>
<pin id="83" dir="1" index="0" bw="1" slack="0"/>
</pin_list>
<bind>
<StgValue><ssdm name="_ssdm_op_PartSelect.i63.i64.i32.i32"/></StgValue>
</bind>
</comp>

<comp id="84" class="1001" name="const_84">
<pin_list>
<pin id="85" dir="1" index="0" bw="1" slack="0"/>
</pin_list>
<bind>
<StgValue><ssdm name=""/></StgValue>
</bind>
</comp>

<comp id="86" class="1001" name="const_86">
<pin_list>
<pin id="87" dir="1" index="0" bw="1" slack="0"/>
</pin_list>
<bind>
<StgValue><ssdm name="_ssdm_op_BitSelect.i1.i64.i32"/></StgValue>
</bind>
</comp>

<comp id="88" class="1001" name="const_88">
<pin_list>
<pin id="89" dir="1" index="0" bw="1" slack="0"/>
</pin_list>
<bind>
<StgValue><ssdm name=""/></StgValue>
</bind>
</comp>

<comp id="90" class="1001" name="const_90">
<pin_list>
<pin id="91" dir="1" index="0" bw="1" slack="0"/>
</pin_list>
<bind>
<StgValue><ssdm name=""/></StgValue>
</bind>
</comp>

<comp id="92" class="1001" name="const_92">
<pin_list>
<pin id="93" dir="1" index="0" bw="1" slack="0"/>
</pin_list>
<bind>
<StgValue><ssdm name=""/></StgValue>
</bind>
</comp>

<comp id="94" class="1001" name="const_94">
<pin_list>
<pin id="95" dir="1" index="0" bw="1" slack="0"/>
</pin_list>
<bind>
<StgValue><ssdm name="_ssdm_op_BitConcatenate.i9.i1.i8"/></StgValue>
</bind>
</comp>

<comp id="96" class="1001" name="const_96">
<pin_list>
<pin id="97" dir="1" index="0" bw="1" slack="0"/>
</pin_list>
<bind>
<StgValue><ssdm name="_ssdm_op_PartSet.i64.i64.i9.i32.i32"/></StgValue>
</bind>
</comp>

<comp id="98" class="1001" name="const_98">
<pin_list>
<pin id="99" dir="1" index="0" bw="1" slack="0"/>
</pin_list>
<bind>
<StgValue><ssdm name=""/></StgValue>
</bind>
</comp>

<comp id="100" class="1001" name="const_100">
<pin_list>
<pin id="101" dir="1" index="0" bw="1" slack="0"/>
</pin_list>
<bind>
<StgValue><ssdm name="llvm.exp.f32"/></StgValue>
</bind>
</comp>

<comp id="102" class="1001" name="const_102">
<pin_list>
<pin id="103" dir="1" index="0" bw="1" slack="0"/>
</pin_list>
<bind>
<StgValue><ssdm name="_ssdm_op_PartSelect.i11.i64.i32.i32"/></StgValue>
</bind>
</comp>

<comp id="104" class="1001" name="const_104">
<pin_list>
<pin id="105" dir="1" index="0" bw="1" slack="0"/>
</pin_list>
<bind>
<StgValue><ssdm name=""/></StgValue>
</bind>
</comp>

<comp id="106" class="1001" name="const_106">
<pin_list>
<pin id="107" dir="1" index="0" bw="1" slack="0"/>
</pin_list>
<bind>
<StgValue><ssdm name=""/></StgValue>
</bind>
</comp>

<comp id="108" class="1001" name="const_108">
<pin_list>
<pin id="109" dir="1" index="0" bw="1" slack="0"/>
</pin_list>
<bind>
<StgValue><ssdm name=""/></StgValue>
</bind>
</comp>

<comp id="110" class="1001" name="const_110">
<pin_list>
<pin id="111" dir="1" index="0" bw="1" slack="0"/>
</pin_list>
<bind>
<StgValue><ssdm name="_ssdm_op_BitConcatenate.i53.i1.i52"/></StgValue>
</bind>
</comp>

<comp id="112" class="1001" name="const_112">
<pin_list>
<pin id="113" dir="1" index="0" bw="1" slack="0"/>
</pin_list>
<bind>
<StgValue><ssdm name=""/></StgValue>
</bind>
</comp>

<comp id="114" class="1001" name="const_114">
<pin_list>
<pin id="115" dir="1" index="0" bw="1" slack="0"/>
</pin_list>
<bind>
<StgValue><ssdm name=""/></StgValue>
</bind>
</comp>

<comp id="116" class="1001" name="const_116">
<pin_list>
<pin id="117" dir="1" index="0" bw="1" slack="0"/>
</pin_list>
<bind>
<StgValue><ssdm name=""/></StgValue>
</bind>
</comp>

<comp id="118" class="1001" name="const_118">
<pin_list>
<pin id="119" dir="1" index="0" bw="1" slack="0"/>
</pin_list>
<bind>
<StgValue><ssdm name=""/></StgValue>
</bind>
</comp>

<comp id="120" class="1001" name="const_120">
<pin_list>
<pin id="121" dir="1" index="0" bw="1" slack="0"/>
</pin_list>
<bind>
<StgValue><ssdm name="_ssdm_op_PartSelect.i8.i12.i32.i32"/></StgValue>
</bind>
</comp>

<comp id="122" class="1001" name="const_122">
<pin_list>
<pin id="123" dir="1" index="0" bw="1" slack="0"/>
</pin_list>
<bind>
<StgValue><ssdm name=""/></StgValue>
</bind>
</comp>

<comp id="124" class="1001" name="const_124">
<pin_list>
<pin id="125" dir="1" index="0" bw="1" slack="0"/>
</pin_list>
<bind>
<StgValue><ssdm name=""/></StgValue>
</bind>
</comp>

<comp id="126" class="1001" name="const_126">
<pin_list>
<pin id="127" dir="1" index="0" bw="1" slack="0"/>
</pin_list>
<bind>
<StgValue><ssdm name=""/></StgValue>
</bind>
</comp>

<comp id="128" class="1001" name="const_128">
<pin_list>
<pin id="129" dir="1" index="0" bw="1" slack="0"/>
</pin_list>
<bind>
<StgValue><ssdm name=""/></StgValue>
</bind>
</comp>

<comp id="130" class="1001" name="const_130">
<pin_list>
<pin id="131" dir="1" index="0" bw="1" slack="2147483647"/>
</pin_list>
<bind>
<StgValue><ssdm name="_ssdm_op_SpecLoopName"/></StgValue>
</bind>
</comp>

<comp id="132" class="1001" name="const_132">
<pin_list>
<pin id="133" dir="1" index="0" bw="1" slack="2147483647"/>
</pin_list>
<bind>
<StgValue><ssdm name="VITIS_LOOP_87_1_VITIS_LOOP_88_2_str"/></StgValue>
</bind>
</comp>

<comp id="134" class="1001" name="const_134">
<pin_list>
<pin id="135" dir="1" index="0" bw="1" slack="2147483647"/>
</pin_list>
<bind>
<StgValue><ssdm name="_ssdm_op_SpecLoopTripCount"/></StgValue>
</bind>
</comp>

<comp id="136" class="1001" name="const_136">
<pin_list>
<pin id="137" dir="1" index="0" bw="1" slack="2147483647"/>
</pin_list>
<bind>
<StgValue><ssdm name=""/></StgValue>
</bind>
</comp>

<comp id="138" class="1001" name="const_138">
<pin_list>
<pin id="139" dir="1" index="0" bw="1" slack="0"/>
</pin_list>
<bind>
<StgValue><ssdm name=""/></StgValue>
</bind>
</comp>

<comp id="140" class="1001" name="const_140">
<pin_list>
<pin id="141" dir="1" index="0" bw="1" slack="2147483647"/>
</pin_list>
<bind>
<StgValue><ssdm name="empty_43"/></StgValue>
</bind>
</comp>

<comp id="142" class="1001" name="const_142">
<pin_list>
<pin id="143" dir="1" index="0" bw="1" slack="2147483647"/>
</pin_list>
<bind>
<StgValue><ssdm name=""/></StgValue>
</bind>
</comp>

<comp id="144" class="1001" name="const_144">
<pin_list>
<pin id="145" dir="1" index="0" bw="1" slack="0"/>
</pin_list>
<bind>
<StgValue><ssdm name="attention_active13_Pipeline_VITIS_LOOP_117_8"/></StgValue>
</bind>
</comp>

<comp id="146" class="1001" name="const_146">
<pin_list>
<pin id="147" dir="1" index="0" bw="1" slack="2147483647"/>
</pin_list>
<bind>
<StgValue><ssdm name="empty_6"/></StgValue>
</bind>
</comp>

<comp id="148" class="1001" name="const_148">
<pin_list>
<pin id="149" dir="1" index="0" bw="1" slack="0"/>
</pin_list>
<bind>
<StgValue><ssdm name="_ssdm_op_PartSelect.i16.i20.i32.i32"/></StgValue>
</bind>
</comp>

<comp id="150" class="1001" name="const_150">
<pin_list>
<pin id="151" dir="1" index="0" bw="1" slack="0"/>
</pin_list>
<bind>
<StgValue><ssdm name=""/></StgValue>
</bind>
</comp>

<comp id="152" class="1001" name="const_152">
<pin_list>
<pin id="153" dir="1" index="0" bw="1" slack="0"/>
</pin_list>
<bind>
<StgValue><ssdm name=""/></StgValue>
</bind>
</comp>

<comp id="154" class="1001" name="const_154">
<pin_list>
<pin id="155" dir="1" index="0" bw="1" slack="2147483647"/>
</pin_list>
<bind>
<StgValue><ssdm name=""/></StgValue>
</bind>
</comp>

<comp id="156" class="1001" name="const_156">
<pin_list>
<pin id="157" dir="1" index="0" bw="1" slack="0"/>
</pin_list>
<bind>
<StgValue><ssdm name="attention_active13_Pipeline_VITIS_LOOP_126_10"/></StgValue>
</bind>
</comp>

<comp id="158" class="1001" name="const_158">
<pin_list>
<pin id="159" dir="1" index="0" bw="1" slack="0"/>
</pin_list>
<bind>
<StgValue><ssdm name=""/></StgValue>
</bind>
</comp>

<comp id="160" class="1001" name="const_160">
<pin_list>
<pin id="161" dir="1" index="0" bw="1" slack="0"/>
</pin_list>
<bind>
<StgValue><ssdm name="_ssdm_op_BitSelect.i1.i24.i32"/></StgValue>
</bind>
</comp>

<comp id="162" class="1001" name="const_162">
<pin_list>
<pin id="163" dir="1" index="0" bw="1" slack="0"/>
</pin_list>
<bind>
<StgValue><ssdm name="llvm.part.select.i24"/></StgValue>
</bind>
</comp>

<comp id="164" class="1001" name="const_164">
<pin_list>
<pin id="165" dir="1" index="0" bw="1" slack="0"/>
</pin_list>
<bind>
<StgValue><ssdm name="_ssdm_op_BitConcatenate.i25.i1.i24"/></StgValue>
</bind>
</comp>

<comp id="166" class="1001" name="const_166">
<pin_list>
<pin id="167" dir="1" index="0" bw="1" slack="0"/>
</pin_list>
<bind>
<StgValue><ssdm name=""/></StgValue>
</bind>
</comp>

<comp id="168" class="1001" name="const_168">
<pin_list>
<pin id="169" dir="1" index="0" bw="1" slack="0"/>
</pin_list>
<bind>
<StgValue><ssdm name=""/></StgValue>
</bind>
</comp>

<comp id="170" class="1001" name="const_170">
<pin_list>
<pin id="171" dir="1" index="0" bw="1" slack="0"/>
</pin_list>
<bind>
<StgValue><ssdm name=""/></StgValue>
</bind>
</comp>

<comp id="172" class="1001" name="const_172">
<pin_list>
<pin id="173" dir="1" index="0" bw="1" slack="0"/>
</pin_list>
<bind>
<StgValue><ssdm name=""/></StgValue>
</bind>
</comp>

<comp id="174" class="1001" name="const_174">
<pin_list>
<pin id="175" dir="1" index="0" bw="1" slack="0"/>
</pin_list>
<bind>
<StgValue><ssdm name="_ssdm_op_BitSelect.i1.i24.i24"/></StgValue>
</bind>
</comp>

<comp id="176" class="1001" name="const_176">
<pin_list>
<pin id="177" dir="1" index="0" bw="1" slack="0"/>
</pin_list>
<bind>
<StgValue><ssdm name=""/></StgValue>
</bind>
</comp>

<comp id="178" class="1001" name="const_178">
<pin_list>
<pin id="179" dir="1" index="0" bw="1" slack="0"/>
</pin_list>
<bind>
<StgValue><ssdm name=""/></StgValue>
</bind>
</comp>

<comp id="180" class="1001" name="const_180">
<pin_list>
<pin id="181" dir="1" index="0" bw="1" slack="0"/>
</pin_list>
<bind>
<StgValue><ssdm name=""/></StgValue>
</bind>
</comp>

<comp id="182" class="1001" name="const_182">
<pin_list>
<pin id="183" dir="1" index="0" bw="1" slack="0"/>
</pin_list>
<bind>
<StgValue><ssdm name="attention_active13_Pipeline_VITIS_LOOP_133_11_VITIS_LOOP_135_12"/></StgValue>
</bind>
</comp>

<comp id="184" class="1001" name="const_184">
<pin_list>
<pin id="185" dir="1" index="0" bw="1" slack="2147483647"/>
</pin_list>
<bind>
<StgValue><ssdm name="empty_21"/></StgValue>
</bind>
</comp>

<comp id="186" class="1001" name="const_186">
<pin_list>
<pin id="187" dir="1" index="0" bw="1" slack="0"/>
</pin_list>
<bind>
<StgValue><ssdm name="_ssdm_op_BitConcatenate.i11.i7.i4"/></StgValue>
</bind>
</comp>

<comp id="188" class="1001" name="const_188">
<pin_list>
<pin id="189" dir="1" index="0" bw="1" slack="0"/>
</pin_list>
<bind>
<StgValue><ssdm name="attention_active13_Pipeline_VITIS_LOOP_144_14"/></StgValue>
</bind>
</comp>

<comp id="190" class="1001" name="const_190">
<pin_list>
<pin id="191" dir="1" index="0" bw="1" slack="2147483647"/>
</pin_list>
<bind>
<StgValue><ssdm name="empty_15"/></StgValue>
</bind>
</comp>

<comp id="192" class="1004" name="d_fu_192">
<pin_list>
<pin id="193" dir="0" index="0" bw="1" slack="0"/>
<pin id="194" dir="1" index="1" bw="5" slack="0"/>
</pin_list>
<bind>
<opcode="alloca(26) " fcode="alloca"/>
<opset="d/1 "/>
</bind>
</comp>

<comp id="196" class="1004" name="a_fu_196">
<pin_list>
<pin id="197" dir="0" index="0" bw="1" slack="0"/>
<pin id="198" dir="1" index="1" bw="4" slack="0"/>
</pin_list>
<bind>
<opcode="alloca(26) " fcode="alloca"/>
<opset="a/1 "/>
</bind>
</comp>

<comp id="200" class="1004" name="indvar_flatten_fu_200">
<pin_list>
<pin id="201" dir="0" index="0" bw="1" slack="0"/>
<pin id="202" dir="1" index="1" bw="8" slack="0"/>
</pin_list>
<bind>
<opcode="alloca(26) " fcode="alloca"/>
<opset="indvar_flatten/1 "/>
</bind>
</comp>

<comp id="204" class="1004" name="normalizer_V_2_loc_fu_204">
<pin_list>
<pin id="205" dir="0" index="0" bw="1" slack="0"/>
<pin id="206" dir="1" index="1" bw="24" slack="4"/>
</pin_list>
<bind>
<opcode="alloca(26) " fcode="alloca"/>
<opset="normalizer_V_2_loc/1 "/>
</bind>
</comp>

<comp id="208" class="1004" name="sum_V_loc_fu_208">
<pin_list>
<pin id="209" dir="0" index="0" bw="1" slack="0"/>
<pin id="210" dir="1" index="1" bw="20" slack="3"/>
</pin_list>
<bind>
<opcode="alloca(26) " fcode="alloca"/>
<opset="sum_V_loc/1 "/>
</bind>
</comp>

<comp id="212" class="1004" name="phi_ln818_1_loc_fu_212">
<pin_list>
<pin id="213" dir="0" index="0" bw="1" slack="0"/>
<pin id="214" dir="1" index="1" bw="16" slack="2"/>
</pin_list>
<bind>
<opcode="alloca(26) " fcode="alloca"/>
<opset="phi_ln818_1_loc/1 "/>
</bind>
</comp>

<comp id="216" class="1004" name="x_V_loc_fu_216">
<pin_list>
<pin id="217" dir="0" index="0" bw="1" slack="0"/>
<pin id="218" dir="1" index="1" bw="16" slack="2"/>
</pin_list>
<bind>
<opcode="alloca(26) " fcode="alloca"/>
<opset="x_V_loc/1 "/>
</bind>
</comp>

<comp id="220" class="1004" name="Q_V_alloca_fu_220">
<pin_list>
<pin id="221" dir="0" index="0" bw="1" slack="0"/>
<pin id="222" dir="1" index="1" bw="16" slack="2147483647"/>
</pin_list>
<bind>
<opcode="alloca(26) " fcode="alloca"/>
<opset="Q_V/1 "/>
</bind>
</comp>

<comp id="224" class="1004" name="V_V_alloca_fu_224">
<pin_list>
<pin id="225" dir="0" index="0" bw="1" slack="0"/>
<pin id="226" dir="1" index="1" bw="16" slack="2147483647"/>
</pin_list>
<bind>
<opcode="alloca(26) " fcode="alloca"/>
<opset="V_V/1 "/>
</bind>
</comp>

<comp id="228" class="1004" name="KV_V_alloca_fu_228">
<pin_list>
<pin id="229" dir="0" index="0" bw="1" slack="0"/>
<pin id="230" dir="1" index="1" bw="16" slack="2147483647"/>
</pin_list>
<bind>
<opcode="alloca(26) " fcode="alloca"/>
<opset="KV_V/1 "/>
</bind>
</comp>

<comp id="232" class="1004" name="K_sum_V_alloca_fu_232">
<pin_list>
<pin id="233" dir="0" index="0" bw="1" slack="0"/>
<pin id="234" dir="1" index="1" bw="16" slack="2147483647"/>
</pin_list>
<bind>
<opcode="alloca(26) " fcode="alloca"/>
<opset="K_sum_V/1 "/>
</bind>
</comp>

<comp id="236" class="1004" name="attended_V_alloca_fu_236">
<pin_list>
<pin id="237" dir="0" index="0" bw="1" slack="0"/>
<pin id="238" dir="1" index="1" bw="16" slack="2147483647"/>
</pin_list>
<bind>
<opcode="alloca(26) " fcode="alloca"/>
<opset="attended_V/1 "/>
</bind>
</comp>

<comp id="240" class="1004" name="d_7_fu_240">
<pin_list>
<pin id="241" dir="0" index="0" bw="1" slack="0"/>
<pin id="242" dir="1" index="1" bw="5" slack="0"/>
</pin_list>
<bind>
<opcode="alloca(26) " fcode="alloca"/>
<opset="d_7/2 "/>
</bind>
</comp>

<comp id="244" class="1004" name="a_7_fu_244">
<pin_list>
<pin id="245" dir="0" index="0" bw="1" slack="0"/>
<pin id="246" dir="1" index="1" bw="4" slack="0"/>
</pin_list>
<bind>
<opcode="alloca(26) " fcode="alloca"/>
<opset="a_7/26 "/>
</bind>
</comp>

<comp id="248" class="1004" name="Q_V_addr_gep_fu_248">
<pin_list>
<pin id="249" dir="0" index="0" bw="16" slack="2147483647"/>
<pin id="250" dir="0" index="1" bw="1" slack="0"/>
<pin id="251" dir="0" index="2" bw="8" slack="0"/>
<pin id="252" dir="1" index="3" bw="8" slack="0"/>
</pin_list>
<bind>
<opcode="getelementptr(29) " fcode="getelementptr"/>
<opset="Q_V_addr/24 "/>
</bind>
</comp>

<comp id="254" class="1004" name="V_V_addr_gep_fu_254">
<pin_list>
<pin id="255" dir="0" index="0" bw="16" slack="2147483647"/>
<pin id="256" dir="0" index="1" bw="1" slack="0"/>
<pin id="257" dir="0" index="2" bw="8" slack="0"/>
<pin id="258" dir="1" index="3" bw="8" slack="0"/>
</pin_list>
<bind>
<opcode="getelementptr(29) " fcode="getelementptr"/>
<opset="V_V_addr/24 "/>
</bind>
</comp>

<comp id="260" class="1004" name="store_ln97_access_fu_260">
<pin_list>
<pin id="261" dir="0" index="0" bw="8" slack="0"/>
<pin id="262" dir="0" index="1" bw="16" slack="1"/>
<pin id="263" dir="0" index="2" bw="0" slack="2147483647"/>
<pin id="264" dir="1" index="3" bw="16" slack="2147483647"/>
</pin_list>
<bind>
<opcode="store(28) " fcode="store"/>
<opset="store_ln97/24 "/>
</bind>
</comp>

<comp id="266" class="1004" name="store_ln98_access_fu_266">
<pin_list>
<pin id="267" dir="0" index="0" bw="8" slack="0"/>
<pin id="268" dir="0" index="1" bw="16" slack="0"/>
<pin id="269" dir="0" index="2" bw="0" slack="2147483647"/>
<pin id="270" dir="1" index="3" bw="16" slack="2147483647"/>
</pin_list>
<bind>
<opcode="store(28) " fcode="store"/>
<opset="store_ln98/24 "/>
</bind>
</comp>

<comp id="272" class="1004" name="K_sum_V_addr_gep_fu_272">
<pin_list>
<pin id="273" dir="0" index="0" bw="16" slack="2147483647"/>
<pin id="274" dir="0" index="1" bw="1" slack="0"/>
<pin id="275" dir="0" index="2" bw="5" slack="0"/>
<pin id="276" dir="1" index="3" bw="4" slack="0"/>
</pin_list>
<bind>
<opcode="getelementptr(29) " fcode="getelementptr"/>
<opset="K_sum_V_addr/28 "/>
</bind>
</comp>

<comp id="278" class="1004" name="store_ln121_access_fu_278">
<pin_list>
<pin id="279" dir="0" index="0" bw="4" slack="0"/>
<pin id="280" dir="0" index="1" bw="16" slack="0"/>
<pin id="281" dir="0" index="2" bw="0" slack="2147483647"/>
<pin id="282" dir="1" index="3" bw="16" slack="2147483647"/>
</pin_list>
<bind>
<opcode="store(28) " fcode="store"/>
<opset="store_ln121/28 "/>
</bind>
</comp>

<comp id="284" class="1004" name="layers_0_attention_output_bias_V_addr_gep_fu_284">
<pin_list>
<pin id="285" dir="0" index="0" bw="7" slack="0"/>
<pin id="286" dir="0" index="1" bw="1" slack="0"/>
<pin id="287" dir="0" index="2" bw="5" slack="0"/>
<pin id="288" dir="1" index="3" bw="4" slack="0"/>
</pin_list>
<bind>
<opcode="getelementptr(29) " fcode="getelementptr"/>
<opset="layers_0_attention_output_bias_V_addr/57 "/>
</bind>
</comp>

<comp id="291" class="1004" name="grp_access_fu_291">
<pin_list>
<pin id="292" dir="0" index="0" bw="4" slack="0"/>
<pin id="293" dir="0" index="1" bw="7" slack="2147483647"/>
<pin id="294" dir="0" index="2" bw="0" slack="2147483647"/>
<pin id="295" dir="1" index="3" bw="7" slack="1"/>
</pin_list>
<bind>
<opcode="load(27) " fcode="load"/>
<opset="sum_V/57 "/>
</bind>
</comp>

<comp id="297" class="1005" name="d_11_reg_297">
<pin_list>
<pin id="298" dir="0" index="0" bw="5" slack="1"/>
<pin id="299" dir="1" index="1" bw="5" slack="1"/>
</pin_list>
<bind>
<opset="d_11 (phireg) "/>
</bind>
</comp>

<comp id="301" class="1004" name="d_11_phi_fu_301">
<pin_list>
<pin id="302" dir="0" index="0" bw="5" slack="0"/>
<pin id="303" dir="0" index="1" bw="0" slack="2147483647"/>
<pin id="304" dir="0" index="2" bw="1" slack="1"/>
<pin id="305" dir="0" index="3" bw="0" slack="2147483647"/>
<pin id="306" dir="1" index="4" bw="5" slack="0"/>
</pin_list>
<bind>
<opcode="phi(47) " fcode="phi"/>
<opset="d_11/57 "/>
</bind>
</comp>

<comp id="308" class="1004" name="grp_attention_active13_Pipeline_VITIS_LOOP_103_4_VITIS_LOOP_104_5_VITIS_LOOP_106_6_fu_308">
<pin_list>
<pin id="309" dir="0" index="0" bw="0" slack="0"/>
<pin id="310" dir="0" index="1" bw="16" slack="2147483647"/>
<pin id="311" dir="0" index="2" bw="16" slack="0"/>
<pin id="312" dir="0" index="3" bw="16" slack="2147483647"/>
<pin id="313" dir="1" index="4" bw="0" slack="2147483647"/>
</pin_list>
<bind>
<opcode="call(48) " fcode="call"/>
<opset="call_ln0/2 "/>
</bind>
</comp>

<comp id="316" class="1004" name="grp_attention_active13_Pipeline_VITIS_LOOP_91_3_fu_316">
<pin_list>
<pin id="317" dir="0" index="0" bw="0" slack="0"/>
<pin id="318" dir="0" index="1" bw="8" slack="0"/>
<pin id="319" dir="0" index="2" bw="16" slack="0"/>
<pin id="320" dir="0" index="3" bw="8" slack="0"/>
<pin id="321" dir="0" index="4" bw="16" slack="2"/>
<pin id="322" dir="0" index="5" bw="16" slack="2"/>
<pin id="323" dir="0" index="6" bw="12" slack="0"/>
<pin id="324" dir="0" index="7" bw="10" slack="0"/>
<pin id="325" dir="1" index="8" bw="0" slack="2147483647"/>
</pin_list>
<bind>
<opcode="call(48) " fcode="call"/>
<opset="call_ln93/3 "/>
</bind>
</comp>

<comp id="330" class="1004" name="grp_attention_active13_Pipeline_VITIS_LOOP_117_8_fu_330">
<pin_list>
<pin id="331" dir="0" index="0" bw="0" slack="0"/>
<pin id="332" dir="0" index="1" bw="4" slack="0"/>
<pin id="333" dir="0" index="2" bw="16" slack="0"/>
<pin id="334" dir="0" index="3" bw="20" slack="3"/>
<pin id="335" dir="1" index="4" bw="0" slack="2147483647"/>
</pin_list>
<bind>
<opcode="call(48) " fcode="call"/>
<opset="call_ln115/26 "/>
</bind>
</comp>

<comp id="338" class="1004" name="grp_attention_active13_Pipeline_VITIS_LOOP_126_10_fu_338">
<pin_list>
<pin id="339" dir="0" index="0" bw="0" slack="0"/>
<pin id="340" dir="0" index="1" bw="8" slack="0"/>
<pin id="341" dir="0" index="2" bw="16" slack="2147483647"/>
<pin id="342" dir="0" index="3" bw="16" slack="2147483647"/>
<pin id="343" dir="0" index="4" bw="24" slack="4"/>
<pin id="344" dir="1" index="5" bw="0" slack="2147483647"/>
</pin_list>
<bind>
<opcode="call(48) " fcode="call"/>
<opset="call_ln813/29 "/>
</bind>
</comp>

<comp id="346" class="1004" name="grp_attention_active13_Pipeline_VITIS_LOOP_133_11_VITIS_LOOP_135_12_fu_346">
<pin_list>
<pin id="347" dir="0" index="0" bw="0" slack="0"/>
<pin id="348" dir="0" index="1" bw="8" slack="26"/>
<pin id="349" dir="0" index="2" bw="16" slack="2147483647"/>
<pin id="350" dir="0" index="3" bw="16" slack="2147483647"/>
<pin id="351" dir="0" index="4" bw="16" slack="0"/>
<pin id="352" dir="0" index="5" bw="16" slack="2147483647"/>
<pin id="353" dir="1" index="6" bw="0" slack="2147483647"/>
</pin_list>
<bind>
<opcode="call(48) " fcode="call"/>
<opset="call_ln813/55 "/>
</bind>
</comp>

<comp id="355" class="1004" name="grp_attention_active13_Pipeline_VITIS_LOOP_144_14_fu_355">
<pin_list>
<pin id="356" dir="0" index="0" bw="0" slack="0"/>
<pin id="357" dir="0" index="1" bw="11" slack="0"/>
<pin id="358" dir="0" index="2" bw="16" slack="0"/>
<pin id="359" dir="0" index="3" bw="8" slack="2"/>
<pin id="360" dir="0" index="4" bw="8" slack="0"/>
<pin id="361" dir="0" index="5" bw="16" slack="2147483647"/>
<pin id="362" dir="0" index="6" bw="10" slack="0"/>
<pin id="363" dir="1" index="7" bw="0" slack="2147483647"/>
</pin_list>
<bind>
<opcode="call(48) " fcode="call"/>
<opset="call_ln838/59 "/>
</bind>
</comp>

<comp id="367" class="1004" name="grp_fu_367">
<pin_list>
<pin id="368" dir="0" index="0" bw="32" slack="0"/>
<pin id="369" dir="0" index="1" bw="32" slack="1"/>
<pin id="370" dir="1" index="2" bw="32" slack="1"/>
</pin_list>
<bind>
<opcode="fdiv(16) " fcode="fdiv"/>
<opset="d_assign_1/35 "/>
</bind>
</comp>

<comp id="372" class="1004" name="grp_fu_372">
<pin_list>
<pin id="373" dir="0" index="0" bw="32" slack="1"/>
<pin id="374" dir="1" index="1" bw="64" slack="0"/>
</pin_list>
<bind>
<opcode="fpext(41) " fcode="fpext"/>
<opset="d_12/19 d_13/51 "/>
</bind>
</comp>

<comp id="375" class="1004" name="grp_fu_375">
<pin_list>
<pin id="376" dir="0" index="0" bw="32" slack="0"/>
<pin id="377" dir="0" index="1" bw="32" slack="0"/>
<pin id="378" dir="1" index="2" bw="32" slack="1"/>
</pin_list>
<bind>
<opcode="fexp(507) " fcode="fexp"/>
<opset="d_assign/9 "/>
</bind>
</comp>

<comp id="380" class="1004" name="store_ln87_store_fu_380">
<pin_list>
<pin id="381" dir="0" index="0" bw="1" slack="0"/>
<pin id="382" dir="0" index="1" bw="8" slack="0"/>
<pin id="383" dir="1" index="2" bw="0" slack="2147483647"/>
</pin_list>
<bind>
<opcode="store(28) " fcode="store"/>
<opset="store_ln87/1 "/>
</bind>
</comp>

<comp id="385" class="1004" name="store_ln87_store_fu_385">
<pin_list>
<pin id="386" dir="0" index="0" bw="1" slack="0"/>
<pin id="387" dir="0" index="1" bw="4" slack="0"/>
<pin id="388" dir="1" index="2" bw="0" slack="2147483647"/>
</pin_list>
<bind>
<opcode="store(28) " fcode="store"/>
<opset="store_ln87/1 "/>
</bind>
</comp>

<comp id="390" class="1004" name="store_ln87_store_fu_390">
<pin_list>
<pin id="391" dir="0" index="0" bw="1" slack="0"/>
<pin id="392" dir="0" index="1" bw="5" slack="0"/>
<pin id="393" dir="1" index="2" bw="0" slack="2147483647"/>
</pin_list>
<bind>
<opcode="store(28) " fcode="store"/>
<opset="store_ln87/1 "/>
</bind>
</comp>

<comp id="395" class="1004" name="indvar_flatten_load_load_fu_395">
<pin_list>
<pin id="396" dir="0" index="0" bw="8" slack="1"/>
<pin id="397" dir="1" index="1" bw="8" slack="0"/>
</pin_list>
<bind>
<opcode="load(27) " fcode="load"/>
<opset="indvar_flatten_load/2 "/>
</bind>
</comp>

<comp id="398" class="1004" name="icmp_ln87_fu_398">
<pin_list>
<pin id="399" dir="0" index="0" bw="8" slack="0"/>
<pin id="400" dir="0" index="1" bw="7" slack="0"/>
<pin id="401" dir="1" index="2" bw="1" slack="2147483647"/>
</pin_list>
<bind>
<opcode="icmp(45) " fcode="icmp"/>
<opset="icmp_ln87/2 "/>
</bind>
</comp>

<comp id="404" class="1004" name="add_ln87_1_fu_404">
<pin_list>
<pin id="405" dir="0" index="0" bw="8" slack="0"/>
<pin id="406" dir="0" index="1" bw="1" slack="0"/>
<pin id="407" dir="1" index="2" bw="8" slack="0"/>
</pin_list>
<bind>
<opcode="add(8) " fcode="add"/>
<opset="add_ln87_1/2 "/>
</bind>
</comp>

<comp id="410" class="1004" name="d_load_load_fu_410">
<pin_list>
<pin id="411" dir="0" index="0" bw="5" slack="1"/>
<pin id="412" dir="1" index="1" bw="5" slack="0"/>
</pin_list>
<bind>
<opcode="load(27) " fcode="load"/>
<opset="d_load/2 "/>
</bind>
</comp>

<comp id="413" class="1004" name="a_load_load_fu_413">
<pin_list>
<pin id="414" dir="0" index="0" bw="4" slack="1"/>
<pin id="415" dir="1" index="1" bw="4" slack="0"/>
</pin_list>
<bind>
<opcode="load(27) " fcode="load"/>
<opset="a_load/2 "/>
</bind>
</comp>

<comp id="416" class="1004" name="add_ln87_fu_416">
<pin_list>
<pin id="417" dir="0" index="0" bw="4" slack="0"/>
<pin id="418" dir="0" index="1" bw="1" slack="0"/>
<pin id="419" dir="1" index="2" bw="4" slack="0"/>
</pin_list>
<bind>
<opcode="add(8) " fcode="add"/>
<opset="add_ln87/2 "/>
</bind>
</comp>

<comp id="422" class="1004" name="icmp_ln88_fu_422">
<pin_list>
<pin id="423" dir="0" index="0" bw="5" slack="0"/>
<pin id="424" dir="0" index="1" bw="5" slack="0"/>
<pin id="425" dir="1" index="2" bw="1" slack="0"/>
</pin_list>
<bind>
<opcode="icmp(45) " fcode="icmp"/>
<opset="icmp_ln88/2 "/>
</bind>
</comp>

<comp id="428" class="1004" name="select_ln87_1_fu_428">
<pin_list>
<pin id="429" dir="0" index="0" bw="1" slack="0"/>
<pin id="430" dir="0" index="1" bw="4" slack="0"/>
<pin id="431" dir="0" index="2" bw="4" slack="0"/>
<pin id="432" dir="1" index="3" bw="4" slack="0"/>
</pin_list>
<bind>
<opcode="select(49) " fcode="select"/>
<opset="select_ln87_1/2 "/>
</bind>
</comp>

<comp id="436" class="1004" name="store_ln88_store_fu_436">
<pin_list>
<pin id="437" dir="0" index="0" bw="8" slack="0"/>
<pin id="438" dir="0" index="1" bw="8" slack="1"/>
<pin id="439" dir="1" index="2" bw="0" slack="2147483647"/>
</pin_list>
<bind>
<opcode="store(28) " fcode="store"/>
<opset="store_ln88/2 "/>
</bind>
</comp>

<comp id="441" class="1004" name="store_ln88_store_fu_441">
<pin_list>
<pin id="442" dir="0" index="0" bw="4" slack="0"/>
<pin id="443" dir="0" index="1" bw="4" slack="1"/>
<pin id="444" dir="1" index="2" bw="0" slack="2147483647"/>
</pin_list>
<bind>
<opcode="store(28) " fcode="store"/>
<opset="store_ln88/2 "/>
</bind>
</comp>

<comp id="446" class="1004" name="store_ln115_store_fu_446">
<pin_list>
<pin id="447" dir="0" index="0" bw="1" slack="0"/>
<pin id="448" dir="0" index="1" bw="5" slack="0"/>
<pin id="449" dir="1" index="2" bw="0" slack="2147483647"/>
</pin_list>
<bind>
<opcode="store(28) " fcode="store"/>
<opset="store_ln115/2 "/>
</bind>
</comp>

<comp id="451" class="1004" name="select_ln87_fu_451">
<pin_list>
<pin id="452" dir="0" index="0" bw="1" slack="1"/>
<pin id="453" dir="0" index="1" bw="1" slack="0"/>
<pin id="454" dir="0" index="2" bw="5" slack="2147483647"/>
<pin id="455" dir="1" index="3" bw="5" slack="0"/>
</pin_list>
<bind>
<opcode="select(49) " fcode="select"/>
<opset="select_ln87/3 "/>
</bind>
</comp>

<comp id="457" class="1004" name="tmp_s_fu_457">
<pin_list>
<pin id="458" dir="0" index="0" bw="8" slack="0"/>
<pin id="459" dir="0" index="1" bw="4" slack="1"/>
<pin id="460" dir="0" index="2" bw="1" slack="0"/>
<pin id="461" dir="1" index="3" bw="8" slack="0"/>
</pin_list>
<bind>
<opcode="bitconcatenate(1004) " fcode="bitconcatenate"/>
<opset="tmp_s/3 "/>
</bind>
</comp>

<comp id="465" class="1004" name="zext_ln97_fu_465">
<pin_list>
<pin id="466" dir="0" index="0" bw="5" slack="0"/>
<pin id="467" dir="1" index="1" bw="8" slack="0"/>
</pin_list>
<bind>
<opcode="zext(34) " fcode="zext"/>
<opset="zext_ln97/3 "/>
</bind>
</comp>

<comp id="469" class="1004" name="add_ln97_fu_469">
<pin_list>
<pin id="470" dir="0" index="0" bw="8" slack="0"/>
<pin id="471" dir="0" index="1" bw="5" slack="0"/>
<pin id="472" dir="1" index="2" bw="8" slack="21"/>
</pin_list>
<bind>
<opcode="add(8) " fcode="add"/>
<opset="add_ln97/3 "/>
</bind>
</comp>

<comp id="475" class="1004" name="empty_96_fu_475">
<pin_list>
<pin id="476" dir="0" index="0" bw="5" slack="0"/>
<pin id="477" dir="1" index="1" bw="4" slack="0"/>
</pin_list>
<bind>
<opcode="trunc(33) " fcode="trunc"/>
<opset="empty_96/3 "/>
</bind>
</comp>

<comp id="479" class="1004" name="tmp_72_fu_479">
<pin_list>
<pin id="480" dir="0" index="0" bw="8" slack="0"/>
<pin id="481" dir="0" index="1" bw="4" slack="0"/>
<pin id="482" dir="0" index="2" bw="1" slack="0"/>
<pin id="483" dir="1" index="3" bw="8" slack="0"/>
</pin_list>
<bind>
<opcode="bitconcatenate(1004) " fcode="bitconcatenate"/>
<opset="tmp_72/3 "/>
</bind>
</comp>

<comp id="488" class="1004" name="add_ln88_fu_488">
<pin_list>
<pin id="489" dir="0" index="0" bw="5" slack="0"/>
<pin id="490" dir="0" index="1" bw="1" slack="0"/>
<pin id="491" dir="1" index="2" bw="5" slack="0"/>
</pin_list>
<bind>
<opcode="add(8) " fcode="add"/>
<opset="add_ln88/3 "/>
</bind>
</comp>

<comp id="494" class="1004" name="store_ln88_store_fu_494">
<pin_list>
<pin id="495" dir="0" index="0" bw="5" slack="0"/>
<pin id="496" dir="0" index="1" bw="5" slack="2"/>
<pin id="497" dir="1" index="2" bw="0" slack="2147483647"/>
</pin_list>
<bind>
<opcode="store(28) " fcode="store"/>
<opset="store_ln88/3 "/>
</bind>
</comp>

<comp id="499" class="1004" name="x_V_loc_load_load_fu_499">
<pin_list>
<pin id="500" dir="0" index="0" bw="16" slack="4"/>
<pin id="501" dir="1" index="1" bw="16" slack="0"/>
</pin_list>
<bind>
<opcode="load(27) " fcode="load"/>
<opset="x_V_loc_load/5 "/>
</bind>
</comp>

<comp id="502" class="1004" name="tmp_fu_502">
<pin_list>
<pin id="503" dir="0" index="0" bw="1" slack="0"/>
<pin id="504" dir="0" index="1" bw="16" slack="0"/>
<pin id="505" dir="0" index="2" bw="5" slack="0"/>
<pin id="506" dir="1" index="3" bw="1" slack="16"/>
</pin_list>
<bind>
<opcode="bitselect(1000) " fcode="bitselect"/>
<opset="tmp/5 "/>
</bind>
</comp>

<comp id="510" class="1004" name="tmp_V_7_fu_510">
<pin_list>
<pin id="511" dir="0" index="0" bw="1" slack="0"/>
<pin id="512" dir="0" index="1" bw="16" slack="0"/>
<pin id="513" dir="1" index="2" bw="16" slack="0"/>
</pin_list>
<bind>
<opcode="sub(10) " fcode="sub"/>
<opset="tmp_V_7/5 "/>
</bind>
</comp>

<comp id="516" class="1004" name="p_Result_s_fu_516">
<pin_list>
<pin id="517" dir="0" index="0" bw="16" slack="0"/>
<pin id="518" dir="0" index="1" bw="16" slack="0"/>
<pin id="519" dir="0" index="2" bw="5" slack="0"/>
<pin id="520" dir="0" index="3" bw="1" slack="0"/>
<pin id="521" dir="1" index="4" bw="16" slack="0"/>
</pin_list>
<bind>
<opcode="partselect(1002) " fcode="partselect"/>
<opset="p_Result_s/5 "/>
</bind>
</comp>

<comp id="526" class="1004" name="p_Result_54_fu_526">
<pin_list>
<pin id="527" dir="0" index="0" bw="17" slack="0"/>
<pin id="528" dir="0" index="1" bw="1" slack="0"/>
<pin id="529" dir="0" index="2" bw="16" slack="0"/>
<pin id="530" dir="1" index="3" bw="17" slack="0"/>
</pin_list>
<bind>
<opcode="bitconcatenate(1004) " fcode="bitconcatenate"/>
<opset="p_Result_54/5 "/>
</bind>
</comp>

<comp id="534" class="1004" name="sext_ln1198_fu_534">
<pin_list>
<pin id="535" dir="0" index="0" bw="17" slack="0"/>
<pin id="536" dir="1" index="1" bw="32" slack="0"/>
</pin_list>
<bind>
<opcode="sext(35) " fcode="sext"/>
<opset="sext_ln1198/5 "/>
</bind>
</comp>

<comp id="538" class="1004" name="l_fu_538">
<pin_list>
<pin id="539" dir="0" index="0" bw="32" slack="0"/>
<pin id="540" dir="0" index="1" bw="17" slack="0"/>
<pin id="541" dir="0" index="2" bw="1" slack="0"/>
<pin id="542" dir="1" index="3" bw="32" slack="0"/>
</pin_list>
<bind>
<opcode="cttz(524) " fcode="cttz"/>
<opset="l/5 "/>
</bind>
</comp>

<comp id="546" class="1004" name="sub_ln1099_fu_546">
<pin_list>
<pin id="547" dir="0" index="0" bw="6" slack="0"/>
<pin id="548" dir="0" index="1" bw="32" slack="0"/>
<pin id="549" dir="1" index="2" bw="32" slack="0"/>
</pin_list>
<bind>
<opcode="sub(10) " fcode="sub"/>
<opset="sub_ln1099/5 "/>
</bind>
</comp>

<comp id="552" class="1004" name="trunc_ln1099_fu_552">
<pin_list>
<pin id="553" dir="0" index="0" bw="32" slack="0"/>
<pin id="554" dir="1" index="1" bw="16" slack="1"/>
</pin_list>
<bind>
<opcode="trunc(33) " fcode="trunc"/>
<opset="trunc_ln1099/5 "/>
</bind>
</comp>

<comp id="556" class="1004" name="trunc_ln1102_fu_556">
<pin_list>
<pin id="557" dir="0" index="0" bw="32" slack="0"/>
<pin id="558" dir="1" index="1" bw="4" slack="1"/>
</pin_list>
<bind>
<opcode="trunc(33) " fcode="trunc"/>
<opset="trunc_ln1102/5 "/>
</bind>
</comp>

<comp id="560" class="1004" name="trunc_ln1098_fu_560">
<pin_list>
<pin id="561" dir="0" index="0" bw="32" slack="0"/>
<pin id="562" dir="1" index="1" bw="8" slack="3"/>
</pin_list>
<bind>
<opcode="trunc(33) " fcode="trunc"/>
<opset="trunc_ln1098/5 "/>
</bind>
</comp>

<comp id="564" class="1004" name="lsb_index_fu_564">
<pin_list>
<pin id="565" dir="0" index="0" bw="32" slack="1"/>
<pin id="566" dir="0" index="1" bw="6" slack="0"/>
<pin id="567" dir="1" index="2" bw="32" slack="0"/>
</pin_list>
<bind>
<opcode="add(8) " fcode="add"/>
<opset="lsb_index/6 "/>
</bind>
</comp>

<comp id="569" class="1004" name="tmp_49_fu_569">
<pin_list>
<pin id="570" dir="0" index="0" bw="31" slack="0"/>
<pin id="571" dir="0" index="1" bw="32" slack="0"/>
<pin id="572" dir="0" index="2" bw="1" slack="0"/>
<pin id="573" dir="0" index="3" bw="6" slack="0"/>
<pin id="574" dir="1" index="4" bw="31" slack="0"/>
</pin_list>
<bind>
<opcode="partselect(1002) " fcode="partselect"/>
<opset="tmp_49/6 "/>
</bind>
</comp>

<comp id="579" class="1004" name="icmp_ln1101_fu_579">
<pin_list>
<pin id="580" dir="0" index="0" bw="31" slack="0"/>
<pin id="581" dir="0" index="1" bw="1" slack="0"/>
<pin id="582" dir="1" index="2" bw="1" slack="0"/>
</pin_list>
<bind>
<opcode="icmp(45) " fcode="icmp"/>
<opset="icmp_ln1101/6 "/>
</bind>
</comp>

<comp id="585" class="1004" name="sub_ln1102_fu_585">
<pin_list>
<pin id="586" dir="0" index="0" bw="4" slack="0"/>
<pin id="587" dir="0" index="1" bw="4" slack="1"/>
<pin id="588" dir="1" index="2" bw="4" slack="0"/>
</pin_list>
<bind>
<opcode="sub(10) " fcode="sub"/>
<opset="sub_ln1102/6 "/>
</bind>
</comp>

<comp id="590" class="1004" name="zext_ln1102_fu_590">
<pin_list>
<pin id="591" dir="0" index="0" bw="4" slack="0"/>
<pin id="592" dir="1" index="1" bw="16" slack="0"/>
</pin_list>
<bind>
<opcode="zext(34) " fcode="zext"/>
<opset="zext_ln1102/6 "/>
</bind>
</comp>

<comp id="594" class="1004" name="lshr_ln1102_fu_594">
<pin_list>
<pin id="595" dir="0" index="0" bw="1" slack="0"/>
<pin id="596" dir="0" index="1" bw="4" slack="0"/>
<pin id="597" dir="1" index="2" bw="16" slack="0"/>
</pin_list>
<bind>
<opcode="lshr(21) " fcode="lshr"/>
<opset="lshr_ln1102/6 "/>
</bind>
</comp>

<comp id="600" class="1004" name="p_Result_39_fu_600">
<pin_list>
<pin id="601" dir="0" index="0" bw="16" slack="0"/>
<pin id="602" dir="0" index="1" bw="16" slack="1"/>
<pin id="603" dir="1" index="2" bw="16" slack="0"/>
</pin_list>
<bind>
<opcode="and(23) " fcode="and"/>
<opset="p_Result_39/6 "/>
</bind>
</comp>

<comp id="605" class="1004" name="icmp_ln1102_fu_605">
<pin_list>
<pin id="606" dir="0" index="0" bw="16" slack="0"/>
<pin id="607" dir="0" index="1" bw="1" slack="0"/>
<pin id="608" dir="1" index="2" bw="1" slack="0"/>
</pin_list>
<bind>
<opcode="icmp(45) " fcode="icmp"/>
<opset="icmp_ln1102/6 "/>
</bind>
</comp>

<comp id="611" class="1004" name="a_8_fu_611">
<pin_list>
<pin id="612" dir="0" index="0" bw="1" slack="0"/>
<pin id="613" dir="0" index="1" bw="1" slack="0"/>
<pin id="614" dir="1" index="2" bw="1" slack="0"/>
</pin_list>
<bind>
<opcode="and(23) " fcode="and"/>
<opset="a_8/6 "/>
</bind>
</comp>

<comp id="617" class="1004" name="tmp_50_fu_617">
<pin_list>
<pin id="618" dir="0" index="0" bw="1" slack="0"/>
<pin id="619" dir="0" index="1" bw="32" slack="0"/>
<pin id="620" dir="0" index="2" bw="6" slack="0"/>
<pin id="621" dir="1" index="3" bw="1" slack="0"/>
</pin_list>
<bind>
<opcode="bitselect(1000) " fcode="bitselect"/>
<opset="tmp_50/6 "/>
</bind>
</comp>

<comp id="625" class="1004" name="xor_ln1104_fu_625">
<pin_list>
<pin id="626" dir="0" index="0" bw="1" slack="0"/>
<pin id="627" dir="0" index="1" bw="1" slack="0"/>
<pin id="628" dir="1" index="2" bw="1" slack="0"/>
</pin_list>
<bind>
<opcode="xor(25) " fcode="xor"/>
<opset="xor_ln1104/6 "/>
</bind>
</comp>

<comp id="631" class="1004" name="add_ln1104_fu_631">
<pin_list>
<pin id="632" dir="0" index="0" bw="16" slack="1"/>
<pin id="633" dir="0" index="1" bw="6" slack="0"/>
<pin id="634" dir="1" index="2" bw="16" slack="0"/>
</pin_list>
<bind>
<opcode="add(8) " fcode="add"/>
<opset="add_ln1104/6 "/>
</bind>
</comp>

<comp id="636" class="1004" name="p_Result_40_fu_636">
<pin_list>
<pin id="637" dir="0" index="0" bw="1" slack="0"/>
<pin id="638" dir="0" index="1" bw="16" slack="1"/>
<pin id="639" dir="0" index="2" bw="16" slack="0"/>
<pin id="640" dir="1" index="3" bw="1" slack="0"/>
</pin_list>
<bind>
<opcode="bitselect(1000) " fcode="bitselect"/>
<opset="p_Result_40/6 "/>
</bind>
</comp>

<comp id="643" class="1004" name="and_ln1104_fu_643">
<pin_list>
<pin id="644" dir="0" index="0" bw="1" slack="0"/>
<pin id="645" dir="0" index="1" bw="1" slack="0"/>
<pin id="646" dir="1" index="2" bw="1" slack="0"/>
</pin_list>
<bind>
<opcode="and(23) " fcode="and"/>
<opset="and_ln1104/6 "/>
</bind>
</comp>

<comp id="649" class="1004" name="or_ln1104_2_fu_649">
<pin_list>
<pin id="650" dir="0" index="0" bw="1" slack="0"/>
<pin id="651" dir="0" index="1" bw="1" slack="0"/>
<pin id="652" dir="1" index="2" bw="1" slack="0"/>
</pin_list>
<bind>
<opcode="or(24) " fcode="or"/>
<opset="or_ln1104_2/6 "/>
</bind>
</comp>

<comp id="655" class="1004" name="or_ln_fu_655">
<pin_list>
<pin id="656" dir="0" index="0" bw="2" slack="0"/>
<pin id="657" dir="0" index="1" bw="1" slack="0"/>
<pin id="658" dir="0" index="2" bw="1" slack="0"/>
<pin id="659" dir="1" index="3" bw="2" slack="1"/>
</pin_list>
<bind>
<opcode="bitconcatenate(1004) " fcode="bitconcatenate"/>
<opset="or_ln/6 "/>
</bind>
</comp>

<comp id="663" class="1004" name="icmp_ln1113_fu_663">
<pin_list>
<pin id="664" dir="0" index="0" bw="32" slack="0"/>
<pin id="665" dir="0" index="1" bw="1" slack="0"/>
<pin id="666" dir="1" index="2" bw="1" slack="1"/>
</pin_list>
<bind>
<opcode="icmp(45) " fcode="icmp"/>
<opset="icmp_ln1113/6 "/>
</bind>
</comp>

<comp id="669" class="1004" name="zext_ln1112_fu_669">
<pin_list>
<pin id="670" dir="0" index="0" bw="16" slack="2"/>
<pin id="671" dir="1" index="1" bw="64" slack="0"/>
</pin_list>
<bind>
<opcode="zext(34) " fcode="zext"/>
<opset="zext_ln1112/7 "/>
</bind>
</comp>

<comp id="672" class="1004" name="add_ln1113_fu_672">
<pin_list>
<pin id="673" dir="0" index="0" bw="32" slack="2"/>
<pin id="674" dir="0" index="1" bw="6" slack="0"/>
<pin id="675" dir="1" index="2" bw="32" slack="0"/>
</pin_list>
<bind>
<opcode="add(8) " fcode="add"/>
<opset="add_ln1113/7 "/>
</bind>
</comp>

<comp id="677" class="1004" name="zext_ln1113_fu_677">
<pin_list>
<pin id="678" dir="0" index="0" bw="32" slack="0"/>
<pin id="679" dir="1" index="1" bw="64" slack="0"/>
</pin_list>
<bind>
<opcode="zext(34) " fcode="zext"/>
<opset="zext_ln1113/7 "/>
</bind>
</comp>

<comp id="681" class="1004" name="lshr_ln1113_fu_681">
<pin_list>
<pin id="682" dir="0" index="0" bw="16" slack="0"/>
<pin id="683" dir="0" index="1" bw="32" slack="0"/>
<pin id="684" dir="1" index="2" bw="64" slack="0"/>
</pin_list>
<bind>
<opcode="lshr(21) " fcode="lshr"/>
<opset="lshr_ln1113/7 "/>
</bind>
</comp>

<comp id="687" class="1004" name="sub_ln1114_fu_687">
<pin_list>
<pin id="688" dir="0" index="0" bw="6" slack="0"/>
<pin id="689" dir="0" index="1" bw="32" slack="2"/>
<pin id="690" dir="1" index="2" bw="32" slack="0"/>
</pin_list>
<bind>
<opcode="sub(10) " fcode="sub"/>
<opset="sub_ln1114/7 "/>
</bind>
</comp>

<comp id="692" class="1004" name="zext_ln1114_fu_692">
<pin_list>
<pin id="693" dir="0" index="0" bw="32" slack="0"/>
<pin id="694" dir="1" index="1" bw="64" slack="0"/>
</pin_list>
<bind>
<opcode="zext(34) " fcode="zext"/>
<opset="zext_ln1114/7 "/>
</bind>
</comp>

<comp id="696" class="1004" name="shl_ln1114_fu_696">
<pin_list>
<pin id="697" dir="0" index="0" bw="16" slack="0"/>
<pin id="698" dir="0" index="1" bw="32" slack="0"/>
<pin id="699" dir="1" index="2" bw="64" slack="0"/>
</pin_list>
<bind>
<opcode="shl(20) " fcode="shl"/>
<opset="shl_ln1114/7 "/>
</bind>
</comp>

<comp id="702" class="1004" name="m_14_fu_702">
<pin_list>
<pin id="703" dir="0" index="0" bw="1" slack="1"/>
<pin id="704" dir="0" index="1" bw="64" slack="0"/>
<pin id="705" dir="0" index="2" bw="64" slack="0"/>
<pin id="706" dir="1" index="3" bw="64" slack="0"/>
</pin_list>
<bind>
<opcode="select(49) " fcode="select"/>
<opset="m_14/7 "/>
</bind>
</comp>

<comp id="709" class="1004" name="zext_ln1116_fu_709">
<pin_list>
<pin id="710" dir="0" index="0" bw="2" slack="1"/>
<pin id="711" dir="1" index="1" bw="64" slack="0"/>
</pin_list>
<bind>
<opcode="zext(34) " fcode="zext"/>
<opset="zext_ln1116/7 "/>
</bind>
</comp>

<comp id="712" class="1004" name="m_15_fu_712">
<pin_list>
<pin id="713" dir="0" index="0" bw="64" slack="0"/>
<pin id="714" dir="0" index="1" bw="2" slack="0"/>
<pin id="715" dir="1" index="2" bw="64" slack="0"/>
</pin_list>
<bind>
<opcode="add(8) " fcode="add"/>
<opset="m_15/7 "/>
</bind>
</comp>

<comp id="718" class="1004" name="m_21_fu_718">
<pin_list>
<pin id="719" dir="0" index="0" bw="63" slack="0"/>
<pin id="720" dir="0" index="1" bw="64" slack="0"/>
<pin id="721" dir="0" index="2" bw="1" slack="0"/>
<pin id="722" dir="0" index="3" bw="7" slack="0"/>
<pin id="723" dir="1" index="4" bw="63" slack="1"/>
</pin_list>
<bind>
<opcode="partselect(1002) " fcode="partselect"/>
<opset="m_21/7 "/>
</bind>
</comp>

<comp id="728" class="1004" name="p_Result_41_fu_728">
<pin_list>
<pin id="729" dir="0" index="0" bw="1" slack="0"/>
<pin id="730" dir="0" index="1" bw="64" slack="0"/>
<pin id="731" dir="0" index="2" bw="6" slack="0"/>
<pin id="732" dir="1" index="3" bw="1" slack="1"/>
</pin_list>
<bind>
<opcode="bitselect(1000) " fcode="bitselect"/>
<opset="p_Result_41/7 "/>
</bind>
</comp>

<comp id="736" class="1004" name="zext_ln1117_fu_736">
<pin_list>
<pin id="737" dir="0" index="0" bw="63" slack="1"/>
<pin id="738" dir="1" index="1" bw="64" slack="0"/>
</pin_list>
<bind>
<opcode="zext(34) " fcode="zext"/>
<opset="zext_ln1117/8 "/>
</bind>
</comp>

<comp id="739" class="1004" name="select_ln1098_fu_739">
<pin_list>
<pin id="740" dir="0" index="0" bw="1" slack="1"/>
<pin id="741" dir="0" index="1" bw="8" slack="0"/>
<pin id="742" dir="0" index="2" bw="8" slack="0"/>
<pin id="743" dir="1" index="3" bw="8" slack="0"/>
</pin_list>
<bind>
<opcode="select(49) " fcode="select"/>
<opset="select_ln1098/8 "/>
</bind>
</comp>

<comp id="746" class="1004" name="sub_ln1119_fu_746">
<pin_list>
<pin id="747" dir="0" index="0" bw="4" slack="0"/>
<pin id="748" dir="0" index="1" bw="8" slack="3"/>
<pin id="749" dir="1" index="2" bw="8" slack="0"/>
</pin_list>
<bind>
<opcode="sub(10) " fcode="sub"/>
<opset="sub_ln1119/8 "/>
</bind>
</comp>

<comp id="751" class="1004" name="add_ln1124_fu_751">
<pin_list>
<pin id="752" dir="0" index="0" bw="8" slack="0"/>
<pin id="753" dir="0" index="1" bw="8" slack="0"/>
<pin id="754" dir="1" index="2" bw="8" slack="0"/>
</pin_list>
<bind>
<opcode="add(8) " fcode="add"/>
<opset="add_ln1124/8 "/>
</bind>
</comp>

<comp id="757" class="1004" name="tmp_2_fu_757">
<pin_list>
<pin id="758" dir="0" index="0" bw="9" slack="0"/>
<pin id="759" dir="0" index="1" bw="1" slack="0"/>
<pin id="760" dir="0" index="2" bw="8" slack="0"/>
<pin id="761" dir="1" index="3" bw="9" slack="0"/>
</pin_list>
<bind>
<opcode="bitconcatenate(1004) " fcode="bitconcatenate"/>
<opset="tmp_2/8 "/>
</bind>
</comp>

<comp id="765" class="1004" name="p_Result_55_fu_765">
<pin_list>
<pin id="766" dir="0" index="0" bw="64" slack="0"/>
<pin id="767" dir="0" index="1" bw="63" slack="0"/>
<pin id="768" dir="0" index="2" bw="9" slack="0"/>
<pin id="769" dir="0" index="3" bw="6" slack="0"/>
<pin id="770" dir="0" index="4" bw="6" slack="0"/>
<pin id="771" dir="1" index="5" bw="64" slack="0"/>
</pin_list>
<bind>
<opcode="partset(1003) " fcode="partset"/>
<opset="p_Result_55/8 "/>
</bind>
</comp>

<comp id="777" class="1004" name="LD_fu_777">
<pin_list>
<pin id="778" dir="0" index="0" bw="64" slack="0"/>
<pin id="779" dir="1" index="1" bw="32" slack="1"/>
</pin_list>
<bind>
<opcode="trunc(33) " fcode="trunc"/>
<opset="LD/8 "/>
</bind>
</comp>

<comp id="781" class="1004" name="bitcast_ln766_fu_781">
<pin_list>
<pin id="782" dir="0" index="0" bw="32" slack="1"/>
<pin id="783" dir="1" index="1" bw="32" slack="0"/>
</pin_list>
<bind>
<opcode="bitcast(44) " fcode="bitcast"/>
<opset="bitcast_ln766/9 "/>
</bind>
</comp>

<comp id="785" class="1004" name="ireg_fu_785">
<pin_list>
<pin id="786" dir="0" index="0" bw="64" slack="0"/>
<pin id="787" dir="1" index="1" bw="64" slack="0"/>
</pin_list>
<bind>
<opcode="bitcast(44) " fcode="bitcast"/>
<opset="ireg/20 "/>
</bind>
</comp>

<comp id="789" class="1004" name="trunc_ln544_fu_789">
<pin_list>
<pin id="790" dir="0" index="0" bw="64" slack="0"/>
<pin id="791" dir="1" index="1" bw="63" slack="0"/>
</pin_list>
<bind>
<opcode="trunc(33) " fcode="trunc"/>
<opset="trunc_ln544/20 "/>
</bind>
</comp>

<comp id="793" class="1004" name="p_Result_56_fu_793">
<pin_list>
<pin id="794" dir="0" index="0" bw="1" slack="0"/>
<pin id="795" dir="0" index="1" bw="64" slack="0"/>
<pin id="796" dir="0" index="2" bw="7" slack="0"/>
<pin id="797" dir="1" index="3" bw="1" slack="1"/>
</pin_list>
<bind>
<opcode="bitselect(1000) " fcode="bitselect"/>
<opset="p_Result_56/20 "/>
</bind>
</comp>

<comp id="801" class="1004" name="exp_tmp_fu_801">
<pin_list>
<pin id="802" dir="0" index="0" bw="11" slack="0"/>
<pin id="803" dir="0" index="1" bw="64" slack="0"/>
<pin id="804" dir="0" index="2" bw="7" slack="0"/>
<pin id="805" dir="0" index="3" bw="7" slack="0"/>
<pin id="806" dir="1" index="4" bw="11" slack="1"/>
</pin_list>
<bind>
<opcode="partselect(1002) " fcode="partselect"/>
<opset="exp_tmp/20 "/>
</bind>
</comp>

<comp id="811" class="1004" name="trunc_ln554_fu_811">
<pin_list>
<pin id="812" dir="0" index="0" bw="64" slack="0"/>
<pin id="813" dir="1" index="1" bw="52" slack="1"/>
</pin_list>
<bind>
<opcode="trunc(33) " fcode="trunc"/>
<opset="trunc_ln554/20 "/>
</bind>
</comp>

<comp id="815" class="1004" name="icmp_ln560_fu_815">
<pin_list>
<pin id="816" dir="0" index="0" bw="63" slack="0"/>
<pin id="817" dir="0" index="1" bw="1" slack="0"/>
<pin id="818" dir="1" index="2" bw="1" slack="1"/>
</pin_list>
<bind>
<opcode="icmp(45) " fcode="icmp"/>
<opset="icmp_ln560/20 "/>
</bind>
</comp>

<comp id="821" class="1004" name="xor_ln1651_fu_821">
<pin_list>
<pin id="822" dir="0" index="0" bw="1" slack="16"/>
<pin id="823" dir="0" index="1" bw="1" slack="0"/>
<pin id="824" dir="1" index="2" bw="1" slack="0"/>
</pin_list>
<bind>
<opcode="xor(25) " fcode="xor"/>
<opset="xor_ln1651/21 "/>
</bind>
</comp>

<comp id="826" class="1004" name="zext_ln455_fu_826">
<pin_list>
<pin id="827" dir="0" index="0" bw="11" slack="1"/>
<pin id="828" dir="1" index="1" bw="12" slack="0"/>
</pin_list>
<bind>
<opcode="zext(34) " fcode="zext"/>
<opset="zext_ln455/21 "/>
</bind>
</comp>

<comp id="829" class="1004" name="p_Result_57_fu_829">
<pin_list>
<pin id="830" dir="0" index="0" bw="53" slack="0"/>
<pin id="831" dir="0" index="1" bw="1" slack="0"/>
<pin id="832" dir="0" index="2" bw="52" slack="1"/>
<pin id="833" dir="1" index="3" bw="53" slack="0"/>
</pin_list>
<bind>
<opcode="bitconcatenate(1004) " fcode="bitconcatenate"/>
<opset="p_Result_57/21 "/>
</bind>
</comp>

<comp id="836" class="1004" name="zext_ln558_fu_836">
<pin_list>
<pin id="837" dir="0" index="0" bw="53" slack="0"/>
<pin id="838" dir="1" index="1" bw="54" slack="0"/>
</pin_list>
<bind>
<opcode="zext(34) " fcode="zext"/>
<opset="zext_ln558/21 "/>
</bind>
</comp>

<comp id="840" class="1004" name="man_V_7_fu_840">
<pin_list>
<pin id="841" dir="0" index="0" bw="1" slack="0"/>
<pin id="842" dir="0" index="1" bw="53" slack="0"/>
<pin id="843" dir="1" index="2" bw="54" slack="0"/>
</pin_list>
<bind>
<opcode="sub(10) " fcode="sub"/>
<opset="man_V_7/21 "/>
</bind>
</comp>

<comp id="846" class="1004" name="man_V_8_fu_846">
<pin_list>
<pin id="847" dir="0" index="0" bw="1" slack="1"/>
<pin id="848" dir="0" index="1" bw="54" slack="0"/>
<pin id="849" dir="0" index="2" bw="53" slack="0"/>
<pin id="850" dir="1" index="3" bw="54" slack="0"/>
</pin_list>
<bind>
<opcode="select(49) " fcode="select"/>
<opset="man_V_8/21 "/>
</bind>
</comp>

<comp id="853" class="1004" name="F2_fu_853">
<pin_list>
<pin id="854" dir="0" index="0" bw="12" slack="0"/>
<pin id="855" dir="0" index="1" bw="11" slack="0"/>
<pin id="856" dir="1" index="2" bw="12" slack="0"/>
</pin_list>
<bind>
<opcode="sub(10) " fcode="sub"/>
<opset="F2/21 "/>
</bind>
</comp>

<comp id="859" class="1004" name="icmp_ln570_fu_859">
<pin_list>
<pin id="860" dir="0" index="0" bw="12" slack="0"/>
<pin id="861" dir="0" index="1" bw="5" slack="0"/>
<pin id="862" dir="1" index="2" bw="1" slack="0"/>
</pin_list>
<bind>
<opcode="icmp(45) " fcode="icmp"/>
<opset="icmp_ln570/21 "/>
</bind>
</comp>

<comp id="865" class="1004" name="add_ln570_fu_865">
<pin_list>
<pin id="866" dir="0" index="0" bw="12" slack="0"/>
<pin id="867" dir="0" index="1" bw="5" slack="0"/>
<pin id="868" dir="1" index="2" bw="12" slack="0"/>
</pin_list>
<bind>
<opcode="add(8) " fcode="add"/>
<opset="add_ln570/21 "/>
</bind>
</comp>

<comp id="871" class="1004" name="sub_ln570_fu_871">
<pin_list>
<pin id="872" dir="0" index="0" bw="5" slack="0"/>
<pin id="873" dir="0" index="1" bw="12" slack="0"/>
<pin id="874" dir="1" index="2" bw="12" slack="0"/>
</pin_list>
<bind>
<opcode="sub(10) " fcode="sub"/>
<opset="sub_ln570/21 "/>
</bind>
</comp>

<comp id="877" class="1004" name="sh_amt_fu_877">
<pin_list>
<pin id="878" dir="0" index="0" bw="1" slack="0"/>
<pin id="879" dir="0" index="1" bw="12" slack="0"/>
<pin id="880" dir="0" index="2" bw="12" slack="0"/>
<pin id="881" dir="1" index="3" bw="12" slack="0"/>
</pin_list>
<bind>
<opcode="select(49) " fcode="select"/>
<opset="sh_amt/21 "/>
</bind>
</comp>

<comp id="885" class="1004" name="icmp_ln571_fu_885">
<pin_list>
<pin id="886" dir="0" index="0" bw="12" slack="0"/>
<pin id="887" dir="0" index="1" bw="5" slack="0"/>
<pin id="888" dir="1" index="2" bw="1" slack="0"/>
</pin_list>
<bind>
<opcode="icmp(45) " fcode="icmp"/>
<opset="icmp_ln571/21 "/>
</bind>
</comp>

<comp id="891" class="1004" name="trunc_ln572_fu_891">
<pin_list>
<pin id="892" dir="0" index="0" bw="54" slack="0"/>
<pin id="893" dir="1" index="1" bw="16" slack="1"/>
</pin_list>
<bind>
<opcode="trunc(33) " fcode="trunc"/>
<opset="trunc_ln572/21 "/>
</bind>
</comp>

<comp id="895" class="1004" name="tmp_54_fu_895">
<pin_list>
<pin id="896" dir="0" index="0" bw="8" slack="0"/>
<pin id="897" dir="0" index="1" bw="12" slack="0"/>
<pin id="898" dir="0" index="2" bw="4" slack="0"/>
<pin id="899" dir="0" index="3" bw="5" slack="0"/>
<pin id="900" dir="1" index="4" bw="8" slack="0"/>
</pin_list>
<bind>
<opcode="partselect(1002) " fcode="partselect"/>
<opset="tmp_54/21 "/>
</bind>
</comp>

<comp id="905" class="1004" name="icmp_ln592_fu_905">
<pin_list>
<pin id="906" dir="0" index="0" bw="8" slack="0"/>
<pin id="907" dir="0" index="1" bw="1" slack="0"/>
<pin id="908" dir="1" index="2" bw="1" slack="1"/>
</pin_list>
<bind>
<opcode="icmp(45) " fcode="icmp"/>
<opset="icmp_ln592/21 "/>
</bind>
</comp>

<comp id="911" class="1004" name="or_ln560_fu_911">
<pin_list>
<pin id="912" dir="0" index="0" bw="1" slack="1"/>
<pin id="913" dir="0" index="1" bw="1" slack="0"/>
<pin id="914" dir="1" index="2" bw="1" slack="0"/>
</pin_list>
<bind>
<opcode="or(24) " fcode="or"/>
<opset="or_ln560/21 "/>
</bind>
</comp>

<comp id="916" class="1004" name="or_ln571_fu_916">
<pin_list>
<pin id="917" dir="0" index="0" bw="1" slack="0"/>
<pin id="918" dir="0" index="1" bw="1" slack="0"/>
<pin id="919" dir="1" index="2" bw="1" slack="0"/>
</pin_list>
<bind>
<opcode="or(24) " fcode="or"/>
<opset="or_ln571/21 "/>
</bind>
</comp>

<comp id="922" class="1004" name="xor_ln571_fu_922">
<pin_list>
<pin id="923" dir="0" index="0" bw="1" slack="0"/>
<pin id="924" dir="0" index="1" bw="1" slack="0"/>
<pin id="925" dir="1" index="2" bw="1" slack="0"/>
</pin_list>
<bind>
<opcode="xor(25) " fcode="xor"/>
<opset="xor_ln571/21 "/>
</bind>
</comp>

<comp id="928" class="1004" name="and_ln570_fu_928">
<pin_list>
<pin id="929" dir="0" index="0" bw="1" slack="0"/>
<pin id="930" dir="0" index="1" bw="1" slack="0"/>
<pin id="931" dir="1" index="2" bw="1" slack="1"/>
</pin_list>
<bind>
<opcode="and(23) " fcode="and"/>
<opset="and_ln570/21 "/>
</bind>
</comp>

<comp id="934" class="1004" name="add_ln813_fu_934">
<pin_list>
<pin id="935" dir="0" index="0" bw="16" slack="2147483647"/>
<pin id="936" dir="0" index="1" bw="12" slack="0"/>
<pin id="937" dir="1" index="2" bw="16" slack="0"/>
</pin_list>
<bind>
<opcode="add(8) " fcode="add"/>
<opset="add_ln813/22 "/>
</bind>
</comp>

<comp id="939" class="1004" name="sext_ln570_fu_939">
<pin_list>
<pin id="940" dir="0" index="0" bw="12" slack="1"/>
<pin id="941" dir="1" index="1" bw="32" slack="0"/>
</pin_list>
<bind>
<opcode="sext(35) " fcode="sext"/>
<opset="sext_ln570/22 "/>
</bind>
</comp>

<comp id="942" class="1004" name="icmp_ln574_fu_942">
<pin_list>
<pin id="943" dir="0" index="0" bw="12" slack="1"/>
<pin id="944" dir="0" index="1" bw="7" slack="0"/>
<pin id="945" dir="1" index="2" bw="1" slack="1"/>
</pin_list>
<bind>
<opcode="icmp(45) " fcode="icmp"/>
<opset="icmp_ln574/22 "/>
</bind>
</comp>

<comp id="947" class="1004" name="sext_ln570cast_fu_947">
<pin_list>
<pin id="948" dir="0" index="0" bw="12" slack="0"/>
<pin id="949" dir="1" index="1" bw="16" slack="0"/>
</pin_list>
<bind>
<opcode="trunc(33) " fcode="trunc"/>
<opset="sext_ln570cast/22 "/>
</bind>
</comp>

<comp id="951" class="1004" name="shl_ln593_fu_951">
<pin_list>
<pin id="952" dir="0" index="0" bw="16" slack="1"/>
<pin id="953" dir="0" index="1" bw="16" slack="0"/>
<pin id="954" dir="1" index="2" bw="16" slack="0"/>
</pin_list>
<bind>
<opcode="shl(20) " fcode="shl"/>
<opset="shl_ln593/22 "/>
</bind>
</comp>

<comp id="956" class="1004" name="select_ln592_fu_956">
<pin_list>
<pin id="957" dir="0" index="0" bw="1" slack="1"/>
<pin id="958" dir="0" index="1" bw="16" slack="0"/>
<pin id="959" dir="0" index="2" bw="1" slack="0"/>
<pin id="960" dir="1" index="3" bw="16" slack="0"/>
</pin_list>
<bind>
<opcode="select(49) " fcode="select"/>
<opset="select_ln592/22 "/>
</bind>
</comp>

<comp id="963" class="1004" name="select_ln1651_fu_963">
<pin_list>
<pin id="964" dir="0" index="0" bw="1" slack="17"/>
<pin id="965" dir="0" index="1" bw="16" slack="0"/>
<pin id="966" dir="0" index="2" bw="16" slack="0"/>
<pin id="967" dir="1" index="3" bw="16" slack="0"/>
</pin_list>
<bind>
<opcode="select(49) " fcode="select"/>
<opset="select_ln1651/22 "/>
</bind>
</comp>

<comp id="970" class="1004" name="xor_ln560_2_fu_970">
<pin_list>
<pin id="971" dir="0" index="0" bw="1" slack="2"/>
<pin id="972" dir="0" index="1" bw="1" slack="0"/>
<pin id="973" dir="1" index="2" bw="1" slack="0"/>
</pin_list>
<bind>
<opcode="xor(25) " fcode="xor"/>
<opset="xor_ln560_2/22 "/>
</bind>
</comp>

<comp id="975" class="1004" name="and_ln560_2_fu_975">
<pin_list>
<pin id="976" dir="0" index="0" bw="1" slack="17"/>
<pin id="977" dir="0" index="1" bw="1" slack="0"/>
<pin id="978" dir="1" index="2" bw="1" slack="0"/>
</pin_list>
<bind>
<opcode="and(23) " fcode="and"/>
<opset="and_ln560_2/22 "/>
</bind>
</comp>

<comp id="980" class="1004" name="and_ln571_fu_980">
<pin_list>
<pin id="981" dir="0" index="0" bw="1" slack="1"/>
<pin id="982" dir="0" index="1" bw="1" slack="0"/>
<pin id="983" dir="1" index="2" bw="1" slack="0"/>
</pin_list>
<bind>
<opcode="and(23) " fcode="and"/>
<opset="and_ln571/22 "/>
</bind>
</comp>

<comp id="985" class="1004" name="select_ln571_fu_985">
<pin_list>
<pin id="986" dir="0" index="0" bw="1" slack="0"/>
<pin id="987" dir="0" index="1" bw="16" slack="1"/>
<pin id="988" dir="0" index="2" bw="16" slack="0"/>
<pin id="989" dir="1" index="3" bw="16" slack="1"/>
</pin_list>
<bind>
<opcode="select(49) " fcode="select"/>
<opset="select_ln571/22 "/>
</bind>
</comp>

<comp id="992" class="1004" name="zext_ln575_fu_992">
<pin_list>
<pin id="993" dir="0" index="0" bw="12" slack="1"/>
<pin id="994" dir="1" index="1" bw="54" slack="0"/>
</pin_list>
<bind>
<opcode="zext(34) " fcode="zext"/>
<opset="zext_ln575/23 "/>
</bind>
</comp>

<comp id="995" class="1004" name="ashr_ln575_fu_995">
<pin_list>
<pin id="996" dir="0" index="0" bw="54" slack="2"/>
<pin id="997" dir="0" index="1" bw="32" slack="0"/>
<pin id="998" dir="1" index="2" bw="54" slack="0"/>
</pin_list>
<bind>
<opcode="ashr(22) " fcode="ashr"/>
<opset="ashr_ln575/23 "/>
</bind>
</comp>

<comp id="1000" class="1004" name="trunc_ln575_fu_1000">
<pin_list>
<pin id="1001" dir="0" index="0" bw="54" slack="0"/>
<pin id="1002" dir="1" index="1" bw="16" slack="0"/>
</pin_list>
<bind>
<opcode="trunc(33) " fcode="trunc"/>
<opset="trunc_ln575/23 "/>
</bind>
</comp>

<comp id="1004" class="1004" name="bitcast_ln724_fu_1004">
<pin_list>
<pin id="1005" dir="0" index="0" bw="32" slack="5"/>
<pin id="1006" dir="1" index="1" bw="32" slack="0"/>
</pin_list>
<bind>
<opcode="bitcast(44) " fcode="bitcast"/>
<opset="bitcast_ln724/23 "/>
</bind>
</comp>

<comp id="1007" class="1004" name="tmp_53_fu_1007">
<pin_list>
<pin id="1008" dir="0" index="0" bw="1" slack="0"/>
<pin id="1009" dir="0" index="1" bw="32" slack="0"/>
<pin id="1010" dir="0" index="2" bw="6" slack="0"/>
<pin id="1011" dir="1" index="3" bw="1" slack="0"/>
</pin_list>
<bind>
<opcode="bitselect(1000) " fcode="bitselect"/>
<opset="tmp_53/23 "/>
</bind>
</comp>

<comp id="1015" class="1004" name="select_ln577_fu_1015">
<pin_list>
<pin id="1016" dir="0" index="0" bw="1" slack="0"/>
<pin id="1017" dir="0" index="1" bw="1" slack="0"/>
<pin id="1018" dir="0" index="2" bw="1" slack="0"/>
<pin id="1019" dir="1" index="3" bw="16" slack="0"/>
</pin_list>
<bind>
<opcode="select(49) " fcode="select"/>
<opset="select_ln577/23 "/>
</bind>
</comp>

<comp id="1023" class="1004" name="select_ln574_fu_1023">
<pin_list>
<pin id="1024" dir="0" index="0" bw="1" slack="1"/>
<pin id="1025" dir="0" index="1" bw="16" slack="0"/>
<pin id="1026" dir="0" index="2" bw="16" slack="0"/>
<pin id="1027" dir="1" index="3" bw="16" slack="0"/>
</pin_list>
<bind>
<opcode="select(49) " fcode="select"/>
<opset="select_ln574/23 "/>
</bind>
</comp>

<comp id="1030" class="1004" name="select_ln570_fu_1030">
<pin_list>
<pin id="1031" dir="0" index="0" bw="1" slack="2"/>
<pin id="1032" dir="0" index="1" bw="16" slack="0"/>
<pin id="1033" dir="0" index="2" bw="16" slack="1"/>
<pin id="1034" dir="1" index="3" bw="16" slack="0"/>
</pin_list>
<bind>
<opcode="select(49) " fcode="select"/>
<opset="select_ln570/23 "/>
</bind>
</comp>

<comp id="1036" class="1004" name="and_ln560_fu_1036">
<pin_list>
<pin id="1037" dir="0" index="0" bw="1" slack="3"/>
<pin id="1038" dir="0" index="1" bw="1" slack="18"/>
<pin id="1039" dir="1" index="2" bw="1" slack="0"/>
</pin_list>
<bind>
<opcode="and(23) " fcode="and"/>
<opset="and_ln560/23 "/>
</bind>
</comp>

<comp id="1040" class="1004" name="select_ln560_fu_1040">
<pin_list>
<pin id="1041" dir="0" index="0" bw="1" slack="0"/>
<pin id="1042" dir="0" index="1" bw="1" slack="0"/>
<pin id="1043" dir="0" index="2" bw="16" slack="0"/>
<pin id="1044" dir="1" index="3" bw="16" slack="1"/>
</pin_list>
<bind>
<opcode="select(49) " fcode="select"/>
<opset="select_ln560/23 "/>
</bind>
</comp>

<comp id="1048" class="1004" name="zext_ln97_1_fu_1048">
<pin_list>
<pin id="1049" dir="0" index="0" bw="8" slack="21"/>
<pin id="1050" dir="1" index="1" bw="64" slack="0"/>
</pin_list>
<bind>
<opcode="zext(34) " fcode="zext"/>
<opset="zext_ln97_1/24 "/>
</bind>
</comp>

<comp id="1053" class="1004" name="phi_ln818_1_loc_load_load_fu_1053">
<pin_list>
<pin id="1054" dir="0" index="0" bw="16" slack="23"/>
<pin id="1055" dir="1" index="1" bw="16" slack="0"/>
</pin_list>
<bind>
<opcode="load(27) " fcode="load"/>
<opset="phi_ln818_1_loc_load/24 "/>
</bind>
</comp>

<comp id="1057" class="1004" name="d_9_load_fu_1057">
<pin_list>
<pin id="1058" dir="0" index="0" bw="5" slack="2"/>
<pin id="1059" dir="1" index="1" bw="5" slack="0"/>
</pin_list>
<bind>
<opcode="load(27) " fcode="load"/>
<opset="d_9/26 "/>
</bind>
</comp>

<comp id="1060" class="1004" name="icmp_ln115_fu_1060">
<pin_list>
<pin id="1061" dir="0" index="0" bw="5" slack="0"/>
<pin id="1062" dir="0" index="1" bw="5" slack="0"/>
<pin id="1063" dir="1" index="2" bw="1" slack="2147483647"/>
</pin_list>
<bind>
<opcode="icmp(45) " fcode="icmp"/>
<opset="icmp_ln115/26 "/>
</bind>
</comp>

<comp id="1066" class="1004" name="add_ln115_fu_1066">
<pin_list>
<pin id="1067" dir="0" index="0" bw="5" slack="0"/>
<pin id="1068" dir="0" index="1" bw="1" slack="0"/>
<pin id="1069" dir="1" index="2" bw="5" slack="0"/>
</pin_list>
<bind>
<opcode="add(8) " fcode="add"/>
<opset="add_ln115/26 "/>
</bind>
</comp>

<comp id="1072" class="1004" name="trunc_ln115_fu_1072">
<pin_list>
<pin id="1073" dir="0" index="0" bw="5" slack="0"/>
<pin id="1074" dir="1" index="1" bw="4" slack="0"/>
</pin_list>
<bind>
<opcode="trunc(33) " fcode="trunc"/>
<opset="trunc_ln115/26 "/>
</bind>
</comp>

<comp id="1077" class="1004" name="store_ln115_store_fu_1077">
<pin_list>
<pin id="1078" dir="0" index="0" bw="5" slack="0"/>
<pin id="1079" dir="0" index="1" bw="5" slack="2"/>
<pin id="1080" dir="1" index="2" bw="0" slack="2147483647"/>
</pin_list>
<bind>
<opcode="store(28) " fcode="store"/>
<opset="store_ln115/26 "/>
</bind>
</comp>

<comp id="1082" class="1004" name="store_ln124_store_fu_1082">
<pin_list>
<pin id="1083" dir="0" index="0" bw="1" slack="0"/>
<pin id="1084" dir="0" index="1" bw="4" slack="0"/>
<pin id="1085" dir="1" index="2" bw="0" slack="2147483647"/>
</pin_list>
<bind>
<opcode="store(28) " fcode="store"/>
<opset="store_ln124/26 "/>
</bind>
</comp>

<comp id="1087" class="1004" name="zext_ln115_fu_1087">
<pin_list>
<pin id="1088" dir="0" index="0" bw="5" slack="2"/>
<pin id="1089" dir="1" index="1" bw="64" slack="0"/>
</pin_list>
<bind>
<opcode="zext(34) " fcode="zext"/>
<opset="zext_ln115/28 "/>
</bind>
</comp>

<comp id="1091" class="1004" name="sum_V_loc_load_load_fu_1091">
<pin_list>
<pin id="1092" dir="0" index="0" bw="20" slack="5"/>
<pin id="1093" dir="1" index="1" bw="20" slack="0"/>
</pin_list>
<bind>
<opcode="load(27) " fcode="load"/>
<opset="sum_V_loc_load/28 "/>
</bind>
</comp>

<comp id="1094" class="1004" name="trunc_ln_fu_1094">
<pin_list>
<pin id="1095" dir="0" index="0" bw="16" slack="0"/>
<pin id="1096" dir="0" index="1" bw="20" slack="0"/>
<pin id="1097" dir="0" index="2" bw="4" slack="0"/>
<pin id="1098" dir="0" index="3" bw="6" slack="0"/>
<pin id="1099" dir="1" index="4" bw="16" slack="0"/>
</pin_list>
<bind>
<opcode="partselect(1002) " fcode="partselect"/>
<opset="trunc_ln/28 "/>
</bind>
</comp>

<comp id="1105" class="1004" name="a_9_load_fu_1105">
<pin_list>
<pin id="1106" dir="0" index="0" bw="4" slack="1"/>
<pin id="1107" dir="1" index="1" bw="4" slack="0"/>
</pin_list>
<bind>
<opcode="load(27) " fcode="load"/>
<opset="a_9/29 "/>
</bind>
</comp>

<comp id="1108" class="1004" name="icmp_ln124_fu_1108">
<pin_list>
<pin id="1109" dir="0" index="0" bw="4" slack="0"/>
<pin id="1110" dir="0" index="1" bw="3" slack="0"/>
<pin id="1111" dir="1" index="2" bw="1" slack="2147483647"/>
</pin_list>
<bind>
<opcode="icmp(45) " fcode="icmp"/>
<opset="icmp_ln124/29 "/>
</bind>
</comp>

<comp id="1114" class="1004" name="add_ln124_fu_1114">
<pin_list>
<pin id="1115" dir="0" index="0" bw="4" slack="0"/>
<pin id="1116" dir="0" index="1" bw="1" slack="0"/>
<pin id="1117" dir="1" index="2" bw="4" slack="28"/>
</pin_list>
<bind>
<opcode="add(8) " fcode="add"/>
<opset="add_ln124/29 "/>
</bind>
</comp>

<comp id="1120" class="1004" name="tmp_73_fu_1120">
<pin_list>
<pin id="1121" dir="0" index="0" bw="8" slack="0"/>
<pin id="1122" dir="0" index="1" bw="4" slack="0"/>
<pin id="1123" dir="0" index="2" bw="1" slack="0"/>
<pin id="1124" dir="1" index="3" bw="8" slack="0"/>
</pin_list>
<bind>
<opcode="bitconcatenate(1004) " fcode="bitconcatenate"/>
<opset="tmp_73/29 "/>
</bind>
</comp>

<comp id="1129" class="1004" name="normalizer_V_2_loc_load_load_fu_1129">
<pin_list>
<pin id="1130" dir="0" index="0" bw="24" slack="6"/>
<pin id="1131" dir="1" index="1" bw="24" slack="0"/>
</pin_list>
<bind>
<opcode="load(27) " fcode="load"/>
<opset="normalizer_V_2_loc_load/31 "/>
</bind>
</comp>

<comp id="1132" class="1004" name="icmp_ln1090_fu_1132">
<pin_list>
<pin id="1133" dir="0" index="0" bw="24" slack="0"/>
<pin id="1134" dir="0" index="1" bw="1" slack="0"/>
<pin id="1135" dir="1" index="2" bw="1" slack="1"/>
</pin_list>
<bind>
<opcode="icmp(45) " fcode="icmp"/>
<opset="icmp_ln1090/31 "/>
</bind>
</comp>

<comp id="1138" class="1004" name="p_Result_58_fu_1138">
<pin_list>
<pin id="1139" dir="0" index="0" bw="1" slack="0"/>
<pin id="1140" dir="0" index="1" bw="24" slack="0"/>
<pin id="1141" dir="0" index="2" bw="6" slack="0"/>
<pin id="1142" dir="1" index="3" bw="1" slack="0"/>
</pin_list>
<bind>
<opcode="bitselect(1000) " fcode="bitselect"/>
<opset="p_Result_58/31 "/>
</bind>
</comp>

<comp id="1146" class="1004" name="tmp_V_fu_1146">
<pin_list>
<pin id="1147" dir="0" index="0" bw="1" slack="0"/>
<pin id="1148" dir="0" index="1" bw="24" slack="0"/>
<pin id="1149" dir="1" index="2" bw="24" slack="0"/>
</pin_list>
<bind>
<opcode="sub(10) " fcode="sub"/>
<opset="tmp_V/31 "/>
</bind>
</comp>

<comp id="1152" class="1004" name="tmp_V_8_fu_1152">
<pin_list>
<pin id="1153" dir="0" index="0" bw="1" slack="0"/>
<pin id="1154" dir="0" index="1" bw="24" slack="0"/>
<pin id="1155" dir="0" index="2" bw="24" slack="0"/>
<pin id="1156" dir="1" index="3" bw="24" slack="0"/>
</pin_list>
<bind>
<opcode="select(49) " fcode="select"/>
<opset="tmp_V_8/31 "/>
</bind>
</comp>

<comp id="1160" class="1004" name="p_Result_46_fu_1160">
<pin_list>
<pin id="1161" dir="0" index="0" bw="24" slack="0"/>
<pin id="1162" dir="0" index="1" bw="24" slack="0"/>
<pin id="1163" dir="0" index="2" bw="6" slack="0"/>
<pin id="1164" dir="0" index="3" bw="1" slack="0"/>
<pin id="1165" dir="1" index="4" bw="24" slack="0"/>
</pin_list>
<bind>
<opcode="partselect(1002) " fcode="partselect"/>
<opset="p_Result_46/31 "/>
</bind>
</comp>

<comp id="1170" class="1004" name="p_Result_59_fu_1170">
<pin_list>
<pin id="1171" dir="0" index="0" bw="25" slack="0"/>
<pin id="1172" dir="0" index="1" bw="1" slack="0"/>
<pin id="1173" dir="0" index="2" bw="24" slack="0"/>
<pin id="1174" dir="1" index="3" bw="25" slack="0"/>
</pin_list>
<bind>
<opcode="bitconcatenate(1004) " fcode="bitconcatenate"/>
<opset="p_Result_59/31 "/>
</bind>
</comp>

<comp id="1178" class="1004" name="sext_ln1198_1_fu_1178">
<pin_list>
<pin id="1179" dir="0" index="0" bw="25" slack="0"/>
<pin id="1180" dir="1" index="1" bw="32" slack="0"/>
</pin_list>
<bind>
<opcode="sext(35) " fcode="sext"/>
<opset="sext_ln1198_1/31 "/>
</bind>
</comp>

<comp id="1182" class="1004" name="l_1_fu_1182">
<pin_list>
<pin id="1183" dir="0" index="0" bw="32" slack="0"/>
<pin id="1184" dir="0" index="1" bw="25" slack="0"/>
<pin id="1185" dir="0" index="2" bw="1" slack="0"/>
<pin id="1186" dir="1" index="3" bw="32" slack="0"/>
</pin_list>
<bind>
<opcode="cttz(524) " fcode="cttz"/>
<opset="l_1/31 "/>
</bind>
</comp>

<comp id="1190" class="1004" name="sub_ln1099_1_fu_1190">
<pin_list>
<pin id="1191" dir="0" index="0" bw="6" slack="0"/>
<pin id="1192" dir="0" index="1" bw="32" slack="0"/>
<pin id="1193" dir="1" index="2" bw="32" slack="0"/>
</pin_list>
<bind>
<opcode="sub(10) " fcode="sub"/>
<opset="sub_ln1099_1/31 "/>
</bind>
</comp>

<comp id="1196" class="1004" name="trunc_ln1099_1_fu_1196">
<pin_list>
<pin id="1197" dir="0" index="0" bw="32" slack="0"/>
<pin id="1198" dir="1" index="1" bw="24" slack="1"/>
</pin_list>
<bind>
<opcode="trunc(33) " fcode="trunc"/>
<opset="trunc_ln1099_1/31 "/>
</bind>
</comp>

<comp id="1200" class="1004" name="trunc_ln1102_1_fu_1200">
<pin_list>
<pin id="1201" dir="0" index="0" bw="32" slack="0"/>
<pin id="1202" dir="1" index="1" bw="5" slack="1"/>
</pin_list>
<bind>
<opcode="trunc(33) " fcode="trunc"/>
<opset="trunc_ln1102_1/31 "/>
</bind>
</comp>

<comp id="1204" class="1004" name="trunc_ln1098_1_fu_1204">
<pin_list>
<pin id="1205" dir="0" index="0" bw="32" slack="0"/>
<pin id="1206" dir="1" index="1" bw="8" slack="3"/>
</pin_list>
<bind>
<opcode="trunc(33) " fcode="trunc"/>
<opset="trunc_ln1098_1/31 "/>
</bind>
</comp>

<comp id="1208" class="1004" name="lsb_index_1_fu_1208">
<pin_list>
<pin id="1209" dir="0" index="0" bw="32" slack="1"/>
<pin id="1210" dir="0" index="1" bw="6" slack="0"/>
<pin id="1211" dir="1" index="2" bw="32" slack="0"/>
</pin_list>
<bind>
<opcode="add(8) " fcode="add"/>
<opset="lsb_index_1/32 "/>
</bind>
</comp>

<comp id="1213" class="1004" name="tmp_56_fu_1213">
<pin_list>
<pin id="1214" dir="0" index="0" bw="31" slack="0"/>
<pin id="1215" dir="0" index="1" bw="32" slack="0"/>
<pin id="1216" dir="0" index="2" bw="1" slack="0"/>
<pin id="1217" dir="0" index="3" bw="6" slack="0"/>
<pin id="1218" dir="1" index="4" bw="31" slack="0"/>
</pin_list>
<bind>
<opcode="partselect(1002) " fcode="partselect"/>
<opset="tmp_56/32 "/>
</bind>
</comp>

<comp id="1223" class="1004" name="icmp_ln1101_1_fu_1223">
<pin_list>
<pin id="1224" dir="0" index="0" bw="31" slack="0"/>
<pin id="1225" dir="0" index="1" bw="1" slack="0"/>
<pin id="1226" dir="1" index="2" bw="1" slack="0"/>
</pin_list>
<bind>
<opcode="icmp(45) " fcode="icmp"/>
<opset="icmp_ln1101_1/32 "/>
</bind>
</comp>

<comp id="1229" class="1004" name="sub_ln1102_1_fu_1229">
<pin_list>
<pin id="1230" dir="0" index="0" bw="5" slack="0"/>
<pin id="1231" dir="0" index="1" bw="5" slack="1"/>
<pin id="1232" dir="1" index="2" bw="5" slack="0"/>
</pin_list>
<bind>
<opcode="sub(10) " fcode="sub"/>
<opset="sub_ln1102_1/32 "/>
</bind>
</comp>

<comp id="1234" class="1004" name="zext_ln1102_1_fu_1234">
<pin_list>
<pin id="1235" dir="0" index="0" bw="5" slack="0"/>
<pin id="1236" dir="1" index="1" bw="24" slack="0"/>
</pin_list>
<bind>
<opcode="zext(34) " fcode="zext"/>
<opset="zext_ln1102_1/32 "/>
</bind>
</comp>

<comp id="1238" class="1004" name="lshr_ln1102_1_fu_1238">
<pin_list>
<pin id="1239" dir="0" index="0" bw="1" slack="0"/>
<pin id="1240" dir="0" index="1" bw="5" slack="0"/>
<pin id="1241" dir="1" index="2" bw="24" slack="0"/>
</pin_list>
<bind>
<opcode="lshr(21) " fcode="lshr"/>
<opset="lshr_ln1102_1/32 "/>
</bind>
</comp>

<comp id="1244" class="1004" name="p_Result_48_fu_1244">
<pin_list>
<pin id="1245" dir="0" index="0" bw="24" slack="1"/>
<pin id="1246" dir="0" index="1" bw="24" slack="0"/>
<pin id="1247" dir="1" index="2" bw="24" slack="0"/>
</pin_list>
<bind>
<opcode="and(23) " fcode="and"/>
<opset="p_Result_48/32 "/>
</bind>
</comp>

<comp id="1249" class="1004" name="icmp_ln1102_1_fu_1249">
<pin_list>
<pin id="1250" dir="0" index="0" bw="24" slack="0"/>
<pin id="1251" dir="0" index="1" bw="1" slack="0"/>
<pin id="1252" dir="1" index="2" bw="1" slack="0"/>
</pin_list>
<bind>
<opcode="icmp(45) " fcode="icmp"/>
<opset="icmp_ln1102_1/32 "/>
</bind>
</comp>

<comp id="1255" class="1004" name="a_10_fu_1255">
<pin_list>
<pin id="1256" dir="0" index="0" bw="1" slack="0"/>
<pin id="1257" dir="0" index="1" bw="1" slack="0"/>
<pin id="1258" dir="1" index="2" bw="1" slack="0"/>
</pin_list>
<bind>
<opcode="and(23) " fcode="and"/>
<opset="a_10/32 "/>
</bind>
</comp>

<comp id="1261" class="1004" name="tmp_57_fu_1261">
<pin_list>
<pin id="1262" dir="0" index="0" bw="1" slack="0"/>
<pin id="1263" dir="0" index="1" bw="32" slack="0"/>
<pin id="1264" dir="0" index="2" bw="6" slack="0"/>
<pin id="1265" dir="1" index="3" bw="1" slack="0"/>
</pin_list>
<bind>
<opcode="bitselect(1000) " fcode="bitselect"/>
<opset="tmp_57/32 "/>
</bind>
</comp>

<comp id="1269" class="1004" name="xor_ln1104_1_fu_1269">
<pin_list>
<pin id="1270" dir="0" index="0" bw="1" slack="0"/>
<pin id="1271" dir="0" index="1" bw="1" slack="0"/>
<pin id="1272" dir="1" index="2" bw="1" slack="0"/>
</pin_list>
<bind>
<opcode="xor(25) " fcode="xor"/>
<opset="xor_ln1104_1/32 "/>
</bind>
</comp>

<comp id="1275" class="1004" name="add_ln1104_1_fu_1275">
<pin_list>
<pin id="1276" dir="0" index="0" bw="24" slack="1"/>
<pin id="1277" dir="0" index="1" bw="6" slack="0"/>
<pin id="1278" dir="1" index="2" bw="24" slack="0"/>
</pin_list>
<bind>
<opcode="add(8) " fcode="add"/>
<opset="add_ln1104_1/32 "/>
</bind>
</comp>

<comp id="1280" class="1004" name="p_Result_49_fu_1280">
<pin_list>
<pin id="1281" dir="0" index="0" bw="1" slack="0"/>
<pin id="1282" dir="0" index="1" bw="24" slack="1"/>
<pin id="1283" dir="0" index="2" bw="24" slack="0"/>
<pin id="1284" dir="1" index="3" bw="1" slack="0"/>
</pin_list>
<bind>
<opcode="bitselect(1000) " fcode="bitselect"/>
<opset="p_Result_49/32 "/>
</bind>
</comp>

<comp id="1287" class="1004" name="and_ln1104_1_fu_1287">
<pin_list>
<pin id="1288" dir="0" index="0" bw="1" slack="0"/>
<pin id="1289" dir="0" index="1" bw="1" slack="0"/>
<pin id="1290" dir="1" index="2" bw="1" slack="0"/>
</pin_list>
<bind>
<opcode="and(23) " fcode="and"/>
<opset="and_ln1104_1/32 "/>
</bind>
</comp>

<comp id="1293" class="1004" name="or_ln1104_fu_1293">
<pin_list>
<pin id="1294" dir="0" index="0" bw="1" slack="0"/>
<pin id="1295" dir="0" index="1" bw="1" slack="0"/>
<pin id="1296" dir="1" index="2" bw="1" slack="0"/>
</pin_list>
<bind>
<opcode="or(24) " fcode="or"/>
<opset="or_ln1104/32 "/>
</bind>
</comp>

<comp id="1299" class="1004" name="or_ln1104_1_fu_1299">
<pin_list>
<pin id="1300" dir="0" index="0" bw="2" slack="0"/>
<pin id="1301" dir="0" index="1" bw="1" slack="0"/>
<pin id="1302" dir="0" index="2" bw="1" slack="0"/>
<pin id="1303" dir="1" index="3" bw="2" slack="1"/>
</pin_list>
<bind>
<opcode="bitconcatenate(1004) " fcode="bitconcatenate"/>
<opset="or_ln1104_1/32 "/>
</bind>
</comp>

<comp id="1307" class="1004" name="icmp_ln1113_1_fu_1307">
<pin_list>
<pin id="1308" dir="0" index="0" bw="32" slack="0"/>
<pin id="1309" dir="0" index="1" bw="1" slack="0"/>
<pin id="1310" dir="1" index="2" bw="1" slack="1"/>
</pin_list>
<bind>
<opcode="icmp(45) " fcode="icmp"/>
<opset="icmp_ln1113_1/32 "/>
</bind>
</comp>

<comp id="1313" class="1004" name="zext_ln1112_1_fu_1313">
<pin_list>
<pin id="1314" dir="0" index="0" bw="24" slack="2"/>
<pin id="1315" dir="1" index="1" bw="64" slack="0"/>
</pin_list>
<bind>
<opcode="zext(34) " fcode="zext"/>
<opset="zext_ln1112_1/33 "/>
</bind>
</comp>

<comp id="1316" class="1004" name="add_ln1113_1_fu_1316">
<pin_list>
<pin id="1317" dir="0" index="0" bw="32" slack="2"/>
<pin id="1318" dir="0" index="1" bw="6" slack="0"/>
<pin id="1319" dir="1" index="2" bw="32" slack="0"/>
</pin_list>
<bind>
<opcode="add(8) " fcode="add"/>
<opset="add_ln1113_1/33 "/>
</bind>
</comp>

<comp id="1321" class="1004" name="zext_ln1113_1_fu_1321">
<pin_list>
<pin id="1322" dir="0" index="0" bw="32" slack="0"/>
<pin id="1323" dir="1" index="1" bw="64" slack="0"/>
</pin_list>
<bind>
<opcode="zext(34) " fcode="zext"/>
<opset="zext_ln1113_1/33 "/>
</bind>
</comp>

<comp id="1325" class="1004" name="lshr_ln1113_1_fu_1325">
<pin_list>
<pin id="1326" dir="0" index="0" bw="24" slack="0"/>
<pin id="1327" dir="0" index="1" bw="32" slack="0"/>
<pin id="1328" dir="1" index="2" bw="64" slack="0"/>
</pin_list>
<bind>
<opcode="lshr(21) " fcode="lshr"/>
<opset="lshr_ln1113_1/33 "/>
</bind>
</comp>

<comp id="1331" class="1004" name="sub_ln1114_1_fu_1331">
<pin_list>
<pin id="1332" dir="0" index="0" bw="6" slack="0"/>
<pin id="1333" dir="0" index="1" bw="32" slack="2"/>
<pin id="1334" dir="1" index="2" bw="32" slack="0"/>
</pin_list>
<bind>
<opcode="sub(10) " fcode="sub"/>
<opset="sub_ln1114_1/33 "/>
</bind>
</comp>

<comp id="1336" class="1004" name="zext_ln1114_1_fu_1336">
<pin_list>
<pin id="1337" dir="0" index="0" bw="32" slack="0"/>
<pin id="1338" dir="1" index="1" bw="64" slack="0"/>
</pin_list>
<bind>
<opcode="zext(34) " fcode="zext"/>
<opset="zext_ln1114_1/33 "/>
</bind>
</comp>

<comp id="1340" class="1004" name="shl_ln1114_1_fu_1340">
<pin_list>
<pin id="1341" dir="0" index="0" bw="24" slack="0"/>
<pin id="1342" dir="0" index="1" bw="32" slack="0"/>
<pin id="1343" dir="1" index="2" bw="64" slack="0"/>
</pin_list>
<bind>
<opcode="shl(20) " fcode="shl"/>
<opset="shl_ln1114_1/33 "/>
</bind>
</comp>

<comp id="1346" class="1004" name="m_17_fu_1346">
<pin_list>
<pin id="1347" dir="0" index="0" bw="1" slack="1"/>
<pin id="1348" dir="0" index="1" bw="64" slack="0"/>
<pin id="1349" dir="0" index="2" bw="64" slack="0"/>
<pin id="1350" dir="1" index="3" bw="64" slack="0"/>
</pin_list>
<bind>
<opcode="select(49) " fcode="select"/>
<opset="m_17/33 "/>
</bind>
</comp>

<comp id="1353" class="1004" name="zext_ln1116_1_fu_1353">
<pin_list>
<pin id="1354" dir="0" index="0" bw="2" slack="1"/>
<pin id="1355" dir="1" index="1" bw="64" slack="0"/>
</pin_list>
<bind>
<opcode="zext(34) " fcode="zext"/>
<opset="zext_ln1116_1/33 "/>
</bind>
</comp>

<comp id="1356" class="1004" name="m_18_fu_1356">
<pin_list>
<pin id="1357" dir="0" index="0" bw="64" slack="0"/>
<pin id="1358" dir="0" index="1" bw="2" slack="0"/>
<pin id="1359" dir="1" index="2" bw="64" slack="0"/>
</pin_list>
<bind>
<opcode="add(8) " fcode="add"/>
<opset="m_18/33 "/>
</bind>
</comp>

<comp id="1362" class="1004" name="m_fu_1362">
<pin_list>
<pin id="1363" dir="0" index="0" bw="63" slack="0"/>
<pin id="1364" dir="0" index="1" bw="64" slack="0"/>
<pin id="1365" dir="0" index="2" bw="1" slack="0"/>
<pin id="1366" dir="0" index="3" bw="7" slack="0"/>
<pin id="1367" dir="1" index="4" bw="63" slack="1"/>
</pin_list>
<bind>
<opcode="partselect(1002) " fcode="partselect"/>
<opset="m/33 "/>
</bind>
</comp>

<comp id="1372" class="1004" name="p_Result_50_fu_1372">
<pin_list>
<pin id="1373" dir="0" index="0" bw="1" slack="0"/>
<pin id="1374" dir="0" index="1" bw="64" slack="0"/>
<pin id="1375" dir="0" index="2" bw="6" slack="0"/>
<pin id="1376" dir="1" index="3" bw="1" slack="1"/>
</pin_list>
<bind>
<opcode="bitselect(1000) " fcode="bitselect"/>
<opset="p_Result_50/33 "/>
</bind>
</comp>

<comp id="1380" class="1004" name="zext_ln1117_1_fu_1380">
<pin_list>
<pin id="1381" dir="0" index="0" bw="63" slack="1"/>
<pin id="1382" dir="1" index="1" bw="64" slack="0"/>
</pin_list>
<bind>
<opcode="zext(34) " fcode="zext"/>
<opset="zext_ln1117_1/34 "/>
</bind>
</comp>

<comp id="1383" class="1004" name="select_ln1098_1_fu_1383">
<pin_list>
<pin id="1384" dir="0" index="0" bw="1" slack="1"/>
<pin id="1385" dir="0" index="1" bw="8" slack="0"/>
<pin id="1386" dir="0" index="2" bw="8" slack="0"/>
<pin id="1387" dir="1" index="3" bw="8" slack="0"/>
</pin_list>
<bind>
<opcode="select(49) " fcode="select"/>
<opset="select_ln1098_1/34 "/>
</bind>
</comp>

<comp id="1390" class="1004" name="sub_ln1119_1_fu_1390">
<pin_list>
<pin id="1391" dir="0" index="0" bw="5" slack="0"/>
<pin id="1392" dir="0" index="1" bw="8" slack="3"/>
<pin id="1393" dir="1" index="2" bw="8" slack="0"/>
</pin_list>
<bind>
<opcode="sub(10) " fcode="sub"/>
<opset="sub_ln1119_1/34 "/>
</bind>
</comp>

<comp id="1395" class="1004" name="add_ln1124_1_fu_1395">
<pin_list>
<pin id="1396" dir="0" index="0" bw="8" slack="0"/>
<pin id="1397" dir="0" index="1" bw="8" slack="0"/>
<pin id="1398" dir="1" index="2" bw="8" slack="0"/>
</pin_list>
<bind>
<opcode="add(8) " fcode="add"/>
<opset="add_ln1124_1/34 "/>
</bind>
</comp>

<comp id="1401" class="1004" name="tmp_5_fu_1401">
<pin_list>
<pin id="1402" dir="0" index="0" bw="9" slack="0"/>
<pin id="1403" dir="0" index="1" bw="1" slack="3"/>
<pin id="1404" dir="0" index="2" bw="8" slack="0"/>
<pin id="1405" dir="1" index="3" bw="9" slack="0"/>
</pin_list>
<bind>
<opcode="bitconcatenate(1004) " fcode="bitconcatenate"/>
<opset="tmp_5/34 "/>
</bind>
</comp>

<comp id="1408" class="1004" name="p_Result_60_fu_1408">
<pin_list>
<pin id="1409" dir="0" index="0" bw="64" slack="0"/>
<pin id="1410" dir="0" index="1" bw="63" slack="0"/>
<pin id="1411" dir="0" index="2" bw="9" slack="0"/>
<pin id="1412" dir="0" index="3" bw="6" slack="0"/>
<pin id="1413" dir="0" index="4" bw="6" slack="0"/>
<pin id="1414" dir="1" index="5" bw="64" slack="0"/>
</pin_list>
<bind>
<opcode="partset(1003) " fcode="partset"/>
<opset="p_Result_60/34 "/>
</bind>
</comp>

<comp id="1420" class="1004" name="LD_5_fu_1420">
<pin_list>
<pin id="1421" dir="0" index="0" bw="64" slack="0"/>
<pin id="1422" dir="1" index="1" bw="32" slack="0"/>
</pin_list>
<bind>
<opcode="trunc(33) " fcode="trunc"/>
<opset="LD_5/34 "/>
</bind>
</comp>

<comp id="1424" class="1004" name="bitcast_ln766_1_fu_1424">
<pin_list>
<pin id="1425" dir="0" index="0" bw="32" slack="0"/>
<pin id="1426" dir="1" index="1" bw="32" slack="0"/>
</pin_list>
<bind>
<opcode="bitcast(44) " fcode="bitcast"/>
<opset="bitcast_ln766_1/34 "/>
</bind>
</comp>

<comp id="1428" class="1004" name="select_ln1090_fu_1428">
<pin_list>
<pin id="1429" dir="0" index="0" bw="1" slack="3"/>
<pin id="1430" dir="0" index="1" bw="32" slack="0"/>
<pin id="1431" dir="0" index="2" bw="32" slack="0"/>
<pin id="1432" dir="1" index="3" bw="32" slack="1"/>
</pin_list>
<bind>
<opcode="select(49) " fcode="select"/>
<opset="select_ln1090/34 "/>
</bind>
</comp>

<comp id="1435" class="1004" name="ireg_1_fu_1435">
<pin_list>
<pin id="1436" dir="0" index="0" bw="64" slack="0"/>
<pin id="1437" dir="1" index="1" bw="64" slack="0"/>
</pin_list>
<bind>
<opcode="bitcast(44) " fcode="bitcast"/>
<opset="ireg_1/52 "/>
</bind>
</comp>

<comp id="1439" class="1004" name="trunc_ln544_1_fu_1439">
<pin_list>
<pin id="1440" dir="0" index="0" bw="64" slack="0"/>
<pin id="1441" dir="1" index="1" bw="63" slack="0"/>
</pin_list>
<bind>
<opcode="trunc(33) " fcode="trunc"/>
<opset="trunc_ln544_1/52 "/>
</bind>
</comp>

<comp id="1443" class="1004" name="p_Result_61_fu_1443">
<pin_list>
<pin id="1444" dir="0" index="0" bw="1" slack="0"/>
<pin id="1445" dir="0" index="1" bw="64" slack="0"/>
<pin id="1446" dir="0" index="2" bw="7" slack="0"/>
<pin id="1447" dir="1" index="3" bw="1" slack="1"/>
</pin_list>
<bind>
<opcode="bitselect(1000) " fcode="bitselect"/>
<opset="p_Result_61/52 "/>
</bind>
</comp>

<comp id="1451" class="1004" name="exp_tmp_1_fu_1451">
<pin_list>
<pin id="1452" dir="0" index="0" bw="11" slack="0"/>
<pin id="1453" dir="0" index="1" bw="64" slack="0"/>
<pin id="1454" dir="0" index="2" bw="7" slack="0"/>
<pin id="1455" dir="0" index="3" bw="7" slack="0"/>
<pin id="1456" dir="1" index="4" bw="11" slack="1"/>
</pin_list>
<bind>
<opcode="partselect(1002) " fcode="partselect"/>
<opset="exp_tmp_1/52 "/>
</bind>
</comp>

<comp id="1461" class="1004" name="trunc_ln554_1_fu_1461">
<pin_list>
<pin id="1462" dir="0" index="0" bw="64" slack="0"/>
<pin id="1463" dir="1" index="1" bw="52" slack="1"/>
</pin_list>
<bind>
<opcode="trunc(33) " fcode="trunc"/>
<opset="trunc_ln554_1/52 "/>
</bind>
</comp>

<comp id="1465" class="1004" name="icmp_ln560_1_fu_1465">
<pin_list>
<pin id="1466" dir="0" index="0" bw="63" slack="0"/>
<pin id="1467" dir="0" index="1" bw="1" slack="0"/>
<pin id="1468" dir="1" index="2" bw="1" slack="1"/>
</pin_list>
<bind>
<opcode="icmp(45) " fcode="icmp"/>
<opset="icmp_ln560_1/52 "/>
</bind>
</comp>

<comp id="1471" class="1004" name="zext_ln455_1_fu_1471">
<pin_list>
<pin id="1472" dir="0" index="0" bw="11" slack="1"/>
<pin id="1473" dir="1" index="1" bw="12" slack="0"/>
</pin_list>
<bind>
<opcode="zext(34) " fcode="zext"/>
<opset="zext_ln455_1/53 "/>
</bind>
</comp>

<comp id="1474" class="1004" name="p_Result_62_fu_1474">
<pin_list>
<pin id="1475" dir="0" index="0" bw="53" slack="0"/>
<pin id="1476" dir="0" index="1" bw="1" slack="0"/>
<pin id="1477" dir="0" index="2" bw="52" slack="1"/>
<pin id="1478" dir="1" index="3" bw="53" slack="0"/>
</pin_list>
<bind>
<opcode="bitconcatenate(1004) " fcode="bitconcatenate"/>
<opset="p_Result_62/53 "/>
</bind>
</comp>

<comp id="1481" class="1004" name="zext_ln558_1_fu_1481">
<pin_list>
<pin id="1482" dir="0" index="0" bw="53" slack="0"/>
<pin id="1483" dir="1" index="1" bw="54" slack="0"/>
</pin_list>
<bind>
<opcode="zext(34) " fcode="zext"/>
<opset="zext_ln558_1/53 "/>
</bind>
</comp>

<comp id="1485" class="1004" name="man_V_10_fu_1485">
<pin_list>
<pin id="1486" dir="0" index="0" bw="1" slack="0"/>
<pin id="1487" dir="0" index="1" bw="53" slack="0"/>
<pin id="1488" dir="1" index="2" bw="54" slack="0"/>
</pin_list>
<bind>
<opcode="sub(10) " fcode="sub"/>
<opset="man_V_10/53 "/>
</bind>
</comp>

<comp id="1491" class="1004" name="man_V_11_fu_1491">
<pin_list>
<pin id="1492" dir="0" index="0" bw="1" slack="1"/>
<pin id="1493" dir="0" index="1" bw="54" slack="0"/>
<pin id="1494" dir="0" index="2" bw="53" slack="0"/>
<pin id="1495" dir="1" index="3" bw="54" slack="0"/>
</pin_list>
<bind>
<opcode="select(49) " fcode="select"/>
<opset="man_V_11/53 "/>
</bind>
</comp>

<comp id="1498" class="1004" name="F2_1_fu_1498">
<pin_list>
<pin id="1499" dir="0" index="0" bw="12" slack="0"/>
<pin id="1500" dir="0" index="1" bw="11" slack="0"/>
<pin id="1501" dir="1" index="2" bw="12" slack="0"/>
</pin_list>
<bind>
<opcode="sub(10) " fcode="sub"/>
<opset="F2_1/53 "/>
</bind>
</comp>

<comp id="1504" class="1004" name="icmp_ln570_1_fu_1504">
<pin_list>
<pin id="1505" dir="0" index="0" bw="12" slack="0"/>
<pin id="1506" dir="0" index="1" bw="5" slack="0"/>
<pin id="1507" dir="1" index="2" bw="1" slack="0"/>
</pin_list>
<bind>
<opcode="icmp(45) " fcode="icmp"/>
<opset="icmp_ln570_1/53 "/>
</bind>
</comp>

<comp id="1510" class="1004" name="add_ln570_1_fu_1510">
<pin_list>
<pin id="1511" dir="0" index="0" bw="12" slack="0"/>
<pin id="1512" dir="0" index="1" bw="5" slack="0"/>
<pin id="1513" dir="1" index="2" bw="12" slack="0"/>
</pin_list>
<bind>
<opcode="add(8) " fcode="add"/>
<opset="add_ln570_1/53 "/>
</bind>
</comp>

<comp id="1516" class="1004" name="sub_ln570_1_fu_1516">
<pin_list>
<pin id="1517" dir="0" index="0" bw="5" slack="0"/>
<pin id="1518" dir="0" index="1" bw="12" slack="0"/>
<pin id="1519" dir="1" index="2" bw="12" slack="0"/>
</pin_list>
<bind>
<opcode="sub(10) " fcode="sub"/>
<opset="sub_ln570_1/53 "/>
</bind>
</comp>

<comp id="1522" class="1004" name="sh_amt_1_fu_1522">
<pin_list>
<pin id="1523" dir="0" index="0" bw="1" slack="0"/>
<pin id="1524" dir="0" index="1" bw="12" slack="0"/>
<pin id="1525" dir="0" index="2" bw="12" slack="0"/>
<pin id="1526" dir="1" index="3" bw="12" slack="0"/>
</pin_list>
<bind>
<opcode="select(49) " fcode="select"/>
<opset="sh_amt_1/53 "/>
</bind>
</comp>

<comp id="1530" class="1004" name="icmp_ln571_1_fu_1530">
<pin_list>
<pin id="1531" dir="0" index="0" bw="12" slack="0"/>
<pin id="1532" dir="0" index="1" bw="5" slack="0"/>
<pin id="1533" dir="1" index="2" bw="1" slack="0"/>
</pin_list>
<bind>
<opcode="icmp(45) " fcode="icmp"/>
<opset="icmp_ln571_1/53 "/>
</bind>
</comp>

<comp id="1536" class="1004" name="trunc_ln572_1_fu_1536">
<pin_list>
<pin id="1537" dir="0" index="0" bw="54" slack="0"/>
<pin id="1538" dir="1" index="1" bw="16" slack="1"/>
</pin_list>
<bind>
<opcode="trunc(33) " fcode="trunc"/>
<opset="trunc_ln572_1/53 "/>
</bind>
</comp>

<comp id="1540" class="1004" name="tmp_61_fu_1540">
<pin_list>
<pin id="1541" dir="0" index="0" bw="8" slack="0"/>
<pin id="1542" dir="0" index="1" bw="12" slack="0"/>
<pin id="1543" dir="0" index="2" bw="4" slack="0"/>
<pin id="1544" dir="0" index="3" bw="5" slack="0"/>
<pin id="1545" dir="1" index="4" bw="8" slack="0"/>
</pin_list>
<bind>
<opcode="partselect(1002) " fcode="partselect"/>
<opset="tmp_61/53 "/>
</bind>
</comp>

<comp id="1550" class="1004" name="icmp_ln592_1_fu_1550">
<pin_list>
<pin id="1551" dir="0" index="0" bw="8" slack="0"/>
<pin id="1552" dir="0" index="1" bw="1" slack="0"/>
<pin id="1553" dir="1" index="2" bw="1" slack="1"/>
</pin_list>
<bind>
<opcode="icmp(45) " fcode="icmp"/>
<opset="icmp_ln592_1/53 "/>
</bind>
</comp>

<comp id="1556" class="1004" name="or_ln571_1_fu_1556">
<pin_list>
<pin id="1557" dir="0" index="0" bw="1" slack="1"/>
<pin id="1558" dir="0" index="1" bw="1" slack="0"/>
<pin id="1559" dir="1" index="2" bw="1" slack="0"/>
</pin_list>
<bind>
<opcode="or(24) " fcode="or"/>
<opset="or_ln571_1/53 "/>
</bind>
</comp>

<comp id="1561" class="1004" name="xor_ln571_1_fu_1561">
<pin_list>
<pin id="1562" dir="0" index="0" bw="1" slack="0"/>
<pin id="1563" dir="0" index="1" bw="1" slack="0"/>
<pin id="1564" dir="1" index="2" bw="1" slack="0"/>
</pin_list>
<bind>
<opcode="xor(25) " fcode="xor"/>
<opset="xor_ln571_1/53 "/>
</bind>
</comp>

<comp id="1567" class="1004" name="and_ln570_1_fu_1567">
<pin_list>
<pin id="1568" dir="0" index="0" bw="1" slack="0"/>
<pin id="1569" dir="0" index="1" bw="1" slack="0"/>
<pin id="1570" dir="1" index="2" bw="1" slack="1"/>
</pin_list>
<bind>
<opcode="and(23) " fcode="and"/>
<opset="and_ln570_1/53 "/>
</bind>
</comp>

<comp id="1573" class="1004" name="sext_ln570_1_fu_1573">
<pin_list>
<pin id="1574" dir="0" index="0" bw="12" slack="1"/>
<pin id="1575" dir="1" index="1" bw="32" slack="0"/>
</pin_list>
<bind>
<opcode="sext(35) " fcode="sext"/>
<opset="sext_ln570_1/54 "/>
</bind>
</comp>

<comp id="1576" class="1004" name="icmp_ln574_1_fu_1576">
<pin_list>
<pin id="1577" dir="0" index="0" bw="12" slack="1"/>
<pin id="1578" dir="0" index="1" bw="7" slack="0"/>
<pin id="1579" dir="1" index="2" bw="1" slack="1"/>
</pin_list>
<bind>
<opcode="icmp(45) " fcode="icmp"/>
<opset="icmp_ln574_1/54 "/>
</bind>
</comp>

<comp id="1581" class="1004" name="sext_ln570_1cast_fu_1581">
<pin_list>
<pin id="1582" dir="0" index="0" bw="12" slack="0"/>
<pin id="1583" dir="1" index="1" bw="16" slack="0"/>
</pin_list>
<bind>
<opcode="trunc(33) " fcode="trunc"/>
<opset="sext_ln570_1cast/54 "/>
</bind>
</comp>

<comp id="1585" class="1004" name="shl_ln593_1_fu_1585">
<pin_list>
<pin id="1586" dir="0" index="0" bw="16" slack="1"/>
<pin id="1587" dir="0" index="1" bw="16" slack="0"/>
<pin id="1588" dir="1" index="2" bw="16" slack="0"/>
</pin_list>
<bind>
<opcode="shl(20) " fcode="shl"/>
<opset="shl_ln593_1/54 "/>
</bind>
</comp>

<comp id="1590" class="1004" name="select_ln592_1_fu_1590">
<pin_list>
<pin id="1591" dir="0" index="0" bw="1" slack="1"/>
<pin id="1592" dir="0" index="1" bw="16" slack="0"/>
<pin id="1593" dir="0" index="2" bw="1" slack="0"/>
<pin id="1594" dir="1" index="3" bw="16" slack="0"/>
</pin_list>
<bind>
<opcode="select(49) " fcode="select"/>
<opset="select_ln592_1/54 "/>
</bind>
</comp>

<comp id="1597" class="1004" name="xor_ln560_1_fu_1597">
<pin_list>
<pin id="1598" dir="0" index="0" bw="1" slack="2"/>
<pin id="1599" dir="0" index="1" bw="1" slack="0"/>
<pin id="1600" dir="1" index="2" bw="1" slack="0"/>
</pin_list>
<bind>
<opcode="xor(25) " fcode="xor"/>
<opset="xor_ln560_1/54 "/>
</bind>
</comp>

<comp id="1602" class="1004" name="and_ln571_1_fu_1602">
<pin_list>
<pin id="1603" dir="0" index="0" bw="1" slack="1"/>
<pin id="1604" dir="0" index="1" bw="1" slack="0"/>
<pin id="1605" dir="1" index="2" bw="1" slack="0"/>
</pin_list>
<bind>
<opcode="and(23) " fcode="and"/>
<opset="and_ln571_1/54 "/>
</bind>
</comp>

<comp id="1607" class="1004" name="select_ln571_1_fu_1607">
<pin_list>
<pin id="1608" dir="0" index="0" bw="1" slack="0"/>
<pin id="1609" dir="0" index="1" bw="16" slack="1"/>
<pin id="1610" dir="0" index="2" bw="16" slack="0"/>
<pin id="1611" dir="1" index="3" bw="16" slack="1"/>
</pin_list>
<bind>
<opcode="select(49) " fcode="select"/>
<opset="select_ln571_1/54 "/>
</bind>
</comp>

<comp id="1614" class="1004" name="zext_ln575_1_fu_1614">
<pin_list>
<pin id="1615" dir="0" index="0" bw="12" slack="1"/>
<pin id="1616" dir="1" index="1" bw="54" slack="0"/>
</pin_list>
<bind>
<opcode="zext(34) " fcode="zext"/>
<opset="zext_ln575_1/55 "/>
</bind>
</comp>

<comp id="1617" class="1004" name="ashr_ln575_1_fu_1617">
<pin_list>
<pin id="1618" dir="0" index="0" bw="54" slack="2"/>
<pin id="1619" dir="0" index="1" bw="32" slack="0"/>
<pin id="1620" dir="1" index="2" bw="54" slack="0"/>
</pin_list>
<bind>
<opcode="ashr(22) " fcode="ashr"/>
<opset="ashr_ln575_1/55 "/>
</bind>
</comp>

<comp id="1622" class="1004" name="trunc_ln575_1_fu_1622">
<pin_list>
<pin id="1623" dir="0" index="0" bw="54" slack="0"/>
<pin id="1624" dir="1" index="1" bw="16" slack="0"/>
</pin_list>
<bind>
<opcode="trunc(33) " fcode="trunc"/>
<opset="trunc_ln575_1/55 "/>
</bind>
</comp>

<comp id="1626" class="1004" name="bitcast_ln724_1_fu_1626">
<pin_list>
<pin id="1627" dir="0" index="0" bw="32" slack="5"/>
<pin id="1628" dir="1" index="1" bw="32" slack="0"/>
</pin_list>
<bind>
<opcode="bitcast(44) " fcode="bitcast"/>
<opset="bitcast_ln724_1/55 "/>
</bind>
</comp>

<comp id="1629" class="1004" name="tmp_60_fu_1629">
<pin_list>
<pin id="1630" dir="0" index="0" bw="1" slack="0"/>
<pin id="1631" dir="0" index="1" bw="32" slack="0"/>
<pin id="1632" dir="0" index="2" bw="6" slack="0"/>
<pin id="1633" dir="1" index="3" bw="1" slack="0"/>
</pin_list>
<bind>
<opcode="bitselect(1000) " fcode="bitselect"/>
<opset="tmp_60/55 "/>
</bind>
</comp>

<comp id="1637" class="1004" name="select_ln577_1_fu_1637">
<pin_list>
<pin id="1638" dir="0" index="0" bw="1" slack="0"/>
<pin id="1639" dir="0" index="1" bw="1" slack="0"/>
<pin id="1640" dir="0" index="2" bw="1" slack="0"/>
<pin id="1641" dir="1" index="3" bw="16" slack="0"/>
</pin_list>
<bind>
<opcode="select(49) " fcode="select"/>
<opset="select_ln577_1/55 "/>
</bind>
</comp>

<comp id="1645" class="1004" name="select_ln574_1_fu_1645">
<pin_list>
<pin id="1646" dir="0" index="0" bw="1" slack="1"/>
<pin id="1647" dir="0" index="1" bw="16" slack="0"/>
<pin id="1648" dir="0" index="2" bw="16" slack="0"/>
<pin id="1649" dir="1" index="3" bw="16" slack="0"/>
</pin_list>
<bind>
<opcode="select(49) " fcode="select"/>
<opset="select_ln574_1/55 "/>
</bind>
</comp>

<comp id="1652" class="1004" name="select_ln570_2_fu_1652">
<pin_list>
<pin id="1653" dir="0" index="0" bw="1" slack="2"/>
<pin id="1654" dir="0" index="1" bw="16" slack="0"/>
<pin id="1655" dir="0" index="2" bw="16" slack="1"/>
<pin id="1656" dir="1" index="3" bw="16" slack="0"/>
</pin_list>
<bind>
<opcode="select(49) " fcode="select"/>
<opset="select_ln570_2/55 "/>
</bind>
</comp>

<comp id="1658" class="1004" name="inv_normalizer_V_fu_1658">
<pin_list>
<pin id="1659" dir="0" index="0" bw="1" slack="3"/>
<pin id="1660" dir="0" index="1" bw="1" slack="0"/>
<pin id="1661" dir="0" index="2" bw="16" slack="0"/>
<pin id="1662" dir="1" index="3" bw="16" slack="0"/>
</pin_list>
<bind>
<opcode="select(49) " fcode="select"/>
<opset="inv_normalizer_V/55 "/>
</bind>
</comp>

<comp id="1666" class="1004" name="icmp_ln142_fu_1666">
<pin_list>
<pin id="1667" dir="0" index="0" bw="5" slack="0"/>
<pin id="1668" dir="0" index="1" bw="5" slack="0"/>
<pin id="1669" dir="1" index="2" bw="1" slack="2147483647"/>
</pin_list>
<bind>
<opcode="icmp(45) " fcode="icmp"/>
<opset="icmp_ln142/57 "/>
</bind>
</comp>

<comp id="1672" class="1004" name="add_ln142_fu_1672">
<pin_list>
<pin id="1673" dir="0" index="0" bw="5" slack="0"/>
<pin id="1674" dir="0" index="1" bw="1" slack="0"/>
<pin id="1675" dir="1" index="2" bw="5" slack="0"/>
</pin_list>
<bind>
<opcode="add(8) " fcode="add"/>
<opset="add_ln142/57 "/>
</bind>
</comp>

<comp id="1678" class="1004" name="zext_ln142_fu_1678">
<pin_list>
<pin id="1679" dir="0" index="0" bw="5" slack="0"/>
<pin id="1680" dir="1" index="1" bw="64" slack="0"/>
</pin_list>
<bind>
<opcode="zext(34) " fcode="zext"/>
<opset="zext_ln142/57 "/>
</bind>
</comp>

<comp id="1683" class="1004" name="zext_ln813_fu_1683">
<pin_list>
<pin id="1684" dir="0" index="0" bw="5" slack="0"/>
<pin id="1685" dir="1" index="1" bw="8" slack="0"/>
</pin_list>
<bind>
<opcode="zext(34) " fcode="zext"/>
<opset="zext_ln813/57 "/>
</bind>
</comp>

<comp id="1687" class="1004" name="add_ln813_16_fu_1687">
<pin_list>
<pin id="1688" dir="0" index="0" bw="8" slack="28"/>
<pin id="1689" dir="0" index="1" bw="5" slack="0"/>
<pin id="1690" dir="1" index="2" bw="8" slack="2"/>
</pin_list>
<bind>
<opcode="add(8) " fcode="add"/>
<opset="add_ln813_16/57 "/>
</bind>
</comp>

<comp id="1692" class="1004" name="empty_100_fu_1692">
<pin_list>
<pin id="1693" dir="0" index="0" bw="5" slack="0"/>
<pin id="1694" dir="1" index="1" bw="4" slack="2"/>
</pin_list>
<bind>
<opcode="trunc(33) " fcode="trunc"/>
<opset="empty_100/57 "/>
</bind>
</comp>

<comp id="1696" class="1004" name="store_ln124_store_fu_1696">
<pin_list>
<pin id="1697" dir="0" index="0" bw="4" slack="28"/>
<pin id="1698" dir="0" index="1" bw="4" slack="29"/>
<pin id="1699" dir="1" index="2" bw="0" slack="2147483647"/>
</pin_list>
<bind>
<opcode="store(28) " fcode="store"/>
<opset="store_ln124/57 "/>
</bind>
</comp>

<comp id="1700" class="1004" name="sum_V_9_fu_1700">
<pin_list>
<pin id="1701" dir="0" index="0" bw="11" slack="0"/>
<pin id="1702" dir="0" index="1" bw="7" slack="1"/>
<pin id="1703" dir="0" index="2" bw="1" slack="0"/>
<pin id="1704" dir="1" index="3" bw="11" slack="0"/>
</pin_list>
<bind>
<opcode="bitconcatenate(1004) " fcode="bitconcatenate"/>
<opset="sum_V_9/59 "/>
</bind>
</comp>

<comp id="1708" class="1004" name="tmp_74_fu_1708">
<pin_list>
<pin id="1709" dir="0" index="0" bw="8" slack="0"/>
<pin id="1710" dir="0" index="1" bw="4" slack="2"/>
<pin id="1711" dir="0" index="2" bw="1" slack="0"/>
<pin id="1712" dir="1" index="3" bw="8" slack="0"/>
</pin_list>
<bind>
<opcode="bitconcatenate(1004) " fcode="bitconcatenate"/>
<opset="tmp_74/59 "/>
</bind>
</comp>

<comp id="1716" class="1005" name="d_reg_1716">
<pin_list>
<pin id="1717" dir="0" index="0" bw="5" slack="0"/>
<pin id="1718" dir="1" index="1" bw="5" slack="0"/>
</pin_list>
<bind>
<opset="d "/>
</bind>
</comp>

<comp id="1723" class="1005" name="a_reg_1723">
<pin_list>
<pin id="1724" dir="0" index="0" bw="4" slack="0"/>
<pin id="1725" dir="1" index="1" bw="4" slack="0"/>
</pin_list>
<bind>
<opset="a "/>
</bind>
</comp>

<comp id="1730" class="1005" name="indvar_flatten_reg_1730">
<pin_list>
<pin id="1731" dir="0" index="0" bw="8" slack="0"/>
<pin id="1732" dir="1" index="1" bw="8" slack="0"/>
</pin_list>
<bind>
<opset="indvar_flatten "/>
</bind>
</comp>

<comp id="1737" class="1005" name="normalizer_V_2_loc_reg_1737">
<pin_list>
<pin id="1738" dir="0" index="0" bw="24" slack="4"/>
<pin id="1739" dir="1" index="1" bw="24" slack="4"/>
</pin_list>
<bind>
<opset="normalizer_V_2_loc "/>
</bind>
</comp>

<comp id="1743" class="1005" name="sum_V_loc_reg_1743">
<pin_list>
<pin id="1744" dir="0" index="0" bw="20" slack="3"/>
<pin id="1745" dir="1" index="1" bw="20" slack="3"/>
</pin_list>
<bind>
<opset="sum_V_loc "/>
</bind>
</comp>

<comp id="1749" class="1005" name="phi_ln818_1_loc_reg_1749">
<pin_list>
<pin id="1750" dir="0" index="0" bw="16" slack="2"/>
<pin id="1751" dir="1" index="1" bw="16" slack="2"/>
</pin_list>
<bind>
<opset="phi_ln818_1_loc "/>
</bind>
</comp>

<comp id="1755" class="1005" name="x_V_loc_reg_1755">
<pin_list>
<pin id="1756" dir="0" index="0" bw="16" slack="2"/>
<pin id="1757" dir="1" index="1" bw="16" slack="2"/>
</pin_list>
<bind>
<opset="x_V_loc "/>
</bind>
</comp>

<comp id="1767" class="1005" name="icmp_ln88_reg_1767">
<pin_list>
<pin id="1768" dir="0" index="0" bw="1" slack="1"/>
<pin id="1769" dir="1" index="1" bw="1" slack="1"/>
</pin_list>
<bind>
<opset="icmp_ln88 "/>
</bind>
</comp>

<comp id="1772" class="1005" name="select_ln87_1_reg_1772">
<pin_list>
<pin id="1773" dir="0" index="0" bw="4" slack="1"/>
<pin id="1774" dir="1" index="1" bw="4" slack="1"/>
</pin_list>
<bind>
<opset="select_ln87_1 "/>
</bind>
</comp>

<comp id="1777" class="1005" name="d_7_reg_1777">
<pin_list>
<pin id="1778" dir="0" index="0" bw="5" slack="0"/>
<pin id="1779" dir="1" index="1" bw="5" slack="0"/>
</pin_list>
<bind>
<opset="d_7 "/>
</bind>
</comp>

<comp id="1784" class="1005" name="tmp_s_reg_1784">
<pin_list>
<pin id="1785" dir="0" index="0" bw="8" slack="1"/>
<pin id="1786" dir="1" index="1" bw="8" slack="1"/>
</pin_list>
<bind>
<opset="tmp_s "/>
</bind>
</comp>

<comp id="1789" class="1005" name="add_ln97_reg_1789">
<pin_list>
<pin id="1790" dir="0" index="0" bw="8" slack="21"/>
<pin id="1791" dir="1" index="1" bw="8" slack="21"/>
</pin_list>
<bind>
<opset="add_ln97 "/>
</bind>
</comp>

<comp id="1794" class="1005" name="tmp_72_reg_1794">
<pin_list>
<pin id="1795" dir="0" index="0" bw="8" slack="1"/>
<pin id="1796" dir="1" index="1" bw="8" slack="1"/>
</pin_list>
<bind>
<opset="tmp_72 "/>
</bind>
</comp>

<comp id="1802" class="1005" name="tmp_reg_1802">
<pin_list>
<pin id="1803" dir="0" index="0" bw="1" slack="16"/>
<pin id="1804" dir="1" index="1" bw="1" slack="16"/>
</pin_list>
<bind>
<opset="tmp "/>
</bind>
</comp>

<comp id="1810" class="1005" name="tmp_V_7_reg_1810">
<pin_list>
<pin id="1811" dir="0" index="0" bw="16" slack="1"/>
<pin id="1812" dir="1" index="1" bw="16" slack="1"/>
</pin_list>
<bind>
<opset="tmp_V_7 "/>
</bind>
</comp>

<comp id="1817" class="1005" name="sub_ln1099_reg_1817">
<pin_list>
<pin id="1818" dir="0" index="0" bw="32" slack="1"/>
<pin id="1819" dir="1" index="1" bw="32" slack="1"/>
</pin_list>
<bind>
<opset="sub_ln1099 "/>
</bind>
</comp>

<comp id="1824" class="1005" name="trunc_ln1099_reg_1824">
<pin_list>
<pin id="1825" dir="0" index="0" bw="16" slack="1"/>
<pin id="1826" dir="1" index="1" bw="16" slack="1"/>
</pin_list>
<bind>
<opset="trunc_ln1099 "/>
</bind>
</comp>

<comp id="1829" class="1005" name="trunc_ln1102_reg_1829">
<pin_list>
<pin id="1830" dir="0" index="0" bw="4" slack="1"/>
<pin id="1831" dir="1" index="1" bw="4" slack="1"/>
</pin_list>
<bind>
<opset="trunc_ln1102 "/>
</bind>
</comp>

<comp id="1834" class="1005" name="trunc_ln1098_reg_1834">
<pin_list>
<pin id="1835" dir="0" index="0" bw="8" slack="3"/>
<pin id="1836" dir="1" index="1" bw="8" slack="3"/>
</pin_list>
<bind>
<opset="trunc_ln1098 "/>
</bind>
</comp>

<comp id="1839" class="1005" name="or_ln_reg_1839">
<pin_list>
<pin id="1840" dir="0" index="0" bw="2" slack="1"/>
<pin id="1841" dir="1" index="1" bw="2" slack="1"/>
</pin_list>
<bind>
<opset="or_ln "/>
</bind>
</comp>

<comp id="1844" class="1005" name="icmp_ln1113_reg_1844">
<pin_list>
<pin id="1845" dir="0" index="0" bw="1" slack="1"/>
<pin id="1846" dir="1" index="1" bw="1" slack="1"/>
</pin_list>
<bind>
<opset="icmp_ln1113 "/>
</bind>
</comp>

<comp id="1849" class="1005" name="m_21_reg_1849">
<pin_list>
<pin id="1850" dir="0" index="0" bw="63" slack="1"/>
<pin id="1851" dir="1" index="1" bw="63" slack="1"/>
</pin_list>
<bind>
<opset="m_21 "/>
</bind>
</comp>

<comp id="1854" class="1005" name="p_Result_41_reg_1854">
<pin_list>
<pin id="1855" dir="0" index="0" bw="1" slack="1"/>
<pin id="1856" dir="1" index="1" bw="1" slack="1"/>
</pin_list>
<bind>
<opset="p_Result_41 "/>
</bind>
</comp>

<comp id="1859" class="1005" name="LD_reg_1859">
<pin_list>
<pin id="1860" dir="0" index="0" bw="32" slack="1"/>
<pin id="1861" dir="1" index="1" bw="32" slack="1"/>
</pin_list>
<bind>
<opset="LD "/>
</bind>
</comp>

<comp id="1864" class="1005" name="bitcast_ln766_reg_1864">
<pin_list>
<pin id="1865" dir="0" index="0" bw="32" slack="1"/>
<pin id="1866" dir="1" index="1" bw="32" slack="1"/>
</pin_list>
<bind>
<opset="bitcast_ln766 "/>
</bind>
</comp>

<comp id="1869" class="1005" name="d_assign_reg_1869">
<pin_list>
<pin id="1870" dir="0" index="0" bw="32" slack="1"/>
<pin id="1871" dir="1" index="1" bw="32" slack="1"/>
</pin_list>
<bind>
<opset="d_assign "/>
</bind>
</comp>

<comp id="1875" class="1005" name="p_Result_56_reg_1875">
<pin_list>
<pin id="1876" dir="0" index="0" bw="1" slack="1"/>
<pin id="1877" dir="1" index="1" bw="1" slack="1"/>
</pin_list>
<bind>
<opset="p_Result_56 "/>
</bind>
</comp>

<comp id="1880" class="1005" name="exp_tmp_reg_1880">
<pin_list>
<pin id="1881" dir="0" index="0" bw="11" slack="1"/>
<pin id="1882" dir="1" index="1" bw="11" slack="1"/>
</pin_list>
<bind>
<opset="exp_tmp "/>
</bind>
</comp>

<comp id="1885" class="1005" name="trunc_ln554_reg_1885">
<pin_list>
<pin id="1886" dir="0" index="0" bw="52" slack="1"/>
<pin id="1887" dir="1" index="1" bw="52" slack="1"/>
</pin_list>
<bind>
<opset="trunc_ln554 "/>
</bind>
</comp>

<comp id="1890" class="1005" name="icmp_ln560_reg_1890">
<pin_list>
<pin id="1891" dir="0" index="0" bw="1" slack="1"/>
<pin id="1892" dir="1" index="1" bw="1" slack="1"/>
</pin_list>
<bind>
<opset="icmp_ln560 "/>
</bind>
</comp>

<comp id="1897" class="1005" name="man_V_8_reg_1897">
<pin_list>
<pin id="1898" dir="0" index="0" bw="54" slack="2"/>
<pin id="1899" dir="1" index="1" bw="54" slack="2"/>
</pin_list>
<bind>
<opset="man_V_8 "/>
</bind>
</comp>

<comp id="1902" class="1005" name="sh_amt_reg_1902">
<pin_list>
<pin id="1903" dir="0" index="0" bw="12" slack="1"/>
<pin id="1904" dir="1" index="1" bw="12" slack="1"/>
</pin_list>
<bind>
<opset="sh_amt "/>
</bind>
</comp>

<comp id="1908" class="1005" name="icmp_ln571_reg_1908">
<pin_list>
<pin id="1909" dir="0" index="0" bw="1" slack="1"/>
<pin id="1910" dir="1" index="1" bw="1" slack="1"/>
</pin_list>
<bind>
<opset="icmp_ln571 "/>
</bind>
</comp>

<comp id="1913" class="1005" name="trunc_ln572_reg_1913">
<pin_list>
<pin id="1914" dir="0" index="0" bw="16" slack="1"/>
<pin id="1915" dir="1" index="1" bw="16" slack="1"/>
</pin_list>
<bind>
<opset="trunc_ln572 "/>
</bind>
</comp>

<comp id="1919" class="1005" name="icmp_ln592_reg_1919">
<pin_list>
<pin id="1920" dir="0" index="0" bw="1" slack="1"/>
<pin id="1921" dir="1" index="1" bw="1" slack="1"/>
</pin_list>
<bind>
<opset="icmp_ln592 "/>
</bind>
</comp>

<comp id="1924" class="1005" name="and_ln570_reg_1924">
<pin_list>
<pin id="1925" dir="0" index="0" bw="1" slack="1"/>
<pin id="1926" dir="1" index="1" bw="1" slack="2"/>
</pin_list>
<bind>
<opset="and_ln570 "/>
</bind>
</comp>

<comp id="1929" class="1005" name="sext_ln570_reg_1929">
<pin_list>
<pin id="1930" dir="0" index="0" bw="32" slack="1"/>
<pin id="1931" dir="1" index="1" bw="32" slack="1"/>
</pin_list>
<bind>
<opset="sext_ln570 "/>
</bind>
</comp>

<comp id="1934" class="1005" name="icmp_ln574_reg_1934">
<pin_list>
<pin id="1935" dir="0" index="0" bw="1" slack="1"/>
<pin id="1936" dir="1" index="1" bw="1" slack="1"/>
</pin_list>
<bind>
<opset="icmp_ln574 "/>
</bind>
</comp>

<comp id="1939" class="1005" name="select_ln571_reg_1939">
<pin_list>
<pin id="1940" dir="0" index="0" bw="16" slack="1"/>
<pin id="1941" dir="1" index="1" bw="16" slack="1"/>
</pin_list>
<bind>
<opset="select_ln571 "/>
</bind>
</comp>

<comp id="1944" class="1005" name="select_ln560_reg_1944">
<pin_list>
<pin id="1945" dir="0" index="0" bw="16" slack="1"/>
<pin id="1946" dir="1" index="1" bw="16" slack="1"/>
</pin_list>
<bind>
<opset="select_ln560 "/>
</bind>
</comp>

<comp id="1949" class="1005" name="d_9_reg_1949">
<pin_list>
<pin id="1950" dir="0" index="0" bw="5" slack="2"/>
<pin id="1951" dir="1" index="1" bw="5" slack="2"/>
</pin_list>
<bind>
<opset="d_9 "/>
</bind>
</comp>

<comp id="1957" class="1005" name="trunc_ln115_reg_1957">
<pin_list>
<pin id="1958" dir="0" index="0" bw="4" slack="1"/>
<pin id="1959" dir="1" index="1" bw="4" slack="1"/>
</pin_list>
<bind>
<opset="trunc_ln115 "/>
</bind>
</comp>

<comp id="1962" class="1005" name="a_7_reg_1962">
<pin_list>
<pin id="1963" dir="0" index="0" bw="4" slack="0"/>
<pin id="1964" dir="1" index="1" bw="4" slack="0"/>
</pin_list>
<bind>
<opset="a_7 "/>
</bind>
</comp>

<comp id="1972" class="1005" name="add_ln124_reg_1972">
<pin_list>
<pin id="1973" dir="0" index="0" bw="4" slack="28"/>
<pin id="1974" dir="1" index="1" bw="4" slack="28"/>
</pin_list>
<bind>
<opset="add_ln124 "/>
</bind>
</comp>

<comp id="1977" class="1005" name="tmp_73_reg_1977">
<pin_list>
<pin id="1978" dir="0" index="0" bw="8" slack="1"/>
<pin id="1979" dir="1" index="1" bw="8" slack="1"/>
</pin_list>
<bind>
<opset="tmp_73 "/>
</bind>
</comp>

<comp id="1984" class="1005" name="icmp_ln1090_reg_1984">
<pin_list>
<pin id="1985" dir="0" index="0" bw="1" slack="1"/>
<pin id="1986" dir="1" index="1" bw="1" slack="3"/>
</pin_list>
<bind>
<opset="icmp_ln1090 "/>
</bind>
</comp>

<comp id="1989" class="1005" name="p_Result_58_reg_1989">
<pin_list>
<pin id="1990" dir="0" index="0" bw="1" slack="3"/>
<pin id="1991" dir="1" index="1" bw="1" slack="3"/>
</pin_list>
<bind>
<opset="p_Result_58 "/>
</bind>
</comp>

<comp id="1994" class="1005" name="tmp_V_8_reg_1994">
<pin_list>
<pin id="1995" dir="0" index="0" bw="24" slack="1"/>
<pin id="1996" dir="1" index="1" bw="24" slack="1"/>
</pin_list>
<bind>
<opset="tmp_V_8 "/>
</bind>
</comp>

<comp id="2001" class="1005" name="sub_ln1099_1_reg_2001">
<pin_list>
<pin id="2002" dir="0" index="0" bw="32" slack="1"/>
<pin id="2003" dir="1" index="1" bw="32" slack="1"/>
</pin_list>
<bind>
<opset="sub_ln1099_1 "/>
</bind>
</comp>

<comp id="2008" class="1005" name="trunc_ln1099_1_reg_2008">
<pin_list>
<pin id="2009" dir="0" index="0" bw="24" slack="1"/>
<pin id="2010" dir="1" index="1" bw="24" slack="1"/>
</pin_list>
<bind>
<opset="trunc_ln1099_1 "/>
</bind>
</comp>

<comp id="2013" class="1005" name="trunc_ln1102_1_reg_2013">
<pin_list>
<pin id="2014" dir="0" index="0" bw="5" slack="1"/>
<pin id="2015" dir="1" index="1" bw="5" slack="1"/>
</pin_list>
<bind>
<opset="trunc_ln1102_1 "/>
</bind>
</comp>

<comp id="2018" class="1005" name="trunc_ln1098_1_reg_2018">
<pin_list>
<pin id="2019" dir="0" index="0" bw="8" slack="3"/>
<pin id="2020" dir="1" index="1" bw="8" slack="3"/>
</pin_list>
<bind>
<opset="trunc_ln1098_1 "/>
</bind>
</comp>

<comp id="2023" class="1005" name="or_ln1104_1_reg_2023">
<pin_list>
<pin id="2024" dir="0" index="0" bw="2" slack="1"/>
<pin id="2025" dir="1" index="1" bw="2" slack="1"/>
</pin_list>
<bind>
<opset="or_ln1104_1 "/>
</bind>
</comp>

<comp id="2028" class="1005" name="icmp_ln1113_1_reg_2028">
<pin_list>
<pin id="2029" dir="0" index="0" bw="1" slack="1"/>
<pin id="2030" dir="1" index="1" bw="1" slack="1"/>
</pin_list>
<bind>
<opset="icmp_ln1113_1 "/>
</bind>
</comp>

<comp id="2033" class="1005" name="m_reg_2033">
<pin_list>
<pin id="2034" dir="0" index="0" bw="63" slack="1"/>
<pin id="2035" dir="1" index="1" bw="63" slack="1"/>
</pin_list>
<bind>
<opset="m "/>
</bind>
</comp>

<comp id="2038" class="1005" name="p_Result_50_reg_2038">
<pin_list>
<pin id="2039" dir="0" index="0" bw="1" slack="1"/>
<pin id="2040" dir="1" index="1" bw="1" slack="1"/>
</pin_list>
<bind>
<opset="p_Result_50 "/>
</bind>
</comp>

<comp id="2043" class="1005" name="select_ln1090_reg_2043">
<pin_list>
<pin id="2044" dir="0" index="0" bw="32" slack="1"/>
<pin id="2045" dir="1" index="1" bw="32" slack="1"/>
</pin_list>
<bind>
<opset="select_ln1090 "/>
</bind>
</comp>

<comp id="2048" class="1005" name="d_assign_1_reg_2048">
<pin_list>
<pin id="2049" dir="0" index="0" bw="32" slack="1"/>
<pin id="2050" dir="1" index="1" bw="32" slack="1"/>
</pin_list>
<bind>
<opset="d_assign_1 "/>
</bind>
</comp>

<comp id="2054" class="1005" name="p_Result_61_reg_2054">
<pin_list>
<pin id="2055" dir="0" index="0" bw="1" slack="1"/>
<pin id="2056" dir="1" index="1" bw="1" slack="1"/>
</pin_list>
<bind>
<opset="p_Result_61 "/>
</bind>
</comp>

<comp id="2059" class="1005" name="exp_tmp_1_reg_2059">
<pin_list>
<pin id="2060" dir="0" index="0" bw="11" slack="1"/>
<pin id="2061" dir="1" index="1" bw="11" slack="1"/>
</pin_list>
<bind>
<opset="exp_tmp_1 "/>
</bind>
</comp>

<comp id="2064" class="1005" name="trunc_ln554_1_reg_2064">
<pin_list>
<pin id="2065" dir="0" index="0" bw="52" slack="1"/>
<pin id="2066" dir="1" index="1" bw="52" slack="1"/>
</pin_list>
<bind>
<opset="trunc_ln554_1 "/>
</bind>
</comp>

<comp id="2069" class="1005" name="icmp_ln560_1_reg_2069">
<pin_list>
<pin id="2070" dir="0" index="0" bw="1" slack="1"/>
<pin id="2071" dir="1" index="1" bw="1" slack="1"/>
</pin_list>
<bind>
<opset="icmp_ln560_1 "/>
</bind>
</comp>

<comp id="2076" class="1005" name="man_V_11_reg_2076">
<pin_list>
<pin id="2077" dir="0" index="0" bw="54" slack="2"/>
<pin id="2078" dir="1" index="1" bw="54" slack="2"/>
</pin_list>
<bind>
<opset="man_V_11 "/>
</bind>
</comp>

<comp id="2081" class="1005" name="sh_amt_1_reg_2081">
<pin_list>
<pin id="2082" dir="0" index="0" bw="12" slack="1"/>
<pin id="2083" dir="1" index="1" bw="12" slack="1"/>
</pin_list>
<bind>
<opset="sh_amt_1 "/>
</bind>
</comp>

<comp id="2087" class="1005" name="icmp_ln571_1_reg_2087">
<pin_list>
<pin id="2088" dir="0" index="0" bw="1" slack="1"/>
<pin id="2089" dir="1" index="1" bw="1" slack="1"/>
</pin_list>
<bind>
<opset="icmp_ln571_1 "/>
</bind>
</comp>

<comp id="2092" class="1005" name="trunc_ln572_1_reg_2092">
<pin_list>
<pin id="2093" dir="0" index="0" bw="16" slack="1"/>
<pin id="2094" dir="1" index="1" bw="16" slack="1"/>
</pin_list>
<bind>
<opset="trunc_ln572_1 "/>
</bind>
</comp>

<comp id="2098" class="1005" name="icmp_ln592_1_reg_2098">
<pin_list>
<pin id="2099" dir="0" index="0" bw="1" slack="1"/>
<pin id="2100" dir="1" index="1" bw="1" slack="1"/>
</pin_list>
<bind>
<opset="icmp_ln592_1 "/>
</bind>
</comp>

<comp id="2103" class="1005" name="and_ln570_1_reg_2103">
<pin_list>
<pin id="2104" dir="0" index="0" bw="1" slack="1"/>
<pin id="2105" dir="1" index="1" bw="1" slack="2"/>
</pin_list>
<bind>
<opset="and_ln570_1 "/>
</bind>
</comp>

<comp id="2108" class="1005" name="sext_ln570_1_reg_2108">
<pin_list>
<pin id="2109" dir="0" index="0" bw="32" slack="1"/>
<pin id="2110" dir="1" index="1" bw="32" slack="1"/>
</pin_list>
<bind>
<opset="sext_ln570_1 "/>
</bind>
</comp>

<comp id="2113" class="1005" name="icmp_ln574_1_reg_2113">
<pin_list>
<pin id="2114" dir="0" index="0" bw="1" slack="1"/>
<pin id="2115" dir="1" index="1" bw="1" slack="1"/>
</pin_list>
<bind>
<opset="icmp_ln574_1 "/>
</bind>
</comp>

<comp id="2118" class="1005" name="select_ln571_1_reg_2118">
<pin_list>
<pin id="2119" dir="0" index="0" bw="16" slack="1"/>
<pin id="2120" dir="1" index="1" bw="16" slack="1"/>
</pin_list>
<bind>
<opset="select_ln571_1 "/>
</bind>
</comp>

<comp id="2123" class="1005" name="inv_normalizer_V_reg_2123">
<pin_list>
<pin id="2124" dir="0" index="0" bw="16" slack="1"/>
<pin id="2125" dir="1" index="1" bw="16" slack="1"/>
</pin_list>
<bind>
<opset="inv_normalizer_V "/>
</bind>
</comp>

<comp id="2131" class="1005" name="add_ln142_reg_2131">
<pin_list>
<pin id="2132" dir="0" index="0" bw="5" slack="0"/>
<pin id="2133" dir="1" index="1" bw="5" slack="0"/>
</pin_list>
<bind>
<opset="add_ln142 "/>
</bind>
</comp>

<comp id="2136" class="1005" name="add_ln813_16_reg_2136">
<pin_list>
<pin id="2137" dir="0" index="0" bw="8" slack="2"/>
<pin id="2138" dir="1" index="1" bw="8" slack="2"/>
</pin_list>
<bind>
<opset="add_ln813_16 "/>
</bind>
</comp>

<comp id="2141" class="1005" name="layers_0_attention_output_bias_V_addr_reg_2141">
<pin_list>
<pin id="2142" dir="0" index="0" bw="4" slack="1"/>
<pin id="2143" dir="1" index="1" bw="4" slack="1"/>
</pin_list>
<bind>
<opset="layers_0_attention_output_bias_V_addr "/>
</bind>
</comp>

<comp id="2146" class="1005" name="empty_100_reg_2146">
<pin_list>
<pin id="2147" dir="0" index="0" bw="4" slack="2"/>
<pin id="2148" dir="1" index="1" bw="4" slack="2"/>
</pin_list>
<bind>
<opset="empty_100 "/>
</bind>
</comp>

<comp id="2151" class="1005" name="sum_V_reg_2151">
<pin_list>
<pin id="2152" dir="0" index="0" bw="7" slack="1"/>
<pin id="2153" dir="1" index="1" bw="7" slack="1"/>
</pin_list>
<bind>
<opset="sum_V "/>
</bind>
</comp>

<comp id="2156" class="1005" name="sum_V_9_reg_2156">
<pin_list>
<pin id="2157" dir="0" index="0" bw="11" slack="1"/>
<pin id="2158" dir="1" index="1" bw="11" slack="1"/>
</pin_list>
<bind>
<opset="sum_V_9 "/>
</bind>
</comp>

<comp id="2161" class="1005" name="tmp_74_reg_2161">
<pin_list>
<pin id="2162" dir="0" index="0" bw="8" slack="1"/>
<pin id="2163" dir="1" index="1" bw="8" slack="1"/>
</pin_list>
<bind>
<opset="tmp_74 "/>
</bind>
</comp>

</comp_list>

<net_list>
<net id="195"><net_src comp="12" pin="0"/><net_sink comp="192" pin=0"/></net>

<net id="199"><net_src comp="12" pin="0"/><net_sink comp="196" pin=0"/></net>

<net id="203"><net_src comp="12" pin="0"/><net_sink comp="200" pin=0"/></net>

<net id="207"><net_src comp="14" pin="0"/><net_sink comp="204" pin=0"/></net>

<net id="211"><net_src comp="14" pin="0"/><net_sink comp="208" pin=0"/></net>

<net id="215"><net_src comp="14" pin="0"/><net_sink comp="212" pin=0"/></net>

<net id="219"><net_src comp="14" pin="0"/><net_sink comp="216" pin=0"/></net>

<net id="223"><net_src comp="14" pin="0"/><net_sink comp="220" pin=0"/></net>

<net id="227"><net_src comp="14" pin="0"/><net_sink comp="224" pin=0"/></net>

<net id="231"><net_src comp="14" pin="0"/><net_sink comp="228" pin=0"/></net>

<net id="235"><net_src comp="14" pin="0"/><net_sink comp="232" pin=0"/></net>

<net id="239"><net_src comp="14" pin="0"/><net_sink comp="236" pin=0"/></net>

<net id="243"><net_src comp="12" pin="0"/><net_sink comp="240" pin=0"/></net>

<net id="247"><net_src comp="12" pin="0"/><net_sink comp="244" pin=0"/></net>

<net id="253"><net_src comp="138" pin="0"/><net_sink comp="248" pin=1"/></net>

<net id="259"><net_src comp="138" pin="0"/><net_sink comp="254" pin=1"/></net>

<net id="265"><net_src comp="248" pin="3"/><net_sink comp="260" pin=0"/></net>

<net id="271"><net_src comp="254" pin="3"/><net_sink comp="266" pin=0"/></net>

<net id="277"><net_src comp="138" pin="0"/><net_sink comp="272" pin=1"/></net>

<net id="283"><net_src comp="272" pin="3"/><net_sink comp="278" pin=0"/></net>

<net id="289"><net_src comp="8" pin="0"/><net_sink comp="284" pin=0"/></net>

<net id="290"><net_src comp="138" pin="0"/><net_sink comp="284" pin=1"/></net>

<net id="296"><net_src comp="284" pin="3"/><net_sink comp="291" pin=0"/></net>

<net id="300"><net_src comp="20" pin="0"/><net_sink comp="297" pin=0"/></net>

<net id="307"><net_src comp="297" pin="1"/><net_sink comp="301" pin=2"/></net>

<net id="314"><net_src comp="30" pin="0"/><net_sink comp="308" pin=0"/></net>

<net id="315"><net_src comp="2" pin="0"/><net_sink comp="308" pin=2"/></net>

<net id="326"><net_src comp="34" pin="0"/><net_sink comp="316" pin=0"/></net>

<net id="327"><net_src comp="0" pin="0"/><net_sink comp="316" pin=2"/></net>

<net id="328"><net_src comp="4" pin="0"/><net_sink comp="316" pin=6"/></net>

<net id="329"><net_src comp="6" pin="0"/><net_sink comp="316" pin=7"/></net>

<net id="336"><net_src comp="144" pin="0"/><net_sink comp="330" pin=0"/></net>

<net id="337"><net_src comp="2" pin="0"/><net_sink comp="330" pin=2"/></net>

<net id="345"><net_src comp="156" pin="0"/><net_sink comp="338" pin=0"/></net>

<net id="354"><net_src comp="182" pin="0"/><net_sink comp="346" pin=0"/></net>

<net id="364"><net_src comp="188" pin="0"/><net_sink comp="355" pin=0"/></net>

<net id="365"><net_src comp="0" pin="0"/><net_sink comp="355" pin=2"/></net>

<net id="366"><net_src comp="10" pin="0"/><net_sink comp="355" pin=6"/></net>

<net id="371"><net_src comp="180" pin="0"/><net_sink comp="367" pin=0"/></net>

<net id="379"><net_src comp="100" pin="0"/><net_sink comp="375" pin=0"/></net>

<net id="384"><net_src comp="16" pin="0"/><net_sink comp="380" pin=0"/></net>

<net id="389"><net_src comp="18" pin="0"/><net_sink comp="385" pin=0"/></net>

<net id="394"><net_src comp="20" pin="0"/><net_sink comp="390" pin=0"/></net>

<net id="402"><net_src comp="395" pin="1"/><net_sink comp="398" pin=0"/></net>

<net id="403"><net_src comp="22" pin="0"/><net_sink comp="398" pin=1"/></net>

<net id="408"><net_src comp="395" pin="1"/><net_sink comp="404" pin=0"/></net>

<net id="409"><net_src comp="24" pin="0"/><net_sink comp="404" pin=1"/></net>

<net id="420"><net_src comp="413" pin="1"/><net_sink comp="416" pin=0"/></net>

<net id="421"><net_src comp="26" pin="0"/><net_sink comp="416" pin=1"/></net>

<net id="426"><net_src comp="410" pin="1"/><net_sink comp="422" pin=0"/></net>

<net id="427"><net_src comp="28" pin="0"/><net_sink comp="422" pin=1"/></net>

<net id="433"><net_src comp="422" pin="2"/><net_sink comp="428" pin=0"/></net>

<net id="434"><net_src comp="416" pin="2"/><net_sink comp="428" pin=1"/></net>

<net id="435"><net_src comp="413" pin="1"/><net_sink comp="428" pin=2"/></net>

<net id="440"><net_src comp="404" pin="2"/><net_sink comp="436" pin=0"/></net>

<net id="445"><net_src comp="428" pin="3"/><net_sink comp="441" pin=0"/></net>

<net id="450"><net_src comp="20" pin="0"/><net_sink comp="446" pin=0"/></net>

<net id="456"><net_src comp="20" pin="0"/><net_sink comp="451" pin=1"/></net>

<net id="462"><net_src comp="32" pin="0"/><net_sink comp="457" pin=0"/></net>

<net id="463"><net_src comp="18" pin="0"/><net_sink comp="457" pin=2"/></net>

<net id="464"><net_src comp="457" pin="3"/><net_sink comp="316" pin=1"/></net>

<net id="468"><net_src comp="451" pin="3"/><net_sink comp="465" pin=0"/></net>

<net id="473"><net_src comp="457" pin="3"/><net_sink comp="469" pin=0"/></net>

<net id="474"><net_src comp="465" pin="1"/><net_sink comp="469" pin=1"/></net>

<net id="478"><net_src comp="451" pin="3"/><net_sink comp="475" pin=0"/></net>

<net id="484"><net_src comp="32" pin="0"/><net_sink comp="479" pin=0"/></net>

<net id="485"><net_src comp="475" pin="1"/><net_sink comp="479" pin=1"/></net>

<net id="486"><net_src comp="18" pin="0"/><net_sink comp="479" pin=2"/></net>

<net id="487"><net_src comp="479" pin="3"/><net_sink comp="316" pin=3"/></net>

<net id="492"><net_src comp="451" pin="3"/><net_sink comp="488" pin=0"/></net>

<net id="493"><net_src comp="36" pin="0"/><net_sink comp="488" pin=1"/></net>

<net id="498"><net_src comp="488" pin="2"/><net_sink comp="494" pin=0"/></net>

<net id="507"><net_src comp="38" pin="0"/><net_sink comp="502" pin=0"/></net>

<net id="508"><net_src comp="499" pin="1"/><net_sink comp="502" pin=1"/></net>

<net id="509"><net_src comp="40" pin="0"/><net_sink comp="502" pin=2"/></net>

<net id="514"><net_src comp="42" pin="0"/><net_sink comp="510" pin=0"/></net>

<net id="515"><net_src comp="499" pin="1"/><net_sink comp="510" pin=1"/></net>

<net id="522"><net_src comp="44" pin="0"/><net_sink comp="516" pin=0"/></net>

<net id="523"><net_src comp="510" pin="2"/><net_sink comp="516" pin=1"/></net>

<net id="524"><net_src comp="40" pin="0"/><net_sink comp="516" pin=2"/></net>

<net id="525"><net_src comp="46" pin="0"/><net_sink comp="516" pin=3"/></net>

<net id="531"><net_src comp="48" pin="0"/><net_sink comp="526" pin=0"/></net>

<net id="532"><net_src comp="50" pin="0"/><net_sink comp="526" pin=1"/></net>

<net id="533"><net_src comp="516" pin="4"/><net_sink comp="526" pin=2"/></net>

<net id="537"><net_src comp="526" pin="3"/><net_sink comp="534" pin=0"/></net>

<net id="543"><net_src comp="52" pin="0"/><net_sink comp="538" pin=0"/></net>

<net id="544"><net_src comp="534" pin="1"/><net_sink comp="538" pin=1"/></net>

<net id="545"><net_src comp="50" pin="0"/><net_sink comp="538" pin=2"/></net>

<net id="550"><net_src comp="54" pin="0"/><net_sink comp="546" pin=0"/></net>

<net id="551"><net_src comp="538" pin="3"/><net_sink comp="546" pin=1"/></net>

<net id="555"><net_src comp="546" pin="2"/><net_sink comp="552" pin=0"/></net>

<net id="559"><net_src comp="546" pin="2"/><net_sink comp="556" pin=0"/></net>

<net id="563"><net_src comp="538" pin="3"/><net_sink comp="560" pin=0"/></net>

<net id="568"><net_src comp="56" pin="0"/><net_sink comp="564" pin=1"/></net>

<net id="575"><net_src comp="58" pin="0"/><net_sink comp="569" pin=0"/></net>

<net id="576"><net_src comp="564" pin="2"/><net_sink comp="569" pin=1"/></net>

<net id="577"><net_src comp="12" pin="0"/><net_sink comp="569" pin=2"/></net>

<net id="578"><net_src comp="60" pin="0"/><net_sink comp="569" pin=3"/></net>

<net id="583"><net_src comp="569" pin="4"/><net_sink comp="579" pin=0"/></net>

<net id="584"><net_src comp="62" pin="0"/><net_sink comp="579" pin=1"/></net>

<net id="589"><net_src comp="64" pin="0"/><net_sink comp="585" pin=0"/></net>

<net id="593"><net_src comp="585" pin="2"/><net_sink comp="590" pin=0"/></net>

<net id="598"><net_src comp="66" pin="0"/><net_sink comp="594" pin=0"/></net>

<net id="599"><net_src comp="590" pin="1"/><net_sink comp="594" pin=1"/></net>

<net id="604"><net_src comp="594" pin="2"/><net_sink comp="600" pin=0"/></net>

<net id="609"><net_src comp="600" pin="2"/><net_sink comp="605" pin=0"/></net>

<net id="610"><net_src comp="42" pin="0"/><net_sink comp="605" pin=1"/></net>

<net id="615"><net_src comp="579" pin="2"/><net_sink comp="611" pin=0"/></net>

<net id="616"><net_src comp="605" pin="2"/><net_sink comp="611" pin=1"/></net>

<net id="622"><net_src comp="68" pin="0"/><net_sink comp="617" pin=0"/></net>

<net id="623"><net_src comp="564" pin="2"/><net_sink comp="617" pin=1"/></net>

<net id="624"><net_src comp="60" pin="0"/><net_sink comp="617" pin=2"/></net>

<net id="629"><net_src comp="617" pin="3"/><net_sink comp="625" pin=0"/></net>

<net id="630"><net_src comp="50" pin="0"/><net_sink comp="625" pin=1"/></net>

<net id="635"><net_src comp="70" pin="0"/><net_sink comp="631" pin=1"/></net>

<net id="641"><net_src comp="72" pin="0"/><net_sink comp="636" pin=0"/></net>

<net id="642"><net_src comp="631" pin="2"/><net_sink comp="636" pin=2"/></net>

<net id="647"><net_src comp="636" pin="3"/><net_sink comp="643" pin=0"/></net>

<net id="648"><net_src comp="625" pin="2"/><net_sink comp="643" pin=1"/></net>

<net id="653"><net_src comp="643" pin="2"/><net_sink comp="649" pin=0"/></net>

<net id="654"><net_src comp="611" pin="2"/><net_sink comp="649" pin=1"/></net>

<net id="660"><net_src comp="74" pin="0"/><net_sink comp="655" pin=0"/></net>

<net id="661"><net_src comp="76" pin="0"/><net_sink comp="655" pin=1"/></net>

<net id="662"><net_src comp="649" pin="2"/><net_sink comp="655" pin=2"/></net>

<net id="667"><net_src comp="564" pin="2"/><net_sink comp="663" pin=0"/></net>

<net id="668"><net_src comp="46" pin="0"/><net_sink comp="663" pin=1"/></net>

<net id="676"><net_src comp="78" pin="0"/><net_sink comp="672" pin=1"/></net>

<net id="680"><net_src comp="672" pin="2"/><net_sink comp="677" pin=0"/></net>

<net id="685"><net_src comp="669" pin="1"/><net_sink comp="681" pin=0"/></net>

<net id="686"><net_src comp="677" pin="1"/><net_sink comp="681" pin=1"/></net>

<net id="691"><net_src comp="80" pin="0"/><net_sink comp="687" pin=0"/></net>

<net id="695"><net_src comp="687" pin="2"/><net_sink comp="692" pin=0"/></net>

<net id="700"><net_src comp="669" pin="1"/><net_sink comp="696" pin=0"/></net>

<net id="701"><net_src comp="692" pin="1"/><net_sink comp="696" pin=1"/></net>

<net id="707"><net_src comp="681" pin="2"/><net_sink comp="702" pin=1"/></net>

<net id="708"><net_src comp="696" pin="2"/><net_sink comp="702" pin=2"/></net>

<net id="716"><net_src comp="702" pin="3"/><net_sink comp="712" pin=0"/></net>

<net id="717"><net_src comp="709" pin="1"/><net_sink comp="712" pin=1"/></net>

<net id="724"><net_src comp="82" pin="0"/><net_sink comp="718" pin=0"/></net>

<net id="725"><net_src comp="712" pin="2"/><net_sink comp="718" pin=1"/></net>

<net id="726"><net_src comp="12" pin="0"/><net_sink comp="718" pin=2"/></net>

<net id="727"><net_src comp="84" pin="0"/><net_sink comp="718" pin=3"/></net>

<net id="733"><net_src comp="86" pin="0"/><net_sink comp="728" pin=0"/></net>

<net id="734"><net_src comp="712" pin="2"/><net_sink comp="728" pin=1"/></net>

<net id="735"><net_src comp="80" pin="0"/><net_sink comp="728" pin=2"/></net>

<net id="744"><net_src comp="88" pin="0"/><net_sink comp="739" pin=1"/></net>

<net id="745"><net_src comp="90" pin="0"/><net_sink comp="739" pin=2"/></net>

<net id="750"><net_src comp="92" pin="0"/><net_sink comp="746" pin=0"/></net>

<net id="755"><net_src comp="746" pin="2"/><net_sink comp="751" pin=0"/></net>

<net id="756"><net_src comp="739" pin="3"/><net_sink comp="751" pin=1"/></net>

<net id="762"><net_src comp="94" pin="0"/><net_sink comp="757" pin=0"/></net>

<net id="763"><net_src comp="50" pin="0"/><net_sink comp="757" pin=1"/></net>

<net id="764"><net_src comp="751" pin="2"/><net_sink comp="757" pin=2"/></net>

<net id="772"><net_src comp="96" pin="0"/><net_sink comp="765" pin=0"/></net>

<net id="773"><net_src comp="736" pin="1"/><net_sink comp="765" pin=1"/></net>

<net id="774"><net_src comp="757" pin="3"/><net_sink comp="765" pin=2"/></net>

<net id="775"><net_src comp="98" pin="0"/><net_sink comp="765" pin=3"/></net>

<net id="776"><net_src comp="60" pin="0"/><net_sink comp="765" pin=4"/></net>

<net id="780"><net_src comp="765" pin="5"/><net_sink comp="777" pin=0"/></net>

<net id="784"><net_src comp="781" pin="1"/><net_sink comp="375" pin=1"/></net>

<net id="788"><net_src comp="372" pin="1"/><net_sink comp="785" pin=0"/></net>

<net id="792"><net_src comp="785" pin="1"/><net_sink comp="789" pin=0"/></net>

<net id="798"><net_src comp="86" pin="0"/><net_sink comp="793" pin=0"/></net>

<net id="799"><net_src comp="785" pin="1"/><net_sink comp="793" pin=1"/></net>

<net id="800"><net_src comp="84" pin="0"/><net_sink comp="793" pin=2"/></net>

<net id="807"><net_src comp="102" pin="0"/><net_sink comp="801" pin=0"/></net>

<net id="808"><net_src comp="785" pin="1"/><net_sink comp="801" pin=1"/></net>

<net id="809"><net_src comp="104" pin="0"/><net_sink comp="801" pin=2"/></net>

<net id="810"><net_src comp="106" pin="0"/><net_sink comp="801" pin=3"/></net>

<net id="814"><net_src comp="785" pin="1"/><net_sink comp="811" pin=0"/></net>

<net id="819"><net_src comp="789" pin="1"/><net_sink comp="815" pin=0"/></net>

<net id="820"><net_src comp="108" pin="0"/><net_sink comp="815" pin=1"/></net>

<net id="825"><net_src comp="50" pin="0"/><net_sink comp="821" pin=1"/></net>

<net id="834"><net_src comp="110" pin="0"/><net_sink comp="829" pin=0"/></net>

<net id="835"><net_src comp="50" pin="0"/><net_sink comp="829" pin=1"/></net>

<net id="839"><net_src comp="829" pin="3"/><net_sink comp="836" pin=0"/></net>

<net id="844"><net_src comp="112" pin="0"/><net_sink comp="840" pin=0"/></net>

<net id="845"><net_src comp="836" pin="1"/><net_sink comp="840" pin=1"/></net>

<net id="851"><net_src comp="840" pin="2"/><net_sink comp="846" pin=1"/></net>

<net id="852"><net_src comp="836" pin="1"/><net_sink comp="846" pin=2"/></net>

<net id="857"><net_src comp="114" pin="0"/><net_sink comp="853" pin=0"/></net>

<net id="858"><net_src comp="826" pin="1"/><net_sink comp="853" pin=1"/></net>

<net id="863"><net_src comp="853" pin="2"/><net_sink comp="859" pin=0"/></net>

<net id="864"><net_src comp="116" pin="0"/><net_sink comp="859" pin=1"/></net>

<net id="869"><net_src comp="853" pin="2"/><net_sink comp="865" pin=0"/></net>

<net id="870"><net_src comp="118" pin="0"/><net_sink comp="865" pin=1"/></net>

<net id="875"><net_src comp="116" pin="0"/><net_sink comp="871" pin=0"/></net>

<net id="876"><net_src comp="853" pin="2"/><net_sink comp="871" pin=1"/></net>

<net id="882"><net_src comp="859" pin="2"/><net_sink comp="877" pin=0"/></net>

<net id="883"><net_src comp="865" pin="2"/><net_sink comp="877" pin=1"/></net>

<net id="884"><net_src comp="871" pin="2"/><net_sink comp="877" pin=2"/></net>

<net id="889"><net_src comp="853" pin="2"/><net_sink comp="885" pin=0"/></net>

<net id="890"><net_src comp="116" pin="0"/><net_sink comp="885" pin=1"/></net>

<net id="894"><net_src comp="846" pin="3"/><net_sink comp="891" pin=0"/></net>

<net id="901"><net_src comp="120" pin="0"/><net_sink comp="895" pin=0"/></net>

<net id="902"><net_src comp="877" pin="3"/><net_sink comp="895" pin=1"/></net>

<net id="903"><net_src comp="122" pin="0"/><net_sink comp="895" pin=2"/></net>

<net id="904"><net_src comp="124" pin="0"/><net_sink comp="895" pin=3"/></net>

<net id="909"><net_src comp="895" pin="4"/><net_sink comp="905" pin=0"/></net>

<net id="910"><net_src comp="16" pin="0"/><net_sink comp="905" pin=1"/></net>

<net id="915"><net_src comp="821" pin="2"/><net_sink comp="911" pin=1"/></net>

<net id="920"><net_src comp="911" pin="2"/><net_sink comp="916" pin=0"/></net>

<net id="921"><net_src comp="885" pin="2"/><net_sink comp="916" pin=1"/></net>

<net id="926"><net_src comp="916" pin="2"/><net_sink comp="922" pin=0"/></net>

<net id="927"><net_src comp="50" pin="0"/><net_sink comp="922" pin=1"/></net>

<net id="932"><net_src comp="859" pin="2"/><net_sink comp="928" pin=0"/></net>

<net id="933"><net_src comp="922" pin="2"/><net_sink comp="928" pin=1"/></net>

<net id="938"><net_src comp="126" pin="0"/><net_sink comp="934" pin=1"/></net>

<net id="946"><net_src comp="128" pin="0"/><net_sink comp="942" pin=1"/></net>

<net id="950"><net_src comp="939" pin="1"/><net_sink comp="947" pin=0"/></net>

<net id="955"><net_src comp="947" pin="1"/><net_sink comp="951" pin=1"/></net>

<net id="961"><net_src comp="951" pin="2"/><net_sink comp="956" pin=1"/></net>

<net id="962"><net_src comp="42" pin="0"/><net_sink comp="956" pin=2"/></net>

<net id="968"><net_src comp="956" pin="3"/><net_sink comp="963" pin=1"/></net>

<net id="969"><net_src comp="934" pin="2"/><net_sink comp="963" pin=2"/></net>

<net id="974"><net_src comp="50" pin="0"/><net_sink comp="970" pin=1"/></net>

<net id="979"><net_src comp="970" pin="2"/><net_sink comp="975" pin=1"/></net>

<net id="984"><net_src comp="975" pin="2"/><net_sink comp="980" pin=1"/></net>

<net id="990"><net_src comp="980" pin="2"/><net_sink comp="985" pin=0"/></net>

<net id="991"><net_src comp="963" pin="3"/><net_sink comp="985" pin=2"/></net>

<net id="999"><net_src comp="992" pin="1"/><net_sink comp="995" pin=1"/></net>

<net id="1003"><net_src comp="995" pin="2"/><net_sink comp="1000" pin=0"/></net>

<net id="1012"><net_src comp="68" pin="0"/><net_sink comp="1007" pin=0"/></net>

<net id="1013"><net_src comp="1004" pin="1"/><net_sink comp="1007" pin=1"/></net>

<net id="1014"><net_src comp="60" pin="0"/><net_sink comp="1007" pin=2"/></net>

<net id="1020"><net_src comp="1007" pin="3"/><net_sink comp="1015" pin=0"/></net>

<net id="1021"><net_src comp="66" pin="0"/><net_sink comp="1015" pin=1"/></net>

<net id="1022"><net_src comp="42" pin="0"/><net_sink comp="1015" pin=2"/></net>

<net id="1028"><net_src comp="1000" pin="1"/><net_sink comp="1023" pin=1"/></net>

<net id="1029"><net_src comp="1015" pin="3"/><net_sink comp="1023" pin=2"/></net>

<net id="1035"><net_src comp="1023" pin="3"/><net_sink comp="1030" pin=1"/></net>

<net id="1045"><net_src comp="1036" pin="2"/><net_sink comp="1040" pin=0"/></net>

<net id="1046"><net_src comp="42" pin="0"/><net_sink comp="1040" pin=1"/></net>

<net id="1047"><net_src comp="1030" pin="3"/><net_sink comp="1040" pin=2"/></net>

<net id="1051"><net_src comp="1048" pin="1"/><net_sink comp="248" pin=2"/></net>

<net id="1052"><net_src comp="1048" pin="1"/><net_sink comp="254" pin=2"/></net>

<net id="1056"><net_src comp="1053" pin="1"/><net_sink comp="266" pin=1"/></net>

<net id="1064"><net_src comp="1057" pin="1"/><net_sink comp="1060" pin=0"/></net>

<net id="1065"><net_src comp="28" pin="0"/><net_sink comp="1060" pin=1"/></net>

<net id="1070"><net_src comp="1057" pin="1"/><net_sink comp="1066" pin=0"/></net>

<net id="1071"><net_src comp="36" pin="0"/><net_sink comp="1066" pin=1"/></net>

<net id="1075"><net_src comp="1057" pin="1"/><net_sink comp="1072" pin=0"/></net>

<net id="1076"><net_src comp="1072" pin="1"/><net_sink comp="330" pin=1"/></net>

<net id="1081"><net_src comp="1066" pin="2"/><net_sink comp="1077" pin=0"/></net>

<net id="1086"><net_src comp="18" pin="0"/><net_sink comp="1082" pin=0"/></net>

<net id="1090"><net_src comp="1087" pin="1"/><net_sink comp="272" pin=2"/></net>

<net id="1100"><net_src comp="148" pin="0"/><net_sink comp="1094" pin=0"/></net>

<net id="1101"><net_src comp="1091" pin="1"/><net_sink comp="1094" pin=1"/></net>

<net id="1102"><net_src comp="122" pin="0"/><net_sink comp="1094" pin=2"/></net>

<net id="1103"><net_src comp="150" pin="0"/><net_sink comp="1094" pin=3"/></net>

<net id="1104"><net_src comp="1094" pin="4"/><net_sink comp="278" pin=1"/></net>

<net id="1112"><net_src comp="1105" pin="1"/><net_sink comp="1108" pin=0"/></net>

<net id="1113"><net_src comp="152" pin="0"/><net_sink comp="1108" pin=1"/></net>

<net id="1118"><net_src comp="1105" pin="1"/><net_sink comp="1114" pin=0"/></net>

<net id="1119"><net_src comp="26" pin="0"/><net_sink comp="1114" pin=1"/></net>

<net id="1125"><net_src comp="32" pin="0"/><net_sink comp="1120" pin=0"/></net>

<net id="1126"><net_src comp="1105" pin="1"/><net_sink comp="1120" pin=1"/></net>

<net id="1127"><net_src comp="18" pin="0"/><net_sink comp="1120" pin=2"/></net>

<net id="1128"><net_src comp="1120" pin="3"/><net_sink comp="338" pin=1"/></net>

<net id="1136"><net_src comp="1129" pin="1"/><net_sink comp="1132" pin=0"/></net>

<net id="1137"><net_src comp="158" pin="0"/><net_sink comp="1132" pin=1"/></net>

<net id="1143"><net_src comp="160" pin="0"/><net_sink comp="1138" pin=0"/></net>

<net id="1144"><net_src comp="1129" pin="1"/><net_sink comp="1138" pin=1"/></net>

<net id="1145"><net_src comp="98" pin="0"/><net_sink comp="1138" pin=2"/></net>

<net id="1150"><net_src comp="158" pin="0"/><net_sink comp="1146" pin=0"/></net>

<net id="1151"><net_src comp="1129" pin="1"/><net_sink comp="1146" pin=1"/></net>

<net id="1157"><net_src comp="1138" pin="3"/><net_sink comp="1152" pin=0"/></net>

<net id="1158"><net_src comp="1146" pin="2"/><net_sink comp="1152" pin=1"/></net>

<net id="1159"><net_src comp="1129" pin="1"/><net_sink comp="1152" pin=2"/></net>

<net id="1166"><net_src comp="162" pin="0"/><net_sink comp="1160" pin=0"/></net>

<net id="1167"><net_src comp="1152" pin="3"/><net_sink comp="1160" pin=1"/></net>

<net id="1168"><net_src comp="98" pin="0"/><net_sink comp="1160" pin=2"/></net>

<net id="1169"><net_src comp="46" pin="0"/><net_sink comp="1160" pin=3"/></net>

<net id="1175"><net_src comp="164" pin="0"/><net_sink comp="1170" pin=0"/></net>

<net id="1176"><net_src comp="50" pin="0"/><net_sink comp="1170" pin=1"/></net>

<net id="1177"><net_src comp="1160" pin="4"/><net_sink comp="1170" pin=2"/></net>

<net id="1181"><net_src comp="1170" pin="3"/><net_sink comp="1178" pin=0"/></net>

<net id="1187"><net_src comp="52" pin="0"/><net_sink comp="1182" pin=0"/></net>

<net id="1188"><net_src comp="1178" pin="1"/><net_sink comp="1182" pin=1"/></net>

<net id="1189"><net_src comp="50" pin="0"/><net_sink comp="1182" pin=2"/></net>

<net id="1194"><net_src comp="166" pin="0"/><net_sink comp="1190" pin=0"/></net>

<net id="1195"><net_src comp="1182" pin="3"/><net_sink comp="1190" pin=1"/></net>

<net id="1199"><net_src comp="1190" pin="2"/><net_sink comp="1196" pin=0"/></net>

<net id="1203"><net_src comp="1190" pin="2"/><net_sink comp="1200" pin=0"/></net>

<net id="1207"><net_src comp="1182" pin="3"/><net_sink comp="1204" pin=0"/></net>

<net id="1212"><net_src comp="56" pin="0"/><net_sink comp="1208" pin=1"/></net>

<net id="1219"><net_src comp="58" pin="0"/><net_sink comp="1213" pin=0"/></net>

<net id="1220"><net_src comp="1208" pin="2"/><net_sink comp="1213" pin=1"/></net>

<net id="1221"><net_src comp="12" pin="0"/><net_sink comp="1213" pin=2"/></net>

<net id="1222"><net_src comp="60" pin="0"/><net_sink comp="1213" pin=3"/></net>

<net id="1227"><net_src comp="1213" pin="4"/><net_sink comp="1223" pin=0"/></net>

<net id="1228"><net_src comp="62" pin="0"/><net_sink comp="1223" pin=1"/></net>

<net id="1233"><net_src comp="168" pin="0"/><net_sink comp="1229" pin=0"/></net>

<net id="1237"><net_src comp="1229" pin="2"/><net_sink comp="1234" pin=0"/></net>

<net id="1242"><net_src comp="170" pin="0"/><net_sink comp="1238" pin=0"/></net>

<net id="1243"><net_src comp="1234" pin="1"/><net_sink comp="1238" pin=1"/></net>

<net id="1248"><net_src comp="1238" pin="2"/><net_sink comp="1244" pin=1"/></net>

<net id="1253"><net_src comp="1244" pin="2"/><net_sink comp="1249" pin=0"/></net>

<net id="1254"><net_src comp="158" pin="0"/><net_sink comp="1249" pin=1"/></net>

<net id="1259"><net_src comp="1223" pin="2"/><net_sink comp="1255" pin=0"/></net>

<net id="1260"><net_src comp="1249" pin="2"/><net_sink comp="1255" pin=1"/></net>

<net id="1266"><net_src comp="68" pin="0"/><net_sink comp="1261" pin=0"/></net>

<net id="1267"><net_src comp="1208" pin="2"/><net_sink comp="1261" pin=1"/></net>

<net id="1268"><net_src comp="60" pin="0"/><net_sink comp="1261" pin=2"/></net>

<net id="1273"><net_src comp="1261" pin="3"/><net_sink comp="1269" pin=0"/></net>

<net id="1274"><net_src comp="50" pin="0"/><net_sink comp="1269" pin=1"/></net>

<net id="1279"><net_src comp="172" pin="0"/><net_sink comp="1275" pin=1"/></net>

<net id="1285"><net_src comp="174" pin="0"/><net_sink comp="1280" pin=0"/></net>

<net id="1286"><net_src comp="1275" pin="2"/><net_sink comp="1280" pin=2"/></net>

<net id="1291"><net_src comp="1280" pin="3"/><net_sink comp="1287" pin=0"/></net>

<net id="1292"><net_src comp="1269" pin="2"/><net_sink comp="1287" pin=1"/></net>

<net id="1297"><net_src comp="1287" pin="2"/><net_sink comp="1293" pin=0"/></net>

<net id="1298"><net_src comp="1255" pin="2"/><net_sink comp="1293" pin=1"/></net>

<net id="1304"><net_src comp="74" pin="0"/><net_sink comp="1299" pin=0"/></net>

<net id="1305"><net_src comp="76" pin="0"/><net_sink comp="1299" pin=1"/></net>

<net id="1306"><net_src comp="1293" pin="2"/><net_sink comp="1299" pin=2"/></net>

<net id="1311"><net_src comp="1208" pin="2"/><net_sink comp="1307" pin=0"/></net>

<net id="1312"><net_src comp="46" pin="0"/><net_sink comp="1307" pin=1"/></net>

<net id="1320"><net_src comp="78" pin="0"/><net_sink comp="1316" pin=1"/></net>

<net id="1324"><net_src comp="1316" pin="2"/><net_sink comp="1321" pin=0"/></net>

<net id="1329"><net_src comp="1313" pin="1"/><net_sink comp="1325" pin=0"/></net>

<net id="1330"><net_src comp="1321" pin="1"/><net_sink comp="1325" pin=1"/></net>

<net id="1335"><net_src comp="80" pin="0"/><net_sink comp="1331" pin=0"/></net>

<net id="1339"><net_src comp="1331" pin="2"/><net_sink comp="1336" pin=0"/></net>

<net id="1344"><net_src comp="1313" pin="1"/><net_sink comp="1340" pin=0"/></net>

<net id="1345"><net_src comp="1336" pin="1"/><net_sink comp="1340" pin=1"/></net>

<net id="1351"><net_src comp="1325" pin="2"/><net_sink comp="1346" pin=1"/></net>

<net id="1352"><net_src comp="1340" pin="2"/><net_sink comp="1346" pin=2"/></net>

<net id="1360"><net_src comp="1346" pin="3"/><net_sink comp="1356" pin=0"/></net>

<net id="1361"><net_src comp="1353" pin="1"/><net_sink comp="1356" pin=1"/></net>

<net id="1368"><net_src comp="82" pin="0"/><net_sink comp="1362" pin=0"/></net>

<net id="1369"><net_src comp="1356" pin="2"/><net_sink comp="1362" pin=1"/></net>

<net id="1370"><net_src comp="12" pin="0"/><net_sink comp="1362" pin=2"/></net>

<net id="1371"><net_src comp="84" pin="0"/><net_sink comp="1362" pin=3"/></net>

<net id="1377"><net_src comp="86" pin="0"/><net_sink comp="1372" pin=0"/></net>

<net id="1378"><net_src comp="1356" pin="2"/><net_sink comp="1372" pin=1"/></net>

<net id="1379"><net_src comp="80" pin="0"/><net_sink comp="1372" pin=2"/></net>

<net id="1388"><net_src comp="88" pin="0"/><net_sink comp="1383" pin=1"/></net>

<net id="1389"><net_src comp="90" pin="0"/><net_sink comp="1383" pin=2"/></net>

<net id="1394"><net_src comp="176" pin="0"/><net_sink comp="1390" pin=0"/></net>

<net id="1399"><net_src comp="1390" pin="2"/><net_sink comp="1395" pin=0"/></net>

<net id="1400"><net_src comp="1383" pin="3"/><net_sink comp="1395" pin=1"/></net>

<net id="1406"><net_src comp="94" pin="0"/><net_sink comp="1401" pin=0"/></net>

<net id="1407"><net_src comp="1395" pin="2"/><net_sink comp="1401" pin=2"/></net>

<net id="1415"><net_src comp="96" pin="0"/><net_sink comp="1408" pin=0"/></net>

<net id="1416"><net_src comp="1380" pin="1"/><net_sink comp="1408" pin=1"/></net>

<net id="1417"><net_src comp="1401" pin="3"/><net_sink comp="1408" pin=2"/></net>

<net id="1418"><net_src comp="98" pin="0"/><net_sink comp="1408" pin=3"/></net>

<net id="1419"><net_src comp="60" pin="0"/><net_sink comp="1408" pin=4"/></net>

<net id="1423"><net_src comp="1408" pin="5"/><net_sink comp="1420" pin=0"/></net>

<net id="1427"><net_src comp="1420" pin="1"/><net_sink comp="1424" pin=0"/></net>

<net id="1433"><net_src comp="178" pin="0"/><net_sink comp="1428" pin=1"/></net>

<net id="1434"><net_src comp="1424" pin="1"/><net_sink comp="1428" pin=2"/></net>

<net id="1438"><net_src comp="372" pin="1"/><net_sink comp="1435" pin=0"/></net>

<net id="1442"><net_src comp="1435" pin="1"/><net_sink comp="1439" pin=0"/></net>

<net id="1448"><net_src comp="86" pin="0"/><net_sink comp="1443" pin=0"/></net>

<net id="1449"><net_src comp="1435" pin="1"/><net_sink comp="1443" pin=1"/></net>

<net id="1450"><net_src comp="84" pin="0"/><net_sink comp="1443" pin=2"/></net>

<net id="1457"><net_src comp="102" pin="0"/><net_sink comp="1451" pin=0"/></net>

<net id="1458"><net_src comp="1435" pin="1"/><net_sink comp="1451" pin=1"/></net>

<net id="1459"><net_src comp="104" pin="0"/><net_sink comp="1451" pin=2"/></net>

<net id="1460"><net_src comp="106" pin="0"/><net_sink comp="1451" pin=3"/></net>

<net id="1464"><net_src comp="1435" pin="1"/><net_sink comp="1461" pin=0"/></net>

<net id="1469"><net_src comp="1439" pin="1"/><net_sink comp="1465" pin=0"/></net>

<net id="1470"><net_src comp="108" pin="0"/><net_sink comp="1465" pin=1"/></net>

<net id="1479"><net_src comp="110" pin="0"/><net_sink comp="1474" pin=0"/></net>

<net id="1480"><net_src comp="50" pin="0"/><net_sink comp="1474" pin=1"/></net>

<net id="1484"><net_src comp="1474" pin="3"/><net_sink comp="1481" pin=0"/></net>

<net id="1489"><net_src comp="112" pin="0"/><net_sink comp="1485" pin=0"/></net>

<net id="1490"><net_src comp="1481" pin="1"/><net_sink comp="1485" pin=1"/></net>

<net id="1496"><net_src comp="1485" pin="2"/><net_sink comp="1491" pin=1"/></net>

<net id="1497"><net_src comp="1481" pin="1"/><net_sink comp="1491" pin=2"/></net>

<net id="1502"><net_src comp="114" pin="0"/><net_sink comp="1498" pin=0"/></net>

<net id="1503"><net_src comp="1471" pin="1"/><net_sink comp="1498" pin=1"/></net>

<net id="1508"><net_src comp="1498" pin="2"/><net_sink comp="1504" pin=0"/></net>

<net id="1509"><net_src comp="116" pin="0"/><net_sink comp="1504" pin=1"/></net>

<net id="1514"><net_src comp="1498" pin="2"/><net_sink comp="1510" pin=0"/></net>

<net id="1515"><net_src comp="118" pin="0"/><net_sink comp="1510" pin=1"/></net>

<net id="1520"><net_src comp="116" pin="0"/><net_sink comp="1516" pin=0"/></net>

<net id="1521"><net_src comp="1498" pin="2"/><net_sink comp="1516" pin=1"/></net>

<net id="1527"><net_src comp="1504" pin="2"/><net_sink comp="1522" pin=0"/></net>

<net id="1528"><net_src comp="1510" pin="2"/><net_sink comp="1522" pin=1"/></net>

<net id="1529"><net_src comp="1516" pin="2"/><net_sink comp="1522" pin=2"/></net>

<net id="1534"><net_src comp="1498" pin="2"/><net_sink comp="1530" pin=0"/></net>

<net id="1535"><net_src comp="116" pin="0"/><net_sink comp="1530" pin=1"/></net>

<net id="1539"><net_src comp="1491" pin="3"/><net_sink comp="1536" pin=0"/></net>

<net id="1546"><net_src comp="120" pin="0"/><net_sink comp="1540" pin=0"/></net>

<net id="1547"><net_src comp="1522" pin="3"/><net_sink comp="1540" pin=1"/></net>

<net id="1548"><net_src comp="122" pin="0"/><net_sink comp="1540" pin=2"/></net>

<net id="1549"><net_src comp="124" pin="0"/><net_sink comp="1540" pin=3"/></net>

<net id="1554"><net_src comp="1540" pin="4"/><net_sink comp="1550" pin=0"/></net>

<net id="1555"><net_src comp="16" pin="0"/><net_sink comp="1550" pin=1"/></net>

<net id="1560"><net_src comp="1530" pin="2"/><net_sink comp="1556" pin=1"/></net>

<net id="1565"><net_src comp="1556" pin="2"/><net_sink comp="1561" pin=0"/></net>

<net id="1566"><net_src comp="50" pin="0"/><net_sink comp="1561" pin=1"/></net>

<net id="1571"><net_src comp="1504" pin="2"/><net_sink comp="1567" pin=0"/></net>

<net id="1572"><net_src comp="1561" pin="2"/><net_sink comp="1567" pin=1"/></net>

<net id="1580"><net_src comp="128" pin="0"/><net_sink comp="1576" pin=1"/></net>

<net id="1584"><net_src comp="1573" pin="1"/><net_sink comp="1581" pin=0"/></net>

<net id="1589"><net_src comp="1581" pin="1"/><net_sink comp="1585" pin=1"/></net>

<net id="1595"><net_src comp="1585" pin="2"/><net_sink comp="1590" pin=1"/></net>

<net id="1596"><net_src comp="42" pin="0"/><net_sink comp="1590" pin=2"/></net>

<net id="1601"><net_src comp="50" pin="0"/><net_sink comp="1597" pin=1"/></net>

<net id="1606"><net_src comp="1597" pin="2"/><net_sink comp="1602" pin=1"/></net>

<net id="1612"><net_src comp="1602" pin="2"/><net_sink comp="1607" pin=0"/></net>

<net id="1613"><net_src comp="1590" pin="3"/><net_sink comp="1607" pin=2"/></net>

<net id="1621"><net_src comp="1614" pin="1"/><net_sink comp="1617" pin=1"/></net>

<net id="1625"><net_src comp="1617" pin="2"/><net_sink comp="1622" pin=0"/></net>

<net id="1634"><net_src comp="68" pin="0"/><net_sink comp="1629" pin=0"/></net>

<net id="1635"><net_src comp="1626" pin="1"/><net_sink comp="1629" pin=1"/></net>

<net id="1636"><net_src comp="60" pin="0"/><net_sink comp="1629" pin=2"/></net>

<net id="1642"><net_src comp="1629" pin="3"/><net_sink comp="1637" pin=0"/></net>

<net id="1643"><net_src comp="66" pin="0"/><net_sink comp="1637" pin=1"/></net>

<net id="1644"><net_src comp="42" pin="0"/><net_sink comp="1637" pin=2"/></net>

<net id="1650"><net_src comp="1622" pin="1"/><net_sink comp="1645" pin=1"/></net>

<net id="1651"><net_src comp="1637" pin="3"/><net_sink comp="1645" pin=2"/></net>

<net id="1657"><net_src comp="1645" pin="3"/><net_sink comp="1652" pin=1"/></net>

<net id="1663"><net_src comp="42" pin="0"/><net_sink comp="1658" pin=1"/></net>

<net id="1664"><net_src comp="1652" pin="3"/><net_sink comp="1658" pin=2"/></net>

<net id="1665"><net_src comp="1658" pin="3"/><net_sink comp="346" pin=4"/></net>

<net id="1670"><net_src comp="301" pin="4"/><net_sink comp="1666" pin=0"/></net>

<net id="1671"><net_src comp="28" pin="0"/><net_sink comp="1666" pin=1"/></net>

<net id="1676"><net_src comp="301" pin="4"/><net_sink comp="1672" pin=0"/></net>

<net id="1677"><net_src comp="36" pin="0"/><net_sink comp="1672" pin=1"/></net>

<net id="1681"><net_src comp="301" pin="4"/><net_sink comp="1678" pin=0"/></net>

<net id="1682"><net_src comp="1678" pin="1"/><net_sink comp="284" pin=2"/></net>

<net id="1686"><net_src comp="301" pin="4"/><net_sink comp="1683" pin=0"/></net>

<net id="1691"><net_src comp="1683" pin="1"/><net_sink comp="1687" pin=1"/></net>

<net id="1695"><net_src comp="301" pin="4"/><net_sink comp="1692" pin=0"/></net>

<net id="1705"><net_src comp="186" pin="0"/><net_sink comp="1700" pin=0"/></net>

<net id="1706"><net_src comp="18" pin="0"/><net_sink comp="1700" pin=2"/></net>

<net id="1707"><net_src comp="1700" pin="3"/><net_sink comp="355" pin=1"/></net>

<net id="1713"><net_src comp="32" pin="0"/><net_sink comp="1708" pin=0"/></net>

<net id="1714"><net_src comp="18" pin="0"/><net_sink comp="1708" pin=2"/></net>

<net id="1715"><net_src comp="1708" pin="3"/><net_sink comp="355" pin=4"/></net>

<net id="1719"><net_src comp="192" pin="1"/><net_sink comp="1716" pin=0"/></net>

<net id="1720"><net_src comp="1716" pin="1"/><net_sink comp="390" pin=1"/></net>

<net id="1721"><net_src comp="1716" pin="1"/><net_sink comp="410" pin=0"/></net>

<net id="1722"><net_src comp="1716" pin="1"/><net_sink comp="494" pin=1"/></net>

<net id="1726"><net_src comp="196" pin="1"/><net_sink comp="1723" pin=0"/></net>

<net id="1727"><net_src comp="1723" pin="1"/><net_sink comp="385" pin=1"/></net>

<net id="1728"><net_src comp="1723" pin="1"/><net_sink comp="413" pin=0"/></net>

<net id="1729"><net_src comp="1723" pin="1"/><net_sink comp="441" pin=1"/></net>

<net id="1733"><net_src comp="200" pin="1"/><net_sink comp="1730" pin=0"/></net>

<net id="1734"><net_src comp="1730" pin="1"/><net_sink comp="380" pin=1"/></net>

<net id="1735"><net_src comp="1730" pin="1"/><net_sink comp="395" pin=0"/></net>

<net id="1736"><net_src comp="1730" pin="1"/><net_sink comp="436" pin=1"/></net>

<net id="1740"><net_src comp="204" pin="1"/><net_sink comp="1737" pin=0"/></net>

<net id="1741"><net_src comp="1737" pin="1"/><net_sink comp="338" pin=4"/></net>

<net id="1742"><net_src comp="1737" pin="1"/><net_sink comp="1129" pin=0"/></net>

<net id="1746"><net_src comp="208" pin="1"/><net_sink comp="1743" pin=0"/></net>

<net id="1747"><net_src comp="1743" pin="1"/><net_sink comp="330" pin=3"/></net>

<net id="1748"><net_src comp="1743" pin="1"/><net_sink comp="1091" pin=0"/></net>

<net id="1752"><net_src comp="212" pin="1"/><net_sink comp="1749" pin=0"/></net>

<net id="1753"><net_src comp="1749" pin="1"/><net_sink comp="316" pin=5"/></net>

<net id="1754"><net_src comp="1749" pin="1"/><net_sink comp="1053" pin=0"/></net>

<net id="1758"><net_src comp="216" pin="1"/><net_sink comp="1755" pin=0"/></net>

<net id="1759"><net_src comp="1755" pin="1"/><net_sink comp="316" pin=4"/></net>

<net id="1760"><net_src comp="1755" pin="1"/><net_sink comp="499" pin=0"/></net>

<net id="1770"><net_src comp="422" pin="2"/><net_sink comp="1767" pin=0"/></net>

<net id="1771"><net_src comp="1767" pin="1"/><net_sink comp="451" pin=0"/></net>

<net id="1775"><net_src comp="428" pin="3"/><net_sink comp="1772" pin=0"/></net>

<net id="1776"><net_src comp="1772" pin="1"/><net_sink comp="457" pin=1"/></net>

<net id="1780"><net_src comp="240" pin="1"/><net_sink comp="1777" pin=0"/></net>

<net id="1781"><net_src comp="1777" pin="1"/><net_sink comp="446" pin=1"/></net>

<net id="1782"><net_src comp="1777" pin="1"/><net_sink comp="1057" pin=0"/></net>

<net id="1783"><net_src comp="1777" pin="1"/><net_sink comp="1077" pin=1"/></net>

<net id="1787"><net_src comp="457" pin="3"/><net_sink comp="1784" pin=0"/></net>

<net id="1788"><net_src comp="1784" pin="1"/><net_sink comp="316" pin=1"/></net>

<net id="1792"><net_src comp="469" pin="2"/><net_sink comp="1789" pin=0"/></net>

<net id="1793"><net_src comp="1789" pin="1"/><net_sink comp="1048" pin=0"/></net>

<net id="1797"><net_src comp="479" pin="3"/><net_sink comp="1794" pin=0"/></net>

<net id="1798"><net_src comp="1794" pin="1"/><net_sink comp="316" pin=3"/></net>

<net id="1805"><net_src comp="502" pin="3"/><net_sink comp="1802" pin=0"/></net>

<net id="1806"><net_src comp="1802" pin="1"/><net_sink comp="821" pin=0"/></net>

<net id="1807"><net_src comp="1802" pin="1"/><net_sink comp="963" pin=0"/></net>

<net id="1808"><net_src comp="1802" pin="1"/><net_sink comp="975" pin=0"/></net>

<net id="1809"><net_src comp="1802" pin="1"/><net_sink comp="1036" pin=1"/></net>

<net id="1813"><net_src comp="510" pin="2"/><net_sink comp="1810" pin=0"/></net>

<net id="1814"><net_src comp="1810" pin="1"/><net_sink comp="600" pin=1"/></net>

<net id="1815"><net_src comp="1810" pin="1"/><net_sink comp="636" pin=1"/></net>

<net id="1816"><net_src comp="1810" pin="1"/><net_sink comp="669" pin=0"/></net>

<net id="1820"><net_src comp="546" pin="2"/><net_sink comp="1817" pin=0"/></net>

<net id="1821"><net_src comp="1817" pin="1"/><net_sink comp="564" pin=0"/></net>

<net id="1822"><net_src comp="1817" pin="1"/><net_sink comp="672" pin=0"/></net>

<net id="1823"><net_src comp="1817" pin="1"/><net_sink comp="687" pin=1"/></net>

<net id="1827"><net_src comp="552" pin="1"/><net_sink comp="1824" pin=0"/></net>

<net id="1828"><net_src comp="1824" pin="1"/><net_sink comp="631" pin=0"/></net>

<net id="1832"><net_src comp="556" pin="1"/><net_sink comp="1829" pin=0"/></net>

<net id="1833"><net_src comp="1829" pin="1"/><net_sink comp="585" pin=1"/></net>

<net id="1837"><net_src comp="560" pin="1"/><net_sink comp="1834" pin=0"/></net>

<net id="1838"><net_src comp="1834" pin="1"/><net_sink comp="746" pin=1"/></net>

<net id="1842"><net_src comp="655" pin="3"/><net_sink comp="1839" pin=0"/></net>

<net id="1843"><net_src comp="1839" pin="1"/><net_sink comp="709" pin=0"/></net>

<net id="1847"><net_src comp="663" pin="2"/><net_sink comp="1844" pin=0"/></net>

<net id="1848"><net_src comp="1844" pin="1"/><net_sink comp="702" pin=0"/></net>

<net id="1852"><net_src comp="718" pin="4"/><net_sink comp="1849" pin=0"/></net>

<net id="1853"><net_src comp="1849" pin="1"/><net_sink comp="736" pin=0"/></net>

<net id="1857"><net_src comp="728" pin="3"/><net_sink comp="1854" pin=0"/></net>

<net id="1858"><net_src comp="1854" pin="1"/><net_sink comp="739" pin=0"/></net>

<net id="1862"><net_src comp="777" pin="1"/><net_sink comp="1859" pin=0"/></net>

<net id="1863"><net_src comp="1859" pin="1"/><net_sink comp="781" pin=0"/></net>

<net id="1867"><net_src comp="781" pin="1"/><net_sink comp="1864" pin=0"/></net>

<net id="1868"><net_src comp="1864" pin="1"/><net_sink comp="375" pin=1"/></net>

<net id="1872"><net_src comp="375" pin="2"/><net_sink comp="1869" pin=0"/></net>

<net id="1873"><net_src comp="1869" pin="1"/><net_sink comp="372" pin=0"/></net>

<net id="1874"><net_src comp="1869" pin="1"/><net_sink comp="1004" pin=0"/></net>

<net id="1878"><net_src comp="793" pin="3"/><net_sink comp="1875" pin=0"/></net>

<net id="1879"><net_src comp="1875" pin="1"/><net_sink comp="846" pin=0"/></net>

<net id="1883"><net_src comp="801" pin="4"/><net_sink comp="1880" pin=0"/></net>

<net id="1884"><net_src comp="1880" pin="1"/><net_sink comp="826" pin=0"/></net>

<net id="1888"><net_src comp="811" pin="1"/><net_sink comp="1885" pin=0"/></net>

<net id="1889"><net_src comp="1885" pin="1"/><net_sink comp="829" pin=2"/></net>

<net id="1893"><net_src comp="815" pin="2"/><net_sink comp="1890" pin=0"/></net>

<net id="1894"><net_src comp="1890" pin="1"/><net_sink comp="911" pin=0"/></net>

<net id="1895"><net_src comp="1890" pin="1"/><net_sink comp="970" pin=0"/></net>

<net id="1896"><net_src comp="1890" pin="1"/><net_sink comp="1036" pin=0"/></net>

<net id="1900"><net_src comp="846" pin="3"/><net_sink comp="1897" pin=0"/></net>

<net id="1901"><net_src comp="1897" pin="1"/><net_sink comp="995" pin=0"/></net>

<net id="1905"><net_src comp="877" pin="3"/><net_sink comp="1902" pin=0"/></net>

<net id="1906"><net_src comp="1902" pin="1"/><net_sink comp="939" pin=0"/></net>

<net id="1907"><net_src comp="1902" pin="1"/><net_sink comp="942" pin=0"/></net>

<net id="1911"><net_src comp="885" pin="2"/><net_sink comp="1908" pin=0"/></net>

<net id="1912"><net_src comp="1908" pin="1"/><net_sink comp="980" pin=0"/></net>

<net id="1916"><net_src comp="891" pin="1"/><net_sink comp="1913" pin=0"/></net>

<net id="1917"><net_src comp="1913" pin="1"/><net_sink comp="951" pin=0"/></net>

<net id="1918"><net_src comp="1913" pin="1"/><net_sink comp="985" pin=1"/></net>

<net id="1922"><net_src comp="905" pin="2"/><net_sink comp="1919" pin=0"/></net>

<net id="1923"><net_src comp="1919" pin="1"/><net_sink comp="956" pin=0"/></net>

<net id="1927"><net_src comp="928" pin="2"/><net_sink comp="1924" pin=0"/></net>

<net id="1928"><net_src comp="1924" pin="1"/><net_sink comp="1030" pin=0"/></net>

<net id="1932"><net_src comp="939" pin="1"/><net_sink comp="1929" pin=0"/></net>

<net id="1933"><net_src comp="1929" pin="1"/><net_sink comp="992" pin=0"/></net>

<net id="1937"><net_src comp="942" pin="2"/><net_sink comp="1934" pin=0"/></net>

<net id="1938"><net_src comp="1934" pin="1"/><net_sink comp="1023" pin=0"/></net>

<net id="1942"><net_src comp="985" pin="3"/><net_sink comp="1939" pin=0"/></net>

<net id="1943"><net_src comp="1939" pin="1"/><net_sink comp="1030" pin=2"/></net>

<net id="1947"><net_src comp="1040" pin="3"/><net_sink comp="1944" pin=0"/></net>

<net id="1948"><net_src comp="1944" pin="1"/><net_sink comp="260" pin=1"/></net>

<net id="1952"><net_src comp="1057" pin="1"/><net_sink comp="1949" pin=0"/></net>

<net id="1953"><net_src comp="1949" pin="1"/><net_sink comp="1087" pin=0"/></net>

<net id="1960"><net_src comp="1072" pin="1"/><net_sink comp="1957" pin=0"/></net>

<net id="1961"><net_src comp="1957" pin="1"/><net_sink comp="330" pin=1"/></net>

<net id="1965"><net_src comp="244" pin="1"/><net_sink comp="1962" pin=0"/></net>

<net id="1966"><net_src comp="1962" pin="1"/><net_sink comp="1082" pin=1"/></net>

<net id="1967"><net_src comp="1962" pin="1"/><net_sink comp="1105" pin=0"/></net>

<net id="1968"><net_src comp="1962" pin="1"/><net_sink comp="1696" pin=1"/></net>

<net id="1975"><net_src comp="1114" pin="2"/><net_sink comp="1972" pin=0"/></net>

<net id="1976"><net_src comp="1972" pin="1"/><net_sink comp="1696" pin=0"/></net>

<net id="1980"><net_src comp="1120" pin="3"/><net_sink comp="1977" pin=0"/></net>

<net id="1981"><net_src comp="1977" pin="1"/><net_sink comp="338" pin=1"/></net>

<net id="1982"><net_src comp="1977" pin="1"/><net_sink comp="346" pin=1"/></net>

<net id="1983"><net_src comp="1977" pin="1"/><net_sink comp="1687" pin=0"/></net>

<net id="1987"><net_src comp="1132" pin="2"/><net_sink comp="1984" pin=0"/></net>

<net id="1988"><net_src comp="1984" pin="1"/><net_sink comp="1428" pin=0"/></net>

<net id="1992"><net_src comp="1138" pin="3"/><net_sink comp="1989" pin=0"/></net>

<net id="1993"><net_src comp="1989" pin="1"/><net_sink comp="1401" pin=1"/></net>

<net id="1997"><net_src comp="1152" pin="3"/><net_sink comp="1994" pin=0"/></net>

<net id="1998"><net_src comp="1994" pin="1"/><net_sink comp="1244" pin=0"/></net>

<net id="1999"><net_src comp="1994" pin="1"/><net_sink comp="1280" pin=1"/></net>

<net id="2000"><net_src comp="1994" pin="1"/><net_sink comp="1313" pin=0"/></net>

<net id="2004"><net_src comp="1190" pin="2"/><net_sink comp="2001" pin=0"/></net>

<net id="2005"><net_src comp="2001" pin="1"/><net_sink comp="1208" pin=0"/></net>

<net id="2006"><net_src comp="2001" pin="1"/><net_sink comp="1316" pin=0"/></net>

<net id="2007"><net_src comp="2001" pin="1"/><net_sink comp="1331" pin=1"/></net>

<net id="2011"><net_src comp="1196" pin="1"/><net_sink comp="2008" pin=0"/></net>

<net id="2012"><net_src comp="2008" pin="1"/><net_sink comp="1275" pin=0"/></net>

<net id="2016"><net_src comp="1200" pin="1"/><net_sink comp="2013" pin=0"/></net>

<net id="2017"><net_src comp="2013" pin="1"/><net_sink comp="1229" pin=1"/></net>

<net id="2021"><net_src comp="1204" pin="1"/><net_sink comp="2018" pin=0"/></net>

<net id="2022"><net_src comp="2018" pin="1"/><net_sink comp="1390" pin=1"/></net>

<net id="2026"><net_src comp="1299" pin="3"/><net_sink comp="2023" pin=0"/></net>

<net id="2027"><net_src comp="2023" pin="1"/><net_sink comp="1353" pin=0"/></net>

<net id="2031"><net_src comp="1307" pin="2"/><net_sink comp="2028" pin=0"/></net>

<net id="2032"><net_src comp="2028" pin="1"/><net_sink comp="1346" pin=0"/></net>

<net id="2036"><net_src comp="1362" pin="4"/><net_sink comp="2033" pin=0"/></net>

<net id="2037"><net_src comp="2033" pin="1"/><net_sink comp="1380" pin=0"/></net>

<net id="2041"><net_src comp="1372" pin="3"/><net_sink comp="2038" pin=0"/></net>

<net id="2042"><net_src comp="2038" pin="1"/><net_sink comp="1383" pin=0"/></net>

<net id="2046"><net_src comp="1428" pin="3"/><net_sink comp="2043" pin=0"/></net>

<net id="2047"><net_src comp="2043" pin="1"/><net_sink comp="367" pin=1"/></net>

<net id="2051"><net_src comp="367" pin="2"/><net_sink comp="2048" pin=0"/></net>

<net id="2052"><net_src comp="2048" pin="1"/><net_sink comp="372" pin=0"/></net>

<net id="2053"><net_src comp="2048" pin="1"/><net_sink comp="1626" pin=0"/></net>

<net id="2057"><net_src comp="1443" pin="3"/><net_sink comp="2054" pin=0"/></net>

<net id="2058"><net_src comp="2054" pin="1"/><net_sink comp="1491" pin=0"/></net>

<net id="2062"><net_src comp="1451" pin="4"/><net_sink comp="2059" pin=0"/></net>

<net id="2063"><net_src comp="2059" pin="1"/><net_sink comp="1471" pin=0"/></net>

<net id="2067"><net_src comp="1461" pin="1"/><net_sink comp="2064" pin=0"/></net>

<net id="2068"><net_src comp="2064" pin="1"/><net_sink comp="1474" pin=2"/></net>

<net id="2072"><net_src comp="1465" pin="2"/><net_sink comp="2069" pin=0"/></net>

<net id="2073"><net_src comp="2069" pin="1"/><net_sink comp="1556" pin=0"/></net>

<net id="2074"><net_src comp="2069" pin="1"/><net_sink comp="1597" pin=0"/></net>

<net id="2075"><net_src comp="2069" pin="1"/><net_sink comp="1658" pin=0"/></net>

<net id="2079"><net_src comp="1491" pin="3"/><net_sink comp="2076" pin=0"/></net>

<net id="2080"><net_src comp="2076" pin="1"/><net_sink comp="1617" pin=0"/></net>

<net id="2084"><net_src comp="1522" pin="3"/><net_sink comp="2081" pin=0"/></net>

<net id="2085"><net_src comp="2081" pin="1"/><net_sink comp="1573" pin=0"/></net>

<net id="2086"><net_src comp="2081" pin="1"/><net_sink comp="1576" pin=0"/></net>

<net id="2090"><net_src comp="1530" pin="2"/><net_sink comp="2087" pin=0"/></net>

<net id="2091"><net_src comp="2087" pin="1"/><net_sink comp="1602" pin=0"/></net>

<net id="2095"><net_src comp="1536" pin="1"/><net_sink comp="2092" pin=0"/></net>

<net id="2096"><net_src comp="2092" pin="1"/><net_sink comp="1585" pin=0"/></net>

<net id="2097"><net_src comp="2092" pin="1"/><net_sink comp="1607" pin=1"/></net>

<net id="2101"><net_src comp="1550" pin="2"/><net_sink comp="2098" pin=0"/></net>

<net id="2102"><net_src comp="2098" pin="1"/><net_sink comp="1590" pin=0"/></net>

<net id="2106"><net_src comp="1567" pin="2"/><net_sink comp="2103" pin=0"/></net>

<net id="2107"><net_src comp="2103" pin="1"/><net_sink comp="1652" pin=0"/></net>

<net id="2111"><net_src comp="1573" pin="1"/><net_sink comp="2108" pin=0"/></net>

<net id="2112"><net_src comp="2108" pin="1"/><net_sink comp="1614" pin=0"/></net>

<net id="2116"><net_src comp="1576" pin="2"/><net_sink comp="2113" pin=0"/></net>

<net id="2117"><net_src comp="2113" pin="1"/><net_sink comp="1645" pin=0"/></net>

<net id="2121"><net_src comp="1607" pin="3"/><net_sink comp="2118" pin=0"/></net>

<net id="2122"><net_src comp="2118" pin="1"/><net_sink comp="1652" pin=2"/></net>

<net id="2126"><net_src comp="1658" pin="3"/><net_sink comp="2123" pin=0"/></net>

<net id="2127"><net_src comp="2123" pin="1"/><net_sink comp="346" pin=4"/></net>

<net id="2134"><net_src comp="1672" pin="2"/><net_sink comp="2131" pin=0"/></net>

<net id="2135"><net_src comp="2131" pin="1"/><net_sink comp="301" pin=0"/></net>

<net id="2139"><net_src comp="1687" pin="2"/><net_sink comp="2136" pin=0"/></net>

<net id="2140"><net_src comp="2136" pin="1"/><net_sink comp="355" pin=3"/></net>

<net id="2144"><net_src comp="284" pin="3"/><net_sink comp="2141" pin=0"/></net>

<net id="2145"><net_src comp="2141" pin="1"/><net_sink comp="291" pin=0"/></net>

<net id="2149"><net_src comp="1692" pin="1"/><net_sink comp="2146" pin=0"/></net>

<net id="2150"><net_src comp="2146" pin="1"/><net_sink comp="1708" pin=1"/></net>

<net id="2154"><net_src comp="291" pin="3"/><net_sink comp="2151" pin=0"/></net>

<net id="2155"><net_src comp="2151" pin="1"/><net_sink comp="1700" pin=1"/></net>

<net id="2159"><net_src comp="1700" pin="3"/><net_sink comp="2156" pin=0"/></net>

<net id="2160"><net_src comp="2156" pin="1"/><net_sink comp="355" pin=1"/></net>

<net id="2164"><net_src comp="1708" pin="3"/><net_sink comp="2161" pin=0"/></net>

<net id="2165"><net_src comp="2161" pin="1"/><net_sink comp="355" pin=4"/></net>

</net_list>

</model> 
---------------- Datapath Model END ------------------

* FSMD analyzer results:
  - Output states:
	Port: x_active | {59 60 }
 - Input state : 
	Port: attention_active13 : x_active | {3 4 59 60 }
	Port: attention_active13 : phi_k_active | {2 25 26 27 }
	Port: attention_active13 : layers_0_attention_query_weight_V | {3 4 }
	Port: attention_active13 : layers_0_attention_value_weight_V | {3 4 }
	Port: attention_active13 : layers_0_attention_output_bias_V | {57 58 }
	Port: attention_active13 : layers_0_attention_output_weight_V | {59 60 }
  - Chain level:
	State 1
		store_ln87 : 1
		store_ln87 : 1
		store_ln87 : 1
	State 2
		icmp_ln87 : 1
		add_ln87_1 : 1
		br_ln87 : 2
		add_ln87 : 1
		icmp_ln88 : 1
		select_ln87_1 : 2
		store_ln88 : 2
		store_ln88 : 3
		store_ln115 : 1
	State 3
		zext_ln97 : 1
		add_ln97 : 2
		empty_96 : 1
		tmp_72 : 2
		call_ln93 : 3
		add_ln88 : 1
		store_ln88 : 2
	State 4
	State 5
		tmp : 1
		tmp_V_7 : 1
		p_Result_s : 2
		p_Result_54 : 3
		sext_ln1198 : 4
		l : 5
		sub_ln1099 : 6
		trunc_ln1099 : 7
		trunc_ln1102 : 7
		trunc_ln1098 : 6
	State 6
		tmp_49 : 1
		icmp_ln1101 : 2
		zext_ln1102 : 1
		lshr_ln1102 : 2
		p_Result_39 : 3
		icmp_ln1102 : 3
		a_8 : 4
		tmp_50 : 1
		xor_ln1104 : 2
		p_Result_40 : 1
		and_ln1104 : 2
		or_ln1104_2 : 4
		or_ln : 4
		icmp_ln1113 : 1
	State 7
		zext_ln1113 : 1
		lshr_ln1113 : 2
		zext_ln1114 : 1
		shl_ln1114 : 2
		m_14 : 3
		m_15 : 4
		m_21 : 5
		p_Result_41 : 5
	State 8
		add_ln1124 : 1
		tmp_2 : 2
		p_Result_55 : 3
		LD : 4
	State 9
		d_assign : 1
	State 10
	State 11
	State 12
	State 13
	State 14
	State 15
	State 16
	State 17
	State 18
	State 19
	State 20
		ireg : 1
		trunc_ln544 : 2
		p_Result_56 : 2
		exp_tmp : 2
		trunc_ln554 : 2
		icmp_ln560 : 3
	State 21
		zext_ln558 : 1
		man_V_7 : 2
		man_V_8 : 3
		F2 : 1
		icmp_ln570 : 2
		add_ln570 : 2
		sub_ln570 : 2
		sh_amt : 3
		icmp_ln571 : 2
		trunc_ln572 : 4
		tmp_54 : 4
		icmp_ln592 : 5
		or_ln571 : 3
		xor_ln571 : 3
		and_ln570 : 3
	State 22
		sext_ln570cast : 1
		shl_ln593 : 2
		select_ln592 : 3
		select_ln1651 : 4
		select_ln571 : 5
	State 23
		ashr_ln575 : 1
		trunc_ln575 : 2
		tmp_53 : 1
		select_ln577 : 2
		select_ln574 : 3
		select_ln570 : 4
		select_ln560 : 5
	State 24
		Q_V_addr : 1
		V_V_addr : 1
		store_ln97 : 2
		store_ln98 : 2
	State 25
	State 26
		icmp_ln115 : 1
		add_ln115 : 1
		br_ln115 : 2
		trunc_ln115 : 1
		call_ln115 : 2
		store_ln115 : 2
		store_ln124 : 1
	State 27
	State 28
		trunc_ln : 1
		K_sum_V_addr : 1
		store_ln121 : 2
	State 29
		icmp_ln124 : 1
		add_ln124 : 1
		br_ln124 : 2
		tmp_73 : 1
		call_ln813 : 2
	State 30
	State 31
		icmp_ln1090 : 1
		p_Result_58 : 1
		tmp_V : 1
		tmp_V_8 : 2
		p_Result_46 : 3
		p_Result_59 : 4
		sext_ln1198_1 : 5
		l_1 : 6
		sub_ln1099_1 : 7
		trunc_ln1099_1 : 8
		trunc_ln1102_1 : 8
		trunc_ln1098_1 : 7
	State 32
		tmp_56 : 1
		icmp_ln1101_1 : 2
		zext_ln1102_1 : 1
		lshr_ln1102_1 : 2
		p_Result_48 : 3
		icmp_ln1102_1 : 3
		a_10 : 4
		tmp_57 : 1
		xor_ln1104_1 : 2
		p_Result_49 : 1
		and_ln1104_1 : 2
		or_ln1104 : 4
		or_ln1104_1 : 4
		icmp_ln1113_1 : 1
	State 33
		zext_ln1113_1 : 1
		lshr_ln1113_1 : 2
		zext_ln1114_1 : 1
		shl_ln1114_1 : 2
		m_17 : 3
		m_18 : 4
		m : 5
		p_Result_50 : 5
	State 34
		add_ln1124_1 : 1
		tmp_5 : 2
		p_Result_60 : 3
		LD_5 : 4
		bitcast_ln766_1 : 5
		select_ln1090 : 6
	State 35
	State 36
	State 37
	State 38
	State 39
	State 40
	State 41
	State 42
	State 43
	State 44
	State 45
	State 46
	State 47
	State 48
	State 49
	State 50
	State 51
	State 52
		ireg_1 : 1
		trunc_ln544_1 : 2
		p_Result_61 : 2
		exp_tmp_1 : 2
		trunc_ln554_1 : 2
		icmp_ln560_1 : 3
	State 53
		zext_ln558_1 : 1
		man_V_10 : 2
		man_V_11 : 3
		F2_1 : 1
		icmp_ln570_1 : 2
		add_ln570_1 : 2
		sub_ln570_1 : 2
		sh_amt_1 : 3
		icmp_ln571_1 : 2
		trunc_ln572_1 : 4
		tmp_61 : 4
		icmp_ln592_1 : 5
		or_ln571_1 : 3
		xor_ln571_1 : 3
		and_ln570_1 : 3
	State 54
		sext_ln570_1cast : 1
		shl_ln593_1 : 2
		select_ln592_1 : 3
		select_ln571_1 : 4
	State 55
		ashr_ln575_1 : 1
		trunc_ln575_1 : 2
		tmp_60 : 1
		select_ln577_1 : 2
		select_ln574_1 : 3
		select_ln570_2 : 4
		inv_normalizer_V : 5
		call_ln813 : 6
	State 56
	State 57
		icmp_ln142 : 1
		add_ln142 : 1
		br_ln142 : 2
		zext_ln142 : 1
		zext_ln813 : 1
		add_ln813_16 : 2
		layers_0_attention_output_bias_V_addr : 2
		sum_V : 3
		empty_100 : 1
	State 58
	State 59
		call_ln838 : 1
	State 60


============================================================
+ Verbose Summary: Datapath Resource usage 
============================================================

* Functional unit list:
|----------|-------------------------------------------------------------------------------------------|---------|---------|---------|---------|
| Operation|                                      Functional Unit                                      |   DSP   |  Delay  |    FF   |   LUT   |
|----------|-------------------------------------------------------------------------------------------|---------|---------|---------|---------|
|          | grp_attention_active13_Pipeline_VITIS_LOOP_103_4_VITIS_LOOP_104_5_VITIS_LOOP_106_6_fu_308 |    1    |  6.4713 |   199   |   250   |
|          |                   grp_attention_active13_Pipeline_VITIS_LOOP_91_3_fu_316                  |    2    |  11.116 |   218   |   255   |
|   call   |                  grp_attention_active13_Pipeline_VITIS_LOOP_117_8_fu_330                  |    0    |  1.588  |    37   |    62   |
|          |                  grp_attention_active13_Pipeline_VITIS_LOOP_126_10_fu_338                 |    1    |  6.4713 |   132   |    78   |
|          |         grp_attention_active13_Pipeline_VITIS_LOOP_133_11_VITIS_LOOP_135_12_fu_346        |    2    |  8.0593 |   234   |   183   |
|          |                  grp_attention_active13_Pipeline_VITIS_LOOP_144_14_fu_355                 |    1    |  6.352  |   119   |   175   |
|----------|-------------------------------------------------------------------------------------------|---------|---------|---------|---------|
|   fexp   |                                         grp_fu_375                                        |    7    |    0    |   317   |   918   |
|----------|-------------------------------------------------------------------------------------------|---------|---------|---------|---------|
|          |                                     add_ln87_1_fu_404                                     |    0    |    0    |    0    |    15   |
|          |                                      add_ln87_fu_416                                      |    0    |    0    |    0    |    13   |
|          |                                      add_ln97_fu_469                                      |    0    |    0    |    0    |    15   |
|          |                                      add_ln88_fu_488                                      |    0    |    0    |    0    |    13   |
|          |                                      lsb_index_fu_564                                     |    0    |    0    |    0    |    39   |
|          |                                     add_ln1104_fu_631                                     |    0    |    0    |    0    |    23   |
|          |                                     add_ln1113_fu_672                                     |    0    |    0    |    0    |    39   |
|          |                                        m_15_fu_712                                        |    0    |    0    |    0    |    71   |
|          |                                     add_ln1124_fu_751                                     |    0    |    0    |    0    |    8    |
|          |                                      add_ln570_fu_865                                     |    0    |    0    |    0    |    12   |
|    add   |                                      add_ln813_fu_934                                     |    0    |    0    |    0    |    23   |
|          |                                     add_ln115_fu_1066                                     |    0    |    0    |    0    |    13   |
|          |                                     add_ln124_fu_1114                                     |    0    |    0    |    0    |    13   |
|          |                                    lsb_index_1_fu_1208                                    |    0    |    0    |    0    |    39   |
|          |                                    add_ln1104_1_fu_1275                                   |    0    |    0    |    0    |    31   |
|          |                                    add_ln1113_1_fu_1316                                   |    0    |    0    |    0    |    39   |
|          |                                        m_18_fu_1356                                       |    0    |    0    |    0    |    71   |
|          |                                    add_ln1124_1_fu_1395                                   |    0    |    0    |    0    |    8    |
|          |                                    add_ln570_1_fu_1510                                    |    0    |    0    |    0    |    12   |
|          |                                     add_ln142_fu_1672                                     |    0    |    0    |    0    |    13   |
|          |                                    add_ln813_16_fu_1687                                   |    0    |    0    |    0    |    15   |
|----------|-------------------------------------------------------------------------------------------|---------|---------|---------|---------|
|          |                                    select_ln87_1_fu_428                                   |    0    |    0    |    0    |    4    |
|          |                                     select_ln87_fu_451                                    |    0    |    0    |    0    |    5    |
|          |                                        m_14_fu_702                                        |    0    |    0    |    0    |    64   |
|          |                                    select_ln1098_fu_739                                   |    0    |    0    |    0    |    8    |
|          |                                       man_V_8_fu_846                                      |    0    |    0    |    0    |    54   |
|          |                                       sh_amt_fu_877                                       |    0    |    0    |    0    |    12   |
|          |                                    select_ln592_fu_956                                    |    0    |    0    |    0    |    16   |
|          |                                    select_ln1651_fu_963                                   |    0    |    0    |    0    |    16   |
|          |                                    select_ln571_fu_985                                    |    0    |    0    |    0    |    16   |
|          |                                    select_ln577_fu_1015                                   |    0    |    0    |    0    |    2    |
|          |                                    select_ln574_fu_1023                                   |    0    |    0    |    0    |    16   |
|          |                                    select_ln570_fu_1030                                   |    0    |    0    |    0    |    16   |
|  select  |                                    select_ln560_fu_1040                                   |    0    |    0    |    0    |    16   |
|          |                                      tmp_V_8_fu_1152                                      |    0    |    0    |    0    |    24   |
|          |                                        m_17_fu_1346                                       |    0    |    0    |    0    |    64   |
|          |                                  select_ln1098_1_fu_1383                                  |    0    |    0    |    0    |    8    |
|          |                                   select_ln1090_fu_1428                                   |    0    |    0    |    0    |    32   |
|          |                                      man_V_11_fu_1491                                     |    0    |    0    |    0    |    54   |
|          |                                      sh_amt_1_fu_1522                                     |    0    |    0    |    0    |    12   |
|          |                                   select_ln592_1_fu_1590                                  |    0    |    0    |    0    |    16   |
|          |                                   select_ln571_1_fu_1607                                  |    0    |    0    |    0    |    16   |
|          |                                   select_ln577_1_fu_1637                                  |    0    |    0    |    0    |    2    |
|          |                                   select_ln574_1_fu_1645                                  |    0    |    0    |    0    |    16   |
|          |                                   select_ln570_2_fu_1652                                  |    0    |    0    |    0    |    16   |
|          |                                  inv_normalizer_V_fu_1658                                 |    0    |    0    |    0    |    16   |
|----------|-------------------------------------------------------------------------------------------|---------|---------|---------|---------|
|          |                                       tmp_V_7_fu_510                                      |    0    |    0    |    0    |    23   |
|          |                                     sub_ln1099_fu_546                                     |    0    |    0    |    0    |    39   |
|          |                                     sub_ln1102_fu_585                                     |    0    |    0    |    0    |    13   |
|          |                                     sub_ln1114_fu_687                                     |    0    |    0    |    0    |    39   |
|          |                                     sub_ln1119_fu_746                                     |    0    |    0    |    0    |    8    |
|          |                                       man_V_7_fu_840                                      |    0    |    0    |    0    |    60   |
|          |                                         F2_fu_853                                         |    0    |    0    |    0    |    12   |
|    sub   |                                      sub_ln570_fu_871                                     |    0    |    0    |    0    |    12   |
|          |                                       tmp_V_fu_1146                                       |    0    |    0    |    0    |    31   |
|          |                                    sub_ln1099_1_fu_1190                                   |    0    |    0    |    0    |    39   |
|          |                                    sub_ln1102_1_fu_1229                                   |    0    |    0    |    0    |    13   |
|          |                                    sub_ln1114_1_fu_1331                                   |    0    |    0    |    0    |    39   |
|          |                                    sub_ln1119_1_fu_1390                                   |    0    |    0    |    0    |    8    |
|          |                                      man_V_10_fu_1485                                     |    0    |    0    |    0    |    60   |
|          |                                        F2_1_fu_1498                                       |    0    |    0    |    0    |    12   |
|          |                                    sub_ln570_1_fu_1516                                    |    0    |    0    |    0    |    12   |
|----------|-------------------------------------------------------------------------------------------|---------|---------|---------|---------|
|   ashr   |                                     ashr_ln575_fu_995                                     |    0    |    0    |    0    |   161   |
|          |                                    ashr_ln575_1_fu_1617                                   |    0    |    0    |    0    |   161   |
|----------|-------------------------------------------------------------------------------------------|---------|---------|---------|---------|
|          |                                      icmp_ln87_fu_398                                     |    0    |    0    |    0    |    11   |
|          |                                      icmp_ln88_fu_422                                     |    0    |    0    |    0    |    9    |
|          |                                     icmp_ln1101_fu_579                                    |    0    |    0    |    0    |    17   |
|          |                                     icmp_ln1102_fu_605                                    |    0    |    0    |    0    |    13   |
|          |                                     icmp_ln1113_fu_663                                    |    0    |    0    |    0    |    18   |
|          |                                     icmp_ln560_fu_815                                     |    0    |    0    |    0    |    28   |
|          |                                     icmp_ln570_fu_859                                     |    0    |    0    |    0    |    12   |
|          |                                     icmp_ln571_fu_885                                     |    0    |    0    |    0    |    12   |
|          |                                     icmp_ln592_fu_905                                     |    0    |    0    |    0    |    11   |
|          |                                     icmp_ln574_fu_942                                     |    0    |    0    |    0    |    12   |
|   icmp   |                                     icmp_ln115_fu_1060                                    |    0    |    0    |    0    |    9    |
|          |                                     icmp_ln124_fu_1108                                    |    0    |    0    |    0    |    9    |
|          |                                    icmp_ln1090_fu_1132                                    |    0    |    0    |    0    |    15   |
|          |                                   icmp_ln1101_1_fu_1223                                   |    0    |    0    |    0    |    17   |
|          |                                   icmp_ln1102_1_fu_1249                                   |    0    |    0    |    0    |    15   |
|          |                                   icmp_ln1113_1_fu_1307                                   |    0    |    0    |    0    |    18   |
|          |                                    icmp_ln560_1_fu_1465                                   |    0    |    0    |    0    |    28   |
|          |                                    icmp_ln570_1_fu_1504                                   |    0    |    0    |    0    |    12   |
|          |                                    icmp_ln571_1_fu_1530                                   |    0    |    0    |    0    |    12   |
|          |                                    icmp_ln592_1_fu_1550                                   |    0    |    0    |    0    |    11   |
|          |                                    icmp_ln574_1_fu_1576                                   |    0    |    0    |    0    |    12   |
|          |                                     icmp_ln142_fu_1666                                    |    0    |    0    |    0    |    9    |
|----------|-------------------------------------------------------------------------------------------|---------|---------|---------|---------|
|          |                                     shl_ln1114_fu_696                                     |    0    |    0    |    0    |   100   |
|    shl   |                                      shl_ln593_fu_951                                     |    0    |    0    |    0    |    35   |
|          |                                    shl_ln1114_1_fu_1340                                   |    0    |    0    |    0    |   100   |
|          |                                    shl_ln593_1_fu_1585                                    |    0    |    0    |    0    |    35   |
|----------|-------------------------------------------------------------------------------------------|---------|---------|---------|---------|
|          |                                     lshr_ln1102_fu_594                                    |    0    |    0    |    0    |    9    |
|   lshr   |                                     lshr_ln1113_fu_681                                    |    0    |    0    |    0    |   100   |
|          |                                   lshr_ln1102_1_fu_1238                                   |    0    |    0    |    0    |    11   |
|          |                                   lshr_ln1113_1_fu_1325                                   |    0    |    0    |    0    |   100   |
|----------|-------------------------------------------------------------------------------------------|---------|---------|---------|---------|
|          |                                     p_Result_39_fu_600                                    |    0    |    0    |    0    |    16   |
|          |                                         a_8_fu_611                                        |    0    |    0    |    0    |    2    |
|          |                                     and_ln1104_fu_643                                     |    0    |    0    |    0    |    2    |
|          |                                      and_ln570_fu_928                                     |    0    |    0    |    0    |    2    |
|          |                                     and_ln560_2_fu_975                                    |    0    |    0    |    0    |    2    |
|    and   |                                      and_ln571_fu_980                                     |    0    |    0    |    0    |    2    |
|          |                                     and_ln560_fu_1036                                     |    0    |    0    |    0    |    2    |
|          |                                    p_Result_48_fu_1244                                    |    0    |    0    |    0    |    24   |
|          |                                        a_10_fu_1255                                       |    0    |    0    |    0    |    2    |
|          |                                    and_ln1104_1_fu_1287                                   |    0    |    0    |    0    |    2    |
|          |                                    and_ln570_1_fu_1567                                    |    0    |    0    |    0    |    2    |
|          |                                    and_ln571_1_fu_1602                                    |    0    |    0    |    0    |    2    |
|----------|-------------------------------------------------------------------------------------------|---------|---------|---------|---------|
|          |                                     xor_ln1104_fu_625                                     |    0    |    0    |    0    |    2    |
|          |                                     xor_ln1651_fu_821                                     |    0    |    0    |    0    |    2    |
|          |                                      xor_ln571_fu_922                                     |    0    |    0    |    0    |    2    |
|    xor   |                                     xor_ln560_2_fu_970                                    |    0    |    0    |    0    |    2    |
|          |                                    xor_ln1104_1_fu_1269                                   |    0    |    0    |    0    |    2    |
|          |                                    xor_ln571_1_fu_1561                                    |    0    |    0    |    0    |    2    |
|          |                                    xor_ln560_1_fu_1597                                    |    0    |    0    |    0    |    2    |
|----------|-------------------------------------------------------------------------------------------|---------|---------|---------|---------|
|          |                                     or_ln1104_2_fu_649                                    |    0    |    0    |    0    |    2    |
|          |                                      or_ln560_fu_911                                      |    0    |    0    |    0    |    2    |
|    or    |                                      or_ln571_fu_916                                      |    0    |    0    |    0    |    2    |
|          |                                     or_ln1104_fu_1293                                     |    0    |    0    |    0    |    2    |
|          |                                     or_ln571_1_fu_1556                                    |    0    |    0    |    0    |    2    |
|----------|-------------------------------------------------------------------------------------------|---------|---------|---------|---------|
|   fdiv   |                                         grp_fu_367                                        |    0    |    0    |    0    |    0    |
|----------|-------------------------------------------------------------------------------------------|---------|---------|---------|---------|
|   fpext  |                                         grp_fu_372                                        |    0    |    0    |    0    |    0    |
|----------|-------------------------------------------------------------------------------------------|---------|---------|---------|---------|
|          |                                        tmp_s_fu_457                                       |    0    |    0    |    0    |    0    |
|          |                                       tmp_72_fu_479                                       |    0    |    0    |    0    |    0    |
|          |                                     p_Result_54_fu_526                                    |    0    |    0    |    0    |    0    |
|          |                                        or_ln_fu_655                                       |    0    |    0    |    0    |    0    |
|          |                                        tmp_2_fu_757                                       |    0    |    0    |    0    |    0    |
|          |                                     p_Result_57_fu_829                                    |    0    |    0    |    0    |    0    |
|bitconcatenate|                                       tmp_73_fu_1120                                      |    0    |    0    |    0    |    0    |
|          |                                    p_Result_59_fu_1170                                    |    0    |    0    |    0    |    0    |
|          |                                    or_ln1104_1_fu_1299                                    |    0    |    0    |    0    |    0    |
|          |                                       tmp_5_fu_1401                                       |    0    |    0    |    0    |    0    |
|          |                                    p_Result_62_fu_1474                                    |    0    |    0    |    0    |    0    |
|          |                                      sum_V_9_fu_1700                                      |    0    |    0    |    0    |    0    |
|          |                                       tmp_74_fu_1708                                      |    0    |    0    |    0    |    0    |
|----------|-------------------------------------------------------------------------------------------|---------|---------|---------|---------|
|          |                                      zext_ln97_fu_465                                     |    0    |    0    |    0    |    0    |
|          |                                     zext_ln1102_fu_590                                    |    0    |    0    |    0    |    0    |
|          |                                     zext_ln1112_fu_669                                    |    0    |    0    |    0    |    0    |
|          |                                     zext_ln1113_fu_677                                    |    0    |    0    |    0    |    0    |
|          |                                     zext_ln1114_fu_692                                    |    0    |    0    |    0    |    0    |
|          |                                     zext_ln1116_fu_709                                    |    0    |    0    |    0    |    0    |
|          |                                     zext_ln1117_fu_736                                    |    0    |    0    |    0    |    0    |
|          |                                     zext_ln455_fu_826                                     |    0    |    0    |    0    |    0    |
|          |                                     zext_ln558_fu_836                                     |    0    |    0    |    0    |    0    |
|          |                                     zext_ln575_fu_992                                     |    0    |    0    |    0    |    0    |
|          |                                    zext_ln97_1_fu_1048                                    |    0    |    0    |    0    |    0    |
|   zext   |                                     zext_ln115_fu_1087                                    |    0    |    0    |    0    |    0    |
|          |                                   zext_ln1102_1_fu_1234                                   |    0    |    0    |    0    |    0    |
|          |                                   zext_ln1112_1_fu_1313                                   |    0    |    0    |    0    |    0    |
|          |                                   zext_ln1113_1_fu_1321                                   |    0    |    0    |    0    |    0    |
|          |                                   zext_ln1114_1_fu_1336                                   |    0    |    0    |    0    |    0    |
|          |                                   zext_ln1116_1_fu_1353                                   |    0    |    0    |    0    |    0    |
|          |                                   zext_ln1117_1_fu_1380                                   |    0    |    0    |    0    |    0    |
|          |                                    zext_ln455_1_fu_1471                                   |    0    |    0    |    0    |    0    |
|          |                                    zext_ln558_1_fu_1481                                   |    0    |    0    |    0    |    0    |
|          |                                    zext_ln575_1_fu_1614                                   |    0    |    0    |    0    |    0    |
|          |                                     zext_ln142_fu_1678                                    |    0    |    0    |    0    |    0    |
|          |                                     zext_ln813_fu_1683                                    |    0    |    0    |    0    |    0    |
|----------|-------------------------------------------------------------------------------------------|---------|---------|---------|---------|
|          |                                      empty_96_fu_475                                      |    0    |    0    |    0    |    0    |
|          |                                    trunc_ln1099_fu_552                                    |    0    |    0    |    0    |    0    |
|          |                                    trunc_ln1102_fu_556                                    |    0    |    0    |    0    |    0    |
|          |                                    trunc_ln1098_fu_560                                    |    0    |    0    |    0    |    0    |
|          |                                         LD_fu_777                                         |    0    |    0    |    0    |    0    |
|          |                                     trunc_ln544_fu_789                                    |    0    |    0    |    0    |    0    |
|          |                                     trunc_ln554_fu_811                                    |    0    |    0    |    0    |    0    |
|          |                                     trunc_ln572_fu_891                                    |    0    |    0    |    0    |    0    |
|          |                                   sext_ln570cast_fu_947                                   |    0    |    0    |    0    |    0    |
|          |                                    trunc_ln575_fu_1000                                    |    0    |    0    |    0    |    0    |
|   trunc  |                                    trunc_ln115_fu_1072                                    |    0    |    0    |    0    |    0    |
|          |                                   trunc_ln1099_1_fu_1196                                  |    0    |    0    |    0    |    0    |
|          |                                   trunc_ln1102_1_fu_1200                                  |    0    |    0    |    0    |    0    |
|          |                                   trunc_ln1098_1_fu_1204                                  |    0    |    0    |    0    |    0    |
|          |                                        LD_5_fu_1420                                       |    0    |    0    |    0    |    0    |
|          |                                   trunc_ln544_1_fu_1439                                   |    0    |    0    |    0    |    0    |
|          |                                   trunc_ln554_1_fu_1461                                   |    0    |    0    |    0    |    0    |
|          |                                   trunc_ln572_1_fu_1536                                   |    0    |    0    |    0    |    0    |
|          |                                  sext_ln570_1cast_fu_1581                                 |    0    |    0    |    0    |    0    |
|          |                                   trunc_ln575_1_fu_1622                                   |    0    |    0    |    0    |    0    |
|          |                                     empty_100_fu_1692                                     |    0    |    0    |    0    |    0    |
|----------|-------------------------------------------------------------------------------------------|---------|---------|---------|---------|
|          |                                         tmp_fu_502                                        |    0    |    0    |    0    |    0    |
|          |                                       tmp_50_fu_617                                       |    0    |    0    |    0    |    0    |
|          |                                     p_Result_40_fu_636                                    |    0    |    0    |    0    |    0    |
|          |                                     p_Result_41_fu_728                                    |    0    |    0    |    0    |    0    |
|          |                                     p_Result_56_fu_793                                    |    0    |    0    |    0    |    0    |
| bitselect|                                       tmp_53_fu_1007                                      |    0    |    0    |    0    |    0    |
|          |                                    p_Result_58_fu_1138                                    |    0    |    0    |    0    |    0    |
|          |                                       tmp_57_fu_1261                                      |    0    |    0    |    0    |    0    |
|          |                                    p_Result_49_fu_1280                                    |    0    |    0    |    0    |    0    |
|          |                                    p_Result_50_fu_1372                                    |    0    |    0    |    0    |    0    |
|          |                                    p_Result_61_fu_1443                                    |    0    |    0    |    0    |    0    |
|          |                                       tmp_60_fu_1629                                      |    0    |    0    |    0    |    0    |
|----------|-------------------------------------------------------------------------------------------|---------|---------|---------|---------|
|          |                                     p_Result_s_fu_516                                     |    0    |    0    |    0    |    0    |
|          |                                       tmp_49_fu_569                                       |    0    |    0    |    0    |    0    |
|          |                                        m_21_fu_718                                        |    0    |    0    |    0    |    0    |
|          |                                       exp_tmp_fu_801                                      |    0    |    0    |    0    |    0    |
|          |                                       tmp_54_fu_895                                       |    0    |    0    |    0    |    0    |
|partselect|                                      trunc_ln_fu_1094                                     |    0    |    0    |    0    |    0    |
|          |                                    p_Result_46_fu_1160                                    |    0    |    0    |    0    |    0    |
|          |                                       tmp_56_fu_1213                                      |    0    |    0    |    0    |    0    |
|          |                                         m_fu_1362                                         |    0    |    0    |    0    |    0    |
|          |                                     exp_tmp_1_fu_1451                                     |    0    |    0    |    0    |    0    |
|          |                                       tmp_61_fu_1540                                      |    0    |    0    |    0    |    0    |
|----------|-------------------------------------------------------------------------------------------|---------|---------|---------|---------|
|          |                                     sext_ln1198_fu_534                                    |    0    |    0    |    0    |    0    |
|   sext   |                                     sext_ln570_fu_939                                     |    0    |    0    |    0    |    0    |
|          |                                   sext_ln1198_1_fu_1178                                   |    0    |    0    |    0    |    0    |
|          |                                    sext_ln570_1_fu_1573                                   |    0    |    0    |    0    |    0    |
|----------|-------------------------------------------------------------------------------------------|---------|---------|---------|---------|
|   cttz   |                                          l_fu_538                                         |    0    |    0    |    0    |    0    |
|          |                                        l_1_fu_1182                                        |    0    |    0    |    0    |    0    |
|----------|-------------------------------------------------------------------------------------------|---------|---------|---------|---------|
|  partset |                                     p_Result_55_fu_765                                    |    0    |    0    |    0    |    0    |
|          |                                    p_Result_60_fu_1408                                    |    0    |    0    |    0    |    0    |
|----------|-------------------------------------------------------------------------------------------|---------|---------|---------|---------|
|   Total  |                                                                                           |    14   | 40.0579 |   1256  |   4593  |
|----------|-------------------------------------------------------------------------------------------|---------|---------|---------|---------|

Memories:
+----------+--------+--------+--------+--------+
|          |  BRAM  |   FF   |   LUT  |  URAM  |
+----------+--------+--------+--------+--------+
|   KV_V   |    1   |    0   |    0   |    0   |
|  K_sum_V |    0   |   16   |    4   |    0   |
|    Q_V   |    1   |    0   |    0   |    0   |
|    V_V   |    1   |    0   |    0   |    0   |
|attended_V|    0   |   16   |    4   |    0   |
+----------+--------+--------+--------+--------+
|   Total  |    3   |   32   |    8   |    0   |
+----------+--------+--------+--------+--------+

* Register list:
+----------------------------------------------+--------+
|                                              |   FF   |
+----------------------------------------------+--------+
|                  LD_reg_1859                 |   32   |
|                 a_7_reg_1962                 |    4   |
|                  a_reg_1723                  |    4   |
|              add_ln124_reg_1972              |    4   |
|              add_ln142_reg_2131              |    5   |
|             add_ln813_16_reg_2136            |    8   |
|               add_ln97_reg_1789              |    8   |
|             and_ln570_1_reg_2103             |    1   |
|              and_ln570_reg_1924              |    1   |
|            bitcast_ln766_reg_1864            |   32   |
|                 d_11_reg_297                 |    5   |
|                 d_7_reg_1777                 |    5   |
|                 d_9_reg_1949                 |    5   |
|              d_assign_1_reg_2048             |   32   |
|               d_assign_reg_1869              |   32   |
|                  d_reg_1716                  |    5   |
|              empty_100_reg_2146              |    4   |
|              exp_tmp_1_reg_2059              |   11   |
|               exp_tmp_reg_1880               |   11   |
|             icmp_ln1090_reg_1984             |    1   |
|            icmp_ln1113_1_reg_2028            |    1   |
|             icmp_ln1113_reg_1844             |    1   |
|             icmp_ln560_1_reg_2069            |    1   |
|              icmp_ln560_reg_1890             |    1   |
|             icmp_ln571_1_reg_2087            |    1   |
|              icmp_ln571_reg_1908             |    1   |
|             icmp_ln574_1_reg_2113            |    1   |
|              icmp_ln574_reg_1934             |    1   |
|             icmp_ln592_1_reg_2098            |    1   |
|              icmp_ln592_reg_1919             |    1   |
|              icmp_ln88_reg_1767              |    1   |
|            indvar_flatten_reg_1730           |    8   |
|           inv_normalizer_V_reg_2123          |   16   |
|layers_0_attention_output_bias_V_addr_reg_2141|    4   |
|                 m_21_reg_1849                |   63   |
|                  m_reg_2033                  |   63   |
|               man_V_11_reg_2076              |   54   |
|               man_V_8_reg_1897               |   54   |
|          normalizer_V_2_loc_reg_1737         |   24   |
|             or_ln1104_1_reg_2023             |    2   |
|                or_ln_reg_1839                |    2   |
|             p_Result_41_reg_1854             |    1   |
|             p_Result_50_reg_2038             |    1   |
|             p_Result_56_reg_1875             |    1   |
|             p_Result_58_reg_1989             |    1   |
|             p_Result_61_reg_2054             |    1   |
|           phi_ln818_1_loc_reg_1749           |   16   |
|            select_ln1090_reg_2043            |   32   |
|             select_ln560_reg_1944            |   16   |
|            select_ln571_1_reg_2118           |   16   |
|             select_ln571_reg_1939            |   16   |
|            select_ln87_1_reg_1772            |    4   |
|             sext_ln570_1_reg_2108            |   32   |
|              sext_ln570_reg_1929             |   32   |
|               sh_amt_1_reg_2081              |   12   |
|                sh_amt_reg_1902               |   12   |
|             sub_ln1099_1_reg_2001            |   32   |
|              sub_ln1099_reg_1817             |   32   |
|               sum_V_9_reg_2156               |   11   |
|              sum_V_loc_reg_1743              |   20   |
|                sum_V_reg_2151                |    7   |
|                tmp_72_reg_1794               |    8   |
|                tmp_73_reg_1977               |    8   |
|                tmp_74_reg_2161               |    8   |
|               tmp_V_7_reg_1810               |   16   |
|               tmp_V_8_reg_1994               |   24   |
|                 tmp_reg_1802                 |    1   |
|                tmp_s_reg_1784                |    8   |
|            trunc_ln1098_1_reg_2018           |    8   |
|             trunc_ln1098_reg_1834            |    8   |
|            trunc_ln1099_1_reg_2008           |   24   |
|             trunc_ln1099_reg_1824            |   16   |
|            trunc_ln1102_1_reg_2013           |    5   |
|             trunc_ln1102_reg_1829            |    4   |
|             trunc_ln115_reg_1957             |    4   |
|            trunc_ln554_1_reg_2064            |   52   |
|             trunc_ln554_reg_1885             |   52   |
|            trunc_ln572_1_reg_2092            |   16   |
|             trunc_ln572_reg_1913             |   16   |
|               x_V_loc_reg_1755               |   16   |
+----------------------------------------------+--------+
|                     Total                    |  1100  |
+----------------------------------------------+--------+

* Multiplexer (MUX) list: 
|----------------------------------------------------------------------------|------|------|------|--------||---------||---------|
|                                    Comp                                    |  Pin | Size |  BW  | S x BW ||  Delay  ||   LUT   |
|----------------------------------------------------------------------------|------|------|------|--------||---------||---------|
|                              grp_access_fu_291                             |  p0  |   2  |   4  |    8   ||    9    |
|           grp_attention_active13_Pipeline_VITIS_LOOP_91_3_fu_316           |  p1  |   2  |   8  |   16   ||    9    |
|           grp_attention_active13_Pipeline_VITIS_LOOP_91_3_fu_316           |  p3  |   2  |   8  |   16   ||    9    |
|           grp_attention_active13_Pipeline_VITIS_LOOP_117_8_fu_330          |  p1  |   2  |   4  |    8   ||    9    |
|          grp_attention_active13_Pipeline_VITIS_LOOP_126_10_fu_338          |  p1  |   2  |   8  |   16   ||    9    |
| grp_attention_active13_Pipeline_VITIS_LOOP_133_11_VITIS_LOOP_135_12_fu_346 |  p4  |   2  |  16  |   32   ||    9    |
|          grp_attention_active13_Pipeline_VITIS_LOOP_144_14_fu_355          |  p1  |   2  |  11  |   22   ||    9    |
|          grp_attention_active13_Pipeline_VITIS_LOOP_144_14_fu_355          |  p4  |   2  |   8  |   16   ||    9    |
|                                 grp_fu_372                                 |  p0  |   2  |  32  |   64   ||    9    |
|                                 grp_fu_375                                 |  p1  |   2  |  32  |   64   ||    9    |
|----------------------------------------------------------------------------|------|------|------|--------||---------||---------|
|                                    Total                                   |      |      |      |   262  ||  15.88  ||    90   |
|----------------------------------------------------------------------------|------|------|------|--------||---------||---------|



* Summary:
+-----------+--------+--------+--------+--------+--------+--------+
|           |  BRAM  |   DSP  |  Delay |   FF   |   LUT  |  URAM  |
+-----------+--------+--------+--------+--------+--------+--------+
|  Function |    -   |   14   |   40   |  1256  |  4593  |    -   |
|   Memory  |    3   |    -   |    -   |   32   |    8   |    0   |
|Multiplexer|    -   |    -   |   15   |    -   |   90   |    -   |
|  Register |    -   |    -   |    -   |  1100  |    -   |    -   |
+-----------+--------+--------+--------+--------+--------+--------+
|   Total   |    3   |   14   |   55   |  2388  |  4691  |    0   |
+-----------+--------+--------+--------+--------+--------+--------+
