INFO-FLOW: Workspace /home/cym/prj2/finn/notebooks/icl_thesis-master/experiments/imgds_linear_sparse/stage4_structural_small_models/hls/tiny_q16_d6_ff12/hls/imgds_linear_tiny_axi/solution1 opened at Wed Jul 01 22:10:31 CST 2026
Execute       send_msg_by_id INFO @200-1505@%s%s  vivado 
INFO: [HLS 200-1505] Using flow_target 'vivado'
Execute       send_msg_by_id INFO @200-435@%s%s 'open_solution -flow_target vivado' config_interface -m_axi_latency=0 
INFO: [HLS 200-435] Setting 'open_solution -flow_target vivado' configuration: config_interface -m_axi_latency=0
Execute       config_interface -m_axi_latency=0 
Execute     set_part xc7z020clg400-1 
INFO: [HLS 200-1510] Running: set_part xc7z020clg400-1 
Execute       create_platform xc7z020clg400-1 -board  
DBG:HLSDevice: Trying to load device library: /tools/Xilinx/Vitis_HLS/2022.2/lib/lnx64.o/libxv_hlsvwrap.so
DBG:HLSDevice: first parts/arch.xml in RDI_DATADIR: /tools/Xilinx/Vivado/2022.2/data/parts/arch.xml
DBG:HLSDevice: init success
INFO: [HLS 200-1611] Setting target device to 'xc7z020-clg400-1'
Command       create_platform done; 0.43 sec.
Execute       source /tools/Xilinx/Vitis_HLS/2022.2/common/technology/xilinx/common/xilinx.gen 
Execute         source /tools/Xilinx/Vitis_HLS/2022.2/common/technology/xilinx/interface/plb46.gen 
Execute         source /tools/Xilinx/Vitis_HLS/2022.2/common/technology/xilinx/interface/axi4.gen 
Execute         source /tools/Xilinx/Vitis_HLS/2022.2/common/technology/xilinx/interface/nativeAXI4.gen 
Execute           source /tools/Xilinx/Vitis_HLS/2022.2/common/technology/xilinx/interface/saxilite.gen 
Execute         source /tools/Xilinx/Vitis_HLS/2022.2/common/technology/xilinx/scripts/xilinxcoregen.gen 
Execute         source /tools/Xilinx/Vitis_HLS/2022.2/common/technology/xilinx/interface/XilEDKCoreGen.gen 
Execute         source /tools/Xilinx/Vitis_HLS/2022.2/common/technology/xilinx/ip/xfir.gen 
Execute         source /tools/Xilinx/Vitis_HLS/2022.2/common/technology/xilinx/ip/util.gen 
Execute         source /tools/Xilinx/Vitis_HLS/2022.2/common/technology/xilinx/ip/xfft.gen 
Execute         source /tools/Xilinx/Vitis_HLS/2022.2/common/technology/xilinx/ip/dds_compiler.gen 
Execute         source /tools/Xilinx/Vitis_HLS/2022.2/common/technology/xilinx/DSP48/dsp48.gen 
Execute       ap_part_info -name xc7z020-clg400-1 -data info 
Execute       config_compile -quiet -complex-mul-dsp=0 
Command     set_part done; 0.5 sec.
Execute     create_clock -period 10 -name default 
INFO: [HLS 200-1510] Running: create_clock -period 10 -name default 
Execute       ap_set_clock -name default -period 10 -default=false 
INFO: [SYN 201-201] Setting up clock 'default' with a period of 10ns.
Execute     csim_design 
INFO: [HLS 200-1510] Running: csim_design 
INFO: [SIM 211-2] *************** CSIM start ***************
INFO: [SIM 211-4] CSIM will launch GCC as the compiler.
Execute       ap_part_info -name xc7z020-clg400-1 -data info 
Execute       source run_sim.tcl 
Command       ap_source done; 3.13 sec.
INFO: [SIM 211-1] CSim done with 0 errors.
INFO: [SIM 211-3] *************** CSIM finish ***************
Command     csim_design done; 6.27 sec.
INFO: [HLS 200-111] Finished Command csim_design CPU user time: 5.86 seconds. CPU system time: 0.4 seconds. Elapsed time: 6.27 seconds; current allocated memory: 0.000 MB.
Execute     csynth_design 
INFO: [HLS 200-1510] Running: csynth_design 
Execute       elaborate -effort=medium -skip_syncheck=0 -keep_printf=0 -skip_cdt=0 -skip_transform=0 -ng=0 -g=0 -opt_fp=0 -from_csynth_design=1 
INFO: [HLS 200-111] Finished File checks and directory preparation: CPU user time: 0.01 seconds. CPU system time: 0 seconds. Elapsed time: 0.01 seconds; current allocated memory: 308.723 MB.
INFO: [HLS 200-10] Analyzing design file 'src/imgds_linear_tiny.cpp' ... 
INFO-FLOW: Compiling one TU...
INFO-FLOW: Handling src/imgds_linear_tiny.cpp as C++
Execute         ap_part_info -name xc7z020-clg400-1 -data info 
INFO-FLOW: Running: GCC PP 39
INFO-FLOW: Source preprocessing
Execute         ap_eval exec -ignorestderr /tools/Xilinx/Vitis_HLS/2022.2/lnx64/tools/clang-3.9-csynth/bin/clang src/imgds_linear_tiny.cpp -foptimization-record-file=/home/cym/prj2/finn/notebooks/icl_thesis-master/experiments/imgds_linear_sparse/stage4_structural_small_models/hls/tiny_q16_d6_ff12/hls/imgds_linear_tiny_axi/solution1/.autopilot/db/imgds_linear_tiny.cpp.clang.diag.yml -mllvm -pass-remarks-missed=reflow|pasta|unroll -mllvm -pass-remarks=reflow|pasta|unroll|inline -fno-limit-debug-info -gcc-toolchain /tools/Xilinx/Vitis_HLS/2022.2/tps/lnx64/gcc-8.3.0 -fhls -fno-exceptions -E -fno-math-errno -c -emit-llvm -mllvm -disable-llvm-optzns -Werror=implicit-function-declaration -Werror=implicit-hls-streams -Werror=return-type -Wpragmas -Wunused-parameter -Wdump-hls-pragmas -Wno-error=dump-hls-pragmas -fno-threadsafe-statics -fno-use-cxa-atexit -std=gnu++14 -target fpga64-xilinx-linux-gnu -fno-threadsafe-statics -fno-use-cxa-atexit -D__VITIS_HLS__ -DAESL_SYN -D__SYNTHESIS__ -D__HLS_SYN__ -I /tools/Xilinx/Vitis_HLS/2022.2/common/technology/autopilot -I /tools/Xilinx/Vitis_HLS/2022.2/common/technology/autopilot/ap_sysc -include etc/autopilot_ssdm_op.h -D__DSP48E1__ -I /usr/include/x86_64-linux-gnu -o /home/cym/prj2/finn/notebooks/icl_thesis-master/experiments/imgds_linear_sparse/stage4_structural_small_models/hls/tiny_q16_d6_ff12/hls/imgds_linear_tiny_axi/solution1/.autopilot/db/imgds_linear_tiny.pp.0.cpp -hls-platform-db-name=/tools/Xilinx/Vitis_HLS/2022.2/common/technology/xilinx/common/platform.db -hls-platform-name=zynq_slow -device-resource-info=BRAM_280.000000_DSP_220.000000_FF_106400.000000_LUT_53200.000000_SLICE_13300.000000_URAM_0.000000 -device-name-info=xc7z020clg400-1 > /home/cym/prj2/finn/notebooks/icl_thesis-master/experiments/imgds_linear_sparse/stage4_structural_small_models/hls/tiny_q16_d6_ff12/hls/imgds_linear_tiny_axi/solution1/.autopilot/db/imgds_linear_tiny.cpp.clang.out.log 2> /home/cym/prj2/finn/notebooks/icl_thesis-master/experiments/imgds_linear_sparse/stage4_structural_small_models/hls/tiny_q16_d6_ff12/hls/imgds_linear_tiny_axi/solution1/.autopilot/db/imgds_linear_tiny.cpp.clang.err.log 
Command         ap_eval done; 0.11 sec.
INFO-FLOW: Done: GCC PP 39 time: 0.1 seconds per iteration
Execute         set_directive_top imgds_linear_tiny -name=imgds_linear_tiny 
Execute         source /tools/Xilinx/Vitis_HLS/2022.2/tps/tcl/tcllib1.11.1/yaml/huddle.tcl 
Execute         source /tools/Xilinx/Vitis_HLS/2022.2/tps/tcl/tcllib1.11.1/yaml/json2huddle.tcl 
INFO-FLOW: Source syntax check for synthesis
Execute         ap_eval exec -ignorestderr /tools/Xilinx/Vitis_HLS/2022.2/lnx64/tools/clang-3.9-csynth/bin/clang -foptimization-record-file=/home/cym/prj2/finn/notebooks/icl_thesis-master/experiments/imgds_linear_sparse/stage4_structural_small_models/hls/tiny_q16_d6_ff12/hls/imgds_linear_tiny_axi/solution1/.autopilot/db/clang.diag.yml -mllvm -pass-remarks-missed=reflow|pasta|unroll -mllvm -pass-remarks=reflow|pasta|unroll|inline -fsyntax-only -fhls -target fpga64-xilinx-linux-gnu /home/cym/prj2/finn/notebooks/icl_thesis-master/experiments/imgds_linear_sparse/stage4_structural_small_models/hls/tiny_q16_d6_ff12/hls/imgds_linear_tiny_axi/solution1/.autopilot/db/imgds_linear_tiny.pp.0.cpp -hls-platform-db-name=/tools/Xilinx/Vitis_HLS/2022.2/common/technology/xilinx/common/platform.db -hls-platform-name=zynq_slow -device-resource-info=BRAM_280.000000_DSP_220.000000_FF_106400.000000_LUT_53200.000000_SLICE_13300.000000_URAM_0.000000 -device-name-info=xc7z020clg400-1 > /home/cym/prj2/finn/notebooks/icl_thesis-master/experiments/imgds_linear_sparse/stage4_structural_small_models/hls/tiny_q16_d6_ff12/hls/imgds_linear_tiny_axi/solution1/.autopilot/db/clang.out.log 2> /home/cym/prj2/finn/notebooks/icl_thesis-master/experiments/imgds_linear_sparse/stage4_structural_small_models/hls/tiny_q16_d6_ff12/hls/imgds_linear_tiny_axi/solution1/.autopilot/db/clang.err.log 
Command         ap_eval done; 0.48 sec.
WARNING: [HLS 207-5555] unexpected pragma argument 'mul', expects function/operation (src/imgds_linear_tiny.cpp:40:34)
WARNING: [HLS 207-5555] unexpected pragma argument 'mul', expects function/operation (src/imgds_linear_tiny.cpp:122:34)
WARNING: [HLS 207-5555] unexpected pragma argument 'mul', expects function/operation (src/imgds_linear_tiny.cpp:156:34)
Execute         clang_tidy xilinx-systemc-detector -desc systemc-detector /home/cym/prj2/finn/notebooks/icl_thesis-master/experiments/imgds_linear_sparse/stage4_structural_small_models/hls/tiny_q16_d6_ff12/hls/imgds_linear_tiny_axi/solution1/.autopilot/db/imgds_linear_tiny.pp.0.cpp std=gnu++14 -target fpga  -directive=/home/cym/prj2/finn/notebooks/icl_thesis-master/experiments/imgds_linear_sparse/stage4_structural_small_models/hls/tiny_q16_d6_ff12/hls/imgds_linear_tiny_axi/solution1/.autopilot/db/.systemc_flag 
INFO-FLOW: exec /tools/Xilinx/Vitis_HLS/2022.2/lnx64/tools/clang-3.9-csynth/bin/clang-tidy -header-filter=.* --checks=-*,xilinx-systemc-detector -import-directive=/home/cym/prj2/finn/notebooks/icl_thesis-master/experiments/imgds_linear_sparse/stage4_structural_small_models/hls/tiny_q16_d6_ff12/hls/imgds_linear_tiny_axi/solution1/.autopilot/db/.systemc_flag -fix-errors /home/cym/prj2/finn/notebooks/icl_thesis-master/experiments/imgds_linear_sparse/stage4_structural_small_models/hls/tiny_q16_d6_ff12/hls/imgds_linear_tiny_axi/solution1/.autopilot/db/imgds_linear_tiny.pp.0.cpp -- -std=gnu++14 -target fpga -fhls -ferror-limit=0
Command         clang_tidy done; 0.44 sec.
INFO-FLOW: Running: clang-tidy CDT preprocess 39
Execute         clang_tidy xilinx-directive2pragma -desc directive2pragma /home/cym/prj2/finn/notebooks/icl_thesis-master/experiments/imgds_linear_sparse/stage4_structural_small_models/hls/tiny_q16_d6_ff12/hls/imgds_linear_tiny_axi/solution1/.autopilot/db/imgds_linear_tiny.pp.0.cpp std=gnu++14 -target fpga  -directive=/home/cym/prj2/finn/notebooks/icl_thesis-master/experiments/imgds_linear_sparse/stage4_structural_small_models/hls/tiny_q16_d6_ff12/hls/imgds_linear_tiny_axi/solution1/.autopilot/db/all.directive.json 
INFO-FLOW: exec /tools/Xilinx/Vitis_HLS/2022.2/lnx64/tools/clang-3.9-csynth/bin/clang-tidy -header-filter=.* --checks=-*,xilinx-directive2pragma -import-directive=/home/cym/prj2/finn/notebooks/icl_thesis-master/experiments/imgds_linear_sparse/stage4_structural_small_models/hls/tiny_q16_d6_ff12/hls/imgds_linear_tiny_axi/solution1/.autopilot/db/all.directive.json -fix-errors /home/cym/prj2/finn/notebooks/icl_thesis-master/experiments/imgds_linear_sparse/stage4_structural_small_models/hls/tiny_q16_d6_ff12/hls/imgds_linear_tiny_axi/solution1/.autopilot/db/imgds_linear_tiny.pp.0.cpp -- -std=gnu++14 -target fpga -fhls -ferror-limit=0
Command         clang_tidy done; 0.61 sec.
Execute         clang_tidy xilinx-remove-assert -desc remove-assert /home/cym/prj2/finn/notebooks/icl_thesis-master/experiments/imgds_linear_sparse/stage4_structural_small_models/hls/tiny_q16_d6_ff12/hls/imgds_linear_tiny_axi/solution1/.autopilot/db/imgds_linear_tiny.pp.0.cpp std=gnu++14 -target fpga  
INFO-FLOW: exec /tools/Xilinx/Vitis_HLS/2022.2/lnx64/tools/clang-3.9-csynth/bin/clang-tidy -header-filter=.* --checks=-*,xilinx-remove-assert -fix-errors /home/cym/prj2/finn/notebooks/icl_thesis-master/experiments/imgds_linear_sparse/stage4_structural_small_models/hls/tiny_q16_d6_ff12/hls/imgds_linear_tiny_axi/solution1/.autopilot/db/imgds_linear_tiny.pp.0.cpp -- -std=gnu++14 -target fpga -fhls -ferror-limit=0
Command         clang_tidy done; 0.44 sec.
INFO-FLOW: Done: clang-tidy CDT preprocess 39 time: 1.1 seconds per iteration
INFO-FLOW: Calling xilinx-label-all-loops ... 
INFO-FLOW: Calling xilinx-aggregate-on-hls-vector ... 
Execute         clang_tidy -errorcheck -desc loop-label xilinx-label-all-loops,xilinx-aggregate-on-hls-vector,,xilinx-warn-mayneed-no-ctor-attribute /home/cym/prj2/finn/notebooks/icl_thesis-master/experiments/imgds_linear_sparse/stage4_structural_small_models/hls/tiny_q16_d6_ff12/hls/imgds_linear_tiny_axi/solution1/.autopilot/db/imgds_linear_tiny.pp.0.cpp std=gnu++14 -target fpga  
Execute           ap_eval exec -ignorestderr /tools/Xilinx/Vitis_HLS/2022.2/lnx64/tools/clang-3.9-csynth/bin/clang-tidy -export-fixes=/home/cym/prj2/finn/notebooks/icl_thesis-master/experiments/imgds_linear_sparse/stage4_structural_small_models/hls/tiny_q16_d6_ff12/hls/imgds_linear_tiny_axi/solution1/.autopilot/db/imgds_linear_tiny.pp.0.cpp.clang-tidy.loop-label.diag.yml -header-filter=.* --checks=-*,xilinx-label-all-loops,xilinx-aggregate-on-hls-vector,,xilinx-warn-mayneed-no-ctor-attribute -fix-errors /home/cym/prj2/finn/notebooks/icl_thesis-master/experiments/imgds_linear_sparse/stage4_structural_small_models/hls/tiny_q16_d6_ff12/hls/imgds_linear_tiny_axi/solution1/.autopilot/db/imgds_linear_tiny.pp.0.cpp -- -std=gnu++14 -target fpga -fhls -ferror-limit=0 > /home/cym/prj2/finn/notebooks/icl_thesis-master/experiments/imgds_linear_sparse/stage4_structural_small_models/hls/tiny_q16_d6_ff12/hls/imgds_linear_tiny_axi/solution1/.autopilot/db/imgds_linear_tiny.pp.0.cpp.clang-tidy.loop-label.out.log 2> /home/cym/prj2/finn/notebooks/icl_thesis-master/experiments/imgds_linear_sparse/stage4_structural_small_models/hls/tiny_q16_d6_ff12/hls/imgds_linear_tiny_axi/solution1/.autopilot/db/imgds_linear_tiny.pp.0.cpp.clang-tidy.loop-label.err.log 
Command           ap_eval done; 0.74 sec.
Execute           source /tools/Xilinx/Vitis_HLS/2022.2/tps/tcl/tcllib1.11.1/yaml/yaml.tcl 
Command         clang_tidy done; 0.81 sec.
Execute         ap_eval exec -ignorestderr /tools/Xilinx/Vitis_HLS/2022.2/lnx64/tools/clang-3.9-csynth/bin/xilinx-dataflow-lawyer -export-fixes=/home/cym/prj2/finn/notebooks/icl_thesis-master/experiments/imgds_linear_sparse/stage4_structural_small_models/hls/tiny_q16_d6_ff12/hls/imgds_linear_tiny_axi/solution1/.autopilot/db/imgds_linear_tiny.pp.0.cpp.xilinx-dataflow-lawyer.diag.yml /home/cym/prj2/finn/notebooks/icl_thesis-master/experiments/imgds_linear_sparse/stage4_structural_small_models/hls/tiny_q16_d6_ff12/hls/imgds_linear_tiny_axi/solution1/.autopilot/db/imgds_linear_tiny.pp.0.cpp -- -std=gnu++14 -target fpga -fhls -ferror-limit=0 -fstrict-dataflow > /home/cym/prj2/finn/notebooks/icl_thesis-master/experiments/imgds_linear_sparse/stage4_structural_small_models/hls/tiny_q16_d6_ff12/hls/imgds_linear_tiny_axi/solution1/.autopilot/db/imgds_linear_tiny.pp.0.cpp.xilinx-dataflow-lawyer.out.log 2> /home/cym/prj2/finn/notebooks/icl_thesis-master/experiments/imgds_linear_sparse/stage4_structural_small_models/hls/tiny_q16_d6_ff12/hls/imgds_linear_tiny_axi/solution1/.autopilot/db/imgds_linear_tiny.pp.0.cpp.xilinx-dataflow-lawyer.err.log 
Command         ap_eval done; 0.43 sec.
Execute         ap_part_info -name xc7z020-clg400-1 -data info 
INFO-FLOW: compiling source code to llvm bc
Execute         ap_eval exec -ignorestderr /tools/Xilinx/Vitis_HLS/2022.2/lnx64/tools/clang-3.9-csynth/bin/clang -foptimization-record-file=/home/cym/prj2/finn/notebooks/icl_thesis-master/experiments/imgds_linear_sparse/stage4_structural_small_models/hls/tiny_q16_d6_ff12/hls/imgds_linear_tiny_axi/solution1/.autopilot/db/imgds_linear_tiny.pp.0.cpp.clang.diag.yml -mllvm -pass-remarks-missed=reflow|pasta|unroll -mllvm -pass-remarks=reflow|pasta|unroll|inline -fno-limit-debug-info -fhls -flto -fno-exceptions -Wno-error=c++11-narrowing /home/cym/prj2/finn/notebooks/icl_thesis-master/experiments/imgds_linear_sparse/stage4_structural_small_models/hls/tiny_q16_d6_ff12/hls/imgds_linear_tiny_axi/solution1/.autopilot/db/imgds_linear_tiny.pp.0.cpp -fno-math-errno -c -emit-llvm -mllvm -disable-llvm-optzns -Werror=implicit-function-declaration -Werror=implicit-hls-streams -Werror=return-type -Wpragmas -Wunused-parameter -Wdump-hls-pragmas -Wno-error=dump-hls-pragmas -fno-threadsafe-statics -fno-use-cxa-atexit -std=gnu++14 -target fpga64-xilinx-linux-gnu -D__VITIS_HLS__ -DAESL_SYN -D__SYNTHESIS__ -D__HLS_SYN__ -I /tools/Xilinx/Vitis_HLS/2022.2/common/technology/autopilot -I /tools/Xilinx/Vitis_HLS/2022.2/common/technology/autopilot/ap_sysc -include etc/autopilot_ssdm_op.h -D__DSP48E1__ -g -o /home/cym/prj2/finn/notebooks/icl_thesis-master/experiments/imgds_linear_sparse/stage4_structural_small_models/hls/tiny_q16_d6_ff12/hls/imgds_linear_tiny_axi/solution1/.autopilot/db/imgds_linear_tiny.bc -hls-platform-db-name=/tools/Xilinx/Vitis_HLS/2022.2/common/technology/xilinx/common/platform.db -hls-platform-name=zynq_slow -device-resource-info=BRAM_280.000000_DSP_220.000000_FF_106400.000000_LUT_53200.000000_SLICE_13300.000000_URAM_0.000000 -device-name-info=xc7z020clg400-1 > /home/cym/prj2/finn/notebooks/icl_thesis-master/experiments/imgds_linear_sparse/stage4_structural_small_models/hls/tiny_q16_d6_ff12/hls/imgds_linear_tiny_axi/solution1/.autopilot/db/imgds_linear_tiny.pp.0.cpp.clang.out.log 2> /home/cym/prj2/finn/notebooks/icl_thesis-master/experiments/imgds_linear_sparse/stage4_structural_small_models/hls/tiny_q16_d6_ff12/hls/imgds_linear_tiny_axi/solution1/.autopilot/db/imgds_linear_tiny.pp.0.cpp.clang.err.log 
Command         ap_eval done; 0.53 sec.
INFO: [HLS 200-111] Finished Source Code Analysis and Preprocessing: CPU user time: 3.5 seconds. CPU system time: 0.38 seconds. Elapsed time: 3.9 seconds; current allocated memory: 311.742 MB.
INFO-FLOW: Linking Debug ...
INFO-FLOW: Linking dut bc code.
Execute         run_link_or_opt -out /home/cym/prj2/finn/notebooks/icl_thesis-master/experiments/imgds_linear_sparse/stage4_structural_small_models/hls/tiny_q16_d6_ff12/hls/imgds_linear_tiny_axi/solution1/.autopilot/db/a.g.ld.0.bc -args  "/home/cym/prj2/finn/notebooks/icl_thesis-master/experiments/imgds_linear_sparse/stage4_structural_small_models/hls/tiny_q16_d6_ff12/hls/imgds_linear_tiny_axi/solution1/.autopilot/db/imgds_linear_tiny.g.bc"  
Execute           ap_eval exec -ignorestderr /tools/Xilinx/Vitis_HLS/2022.2/lnx64/tools/clang-3.9-csynth/bin/llvm-link /home/cym/prj2/finn/notebooks/icl_thesis-master/experiments/imgds_linear_sparse/stage4_structural_small_models/hls/tiny_q16_d6_ff12/hls/imgds_linear_tiny_axi/solution1/.autopilot/db/imgds_linear_tiny.g.bc -o /home/cym/prj2/finn/notebooks/icl_thesis-master/experiments/imgds_linear_sparse/stage4_structural_small_models/hls/tiny_q16_d6_ff12/hls/imgds_linear_tiny_axi/solution1/.autopilot/db/a.g.ld.0.bc > /home/cym/prj2/finn/notebooks/icl_thesis-master/experiments/imgds_linear_sparse/stage4_structural_small_models/hls/tiny_q16_d6_ff12/hls/imgds_linear_tiny_axi/solution1/.autopilot/db/a.g.ld.0.bc.llvm-link.out.log 2> /home/cym/prj2/finn/notebooks/icl_thesis-master/experiments/imgds_linear_sparse/stage4_structural_small_models/hls/tiny_q16_d6_ff12/hls/imgds_linear_tiny_axi/solution1/.autopilot/db/a.g.ld.0.bc.llvm-link.err.log 
INFO-FLOW: 
Execute         run_link_or_opt -opt -out /home/cym/prj2/finn/notebooks/icl_thesis-master/experiments/imgds_linear_sparse/stage4_structural_small_models/hls/tiny_q16_d6_ff12/hls/imgds_linear_tiny_axi/solution1/.autopilot/db/a.g.ld.1.lower.bc -args /home/cym/prj2/finn/notebooks/icl_thesis-master/experiments/imgds_linear_sparse/stage4_structural_small_models/hls/tiny_q16_d6_ff12/hls/imgds_linear_tiny_axi/solution1/.autopilot/db/a.g.ld.0.bc -reflow-lower-math-intrinsics 
Execute           ap_eval exec -ignorestderr /tools/Xilinx/Vitis_HLS/2022.2/lnx64/tools/clang-3.9-csynth/bin/opt -pass-remarks-missed=reflow|pasta|unroll -pass-remarks=reflow|pasta|unroll|inline -pass-remarks-output=/home/cym/prj2/finn/notebooks/icl_thesis-master/experiments/imgds_linear_sparse/stage4_structural_small_models/hls/tiny_q16_d6_ff12/hls/imgds_linear_tiny_axi/solution1/.autopilot/db/a.g.ld.1.lower.bc.opt.diag.yml /home/cym/prj2/finn/notebooks/icl_thesis-master/experiments/imgds_linear_sparse/stage4_structural_small_models/hls/tiny_q16_d6_ff12/hls/imgds_linear_tiny_axi/solution1/.autopilot/db/a.g.ld.0.bc -reflow-lower-math-intrinsics -o /home/cym/prj2/finn/notebooks/icl_thesis-master/experiments/imgds_linear_sparse/stage4_structural_small_models/hls/tiny_q16_d6_ff12/hls/imgds_linear_tiny_axi/solution1/.autopilot/db/a.g.ld.1.lower.bc > /home/cym/prj2/finn/notebooks/icl_thesis-master/experiments/imgds_linear_sparse/stage4_structural_small_models/hls/tiny_q16_d6_ff12/hls/imgds_linear_tiny_axi/solution1/.autopilot/db/a.g.ld.1.lower.bc.opt.out.log 2> /home/cym/prj2/finn/notebooks/icl_thesis-master/experiments/imgds_linear_sparse/stage4_structural_small_models/hls/tiny_q16_d6_ff12/hls/imgds_linear_tiny_axi/solution1/.autopilot/db/a.g.ld.1.lower.bc.opt.err.log 
INFO-FLOW: 
INFO-FLOW: Linking math bc lib
Execute         run_link_or_opt -out /home/cym/prj2/finn/notebooks/icl_thesis-master/experiments/imgds_linear_sparse/stage4_structural_small_models/hls/tiny_q16_d6_ff12/hls/imgds_linear_tiny_axi/solution1/.autopilot/db/a.g.ld.2.m1.bc -args /home/cym/prj2/finn/notebooks/icl_thesis-master/experiments/imgds_linear_sparse/stage4_structural_small_models/hls/tiny_q16_d6_ff12/hls/imgds_linear_tiny_axi/solution1/.autopilot/db/a.g.ld.1.lower.bc -only-needed /tools/Xilinx/Vitis_HLS/2022.2/lnx64/lib/libhlsm_39.bc /tools/Xilinx/Vitis_HLS/2022.2/lnx64/lib/libhlsmc++_39.bc 
Execute           ap_eval exec -ignorestderr /tools/Xilinx/Vitis_HLS/2022.2/lnx64/tools/clang-3.9-csynth/bin/llvm-link /home/cym/prj2/finn/notebooks/icl_thesis-master/experiments/imgds_linear_sparse/stage4_structural_small_models/hls/tiny_q16_d6_ff12/hls/imgds_linear_tiny_axi/solution1/.autopilot/db/a.g.ld.1.lower.bc -only-needed /tools/Xilinx/Vitis_HLS/2022.2/lnx64/lib/libhlsm_39.bc /tools/Xilinx/Vitis_HLS/2022.2/lnx64/lib/libhlsmc++_39.bc -o /home/cym/prj2/finn/notebooks/icl_thesis-master/experiments/imgds_linear_sparse/stage4_structural_small_models/hls/tiny_q16_d6_ff12/hls/imgds_linear_tiny_axi/solution1/.autopilot/db/a.g.ld.2.m1.bc > /home/cym/prj2/finn/notebooks/icl_thesis-master/experiments/imgds_linear_sparse/stage4_structural_small_models/hls/tiny_q16_d6_ff12/hls/imgds_linear_tiny_axi/solution1/.autopilot/db/a.g.ld.2.m1.bc.llvm-link.out.log 2> /home/cym/prj2/finn/notebooks/icl_thesis-master/experiments/imgds_linear_sparse/stage4_structural_small_models/hls/tiny_q16_d6_ff12/hls/imgds_linear_tiny_axi/solution1/.autopilot/db/a.g.ld.2.m1.bc.llvm-link.err.log 
Command           ap_eval done; 1.42 sec.
INFO-FLOW: 
Command         run_link_or_opt done; 1.42 sec.
Execute         run_link_or_opt -opt -out /home/cym/prj2/finn/notebooks/icl_thesis-master/experiments/imgds_linear_sparse/stage4_structural_small_models/hls/tiny_q16_d6_ff12/hls/imgds_linear_tiny_axi/solution1/.autopilot/db/a.g.ld.3.fpc.bc -args /home/cym/prj2/finn/notebooks/icl_thesis-master/experiments/imgds_linear_sparse/stage4_structural_small_models/hls/tiny_q16_d6_ff12/hls/imgds_linear_tiny_axi/solution1/.autopilot/db/a.g.ld.2.m1.bc -reflow-globaldce -hls-top-function-name=imgds_linear_tiny -reflow-float-conversion 
Execute           ap_eval exec -ignorestderr /tools/Xilinx/Vitis_HLS/2022.2/lnx64/tools/clang-3.9-csynth/bin/opt -pass-remarks-missed=reflow|pasta|unroll -pass-remarks=reflow|pasta|unroll|inline -pass-remarks-output=/home/cym/prj2/finn/notebooks/icl_thesis-master/experiments/imgds_linear_sparse/stage4_structural_small_models/hls/tiny_q16_d6_ff12/hls/imgds_linear_tiny_axi/solution1/.autopilot/db/a.g.ld.3.fpc.bc.opt.diag.yml /home/cym/prj2/finn/notebooks/icl_thesis-master/experiments/imgds_linear_sparse/stage4_structural_small_models/hls/tiny_q16_d6_ff12/hls/imgds_linear_tiny_axi/solution1/.autopilot/db/a.g.ld.2.m1.bc -reflow-globaldce -hls-top-function-name=imgds_linear_tiny -reflow-float-conversion -o /home/cym/prj2/finn/notebooks/icl_thesis-master/experiments/imgds_linear_sparse/stage4_structural_small_models/hls/tiny_q16_d6_ff12/hls/imgds_linear_tiny_axi/solution1/.autopilot/db/a.g.ld.3.fpc.bc > /home/cym/prj2/finn/notebooks/icl_thesis-master/experiments/imgds_linear_sparse/stage4_structural_small_models/hls/tiny_q16_d6_ff12/hls/imgds_linear_tiny_axi/solution1/.autopilot/db/a.g.ld.3.fpc.bc.opt.out.log 2> /home/cym/prj2/finn/notebooks/icl_thesis-master/experiments/imgds_linear_sparse/stage4_structural_small_models/hls/tiny_q16_d6_ff12/hls/imgds_linear_tiny_axi/solution1/.autopilot/db/a.g.ld.3.fpc.bc.opt.err.log 
Command           ap_eval done; 0.56 sec.
INFO-FLOW: 
Command         run_link_or_opt done; 0.56 sec.
Execute         run_link_or_opt -out /home/cym/prj2/finn/notebooks/icl_thesis-master/experiments/imgds_linear_sparse/stage4_structural_small_models/hls/tiny_q16_d6_ff12/hls/imgds_linear_tiny_axi/solution1/.autopilot/db/a.g.ld.4.m2.bc -args /home/cym/prj2/finn/notebooks/icl_thesis-master/experiments/imgds_linear_sparse/stage4_structural_small_models/hls/tiny_q16_d6_ff12/hls/imgds_linear_tiny_axi/solution1/.autopilot/db/a.g.ld.3.fpc.bc -only-needed /tools/Xilinx/Vitis_HLS/2022.2/lnx64/lib/libfloatconversion_39.bc 
Execute           ap_eval exec -ignorestderr /tools/Xilinx/Vitis_HLS/2022.2/lnx64/tools/clang-3.9-csynth/bin/llvm-link /home/cym/prj2/finn/notebooks/icl_thesis-master/experiments/imgds_linear_sparse/stage4_structural_small_models/hls/tiny_q16_d6_ff12/hls/imgds_linear_tiny_axi/solution1/.autopilot/db/a.g.ld.3.fpc.bc -only-needed /tools/Xilinx/Vitis_HLS/2022.2/lnx64/lib/libfloatconversion_39.bc -o /home/cym/prj2/finn/notebooks/icl_thesis-master/experiments/imgds_linear_sparse/stage4_structural_small_models/hls/tiny_q16_d6_ff12/hls/imgds_linear_tiny_axi/solution1/.autopilot/db/a.g.ld.4.m2.bc > /home/cym/prj2/finn/notebooks/icl_thesis-master/experiments/imgds_linear_sparse/stage4_structural_small_models/hls/tiny_q16_d6_ff12/hls/imgds_linear_tiny_axi/solution1/.autopilot/db/a.g.ld.4.m2.bc.llvm-link.out.log 2> /home/cym/prj2/finn/notebooks/icl_thesis-master/experiments/imgds_linear_sparse/stage4_structural_small_models/hls/tiny_q16_d6_ff12/hls/imgds_linear_tiny_axi/solution1/.autopilot/db/a.g.ld.4.m2.bc.llvm-link.err.log 
INFO-FLOW: 
Execute         run_link_or_opt -opt -out /home/cym/prj2/finn/notebooks/icl_thesis-master/experiments/imgds_linear_sparse/stage4_structural_small_models/hls/tiny_q16_d6_ff12/hls/imgds_linear_tiny_axi/solution1/.autopilot/db/a.g.ld.5.gdce.bc -args /home/cym/prj2/finn/notebooks/icl_thesis-master/experiments/imgds_linear_sparse/stage4_structural_small_models/hls/tiny_q16_d6_ff12/hls/imgds_linear_tiny_axi/solution1/.autopilot/db/a.g.ld.4.m2.bc -reflow-globaldce -hls-top-function-name=imgds_linear_tiny 
Execute           ap_eval exec -ignorestderr /tools/Xilinx/Vitis_HLS/2022.2/lnx64/tools/clang-3.9-csynth/bin/opt -pass-remarks-missed=reflow|pasta|unroll -pass-remarks=reflow|pasta|unroll|inline -pass-remarks-output=/home/cym/prj2/finn/notebooks/icl_thesis-master/experiments/imgds_linear_sparse/stage4_structural_small_models/hls/tiny_q16_d6_ff12/hls/imgds_linear_tiny_axi/solution1/.autopilot/db/a.g.ld.5.gdce.bc.opt.diag.yml /home/cym/prj2/finn/notebooks/icl_thesis-master/experiments/imgds_linear_sparse/stage4_structural_small_models/hls/tiny_q16_d6_ff12/hls/imgds_linear_tiny_axi/solution1/.autopilot/db/a.g.ld.4.m2.bc -reflow-globaldce -hls-top-function-name=imgds_linear_tiny -o /home/cym/prj2/finn/notebooks/icl_thesis-master/experiments/imgds_linear_sparse/stage4_structural_small_models/hls/tiny_q16_d6_ff12/hls/imgds_linear_tiny_axi/solution1/.autopilot/db/a.g.ld.5.gdce.bc > /home/cym/prj2/finn/notebooks/icl_thesis-master/experiments/imgds_linear_sparse/stage4_structural_small_models/hls/tiny_q16_d6_ff12/hls/imgds_linear_tiny_axi/solution1/.autopilot/db/a.g.ld.5.gdce.bc.opt.out.log 2> /home/cym/prj2/finn/notebooks/icl_thesis-master/experiments/imgds_linear_sparse/stage4_structural_small_models/hls/tiny_q16_d6_ff12/hls/imgds_linear_tiny_axi/solution1/.autopilot/db/a.g.ld.5.gdce.bc.opt.err.log 
INFO-FLOW: 
Execute         send_msg_by_id INFO @200-777@%s Vivado 
INFO: [HLS 200-777] Using interface defaults for 'Vivado' flow target.
Execute         is_m_axi_addr64 
INFO-FLOW: Doing LTO.
Execute         ap_eval exec -ignorestderr /tools/Xilinx/Vitis_HLS/2022.2/lnx64/tools/clang-3.9-csynth/bin/clang -foptimization-record-file=/home/cym/prj2/finn/notebooks/icl_thesis-master/experiments/imgds_linear_sparse/stage4_structural_small_models/hls/tiny_q16_d6_ff12/hls/imgds_linear_tiny_axi/solution1/.autopilot/db/a.g.ld.0.bc.clang.diag.yml -mllvm -pass-remarks-missed=reflow|pasta|unroll -mllvm -pass-remarks=reflow|pasta|unroll|inline -fhls -mllvm -hls-top-function-name=imgds_linear_tiny -mllvm -hls-db-dir -mllvm /home/cym/prj2/finn/notebooks/icl_thesis-master/experiments/imgds_linear_sparse/stage4_structural_small_models/hls/tiny_q16_d6_ff12/hls/imgds_linear_tiny_axi/solution1/.autopilot/db -emit-llvm -c -target fpga64-xilinx-none -mllvm -xcl-xmlinfo=/home/cym/prj2/finn/notebooks/icl_thesis-master/experiments/imgds_linear_sparse/stage4_structural_small_models/hls/tiny_q16_d6_ff12/hls/imgds_linear_tiny_axi/solution1/.autopilot/db/kernel.internal.xml -mllvm -top-io-mapping-info=/home/cym/prj2/finn/notebooks/icl_thesis-master/experiments/imgds_linear_sparse/stage4_structural_small_models/hls/tiny_q16_d6_ff12/hls/imgds_linear_tiny_axi/solution1/.autopilot/db/top-io-fe.xml -mllvm -hls-bitcode-version=3.1 -mllvm -reflow-enable-slave-interface-default-setting=true -mllvm -gen-kernel-xml=false -mllvm -default-maxi-offset=slave -mllvm -maxi-latency=0 -mllvm -hls-maxi-data-size-in-bits=8 -mllvm -hls-maxi-max-data-size-in-bits=1024 -mllvm -hls-max-widen-size-in-bits=0 -mllvm -xcl-kernel-max-mem-ports=0 -mllvm -maxi-read-trans=16 -mllvm -maxi-write-trans=16 -mllvm -maxi-read-burst-len=16 -mllvm -maxi-write-burst-len=16 -mllvm -reflow-enable-saxi-64bits=0 -mllvm -reflow-basic-block-instr-threshold=200000 -mllvm -reflow-auto-pipeline-threshold=64 -mllvm -reflow-enable-maxi-auto-id-channel=0 -mllvm -assume-maxi-align=1 -mllvm -reflow-pipeline-style-llvm-setting=2 -mllvm -reflow-enable-dataflow-strict-mode-checking=1 -mllvm -reflow-auto-array-partition-mode=default -mllvm -reflow-enable-auto-array-partition=true -mllvm -reflow-enable-auto-parallel-performance-driven=true -mllvm -reflow-enable-partition-for-automation=true -mllvm -reflow-aggregate-bitwidth-threshold=4096 -mllvm -reflow-assume-no-address-wrap=true -mllvm -hls -mllvm -disable-inlined-alloca-merging=true -mllvm -default-clock-period=10 -x ir /home/cym/prj2/finn/notebooks/icl_thesis-master/experiments/imgds_linear_sparse/stage4_structural_small_models/hls/tiny_q16_d6_ff12/hls/imgds_linear_tiny_axi/solution1/.autopilot/db/a.g.ld.5.gdce.bc -o /home/cym/prj2/finn/notebooks/icl_thesis-master/experiments/imgds_linear_sparse/stage4_structural_small_models/hls/tiny_q16_d6_ff12/hls/imgds_linear_tiny_axi/solution1/.autopilot/db/a.g.lto.bc -hls-platform-db-name=/tools/Xilinx/Vitis_HLS/2022.2/common/technology/xilinx/common/platform.db -hls-platform-name=zynq_slow -device-resource-info=BRAM_280.000000_DSP_220.000000_FF_106400.000000_LUT_53200.000000_SLICE_13300.000000_URAM_0.000000 -device-name-info=xc7z020clg400-1 > /home/cym/prj2/finn/notebooks/icl_thesis-master/experiments/imgds_linear_sparse/stage4_structural_small_models/hls/tiny_q16_d6_ff12/hls/imgds_linear_tiny_axi/solution1/.autopilot/db/a.g.ld.0.bc.clang.out.log 2> /home/cym/prj2/finn/notebooks/icl_thesis-master/experiments/imgds_linear_sparse/stage4_structural_small_models/hls/tiny_q16_d6_ff12/hls/imgds_linear_tiny_axi/solution1/.autopilot/db/a.g.ld.0.bc.clang.err.log 
Command         ap_eval done; 0.87 sec.
INFO: [HLS 214-131] Inlining function 'feature_map(ap_fixed<16, 6, (ap_q_mode)5, (ap_o_mode)3, 0>)' into 'linear_attention_tiny(ap_fixed<16, 6, (ap_q_mode)5, (ap_o_mode)3, 0> (*) [6], ap_fixed<16, 6, (ap_q_mode)5, (ap_o_mode)3, 0> const*, ap_fixed<16, 6, (ap_q_mode)5, (ap_o_mode)3, 0> const*, ap_fixed<16, 6, (ap_q_mode)5, (ap_o_mode)3, 0> const*, ap_fixed<16, 6, (ap_q_mode)5, (ap_o_mode)3, 0> const*, ap_fixed<16, 6, (ap_q_mode)5, (ap_o_mode)3, 0> const*)' (src/imgds_linear_tiny.cpp:56:23)
INFO: [HLS 214-131] Inlining function 'feature_map(ap_fixed<16, 6, (ap_q_mode)5, (ap_o_mode)3, 0>)' into 'linear_attention_tiny(ap_fixed<16, 6, (ap_q_mode)5, (ap_o_mode)3, 0> (*) [6], ap_fixed<16, 6, (ap_q_mode)5, (ap_o_mode)3, 0> const*, ap_fixed<16, 6, (ap_q_mode)5, (ap_o_mode)3, 0> const*, ap_fixed<16, 6, (ap_q_mode)5, (ap_o_mode)3, 0> const*, ap_fixed<16, 6, (ap_q_mode)5, (ap_o_mode)3, 0> const*, ap_fixed<16, 6, (ap_q_mode)5, (ap_o_mode)3, 0> const*)' (src/imgds_linear_tiny.cpp:55:23)
INFO: [HLS 214-186] Unrolling loop 'VITIS_LOOP_194_8' (src/imgds_linear_tiny.cpp:194:23) in function 'imgds_linear_tiny' completely with a factor of 2 (src/imgds_linear_tiny.cpp:150:0)
INFO: [HLS 214-186] Unrolling loop 'VITIS_LOOP_197_9' (src/imgds_linear_tiny.cpp:197:27) in function 'imgds_linear_tiny' completely with a factor of 6 (src/imgds_linear_tiny.cpp:150:0)
INFO: [HLS 214-178] Inlining function 'feedforward_tiny(ap_fixed<16, 6, (ap_q_mode)5, (ap_o_mode)3, 0> (*) [6], ap_fixed<16, 6, (ap_q_mode)5, (ap_o_mode)3, 0> const*, ap_fixed<16, 6, (ap_q_mode)5, (ap_o_mode)3, 0> const*, ap_fixed<16, 6, (ap_q_mode)5, (ap_o_mode)3, 0> const*, ap_fixed<16, 6, (ap_q_mode)5, (ap_o_mode)3, 0> const*)' into 'imgds_linear_tiny(ap_fixed<16, 6, (ap_q_mode)5, (ap_o_mode)3, 0> (*) [64], ap_fixed<16, 6, (ap_q_mode)5, (ap_o_mode)3, 0>*)' (src/imgds_linear_tiny.cpp:150:0)
INFO: [HLS 214-241] Aggregating maxi variable 'input' with compact=none mode in 16-bits (src/imgds_linear_tiny.cpp:150:0)
INFO: [HLS 214-115] Multiple burst reads of length 64 and bit width 16 in loop 'VITIS_LOOP_163_3'(src/imgds_linear_tiny.cpp:163:31) has been inferred on bundle 'gmem0'. These burst requests might be further partitioned into multiple requests during RTL generation, based on max_read_burst_length or max_write_burst_length settings. (src/imgds_linear_tiny.cpp:163:31)
INFO: [HLS 214-115] Multiple burst writes of length 2 and bit width 16 has been inferred on bundle 'gmem1'. These burst requests might be further partitioned into multiple requests during RTL generation, based on max_read_burst_length or max_write_burst_length settings. (src/imgds_linear_tiny.cpp:194:32)
INFO-FLOW: DBG:PUTS: copy_raw_kernel_xml ap_link_39: kernel.xml not generated: /home/cym/prj2/finn/notebooks/icl_thesis-master/experiments/imgds_linear_sparse/stage4_structural_small_models/hls/tiny_q16_d6_ff12/hls/imgds_linear_tiny_axi/solution1/.autopilot/db/kernel.internal.xml
INFO: [HLS 200-111] Finished Compiling Optimization and Transform: CPU user time: 2.79 seconds. CPU system time: 0.4 seconds. Elapsed time: 3.18 seconds; current allocated memory: 311.980 MB.
INFO: [HLS 200-111] Finished Checking Pragmas: CPU user time: 0 seconds. CPU system time: 0 seconds. Elapsed time: 0 seconds; current allocated memory: 311.980 MB.
Execute         opt_and_import_c a -opt_level=2 -skip_syncheck=0 -ng=0 -keep_printf=0 
Execute           cleanup_all_models 
INFO: [HLS 200-10] Starting code transformations ...
INFO-FLOW: Running Standard Transforms...
Execute           transform -hls -share-std-xform -demangle-name -inline-byval-memcpy -always-inline -promote-dbg-pointer -interface-preproc -mem2reg -scalarrepl -mem2reg -keep-read-access -instcombine -dce -promote-dbg-pointer -bitop-raise -loop-simplify -indvarspre -indvars -loop-simplify -xunroll -constprop -instcombine -simplifycfg -indvars -simplifycfg -dce -globaldce -basicaa -simplifycfg -mem2reg -globalopt -global-constprop -deadargelim -instcombine -simplifycfg -scalarrepl -instcombine -reassociate -licm -simplifycfg -loop-simplify -indvars -instcombine -simplifycfg -mem2reg -loop-simplify -indvars -instcombine -gvn -gvn -instcombine -adce -break-crit-edges -simplifycfg -loop-delete -global-array-opt -dce -dse -adce -find-syn-modules -top imgds_linear_tiny -deadargelim -mem2reg -instcombine -dce -presyn-prepare -auto-rom-infer -interface-preproc -syn-check -check-rec-only -find-region -simplifycfg -func-extr -function-inline -globaldce -mem2reg -instcombine -dce -gvn -globaldce -adce -adse -constprop -instcombine -bit-constprop -instcombine -dce -simplifycfg -bitop-raise -simplifycfg -dce -loop-delete -reassociate -globalopt -global-privatize -mem2reg -dce -global-constprop -pointer-simplify -constprop -dce -auto-shift-reg-idiom -promote-dbg-pointer -norm-name /home/cym/prj2/finn/notebooks/icl_thesis-master/experiments/imgds_linear_sparse/stage4_structural_small_models/hls/tiny_q16_d6_ff12/hls/imgds_linear_tiny_axi/solution1/.autopilot/db/a.g.0.bc -o /home/cym/prj2/finn/notebooks/icl_thesis-master/experiments/imgds_linear_sparse/stage4_structural_small_models/hls/tiny_q16_d6_ff12/hls/imgds_linear_tiny_axi/solution1/.autopilot/db/a.g.1.bc -f -phase std-opt 
Command           transform done; 0.11 sec.
INFO: [HLS 200-111] Finished Standard Transforms: CPU user time: 0.09 seconds. CPU system time: 0.02 seconds. Elapsed time: 0.11 seconds; current allocated memory: 336.406 MB.
INFO: [HLS 200-10] Checking synthesizability ...
INFO-FLOW: Checking Synthesizability 1/2..
Execute           transform -hls -syn-check -check-rec-only -scalarrepl -norm-name -dce -mem2reg -instcombine -directive-preproc -mem2reg -dse -dce -auto-rom-infer -dce -pag -array-normalize -instcombine -dce -array-seg-normalize -instcombine -dce -data-pack -instcombine -dce -inst-simplify -array-flatten -instcombine -dce -array-burst -dce -deadargelim -promote-global-argument -simplifycfg -mem2reg -globaldce -dce -deadargelim -dce -instcombine -function-inline -globaldce -dce -doublePtrSimplify -doublePtrElim -dce -doublePtrSimplify -promote-dbg-pointer -dce -scalarrepl -dse -adse -instcombine -ptrLegalization -simplifycfg -dce -instcombine -pointer-simplify -ptrArgReplace -dce -instcombine -resolve-double-ptr -scalarrepl -norm-name -dce -mem2reg -instcombine -ptrLegalization -simplifycfg -deadargelim -instcombine -dce -inst-simplify -directive-preproc -mem2reg -dse -dce -globaldce /home/cym/prj2/finn/notebooks/icl_thesis-master/experiments/imgds_linear_sparse/stage4_structural_small_models/hls/tiny_q16_d6_ff12/hls/imgds_linear_tiny_axi/solution1/.autopilot/db/a.g.1.bc -o /home/cym/prj2/finn/notebooks/icl_thesis-master/experiments/imgds_linear_sparse/stage4_structural_small_models/hls/tiny_q16_d6_ff12/hls/imgds_linear_tiny_axi/solution1/.autopilot/db/a.g.2.prechk.bc -f 
Command           transform done; 0.12 sec.
INFO-FLOW: Checking Synthesizability 2/2..
Execute           transform -syn-check /home/cym/prj2/finn/notebooks/icl_thesis-master/experiments/imgds_linear_sparse/stage4_structural_small_models/hls/tiny_q16_d6_ff12/hls/imgds_linear_tiny_axi/solution1/.autopilot/db/a.g.2.prechk.bc -o /home/cym/prj2/finn/notebooks/icl_thesis-master/experiments/imgds_linear_sparse/stage4_structural_small_models/hls/tiny_q16_d6_ff12/hls/imgds_linear_tiny_axi/solution1/.autopilot/db/a.g.2.bc -f -phase syn-check 
WARNING: [SYNCHK 200-23] /tools/Xilinx/Vitis_HLS/2022.2/common/technology/autopilot/ap_fixed_base.h:1102: variable-indexed range selection may cause suboptimal QoR.
WARNING: [SYNCHK 200-120] /tools/Xilinx/Vitis_HLS/2022.2/common/technology/autopilot/ap_fixed_base.h:1273: multiplication is assumed not to overflow by default, otherwise, please add option '-fwrapv'.
INFO: [SYNCHK 200-10] 0 error(s), 2 warning(s).
INFO: [HLS 200-111] Finished Checking Synthesizability: CPU user time: 0.19 seconds. CPU system time: 0.02 seconds. Elapsed time: 0.22 seconds; current allocated memory: 369.836 MB.
INFO-FLOW: Compiler optimizing ...
INFO-FLOW: Share syncheck's 1.bc for syn flow: copy /home/cym/prj2/finn/notebooks/icl_thesis-master/experiments/imgds_linear_sparse/stage4_structural_small_models/hls/tiny_q16_d6_ff12/hls/imgds_linear_tiny_axi/solution1/.autopilot/db/a.g.1.bc to /home/cym/prj2/finn/notebooks/icl_thesis-master/experiments/imgds_linear_sparse/stage4_structural_small_models/hls/tiny_q16_d6_ff12/hls/imgds_linear_tiny_axi/solution1/.autopilot/db/a.o.1.bc
INFO-FLOW: Presyn 1...
Execute           transform -hls -tmp /home/cym/prj2/finn/notebooks/icl_thesis-master/experiments/imgds_linear_sparse/stage4_structural_small_models/hls/tiny_q16_d6_ff12/hls/imgds_linear_tiny_axi/solution1/.autopilot/db -interface-port-rename -directive-preproc -mem2reg -dse -dce -scalarrepl -norm-name -deadargelim -mem2reg -instcombine -dce -simplifycfg -auto-rom-infer -dce -resource-proc -clib-intrinsic-prepare -dce -func-buffer -dce -pag -array-normalize -func-legal -instcombine -gvn -constprop -dce -simplifycfg -mem2reg -globaldce -resolve-double-ptr -dce -deadargelim -dce -instcombine -ptrArgReplace -mem2reg -dce -array-seg-normalize -deadargelim -instcombine -dce -directive-preproc -mem2reg -dse -dce -pointer-simplify -dce -port-alignment -dce -interface-preproc -data-pack -instcombine -dce -basicaa -aggr-aa -aggrmodref-aa -aggr-aa -gvn -gvn -basicaa -aggr-aa -aggrmodref-aa -aggr-aa -dse -adse -adce -loop-simplify -indvars -instcombine -gvn -loop-simplify -mem2reg -dce -find-region -instcombine -auto-loop-pipeline -inst-simplify -interface-preproc -cfgopt -instcombine -indvars -auto-loop-unroll -loop-simplify -loop-bound -xunroll -constprop -instcombine -simplifycfg -indvars -simplifycfg -dce -globaldce -clean-region -attach-range -gvn -inst-simplify -constprop -simplifycfg -dce -pointer-simplify -dce -globalopt -constprop -dce -array-promote -scalar-auto-dep-elim -constprop -dce -ptrArgReplace -mem2reg -simplifycfg -dce -instcombine -dce -array-transform-check -array-reshape -instcombine -simplifycfg -dce -ptrArgReplace -deadargelim -mem2reg -instcombine -simplifycfg -dce -indvars -loop-simplify -loop-bound -xunroll -constprop -instcombine -simplifycfg -indvars -simplifycfg -dce -globaldce -basicaa -aggr-aa -aggrmodref-aa -aggr-aa -dse -duplicate-dataflow-processes -globaldce -instcombine -array-partition -prepare-dynamic-array-partition -instcombine -simplifycfg -dce -ptrArgReplace -global-constprop -deadargelim -mem2reg -func-legal -dce -global-constprop -deadargelim -mem2reg -simplifycfg -dce -merge-param -deadargelim -globalopt -constprop -dce -array-promote -scalar-auto-dep-elim -constprop -dce -ptrArgReplace -mem2reg -simplifycfg -dce -mem-intrinsic-preproc -dce -global-internalize -global-privatize -mem2reg -globaldce -promote-global-argument -ptrArgReplace -mem2reg -dce -globalopt -mergereturn -simplify-global-access -mem2reg -dce -pointer-simplify -dce -functionattrs -basicaa -aggr-aa -aggrmodref-aa -aggr-aa -gvn -gvn -basicaa -aggr-aa -aggrmodref-aa -aggr-aa -dse -adse -adce -dce -norm-name -basicaa -aggr-aa -aggrmodref-aa -aggr-aa -accesses-merge -function-inline -complex-op-raise -inst-simplify -globaldce -func-legal -dce -loop-bound -arraycheck -bitwidthmin2 -bitwidthmin2 -on-by-dataflow -loop-delete -instcombine -simplifycfg -globaldce -dce -gvn -deadargelim -dce -loop-simplify -clean-region -simplifycfg -propagate-stable-arguments -loop-stream -instcombine -simplifycfg -dce -globaldce -duplicate-dataflow-processes -stream-intrinsic-preproc -dce -check-ap-stream -loop-simplify -eliminate-keepreads -extract-dataflow-in-loop -loop-simplify -dce -gvn -deadargelim -dse -duplicate-dataflow-processes -check-dataflow-syntax -legalize-stream-variable -globaldce -legalize-global -extract-subproc -dce -dead-channel-elimination -canonicalize-gep -globaldce -dce -gvn -hls-dead-arg-elim -deadargelim -directive-preproc -canonicalize-dataflow -dce -globaldce -scalar-preprocessing -scalar-propagation2 -deadargelim -globaldce -mem2reg -check-dataflow-channels -function-stream -dce -globaldce -prop-fifo-spec -internal-stream-gen -canonicalize-gep -globaldce -dce -gvn -deadargelim -mergereturn -indvars -loop-simplify -instcombine -array-stream -array-seg-normalize -array-partition -func-legal -instcombine -simplifycfg -dce -bundle-memfifo-ops -deadargelim -directive-preproc -mem2reg -dse -dce -group-axi-access -licm -simplifycfg -dce -loop-delete -hls-display -norm-name /home/cym/prj2/finn/notebooks/icl_thesis-master/experiments/imgds_linear_sparse/stage4_structural_small_models/hls/tiny_q16_d6_ff12/hls/imgds_linear_tiny_axi/solution1/.autopilot/db/a.o.1.bc -o /home/cym/prj2/finn/notebooks/icl_thesis-master/experiments/imgds_linear_sparse/stage4_structural_small_models/hls/tiny_q16_d6_ff12/hls/imgds_linear_tiny_axi/solution1/.autopilot/db/a.o.1.tmp.bc -f 
INFO: [XFORM 203-510] Pipelining loop 'VITIS_LOOP_19_1' (src/imgds_linear_tiny.cpp:18) in function 'layer_norm_tiny' automatically.
INFO: [XFORM 203-510] Pipelining loop 'VITIS_LOOP_22_2' (src/imgds_linear_tiny.cpp:21) in function 'layer_norm_tiny' automatically.
INFO: [XFORM 203-510] Pipelining loop 'VITIS_LOOP_27_3' (src/imgds_linear_tiny.cpp:27) in function 'layer_norm_tiny' automatically.
INFO: [XFORM 203-510] Pipelining loop 'VITIS_LOOP_176_4' (src/imgds_linear_tiny.cpp:176) in function 'imgds_linear_tiny' automatically.
INFO: [XFORM 203-510] Pipelining loop 'VITIS_LOOP_146_6' (src/imgds_linear_tiny.cpp:146) in function 'imgds_linear_tiny' automatically.
INFO: [XFORM 203-510] Pipelining loop 'VITIS_LOOP_179_5' (src/imgds_linear_tiny.cpp:179) in function 'imgds_linear_tiny' automatically.
INFO: [XFORM 203-502] Unrolling all loops for pipelining in function 'layer_norm_tiny.1' (src/imgds_linear_tiny.cpp:18:22).
INFO: [HLS 200-489] Unrolling loop 'VITIS_LOOP_19_1' (src/imgds_linear_tiny.cpp:18) in function 'layer_norm_tiny.1' completely with a factor of 6.
INFO: [HLS 200-489] Unrolling loop 'VITIS_LOOP_22_2' (src/imgds_linear_tiny.cpp:21) in function 'layer_norm_tiny.1' completely with a factor of 6.
INFO: [HLS 200-489] Unrolling loop 'VITIS_LOOP_27_3' (src/imgds_linear_tiny.cpp:27) in function 'layer_norm_tiny.1' completely with a factor of 6.
INFO: [XFORM 203-102] Partitioning array 'layers_0_norm2_weight.V' automatically.
INFO: [XFORM 203-102] Partitioning array 'layers_0_norm2_bias.V' automatically.
INFO: [XFORM 203-102] Partitioning array 'layers_0_norm1_weight.V' automatically.
INFO: [XFORM 203-102] Partitioning array 'layers_0_norm1_bias.V' automatically.
Command           transform done; 0.44 sec.
INFO-FLOW: Presyn 2...
Execute           transform -hls -keep-callgraph -scalarrepl -mem2reg -port-alignment -attach-range -dce -pipe-mux-gen -indvars -loop-bound -inst-simplify -instcombine -dce -merge-array-access -mem2reg -dce -clean-region -mergereturn -if-conv -instcombine -dce -constprop -basicaa -aggr-aa -aggrmodref-aa -aggr-aa -gvn -gvn -basicaa -aggr-aa -aggrmodref-aa -aggr-aa -dse -adse -adce -scalarrepl -mem2reg -global-constprop -deadargelim -deadargelim -instcombine -dce -simplifycfg -ptrArgReplace -mem2reg -function-inline -globaldce -mem2reg -instcombine -dce -expr-balance -instcombine -dce -bitwidthmin2 -bitwidthmin2 -interface-preproc -directive-preproc -inst-rectify -instcombine -dce -functionattrs -constprop -instcombine -bit-constprop -simplify-global-access -globalopt -globaldce -inst-simplify -instcombine -elimdeaddata -dce -loop-delete -simplifycfg -loop-simplify -barrier -norm-name /home/cym/prj2/finn/notebooks/icl_thesis-master/experiments/imgds_linear_sparse/stage4_structural_small_models/hls/tiny_q16_d6_ff12/hls/imgds_linear_tiny_axi/solution1/.autopilot/db/a.o.1.tmp.bc -o /home/cym/prj2/finn/notebooks/icl_thesis-master/experiments/imgds_linear_sparse/stage4_structural_small_models/hls/tiny_q16_d6_ff12/hls/imgds_linear_tiny_axi/solution1/.autopilot/db/a.o.2.bc -f -phase presyn 
INFO: [XFORM 203-401] Performing if-conversion on hyperblock from (src/imgds_linear_tiny.cpp:9:41) to (src/imgds_linear_tiny.cpp:46:26) in function 'linear_attention_tiny'... converting 31 basic blocks.
INFO: [XFORM 203-401] Performing if-conversion on hyperblock to (src/imgds_linear_tiny.cpp:96:27) in function 'linear_attention_tiny'... converting 16 basic blocks.
INFO: [XFORM 203-401] Performing if-conversion on hyperblock to (src/imgds_linear_tiny.cpp:31:1) in function 'layer_norm_tiny.1'... converting 16 basic blocks.
INFO: [XFORM 203-401] Performing if-conversion on hyperblock to (src/imgds_linear_tiny.cpp:27:22) in function 'layer_norm_tiny'... converting 16 basic blocks.
INFO: [XFORM 203-11] Balancing expressions in function 'layer_norm_tiny.1' (src/imgds_linear_tiny.cpp:25:1)...5 expression(s) balanced.
Command           transform done; 0.18 sec.
INFO: [HLS 200-111] Finished Loop, function and other optimizations: CPU user time: 0.45 seconds. CPU system time: 0.02 seconds. Elapsed time: 0.62 seconds; current allocated memory: 424.781 MB.
INFO-FLOW: Building ssdm...
Execute           transform -hls -auto-function-inline -globaldce -ptrArgReplace -mem2reg -dce -reset-lda -loop-simplify -indvars -aggr-aa -licm -loop-dep -loop-bound -licm -loop-simplify -loop-sink-hoist -flattenloopnest -array-flatten -gvn -instcombine -dce -array-map -dce -func-legal -gvn -adce -instcombine -cfgopt -simplifycfg -loop-simplify -array-burst -promote-global-argument -dce -array-seg-normalize -basicaa -aggrmodref-aa -globalsmodref-aa -aggr-aa -gvn -gvn -basicaa -aggrmodref-aa -globalsmodref-aa -aggr-aa -dse -adse -adce -licm -inst-simplify -dce -globaldce -instcombine -array-stream -eliminate-keepreads -instcombine -dce -deadargelim -doublePtrSimplify -doublePtrElim -dce -doublePtrSimplify -promote-dbg-pointer -dce -scalarrepl -mem2reg -norm-name -mem2reg -instcombine -dse -adse -adce -ptrLegalization -dce -auto-rom-infer -array-flatten -dce -instcombine -check-doubleptr -loop-rot -constprop -cfgopt -simplifycfg -loop-simplify -indvars -pointer-simplify -dce -loop-bound -loop-simplify -loop-preproc -constprop -global-constprop -gvn -mem2reg -instcombine -dce -loop-bound -loop-merge -dce -deadargelim -dce -canonicalize-dataflow -dce -deadargelim -globaldce -mem2reg -bram-byte-enable -load-elim -read-loop-dep -loop-simplify -loop-extract-inner -directive-preproc -bitwidthmin2 -bitwidthmin2 -read-loop-dep -interface-preproc -directive-preproc -interface-gen -bram-byte-enable-spec-prop -deadargelim -inst-simplify -dce -gvn -mem2reg -instcombine -dce -adse -loop-bound -instcombine -cfgopt -simplifycfg -loop-simplify -clean-region -io-protocol -find-region -mem2reg -bitop-raise -complex-op-raise -inst-simplify -inst-rectify -instcombine -adce -deadargelim -float-op-raise -loop-simplify -phi-opt -bitop-raise -cfgopt -simplifycfg -strip-dead-prototypes -interface-lower -bitop-lower -intrinsic-lower -auto-function-inline -basicaa -aggrmodref-aa -globalsmodref-aa -aggr-aa -inst-simplify -simplifycfg -loop-simplify -mergereturn -inst-simplify -inst-rectify -dce -load-elim -bitop-lower -float-op-raise -fma-raise -loop-rewind -pointer-simplify -dce -cfgopt -dce -loop-bound -loop-dep -read-loop-dep -dce -dyn-mem-reuse -dce -recurrence-min -dce -share-scalar-alloca -deadargelim -dce -check-stream -norm-name -legalize -validate-dataflow -inst-clarity -bitwidth -dump-loop-dep-to-ir -check-all-ssdm -cdfg-build /home/cym/prj2/finn/notebooks/icl_thesis-master/experiments/imgds_linear_sparse/stage4_structural_small_models/hls/tiny_q16_d6_ff12/hls/imgds_linear_tiny_axi/solution1/.autopilot/db/a.o.2.bc -o /home/cym/prj2/finn/notebooks/icl_thesis-master/experiments/imgds_linear_sparse/stage4_structural_small_models/hls/tiny_q16_d6_ff12/hls/imgds_linear_tiny_axi/solution1/.autopilot/db/a.o.3.bc -f -phase build-ssdm 
WARNING: [HLS 200-960] Cannot flatten loop 'VITIS_LOOP_46_2' (src/imgds_linear_tiny.cpp:46:35) in function 'linear_attention_tiny' the outer loop is not a perfect loop because there is nontrivial logic in the loop latch.
INFO: [XFORM 203-541] Flattening a loop nest 'VITIS_LOOP_45_1' (src/imgds_linear_tiny.cpp:45:31) in function 'linear_attention_tiny'.
INFO: [XFORM 203-541] Flattening a loop nest 'VITIS_LOOP_64_5' (src/imgds_linear_tiny.cpp:64:35) in function 'linear_attention_tiny'.
INFO: [XFORM 203-541] Flattening a loop nest 'VITIS_LOOP_63_4' (src/imgds_linear_tiny.cpp:63:31) in function 'linear_attention_tiny'.
WARNING: [HLS 200-960] Cannot flatten loop 'VITIS_LOOP_76_7' (src/imgds_linear_tiny.cpp:76:31) in function 'linear_attention_tiny' the outer loop is not a perfect loop because there is nontrivial logic in the loop latch.
INFO: [XFORM 203-541] Flattening a loop nest 'VITIS_LOOP_96_11' (src/imgds_linear_tiny.cpp:96:36) in function 'linear_attention_tiny'.
WARNING: [HLS 200-960] Cannot flatten loop 'VITIS_LOOP_105_13' (src/imgds_linear_tiny.cpp:105:37) in function 'linear_attention_tiny' the outer loop is not a perfect loop.
WARNING: [HLS 200-960] Cannot flatten loop 'VITIS_LOOP_86_9' (src/imgds_linear_tiny.cpp:87:15) in function 'linear_attention_tiny' more than one sub loop.
WARNING: [HLS 200-960] Cannot flatten loop 'VITIS_LOOP_161_2' (src/imgds_linear_tiny.cpp:161:36) in function 'imgds_linear_tiny' the outer loop is not a perfect loop.
INFO: [XFORM 203-541] Flattening a loop nest 'VITIS_LOOP_160_1' (src/imgds_linear_tiny.cpp:160:32) in function 'imgds_linear_tiny'.
WARNING: [HLS 200-960] Cannot flatten loop 'VITIS_LOOP_126_2' (src/imgds_linear_tiny.cpp:126:36) in function 'imgds_linear_tiny' the outer loop is not a perfect loop because there is nontrivial logic in the loop latch.
WARNING: [HLS 200-960] Cannot flatten loop 'VITIS_LOOP_137_4' (src/imgds_linear_tiny.cpp:137:36) in function 'imgds_linear_tiny' the outer loop is not a perfect loop.
WARNING: [HLS 200-960] Cannot flatten loop 'VITIS_LOOP_124_1' (src/imgds_linear_tiny.cpp:124:29) in function 'imgds_linear_tiny' more than one sub loop.
INFO: [XFORM 203-541] Flattening a loop nest 'VITIS_LOOP_183_6' (src/imgds_linear_tiny.cpp:183:32) in function 'imgds_linear_tiny'.
INFO: [HLS 200-472] Inferring partial write operation for 'Q.V' (src/imgds_linear_tiny.cpp:55:21)
INFO: [HLS 200-472] Inferring partial write operation for 'K.V' (src/imgds_linear_tiny.cpp:56:21)
INFO: [HLS 200-472] Inferring partial write operation for 'V.V' (src/imgds_linear_tiny.cpp:57:21)
INFO: [HLS 200-472] Inferring partial write operation for 'KV.V' (src/imgds_linear_tiny.cpp:70:24)
INFO: [HLS 200-472] Inferring partial write operation for 'K_sum.V' (src/imgds_linear_tiny.cpp:82:18)
INFO: [HLS 200-472] Inferring partial write operation for 'attended.V' (src/imgds_linear_tiny.cpp:102:26)
INFO: [HLS 200-472] Inferring partial write operation for 'x' (src/imgds_linear_tiny.cpp:111:23)
INFO: [HLS 200-472] Inferring partial write operation for 'x' (src/imgds_linear_tiny.cpp:29:14)
INFO: [HLS 200-472] Inferring partial write operation for 'x.V' (src/imgds_linear_tiny.cpp:167:21)
INFO: [HLS 200-472] Inferring partial write operation for 'hidden.V' 
INFO: [HLS 200-472] Inferring partial write operation for 'ff_out.V' (src/imgds_linear_tiny.cpp:143:23)
INFO: [HLS 200-472] Inferring partial write operation for 'x.V' (src/imgds_linear_tiny.cpp:146:65)
INFO: [HLS 200-472] Inferring partial write operation for 'pooled.V' (src/imgds_linear_tiny.cpp:189:19)
Command           transform done; 0.5 sec.
INFO: [HLS 200-111] Finished Architecture Synthesis: CPU user time: 0.35 seconds. CPU system time: 0.06 seconds. Elapsed time: 0.5 seconds; current allocated memory: 617.762 MB.
INFO-FLOW: Finish building internal data model.
Command         opt_and_import_c done; 1.45 sec.
Command       elaborate done; 8.54 sec.
Execute       ap_eval exec zip -j /home/cym/prj2/finn/notebooks/icl_thesis-master/experiments/imgds_linear_sparse/stage4_structural_small_models/hls/tiny_q16_d6_ff12/hls/imgds_linear_tiny_axi/solution1/.autopilot/db/dut.hcp $dbDir/a.o.3.bc $dbDir/${topname}.rtl_wrap.cfg.tcl $dbDir/apatb_${topname}.cpp $dbDir/apatb_${topname}_util.cpp $dbDir/apatb_${topname}_ir.ll $dbDir/mapper_${topname}.cpp $dbDir/top-io-fe.xml $dbDir/kernel.internal.xml $workdir/../hls.app 
Execute       autosyn -from_csynth_design=1 
INFO: [HLS 200-10] Starting hardware synthesis ...
INFO-FLOW: Synthesizing C/C++ design ...
INFO: [HLS 200-10] Synthesizing 'imgds_linear_tiny' ...
Execute         ap_set_top_model imgds_linear_tiny 
WARNING: [SYN 201-103] Legalizing function name 'layer_norm_tiny.1' to 'layer_norm_tiny_1'.
Execute         get_model_list imgds_linear_tiny -filter all-wo-channel -topdown 
Execute         preproc_iomode -model imgds_linear_tiny 
Execute         preproc_iomode -model layer_norm_tiny 
Execute         preproc_iomode -model layer_norm_tiny_Pipeline_VITIS_LOOP_27_3 
Execute         preproc_iomode -model layer_norm_tiny_Pipeline_VITIS_LOOP_22_2 
Execute         preproc_iomode -model layer_norm_tiny_Pipeline_VITIS_LOOP_19_1 
Execute         preproc_iomode -model imgds_linear_tiny_Pipeline_VITIS_LOOP_183_6_VITIS_LOOP_185_7 
Execute         preproc_iomode -model imgds_linear_tiny_Pipeline_VITIS_LOOP_179_5 
Execute         preproc_iomode -model imgds_linear_tiny_Pipeline_VITIS_LOOP_146_6 
Execute         preproc_iomode -model imgds_linear_tiny_Pipeline_VITIS_LOOP_139_5 
Execute         preproc_iomode -model imgds_linear_tiny_Pipeline_VITIS_LOOP_128_3 
Execute         preproc_iomode -model imgds_linear_tiny_Pipeline_VITIS_LOOP_176_4 
Execute         preproc_iomode -model layer_norm_tiny.1 
Execute         preproc_iomode -model linear_attention_tiny 
Execute         preproc_iomode -model linear_attention_tiny_Pipeline_VITIS_LOOP_107_14 
Execute         preproc_iomode -model linear_attention_tiny_Pipeline_VITIS_LOOP_96_11_VITIS_LOOP_98_12 
Execute         preproc_iomode -model linear_attention_tiny_Pipeline_VITIS_LOOP_88_10 
Execute         preproc_iomode -model linear_attention_tiny_Pipeline_VITIS_LOOP_78_8 
Execute         preproc_iomode -model linear_attention_tiny_Pipeline_VITIS_LOOP_63_4_VITIS_LOOP_64_5_VITIS_LOOP_66_6 
Execute         preproc_iomode -model linear_attention_tiny_Pipeline_VITIS_LOOP_48_3 
Execute         preproc_iomode -model imgds_linear_tiny_Pipeline_VITIS_LOOP_163_3 
Execute         get_model_list imgds_linear_tiny -filter all-wo-channel 
INFO-FLOW: Model list for configure: imgds_linear_tiny_Pipeline_VITIS_LOOP_163_3 linear_attention_tiny_Pipeline_VITIS_LOOP_48_3 linear_attention_tiny_Pipeline_VITIS_LOOP_63_4_VITIS_LOOP_64_5_VITIS_LOOP_66_6 linear_attention_tiny_Pipeline_VITIS_LOOP_78_8 linear_attention_tiny_Pipeline_VITIS_LOOP_88_10 linear_attention_tiny_Pipeline_VITIS_LOOP_96_11_VITIS_LOOP_98_12 linear_attention_tiny_Pipeline_VITIS_LOOP_107_14 linear_attention_tiny layer_norm_tiny.1 imgds_linear_tiny_Pipeline_VITIS_LOOP_176_4 imgds_linear_tiny_Pipeline_VITIS_LOOP_128_3 imgds_linear_tiny_Pipeline_VITIS_LOOP_139_5 imgds_linear_tiny_Pipeline_VITIS_LOOP_146_6 imgds_linear_tiny_Pipeline_VITIS_LOOP_179_5 imgds_linear_tiny_Pipeline_VITIS_LOOP_183_6_VITIS_LOOP_185_7 layer_norm_tiny_Pipeline_VITIS_LOOP_19_1 layer_norm_tiny_Pipeline_VITIS_LOOP_22_2 layer_norm_tiny_Pipeline_VITIS_LOOP_27_3 layer_norm_tiny imgds_linear_tiny
INFO-FLOW: Configuring Module : imgds_linear_tiny_Pipeline_VITIS_LOOP_163_3 ...
Execute         set_default_model imgds_linear_tiny_Pipeline_VITIS_LOOP_163_3 
Execute         apply_spec_resource_limit imgds_linear_tiny_Pipeline_VITIS_LOOP_163_3 
INFO-FLOW: Configuring Module : linear_attention_tiny_Pipeline_VITIS_LOOP_48_3 ...
Execute         set_default_model linear_attention_tiny_Pipeline_VITIS_LOOP_48_3 
Execute         apply_spec_resource_limit linear_attention_tiny_Pipeline_VITIS_LOOP_48_3 
INFO-FLOW: Configuring Module : linear_attention_tiny_Pipeline_VITIS_LOOP_63_4_VITIS_LOOP_64_5_VITIS_LOOP_66_6 ...
Execute         set_default_model linear_attention_tiny_Pipeline_VITIS_LOOP_63_4_VITIS_LOOP_64_5_VITIS_LOOP_66_6 
Execute         apply_spec_resource_limit linear_attention_tiny_Pipeline_VITIS_LOOP_63_4_VITIS_LOOP_64_5_VITIS_LOOP_66_6 
INFO-FLOW: Configuring Module : linear_attention_tiny_Pipeline_VITIS_LOOP_78_8 ...
Execute         set_default_model linear_attention_tiny_Pipeline_VITIS_LOOP_78_8 
Execute         apply_spec_resource_limit linear_attention_tiny_Pipeline_VITIS_LOOP_78_8 
INFO-FLOW: Configuring Module : linear_attention_tiny_Pipeline_VITIS_LOOP_88_10 ...
Execute         set_default_model linear_attention_tiny_Pipeline_VITIS_LOOP_88_10 
Execute         apply_spec_resource_limit linear_attention_tiny_Pipeline_VITIS_LOOP_88_10 
INFO-FLOW: Configuring Module : linear_attention_tiny_Pipeline_VITIS_LOOP_96_11_VITIS_LOOP_98_12 ...
Execute         set_default_model linear_attention_tiny_Pipeline_VITIS_LOOP_96_11_VITIS_LOOP_98_12 
Execute         apply_spec_resource_limit linear_attention_tiny_Pipeline_VITIS_LOOP_96_11_VITIS_LOOP_98_12 
INFO-FLOW: Configuring Module : linear_attention_tiny_Pipeline_VITIS_LOOP_107_14 ...
Execute         set_default_model linear_attention_tiny_Pipeline_VITIS_LOOP_107_14 
Execute         apply_spec_resource_limit linear_attention_tiny_Pipeline_VITIS_LOOP_107_14 
INFO-FLOW: Configuring Module : linear_attention_tiny ...
Execute         set_default_model linear_attention_tiny 
Execute         apply_spec_resource_limit linear_attention_tiny 
INFO-FLOW: Configuring Module : layer_norm_tiny.1 ...
Execute         set_default_model layer_norm_tiny.1 
Execute         apply_spec_resource_limit layer_norm_tiny.1 
INFO-FLOW: Configuring Module : imgds_linear_tiny_Pipeline_VITIS_LOOP_176_4 ...
Execute         set_default_model imgds_linear_tiny_Pipeline_VITIS_LOOP_176_4 
Execute         apply_spec_resource_limit imgds_linear_tiny_Pipeline_VITIS_LOOP_176_4 
INFO-FLOW: Configuring Module : imgds_linear_tiny_Pipeline_VITIS_LOOP_128_3 ...
Execute         set_default_model imgds_linear_tiny_Pipeline_VITIS_LOOP_128_3 
Execute         apply_spec_resource_limit imgds_linear_tiny_Pipeline_VITIS_LOOP_128_3 
INFO-FLOW: Configuring Module : imgds_linear_tiny_Pipeline_VITIS_LOOP_139_5 ...
Execute         set_default_model imgds_linear_tiny_Pipeline_VITIS_LOOP_139_5 
Execute         apply_spec_resource_limit imgds_linear_tiny_Pipeline_VITIS_LOOP_139_5 
INFO-FLOW: Configuring Module : imgds_linear_tiny_Pipeline_VITIS_LOOP_146_6 ...
Execute         set_default_model imgds_linear_tiny_Pipeline_VITIS_LOOP_146_6 
Execute         apply_spec_resource_limit imgds_linear_tiny_Pipeline_VITIS_LOOP_146_6 
INFO-FLOW: Configuring Module : imgds_linear_tiny_Pipeline_VITIS_LOOP_179_5 ...
Execute         set_default_model imgds_linear_tiny_Pipeline_VITIS_LOOP_179_5 
Execute         apply_spec_resource_limit imgds_linear_tiny_Pipeline_VITIS_LOOP_179_5 
INFO-FLOW: Configuring Module : imgds_linear_tiny_Pipeline_VITIS_LOOP_183_6_VITIS_LOOP_185_7 ...
Execute         set_default_model imgds_linear_tiny_Pipeline_VITIS_LOOP_183_6_VITIS_LOOP_185_7 
Execute         apply_spec_resource_limit imgds_linear_tiny_Pipeline_VITIS_LOOP_183_6_VITIS_LOOP_185_7 
INFO-FLOW: Configuring Module : layer_norm_tiny_Pipeline_VITIS_LOOP_19_1 ...
Execute         set_default_model layer_norm_tiny_Pipeline_VITIS_LOOP_19_1 
Execute         apply_spec_resource_limit layer_norm_tiny_Pipeline_VITIS_LOOP_19_1 
INFO-FLOW: Configuring Module : layer_norm_tiny_Pipeline_VITIS_LOOP_22_2 ...
Execute         set_default_model layer_norm_tiny_Pipeline_VITIS_LOOP_22_2 
Execute         apply_spec_resource_limit layer_norm_tiny_Pipeline_VITIS_LOOP_22_2 
INFO-FLOW: Configuring Module : layer_norm_tiny_Pipeline_VITIS_LOOP_27_3 ...
Execute         set_default_model layer_norm_tiny_Pipeline_VITIS_LOOP_27_3 
Execute         apply_spec_resource_limit layer_norm_tiny_Pipeline_VITIS_LOOP_27_3 
INFO-FLOW: Configuring Module : layer_norm_tiny ...
Execute         set_default_model layer_norm_tiny 
Execute         apply_spec_resource_limit layer_norm_tiny 
INFO-FLOW: Configuring Module : imgds_linear_tiny ...
Execute         set_default_model imgds_linear_tiny 
Execute         apply_spec_resource_limit imgds_linear_tiny 
INFO-FLOW: Model list for preprocess: imgds_linear_tiny_Pipeline_VITIS_LOOP_163_3 linear_attention_tiny_Pipeline_VITIS_LOOP_48_3 linear_attention_tiny_Pipeline_VITIS_LOOP_63_4_VITIS_LOOP_64_5_VITIS_LOOP_66_6 linear_attention_tiny_Pipeline_VITIS_LOOP_78_8 linear_attention_tiny_Pipeline_VITIS_LOOP_88_10 linear_attention_tiny_Pipeline_VITIS_LOOP_96_11_VITIS_LOOP_98_12 linear_attention_tiny_Pipeline_VITIS_LOOP_107_14 linear_attention_tiny layer_norm_tiny.1 imgds_linear_tiny_Pipeline_VITIS_LOOP_176_4 imgds_linear_tiny_Pipeline_VITIS_LOOP_128_3 imgds_linear_tiny_Pipeline_VITIS_LOOP_139_5 imgds_linear_tiny_Pipeline_VITIS_LOOP_146_6 imgds_linear_tiny_Pipeline_VITIS_LOOP_179_5 imgds_linear_tiny_Pipeline_VITIS_LOOP_183_6_VITIS_LOOP_185_7 layer_norm_tiny_Pipeline_VITIS_LOOP_19_1 layer_norm_tiny_Pipeline_VITIS_LOOP_22_2 layer_norm_tiny_Pipeline_VITIS_LOOP_27_3 layer_norm_tiny imgds_linear_tiny
INFO-FLOW: Preprocessing Module: imgds_linear_tiny_Pipeline_VITIS_LOOP_163_3 ...
Execute         set_default_model imgds_linear_tiny_Pipeline_VITIS_LOOP_163_3 
Execute         cdfg_preprocess -model imgds_linear_tiny_Pipeline_VITIS_LOOP_163_3 
Execute         rtl_gen_preprocess imgds_linear_tiny_Pipeline_VITIS_LOOP_163_3 
INFO-FLOW: Preprocessing Module: linear_attention_tiny_Pipeline_VITIS_LOOP_48_3 ...
Execute         set_default_model linear_attention_tiny_Pipeline_VITIS_LOOP_48_3 
Execute         cdfg_preprocess -model linear_attention_tiny_Pipeline_VITIS_LOOP_48_3 
Execute         rtl_gen_preprocess linear_attention_tiny_Pipeline_VITIS_LOOP_48_3 
INFO-FLOW: Preprocessing Module: linear_attention_tiny_Pipeline_VITIS_LOOP_63_4_VITIS_LOOP_64_5_VITIS_LOOP_66_6 ...
Execute         set_default_model linear_attention_tiny_Pipeline_VITIS_LOOP_63_4_VITIS_LOOP_64_5_VITIS_LOOP_66_6 
Execute         cdfg_preprocess -model linear_attention_tiny_Pipeline_VITIS_LOOP_63_4_VITIS_LOOP_64_5_VITIS_LOOP_66_6 
Execute         rtl_gen_preprocess linear_attention_tiny_Pipeline_VITIS_LOOP_63_4_VITIS_LOOP_64_5_VITIS_LOOP_66_6 
INFO-FLOW: Preprocessing Module: linear_attention_tiny_Pipeline_VITIS_LOOP_78_8 ...
Execute         set_default_model linear_attention_tiny_Pipeline_VITIS_LOOP_78_8 
Execute         cdfg_preprocess -model linear_attention_tiny_Pipeline_VITIS_LOOP_78_8 
Execute         rtl_gen_preprocess linear_attention_tiny_Pipeline_VITIS_LOOP_78_8 
INFO-FLOW: Preprocessing Module: linear_attention_tiny_Pipeline_VITIS_LOOP_88_10 ...
Execute         set_default_model linear_attention_tiny_Pipeline_VITIS_LOOP_88_10 
Execute         cdfg_preprocess -model linear_attention_tiny_Pipeline_VITIS_LOOP_88_10 
Execute         rtl_gen_preprocess linear_attention_tiny_Pipeline_VITIS_LOOP_88_10 
INFO-FLOW: Preprocessing Module: linear_attention_tiny_Pipeline_VITIS_LOOP_96_11_VITIS_LOOP_98_12 ...
Execute         set_default_model linear_attention_tiny_Pipeline_VITIS_LOOP_96_11_VITIS_LOOP_98_12 
Execute         cdfg_preprocess -model linear_attention_tiny_Pipeline_VITIS_LOOP_96_11_VITIS_LOOP_98_12 
Execute         rtl_gen_preprocess linear_attention_tiny_Pipeline_VITIS_LOOP_96_11_VITIS_LOOP_98_12 
INFO-FLOW: Preprocessing Module: linear_attention_tiny_Pipeline_VITIS_LOOP_107_14 ...
Execute         set_default_model linear_attention_tiny_Pipeline_VITIS_LOOP_107_14 
Execute         cdfg_preprocess -model linear_attention_tiny_Pipeline_VITIS_LOOP_107_14 
Execute         rtl_gen_preprocess linear_attention_tiny_Pipeline_VITIS_LOOP_107_14 
INFO-FLOW: Preprocessing Module: linear_attention_tiny ...
Execute         set_default_model linear_attention_tiny 
Execute         cdfg_preprocess -model linear_attention_tiny 
Execute         rtl_gen_preprocess linear_attention_tiny 
INFO-FLOW: Preprocessing Module: layer_norm_tiny.1 ...
Execute         set_default_model layer_norm_tiny.1 
Execute         cdfg_preprocess -model layer_norm_tiny.1 
Execute         rtl_gen_preprocess layer_norm_tiny.1 
INFO-FLOW: Preprocessing Module: imgds_linear_tiny_Pipeline_VITIS_LOOP_176_4 ...
Execute         set_default_model imgds_linear_tiny_Pipeline_VITIS_LOOP_176_4 
Execute         cdfg_preprocess -model imgds_linear_tiny_Pipeline_VITIS_LOOP_176_4 
Execute         rtl_gen_preprocess imgds_linear_tiny_Pipeline_VITIS_LOOP_176_4 
INFO-FLOW: Preprocessing Module: imgds_linear_tiny_Pipeline_VITIS_LOOP_128_3 ...
Execute         set_default_model imgds_linear_tiny_Pipeline_VITIS_LOOP_128_3 
Execute         cdfg_preprocess -model imgds_linear_tiny_Pipeline_VITIS_LOOP_128_3 
Execute         rtl_gen_preprocess imgds_linear_tiny_Pipeline_VITIS_LOOP_128_3 
INFO-FLOW: Preprocessing Module: imgds_linear_tiny_Pipeline_VITIS_LOOP_139_5 ...
Execute         set_default_model imgds_linear_tiny_Pipeline_VITIS_LOOP_139_5 
Execute         cdfg_preprocess -model imgds_linear_tiny_Pipeline_VITIS_LOOP_139_5 
Execute         rtl_gen_preprocess imgds_linear_tiny_Pipeline_VITIS_LOOP_139_5 
INFO-FLOW: Preprocessing Module: imgds_linear_tiny_Pipeline_VITIS_LOOP_146_6 ...
Execute         set_default_model imgds_linear_tiny_Pipeline_VITIS_LOOP_146_6 
Execute         cdfg_preprocess -model imgds_linear_tiny_Pipeline_VITIS_LOOP_146_6 
Execute         rtl_gen_preprocess imgds_linear_tiny_Pipeline_VITIS_LOOP_146_6 
INFO-FLOW: Preprocessing Module: imgds_linear_tiny_Pipeline_VITIS_LOOP_179_5 ...
Execute         set_default_model imgds_linear_tiny_Pipeline_VITIS_LOOP_179_5 
Execute         cdfg_preprocess -model imgds_linear_tiny_Pipeline_VITIS_LOOP_179_5 
Execute         rtl_gen_preprocess imgds_linear_tiny_Pipeline_VITIS_LOOP_179_5 
INFO-FLOW: Preprocessing Module: imgds_linear_tiny_Pipeline_VITIS_LOOP_183_6_VITIS_LOOP_185_7 ...
Execute         set_default_model imgds_linear_tiny_Pipeline_VITIS_LOOP_183_6_VITIS_LOOP_185_7 
Execute         cdfg_preprocess -model imgds_linear_tiny_Pipeline_VITIS_LOOP_183_6_VITIS_LOOP_185_7 
Execute         rtl_gen_preprocess imgds_linear_tiny_Pipeline_VITIS_LOOP_183_6_VITIS_LOOP_185_7 
INFO-FLOW: Preprocessing Module: layer_norm_tiny_Pipeline_VITIS_LOOP_19_1 ...
Execute         set_default_model layer_norm_tiny_Pipeline_VITIS_LOOP_19_1 
Execute         cdfg_preprocess -model layer_norm_tiny_Pipeline_VITIS_LOOP_19_1 
Execute         rtl_gen_preprocess layer_norm_tiny_Pipeline_VITIS_LOOP_19_1 
INFO-FLOW: Preprocessing Module: layer_norm_tiny_Pipeline_VITIS_LOOP_22_2 ...
Execute         set_default_model layer_norm_tiny_Pipeline_VITIS_LOOP_22_2 
Execute         cdfg_preprocess -model layer_norm_tiny_Pipeline_VITIS_LOOP_22_2 
Execute         rtl_gen_preprocess layer_norm_tiny_Pipeline_VITIS_LOOP_22_2 
INFO-FLOW: Preprocessing Module: layer_norm_tiny_Pipeline_VITIS_LOOP_27_3 ...
Execute         set_default_model layer_norm_tiny_Pipeline_VITIS_LOOP_27_3 
Execute         cdfg_preprocess -model layer_norm_tiny_Pipeline_VITIS_LOOP_27_3 
Execute         rtl_gen_preprocess layer_norm_tiny_Pipeline_VITIS_LOOP_27_3 
INFO-FLOW: Preprocessing Module: layer_norm_tiny ...
Execute         set_default_model layer_norm_tiny 
Execute         cdfg_preprocess -model layer_norm_tiny 
Execute         rtl_gen_preprocess layer_norm_tiny 
INFO-FLOW: Preprocessing Module: imgds_linear_tiny ...
Execute         set_default_model imgds_linear_tiny 
Execute         cdfg_preprocess -model imgds_linear_tiny 
Execute         rtl_gen_preprocess imgds_linear_tiny 
INFO-FLOW: Model list for synthesis: imgds_linear_tiny_Pipeline_VITIS_LOOP_163_3 linear_attention_tiny_Pipeline_VITIS_LOOP_48_3 linear_attention_tiny_Pipeline_VITIS_LOOP_63_4_VITIS_LOOP_64_5_VITIS_LOOP_66_6 linear_attention_tiny_Pipeline_VITIS_LOOP_78_8 linear_attention_tiny_Pipeline_VITIS_LOOP_88_10 linear_attention_tiny_Pipeline_VITIS_LOOP_96_11_VITIS_LOOP_98_12 linear_attention_tiny_Pipeline_VITIS_LOOP_107_14 linear_attention_tiny layer_norm_tiny.1 imgds_linear_tiny_Pipeline_VITIS_LOOP_176_4 imgds_linear_tiny_Pipeline_VITIS_LOOP_128_3 imgds_linear_tiny_Pipeline_VITIS_LOOP_139_5 imgds_linear_tiny_Pipeline_VITIS_LOOP_146_6 imgds_linear_tiny_Pipeline_VITIS_LOOP_179_5 imgds_linear_tiny_Pipeline_VITIS_LOOP_183_6_VITIS_LOOP_185_7 layer_norm_tiny_Pipeline_VITIS_LOOP_19_1 layer_norm_tiny_Pipeline_VITIS_LOOP_22_2 layer_norm_tiny_Pipeline_VITIS_LOOP_27_3 layer_norm_tiny imgds_linear_tiny
INFO: [HLS 200-10] ----------------------------------------------------------------
INFO: [HLS 200-42] -- Implementing module 'imgds_linear_tiny_Pipeline_VITIS_LOOP_163_3' 
INFO: [HLS 200-10] ----------------------------------------------------------------
Execute         set_default_model imgds_linear_tiny_Pipeline_VITIS_LOOP_163_3 
Execute         schedule -model imgds_linear_tiny_Pipeline_VITIS_LOOP_163_3 
INFO: [SCHED 204-11] Starting scheduling ...
INFO: [HLS 200-486] Changing DSP latency (root=r_V_11) to 3 in order to utilize available DSP registers.
INFO: [SCHED 204-61] Pipelining loop 'VITIS_LOOP_163_3'.
INFO: [HLS 200-1470] Pipelining result : Target II = 1, Final II = 1, Depth = 7, loop 'VITIS_LOOP_163_3'
INFO: [SCHED 204-11] Finished scheduling.
INFO: [HLS 200-111] Finished Scheduling: CPU user time: 0.09 seconds. CPU system time: 0.02 seconds. Elapsed time: 0.18 seconds; current allocated memory: 619.605 MB.
Execute         syn_report -verbosereport -o /home/cym/prj2/finn/notebooks/icl_thesis-master/experiments/imgds_linear_sparse/stage4_structural_small_models/hls/tiny_q16_d6_ff12/hls/imgds_linear_tiny_axi/solution1/.autopilot/db/imgds_linear_tiny_Pipeline_VITIS_LOOP_163_3.verbose.sched.rpt 
Execute           AP::get_flow_target_display_name
Execute         db_write -o /home/cym/prj2/finn/notebooks/icl_thesis-master/experiments/imgds_linear_sparse/stage4_structural_small_models/hls/tiny_q16_d6_ff12/hls/imgds_linear_tiny_axi/solution1/.autopilot/db/imgds_linear_tiny_Pipeline_VITIS_LOOP_163_3.sched.adb -f 
INFO-FLOW: Finish scheduling imgds_linear_tiny_Pipeline_VITIS_LOOP_163_3.
Execute         set_default_model imgds_linear_tiny_Pipeline_VITIS_LOOP_163_3 
Execute         bind -model imgds_linear_tiny_Pipeline_VITIS_LOOP_163_3 
INFO: [BIND 205-100] Starting micro-architecture generation ...
INFO: [BIND 205-101] Performing variable lifetime analysis.
INFO: [BIND 205-101] Exploring resource sharing.
INFO: [BIND 205-101] Binding ...
INFO: [BIND 205-100] Finished micro-architecture generation.
INFO: [HLS 200-111] Finished Binding: CPU user time: 0.03 seconds. CPU system time: 0 seconds. Elapsed time: 0.02 seconds; current allocated memory: 619.605 MB.
Execute         syn_report -verbosereport -o /home/cym/prj2/finn/notebooks/icl_thesis-master/experiments/imgds_linear_sparse/stage4_structural_small_models/hls/tiny_q16_d6_ff12/hls/imgds_linear_tiny_axi/solution1/.autopilot/db/imgds_linear_tiny_Pipeline_VITIS_LOOP_163_3.verbose.bind.rpt 
Execute           AP::get_flow_target_display_name
Execute         db_write -o /home/cym/prj2/finn/notebooks/icl_thesis-master/experiments/imgds_linear_sparse/stage4_structural_small_models/hls/tiny_q16_d6_ff12/hls/imgds_linear_tiny_axi/solution1/.autopilot/db/imgds_linear_tiny_Pipeline_VITIS_LOOP_163_3.bind.adb -f 
INFO-FLOW: Finish binding imgds_linear_tiny_Pipeline_VITIS_LOOP_163_3.
INFO: [HLS 200-10] ----------------------------------------------------------------
INFO: [HLS 200-42] -- Implementing module 'linear_attention_tiny_Pipeline_VITIS_LOOP_48_3' 
INFO: [HLS 200-10] ----------------------------------------------------------------
Execute         set_default_model linear_attention_tiny_Pipeline_VITIS_LOOP_48_3 
Execute         schedule -model linear_attention_tiny_Pipeline_VITIS_LOOP_48_3 
INFO: [SCHED 204-11] Starting scheduling ...
INFO: [HLS 200-486] Changing DSP latency (root=r_V_6) to 3 in order to utilize available DSP registers.
INFO: [HLS 200-486] Changing DSP latency (root=r_V_5) to 3 in order to utilize available DSP registers.
INFO: [HLS 200-486] Changing DSP latency (root=r_V) to 3 in order to utilize available DSP registers.
INFO: [SCHED 204-61] Pipelining loop 'VITIS_LOOP_48_3'.
INFO: [HLS 200-1470] Pipelining result : Target II = 1, Final II = 1, Depth = 5, loop 'VITIS_LOOP_48_3'
INFO: [SCHED 204-11] Finished scheduling.
INFO: [HLS 200-111] Finished Scheduling: CPU user time: 0.06 seconds. CPU system time: 0.01 seconds. Elapsed time: 0.11 seconds; current allocated memory: 620.301 MB.
Execute         syn_report -verbosereport -o /home/cym/prj2/finn/notebooks/icl_thesis-master/experiments/imgds_linear_sparse/stage4_structural_small_models/hls/tiny_q16_d6_ff12/hls/imgds_linear_tiny_axi/solution1/.autopilot/db/linear_attention_tiny_Pipeline_VITIS_LOOP_48_3.verbose.sched.rpt 
Execute           AP::get_flow_target_display_name
Execute         db_write -o /home/cym/prj2/finn/notebooks/icl_thesis-master/experiments/imgds_linear_sparse/stage4_structural_small_models/hls/tiny_q16_d6_ff12/hls/imgds_linear_tiny_axi/solution1/.autopilot/db/linear_attention_tiny_Pipeline_VITIS_LOOP_48_3.sched.adb -f 
INFO-FLOW: Finish scheduling linear_attention_tiny_Pipeline_VITIS_LOOP_48_3.
Execute         set_default_model linear_attention_tiny_Pipeline_VITIS_LOOP_48_3 
Execute         bind -model linear_attention_tiny_Pipeline_VITIS_LOOP_48_3 
INFO: [BIND 205-100] Starting micro-architecture generation ...
INFO: [BIND 205-101] Performing variable lifetime analysis.
INFO: [BIND 205-101] Exploring resource sharing.
INFO: [BIND 205-101] Binding ...
INFO: [BIND 205-100] Finished micro-architecture generation.
INFO: [HLS 200-111] Finished Binding: CPU user time: 0.04 seconds. CPU system time: 0 seconds. Elapsed time: 0.03 seconds; current allocated memory: 620.301 MB.
Execute         syn_report -verbosereport -o /home/cym/prj2/finn/notebooks/icl_thesis-master/experiments/imgds_linear_sparse/stage4_structural_small_models/hls/tiny_q16_d6_ff12/hls/imgds_linear_tiny_axi/solution1/.autopilot/db/linear_attention_tiny_Pipeline_VITIS_LOOP_48_3.verbose.bind.rpt 
Execute           AP::get_flow_target_display_name
Execute         db_write -o /home/cym/prj2/finn/notebooks/icl_thesis-master/experiments/imgds_linear_sparse/stage4_structural_small_models/hls/tiny_q16_d6_ff12/hls/imgds_linear_tiny_axi/solution1/.autopilot/db/linear_attention_tiny_Pipeline_VITIS_LOOP_48_3.bind.adb -f 
INFO-FLOW: Finish binding linear_attention_tiny_Pipeline_VITIS_LOOP_48_3.
INFO: [HLS 200-10] ----------------------------------------------------------------
INFO: [HLS 200-42] -- Implementing module 'linear_attention_tiny_Pipeline_VITIS_LOOP_63_4_VITIS_LOOP_64_5_VITIS_LOOP_66_6' 
INFO: [HLS 200-10] ----------------------------------------------------------------
Execute         set_default_model linear_attention_tiny_Pipeline_VITIS_LOOP_63_4_VITIS_LOOP_64_5_VITIS_LOOP_66_6 
Execute         schedule -model linear_attention_tiny_Pipeline_VITIS_LOOP_63_4_VITIS_LOOP_64_5_VITIS_LOOP_66_6 
INFO: [SCHED 204-11] Starting scheduling ...
INFO: [HLS 200-486] Changing DSP latency (root=mul_ln1347) to 3 in order to utilize available DSP registers.
INFO: [SCHED 204-61] Pipelining loop 'VITIS_LOOP_63_4_VITIS_LOOP_64_5_VITIS_LOOP_66_6'.
INFO: [HLS 200-1470] Pipelining result : Target II = 1, Final II = 1, Depth = 7, loop 'VITIS_LOOP_63_4_VITIS_LOOP_64_5_VITIS_LOOP_66_6'
WARNING: [HLS 200-871] Estimated clock period (7.90325ns) exceeds the target (target clock period: 10ns, clock uncertainty: 2.7ns, effective delay budget: 7.3ns).
WARNING: [HLS 200-1016] The critical path in module 'linear_attention_tiny_Pipeline_VITIS_LOOP_63_4_VITIS_LOOP_64_5_VITIS_LOOP_66_6' consists of the following:	'load' operation ('pos_load', src/imgds_linear_tiny.cpp:66) on local variable 'pos' [25]  (0 ns)
	'icmp' operation ('icmp_ln66', src/imgds_linear_tiny.cpp:66) [40]  (1.36 ns)
	'and' operation ('and_ln63', src/imgds_linear_tiny.cpp:63) [41]  (0.978 ns)
	'or' operation ('or_ln64', src/imgds_linear_tiny.cpp:64) [44]  (0.978 ns)
	'select' operation ('select_ln64', src/imgds_linear_tiny.cpp:64) [45]  (1.22 ns)
	'add' operation ('add_ln66', src/imgds_linear_tiny.cpp:66) [74]  (1.78 ns)
	'store' operation ('pos_write_ln66', src/imgds_linear_tiny.cpp:66) of variable 'add_ln66', src/imgds_linear_tiny.cpp:66 on local variable 'pos' [88]  (1.59 ns)

INFO: [SCHED 204-11] Finished scheduling.
INFO: [HLS 200-111] Finished Scheduling: CPU user time: 0.06 seconds. CPU system time: 0 seconds. Elapsed time: 0.07 seconds; current allocated memory: 621.207 MB.
Execute         syn_report -verbosereport -o /home/cym/prj2/finn/notebooks/icl_thesis-master/experiments/imgds_linear_sparse/stage4_structural_small_models/hls/tiny_q16_d6_ff12/hls/imgds_linear_tiny_axi/solution1/.autopilot/db/linear_attention_tiny_Pipeline_VITIS_LOOP_63_4_VITIS_LOOP_64_5_VITIS_LOOP_66_6.verbose.sched.rpt 
Execute           AP::get_flow_target_display_name
Execute         db_write -o /home/cym/prj2/finn/notebooks/icl_thesis-master/experiments/imgds_linear_sparse/stage4_structural_small_models/hls/tiny_q16_d6_ff12/hls/imgds_linear_tiny_axi/solution1/.autopilot/db/linear_attention_tiny_Pipeline_VITIS_LOOP_63_4_VITIS_LOOP_64_5_VITIS_LOOP_66_6.sched.adb -f 
INFO-FLOW: Finish scheduling linear_attention_tiny_Pipeline_VITIS_LOOP_63_4_VITIS_LOOP_64_5_VITIS_LOOP_66_6.
Execute         set_default_model linear_attention_tiny_Pipeline_VITIS_LOOP_63_4_VITIS_LOOP_64_5_VITIS_LOOP_66_6 
Execute         bind -model linear_attention_tiny_Pipeline_VITIS_LOOP_63_4_VITIS_LOOP_64_5_VITIS_LOOP_66_6 
INFO: [BIND 205-100] Starting micro-architecture generation ...
INFO: [BIND 205-101] Performing variable lifetime analysis.
INFO: [BIND 205-101] Exploring resource sharing.
INFO: [BIND 205-101] Binding ...
INFO: [BIND 205-100] Finished micro-architecture generation.
INFO: [HLS 200-111] Finished Binding: CPU user time: 0.04 seconds. CPU system time: 0 seconds. Elapsed time: 0.04 seconds; current allocated memory: 621.207 MB.
Execute         syn_report -verbosereport -o /home/cym/prj2/finn/notebooks/icl_thesis-master/experiments/imgds_linear_sparse/stage4_structural_small_models/hls/tiny_q16_d6_ff12/hls/imgds_linear_tiny_axi/solution1/.autopilot/db/linear_attention_tiny_Pipeline_VITIS_LOOP_63_4_VITIS_LOOP_64_5_VITIS_LOOP_66_6.verbose.bind.rpt 
Execute           AP::get_flow_target_display_name
Execute         db_write -o /home/cym/prj2/finn/notebooks/icl_thesis-master/experiments/imgds_linear_sparse/stage4_structural_small_models/hls/tiny_q16_d6_ff12/hls/imgds_linear_tiny_axi/solution1/.autopilot/db/linear_attention_tiny_Pipeline_VITIS_LOOP_63_4_VITIS_LOOP_64_5_VITIS_LOOP_66_6.bind.adb -f 
INFO-FLOW: Finish binding linear_attention_tiny_Pipeline_VITIS_LOOP_63_4_VITIS_LOOP_64_5_VITIS_LOOP_66_6.
INFO: [HLS 200-10] ----------------------------------------------------------------
INFO: [HLS 200-42] -- Implementing module 'linear_attention_tiny_Pipeline_VITIS_LOOP_78_8' 
INFO: [HLS 200-10] ----------------------------------------------------------------
Execute         set_default_model linear_attention_tiny_Pipeline_VITIS_LOOP_78_8 
Execute         schedule -model linear_attention_tiny_Pipeline_VITIS_LOOP_78_8 
INFO: [SCHED 204-11] Starting scheduling ...
INFO: [SCHED 204-61] Pipelining loop 'VITIS_LOOP_78_8'.
INFO: [HLS 200-1470] Pipelining result : Target II = 1, Final II = 1, Depth = 2, loop 'VITIS_LOOP_78_8'
INFO: [SCHED 204-11] Finished scheduling.
INFO: [HLS 200-111] Finished Scheduling: CPU user time: 0.06 seconds. CPU system time: 0 seconds. Elapsed time: 0.08 seconds; current allocated memory: 621.457 MB.
Execute         syn_report -verbosereport -o /home/cym/prj2/finn/notebooks/icl_thesis-master/experiments/imgds_linear_sparse/stage4_structural_small_models/hls/tiny_q16_d6_ff12/hls/imgds_linear_tiny_axi/solution1/.autopilot/db/linear_attention_tiny_Pipeline_VITIS_LOOP_78_8.verbose.sched.rpt 
Execute           AP::get_flow_target_display_name
Execute         db_write -o /home/cym/prj2/finn/notebooks/icl_thesis-master/experiments/imgds_linear_sparse/stage4_structural_small_models/hls/tiny_q16_d6_ff12/hls/imgds_linear_tiny_axi/solution1/.autopilot/db/linear_attention_tiny_Pipeline_VITIS_LOOP_78_8.sched.adb -f 
INFO-FLOW: Finish scheduling linear_attention_tiny_Pipeline_VITIS_LOOP_78_8.
Execute         set_default_model linear_attention_tiny_Pipeline_VITIS_LOOP_78_8 
Execute         bind -model linear_attention_tiny_Pipeline_VITIS_LOOP_78_8 
INFO: [BIND 205-100] Starting micro-architecture generation ...
INFO: [BIND 205-101] Performing variable lifetime analysis.
INFO: [BIND 205-101] Exploring resource sharing.
INFO: [BIND 205-101] Binding ...
INFO: [BIND 205-100] Finished micro-architecture generation.
INFO: [HLS 200-111] Finished Binding: CPU user time: 0.01 seconds. CPU system time: 0 seconds. Elapsed time: 0.02 seconds; current allocated memory: 621.457 MB.
Execute         syn_report -verbosereport -o /home/cym/prj2/finn/notebooks/icl_thesis-master/experiments/imgds_linear_sparse/stage4_structural_small_models/hls/tiny_q16_d6_ff12/hls/imgds_linear_tiny_axi/solution1/.autopilot/db/linear_attention_tiny_Pipeline_VITIS_LOOP_78_8.verbose.bind.rpt 
Execute           AP::get_flow_target_display_name
Execute         db_write -o /home/cym/prj2/finn/notebooks/icl_thesis-master/experiments/imgds_linear_sparse/stage4_structural_small_models/hls/tiny_q16_d6_ff12/hls/imgds_linear_tiny_axi/solution1/.autopilot/db/linear_attention_tiny_Pipeline_VITIS_LOOP_78_8.bind.adb -f 
INFO-FLOW: Finish binding linear_attention_tiny_Pipeline_VITIS_LOOP_78_8.
INFO: [HLS 200-10] ----------------------------------------------------------------
INFO: [HLS 200-42] -- Implementing module 'linear_attention_tiny_Pipeline_VITIS_LOOP_88_10' 
INFO: [HLS 200-10] ----------------------------------------------------------------
Execute         set_default_model linear_attention_tiny_Pipeline_VITIS_LOOP_88_10 
Execute         schedule -model linear_attention_tiny_Pipeline_VITIS_LOOP_88_10 
INFO: [SCHED 204-11] Starting scheduling ...
INFO: [HLS 200-486] Changing DSP latency (root=mul_ln1347) to 3 in order to utilize available DSP registers.
INFO: [SCHED 204-61] Pipelining loop 'VITIS_LOOP_88_10'.
INFO: [HLS 200-1470] Pipelining result : Target II = 1, Final II = 1, Depth = 5, loop 'VITIS_LOOP_88_10'
INFO: [SCHED 204-11] Finished scheduling.
INFO: [HLS 200-111] Finished Scheduling: CPU user time: 0.05 seconds. CPU system time: 0 seconds. Elapsed time: 0.04 seconds; current allocated memory: 621.859 MB.
Execute         syn_report -verbosereport -o /home/cym/prj2/finn/notebooks/icl_thesis-master/experiments/imgds_linear_sparse/stage4_structural_small_models/hls/tiny_q16_d6_ff12/hls/imgds_linear_tiny_axi/solution1/.autopilot/db/linear_attention_tiny_Pipeline_VITIS_LOOP_88_10.verbose.sched.rpt 
Execute           AP::get_flow_target_display_name
Execute         db_write -o /home/cym/prj2/finn/notebooks/icl_thesis-master/experiments/imgds_linear_sparse/stage4_structural_small_models/hls/tiny_q16_d6_ff12/hls/imgds_linear_tiny_axi/solution1/.autopilot/db/linear_attention_tiny_Pipeline_VITIS_LOOP_88_10.sched.adb -f 
INFO-FLOW: Finish scheduling linear_attention_tiny_Pipeline_VITIS_LOOP_88_10.
Execute         set_default_model linear_attention_tiny_Pipeline_VITIS_LOOP_88_10 
Execute         bind -model linear_attention_tiny_Pipeline_VITIS_LOOP_88_10 
INFO: [BIND 205-100] Starting micro-architecture generation ...
INFO: [BIND 205-101] Performing variable lifetime analysis.
INFO: [BIND 205-101] Exploring resource sharing.
INFO: [BIND 205-101] Binding ...
INFO: [BIND 205-100] Finished micro-architecture generation.
INFO: [HLS 200-111] Finished Binding: CPU user time: 0.02 seconds. CPU system time: 0 seconds. Elapsed time: 0.02 seconds; current allocated memory: 621.859 MB.
Execute         syn_report -verbosereport -o /home/cym/prj2/finn/notebooks/icl_thesis-master/experiments/imgds_linear_sparse/stage4_structural_small_models/hls/tiny_q16_d6_ff12/hls/imgds_linear_tiny_axi/solution1/.autopilot/db/linear_attention_tiny_Pipeline_VITIS_LOOP_88_10.verbose.bind.rpt 
Execute           AP::get_flow_target_display_name
Execute         db_write -o /home/cym/prj2/finn/notebooks/icl_thesis-master/experiments/imgds_linear_sparse/stage4_structural_small_models/hls/tiny_q16_d6_ff12/hls/imgds_linear_tiny_axi/solution1/.autopilot/db/linear_attention_tiny_Pipeline_VITIS_LOOP_88_10.bind.adb -f 
INFO-FLOW: Finish binding linear_attention_tiny_Pipeline_VITIS_LOOP_88_10.
INFO: [HLS 200-10] ----------------------------------------------------------------
INFO: [HLS 200-42] -- Implementing module 'linear_attention_tiny_Pipeline_VITIS_LOOP_96_11_VITIS_LOOP_98_12' 
INFO: [HLS 200-10] ----------------------------------------------------------------
Execute         set_default_model linear_attention_tiny_Pipeline_VITIS_LOOP_96_11_VITIS_LOOP_98_12 
Execute         schedule -model linear_attention_tiny_Pipeline_VITIS_LOOP_96_11_VITIS_LOOP_98_12 
INFO: [SCHED 204-11] Starting scheduling ...
INFO: [HLS 200-486] Changing DSP latency (root=mul_ln1347) to 3 in order to utilize available DSP registers.
INFO: [HLS 200-486] Changing DSP latency (root=mul_ln1270) to 3 in order to utilize available DSP registers.
INFO: [SCHED 204-61] Pipelining loop 'VITIS_LOOP_96_11_VITIS_LOOP_98_12'.
INFO: [HLS 200-1470] Pipelining result : Target II = 1, Final II = 1, Depth = 9, loop 'VITIS_LOOP_96_11_VITIS_LOOP_98_12'
INFO: [SCHED 204-11] Finished scheduling.
INFO: [HLS 200-111] Finished Scheduling: CPU user time: 0.04 seconds. CPU system time: 0 seconds. Elapsed time: 0.05 seconds; current allocated memory: 622.285 MB.
Execute         syn_report -verbosereport -o /home/cym/prj2/finn/notebooks/icl_thesis-master/experiments/imgds_linear_sparse/stage4_structural_small_models/hls/tiny_q16_d6_ff12/hls/imgds_linear_tiny_axi/solution1/.autopilot/db/linear_attention_tiny_Pipeline_VITIS_LOOP_96_11_VITIS_LOOP_98_12.verbose.sched.rpt 
Execute           AP::get_flow_target_display_name
Execute         db_write -o /home/cym/prj2/finn/notebooks/icl_thesis-master/experiments/imgds_linear_sparse/stage4_structural_small_models/hls/tiny_q16_d6_ff12/hls/imgds_linear_tiny_axi/solution1/.autopilot/db/linear_attention_tiny_Pipeline_VITIS_LOOP_96_11_VITIS_LOOP_98_12.sched.adb -f 
INFO-FLOW: Finish scheduling linear_attention_tiny_Pipeline_VITIS_LOOP_96_11_VITIS_LOOP_98_12.
Execute         set_default_model linear_attention_tiny_Pipeline_VITIS_LOOP_96_11_VITIS_LOOP_98_12 
Execute         bind -model linear_attention_tiny_Pipeline_VITIS_LOOP_96_11_VITIS_LOOP_98_12 
INFO: [BIND 205-100] Starting micro-architecture generation ...
INFO: [BIND 205-101] Performing variable lifetime analysis.
INFO: [BIND 205-101] Exploring resource sharing.
INFO: [BIND 205-101] Binding ...
INFO: [BIND 205-100] Finished micro-architecture generation.
INFO: [HLS 200-111] Finished Binding: CPU user time: 0.04 seconds. CPU system time: 0 seconds. Elapsed time: 0.04 seconds; current allocated memory: 622.285 MB.
Execute         syn_report -verbosereport -o /home/cym/prj2/finn/notebooks/icl_thesis-master/experiments/imgds_linear_sparse/stage4_structural_small_models/hls/tiny_q16_d6_ff12/hls/imgds_linear_tiny_axi/solution1/.autopilot/db/linear_attention_tiny_Pipeline_VITIS_LOOP_96_11_VITIS_LOOP_98_12.verbose.bind.rpt 
Execute           AP::get_flow_target_display_name
Execute         db_write -o /home/cym/prj2/finn/notebooks/icl_thesis-master/experiments/imgds_linear_sparse/stage4_structural_small_models/hls/tiny_q16_d6_ff12/hls/imgds_linear_tiny_axi/solution1/.autopilot/db/linear_attention_tiny_Pipeline_VITIS_LOOP_96_11_VITIS_LOOP_98_12.bind.adb -f 
INFO-FLOW: Finish binding linear_attention_tiny_Pipeline_VITIS_LOOP_96_11_VITIS_LOOP_98_12.
INFO: [HLS 200-10] ----------------------------------------------------------------
INFO: [HLS 200-42] -- Implementing module 'linear_attention_tiny_Pipeline_VITIS_LOOP_107_14' 
INFO: [HLS 200-10] ----------------------------------------------------------------
Execute         set_default_model linear_attention_tiny_Pipeline_VITIS_LOOP_107_14 
Execute         schedule -model linear_attention_tiny_Pipeline_VITIS_LOOP_107_14 
INFO: [SCHED 204-11] Starting scheduling ...
INFO: [HLS 200-486] Changing DSP latency (root=r_V_8) to 3 in order to utilize available DSP registers.
INFO: [SCHED 204-61] Pipelining loop 'VITIS_LOOP_107_14'.
INFO: [HLS 200-1470] Pipelining result : Target II = 1, Final II = 1, Depth = 6, loop 'VITIS_LOOP_107_14'
INFO: [SCHED 204-11] Finished scheduling.
INFO: [HLS 200-111] Finished Scheduling: CPU user time: 0.06 seconds. CPU system time: 0 seconds. Elapsed time: 0.12 seconds; current allocated memory: 622.828 MB.
Execute         syn_report -verbosereport -o /home/cym/prj2/finn/notebooks/icl_thesis-master/experiments/imgds_linear_sparse/stage4_structural_small_models/hls/tiny_q16_d6_ff12/hls/imgds_linear_tiny_axi/solution1/.autopilot/db/linear_attention_tiny_Pipeline_VITIS_LOOP_107_14.verbose.sched.rpt 
Execute           AP::get_flow_target_display_name
Execute         db_write -o /home/cym/prj2/finn/notebooks/icl_thesis-master/experiments/imgds_linear_sparse/stage4_structural_small_models/hls/tiny_q16_d6_ff12/hls/imgds_linear_tiny_axi/solution1/.autopilot/db/linear_attention_tiny_Pipeline_VITIS_LOOP_107_14.sched.adb -f 
INFO-FLOW: Finish scheduling linear_attention_tiny_Pipeline_VITIS_LOOP_107_14.
Execute         set_default_model linear_attention_tiny_Pipeline_VITIS_LOOP_107_14 
Execute         bind -model linear_attention_tiny_Pipeline_VITIS_LOOP_107_14 
INFO: [BIND 205-100] Starting micro-architecture generation ...
INFO: [BIND 205-101] Performing variable lifetime analysis.
INFO: [BIND 205-101] Exploring resource sharing.
INFO: [BIND 205-101] Binding ...
INFO: [BIND 205-100] Finished micro-architecture generation.
INFO: [HLS 200-111] Finished Binding: CPU user time: 0.03 seconds. CPU system time: 0 seconds. Elapsed time: 0.03 seconds; current allocated memory: 622.828 MB.
Execute         syn_report -verbosereport -o /home/cym/prj2/finn/notebooks/icl_thesis-master/experiments/imgds_linear_sparse/stage4_structural_small_models/hls/tiny_q16_d6_ff12/hls/imgds_linear_tiny_axi/solution1/.autopilot/db/linear_attention_tiny_Pipeline_VITIS_LOOP_107_14.verbose.bind.rpt 
Execute           AP::get_flow_target_display_name
Execute         db_write -o /home/cym/prj2/finn/notebooks/icl_thesis-master/experiments/imgds_linear_sparse/stage4_structural_small_models/hls/tiny_q16_d6_ff12/hls/imgds_linear_tiny_axi/solution1/.autopilot/db/linear_attention_tiny_Pipeline_VITIS_LOOP_107_14.bind.adb -f 
INFO-FLOW: Finish binding linear_attention_tiny_Pipeline_VITIS_LOOP_107_14.
INFO: [HLS 200-10] ----------------------------------------------------------------
INFO: [HLS 200-42] -- Implementing module 'linear_attention_tiny' 
INFO: [HLS 200-10] ----------------------------------------------------------------
Execute         set_default_model linear_attention_tiny 
Execute         schedule -model linear_attention_tiny 
INFO: [SCHED 204-11] Starting scheduling ...
INFO: [SCHED 204-11] Finished scheduling.
Command         schedule done; 0.18 sec.
INFO: [HLS 200-111] Finished Scheduling: CPU user time: 0.21 seconds. CPU system time: 0.01 seconds. Elapsed time: 0.21 seconds; current allocated memory: 626.344 MB.
Execute         syn_report -verbosereport -o /home/cym/prj2/finn/notebooks/icl_thesis-master/experiments/imgds_linear_sparse/stage4_structural_small_models/hls/tiny_q16_d6_ff12/hls/imgds_linear_tiny_axi/solution1/.autopilot/db/linear_attention_tiny.verbose.sched.rpt 
Execute           AP::get_flow_target_display_name
Command         syn_report done; 0.15 sec.
Execute         db_write -o /home/cym/prj2/finn/notebooks/icl_thesis-master/experiments/imgds_linear_sparse/stage4_structural_small_models/hls/tiny_q16_d6_ff12/hls/imgds_linear_tiny_axi/solution1/.autopilot/db/linear_attention_tiny.sched.adb -f 
INFO-FLOW: Finish scheduling linear_attention_tiny.
Execute         set_default_model linear_attention_tiny 
Execute         bind -model linear_attention_tiny 
INFO: [BIND 205-100] Starting micro-architecture generation ...
INFO: [BIND 205-101] Performing variable lifetime analysis.
INFO: [BIND 205-101] Exploring resource sharing.
INFO: [BIND 205-101] Binding ...
INFO: [BIND 205-100] Finished micro-architecture generation.
Command         bind done; 0.16 sec.
INFO: [HLS 200-111] Finished Binding: CPU user time: 0.33 seconds. CPU system time: 0 seconds. Elapsed time: 0.33 seconds; current allocated memory: 626.344 MB.
Execute         syn_report -verbosereport -o /home/cym/prj2/finn/notebooks/icl_thesis-master/experiments/imgds_linear_sparse/stage4_structural_small_models/hls/tiny_q16_d6_ff12/hls/imgds_linear_tiny_axi/solution1/.autopilot/db/linear_attention_tiny.verbose.bind.rpt 
Execute           AP::get_flow_target_display_name
Command         syn_report done; 0.42 sec.
Execute         db_write -o /home/cym/prj2/finn/notebooks/icl_thesis-master/experiments/imgds_linear_sparse/stage4_structural_small_models/hls/tiny_q16_d6_ff12/hls/imgds_linear_tiny_axi/solution1/.autopilot/db/linear_attention_tiny.bind.adb -f 
INFO-FLOW: Finish binding linear_attention_tiny.
INFO: [HLS 200-10] ----------------------------------------------------------------
INFO: [HLS 200-42] -- Implementing module 'layer_norm_tiny_1' 
INFO: [HLS 200-10] ----------------------------------------------------------------
Execute         set_default_model layer_norm_tiny.1 
Execute         schedule -model layer_norm_tiny.1 
INFO: [SCHED 204-11] Starting scheduling ...
INFO: [HLS 200-486] Changing DSP latency (root=mul_ln813) to 3 in order to utilize available DSP registers.
INFO: [HLS 200-486] Changing DSP latency (root=sub_ln1348_5) to 3 in order to utilize available DSP registers.
INFO: [HLS 200-486] Changing DSP latency (root=mul_ln837_4) to 3 in order to utilize available DSP registers.
INFO: [HLS 200-486] Changing DSP latency (root=sub_ln1348_4) to 3 in order to utilize available DSP registers.
INFO: [HLS 200-486] Changing DSP latency (root=mul_ln837_3) to 3 in order to utilize available DSP registers.
INFO: [HLS 200-486] Changing DSP latency (root=sub_ln1348_3) to 3 in order to utilize available DSP registers.
INFO: [HLS 200-486] Changing DSP latency (root=mul_ln837_2) to 3 in order to utilize available DSP registers.
INFO: [HLS 200-486] Changing DSP latency (root=sub_ln1348_2) to 3 in order to utilize available DSP registers.
INFO: [HLS 200-486] Changing DSP latency (root=mul_ln837_1) to 3 in order to utilize available DSP registers.
INFO: [HLS 200-486] Changing DSP latency (root=sub_ln1348_1) to 3 in order to utilize available DSP registers.
INFO: [HLS 200-486] Changing DSP latency (root=mul_ln837) to 3 in order to utilize available DSP registers.
INFO: [HLS 200-486] Changing DSP latency (root=sub_ln1348) to 3 in order to utilize available DSP registers.
INFO: [HLS 200-486] Changing DSP latency (root=mul_ln1347_4) to 3 in order to utilize available DSP registers.
INFO: [HLS 200-486] Changing DSP latency (root=mul_ln1347_3) to 3 in order to utilize available DSP registers.
INFO: [HLS 200-486] Changing DSP latency (root=mul_ln1347_2) to 3 in order to utilize available DSP registers.
INFO: [HLS 200-486] Changing DSP latency (root=mul_ln1347_1) to 3 in order to utilize available DSP registers.
INFO: [HLS 200-486] Changing DSP latency (root=mul_ln1347) to 3 in order to utilize available DSP registers.
INFO: [HLS 200-486] Changing DSP latency (root=mul_ln818) to 3 in order to utilize available DSP registers.
INFO: [SCHED 204-61] Pipelining function 'layer_norm_tiny.1'.
WARNING: [HLS 200-880] The II Violation in module 'layer_norm_tiny_1' (function 'layer_norm_tiny.1'): Unable to enforce a carried dependence constraint (II = 1, distance = 1, offset = 1) between 'store' operation ('x_addr_write_ln29', src/imgds_linear_tiny.cpp:29) of variable 'trunc_ln818_6' on array 'x' and 'load' operation ('x_load') on array 'x'.
WARNING: [HLS 200-880] The II Violation in module 'layer_norm_tiny_1' (function 'layer_norm_tiny.1'): Unable to enforce a carried dependence constraint (II = 2, distance = 1, offset = 1) between 'store' operation ('x_addr_write_ln29', src/imgds_linear_tiny.cpp:29) of variable 'trunc_ln818_6' on array 'x' and 'load' operation ('x_load') on array 'x'.
WARNING: [HLS 200-880] The II Violation in module 'layer_norm_tiny_1' (function 'layer_norm_tiny.1'): Unable to enforce a carried dependence constraint (II = 3, distance = 1, offset = 1) between 'store' operation ('x_addr_write_ln29', src/imgds_linear_tiny.cpp:29) of variable 'trunc_ln818_6' on array 'x' and 'load' operation ('x_load') on array 'x'.
WARNING: [HLS 200-880] The II Violation in module 'layer_norm_tiny_1' (function 'layer_norm_tiny.1'): Unable to enforce a carried dependence constraint (II = 4, distance = 1, offset = 1) between 'store' operation ('x_addr_write_ln29', src/imgds_linear_tiny.cpp:29) of variable 'trunc_ln818_6' on array 'x' and 'load' operation ('x_load') on array 'x'.
WARNING: [HLS 200-880] The II Violation in module 'layer_norm_tiny_1' (function 'layer_norm_tiny.1'): Unable to enforce a carried dependence constraint (II = 67, distance = 1, offset = 1) between 'store' operation ('x_addr_write_ln29', src/imgds_linear_tiny.cpp:29) of variable 'trunc_ln818_6' on array 'x' and 'load' operation ('x_load') on array 'x'.
WARNING: [HLS 200-885] The II Violation in module 'layer_norm_tiny_1' (function 'layer_norm_tiny.1'): Unable to schedule 'load' operation ('x_load') on array 'x' due to limited memory ports (II = 70). Please consider using a memory core with more ports or partitioning the array 'x'.
WARNING: [HLS 200-885] The II Violation in module 'layer_norm_tiny_1' (function 'layer_norm_tiny.1'): Unable to schedule 'load' operation ('x_load_1') on array 'x' due to limited memory ports (II = 72). Please consider using a memory core with more ports or partitioning the array 'x'.
WARNING: [HLS 200-885] The II Violation in module 'layer_norm_tiny_1' (function 'layer_norm_tiny.1'): Unable to schedule 'load' operation ('x_load_1') on array 'x' due to limited memory ports (II = 73). Please consider using a memory core with more ports or partitioning the array 'x'.
INFO: [HLS 200-1470] Pipelining result : Target II = NA, Final II = 74, Depth = 74, function 'layer_norm_tiny.1'
INFO: [SCHED 204-11] Finished scheduling.
Command         schedule done; 0.39 sec.
INFO: [HLS 200-111] Finished Scheduling: CPU user time: 0.8 seconds. CPU system time: 0 seconds. Elapsed time: 0.83 seconds; current allocated memory: 628.586 MB.
Execute         syn_report -verbosereport -o /home/cym/prj2/finn/notebooks/icl_thesis-master/experiments/imgds_linear_sparse/stage4_structural_small_models/hls/tiny_q16_d6_ff12/hls/imgds_linear_tiny_axi/solution1/.autopilot/db/layer_norm_tiny_1.verbose.sched.rpt 
Execute           AP::get_flow_target_display_name
Command         syn_report done; 0.14 sec.
Execute         db_write -o /home/cym/prj2/finn/notebooks/icl_thesis-master/experiments/imgds_linear_sparse/stage4_structural_small_models/hls/tiny_q16_d6_ff12/hls/imgds_linear_tiny_axi/solution1/.autopilot/db/layer_norm_tiny_1.sched.adb -f 
INFO-FLOW: Finish scheduling layer_norm_tiny.1.
Execute         set_default_model layer_norm_tiny.1 
Execute         bind -model layer_norm_tiny.1 
INFO: [BIND 205-100] Starting micro-architecture generation ...
INFO: [BIND 205-101] Performing variable lifetime analysis.
INFO: [BIND 205-101] Exploring resource sharing.
INFO: [BIND 205-101] Binding ...
INFO: [BIND 205-100] Finished micro-architecture generation.
Command         bind done; 0.12 sec.
INFO: [HLS 200-111] Finished Binding: CPU user time: 0.27 seconds. CPU system time: 0 seconds. Elapsed time: 0.27 seconds; current allocated memory: 628.586 MB.
Execute         syn_report -verbosereport -o /home/cym/prj2/finn/notebooks/icl_thesis-master/experiments/imgds_linear_sparse/stage4_structural_small_models/hls/tiny_q16_d6_ff12/hls/imgds_linear_tiny_axi/solution1/.autopilot/db/layer_norm_tiny_1.verbose.bind.rpt 
Execute           AP::get_flow_target_display_name
Command         syn_report done; 0.18 sec.
Execute         db_write -o /home/cym/prj2/finn/notebooks/icl_thesis-master/experiments/imgds_linear_sparse/stage4_structural_small_models/hls/tiny_q16_d6_ff12/hls/imgds_linear_tiny_axi/solution1/.autopilot/db/layer_norm_tiny_1.bind.adb -f 
INFO-FLOW: Finish binding layer_norm_tiny.1.
INFO: [HLS 200-10] ----------------------------------------------------------------
INFO: [HLS 200-42] -- Implementing module 'imgds_linear_tiny_Pipeline_VITIS_LOOP_176_4' 
INFO: [HLS 200-10] ----------------------------------------------------------------
Execute         set_default_model imgds_linear_tiny_Pipeline_VITIS_LOOP_176_4 
Execute         schedule -model imgds_linear_tiny_Pipeline_VITIS_LOOP_176_4 
INFO: [SCHED 204-11] Starting scheduling ...
INFO: [SCHED 204-61] Pipelining loop 'VITIS_LOOP_176_4'.
INFO: [HLS 200-1470] Pipelining result : Target II = NA, Final II = 74, Depth = 75, loop 'VITIS_LOOP_176_4'
INFO: [SCHED 204-11] Finished scheduling.
INFO: [HLS 200-111] Finished Scheduling: CPU user time: 0.26 seconds. CPU system time: 0 seconds. Elapsed time: 0.27 seconds; current allocated memory: 629.301 MB.
Execute         syn_report -verbosereport -o /home/cym/prj2/finn/notebooks/icl_thesis-master/experiments/imgds_linear_sparse/stage4_structural_small_models/hls/tiny_q16_d6_ff12/hls/imgds_linear_tiny_axi/solution1/.autopilot/db/imgds_linear_tiny_Pipeline_VITIS_LOOP_176_4.verbose.sched.rpt 
Execute           AP::get_flow_target_display_name
Execute         db_write -o /home/cym/prj2/finn/notebooks/icl_thesis-master/experiments/imgds_linear_sparse/stage4_structural_small_models/hls/tiny_q16_d6_ff12/hls/imgds_linear_tiny_axi/solution1/.autopilot/db/imgds_linear_tiny_Pipeline_VITIS_LOOP_176_4.sched.adb -f 
INFO-FLOW: Finish scheduling imgds_linear_tiny_Pipeline_VITIS_LOOP_176_4.
Execute         set_default_model imgds_linear_tiny_Pipeline_VITIS_LOOP_176_4 
Execute         bind -model imgds_linear_tiny_Pipeline_VITIS_LOOP_176_4 
INFO: [BIND 205-100] Starting micro-architecture generation ...
INFO: [BIND 205-101] Performing variable lifetime analysis.
INFO: [BIND 205-101] Exploring resource sharing.
INFO: [BIND 205-101] Binding ...
INFO: [BIND 205-100] Finished micro-architecture generation.
Command         bind done; 0.11 sec.
INFO: [HLS 200-111] Finished Binding: CPU user time: 0.2 seconds. CPU system time: 0 seconds. Elapsed time: 0.2 seconds; current allocated memory: 629.301 MB.
Execute         syn_report -verbosereport -o /home/cym/prj2/finn/notebooks/icl_thesis-master/experiments/imgds_linear_sparse/stage4_structural_small_models/hls/tiny_q16_d6_ff12/hls/imgds_linear_tiny_axi/solution1/.autopilot/db/imgds_linear_tiny_Pipeline_VITIS_LOOP_176_4.verbose.bind.rpt 
Execute           AP::get_flow_target_display_name
Command         syn_report done; 0.13 sec.
Execute         db_write -o /home/cym/prj2/finn/notebooks/icl_thesis-master/experiments/imgds_linear_sparse/stage4_structural_small_models/hls/tiny_q16_d6_ff12/hls/imgds_linear_tiny_axi/solution1/.autopilot/db/imgds_linear_tiny_Pipeline_VITIS_LOOP_176_4.bind.adb -f 
INFO-FLOW: Finish binding imgds_linear_tiny_Pipeline_VITIS_LOOP_176_4.
INFO: [HLS 200-10] ----------------------------------------------------------------
INFO: [HLS 200-42] -- Implementing module 'imgds_linear_tiny_Pipeline_VITIS_LOOP_128_3' 
INFO: [HLS 200-10] ----------------------------------------------------------------
Execute         set_default_model imgds_linear_tiny_Pipeline_VITIS_LOOP_128_3 
Execute         schedule -model imgds_linear_tiny_Pipeline_VITIS_LOOP_128_3 
INFO: [SCHED 204-11] Starting scheduling ...
INFO: [HLS 200-486] Changing DSP latency (root=r_V_15) to 3 in order to utilize available DSP registers.
INFO: [SCHED 204-61] Pipelining loop 'VITIS_LOOP_128_3'.
INFO: [HLS 200-1470] Pipelining result : Target II = 1, Final II = 1, Depth = 5, loop 'VITIS_LOOP_128_3'
INFO: [SCHED 204-11] Finished scheduling.
INFO: [HLS 200-111] Finished Scheduling: CPU user time: 0.16 seconds. CPU system time: 0.01 seconds. Elapsed time: 0.17 seconds; current allocated memory: 630.137 MB.
Execute         syn_report -verbosereport -o /home/cym/prj2/finn/notebooks/icl_thesis-master/experiments/imgds_linear_sparse/stage4_structural_small_models/hls/tiny_q16_d6_ff12/hls/imgds_linear_tiny_axi/solution1/.autopilot/db/imgds_linear_tiny_Pipeline_VITIS_LOOP_128_3.verbose.sched.rpt 
Execute           AP::get_flow_target_display_name
Execute         db_write -o /home/cym/prj2/finn/notebooks/icl_thesis-master/experiments/imgds_linear_sparse/stage4_structural_small_models/hls/tiny_q16_d6_ff12/hls/imgds_linear_tiny_axi/solution1/.autopilot/db/imgds_linear_tiny_Pipeline_VITIS_LOOP_128_3.sched.adb -f 
INFO-FLOW: Finish scheduling imgds_linear_tiny_Pipeline_VITIS_LOOP_128_3.
Execute         set_default_model imgds_linear_tiny_Pipeline_VITIS_LOOP_128_3 
Execute         bind -model imgds_linear_tiny_Pipeline_VITIS_LOOP_128_3 
INFO: [BIND 205-100] Starting micro-architecture generation ...
INFO: [BIND 205-101] Performing variable lifetime analysis.
INFO: [BIND 205-101] Exploring resource sharing.
INFO: [BIND 205-101] Binding ...
INFO: [BIND 205-100] Finished micro-architecture generation.
INFO: [HLS 200-111] Finished Binding: CPU user time: 0.03 seconds. CPU system time: 0 seconds. Elapsed time: 0.02 seconds; current allocated memory: 630.137 MB.
Execute         syn_report -verbosereport -o /home/cym/prj2/finn/notebooks/icl_thesis-master/experiments/imgds_linear_sparse/stage4_structural_small_models/hls/tiny_q16_d6_ff12/hls/imgds_linear_tiny_axi/solution1/.autopilot/db/imgds_linear_tiny_Pipeline_VITIS_LOOP_128_3.verbose.bind.rpt 
Execute           AP::get_flow_target_display_name
Execute         db_write -o /home/cym/prj2/finn/notebooks/icl_thesis-master/experiments/imgds_linear_sparse/stage4_structural_small_models/hls/tiny_q16_d6_ff12/hls/imgds_linear_tiny_axi/solution1/.autopilot/db/imgds_linear_tiny_Pipeline_VITIS_LOOP_128_3.bind.adb -f 
INFO-FLOW: Finish binding imgds_linear_tiny_Pipeline_VITIS_LOOP_128_3.
INFO: [HLS 200-10] ----------------------------------------------------------------
INFO: [HLS 200-42] -- Implementing module 'imgds_linear_tiny_Pipeline_VITIS_LOOP_139_5' 
INFO: [HLS 200-10] ----------------------------------------------------------------
Execute         set_default_model imgds_linear_tiny_Pipeline_VITIS_LOOP_139_5 
Execute         schedule -model imgds_linear_tiny_Pipeline_VITIS_LOOP_139_5 
INFO: [SCHED 204-11] Starting scheduling ...
INFO: [HLS 200-486] Changing DSP latency (root=r_V_13) to 3 in order to utilize available DSP registers.
INFO: [SCHED 204-61] Pipelining loop 'VITIS_LOOP_139_5'.
INFO: [HLS 200-1470] Pipelining result : Target II = 1, Final II = 1, Depth = 5, loop 'VITIS_LOOP_139_5'
INFO: [SCHED 204-11] Finished scheduling.
INFO: [HLS 200-111] Finished Scheduling: CPU user time: 0.04 seconds. CPU system time: 0 seconds. Elapsed time: 0.04 seconds; current allocated memory: 630.656 MB.
Execute         syn_report -verbosereport -o /home/cym/prj2/finn/notebooks/icl_thesis-master/experiments/imgds_linear_sparse/stage4_structural_small_models/hls/tiny_q16_d6_ff12/hls/imgds_linear_tiny_axi/solution1/.autopilot/db/imgds_linear_tiny_Pipeline_VITIS_LOOP_139_5.verbose.sched.rpt 
Execute           AP::get_flow_target_display_name
Execute         db_write -o /home/cym/prj2/finn/notebooks/icl_thesis-master/experiments/imgds_linear_sparse/stage4_structural_small_models/hls/tiny_q16_d6_ff12/hls/imgds_linear_tiny_axi/solution1/.autopilot/db/imgds_linear_tiny_Pipeline_VITIS_LOOP_139_5.sched.adb -f 
INFO-FLOW: Finish scheduling imgds_linear_tiny_Pipeline_VITIS_LOOP_139_5.
Execute         set_default_model imgds_linear_tiny_Pipeline_VITIS_LOOP_139_5 
Execute         bind -model imgds_linear_tiny_Pipeline_VITIS_LOOP_139_5 
INFO: [BIND 205-100] Starting micro-architecture generation ...
INFO: [BIND 205-101] Performing variable lifetime analysis.
INFO: [BIND 205-101] Exploring resource sharing.
INFO: [BIND 205-101] Binding ...
INFO: [BIND 205-100] Finished micro-architecture generation.
INFO: [HLS 200-111] Finished Binding: CPU user time: 0.03 seconds. CPU system time: 0 seconds. Elapsed time: 0.03 seconds; current allocated memory: 630.656 MB.
Execute         syn_report -verbosereport -o /home/cym/prj2/finn/notebooks/icl_thesis-master/experiments/imgds_linear_sparse/stage4_structural_small_models/hls/tiny_q16_d6_ff12/hls/imgds_linear_tiny_axi/solution1/.autopilot/db/imgds_linear_tiny_Pipeline_VITIS_LOOP_139_5.verbose.bind.rpt 
Execute           AP::get_flow_target_display_name
Execute         db_write -o /home/cym/prj2/finn/notebooks/icl_thesis-master/experiments/imgds_linear_sparse/stage4_structural_small_models/hls/tiny_q16_d6_ff12/hls/imgds_linear_tiny_axi/solution1/.autopilot/db/imgds_linear_tiny_Pipeline_VITIS_LOOP_139_5.bind.adb -f 
INFO-FLOW: Finish binding imgds_linear_tiny_Pipeline_VITIS_LOOP_139_5.
INFO: [HLS 200-10] ----------------------------------------------------------------
INFO: [HLS 200-42] -- Implementing module 'imgds_linear_tiny_Pipeline_VITIS_LOOP_146_6' 
INFO: [HLS 200-10] ----------------------------------------------------------------
Execute         set_default_model imgds_linear_tiny_Pipeline_VITIS_LOOP_146_6 
Execute         schedule -model imgds_linear_tiny_Pipeline_VITIS_LOOP_146_6 
INFO: [SCHED 204-11] Starting scheduling ...
INFO: [SCHED 204-61] Pipelining loop 'VITIS_LOOP_146_6'.
INFO: [HLS 200-1470] Pipelining result : Target II = NA, Final II = 1, Depth = 3, loop 'VITIS_LOOP_146_6'
INFO: [SCHED 204-11] Finished scheduling.
INFO: [HLS 200-111] Finished Scheduling: CPU user time: 0.03 seconds. CPU system time: 0 seconds. Elapsed time: 0.04 seconds; current allocated memory: 630.945 MB.
Execute         syn_report -verbosereport -o /home/cym/prj2/finn/notebooks/icl_thesis-master/experiments/imgds_linear_sparse/stage4_structural_small_models/hls/tiny_q16_d6_ff12/hls/imgds_linear_tiny_axi/solution1/.autopilot/db/imgds_linear_tiny_Pipeline_VITIS_LOOP_146_6.verbose.sched.rpt 
Execute           AP::get_flow_target_display_name
Execute         db_write -o /home/cym/prj2/finn/notebooks/icl_thesis-master/experiments/imgds_linear_sparse/stage4_structural_small_models/hls/tiny_q16_d6_ff12/hls/imgds_linear_tiny_axi/solution1/.autopilot/db/imgds_linear_tiny_Pipeline_VITIS_LOOP_146_6.sched.adb -f 
INFO-FLOW: Finish scheduling imgds_linear_tiny_Pipeline_VITIS_LOOP_146_6.
Execute         set_default_model imgds_linear_tiny_Pipeline_VITIS_LOOP_146_6 
Execute         bind -model imgds_linear_tiny_Pipeline_VITIS_LOOP_146_6 
INFO: [BIND 205-100] Starting micro-architecture generation ...
INFO: [BIND 205-101] Performing variable lifetime analysis.
INFO: [BIND 205-101] Exploring resource sharing.
INFO: [BIND 205-101] Binding ...
INFO: [BIND 205-100] Finished micro-architecture generation.
INFO: [HLS 200-111] Finished Binding: CPU user time: 0.01 seconds. CPU system time: 0 seconds. Elapsed time: 0.02 seconds; current allocated memory: 630.945 MB.
Execute         syn_report -verbosereport -o /home/cym/prj2/finn/notebooks/icl_thesis-master/experiments/imgds_linear_sparse/stage4_structural_small_models/hls/tiny_q16_d6_ff12/hls/imgds_linear_tiny_axi/solution1/.autopilot/db/imgds_linear_tiny_Pipeline_VITIS_LOOP_146_6.verbose.bind.rpt 
Execute           AP::get_flow_target_display_name
Execute         db_write -o /home/cym/prj2/finn/notebooks/icl_thesis-master/experiments/imgds_linear_sparse/stage4_structural_small_models/hls/tiny_q16_d6_ff12/hls/imgds_linear_tiny_axi/solution1/.autopilot/db/imgds_linear_tiny_Pipeline_VITIS_LOOP_146_6.bind.adb -f 
INFO-FLOW: Finish binding imgds_linear_tiny_Pipeline_VITIS_LOOP_146_6.
INFO: [HLS 200-10] ----------------------------------------------------------------
INFO: [HLS 200-42] -- Implementing module 'imgds_linear_tiny_Pipeline_VITIS_LOOP_179_5' 
INFO: [HLS 200-10] ----------------------------------------------------------------
Execute         set_default_model imgds_linear_tiny_Pipeline_VITIS_LOOP_179_5 
Execute         schedule -model imgds_linear_tiny_Pipeline_VITIS_LOOP_179_5 
INFO: [SCHED 204-11] Starting scheduling ...
INFO: [SCHED 204-61] Pipelining loop 'VITIS_LOOP_179_5'.
INFO: [HLS 200-1470] Pipelining result : Target II = NA, Final II = 74, Depth = 75, loop 'VITIS_LOOP_179_5'
INFO: [SCHED 204-11] Finished scheduling.
INFO: [HLS 200-111] Finished Scheduling: CPU user time: 0.08 seconds. CPU system time: 0 seconds. Elapsed time: 0.08 seconds; current allocated memory: 631.215 MB.
Execute         syn_report -verbosereport -o /home/cym/prj2/finn/notebooks/icl_thesis-master/experiments/imgds_linear_sparse/stage4_structural_small_models/hls/tiny_q16_d6_ff12/hls/imgds_linear_tiny_axi/solution1/.autopilot/db/imgds_linear_tiny_Pipeline_VITIS_LOOP_179_5.verbose.sched.rpt 
Execute           AP::get_flow_target_display_name
Execute         db_write -o /home/cym/prj2/finn/notebooks/icl_thesis-master/experiments/imgds_linear_sparse/stage4_structural_small_models/hls/tiny_q16_d6_ff12/hls/imgds_linear_tiny_axi/solution1/.autopilot/db/imgds_linear_tiny_Pipeline_VITIS_LOOP_179_5.sched.adb -f 
INFO-FLOW: Finish scheduling imgds_linear_tiny_Pipeline_VITIS_LOOP_179_5.
Execute         set_default_model imgds_linear_tiny_Pipeline_VITIS_LOOP_179_5 
Execute         bind -model imgds_linear_tiny_Pipeline_VITIS_LOOP_179_5 
INFO: [BIND 205-100] Starting micro-architecture generation ...
INFO: [BIND 205-101] Performing variable lifetime analysis.
INFO: [BIND 205-101] Exploring resource sharing.
INFO: [BIND 205-101] Binding ...
INFO: [BIND 205-100] Finished micro-architecture generation.
INFO: [HLS 200-111] Finished Binding: CPU user time: 0.2 seconds. CPU system time: 0 seconds. Elapsed time: 0.2 seconds; current allocated memory: 631.215 MB.
Execute         syn_report -verbosereport -o /home/cym/prj2/finn/notebooks/icl_thesis-master/experiments/imgds_linear_sparse/stage4_structural_small_models/hls/tiny_q16_d6_ff12/hls/imgds_linear_tiny_axi/solution1/.autopilot/db/imgds_linear_tiny_Pipeline_VITIS_LOOP_179_5.verbose.bind.rpt 
Execute           AP::get_flow_target_display_name
Command         syn_report done; 0.13 sec.
Execute         db_write -o /home/cym/prj2/finn/notebooks/icl_thesis-master/experiments/imgds_linear_sparse/stage4_structural_small_models/hls/tiny_q16_d6_ff12/hls/imgds_linear_tiny_axi/solution1/.autopilot/db/imgds_linear_tiny_Pipeline_VITIS_LOOP_179_5.bind.adb -f 
INFO-FLOW: Finish binding imgds_linear_tiny_Pipeline_VITIS_LOOP_179_5.
INFO: [HLS 200-10] ----------------------------------------------------------------
INFO: [HLS 200-42] -- Implementing module 'imgds_linear_tiny_Pipeline_VITIS_LOOP_183_6_VITIS_LOOP_185_7' 
INFO: [HLS 200-10] ----------------------------------------------------------------
Execute         set_default_model imgds_linear_tiny_Pipeline_VITIS_LOOP_183_6_VITIS_LOOP_185_7 
Execute         schedule -model imgds_linear_tiny_Pipeline_VITIS_LOOP_183_6_VITIS_LOOP_185_7 
INFO: [SCHED 204-11] Starting scheduling ...
INFO: [SCHED 204-61] Pipelining loop 'VITIS_LOOP_183_6_VITIS_LOOP_185_7'.
INFO: [HLS 200-1470] Pipelining result : Target II = 1, Final II = 1, Depth = 5, loop 'VITIS_LOOP_183_6_VITIS_LOOP_185_7'
INFO: [SCHED 204-11] Finished scheduling.
INFO: [HLS 200-111] Finished Scheduling: CPU user time: 0.17 seconds. CPU system time: 0 seconds. Elapsed time: 0.17 seconds; current allocated memory: 632.238 MB.
Execute         syn_report -verbosereport -o /home/cym/prj2/finn/notebooks/icl_thesis-master/experiments/imgds_linear_sparse/stage4_structural_small_models/hls/tiny_q16_d6_ff12/hls/imgds_linear_tiny_axi/solution1/.autopilot/db/imgds_linear_tiny_Pipeline_VITIS_LOOP_183_6_VITIS_LOOP_185_7.verbose.sched.rpt 
Execute           AP::get_flow_target_display_name
Execute         db_write -o /home/cym/prj2/finn/notebooks/icl_thesis-master/experiments/imgds_linear_sparse/stage4_structural_small_models/hls/tiny_q16_d6_ff12/hls/imgds_linear_tiny_axi/solution1/.autopilot/db/imgds_linear_tiny_Pipeline_VITIS_LOOP_183_6_VITIS_LOOP_185_7.sched.adb -f 
INFO-FLOW: Finish scheduling imgds_linear_tiny_Pipeline_VITIS_LOOP_183_6_VITIS_LOOP_185_7.
Execute         set_default_model imgds_linear_tiny_Pipeline_VITIS_LOOP_183_6_VITIS_LOOP_185_7 
Execute         bind -model imgds_linear_tiny_Pipeline_VITIS_LOOP_183_6_VITIS_LOOP_185_7 
INFO: [BIND 205-100] Starting micro-architecture generation ...
INFO: [BIND 205-101] Performing variable lifetime analysis.
INFO: [BIND 205-101] Exploring resource sharing.
INFO: [BIND 205-101] Binding ...
INFO: [BIND 205-100] Finished micro-architecture generation.
INFO: [HLS 200-111] Finished Binding: CPU user time: 0.03 seconds. CPU system time: 0 seconds. Elapsed time: 0.04 seconds; current allocated memory: 632.238 MB.
Execute         syn_report -verbosereport -o /home/cym/prj2/finn/notebooks/icl_thesis-master/experiments/imgds_linear_sparse/stage4_structural_small_models/hls/tiny_q16_d6_ff12/hls/imgds_linear_tiny_axi/solution1/.autopilot/db/imgds_linear_tiny_Pipeline_VITIS_LOOP_183_6_VITIS_LOOP_185_7.verbose.bind.rpt 
Execute           AP::get_flow_target_display_name
Execute         db_write -o /home/cym/prj2/finn/notebooks/icl_thesis-master/experiments/imgds_linear_sparse/stage4_structural_small_models/hls/tiny_q16_d6_ff12/hls/imgds_linear_tiny_axi/solution1/.autopilot/db/imgds_linear_tiny_Pipeline_VITIS_LOOP_183_6_VITIS_LOOP_185_7.bind.adb -f 
INFO-FLOW: Finish binding imgds_linear_tiny_Pipeline_VITIS_LOOP_183_6_VITIS_LOOP_185_7.
INFO: [HLS 200-10] ----------------------------------------------------------------
INFO: [HLS 200-42] -- Implementing module 'layer_norm_tiny_Pipeline_VITIS_LOOP_19_1' 
INFO: [HLS 200-10] ----------------------------------------------------------------
Execute         set_default_model layer_norm_tiny_Pipeline_VITIS_LOOP_19_1 
Execute         schedule -model layer_norm_tiny_Pipeline_VITIS_LOOP_19_1 
INFO: [SCHED 204-11] Starting scheduling ...
INFO: [SCHED 204-61] Pipelining loop 'VITIS_LOOP_19_1'.
INFO: [HLS 200-1470] Pipelining result : Target II = NA, Final II = 1, Depth = 2, loop 'VITIS_LOOP_19_1'
INFO: [SCHED 204-11] Finished scheduling.
INFO: [HLS 200-111] Finished Scheduling: CPU user time: 0.06 seconds. CPU system time: 0 seconds. Elapsed time: 0.11 seconds; current allocated memory: 632.566 MB.
Execute         syn_report -verbosereport -o /home/cym/prj2/finn/notebooks/icl_thesis-master/experiments/imgds_linear_sparse/stage4_structural_small_models/hls/tiny_q16_d6_ff12/hls/imgds_linear_tiny_axi/solution1/.autopilot/db/layer_norm_tiny_Pipeline_VITIS_LOOP_19_1.verbose.sched.rpt 
Execute           AP::get_flow_target_display_name
Execute         db_write -o /home/cym/prj2/finn/notebooks/icl_thesis-master/experiments/imgds_linear_sparse/stage4_structural_small_models/hls/tiny_q16_d6_ff12/hls/imgds_linear_tiny_axi/solution1/.autopilot/db/layer_norm_tiny_Pipeline_VITIS_LOOP_19_1.sched.adb -f 
INFO-FLOW: Finish scheduling layer_norm_tiny_Pipeline_VITIS_LOOP_19_1.
Execute         set_default_model layer_norm_tiny_Pipeline_VITIS_LOOP_19_1 
Execute         bind -model layer_norm_tiny_Pipeline_VITIS_LOOP_19_1 
INFO: [BIND 205-100] Starting micro-architecture generation ...
INFO: [BIND 205-101] Performing variable lifetime analysis.
INFO: [BIND 205-101] Exploring resource sharing.
INFO: [BIND 205-101] Binding ...
INFO: [BIND 205-100] Finished micro-architecture generation.
INFO: [HLS 200-111] Finished Binding: CPU user time: 0.02 seconds. CPU system time: 0 seconds. Elapsed time: 0.02 seconds; current allocated memory: 632.566 MB.
Execute         syn_report -verbosereport -o /home/cym/prj2/finn/notebooks/icl_thesis-master/experiments/imgds_linear_sparse/stage4_structural_small_models/hls/tiny_q16_d6_ff12/hls/imgds_linear_tiny_axi/solution1/.autopilot/db/layer_norm_tiny_Pipeline_VITIS_LOOP_19_1.verbose.bind.rpt 
Execute           AP::get_flow_target_display_name
Execute         db_write -o /home/cym/prj2/finn/notebooks/icl_thesis-master/experiments/imgds_linear_sparse/stage4_structural_small_models/hls/tiny_q16_d6_ff12/hls/imgds_linear_tiny_axi/solution1/.autopilot/db/layer_norm_tiny_Pipeline_VITIS_LOOP_19_1.bind.adb -f 
INFO-FLOW: Finish binding layer_norm_tiny_Pipeline_VITIS_LOOP_19_1.
INFO: [HLS 200-10] ----------------------------------------------------------------
INFO: [HLS 200-42] -- Implementing module 'layer_norm_tiny_Pipeline_VITIS_LOOP_22_2' 
INFO: [HLS 200-10] ----------------------------------------------------------------
Execute         set_default_model layer_norm_tiny_Pipeline_VITIS_LOOP_22_2 
Execute         schedule -model layer_norm_tiny_Pipeline_VITIS_LOOP_22_2 
INFO: [SCHED 204-11] Starting scheduling ...
INFO: [HLS 200-486] Changing DSP latency (root=mul_ln1347) to 3 in order to utilize available DSP registers.
INFO: [SCHED 204-61] Pipelining loop 'VITIS_LOOP_22_2'.
INFO: [HLS 200-1470] Pipelining result : Target II = NA, Final II = 1, Depth = 5, loop 'VITIS_LOOP_22_2'
INFO: [SCHED 204-11] Finished scheduling.
INFO: [HLS 200-111] Finished Scheduling: CPU user time: 0.04 seconds. CPU system time: 0 seconds. Elapsed time: 0.03 seconds; current allocated memory: 632.977 MB.
Execute         syn_report -verbosereport -o /home/cym/prj2/finn/notebooks/icl_thesis-master/experiments/imgds_linear_sparse/stage4_structural_small_models/hls/tiny_q16_d6_ff12/hls/imgds_linear_tiny_axi/solution1/.autopilot/db/layer_norm_tiny_Pipeline_VITIS_LOOP_22_2.verbose.sched.rpt 
Execute           AP::get_flow_target_display_name
Execute         db_write -o /home/cym/prj2/finn/notebooks/icl_thesis-master/experiments/imgds_linear_sparse/stage4_structural_small_models/hls/tiny_q16_d6_ff12/hls/imgds_linear_tiny_axi/solution1/.autopilot/db/layer_norm_tiny_Pipeline_VITIS_LOOP_22_2.sched.adb -f 
INFO-FLOW: Finish scheduling layer_norm_tiny_Pipeline_VITIS_LOOP_22_2.
Execute         set_default_model layer_norm_tiny_Pipeline_VITIS_LOOP_22_2 
Execute         bind -model layer_norm_tiny_Pipeline_VITIS_LOOP_22_2 
INFO: [BIND 205-100] Starting micro-architecture generation ...
INFO: [BIND 205-101] Performing variable lifetime analysis.
INFO: [BIND 205-101] Exploring resource sharing.
INFO: [BIND 205-101] Binding ...
INFO: [BIND 205-100] Finished micro-architecture generation.
INFO: [HLS 200-111] Finished Binding: CPU user time: 0.02 seconds. CPU system time: 0.01 seconds. Elapsed time: 0.02 seconds; current allocated memory: 632.977 MB.
Execute         syn_report -verbosereport -o /home/cym/prj2/finn/notebooks/icl_thesis-master/experiments/imgds_linear_sparse/stage4_structural_small_models/hls/tiny_q16_d6_ff12/hls/imgds_linear_tiny_axi/solution1/.autopilot/db/layer_norm_tiny_Pipeline_VITIS_LOOP_22_2.verbose.bind.rpt 
Execute           AP::get_flow_target_display_name
Execute         db_write -o /home/cym/prj2/finn/notebooks/icl_thesis-master/experiments/imgds_linear_sparse/stage4_structural_small_models/hls/tiny_q16_d6_ff12/hls/imgds_linear_tiny_axi/solution1/.autopilot/db/layer_norm_tiny_Pipeline_VITIS_LOOP_22_2.bind.adb -f 
INFO-FLOW: Finish binding layer_norm_tiny_Pipeline_VITIS_LOOP_22_2.
INFO: [HLS 200-10] ----------------------------------------------------------------
INFO: [HLS 200-42] -- Implementing module 'layer_norm_tiny_Pipeline_VITIS_LOOP_27_3' 
INFO: [HLS 200-10] ----------------------------------------------------------------
Execute         set_default_model layer_norm_tiny_Pipeline_VITIS_LOOP_27_3 
Execute         schedule -model layer_norm_tiny_Pipeline_VITIS_LOOP_27_3 
INFO: [SCHED 204-11] Starting scheduling ...
INFO: [HLS 200-486] Changing DSP latency (root=mul_ln837) to 3 in order to utilize available DSP registers.
INFO: [HLS 200-486] Changing DSP latency (root=ret_V_3) to 3 in order to utilize available DSP registers.
INFO: [SCHED 204-61] Pipelining loop 'VITIS_LOOP_27_3'.
INFO: [HLS 200-1470] Pipelining result : Target II = NA, Final II = 1, Depth = 8, loop 'VITIS_LOOP_27_3'
INFO: [SCHED 204-11] Finished scheduling.
INFO: [HLS 200-111] Finished Scheduling: CPU user time: 0.04 seconds. CPU system time: 0 seconds. Elapsed time: 0.04 seconds; current allocated memory: 633.453 MB.
Execute         syn_report -verbosereport -o /home/cym/prj2/finn/notebooks/icl_thesis-master/experiments/imgds_linear_sparse/stage4_structural_small_models/hls/tiny_q16_d6_ff12/hls/imgds_linear_tiny_axi/solution1/.autopilot/db/layer_norm_tiny_Pipeline_VITIS_LOOP_27_3.verbose.sched.rpt 
Execute           AP::get_flow_target_display_name
Execute         db_write -o /home/cym/prj2/finn/notebooks/icl_thesis-master/experiments/imgds_linear_sparse/stage4_structural_small_models/hls/tiny_q16_d6_ff12/hls/imgds_linear_tiny_axi/solution1/.autopilot/db/layer_norm_tiny_Pipeline_VITIS_LOOP_27_3.sched.adb -f 
INFO-FLOW: Finish scheduling layer_norm_tiny_Pipeline_VITIS_LOOP_27_3.
Execute         set_default_model layer_norm_tiny_Pipeline_VITIS_LOOP_27_3 
Execute         bind -model layer_norm_tiny_Pipeline_VITIS_LOOP_27_3 
INFO: [BIND 205-100] Starting micro-architecture generation ...
INFO: [BIND 205-101] Performing variable lifetime analysis.
INFO: [BIND 205-101] Exploring resource sharing.
INFO: [BIND 205-101] Binding ...
INFO: [BIND 205-100] Finished micro-architecture generation.
INFO: [HLS 200-111] Finished Binding: CPU user time: 0.03 seconds. CPU system time: 0 seconds. Elapsed time: 0.03 seconds; current allocated memory: 633.453 MB.
Execute         syn_report -verbosereport -o /home/cym/prj2/finn/notebooks/icl_thesis-master/experiments/imgds_linear_sparse/stage4_structural_small_models/hls/tiny_q16_d6_ff12/hls/imgds_linear_tiny_axi/solution1/.autopilot/db/layer_norm_tiny_Pipeline_VITIS_LOOP_27_3.verbose.bind.rpt 
Execute           AP::get_flow_target_display_name
Execute         db_write -o /home/cym/prj2/finn/notebooks/icl_thesis-master/experiments/imgds_linear_sparse/stage4_structural_small_models/hls/tiny_q16_d6_ff12/hls/imgds_linear_tiny_axi/solution1/.autopilot/db/layer_norm_tiny_Pipeline_VITIS_LOOP_27_3.bind.adb -f 
INFO-FLOW: Finish binding layer_norm_tiny_Pipeline_VITIS_LOOP_27_3.
INFO: [HLS 200-10] ----------------------------------------------------------------
INFO: [HLS 200-42] -- Implementing module 'layer_norm_tiny' 
INFO: [HLS 200-10] ----------------------------------------------------------------
Execute         set_default_model layer_norm_tiny 
Execute         schedule -model layer_norm_tiny 
INFO: [SCHED 204-11] Starting scheduling ...
INFO: [SCHED 204-11] Finished scheduling.
INFO: [HLS 200-111] Finished Scheduling: CPU user time: 0.12 seconds. CPU system time: 0 seconds. Elapsed time: 0.11 seconds; current allocated memory: 633.926 MB.
Execute         syn_report -verbosereport -o /home/cym/prj2/finn/notebooks/icl_thesis-master/experiments/imgds_linear_sparse/stage4_structural_small_models/hls/tiny_q16_d6_ff12/hls/imgds_linear_tiny_axi/solution1/.autopilot/db/layer_norm_tiny.verbose.sched.rpt 
Execute           AP::get_flow_target_display_name
Command         syn_report done; 0.11 sec.
Execute         db_write -o /home/cym/prj2/finn/notebooks/icl_thesis-master/experiments/imgds_linear_sparse/stage4_structural_small_models/hls/tiny_q16_d6_ff12/hls/imgds_linear_tiny_axi/solution1/.autopilot/db/layer_norm_tiny.sched.adb -f 
INFO-FLOW: Finish scheduling layer_norm_tiny.
Execute         set_default_model layer_norm_tiny 
Execute         bind -model layer_norm_tiny 
INFO: [BIND 205-100] Starting micro-architecture generation ...
INFO: [BIND 205-101] Performing variable lifetime analysis.
INFO: [BIND 205-101] Exploring resource sharing.
INFO: [BIND 205-101] Binding ...
INFO: [BIND 205-100] Finished micro-architecture generation.
INFO: [HLS 200-111] Finished Binding: CPU user time: 0.2 seconds. CPU system time: 0 seconds. Elapsed time: 0.2 seconds; current allocated memory: 633.996 MB.
Execute         syn_report -verbosereport -o /home/cym/prj2/finn/notebooks/icl_thesis-master/experiments/imgds_linear_sparse/stage4_structural_small_models/hls/tiny_q16_d6_ff12/hls/imgds_linear_tiny_axi/solution1/.autopilot/db/layer_norm_tiny.verbose.bind.rpt 
Execute           AP::get_flow_target_display_name
Command         syn_report done; 0.15 sec.
Execute         db_write -o /home/cym/prj2/finn/notebooks/icl_thesis-master/experiments/imgds_linear_sparse/stage4_structural_small_models/hls/tiny_q16_d6_ff12/hls/imgds_linear_tiny_axi/solution1/.autopilot/db/layer_norm_tiny.bind.adb -f 
INFO-FLOW: Finish binding layer_norm_tiny.
INFO: [HLS 200-10] ----------------------------------------------------------------
INFO: [HLS 200-42] -- Implementing module 'imgds_linear_tiny' 
INFO: [HLS 200-10] ----------------------------------------------------------------
Execute         set_default_model imgds_linear_tiny 
Execute         schedule -model imgds_linear_tiny 
INFO: [SCHED 204-11] Starting scheduling ...
INFO: [HLS 200-486] Changing DSP latency (root=r_V_42) to 3 in order to utilize available DSP registers.
INFO: [HLS 200-486] Changing DSP latency (root=r_V_41) to 3 in order to utilize available DSP registers.
INFO: [HLS 200-486] Changing DSP latency (root=r_V_40) to 3 in order to utilize available DSP registers.
INFO: [HLS 200-486] Changing DSP latency (root=mul_ln1347_5) to 3 in order to utilize available DSP registers.
INFO: [HLS 200-486] Changing DSP latency (root=r_V_39) to 3 in order to utilize available DSP registers.
INFO: [HLS 200-486] Changing DSP latency (root=mul_ln1270) to 3 in order to utilize available DSP registers.
INFO: [HLS 200-486] Changing DSP latency (root=r_V_38) to 3 in order to utilize available DSP registers.
INFO: [HLS 200-486] Changing DSP latency (root=r_V_36) to 3 in order to utilize available DSP registers.
INFO: [HLS 200-486] Changing DSP latency (root=r_V_34) to 3 in order to utilize available DSP registers.
INFO: [HLS 200-486] Changing DSP latency (root=mul_ln1347) to 3 in order to utilize available DSP registers.
INFO: [SCHED 204-11] Finished scheduling.
INFO: [HLS 200-111] Finished Scheduling: CPU user time: 0.27 seconds. CPU system time: 0 seconds. Elapsed time: 0.27 seconds; current allocated memory: 635.934 MB.
Execute         syn_report -verbosereport -o /home/cym/prj2/finn/notebooks/icl_thesis-master/experiments/imgds_linear_sparse/stage4_structural_small_models/hls/tiny_q16_d6_ff12/hls/imgds_linear_tiny_axi/solution1/.autopilot/db/imgds_linear_tiny.verbose.sched.rpt 
Execute           AP::get_flow_target_display_name
Execute         db_write -o /home/cym/prj2/finn/notebooks/icl_thesis-master/experiments/imgds_linear_sparse/stage4_structural_small_models/hls/tiny_q16_d6_ff12/hls/imgds_linear_tiny_axi/solution1/.autopilot/db/imgds_linear_tiny.sched.adb -f 
INFO-FLOW: Finish scheduling imgds_linear_tiny.
Execute         set_default_model imgds_linear_tiny 
Execute         bind -model imgds_linear_tiny 
INFO: [BIND 205-100] Starting micro-architecture generation ...
INFO: [BIND 205-101] Performing variable lifetime analysis.
INFO: [BIND 205-101] Exploring resource sharing.
INFO: [BIND 205-101] Binding ...
INFO: [BIND 205-100] Finished micro-architecture generation.
Command         bind done; 0.32 sec.
INFO: [HLS 200-111] Finished Binding: CPU user time: 0.38 seconds. CPU system time: 0 seconds. Elapsed time: 0.4 seconds; current allocated memory: 635.934 MB.
Execute         syn_report -verbosereport -o /home/cym/prj2/finn/notebooks/icl_thesis-master/experiments/imgds_linear_sparse/stage4_structural_small_models/hls/tiny_q16_d6_ff12/hls/imgds_linear_tiny_axi/solution1/.autopilot/db/imgds_linear_tiny.verbose.bind.rpt 
Execute           AP::get_flow_target_display_name
Command         syn_report done; 0.77 sec.
Execute         db_write -o /home/cym/prj2/finn/notebooks/icl_thesis-master/experiments/imgds_linear_sparse/stage4_structural_small_models/hls/tiny_q16_d6_ff12/hls/imgds_linear_tiny_axi/solution1/.autopilot/db/imgds_linear_tiny.bind.adb -f 
INFO-FLOW: Finish binding imgds_linear_tiny.
Execute         get_model_list imgds_linear_tiny -filter all-wo-channel 
INFO-FLOW: Preprocessing for RTLGen ...
Execute         rtl_gen_preprocess imgds_linear_tiny_Pipeline_VITIS_LOOP_163_3 
Execute         rtl_gen_preprocess linear_attention_tiny_Pipeline_VITIS_LOOP_48_3 
Execute         rtl_gen_preprocess linear_attention_tiny_Pipeline_VITIS_LOOP_63_4_VITIS_LOOP_64_5_VITIS_LOOP_66_6 
Execute         rtl_gen_preprocess linear_attention_tiny_Pipeline_VITIS_LOOP_78_8 
Execute         rtl_gen_preprocess linear_attention_tiny_Pipeline_VITIS_LOOP_88_10 
Execute         rtl_gen_preprocess linear_attention_tiny_Pipeline_VITIS_LOOP_96_11_VITIS_LOOP_98_12 
Execute         rtl_gen_preprocess linear_attention_tiny_Pipeline_VITIS_LOOP_107_14 
Execute         rtl_gen_preprocess linear_attention_tiny 
Execute         rtl_gen_preprocess layer_norm_tiny.1 
Execute         rtl_gen_preprocess imgds_linear_tiny_Pipeline_VITIS_LOOP_176_4 
Execute         rtl_gen_preprocess imgds_linear_tiny_Pipeline_VITIS_LOOP_128_3 
Execute         rtl_gen_preprocess imgds_linear_tiny_Pipeline_VITIS_LOOP_139_5 
Execute         rtl_gen_preprocess imgds_linear_tiny_Pipeline_VITIS_LOOP_146_6 
Execute         rtl_gen_preprocess imgds_linear_tiny_Pipeline_VITIS_LOOP_179_5 
Execute         rtl_gen_preprocess imgds_linear_tiny_Pipeline_VITIS_LOOP_183_6_VITIS_LOOP_185_7 
Execute         rtl_gen_preprocess layer_norm_tiny_Pipeline_VITIS_LOOP_19_1 
Execute         rtl_gen_preprocess layer_norm_tiny_Pipeline_VITIS_LOOP_22_2 
Execute         rtl_gen_preprocess layer_norm_tiny_Pipeline_VITIS_LOOP_27_3 
Execute         rtl_gen_preprocess layer_norm_tiny 
Execute         rtl_gen_preprocess imgds_linear_tiny 
INFO-FLOW: Model list for RTL generation: imgds_linear_tiny_Pipeline_VITIS_LOOP_163_3 linear_attention_tiny_Pipeline_VITIS_LOOP_48_3 linear_attention_tiny_Pipeline_VITIS_LOOP_63_4_VITIS_LOOP_64_5_VITIS_LOOP_66_6 linear_attention_tiny_Pipeline_VITIS_LOOP_78_8 linear_attention_tiny_Pipeline_VITIS_LOOP_88_10 linear_attention_tiny_Pipeline_VITIS_LOOP_96_11_VITIS_LOOP_98_12 linear_attention_tiny_Pipeline_VITIS_LOOP_107_14 linear_attention_tiny layer_norm_tiny.1 imgds_linear_tiny_Pipeline_VITIS_LOOP_176_4 imgds_linear_tiny_Pipeline_VITIS_LOOP_128_3 imgds_linear_tiny_Pipeline_VITIS_LOOP_139_5 imgds_linear_tiny_Pipeline_VITIS_LOOP_146_6 imgds_linear_tiny_Pipeline_VITIS_LOOP_179_5 imgds_linear_tiny_Pipeline_VITIS_LOOP_183_6_VITIS_LOOP_185_7 layer_norm_tiny_Pipeline_VITIS_LOOP_19_1 layer_norm_tiny_Pipeline_VITIS_LOOP_22_2 layer_norm_tiny_Pipeline_VITIS_LOOP_27_3 layer_norm_tiny imgds_linear_tiny
INFO: [HLS 200-10] ----------------------------------------------------------------
INFO: [HLS 200-10] -- Generating RTL for module 'imgds_linear_tiny_Pipeline_VITIS_LOOP_163_3' 
INFO: [HLS 200-10] ----------------------------------------------------------------
Execute         create_rtl_model imgds_linear_tiny_Pipeline_VITIS_LOOP_163_3 -top_prefix imgds_linear_tiny_ -sub_prefix imgds_linear_tiny_ -mg_file /home/cym/prj2/finn/notebooks/icl_thesis-master/experiments/imgds_linear_sparse/stage4_structural_small_models/hls/tiny_q16_d6_ff12/hls/imgds_linear_tiny_axi/solution1/.autopilot/db/imgds_linear_tiny_Pipeline_VITIS_LOOP_163_3.compgen.tcl 
INFO: [SYN 201-210] Renamed object name 'imgds_linear_tiny_Pipeline_VITIS_LOOP_163_3_input_projection_weight_V_ROM_AUTO_1R' to 'imgds_linear_tiny_Pipeline_VITIS_LOOP_163_3_input_projection_weight_V_ROM_AUTbkb' due to the length limit 80
INFO: [HLS 200-1030] Apply Unified Pipeline Control on module 'imgds_linear_tiny_Pipeline_VITIS_LOOP_163_3' pipeline 'VITIS_LOOP_163_3' pipeline type 'loop pipeline'
WARNING: [RTGEN 206-101] Setting dangling out port 'imgds_linear_tiny_Pipeline_VITIS_LOOP_163_3/m_axi_gmem0_ARVALID' to 0.
WARNING: [RTGEN 206-101] Setting dangling out port 'imgds_linear_tiny_Pipeline_VITIS_LOOP_163_3/m_axi_gmem0_ARADDR' to 0.
WARNING: [RTGEN 206-101] Setting dangling out port 'imgds_linear_tiny_Pipeline_VITIS_LOOP_163_3/m_axi_gmem0_ARID' to 0.
WARNING: [RTGEN 206-101] Setting dangling out port 'imgds_linear_tiny_Pipeline_VITIS_LOOP_163_3/m_axi_gmem0_ARLEN' to 0.
WARNING: [RTGEN 206-101] Setting dangling out port 'imgds_linear_tiny_Pipeline_VITIS_LOOP_163_3/m_axi_gmem0_ARSIZE' to 0.
WARNING: [RTGEN 206-101] Setting dangling out port 'imgds_linear_tiny_Pipeline_VITIS_LOOP_163_3/m_axi_gmem0_ARBURST' to 0.
WARNING: [RTGEN 206-101] Setting dangling out port 'imgds_linear_tiny_Pipeline_VITIS_LOOP_163_3/m_axi_gmem0_ARLOCK' to 0.
WARNING: [RTGEN 206-101] Setting dangling out port 'imgds_linear_tiny_Pipeline_VITIS_LOOP_163_3/m_axi_gmem0_ARCACHE' to 0.
WARNING: [RTGEN 206-101] Setting dangling out port 'imgds_linear_tiny_Pipeline_VITIS_LOOP_163_3/m_axi_gmem0_ARPROT' to 0.
WARNING: [RTGEN 206-101] Setting dangling out port 'imgds_linear_tiny_Pipeline_VITIS_LOOP_163_3/m_axi_gmem0_ARQOS' to 0.
WARNING: [RTGEN 206-101] Setting dangling out port 'imgds_linear_tiny_Pipeline_VITIS_LOOP_163_3/m_axi_gmem0_ARREGION' to 0.
WARNING: [RTGEN 206-101] Setting dangling out port 'imgds_linear_tiny_Pipeline_VITIS_LOOP_163_3/m_axi_gmem0_ARUSER' to 0.
INFO: [RTGEN 206-100] Generating core module 'mul_mul_9s_16s_25_4_1': 1 instance(s).
INFO: [RTGEN 206-100] Finished creating RTL model for 'imgds_linear_tiny_Pipeline_VITIS_LOOP_163_3'.
INFO: [RTMG 210-279] Implementing memory 'imgds_linear_tiny_imgds_linear_tiny_Pipeline_VITIS_LOOP_163_3_input_projection_weight_V_ROM_AUTbkb' using auto ROMs.
INFO: [HLS 200-111] Finished Creating RTL model: CPU user time: 0.82 seconds. CPU system time: 0 seconds. Elapsed time: 0.83 seconds; current allocated memory: 636.801 MB.
Execute         source /home/cym/prj2/finn/notebooks/icl_thesis-master/experiments/imgds_linear_sparse/stage4_structural_small_models/hls/tiny_q16_d6_ff12/hls/imgds_linear_tiny_axi/solution1/.autopilot/db/imgds_linear_tiny.rtl_wrap.cfg.tcl 
Execute         gen_rtl imgds_linear_tiny_Pipeline_VITIS_LOOP_163_3 -style xilinx -f -lang vhdl -o /home/cym/prj2/finn/notebooks/icl_thesis-master/experiments/imgds_linear_sparse/stage4_structural_small_models/hls/tiny_q16_d6_ff12/hls/imgds_linear_tiny_axi/solution1/syn/vhdl/imgds_linear_tiny_imgds_linear_tiny_Pipeline_VITIS_LOOP_163_3 
Execute         gen_rtl imgds_linear_tiny_Pipeline_VITIS_LOOP_163_3 -style xilinx -f -lang vlog -o /home/cym/prj2/finn/notebooks/icl_thesis-master/experiments/imgds_linear_sparse/stage4_structural_small_models/hls/tiny_q16_d6_ff12/hls/imgds_linear_tiny_axi/solution1/syn/verilog/imgds_linear_tiny_imgds_linear_tiny_Pipeline_VITIS_LOOP_163_3 
Execute         syn_report -csynth -model imgds_linear_tiny_Pipeline_VITIS_LOOP_163_3 -o /home/cym/prj2/finn/notebooks/icl_thesis-master/experiments/imgds_linear_sparse/stage4_structural_small_models/hls/tiny_q16_d6_ff12/hls/imgds_linear_tiny_axi/solution1/syn/report/imgds_linear_tiny_Pipeline_VITIS_LOOP_163_3_csynth.rpt 
Execute           AP::get_flow_target_display_name
Execute         syn_report -rtlxml -model imgds_linear_tiny_Pipeline_VITIS_LOOP_163_3 -o /home/cym/prj2/finn/notebooks/icl_thesis-master/experiments/imgds_linear_sparse/stage4_structural_small_models/hls/tiny_q16_d6_ff12/hls/imgds_linear_tiny_axi/solution1/syn/report/imgds_linear_tiny_Pipeline_VITIS_LOOP_163_3_csynth.xml 
Execute         syn_report -verbosereport -model imgds_linear_tiny_Pipeline_VITIS_LOOP_163_3 -o /home/cym/prj2/finn/notebooks/icl_thesis-master/experiments/imgds_linear_sparse/stage4_structural_small_models/hls/tiny_q16_d6_ff12/hls/imgds_linear_tiny_axi/solution1/.autopilot/db/imgds_linear_tiny_Pipeline_VITIS_LOOP_163_3.verbose.rpt 
Execute           AP::get_flow_target_display_name
Execute         db_write -model imgds_linear_tiny_Pipeline_VITIS_LOOP_163_3 -f -o /home/cym/prj2/finn/notebooks/icl_thesis-master/experiments/imgds_linear_sparse/stage4_structural_small_models/hls/tiny_q16_d6_ff12/hls/imgds_linear_tiny_axi/solution1/.autopilot/db/imgds_linear_tiny_Pipeline_VITIS_LOOP_163_3.adb 
Execute         db_write -model imgds_linear_tiny_Pipeline_VITIS_LOOP_163_3 -bindview -o /home/cym/prj2/finn/notebooks/icl_thesis-master/experiments/imgds_linear_sparse/stage4_structural_small_models/hls/tiny_q16_d6_ff12/hls/imgds_linear_tiny_axi/solution1/.autopilot/db/design.bindinfo.xml 
Execute         gen_tb_info imgds_linear_tiny_Pipeline_VITIS_LOOP_163_3 -p /home/cym/prj2/finn/notebooks/icl_thesis-master/experiments/imgds_linear_sparse/stage4_structural_small_models/hls/tiny_q16_d6_ff12/hls/imgds_linear_tiny_axi/solution1/.autopilot/db -o /home/cym/prj2/finn/notebooks/icl_thesis-master/experiments/imgds_linear_sparse/stage4_structural_small_models/hls/tiny_q16_d6_ff12/hls/imgds_linear_tiny_axi/solution1/.autopilot/db/imgds_linear_tiny_Pipeline_VITIS_LOOP_163_3 
INFO: [HLS 200-10] ----------------------------------------------------------------
INFO: [HLS 200-10] -- Generating RTL for module 'linear_attention_tiny_Pipeline_VITIS_LOOP_48_3' 
INFO: [HLS 200-10] ----------------------------------------------------------------
Execute         create_rtl_model linear_attention_tiny_Pipeline_VITIS_LOOP_48_3 -top_prefix imgds_linear_tiny_ -sub_prefix imgds_linear_tiny_ -mg_file /home/cym/prj2/finn/notebooks/icl_thesis-master/experiments/imgds_linear_sparse/stage4_structural_small_models/hls/tiny_q16_d6_ff12/hls/imgds_linear_tiny_axi/solution1/.autopilot/db/linear_attention_tiny_Pipeline_VITIS_LOOP_48_3.compgen.tcl 
INFO: [SYN 201-210] Renamed object name 'linear_attention_tiny_Pipeline_VITIS_LOOP_48_3_layers_0_attention_query_weight_V_ROM_AUTO_1R' to 'linear_attention_tiny_Pipeline_VITIS_LOOP_48_3_layers_0_attention_query_weighcud' due to the length limit 80
INFO: [SYN 201-210] Renamed object name 'linear_attention_tiny_Pipeline_VITIS_LOOP_48_3_layers_0_attention_key_weight_V_ROM_AUTO_1R' to 'linear_attention_tiny_Pipeline_VITIS_LOOP_48_3_layers_0_attention_key_weight_dEe' due to the length limit 80
INFO: [SYN 201-210] Renamed object name 'linear_attention_tiny_Pipeline_VITIS_LOOP_48_3_layers_0_attention_value_weight_V_ROM_AUTO_1R' to 'linear_attention_tiny_Pipeline_VITIS_LOOP_48_3_layers_0_attention_value_weigheOg' due to the length limit 80
INFO: [HLS 200-1030] Apply Unified Pipeline Control on module 'linear_attention_tiny_Pipeline_VITIS_LOOP_48_3' pipeline 'VITIS_LOOP_48_3' pipeline type 'loop pipeline'
INFO: [RTGEN 206-100] Generating core module 'mul_mul_11s_16s_27_4_1': 2 instance(s).
INFO: [RTGEN 206-100] Generating core module 'mul_mul_12s_16s_28_4_1': 1 instance(s).
INFO: [RTGEN 206-100] Finished creating RTL model for 'linear_attention_tiny_Pipeline_VITIS_LOOP_48_3'.
INFO: [RTMG 210-279] Implementing memory 'imgds_linear_tiny_linear_attention_tiny_Pipeline_VITIS_LOOP_48_3_layers_0_attention_query_weighcud' using auto ROMs.
INFO: [RTMG 210-279] Implementing memory 'imgds_linear_tiny_linear_attention_tiny_Pipeline_VITIS_LOOP_48_3_layers_0_attention_key_weight_dEe' using auto ROMs.
INFO: [RTMG 210-279] Implementing memory 'imgds_linear_tiny_linear_attention_tiny_Pipeline_VITIS_LOOP_48_3_layers_0_attention_value_weigheOg' using auto ROMs.
INFO: [HLS 200-111] Finished Creating RTL model: CPU user time: 0.1 seconds. CPU system time: 0 seconds. Elapsed time: 0.17 seconds; current allocated memory: 638.539 MB.
Execute         source /home/cym/prj2/finn/notebooks/icl_thesis-master/experiments/imgds_linear_sparse/stage4_structural_small_models/hls/tiny_q16_d6_ff12/hls/imgds_linear_tiny_axi/solution1/.autopilot/db/imgds_linear_tiny.rtl_wrap.cfg.tcl 
Execute         gen_rtl linear_attention_tiny_Pipeline_VITIS_LOOP_48_3 -style xilinx -f -lang vhdl -o /home/cym/prj2/finn/notebooks/icl_thesis-master/experiments/imgds_linear_sparse/stage4_structural_small_models/hls/tiny_q16_d6_ff12/hls/imgds_linear_tiny_axi/solution1/syn/vhdl/imgds_linear_tiny_linear_attention_tiny_Pipeline_VITIS_LOOP_48_3 
Execute         gen_rtl linear_attention_tiny_Pipeline_VITIS_LOOP_48_3 -style xilinx -f -lang vlog -o /home/cym/prj2/finn/notebooks/icl_thesis-master/experiments/imgds_linear_sparse/stage4_structural_small_models/hls/tiny_q16_d6_ff12/hls/imgds_linear_tiny_axi/solution1/syn/verilog/imgds_linear_tiny_linear_attention_tiny_Pipeline_VITIS_LOOP_48_3 
Execute         syn_report -csynth -model linear_attention_tiny_Pipeline_VITIS_LOOP_48_3 -o /home/cym/prj2/finn/notebooks/icl_thesis-master/experiments/imgds_linear_sparse/stage4_structural_small_models/hls/tiny_q16_d6_ff12/hls/imgds_linear_tiny_axi/solution1/syn/report/linear_attention_tiny_Pipeline_VITIS_LOOP_48_3_csynth.rpt 
Execute           AP::get_flow_target_display_name
Execute         syn_report -rtlxml -model linear_attention_tiny_Pipeline_VITIS_LOOP_48_3 -o /home/cym/prj2/finn/notebooks/icl_thesis-master/experiments/imgds_linear_sparse/stage4_structural_small_models/hls/tiny_q16_d6_ff12/hls/imgds_linear_tiny_axi/solution1/syn/report/linear_attention_tiny_Pipeline_VITIS_LOOP_48_3_csynth.xml 
Execute         syn_report -verbosereport -model linear_attention_tiny_Pipeline_VITIS_LOOP_48_3 -o /home/cym/prj2/finn/notebooks/icl_thesis-master/experiments/imgds_linear_sparse/stage4_structural_small_models/hls/tiny_q16_d6_ff12/hls/imgds_linear_tiny_axi/solution1/.autopilot/db/linear_attention_tiny_Pipeline_VITIS_LOOP_48_3.verbose.rpt 
Execute           AP::get_flow_target_display_name
Execute         db_write -model linear_attention_tiny_Pipeline_VITIS_LOOP_48_3 -f -o /home/cym/prj2/finn/notebooks/icl_thesis-master/experiments/imgds_linear_sparse/stage4_structural_small_models/hls/tiny_q16_d6_ff12/hls/imgds_linear_tiny_axi/solution1/.autopilot/db/linear_attention_tiny_Pipeline_VITIS_LOOP_48_3.adb 
Execute         db_write -model linear_attention_tiny_Pipeline_VITIS_LOOP_48_3 -bindview -o /home/cym/prj2/finn/notebooks/icl_thesis-master/experiments/imgds_linear_sparse/stage4_structural_small_models/hls/tiny_q16_d6_ff12/hls/imgds_linear_tiny_axi/solution1/.autopilot/db/design.bindinfo.xml 
Execute         gen_tb_info linear_attention_tiny_Pipeline_VITIS_LOOP_48_3 -p /home/cym/prj2/finn/notebooks/icl_thesis-master/experiments/imgds_linear_sparse/stage4_structural_small_models/hls/tiny_q16_d6_ff12/hls/imgds_linear_tiny_axi/solution1/.autopilot/db -o /home/cym/prj2/finn/notebooks/icl_thesis-master/experiments/imgds_linear_sparse/stage4_structural_small_models/hls/tiny_q16_d6_ff12/hls/imgds_linear_tiny_axi/solution1/.autopilot/db/linear_attention_tiny_Pipeline_VITIS_LOOP_48_3 
INFO: [HLS 200-10] ----------------------------------------------------------------
INFO: [HLS 200-10] -- Generating RTL for module 'linear_attention_tiny_Pipeline_VITIS_LOOP_63_4_VITIS_LOOP_64_5_VITIS_LOOP_66_6' 
INFO: [HLS 200-10] ----------------------------------------------------------------
Execute         create_rtl_model linear_attention_tiny_Pipeline_VITIS_LOOP_63_4_VITIS_LOOP_64_5_VITIS_LOOP_66_6 -top_prefix imgds_linear_tiny_ -sub_prefix imgds_linear_tiny_ -mg_file /home/cym/prj2/finn/notebooks/icl_thesis-master/experiments/imgds_linear_sparse/stage4_structural_small_models/hls/tiny_q16_d6_ff12/hls/imgds_linear_tiny_axi/solution1/.autopilot/db/linear_attention_tiny_Pipeline_VITIS_LOOP_63_4_VITIS_LOOP_64_5_VITIS_LOOP_66_6.compgen.tcl 
INFO: [HLS 200-1030] Apply Unified Pipeline Control on module 'linear_attention_tiny_Pipeline_VITIS_LOOP_63_4_VITIS_LOOP_64_5_VITIS_LOOP_66_6' pipeline 'VITIS_LOOP_63_4_VITIS_LOOP_64_5_VITIS_LOOP_66_6' pipeline type 'loop pipeline'
INFO: [RTGEN 206-100] Generating core module 'mac_muladd_16s_16s_30ns_30_4_1': 1 instance(s).
INFO: [RTGEN 206-100] Finished creating RTL model for 'linear_attention_tiny_Pipeline_VITIS_LOOP_63_4_VITIS_LOOP_64_5_VITIS_LOOP_66_6'.
INFO: [HLS 200-111] Finished Creating RTL model: CPU user time: 0.11 seconds. CPU system time: 0.01 seconds. Elapsed time: 0.18 seconds; current allocated memory: 640.641 MB.
Execute         source /home/cym/prj2/finn/notebooks/icl_thesis-master/experiments/imgds_linear_sparse/stage4_structural_small_models/hls/tiny_q16_d6_ff12/hls/imgds_linear_tiny_axi/solution1/.autopilot/db/imgds_linear_tiny.rtl_wrap.cfg.tcl 
Execute         gen_rtl linear_attention_tiny_Pipeline_VITIS_LOOP_63_4_VITIS_LOOP_64_5_VITIS_LOOP_66_6 -style xilinx -f -lang vhdl -o /home/cym/prj2/finn/notebooks/icl_thesis-master/experiments/imgds_linear_sparse/stage4_structural_small_models/hls/tiny_q16_d6_ff12/hls/imgds_linear_tiny_axi/solution1/syn/vhdl/imgds_linear_tiny_linear_attention_tiny_Pipeline_VITIS_LOOP_63_4_VITIS_LOOP_64_5_VITIS_LOOP_66_6 
Execute         gen_rtl linear_attention_tiny_Pipeline_VITIS_LOOP_63_4_VITIS_LOOP_64_5_VITIS_LOOP_66_6 -style xilinx -f -lang vlog -o /home/cym/prj2/finn/notebooks/icl_thesis-master/experiments/imgds_linear_sparse/stage4_structural_small_models/hls/tiny_q16_d6_ff12/hls/imgds_linear_tiny_axi/solution1/syn/verilog/imgds_linear_tiny_linear_attention_tiny_Pipeline_VITIS_LOOP_63_4_VITIS_LOOP_64_5_VITIS_LOOP_66_6 
Execute         syn_report -csynth -model linear_attention_tiny_Pipeline_VITIS_LOOP_63_4_VITIS_LOOP_64_5_VITIS_LOOP_66_6 -o /home/cym/prj2/finn/notebooks/icl_thesis-master/experiments/imgds_linear_sparse/stage4_structural_small_models/hls/tiny_q16_d6_ff12/hls/imgds_linear_tiny_axi/solution1/syn/report/linear_attention_tiny_Pipeline_VITIS_LOOP_63_4_VITIS_LOOP_64_5_VITIS_LOOP_66_6_csynth.rpt 
Execute           AP::get_flow_target_display_name
Execute         syn_report -rtlxml -model linear_attention_tiny_Pipeline_VITIS_LOOP_63_4_VITIS_LOOP_64_5_VITIS_LOOP_66_6 -o /home/cym/prj2/finn/notebooks/icl_thesis-master/experiments/imgds_linear_sparse/stage4_structural_small_models/hls/tiny_q16_d6_ff12/hls/imgds_linear_tiny_axi/solution1/syn/report/linear_attention_tiny_Pipeline_VITIS_LOOP_63_4_VITIS_LOOP_64_5_VITIS_LOOP_66_6_csynth.xml 
Execute         syn_report -verbosereport -model linear_attention_tiny_Pipeline_VITIS_LOOP_63_4_VITIS_LOOP_64_5_VITIS_LOOP_66_6 -o /home/cym/prj2/finn/notebooks/icl_thesis-master/experiments/imgds_linear_sparse/stage4_structural_small_models/hls/tiny_q16_d6_ff12/hls/imgds_linear_tiny_axi/solution1/.autopilot/db/linear_attention_tiny_Pipeline_VITIS_LOOP_63_4_VITIS_LOOP_64_5_VITIS_LOOP_66_6.verbose.rpt 
Execute           AP::get_flow_target_display_name
Execute         db_write -model linear_attention_tiny_Pipeline_VITIS_LOOP_63_4_VITIS_LOOP_64_5_VITIS_LOOP_66_6 -f -o /home/cym/prj2/finn/notebooks/icl_thesis-master/experiments/imgds_linear_sparse/stage4_structural_small_models/hls/tiny_q16_d6_ff12/hls/imgds_linear_tiny_axi/solution1/.autopilot/db/linear_attention_tiny_Pipeline_VITIS_LOOP_63_4_VITIS_LOOP_64_5_VITIS_LOOP_66_6.adb 
Execute         db_write -model linear_attention_tiny_Pipeline_VITIS_LOOP_63_4_VITIS_LOOP_64_5_VITIS_LOOP_66_6 -bindview -o /home/cym/prj2/finn/notebooks/icl_thesis-master/experiments/imgds_linear_sparse/stage4_structural_small_models/hls/tiny_q16_d6_ff12/hls/imgds_linear_tiny_axi/solution1/.autopilot/db/design.bindinfo.xml 
Execute         gen_tb_info linear_attention_tiny_Pipeline_VITIS_LOOP_63_4_VITIS_LOOP_64_5_VITIS_LOOP_66_6 -p /home/cym/prj2/finn/notebooks/icl_thesis-master/experiments/imgds_linear_sparse/stage4_structural_small_models/hls/tiny_q16_d6_ff12/hls/imgds_linear_tiny_axi/solution1/.autopilot/db -o /home/cym/prj2/finn/notebooks/icl_thesis-master/experiments/imgds_linear_sparse/stage4_structural_small_models/hls/tiny_q16_d6_ff12/hls/imgds_linear_tiny_axi/solution1/.autopilot/db/linear_attention_tiny_Pipeline_VITIS_LOOP_63_4_VITIS_LOOP_64_5_VITIS_LOOP_66_6 
INFO: [HLS 200-10] ----------------------------------------------------------------
INFO: [HLS 200-10] -- Generating RTL for module 'linear_attention_tiny_Pipeline_VITIS_LOOP_78_8' 
INFO: [HLS 200-10] ----------------------------------------------------------------
Execute         create_rtl_model linear_attention_tiny_Pipeline_VITIS_LOOP_78_8 -top_prefix imgds_linear_tiny_ -sub_prefix imgds_linear_tiny_ -mg_file /home/cym/prj2/finn/notebooks/icl_thesis-master/experiments/imgds_linear_sparse/stage4_structural_small_models/hls/tiny_q16_d6_ff12/hls/imgds_linear_tiny_axi/solution1/.autopilot/db/linear_attention_tiny_Pipeline_VITIS_LOOP_78_8.compgen.tcl 
INFO: [HLS 200-1030] Apply Unified Pipeline Control on module 'linear_attention_tiny_Pipeline_VITIS_LOOP_78_8' pipeline 'VITIS_LOOP_78_8' pipeline type 'loop pipeline'
INFO: [RTGEN 206-100] Finished creating RTL model for 'linear_attention_tiny_Pipeline_VITIS_LOOP_78_8'.
INFO: [HLS 200-111] Finished Creating RTL model: CPU user time: 0.14 seconds. CPU system time: 0 seconds. Elapsed time: 0.15 seconds; current allocated memory: 642.426 MB.
Execute         source /home/cym/prj2/finn/notebooks/icl_thesis-master/experiments/imgds_linear_sparse/stage4_structural_small_models/hls/tiny_q16_d6_ff12/hls/imgds_linear_tiny_axi/solution1/.autopilot/db/imgds_linear_tiny.rtl_wrap.cfg.tcl 
Execute         gen_rtl linear_attention_tiny_Pipeline_VITIS_LOOP_78_8 -style xilinx -f -lang vhdl -o /home/cym/prj2/finn/notebooks/icl_thesis-master/experiments/imgds_linear_sparse/stage4_structural_small_models/hls/tiny_q16_d6_ff12/hls/imgds_linear_tiny_axi/solution1/syn/vhdl/imgds_linear_tiny_linear_attention_tiny_Pipeline_VITIS_LOOP_78_8 
Execute         gen_rtl linear_attention_tiny_Pipeline_VITIS_LOOP_78_8 -style xilinx -f -lang vlog -o /home/cym/prj2/finn/notebooks/icl_thesis-master/experiments/imgds_linear_sparse/stage4_structural_small_models/hls/tiny_q16_d6_ff12/hls/imgds_linear_tiny_axi/solution1/syn/verilog/imgds_linear_tiny_linear_attention_tiny_Pipeline_VITIS_LOOP_78_8 
Execute         syn_report -csynth -model linear_attention_tiny_Pipeline_VITIS_LOOP_78_8 -o /home/cym/prj2/finn/notebooks/icl_thesis-master/experiments/imgds_linear_sparse/stage4_structural_small_models/hls/tiny_q16_d6_ff12/hls/imgds_linear_tiny_axi/solution1/syn/report/linear_attention_tiny_Pipeline_VITIS_LOOP_78_8_csynth.rpt 
Execute           AP::get_flow_target_display_name
Execute         syn_report -rtlxml -model linear_attention_tiny_Pipeline_VITIS_LOOP_78_8 -o /home/cym/prj2/finn/notebooks/icl_thesis-master/experiments/imgds_linear_sparse/stage4_structural_small_models/hls/tiny_q16_d6_ff12/hls/imgds_linear_tiny_axi/solution1/syn/report/linear_attention_tiny_Pipeline_VITIS_LOOP_78_8_csynth.xml 
Execute         syn_report -verbosereport -model linear_attention_tiny_Pipeline_VITIS_LOOP_78_8 -o /home/cym/prj2/finn/notebooks/icl_thesis-master/experiments/imgds_linear_sparse/stage4_structural_small_models/hls/tiny_q16_d6_ff12/hls/imgds_linear_tiny_axi/solution1/.autopilot/db/linear_attention_tiny_Pipeline_VITIS_LOOP_78_8.verbose.rpt 
Execute           AP::get_flow_target_display_name
Execute         db_write -model linear_attention_tiny_Pipeline_VITIS_LOOP_78_8 -f -o /home/cym/prj2/finn/notebooks/icl_thesis-master/experiments/imgds_linear_sparse/stage4_structural_small_models/hls/tiny_q16_d6_ff12/hls/imgds_linear_tiny_axi/solution1/.autopilot/db/linear_attention_tiny_Pipeline_VITIS_LOOP_78_8.adb 
Execute         db_write -model linear_attention_tiny_Pipeline_VITIS_LOOP_78_8 -bindview -o /home/cym/prj2/finn/notebooks/icl_thesis-master/experiments/imgds_linear_sparse/stage4_structural_small_models/hls/tiny_q16_d6_ff12/hls/imgds_linear_tiny_axi/solution1/.autopilot/db/design.bindinfo.xml 
Execute         gen_tb_info linear_attention_tiny_Pipeline_VITIS_LOOP_78_8 -p /home/cym/prj2/finn/notebooks/icl_thesis-master/experiments/imgds_linear_sparse/stage4_structural_small_models/hls/tiny_q16_d6_ff12/hls/imgds_linear_tiny_axi/solution1/.autopilot/db -o /home/cym/prj2/finn/notebooks/icl_thesis-master/experiments/imgds_linear_sparse/stage4_structural_small_models/hls/tiny_q16_d6_ff12/hls/imgds_linear_tiny_axi/solution1/.autopilot/db/linear_attention_tiny_Pipeline_VITIS_LOOP_78_8 
INFO: [HLS 200-10] ----------------------------------------------------------------
INFO: [HLS 200-10] -- Generating RTL for module 'linear_attention_tiny_Pipeline_VITIS_LOOP_88_10' 
INFO: [HLS 200-10] ----------------------------------------------------------------
Execute         create_rtl_model linear_attention_tiny_Pipeline_VITIS_LOOP_88_10 -top_prefix imgds_linear_tiny_ -sub_prefix imgds_linear_tiny_ -mg_file /home/cym/prj2/finn/notebooks/icl_thesis-master/experiments/imgds_linear_sparse/stage4_structural_small_models/hls/tiny_q16_d6_ff12/hls/imgds_linear_tiny_axi/solution1/.autopilot/db/linear_attention_tiny_Pipeline_VITIS_LOOP_88_10.compgen.tcl 
INFO: [HLS 200-1030] Apply Unified Pipeline Control on module 'linear_attention_tiny_Pipeline_VITIS_LOOP_88_10' pipeline 'VITIS_LOOP_88_10' pipeline type 'loop pipeline'
INFO: [RTGEN 206-100] Generating core module 'mac_muladd_16s_16s_30ns_30_4_1': 1 instance(s).
INFO: [RTGEN 206-100] Finished creating RTL model for 'linear_attention_tiny_Pipeline_VITIS_LOOP_88_10'.
INFO: [HLS 200-111] Finished Creating RTL model: CPU user time: 0.06 seconds. CPU system time: 0 seconds. Elapsed time: 0.15 seconds; current allocated memory: 643.375 MB.
Execute         source /home/cym/prj2/finn/notebooks/icl_thesis-master/experiments/imgds_linear_sparse/stage4_structural_small_models/hls/tiny_q16_d6_ff12/hls/imgds_linear_tiny_axi/solution1/.autopilot/db/imgds_linear_tiny.rtl_wrap.cfg.tcl 
Execute         gen_rtl linear_attention_tiny_Pipeline_VITIS_LOOP_88_10 -style xilinx -f -lang vhdl -o /home/cym/prj2/finn/notebooks/icl_thesis-master/experiments/imgds_linear_sparse/stage4_structural_small_models/hls/tiny_q16_d6_ff12/hls/imgds_linear_tiny_axi/solution1/syn/vhdl/imgds_linear_tiny_linear_attention_tiny_Pipeline_VITIS_LOOP_88_10 
Execute         gen_rtl linear_attention_tiny_Pipeline_VITIS_LOOP_88_10 -style xilinx -f -lang vlog -o /home/cym/prj2/finn/notebooks/icl_thesis-master/experiments/imgds_linear_sparse/stage4_structural_small_models/hls/tiny_q16_d6_ff12/hls/imgds_linear_tiny_axi/solution1/syn/verilog/imgds_linear_tiny_linear_attention_tiny_Pipeline_VITIS_LOOP_88_10 
Execute         syn_report -csynth -model linear_attention_tiny_Pipeline_VITIS_LOOP_88_10 -o /home/cym/prj2/finn/notebooks/icl_thesis-master/experiments/imgds_linear_sparse/stage4_structural_small_models/hls/tiny_q16_d6_ff12/hls/imgds_linear_tiny_axi/solution1/syn/report/linear_attention_tiny_Pipeline_VITIS_LOOP_88_10_csynth.rpt 
Execute           AP::get_flow_target_display_name
Execute         syn_report -rtlxml -model linear_attention_tiny_Pipeline_VITIS_LOOP_88_10 -o /home/cym/prj2/finn/notebooks/icl_thesis-master/experiments/imgds_linear_sparse/stage4_structural_small_models/hls/tiny_q16_d6_ff12/hls/imgds_linear_tiny_axi/solution1/syn/report/linear_attention_tiny_Pipeline_VITIS_LOOP_88_10_csynth.xml 
Execute         syn_report -verbosereport -model linear_attention_tiny_Pipeline_VITIS_LOOP_88_10 -o /home/cym/prj2/finn/notebooks/icl_thesis-master/experiments/imgds_linear_sparse/stage4_structural_small_models/hls/tiny_q16_d6_ff12/hls/imgds_linear_tiny_axi/solution1/.autopilot/db/linear_attention_tiny_Pipeline_VITIS_LOOP_88_10.verbose.rpt 
Execute           AP::get_flow_target_display_name
Execute         db_write -model linear_attention_tiny_Pipeline_VITIS_LOOP_88_10 -f -o /home/cym/prj2/finn/notebooks/icl_thesis-master/experiments/imgds_linear_sparse/stage4_structural_small_models/hls/tiny_q16_d6_ff12/hls/imgds_linear_tiny_axi/solution1/.autopilot/db/linear_attention_tiny_Pipeline_VITIS_LOOP_88_10.adb 
Execute         db_write -model linear_attention_tiny_Pipeline_VITIS_LOOP_88_10 -bindview -o /home/cym/prj2/finn/notebooks/icl_thesis-master/experiments/imgds_linear_sparse/stage4_structural_small_models/hls/tiny_q16_d6_ff12/hls/imgds_linear_tiny_axi/solution1/.autopilot/db/design.bindinfo.xml 
Execute         gen_tb_info linear_attention_tiny_Pipeline_VITIS_LOOP_88_10 -p /home/cym/prj2/finn/notebooks/icl_thesis-master/experiments/imgds_linear_sparse/stage4_structural_small_models/hls/tiny_q16_d6_ff12/hls/imgds_linear_tiny_axi/solution1/.autopilot/db -o /home/cym/prj2/finn/notebooks/icl_thesis-master/experiments/imgds_linear_sparse/stage4_structural_small_models/hls/tiny_q16_d6_ff12/hls/imgds_linear_tiny_axi/solution1/.autopilot/db/linear_attention_tiny_Pipeline_VITIS_LOOP_88_10 
INFO: [HLS 200-10] ----------------------------------------------------------------
INFO: [HLS 200-10] -- Generating RTL for module 'linear_attention_tiny_Pipeline_VITIS_LOOP_96_11_VITIS_LOOP_98_12' 
INFO: [HLS 200-10] ----------------------------------------------------------------
Execute         create_rtl_model linear_attention_tiny_Pipeline_VITIS_LOOP_96_11_VITIS_LOOP_98_12 -top_prefix imgds_linear_tiny_ -sub_prefix imgds_linear_tiny_ -mg_file /home/cym/prj2/finn/notebooks/icl_thesis-master/experiments/imgds_linear_sparse/stage4_structural_small_models/hls/tiny_q16_d6_ff12/hls/imgds_linear_tiny_axi/solution1/.autopilot/db/linear_attention_tiny_Pipeline_VITIS_LOOP_96_11_VITIS_LOOP_98_12.compgen.tcl 
INFO: [HLS 200-1030] Apply Unified Pipeline Control on module 'linear_attention_tiny_Pipeline_VITIS_LOOP_96_11_VITIS_LOOP_98_12' pipeline 'VITIS_LOOP_96_11_VITIS_LOOP_98_12' pipeline type 'loop pipeline'
INFO: [RTGEN 206-100] Generating core module 'mac_muladd_16s_16s_30ns_30_4_1': 1 instance(s).
INFO: [RTGEN 206-100] Generating core module 'mul_mul_24s_16s_30_4_1': 1 instance(s).
INFO: [RTGEN 206-100] Finished creating RTL model for 'linear_attention_tiny_Pipeline_VITIS_LOOP_96_11_VITIS_LOOP_98_12'.
INFO: [HLS 200-111] Finished Creating RTL model: CPU user time: 0.05 seconds. CPU system time: 0.01 seconds. Elapsed time: 0.06 seconds; current allocated memory: 644.750 MB.
Execute         source /home/cym/prj2/finn/notebooks/icl_thesis-master/experiments/imgds_linear_sparse/stage4_structural_small_models/hls/tiny_q16_d6_ff12/hls/imgds_linear_tiny_axi/solution1/.autopilot/db/imgds_linear_tiny.rtl_wrap.cfg.tcl 
Execute         gen_rtl linear_attention_tiny_Pipeline_VITIS_LOOP_96_11_VITIS_LOOP_98_12 -style xilinx -f -lang vhdl -o /home/cym/prj2/finn/notebooks/icl_thesis-master/experiments/imgds_linear_sparse/stage4_structural_small_models/hls/tiny_q16_d6_ff12/hls/imgds_linear_tiny_axi/solution1/syn/vhdl/imgds_linear_tiny_linear_attention_tiny_Pipeline_VITIS_LOOP_96_11_VITIS_LOOP_98_12 
Execute         gen_rtl linear_attention_tiny_Pipeline_VITIS_LOOP_96_11_VITIS_LOOP_98_12 -style xilinx -f -lang vlog -o /home/cym/prj2/finn/notebooks/icl_thesis-master/experiments/imgds_linear_sparse/stage4_structural_small_models/hls/tiny_q16_d6_ff12/hls/imgds_linear_tiny_axi/solution1/syn/verilog/imgds_linear_tiny_linear_attention_tiny_Pipeline_VITIS_LOOP_96_11_VITIS_LOOP_98_12 
Execute         syn_report -csynth -model linear_attention_tiny_Pipeline_VITIS_LOOP_96_11_VITIS_LOOP_98_12 -o /home/cym/prj2/finn/notebooks/icl_thesis-master/experiments/imgds_linear_sparse/stage4_structural_small_models/hls/tiny_q16_d6_ff12/hls/imgds_linear_tiny_axi/solution1/syn/report/linear_attention_tiny_Pipeline_VITIS_LOOP_96_11_VITIS_LOOP_98_12_csynth.rpt 
Execute           AP::get_flow_target_display_name
Execute         syn_report -rtlxml -model linear_attention_tiny_Pipeline_VITIS_LOOP_96_11_VITIS_LOOP_98_12 -o /home/cym/prj2/finn/notebooks/icl_thesis-master/experiments/imgds_linear_sparse/stage4_structural_small_models/hls/tiny_q16_d6_ff12/hls/imgds_linear_tiny_axi/solution1/syn/report/linear_attention_tiny_Pipeline_VITIS_LOOP_96_11_VITIS_LOOP_98_12_csynth.xml 
Execute         syn_report -verbosereport -model linear_attention_tiny_Pipeline_VITIS_LOOP_96_11_VITIS_LOOP_98_12 -o /home/cym/prj2/finn/notebooks/icl_thesis-master/experiments/imgds_linear_sparse/stage4_structural_small_models/hls/tiny_q16_d6_ff12/hls/imgds_linear_tiny_axi/solution1/.autopilot/db/linear_attention_tiny_Pipeline_VITIS_LOOP_96_11_VITIS_LOOP_98_12.verbose.rpt 
Execute           AP::get_flow_target_display_name
Execute         db_write -model linear_attention_tiny_Pipeline_VITIS_LOOP_96_11_VITIS_LOOP_98_12 -f -o /home/cym/prj2/finn/notebooks/icl_thesis-master/experiments/imgds_linear_sparse/stage4_structural_small_models/hls/tiny_q16_d6_ff12/hls/imgds_linear_tiny_axi/solution1/.autopilot/db/linear_attention_tiny_Pipeline_VITIS_LOOP_96_11_VITIS_LOOP_98_12.adb 
Execute         db_write -model linear_attention_tiny_Pipeline_VITIS_LOOP_96_11_VITIS_LOOP_98_12 -bindview -o /home/cym/prj2/finn/notebooks/icl_thesis-master/experiments/imgds_linear_sparse/stage4_structural_small_models/hls/tiny_q16_d6_ff12/hls/imgds_linear_tiny_axi/solution1/.autopilot/db/design.bindinfo.xml 
Execute         gen_tb_info linear_attention_tiny_Pipeline_VITIS_LOOP_96_11_VITIS_LOOP_98_12 -p /home/cym/prj2/finn/notebooks/icl_thesis-master/experiments/imgds_linear_sparse/stage4_structural_small_models/hls/tiny_q16_d6_ff12/hls/imgds_linear_tiny_axi/solution1/.autopilot/db -o /home/cym/prj2/finn/notebooks/icl_thesis-master/experiments/imgds_linear_sparse/stage4_structural_small_models/hls/tiny_q16_d6_ff12/hls/imgds_linear_tiny_axi/solution1/.autopilot/db/linear_attention_tiny_Pipeline_VITIS_LOOP_96_11_VITIS_LOOP_98_12 
INFO: [HLS 200-10] ----------------------------------------------------------------
INFO: [HLS 200-10] -- Generating RTL for module 'linear_attention_tiny_Pipeline_VITIS_LOOP_107_14' 
INFO: [HLS 200-10] ----------------------------------------------------------------
Execute         create_rtl_model linear_attention_tiny_Pipeline_VITIS_LOOP_107_14 -top_prefix imgds_linear_tiny_ -sub_prefix imgds_linear_tiny_ -mg_file /home/cym/prj2/finn/notebooks/icl_thesis-master/experiments/imgds_linear_sparse/stage4_structural_small_models/hls/tiny_q16_d6_ff12/hls/imgds_linear_tiny_axi/solution1/.autopilot/db/linear_attention_tiny_Pipeline_VITIS_LOOP_107_14.compgen.tcl 
INFO: [SYN 201-210] Renamed object name 'linear_attention_tiny_Pipeline_VITIS_LOOP_107_14_layers_0_attention_output_weight_V_ROM_AUTO_1R' to 'linear_attention_tiny_Pipeline_VITIS_LOOP_107_14_layers_0_attention_output_wefYi' due to the length limit 80
INFO: [HLS 200-1030] Apply Unified Pipeline Control on module 'linear_attention_tiny_Pipeline_VITIS_LOOP_107_14' pipeline 'VITIS_LOOP_107_14' pipeline type 'loop pipeline'
INFO: [RTGEN 206-100] Generating core module 'mul_mul_11s_16s_27_4_1': 1 instance(s).
INFO: [RTGEN 206-100] Finished creating RTL model for 'linear_attention_tiny_Pipeline_VITIS_LOOP_107_14'.
INFO: [RTMG 210-279] Implementing memory 'imgds_linear_tiny_linear_attention_tiny_Pipeline_VITIS_LOOP_107_14_layers_0_attention_output_wefYi' using auto ROMs.
INFO: [HLS 200-111] Finished Creating RTL model: CPU user time: 0.11 seconds. CPU system time: 0 seconds. Elapsed time: 0.16 seconds; current allocated memory: 646.414 MB.
Execute         source /home/cym/prj2/finn/notebooks/icl_thesis-master/experiments/imgds_linear_sparse/stage4_structural_small_models/hls/tiny_q16_d6_ff12/hls/imgds_linear_tiny_axi/solution1/.autopilot/db/imgds_linear_tiny.rtl_wrap.cfg.tcl 
Execute         gen_rtl linear_attention_tiny_Pipeline_VITIS_LOOP_107_14 -style xilinx -f -lang vhdl -o /home/cym/prj2/finn/notebooks/icl_thesis-master/experiments/imgds_linear_sparse/stage4_structural_small_models/hls/tiny_q16_d6_ff12/hls/imgds_linear_tiny_axi/solution1/syn/vhdl/imgds_linear_tiny_linear_attention_tiny_Pipeline_VITIS_LOOP_107_14 
Execute         gen_rtl linear_attention_tiny_Pipeline_VITIS_LOOP_107_14 -style xilinx -f -lang vlog -o /home/cym/prj2/finn/notebooks/icl_thesis-master/experiments/imgds_linear_sparse/stage4_structural_small_models/hls/tiny_q16_d6_ff12/hls/imgds_linear_tiny_axi/solution1/syn/verilog/imgds_linear_tiny_linear_attention_tiny_Pipeline_VITIS_LOOP_107_14 
Execute         syn_report -csynth -model linear_attention_tiny_Pipeline_VITIS_LOOP_107_14 -o /home/cym/prj2/finn/notebooks/icl_thesis-master/experiments/imgds_linear_sparse/stage4_structural_small_models/hls/tiny_q16_d6_ff12/hls/imgds_linear_tiny_axi/solution1/syn/report/linear_attention_tiny_Pipeline_VITIS_LOOP_107_14_csynth.rpt 
Execute           AP::get_flow_target_display_name
Execute         syn_report -rtlxml -model linear_attention_tiny_Pipeline_VITIS_LOOP_107_14 -o /home/cym/prj2/finn/notebooks/icl_thesis-master/experiments/imgds_linear_sparse/stage4_structural_small_models/hls/tiny_q16_d6_ff12/hls/imgds_linear_tiny_axi/solution1/syn/report/linear_attention_tiny_Pipeline_VITIS_LOOP_107_14_csynth.xml 
Execute         syn_report -verbosereport -model linear_attention_tiny_Pipeline_VITIS_LOOP_107_14 -o /home/cym/prj2/finn/notebooks/icl_thesis-master/experiments/imgds_linear_sparse/stage4_structural_small_models/hls/tiny_q16_d6_ff12/hls/imgds_linear_tiny_axi/solution1/.autopilot/db/linear_attention_tiny_Pipeline_VITIS_LOOP_107_14.verbose.rpt 
Execute           AP::get_flow_target_display_name
Execute         db_write -model linear_attention_tiny_Pipeline_VITIS_LOOP_107_14 -f -o /home/cym/prj2/finn/notebooks/icl_thesis-master/experiments/imgds_linear_sparse/stage4_structural_small_models/hls/tiny_q16_d6_ff12/hls/imgds_linear_tiny_axi/solution1/.autopilot/db/linear_attention_tiny_Pipeline_VITIS_LOOP_107_14.adb 
Execute         db_write -model linear_attention_tiny_Pipeline_VITIS_LOOP_107_14 -bindview -o /home/cym/prj2/finn/notebooks/icl_thesis-master/experiments/imgds_linear_sparse/stage4_structural_small_models/hls/tiny_q16_d6_ff12/hls/imgds_linear_tiny_axi/solution1/.autopilot/db/design.bindinfo.xml 
Execute         gen_tb_info linear_attention_tiny_Pipeline_VITIS_LOOP_107_14 -p /home/cym/prj2/finn/notebooks/icl_thesis-master/experiments/imgds_linear_sparse/stage4_structural_small_models/hls/tiny_q16_d6_ff12/hls/imgds_linear_tiny_axi/solution1/.autopilot/db -o /home/cym/prj2/finn/notebooks/icl_thesis-master/experiments/imgds_linear_sparse/stage4_structural_small_models/hls/tiny_q16_d6_ff12/hls/imgds_linear_tiny_axi/solution1/.autopilot/db/linear_attention_tiny_Pipeline_VITIS_LOOP_107_14 
INFO: [HLS 200-10] ----------------------------------------------------------------
INFO: [HLS 200-10] -- Generating RTL for module 'linear_attention_tiny' 
INFO: [HLS 200-10] ----------------------------------------------------------------
Execute         create_rtl_model linear_attention_tiny -top_prefix imgds_linear_tiny_ -sub_prefix imgds_linear_tiny_ -mg_file /home/cym/prj2/finn/notebooks/icl_thesis-master/experiments/imgds_linear_sparse/stage4_structural_small_models/hls/tiny_q16_d6_ff12/hls/imgds_linear_tiny_axi/solution1/.autopilot/db/linear_attention_tiny.compgen.tcl 
INFO: [RTGEN 206-100] Generating core module 'fdiv_32ns_32ns_32_16_no_dsp_1': 1 instance(s).
INFO: [RTGEN 206-100] Generating core module 'fexp_32ns_32ns_32_10_full_dsp_1': 2 instance(s).
INFO: [RTGEN 206-100] Generating core module 'fpext_32ns_64_2_no_dsp_1': 2 instance(s).
INFO: [RTGEN 206-100] Finished creating RTL model for 'linear_attention_tiny'.
INFO: [RTMG 210-279] Implementing memory 'imgds_linear_tiny_linear_attention_tiny_layers_0_attention_output_bias_V_ROM_AUTO_1R' using auto ROMs.
INFO: [RTMG 210-278] Implementing memory 'imgds_linear_tiny_linear_attention_tiny_Q_V_RAM_AUTO_1R1W' using auto RAMs.
INFO: [RTMG 210-278] Implementing memory 'imgds_linear_tiny_linear_attention_tiny_KV_V_RAM_AUTO_1R1W' using auto RAMs.
INFO: [RTMG 210-278] Implementing memory 'imgds_linear_tiny_linear_attention_tiny_K_sum_V_RAM_AUTO_1R1W' using auto RAMs.
Command         create_rtl_model done; 0.15 sec.
INFO: [HLS 200-111] Finished Creating RTL model: CPU user time: 0.14 seconds. CPU system time: 0.01 seconds. Elapsed time: 0.3 seconds; current allocated memory: 651.039 MB.
Execute         source /home/cym/prj2/finn/notebooks/icl_thesis-master/experiments/imgds_linear_sparse/stage4_structural_small_models/hls/tiny_q16_d6_ff12/hls/imgds_linear_tiny_axi/solution1/.autopilot/db/imgds_linear_tiny.rtl_wrap.cfg.tcl 
Execute         gen_rtl linear_attention_tiny -style xilinx -f -lang vhdl -o /home/cym/prj2/finn/notebooks/icl_thesis-master/experiments/imgds_linear_sparse/stage4_structural_small_models/hls/tiny_q16_d6_ff12/hls/imgds_linear_tiny_axi/solution1/syn/vhdl/imgds_linear_tiny_linear_attention_tiny 
Execute         gen_rtl linear_attention_tiny -style xilinx -f -lang vlog -o /home/cym/prj2/finn/notebooks/icl_thesis-master/experiments/imgds_linear_sparse/stage4_structural_small_models/hls/tiny_q16_d6_ff12/hls/imgds_linear_tiny_axi/solution1/syn/verilog/imgds_linear_tiny_linear_attention_tiny 
Execute         syn_report -csynth -model linear_attention_tiny -o /home/cym/prj2/finn/notebooks/icl_thesis-master/experiments/imgds_linear_sparse/stage4_structural_small_models/hls/tiny_q16_d6_ff12/hls/imgds_linear_tiny_axi/solution1/syn/report/linear_attention_tiny_csynth.rpt 
Execute           AP::get_flow_target_display_name
Command         syn_report done; 0.16 sec.
Execute         syn_report -rtlxml -model linear_attention_tiny -o /home/cym/prj2/finn/notebooks/icl_thesis-master/experiments/imgds_linear_sparse/stage4_structural_small_models/hls/tiny_q16_d6_ff12/hls/imgds_linear_tiny_axi/solution1/syn/report/linear_attention_tiny_csynth.xml 
Execute         syn_report -verbosereport -model linear_attention_tiny -o /home/cym/prj2/finn/notebooks/icl_thesis-master/experiments/imgds_linear_sparse/stage4_structural_small_models/hls/tiny_q16_d6_ff12/hls/imgds_linear_tiny_axi/solution1/.autopilot/db/linear_attention_tiny.verbose.rpt 
Execute           AP::get_flow_target_display_name
Command         syn_report done; 0.51 sec.
Execute         db_write -model linear_attention_tiny -f -o /home/cym/prj2/finn/notebooks/icl_thesis-master/experiments/imgds_linear_sparse/stage4_structural_small_models/hls/tiny_q16_d6_ff12/hls/imgds_linear_tiny_axi/solution1/.autopilot/db/linear_attention_tiny.adb 
Execute         db_write -model linear_attention_tiny -bindview -o /home/cym/prj2/finn/notebooks/icl_thesis-master/experiments/imgds_linear_sparse/stage4_structural_small_models/hls/tiny_q16_d6_ff12/hls/imgds_linear_tiny_axi/solution1/.autopilot/db/design.bindinfo.xml 
Execute         gen_tb_info linear_attention_tiny -p /home/cym/prj2/finn/notebooks/icl_thesis-master/experiments/imgds_linear_sparse/stage4_structural_small_models/hls/tiny_q16_d6_ff12/hls/imgds_linear_tiny_axi/solution1/.autopilot/db -o /home/cym/prj2/finn/notebooks/icl_thesis-master/experiments/imgds_linear_sparse/stage4_structural_small_models/hls/tiny_q16_d6_ff12/hls/imgds_linear_tiny_axi/solution1/.autopilot/db/linear_attention_tiny 
INFO: [HLS 200-10] ----------------------------------------------------------------
INFO: [HLS 200-10] -- Generating RTL for module 'layer_norm_tiny_1' 
INFO: [HLS 200-10] ----------------------------------------------------------------
Execute         create_rtl_model layer_norm_tiny.1 -top_prefix imgds_linear_tiny_ -sub_prefix imgds_linear_tiny_ -mg_file /home/cym/prj2/finn/notebooks/icl_thesis-master/experiments/imgds_linear_sparse/stage4_structural_small_models/hls/tiny_q16_d6_ff12/hls/imgds_linear_tiny_axi/solution1/.autopilot/db/layer_norm_tiny_1.compgen.tcl 
INFO: [RTGEN 206-100] Generating core module 'am_submul_16s_16s_16s_26_4_1': 6 instance(s).
INFO: [RTGEN 206-100] Generating core module 'fadd_32ns_32ns_32_5_full_dsp_1': 1 instance(s).
INFO: [RTGEN 206-100] Generating core module 'fdiv_32ns_32ns_32_16_no_dsp_1': 1 instance(s).
INFO: [RTGEN 206-100] Generating core module 'fpext_32ns_64_2_no_dsp_1': 1 instance(s).
INFO: [RTGEN 206-100] Generating core module 'fsqrt_32ns_32ns_32_16_no_dsp_1': 1 instance(s).
INFO: [RTGEN 206-100] Generating core module 'mac_muladd_16s_10ns_18s_26_4_1': 1 instance(s).
INFO: [RTGEN 206-100] Generating core module 'mac_muladd_16s_11ns_17ns_26_4_1': 2 instance(s).
INFO: [RTGEN 206-100] Generating core module 'mac_muladd_16s_11ns_17s_26_4_1': 3 instance(s).
INFO: [RTGEN 206-100] Generating core module 'mac_muladd_16s_16s_30ns_30_4_1': 5 instance(s).
INFO: [RTGEN 206-100] Generating core module 'mul_37s_40ns_76_2_1': 1 instance(s).
INFO: [RTGEN 206-100] Generating core module 'mul_38s_40ns_77_2_1': 1 instance(s).
INFO: [RTGEN 206-100] Generating core module 'mul_mul_16s_16s_30_4_1': 1 instance(s).
INFO: [RTGEN 206-100] Finished creating RTL model for 'layer_norm_tiny_1'.
INFO: [HLS 200-111] Finished Creating RTL model: CPU user time: 0.98 seconds. CPU system time: 0.02 seconds. Elapsed time: 1.01 seconds; current allocated memory: 661.016 MB.
Execute         source /home/cym/prj2/finn/notebooks/icl_thesis-master/experiments/imgds_linear_sparse/stage4_structural_small_models/hls/tiny_q16_d6_ff12/hls/imgds_linear_tiny_axi/solution1/.autopilot/db/imgds_linear_tiny.rtl_wrap.cfg.tcl 
Execute         gen_rtl layer_norm_tiny.1 -style xilinx -f -lang vhdl -o /home/cym/prj2/finn/notebooks/icl_thesis-master/experiments/imgds_linear_sparse/stage4_structural_small_models/hls/tiny_q16_d6_ff12/hls/imgds_linear_tiny_axi/solution1/syn/vhdl/imgds_linear_tiny_layer_norm_tiny_1 
Execute         gen_rtl layer_norm_tiny.1 -style xilinx -f -lang vlog -o /home/cym/prj2/finn/notebooks/icl_thesis-master/experiments/imgds_linear_sparse/stage4_structural_small_models/hls/tiny_q16_d6_ff12/hls/imgds_linear_tiny_axi/solution1/syn/verilog/imgds_linear_tiny_layer_norm_tiny_1 
Execute         syn_report -csynth -model layer_norm_tiny.1 -o /home/cym/prj2/finn/notebooks/icl_thesis-master/experiments/imgds_linear_sparse/stage4_structural_small_models/hls/tiny_q16_d6_ff12/hls/imgds_linear_tiny_axi/solution1/syn/report/layer_norm_tiny_1_csynth.rpt 
Execute           AP::get_flow_target_display_name
Execute         syn_report -rtlxml -model layer_norm_tiny.1 -o /home/cym/prj2/finn/notebooks/icl_thesis-master/experiments/imgds_linear_sparse/stage4_structural_small_models/hls/tiny_q16_d6_ff12/hls/imgds_linear_tiny_axi/solution1/syn/report/layer_norm_tiny_1_csynth.xml 
Execute         syn_report -verbosereport -model layer_norm_tiny.1 -o /home/cym/prj2/finn/notebooks/icl_thesis-master/experiments/imgds_linear_sparse/stage4_structural_small_models/hls/tiny_q16_d6_ff12/hls/imgds_linear_tiny_axi/solution1/.autopilot/db/layer_norm_tiny_1.verbose.rpt 
Execute           AP::get_flow_target_display_name
Command         syn_report done; 0.22 sec.
Execute         db_write -model layer_norm_tiny.1 -f -o /home/cym/prj2/finn/notebooks/icl_thesis-master/experiments/imgds_linear_sparse/stage4_structural_small_models/hls/tiny_q16_d6_ff12/hls/imgds_linear_tiny_axi/solution1/.autopilot/db/layer_norm_tiny_1.adb 
Execute         db_write -model layer_norm_tiny.1 -bindview -o /home/cym/prj2/finn/notebooks/icl_thesis-master/experiments/imgds_linear_sparse/stage4_structural_small_models/hls/tiny_q16_d6_ff12/hls/imgds_linear_tiny_axi/solution1/.autopilot/db/design.bindinfo.xml 
Execute         gen_tb_info layer_norm_tiny.1 -p /home/cym/prj2/finn/notebooks/icl_thesis-master/experiments/imgds_linear_sparse/stage4_structural_small_models/hls/tiny_q16_d6_ff12/hls/imgds_linear_tiny_axi/solution1/.autopilot/db -o /home/cym/prj2/finn/notebooks/icl_thesis-master/experiments/imgds_linear_sparse/stage4_structural_small_models/hls/tiny_q16_d6_ff12/hls/imgds_linear_tiny_axi/solution1/.autopilot/db/layer_norm_tiny_1 
INFO: [HLS 200-10] ----------------------------------------------------------------
INFO: [HLS 200-10] -- Generating RTL for module 'imgds_linear_tiny_Pipeline_VITIS_LOOP_176_4' 
INFO: [HLS 200-10] ----------------------------------------------------------------
Execute         create_rtl_model imgds_linear_tiny_Pipeline_VITIS_LOOP_176_4 -top_prefix imgds_linear_tiny_ -sub_prefix imgds_linear_tiny_ -mg_file /home/cym/prj2/finn/notebooks/icl_thesis-master/experiments/imgds_linear_sparse/stage4_structural_small_models/hls/tiny_q16_d6_ff12/hls/imgds_linear_tiny_axi/solution1/.autopilot/db/imgds_linear_tiny_Pipeline_VITIS_LOOP_176_4.compgen.tcl 
INFO: [HLS 200-1030] Apply Unified Pipeline Control on module 'imgds_linear_tiny_Pipeline_VITIS_LOOP_176_4' pipeline 'VITIS_LOOP_176_4' pipeline type 'loop pipeline'
INFO: [RTGEN 206-100] Finished creating RTL model for 'imgds_linear_tiny_Pipeline_VITIS_LOOP_176_4'.
INFO: [HLS 200-111] Finished Creating RTL model: CPU user time: 0.45 seconds. CPU system time: 0.01 seconds. Elapsed time: 0.48 seconds; current allocated memory: 667.098 MB.
Execute         source /home/cym/prj2/finn/notebooks/icl_thesis-master/experiments/imgds_linear_sparse/stage4_structural_small_models/hls/tiny_q16_d6_ff12/hls/imgds_linear_tiny_axi/solution1/.autopilot/db/imgds_linear_tiny.rtl_wrap.cfg.tcl 
Execute         gen_rtl imgds_linear_tiny_Pipeline_VITIS_LOOP_176_4 -style xilinx -f -lang vhdl -o /home/cym/prj2/finn/notebooks/icl_thesis-master/experiments/imgds_linear_sparse/stage4_structural_small_models/hls/tiny_q16_d6_ff12/hls/imgds_linear_tiny_axi/solution1/syn/vhdl/imgds_linear_tiny_imgds_linear_tiny_Pipeline_VITIS_LOOP_176_4 
Execute         gen_rtl imgds_linear_tiny_Pipeline_VITIS_LOOP_176_4 -style xilinx -f -lang vlog -o /home/cym/prj2/finn/notebooks/icl_thesis-master/experiments/imgds_linear_sparse/stage4_structural_small_models/hls/tiny_q16_d6_ff12/hls/imgds_linear_tiny_axi/solution1/syn/verilog/imgds_linear_tiny_imgds_linear_tiny_Pipeline_VITIS_LOOP_176_4 
Execute         syn_report -csynth -model imgds_linear_tiny_Pipeline_VITIS_LOOP_176_4 -o /home/cym/prj2/finn/notebooks/icl_thesis-master/experiments/imgds_linear_sparse/stage4_structural_small_models/hls/tiny_q16_d6_ff12/hls/imgds_linear_tiny_axi/solution1/syn/report/imgds_linear_tiny_Pipeline_VITIS_LOOP_176_4_csynth.rpt 
Execute           AP::get_flow_target_display_name
Execute         syn_report -rtlxml -model imgds_linear_tiny_Pipeline_VITIS_LOOP_176_4 -o /home/cym/prj2/finn/notebooks/icl_thesis-master/experiments/imgds_linear_sparse/stage4_structural_small_models/hls/tiny_q16_d6_ff12/hls/imgds_linear_tiny_axi/solution1/syn/report/imgds_linear_tiny_Pipeline_VITIS_LOOP_176_4_csynth.xml 
Execute         syn_report -verbosereport -model imgds_linear_tiny_Pipeline_VITIS_LOOP_176_4 -o /home/cym/prj2/finn/notebooks/icl_thesis-master/experiments/imgds_linear_sparse/stage4_structural_small_models/hls/tiny_q16_d6_ff12/hls/imgds_linear_tiny_axi/solution1/.autopilot/db/imgds_linear_tiny_Pipeline_VITIS_LOOP_176_4.verbose.rpt 
Execute           AP::get_flow_target_display_name
Command         syn_report done; 0.14 sec.
Execute         db_write -model imgds_linear_tiny_Pipeline_VITIS_LOOP_176_4 -f -o /home/cym/prj2/finn/notebooks/icl_thesis-master/experiments/imgds_linear_sparse/stage4_structural_small_models/hls/tiny_q16_d6_ff12/hls/imgds_linear_tiny_axi/solution1/.autopilot/db/imgds_linear_tiny_Pipeline_VITIS_LOOP_176_4.adb 
Execute         db_write -model imgds_linear_tiny_Pipeline_VITIS_LOOP_176_4 -bindview -o /home/cym/prj2/finn/notebooks/icl_thesis-master/experiments/imgds_linear_sparse/stage4_structural_small_models/hls/tiny_q16_d6_ff12/hls/imgds_linear_tiny_axi/solution1/.autopilot/db/design.bindinfo.xml 
Execute         gen_tb_info imgds_linear_tiny_Pipeline_VITIS_LOOP_176_4 -p /home/cym/prj2/finn/notebooks/icl_thesis-master/experiments/imgds_linear_sparse/stage4_structural_small_models/hls/tiny_q16_d6_ff12/hls/imgds_linear_tiny_axi/solution1/.autopilot/db -o /home/cym/prj2/finn/notebooks/icl_thesis-master/experiments/imgds_linear_sparse/stage4_structural_small_models/hls/tiny_q16_d6_ff12/hls/imgds_linear_tiny_axi/solution1/.autopilot/db/imgds_linear_tiny_Pipeline_VITIS_LOOP_176_4 
INFO: [HLS 200-10] ----------------------------------------------------------------
INFO: [HLS 200-10] -- Generating RTL for module 'imgds_linear_tiny_Pipeline_VITIS_LOOP_128_3' 
INFO: [HLS 200-10] ----------------------------------------------------------------
Execute         create_rtl_model imgds_linear_tiny_Pipeline_VITIS_LOOP_128_3 -top_prefix imgds_linear_tiny_ -sub_prefix imgds_linear_tiny_ -mg_file /home/cym/prj2/finn/notebooks/icl_thesis-master/experiments/imgds_linear_sparse/stage4_structural_small_models/hls/tiny_q16_d6_ff12/hls/imgds_linear_tiny_axi/solution1/.autopilot/db/imgds_linear_tiny_Pipeline_VITIS_LOOP_128_3.compgen.tcl 
INFO: [SYN 201-210] Renamed object name 'imgds_linear_tiny_Pipeline_VITIS_LOOP_128_3_layers_0_feedforward_0_weight_V_ROM_AUTO_1R' to 'imgds_linear_tiny_Pipeline_VITIS_LOOP_128_3_layers_0_feedforward_0_weight_V_Rg8j' due to the length limit 80
INFO: [HLS 200-1030] Apply Unified Pipeline Control on module 'imgds_linear_tiny_Pipeline_VITIS_LOOP_128_3' pipeline 'VITIS_LOOP_128_3' pipeline type 'loop pipeline'
INFO: [RTGEN 206-100] Generating core module 'mul_mul_11s_16s_27_4_1': 1 instance(s).
INFO: [RTGEN 206-100] Finished creating RTL model for 'imgds_linear_tiny_Pipeline_VITIS_LOOP_128_3'.
INFO: [RTMG 210-279] Implementing memory 'imgds_linear_tiny_imgds_linear_tiny_Pipeline_VITIS_LOOP_128_3_layers_0_feedforward_0_weight_V_Rg8j' using auto ROMs.
INFO: [HLS 200-111] Finished Creating RTL model: CPU user time: 0.17 seconds. CPU system time: 0 seconds. Elapsed time: 0.18 seconds; current allocated memory: 668.227 MB.
Execute         source /home/cym/prj2/finn/notebooks/icl_thesis-master/experiments/imgds_linear_sparse/stage4_structural_small_models/hls/tiny_q16_d6_ff12/hls/imgds_linear_tiny_axi/solution1/.autopilot/db/imgds_linear_tiny.rtl_wrap.cfg.tcl 
Execute         gen_rtl imgds_linear_tiny_Pipeline_VITIS_LOOP_128_3 -style xilinx -f -lang vhdl -o /home/cym/prj2/finn/notebooks/icl_thesis-master/experiments/imgds_linear_sparse/stage4_structural_small_models/hls/tiny_q16_d6_ff12/hls/imgds_linear_tiny_axi/solution1/syn/vhdl/imgds_linear_tiny_imgds_linear_tiny_Pipeline_VITIS_LOOP_128_3 
Execute         gen_rtl imgds_linear_tiny_Pipeline_VITIS_LOOP_128_3 -style xilinx -f -lang vlog -o /home/cym/prj2/finn/notebooks/icl_thesis-master/experiments/imgds_linear_sparse/stage4_structural_small_models/hls/tiny_q16_d6_ff12/hls/imgds_linear_tiny_axi/solution1/syn/verilog/imgds_linear_tiny_imgds_linear_tiny_Pipeline_VITIS_LOOP_128_3 
Execute         syn_report -csynth -model imgds_linear_tiny_Pipeline_VITIS_LOOP_128_3 -o /home/cym/prj2/finn/notebooks/icl_thesis-master/experiments/imgds_linear_sparse/stage4_structural_small_models/hls/tiny_q16_d6_ff12/hls/imgds_linear_tiny_axi/solution1/syn/report/imgds_linear_tiny_Pipeline_VITIS_LOOP_128_3_csynth.rpt 
Execute           AP::get_flow_target_display_name
Execute         syn_report -rtlxml -model imgds_linear_tiny_Pipeline_VITIS_LOOP_128_3 -o /home/cym/prj2/finn/notebooks/icl_thesis-master/experiments/imgds_linear_sparse/stage4_structural_small_models/hls/tiny_q16_d6_ff12/hls/imgds_linear_tiny_axi/solution1/syn/report/imgds_linear_tiny_Pipeline_VITIS_LOOP_128_3_csynth.xml 
Execute         syn_report -verbosereport -model imgds_linear_tiny_Pipeline_VITIS_LOOP_128_3 -o /home/cym/prj2/finn/notebooks/icl_thesis-master/experiments/imgds_linear_sparse/stage4_structural_small_models/hls/tiny_q16_d6_ff12/hls/imgds_linear_tiny_axi/solution1/.autopilot/db/imgds_linear_tiny_Pipeline_VITIS_LOOP_128_3.verbose.rpt 
Execute           AP::get_flow_target_display_name
Execute         db_write -model imgds_linear_tiny_Pipeline_VITIS_LOOP_128_3 -f -o /home/cym/prj2/finn/notebooks/icl_thesis-master/experiments/imgds_linear_sparse/stage4_structural_small_models/hls/tiny_q16_d6_ff12/hls/imgds_linear_tiny_axi/solution1/.autopilot/db/imgds_linear_tiny_Pipeline_VITIS_LOOP_128_3.adb 
Execute         db_write -model imgds_linear_tiny_Pipeline_VITIS_LOOP_128_3 -bindview -o /home/cym/prj2/finn/notebooks/icl_thesis-master/experiments/imgds_linear_sparse/stage4_structural_small_models/hls/tiny_q16_d6_ff12/hls/imgds_linear_tiny_axi/solution1/.autopilot/db/design.bindinfo.xml 
Execute         gen_tb_info imgds_linear_tiny_Pipeline_VITIS_LOOP_128_3 -p /home/cym/prj2/finn/notebooks/icl_thesis-master/experiments/imgds_linear_sparse/stage4_structural_small_models/hls/tiny_q16_d6_ff12/hls/imgds_linear_tiny_axi/solution1/.autopilot/db -o /home/cym/prj2/finn/notebooks/icl_thesis-master/experiments/imgds_linear_sparse/stage4_structural_small_models/hls/tiny_q16_d6_ff12/hls/imgds_linear_tiny_axi/solution1/.autopilot/db/imgds_linear_tiny_Pipeline_VITIS_LOOP_128_3 
INFO: [HLS 200-10] ----------------------------------------------------------------
INFO: [HLS 200-10] -- Generating RTL for module 'imgds_linear_tiny_Pipeline_VITIS_LOOP_139_5' 
INFO: [HLS 200-10] ----------------------------------------------------------------
Execute         create_rtl_model imgds_linear_tiny_Pipeline_VITIS_LOOP_139_5 -top_prefix imgds_linear_tiny_ -sub_prefix imgds_linear_tiny_ -mg_file /home/cym/prj2/finn/notebooks/icl_thesis-master/experiments/imgds_linear_sparse/stage4_structural_small_models/hls/tiny_q16_d6_ff12/hls/imgds_linear_tiny_axi/solution1/.autopilot/db/imgds_linear_tiny_Pipeline_VITIS_LOOP_139_5.compgen.tcl 
INFO: [SYN 201-210] Renamed object name 'imgds_linear_tiny_Pipeline_VITIS_LOOP_139_5_layers_0_feedforward_3_weight_V_ROM_AUTO_1R' to 'imgds_linear_tiny_Pipeline_VITIS_LOOP_139_5_layers_0_feedforward_3_weight_V_Rhbi' due to the length limit 80
INFO: [HLS 200-1030] Apply Unified Pipeline Control on module 'imgds_linear_tiny_Pipeline_VITIS_LOOP_139_5' pipeline 'VITIS_LOOP_139_5' pipeline type 'loop pipeline'
INFO: [RTGEN 206-100] Generating core module 'mul_mul_10s_15ns_25_4_1': 1 instance(s).
INFO: [RTGEN 206-100] Finished creating RTL model for 'imgds_linear_tiny_Pipeline_VITIS_LOOP_139_5'.
INFO: [RTMG 210-279] Implementing memory 'imgds_linear_tiny_imgds_linear_tiny_Pipeline_VITIS_LOOP_139_5_layers_0_feedforward_3_weight_V_Rhbi' using auto ROMs.
INFO: [HLS 200-111] Finished Creating RTL model: CPU user time: 0.07 seconds. CPU system time: 0.01 seconds. Elapsed time: 0.08 seconds; current allocated memory: 669.512 MB.
Execute         source /home/cym/prj2/finn/notebooks/icl_thesis-master/experiments/imgds_linear_sparse/stage4_structural_small_models/hls/tiny_q16_d6_ff12/hls/imgds_linear_tiny_axi/solution1/.autopilot/db/imgds_linear_tiny.rtl_wrap.cfg.tcl 
Execute         gen_rtl imgds_linear_tiny_Pipeline_VITIS_LOOP_139_5 -style xilinx -f -lang vhdl -o /home/cym/prj2/finn/notebooks/icl_thesis-master/experiments/imgds_linear_sparse/stage4_structural_small_models/hls/tiny_q16_d6_ff12/hls/imgds_linear_tiny_axi/solution1/syn/vhdl/imgds_linear_tiny_imgds_linear_tiny_Pipeline_VITIS_LOOP_139_5 
Execute         gen_rtl imgds_linear_tiny_Pipeline_VITIS_LOOP_139_5 -style xilinx -f -lang vlog -o /home/cym/prj2/finn/notebooks/icl_thesis-master/experiments/imgds_linear_sparse/stage4_structural_small_models/hls/tiny_q16_d6_ff12/hls/imgds_linear_tiny_axi/solution1/syn/verilog/imgds_linear_tiny_imgds_linear_tiny_Pipeline_VITIS_LOOP_139_5 
Execute         syn_report -csynth -model imgds_linear_tiny_Pipeline_VITIS_LOOP_139_5 -o /home/cym/prj2/finn/notebooks/icl_thesis-master/experiments/imgds_linear_sparse/stage4_structural_small_models/hls/tiny_q16_d6_ff12/hls/imgds_linear_tiny_axi/solution1/syn/report/imgds_linear_tiny_Pipeline_VITIS_LOOP_139_5_csynth.rpt 
Execute           AP::get_flow_target_display_name
Execute         syn_report -rtlxml -model imgds_linear_tiny_Pipeline_VITIS_LOOP_139_5 -o /home/cym/prj2/finn/notebooks/icl_thesis-master/experiments/imgds_linear_sparse/stage4_structural_small_models/hls/tiny_q16_d6_ff12/hls/imgds_linear_tiny_axi/solution1/syn/report/imgds_linear_tiny_Pipeline_VITIS_LOOP_139_5_csynth.xml 
Execute         syn_report -verbosereport -model imgds_linear_tiny_Pipeline_VITIS_LOOP_139_5 -o /home/cym/prj2/finn/notebooks/icl_thesis-master/experiments/imgds_linear_sparse/stage4_structural_small_models/hls/tiny_q16_d6_ff12/hls/imgds_linear_tiny_axi/solution1/.autopilot/db/imgds_linear_tiny_Pipeline_VITIS_LOOP_139_5.verbose.rpt 
Execute           AP::get_flow_target_display_name
Execute         db_write -model imgds_linear_tiny_Pipeline_VITIS_LOOP_139_5 -f -o /home/cym/prj2/finn/notebooks/icl_thesis-master/experiments/imgds_linear_sparse/stage4_structural_small_models/hls/tiny_q16_d6_ff12/hls/imgds_linear_tiny_axi/solution1/.autopilot/db/imgds_linear_tiny_Pipeline_VITIS_LOOP_139_5.adb 
Execute         db_write -model imgds_linear_tiny_Pipeline_VITIS_LOOP_139_5 -bindview -o /home/cym/prj2/finn/notebooks/icl_thesis-master/experiments/imgds_linear_sparse/stage4_structural_small_models/hls/tiny_q16_d6_ff12/hls/imgds_linear_tiny_axi/solution1/.autopilot/db/design.bindinfo.xml 
Execute         gen_tb_info imgds_linear_tiny_Pipeline_VITIS_LOOP_139_5 -p /home/cym/prj2/finn/notebooks/icl_thesis-master/experiments/imgds_linear_sparse/stage4_structural_small_models/hls/tiny_q16_d6_ff12/hls/imgds_linear_tiny_axi/solution1/.autopilot/db -o /home/cym/prj2/finn/notebooks/icl_thesis-master/experiments/imgds_linear_sparse/stage4_structural_small_models/hls/tiny_q16_d6_ff12/hls/imgds_linear_tiny_axi/solution1/.autopilot/db/imgds_linear_tiny_Pipeline_VITIS_LOOP_139_5 
INFO: [HLS 200-10] ----------------------------------------------------------------
INFO: [HLS 200-10] -- Generating RTL for module 'imgds_linear_tiny_Pipeline_VITIS_LOOP_146_6' 
INFO: [HLS 200-10] ----------------------------------------------------------------
Execute         create_rtl_model imgds_linear_tiny_Pipeline_VITIS_LOOP_146_6 -top_prefix imgds_linear_tiny_ -sub_prefix imgds_linear_tiny_ -mg_file /home/cym/prj2/finn/notebooks/icl_thesis-master/experiments/imgds_linear_sparse/stage4_structural_small_models/hls/tiny_q16_d6_ff12/hls/imgds_linear_tiny_axi/solution1/.autopilot/db/imgds_linear_tiny_Pipeline_VITIS_LOOP_146_6.compgen.tcl 
INFO: [HLS 200-1030] Apply Unified Pipeline Control on module 'imgds_linear_tiny_Pipeline_VITIS_LOOP_146_6' pipeline 'VITIS_LOOP_146_6' pipeline type 'loop pipeline'
INFO: [RTGEN 206-100] Finished creating RTL model for 'imgds_linear_tiny_Pipeline_VITIS_LOOP_146_6'.
INFO: [HLS 200-111] Finished Creating RTL model: CPU user time: 0.07 seconds. CPU system time: 0 seconds. Elapsed time: 0.1 seconds; current allocated memory: 670.727 MB.
Execute         source /home/cym/prj2/finn/notebooks/icl_thesis-master/experiments/imgds_linear_sparse/stage4_structural_small_models/hls/tiny_q16_d6_ff12/hls/imgds_linear_tiny_axi/solution1/.autopilot/db/imgds_linear_tiny.rtl_wrap.cfg.tcl 
Execute         gen_rtl imgds_linear_tiny_Pipeline_VITIS_LOOP_146_6 -style xilinx -f -lang vhdl -o /home/cym/prj2/finn/notebooks/icl_thesis-master/experiments/imgds_linear_sparse/stage4_structural_small_models/hls/tiny_q16_d6_ff12/hls/imgds_linear_tiny_axi/solution1/syn/vhdl/imgds_linear_tiny_imgds_linear_tiny_Pipeline_VITIS_LOOP_146_6 
Execute         gen_rtl imgds_linear_tiny_Pipeline_VITIS_LOOP_146_6 -style xilinx -f -lang vlog -o /home/cym/prj2/finn/notebooks/icl_thesis-master/experiments/imgds_linear_sparse/stage4_structural_small_models/hls/tiny_q16_d6_ff12/hls/imgds_linear_tiny_axi/solution1/syn/verilog/imgds_linear_tiny_imgds_linear_tiny_Pipeline_VITIS_LOOP_146_6 
Execute         syn_report -csynth -model imgds_linear_tiny_Pipeline_VITIS_LOOP_146_6 -o /home/cym/prj2/finn/notebooks/icl_thesis-master/experiments/imgds_linear_sparse/stage4_structural_small_models/hls/tiny_q16_d6_ff12/hls/imgds_linear_tiny_axi/solution1/syn/report/imgds_linear_tiny_Pipeline_VITIS_LOOP_146_6_csynth.rpt 
Execute           AP::get_flow_target_display_name
Execute         syn_report -rtlxml -model imgds_linear_tiny_Pipeline_VITIS_LOOP_146_6 -o /home/cym/prj2/finn/notebooks/icl_thesis-master/experiments/imgds_linear_sparse/stage4_structural_small_models/hls/tiny_q16_d6_ff12/hls/imgds_linear_tiny_axi/solution1/syn/report/imgds_linear_tiny_Pipeline_VITIS_LOOP_146_6_csynth.xml 
Execute         syn_report -verbosereport -model imgds_linear_tiny_Pipeline_VITIS_LOOP_146_6 -o /home/cym/prj2/finn/notebooks/icl_thesis-master/experiments/imgds_linear_sparse/stage4_structural_small_models/hls/tiny_q16_d6_ff12/hls/imgds_linear_tiny_axi/solution1/.autopilot/db/imgds_linear_tiny_Pipeline_VITIS_LOOP_146_6.verbose.rpt 
Execute           AP::get_flow_target_display_name
Execute         db_write -model imgds_linear_tiny_Pipeline_VITIS_LOOP_146_6 -f -o /home/cym/prj2/finn/notebooks/icl_thesis-master/experiments/imgds_linear_sparse/stage4_structural_small_models/hls/tiny_q16_d6_ff12/hls/imgds_linear_tiny_axi/solution1/.autopilot/db/imgds_linear_tiny_Pipeline_VITIS_LOOP_146_6.adb 
Execute         db_write -model imgds_linear_tiny_Pipeline_VITIS_LOOP_146_6 -bindview -o /home/cym/prj2/finn/notebooks/icl_thesis-master/experiments/imgds_linear_sparse/stage4_structural_small_models/hls/tiny_q16_d6_ff12/hls/imgds_linear_tiny_axi/solution1/.autopilot/db/design.bindinfo.xml 
Execute         gen_tb_info imgds_linear_tiny_Pipeline_VITIS_LOOP_146_6 -p /home/cym/prj2/finn/notebooks/icl_thesis-master/experiments/imgds_linear_sparse/stage4_structural_small_models/hls/tiny_q16_d6_ff12/hls/imgds_linear_tiny_axi/solution1/.autopilot/db -o /home/cym/prj2/finn/notebooks/icl_thesis-master/experiments/imgds_linear_sparse/stage4_structural_small_models/hls/tiny_q16_d6_ff12/hls/imgds_linear_tiny_axi/solution1/.autopilot/db/imgds_linear_tiny_Pipeline_VITIS_LOOP_146_6 
INFO: [HLS 200-10] ----------------------------------------------------------------
INFO: [HLS 200-10] -- Generating RTL for module 'imgds_linear_tiny_Pipeline_VITIS_LOOP_179_5' 
INFO: [HLS 200-10] ----------------------------------------------------------------
Execute         create_rtl_model imgds_linear_tiny_Pipeline_VITIS_LOOP_179_5 -top_prefix imgds_linear_tiny_ -sub_prefix imgds_linear_tiny_ -mg_file /home/cym/prj2/finn/notebooks/icl_thesis-master/experiments/imgds_linear_sparse/stage4_structural_small_models/hls/tiny_q16_d6_ff12/hls/imgds_linear_tiny_axi/solution1/.autopilot/db/imgds_linear_tiny_Pipeline_VITIS_LOOP_179_5.compgen.tcl 
INFO: [HLS 200-1030] Apply Unified Pipeline Control on module 'imgds_linear_tiny_Pipeline_VITIS_LOOP_179_5' pipeline 'VITIS_LOOP_179_5' pipeline type 'loop pipeline'
INFO: [RTGEN 206-100] Finished creating RTL model for 'imgds_linear_tiny_Pipeline_VITIS_LOOP_179_5'.
INFO: [HLS 200-111] Finished Creating RTL model: CPU user time: 0.06 seconds. CPU system time: 0.01 seconds. Elapsed time: 0.1 seconds; current allocated memory: 672.109 MB.
Execute         source /home/cym/prj2/finn/notebooks/icl_thesis-master/experiments/imgds_linear_sparse/stage4_structural_small_models/hls/tiny_q16_d6_ff12/hls/imgds_linear_tiny_axi/solution1/.autopilot/db/imgds_linear_tiny.rtl_wrap.cfg.tcl 
Execute         gen_rtl imgds_linear_tiny_Pipeline_VITIS_LOOP_179_5 -style xilinx -f -lang vhdl -o /home/cym/prj2/finn/notebooks/icl_thesis-master/experiments/imgds_linear_sparse/stage4_structural_small_models/hls/tiny_q16_d6_ff12/hls/imgds_linear_tiny_axi/solution1/syn/vhdl/imgds_linear_tiny_imgds_linear_tiny_Pipeline_VITIS_LOOP_179_5 
Execute         gen_rtl imgds_linear_tiny_Pipeline_VITIS_LOOP_179_5 -style xilinx -f -lang vlog -o /home/cym/prj2/finn/notebooks/icl_thesis-master/experiments/imgds_linear_sparse/stage4_structural_small_models/hls/tiny_q16_d6_ff12/hls/imgds_linear_tiny_axi/solution1/syn/verilog/imgds_linear_tiny_imgds_linear_tiny_Pipeline_VITIS_LOOP_179_5 
Execute         syn_report -csynth -model imgds_linear_tiny_Pipeline_VITIS_LOOP_179_5 -o /home/cym/prj2/finn/notebooks/icl_thesis-master/experiments/imgds_linear_sparse/stage4_structural_small_models/hls/tiny_q16_d6_ff12/hls/imgds_linear_tiny_axi/solution1/syn/report/imgds_linear_tiny_Pipeline_VITIS_LOOP_179_5_csynth.rpt 
Execute           AP::get_flow_target_display_name
Execute         syn_report -rtlxml -model imgds_linear_tiny_Pipeline_VITIS_LOOP_179_5 -o /home/cym/prj2/finn/notebooks/icl_thesis-master/experiments/imgds_linear_sparse/stage4_structural_small_models/hls/tiny_q16_d6_ff12/hls/imgds_linear_tiny_axi/solution1/syn/report/imgds_linear_tiny_Pipeline_VITIS_LOOP_179_5_csynth.xml 
Execute         syn_report -verbosereport -model imgds_linear_tiny_Pipeline_VITIS_LOOP_179_5 -o /home/cym/prj2/finn/notebooks/icl_thesis-master/experiments/imgds_linear_sparse/stage4_structural_small_models/hls/tiny_q16_d6_ff12/hls/imgds_linear_tiny_axi/solution1/.autopilot/db/imgds_linear_tiny_Pipeline_VITIS_LOOP_179_5.verbose.rpt 
Execute           AP::get_flow_target_display_name
Command         syn_report done; 0.13 sec.
Execute         db_write -model imgds_linear_tiny_Pipeline_VITIS_LOOP_179_5 -f -o /home/cym/prj2/finn/notebooks/icl_thesis-master/experiments/imgds_linear_sparse/stage4_structural_small_models/hls/tiny_q16_d6_ff12/hls/imgds_linear_tiny_axi/solution1/.autopilot/db/imgds_linear_tiny_Pipeline_VITIS_LOOP_179_5.adb 
Execute         db_write -model imgds_linear_tiny_Pipeline_VITIS_LOOP_179_5 -bindview -o /home/cym/prj2/finn/notebooks/icl_thesis-master/experiments/imgds_linear_sparse/stage4_structural_small_models/hls/tiny_q16_d6_ff12/hls/imgds_linear_tiny_axi/solution1/.autopilot/db/design.bindinfo.xml 
Execute         gen_tb_info imgds_linear_tiny_Pipeline_VITIS_LOOP_179_5 -p /home/cym/prj2/finn/notebooks/icl_thesis-master/experiments/imgds_linear_sparse/stage4_structural_small_models/hls/tiny_q16_d6_ff12/hls/imgds_linear_tiny_axi/solution1/.autopilot/db -o /home/cym/prj2/finn/notebooks/icl_thesis-master/experiments/imgds_linear_sparse/stage4_structural_small_models/hls/tiny_q16_d6_ff12/hls/imgds_linear_tiny_axi/solution1/.autopilot/db/imgds_linear_tiny_Pipeline_VITIS_LOOP_179_5 
INFO: [HLS 200-10] ----------------------------------------------------------------
INFO: [HLS 200-10] -- Generating RTL for module 'imgds_linear_tiny_Pipeline_VITIS_LOOP_183_6_VITIS_LOOP_185_7' 
INFO: [HLS 200-10] ----------------------------------------------------------------
Execute         create_rtl_model imgds_linear_tiny_Pipeline_VITIS_LOOP_183_6_VITIS_LOOP_185_7 -top_prefix imgds_linear_tiny_ -sub_prefix imgds_linear_tiny_ -mg_file /home/cym/prj2/finn/notebooks/icl_thesis-master/experiments/imgds_linear_sparse/stage4_structural_small_models/hls/tiny_q16_d6_ff12/hls/imgds_linear_tiny_axi/solution1/.autopilot/db/imgds_linear_tiny_Pipeline_VITIS_LOOP_183_6_VITIS_LOOP_185_7.compgen.tcl 
INFO: [HLS 200-1030] Apply Unified Pipeline Control on module 'imgds_linear_tiny_Pipeline_VITIS_LOOP_183_6_VITIS_LOOP_185_7' pipeline 'VITIS_LOOP_183_6_VITIS_LOOP_185_7' pipeline type 'loop pipeline'
INFO: [RTGEN 206-100] Finished creating RTL model for 'imgds_linear_tiny_Pipeline_VITIS_LOOP_183_6_VITIS_LOOP_185_7'.
INFO: [HLS 200-111] Finished Creating RTL model: CPU user time: 0.17 seconds. CPU system time: 0 seconds. Elapsed time: 0.17 seconds; current allocated memory: 673.344 MB.
Execute         source /home/cym/prj2/finn/notebooks/icl_thesis-master/experiments/imgds_linear_sparse/stage4_structural_small_models/hls/tiny_q16_d6_ff12/hls/imgds_linear_tiny_axi/solution1/.autopilot/db/imgds_linear_tiny.rtl_wrap.cfg.tcl 
Execute         gen_rtl imgds_linear_tiny_Pipeline_VITIS_LOOP_183_6_VITIS_LOOP_185_7 -style xilinx -f -lang vhdl -o /home/cym/prj2/finn/notebooks/icl_thesis-master/experiments/imgds_linear_sparse/stage4_structural_small_models/hls/tiny_q16_d6_ff12/hls/imgds_linear_tiny_axi/solution1/syn/vhdl/imgds_linear_tiny_imgds_linear_tiny_Pipeline_VITIS_LOOP_183_6_VITIS_LOOP_185_7 
Execute         gen_rtl imgds_linear_tiny_Pipeline_VITIS_LOOP_183_6_VITIS_LOOP_185_7 -style xilinx -f -lang vlog -o /home/cym/prj2/finn/notebooks/icl_thesis-master/experiments/imgds_linear_sparse/stage4_structural_small_models/hls/tiny_q16_d6_ff12/hls/imgds_linear_tiny_axi/solution1/syn/verilog/imgds_linear_tiny_imgds_linear_tiny_Pipeline_VITIS_LOOP_183_6_VITIS_LOOP_185_7 
Execute         syn_report -csynth -model imgds_linear_tiny_Pipeline_VITIS_LOOP_183_6_VITIS_LOOP_185_7 -o /home/cym/prj2/finn/notebooks/icl_thesis-master/experiments/imgds_linear_sparse/stage4_structural_small_models/hls/tiny_q16_d6_ff12/hls/imgds_linear_tiny_axi/solution1/syn/report/imgds_linear_tiny_Pipeline_VITIS_LOOP_183_6_VITIS_LOOP_185_7_csynth.rpt 
Execute           AP::get_flow_target_display_name
Execute         syn_report -rtlxml -model imgds_linear_tiny_Pipeline_VITIS_LOOP_183_6_VITIS_LOOP_185_7 -o /home/cym/prj2/finn/notebooks/icl_thesis-master/experiments/imgds_linear_sparse/stage4_structural_small_models/hls/tiny_q16_d6_ff12/hls/imgds_linear_tiny_axi/solution1/syn/report/imgds_linear_tiny_Pipeline_VITIS_LOOP_183_6_VITIS_LOOP_185_7_csynth.xml 
Execute         syn_report -verbosereport -model imgds_linear_tiny_Pipeline_VITIS_LOOP_183_6_VITIS_LOOP_185_7 -o /home/cym/prj2/finn/notebooks/icl_thesis-master/experiments/imgds_linear_sparse/stage4_structural_small_models/hls/tiny_q16_d6_ff12/hls/imgds_linear_tiny_axi/solution1/.autopilot/db/imgds_linear_tiny_Pipeline_VITIS_LOOP_183_6_VITIS_LOOP_185_7.verbose.rpt 
Execute           AP::get_flow_target_display_name
Execute         db_write -model imgds_linear_tiny_Pipeline_VITIS_LOOP_183_6_VITIS_LOOP_185_7 -f -o /home/cym/prj2/finn/notebooks/icl_thesis-master/experiments/imgds_linear_sparse/stage4_structural_small_models/hls/tiny_q16_d6_ff12/hls/imgds_linear_tiny_axi/solution1/.autopilot/db/imgds_linear_tiny_Pipeline_VITIS_LOOP_183_6_VITIS_LOOP_185_7.adb 
Execute         db_write -model imgds_linear_tiny_Pipeline_VITIS_LOOP_183_6_VITIS_LOOP_185_7 -bindview -o /home/cym/prj2/finn/notebooks/icl_thesis-master/experiments/imgds_linear_sparse/stage4_structural_small_models/hls/tiny_q16_d6_ff12/hls/imgds_linear_tiny_axi/solution1/.autopilot/db/design.bindinfo.xml 
Execute         gen_tb_info imgds_linear_tiny_Pipeline_VITIS_LOOP_183_6_VITIS_LOOP_185_7 -p /home/cym/prj2/finn/notebooks/icl_thesis-master/experiments/imgds_linear_sparse/stage4_structural_small_models/hls/tiny_q16_d6_ff12/hls/imgds_linear_tiny_axi/solution1/.autopilot/db -o /home/cym/prj2/finn/notebooks/icl_thesis-master/experiments/imgds_linear_sparse/stage4_structural_small_models/hls/tiny_q16_d6_ff12/hls/imgds_linear_tiny_axi/solution1/.autopilot/db/imgds_linear_tiny_Pipeline_VITIS_LOOP_183_6_VITIS_LOOP_185_7 
INFO: [HLS 200-10] ----------------------------------------------------------------
INFO: [HLS 200-10] -- Generating RTL for module 'layer_norm_tiny_Pipeline_VITIS_LOOP_19_1' 
INFO: [HLS 200-10] ----------------------------------------------------------------
Execute         create_rtl_model layer_norm_tiny_Pipeline_VITIS_LOOP_19_1 -top_prefix imgds_linear_tiny_ -sub_prefix imgds_linear_tiny_ -mg_file /home/cym/prj2/finn/notebooks/icl_thesis-master/experiments/imgds_linear_sparse/stage4_structural_small_models/hls/tiny_q16_d6_ff12/hls/imgds_linear_tiny_axi/solution1/.autopilot/db/layer_norm_tiny_Pipeline_VITIS_LOOP_19_1.compgen.tcl 
INFO: [HLS 200-1030] Apply Unified Pipeline Control on module 'layer_norm_tiny_Pipeline_VITIS_LOOP_19_1' pipeline 'VITIS_LOOP_19_1' pipeline type 'loop pipeline'
INFO: [RTGEN 206-100] Finished creating RTL model for 'layer_norm_tiny_Pipeline_VITIS_LOOP_19_1'.
INFO: [HLS 200-111] Finished Creating RTL model: CPU user time: 0.12 seconds. CPU system time: 0 seconds. Elapsed time: 0.15 seconds; current allocated memory: 674.617 MB.
Execute         source /home/cym/prj2/finn/notebooks/icl_thesis-master/experiments/imgds_linear_sparse/stage4_structural_small_models/hls/tiny_q16_d6_ff12/hls/imgds_linear_tiny_axi/solution1/.autopilot/db/imgds_linear_tiny.rtl_wrap.cfg.tcl 
Execute         gen_rtl layer_norm_tiny_Pipeline_VITIS_LOOP_19_1 -style xilinx -f -lang vhdl -o /home/cym/prj2/finn/notebooks/icl_thesis-master/experiments/imgds_linear_sparse/stage4_structural_small_models/hls/tiny_q16_d6_ff12/hls/imgds_linear_tiny_axi/solution1/syn/vhdl/imgds_linear_tiny_layer_norm_tiny_Pipeline_VITIS_LOOP_19_1 
Execute         gen_rtl layer_norm_tiny_Pipeline_VITIS_LOOP_19_1 -style xilinx -f -lang vlog -o /home/cym/prj2/finn/notebooks/icl_thesis-master/experiments/imgds_linear_sparse/stage4_structural_small_models/hls/tiny_q16_d6_ff12/hls/imgds_linear_tiny_axi/solution1/syn/verilog/imgds_linear_tiny_layer_norm_tiny_Pipeline_VITIS_LOOP_19_1 
Execute         syn_report -csynth -model layer_norm_tiny_Pipeline_VITIS_LOOP_19_1 -o /home/cym/prj2/finn/notebooks/icl_thesis-master/experiments/imgds_linear_sparse/stage4_structural_small_models/hls/tiny_q16_d6_ff12/hls/imgds_linear_tiny_axi/solution1/syn/report/layer_norm_tiny_Pipeline_VITIS_LOOP_19_1_csynth.rpt 
Execute           AP::get_flow_target_display_name
Execute         syn_report -rtlxml -model layer_norm_tiny_Pipeline_VITIS_LOOP_19_1 -o /home/cym/prj2/finn/notebooks/icl_thesis-master/experiments/imgds_linear_sparse/stage4_structural_small_models/hls/tiny_q16_d6_ff12/hls/imgds_linear_tiny_axi/solution1/syn/report/layer_norm_tiny_Pipeline_VITIS_LOOP_19_1_csynth.xml 
Execute         syn_report -verbosereport -model layer_norm_tiny_Pipeline_VITIS_LOOP_19_1 -o /home/cym/prj2/finn/notebooks/icl_thesis-master/experiments/imgds_linear_sparse/stage4_structural_small_models/hls/tiny_q16_d6_ff12/hls/imgds_linear_tiny_axi/solution1/.autopilot/db/layer_norm_tiny_Pipeline_VITIS_LOOP_19_1.verbose.rpt 
Execute           AP::get_flow_target_display_name
Execute         db_write -model layer_norm_tiny_Pipeline_VITIS_LOOP_19_1 -f -o /home/cym/prj2/finn/notebooks/icl_thesis-master/experiments/imgds_linear_sparse/stage4_structural_small_models/hls/tiny_q16_d6_ff12/hls/imgds_linear_tiny_axi/solution1/.autopilot/db/layer_norm_tiny_Pipeline_VITIS_LOOP_19_1.adb 
Execute         db_write -model layer_norm_tiny_Pipeline_VITIS_LOOP_19_1 -bindview -o /home/cym/prj2/finn/notebooks/icl_thesis-master/experiments/imgds_linear_sparse/stage4_structural_small_models/hls/tiny_q16_d6_ff12/hls/imgds_linear_tiny_axi/solution1/.autopilot/db/design.bindinfo.xml 
Execute         gen_tb_info layer_norm_tiny_Pipeline_VITIS_LOOP_19_1 -p /home/cym/prj2/finn/notebooks/icl_thesis-master/experiments/imgds_linear_sparse/stage4_structural_small_models/hls/tiny_q16_d6_ff12/hls/imgds_linear_tiny_axi/solution1/.autopilot/db -o /home/cym/prj2/finn/notebooks/icl_thesis-master/experiments/imgds_linear_sparse/stage4_structural_small_models/hls/tiny_q16_d6_ff12/hls/imgds_linear_tiny_axi/solution1/.autopilot/db/layer_norm_tiny_Pipeline_VITIS_LOOP_19_1 
INFO: [HLS 200-10] ----------------------------------------------------------------
INFO: [HLS 200-10] -- Generating RTL for module 'layer_norm_tiny_Pipeline_VITIS_LOOP_22_2' 
INFO: [HLS 200-10] ----------------------------------------------------------------
Execute         create_rtl_model layer_norm_tiny_Pipeline_VITIS_LOOP_22_2 -top_prefix imgds_linear_tiny_ -sub_prefix imgds_linear_tiny_ -mg_file /home/cym/prj2/finn/notebooks/icl_thesis-master/experiments/imgds_linear_sparse/stage4_structural_small_models/hls/tiny_q16_d6_ff12/hls/imgds_linear_tiny_axi/solution1/.autopilot/db/layer_norm_tiny_Pipeline_VITIS_LOOP_22_2.compgen.tcl 
INFO: [HLS 200-1030] Apply Unified Pipeline Control on module 'layer_norm_tiny_Pipeline_VITIS_LOOP_22_2' pipeline 'VITIS_LOOP_22_2' pipeline type 'loop pipeline'
INFO: [RTGEN 206-100] Generating core module 'mac_muladd_16s_16s_30ns_30_4_1': 1 instance(s).
INFO: [RTGEN 206-100] Finished creating RTL model for 'layer_norm_tiny_Pipeline_VITIS_LOOP_22_2'.
INFO: [HLS 200-111] Finished Creating RTL model: CPU user time: 0.05 seconds. CPU system time: 0 seconds. Elapsed time: 0.09 seconds; current allocated memory: 675.949 MB.
Execute         source /home/cym/prj2/finn/notebooks/icl_thesis-master/experiments/imgds_linear_sparse/stage4_structural_small_models/hls/tiny_q16_d6_ff12/hls/imgds_linear_tiny_axi/solution1/.autopilot/db/imgds_linear_tiny.rtl_wrap.cfg.tcl 
Execute         gen_rtl layer_norm_tiny_Pipeline_VITIS_LOOP_22_2 -style xilinx -f -lang vhdl -o /home/cym/prj2/finn/notebooks/icl_thesis-master/experiments/imgds_linear_sparse/stage4_structural_small_models/hls/tiny_q16_d6_ff12/hls/imgds_linear_tiny_axi/solution1/syn/vhdl/imgds_linear_tiny_layer_norm_tiny_Pipeline_VITIS_LOOP_22_2 
Execute         gen_rtl layer_norm_tiny_Pipeline_VITIS_LOOP_22_2 -style xilinx -f -lang vlog -o /home/cym/prj2/finn/notebooks/icl_thesis-master/experiments/imgds_linear_sparse/stage4_structural_small_models/hls/tiny_q16_d6_ff12/hls/imgds_linear_tiny_axi/solution1/syn/verilog/imgds_linear_tiny_layer_norm_tiny_Pipeline_VITIS_LOOP_22_2 
Execute         syn_report -csynth -model layer_norm_tiny_Pipeline_VITIS_LOOP_22_2 -o /home/cym/prj2/finn/notebooks/icl_thesis-master/experiments/imgds_linear_sparse/stage4_structural_small_models/hls/tiny_q16_d6_ff12/hls/imgds_linear_tiny_axi/solution1/syn/report/layer_norm_tiny_Pipeline_VITIS_LOOP_22_2_csynth.rpt 
Execute           AP::get_flow_target_display_name
Execute         syn_report -rtlxml -model layer_norm_tiny_Pipeline_VITIS_LOOP_22_2 -o /home/cym/prj2/finn/notebooks/icl_thesis-master/experiments/imgds_linear_sparse/stage4_structural_small_models/hls/tiny_q16_d6_ff12/hls/imgds_linear_tiny_axi/solution1/syn/report/layer_norm_tiny_Pipeline_VITIS_LOOP_22_2_csynth.xml 
Execute         syn_report -verbosereport -model layer_norm_tiny_Pipeline_VITIS_LOOP_22_2 -o /home/cym/prj2/finn/notebooks/icl_thesis-master/experiments/imgds_linear_sparse/stage4_structural_small_models/hls/tiny_q16_d6_ff12/hls/imgds_linear_tiny_axi/solution1/.autopilot/db/layer_norm_tiny_Pipeline_VITIS_LOOP_22_2.verbose.rpt 
Execute           AP::get_flow_target_display_name
Execute         db_write -model layer_norm_tiny_Pipeline_VITIS_LOOP_22_2 -f -o /home/cym/prj2/finn/notebooks/icl_thesis-master/experiments/imgds_linear_sparse/stage4_structural_small_models/hls/tiny_q16_d6_ff12/hls/imgds_linear_tiny_axi/solution1/.autopilot/db/layer_norm_tiny_Pipeline_VITIS_LOOP_22_2.adb 
Execute         db_write -model layer_norm_tiny_Pipeline_VITIS_LOOP_22_2 -bindview -o /home/cym/prj2/finn/notebooks/icl_thesis-master/experiments/imgds_linear_sparse/stage4_structural_small_models/hls/tiny_q16_d6_ff12/hls/imgds_linear_tiny_axi/solution1/.autopilot/db/design.bindinfo.xml 
Execute         gen_tb_info layer_norm_tiny_Pipeline_VITIS_LOOP_22_2 -p /home/cym/prj2/finn/notebooks/icl_thesis-master/experiments/imgds_linear_sparse/stage4_structural_small_models/hls/tiny_q16_d6_ff12/hls/imgds_linear_tiny_axi/solution1/.autopilot/db -o /home/cym/prj2/finn/notebooks/icl_thesis-master/experiments/imgds_linear_sparse/stage4_structural_small_models/hls/tiny_q16_d6_ff12/hls/imgds_linear_tiny_axi/solution1/.autopilot/db/layer_norm_tiny_Pipeline_VITIS_LOOP_22_2 
INFO: [HLS 200-10] ----------------------------------------------------------------
INFO: [HLS 200-10] -- Generating RTL for module 'layer_norm_tiny_Pipeline_VITIS_LOOP_27_3' 
INFO: [HLS 200-10] ----------------------------------------------------------------
Execute         create_rtl_model layer_norm_tiny_Pipeline_VITIS_LOOP_27_3 -top_prefix imgds_linear_tiny_ -sub_prefix imgds_linear_tiny_ -mg_file /home/cym/prj2/finn/notebooks/icl_thesis-master/experiments/imgds_linear_sparse/stage4_structural_small_models/hls/tiny_q16_d6_ff12/hls/imgds_linear_tiny_axi/solution1/.autopilot/db/layer_norm_tiny_Pipeline_VITIS_LOOP_27_3.compgen.tcl 
INFO: [HLS 200-1030] Apply Unified Pipeline Control on module 'layer_norm_tiny_Pipeline_VITIS_LOOP_27_3' pipeline 'VITIS_LOOP_27_3' pipeline type 'loop pipeline'
INFO: [RTGEN 206-100] Generating core module 'am_submul_16s_16s_16s_26_4_1': 1 instance(s).
INFO: [RTGEN 206-100] Generating core module 'mac_muladd_16s_11ns_18s_26_4_1': 1 instance(s).
INFO: [RTGEN 206-100] Finished creating RTL model for 'layer_norm_tiny_Pipeline_VITIS_LOOP_27_3'.
INFO: [RTMG 210-279] Implementing memory 'imgds_linear_tiny_layer_norm_tiny_Pipeline_VITIS_LOOP_27_3_output_norm_weight_V_ROM_AUTO_1R' using auto ROMs.
INFO: [RTMG 210-279] Implementing memory 'imgds_linear_tiny_layer_norm_tiny_Pipeline_VITIS_LOOP_27_3_output_norm_bias_V_ROM_AUTO_1R' using auto ROMs.
INFO: [HLS 200-111] Finished Creating RTL model: CPU user time: 0.07 seconds. CPU system time: 0.01 seconds. Elapsed time: 0.12 seconds; current allocated memory: 676.801 MB.
Execute         source /home/cym/prj2/finn/notebooks/icl_thesis-master/experiments/imgds_linear_sparse/stage4_structural_small_models/hls/tiny_q16_d6_ff12/hls/imgds_linear_tiny_axi/solution1/.autopilot/db/imgds_linear_tiny.rtl_wrap.cfg.tcl 
Execute         gen_rtl layer_norm_tiny_Pipeline_VITIS_LOOP_27_3 -style xilinx -f -lang vhdl -o /home/cym/prj2/finn/notebooks/icl_thesis-master/experiments/imgds_linear_sparse/stage4_structural_small_models/hls/tiny_q16_d6_ff12/hls/imgds_linear_tiny_axi/solution1/syn/vhdl/imgds_linear_tiny_layer_norm_tiny_Pipeline_VITIS_LOOP_27_3 
Execute         gen_rtl layer_norm_tiny_Pipeline_VITIS_LOOP_27_3 -style xilinx -f -lang vlog -o /home/cym/prj2/finn/notebooks/icl_thesis-master/experiments/imgds_linear_sparse/stage4_structural_small_models/hls/tiny_q16_d6_ff12/hls/imgds_linear_tiny_axi/solution1/syn/verilog/imgds_linear_tiny_layer_norm_tiny_Pipeline_VITIS_LOOP_27_3 
Execute         syn_report -csynth -model layer_norm_tiny_Pipeline_VITIS_LOOP_27_3 -o /home/cym/prj2/finn/notebooks/icl_thesis-master/experiments/imgds_linear_sparse/stage4_structural_small_models/hls/tiny_q16_d6_ff12/hls/imgds_linear_tiny_axi/solution1/syn/report/layer_norm_tiny_Pipeline_VITIS_LOOP_27_3_csynth.rpt 
Execute           AP::get_flow_target_display_name
Execute         syn_report -rtlxml -model layer_norm_tiny_Pipeline_VITIS_LOOP_27_3 -o /home/cym/prj2/finn/notebooks/icl_thesis-master/experiments/imgds_linear_sparse/stage4_structural_small_models/hls/tiny_q16_d6_ff12/hls/imgds_linear_tiny_axi/solution1/syn/report/layer_norm_tiny_Pipeline_VITIS_LOOP_27_3_csynth.xml 
Execute         syn_report -verbosereport -model layer_norm_tiny_Pipeline_VITIS_LOOP_27_3 -o /home/cym/prj2/finn/notebooks/icl_thesis-master/experiments/imgds_linear_sparse/stage4_structural_small_models/hls/tiny_q16_d6_ff12/hls/imgds_linear_tiny_axi/solution1/.autopilot/db/layer_norm_tiny_Pipeline_VITIS_LOOP_27_3.verbose.rpt 
Execute           AP::get_flow_target_display_name
Execute         db_write -model layer_norm_tiny_Pipeline_VITIS_LOOP_27_3 -f -o /home/cym/prj2/finn/notebooks/icl_thesis-master/experiments/imgds_linear_sparse/stage4_structural_small_models/hls/tiny_q16_d6_ff12/hls/imgds_linear_tiny_axi/solution1/.autopilot/db/layer_norm_tiny_Pipeline_VITIS_LOOP_27_3.adb 
Execute         db_write -model layer_norm_tiny_Pipeline_VITIS_LOOP_27_3 -bindview -o /home/cym/prj2/finn/notebooks/icl_thesis-master/experiments/imgds_linear_sparse/stage4_structural_small_models/hls/tiny_q16_d6_ff12/hls/imgds_linear_tiny_axi/solution1/.autopilot/db/design.bindinfo.xml 
Execute         gen_tb_info layer_norm_tiny_Pipeline_VITIS_LOOP_27_3 -p /home/cym/prj2/finn/notebooks/icl_thesis-master/experiments/imgds_linear_sparse/stage4_structural_small_models/hls/tiny_q16_d6_ff12/hls/imgds_linear_tiny_axi/solution1/.autopilot/db -o /home/cym/prj2/finn/notebooks/icl_thesis-master/experiments/imgds_linear_sparse/stage4_structural_small_models/hls/tiny_q16_d6_ff12/hls/imgds_linear_tiny_axi/solution1/.autopilot/db/layer_norm_tiny_Pipeline_VITIS_LOOP_27_3 
INFO: [HLS 200-10] ----------------------------------------------------------------
INFO: [HLS 200-10] -- Generating RTL for module 'layer_norm_tiny' 
INFO: [HLS 200-10] ----------------------------------------------------------------
Execute         create_rtl_model layer_norm_tiny -top_prefix imgds_linear_tiny_ -sub_prefix imgds_linear_tiny_ -mg_file /home/cym/prj2/finn/notebooks/icl_thesis-master/experiments/imgds_linear_sparse/stage4_structural_small_models/hls/tiny_q16_d6_ff12/hls/imgds_linear_tiny_axi/solution1/.autopilot/db/layer_norm_tiny.compgen.tcl 
INFO: [RTGEN 206-100] Generating core module 'fadd_32ns_32ns_32_5_full_dsp_1': 1 instance(s).
INFO: [RTGEN 206-100] Generating core module 'fdiv_32ns_32ns_32_16_no_dsp_1': 1 instance(s).
INFO: [RTGEN 206-100] Generating core module 'fpext_32ns_64_2_no_dsp_1': 1 instance(s).
INFO: [RTGEN 206-100] Generating core module 'fsqrt_32ns_32ns_32_16_no_dsp_1': 1 instance(s).
INFO: [RTGEN 206-100] Generating core module 'mul_37s_40ns_76_2_1': 1 instance(s).
INFO: [RTGEN 206-100] Generating core module 'mul_38s_40ns_77_2_1': 1 instance(s).
INFO: [RTGEN 206-100] Finished creating RTL model for 'layer_norm_tiny'.
INFO: [HLS 200-111] Finished Creating RTL model: CPU user time: 0.09 seconds. CPU system time: 0.01 seconds. Elapsed time: 0.17 seconds; current allocated memory: 679.145 MB.
Execute         source /home/cym/prj2/finn/notebooks/icl_thesis-master/experiments/imgds_linear_sparse/stage4_structural_small_models/hls/tiny_q16_d6_ff12/hls/imgds_linear_tiny_axi/solution1/.autopilot/db/imgds_linear_tiny.rtl_wrap.cfg.tcl 
Execute         gen_rtl layer_norm_tiny -style xilinx -f -lang vhdl -o /home/cym/prj2/finn/notebooks/icl_thesis-master/experiments/imgds_linear_sparse/stage4_structural_small_models/hls/tiny_q16_d6_ff12/hls/imgds_linear_tiny_axi/solution1/syn/vhdl/imgds_linear_tiny_layer_norm_tiny 
Execute         gen_rtl layer_norm_tiny -style xilinx -f -lang vlog -o /home/cym/prj2/finn/notebooks/icl_thesis-master/experiments/imgds_linear_sparse/stage4_structural_small_models/hls/tiny_q16_d6_ff12/hls/imgds_linear_tiny_axi/solution1/syn/verilog/imgds_linear_tiny_layer_norm_tiny 
Execute         syn_report -csynth -model layer_norm_tiny -o /home/cym/prj2/finn/notebooks/icl_thesis-master/experiments/imgds_linear_sparse/stage4_structural_small_models/hls/tiny_q16_d6_ff12/hls/imgds_linear_tiny_axi/solution1/syn/report/layer_norm_tiny_csynth.rpt 
Execute           AP::get_flow_target_display_name
Execute         syn_report -rtlxml -model layer_norm_tiny -o /home/cym/prj2/finn/notebooks/icl_thesis-master/experiments/imgds_linear_sparse/stage4_structural_small_models/hls/tiny_q16_d6_ff12/hls/imgds_linear_tiny_axi/solution1/syn/report/layer_norm_tiny_csynth.xml 
Execute         syn_report -verbosereport -model layer_norm_tiny -o /home/cym/prj2/finn/notebooks/icl_thesis-master/experiments/imgds_linear_sparse/stage4_structural_small_models/hls/tiny_q16_d6_ff12/hls/imgds_linear_tiny_axi/solution1/.autopilot/db/layer_norm_tiny.verbose.rpt 
Execute           AP::get_flow_target_display_name
Command         syn_report done; 0.2 sec.
Execute         db_write -model layer_norm_tiny -f -o /home/cym/prj2/finn/notebooks/icl_thesis-master/experiments/imgds_linear_sparse/stage4_structural_small_models/hls/tiny_q16_d6_ff12/hls/imgds_linear_tiny_axi/solution1/.autopilot/db/layer_norm_tiny.adb 
Execute         db_write -model layer_norm_tiny -bindview -o /home/cym/prj2/finn/notebooks/icl_thesis-master/experiments/imgds_linear_sparse/stage4_structural_small_models/hls/tiny_q16_d6_ff12/hls/imgds_linear_tiny_axi/solution1/.autopilot/db/design.bindinfo.xml 
Execute         gen_tb_info layer_norm_tiny -p /home/cym/prj2/finn/notebooks/icl_thesis-master/experiments/imgds_linear_sparse/stage4_structural_small_models/hls/tiny_q16_d6_ff12/hls/imgds_linear_tiny_axi/solution1/.autopilot/db -o /home/cym/prj2/finn/notebooks/icl_thesis-master/experiments/imgds_linear_sparse/stage4_structural_small_models/hls/tiny_q16_d6_ff12/hls/imgds_linear_tiny_axi/solution1/.autopilot/db/layer_norm_tiny 
INFO: [HLS 200-10] ----------------------------------------------------------------
INFO: [HLS 200-10] -- Generating RTL for module 'imgds_linear_tiny' 
INFO: [HLS 200-10] ----------------------------------------------------------------
Execute         create_rtl_model imgds_linear_tiny -top_prefix  -sub_prefix imgds_linear_tiny_ -mg_file /home/cym/prj2/finn/notebooks/icl_thesis-master/experiments/imgds_linear_sparse/stage4_structural_small_models/hls/tiny_q16_d6_ff12/hls/imgds_linear_tiny_axi/solution1/.autopilot/db/imgds_linear_tiny.compgen.tcl 
WARNING: [RTGEN 206-101] Design contains AXI ports. Reset is fixed to synchronous and active low.
INFO: [RTGEN 206-500] Setting interface mode on port 'imgds_linear_tiny/gmem0' to 'm_axi'.
INFO: [RTGEN 206-500] Setting interface mode on port 'imgds_linear_tiny/gmem1' to 'm_axi'.
INFO: [RTGEN 206-500] Setting interface mode on port 'imgds_linear_tiny/input_r' to 's_axilite & ap_none'.
INFO: [RTGEN 206-500] Setting interface mode on port 'imgds_linear_tiny/logits' to 's_axilite & ap_none'.
INFO: [RTGEN 206-500] Setting interface mode on function 'imgds_linear_tiny' to 's_axilite & ap_ctrl_hs'.
INFO: [RTGEN 206-100] Bundling port 'input_r', 'logits' and 'return' to AXI-Lite port control.
INFO: [RTGEN 206-100] Generating core module 'fdiv_32ns_32ns_32_16_no_dsp_1': 1 instance(s).
INFO: [RTGEN 206-100] Generating core module 'fpext_32ns_64_2_no_dsp_1': 1 instance(s).
INFO: [RTGEN 206-100] Generating core module 'mac_muladd_16s_10ns_26ns_26_4_1': 1 instance(s).
INFO: [RTGEN 206-100] Generating core module 'mac_muladd_16s_10s_18ns_25_4_1': 1 instance(s).
INFO: [RTGEN 206-100] Generating core module 'mac_muladd_16s_10s_26ns_26_4_1': 1 instance(s).
INFO: [RTGEN 206-100] Generating core module 'mac_muladd_16s_11s_26ns_26_4_1': 1 instance(s).
INFO: [RTGEN 206-100] Generating core module 'mac_muladd_16s_7ns_26s_26_4_1': 1 instance(s).
INFO: [RTGEN 206-100] Generating core module 'mac_muladd_16s_8ns_26s_26_4_1': 2 instance(s).
INFO: [RTGEN 206-100] Generating core module 'mac_muladd_16s_9ns_25s_26_4_1': 1 instance(s).
INFO: [RTGEN 206-100] Generating core module 'mac_muladd_16s_9ns_26ns_26_4_1': 1 instance(s).
INFO: [RTGEN 206-100] Generating core module 'mac_muladd_16s_9s_26s_26_4_1': 1 instance(s).
INFO: [RTGEN 206-100] Finished creating RTL model for 'imgds_linear_tiny'.
INFO: [RTMG 210-279] Implementing memory 'imgds_linear_tiny_input_projection_bias_V_ROM_AUTO_1R' using auto ROMs.
INFO: [RTMG 210-279] Implementing memory 'imgds_linear_tiny_position_embedding_V_ROM_AUTO_1R' using auto ROMs.
INFO: [RTMG 210-279] Implementing memory 'imgds_linear_tiny_layers_0_feedforward_0_bias_V_ROM_AUTO_1R' using auto ROMs.
INFO: [RTMG 210-279] Implementing memory 'imgds_linear_tiny_layers_0_feedforward_3_bias_V_ROM_AUTO_1R' using auto ROMs.
INFO: [RTMG 210-278] Implementing memory 'imgds_linear_tiny_hidden_V_RAM_AUTO_1R1W' using auto RAMs.
INFO: [RTMG 210-278] Implementing memory 'imgds_linear_tiny_x_V_RAM_AUTO_1R1W' using auto RAMs.
INFO: [RTMG 210-278] Implementing memory 'imgds_linear_tiny_pooled_V_RAM_AUTO_1R1W' using auto RAMs.
Command         create_rtl_model done; 0.18 sec.
INFO: [HLS 200-111] Finished Creating RTL model: CPU user time: 0.46 seconds. CPU system time: 0.01 seconds. Elapsed time: 0.54 seconds; current allocated memory: 685.043 MB.
Execute         source /home/cym/prj2/finn/notebooks/icl_thesis-master/experiments/imgds_linear_sparse/stage4_structural_small_models/hls/tiny_q16_d6_ff12/hls/imgds_linear_tiny_axi/solution1/.autopilot/db/imgds_linear_tiny.rtl_wrap.cfg.tcl 
Execute         gen_rtl imgds_linear_tiny -istop -style xilinx -f -lang vhdl -o /home/cym/prj2/finn/notebooks/icl_thesis-master/experiments/imgds_linear_sparse/stage4_structural_small_models/hls/tiny_q16_d6_ff12/hls/imgds_linear_tiny_axi/solution1/syn/vhdl/imgds_linear_tiny 
Execute         gen_rtl imgds_linear_tiny -istop -style xilinx -f -lang vlog -o /home/cym/prj2/finn/notebooks/icl_thesis-master/experiments/imgds_linear_sparse/stage4_structural_small_models/hls/tiny_q16_d6_ff12/hls/imgds_linear_tiny_axi/solution1/syn/verilog/imgds_linear_tiny 
Execute         syn_report -csynth -model imgds_linear_tiny -o /home/cym/prj2/finn/notebooks/icl_thesis-master/experiments/imgds_linear_sparse/stage4_structural_small_models/hls/tiny_q16_d6_ff12/hls/imgds_linear_tiny_axi/solution1/syn/report/imgds_linear_tiny_csynth.rpt 
Execute           AP::get_flow_target_display_name
Execute         syn_report -rtlxml -model imgds_linear_tiny -o /home/cym/prj2/finn/notebooks/icl_thesis-master/experiments/imgds_linear_sparse/stage4_structural_small_models/hls/tiny_q16_d6_ff12/hls/imgds_linear_tiny_axi/solution1/syn/report/imgds_linear_tiny_csynth.xml 
Execute         syn_report -verbosereport -model imgds_linear_tiny -o /home/cym/prj2/finn/notebooks/icl_thesis-master/experiments/imgds_linear_sparse/stage4_structural_small_models/hls/tiny_q16_d6_ff12/hls/imgds_linear_tiny_axi/solution1/.autopilot/db/imgds_linear_tiny.verbose.rpt 
Execute           AP::get_flow_target_display_name
Command         syn_report done; 0.78 sec.
Execute         db_write -model imgds_linear_tiny -f -o /home/cym/prj2/finn/notebooks/icl_thesis-master/experiments/imgds_linear_sparse/stage4_structural_small_models/hls/tiny_q16_d6_ff12/hls/imgds_linear_tiny_axi/solution1/.autopilot/db/imgds_linear_tiny.adb 
Execute         db_write -model imgds_linear_tiny -bindview -o /home/cym/prj2/finn/notebooks/icl_thesis-master/experiments/imgds_linear_sparse/stage4_structural_small_models/hls/tiny_q16_d6_ff12/hls/imgds_linear_tiny_axi/solution1/.autopilot/db/design.bindinfo.xml 
Execute         gen_tb_info imgds_linear_tiny -p /home/cym/prj2/finn/notebooks/icl_thesis-master/experiments/imgds_linear_sparse/stage4_structural_small_models/hls/tiny_q16_d6_ff12/hls/imgds_linear_tiny_axi/solution1/.autopilot/db -o /home/cym/prj2/finn/notebooks/icl_thesis-master/experiments/imgds_linear_sparse/stage4_structural_small_models/hls/tiny_q16_d6_ff12/hls/imgds_linear_tiny_axi/solution1/.autopilot/db/imgds_linear_tiny 
Execute         export_constraint_db -f -tool general -o /home/cym/prj2/finn/notebooks/icl_thesis-master/experiments/imgds_linear_sparse/stage4_structural_small_models/hls/tiny_q16_d6_ff12/hls/imgds_linear_tiny_axi/solution1/.autopilot/db/imgds_linear_tiny.constraint.tcl 
Execute         syn_report -designview -model imgds_linear_tiny -o /home/cym/prj2/finn/notebooks/icl_thesis-master/experiments/imgds_linear_sparse/stage4_structural_small_models/hls/tiny_q16_d6_ff12/hls/imgds_linear_tiny_axi/solution1/.autopilot/db/imgds_linear_tiny.design.xml 
Command         syn_report done; 0.48 sec.
Execute         syn_report -csynthDesign -model imgds_linear_tiny -o /home/cym/prj2/finn/notebooks/icl_thesis-master/experiments/imgds_linear_sparse/stage4_structural_small_models/hls/tiny_q16_d6_ff12/hls/imgds_linear_tiny_axi/solution1/syn/report/csynth.rpt 
Execute           AP::get_flow_target_display_name
Execute         syn_report -wcfg -model imgds_linear_tiny -o /home/cym/prj2/finn/notebooks/icl_thesis-master/experiments/imgds_linear_sparse/stage4_structural_small_models/hls/tiny_q16_d6_ff12/hls/imgds_linear_tiny_axi/solution1/.autopilot/db/imgds_linear_tiny_dataflow_ana.wcfg 
Execute         syn_report -protoinst -model imgds_linear_tiny -o /home/cym/prj2/finn/notebooks/icl_thesis-master/experiments/imgds_linear_sparse/stage4_structural_small_models/hls/tiny_q16_d6_ff12/hls/imgds_linear_tiny_axi/solution1/.autopilot/db/imgds_linear_tiny.protoinst 
Execute         sc_get_clocks imgds_linear_tiny 
Execute         sc_get_portdomain imgds_linear_tiny 
INFO-FLOW: Model list for RTL component generation: imgds_linear_tiny_Pipeline_VITIS_LOOP_163_3 linear_attention_tiny_Pipeline_VITIS_LOOP_48_3 linear_attention_tiny_Pipeline_VITIS_LOOP_63_4_VITIS_LOOP_64_5_VITIS_LOOP_66_6 linear_attention_tiny_Pipeline_VITIS_LOOP_78_8 linear_attention_tiny_Pipeline_VITIS_LOOP_88_10 linear_attention_tiny_Pipeline_VITIS_LOOP_96_11_VITIS_LOOP_98_12 linear_attention_tiny_Pipeline_VITIS_LOOP_107_14 linear_attention_tiny layer_norm_tiny.1 imgds_linear_tiny_Pipeline_VITIS_LOOP_176_4 imgds_linear_tiny_Pipeline_VITIS_LOOP_128_3 imgds_linear_tiny_Pipeline_VITIS_LOOP_139_5 imgds_linear_tiny_Pipeline_VITIS_LOOP_146_6 imgds_linear_tiny_Pipeline_VITIS_LOOP_179_5 imgds_linear_tiny_Pipeline_VITIS_LOOP_183_6_VITIS_LOOP_185_7 layer_norm_tiny_Pipeline_VITIS_LOOP_19_1 layer_norm_tiny_Pipeline_VITIS_LOOP_22_2 layer_norm_tiny_Pipeline_VITIS_LOOP_27_3 layer_norm_tiny imgds_linear_tiny
INFO-FLOW: Handling components in module [imgds_linear_tiny_Pipeline_VITIS_LOOP_163_3] ... 
Execute         source /home/cym/prj2/finn/notebooks/icl_thesis-master/experiments/imgds_linear_sparse/stage4_structural_small_models/hls/tiny_q16_d6_ff12/hls/imgds_linear_tiny_axi/solution1/.autopilot/db/imgds_linear_tiny_Pipeline_VITIS_LOOP_163_3.compgen.tcl 
INFO-FLOW: Found component imgds_linear_tiny_mul_mul_9s_16s_25_4_1.
INFO-FLOW: Append model imgds_linear_tiny_mul_mul_9s_16s_25_4_1
INFO-FLOW: Found component imgds_linear_tiny_imgds_linear_tiny_Pipeline_VITIS_LOOP_163_3_input_projection_weight_V_ROM_AUTbkb.
INFO-FLOW: Append model imgds_linear_tiny_imgds_linear_tiny_Pipeline_VITIS_LOOP_163_3_input_projection_weight_V_ROM_AUTbkb
INFO-FLOW: Found component imgds_linear_tiny_flow_control_loop_pipe_sequential_init.
INFO-FLOW: Append model imgds_linear_tiny_flow_control_loop_pipe_sequential_init
INFO-FLOW: Handling components in module [linear_attention_tiny_Pipeline_VITIS_LOOP_48_3] ... 
Execute         source /home/cym/prj2/finn/notebooks/icl_thesis-master/experiments/imgds_linear_sparse/stage4_structural_small_models/hls/tiny_q16_d6_ff12/hls/imgds_linear_tiny_axi/solution1/.autopilot/db/linear_attention_tiny_Pipeline_VITIS_LOOP_48_3.compgen.tcl 
INFO-FLOW: Found component imgds_linear_tiny_mul_mul_12s_16s_28_4_1.
INFO-FLOW: Append model imgds_linear_tiny_mul_mul_12s_16s_28_4_1
INFO-FLOW: Found component imgds_linear_tiny_mul_mul_11s_16s_27_4_1.
INFO-FLOW: Append model imgds_linear_tiny_mul_mul_11s_16s_27_4_1
INFO-FLOW: Found component imgds_linear_tiny_linear_attention_tiny_Pipeline_VITIS_LOOP_48_3_layers_0_attention_query_weighcud.
INFO-FLOW: Append model imgds_linear_tiny_linear_attention_tiny_Pipeline_VITIS_LOOP_48_3_layers_0_attention_query_weighcud
INFO-FLOW: Found component imgds_linear_tiny_linear_attention_tiny_Pipeline_VITIS_LOOP_48_3_layers_0_attention_key_weight_dEe.
INFO-FLOW: Append model imgds_linear_tiny_linear_attention_tiny_Pipeline_VITIS_LOOP_48_3_layers_0_attention_key_weight_dEe
INFO-FLOW: Found component imgds_linear_tiny_linear_attention_tiny_Pipeline_VITIS_LOOP_48_3_layers_0_attention_value_weigheOg.
INFO-FLOW: Append model imgds_linear_tiny_linear_attention_tiny_Pipeline_VITIS_LOOP_48_3_layers_0_attention_value_weigheOg
INFO-FLOW: Found component imgds_linear_tiny_flow_control_loop_pipe_sequential_init.
INFO-FLOW: Append model imgds_linear_tiny_flow_control_loop_pipe_sequential_init
INFO-FLOW: Handling components in module [linear_attention_tiny_Pipeline_VITIS_LOOP_63_4_VITIS_LOOP_64_5_VITIS_LOOP_66_6] ... 
Execute         source /home/cym/prj2/finn/notebooks/icl_thesis-master/experiments/imgds_linear_sparse/stage4_structural_small_models/hls/tiny_q16_d6_ff12/hls/imgds_linear_tiny_axi/solution1/.autopilot/db/linear_attention_tiny_Pipeline_VITIS_LOOP_63_4_VITIS_LOOP_64_5_VITIS_LOOP_66_6.compgen.tcl 
INFO-FLOW: Found component imgds_linear_tiny_mac_muladd_16s_16s_30ns_30_4_1.
INFO-FLOW: Append model imgds_linear_tiny_mac_muladd_16s_16s_30ns_30_4_1
INFO-FLOW: Found component imgds_linear_tiny_flow_control_loop_pipe_sequential_init.
INFO-FLOW: Append model imgds_linear_tiny_flow_control_loop_pipe_sequential_init
INFO-FLOW: Handling components in module [linear_attention_tiny_Pipeline_VITIS_LOOP_78_8] ... 
Execute         source /home/cym/prj2/finn/notebooks/icl_thesis-master/experiments/imgds_linear_sparse/stage4_structural_small_models/hls/tiny_q16_d6_ff12/hls/imgds_linear_tiny_axi/solution1/.autopilot/db/linear_attention_tiny_Pipeline_VITIS_LOOP_78_8.compgen.tcl 
INFO-FLOW: Found component imgds_linear_tiny_flow_control_loop_pipe_sequential_init.
INFO-FLOW: Append model imgds_linear_tiny_flow_control_loop_pipe_sequential_init
INFO-FLOW: Handling components in module [linear_attention_tiny_Pipeline_VITIS_LOOP_88_10] ... 
Execute         source /home/cym/prj2/finn/notebooks/icl_thesis-master/experiments/imgds_linear_sparse/stage4_structural_small_models/hls/tiny_q16_d6_ff12/hls/imgds_linear_tiny_axi/solution1/.autopilot/db/linear_attention_tiny_Pipeline_VITIS_LOOP_88_10.compgen.tcl 
INFO-FLOW: Found component imgds_linear_tiny_flow_control_loop_pipe_sequential_init.
INFO-FLOW: Append model imgds_linear_tiny_flow_control_loop_pipe_sequential_init
INFO-FLOW: Handling components in module [linear_attention_tiny_Pipeline_VITIS_LOOP_96_11_VITIS_LOOP_98_12] ... 
Execute         source /home/cym/prj2/finn/notebooks/icl_thesis-master/experiments/imgds_linear_sparse/stage4_structural_small_models/hls/tiny_q16_d6_ff12/hls/imgds_linear_tiny_axi/solution1/.autopilot/db/linear_attention_tiny_Pipeline_VITIS_LOOP_96_11_VITIS_LOOP_98_12.compgen.tcl 
INFO-FLOW: Found component imgds_linear_tiny_mul_mul_24s_16s_30_4_1.
INFO-FLOW: Append model imgds_linear_tiny_mul_mul_24s_16s_30_4_1
INFO-FLOW: Found component imgds_linear_tiny_flow_control_loop_pipe_sequential_init.
INFO-FLOW: Append model imgds_linear_tiny_flow_control_loop_pipe_sequential_init
INFO-FLOW: Handling components in module [linear_attention_tiny_Pipeline_VITIS_LOOP_107_14] ... 
Execute         source /home/cym/prj2/finn/notebooks/icl_thesis-master/experiments/imgds_linear_sparse/stage4_structural_small_models/hls/tiny_q16_d6_ff12/hls/imgds_linear_tiny_axi/solution1/.autopilot/db/linear_attention_tiny_Pipeline_VITIS_LOOP_107_14.compgen.tcl 
INFO-FLOW: Found component imgds_linear_tiny_linear_attention_tiny_Pipeline_VITIS_LOOP_107_14_layers_0_attention_output_wefYi.
INFO-FLOW: Append model imgds_linear_tiny_linear_attention_tiny_Pipeline_VITIS_LOOP_107_14_layers_0_attention_output_wefYi
INFO-FLOW: Found component imgds_linear_tiny_flow_control_loop_pipe_sequential_init.
INFO-FLOW: Append model imgds_linear_tiny_flow_control_loop_pipe_sequential_init
INFO-FLOW: Handling components in module [linear_attention_tiny] ... 
Execute         source /home/cym/prj2/finn/notebooks/icl_thesis-master/experiments/imgds_linear_sparse/stage4_structural_small_models/hls/tiny_q16_d6_ff12/hls/imgds_linear_tiny_axi/solution1/.autopilot/db/linear_attention_tiny.compgen.tcl 
INFO-FLOW: Found component imgds_linear_tiny_fpext_32ns_64_2_no_dsp_1.
INFO-FLOW: Append model imgds_linear_tiny_fpext_32ns_64_2_no_dsp_1
INFO-FLOW: Found component imgds_linear_tiny_fexp_32ns_32ns_32_10_full_dsp_1.
INFO-FLOW: Append model imgds_linear_tiny_fexp_32ns_32ns_32_10_full_dsp_1
INFO-FLOW: Found component imgds_linear_tiny_linear_attention_tiny_layers_0_attention_output_bias_V_ROM_AUTO_1R.
INFO-FLOW: Append model imgds_linear_tiny_linear_attention_tiny_layers_0_attention_output_bias_V_ROM_AUTO_1R
INFO-FLOW: Found component imgds_linear_tiny_linear_attention_tiny_Q_V_RAM_AUTO_1R1W.
INFO-FLOW: Append model imgds_linear_tiny_linear_attention_tiny_Q_V_RAM_AUTO_1R1W
INFO-FLOW: Found component imgds_linear_tiny_linear_attention_tiny_KV_V_RAM_AUTO_1R1W.
INFO-FLOW: Append model imgds_linear_tiny_linear_attention_tiny_KV_V_RAM_AUTO_1R1W
INFO-FLOW: Found component imgds_linear_tiny_linear_attention_tiny_K_sum_V_RAM_AUTO_1R1W.
INFO-FLOW: Append model imgds_linear_tiny_linear_attention_tiny_K_sum_V_RAM_AUTO_1R1W
INFO-FLOW: Handling components in module [layer_norm_tiny_1] ... 
Execute         source /home/cym/prj2/finn/notebooks/icl_thesis-master/experiments/imgds_linear_sparse/stage4_structural_small_models/hls/tiny_q16_d6_ff12/hls/imgds_linear_tiny_axi/solution1/.autopilot/db/layer_norm_tiny_1.compgen.tcl 
INFO-FLOW: Found component imgds_linear_tiny_fadd_32ns_32ns_32_5_full_dsp_1.
INFO-FLOW: Append model imgds_linear_tiny_fadd_32ns_32ns_32_5_full_dsp_1
INFO-FLOW: Found component imgds_linear_tiny_fsqrt_32ns_32ns_32_16_no_dsp_1.
INFO-FLOW: Append model imgds_linear_tiny_fsqrt_32ns_32ns_32_16_no_dsp_1
INFO-FLOW: Found component imgds_linear_tiny_mul_37s_40ns_76_2_1.
INFO-FLOW: Append model imgds_linear_tiny_mul_37s_40ns_76_2_1
INFO-FLOW: Found component imgds_linear_tiny_mul_38s_40ns_77_2_1.
INFO-FLOW: Append model imgds_linear_tiny_mul_38s_40ns_77_2_1
INFO-FLOW: Found component imgds_linear_tiny_mul_mul_16s_16s_30_4_1.
INFO-FLOW: Append model imgds_linear_tiny_mul_mul_16s_16s_30_4_1
INFO-FLOW: Found component imgds_linear_tiny_am_submul_16s_16s_16s_26_4_1.
INFO-FLOW: Append model imgds_linear_tiny_am_submul_16s_16s_16s_26_4_1
INFO-FLOW: Found component imgds_linear_tiny_mac_muladd_16s_11ns_17s_26_4_1.
INFO-FLOW: Append model imgds_linear_tiny_mac_muladd_16s_11ns_17s_26_4_1
INFO-FLOW: Found component imgds_linear_tiny_mac_muladd_16s_11ns_17ns_26_4_1.
INFO-FLOW: Append model imgds_linear_tiny_mac_muladd_16s_11ns_17ns_26_4_1
INFO-FLOW: Found component imgds_linear_tiny_mac_muladd_16s_10ns_18s_26_4_1.
INFO-FLOW: Append model imgds_linear_tiny_mac_muladd_16s_10ns_18s_26_4_1
INFO-FLOW: Handling components in module [imgds_linear_tiny_Pipeline_VITIS_LOOP_176_4] ... 
Execute         source /home/cym/prj2/finn/notebooks/icl_thesis-master/experiments/imgds_linear_sparse/stage4_structural_small_models/hls/tiny_q16_d6_ff12/hls/imgds_linear_tiny_axi/solution1/.autopilot/db/imgds_linear_tiny_Pipeline_VITIS_LOOP_176_4.compgen.tcl 
INFO-FLOW: Found component imgds_linear_tiny_flow_control_loop_pipe_sequential_init.
INFO-FLOW: Append model imgds_linear_tiny_flow_control_loop_pipe_sequential_init
INFO-FLOW: Handling components in module [imgds_linear_tiny_Pipeline_VITIS_LOOP_128_3] ... 
Execute         source /home/cym/prj2/finn/notebooks/icl_thesis-master/experiments/imgds_linear_sparse/stage4_structural_small_models/hls/tiny_q16_d6_ff12/hls/imgds_linear_tiny_axi/solution1/.autopilot/db/imgds_linear_tiny_Pipeline_VITIS_LOOP_128_3.compgen.tcl 
INFO-FLOW: Found component imgds_linear_tiny_imgds_linear_tiny_Pipeline_VITIS_LOOP_128_3_layers_0_feedforward_0_weight_V_Rg8j.
INFO-FLOW: Append model imgds_linear_tiny_imgds_linear_tiny_Pipeline_VITIS_LOOP_128_3_layers_0_feedforward_0_weight_V_Rg8j
INFO-FLOW: Found component imgds_linear_tiny_flow_control_loop_pipe_sequential_init.
INFO-FLOW: Append model imgds_linear_tiny_flow_control_loop_pipe_sequential_init
INFO-FLOW: Handling components in module [imgds_linear_tiny_Pipeline_VITIS_LOOP_139_5] ... 
Execute         source /home/cym/prj2/finn/notebooks/icl_thesis-master/experiments/imgds_linear_sparse/stage4_structural_small_models/hls/tiny_q16_d6_ff12/hls/imgds_linear_tiny_axi/solution1/.autopilot/db/imgds_linear_tiny_Pipeline_VITIS_LOOP_139_5.compgen.tcl 
INFO-FLOW: Found component imgds_linear_tiny_mul_mul_10s_15ns_25_4_1.
INFO-FLOW: Append model imgds_linear_tiny_mul_mul_10s_15ns_25_4_1
INFO-FLOW: Found component imgds_linear_tiny_imgds_linear_tiny_Pipeline_VITIS_LOOP_139_5_layers_0_feedforward_3_weight_V_Rhbi.
INFO-FLOW: Append model imgds_linear_tiny_imgds_linear_tiny_Pipeline_VITIS_LOOP_139_5_layers_0_feedforward_3_weight_V_Rhbi
INFO-FLOW: Found component imgds_linear_tiny_flow_control_loop_pipe_sequential_init.
INFO-FLOW: Append model imgds_linear_tiny_flow_control_loop_pipe_sequential_init
INFO-FLOW: Handling components in module [imgds_linear_tiny_Pipeline_VITIS_LOOP_146_6] ... 
Execute         source /home/cym/prj2/finn/notebooks/icl_thesis-master/experiments/imgds_linear_sparse/stage4_structural_small_models/hls/tiny_q16_d6_ff12/hls/imgds_linear_tiny_axi/solution1/.autopilot/db/imgds_linear_tiny_Pipeline_VITIS_LOOP_146_6.compgen.tcl 
INFO-FLOW: Found component imgds_linear_tiny_flow_control_loop_pipe_sequential_init.
INFO-FLOW: Append model imgds_linear_tiny_flow_control_loop_pipe_sequential_init
INFO-FLOW: Handling components in module [imgds_linear_tiny_Pipeline_VITIS_LOOP_179_5] ... 
Execute         source /home/cym/prj2/finn/notebooks/icl_thesis-master/experiments/imgds_linear_sparse/stage4_structural_small_models/hls/tiny_q16_d6_ff12/hls/imgds_linear_tiny_axi/solution1/.autopilot/db/imgds_linear_tiny_Pipeline_VITIS_LOOP_179_5.compgen.tcl 
INFO-FLOW: Found component imgds_linear_tiny_flow_control_loop_pipe_sequential_init.
INFO-FLOW: Append model imgds_linear_tiny_flow_control_loop_pipe_sequential_init
INFO-FLOW: Handling components in module [imgds_linear_tiny_Pipeline_VITIS_LOOP_183_6_VITIS_LOOP_185_7] ... 
Execute         source /home/cym/prj2/finn/notebooks/icl_thesis-master/experiments/imgds_linear_sparse/stage4_structural_small_models/hls/tiny_q16_d6_ff12/hls/imgds_linear_tiny_axi/solution1/.autopilot/db/imgds_linear_tiny_Pipeline_VITIS_LOOP_183_6_VITIS_LOOP_185_7.compgen.tcl 
INFO-FLOW: Found component imgds_linear_tiny_flow_control_loop_pipe_sequential_init.
INFO-FLOW: Append model imgds_linear_tiny_flow_control_loop_pipe_sequential_init
INFO-FLOW: Handling components in module [layer_norm_tiny_Pipeline_VITIS_LOOP_19_1] ... 
Execute         source /home/cym/prj2/finn/notebooks/icl_thesis-master/experiments/imgds_linear_sparse/stage4_structural_small_models/hls/tiny_q16_d6_ff12/hls/imgds_linear_tiny_axi/solution1/.autopilot/db/layer_norm_tiny_Pipeline_VITIS_LOOP_19_1.compgen.tcl 
INFO-FLOW: Found component imgds_linear_tiny_flow_control_loop_pipe_sequential_init.
INFO-FLOW: Append model imgds_linear_tiny_flow_control_loop_pipe_sequential_init
INFO-FLOW: Handling components in module [layer_norm_tiny_Pipeline_VITIS_LOOP_22_2] ... 
Execute         source /home/cym/prj2/finn/notebooks/icl_thesis-master/experiments/imgds_linear_sparse/stage4_structural_small_models/hls/tiny_q16_d6_ff12/hls/imgds_linear_tiny_axi/solution1/.autopilot/db/layer_norm_tiny_Pipeline_VITIS_LOOP_22_2.compgen.tcl 
INFO-FLOW: Found component imgds_linear_tiny_flow_control_loop_pipe_sequential_init.
INFO-FLOW: Append model imgds_linear_tiny_flow_control_loop_pipe_sequential_init
INFO-FLOW: Handling components in module [layer_norm_tiny_Pipeline_VITIS_LOOP_27_3] ... 
Execute         source /home/cym/prj2/finn/notebooks/icl_thesis-master/experiments/imgds_linear_sparse/stage4_structural_small_models/hls/tiny_q16_d6_ff12/hls/imgds_linear_tiny_axi/solution1/.autopilot/db/layer_norm_tiny_Pipeline_VITIS_LOOP_27_3.compgen.tcl 
INFO-FLOW: Found component imgds_linear_tiny_mac_muladd_16s_11ns_18s_26_4_1.
INFO-FLOW: Append model imgds_linear_tiny_mac_muladd_16s_11ns_18s_26_4_1
INFO-FLOW: Found component imgds_linear_tiny_layer_norm_tiny_Pipeline_VITIS_LOOP_27_3_output_norm_weight_V_ROM_AUTO_1R.
INFO-FLOW: Append model imgds_linear_tiny_layer_norm_tiny_Pipeline_VITIS_LOOP_27_3_output_norm_weight_V_ROM_AUTO_1R
INFO-FLOW: Found component imgds_linear_tiny_layer_norm_tiny_Pipeline_VITIS_LOOP_27_3_output_norm_bias_V_ROM_AUTO_1R.
INFO-FLOW: Append model imgds_linear_tiny_layer_norm_tiny_Pipeline_VITIS_LOOP_27_3_output_norm_bias_V_ROM_AUTO_1R
INFO-FLOW: Found component imgds_linear_tiny_flow_control_loop_pipe_sequential_init.
INFO-FLOW: Append model imgds_linear_tiny_flow_control_loop_pipe_sequential_init
INFO-FLOW: Handling components in module [layer_norm_tiny] ... 
Execute         source /home/cym/prj2/finn/notebooks/icl_thesis-master/experiments/imgds_linear_sparse/stage4_structural_small_models/hls/tiny_q16_d6_ff12/hls/imgds_linear_tiny_axi/solution1/.autopilot/db/layer_norm_tiny.compgen.tcl 
INFO-FLOW: Handling components in module [imgds_linear_tiny] ... 
Execute         source /home/cym/prj2/finn/notebooks/icl_thesis-master/experiments/imgds_linear_sparse/stage4_structural_small_models/hls/tiny_q16_d6_ff12/hls/imgds_linear_tiny_axi/solution1/.autopilot/db/imgds_linear_tiny.compgen.tcl 
INFO-FLOW: Found component imgds_linear_tiny_mac_muladd_16s_10s_18ns_25_4_1.
INFO-FLOW: Append model imgds_linear_tiny_mac_muladd_16s_10s_18ns_25_4_1
INFO-FLOW: Found component imgds_linear_tiny_mac_muladd_16s_11s_26ns_26_4_1.
INFO-FLOW: Append model imgds_linear_tiny_mac_muladd_16s_11s_26ns_26_4_1
INFO-FLOW: Found component imgds_linear_tiny_mac_muladd_16s_9ns_25s_26_4_1.
INFO-FLOW: Append model imgds_linear_tiny_mac_muladd_16s_9ns_25s_26_4_1
INFO-FLOW: Found component imgds_linear_tiny_mac_muladd_16s_9s_26s_26_4_1.
INFO-FLOW: Append model imgds_linear_tiny_mac_muladd_16s_9s_26s_26_4_1
INFO-FLOW: Found component imgds_linear_tiny_mac_muladd_16s_10ns_26ns_26_4_1.
INFO-FLOW: Append model imgds_linear_tiny_mac_muladd_16s_10ns_26ns_26_4_1
INFO-FLOW: Found component imgds_linear_tiny_mac_muladd_16s_9ns_26ns_26_4_1.
INFO-FLOW: Append model imgds_linear_tiny_mac_muladd_16s_9ns_26ns_26_4_1
INFO-FLOW: Found component imgds_linear_tiny_mac_muladd_16s_8ns_26s_26_4_1.
INFO-FLOW: Append model imgds_linear_tiny_mac_muladd_16s_8ns_26s_26_4_1
INFO-FLOW: Found component imgds_linear_tiny_mac_muladd_16s_7ns_26s_26_4_1.
INFO-FLOW: Append model imgds_linear_tiny_mac_muladd_16s_7ns_26s_26_4_1
INFO-FLOW: Found component imgds_linear_tiny_mac_muladd_16s_10s_26ns_26_4_1.
INFO-FLOW: Append model imgds_linear_tiny_mac_muladd_16s_10s_26ns_26_4_1
INFO-FLOW: Found component imgds_linear_tiny_fdiv_32ns_32ns_32_16_no_dsp_1.
INFO-FLOW: Append model imgds_linear_tiny_fdiv_32ns_32ns_32_16_no_dsp_1
INFO-FLOW: Found component imgds_linear_tiny_fpext_32ns_64_2_no_dsp_1.
INFO-FLOW: Append model imgds_linear_tiny_fpext_32ns_64_2_no_dsp_1
INFO-FLOW: Found component imgds_linear_tiny_input_projection_bias_V_ROM_AUTO_1R.
INFO-FLOW: Append model imgds_linear_tiny_input_projection_bias_V_ROM_AUTO_1R
INFO-FLOW: Found component imgds_linear_tiny_position_embedding_V_ROM_AUTO_1R.
INFO-FLOW: Append model imgds_linear_tiny_position_embedding_V_ROM_AUTO_1R
INFO-FLOW: Found component imgds_linear_tiny_layers_0_feedforward_0_bias_V_ROM_AUTO_1R.
INFO-FLOW: Append model imgds_linear_tiny_layers_0_feedforward_0_bias_V_ROM_AUTO_1R
INFO-FLOW: Found component imgds_linear_tiny_layers_0_feedforward_3_bias_V_ROM_AUTO_1R.
INFO-FLOW: Append model imgds_linear_tiny_layers_0_feedforward_3_bias_V_ROM_AUTO_1R
INFO-FLOW: Found component imgds_linear_tiny_hidden_V_RAM_AUTO_1R1W.
INFO-FLOW: Append model imgds_linear_tiny_hidden_V_RAM_AUTO_1R1W
INFO-FLOW: Found component imgds_linear_tiny_x_V_RAM_AUTO_1R1W.
INFO-FLOW: Append model imgds_linear_tiny_x_V_RAM_AUTO_1R1W
INFO-FLOW: Found component imgds_linear_tiny_pooled_V_RAM_AUTO_1R1W.
INFO-FLOW: Append model imgds_linear_tiny_pooled_V_RAM_AUTO_1R1W
INFO-FLOW: Found component imgds_linear_tiny_gmem0_m_axi.
INFO-FLOW: Append model imgds_linear_tiny_gmem0_m_axi
INFO-FLOW: Found component imgds_linear_tiny_gmem1_m_axi.
INFO-FLOW: Append model imgds_linear_tiny_gmem1_m_axi
INFO-FLOW: Found component imgds_linear_tiny_control_s_axi.
INFO-FLOW: Append model imgds_linear_tiny_control_s_axi
INFO-FLOW: Append model imgds_linear_tiny_Pipeline_VITIS_LOOP_163_3
INFO-FLOW: Append model linear_attention_tiny_Pipeline_VITIS_LOOP_48_3
INFO-FLOW: Append model linear_attention_tiny_Pipeline_VITIS_LOOP_63_4_VITIS_LOOP_64_5_VITIS_LOOP_66_6
INFO-FLOW: Append model linear_attention_tiny_Pipeline_VITIS_LOOP_78_8
INFO-FLOW: Append model linear_attention_tiny_Pipeline_VITIS_LOOP_88_10
INFO-FLOW: Append model linear_attention_tiny_Pipeline_VITIS_LOOP_96_11_VITIS_LOOP_98_12
INFO-FLOW: Append model linear_attention_tiny_Pipeline_VITIS_LOOP_107_14
INFO-FLOW: Append model linear_attention_tiny
INFO-FLOW: Append model layer_norm_tiny_1
INFO-FLOW: Append model imgds_linear_tiny_Pipeline_VITIS_LOOP_176_4
INFO-FLOW: Append model imgds_linear_tiny_Pipeline_VITIS_LOOP_128_3
INFO-FLOW: Append model imgds_linear_tiny_Pipeline_VITIS_LOOP_139_5
INFO-FLOW: Append model imgds_linear_tiny_Pipeline_VITIS_LOOP_146_6
INFO-FLOW: Append model imgds_linear_tiny_Pipeline_VITIS_LOOP_179_5
INFO-FLOW: Append model imgds_linear_tiny_Pipeline_VITIS_LOOP_183_6_VITIS_LOOP_185_7
INFO-FLOW: Append model layer_norm_tiny_Pipeline_VITIS_LOOP_19_1
INFO-FLOW: Append model layer_norm_tiny_Pipeline_VITIS_LOOP_22_2
INFO-FLOW: Append model layer_norm_tiny_Pipeline_VITIS_LOOP_27_3
INFO-FLOW: Append model layer_norm_tiny
INFO-FLOW: Append model imgds_linear_tiny
INFO-FLOW: Generating RTL model list ...
INFO-FLOW: All models in this session: imgds_linear_tiny_mul_mul_9s_16s_25_4_1 imgds_linear_tiny_imgds_linear_tiny_Pipeline_VITIS_LOOP_163_3_input_projection_weight_V_ROM_AUTbkb imgds_linear_tiny_flow_control_loop_pipe_sequential_init imgds_linear_tiny_mul_mul_12s_16s_28_4_1 imgds_linear_tiny_mul_mul_11s_16s_27_4_1 imgds_linear_tiny_linear_attention_tiny_Pipeline_VITIS_LOOP_48_3_layers_0_attention_query_weighcud imgds_linear_tiny_linear_attention_tiny_Pipeline_VITIS_LOOP_48_3_layers_0_attention_key_weight_dEe imgds_linear_tiny_linear_attention_tiny_Pipeline_VITIS_LOOP_48_3_layers_0_attention_value_weigheOg imgds_linear_tiny_flow_control_loop_pipe_sequential_init imgds_linear_tiny_mac_muladd_16s_16s_30ns_30_4_1 imgds_linear_tiny_flow_control_loop_pipe_sequential_init imgds_linear_tiny_flow_control_loop_pipe_sequential_init imgds_linear_tiny_flow_control_loop_pipe_sequential_init imgds_linear_tiny_mul_mul_24s_16s_30_4_1 imgds_linear_tiny_flow_control_loop_pipe_sequential_init imgds_linear_tiny_linear_attention_tiny_Pipeline_VITIS_LOOP_107_14_layers_0_attention_output_wefYi imgds_linear_tiny_flow_control_loop_pipe_sequential_init imgds_linear_tiny_fpext_32ns_64_2_no_dsp_1 imgds_linear_tiny_fexp_32ns_32ns_32_10_full_dsp_1 imgds_linear_tiny_linear_attention_tiny_layers_0_attention_output_bias_V_ROM_AUTO_1R imgds_linear_tiny_linear_attention_tiny_Q_V_RAM_AUTO_1R1W imgds_linear_tiny_linear_attention_tiny_KV_V_RAM_AUTO_1R1W imgds_linear_tiny_linear_attention_tiny_K_sum_V_RAM_AUTO_1R1W imgds_linear_tiny_fadd_32ns_32ns_32_5_full_dsp_1 imgds_linear_tiny_fsqrt_32ns_32ns_32_16_no_dsp_1 imgds_linear_tiny_mul_37s_40ns_76_2_1 imgds_linear_tiny_mul_38s_40ns_77_2_1 imgds_linear_tiny_mul_mul_16s_16s_30_4_1 imgds_linear_tiny_am_submul_16s_16s_16s_26_4_1 imgds_linear_tiny_mac_muladd_16s_11ns_17s_26_4_1 imgds_linear_tiny_mac_muladd_16s_11ns_17ns_26_4_1 imgds_linear_tiny_mac_muladd_16s_10ns_18s_26_4_1 imgds_linear_tiny_flow_control_loop_pipe_sequential_init imgds_linear_tiny_imgds_linear_tiny_Pipeline_VITIS_LOOP_128_3_layers_0_feedforward_0_weight_V_Rg8j imgds_linear_tiny_flow_control_loop_pipe_sequential_init imgds_linear_tiny_mul_mul_10s_15ns_25_4_1 imgds_linear_tiny_imgds_linear_tiny_Pipeline_VITIS_LOOP_139_5_layers_0_feedforward_3_weight_V_Rhbi imgds_linear_tiny_flow_control_loop_pipe_sequential_init imgds_linear_tiny_flow_control_loop_pipe_sequential_init imgds_linear_tiny_flow_control_loop_pipe_sequential_init imgds_linear_tiny_flow_control_loop_pipe_sequential_init imgds_linear_tiny_flow_control_loop_pipe_sequential_init imgds_linear_tiny_flow_control_loop_pipe_sequential_init imgds_linear_tiny_mac_muladd_16s_11ns_18s_26_4_1 imgds_linear_tiny_layer_norm_tiny_Pipeline_VITIS_LOOP_27_3_output_norm_weight_V_ROM_AUTO_1R imgds_linear_tiny_layer_norm_tiny_Pipeline_VITIS_LOOP_27_3_output_norm_bias_V_ROM_AUTO_1R imgds_linear_tiny_flow_control_loop_pipe_sequential_init imgds_linear_tiny_mac_muladd_16s_10s_18ns_25_4_1 imgds_linear_tiny_mac_muladd_16s_11s_26ns_26_4_1 imgds_linear_tiny_mac_muladd_16s_9ns_25s_26_4_1 imgds_linear_tiny_mac_muladd_16s_9s_26s_26_4_1 imgds_linear_tiny_mac_muladd_16s_10ns_26ns_26_4_1 imgds_linear_tiny_mac_muladd_16s_9ns_26ns_26_4_1 imgds_linear_tiny_mac_muladd_16s_8ns_26s_26_4_1 imgds_linear_tiny_mac_muladd_16s_7ns_26s_26_4_1 imgds_linear_tiny_mac_muladd_16s_10s_26ns_26_4_1 imgds_linear_tiny_fdiv_32ns_32ns_32_16_no_dsp_1 imgds_linear_tiny_fpext_32ns_64_2_no_dsp_1 imgds_linear_tiny_input_projection_bias_V_ROM_AUTO_1R imgds_linear_tiny_position_embedding_V_ROM_AUTO_1R imgds_linear_tiny_layers_0_feedforward_0_bias_V_ROM_AUTO_1R imgds_linear_tiny_layers_0_feedforward_3_bias_V_ROM_AUTO_1R imgds_linear_tiny_hidden_V_RAM_AUTO_1R1W imgds_linear_tiny_x_V_RAM_AUTO_1R1W imgds_linear_tiny_pooled_V_RAM_AUTO_1R1W imgds_linear_tiny_gmem0_m_axi imgds_linear_tiny_gmem1_m_axi imgds_linear_tiny_control_s_axi imgds_linear_tiny_Pipeline_VITIS_LOOP_163_3 linear_attention_tiny_Pipeline_VITIS_LOOP_48_3 linear_attention_tiny_Pipeline_VITIS_LOOP_63_4_VITIS_LOOP_64_5_VITIS_LOOP_66_6 linear_attention_tiny_Pipeline_VITIS_LOOP_78_8 linear_attention_tiny_Pipeline_VITIS_LOOP_88_10 linear_attention_tiny_Pipeline_VITIS_LOOP_96_11_VITIS_LOOP_98_12 linear_attention_tiny_Pipeline_VITIS_LOOP_107_14 linear_attention_tiny layer_norm_tiny_1 imgds_linear_tiny_Pipeline_VITIS_LOOP_176_4 imgds_linear_tiny_Pipeline_VITIS_LOOP_128_3 imgds_linear_tiny_Pipeline_VITIS_LOOP_139_5 imgds_linear_tiny_Pipeline_VITIS_LOOP_146_6 imgds_linear_tiny_Pipeline_VITIS_LOOP_179_5 imgds_linear_tiny_Pipeline_VITIS_LOOP_183_6_VITIS_LOOP_185_7 layer_norm_tiny_Pipeline_VITIS_LOOP_19_1 layer_norm_tiny_Pipeline_VITIS_LOOP_22_2 layer_norm_tiny_Pipeline_VITIS_LOOP_27_3 layer_norm_tiny imgds_linear_tiny
INFO-FLOW: Generating /home/cym/prj2/finn/notebooks/icl_thesis-master/experiments/imgds_linear_sparse/stage4_structural_small_models/hls/tiny_q16_d6_ff12/hls/imgds_linear_tiny_axi/solution1/.autopilot/db/autopilot.rtl.models.txt file...
INFO-FLOW: To file: write model imgds_linear_tiny_mul_mul_9s_16s_25_4_1
INFO-FLOW: To file: write model imgds_linear_tiny_imgds_linear_tiny_Pipeline_VITIS_LOOP_163_3_input_projection_weight_V_ROM_AUTbkb
INFO-FLOW: To file: write model imgds_linear_tiny_flow_control_loop_pipe_sequential_init
INFO-FLOW: To file: write model imgds_linear_tiny_mul_mul_12s_16s_28_4_1
INFO-FLOW: To file: write model imgds_linear_tiny_mul_mul_11s_16s_27_4_1
INFO-FLOW: To file: write model imgds_linear_tiny_linear_attention_tiny_Pipeline_VITIS_LOOP_48_3_layers_0_attention_query_weighcud
INFO-FLOW: To file: write model imgds_linear_tiny_linear_attention_tiny_Pipeline_VITIS_LOOP_48_3_layers_0_attention_key_weight_dEe
INFO-FLOW: To file: write model imgds_linear_tiny_linear_attention_tiny_Pipeline_VITIS_LOOP_48_3_layers_0_attention_value_weigheOg
INFO-FLOW: To file: write model imgds_linear_tiny_flow_control_loop_pipe_sequential_init
INFO-FLOW: To file: write model imgds_linear_tiny_mac_muladd_16s_16s_30ns_30_4_1
INFO-FLOW: To file: write model imgds_linear_tiny_flow_control_loop_pipe_sequential_init
INFO-FLOW: To file: write model imgds_linear_tiny_flow_control_loop_pipe_sequential_init
INFO-FLOW: To file: write model imgds_linear_tiny_flow_control_loop_pipe_sequential_init
INFO-FLOW: To file: write model imgds_linear_tiny_mul_mul_24s_16s_30_4_1
INFO-FLOW: To file: write model imgds_linear_tiny_flow_control_loop_pipe_sequential_init
INFO-FLOW: To file: write model imgds_linear_tiny_linear_attention_tiny_Pipeline_VITIS_LOOP_107_14_layers_0_attention_output_wefYi
INFO-FLOW: To file: write model imgds_linear_tiny_flow_control_loop_pipe_sequential_init
INFO-FLOW: To file: write model imgds_linear_tiny_fpext_32ns_64_2_no_dsp_1
INFO-FLOW: To file: write model imgds_linear_tiny_fexp_32ns_32ns_32_10_full_dsp_1
INFO-FLOW: To file: write model imgds_linear_tiny_linear_attention_tiny_layers_0_attention_output_bias_V_ROM_AUTO_1R
INFO-FLOW: To file: write model imgds_linear_tiny_linear_attention_tiny_Q_V_RAM_AUTO_1R1W
INFO-FLOW: To file: write model imgds_linear_tiny_linear_attention_tiny_KV_V_RAM_AUTO_1R1W
INFO-FLOW: To file: write model imgds_linear_tiny_linear_attention_tiny_K_sum_V_RAM_AUTO_1R1W
INFO-FLOW: To file: write model imgds_linear_tiny_fadd_32ns_32ns_32_5_full_dsp_1
INFO-FLOW: To file: write model imgds_linear_tiny_fsqrt_32ns_32ns_32_16_no_dsp_1
INFO-FLOW: To file: write model imgds_linear_tiny_mul_37s_40ns_76_2_1
INFO-FLOW: To file: write model imgds_linear_tiny_mul_38s_40ns_77_2_1
INFO-FLOW: To file: write model imgds_linear_tiny_mul_mul_16s_16s_30_4_1
INFO-FLOW: To file: write model imgds_linear_tiny_am_submul_16s_16s_16s_26_4_1
INFO-FLOW: To file: write model imgds_linear_tiny_mac_muladd_16s_11ns_17s_26_4_1
INFO-FLOW: To file: write model imgds_linear_tiny_mac_muladd_16s_11ns_17ns_26_4_1
INFO-FLOW: To file: write model imgds_linear_tiny_mac_muladd_16s_10ns_18s_26_4_1
INFO-FLOW: To file: write model imgds_linear_tiny_flow_control_loop_pipe_sequential_init
INFO-FLOW: To file: write model imgds_linear_tiny_imgds_linear_tiny_Pipeline_VITIS_LOOP_128_3_layers_0_feedforward_0_weight_V_Rg8j
INFO-FLOW: To file: write model imgds_linear_tiny_flow_control_loop_pipe_sequential_init
INFO-FLOW: To file: write model imgds_linear_tiny_mul_mul_10s_15ns_25_4_1
INFO-FLOW: To file: write model imgds_linear_tiny_imgds_linear_tiny_Pipeline_VITIS_LOOP_139_5_layers_0_feedforward_3_weight_V_Rhbi
INFO-FLOW: To file: write model imgds_linear_tiny_flow_control_loop_pipe_sequential_init
INFO-FLOW: To file: write model imgds_linear_tiny_flow_control_loop_pipe_sequential_init
INFO-FLOW: To file: write model imgds_linear_tiny_flow_control_loop_pipe_sequential_init
INFO-FLOW: To file: write model imgds_linear_tiny_flow_control_loop_pipe_sequential_init
INFO-FLOW: To file: write model imgds_linear_tiny_flow_control_loop_pipe_sequential_init
INFO-FLOW: To file: write model imgds_linear_tiny_flow_control_loop_pipe_sequential_init
INFO-FLOW: To file: write model imgds_linear_tiny_mac_muladd_16s_11ns_18s_26_4_1
INFO-FLOW: To file: write model imgds_linear_tiny_layer_norm_tiny_Pipeline_VITIS_LOOP_27_3_output_norm_weight_V_ROM_AUTO_1R
INFO-FLOW: To file: write model imgds_linear_tiny_layer_norm_tiny_Pipeline_VITIS_LOOP_27_3_output_norm_bias_V_ROM_AUTO_1R
INFO-FLOW: To file: write model imgds_linear_tiny_flow_control_loop_pipe_sequential_init
INFO-FLOW: To file: write model imgds_linear_tiny_mac_muladd_16s_10s_18ns_25_4_1
INFO-FLOW: To file: write model imgds_linear_tiny_mac_muladd_16s_11s_26ns_26_4_1
INFO-FLOW: To file: write model imgds_linear_tiny_mac_muladd_16s_9ns_25s_26_4_1
INFO-FLOW: To file: write model imgds_linear_tiny_mac_muladd_16s_9s_26s_26_4_1
INFO-FLOW: To file: write model imgds_linear_tiny_mac_muladd_16s_10ns_26ns_26_4_1
INFO-FLOW: To file: write model imgds_linear_tiny_mac_muladd_16s_9ns_26ns_26_4_1
INFO-FLOW: To file: write model imgds_linear_tiny_mac_muladd_16s_8ns_26s_26_4_1
INFO-FLOW: To file: write model imgds_linear_tiny_mac_muladd_16s_7ns_26s_26_4_1
INFO-FLOW: To file: write model imgds_linear_tiny_mac_muladd_16s_10s_26ns_26_4_1
INFO-FLOW: To file: write model imgds_linear_tiny_fdiv_32ns_32ns_32_16_no_dsp_1
INFO-FLOW: To file: write model imgds_linear_tiny_fpext_32ns_64_2_no_dsp_1
INFO-FLOW: To file: write model imgds_linear_tiny_input_projection_bias_V_ROM_AUTO_1R
INFO-FLOW: To file: write model imgds_linear_tiny_position_embedding_V_ROM_AUTO_1R
INFO-FLOW: To file: write model imgds_linear_tiny_layers_0_feedforward_0_bias_V_ROM_AUTO_1R
INFO-FLOW: To file: write model imgds_linear_tiny_layers_0_feedforward_3_bias_V_ROM_AUTO_1R
INFO-FLOW: To file: write model imgds_linear_tiny_hidden_V_RAM_AUTO_1R1W
INFO-FLOW: To file: write model imgds_linear_tiny_x_V_RAM_AUTO_1R1W
INFO-FLOW: To file: write model imgds_linear_tiny_pooled_V_RAM_AUTO_1R1W
INFO-FLOW: To file: write model imgds_linear_tiny_gmem0_m_axi
INFO-FLOW: To file: write model imgds_linear_tiny_gmem1_m_axi
INFO-FLOW: To file: write model imgds_linear_tiny_control_s_axi
INFO-FLOW: To file: write model imgds_linear_tiny_Pipeline_VITIS_LOOP_163_3
INFO-FLOW: To file: write model linear_attention_tiny_Pipeline_VITIS_LOOP_48_3
INFO-FLOW: To file: write model linear_attention_tiny_Pipeline_VITIS_LOOP_63_4_VITIS_LOOP_64_5_VITIS_LOOP_66_6
INFO-FLOW: To file: write model linear_attention_tiny_Pipeline_VITIS_LOOP_78_8
INFO-FLOW: To file: write model linear_attention_tiny_Pipeline_VITIS_LOOP_88_10
INFO-FLOW: To file: write model linear_attention_tiny_Pipeline_VITIS_LOOP_96_11_VITIS_LOOP_98_12
INFO-FLOW: To file: write model linear_attention_tiny_Pipeline_VITIS_LOOP_107_14
INFO-FLOW: To file: write model linear_attention_tiny
INFO-FLOW: To file: write model layer_norm_tiny_1
INFO-FLOW: To file: write model imgds_linear_tiny_Pipeline_VITIS_LOOP_176_4
INFO-FLOW: To file: write model imgds_linear_tiny_Pipeline_VITIS_LOOP_128_3
INFO-FLOW: To file: write model imgds_linear_tiny_Pipeline_VITIS_LOOP_139_5
INFO-FLOW: To file: write model imgds_linear_tiny_Pipeline_VITIS_LOOP_146_6
INFO-FLOW: To file: write model imgds_linear_tiny_Pipeline_VITIS_LOOP_179_5
INFO-FLOW: To file: write model imgds_linear_tiny_Pipeline_VITIS_LOOP_183_6_VITIS_LOOP_185_7
INFO-FLOW: To file: write model layer_norm_tiny_Pipeline_VITIS_LOOP_19_1
INFO-FLOW: To file: write model layer_norm_tiny_Pipeline_VITIS_LOOP_22_2
INFO-FLOW: To file: write model layer_norm_tiny_Pipeline_VITIS_LOOP_27_3
INFO-FLOW: To file: write model layer_norm_tiny
INFO-FLOW: To file: write model imgds_linear_tiny
INFO-FLOW: Generating /home/cym/prj2/finn/notebooks/icl_thesis-master/experiments/imgds_linear_sparse/stage4_structural_small_models/hls/tiny_q16_d6_ff12/hls/imgds_linear_tiny_axi/solution1/.autopilot/db/autopilot.rtl.models.tcl file...
INFO-FLOW: Finished generating RTL model list.


INFO-FLOW: RTL Generation done.
INFO-FLOW: CAS Generation done.
INFO-FLOW: CBC Generation done.
INFO-FLOW: DBG:PROC: ::AESL_AUTOMG::auto_generate_csynth_design
INFO-FLOW: DBG:PUTS: read_platform_lib /home/cym/prj2/finn/notebooks/icl_thesis-master/experiments/imgds_linear_sparse/stage4_structural_small_models/hls/tiny_q16_d6_ff12/hls/imgds_linear_tiny_axi/solution1/.autopilot/db/global.setting.tcl
Execute         source /tools/Xilinx/Vitis_HLS/2022.2/common/technology/generic/autopilot/common.gen 
Execute           source /tools/Xilinx/Vitis_HLS/2022.2/common/technology/generic/autopilot/APCoreGen.gen 
Execute         source /tools/Xilinx/Vitis_HLS/2022.2/common/technology/generic/autopilot/op.gen 
Execute         source /tools/Xilinx/Vitis_HLS/2022.2/common/technology/generic/autopilot/op_simcore.gen 
Execute         source /tools/Xilinx/Vitis_HLS/2022.2/common/technology/generic/autopilot/interface.gen 
Execute         source /home/cym/prj2/finn/notebooks/icl_thesis-master/experiments/imgds_linear_sparse/stage4_structural_small_models/hls/tiny_q16_d6_ff12/hls/imgds_linear_tiny_axi/solution1/.autopilot/db/global.setting.tcl 
Execute         source /tools/Xilinx/Vitis_HLS/2022.2/common/technology/xilinx/common/xilinx.gen 
Execute           source /tools/Xilinx/Vitis_HLS/2022.2/common/technology/xilinx/interface/plb46.gen 
Execute           source /tools/Xilinx/Vitis_HLS/2022.2/common/technology/xilinx/interface/axi4.gen 
Execute           source /tools/Xilinx/Vitis_HLS/2022.2/common/technology/xilinx/interface/nativeAXI4.gen 
Execute             source /tools/Xilinx/Vitis_HLS/2022.2/common/technology/xilinx/interface/saxilite.gen 
Execute           source /tools/Xilinx/Vitis_HLS/2022.2/common/technology/xilinx/scripts/xilinxcoregen.gen 
Execute           source /tools/Xilinx/Vitis_HLS/2022.2/common/technology/xilinx/interface/XilEDKCoreGen.gen 
Execute           source /tools/Xilinx/Vitis_HLS/2022.2/common/technology/xilinx/ip/xfir.gen 
Execute           source /tools/Xilinx/Vitis_HLS/2022.2/common/technology/xilinx/ip/util.gen 
Execute           source /tools/Xilinx/Vitis_HLS/2022.2/common/technology/xilinx/ip/xfft.gen 
Execute           source /tools/Xilinx/Vitis_HLS/2022.2/common/technology/xilinx/ip/dds_compiler.gen 
Execute           source /tools/Xilinx/Vitis_HLS/2022.2/common/technology/xilinx/DSP48/dsp48.gen 
INFO-FLOW: DBG:PUTS:   using AESL_AUTOCG::g_clock_period=10.000 (was NA)
INFO-FLOW: DBG:PROC: ::AESL_AUTOMG::generate_ip_cores gen_sim_model='1' gen_fp_models='0' gen_for_export='0' dstSCDir='' dstVhdlDir='/home/cym/prj2/finn/notebooks/icl_thesis-master/experiments/imgds_linear_sparse/stage4_structural_small_models/hls/tiny_q16_d6_ff12/hls/imgds_linear_tiny_axi/solution1/.autopilot/db/vhdl' dstVlogDir='/home/cym/prj2/finn/notebooks/icl_thesis-master/experiments/imgds_linear_sparse/stage4_structural_small_models/hls/tiny_q16_d6_ff12/hls/imgds_linear_tiny_axi/solution1/.autopilot/db/vlog' tclDir='/home/cym/prj2/finn/notebooks/icl_thesis-master/experiments/imgds_linear_sparse/stage4_structural_small_models/hls/tiny_q16_d6_ff12/hls/imgds_linear_tiny_axi/solution1/.autopilot/db' modelList='imgds_linear_tiny_mul_mul_9s_16s_25_4_1
imgds_linear_tiny_imgds_linear_tiny_Pipeline_VITIS_LOOP_163_3_input_projection_weight_V_ROM_AUTbkb
imgds_linear_tiny_flow_control_loop_pipe_sequential_init
imgds_linear_tiny_mul_mul_12s_16s_28_4_1
imgds_linear_tiny_mul_mul_11s_16s_27_4_1
imgds_linear_tiny_linear_attention_tiny_Pipeline_VITIS_LOOP_48_3_layers_0_attention_query_weighcud
imgds_linear_tiny_linear_attention_tiny_Pipeline_VITIS_LOOP_48_3_layers_0_attention_key_weight_dEe
imgds_linear_tiny_linear_attention_tiny_Pipeline_VITIS_LOOP_48_3_layers_0_attention_value_weigheOg
imgds_linear_tiny_flow_control_loop_pipe_sequential_init
imgds_linear_tiny_mac_muladd_16s_16s_30ns_30_4_1
imgds_linear_tiny_flow_control_loop_pipe_sequential_init
imgds_linear_tiny_flow_control_loop_pipe_sequential_init
imgds_linear_tiny_flow_control_loop_pipe_sequential_init
imgds_linear_tiny_mul_mul_24s_16s_30_4_1
imgds_linear_tiny_flow_control_loop_pipe_sequential_init
imgds_linear_tiny_linear_attention_tiny_Pipeline_VITIS_LOOP_107_14_layers_0_attention_output_wefYi
imgds_linear_tiny_flow_control_loop_pipe_sequential_init
imgds_linear_tiny_fpext_32ns_64_2_no_dsp_1
imgds_linear_tiny_fexp_32ns_32ns_32_10_full_dsp_1
imgds_linear_tiny_linear_attention_tiny_layers_0_attention_output_bias_V_ROM_AUTO_1R
imgds_linear_tiny_linear_attention_tiny_Q_V_RAM_AUTO_1R1W
imgds_linear_tiny_linear_attention_tiny_KV_V_RAM_AUTO_1R1W
imgds_linear_tiny_linear_attention_tiny_K_sum_V_RAM_AUTO_1R1W
imgds_linear_tiny_fadd_32ns_32ns_32_5_full_dsp_1
imgds_linear_tiny_fsqrt_32ns_32ns_32_16_no_dsp_1
imgds_linear_tiny_mul_37s_40ns_76_2_1
imgds_linear_tiny_mul_38s_40ns_77_2_1
imgds_linear_tiny_mul_mul_16s_16s_30_4_1
imgds_linear_tiny_am_submul_16s_16s_16s_26_4_1
imgds_linear_tiny_mac_muladd_16s_11ns_17s_26_4_1
imgds_linear_tiny_mac_muladd_16s_11ns_17ns_26_4_1
imgds_linear_tiny_mac_muladd_16s_10ns_18s_26_4_1
imgds_linear_tiny_flow_control_loop_pipe_sequential_init
imgds_linear_tiny_imgds_linear_tiny_Pipeline_VITIS_LOOP_128_3_layers_0_feedforward_0_weight_V_Rg8j
imgds_linear_tiny_flow_control_loop_pipe_sequential_init
imgds_linear_tiny_mul_mul_10s_15ns_25_4_1
imgds_linear_tiny_imgds_linear_tiny_Pipeline_VITIS_LOOP_139_5_layers_0_feedforward_3_weight_V_Rhbi
imgds_linear_tiny_flow_control_loop_pipe_sequential_init
imgds_linear_tiny_flow_control_loop_pipe_sequential_init
imgds_linear_tiny_flow_control_loop_pipe_sequential_init
imgds_linear_tiny_flow_control_loop_pipe_sequential_init
imgds_linear_tiny_flow_control_loop_pipe_sequential_init
imgds_linear_tiny_flow_control_loop_pipe_sequential_init
imgds_linear_tiny_mac_muladd_16s_11ns_18s_26_4_1
imgds_linear_tiny_layer_norm_tiny_Pipeline_VITIS_LOOP_27_3_output_norm_weight_V_ROM_AUTO_1R
imgds_linear_tiny_layer_norm_tiny_Pipeline_VITIS_LOOP_27_3_output_norm_bias_V_ROM_AUTO_1R
imgds_linear_tiny_flow_control_loop_pipe_sequential_init
imgds_linear_tiny_mac_muladd_16s_10s_18ns_25_4_1
imgds_linear_tiny_mac_muladd_16s_11s_26ns_26_4_1
imgds_linear_tiny_mac_muladd_16s_9ns_25s_26_4_1
imgds_linear_tiny_mac_muladd_16s_9s_26s_26_4_1
imgds_linear_tiny_mac_muladd_16s_10ns_26ns_26_4_1
imgds_linear_tiny_mac_muladd_16s_9ns_26ns_26_4_1
imgds_linear_tiny_mac_muladd_16s_8ns_26s_26_4_1
imgds_linear_tiny_mac_muladd_16s_7ns_26s_26_4_1
imgds_linear_tiny_mac_muladd_16s_10s_26ns_26_4_1
imgds_linear_tiny_fdiv_32ns_32ns_32_16_no_dsp_1
imgds_linear_tiny_fpext_32ns_64_2_no_dsp_1
imgds_linear_tiny_input_projection_bias_V_ROM_AUTO_1R
imgds_linear_tiny_position_embedding_V_ROM_AUTO_1R
imgds_linear_tiny_layers_0_feedforward_0_bias_V_ROM_AUTO_1R
imgds_linear_tiny_layers_0_feedforward_3_bias_V_ROM_AUTO_1R
imgds_linear_tiny_hidden_V_RAM_AUTO_1R1W
imgds_linear_tiny_x_V_RAM_AUTO_1R1W
imgds_linear_tiny_pooled_V_RAM_AUTO_1R1W
imgds_linear_tiny_gmem0_m_axi
imgds_linear_tiny_gmem1_m_axi
imgds_linear_tiny_control_s_axi
imgds_linear_tiny_Pipeline_VITIS_LOOP_163_3
linear_attention_tiny_Pipeline_VITIS_LOOP_48_3
linear_attention_tiny_Pipeline_VITIS_LOOP_63_4_VITIS_LOOP_64_5_VITIS_LOOP_66_6
linear_attention_tiny_Pipeline_VITIS_LOOP_78_8
linear_attention_tiny_Pipeline_VITIS_LOOP_88_10
linear_attention_tiny_Pipeline_VITIS_LOOP_96_11_VITIS_LOOP_98_12
linear_attention_tiny_Pipeline_VITIS_LOOP_107_14
linear_attention_tiny
layer_norm_tiny_1
imgds_linear_tiny_Pipeline_VITIS_LOOP_176_4
imgds_linear_tiny_Pipeline_VITIS_LOOP_128_3
imgds_linear_tiny_Pipeline_VITIS_LOOP_139_5
imgds_linear_tiny_Pipeline_VITIS_LOOP_146_6
imgds_linear_tiny_Pipeline_VITIS_LOOP_179_5
imgds_linear_tiny_Pipeline_VITIS_LOOP_183_6_VITIS_LOOP_185_7
layer_norm_tiny_Pipeline_VITIS_LOOP_19_1
layer_norm_tiny_Pipeline_VITIS_LOOP_22_2
layer_norm_tiny_Pipeline_VITIS_LOOP_27_3
layer_norm_tiny
imgds_linear_tiny
' expOnly='0'
Execute         source /home/cym/prj2/finn/notebooks/icl_thesis-master/experiments/imgds_linear_sparse/stage4_structural_small_models/hls/tiny_q16_d6_ff12/hls/imgds_linear_tiny_axi/solution1/.autopilot/db/global.setting.tcl 
Execute         ap_part_info -name xc7z020-clg400-1 -data names -quiet 
Execute         ap_part_info -name xc7z020-clg400-1 -data info -quiet 
Execute         source /home/cym/prj2/finn/notebooks/icl_thesis-master/experiments/imgds_linear_sparse/stage4_structural_small_models/hls/tiny_q16_d6_ff12/hls/imgds_linear_tiny_axi/solution1/.autopilot/db/global.setting.tcl 
Execute         source /home/cym/prj2/finn/notebooks/icl_thesis-master/experiments/imgds_linear_sparse/stage4_structural_small_models/hls/tiny_q16_d6_ff12/hls/imgds_linear_tiny_axi/solution1/.autopilot/db/global.setting.tcl 
Execute         source /home/cym/prj2/finn/notebooks/icl_thesis-master/experiments/imgds_linear_sparse/stage4_structural_small_models/hls/tiny_q16_d6_ff12/hls/imgds_linear_tiny_axi/solution1/.autopilot/db/imgds_linear_tiny_Pipeline_VITIS_LOOP_163_3.compgen.tcl 
Execute           ap_part_info -name xc7z020-clg400-1 -data names -quiet 
Execute           ap_part_info -name xc7z020-clg400-1 -data info -quiet 
Execute         source /home/cym/prj2/finn/notebooks/icl_thesis-master/experiments/imgds_linear_sparse/stage4_structural_small_models/hls/tiny_q16_d6_ff12/hls/imgds_linear_tiny_axi/solution1/.autopilot/db/linear_attention_tiny_Pipeline_VITIS_LOOP_48_3.compgen.tcl 
Execute           ap_part_info -name xc7z020-clg400-1 -data names -quiet 
Execute           ap_part_info -name xc7z020-clg400-1 -data info -quiet 
Execute           ap_part_info -name xc7z020-clg400-1 -data names -quiet 
Execute           ap_part_info -name xc7z020-clg400-1 -data info -quiet 
Execute         source /home/cym/prj2/finn/notebooks/icl_thesis-master/experiments/imgds_linear_sparse/stage4_structural_small_models/hls/tiny_q16_d6_ff12/hls/imgds_linear_tiny_axi/solution1/.autopilot/db/linear_attention_tiny_Pipeline_VITIS_LOOP_63_4_VITIS_LOOP_64_5_VITIS_LOOP_66_6.compgen.tcl 
Execute           ap_part_info -name xc7z020-clg400-1 -data names -quiet 
Execute           ap_part_info -name xc7z020-clg400-1 -data info -quiet 
Execute           ap_part_info -name xc7z020-clg400-1 -data info 
Execute         source /home/cym/prj2/finn/notebooks/icl_thesis-master/experiments/imgds_linear_sparse/stage4_structural_small_models/hls/tiny_q16_d6_ff12/hls/imgds_linear_tiny_axi/solution1/.autopilot/db/linear_attention_tiny_Pipeline_VITIS_LOOP_78_8.compgen.tcl 
Execute         source /home/cym/prj2/finn/notebooks/icl_thesis-master/experiments/imgds_linear_sparse/stage4_structural_small_models/hls/tiny_q16_d6_ff12/hls/imgds_linear_tiny_axi/solution1/.autopilot/db/linear_attention_tiny_Pipeline_VITIS_LOOP_88_10.compgen.tcl 
Execute         source /home/cym/prj2/finn/notebooks/icl_thesis-master/experiments/imgds_linear_sparse/stage4_structural_small_models/hls/tiny_q16_d6_ff12/hls/imgds_linear_tiny_axi/solution1/.autopilot/db/linear_attention_tiny_Pipeline_VITIS_LOOP_96_11_VITIS_LOOP_98_12.compgen.tcl 
Execute           ap_part_info -name xc7z020-clg400-1 -data names -quiet 
Execute           ap_part_info -name xc7z020-clg400-1 -data info -quiet 
Execute         source /home/cym/prj2/finn/notebooks/icl_thesis-master/experiments/imgds_linear_sparse/stage4_structural_small_models/hls/tiny_q16_d6_ff12/hls/imgds_linear_tiny_axi/solution1/.autopilot/db/linear_attention_tiny_Pipeline_VITIS_LOOP_107_14.compgen.tcl 
Execute         source /home/cym/prj2/finn/notebooks/icl_thesis-master/experiments/imgds_linear_sparse/stage4_structural_small_models/hls/tiny_q16_d6_ff12/hls/imgds_linear_tiny_axi/solution1/.autopilot/db/linear_attention_tiny.compgen.tcl 
Execute         source /home/cym/prj2/finn/notebooks/icl_thesis-master/experiments/imgds_linear_sparse/stage4_structural_small_models/hls/tiny_q16_d6_ff12/hls/imgds_linear_tiny_axi/solution1/.autopilot/db/layer_norm_tiny_1.compgen.tcl 
Execute           ap_part_info -name xc7z020-clg400-1 -data names -quiet 
Execute           ap_part_info -name xc7z020-clg400-1 -data info -quiet 
Execute           ap_part_info -name xc7z020-clg400-1 -data names -quiet 
Execute           ap_part_info -name xc7z020-clg400-1 -data info -quiet 
Execute           ap_part_info -name xc7z020-clg400-1 -data info 
Execute           ap_part_info -name xc7z020-clg400-1 -data names -quiet 
Execute           ap_part_info -name xc7z020-clg400-1 -data info -quiet 
Execute           ap_part_info -name xc7z020-clg400-1 -data info 
Execute           ap_part_info -name xc7z020-clg400-1 -data names -quiet 
Execute           ap_part_info -name xc7z020-clg400-1 -data info -quiet 
Execute           ap_part_info -name xc7z020-clg400-1 -data info 
Execute           ap_part_info -name xc7z020-clg400-1 -data names -quiet 
Execute           ap_part_info -name xc7z020-clg400-1 -data info -quiet 
Execute           ap_part_info -name xc7z020-clg400-1 -data info 
Execute         source /home/cym/prj2/finn/notebooks/icl_thesis-master/experiments/imgds_linear_sparse/stage4_structural_small_models/hls/tiny_q16_d6_ff12/hls/imgds_linear_tiny_axi/solution1/.autopilot/db/imgds_linear_tiny_Pipeline_VITIS_LOOP_176_4.compgen.tcl 
Execute         source /home/cym/prj2/finn/notebooks/icl_thesis-master/experiments/imgds_linear_sparse/stage4_structural_small_models/hls/tiny_q16_d6_ff12/hls/imgds_linear_tiny_axi/solution1/.autopilot/db/imgds_linear_tiny_Pipeline_VITIS_LOOP_128_3.compgen.tcl 
Execute         source /home/cym/prj2/finn/notebooks/icl_thesis-master/experiments/imgds_linear_sparse/stage4_structural_small_models/hls/tiny_q16_d6_ff12/hls/imgds_linear_tiny_axi/solution1/.autopilot/db/imgds_linear_tiny_Pipeline_VITIS_LOOP_139_5.compgen.tcl 
Execute           ap_part_info -name xc7z020-clg400-1 -data names -quiet 
Execute           ap_part_info -name xc7z020-clg400-1 -data info -quiet 
Execute         source /home/cym/prj2/finn/notebooks/icl_thesis-master/experiments/imgds_linear_sparse/stage4_structural_small_models/hls/tiny_q16_d6_ff12/hls/imgds_linear_tiny_axi/solution1/.autopilot/db/imgds_linear_tiny_Pipeline_VITIS_LOOP_146_6.compgen.tcl 
Execute         source /home/cym/prj2/finn/notebooks/icl_thesis-master/experiments/imgds_linear_sparse/stage4_structural_small_models/hls/tiny_q16_d6_ff12/hls/imgds_linear_tiny_axi/solution1/.autopilot/db/imgds_linear_tiny_Pipeline_VITIS_LOOP_179_5.compgen.tcl 
Execute         source /home/cym/prj2/finn/notebooks/icl_thesis-master/experiments/imgds_linear_sparse/stage4_structural_small_models/hls/tiny_q16_d6_ff12/hls/imgds_linear_tiny_axi/solution1/.autopilot/db/imgds_linear_tiny_Pipeline_VITIS_LOOP_183_6_VITIS_LOOP_185_7.compgen.tcl 
Execute         source /home/cym/prj2/finn/notebooks/icl_thesis-master/experiments/imgds_linear_sparse/stage4_structural_small_models/hls/tiny_q16_d6_ff12/hls/imgds_linear_tiny_axi/solution1/.autopilot/db/layer_norm_tiny_Pipeline_VITIS_LOOP_19_1.compgen.tcl 
Execute         source /home/cym/prj2/finn/notebooks/icl_thesis-master/experiments/imgds_linear_sparse/stage4_structural_small_models/hls/tiny_q16_d6_ff12/hls/imgds_linear_tiny_axi/solution1/.autopilot/db/layer_norm_tiny_Pipeline_VITIS_LOOP_22_2.compgen.tcl 
Execute         source /home/cym/prj2/finn/notebooks/icl_thesis-master/experiments/imgds_linear_sparse/stage4_structural_small_models/hls/tiny_q16_d6_ff12/hls/imgds_linear_tiny_axi/solution1/.autopilot/db/layer_norm_tiny_Pipeline_VITIS_LOOP_27_3.compgen.tcl 
Execute           ap_part_info -name xc7z020-clg400-1 -data names -quiet 
Execute           ap_part_info -name xc7z020-clg400-1 -data info -quiet 
Execute           ap_part_info -name xc7z020-clg400-1 -data info 
Execute         source /home/cym/prj2/finn/notebooks/icl_thesis-master/experiments/imgds_linear_sparse/stage4_structural_small_models/hls/tiny_q16_d6_ff12/hls/imgds_linear_tiny_axi/solution1/.autopilot/db/layer_norm_tiny.compgen.tcl 
Execute         source /home/cym/prj2/finn/notebooks/icl_thesis-master/experiments/imgds_linear_sparse/stage4_structural_small_models/hls/tiny_q16_d6_ff12/hls/imgds_linear_tiny_axi/solution1/.autopilot/db/imgds_linear_tiny.compgen.tcl 
Execute           ap_part_info -name xc7z020-clg400-1 -data names -quiet 
Execute           ap_part_info -name xc7z020-clg400-1 -data info -quiet 
Execute           ap_part_info -name xc7z020-clg400-1 -data info 
Execute           ap_part_info -name xc7z020-clg400-1 -data names -quiet 
Execute           ap_part_info -name xc7z020-clg400-1 -data info -quiet 
Execute           ap_part_info -name xc7z020-clg400-1 -data info 
Execute           ap_part_info -name xc7z020-clg400-1 -data names -quiet 
Execute           ap_part_info -name xc7z020-clg400-1 -data info -quiet 
Execute           ap_part_info -name xc7z020-clg400-1 -data info 
Execute           ap_part_info -name xc7z020-clg400-1 -data names -quiet 
Execute           ap_part_info -name xc7z020-clg400-1 -data info -quiet 
Execute           ap_part_info -name xc7z020-clg400-1 -data info 
Execute           ap_part_info -name xc7z020-clg400-1 -data names -quiet 
Execute           ap_part_info -name xc7z020-clg400-1 -data info -quiet 
Execute           ap_part_info -name xc7z020-clg400-1 -data info 
Execute           ap_part_info -name xc7z020-clg400-1 -data names -quiet 
Execute           ap_part_info -name xc7z020-clg400-1 -data info -quiet 
Execute           ap_part_info -name xc7z020-clg400-1 -data info 
Execute           ap_part_info -name xc7z020-clg400-1 -data names -quiet 
Execute           ap_part_info -name xc7z020-clg400-1 -data info -quiet 
Execute           ap_part_info -name xc7z020-clg400-1 -data info 
Execute           ap_part_info -name xc7z020-clg400-1 -data names -quiet 
Execute           ap_part_info -name xc7z020-clg400-1 -data info -quiet 
Execute           ap_part_info -name xc7z020-clg400-1 -data info 
Execute           ap_part_info -name xc7z020-clg400-1 -data names -quiet 
Execute           ap_part_info -name xc7z020-clg400-1 -data info -quiet 
Execute           ap_part_info -name xc7z020-clg400-1 -data info 
Execute           source ./control.slave.tcl 
Command         ap_source done; 0.13 sec.
INFO: [HLS 200-111] Finished Generating all RTL models: CPU user time: 1.73 seconds. CPU system time: 0.04 seconds. Elapsed time: 1.77 seconds; current allocated memory: 691.297 MB.
INFO-FLOW: DBG:PROC: ::HLSREPORTS::create_csynth_xml bind_info_var='bind_info' RtlSubPrefix='imgds_linear_tiny_' outfile=''
INFO-FLOW: Running: create_csynth_xml read xml data
INFO-FLOW: Done: create_csynth_xml read xml data time: 0 seconds per iteration
INFO-FLOW: Running: create_csynth_xml bind info
INFO-FLOW: Done: create_csynth_xml bind info time: 0 seconds per iteration
INFO-FLOW: Running: create_csynth_xml config info
INFO-FLOW: Done: create_csynth_xml config info time: 0 seconds per iteration
INFO-FLOW: Running: create_csynth_xml write xml
INFO-FLOW: Done: create_csynth_xml write xml time: 0 seconds per iteration
INFO-FLOW: DBG:PUTS:      create_csynth_xml wrote csynth_xml=/home/cym/prj2/finn/notebooks/icl_thesis-master/experiments/imgds_linear_sparse/stage4_structural_small_models/hls/tiny_q16_d6_ff12/hls/imgds_linear_tiny_axi/solution1/syn/report/csynth.xml
INFO-FLOW: DBG:PROC: ::AP::DESIGN_DATA::generate_json generate_bd_files='0' generate_xo_files='0' modelList='imgds_linear_tiny_mul_mul_9s_16s_25_4_1
imgds_linear_tiny_imgds_linear_tiny_Pipeline_VITIS_LOOP_163_3_input_projection_weight_V_ROM_AUTbkb
imgds_linear_tiny_flow_control_loop_pipe_sequential_init
imgds_linear_tiny_mul_mul_12s_16s_28_4_1
imgds_linear_tiny_mul_mul_11s_16s_27_4_1
imgds_linear_tiny_linear_attention_tiny_Pipeline_VITIS_LOOP_48_3_layers_0_attention_query_weighcud
imgds_linear_tiny_linear_attention_tiny_Pipeline_VITIS_LOOP_48_3_layers_0_attention_key_weight_dEe
imgds_linear_tiny_linear_attention_tiny_Pipeline_VITIS_LOOP_48_3_layers_0_attention_value_weigheOg
imgds_linear_tiny_flow_control_loop_pipe_sequential_init
imgds_linear_tiny_mac_muladd_16s_16s_30ns_30_4_1
imgds_linear_tiny_flow_control_loop_pipe_sequential_init
imgds_linear_tiny_flow_control_loop_pipe_sequential_init
imgds_linear_tiny_flow_control_loop_pipe_sequential_init
imgds_linear_tiny_mul_mul_24s_16s_30_4_1
imgds_linear_tiny_flow_control_loop_pipe_sequential_init
imgds_linear_tiny_linear_attention_tiny_Pipeline_VITIS_LOOP_107_14_layers_0_attention_output_wefYi
imgds_linear_tiny_flow_control_loop_pipe_sequential_init
imgds_linear_tiny_fpext_32ns_64_2_no_dsp_1
imgds_linear_tiny_fexp_32ns_32ns_32_10_full_dsp_1
imgds_linear_tiny_linear_attention_tiny_layers_0_attention_output_bias_V_ROM_AUTO_1R
imgds_linear_tiny_linear_attention_tiny_Q_V_RAM_AUTO_1R1W
imgds_linear_tiny_linear_attention_tiny_KV_V_RAM_AUTO_1R1W
imgds_linear_tiny_linear_attention_tiny_K_sum_V_RAM_AUTO_1R1W
imgds_linear_tiny_fadd_32ns_32ns_32_5_full_dsp_1
imgds_linear_tiny_fsqrt_32ns_32ns_32_16_no_dsp_1
imgds_linear_tiny_mul_37s_40ns_76_2_1
imgds_linear_tiny_mul_38s_40ns_77_2_1
imgds_linear_tiny_mul_mul_16s_16s_30_4_1
imgds_linear_tiny_am_submul_16s_16s_16s_26_4_1
imgds_linear_tiny_mac_muladd_16s_11ns_17s_26_4_1
imgds_linear_tiny_mac_muladd_16s_11ns_17ns_26_4_1
imgds_linear_tiny_mac_muladd_16s_10ns_18s_26_4_1
imgds_linear_tiny_flow_control_loop_pipe_sequential_init
imgds_linear_tiny_imgds_linear_tiny_Pipeline_VITIS_LOOP_128_3_layers_0_feedforward_0_weight_V_Rg8j
imgds_linear_tiny_flow_control_loop_pipe_sequential_init
imgds_linear_tiny_mul_mul_10s_15ns_25_4_1
imgds_linear_tiny_imgds_linear_tiny_Pipeline_VITIS_LOOP_139_5_layers_0_feedforward_3_weight_V_Rhbi
imgds_linear_tiny_flow_control_loop_pipe_sequential_init
imgds_linear_tiny_flow_control_loop_pipe_sequential_init
imgds_linear_tiny_flow_control_loop_pipe_sequential_init
imgds_linear_tiny_flow_control_loop_pipe_sequential_init
imgds_linear_tiny_flow_control_loop_pipe_sequential_init
imgds_linear_tiny_flow_control_loop_pipe_sequential_init
imgds_linear_tiny_mac_muladd_16s_11ns_18s_26_4_1
imgds_linear_tiny_layer_norm_tiny_Pipeline_VITIS_LOOP_27_3_output_norm_weight_V_ROM_AUTO_1R
imgds_linear_tiny_layer_norm_tiny_Pipeline_VITIS_LOOP_27_3_output_norm_bias_V_ROM_AUTO_1R
imgds_linear_tiny_flow_control_loop_pipe_sequential_init
imgds_linear_tiny_mac_muladd_16s_10s_18ns_25_4_1
imgds_linear_tiny_mac_muladd_16s_11s_26ns_26_4_1
imgds_linear_tiny_mac_muladd_16s_9ns_25s_26_4_1
imgds_linear_tiny_mac_muladd_16s_9s_26s_26_4_1
imgds_linear_tiny_mac_muladd_16s_10ns_26ns_26_4_1
imgds_linear_tiny_mac_muladd_16s_9ns_26ns_26_4_1
imgds_linear_tiny_mac_muladd_16s_8ns_26s_26_4_1
imgds_linear_tiny_mac_muladd_16s_7ns_26s_26_4_1
imgds_linear_tiny_mac_muladd_16s_10s_26ns_26_4_1
imgds_linear_tiny_fdiv_32ns_32ns_32_16_no_dsp_1
imgds_linear_tiny_fpext_32ns_64_2_no_dsp_1
imgds_linear_tiny_input_projection_bias_V_ROM_AUTO_1R
imgds_linear_tiny_position_embedding_V_ROM_AUTO_1R
imgds_linear_tiny_layers_0_feedforward_0_bias_V_ROM_AUTO_1R
imgds_linear_tiny_layers_0_feedforward_3_bias_V_ROM_AUTO_1R
imgds_linear_tiny_hidden_V_RAM_AUTO_1R1W
imgds_linear_tiny_x_V_RAM_AUTO_1R1W
imgds_linear_tiny_pooled_V_RAM_AUTO_1R1W
imgds_linear_tiny_gmem0_m_axi
imgds_linear_tiny_gmem1_m_axi
imgds_linear_tiny_control_s_axi
imgds_linear_tiny_Pipeline_VITIS_LOOP_163_3
linear_attention_tiny_Pipeline_VITIS_LOOP_48_3
linear_attention_tiny_Pipeline_VITIS_LOOP_63_4_VITIS_LOOP_64_5_VITIS_LOOP_66_6
linear_attention_tiny_Pipeline_VITIS_LOOP_78_8
linear_attention_tiny_Pipeline_VITIS_LOOP_88_10
linear_attention_tiny_Pipeline_VITIS_LOOP_96_11_VITIS_LOOP_98_12
linear_attention_tiny_Pipeline_VITIS_LOOP_107_14
linear_attention_tiny
layer_norm_tiny_1
imgds_linear_tiny_Pipeline_VITIS_LOOP_176_4
imgds_linear_tiny_Pipeline_VITIS_LOOP_128_3
imgds_linear_tiny_Pipeline_VITIS_LOOP_139_5
imgds_linear_tiny_Pipeline_VITIS_LOOP_146_6
imgds_linear_tiny_Pipeline_VITIS_LOOP_179_5
imgds_linear_tiny_Pipeline_VITIS_LOOP_183_6_VITIS_LOOP_185_7
layer_norm_tiny_Pipeline_VITIS_LOOP_19_1
layer_norm_tiny_Pipeline_VITIS_LOOP_22_2
layer_norm_tiny_Pipeline_VITIS_LOOP_27_3
layer_norm_tiny
imgds_linear_tiny
' rtl_lang='both' bootstrap_tcl='false' outdir='' outfilename=''
Execute         source /home/cym/prj2/finn/notebooks/icl_thesis-master/experiments/imgds_linear_sparse/stage4_structural_small_models/hls/tiny_q16_d6_ff12/hls/imgds_linear_tiny_axi/solution1/.autopilot/db/global.setting.tcl 
Execute         source /home/cym/prj2/finn/notebooks/icl_thesis-master/experiments/imgds_linear_sparse/stage4_structural_small_models/hls/tiny_q16_d6_ff12/hls/imgds_linear_tiny_axi/solution1/.autopilot/db/global.setting.tcl 
Execute         source /home/cym/prj2/finn/notebooks/icl_thesis-master/experiments/imgds_linear_sparse/stage4_structural_small_models/hls/tiny_q16_d6_ff12/hls/imgds_linear_tiny_axi/solution1/.autopilot/db/top-io-be.tcl 
Execute         source /home/cym/prj2/finn/notebooks/icl_thesis-master/experiments/imgds_linear_sparse/stage4_structural_small_models/hls/tiny_q16_d6_ff12/hls/imgds_linear_tiny_axi/solution1/.autopilot/db/imgds_linear_tiny.tbgen.tcl 
Execute         source /home/cym/prj2/finn/notebooks/icl_thesis-master/experiments/imgds_linear_sparse/stage4_structural_small_models/hls/tiny_q16_d6_ff12/hls/imgds_linear_tiny_axi/solution1/.autopilot/db/imgds_linear_tiny.compgen.dataonly.tcl 
Execute         source /home/cym/prj2/finn/notebooks/icl_thesis-master/experiments/imgds_linear_sparse/stage4_structural_small_models/hls/tiny_q16_d6_ff12/hls/imgds_linear_tiny_axi/solution1/.autopilot/db/imgds_linear_tiny.compgen.dataonly.tcl 
Execute         source /home/cym/prj2/finn/notebooks/icl_thesis-master/experiments/imgds_linear_sparse/stage4_structural_small_models/hls/tiny_q16_d6_ff12/hls/imgds_linear_tiny_axi/solution1/.autopilot/db/imgds_linear_tiny.rtl_wrap.cfg.tcl 
Execute         source /home/cym/prj2/finn/notebooks/icl_thesis-master/experiments/imgds_linear_sparse/stage4_structural_small_models/hls/tiny_q16_d6_ff12/hls/imgds_linear_tiny_axi/solution1/.autopilot/db/imgds_linear_tiny.compgen.dataonly.tcl 
Execute         source /home/cym/prj2/finn/notebooks/icl_thesis-master/experiments/imgds_linear_sparse/stage4_structural_small_models/hls/tiny_q16_d6_ff12/hls/imgds_linear_tiny_axi/solution1/.autopilot/db/imgds_linear_tiny_Pipeline_VITIS_LOOP_163_3.tbgen.tcl 
Execute         source /home/cym/prj2/finn/notebooks/icl_thesis-master/experiments/imgds_linear_sparse/stage4_structural_small_models/hls/tiny_q16_d6_ff12/hls/imgds_linear_tiny_axi/solution1/.autopilot/db/linear_attention_tiny_Pipeline_VITIS_LOOP_48_3.tbgen.tcl 
Execute         source /home/cym/prj2/finn/notebooks/icl_thesis-master/experiments/imgds_linear_sparse/stage4_structural_small_models/hls/tiny_q16_d6_ff12/hls/imgds_linear_tiny_axi/solution1/.autopilot/db/linear_attention_tiny_Pipeline_VITIS_LOOP_63_4_VITIS_LOOP_64_5_VITIS_LOOP_66_6.tbgen.tcl 
Execute         source /home/cym/prj2/finn/notebooks/icl_thesis-master/experiments/imgds_linear_sparse/stage4_structural_small_models/hls/tiny_q16_d6_ff12/hls/imgds_linear_tiny_axi/solution1/.autopilot/db/linear_attention_tiny_Pipeline_VITIS_LOOP_78_8.tbgen.tcl 
Execute         source /home/cym/prj2/finn/notebooks/icl_thesis-master/experiments/imgds_linear_sparse/stage4_structural_small_models/hls/tiny_q16_d6_ff12/hls/imgds_linear_tiny_axi/solution1/.autopilot/db/linear_attention_tiny_Pipeline_VITIS_LOOP_88_10.tbgen.tcl 
Execute         source /home/cym/prj2/finn/notebooks/icl_thesis-master/experiments/imgds_linear_sparse/stage4_structural_small_models/hls/tiny_q16_d6_ff12/hls/imgds_linear_tiny_axi/solution1/.autopilot/db/linear_attention_tiny_Pipeline_VITIS_LOOP_96_11_VITIS_LOOP_98_12.tbgen.tcl 
Execute         source /home/cym/prj2/finn/notebooks/icl_thesis-master/experiments/imgds_linear_sparse/stage4_structural_small_models/hls/tiny_q16_d6_ff12/hls/imgds_linear_tiny_axi/solution1/.autopilot/db/linear_attention_tiny_Pipeline_VITIS_LOOP_107_14.tbgen.tcl 
Execute         source /home/cym/prj2/finn/notebooks/icl_thesis-master/experiments/imgds_linear_sparse/stage4_structural_small_models/hls/tiny_q16_d6_ff12/hls/imgds_linear_tiny_axi/solution1/.autopilot/db/linear_attention_tiny.tbgen.tcl 
Execute         source /home/cym/prj2/finn/notebooks/icl_thesis-master/experiments/imgds_linear_sparse/stage4_structural_small_models/hls/tiny_q16_d6_ff12/hls/imgds_linear_tiny_axi/solution1/.autopilot/db/layer_norm_tiny_1.tbgen.tcl 
Execute         source /home/cym/prj2/finn/notebooks/icl_thesis-master/experiments/imgds_linear_sparse/stage4_structural_small_models/hls/tiny_q16_d6_ff12/hls/imgds_linear_tiny_axi/solution1/.autopilot/db/imgds_linear_tiny_Pipeline_VITIS_LOOP_176_4.tbgen.tcl 
Execute         source /home/cym/prj2/finn/notebooks/icl_thesis-master/experiments/imgds_linear_sparse/stage4_structural_small_models/hls/tiny_q16_d6_ff12/hls/imgds_linear_tiny_axi/solution1/.autopilot/db/imgds_linear_tiny_Pipeline_VITIS_LOOP_128_3.tbgen.tcl 
Execute         source /home/cym/prj2/finn/notebooks/icl_thesis-master/experiments/imgds_linear_sparse/stage4_structural_small_models/hls/tiny_q16_d6_ff12/hls/imgds_linear_tiny_axi/solution1/.autopilot/db/imgds_linear_tiny_Pipeline_VITIS_LOOP_139_5.tbgen.tcl 
Execute         source /home/cym/prj2/finn/notebooks/icl_thesis-master/experiments/imgds_linear_sparse/stage4_structural_small_models/hls/tiny_q16_d6_ff12/hls/imgds_linear_tiny_axi/solution1/.autopilot/db/imgds_linear_tiny_Pipeline_VITIS_LOOP_146_6.tbgen.tcl 
Execute         source /home/cym/prj2/finn/notebooks/icl_thesis-master/experiments/imgds_linear_sparse/stage4_structural_small_models/hls/tiny_q16_d6_ff12/hls/imgds_linear_tiny_axi/solution1/.autopilot/db/imgds_linear_tiny_Pipeline_VITIS_LOOP_179_5.tbgen.tcl 
Execute         source /home/cym/prj2/finn/notebooks/icl_thesis-master/experiments/imgds_linear_sparse/stage4_structural_small_models/hls/tiny_q16_d6_ff12/hls/imgds_linear_tiny_axi/solution1/.autopilot/db/imgds_linear_tiny_Pipeline_VITIS_LOOP_183_6_VITIS_LOOP_185_7.tbgen.tcl 
Execute         source /home/cym/prj2/finn/notebooks/icl_thesis-master/experiments/imgds_linear_sparse/stage4_structural_small_models/hls/tiny_q16_d6_ff12/hls/imgds_linear_tiny_axi/solution1/.autopilot/db/layer_norm_tiny_Pipeline_VITIS_LOOP_19_1.tbgen.tcl 
Execute         source /home/cym/prj2/finn/notebooks/icl_thesis-master/experiments/imgds_linear_sparse/stage4_structural_small_models/hls/tiny_q16_d6_ff12/hls/imgds_linear_tiny_axi/solution1/.autopilot/db/layer_norm_tiny_Pipeline_VITIS_LOOP_22_2.tbgen.tcl 
Execute         source /home/cym/prj2/finn/notebooks/icl_thesis-master/experiments/imgds_linear_sparse/stage4_structural_small_models/hls/tiny_q16_d6_ff12/hls/imgds_linear_tiny_axi/solution1/.autopilot/db/layer_norm_tiny_Pipeline_VITIS_LOOP_27_3.tbgen.tcl 
Execute         source /home/cym/prj2/finn/notebooks/icl_thesis-master/experiments/imgds_linear_sparse/stage4_structural_small_models/hls/tiny_q16_d6_ff12/hls/imgds_linear_tiny_axi/solution1/.autopilot/db/layer_norm_tiny.tbgen.tcl 
Execute         source /home/cym/prj2/finn/notebooks/icl_thesis-master/experiments/imgds_linear_sparse/stage4_structural_small_models/hls/tiny_q16_d6_ff12/hls/imgds_linear_tiny_axi/solution1/.autopilot/db/imgds_linear_tiny.tbgen.tcl 
Execute         source /home/cym/prj2/finn/notebooks/icl_thesis-master/experiments/imgds_linear_sparse/stage4_structural_small_models/hls/tiny_q16_d6_ff12/hls/imgds_linear_tiny_axi/solution1/.autopilot/db/global.setting.tcl 
Execute         ap_part_info -name xc7z020-clg400-1 -data names -quiet 
Execute         ap_part_info -name xc7z020-clg400-1 -data info -quiet 
Execute         source /home/cym/prj2/finn/notebooks/icl_thesis-master/experiments/imgds_linear_sparse/stage4_structural_small_models/hls/tiny_q16_d6_ff12/hls/imgds_linear_tiny_axi/solution1/.autopilot/db/imgds_linear_tiny.constraint.tcl 
Execute         sc_get_clocks imgds_linear_tiny 
Execute         source /home/cym/prj2/finn/notebooks/icl_thesis-master/experiments/imgds_linear_sparse/stage4_structural_small_models/hls/tiny_q16_d6_ff12/hls/imgds_linear_tiny_axi/solution1/.autopilot/db/global.setting.tcl 
Execute         source /home/cym/prj2/finn/notebooks/icl_thesis-master/experiments/imgds_linear_sparse/stage4_structural_small_models/hls/tiny_q16_d6_ff12/hls/imgds_linear_tiny_axi/solution1/impl/misc/imgds_linear_tiny_fadd_32ns_32ns_32_5_full_dsp_1_ip.tcl 
Execute         source /home/cym/prj2/finn/notebooks/icl_thesis-master/experiments/imgds_linear_sparse/stage4_structural_small_models/hls/tiny_q16_d6_ff12/hls/imgds_linear_tiny_axi/solution1/impl/misc/imgds_linear_tiny_fdiv_32ns_32ns_32_16_no_dsp_1_ip.tcl 
Execute         source /home/cym/prj2/finn/notebooks/icl_thesis-master/experiments/imgds_linear_sparse/stage4_structural_small_models/hls/tiny_q16_d6_ff12/hls/imgds_linear_tiny_axi/solution1/impl/misc/imgds_linear_tiny_fexp_32ns_32ns_32_10_full_dsp_1_ip.tcl 
Execute         source /home/cym/prj2/finn/notebooks/icl_thesis-master/experiments/imgds_linear_sparse/stage4_structural_small_models/hls/tiny_q16_d6_ff12/hls/imgds_linear_tiny_axi/solution1/impl/misc/imgds_linear_tiny_fpext_32ns_64_2_no_dsp_1_ip.tcl 
Execute         source /home/cym/prj2/finn/notebooks/icl_thesis-master/experiments/imgds_linear_sparse/stage4_structural_small_models/hls/tiny_q16_d6_ff12/hls/imgds_linear_tiny_axi/solution1/impl/misc/imgds_linear_tiny_fsqrt_32ns_32ns_32_16_no_dsp_1_ip.tcl 
INFO-FLOW: DBG:PROC: ::HLSREPORTS::add_csynth_report_sections bind_info_dict='adapter_nodes {{BINDTYPE adapter DISPLAY {bind_adapter axilite} ID {} IMPL {} LATENCY {} OPTYPE {} PRAGMA yes RTLNAME control_s_axi_U SOURCE {} VARIABLE {} MODULE imgds_linear_tiny LOOP {} BUNDLEDNAME control DSP 0 BRAM 0 URAM 0} {BINDTYPE adapter DISPLAY {bind_adapter axi_master} ID {} IMPL {} LATENCY {} OPTYPE {} PRAGMA yes RTLNAME gmem0_m_axi_U SOURCE {} VARIABLE {} MODULE imgds_linear_tiny LOOP {} BUNDLEDNAME gmem0 DSP 0 BRAM 0 URAM 0} {BINDTYPE adapter DISPLAY {bind_adapter axi_master} ID {} IMPL {} LATENCY {} OPTYPE {} PRAGMA yes RTLNAME gmem1_m_axi_U SOURCE {} VARIABLE {} MODULE imgds_linear_tiny LOOP {} BUNDLEDNAME gmem1 DSP 0 BRAM 0 URAM 0}} report_dict {TOPINST imgds_linear_tiny MODULE2INSTS {imgds_linear_tiny imgds_linear_tiny linear_attention_tiny grp_linear_attention_tiny_fu_478 linear_attention_tiny_Pipeline_VITIS_LOOP_63_4_VITIS_LOOP_64_5_VITIS_LOOP_66_6 grp_linear_attention_tiny_Pipeline_VITIS_LOOP_63_4_VITIS_LOOP_64_5_VITIS_LOOP_66_6_fu_339 linear_attention_tiny_Pipeline_VITIS_LOOP_48_3 grp_linear_attention_tiny_Pipeline_VITIS_LOOP_48_3_fu_346 linear_attention_tiny_Pipeline_VITIS_LOOP_78_8 grp_linear_attention_tiny_Pipeline_VITIS_LOOP_78_8_fu_363 linear_attention_tiny_Pipeline_VITIS_LOOP_88_10 grp_linear_attention_tiny_Pipeline_VITIS_LOOP_88_10_fu_370 linear_attention_tiny_Pipeline_VITIS_LOOP_96_11_VITIS_LOOP_98_12 grp_linear_attention_tiny_Pipeline_VITIS_LOOP_96_11_VITIS_LOOP_98_12_fu_378 linear_attention_tiny_Pipeline_VITIS_LOOP_107_14 grp_linear_attention_tiny_Pipeline_VITIS_LOOP_107_14_fu_387 imgds_linear_tiny_Pipeline_VITIS_LOOP_163_3 grp_imgds_linear_tiny_Pipeline_VITIS_LOOP_163_3_fu_493 imgds_linear_tiny_Pipeline_VITIS_LOOP_176_4 grp_imgds_linear_tiny_Pipeline_VITIS_LOOP_176_4_fu_508 layer_norm_tiny_1 {grp_layer_norm_tiny_1_fu_56 grp_layer_norm_tiny_1_fu_56} imgds_linear_tiny_Pipeline_VITIS_LOOP_179_5 grp_imgds_linear_tiny_Pipeline_VITIS_LOOP_179_5_fu_513 imgds_linear_tiny_Pipeline_VITIS_LOOP_128_3 grp_imgds_linear_tiny_Pipeline_VITIS_LOOP_128_3_fu_518 imgds_linear_tiny_Pipeline_VITIS_LOOP_146_6 grp_imgds_linear_tiny_Pipeline_VITIS_LOOP_146_6_fu_529 imgds_linear_tiny_Pipeline_VITIS_LOOP_139_5 grp_imgds_linear_tiny_Pipeline_VITIS_LOOP_139_5_fu_536 imgds_linear_tiny_Pipeline_VITIS_LOOP_183_6_VITIS_LOOP_185_7 grp_imgds_linear_tiny_Pipeline_VITIS_LOOP_183_6_VITIS_LOOP_185_7_fu_548 layer_norm_tiny grp_layer_norm_tiny_fu_554 layer_norm_tiny_Pipeline_VITIS_LOOP_19_1 grp_layer_norm_tiny_Pipeline_VITIS_LOOP_19_1_fu_160 layer_norm_tiny_Pipeline_VITIS_LOOP_22_2 grp_layer_norm_tiny_Pipeline_VITIS_LOOP_22_2_fu_167 layer_norm_tiny_Pipeline_VITIS_LOOP_27_3 grp_layer_norm_tiny_Pipeline_VITIS_LOOP_27_3_fu_175} INST2MODULE {imgds_linear_tiny imgds_linear_tiny grp_linear_attention_tiny_fu_478 linear_attention_tiny grp_linear_attention_tiny_Pipeline_VITIS_LOOP_63_4_VITIS_LOOP_64_5_VITIS_LOOP_66_6_fu_339 linear_attention_tiny_Pipeline_VITIS_LOOP_63_4_VITIS_LOOP_64_5_VITIS_LOOP_66_6 grp_linear_attention_tiny_Pipeline_VITIS_LOOP_48_3_fu_346 linear_attention_tiny_Pipeline_VITIS_LOOP_48_3 grp_linear_attention_tiny_Pipeline_VITIS_LOOP_78_8_fu_363 linear_attention_tiny_Pipeline_VITIS_LOOP_78_8 grp_linear_attention_tiny_Pipeline_VITIS_LOOP_88_10_fu_370 linear_attention_tiny_Pipeline_VITIS_LOOP_88_10 grp_linear_attention_tiny_Pipeline_VITIS_LOOP_96_11_VITIS_LOOP_98_12_fu_378 linear_attention_tiny_Pipeline_VITIS_LOOP_96_11_VITIS_LOOP_98_12 grp_linear_attention_tiny_Pipeline_VITIS_LOOP_107_14_fu_387 linear_attention_tiny_Pipeline_VITIS_LOOP_107_14 grp_imgds_linear_tiny_Pipeline_VITIS_LOOP_163_3_fu_493 imgds_linear_tiny_Pipeline_VITIS_LOOP_163_3 grp_imgds_linear_tiny_Pipeline_VITIS_LOOP_176_4_fu_508 imgds_linear_tiny_Pipeline_VITIS_LOOP_176_4 grp_layer_norm_tiny_1_fu_56 layer_norm_tiny_1 grp_imgds_linear_tiny_Pipeline_VITIS_LOOP_179_5_fu_513 imgds_linear_tiny_Pipeline_VITIS_LOOP_179_5 grp_imgds_linear_tiny_Pipeline_VITIS_LOOP_128_3_fu_518 imgds_linear_tiny_Pipeline_VITIS_LOOP_128_3 grp_imgds_linear_tiny_Pipeline_VITIS_LOOP_146_6_fu_529 imgds_linear_tiny_Pipeline_VITIS_LOOP_146_6 grp_imgds_linear_tiny_Pipeline_VITIS_LOOP_139_5_fu_536 imgds_linear_tiny_Pipeline_VITIS_LOOP_139_5 grp_imgds_linear_tiny_Pipeline_VITIS_LOOP_183_6_VITIS_LOOP_185_7_fu_548 imgds_linear_tiny_Pipeline_VITIS_LOOP_183_6_VITIS_LOOP_185_7 grp_layer_norm_tiny_fu_554 layer_norm_tiny grp_layer_norm_tiny_Pipeline_VITIS_LOOP_19_1_fu_160 layer_norm_tiny_Pipeline_VITIS_LOOP_19_1 grp_layer_norm_tiny_Pipeline_VITIS_LOOP_22_2_fu_167 layer_norm_tiny_Pipeline_VITIS_LOOP_22_2 grp_layer_norm_tiny_Pipeline_VITIS_LOOP_27_3_fu_175 layer_norm_tiny_Pipeline_VITIS_LOOP_27_3} INSTDATA {imgds_linear_tiny {DEPTH 1 CHILDREN {grp_linear_attention_tiny_fu_478 grp_imgds_linear_tiny_Pipeline_VITIS_LOOP_163_3_fu_493 grp_imgds_linear_tiny_Pipeline_VITIS_LOOP_176_4_fu_508 grp_imgds_linear_tiny_Pipeline_VITIS_LOOP_179_5_fu_513 grp_imgds_linear_tiny_Pipeline_VITIS_LOOP_128_3_fu_518 grp_imgds_linear_tiny_Pipeline_VITIS_LOOP_146_6_fu_529 grp_imgds_linear_tiny_Pipeline_VITIS_LOOP_139_5_fu_536 grp_imgds_linear_tiny_Pipeline_VITIS_LOOP_183_6_VITIS_LOOP_185_7_fu_548 grp_layer_norm_tiny_fu_554}} grp_linear_attention_tiny_fu_478 {DEPTH 2 CHILDREN {grp_linear_attention_tiny_Pipeline_VITIS_LOOP_63_4_VITIS_LOOP_64_5_VITIS_LOOP_66_6_fu_339 grp_linear_attention_tiny_Pipeline_VITIS_LOOP_48_3_fu_346 grp_linear_attention_tiny_Pipeline_VITIS_LOOP_78_8_fu_363 grp_linear_attention_tiny_Pipeline_VITIS_LOOP_88_10_fu_370 grp_linear_attention_tiny_Pipeline_VITIS_LOOP_96_11_VITIS_LOOP_98_12_fu_378 grp_linear_attention_tiny_Pipeline_VITIS_LOOP_107_14_fu_387}} grp_linear_attention_tiny_Pipeline_VITIS_LOOP_63_4_VITIS_LOOP_64_5_VITIS_LOOP_66_6_fu_339 {DEPTH 3 CHILDREN {}} grp_linear_attention_tiny_Pipeline_VITIS_LOOP_48_3_fu_346 {DEPTH 3 CHILDREN {}} grp_linear_attention_tiny_Pipeline_VITIS_LOOP_78_8_fu_363 {DEPTH 3 CHILDREN {}} grp_linear_attention_tiny_Pipeline_VITIS_LOOP_88_10_fu_370 {DEPTH 3 CHILDREN {}} grp_linear_attention_tiny_Pipeline_VITIS_LOOP_96_11_VITIS_LOOP_98_12_fu_378 {DEPTH 3 CHILDREN {}} grp_linear_attention_tiny_Pipeline_VITIS_LOOP_107_14_fu_387 {DEPTH 3 CHILDREN {}} grp_imgds_linear_tiny_Pipeline_VITIS_LOOP_163_3_fu_493 {DEPTH 2 CHILDREN {}} grp_imgds_linear_tiny_Pipeline_VITIS_LOOP_176_4_fu_508 {DEPTH 2 CHILDREN grp_layer_norm_tiny_1_fu_56} grp_layer_norm_tiny_1_fu_56 {DEPTH 3 CHILDREN {}} grp_imgds_linear_tiny_Pipeline_VITIS_LOOP_179_5_fu_513 {DEPTH 2 CHILDREN grp_layer_norm_tiny_1_fu_56} grp_imgds_linear_tiny_Pipeline_VITIS_LOOP_128_3_fu_518 {DEPTH 2 CHILDREN {}} grp_imgds_linear_tiny_Pipeline_VITIS_LOOP_146_6_fu_529 {DEPTH 2 CHILDREN {}} grp_imgds_linear_tiny_Pipeline_VITIS_LOOP_139_5_fu_536 {DEPTH 2 CHILDREN {}} grp_imgds_linear_tiny_Pipeline_VITIS_LOOP_183_6_VITIS_LOOP_185_7_fu_548 {DEPTH 2 CHILDREN {}} grp_layer_norm_tiny_fu_554 {DEPTH 2 CHILDREN {grp_layer_norm_tiny_Pipeline_VITIS_LOOP_19_1_fu_160 grp_layer_norm_tiny_Pipeline_VITIS_LOOP_22_2_fu_167 grp_layer_norm_tiny_Pipeline_VITIS_LOOP_27_3_fu_175}} grp_layer_norm_tiny_Pipeline_VITIS_LOOP_19_1_fu_160 {DEPTH 3 CHILDREN {}} grp_layer_norm_tiny_Pipeline_VITIS_LOOP_22_2_fu_167 {DEPTH 3 CHILDREN {}} grp_layer_norm_tiny_Pipeline_VITIS_LOOP_27_3_fu_175 {DEPTH 3 CHILDREN {}}} MODULEDATA {imgds_linear_tiny_Pipeline_VITIS_LOOP_163_3 {BINDINFO {{BINDTYPE op ID {} IMPL fabric LATENCY 0 OPTYPE add PRAGMA {} RTLNAME add_ln163_fu_190_p2 SOURCE src/imgds_linear_tiny.cpp:163 VARIABLE add_ln163 LOOP VITIS_LOOP_163_3 BUNDLEDNAME {} DSP 0 BRAM 0 URAM 0 DISPNAME {bind_op add}} {BINDTYPE op ID {} IMPL fabric LATENCY 0 OPTYPE add PRAGMA {} RTLNAME add_ln165_fu_216_p2 SOURCE src/imgds_linear_tiny.cpp:165 VARIABLE add_ln165 LOOP VITIS_LOOP_163_3 BUNDLEDNAME {} DSP 0 BRAM 0 URAM 0 DISPNAME {bind_op add}} {BINDTYPE op ID {} IMPL dsp48 LATENCY 3 OPTYPE mul PRAGMA {} RTLNAME mul_mul_9s_16s_25_4_1_U1 SOURCE /tools/Xilinx/Vitis_HLS/2022.2/common/technology/autopilot/ap_fixed_base.h:1273 VARIABLE r_V_11 LOOP VITIS_LOOP_163_3 BUNDLEDNAME {} DSP 1 BRAM 0 URAM 0 DISPNAME {bind_op mul}} {BINDTYPE op ID {} IMPL fabric LATENCY 0 OPTYPE add PRAGMA {} RTLNAME ret_V_fu_262_p2 SOURCE /tools/Xilinx/Vitis_HLS/2022.2/common/technology/autopilot/ap_fixed_base.h:1347 VARIABLE ret_V LOOP VITIS_LOOP_163_3 BUNDLEDNAME {} DSP 0 BRAM 0 URAM 0 DISPNAME {bind_op add}} {BINDTYPE op ID {} IMPL fabric LATENCY 0 OPTYPE add PRAGMA {} RTLNAME add_ln1347_11_fu_268_p2 SOURCE /tools/Xilinx/Vitis_HLS/2022.2/common/technology/autopilot/ap_fixed_base.h:1347 VARIABLE add_ln1347_11 LOOP VITIS_LOOP_163_3 BUNDLEDNAME {} DSP 0 BRAM 0 URAM 0 DISPNAME {bind_op add}} {BINDTYPE op ID {} IMPL fabric LATENCY 0 OPTYPE add PRAGMA {} RTLNAME add_ln813_fu_294_p2 SOURCE /tools/Xilinx/Vitis_HLS/2022.2/common/technology/autopilot/ap_fixed_base.h:813 VARIABLE add_ln813 LOOP VITIS_LOOP_163_3 BUNDLEDNAME {} DSP 0 BRAM 0 URAM 0 DISPNAME {bind_op add}} {BINDTYPE storage ID {} IMPL auto LATENCY 1 OPTYPE rom_1p PRAGMA {} RTLNAME input_projection_weight_V_U SOURCE {} VARIABLE input_projection_weight_V LOOP {} BUNDLEDNAME {} DSP 0 BRAM 1 URAM 0 DISPNAME {bind_storage rom_1p}}} AREA {DSP 1 BRAM 1 URAM 0}} linear_attention_tiny_Pipeline_VITIS_LOOP_48_3 {BINDINFO {{BINDTYPE op ID {} IMPL fabric LATENCY 0 OPTYPE add PRAGMA {} RTLNAME add_ln48_fu_227_p2 SOURCE src/imgds_linear_tiny.cpp:48 VARIABLE add_ln48 LOOP VITIS_LOOP_48_3 BUNDLEDNAME {} DSP 0 BRAM 0 URAM 0 DISPNAME {bind_op add}} {BINDTYPE op ID {} IMPL fabric LATENCY 0 OPTYPE add PRAGMA {} RTLNAME add_ln50_fu_237_p2 SOURCE src/imgds_linear_tiny.cpp:50 VARIABLE add_ln50 LOOP VITIS_LOOP_48_3 BUNDLEDNAME {} DSP 0 BRAM 0 URAM 0 DISPNAME {bind_op add}} {BINDTYPE op ID {} IMPL fabric LATENCY 0 OPTYPE add PRAGMA {} RTLNAME add_ln51_fu_252_p2 SOURCE src/imgds_linear_tiny.cpp:51 VARIABLE add_ln51 LOOP VITIS_LOOP_48_3 BUNDLEDNAME {} DSP 0 BRAM 0 URAM 0 DISPNAME {bind_op add}} {BINDTYPE op ID {} IMPL dsp48 LATENCY 3 OPTYPE mul PRAGMA {} RTLNAME mul_mul_12s_16s_28_4_1_U11 SOURCE /tools/Xilinx/Vitis_HLS/2022.2/common/technology/autopilot/ap_fixed_base.h:1273 VARIABLE r_V LOOP VITIS_LOOP_48_3 BUNDLEDNAME {} DSP 1 BRAM 0 URAM 0 DISPNAME {bind_op mul}} {BINDTYPE op ID {} IMPL fabric LATENCY 0 OPTYPE add PRAGMA {} RTLNAME ret_V_fu_325_p2 SOURCE /tools/Xilinx/Vitis_HLS/2022.2/common/technology/autopilot/ap_fixed_base.h:1347 VARIABLE ret_V LOOP VITIS_LOOP_48_3 BUNDLEDNAME {} DSP 0 BRAM 0 URAM 0 DISPNAME {bind_op add}} {BINDTYPE op ID {} IMPL fabric LATENCY 0 OPTYPE add PRAGMA {} RTLNAME add_ln1347_1_fu_331_p2 SOURCE /tools/Xilinx/Vitis_HLS/2022.2/common/technology/autopilot/ap_fixed_base.h:1347 VARIABLE add_ln1347_1 LOOP VITIS_LOOP_48_3 BUNDLEDNAME {} DSP 0 BRAM 0 URAM 0 DISPNAME {bind_op add}} {BINDTYPE op ID {} IMPL dsp48 LATENCY 3 OPTYPE mul PRAGMA {} RTLNAME mul_mul_11s_16s_27_4_1_U12 SOURCE /tools/Xilinx/Vitis_HLS/2022.2/common/technology/autopilot/ap_fixed_base.h:1273 VARIABLE r_V_5 LOOP VITIS_LOOP_48_3 BUNDLEDNAME {} DSP 1 BRAM 0 URAM 0 DISPNAME {bind_op mul}} {BINDTYPE op ID {} IMPL fabric LATENCY 0 OPTYPE add PRAGMA {} RTLNAME ret_V_1_fu_373_p2 SOURCE /tools/Xilinx/Vitis_HLS/2022.2/common/technology/autopilot/ap_fixed_base.h:1347 VARIABLE ret_V_1 LOOP VITIS_LOOP_48_3 BUNDLEDNAME {} DSP 0 BRAM 0 URAM 0 DISPNAME {bind_op add}} {BINDTYPE op ID {} IMPL fabric LATENCY 0 OPTYPE add PRAGMA {} RTLNAME add_ln1347_2_fu_379_p2 SOURCE /tools/Xilinx/Vitis_HLS/2022.2/common/technology/autopilot/ap_fixed_base.h:1347 VARIABLE add_ln1347_2 LOOP VITIS_LOOP_48_3 BUNDLEDNAME {} DSP 0 BRAM 0 URAM 0 DISPNAME {bind_op add}} {BINDTYPE op ID {} IMPL dsp48 LATENCY 3 OPTYPE mul PRAGMA {} RTLNAME mul_mul_11s_16s_27_4_1_U13 SOURCE /tools/Xilinx/Vitis_HLS/2022.2/common/technology/autopilot/ap_fixed_base.h:1273 VARIABLE r_V_6 LOOP VITIS_LOOP_48_3 BUNDLEDNAME {} DSP 1 BRAM 0 URAM 0 DISPNAME {bind_op mul}} {BINDTYPE op ID {} IMPL fabric LATENCY 0 OPTYPE add PRAGMA {} RTLNAME ret_V_2_fu_421_p2 SOURCE /tools/Xilinx/Vitis_HLS/2022.2/common/technology/autopilot/ap_fixed_base.h:1347 VARIABLE ret_V_2 LOOP VITIS_LOOP_48_3 BUNDLEDNAME {} DSP 0 BRAM 0 URAM 0 DISPNAME {bind_op add}} {BINDTYPE op ID {} IMPL fabric LATENCY 0 OPTYPE add PRAGMA {} RTLNAME add_ln1347_3_fu_427_p2 SOURCE /tools/Xilinx/Vitis_HLS/2022.2/common/technology/autopilot/ap_fixed_base.h:1347 VARIABLE add_ln1347_3 LOOP VITIS_LOOP_48_3 BUNDLEDNAME {} DSP 0 BRAM 0 URAM 0 DISPNAME {bind_op add}} {BINDTYPE storage ID {} IMPL auto LATENCY 1 OPTYPE rom_1p PRAGMA {} RTLNAME layers_0_attention_query_weight_V_U SOURCE {} VARIABLE layers_0_attention_query_weight_V LOOP {} BUNDLEDNAME {} DSP 0 BRAM 0 URAM 0 DISPNAME {bind_storage rom_1p}} {BINDTYPE storage ID {} IMPL auto LATENCY 1 OPTYPE rom_1p PRAGMA {} RTLNAME layers_0_attention_key_weight_V_U SOURCE {} VARIABLE layers_0_attention_key_weight_V LOOP {} BUNDLEDNAME {} DSP 0 BRAM 0 URAM 0 DISPNAME {bind_storage rom_1p}} {BINDTYPE storage ID {} IMPL auto LATENCY 1 OPTYPE rom_1p PRAGMA {} RTLNAME layers_0_attention_value_weight_V_U SOURCE {} VARIABLE layers_0_attention_value_weight_V LOOP {} BUNDLEDNAME {} DSP 0 BRAM 0 URAM 0 DISPNAME {bind_storage rom_1p}}} AREA {DSP 3 BRAM 0 URAM 0}} linear_attention_tiny_Pipeline_VITIS_LOOP_63_4_VITIS_LOOP_64_5_VITIS_LOOP_66_6 {BINDINFO {{BINDTYPE op ID {} IMPL fabric LATENCY 0 OPTYPE add PRAGMA {} RTLNAME add_ln63_1_fu_185_p2 SOURCE src/imgds_linear_tiny.cpp:63 VARIABLE add_ln63_1 LOOP VITIS_LOOP_63_4_VITIS_LOOP_64_5_VITIS_LOOP_66_6 BUNDLEDNAME {} DSP 0 BRAM 0 URAM 0 DISPNAME {bind_op add}} {BINDTYPE op ID {} IMPL fabric LATENCY 0 OPTYPE add PRAGMA {} RTLNAME add_ln63_fu_230_p2 SOURCE src/imgds_linear_tiny.cpp:63 VARIABLE add_ln63 LOOP VITIS_LOOP_63_4_VITIS_LOOP_64_5_VITIS_LOOP_66_6 BUNDLEDNAME {} DSP 0 BRAM 0 URAM 0 DISPNAME {bind_op add}} {BINDTYPE op ID {} IMPL fabric LATENCY 0 OPTYPE add PRAGMA {} RTLNAME add_ln64_fu_267_p2 SOURCE src/imgds_linear_tiny.cpp:64 VARIABLE add_ln64 LOOP VITIS_LOOP_63_4_VITIS_LOOP_64_5_VITIS_LOOP_66_6 BUNDLEDNAME {} DSP 0 BRAM 0 URAM 0 DISPNAME {bind_op add}} {BINDTYPE op ID {} IMPL fabric LATENCY 0 OPTYPE sub PRAGMA {} RTLNAME sub_ln1271_fu_318_p2 SOURCE /tools/Xilinx/Vitis_HLS/2022.2/common/technology/autopilot/ap_fixed_base.h:1271 VARIABLE sub_ln1271 LOOP VITIS_LOOP_63_4_VITIS_LOOP_64_5_VITIS_LOOP_66_6 BUNDLEDNAME {} DSP 0 BRAM 0 URAM 0 DISPNAME {bind_op sub}} {BINDTYPE op ID {} IMPL fabric LATENCY 0 OPTYPE add PRAGMA {} RTLNAME add_ln1271_fu_351_p2 SOURCE /tools/Xilinx/Vitis_HLS/2022.2/common/technology/autopilot/ap_fixed_base.h:1271 VARIABLE add_ln1271 LOOP VITIS_LOOP_63_4_VITIS_LOOP_64_5_VITIS_LOOP_66_6 BUNDLEDNAME {} DSP 0 BRAM 0 URAM 0 DISPNAME {bind_op add}} {BINDTYPE op ID {} IMPL fabric LATENCY 0 OPTYPE add PRAGMA {} RTLNAME add_ln1273_fu_361_p2 SOURCE /tools/Xilinx/Vitis_HLS/2022.2/common/technology/autopilot/ap_fixed_base.h:1273 VARIABLE add_ln1273 LOOP VITIS_LOOP_63_4_VITIS_LOOP_64_5_VITIS_LOOP_66_6 BUNDLEDNAME {} DSP 0 BRAM 0 URAM 0 DISPNAME {bind_op add}} {BINDTYPE op ID {} IMPL dsp48 LATENCY 3 OPTYPE mul PRAGMA {} RTLNAME mac_muladd_16s_16s_30ns_30_4_1_U25 SOURCE /tools/Xilinx/Vitis_HLS/2022.2/common/technology/autopilot/ap_fixed_base.h:1347 VARIABLE mul_ln1347 LOOP VITIS_LOOP_63_4_VITIS_LOOP_64_5_VITIS_LOOP_66_6 BUNDLEDNAME {} DSP 1 BRAM 0 URAM 0 DISPNAME {bind_op mul}} {BINDTYPE op ID {} IMPL dsp48 LATENCY 3 OPTYPE add PRAGMA {} RTLNAME mac_muladd_16s_16s_30ns_30_4_1_U25 SOURCE /tools/Xilinx/Vitis_HLS/2022.2/common/technology/autopilot/ap_fixed_base.h:1347 VARIABLE ret_V LOOP VITIS_LOOP_63_4_VITIS_LOOP_64_5_VITIS_LOOP_66_6 BUNDLEDNAME {} DSP 1 BRAM 0 URAM 0 DISPNAME {bind_op add}} {BINDTYPE op ID {} IMPL fabric LATENCY 0 OPTYPE add PRAGMA {} RTLNAME add_ln66_fu_324_p2 SOURCE src/imgds_linear_tiny.cpp:66 VARIABLE add_ln66 LOOP VITIS_LOOP_63_4_VITIS_LOOP_64_5_VITIS_LOOP_66_6 BUNDLEDNAME {} DSP 0 BRAM 0 URAM 0 DISPNAME {bind_op add}} {BINDTYPE op ID {} IMPL fabric LATENCY 0 OPTYPE add PRAGMA {} RTLNAME add_ln64_1_fu_197_p2 SOURCE src/imgds_linear_tiny.cpp:64 VARIABLE add_ln64_1 LOOP VITIS_LOOP_63_4_VITIS_LOOP_64_5_VITIS_LOOP_66_6 BUNDLEDNAME {} DSP 0 BRAM 0 URAM 0 DISPNAME {bind_op add}}} AREA {DSP 1 BRAM 0 URAM 0}} linear_attention_tiny_Pipeline_VITIS_LOOP_78_8 {BINDINFO {{BINDTYPE op ID {} IMPL fabric LATENCY 0 OPTYPE add PRAGMA {} RTLNAME add_ln78_fu_109_p2 SOURCE src/imgds_linear_tiny.cpp:78 VARIABLE add_ln78 LOOP VITIS_LOOP_78_8 BUNDLEDNAME {} DSP 0 BRAM 0 URAM 0 DISPNAME {bind_op add}} {BINDTYPE op ID {} IMPL fabric LATENCY 0 OPTYPE add PRAGMA {} RTLNAME s_V_2_fu_177_p2 SOURCE /tools/Xilinx/Vitis_HLS/2022.2/common/technology/autopilot/ap_fixed_base.h:813 VARIABLE s_V_2 LOOP VITIS_LOOP_78_8 BUNDLEDNAME {} DSP 0 BRAM 0 URAM 0 DISPNAME {bind_op add}}} AREA {DSP 0 BRAM 0 URAM 0}} linear_attention_tiny_Pipeline_VITIS_LOOP_88_10 {BINDINFO {{BINDTYPE op ID {} IMPL fabric LATENCY 0 OPTYPE add PRAGMA {} RTLNAME add_ln88_fu_114_p2 SOURCE src/imgds_linear_tiny.cpp:88 VARIABLE add_ln88 LOOP VITIS_LOOP_88_10 BUNDLEDNAME {} DSP 0 BRAM 0 URAM 0 DISPNAME {bind_op add}} {BINDTYPE op ID {} IMPL fabric LATENCY 0 OPTYPE add PRAGMA {} RTLNAME add_ln1271_fu_129_p2 SOURCE /tools/Xilinx/Vitis_HLS/2022.2/common/technology/autopilot/ap_fixed_base.h:1271 VARIABLE add_ln1271 LOOP VITIS_LOOP_88_10 BUNDLEDNAME {} DSP 0 BRAM 0 URAM 0 DISPNAME {bind_op add}} {BINDTYPE op ID {} IMPL dsp48 LATENCY 3 OPTYPE mul PRAGMA {} RTLNAME mac_muladd_16s_16s_30ns_30_4_1_U33 SOURCE /tools/Xilinx/Vitis_HLS/2022.2/common/technology/autopilot/ap_fixed_base.h:1347 VARIABLE mul_ln1347 LOOP VITIS_LOOP_88_10 BUNDLEDNAME {} DSP 1 BRAM 0 URAM 0 DISPNAME {bind_op mul}} {BINDTYPE op ID {} IMPL dsp48 LATENCY 3 OPTYPE add PRAGMA {} RTLNAME mac_muladd_16s_16s_30ns_30_4_1_U33 SOURCE /tools/Xilinx/Vitis_HLS/2022.2/common/technology/autopilot/ap_fixed_base.h:1347 VARIABLE ret_V LOOP VITIS_LOOP_88_10 BUNDLEDNAME {} DSP 1 BRAM 0 URAM 0 DISPNAME {bind_op add}}} AREA {DSP 1 BRAM 0 URAM 0}} linear_attention_tiny_Pipeline_VITIS_LOOP_96_11_VITIS_LOOP_98_12 {BINDINFO {{BINDTYPE op ID {} IMPL fabric LATENCY 0 OPTYPE add PRAGMA {} RTLNAME add_ln96_1_fu_166_p2 SOURCE src/imgds_linear_tiny.cpp:96 VARIABLE add_ln96_1 LOOP VITIS_LOOP_96_11_VITIS_LOOP_98_12 BUNDLEDNAME {} DSP 0 BRAM 0 URAM 0 DISPNAME {bind_op add}} {BINDTYPE op ID {} IMPL fabric LATENCY 0 OPTYPE add PRAGMA {} RTLNAME add_ln96_fu_178_p2 SOURCE src/imgds_linear_tiny.cpp:96 VARIABLE add_ln96 LOOP VITIS_LOOP_96_11_VITIS_LOOP_98_12 BUNDLEDNAME {} DSP 0 BRAM 0 URAM 0 DISPNAME {bind_op add}} {BINDTYPE op ID {} IMPL fabric LATENCY 0 OPTYPE add PRAGMA {} RTLNAME add_ln1271_fu_239_p2 SOURCE /tools/Xilinx/Vitis_HLS/2022.2/common/technology/autopilot/ap_fixed_base.h:1271 VARIABLE add_ln1271 LOOP VITIS_LOOP_96_11_VITIS_LOOP_98_12 BUNDLEDNAME {} DSP 0 BRAM 0 URAM 0 DISPNAME {bind_op add}} {BINDTYPE op ID {} IMPL dsp48 LATENCY 3 OPTYPE mul PRAGMA {} RTLNAME mac_muladd_16s_16s_30ns_30_4_1_U38 SOURCE /tools/Xilinx/Vitis_HLS/2022.2/common/technology/autopilot/ap_fixed_base.h:1347 VARIABLE mul_ln1347 LOOP VITIS_LOOP_96_11_VITIS_LOOP_98_12 BUNDLEDNAME {} DSP 1 BRAM 0 URAM 0 DISPNAME {bind_op mul}} {BINDTYPE op ID {} IMPL dsp48 LATENCY 3 OPTYPE add PRAGMA {} RTLNAME mac_muladd_16s_16s_30ns_30_4_1_U38 SOURCE /tools/Xilinx/Vitis_HLS/2022.2/common/technology/autopilot/ap_fixed_base.h:1347 VARIABLE ret_V LOOP VITIS_LOOP_96_11_VITIS_LOOP_98_12 BUNDLEDNAME {} DSP 1 BRAM 0 URAM 0 DISPNAME {bind_op add}} {BINDTYPE op ID {} IMPL fabric LATENCY 0 OPTYPE add PRAGMA {} RTLNAME add_ln98_fu_206_p2 SOURCE src/imgds_linear_tiny.cpp:98 VARIABLE add_ln98 LOOP VITIS_LOOP_96_11_VITIS_LOOP_98_12 BUNDLEDNAME {} DSP 0 BRAM 0 URAM 0 DISPNAME {bind_op add}} {BINDTYPE op ID {} IMPL dsp48 LATENCY 3 OPTYPE mul PRAGMA {} RTLNAME mul_mul_24s_16s_30_4_1_U39 SOURCE /tools/Xilinx/Vitis_HLS/2022.2/common/technology/autopilot/ap_fixed_base.h:1270 VARIABLE mul_ln1270 LOOP VITIS_LOOP_96_11_VITIS_LOOP_98_12 BUNDLEDNAME {} DSP 1 BRAM 0 URAM 0 DISPNAME {bind_op mul}}} AREA {DSP 2 BRAM 0 URAM 0}} linear_attention_tiny_Pipeline_VITIS_LOOP_107_14 {BINDINFO {{BINDTYPE op ID {} IMPL fabric LATENCY 0 OPTYPE add PRAGMA {} RTLNAME add_ln107_fu_156_p2 SOURCE src/imgds_linear_tiny.cpp:107 VARIABLE add_ln107 LOOP VITIS_LOOP_107_14 BUNDLEDNAME {} DSP 0 BRAM 0 URAM 0 DISPNAME {bind_op add}} {BINDTYPE op ID {} IMPL fabric LATENCY 0 OPTYPE add PRAGMA {} RTLNAME add_ln109_fu_171_p2 SOURCE src/imgds_linear_tiny.cpp:109 VARIABLE add_ln109 LOOP VITIS_LOOP_107_14 BUNDLEDNAME {} DSP 0 BRAM 0 URAM 0 DISPNAME {bind_op add}} {BINDTYPE op ID {} IMPL dsp48 LATENCY 3 OPTYPE mul PRAGMA {} RTLNAME mul_mul_11s_16s_27_4_1_U46 SOURCE /tools/Xilinx/Vitis_HLS/2022.2/common/technology/autopilot/ap_fixed_base.h:1273 VARIABLE r_V_8 LOOP VITIS_LOOP_107_14 BUNDLEDNAME {} DSP 1 BRAM 0 URAM 0 DISPNAME {bind_op mul}} {BINDTYPE op ID {} IMPL fabric LATENCY 0 OPTYPE add PRAGMA {} RTLNAME ret_V_fu_230_p2 SOURCE /tools/Xilinx/Vitis_HLS/2022.2/common/technology/autopilot/ap_fixed_base.h:1347 VARIABLE ret_V LOOP VITIS_LOOP_107_14 BUNDLEDNAME {} DSP 0 BRAM 0 URAM 0 DISPNAME {bind_op add}} {BINDTYPE op ID {} IMPL fabric LATENCY 0 OPTYPE add PRAGMA {} RTLNAME add_ln1347_4_fu_236_p2 SOURCE /tools/Xilinx/Vitis_HLS/2022.2/common/technology/autopilot/ap_fixed_base.h:1347 VARIABLE add_ln1347_4 LOOP VITIS_LOOP_107_14 BUNDLEDNAME {} DSP 0 BRAM 0 URAM 0 DISPNAME {bind_op add}} {BINDTYPE op ID {} IMPL fabric LATENCY 0 OPTYPE add PRAGMA {} RTLNAME add_ln813_fu_262_p2 SOURCE /tools/Xilinx/Vitis_HLS/2022.2/common/technology/autopilot/ap_fixed_base.h:813 VARIABLE add_ln813 LOOP VITIS_LOOP_107_14 BUNDLEDNAME {} DSP 0 BRAM 0 URAM 0 DISPNAME {bind_op add}} {BINDTYPE storage ID {} IMPL auto LATENCY 1 OPTYPE rom_1p PRAGMA {} RTLNAME layers_0_attention_output_weight_V_U SOURCE {} VARIABLE layers_0_attention_output_weight_V LOOP {} BUNDLEDNAME {} DSP 0 BRAM 0 URAM 0 DISPNAME {bind_storage rom_1p}}} AREA {DSP 1 BRAM 0 URAM 0}} linear_attention_tiny {BINDINFO {{BINDTYPE storage ID {} IMPL auto LATENCY 1 OPTYPE ram_1p PRAGMA {} RTLNAME Q_V_U SOURCE src/imgds_linear_tiny.cpp:42 VARIABLE Q_V LOOP {} BUNDLEDNAME {} DSP 0 BRAM 1 URAM 0 DISPNAME {bind_storage ram_1p}} {BINDTYPE storage ID {} IMPL auto LATENCY 1 OPTYPE ram_1p PRAGMA {} RTLNAME K_V_U SOURCE src/imgds_linear_tiny.cpp:42 VARIABLE K_V LOOP {} BUNDLEDNAME {} DSP 0 BRAM 1 URAM 0 DISPNAME {bind_storage ram_1p}} {BINDTYPE storage ID {} IMPL auto LATENCY 1 OPTYPE ram_1p PRAGMA {} RTLNAME V_V_U SOURCE src/imgds_linear_tiny.cpp:42 VARIABLE V_V LOOP {} BUNDLEDNAME {} DSP 0 BRAM 1 URAM 0 DISPNAME {bind_storage ram_1p}} {BINDTYPE storage ID {} IMPL auto LATENCY 1 OPTYPE ram_1p PRAGMA {} RTLNAME KV_V_U SOURCE src/imgds_linear_tiny.cpp:62 VARIABLE KV_V LOOP {} BUNDLEDNAME {} DSP 0 BRAM 0 URAM 0 DISPNAME {bind_storage ram_1p}} {BINDTYPE storage ID {} IMPL auto LATENCY 1 OPTYPE ram_1p PRAGMA {} RTLNAME K_sum_V_U SOURCE src/imgds_linear_tiny.cpp:75 VARIABLE K_sum_V LOOP {} BUNDLEDNAME {} DSP 0 BRAM 0 URAM 0 DISPNAME {bind_storage ram_1p}} {BINDTYPE storage ID {} IMPL auto LATENCY 1 OPTYPE ram_1p PRAGMA {} RTLNAME attended_V_U SOURCE src/imgds_linear_tiny.cpp:95 VARIABLE attended_V LOOP {} BUNDLEDNAME {} DSP 0 BRAM 0 URAM 0 DISPNAME {bind_storage ram_1p}} {BINDTYPE op ID {} IMPL fabric LATENCY 0 OPTYPE add PRAGMA {} RTLNAME add_ln45_1_fu_444_p2 SOURCE src/imgds_linear_tiny.cpp:45 VARIABLE add_ln45_1 LOOP VITIS_LOOP_45_1_VITIS_LOOP_46_2 BUNDLEDNAME {} DSP 0 BRAM 0 URAM 0 DISPNAME {bind_op add}} {BINDTYPE op ID {} IMPL fabric LATENCY 0 OPTYPE add PRAGMA {} RTLNAME add_ln45_fu_456_p2 SOURCE src/imgds_linear_tiny.cpp:45 VARIABLE add_ln45 LOOP VITIS_LOOP_45_1_VITIS_LOOP_46_2 BUNDLEDNAME {} DSP 0 BRAM 0 URAM 0 DISPNAME {bind_op add}} {BINDTYPE op ID {} IMPL fabric LATENCY 0 OPTYPE sub PRAGMA {} RTLNAME sub_ln50_fu_508_p2 SOURCE src/imgds_linear_tiny.cpp:50 VARIABLE sub_ln50 LOOP VITIS_LOOP_45_1_VITIS_LOOP_46_2 BUNDLEDNAME {} DSP 0 BRAM 0 URAM 0 DISPNAME {bind_op sub}} {BINDTYPE op ID {} IMPL fabric LATENCY 0 OPTYPE add PRAGMA {} RTLNAME add_ln55_fu_543_p2 SOURCE src/imgds_linear_tiny.cpp:55 VARIABLE add_ln55 LOOP VITIS_LOOP_45_1_VITIS_LOOP_46_2 BUNDLEDNAME {} DSP 0 BRAM 0 URAM 0 DISPNAME {bind_op add}} {BINDTYPE op ID {} IMPL fabric LATENCY 0 OPTYPE sub PRAGMA {} RTLNAME empty_72_fu_566_p2 SOURCE src/imgds_linear_tiny.cpp:45 VARIABLE empty_72 LOOP VITIS_LOOP_45_1_VITIS_LOOP_46_2 BUNDLEDNAME {} DSP 0 BRAM 0 URAM 0 DISPNAME {bind_op sub}} {BINDTYPE op ID {} IMPL fabric LATENCY 0 OPTYPE add PRAGMA {} RTLNAME add_ln813_fu_1443_p2 SOURCE /tools/Xilinx/Vitis_HLS/2022.2/common/technology/autopilot/ap_fixed_base.h:813 VARIABLE add_ln813 LOOP VITIS_LOOP_45_1_VITIS_LOOP_46_2 BUNDLEDNAME {} DSP 0 BRAM 0 URAM 0 DISPNAME {bind_op add}} {BINDTYPE op ID {} IMPL fabric LATENCY 0 OPTYPE sub PRAGMA {} RTLNAME tmp_V_4_fu_587_p2 SOURCE /tools/Xilinx/Vitis_HLS/2022.2/common/technology/autopilot/ap_fixed_base.h:1094 VARIABLE tmp_V_4 LOOP VITIS_LOOP_45_1_VITIS_LOOP_46_2 BUNDLEDNAME {} DSP 0 BRAM 0 URAM 0 DISPNAME {bind_op sub}} {BINDTYPE op ID {} IMPL fabric LATENCY 0 OPTYPE sub PRAGMA {} RTLNAME sub_ln1099_fu_623_p2 SOURCE /tools/Xilinx/Vitis_HLS/2022.2/common/technology/autopilot/ap_fixed_base.h:1099 VARIABLE sub_ln1099 LOOP VITIS_LOOP_45_1_VITIS_LOOP_46_2 BUNDLEDNAME {} DSP 0 BRAM 0 URAM 0 DISPNAME {bind_op sub}} {BINDTYPE op ID {} IMPL fabric LATENCY 0 OPTYPE add PRAGMA {} RTLNAME lsb_index_fu_703_p2 SOURCE /tools/Xilinx/Vitis_HLS/2022.2/common/technology/autopilot/ap_fixed_base.h:1099 VARIABLE lsb_index LOOP VITIS_LOOP_45_1_VITIS_LOOP_46_2 BUNDLEDNAME {} DSP 0 BRAM 0 URAM 0 DISPNAME {bind_op add}} {BINDTYPE op ID {} IMPL fabric LATENCY 0 OPTYPE sub PRAGMA {} RTLNAME sub_ln1102_fu_724_p2 SOURCE /tools/Xilinx/Vitis_HLS/2022.2/common/technology/autopilot/ap_fixed_base.h:1102 VARIABLE sub_ln1102 LOOP VITIS_LOOP_45_1_VITIS_LOOP_46_2 BUNDLEDNAME {} DSP 0 BRAM 0 URAM 0 DISPNAME {bind_op sub}} {BINDTYPE op ID {} IMPL fabric LATENCY 0 OPTYPE add PRAGMA {} RTLNAME add_ln1104_fu_770_p2 SOURCE /tools/Xilinx/Vitis_HLS/2022.2/common/technology/autopilot/ap_fixed_base.h:1104 VARIABLE add_ln1104 LOOP VITIS_LOOP_45_1_VITIS_LOOP_46_2 BUNDLEDNAME {} DSP 0 BRAM 0 URAM 0 DISPNAME {bind_op add}} {BINDTYPE op ID {} IMPL fabric LATENCY 0 OPTYPE add PRAGMA {} RTLNAME add_ln1113_fu_916_p2 SOURCE /tools/Xilinx/Vitis_HLS/2022.2/common/technology/autopilot/ap_fixed_base.h:1113 VARIABLE add_ln1113 LOOP VITIS_LOOP_45_1_VITIS_LOOP_46_2 BUNDLEDNAME {} DSP 0 BRAM 0 URAM 0 DISPNAME {bind_op add}} {BINDTYPE op ID {} IMPL fabric LATENCY 0 OPTYPE sub PRAGMA {} RTLNAME sub_ln1114_fu_931_p2 SOURCE /tools/Xilinx/Vitis_HLS/2022.2/common/technology/autopilot/ap_fixed_base.h:1114 VARIABLE sub_ln1114 LOOP VITIS_LOOP_45_1_VITIS_LOOP_46_2 BUNDLEDNAME {} DSP 0 BRAM 0 URAM 0 DISPNAME {bind_op sub}} {BINDTYPE op ID {} IMPL fabric LATENCY 0 OPTYPE add PRAGMA {} RTLNAME m_4_fu_956_p2 SOURCE /tools/Xilinx/Vitis_HLS/2022.2/common/technology/autopilot/ap_fixed_base.h:1116 VARIABLE m_4 LOOP VITIS_LOOP_45_1_VITIS_LOOP_46_2 BUNDLEDNAME {} DSP 0 BRAM 0 URAM 0 DISPNAME {bind_op add}} {BINDTYPE op ID {} IMPL fulldsp LATENCY 9 OPTYPE fexp PRAGMA {} RTLNAME fexp_32ns_32ns_32_10_full_dsp_1_U56 SOURCE src/imgds_linear_tiny.cpp:13 VARIABLE d_assign LOOP VITIS_LOOP_45_1_VITIS_LOOP_46_2 BUNDLEDNAME {} DSP 7 BRAM 0 URAM 0 DISPNAME {bind_op fexp}} {BINDTYPE op ID {} IMPL fabric LATENCY 0 OPTYPE sub PRAGMA {} RTLNAME man_V_1_fu_1236_p2 SOURCE /tools/Xilinx/Vitis_HLS/2022.2/common/technology/autopilot/ap_int_base.h:455 VARIABLE man_V_1 LOOP VITIS_LOOP_45_1_VITIS_LOOP_46_2 BUNDLEDNAME {} DSP 0 BRAM 0 URAM 0 DISPNAME {bind_op sub}} {BINDTYPE op ID {} IMPL fabric LATENCY 0 OPTYPE sub PRAGMA {} RTLNAME F2_fu_1249_p2 SOURCE /tools/Xilinx/Vitis_HLS/2022.2/common/technology/autopilot/ap_fixed_base.h:564 VARIABLE F2 LOOP VITIS_LOOP_45_1_VITIS_LOOP_46_2 BUNDLEDNAME {} DSP 0 BRAM 0 URAM 0 DISPNAME {bind_op sub}} {BINDTYPE op ID {} IMPL fabric LATENCY 0 OPTYPE add PRAGMA {} RTLNAME add_ln570_fu_1261_p2 SOURCE /tools/Xilinx/Vitis_HLS/2022.2/common/technology/autopilot/ap_fixed_base.h:570 VARIABLE add_ln570 LOOP VITIS_LOOP_45_1_VITIS_LOOP_46_2 BUNDLEDNAME {} DSP 0 BRAM 0 URAM 0 DISPNAME {bind_op add}} {BINDTYPE op ID {} IMPL fabric LATENCY 0 OPTYPE sub PRAGMA {} RTLNAME sub_ln570_fu_1267_p2 SOURCE /tools/Xilinx/Vitis_HLS/2022.2/common/technology/autopilot/ap_fixed_base.h:570 VARIABLE sub_ln570 LOOP VITIS_LOOP_45_1_VITIS_LOOP_46_2 BUNDLEDNAME {} DSP 0 BRAM 0 URAM 0 DISPNAME {bind_op sub}} {BINDTYPE op ID {} IMPL fabric LATENCY 0 OPTYPE add PRAGMA {} RTLNAME add_ln813_1_fu_1501_p2 SOURCE /tools/Xilinx/Vitis_HLS/2022.2/common/technology/autopilot/ap_fixed_base.h:813 VARIABLE add_ln813_1 LOOP VITIS_LOOP_45_1_VITIS_LOOP_46_2 BUNDLEDNAME {} DSP 0 BRAM 0 URAM 0 DISPNAME {bind_op add}} {BINDTYPE op ID {} IMPL fabric LATENCY 0 OPTYPE sub PRAGMA {} RTLNAME tmp_V_5_fu_649_p2 SOURCE /tools/Xilinx/Vitis_HLS/2022.2/common/technology/autopilot/ap_fixed_base.h:1094 VARIABLE tmp_V_5 LOOP VITIS_LOOP_45_1_VITIS_LOOP_46_2 BUNDLEDNAME {} DSP 0 BRAM 0 URAM 0 DISPNAME {bind_op sub}} {BINDTYPE op ID {} IMPL fabric LATENCY 0 OPTYPE sub PRAGMA {} RTLNAME sub_ln1099_2_fu_685_p2 SOURCE /tools/Xilinx/Vitis_HLS/2022.2/common/technology/autopilot/ap_fixed_base.h:1099 VARIABLE sub_ln1099_2 LOOP VITIS_LOOP_45_1_VITIS_LOOP_46_2 BUNDLEDNAME {} DSP 0 BRAM 0 URAM 0 DISPNAME {bind_op sub}} {BINDTYPE op ID {} IMPL fabric LATENCY 0 OPTYPE add PRAGMA {} RTLNAME lsb_index_1_fu_808_p2 SOURCE /tools/Xilinx/Vitis_HLS/2022.2/common/technology/autopilot/ap_fixed_base.h:1099 VARIABLE lsb_index_1 LOOP VITIS_LOOP_45_1_VITIS_LOOP_46_2 BUNDLEDNAME {} DSP 0 BRAM 0 URAM 0 DISPNAME {bind_op add}} {BINDTYPE op ID {} IMPL fabric LATENCY 0 OPTYPE sub PRAGMA {} RTLNAME sub_ln1102_1_fu_829_p2 SOURCE /tools/Xilinx/Vitis_HLS/2022.2/common/technology/autopilot/ap_fixed_base.h:1102 VARIABLE sub_ln1102_1 LOOP VITIS_LOOP_45_1_VITIS_LOOP_46_2 BUNDLEDNAME {} DSP 0 BRAM 0 URAM 0 DISPNAME {bind_op sub}} {BINDTYPE op ID {} IMPL fabric LATENCY 0 OPTYPE add PRAGMA {} RTLNAME add_ln1104_2_fu_875_p2 SOURCE /tools/Xilinx/Vitis_HLS/2022.2/common/technology/autopilot/ap_fixed_base.h:1104 VARIABLE add_ln1104_2 LOOP VITIS_LOOP_45_1_VITIS_LOOP_46_2 BUNDLEDNAME {} DSP 0 BRAM 0 URAM 0 DISPNAME {bind_op add}} {BINDTYPE op ID {} IMPL fabric LATENCY 0 OPTYPE add PRAGMA {} RTLNAME add_ln1113_2_fu_983_p2 SOURCE /tools/Xilinx/Vitis_HLS/2022.2/common/technology/autopilot/ap_fixed_base.h:1113 VARIABLE add_ln1113_2 LOOP VITIS_LOOP_45_1_VITIS_LOOP_46_2 BUNDLEDNAME {} DSP 0 BRAM 0 URAM 0 DISPNAME {bind_op add}} {BINDTYPE op ID {} IMPL fabric LATENCY 0 OPTYPE sub PRAGMA {} RTLNAME sub_ln1114_2_fu_998_p2 SOURCE /tools/Xilinx/Vitis_HLS/2022.2/common/technology/autopilot/ap_fixed_base.h:1114 VARIABLE sub_ln1114_2 LOOP VITIS_LOOP_45_1_VITIS_LOOP_46_2 BUNDLEDNAME {} DSP 0 BRAM 0 URAM 0 DISPNAME {bind_op sub}} {BINDTYPE op ID {} IMPL fabric LATENCY 0 OPTYPE add PRAGMA {} RTLNAME m_7_fu_1023_p2 SOURCE /tools/Xilinx/Vitis_HLS/2022.2/common/technology/autopilot/ap_fixed_base.h:1116 VARIABLE m_7 LOOP VITIS_LOOP_45_1_VITIS_LOOP_46_2 BUNDLEDNAME {} DSP 0 BRAM 0 URAM 0 DISPNAME {bind_op add}} {BINDTYPE op ID {} IMPL fulldsp LATENCY 9 OPTYPE fexp PRAGMA {} RTLNAME fexp_32ns_32ns_32_10_full_dsp_1_U57 SOURCE src/imgds_linear_tiny.cpp:13 VARIABLE d_assign_2 LOOP VITIS_LOOP_45_1_VITIS_LOOP_46_2 BUNDLEDNAME {} DSP 7 BRAM 0 URAM 0 DISPNAME {bind_op fexp}} {BINDTYPE op ID {} IMPL fabric LATENCY 0 OPTYPE sub PRAGMA {} RTLNAME man_V_4_fu_1349_p2 SOURCE /tools/Xilinx/Vitis_HLS/2022.2/common/technology/autopilot/ap_int_base.h:455 VARIABLE man_V_4 LOOP VITIS_LOOP_45_1_VITIS_LOOP_46_2 BUNDLEDNAME {} DSP 0 BRAM 0 URAM 0 DISPNAME {bind_op sub}} {BINDTYPE op ID {} IMPL fabric LATENCY 0 OPTYPE sub PRAGMA {} RTLNAME F2_1_fu_1362_p2 SOURCE /tools/Xilinx/Vitis_HLS/2022.2/common/technology/autopilot/ap_fixed_base.h:564 VARIABLE F2_1 LOOP VITIS_LOOP_45_1_VITIS_LOOP_46_2 BUNDLEDNAME {} DSP 0 BRAM 0 URAM 0 DISPNAME {bind_op sub}} {BINDTYPE op ID {} IMPL fabric LATENCY 0 OPTYPE add PRAGMA {} RTLNAME add_ln570_2_fu_1374_p2 SOURCE /tools/Xilinx/Vitis_HLS/2022.2/common/technology/autopilot/ap_fixed_base.h:570 VARIABLE add_ln570_2 LOOP VITIS_LOOP_45_1_VITIS_LOOP_46_2 BUNDLEDNAME {} DSP 0 BRAM 0 URAM 0 DISPNAME {bind_op add}} {BINDTYPE op ID {} IMPL fabric LATENCY 0 OPTYPE sub PRAGMA {} RTLNAME sub_ln570_2_fu_1380_p2 SOURCE /tools/Xilinx/Vitis_HLS/2022.2/common/technology/autopilot/ap_fixed_base.h:570 VARIABLE sub_ln570_2 LOOP VITIS_LOOP_45_1_VITIS_LOOP_46_2 BUNDLEDNAME {} DSP 0 BRAM 0 URAM 0 DISPNAME {bind_op sub}} {BINDTYPE op ID {} IMPL fabric LATENCY 0 OPTYPE add PRAGMA {} RTLNAME add_ln46_fu_514_p2 SOURCE src/imgds_linear_tiny.cpp:46 VARIABLE add_ln46 LOOP VITIS_LOOP_45_1_VITIS_LOOP_46_2 BUNDLEDNAME {} DSP 0 BRAM 0 URAM 0 DISPNAME {bind_op add}} {BINDTYPE op ID {} IMPL fabric LATENCY 0 OPTYPE add PRAGMA {} RTLNAME add_ln76_fu_1690_p2 SOURCE src/imgds_linear_tiny.cpp:76 VARIABLE add_ln76 LOOP VITIS_LOOP_76_7 BUNDLEDNAME {} DSP 0 BRAM 0 URAM 0 DISPNAME {bind_op add}} {BINDTYPE op ID {} IMPL fabric LATENCY 0 OPTYPE add PRAGMA {} RTLNAME add_ln86_fu_1737_p2 SOURCE src/imgds_linear_tiny.cpp:86 VARIABLE add_ln86 LOOP VITIS_LOOP_86_9 BUNDLEDNAME {} DSP 0 BRAM 0 URAM 0 DISPNAME {bind_op add}} {BINDTYPE op ID {} IMPL fabric LATENCY 0 OPTYPE sub PRAGMA {} RTLNAME sub_ln813_fu_1763_p2 SOURCE /tools/Xilinx/Vitis_HLS/2022.2/common/technology/autopilot/ap_fixed_base.h:813 VARIABLE sub_ln813 LOOP VITIS_LOOP_86_9 BUNDLEDNAME {} DSP 0 BRAM 0 URAM 0 DISPNAME {bind_op sub}} {BINDTYPE op ID {} IMPL fabric LATENCY 0 OPTYPE sub PRAGMA {} RTLNAME tmp_V_fu_1787_p2 SOURCE /tools/Xilinx/Vitis_HLS/2022.2/common/technology/autopilot/ap_fixed_base.h:1094 VARIABLE tmp_V LOOP VITIS_LOOP_86_9 BUNDLEDNAME {} DSP 0 BRAM 0 URAM 0 DISPNAME {bind_op sub}} {BINDTYPE op ID {} IMPL fabric LATENCY 0 OPTYPE sub PRAGMA {} RTLNAME sub_ln1099_1_fu_1831_p2 SOURCE /tools/Xilinx/Vitis_HLS/2022.2/common/technology/autopilot/ap_fixed_base.h:1099 VARIABLE sub_ln1099_1 LOOP VITIS_LOOP_86_9 BUNDLEDNAME {} DSP 0 BRAM 0 URAM 0 DISPNAME {bind_op sub}} {BINDTYPE op ID {} IMPL fabric LATENCY 0 OPTYPE add PRAGMA {} RTLNAME lsb_index_2_fu_1849_p2 SOURCE /tools/Xilinx/Vitis_HLS/2022.2/common/technology/autopilot/ap_fixed_base.h:1099 VARIABLE lsb_index_2 LOOP VITIS_LOOP_86_9 BUNDLEDNAME {} DSP 0 BRAM 0 URAM 0 DISPNAME {bind_op add}} {BINDTYPE op ID {} IMPL fabric LATENCY 0 OPTYPE sub PRAGMA {} RTLNAME sub_ln1102_2_fu_1870_p2 SOURCE /tools/Xilinx/Vitis_HLS/2022.2/common/technology/autopilot/ap_fixed_base.h:1102 VARIABLE sub_ln1102_2 LOOP VITIS_LOOP_86_9 BUNDLEDNAME {} DSP 0 BRAM 0 URAM 0 DISPNAME {bind_op sub}} {BINDTYPE op ID {} IMPL fabric LATENCY 0 OPTYPE add PRAGMA {} RTLNAME add_ln1104_1_fu_1916_p2 SOURCE /tools/Xilinx/Vitis_HLS/2022.2/common/technology/autopilot/ap_fixed_base.h:1104 VARIABLE add_ln1104_1 LOOP VITIS_LOOP_86_9 BUNDLEDNAME {} DSP 0 BRAM 0 URAM 0 DISPNAME {bind_op add}} {BINDTYPE op ID {} IMPL fabric LATENCY 0 OPTYPE add PRAGMA {} RTLNAME add_ln1113_1_fu_1957_p2 SOURCE /tools/Xilinx/Vitis_HLS/2022.2/common/technology/autopilot/ap_fixed_base.h:1113 VARIABLE add_ln1113_1 LOOP VITIS_LOOP_86_9 BUNDLEDNAME {} DSP 0 BRAM 0 URAM 0 DISPNAME {bind_op add}} {BINDTYPE op ID {} IMPL fabric LATENCY 0 OPTYPE sub PRAGMA {} RTLNAME sub_ln1114_1_fu_1972_p2 SOURCE /tools/Xilinx/Vitis_HLS/2022.2/common/technology/autopilot/ap_fixed_base.h:1114 VARIABLE sub_ln1114_1 LOOP VITIS_LOOP_86_9 BUNDLEDNAME {} DSP 0 BRAM 0 URAM 0 DISPNAME {bind_op sub}} {BINDTYPE op ID {} IMPL fabric LATENCY 0 OPTYPE add PRAGMA {} RTLNAME m_12_fu_1997_p2 SOURCE /tools/Xilinx/Vitis_HLS/2022.2/common/technology/autopilot/ap_fixed_base.h:1116 VARIABLE m_12 LOOP VITIS_LOOP_86_9 BUNDLEDNAME {} DSP 0 BRAM 0 URAM 0 DISPNAME {bind_op add}} {BINDTYPE op ID {} IMPL fabric LATENCY 0 OPTYPE sub PRAGMA {} RTLNAME man_V_7_fu_2126_p2 SOURCE /tools/Xilinx/Vitis_HLS/2022.2/common/technology/autopilot/ap_int_base.h:455 VARIABLE man_V_7 LOOP VITIS_LOOP_86_9 BUNDLEDNAME {} DSP 0 BRAM 0 URAM 0 DISPNAME {bind_op sub}} {BINDTYPE op ID {} IMPL fabric LATENCY 0 OPTYPE sub PRAGMA {} RTLNAME F2_2_fu_2139_p2 SOURCE /tools/Xilinx/Vitis_HLS/2022.2/common/technology/autopilot/ap_fixed_base.h:564 VARIABLE F2_2 LOOP VITIS_LOOP_86_9 BUNDLEDNAME {} DSP 0 BRAM 0 URAM 0 DISPNAME {bind_op sub}} {BINDTYPE op ID {} IMPL fabric LATENCY 0 OPTYPE add PRAGMA {} RTLNAME add_ln570_1_fu_2151_p2 SOURCE /tools/Xilinx/Vitis_HLS/2022.2/common/technology/autopilot/ap_fixed_base.h:570 VARIABLE add_ln570_1 LOOP VITIS_LOOP_86_9 BUNDLEDNAME {} DSP 0 BRAM 0 URAM 0 DISPNAME {bind_op add}} {BINDTYPE op ID {} IMPL fabric LATENCY 0 OPTYPE sub PRAGMA {} RTLNAME sub_ln570_1_fu_2157_p2 SOURCE /tools/Xilinx/Vitis_HLS/2022.2/common/technology/autopilot/ap_fixed_base.h:570 VARIABLE sub_ln570_1 LOOP VITIS_LOOP_86_9 BUNDLEDNAME {} DSP 0 BRAM 0 URAM 0 DISPNAME {bind_op sub}} {BINDTYPE op ID {} IMPL fabric LATENCY 0 OPTYPE add PRAGMA {} RTLNAME add_ln105_fu_2313_p2 SOURCE src/imgds_linear_tiny.cpp:105 VARIABLE add_ln105 LOOP VITIS_LOOP_105_13 BUNDLEDNAME {} DSP 0 BRAM 0 URAM 0 DISPNAME {bind_op add}} {BINDTYPE op ID {} IMPL fabric LATENCY 0 OPTYPE add PRAGMA {} RTLNAME add_ln813_2_fu_2332_p2 SOURCE /tools/Xilinx/Vitis_HLS/2022.2/common/technology/autopilot/ap_fixed_base.h:813 VARIABLE add_ln813_2 LOOP VITIS_LOOP_105_13 BUNDLEDNAME {} DSP 0 BRAM 0 URAM 0 DISPNAME {bind_op add}} {BINDTYPE op ID {} IMPL fabric LATENCY 0 OPTYPE sub PRAGMA {} RTLNAME empty_76_fu_2367_p2 SOURCE src/imgds_linear_tiny.cpp:105 VARIABLE empty_76 LOOP VITIS_LOOP_105_13 BUNDLEDNAME {} DSP 0 BRAM 0 URAM 0 DISPNAME {bind_op sub}} {BINDTYPE storage ID {} IMPL auto LATENCY 1 OPTYPE rom_1p PRAGMA {} RTLNAME layers_0_attention_output_bias_V_U SOURCE {} VARIABLE layers_0_attention_output_bias_V LOOP {} BUNDLEDNAME {} DSP 0 BRAM 0 URAM 0 DISPNAME {bind_storage rom_1p}}} AREA {DSP 22 BRAM 3 URAM 0}} layer_norm_tiny_1 {BINDINFO {{BINDTYPE op ID {} IMPL fabric LATENCY 0 OPTYPE sub PRAGMA {} RTLNAME sub_ln837_fu_389_p2 SOURCE /tools/Xilinx/Vitis_HLS/2022.2/common/technology/autopilot/ap_fixed_base.h:837 VARIABLE sub_ln837 LOOP {} BUNDLEDNAME {} DSP 0 BRAM 0 URAM 0 DISPNAME {bind_op sub}} {BINDTYPE op ID {} IMPL fabric LATENCY 0 OPTYPE add PRAGMA {} RTLNAME add_ln837_fu_411_p2 SOURCE /tools/Xilinx/Vitis_HLS/2022.2/common/technology/autopilot/ap_fixed_base.h:837 VARIABLE add_ln837 LOOP {} BUNDLEDNAME {} DSP 0 BRAM 0 URAM 0 DISPNAME {bind_op add}} {BINDTYPE op ID {} IMPL fabric LATENCY 0 OPTYPE add PRAGMA {} RTLNAME add_ln837_1_fu_421_p2 SOURCE /tools/Xilinx/Vitis_HLS/2022.2/common/technology/autopilot/ap_fixed_base.h:837 VARIABLE add_ln837_1 LOOP {} BUNDLEDNAME {} DSP 0 BRAM 0 URAM 0 DISPNAME {bind_op add}} {BINDTYPE op ID {} IMPL fabric LATENCY 0 OPTYPE add PRAGMA {} RTLNAME add_ln837_2_fu_431_p2 SOURCE /tools/Xilinx/Vitis_HLS/2022.2/common/technology/autopilot/ap_fixed_base.h:837 VARIABLE add_ln837_2 LOOP {} BUNDLEDNAME {} DSP 0 BRAM 0 URAM 0 DISPNAME {bind_op add}} {BINDTYPE op ID {} IMPL fabric LATENCY 0 OPTYPE add PRAGMA {} RTLNAME add_ln837_3_fu_441_p2 SOURCE /tools/Xilinx/Vitis_HLS/2022.2/common/technology/autopilot/ap_fixed_base.h:837 VARIABLE add_ln837_3 LOOP {} BUNDLEDNAME {} DSP 0 BRAM 0 URAM 0 DISPNAME {bind_op add}} {BINDTYPE op ID {} IMPL fabric LATENCY 0 OPTYPE add PRAGMA {} RTLNAME add_ln813_fu_517_p2 SOURCE /tools/Xilinx/Vitis_HLS/2022.2/common/technology/autopilot/ap_fixed_base.h:813 VARIABLE add_ln813 LOOP {} BUNDLEDNAME {} DSP 0 BRAM 0 URAM 0 DISPNAME {bind_op add}} {BINDTYPE op ID {} IMPL fabric LATENCY 0 OPTYPE add PRAGMA {} RTLNAME add_ln813_3_fu_527_p2 SOURCE /tools/Xilinx/Vitis_HLS/2022.2/common/technology/autopilot/ap_fixed_base.h:813 VARIABLE add_ln813_3 LOOP {} BUNDLEDNAME {} DSP 0 BRAM 0 URAM 0 DISPNAME {bind_op add}} {BINDTYPE op ID {} IMPL fabric LATENCY 0 OPTYPE add PRAGMA {} RTLNAME add_ln813_4_fu_537_p2 SOURCE /tools/Xilinx/Vitis_HLS/2022.2/common/technology/autopilot/ap_fixed_base.h:813 VARIABLE add_ln813_4 LOOP {} BUNDLEDNAME {} DSP 0 BRAM 0 URAM 0 DISPNAME {bind_op add}} {BINDTYPE op ID {} IMPL fabric LATENCY 0 OPTYPE add PRAGMA {} RTLNAME add_ln813_5_fu_547_p2 SOURCE /tools/Xilinx/Vitis_HLS/2022.2/common/technology/autopilot/ap_fixed_base.h:813 VARIABLE add_ln813_5 LOOP {} BUNDLEDNAME {} DSP 0 BRAM 0 URAM 0 DISPNAME {bind_op add}} {BINDTYPE op ID {} IMPL fabric LATENCY 0 OPTYPE add PRAGMA {} RTLNAME add_ln813_6_fu_557_p2 SOURCE /tools/Xilinx/Vitis_HLS/2022.2/common/technology/autopilot/ap_fixed_base.h:813 VARIABLE add_ln813_6 LOOP {} BUNDLEDNAME {} DSP 0 BRAM 0 URAM 0 DISPNAME {bind_op add}} {BINDTYPE op ID {} IMPL auto LATENCY 1 OPTYPE mul PRAGMA {} RTLNAME mul_37s_40ns_76_2_1_U69 SOURCE /tools/Xilinx/Vitis_HLS/2022.2/common/technology/autopilot/ap_fixed_base.h:1303 VARIABLE mul_ln1303 LOOP {} BUNDLEDNAME {} DSP 4 BRAM 0 URAM 0 DISPNAME {bind_op mul}} {BINDTYPE op ID {} IMPL fabric LATENCY 0 OPTYPE sub PRAGMA {} RTLNAME sub_ln1303_fu_598_p2 SOURCE /tools/Xilinx/Vitis_HLS/2022.2/common/technology/autopilot/ap_fixed_base.h:1303 VARIABLE sub_ln1303 LOOP {} BUNDLEDNAME {} DSP 0 BRAM 0 URAM 0 DISPNAME {bind_op sub}} {BINDTYPE op ID {} IMPL fabric LATENCY 0 OPTYPE sub PRAGMA {} RTLNAME sub_ln1303_1_fu_623_p2 SOURCE /tools/Xilinx/Vitis_HLS/2022.2/common/technology/autopilot/ap_fixed_base.h:1303 VARIABLE sub_ln1303_1 LOOP {} BUNDLEDNAME {} DSP 0 BRAM 0 URAM 0 DISPNAME {bind_op sub}} {BINDTYPE op ID {} IMPL fabric LATENCY 0 OPTYPE sub PRAGMA {} RTLNAME sub_ln813_fu_654_p2 SOURCE /tools/Xilinx/Vitis_HLS/2022.2/common/technology/autopilot/ap_fixed_base.h:813 VARIABLE sub_ln813 LOOP {} BUNDLEDNAME {} DSP 0 BRAM 0 URAM 0 DISPNAME {bind_op sub}} {BINDTYPE op ID {} IMPL dsp48 LATENCY 3 OPTYPE mul PRAGMA {} RTLNAME mul_mul_16s_16s_30_4_1_U71 SOURCE /tools/Xilinx/Vitis_HLS/2022.2/common/technology/autopilot/ap_fixed_base.h:818 VARIABLE mul_ln818 LOOP {} BUNDLEDNAME {} DSP 1 BRAM 0 URAM 0 DISPNAME {bind_op mul}} {BINDTYPE op ID {} IMPL fabric LATENCY 0 OPTYPE sub PRAGMA {} RTLNAME sub_ln813_1_fu_663_p2 SOURCE /tools/Xilinx/Vitis_HLS/2022.2/common/technology/autopilot/ap_fixed_base.h:813 VARIABLE sub_ln813_1 LOOP {} BUNDLEDNAME {} DSP 0 BRAM 0 URAM 0 DISPNAME {bind_op sub}} {BINDTYPE op ID {} IMPL dsp48 LATENCY 3 OPTYPE mul PRAGMA {} RTLNAME mac_muladd_16s_16s_30ns_30_4_1_U72 SOURCE /tools/Xilinx/Vitis_HLS/2022.2/common/technology/autopilot/ap_fixed_base.h:1347 VARIABLE mul_ln1347 LOOP {} BUNDLEDNAME {} DSP 1 BRAM 0 URAM 0 DISPNAME {bind_op mul}} {BINDTYPE op ID {} IMPL dsp48 LATENCY 3 OPTYPE add PRAGMA {} RTLNAME mac_muladd_16s_16s_30ns_30_4_1_U72 SOURCE /tools/Xilinx/Vitis_HLS/2022.2/common/technology/autopilot/ap_fixed_base.h:1347 VARIABLE add_ln1347 LOOP {} BUNDLEDNAME {} DSP 1 BRAM 0 URAM 0 DISPNAME {bind_op add}} {BINDTYPE op ID {} IMPL fabric LATENCY 0 OPTYPE sub PRAGMA {} RTLNAME sub_ln813_2_fu_671_p2 SOURCE /tools/Xilinx/Vitis_HLS/2022.2/common/technology/autopilot/ap_fixed_base.h:813 VARIABLE sub_ln813_2 LOOP {} BUNDLEDNAME {} DSP 0 BRAM 0 URAM 0 DISPNAME {bind_op sub}} {BINDTYPE op ID {} IMPL dsp48 LATENCY 3 OPTYPE mul PRAGMA {} RTLNAME mac_muladd_16s_16s_30ns_30_4_1_U73 SOURCE /tools/Xilinx/Vitis_HLS/2022.2/common/technology/autopilot/ap_fixed_base.h:1347 VARIABLE mul_ln1347_1 LOOP {} BUNDLEDNAME {} DSP 1 BRAM 0 URAM 0 DISPNAME {bind_op mul}} {BINDTYPE op ID {} IMPL dsp48 LATENCY 3 OPTYPE add PRAGMA {} RTLNAME mac_muladd_16s_16s_30ns_30_4_1_U73 SOURCE /tools/Xilinx/Vitis_HLS/2022.2/common/technology/autopilot/ap_fixed_base.h:1347 VARIABLE add_ln1347_1 LOOP {} BUNDLEDNAME {} DSP 1 BRAM 0 URAM 0 DISPNAME {bind_op add}} {BINDTYPE op ID {} IMPL fabric LATENCY 0 OPTYPE sub PRAGMA {} RTLNAME sub_ln813_3_fu_696_p2 SOURCE /tools/Xilinx/Vitis_HLS/2022.2/common/technology/autopilot/ap_fixed_base.h:813 VARIABLE sub_ln813_3 LOOP {} BUNDLEDNAME {} DSP 0 BRAM 0 URAM 0 DISPNAME {bind_op sub}} {BINDTYPE op ID {} IMPL dsp48 LATENCY 3 OPTYPE mul PRAGMA {} RTLNAME mac_muladd_16s_16s_30ns_30_4_1_U74 SOURCE /tools/Xilinx/Vitis_HLS/2022.2/common/technology/autopilot/ap_fixed_base.h:1347 VARIABLE mul_ln1347_2 LOOP {} BUNDLEDNAME {} DSP 1 BRAM 0 URAM 0 DISPNAME {bind_op mul}} {BINDTYPE op ID {} IMPL dsp48 LATENCY 3 OPTYPE add PRAGMA {} RTLNAME mac_muladd_16s_16s_30ns_30_4_1_U74 SOURCE /tools/Xilinx/Vitis_HLS/2022.2/common/technology/autopilot/ap_fixed_base.h:1347 VARIABLE add_ln1347_2 LOOP {} BUNDLEDNAME {} DSP 1 BRAM 0 URAM 0 DISPNAME {bind_op add}} {BINDTYPE op ID {} IMPL fabric LATENCY 0 OPTYPE sub PRAGMA {} RTLNAME sub_ln813_4_fu_721_p2 SOURCE /tools/Xilinx/Vitis_HLS/2022.2/common/technology/autopilot/ap_fixed_base.h:813 VARIABLE sub_ln813_4 LOOP {} BUNDLEDNAME {} DSP 0 BRAM 0 URAM 0 DISPNAME {bind_op sub}} {BINDTYPE op ID {} IMPL dsp48 LATENCY 3 OPTYPE mul PRAGMA {} RTLNAME mac_muladd_16s_16s_30ns_30_4_1_U75 SOURCE /tools/Xilinx/Vitis_HLS/2022.2/common/technology/autopilot/ap_fixed_base.h:1347 VARIABLE mul_ln1347_3 LOOP {} BUNDLEDNAME {} DSP 1 BRAM 0 URAM 0 DISPNAME {bind_op mul}} {BINDTYPE op ID {} IMPL dsp48 LATENCY 3 OPTYPE add PRAGMA {} RTLNAME mac_muladd_16s_16s_30ns_30_4_1_U75 SOURCE /tools/Xilinx/Vitis_HLS/2022.2/common/technology/autopilot/ap_fixed_base.h:1347 VARIABLE add_ln1347_3 LOOP {} BUNDLEDNAME {} DSP 1 BRAM 0 URAM 0 DISPNAME {bind_op add}} {BINDTYPE op ID {} IMPL fabric LATENCY 0 OPTYPE sub PRAGMA {} RTLNAME sub_ln813_5_fu_746_p2 SOURCE /tools/Xilinx/Vitis_HLS/2022.2/common/technology/autopilot/ap_fixed_base.h:813 VARIABLE sub_ln813_5 LOOP {} BUNDLEDNAME {} DSP 0 BRAM 0 URAM 0 DISPNAME {bind_op sub}} {BINDTYPE op ID {} IMPL dsp48 LATENCY 3 OPTYPE mul PRAGMA {} RTLNAME mac_muladd_16s_16s_30ns_30_4_1_U76 SOURCE /tools/Xilinx/Vitis_HLS/2022.2/common/technology/autopilot/ap_fixed_base.h:1347 VARIABLE mul_ln1347_4 LOOP {} BUNDLEDNAME {} DSP 1 BRAM 0 URAM 0 DISPNAME {bind_op mul}} {BINDTYPE op ID {} IMPL dsp48 LATENCY 3 OPTYPE add PRAGMA {} RTLNAME mac_muladd_16s_16s_30ns_30_4_1_U76 SOURCE /tools/Xilinx/Vitis_HLS/2022.2/common/technology/autopilot/ap_fixed_base.h:1347 VARIABLE add_ln1347_4 LOOP {} BUNDLEDNAME {} DSP 1 BRAM 0 URAM 0 DISPNAME {bind_op add}} {BINDTYPE op ID {} IMPL auto LATENCY 1 OPTYPE mul PRAGMA {} RTLNAME mul_38s_40ns_77_2_1_U70 SOURCE /tools/Xilinx/Vitis_HLS/2022.2/common/technology/autopilot/ap_fixed_base.h:1303 VARIABLE mul_ln1303_1 LOOP {} BUNDLEDNAME {} DSP 4 BRAM 0 URAM 0 DISPNAME {bind_op mul}} {BINDTYPE op ID {} IMPL fabric LATENCY 0 OPTYPE sub PRAGMA {} RTLNAME sub_ln1303_2_fu_831_p2 SOURCE /tools/Xilinx/Vitis_HLS/2022.2/common/technology/autopilot/ap_fixed_base.h:1303 VARIABLE sub_ln1303_2 LOOP {} BUNDLEDNAME {} DSP 0 BRAM 0 URAM 0 DISPNAME {bind_op sub}} {BINDTYPE op ID {} IMPL fabric LATENCY 0 OPTYPE sub PRAGMA {} RTLNAME sub_ln1303_3_fu_856_p2 SOURCE /tools/Xilinx/Vitis_HLS/2022.2/common/technology/autopilot/ap_fixed_base.h:1303 VARIABLE sub_ln1303_3 LOOP {} BUNDLEDNAME {} DSP 0 BRAM 0 URAM 0 DISPNAME {bind_op sub}} {BINDTYPE op ID {} IMPL fabric LATENCY 0 OPTYPE sub PRAGMA {} RTLNAME tmp_V_fu_901_p2 SOURCE /tools/Xilinx/Vitis_HLS/2022.2/common/technology/autopilot/ap_fixed_base.h:1094 VARIABLE tmp_V LOOP {} BUNDLEDNAME {} DSP 0 BRAM 0 URAM 0 DISPNAME {bind_op sub}} {BINDTYPE op ID {} IMPL fabric LATENCY 0 OPTYPE sub PRAGMA {} RTLNAME sub_ln1099_fu_945_p2 SOURCE /tools/Xilinx/Vitis_HLS/2022.2/common/technology/autopilot/ap_fixed_base.h:1099 VARIABLE sub_ln1099 LOOP {} BUNDLEDNAME {} DSP 0 BRAM 0 URAM 0 DISPNAME {bind_op sub}} {BINDTYPE op ID {} IMPL fabric LATENCY 0 OPTYPE add PRAGMA {} RTLNAME lsb_index_fu_963_p2 SOURCE /tools/Xilinx/Vitis_HLS/2022.2/common/technology/autopilot/ap_fixed_base.h:1099 VARIABLE lsb_index LOOP {} BUNDLEDNAME {} DSP 0 BRAM 0 URAM 0 DISPNAME {bind_op add}} {BINDTYPE op ID {} IMPL fabric LATENCY 0 OPTYPE sub PRAGMA {} RTLNAME sub_ln1102_fu_984_p2 SOURCE /tools/Xilinx/Vitis_HLS/2022.2/common/technology/autopilot/ap_fixed_base.h:1102 VARIABLE sub_ln1102 LOOP {} BUNDLEDNAME {} DSP 0 BRAM 0 URAM 0 DISPNAME {bind_op sub}} {BINDTYPE op ID {} IMPL fabric LATENCY 0 OPTYPE add PRAGMA {} RTLNAME add_ln1104_fu_1030_p2 SOURCE /tools/Xilinx/Vitis_HLS/2022.2/common/technology/autopilot/ap_fixed_base.h:1104 VARIABLE add_ln1104 LOOP {} BUNDLEDNAME {} DSP 0 BRAM 0 URAM 0 DISPNAME {bind_op add}} {BINDTYPE op ID {} IMPL fabric LATENCY 0 OPTYPE add PRAGMA {} RTLNAME add_ln1113_fu_1071_p2 SOURCE /tools/Xilinx/Vitis_HLS/2022.2/common/technology/autopilot/ap_fixed_base.h:1113 VARIABLE add_ln1113 LOOP {} BUNDLEDNAME {} DSP 0 BRAM 0 URAM 0 DISPNAME {bind_op add}} {BINDTYPE op ID {} IMPL fabric LATENCY 0 OPTYPE sub PRAGMA {} RTLNAME sub_ln1114_fu_1086_p2 SOURCE /tools/Xilinx/Vitis_HLS/2022.2/common/technology/autopilot/ap_fixed_base.h:1114 VARIABLE sub_ln1114 LOOP {} BUNDLEDNAME {} DSP 0 BRAM 0 URAM 0 DISPNAME {bind_op sub}} {BINDTYPE op ID {} IMPL fabric LATENCY 0 OPTYPE add PRAGMA {} RTLNAME m_18_fu_1111_p2 SOURCE /tools/Xilinx/Vitis_HLS/2022.2/common/technology/autopilot/ap_fixed_base.h:1116 VARIABLE m_18 LOOP {} BUNDLEDNAME {} DSP 0 BRAM 0 URAM 0 DISPNAME {bind_op add}} {BINDTYPE op ID {} IMPL fulldsp LATENCY 4 OPTYPE fadd PRAGMA {} RTLNAME fadd_32ns_32ns_32_5_full_dsp_1_U65 SOURCE /tools/Xilinx/Vitis_HLS/2022.2/common/technology/autopilot/ap_common.h:766 VARIABLE phitmp LOOP {} BUNDLEDNAME {} DSP 2 BRAM 0 URAM 0 DISPNAME {bind_op fadd}} {BINDTYPE op ID {} IMPL fabric LATENCY 15 OPTYPE fsqrt PRAGMA {} RTLNAME fsqrt_32ns_32ns_32_16_no_dsp_1_U68 SOURCE src/imgds_linear_tiny.cpp:25 VARIABLE tmp LOOP {} BUNDLEDNAME {} DSP 0 BRAM 0 URAM 0 DISPNAME {bind_op fsqrt}} {BINDTYPE op ID {} IMPL fabric LATENCY 15 OPTYPE fdiv PRAGMA {} RTLNAME fdiv_32ns_32ns_32_16_no_dsp_1_U66 SOURCE src/imgds_linear_tiny.cpp:25 VARIABLE finv LOOP {} BUNDLEDNAME {} DSP 0 BRAM 0 URAM 0 DISPNAME {bind_op fdiv}} {BINDTYPE op ID {} IMPL fabric LATENCY 0 OPTYPE sub PRAGMA {} RTLNAME man_V_9_fu_1240_p2 SOURCE /tools/Xilinx/Vitis_HLS/2022.2/common/technology/autopilot/ap_int_base.h:455 VARIABLE man_V_9 LOOP {} BUNDLEDNAME {} DSP 0 BRAM 0 URAM 0 DISPNAME {bind_op sub}} {BINDTYPE op ID {} IMPL fabric LATENCY 0 OPTYPE sub PRAGMA {} RTLNAME F2_fu_1253_p2 SOURCE /tools/Xilinx/Vitis_HLS/2022.2/common/technology/autopilot/ap_fixed_base.h:564 VARIABLE F2 LOOP {} BUNDLEDNAME {} DSP 0 BRAM 0 URAM 0 DISPNAME {bind_op sub}} {BINDTYPE op ID {} IMPL fabric LATENCY 0 OPTYPE add PRAGMA {} RTLNAME add_ln570_fu_1265_p2 SOURCE /tools/Xilinx/Vitis_HLS/2022.2/common/technology/autopilot/ap_fixed_base.h:570 VARIABLE add_ln570 LOOP {} BUNDLEDNAME {} DSP 0 BRAM 0 URAM 0 DISPNAME {bind_op add}} {BINDTYPE op ID {} IMPL fabric LATENCY 0 OPTYPE sub PRAGMA {} RTLNAME sub_ln570_fu_1271_p2 SOURCE /tools/Xilinx/Vitis_HLS/2022.2/common/technology/autopilot/ap_fixed_base.h:570 VARIABLE sub_ln570 LOOP {} BUNDLEDNAME {} DSP 0 BRAM 0 URAM 0 DISPNAME {bind_op sub}} {BINDTYPE op ID {} IMPL dsp48 LATENCY 3 OPTYPE sub PRAGMA {} RTLNAME am_submul_16s_16s_16s_26_4_1_U77 SOURCE /tools/Xilinx/Vitis_HLS/2022.2/common/technology/autopilot/ap_fixed_base.h:1348 VARIABLE sub_ln1348 LOOP {} BUNDLEDNAME {} DSP 1 BRAM 0 URAM 0 DISPNAME {bind_op sub}} {BINDTYPE op ID {} IMPL dsp48 LATENCY 3 OPTYPE mul PRAGMA {} RTLNAME am_submul_16s_16s_16s_26_4_1_U77 SOURCE /tools/Xilinx/Vitis_HLS/2022.2/common/technology/autopilot/ap_fixed_base.h:818 VARIABLE mul_ln818_1 LOOP {} BUNDLEDNAME {} DSP 1 BRAM 0 URAM 0 DISPNAME {bind_op mul}} {BINDTYPE op ID {} IMPL dsp48 LATENCY 3 OPTYPE mul PRAGMA {} RTLNAME mac_muladd_16s_11ns_17s_26_4_1_U83 SOURCE /tools/Xilinx/Vitis_HLS/2022.2/common/technology/autopilot/ap_fixed_base.h:837 VARIABLE mul_ln837 LOOP {} BUNDLEDNAME {} DSP 1 BRAM 0 URAM 0 DISPNAME {bind_op mul}} {BINDTYPE op ID {} IMPL dsp48 LATENCY 3 OPTYPE add PRAGMA {} RTLNAME mac_muladd_16s_11ns_17s_26_4_1_U83 SOURCE /tools/Xilinx/Vitis_HLS/2022.2/common/technology/autopilot/ap_fixed_base.h:1347 VARIABLE add_ln1347_5 LOOP {} BUNDLEDNAME {} DSP 1 BRAM 0 URAM 0 DISPNAME {bind_op add}} {BINDTYPE op ID {} IMPL dsp48 LATENCY 3 OPTYPE sub PRAGMA {} RTLNAME am_submul_16s_16s_16s_26_4_1_U78 SOURCE /tools/Xilinx/Vitis_HLS/2022.2/common/technology/autopilot/ap_fixed_base.h:1348 VARIABLE sub_ln1348_1 LOOP {} BUNDLEDNAME {} DSP 1 BRAM 0 URAM 0 DISPNAME {bind_op sub}} {BINDTYPE op ID {} IMPL dsp48 LATENCY 3 OPTYPE mul PRAGMA {} RTLNAME am_submul_16s_16s_16s_26_4_1_U78 SOURCE /tools/Xilinx/Vitis_HLS/2022.2/common/technology/autopilot/ap_fixed_base.h:818 VARIABLE mul_ln818_2 LOOP {} BUNDLEDNAME {} DSP 1 BRAM 0 URAM 0 DISPNAME {bind_op mul}} {BINDTYPE op ID {} IMPL dsp48 LATENCY 3 OPTYPE mul PRAGMA {} RTLNAME mac_muladd_16s_11ns_17ns_26_4_1_U84 SOURCE /tools/Xilinx/Vitis_HLS/2022.2/common/technology/autopilot/ap_fixed_base.h:837 VARIABLE mul_ln837_1 LOOP {} BUNDLEDNAME {} DSP 1 BRAM 0 URAM 0 DISPNAME {bind_op mul}} {BINDTYPE op ID {} IMPL dsp48 LATENCY 3 OPTYPE add PRAGMA {} RTLNAME mac_muladd_16s_11ns_17ns_26_4_1_U84 SOURCE /tools/Xilinx/Vitis_HLS/2022.2/common/technology/autopilot/ap_fixed_base.h:1347 VARIABLE add_ln1347_6 LOOP {} BUNDLEDNAME {} DSP 1 BRAM 0 URAM 0 DISPNAME {bind_op add}} {BINDTYPE op ID {} IMPL dsp48 LATENCY 3 OPTYPE sub PRAGMA {} RTLNAME am_submul_16s_16s_16s_26_4_1_U79 SOURCE /tools/Xilinx/Vitis_HLS/2022.2/common/technology/autopilot/ap_fixed_base.h:1348 VARIABLE sub_ln1348_2 LOOP {} BUNDLEDNAME {} DSP 1 BRAM 0 URAM 0 DISPNAME {bind_op sub}} {BINDTYPE op ID {} IMPL dsp48 LATENCY 3 OPTYPE mul PRAGMA {} RTLNAME am_submul_16s_16s_16s_26_4_1_U79 SOURCE /tools/Xilinx/Vitis_HLS/2022.2/common/technology/autopilot/ap_fixed_base.h:818 VARIABLE mul_ln818_3 LOOP {} BUNDLEDNAME {} DSP 1 BRAM 0 URAM 0 DISPNAME {bind_op mul}} {BINDTYPE op ID {} IMPL dsp48 LATENCY 3 OPTYPE mul PRAGMA {} RTLNAME mac_muladd_16s_11ns_17ns_26_4_1_U85 SOURCE /tools/Xilinx/Vitis_HLS/2022.2/common/technology/autopilot/ap_fixed_base.h:837 VARIABLE mul_ln837_2 LOOP {} BUNDLEDNAME {} DSP 1 BRAM 0 URAM 0 DISPNAME {bind_op mul}} {BINDTYPE op ID {} IMPL dsp48 LATENCY 3 OPTYPE add PRAGMA {} RTLNAME mac_muladd_16s_11ns_17ns_26_4_1_U85 SOURCE /tools/Xilinx/Vitis_HLS/2022.2/common/technology/autopilot/ap_fixed_base.h:1347 VARIABLE add_ln1347_7 LOOP {} BUNDLEDNAME {} DSP 1 BRAM 0 URAM 0 DISPNAME {bind_op add}} {BINDTYPE op ID {} IMPL dsp48 LATENCY 3 OPTYPE sub PRAGMA {} RTLNAME am_submul_16s_16s_16s_26_4_1_U80 SOURCE /tools/Xilinx/Vitis_HLS/2022.2/common/technology/autopilot/ap_fixed_base.h:1348 VARIABLE sub_ln1348_3 LOOP {} BUNDLEDNAME {} DSP 1 BRAM 0 URAM 0 DISPNAME {bind_op sub}} {BINDTYPE op ID {} IMPL dsp48 LATENCY 3 OPTYPE mul PRAGMA {} RTLNAME am_submul_16s_16s_16s_26_4_1_U80 SOURCE /tools/Xilinx/Vitis_HLS/2022.2/common/technology/autopilot/ap_fixed_base.h:818 VARIABLE mul_ln818_4 LOOP {} BUNDLEDNAME {} DSP 1 BRAM 0 URAM 0 DISPNAME {bind_op mul}} {BINDTYPE op ID {} IMPL dsp48 LATENCY 3 OPTYPE mul PRAGMA {} RTLNAME mac_muladd_16s_11ns_17s_26_4_1_U86 SOURCE /tools/Xilinx/Vitis_HLS/2022.2/common/technology/autopilot/ap_fixed_base.h:837 VARIABLE mul_ln837_3 LOOP {} BUNDLEDNAME {} DSP 1 BRAM 0 URAM 0 DISPNAME {bind_op mul}} {BINDTYPE op ID {} IMPL dsp48 LATENCY 3 OPTYPE add PRAGMA {} RTLNAME mac_muladd_16s_11ns_17s_26_4_1_U86 SOURCE /tools/Xilinx/Vitis_HLS/2022.2/common/technology/autopilot/ap_fixed_base.h:1347 VARIABLE add_ln1347_8 LOOP {} BUNDLEDNAME {} DSP 1 BRAM 0 URAM 0 DISPNAME {bind_op add}} {BINDTYPE op ID {} IMPL dsp48 LATENCY 3 OPTYPE sub PRAGMA {} RTLNAME am_submul_16s_16s_16s_26_4_1_U81 SOURCE /tools/Xilinx/Vitis_HLS/2022.2/common/technology/autopilot/ap_fixed_base.h:1348 VARIABLE sub_ln1348_4 LOOP {} BUNDLEDNAME {} DSP 1 BRAM 0 URAM 0 DISPNAME {bind_op sub}} {BINDTYPE op ID {} IMPL dsp48 LATENCY 3 OPTYPE mul PRAGMA {} RTLNAME am_submul_16s_16s_16s_26_4_1_U81 SOURCE /tools/Xilinx/Vitis_HLS/2022.2/common/technology/autopilot/ap_fixed_base.h:818 VARIABLE mul_ln818_5 LOOP {} BUNDLEDNAME {} DSP 1 BRAM 0 URAM 0 DISPNAME {bind_op mul}} {BINDTYPE op ID {} IMPL dsp48 LATENCY 3 OPTYPE mul PRAGMA {} RTLNAME mac_muladd_16s_11ns_17s_26_4_1_U87 SOURCE /tools/Xilinx/Vitis_HLS/2022.2/common/technology/autopilot/ap_fixed_base.h:837 VARIABLE mul_ln837_4 LOOP {} BUNDLEDNAME {} DSP 1 BRAM 0 URAM 0 DISPNAME {bind_op mul}} {BINDTYPE op ID {} IMPL dsp48 LATENCY 3 OPTYPE add PRAGMA {} RTLNAME mac_muladd_16s_11ns_17s_26_4_1_U87 SOURCE /tools/Xilinx/Vitis_HLS/2022.2/common/technology/autopilot/ap_fixed_base.h:1347 VARIABLE add_ln1347_9 LOOP {} BUNDLEDNAME {} DSP 1 BRAM 0 URAM 0 DISPNAME {bind_op add}} {BINDTYPE op ID {} IMPL dsp48 LATENCY 3 OPTYPE sub PRAGMA {} RTLNAME am_submul_16s_16s_16s_26_4_1_U82 SOURCE /tools/Xilinx/Vitis_HLS/2022.2/common/technology/autopilot/ap_fixed_base.h:1348 VARIABLE sub_ln1348_5 LOOP {} BUNDLEDNAME {} DSP 1 BRAM 0 URAM 0 DISPNAME {bind_op sub}} {BINDTYPE op ID {} IMPL dsp48 LATENCY 3 OPTYPE mul PRAGMA {} RTLNAME am_submul_16s_16s_16s_26_4_1_U82 SOURCE /tools/Xilinx/Vitis_HLS/2022.2/common/technology/autopilot/ap_fixed_base.h:818 VARIABLE mul_ln818_6 LOOP {} BUNDLEDNAME {} DSP 1 BRAM 0 URAM 0 DISPNAME {bind_op mul}} {BINDTYPE op ID {} IMPL dsp48 LATENCY 3 OPTYPE mul PRAGMA {} RTLNAME mac_muladd_16s_10ns_18s_26_4_1_U88 SOURCE /tools/Xilinx/Vitis_HLS/2022.2/common/technology/autopilot/ap_fixed_base.h:813 VARIABLE mul_ln813 LOOP {} BUNDLEDNAME {} DSP 1 BRAM 0 URAM 0 DISPNAME {bind_op mul}} {BINDTYPE op ID {} IMPL dsp48 LATENCY 3 OPTYPE add PRAGMA {} RTLNAME mac_muladd_16s_10ns_18s_26_4_1_U88 SOURCE /tools/Xilinx/Vitis_HLS/2022.2/common/technology/autopilot/ap_fixed_base.h:1347 VARIABLE add_ln1347_10 LOOP {} BUNDLEDNAME {} DSP 1 BRAM 0 URAM 0 DISPNAME {bind_op add}}} AREA {DSP 28 BRAM 0 URAM 0}} imgds_linear_tiny_Pipeline_VITIS_LOOP_176_4 {BINDINFO {{BINDTYPE op ID {} IMPL fabric LATENCY 0 OPTYPE add PRAGMA {} RTLNAME add_ln176_fu_101_p2 SOURCE src/imgds_linear_tiny.cpp:176 VARIABLE add_ln176 LOOP VITIS_LOOP_176_4 BUNDLEDNAME {} DSP 0 BRAM 0 URAM 0 DISPNAME {bind_op add}}} AREA {DSP 28 BRAM 0 URAM 0}} imgds_linear_tiny_Pipeline_VITIS_LOOP_128_3 {BINDINFO {{BINDTYPE op ID {} IMPL fabric LATENCY 0 OPTYPE add PRAGMA {} RTLNAME add_ln128_fu_153_p2 SOURCE src/imgds_linear_tiny.cpp:128 VARIABLE add_ln128 LOOP VITIS_LOOP_128_3 BUNDLEDNAME {} DSP 0 BRAM 0 URAM 0 DISPNAME {bind_op add}} {BINDTYPE op ID {} IMPL fabric LATENCY 0 OPTYPE add PRAGMA {} RTLNAME add_ln1271_fu_163_p2 SOURCE /tools/Xilinx/Vitis_HLS/2022.2/common/technology/autopilot/ap_fixed_base.h:1271 VARIABLE add_ln1271 LOOP VITIS_LOOP_128_3 BUNDLEDNAME {} DSP 0 BRAM 0 URAM 0 DISPNAME {bind_op add}} {BINDTYPE op ID {} IMPL fabric LATENCY 0 OPTYPE add PRAGMA {} RTLNAME add_ln130_fu_174_p2 SOURCE src/imgds_linear_tiny.cpp:130 VARIABLE add_ln130 LOOP VITIS_LOOP_128_3 BUNDLEDNAME {} DSP 0 BRAM 0 URAM 0 DISPNAME {bind_op add}} {BINDTYPE op ID {} IMPL dsp48 LATENCY 3 OPTYPE mul PRAGMA {} RTLNAME mul_mul_11s_16s_27_4_1_U113 SOURCE /tools/Xilinx/Vitis_HLS/2022.2/common/technology/autopilot/ap_fixed_base.h:1273 VARIABLE r_V_15 LOOP VITIS_LOOP_128_3 BUNDLEDNAME {} DSP 1 BRAM 0 URAM 0 DISPNAME {bind_op mul}} {BINDTYPE op ID {} IMPL fabric LATENCY 0 OPTYPE add PRAGMA {} RTLNAME ret_V_fu_227_p2 SOURCE /tools/Xilinx/Vitis_HLS/2022.2/common/technology/autopilot/ap_fixed_base.h:1347 VARIABLE ret_V LOOP VITIS_LOOP_128_3 BUNDLEDNAME {} DSP 0 BRAM 0 URAM 0 DISPNAME {bind_op add}} {BINDTYPE op ID {} IMPL fabric LATENCY 0 OPTYPE add PRAGMA {} RTLNAME add_ln1347_12_fu_233_p2 SOURCE /tools/Xilinx/Vitis_HLS/2022.2/common/technology/autopilot/ap_fixed_base.h:1347 VARIABLE add_ln1347_12 LOOP VITIS_LOOP_128_3 BUNDLEDNAME {} DSP 0 BRAM 0 URAM 0 DISPNAME {bind_op add}} {BINDTYPE storage ID {} IMPL auto LATENCY 1 OPTYPE rom_1p PRAGMA {} RTLNAME layers_0_feedforward_0_weight_V_U SOURCE {} VARIABLE layers_0_feedforward_0_weight_V LOOP {} BUNDLEDNAME {} DSP 0 BRAM 0 URAM 0 DISPNAME {bind_storage rom_1p}}} AREA {DSP 1 BRAM 0 URAM 0}} imgds_linear_tiny_Pipeline_VITIS_LOOP_139_5 {BINDINFO {{BINDTYPE op ID {} IMPL fabric LATENCY 0 OPTYPE add PRAGMA {} RTLNAME add_ln139_fu_152_p2 SOURCE src/imgds_linear_tiny.cpp:139 VARIABLE add_ln139 LOOP VITIS_LOOP_139_5 BUNDLEDNAME {} DSP 0 BRAM 0 URAM 0 DISPNAME {bind_op add}} {BINDTYPE op ID {} IMPL fabric LATENCY 0 OPTYPE add PRAGMA {} RTLNAME add_ln141_fu_167_p2 SOURCE src/imgds_linear_tiny.cpp:141 VARIABLE add_ln141 LOOP VITIS_LOOP_139_5 BUNDLEDNAME {} DSP 0 BRAM 0 URAM 0 DISPNAME {bind_op add}} {BINDTYPE op ID {} IMPL dsp48 LATENCY 3 OPTYPE mul PRAGMA {} RTLNAME mul_mul_10s_15ns_25_4_1_U120 SOURCE /tools/Xilinx/Vitis_HLS/2022.2/common/technology/autopilot/ap_fixed_base.h:1273 VARIABLE r_V_13 LOOP VITIS_LOOP_139_5 BUNDLEDNAME {} DSP 1 BRAM 0 URAM 0 DISPNAME {bind_op mul}} {BINDTYPE op ID {} IMPL fabric LATENCY 0 OPTYPE add PRAGMA {} RTLNAME ret_V_fu_226_p2 SOURCE /tools/Xilinx/Vitis_HLS/2022.2/common/technology/autopilot/ap_fixed_base.h:1347 VARIABLE ret_V LOOP VITIS_LOOP_139_5 BUNDLEDNAME {} DSP 0 BRAM 0 URAM 0 DISPNAME {bind_op add}} {BINDTYPE op ID {} IMPL fabric LATENCY 0 OPTYPE add PRAGMA {} RTLNAME add_ln1347_12_fu_232_p2 SOURCE /tools/Xilinx/Vitis_HLS/2022.2/common/technology/autopilot/ap_fixed_base.h:1347 VARIABLE add_ln1347_12 LOOP VITIS_LOOP_139_5 BUNDLEDNAME {} DSP 0 BRAM 0 URAM 0 DISPNAME {bind_op add}} {BINDTYPE storage ID {} IMPL auto LATENCY 1 OPTYPE rom_1p PRAGMA {} RTLNAME layers_0_feedforward_3_weight_V_U SOURCE {} VARIABLE layers_0_feedforward_3_weight_V LOOP {} BUNDLEDNAME {} DSP 0 BRAM 0 URAM 0 DISPNAME {bind_storage rom_1p}}} AREA {DSP 1 BRAM 0 URAM 0}} imgds_linear_tiny_Pipeline_VITIS_LOOP_146_6 {BINDINFO {{BINDTYPE op ID {} IMPL fabric LATENCY 0 OPTYPE add PRAGMA {} RTLNAME add_ln146_fu_88_p2 SOURCE src/imgds_linear_tiny.cpp:146 VARIABLE add_ln146 LOOP VITIS_LOOP_146_6 BUNDLEDNAME {} DSP 0 BRAM 0 URAM 0 DISPNAME {bind_op add}} {BINDTYPE op ID {} IMPL fabric LATENCY 0 OPTYPE add PRAGMA {} RTLNAME add_ln813_fu_103_p2 SOURCE /tools/Xilinx/Vitis_HLS/2022.2/common/technology/autopilot/ap_fixed_base.h:813 VARIABLE add_ln813 LOOP VITIS_LOOP_146_6 BUNDLEDNAME {} DSP 0 BRAM 0 URAM 0 DISPNAME {bind_op add}} {BINDTYPE op ID {} IMPL fabric LATENCY 0 OPTYPE add PRAGMA {} RTLNAME add_ln813_5_fu_119_p2 SOURCE /tools/Xilinx/Vitis_HLS/2022.2/common/technology/autopilot/ap_fixed_base.h:813 VARIABLE add_ln813_5 LOOP VITIS_LOOP_146_6 BUNDLEDNAME {} DSP 0 BRAM 0 URAM 0 DISPNAME {bind_op add}}} AREA {DSP 0 BRAM 0 URAM 0}} imgds_linear_tiny_Pipeline_VITIS_LOOP_179_5 {BINDINFO {{BINDTYPE op ID {} IMPL fabric LATENCY 0 OPTYPE add PRAGMA {} RTLNAME add_ln179_fu_101_p2 SOURCE src/imgds_linear_tiny.cpp:179 VARIABLE add_ln179 LOOP VITIS_LOOP_179_5 BUNDLEDNAME {} DSP 0 BRAM 0 URAM 0 DISPNAME {bind_op add}}} AREA {DSP 28 BRAM 0 URAM 0}} imgds_linear_tiny_Pipeline_VITIS_LOOP_183_6_VITIS_LOOP_185_7 {BINDINFO {{BINDTYPE op ID {} IMPL fabric LATENCY 0 OPTYPE add PRAGMA {} RTLNAME add_ln183_1_fu_151_p2 SOURCE src/imgds_linear_tiny.cpp:183 VARIABLE add_ln183_1 LOOP VITIS_LOOP_183_6_VITIS_LOOP_185_7 BUNDLEDNAME {} DSP 0 BRAM 0 URAM 0 DISPNAME {bind_op add}} {BINDTYPE op ID {} IMPL fabric LATENCY 0 OPTYPE add PRAGMA {} RTLNAME add_ln183_fu_163_p2 SOURCE src/imgds_linear_tiny.cpp:183 VARIABLE add_ln183 LOOP VITIS_LOOP_183_6_VITIS_LOOP_185_7 BUNDLEDNAME {} DSP 0 BRAM 0 URAM 0 DISPNAME {bind_op add}} {BINDTYPE op ID {} IMPL fabric LATENCY 0 OPTYPE add PRAGMA {} RTLNAME s_V_4_fu_284_p2 SOURCE /tools/Xilinx/Vitis_HLS/2022.2/common/technology/autopilot/ap_fixed_base.h:813 VARIABLE s_V_4 LOOP VITIS_LOOP_183_6_VITIS_LOOP_185_7 BUNDLEDNAME {} DSP 0 BRAM 0 URAM 0 DISPNAME {bind_op add}} {BINDTYPE op ID {} IMPL fabric LATENCY 0 OPTYPE add PRAGMA {} RTLNAME add_ln185_fu_231_p2 SOURCE src/imgds_linear_tiny.cpp:185 VARIABLE add_ln185 LOOP VITIS_LOOP_183_6_VITIS_LOOP_185_7 BUNDLEDNAME {} DSP 0 BRAM 0 URAM 0 DISPNAME {bind_op add}} {BINDTYPE op ID {} IMPL fabric LATENCY 0 OPTYPE sub PRAGMA {} RTLNAME sub_ln1303_fu_309_p2 SOURCE /tools/Xilinx/Vitis_HLS/2022.2/common/technology/autopilot/ap_fixed_base.h:1303 VARIABLE sub_ln1303 LOOP VITIS_LOOP_183_6_VITIS_LOOP_185_7 BUNDLEDNAME {} DSP 0 BRAM 0 URAM 0 DISPNAME {bind_op sub}} {BINDTYPE op ID {} IMPL fabric LATENCY 0 OPTYPE sub PRAGMA {} RTLNAME sub_ln1303_1_fu_325_p2 SOURCE /tools/Xilinx/Vitis_HLS/2022.2/common/technology/autopilot/ap_fixed_base.h:1303 VARIABLE sub_ln1303_1 LOOP VITIS_LOOP_183_6_VITIS_LOOP_185_7 BUNDLEDNAME {} DSP 0 BRAM 0 URAM 0 DISPNAME {bind_op sub}}} AREA {DSP 0 BRAM 0 URAM 0}} layer_norm_tiny_Pipeline_VITIS_LOOP_19_1 {BINDINFO {{BINDTYPE op ID {} IMPL fabric LATENCY 0 OPTYPE add PRAGMA {} RTLNAME add_ln19_fu_85_p2 SOURCE src/imgds_linear_tiny.cpp:19 VARIABLE add_ln19 LOOP VITIS_LOOP_19_1 BUNDLEDNAME {} DSP 0 BRAM 0 URAM 0 DISPNAME {bind_op add}} {BINDTYPE op ID {} IMPL fabric LATENCY 0 OPTYPE add PRAGMA {} RTLNAME sum_V_1_fu_116_p2 SOURCE /tools/Xilinx/Vitis_HLS/2022.2/common/technology/autopilot/ap_fixed_base.h:813 VARIABLE sum_V_1 LOOP VITIS_LOOP_19_1 BUNDLEDNAME {} DSP 0 BRAM 0 URAM 0 DISPNAME {bind_op add}}} AREA {DSP 0 BRAM 0 URAM 0}} layer_norm_tiny_Pipeline_VITIS_LOOP_22_2 {BINDINFO {{BINDTYPE op ID {} IMPL fabric LATENCY 0 OPTYPE add PRAGMA {} RTLNAME add_ln22_fu_101_p2 SOURCE src/imgds_linear_tiny.cpp:22 VARIABLE add_ln22 LOOP VITIS_LOOP_22_2 BUNDLEDNAME {} DSP 0 BRAM 0 URAM 0 DISPNAME {bind_op add}} {BINDTYPE op ID {} IMPL fabric LATENCY 0 OPTYPE sub PRAGMA {} RTLNAME diff_fu_117_p2 SOURCE /tools/Xilinx/Vitis_HLS/2022.2/common/technology/autopilot/ap_fixed_base.h:813 VARIABLE diff LOOP VITIS_LOOP_22_2 BUNDLEDNAME {} DSP 0 BRAM 0 URAM 0 DISPNAME {bind_op sub}} {BINDTYPE op ID {} IMPL dsp48 LATENCY 3 OPTYPE mul PRAGMA {} RTLNAME mac_muladd_16s_16s_30ns_30_4_1_U136 SOURCE /tools/Xilinx/Vitis_HLS/2022.2/common/technology/autopilot/ap_fixed_base.h:1347 VARIABLE mul_ln1347 LOOP VITIS_LOOP_22_2 BUNDLEDNAME {} DSP 1 BRAM 0 URAM 0 DISPNAME {bind_op mul}} {BINDTYPE op ID {} IMPL dsp48 LATENCY 3 OPTYPE add PRAGMA {} RTLNAME mac_muladd_16s_16s_30ns_30_4_1_U136 SOURCE /tools/Xilinx/Vitis_HLS/2022.2/common/technology/autopilot/ap_fixed_base.h:1347 VARIABLE ret_V LOOP VITIS_LOOP_22_2 BUNDLEDNAME {} DSP 1 BRAM 0 URAM 0 DISPNAME {bind_op add}}} AREA {DSP 1 BRAM 0 URAM 0}} layer_norm_tiny_Pipeline_VITIS_LOOP_27_3 {BINDINFO {{BINDTYPE op ID {} IMPL fabric LATENCY 0 OPTYPE add PRAGMA {} RTLNAME add_ln27_fu_129_p2 SOURCE src/imgds_linear_tiny.cpp:27 VARIABLE add_ln27 LOOP VITIS_LOOP_27_3 BUNDLEDNAME {} DSP 0 BRAM 0 URAM 0 DISPNAME {bind_op add}} {BINDTYPE op ID {} IMPL dsp48 LATENCY 3 OPTYPE sub PRAGMA {} RTLNAME am_submul_16s_16s_16s_26_4_1_U140 SOURCE /tools/Xilinx/Vitis_HLS/2022.2/common/technology/autopilot/ap_fixed_base.h:1348 VARIABLE ret_V_3 LOOP VITIS_LOOP_27_3 BUNDLEDNAME {} DSP 1 BRAM 0 URAM 0 DISPNAME {bind_op sub}} {BINDTYPE op ID {} IMPL dsp48 LATENCY 3 OPTYPE mul PRAGMA {} RTLNAME am_submul_16s_16s_16s_26_4_1_U140 SOURCE /tools/Xilinx/Vitis_HLS/2022.2/common/technology/autopilot/ap_fixed_base.h:1270 VARIABLE mul_ln1270 LOOP VITIS_LOOP_27_3 BUNDLEDNAME {} DSP 1 BRAM 0 URAM 0 DISPNAME {bind_op mul}} {BINDTYPE op ID {} IMPL dsp48 LATENCY 3 OPTYPE mul PRAGMA {} RTLNAME mac_muladd_16s_11ns_18s_26_4_1_U141 SOURCE /tools/Xilinx/Vitis_HLS/2022.2/common/technology/autopilot/ap_fixed_base.h:837 VARIABLE mul_ln837 LOOP VITIS_LOOP_27_3 BUNDLEDNAME {} DSP 1 BRAM 0 URAM 0 DISPNAME {bind_op mul}} {BINDTYPE op ID {} IMPL dsp48 LATENCY 3 OPTYPE add PRAGMA {} RTLNAME mac_muladd_16s_11ns_18s_26_4_1_U141 SOURCE /tools/Xilinx/Vitis_HLS/2022.2/common/technology/autopilot/ap_fixed_base.h:1347 VARIABLE ret_V LOOP VITIS_LOOP_27_3 BUNDLEDNAME {} DSP 1 BRAM 0 URAM 0 DISPNAME {bind_op add}} {BINDTYPE storage ID {} IMPL auto LATENCY 1 OPTYPE rom_1p PRAGMA {} RTLNAME output_norm_weight_V_U SOURCE {} VARIABLE output_norm_weight_V LOOP {} BUNDLEDNAME {} DSP 0 BRAM 0 URAM 0 DISPNAME {bind_storage rom_1p}} {BINDTYPE storage ID {} IMPL auto LATENCY 1 OPTYPE rom_1p PRAGMA {} RTLNAME output_norm_bias_V_U SOURCE {} VARIABLE output_norm_bias_V LOOP {} BUNDLEDNAME {} DSP 0 BRAM 0 URAM 0 DISPNAME {bind_storage rom_1p}}} AREA {DSP 2 BRAM 0 URAM 0}} layer_norm_tiny {BINDINFO {{BINDTYPE op ID {} IMPL auto LATENCY 1 OPTYPE mul PRAGMA {} RTLNAME mul_37s_40ns_76_2_1_U152 SOURCE /tools/Xilinx/Vitis_HLS/2022.2/common/technology/autopilot/ap_fixed_base.h:1303 VARIABLE mul_ln1303 LOOP {} BUNDLEDNAME {} DSP 4 BRAM 0 URAM 0 DISPNAME {bind_op mul}} {BINDTYPE op ID {} IMPL fabric LATENCY 0 OPTYPE sub PRAGMA {} RTLNAME sub_ln1303_fu_244_p2 SOURCE /tools/Xilinx/Vitis_HLS/2022.2/common/technology/autopilot/ap_fixed_base.h:1303 VARIABLE sub_ln1303 LOOP {} BUNDLEDNAME {} DSP 0 BRAM 0 URAM 0 DISPNAME {bind_op sub}} {BINDTYPE op ID {} IMPL fabric LATENCY 0 OPTYPE sub PRAGMA {} RTLNAME sub_ln1303_4_fu_269_p2 SOURCE /tools/Xilinx/Vitis_HLS/2022.2/common/technology/autopilot/ap_fixed_base.h:1303 VARIABLE sub_ln1303_4 LOOP {} BUNDLEDNAME {} DSP 0 BRAM 0 URAM 0 DISPNAME {bind_op sub}} {BINDTYPE op ID {} IMPL auto LATENCY 1 OPTYPE mul PRAGMA {} RTLNAME mul_38s_40ns_77_2_1_U153 SOURCE /tools/Xilinx/Vitis_HLS/2022.2/common/technology/autopilot/ap_fixed_base.h:1303 VARIABLE mul_ln1303_2 LOOP {} BUNDLEDNAME {} DSP 4 BRAM 0 URAM 0 DISPNAME {bind_op mul}} {BINDTYPE op ID {} IMPL fabric LATENCY 0 OPTYPE sub PRAGMA {} RTLNAME sub_ln1303_5_fu_340_p2 SOURCE /tools/Xilinx/Vitis_HLS/2022.2/common/technology/autopilot/ap_fixed_base.h:1303 VARIABLE sub_ln1303_5 LOOP {} BUNDLEDNAME {} DSP 0 BRAM 0 URAM 0 DISPNAME {bind_op sub}} {BINDTYPE op ID {} IMPL fabric LATENCY 0 OPTYPE sub PRAGMA {} RTLNAME sub_ln1303_6_fu_365_p2 SOURCE /tools/Xilinx/Vitis_HLS/2022.2/common/technology/autopilot/ap_fixed_base.h:1303 VARIABLE sub_ln1303_6 LOOP {} BUNDLEDNAME {} DSP 0 BRAM 0 URAM 0 DISPNAME {bind_op sub}} {BINDTYPE op ID {} IMPL fabric LATENCY 0 OPTYPE sub PRAGMA {} RTLNAME tmp_V_fu_410_p2 SOURCE /tools/Xilinx/Vitis_HLS/2022.2/common/technology/autopilot/ap_fixed_base.h:1094 VARIABLE tmp_V LOOP {} BUNDLEDNAME {} DSP 0 BRAM 0 URAM 0 DISPNAME {bind_op sub}} {BINDTYPE op ID {} IMPL fabric LATENCY 0 OPTYPE sub PRAGMA {} RTLNAME sub_ln1099_fu_454_p2 SOURCE /tools/Xilinx/Vitis_HLS/2022.2/common/technology/autopilot/ap_fixed_base.h:1099 VARIABLE sub_ln1099 LOOP {} BUNDLEDNAME {} DSP 0 BRAM 0 URAM 0 DISPNAME {bind_op sub}} {BINDTYPE op ID {} IMPL fabric LATENCY 0 OPTYPE add PRAGMA {} RTLNAME lsb_index_fu_472_p2 SOURCE /tools/Xilinx/Vitis_HLS/2022.2/common/technology/autopilot/ap_fixed_base.h:1099 VARIABLE lsb_index LOOP {} BUNDLEDNAME {} DSP 0 BRAM 0 URAM 0 DISPNAME {bind_op add}} {BINDTYPE op ID {} IMPL fabric LATENCY 0 OPTYPE sub PRAGMA {} RTLNAME sub_ln1102_fu_493_p2 SOURCE /tools/Xilinx/Vitis_HLS/2022.2/common/technology/autopilot/ap_fixed_base.h:1102 VARIABLE sub_ln1102 LOOP {} BUNDLEDNAME {} DSP 0 BRAM 0 URAM 0 DISPNAME {bind_op sub}} {BINDTYPE op ID {} IMPL fabric LATENCY 0 OPTYPE add PRAGMA {} RTLNAME add_ln1104_fu_539_p2 SOURCE /tools/Xilinx/Vitis_HLS/2022.2/common/technology/autopilot/ap_fixed_base.h:1104 VARIABLE add_ln1104 LOOP {} BUNDLEDNAME {} DSP 0 BRAM 0 URAM 0 DISPNAME {bind_op add}} {BINDTYPE op ID {} IMPL fabric LATENCY 0 OPTYPE add PRAGMA {} RTLNAME add_ln1113_fu_580_p2 SOURCE /tools/Xilinx/Vitis_HLS/2022.2/common/technology/autopilot/ap_fixed_base.h:1113 VARIABLE add_ln1113 LOOP {} BUNDLEDNAME {} DSP 0 BRAM 0 URAM 0 DISPNAME {bind_op add}} {BINDTYPE op ID {} IMPL fabric LATENCY 0 OPTYPE sub PRAGMA {} RTLNAME sub_ln1114_fu_595_p2 SOURCE /tools/Xilinx/Vitis_HLS/2022.2/common/technology/autopilot/ap_fixed_base.h:1114 VARIABLE sub_ln1114 LOOP {} BUNDLEDNAME {} DSP 0 BRAM 0 URAM 0 DISPNAME {bind_op sub}} {BINDTYPE op ID {} IMPL fabric LATENCY 0 OPTYPE add PRAGMA {} RTLNAME m_22_fu_620_p2 SOURCE /tools/Xilinx/Vitis_HLS/2022.2/common/technology/autopilot/ap_fixed_base.h:1116 VARIABLE m_22 LOOP {} BUNDLEDNAME {} DSP 0 BRAM 0 URAM 0 DISPNAME {bind_op add}} {BINDTYPE op ID {} IMPL fulldsp LATENCY 4 OPTYPE fadd PRAGMA {} RTLNAME fadd_32ns_32ns_32_5_full_dsp_1_U148 SOURCE /tools/Xilinx/Vitis_HLS/2022.2/common/technology/autopilot/ap_common.h:766 VARIABLE phitmp LOOP {} BUNDLEDNAME {} DSP 2 BRAM 0 URAM 0 DISPNAME {bind_op fadd}} {BINDTYPE op ID {} IMPL fabric LATENCY 15 OPTYPE fsqrt PRAGMA {} RTLNAME fsqrt_32ns_32ns_32_16_no_dsp_1_U151 SOURCE src/imgds_linear_tiny.cpp:25 VARIABLE tmp LOOP {} BUNDLEDNAME {} DSP 0 BRAM 0 URAM 0 DISPNAME {bind_op fsqrt}} {BINDTYPE op ID {} IMPL fabric LATENCY 0 OPTYPE sub PRAGMA {} RTLNAME man_V_11_fu_749_p2 SOURCE /tools/Xilinx/Vitis_HLS/2022.2/common/technology/autopilot/ap_int_base.h:455 VARIABLE man_V_11 LOOP {} BUNDLEDNAME {} DSP 0 BRAM 0 URAM 0 DISPNAME {bind_op sub}} {BINDTYPE op ID {} IMPL fabric LATENCY 0 OPTYPE sub PRAGMA {} RTLNAME F2_fu_762_p2 SOURCE /tools/Xilinx/Vitis_HLS/2022.2/common/technology/autopilot/ap_fixed_base.h:564 VARIABLE F2 LOOP {} BUNDLEDNAME {} DSP 0 BRAM 0 URAM 0 DISPNAME {bind_op sub}} {BINDTYPE op ID {} IMPL fabric LATENCY 0 OPTYPE add PRAGMA {} RTLNAME add_ln570_fu_774_p2 SOURCE /tools/Xilinx/Vitis_HLS/2022.2/common/technology/autopilot/ap_fixed_base.h:570 VARIABLE add_ln570 LOOP {} BUNDLEDNAME {} DSP 0 BRAM 0 URAM 0 DISPNAME {bind_op add}} {BINDTYPE op ID {} IMPL fabric LATENCY 0 OPTYPE sub PRAGMA {} RTLNAME sub_ln570_fu_780_p2 SOURCE /tools/Xilinx/Vitis_HLS/2022.2/common/technology/autopilot/ap_fixed_base.h:570 VARIABLE sub_ln570 LOOP {} BUNDLEDNAME {} DSP 0 BRAM 0 URAM 0 DISPNAME {bind_op sub}}} AREA {DSP 13 BRAM 0 URAM 0}} imgds_linear_tiny {BINDINFO {{BINDTYPE storage ID {} IMPL auto LATENCY 1 OPTYPE ram_1p PRAGMA {} RTLNAME hidden_V_U SOURCE src/imgds_linear_tiny.cpp:125 VARIABLE hidden_V LOOP {} BUNDLEDNAME {} DSP 0 BRAM 0 URAM 0 DISPNAME {bind_storage ram_1p}} {BINDTYPE storage ID {} IMPL auto LATENCY 1 OPTYPE ram_1p PRAGMA {} RTLNAME ff_out_V_U SOURCE src/imgds_linear_tiny.cpp:136 VARIABLE ff_out_V LOOP {} BUNDLEDNAME {} DSP 0 BRAM 0 URAM 0 DISPNAME {bind_storage ram_1p}} {BINDTYPE storage ID {} IMPL auto LATENCY 1 OPTYPE ram_t2p PRAGMA {} RTLNAME x_V_U SOURCE src/imgds_linear_tiny.cpp:159 VARIABLE x_V LOOP {} BUNDLEDNAME {} DSP 0 BRAM 1 URAM 0 DISPNAME {bind_storage ram_t2p}} {BINDTYPE storage ID {} IMPL auto LATENCY 1 OPTYPE ram_s2p PRAGMA {} RTLNAME pooled_V_U SOURCE src/imgds_linear_tiny.cpp:182 VARIABLE pooled_V LOOP {} BUNDLEDNAME {} DSP 0 BRAM 0 URAM 0 DISPNAME {bind_storage ram_s2p}} {BINDTYPE op ID {} IMPL fabric LATENCY 0 OPTYPE sub PRAGMA {} RTLNAME empty_82_fu_611_p2 SOURCE {} VARIABLE empty_82 LOOP VITIS_LOOP_160_1_VITIS_LOOP_161_2 BUNDLEDNAME {} DSP 0 BRAM 0 URAM 0 DISPNAME {bind_op sub}} {BINDTYPE op ID {} IMPL fabric LATENCY 0 OPTYPE add PRAGMA {} RTLNAME add_ln160_2_fu_623_p2 SOURCE src/imgds_linear_tiny.cpp:160 VARIABLE add_ln160_2 LOOP VITIS_LOOP_160_1_VITIS_LOOP_161_2 BUNDLEDNAME {} DSP 0 BRAM 0 URAM 0 DISPNAME {bind_op add}} {BINDTYPE op ID {} IMPL fabric LATENCY 0 OPTYPE add PRAGMA {} RTLNAME add_ln160_fu_632_p2 SOURCE src/imgds_linear_tiny.cpp:160 VARIABLE add_ln160 LOOP VITIS_LOOP_160_1_VITIS_LOOP_161_2 BUNDLEDNAME {} DSP 0 BRAM 0 URAM 0 DISPNAME {bind_op add}} {BINDTYPE op ID {} IMPL fabric LATENCY 0 OPTYPE sub PRAGMA {} RTLNAME p_mid18_fu_712_p2 SOURCE src/imgds_linear_tiny.cpp:160 VARIABLE p_mid18 LOOP VITIS_LOOP_160_1_VITIS_LOOP_161_2 BUNDLEDNAME {} DSP 0 BRAM 0 URAM 0 DISPNAME {bind_op sub}} {BINDTYPE op ID {} IMPL fabric LATENCY 0 OPTYPE add PRAGMA {} RTLNAME add_ln160_1_fu_738_p2 SOURCE src/imgds_linear_tiny.cpp:160 VARIABLE add_ln160_1 LOOP VITIS_LOOP_160_1_VITIS_LOOP_161_2 BUNDLEDNAME {} DSP 0 BRAM 0 URAM 0 DISPNAME {bind_op add}} {BINDTYPE op ID {} IMPL fabric LATENCY 0 OPTYPE add PRAGMA {} RTLNAME fdiv_32ns_32ns_32_16_no_dsp_1_U165 SOURCE src/imgds_linear_tiny.cpp:167 VARIABLE add_ln167 LOOP VITIS_LOOP_160_1_VITIS_LOOP_161_2 BUNDLEDNAME {} DSP 0 BRAM 0 URAM 0 DISPNAME {bind_op add}} {BINDTYPE op ID {} IMPL fabric LATENCY 0 OPTYPE add PRAGMA {} RTLNAME add_ln161_fu_769_p2 SOURCE src/imgds_linear_tiny.cpp:161 VARIABLE add_ln161 LOOP VITIS_LOOP_160_1_VITIS_LOOP_161_2 BUNDLEDNAME {} DSP 0 BRAM 0 URAM 0 DISPNAME {bind_op add}} {BINDTYPE op ID {} IMPL fabric LATENCY 0 OPTYPE add PRAGMA {} RTLNAME fpext_32ns_64_2_no_dsp_1_U166 SOURCE src/imgds_linear_tiny.cpp:124 VARIABLE add_ln124 LOOP VITIS_LOOP_124_1 BUNDLEDNAME {} DSP 0 BRAM 0 URAM 0 DISPNAME {bind_op add}} {BINDTYPE op ID {} IMPL fabric LATENCY 0 OPTYPE sub PRAGMA {} RTLNAME sub_ln1271_fu_869_p2 SOURCE /tools/Xilinx/Vitis_HLS/2022.2/common/technology/autopilot/ap_fixed_base.h:1271 VARIABLE sub_ln1271 LOOP VITIS_LOOP_124_1 BUNDLEDNAME {} DSP 0 BRAM 0 URAM 0 DISPNAME {bind_op sub}} {BINDTYPE op ID {} IMPL fabric LATENCY 0 OPTYPE add PRAGMA {} RTLNAME add_ln126_fu_900_p2 SOURCE src/imgds_linear_tiny.cpp:126 VARIABLE add_ln126 LOOP VITIS_LOOP_126_2 BUNDLEDNAME {} DSP 0 BRAM 0 URAM 0 DISPNAME {bind_op add}} {BINDTYPE op ID {} IMPL fabric LATENCY 0 OPTYPE sub PRAGMA {} RTLNAME empty_91_fu_939_p2 SOURCE src/imgds_linear_tiny.cpp:126 VARIABLE empty_91 LOOP VITIS_LOOP_126_2 BUNDLEDNAME {} DSP 0 BRAM 0 URAM 0 DISPNAME {bind_op sub}} {BINDTYPE op ID {} IMPL fabric LATENCY 0 OPTYPE add PRAGMA {} RTLNAME add_ln137_fu_976_p2 SOURCE src/imgds_linear_tiny.cpp:137 VARIABLE add_ln137 LOOP VITIS_LOOP_137_4 BUNDLEDNAME {} DSP 0 BRAM 0 URAM 0 DISPNAME {bind_op add}} {BINDTYPE op ID {} IMPL fabric LATENCY 0 OPTYPE sub PRAGMA {} RTLNAME empty_93_fu_1020_p2 SOURCE src/imgds_linear_tiny.cpp:137 VARIABLE empty_93 LOOP VITIS_LOOP_137_4 BUNDLEDNAME {} DSP 0 BRAM 0 URAM 0 DISPNAME {bind_op sub}} {BINDTYPE op ID {} IMPL fabric LATENCY 0 OPTYPE sub PRAGMA {} RTLNAME r_V_29_fu_1063_p2 SOURCE /tools/Xilinx/Vitis_HLS/2022.2/common/technology/autopilot/ap_fixed_base.h:813 VARIABLE r_V_29 LOOP {} BUNDLEDNAME {} DSP 0 BRAM 0 URAM 0 DISPNAME {bind_op sub}} {BINDTYPE op ID {} IMPL fabric LATENCY 0 OPTYPE sub PRAGMA {} RTLNAME r_V_31_fu_1097_p2 SOURCE /tools/Xilinx/Vitis_HLS/2022.2/common/technology/autopilot/ap_fixed_base.h:1273 VARIABLE r_V_31 LOOP {} BUNDLEDNAME {} DSP 0 BRAM 0 URAM 0 DISPNAME {bind_op sub}} {BINDTYPE op ID {} IMPL dsp48 LATENCY 3 OPTYPE mul PRAGMA {} RTLNAME mac_muladd_16s_11s_26ns_26_4_1_U156 SOURCE /tools/Xilinx/Vitis_HLS/2022.2/common/technology/autopilot/ap_fixed_base.h:1347 VARIABLE mul_ln1347 LOOP {} BUNDLEDNAME {} DSP 1 BRAM 0 URAM 0 DISPNAME {bind_op mul}} {BINDTYPE op ID {} IMPL dsp48 LATENCY 3 OPTYPE add PRAGMA {} RTLNAME mac_muladd_16s_11s_26ns_26_4_1_U156 SOURCE /tools/Xilinx/Vitis_HLS/2022.2/common/technology/autopilot/ap_fixed_base.h:1347 VARIABLE ret_V_4 LOOP {} BUNDLEDNAME {} DSP 1 BRAM 0 URAM 0 DISPNAME {bind_op add}} {BINDTYPE op ID {} IMPL dsp48 LATENCY 3 OPTYPE mul PRAGMA {} RTLNAME mac_muladd_16s_9s_26s_26_4_1_U158 SOURCE /tools/Xilinx/Vitis_HLS/2022.2/common/technology/autopilot/ap_fixed_base.h:1273 VARIABLE r_V_34 LOOP {} BUNDLEDNAME {} DSP 1 BRAM 0 URAM 0 DISPNAME {bind_op mul}} {BINDTYPE op ID {} IMPL dsp48 LATENCY 3 OPTYPE add PRAGMA {} RTLNAME mac_muladd_16s_9s_26s_26_4_1_U158 SOURCE /tools/Xilinx/Vitis_HLS/2022.2/common/technology/autopilot/ap_fixed_base.h:1347 VARIABLE ret_V_5 LOOP {} BUNDLEDNAME {} DSP 1 BRAM 0 URAM 0 DISPNAME {bind_op add}} {BINDTYPE op ID {} IMPL dsp48 LATENCY 3 OPTYPE mul PRAGMA {} RTLNAME mac_muladd_16s_9ns_26ns_26_4_1_U160 SOURCE /tools/Xilinx/Vitis_HLS/2022.2/common/technology/autopilot/ap_fixed_base.h:813 VARIABLE r_V_36 LOOP {} BUNDLEDNAME {} DSP 1 BRAM 0 URAM 0 DISPNAME {bind_op mul}} {BINDTYPE op ID {} IMPL dsp48 LATENCY 3 OPTYPE add PRAGMA {} RTLNAME mac_muladd_16s_9ns_26ns_26_4_1_U160 SOURCE /tools/Xilinx/Vitis_HLS/2022.2/common/technology/autopilot/ap_fixed_base.h:1347 VARIABLE ret_V_6 LOOP {} BUNDLEDNAME {} DSP 1 BRAM 0 URAM 0 DISPNAME {bind_op add}} {BINDTYPE op ID {} IMPL dsp48 LATENCY 3 OPTYPE mul PRAGMA {} RTLNAME mac_muladd_16s_7ns_26s_26_4_1_U162 SOURCE /tools/Xilinx/Vitis_HLS/2022.2/common/technology/autopilot/ap_fixed_base.h:1273 VARIABLE r_V_38 LOOP {} BUNDLEDNAME {} DSP 1 BRAM 0 URAM 0 DISPNAME {bind_op mul}} {BINDTYPE op ID {} IMPL dsp48 LATENCY 3 OPTYPE add PRAGMA {} RTLNAME mac_muladd_16s_7ns_26s_26_4_1_U162 SOURCE /tools/Xilinx/Vitis_HLS/2022.2/common/technology/autopilot/ap_fixed_base.h:1347 VARIABLE ret_V_7 LOOP {} BUNDLEDNAME {} DSP 1 BRAM 0 URAM 0 DISPNAME {bind_op add}} {BINDTYPE op ID {} IMPL dsp48 LATENCY 3 OPTYPE mul PRAGMA {} RTLNAME mac_muladd_16s_10s_18ns_25_4_1_U155 SOURCE /tools/Xilinx/Vitis_HLS/2022.2/common/technology/autopilot/ap_fixed_base.h:1270 VARIABLE mul_ln1270 LOOP {} BUNDLEDNAME {} DSP 1 BRAM 0 URAM 0 DISPNAME {bind_op mul}} {BINDTYPE op ID {} IMPL dsp48 LATENCY 3 OPTYPE add PRAGMA {} RTLNAME mac_muladd_16s_10s_18ns_25_4_1_U155 SOURCE /tools/Xilinx/Vitis_HLS/2022.2/common/technology/autopilot/ap_fixed_base.h:1347 VARIABLE ret_V_8 LOOP {} BUNDLEDNAME {} DSP 1 BRAM 0 URAM 0 DISPNAME {bind_op add}} {BINDTYPE op ID {} IMPL dsp48 LATENCY 3 OPTYPE mul PRAGMA {} RTLNAME mac_muladd_16s_9ns_25s_26_4_1_U157 SOURCE /tools/Xilinx/Vitis_HLS/2022.2/common/technology/autopilot/ap_fixed_base.h:813 VARIABLE r_V_39 LOOP {} BUNDLEDNAME {} DSP 1 BRAM 0 URAM 0 DISPNAME {bind_op mul}} {BINDTYPE op ID {} IMPL dsp48 LATENCY 3 OPTYPE add PRAGMA {} RTLNAME mac_muladd_16s_9ns_25s_26_4_1_U157 SOURCE /tools/Xilinx/Vitis_HLS/2022.2/common/technology/autopilot/ap_fixed_base.h:1347 VARIABLE ret_V_9 LOOP {} BUNDLEDNAME {} DSP 1 BRAM 0 URAM 0 DISPNAME {bind_op add}} {BINDTYPE op ID {} IMPL dsp48 LATENCY 3 OPTYPE mul PRAGMA {} RTLNAME mac_muladd_16s_10ns_26ns_26_4_1_U159 SOURCE /tools/Xilinx/Vitis_HLS/2022.2/common/technology/autopilot/ap_fixed_base.h:1347 VARIABLE mul_ln1347_5 LOOP {} BUNDLEDNAME {} DSP 1 BRAM 0 URAM 0 DISPNAME {bind_op mul}} {BINDTYPE op ID {} IMPL dsp48 LATENCY 3 OPTYPE add PRAGMA {} RTLNAME mac_muladd_16s_10ns_26ns_26_4_1_U159 SOURCE /tools/Xilinx/Vitis_HLS/2022.2/common/technology/autopilot/ap_fixed_base.h:1347 VARIABLE ret_V_10 LOOP {} BUNDLEDNAME {} DSP 1 BRAM 0 URAM 0 DISPNAME {bind_op add}} {BINDTYPE op ID {} IMPL dsp48 LATENCY 3 OPTYPE mul PRAGMA {} RTLNAME mac_muladd_16s_8ns_26s_26_4_1_U161 SOURCE /tools/Xilinx/Vitis_HLS/2022.2/common/technology/autopilot/ap_fixed_base.h:1273 VARIABLE r_V_40 LOOP {} BUNDLEDNAME {} DSP 1 BRAM 0 URAM 0 DISPNAME {bind_op mul}} {BINDTYPE op ID {} IMPL dsp48 LATENCY 3 OPTYPE add PRAGMA {} RTLNAME mac_muladd_16s_8ns_26s_26_4_1_U161 SOURCE /tools/Xilinx/Vitis_HLS/2022.2/common/technology/autopilot/ap_fixed_base.h:1347 VARIABLE ret_V_11 LOOP {} BUNDLEDNAME {} DSP 1 BRAM 0 URAM 0 DISPNAME {bind_op add}} {BINDTYPE op ID {} IMPL dsp48 LATENCY 3 OPTYPE mul PRAGMA {} RTLNAME mac_muladd_16s_10s_26ns_26_4_1_U163 SOURCE /tools/Xilinx/Vitis_HLS/2022.2/common/technology/autopilot/ap_fixed_base.h:813 VARIABLE r_V_41 LOOP {} BUNDLEDNAME {} DSP 1 BRAM 0 URAM 0 DISPNAME {bind_op mul}} {BINDTYPE op ID {} IMPL dsp48 LATENCY 3 OPTYPE add PRAGMA {} RTLNAME mac_muladd_16s_10s_26ns_26_4_1_U163 SOURCE /tools/Xilinx/Vitis_HLS/2022.2/common/technology/autopilot/ap_fixed_base.h:1347 VARIABLE ret_V_12 LOOP {} BUNDLEDNAME {} DSP 1 BRAM 0 URAM 0 DISPNAME {bind_op add}} {BINDTYPE op ID {} IMPL dsp48 LATENCY 3 OPTYPE mul PRAGMA {} RTLNAME mac_muladd_16s_8ns_26s_26_4_1_U164 SOURCE /tools/Xilinx/Vitis_HLS/2022.2/common/technology/autopilot/ap_fixed_base.h:1273 VARIABLE r_V_42 LOOP {} BUNDLEDNAME {} DSP 1 BRAM 0 URAM 0 DISPNAME {bind_op mul}} {BINDTYPE op ID {} IMPL dsp48 LATENCY 3 OPTYPE add PRAGMA {} RTLNAME mac_muladd_16s_8ns_26s_26_4_1_U164 SOURCE /tools/Xilinx/Vitis_HLS/2022.2/common/technology/autopilot/ap_fixed_base.h:1347 VARIABLE ret_V_13 LOOP {} BUNDLEDNAME {} DSP 1 BRAM 0 URAM 0 DISPNAME {bind_op add}} {BINDTYPE storage ID {} IMPL auto LATENCY 1 OPTYPE rom_1p PRAGMA {} RTLNAME input_projection_bias_V_U SOURCE {} VARIABLE input_projection_bias_V LOOP {} BUNDLEDNAME {} DSP 0 BRAM 0 URAM 0 DISPNAME {bind_storage rom_1p}} {BINDTYPE storage ID {} IMPL auto LATENCY 1 OPTYPE rom_1p PRAGMA {} RTLNAME position_embedding_V_U SOURCE {} VARIABLE position_embedding_V LOOP {} BUNDLEDNAME {} DSP 0 BRAM 0 URAM 0 DISPNAME {bind_storage rom_1p}} {BINDTYPE storage ID {} IMPL auto LATENCY 1 OPTYPE rom_1p PRAGMA {} RTLNAME layers_0_feedforward_0_bias_V_U SOURCE {} VARIABLE layers_0_feedforward_0_bias_V LOOP {} BUNDLEDNAME {} DSP 0 BRAM 0 URAM 0 DISPNAME {bind_storage rom_1p}} {BINDTYPE storage ID {} IMPL auto LATENCY 1 OPTYPE rom_1p PRAGMA {} RTLNAME layers_0_feedforward_3_bias_V_U SOURCE {} VARIABLE layers_0_feedforward_3_bias_V LOOP {} BUNDLEDNAME {} DSP 0 BRAM 0 URAM 0 DISPNAME {bind_storage rom_1p}}} AREA {DSP 104 BRAM 5 URAM 0}}}}'
INFO-FLOW: DBG:PUTS:      update_csynth_reports json2rpt_hw_sw_interfaces
Execute         send_msg_by_id INFO @200-1603@%s  and missed bursts 
INFO: [HLS 200-1603] Design has inferred MAXI bursts and missed bursts, see Vitis HLS GUI synthesis summary report for detailed information.
INFO-FLOW: Running: gen_csynth_sec_pragma
INFO-FLOW: Done: gen_csynth_sec_pragma time: 0 seconds per iteration
INFO-FLOW: DBG:PUTS:      update_csynth_reports wrote xml
INFO-FLOW: DBG:PUTS:      update_csynth_reports appended to csynth rpt file
INFO: [HLS 200-111] Finished Updating report files: CPU user time: 0.78 seconds. CPU system time: 0.01 seconds. Elapsed time: 0.79 seconds; current allocated memory: 705.199 MB.
INFO: [VHDL 208-304] Generating VHDL RTL for imgds_linear_tiny.
INFO: [VLOG 209-307] Generating Verilog RTL for imgds_linear_tiny.
Execute         syn_report -model imgds_linear_tiny -printsummary 
INFO: [HLS 200-790] **** Loop Constraint Status: All loop constraints were NOT satisfied.
INFO: [HLS 200-789] **** Estimated Fmax: 126.53 MHz
Command       autosyn done; 12.95 sec.
Command     csynth_design done; 21.55 sec.
INFO: [HLS 200-111] Finished Command csynth_design CPU user time: 18.93 seconds. CPU system time: 1.15 seconds. Elapsed time: 21.55 seconds; current allocated memory: 396.629 MB.
Execute     export_design -format ip_catalog -rtl verilog 
INFO: [HLS 200-1510] Running: export_design -format ip_catalog -rtl verilog 
Execute       config_export -format=ip_catalog -rtl=verilog 
INFO-FLOW: DBG:PUTS: export_design_wrap: -format ip_catalog -rtl verilog
Execute       source /home/cym/prj2/finn/notebooks/icl_thesis-master/experiments/imgds_linear_sparse/stage4_structural_small_models/hls/tiny_q16_d6_ff12/hls/imgds_linear_tiny_axi/solution1/.autopilot/db/global.setting.tcl 
INFO-FLOW: DBG:PUTS:   auto_impl: pack: -export -rtl verilog
INFO-FLOW: DBG:PROC: ::AESL_AUTOIMPL::auto_impl args='-export -rtl verilog'
Execute       source /home/cym/prj2/finn/notebooks/icl_thesis-master/experiments/imgds_linear_sparse/stage4_structural_small_models/hls/tiny_q16_d6_ff12/hls/imgds_linear_tiny_axi/solution1/.autopilot/db/global.setting.tcl 
INFO: [IMPL 213-8] Exporting RTL as a Vivado IP.
Execute       source /home/cym/prj2/finn/notebooks/icl_thesis-master/experiments/imgds_linear_sparse/stage4_structural_small_models/hls/tiny_q16_d6_ff12/hls/imgds_linear_tiny_axi/solution1/.autopilot/db/global.setting.tcl 
INFO-FLOW: DBG:PUTS: automg_wrap -export -pcore_version 1.00.a -rtl vlog -tool Vivado -impltomg_flag
INFO-FLOW: DBG:PROC: ::AESL_AUTOMG::auto_generate args='-export -pcore_version 1.00.a -rtl vlog -tool Vivado -impltomg_flag'
INFO-FLOW: DBG:PUTS:     auto_generate -export -pcore_version 1.00.a -rtl vlog -tool Vivado -impltomg_flag
Execute       source /home/cym/prj2/finn/notebooks/icl_thesis-master/experiments/imgds_linear_sparse/stage4_structural_small_models/hls/tiny_q16_d6_ff12/hls/imgds_linear_tiny_axi/solution1/.autopilot/db/global.setting.tcl 
INFO-FLOW: DBG:PUTS: read_platform_lib /home/cym/prj2/finn/notebooks/icl_thesis-master/experiments/imgds_linear_sparse/stage4_structural_small_models/hls/tiny_q16_d6_ff12/hls/imgds_linear_tiny_axi/solution1/.autopilot/db/global.setting.tcl
Execute       source /tools/Xilinx/Vitis_HLS/2022.2/common/technology/generic/autopilot/common.gen 
Execute         source /tools/Xilinx/Vitis_HLS/2022.2/common/technology/generic/autopilot/APCoreGen.gen 
Execute       source /tools/Xilinx/Vitis_HLS/2022.2/common/technology/generic/autopilot/op.gen 
Execute       source /tools/Xilinx/Vitis_HLS/2022.2/common/technology/generic/autopilot/op_simcore.gen 
Execute       source /tools/Xilinx/Vitis_HLS/2022.2/common/technology/generic/autopilot/interface.gen 
Execute       source /home/cym/prj2/finn/notebooks/icl_thesis-master/experiments/imgds_linear_sparse/stage4_structural_small_models/hls/tiny_q16_d6_ff12/hls/imgds_linear_tiny_axi/solution1/.autopilot/db/global.setting.tcl 
Execute       source /tools/Xilinx/Vitis_HLS/2022.2/common/technology/xilinx/common/xilinx.gen 
Execute         source /tools/Xilinx/Vitis_HLS/2022.2/common/technology/xilinx/interface/plb46.gen 
Execute         source /tools/Xilinx/Vitis_HLS/2022.2/common/technology/xilinx/interface/axi4.gen 
Execute         source /tools/Xilinx/Vitis_HLS/2022.2/common/technology/xilinx/interface/nativeAXI4.gen 
Execute           source /tools/Xilinx/Vitis_HLS/2022.2/common/technology/xilinx/interface/saxilite.gen 
Execute         source /tools/Xilinx/Vitis_HLS/2022.2/common/technology/xilinx/scripts/xilinxcoregen.gen 
Execute         source /tools/Xilinx/Vitis_HLS/2022.2/common/technology/xilinx/interface/XilEDKCoreGen.gen 
Execute         source /tools/Xilinx/Vitis_HLS/2022.2/common/technology/xilinx/ip/xfir.gen 
Execute         source /tools/Xilinx/Vitis_HLS/2022.2/common/technology/xilinx/ip/util.gen 
Execute         source /tools/Xilinx/Vitis_HLS/2022.2/common/technology/xilinx/ip/xfft.gen 
Execute         source /tools/Xilinx/Vitis_HLS/2022.2/common/technology/xilinx/ip/dds_compiler.gen 
Execute         source /tools/Xilinx/Vitis_HLS/2022.2/common/technology/xilinx/DSP48/dsp48.gen 
INFO-FLOW: DBG:PUTS:       initCTypeInfo top_module=imgds_linear_tiny xml_exists=0
Execute       source /home/cym/prj2/finn/notebooks/icl_thesis-master/experiments/imgds_linear_sparse/stage4_structural_small_models/hls/tiny_q16_d6_ff12/hls/imgds_linear_tiny_axi/solution1/.autopilot/db/imgds_linear_tiny.rtl_wrap.cfg.tcl 
Execute       source /home/cym/prj2/finn/notebooks/icl_thesis-master/experiments/imgds_linear_sparse/stage4_structural_small_models/hls/tiny_q16_d6_ff12/hls/imgds_linear_tiny_axi/solution1/.autopilot/db/imgds_linear_tiny.rtl_wrap.cfg.tcl 
Execute       source /home/cym/prj2/finn/notebooks/icl_thesis-master/experiments/imgds_linear_sparse/stage4_structural_small_models/hls/tiny_q16_d6_ff12/hls/imgds_linear_tiny_axi/solution1/.autopilot/db/imgds_linear_tiny.rtl_wrap.cfg.tcl 
Execute       source /home/cym/prj2/finn/notebooks/icl_thesis-master/experiments/imgds_linear_sparse/stage4_structural_small_models/hls/tiny_q16_d6_ff12/hls/imgds_linear_tiny_axi/solution1/.autopilot/db/imgds_linear_tiny.tbgen.tcl 
Execute       source /home/cym/prj2/finn/notebooks/icl_thesis-master/experiments/imgds_linear_sparse/stage4_structural_small_models/hls/tiny_q16_d6_ff12/hls/imgds_linear_tiny_axi/solution1/.autopilot/db/imgds_linear_tiny.tbgen.tcl 
Execute       source /home/cym/prj2/finn/notebooks/icl_thesis-master/experiments/imgds_linear_sparse/stage4_structural_small_models/hls/tiny_q16_d6_ff12/hls/imgds_linear_tiny_axi/solution1/.autopilot/db/global.setting.tcl 
Execute       source /home/cym/prj2/finn/notebooks/icl_thesis-master/experiments/imgds_linear_sparse/stage4_structural_small_models/hls/tiny_q16_d6_ff12/hls/imgds_linear_tiny_axi/solution1/.autopilot/db/imgds_linear_tiny.tbgen.tcl 
INFO-FLOW: DBG:PUTS:       cosim_export_main adding deadlock detection to imgds_linear_tiny
INFO-FLOW: DBG:PUTS: Skipping loadAnalyze_DB, #g_database=4
INFO-FLOW: DBG:PUTS:       generate_json generate_bd_files=0 generate_xo_files=false #modelList=88 #gSsdmPorts=0
INFO-FLOW: DBG:PROC: ::AP::DESIGN_DATA::generate_json generate_bd_files='0' generate_xo_files='false' modelList='imgds_linear_tiny_mul_mul_9s_16s_25_4_1
imgds_linear_tiny_imgds_linear_tiny_Pipeline_VITIS_LOOP_163_3_input_projection_weight_V_ROM_AUTbkb
imgds_linear_tiny_flow_control_loop_pipe_sequential_init
imgds_linear_tiny_mul_mul_12s_16s_28_4_1
imgds_linear_tiny_mul_mul_11s_16s_27_4_1
imgds_linear_tiny_linear_attention_tiny_Pipeline_VITIS_LOOP_48_3_layers_0_attention_query_weighcud
imgds_linear_tiny_linear_attention_tiny_Pipeline_VITIS_LOOP_48_3_layers_0_attention_key_weight_dEe
imgds_linear_tiny_linear_attention_tiny_Pipeline_VITIS_LOOP_48_3_layers_0_attention_value_weigheOg
imgds_linear_tiny_flow_control_loop_pipe_sequential_init
imgds_linear_tiny_mac_muladd_16s_16s_30ns_30_4_1
imgds_linear_tiny_flow_control_loop_pipe_sequential_init
imgds_linear_tiny_flow_control_loop_pipe_sequential_init
imgds_linear_tiny_flow_control_loop_pipe_sequential_init
imgds_linear_tiny_mul_mul_24s_16s_30_4_1
imgds_linear_tiny_flow_control_loop_pipe_sequential_init
imgds_linear_tiny_linear_attention_tiny_Pipeline_VITIS_LOOP_107_14_layers_0_attention_output_wefYi
imgds_linear_tiny_flow_control_loop_pipe_sequential_init
imgds_linear_tiny_fpext_32ns_64_2_no_dsp_1
imgds_linear_tiny_fexp_32ns_32ns_32_10_full_dsp_1
imgds_linear_tiny_linear_attention_tiny_layers_0_attention_output_bias_V_ROM_AUTO_1R
imgds_linear_tiny_linear_attention_tiny_Q_V_RAM_AUTO_1R1W
imgds_linear_tiny_linear_attention_tiny_KV_V_RAM_AUTO_1R1W
imgds_linear_tiny_linear_attention_tiny_K_sum_V_RAM_AUTO_1R1W
imgds_linear_tiny_fadd_32ns_32ns_32_5_full_dsp_1
imgds_linear_tiny_fsqrt_32ns_32ns_32_16_no_dsp_1
imgds_linear_tiny_mul_37s_40ns_76_2_1
imgds_linear_tiny_mul_38s_40ns_77_2_1
imgds_linear_tiny_mul_mul_16s_16s_30_4_1
imgds_linear_tiny_am_submul_16s_16s_16s_26_4_1
imgds_linear_tiny_mac_muladd_16s_11ns_17s_26_4_1
imgds_linear_tiny_mac_muladd_16s_11ns_17ns_26_4_1
imgds_linear_tiny_mac_muladd_16s_10ns_18s_26_4_1
imgds_linear_tiny_flow_control_loop_pipe_sequential_init
imgds_linear_tiny_imgds_linear_tiny_Pipeline_VITIS_LOOP_128_3_layers_0_feedforward_0_weight_V_Rg8j
imgds_linear_tiny_flow_control_loop_pipe_sequential_init
imgds_linear_tiny_mul_mul_10s_15ns_25_4_1
imgds_linear_tiny_imgds_linear_tiny_Pipeline_VITIS_LOOP_139_5_layers_0_feedforward_3_weight_V_Rhbi
imgds_linear_tiny_flow_control_loop_pipe_sequential_init
imgds_linear_tiny_flow_control_loop_pipe_sequential_init
imgds_linear_tiny_flow_control_loop_pipe_sequential_init
imgds_linear_tiny_flow_control_loop_pipe_sequential_init
imgds_linear_tiny_flow_control_loop_pipe_sequential_init
imgds_linear_tiny_flow_control_loop_pipe_sequential_init
imgds_linear_tiny_mac_muladd_16s_11ns_18s_26_4_1
imgds_linear_tiny_layer_norm_tiny_Pipeline_VITIS_LOOP_27_3_output_norm_weight_V_ROM_AUTO_1R
imgds_linear_tiny_layer_norm_tiny_Pipeline_VITIS_LOOP_27_3_output_norm_bias_V_ROM_AUTO_1R
imgds_linear_tiny_flow_control_loop_pipe_sequential_init
imgds_linear_tiny_mac_muladd_16s_10s_18ns_25_4_1
imgds_linear_tiny_mac_muladd_16s_11s_26ns_26_4_1
imgds_linear_tiny_mac_muladd_16s_9ns_25s_26_4_1
imgds_linear_tiny_mac_muladd_16s_9s_26s_26_4_1
imgds_linear_tiny_mac_muladd_16s_10ns_26ns_26_4_1
imgds_linear_tiny_mac_muladd_16s_9ns_26ns_26_4_1
imgds_linear_tiny_mac_muladd_16s_8ns_26s_26_4_1
imgds_linear_tiny_mac_muladd_16s_7ns_26s_26_4_1
imgds_linear_tiny_mac_muladd_16s_10s_26ns_26_4_1
imgds_linear_tiny_fdiv_32ns_32ns_32_16_no_dsp_1
imgds_linear_tiny_fpext_32ns_64_2_no_dsp_1
imgds_linear_tiny_input_projection_bias_V_ROM_AUTO_1R
imgds_linear_tiny_position_embedding_V_ROM_AUTO_1R
imgds_linear_tiny_layers_0_feedforward_0_bias_V_ROM_AUTO_1R
imgds_linear_tiny_layers_0_feedforward_3_bias_V_ROM_AUTO_1R
imgds_linear_tiny_hidden_V_RAM_AUTO_1R1W
imgds_linear_tiny_x_V_RAM_AUTO_1R1W
imgds_linear_tiny_pooled_V_RAM_AUTO_1R1W
imgds_linear_tiny_gmem0_m_axi
imgds_linear_tiny_gmem1_m_axi
imgds_linear_tiny_control_s_axi
imgds_linear_tiny_Pipeline_VITIS_LOOP_163_3
linear_attention_tiny_Pipeline_VITIS_LOOP_48_3
linear_attention_tiny_Pipeline_VITIS_LOOP_63_4_VITIS_LOOP_64_5_VITIS_LOOP_66_6
linear_attention_tiny_Pipeline_VITIS_LOOP_78_8
linear_attention_tiny_Pipeline_VITIS_LOOP_88_10
linear_attention_tiny_Pipeline_VITIS_LOOP_96_11_VITIS_LOOP_98_12
linear_attention_tiny_Pipeline_VITIS_LOOP_107_14
linear_attention_tiny
layer_norm_tiny_1
imgds_linear_tiny_Pipeline_VITIS_LOOP_176_4
imgds_linear_tiny_Pipeline_VITIS_LOOP_128_3
imgds_linear_tiny_Pipeline_VITIS_LOOP_139_5
imgds_linear_tiny_Pipeline_VITIS_LOOP_146_6
imgds_linear_tiny_Pipeline_VITIS_LOOP_179_5
imgds_linear_tiny_Pipeline_VITIS_LOOP_183_6_VITIS_LOOP_185_7
layer_norm_tiny_Pipeline_VITIS_LOOP_19_1
layer_norm_tiny_Pipeline_VITIS_LOOP_22_2
layer_norm_tiny_Pipeline_VITIS_LOOP_27_3
layer_norm_tiny
imgds_linear_tiny
' rtl_lang='vlog' bootstrap_tcl='false' outdir='' outfilename=''
Execute       source /home/cym/prj2/finn/notebooks/icl_thesis-master/experiments/imgds_linear_sparse/stage4_structural_small_models/hls/tiny_q16_d6_ff12/hls/imgds_linear_tiny_axi/solution1/.autopilot/db/global.setting.tcl 
Execute       source /home/cym/prj2/finn/notebooks/icl_thesis-master/experiments/imgds_linear_sparse/stage4_structural_small_models/hls/tiny_q16_d6_ff12/hls/imgds_linear_tiny_axi/solution1/.autopilot/db/global.setting.tcl 
Execute       source /home/cym/prj2/finn/notebooks/icl_thesis-master/experiments/imgds_linear_sparse/stage4_structural_small_models/hls/tiny_q16_d6_ff12/hls/imgds_linear_tiny_axi/solution1/.autopilot/db/top-io-be.tcl 
Execute       source /home/cym/prj2/finn/notebooks/icl_thesis-master/experiments/imgds_linear_sparse/stage4_structural_small_models/hls/tiny_q16_d6_ff12/hls/imgds_linear_tiny_axi/solution1/.autopilot/db/imgds_linear_tiny.tbgen.tcl 
Execute       source /home/cym/prj2/finn/notebooks/icl_thesis-master/experiments/imgds_linear_sparse/stage4_structural_small_models/hls/tiny_q16_d6_ff12/hls/imgds_linear_tiny_axi/solution1/.autopilot/db/imgds_linear_tiny.compgen.dataonly.tcl 
Execute       source /home/cym/prj2/finn/notebooks/icl_thesis-master/experiments/imgds_linear_sparse/stage4_structural_small_models/hls/tiny_q16_d6_ff12/hls/imgds_linear_tiny_axi/solution1/.autopilot/db/imgds_linear_tiny.compgen.dataonly.tcl 
Execute       source /home/cym/prj2/finn/notebooks/icl_thesis-master/experiments/imgds_linear_sparse/stage4_structural_small_models/hls/tiny_q16_d6_ff12/hls/imgds_linear_tiny_axi/solution1/.autopilot/db/imgds_linear_tiny.rtl_wrap.cfg.tcl 
Execute       source /home/cym/prj2/finn/notebooks/icl_thesis-master/experiments/imgds_linear_sparse/stage4_structural_small_models/hls/tiny_q16_d6_ff12/hls/imgds_linear_tiny_axi/solution1/.autopilot/db/imgds_linear_tiny.compgen.dataonly.tcl 
Execute       source /home/cym/prj2/finn/notebooks/icl_thesis-master/experiments/imgds_linear_sparse/stage4_structural_small_models/hls/tiny_q16_d6_ff12/hls/imgds_linear_tiny_axi/solution1/.autopilot/db/imgds_linear_tiny_Pipeline_VITIS_LOOP_163_3.tbgen.tcl 
Execute       source /home/cym/prj2/finn/notebooks/icl_thesis-master/experiments/imgds_linear_sparse/stage4_structural_small_models/hls/tiny_q16_d6_ff12/hls/imgds_linear_tiny_axi/solution1/.autopilot/db/linear_attention_tiny_Pipeline_VITIS_LOOP_48_3.tbgen.tcl 
Execute       source /home/cym/prj2/finn/notebooks/icl_thesis-master/experiments/imgds_linear_sparse/stage4_structural_small_models/hls/tiny_q16_d6_ff12/hls/imgds_linear_tiny_axi/solution1/.autopilot/db/linear_attention_tiny_Pipeline_VITIS_LOOP_63_4_VITIS_LOOP_64_5_VITIS_LOOP_66_6.tbgen.tcl 
Execute       source /home/cym/prj2/finn/notebooks/icl_thesis-master/experiments/imgds_linear_sparse/stage4_structural_small_models/hls/tiny_q16_d6_ff12/hls/imgds_linear_tiny_axi/solution1/.autopilot/db/linear_attention_tiny_Pipeline_VITIS_LOOP_78_8.tbgen.tcl 
Execute       source /home/cym/prj2/finn/notebooks/icl_thesis-master/experiments/imgds_linear_sparse/stage4_structural_small_models/hls/tiny_q16_d6_ff12/hls/imgds_linear_tiny_axi/solution1/.autopilot/db/linear_attention_tiny_Pipeline_VITIS_LOOP_88_10.tbgen.tcl 
Execute       source /home/cym/prj2/finn/notebooks/icl_thesis-master/experiments/imgds_linear_sparse/stage4_structural_small_models/hls/tiny_q16_d6_ff12/hls/imgds_linear_tiny_axi/solution1/.autopilot/db/linear_attention_tiny_Pipeline_VITIS_LOOP_96_11_VITIS_LOOP_98_12.tbgen.tcl 
Execute       source /home/cym/prj2/finn/notebooks/icl_thesis-master/experiments/imgds_linear_sparse/stage4_structural_small_models/hls/tiny_q16_d6_ff12/hls/imgds_linear_tiny_axi/solution1/.autopilot/db/linear_attention_tiny_Pipeline_VITIS_LOOP_107_14.tbgen.tcl 
Execute       source /home/cym/prj2/finn/notebooks/icl_thesis-master/experiments/imgds_linear_sparse/stage4_structural_small_models/hls/tiny_q16_d6_ff12/hls/imgds_linear_tiny_axi/solution1/.autopilot/db/linear_attention_tiny.tbgen.tcl 
Execute       source /home/cym/prj2/finn/notebooks/icl_thesis-master/experiments/imgds_linear_sparse/stage4_structural_small_models/hls/tiny_q16_d6_ff12/hls/imgds_linear_tiny_axi/solution1/.autopilot/db/layer_norm_tiny_1.tbgen.tcl 
Execute       source /home/cym/prj2/finn/notebooks/icl_thesis-master/experiments/imgds_linear_sparse/stage4_structural_small_models/hls/tiny_q16_d6_ff12/hls/imgds_linear_tiny_axi/solution1/.autopilot/db/imgds_linear_tiny_Pipeline_VITIS_LOOP_176_4.tbgen.tcl 
Execute       source /home/cym/prj2/finn/notebooks/icl_thesis-master/experiments/imgds_linear_sparse/stage4_structural_small_models/hls/tiny_q16_d6_ff12/hls/imgds_linear_tiny_axi/solution1/.autopilot/db/imgds_linear_tiny_Pipeline_VITIS_LOOP_128_3.tbgen.tcl 
Execute       source /home/cym/prj2/finn/notebooks/icl_thesis-master/experiments/imgds_linear_sparse/stage4_structural_small_models/hls/tiny_q16_d6_ff12/hls/imgds_linear_tiny_axi/solution1/.autopilot/db/imgds_linear_tiny_Pipeline_VITIS_LOOP_139_5.tbgen.tcl 
Execute       source /home/cym/prj2/finn/notebooks/icl_thesis-master/experiments/imgds_linear_sparse/stage4_structural_small_models/hls/tiny_q16_d6_ff12/hls/imgds_linear_tiny_axi/solution1/.autopilot/db/imgds_linear_tiny_Pipeline_VITIS_LOOP_146_6.tbgen.tcl 
Execute       source /home/cym/prj2/finn/notebooks/icl_thesis-master/experiments/imgds_linear_sparse/stage4_structural_small_models/hls/tiny_q16_d6_ff12/hls/imgds_linear_tiny_axi/solution1/.autopilot/db/imgds_linear_tiny_Pipeline_VITIS_LOOP_179_5.tbgen.tcl 
Execute       source /home/cym/prj2/finn/notebooks/icl_thesis-master/experiments/imgds_linear_sparse/stage4_structural_small_models/hls/tiny_q16_d6_ff12/hls/imgds_linear_tiny_axi/solution1/.autopilot/db/imgds_linear_tiny_Pipeline_VITIS_LOOP_183_6_VITIS_LOOP_185_7.tbgen.tcl 
Execute       source /home/cym/prj2/finn/notebooks/icl_thesis-master/experiments/imgds_linear_sparse/stage4_structural_small_models/hls/tiny_q16_d6_ff12/hls/imgds_linear_tiny_axi/solution1/.autopilot/db/layer_norm_tiny_Pipeline_VITIS_LOOP_19_1.tbgen.tcl 
Execute       source /home/cym/prj2/finn/notebooks/icl_thesis-master/experiments/imgds_linear_sparse/stage4_structural_small_models/hls/tiny_q16_d6_ff12/hls/imgds_linear_tiny_axi/solution1/.autopilot/db/layer_norm_tiny_Pipeline_VITIS_LOOP_22_2.tbgen.tcl 
Execute       source /home/cym/prj2/finn/notebooks/icl_thesis-master/experiments/imgds_linear_sparse/stage4_structural_small_models/hls/tiny_q16_d6_ff12/hls/imgds_linear_tiny_axi/solution1/.autopilot/db/layer_norm_tiny_Pipeline_VITIS_LOOP_27_3.tbgen.tcl 
Execute       source /home/cym/prj2/finn/notebooks/icl_thesis-master/experiments/imgds_linear_sparse/stage4_structural_small_models/hls/tiny_q16_d6_ff12/hls/imgds_linear_tiny_axi/solution1/.autopilot/db/layer_norm_tiny.tbgen.tcl 
Execute       source /home/cym/prj2/finn/notebooks/icl_thesis-master/experiments/imgds_linear_sparse/stage4_structural_small_models/hls/tiny_q16_d6_ff12/hls/imgds_linear_tiny_axi/solution1/.autopilot/db/imgds_linear_tiny.tbgen.tcl 
Execute       source /home/cym/prj2/finn/notebooks/icl_thesis-master/experiments/imgds_linear_sparse/stage4_structural_small_models/hls/tiny_q16_d6_ff12/hls/imgds_linear_tiny_axi/solution1/.autopilot/db/global.setting.tcl 
Execute       ap_part_info -name xc7z020-clg400-1 -data names -quiet 
Execute       ap_part_info -name xc7z020-clg400-1 -data info -quiet 
Execute       source /home/cym/prj2/finn/notebooks/icl_thesis-master/experiments/imgds_linear_sparse/stage4_structural_small_models/hls/tiny_q16_d6_ff12/hls/imgds_linear_tiny_axi/solution1/.autopilot/db/imgds_linear_tiny.constraint.tcl 
Execute       sc_get_clocks imgds_linear_tiny 
Execute       source /home/cym/prj2/finn/notebooks/icl_thesis-master/experiments/imgds_linear_sparse/stage4_structural_small_models/hls/tiny_q16_d6_ff12/hls/imgds_linear_tiny_axi/solution1/.autopilot/db/global.setting.tcl 
Execute       source /home/cym/prj2/finn/notebooks/icl_thesis-master/experiments/imgds_linear_sparse/stage4_structural_small_models/hls/tiny_q16_d6_ff12/hls/imgds_linear_tiny_axi/solution1/impl/misc/imgds_linear_tiny_fadd_32ns_32ns_32_5_full_dsp_1_ip.tcl 
Execute       source /home/cym/prj2/finn/notebooks/icl_thesis-master/experiments/imgds_linear_sparse/stage4_structural_small_models/hls/tiny_q16_d6_ff12/hls/imgds_linear_tiny_axi/solution1/impl/misc/imgds_linear_tiny_fdiv_32ns_32ns_32_16_no_dsp_1_ip.tcl 
Execute       source /home/cym/prj2/finn/notebooks/icl_thesis-master/experiments/imgds_linear_sparse/stage4_structural_small_models/hls/tiny_q16_d6_ff12/hls/imgds_linear_tiny_axi/solution1/impl/misc/imgds_linear_tiny_fexp_32ns_32ns_32_10_full_dsp_1_ip.tcl 
Execute       source /home/cym/prj2/finn/notebooks/icl_thesis-master/experiments/imgds_linear_sparse/stage4_structural_small_models/hls/tiny_q16_d6_ff12/hls/imgds_linear_tiny_axi/solution1/impl/misc/imgds_linear_tiny_fpext_32ns_64_2_no_dsp_1_ip.tcl 
Execute       source /home/cym/prj2/finn/notebooks/icl_thesis-master/experiments/imgds_linear_sparse/stage4_structural_small_models/hls/tiny_q16_d6_ff12/hls/imgds_linear_tiny_axi/solution1/impl/misc/imgds_linear_tiny_fsqrt_32ns_32ns_32_16_no_dsp_1_ip.tcl 
Execute       source /home/cym/prj2/finn/notebooks/icl_thesis-master/experiments/imgds_linear_sparse/stage4_structural_small_models/hls/tiny_q16_d6_ff12/hls/imgds_linear_tiny_axi/solution1/.autopilot/db/global.setting.tcl 
Execute       source /home/cym/prj2/finn/notebooks/icl_thesis-master/experiments/imgds_linear_sparse/stage4_structural_small_models/hls/tiny_q16_d6_ff12/hls/imgds_linear_tiny_axi/solution1/.autopilot/db/imgds_linear_tiny.tbgen.tcl 
INFO-FLOW: DBG:PUTS:       cosim_export_main adding deadlock detection to imgds_linear_tiny
INFO-FLOW: DBG:PUTS:       copy ip_driver_dir 1_0 /home/cym/prj2/finn/notebooks/icl_thesis-master/experiments/imgds_linear_sparse/stage4_structural_small_models/hls/tiny_q16_d6_ff12/hls/imgds_linear_tiny_axi/solution1/.autopilot/db/driver
INFO-FLOW: DBG:PUTS:       generate_ip_script #gSsdmPorts=0 g_lang=vlog is_sdaccel=false is_sdsoc=true xo_file=
Execute       ap_part_info -name xc7z020-clg400-1 -data names -quiet 
Execute       ap_part_info -name xc7z020-clg400-1 -data info -quiet 
Execute       ap_part_info -name xc7z020-clg400-1 -data names -quiet 
Execute       ap_part_info -name xc7z020-clg400-1 -data info -quiet 
Execute       source /home/cym/prj2/finn/notebooks/icl_thesis-master/experiments/imgds_linear_sparse/stage4_structural_small_models/hls/tiny_q16_d6_ff12/hls/imgds_linear_tiny_axi/solution1/.autopilot/db/imgds_linear_tiny.tbgen.tcl 
Execute       source /home/cym/prj2/finn/notebooks/icl_thesis-master/experiments/imgds_linear_sparse/stage4_structural_small_models/hls/tiny_q16_d6_ff12/hls/imgds_linear_tiny_axi/solution1/.autopilot/db/imgds_linear_tiny.compgen.dataonly.tcl 
Execute       source /home/cym/prj2/finn/notebooks/icl_thesis-master/experiments/imgds_linear_sparse/stage4_structural_small_models/hls/tiny_q16_d6_ff12/hls/imgds_linear_tiny_axi/solution1/.autopilot/db/imgds_linear_tiny.compgen.dataonly.tcl 
Execute       source /home/cym/prj2/finn/notebooks/icl_thesis-master/experiments/imgds_linear_sparse/stage4_structural_small_models/hls/tiny_q16_d6_ff12/hls/imgds_linear_tiny_axi/solution1/.autopilot/db/global.setting.tcl 
INFO-FLOW: DBG:PUTS:       generate_top_info
INFO-FLOW: DBG:PUTS:       prepArgInfo -> loadAnalyze_DB top_module=imgds_linear_tiny
Execute       source /home/cym/prj2/finn/notebooks/icl_thesis-master/experiments/imgds_linear_sparse/stage4_structural_small_models/hls/tiny_q16_d6_ff12/hls/imgds_linear_tiny_axi/solution1/.autopilot/db/imgds_linear_tiny.rtl_wrap.cfg.tcl 
Execute       source /home/cym/prj2/finn/notebooks/icl_thesis-master/experiments/imgds_linear_sparse/stage4_structural_small_models/hls/tiny_q16_d6_ff12/hls/imgds_linear_tiny_axi/solution1/.autopilot/db/imgds_linear_tiny.rtl_wrap.cfg.tcl 
Execute       source /home/cym/prj2/finn/notebooks/icl_thesis-master/experiments/imgds_linear_sparse/stage4_structural_small_models/hls/tiny_q16_d6_ff12/hls/imgds_linear_tiny_axi/solution1/.autopilot/db/imgds_linear_tiny.rtl_wrap.cfg.tcl 
Execute       source /home/cym/prj2/finn/notebooks/icl_thesis-master/experiments/imgds_linear_sparse/stage4_structural_small_models/hls/tiny_q16_d6_ff12/hls/imgds_linear_tiny_axi/solution1/.autopilot/db/imgds_linear_tiny.tbgen.tcl 
Execute       source /home/cym/prj2/finn/notebooks/icl_thesis-master/experiments/imgds_linear_sparse/stage4_structural_small_models/hls/tiny_q16_d6_ff12/hls/imgds_linear_tiny_axi/solution1/.autopilot/db/imgds_linear_tiny.tbgen.tcl 
Execute       ap_part_info -name xc7z020-clg400-1 -data names -quiet 
Execute       ap_part_info -name xc7z020-clg400-1 -data info -quiet 
Execute       source /home/cym/prj2/finn/notebooks/icl_thesis-master/experiments/imgds_linear_sparse/stage4_structural_small_models/hls/tiny_q16_d6_ff12/hls/imgds_linear_tiny_axi/solution1/.autopilot/db/global.setting.tcl 
Execute       ap_part_info -name xc7z020-clg400-1 -data names -quiet 
Execute       ap_part_info -name xc7z020-clg400-1 -data info -quiet 
Execute       ap_part_info -name xc7z020-clg400-1 -data names -quiet 
Execute       ap_part_info -name xc7z020-clg400-1 -data info -quiet 
Execute       source /home/cym/prj2/finn/notebooks/icl_thesis-master/experiments/imgds_linear_sparse/stage4_structural_small_models/hls/tiny_q16_d6_ff12/hls/imgds_linear_tiny_axi/solution1/.autopilot/db/imgds_linear_tiny.tbgen.tcl 
Execute       source /home/cym/prj2/finn/notebooks/icl_thesis-master/experiments/imgds_linear_sparse/stage4_structural_small_models/hls/tiny_q16_d6_ff12/hls/imgds_linear_tiny_axi/solution1/.autopilot/db/global.setting.tcl 
Execute       source /home/cym/prj2/finn/notebooks/icl_thesis-master/experiments/imgds_linear_sparse/stage4_structural_small_models/hls/tiny_q16_d6_ff12/hls/imgds_linear_tiny_axi/solution1/.autopilot/db/imgds_linear_tiny.constraint.tcl 
INFO-FLOW: DBG:PUTS:       generate_ipi_example_script
Execute       ap_part_info -name xc7z020-clg400-1 -data names -quiet 
Execute       ap_part_info -name xc7z020-clg400-1 -data info -quiet 
Execute       ap_part_info -name xc7z020-clg400-1 -data names -quiet 
Execute       ap_part_info -name xc7z020-clg400-1 -data info -quiet 
INFO-FLOW: DBG:PUTS:       generate_syn_sh
Execute       ap_part_info -name xc7z020-clg400-1 -data names -quiet 
Execute       ap_part_info -name xc7z020-clg400-1 -data info -quiet 
Execute       source /home/cym/prj2/finn/notebooks/icl_thesis-master/experiments/imgds_linear_sparse/stage4_structural_small_models/hls/tiny_q16_d6_ff12/hls/imgds_linear_tiny_axi/solution1/.autopilot/db/global.setting.tcl 
INFO-FLOW: DBG:PUTS:       generate_imp_constraints
Execute       ap_part_info -name xc7z020-clg400-1 -data names -quiet 
Execute       ap_part_info -name xc7z020-clg400-1 -data info -quiet 
Execute       source /home/cym/prj2/finn/notebooks/icl_thesis-master/experiments/imgds_linear_sparse/stage4_structural_small_models/hls/tiny_q16_d6_ff12/hls/imgds_linear_tiny_axi/solution1/.autopilot/db/imgds_linear_tiny.constraint.tcl 
Execute       source /home/cym/prj2/finn/notebooks/icl_thesis-master/experiments/imgds_linear_sparse/stage4_structural_small_models/hls/tiny_q16_d6_ff12/hls/imgds_linear_tiny_axi/solution1/.autopilot/db/imgds_linear_tiny.tbgen.tcl 
INFO-FLOW: DBG:PUTS:       delete-temp-dirs (skipped for debug)
Execute       ap_part_info -name xc7z020-clg400-1 -data names -quiet 
Execute       ap_part_info -name xc7z020-clg400-1 -data info -quiet 
INFO-FLOW: DBG:PUTS: read_platform_lib /home/cym/prj2/finn/notebooks/icl_thesis-master/experiments/imgds_linear_sparse/stage4_structural_small_models/hls/tiny_q16_d6_ff12/hls/imgds_linear_tiny_axi/solution1/.autopilot/db/global.setting.tcl
Execute       source /tools/Xilinx/Vitis_HLS/2022.2/common/technology/generic/autopilot/common.gen 
Execute         source /tools/Xilinx/Vitis_HLS/2022.2/common/technology/generic/autopilot/APCoreGen.gen 
Execute       source /tools/Xilinx/Vitis_HLS/2022.2/common/technology/generic/autopilot/op.gen 
Execute       source /tools/Xilinx/Vitis_HLS/2022.2/common/technology/generic/autopilot/op_simcore.gen 
Execute       source /tools/Xilinx/Vitis_HLS/2022.2/common/technology/generic/autopilot/interface.gen 
Execute       source /home/cym/prj2/finn/notebooks/icl_thesis-master/experiments/imgds_linear_sparse/stage4_structural_small_models/hls/tiny_q16_d6_ff12/hls/imgds_linear_tiny_axi/solution1/.autopilot/db/global.setting.tcl 
Execute       source /tools/Xilinx/Vitis_HLS/2022.2/common/technology/xilinx/common/xilinx.gen 
Execute         source /tools/Xilinx/Vitis_HLS/2022.2/common/technology/xilinx/interface/plb46.gen 
Execute         source /tools/Xilinx/Vitis_HLS/2022.2/common/technology/xilinx/interface/axi4.gen 
Execute         source /tools/Xilinx/Vitis_HLS/2022.2/common/technology/xilinx/interface/nativeAXI4.gen 
Execute           source /tools/Xilinx/Vitis_HLS/2022.2/common/technology/xilinx/interface/saxilite.gen 
Execute         source /tools/Xilinx/Vitis_HLS/2022.2/common/technology/xilinx/scripts/xilinxcoregen.gen 
Execute         source /tools/Xilinx/Vitis_HLS/2022.2/common/technology/xilinx/interface/XilEDKCoreGen.gen 
Execute         source /tools/Xilinx/Vitis_HLS/2022.2/common/technology/xilinx/ip/xfir.gen 
Execute         source /tools/Xilinx/Vitis_HLS/2022.2/common/technology/xilinx/ip/util.gen 
Execute         source /tools/Xilinx/Vitis_HLS/2022.2/common/technology/xilinx/ip/xfft.gen 
Execute         source /tools/Xilinx/Vitis_HLS/2022.2/common/technology/xilinx/ip/dds_compiler.gen 
Execute         source /tools/Xilinx/Vitis_HLS/2022.2/common/technology/xilinx/DSP48/dsp48.gen 
INFO-FLOW: DBG:PUTS:     IP package: exec /home/cym/prj2/finn/notebooks/icl_thesis-master/experiments/imgds_linear_sparse/stage4_structural_small_models/hls/tiny_q16_d6_ff12/hls/imgds_linear_tiny_axi/solution1/impl/ip/pack.sh
INFO-FLOW: DBG:PUTS:     IP package: success /home/cym/prj2/finn/notebooks/icl_thesis-master/experiments/imgds_linear_sparse/stage4_structural_small_models/hls/tiny_q16_d6_ff12/hls/imgds_linear_tiny_axi/solution1/impl/ip/pack.sh
Execute       send_msg_by_id INFO @200-802@%s imgds_linear_tiny_axi/solution1/impl/export.zip 
INFO: [HLS 200-802] Generated output file imgds_linear_tiny_axi/solution1/impl/export.zip
Command     export_design done; 27.58 sec.
INFO: [HLS 200-111] Finished Command export_design CPU user time: 17.49 seconds. CPU system time: 0.74 seconds. Elapsed time: 27.58 seconds; current allocated memory: 4.730 MB.
Execute     cleanup_all 
