

================================================================
== Vitis HLS Report for 'linear_attention_q16_Pipeline_VITIS_LOOP_121_4_VITIS_LOOP_122_5'
================================================================
* Date:           Tue Jun 30 20:53:34 2026

* Version:        2022.2 (Build 3670227 on Oct 13 2022)
* Project:        imgds_linear_dense_q16_pareto1
* Solution:       solution1 (Vivado IP Flow Target)
* Product family: zynq
* Target device:  xc7z020-clg400-1


================================================================
== Performance Estimates
================================================================
+ Timing: 
    * Summary: 
    +--------+----------+----------+------------+
    |  Clock |  Target  | Estimated| Uncertainty|
    +--------+----------+----------+------------+
    |ap_clk  |  10.00 ns|  6.936 ns|     2.70 ns|
    +--------+----------+----------+------------+

+ Latency: 
    * Summary: 
    +---------+---------+-----------+-----------+------+------+---------+
    |  Latency (cycles) |   Latency (absolute)  |   Interval  | Pipeline|
    |   min   |   max   |    min    |    max    |  min |  max |   Type  |
    +---------+---------+-----------+-----------+------+------+---------+
    |     2067|     2067|  20.670 us|  20.670 us|  2067|  2067|       no|
    +---------+---------+-----------+-----------+------+------+---------+

    + Detail: 
        * Instance: 
        N/A

        * Loop: 
        +-------------------------------------+---------+---------+----------+-----------+-----------+------+----------+
        |                                     |  Latency (cycles) | Iteration|  Initiation Interval  | Trip |          |
        |              Loop Name              |   min   |   max   |  Latency |  achieved |   target  | Count| Pipelined|
        +-------------------------------------+---------+---------+----------+-----------+-----------+------+----------+
        |- VITIS_LOOP_121_4_VITIS_LOOP_122_5  |     2065|     2065|        23|          8|          1|   256|       yes|
        +-------------------------------------+---------+---------+----------+-----------+-----------+------+----------+

============================================================
+ Verbose Summary: Synthesis Manager
============================================================
InlineROM: 1
ExposeGlobal: 0
============================================================
+ Verbose Summary: CDFG Model
============================================================
IsTopModel: 0
ResetActiveHigh: 1
IsCombinational: 0
IsDatapathOnly: 0
HasWiredReturn: 1
HasMFsm: 2
HasVarLatency: 1
IsPipeline: 0
IsRtlPipelined: 0
IsInstanceOverlapped: 0
IsDontTouch: 0
HasImplIP: 0
IsGatedGlobalClock: 0

+ Individual pipeline summary: 
  * Pipeline-0: initiation interval (II) = 8, depth = 23


============================================================
+ Verbose Summary: Schedule
============================================================
* Number of FSM states : 23
* Pipeline : 1
  Pipeline-0 : II = 8, D = 23, States = { 1 2 3 4 5 6 7 8 9 10 11 12 13 14 15 16 17 18 19 20 21 22 23 }
* Dataflow Pipeline: 0

* FSM state transitions: 
1 --> 2 
2 --> 3 
3 --> 4 
4 --> 5 
5 --> 6 
6 --> 7 
7 --> 8 
8 --> 9 
9 --> 10 
10 --> 11 
11 --> 12 
12 --> 13 
13 --> 14 
14 --> 15 
15 --> 16 
16 --> 17 
17 --> 18 
18 --> 19 
19 --> 20 
20 --> 21 
21 --> 22 
22 --> 23 
23 --> 

* FSM state operations: 

State 1 <SV = 0> <Delay = 5.94>
ST_1 : Operation 26 [1/1] (0.00ns)   --->   "%d2 = alloca i32 1"   --->   Operation 26 'alloca' 'd2' <Predicate = true> <Delay = 0.00>
ST_1 : Operation 27 [1/1] (0.00ns)   --->   "%d1 = alloca i32 1"   --->   Operation 27 'alloca' 'd1' <Predicate = true> <Delay = 0.00>
ST_1 : Operation 28 [1/1] (0.00ns)   --->   "%indvar_flatten = alloca i32 1"   --->   Operation 28 'alloca' 'indvar_flatten' <Predicate = true> <Delay = 0.00>
ST_1 : Operation 29 [1/1] (1.58ns)   --->   "%store_ln0 = store i9 0, i9 %indvar_flatten"   --->   Operation 29 'store' 'store_ln0' <Predicate = true> <Delay = 1.58>
ST_1 : Operation 30 [1/1] (1.58ns)   --->   "%store_ln0 = store i5 0, i5 %d1"   --->   Operation 30 'store' 'store_ln0' <Predicate = true> <Delay = 1.58>
ST_1 : Operation 31 [1/1] (1.58ns)   --->   "%store_ln0 = store i5 0, i5 %d2"   --->   Operation 31 'store' 'store_ln0' <Predicate = true> <Delay = 1.58>
ST_1 : Operation 32 [1/1] (0.00ns)   --->   "%br_ln0 = br void %for.body101"   --->   Operation 32 'br' 'br_ln0' <Predicate = true> <Delay = 0.00>
ST_1 : Operation 33 [1/1] (0.00ns)   --->   "%d1_1 = load i5 %d1"   --->   Operation 33 'load' 'd1_1' <Predicate = true> <Delay = 0.00>
ST_1 : Operation 34 [1/1] (0.00ns)   --->   "%indvar_flatten_load = load i9 %indvar_flatten" [src/imgds_linear_dense_q16.cpp:121]   --->   Operation 34 'load' 'indvar_flatten_load' <Predicate = true> <Delay = 0.00>
ST_1 : Operation 35 [1/1] (0.00ns)   --->   "%tmp_s = partselect i2 @_ssdm_op_PartSelect.i2.i5.i32.i32, i5 %d1_1, i32 2, i32 3"   --->   Operation 35 'partselect' 'tmp_s' <Predicate = true> <Delay = 0.00>
ST_1 : Operation 36 [1/1] (0.00ns)   --->   "%empty = trunc i5 %d1_1"   --->   Operation 36 'trunc' 'empty' <Predicate = true> <Delay = 0.00>
ST_1 : Operation 37 [1/1] (1.66ns)   --->   "%icmp_ln121 = icmp_eq  i9 %indvar_flatten_load, i9 256" [src/imgds_linear_dense_q16.cpp:121]   --->   Operation 37 'icmp' 'icmp_ln121' <Predicate = true> <Delay = 1.66> <CoreInst = "Cmp">   --->   Core 9 'Cmp' <Latency = 0> <II = 1> <Delay = 1.66> <FuncUnit> <Opcode : 'icmp'> <InPorts = 2> <OutPorts = 1>
ST_1 : Operation 38 [1/1] (1.82ns)   --->   "%add_ln121_1 = add i9 %indvar_flatten_load, i9 1" [src/imgds_linear_dense_q16.cpp:121]   --->   Operation 38 'add' 'add_ln121_1' <Predicate = true> <Delay = 1.82> <CoreInst = "Adder">   --->   Core 1 'Adder' <Latency = 0> <II = 1> <Delay = 1.82> <FuncUnit> <Opcode : 'add' 'sub'> <InPorts = 2> <OutPorts = 1>
ST_1 : Operation 39 [1/1] (0.00ns)   --->   "%br_ln121 = br i1 %icmp_ln121, void %for.inc128, void %for.body142.preheader.exitStub" [src/imgds_linear_dense_q16.cpp:121]   --->   Operation 39 'br' 'br_ln121' <Predicate = true> <Delay = 0.00>
ST_1 : Operation 40 [1/1] (0.00ns)   --->   "%d2_load = load i5 %d2" [src/imgds_linear_dense_q16.cpp:122]   --->   Operation 40 'load' 'd2_load' <Predicate = (!icmp_ln121)> <Delay = 0.00>
ST_1 : Operation 41 [1/1] (1.78ns)   --->   "%add_ln121 = add i5 %d1_1, i5 1" [src/imgds_linear_dense_q16.cpp:121]   --->   Operation 41 'add' 'add_ln121' <Predicate = (!icmp_ln121)> <Delay = 1.78> <CoreInst = "Adder">   --->   Core 1 'Adder' <Latency = 0> <II = 1> <Delay = 1.78> <FuncUnit> <Opcode : 'add' 'sub'> <InPorts = 2> <OutPorts = 1>
ST_1 : Operation 42 [1/1] (1.36ns)   --->   "%icmp_ln122 = icmp_eq  i5 %d2_load, i5 16" [src/imgds_linear_dense_q16.cpp:122]   --->   Operation 42 'icmp' 'icmp_ln122' <Predicate = (!icmp_ln121)> <Delay = 1.36> <CoreInst = "Cmp">   --->   Core 9 'Cmp' <Latency = 0> <II = 1> <Delay = 1.36> <FuncUnit> <Opcode : 'icmp'> <InPorts = 2> <OutPorts = 1>
ST_1 : Operation 43 [1/1] (1.21ns)   --->   "%select_ln121 = select i1 %icmp_ln122, i5 0, i5 %d2_load" [src/imgds_linear_dense_q16.cpp:121]   --->   Operation 43 'select' 'select_ln121' <Predicate = (!icmp_ln121)> <Delay = 1.21> <CoreInst = "Sel">   --->   Core 73 'Sel' <Latency = 0> <II = 1> <Delay = 1.21> <FuncUnit> <Opcode : 'select'> <InPorts = 3> <OutPorts = 1>
ST_1 : Operation 44 [1/1] (1.21ns)   --->   "%select_ln121_1 = select i1 %icmp_ln122, i5 %add_ln121, i5 %d1_1" [src/imgds_linear_dense_q16.cpp:121]   --->   Operation 44 'select' 'select_ln121_1' <Predicate = (!icmp_ln121)> <Delay = 1.21> <CoreInst = "Sel">   --->   Core 73 'Sel' <Latency = 0> <II = 1> <Delay = 1.21> <FuncUnit> <Opcode : 'select'> <InPorts = 3> <OutPorts = 1>
ST_1 : Operation 45 [1/1] (0.00ns)   --->   "%empty_65 = trunc i5 %select_ln121_1" [src/imgds_linear_dense_q16.cpp:121]   --->   Operation 45 'trunc' 'empty_65' <Predicate = (!icmp_ln121)> <Delay = 0.00>
ST_1 : Operation 46 [1/1] (0.00ns)   --->   "%p_mid1 = partselect i2 @_ssdm_op_PartSelect.i2.i5.i32.i32, i5 %add_ln121, i32 2, i32 3" [src/imgds_linear_dense_q16.cpp:121]   --->   Operation 46 'partselect' 'p_mid1' <Predicate = (!icmp_ln121)> <Delay = 0.00>
ST_1 : Operation 47 [1/1] (0.00ns)   --->   "%empty_66 = trunc i5 %add_ln121" [src/imgds_linear_dense_q16.cpp:121]   --->   Operation 47 'trunc' 'empty_66' <Predicate = (!icmp_ln121)> <Delay = 0.00>
ST_1 : Operation 48 [1/1] (0.00ns)   --->   "%lshr_ln = partselect i2 @_ssdm_op_PartSelect.i2.i5.i32.i32, i5 %select_ln121, i32 2, i32 3"   --->   Operation 48 'partselect' 'lshr_ln' <Predicate = (!icmp_ln121)> <Delay = 0.00>
ST_1 : Operation 49 [1/1] (0.00ns)   --->   "%zext_ln1273 = zext i2 %lshr_ln"   --->   Operation 49 'zext' 'zext_ln1273' <Predicate = (!icmp_ln121)> <Delay = 0.00>
ST_1 : Operation 50 [1/1] (0.00ns)   --->   "%V_V_addr = getelementptr i16 %V_V, i64 0, i64 %zext_ln1273"   --->   Operation 50 'getelementptr' 'V_V_addr' <Predicate = (!icmp_ln121)> <Delay = 0.00>
ST_1 : Operation 51 [1/1] (0.00ns)   --->   "%tmp_857_cast = bitconcatenate i3 @_ssdm_op_BitConcatenate.i3.i1.i2, i1 1, i2 %lshr_ln"   --->   Operation 51 'bitconcatenate' 'tmp_857_cast' <Predicate = (!icmp_ln121)> <Delay = 0.00>
ST_1 : Operation 52 [1/1] (0.00ns)   --->   "%zext_ln1273_2 = zext i3 %tmp_857_cast"   --->   Operation 52 'zext' 'zext_ln1273_2' <Predicate = (!icmp_ln121)> <Delay = 0.00>
ST_1 : Operation 53 [1/1] (0.00ns)   --->   "%V_V_addr_1 = getelementptr i16 %V_V, i64 0, i64 %zext_ln1273_2"   --->   Operation 53 'getelementptr' 'V_V_addr_1' <Predicate = (!icmp_ln121)> <Delay = 0.00>
ST_1 : Operation 54 [1/1] (0.00ns)   --->   "%V_V_1_addr = getelementptr i16 %V_V_1, i64 0, i64 %zext_ln1273"   --->   Operation 54 'getelementptr' 'V_V_1_addr' <Predicate = (!icmp_ln121)> <Delay = 0.00>
ST_1 : Operation 55 [1/1] (0.00ns)   --->   "%V_V_1_addr_1 = getelementptr i16 %V_V_1, i64 0, i64 %zext_ln1273_2"   --->   Operation 55 'getelementptr' 'V_V_1_addr_1' <Predicate = (!icmp_ln121)> <Delay = 0.00>
ST_1 : Operation 56 [1/1] (0.00ns)   --->   "%V_V_2_addr = getelementptr i16 %V_V_2, i64 0, i64 %zext_ln1273"   --->   Operation 56 'getelementptr' 'V_V_2_addr' <Predicate = (!icmp_ln121)> <Delay = 0.00>
ST_1 : Operation 57 [1/1] (0.00ns)   --->   "%V_V_2_addr_1 = getelementptr i16 %V_V_2, i64 0, i64 %zext_ln1273_2"   --->   Operation 57 'getelementptr' 'V_V_2_addr_1' <Predicate = (!icmp_ln121)> <Delay = 0.00>
ST_1 : Operation 58 [1/1] (0.00ns)   --->   "%V_V_3_addr = getelementptr i16 %V_V_3, i64 0, i64 %zext_ln1273"   --->   Operation 58 'getelementptr' 'V_V_3_addr' <Predicate = (!icmp_ln121)> <Delay = 0.00>
ST_1 : Operation 59 [1/1] (0.00ns)   --->   "%V_V_3_addr_1 = getelementptr i16 %V_V_3, i64 0, i64 %zext_ln1273_2"   --->   Operation 59 'getelementptr' 'V_V_3_addr_1' <Predicate = (!icmp_ln121)> <Delay = 0.00>
ST_1 : Operation 60 [1/1] (0.00ns)   --->   "%trunc_ln1273 = trunc i5 %select_ln121"   --->   Operation 60 'trunc' 'trunc_ln1273' <Predicate = (!icmp_ln121)> <Delay = 0.00>
ST_1 : Operation 61 [2/2] (3.25ns)   --->   "%V_V_load = load i6 %V_V_addr"   --->   Operation 61 'load' 'V_V_load' <Predicate = (!icmp_ln121)> <Delay = 3.25> <CoreInst = "RAM">   --->   Core 82 'RAM' <Latency = 1> <II = 1> <Delay = 3.25> <Storage> <Opcode : 'load' 'store'> <Ports = 2> <Width = 16> <Depth = 64> <RAM>
ST_1 : Operation 62 [2/2] (3.25ns)   --->   "%V_V_1_load = load i6 %V_V_1_addr"   --->   Operation 62 'load' 'V_V_1_load' <Predicate = (!icmp_ln121)> <Delay = 3.25> <CoreInst = "RAM">   --->   Core 82 'RAM' <Latency = 1> <II = 1> <Delay = 3.25> <Storage> <Opcode : 'load' 'store'> <Ports = 2> <Width = 16> <Depth = 64> <RAM>
ST_1 : Operation 63 [2/2] (3.25ns)   --->   "%V_V_2_load = load i6 %V_V_2_addr"   --->   Operation 63 'load' 'V_V_2_load' <Predicate = (!icmp_ln121)> <Delay = 3.25> <CoreInst = "RAM">   --->   Core 82 'RAM' <Latency = 1> <II = 1> <Delay = 3.25> <Storage> <Opcode : 'load' 'store'> <Ports = 2> <Width = 16> <Depth = 64> <RAM>
ST_1 : Operation 64 [2/2] (3.25ns)   --->   "%V_V_3_load = load i6 %V_V_3_addr"   --->   Operation 64 'load' 'V_V_3_load' <Predicate = (!icmp_ln121)> <Delay = 3.25> <CoreInst = "RAM">   --->   Core 82 'RAM' <Latency = 1> <II = 1> <Delay = 3.25> <Storage> <Opcode : 'load' 'store'> <Ports = 2> <Width = 16> <Depth = 64> <RAM>
ST_1 : Operation 65 [2/2] (3.25ns)   --->   "%V_V_load_1 = load i6 %V_V_addr_1"   --->   Operation 65 'load' 'V_V_load_1' <Predicate = (!icmp_ln121)> <Delay = 3.25> <CoreInst = "RAM">   --->   Core 82 'RAM' <Latency = 1> <II = 1> <Delay = 3.25> <Storage> <Opcode : 'load' 'store'> <Ports = 2> <Width = 16> <Depth = 64> <RAM>
ST_1 : Operation 66 [2/2] (3.25ns)   --->   "%V_V_1_load_1 = load i6 %V_V_1_addr_1"   --->   Operation 66 'load' 'V_V_1_load_1' <Predicate = (!icmp_ln121)> <Delay = 3.25> <CoreInst = "RAM">   --->   Core 82 'RAM' <Latency = 1> <II = 1> <Delay = 3.25> <Storage> <Opcode : 'load' 'store'> <Ports = 2> <Width = 16> <Depth = 64> <RAM>
ST_1 : Operation 67 [2/2] (3.25ns)   --->   "%V_V_2_load_1 = load i6 %V_V_2_addr_1"   --->   Operation 67 'load' 'V_V_2_load_1' <Predicate = (!icmp_ln121)> <Delay = 3.25> <CoreInst = "RAM">   --->   Core 82 'RAM' <Latency = 1> <II = 1> <Delay = 3.25> <Storage> <Opcode : 'load' 'store'> <Ports = 2> <Width = 16> <Depth = 64> <RAM>
ST_1 : Operation 68 [2/2] (3.25ns)   --->   "%V_V_3_load_1 = load i6 %V_V_3_addr_1"   --->   Operation 68 'load' 'V_V_3_load_1' <Predicate = (!icmp_ln121)> <Delay = 3.25> <CoreInst = "RAM">   --->   Core 82 'RAM' <Latency = 1> <II = 1> <Delay = 3.25> <Storage> <Opcode : 'load' 'store'> <Ports = 2> <Width = 16> <Depth = 64> <RAM>
ST_1 : Operation 69 [1/1] (0.95ns)   --->   "%switch_ln129 = switch i2 %trunc_ln1273, void %arrayidx1247.case.3, i2 0, void %arrayidx1247.case.0, i2 1, void %arrayidx1247.case.1, i2 2, void %arrayidx1247.case.2" [src/imgds_linear_dense_q16.cpp:129]   --->   Operation 69 'switch' 'switch_ln129' <Predicate = (!icmp_ln121)> <Delay = 0.95>
ST_1 : Operation 70 [1/1] (1.78ns)   --->   "%add_ln122 = add i5 %select_ln121, i5 1" [src/imgds_linear_dense_q16.cpp:122]   --->   Operation 70 'add' 'add_ln122' <Predicate = (!icmp_ln121)> <Delay = 1.78> <CoreInst = "Adder">   --->   Core 1 'Adder' <Latency = 0> <II = 1> <Delay = 1.78> <FuncUnit> <Opcode : 'add' 'sub'> <InPorts = 2> <OutPorts = 1>
ST_1 : Operation 71 [1/1] (1.58ns)   --->   "%store_ln122 = store i9 %add_ln121_1, i9 %indvar_flatten" [src/imgds_linear_dense_q16.cpp:122]   --->   Operation 71 'store' 'store_ln122' <Predicate = (!icmp_ln121)> <Delay = 1.58>
ST_1 : Operation 72 [1/1] (1.58ns)   --->   "%store_ln122 = store i5 %select_ln121_1, i5 %d1" [src/imgds_linear_dense_q16.cpp:122]   --->   Operation 72 'store' 'store_ln122' <Predicate = (!icmp_ln121)> <Delay = 1.58>
ST_1 : Operation 73 [1/1] (1.58ns)   --->   "%store_ln122 = store i5 %add_ln122, i5 %d2" [src/imgds_linear_dense_q16.cpp:122]   --->   Operation 73 'store' 'store_ln122' <Predicate = (!icmp_ln121)> <Delay = 1.58>
ST_1 : Operation 74 [1/1] (0.00ns)   --->   "%br_ln122 = br void %for.body101" [src/imgds_linear_dense_q16.cpp:122]   --->   Operation 74 'br' 'br_ln122' <Predicate = (!icmp_ln121)> <Delay = 0.00>

State 2 <SV = 1> <Delay = 5.08>
ST_2 : Operation 75 [1/1] (0.00ns)   --->   "%p_cast = zext i2 %tmp_s"   --->   Operation 75 'zext' 'p_cast' <Predicate = (!icmp_ln122)> <Delay = 0.00>
ST_2 : Operation 76 [1/1] (0.00ns)   --->   "%K_V_addr = getelementptr i16 %K_V, i64 0, i64 %p_cast"   --->   Operation 76 'getelementptr' 'K_V_addr' <Predicate = (!icmp_ln122)> <Delay = 0.00>
ST_2 : Operation 77 [1/1] (0.00ns)   --->   "%tmp_827_cast = bitconcatenate i3 @_ssdm_op_BitConcatenate.i3.i1.i2, i1 1, i2 %tmp_s"   --->   Operation 77 'bitconcatenate' 'tmp_827_cast' <Predicate = true> <Delay = 0.00>
ST_2 : Operation 78 [1/1] (0.00ns)   --->   "%tmp_827_cast_cast = zext i3 %tmp_827_cast"   --->   Operation 78 'zext' 'tmp_827_cast_cast' <Predicate = (!icmp_ln122)> <Delay = 0.00>
ST_2 : Operation 79 [1/1] (0.00ns)   --->   "%K_V_addr_4 = getelementptr i16 %K_V, i64 0, i64 %tmp_827_cast_cast"   --->   Operation 79 'getelementptr' 'K_V_addr_4' <Predicate = (!icmp_ln122)> <Delay = 0.00>
ST_2 : Operation 80 [1/1] (0.00ns)   --->   "%K_V_1_addr = getelementptr i16 %K_V_1, i64 0, i64 %p_cast"   --->   Operation 80 'getelementptr' 'K_V_1_addr' <Predicate = (!icmp_ln122)> <Delay = 0.00>
ST_2 : Operation 81 [1/1] (0.00ns)   --->   "%K_V_1_addr_4 = getelementptr i16 %K_V_1, i64 0, i64 %tmp_827_cast_cast"   --->   Operation 81 'getelementptr' 'K_V_1_addr_4' <Predicate = (!icmp_ln122)> <Delay = 0.00>
ST_2 : Operation 82 [1/1] (0.00ns)   --->   "%K_V_2_addr = getelementptr i16 %K_V_2, i64 0, i64 %p_cast"   --->   Operation 82 'getelementptr' 'K_V_2_addr' <Predicate = (!icmp_ln122)> <Delay = 0.00>
ST_2 : Operation 83 [1/1] (0.00ns)   --->   "%K_V_2_addr_4 = getelementptr i16 %K_V_2, i64 0, i64 %tmp_827_cast_cast"   --->   Operation 83 'getelementptr' 'K_V_2_addr_4' <Predicate = (!icmp_ln122)> <Delay = 0.00>
ST_2 : Operation 84 [1/1] (0.00ns)   --->   "%K_V_3_addr = getelementptr i16 %K_V_3, i64 0, i64 %p_cast"   --->   Operation 84 'getelementptr' 'K_V_3_addr' <Predicate = (!icmp_ln122)> <Delay = 0.00>
ST_2 : Operation 85 [1/1] (0.00ns)   --->   "%K_V_3_addr_4 = getelementptr i16 %K_V_3, i64 0, i64 %tmp_827_cast_cast"   --->   Operation 85 'getelementptr' 'K_V_3_addr_4' <Predicate = (!icmp_ln122)> <Delay = 0.00>
ST_2 : Operation 86 [2/2] (3.25ns)   --->   "%K_V_load = load i6 %K_V_addr"   --->   Operation 86 'load' 'K_V_load' <Predicate = (!icmp_ln121 & !icmp_ln122 & empty == 0)> <Delay = 3.25> <CoreInst = "RAM">   --->   Core 82 'RAM' <Latency = 1> <II = 1> <Delay = 3.25> <Storage> <Opcode : 'load' 'store'> <Ports = 2> <Width = 16> <Depth = 64> <RAM>
ST_2 : Operation 87 [2/2] (3.25ns)   --->   "%K_V_1_load = load i6 %K_V_1_addr"   --->   Operation 87 'load' 'K_V_1_load' <Predicate = (!icmp_ln121 & !icmp_ln122 & empty != 0 & empty == 1)> <Delay = 3.25> <CoreInst = "RAM">   --->   Core 82 'RAM' <Latency = 1> <II = 1> <Delay = 3.25> <Storage> <Opcode : 'load' 'store'> <Ports = 2> <Width = 16> <Depth = 64> <RAM>
ST_2 : Operation 88 [2/2] (3.25ns)   --->   "%K_V_2_load = load i6 %K_V_2_addr"   --->   Operation 88 'load' 'K_V_2_load' <Predicate = (!icmp_ln121 & !icmp_ln122 & empty != 0 & empty != 1 & empty == 2)> <Delay = 3.25> <CoreInst = "RAM">   --->   Core 82 'RAM' <Latency = 1> <II = 1> <Delay = 3.25> <Storage> <Opcode : 'load' 'store'> <Ports = 2> <Width = 16> <Depth = 64> <RAM>
ST_2 : Operation 89 [2/2] (3.25ns)   --->   "%K_V_3_load = load i6 %K_V_3_addr"   --->   Operation 89 'load' 'K_V_3_load' <Predicate = (!icmp_ln121 & !icmp_ln122 & empty != 0 & empty != 1 & empty != 2 & empty == 3)> <Delay = 3.25> <CoreInst = "RAM">   --->   Core 82 'RAM' <Latency = 1> <II = 1> <Delay = 3.25> <Storage> <Opcode : 'load' 'store'> <Ports = 2> <Width = 16> <Depth = 64> <RAM>
ST_2 : Operation 90 [2/2] (3.25ns)   --->   "%K_V_load_1 = load i6 %K_V_addr_4"   --->   Operation 90 'load' 'K_V_load_1' <Predicate = (!icmp_ln121 & !icmp_ln122 & empty == 0)> <Delay = 3.25> <CoreInst = "RAM">   --->   Core 82 'RAM' <Latency = 1> <II = 1> <Delay = 3.25> <Storage> <Opcode : 'load' 'store'> <Ports = 2> <Width = 16> <Depth = 64> <RAM>
ST_2 : Operation 91 [2/2] (3.25ns)   --->   "%K_V_1_load_1 = load i6 %K_V_1_addr_4"   --->   Operation 91 'load' 'K_V_1_load_1' <Predicate = (!icmp_ln121 & !icmp_ln122 & empty != 0 & empty == 1)> <Delay = 3.25> <CoreInst = "RAM">   --->   Core 82 'RAM' <Latency = 1> <II = 1> <Delay = 3.25> <Storage> <Opcode : 'load' 'store'> <Ports = 2> <Width = 16> <Depth = 64> <RAM>
ST_2 : Operation 92 [2/2] (3.25ns)   --->   "%K_V_2_load_1 = load i6 %K_V_2_addr_4"   --->   Operation 92 'load' 'K_V_2_load_1' <Predicate = (!icmp_ln121 & !icmp_ln122 & empty != 0 & empty != 1 & empty == 2)> <Delay = 3.25> <CoreInst = "RAM">   --->   Core 82 'RAM' <Latency = 1> <II = 1> <Delay = 3.25> <Storage> <Opcode : 'load' 'store'> <Ports = 2> <Width = 16> <Depth = 64> <RAM>
ST_2 : Operation 93 [2/2] (3.25ns)   --->   "%K_V_3_load_1 = load i6 %K_V_3_addr_4"   --->   Operation 93 'load' 'K_V_3_load_1' <Predicate = (!icmp_ln121 & !icmp_ln122 & empty != 0 & empty != 1 & empty != 2 & empty == 3)> <Delay = 3.25> <CoreInst = "RAM">   --->   Core 82 'RAM' <Latency = 1> <II = 1> <Delay = 3.25> <Storage> <Opcode : 'load' 'store'> <Ports = 2> <Width = 16> <Depth = 64> <RAM>
ST_2 : Operation 94 [1/1] (0.00ns)   --->   "%p_cast_mid1 = zext i2 %p_mid1" [src/imgds_linear_dense_q16.cpp:121]   --->   Operation 94 'zext' 'p_cast_mid1' <Predicate = (!icmp_ln121 & icmp_ln122)> <Delay = 0.00>
ST_2 : Operation 95 [1/1] (0.00ns)   --->   "%K_V_addr_19 = getelementptr i16 %K_V, i64 0, i64 %p_cast_mid1" [src/imgds_linear_dense_q16.cpp:121]   --->   Operation 95 'getelementptr' 'K_V_addr_19' <Predicate = (!icmp_ln121 & icmp_ln122)> <Delay = 0.00>
ST_2 : Operation 96 [1/1] (0.00ns)   --->   "%tmp_842_cast = bitconcatenate i3 @_ssdm_op_BitConcatenate.i3.i1.i2, i1 1, i2 %p_mid1" [src/imgds_linear_dense_q16.cpp:121]   --->   Operation 96 'bitconcatenate' 'tmp_842_cast' <Predicate = (!icmp_ln121)> <Delay = 0.00>
ST_2 : Operation 97 [1/1] (0.00ns)   --->   "%tmp_842_cast_cast = zext i3 %tmp_842_cast" [src/imgds_linear_dense_q16.cpp:121]   --->   Operation 97 'zext' 'tmp_842_cast_cast' <Predicate = (!icmp_ln121 & icmp_ln122)> <Delay = 0.00>
ST_2 : Operation 98 [1/1] (0.00ns)   --->   "%K_V_addr_20 = getelementptr i16 %K_V, i64 0, i64 %tmp_842_cast_cast" [src/imgds_linear_dense_q16.cpp:121]   --->   Operation 98 'getelementptr' 'K_V_addr_20' <Predicate = (!icmp_ln121 & icmp_ln122)> <Delay = 0.00>
ST_2 : Operation 99 [1/1] (0.00ns)   --->   "%K_V_1_addr_19 = getelementptr i16 %K_V_1, i64 0, i64 %p_cast_mid1" [src/imgds_linear_dense_q16.cpp:121]   --->   Operation 99 'getelementptr' 'K_V_1_addr_19' <Predicate = (!icmp_ln121 & icmp_ln122)> <Delay = 0.00>
ST_2 : Operation 100 [1/1] (0.00ns)   --->   "%K_V_1_addr_20 = getelementptr i16 %K_V_1, i64 0, i64 %tmp_842_cast_cast" [src/imgds_linear_dense_q16.cpp:121]   --->   Operation 100 'getelementptr' 'K_V_1_addr_20' <Predicate = (!icmp_ln121 & icmp_ln122)> <Delay = 0.00>
ST_2 : Operation 101 [1/1] (0.00ns)   --->   "%K_V_2_addr_19 = getelementptr i16 %K_V_2, i64 0, i64 %p_cast_mid1" [src/imgds_linear_dense_q16.cpp:121]   --->   Operation 101 'getelementptr' 'K_V_2_addr_19' <Predicate = (!icmp_ln121 & icmp_ln122)> <Delay = 0.00>
ST_2 : Operation 102 [1/1] (0.00ns)   --->   "%K_V_2_addr_20 = getelementptr i16 %K_V_2, i64 0, i64 %tmp_842_cast_cast" [src/imgds_linear_dense_q16.cpp:121]   --->   Operation 102 'getelementptr' 'K_V_2_addr_20' <Predicate = (!icmp_ln121 & icmp_ln122)> <Delay = 0.00>
ST_2 : Operation 103 [1/1] (0.00ns)   --->   "%K_V_3_addr_19 = getelementptr i16 %K_V_3, i64 0, i64 %p_cast_mid1" [src/imgds_linear_dense_q16.cpp:121]   --->   Operation 103 'getelementptr' 'K_V_3_addr_19' <Predicate = (!icmp_ln121 & icmp_ln122)> <Delay = 0.00>
ST_2 : Operation 104 [1/1] (0.00ns)   --->   "%K_V_3_addr_20 = getelementptr i16 %K_V_3, i64 0, i64 %tmp_842_cast_cast" [src/imgds_linear_dense_q16.cpp:121]   --->   Operation 104 'getelementptr' 'K_V_3_addr_20' <Predicate = (!icmp_ln121 & icmp_ln122)> <Delay = 0.00>
ST_2 : Operation 105 [2/2] (3.25ns)   --->   "%K_V_load_16 = load i6 %K_V_addr_19" [src/imgds_linear_dense_q16.cpp:121]   --->   Operation 105 'load' 'K_V_load_16' <Predicate = (!icmp_ln121 & icmp_ln122 & empty_66 == 0)> <Delay = 3.25> <CoreInst = "RAM">   --->   Core 82 'RAM' <Latency = 1> <II = 1> <Delay = 3.25> <Storage> <Opcode : 'load' 'store'> <Ports = 2> <Width = 16> <Depth = 64> <RAM>
ST_2 : Operation 106 [2/2] (3.25ns)   --->   "%K_V_1_load_16 = load i6 %K_V_1_addr_19" [src/imgds_linear_dense_q16.cpp:121]   --->   Operation 106 'load' 'K_V_1_load_16' <Predicate = (!icmp_ln121 & icmp_ln122 & empty_66 != 0 & empty_66 == 1)> <Delay = 3.25> <CoreInst = "RAM">   --->   Core 82 'RAM' <Latency = 1> <II = 1> <Delay = 3.25> <Storage> <Opcode : 'load' 'store'> <Ports = 2> <Width = 16> <Depth = 64> <RAM>
ST_2 : Operation 107 [2/2] (3.25ns)   --->   "%K_V_2_load_16 = load i6 %K_V_2_addr_19" [src/imgds_linear_dense_q16.cpp:121]   --->   Operation 107 'load' 'K_V_2_load_16' <Predicate = (!icmp_ln121 & icmp_ln122 & empty_66 != 0 & empty_66 != 1 & empty_66 == 2)> <Delay = 3.25> <CoreInst = "RAM">   --->   Core 82 'RAM' <Latency = 1> <II = 1> <Delay = 3.25> <Storage> <Opcode : 'load' 'store'> <Ports = 2> <Width = 16> <Depth = 64> <RAM>
ST_2 : Operation 108 [2/2] (3.25ns)   --->   "%K_V_3_load_16 = load i6 %K_V_3_addr_19" [src/imgds_linear_dense_q16.cpp:121]   --->   Operation 108 'load' 'K_V_3_load_16' <Predicate = (!icmp_ln121 & icmp_ln122 & empty_66 != 0 & empty_66 != 1 & empty_66 != 2 & empty_66 == 3)> <Delay = 3.25> <CoreInst = "RAM">   --->   Core 82 'RAM' <Latency = 1> <II = 1> <Delay = 3.25> <Storage> <Opcode : 'load' 'store'> <Ports = 2> <Width = 16> <Depth = 64> <RAM>
ST_2 : Operation 109 [2/2] (3.25ns)   --->   "%K_V_load_17 = load i6 %K_V_addr_20" [src/imgds_linear_dense_q16.cpp:121]   --->   Operation 109 'load' 'K_V_load_17' <Predicate = (!icmp_ln121 & icmp_ln122 & empty_66 == 0)> <Delay = 3.25> <CoreInst = "RAM">   --->   Core 82 'RAM' <Latency = 1> <II = 1> <Delay = 3.25> <Storage> <Opcode : 'load' 'store'> <Ports = 2> <Width = 16> <Depth = 64> <RAM>
ST_2 : Operation 110 [2/2] (3.25ns)   --->   "%K_V_1_load_17 = load i6 %K_V_1_addr_20" [src/imgds_linear_dense_q16.cpp:121]   --->   Operation 110 'load' 'K_V_1_load_17' <Predicate = (!icmp_ln121 & icmp_ln122 & empty_66 != 0 & empty_66 == 1)> <Delay = 3.25> <CoreInst = "RAM">   --->   Core 82 'RAM' <Latency = 1> <II = 1> <Delay = 3.25> <Storage> <Opcode : 'load' 'store'> <Ports = 2> <Width = 16> <Depth = 64> <RAM>
ST_2 : Operation 111 [2/2] (3.25ns)   --->   "%K_V_2_load_17 = load i6 %K_V_2_addr_20" [src/imgds_linear_dense_q16.cpp:121]   --->   Operation 111 'load' 'K_V_2_load_17' <Predicate = (!icmp_ln121 & icmp_ln122 & empty_66 != 0 & empty_66 != 1 & empty_66 == 2)> <Delay = 3.25> <CoreInst = "RAM">   --->   Core 82 'RAM' <Latency = 1> <II = 1> <Delay = 3.25> <Storage> <Opcode : 'load' 'store'> <Ports = 2> <Width = 16> <Depth = 64> <RAM>
ST_2 : Operation 112 [2/2] (3.25ns)   --->   "%K_V_3_load_17 = load i6 %K_V_3_addr_20" [src/imgds_linear_dense_q16.cpp:121]   --->   Operation 112 'load' 'K_V_3_load_17' <Predicate = (!icmp_ln121 & icmp_ln122 & empty_66 != 0 & empty_66 != 1 & empty_66 != 2 & empty_66 == 3)> <Delay = 3.25> <CoreInst = "RAM">   --->   Core 82 'RAM' <Latency = 1> <II = 1> <Delay = 3.25> <Storage> <Opcode : 'load' 'store'> <Ports = 2> <Width = 16> <Depth = 64> <RAM>
ST_2 : Operation 113 [1/1] (0.00ns)   --->   "%tmp_858_cast = bitconcatenate i4 @_ssdm_op_BitConcatenate.i4.i2.i2, i2 2, i2 %lshr_ln"   --->   Operation 113 'bitconcatenate' 'tmp_858_cast' <Predicate = (!icmp_ln121)> <Delay = 0.00>
ST_2 : Operation 114 [1/1] (0.00ns)   --->   "%zext_ln1273_3 = zext i4 %tmp_858_cast"   --->   Operation 114 'zext' 'zext_ln1273_3' <Predicate = (!icmp_ln121)> <Delay = 0.00>
ST_2 : Operation 115 [1/1] (0.00ns)   --->   "%V_V_addr_2 = getelementptr i16 %V_V, i64 0, i64 %zext_ln1273_3"   --->   Operation 115 'getelementptr' 'V_V_addr_2' <Predicate = (!icmp_ln121)> <Delay = 0.00>
ST_2 : Operation 116 [1/1] (0.00ns)   --->   "%sext_ln1273 = sext i3 %tmp_857_cast"   --->   Operation 116 'sext' 'sext_ln1273' <Predicate = (!icmp_ln121)> <Delay = 0.00>
ST_2 : Operation 117 [1/1] (0.00ns)   --->   "%zext_ln1273_4 = zext i4 %sext_ln1273"   --->   Operation 117 'zext' 'zext_ln1273_4' <Predicate = (!icmp_ln121)> <Delay = 0.00>
ST_2 : Operation 118 [1/1] (0.00ns)   --->   "%V_V_addr_3 = getelementptr i16 %V_V, i64 0, i64 %zext_ln1273_4"   --->   Operation 118 'getelementptr' 'V_V_addr_3' <Predicate = (!icmp_ln121)> <Delay = 0.00>
ST_2 : Operation 119 [1/1] (0.00ns)   --->   "%V_V_1_addr_2 = getelementptr i16 %V_V_1, i64 0, i64 %zext_ln1273_3"   --->   Operation 119 'getelementptr' 'V_V_1_addr_2' <Predicate = (!icmp_ln121)> <Delay = 0.00>
ST_2 : Operation 120 [1/1] (0.00ns)   --->   "%V_V_1_addr_3 = getelementptr i16 %V_V_1, i64 0, i64 %zext_ln1273_4"   --->   Operation 120 'getelementptr' 'V_V_1_addr_3' <Predicate = (!icmp_ln121)> <Delay = 0.00>
ST_2 : Operation 121 [1/1] (0.00ns)   --->   "%V_V_2_addr_2 = getelementptr i16 %V_V_2, i64 0, i64 %zext_ln1273_3"   --->   Operation 121 'getelementptr' 'V_V_2_addr_2' <Predicate = (!icmp_ln121)> <Delay = 0.00>
ST_2 : Operation 122 [1/1] (0.00ns)   --->   "%V_V_2_addr_3 = getelementptr i16 %V_V_2, i64 0, i64 %zext_ln1273_4"   --->   Operation 122 'getelementptr' 'V_V_2_addr_3' <Predicate = (!icmp_ln121)> <Delay = 0.00>
ST_2 : Operation 123 [1/1] (0.00ns)   --->   "%V_V_3_addr_2 = getelementptr i16 %V_V_3, i64 0, i64 %zext_ln1273_3"   --->   Operation 123 'getelementptr' 'V_V_3_addr_2' <Predicate = (!icmp_ln121)> <Delay = 0.00>
ST_2 : Operation 124 [1/1] (0.00ns)   --->   "%V_V_3_addr_3 = getelementptr i16 %V_V_3, i64 0, i64 %zext_ln1273_4"   --->   Operation 124 'getelementptr' 'V_V_3_addr_3' <Predicate = (!icmp_ln121)> <Delay = 0.00>
ST_2 : Operation 125 [1/2] (3.25ns)   --->   "%V_V_load = load i6 %V_V_addr"   --->   Operation 125 'load' 'V_V_load' <Predicate = (!icmp_ln121)> <Delay = 3.25> <CoreInst = "RAM">   --->   Core 82 'RAM' <Latency = 1> <II = 1> <Delay = 3.25> <Storage> <Opcode : 'load' 'store'> <Ports = 2> <Width = 16> <Depth = 64> <RAM>
ST_2 : Operation 126 [1/2] (3.25ns)   --->   "%V_V_1_load = load i6 %V_V_1_addr"   --->   Operation 126 'load' 'V_V_1_load' <Predicate = (!icmp_ln121)> <Delay = 3.25> <CoreInst = "RAM">   --->   Core 82 'RAM' <Latency = 1> <II = 1> <Delay = 3.25> <Storage> <Opcode : 'load' 'store'> <Ports = 2> <Width = 16> <Depth = 64> <RAM>
ST_2 : Operation 127 [1/2] (3.25ns)   --->   "%V_V_2_load = load i6 %V_V_2_addr"   --->   Operation 127 'load' 'V_V_2_load' <Predicate = (!icmp_ln121)> <Delay = 3.25> <CoreInst = "RAM">   --->   Core 82 'RAM' <Latency = 1> <II = 1> <Delay = 3.25> <Storage> <Opcode : 'load' 'store'> <Ports = 2> <Width = 16> <Depth = 64> <RAM>
ST_2 : Operation 128 [1/2] (3.25ns)   --->   "%V_V_3_load = load i6 %V_V_3_addr"   --->   Operation 128 'load' 'V_V_3_load' <Predicate = (!icmp_ln121)> <Delay = 3.25> <CoreInst = "RAM">   --->   Core 82 'RAM' <Latency = 1> <II = 1> <Delay = 3.25> <Storage> <Opcode : 'load' 'store'> <Ports = 2> <Width = 16> <Depth = 64> <RAM>
ST_2 : Operation 129 [1/1] (1.82ns)   --->   "%tmp_16 = mux i16 @_ssdm_op_Mux.ap_auto.4i16.i2, i16 %V_V_load, i16 %V_V_1_load, i16 %V_V_2_load, i16 %V_V_3_load, i2 %trunc_ln1273"   --->   Operation 129 'mux' 'tmp_16' <Predicate = (!icmp_ln121)> <Delay = 1.82> <CoreInst = "Multiplexer">   --->   Core 76 'Multiplexer' <Latency = 0> <II = 1> <Delay = 1.82> <FuncUnit> <Opcode : 'mux'> <InPorts = 2> <OutPorts = 1>
ST_2 : Operation 130 [1/2] (3.25ns)   --->   "%V_V_load_1 = load i6 %V_V_addr_1"   --->   Operation 130 'load' 'V_V_load_1' <Predicate = (!icmp_ln121)> <Delay = 3.25> <CoreInst = "RAM">   --->   Core 82 'RAM' <Latency = 1> <II = 1> <Delay = 3.25> <Storage> <Opcode : 'load' 'store'> <Ports = 2> <Width = 16> <Depth = 64> <RAM>
ST_2 : Operation 131 [1/2] (3.25ns)   --->   "%V_V_1_load_1 = load i6 %V_V_1_addr_1"   --->   Operation 131 'load' 'V_V_1_load_1' <Predicate = (!icmp_ln121)> <Delay = 3.25> <CoreInst = "RAM">   --->   Core 82 'RAM' <Latency = 1> <II = 1> <Delay = 3.25> <Storage> <Opcode : 'load' 'store'> <Ports = 2> <Width = 16> <Depth = 64> <RAM>
ST_2 : Operation 132 [1/2] (3.25ns)   --->   "%V_V_2_load_1 = load i6 %V_V_2_addr_1"   --->   Operation 132 'load' 'V_V_2_load_1' <Predicate = (!icmp_ln121)> <Delay = 3.25> <CoreInst = "RAM">   --->   Core 82 'RAM' <Latency = 1> <II = 1> <Delay = 3.25> <Storage> <Opcode : 'load' 'store'> <Ports = 2> <Width = 16> <Depth = 64> <RAM>
ST_2 : Operation 133 [1/2] (3.25ns)   --->   "%V_V_3_load_1 = load i6 %V_V_3_addr_1"   --->   Operation 133 'load' 'V_V_3_load_1' <Predicate = (!icmp_ln121)> <Delay = 3.25> <CoreInst = "RAM">   --->   Core 82 'RAM' <Latency = 1> <II = 1> <Delay = 3.25> <Storage> <Opcode : 'load' 'store'> <Ports = 2> <Width = 16> <Depth = 64> <RAM>
ST_2 : Operation 134 [1/1] (1.82ns)   --->   "%tmp_17 = mux i16 @_ssdm_op_Mux.ap_auto.4i16.i2, i16 %V_V_load_1, i16 %V_V_1_load_1, i16 %V_V_2_load_1, i16 %V_V_3_load_1, i2 %trunc_ln1273"   --->   Operation 134 'mux' 'tmp_17' <Predicate = (!icmp_ln121)> <Delay = 1.82> <CoreInst = "Multiplexer">   --->   Core 76 'Multiplexer' <Latency = 0> <II = 1> <Delay = 1.82> <FuncUnit> <Opcode : 'mux'> <InPorts = 2> <OutPorts = 1>
ST_2 : Operation 135 [2/2] (3.25ns)   --->   "%V_V_load_2 = load i6 %V_V_addr_2"   --->   Operation 135 'load' 'V_V_load_2' <Predicate = (!icmp_ln121)> <Delay = 3.25> <CoreInst = "RAM">   --->   Core 82 'RAM' <Latency = 1> <II = 1> <Delay = 3.25> <Storage> <Opcode : 'load' 'store'> <Ports = 2> <Width = 16> <Depth = 64> <RAM>
ST_2 : Operation 136 [2/2] (3.25ns)   --->   "%V_V_1_load_2 = load i6 %V_V_1_addr_2"   --->   Operation 136 'load' 'V_V_1_load_2' <Predicate = (!icmp_ln121)> <Delay = 3.25> <CoreInst = "RAM">   --->   Core 82 'RAM' <Latency = 1> <II = 1> <Delay = 3.25> <Storage> <Opcode : 'load' 'store'> <Ports = 2> <Width = 16> <Depth = 64> <RAM>
ST_2 : Operation 137 [2/2] (3.25ns)   --->   "%V_V_2_load_2 = load i6 %V_V_2_addr_2"   --->   Operation 137 'load' 'V_V_2_load_2' <Predicate = (!icmp_ln121)> <Delay = 3.25> <CoreInst = "RAM">   --->   Core 82 'RAM' <Latency = 1> <II = 1> <Delay = 3.25> <Storage> <Opcode : 'load' 'store'> <Ports = 2> <Width = 16> <Depth = 64> <RAM>
ST_2 : Operation 138 [2/2] (3.25ns)   --->   "%V_V_3_load_2 = load i6 %V_V_3_addr_2"   --->   Operation 138 'load' 'V_V_3_load_2' <Predicate = (!icmp_ln121)> <Delay = 3.25> <CoreInst = "RAM">   --->   Core 82 'RAM' <Latency = 1> <II = 1> <Delay = 3.25> <Storage> <Opcode : 'load' 'store'> <Ports = 2> <Width = 16> <Depth = 64> <RAM>
ST_2 : Operation 139 [2/2] (3.25ns)   --->   "%V_V_load_3 = load i6 %V_V_addr_3"   --->   Operation 139 'load' 'V_V_load_3' <Predicate = (!icmp_ln121)> <Delay = 3.25> <CoreInst = "RAM">   --->   Core 82 'RAM' <Latency = 1> <II = 1> <Delay = 3.25> <Storage> <Opcode : 'load' 'store'> <Ports = 2> <Width = 16> <Depth = 64> <RAM>
ST_2 : Operation 140 [2/2] (3.25ns)   --->   "%V_V_1_load_3 = load i6 %V_V_1_addr_3"   --->   Operation 140 'load' 'V_V_1_load_3' <Predicate = (!icmp_ln121)> <Delay = 3.25> <CoreInst = "RAM">   --->   Core 82 'RAM' <Latency = 1> <II = 1> <Delay = 3.25> <Storage> <Opcode : 'load' 'store'> <Ports = 2> <Width = 16> <Depth = 64> <RAM>
ST_2 : Operation 141 [2/2] (3.25ns)   --->   "%V_V_2_load_3 = load i6 %V_V_2_addr_3"   --->   Operation 141 'load' 'V_V_2_load_3' <Predicate = (!icmp_ln121)> <Delay = 3.25> <CoreInst = "RAM">   --->   Core 82 'RAM' <Latency = 1> <II = 1> <Delay = 3.25> <Storage> <Opcode : 'load' 'store'> <Ports = 2> <Width = 16> <Depth = 64> <RAM>
ST_2 : Operation 142 [2/2] (3.25ns)   --->   "%V_V_3_load_3 = load i6 %V_V_3_addr_3"   --->   Operation 142 'load' 'V_V_3_load_3' <Predicate = (!icmp_ln121)> <Delay = 3.25> <CoreInst = "RAM">   --->   Core 82 'RAM' <Latency = 1> <II = 1> <Delay = 3.25> <Storage> <Opcode : 'load' 'store'> <Ports = 2> <Width = 16> <Depth = 64> <RAM>

State 3 <SV = 2> <Delay = 5.88>
ST_3 : Operation 143 [1/1] (0.00ns)   --->   "%tmp_828_cast = bitconcatenate i4 @_ssdm_op_BitConcatenate.i4.i2.i2, i2 2, i2 %tmp_s"   --->   Operation 143 'bitconcatenate' 'tmp_828_cast' <Predicate = true> <Delay = 0.00>
ST_3 : Operation 144 [1/1] (0.00ns)   --->   "%tmp_828_cast_cast = zext i4 %tmp_828_cast"   --->   Operation 144 'zext' 'tmp_828_cast_cast' <Predicate = (!icmp_ln122)> <Delay = 0.00>
ST_3 : Operation 145 [1/1] (0.00ns)   --->   "%K_V_addr_5 = getelementptr i16 %K_V, i64 0, i64 %tmp_828_cast_cast"   --->   Operation 145 'getelementptr' 'K_V_addr_5' <Predicate = (!icmp_ln122)> <Delay = 0.00>
ST_3 : Operation 146 [1/1] (0.00ns)   --->   "%tmp_829_cast = sext i3 %tmp_827_cast"   --->   Operation 146 'sext' 'tmp_829_cast' <Predicate = (!icmp_ln122)> <Delay = 0.00>
ST_3 : Operation 147 [1/1] (0.00ns)   --->   "%tmp_829_cast_cast = zext i4 %tmp_829_cast"   --->   Operation 147 'zext' 'tmp_829_cast_cast' <Predicate = (!icmp_ln122)> <Delay = 0.00>
ST_3 : Operation 148 [1/1] (0.00ns)   --->   "%K_V_addr_6 = getelementptr i16 %K_V, i64 0, i64 %tmp_829_cast_cast"   --->   Operation 148 'getelementptr' 'K_V_addr_6' <Predicate = (!icmp_ln122)> <Delay = 0.00>
ST_3 : Operation 149 [1/1] (0.00ns)   --->   "%K_V_1_addr_5 = getelementptr i16 %K_V_1, i64 0, i64 %tmp_828_cast_cast"   --->   Operation 149 'getelementptr' 'K_V_1_addr_5' <Predicate = (!icmp_ln122)> <Delay = 0.00>
ST_3 : Operation 150 [1/1] (0.00ns)   --->   "%K_V_1_addr_6 = getelementptr i16 %K_V_1, i64 0, i64 %tmp_829_cast_cast"   --->   Operation 150 'getelementptr' 'K_V_1_addr_6' <Predicate = (!icmp_ln122)> <Delay = 0.00>
ST_3 : Operation 151 [1/1] (0.00ns)   --->   "%K_V_2_addr_5 = getelementptr i16 %K_V_2, i64 0, i64 %tmp_828_cast_cast"   --->   Operation 151 'getelementptr' 'K_V_2_addr_5' <Predicate = (!icmp_ln122)> <Delay = 0.00>
ST_3 : Operation 152 [1/1] (0.00ns)   --->   "%K_V_2_addr_6 = getelementptr i16 %K_V_2, i64 0, i64 %tmp_829_cast_cast"   --->   Operation 152 'getelementptr' 'K_V_2_addr_6' <Predicate = (!icmp_ln122)> <Delay = 0.00>
ST_3 : Operation 153 [1/1] (0.00ns)   --->   "%K_V_3_addr_5 = getelementptr i16 %K_V_3, i64 0, i64 %tmp_828_cast_cast"   --->   Operation 153 'getelementptr' 'K_V_3_addr_5' <Predicate = (!icmp_ln122)> <Delay = 0.00>
ST_3 : Operation 154 [1/1] (0.00ns)   --->   "%K_V_3_addr_6 = getelementptr i16 %K_V_3, i64 0, i64 %tmp_829_cast_cast"   --->   Operation 154 'getelementptr' 'K_V_3_addr_6' <Predicate = (!icmp_ln122)> <Delay = 0.00>
ST_3 : Operation 155 [1/2] (3.25ns)   --->   "%K_V_load = load i6 %K_V_addr"   --->   Operation 155 'load' 'K_V_load' <Predicate = (!icmp_ln121 & !icmp_ln122 & empty == 0)> <Delay = 3.25> <CoreInst = "RAM">   --->   Core 82 'RAM' <Latency = 1> <II = 1> <Delay = 3.25> <Storage> <Opcode : 'load' 'store'> <Ports = 2> <Width = 16> <Depth = 64> <RAM>
ST_3 : Operation 156 [1/2] (3.25ns)   --->   "%K_V_1_load = load i6 %K_V_1_addr"   --->   Operation 156 'load' 'K_V_1_load' <Predicate = (!icmp_ln121 & !icmp_ln122 & empty != 0 & empty == 1)> <Delay = 3.25> <CoreInst = "RAM">   --->   Core 82 'RAM' <Latency = 1> <II = 1> <Delay = 3.25> <Storage> <Opcode : 'load' 'store'> <Ports = 2> <Width = 16> <Depth = 64> <RAM>
ST_3 : Operation 157 [1/2] (3.25ns)   --->   "%K_V_2_load = load i6 %K_V_2_addr"   --->   Operation 157 'load' 'K_V_2_load' <Predicate = (!icmp_ln121 & !icmp_ln122 & empty != 0 & empty != 1 & empty == 2)> <Delay = 3.25> <CoreInst = "RAM">   --->   Core 82 'RAM' <Latency = 1> <II = 1> <Delay = 3.25> <Storage> <Opcode : 'load' 'store'> <Ports = 2> <Width = 16> <Depth = 64> <RAM>
ST_3 : Operation 158 [1/2] (3.25ns)   --->   "%K_V_3_load = load i6 %K_V_3_addr"   --->   Operation 158 'load' 'K_V_3_load' <Predicate = (!icmp_ln121 & !icmp_ln122 & empty != 0 & empty != 1 & empty != 2 & empty == 3)> <Delay = 3.25> <CoreInst = "RAM">   --->   Core 82 'RAM' <Latency = 1> <II = 1> <Delay = 3.25> <Storage> <Opcode : 'load' 'store'> <Ports = 2> <Width = 16> <Depth = 64> <RAM>
ST_3 : Operation 159 [1/1] (1.82ns)   --->   "%r_V = mux i16 @_ssdm_op_Mux.ap_auto.4i16.i2, i16 %K_V_load, i16 %K_V_1_load, i16 %K_V_2_load, i16 %K_V_3_load, i2 %empty"   --->   Operation 159 'mux' 'r_V' <Predicate = (!icmp_ln122)> <Delay = 1.82> <CoreInst = "Multiplexer">   --->   Core 76 'Multiplexer' <Latency = 0> <II = 1> <Delay = 1.82> <FuncUnit> <Opcode : 'mux'> <InPorts = 2> <OutPorts = 1>
ST_3 : Operation 160 [1/2] (3.25ns)   --->   "%K_V_load_1 = load i6 %K_V_addr_4"   --->   Operation 160 'load' 'K_V_load_1' <Predicate = (!icmp_ln121 & !icmp_ln122 & empty == 0)> <Delay = 3.25> <CoreInst = "RAM">   --->   Core 82 'RAM' <Latency = 1> <II = 1> <Delay = 3.25> <Storage> <Opcode : 'load' 'store'> <Ports = 2> <Width = 16> <Depth = 64> <RAM>
ST_3 : Operation 161 [1/2] (3.25ns)   --->   "%K_V_1_load_1 = load i6 %K_V_1_addr_4"   --->   Operation 161 'load' 'K_V_1_load_1' <Predicate = (!icmp_ln121 & !icmp_ln122 & empty != 0 & empty == 1)> <Delay = 3.25> <CoreInst = "RAM">   --->   Core 82 'RAM' <Latency = 1> <II = 1> <Delay = 3.25> <Storage> <Opcode : 'load' 'store'> <Ports = 2> <Width = 16> <Depth = 64> <RAM>
ST_3 : Operation 162 [1/2] (3.25ns)   --->   "%K_V_2_load_1 = load i6 %K_V_2_addr_4"   --->   Operation 162 'load' 'K_V_2_load_1' <Predicate = (!icmp_ln121 & !icmp_ln122 & empty != 0 & empty != 1 & empty == 2)> <Delay = 3.25> <CoreInst = "RAM">   --->   Core 82 'RAM' <Latency = 1> <II = 1> <Delay = 3.25> <Storage> <Opcode : 'load' 'store'> <Ports = 2> <Width = 16> <Depth = 64> <RAM>
ST_3 : Operation 163 [1/2] (3.25ns)   --->   "%K_V_3_load_1 = load i6 %K_V_3_addr_4"   --->   Operation 163 'load' 'K_V_3_load_1' <Predicate = (!icmp_ln121 & !icmp_ln122 & empty != 0 & empty != 1 & empty != 2 & empty == 3)> <Delay = 3.25> <CoreInst = "RAM">   --->   Core 82 'RAM' <Latency = 1> <II = 1> <Delay = 3.25> <Storage> <Opcode : 'load' 'store'> <Ports = 2> <Width = 16> <Depth = 64> <RAM>
ST_3 : Operation 164 [1/1] (1.82ns)   --->   "%r_V_3 = mux i16 @_ssdm_op_Mux.ap_auto.4i16.i2, i16 %K_V_load_1, i16 %K_V_1_load_1, i16 %K_V_2_load_1, i16 %K_V_3_load_1, i2 %empty"   --->   Operation 164 'mux' 'r_V_3' <Predicate = (!icmp_ln122)> <Delay = 1.82> <CoreInst = "Multiplexer">   --->   Core 76 'Multiplexer' <Latency = 0> <II = 1> <Delay = 1.82> <FuncUnit> <Opcode : 'mux'> <InPorts = 2> <OutPorts = 1>
ST_3 : Operation 165 [2/2] (3.25ns)   --->   "%K_V_load_2 = load i6 %K_V_addr_5"   --->   Operation 165 'load' 'K_V_load_2' <Predicate = (!icmp_ln121 & !icmp_ln122 & empty == 0)> <Delay = 3.25> <CoreInst = "RAM">   --->   Core 82 'RAM' <Latency = 1> <II = 1> <Delay = 3.25> <Storage> <Opcode : 'load' 'store'> <Ports = 2> <Width = 16> <Depth = 64> <RAM>
ST_3 : Operation 166 [2/2] (3.25ns)   --->   "%K_V_1_load_2 = load i6 %K_V_1_addr_5"   --->   Operation 166 'load' 'K_V_1_load_2' <Predicate = (!icmp_ln121 & !icmp_ln122 & empty != 0 & empty == 1)> <Delay = 3.25> <CoreInst = "RAM">   --->   Core 82 'RAM' <Latency = 1> <II = 1> <Delay = 3.25> <Storage> <Opcode : 'load' 'store'> <Ports = 2> <Width = 16> <Depth = 64> <RAM>
ST_3 : Operation 167 [2/2] (3.25ns)   --->   "%K_V_2_load_2 = load i6 %K_V_2_addr_5"   --->   Operation 167 'load' 'K_V_2_load_2' <Predicate = (!icmp_ln121 & !icmp_ln122 & empty != 0 & empty != 1 & empty == 2)> <Delay = 3.25> <CoreInst = "RAM">   --->   Core 82 'RAM' <Latency = 1> <II = 1> <Delay = 3.25> <Storage> <Opcode : 'load' 'store'> <Ports = 2> <Width = 16> <Depth = 64> <RAM>
ST_3 : Operation 168 [2/2] (3.25ns)   --->   "%K_V_3_load_2 = load i6 %K_V_3_addr_5"   --->   Operation 168 'load' 'K_V_3_load_2' <Predicate = (!icmp_ln121 & !icmp_ln122 & empty != 0 & empty != 1 & empty != 2 & empty == 3)> <Delay = 3.25> <CoreInst = "RAM">   --->   Core 82 'RAM' <Latency = 1> <II = 1> <Delay = 3.25> <Storage> <Opcode : 'load' 'store'> <Ports = 2> <Width = 16> <Depth = 64> <RAM>
ST_3 : Operation 169 [2/2] (3.25ns)   --->   "%K_V_load_3 = load i6 %K_V_addr_6"   --->   Operation 169 'load' 'K_V_load_3' <Predicate = (!icmp_ln121 & !icmp_ln122 & empty == 0)> <Delay = 3.25> <CoreInst = "RAM">   --->   Core 82 'RAM' <Latency = 1> <II = 1> <Delay = 3.25> <Storage> <Opcode : 'load' 'store'> <Ports = 2> <Width = 16> <Depth = 64> <RAM>
ST_3 : Operation 170 [2/2] (3.25ns)   --->   "%K_V_1_load_3 = load i6 %K_V_1_addr_6"   --->   Operation 170 'load' 'K_V_1_load_3' <Predicate = (!icmp_ln121 & !icmp_ln122 & empty != 0 & empty == 1)> <Delay = 3.25> <CoreInst = "RAM">   --->   Core 82 'RAM' <Latency = 1> <II = 1> <Delay = 3.25> <Storage> <Opcode : 'load' 'store'> <Ports = 2> <Width = 16> <Depth = 64> <RAM>
ST_3 : Operation 171 [2/2] (3.25ns)   --->   "%K_V_2_load_3 = load i6 %K_V_2_addr_6"   --->   Operation 171 'load' 'K_V_2_load_3' <Predicate = (!icmp_ln121 & !icmp_ln122 & empty != 0 & empty != 1 & empty == 2)> <Delay = 3.25> <CoreInst = "RAM">   --->   Core 82 'RAM' <Latency = 1> <II = 1> <Delay = 3.25> <Storage> <Opcode : 'load' 'store'> <Ports = 2> <Width = 16> <Depth = 64> <RAM>
ST_3 : Operation 172 [2/2] (3.25ns)   --->   "%K_V_3_load_3 = load i6 %K_V_3_addr_6"   --->   Operation 172 'load' 'K_V_3_load_3' <Predicate = (!icmp_ln121 & !icmp_ln122 & empty != 0 & empty != 1 & empty != 2 & empty == 3)> <Delay = 3.25> <CoreInst = "RAM">   --->   Core 82 'RAM' <Latency = 1> <II = 1> <Delay = 3.25> <Storage> <Opcode : 'load' 'store'> <Ports = 2> <Width = 16> <Depth = 64> <RAM>
ST_3 : Operation 173 [1/1] (0.00ns)   --->   "%tmp_843_cast = bitconcatenate i4 @_ssdm_op_BitConcatenate.i4.i2.i2, i2 2, i2 %p_mid1" [src/imgds_linear_dense_q16.cpp:121]   --->   Operation 173 'bitconcatenate' 'tmp_843_cast' <Predicate = (!icmp_ln121)> <Delay = 0.00>
ST_3 : Operation 174 [1/1] (0.00ns)   --->   "%tmp_843_cast_cast = zext i4 %tmp_843_cast" [src/imgds_linear_dense_q16.cpp:121]   --->   Operation 174 'zext' 'tmp_843_cast_cast' <Predicate = (!icmp_ln121 & icmp_ln122)> <Delay = 0.00>
ST_3 : Operation 175 [1/1] (0.00ns)   --->   "%K_V_addr_21 = getelementptr i16 %K_V, i64 0, i64 %tmp_843_cast_cast" [src/imgds_linear_dense_q16.cpp:121]   --->   Operation 175 'getelementptr' 'K_V_addr_21' <Predicate = (!icmp_ln121 & icmp_ln122)> <Delay = 0.00>
ST_3 : Operation 176 [1/1] (0.00ns)   --->   "%tmp_844_cast = sext i3 %tmp_842_cast" [src/imgds_linear_dense_q16.cpp:121]   --->   Operation 176 'sext' 'tmp_844_cast' <Predicate = (!icmp_ln121 & icmp_ln122)> <Delay = 0.00>
ST_3 : Operation 177 [1/1] (0.00ns)   --->   "%tmp_844_cast_cast = zext i4 %tmp_844_cast" [src/imgds_linear_dense_q16.cpp:121]   --->   Operation 177 'zext' 'tmp_844_cast_cast' <Predicate = (!icmp_ln121 & icmp_ln122)> <Delay = 0.00>
ST_3 : Operation 178 [1/1] (0.00ns)   --->   "%K_V_addr_22 = getelementptr i16 %K_V, i64 0, i64 %tmp_844_cast_cast" [src/imgds_linear_dense_q16.cpp:121]   --->   Operation 178 'getelementptr' 'K_V_addr_22' <Predicate = (!icmp_ln121 & icmp_ln122)> <Delay = 0.00>
ST_3 : Operation 179 [1/1] (0.00ns)   --->   "%K_V_1_addr_21 = getelementptr i16 %K_V_1, i64 0, i64 %tmp_843_cast_cast" [src/imgds_linear_dense_q16.cpp:121]   --->   Operation 179 'getelementptr' 'K_V_1_addr_21' <Predicate = (!icmp_ln121 & icmp_ln122)> <Delay = 0.00>
ST_3 : Operation 180 [1/1] (0.00ns)   --->   "%K_V_1_addr_22 = getelementptr i16 %K_V_1, i64 0, i64 %tmp_844_cast_cast" [src/imgds_linear_dense_q16.cpp:121]   --->   Operation 180 'getelementptr' 'K_V_1_addr_22' <Predicate = (!icmp_ln121 & icmp_ln122)> <Delay = 0.00>
ST_3 : Operation 181 [1/1] (0.00ns)   --->   "%K_V_2_addr_21 = getelementptr i16 %K_V_2, i64 0, i64 %tmp_843_cast_cast" [src/imgds_linear_dense_q16.cpp:121]   --->   Operation 181 'getelementptr' 'K_V_2_addr_21' <Predicate = (!icmp_ln121 & icmp_ln122)> <Delay = 0.00>
ST_3 : Operation 182 [1/1] (0.00ns)   --->   "%K_V_2_addr_22 = getelementptr i16 %K_V_2, i64 0, i64 %tmp_844_cast_cast" [src/imgds_linear_dense_q16.cpp:121]   --->   Operation 182 'getelementptr' 'K_V_2_addr_22' <Predicate = (!icmp_ln121 & icmp_ln122)> <Delay = 0.00>
ST_3 : Operation 183 [1/1] (0.00ns)   --->   "%K_V_3_addr_21 = getelementptr i16 %K_V_3, i64 0, i64 %tmp_843_cast_cast" [src/imgds_linear_dense_q16.cpp:121]   --->   Operation 183 'getelementptr' 'K_V_3_addr_21' <Predicate = (!icmp_ln121 & icmp_ln122)> <Delay = 0.00>
ST_3 : Operation 184 [1/1] (0.00ns)   --->   "%K_V_3_addr_22 = getelementptr i16 %K_V_3, i64 0, i64 %tmp_844_cast_cast" [src/imgds_linear_dense_q16.cpp:121]   --->   Operation 184 'getelementptr' 'K_V_3_addr_22' <Predicate = (!icmp_ln121 & icmp_ln122)> <Delay = 0.00>
ST_3 : Operation 185 [1/2] (3.25ns)   --->   "%K_V_load_16 = load i6 %K_V_addr_19" [src/imgds_linear_dense_q16.cpp:121]   --->   Operation 185 'load' 'K_V_load_16' <Predicate = (!icmp_ln121 & icmp_ln122 & empty_66 == 0)> <Delay = 3.25> <CoreInst = "RAM">   --->   Core 82 'RAM' <Latency = 1> <II = 1> <Delay = 3.25> <Storage> <Opcode : 'load' 'store'> <Ports = 2> <Width = 16> <Depth = 64> <RAM>
ST_3 : Operation 186 [1/2] (3.25ns)   --->   "%K_V_1_load_16 = load i6 %K_V_1_addr_19" [src/imgds_linear_dense_q16.cpp:121]   --->   Operation 186 'load' 'K_V_1_load_16' <Predicate = (!icmp_ln121 & icmp_ln122 & empty_66 != 0 & empty_66 == 1)> <Delay = 3.25> <CoreInst = "RAM">   --->   Core 82 'RAM' <Latency = 1> <II = 1> <Delay = 3.25> <Storage> <Opcode : 'load' 'store'> <Ports = 2> <Width = 16> <Depth = 64> <RAM>
ST_3 : Operation 187 [1/2] (3.25ns)   --->   "%K_V_2_load_16 = load i6 %K_V_2_addr_19" [src/imgds_linear_dense_q16.cpp:121]   --->   Operation 187 'load' 'K_V_2_load_16' <Predicate = (!icmp_ln121 & icmp_ln122 & empty_66 != 0 & empty_66 != 1 & empty_66 == 2)> <Delay = 3.25> <CoreInst = "RAM">   --->   Core 82 'RAM' <Latency = 1> <II = 1> <Delay = 3.25> <Storage> <Opcode : 'load' 'store'> <Ports = 2> <Width = 16> <Depth = 64> <RAM>
ST_3 : Operation 188 [1/2] (3.25ns)   --->   "%K_V_3_load_16 = load i6 %K_V_3_addr_19" [src/imgds_linear_dense_q16.cpp:121]   --->   Operation 188 'load' 'K_V_3_load_16' <Predicate = (!icmp_ln121 & icmp_ln122 & empty_66 != 0 & empty_66 != 1 & empty_66 != 2 & empty_66 == 3)> <Delay = 3.25> <CoreInst = "RAM">   --->   Core 82 'RAM' <Latency = 1> <II = 1> <Delay = 3.25> <Storage> <Opcode : 'load' 'store'> <Ports = 2> <Width = 16> <Depth = 64> <RAM>
ST_3 : Operation 189 [1/1] (1.82ns)   --->   "%r_V_873_mid1 = mux i16 @_ssdm_op_Mux.ap_auto.4i16.i2, i16 %K_V_load_16, i16 %K_V_1_load_16, i16 %K_V_2_load_16, i16 %K_V_3_load_16, i2 %empty_66" [src/imgds_linear_dense_q16.cpp:121]   --->   Operation 189 'mux' 'r_V_873_mid1' <Predicate = (!icmp_ln121 & icmp_ln122)> <Delay = 1.82> <CoreInst = "Multiplexer">   --->   Core 76 'Multiplexer' <Latency = 0> <II = 1> <Delay = 1.82> <FuncUnit> <Opcode : 'mux'> <InPorts = 2> <OutPorts = 1>
ST_3 : Operation 190 [1/1] (0.80ns)   --->   "%select_ln121_2 = select i1 %icmp_ln122, i16 %r_V_873_mid1, i16 %r_V" [src/imgds_linear_dense_q16.cpp:121]   --->   Operation 190 'select' 'select_ln121_2' <Predicate = (!icmp_ln121)> <Delay = 0.80> <CoreInst = "Sel">   --->   Core 73 'Sel' <Latency = 0> <II = 1> <Delay = 0.80> <FuncUnit> <Opcode : 'select'> <InPorts = 3> <OutPorts = 1>
ST_3 : Operation 191 [1/2] (3.25ns)   --->   "%K_V_load_17 = load i6 %K_V_addr_20" [src/imgds_linear_dense_q16.cpp:121]   --->   Operation 191 'load' 'K_V_load_17' <Predicate = (!icmp_ln121 & icmp_ln122 & empty_66 == 0)> <Delay = 3.25> <CoreInst = "RAM">   --->   Core 82 'RAM' <Latency = 1> <II = 1> <Delay = 3.25> <Storage> <Opcode : 'load' 'store'> <Ports = 2> <Width = 16> <Depth = 64> <RAM>
ST_3 : Operation 192 [1/2] (3.25ns)   --->   "%K_V_1_load_17 = load i6 %K_V_1_addr_20" [src/imgds_linear_dense_q16.cpp:121]   --->   Operation 192 'load' 'K_V_1_load_17' <Predicate = (!icmp_ln121 & icmp_ln122 & empty_66 != 0 & empty_66 == 1)> <Delay = 3.25> <CoreInst = "RAM">   --->   Core 82 'RAM' <Latency = 1> <II = 1> <Delay = 3.25> <Storage> <Opcode : 'load' 'store'> <Ports = 2> <Width = 16> <Depth = 64> <RAM>
ST_3 : Operation 193 [1/2] (3.25ns)   --->   "%K_V_2_load_17 = load i6 %K_V_2_addr_20" [src/imgds_linear_dense_q16.cpp:121]   --->   Operation 193 'load' 'K_V_2_load_17' <Predicate = (!icmp_ln121 & icmp_ln122 & empty_66 != 0 & empty_66 != 1 & empty_66 == 2)> <Delay = 3.25> <CoreInst = "RAM">   --->   Core 82 'RAM' <Latency = 1> <II = 1> <Delay = 3.25> <Storage> <Opcode : 'load' 'store'> <Ports = 2> <Width = 16> <Depth = 64> <RAM>
ST_3 : Operation 194 [1/2] (3.25ns)   --->   "%K_V_3_load_17 = load i6 %K_V_3_addr_20" [src/imgds_linear_dense_q16.cpp:121]   --->   Operation 194 'load' 'K_V_3_load_17' <Predicate = (!icmp_ln121 & icmp_ln122 & empty_66 != 0 & empty_66 != 1 & empty_66 != 2 & empty_66 == 3)> <Delay = 3.25> <CoreInst = "RAM">   --->   Core 82 'RAM' <Latency = 1> <II = 1> <Delay = 3.25> <Storage> <Opcode : 'load' 'store'> <Ports = 2> <Width = 16> <Depth = 64> <RAM>
ST_3 : Operation 195 [1/1] (1.82ns)   --->   "%r_V_874_mid1 = mux i16 @_ssdm_op_Mux.ap_auto.4i16.i2, i16 %K_V_load_17, i16 %K_V_1_load_17, i16 %K_V_2_load_17, i16 %K_V_3_load_17, i2 %empty_66" [src/imgds_linear_dense_q16.cpp:121]   --->   Operation 195 'mux' 'r_V_874_mid1' <Predicate = (!icmp_ln121 & icmp_ln122)> <Delay = 1.82> <CoreInst = "Multiplexer">   --->   Core 76 'Multiplexer' <Latency = 0> <II = 1> <Delay = 1.82> <FuncUnit> <Opcode : 'mux'> <InPorts = 2> <OutPorts = 1>
ST_3 : Operation 196 [1/1] (0.80ns)   --->   "%select_ln121_3 = select i1 %icmp_ln122, i16 %r_V_874_mid1, i16 %r_V_3" [src/imgds_linear_dense_q16.cpp:121]   --->   Operation 196 'select' 'select_ln121_3' <Predicate = (!icmp_ln121)> <Delay = 0.80> <CoreInst = "Sel">   --->   Core 73 'Sel' <Latency = 0> <II = 1> <Delay = 0.80> <FuncUnit> <Opcode : 'select'> <InPorts = 3> <OutPorts = 1>
ST_3 : Operation 197 [2/2] (3.25ns)   --->   "%K_V_load_18 = load i6 %K_V_addr_21" [src/imgds_linear_dense_q16.cpp:121]   --->   Operation 197 'load' 'K_V_load_18' <Predicate = (!icmp_ln121 & icmp_ln122 & empty_66 == 0)> <Delay = 3.25> <CoreInst = "RAM">   --->   Core 82 'RAM' <Latency = 1> <II = 1> <Delay = 3.25> <Storage> <Opcode : 'load' 'store'> <Ports = 2> <Width = 16> <Depth = 64> <RAM>
ST_3 : Operation 198 [2/2] (3.25ns)   --->   "%K_V_1_load_18 = load i6 %K_V_1_addr_21" [src/imgds_linear_dense_q16.cpp:121]   --->   Operation 198 'load' 'K_V_1_load_18' <Predicate = (!icmp_ln121 & icmp_ln122 & empty_66 != 0 & empty_66 == 1)> <Delay = 3.25> <CoreInst = "RAM">   --->   Core 82 'RAM' <Latency = 1> <II = 1> <Delay = 3.25> <Storage> <Opcode : 'load' 'store'> <Ports = 2> <Width = 16> <Depth = 64> <RAM>
ST_3 : Operation 199 [2/2] (3.25ns)   --->   "%K_V_2_load_18 = load i6 %K_V_2_addr_21" [src/imgds_linear_dense_q16.cpp:121]   --->   Operation 199 'load' 'K_V_2_load_18' <Predicate = (!icmp_ln121 & icmp_ln122 & empty_66 != 0 & empty_66 != 1 & empty_66 == 2)> <Delay = 3.25> <CoreInst = "RAM">   --->   Core 82 'RAM' <Latency = 1> <II = 1> <Delay = 3.25> <Storage> <Opcode : 'load' 'store'> <Ports = 2> <Width = 16> <Depth = 64> <RAM>
ST_3 : Operation 200 [2/2] (3.25ns)   --->   "%K_V_3_load_18 = load i6 %K_V_3_addr_21" [src/imgds_linear_dense_q16.cpp:121]   --->   Operation 200 'load' 'K_V_3_load_18' <Predicate = (!icmp_ln121 & icmp_ln122 & empty_66 != 0 & empty_66 != 1 & empty_66 != 2 & empty_66 == 3)> <Delay = 3.25> <CoreInst = "RAM">   --->   Core 82 'RAM' <Latency = 1> <II = 1> <Delay = 3.25> <Storage> <Opcode : 'load' 'store'> <Ports = 2> <Width = 16> <Depth = 64> <RAM>
ST_3 : Operation 201 [2/2] (3.25ns)   --->   "%K_V_load_19 = load i6 %K_V_addr_22" [src/imgds_linear_dense_q16.cpp:121]   --->   Operation 201 'load' 'K_V_load_19' <Predicate = (!icmp_ln121 & icmp_ln122 & empty_66 == 0)> <Delay = 3.25> <CoreInst = "RAM">   --->   Core 82 'RAM' <Latency = 1> <II = 1> <Delay = 3.25> <Storage> <Opcode : 'load' 'store'> <Ports = 2> <Width = 16> <Depth = 64> <RAM>
ST_3 : Operation 202 [2/2] (3.25ns)   --->   "%K_V_1_load_19 = load i6 %K_V_1_addr_22" [src/imgds_linear_dense_q16.cpp:121]   --->   Operation 202 'load' 'K_V_1_load_19' <Predicate = (!icmp_ln121 & icmp_ln122 & empty_66 != 0 & empty_66 == 1)> <Delay = 3.25> <CoreInst = "RAM">   --->   Core 82 'RAM' <Latency = 1> <II = 1> <Delay = 3.25> <Storage> <Opcode : 'load' 'store'> <Ports = 2> <Width = 16> <Depth = 64> <RAM>
ST_3 : Operation 203 [2/2] (3.25ns)   --->   "%K_V_2_load_19 = load i6 %K_V_2_addr_22" [src/imgds_linear_dense_q16.cpp:121]   --->   Operation 203 'load' 'K_V_2_load_19' <Predicate = (!icmp_ln121 & icmp_ln122 & empty_66 != 0 & empty_66 != 1 & empty_66 == 2)> <Delay = 3.25> <CoreInst = "RAM">   --->   Core 82 'RAM' <Latency = 1> <II = 1> <Delay = 3.25> <Storage> <Opcode : 'load' 'store'> <Ports = 2> <Width = 16> <Depth = 64> <RAM>
ST_3 : Operation 204 [2/2] (3.25ns)   --->   "%K_V_3_load_19 = load i6 %K_V_3_addr_22" [src/imgds_linear_dense_q16.cpp:121]   --->   Operation 204 'load' 'K_V_3_load_19' <Predicate = (!icmp_ln121 & icmp_ln122 & empty_66 != 0 & empty_66 != 1 & empty_66 != 2 & empty_66 == 3)> <Delay = 3.25> <CoreInst = "RAM">   --->   Core 82 'RAM' <Latency = 1> <II = 1> <Delay = 3.25> <Storage> <Opcode : 'load' 'store'> <Ports = 2> <Width = 16> <Depth = 64> <RAM>
ST_3 : Operation 205 [1/1] (0.00ns)   --->   "%zext_ln1273_1 = zext i2 %lshr_ln"   --->   Operation 205 'zext' 'zext_ln1273_1' <Predicate = (!icmp_ln121)> <Delay = 0.00>
ST_3 : Operation 206 [1/1] (0.00ns)   --->   "%tmp_860_cast = bitconcatenate i5 @_ssdm_op_BitConcatenate.i5.i1.i4, i1 1, i4 %zext_ln1273_1"   --->   Operation 206 'bitconcatenate' 'tmp_860_cast' <Predicate = (!icmp_ln121)> <Delay = 0.00>
ST_3 : Operation 207 [1/1] (0.00ns)   --->   "%zext_ln1273_5 = zext i5 %tmp_860_cast"   --->   Operation 207 'zext' 'zext_ln1273_5' <Predicate = (!icmp_ln121)> <Delay = 0.00>
ST_3 : Operation 208 [1/1] (0.00ns)   --->   "%V_V_addr_4 = getelementptr i16 %V_V, i64 0, i64 %zext_ln1273_5"   --->   Operation 208 'getelementptr' 'V_V_addr_4' <Predicate = (!icmp_ln121)> <Delay = 0.00>
ST_3 : Operation 209 [1/1] (0.00ns)   --->   "%tmp_861_cast = bitconcatenate i5 @_ssdm_op_BitConcatenate.i5.i3.i2, i3 5, i2 %lshr_ln"   --->   Operation 209 'bitconcatenate' 'tmp_861_cast' <Predicate = (!icmp_ln121)> <Delay = 0.00>
ST_3 : Operation 210 [1/1] (0.00ns)   --->   "%zext_ln1273_6 = zext i5 %tmp_861_cast"   --->   Operation 210 'zext' 'zext_ln1273_6' <Predicate = (!icmp_ln121)> <Delay = 0.00>
ST_3 : Operation 211 [1/1] (0.00ns)   --->   "%V_V_addr_5 = getelementptr i16 %V_V, i64 0, i64 %zext_ln1273_6"   --->   Operation 211 'getelementptr' 'V_V_addr_5' <Predicate = (!icmp_ln121)> <Delay = 0.00>
ST_3 : Operation 212 [1/1] (0.00ns)   --->   "%V_V_1_addr_4 = getelementptr i16 %V_V_1, i64 0, i64 %zext_ln1273_5"   --->   Operation 212 'getelementptr' 'V_V_1_addr_4' <Predicate = (!icmp_ln121)> <Delay = 0.00>
ST_3 : Operation 213 [1/1] (0.00ns)   --->   "%V_V_1_addr_5 = getelementptr i16 %V_V_1, i64 0, i64 %zext_ln1273_6"   --->   Operation 213 'getelementptr' 'V_V_1_addr_5' <Predicate = (!icmp_ln121)> <Delay = 0.00>
ST_3 : Operation 214 [1/1] (0.00ns)   --->   "%V_V_2_addr_4 = getelementptr i16 %V_V_2, i64 0, i64 %zext_ln1273_5"   --->   Operation 214 'getelementptr' 'V_V_2_addr_4' <Predicate = (!icmp_ln121)> <Delay = 0.00>
ST_3 : Operation 215 [1/1] (0.00ns)   --->   "%V_V_2_addr_5 = getelementptr i16 %V_V_2, i64 0, i64 %zext_ln1273_6"   --->   Operation 215 'getelementptr' 'V_V_2_addr_5' <Predicate = (!icmp_ln121)> <Delay = 0.00>
ST_3 : Operation 216 [1/1] (0.00ns)   --->   "%V_V_3_addr_4 = getelementptr i16 %V_V_3, i64 0, i64 %zext_ln1273_5"   --->   Operation 216 'getelementptr' 'V_V_3_addr_4' <Predicate = (!icmp_ln121)> <Delay = 0.00>
ST_3 : Operation 217 [1/1] (0.00ns)   --->   "%V_V_3_addr_5 = getelementptr i16 %V_V_3, i64 0, i64 %zext_ln1273_6"   --->   Operation 217 'getelementptr' 'V_V_3_addr_5' <Predicate = (!icmp_ln121)> <Delay = 0.00>
ST_3 : Operation 218 [1/2] (3.25ns)   --->   "%V_V_load_2 = load i6 %V_V_addr_2"   --->   Operation 218 'load' 'V_V_load_2' <Predicate = (!icmp_ln121)> <Delay = 3.25> <CoreInst = "RAM">   --->   Core 82 'RAM' <Latency = 1> <II = 1> <Delay = 3.25> <Storage> <Opcode : 'load' 'store'> <Ports = 2> <Width = 16> <Depth = 64> <RAM>
ST_3 : Operation 219 [1/2] (3.25ns)   --->   "%V_V_1_load_2 = load i6 %V_V_1_addr_2"   --->   Operation 219 'load' 'V_V_1_load_2' <Predicate = (!icmp_ln121)> <Delay = 3.25> <CoreInst = "RAM">   --->   Core 82 'RAM' <Latency = 1> <II = 1> <Delay = 3.25> <Storage> <Opcode : 'load' 'store'> <Ports = 2> <Width = 16> <Depth = 64> <RAM>
ST_3 : Operation 220 [1/2] (3.25ns)   --->   "%V_V_2_load_2 = load i6 %V_V_2_addr_2"   --->   Operation 220 'load' 'V_V_2_load_2' <Predicate = (!icmp_ln121)> <Delay = 3.25> <CoreInst = "RAM">   --->   Core 82 'RAM' <Latency = 1> <II = 1> <Delay = 3.25> <Storage> <Opcode : 'load' 'store'> <Ports = 2> <Width = 16> <Depth = 64> <RAM>
ST_3 : Operation 221 [1/2] (3.25ns)   --->   "%V_V_3_load_2 = load i6 %V_V_3_addr_2"   --->   Operation 221 'load' 'V_V_3_load_2' <Predicate = (!icmp_ln121)> <Delay = 3.25> <CoreInst = "RAM">   --->   Core 82 'RAM' <Latency = 1> <II = 1> <Delay = 3.25> <Storage> <Opcode : 'load' 'store'> <Ports = 2> <Width = 16> <Depth = 64> <RAM>
ST_3 : Operation 222 [1/1] (1.82ns)   --->   "%tmp_18 = mux i16 @_ssdm_op_Mux.ap_auto.4i16.i2, i16 %V_V_load_2, i16 %V_V_1_load_2, i16 %V_V_2_load_2, i16 %V_V_3_load_2, i2 %trunc_ln1273"   --->   Operation 222 'mux' 'tmp_18' <Predicate = (!icmp_ln121)> <Delay = 1.82> <CoreInst = "Multiplexer">   --->   Core 76 'Multiplexer' <Latency = 0> <II = 1> <Delay = 1.82> <FuncUnit> <Opcode : 'mux'> <InPorts = 2> <OutPorts = 1>
ST_3 : Operation 223 [1/2] (3.25ns)   --->   "%V_V_load_3 = load i6 %V_V_addr_3"   --->   Operation 223 'load' 'V_V_load_3' <Predicate = (!icmp_ln121)> <Delay = 3.25> <CoreInst = "RAM">   --->   Core 82 'RAM' <Latency = 1> <II = 1> <Delay = 3.25> <Storage> <Opcode : 'load' 'store'> <Ports = 2> <Width = 16> <Depth = 64> <RAM>
ST_3 : Operation 224 [1/2] (3.25ns)   --->   "%V_V_1_load_3 = load i6 %V_V_1_addr_3"   --->   Operation 224 'load' 'V_V_1_load_3' <Predicate = (!icmp_ln121)> <Delay = 3.25> <CoreInst = "RAM">   --->   Core 82 'RAM' <Latency = 1> <II = 1> <Delay = 3.25> <Storage> <Opcode : 'load' 'store'> <Ports = 2> <Width = 16> <Depth = 64> <RAM>
ST_3 : Operation 225 [1/2] (3.25ns)   --->   "%V_V_2_load_3 = load i6 %V_V_2_addr_3"   --->   Operation 225 'load' 'V_V_2_load_3' <Predicate = (!icmp_ln121)> <Delay = 3.25> <CoreInst = "RAM">   --->   Core 82 'RAM' <Latency = 1> <II = 1> <Delay = 3.25> <Storage> <Opcode : 'load' 'store'> <Ports = 2> <Width = 16> <Depth = 64> <RAM>
ST_3 : Operation 226 [1/2] (3.25ns)   --->   "%V_V_3_load_3 = load i6 %V_V_3_addr_3"   --->   Operation 226 'load' 'V_V_3_load_3' <Predicate = (!icmp_ln121)> <Delay = 3.25> <CoreInst = "RAM">   --->   Core 82 'RAM' <Latency = 1> <II = 1> <Delay = 3.25> <Storage> <Opcode : 'load' 'store'> <Ports = 2> <Width = 16> <Depth = 64> <RAM>
ST_3 : Operation 227 [1/1] (1.82ns)   --->   "%tmp_19 = mux i16 @_ssdm_op_Mux.ap_auto.4i16.i2, i16 %V_V_load_3, i16 %V_V_1_load_3, i16 %V_V_2_load_3, i16 %V_V_3_load_3, i2 %trunc_ln1273"   --->   Operation 227 'mux' 'tmp_19' <Predicate = (!icmp_ln121)> <Delay = 1.82> <CoreInst = "Multiplexer">   --->   Core 76 'Multiplexer' <Latency = 0> <II = 1> <Delay = 1.82> <FuncUnit> <Opcode : 'mux'> <InPorts = 2> <OutPorts = 1>
ST_3 : Operation 228 [2/2] (3.25ns)   --->   "%V_V_load_4 = load i6 %V_V_addr_4"   --->   Operation 228 'load' 'V_V_load_4' <Predicate = (!icmp_ln121)> <Delay = 3.25> <CoreInst = "RAM">   --->   Core 82 'RAM' <Latency = 1> <II = 1> <Delay = 3.25> <Storage> <Opcode : 'load' 'store'> <Ports = 2> <Width = 16> <Depth = 64> <RAM>
ST_3 : Operation 229 [2/2] (3.25ns)   --->   "%V_V_1_load_4 = load i6 %V_V_1_addr_4"   --->   Operation 229 'load' 'V_V_1_load_4' <Predicate = (!icmp_ln121)> <Delay = 3.25> <CoreInst = "RAM">   --->   Core 82 'RAM' <Latency = 1> <II = 1> <Delay = 3.25> <Storage> <Opcode : 'load' 'store'> <Ports = 2> <Width = 16> <Depth = 64> <RAM>
ST_3 : Operation 230 [2/2] (3.25ns)   --->   "%V_V_2_load_4 = load i6 %V_V_2_addr_4"   --->   Operation 230 'load' 'V_V_2_load_4' <Predicate = (!icmp_ln121)> <Delay = 3.25> <CoreInst = "RAM">   --->   Core 82 'RAM' <Latency = 1> <II = 1> <Delay = 3.25> <Storage> <Opcode : 'load' 'store'> <Ports = 2> <Width = 16> <Depth = 64> <RAM>
ST_3 : Operation 231 [2/2] (3.25ns)   --->   "%V_V_3_load_4 = load i6 %V_V_3_addr_4"   --->   Operation 231 'load' 'V_V_3_load_4' <Predicate = (!icmp_ln121)> <Delay = 3.25> <CoreInst = "RAM">   --->   Core 82 'RAM' <Latency = 1> <II = 1> <Delay = 3.25> <Storage> <Opcode : 'load' 'store'> <Ports = 2> <Width = 16> <Depth = 64> <RAM>
ST_3 : Operation 232 [2/2] (3.25ns)   --->   "%V_V_load_5 = load i6 %V_V_addr_5"   --->   Operation 232 'load' 'V_V_load_5' <Predicate = (!icmp_ln121)> <Delay = 3.25> <CoreInst = "RAM">   --->   Core 82 'RAM' <Latency = 1> <II = 1> <Delay = 3.25> <Storage> <Opcode : 'load' 'store'> <Ports = 2> <Width = 16> <Depth = 64> <RAM>
ST_3 : Operation 233 [2/2] (3.25ns)   --->   "%V_V_1_load_5 = load i6 %V_V_1_addr_5"   --->   Operation 233 'load' 'V_V_1_load_5' <Predicate = (!icmp_ln121)> <Delay = 3.25> <CoreInst = "RAM">   --->   Core 82 'RAM' <Latency = 1> <II = 1> <Delay = 3.25> <Storage> <Opcode : 'load' 'store'> <Ports = 2> <Width = 16> <Depth = 64> <RAM>
ST_3 : Operation 234 [2/2] (3.25ns)   --->   "%V_V_2_load_5 = load i6 %V_V_2_addr_5"   --->   Operation 234 'load' 'V_V_2_load_5' <Predicate = (!icmp_ln121)> <Delay = 3.25> <CoreInst = "RAM">   --->   Core 82 'RAM' <Latency = 1> <II = 1> <Delay = 3.25> <Storage> <Opcode : 'load' 'store'> <Ports = 2> <Width = 16> <Depth = 64> <RAM>
ST_3 : Operation 235 [2/2] (3.25ns)   --->   "%V_V_3_load_5 = load i6 %V_V_3_addr_5"   --->   Operation 235 'load' 'V_V_3_load_5' <Predicate = (!icmp_ln121)> <Delay = 3.25> <CoreInst = "RAM">   --->   Core 82 'RAM' <Latency = 1> <II = 1> <Delay = 3.25> <Storage> <Opcode : 'load' 'store'> <Ports = 2> <Width = 16> <Depth = 64> <RAM>

State 4 <SV = 3> <Delay = 5.88>
ST_4 : Operation 236 [1/1] (0.00ns)   --->   "%tmp_826_cast = zext i2 %tmp_s"   --->   Operation 236 'zext' 'tmp_826_cast' <Predicate = true> <Delay = 0.00>
ST_4 : Operation 237 [1/1] (0.00ns)   --->   "%tmp_830_cast = bitconcatenate i5 @_ssdm_op_BitConcatenate.i5.i1.i4, i1 1, i4 %tmp_826_cast"   --->   Operation 237 'bitconcatenate' 'tmp_830_cast' <Predicate = true> <Delay = 0.00>
ST_4 : Operation 238 [1/1] (0.00ns)   --->   "%tmp_830_cast_cast = zext i5 %tmp_830_cast"   --->   Operation 238 'zext' 'tmp_830_cast_cast' <Predicate = (!icmp_ln122)> <Delay = 0.00>
ST_4 : Operation 239 [1/1] (0.00ns)   --->   "%K_V_addr_7 = getelementptr i16 %K_V, i64 0, i64 %tmp_830_cast_cast"   --->   Operation 239 'getelementptr' 'K_V_addr_7' <Predicate = (!icmp_ln122)> <Delay = 0.00>
ST_4 : Operation 240 [1/1] (0.00ns)   --->   "%tmp_831_cast = bitconcatenate i5 @_ssdm_op_BitConcatenate.i5.i3.i2, i3 5, i2 %tmp_s"   --->   Operation 240 'bitconcatenate' 'tmp_831_cast' <Predicate = true> <Delay = 0.00>
ST_4 : Operation 241 [1/1] (0.00ns)   --->   "%tmp_831_cast_cast = zext i5 %tmp_831_cast"   --->   Operation 241 'zext' 'tmp_831_cast_cast' <Predicate = (!icmp_ln122)> <Delay = 0.00>
ST_4 : Operation 242 [1/1] (0.00ns)   --->   "%K_V_addr_8 = getelementptr i16 %K_V, i64 0, i64 %tmp_831_cast_cast"   --->   Operation 242 'getelementptr' 'K_V_addr_8' <Predicate = (!icmp_ln122)> <Delay = 0.00>
ST_4 : Operation 243 [1/1] (0.00ns)   --->   "%K_V_1_addr_7 = getelementptr i16 %K_V_1, i64 0, i64 %tmp_830_cast_cast"   --->   Operation 243 'getelementptr' 'K_V_1_addr_7' <Predicate = (!icmp_ln122)> <Delay = 0.00>
ST_4 : Operation 244 [1/1] (0.00ns)   --->   "%K_V_1_addr_8 = getelementptr i16 %K_V_1, i64 0, i64 %tmp_831_cast_cast"   --->   Operation 244 'getelementptr' 'K_V_1_addr_8' <Predicate = (!icmp_ln122)> <Delay = 0.00>
ST_4 : Operation 245 [1/1] (0.00ns)   --->   "%K_V_2_addr_7 = getelementptr i16 %K_V_2, i64 0, i64 %tmp_830_cast_cast"   --->   Operation 245 'getelementptr' 'K_V_2_addr_7' <Predicate = (!icmp_ln122)> <Delay = 0.00>
ST_4 : Operation 246 [1/1] (0.00ns)   --->   "%K_V_2_addr_8 = getelementptr i16 %K_V_2, i64 0, i64 %tmp_831_cast_cast"   --->   Operation 246 'getelementptr' 'K_V_2_addr_8' <Predicate = (!icmp_ln122)> <Delay = 0.00>
ST_4 : Operation 247 [1/1] (0.00ns)   --->   "%K_V_3_addr_7 = getelementptr i16 %K_V_3, i64 0, i64 %tmp_830_cast_cast"   --->   Operation 247 'getelementptr' 'K_V_3_addr_7' <Predicate = (!icmp_ln122)> <Delay = 0.00>
ST_4 : Operation 248 [1/1] (0.00ns)   --->   "%K_V_3_addr_8 = getelementptr i16 %K_V_3, i64 0, i64 %tmp_831_cast_cast"   --->   Operation 248 'getelementptr' 'K_V_3_addr_8' <Predicate = (!icmp_ln122)> <Delay = 0.00>
ST_4 : Operation 249 [1/2] (3.25ns)   --->   "%K_V_load_2 = load i6 %K_V_addr_5"   --->   Operation 249 'load' 'K_V_load_2' <Predicate = (!icmp_ln121 & !icmp_ln122 & empty == 0)> <Delay = 3.25> <CoreInst = "RAM">   --->   Core 82 'RAM' <Latency = 1> <II = 1> <Delay = 3.25> <Storage> <Opcode : 'load' 'store'> <Ports = 2> <Width = 16> <Depth = 64> <RAM>
ST_4 : Operation 250 [1/2] (3.25ns)   --->   "%K_V_1_load_2 = load i6 %K_V_1_addr_5"   --->   Operation 250 'load' 'K_V_1_load_2' <Predicate = (!icmp_ln121 & !icmp_ln122 & empty != 0 & empty == 1)> <Delay = 3.25> <CoreInst = "RAM">   --->   Core 82 'RAM' <Latency = 1> <II = 1> <Delay = 3.25> <Storage> <Opcode : 'load' 'store'> <Ports = 2> <Width = 16> <Depth = 64> <RAM>
ST_4 : Operation 251 [1/2] (3.25ns)   --->   "%K_V_2_load_2 = load i6 %K_V_2_addr_5"   --->   Operation 251 'load' 'K_V_2_load_2' <Predicate = (!icmp_ln121 & !icmp_ln122 & empty != 0 & empty != 1 & empty == 2)> <Delay = 3.25> <CoreInst = "RAM">   --->   Core 82 'RAM' <Latency = 1> <II = 1> <Delay = 3.25> <Storage> <Opcode : 'load' 'store'> <Ports = 2> <Width = 16> <Depth = 64> <RAM>
ST_4 : Operation 252 [1/2] (3.25ns)   --->   "%K_V_3_load_2 = load i6 %K_V_3_addr_5"   --->   Operation 252 'load' 'K_V_3_load_2' <Predicate = (!icmp_ln121 & !icmp_ln122 & empty != 0 & empty != 1 & empty != 2 & empty == 3)> <Delay = 3.25> <CoreInst = "RAM">   --->   Core 82 'RAM' <Latency = 1> <II = 1> <Delay = 3.25> <Storage> <Opcode : 'load' 'store'> <Ports = 2> <Width = 16> <Depth = 64> <RAM>
ST_4 : Operation 253 [1/1] (1.82ns)   --->   "%r_V_6 = mux i16 @_ssdm_op_Mux.ap_auto.4i16.i2, i16 %K_V_load_2, i16 %K_V_1_load_2, i16 %K_V_2_load_2, i16 %K_V_3_load_2, i2 %empty"   --->   Operation 253 'mux' 'r_V_6' <Predicate = (!icmp_ln122)> <Delay = 1.82> <CoreInst = "Multiplexer">   --->   Core 76 'Multiplexer' <Latency = 0> <II = 1> <Delay = 1.82> <FuncUnit> <Opcode : 'mux'> <InPorts = 2> <OutPorts = 1>
ST_4 : Operation 254 [1/2] (3.25ns)   --->   "%K_V_load_3 = load i6 %K_V_addr_6"   --->   Operation 254 'load' 'K_V_load_3' <Predicate = (!icmp_ln121 & !icmp_ln122 & empty == 0)> <Delay = 3.25> <CoreInst = "RAM">   --->   Core 82 'RAM' <Latency = 1> <II = 1> <Delay = 3.25> <Storage> <Opcode : 'load' 'store'> <Ports = 2> <Width = 16> <Depth = 64> <RAM>
ST_4 : Operation 255 [1/2] (3.25ns)   --->   "%K_V_1_load_3 = load i6 %K_V_1_addr_6"   --->   Operation 255 'load' 'K_V_1_load_3' <Predicate = (!icmp_ln121 & !icmp_ln122 & empty != 0 & empty == 1)> <Delay = 3.25> <CoreInst = "RAM">   --->   Core 82 'RAM' <Latency = 1> <II = 1> <Delay = 3.25> <Storage> <Opcode : 'load' 'store'> <Ports = 2> <Width = 16> <Depth = 64> <RAM>
ST_4 : Operation 256 [1/2] (3.25ns)   --->   "%K_V_2_load_3 = load i6 %K_V_2_addr_6"   --->   Operation 256 'load' 'K_V_2_load_3' <Predicate = (!icmp_ln121 & !icmp_ln122 & empty != 0 & empty != 1 & empty == 2)> <Delay = 3.25> <CoreInst = "RAM">   --->   Core 82 'RAM' <Latency = 1> <II = 1> <Delay = 3.25> <Storage> <Opcode : 'load' 'store'> <Ports = 2> <Width = 16> <Depth = 64> <RAM>
ST_4 : Operation 257 [1/2] (3.25ns)   --->   "%K_V_3_load_3 = load i6 %K_V_3_addr_6"   --->   Operation 257 'load' 'K_V_3_load_3' <Predicate = (!icmp_ln121 & !icmp_ln122 & empty != 0 & empty != 1 & empty != 2 & empty == 3)> <Delay = 3.25> <CoreInst = "RAM">   --->   Core 82 'RAM' <Latency = 1> <II = 1> <Delay = 3.25> <Storage> <Opcode : 'load' 'store'> <Ports = 2> <Width = 16> <Depth = 64> <RAM>
ST_4 : Operation 258 [1/1] (1.82ns)   --->   "%r_V_8 = mux i16 @_ssdm_op_Mux.ap_auto.4i16.i2, i16 %K_V_load_3, i16 %K_V_1_load_3, i16 %K_V_2_load_3, i16 %K_V_3_load_3, i2 %empty"   --->   Operation 258 'mux' 'r_V_8' <Predicate = (!icmp_ln122)> <Delay = 1.82> <CoreInst = "Multiplexer">   --->   Core 76 'Multiplexer' <Latency = 0> <II = 1> <Delay = 1.82> <FuncUnit> <Opcode : 'mux'> <InPorts = 2> <OutPorts = 1>
ST_4 : Operation 259 [2/2] (3.25ns)   --->   "%K_V_load_4 = load i6 %K_V_addr_7"   --->   Operation 259 'load' 'K_V_load_4' <Predicate = (!icmp_ln121 & !icmp_ln122 & empty == 0)> <Delay = 3.25> <CoreInst = "RAM">   --->   Core 82 'RAM' <Latency = 1> <II = 1> <Delay = 3.25> <Storage> <Opcode : 'load' 'store'> <Ports = 2> <Width = 16> <Depth = 64> <RAM>
ST_4 : Operation 260 [2/2] (3.25ns)   --->   "%K_V_1_load_4 = load i6 %K_V_1_addr_7"   --->   Operation 260 'load' 'K_V_1_load_4' <Predicate = (!icmp_ln121 & !icmp_ln122 & empty != 0 & empty == 1)> <Delay = 3.25> <CoreInst = "RAM">   --->   Core 82 'RAM' <Latency = 1> <II = 1> <Delay = 3.25> <Storage> <Opcode : 'load' 'store'> <Ports = 2> <Width = 16> <Depth = 64> <RAM>
ST_4 : Operation 261 [2/2] (3.25ns)   --->   "%K_V_2_load_4 = load i6 %K_V_2_addr_7"   --->   Operation 261 'load' 'K_V_2_load_4' <Predicate = (!icmp_ln121 & !icmp_ln122 & empty != 0 & empty != 1 & empty == 2)> <Delay = 3.25> <CoreInst = "RAM">   --->   Core 82 'RAM' <Latency = 1> <II = 1> <Delay = 3.25> <Storage> <Opcode : 'load' 'store'> <Ports = 2> <Width = 16> <Depth = 64> <RAM>
ST_4 : Operation 262 [2/2] (3.25ns)   --->   "%K_V_3_load_4 = load i6 %K_V_3_addr_7"   --->   Operation 262 'load' 'K_V_3_load_4' <Predicate = (!icmp_ln121 & !icmp_ln122 & empty != 0 & empty != 1 & empty != 2 & empty == 3)> <Delay = 3.25> <CoreInst = "RAM">   --->   Core 82 'RAM' <Latency = 1> <II = 1> <Delay = 3.25> <Storage> <Opcode : 'load' 'store'> <Ports = 2> <Width = 16> <Depth = 64> <RAM>
ST_4 : Operation 263 [2/2] (3.25ns)   --->   "%K_V_load_5 = load i6 %K_V_addr_8"   --->   Operation 263 'load' 'K_V_load_5' <Predicate = (!icmp_ln121 & !icmp_ln122 & empty == 0)> <Delay = 3.25> <CoreInst = "RAM">   --->   Core 82 'RAM' <Latency = 1> <II = 1> <Delay = 3.25> <Storage> <Opcode : 'load' 'store'> <Ports = 2> <Width = 16> <Depth = 64> <RAM>
ST_4 : Operation 264 [2/2] (3.25ns)   --->   "%K_V_1_load_5 = load i6 %K_V_1_addr_8"   --->   Operation 264 'load' 'K_V_1_load_5' <Predicate = (!icmp_ln121 & !icmp_ln122 & empty != 0 & empty == 1)> <Delay = 3.25> <CoreInst = "RAM">   --->   Core 82 'RAM' <Latency = 1> <II = 1> <Delay = 3.25> <Storage> <Opcode : 'load' 'store'> <Ports = 2> <Width = 16> <Depth = 64> <RAM>
ST_4 : Operation 265 [2/2] (3.25ns)   --->   "%K_V_2_load_5 = load i6 %K_V_2_addr_8"   --->   Operation 265 'load' 'K_V_2_load_5' <Predicate = (!icmp_ln121 & !icmp_ln122 & empty != 0 & empty != 1 & empty == 2)> <Delay = 3.25> <CoreInst = "RAM">   --->   Core 82 'RAM' <Latency = 1> <II = 1> <Delay = 3.25> <Storage> <Opcode : 'load' 'store'> <Ports = 2> <Width = 16> <Depth = 64> <RAM>
ST_4 : Operation 266 [2/2] (3.25ns)   --->   "%K_V_3_load_5 = load i6 %K_V_3_addr_8"   --->   Operation 266 'load' 'K_V_3_load_5' <Predicate = (!icmp_ln121 & !icmp_ln122 & empty != 0 & empty != 1 & empty != 2 & empty == 3)> <Delay = 3.25> <CoreInst = "RAM">   --->   Core 82 'RAM' <Latency = 1> <II = 1> <Delay = 3.25> <Storage> <Opcode : 'load' 'store'> <Ports = 2> <Width = 16> <Depth = 64> <RAM>
ST_4 : Operation 267 [1/1] (0.00ns)   --->   "%p_mid1_cast = zext i2 %p_mid1" [src/imgds_linear_dense_q16.cpp:121]   --->   Operation 267 'zext' 'p_mid1_cast' <Predicate = (!icmp_ln121)> <Delay = 0.00>
ST_4 : Operation 268 [1/1] (0.00ns)   --->   "%tmp_845_cast = bitconcatenate i5 @_ssdm_op_BitConcatenate.i5.i1.i4, i1 1, i4 %p_mid1_cast" [src/imgds_linear_dense_q16.cpp:121]   --->   Operation 268 'bitconcatenate' 'tmp_845_cast' <Predicate = (!icmp_ln121)> <Delay = 0.00>
ST_4 : Operation 269 [1/1] (0.00ns)   --->   "%tmp_845_cast_cast = zext i5 %tmp_845_cast" [src/imgds_linear_dense_q16.cpp:121]   --->   Operation 269 'zext' 'tmp_845_cast_cast' <Predicate = (!icmp_ln121 & icmp_ln122)> <Delay = 0.00>
ST_4 : Operation 270 [1/1] (0.00ns)   --->   "%K_V_addr_23 = getelementptr i16 %K_V, i64 0, i64 %tmp_845_cast_cast" [src/imgds_linear_dense_q16.cpp:121]   --->   Operation 270 'getelementptr' 'K_V_addr_23' <Predicate = (!icmp_ln121 & icmp_ln122)> <Delay = 0.00>
ST_4 : Operation 271 [1/1] (0.00ns)   --->   "%tmp_846_cast = bitconcatenate i5 @_ssdm_op_BitConcatenate.i5.i3.i2, i3 5, i2 %p_mid1" [src/imgds_linear_dense_q16.cpp:121]   --->   Operation 271 'bitconcatenate' 'tmp_846_cast' <Predicate = (!icmp_ln121)> <Delay = 0.00>
ST_4 : Operation 272 [1/1] (0.00ns)   --->   "%tmp_846_cast_cast = zext i5 %tmp_846_cast" [src/imgds_linear_dense_q16.cpp:121]   --->   Operation 272 'zext' 'tmp_846_cast_cast' <Predicate = (!icmp_ln121 & icmp_ln122)> <Delay = 0.00>
ST_4 : Operation 273 [1/1] (0.00ns)   --->   "%K_V_addr_24 = getelementptr i16 %K_V, i64 0, i64 %tmp_846_cast_cast" [src/imgds_linear_dense_q16.cpp:121]   --->   Operation 273 'getelementptr' 'K_V_addr_24' <Predicate = (!icmp_ln121 & icmp_ln122)> <Delay = 0.00>
ST_4 : Operation 274 [1/1] (0.00ns)   --->   "%K_V_1_addr_23 = getelementptr i16 %K_V_1, i64 0, i64 %tmp_845_cast_cast" [src/imgds_linear_dense_q16.cpp:121]   --->   Operation 274 'getelementptr' 'K_V_1_addr_23' <Predicate = (!icmp_ln121 & icmp_ln122)> <Delay = 0.00>
ST_4 : Operation 275 [1/1] (0.00ns)   --->   "%K_V_1_addr_24 = getelementptr i16 %K_V_1, i64 0, i64 %tmp_846_cast_cast" [src/imgds_linear_dense_q16.cpp:121]   --->   Operation 275 'getelementptr' 'K_V_1_addr_24' <Predicate = (!icmp_ln121 & icmp_ln122)> <Delay = 0.00>
ST_4 : Operation 276 [1/1] (0.00ns)   --->   "%K_V_2_addr_23 = getelementptr i16 %K_V_2, i64 0, i64 %tmp_845_cast_cast" [src/imgds_linear_dense_q16.cpp:121]   --->   Operation 276 'getelementptr' 'K_V_2_addr_23' <Predicate = (!icmp_ln121 & icmp_ln122)> <Delay = 0.00>
ST_4 : Operation 277 [1/1] (0.00ns)   --->   "%K_V_2_addr_24 = getelementptr i16 %K_V_2, i64 0, i64 %tmp_846_cast_cast" [src/imgds_linear_dense_q16.cpp:121]   --->   Operation 277 'getelementptr' 'K_V_2_addr_24' <Predicate = (!icmp_ln121 & icmp_ln122)> <Delay = 0.00>
ST_4 : Operation 278 [1/1] (0.00ns)   --->   "%K_V_3_addr_23 = getelementptr i16 %K_V_3, i64 0, i64 %tmp_845_cast_cast" [src/imgds_linear_dense_q16.cpp:121]   --->   Operation 278 'getelementptr' 'K_V_3_addr_23' <Predicate = (!icmp_ln121 & icmp_ln122)> <Delay = 0.00>
ST_4 : Operation 279 [1/1] (0.00ns)   --->   "%K_V_3_addr_24 = getelementptr i16 %K_V_3, i64 0, i64 %tmp_846_cast_cast" [src/imgds_linear_dense_q16.cpp:121]   --->   Operation 279 'getelementptr' 'K_V_3_addr_24' <Predicate = (!icmp_ln121 & icmp_ln122)> <Delay = 0.00>
ST_4 : Operation 280 [1/1] (0.00ns)   --->   "%sext_ln121 = sext i16 %select_ln121_2" [src/imgds_linear_dense_q16.cpp:121]   --->   Operation 280 'sext' 'sext_ln121' <Predicate = (!icmp_ln121)> <Delay = 0.00>
ST_4 : Operation 281 [1/2] (3.25ns)   --->   "%K_V_load_18 = load i6 %K_V_addr_21" [src/imgds_linear_dense_q16.cpp:121]   --->   Operation 281 'load' 'K_V_load_18' <Predicate = (!icmp_ln121 & icmp_ln122 & empty_66 == 0)> <Delay = 3.25> <CoreInst = "RAM">   --->   Core 82 'RAM' <Latency = 1> <II = 1> <Delay = 3.25> <Storage> <Opcode : 'load' 'store'> <Ports = 2> <Width = 16> <Depth = 64> <RAM>
ST_4 : Operation 282 [1/2] (3.25ns)   --->   "%K_V_1_load_18 = load i6 %K_V_1_addr_21" [src/imgds_linear_dense_q16.cpp:121]   --->   Operation 282 'load' 'K_V_1_load_18' <Predicate = (!icmp_ln121 & icmp_ln122 & empty_66 != 0 & empty_66 == 1)> <Delay = 3.25> <CoreInst = "RAM">   --->   Core 82 'RAM' <Latency = 1> <II = 1> <Delay = 3.25> <Storage> <Opcode : 'load' 'store'> <Ports = 2> <Width = 16> <Depth = 64> <RAM>
ST_4 : Operation 283 [1/2] (3.25ns)   --->   "%K_V_2_load_18 = load i6 %K_V_2_addr_21" [src/imgds_linear_dense_q16.cpp:121]   --->   Operation 283 'load' 'K_V_2_load_18' <Predicate = (!icmp_ln121 & icmp_ln122 & empty_66 != 0 & empty_66 != 1 & empty_66 == 2)> <Delay = 3.25> <CoreInst = "RAM">   --->   Core 82 'RAM' <Latency = 1> <II = 1> <Delay = 3.25> <Storage> <Opcode : 'load' 'store'> <Ports = 2> <Width = 16> <Depth = 64> <RAM>
ST_4 : Operation 284 [1/2] (3.25ns)   --->   "%K_V_3_load_18 = load i6 %K_V_3_addr_21" [src/imgds_linear_dense_q16.cpp:121]   --->   Operation 284 'load' 'K_V_3_load_18' <Predicate = (!icmp_ln121 & icmp_ln122 & empty_66 != 0 & empty_66 != 1 & empty_66 != 2 & empty_66 == 3)> <Delay = 3.25> <CoreInst = "RAM">   --->   Core 82 'RAM' <Latency = 1> <II = 1> <Delay = 3.25> <Storage> <Opcode : 'load' 'store'> <Ports = 2> <Width = 16> <Depth = 64> <RAM>
ST_4 : Operation 285 [1/1] (1.82ns)   --->   "%r_V_875_mid1 = mux i16 @_ssdm_op_Mux.ap_auto.4i16.i2, i16 %K_V_load_18, i16 %K_V_1_load_18, i16 %K_V_2_load_18, i16 %K_V_3_load_18, i2 %empty_66" [src/imgds_linear_dense_q16.cpp:121]   --->   Operation 285 'mux' 'r_V_875_mid1' <Predicate = (!icmp_ln121 & icmp_ln122)> <Delay = 1.82> <CoreInst = "Multiplexer">   --->   Core 76 'Multiplexer' <Latency = 0> <II = 1> <Delay = 1.82> <FuncUnit> <Opcode : 'mux'> <InPorts = 2> <OutPorts = 1>
ST_4 : Operation 286 [1/1] (0.80ns)   --->   "%select_ln121_4 = select i1 %icmp_ln122, i16 %r_V_875_mid1, i16 %r_V_6" [src/imgds_linear_dense_q16.cpp:121]   --->   Operation 286 'select' 'select_ln121_4' <Predicate = (!icmp_ln121)> <Delay = 0.80> <CoreInst = "Sel">   --->   Core 73 'Sel' <Latency = 0> <II = 1> <Delay = 0.80> <FuncUnit> <Opcode : 'select'> <InPorts = 3> <OutPorts = 1>
ST_4 : Operation 287 [1/2] (3.25ns)   --->   "%K_V_load_19 = load i6 %K_V_addr_22" [src/imgds_linear_dense_q16.cpp:121]   --->   Operation 287 'load' 'K_V_load_19' <Predicate = (!icmp_ln121 & icmp_ln122 & empty_66 == 0)> <Delay = 3.25> <CoreInst = "RAM">   --->   Core 82 'RAM' <Latency = 1> <II = 1> <Delay = 3.25> <Storage> <Opcode : 'load' 'store'> <Ports = 2> <Width = 16> <Depth = 64> <RAM>
ST_4 : Operation 288 [1/2] (3.25ns)   --->   "%K_V_1_load_19 = load i6 %K_V_1_addr_22" [src/imgds_linear_dense_q16.cpp:121]   --->   Operation 288 'load' 'K_V_1_load_19' <Predicate = (!icmp_ln121 & icmp_ln122 & empty_66 != 0 & empty_66 == 1)> <Delay = 3.25> <CoreInst = "RAM">   --->   Core 82 'RAM' <Latency = 1> <II = 1> <Delay = 3.25> <Storage> <Opcode : 'load' 'store'> <Ports = 2> <Width = 16> <Depth = 64> <RAM>
ST_4 : Operation 289 [1/2] (3.25ns)   --->   "%K_V_2_load_19 = load i6 %K_V_2_addr_22" [src/imgds_linear_dense_q16.cpp:121]   --->   Operation 289 'load' 'K_V_2_load_19' <Predicate = (!icmp_ln121 & icmp_ln122 & empty_66 != 0 & empty_66 != 1 & empty_66 == 2)> <Delay = 3.25> <CoreInst = "RAM">   --->   Core 82 'RAM' <Latency = 1> <II = 1> <Delay = 3.25> <Storage> <Opcode : 'load' 'store'> <Ports = 2> <Width = 16> <Depth = 64> <RAM>
ST_4 : Operation 290 [1/2] (3.25ns)   --->   "%K_V_3_load_19 = load i6 %K_V_3_addr_22" [src/imgds_linear_dense_q16.cpp:121]   --->   Operation 290 'load' 'K_V_3_load_19' <Predicate = (!icmp_ln121 & icmp_ln122 & empty_66 != 0 & empty_66 != 1 & empty_66 != 2 & empty_66 == 3)> <Delay = 3.25> <CoreInst = "RAM">   --->   Core 82 'RAM' <Latency = 1> <II = 1> <Delay = 3.25> <Storage> <Opcode : 'load' 'store'> <Ports = 2> <Width = 16> <Depth = 64> <RAM>
ST_4 : Operation 291 [1/1] (1.82ns)   --->   "%r_V_876_mid1 = mux i16 @_ssdm_op_Mux.ap_auto.4i16.i2, i16 %K_V_load_19, i16 %K_V_1_load_19, i16 %K_V_2_load_19, i16 %K_V_3_load_19, i2 %empty_66" [src/imgds_linear_dense_q16.cpp:121]   --->   Operation 291 'mux' 'r_V_876_mid1' <Predicate = (!icmp_ln121 & icmp_ln122)> <Delay = 1.82> <CoreInst = "Multiplexer">   --->   Core 76 'Multiplexer' <Latency = 0> <II = 1> <Delay = 1.82> <FuncUnit> <Opcode : 'mux'> <InPorts = 2> <OutPorts = 1>
ST_4 : Operation 292 [1/1] (0.80ns)   --->   "%select_ln121_5 = select i1 %icmp_ln122, i16 %r_V_876_mid1, i16 %r_V_8" [src/imgds_linear_dense_q16.cpp:121]   --->   Operation 292 'select' 'select_ln121_5' <Predicate = (!icmp_ln121)> <Delay = 0.80> <CoreInst = "Sel">   --->   Core 73 'Sel' <Latency = 0> <II = 1> <Delay = 0.80> <FuncUnit> <Opcode : 'select'> <InPorts = 3> <OutPorts = 1>
ST_4 : Operation 293 [2/2] (3.25ns)   --->   "%K_V_load_20 = load i6 %K_V_addr_23" [src/imgds_linear_dense_q16.cpp:121]   --->   Operation 293 'load' 'K_V_load_20' <Predicate = (!icmp_ln121 & icmp_ln122 & empty_66 == 0)> <Delay = 3.25> <CoreInst = "RAM">   --->   Core 82 'RAM' <Latency = 1> <II = 1> <Delay = 3.25> <Storage> <Opcode : 'load' 'store'> <Ports = 2> <Width = 16> <Depth = 64> <RAM>
ST_4 : Operation 294 [2/2] (3.25ns)   --->   "%K_V_1_load_20 = load i6 %K_V_1_addr_23" [src/imgds_linear_dense_q16.cpp:121]   --->   Operation 294 'load' 'K_V_1_load_20' <Predicate = (!icmp_ln121 & icmp_ln122 & empty_66 != 0 & empty_66 == 1)> <Delay = 3.25> <CoreInst = "RAM">   --->   Core 82 'RAM' <Latency = 1> <II = 1> <Delay = 3.25> <Storage> <Opcode : 'load' 'store'> <Ports = 2> <Width = 16> <Depth = 64> <RAM>
ST_4 : Operation 295 [2/2] (3.25ns)   --->   "%K_V_2_load_20 = load i6 %K_V_2_addr_23" [src/imgds_linear_dense_q16.cpp:121]   --->   Operation 295 'load' 'K_V_2_load_20' <Predicate = (!icmp_ln121 & icmp_ln122 & empty_66 != 0 & empty_66 != 1 & empty_66 == 2)> <Delay = 3.25> <CoreInst = "RAM">   --->   Core 82 'RAM' <Latency = 1> <II = 1> <Delay = 3.25> <Storage> <Opcode : 'load' 'store'> <Ports = 2> <Width = 16> <Depth = 64> <RAM>
ST_4 : Operation 296 [2/2] (3.25ns)   --->   "%K_V_3_load_20 = load i6 %K_V_3_addr_23" [src/imgds_linear_dense_q16.cpp:121]   --->   Operation 296 'load' 'K_V_3_load_20' <Predicate = (!icmp_ln121 & icmp_ln122 & empty_66 != 0 & empty_66 != 1 & empty_66 != 2 & empty_66 == 3)> <Delay = 3.25> <CoreInst = "RAM">   --->   Core 82 'RAM' <Latency = 1> <II = 1> <Delay = 3.25> <Storage> <Opcode : 'load' 'store'> <Ports = 2> <Width = 16> <Depth = 64> <RAM>
ST_4 : Operation 297 [2/2] (3.25ns)   --->   "%K_V_load_21 = load i6 %K_V_addr_24" [src/imgds_linear_dense_q16.cpp:121]   --->   Operation 297 'load' 'K_V_load_21' <Predicate = (!icmp_ln121 & icmp_ln122 & empty_66 == 0)> <Delay = 3.25> <CoreInst = "RAM">   --->   Core 82 'RAM' <Latency = 1> <II = 1> <Delay = 3.25> <Storage> <Opcode : 'load' 'store'> <Ports = 2> <Width = 16> <Depth = 64> <RAM>
ST_4 : Operation 298 [2/2] (3.25ns)   --->   "%K_V_1_load_21 = load i6 %K_V_1_addr_24" [src/imgds_linear_dense_q16.cpp:121]   --->   Operation 298 'load' 'K_V_1_load_21' <Predicate = (!icmp_ln121 & icmp_ln122 & empty_66 != 0 & empty_66 == 1)> <Delay = 3.25> <CoreInst = "RAM">   --->   Core 82 'RAM' <Latency = 1> <II = 1> <Delay = 3.25> <Storage> <Opcode : 'load' 'store'> <Ports = 2> <Width = 16> <Depth = 64> <RAM>
ST_4 : Operation 299 [2/2] (3.25ns)   --->   "%K_V_2_load_21 = load i6 %K_V_2_addr_24" [src/imgds_linear_dense_q16.cpp:121]   --->   Operation 299 'load' 'K_V_2_load_21' <Predicate = (!icmp_ln121 & icmp_ln122 & empty_66 != 0 & empty_66 != 1 & empty_66 == 2)> <Delay = 3.25> <CoreInst = "RAM">   --->   Core 82 'RAM' <Latency = 1> <II = 1> <Delay = 3.25> <Storage> <Opcode : 'load' 'store'> <Ports = 2> <Width = 16> <Depth = 64> <RAM>
ST_4 : Operation 300 [2/2] (3.25ns)   --->   "%K_V_3_load_21 = load i6 %K_V_3_addr_24" [src/imgds_linear_dense_q16.cpp:121]   --->   Operation 300 'load' 'K_V_3_load_21' <Predicate = (!icmp_ln121 & icmp_ln122 & empty_66 != 0 & empty_66 != 1 & empty_66 != 2 & empty_66 == 3)> <Delay = 3.25> <CoreInst = "RAM">   --->   Core 82 'RAM' <Latency = 1> <II = 1> <Delay = 3.25> <Storage> <Opcode : 'load' 'store'> <Ports = 2> <Width = 16> <Depth = 64> <RAM>
ST_4 : Operation 301 [1/1] (0.00ns)   --->   "%sext_ln1273_103 = sext i4 %tmp_858_cast"   --->   Operation 301 'sext' 'sext_ln1273_103' <Predicate = (!icmp_ln121)> <Delay = 0.00>
ST_4 : Operation 302 [1/1] (0.00ns)   --->   "%zext_ln1273_7 = zext i5 %sext_ln1273_103"   --->   Operation 302 'zext' 'zext_ln1273_7' <Predicate = (!icmp_ln121)> <Delay = 0.00>
ST_4 : Operation 303 [1/1] (0.00ns)   --->   "%V_V_addr_6 = getelementptr i16 %V_V, i64 0, i64 %zext_ln1273_7"   --->   Operation 303 'getelementptr' 'V_V_addr_6' <Predicate = (!icmp_ln121)> <Delay = 0.00>
ST_4 : Operation 304 [1/1] (0.00ns)   --->   "%sext_ln1273_104 = sext i3 %tmp_857_cast"   --->   Operation 304 'sext' 'sext_ln1273_104' <Predicate = (!icmp_ln121)> <Delay = 0.00>
ST_4 : Operation 305 [1/1] (0.00ns)   --->   "%zext_ln1273_8 = zext i5 %sext_ln1273_104"   --->   Operation 305 'zext' 'zext_ln1273_8' <Predicate = (!icmp_ln121)> <Delay = 0.00>
ST_4 : Operation 306 [1/1] (0.00ns)   --->   "%V_V_addr_7 = getelementptr i16 %V_V, i64 0, i64 %zext_ln1273_8"   --->   Operation 306 'getelementptr' 'V_V_addr_7' <Predicate = (!icmp_ln121)> <Delay = 0.00>
ST_4 : Operation 307 [1/1] (0.00ns)   --->   "%V_V_1_addr_6 = getelementptr i16 %V_V_1, i64 0, i64 %zext_ln1273_7"   --->   Operation 307 'getelementptr' 'V_V_1_addr_6' <Predicate = (!icmp_ln121)> <Delay = 0.00>
ST_4 : Operation 308 [1/1] (0.00ns)   --->   "%V_V_1_addr_7 = getelementptr i16 %V_V_1, i64 0, i64 %zext_ln1273_8"   --->   Operation 308 'getelementptr' 'V_V_1_addr_7' <Predicate = (!icmp_ln121)> <Delay = 0.00>
ST_4 : Operation 309 [1/1] (0.00ns)   --->   "%V_V_2_addr_6 = getelementptr i16 %V_V_2, i64 0, i64 %zext_ln1273_7"   --->   Operation 309 'getelementptr' 'V_V_2_addr_6' <Predicate = (!icmp_ln121)> <Delay = 0.00>
ST_4 : Operation 310 [1/1] (0.00ns)   --->   "%V_V_2_addr_7 = getelementptr i16 %V_V_2, i64 0, i64 %zext_ln1273_8"   --->   Operation 310 'getelementptr' 'V_V_2_addr_7' <Predicate = (!icmp_ln121)> <Delay = 0.00>
ST_4 : Operation 311 [1/1] (0.00ns)   --->   "%V_V_3_addr_6 = getelementptr i16 %V_V_3, i64 0, i64 %zext_ln1273_7"   --->   Operation 311 'getelementptr' 'V_V_3_addr_6' <Predicate = (!icmp_ln121)> <Delay = 0.00>
ST_4 : Operation 312 [1/1] (0.00ns)   --->   "%V_V_3_addr_7 = getelementptr i16 %V_V_3, i64 0, i64 %zext_ln1273_8"   --->   Operation 312 'getelementptr' 'V_V_3_addr_7' <Predicate = (!icmp_ln121)> <Delay = 0.00>
ST_4 : Operation 313 [1/1] (0.00ns)   --->   "%sext_ln1270 = sext i16 %tmp_16"   --->   Operation 313 'sext' 'sext_ln1270' <Predicate = (!icmp_ln121)> <Delay = 0.00>
ST_4 : Operation 314 [4/4] (2.15ns) (root node of the DSP)   --->   "%mul_ln1270_2 = mul i26 %sext_ln1270, i26 %sext_ln121"   --->   Operation 314 'mul' 'mul_ln1270_2' <Predicate = (!icmp_ln121)> <Delay = 2.15> <CoreInst = "DSP48">   --->   Core 119 'DSP48' <Latency = 3> <II = 1> <Delay = 2.15> <IPBlock> <Opcode : 'mul' 'add' 'sub' 'select'> <InPorts = 0> <OutPorts = 1> <Sync> <CReg>
ST_4 : Operation 315 [1/2] (3.25ns)   --->   "%V_V_load_4 = load i6 %V_V_addr_4"   --->   Operation 315 'load' 'V_V_load_4' <Predicate = (!icmp_ln121)> <Delay = 3.25> <CoreInst = "RAM">   --->   Core 82 'RAM' <Latency = 1> <II = 1> <Delay = 3.25> <Storage> <Opcode : 'load' 'store'> <Ports = 2> <Width = 16> <Depth = 64> <RAM>
ST_4 : Operation 316 [1/2] (3.25ns)   --->   "%V_V_1_load_4 = load i6 %V_V_1_addr_4"   --->   Operation 316 'load' 'V_V_1_load_4' <Predicate = (!icmp_ln121)> <Delay = 3.25> <CoreInst = "RAM">   --->   Core 82 'RAM' <Latency = 1> <II = 1> <Delay = 3.25> <Storage> <Opcode : 'load' 'store'> <Ports = 2> <Width = 16> <Depth = 64> <RAM>
ST_4 : Operation 317 [1/2] (3.25ns)   --->   "%V_V_2_load_4 = load i6 %V_V_2_addr_4"   --->   Operation 317 'load' 'V_V_2_load_4' <Predicate = (!icmp_ln121)> <Delay = 3.25> <CoreInst = "RAM">   --->   Core 82 'RAM' <Latency = 1> <II = 1> <Delay = 3.25> <Storage> <Opcode : 'load' 'store'> <Ports = 2> <Width = 16> <Depth = 64> <RAM>
ST_4 : Operation 318 [1/2] (3.25ns)   --->   "%V_V_3_load_4 = load i6 %V_V_3_addr_4"   --->   Operation 318 'load' 'V_V_3_load_4' <Predicate = (!icmp_ln121)> <Delay = 3.25> <CoreInst = "RAM">   --->   Core 82 'RAM' <Latency = 1> <II = 1> <Delay = 3.25> <Storage> <Opcode : 'load' 'store'> <Ports = 2> <Width = 16> <Depth = 64> <RAM>
ST_4 : Operation 319 [1/1] (1.82ns)   --->   "%tmp_20 = mux i16 @_ssdm_op_Mux.ap_auto.4i16.i2, i16 %V_V_load_4, i16 %V_V_1_load_4, i16 %V_V_2_load_4, i16 %V_V_3_load_4, i2 %trunc_ln1273"   --->   Operation 319 'mux' 'tmp_20' <Predicate = (!icmp_ln121)> <Delay = 1.82> <CoreInst = "Multiplexer">   --->   Core 76 'Multiplexer' <Latency = 0> <II = 1> <Delay = 1.82> <FuncUnit> <Opcode : 'mux'> <InPorts = 2> <OutPorts = 1>
ST_4 : Operation 320 [1/2] (3.25ns)   --->   "%V_V_load_5 = load i6 %V_V_addr_5"   --->   Operation 320 'load' 'V_V_load_5' <Predicate = (!icmp_ln121)> <Delay = 3.25> <CoreInst = "RAM">   --->   Core 82 'RAM' <Latency = 1> <II = 1> <Delay = 3.25> <Storage> <Opcode : 'load' 'store'> <Ports = 2> <Width = 16> <Depth = 64> <RAM>
ST_4 : Operation 321 [1/2] (3.25ns)   --->   "%V_V_1_load_5 = load i6 %V_V_1_addr_5"   --->   Operation 321 'load' 'V_V_1_load_5' <Predicate = (!icmp_ln121)> <Delay = 3.25> <CoreInst = "RAM">   --->   Core 82 'RAM' <Latency = 1> <II = 1> <Delay = 3.25> <Storage> <Opcode : 'load' 'store'> <Ports = 2> <Width = 16> <Depth = 64> <RAM>
ST_4 : Operation 322 [1/2] (3.25ns)   --->   "%V_V_2_load_5 = load i6 %V_V_2_addr_5"   --->   Operation 322 'load' 'V_V_2_load_5' <Predicate = (!icmp_ln121)> <Delay = 3.25> <CoreInst = "RAM">   --->   Core 82 'RAM' <Latency = 1> <II = 1> <Delay = 3.25> <Storage> <Opcode : 'load' 'store'> <Ports = 2> <Width = 16> <Depth = 64> <RAM>
ST_4 : Operation 323 [1/2] (3.25ns)   --->   "%V_V_3_load_5 = load i6 %V_V_3_addr_5"   --->   Operation 323 'load' 'V_V_3_load_5' <Predicate = (!icmp_ln121)> <Delay = 3.25> <CoreInst = "RAM">   --->   Core 82 'RAM' <Latency = 1> <II = 1> <Delay = 3.25> <Storage> <Opcode : 'load' 'store'> <Ports = 2> <Width = 16> <Depth = 64> <RAM>
ST_4 : Operation 324 [1/1] (1.82ns)   --->   "%tmp_21 = mux i16 @_ssdm_op_Mux.ap_auto.4i16.i2, i16 %V_V_load_5, i16 %V_V_1_load_5, i16 %V_V_2_load_5, i16 %V_V_3_load_5, i2 %trunc_ln1273"   --->   Operation 324 'mux' 'tmp_21' <Predicate = (!icmp_ln121)> <Delay = 1.82> <CoreInst = "Multiplexer">   --->   Core 76 'Multiplexer' <Latency = 0> <II = 1> <Delay = 1.82> <FuncUnit> <Opcode : 'mux'> <InPorts = 2> <OutPorts = 1>
ST_4 : Operation 325 [2/2] (3.25ns)   --->   "%V_V_load_6 = load i6 %V_V_addr_6"   --->   Operation 325 'load' 'V_V_load_6' <Predicate = (!icmp_ln121)> <Delay = 3.25> <CoreInst = "RAM">   --->   Core 82 'RAM' <Latency = 1> <II = 1> <Delay = 3.25> <Storage> <Opcode : 'load' 'store'> <Ports = 2> <Width = 16> <Depth = 64> <RAM>
ST_4 : Operation 326 [2/2] (3.25ns)   --->   "%V_V_1_load_6 = load i6 %V_V_1_addr_6"   --->   Operation 326 'load' 'V_V_1_load_6' <Predicate = (!icmp_ln121)> <Delay = 3.25> <CoreInst = "RAM">   --->   Core 82 'RAM' <Latency = 1> <II = 1> <Delay = 3.25> <Storage> <Opcode : 'load' 'store'> <Ports = 2> <Width = 16> <Depth = 64> <RAM>
ST_4 : Operation 327 [2/2] (3.25ns)   --->   "%V_V_2_load_6 = load i6 %V_V_2_addr_6"   --->   Operation 327 'load' 'V_V_2_load_6' <Predicate = (!icmp_ln121)> <Delay = 3.25> <CoreInst = "RAM">   --->   Core 82 'RAM' <Latency = 1> <II = 1> <Delay = 3.25> <Storage> <Opcode : 'load' 'store'> <Ports = 2> <Width = 16> <Depth = 64> <RAM>
ST_4 : Operation 328 [2/2] (3.25ns)   --->   "%V_V_3_load_6 = load i6 %V_V_3_addr_6"   --->   Operation 328 'load' 'V_V_3_load_6' <Predicate = (!icmp_ln121)> <Delay = 3.25> <CoreInst = "RAM">   --->   Core 82 'RAM' <Latency = 1> <II = 1> <Delay = 3.25> <Storage> <Opcode : 'load' 'store'> <Ports = 2> <Width = 16> <Depth = 64> <RAM>
ST_4 : Operation 329 [2/2] (3.25ns)   --->   "%V_V_load_7 = load i6 %V_V_addr_7"   --->   Operation 329 'load' 'V_V_load_7' <Predicate = (!icmp_ln121)> <Delay = 3.25> <CoreInst = "RAM">   --->   Core 82 'RAM' <Latency = 1> <II = 1> <Delay = 3.25> <Storage> <Opcode : 'load' 'store'> <Ports = 2> <Width = 16> <Depth = 64> <RAM>
ST_4 : Operation 330 [2/2] (3.25ns)   --->   "%V_V_1_load_7 = load i6 %V_V_1_addr_7"   --->   Operation 330 'load' 'V_V_1_load_7' <Predicate = (!icmp_ln121)> <Delay = 3.25> <CoreInst = "RAM">   --->   Core 82 'RAM' <Latency = 1> <II = 1> <Delay = 3.25> <Storage> <Opcode : 'load' 'store'> <Ports = 2> <Width = 16> <Depth = 64> <RAM>
ST_4 : Operation 331 [2/2] (3.25ns)   --->   "%V_V_2_load_7 = load i6 %V_V_2_addr_7"   --->   Operation 331 'load' 'V_V_2_load_7' <Predicate = (!icmp_ln121)> <Delay = 3.25> <CoreInst = "RAM">   --->   Core 82 'RAM' <Latency = 1> <II = 1> <Delay = 3.25> <Storage> <Opcode : 'load' 'store'> <Ports = 2> <Width = 16> <Depth = 64> <RAM>
ST_4 : Operation 332 [2/2] (3.25ns)   --->   "%V_V_3_load_7 = load i6 %V_V_3_addr_7"   --->   Operation 332 'load' 'V_V_3_load_7' <Predicate = (!icmp_ln121)> <Delay = 3.25> <CoreInst = "RAM">   --->   Core 82 'RAM' <Latency = 1> <II = 1> <Delay = 3.25> <Storage> <Opcode : 'load' 'store'> <Ports = 2> <Width = 16> <Depth = 64> <RAM>

State 5 <SV = 4> <Delay = 5.88>
ST_5 : Operation 333 [1/1] (0.00ns)   --->   "%tmp_832_cast = sext i4 %tmp_828_cast"   --->   Operation 333 'sext' 'tmp_832_cast' <Predicate = (!icmp_ln122)> <Delay = 0.00>
ST_5 : Operation 334 [1/1] (0.00ns)   --->   "%tmp_832_cast_cast = zext i5 %tmp_832_cast"   --->   Operation 334 'zext' 'tmp_832_cast_cast' <Predicate = (!icmp_ln122)> <Delay = 0.00>
ST_5 : Operation 335 [1/1] (0.00ns)   --->   "%K_V_addr_9 = getelementptr i16 %K_V, i64 0, i64 %tmp_832_cast_cast"   --->   Operation 335 'getelementptr' 'K_V_addr_9' <Predicate = (!icmp_ln122)> <Delay = 0.00>
ST_5 : Operation 336 [1/1] (0.00ns)   --->   "%tmp_833_cast = sext i3 %tmp_827_cast"   --->   Operation 336 'sext' 'tmp_833_cast' <Predicate = (!icmp_ln122)> <Delay = 0.00>
ST_5 : Operation 337 [1/1] (0.00ns)   --->   "%tmp_833_cast_cast = zext i5 %tmp_833_cast"   --->   Operation 337 'zext' 'tmp_833_cast_cast' <Predicate = (!icmp_ln122)> <Delay = 0.00>
ST_5 : Operation 338 [1/1] (0.00ns)   --->   "%K_V_addr_10 = getelementptr i16 %K_V, i64 0, i64 %tmp_833_cast_cast"   --->   Operation 338 'getelementptr' 'K_V_addr_10' <Predicate = (!icmp_ln122)> <Delay = 0.00>
ST_5 : Operation 339 [1/1] (0.00ns)   --->   "%K_V_1_addr_9 = getelementptr i16 %K_V_1, i64 0, i64 %tmp_832_cast_cast"   --->   Operation 339 'getelementptr' 'K_V_1_addr_9' <Predicate = (!icmp_ln122)> <Delay = 0.00>
ST_5 : Operation 340 [1/1] (0.00ns)   --->   "%K_V_1_addr_10 = getelementptr i16 %K_V_1, i64 0, i64 %tmp_833_cast_cast"   --->   Operation 340 'getelementptr' 'K_V_1_addr_10' <Predicate = (!icmp_ln122)> <Delay = 0.00>
ST_5 : Operation 341 [1/1] (0.00ns)   --->   "%K_V_2_addr_9 = getelementptr i16 %K_V_2, i64 0, i64 %tmp_832_cast_cast"   --->   Operation 341 'getelementptr' 'K_V_2_addr_9' <Predicate = (!icmp_ln122)> <Delay = 0.00>
ST_5 : Operation 342 [1/1] (0.00ns)   --->   "%K_V_2_addr_10 = getelementptr i16 %K_V_2, i64 0, i64 %tmp_833_cast_cast"   --->   Operation 342 'getelementptr' 'K_V_2_addr_10' <Predicate = (!icmp_ln122)> <Delay = 0.00>
ST_5 : Operation 343 [1/1] (0.00ns)   --->   "%K_V_3_addr_9 = getelementptr i16 %K_V_3, i64 0, i64 %tmp_832_cast_cast"   --->   Operation 343 'getelementptr' 'K_V_3_addr_9' <Predicate = (!icmp_ln122)> <Delay = 0.00>
ST_5 : Operation 344 [1/1] (0.00ns)   --->   "%K_V_3_addr_10 = getelementptr i16 %K_V_3, i64 0, i64 %tmp_833_cast_cast"   --->   Operation 344 'getelementptr' 'K_V_3_addr_10' <Predicate = (!icmp_ln122)> <Delay = 0.00>
ST_5 : Operation 345 [1/2] (3.25ns)   --->   "%K_V_load_4 = load i6 %K_V_addr_7"   --->   Operation 345 'load' 'K_V_load_4' <Predicate = (!icmp_ln121 & !icmp_ln122 & empty == 0)> <Delay = 3.25> <CoreInst = "RAM">   --->   Core 82 'RAM' <Latency = 1> <II = 1> <Delay = 3.25> <Storage> <Opcode : 'load' 'store'> <Ports = 2> <Width = 16> <Depth = 64> <RAM>
ST_5 : Operation 346 [1/2] (3.25ns)   --->   "%K_V_1_load_4 = load i6 %K_V_1_addr_7"   --->   Operation 346 'load' 'K_V_1_load_4' <Predicate = (!icmp_ln121 & !icmp_ln122 & empty != 0 & empty == 1)> <Delay = 3.25> <CoreInst = "RAM">   --->   Core 82 'RAM' <Latency = 1> <II = 1> <Delay = 3.25> <Storage> <Opcode : 'load' 'store'> <Ports = 2> <Width = 16> <Depth = 64> <RAM>
ST_5 : Operation 347 [1/2] (3.25ns)   --->   "%K_V_2_load_4 = load i6 %K_V_2_addr_7"   --->   Operation 347 'load' 'K_V_2_load_4' <Predicate = (!icmp_ln121 & !icmp_ln122 & empty != 0 & empty != 1 & empty == 2)> <Delay = 3.25> <CoreInst = "RAM">   --->   Core 82 'RAM' <Latency = 1> <II = 1> <Delay = 3.25> <Storage> <Opcode : 'load' 'store'> <Ports = 2> <Width = 16> <Depth = 64> <RAM>
ST_5 : Operation 348 [1/2] (3.25ns)   --->   "%K_V_3_load_4 = load i6 %K_V_3_addr_7"   --->   Operation 348 'load' 'K_V_3_load_4' <Predicate = (!icmp_ln121 & !icmp_ln122 & empty != 0 & empty != 1 & empty != 2 & empty == 3)> <Delay = 3.25> <CoreInst = "RAM">   --->   Core 82 'RAM' <Latency = 1> <II = 1> <Delay = 3.25> <Storage> <Opcode : 'load' 'store'> <Ports = 2> <Width = 16> <Depth = 64> <RAM>
ST_5 : Operation 349 [1/1] (1.82ns)   --->   "%r_V_9 = mux i16 @_ssdm_op_Mux.ap_auto.4i16.i2, i16 %K_V_load_4, i16 %K_V_1_load_4, i16 %K_V_2_load_4, i16 %K_V_3_load_4, i2 %empty"   --->   Operation 349 'mux' 'r_V_9' <Predicate = (!icmp_ln122)> <Delay = 1.82> <CoreInst = "Multiplexer">   --->   Core 76 'Multiplexer' <Latency = 0> <II = 1> <Delay = 1.82> <FuncUnit> <Opcode : 'mux'> <InPorts = 2> <OutPorts = 1>
ST_5 : Operation 350 [1/2] (3.25ns)   --->   "%K_V_load_5 = load i6 %K_V_addr_8"   --->   Operation 350 'load' 'K_V_load_5' <Predicate = (!icmp_ln121 & !icmp_ln122 & empty == 0)> <Delay = 3.25> <CoreInst = "RAM">   --->   Core 82 'RAM' <Latency = 1> <II = 1> <Delay = 3.25> <Storage> <Opcode : 'load' 'store'> <Ports = 2> <Width = 16> <Depth = 64> <RAM>
ST_5 : Operation 351 [1/2] (3.25ns)   --->   "%K_V_1_load_5 = load i6 %K_V_1_addr_8"   --->   Operation 351 'load' 'K_V_1_load_5' <Predicate = (!icmp_ln121 & !icmp_ln122 & empty != 0 & empty == 1)> <Delay = 3.25> <CoreInst = "RAM">   --->   Core 82 'RAM' <Latency = 1> <II = 1> <Delay = 3.25> <Storage> <Opcode : 'load' 'store'> <Ports = 2> <Width = 16> <Depth = 64> <RAM>
ST_5 : Operation 352 [1/2] (3.25ns)   --->   "%K_V_2_load_5 = load i6 %K_V_2_addr_8"   --->   Operation 352 'load' 'K_V_2_load_5' <Predicate = (!icmp_ln121 & !icmp_ln122 & empty != 0 & empty != 1 & empty == 2)> <Delay = 3.25> <CoreInst = "RAM">   --->   Core 82 'RAM' <Latency = 1> <II = 1> <Delay = 3.25> <Storage> <Opcode : 'load' 'store'> <Ports = 2> <Width = 16> <Depth = 64> <RAM>
ST_5 : Operation 353 [1/2] (3.25ns)   --->   "%K_V_3_load_5 = load i6 %K_V_3_addr_8"   --->   Operation 353 'load' 'K_V_3_load_5' <Predicate = (!icmp_ln121 & !icmp_ln122 & empty != 0 & empty != 1 & empty != 2 & empty == 3)> <Delay = 3.25> <CoreInst = "RAM">   --->   Core 82 'RAM' <Latency = 1> <II = 1> <Delay = 3.25> <Storage> <Opcode : 'load' 'store'> <Ports = 2> <Width = 16> <Depth = 64> <RAM>
ST_5 : Operation 354 [1/1] (1.82ns)   --->   "%r_V_10 = mux i16 @_ssdm_op_Mux.ap_auto.4i16.i2, i16 %K_V_load_5, i16 %K_V_1_load_5, i16 %K_V_2_load_5, i16 %K_V_3_load_5, i2 %empty"   --->   Operation 354 'mux' 'r_V_10' <Predicate = (!icmp_ln122)> <Delay = 1.82> <CoreInst = "Multiplexer">   --->   Core 76 'Multiplexer' <Latency = 0> <II = 1> <Delay = 1.82> <FuncUnit> <Opcode : 'mux'> <InPorts = 2> <OutPorts = 1>
ST_5 : Operation 355 [2/2] (3.25ns)   --->   "%K_V_load_6 = load i6 %K_V_addr_9"   --->   Operation 355 'load' 'K_V_load_6' <Predicate = (!icmp_ln121 & !icmp_ln122 & empty == 0)> <Delay = 3.25> <CoreInst = "RAM">   --->   Core 82 'RAM' <Latency = 1> <II = 1> <Delay = 3.25> <Storage> <Opcode : 'load' 'store'> <Ports = 2> <Width = 16> <Depth = 64> <RAM>
ST_5 : Operation 356 [2/2] (3.25ns)   --->   "%K_V_1_load_6 = load i6 %K_V_1_addr_9"   --->   Operation 356 'load' 'K_V_1_load_6' <Predicate = (!icmp_ln121 & !icmp_ln122 & empty != 0 & empty == 1)> <Delay = 3.25> <CoreInst = "RAM">   --->   Core 82 'RAM' <Latency = 1> <II = 1> <Delay = 3.25> <Storage> <Opcode : 'load' 'store'> <Ports = 2> <Width = 16> <Depth = 64> <RAM>
ST_5 : Operation 357 [2/2] (3.25ns)   --->   "%K_V_2_load_6 = load i6 %K_V_2_addr_9"   --->   Operation 357 'load' 'K_V_2_load_6' <Predicate = (!icmp_ln121 & !icmp_ln122 & empty != 0 & empty != 1 & empty == 2)> <Delay = 3.25> <CoreInst = "RAM">   --->   Core 82 'RAM' <Latency = 1> <II = 1> <Delay = 3.25> <Storage> <Opcode : 'load' 'store'> <Ports = 2> <Width = 16> <Depth = 64> <RAM>
ST_5 : Operation 358 [2/2] (3.25ns)   --->   "%K_V_3_load_6 = load i6 %K_V_3_addr_9"   --->   Operation 358 'load' 'K_V_3_load_6' <Predicate = (!icmp_ln121 & !icmp_ln122 & empty != 0 & empty != 1 & empty != 2 & empty == 3)> <Delay = 3.25> <CoreInst = "RAM">   --->   Core 82 'RAM' <Latency = 1> <II = 1> <Delay = 3.25> <Storage> <Opcode : 'load' 'store'> <Ports = 2> <Width = 16> <Depth = 64> <RAM>
ST_5 : Operation 359 [2/2] (3.25ns)   --->   "%K_V_load_7 = load i6 %K_V_addr_10"   --->   Operation 359 'load' 'K_V_load_7' <Predicate = (!icmp_ln121 & !icmp_ln122 & empty == 0)> <Delay = 3.25> <CoreInst = "RAM">   --->   Core 82 'RAM' <Latency = 1> <II = 1> <Delay = 3.25> <Storage> <Opcode : 'load' 'store'> <Ports = 2> <Width = 16> <Depth = 64> <RAM>
ST_5 : Operation 360 [2/2] (3.25ns)   --->   "%K_V_1_load_7 = load i6 %K_V_1_addr_10"   --->   Operation 360 'load' 'K_V_1_load_7' <Predicate = (!icmp_ln121 & !icmp_ln122 & empty != 0 & empty == 1)> <Delay = 3.25> <CoreInst = "RAM">   --->   Core 82 'RAM' <Latency = 1> <II = 1> <Delay = 3.25> <Storage> <Opcode : 'load' 'store'> <Ports = 2> <Width = 16> <Depth = 64> <RAM>
ST_5 : Operation 361 [2/2] (3.25ns)   --->   "%K_V_2_load_7 = load i6 %K_V_2_addr_10"   --->   Operation 361 'load' 'K_V_2_load_7' <Predicate = (!icmp_ln121 & !icmp_ln122 & empty != 0 & empty != 1 & empty == 2)> <Delay = 3.25> <CoreInst = "RAM">   --->   Core 82 'RAM' <Latency = 1> <II = 1> <Delay = 3.25> <Storage> <Opcode : 'load' 'store'> <Ports = 2> <Width = 16> <Depth = 64> <RAM>
ST_5 : Operation 362 [2/2] (3.25ns)   --->   "%K_V_3_load_7 = load i6 %K_V_3_addr_10"   --->   Operation 362 'load' 'K_V_3_load_7' <Predicate = (!icmp_ln121 & !icmp_ln122 & empty != 0 & empty != 1 & empty != 2 & empty == 3)> <Delay = 3.25> <CoreInst = "RAM">   --->   Core 82 'RAM' <Latency = 1> <II = 1> <Delay = 3.25> <Storage> <Opcode : 'load' 'store'> <Ports = 2> <Width = 16> <Depth = 64> <RAM>
ST_5 : Operation 363 [1/1] (0.00ns)   --->   "%tmp_847_cast = sext i4 %tmp_843_cast" [src/imgds_linear_dense_q16.cpp:121]   --->   Operation 363 'sext' 'tmp_847_cast' <Predicate = (!icmp_ln121 & icmp_ln122)> <Delay = 0.00>
ST_5 : Operation 364 [1/1] (0.00ns)   --->   "%tmp_847_cast_cast = zext i5 %tmp_847_cast" [src/imgds_linear_dense_q16.cpp:121]   --->   Operation 364 'zext' 'tmp_847_cast_cast' <Predicate = (!icmp_ln121 & icmp_ln122)> <Delay = 0.00>
ST_5 : Operation 365 [1/1] (0.00ns)   --->   "%K_V_addr_25 = getelementptr i16 %K_V, i64 0, i64 %tmp_847_cast_cast" [src/imgds_linear_dense_q16.cpp:121]   --->   Operation 365 'getelementptr' 'K_V_addr_25' <Predicate = (!icmp_ln121 & icmp_ln122)> <Delay = 0.00>
ST_5 : Operation 366 [1/1] (0.00ns)   --->   "%tmp_848_cast = sext i3 %tmp_842_cast" [src/imgds_linear_dense_q16.cpp:121]   --->   Operation 366 'sext' 'tmp_848_cast' <Predicate = (!icmp_ln121 & icmp_ln122)> <Delay = 0.00>
ST_5 : Operation 367 [1/1] (0.00ns)   --->   "%tmp_848_cast_cast = zext i5 %tmp_848_cast" [src/imgds_linear_dense_q16.cpp:121]   --->   Operation 367 'zext' 'tmp_848_cast_cast' <Predicate = (!icmp_ln121 & icmp_ln122)> <Delay = 0.00>
ST_5 : Operation 368 [1/1] (0.00ns)   --->   "%K_V_addr_26 = getelementptr i16 %K_V, i64 0, i64 %tmp_848_cast_cast" [src/imgds_linear_dense_q16.cpp:121]   --->   Operation 368 'getelementptr' 'K_V_addr_26' <Predicate = (!icmp_ln121 & icmp_ln122)> <Delay = 0.00>
ST_5 : Operation 369 [1/1] (0.00ns)   --->   "%K_V_1_addr_25 = getelementptr i16 %K_V_1, i64 0, i64 %tmp_847_cast_cast" [src/imgds_linear_dense_q16.cpp:121]   --->   Operation 369 'getelementptr' 'K_V_1_addr_25' <Predicate = (!icmp_ln121 & icmp_ln122)> <Delay = 0.00>
ST_5 : Operation 370 [1/1] (0.00ns)   --->   "%K_V_1_addr_26 = getelementptr i16 %K_V_1, i64 0, i64 %tmp_848_cast_cast" [src/imgds_linear_dense_q16.cpp:121]   --->   Operation 370 'getelementptr' 'K_V_1_addr_26' <Predicate = (!icmp_ln121 & icmp_ln122)> <Delay = 0.00>
ST_5 : Operation 371 [1/1] (0.00ns)   --->   "%K_V_2_addr_25 = getelementptr i16 %K_V_2, i64 0, i64 %tmp_847_cast_cast" [src/imgds_linear_dense_q16.cpp:121]   --->   Operation 371 'getelementptr' 'K_V_2_addr_25' <Predicate = (!icmp_ln121 & icmp_ln122)> <Delay = 0.00>
ST_5 : Operation 372 [1/1] (0.00ns)   --->   "%K_V_2_addr_26 = getelementptr i16 %K_V_2, i64 0, i64 %tmp_848_cast_cast" [src/imgds_linear_dense_q16.cpp:121]   --->   Operation 372 'getelementptr' 'K_V_2_addr_26' <Predicate = (!icmp_ln121 & icmp_ln122)> <Delay = 0.00>
ST_5 : Operation 373 [1/1] (0.00ns)   --->   "%K_V_3_addr_25 = getelementptr i16 %K_V_3, i64 0, i64 %tmp_847_cast_cast" [src/imgds_linear_dense_q16.cpp:121]   --->   Operation 373 'getelementptr' 'K_V_3_addr_25' <Predicate = (!icmp_ln121 & icmp_ln122)> <Delay = 0.00>
ST_5 : Operation 374 [1/1] (0.00ns)   --->   "%K_V_3_addr_26 = getelementptr i16 %K_V_3, i64 0, i64 %tmp_848_cast_cast" [src/imgds_linear_dense_q16.cpp:121]   --->   Operation 374 'getelementptr' 'K_V_3_addr_26' <Predicate = (!icmp_ln121 & icmp_ln122)> <Delay = 0.00>
ST_5 : Operation 375 [1/1] (0.00ns)   --->   "%sext_ln121_1 = sext i16 %select_ln121_3" [src/imgds_linear_dense_q16.cpp:121]   --->   Operation 375 'sext' 'sext_ln121_1' <Predicate = (!icmp_ln121)> <Delay = 0.00>
ST_5 : Operation 376 [1/2] (3.25ns)   --->   "%K_V_load_20 = load i6 %K_V_addr_23" [src/imgds_linear_dense_q16.cpp:121]   --->   Operation 376 'load' 'K_V_load_20' <Predicate = (!icmp_ln121 & icmp_ln122 & empty_66 == 0)> <Delay = 3.25> <CoreInst = "RAM">   --->   Core 82 'RAM' <Latency = 1> <II = 1> <Delay = 3.25> <Storage> <Opcode : 'load' 'store'> <Ports = 2> <Width = 16> <Depth = 64> <RAM>
ST_5 : Operation 377 [1/2] (3.25ns)   --->   "%K_V_1_load_20 = load i6 %K_V_1_addr_23" [src/imgds_linear_dense_q16.cpp:121]   --->   Operation 377 'load' 'K_V_1_load_20' <Predicate = (!icmp_ln121 & icmp_ln122 & empty_66 != 0 & empty_66 == 1)> <Delay = 3.25> <CoreInst = "RAM">   --->   Core 82 'RAM' <Latency = 1> <II = 1> <Delay = 3.25> <Storage> <Opcode : 'load' 'store'> <Ports = 2> <Width = 16> <Depth = 64> <RAM>
ST_5 : Operation 378 [1/2] (3.25ns)   --->   "%K_V_2_load_20 = load i6 %K_V_2_addr_23" [src/imgds_linear_dense_q16.cpp:121]   --->   Operation 378 'load' 'K_V_2_load_20' <Predicate = (!icmp_ln121 & icmp_ln122 & empty_66 != 0 & empty_66 != 1 & empty_66 == 2)> <Delay = 3.25> <CoreInst = "RAM">   --->   Core 82 'RAM' <Latency = 1> <II = 1> <Delay = 3.25> <Storage> <Opcode : 'load' 'store'> <Ports = 2> <Width = 16> <Depth = 64> <RAM>
ST_5 : Operation 379 [1/2] (3.25ns)   --->   "%K_V_3_load_20 = load i6 %K_V_3_addr_23" [src/imgds_linear_dense_q16.cpp:121]   --->   Operation 379 'load' 'K_V_3_load_20' <Predicate = (!icmp_ln121 & icmp_ln122 & empty_66 != 0 & empty_66 != 1 & empty_66 != 2 & empty_66 == 3)> <Delay = 3.25> <CoreInst = "RAM">   --->   Core 82 'RAM' <Latency = 1> <II = 1> <Delay = 3.25> <Storage> <Opcode : 'load' 'store'> <Ports = 2> <Width = 16> <Depth = 64> <RAM>
ST_5 : Operation 380 [1/1] (1.82ns)   --->   "%r_V_877_mid1 = mux i16 @_ssdm_op_Mux.ap_auto.4i16.i2, i16 %K_V_load_20, i16 %K_V_1_load_20, i16 %K_V_2_load_20, i16 %K_V_3_load_20, i2 %empty_66" [src/imgds_linear_dense_q16.cpp:121]   --->   Operation 380 'mux' 'r_V_877_mid1' <Predicate = (!icmp_ln121 & icmp_ln122)> <Delay = 1.82> <CoreInst = "Multiplexer">   --->   Core 76 'Multiplexer' <Latency = 0> <II = 1> <Delay = 1.82> <FuncUnit> <Opcode : 'mux'> <InPorts = 2> <OutPorts = 1>
ST_5 : Operation 381 [1/1] (0.80ns)   --->   "%select_ln121_6 = select i1 %icmp_ln122, i16 %r_V_877_mid1, i16 %r_V_9" [src/imgds_linear_dense_q16.cpp:121]   --->   Operation 381 'select' 'select_ln121_6' <Predicate = (!icmp_ln121)> <Delay = 0.80> <CoreInst = "Sel">   --->   Core 73 'Sel' <Latency = 0> <II = 1> <Delay = 0.80> <FuncUnit> <Opcode : 'select'> <InPorts = 3> <OutPorts = 1>
ST_5 : Operation 382 [1/2] (3.25ns)   --->   "%K_V_load_21 = load i6 %K_V_addr_24" [src/imgds_linear_dense_q16.cpp:121]   --->   Operation 382 'load' 'K_V_load_21' <Predicate = (!icmp_ln121 & icmp_ln122 & empty_66 == 0)> <Delay = 3.25> <CoreInst = "RAM">   --->   Core 82 'RAM' <Latency = 1> <II = 1> <Delay = 3.25> <Storage> <Opcode : 'load' 'store'> <Ports = 2> <Width = 16> <Depth = 64> <RAM>
ST_5 : Operation 383 [1/2] (3.25ns)   --->   "%K_V_1_load_21 = load i6 %K_V_1_addr_24" [src/imgds_linear_dense_q16.cpp:121]   --->   Operation 383 'load' 'K_V_1_load_21' <Predicate = (!icmp_ln121 & icmp_ln122 & empty_66 != 0 & empty_66 == 1)> <Delay = 3.25> <CoreInst = "RAM">   --->   Core 82 'RAM' <Latency = 1> <II = 1> <Delay = 3.25> <Storage> <Opcode : 'load' 'store'> <Ports = 2> <Width = 16> <Depth = 64> <RAM>
ST_5 : Operation 384 [1/2] (3.25ns)   --->   "%K_V_2_load_21 = load i6 %K_V_2_addr_24" [src/imgds_linear_dense_q16.cpp:121]   --->   Operation 384 'load' 'K_V_2_load_21' <Predicate = (!icmp_ln121 & icmp_ln122 & empty_66 != 0 & empty_66 != 1 & empty_66 == 2)> <Delay = 3.25> <CoreInst = "RAM">   --->   Core 82 'RAM' <Latency = 1> <II = 1> <Delay = 3.25> <Storage> <Opcode : 'load' 'store'> <Ports = 2> <Width = 16> <Depth = 64> <RAM>
ST_5 : Operation 385 [1/2] (3.25ns)   --->   "%K_V_3_load_21 = load i6 %K_V_3_addr_24" [src/imgds_linear_dense_q16.cpp:121]   --->   Operation 385 'load' 'K_V_3_load_21' <Predicate = (!icmp_ln121 & icmp_ln122 & empty_66 != 0 & empty_66 != 1 & empty_66 != 2 & empty_66 == 3)> <Delay = 3.25> <CoreInst = "RAM">   --->   Core 82 'RAM' <Latency = 1> <II = 1> <Delay = 3.25> <Storage> <Opcode : 'load' 'store'> <Ports = 2> <Width = 16> <Depth = 64> <RAM>
ST_5 : Operation 386 [1/1] (1.82ns)   --->   "%r_V_878_mid1 = mux i16 @_ssdm_op_Mux.ap_auto.4i16.i2, i16 %K_V_load_21, i16 %K_V_1_load_21, i16 %K_V_2_load_21, i16 %K_V_3_load_21, i2 %empty_66" [src/imgds_linear_dense_q16.cpp:121]   --->   Operation 386 'mux' 'r_V_878_mid1' <Predicate = (!icmp_ln121 & icmp_ln122)> <Delay = 1.82> <CoreInst = "Multiplexer">   --->   Core 76 'Multiplexer' <Latency = 0> <II = 1> <Delay = 1.82> <FuncUnit> <Opcode : 'mux'> <InPorts = 2> <OutPorts = 1>
ST_5 : Operation 387 [1/1] (0.80ns)   --->   "%select_ln121_7 = select i1 %icmp_ln122, i16 %r_V_878_mid1, i16 %r_V_10" [src/imgds_linear_dense_q16.cpp:121]   --->   Operation 387 'select' 'select_ln121_7' <Predicate = (!icmp_ln121)> <Delay = 0.80> <CoreInst = "Sel">   --->   Core 73 'Sel' <Latency = 0> <II = 1> <Delay = 0.80> <FuncUnit> <Opcode : 'select'> <InPorts = 3> <OutPorts = 1>
ST_5 : Operation 388 [2/2] (3.25ns)   --->   "%K_V_load_22 = load i6 %K_V_addr_25" [src/imgds_linear_dense_q16.cpp:121]   --->   Operation 388 'load' 'K_V_load_22' <Predicate = (!icmp_ln121 & icmp_ln122 & empty_66 == 0)> <Delay = 3.25> <CoreInst = "RAM">   --->   Core 82 'RAM' <Latency = 1> <II = 1> <Delay = 3.25> <Storage> <Opcode : 'load' 'store'> <Ports = 2> <Width = 16> <Depth = 64> <RAM>
ST_5 : Operation 389 [2/2] (3.25ns)   --->   "%K_V_1_load_22 = load i6 %K_V_1_addr_25" [src/imgds_linear_dense_q16.cpp:121]   --->   Operation 389 'load' 'K_V_1_load_22' <Predicate = (!icmp_ln121 & icmp_ln122 & empty_66 != 0 & empty_66 == 1)> <Delay = 3.25> <CoreInst = "RAM">   --->   Core 82 'RAM' <Latency = 1> <II = 1> <Delay = 3.25> <Storage> <Opcode : 'load' 'store'> <Ports = 2> <Width = 16> <Depth = 64> <RAM>
ST_5 : Operation 390 [2/2] (3.25ns)   --->   "%K_V_2_load_22 = load i6 %K_V_2_addr_25" [src/imgds_linear_dense_q16.cpp:121]   --->   Operation 390 'load' 'K_V_2_load_22' <Predicate = (!icmp_ln121 & icmp_ln122 & empty_66 != 0 & empty_66 != 1 & empty_66 == 2)> <Delay = 3.25> <CoreInst = "RAM">   --->   Core 82 'RAM' <Latency = 1> <II = 1> <Delay = 3.25> <Storage> <Opcode : 'load' 'store'> <Ports = 2> <Width = 16> <Depth = 64> <RAM>
ST_5 : Operation 391 [2/2] (3.25ns)   --->   "%K_V_3_load_22 = load i6 %K_V_3_addr_25" [src/imgds_linear_dense_q16.cpp:121]   --->   Operation 391 'load' 'K_V_3_load_22' <Predicate = (!icmp_ln121 & icmp_ln122 & empty_66 != 0 & empty_66 != 1 & empty_66 != 2 & empty_66 == 3)> <Delay = 3.25> <CoreInst = "RAM">   --->   Core 82 'RAM' <Latency = 1> <II = 1> <Delay = 3.25> <Storage> <Opcode : 'load' 'store'> <Ports = 2> <Width = 16> <Depth = 64> <RAM>
ST_5 : Operation 392 [2/2] (3.25ns)   --->   "%K_V_load_23 = load i6 %K_V_addr_26" [src/imgds_linear_dense_q16.cpp:121]   --->   Operation 392 'load' 'K_V_load_23' <Predicate = (!icmp_ln121 & icmp_ln122 & empty_66 == 0)> <Delay = 3.25> <CoreInst = "RAM">   --->   Core 82 'RAM' <Latency = 1> <II = 1> <Delay = 3.25> <Storage> <Opcode : 'load' 'store'> <Ports = 2> <Width = 16> <Depth = 64> <RAM>
ST_5 : Operation 393 [2/2] (3.25ns)   --->   "%K_V_1_load_23 = load i6 %K_V_1_addr_26" [src/imgds_linear_dense_q16.cpp:121]   --->   Operation 393 'load' 'K_V_1_load_23' <Predicate = (!icmp_ln121 & icmp_ln122 & empty_66 != 0 & empty_66 == 1)> <Delay = 3.25> <CoreInst = "RAM">   --->   Core 82 'RAM' <Latency = 1> <II = 1> <Delay = 3.25> <Storage> <Opcode : 'load' 'store'> <Ports = 2> <Width = 16> <Depth = 64> <RAM>
ST_5 : Operation 394 [2/2] (3.25ns)   --->   "%K_V_2_load_23 = load i6 %K_V_2_addr_26" [src/imgds_linear_dense_q16.cpp:121]   --->   Operation 394 'load' 'K_V_2_load_23' <Predicate = (!icmp_ln121 & icmp_ln122 & empty_66 != 0 & empty_66 != 1 & empty_66 == 2)> <Delay = 3.25> <CoreInst = "RAM">   --->   Core 82 'RAM' <Latency = 1> <II = 1> <Delay = 3.25> <Storage> <Opcode : 'load' 'store'> <Ports = 2> <Width = 16> <Depth = 64> <RAM>
ST_5 : Operation 395 [2/2] (3.25ns)   --->   "%K_V_3_load_23 = load i6 %K_V_3_addr_26" [src/imgds_linear_dense_q16.cpp:121]   --->   Operation 395 'load' 'K_V_3_load_23' <Predicate = (!icmp_ln121 & icmp_ln122 & empty_66 != 0 & empty_66 != 1 & empty_66 != 2 & empty_66 == 3)> <Delay = 3.25> <CoreInst = "RAM">   --->   Core 82 'RAM' <Latency = 1> <II = 1> <Delay = 3.25> <Storage> <Opcode : 'load' 'store'> <Ports = 2> <Width = 16> <Depth = 64> <RAM>
ST_5 : Operation 396 [1/1] (0.00ns)   --->   "%tmp_864_cast = bitconcatenate i6 @_ssdm_op_BitConcatenate.i6.i2.i4, i2 2, i4 %zext_ln1273_1"   --->   Operation 396 'bitconcatenate' 'tmp_864_cast' <Predicate = (!icmp_ln121)> <Delay = 0.00>
ST_5 : Operation 397 [1/1] (0.00ns)   --->   "%zext_ln1273_9 = zext i6 %tmp_864_cast"   --->   Operation 397 'zext' 'zext_ln1273_9' <Predicate = (!icmp_ln121)> <Delay = 0.00>
ST_5 : Operation 398 [1/1] (0.00ns)   --->   "%V_V_addr_8 = getelementptr i16 %V_V, i64 0, i64 %zext_ln1273_9"   --->   Operation 398 'getelementptr' 'V_V_addr_8' <Predicate = (!icmp_ln121)> <Delay = 0.00>
ST_5 : Operation 399 [1/1] (0.00ns)   --->   "%tmp_865_cast = bitconcatenate i6 @_ssdm_op_BitConcatenate.i6.i4.i2, i4 9, i2 %lshr_ln"   --->   Operation 399 'bitconcatenate' 'tmp_865_cast' <Predicate = (!icmp_ln121)> <Delay = 0.00>
ST_5 : Operation 400 [1/1] (0.00ns)   --->   "%zext_ln1273_10 = zext i6 %tmp_865_cast"   --->   Operation 400 'zext' 'zext_ln1273_10' <Predicate = (!icmp_ln121)> <Delay = 0.00>
ST_5 : Operation 401 [1/1] (0.00ns)   --->   "%V_V_addr_9 = getelementptr i16 %V_V, i64 0, i64 %zext_ln1273_10"   --->   Operation 401 'getelementptr' 'V_V_addr_9' <Predicate = (!icmp_ln121)> <Delay = 0.00>
ST_5 : Operation 402 [1/1] (0.00ns)   --->   "%V_V_1_addr_8 = getelementptr i16 %V_V_1, i64 0, i64 %zext_ln1273_9"   --->   Operation 402 'getelementptr' 'V_V_1_addr_8' <Predicate = (!icmp_ln121)> <Delay = 0.00>
ST_5 : Operation 403 [1/1] (0.00ns)   --->   "%V_V_1_addr_9 = getelementptr i16 %V_V_1, i64 0, i64 %zext_ln1273_10"   --->   Operation 403 'getelementptr' 'V_V_1_addr_9' <Predicate = (!icmp_ln121)> <Delay = 0.00>
ST_5 : Operation 404 [1/1] (0.00ns)   --->   "%V_V_2_addr_8 = getelementptr i16 %V_V_2, i64 0, i64 %zext_ln1273_9"   --->   Operation 404 'getelementptr' 'V_V_2_addr_8' <Predicate = (!icmp_ln121)> <Delay = 0.00>
ST_5 : Operation 405 [1/1] (0.00ns)   --->   "%V_V_2_addr_9 = getelementptr i16 %V_V_2, i64 0, i64 %zext_ln1273_10"   --->   Operation 405 'getelementptr' 'V_V_2_addr_9' <Predicate = (!icmp_ln121)> <Delay = 0.00>
ST_5 : Operation 406 [1/1] (0.00ns)   --->   "%V_V_3_addr_8 = getelementptr i16 %V_V_3, i64 0, i64 %zext_ln1273_9"   --->   Operation 406 'getelementptr' 'V_V_3_addr_8' <Predicate = (!icmp_ln121)> <Delay = 0.00>
ST_5 : Operation 407 [1/1] (0.00ns)   --->   "%V_V_3_addr_9 = getelementptr i16 %V_V_3, i64 0, i64 %zext_ln1273_10"   --->   Operation 407 'getelementptr' 'V_V_3_addr_9' <Predicate = (!icmp_ln121)> <Delay = 0.00>
ST_5 : Operation 408 [3/4] (2.15ns) (root node of the DSP)   --->   "%mul_ln1270_2 = mul i26 %sext_ln1270, i26 %sext_ln121"   --->   Operation 408 'mul' 'mul_ln1270_2' <Predicate = (!icmp_ln121)> <Delay = 2.15> <CoreInst = "DSP48">   --->   Core 119 'DSP48' <Latency = 3> <II = 1> <Delay = 2.15> <IPBlock> <Opcode : 'mul' 'add' 'sub' 'select'> <InPorts = 0> <OutPorts = 1> <Sync> <CReg>
ST_5 : Operation 409 [1/1] (0.00ns)   --->   "%sext_ln1347 = sext i16 %tmp_17"   --->   Operation 409 'sext' 'sext_ln1347' <Predicate = (!icmp_ln121)> <Delay = 0.00>
ST_5 : Operation 410 [3/3] (1.05ns) (grouped into DSP with root node ret_V)   --->   "%mul_ln1347_73 = mul i26 %sext_ln1347, i26 %sext_ln121_1"   --->   Operation 410 'mul' 'mul_ln1347_73' <Predicate = (!icmp_ln121)> <Delay = 1.05> <CoreInst = "DSP48">   --->   Core 119 'DSP48' <Latency = 3> <II = 1> <Delay = 2.15> <IPBlock> <Opcode : 'mul' 'add' 'sub' 'select'> <InPorts = 0> <OutPorts = 1> <Sync> <CReg>
ST_5 : Operation 411 [1/2] (3.25ns)   --->   "%V_V_load_6 = load i6 %V_V_addr_6"   --->   Operation 411 'load' 'V_V_load_6' <Predicate = (!icmp_ln121)> <Delay = 3.25> <CoreInst = "RAM">   --->   Core 82 'RAM' <Latency = 1> <II = 1> <Delay = 3.25> <Storage> <Opcode : 'load' 'store'> <Ports = 2> <Width = 16> <Depth = 64> <RAM>
ST_5 : Operation 412 [1/2] (3.25ns)   --->   "%V_V_1_load_6 = load i6 %V_V_1_addr_6"   --->   Operation 412 'load' 'V_V_1_load_6' <Predicate = (!icmp_ln121)> <Delay = 3.25> <CoreInst = "RAM">   --->   Core 82 'RAM' <Latency = 1> <II = 1> <Delay = 3.25> <Storage> <Opcode : 'load' 'store'> <Ports = 2> <Width = 16> <Depth = 64> <RAM>
ST_5 : Operation 413 [1/2] (3.25ns)   --->   "%V_V_2_load_6 = load i6 %V_V_2_addr_6"   --->   Operation 413 'load' 'V_V_2_load_6' <Predicate = (!icmp_ln121)> <Delay = 3.25> <CoreInst = "RAM">   --->   Core 82 'RAM' <Latency = 1> <II = 1> <Delay = 3.25> <Storage> <Opcode : 'load' 'store'> <Ports = 2> <Width = 16> <Depth = 64> <RAM>
ST_5 : Operation 414 [1/2] (3.25ns)   --->   "%V_V_3_load_6 = load i6 %V_V_3_addr_6"   --->   Operation 414 'load' 'V_V_3_load_6' <Predicate = (!icmp_ln121)> <Delay = 3.25> <CoreInst = "RAM">   --->   Core 82 'RAM' <Latency = 1> <II = 1> <Delay = 3.25> <Storage> <Opcode : 'load' 'store'> <Ports = 2> <Width = 16> <Depth = 64> <RAM>
ST_5 : Operation 415 [1/1] (1.82ns)   --->   "%tmp_22 = mux i16 @_ssdm_op_Mux.ap_auto.4i16.i2, i16 %V_V_load_6, i16 %V_V_1_load_6, i16 %V_V_2_load_6, i16 %V_V_3_load_6, i2 %trunc_ln1273"   --->   Operation 415 'mux' 'tmp_22' <Predicate = (!icmp_ln121)> <Delay = 1.82> <CoreInst = "Multiplexer">   --->   Core 76 'Multiplexer' <Latency = 0> <II = 1> <Delay = 1.82> <FuncUnit> <Opcode : 'mux'> <InPorts = 2> <OutPorts = 1>
ST_5 : Operation 416 [1/2] (3.25ns)   --->   "%V_V_load_7 = load i6 %V_V_addr_7"   --->   Operation 416 'load' 'V_V_load_7' <Predicate = (!icmp_ln121)> <Delay = 3.25> <CoreInst = "RAM">   --->   Core 82 'RAM' <Latency = 1> <II = 1> <Delay = 3.25> <Storage> <Opcode : 'load' 'store'> <Ports = 2> <Width = 16> <Depth = 64> <RAM>
ST_5 : Operation 417 [1/2] (3.25ns)   --->   "%V_V_1_load_7 = load i6 %V_V_1_addr_7"   --->   Operation 417 'load' 'V_V_1_load_7' <Predicate = (!icmp_ln121)> <Delay = 3.25> <CoreInst = "RAM">   --->   Core 82 'RAM' <Latency = 1> <II = 1> <Delay = 3.25> <Storage> <Opcode : 'load' 'store'> <Ports = 2> <Width = 16> <Depth = 64> <RAM>
ST_5 : Operation 418 [1/2] (3.25ns)   --->   "%V_V_2_load_7 = load i6 %V_V_2_addr_7"   --->   Operation 418 'load' 'V_V_2_load_7' <Predicate = (!icmp_ln121)> <Delay = 3.25> <CoreInst = "RAM">   --->   Core 82 'RAM' <Latency = 1> <II = 1> <Delay = 3.25> <Storage> <Opcode : 'load' 'store'> <Ports = 2> <Width = 16> <Depth = 64> <RAM>
ST_5 : Operation 419 [1/2] (3.25ns)   --->   "%V_V_3_load_7 = load i6 %V_V_3_addr_7"   --->   Operation 419 'load' 'V_V_3_load_7' <Predicate = (!icmp_ln121)> <Delay = 3.25> <CoreInst = "RAM">   --->   Core 82 'RAM' <Latency = 1> <II = 1> <Delay = 3.25> <Storage> <Opcode : 'load' 'store'> <Ports = 2> <Width = 16> <Depth = 64> <RAM>
ST_5 : Operation 420 [1/1] (1.82ns)   --->   "%tmp_23 = mux i16 @_ssdm_op_Mux.ap_auto.4i16.i2, i16 %V_V_load_7, i16 %V_V_1_load_7, i16 %V_V_2_load_7, i16 %V_V_3_load_7, i2 %trunc_ln1273"   --->   Operation 420 'mux' 'tmp_23' <Predicate = (!icmp_ln121)> <Delay = 1.82> <CoreInst = "Multiplexer">   --->   Core 76 'Multiplexer' <Latency = 0> <II = 1> <Delay = 1.82> <FuncUnit> <Opcode : 'mux'> <InPorts = 2> <OutPorts = 1>
ST_5 : Operation 421 [2/2] (3.25ns)   --->   "%V_V_load_8 = load i6 %V_V_addr_8"   --->   Operation 421 'load' 'V_V_load_8' <Predicate = (!icmp_ln121)> <Delay = 3.25> <CoreInst = "RAM">   --->   Core 82 'RAM' <Latency = 1> <II = 1> <Delay = 3.25> <Storage> <Opcode : 'load' 'store'> <Ports = 2> <Width = 16> <Depth = 64> <RAM>
ST_5 : Operation 422 [2/2] (3.25ns)   --->   "%V_V_1_load_8 = load i6 %V_V_1_addr_8"   --->   Operation 422 'load' 'V_V_1_load_8' <Predicate = (!icmp_ln121)> <Delay = 3.25> <CoreInst = "RAM">   --->   Core 82 'RAM' <Latency = 1> <II = 1> <Delay = 3.25> <Storage> <Opcode : 'load' 'store'> <Ports = 2> <Width = 16> <Depth = 64> <RAM>
ST_5 : Operation 423 [2/2] (3.25ns)   --->   "%V_V_2_load_8 = load i6 %V_V_2_addr_8"   --->   Operation 423 'load' 'V_V_2_load_8' <Predicate = (!icmp_ln121)> <Delay = 3.25> <CoreInst = "RAM">   --->   Core 82 'RAM' <Latency = 1> <II = 1> <Delay = 3.25> <Storage> <Opcode : 'load' 'store'> <Ports = 2> <Width = 16> <Depth = 64> <RAM>
ST_5 : Operation 424 [2/2] (3.25ns)   --->   "%V_V_3_load_8 = load i6 %V_V_3_addr_8"   --->   Operation 424 'load' 'V_V_3_load_8' <Predicate = (!icmp_ln121)> <Delay = 3.25> <CoreInst = "RAM">   --->   Core 82 'RAM' <Latency = 1> <II = 1> <Delay = 3.25> <Storage> <Opcode : 'load' 'store'> <Ports = 2> <Width = 16> <Depth = 64> <RAM>
ST_5 : Operation 425 [2/2] (3.25ns)   --->   "%V_V_load_9 = load i6 %V_V_addr_9"   --->   Operation 425 'load' 'V_V_load_9' <Predicate = (!icmp_ln121)> <Delay = 3.25> <CoreInst = "RAM">   --->   Core 82 'RAM' <Latency = 1> <II = 1> <Delay = 3.25> <Storage> <Opcode : 'load' 'store'> <Ports = 2> <Width = 16> <Depth = 64> <RAM>
ST_5 : Operation 426 [2/2] (3.25ns)   --->   "%V_V_1_load_9 = load i6 %V_V_1_addr_9"   --->   Operation 426 'load' 'V_V_1_load_9' <Predicate = (!icmp_ln121)> <Delay = 3.25> <CoreInst = "RAM">   --->   Core 82 'RAM' <Latency = 1> <II = 1> <Delay = 3.25> <Storage> <Opcode : 'load' 'store'> <Ports = 2> <Width = 16> <Depth = 64> <RAM>
ST_5 : Operation 427 [2/2] (3.25ns)   --->   "%V_V_2_load_9 = load i6 %V_V_2_addr_9"   --->   Operation 427 'load' 'V_V_2_load_9' <Predicate = (!icmp_ln121)> <Delay = 3.25> <CoreInst = "RAM">   --->   Core 82 'RAM' <Latency = 1> <II = 1> <Delay = 3.25> <Storage> <Opcode : 'load' 'store'> <Ports = 2> <Width = 16> <Depth = 64> <RAM>
ST_5 : Operation 428 [2/2] (3.25ns)   --->   "%V_V_3_load_9 = load i6 %V_V_3_addr_9"   --->   Operation 428 'load' 'V_V_3_load_9' <Predicate = (!icmp_ln121)> <Delay = 3.25> <CoreInst = "RAM">   --->   Core 82 'RAM' <Latency = 1> <II = 1> <Delay = 3.25> <Storage> <Opcode : 'load' 'store'> <Ports = 2> <Width = 16> <Depth = 64> <RAM>

State 6 <SV = 5> <Delay = 5.88>
ST_6 : Operation 429 [1/1] (0.00ns)   --->   "%tmp_834_cast = bitconcatenate i6 @_ssdm_op_BitConcatenate.i6.i2.i4, i2 2, i4 %tmp_826_cast"   --->   Operation 429 'bitconcatenate' 'tmp_834_cast' <Predicate = (!icmp_ln122)> <Delay = 0.00>
ST_6 : Operation 430 [1/1] (0.00ns)   --->   "%tmp_834_cast_cast = zext i6 %tmp_834_cast"   --->   Operation 430 'zext' 'tmp_834_cast_cast' <Predicate = (!icmp_ln122)> <Delay = 0.00>
ST_6 : Operation 431 [1/1] (0.00ns)   --->   "%K_V_addr_11 = getelementptr i16 %K_V, i64 0, i64 %tmp_834_cast_cast"   --->   Operation 431 'getelementptr' 'K_V_addr_11' <Predicate = (!icmp_ln122)> <Delay = 0.00>
ST_6 : Operation 432 [1/1] (0.00ns)   --->   "%tmp_835_cast = bitconcatenate i6 @_ssdm_op_BitConcatenate.i6.i4.i2, i4 9, i2 %tmp_s"   --->   Operation 432 'bitconcatenate' 'tmp_835_cast' <Predicate = (!icmp_ln122)> <Delay = 0.00>
ST_6 : Operation 433 [1/1] (0.00ns)   --->   "%tmp_835_cast_cast = zext i6 %tmp_835_cast"   --->   Operation 433 'zext' 'tmp_835_cast_cast' <Predicate = (!icmp_ln122)> <Delay = 0.00>
ST_6 : Operation 434 [1/1] (0.00ns)   --->   "%K_V_addr_12 = getelementptr i16 %K_V, i64 0, i64 %tmp_835_cast_cast"   --->   Operation 434 'getelementptr' 'K_V_addr_12' <Predicate = (!icmp_ln122)> <Delay = 0.00>
ST_6 : Operation 435 [1/1] (0.00ns)   --->   "%K_V_1_addr_11 = getelementptr i16 %K_V_1, i64 0, i64 %tmp_834_cast_cast"   --->   Operation 435 'getelementptr' 'K_V_1_addr_11' <Predicate = (!icmp_ln122)> <Delay = 0.00>
ST_6 : Operation 436 [1/1] (0.00ns)   --->   "%K_V_1_addr_12 = getelementptr i16 %K_V_1, i64 0, i64 %tmp_835_cast_cast"   --->   Operation 436 'getelementptr' 'K_V_1_addr_12' <Predicate = (!icmp_ln122)> <Delay = 0.00>
ST_6 : Operation 437 [1/1] (0.00ns)   --->   "%K_V_2_addr_11 = getelementptr i16 %K_V_2, i64 0, i64 %tmp_834_cast_cast"   --->   Operation 437 'getelementptr' 'K_V_2_addr_11' <Predicate = (!icmp_ln122)> <Delay = 0.00>
ST_6 : Operation 438 [1/1] (0.00ns)   --->   "%K_V_2_addr_12 = getelementptr i16 %K_V_2, i64 0, i64 %tmp_835_cast_cast"   --->   Operation 438 'getelementptr' 'K_V_2_addr_12' <Predicate = (!icmp_ln122)> <Delay = 0.00>
ST_6 : Operation 439 [1/1] (0.00ns)   --->   "%K_V_3_addr_11 = getelementptr i16 %K_V_3, i64 0, i64 %tmp_834_cast_cast"   --->   Operation 439 'getelementptr' 'K_V_3_addr_11' <Predicate = (!icmp_ln122)> <Delay = 0.00>
ST_6 : Operation 440 [1/1] (0.00ns)   --->   "%K_V_3_addr_12 = getelementptr i16 %K_V_3, i64 0, i64 %tmp_835_cast_cast"   --->   Operation 440 'getelementptr' 'K_V_3_addr_12' <Predicate = (!icmp_ln122)> <Delay = 0.00>
ST_6 : Operation 441 [1/2] (3.25ns)   --->   "%K_V_load_6 = load i6 %K_V_addr_9"   --->   Operation 441 'load' 'K_V_load_6' <Predicate = (!icmp_ln121 & !icmp_ln122 & empty == 0)> <Delay = 3.25> <CoreInst = "RAM">   --->   Core 82 'RAM' <Latency = 1> <II = 1> <Delay = 3.25> <Storage> <Opcode : 'load' 'store'> <Ports = 2> <Width = 16> <Depth = 64> <RAM>
ST_6 : Operation 442 [1/2] (3.25ns)   --->   "%K_V_1_load_6 = load i6 %K_V_1_addr_9"   --->   Operation 442 'load' 'K_V_1_load_6' <Predicate = (!icmp_ln121 & !icmp_ln122 & empty != 0 & empty == 1)> <Delay = 3.25> <CoreInst = "RAM">   --->   Core 82 'RAM' <Latency = 1> <II = 1> <Delay = 3.25> <Storage> <Opcode : 'load' 'store'> <Ports = 2> <Width = 16> <Depth = 64> <RAM>
ST_6 : Operation 443 [1/2] (3.25ns)   --->   "%K_V_2_load_6 = load i6 %K_V_2_addr_9"   --->   Operation 443 'load' 'K_V_2_load_6' <Predicate = (!icmp_ln121 & !icmp_ln122 & empty != 0 & empty != 1 & empty == 2)> <Delay = 3.25> <CoreInst = "RAM">   --->   Core 82 'RAM' <Latency = 1> <II = 1> <Delay = 3.25> <Storage> <Opcode : 'load' 'store'> <Ports = 2> <Width = 16> <Depth = 64> <RAM>
ST_6 : Operation 444 [1/2] (3.25ns)   --->   "%K_V_3_load_6 = load i6 %K_V_3_addr_9"   --->   Operation 444 'load' 'K_V_3_load_6' <Predicate = (!icmp_ln121 & !icmp_ln122 & empty != 0 & empty != 1 & empty != 2 & empty == 3)> <Delay = 3.25> <CoreInst = "RAM">   --->   Core 82 'RAM' <Latency = 1> <II = 1> <Delay = 3.25> <Storage> <Opcode : 'load' 'store'> <Ports = 2> <Width = 16> <Depth = 64> <RAM>
ST_6 : Operation 445 [1/1] (1.82ns)   --->   "%r_V_12 = mux i16 @_ssdm_op_Mux.ap_auto.4i16.i2, i16 %K_V_load_6, i16 %K_V_1_load_6, i16 %K_V_2_load_6, i16 %K_V_3_load_6, i2 %empty"   --->   Operation 445 'mux' 'r_V_12' <Predicate = (!icmp_ln122)> <Delay = 1.82> <CoreInst = "Multiplexer">   --->   Core 76 'Multiplexer' <Latency = 0> <II = 1> <Delay = 1.82> <FuncUnit> <Opcode : 'mux'> <InPorts = 2> <OutPorts = 1>
ST_6 : Operation 446 [1/2] (3.25ns)   --->   "%K_V_load_7 = load i6 %K_V_addr_10"   --->   Operation 446 'load' 'K_V_load_7' <Predicate = (!icmp_ln121 & !icmp_ln122 & empty == 0)> <Delay = 3.25> <CoreInst = "RAM">   --->   Core 82 'RAM' <Latency = 1> <II = 1> <Delay = 3.25> <Storage> <Opcode : 'load' 'store'> <Ports = 2> <Width = 16> <Depth = 64> <RAM>
ST_6 : Operation 447 [1/2] (3.25ns)   --->   "%K_V_1_load_7 = load i6 %K_V_1_addr_10"   --->   Operation 447 'load' 'K_V_1_load_7' <Predicate = (!icmp_ln121 & !icmp_ln122 & empty != 0 & empty == 1)> <Delay = 3.25> <CoreInst = "RAM">   --->   Core 82 'RAM' <Latency = 1> <II = 1> <Delay = 3.25> <Storage> <Opcode : 'load' 'store'> <Ports = 2> <Width = 16> <Depth = 64> <RAM>
ST_6 : Operation 448 [1/2] (3.25ns)   --->   "%K_V_2_load_7 = load i6 %K_V_2_addr_10"   --->   Operation 448 'load' 'K_V_2_load_7' <Predicate = (!icmp_ln121 & !icmp_ln122 & empty != 0 & empty != 1 & empty == 2)> <Delay = 3.25> <CoreInst = "RAM">   --->   Core 82 'RAM' <Latency = 1> <II = 1> <Delay = 3.25> <Storage> <Opcode : 'load' 'store'> <Ports = 2> <Width = 16> <Depth = 64> <RAM>
ST_6 : Operation 449 [1/2] (3.25ns)   --->   "%K_V_3_load_7 = load i6 %K_V_3_addr_10"   --->   Operation 449 'load' 'K_V_3_load_7' <Predicate = (!icmp_ln121 & !icmp_ln122 & empty != 0 & empty != 1 & empty != 2 & empty == 3)> <Delay = 3.25> <CoreInst = "RAM">   --->   Core 82 'RAM' <Latency = 1> <II = 1> <Delay = 3.25> <Storage> <Opcode : 'load' 'store'> <Ports = 2> <Width = 16> <Depth = 64> <RAM>
ST_6 : Operation 450 [1/1] (1.82ns)   --->   "%r_V_14 = mux i16 @_ssdm_op_Mux.ap_auto.4i16.i2, i16 %K_V_load_7, i16 %K_V_1_load_7, i16 %K_V_2_load_7, i16 %K_V_3_load_7, i2 %empty"   --->   Operation 450 'mux' 'r_V_14' <Predicate = (!icmp_ln122)> <Delay = 1.82> <CoreInst = "Multiplexer">   --->   Core 76 'Multiplexer' <Latency = 0> <II = 1> <Delay = 1.82> <FuncUnit> <Opcode : 'mux'> <InPorts = 2> <OutPorts = 1>
ST_6 : Operation 451 [2/2] (3.25ns)   --->   "%K_V_load_8 = load i6 %K_V_addr_11"   --->   Operation 451 'load' 'K_V_load_8' <Predicate = (!icmp_ln121 & !icmp_ln122 & empty == 0)> <Delay = 3.25> <CoreInst = "RAM">   --->   Core 82 'RAM' <Latency = 1> <II = 1> <Delay = 3.25> <Storage> <Opcode : 'load' 'store'> <Ports = 2> <Width = 16> <Depth = 64> <RAM>
ST_6 : Operation 452 [2/2] (3.25ns)   --->   "%K_V_1_load_8 = load i6 %K_V_1_addr_11"   --->   Operation 452 'load' 'K_V_1_load_8' <Predicate = (!icmp_ln121 & !icmp_ln122 & empty != 0 & empty == 1)> <Delay = 3.25> <CoreInst = "RAM">   --->   Core 82 'RAM' <Latency = 1> <II = 1> <Delay = 3.25> <Storage> <Opcode : 'load' 'store'> <Ports = 2> <Width = 16> <Depth = 64> <RAM>
ST_6 : Operation 453 [2/2] (3.25ns)   --->   "%K_V_2_load_8 = load i6 %K_V_2_addr_11"   --->   Operation 453 'load' 'K_V_2_load_8' <Predicate = (!icmp_ln121 & !icmp_ln122 & empty != 0 & empty != 1 & empty == 2)> <Delay = 3.25> <CoreInst = "RAM">   --->   Core 82 'RAM' <Latency = 1> <II = 1> <Delay = 3.25> <Storage> <Opcode : 'load' 'store'> <Ports = 2> <Width = 16> <Depth = 64> <RAM>
ST_6 : Operation 454 [2/2] (3.25ns)   --->   "%K_V_3_load_8 = load i6 %K_V_3_addr_11"   --->   Operation 454 'load' 'K_V_3_load_8' <Predicate = (!icmp_ln121 & !icmp_ln122 & empty != 0 & empty != 1 & empty != 2 & empty == 3)> <Delay = 3.25> <CoreInst = "RAM">   --->   Core 82 'RAM' <Latency = 1> <II = 1> <Delay = 3.25> <Storage> <Opcode : 'load' 'store'> <Ports = 2> <Width = 16> <Depth = 64> <RAM>
ST_6 : Operation 455 [2/2] (3.25ns)   --->   "%K_V_load_9 = load i6 %K_V_addr_12"   --->   Operation 455 'load' 'K_V_load_9' <Predicate = (!icmp_ln121 & !icmp_ln122 & empty == 0)> <Delay = 3.25> <CoreInst = "RAM">   --->   Core 82 'RAM' <Latency = 1> <II = 1> <Delay = 3.25> <Storage> <Opcode : 'load' 'store'> <Ports = 2> <Width = 16> <Depth = 64> <RAM>
ST_6 : Operation 456 [2/2] (3.25ns)   --->   "%K_V_1_load_9 = load i6 %K_V_1_addr_12"   --->   Operation 456 'load' 'K_V_1_load_9' <Predicate = (!icmp_ln121 & !icmp_ln122 & empty != 0 & empty == 1)> <Delay = 3.25> <CoreInst = "RAM">   --->   Core 82 'RAM' <Latency = 1> <II = 1> <Delay = 3.25> <Storage> <Opcode : 'load' 'store'> <Ports = 2> <Width = 16> <Depth = 64> <RAM>
ST_6 : Operation 457 [2/2] (3.25ns)   --->   "%K_V_2_load_9 = load i6 %K_V_2_addr_12"   --->   Operation 457 'load' 'K_V_2_load_9' <Predicate = (!icmp_ln121 & !icmp_ln122 & empty != 0 & empty != 1 & empty == 2)> <Delay = 3.25> <CoreInst = "RAM">   --->   Core 82 'RAM' <Latency = 1> <II = 1> <Delay = 3.25> <Storage> <Opcode : 'load' 'store'> <Ports = 2> <Width = 16> <Depth = 64> <RAM>
ST_6 : Operation 458 [2/2] (3.25ns)   --->   "%K_V_3_load_9 = load i6 %K_V_3_addr_12"   --->   Operation 458 'load' 'K_V_3_load_9' <Predicate = (!icmp_ln121 & !icmp_ln122 & empty != 0 & empty != 1 & empty != 2 & empty == 3)> <Delay = 3.25> <CoreInst = "RAM">   --->   Core 82 'RAM' <Latency = 1> <II = 1> <Delay = 3.25> <Storage> <Opcode : 'load' 'store'> <Ports = 2> <Width = 16> <Depth = 64> <RAM>
ST_6 : Operation 459 [1/1] (0.00ns)   --->   "%tmp_849_cast = bitconcatenate i6 @_ssdm_op_BitConcatenate.i6.i2.i4, i2 2, i4 %p_mid1_cast" [src/imgds_linear_dense_q16.cpp:121]   --->   Operation 459 'bitconcatenate' 'tmp_849_cast' <Predicate = (!icmp_ln121 & icmp_ln122)> <Delay = 0.00>
ST_6 : Operation 460 [1/1] (0.00ns)   --->   "%tmp_849_cast_cast = zext i6 %tmp_849_cast" [src/imgds_linear_dense_q16.cpp:121]   --->   Operation 460 'zext' 'tmp_849_cast_cast' <Predicate = (!icmp_ln121 & icmp_ln122)> <Delay = 0.00>
ST_6 : Operation 461 [1/1] (0.00ns)   --->   "%K_V_addr_27 = getelementptr i16 %K_V, i64 0, i64 %tmp_849_cast_cast" [src/imgds_linear_dense_q16.cpp:121]   --->   Operation 461 'getelementptr' 'K_V_addr_27' <Predicate = (!icmp_ln121 & icmp_ln122)> <Delay = 0.00>
ST_6 : Operation 462 [1/1] (0.00ns)   --->   "%tmp_850_cast = bitconcatenate i6 @_ssdm_op_BitConcatenate.i6.i4.i2, i4 9, i2 %p_mid1" [src/imgds_linear_dense_q16.cpp:121]   --->   Operation 462 'bitconcatenate' 'tmp_850_cast' <Predicate = (!icmp_ln121 & icmp_ln122)> <Delay = 0.00>
ST_6 : Operation 463 [1/1] (0.00ns)   --->   "%tmp_850_cast_cast = zext i6 %tmp_850_cast" [src/imgds_linear_dense_q16.cpp:121]   --->   Operation 463 'zext' 'tmp_850_cast_cast' <Predicate = (!icmp_ln121 & icmp_ln122)> <Delay = 0.00>
ST_6 : Operation 464 [1/1] (0.00ns)   --->   "%K_V_addr_28 = getelementptr i16 %K_V, i64 0, i64 %tmp_850_cast_cast" [src/imgds_linear_dense_q16.cpp:121]   --->   Operation 464 'getelementptr' 'K_V_addr_28' <Predicate = (!icmp_ln121 & icmp_ln122)> <Delay = 0.00>
ST_6 : Operation 465 [1/1] (0.00ns)   --->   "%K_V_1_addr_27 = getelementptr i16 %K_V_1, i64 0, i64 %tmp_849_cast_cast" [src/imgds_linear_dense_q16.cpp:121]   --->   Operation 465 'getelementptr' 'K_V_1_addr_27' <Predicate = (!icmp_ln121 & icmp_ln122)> <Delay = 0.00>
ST_6 : Operation 466 [1/1] (0.00ns)   --->   "%K_V_1_addr_28 = getelementptr i16 %K_V_1, i64 0, i64 %tmp_850_cast_cast" [src/imgds_linear_dense_q16.cpp:121]   --->   Operation 466 'getelementptr' 'K_V_1_addr_28' <Predicate = (!icmp_ln121 & icmp_ln122)> <Delay = 0.00>
ST_6 : Operation 467 [1/1] (0.00ns)   --->   "%K_V_2_addr_27 = getelementptr i16 %K_V_2, i64 0, i64 %tmp_849_cast_cast" [src/imgds_linear_dense_q16.cpp:121]   --->   Operation 467 'getelementptr' 'K_V_2_addr_27' <Predicate = (!icmp_ln121 & icmp_ln122)> <Delay = 0.00>
ST_6 : Operation 468 [1/1] (0.00ns)   --->   "%K_V_2_addr_28 = getelementptr i16 %K_V_2, i64 0, i64 %tmp_850_cast_cast" [src/imgds_linear_dense_q16.cpp:121]   --->   Operation 468 'getelementptr' 'K_V_2_addr_28' <Predicate = (!icmp_ln121 & icmp_ln122)> <Delay = 0.00>
ST_6 : Operation 469 [1/1] (0.00ns)   --->   "%K_V_3_addr_27 = getelementptr i16 %K_V_3, i64 0, i64 %tmp_849_cast_cast" [src/imgds_linear_dense_q16.cpp:121]   --->   Operation 469 'getelementptr' 'K_V_3_addr_27' <Predicate = (!icmp_ln121 & icmp_ln122)> <Delay = 0.00>
ST_6 : Operation 470 [1/1] (0.00ns)   --->   "%K_V_3_addr_28 = getelementptr i16 %K_V_3, i64 0, i64 %tmp_850_cast_cast" [src/imgds_linear_dense_q16.cpp:121]   --->   Operation 470 'getelementptr' 'K_V_3_addr_28' <Predicate = (!icmp_ln121 & icmp_ln122)> <Delay = 0.00>
ST_6 : Operation 471 [1/1] (0.00ns)   --->   "%sext_ln121_2 = sext i16 %select_ln121_4" [src/imgds_linear_dense_q16.cpp:121]   --->   Operation 471 'sext' 'sext_ln121_2' <Predicate = (!icmp_ln121)> <Delay = 0.00>
ST_6 : Operation 472 [1/2] (3.25ns)   --->   "%K_V_load_22 = load i6 %K_V_addr_25" [src/imgds_linear_dense_q16.cpp:121]   --->   Operation 472 'load' 'K_V_load_22' <Predicate = (!icmp_ln121 & icmp_ln122 & empty_66 == 0)> <Delay = 3.25> <CoreInst = "RAM">   --->   Core 82 'RAM' <Latency = 1> <II = 1> <Delay = 3.25> <Storage> <Opcode : 'load' 'store'> <Ports = 2> <Width = 16> <Depth = 64> <RAM>
ST_6 : Operation 473 [1/2] (3.25ns)   --->   "%K_V_1_load_22 = load i6 %K_V_1_addr_25" [src/imgds_linear_dense_q16.cpp:121]   --->   Operation 473 'load' 'K_V_1_load_22' <Predicate = (!icmp_ln121 & icmp_ln122 & empty_66 != 0 & empty_66 == 1)> <Delay = 3.25> <CoreInst = "RAM">   --->   Core 82 'RAM' <Latency = 1> <II = 1> <Delay = 3.25> <Storage> <Opcode : 'load' 'store'> <Ports = 2> <Width = 16> <Depth = 64> <RAM>
ST_6 : Operation 474 [1/2] (3.25ns)   --->   "%K_V_2_load_22 = load i6 %K_V_2_addr_25" [src/imgds_linear_dense_q16.cpp:121]   --->   Operation 474 'load' 'K_V_2_load_22' <Predicate = (!icmp_ln121 & icmp_ln122 & empty_66 != 0 & empty_66 != 1 & empty_66 == 2)> <Delay = 3.25> <CoreInst = "RAM">   --->   Core 82 'RAM' <Latency = 1> <II = 1> <Delay = 3.25> <Storage> <Opcode : 'load' 'store'> <Ports = 2> <Width = 16> <Depth = 64> <RAM>
ST_6 : Operation 475 [1/2] (3.25ns)   --->   "%K_V_3_load_22 = load i6 %K_V_3_addr_25" [src/imgds_linear_dense_q16.cpp:121]   --->   Operation 475 'load' 'K_V_3_load_22' <Predicate = (!icmp_ln121 & icmp_ln122 & empty_66 != 0 & empty_66 != 1 & empty_66 != 2 & empty_66 == 3)> <Delay = 3.25> <CoreInst = "RAM">   --->   Core 82 'RAM' <Latency = 1> <II = 1> <Delay = 3.25> <Storage> <Opcode : 'load' 'store'> <Ports = 2> <Width = 16> <Depth = 64> <RAM>
ST_6 : Operation 476 [1/1] (1.82ns)   --->   "%r_V_879_mid1 = mux i16 @_ssdm_op_Mux.ap_auto.4i16.i2, i16 %K_V_load_22, i16 %K_V_1_load_22, i16 %K_V_2_load_22, i16 %K_V_3_load_22, i2 %empty_66" [src/imgds_linear_dense_q16.cpp:121]   --->   Operation 476 'mux' 'r_V_879_mid1' <Predicate = (!icmp_ln121 & icmp_ln122)> <Delay = 1.82> <CoreInst = "Multiplexer">   --->   Core 76 'Multiplexer' <Latency = 0> <II = 1> <Delay = 1.82> <FuncUnit> <Opcode : 'mux'> <InPorts = 2> <OutPorts = 1>
ST_6 : Operation 477 [1/1] (0.80ns)   --->   "%select_ln121_8 = select i1 %icmp_ln122, i16 %r_V_879_mid1, i16 %r_V_12" [src/imgds_linear_dense_q16.cpp:121]   --->   Operation 477 'select' 'select_ln121_8' <Predicate = (!icmp_ln121)> <Delay = 0.80> <CoreInst = "Sel">   --->   Core 73 'Sel' <Latency = 0> <II = 1> <Delay = 0.80> <FuncUnit> <Opcode : 'select'> <InPorts = 3> <OutPorts = 1>
ST_6 : Operation 478 [1/2] (3.25ns)   --->   "%K_V_load_23 = load i6 %K_V_addr_26" [src/imgds_linear_dense_q16.cpp:121]   --->   Operation 478 'load' 'K_V_load_23' <Predicate = (!icmp_ln121 & icmp_ln122 & empty_66 == 0)> <Delay = 3.25> <CoreInst = "RAM">   --->   Core 82 'RAM' <Latency = 1> <II = 1> <Delay = 3.25> <Storage> <Opcode : 'load' 'store'> <Ports = 2> <Width = 16> <Depth = 64> <RAM>
ST_6 : Operation 479 [1/2] (3.25ns)   --->   "%K_V_1_load_23 = load i6 %K_V_1_addr_26" [src/imgds_linear_dense_q16.cpp:121]   --->   Operation 479 'load' 'K_V_1_load_23' <Predicate = (!icmp_ln121 & icmp_ln122 & empty_66 != 0 & empty_66 == 1)> <Delay = 3.25> <CoreInst = "RAM">   --->   Core 82 'RAM' <Latency = 1> <II = 1> <Delay = 3.25> <Storage> <Opcode : 'load' 'store'> <Ports = 2> <Width = 16> <Depth = 64> <RAM>
ST_6 : Operation 480 [1/2] (3.25ns)   --->   "%K_V_2_load_23 = load i6 %K_V_2_addr_26" [src/imgds_linear_dense_q16.cpp:121]   --->   Operation 480 'load' 'K_V_2_load_23' <Predicate = (!icmp_ln121 & icmp_ln122 & empty_66 != 0 & empty_66 != 1 & empty_66 == 2)> <Delay = 3.25> <CoreInst = "RAM">   --->   Core 82 'RAM' <Latency = 1> <II = 1> <Delay = 3.25> <Storage> <Opcode : 'load' 'store'> <Ports = 2> <Width = 16> <Depth = 64> <RAM>
ST_6 : Operation 481 [1/2] (3.25ns)   --->   "%K_V_3_load_23 = load i6 %K_V_3_addr_26" [src/imgds_linear_dense_q16.cpp:121]   --->   Operation 481 'load' 'K_V_3_load_23' <Predicate = (!icmp_ln121 & icmp_ln122 & empty_66 != 0 & empty_66 != 1 & empty_66 != 2 & empty_66 == 3)> <Delay = 3.25> <CoreInst = "RAM">   --->   Core 82 'RAM' <Latency = 1> <II = 1> <Delay = 3.25> <Storage> <Opcode : 'load' 'store'> <Ports = 2> <Width = 16> <Depth = 64> <RAM>
ST_6 : Operation 482 [1/1] (1.82ns)   --->   "%r_V_880_mid1 = mux i16 @_ssdm_op_Mux.ap_auto.4i16.i2, i16 %K_V_load_23, i16 %K_V_1_load_23, i16 %K_V_2_load_23, i16 %K_V_3_load_23, i2 %empty_66" [src/imgds_linear_dense_q16.cpp:121]   --->   Operation 482 'mux' 'r_V_880_mid1' <Predicate = (!icmp_ln121 & icmp_ln122)> <Delay = 1.82> <CoreInst = "Multiplexer">   --->   Core 76 'Multiplexer' <Latency = 0> <II = 1> <Delay = 1.82> <FuncUnit> <Opcode : 'mux'> <InPorts = 2> <OutPorts = 1>
ST_6 : Operation 483 [1/1] (0.80ns)   --->   "%select_ln121_9 = select i1 %icmp_ln122, i16 %r_V_880_mid1, i16 %r_V_14" [src/imgds_linear_dense_q16.cpp:121]   --->   Operation 483 'select' 'select_ln121_9' <Predicate = (!icmp_ln121)> <Delay = 0.80> <CoreInst = "Sel">   --->   Core 73 'Sel' <Latency = 0> <II = 1> <Delay = 0.80> <FuncUnit> <Opcode : 'select'> <InPorts = 3> <OutPorts = 1>
ST_6 : Operation 484 [2/2] (3.25ns)   --->   "%K_V_load_24 = load i6 %K_V_addr_27" [src/imgds_linear_dense_q16.cpp:121]   --->   Operation 484 'load' 'K_V_load_24' <Predicate = (!icmp_ln121 & icmp_ln122 & empty_66 == 0)> <Delay = 3.25> <CoreInst = "RAM">   --->   Core 82 'RAM' <Latency = 1> <II = 1> <Delay = 3.25> <Storage> <Opcode : 'load' 'store'> <Ports = 2> <Width = 16> <Depth = 64> <RAM>
ST_6 : Operation 485 [2/2] (3.25ns)   --->   "%K_V_1_load_24 = load i6 %K_V_1_addr_27" [src/imgds_linear_dense_q16.cpp:121]   --->   Operation 485 'load' 'K_V_1_load_24' <Predicate = (!icmp_ln121 & icmp_ln122 & empty_66 != 0 & empty_66 == 1)> <Delay = 3.25> <CoreInst = "RAM">   --->   Core 82 'RAM' <Latency = 1> <II = 1> <Delay = 3.25> <Storage> <Opcode : 'load' 'store'> <Ports = 2> <Width = 16> <Depth = 64> <RAM>
ST_6 : Operation 486 [2/2] (3.25ns)   --->   "%K_V_2_load_24 = load i6 %K_V_2_addr_27" [src/imgds_linear_dense_q16.cpp:121]   --->   Operation 486 'load' 'K_V_2_load_24' <Predicate = (!icmp_ln121 & icmp_ln122 & empty_66 != 0 & empty_66 != 1 & empty_66 == 2)> <Delay = 3.25> <CoreInst = "RAM">   --->   Core 82 'RAM' <Latency = 1> <II = 1> <Delay = 3.25> <Storage> <Opcode : 'load' 'store'> <Ports = 2> <Width = 16> <Depth = 64> <RAM>
ST_6 : Operation 487 [2/2] (3.25ns)   --->   "%K_V_3_load_24 = load i6 %K_V_3_addr_27" [src/imgds_linear_dense_q16.cpp:121]   --->   Operation 487 'load' 'K_V_3_load_24' <Predicate = (!icmp_ln121 & icmp_ln122 & empty_66 != 0 & empty_66 != 1 & empty_66 != 2 & empty_66 == 3)> <Delay = 3.25> <CoreInst = "RAM">   --->   Core 82 'RAM' <Latency = 1> <II = 1> <Delay = 3.25> <Storage> <Opcode : 'load' 'store'> <Ports = 2> <Width = 16> <Depth = 64> <RAM>
ST_6 : Operation 488 [2/2] (3.25ns)   --->   "%K_V_load_25 = load i6 %K_V_addr_28" [src/imgds_linear_dense_q16.cpp:121]   --->   Operation 488 'load' 'K_V_load_25' <Predicate = (!icmp_ln121 & icmp_ln122 & empty_66 == 0)> <Delay = 3.25> <CoreInst = "RAM">   --->   Core 82 'RAM' <Latency = 1> <II = 1> <Delay = 3.25> <Storage> <Opcode : 'load' 'store'> <Ports = 2> <Width = 16> <Depth = 64> <RAM>
ST_6 : Operation 489 [2/2] (3.25ns)   --->   "%K_V_1_load_25 = load i6 %K_V_1_addr_28" [src/imgds_linear_dense_q16.cpp:121]   --->   Operation 489 'load' 'K_V_1_load_25' <Predicate = (!icmp_ln121 & icmp_ln122 & empty_66 != 0 & empty_66 == 1)> <Delay = 3.25> <CoreInst = "RAM">   --->   Core 82 'RAM' <Latency = 1> <II = 1> <Delay = 3.25> <Storage> <Opcode : 'load' 'store'> <Ports = 2> <Width = 16> <Depth = 64> <RAM>
ST_6 : Operation 490 [2/2] (3.25ns)   --->   "%K_V_2_load_25 = load i6 %K_V_2_addr_28" [src/imgds_linear_dense_q16.cpp:121]   --->   Operation 490 'load' 'K_V_2_load_25' <Predicate = (!icmp_ln121 & icmp_ln122 & empty_66 != 0 & empty_66 != 1 & empty_66 == 2)> <Delay = 3.25> <CoreInst = "RAM">   --->   Core 82 'RAM' <Latency = 1> <II = 1> <Delay = 3.25> <Storage> <Opcode : 'load' 'store'> <Ports = 2> <Width = 16> <Depth = 64> <RAM>
ST_6 : Operation 491 [2/2] (3.25ns)   --->   "%K_V_3_load_25 = load i6 %K_V_3_addr_28" [src/imgds_linear_dense_q16.cpp:121]   --->   Operation 491 'load' 'K_V_3_load_25' <Predicate = (!icmp_ln121 & icmp_ln122 & empty_66 != 0 & empty_66 != 1 & empty_66 != 2 & empty_66 == 3)> <Delay = 3.25> <CoreInst = "RAM">   --->   Core 82 'RAM' <Latency = 1> <II = 1> <Delay = 3.25> <Storage> <Opcode : 'load' 'store'> <Ports = 2> <Width = 16> <Depth = 64> <RAM>
ST_6 : Operation 492 [1/1] (0.00ns)   --->   "%tmp_866_cast = bitconcatenate i6 @_ssdm_op_BitConcatenate.i6.i4.i2, i4 10, i2 %lshr_ln"   --->   Operation 492 'bitconcatenate' 'tmp_866_cast' <Predicate = (!icmp_ln121)> <Delay = 0.00>
ST_6 : Operation 493 [1/1] (0.00ns)   --->   "%zext_ln1273_11 = zext i6 %tmp_866_cast"   --->   Operation 493 'zext' 'zext_ln1273_11' <Predicate = (!icmp_ln121)> <Delay = 0.00>
ST_6 : Operation 494 [1/1] (0.00ns)   --->   "%V_V_addr_10 = getelementptr i16 %V_V, i64 0, i64 %zext_ln1273_11"   --->   Operation 494 'getelementptr' 'V_V_addr_10' <Predicate = (!icmp_ln121)> <Delay = 0.00>
ST_6 : Operation 495 [1/1] (0.00ns)   --->   "%V_V_1_addr_10 = getelementptr i16 %V_V_1, i64 0, i64 %zext_ln1273_11"   --->   Operation 495 'getelementptr' 'V_V_1_addr_10' <Predicate = (!icmp_ln121)> <Delay = 0.00>
ST_6 : Operation 496 [1/1] (0.00ns)   --->   "%V_V_2_addr_10 = getelementptr i16 %V_V_2, i64 0, i64 %zext_ln1273_11"   --->   Operation 496 'getelementptr' 'V_V_2_addr_10' <Predicate = (!icmp_ln121)> <Delay = 0.00>
ST_6 : Operation 497 [1/1] (0.00ns)   --->   "%V_V_3_addr_10 = getelementptr i16 %V_V_3, i64 0, i64 %zext_ln1273_11"   --->   Operation 497 'getelementptr' 'V_V_3_addr_10' <Predicate = (!icmp_ln121)> <Delay = 0.00>
ST_6 : Operation 498 [2/4] (2.15ns) (root node of the DSP)   --->   "%mul_ln1270_2 = mul i26 %sext_ln1270, i26 %sext_ln121"   --->   Operation 498 'mul' 'mul_ln1270_2' <Predicate = (!icmp_ln121)> <Delay = 2.15> <CoreInst = "DSP48">   --->   Core 119 'DSP48' <Latency = 3> <II = 1> <Delay = 2.15> <IPBlock> <Opcode : 'mul' 'add' 'sub' 'select'> <InPorts = 0> <OutPorts = 1> <Sync> <CReg>
ST_6 : Operation 499 [2/3] (1.05ns) (grouped into DSP with root node ret_V)   --->   "%mul_ln1347_73 = mul i26 %sext_ln1347, i26 %sext_ln121_1"   --->   Operation 499 'mul' 'mul_ln1347_73' <Predicate = (!icmp_ln121)> <Delay = 1.05> <CoreInst = "DSP48">   --->   Core 119 'DSP48' <Latency = 3> <II = 1> <Delay = 2.15> <IPBlock> <Opcode : 'mul' 'add' 'sub' 'select'> <InPorts = 0> <OutPorts = 1> <Sync> <CReg>
ST_6 : Operation 500 [1/1] (0.00ns)   --->   "%sext_ln1347_3 = sext i16 %tmp_18"   --->   Operation 500 'sext' 'sext_ln1347_3' <Predicate = (!icmp_ln121)> <Delay = 0.00>
ST_6 : Operation 501 [3/3] (1.05ns) (grouped into DSP with root node ret_V_512)   --->   "%mul_ln1347_74 = mul i26 %sext_ln1347_3, i26 %sext_ln121_2"   --->   Operation 501 'mul' 'mul_ln1347_74' <Predicate = (!icmp_ln121)> <Delay = 1.05> <CoreInst = "DSP48">   --->   Core 119 'DSP48' <Latency = 3> <II = 1> <Delay = 2.15> <IPBlock> <Opcode : 'mul' 'add' 'sub' 'select'> <InPorts = 0> <OutPorts = 1> <Sync> <CReg>
ST_6 : Operation 502 [1/2] (3.25ns)   --->   "%V_V_load_8 = load i6 %V_V_addr_8"   --->   Operation 502 'load' 'V_V_load_8' <Predicate = (!icmp_ln121)> <Delay = 3.25> <CoreInst = "RAM">   --->   Core 82 'RAM' <Latency = 1> <II = 1> <Delay = 3.25> <Storage> <Opcode : 'load' 'store'> <Ports = 2> <Width = 16> <Depth = 64> <RAM>
ST_6 : Operation 503 [1/2] (3.25ns)   --->   "%V_V_1_load_8 = load i6 %V_V_1_addr_8"   --->   Operation 503 'load' 'V_V_1_load_8' <Predicate = (!icmp_ln121)> <Delay = 3.25> <CoreInst = "RAM">   --->   Core 82 'RAM' <Latency = 1> <II = 1> <Delay = 3.25> <Storage> <Opcode : 'load' 'store'> <Ports = 2> <Width = 16> <Depth = 64> <RAM>
ST_6 : Operation 504 [1/2] (3.25ns)   --->   "%V_V_2_load_8 = load i6 %V_V_2_addr_8"   --->   Operation 504 'load' 'V_V_2_load_8' <Predicate = (!icmp_ln121)> <Delay = 3.25> <CoreInst = "RAM">   --->   Core 82 'RAM' <Latency = 1> <II = 1> <Delay = 3.25> <Storage> <Opcode : 'load' 'store'> <Ports = 2> <Width = 16> <Depth = 64> <RAM>
ST_6 : Operation 505 [1/2] (3.25ns)   --->   "%V_V_3_load_8 = load i6 %V_V_3_addr_8"   --->   Operation 505 'load' 'V_V_3_load_8' <Predicate = (!icmp_ln121)> <Delay = 3.25> <CoreInst = "RAM">   --->   Core 82 'RAM' <Latency = 1> <II = 1> <Delay = 3.25> <Storage> <Opcode : 'load' 'store'> <Ports = 2> <Width = 16> <Depth = 64> <RAM>
ST_6 : Operation 506 [1/1] (1.82ns)   --->   "%tmp_24 = mux i16 @_ssdm_op_Mux.ap_auto.4i16.i2, i16 %V_V_load_8, i16 %V_V_1_load_8, i16 %V_V_2_load_8, i16 %V_V_3_load_8, i2 %trunc_ln1273"   --->   Operation 506 'mux' 'tmp_24' <Predicate = (!icmp_ln121)> <Delay = 1.82> <CoreInst = "Multiplexer">   --->   Core 76 'Multiplexer' <Latency = 0> <II = 1> <Delay = 1.82> <FuncUnit> <Opcode : 'mux'> <InPorts = 2> <OutPorts = 1>
ST_6 : Operation 507 [1/2] (3.25ns)   --->   "%V_V_load_9 = load i6 %V_V_addr_9"   --->   Operation 507 'load' 'V_V_load_9' <Predicate = (!icmp_ln121)> <Delay = 3.25> <CoreInst = "RAM">   --->   Core 82 'RAM' <Latency = 1> <II = 1> <Delay = 3.25> <Storage> <Opcode : 'load' 'store'> <Ports = 2> <Width = 16> <Depth = 64> <RAM>
ST_6 : Operation 508 [1/2] (3.25ns)   --->   "%V_V_1_load_9 = load i6 %V_V_1_addr_9"   --->   Operation 508 'load' 'V_V_1_load_9' <Predicate = (!icmp_ln121)> <Delay = 3.25> <CoreInst = "RAM">   --->   Core 82 'RAM' <Latency = 1> <II = 1> <Delay = 3.25> <Storage> <Opcode : 'load' 'store'> <Ports = 2> <Width = 16> <Depth = 64> <RAM>
ST_6 : Operation 509 [1/2] (3.25ns)   --->   "%V_V_2_load_9 = load i6 %V_V_2_addr_9"   --->   Operation 509 'load' 'V_V_2_load_9' <Predicate = (!icmp_ln121)> <Delay = 3.25> <CoreInst = "RAM">   --->   Core 82 'RAM' <Latency = 1> <II = 1> <Delay = 3.25> <Storage> <Opcode : 'load' 'store'> <Ports = 2> <Width = 16> <Depth = 64> <RAM>
ST_6 : Operation 510 [1/2] (3.25ns)   --->   "%V_V_3_load_9 = load i6 %V_V_3_addr_9"   --->   Operation 510 'load' 'V_V_3_load_9' <Predicate = (!icmp_ln121)> <Delay = 3.25> <CoreInst = "RAM">   --->   Core 82 'RAM' <Latency = 1> <II = 1> <Delay = 3.25> <Storage> <Opcode : 'load' 'store'> <Ports = 2> <Width = 16> <Depth = 64> <RAM>
ST_6 : Operation 511 [1/1] (1.82ns)   --->   "%tmp_25 = mux i16 @_ssdm_op_Mux.ap_auto.4i16.i2, i16 %V_V_load_9, i16 %V_V_1_load_9, i16 %V_V_2_load_9, i16 %V_V_3_load_9, i2 %trunc_ln1273"   --->   Operation 511 'mux' 'tmp_25' <Predicate = (!icmp_ln121)> <Delay = 1.82> <CoreInst = "Multiplexer">   --->   Core 76 'Multiplexer' <Latency = 0> <II = 1> <Delay = 1.82> <FuncUnit> <Opcode : 'mux'> <InPorts = 2> <OutPorts = 1>
ST_6 : Operation 512 [2/2] (3.25ns)   --->   "%V_V_load_10 = load i6 %V_V_addr_10"   --->   Operation 512 'load' 'V_V_load_10' <Predicate = (!icmp_ln121)> <Delay = 3.25> <CoreInst = "RAM">   --->   Core 82 'RAM' <Latency = 1> <II = 1> <Delay = 3.25> <Storage> <Opcode : 'load' 'store'> <Ports = 2> <Width = 16> <Depth = 64> <RAM>
ST_6 : Operation 513 [2/2] (3.25ns)   --->   "%V_V_1_load_10 = load i6 %V_V_1_addr_10"   --->   Operation 513 'load' 'V_V_1_load_10' <Predicate = (!icmp_ln121)> <Delay = 3.25> <CoreInst = "RAM">   --->   Core 82 'RAM' <Latency = 1> <II = 1> <Delay = 3.25> <Storage> <Opcode : 'load' 'store'> <Ports = 2> <Width = 16> <Depth = 64> <RAM>
ST_6 : Operation 514 [2/2] (3.25ns)   --->   "%V_V_2_load_10 = load i6 %V_V_2_addr_10"   --->   Operation 514 'load' 'V_V_2_load_10' <Predicate = (!icmp_ln121)> <Delay = 3.25> <CoreInst = "RAM">   --->   Core 82 'RAM' <Latency = 1> <II = 1> <Delay = 3.25> <Storage> <Opcode : 'load' 'store'> <Ports = 2> <Width = 16> <Depth = 64> <RAM>
ST_6 : Operation 515 [2/2] (3.25ns)   --->   "%V_V_3_load_10 = load i6 %V_V_3_addr_10"   --->   Operation 515 'load' 'V_V_3_load_10' <Predicate = (!icmp_ln121)> <Delay = 3.25> <CoreInst = "RAM">   --->   Core 82 'RAM' <Latency = 1> <II = 1> <Delay = 3.25> <Storage> <Opcode : 'load' 'store'> <Ports = 2> <Width = 16> <Depth = 64> <RAM>

State 7 <SV = 6> <Delay = 5.88>
ST_7 : Operation 516 [1/1] (0.00ns)   --->   "%tmp_836_cast = bitconcatenate i6 @_ssdm_op_BitConcatenate.i6.i4.i2, i4 10, i2 %tmp_s"   --->   Operation 516 'bitconcatenate' 'tmp_836_cast' <Predicate = (!icmp_ln122)> <Delay = 0.00>
ST_7 : Operation 517 [1/1] (0.00ns)   --->   "%tmp_836_cast_cast = zext i6 %tmp_836_cast"   --->   Operation 517 'zext' 'tmp_836_cast_cast' <Predicate = (!icmp_ln122)> <Delay = 0.00>
ST_7 : Operation 518 [1/1] (0.00ns)   --->   "%K_V_addr_13 = getelementptr i16 %K_V, i64 0, i64 %tmp_836_cast_cast"   --->   Operation 518 'getelementptr' 'K_V_addr_13' <Predicate = (!icmp_ln122)> <Delay = 0.00>
ST_7 : Operation 519 [1/1] (0.00ns)   --->   "%tmp_837_cast = bitconcatenate i6 @_ssdm_op_BitConcatenate.i6.i4.i2, i4 11, i2 %tmp_s"   --->   Operation 519 'bitconcatenate' 'tmp_837_cast' <Predicate = (!icmp_ln122)> <Delay = 0.00>
ST_7 : Operation 520 [1/1] (0.00ns)   --->   "%tmp_837_cast_cast = zext i6 %tmp_837_cast"   --->   Operation 520 'zext' 'tmp_837_cast_cast' <Predicate = (!icmp_ln122)> <Delay = 0.00>
ST_7 : Operation 521 [1/1] (0.00ns)   --->   "%K_V_addr_14 = getelementptr i16 %K_V, i64 0, i64 %tmp_837_cast_cast"   --->   Operation 521 'getelementptr' 'K_V_addr_14' <Predicate = (!icmp_ln122)> <Delay = 0.00>
ST_7 : Operation 522 [1/1] (0.00ns)   --->   "%K_V_1_addr_13 = getelementptr i16 %K_V_1, i64 0, i64 %tmp_836_cast_cast"   --->   Operation 522 'getelementptr' 'K_V_1_addr_13' <Predicate = (!icmp_ln122)> <Delay = 0.00>
ST_7 : Operation 523 [1/1] (0.00ns)   --->   "%K_V_1_addr_14 = getelementptr i16 %K_V_1, i64 0, i64 %tmp_837_cast_cast"   --->   Operation 523 'getelementptr' 'K_V_1_addr_14' <Predicate = (!icmp_ln122)> <Delay = 0.00>
ST_7 : Operation 524 [1/1] (0.00ns)   --->   "%K_V_2_addr_13 = getelementptr i16 %K_V_2, i64 0, i64 %tmp_836_cast_cast"   --->   Operation 524 'getelementptr' 'K_V_2_addr_13' <Predicate = (!icmp_ln122)> <Delay = 0.00>
ST_7 : Operation 525 [1/1] (0.00ns)   --->   "%K_V_2_addr_14 = getelementptr i16 %K_V_2, i64 0, i64 %tmp_837_cast_cast"   --->   Operation 525 'getelementptr' 'K_V_2_addr_14' <Predicate = (!icmp_ln122)> <Delay = 0.00>
ST_7 : Operation 526 [1/1] (0.00ns)   --->   "%K_V_3_addr_13 = getelementptr i16 %K_V_3, i64 0, i64 %tmp_836_cast_cast"   --->   Operation 526 'getelementptr' 'K_V_3_addr_13' <Predicate = (!icmp_ln122)> <Delay = 0.00>
ST_7 : Operation 527 [1/1] (0.00ns)   --->   "%K_V_3_addr_14 = getelementptr i16 %K_V_3, i64 0, i64 %tmp_837_cast_cast"   --->   Operation 527 'getelementptr' 'K_V_3_addr_14' <Predicate = (!icmp_ln122)> <Delay = 0.00>
ST_7 : Operation 528 [1/2] (3.25ns)   --->   "%K_V_load_8 = load i6 %K_V_addr_11"   --->   Operation 528 'load' 'K_V_load_8' <Predicate = (!icmp_ln121 & !icmp_ln122 & empty == 0)> <Delay = 3.25> <CoreInst = "RAM">   --->   Core 82 'RAM' <Latency = 1> <II = 1> <Delay = 3.25> <Storage> <Opcode : 'load' 'store'> <Ports = 2> <Width = 16> <Depth = 64> <RAM>
ST_7 : Operation 529 [1/2] (3.25ns)   --->   "%K_V_1_load_8 = load i6 %K_V_1_addr_11"   --->   Operation 529 'load' 'K_V_1_load_8' <Predicate = (!icmp_ln121 & !icmp_ln122 & empty != 0 & empty == 1)> <Delay = 3.25> <CoreInst = "RAM">   --->   Core 82 'RAM' <Latency = 1> <II = 1> <Delay = 3.25> <Storage> <Opcode : 'load' 'store'> <Ports = 2> <Width = 16> <Depth = 64> <RAM>
ST_7 : Operation 530 [1/2] (3.25ns)   --->   "%K_V_2_load_8 = load i6 %K_V_2_addr_11"   --->   Operation 530 'load' 'K_V_2_load_8' <Predicate = (!icmp_ln121 & !icmp_ln122 & empty != 0 & empty != 1 & empty == 2)> <Delay = 3.25> <CoreInst = "RAM">   --->   Core 82 'RAM' <Latency = 1> <II = 1> <Delay = 3.25> <Storage> <Opcode : 'load' 'store'> <Ports = 2> <Width = 16> <Depth = 64> <RAM>
ST_7 : Operation 531 [1/2] (3.25ns)   --->   "%K_V_3_load_8 = load i6 %K_V_3_addr_11"   --->   Operation 531 'load' 'K_V_3_load_8' <Predicate = (!icmp_ln121 & !icmp_ln122 & empty != 0 & empty != 1 & empty != 2 & empty == 3)> <Delay = 3.25> <CoreInst = "RAM">   --->   Core 82 'RAM' <Latency = 1> <II = 1> <Delay = 3.25> <Storage> <Opcode : 'load' 'store'> <Ports = 2> <Width = 16> <Depth = 64> <RAM>
ST_7 : Operation 532 [1/1] (1.82ns)   --->   "%r_V_16 = mux i16 @_ssdm_op_Mux.ap_auto.4i16.i2, i16 %K_V_load_8, i16 %K_V_1_load_8, i16 %K_V_2_load_8, i16 %K_V_3_load_8, i2 %empty"   --->   Operation 532 'mux' 'r_V_16' <Predicate = (!icmp_ln122)> <Delay = 1.82> <CoreInst = "Multiplexer">   --->   Core 76 'Multiplexer' <Latency = 0> <II = 1> <Delay = 1.82> <FuncUnit> <Opcode : 'mux'> <InPorts = 2> <OutPorts = 1>
ST_7 : Operation 533 [1/2] (3.25ns)   --->   "%K_V_load_9 = load i6 %K_V_addr_12"   --->   Operation 533 'load' 'K_V_load_9' <Predicate = (!icmp_ln121 & !icmp_ln122 & empty == 0)> <Delay = 3.25> <CoreInst = "RAM">   --->   Core 82 'RAM' <Latency = 1> <II = 1> <Delay = 3.25> <Storage> <Opcode : 'load' 'store'> <Ports = 2> <Width = 16> <Depth = 64> <RAM>
ST_7 : Operation 534 [1/2] (3.25ns)   --->   "%K_V_1_load_9 = load i6 %K_V_1_addr_12"   --->   Operation 534 'load' 'K_V_1_load_9' <Predicate = (!icmp_ln121 & !icmp_ln122 & empty != 0 & empty == 1)> <Delay = 3.25> <CoreInst = "RAM">   --->   Core 82 'RAM' <Latency = 1> <II = 1> <Delay = 3.25> <Storage> <Opcode : 'load' 'store'> <Ports = 2> <Width = 16> <Depth = 64> <RAM>
ST_7 : Operation 535 [1/2] (3.25ns)   --->   "%K_V_2_load_9 = load i6 %K_V_2_addr_12"   --->   Operation 535 'load' 'K_V_2_load_9' <Predicate = (!icmp_ln121 & !icmp_ln122 & empty != 0 & empty != 1 & empty == 2)> <Delay = 3.25> <CoreInst = "RAM">   --->   Core 82 'RAM' <Latency = 1> <II = 1> <Delay = 3.25> <Storage> <Opcode : 'load' 'store'> <Ports = 2> <Width = 16> <Depth = 64> <RAM>
ST_7 : Operation 536 [1/2] (3.25ns)   --->   "%K_V_3_load_9 = load i6 %K_V_3_addr_12"   --->   Operation 536 'load' 'K_V_3_load_9' <Predicate = (!icmp_ln121 & !icmp_ln122 & empty != 0 & empty != 1 & empty != 2 & empty == 3)> <Delay = 3.25> <CoreInst = "RAM">   --->   Core 82 'RAM' <Latency = 1> <II = 1> <Delay = 3.25> <Storage> <Opcode : 'load' 'store'> <Ports = 2> <Width = 16> <Depth = 64> <RAM>
ST_7 : Operation 537 [1/1] (1.82ns)   --->   "%r_V_18 = mux i16 @_ssdm_op_Mux.ap_auto.4i16.i2, i16 %K_V_load_9, i16 %K_V_1_load_9, i16 %K_V_2_load_9, i16 %K_V_3_load_9, i2 %empty"   --->   Operation 537 'mux' 'r_V_18' <Predicate = (!icmp_ln122)> <Delay = 1.82> <CoreInst = "Multiplexer">   --->   Core 76 'Multiplexer' <Latency = 0> <II = 1> <Delay = 1.82> <FuncUnit> <Opcode : 'mux'> <InPorts = 2> <OutPorts = 1>
ST_7 : Operation 538 [2/2] (3.25ns)   --->   "%K_V_load_10 = load i6 %K_V_addr_13"   --->   Operation 538 'load' 'K_V_load_10' <Predicate = (!icmp_ln121 & !icmp_ln122 & empty == 0)> <Delay = 3.25> <CoreInst = "RAM">   --->   Core 82 'RAM' <Latency = 1> <II = 1> <Delay = 3.25> <Storage> <Opcode : 'load' 'store'> <Ports = 2> <Width = 16> <Depth = 64> <RAM>
ST_7 : Operation 539 [2/2] (3.25ns)   --->   "%K_V_1_load_10 = load i6 %K_V_1_addr_13"   --->   Operation 539 'load' 'K_V_1_load_10' <Predicate = (!icmp_ln121 & !icmp_ln122 & empty != 0 & empty == 1)> <Delay = 3.25> <CoreInst = "RAM">   --->   Core 82 'RAM' <Latency = 1> <II = 1> <Delay = 3.25> <Storage> <Opcode : 'load' 'store'> <Ports = 2> <Width = 16> <Depth = 64> <RAM>
ST_7 : Operation 540 [2/2] (3.25ns)   --->   "%K_V_2_load_10 = load i6 %K_V_2_addr_13"   --->   Operation 540 'load' 'K_V_2_load_10' <Predicate = (!icmp_ln121 & !icmp_ln122 & empty != 0 & empty != 1 & empty == 2)> <Delay = 3.25> <CoreInst = "RAM">   --->   Core 82 'RAM' <Latency = 1> <II = 1> <Delay = 3.25> <Storage> <Opcode : 'load' 'store'> <Ports = 2> <Width = 16> <Depth = 64> <RAM>
ST_7 : Operation 541 [2/2] (3.25ns)   --->   "%K_V_3_load_10 = load i6 %K_V_3_addr_13"   --->   Operation 541 'load' 'K_V_3_load_10' <Predicate = (!icmp_ln121 & !icmp_ln122 & empty != 0 & empty != 1 & empty != 2 & empty == 3)> <Delay = 3.25> <CoreInst = "RAM">   --->   Core 82 'RAM' <Latency = 1> <II = 1> <Delay = 3.25> <Storage> <Opcode : 'load' 'store'> <Ports = 2> <Width = 16> <Depth = 64> <RAM>
ST_7 : Operation 542 [2/2] (3.25ns)   --->   "%K_V_load_11 = load i6 %K_V_addr_14"   --->   Operation 542 'load' 'K_V_load_11' <Predicate = (!icmp_ln121 & !icmp_ln122 & empty == 0)> <Delay = 3.25> <CoreInst = "RAM">   --->   Core 82 'RAM' <Latency = 1> <II = 1> <Delay = 3.25> <Storage> <Opcode : 'load' 'store'> <Ports = 2> <Width = 16> <Depth = 64> <RAM>
ST_7 : Operation 543 [2/2] (3.25ns)   --->   "%K_V_1_load_11 = load i6 %K_V_1_addr_14"   --->   Operation 543 'load' 'K_V_1_load_11' <Predicate = (!icmp_ln121 & !icmp_ln122 & empty != 0 & empty == 1)> <Delay = 3.25> <CoreInst = "RAM">   --->   Core 82 'RAM' <Latency = 1> <II = 1> <Delay = 3.25> <Storage> <Opcode : 'load' 'store'> <Ports = 2> <Width = 16> <Depth = 64> <RAM>
ST_7 : Operation 544 [2/2] (3.25ns)   --->   "%K_V_2_load_11 = load i6 %K_V_2_addr_14"   --->   Operation 544 'load' 'K_V_2_load_11' <Predicate = (!icmp_ln121 & !icmp_ln122 & empty != 0 & empty != 1 & empty == 2)> <Delay = 3.25> <CoreInst = "RAM">   --->   Core 82 'RAM' <Latency = 1> <II = 1> <Delay = 3.25> <Storage> <Opcode : 'load' 'store'> <Ports = 2> <Width = 16> <Depth = 64> <RAM>
ST_7 : Operation 545 [2/2] (3.25ns)   --->   "%K_V_3_load_11 = load i6 %K_V_3_addr_14"   --->   Operation 545 'load' 'K_V_3_load_11' <Predicate = (!icmp_ln121 & !icmp_ln122 & empty != 0 & empty != 1 & empty != 2 & empty == 3)> <Delay = 3.25> <CoreInst = "RAM">   --->   Core 82 'RAM' <Latency = 1> <II = 1> <Delay = 3.25> <Storage> <Opcode : 'load' 'store'> <Ports = 2> <Width = 16> <Depth = 64> <RAM>
ST_7 : Operation 546 [1/1] (0.00ns)   --->   "%tmp_851_cast = bitconcatenate i6 @_ssdm_op_BitConcatenate.i6.i4.i2, i4 10, i2 %p_mid1" [src/imgds_linear_dense_q16.cpp:121]   --->   Operation 546 'bitconcatenate' 'tmp_851_cast' <Predicate = (!icmp_ln121 & icmp_ln122)> <Delay = 0.00>
ST_7 : Operation 547 [1/1] (0.00ns)   --->   "%tmp_851_cast_cast = zext i6 %tmp_851_cast" [src/imgds_linear_dense_q16.cpp:121]   --->   Operation 547 'zext' 'tmp_851_cast_cast' <Predicate = (!icmp_ln121 & icmp_ln122)> <Delay = 0.00>
ST_7 : Operation 548 [1/1] (0.00ns)   --->   "%K_V_addr_29 = getelementptr i16 %K_V, i64 0, i64 %tmp_851_cast_cast" [src/imgds_linear_dense_q16.cpp:121]   --->   Operation 548 'getelementptr' 'K_V_addr_29' <Predicate = (!icmp_ln121 & icmp_ln122)> <Delay = 0.00>
ST_7 : Operation 549 [1/1] (0.00ns)   --->   "%tmp_852_cast = bitconcatenate i6 @_ssdm_op_BitConcatenate.i6.i4.i2, i4 11, i2 %p_mid1" [src/imgds_linear_dense_q16.cpp:121]   --->   Operation 549 'bitconcatenate' 'tmp_852_cast' <Predicate = (!icmp_ln121 & icmp_ln122)> <Delay = 0.00>
ST_7 : Operation 550 [1/1] (0.00ns)   --->   "%tmp_852_cast_cast = zext i6 %tmp_852_cast" [src/imgds_linear_dense_q16.cpp:121]   --->   Operation 550 'zext' 'tmp_852_cast_cast' <Predicate = (!icmp_ln121 & icmp_ln122)> <Delay = 0.00>
ST_7 : Operation 551 [1/1] (0.00ns)   --->   "%K_V_addr_30 = getelementptr i16 %K_V, i64 0, i64 %tmp_852_cast_cast" [src/imgds_linear_dense_q16.cpp:121]   --->   Operation 551 'getelementptr' 'K_V_addr_30' <Predicate = (!icmp_ln121 & icmp_ln122)> <Delay = 0.00>
ST_7 : Operation 552 [1/1] (0.00ns)   --->   "%K_V_1_addr_29 = getelementptr i16 %K_V_1, i64 0, i64 %tmp_851_cast_cast" [src/imgds_linear_dense_q16.cpp:121]   --->   Operation 552 'getelementptr' 'K_V_1_addr_29' <Predicate = (!icmp_ln121 & icmp_ln122)> <Delay = 0.00>
ST_7 : Operation 553 [1/1] (0.00ns)   --->   "%K_V_1_addr_30 = getelementptr i16 %K_V_1, i64 0, i64 %tmp_852_cast_cast" [src/imgds_linear_dense_q16.cpp:121]   --->   Operation 553 'getelementptr' 'K_V_1_addr_30' <Predicate = (!icmp_ln121 & icmp_ln122)> <Delay = 0.00>
ST_7 : Operation 554 [1/1] (0.00ns)   --->   "%K_V_2_addr_29 = getelementptr i16 %K_V_2, i64 0, i64 %tmp_851_cast_cast" [src/imgds_linear_dense_q16.cpp:121]   --->   Operation 554 'getelementptr' 'K_V_2_addr_29' <Predicate = (!icmp_ln121 & icmp_ln122)> <Delay = 0.00>
ST_7 : Operation 555 [1/1] (0.00ns)   --->   "%K_V_2_addr_30 = getelementptr i16 %K_V_2, i64 0, i64 %tmp_852_cast_cast" [src/imgds_linear_dense_q16.cpp:121]   --->   Operation 555 'getelementptr' 'K_V_2_addr_30' <Predicate = (!icmp_ln121 & icmp_ln122)> <Delay = 0.00>
ST_7 : Operation 556 [1/1] (0.00ns)   --->   "%K_V_3_addr_29 = getelementptr i16 %K_V_3, i64 0, i64 %tmp_851_cast_cast" [src/imgds_linear_dense_q16.cpp:121]   --->   Operation 556 'getelementptr' 'K_V_3_addr_29' <Predicate = (!icmp_ln121 & icmp_ln122)> <Delay = 0.00>
ST_7 : Operation 557 [1/1] (0.00ns)   --->   "%K_V_3_addr_30 = getelementptr i16 %K_V_3, i64 0, i64 %tmp_852_cast_cast" [src/imgds_linear_dense_q16.cpp:121]   --->   Operation 557 'getelementptr' 'K_V_3_addr_30' <Predicate = (!icmp_ln121 & icmp_ln122)> <Delay = 0.00>
ST_7 : Operation 558 [1/1] (0.00ns)   --->   "%sext_ln121_3 = sext i16 %select_ln121_5" [src/imgds_linear_dense_q16.cpp:121]   --->   Operation 558 'sext' 'sext_ln121_3' <Predicate = (!icmp_ln121)> <Delay = 0.00>
ST_7 : Operation 559 [1/2] (3.25ns)   --->   "%K_V_load_24 = load i6 %K_V_addr_27" [src/imgds_linear_dense_q16.cpp:121]   --->   Operation 559 'load' 'K_V_load_24' <Predicate = (!icmp_ln121 & icmp_ln122 & empty_66 == 0)> <Delay = 3.25> <CoreInst = "RAM">   --->   Core 82 'RAM' <Latency = 1> <II = 1> <Delay = 3.25> <Storage> <Opcode : 'load' 'store'> <Ports = 2> <Width = 16> <Depth = 64> <RAM>
ST_7 : Operation 560 [1/2] (3.25ns)   --->   "%K_V_1_load_24 = load i6 %K_V_1_addr_27" [src/imgds_linear_dense_q16.cpp:121]   --->   Operation 560 'load' 'K_V_1_load_24' <Predicate = (!icmp_ln121 & icmp_ln122 & empty_66 != 0 & empty_66 == 1)> <Delay = 3.25> <CoreInst = "RAM">   --->   Core 82 'RAM' <Latency = 1> <II = 1> <Delay = 3.25> <Storage> <Opcode : 'load' 'store'> <Ports = 2> <Width = 16> <Depth = 64> <RAM>
ST_7 : Operation 561 [1/2] (3.25ns)   --->   "%K_V_2_load_24 = load i6 %K_V_2_addr_27" [src/imgds_linear_dense_q16.cpp:121]   --->   Operation 561 'load' 'K_V_2_load_24' <Predicate = (!icmp_ln121 & icmp_ln122 & empty_66 != 0 & empty_66 != 1 & empty_66 == 2)> <Delay = 3.25> <CoreInst = "RAM">   --->   Core 82 'RAM' <Latency = 1> <II = 1> <Delay = 3.25> <Storage> <Opcode : 'load' 'store'> <Ports = 2> <Width = 16> <Depth = 64> <RAM>
ST_7 : Operation 562 [1/2] (3.25ns)   --->   "%K_V_3_load_24 = load i6 %K_V_3_addr_27" [src/imgds_linear_dense_q16.cpp:121]   --->   Operation 562 'load' 'K_V_3_load_24' <Predicate = (!icmp_ln121 & icmp_ln122 & empty_66 != 0 & empty_66 != 1 & empty_66 != 2 & empty_66 == 3)> <Delay = 3.25> <CoreInst = "RAM">   --->   Core 82 'RAM' <Latency = 1> <II = 1> <Delay = 3.25> <Storage> <Opcode : 'load' 'store'> <Ports = 2> <Width = 16> <Depth = 64> <RAM>
ST_7 : Operation 563 [1/1] (1.82ns)   --->   "%r_V_881_mid1 = mux i16 @_ssdm_op_Mux.ap_auto.4i16.i2, i16 %K_V_load_24, i16 %K_V_1_load_24, i16 %K_V_2_load_24, i16 %K_V_3_load_24, i2 %empty_66" [src/imgds_linear_dense_q16.cpp:121]   --->   Operation 563 'mux' 'r_V_881_mid1' <Predicate = (!icmp_ln121 & icmp_ln122)> <Delay = 1.82> <CoreInst = "Multiplexer">   --->   Core 76 'Multiplexer' <Latency = 0> <II = 1> <Delay = 1.82> <FuncUnit> <Opcode : 'mux'> <InPorts = 2> <OutPorts = 1>
ST_7 : Operation 564 [1/1] (0.80ns)   --->   "%select_ln121_10 = select i1 %icmp_ln122, i16 %r_V_881_mid1, i16 %r_V_16" [src/imgds_linear_dense_q16.cpp:121]   --->   Operation 564 'select' 'select_ln121_10' <Predicate = (!icmp_ln121)> <Delay = 0.80> <CoreInst = "Sel">   --->   Core 73 'Sel' <Latency = 0> <II = 1> <Delay = 0.80> <FuncUnit> <Opcode : 'select'> <InPorts = 3> <OutPorts = 1>
ST_7 : Operation 565 [1/2] (3.25ns)   --->   "%K_V_load_25 = load i6 %K_V_addr_28" [src/imgds_linear_dense_q16.cpp:121]   --->   Operation 565 'load' 'K_V_load_25' <Predicate = (!icmp_ln121 & icmp_ln122 & empty_66 == 0)> <Delay = 3.25> <CoreInst = "RAM">   --->   Core 82 'RAM' <Latency = 1> <II = 1> <Delay = 3.25> <Storage> <Opcode : 'load' 'store'> <Ports = 2> <Width = 16> <Depth = 64> <RAM>
ST_7 : Operation 566 [1/2] (3.25ns)   --->   "%K_V_1_load_25 = load i6 %K_V_1_addr_28" [src/imgds_linear_dense_q16.cpp:121]   --->   Operation 566 'load' 'K_V_1_load_25' <Predicate = (!icmp_ln121 & icmp_ln122 & empty_66 != 0 & empty_66 == 1)> <Delay = 3.25> <CoreInst = "RAM">   --->   Core 82 'RAM' <Latency = 1> <II = 1> <Delay = 3.25> <Storage> <Opcode : 'load' 'store'> <Ports = 2> <Width = 16> <Depth = 64> <RAM>
ST_7 : Operation 567 [1/2] (3.25ns)   --->   "%K_V_2_load_25 = load i6 %K_V_2_addr_28" [src/imgds_linear_dense_q16.cpp:121]   --->   Operation 567 'load' 'K_V_2_load_25' <Predicate = (!icmp_ln121 & icmp_ln122 & empty_66 != 0 & empty_66 != 1 & empty_66 == 2)> <Delay = 3.25> <CoreInst = "RAM">   --->   Core 82 'RAM' <Latency = 1> <II = 1> <Delay = 3.25> <Storage> <Opcode : 'load' 'store'> <Ports = 2> <Width = 16> <Depth = 64> <RAM>
ST_7 : Operation 568 [1/2] (3.25ns)   --->   "%K_V_3_load_25 = load i6 %K_V_3_addr_28" [src/imgds_linear_dense_q16.cpp:121]   --->   Operation 568 'load' 'K_V_3_load_25' <Predicate = (!icmp_ln121 & icmp_ln122 & empty_66 != 0 & empty_66 != 1 & empty_66 != 2 & empty_66 == 3)> <Delay = 3.25> <CoreInst = "RAM">   --->   Core 82 'RAM' <Latency = 1> <II = 1> <Delay = 3.25> <Storage> <Opcode : 'load' 'store'> <Ports = 2> <Width = 16> <Depth = 64> <RAM>
ST_7 : Operation 569 [1/1] (1.82ns)   --->   "%r_V_882_mid1 = mux i16 @_ssdm_op_Mux.ap_auto.4i16.i2, i16 %K_V_load_25, i16 %K_V_1_load_25, i16 %K_V_2_load_25, i16 %K_V_3_load_25, i2 %empty_66" [src/imgds_linear_dense_q16.cpp:121]   --->   Operation 569 'mux' 'r_V_882_mid1' <Predicate = (!icmp_ln121 & icmp_ln122)> <Delay = 1.82> <CoreInst = "Multiplexer">   --->   Core 76 'Multiplexer' <Latency = 0> <II = 1> <Delay = 1.82> <FuncUnit> <Opcode : 'mux'> <InPorts = 2> <OutPorts = 1>
ST_7 : Operation 570 [1/1] (0.80ns)   --->   "%select_ln121_11 = select i1 %icmp_ln122, i16 %r_V_882_mid1, i16 %r_V_18" [src/imgds_linear_dense_q16.cpp:121]   --->   Operation 570 'select' 'select_ln121_11' <Predicate = (!icmp_ln121)> <Delay = 0.80> <CoreInst = "Sel">   --->   Core 73 'Sel' <Latency = 0> <II = 1> <Delay = 0.80> <FuncUnit> <Opcode : 'select'> <InPorts = 3> <OutPorts = 1>
ST_7 : Operation 571 [2/2] (3.25ns)   --->   "%K_V_load_26 = load i6 %K_V_addr_29" [src/imgds_linear_dense_q16.cpp:121]   --->   Operation 571 'load' 'K_V_load_26' <Predicate = (!icmp_ln121 & icmp_ln122 & empty_66 == 0)> <Delay = 3.25> <CoreInst = "RAM">   --->   Core 82 'RAM' <Latency = 1> <II = 1> <Delay = 3.25> <Storage> <Opcode : 'load' 'store'> <Ports = 2> <Width = 16> <Depth = 64> <RAM>
ST_7 : Operation 572 [2/2] (3.25ns)   --->   "%K_V_1_load_26 = load i6 %K_V_1_addr_29" [src/imgds_linear_dense_q16.cpp:121]   --->   Operation 572 'load' 'K_V_1_load_26' <Predicate = (!icmp_ln121 & icmp_ln122 & empty_66 != 0 & empty_66 == 1)> <Delay = 3.25> <CoreInst = "RAM">   --->   Core 82 'RAM' <Latency = 1> <II = 1> <Delay = 3.25> <Storage> <Opcode : 'load' 'store'> <Ports = 2> <Width = 16> <Depth = 64> <RAM>
ST_7 : Operation 573 [2/2] (3.25ns)   --->   "%K_V_2_load_26 = load i6 %K_V_2_addr_29" [src/imgds_linear_dense_q16.cpp:121]   --->   Operation 573 'load' 'K_V_2_load_26' <Predicate = (!icmp_ln121 & icmp_ln122 & empty_66 != 0 & empty_66 != 1 & empty_66 == 2)> <Delay = 3.25> <CoreInst = "RAM">   --->   Core 82 'RAM' <Latency = 1> <II = 1> <Delay = 3.25> <Storage> <Opcode : 'load' 'store'> <Ports = 2> <Width = 16> <Depth = 64> <RAM>
ST_7 : Operation 574 [2/2] (3.25ns)   --->   "%K_V_3_load_26 = load i6 %K_V_3_addr_29" [src/imgds_linear_dense_q16.cpp:121]   --->   Operation 574 'load' 'K_V_3_load_26' <Predicate = (!icmp_ln121 & icmp_ln122 & empty_66 != 0 & empty_66 != 1 & empty_66 != 2 & empty_66 == 3)> <Delay = 3.25> <CoreInst = "RAM">   --->   Core 82 'RAM' <Latency = 1> <II = 1> <Delay = 3.25> <Storage> <Opcode : 'load' 'store'> <Ports = 2> <Width = 16> <Depth = 64> <RAM>
ST_7 : Operation 575 [2/2] (3.25ns)   --->   "%K_V_load_27 = load i6 %K_V_addr_30" [src/imgds_linear_dense_q16.cpp:121]   --->   Operation 575 'load' 'K_V_load_27' <Predicate = (!icmp_ln121 & icmp_ln122 & empty_66 == 0)> <Delay = 3.25> <CoreInst = "RAM">   --->   Core 82 'RAM' <Latency = 1> <II = 1> <Delay = 3.25> <Storage> <Opcode : 'load' 'store'> <Ports = 2> <Width = 16> <Depth = 64> <RAM>
ST_7 : Operation 576 [2/2] (3.25ns)   --->   "%K_V_1_load_27 = load i6 %K_V_1_addr_30" [src/imgds_linear_dense_q16.cpp:121]   --->   Operation 576 'load' 'K_V_1_load_27' <Predicate = (!icmp_ln121 & icmp_ln122 & empty_66 != 0 & empty_66 == 1)> <Delay = 3.25> <CoreInst = "RAM">   --->   Core 82 'RAM' <Latency = 1> <II = 1> <Delay = 3.25> <Storage> <Opcode : 'load' 'store'> <Ports = 2> <Width = 16> <Depth = 64> <RAM>
ST_7 : Operation 577 [2/2] (3.25ns)   --->   "%K_V_2_load_27 = load i6 %K_V_2_addr_30" [src/imgds_linear_dense_q16.cpp:121]   --->   Operation 577 'load' 'K_V_2_load_27' <Predicate = (!icmp_ln121 & icmp_ln122 & empty_66 != 0 & empty_66 != 1 & empty_66 == 2)> <Delay = 3.25> <CoreInst = "RAM">   --->   Core 82 'RAM' <Latency = 1> <II = 1> <Delay = 3.25> <Storage> <Opcode : 'load' 'store'> <Ports = 2> <Width = 16> <Depth = 64> <RAM>
ST_7 : Operation 578 [2/2] (3.25ns)   --->   "%K_V_3_load_27 = load i6 %K_V_3_addr_30" [src/imgds_linear_dense_q16.cpp:121]   --->   Operation 578 'load' 'K_V_3_load_27' <Predicate = (!icmp_ln121 & icmp_ln122 & empty_66 != 0 & empty_66 != 1 & empty_66 != 2 & empty_66 == 3)> <Delay = 3.25> <CoreInst = "RAM">   --->   Core 82 'RAM' <Latency = 1> <II = 1> <Delay = 3.25> <Storage> <Opcode : 'load' 'store'> <Ports = 2> <Width = 16> <Depth = 64> <RAM>
ST_7 : Operation 579 [1/4] (0.00ns) (root node of the DSP)   --->   "%mul_ln1270_2 = mul i26 %sext_ln1270, i26 %sext_ln121"   --->   Operation 579 'mul' 'mul_ln1270_2' <Predicate = (!icmp_ln121)> <Delay = 0.00> <CoreInst = "DSP48">   --->   Core 119 'DSP48' <Latency = 3> <II = 1> <Delay = 2.15> <IPBlock> <Opcode : 'mul' 'add' 'sub' 'select'> <InPorts = 0> <OutPorts = 1> <Sync> <CReg>
ST_7 : Operation 580 [1/1] (0.00ns)   --->   "%tmp_523 = partselect i20 @_ssdm_op_PartSelect.i20.i26.i32.i32, i26 %mul_ln1270_2, i32 6, i32 25"   --->   Operation 580 'partselect' 'tmp_523' <Predicate = (!icmp_ln121)> <Delay = 0.00>
ST_7 : Operation 581 [1/1] (0.00ns)   --->   "%lhs = bitconcatenate i26 @_ssdm_op_BitConcatenate.i26.i20.i6, i20 %tmp_523, i6 0"   --->   Operation 581 'bitconcatenate' 'lhs' <Predicate = (!icmp_ln121)> <Delay = 0.00>
ST_7 : Operation 582 [1/3] (0.00ns) (grouped into DSP with root node ret_V)   --->   "%mul_ln1347_73 = mul i26 %sext_ln1347, i26 %sext_ln121_1"   --->   Operation 582 'mul' 'mul_ln1347_73' <Predicate = (!icmp_ln121)> <Delay = 0.00> <CoreInst = "DSP48">   --->   Core 119 'DSP48' <Latency = 3> <II = 1> <Delay = 2.15> <IPBlock> <Opcode : 'mul' 'add' 'sub' 'select'> <InPorts = 0> <OutPorts = 1> <Sync> <CReg>
ST_7 : Operation 583 [2/2] (2.10ns) (root node of the DSP)   --->   "%ret_V = add i26 %lhs, i26 %mul_ln1347_73"   --->   Operation 583 'add' 'ret_V' <Predicate = (!icmp_ln121)> <Delay = 2.10> <CoreInst = "DSP48">   --->   Core 119 'DSP48' <Latency = 3> <II = 1> <Delay = 2.15> <IPBlock> <Opcode : 'mul' 'add' 'sub' 'select'> <InPorts = 0> <OutPorts = 1> <Sync> <CReg>
ST_7 : Operation 584 [2/3] (1.05ns) (grouped into DSP with root node ret_V_512)   --->   "%mul_ln1347_74 = mul i26 %sext_ln1347_3, i26 %sext_ln121_2"   --->   Operation 584 'mul' 'mul_ln1347_74' <Predicate = (!icmp_ln121)> <Delay = 1.05> <CoreInst = "DSP48">   --->   Core 119 'DSP48' <Latency = 3> <II = 1> <Delay = 2.15> <IPBlock> <Opcode : 'mul' 'add' 'sub' 'select'> <InPorts = 0> <OutPorts = 1> <Sync> <CReg>
ST_7 : Operation 585 [1/1] (0.00ns)   --->   "%sext_ln1347_4 = sext i16 %tmp_19"   --->   Operation 585 'sext' 'sext_ln1347_4' <Predicate = (!icmp_ln121)> <Delay = 0.00>
ST_7 : Operation 586 [3/3] (1.05ns) (grouped into DSP with root node ret_V_513)   --->   "%mul_ln1347_75 = mul i26 %sext_ln1347_4, i26 %sext_ln121_3"   --->   Operation 586 'mul' 'mul_ln1347_75' <Predicate = (!icmp_ln121)> <Delay = 1.05> <CoreInst = "DSP48">   --->   Core 119 'DSP48' <Latency = 3> <II = 1> <Delay = 2.15> <IPBlock> <Opcode : 'mul' 'add' 'sub' 'select'> <InPorts = 0> <OutPorts = 1> <Sync> <CReg>
ST_7 : Operation 587 [1/2] (3.25ns)   --->   "%V_V_load_10 = load i6 %V_V_addr_10"   --->   Operation 587 'load' 'V_V_load_10' <Predicate = (!icmp_ln121)> <Delay = 3.25> <CoreInst = "RAM">   --->   Core 82 'RAM' <Latency = 1> <II = 1> <Delay = 3.25> <Storage> <Opcode : 'load' 'store'> <Ports = 2> <Width = 16> <Depth = 64> <RAM>
ST_7 : Operation 588 [1/2] (3.25ns)   --->   "%V_V_1_load_10 = load i6 %V_V_1_addr_10"   --->   Operation 588 'load' 'V_V_1_load_10' <Predicate = (!icmp_ln121)> <Delay = 3.25> <CoreInst = "RAM">   --->   Core 82 'RAM' <Latency = 1> <II = 1> <Delay = 3.25> <Storage> <Opcode : 'load' 'store'> <Ports = 2> <Width = 16> <Depth = 64> <RAM>
ST_7 : Operation 589 [1/2] (3.25ns)   --->   "%V_V_2_load_10 = load i6 %V_V_2_addr_10"   --->   Operation 589 'load' 'V_V_2_load_10' <Predicate = (!icmp_ln121)> <Delay = 3.25> <CoreInst = "RAM">   --->   Core 82 'RAM' <Latency = 1> <II = 1> <Delay = 3.25> <Storage> <Opcode : 'load' 'store'> <Ports = 2> <Width = 16> <Depth = 64> <RAM>
ST_7 : Operation 590 [1/2] (3.25ns)   --->   "%V_V_3_load_10 = load i6 %V_V_3_addr_10"   --->   Operation 590 'load' 'V_V_3_load_10' <Predicate = (!icmp_ln121)> <Delay = 3.25> <CoreInst = "RAM">   --->   Core 82 'RAM' <Latency = 1> <II = 1> <Delay = 3.25> <Storage> <Opcode : 'load' 'store'> <Ports = 2> <Width = 16> <Depth = 64> <RAM>
ST_7 : Operation 591 [1/1] (1.82ns)   --->   "%tmp_26 = mux i16 @_ssdm_op_Mux.ap_auto.4i16.i2, i16 %V_V_load_10, i16 %V_V_1_load_10, i16 %V_V_2_load_10, i16 %V_V_3_load_10, i2 %trunc_ln1273"   --->   Operation 591 'mux' 'tmp_26' <Predicate = (!icmp_ln121)> <Delay = 1.82> <CoreInst = "Multiplexer">   --->   Core 76 'Multiplexer' <Latency = 0> <II = 1> <Delay = 1.82> <FuncUnit> <Opcode : 'mux'> <InPorts = 2> <OutPorts = 1>

State 8 <SV = 7> <Delay = 5.88>
ST_8 : Operation 592 [1/1] (0.00ns)   --->   "%tmp_838_cast = sext i5 %tmp_830_cast"   --->   Operation 592 'sext' 'tmp_838_cast' <Predicate = (!icmp_ln122)> <Delay = 0.00>
ST_8 : Operation 593 [1/1] (0.00ns)   --->   "%tmp_838_cast_cast = zext i6 %tmp_838_cast"   --->   Operation 593 'zext' 'tmp_838_cast_cast' <Predicate = (!icmp_ln122)> <Delay = 0.00>
ST_8 : Operation 594 [1/1] (0.00ns)   --->   "%K_V_addr_15 = getelementptr i16 %K_V, i64 0, i64 %tmp_838_cast_cast"   --->   Operation 594 'getelementptr' 'K_V_addr_15' <Predicate = (!icmp_ln122)> <Delay = 0.00>
ST_8 : Operation 595 [1/1] (0.00ns)   --->   "%K_V_1_addr_15 = getelementptr i16 %K_V_1, i64 0, i64 %tmp_838_cast_cast"   --->   Operation 595 'getelementptr' 'K_V_1_addr_15' <Predicate = (!icmp_ln122)> <Delay = 0.00>
ST_8 : Operation 596 [1/1] (0.00ns)   --->   "%K_V_2_addr_15 = getelementptr i16 %K_V_2, i64 0, i64 %tmp_838_cast_cast"   --->   Operation 596 'getelementptr' 'K_V_2_addr_15' <Predicate = (!icmp_ln122)> <Delay = 0.00>
ST_8 : Operation 597 [1/1] (0.00ns)   --->   "%K_V_3_addr_15 = getelementptr i16 %K_V_3, i64 0, i64 %tmp_838_cast_cast"   --->   Operation 597 'getelementptr' 'K_V_3_addr_15' <Predicate = (!icmp_ln122)> <Delay = 0.00>
ST_8 : Operation 598 [1/2] (3.25ns)   --->   "%K_V_load_10 = load i6 %K_V_addr_13"   --->   Operation 598 'load' 'K_V_load_10' <Predicate = (!icmp_ln121 & !icmp_ln122 & empty == 0)> <Delay = 3.25> <CoreInst = "RAM">   --->   Core 82 'RAM' <Latency = 1> <II = 1> <Delay = 3.25> <Storage> <Opcode : 'load' 'store'> <Ports = 2> <Width = 16> <Depth = 64> <RAM>
ST_8 : Operation 599 [1/2] (3.25ns)   --->   "%K_V_1_load_10 = load i6 %K_V_1_addr_13"   --->   Operation 599 'load' 'K_V_1_load_10' <Predicate = (!icmp_ln121 & !icmp_ln122 & empty != 0 & empty == 1)> <Delay = 3.25> <CoreInst = "RAM">   --->   Core 82 'RAM' <Latency = 1> <II = 1> <Delay = 3.25> <Storage> <Opcode : 'load' 'store'> <Ports = 2> <Width = 16> <Depth = 64> <RAM>
ST_8 : Operation 600 [1/2] (3.25ns)   --->   "%K_V_2_load_10 = load i6 %K_V_2_addr_13"   --->   Operation 600 'load' 'K_V_2_load_10' <Predicate = (!icmp_ln121 & !icmp_ln122 & empty != 0 & empty != 1 & empty == 2)> <Delay = 3.25> <CoreInst = "RAM">   --->   Core 82 'RAM' <Latency = 1> <II = 1> <Delay = 3.25> <Storage> <Opcode : 'load' 'store'> <Ports = 2> <Width = 16> <Depth = 64> <RAM>
ST_8 : Operation 601 [1/2] (3.25ns)   --->   "%K_V_3_load_10 = load i6 %K_V_3_addr_13"   --->   Operation 601 'load' 'K_V_3_load_10' <Predicate = (!icmp_ln121 & !icmp_ln122 & empty != 0 & empty != 1 & empty != 2 & empty == 3)> <Delay = 3.25> <CoreInst = "RAM">   --->   Core 82 'RAM' <Latency = 1> <II = 1> <Delay = 3.25> <Storage> <Opcode : 'load' 'store'> <Ports = 2> <Width = 16> <Depth = 64> <RAM>
ST_8 : Operation 602 [1/1] (1.82ns)   --->   "%r_V_19 = mux i16 @_ssdm_op_Mux.ap_auto.4i16.i2, i16 %K_V_load_10, i16 %K_V_1_load_10, i16 %K_V_2_load_10, i16 %K_V_3_load_10, i2 %empty"   --->   Operation 602 'mux' 'r_V_19' <Predicate = (!icmp_ln122)> <Delay = 1.82> <CoreInst = "Multiplexer">   --->   Core 76 'Multiplexer' <Latency = 0> <II = 1> <Delay = 1.82> <FuncUnit> <Opcode : 'mux'> <InPorts = 2> <OutPorts = 1>
ST_8 : Operation 603 [1/2] (3.25ns)   --->   "%K_V_load_11 = load i6 %K_V_addr_14"   --->   Operation 603 'load' 'K_V_load_11' <Predicate = (!icmp_ln121 & !icmp_ln122 & empty == 0)> <Delay = 3.25> <CoreInst = "RAM">   --->   Core 82 'RAM' <Latency = 1> <II = 1> <Delay = 3.25> <Storage> <Opcode : 'load' 'store'> <Ports = 2> <Width = 16> <Depth = 64> <RAM>
ST_8 : Operation 604 [1/2] (3.25ns)   --->   "%K_V_1_load_11 = load i6 %K_V_1_addr_14"   --->   Operation 604 'load' 'K_V_1_load_11' <Predicate = (!icmp_ln121 & !icmp_ln122 & empty != 0 & empty == 1)> <Delay = 3.25> <CoreInst = "RAM">   --->   Core 82 'RAM' <Latency = 1> <II = 1> <Delay = 3.25> <Storage> <Opcode : 'load' 'store'> <Ports = 2> <Width = 16> <Depth = 64> <RAM>
ST_8 : Operation 605 [1/2] (3.25ns)   --->   "%K_V_2_load_11 = load i6 %K_V_2_addr_14"   --->   Operation 605 'load' 'K_V_2_load_11' <Predicate = (!icmp_ln121 & !icmp_ln122 & empty != 0 & empty != 1 & empty == 2)> <Delay = 3.25> <CoreInst = "RAM">   --->   Core 82 'RAM' <Latency = 1> <II = 1> <Delay = 3.25> <Storage> <Opcode : 'load' 'store'> <Ports = 2> <Width = 16> <Depth = 64> <RAM>
ST_8 : Operation 606 [1/2] (3.25ns)   --->   "%K_V_3_load_11 = load i6 %K_V_3_addr_14"   --->   Operation 606 'load' 'K_V_3_load_11' <Predicate = (!icmp_ln121 & !icmp_ln122 & empty != 0 & empty != 1 & empty != 2 & empty == 3)> <Delay = 3.25> <CoreInst = "RAM">   --->   Core 82 'RAM' <Latency = 1> <II = 1> <Delay = 3.25> <Storage> <Opcode : 'load' 'store'> <Ports = 2> <Width = 16> <Depth = 64> <RAM>
ST_8 : Operation 607 [1/1] (1.82ns)   --->   "%r_V_20 = mux i16 @_ssdm_op_Mux.ap_auto.4i16.i2, i16 %K_V_load_11, i16 %K_V_1_load_11, i16 %K_V_2_load_11, i16 %K_V_3_load_11, i2 %empty"   --->   Operation 607 'mux' 'r_V_20' <Predicate = (!icmp_ln122)> <Delay = 1.82> <CoreInst = "Multiplexer">   --->   Core 76 'Multiplexer' <Latency = 0> <II = 1> <Delay = 1.82> <FuncUnit> <Opcode : 'mux'> <InPorts = 2> <OutPorts = 1>
ST_8 : Operation 608 [2/2] (3.25ns)   --->   "%K_V_load_12 = load i6 %K_V_addr_15"   --->   Operation 608 'load' 'K_V_load_12' <Predicate = (!icmp_ln121 & !icmp_ln122 & empty == 0)> <Delay = 3.25> <CoreInst = "RAM">   --->   Core 82 'RAM' <Latency = 1> <II = 1> <Delay = 3.25> <Storage> <Opcode : 'load' 'store'> <Ports = 2> <Width = 16> <Depth = 64> <RAM>
ST_8 : Operation 609 [2/2] (3.25ns)   --->   "%K_V_1_load_12 = load i6 %K_V_1_addr_15"   --->   Operation 609 'load' 'K_V_1_load_12' <Predicate = (!icmp_ln121 & !icmp_ln122 & empty != 0 & empty == 1)> <Delay = 3.25> <CoreInst = "RAM">   --->   Core 82 'RAM' <Latency = 1> <II = 1> <Delay = 3.25> <Storage> <Opcode : 'load' 'store'> <Ports = 2> <Width = 16> <Depth = 64> <RAM>
ST_8 : Operation 610 [2/2] (3.25ns)   --->   "%K_V_2_load_12 = load i6 %K_V_2_addr_15"   --->   Operation 610 'load' 'K_V_2_load_12' <Predicate = (!icmp_ln121 & !icmp_ln122 & empty != 0 & empty != 1 & empty == 2)> <Delay = 3.25> <CoreInst = "RAM">   --->   Core 82 'RAM' <Latency = 1> <II = 1> <Delay = 3.25> <Storage> <Opcode : 'load' 'store'> <Ports = 2> <Width = 16> <Depth = 64> <RAM>
ST_8 : Operation 611 [2/2] (3.25ns)   --->   "%K_V_3_load_12 = load i6 %K_V_3_addr_15"   --->   Operation 611 'load' 'K_V_3_load_12' <Predicate = (!icmp_ln121 & !icmp_ln122 & empty != 0 & empty != 1 & empty != 2 & empty == 3)> <Delay = 3.25> <CoreInst = "RAM">   --->   Core 82 'RAM' <Latency = 1> <II = 1> <Delay = 3.25> <Storage> <Opcode : 'load' 'store'> <Ports = 2> <Width = 16> <Depth = 64> <RAM>
ST_8 : Operation 612 [1/1] (0.00ns)   --->   "%tmp_853_cast = sext i5 %tmp_845_cast" [src/imgds_linear_dense_q16.cpp:121]   --->   Operation 612 'sext' 'tmp_853_cast' <Predicate = (!icmp_ln121 & icmp_ln122)> <Delay = 0.00>
ST_8 : Operation 613 [1/1] (0.00ns)   --->   "%tmp_853_cast_cast = zext i6 %tmp_853_cast" [src/imgds_linear_dense_q16.cpp:121]   --->   Operation 613 'zext' 'tmp_853_cast_cast' <Predicate = (!icmp_ln121 & icmp_ln122)> <Delay = 0.00>
ST_8 : Operation 614 [1/1] (0.00ns)   --->   "%K_V_addr_31 = getelementptr i16 %K_V, i64 0, i64 %tmp_853_cast_cast" [src/imgds_linear_dense_q16.cpp:121]   --->   Operation 614 'getelementptr' 'K_V_addr_31' <Predicate = (!icmp_ln121 & icmp_ln122)> <Delay = 0.00>
ST_8 : Operation 615 [1/1] (0.00ns)   --->   "%K_V_1_addr_31 = getelementptr i16 %K_V_1, i64 0, i64 %tmp_853_cast_cast" [src/imgds_linear_dense_q16.cpp:121]   --->   Operation 615 'getelementptr' 'K_V_1_addr_31' <Predicate = (!icmp_ln121 & icmp_ln122)> <Delay = 0.00>
ST_8 : Operation 616 [1/1] (0.00ns)   --->   "%K_V_2_addr_31 = getelementptr i16 %K_V_2, i64 0, i64 %tmp_853_cast_cast" [src/imgds_linear_dense_q16.cpp:121]   --->   Operation 616 'getelementptr' 'K_V_2_addr_31' <Predicate = (!icmp_ln121 & icmp_ln122)> <Delay = 0.00>
ST_8 : Operation 617 [1/1] (0.00ns)   --->   "%K_V_3_addr_31 = getelementptr i16 %K_V_3, i64 0, i64 %tmp_853_cast_cast" [src/imgds_linear_dense_q16.cpp:121]   --->   Operation 617 'getelementptr' 'K_V_3_addr_31' <Predicate = (!icmp_ln121 & icmp_ln122)> <Delay = 0.00>
ST_8 : Operation 618 [1/1] (0.00ns)   --->   "%sext_ln121_4 = sext i16 %select_ln121_6" [src/imgds_linear_dense_q16.cpp:121]   --->   Operation 618 'sext' 'sext_ln121_4' <Predicate = (!icmp_ln121)> <Delay = 0.00>
ST_8 : Operation 619 [1/2] (3.25ns)   --->   "%K_V_load_26 = load i6 %K_V_addr_29" [src/imgds_linear_dense_q16.cpp:121]   --->   Operation 619 'load' 'K_V_load_26' <Predicate = (!icmp_ln121 & icmp_ln122 & empty_66 == 0)> <Delay = 3.25> <CoreInst = "RAM">   --->   Core 82 'RAM' <Latency = 1> <II = 1> <Delay = 3.25> <Storage> <Opcode : 'load' 'store'> <Ports = 2> <Width = 16> <Depth = 64> <RAM>
ST_8 : Operation 620 [1/2] (3.25ns)   --->   "%K_V_1_load_26 = load i6 %K_V_1_addr_29" [src/imgds_linear_dense_q16.cpp:121]   --->   Operation 620 'load' 'K_V_1_load_26' <Predicate = (!icmp_ln121 & icmp_ln122 & empty_66 != 0 & empty_66 == 1)> <Delay = 3.25> <CoreInst = "RAM">   --->   Core 82 'RAM' <Latency = 1> <II = 1> <Delay = 3.25> <Storage> <Opcode : 'load' 'store'> <Ports = 2> <Width = 16> <Depth = 64> <RAM>
ST_8 : Operation 621 [1/2] (3.25ns)   --->   "%K_V_2_load_26 = load i6 %K_V_2_addr_29" [src/imgds_linear_dense_q16.cpp:121]   --->   Operation 621 'load' 'K_V_2_load_26' <Predicate = (!icmp_ln121 & icmp_ln122 & empty_66 != 0 & empty_66 != 1 & empty_66 == 2)> <Delay = 3.25> <CoreInst = "RAM">   --->   Core 82 'RAM' <Latency = 1> <II = 1> <Delay = 3.25> <Storage> <Opcode : 'load' 'store'> <Ports = 2> <Width = 16> <Depth = 64> <RAM>
ST_8 : Operation 622 [1/2] (3.25ns)   --->   "%K_V_3_load_26 = load i6 %K_V_3_addr_29" [src/imgds_linear_dense_q16.cpp:121]   --->   Operation 622 'load' 'K_V_3_load_26' <Predicate = (!icmp_ln121 & icmp_ln122 & empty_66 != 0 & empty_66 != 1 & empty_66 != 2 & empty_66 == 3)> <Delay = 3.25> <CoreInst = "RAM">   --->   Core 82 'RAM' <Latency = 1> <II = 1> <Delay = 3.25> <Storage> <Opcode : 'load' 'store'> <Ports = 2> <Width = 16> <Depth = 64> <RAM>
ST_8 : Operation 623 [1/1] (1.82ns)   --->   "%r_V_883_mid1 = mux i16 @_ssdm_op_Mux.ap_auto.4i16.i2, i16 %K_V_load_26, i16 %K_V_1_load_26, i16 %K_V_2_load_26, i16 %K_V_3_load_26, i2 %empty_66" [src/imgds_linear_dense_q16.cpp:121]   --->   Operation 623 'mux' 'r_V_883_mid1' <Predicate = (!icmp_ln121 & icmp_ln122)> <Delay = 1.82> <CoreInst = "Multiplexer">   --->   Core 76 'Multiplexer' <Latency = 0> <II = 1> <Delay = 1.82> <FuncUnit> <Opcode : 'mux'> <InPorts = 2> <OutPorts = 1>
ST_8 : Operation 624 [1/1] (0.80ns)   --->   "%select_ln121_12 = select i1 %icmp_ln122, i16 %r_V_883_mid1, i16 %r_V_19" [src/imgds_linear_dense_q16.cpp:121]   --->   Operation 624 'select' 'select_ln121_12' <Predicate = (!icmp_ln121)> <Delay = 0.80> <CoreInst = "Sel">   --->   Core 73 'Sel' <Latency = 0> <II = 1> <Delay = 0.80> <FuncUnit> <Opcode : 'select'> <InPorts = 3> <OutPorts = 1>
ST_8 : Operation 625 [1/2] (3.25ns)   --->   "%K_V_load_27 = load i6 %K_V_addr_30" [src/imgds_linear_dense_q16.cpp:121]   --->   Operation 625 'load' 'K_V_load_27' <Predicate = (!icmp_ln121 & icmp_ln122 & empty_66 == 0)> <Delay = 3.25> <CoreInst = "RAM">   --->   Core 82 'RAM' <Latency = 1> <II = 1> <Delay = 3.25> <Storage> <Opcode : 'load' 'store'> <Ports = 2> <Width = 16> <Depth = 64> <RAM>
ST_8 : Operation 626 [1/2] (3.25ns)   --->   "%K_V_1_load_27 = load i6 %K_V_1_addr_30" [src/imgds_linear_dense_q16.cpp:121]   --->   Operation 626 'load' 'K_V_1_load_27' <Predicate = (!icmp_ln121 & icmp_ln122 & empty_66 != 0 & empty_66 == 1)> <Delay = 3.25> <CoreInst = "RAM">   --->   Core 82 'RAM' <Latency = 1> <II = 1> <Delay = 3.25> <Storage> <Opcode : 'load' 'store'> <Ports = 2> <Width = 16> <Depth = 64> <RAM>
ST_8 : Operation 627 [1/2] (3.25ns)   --->   "%K_V_2_load_27 = load i6 %K_V_2_addr_30" [src/imgds_linear_dense_q16.cpp:121]   --->   Operation 627 'load' 'K_V_2_load_27' <Predicate = (!icmp_ln121 & icmp_ln122 & empty_66 != 0 & empty_66 != 1 & empty_66 == 2)> <Delay = 3.25> <CoreInst = "RAM">   --->   Core 82 'RAM' <Latency = 1> <II = 1> <Delay = 3.25> <Storage> <Opcode : 'load' 'store'> <Ports = 2> <Width = 16> <Depth = 64> <RAM>
ST_8 : Operation 628 [1/2] (3.25ns)   --->   "%K_V_3_load_27 = load i6 %K_V_3_addr_30" [src/imgds_linear_dense_q16.cpp:121]   --->   Operation 628 'load' 'K_V_3_load_27' <Predicate = (!icmp_ln121 & icmp_ln122 & empty_66 != 0 & empty_66 != 1 & empty_66 != 2 & empty_66 == 3)> <Delay = 3.25> <CoreInst = "RAM">   --->   Core 82 'RAM' <Latency = 1> <II = 1> <Delay = 3.25> <Storage> <Opcode : 'load' 'store'> <Ports = 2> <Width = 16> <Depth = 64> <RAM>
ST_8 : Operation 629 [1/1] (1.82ns)   --->   "%r_V_884_mid1 = mux i16 @_ssdm_op_Mux.ap_auto.4i16.i2, i16 %K_V_load_27, i16 %K_V_1_load_27, i16 %K_V_2_load_27, i16 %K_V_3_load_27, i2 %empty_66" [src/imgds_linear_dense_q16.cpp:121]   --->   Operation 629 'mux' 'r_V_884_mid1' <Predicate = (!icmp_ln121 & icmp_ln122)> <Delay = 1.82> <CoreInst = "Multiplexer">   --->   Core 76 'Multiplexer' <Latency = 0> <II = 1> <Delay = 1.82> <FuncUnit> <Opcode : 'mux'> <InPorts = 2> <OutPorts = 1>
ST_8 : Operation 630 [1/1] (0.80ns)   --->   "%select_ln121_13 = select i1 %icmp_ln122, i16 %r_V_884_mid1, i16 %r_V_20" [src/imgds_linear_dense_q16.cpp:121]   --->   Operation 630 'select' 'select_ln121_13' <Predicate = (!icmp_ln121)> <Delay = 0.80> <CoreInst = "Sel">   --->   Core 73 'Sel' <Latency = 0> <II = 1> <Delay = 0.80> <FuncUnit> <Opcode : 'select'> <InPorts = 3> <OutPorts = 1>
ST_8 : Operation 631 [2/2] (3.25ns)   --->   "%K_V_load_28 = load i6 %K_V_addr_31" [src/imgds_linear_dense_q16.cpp:121]   --->   Operation 631 'load' 'K_V_load_28' <Predicate = (!icmp_ln121 & icmp_ln122 & empty_66 == 0)> <Delay = 3.25> <CoreInst = "RAM">   --->   Core 82 'RAM' <Latency = 1> <II = 1> <Delay = 3.25> <Storage> <Opcode : 'load' 'store'> <Ports = 2> <Width = 16> <Depth = 64> <RAM>
ST_8 : Operation 632 [2/2] (3.25ns)   --->   "%K_V_1_load_28 = load i6 %K_V_1_addr_31" [src/imgds_linear_dense_q16.cpp:121]   --->   Operation 632 'load' 'K_V_1_load_28' <Predicate = (!icmp_ln121 & icmp_ln122 & empty_66 != 0 & empty_66 == 1)> <Delay = 3.25> <CoreInst = "RAM">   --->   Core 82 'RAM' <Latency = 1> <II = 1> <Delay = 3.25> <Storage> <Opcode : 'load' 'store'> <Ports = 2> <Width = 16> <Depth = 64> <RAM>
ST_8 : Operation 633 [2/2] (3.25ns)   --->   "%K_V_2_load_28 = load i6 %K_V_2_addr_31" [src/imgds_linear_dense_q16.cpp:121]   --->   Operation 633 'load' 'K_V_2_load_28' <Predicate = (!icmp_ln121 & icmp_ln122 & empty_66 != 0 & empty_66 != 1 & empty_66 == 2)> <Delay = 3.25> <CoreInst = "RAM">   --->   Core 82 'RAM' <Latency = 1> <II = 1> <Delay = 3.25> <Storage> <Opcode : 'load' 'store'> <Ports = 2> <Width = 16> <Depth = 64> <RAM>
ST_8 : Operation 634 [2/2] (3.25ns)   --->   "%K_V_3_load_28 = load i6 %K_V_3_addr_31" [src/imgds_linear_dense_q16.cpp:121]   --->   Operation 634 'load' 'K_V_3_load_28' <Predicate = (!icmp_ln121 & icmp_ln122 & empty_66 != 0 & empty_66 != 1 & empty_66 != 2 & empty_66 == 3)> <Delay = 3.25> <CoreInst = "RAM">   --->   Core 82 'RAM' <Latency = 1> <II = 1> <Delay = 3.25> <Storage> <Opcode : 'load' 'store'> <Ports = 2> <Width = 16> <Depth = 64> <RAM>
ST_8 : Operation 635 [1/2] (2.10ns) (root node of the DSP)   --->   "%ret_V = add i26 %lhs, i26 %mul_ln1347_73"   --->   Operation 635 'add' 'ret_V' <Predicate = (!icmp_ln121)> <Delay = 2.10> <CoreInst = "DSP48">   --->   Core 119 'DSP48' <Latency = 3> <II = 1> <Delay = 2.15> <IPBlock> <Opcode : 'mul' 'add' 'sub' 'select'> <InPorts = 0> <OutPorts = 1> <Sync> <CReg>
ST_8 : Operation 636 [1/1] (0.00ns)   --->   "%tmp_524 = partselect i20 @_ssdm_op_PartSelect.i20.i26.i32.i32, i26 %ret_V, i32 6, i32 25"   --->   Operation 636 'partselect' 'tmp_524' <Predicate = (!icmp_ln121)> <Delay = 0.00>
ST_8 : Operation 637 [1/1] (0.00ns)   --->   "%lhs_494 = bitconcatenate i26 @_ssdm_op_BitConcatenate.i26.i20.i6, i20 %tmp_524, i6 0"   --->   Operation 637 'bitconcatenate' 'lhs_494' <Predicate = (!icmp_ln121)> <Delay = 0.00>
ST_8 : Operation 638 [1/3] (0.00ns) (grouped into DSP with root node ret_V_512)   --->   "%mul_ln1347_74 = mul i26 %sext_ln1347_3, i26 %sext_ln121_2"   --->   Operation 638 'mul' 'mul_ln1347_74' <Predicate = (!icmp_ln121)> <Delay = 0.00> <CoreInst = "DSP48">   --->   Core 119 'DSP48' <Latency = 3> <II = 1> <Delay = 2.15> <IPBlock> <Opcode : 'mul' 'add' 'sub' 'select'> <InPorts = 0> <OutPorts = 1> <Sync> <CReg>
ST_8 : Operation 639 [2/2] (2.10ns) (root node of the DSP)   --->   "%ret_V_512 = add i26 %lhs_494, i26 %mul_ln1347_74"   --->   Operation 639 'add' 'ret_V_512' <Predicate = (!icmp_ln121)> <Delay = 2.10> <CoreInst = "DSP48">   --->   Core 119 'DSP48' <Latency = 3> <II = 1> <Delay = 2.15> <IPBlock> <Opcode : 'mul' 'add' 'sub' 'select'> <InPorts = 0> <OutPorts = 1> <Sync> <CReg>
ST_8 : Operation 640 [2/3] (1.05ns) (grouped into DSP with root node ret_V_513)   --->   "%mul_ln1347_75 = mul i26 %sext_ln1347_4, i26 %sext_ln121_3"   --->   Operation 640 'mul' 'mul_ln1347_75' <Predicate = (!icmp_ln121)> <Delay = 1.05> <CoreInst = "DSP48">   --->   Core 119 'DSP48' <Latency = 3> <II = 1> <Delay = 2.15> <IPBlock> <Opcode : 'mul' 'add' 'sub' 'select'> <InPorts = 0> <OutPorts = 1> <Sync> <CReg>
ST_8 : Operation 641 [1/1] (0.00ns)   --->   "%sext_ln1347_5 = sext i16 %tmp_20"   --->   Operation 641 'sext' 'sext_ln1347_5' <Predicate = (!icmp_ln121)> <Delay = 0.00>
ST_8 : Operation 642 [3/3] (1.05ns) (grouped into DSP with root node ret_V_514)   --->   "%mul_ln1347_76 = mul i26 %sext_ln1347_5, i26 %sext_ln121_4"   --->   Operation 642 'mul' 'mul_ln1347_76' <Predicate = (!icmp_ln121)> <Delay = 1.05> <CoreInst = "DSP48">   --->   Core 119 'DSP48' <Latency = 3> <II = 1> <Delay = 2.15> <IPBlock> <Opcode : 'mul' 'add' 'sub' 'select'> <InPorts = 0> <OutPorts = 1> <Sync> <CReg>

State 9 <SV = 8> <Delay = 5.88>
ST_9 : Operation 643 [1/2] (3.25ns)   --->   "%K_V_load_12 = load i6 %K_V_addr_15"   --->   Operation 643 'load' 'K_V_load_12' <Predicate = (!icmp_ln121 & !icmp_ln122 & empty == 0)> <Delay = 3.25> <CoreInst = "RAM">   --->   Core 82 'RAM' <Latency = 1> <II = 1> <Delay = 3.25> <Storage> <Opcode : 'load' 'store'> <Ports = 2> <Width = 16> <Depth = 64> <RAM>
ST_9 : Operation 644 [1/2] (3.25ns)   --->   "%K_V_1_load_12 = load i6 %K_V_1_addr_15"   --->   Operation 644 'load' 'K_V_1_load_12' <Predicate = (!icmp_ln121 & !icmp_ln122 & empty != 0 & empty == 1)> <Delay = 3.25> <CoreInst = "RAM">   --->   Core 82 'RAM' <Latency = 1> <II = 1> <Delay = 3.25> <Storage> <Opcode : 'load' 'store'> <Ports = 2> <Width = 16> <Depth = 64> <RAM>
ST_9 : Operation 645 [1/2] (3.25ns)   --->   "%K_V_2_load_12 = load i6 %K_V_2_addr_15"   --->   Operation 645 'load' 'K_V_2_load_12' <Predicate = (!icmp_ln121 & !icmp_ln122 & empty != 0 & empty != 1 & empty == 2)> <Delay = 3.25> <CoreInst = "RAM">   --->   Core 82 'RAM' <Latency = 1> <II = 1> <Delay = 3.25> <Storage> <Opcode : 'load' 'store'> <Ports = 2> <Width = 16> <Depth = 64> <RAM>
ST_9 : Operation 646 [1/2] (3.25ns)   --->   "%K_V_3_load_12 = load i6 %K_V_3_addr_15"   --->   Operation 646 'load' 'K_V_3_load_12' <Predicate = (!icmp_ln121 & !icmp_ln122 & empty != 0 & empty != 1 & empty != 2 & empty == 3)> <Delay = 3.25> <CoreInst = "RAM">   --->   Core 82 'RAM' <Latency = 1> <II = 1> <Delay = 3.25> <Storage> <Opcode : 'load' 'store'> <Ports = 2> <Width = 16> <Depth = 64> <RAM>
ST_9 : Operation 647 [1/1] (1.82ns)   --->   "%r_V_22 = mux i16 @_ssdm_op_Mux.ap_auto.4i16.i2, i16 %K_V_load_12, i16 %K_V_1_load_12, i16 %K_V_2_load_12, i16 %K_V_3_load_12, i2 %empty"   --->   Operation 647 'mux' 'r_V_22' <Predicate = (!icmp_ln122)> <Delay = 1.82> <CoreInst = "Multiplexer">   --->   Core 76 'Multiplexer' <Latency = 0> <II = 1> <Delay = 1.82> <FuncUnit> <Opcode : 'mux'> <InPorts = 2> <OutPorts = 1>
ST_9 : Operation 648 [1/1] (0.00ns)   --->   "%sext_ln121_5 = sext i16 %select_ln121_7" [src/imgds_linear_dense_q16.cpp:121]   --->   Operation 648 'sext' 'sext_ln121_5' <Predicate = (!icmp_ln121)> <Delay = 0.00>
ST_9 : Operation 649 [1/2] (3.25ns)   --->   "%K_V_load_28 = load i6 %K_V_addr_31" [src/imgds_linear_dense_q16.cpp:121]   --->   Operation 649 'load' 'K_V_load_28' <Predicate = (!icmp_ln121 & icmp_ln122 & empty_66 == 0)> <Delay = 3.25> <CoreInst = "RAM">   --->   Core 82 'RAM' <Latency = 1> <II = 1> <Delay = 3.25> <Storage> <Opcode : 'load' 'store'> <Ports = 2> <Width = 16> <Depth = 64> <RAM>
ST_9 : Operation 650 [1/2] (3.25ns)   --->   "%K_V_1_load_28 = load i6 %K_V_1_addr_31" [src/imgds_linear_dense_q16.cpp:121]   --->   Operation 650 'load' 'K_V_1_load_28' <Predicate = (!icmp_ln121 & icmp_ln122 & empty_66 != 0 & empty_66 == 1)> <Delay = 3.25> <CoreInst = "RAM">   --->   Core 82 'RAM' <Latency = 1> <II = 1> <Delay = 3.25> <Storage> <Opcode : 'load' 'store'> <Ports = 2> <Width = 16> <Depth = 64> <RAM>
ST_9 : Operation 651 [1/2] (3.25ns)   --->   "%K_V_2_load_28 = load i6 %K_V_2_addr_31" [src/imgds_linear_dense_q16.cpp:121]   --->   Operation 651 'load' 'K_V_2_load_28' <Predicate = (!icmp_ln121 & icmp_ln122 & empty_66 != 0 & empty_66 != 1 & empty_66 == 2)> <Delay = 3.25> <CoreInst = "RAM">   --->   Core 82 'RAM' <Latency = 1> <II = 1> <Delay = 3.25> <Storage> <Opcode : 'load' 'store'> <Ports = 2> <Width = 16> <Depth = 64> <RAM>
ST_9 : Operation 652 [1/2] (3.25ns)   --->   "%K_V_3_load_28 = load i6 %K_V_3_addr_31" [src/imgds_linear_dense_q16.cpp:121]   --->   Operation 652 'load' 'K_V_3_load_28' <Predicate = (!icmp_ln121 & icmp_ln122 & empty_66 != 0 & empty_66 != 1 & empty_66 != 2 & empty_66 == 3)> <Delay = 3.25> <CoreInst = "RAM">   --->   Core 82 'RAM' <Latency = 1> <II = 1> <Delay = 3.25> <Storage> <Opcode : 'load' 'store'> <Ports = 2> <Width = 16> <Depth = 64> <RAM>
ST_9 : Operation 653 [1/1] (1.82ns)   --->   "%r_V_885_mid1 = mux i16 @_ssdm_op_Mux.ap_auto.4i16.i2, i16 %K_V_load_28, i16 %K_V_1_load_28, i16 %K_V_2_load_28, i16 %K_V_3_load_28, i2 %empty_66" [src/imgds_linear_dense_q16.cpp:121]   --->   Operation 653 'mux' 'r_V_885_mid1' <Predicate = (!icmp_ln121 & icmp_ln122)> <Delay = 1.82> <CoreInst = "Multiplexer">   --->   Core 76 'Multiplexer' <Latency = 0> <II = 1> <Delay = 1.82> <FuncUnit> <Opcode : 'mux'> <InPorts = 2> <OutPorts = 1>
ST_9 : Operation 654 [1/1] (0.80ns)   --->   "%select_ln121_14 = select i1 %icmp_ln122, i16 %r_V_885_mid1, i16 %r_V_22" [src/imgds_linear_dense_q16.cpp:121]   --->   Operation 654 'select' 'select_ln121_14' <Predicate = (!icmp_ln121)> <Delay = 0.80> <CoreInst = "Sel">   --->   Core 73 'Sel' <Latency = 0> <II = 1> <Delay = 0.80> <FuncUnit> <Opcode : 'select'> <InPorts = 3> <OutPorts = 1>
ST_9 : Operation 655 [1/2] (2.10ns) (root node of the DSP)   --->   "%ret_V_512 = add i26 %lhs_494, i26 %mul_ln1347_74"   --->   Operation 655 'add' 'ret_V_512' <Predicate = (!icmp_ln121)> <Delay = 2.10> <CoreInst = "DSP48">   --->   Core 119 'DSP48' <Latency = 3> <II = 1> <Delay = 2.15> <IPBlock> <Opcode : 'mul' 'add' 'sub' 'select'> <InPorts = 0> <OutPorts = 1> <Sync> <CReg>
ST_9 : Operation 656 [1/1] (0.00ns)   --->   "%tmp_525 = partselect i20 @_ssdm_op_PartSelect.i20.i26.i32.i32, i26 %ret_V_512, i32 6, i32 25"   --->   Operation 656 'partselect' 'tmp_525' <Predicate = (!icmp_ln121)> <Delay = 0.00>
ST_9 : Operation 657 [1/1] (0.00ns)   --->   "%lhs_495 = bitconcatenate i26 @_ssdm_op_BitConcatenate.i26.i20.i6, i20 %tmp_525, i6 0"   --->   Operation 657 'bitconcatenate' 'lhs_495' <Predicate = (!icmp_ln121)> <Delay = 0.00>
ST_9 : Operation 658 [1/3] (0.00ns) (grouped into DSP with root node ret_V_513)   --->   "%mul_ln1347_75 = mul i26 %sext_ln1347_4, i26 %sext_ln121_3"   --->   Operation 658 'mul' 'mul_ln1347_75' <Predicate = (!icmp_ln121)> <Delay = 0.00> <CoreInst = "DSP48">   --->   Core 119 'DSP48' <Latency = 3> <II = 1> <Delay = 2.15> <IPBlock> <Opcode : 'mul' 'add' 'sub' 'select'> <InPorts = 0> <OutPorts = 1> <Sync> <CReg>
ST_9 : Operation 659 [2/2] (2.10ns) (root node of the DSP)   --->   "%ret_V_513 = add i26 %lhs_495, i26 %mul_ln1347_75"   --->   Operation 659 'add' 'ret_V_513' <Predicate = (!icmp_ln121)> <Delay = 2.10> <CoreInst = "DSP48">   --->   Core 119 'DSP48' <Latency = 3> <II = 1> <Delay = 2.15> <IPBlock> <Opcode : 'mul' 'add' 'sub' 'select'> <InPorts = 0> <OutPorts = 1> <Sync> <CReg>
ST_9 : Operation 660 [2/3] (1.05ns) (grouped into DSP with root node ret_V_514)   --->   "%mul_ln1347_76 = mul i26 %sext_ln1347_5, i26 %sext_ln121_4"   --->   Operation 660 'mul' 'mul_ln1347_76' <Predicate = (!icmp_ln121)> <Delay = 1.05> <CoreInst = "DSP48">   --->   Core 119 'DSP48' <Latency = 3> <II = 1> <Delay = 2.15> <IPBlock> <Opcode : 'mul' 'add' 'sub' 'select'> <InPorts = 0> <OutPorts = 1> <Sync> <CReg>
ST_9 : Operation 661 [1/1] (0.00ns)   --->   "%sext_ln1347_6 = sext i16 %tmp_21"   --->   Operation 661 'sext' 'sext_ln1347_6' <Predicate = (!icmp_ln121)> <Delay = 0.00>
ST_9 : Operation 662 [3/3] (1.05ns) (grouped into DSP with root node ret_V_515)   --->   "%mul_ln1347_77 = mul i26 %sext_ln1347_6, i26 %sext_ln121_5"   --->   Operation 662 'mul' 'mul_ln1347_77' <Predicate = (!icmp_ln121)> <Delay = 1.05> <CoreInst = "DSP48">   --->   Core 119 'DSP48' <Latency = 3> <II = 1> <Delay = 2.15> <IPBlock> <Opcode : 'mul' 'add' 'sub' 'select'> <InPorts = 0> <OutPorts = 1> <Sync> <CReg>

State 10 <SV = 9> <Delay = 4.20>
ST_10 : Operation 663 [1/1] (0.00ns)   --->   "%sext_ln121_6 = sext i16 %select_ln121_8" [src/imgds_linear_dense_q16.cpp:121]   --->   Operation 663 'sext' 'sext_ln121_6' <Predicate = (!icmp_ln121)> <Delay = 0.00>
ST_10 : Operation 664 [1/2] (2.10ns) (root node of the DSP)   --->   "%ret_V_513 = add i26 %lhs_495, i26 %mul_ln1347_75"   --->   Operation 664 'add' 'ret_V_513' <Predicate = (!icmp_ln121)> <Delay = 2.10> <CoreInst = "DSP48">   --->   Core 119 'DSP48' <Latency = 3> <II = 1> <Delay = 2.15> <IPBlock> <Opcode : 'mul' 'add' 'sub' 'select'> <InPorts = 0> <OutPorts = 1> <Sync> <CReg>
ST_10 : Operation 665 [1/1] (0.00ns)   --->   "%tmp_526 = partselect i20 @_ssdm_op_PartSelect.i20.i26.i32.i32, i26 %ret_V_513, i32 6, i32 25"   --->   Operation 665 'partselect' 'tmp_526' <Predicate = (!icmp_ln121)> <Delay = 0.00>
ST_10 : Operation 666 [1/1] (0.00ns)   --->   "%lhs_496 = bitconcatenate i26 @_ssdm_op_BitConcatenate.i26.i20.i6, i20 %tmp_526, i6 0"   --->   Operation 666 'bitconcatenate' 'lhs_496' <Predicate = (!icmp_ln121)> <Delay = 0.00>
ST_10 : Operation 667 [1/3] (0.00ns) (grouped into DSP with root node ret_V_514)   --->   "%mul_ln1347_76 = mul i26 %sext_ln1347_5, i26 %sext_ln121_4"   --->   Operation 667 'mul' 'mul_ln1347_76' <Predicate = (!icmp_ln121)> <Delay = 0.00> <CoreInst = "DSP48">   --->   Core 119 'DSP48' <Latency = 3> <II = 1> <Delay = 2.15> <IPBlock> <Opcode : 'mul' 'add' 'sub' 'select'> <InPorts = 0> <OutPorts = 1> <Sync> <CReg>
ST_10 : Operation 668 [2/2] (2.10ns) (root node of the DSP)   --->   "%ret_V_514 = add i26 %lhs_496, i26 %mul_ln1347_76"   --->   Operation 668 'add' 'ret_V_514' <Predicate = (!icmp_ln121)> <Delay = 2.10> <CoreInst = "DSP48">   --->   Core 119 'DSP48' <Latency = 3> <II = 1> <Delay = 2.15> <IPBlock> <Opcode : 'mul' 'add' 'sub' 'select'> <InPorts = 0> <OutPorts = 1> <Sync> <CReg>
ST_10 : Operation 669 [2/3] (1.05ns) (grouped into DSP with root node ret_V_515)   --->   "%mul_ln1347_77 = mul i26 %sext_ln1347_6, i26 %sext_ln121_5"   --->   Operation 669 'mul' 'mul_ln1347_77' <Predicate = (!icmp_ln121)> <Delay = 1.05> <CoreInst = "DSP48">   --->   Core 119 'DSP48' <Latency = 3> <II = 1> <Delay = 2.15> <IPBlock> <Opcode : 'mul' 'add' 'sub' 'select'> <InPorts = 0> <OutPorts = 1> <Sync> <CReg>
ST_10 : Operation 670 [1/1] (0.00ns)   --->   "%sext_ln1347_7 = sext i16 %tmp_22"   --->   Operation 670 'sext' 'sext_ln1347_7' <Predicate = (!icmp_ln121)> <Delay = 0.00>
ST_10 : Operation 671 [3/3] (1.05ns) (grouped into DSP with root node ret_V_516)   --->   "%mul_ln1347_78 = mul i26 %sext_ln1347_7, i26 %sext_ln121_6"   --->   Operation 671 'mul' 'mul_ln1347_78' <Predicate = (!icmp_ln121)> <Delay = 1.05> <CoreInst = "DSP48">   --->   Core 119 'DSP48' <Latency = 3> <II = 1> <Delay = 2.15> <IPBlock> <Opcode : 'mul' 'add' 'sub' 'select'> <InPorts = 0> <OutPorts = 1> <Sync> <CReg>

State 11 <SV = 10> <Delay = 4.20>
ST_11 : Operation 672 [1/1] (0.00ns)   --->   "%sext_ln121_7 = sext i16 %select_ln121_9" [src/imgds_linear_dense_q16.cpp:121]   --->   Operation 672 'sext' 'sext_ln121_7' <Predicate = (!icmp_ln121)> <Delay = 0.00>
ST_11 : Operation 673 [1/2] (2.10ns) (root node of the DSP)   --->   "%ret_V_514 = add i26 %lhs_496, i26 %mul_ln1347_76"   --->   Operation 673 'add' 'ret_V_514' <Predicate = (!icmp_ln121)> <Delay = 2.10> <CoreInst = "DSP48">   --->   Core 119 'DSP48' <Latency = 3> <II = 1> <Delay = 2.15> <IPBlock> <Opcode : 'mul' 'add' 'sub' 'select'> <InPorts = 0> <OutPorts = 1> <Sync> <CReg>
ST_11 : Operation 674 [1/1] (0.00ns)   --->   "%tmp_527 = partselect i20 @_ssdm_op_PartSelect.i20.i26.i32.i32, i26 %ret_V_514, i32 6, i32 25"   --->   Operation 674 'partselect' 'tmp_527' <Predicate = (!icmp_ln121)> <Delay = 0.00>
ST_11 : Operation 675 [1/1] (0.00ns)   --->   "%lhs_497 = bitconcatenate i26 @_ssdm_op_BitConcatenate.i26.i20.i6, i20 %tmp_527, i6 0"   --->   Operation 675 'bitconcatenate' 'lhs_497' <Predicate = (!icmp_ln121)> <Delay = 0.00>
ST_11 : Operation 676 [1/3] (0.00ns) (grouped into DSP with root node ret_V_515)   --->   "%mul_ln1347_77 = mul i26 %sext_ln1347_6, i26 %sext_ln121_5"   --->   Operation 676 'mul' 'mul_ln1347_77' <Predicate = (!icmp_ln121)> <Delay = 0.00> <CoreInst = "DSP48">   --->   Core 119 'DSP48' <Latency = 3> <II = 1> <Delay = 2.15> <IPBlock> <Opcode : 'mul' 'add' 'sub' 'select'> <InPorts = 0> <OutPorts = 1> <Sync> <CReg>
ST_11 : Operation 677 [2/2] (2.10ns) (root node of the DSP)   --->   "%ret_V_515 = add i26 %lhs_497, i26 %mul_ln1347_77"   --->   Operation 677 'add' 'ret_V_515' <Predicate = (!icmp_ln121)> <Delay = 2.10> <CoreInst = "DSP48">   --->   Core 119 'DSP48' <Latency = 3> <II = 1> <Delay = 2.15> <IPBlock> <Opcode : 'mul' 'add' 'sub' 'select'> <InPorts = 0> <OutPorts = 1> <Sync> <CReg>
ST_11 : Operation 678 [2/3] (1.05ns) (grouped into DSP with root node ret_V_516)   --->   "%mul_ln1347_78 = mul i26 %sext_ln1347_7, i26 %sext_ln121_6"   --->   Operation 678 'mul' 'mul_ln1347_78' <Predicate = (!icmp_ln121)> <Delay = 1.05> <CoreInst = "DSP48">   --->   Core 119 'DSP48' <Latency = 3> <II = 1> <Delay = 2.15> <IPBlock> <Opcode : 'mul' 'add' 'sub' 'select'> <InPorts = 0> <OutPorts = 1> <Sync> <CReg>
ST_11 : Operation 679 [1/1] (0.00ns)   --->   "%sext_ln1347_8 = sext i16 %tmp_23"   --->   Operation 679 'sext' 'sext_ln1347_8' <Predicate = (!icmp_ln121)> <Delay = 0.00>
ST_11 : Operation 680 [3/3] (1.05ns) (grouped into DSP with root node ret_V_517)   --->   "%mul_ln1347_79 = mul i26 %sext_ln1347_8, i26 %sext_ln121_7"   --->   Operation 680 'mul' 'mul_ln1347_79' <Predicate = (!icmp_ln121)> <Delay = 1.05> <CoreInst = "DSP48">   --->   Core 119 'DSP48' <Latency = 3> <II = 1> <Delay = 2.15> <IPBlock> <Opcode : 'mul' 'add' 'sub' 'select'> <InPorts = 0> <OutPorts = 1> <Sync> <CReg>

State 12 <SV = 11> <Delay = 4.20>
ST_12 : Operation 681 [1/1] (0.00ns)   --->   "%sext_ln121_8 = sext i16 %select_ln121_10" [src/imgds_linear_dense_q16.cpp:121]   --->   Operation 681 'sext' 'sext_ln121_8' <Predicate = (!icmp_ln121)> <Delay = 0.00>
ST_12 : Operation 682 [1/2] (2.10ns) (root node of the DSP)   --->   "%ret_V_515 = add i26 %lhs_497, i26 %mul_ln1347_77"   --->   Operation 682 'add' 'ret_V_515' <Predicate = (!icmp_ln121)> <Delay = 2.10> <CoreInst = "DSP48">   --->   Core 119 'DSP48' <Latency = 3> <II = 1> <Delay = 2.15> <IPBlock> <Opcode : 'mul' 'add' 'sub' 'select'> <InPorts = 0> <OutPorts = 1> <Sync> <CReg>
ST_12 : Operation 683 [1/1] (0.00ns)   --->   "%tmp_528 = partselect i20 @_ssdm_op_PartSelect.i20.i26.i32.i32, i26 %ret_V_515, i32 6, i32 25"   --->   Operation 683 'partselect' 'tmp_528' <Predicate = (!icmp_ln121)> <Delay = 0.00>
ST_12 : Operation 684 [1/1] (0.00ns)   --->   "%lhs_498 = bitconcatenate i26 @_ssdm_op_BitConcatenate.i26.i20.i6, i20 %tmp_528, i6 0"   --->   Operation 684 'bitconcatenate' 'lhs_498' <Predicate = (!icmp_ln121)> <Delay = 0.00>
ST_12 : Operation 685 [1/3] (0.00ns) (grouped into DSP with root node ret_V_516)   --->   "%mul_ln1347_78 = mul i26 %sext_ln1347_7, i26 %sext_ln121_6"   --->   Operation 685 'mul' 'mul_ln1347_78' <Predicate = (!icmp_ln121)> <Delay = 0.00> <CoreInst = "DSP48">   --->   Core 119 'DSP48' <Latency = 3> <II = 1> <Delay = 2.15> <IPBlock> <Opcode : 'mul' 'add' 'sub' 'select'> <InPorts = 0> <OutPorts = 1> <Sync> <CReg>
ST_12 : Operation 686 [2/2] (2.10ns) (root node of the DSP)   --->   "%ret_V_516 = add i26 %lhs_498, i26 %mul_ln1347_78"   --->   Operation 686 'add' 'ret_V_516' <Predicate = (!icmp_ln121)> <Delay = 2.10> <CoreInst = "DSP48">   --->   Core 119 'DSP48' <Latency = 3> <II = 1> <Delay = 2.15> <IPBlock> <Opcode : 'mul' 'add' 'sub' 'select'> <InPorts = 0> <OutPorts = 1> <Sync> <CReg>
ST_12 : Operation 687 [2/3] (1.05ns) (grouped into DSP with root node ret_V_517)   --->   "%mul_ln1347_79 = mul i26 %sext_ln1347_8, i26 %sext_ln121_7"   --->   Operation 687 'mul' 'mul_ln1347_79' <Predicate = (!icmp_ln121)> <Delay = 1.05> <CoreInst = "DSP48">   --->   Core 119 'DSP48' <Latency = 3> <II = 1> <Delay = 2.15> <IPBlock> <Opcode : 'mul' 'add' 'sub' 'select'> <InPorts = 0> <OutPorts = 1> <Sync> <CReg>
ST_12 : Operation 688 [1/1] (0.00ns)   --->   "%sext_ln1347_9 = sext i16 %tmp_24"   --->   Operation 688 'sext' 'sext_ln1347_9' <Predicate = (!icmp_ln121)> <Delay = 0.00>
ST_12 : Operation 689 [3/3] (1.05ns) (grouped into DSP with root node ret_V_518)   --->   "%mul_ln1347_80 = mul i26 %sext_ln1347_9, i26 %sext_ln121_8"   --->   Operation 689 'mul' 'mul_ln1347_80' <Predicate = (!icmp_ln121)> <Delay = 1.05> <CoreInst = "DSP48">   --->   Core 119 'DSP48' <Latency = 3> <II = 1> <Delay = 2.15> <IPBlock> <Opcode : 'mul' 'add' 'sub' 'select'> <InPorts = 0> <OutPorts = 1> <Sync> <CReg>

State 13 <SV = 12> <Delay = 4.20>
ST_13 : Operation 690 [1/1] (0.00ns)   --->   "%sext_ln121_9 = sext i16 %select_ln121_11" [src/imgds_linear_dense_q16.cpp:121]   --->   Operation 690 'sext' 'sext_ln121_9' <Predicate = (!icmp_ln121)> <Delay = 0.00>
ST_13 : Operation 691 [1/2] (2.10ns) (root node of the DSP)   --->   "%ret_V_516 = add i26 %lhs_498, i26 %mul_ln1347_78"   --->   Operation 691 'add' 'ret_V_516' <Predicate = (!icmp_ln121)> <Delay = 2.10> <CoreInst = "DSP48">   --->   Core 119 'DSP48' <Latency = 3> <II = 1> <Delay = 2.15> <IPBlock> <Opcode : 'mul' 'add' 'sub' 'select'> <InPorts = 0> <OutPorts = 1> <Sync> <CReg>
ST_13 : Operation 692 [1/1] (0.00ns)   --->   "%tmp_529 = partselect i20 @_ssdm_op_PartSelect.i20.i26.i32.i32, i26 %ret_V_516, i32 6, i32 25"   --->   Operation 692 'partselect' 'tmp_529' <Predicate = (!icmp_ln121)> <Delay = 0.00>
ST_13 : Operation 693 [1/1] (0.00ns)   --->   "%lhs_499 = bitconcatenate i26 @_ssdm_op_BitConcatenate.i26.i20.i6, i20 %tmp_529, i6 0"   --->   Operation 693 'bitconcatenate' 'lhs_499' <Predicate = (!icmp_ln121)> <Delay = 0.00>
ST_13 : Operation 694 [1/3] (0.00ns) (grouped into DSP with root node ret_V_517)   --->   "%mul_ln1347_79 = mul i26 %sext_ln1347_8, i26 %sext_ln121_7"   --->   Operation 694 'mul' 'mul_ln1347_79' <Predicate = (!icmp_ln121)> <Delay = 0.00> <CoreInst = "DSP48">   --->   Core 119 'DSP48' <Latency = 3> <II = 1> <Delay = 2.15> <IPBlock> <Opcode : 'mul' 'add' 'sub' 'select'> <InPorts = 0> <OutPorts = 1> <Sync> <CReg>
ST_13 : Operation 695 [2/2] (2.10ns) (root node of the DSP)   --->   "%ret_V_517 = add i26 %lhs_499, i26 %mul_ln1347_79"   --->   Operation 695 'add' 'ret_V_517' <Predicate = (!icmp_ln121)> <Delay = 2.10> <CoreInst = "DSP48">   --->   Core 119 'DSP48' <Latency = 3> <II = 1> <Delay = 2.15> <IPBlock> <Opcode : 'mul' 'add' 'sub' 'select'> <InPorts = 0> <OutPorts = 1> <Sync> <CReg>
ST_13 : Operation 696 [2/3] (1.05ns) (grouped into DSP with root node ret_V_518)   --->   "%mul_ln1347_80 = mul i26 %sext_ln1347_9, i26 %sext_ln121_8"   --->   Operation 696 'mul' 'mul_ln1347_80' <Predicate = (!icmp_ln121)> <Delay = 1.05> <CoreInst = "DSP48">   --->   Core 119 'DSP48' <Latency = 3> <II = 1> <Delay = 2.15> <IPBlock> <Opcode : 'mul' 'add' 'sub' 'select'> <InPorts = 0> <OutPorts = 1> <Sync> <CReg>
ST_13 : Operation 697 [1/1] (0.00ns)   --->   "%sext_ln1347_10 = sext i16 %tmp_25"   --->   Operation 697 'sext' 'sext_ln1347_10' <Predicate = (!icmp_ln121)> <Delay = 0.00>
ST_13 : Operation 698 [3/3] (1.05ns) (grouped into DSP with root node ret_V_519)   --->   "%mul_ln1347_81 = mul i26 %sext_ln1347_10, i26 %sext_ln121_9"   --->   Operation 698 'mul' 'mul_ln1347_81' <Predicate = (!icmp_ln121)> <Delay = 1.05> <CoreInst = "DSP48">   --->   Core 119 'DSP48' <Latency = 3> <II = 1> <Delay = 2.15> <IPBlock> <Opcode : 'mul' 'add' 'sub' 'select'> <InPorts = 0> <OutPorts = 1> <Sync> <CReg>

State 14 <SV = 13> <Delay = 4.20>
ST_14 : Operation 699 [1/1] (0.00ns)   --->   "%sext_ln121_10 = sext i16 %select_ln121_12" [src/imgds_linear_dense_q16.cpp:121]   --->   Operation 699 'sext' 'sext_ln121_10' <Predicate = (!icmp_ln121)> <Delay = 0.00>
ST_14 : Operation 700 [1/1] (0.00ns)   --->   "%tmp_867_cast = bitconcatenate i6 @_ssdm_op_BitConcatenate.i6.i4.i2, i4 11, i2 %lshr_ln"   --->   Operation 700 'bitconcatenate' 'tmp_867_cast' <Predicate = (!icmp_ln121)> <Delay = 0.00>
ST_14 : Operation 701 [1/1] (0.00ns)   --->   "%zext_ln1273_12 = zext i6 %tmp_867_cast"   --->   Operation 701 'zext' 'zext_ln1273_12' <Predicate = (!icmp_ln121)> <Delay = 0.00>
ST_14 : Operation 702 [1/1] (0.00ns)   --->   "%V_V_addr_11 = getelementptr i16 %V_V, i64 0, i64 %zext_ln1273_12"   --->   Operation 702 'getelementptr' 'V_V_addr_11' <Predicate = (!icmp_ln121)> <Delay = 0.00>
ST_14 : Operation 703 [1/1] (0.00ns)   --->   "%V_V_1_addr_11 = getelementptr i16 %V_V_1, i64 0, i64 %zext_ln1273_12"   --->   Operation 703 'getelementptr' 'V_V_1_addr_11' <Predicate = (!icmp_ln121)> <Delay = 0.00>
ST_14 : Operation 704 [1/1] (0.00ns)   --->   "%V_V_2_addr_11 = getelementptr i16 %V_V_2, i64 0, i64 %zext_ln1273_12"   --->   Operation 704 'getelementptr' 'V_V_2_addr_11' <Predicate = (!icmp_ln121)> <Delay = 0.00>
ST_14 : Operation 705 [1/1] (0.00ns)   --->   "%V_V_3_addr_11 = getelementptr i16 %V_V_3, i64 0, i64 %zext_ln1273_12"   --->   Operation 705 'getelementptr' 'V_V_3_addr_11' <Predicate = (!icmp_ln121)> <Delay = 0.00>
ST_14 : Operation 706 [1/2] (2.10ns) (root node of the DSP)   --->   "%ret_V_517 = add i26 %lhs_499, i26 %mul_ln1347_79"   --->   Operation 706 'add' 'ret_V_517' <Predicate = (!icmp_ln121)> <Delay = 2.10> <CoreInst = "DSP48">   --->   Core 119 'DSP48' <Latency = 3> <II = 1> <Delay = 2.15> <IPBlock> <Opcode : 'mul' 'add' 'sub' 'select'> <InPorts = 0> <OutPorts = 1> <Sync> <CReg>
ST_14 : Operation 707 [1/1] (0.00ns)   --->   "%tmp_530 = partselect i20 @_ssdm_op_PartSelect.i20.i26.i32.i32, i26 %ret_V_517, i32 6, i32 25"   --->   Operation 707 'partselect' 'tmp_530' <Predicate = (!icmp_ln121)> <Delay = 0.00>
ST_14 : Operation 708 [1/1] (0.00ns)   --->   "%lhs_500 = bitconcatenate i26 @_ssdm_op_BitConcatenate.i26.i20.i6, i20 %tmp_530, i6 0"   --->   Operation 708 'bitconcatenate' 'lhs_500' <Predicate = (!icmp_ln121)> <Delay = 0.00>
ST_14 : Operation 709 [1/3] (0.00ns) (grouped into DSP with root node ret_V_518)   --->   "%mul_ln1347_80 = mul i26 %sext_ln1347_9, i26 %sext_ln121_8"   --->   Operation 709 'mul' 'mul_ln1347_80' <Predicate = (!icmp_ln121)> <Delay = 0.00> <CoreInst = "DSP48">   --->   Core 119 'DSP48' <Latency = 3> <II = 1> <Delay = 2.15> <IPBlock> <Opcode : 'mul' 'add' 'sub' 'select'> <InPorts = 0> <OutPorts = 1> <Sync> <CReg>
ST_14 : Operation 710 [2/2] (2.10ns) (root node of the DSP)   --->   "%ret_V_518 = add i26 %lhs_500, i26 %mul_ln1347_80"   --->   Operation 710 'add' 'ret_V_518' <Predicate = (!icmp_ln121)> <Delay = 2.10> <CoreInst = "DSP48">   --->   Core 119 'DSP48' <Latency = 3> <II = 1> <Delay = 2.15> <IPBlock> <Opcode : 'mul' 'add' 'sub' 'select'> <InPorts = 0> <OutPorts = 1> <Sync> <CReg>
ST_14 : Operation 711 [2/3] (1.05ns) (grouped into DSP with root node ret_V_519)   --->   "%mul_ln1347_81 = mul i26 %sext_ln1347_10, i26 %sext_ln121_9"   --->   Operation 711 'mul' 'mul_ln1347_81' <Predicate = (!icmp_ln121)> <Delay = 1.05> <CoreInst = "DSP48">   --->   Core 119 'DSP48' <Latency = 3> <II = 1> <Delay = 2.15> <IPBlock> <Opcode : 'mul' 'add' 'sub' 'select'> <InPorts = 0> <OutPorts = 1> <Sync> <CReg>
ST_14 : Operation 712 [1/1] (0.00ns)   --->   "%sext_ln1347_11 = sext i16 %tmp_26"   --->   Operation 712 'sext' 'sext_ln1347_11' <Predicate = (!icmp_ln121)> <Delay = 0.00>
ST_14 : Operation 713 [3/3] (1.05ns) (grouped into DSP with root node ret_V_520)   --->   "%mul_ln1347_82 = mul i26 %sext_ln1347_11, i26 %sext_ln121_10"   --->   Operation 713 'mul' 'mul_ln1347_82' <Predicate = (!icmp_ln121)> <Delay = 1.05> <CoreInst = "DSP48">   --->   Core 119 'DSP48' <Latency = 3> <II = 1> <Delay = 2.15> <IPBlock> <Opcode : 'mul' 'add' 'sub' 'select'> <InPorts = 0> <OutPorts = 1> <Sync> <CReg>
ST_14 : Operation 714 [2/2] (3.25ns)   --->   "%V_V_load_11 = load i6 %V_V_addr_11"   --->   Operation 714 'load' 'V_V_load_11' <Predicate = (!icmp_ln121)> <Delay = 3.25> <CoreInst = "RAM">   --->   Core 82 'RAM' <Latency = 1> <II = 1> <Delay = 3.25> <Storage> <Opcode : 'load' 'store'> <Ports = 2> <Width = 16> <Depth = 64> <RAM>
ST_14 : Operation 715 [2/2] (3.25ns)   --->   "%V_V_1_load_11 = load i6 %V_V_1_addr_11"   --->   Operation 715 'load' 'V_V_1_load_11' <Predicate = (!icmp_ln121)> <Delay = 3.25> <CoreInst = "RAM">   --->   Core 82 'RAM' <Latency = 1> <II = 1> <Delay = 3.25> <Storage> <Opcode : 'load' 'store'> <Ports = 2> <Width = 16> <Depth = 64> <RAM>
ST_14 : Operation 716 [2/2] (3.25ns)   --->   "%V_V_2_load_11 = load i6 %V_V_2_addr_11"   --->   Operation 716 'load' 'V_V_2_load_11' <Predicate = (!icmp_ln121)> <Delay = 3.25> <CoreInst = "RAM">   --->   Core 82 'RAM' <Latency = 1> <II = 1> <Delay = 3.25> <Storage> <Opcode : 'load' 'store'> <Ports = 2> <Width = 16> <Depth = 64> <RAM>
ST_14 : Operation 717 [2/2] (3.25ns)   --->   "%V_V_3_load_11 = load i6 %V_V_3_addr_11"   --->   Operation 717 'load' 'V_V_3_load_11' <Predicate = (!icmp_ln121)> <Delay = 3.25> <CoreInst = "RAM">   --->   Core 82 'RAM' <Latency = 1> <II = 1> <Delay = 3.25> <Storage> <Opcode : 'load' 'store'> <Ports = 2> <Width = 16> <Depth = 64> <RAM>

State 15 <SV = 14> <Delay = 6.13>
ST_15 : Operation 718 [1/1] (0.00ns)   --->   "%sext_ln121_11 = sext i16 %select_ln121_13" [src/imgds_linear_dense_q16.cpp:121]   --->   Operation 718 'sext' 'sext_ln121_11' <Predicate = (!icmp_ln121)> <Delay = 0.00>
ST_15 : Operation 719 [1/1] (0.00ns)   --->   "%sext_ln1273_105 = sext i5 %tmp_860_cast"   --->   Operation 719 'sext' 'sext_ln1273_105' <Predicate = (!icmp_ln121)> <Delay = 0.00>
ST_15 : Operation 720 [1/1] (0.00ns)   --->   "%zext_ln1273_13 = zext i6 %sext_ln1273_105"   --->   Operation 720 'zext' 'zext_ln1273_13' <Predicate = (!icmp_ln121)> <Delay = 0.00>
ST_15 : Operation 721 [1/1] (0.00ns)   --->   "%V_V_addr_12 = getelementptr i16 %V_V, i64 0, i64 %zext_ln1273_13"   --->   Operation 721 'getelementptr' 'V_V_addr_12' <Predicate = (!icmp_ln121)> <Delay = 0.00>
ST_15 : Operation 722 [1/1] (0.00ns)   --->   "%sext_ln1273_106 = sext i5 %tmp_861_cast"   --->   Operation 722 'sext' 'sext_ln1273_106' <Predicate = (!icmp_ln121)> <Delay = 0.00>
ST_15 : Operation 723 [1/1] (0.00ns)   --->   "%zext_ln1273_14 = zext i6 %sext_ln1273_106"   --->   Operation 723 'zext' 'zext_ln1273_14' <Predicate = (!icmp_ln121)> <Delay = 0.00>
ST_15 : Operation 724 [1/1] (0.00ns)   --->   "%V_V_addr_13 = getelementptr i16 %V_V, i64 0, i64 %zext_ln1273_14"   --->   Operation 724 'getelementptr' 'V_V_addr_13' <Predicate = (!icmp_ln121)> <Delay = 0.00>
ST_15 : Operation 725 [1/1] (0.00ns)   --->   "%V_V_1_addr_12 = getelementptr i16 %V_V_1, i64 0, i64 %zext_ln1273_13"   --->   Operation 725 'getelementptr' 'V_V_1_addr_12' <Predicate = (!icmp_ln121)> <Delay = 0.00>
ST_15 : Operation 726 [1/1] (0.00ns)   --->   "%V_V_1_addr_13 = getelementptr i16 %V_V_1, i64 0, i64 %zext_ln1273_14"   --->   Operation 726 'getelementptr' 'V_V_1_addr_13' <Predicate = (!icmp_ln121)> <Delay = 0.00>
ST_15 : Operation 727 [1/1] (0.00ns)   --->   "%V_V_2_addr_12 = getelementptr i16 %V_V_2, i64 0, i64 %zext_ln1273_13"   --->   Operation 727 'getelementptr' 'V_V_2_addr_12' <Predicate = (!icmp_ln121)> <Delay = 0.00>
ST_15 : Operation 728 [1/1] (0.00ns)   --->   "%V_V_2_addr_13 = getelementptr i16 %V_V_2, i64 0, i64 %zext_ln1273_14"   --->   Operation 728 'getelementptr' 'V_V_2_addr_13' <Predicate = (!icmp_ln121)> <Delay = 0.00>
ST_15 : Operation 729 [1/1] (0.00ns)   --->   "%V_V_3_addr_12 = getelementptr i16 %V_V_3, i64 0, i64 %zext_ln1273_13"   --->   Operation 729 'getelementptr' 'V_V_3_addr_12' <Predicate = (!icmp_ln121)> <Delay = 0.00>
ST_15 : Operation 730 [1/1] (0.00ns)   --->   "%V_V_3_addr_13 = getelementptr i16 %V_V_3, i64 0, i64 %zext_ln1273_14"   --->   Operation 730 'getelementptr' 'V_V_3_addr_13' <Predicate = (!icmp_ln121)> <Delay = 0.00>
ST_15 : Operation 731 [1/2] (2.10ns) (root node of the DSP)   --->   "%ret_V_518 = add i26 %lhs_500, i26 %mul_ln1347_80"   --->   Operation 731 'add' 'ret_V_518' <Predicate = (!icmp_ln121)> <Delay = 2.10> <CoreInst = "DSP48">   --->   Core 119 'DSP48' <Latency = 3> <II = 1> <Delay = 2.15> <IPBlock> <Opcode : 'mul' 'add' 'sub' 'select'> <InPorts = 0> <OutPorts = 1> <Sync> <CReg>
ST_15 : Operation 732 [1/1] (0.00ns)   --->   "%tmp_531 = partselect i20 @_ssdm_op_PartSelect.i20.i26.i32.i32, i26 %ret_V_518, i32 6, i32 25"   --->   Operation 732 'partselect' 'tmp_531' <Predicate = (!icmp_ln121)> <Delay = 0.00>
ST_15 : Operation 733 [1/1] (0.00ns)   --->   "%lhs_501 = bitconcatenate i26 @_ssdm_op_BitConcatenate.i26.i20.i6, i20 %tmp_531, i6 0"   --->   Operation 733 'bitconcatenate' 'lhs_501' <Predicate = (!icmp_ln121)> <Delay = 0.00>
ST_15 : Operation 734 [1/3] (0.00ns) (grouped into DSP with root node ret_V_519)   --->   "%mul_ln1347_81 = mul i26 %sext_ln1347_10, i26 %sext_ln121_9"   --->   Operation 734 'mul' 'mul_ln1347_81' <Predicate = (!icmp_ln121)> <Delay = 0.00> <CoreInst = "DSP48">   --->   Core 119 'DSP48' <Latency = 3> <II = 1> <Delay = 2.15> <IPBlock> <Opcode : 'mul' 'add' 'sub' 'select'> <InPorts = 0> <OutPorts = 1> <Sync> <CReg>
ST_15 : Operation 735 [2/2] (2.10ns) (root node of the DSP)   --->   "%ret_V_519 = add i26 %lhs_501, i26 %mul_ln1347_81"   --->   Operation 735 'add' 'ret_V_519' <Predicate = (!icmp_ln121)> <Delay = 2.10> <CoreInst = "DSP48">   --->   Core 119 'DSP48' <Latency = 3> <II = 1> <Delay = 2.15> <IPBlock> <Opcode : 'mul' 'add' 'sub' 'select'> <InPorts = 0> <OutPorts = 1> <Sync> <CReg>
ST_15 : Operation 736 [2/3] (1.05ns) (grouped into DSP with root node ret_V_520)   --->   "%mul_ln1347_82 = mul i26 %sext_ln1347_11, i26 %sext_ln121_10"   --->   Operation 736 'mul' 'mul_ln1347_82' <Predicate = (!icmp_ln121)> <Delay = 1.05> <CoreInst = "DSP48">   --->   Core 119 'DSP48' <Latency = 3> <II = 1> <Delay = 2.15> <IPBlock> <Opcode : 'mul' 'add' 'sub' 'select'> <InPorts = 0> <OutPorts = 1> <Sync> <CReg>
ST_15 : Operation 737 [1/2] (3.25ns)   --->   "%V_V_load_11 = load i6 %V_V_addr_11"   --->   Operation 737 'load' 'V_V_load_11' <Predicate = (!icmp_ln121)> <Delay = 3.25> <CoreInst = "RAM">   --->   Core 82 'RAM' <Latency = 1> <II = 1> <Delay = 3.25> <Storage> <Opcode : 'load' 'store'> <Ports = 2> <Width = 16> <Depth = 64> <RAM>
ST_15 : Operation 738 [1/2] (3.25ns)   --->   "%V_V_1_load_11 = load i6 %V_V_1_addr_11"   --->   Operation 738 'load' 'V_V_1_load_11' <Predicate = (!icmp_ln121)> <Delay = 3.25> <CoreInst = "RAM">   --->   Core 82 'RAM' <Latency = 1> <II = 1> <Delay = 3.25> <Storage> <Opcode : 'load' 'store'> <Ports = 2> <Width = 16> <Depth = 64> <RAM>
ST_15 : Operation 739 [1/2] (3.25ns)   --->   "%V_V_2_load_11 = load i6 %V_V_2_addr_11"   --->   Operation 739 'load' 'V_V_2_load_11' <Predicate = (!icmp_ln121)> <Delay = 3.25> <CoreInst = "RAM">   --->   Core 82 'RAM' <Latency = 1> <II = 1> <Delay = 3.25> <Storage> <Opcode : 'load' 'store'> <Ports = 2> <Width = 16> <Depth = 64> <RAM>
ST_15 : Operation 740 [1/2] (3.25ns)   --->   "%V_V_3_load_11 = load i6 %V_V_3_addr_11"   --->   Operation 740 'load' 'V_V_3_load_11' <Predicate = (!icmp_ln121)> <Delay = 3.25> <CoreInst = "RAM">   --->   Core 82 'RAM' <Latency = 1> <II = 1> <Delay = 3.25> <Storage> <Opcode : 'load' 'store'> <Ports = 2> <Width = 16> <Depth = 64> <RAM>
ST_15 : Operation 741 [1/1] (1.82ns)   --->   "%tmp_27 = mux i16 @_ssdm_op_Mux.ap_auto.4i16.i2, i16 %V_V_load_11, i16 %V_V_1_load_11, i16 %V_V_2_load_11, i16 %V_V_3_load_11, i2 %trunc_ln1273"   --->   Operation 741 'mux' 'tmp_27' <Predicate = (!icmp_ln121)> <Delay = 1.82> <CoreInst = "Multiplexer">   --->   Core 76 'Multiplexer' <Latency = 0> <II = 1> <Delay = 1.82> <FuncUnit> <Opcode : 'mux'> <InPorts = 2> <OutPorts = 1>
ST_15 : Operation 742 [1/1] (0.00ns)   --->   "%sext_ln1347_12 = sext i16 %tmp_27"   --->   Operation 742 'sext' 'sext_ln1347_12' <Predicate = (!icmp_ln121)> <Delay = 0.00>
ST_15 : Operation 743 [3/3] (1.05ns) (grouped into DSP with root node ret_V_521)   --->   "%mul_ln1347_83 = mul i26 %sext_ln1347_12, i26 %sext_ln121_11"   --->   Operation 743 'mul' 'mul_ln1347_83' <Predicate = (!icmp_ln121)> <Delay = 1.05> <CoreInst = "DSP48">   --->   Core 119 'DSP48' <Latency = 3> <II = 1> <Delay = 2.15> <IPBlock> <Opcode : 'mul' 'add' 'sub' 'select'> <InPorts = 0> <OutPorts = 1> <Sync> <CReg>
ST_15 : Operation 744 [2/2] (3.25ns)   --->   "%V_V_load_12 = load i6 %V_V_addr_12"   --->   Operation 744 'load' 'V_V_load_12' <Predicate = (!icmp_ln121)> <Delay = 3.25> <CoreInst = "RAM">   --->   Core 82 'RAM' <Latency = 1> <II = 1> <Delay = 3.25> <Storage> <Opcode : 'load' 'store'> <Ports = 2> <Width = 16> <Depth = 64> <RAM>
ST_15 : Operation 745 [2/2] (3.25ns)   --->   "%V_V_1_load_12 = load i6 %V_V_1_addr_12"   --->   Operation 745 'load' 'V_V_1_load_12' <Predicate = (!icmp_ln121)> <Delay = 3.25> <CoreInst = "RAM">   --->   Core 82 'RAM' <Latency = 1> <II = 1> <Delay = 3.25> <Storage> <Opcode : 'load' 'store'> <Ports = 2> <Width = 16> <Depth = 64> <RAM>
ST_15 : Operation 746 [2/2] (3.25ns)   --->   "%V_V_2_load_12 = load i6 %V_V_2_addr_12"   --->   Operation 746 'load' 'V_V_2_load_12' <Predicate = (!icmp_ln121)> <Delay = 3.25> <CoreInst = "RAM">   --->   Core 82 'RAM' <Latency = 1> <II = 1> <Delay = 3.25> <Storage> <Opcode : 'load' 'store'> <Ports = 2> <Width = 16> <Depth = 64> <RAM>
ST_15 : Operation 747 [2/2] (3.25ns)   --->   "%V_V_3_load_12 = load i6 %V_V_3_addr_12"   --->   Operation 747 'load' 'V_V_3_load_12' <Predicate = (!icmp_ln121)> <Delay = 3.25> <CoreInst = "RAM">   --->   Core 82 'RAM' <Latency = 1> <II = 1> <Delay = 3.25> <Storage> <Opcode : 'load' 'store'> <Ports = 2> <Width = 16> <Depth = 64> <RAM>
ST_15 : Operation 748 [2/2] (3.25ns)   --->   "%V_V_load_13 = load i6 %V_V_addr_13"   --->   Operation 748 'load' 'V_V_load_13' <Predicate = (!icmp_ln121)> <Delay = 3.25> <CoreInst = "RAM">   --->   Core 82 'RAM' <Latency = 1> <II = 1> <Delay = 3.25> <Storage> <Opcode : 'load' 'store'> <Ports = 2> <Width = 16> <Depth = 64> <RAM>
ST_15 : Operation 749 [2/2] (3.25ns)   --->   "%V_V_1_load_13 = load i6 %V_V_1_addr_13"   --->   Operation 749 'load' 'V_V_1_load_13' <Predicate = (!icmp_ln121)> <Delay = 3.25> <CoreInst = "RAM">   --->   Core 82 'RAM' <Latency = 1> <II = 1> <Delay = 3.25> <Storage> <Opcode : 'load' 'store'> <Ports = 2> <Width = 16> <Depth = 64> <RAM>
ST_15 : Operation 750 [2/2] (3.25ns)   --->   "%V_V_2_load_13 = load i6 %V_V_2_addr_13"   --->   Operation 750 'load' 'V_V_2_load_13' <Predicate = (!icmp_ln121)> <Delay = 3.25> <CoreInst = "RAM">   --->   Core 82 'RAM' <Latency = 1> <II = 1> <Delay = 3.25> <Storage> <Opcode : 'load' 'store'> <Ports = 2> <Width = 16> <Depth = 64> <RAM>
ST_15 : Operation 751 [2/2] (3.25ns)   --->   "%V_V_3_load_13 = load i6 %V_V_3_addr_13"   --->   Operation 751 'load' 'V_V_3_load_13' <Predicate = (!icmp_ln121)> <Delay = 3.25> <CoreInst = "RAM">   --->   Core 82 'RAM' <Latency = 1> <II = 1> <Delay = 3.25> <Storage> <Opcode : 'load' 'store'> <Ports = 2> <Width = 16> <Depth = 64> <RAM>

State 16 <SV = 15> <Delay = 6.13>
ST_16 : Operation 752 [1/1] (0.00ns)   --->   "%tmp_839_cast = sext i5 %tmp_831_cast"   --->   Operation 752 'sext' 'tmp_839_cast' <Predicate = (!icmp_ln122)> <Delay = 0.00>
ST_16 : Operation 753 [1/1] (0.00ns)   --->   "%tmp_839_cast_cast = zext i6 %tmp_839_cast"   --->   Operation 753 'zext' 'tmp_839_cast_cast' <Predicate = (!icmp_ln122)> <Delay = 0.00>
ST_16 : Operation 754 [1/1] (0.00ns)   --->   "%K_V_addr_16 = getelementptr i16 %K_V, i64 0, i64 %tmp_839_cast_cast"   --->   Operation 754 'getelementptr' 'K_V_addr_16' <Predicate = (!icmp_ln122)> <Delay = 0.00>
ST_16 : Operation 755 [1/1] (0.00ns)   --->   "%K_V_1_addr_16 = getelementptr i16 %K_V_1, i64 0, i64 %tmp_839_cast_cast"   --->   Operation 755 'getelementptr' 'K_V_1_addr_16' <Predicate = (!icmp_ln122)> <Delay = 0.00>
ST_16 : Operation 756 [1/1] (0.00ns)   --->   "%K_V_2_addr_16 = getelementptr i16 %K_V_2, i64 0, i64 %tmp_839_cast_cast"   --->   Operation 756 'getelementptr' 'K_V_2_addr_16' <Predicate = (!icmp_ln122)> <Delay = 0.00>
ST_16 : Operation 757 [1/1] (0.00ns)   --->   "%K_V_3_addr_16 = getelementptr i16 %K_V_3, i64 0, i64 %tmp_839_cast_cast"   --->   Operation 757 'getelementptr' 'K_V_3_addr_16' <Predicate = (!icmp_ln122)> <Delay = 0.00>
ST_16 : Operation 758 [2/2] (3.25ns)   --->   "%K_V_load_13 = load i6 %K_V_addr_16"   --->   Operation 758 'load' 'K_V_load_13' <Predicate = (!icmp_ln121 & !icmp_ln122 & empty == 0)> <Delay = 3.25> <CoreInst = "RAM">   --->   Core 82 'RAM' <Latency = 1> <II = 1> <Delay = 3.25> <Storage> <Opcode : 'load' 'store'> <Ports = 2> <Width = 16> <Depth = 64> <RAM>
ST_16 : Operation 759 [2/2] (3.25ns)   --->   "%K_V_1_load_13 = load i6 %K_V_1_addr_16"   --->   Operation 759 'load' 'K_V_1_load_13' <Predicate = (!icmp_ln121 & !icmp_ln122 & empty != 0 & empty == 1)> <Delay = 3.25> <CoreInst = "RAM">   --->   Core 82 'RAM' <Latency = 1> <II = 1> <Delay = 3.25> <Storage> <Opcode : 'load' 'store'> <Ports = 2> <Width = 16> <Depth = 64> <RAM>
ST_16 : Operation 760 [2/2] (3.25ns)   --->   "%K_V_2_load_13 = load i6 %K_V_2_addr_16"   --->   Operation 760 'load' 'K_V_2_load_13' <Predicate = (!icmp_ln121 & !icmp_ln122 & empty != 0 & empty != 1 & empty == 2)> <Delay = 3.25> <CoreInst = "RAM">   --->   Core 82 'RAM' <Latency = 1> <II = 1> <Delay = 3.25> <Storage> <Opcode : 'load' 'store'> <Ports = 2> <Width = 16> <Depth = 64> <RAM>
ST_16 : Operation 761 [2/2] (3.25ns)   --->   "%K_V_3_load_13 = load i6 %K_V_3_addr_16"   --->   Operation 761 'load' 'K_V_3_load_13' <Predicate = (!icmp_ln121 & !icmp_ln122 & empty != 0 & empty != 1 & empty != 2 & empty == 3)> <Delay = 3.25> <CoreInst = "RAM">   --->   Core 82 'RAM' <Latency = 1> <II = 1> <Delay = 3.25> <Storage> <Opcode : 'load' 'store'> <Ports = 2> <Width = 16> <Depth = 64> <RAM>
ST_16 : Operation 762 [1/1] (0.00ns)   --->   "%tmp_854_cast = sext i5 %tmp_846_cast" [src/imgds_linear_dense_q16.cpp:121]   --->   Operation 762 'sext' 'tmp_854_cast' <Predicate = (!icmp_ln121 & icmp_ln122)> <Delay = 0.00>
ST_16 : Operation 763 [1/1] (0.00ns)   --->   "%tmp_854_cast_cast = zext i6 %tmp_854_cast" [src/imgds_linear_dense_q16.cpp:121]   --->   Operation 763 'zext' 'tmp_854_cast_cast' <Predicate = (!icmp_ln121 & icmp_ln122)> <Delay = 0.00>
ST_16 : Operation 764 [1/1] (0.00ns)   --->   "%K_V_addr_32 = getelementptr i16 %K_V, i64 0, i64 %tmp_854_cast_cast" [src/imgds_linear_dense_q16.cpp:121]   --->   Operation 764 'getelementptr' 'K_V_addr_32' <Predicate = (!icmp_ln121 & icmp_ln122)> <Delay = 0.00>
ST_16 : Operation 765 [1/1] (0.00ns)   --->   "%K_V_1_addr_32 = getelementptr i16 %K_V_1, i64 0, i64 %tmp_854_cast_cast" [src/imgds_linear_dense_q16.cpp:121]   --->   Operation 765 'getelementptr' 'K_V_1_addr_32' <Predicate = (!icmp_ln121 & icmp_ln122)> <Delay = 0.00>
ST_16 : Operation 766 [1/1] (0.00ns)   --->   "%K_V_2_addr_32 = getelementptr i16 %K_V_2, i64 0, i64 %tmp_854_cast_cast" [src/imgds_linear_dense_q16.cpp:121]   --->   Operation 766 'getelementptr' 'K_V_2_addr_32' <Predicate = (!icmp_ln121 & icmp_ln122)> <Delay = 0.00>
ST_16 : Operation 767 [1/1] (0.00ns)   --->   "%K_V_3_addr_32 = getelementptr i16 %K_V_3, i64 0, i64 %tmp_854_cast_cast" [src/imgds_linear_dense_q16.cpp:121]   --->   Operation 767 'getelementptr' 'K_V_3_addr_32' <Predicate = (!icmp_ln121 & icmp_ln122)> <Delay = 0.00>
ST_16 : Operation 768 [1/1] (0.00ns)   --->   "%sext_ln121_12 = sext i16 %select_ln121_14" [src/imgds_linear_dense_q16.cpp:121]   --->   Operation 768 'sext' 'sext_ln121_12' <Predicate = (!icmp_ln121)> <Delay = 0.00>
ST_16 : Operation 769 [2/2] (3.25ns)   --->   "%K_V_load_29 = load i6 %K_V_addr_32" [src/imgds_linear_dense_q16.cpp:121]   --->   Operation 769 'load' 'K_V_load_29' <Predicate = (!icmp_ln121 & icmp_ln122 & empty_66 == 0)> <Delay = 3.25> <CoreInst = "RAM">   --->   Core 82 'RAM' <Latency = 1> <II = 1> <Delay = 3.25> <Storage> <Opcode : 'load' 'store'> <Ports = 2> <Width = 16> <Depth = 64> <RAM>
ST_16 : Operation 770 [2/2] (3.25ns)   --->   "%K_V_1_load_29 = load i6 %K_V_1_addr_32" [src/imgds_linear_dense_q16.cpp:121]   --->   Operation 770 'load' 'K_V_1_load_29' <Predicate = (!icmp_ln121 & icmp_ln122 & empty_66 != 0 & empty_66 == 1)> <Delay = 3.25> <CoreInst = "RAM">   --->   Core 82 'RAM' <Latency = 1> <II = 1> <Delay = 3.25> <Storage> <Opcode : 'load' 'store'> <Ports = 2> <Width = 16> <Depth = 64> <RAM>
ST_16 : Operation 771 [2/2] (3.25ns)   --->   "%K_V_2_load_29 = load i6 %K_V_2_addr_32" [src/imgds_linear_dense_q16.cpp:121]   --->   Operation 771 'load' 'K_V_2_load_29' <Predicate = (!icmp_ln121 & icmp_ln122 & empty_66 != 0 & empty_66 != 1 & empty_66 == 2)> <Delay = 3.25> <CoreInst = "RAM">   --->   Core 82 'RAM' <Latency = 1> <II = 1> <Delay = 3.25> <Storage> <Opcode : 'load' 'store'> <Ports = 2> <Width = 16> <Depth = 64> <RAM>
ST_16 : Operation 772 [2/2] (3.25ns)   --->   "%K_V_3_load_29 = load i6 %K_V_3_addr_32" [src/imgds_linear_dense_q16.cpp:121]   --->   Operation 772 'load' 'K_V_3_load_29' <Predicate = (!icmp_ln121 & icmp_ln122 & empty_66 != 0 & empty_66 != 1 & empty_66 != 2 & empty_66 == 3)> <Delay = 3.25> <CoreInst = "RAM">   --->   Core 82 'RAM' <Latency = 1> <II = 1> <Delay = 3.25> <Storage> <Opcode : 'load' 'store'> <Ports = 2> <Width = 16> <Depth = 64> <RAM>
ST_16 : Operation 773 [1/1] (0.00ns)   --->   "%sext_ln1273_107 = sext i4 %tmp_858_cast"   --->   Operation 773 'sext' 'sext_ln1273_107' <Predicate = (!icmp_ln121)> <Delay = 0.00>
ST_16 : Operation 774 [1/1] (0.00ns)   --->   "%zext_ln1273_15 = zext i6 %sext_ln1273_107"   --->   Operation 774 'zext' 'zext_ln1273_15' <Predicate = (!icmp_ln121)> <Delay = 0.00>
ST_16 : Operation 775 [1/1] (0.00ns)   --->   "%V_V_addr_14 = getelementptr i16 %V_V, i64 0, i64 %zext_ln1273_15"   --->   Operation 775 'getelementptr' 'V_V_addr_14' <Predicate = (!icmp_ln121)> <Delay = 0.00>
ST_16 : Operation 776 [1/1] (0.00ns)   --->   "%sext_ln1273_108 = sext i3 %tmp_857_cast"   --->   Operation 776 'sext' 'sext_ln1273_108' <Predicate = (!icmp_ln121)> <Delay = 0.00>
ST_16 : Operation 777 [1/1] (0.00ns)   --->   "%zext_ln1273_16 = zext i6 %sext_ln1273_108"   --->   Operation 777 'zext' 'zext_ln1273_16' <Predicate = (!icmp_ln121)> <Delay = 0.00>
ST_16 : Operation 778 [1/1] (0.00ns)   --->   "%V_V_addr_15 = getelementptr i16 %V_V, i64 0, i64 %zext_ln1273_16"   --->   Operation 778 'getelementptr' 'V_V_addr_15' <Predicate = (!icmp_ln121)> <Delay = 0.00>
ST_16 : Operation 779 [1/1] (0.00ns)   --->   "%V_V_1_addr_14 = getelementptr i16 %V_V_1, i64 0, i64 %zext_ln1273_15"   --->   Operation 779 'getelementptr' 'V_V_1_addr_14' <Predicate = (!icmp_ln121)> <Delay = 0.00>
ST_16 : Operation 780 [1/1] (0.00ns)   --->   "%V_V_1_addr_15 = getelementptr i16 %V_V_1, i64 0, i64 %zext_ln1273_16"   --->   Operation 780 'getelementptr' 'V_V_1_addr_15' <Predicate = (!icmp_ln121)> <Delay = 0.00>
ST_16 : Operation 781 [1/1] (0.00ns)   --->   "%V_V_2_addr_14 = getelementptr i16 %V_V_2, i64 0, i64 %zext_ln1273_15"   --->   Operation 781 'getelementptr' 'V_V_2_addr_14' <Predicate = (!icmp_ln121)> <Delay = 0.00>
ST_16 : Operation 782 [1/1] (0.00ns)   --->   "%V_V_2_addr_15 = getelementptr i16 %V_V_2, i64 0, i64 %zext_ln1273_16"   --->   Operation 782 'getelementptr' 'V_V_2_addr_15' <Predicate = (!icmp_ln121)> <Delay = 0.00>
ST_16 : Operation 783 [1/1] (0.00ns)   --->   "%V_V_3_addr_14 = getelementptr i16 %V_V_3, i64 0, i64 %zext_ln1273_15"   --->   Operation 783 'getelementptr' 'V_V_3_addr_14' <Predicate = (!icmp_ln121)> <Delay = 0.00>
ST_16 : Operation 784 [1/1] (0.00ns)   --->   "%V_V_3_addr_15 = getelementptr i16 %V_V_3, i64 0, i64 %zext_ln1273_16"   --->   Operation 784 'getelementptr' 'V_V_3_addr_15' <Predicate = (!icmp_ln121)> <Delay = 0.00>
ST_16 : Operation 785 [1/2] (2.10ns) (root node of the DSP)   --->   "%ret_V_519 = add i26 %lhs_501, i26 %mul_ln1347_81"   --->   Operation 785 'add' 'ret_V_519' <Predicate = (!icmp_ln121)> <Delay = 2.10> <CoreInst = "DSP48">   --->   Core 119 'DSP48' <Latency = 3> <II = 1> <Delay = 2.15> <IPBlock> <Opcode : 'mul' 'add' 'sub' 'select'> <InPorts = 0> <OutPorts = 1> <Sync> <CReg>
ST_16 : Operation 786 [1/1] (0.00ns)   --->   "%tmp_532 = partselect i20 @_ssdm_op_PartSelect.i20.i26.i32.i32, i26 %ret_V_519, i32 6, i32 25"   --->   Operation 786 'partselect' 'tmp_532' <Predicate = (!icmp_ln121)> <Delay = 0.00>
ST_16 : Operation 787 [1/1] (0.00ns)   --->   "%lhs_502 = bitconcatenate i26 @_ssdm_op_BitConcatenate.i26.i20.i6, i20 %tmp_532, i6 0"   --->   Operation 787 'bitconcatenate' 'lhs_502' <Predicate = (!icmp_ln121)> <Delay = 0.00>
ST_16 : Operation 788 [1/3] (0.00ns) (grouped into DSP with root node ret_V_520)   --->   "%mul_ln1347_82 = mul i26 %sext_ln1347_11, i26 %sext_ln121_10"   --->   Operation 788 'mul' 'mul_ln1347_82' <Predicate = (!icmp_ln121)> <Delay = 0.00> <CoreInst = "DSP48">   --->   Core 119 'DSP48' <Latency = 3> <II = 1> <Delay = 2.15> <IPBlock> <Opcode : 'mul' 'add' 'sub' 'select'> <InPorts = 0> <OutPorts = 1> <Sync> <CReg>
ST_16 : Operation 789 [2/2] (2.10ns) (root node of the DSP)   --->   "%ret_V_520 = add i26 %lhs_502, i26 %mul_ln1347_82"   --->   Operation 789 'add' 'ret_V_520' <Predicate = (!icmp_ln121)> <Delay = 2.10> <CoreInst = "DSP48">   --->   Core 119 'DSP48' <Latency = 3> <II = 1> <Delay = 2.15> <IPBlock> <Opcode : 'mul' 'add' 'sub' 'select'> <InPorts = 0> <OutPorts = 1> <Sync> <CReg>
ST_16 : Operation 790 [2/3] (1.05ns) (grouped into DSP with root node ret_V_521)   --->   "%mul_ln1347_83 = mul i26 %sext_ln1347_12, i26 %sext_ln121_11"   --->   Operation 790 'mul' 'mul_ln1347_83' <Predicate = (!icmp_ln121)> <Delay = 1.05> <CoreInst = "DSP48">   --->   Core 119 'DSP48' <Latency = 3> <II = 1> <Delay = 2.15> <IPBlock> <Opcode : 'mul' 'add' 'sub' 'select'> <InPorts = 0> <OutPorts = 1> <Sync> <CReg>
ST_16 : Operation 791 [1/2] (3.25ns)   --->   "%V_V_load_12 = load i6 %V_V_addr_12"   --->   Operation 791 'load' 'V_V_load_12' <Predicate = (!icmp_ln121)> <Delay = 3.25> <CoreInst = "RAM">   --->   Core 82 'RAM' <Latency = 1> <II = 1> <Delay = 3.25> <Storage> <Opcode : 'load' 'store'> <Ports = 2> <Width = 16> <Depth = 64> <RAM>
ST_16 : Operation 792 [1/2] (3.25ns)   --->   "%V_V_1_load_12 = load i6 %V_V_1_addr_12"   --->   Operation 792 'load' 'V_V_1_load_12' <Predicate = (!icmp_ln121)> <Delay = 3.25> <CoreInst = "RAM">   --->   Core 82 'RAM' <Latency = 1> <II = 1> <Delay = 3.25> <Storage> <Opcode : 'load' 'store'> <Ports = 2> <Width = 16> <Depth = 64> <RAM>
ST_16 : Operation 793 [1/2] (3.25ns)   --->   "%V_V_2_load_12 = load i6 %V_V_2_addr_12"   --->   Operation 793 'load' 'V_V_2_load_12' <Predicate = (!icmp_ln121)> <Delay = 3.25> <CoreInst = "RAM">   --->   Core 82 'RAM' <Latency = 1> <II = 1> <Delay = 3.25> <Storage> <Opcode : 'load' 'store'> <Ports = 2> <Width = 16> <Depth = 64> <RAM>
ST_16 : Operation 794 [1/2] (3.25ns)   --->   "%V_V_3_load_12 = load i6 %V_V_3_addr_12"   --->   Operation 794 'load' 'V_V_3_load_12' <Predicate = (!icmp_ln121)> <Delay = 3.25> <CoreInst = "RAM">   --->   Core 82 'RAM' <Latency = 1> <II = 1> <Delay = 3.25> <Storage> <Opcode : 'load' 'store'> <Ports = 2> <Width = 16> <Depth = 64> <RAM>
ST_16 : Operation 795 [1/1] (1.82ns)   --->   "%tmp_28 = mux i16 @_ssdm_op_Mux.ap_auto.4i16.i2, i16 %V_V_load_12, i16 %V_V_1_load_12, i16 %V_V_2_load_12, i16 %V_V_3_load_12, i2 %trunc_ln1273"   --->   Operation 795 'mux' 'tmp_28' <Predicate = (!icmp_ln121)> <Delay = 1.82> <CoreInst = "Multiplexer">   --->   Core 76 'Multiplexer' <Latency = 0> <II = 1> <Delay = 1.82> <FuncUnit> <Opcode : 'mux'> <InPorts = 2> <OutPorts = 1>
ST_16 : Operation 796 [1/1] (0.00ns)   --->   "%sext_ln1347_13 = sext i16 %tmp_28"   --->   Operation 796 'sext' 'sext_ln1347_13' <Predicate = (!icmp_ln121)> <Delay = 0.00>
ST_16 : Operation 797 [3/3] (1.05ns) (grouped into DSP with root node ret_V_522)   --->   "%mul_ln1347_84 = mul i26 %sext_ln1347_13, i26 %sext_ln121_12"   --->   Operation 797 'mul' 'mul_ln1347_84' <Predicate = (!icmp_ln121)> <Delay = 1.05> <CoreInst = "DSP48">   --->   Core 119 'DSP48' <Latency = 3> <II = 1> <Delay = 2.15> <IPBlock> <Opcode : 'mul' 'add' 'sub' 'select'> <InPorts = 0> <OutPorts = 1> <Sync> <CReg>
ST_16 : Operation 798 [1/2] (3.25ns)   --->   "%V_V_load_13 = load i6 %V_V_addr_13"   --->   Operation 798 'load' 'V_V_load_13' <Predicate = (!icmp_ln121)> <Delay = 3.25> <CoreInst = "RAM">   --->   Core 82 'RAM' <Latency = 1> <II = 1> <Delay = 3.25> <Storage> <Opcode : 'load' 'store'> <Ports = 2> <Width = 16> <Depth = 64> <RAM>
ST_16 : Operation 799 [1/2] (3.25ns)   --->   "%V_V_1_load_13 = load i6 %V_V_1_addr_13"   --->   Operation 799 'load' 'V_V_1_load_13' <Predicate = (!icmp_ln121)> <Delay = 3.25> <CoreInst = "RAM">   --->   Core 82 'RAM' <Latency = 1> <II = 1> <Delay = 3.25> <Storage> <Opcode : 'load' 'store'> <Ports = 2> <Width = 16> <Depth = 64> <RAM>
ST_16 : Operation 800 [1/2] (3.25ns)   --->   "%V_V_2_load_13 = load i6 %V_V_2_addr_13"   --->   Operation 800 'load' 'V_V_2_load_13' <Predicate = (!icmp_ln121)> <Delay = 3.25> <CoreInst = "RAM">   --->   Core 82 'RAM' <Latency = 1> <II = 1> <Delay = 3.25> <Storage> <Opcode : 'load' 'store'> <Ports = 2> <Width = 16> <Depth = 64> <RAM>
ST_16 : Operation 801 [1/2] (3.25ns)   --->   "%V_V_3_load_13 = load i6 %V_V_3_addr_13"   --->   Operation 801 'load' 'V_V_3_load_13' <Predicate = (!icmp_ln121)> <Delay = 3.25> <CoreInst = "RAM">   --->   Core 82 'RAM' <Latency = 1> <II = 1> <Delay = 3.25> <Storage> <Opcode : 'load' 'store'> <Ports = 2> <Width = 16> <Depth = 64> <RAM>
ST_16 : Operation 802 [1/1] (1.82ns)   --->   "%tmp_29 = mux i16 @_ssdm_op_Mux.ap_auto.4i16.i2, i16 %V_V_load_13, i16 %V_V_1_load_13, i16 %V_V_2_load_13, i16 %V_V_3_load_13, i2 %trunc_ln1273"   --->   Operation 802 'mux' 'tmp_29' <Predicate = (!icmp_ln121)> <Delay = 1.82> <CoreInst = "Multiplexer">   --->   Core 76 'Multiplexer' <Latency = 0> <II = 1> <Delay = 1.82> <FuncUnit> <Opcode : 'mux'> <InPorts = 2> <OutPorts = 1>
ST_16 : Operation 803 [2/2] (3.25ns)   --->   "%V_V_load_14 = load i6 %V_V_addr_14"   --->   Operation 803 'load' 'V_V_load_14' <Predicate = (!icmp_ln121)> <Delay = 3.25> <CoreInst = "RAM">   --->   Core 82 'RAM' <Latency = 1> <II = 1> <Delay = 3.25> <Storage> <Opcode : 'load' 'store'> <Ports = 2> <Width = 16> <Depth = 64> <RAM>
ST_16 : Operation 804 [2/2] (3.25ns)   --->   "%V_V_1_load_14 = load i6 %V_V_1_addr_14"   --->   Operation 804 'load' 'V_V_1_load_14' <Predicate = (!icmp_ln121)> <Delay = 3.25> <CoreInst = "RAM">   --->   Core 82 'RAM' <Latency = 1> <II = 1> <Delay = 3.25> <Storage> <Opcode : 'load' 'store'> <Ports = 2> <Width = 16> <Depth = 64> <RAM>
ST_16 : Operation 805 [2/2] (3.25ns)   --->   "%V_V_2_load_14 = load i6 %V_V_2_addr_14"   --->   Operation 805 'load' 'V_V_2_load_14' <Predicate = (!icmp_ln121)> <Delay = 3.25> <CoreInst = "RAM">   --->   Core 82 'RAM' <Latency = 1> <II = 1> <Delay = 3.25> <Storage> <Opcode : 'load' 'store'> <Ports = 2> <Width = 16> <Depth = 64> <RAM>
ST_16 : Operation 806 [2/2] (3.25ns)   --->   "%V_V_3_load_14 = load i6 %V_V_3_addr_14"   --->   Operation 806 'load' 'V_V_3_load_14' <Predicate = (!icmp_ln121)> <Delay = 3.25> <CoreInst = "RAM">   --->   Core 82 'RAM' <Latency = 1> <II = 1> <Delay = 3.25> <Storage> <Opcode : 'load' 'store'> <Ports = 2> <Width = 16> <Depth = 64> <RAM>
ST_16 : Operation 807 [2/2] (3.25ns)   --->   "%V_V_load_15 = load i6 %V_V_addr_15"   --->   Operation 807 'load' 'V_V_load_15' <Predicate = (!icmp_ln121)> <Delay = 3.25> <CoreInst = "RAM">   --->   Core 82 'RAM' <Latency = 1> <II = 1> <Delay = 3.25> <Storage> <Opcode : 'load' 'store'> <Ports = 2> <Width = 16> <Depth = 64> <RAM>
ST_16 : Operation 808 [2/2] (3.25ns)   --->   "%V_V_1_load_15 = load i6 %V_V_1_addr_15"   --->   Operation 808 'load' 'V_V_1_load_15' <Predicate = (!icmp_ln121)> <Delay = 3.25> <CoreInst = "RAM">   --->   Core 82 'RAM' <Latency = 1> <II = 1> <Delay = 3.25> <Storage> <Opcode : 'load' 'store'> <Ports = 2> <Width = 16> <Depth = 64> <RAM>
ST_16 : Operation 809 [2/2] (3.25ns)   --->   "%V_V_2_load_15 = load i6 %V_V_2_addr_15"   --->   Operation 809 'load' 'V_V_2_load_15' <Predicate = (!icmp_ln121)> <Delay = 3.25> <CoreInst = "RAM">   --->   Core 82 'RAM' <Latency = 1> <II = 1> <Delay = 3.25> <Storage> <Opcode : 'load' 'store'> <Ports = 2> <Width = 16> <Depth = 64> <RAM>
ST_16 : Operation 810 [2/2] (3.25ns)   --->   "%V_V_3_load_15 = load i6 %V_V_3_addr_15"   --->   Operation 810 'load' 'V_V_3_load_15' <Predicate = (!icmp_ln121)> <Delay = 3.25> <CoreInst = "RAM">   --->   Core 82 'RAM' <Latency = 1> <II = 1> <Delay = 3.25> <Storage> <Opcode : 'load' 'store'> <Ports = 2> <Width = 16> <Depth = 64> <RAM>

State 17 <SV = 16> <Delay = 6.93>
ST_17 : Operation 811 [1/1] (0.00ns)   --->   "%tmp_840_cast = sext i4 %tmp_828_cast"   --->   Operation 811 'sext' 'tmp_840_cast' <Predicate = (!icmp_ln122)> <Delay = 0.00>
ST_17 : Operation 812 [1/1] (0.00ns)   --->   "%tmp_840_cast_cast = zext i6 %tmp_840_cast"   --->   Operation 812 'zext' 'tmp_840_cast_cast' <Predicate = (!icmp_ln122)> <Delay = 0.00>
ST_17 : Operation 813 [1/1] (0.00ns)   --->   "%K_V_addr_17 = getelementptr i16 %K_V, i64 0, i64 %tmp_840_cast_cast"   --->   Operation 813 'getelementptr' 'K_V_addr_17' <Predicate = (!icmp_ln122)> <Delay = 0.00>
ST_17 : Operation 814 [1/1] (0.00ns)   --->   "%tmp_841_cast = sext i3 %tmp_827_cast"   --->   Operation 814 'sext' 'tmp_841_cast' <Predicate = (!icmp_ln122)> <Delay = 0.00>
ST_17 : Operation 815 [1/1] (0.00ns)   --->   "%tmp_841_cast_cast = zext i6 %tmp_841_cast"   --->   Operation 815 'zext' 'tmp_841_cast_cast' <Predicate = (!icmp_ln122)> <Delay = 0.00>
ST_17 : Operation 816 [1/1] (0.00ns)   --->   "%K_V_addr_18 = getelementptr i16 %K_V, i64 0, i64 %tmp_841_cast_cast"   --->   Operation 816 'getelementptr' 'K_V_addr_18' <Predicate = (!icmp_ln122)> <Delay = 0.00>
ST_17 : Operation 817 [1/1] (0.00ns)   --->   "%K_V_1_addr_17 = getelementptr i16 %K_V_1, i64 0, i64 %tmp_840_cast_cast"   --->   Operation 817 'getelementptr' 'K_V_1_addr_17' <Predicate = (!icmp_ln122)> <Delay = 0.00>
ST_17 : Operation 818 [1/1] (0.00ns)   --->   "%K_V_1_addr_18 = getelementptr i16 %K_V_1, i64 0, i64 %tmp_841_cast_cast"   --->   Operation 818 'getelementptr' 'K_V_1_addr_18' <Predicate = (!icmp_ln122)> <Delay = 0.00>
ST_17 : Operation 819 [1/1] (0.00ns)   --->   "%K_V_2_addr_17 = getelementptr i16 %K_V_2, i64 0, i64 %tmp_840_cast_cast"   --->   Operation 819 'getelementptr' 'K_V_2_addr_17' <Predicate = (!icmp_ln122)> <Delay = 0.00>
ST_17 : Operation 820 [1/1] (0.00ns)   --->   "%K_V_2_addr_18 = getelementptr i16 %K_V_2, i64 0, i64 %tmp_841_cast_cast"   --->   Operation 820 'getelementptr' 'K_V_2_addr_18' <Predicate = (!icmp_ln122)> <Delay = 0.00>
ST_17 : Operation 821 [1/1] (0.00ns)   --->   "%K_V_3_addr_17 = getelementptr i16 %K_V_3, i64 0, i64 %tmp_840_cast_cast"   --->   Operation 821 'getelementptr' 'K_V_3_addr_17' <Predicate = (!icmp_ln122)> <Delay = 0.00>
ST_17 : Operation 822 [1/1] (0.00ns)   --->   "%K_V_3_addr_18 = getelementptr i16 %K_V_3, i64 0, i64 %tmp_841_cast_cast"   --->   Operation 822 'getelementptr' 'K_V_3_addr_18' <Predicate = (!icmp_ln122)> <Delay = 0.00>
ST_17 : Operation 823 [1/2] (3.25ns)   --->   "%K_V_load_13 = load i6 %K_V_addr_16"   --->   Operation 823 'load' 'K_V_load_13' <Predicate = (!icmp_ln121 & !icmp_ln122 & empty == 0)> <Delay = 3.25> <CoreInst = "RAM">   --->   Core 82 'RAM' <Latency = 1> <II = 1> <Delay = 3.25> <Storage> <Opcode : 'load' 'store'> <Ports = 2> <Width = 16> <Depth = 64> <RAM>
ST_17 : Operation 824 [1/2] (3.25ns)   --->   "%K_V_1_load_13 = load i6 %K_V_1_addr_16"   --->   Operation 824 'load' 'K_V_1_load_13' <Predicate = (!icmp_ln121 & !icmp_ln122 & empty != 0 & empty == 1)> <Delay = 3.25> <CoreInst = "RAM">   --->   Core 82 'RAM' <Latency = 1> <II = 1> <Delay = 3.25> <Storage> <Opcode : 'load' 'store'> <Ports = 2> <Width = 16> <Depth = 64> <RAM>
ST_17 : Operation 825 [1/2] (3.25ns)   --->   "%K_V_2_load_13 = load i6 %K_V_2_addr_16"   --->   Operation 825 'load' 'K_V_2_load_13' <Predicate = (!icmp_ln121 & !icmp_ln122 & empty != 0 & empty != 1 & empty == 2)> <Delay = 3.25> <CoreInst = "RAM">   --->   Core 82 'RAM' <Latency = 1> <II = 1> <Delay = 3.25> <Storage> <Opcode : 'load' 'store'> <Ports = 2> <Width = 16> <Depth = 64> <RAM>
ST_17 : Operation 826 [1/2] (3.25ns)   --->   "%K_V_3_load_13 = load i6 %K_V_3_addr_16"   --->   Operation 826 'load' 'K_V_3_load_13' <Predicate = (!icmp_ln121 & !icmp_ln122 & empty != 0 & empty != 1 & empty != 2 & empty == 3)> <Delay = 3.25> <CoreInst = "RAM">   --->   Core 82 'RAM' <Latency = 1> <II = 1> <Delay = 3.25> <Storage> <Opcode : 'load' 'store'> <Ports = 2> <Width = 16> <Depth = 64> <RAM>
ST_17 : Operation 827 [1/1] (1.82ns)   --->   "%r_V_23 = mux i16 @_ssdm_op_Mux.ap_auto.4i16.i2, i16 %K_V_load_13, i16 %K_V_1_load_13, i16 %K_V_2_load_13, i16 %K_V_3_load_13, i2 %empty"   --->   Operation 827 'mux' 'r_V_23' <Predicate = (!icmp_ln122)> <Delay = 1.82> <CoreInst = "Multiplexer">   --->   Core 76 'Multiplexer' <Latency = 0> <II = 1> <Delay = 1.82> <FuncUnit> <Opcode : 'mux'> <InPorts = 2> <OutPorts = 1>
ST_17 : Operation 828 [2/2] (3.25ns)   --->   "%K_V_load_14 = load i6 %K_V_addr_17"   --->   Operation 828 'load' 'K_V_load_14' <Predicate = (!icmp_ln121 & !icmp_ln122 & empty == 0)> <Delay = 3.25> <CoreInst = "RAM">   --->   Core 82 'RAM' <Latency = 1> <II = 1> <Delay = 3.25> <Storage> <Opcode : 'load' 'store'> <Ports = 2> <Width = 16> <Depth = 64> <RAM>
ST_17 : Operation 829 [2/2] (3.25ns)   --->   "%K_V_1_load_14 = load i6 %K_V_1_addr_17"   --->   Operation 829 'load' 'K_V_1_load_14' <Predicate = (!icmp_ln121 & !icmp_ln122 & empty != 0 & empty == 1)> <Delay = 3.25> <CoreInst = "RAM">   --->   Core 82 'RAM' <Latency = 1> <II = 1> <Delay = 3.25> <Storage> <Opcode : 'load' 'store'> <Ports = 2> <Width = 16> <Depth = 64> <RAM>
ST_17 : Operation 830 [2/2] (3.25ns)   --->   "%K_V_2_load_14 = load i6 %K_V_2_addr_17"   --->   Operation 830 'load' 'K_V_2_load_14' <Predicate = (!icmp_ln121 & !icmp_ln122 & empty != 0 & empty != 1 & empty == 2)> <Delay = 3.25> <CoreInst = "RAM">   --->   Core 82 'RAM' <Latency = 1> <II = 1> <Delay = 3.25> <Storage> <Opcode : 'load' 'store'> <Ports = 2> <Width = 16> <Depth = 64> <RAM>
ST_17 : Operation 831 [2/2] (3.25ns)   --->   "%K_V_3_load_14 = load i6 %K_V_3_addr_17"   --->   Operation 831 'load' 'K_V_3_load_14' <Predicate = (!icmp_ln121 & !icmp_ln122 & empty != 0 & empty != 1 & empty != 2 & empty == 3)> <Delay = 3.25> <CoreInst = "RAM">   --->   Core 82 'RAM' <Latency = 1> <II = 1> <Delay = 3.25> <Storage> <Opcode : 'load' 'store'> <Ports = 2> <Width = 16> <Depth = 64> <RAM>
ST_17 : Operation 832 [2/2] (3.25ns)   --->   "%K_V_load_15 = load i6 %K_V_addr_18"   --->   Operation 832 'load' 'K_V_load_15' <Predicate = (!icmp_ln121 & !icmp_ln122 & empty == 0)> <Delay = 3.25> <CoreInst = "RAM">   --->   Core 82 'RAM' <Latency = 1> <II = 1> <Delay = 3.25> <Storage> <Opcode : 'load' 'store'> <Ports = 2> <Width = 16> <Depth = 64> <RAM>
ST_17 : Operation 833 [2/2] (3.25ns)   --->   "%K_V_1_load_15 = load i6 %K_V_1_addr_18"   --->   Operation 833 'load' 'K_V_1_load_15' <Predicate = (!icmp_ln121 & !icmp_ln122 & empty != 0 & empty == 1)> <Delay = 3.25> <CoreInst = "RAM">   --->   Core 82 'RAM' <Latency = 1> <II = 1> <Delay = 3.25> <Storage> <Opcode : 'load' 'store'> <Ports = 2> <Width = 16> <Depth = 64> <RAM>
ST_17 : Operation 834 [2/2] (3.25ns)   --->   "%K_V_2_load_15 = load i6 %K_V_2_addr_18"   --->   Operation 834 'load' 'K_V_2_load_15' <Predicate = (!icmp_ln121 & !icmp_ln122 & empty != 0 & empty != 1 & empty == 2)> <Delay = 3.25> <CoreInst = "RAM">   --->   Core 82 'RAM' <Latency = 1> <II = 1> <Delay = 3.25> <Storage> <Opcode : 'load' 'store'> <Ports = 2> <Width = 16> <Depth = 64> <RAM>
ST_17 : Operation 835 [2/2] (3.25ns)   --->   "%K_V_3_load_15 = load i6 %K_V_3_addr_18"   --->   Operation 835 'load' 'K_V_3_load_15' <Predicate = (!icmp_ln121 & !icmp_ln122 & empty != 0 & empty != 1 & empty != 2 & empty == 3)> <Delay = 3.25> <CoreInst = "RAM">   --->   Core 82 'RAM' <Latency = 1> <II = 1> <Delay = 3.25> <Storage> <Opcode : 'load' 'store'> <Ports = 2> <Width = 16> <Depth = 64> <RAM>
ST_17 : Operation 836 [1/1] (0.00ns)   --->   "%tmp_855_cast = sext i4 %tmp_843_cast" [src/imgds_linear_dense_q16.cpp:121]   --->   Operation 836 'sext' 'tmp_855_cast' <Predicate = (!icmp_ln121 & icmp_ln122)> <Delay = 0.00>
ST_17 : Operation 837 [1/1] (0.00ns)   --->   "%tmp_855_cast_cast = zext i6 %tmp_855_cast" [src/imgds_linear_dense_q16.cpp:121]   --->   Operation 837 'zext' 'tmp_855_cast_cast' <Predicate = (!icmp_ln121 & icmp_ln122)> <Delay = 0.00>
ST_17 : Operation 838 [1/1] (0.00ns)   --->   "%K_V_addr_33 = getelementptr i16 %K_V, i64 0, i64 %tmp_855_cast_cast" [src/imgds_linear_dense_q16.cpp:121]   --->   Operation 838 'getelementptr' 'K_V_addr_33' <Predicate = (!icmp_ln121 & icmp_ln122)> <Delay = 0.00>
ST_17 : Operation 839 [1/1] (0.00ns)   --->   "%tmp_856_cast = sext i3 %tmp_842_cast" [src/imgds_linear_dense_q16.cpp:121]   --->   Operation 839 'sext' 'tmp_856_cast' <Predicate = (!icmp_ln121 & icmp_ln122)> <Delay = 0.00>
ST_17 : Operation 840 [1/1] (0.00ns)   --->   "%tmp_856_cast_cast = zext i6 %tmp_856_cast" [src/imgds_linear_dense_q16.cpp:121]   --->   Operation 840 'zext' 'tmp_856_cast_cast' <Predicate = (!icmp_ln121 & icmp_ln122)> <Delay = 0.00>
ST_17 : Operation 841 [1/1] (0.00ns)   --->   "%K_V_addr_34 = getelementptr i16 %K_V, i64 0, i64 %tmp_856_cast_cast" [src/imgds_linear_dense_q16.cpp:121]   --->   Operation 841 'getelementptr' 'K_V_addr_34' <Predicate = (!icmp_ln121 & icmp_ln122)> <Delay = 0.00>
ST_17 : Operation 842 [1/1] (0.00ns)   --->   "%K_V_1_addr_33 = getelementptr i16 %K_V_1, i64 0, i64 %tmp_855_cast_cast" [src/imgds_linear_dense_q16.cpp:121]   --->   Operation 842 'getelementptr' 'K_V_1_addr_33' <Predicate = (!icmp_ln121 & icmp_ln122)> <Delay = 0.00>
ST_17 : Operation 843 [1/1] (0.00ns)   --->   "%K_V_1_addr_34 = getelementptr i16 %K_V_1, i64 0, i64 %tmp_856_cast_cast" [src/imgds_linear_dense_q16.cpp:121]   --->   Operation 843 'getelementptr' 'K_V_1_addr_34' <Predicate = (!icmp_ln121 & icmp_ln122)> <Delay = 0.00>
ST_17 : Operation 844 [1/1] (0.00ns)   --->   "%K_V_2_addr_33 = getelementptr i16 %K_V_2, i64 0, i64 %tmp_855_cast_cast" [src/imgds_linear_dense_q16.cpp:121]   --->   Operation 844 'getelementptr' 'K_V_2_addr_33' <Predicate = (!icmp_ln121 & icmp_ln122)> <Delay = 0.00>
ST_17 : Operation 845 [1/1] (0.00ns)   --->   "%K_V_2_addr_34 = getelementptr i16 %K_V_2, i64 0, i64 %tmp_856_cast_cast" [src/imgds_linear_dense_q16.cpp:121]   --->   Operation 845 'getelementptr' 'K_V_2_addr_34' <Predicate = (!icmp_ln121 & icmp_ln122)> <Delay = 0.00>
ST_17 : Operation 846 [1/1] (0.00ns)   --->   "%K_V_3_addr_33 = getelementptr i16 %K_V_3, i64 0, i64 %tmp_855_cast_cast" [src/imgds_linear_dense_q16.cpp:121]   --->   Operation 846 'getelementptr' 'K_V_3_addr_33' <Predicate = (!icmp_ln121 & icmp_ln122)> <Delay = 0.00>
ST_17 : Operation 847 [1/1] (0.00ns)   --->   "%K_V_3_addr_34 = getelementptr i16 %K_V_3, i64 0, i64 %tmp_856_cast_cast" [src/imgds_linear_dense_q16.cpp:121]   --->   Operation 847 'getelementptr' 'K_V_3_addr_34' <Predicate = (!icmp_ln121 & icmp_ln122)> <Delay = 0.00>
ST_17 : Operation 848 [1/2] (3.25ns)   --->   "%K_V_load_29 = load i6 %K_V_addr_32" [src/imgds_linear_dense_q16.cpp:121]   --->   Operation 848 'load' 'K_V_load_29' <Predicate = (!icmp_ln121 & icmp_ln122 & empty_66 == 0)> <Delay = 3.25> <CoreInst = "RAM">   --->   Core 82 'RAM' <Latency = 1> <II = 1> <Delay = 3.25> <Storage> <Opcode : 'load' 'store'> <Ports = 2> <Width = 16> <Depth = 64> <RAM>
ST_17 : Operation 849 [1/2] (3.25ns)   --->   "%K_V_1_load_29 = load i6 %K_V_1_addr_32" [src/imgds_linear_dense_q16.cpp:121]   --->   Operation 849 'load' 'K_V_1_load_29' <Predicate = (!icmp_ln121 & icmp_ln122 & empty_66 != 0 & empty_66 == 1)> <Delay = 3.25> <CoreInst = "RAM">   --->   Core 82 'RAM' <Latency = 1> <II = 1> <Delay = 3.25> <Storage> <Opcode : 'load' 'store'> <Ports = 2> <Width = 16> <Depth = 64> <RAM>
ST_17 : Operation 850 [1/2] (3.25ns)   --->   "%K_V_2_load_29 = load i6 %K_V_2_addr_32" [src/imgds_linear_dense_q16.cpp:121]   --->   Operation 850 'load' 'K_V_2_load_29' <Predicate = (!icmp_ln121 & icmp_ln122 & empty_66 != 0 & empty_66 != 1 & empty_66 == 2)> <Delay = 3.25> <CoreInst = "RAM">   --->   Core 82 'RAM' <Latency = 1> <II = 1> <Delay = 3.25> <Storage> <Opcode : 'load' 'store'> <Ports = 2> <Width = 16> <Depth = 64> <RAM>
ST_17 : Operation 851 [1/2] (3.25ns)   --->   "%K_V_3_load_29 = load i6 %K_V_3_addr_32" [src/imgds_linear_dense_q16.cpp:121]   --->   Operation 851 'load' 'K_V_3_load_29' <Predicate = (!icmp_ln121 & icmp_ln122 & empty_66 != 0 & empty_66 != 1 & empty_66 != 2 & empty_66 == 3)> <Delay = 3.25> <CoreInst = "RAM">   --->   Core 82 'RAM' <Latency = 1> <II = 1> <Delay = 3.25> <Storage> <Opcode : 'load' 'store'> <Ports = 2> <Width = 16> <Depth = 64> <RAM>
ST_17 : Operation 852 [1/1] (1.82ns)   --->   "%r_V_886_mid1 = mux i16 @_ssdm_op_Mux.ap_auto.4i16.i2, i16 %K_V_load_29, i16 %K_V_1_load_29, i16 %K_V_2_load_29, i16 %K_V_3_load_29, i2 %empty_66" [src/imgds_linear_dense_q16.cpp:121]   --->   Operation 852 'mux' 'r_V_886_mid1' <Predicate = (!icmp_ln121 & icmp_ln122)> <Delay = 1.82> <CoreInst = "Multiplexer">   --->   Core 76 'Multiplexer' <Latency = 0> <II = 1> <Delay = 1.82> <FuncUnit> <Opcode : 'mux'> <InPorts = 2> <OutPorts = 1>
ST_17 : Operation 853 [1/1] (0.80ns)   --->   "%select_ln121_15 = select i1 %icmp_ln122, i16 %r_V_886_mid1, i16 %r_V_23" [src/imgds_linear_dense_q16.cpp:121]   --->   Operation 853 'select' 'select_ln121_15' <Predicate = (!icmp_ln121)> <Delay = 0.80> <CoreInst = "Sel">   --->   Core 73 'Sel' <Latency = 0> <II = 1> <Delay = 0.80> <FuncUnit> <Opcode : 'select'> <InPorts = 3> <OutPorts = 1>
ST_17 : Operation 854 [1/1] (0.00ns)   --->   "%sext_ln121_13 = sext i16 %select_ln121_15" [src/imgds_linear_dense_q16.cpp:121]   --->   Operation 854 'sext' 'sext_ln121_13' <Predicate = (!icmp_ln121)> <Delay = 0.00>
ST_17 : Operation 855 [2/2] (3.25ns)   --->   "%K_V_load_30 = load i6 %K_V_addr_33" [src/imgds_linear_dense_q16.cpp:121]   --->   Operation 855 'load' 'K_V_load_30' <Predicate = (!icmp_ln121 & icmp_ln122 & empty_66 == 0)> <Delay = 3.25> <CoreInst = "RAM">   --->   Core 82 'RAM' <Latency = 1> <II = 1> <Delay = 3.25> <Storage> <Opcode : 'load' 'store'> <Ports = 2> <Width = 16> <Depth = 64> <RAM>
ST_17 : Operation 856 [2/2] (3.25ns)   --->   "%K_V_1_load_30 = load i6 %K_V_1_addr_33" [src/imgds_linear_dense_q16.cpp:121]   --->   Operation 856 'load' 'K_V_1_load_30' <Predicate = (!icmp_ln121 & icmp_ln122 & empty_66 != 0 & empty_66 == 1)> <Delay = 3.25> <CoreInst = "RAM">   --->   Core 82 'RAM' <Latency = 1> <II = 1> <Delay = 3.25> <Storage> <Opcode : 'load' 'store'> <Ports = 2> <Width = 16> <Depth = 64> <RAM>
ST_17 : Operation 857 [2/2] (3.25ns)   --->   "%K_V_2_load_30 = load i6 %K_V_2_addr_33" [src/imgds_linear_dense_q16.cpp:121]   --->   Operation 857 'load' 'K_V_2_load_30' <Predicate = (!icmp_ln121 & icmp_ln122 & empty_66 != 0 & empty_66 != 1 & empty_66 == 2)> <Delay = 3.25> <CoreInst = "RAM">   --->   Core 82 'RAM' <Latency = 1> <II = 1> <Delay = 3.25> <Storage> <Opcode : 'load' 'store'> <Ports = 2> <Width = 16> <Depth = 64> <RAM>
ST_17 : Operation 858 [2/2] (3.25ns)   --->   "%K_V_3_load_30 = load i6 %K_V_3_addr_33" [src/imgds_linear_dense_q16.cpp:121]   --->   Operation 858 'load' 'K_V_3_load_30' <Predicate = (!icmp_ln121 & icmp_ln122 & empty_66 != 0 & empty_66 != 1 & empty_66 != 2 & empty_66 == 3)> <Delay = 3.25> <CoreInst = "RAM">   --->   Core 82 'RAM' <Latency = 1> <II = 1> <Delay = 3.25> <Storage> <Opcode : 'load' 'store'> <Ports = 2> <Width = 16> <Depth = 64> <RAM>
ST_17 : Operation 859 [2/2] (3.25ns)   --->   "%K_V_load_31 = load i6 %K_V_addr_34" [src/imgds_linear_dense_q16.cpp:121]   --->   Operation 859 'load' 'K_V_load_31' <Predicate = (!icmp_ln121 & icmp_ln122 & empty_66 == 0)> <Delay = 3.25> <CoreInst = "RAM">   --->   Core 82 'RAM' <Latency = 1> <II = 1> <Delay = 3.25> <Storage> <Opcode : 'load' 'store'> <Ports = 2> <Width = 16> <Depth = 64> <RAM>
ST_17 : Operation 860 [2/2] (3.25ns)   --->   "%K_V_1_load_31 = load i6 %K_V_1_addr_34" [src/imgds_linear_dense_q16.cpp:121]   --->   Operation 860 'load' 'K_V_1_load_31' <Predicate = (!icmp_ln121 & icmp_ln122 & empty_66 != 0 & empty_66 == 1)> <Delay = 3.25> <CoreInst = "RAM">   --->   Core 82 'RAM' <Latency = 1> <II = 1> <Delay = 3.25> <Storage> <Opcode : 'load' 'store'> <Ports = 2> <Width = 16> <Depth = 64> <RAM>
ST_17 : Operation 861 [2/2] (3.25ns)   --->   "%K_V_2_load_31 = load i6 %K_V_2_addr_34" [src/imgds_linear_dense_q16.cpp:121]   --->   Operation 861 'load' 'K_V_2_load_31' <Predicate = (!icmp_ln121 & icmp_ln122 & empty_66 != 0 & empty_66 != 1 & empty_66 == 2)> <Delay = 3.25> <CoreInst = "RAM">   --->   Core 82 'RAM' <Latency = 1> <II = 1> <Delay = 3.25> <Storage> <Opcode : 'load' 'store'> <Ports = 2> <Width = 16> <Depth = 64> <RAM>
ST_17 : Operation 862 [2/2] (3.25ns)   --->   "%K_V_3_load_31 = load i6 %K_V_3_addr_34" [src/imgds_linear_dense_q16.cpp:121]   --->   Operation 862 'load' 'K_V_3_load_31' <Predicate = (!icmp_ln121 & icmp_ln122 & empty_66 != 0 & empty_66 != 1 & empty_66 != 2 & empty_66 == 3)> <Delay = 3.25> <CoreInst = "RAM">   --->   Core 82 'RAM' <Latency = 1> <II = 1> <Delay = 3.25> <Storage> <Opcode : 'load' 'store'> <Ports = 2> <Width = 16> <Depth = 64> <RAM>
ST_17 : Operation 863 [1/2] (2.10ns) (root node of the DSP)   --->   "%ret_V_520 = add i26 %lhs_502, i26 %mul_ln1347_82"   --->   Operation 863 'add' 'ret_V_520' <Predicate = (!icmp_ln121)> <Delay = 2.10> <CoreInst = "DSP48">   --->   Core 119 'DSP48' <Latency = 3> <II = 1> <Delay = 2.15> <IPBlock> <Opcode : 'mul' 'add' 'sub' 'select'> <InPorts = 0> <OutPorts = 1> <Sync> <CReg>
ST_17 : Operation 864 [1/1] (0.00ns)   --->   "%tmp_533 = partselect i20 @_ssdm_op_PartSelect.i20.i26.i32.i32, i26 %ret_V_520, i32 6, i32 25"   --->   Operation 864 'partselect' 'tmp_533' <Predicate = (!icmp_ln121)> <Delay = 0.00>
ST_17 : Operation 865 [1/1] (0.00ns)   --->   "%lhs_503 = bitconcatenate i26 @_ssdm_op_BitConcatenate.i26.i20.i6, i20 %tmp_533, i6 0"   --->   Operation 865 'bitconcatenate' 'lhs_503' <Predicate = (!icmp_ln121)> <Delay = 0.00>
ST_17 : Operation 866 [1/3] (0.00ns) (grouped into DSP with root node ret_V_521)   --->   "%mul_ln1347_83 = mul i26 %sext_ln1347_12, i26 %sext_ln121_11"   --->   Operation 866 'mul' 'mul_ln1347_83' <Predicate = (!icmp_ln121)> <Delay = 0.00> <CoreInst = "DSP48">   --->   Core 119 'DSP48' <Latency = 3> <II = 1> <Delay = 2.15> <IPBlock> <Opcode : 'mul' 'add' 'sub' 'select'> <InPorts = 0> <OutPorts = 1> <Sync> <CReg>
ST_17 : Operation 867 [2/2] (2.10ns) (root node of the DSP)   --->   "%ret_V_521 = add i26 %lhs_503, i26 %mul_ln1347_83"   --->   Operation 867 'add' 'ret_V_521' <Predicate = (!icmp_ln121)> <Delay = 2.10> <CoreInst = "DSP48">   --->   Core 119 'DSP48' <Latency = 3> <II = 1> <Delay = 2.15> <IPBlock> <Opcode : 'mul' 'add' 'sub' 'select'> <InPorts = 0> <OutPorts = 1> <Sync> <CReg>
ST_17 : Operation 868 [2/3] (1.05ns) (grouped into DSP with root node ret_V_522)   --->   "%mul_ln1347_84 = mul i26 %sext_ln1347_13, i26 %sext_ln121_12"   --->   Operation 868 'mul' 'mul_ln1347_84' <Predicate = (!icmp_ln121)> <Delay = 1.05> <CoreInst = "DSP48">   --->   Core 119 'DSP48' <Latency = 3> <II = 1> <Delay = 2.15> <IPBlock> <Opcode : 'mul' 'add' 'sub' 'select'> <InPorts = 0> <OutPorts = 1> <Sync> <CReg>
ST_17 : Operation 869 [1/1] (0.00ns)   --->   "%sext_ln1347_14 = sext i16 %tmp_29"   --->   Operation 869 'sext' 'sext_ln1347_14' <Predicate = (!icmp_ln121)> <Delay = 0.00>
ST_17 : Operation 870 [3/3] (1.05ns) (grouped into DSP with root node ret_V_523)   --->   "%mul_ln1347_85 = mul i26 %sext_ln1347_14, i26 %sext_ln121_13"   --->   Operation 870 'mul' 'mul_ln1347_85' <Predicate = (!icmp_ln121)> <Delay = 1.05> <CoreInst = "DSP48">   --->   Core 119 'DSP48' <Latency = 3> <II = 1> <Delay = 2.15> <IPBlock> <Opcode : 'mul' 'add' 'sub' 'select'> <InPorts = 0> <OutPorts = 1> <Sync> <CReg>
ST_17 : Operation 871 [1/2] (3.25ns)   --->   "%V_V_load_14 = load i6 %V_V_addr_14"   --->   Operation 871 'load' 'V_V_load_14' <Predicate = (!icmp_ln121)> <Delay = 3.25> <CoreInst = "RAM">   --->   Core 82 'RAM' <Latency = 1> <II = 1> <Delay = 3.25> <Storage> <Opcode : 'load' 'store'> <Ports = 2> <Width = 16> <Depth = 64> <RAM>
ST_17 : Operation 872 [1/2] (3.25ns)   --->   "%V_V_1_load_14 = load i6 %V_V_1_addr_14"   --->   Operation 872 'load' 'V_V_1_load_14' <Predicate = (!icmp_ln121)> <Delay = 3.25> <CoreInst = "RAM">   --->   Core 82 'RAM' <Latency = 1> <II = 1> <Delay = 3.25> <Storage> <Opcode : 'load' 'store'> <Ports = 2> <Width = 16> <Depth = 64> <RAM>
ST_17 : Operation 873 [1/2] (3.25ns)   --->   "%V_V_2_load_14 = load i6 %V_V_2_addr_14"   --->   Operation 873 'load' 'V_V_2_load_14' <Predicate = (!icmp_ln121)> <Delay = 3.25> <CoreInst = "RAM">   --->   Core 82 'RAM' <Latency = 1> <II = 1> <Delay = 3.25> <Storage> <Opcode : 'load' 'store'> <Ports = 2> <Width = 16> <Depth = 64> <RAM>
ST_17 : Operation 874 [1/2] (3.25ns)   --->   "%V_V_3_load_14 = load i6 %V_V_3_addr_14"   --->   Operation 874 'load' 'V_V_3_load_14' <Predicate = (!icmp_ln121)> <Delay = 3.25> <CoreInst = "RAM">   --->   Core 82 'RAM' <Latency = 1> <II = 1> <Delay = 3.25> <Storage> <Opcode : 'load' 'store'> <Ports = 2> <Width = 16> <Depth = 64> <RAM>
ST_17 : Operation 875 [1/1] (1.82ns)   --->   "%tmp_30 = mux i16 @_ssdm_op_Mux.ap_auto.4i16.i2, i16 %V_V_load_14, i16 %V_V_1_load_14, i16 %V_V_2_load_14, i16 %V_V_3_load_14, i2 %trunc_ln1273"   --->   Operation 875 'mux' 'tmp_30' <Predicate = (!icmp_ln121)> <Delay = 1.82> <CoreInst = "Multiplexer">   --->   Core 76 'Multiplexer' <Latency = 0> <II = 1> <Delay = 1.82> <FuncUnit> <Opcode : 'mux'> <InPorts = 2> <OutPorts = 1>
ST_17 : Operation 876 [1/2] (3.25ns)   --->   "%V_V_load_15 = load i6 %V_V_addr_15"   --->   Operation 876 'load' 'V_V_load_15' <Predicate = (!icmp_ln121)> <Delay = 3.25> <CoreInst = "RAM">   --->   Core 82 'RAM' <Latency = 1> <II = 1> <Delay = 3.25> <Storage> <Opcode : 'load' 'store'> <Ports = 2> <Width = 16> <Depth = 64> <RAM>
ST_17 : Operation 877 [1/2] (3.25ns)   --->   "%V_V_1_load_15 = load i6 %V_V_1_addr_15"   --->   Operation 877 'load' 'V_V_1_load_15' <Predicate = (!icmp_ln121)> <Delay = 3.25> <CoreInst = "RAM">   --->   Core 82 'RAM' <Latency = 1> <II = 1> <Delay = 3.25> <Storage> <Opcode : 'load' 'store'> <Ports = 2> <Width = 16> <Depth = 64> <RAM>
ST_17 : Operation 878 [1/2] (3.25ns)   --->   "%V_V_2_load_15 = load i6 %V_V_2_addr_15"   --->   Operation 878 'load' 'V_V_2_load_15' <Predicate = (!icmp_ln121)> <Delay = 3.25> <CoreInst = "RAM">   --->   Core 82 'RAM' <Latency = 1> <II = 1> <Delay = 3.25> <Storage> <Opcode : 'load' 'store'> <Ports = 2> <Width = 16> <Depth = 64> <RAM>
ST_17 : Operation 879 [1/2] (3.25ns)   --->   "%V_V_3_load_15 = load i6 %V_V_3_addr_15"   --->   Operation 879 'load' 'V_V_3_load_15' <Predicate = (!icmp_ln121)> <Delay = 3.25> <CoreInst = "RAM">   --->   Core 82 'RAM' <Latency = 1> <II = 1> <Delay = 3.25> <Storage> <Opcode : 'load' 'store'> <Ports = 2> <Width = 16> <Depth = 64> <RAM>
ST_17 : Operation 880 [1/1] (1.82ns)   --->   "%tmp_31 = mux i16 @_ssdm_op_Mux.ap_auto.4i16.i2, i16 %V_V_load_15, i16 %V_V_1_load_15, i16 %V_V_2_load_15, i16 %V_V_3_load_15, i2 %trunc_ln1273"   --->   Operation 880 'mux' 'tmp_31' <Predicate = (!icmp_ln121)> <Delay = 1.82> <CoreInst = "Multiplexer">   --->   Core 76 'Multiplexer' <Latency = 0> <II = 1> <Delay = 1.82> <FuncUnit> <Opcode : 'mux'> <InPorts = 2> <OutPorts = 1>

State 18 <SV = 17> <Delay = 5.88>
ST_18 : Operation 881 [1/2] (3.25ns)   --->   "%K_V_load_14 = load i6 %K_V_addr_17"   --->   Operation 881 'load' 'K_V_load_14' <Predicate = (!icmp_ln121 & !icmp_ln122 & empty == 0)> <Delay = 3.25> <CoreInst = "RAM">   --->   Core 82 'RAM' <Latency = 1> <II = 1> <Delay = 3.25> <Storage> <Opcode : 'load' 'store'> <Ports = 2> <Width = 16> <Depth = 64> <RAM>
ST_18 : Operation 882 [1/2] (3.25ns)   --->   "%K_V_1_load_14 = load i6 %K_V_1_addr_17"   --->   Operation 882 'load' 'K_V_1_load_14' <Predicate = (!icmp_ln121 & !icmp_ln122 & empty != 0 & empty == 1)> <Delay = 3.25> <CoreInst = "RAM">   --->   Core 82 'RAM' <Latency = 1> <II = 1> <Delay = 3.25> <Storage> <Opcode : 'load' 'store'> <Ports = 2> <Width = 16> <Depth = 64> <RAM>
ST_18 : Operation 883 [1/2] (3.25ns)   --->   "%K_V_2_load_14 = load i6 %K_V_2_addr_17"   --->   Operation 883 'load' 'K_V_2_load_14' <Predicate = (!icmp_ln121 & !icmp_ln122 & empty != 0 & empty != 1 & empty == 2)> <Delay = 3.25> <CoreInst = "RAM">   --->   Core 82 'RAM' <Latency = 1> <II = 1> <Delay = 3.25> <Storage> <Opcode : 'load' 'store'> <Ports = 2> <Width = 16> <Depth = 64> <RAM>
ST_18 : Operation 884 [1/2] (3.25ns)   --->   "%K_V_3_load_14 = load i6 %K_V_3_addr_17"   --->   Operation 884 'load' 'K_V_3_load_14' <Predicate = (!icmp_ln121 & !icmp_ln122 & empty != 0 & empty != 1 & empty != 2 & empty == 3)> <Delay = 3.25> <CoreInst = "RAM">   --->   Core 82 'RAM' <Latency = 1> <II = 1> <Delay = 3.25> <Storage> <Opcode : 'load' 'store'> <Ports = 2> <Width = 16> <Depth = 64> <RAM>
ST_18 : Operation 885 [1/1] (1.82ns)   --->   "%r_V_24 = mux i16 @_ssdm_op_Mux.ap_auto.4i16.i2, i16 %K_V_load_14, i16 %K_V_1_load_14, i16 %K_V_2_load_14, i16 %K_V_3_load_14, i2 %empty"   --->   Operation 885 'mux' 'r_V_24' <Predicate = (!icmp_ln122)> <Delay = 1.82> <CoreInst = "Multiplexer">   --->   Core 76 'Multiplexer' <Latency = 0> <II = 1> <Delay = 1.82> <FuncUnit> <Opcode : 'mux'> <InPorts = 2> <OutPorts = 1>
ST_18 : Operation 886 [1/2] (3.25ns)   --->   "%K_V_load_15 = load i6 %K_V_addr_18"   --->   Operation 886 'load' 'K_V_load_15' <Predicate = (!icmp_ln121 & !icmp_ln122 & empty == 0)> <Delay = 3.25> <CoreInst = "RAM">   --->   Core 82 'RAM' <Latency = 1> <II = 1> <Delay = 3.25> <Storage> <Opcode : 'load' 'store'> <Ports = 2> <Width = 16> <Depth = 64> <RAM>
ST_18 : Operation 887 [1/2] (3.25ns)   --->   "%K_V_1_load_15 = load i6 %K_V_1_addr_18"   --->   Operation 887 'load' 'K_V_1_load_15' <Predicate = (!icmp_ln121 & !icmp_ln122 & empty != 0 & empty == 1)> <Delay = 3.25> <CoreInst = "RAM">   --->   Core 82 'RAM' <Latency = 1> <II = 1> <Delay = 3.25> <Storage> <Opcode : 'load' 'store'> <Ports = 2> <Width = 16> <Depth = 64> <RAM>
ST_18 : Operation 888 [1/2] (3.25ns)   --->   "%K_V_2_load_15 = load i6 %K_V_2_addr_18"   --->   Operation 888 'load' 'K_V_2_load_15' <Predicate = (!icmp_ln121 & !icmp_ln122 & empty != 0 & empty != 1 & empty == 2)> <Delay = 3.25> <CoreInst = "RAM">   --->   Core 82 'RAM' <Latency = 1> <II = 1> <Delay = 3.25> <Storage> <Opcode : 'load' 'store'> <Ports = 2> <Width = 16> <Depth = 64> <RAM>
ST_18 : Operation 889 [1/2] (3.25ns)   --->   "%K_V_3_load_15 = load i6 %K_V_3_addr_18"   --->   Operation 889 'load' 'K_V_3_load_15' <Predicate = (!icmp_ln121 & !icmp_ln122 & empty != 0 & empty != 1 & empty != 2 & empty == 3)> <Delay = 3.25> <CoreInst = "RAM">   --->   Core 82 'RAM' <Latency = 1> <II = 1> <Delay = 3.25> <Storage> <Opcode : 'load' 'store'> <Ports = 2> <Width = 16> <Depth = 64> <RAM>
ST_18 : Operation 890 [1/1] (1.82ns)   --->   "%r_V_26 = mux i16 @_ssdm_op_Mux.ap_auto.4i16.i2, i16 %K_V_load_15, i16 %K_V_1_load_15, i16 %K_V_2_load_15, i16 %K_V_3_load_15, i2 %empty"   --->   Operation 890 'mux' 'r_V_26' <Predicate = (!icmp_ln122)> <Delay = 1.82> <CoreInst = "Multiplexer">   --->   Core 76 'Multiplexer' <Latency = 0> <II = 1> <Delay = 1.82> <FuncUnit> <Opcode : 'mux'> <InPorts = 2> <OutPorts = 1>
ST_18 : Operation 891 [1/2] (3.25ns)   --->   "%K_V_load_30 = load i6 %K_V_addr_33" [src/imgds_linear_dense_q16.cpp:121]   --->   Operation 891 'load' 'K_V_load_30' <Predicate = (!icmp_ln121 & icmp_ln122 & empty_66 == 0)> <Delay = 3.25> <CoreInst = "RAM">   --->   Core 82 'RAM' <Latency = 1> <II = 1> <Delay = 3.25> <Storage> <Opcode : 'load' 'store'> <Ports = 2> <Width = 16> <Depth = 64> <RAM>
ST_18 : Operation 892 [1/2] (3.25ns)   --->   "%K_V_1_load_30 = load i6 %K_V_1_addr_33" [src/imgds_linear_dense_q16.cpp:121]   --->   Operation 892 'load' 'K_V_1_load_30' <Predicate = (!icmp_ln121 & icmp_ln122 & empty_66 != 0 & empty_66 == 1)> <Delay = 3.25> <CoreInst = "RAM">   --->   Core 82 'RAM' <Latency = 1> <II = 1> <Delay = 3.25> <Storage> <Opcode : 'load' 'store'> <Ports = 2> <Width = 16> <Depth = 64> <RAM>
ST_18 : Operation 893 [1/2] (3.25ns)   --->   "%K_V_2_load_30 = load i6 %K_V_2_addr_33" [src/imgds_linear_dense_q16.cpp:121]   --->   Operation 893 'load' 'K_V_2_load_30' <Predicate = (!icmp_ln121 & icmp_ln122 & empty_66 != 0 & empty_66 != 1 & empty_66 == 2)> <Delay = 3.25> <CoreInst = "RAM">   --->   Core 82 'RAM' <Latency = 1> <II = 1> <Delay = 3.25> <Storage> <Opcode : 'load' 'store'> <Ports = 2> <Width = 16> <Depth = 64> <RAM>
ST_18 : Operation 894 [1/2] (3.25ns)   --->   "%K_V_3_load_30 = load i6 %K_V_3_addr_33" [src/imgds_linear_dense_q16.cpp:121]   --->   Operation 894 'load' 'K_V_3_load_30' <Predicate = (!icmp_ln121 & icmp_ln122 & empty_66 != 0 & empty_66 != 1 & empty_66 != 2 & empty_66 == 3)> <Delay = 3.25> <CoreInst = "RAM">   --->   Core 82 'RAM' <Latency = 1> <II = 1> <Delay = 3.25> <Storage> <Opcode : 'load' 'store'> <Ports = 2> <Width = 16> <Depth = 64> <RAM>
ST_18 : Operation 895 [1/1] (1.82ns)   --->   "%r_V_887_mid1 = mux i16 @_ssdm_op_Mux.ap_auto.4i16.i2, i16 %K_V_load_30, i16 %K_V_1_load_30, i16 %K_V_2_load_30, i16 %K_V_3_load_30, i2 %empty_66" [src/imgds_linear_dense_q16.cpp:121]   --->   Operation 895 'mux' 'r_V_887_mid1' <Predicate = (!icmp_ln121 & icmp_ln122)> <Delay = 1.82> <CoreInst = "Multiplexer">   --->   Core 76 'Multiplexer' <Latency = 0> <II = 1> <Delay = 1.82> <FuncUnit> <Opcode : 'mux'> <InPorts = 2> <OutPorts = 1>
ST_18 : Operation 896 [1/1] (0.80ns)   --->   "%select_ln121_16 = select i1 %icmp_ln122, i16 %r_V_887_mid1, i16 %r_V_24" [src/imgds_linear_dense_q16.cpp:121]   --->   Operation 896 'select' 'select_ln121_16' <Predicate = (!icmp_ln121)> <Delay = 0.80> <CoreInst = "Sel">   --->   Core 73 'Sel' <Latency = 0> <II = 1> <Delay = 0.80> <FuncUnit> <Opcode : 'select'> <InPorts = 3> <OutPorts = 1>
ST_18 : Operation 897 [1/2] (3.25ns)   --->   "%K_V_load_31 = load i6 %K_V_addr_34" [src/imgds_linear_dense_q16.cpp:121]   --->   Operation 897 'load' 'K_V_load_31' <Predicate = (!icmp_ln121 & icmp_ln122 & empty_66 == 0)> <Delay = 3.25> <CoreInst = "RAM">   --->   Core 82 'RAM' <Latency = 1> <II = 1> <Delay = 3.25> <Storage> <Opcode : 'load' 'store'> <Ports = 2> <Width = 16> <Depth = 64> <RAM>
ST_18 : Operation 898 [1/2] (3.25ns)   --->   "%K_V_1_load_31 = load i6 %K_V_1_addr_34" [src/imgds_linear_dense_q16.cpp:121]   --->   Operation 898 'load' 'K_V_1_load_31' <Predicate = (!icmp_ln121 & icmp_ln122 & empty_66 != 0 & empty_66 == 1)> <Delay = 3.25> <CoreInst = "RAM">   --->   Core 82 'RAM' <Latency = 1> <II = 1> <Delay = 3.25> <Storage> <Opcode : 'load' 'store'> <Ports = 2> <Width = 16> <Depth = 64> <RAM>
ST_18 : Operation 899 [1/2] (3.25ns)   --->   "%K_V_2_load_31 = load i6 %K_V_2_addr_34" [src/imgds_linear_dense_q16.cpp:121]   --->   Operation 899 'load' 'K_V_2_load_31' <Predicate = (!icmp_ln121 & icmp_ln122 & empty_66 != 0 & empty_66 != 1 & empty_66 == 2)> <Delay = 3.25> <CoreInst = "RAM">   --->   Core 82 'RAM' <Latency = 1> <II = 1> <Delay = 3.25> <Storage> <Opcode : 'load' 'store'> <Ports = 2> <Width = 16> <Depth = 64> <RAM>
ST_18 : Operation 900 [1/2] (3.25ns)   --->   "%K_V_3_load_31 = load i6 %K_V_3_addr_34" [src/imgds_linear_dense_q16.cpp:121]   --->   Operation 900 'load' 'K_V_3_load_31' <Predicate = (!icmp_ln121 & icmp_ln122 & empty_66 != 0 & empty_66 != 1 & empty_66 != 2 & empty_66 == 3)> <Delay = 3.25> <CoreInst = "RAM">   --->   Core 82 'RAM' <Latency = 1> <II = 1> <Delay = 3.25> <Storage> <Opcode : 'load' 'store'> <Ports = 2> <Width = 16> <Depth = 64> <RAM>
ST_18 : Operation 901 [1/1] (1.82ns)   --->   "%r_V_888_mid1 = mux i16 @_ssdm_op_Mux.ap_auto.4i16.i2, i16 %K_V_load_31, i16 %K_V_1_load_31, i16 %K_V_2_load_31, i16 %K_V_3_load_31, i2 %empty_66" [src/imgds_linear_dense_q16.cpp:121]   --->   Operation 901 'mux' 'r_V_888_mid1' <Predicate = (!icmp_ln121 & icmp_ln122)> <Delay = 1.82> <CoreInst = "Multiplexer">   --->   Core 76 'Multiplexer' <Latency = 0> <II = 1> <Delay = 1.82> <FuncUnit> <Opcode : 'mux'> <InPorts = 2> <OutPorts = 1>
ST_18 : Operation 902 [1/1] (0.80ns)   --->   "%select_ln121_17 = select i1 %icmp_ln122, i16 %r_V_888_mid1, i16 %r_V_26" [src/imgds_linear_dense_q16.cpp:121]   --->   Operation 902 'select' 'select_ln121_17' <Predicate = (!icmp_ln121)> <Delay = 0.80> <CoreInst = "Sel">   --->   Core 73 'Sel' <Latency = 0> <II = 1> <Delay = 0.80> <FuncUnit> <Opcode : 'select'> <InPorts = 3> <OutPorts = 1>
ST_18 : Operation 903 [1/2] (2.10ns) (root node of the DSP)   --->   "%ret_V_521 = add i26 %lhs_503, i26 %mul_ln1347_83"   --->   Operation 903 'add' 'ret_V_521' <Predicate = (!icmp_ln121)> <Delay = 2.10> <CoreInst = "DSP48">   --->   Core 119 'DSP48' <Latency = 3> <II = 1> <Delay = 2.15> <IPBlock> <Opcode : 'mul' 'add' 'sub' 'select'> <InPorts = 0> <OutPorts = 1> <Sync> <CReg>
ST_18 : Operation 904 [1/1] (0.00ns)   --->   "%tmp_534 = partselect i20 @_ssdm_op_PartSelect.i20.i26.i32.i32, i26 %ret_V_521, i32 6, i32 25"   --->   Operation 904 'partselect' 'tmp_534' <Predicate = (!icmp_ln121)> <Delay = 0.00>
ST_18 : Operation 905 [1/1] (0.00ns)   --->   "%lhs_504 = bitconcatenate i26 @_ssdm_op_BitConcatenate.i26.i20.i6, i20 %tmp_534, i6 0"   --->   Operation 905 'bitconcatenate' 'lhs_504' <Predicate = (!icmp_ln121)> <Delay = 0.00>
ST_18 : Operation 906 [1/3] (0.00ns) (grouped into DSP with root node ret_V_522)   --->   "%mul_ln1347_84 = mul i26 %sext_ln1347_13, i26 %sext_ln121_12"   --->   Operation 906 'mul' 'mul_ln1347_84' <Predicate = (!icmp_ln121)> <Delay = 0.00> <CoreInst = "DSP48">   --->   Core 119 'DSP48' <Latency = 3> <II = 1> <Delay = 2.15> <IPBlock> <Opcode : 'mul' 'add' 'sub' 'select'> <InPorts = 0> <OutPorts = 1> <Sync> <CReg>
ST_18 : Operation 907 [2/2] (2.10ns) (root node of the DSP)   --->   "%ret_V_522 = add i26 %lhs_504, i26 %mul_ln1347_84"   --->   Operation 907 'add' 'ret_V_522' <Predicate = (!icmp_ln121)> <Delay = 2.10> <CoreInst = "DSP48">   --->   Core 119 'DSP48' <Latency = 3> <II = 1> <Delay = 2.15> <IPBlock> <Opcode : 'mul' 'add' 'sub' 'select'> <InPorts = 0> <OutPorts = 1> <Sync> <CReg>
ST_18 : Operation 908 [2/3] (1.05ns) (grouped into DSP with root node ret_V_523)   --->   "%mul_ln1347_85 = mul i26 %sext_ln1347_14, i26 %sext_ln121_13"   --->   Operation 908 'mul' 'mul_ln1347_85' <Predicate = (!icmp_ln121)> <Delay = 1.05> <CoreInst = "DSP48">   --->   Core 119 'DSP48' <Latency = 3> <II = 1> <Delay = 2.15> <IPBlock> <Opcode : 'mul' 'add' 'sub' 'select'> <InPorts = 0> <OutPorts = 1> <Sync> <CReg>
ST_18 : Operation 952 [1/1] (0.00ns)   --->   "%ret_ln0 = ret"   --->   Operation 952 'ret' 'ret_ln0' <Predicate = (icmp_ln121)> <Delay = 0.00>

State 19 <SV = 18> <Delay = 4.20>
ST_19 : Operation 909 [1/1] (0.00ns)   --->   "%sext_ln121_14 = sext i16 %select_ln121_16" [src/imgds_linear_dense_q16.cpp:121]   --->   Operation 909 'sext' 'sext_ln121_14' <Predicate = (!icmp_ln121)> <Delay = 0.00>
ST_19 : Operation 910 [1/2] (2.10ns) (root node of the DSP)   --->   "%ret_V_522 = add i26 %lhs_504, i26 %mul_ln1347_84"   --->   Operation 910 'add' 'ret_V_522' <Predicate = (!icmp_ln121)> <Delay = 2.10> <CoreInst = "DSP48">   --->   Core 119 'DSP48' <Latency = 3> <II = 1> <Delay = 2.15> <IPBlock> <Opcode : 'mul' 'add' 'sub' 'select'> <InPorts = 0> <OutPorts = 1> <Sync> <CReg>
ST_19 : Operation 911 [1/1] (0.00ns)   --->   "%tmp_535 = partselect i20 @_ssdm_op_PartSelect.i20.i26.i32.i32, i26 %ret_V_522, i32 6, i32 25"   --->   Operation 911 'partselect' 'tmp_535' <Predicate = (!icmp_ln121)> <Delay = 0.00>
ST_19 : Operation 912 [1/1] (0.00ns)   --->   "%lhs_505 = bitconcatenate i26 @_ssdm_op_BitConcatenate.i26.i20.i6, i20 %tmp_535, i6 0"   --->   Operation 912 'bitconcatenate' 'lhs_505' <Predicate = (!icmp_ln121)> <Delay = 0.00>
ST_19 : Operation 913 [1/3] (0.00ns) (grouped into DSP with root node ret_V_523)   --->   "%mul_ln1347_85 = mul i26 %sext_ln1347_14, i26 %sext_ln121_13"   --->   Operation 913 'mul' 'mul_ln1347_85' <Predicate = (!icmp_ln121)> <Delay = 0.00> <CoreInst = "DSP48">   --->   Core 119 'DSP48' <Latency = 3> <II = 1> <Delay = 2.15> <IPBlock> <Opcode : 'mul' 'add' 'sub' 'select'> <InPorts = 0> <OutPorts = 1> <Sync> <CReg>
ST_19 : Operation 914 [2/2] (2.10ns) (root node of the DSP)   --->   "%ret_V_523 = add i26 %lhs_505, i26 %mul_ln1347_85"   --->   Operation 914 'add' 'ret_V_523' <Predicate = (!icmp_ln121)> <Delay = 2.10> <CoreInst = "DSP48">   --->   Core 119 'DSP48' <Latency = 3> <II = 1> <Delay = 2.15> <IPBlock> <Opcode : 'mul' 'add' 'sub' 'select'> <InPorts = 0> <OutPorts = 1> <Sync> <CReg>
ST_19 : Operation 915 [1/1] (0.00ns)   --->   "%sext_ln1347_15 = sext i16 %tmp_30"   --->   Operation 915 'sext' 'sext_ln1347_15' <Predicate = (!icmp_ln121)> <Delay = 0.00>
ST_19 : Operation 916 [3/3] (1.05ns) (grouped into DSP with root node ret_V_524)   --->   "%mul_ln1347_86 = mul i26 %sext_ln1347_15, i26 %sext_ln121_14"   --->   Operation 916 'mul' 'mul_ln1347_86' <Predicate = (!icmp_ln121)> <Delay = 1.05> <CoreInst = "DSP48">   --->   Core 119 'DSP48' <Latency = 3> <II = 1> <Delay = 2.15> <IPBlock> <Opcode : 'mul' 'add' 'sub' 'select'> <InPorts = 0> <OutPorts = 1> <Sync> <CReg>

State 20 <SV = 19> <Delay = 2.10>
ST_20 : Operation 917 [1/1] (0.00ns)   --->   "%sext_ln121_15 = sext i16 %select_ln121_17" [src/imgds_linear_dense_q16.cpp:121]   --->   Operation 917 'sext' 'sext_ln121_15' <Predicate = (!icmp_ln121)> <Delay = 0.00>
ST_20 : Operation 918 [1/2] (2.10ns) (root node of the DSP)   --->   "%ret_V_523 = add i26 %lhs_505, i26 %mul_ln1347_85"   --->   Operation 918 'add' 'ret_V_523' <Predicate = (!icmp_ln121)> <Delay = 2.10> <CoreInst = "DSP48">   --->   Core 119 'DSP48' <Latency = 3> <II = 1> <Delay = 2.15> <IPBlock> <Opcode : 'mul' 'add' 'sub' 'select'> <InPorts = 0> <OutPorts = 1> <Sync> <CReg>
ST_20 : Operation 919 [1/1] (0.00ns)   --->   "%tmp_536 = partselect i20 @_ssdm_op_PartSelect.i20.i26.i32.i32, i26 %ret_V_523, i32 6, i32 25"   --->   Operation 919 'partselect' 'tmp_536' <Predicate = (!icmp_ln121)> <Delay = 0.00>
ST_20 : Operation 920 [2/3] (1.05ns) (grouped into DSP with root node ret_V_524)   --->   "%mul_ln1347_86 = mul i26 %sext_ln1347_15, i26 %sext_ln121_14"   --->   Operation 920 'mul' 'mul_ln1347_86' <Predicate = (!icmp_ln121)> <Delay = 1.05> <CoreInst = "DSP48">   --->   Core 119 'DSP48' <Latency = 3> <II = 1> <Delay = 2.15> <IPBlock> <Opcode : 'mul' 'add' 'sub' 'select'> <InPorts = 0> <OutPorts = 1> <Sync> <CReg>
ST_20 : Operation 921 [1/1] (0.00ns)   --->   "%sext_ln1347_16 = sext i16 %tmp_31"   --->   Operation 921 'sext' 'sext_ln1347_16' <Predicate = (!icmp_ln121)> <Delay = 0.00>
ST_20 : Operation 922 [3/3] (1.05ns) (grouped into DSP with root node ret_V_525)   --->   "%mul_ln1347_87 = mul i26 %sext_ln1347_16, i26 %sext_ln121_15"   --->   Operation 922 'mul' 'mul_ln1347_87' <Predicate = (!icmp_ln121)> <Delay = 1.05> <CoreInst = "DSP48">   --->   Core 119 'DSP48' <Latency = 3> <II = 1> <Delay = 2.15> <IPBlock> <Opcode : 'mul' 'add' 'sub' 'select'> <InPorts = 0> <OutPorts = 1> <Sync> <CReg>

State 21 <SV = 20> <Delay = 2.10>
ST_21 : Operation 923 [1/1] (0.00ns)   --->   "%lhs_506 = bitconcatenate i26 @_ssdm_op_BitConcatenate.i26.i20.i6, i20 %tmp_536, i6 0"   --->   Operation 923 'bitconcatenate' 'lhs_506' <Predicate = (!icmp_ln121)> <Delay = 0.00>
ST_21 : Operation 924 [1/3] (0.00ns) (grouped into DSP with root node ret_V_524)   --->   "%mul_ln1347_86 = mul i26 %sext_ln1347_15, i26 %sext_ln121_14"   --->   Operation 924 'mul' 'mul_ln1347_86' <Predicate = (!icmp_ln121)> <Delay = 0.00> <CoreInst = "DSP48">   --->   Core 119 'DSP48' <Latency = 3> <II = 1> <Delay = 2.15> <IPBlock> <Opcode : 'mul' 'add' 'sub' 'select'> <InPorts = 0> <OutPorts = 1> <Sync> <CReg>
ST_21 : Operation 925 [2/2] (2.10ns) (root node of the DSP)   --->   "%ret_V_524 = add i26 %lhs_506, i26 %mul_ln1347_86"   --->   Operation 925 'add' 'ret_V_524' <Predicate = (!icmp_ln121)> <Delay = 2.10> <CoreInst = "DSP48">   --->   Core 119 'DSP48' <Latency = 3> <II = 1> <Delay = 2.15> <IPBlock> <Opcode : 'mul' 'add' 'sub' 'select'> <InPorts = 0> <OutPorts = 1> <Sync> <CReg>
ST_21 : Operation 926 [2/3] (1.05ns) (grouped into DSP with root node ret_V_525)   --->   "%mul_ln1347_87 = mul i26 %sext_ln1347_16, i26 %sext_ln121_15"   --->   Operation 926 'mul' 'mul_ln1347_87' <Predicate = (!icmp_ln121)> <Delay = 1.05> <CoreInst = "DSP48">   --->   Core 119 'DSP48' <Latency = 3> <II = 1> <Delay = 2.15> <IPBlock> <Opcode : 'mul' 'add' 'sub' 'select'> <InPorts = 0> <OutPorts = 1> <Sync> <CReg>

State 22 <SV = 21> <Delay = 4.20>
ST_22 : Operation 927 [1/2] (2.10ns) (root node of the DSP)   --->   "%ret_V_524 = add i26 %lhs_506, i26 %mul_ln1347_86"   --->   Operation 927 'add' 'ret_V_524' <Predicate = (!icmp_ln121)> <Delay = 2.10> <CoreInst = "DSP48">   --->   Core 119 'DSP48' <Latency = 3> <II = 1> <Delay = 2.15> <IPBlock> <Opcode : 'mul' 'add' 'sub' 'select'> <InPorts = 0> <OutPorts = 1> <Sync> <CReg>
ST_22 : Operation 928 [1/1] (0.00ns)   --->   "%tmp_537 = partselect i20 @_ssdm_op_PartSelect.i20.i26.i32.i32, i26 %ret_V_524, i32 6, i32 25"   --->   Operation 928 'partselect' 'tmp_537' <Predicate = (!icmp_ln121)> <Delay = 0.00>
ST_22 : Operation 929 [1/1] (0.00ns)   --->   "%lhs_507 = bitconcatenate i26 @_ssdm_op_BitConcatenate.i26.i20.i6, i20 %tmp_537, i6 0"   --->   Operation 929 'bitconcatenate' 'lhs_507' <Predicate = (!icmp_ln121)> <Delay = 0.00>
ST_22 : Operation 930 [1/3] (0.00ns) (grouped into DSP with root node ret_V_525)   --->   "%mul_ln1347_87 = mul i26 %sext_ln1347_16, i26 %sext_ln121_15"   --->   Operation 930 'mul' 'mul_ln1347_87' <Predicate = (!icmp_ln121)> <Delay = 0.00> <CoreInst = "DSP48">   --->   Core 119 'DSP48' <Latency = 3> <II = 1> <Delay = 2.15> <IPBlock> <Opcode : 'mul' 'add' 'sub' 'select'> <InPorts = 0> <OutPorts = 1> <Sync> <CReg>
ST_22 : Operation 931 [2/2] (2.10ns) (root node of the DSP)   --->   "%ret_V_525 = add i26 %lhs_507, i26 %mul_ln1347_87"   --->   Operation 931 'add' 'ret_V_525' <Predicate = (!icmp_ln121)> <Delay = 2.10> <CoreInst = "DSP48">   --->   Core 119 'DSP48' <Latency = 3> <II = 1> <Delay = 2.15> <IPBlock> <Opcode : 'mul' 'add' 'sub' 'select'> <InPorts = 0> <OutPorts = 1> <Sync> <CReg>

State 23 <SV = 22> <Delay = 5.35>
ST_23 : Operation 932 [1/1] (0.00ns)   --->   "%specloopname_ln0 = specloopname void @_ssdm_op_SpecLoopName, void @VITIS_LOOP_121_4_VITIS_LOOP_122_5_str"   --->   Operation 932 'specloopname' 'specloopname_ln0' <Predicate = (!icmp_ln121)> <Delay = 0.00>
ST_23 : Operation 933 [1/1] (0.00ns)   --->   "%empty_64 = speclooptripcount i32 @_ssdm_op_SpecLoopTripCount, i64 256, i64 256, i64 256"   --->   Operation 933 'speclooptripcount' 'empty_64' <Predicate = (!icmp_ln121)> <Delay = 0.00>
ST_23 : Operation 934 [1/1] (0.00ns)   --->   "%specpipeline_ln123 = specpipeline void @_ssdm_op_SpecPipeline, i32 1, i32 0, i32 0, i32 0, void @empty_8" [src/imgds_linear_dense_q16.cpp:123]   --->   Operation 934 'specpipeline' 'specpipeline_ln123' <Predicate = (!icmp_ln121)> <Delay = 0.00>
ST_23 : Operation 935 [1/1] (0.00ns)   --->   "%specloopname_ln122 = specloopname void @_ssdm_op_SpecLoopName, void @empty" [src/imgds_linear_dense_q16.cpp:122]   --->   Operation 935 'specloopname' 'specloopname_ln122' <Predicate = (!icmp_ln121)> <Delay = 0.00>
ST_23 : Operation 936 [1/1] (0.00ns)   --->   "%tmp_522 = bitconcatenate i6 @_ssdm_op_BitConcatenate.i6.i4.i2, i4 %empty_65, i2 %lshr_ln" [src/imgds_linear_dense_q16.cpp:129]   --->   Operation 936 'bitconcatenate' 'tmp_522' <Predicate = (!icmp_ln121)> <Delay = 0.00>
ST_23 : Operation 937 [1/1] (0.00ns)   --->   "%zext_ln129 = zext i6 %tmp_522" [src/imgds_linear_dense_q16.cpp:129]   --->   Operation 937 'zext' 'zext_ln129' <Predicate = (!icmp_ln121)> <Delay = 0.00>
ST_23 : Operation 938 [1/1] (0.00ns)   --->   "%KV_V_addr = getelementptr i16 %KV_V, i64 0, i64 %zext_ln129" [src/imgds_linear_dense_q16.cpp:129]   --->   Operation 938 'getelementptr' 'KV_V_addr' <Predicate = (!icmp_ln121)> <Delay = 0.00>
ST_23 : Operation 939 [1/1] (0.00ns)   --->   "%KV_V_1_addr = getelementptr i16 %KV_V_1, i64 0, i64 %zext_ln129" [src/imgds_linear_dense_q16.cpp:129]   --->   Operation 939 'getelementptr' 'KV_V_1_addr' <Predicate = (!icmp_ln121)> <Delay = 0.00>
ST_23 : Operation 940 [1/1] (0.00ns)   --->   "%KV_V_2_addr = getelementptr i16 %KV_V_2, i64 0, i64 %zext_ln129" [src/imgds_linear_dense_q16.cpp:129]   --->   Operation 940 'getelementptr' 'KV_V_2_addr' <Predicate = (!icmp_ln121)> <Delay = 0.00>
ST_23 : Operation 941 [1/1] (0.00ns)   --->   "%KV_V_3_addr = getelementptr i16 %KV_V_3, i64 0, i64 %zext_ln129" [src/imgds_linear_dense_q16.cpp:129]   --->   Operation 941 'getelementptr' 'KV_V_3_addr' <Predicate = (!icmp_ln121)> <Delay = 0.00>
ST_23 : Operation 942 [1/2] (2.10ns) (root node of the DSP)   --->   "%ret_V_525 = add i26 %lhs_507, i26 %mul_ln1347_87"   --->   Operation 942 'add' 'ret_V_525' <Predicate = (!icmp_ln121)> <Delay = 2.10> <CoreInst = "DSP48">   --->   Core 119 'DSP48' <Latency = 3> <II = 1> <Delay = 2.15> <IPBlock> <Opcode : 'mul' 'add' 'sub' 'select'> <InPorts = 0> <OutPorts = 1> <Sync> <CReg>
ST_23 : Operation 943 [1/1] (0.00ns)   --->   "%trunc_ln8 = partselect i16 @_ssdm_op_PartSelect.i16.i26.i32.i32, i26 %ret_V_525, i32 10, i32 25"   --->   Operation 943 'partselect' 'trunc_ln8' <Predicate = (!icmp_ln121)> <Delay = 0.00>
ST_23 : Operation 944 [1/1] (3.25ns)   --->   "%store_ln129 = store i16 %trunc_ln8, i6 %KV_V_2_addr" [src/imgds_linear_dense_q16.cpp:129]   --->   Operation 944 'store' 'store_ln129' <Predicate = (!icmp_ln121 & trunc_ln1273 == 2)> <Delay = 3.25> <CoreInst = "RAM">   --->   Core 82 'RAM' <Latency = 1> <II = 1> <Delay = 3.25> <Storage> <Opcode : 'load' 'store'> <Ports = 2> <Width = 16> <Depth = 64> <RAM>
ST_23 : Operation 945 [1/1] (0.00ns)   --->   "%br_ln129 = br void %arrayidx1247.exit" [src/imgds_linear_dense_q16.cpp:129]   --->   Operation 945 'br' 'br_ln129' <Predicate = (!icmp_ln121 & trunc_ln1273 == 2)> <Delay = 0.00>
ST_23 : Operation 946 [1/1] (3.25ns)   --->   "%store_ln129 = store i16 %trunc_ln8, i6 %KV_V_1_addr" [src/imgds_linear_dense_q16.cpp:129]   --->   Operation 946 'store' 'store_ln129' <Predicate = (!icmp_ln121 & trunc_ln1273 == 1)> <Delay = 3.25> <CoreInst = "RAM">   --->   Core 82 'RAM' <Latency = 1> <II = 1> <Delay = 3.25> <Storage> <Opcode : 'load' 'store'> <Ports = 2> <Width = 16> <Depth = 64> <RAM>
ST_23 : Operation 947 [1/1] (0.00ns)   --->   "%br_ln129 = br void %arrayidx1247.exit" [src/imgds_linear_dense_q16.cpp:129]   --->   Operation 947 'br' 'br_ln129' <Predicate = (!icmp_ln121 & trunc_ln1273 == 1)> <Delay = 0.00>
ST_23 : Operation 948 [1/1] (3.25ns)   --->   "%store_ln129 = store i16 %trunc_ln8, i6 %KV_V_addr" [src/imgds_linear_dense_q16.cpp:129]   --->   Operation 948 'store' 'store_ln129' <Predicate = (!icmp_ln121 & trunc_ln1273 == 0)> <Delay = 3.25> <CoreInst = "RAM">   --->   Core 82 'RAM' <Latency = 1> <II = 1> <Delay = 3.25> <Storage> <Opcode : 'load' 'store'> <Ports = 2> <Width = 16> <Depth = 64> <RAM>
ST_23 : Operation 949 [1/1] (0.00ns)   --->   "%br_ln129 = br void %arrayidx1247.exit" [src/imgds_linear_dense_q16.cpp:129]   --->   Operation 949 'br' 'br_ln129' <Predicate = (!icmp_ln121 & trunc_ln1273 == 0)> <Delay = 0.00>
ST_23 : Operation 950 [1/1] (3.25ns)   --->   "%store_ln129 = store i16 %trunc_ln8, i6 %KV_V_3_addr" [src/imgds_linear_dense_q16.cpp:129]   --->   Operation 950 'store' 'store_ln129' <Predicate = (!icmp_ln121 & trunc_ln1273 == 3)> <Delay = 3.25> <CoreInst = "RAM">   --->   Core 82 'RAM' <Latency = 1> <II = 1> <Delay = 3.25> <Storage> <Opcode : 'load' 'store'> <Ports = 2> <Width = 16> <Depth = 64> <RAM>
ST_23 : Operation 951 [1/1] (0.00ns)   --->   "%br_ln129 = br void %arrayidx1247.exit" [src/imgds_linear_dense_q16.cpp:129]   --->   Operation 951 'br' 'br_ln129' <Predicate = (!icmp_ln121 & trunc_ln1273 == 3)> <Delay = 0.00>


============================================================
+ Verbose Summary: Binding
============================================================
STG Binding: 
---------------- STG Properties BEGIN ----------------
- Is combinational: 0
- Is one-state seq: 0
- Is datapath-only: 0
- Is pipelined: 0
- Is top level: 0
Port [ Return ] is wired: 1; IO mode=ap_ctrl_hs:ce=0
Port [ K_V]:  wired=1; compound=1; hidden=0; nouse=0; global=0; static=0; extern=0; dir=0; type=1; pingpong=0; private_global=0; MemPort=[11]; IO mode=ap_memory:ce=0
Port [ K_V_1]:  wired=1; compound=1; hidden=0; nouse=0; global=0; static=0; extern=0; dir=0; type=1; pingpong=0; private_global=0; MemPort=[11]; IO mode=ap_memory:ce=0
Port [ K_V_2]:  wired=1; compound=1; hidden=0; nouse=0; global=0; static=0; extern=0; dir=0; type=1; pingpong=0; private_global=0; MemPort=[11]; IO mode=ap_memory:ce=0
Port [ K_V_3]:  wired=1; compound=1; hidden=0; nouse=0; global=0; static=0; extern=0; dir=0; type=1; pingpong=0; private_global=0; MemPort=[11]; IO mode=ap_memory:ce=0
Port [ KV_V_3]:  wired=1; compound=1; hidden=0; nouse=0; global=0; static=0; extern=0; dir=1; type=1; pingpong=0; private_global=0; MemPort=[03]; IO mode=ap_memory:ce=0
Port [ KV_V_2]:  wired=1; compound=1; hidden=0; nouse=0; global=0; static=0; extern=0; dir=1; type=1; pingpong=0; private_global=0; MemPort=[03]; IO mode=ap_memory:ce=0
Port [ KV_V_1]:  wired=1; compound=1; hidden=0; nouse=0; global=0; static=0; extern=0; dir=1; type=1; pingpong=0; private_global=0; MemPort=[03]; IO mode=ap_memory:ce=0
Port [ KV_V]:  wired=1; compound=1; hidden=0; nouse=0; global=0; static=0; extern=0; dir=1; type=1; pingpong=0; private_global=0; MemPort=[03]; IO mode=ap_memory:ce=0
Port [ V_V]:  wired=1; compound=1; hidden=0; nouse=0; global=0; static=0; extern=0; dir=0; type=1; pingpong=0; private_global=0; MemPort=[11]; IO mode=ap_memory:ce=0
Port [ V_V_1]:  wired=1; compound=1; hidden=0; nouse=0; global=0; static=0; extern=0; dir=0; type=1; pingpong=0; private_global=0; MemPort=[11]; IO mode=ap_memory:ce=0
Port [ V_V_2]:  wired=1; compound=1; hidden=0; nouse=0; global=0; static=0; extern=0; dir=0; type=1; pingpong=0; private_global=0; MemPort=[11]; IO mode=ap_memory:ce=0
Port [ V_V_3]:  wired=1; compound=1; hidden=0; nouse=0; global=0; static=0; extern=0; dir=0; type=1; pingpong=0; private_global=0; MemPort=[11]; IO mode=ap_memory:ce=0
---------------- STG Properties END ------------------

---------------- Datapath Model BEGIN ----------------

<LifeTime>
<method=bitvector/>
d2                  (alloca           ) [ 010000000000000000000000]
d1                  (alloca           ) [ 010000000000000000000000]
indvar_flatten      (alloca           ) [ 010000000000000000000000]
store_ln0           (store            ) [ 000000000000000000000000]
store_ln0           (store            ) [ 000000000000000000000000]
store_ln0           (store            ) [ 000000000000000000000000]
br_ln0              (br               ) [ 000000000000000000000000]
d1_1                (load             ) [ 000000000000000000000000]
indvar_flatten_load (load             ) [ 000000000000000000000000]
tmp_s               (partselect       ) [ 001111110000000000000000]
empty               (trunc            ) [ 011111111111111111100000]
icmp_ln121          (icmp             ) [ 011111111111111111111111]
add_ln121_1         (add              ) [ 000000000000000000000000]
br_ln121            (br               ) [ 000000000000000000000000]
d2_load             (load             ) [ 000000000000000000000000]
add_ln121           (add              ) [ 000000000000000000000000]
icmp_ln122          (icmp             ) [ 011111111111111111100000]
select_ln121        (select           ) [ 000000000000000000000000]
select_ln121_1      (select           ) [ 000000000000000000000000]
empty_65            (trunc            ) [ 011111111111111111111111]
p_mid1              (partselect       ) [ 001111110000000000000000]
empty_66            (trunc            ) [ 011111111111111111100000]
lshr_ln             (partselect       ) [ 011111111111111111111111]
zext_ln1273         (zext             ) [ 000000000000000000000000]
V_V_addr            (getelementptr    ) [ 001000000000000000000000]
tmp_857_cast        (bitconcatenate   ) [ 011111111111111110000000]
zext_ln1273_2       (zext             ) [ 000000000000000000000000]
V_V_addr_1          (getelementptr    ) [ 001000000000000000000000]
V_V_1_addr          (getelementptr    ) [ 001000000000000000000000]
V_V_1_addr_1        (getelementptr    ) [ 001000000000000000000000]
V_V_2_addr          (getelementptr    ) [ 001000000000000000000000]
V_V_2_addr_1        (getelementptr    ) [ 001000000000000000000000]
V_V_3_addr          (getelementptr    ) [ 001000000000000000000000]
V_V_3_addr_1        (getelementptr    ) [ 001000000000000000000000]
trunc_ln1273        (trunc            ) [ 011111111111111111111111]
switch_ln129        (switch           ) [ 000000000000000000000000]
add_ln122           (add              ) [ 000000000000000000000000]
store_ln122         (store            ) [ 000000000000000000000000]
store_ln122         (store            ) [ 000000000000000000000000]
store_ln122         (store            ) [ 000000000000000000000000]
br_ln122            (br               ) [ 000000000000000000000000]
p_cast              (zext             ) [ 000000000000000000000000]
K_V_addr            (getelementptr    ) [ 000100000000000000000000]
tmp_827_cast        (bitconcatenate   ) [ 011111111111111111000000]
tmp_827_cast_cast   (zext             ) [ 000000000000000000000000]
K_V_addr_4          (getelementptr    ) [ 000100000000000000000000]
K_V_1_addr          (getelementptr    ) [ 000100000000000000000000]
K_V_1_addr_4        (getelementptr    ) [ 000100000000000000000000]
K_V_2_addr          (getelementptr    ) [ 000100000000000000000000]
K_V_2_addr_4        (getelementptr    ) [ 000100000000000000000000]
K_V_3_addr          (getelementptr    ) [ 000100000000000000000000]
K_V_3_addr_4        (getelementptr    ) [ 000100000000000000000000]
p_cast_mid1         (zext             ) [ 000000000000000000000000]
K_V_addr_19         (getelementptr    ) [ 000100000000000000000000]
tmp_842_cast        (bitconcatenate   ) [ 011111111111111111000000]
tmp_842_cast_cast   (zext             ) [ 000000000000000000000000]
K_V_addr_20         (getelementptr    ) [ 000100000000000000000000]
K_V_1_addr_19       (getelementptr    ) [ 000100000000000000000000]
K_V_1_addr_20       (getelementptr    ) [ 000100000000000000000000]
K_V_2_addr_19       (getelementptr    ) [ 000100000000000000000000]
K_V_2_addr_20       (getelementptr    ) [ 000100000000000000000000]
K_V_3_addr_19       (getelementptr    ) [ 000100000000000000000000]
K_V_3_addr_20       (getelementptr    ) [ 000100000000000000000000]
tmp_858_cast        (bitconcatenate   ) [ 011111111111111110000000]
zext_ln1273_3       (zext             ) [ 000000000000000000000000]
V_V_addr_2          (getelementptr    ) [ 000100000000000000000000]
sext_ln1273         (sext             ) [ 000000000000000000000000]
zext_ln1273_4       (zext             ) [ 000000000000000000000000]
V_V_addr_3          (getelementptr    ) [ 000100000000000000000000]
V_V_1_addr_2        (getelementptr    ) [ 000100000000000000000000]
V_V_1_addr_3        (getelementptr    ) [ 000100000000000000000000]
V_V_2_addr_2        (getelementptr    ) [ 000100000000000000000000]
V_V_2_addr_3        (getelementptr    ) [ 000100000000000000000000]
V_V_3_addr_2        (getelementptr    ) [ 000100000000000000000000]
V_V_3_addr_3        (getelementptr    ) [ 000100000000000000000000]
V_V_load            (load             ) [ 000000000000000000000000]
V_V_1_load          (load             ) [ 000000000000000000000000]
V_V_2_load          (load             ) [ 000000000000000000000000]
V_V_3_load          (load             ) [ 000000000000000000000000]
tmp_16              (mux              ) [ 000110000000000000000000]
V_V_load_1          (load             ) [ 000000000000000000000000]
V_V_1_load_1        (load             ) [ 000000000000000000000000]
V_V_2_load_1        (load             ) [ 000000000000000000000000]
V_V_3_load_1        (load             ) [ 000000000000000000000000]
tmp_17              (mux              ) [ 000111000000000000000000]
tmp_828_cast        (bitconcatenate   ) [ 011111111111111111000000]
tmp_828_cast_cast   (zext             ) [ 000000000000000000000000]
K_V_addr_5          (getelementptr    ) [ 000010000000000000000000]
tmp_829_cast        (sext             ) [ 000000000000000000000000]
tmp_829_cast_cast   (zext             ) [ 000000000000000000000000]
K_V_addr_6          (getelementptr    ) [ 000010000000000000000000]
K_V_1_addr_5        (getelementptr    ) [ 000010000000000000000000]
K_V_1_addr_6        (getelementptr    ) [ 000010000000000000000000]
K_V_2_addr_5        (getelementptr    ) [ 000010000000000000000000]
K_V_2_addr_6        (getelementptr    ) [ 000010000000000000000000]
K_V_3_addr_5        (getelementptr    ) [ 000010000000000000000000]
K_V_3_addr_6        (getelementptr    ) [ 000010000000000000000000]
K_V_load            (load             ) [ 000000000000000000000000]
K_V_1_load          (load             ) [ 000000000000000000000000]
K_V_2_load          (load             ) [ 000000000000000000000000]
K_V_3_load          (load             ) [ 000000000000000000000000]
r_V                 (mux              ) [ 000000000000000000000000]
K_V_load_1          (load             ) [ 000000000000000000000000]
K_V_1_load_1        (load             ) [ 000000000000000000000000]
K_V_2_load_1        (load             ) [ 000000000000000000000000]
K_V_3_load_1        (load             ) [ 000000000000000000000000]
r_V_3               (mux              ) [ 000000000000000000000000]
tmp_843_cast        (bitconcatenate   ) [ 011111111111111111000000]
tmp_843_cast_cast   (zext             ) [ 000000000000000000000000]
K_V_addr_21         (getelementptr    ) [ 000010000000000000000000]
tmp_844_cast        (sext             ) [ 000000000000000000000000]
tmp_844_cast_cast   (zext             ) [ 000000000000000000000000]
K_V_addr_22         (getelementptr    ) [ 000010000000000000000000]
K_V_1_addr_21       (getelementptr    ) [ 000010000000000000000000]
K_V_1_addr_22       (getelementptr    ) [ 000010000000000000000000]
K_V_2_addr_21       (getelementptr    ) [ 000010000000000000000000]
K_V_2_addr_22       (getelementptr    ) [ 000010000000000000000000]
K_V_3_addr_21       (getelementptr    ) [ 000010000000000000000000]
K_V_3_addr_22       (getelementptr    ) [ 000010000000000000000000]
K_V_load_16         (load             ) [ 000000000000000000000000]
K_V_1_load_16       (load             ) [ 000000000000000000000000]
K_V_2_load_16       (load             ) [ 000000000000000000000000]
K_V_3_load_16       (load             ) [ 000000000000000000000000]
r_V_873_mid1        (mux              ) [ 000000000000000000000000]
select_ln121_2      (select           ) [ 000010000000000000000000]
K_V_load_17         (load             ) [ 000000000000000000000000]
K_V_1_load_17       (load             ) [ 000000000000000000000000]
K_V_2_load_17       (load             ) [ 000000000000000000000000]
K_V_3_load_17       (load             ) [ 000000000000000000000000]
r_V_874_mid1        (mux              ) [ 000000000000000000000000]
select_ln121_3      (select           ) [ 000011000000000000000000]
zext_ln1273_1       (zext             ) [ 000011000000000000000000]
tmp_860_cast        (bitconcatenate   ) [ 011111111111111100000000]
zext_ln1273_5       (zext             ) [ 000000000000000000000000]
V_V_addr_4          (getelementptr    ) [ 000010000000000000000000]
tmp_861_cast        (bitconcatenate   ) [ 011111111111111100000000]
zext_ln1273_6       (zext             ) [ 000000000000000000000000]
V_V_addr_5          (getelementptr    ) [ 000010000000000000000000]
V_V_1_addr_4        (getelementptr    ) [ 000010000000000000000000]
V_V_1_addr_5        (getelementptr    ) [ 000010000000000000000000]
V_V_2_addr_4        (getelementptr    ) [ 000010000000000000000000]
V_V_2_addr_5        (getelementptr    ) [ 000010000000000000000000]
V_V_3_addr_4        (getelementptr    ) [ 000010000000000000000000]
V_V_3_addr_5        (getelementptr    ) [ 000010000000000000000000]
V_V_load_2          (load             ) [ 000000000000000000000000]
V_V_1_load_2        (load             ) [ 000000000000000000000000]
V_V_2_load_2        (load             ) [ 000000000000000000000000]
V_V_3_load_2        (load             ) [ 000000000000000000000000]
tmp_18              (mux              ) [ 000011100000000000000000]
V_V_load_3          (load             ) [ 000000000000000000000000]
V_V_1_load_3        (load             ) [ 000000000000000000000000]
V_V_2_load_3        (load             ) [ 000000000000000000000000]
V_V_3_load_3        (load             ) [ 000000000000000000000000]
tmp_19              (mux              ) [ 000011110000000000000000]
tmp_826_cast        (zext             ) [ 000001100000000000000000]
tmp_830_cast        (bitconcatenate   ) [ 000001111000000000000000]
tmp_830_cast_cast   (zext             ) [ 000000000000000000000000]
K_V_addr_7          (getelementptr    ) [ 000001000000000000000000]
tmp_831_cast        (bitconcatenate   ) [ 011111111111111110000000]
tmp_831_cast_cast   (zext             ) [ 000000000000000000000000]
K_V_addr_8          (getelementptr    ) [ 000001000000000000000000]
K_V_1_addr_7        (getelementptr    ) [ 000001000000000000000000]
K_V_1_addr_8        (getelementptr    ) [ 000001000000000000000000]
K_V_2_addr_7        (getelementptr    ) [ 000001000000000000000000]
K_V_2_addr_8        (getelementptr    ) [ 000001000000000000000000]
K_V_3_addr_7        (getelementptr    ) [ 000001000000000000000000]
K_V_3_addr_8        (getelementptr    ) [ 000001000000000000000000]
K_V_load_2          (load             ) [ 000000000000000000000000]
K_V_1_load_2        (load             ) [ 000000000000000000000000]
K_V_2_load_2        (load             ) [ 000000000000000000000000]
K_V_3_load_2        (load             ) [ 000000000000000000000000]
r_V_6               (mux              ) [ 000000000000000000000000]
K_V_load_3          (load             ) [ 000000000000000000000000]
K_V_1_load_3        (load             ) [ 000000000000000000000000]
K_V_2_load_3        (load             ) [ 000000000000000000000000]
K_V_3_load_3        (load             ) [ 000000000000000000000000]
r_V_8               (mux              ) [ 000000000000000000000000]
p_mid1_cast         (zext             ) [ 000001100000000000000000]
tmp_845_cast        (bitconcatenate   ) [ 000001111000000000000000]
tmp_845_cast_cast   (zext             ) [ 000000000000000000000000]
K_V_addr_23         (getelementptr    ) [ 000001000000000000000000]
tmp_846_cast        (bitconcatenate   ) [ 011111111111111110000000]
tmp_846_cast_cast   (zext             ) [ 000000000000000000000000]
K_V_addr_24         (getelementptr    ) [ 000001000000000000000000]
K_V_1_addr_23       (getelementptr    ) [ 000001000000000000000000]
K_V_1_addr_24       (getelementptr    ) [ 000001000000000000000000]
K_V_2_addr_23       (getelementptr    ) [ 000001000000000000000000]
K_V_2_addr_24       (getelementptr    ) [ 000001000000000000000000]
K_V_3_addr_23       (getelementptr    ) [ 000001000000000000000000]
K_V_3_addr_24       (getelementptr    ) [ 000001000000000000000000]
sext_ln121          (sext             ) [ 000001110000000000000000]
K_V_load_18         (load             ) [ 000000000000000000000000]
K_V_1_load_18       (load             ) [ 000000000000000000000000]
K_V_2_load_18       (load             ) [ 000000000000000000000000]
K_V_3_load_18       (load             ) [ 000000000000000000000000]
r_V_875_mid1        (mux              ) [ 000000000000000000000000]
select_ln121_4      (select           ) [ 000001100000000000000000]
K_V_load_19         (load             ) [ 000000000000000000000000]
K_V_1_load_19       (load             ) [ 000000000000000000000000]
K_V_2_load_19       (load             ) [ 000000000000000000000000]
K_V_3_load_19       (load             ) [ 000000000000000000000000]
r_V_876_mid1        (mux              ) [ 000000000000000000000000]
select_ln121_5      (select           ) [ 000001110000000000000000]
sext_ln1273_103     (sext             ) [ 000000000000000000000000]
zext_ln1273_7       (zext             ) [ 000000000000000000000000]
V_V_addr_6          (getelementptr    ) [ 000001000000000000000000]
sext_ln1273_104     (sext             ) [ 000000000000000000000000]
zext_ln1273_8       (zext             ) [ 000000000000000000000000]
V_V_addr_7          (getelementptr    ) [ 000001000000000000000000]
V_V_1_addr_6        (getelementptr    ) [ 000001000000000000000000]
V_V_1_addr_7        (getelementptr    ) [ 000001000000000000000000]
V_V_2_addr_6        (getelementptr    ) [ 000001000000000000000000]
V_V_2_addr_7        (getelementptr    ) [ 000001000000000000000000]
V_V_3_addr_6        (getelementptr    ) [ 000001000000000000000000]
V_V_3_addr_7        (getelementptr    ) [ 000001000000000000000000]
sext_ln1270         (sext             ) [ 000001110000000000000000]
V_V_load_4          (load             ) [ 000000000000000000000000]
V_V_1_load_4        (load             ) [ 000000000000000000000000]
V_V_2_load_4        (load             ) [ 000000000000000000000000]
V_V_3_load_4        (load             ) [ 000000000000000000000000]
tmp_20              (mux              ) [ 000001111000000000000000]
V_V_load_5          (load             ) [ 000000000000000000000000]
V_V_1_load_5        (load             ) [ 000000000000000000000000]
V_V_2_load_5        (load             ) [ 000000000000000000000000]
V_V_3_load_5        (load             ) [ 000000000000000000000000]
tmp_21              (mux              ) [ 010001111100000000000000]
tmp_832_cast        (sext             ) [ 000000000000000000000000]
tmp_832_cast_cast   (zext             ) [ 000000000000000000000000]
K_V_addr_9          (getelementptr    ) [ 000000100000000000000000]
tmp_833_cast        (sext             ) [ 000000000000000000000000]
tmp_833_cast_cast   (zext             ) [ 000000000000000000000000]
K_V_addr_10         (getelementptr    ) [ 000000100000000000000000]
K_V_1_addr_9        (getelementptr    ) [ 000000100000000000000000]
K_V_1_addr_10       (getelementptr    ) [ 000000100000000000000000]
K_V_2_addr_9        (getelementptr    ) [ 000000100000000000000000]
K_V_2_addr_10       (getelementptr    ) [ 000000100000000000000000]
K_V_3_addr_9        (getelementptr    ) [ 000000100000000000000000]
K_V_3_addr_10       (getelementptr    ) [ 000000100000000000000000]
K_V_load_4          (load             ) [ 000000000000000000000000]
K_V_1_load_4        (load             ) [ 000000000000000000000000]
K_V_2_load_4        (load             ) [ 000000000000000000000000]
K_V_3_load_4        (load             ) [ 000000000000000000000000]
r_V_9               (mux              ) [ 000000000000000000000000]
K_V_load_5          (load             ) [ 000000000000000000000000]
K_V_1_load_5        (load             ) [ 000000000000000000000000]
K_V_2_load_5        (load             ) [ 000000000000000000000000]
K_V_3_load_5        (load             ) [ 000000000000000000000000]
r_V_10              (mux              ) [ 000000000000000000000000]
tmp_847_cast        (sext             ) [ 000000000000000000000000]
tmp_847_cast_cast   (zext             ) [ 000000000000000000000000]
K_V_addr_25         (getelementptr    ) [ 000000100000000000000000]
tmp_848_cast        (sext             ) [ 000000000000000000000000]
tmp_848_cast_cast   (zext             ) [ 000000000000000000000000]
K_V_addr_26         (getelementptr    ) [ 000000100000000000000000]
K_V_1_addr_25       (getelementptr    ) [ 000000100000000000000000]
K_V_1_addr_26       (getelementptr    ) [ 000000100000000000000000]
K_V_2_addr_25       (getelementptr    ) [ 000000100000000000000000]
K_V_2_addr_26       (getelementptr    ) [ 000000100000000000000000]
K_V_3_addr_25       (getelementptr    ) [ 000000100000000000000000]
K_V_3_addr_26       (getelementptr    ) [ 000000100000000000000000]
sext_ln121_1        (sext             ) [ 000000110000000000000000]
K_V_load_20         (load             ) [ 000000000000000000000000]
K_V_1_load_20       (load             ) [ 000000000000000000000000]
K_V_2_load_20       (load             ) [ 000000000000000000000000]
K_V_3_load_20       (load             ) [ 000000000000000000000000]
r_V_877_mid1        (mux              ) [ 000000000000000000000000]
select_ln121_6      (select           ) [ 000000111000000000000000]
K_V_load_21         (load             ) [ 000000000000000000000000]
K_V_1_load_21       (load             ) [ 000000000000000000000000]
K_V_2_load_21       (load             ) [ 000000000000000000000000]
K_V_3_load_21       (load             ) [ 000000000000000000000000]
r_V_878_mid1        (mux              ) [ 000000000000000000000000]
select_ln121_7      (select           ) [ 010000111100000000000000]
tmp_864_cast        (bitconcatenate   ) [ 000000000000000000000000]
zext_ln1273_9       (zext             ) [ 000000000000000000000000]
V_V_addr_8          (getelementptr    ) [ 000000100000000000000000]
tmp_865_cast        (bitconcatenate   ) [ 000000000000000000000000]
zext_ln1273_10      (zext             ) [ 000000000000000000000000]
V_V_addr_9          (getelementptr    ) [ 000000100000000000000000]
V_V_1_addr_8        (getelementptr    ) [ 000000100000000000000000]
V_V_1_addr_9        (getelementptr    ) [ 000000100000000000000000]
V_V_2_addr_8        (getelementptr    ) [ 000000100000000000000000]
V_V_2_addr_9        (getelementptr    ) [ 000000100000000000000000]
V_V_3_addr_8        (getelementptr    ) [ 000000100000000000000000]
V_V_3_addr_9        (getelementptr    ) [ 000000100000000000000000]
sext_ln1347         (sext             ) [ 000000110000000000000000]
V_V_load_6          (load             ) [ 000000000000000000000000]
V_V_1_load_6        (load             ) [ 000000000000000000000000]
V_V_2_load_6        (load             ) [ 000000000000000000000000]
V_V_3_load_6        (load             ) [ 000000000000000000000000]
tmp_22              (mux              ) [ 011000111110000000000000]
V_V_load_7          (load             ) [ 000000000000000000000000]
V_V_1_load_7        (load             ) [ 000000000000000000000000]
V_V_2_load_7        (load             ) [ 000000000000000000000000]
V_V_3_load_7        (load             ) [ 000000000000000000000000]
tmp_23              (mux              ) [ 011100111111000000000000]
tmp_834_cast        (bitconcatenate   ) [ 000000000000000000000000]
tmp_834_cast_cast   (zext             ) [ 000000000000000000000000]
K_V_addr_11         (getelementptr    ) [ 000000010000000000000000]
tmp_835_cast        (bitconcatenate   ) [ 000000000000000000000000]
tmp_835_cast_cast   (zext             ) [ 000000000000000000000000]
K_V_addr_12         (getelementptr    ) [ 000000010000000000000000]
K_V_1_addr_11       (getelementptr    ) [ 000000010000000000000000]
K_V_1_addr_12       (getelementptr    ) [ 000000010000000000000000]
K_V_2_addr_11       (getelementptr    ) [ 000000010000000000000000]
K_V_2_addr_12       (getelementptr    ) [ 000000010000000000000000]
K_V_3_addr_11       (getelementptr    ) [ 000000010000000000000000]
K_V_3_addr_12       (getelementptr    ) [ 000000010000000000000000]
K_V_load_6          (load             ) [ 000000000000000000000000]
K_V_1_load_6        (load             ) [ 000000000000000000000000]
K_V_2_load_6        (load             ) [ 000000000000000000000000]
K_V_3_load_6        (load             ) [ 000000000000000000000000]
r_V_12              (mux              ) [ 000000000000000000000000]
K_V_load_7          (load             ) [ 000000000000000000000000]
K_V_1_load_7        (load             ) [ 000000000000000000000000]
K_V_2_load_7        (load             ) [ 000000000000000000000000]
K_V_3_load_7        (load             ) [ 000000000000000000000000]
r_V_14              (mux              ) [ 000000000000000000000000]
tmp_849_cast        (bitconcatenate   ) [ 000000000000000000000000]
tmp_849_cast_cast   (zext             ) [ 000000000000000000000000]
K_V_addr_27         (getelementptr    ) [ 000000010000000000000000]
tmp_850_cast        (bitconcatenate   ) [ 000000000000000000000000]
tmp_850_cast_cast   (zext             ) [ 000000000000000000000000]
K_V_addr_28         (getelementptr    ) [ 000000010000000000000000]
K_V_1_addr_27       (getelementptr    ) [ 000000010000000000000000]
K_V_1_addr_28       (getelementptr    ) [ 000000010000000000000000]
K_V_2_addr_27       (getelementptr    ) [ 000000010000000000000000]
K_V_2_addr_28       (getelementptr    ) [ 000000010000000000000000]
K_V_3_addr_27       (getelementptr    ) [ 000000010000000000000000]
K_V_3_addr_28       (getelementptr    ) [ 000000010000000000000000]
sext_ln121_2        (sext             ) [ 000000011000000000000000]
K_V_load_22         (load             ) [ 000000000000000000000000]
K_V_1_load_22       (load             ) [ 000000000000000000000000]
K_V_2_load_22       (load             ) [ 000000000000000000000000]
K_V_3_load_22       (load             ) [ 000000000000000000000000]
r_V_879_mid1        (mux              ) [ 000000000000000000000000]
select_ln121_8      (select           ) [ 011000011110000000000000]
K_V_load_23         (load             ) [ 000000000000000000000000]
K_V_1_load_23       (load             ) [ 000000000000000000000000]
K_V_2_load_23       (load             ) [ 000000000000000000000000]
K_V_3_load_23       (load             ) [ 000000000000000000000000]
r_V_880_mid1        (mux              ) [ 000000000000000000000000]
select_ln121_9      (select           ) [ 011100011111000000000000]
tmp_866_cast        (bitconcatenate   ) [ 000000000000000000000000]
zext_ln1273_11      (zext             ) [ 000000000000000000000000]
V_V_addr_10         (getelementptr    ) [ 000000010000000000000000]
V_V_1_addr_10       (getelementptr    ) [ 000000010000000000000000]
V_V_2_addr_10       (getelementptr    ) [ 000000010000000000000000]
V_V_3_addr_10       (getelementptr    ) [ 000000010000000000000000]
sext_ln1347_3       (sext             ) [ 000000011000000000000000]
V_V_load_8          (load             ) [ 000000000000000000000000]
V_V_1_load_8        (load             ) [ 000000000000000000000000]
V_V_2_load_8        (load             ) [ 000000000000000000000000]
V_V_3_load_8        (load             ) [ 000000000000000000000000]
tmp_24              (mux              ) [ 011110011111100000000000]
V_V_load_9          (load             ) [ 000000000000000000000000]
V_V_1_load_9        (load             ) [ 000000000000000000000000]
V_V_2_load_9        (load             ) [ 000000000000000000000000]
V_V_3_load_9        (load             ) [ 000000000000000000000000]
tmp_25              (mux              ) [ 011111011111110000000000]
tmp_836_cast        (bitconcatenate   ) [ 000000000000000000000000]
tmp_836_cast_cast   (zext             ) [ 000000000000000000000000]
K_V_addr_13         (getelementptr    ) [ 000000001000000000000000]
tmp_837_cast        (bitconcatenate   ) [ 000000000000000000000000]
tmp_837_cast_cast   (zext             ) [ 000000000000000000000000]
K_V_addr_14         (getelementptr    ) [ 000000001000000000000000]
K_V_1_addr_13       (getelementptr    ) [ 000000001000000000000000]
K_V_1_addr_14       (getelementptr    ) [ 000000001000000000000000]
K_V_2_addr_13       (getelementptr    ) [ 000000001000000000000000]
K_V_2_addr_14       (getelementptr    ) [ 000000001000000000000000]
K_V_3_addr_13       (getelementptr    ) [ 000000001000000000000000]
K_V_3_addr_14       (getelementptr    ) [ 000000001000000000000000]
K_V_load_8          (load             ) [ 000000000000000000000000]
K_V_1_load_8        (load             ) [ 000000000000000000000000]
K_V_2_load_8        (load             ) [ 000000000000000000000000]
K_V_3_load_8        (load             ) [ 000000000000000000000000]
r_V_16              (mux              ) [ 000000000000000000000000]
K_V_load_9          (load             ) [ 000000000000000000000000]
K_V_1_load_9        (load             ) [ 000000000000000000000000]
K_V_2_load_9        (load             ) [ 000000000000000000000000]
K_V_3_load_9        (load             ) [ 000000000000000000000000]
r_V_18              (mux              ) [ 000000000000000000000000]
tmp_851_cast        (bitconcatenate   ) [ 000000000000000000000000]
tmp_851_cast_cast   (zext             ) [ 000000000000000000000000]
K_V_addr_29         (getelementptr    ) [ 000000001000000000000000]
tmp_852_cast        (bitconcatenate   ) [ 000000000000000000000000]
tmp_852_cast_cast   (zext             ) [ 000000000000000000000000]
K_V_addr_30         (getelementptr    ) [ 000000001000000000000000]
K_V_1_addr_29       (getelementptr    ) [ 000000001000000000000000]
K_V_1_addr_30       (getelementptr    ) [ 000000001000000000000000]
K_V_2_addr_29       (getelementptr    ) [ 000000001000000000000000]
K_V_2_addr_30       (getelementptr    ) [ 000000001000000000000000]
K_V_3_addr_29       (getelementptr    ) [ 000000001000000000000000]
K_V_3_addr_30       (getelementptr    ) [ 000000001000000000000000]
sext_ln121_3        (sext             ) [ 010000001100000000000000]
K_V_load_24         (load             ) [ 000000000000000000000000]
K_V_1_load_24       (load             ) [ 000000000000000000000000]
K_V_2_load_24       (load             ) [ 000000000000000000000000]
K_V_3_load_24       (load             ) [ 000000000000000000000000]
r_V_881_mid1        (mux              ) [ 000000000000000000000000]
select_ln121_10     (select           ) [ 011110001111100000000000]
K_V_load_25         (load             ) [ 000000000000000000000000]
K_V_1_load_25       (load             ) [ 000000000000000000000000]
K_V_2_load_25       (load             ) [ 000000000000000000000000]
K_V_3_load_25       (load             ) [ 000000000000000000000000]
r_V_882_mid1        (mux              ) [ 000000000000000000000000]
select_ln121_11     (select           ) [ 011111001111110000000000]
mul_ln1270_2        (mul              ) [ 000000000000000000000000]
tmp_523             (partselect       ) [ 000000000000000000000000]
lhs                 (bitconcatenate   ) [ 000000001000000000000000]
mul_ln1347_73       (mul              ) [ 000000001000000000000000]
sext_ln1347_4       (sext             ) [ 010000001100000000000000]
V_V_load_10         (load             ) [ 000000000000000000000000]
V_V_1_load_10       (load             ) [ 000000000000000000000000]
V_V_2_load_10       (load             ) [ 000000000000000000000000]
V_V_3_load_10       (load             ) [ 000000000000000000000000]
tmp_26              (mux              ) [ 011111101111111000000000]
tmp_838_cast        (sext             ) [ 000000000000000000000000]
tmp_838_cast_cast   (zext             ) [ 000000000000000000000000]
K_V_addr_15         (getelementptr    ) [ 010000000100000000000000]
K_V_1_addr_15       (getelementptr    ) [ 010000000100000000000000]
K_V_2_addr_15       (getelementptr    ) [ 010000000100000000000000]
K_V_3_addr_15       (getelementptr    ) [ 010000000100000000000000]
K_V_load_10         (load             ) [ 000000000000000000000000]
K_V_1_load_10       (load             ) [ 000000000000000000000000]
K_V_2_load_10       (load             ) [ 000000000000000000000000]
K_V_3_load_10       (load             ) [ 000000000000000000000000]
r_V_19              (mux              ) [ 000000000000000000000000]
K_V_load_11         (load             ) [ 000000000000000000000000]
K_V_1_load_11       (load             ) [ 000000000000000000000000]
K_V_2_load_11       (load             ) [ 000000000000000000000000]
K_V_3_load_11       (load             ) [ 000000000000000000000000]
r_V_20              (mux              ) [ 000000000000000000000000]
tmp_853_cast        (sext             ) [ 000000000000000000000000]
tmp_853_cast_cast   (zext             ) [ 000000000000000000000000]
K_V_addr_31         (getelementptr    ) [ 010000000100000000000000]
K_V_1_addr_31       (getelementptr    ) [ 010000000100000000000000]
K_V_2_addr_31       (getelementptr    ) [ 010000000100000000000000]
K_V_3_addr_31       (getelementptr    ) [ 010000000100000000000000]
sext_ln121_4        (sext             ) [ 011000000110000000000000]
K_V_load_26         (load             ) [ 000000000000000000000000]
K_V_1_load_26       (load             ) [ 000000000000000000000000]
K_V_2_load_26       (load             ) [ 000000000000000000000000]
K_V_3_load_26       (load             ) [ 000000000000000000000000]
r_V_883_mid1        (mux              ) [ 000000000000000000000000]
select_ln121_12     (select           ) [ 011111100111111000000000]
K_V_load_27         (load             ) [ 000000000000000000000000]
K_V_1_load_27       (load             ) [ 000000000000000000000000]
K_V_2_load_27       (load             ) [ 000000000000000000000000]
K_V_3_load_27       (load             ) [ 000000000000000000000000]
r_V_884_mid1        (mux              ) [ 000000000000000000000000]
select_ln121_13     (select           ) [ 011111110111111100000000]
ret_V               (add              ) [ 000000000000000000000000]
tmp_524             (partselect       ) [ 000000000000000000000000]
lhs_494             (bitconcatenate   ) [ 010000000100000000000000]
mul_ln1347_74       (mul              ) [ 010000000100000000000000]
sext_ln1347_5       (sext             ) [ 011000000110000000000000]
K_V_load_12         (load             ) [ 000000000000000000000000]
K_V_1_load_12       (load             ) [ 000000000000000000000000]
K_V_2_load_12       (load             ) [ 000000000000000000000000]
K_V_3_load_12       (load             ) [ 000000000000000000000000]
r_V_22              (mux              ) [ 000000000000000000000000]
sext_ln121_5        (sext             ) [ 001100000011000000000000]
K_V_load_28         (load             ) [ 000000000000000000000000]
K_V_1_load_28       (load             ) [ 000000000000000000000000]
K_V_2_load_28       (load             ) [ 000000000000000000000000]
K_V_3_load_28       (load             ) [ 000000000000000000000000]
r_V_885_mid1        (mux              ) [ 000000000000000000000000]
select_ln121_14     (select           ) [ 001111111011111110000000]
ret_V_512           (add              ) [ 000000000000000000000000]
tmp_525             (partselect       ) [ 000000000000000000000000]
lhs_495             (bitconcatenate   ) [ 001000000010000000000000]
mul_ln1347_75       (mul              ) [ 001000000010000000000000]
sext_ln1347_6       (sext             ) [ 001100000011000000000000]
sext_ln121_6        (sext             ) [ 000110000001100000000000]
ret_V_513           (add              ) [ 000000000000000000000000]
tmp_526             (partselect       ) [ 000000000000000000000000]
lhs_496             (bitconcatenate   ) [ 000100000001000000000000]
mul_ln1347_76       (mul              ) [ 000100000001000000000000]
sext_ln1347_7       (sext             ) [ 000110000001100000000000]
sext_ln121_7        (sext             ) [ 000011000000110000000000]
ret_V_514           (add              ) [ 000000000000000000000000]
tmp_527             (partselect       ) [ 000000000000000000000000]
lhs_497             (bitconcatenate   ) [ 000010000000100000000000]
mul_ln1347_77       (mul              ) [ 000010000000100000000000]
sext_ln1347_8       (sext             ) [ 000011000000110000000000]
sext_ln121_8        (sext             ) [ 000001100000011000000000]
ret_V_515           (add              ) [ 000000000000000000000000]
tmp_528             (partselect       ) [ 000000000000000000000000]
lhs_498             (bitconcatenate   ) [ 000001000000010000000000]
mul_ln1347_78       (mul              ) [ 000001000000010000000000]
sext_ln1347_9       (sext             ) [ 000001100000011000000000]
sext_ln121_9        (sext             ) [ 000000110000001100000000]
ret_V_516           (add              ) [ 000000000000000000000000]
tmp_529             (partselect       ) [ 000000000000000000000000]
lhs_499             (bitconcatenate   ) [ 000000100000001000000000]
mul_ln1347_79       (mul              ) [ 000000100000001000000000]
sext_ln1347_10      (sext             ) [ 000000110000001100000000]
sext_ln121_10       (sext             ) [ 000000011000000110000000]
tmp_867_cast        (bitconcatenate   ) [ 000000000000000000000000]
zext_ln1273_12      (zext             ) [ 000000000000000000000000]
V_V_addr_11         (getelementptr    ) [ 000000010000000100000000]
V_V_1_addr_11       (getelementptr    ) [ 000000010000000100000000]
V_V_2_addr_11       (getelementptr    ) [ 000000010000000100000000]
V_V_3_addr_11       (getelementptr    ) [ 000000010000000100000000]
ret_V_517           (add              ) [ 000000000000000000000000]
tmp_530             (partselect       ) [ 000000000000000000000000]
lhs_500             (bitconcatenate   ) [ 000000010000000100000000]
mul_ln1347_80       (mul              ) [ 000000010000000100000000]
sext_ln1347_11      (sext             ) [ 000000011000000110000000]
sext_ln121_11       (sext             ) [ 010000001000000011000000]
sext_ln1273_105     (sext             ) [ 000000000000000000000000]
zext_ln1273_13      (zext             ) [ 000000000000000000000000]
V_V_addr_12         (getelementptr    ) [ 000000001000000010000000]
sext_ln1273_106     (sext             ) [ 000000000000000000000000]
zext_ln1273_14      (zext             ) [ 000000000000000000000000]
V_V_addr_13         (getelementptr    ) [ 000000001000000010000000]
V_V_1_addr_12       (getelementptr    ) [ 000000001000000010000000]
V_V_1_addr_13       (getelementptr    ) [ 000000001000000010000000]
V_V_2_addr_12       (getelementptr    ) [ 000000001000000010000000]
V_V_2_addr_13       (getelementptr    ) [ 000000001000000010000000]
V_V_3_addr_12       (getelementptr    ) [ 000000001000000010000000]
V_V_3_addr_13       (getelementptr    ) [ 000000001000000010000000]
ret_V_518           (add              ) [ 000000000000000000000000]
tmp_531             (partselect       ) [ 000000000000000000000000]
lhs_501             (bitconcatenate   ) [ 000000001000000010000000]
mul_ln1347_81       (mul              ) [ 000000001000000010000000]
V_V_load_11         (load             ) [ 000000000000000000000000]
V_V_1_load_11       (load             ) [ 000000000000000000000000]
V_V_2_load_11       (load             ) [ 000000000000000000000000]
V_V_3_load_11       (load             ) [ 000000000000000000000000]
tmp_27              (mux              ) [ 000000000000000000000000]
sext_ln1347_12      (sext             ) [ 010000001000000011000000]
tmp_839_cast        (sext             ) [ 000000000000000000000000]
tmp_839_cast_cast   (zext             ) [ 000000000000000000000000]
K_V_addr_16         (getelementptr    ) [ 010000000000000001000000]
K_V_1_addr_16       (getelementptr    ) [ 010000000000000001000000]
K_V_2_addr_16       (getelementptr    ) [ 010000000000000001000000]
K_V_3_addr_16       (getelementptr    ) [ 010000000000000001000000]
tmp_854_cast        (sext             ) [ 000000000000000000000000]
tmp_854_cast_cast   (zext             ) [ 000000000000000000000000]
K_V_addr_32         (getelementptr    ) [ 010000000000000001000000]
K_V_1_addr_32       (getelementptr    ) [ 010000000000000001000000]
K_V_2_addr_32       (getelementptr    ) [ 010000000000000001000000]
K_V_3_addr_32       (getelementptr    ) [ 010000000000000001000000]
sext_ln121_12       (sext             ) [ 011000000000000001100000]
sext_ln1273_107     (sext             ) [ 000000000000000000000000]
zext_ln1273_15      (zext             ) [ 000000000000000000000000]
V_V_addr_14         (getelementptr    ) [ 010000000000000001000000]
sext_ln1273_108     (sext             ) [ 000000000000000000000000]
zext_ln1273_16      (zext             ) [ 000000000000000000000000]
V_V_addr_15         (getelementptr    ) [ 010000000000000001000000]
V_V_1_addr_14       (getelementptr    ) [ 010000000000000001000000]
V_V_1_addr_15       (getelementptr    ) [ 010000000000000001000000]
V_V_2_addr_14       (getelementptr    ) [ 010000000000000001000000]
V_V_2_addr_15       (getelementptr    ) [ 010000000000000001000000]
V_V_3_addr_14       (getelementptr    ) [ 010000000000000001000000]
V_V_3_addr_15       (getelementptr    ) [ 010000000000000001000000]
ret_V_519           (add              ) [ 000000000000000000000000]
tmp_532             (partselect       ) [ 000000000000000000000000]
lhs_502             (bitconcatenate   ) [ 010000000000000001000000]
mul_ln1347_82       (mul              ) [ 010000000000000001000000]
V_V_load_12         (load             ) [ 000000000000000000000000]
V_V_1_load_12       (load             ) [ 000000000000000000000000]
V_V_2_load_12       (load             ) [ 000000000000000000000000]
V_V_3_load_12       (load             ) [ 000000000000000000000000]
tmp_28              (mux              ) [ 000000000000000000000000]
sext_ln1347_13      (sext             ) [ 011000000000000001100000]
V_V_load_13         (load             ) [ 000000000000000000000000]
V_V_1_load_13       (load             ) [ 000000000000000000000000]
V_V_2_load_13       (load             ) [ 000000000000000000000000]
V_V_3_load_13       (load             ) [ 000000000000000000000000]
tmp_29              (mux              ) [ 010000000000000001000000]
tmp_840_cast        (sext             ) [ 000000000000000000000000]
tmp_840_cast_cast   (zext             ) [ 000000000000000000000000]
K_V_addr_17         (getelementptr    ) [ 001000000000000000100000]
tmp_841_cast        (sext             ) [ 000000000000000000000000]
tmp_841_cast_cast   (zext             ) [ 000000000000000000000000]
K_V_addr_18         (getelementptr    ) [ 001000000000000000100000]
K_V_1_addr_17       (getelementptr    ) [ 001000000000000000100000]
K_V_1_addr_18       (getelementptr    ) [ 001000000000000000100000]
K_V_2_addr_17       (getelementptr    ) [ 001000000000000000100000]
K_V_2_addr_18       (getelementptr    ) [ 001000000000000000100000]
K_V_3_addr_17       (getelementptr    ) [ 001000000000000000100000]
K_V_3_addr_18       (getelementptr    ) [ 001000000000000000100000]
K_V_load_13         (load             ) [ 000000000000000000000000]
K_V_1_load_13       (load             ) [ 000000000000000000000000]
K_V_2_load_13       (load             ) [ 000000000000000000000000]
K_V_3_load_13       (load             ) [ 000000000000000000000000]
r_V_23              (mux              ) [ 000000000000000000000000]
tmp_855_cast        (sext             ) [ 000000000000000000000000]
tmp_855_cast_cast   (zext             ) [ 000000000000000000000000]
K_V_addr_33         (getelementptr    ) [ 001000000000000000100000]
tmp_856_cast        (sext             ) [ 000000000000000000000000]
tmp_856_cast_cast   (zext             ) [ 000000000000000000000000]
K_V_addr_34         (getelementptr    ) [ 001000000000000000100000]
K_V_1_addr_33       (getelementptr    ) [ 001000000000000000100000]
K_V_1_addr_34       (getelementptr    ) [ 001000000000000000100000]
K_V_2_addr_33       (getelementptr    ) [ 001000000000000000100000]
K_V_2_addr_34       (getelementptr    ) [ 001000000000000000100000]
K_V_3_addr_33       (getelementptr    ) [ 001000000000000000100000]
K_V_3_addr_34       (getelementptr    ) [ 001000000000000000100000]
K_V_load_29         (load             ) [ 000000000000000000000000]
K_V_1_load_29       (load             ) [ 000000000000000000000000]
K_V_2_load_29       (load             ) [ 000000000000000000000000]
K_V_3_load_29       (load             ) [ 000000000000000000000000]
r_V_886_mid1        (mux              ) [ 000000000000000000000000]
select_ln121_15     (select           ) [ 000000000000000000000000]
sext_ln121_13       (sext             ) [ 001100000000000000110000]
ret_V_520           (add              ) [ 000000000000000000000000]
tmp_533             (partselect       ) [ 000000000000000000000000]
lhs_503             (bitconcatenate   ) [ 001000000000000000100000]
mul_ln1347_83       (mul              ) [ 001000000000000000100000]
sext_ln1347_14      (sext             ) [ 001100000000000000110000]
V_V_load_14         (load             ) [ 000000000000000000000000]
V_V_1_load_14       (load             ) [ 000000000000000000000000]
V_V_2_load_14       (load             ) [ 000000000000000000000000]
V_V_3_load_14       (load             ) [ 000000000000000000000000]
tmp_30              (mux              ) [ 001100000000000000110000]
V_V_load_15         (load             ) [ 000000000000000000000000]
V_V_1_load_15       (load             ) [ 000000000000000000000000]
V_V_2_load_15       (load             ) [ 000000000000000000000000]
V_V_3_load_15       (load             ) [ 000000000000000000000000]
tmp_31              (mux              ) [ 001110000000000000111000]
K_V_load_14         (load             ) [ 000000000000000000000000]
K_V_1_load_14       (load             ) [ 000000000000000000000000]
K_V_2_load_14       (load             ) [ 000000000000000000000000]
K_V_3_load_14       (load             ) [ 000000000000000000000000]
r_V_24              (mux              ) [ 000000000000000000000000]
K_V_load_15         (load             ) [ 000000000000000000000000]
K_V_1_load_15       (load             ) [ 000000000000000000000000]
K_V_2_load_15       (load             ) [ 000000000000000000000000]
K_V_3_load_15       (load             ) [ 000000000000000000000000]
r_V_26              (mux              ) [ 000000000000000000000000]
K_V_load_30         (load             ) [ 000000000000000000000000]
K_V_1_load_30       (load             ) [ 000000000000000000000000]
K_V_2_load_30       (load             ) [ 000000000000000000000000]
K_V_3_load_30       (load             ) [ 000000000000000000000000]
r_V_887_mid1        (mux              ) [ 000000000000000000000000]
select_ln121_16     (select           ) [ 000100000000000000010000]
K_V_load_31         (load             ) [ 000000000000000000000000]
K_V_1_load_31       (load             ) [ 000000000000000000000000]
K_V_2_load_31       (load             ) [ 000000000000000000000000]
K_V_3_load_31       (load             ) [ 000000000000000000000000]
r_V_888_mid1        (mux              ) [ 000000000000000000000000]
select_ln121_17     (select           ) [ 000110000000000000011000]
ret_V_521           (add              ) [ 000000000000000000000000]
tmp_534             (partselect       ) [ 000000000000000000000000]
lhs_504             (bitconcatenate   ) [ 000100000000000000010000]
mul_ln1347_84       (mul              ) [ 000100000000000000010000]
sext_ln121_14       (sext             ) [ 000011000000000000001100]
ret_V_522           (add              ) [ 000000000000000000000000]
tmp_535             (partselect       ) [ 000000000000000000000000]
lhs_505             (bitconcatenate   ) [ 000010000000000000001000]
mul_ln1347_85       (mul              ) [ 000010000000000000001000]
sext_ln1347_15      (sext             ) [ 000011000000000000001100]
sext_ln121_15       (sext             ) [ 000001100000000000000110]
ret_V_523           (add              ) [ 000000000000000000000000]
tmp_536             (partselect       ) [ 000001000000000000000100]
sext_ln1347_16      (sext             ) [ 000001100000000000000110]
lhs_506             (bitconcatenate   ) [ 000000100000000000000010]
mul_ln1347_86       (mul              ) [ 000000100000000000000010]
ret_V_524           (add              ) [ 000000000000000000000000]
tmp_537             (partselect       ) [ 000000000000000000000000]
lhs_507             (bitconcatenate   ) [ 000000010000000000000001]
mul_ln1347_87       (mul              ) [ 000000010000000000000001]
specloopname_ln0    (specloopname     ) [ 000000000000000000000000]
empty_64            (speclooptripcount) [ 000000000000000000000000]
specpipeline_ln123  (specpipeline     ) [ 000000000000000000000000]
specloopname_ln122  (specloopname     ) [ 000000000000000000000000]
tmp_522             (bitconcatenate   ) [ 000000000000000000000000]
zext_ln129          (zext             ) [ 000000000000000000000000]
KV_V_addr           (getelementptr    ) [ 000000000000000000000000]
KV_V_1_addr         (getelementptr    ) [ 000000000000000000000000]
KV_V_2_addr         (getelementptr    ) [ 000000000000000000000000]
KV_V_3_addr         (getelementptr    ) [ 000000000000000000000000]
ret_V_525           (add              ) [ 000000000000000000000000]
trunc_ln8           (partselect       ) [ 000000000000000000000000]
store_ln129         (store            ) [ 000000000000000000000000]
br_ln129            (br               ) [ 000000000000000000000000]
store_ln129         (store            ) [ 000000000000000000000000]
br_ln129            (br               ) [ 000000000000000000000000]
store_ln129         (store            ) [ 000000000000000000000000]
br_ln129            (br               ) [ 000000000000000000000000]
store_ln129         (store            ) [ 000000000000000000000000]
br_ln129            (br               ) [ 000000000000000000000000]
ret_ln0             (ret              ) [ 000000000000000000000000]
</LifeTime>

<model>

<comp_list>
<comp id="0" class="1000" name="K_V">
<pin_list>
<pin id="1" dir="1" index="0" bw="1" slack="0"/>
</pin_list>
<bind>
<StgValue><ssdm name="K_V"/><MemPortTyVec>1 1 </MemPortTyVec>
</StgValue>
</bind>
</comp>

<comp id="2" class="1000" name="K_V_1">
<pin_list>
<pin id="3" dir="1" index="0" bw="1" slack="0"/>
</pin_list>
<bind>
<StgValue><ssdm name="K_V_1"/><MemPortTyVec>1 1 </MemPortTyVec>
</StgValue>
</bind>
</comp>

<comp id="4" class="1000" name="K_V_2">
<pin_list>
<pin id="5" dir="1" index="0" bw="1" slack="0"/>
</pin_list>
<bind>
<StgValue><ssdm name="K_V_2"/><MemPortTyVec>1 1 </MemPortTyVec>
</StgValue>
</bind>
</comp>

<comp id="6" class="1000" name="K_V_3">
<pin_list>
<pin id="7" dir="1" index="0" bw="1" slack="0"/>
</pin_list>
<bind>
<StgValue><ssdm name="K_V_3"/><MemPortTyVec>1 1 </MemPortTyVec>
</StgValue>
</bind>
</comp>

<comp id="8" class="1000" name="KV_V_3">
<pin_list>
<pin id="9" dir="1" index="0" bw="1" slack="0"/>
</pin_list>
<bind>
<StgValue><ssdm name="KV_V_3"/><MemPortTyVec>0 3 </MemPortTyVec>
</StgValue>
</bind>
</comp>

<comp id="10" class="1000" name="KV_V_2">
<pin_list>
<pin id="11" dir="1" index="0" bw="1" slack="0"/>
</pin_list>
<bind>
<StgValue><ssdm name="KV_V_2"/><MemPortTyVec>0 3 </MemPortTyVec>
</StgValue>
</bind>
</comp>

<comp id="12" class="1000" name="KV_V_1">
<pin_list>
<pin id="13" dir="1" index="0" bw="1" slack="0"/>
</pin_list>
<bind>
<StgValue><ssdm name="KV_V_1"/><MemPortTyVec>0 3 </MemPortTyVec>
</StgValue>
</bind>
</comp>

<comp id="14" class="1000" name="KV_V">
<pin_list>
<pin id="15" dir="1" index="0" bw="1" slack="0"/>
</pin_list>
<bind>
<StgValue><ssdm name="KV_V"/><MemPortTyVec>0 3 </MemPortTyVec>
</StgValue>
</bind>
</comp>

<comp id="16" class="1000" name="V_V">
<pin_list>
<pin id="17" dir="1" index="0" bw="1" slack="0"/>
</pin_list>
<bind>
<StgValue><ssdm name="V_V"/><MemPortTyVec>1 1 </MemPortTyVec>
</StgValue>
</bind>
</comp>

<comp id="18" class="1000" name="V_V_1">
<pin_list>
<pin id="19" dir="1" index="0" bw="1" slack="0"/>
</pin_list>
<bind>
<StgValue><ssdm name="V_V_1"/><MemPortTyVec>1 1 </MemPortTyVec>
</StgValue>
</bind>
</comp>

<comp id="20" class="1000" name="V_V_2">
<pin_list>
<pin id="21" dir="1" index="0" bw="1" slack="0"/>
</pin_list>
<bind>
<StgValue><ssdm name="V_V_2"/><MemPortTyVec>1 1 </MemPortTyVec>
</StgValue>
</bind>
</comp>

<comp id="22" class="1000" name="V_V_3">
<pin_list>
<pin id="23" dir="1" index="0" bw="1" slack="0"/>
</pin_list>
<bind>
<StgValue><ssdm name="V_V_3"/><MemPortTyVec>1 1 </MemPortTyVec>
</StgValue>
</bind>
</comp>

<comp id="24" class="1001" name="const_24">
<pin_list>
<pin id="25" dir="1" index="0" bw="1" slack="0"/>
</pin_list>
<bind>
<StgValue><ssdm name=""/></StgValue>
</bind>
</comp>

<comp id="26" class="1001" name="const_26">
<pin_list>
<pin id="27" dir="1" index="0" bw="1" slack="0"/>
</pin_list>
<bind>
<StgValue><ssdm name=""/></StgValue>
</bind>
</comp>

<comp id="28" class="1001" name="const_28">
<pin_list>
<pin id="29" dir="1" index="0" bw="1" slack="0"/>
</pin_list>
<bind>
<StgValue><ssdm name=""/></StgValue>
</bind>
</comp>

<comp id="30" class="1001" name="const_30">
<pin_list>
<pin id="31" dir="1" index="0" bw="1" slack="0"/>
</pin_list>
<bind>
<StgValue><ssdm name="_ssdm_op_PartSelect.i2.i5.i32.i32"/></StgValue>
</bind>
</comp>

<comp id="32" class="1001" name="const_32">
<pin_list>
<pin id="33" dir="1" index="0" bw="1" slack="0"/>
</pin_list>
<bind>
<StgValue><ssdm name=""/></StgValue>
</bind>
</comp>

<comp id="34" class="1001" name="const_34">
<pin_list>
<pin id="35" dir="1" index="0" bw="1" slack="0"/>
</pin_list>
<bind>
<StgValue><ssdm name=""/></StgValue>
</bind>
</comp>

<comp id="36" class="1001" name="const_36">
<pin_list>
<pin id="37" dir="1" index="0" bw="1" slack="0"/>
</pin_list>
<bind>
<StgValue><ssdm name=""/></StgValue>
</bind>
</comp>

<comp id="38" class="1001" name="const_38">
<pin_list>
<pin id="39" dir="1" index="0" bw="1" slack="0"/>
</pin_list>
<bind>
<StgValue><ssdm name=""/></StgValue>
</bind>
</comp>

<comp id="40" class="1001" name="const_40">
<pin_list>
<pin id="41" dir="1" index="0" bw="1" slack="0"/>
</pin_list>
<bind>
<StgValue><ssdm name=""/></StgValue>
</bind>
</comp>

<comp id="42" class="1001" name="const_42">
<pin_list>
<pin id="43" dir="1" index="0" bw="1" slack="0"/>
</pin_list>
<bind>
<StgValue><ssdm name=""/></StgValue>
</bind>
</comp>

<comp id="44" class="1001" name="const_44">
<pin_list>
<pin id="45" dir="1" index="0" bw="1" slack="0"/>
</pin_list>
<bind>
<StgValue><ssdm name=""/></StgValue>
</bind>
</comp>

<comp id="46" class="1001" name="const_46">
<pin_list>
<pin id="47" dir="1" index="0" bw="1" slack="0"/>
</pin_list>
<bind>
<StgValue><ssdm name="_ssdm_op_BitConcatenate.i3.i1.i2"/></StgValue>
</bind>
</comp>

<comp id="48" class="1001" name="const_48">
<pin_list>
<pin id="49" dir="1" index="0" bw="1" slack="0"/>
</pin_list>
<bind>
<StgValue><ssdm name=""/></StgValue>
</bind>
</comp>

<comp id="50" class="1001" name="const_50">
<pin_list>
<pin id="51" dir="1" index="0" bw="1" slack="2147483647"/>
</pin_list>
<bind>
<StgValue><ssdm name=""/></StgValue>
</bind>
</comp>

<comp id="52" class="1001" name="const_52">
<pin_list>
<pin id="53" dir="1" index="0" bw="1" slack="2147483647"/>
</pin_list>
<bind>
<StgValue><ssdm name=""/></StgValue>
</bind>
</comp>

<comp id="54" class="1001" name="const_54">
<pin_list>
<pin id="55" dir="1" index="0" bw="1" slack="0"/>
</pin_list>
<bind>
<StgValue><ssdm name=""/></StgValue>
</bind>
</comp>

<comp id="56" class="1001" name="const_56">
<pin_list>
<pin id="57" dir="1" index="0" bw="1" slack="0"/>
</pin_list>
<bind>
<StgValue><ssdm name="_ssdm_op_BitConcatenate.i4.i2.i2"/></StgValue>
</bind>
</comp>

<comp id="58" class="1001" name="const_58">
<pin_list>
<pin id="59" dir="1" index="0" bw="1" slack="0"/>
</pin_list>
<bind>
<StgValue><ssdm name="_ssdm_op_Mux.ap_auto.4i16.i2"/></StgValue>
</bind>
</comp>

<comp id="60" class="1001" name="const_60">
<pin_list>
<pin id="61" dir="1" index="0" bw="1" slack="0"/>
</pin_list>
<bind>
<StgValue><ssdm name="_ssdm_op_BitConcatenate.i5.i1.i4"/></StgValue>
</bind>
</comp>

<comp id="62" class="1001" name="const_62">
<pin_list>
<pin id="63" dir="1" index="0" bw="1" slack="0"/>
</pin_list>
<bind>
<StgValue><ssdm name="_ssdm_op_BitConcatenate.i5.i3.i2"/></StgValue>
</bind>
</comp>

<comp id="64" class="1001" name="const_64">
<pin_list>
<pin id="65" dir="1" index="0" bw="1" slack="0"/>
</pin_list>
<bind>
<StgValue><ssdm name=""/></StgValue>
</bind>
</comp>

<comp id="66" class="1001" name="const_66">
<pin_list>
<pin id="67" dir="1" index="0" bw="1" slack="0"/>
</pin_list>
<bind>
<StgValue><ssdm name="_ssdm_op_BitConcatenate.i6.i2.i4"/></StgValue>
</bind>
</comp>

<comp id="68" class="1001" name="const_68">
<pin_list>
<pin id="69" dir="1" index="0" bw="1" slack="0"/>
</pin_list>
<bind>
<StgValue><ssdm name="_ssdm_op_BitConcatenate.i6.i4.i2"/></StgValue>
</bind>
</comp>

<comp id="70" class="1001" name="const_70">
<pin_list>
<pin id="71" dir="1" index="0" bw="1" slack="0"/>
</pin_list>
<bind>
<StgValue><ssdm name=""/></StgValue>
</bind>
</comp>

<comp id="72" class="1001" name="const_72">
<pin_list>
<pin id="73" dir="1" index="0" bw="1" slack="0"/>
</pin_list>
<bind>
<StgValue><ssdm name=""/></StgValue>
</bind>
</comp>

<comp id="74" class="1001" name="const_74">
<pin_list>
<pin id="75" dir="1" index="0" bw="1" slack="0"/>
</pin_list>
<bind>
<StgValue><ssdm name=""/></StgValue>
</bind>
</comp>

<comp id="76" class="1001" name="const_76">
<pin_list>
<pin id="77" dir="1" index="0" bw="1" slack="0"/>
</pin_list>
<bind>
<StgValue><ssdm name="_ssdm_op_PartSelect.i20.i26.i32.i32"/></StgValue>
</bind>
</comp>

<comp id="78" class="1001" name="const_78">
<pin_list>
<pin id="79" dir="1" index="0" bw="1" slack="0"/>
</pin_list>
<bind>
<StgValue><ssdm name=""/></StgValue>
</bind>
</comp>

<comp id="80" class="1001" name="const_80">
<pin_list>
<pin id="81" dir="1" index="0" bw="1" slack="0"/>
</pin_list>
<bind>
<StgValue><ssdm name=""/></StgValue>
</bind>
</comp>

<comp id="82" class="1001" name="const_82">
<pin_list>
<pin id="83" dir="1" index="0" bw="1" slack="0"/>
</pin_list>
<bind>
<StgValue><ssdm name="_ssdm_op_BitConcatenate.i26.i20.i6"/></StgValue>
</bind>
</comp>

<comp id="84" class="1001" name="const_84">
<pin_list>
<pin id="85" dir="1" index="0" bw="1" slack="0"/>
</pin_list>
<bind>
<StgValue><ssdm name=""/></StgValue>
</bind>
</comp>

<comp id="86" class="1001" name="const_86">
<pin_list>
<pin id="87" dir="1" index="0" bw="1" slack="2147483647"/>
</pin_list>
<bind>
<StgValue><ssdm name="_ssdm_op_SpecLoopName"/></StgValue>
</bind>
</comp>

<comp id="88" class="1001" name="const_88">
<pin_list>
<pin id="89" dir="1" index="0" bw="1" slack="2147483647"/>
</pin_list>
<bind>
<StgValue><ssdm name="VITIS_LOOP_121_4_VITIS_LOOP_122_5_str"/></StgValue>
</bind>
</comp>

<comp id="90" class="1001" name="const_90">
<pin_list>
<pin id="91" dir="1" index="0" bw="1" slack="2147483647"/>
</pin_list>
<bind>
<StgValue><ssdm name="_ssdm_op_SpecLoopTripCount"/></StgValue>
</bind>
</comp>

<comp id="92" class="1001" name="const_92">
<pin_list>
<pin id="93" dir="1" index="0" bw="1" slack="2147483647"/>
</pin_list>
<bind>
<StgValue><ssdm name=""/></StgValue>
</bind>
</comp>

<comp id="94" class="1001" name="const_94">
<pin_list>
<pin id="95" dir="1" index="0" bw="1" slack="2147483647"/>
</pin_list>
<bind>
<StgValue><ssdm name="_ssdm_op_SpecPipeline"/></StgValue>
</bind>
</comp>

<comp id="96" class="1001" name="const_96">
<pin_list>
<pin id="97" dir="1" index="0" bw="1" slack="2147483647"/>
</pin_list>
<bind>
<StgValue><ssdm name=""/></StgValue>
</bind>
</comp>

<comp id="98" class="1001" name="const_98">
<pin_list>
<pin id="99" dir="1" index="0" bw="1" slack="2147483647"/>
</pin_list>
<bind>
<StgValue><ssdm name="empty_8"/></StgValue>
</bind>
</comp>

<comp id="100" class="1001" name="const_100">
<pin_list>
<pin id="101" dir="1" index="0" bw="1" slack="2147483647"/>
</pin_list>
<bind>
<StgValue><ssdm name="empty"/></StgValue>
</bind>
</comp>

<comp id="102" class="1001" name="const_102">
<pin_list>
<pin id="103" dir="1" index="0" bw="1" slack="0"/>
</pin_list>
<bind>
<StgValue><ssdm name="_ssdm_op_PartSelect.i16.i26.i32.i32"/></StgValue>
</bind>
</comp>

<comp id="104" class="1001" name="const_104">
<pin_list>
<pin id="105" dir="1" index="0" bw="1" slack="0"/>
</pin_list>
<bind>
<StgValue><ssdm name=""/></StgValue>
</bind>
</comp>

<comp id="106" class="1004" name="d2_fu_106">
<pin_list>
<pin id="107" dir="0" index="0" bw="1" slack="0"/>
<pin id="108" dir="1" index="1" bw="5" slack="0"/>
</pin_list>
<bind>
<opcode="alloca(26) " fcode="alloca"/>
<opset="d2/1 "/>
</bind>
</comp>

<comp id="110" class="1004" name="d1_fu_110">
<pin_list>
<pin id="111" dir="0" index="0" bw="1" slack="0"/>
<pin id="112" dir="1" index="1" bw="5" slack="0"/>
</pin_list>
<bind>
<opcode="alloca(26) " fcode="alloca"/>
<opset="d1/1 "/>
</bind>
</comp>

<comp id="114" class="1004" name="indvar_flatten_fu_114">
<pin_list>
<pin id="115" dir="0" index="0" bw="1" slack="0"/>
<pin id="116" dir="1" index="1" bw="9" slack="0"/>
</pin_list>
<bind>
<opcode="alloca(26) " fcode="alloca"/>
<opset="indvar_flatten/1 "/>
</bind>
</comp>

<comp id="118" class="1004" name="V_V_addr_gep_fu_118">
<pin_list>
<pin id="119" dir="0" index="0" bw="16" slack="0"/>
<pin id="120" dir="0" index="1" bw="1" slack="0"/>
<pin id="121" dir="0" index="2" bw="2" slack="0"/>
<pin id="122" dir="1" index="3" bw="6" slack="0"/>
</pin_list>
<bind>
<opcode="getelementptr(29) " fcode="getelementptr"/>
<opset="V_V_addr/1 "/>
</bind>
</comp>

<comp id="125" class="1004" name="V_V_addr_1_gep_fu_125">
<pin_list>
<pin id="126" dir="0" index="0" bw="16" slack="0"/>
<pin id="127" dir="0" index="1" bw="1" slack="0"/>
<pin id="128" dir="0" index="2" bw="3" slack="0"/>
<pin id="129" dir="1" index="3" bw="6" slack="0"/>
</pin_list>
<bind>
<opcode="getelementptr(29) " fcode="getelementptr"/>
<opset="V_V_addr_1/1 "/>
</bind>
</comp>

<comp id="132" class="1004" name="V_V_1_addr_gep_fu_132">
<pin_list>
<pin id="133" dir="0" index="0" bw="16" slack="0"/>
<pin id="134" dir="0" index="1" bw="1" slack="0"/>
<pin id="135" dir="0" index="2" bw="2" slack="0"/>
<pin id="136" dir="1" index="3" bw="6" slack="0"/>
</pin_list>
<bind>
<opcode="getelementptr(29) " fcode="getelementptr"/>
<opset="V_V_1_addr/1 "/>
</bind>
</comp>

<comp id="139" class="1004" name="V_V_1_addr_1_gep_fu_139">
<pin_list>
<pin id="140" dir="0" index="0" bw="16" slack="0"/>
<pin id="141" dir="0" index="1" bw="1" slack="0"/>
<pin id="142" dir="0" index="2" bw="3" slack="0"/>
<pin id="143" dir="1" index="3" bw="6" slack="0"/>
</pin_list>
<bind>
<opcode="getelementptr(29) " fcode="getelementptr"/>
<opset="V_V_1_addr_1/1 "/>
</bind>
</comp>

<comp id="146" class="1004" name="V_V_2_addr_gep_fu_146">
<pin_list>
<pin id="147" dir="0" index="0" bw="16" slack="0"/>
<pin id="148" dir="0" index="1" bw="1" slack="0"/>
<pin id="149" dir="0" index="2" bw="2" slack="0"/>
<pin id="150" dir="1" index="3" bw="6" slack="0"/>
</pin_list>
<bind>
<opcode="getelementptr(29) " fcode="getelementptr"/>
<opset="V_V_2_addr/1 "/>
</bind>
</comp>

<comp id="153" class="1004" name="V_V_2_addr_1_gep_fu_153">
<pin_list>
<pin id="154" dir="0" index="0" bw="16" slack="0"/>
<pin id="155" dir="0" index="1" bw="1" slack="0"/>
<pin id="156" dir="0" index="2" bw="3" slack="0"/>
<pin id="157" dir="1" index="3" bw="6" slack="0"/>
</pin_list>
<bind>
<opcode="getelementptr(29) " fcode="getelementptr"/>
<opset="V_V_2_addr_1/1 "/>
</bind>
</comp>

<comp id="160" class="1004" name="V_V_3_addr_gep_fu_160">
<pin_list>
<pin id="161" dir="0" index="0" bw="16" slack="0"/>
<pin id="162" dir="0" index="1" bw="1" slack="0"/>
<pin id="163" dir="0" index="2" bw="2" slack="0"/>
<pin id="164" dir="1" index="3" bw="6" slack="0"/>
</pin_list>
<bind>
<opcode="getelementptr(29) " fcode="getelementptr"/>
<opset="V_V_3_addr/1 "/>
</bind>
</comp>

<comp id="167" class="1004" name="V_V_3_addr_1_gep_fu_167">
<pin_list>
<pin id="168" dir="0" index="0" bw="16" slack="0"/>
<pin id="169" dir="0" index="1" bw="1" slack="0"/>
<pin id="170" dir="0" index="2" bw="3" slack="0"/>
<pin id="171" dir="1" index="3" bw="6" slack="0"/>
</pin_list>
<bind>
<opcode="getelementptr(29) " fcode="getelementptr"/>
<opset="V_V_3_addr_1/1 "/>
</bind>
</comp>

<comp id="174" class="1004" name="grp_access_fu_174">
<pin_list>
<pin id="175" dir="0" index="0" bw="6" slack="0"/>
<pin id="176" dir="0" index="1" bw="16" slack="2147483647"/>
<pin id="177" dir="0" index="2" bw="0" slack="0"/>
<pin id="179" dir="0" index="4" bw="6" slack="2147483647"/>
<pin id="180" dir="0" index="5" bw="16" slack="2147483647"/>
<pin id="181" dir="0" index="6" bw="0" slack="2147483647"/>
<pin id="178" dir="1" index="3" bw="16" slack="0"/>
<pin id="182" dir="1" index="7" bw="16" slack="0"/>
</pin_list>
<bind>
<opcode="load(27) " fcode="load"/>
<opset="V_V_load/1 V_V_load_1/1 V_V_load_2/2 V_V_load_3/2 V_V_load_4/3 V_V_load_5/3 V_V_load_6/4 V_V_load_7/4 V_V_load_8/5 V_V_load_9/5 V_V_load_10/6 V_V_load_11/14 V_V_load_12/15 V_V_load_13/15 V_V_load_14/16 V_V_load_15/16 "/>
</bind>
</comp>

<comp id="184" class="1004" name="grp_access_fu_184">
<pin_list>
<pin id="185" dir="0" index="0" bw="6" slack="0"/>
<pin id="186" dir="0" index="1" bw="16" slack="2147483647"/>
<pin id="187" dir="0" index="2" bw="0" slack="0"/>
<pin id="189" dir="0" index="4" bw="6" slack="2147483647"/>
<pin id="190" dir="0" index="5" bw="16" slack="2147483647"/>
<pin id="191" dir="0" index="6" bw="0" slack="2147483647"/>
<pin id="188" dir="1" index="3" bw="16" slack="0"/>
<pin id="192" dir="1" index="7" bw="16" slack="0"/>
</pin_list>
<bind>
<opcode="load(27) " fcode="load"/>
<opset="V_V_1_load/1 V_V_1_load_1/1 V_V_1_load_2/2 V_V_1_load_3/2 V_V_1_load_4/3 V_V_1_load_5/3 V_V_1_load_6/4 V_V_1_load_7/4 V_V_1_load_8/5 V_V_1_load_9/5 V_V_1_load_10/6 V_V_1_load_11/14 V_V_1_load_12/15 V_V_1_load_13/15 V_V_1_load_14/16 V_V_1_load_15/16 "/>
</bind>
</comp>

<comp id="194" class="1004" name="grp_access_fu_194">
<pin_list>
<pin id="195" dir="0" index="0" bw="6" slack="0"/>
<pin id="196" dir="0" index="1" bw="16" slack="2147483647"/>
<pin id="197" dir="0" index="2" bw="0" slack="0"/>
<pin id="199" dir="0" index="4" bw="6" slack="2147483647"/>
<pin id="200" dir="0" index="5" bw="16" slack="2147483647"/>
<pin id="201" dir="0" index="6" bw="0" slack="2147483647"/>
<pin id="198" dir="1" index="3" bw="16" slack="0"/>
<pin id="202" dir="1" index="7" bw="16" slack="0"/>
</pin_list>
<bind>
<opcode="load(27) " fcode="load"/>
<opset="V_V_2_load/1 V_V_2_load_1/1 V_V_2_load_2/2 V_V_2_load_3/2 V_V_2_load_4/3 V_V_2_load_5/3 V_V_2_load_6/4 V_V_2_load_7/4 V_V_2_load_8/5 V_V_2_load_9/5 V_V_2_load_10/6 V_V_2_load_11/14 V_V_2_load_12/15 V_V_2_load_13/15 V_V_2_load_14/16 V_V_2_load_15/16 "/>
</bind>
</comp>

<comp id="204" class="1004" name="grp_access_fu_204">
<pin_list>
<pin id="205" dir="0" index="0" bw="6" slack="0"/>
<pin id="206" dir="0" index="1" bw="16" slack="2147483647"/>
<pin id="207" dir="0" index="2" bw="0" slack="0"/>
<pin id="209" dir="0" index="4" bw="6" slack="2147483647"/>
<pin id="210" dir="0" index="5" bw="16" slack="2147483647"/>
<pin id="211" dir="0" index="6" bw="0" slack="2147483647"/>
<pin id="208" dir="1" index="3" bw="16" slack="0"/>
<pin id="212" dir="1" index="7" bw="16" slack="0"/>
</pin_list>
<bind>
<opcode="load(27) " fcode="load"/>
<opset="V_V_3_load/1 V_V_3_load_1/1 V_V_3_load_2/2 V_V_3_load_3/2 V_V_3_load_4/3 V_V_3_load_5/3 V_V_3_load_6/4 V_V_3_load_7/4 V_V_3_load_8/5 V_V_3_load_9/5 V_V_3_load_10/6 V_V_3_load_11/14 V_V_3_load_12/15 V_V_3_load_13/15 V_V_3_load_14/16 V_V_3_load_15/16 "/>
</bind>
</comp>

<comp id="218" class="1004" name="K_V_addr_gep_fu_218">
<pin_list>
<pin id="219" dir="0" index="0" bw="16" slack="0"/>
<pin id="220" dir="0" index="1" bw="1" slack="0"/>
<pin id="221" dir="0" index="2" bw="2" slack="0"/>
<pin id="222" dir="1" index="3" bw="6" slack="0"/>
</pin_list>
<bind>
<opcode="getelementptr(29) " fcode="getelementptr"/>
<opset="K_V_addr/2 "/>
</bind>
</comp>

<comp id="225" class="1004" name="K_V_addr_4_gep_fu_225">
<pin_list>
<pin id="226" dir="0" index="0" bw="16" slack="0"/>
<pin id="227" dir="0" index="1" bw="1" slack="0"/>
<pin id="228" dir="0" index="2" bw="3" slack="0"/>
<pin id="229" dir="1" index="3" bw="6" slack="0"/>
</pin_list>
<bind>
<opcode="getelementptr(29) " fcode="getelementptr"/>
<opset="K_V_addr_4/2 "/>
</bind>
</comp>

<comp id="232" class="1004" name="K_V_1_addr_gep_fu_232">
<pin_list>
<pin id="233" dir="0" index="0" bw="16" slack="0"/>
<pin id="234" dir="0" index="1" bw="1" slack="0"/>
<pin id="235" dir="0" index="2" bw="2" slack="0"/>
<pin id="236" dir="1" index="3" bw="6" slack="0"/>
</pin_list>
<bind>
<opcode="getelementptr(29) " fcode="getelementptr"/>
<opset="K_V_1_addr/2 "/>
</bind>
</comp>

<comp id="239" class="1004" name="K_V_1_addr_4_gep_fu_239">
<pin_list>
<pin id="240" dir="0" index="0" bw="16" slack="0"/>
<pin id="241" dir="0" index="1" bw="1" slack="0"/>
<pin id="242" dir="0" index="2" bw="3" slack="0"/>
<pin id="243" dir="1" index="3" bw="6" slack="0"/>
</pin_list>
<bind>
<opcode="getelementptr(29) " fcode="getelementptr"/>
<opset="K_V_1_addr_4/2 "/>
</bind>
</comp>

<comp id="246" class="1004" name="K_V_2_addr_gep_fu_246">
<pin_list>
<pin id="247" dir="0" index="0" bw="16" slack="0"/>
<pin id="248" dir="0" index="1" bw="1" slack="0"/>
<pin id="249" dir="0" index="2" bw="2" slack="0"/>
<pin id="250" dir="1" index="3" bw="6" slack="0"/>
</pin_list>
<bind>
<opcode="getelementptr(29) " fcode="getelementptr"/>
<opset="K_V_2_addr/2 "/>
</bind>
</comp>

<comp id="253" class="1004" name="K_V_2_addr_4_gep_fu_253">
<pin_list>
<pin id="254" dir="0" index="0" bw="16" slack="0"/>
<pin id="255" dir="0" index="1" bw="1" slack="0"/>
<pin id="256" dir="0" index="2" bw="3" slack="0"/>
<pin id="257" dir="1" index="3" bw="6" slack="0"/>
</pin_list>
<bind>
<opcode="getelementptr(29) " fcode="getelementptr"/>
<opset="K_V_2_addr_4/2 "/>
</bind>
</comp>

<comp id="260" class="1004" name="K_V_3_addr_gep_fu_260">
<pin_list>
<pin id="261" dir="0" index="0" bw="16" slack="0"/>
<pin id="262" dir="0" index="1" bw="1" slack="0"/>
<pin id="263" dir="0" index="2" bw="2" slack="0"/>
<pin id="264" dir="1" index="3" bw="6" slack="0"/>
</pin_list>
<bind>
<opcode="getelementptr(29) " fcode="getelementptr"/>
<opset="K_V_3_addr/2 "/>
</bind>
</comp>

<comp id="267" class="1004" name="K_V_3_addr_4_gep_fu_267">
<pin_list>
<pin id="268" dir="0" index="0" bw="16" slack="0"/>
<pin id="269" dir="0" index="1" bw="1" slack="0"/>
<pin id="270" dir="0" index="2" bw="3" slack="0"/>
<pin id="271" dir="1" index="3" bw="6" slack="0"/>
</pin_list>
<bind>
<opcode="getelementptr(29) " fcode="getelementptr"/>
<opset="K_V_3_addr_4/2 "/>
</bind>
</comp>

<comp id="274" class="1004" name="grp_access_fu_274">
<pin_list>
<pin id="275" dir="0" index="0" bw="6" slack="0"/>
<pin id="276" dir="0" index="1" bw="16" slack="2147483647"/>
<pin id="277" dir="0" index="2" bw="0" slack="0"/>
<pin id="279" dir="0" index="4" bw="6" slack="2147483647"/>
<pin id="280" dir="0" index="5" bw="16" slack="2147483647"/>
<pin id="281" dir="0" index="6" bw="0" slack="2147483647"/>
<pin id="278" dir="1" index="3" bw="16" slack="0"/>
<pin id="282" dir="1" index="7" bw="16" slack="0"/>
</pin_list>
<bind>
<opcode="load(27) " fcode="load"/>
<opset="K_V_load/2 K_V_load_1/2 K_V_load_16/2 K_V_load_17/2 K_V_load_2/3 K_V_load_3/3 K_V_load_18/3 K_V_load_19/3 K_V_load_4/4 K_V_load_5/4 K_V_load_20/4 K_V_load_21/4 K_V_load_6/5 K_V_load_7/5 K_V_load_22/5 K_V_load_23/5 K_V_load_8/6 K_V_load_9/6 K_V_load_24/6 K_V_load_25/6 K_V_load_10/7 K_V_load_11/7 K_V_load_26/7 K_V_load_27/7 K_V_load_12/8 K_V_load_28/8 K_V_load_13/16 K_V_load_29/16 K_V_load_14/17 K_V_load_15/17 K_V_load_30/17 K_V_load_31/17 "/>
</bind>
</comp>

<comp id="284" class="1004" name="grp_access_fu_284">
<pin_list>
<pin id="285" dir="0" index="0" bw="6" slack="0"/>
<pin id="286" dir="0" index="1" bw="16" slack="2147483647"/>
<pin id="287" dir="0" index="2" bw="0" slack="0"/>
<pin id="289" dir="0" index="4" bw="6" slack="2147483647"/>
<pin id="290" dir="0" index="5" bw="16" slack="2147483647"/>
<pin id="291" dir="0" index="6" bw="0" slack="2147483647"/>
<pin id="288" dir="1" index="3" bw="16" slack="0"/>
<pin id="292" dir="1" index="7" bw="16" slack="0"/>
</pin_list>
<bind>
<opcode="load(27) " fcode="load"/>
<opset="K_V_1_load/2 K_V_1_load_1/2 K_V_1_load_16/2 K_V_1_load_17/2 K_V_1_load_2/3 K_V_1_load_3/3 K_V_1_load_18/3 K_V_1_load_19/3 K_V_1_load_4/4 K_V_1_load_5/4 K_V_1_load_20/4 K_V_1_load_21/4 K_V_1_load_6/5 K_V_1_load_7/5 K_V_1_load_22/5 K_V_1_load_23/5 K_V_1_load_8/6 K_V_1_load_9/6 K_V_1_load_24/6 K_V_1_load_25/6 K_V_1_load_10/7 K_V_1_load_11/7 K_V_1_load_26/7 K_V_1_load_27/7 K_V_1_load_12/8 K_V_1_load_28/8 K_V_1_load_13/16 K_V_1_load_29/16 K_V_1_load_14/17 K_V_1_load_15/17 K_V_1_load_30/17 K_V_1_load_31/17 "/>
</bind>
</comp>

<comp id="294" class="1004" name="grp_access_fu_294">
<pin_list>
<pin id="295" dir="0" index="0" bw="6" slack="0"/>
<pin id="296" dir="0" index="1" bw="16" slack="2147483647"/>
<pin id="297" dir="0" index="2" bw="0" slack="0"/>
<pin id="299" dir="0" index="4" bw="6" slack="2147483647"/>
<pin id="300" dir="0" index="5" bw="16" slack="2147483647"/>
<pin id="301" dir="0" index="6" bw="0" slack="2147483647"/>
<pin id="298" dir="1" index="3" bw="16" slack="0"/>
<pin id="302" dir="1" index="7" bw="16" slack="0"/>
</pin_list>
<bind>
<opcode="load(27) " fcode="load"/>
<opset="K_V_2_load/2 K_V_2_load_1/2 K_V_2_load_16/2 K_V_2_load_17/2 K_V_2_load_2/3 K_V_2_load_3/3 K_V_2_load_18/3 K_V_2_load_19/3 K_V_2_load_4/4 K_V_2_load_5/4 K_V_2_load_20/4 K_V_2_load_21/4 K_V_2_load_6/5 K_V_2_load_7/5 K_V_2_load_22/5 K_V_2_load_23/5 K_V_2_load_8/6 K_V_2_load_9/6 K_V_2_load_24/6 K_V_2_load_25/6 K_V_2_load_10/7 K_V_2_load_11/7 K_V_2_load_26/7 K_V_2_load_27/7 K_V_2_load_12/8 K_V_2_load_28/8 K_V_2_load_13/16 K_V_2_load_29/16 K_V_2_load_14/17 K_V_2_load_15/17 K_V_2_load_30/17 K_V_2_load_31/17 "/>
</bind>
</comp>

<comp id="304" class="1004" name="grp_access_fu_304">
<pin_list>
<pin id="305" dir="0" index="0" bw="6" slack="0"/>
<pin id="306" dir="0" index="1" bw="16" slack="2147483647"/>
<pin id="307" dir="0" index="2" bw="0" slack="0"/>
<pin id="309" dir="0" index="4" bw="6" slack="2147483647"/>
<pin id="310" dir="0" index="5" bw="16" slack="2147483647"/>
<pin id="311" dir="0" index="6" bw="0" slack="2147483647"/>
<pin id="308" dir="1" index="3" bw="16" slack="0"/>
<pin id="312" dir="1" index="7" bw="16" slack="0"/>
</pin_list>
<bind>
<opcode="load(27) " fcode="load"/>
<opset="K_V_3_load/2 K_V_3_load_1/2 K_V_3_load_16/2 K_V_3_load_17/2 K_V_3_load_2/3 K_V_3_load_3/3 K_V_3_load_18/3 K_V_3_load_19/3 K_V_3_load_4/4 K_V_3_load_5/4 K_V_3_load_20/4 K_V_3_load_21/4 K_V_3_load_6/5 K_V_3_load_7/5 K_V_3_load_22/5 K_V_3_load_23/5 K_V_3_load_8/6 K_V_3_load_9/6 K_V_3_load_24/6 K_V_3_load_25/6 K_V_3_load_10/7 K_V_3_load_11/7 K_V_3_load_26/7 K_V_3_load_27/7 K_V_3_load_12/8 K_V_3_load_28/8 K_V_3_load_13/16 K_V_3_load_29/16 K_V_3_load_14/17 K_V_3_load_15/17 K_V_3_load_30/17 K_V_3_load_31/17 "/>
</bind>
</comp>

<comp id="318" class="1004" name="K_V_addr_19_gep_fu_318">
<pin_list>
<pin id="319" dir="0" index="0" bw="16" slack="0"/>
<pin id="320" dir="0" index="1" bw="1" slack="0"/>
<pin id="321" dir="0" index="2" bw="2" slack="0"/>
<pin id="322" dir="1" index="3" bw="6" slack="0"/>
</pin_list>
<bind>
<opcode="getelementptr(29) " fcode="getelementptr"/>
<opset="K_V_addr_19/2 "/>
</bind>
</comp>

<comp id="325" class="1004" name="K_V_addr_20_gep_fu_325">
<pin_list>
<pin id="326" dir="0" index="0" bw="16" slack="0"/>
<pin id="327" dir="0" index="1" bw="1" slack="0"/>
<pin id="328" dir="0" index="2" bw="3" slack="0"/>
<pin id="329" dir="1" index="3" bw="6" slack="0"/>
</pin_list>
<bind>
<opcode="getelementptr(29) " fcode="getelementptr"/>
<opset="K_V_addr_20/2 "/>
</bind>
</comp>

<comp id="332" class="1004" name="K_V_1_addr_19_gep_fu_332">
<pin_list>
<pin id="333" dir="0" index="0" bw="16" slack="0"/>
<pin id="334" dir="0" index="1" bw="1" slack="0"/>
<pin id="335" dir="0" index="2" bw="2" slack="0"/>
<pin id="336" dir="1" index="3" bw="6" slack="0"/>
</pin_list>
<bind>
<opcode="getelementptr(29) " fcode="getelementptr"/>
<opset="K_V_1_addr_19/2 "/>
</bind>
</comp>

<comp id="339" class="1004" name="K_V_1_addr_20_gep_fu_339">
<pin_list>
<pin id="340" dir="0" index="0" bw="16" slack="0"/>
<pin id="341" dir="0" index="1" bw="1" slack="0"/>
<pin id="342" dir="0" index="2" bw="3" slack="0"/>
<pin id="343" dir="1" index="3" bw="6" slack="0"/>
</pin_list>
<bind>
<opcode="getelementptr(29) " fcode="getelementptr"/>
<opset="K_V_1_addr_20/2 "/>
</bind>
</comp>

<comp id="346" class="1004" name="K_V_2_addr_19_gep_fu_346">
<pin_list>
<pin id="347" dir="0" index="0" bw="16" slack="0"/>
<pin id="348" dir="0" index="1" bw="1" slack="0"/>
<pin id="349" dir="0" index="2" bw="2" slack="0"/>
<pin id="350" dir="1" index="3" bw="6" slack="0"/>
</pin_list>
<bind>
<opcode="getelementptr(29) " fcode="getelementptr"/>
<opset="K_V_2_addr_19/2 "/>
</bind>
</comp>

<comp id="353" class="1004" name="K_V_2_addr_20_gep_fu_353">
<pin_list>
<pin id="354" dir="0" index="0" bw="16" slack="0"/>
<pin id="355" dir="0" index="1" bw="1" slack="0"/>
<pin id="356" dir="0" index="2" bw="3" slack="0"/>
<pin id="357" dir="1" index="3" bw="6" slack="0"/>
</pin_list>
<bind>
<opcode="getelementptr(29) " fcode="getelementptr"/>
<opset="K_V_2_addr_20/2 "/>
</bind>
</comp>

<comp id="360" class="1004" name="K_V_3_addr_19_gep_fu_360">
<pin_list>
<pin id="361" dir="0" index="0" bw="16" slack="0"/>
<pin id="362" dir="0" index="1" bw="1" slack="0"/>
<pin id="363" dir="0" index="2" bw="2" slack="0"/>
<pin id="364" dir="1" index="3" bw="6" slack="0"/>
</pin_list>
<bind>
<opcode="getelementptr(29) " fcode="getelementptr"/>
<opset="K_V_3_addr_19/2 "/>
</bind>
</comp>

<comp id="367" class="1004" name="K_V_3_addr_20_gep_fu_367">
<pin_list>
<pin id="368" dir="0" index="0" bw="16" slack="0"/>
<pin id="369" dir="0" index="1" bw="1" slack="0"/>
<pin id="370" dir="0" index="2" bw="3" slack="0"/>
<pin id="371" dir="1" index="3" bw="6" slack="0"/>
</pin_list>
<bind>
<opcode="getelementptr(29) " fcode="getelementptr"/>
<opset="K_V_3_addr_20/2 "/>
</bind>
</comp>

<comp id="382" class="1004" name="V_V_addr_2_gep_fu_382">
<pin_list>
<pin id="383" dir="0" index="0" bw="16" slack="0"/>
<pin id="384" dir="0" index="1" bw="1" slack="0"/>
<pin id="385" dir="0" index="2" bw="4" slack="0"/>
<pin id="386" dir="1" index="3" bw="6" slack="0"/>
</pin_list>
<bind>
<opcode="getelementptr(29) " fcode="getelementptr"/>
<opset="V_V_addr_2/2 "/>
</bind>
</comp>

<comp id="389" class="1004" name="V_V_addr_3_gep_fu_389">
<pin_list>
<pin id="390" dir="0" index="0" bw="16" slack="0"/>
<pin id="391" dir="0" index="1" bw="1" slack="0"/>
<pin id="392" dir="0" index="2" bw="4" slack="0"/>
<pin id="393" dir="1" index="3" bw="6" slack="0"/>
</pin_list>
<bind>
<opcode="getelementptr(29) " fcode="getelementptr"/>
<opset="V_V_addr_3/2 "/>
</bind>
</comp>

<comp id="396" class="1004" name="V_V_1_addr_2_gep_fu_396">
<pin_list>
<pin id="397" dir="0" index="0" bw="16" slack="0"/>
<pin id="398" dir="0" index="1" bw="1" slack="0"/>
<pin id="399" dir="0" index="2" bw="4" slack="0"/>
<pin id="400" dir="1" index="3" bw="6" slack="0"/>
</pin_list>
<bind>
<opcode="getelementptr(29) " fcode="getelementptr"/>
<opset="V_V_1_addr_2/2 "/>
</bind>
</comp>

<comp id="403" class="1004" name="V_V_1_addr_3_gep_fu_403">
<pin_list>
<pin id="404" dir="0" index="0" bw="16" slack="0"/>
<pin id="405" dir="0" index="1" bw="1" slack="0"/>
<pin id="406" dir="0" index="2" bw="4" slack="0"/>
<pin id="407" dir="1" index="3" bw="6" slack="0"/>
</pin_list>
<bind>
<opcode="getelementptr(29) " fcode="getelementptr"/>
<opset="V_V_1_addr_3/2 "/>
</bind>
</comp>

<comp id="410" class="1004" name="V_V_2_addr_2_gep_fu_410">
<pin_list>
<pin id="411" dir="0" index="0" bw="16" slack="0"/>
<pin id="412" dir="0" index="1" bw="1" slack="0"/>
<pin id="413" dir="0" index="2" bw="4" slack="0"/>
<pin id="414" dir="1" index="3" bw="6" slack="0"/>
</pin_list>
<bind>
<opcode="getelementptr(29) " fcode="getelementptr"/>
<opset="V_V_2_addr_2/2 "/>
</bind>
</comp>

<comp id="417" class="1004" name="V_V_2_addr_3_gep_fu_417">
<pin_list>
<pin id="418" dir="0" index="0" bw="16" slack="0"/>
<pin id="419" dir="0" index="1" bw="1" slack="0"/>
<pin id="420" dir="0" index="2" bw="4" slack="0"/>
<pin id="421" dir="1" index="3" bw="6" slack="0"/>
</pin_list>
<bind>
<opcode="getelementptr(29) " fcode="getelementptr"/>
<opset="V_V_2_addr_3/2 "/>
</bind>
</comp>

<comp id="424" class="1004" name="V_V_3_addr_2_gep_fu_424">
<pin_list>
<pin id="425" dir="0" index="0" bw="16" slack="0"/>
<pin id="426" dir="0" index="1" bw="1" slack="0"/>
<pin id="427" dir="0" index="2" bw="4" slack="0"/>
<pin id="428" dir="1" index="3" bw="6" slack="0"/>
</pin_list>
<bind>
<opcode="getelementptr(29) " fcode="getelementptr"/>
<opset="V_V_3_addr_2/2 "/>
</bind>
</comp>

<comp id="431" class="1004" name="V_V_3_addr_3_gep_fu_431">
<pin_list>
<pin id="432" dir="0" index="0" bw="16" slack="0"/>
<pin id="433" dir="0" index="1" bw="1" slack="0"/>
<pin id="434" dir="0" index="2" bw="4" slack="0"/>
<pin id="435" dir="1" index="3" bw="6" slack="0"/>
</pin_list>
<bind>
<opcode="getelementptr(29) " fcode="getelementptr"/>
<opset="V_V_3_addr_3/2 "/>
</bind>
</comp>

<comp id="446" class="1004" name="K_V_addr_5_gep_fu_446">
<pin_list>
<pin id="447" dir="0" index="0" bw="16" slack="0"/>
<pin id="448" dir="0" index="1" bw="1" slack="0"/>
<pin id="449" dir="0" index="2" bw="4" slack="0"/>
<pin id="450" dir="1" index="3" bw="6" slack="0"/>
</pin_list>
<bind>
<opcode="getelementptr(29) " fcode="getelementptr"/>
<opset="K_V_addr_5/3 "/>
</bind>
</comp>

<comp id="453" class="1004" name="K_V_addr_6_gep_fu_453">
<pin_list>
<pin id="454" dir="0" index="0" bw="16" slack="0"/>
<pin id="455" dir="0" index="1" bw="1" slack="0"/>
<pin id="456" dir="0" index="2" bw="4" slack="0"/>
<pin id="457" dir="1" index="3" bw="6" slack="0"/>
</pin_list>
<bind>
<opcode="getelementptr(29) " fcode="getelementptr"/>
<opset="K_V_addr_6/3 "/>
</bind>
</comp>

<comp id="460" class="1004" name="K_V_1_addr_5_gep_fu_460">
<pin_list>
<pin id="461" dir="0" index="0" bw="16" slack="0"/>
<pin id="462" dir="0" index="1" bw="1" slack="0"/>
<pin id="463" dir="0" index="2" bw="4" slack="0"/>
<pin id="464" dir="1" index="3" bw="6" slack="0"/>
</pin_list>
<bind>
<opcode="getelementptr(29) " fcode="getelementptr"/>
<opset="K_V_1_addr_5/3 "/>
</bind>
</comp>

<comp id="467" class="1004" name="K_V_1_addr_6_gep_fu_467">
<pin_list>
<pin id="468" dir="0" index="0" bw="16" slack="0"/>
<pin id="469" dir="0" index="1" bw="1" slack="0"/>
<pin id="470" dir="0" index="2" bw="4" slack="0"/>
<pin id="471" dir="1" index="3" bw="6" slack="0"/>
</pin_list>
<bind>
<opcode="getelementptr(29) " fcode="getelementptr"/>
<opset="K_V_1_addr_6/3 "/>
</bind>
</comp>

<comp id="474" class="1004" name="K_V_2_addr_5_gep_fu_474">
<pin_list>
<pin id="475" dir="0" index="0" bw="16" slack="0"/>
<pin id="476" dir="0" index="1" bw="1" slack="0"/>
<pin id="477" dir="0" index="2" bw="4" slack="0"/>
<pin id="478" dir="1" index="3" bw="6" slack="0"/>
</pin_list>
<bind>
<opcode="getelementptr(29) " fcode="getelementptr"/>
<opset="K_V_2_addr_5/3 "/>
</bind>
</comp>

<comp id="481" class="1004" name="K_V_2_addr_6_gep_fu_481">
<pin_list>
<pin id="482" dir="0" index="0" bw="16" slack="0"/>
<pin id="483" dir="0" index="1" bw="1" slack="0"/>
<pin id="484" dir="0" index="2" bw="4" slack="0"/>
<pin id="485" dir="1" index="3" bw="6" slack="0"/>
</pin_list>
<bind>
<opcode="getelementptr(29) " fcode="getelementptr"/>
<opset="K_V_2_addr_6/3 "/>
</bind>
</comp>

<comp id="488" class="1004" name="K_V_3_addr_5_gep_fu_488">
<pin_list>
<pin id="489" dir="0" index="0" bw="16" slack="0"/>
<pin id="490" dir="0" index="1" bw="1" slack="0"/>
<pin id="491" dir="0" index="2" bw="4" slack="0"/>
<pin id="492" dir="1" index="3" bw="6" slack="0"/>
</pin_list>
<bind>
<opcode="getelementptr(29) " fcode="getelementptr"/>
<opset="K_V_3_addr_5/3 "/>
</bind>
</comp>

<comp id="495" class="1004" name="K_V_3_addr_6_gep_fu_495">
<pin_list>
<pin id="496" dir="0" index="0" bw="16" slack="0"/>
<pin id="497" dir="0" index="1" bw="1" slack="0"/>
<pin id="498" dir="0" index="2" bw="4" slack="0"/>
<pin id="499" dir="1" index="3" bw="6" slack="0"/>
</pin_list>
<bind>
<opcode="getelementptr(29) " fcode="getelementptr"/>
<opset="K_V_3_addr_6/3 "/>
</bind>
</comp>

<comp id="510" class="1004" name="K_V_addr_21_gep_fu_510">
<pin_list>
<pin id="511" dir="0" index="0" bw="16" slack="0"/>
<pin id="512" dir="0" index="1" bw="1" slack="0"/>
<pin id="513" dir="0" index="2" bw="4" slack="0"/>
<pin id="514" dir="1" index="3" bw="6" slack="0"/>
</pin_list>
<bind>
<opcode="getelementptr(29) " fcode="getelementptr"/>
<opset="K_V_addr_21/3 "/>
</bind>
</comp>

<comp id="517" class="1004" name="K_V_addr_22_gep_fu_517">
<pin_list>
<pin id="518" dir="0" index="0" bw="16" slack="0"/>
<pin id="519" dir="0" index="1" bw="1" slack="0"/>
<pin id="520" dir="0" index="2" bw="4" slack="0"/>
<pin id="521" dir="1" index="3" bw="6" slack="0"/>
</pin_list>
<bind>
<opcode="getelementptr(29) " fcode="getelementptr"/>
<opset="K_V_addr_22/3 "/>
</bind>
</comp>

<comp id="524" class="1004" name="K_V_1_addr_21_gep_fu_524">
<pin_list>
<pin id="525" dir="0" index="0" bw="16" slack="0"/>
<pin id="526" dir="0" index="1" bw="1" slack="0"/>
<pin id="527" dir="0" index="2" bw="4" slack="0"/>
<pin id="528" dir="1" index="3" bw="6" slack="0"/>
</pin_list>
<bind>
<opcode="getelementptr(29) " fcode="getelementptr"/>
<opset="K_V_1_addr_21/3 "/>
</bind>
</comp>

<comp id="531" class="1004" name="K_V_1_addr_22_gep_fu_531">
<pin_list>
<pin id="532" dir="0" index="0" bw="16" slack="0"/>
<pin id="533" dir="0" index="1" bw="1" slack="0"/>
<pin id="534" dir="0" index="2" bw="4" slack="0"/>
<pin id="535" dir="1" index="3" bw="6" slack="0"/>
</pin_list>
<bind>
<opcode="getelementptr(29) " fcode="getelementptr"/>
<opset="K_V_1_addr_22/3 "/>
</bind>
</comp>

<comp id="538" class="1004" name="K_V_2_addr_21_gep_fu_538">
<pin_list>
<pin id="539" dir="0" index="0" bw="16" slack="0"/>
<pin id="540" dir="0" index="1" bw="1" slack="0"/>
<pin id="541" dir="0" index="2" bw="4" slack="0"/>
<pin id="542" dir="1" index="3" bw="6" slack="0"/>
</pin_list>
<bind>
<opcode="getelementptr(29) " fcode="getelementptr"/>
<opset="K_V_2_addr_21/3 "/>
</bind>
</comp>

<comp id="545" class="1004" name="K_V_2_addr_22_gep_fu_545">
<pin_list>
<pin id="546" dir="0" index="0" bw="16" slack="0"/>
<pin id="547" dir="0" index="1" bw="1" slack="0"/>
<pin id="548" dir="0" index="2" bw="4" slack="0"/>
<pin id="549" dir="1" index="3" bw="6" slack="0"/>
</pin_list>
<bind>
<opcode="getelementptr(29) " fcode="getelementptr"/>
<opset="K_V_2_addr_22/3 "/>
</bind>
</comp>

<comp id="552" class="1004" name="K_V_3_addr_21_gep_fu_552">
<pin_list>
<pin id="553" dir="0" index="0" bw="16" slack="0"/>
<pin id="554" dir="0" index="1" bw="1" slack="0"/>
<pin id="555" dir="0" index="2" bw="4" slack="0"/>
<pin id="556" dir="1" index="3" bw="6" slack="0"/>
</pin_list>
<bind>
<opcode="getelementptr(29) " fcode="getelementptr"/>
<opset="K_V_3_addr_21/3 "/>
</bind>
</comp>

<comp id="559" class="1004" name="K_V_3_addr_22_gep_fu_559">
<pin_list>
<pin id="560" dir="0" index="0" bw="16" slack="0"/>
<pin id="561" dir="0" index="1" bw="1" slack="0"/>
<pin id="562" dir="0" index="2" bw="4" slack="0"/>
<pin id="563" dir="1" index="3" bw="6" slack="0"/>
</pin_list>
<bind>
<opcode="getelementptr(29) " fcode="getelementptr"/>
<opset="K_V_3_addr_22/3 "/>
</bind>
</comp>

<comp id="574" class="1004" name="V_V_addr_4_gep_fu_574">
<pin_list>
<pin id="575" dir="0" index="0" bw="16" slack="0"/>
<pin id="576" dir="0" index="1" bw="1" slack="0"/>
<pin id="577" dir="0" index="2" bw="5" slack="0"/>
<pin id="578" dir="1" index="3" bw="6" slack="0"/>
</pin_list>
<bind>
<opcode="getelementptr(29) " fcode="getelementptr"/>
<opset="V_V_addr_4/3 "/>
</bind>
</comp>

<comp id="581" class="1004" name="V_V_addr_5_gep_fu_581">
<pin_list>
<pin id="582" dir="0" index="0" bw="16" slack="0"/>
<pin id="583" dir="0" index="1" bw="1" slack="0"/>
<pin id="584" dir="0" index="2" bw="5" slack="0"/>
<pin id="585" dir="1" index="3" bw="6" slack="0"/>
</pin_list>
<bind>
<opcode="getelementptr(29) " fcode="getelementptr"/>
<opset="V_V_addr_5/3 "/>
</bind>
</comp>

<comp id="588" class="1004" name="V_V_1_addr_4_gep_fu_588">
<pin_list>
<pin id="589" dir="0" index="0" bw="16" slack="0"/>
<pin id="590" dir="0" index="1" bw="1" slack="0"/>
<pin id="591" dir="0" index="2" bw="5" slack="0"/>
<pin id="592" dir="1" index="3" bw="6" slack="0"/>
</pin_list>
<bind>
<opcode="getelementptr(29) " fcode="getelementptr"/>
<opset="V_V_1_addr_4/3 "/>
</bind>
</comp>

<comp id="595" class="1004" name="V_V_1_addr_5_gep_fu_595">
<pin_list>
<pin id="596" dir="0" index="0" bw="16" slack="0"/>
<pin id="597" dir="0" index="1" bw="1" slack="0"/>
<pin id="598" dir="0" index="2" bw="5" slack="0"/>
<pin id="599" dir="1" index="3" bw="6" slack="0"/>
</pin_list>
<bind>
<opcode="getelementptr(29) " fcode="getelementptr"/>
<opset="V_V_1_addr_5/3 "/>
</bind>
</comp>

<comp id="602" class="1004" name="V_V_2_addr_4_gep_fu_602">
<pin_list>
<pin id="603" dir="0" index="0" bw="16" slack="0"/>
<pin id="604" dir="0" index="1" bw="1" slack="0"/>
<pin id="605" dir="0" index="2" bw="5" slack="0"/>
<pin id="606" dir="1" index="3" bw="6" slack="0"/>
</pin_list>
<bind>
<opcode="getelementptr(29) " fcode="getelementptr"/>
<opset="V_V_2_addr_4/3 "/>
</bind>
</comp>

<comp id="609" class="1004" name="V_V_2_addr_5_gep_fu_609">
<pin_list>
<pin id="610" dir="0" index="0" bw="16" slack="0"/>
<pin id="611" dir="0" index="1" bw="1" slack="0"/>
<pin id="612" dir="0" index="2" bw="5" slack="0"/>
<pin id="613" dir="1" index="3" bw="6" slack="0"/>
</pin_list>
<bind>
<opcode="getelementptr(29) " fcode="getelementptr"/>
<opset="V_V_2_addr_5/3 "/>
</bind>
</comp>

<comp id="616" class="1004" name="V_V_3_addr_4_gep_fu_616">
<pin_list>
<pin id="617" dir="0" index="0" bw="16" slack="0"/>
<pin id="618" dir="0" index="1" bw="1" slack="0"/>
<pin id="619" dir="0" index="2" bw="5" slack="0"/>
<pin id="620" dir="1" index="3" bw="6" slack="0"/>
</pin_list>
<bind>
<opcode="getelementptr(29) " fcode="getelementptr"/>
<opset="V_V_3_addr_4/3 "/>
</bind>
</comp>

<comp id="623" class="1004" name="V_V_3_addr_5_gep_fu_623">
<pin_list>
<pin id="624" dir="0" index="0" bw="16" slack="0"/>
<pin id="625" dir="0" index="1" bw="1" slack="0"/>
<pin id="626" dir="0" index="2" bw="5" slack="0"/>
<pin id="627" dir="1" index="3" bw="6" slack="0"/>
</pin_list>
<bind>
<opcode="getelementptr(29) " fcode="getelementptr"/>
<opset="V_V_3_addr_5/3 "/>
</bind>
</comp>

<comp id="638" class="1004" name="K_V_addr_7_gep_fu_638">
<pin_list>
<pin id="639" dir="0" index="0" bw="16" slack="0"/>
<pin id="640" dir="0" index="1" bw="1" slack="0"/>
<pin id="641" dir="0" index="2" bw="5" slack="0"/>
<pin id="642" dir="1" index="3" bw="6" slack="0"/>
</pin_list>
<bind>
<opcode="getelementptr(29) " fcode="getelementptr"/>
<opset="K_V_addr_7/4 "/>
</bind>
</comp>

<comp id="645" class="1004" name="K_V_addr_8_gep_fu_645">
<pin_list>
<pin id="646" dir="0" index="0" bw="16" slack="0"/>
<pin id="647" dir="0" index="1" bw="1" slack="0"/>
<pin id="648" dir="0" index="2" bw="5" slack="0"/>
<pin id="649" dir="1" index="3" bw="6" slack="0"/>
</pin_list>
<bind>
<opcode="getelementptr(29) " fcode="getelementptr"/>
<opset="K_V_addr_8/4 "/>
</bind>
</comp>

<comp id="652" class="1004" name="K_V_1_addr_7_gep_fu_652">
<pin_list>
<pin id="653" dir="0" index="0" bw="16" slack="0"/>
<pin id="654" dir="0" index="1" bw="1" slack="0"/>
<pin id="655" dir="0" index="2" bw="5" slack="0"/>
<pin id="656" dir="1" index="3" bw="6" slack="0"/>
</pin_list>
<bind>
<opcode="getelementptr(29) " fcode="getelementptr"/>
<opset="K_V_1_addr_7/4 "/>
</bind>
</comp>

<comp id="659" class="1004" name="K_V_1_addr_8_gep_fu_659">
<pin_list>
<pin id="660" dir="0" index="0" bw="16" slack="0"/>
<pin id="661" dir="0" index="1" bw="1" slack="0"/>
<pin id="662" dir="0" index="2" bw="5" slack="0"/>
<pin id="663" dir="1" index="3" bw="6" slack="0"/>
</pin_list>
<bind>
<opcode="getelementptr(29) " fcode="getelementptr"/>
<opset="K_V_1_addr_8/4 "/>
</bind>
</comp>

<comp id="666" class="1004" name="K_V_2_addr_7_gep_fu_666">
<pin_list>
<pin id="667" dir="0" index="0" bw="16" slack="0"/>
<pin id="668" dir="0" index="1" bw="1" slack="0"/>
<pin id="669" dir="0" index="2" bw="5" slack="0"/>
<pin id="670" dir="1" index="3" bw="6" slack="0"/>
</pin_list>
<bind>
<opcode="getelementptr(29) " fcode="getelementptr"/>
<opset="K_V_2_addr_7/4 "/>
</bind>
</comp>

<comp id="673" class="1004" name="K_V_2_addr_8_gep_fu_673">
<pin_list>
<pin id="674" dir="0" index="0" bw="16" slack="0"/>
<pin id="675" dir="0" index="1" bw="1" slack="0"/>
<pin id="676" dir="0" index="2" bw="5" slack="0"/>
<pin id="677" dir="1" index="3" bw="6" slack="0"/>
</pin_list>
<bind>
<opcode="getelementptr(29) " fcode="getelementptr"/>
<opset="K_V_2_addr_8/4 "/>
</bind>
</comp>

<comp id="680" class="1004" name="K_V_3_addr_7_gep_fu_680">
<pin_list>
<pin id="681" dir="0" index="0" bw="16" slack="0"/>
<pin id="682" dir="0" index="1" bw="1" slack="0"/>
<pin id="683" dir="0" index="2" bw="5" slack="0"/>
<pin id="684" dir="1" index="3" bw="6" slack="0"/>
</pin_list>
<bind>
<opcode="getelementptr(29) " fcode="getelementptr"/>
<opset="K_V_3_addr_7/4 "/>
</bind>
</comp>

<comp id="687" class="1004" name="K_V_3_addr_8_gep_fu_687">
<pin_list>
<pin id="688" dir="0" index="0" bw="16" slack="0"/>
<pin id="689" dir="0" index="1" bw="1" slack="0"/>
<pin id="690" dir="0" index="2" bw="5" slack="0"/>
<pin id="691" dir="1" index="3" bw="6" slack="0"/>
</pin_list>
<bind>
<opcode="getelementptr(29) " fcode="getelementptr"/>
<opset="K_V_3_addr_8/4 "/>
</bind>
</comp>

<comp id="702" class="1004" name="K_V_addr_23_gep_fu_702">
<pin_list>
<pin id="703" dir="0" index="0" bw="16" slack="0"/>
<pin id="704" dir="0" index="1" bw="1" slack="0"/>
<pin id="705" dir="0" index="2" bw="5" slack="0"/>
<pin id="706" dir="1" index="3" bw="6" slack="0"/>
</pin_list>
<bind>
<opcode="getelementptr(29) " fcode="getelementptr"/>
<opset="K_V_addr_23/4 "/>
</bind>
</comp>

<comp id="709" class="1004" name="K_V_addr_24_gep_fu_709">
<pin_list>
<pin id="710" dir="0" index="0" bw="16" slack="0"/>
<pin id="711" dir="0" index="1" bw="1" slack="0"/>
<pin id="712" dir="0" index="2" bw="5" slack="0"/>
<pin id="713" dir="1" index="3" bw="6" slack="0"/>
</pin_list>
<bind>
<opcode="getelementptr(29) " fcode="getelementptr"/>
<opset="K_V_addr_24/4 "/>
</bind>
</comp>

<comp id="716" class="1004" name="K_V_1_addr_23_gep_fu_716">
<pin_list>
<pin id="717" dir="0" index="0" bw="16" slack="0"/>
<pin id="718" dir="0" index="1" bw="1" slack="0"/>
<pin id="719" dir="0" index="2" bw="5" slack="0"/>
<pin id="720" dir="1" index="3" bw="6" slack="0"/>
</pin_list>
<bind>
<opcode="getelementptr(29) " fcode="getelementptr"/>
<opset="K_V_1_addr_23/4 "/>
</bind>
</comp>

<comp id="723" class="1004" name="K_V_1_addr_24_gep_fu_723">
<pin_list>
<pin id="724" dir="0" index="0" bw="16" slack="0"/>
<pin id="725" dir="0" index="1" bw="1" slack="0"/>
<pin id="726" dir="0" index="2" bw="5" slack="0"/>
<pin id="727" dir="1" index="3" bw="6" slack="0"/>
</pin_list>
<bind>
<opcode="getelementptr(29) " fcode="getelementptr"/>
<opset="K_V_1_addr_24/4 "/>
</bind>
</comp>

<comp id="730" class="1004" name="K_V_2_addr_23_gep_fu_730">
<pin_list>
<pin id="731" dir="0" index="0" bw="16" slack="0"/>
<pin id="732" dir="0" index="1" bw="1" slack="0"/>
<pin id="733" dir="0" index="2" bw="5" slack="0"/>
<pin id="734" dir="1" index="3" bw="6" slack="0"/>
</pin_list>
<bind>
<opcode="getelementptr(29) " fcode="getelementptr"/>
<opset="K_V_2_addr_23/4 "/>
</bind>
</comp>

<comp id="737" class="1004" name="K_V_2_addr_24_gep_fu_737">
<pin_list>
<pin id="738" dir="0" index="0" bw="16" slack="0"/>
<pin id="739" dir="0" index="1" bw="1" slack="0"/>
<pin id="740" dir="0" index="2" bw="5" slack="0"/>
<pin id="741" dir="1" index="3" bw="6" slack="0"/>
</pin_list>
<bind>
<opcode="getelementptr(29) " fcode="getelementptr"/>
<opset="K_V_2_addr_24/4 "/>
</bind>
</comp>

<comp id="744" class="1004" name="K_V_3_addr_23_gep_fu_744">
<pin_list>
<pin id="745" dir="0" index="0" bw="16" slack="0"/>
<pin id="746" dir="0" index="1" bw="1" slack="0"/>
<pin id="747" dir="0" index="2" bw="5" slack="0"/>
<pin id="748" dir="1" index="3" bw="6" slack="0"/>
</pin_list>
<bind>
<opcode="getelementptr(29) " fcode="getelementptr"/>
<opset="K_V_3_addr_23/4 "/>
</bind>
</comp>

<comp id="751" class="1004" name="K_V_3_addr_24_gep_fu_751">
<pin_list>
<pin id="752" dir="0" index="0" bw="16" slack="0"/>
<pin id="753" dir="0" index="1" bw="1" slack="0"/>
<pin id="754" dir="0" index="2" bw="5" slack="0"/>
<pin id="755" dir="1" index="3" bw="6" slack="0"/>
</pin_list>
<bind>
<opcode="getelementptr(29) " fcode="getelementptr"/>
<opset="K_V_3_addr_24/4 "/>
</bind>
</comp>

<comp id="766" class="1004" name="V_V_addr_6_gep_fu_766">
<pin_list>
<pin id="767" dir="0" index="0" bw="16" slack="0"/>
<pin id="768" dir="0" index="1" bw="1" slack="0"/>
<pin id="769" dir="0" index="2" bw="5" slack="0"/>
<pin id="770" dir="1" index="3" bw="6" slack="0"/>
</pin_list>
<bind>
<opcode="getelementptr(29) " fcode="getelementptr"/>
<opset="V_V_addr_6/4 "/>
</bind>
</comp>

<comp id="773" class="1004" name="V_V_addr_7_gep_fu_773">
<pin_list>
<pin id="774" dir="0" index="0" bw="16" slack="0"/>
<pin id="775" dir="0" index="1" bw="1" slack="0"/>
<pin id="776" dir="0" index="2" bw="5" slack="0"/>
<pin id="777" dir="1" index="3" bw="6" slack="0"/>
</pin_list>
<bind>
<opcode="getelementptr(29) " fcode="getelementptr"/>
<opset="V_V_addr_7/4 "/>
</bind>
</comp>

<comp id="780" class="1004" name="V_V_1_addr_6_gep_fu_780">
<pin_list>
<pin id="781" dir="0" index="0" bw="16" slack="0"/>
<pin id="782" dir="0" index="1" bw="1" slack="0"/>
<pin id="783" dir="0" index="2" bw="5" slack="0"/>
<pin id="784" dir="1" index="3" bw="6" slack="0"/>
</pin_list>
<bind>
<opcode="getelementptr(29) " fcode="getelementptr"/>
<opset="V_V_1_addr_6/4 "/>
</bind>
</comp>

<comp id="787" class="1004" name="V_V_1_addr_7_gep_fu_787">
<pin_list>
<pin id="788" dir="0" index="0" bw="16" slack="0"/>
<pin id="789" dir="0" index="1" bw="1" slack="0"/>
<pin id="790" dir="0" index="2" bw="5" slack="0"/>
<pin id="791" dir="1" index="3" bw="6" slack="0"/>
</pin_list>
<bind>
<opcode="getelementptr(29) " fcode="getelementptr"/>
<opset="V_V_1_addr_7/4 "/>
</bind>
</comp>

<comp id="794" class="1004" name="V_V_2_addr_6_gep_fu_794">
<pin_list>
<pin id="795" dir="0" index="0" bw="16" slack="0"/>
<pin id="796" dir="0" index="1" bw="1" slack="0"/>
<pin id="797" dir="0" index="2" bw="5" slack="0"/>
<pin id="798" dir="1" index="3" bw="6" slack="0"/>
</pin_list>
<bind>
<opcode="getelementptr(29) " fcode="getelementptr"/>
<opset="V_V_2_addr_6/4 "/>
</bind>
</comp>

<comp id="801" class="1004" name="V_V_2_addr_7_gep_fu_801">
<pin_list>
<pin id="802" dir="0" index="0" bw="16" slack="0"/>
<pin id="803" dir="0" index="1" bw="1" slack="0"/>
<pin id="804" dir="0" index="2" bw="5" slack="0"/>
<pin id="805" dir="1" index="3" bw="6" slack="0"/>
</pin_list>
<bind>
<opcode="getelementptr(29) " fcode="getelementptr"/>
<opset="V_V_2_addr_7/4 "/>
</bind>
</comp>

<comp id="808" class="1004" name="V_V_3_addr_6_gep_fu_808">
<pin_list>
<pin id="809" dir="0" index="0" bw="16" slack="0"/>
<pin id="810" dir="0" index="1" bw="1" slack="0"/>
<pin id="811" dir="0" index="2" bw="5" slack="0"/>
<pin id="812" dir="1" index="3" bw="6" slack="0"/>
</pin_list>
<bind>
<opcode="getelementptr(29) " fcode="getelementptr"/>
<opset="V_V_3_addr_6/4 "/>
</bind>
</comp>

<comp id="815" class="1004" name="V_V_3_addr_7_gep_fu_815">
<pin_list>
<pin id="816" dir="0" index="0" bw="16" slack="0"/>
<pin id="817" dir="0" index="1" bw="1" slack="0"/>
<pin id="818" dir="0" index="2" bw="5" slack="0"/>
<pin id="819" dir="1" index="3" bw="6" slack="0"/>
</pin_list>
<bind>
<opcode="getelementptr(29) " fcode="getelementptr"/>
<opset="V_V_3_addr_7/4 "/>
</bind>
</comp>

<comp id="830" class="1004" name="K_V_addr_9_gep_fu_830">
<pin_list>
<pin id="831" dir="0" index="0" bw="16" slack="0"/>
<pin id="832" dir="0" index="1" bw="1" slack="0"/>
<pin id="833" dir="0" index="2" bw="5" slack="0"/>
<pin id="834" dir="1" index="3" bw="6" slack="0"/>
</pin_list>
<bind>
<opcode="getelementptr(29) " fcode="getelementptr"/>
<opset="K_V_addr_9/5 "/>
</bind>
</comp>

<comp id="837" class="1004" name="K_V_addr_10_gep_fu_837">
<pin_list>
<pin id="838" dir="0" index="0" bw="16" slack="0"/>
<pin id="839" dir="0" index="1" bw="1" slack="0"/>
<pin id="840" dir="0" index="2" bw="5" slack="0"/>
<pin id="841" dir="1" index="3" bw="6" slack="0"/>
</pin_list>
<bind>
<opcode="getelementptr(29) " fcode="getelementptr"/>
<opset="K_V_addr_10/5 "/>
</bind>
</comp>

<comp id="844" class="1004" name="K_V_1_addr_9_gep_fu_844">
<pin_list>
<pin id="845" dir="0" index="0" bw="16" slack="0"/>
<pin id="846" dir="0" index="1" bw="1" slack="0"/>
<pin id="847" dir="0" index="2" bw="5" slack="0"/>
<pin id="848" dir="1" index="3" bw="6" slack="0"/>
</pin_list>
<bind>
<opcode="getelementptr(29) " fcode="getelementptr"/>
<opset="K_V_1_addr_9/5 "/>
</bind>
</comp>

<comp id="851" class="1004" name="K_V_1_addr_10_gep_fu_851">
<pin_list>
<pin id="852" dir="0" index="0" bw="16" slack="0"/>
<pin id="853" dir="0" index="1" bw="1" slack="0"/>
<pin id="854" dir="0" index="2" bw="5" slack="0"/>
<pin id="855" dir="1" index="3" bw="6" slack="0"/>
</pin_list>
<bind>
<opcode="getelementptr(29) " fcode="getelementptr"/>
<opset="K_V_1_addr_10/5 "/>
</bind>
</comp>

<comp id="858" class="1004" name="K_V_2_addr_9_gep_fu_858">
<pin_list>
<pin id="859" dir="0" index="0" bw="16" slack="0"/>
<pin id="860" dir="0" index="1" bw="1" slack="0"/>
<pin id="861" dir="0" index="2" bw="5" slack="0"/>
<pin id="862" dir="1" index="3" bw="6" slack="0"/>
</pin_list>
<bind>
<opcode="getelementptr(29) " fcode="getelementptr"/>
<opset="K_V_2_addr_9/5 "/>
</bind>
</comp>

<comp id="865" class="1004" name="K_V_2_addr_10_gep_fu_865">
<pin_list>
<pin id="866" dir="0" index="0" bw="16" slack="0"/>
<pin id="867" dir="0" index="1" bw="1" slack="0"/>
<pin id="868" dir="0" index="2" bw="5" slack="0"/>
<pin id="869" dir="1" index="3" bw="6" slack="0"/>
</pin_list>
<bind>
<opcode="getelementptr(29) " fcode="getelementptr"/>
<opset="K_V_2_addr_10/5 "/>
</bind>
</comp>

<comp id="872" class="1004" name="K_V_3_addr_9_gep_fu_872">
<pin_list>
<pin id="873" dir="0" index="0" bw="16" slack="0"/>
<pin id="874" dir="0" index="1" bw="1" slack="0"/>
<pin id="875" dir="0" index="2" bw="5" slack="0"/>
<pin id="876" dir="1" index="3" bw="6" slack="0"/>
</pin_list>
<bind>
<opcode="getelementptr(29) " fcode="getelementptr"/>
<opset="K_V_3_addr_9/5 "/>
</bind>
</comp>

<comp id="879" class="1004" name="K_V_3_addr_10_gep_fu_879">
<pin_list>
<pin id="880" dir="0" index="0" bw="16" slack="0"/>
<pin id="881" dir="0" index="1" bw="1" slack="0"/>
<pin id="882" dir="0" index="2" bw="5" slack="0"/>
<pin id="883" dir="1" index="3" bw="6" slack="0"/>
</pin_list>
<bind>
<opcode="getelementptr(29) " fcode="getelementptr"/>
<opset="K_V_3_addr_10/5 "/>
</bind>
</comp>

<comp id="894" class="1004" name="K_V_addr_25_gep_fu_894">
<pin_list>
<pin id="895" dir="0" index="0" bw="16" slack="0"/>
<pin id="896" dir="0" index="1" bw="1" slack="0"/>
<pin id="897" dir="0" index="2" bw="5" slack="0"/>
<pin id="898" dir="1" index="3" bw="6" slack="0"/>
</pin_list>
<bind>
<opcode="getelementptr(29) " fcode="getelementptr"/>
<opset="K_V_addr_25/5 "/>
</bind>
</comp>

<comp id="901" class="1004" name="K_V_addr_26_gep_fu_901">
<pin_list>
<pin id="902" dir="0" index="0" bw="16" slack="0"/>
<pin id="903" dir="0" index="1" bw="1" slack="0"/>
<pin id="904" dir="0" index="2" bw="5" slack="0"/>
<pin id="905" dir="1" index="3" bw="6" slack="0"/>
</pin_list>
<bind>
<opcode="getelementptr(29) " fcode="getelementptr"/>
<opset="K_V_addr_26/5 "/>
</bind>
</comp>

<comp id="908" class="1004" name="K_V_1_addr_25_gep_fu_908">
<pin_list>
<pin id="909" dir="0" index="0" bw="16" slack="0"/>
<pin id="910" dir="0" index="1" bw="1" slack="0"/>
<pin id="911" dir="0" index="2" bw="5" slack="0"/>
<pin id="912" dir="1" index="3" bw="6" slack="0"/>
</pin_list>
<bind>
<opcode="getelementptr(29) " fcode="getelementptr"/>
<opset="K_V_1_addr_25/5 "/>
</bind>
</comp>

<comp id="915" class="1004" name="K_V_1_addr_26_gep_fu_915">
<pin_list>
<pin id="916" dir="0" index="0" bw="16" slack="0"/>
<pin id="917" dir="0" index="1" bw="1" slack="0"/>
<pin id="918" dir="0" index="2" bw="5" slack="0"/>
<pin id="919" dir="1" index="3" bw="6" slack="0"/>
</pin_list>
<bind>
<opcode="getelementptr(29) " fcode="getelementptr"/>
<opset="K_V_1_addr_26/5 "/>
</bind>
</comp>

<comp id="922" class="1004" name="K_V_2_addr_25_gep_fu_922">
<pin_list>
<pin id="923" dir="0" index="0" bw="16" slack="0"/>
<pin id="924" dir="0" index="1" bw="1" slack="0"/>
<pin id="925" dir="0" index="2" bw="5" slack="0"/>
<pin id="926" dir="1" index="3" bw="6" slack="0"/>
</pin_list>
<bind>
<opcode="getelementptr(29) " fcode="getelementptr"/>
<opset="K_V_2_addr_25/5 "/>
</bind>
</comp>

<comp id="929" class="1004" name="K_V_2_addr_26_gep_fu_929">
<pin_list>
<pin id="930" dir="0" index="0" bw="16" slack="0"/>
<pin id="931" dir="0" index="1" bw="1" slack="0"/>
<pin id="932" dir="0" index="2" bw="5" slack="0"/>
<pin id="933" dir="1" index="3" bw="6" slack="0"/>
</pin_list>
<bind>
<opcode="getelementptr(29) " fcode="getelementptr"/>
<opset="K_V_2_addr_26/5 "/>
</bind>
</comp>

<comp id="936" class="1004" name="K_V_3_addr_25_gep_fu_936">
<pin_list>
<pin id="937" dir="0" index="0" bw="16" slack="0"/>
<pin id="938" dir="0" index="1" bw="1" slack="0"/>
<pin id="939" dir="0" index="2" bw="5" slack="0"/>
<pin id="940" dir="1" index="3" bw="6" slack="0"/>
</pin_list>
<bind>
<opcode="getelementptr(29) " fcode="getelementptr"/>
<opset="K_V_3_addr_25/5 "/>
</bind>
</comp>

<comp id="943" class="1004" name="K_V_3_addr_26_gep_fu_943">
<pin_list>
<pin id="944" dir="0" index="0" bw="16" slack="0"/>
<pin id="945" dir="0" index="1" bw="1" slack="0"/>
<pin id="946" dir="0" index="2" bw="5" slack="0"/>
<pin id="947" dir="1" index="3" bw="6" slack="0"/>
</pin_list>
<bind>
<opcode="getelementptr(29) " fcode="getelementptr"/>
<opset="K_V_3_addr_26/5 "/>
</bind>
</comp>

<comp id="958" class="1004" name="V_V_addr_8_gep_fu_958">
<pin_list>
<pin id="959" dir="0" index="0" bw="16" slack="0"/>
<pin id="960" dir="0" index="1" bw="1" slack="0"/>
<pin id="961" dir="0" index="2" bw="6" slack="0"/>
<pin id="962" dir="1" index="3" bw="6" slack="0"/>
</pin_list>
<bind>
<opcode="getelementptr(29) " fcode="getelementptr"/>
<opset="V_V_addr_8/5 "/>
</bind>
</comp>

<comp id="965" class="1004" name="V_V_addr_9_gep_fu_965">
<pin_list>
<pin id="966" dir="0" index="0" bw="16" slack="0"/>
<pin id="967" dir="0" index="1" bw="1" slack="0"/>
<pin id="968" dir="0" index="2" bw="6" slack="0"/>
<pin id="969" dir="1" index="3" bw="6" slack="0"/>
</pin_list>
<bind>
<opcode="getelementptr(29) " fcode="getelementptr"/>
<opset="V_V_addr_9/5 "/>
</bind>
</comp>

<comp id="972" class="1004" name="V_V_1_addr_8_gep_fu_972">
<pin_list>
<pin id="973" dir="0" index="0" bw="16" slack="0"/>
<pin id="974" dir="0" index="1" bw="1" slack="0"/>
<pin id="975" dir="0" index="2" bw="6" slack="0"/>
<pin id="976" dir="1" index="3" bw="6" slack="0"/>
</pin_list>
<bind>
<opcode="getelementptr(29) " fcode="getelementptr"/>
<opset="V_V_1_addr_8/5 "/>
</bind>
</comp>

<comp id="979" class="1004" name="V_V_1_addr_9_gep_fu_979">
<pin_list>
<pin id="980" dir="0" index="0" bw="16" slack="0"/>
<pin id="981" dir="0" index="1" bw="1" slack="0"/>
<pin id="982" dir="0" index="2" bw="6" slack="0"/>
<pin id="983" dir="1" index="3" bw="6" slack="0"/>
</pin_list>
<bind>
<opcode="getelementptr(29) " fcode="getelementptr"/>
<opset="V_V_1_addr_9/5 "/>
</bind>
</comp>

<comp id="986" class="1004" name="V_V_2_addr_8_gep_fu_986">
<pin_list>
<pin id="987" dir="0" index="0" bw="16" slack="0"/>
<pin id="988" dir="0" index="1" bw="1" slack="0"/>
<pin id="989" dir="0" index="2" bw="6" slack="0"/>
<pin id="990" dir="1" index="3" bw="6" slack="0"/>
</pin_list>
<bind>
<opcode="getelementptr(29) " fcode="getelementptr"/>
<opset="V_V_2_addr_8/5 "/>
</bind>
</comp>

<comp id="993" class="1004" name="V_V_2_addr_9_gep_fu_993">
<pin_list>
<pin id="994" dir="0" index="0" bw="16" slack="0"/>
<pin id="995" dir="0" index="1" bw="1" slack="0"/>
<pin id="996" dir="0" index="2" bw="6" slack="0"/>
<pin id="997" dir="1" index="3" bw="6" slack="0"/>
</pin_list>
<bind>
<opcode="getelementptr(29) " fcode="getelementptr"/>
<opset="V_V_2_addr_9/5 "/>
</bind>
</comp>

<comp id="1000" class="1004" name="V_V_3_addr_8_gep_fu_1000">
<pin_list>
<pin id="1001" dir="0" index="0" bw="16" slack="0"/>
<pin id="1002" dir="0" index="1" bw="1" slack="0"/>
<pin id="1003" dir="0" index="2" bw="6" slack="0"/>
<pin id="1004" dir="1" index="3" bw="6" slack="0"/>
</pin_list>
<bind>
<opcode="getelementptr(29) " fcode="getelementptr"/>
<opset="V_V_3_addr_8/5 "/>
</bind>
</comp>

<comp id="1007" class="1004" name="V_V_3_addr_9_gep_fu_1007">
<pin_list>
<pin id="1008" dir="0" index="0" bw="16" slack="0"/>
<pin id="1009" dir="0" index="1" bw="1" slack="0"/>
<pin id="1010" dir="0" index="2" bw="6" slack="0"/>
<pin id="1011" dir="1" index="3" bw="6" slack="0"/>
</pin_list>
<bind>
<opcode="getelementptr(29) " fcode="getelementptr"/>
<opset="V_V_3_addr_9/5 "/>
</bind>
</comp>

<comp id="1022" class="1004" name="K_V_addr_11_gep_fu_1022">
<pin_list>
<pin id="1023" dir="0" index="0" bw="16" slack="0"/>
<pin id="1024" dir="0" index="1" bw="1" slack="0"/>
<pin id="1025" dir="0" index="2" bw="6" slack="0"/>
<pin id="1026" dir="1" index="3" bw="6" slack="0"/>
</pin_list>
<bind>
<opcode="getelementptr(29) " fcode="getelementptr"/>
<opset="K_V_addr_11/6 "/>
</bind>
</comp>

<comp id="1029" class="1004" name="K_V_addr_12_gep_fu_1029">
<pin_list>
<pin id="1030" dir="0" index="0" bw="16" slack="0"/>
<pin id="1031" dir="0" index="1" bw="1" slack="0"/>
<pin id="1032" dir="0" index="2" bw="6" slack="0"/>
<pin id="1033" dir="1" index="3" bw="6" slack="0"/>
</pin_list>
<bind>
<opcode="getelementptr(29) " fcode="getelementptr"/>
<opset="K_V_addr_12/6 "/>
</bind>
</comp>

<comp id="1036" class="1004" name="K_V_1_addr_11_gep_fu_1036">
<pin_list>
<pin id="1037" dir="0" index="0" bw="16" slack="0"/>
<pin id="1038" dir="0" index="1" bw="1" slack="0"/>
<pin id="1039" dir="0" index="2" bw="6" slack="0"/>
<pin id="1040" dir="1" index="3" bw="6" slack="0"/>
</pin_list>
<bind>
<opcode="getelementptr(29) " fcode="getelementptr"/>
<opset="K_V_1_addr_11/6 "/>
</bind>
</comp>

<comp id="1043" class="1004" name="K_V_1_addr_12_gep_fu_1043">
<pin_list>
<pin id="1044" dir="0" index="0" bw="16" slack="0"/>
<pin id="1045" dir="0" index="1" bw="1" slack="0"/>
<pin id="1046" dir="0" index="2" bw="6" slack="0"/>
<pin id="1047" dir="1" index="3" bw="6" slack="0"/>
</pin_list>
<bind>
<opcode="getelementptr(29) " fcode="getelementptr"/>
<opset="K_V_1_addr_12/6 "/>
</bind>
</comp>

<comp id="1050" class="1004" name="K_V_2_addr_11_gep_fu_1050">
<pin_list>
<pin id="1051" dir="0" index="0" bw="16" slack="0"/>
<pin id="1052" dir="0" index="1" bw="1" slack="0"/>
<pin id="1053" dir="0" index="2" bw="6" slack="0"/>
<pin id="1054" dir="1" index="3" bw="6" slack="0"/>
</pin_list>
<bind>
<opcode="getelementptr(29) " fcode="getelementptr"/>
<opset="K_V_2_addr_11/6 "/>
</bind>
</comp>

<comp id="1057" class="1004" name="K_V_2_addr_12_gep_fu_1057">
<pin_list>
<pin id="1058" dir="0" index="0" bw="16" slack="0"/>
<pin id="1059" dir="0" index="1" bw="1" slack="0"/>
<pin id="1060" dir="0" index="2" bw="6" slack="0"/>
<pin id="1061" dir="1" index="3" bw="6" slack="0"/>
</pin_list>
<bind>
<opcode="getelementptr(29) " fcode="getelementptr"/>
<opset="K_V_2_addr_12/6 "/>
</bind>
</comp>

<comp id="1064" class="1004" name="K_V_3_addr_11_gep_fu_1064">
<pin_list>
<pin id="1065" dir="0" index="0" bw="16" slack="0"/>
<pin id="1066" dir="0" index="1" bw="1" slack="0"/>
<pin id="1067" dir="0" index="2" bw="6" slack="0"/>
<pin id="1068" dir="1" index="3" bw="6" slack="0"/>
</pin_list>
<bind>
<opcode="getelementptr(29) " fcode="getelementptr"/>
<opset="K_V_3_addr_11/6 "/>
</bind>
</comp>

<comp id="1071" class="1004" name="K_V_3_addr_12_gep_fu_1071">
<pin_list>
<pin id="1072" dir="0" index="0" bw="16" slack="0"/>
<pin id="1073" dir="0" index="1" bw="1" slack="0"/>
<pin id="1074" dir="0" index="2" bw="6" slack="0"/>
<pin id="1075" dir="1" index="3" bw="6" slack="0"/>
</pin_list>
<bind>
<opcode="getelementptr(29) " fcode="getelementptr"/>
<opset="K_V_3_addr_12/6 "/>
</bind>
</comp>

<comp id="1086" class="1004" name="K_V_addr_27_gep_fu_1086">
<pin_list>
<pin id="1087" dir="0" index="0" bw="16" slack="0"/>
<pin id="1088" dir="0" index="1" bw="1" slack="0"/>
<pin id="1089" dir="0" index="2" bw="6" slack="0"/>
<pin id="1090" dir="1" index="3" bw="6" slack="0"/>
</pin_list>
<bind>
<opcode="getelementptr(29) " fcode="getelementptr"/>
<opset="K_V_addr_27/6 "/>
</bind>
</comp>

<comp id="1093" class="1004" name="K_V_addr_28_gep_fu_1093">
<pin_list>
<pin id="1094" dir="0" index="0" bw="16" slack="0"/>
<pin id="1095" dir="0" index="1" bw="1" slack="0"/>
<pin id="1096" dir="0" index="2" bw="6" slack="0"/>
<pin id="1097" dir="1" index="3" bw="6" slack="0"/>
</pin_list>
<bind>
<opcode="getelementptr(29) " fcode="getelementptr"/>
<opset="K_V_addr_28/6 "/>
</bind>
</comp>

<comp id="1100" class="1004" name="K_V_1_addr_27_gep_fu_1100">
<pin_list>
<pin id="1101" dir="0" index="0" bw="16" slack="0"/>
<pin id="1102" dir="0" index="1" bw="1" slack="0"/>
<pin id="1103" dir="0" index="2" bw="6" slack="0"/>
<pin id="1104" dir="1" index="3" bw="6" slack="0"/>
</pin_list>
<bind>
<opcode="getelementptr(29) " fcode="getelementptr"/>
<opset="K_V_1_addr_27/6 "/>
</bind>
</comp>

<comp id="1107" class="1004" name="K_V_1_addr_28_gep_fu_1107">
<pin_list>
<pin id="1108" dir="0" index="0" bw="16" slack="0"/>
<pin id="1109" dir="0" index="1" bw="1" slack="0"/>
<pin id="1110" dir="0" index="2" bw="6" slack="0"/>
<pin id="1111" dir="1" index="3" bw="6" slack="0"/>
</pin_list>
<bind>
<opcode="getelementptr(29) " fcode="getelementptr"/>
<opset="K_V_1_addr_28/6 "/>
</bind>
</comp>

<comp id="1114" class="1004" name="K_V_2_addr_27_gep_fu_1114">
<pin_list>
<pin id="1115" dir="0" index="0" bw="16" slack="0"/>
<pin id="1116" dir="0" index="1" bw="1" slack="0"/>
<pin id="1117" dir="0" index="2" bw="6" slack="0"/>
<pin id="1118" dir="1" index="3" bw="6" slack="0"/>
</pin_list>
<bind>
<opcode="getelementptr(29) " fcode="getelementptr"/>
<opset="K_V_2_addr_27/6 "/>
</bind>
</comp>

<comp id="1121" class="1004" name="K_V_2_addr_28_gep_fu_1121">
<pin_list>
<pin id="1122" dir="0" index="0" bw="16" slack="0"/>
<pin id="1123" dir="0" index="1" bw="1" slack="0"/>
<pin id="1124" dir="0" index="2" bw="6" slack="0"/>
<pin id="1125" dir="1" index="3" bw="6" slack="0"/>
</pin_list>
<bind>
<opcode="getelementptr(29) " fcode="getelementptr"/>
<opset="K_V_2_addr_28/6 "/>
</bind>
</comp>

<comp id="1128" class="1004" name="K_V_3_addr_27_gep_fu_1128">
<pin_list>
<pin id="1129" dir="0" index="0" bw="16" slack="0"/>
<pin id="1130" dir="0" index="1" bw="1" slack="0"/>
<pin id="1131" dir="0" index="2" bw="6" slack="0"/>
<pin id="1132" dir="1" index="3" bw="6" slack="0"/>
</pin_list>
<bind>
<opcode="getelementptr(29) " fcode="getelementptr"/>
<opset="K_V_3_addr_27/6 "/>
</bind>
</comp>

<comp id="1135" class="1004" name="K_V_3_addr_28_gep_fu_1135">
<pin_list>
<pin id="1136" dir="0" index="0" bw="16" slack="0"/>
<pin id="1137" dir="0" index="1" bw="1" slack="0"/>
<pin id="1138" dir="0" index="2" bw="6" slack="0"/>
<pin id="1139" dir="1" index="3" bw="6" slack="0"/>
</pin_list>
<bind>
<opcode="getelementptr(29) " fcode="getelementptr"/>
<opset="K_V_3_addr_28/6 "/>
</bind>
</comp>

<comp id="1150" class="1004" name="V_V_addr_10_gep_fu_1150">
<pin_list>
<pin id="1151" dir="0" index="0" bw="16" slack="0"/>
<pin id="1152" dir="0" index="1" bw="1" slack="0"/>
<pin id="1153" dir="0" index="2" bw="6" slack="0"/>
<pin id="1154" dir="1" index="3" bw="6" slack="0"/>
</pin_list>
<bind>
<opcode="getelementptr(29) " fcode="getelementptr"/>
<opset="V_V_addr_10/6 "/>
</bind>
</comp>

<comp id="1157" class="1004" name="V_V_1_addr_10_gep_fu_1157">
<pin_list>
<pin id="1158" dir="0" index="0" bw="16" slack="0"/>
<pin id="1159" dir="0" index="1" bw="1" slack="0"/>
<pin id="1160" dir="0" index="2" bw="6" slack="0"/>
<pin id="1161" dir="1" index="3" bw="6" slack="0"/>
</pin_list>
<bind>
<opcode="getelementptr(29) " fcode="getelementptr"/>
<opset="V_V_1_addr_10/6 "/>
</bind>
</comp>

<comp id="1164" class="1004" name="V_V_2_addr_10_gep_fu_1164">
<pin_list>
<pin id="1165" dir="0" index="0" bw="16" slack="0"/>
<pin id="1166" dir="0" index="1" bw="1" slack="0"/>
<pin id="1167" dir="0" index="2" bw="6" slack="0"/>
<pin id="1168" dir="1" index="3" bw="6" slack="0"/>
</pin_list>
<bind>
<opcode="getelementptr(29) " fcode="getelementptr"/>
<opset="V_V_2_addr_10/6 "/>
</bind>
</comp>

<comp id="1171" class="1004" name="V_V_3_addr_10_gep_fu_1171">
<pin_list>
<pin id="1172" dir="0" index="0" bw="16" slack="0"/>
<pin id="1173" dir="0" index="1" bw="1" slack="0"/>
<pin id="1174" dir="0" index="2" bw="6" slack="0"/>
<pin id="1175" dir="1" index="3" bw="6" slack="0"/>
</pin_list>
<bind>
<opcode="getelementptr(29) " fcode="getelementptr"/>
<opset="V_V_3_addr_10/6 "/>
</bind>
</comp>

<comp id="1182" class="1004" name="K_V_addr_13_gep_fu_1182">
<pin_list>
<pin id="1183" dir="0" index="0" bw="16" slack="0"/>
<pin id="1184" dir="0" index="1" bw="1" slack="0"/>
<pin id="1185" dir="0" index="2" bw="6" slack="0"/>
<pin id="1186" dir="1" index="3" bw="6" slack="0"/>
</pin_list>
<bind>
<opcode="getelementptr(29) " fcode="getelementptr"/>
<opset="K_V_addr_13/7 "/>
</bind>
</comp>

<comp id="1189" class="1004" name="K_V_addr_14_gep_fu_1189">
<pin_list>
<pin id="1190" dir="0" index="0" bw="16" slack="0"/>
<pin id="1191" dir="0" index="1" bw="1" slack="0"/>
<pin id="1192" dir="0" index="2" bw="6" slack="0"/>
<pin id="1193" dir="1" index="3" bw="6" slack="0"/>
</pin_list>
<bind>
<opcode="getelementptr(29) " fcode="getelementptr"/>
<opset="K_V_addr_14/7 "/>
</bind>
</comp>

<comp id="1196" class="1004" name="K_V_1_addr_13_gep_fu_1196">
<pin_list>
<pin id="1197" dir="0" index="0" bw="16" slack="0"/>
<pin id="1198" dir="0" index="1" bw="1" slack="0"/>
<pin id="1199" dir="0" index="2" bw="6" slack="0"/>
<pin id="1200" dir="1" index="3" bw="6" slack="0"/>
</pin_list>
<bind>
<opcode="getelementptr(29) " fcode="getelementptr"/>
<opset="K_V_1_addr_13/7 "/>
</bind>
</comp>

<comp id="1203" class="1004" name="K_V_1_addr_14_gep_fu_1203">
<pin_list>
<pin id="1204" dir="0" index="0" bw="16" slack="0"/>
<pin id="1205" dir="0" index="1" bw="1" slack="0"/>
<pin id="1206" dir="0" index="2" bw="6" slack="0"/>
<pin id="1207" dir="1" index="3" bw="6" slack="0"/>
</pin_list>
<bind>
<opcode="getelementptr(29) " fcode="getelementptr"/>
<opset="K_V_1_addr_14/7 "/>
</bind>
</comp>

<comp id="1210" class="1004" name="K_V_2_addr_13_gep_fu_1210">
<pin_list>
<pin id="1211" dir="0" index="0" bw="16" slack="0"/>
<pin id="1212" dir="0" index="1" bw="1" slack="0"/>
<pin id="1213" dir="0" index="2" bw="6" slack="0"/>
<pin id="1214" dir="1" index="3" bw="6" slack="0"/>
</pin_list>
<bind>
<opcode="getelementptr(29) " fcode="getelementptr"/>
<opset="K_V_2_addr_13/7 "/>
</bind>
</comp>

<comp id="1217" class="1004" name="K_V_2_addr_14_gep_fu_1217">
<pin_list>
<pin id="1218" dir="0" index="0" bw="16" slack="0"/>
<pin id="1219" dir="0" index="1" bw="1" slack="0"/>
<pin id="1220" dir="0" index="2" bw="6" slack="0"/>
<pin id="1221" dir="1" index="3" bw="6" slack="0"/>
</pin_list>
<bind>
<opcode="getelementptr(29) " fcode="getelementptr"/>
<opset="K_V_2_addr_14/7 "/>
</bind>
</comp>

<comp id="1224" class="1004" name="K_V_3_addr_13_gep_fu_1224">
<pin_list>
<pin id="1225" dir="0" index="0" bw="16" slack="0"/>
<pin id="1226" dir="0" index="1" bw="1" slack="0"/>
<pin id="1227" dir="0" index="2" bw="6" slack="0"/>
<pin id="1228" dir="1" index="3" bw="6" slack="0"/>
</pin_list>
<bind>
<opcode="getelementptr(29) " fcode="getelementptr"/>
<opset="K_V_3_addr_13/7 "/>
</bind>
</comp>

<comp id="1231" class="1004" name="K_V_3_addr_14_gep_fu_1231">
<pin_list>
<pin id="1232" dir="0" index="0" bw="16" slack="0"/>
<pin id="1233" dir="0" index="1" bw="1" slack="0"/>
<pin id="1234" dir="0" index="2" bw="6" slack="0"/>
<pin id="1235" dir="1" index="3" bw="6" slack="0"/>
</pin_list>
<bind>
<opcode="getelementptr(29) " fcode="getelementptr"/>
<opset="K_V_3_addr_14/7 "/>
</bind>
</comp>

<comp id="1246" class="1004" name="K_V_addr_29_gep_fu_1246">
<pin_list>
<pin id="1247" dir="0" index="0" bw="16" slack="0"/>
<pin id="1248" dir="0" index="1" bw="1" slack="0"/>
<pin id="1249" dir="0" index="2" bw="6" slack="0"/>
<pin id="1250" dir="1" index="3" bw="6" slack="0"/>
</pin_list>
<bind>
<opcode="getelementptr(29) " fcode="getelementptr"/>
<opset="K_V_addr_29/7 "/>
</bind>
</comp>

<comp id="1253" class="1004" name="K_V_addr_30_gep_fu_1253">
<pin_list>
<pin id="1254" dir="0" index="0" bw="16" slack="0"/>
<pin id="1255" dir="0" index="1" bw="1" slack="0"/>
<pin id="1256" dir="0" index="2" bw="6" slack="0"/>
<pin id="1257" dir="1" index="3" bw="6" slack="0"/>
</pin_list>
<bind>
<opcode="getelementptr(29) " fcode="getelementptr"/>
<opset="K_V_addr_30/7 "/>
</bind>
</comp>

<comp id="1260" class="1004" name="K_V_1_addr_29_gep_fu_1260">
<pin_list>
<pin id="1261" dir="0" index="0" bw="16" slack="0"/>
<pin id="1262" dir="0" index="1" bw="1" slack="0"/>
<pin id="1263" dir="0" index="2" bw="6" slack="0"/>
<pin id="1264" dir="1" index="3" bw="6" slack="0"/>
</pin_list>
<bind>
<opcode="getelementptr(29) " fcode="getelementptr"/>
<opset="K_V_1_addr_29/7 "/>
</bind>
</comp>

<comp id="1267" class="1004" name="K_V_1_addr_30_gep_fu_1267">
<pin_list>
<pin id="1268" dir="0" index="0" bw="16" slack="0"/>
<pin id="1269" dir="0" index="1" bw="1" slack="0"/>
<pin id="1270" dir="0" index="2" bw="6" slack="0"/>
<pin id="1271" dir="1" index="3" bw="6" slack="0"/>
</pin_list>
<bind>
<opcode="getelementptr(29) " fcode="getelementptr"/>
<opset="K_V_1_addr_30/7 "/>
</bind>
</comp>

<comp id="1274" class="1004" name="K_V_2_addr_29_gep_fu_1274">
<pin_list>
<pin id="1275" dir="0" index="0" bw="16" slack="0"/>
<pin id="1276" dir="0" index="1" bw="1" slack="0"/>
<pin id="1277" dir="0" index="2" bw="6" slack="0"/>
<pin id="1278" dir="1" index="3" bw="6" slack="0"/>
</pin_list>
<bind>
<opcode="getelementptr(29) " fcode="getelementptr"/>
<opset="K_V_2_addr_29/7 "/>
</bind>
</comp>

<comp id="1281" class="1004" name="K_V_2_addr_30_gep_fu_1281">
<pin_list>
<pin id="1282" dir="0" index="0" bw="16" slack="0"/>
<pin id="1283" dir="0" index="1" bw="1" slack="0"/>
<pin id="1284" dir="0" index="2" bw="6" slack="0"/>
<pin id="1285" dir="1" index="3" bw="6" slack="0"/>
</pin_list>
<bind>
<opcode="getelementptr(29) " fcode="getelementptr"/>
<opset="K_V_2_addr_30/7 "/>
</bind>
</comp>

<comp id="1288" class="1004" name="K_V_3_addr_29_gep_fu_1288">
<pin_list>
<pin id="1289" dir="0" index="0" bw="16" slack="0"/>
<pin id="1290" dir="0" index="1" bw="1" slack="0"/>
<pin id="1291" dir="0" index="2" bw="6" slack="0"/>
<pin id="1292" dir="1" index="3" bw="6" slack="0"/>
</pin_list>
<bind>
<opcode="getelementptr(29) " fcode="getelementptr"/>
<opset="K_V_3_addr_29/7 "/>
</bind>
</comp>

<comp id="1295" class="1004" name="K_V_3_addr_30_gep_fu_1295">
<pin_list>
<pin id="1296" dir="0" index="0" bw="16" slack="0"/>
<pin id="1297" dir="0" index="1" bw="1" slack="0"/>
<pin id="1298" dir="0" index="2" bw="6" slack="0"/>
<pin id="1299" dir="1" index="3" bw="6" slack="0"/>
</pin_list>
<bind>
<opcode="getelementptr(29) " fcode="getelementptr"/>
<opset="K_V_3_addr_30/7 "/>
</bind>
</comp>

<comp id="1310" class="1004" name="K_V_addr_15_gep_fu_1310">
<pin_list>
<pin id="1311" dir="0" index="0" bw="16" slack="0"/>
<pin id="1312" dir="0" index="1" bw="1" slack="0"/>
<pin id="1313" dir="0" index="2" bw="6" slack="0"/>
<pin id="1314" dir="1" index="3" bw="6" slack="0"/>
</pin_list>
<bind>
<opcode="getelementptr(29) " fcode="getelementptr"/>
<opset="K_V_addr_15/8 "/>
</bind>
</comp>

<comp id="1317" class="1004" name="K_V_1_addr_15_gep_fu_1317">
<pin_list>
<pin id="1318" dir="0" index="0" bw="16" slack="0"/>
<pin id="1319" dir="0" index="1" bw="1" slack="0"/>
<pin id="1320" dir="0" index="2" bw="6" slack="0"/>
<pin id="1321" dir="1" index="3" bw="6" slack="0"/>
</pin_list>
<bind>
<opcode="getelementptr(29) " fcode="getelementptr"/>
<opset="K_V_1_addr_15/8 "/>
</bind>
</comp>

<comp id="1324" class="1004" name="K_V_2_addr_15_gep_fu_1324">
<pin_list>
<pin id="1325" dir="0" index="0" bw="16" slack="0"/>
<pin id="1326" dir="0" index="1" bw="1" slack="0"/>
<pin id="1327" dir="0" index="2" bw="6" slack="0"/>
<pin id="1328" dir="1" index="3" bw="6" slack="0"/>
</pin_list>
<bind>
<opcode="getelementptr(29) " fcode="getelementptr"/>
<opset="K_V_2_addr_15/8 "/>
</bind>
</comp>

<comp id="1331" class="1004" name="K_V_3_addr_15_gep_fu_1331">
<pin_list>
<pin id="1332" dir="0" index="0" bw="16" slack="0"/>
<pin id="1333" dir="0" index="1" bw="1" slack="0"/>
<pin id="1334" dir="0" index="2" bw="6" slack="0"/>
<pin id="1335" dir="1" index="3" bw="6" slack="0"/>
</pin_list>
<bind>
<opcode="getelementptr(29) " fcode="getelementptr"/>
<opset="K_V_3_addr_15/8 "/>
</bind>
</comp>

<comp id="1342" class="1004" name="K_V_addr_31_gep_fu_1342">
<pin_list>
<pin id="1343" dir="0" index="0" bw="16" slack="0"/>
<pin id="1344" dir="0" index="1" bw="1" slack="0"/>
<pin id="1345" dir="0" index="2" bw="6" slack="0"/>
<pin id="1346" dir="1" index="3" bw="6" slack="0"/>
</pin_list>
<bind>
<opcode="getelementptr(29) " fcode="getelementptr"/>
<opset="K_V_addr_31/8 "/>
</bind>
</comp>

<comp id="1349" class="1004" name="K_V_1_addr_31_gep_fu_1349">
<pin_list>
<pin id="1350" dir="0" index="0" bw="16" slack="0"/>
<pin id="1351" dir="0" index="1" bw="1" slack="0"/>
<pin id="1352" dir="0" index="2" bw="6" slack="0"/>
<pin id="1353" dir="1" index="3" bw="6" slack="0"/>
</pin_list>
<bind>
<opcode="getelementptr(29) " fcode="getelementptr"/>
<opset="K_V_1_addr_31/8 "/>
</bind>
</comp>

<comp id="1356" class="1004" name="K_V_2_addr_31_gep_fu_1356">
<pin_list>
<pin id="1357" dir="0" index="0" bw="16" slack="0"/>
<pin id="1358" dir="0" index="1" bw="1" slack="0"/>
<pin id="1359" dir="0" index="2" bw="6" slack="0"/>
<pin id="1360" dir="1" index="3" bw="6" slack="0"/>
</pin_list>
<bind>
<opcode="getelementptr(29) " fcode="getelementptr"/>
<opset="K_V_2_addr_31/8 "/>
</bind>
</comp>

<comp id="1363" class="1004" name="K_V_3_addr_31_gep_fu_1363">
<pin_list>
<pin id="1364" dir="0" index="0" bw="16" slack="0"/>
<pin id="1365" dir="0" index="1" bw="1" slack="0"/>
<pin id="1366" dir="0" index="2" bw="6" slack="0"/>
<pin id="1367" dir="1" index="3" bw="6" slack="0"/>
</pin_list>
<bind>
<opcode="getelementptr(29) " fcode="getelementptr"/>
<opset="K_V_3_addr_31/8 "/>
</bind>
</comp>

<comp id="1374" class="1004" name="V_V_addr_11_gep_fu_1374">
<pin_list>
<pin id="1375" dir="0" index="0" bw="16" slack="0"/>
<pin id="1376" dir="0" index="1" bw="1" slack="0"/>
<pin id="1377" dir="0" index="2" bw="6" slack="0"/>
<pin id="1378" dir="1" index="3" bw="6" slack="0"/>
</pin_list>
<bind>
<opcode="getelementptr(29) " fcode="getelementptr"/>
<opset="V_V_addr_11/14 "/>
</bind>
</comp>

<comp id="1381" class="1004" name="V_V_1_addr_11_gep_fu_1381">
<pin_list>
<pin id="1382" dir="0" index="0" bw="16" slack="0"/>
<pin id="1383" dir="0" index="1" bw="1" slack="0"/>
<pin id="1384" dir="0" index="2" bw="6" slack="0"/>
<pin id="1385" dir="1" index="3" bw="6" slack="0"/>
</pin_list>
<bind>
<opcode="getelementptr(29) " fcode="getelementptr"/>
<opset="V_V_1_addr_11/14 "/>
</bind>
</comp>

<comp id="1388" class="1004" name="V_V_2_addr_11_gep_fu_1388">
<pin_list>
<pin id="1389" dir="0" index="0" bw="16" slack="0"/>
<pin id="1390" dir="0" index="1" bw="1" slack="0"/>
<pin id="1391" dir="0" index="2" bw="6" slack="0"/>
<pin id="1392" dir="1" index="3" bw="6" slack="0"/>
</pin_list>
<bind>
<opcode="getelementptr(29) " fcode="getelementptr"/>
<opset="V_V_2_addr_11/14 "/>
</bind>
</comp>

<comp id="1395" class="1004" name="V_V_3_addr_11_gep_fu_1395">
<pin_list>
<pin id="1396" dir="0" index="0" bw="16" slack="0"/>
<pin id="1397" dir="0" index="1" bw="1" slack="0"/>
<pin id="1398" dir="0" index="2" bw="6" slack="0"/>
<pin id="1399" dir="1" index="3" bw="6" slack="0"/>
</pin_list>
<bind>
<opcode="getelementptr(29) " fcode="getelementptr"/>
<opset="V_V_3_addr_11/14 "/>
</bind>
</comp>

<comp id="1406" class="1004" name="V_V_addr_12_gep_fu_1406">
<pin_list>
<pin id="1407" dir="0" index="0" bw="16" slack="0"/>
<pin id="1408" dir="0" index="1" bw="1" slack="0"/>
<pin id="1409" dir="0" index="2" bw="6" slack="0"/>
<pin id="1410" dir="1" index="3" bw="6" slack="0"/>
</pin_list>
<bind>
<opcode="getelementptr(29) " fcode="getelementptr"/>
<opset="V_V_addr_12/15 "/>
</bind>
</comp>

<comp id="1413" class="1004" name="V_V_addr_13_gep_fu_1413">
<pin_list>
<pin id="1414" dir="0" index="0" bw="16" slack="0"/>
<pin id="1415" dir="0" index="1" bw="1" slack="0"/>
<pin id="1416" dir="0" index="2" bw="6" slack="0"/>
<pin id="1417" dir="1" index="3" bw="6" slack="0"/>
</pin_list>
<bind>
<opcode="getelementptr(29) " fcode="getelementptr"/>
<opset="V_V_addr_13/15 "/>
</bind>
</comp>

<comp id="1420" class="1004" name="V_V_1_addr_12_gep_fu_1420">
<pin_list>
<pin id="1421" dir="0" index="0" bw="16" slack="0"/>
<pin id="1422" dir="0" index="1" bw="1" slack="0"/>
<pin id="1423" dir="0" index="2" bw="6" slack="0"/>
<pin id="1424" dir="1" index="3" bw="6" slack="0"/>
</pin_list>
<bind>
<opcode="getelementptr(29) " fcode="getelementptr"/>
<opset="V_V_1_addr_12/15 "/>
</bind>
</comp>

<comp id="1427" class="1004" name="V_V_1_addr_13_gep_fu_1427">
<pin_list>
<pin id="1428" dir="0" index="0" bw="16" slack="0"/>
<pin id="1429" dir="0" index="1" bw="1" slack="0"/>
<pin id="1430" dir="0" index="2" bw="6" slack="0"/>
<pin id="1431" dir="1" index="3" bw="6" slack="0"/>
</pin_list>
<bind>
<opcode="getelementptr(29) " fcode="getelementptr"/>
<opset="V_V_1_addr_13/15 "/>
</bind>
</comp>

<comp id="1434" class="1004" name="V_V_2_addr_12_gep_fu_1434">
<pin_list>
<pin id="1435" dir="0" index="0" bw="16" slack="0"/>
<pin id="1436" dir="0" index="1" bw="1" slack="0"/>
<pin id="1437" dir="0" index="2" bw="6" slack="0"/>
<pin id="1438" dir="1" index="3" bw="6" slack="0"/>
</pin_list>
<bind>
<opcode="getelementptr(29) " fcode="getelementptr"/>
<opset="V_V_2_addr_12/15 "/>
</bind>
</comp>

<comp id="1441" class="1004" name="V_V_2_addr_13_gep_fu_1441">
<pin_list>
<pin id="1442" dir="0" index="0" bw="16" slack="0"/>
<pin id="1443" dir="0" index="1" bw="1" slack="0"/>
<pin id="1444" dir="0" index="2" bw="6" slack="0"/>
<pin id="1445" dir="1" index="3" bw="6" slack="0"/>
</pin_list>
<bind>
<opcode="getelementptr(29) " fcode="getelementptr"/>
<opset="V_V_2_addr_13/15 "/>
</bind>
</comp>

<comp id="1448" class="1004" name="V_V_3_addr_12_gep_fu_1448">
<pin_list>
<pin id="1449" dir="0" index="0" bw="16" slack="0"/>
<pin id="1450" dir="0" index="1" bw="1" slack="0"/>
<pin id="1451" dir="0" index="2" bw="6" slack="0"/>
<pin id="1452" dir="1" index="3" bw="6" slack="0"/>
</pin_list>
<bind>
<opcode="getelementptr(29) " fcode="getelementptr"/>
<opset="V_V_3_addr_12/15 "/>
</bind>
</comp>

<comp id="1455" class="1004" name="V_V_3_addr_13_gep_fu_1455">
<pin_list>
<pin id="1456" dir="0" index="0" bw="16" slack="0"/>
<pin id="1457" dir="0" index="1" bw="1" slack="0"/>
<pin id="1458" dir="0" index="2" bw="6" slack="0"/>
<pin id="1459" dir="1" index="3" bw="6" slack="0"/>
</pin_list>
<bind>
<opcode="getelementptr(29) " fcode="getelementptr"/>
<opset="V_V_3_addr_13/15 "/>
</bind>
</comp>

<comp id="1470" class="1004" name="K_V_addr_16_gep_fu_1470">
<pin_list>
<pin id="1471" dir="0" index="0" bw="16" slack="0"/>
<pin id="1472" dir="0" index="1" bw="1" slack="0"/>
<pin id="1473" dir="0" index="2" bw="6" slack="0"/>
<pin id="1474" dir="1" index="3" bw="6" slack="0"/>
</pin_list>
<bind>
<opcode="getelementptr(29) " fcode="getelementptr"/>
<opset="K_V_addr_16/16 "/>
</bind>
</comp>

<comp id="1477" class="1004" name="K_V_1_addr_16_gep_fu_1477">
<pin_list>
<pin id="1478" dir="0" index="0" bw="16" slack="0"/>
<pin id="1479" dir="0" index="1" bw="1" slack="0"/>
<pin id="1480" dir="0" index="2" bw="6" slack="0"/>
<pin id="1481" dir="1" index="3" bw="6" slack="0"/>
</pin_list>
<bind>
<opcode="getelementptr(29) " fcode="getelementptr"/>
<opset="K_V_1_addr_16/16 "/>
</bind>
</comp>

<comp id="1484" class="1004" name="K_V_2_addr_16_gep_fu_1484">
<pin_list>
<pin id="1485" dir="0" index="0" bw="16" slack="0"/>
<pin id="1486" dir="0" index="1" bw="1" slack="0"/>
<pin id="1487" dir="0" index="2" bw="6" slack="0"/>
<pin id="1488" dir="1" index="3" bw="6" slack="0"/>
</pin_list>
<bind>
<opcode="getelementptr(29) " fcode="getelementptr"/>
<opset="K_V_2_addr_16/16 "/>
</bind>
</comp>

<comp id="1491" class="1004" name="K_V_3_addr_16_gep_fu_1491">
<pin_list>
<pin id="1492" dir="0" index="0" bw="16" slack="0"/>
<pin id="1493" dir="0" index="1" bw="1" slack="0"/>
<pin id="1494" dir="0" index="2" bw="6" slack="0"/>
<pin id="1495" dir="1" index="3" bw="6" slack="0"/>
</pin_list>
<bind>
<opcode="getelementptr(29) " fcode="getelementptr"/>
<opset="K_V_3_addr_16/16 "/>
</bind>
</comp>

<comp id="1502" class="1004" name="K_V_addr_32_gep_fu_1502">
<pin_list>
<pin id="1503" dir="0" index="0" bw="16" slack="0"/>
<pin id="1504" dir="0" index="1" bw="1" slack="0"/>
<pin id="1505" dir="0" index="2" bw="6" slack="0"/>
<pin id="1506" dir="1" index="3" bw="6" slack="0"/>
</pin_list>
<bind>
<opcode="getelementptr(29) " fcode="getelementptr"/>
<opset="K_V_addr_32/16 "/>
</bind>
</comp>

<comp id="1509" class="1004" name="K_V_1_addr_32_gep_fu_1509">
<pin_list>
<pin id="1510" dir="0" index="0" bw="16" slack="0"/>
<pin id="1511" dir="0" index="1" bw="1" slack="0"/>
<pin id="1512" dir="0" index="2" bw="6" slack="0"/>
<pin id="1513" dir="1" index="3" bw="6" slack="0"/>
</pin_list>
<bind>
<opcode="getelementptr(29) " fcode="getelementptr"/>
<opset="K_V_1_addr_32/16 "/>
</bind>
</comp>

<comp id="1516" class="1004" name="K_V_2_addr_32_gep_fu_1516">
<pin_list>
<pin id="1517" dir="0" index="0" bw="16" slack="0"/>
<pin id="1518" dir="0" index="1" bw="1" slack="0"/>
<pin id="1519" dir="0" index="2" bw="6" slack="0"/>
<pin id="1520" dir="1" index="3" bw="6" slack="0"/>
</pin_list>
<bind>
<opcode="getelementptr(29) " fcode="getelementptr"/>
<opset="K_V_2_addr_32/16 "/>
</bind>
</comp>

<comp id="1523" class="1004" name="K_V_3_addr_32_gep_fu_1523">
<pin_list>
<pin id="1524" dir="0" index="0" bw="16" slack="0"/>
<pin id="1525" dir="0" index="1" bw="1" slack="0"/>
<pin id="1526" dir="0" index="2" bw="6" slack="0"/>
<pin id="1527" dir="1" index="3" bw="6" slack="0"/>
</pin_list>
<bind>
<opcode="getelementptr(29) " fcode="getelementptr"/>
<opset="K_V_3_addr_32/16 "/>
</bind>
</comp>

<comp id="1534" class="1004" name="V_V_addr_14_gep_fu_1534">
<pin_list>
<pin id="1535" dir="0" index="0" bw="16" slack="0"/>
<pin id="1536" dir="0" index="1" bw="1" slack="0"/>
<pin id="1537" dir="0" index="2" bw="6" slack="0"/>
<pin id="1538" dir="1" index="3" bw="6" slack="0"/>
</pin_list>
<bind>
<opcode="getelementptr(29) " fcode="getelementptr"/>
<opset="V_V_addr_14/16 "/>
</bind>
</comp>

<comp id="1541" class="1004" name="V_V_addr_15_gep_fu_1541">
<pin_list>
<pin id="1542" dir="0" index="0" bw="16" slack="0"/>
<pin id="1543" dir="0" index="1" bw="1" slack="0"/>
<pin id="1544" dir="0" index="2" bw="6" slack="0"/>
<pin id="1545" dir="1" index="3" bw="6" slack="0"/>
</pin_list>
<bind>
<opcode="getelementptr(29) " fcode="getelementptr"/>
<opset="V_V_addr_15/16 "/>
</bind>
</comp>

<comp id="1548" class="1004" name="V_V_1_addr_14_gep_fu_1548">
<pin_list>
<pin id="1549" dir="0" index="0" bw="16" slack="0"/>
<pin id="1550" dir="0" index="1" bw="1" slack="0"/>
<pin id="1551" dir="0" index="2" bw="6" slack="0"/>
<pin id="1552" dir="1" index="3" bw="6" slack="0"/>
</pin_list>
<bind>
<opcode="getelementptr(29) " fcode="getelementptr"/>
<opset="V_V_1_addr_14/16 "/>
</bind>
</comp>

<comp id="1555" class="1004" name="V_V_1_addr_15_gep_fu_1555">
<pin_list>
<pin id="1556" dir="0" index="0" bw="16" slack="0"/>
<pin id="1557" dir="0" index="1" bw="1" slack="0"/>
<pin id="1558" dir="0" index="2" bw="6" slack="0"/>
<pin id="1559" dir="1" index="3" bw="6" slack="0"/>
</pin_list>
<bind>
<opcode="getelementptr(29) " fcode="getelementptr"/>
<opset="V_V_1_addr_15/16 "/>
</bind>
</comp>

<comp id="1562" class="1004" name="V_V_2_addr_14_gep_fu_1562">
<pin_list>
<pin id="1563" dir="0" index="0" bw="16" slack="0"/>
<pin id="1564" dir="0" index="1" bw="1" slack="0"/>
<pin id="1565" dir="0" index="2" bw="6" slack="0"/>
<pin id="1566" dir="1" index="3" bw="6" slack="0"/>
</pin_list>
<bind>
<opcode="getelementptr(29) " fcode="getelementptr"/>
<opset="V_V_2_addr_14/16 "/>
</bind>
</comp>

<comp id="1569" class="1004" name="V_V_2_addr_15_gep_fu_1569">
<pin_list>
<pin id="1570" dir="0" index="0" bw="16" slack="0"/>
<pin id="1571" dir="0" index="1" bw="1" slack="0"/>
<pin id="1572" dir="0" index="2" bw="6" slack="0"/>
<pin id="1573" dir="1" index="3" bw="6" slack="0"/>
</pin_list>
<bind>
<opcode="getelementptr(29) " fcode="getelementptr"/>
<opset="V_V_2_addr_15/16 "/>
</bind>
</comp>

<comp id="1576" class="1004" name="V_V_3_addr_14_gep_fu_1576">
<pin_list>
<pin id="1577" dir="0" index="0" bw="16" slack="0"/>
<pin id="1578" dir="0" index="1" bw="1" slack="0"/>
<pin id="1579" dir="0" index="2" bw="6" slack="0"/>
<pin id="1580" dir="1" index="3" bw="6" slack="0"/>
</pin_list>
<bind>
<opcode="getelementptr(29) " fcode="getelementptr"/>
<opset="V_V_3_addr_14/16 "/>
</bind>
</comp>

<comp id="1583" class="1004" name="V_V_3_addr_15_gep_fu_1583">
<pin_list>
<pin id="1584" dir="0" index="0" bw="16" slack="0"/>
<pin id="1585" dir="0" index="1" bw="1" slack="0"/>
<pin id="1586" dir="0" index="2" bw="6" slack="0"/>
<pin id="1587" dir="1" index="3" bw="6" slack="0"/>
</pin_list>
<bind>
<opcode="getelementptr(29) " fcode="getelementptr"/>
<opset="V_V_3_addr_15/16 "/>
</bind>
</comp>

<comp id="1598" class="1004" name="K_V_addr_17_gep_fu_1598">
<pin_list>
<pin id="1599" dir="0" index="0" bw="16" slack="0"/>
<pin id="1600" dir="0" index="1" bw="1" slack="0"/>
<pin id="1601" dir="0" index="2" bw="6" slack="0"/>
<pin id="1602" dir="1" index="3" bw="6" slack="0"/>
</pin_list>
<bind>
<opcode="getelementptr(29) " fcode="getelementptr"/>
<opset="K_V_addr_17/17 "/>
</bind>
</comp>

<comp id="1605" class="1004" name="K_V_addr_18_gep_fu_1605">
<pin_list>
<pin id="1606" dir="0" index="0" bw="16" slack="0"/>
<pin id="1607" dir="0" index="1" bw="1" slack="0"/>
<pin id="1608" dir="0" index="2" bw="6" slack="0"/>
<pin id="1609" dir="1" index="3" bw="6" slack="0"/>
</pin_list>
<bind>
<opcode="getelementptr(29) " fcode="getelementptr"/>
<opset="K_V_addr_18/17 "/>
</bind>
</comp>

<comp id="1612" class="1004" name="K_V_1_addr_17_gep_fu_1612">
<pin_list>
<pin id="1613" dir="0" index="0" bw="16" slack="0"/>
<pin id="1614" dir="0" index="1" bw="1" slack="0"/>
<pin id="1615" dir="0" index="2" bw="6" slack="0"/>
<pin id="1616" dir="1" index="3" bw="6" slack="0"/>
</pin_list>
<bind>
<opcode="getelementptr(29) " fcode="getelementptr"/>
<opset="K_V_1_addr_17/17 "/>
</bind>
</comp>

<comp id="1619" class="1004" name="K_V_1_addr_18_gep_fu_1619">
<pin_list>
<pin id="1620" dir="0" index="0" bw="16" slack="0"/>
<pin id="1621" dir="0" index="1" bw="1" slack="0"/>
<pin id="1622" dir="0" index="2" bw="6" slack="0"/>
<pin id="1623" dir="1" index="3" bw="6" slack="0"/>
</pin_list>
<bind>
<opcode="getelementptr(29) " fcode="getelementptr"/>
<opset="K_V_1_addr_18/17 "/>
</bind>
</comp>

<comp id="1626" class="1004" name="K_V_2_addr_17_gep_fu_1626">
<pin_list>
<pin id="1627" dir="0" index="0" bw="16" slack="0"/>
<pin id="1628" dir="0" index="1" bw="1" slack="0"/>
<pin id="1629" dir="0" index="2" bw="6" slack="0"/>
<pin id="1630" dir="1" index="3" bw="6" slack="0"/>
</pin_list>
<bind>
<opcode="getelementptr(29) " fcode="getelementptr"/>
<opset="K_V_2_addr_17/17 "/>
</bind>
</comp>

<comp id="1633" class="1004" name="K_V_2_addr_18_gep_fu_1633">
<pin_list>
<pin id="1634" dir="0" index="0" bw="16" slack="0"/>
<pin id="1635" dir="0" index="1" bw="1" slack="0"/>
<pin id="1636" dir="0" index="2" bw="6" slack="0"/>
<pin id="1637" dir="1" index="3" bw="6" slack="0"/>
</pin_list>
<bind>
<opcode="getelementptr(29) " fcode="getelementptr"/>
<opset="K_V_2_addr_18/17 "/>
</bind>
</comp>

<comp id="1640" class="1004" name="K_V_3_addr_17_gep_fu_1640">
<pin_list>
<pin id="1641" dir="0" index="0" bw="16" slack="0"/>
<pin id="1642" dir="0" index="1" bw="1" slack="0"/>
<pin id="1643" dir="0" index="2" bw="6" slack="0"/>
<pin id="1644" dir="1" index="3" bw="6" slack="0"/>
</pin_list>
<bind>
<opcode="getelementptr(29) " fcode="getelementptr"/>
<opset="K_V_3_addr_17/17 "/>
</bind>
</comp>

<comp id="1647" class="1004" name="K_V_3_addr_18_gep_fu_1647">
<pin_list>
<pin id="1648" dir="0" index="0" bw="16" slack="0"/>
<pin id="1649" dir="0" index="1" bw="1" slack="0"/>
<pin id="1650" dir="0" index="2" bw="6" slack="0"/>
<pin id="1651" dir="1" index="3" bw="6" slack="0"/>
</pin_list>
<bind>
<opcode="getelementptr(29) " fcode="getelementptr"/>
<opset="K_V_3_addr_18/17 "/>
</bind>
</comp>

<comp id="1662" class="1004" name="K_V_addr_33_gep_fu_1662">
<pin_list>
<pin id="1663" dir="0" index="0" bw="16" slack="0"/>
<pin id="1664" dir="0" index="1" bw="1" slack="0"/>
<pin id="1665" dir="0" index="2" bw="6" slack="0"/>
<pin id="1666" dir="1" index="3" bw="6" slack="0"/>
</pin_list>
<bind>
<opcode="getelementptr(29) " fcode="getelementptr"/>
<opset="K_V_addr_33/17 "/>
</bind>
</comp>

<comp id="1669" class="1004" name="K_V_addr_34_gep_fu_1669">
<pin_list>
<pin id="1670" dir="0" index="0" bw="16" slack="0"/>
<pin id="1671" dir="0" index="1" bw="1" slack="0"/>
<pin id="1672" dir="0" index="2" bw="6" slack="0"/>
<pin id="1673" dir="1" index="3" bw="6" slack="0"/>
</pin_list>
<bind>
<opcode="getelementptr(29) " fcode="getelementptr"/>
<opset="K_V_addr_34/17 "/>
</bind>
</comp>

<comp id="1676" class="1004" name="K_V_1_addr_33_gep_fu_1676">
<pin_list>
<pin id="1677" dir="0" index="0" bw="16" slack="0"/>
<pin id="1678" dir="0" index="1" bw="1" slack="0"/>
<pin id="1679" dir="0" index="2" bw="6" slack="0"/>
<pin id="1680" dir="1" index="3" bw="6" slack="0"/>
</pin_list>
<bind>
<opcode="getelementptr(29) " fcode="getelementptr"/>
<opset="K_V_1_addr_33/17 "/>
</bind>
</comp>

<comp id="1683" class="1004" name="K_V_1_addr_34_gep_fu_1683">
<pin_list>
<pin id="1684" dir="0" index="0" bw="16" slack="0"/>
<pin id="1685" dir="0" index="1" bw="1" slack="0"/>
<pin id="1686" dir="0" index="2" bw="6" slack="0"/>
<pin id="1687" dir="1" index="3" bw="6" slack="0"/>
</pin_list>
<bind>
<opcode="getelementptr(29) " fcode="getelementptr"/>
<opset="K_V_1_addr_34/17 "/>
</bind>
</comp>

<comp id="1690" class="1004" name="K_V_2_addr_33_gep_fu_1690">
<pin_list>
<pin id="1691" dir="0" index="0" bw="16" slack="0"/>
<pin id="1692" dir="0" index="1" bw="1" slack="0"/>
<pin id="1693" dir="0" index="2" bw="6" slack="0"/>
<pin id="1694" dir="1" index="3" bw="6" slack="0"/>
</pin_list>
<bind>
<opcode="getelementptr(29) " fcode="getelementptr"/>
<opset="K_V_2_addr_33/17 "/>
</bind>
</comp>

<comp id="1697" class="1004" name="K_V_2_addr_34_gep_fu_1697">
<pin_list>
<pin id="1698" dir="0" index="0" bw="16" slack="0"/>
<pin id="1699" dir="0" index="1" bw="1" slack="0"/>
<pin id="1700" dir="0" index="2" bw="6" slack="0"/>
<pin id="1701" dir="1" index="3" bw="6" slack="0"/>
</pin_list>
<bind>
<opcode="getelementptr(29) " fcode="getelementptr"/>
<opset="K_V_2_addr_34/17 "/>
</bind>
</comp>

<comp id="1704" class="1004" name="K_V_3_addr_33_gep_fu_1704">
<pin_list>
<pin id="1705" dir="0" index="0" bw="16" slack="0"/>
<pin id="1706" dir="0" index="1" bw="1" slack="0"/>
<pin id="1707" dir="0" index="2" bw="6" slack="0"/>
<pin id="1708" dir="1" index="3" bw="6" slack="0"/>
</pin_list>
<bind>
<opcode="getelementptr(29) " fcode="getelementptr"/>
<opset="K_V_3_addr_33/17 "/>
</bind>
</comp>

<comp id="1711" class="1004" name="K_V_3_addr_34_gep_fu_1711">
<pin_list>
<pin id="1712" dir="0" index="0" bw="16" slack="0"/>
<pin id="1713" dir="0" index="1" bw="1" slack="0"/>
<pin id="1714" dir="0" index="2" bw="6" slack="0"/>
<pin id="1715" dir="1" index="3" bw="6" slack="0"/>
</pin_list>
<bind>
<opcode="getelementptr(29) " fcode="getelementptr"/>
<opset="K_V_3_addr_34/17 "/>
</bind>
</comp>

<comp id="1726" class="1004" name="KV_V_addr_gep_fu_1726">
<pin_list>
<pin id="1727" dir="0" index="0" bw="16" slack="0"/>
<pin id="1728" dir="0" index="1" bw="1" slack="0"/>
<pin id="1729" dir="0" index="2" bw="6" slack="0"/>
<pin id="1730" dir="1" index="3" bw="6" slack="0"/>
</pin_list>
<bind>
<opcode="getelementptr(29) " fcode="getelementptr"/>
<opset="KV_V_addr/23 "/>
</bind>
</comp>

<comp id="1733" class="1004" name="KV_V_1_addr_gep_fu_1733">
<pin_list>
<pin id="1734" dir="0" index="0" bw="16" slack="0"/>
<pin id="1735" dir="0" index="1" bw="1" slack="0"/>
<pin id="1736" dir="0" index="2" bw="6" slack="0"/>
<pin id="1737" dir="1" index="3" bw="6" slack="0"/>
</pin_list>
<bind>
<opcode="getelementptr(29) " fcode="getelementptr"/>
<opset="KV_V_1_addr/23 "/>
</bind>
</comp>

<comp id="1740" class="1004" name="KV_V_2_addr_gep_fu_1740">
<pin_list>
<pin id="1741" dir="0" index="0" bw="16" slack="0"/>
<pin id="1742" dir="0" index="1" bw="1" slack="0"/>
<pin id="1743" dir="0" index="2" bw="6" slack="0"/>
<pin id="1744" dir="1" index="3" bw="6" slack="0"/>
</pin_list>
<bind>
<opcode="getelementptr(29) " fcode="getelementptr"/>
<opset="KV_V_2_addr/23 "/>
</bind>
</comp>

<comp id="1747" class="1004" name="KV_V_3_addr_gep_fu_1747">
<pin_list>
<pin id="1748" dir="0" index="0" bw="16" slack="0"/>
<pin id="1749" dir="0" index="1" bw="1" slack="0"/>
<pin id="1750" dir="0" index="2" bw="6" slack="0"/>
<pin id="1751" dir="1" index="3" bw="6" slack="0"/>
</pin_list>
<bind>
<opcode="getelementptr(29) " fcode="getelementptr"/>
<opset="KV_V_3_addr/23 "/>
</bind>
</comp>

<comp id="1754" class="1004" name="store_ln129_access_fu_1754">
<pin_list>
<pin id="1755" dir="0" index="0" bw="6" slack="0"/>
<pin id="1756" dir="0" index="1" bw="16" slack="0"/>
<pin id="1757" dir="0" index="2" bw="0" slack="2147483647"/>
<pin id="1758" dir="1" index="3" bw="16" slack="2147483647"/>
</pin_list>
<bind>
<opcode="store(28) " fcode="store"/>
<opset="store_ln129/23 "/>
</bind>
</comp>

<comp id="1760" class="1004" name="store_ln129_access_fu_1760">
<pin_list>
<pin id="1761" dir="0" index="0" bw="6" slack="0"/>
<pin id="1762" dir="0" index="1" bw="16" slack="0"/>
<pin id="1763" dir="0" index="2" bw="0" slack="2147483647"/>
<pin id="1764" dir="1" index="3" bw="16" slack="2147483647"/>
</pin_list>
<bind>
<opcode="store(28) " fcode="store"/>
<opset="store_ln129/23 "/>
</bind>
</comp>

<comp id="1766" class="1004" name="store_ln129_access_fu_1766">
<pin_list>
<pin id="1767" dir="0" index="0" bw="6" slack="0"/>
<pin id="1768" dir="0" index="1" bw="16" slack="0"/>
<pin id="1769" dir="0" index="2" bw="0" slack="2147483647"/>
<pin id="1770" dir="1" index="3" bw="16" slack="2147483647"/>
</pin_list>
<bind>
<opcode="store(28) " fcode="store"/>
<opset="store_ln129/23 "/>
</bind>
</comp>

<comp id="1772" class="1004" name="store_ln129_access_fu_1772">
<pin_list>
<pin id="1773" dir="0" index="0" bw="6" slack="0"/>
<pin id="1774" dir="0" index="1" bw="16" slack="0"/>
<pin id="1775" dir="0" index="2" bw="0" slack="2147483647"/>
<pin id="1776" dir="1" index="3" bw="16" slack="2147483647"/>
</pin_list>
<bind>
<opcode="store(28) " fcode="store"/>
<opset="store_ln129/23 "/>
</bind>
</comp>

<comp id="1778" class="1004" name="grp_fu_1778">
<pin_list>
<pin id="1779" dir="0" index="0" bw="16" slack="0"/>
<pin id="1780" dir="0" index="1" bw="16" slack="0"/>
<pin id="1781" dir="0" index="2" bw="16" slack="0"/>
<pin id="1782" dir="0" index="3" bw="16" slack="0"/>
<pin id="1783" dir="0" index="4" bw="16" slack="0"/>
<pin id="1784" dir="0" index="5" bw="2" slack="1"/>
<pin id="1785" dir="1" index="6" bw="16" slack="0"/>
</pin_list>
<bind>
<opcode="mux(1196) " fcode="mux"/>
<opset="tmp_16/2 tmp_18/3 tmp_20/4 tmp_22/5 tmp_24/6 tmp_26/7 tmp_28/16 tmp_30/17 "/>
</bind>
</comp>

<comp id="1791" class="1004" name="grp_fu_1791">
<pin_list>
<pin id="1792" dir="0" index="0" bw="16" slack="0"/>
<pin id="1793" dir="0" index="1" bw="16" slack="0"/>
<pin id="1794" dir="0" index="2" bw="16" slack="0"/>
<pin id="1795" dir="0" index="3" bw="16" slack="0"/>
<pin id="1796" dir="0" index="4" bw="16" slack="0"/>
<pin id="1797" dir="0" index="5" bw="2" slack="1"/>
<pin id="1798" dir="1" index="6" bw="16" slack="0"/>
</pin_list>
<bind>
<opcode="mux(1196) " fcode="mux"/>
<opset="tmp_17/2 tmp_19/3 tmp_21/4 tmp_23/5 tmp_25/6 tmp_27/15 tmp_29/16 tmp_31/17 "/>
</bind>
</comp>

<comp id="1804" class="1004" name="grp_fu_1804">
<pin_list>
<pin id="1805" dir="0" index="0" bw="16" slack="0"/>
<pin id="1806" dir="0" index="1" bw="16" slack="0"/>
<pin id="1807" dir="0" index="2" bw="16" slack="0"/>
<pin id="1808" dir="0" index="3" bw="16" slack="0"/>
<pin id="1809" dir="0" index="4" bw="16" slack="0"/>
<pin id="1810" dir="0" index="5" bw="2" slack="2"/>
<pin id="1811" dir="1" index="6" bw="16" slack="0"/>
</pin_list>
<bind>
<opcode="mux(1196) " fcode="mux"/>
<opset="r_V/3 r_V_6/4 r_V_9/5 r_V_12/6 r_V_16/7 r_V_19/8 r_V_22/9 r_V_24/18 "/>
</bind>
</comp>

<comp id="1817" class="1004" name="grp_fu_1817">
<pin_list>
<pin id="1818" dir="0" index="0" bw="16" slack="0"/>
<pin id="1819" dir="0" index="1" bw="16" slack="0"/>
<pin id="1820" dir="0" index="2" bw="16" slack="0"/>
<pin id="1821" dir="0" index="3" bw="16" slack="0"/>
<pin id="1822" dir="0" index="4" bw="16" slack="0"/>
<pin id="1823" dir="0" index="5" bw="2" slack="2"/>
<pin id="1824" dir="1" index="6" bw="16" slack="0"/>
</pin_list>
<bind>
<opcode="mux(1196) " fcode="mux"/>
<opset="r_V_3/3 r_V_8/4 r_V_10/5 r_V_14/6 r_V_18/7 r_V_20/8 r_V_23/17 r_V_26/18 "/>
</bind>
</comp>

<comp id="1830" class="1004" name="grp_fu_1830">
<pin_list>
<pin id="1831" dir="0" index="0" bw="16" slack="0"/>
<pin id="1832" dir="0" index="1" bw="16" slack="0"/>
<pin id="1833" dir="0" index="2" bw="16" slack="0"/>
<pin id="1834" dir="0" index="3" bw="16" slack="0"/>
<pin id="1835" dir="0" index="4" bw="16" slack="0"/>
<pin id="1836" dir="0" index="5" bw="2" slack="2"/>
<pin id="1837" dir="1" index="6" bw="16" slack="0"/>
</pin_list>
<bind>
<opcode="mux(1196) " fcode="mux"/>
<opset="r_V_873_mid1/3 r_V_875_mid1/4 r_V_877_mid1/5 r_V_879_mid1/6 r_V_881_mid1/7 r_V_883_mid1/8 r_V_885_mid1/9 r_V_887_mid1/18 "/>
</bind>
</comp>

<comp id="1843" class="1004" name="grp_fu_1843">
<pin_list>
<pin id="1844" dir="0" index="0" bw="1" slack="2"/>
<pin id="1845" dir="0" index="1" bw="16" slack="0"/>
<pin id="1846" dir="0" index="2" bw="16" slack="0"/>
<pin id="1847" dir="1" index="3" bw="16" slack="1"/>
</pin_list>
<bind>
<opcode="select(49) " fcode="select"/>
<opset="select_ln121_2/3 select_ln121_4/4 select_ln121_6/5 select_ln121_8/6 select_ln121_10/7 select_ln121_12/8 select_ln121_14/9 select_ln121_16/18 "/>
</bind>
</comp>

<comp id="1850" class="1004" name="grp_fu_1850">
<pin_list>
<pin id="1851" dir="0" index="0" bw="16" slack="0"/>
<pin id="1852" dir="0" index="1" bw="16" slack="0"/>
<pin id="1853" dir="0" index="2" bw="16" slack="0"/>
<pin id="1854" dir="0" index="3" bw="16" slack="0"/>
<pin id="1855" dir="0" index="4" bw="16" slack="0"/>
<pin id="1856" dir="0" index="5" bw="2" slack="2"/>
<pin id="1857" dir="1" index="6" bw="16" slack="0"/>
</pin_list>
<bind>
<opcode="mux(1196) " fcode="mux"/>
<opset="r_V_874_mid1/3 r_V_876_mid1/4 r_V_878_mid1/5 r_V_880_mid1/6 r_V_882_mid1/7 r_V_884_mid1/8 r_V_886_mid1/17 r_V_888_mid1/18 "/>
</bind>
</comp>

<comp id="1863" class="1004" name="grp_fu_1863">
<pin_list>
<pin id="1864" dir="0" index="0" bw="1" slack="2"/>
<pin id="1865" dir="0" index="1" bw="16" slack="0"/>
<pin id="1866" dir="0" index="2" bw="16" slack="0"/>
<pin id="1867" dir="1" index="3" bw="16" slack="0"/>
</pin_list>
<bind>
<opcode="select(49) " fcode="select"/>
<opset="select_ln121_3/3 select_ln121_5/4 select_ln121_7/5 select_ln121_9/6 select_ln121_11/7 select_ln121_13/8 select_ln121_15/17 select_ln121_17/18 "/>
</bind>
</comp>

<comp id="1870" class="1005" name="reg_1870">
<pin_list>
<pin id="1871" dir="0" index="0" bw="16" slack="2"/>
<pin id="1872" dir="1" index="1" bw="16" slack="2"/>
</pin_list>
<bind>
<opset="tmp_16 tmp_20 "/>
</bind>
</comp>

<comp id="1874" class="1005" name="reg_1874">
<pin_list>
<pin id="1875" dir="0" index="0" bw="16" slack="1"/>
<pin id="1876" dir="1" index="1" bw="16" slack="1"/>
</pin_list>
<bind>
<opset="tmp_17 tmp_29 "/>
</bind>
</comp>

<comp id="1878" class="1005" name="reg_1878">
<pin_list>
<pin id="1879" dir="0" index="0" bw="16" slack="1"/>
<pin id="1880" dir="1" index="1" bw="16" slack="1"/>
</pin_list>
<bind>
<opset="select_ln121_2 select_ln121_4 select_ln121_8 select_ln121_16 "/>
</bind>
</comp>

<comp id="1882" class="1005" name="reg_1882">
<pin_list>
<pin id="1883" dir="0" index="0" bw="16" slack="2"/>
<pin id="1884" dir="1" index="1" bw="16" slack="2"/>
</pin_list>
<bind>
<opset="select_ln121_3 select_ln121_7 "/>
</bind>
</comp>

<comp id="1886" class="1005" name="reg_1886">
<pin_list>
<pin id="1887" dir="0" index="0" bw="16" slack="2"/>
<pin id="1888" dir="1" index="1" bw="16" slack="2"/>
</pin_list>
<bind>
<opset="tmp_18 tmp_30 "/>
</bind>
</comp>

<comp id="1890" class="1005" name="reg_1890">
<pin_list>
<pin id="1891" dir="0" index="0" bw="16" slack="2"/>
<pin id="1892" dir="1" index="1" bw="16" slack="2"/>
</pin_list>
<bind>
<opset="select_ln121_5 select_ln121_17 "/>
</bind>
</comp>

<comp id="1894" class="1005" name="reg_1894">
<pin_list>
<pin id="1895" dir="0" index="0" bw="16" slack="3"/>
<pin id="1896" dir="1" index="1" bw="16" slack="3"/>
</pin_list>
<bind>
<opset="tmp_21 tmp_31 "/>
</bind>
</comp>

<comp id="1898" class="1004" name="store_ln0_store_fu_1898">
<pin_list>
<pin id="1899" dir="0" index="0" bw="1" slack="0"/>
<pin id="1900" dir="0" index="1" bw="9" slack="0"/>
<pin id="1901" dir="1" index="2" bw="0" slack="2147483647"/>
</pin_list>
<bind>
<opcode="store(28) " fcode="store"/>
<opset="store_ln0/1 "/>
</bind>
</comp>

<comp id="1903" class="1004" name="store_ln0_store_fu_1903">
<pin_list>
<pin id="1904" dir="0" index="0" bw="1" slack="0"/>
<pin id="1905" dir="0" index="1" bw="5" slack="0"/>
<pin id="1906" dir="1" index="2" bw="0" slack="2147483647"/>
</pin_list>
<bind>
<opcode="store(28) " fcode="store"/>
<opset="store_ln0/1 "/>
</bind>
</comp>

<comp id="1908" class="1004" name="store_ln0_store_fu_1908">
<pin_list>
<pin id="1909" dir="0" index="0" bw="1" slack="0"/>
<pin id="1910" dir="0" index="1" bw="5" slack="0"/>
<pin id="1911" dir="1" index="2" bw="0" slack="2147483647"/>
</pin_list>
<bind>
<opcode="store(28) " fcode="store"/>
<opset="store_ln0/1 "/>
</bind>
</comp>

<comp id="1913" class="1004" name="d1_1_load_fu_1913">
<pin_list>
<pin id="1914" dir="0" index="0" bw="5" slack="0"/>
<pin id="1915" dir="1" index="1" bw="5" slack="0"/>
</pin_list>
<bind>
<opcode="load(27) " fcode="load"/>
<opset="d1_1/1 "/>
</bind>
</comp>

<comp id="1916" class="1004" name="indvar_flatten_load_load_fu_1916">
<pin_list>
<pin id="1917" dir="0" index="0" bw="9" slack="0"/>
<pin id="1918" dir="1" index="1" bw="9" slack="0"/>
</pin_list>
<bind>
<opcode="load(27) " fcode="load"/>
<opset="indvar_flatten_load/1 "/>
</bind>
</comp>

<comp id="1919" class="1004" name="tmp_s_fu_1919">
<pin_list>
<pin id="1920" dir="0" index="0" bw="2" slack="0"/>
<pin id="1921" dir="0" index="1" bw="5" slack="0"/>
<pin id="1922" dir="0" index="2" bw="3" slack="0"/>
<pin id="1923" dir="0" index="3" bw="3" slack="0"/>
<pin id="1924" dir="1" index="4" bw="2" slack="1"/>
</pin_list>
<bind>
<opcode="partselect(1002) " fcode="partselect"/>
<opset="tmp_s/1 "/>
</bind>
</comp>

<comp id="1929" class="1004" name="empty_fu_1929">
<pin_list>
<pin id="1930" dir="0" index="0" bw="5" slack="0"/>
<pin id="1931" dir="1" index="1" bw="2" slack="1"/>
</pin_list>
<bind>
<opcode="trunc(33) " fcode="trunc"/>
<opset="empty/1 "/>
</bind>
</comp>

<comp id="1933" class="1004" name="icmp_ln121_fu_1933">
<pin_list>
<pin id="1934" dir="0" index="0" bw="9" slack="0"/>
<pin id="1935" dir="0" index="1" bw="9" slack="0"/>
<pin id="1936" dir="1" index="2" bw="1" slack="1"/>
</pin_list>
<bind>
<opcode="icmp(45) " fcode="icmp"/>
<opset="icmp_ln121/1 "/>
</bind>
</comp>

<comp id="1939" class="1004" name="add_ln121_1_fu_1939">
<pin_list>
<pin id="1940" dir="0" index="0" bw="9" slack="0"/>
<pin id="1941" dir="0" index="1" bw="1" slack="0"/>
<pin id="1942" dir="1" index="2" bw="9" slack="0"/>
</pin_list>
<bind>
<opcode="add(8) " fcode="add"/>
<opset="add_ln121_1/1 "/>
</bind>
</comp>

<comp id="1945" class="1004" name="d2_load_load_fu_1945">
<pin_list>
<pin id="1946" dir="0" index="0" bw="5" slack="0"/>
<pin id="1947" dir="1" index="1" bw="5" slack="0"/>
</pin_list>
<bind>
<opcode="load(27) " fcode="load"/>
<opset="d2_load/1 "/>
</bind>
</comp>

<comp id="1948" class="1004" name="add_ln121_fu_1948">
<pin_list>
<pin id="1949" dir="0" index="0" bw="5" slack="0"/>
<pin id="1950" dir="0" index="1" bw="1" slack="0"/>
<pin id="1951" dir="1" index="2" bw="5" slack="0"/>
</pin_list>
<bind>
<opcode="add(8) " fcode="add"/>
<opset="add_ln121/1 "/>
</bind>
</comp>

<comp id="1954" class="1004" name="icmp_ln122_fu_1954">
<pin_list>
<pin id="1955" dir="0" index="0" bw="5" slack="0"/>
<pin id="1956" dir="0" index="1" bw="5" slack="0"/>
<pin id="1957" dir="1" index="2" bw="1" slack="0"/>
</pin_list>
<bind>
<opcode="icmp(45) " fcode="icmp"/>
<opset="icmp_ln122/1 "/>
</bind>
</comp>

<comp id="1960" class="1004" name="select_ln121_fu_1960">
<pin_list>
<pin id="1961" dir="0" index="0" bw="1" slack="0"/>
<pin id="1962" dir="0" index="1" bw="1" slack="0"/>
<pin id="1963" dir="0" index="2" bw="5" slack="0"/>
<pin id="1964" dir="1" index="3" bw="5" slack="0"/>
</pin_list>
<bind>
<opcode="select(49) " fcode="select"/>
<opset="select_ln121/1 "/>
</bind>
</comp>

<comp id="1968" class="1004" name="select_ln121_1_fu_1968">
<pin_list>
<pin id="1969" dir="0" index="0" bw="1" slack="0"/>
<pin id="1970" dir="0" index="1" bw="5" slack="0"/>
<pin id="1971" dir="0" index="2" bw="5" slack="0"/>
<pin id="1972" dir="1" index="3" bw="5" slack="0"/>
</pin_list>
<bind>
<opcode="select(49) " fcode="select"/>
<opset="select_ln121_1/1 "/>
</bind>
</comp>

<comp id="1976" class="1004" name="empty_65_fu_1976">
<pin_list>
<pin id="1977" dir="0" index="0" bw="5" slack="0"/>
<pin id="1978" dir="1" index="1" bw="4" slack="22"/>
</pin_list>
<bind>
<opcode="trunc(33) " fcode="trunc"/>
<opset="empty_65/1 "/>
</bind>
</comp>

<comp id="1980" class="1004" name="p_mid1_fu_1980">
<pin_list>
<pin id="1981" dir="0" index="0" bw="2" slack="0"/>
<pin id="1982" dir="0" index="1" bw="5" slack="0"/>
<pin id="1983" dir="0" index="2" bw="3" slack="0"/>
<pin id="1984" dir="0" index="3" bw="3" slack="0"/>
<pin id="1985" dir="1" index="4" bw="2" slack="1"/>
</pin_list>
<bind>
<opcode="partselect(1002) " fcode="partselect"/>
<opset="p_mid1/1 "/>
</bind>
</comp>

<comp id="1990" class="1004" name="empty_66_fu_1990">
<pin_list>
<pin id="1991" dir="0" index="0" bw="5" slack="0"/>
<pin id="1992" dir="1" index="1" bw="2" slack="1"/>
</pin_list>
<bind>
<opcode="trunc(33) " fcode="trunc"/>
<opset="empty_66/1 "/>
</bind>
</comp>

<comp id="1994" class="1004" name="lshr_ln_fu_1994">
<pin_list>
<pin id="1995" dir="0" index="0" bw="2" slack="0"/>
<pin id="1996" dir="0" index="1" bw="5" slack="0"/>
<pin id="1997" dir="0" index="2" bw="3" slack="0"/>
<pin id="1998" dir="0" index="3" bw="3" slack="0"/>
<pin id="1999" dir="1" index="4" bw="2" slack="0"/>
</pin_list>
<bind>
<opcode="partselect(1002) " fcode="partselect"/>
<opset="lshr_ln/1 "/>
</bind>
</comp>

<comp id="2004" class="1004" name="zext_ln1273_fu_2004">
<pin_list>
<pin id="2005" dir="0" index="0" bw="2" slack="0"/>
<pin id="2006" dir="1" index="1" bw="64" slack="0"/>
</pin_list>
<bind>
<opcode="zext(34) " fcode="zext"/>
<opset="zext_ln1273/1 "/>
</bind>
</comp>

<comp id="2012" class="1004" name="tmp_857_cast_fu_2012">
<pin_list>
<pin id="2013" dir="0" index="0" bw="3" slack="0"/>
<pin id="2014" dir="0" index="1" bw="1" slack="0"/>
<pin id="2015" dir="0" index="2" bw="2" slack="0"/>
<pin id="2016" dir="1" index="3" bw="3" slack="0"/>
</pin_list>
<bind>
<opcode="bitconcatenate(1004) " fcode="bitconcatenate"/>
<opset="tmp_857_cast/1 "/>
</bind>
</comp>

<comp id="2020" class="1004" name="zext_ln1273_2_fu_2020">
<pin_list>
<pin id="2021" dir="0" index="0" bw="3" slack="0"/>
<pin id="2022" dir="1" index="1" bw="64" slack="0"/>
</pin_list>
<bind>
<opcode="zext(34) " fcode="zext"/>
<opset="zext_ln1273_2/1 "/>
</bind>
</comp>

<comp id="2028" class="1004" name="trunc_ln1273_fu_2028">
<pin_list>
<pin id="2029" dir="0" index="0" bw="5" slack="0"/>
<pin id="2030" dir="1" index="1" bw="2" slack="1"/>
</pin_list>
<bind>
<opcode="trunc(33) " fcode="trunc"/>
<opset="trunc_ln1273/1 "/>
</bind>
</comp>

<comp id="2032" class="1004" name="add_ln122_fu_2032">
<pin_list>
<pin id="2033" dir="0" index="0" bw="5" slack="0"/>
<pin id="2034" dir="0" index="1" bw="1" slack="0"/>
<pin id="2035" dir="1" index="2" bw="5" slack="0"/>
</pin_list>
<bind>
<opcode="add(8) " fcode="add"/>
<opset="add_ln122/1 "/>
</bind>
</comp>

<comp id="2038" class="1004" name="store_ln122_store_fu_2038">
<pin_list>
<pin id="2039" dir="0" index="0" bw="9" slack="0"/>
<pin id="2040" dir="0" index="1" bw="9" slack="0"/>
<pin id="2041" dir="1" index="2" bw="0" slack="2147483647"/>
</pin_list>
<bind>
<opcode="store(28) " fcode="store"/>
<opset="store_ln122/1 "/>
</bind>
</comp>

<comp id="2043" class="1004" name="store_ln122_store_fu_2043">
<pin_list>
<pin id="2044" dir="0" index="0" bw="5" slack="0"/>
<pin id="2045" dir="0" index="1" bw="5" slack="0"/>
<pin id="2046" dir="1" index="2" bw="0" slack="2147483647"/>
</pin_list>
<bind>
<opcode="store(28) " fcode="store"/>
<opset="store_ln122/1 "/>
</bind>
</comp>

<comp id="2048" class="1004" name="store_ln122_store_fu_2048">
<pin_list>
<pin id="2049" dir="0" index="0" bw="5" slack="0"/>
<pin id="2050" dir="0" index="1" bw="5" slack="0"/>
<pin id="2051" dir="1" index="2" bw="0" slack="2147483647"/>
</pin_list>
<bind>
<opcode="store(28) " fcode="store"/>
<opset="store_ln122/1 "/>
</bind>
</comp>

<comp id="2053" class="1004" name="p_cast_fu_2053">
<pin_list>
<pin id="2054" dir="0" index="0" bw="2" slack="1"/>
<pin id="2055" dir="1" index="1" bw="64" slack="0"/>
</pin_list>
<bind>
<opcode="zext(34) " fcode="zext"/>
<opset="p_cast/2 "/>
</bind>
</comp>

<comp id="2060" class="1004" name="tmp_827_cast_fu_2060">
<pin_list>
<pin id="2061" dir="0" index="0" bw="3" slack="0"/>
<pin id="2062" dir="0" index="1" bw="1" slack="0"/>
<pin id="2063" dir="0" index="2" bw="2" slack="1"/>
<pin id="2064" dir="1" index="3" bw="3" slack="0"/>
</pin_list>
<bind>
<opcode="bitconcatenate(1004) " fcode="bitconcatenate"/>
<opset="tmp_827_cast/2 "/>
</bind>
</comp>

<comp id="2067" class="1004" name="tmp_827_cast_cast_fu_2067">
<pin_list>
<pin id="2068" dir="0" index="0" bw="3" slack="0"/>
<pin id="2069" dir="1" index="1" bw="64" slack="0"/>
</pin_list>
<bind>
<opcode="zext(34) " fcode="zext"/>
<opset="tmp_827_cast_cast/2 "/>
</bind>
</comp>

<comp id="2075" class="1004" name="p_cast_mid1_fu_2075">
<pin_list>
<pin id="2076" dir="0" index="0" bw="2" slack="1"/>
<pin id="2077" dir="1" index="1" bw="64" slack="0"/>
</pin_list>
<bind>
<opcode="zext(34) " fcode="zext"/>
<opset="p_cast_mid1/2 "/>
</bind>
</comp>

<comp id="2082" class="1004" name="tmp_842_cast_fu_2082">
<pin_list>
<pin id="2083" dir="0" index="0" bw="3" slack="0"/>
<pin id="2084" dir="0" index="1" bw="1" slack="0"/>
<pin id="2085" dir="0" index="2" bw="2" slack="1"/>
<pin id="2086" dir="1" index="3" bw="3" slack="0"/>
</pin_list>
<bind>
<opcode="bitconcatenate(1004) " fcode="bitconcatenate"/>
<opset="tmp_842_cast/2 "/>
</bind>
</comp>

<comp id="2089" class="1004" name="tmp_842_cast_cast_fu_2089">
<pin_list>
<pin id="2090" dir="0" index="0" bw="3" slack="0"/>
<pin id="2091" dir="1" index="1" bw="64" slack="0"/>
</pin_list>
<bind>
<opcode="zext(34) " fcode="zext"/>
<opset="tmp_842_cast_cast/2 "/>
</bind>
</comp>

<comp id="2097" class="1004" name="tmp_858_cast_fu_2097">
<pin_list>
<pin id="2098" dir="0" index="0" bw="4" slack="0"/>
<pin id="2099" dir="0" index="1" bw="2" slack="0"/>
<pin id="2100" dir="0" index="2" bw="2" slack="1"/>
<pin id="2101" dir="1" index="3" bw="4" slack="0"/>
</pin_list>
<bind>
<opcode="bitconcatenate(1004) " fcode="bitconcatenate"/>
<opset="tmp_858_cast/2 "/>
</bind>
</comp>

<comp id="2104" class="1004" name="zext_ln1273_3_fu_2104">
<pin_list>
<pin id="2105" dir="0" index="0" bw="4" slack="0"/>
<pin id="2106" dir="1" index="1" bw="64" slack="0"/>
</pin_list>
<bind>
<opcode="zext(34) " fcode="zext"/>
<opset="zext_ln1273_3/2 "/>
</bind>
</comp>

<comp id="2112" class="1004" name="sext_ln1273_fu_2112">
<pin_list>
<pin id="2113" dir="0" index="0" bw="3" slack="1"/>
<pin id="2114" dir="1" index="1" bw="4" slack="0"/>
</pin_list>
<bind>
<opcode="sext(35) " fcode="sext"/>
<opset="sext_ln1273/2 "/>
</bind>
</comp>

<comp id="2115" class="1004" name="zext_ln1273_4_fu_2115">
<pin_list>
<pin id="2116" dir="0" index="0" bw="3" slack="0"/>
<pin id="2117" dir="1" index="1" bw="64" slack="0"/>
</pin_list>
<bind>
<opcode="zext(34) " fcode="zext"/>
<opset="zext_ln1273_4/2 "/>
</bind>
</comp>

<comp id="2123" class="1004" name="tmp_828_cast_fu_2123">
<pin_list>
<pin id="2124" dir="0" index="0" bw="4" slack="0"/>
<pin id="2125" dir="0" index="1" bw="2" slack="0"/>
<pin id="2126" dir="0" index="2" bw="2" slack="2"/>
<pin id="2127" dir="1" index="3" bw="4" slack="0"/>
</pin_list>
<bind>
<opcode="bitconcatenate(1004) " fcode="bitconcatenate"/>
<opset="tmp_828_cast/3 "/>
</bind>
</comp>

<comp id="2130" class="1004" name="tmp_828_cast_cast_fu_2130">
<pin_list>
<pin id="2131" dir="0" index="0" bw="4" slack="0"/>
<pin id="2132" dir="1" index="1" bw="64" slack="0"/>
</pin_list>
<bind>
<opcode="zext(34) " fcode="zext"/>
<opset="tmp_828_cast_cast/3 "/>
</bind>
</comp>

<comp id="2138" class="1004" name="tmp_829_cast_fu_2138">
<pin_list>
<pin id="2139" dir="0" index="0" bw="3" slack="1"/>
<pin id="2140" dir="1" index="1" bw="4" slack="0"/>
</pin_list>
<bind>
<opcode="sext(35) " fcode="sext"/>
<opset="tmp_829_cast/3 "/>
</bind>
</comp>

<comp id="2141" class="1004" name="tmp_829_cast_cast_fu_2141">
<pin_list>
<pin id="2142" dir="0" index="0" bw="3" slack="0"/>
<pin id="2143" dir="1" index="1" bw="64" slack="0"/>
</pin_list>
<bind>
<opcode="zext(34) " fcode="zext"/>
<opset="tmp_829_cast_cast/3 "/>
</bind>
</comp>

<comp id="2149" class="1004" name="tmp_843_cast_fu_2149">
<pin_list>
<pin id="2150" dir="0" index="0" bw="4" slack="0"/>
<pin id="2151" dir="0" index="1" bw="2" slack="0"/>
<pin id="2152" dir="0" index="2" bw="2" slack="2"/>
<pin id="2153" dir="1" index="3" bw="4" slack="0"/>
</pin_list>
<bind>
<opcode="bitconcatenate(1004) " fcode="bitconcatenate"/>
<opset="tmp_843_cast/3 "/>
</bind>
</comp>

<comp id="2156" class="1004" name="tmp_843_cast_cast_fu_2156">
<pin_list>
<pin id="2157" dir="0" index="0" bw="4" slack="0"/>
<pin id="2158" dir="1" index="1" bw="64" slack="0"/>
</pin_list>
<bind>
<opcode="zext(34) " fcode="zext"/>
<opset="tmp_843_cast_cast/3 "/>
</bind>
</comp>

<comp id="2164" class="1004" name="tmp_844_cast_fu_2164">
<pin_list>
<pin id="2165" dir="0" index="0" bw="3" slack="1"/>
<pin id="2166" dir="1" index="1" bw="4" slack="0"/>
</pin_list>
<bind>
<opcode="sext(35) " fcode="sext"/>
<opset="tmp_844_cast/3 "/>
</bind>
</comp>

<comp id="2167" class="1004" name="tmp_844_cast_cast_fu_2167">
<pin_list>
<pin id="2168" dir="0" index="0" bw="3" slack="0"/>
<pin id="2169" dir="1" index="1" bw="64" slack="0"/>
</pin_list>
<bind>
<opcode="zext(34) " fcode="zext"/>
<opset="tmp_844_cast_cast/3 "/>
</bind>
</comp>

<comp id="2175" class="1004" name="zext_ln1273_1_fu_2175">
<pin_list>
<pin id="2176" dir="0" index="0" bw="2" slack="2"/>
<pin id="2177" dir="1" index="1" bw="4" slack="0"/>
</pin_list>
<bind>
<opcode="zext(34) " fcode="zext"/>
<opset="zext_ln1273_1/3 "/>
</bind>
</comp>

<comp id="2178" class="1004" name="tmp_860_cast_fu_2178">
<pin_list>
<pin id="2179" dir="0" index="0" bw="5" slack="0"/>
<pin id="2180" dir="0" index="1" bw="1" slack="0"/>
<pin id="2181" dir="0" index="2" bw="2" slack="0"/>
<pin id="2182" dir="1" index="3" bw="5" slack="0"/>
</pin_list>
<bind>
<opcode="bitconcatenate(1004) " fcode="bitconcatenate"/>
<opset="tmp_860_cast/3 "/>
</bind>
</comp>

<comp id="2186" class="1004" name="zext_ln1273_5_fu_2186">
<pin_list>
<pin id="2187" dir="0" index="0" bw="5" slack="0"/>
<pin id="2188" dir="1" index="1" bw="64" slack="0"/>
</pin_list>
<bind>
<opcode="zext(34) " fcode="zext"/>
<opset="zext_ln1273_5/3 "/>
</bind>
</comp>

<comp id="2194" class="1004" name="tmp_861_cast_fu_2194">
<pin_list>
<pin id="2195" dir="0" index="0" bw="5" slack="0"/>
<pin id="2196" dir="0" index="1" bw="3" slack="0"/>
<pin id="2197" dir="0" index="2" bw="2" slack="2"/>
<pin id="2198" dir="1" index="3" bw="5" slack="0"/>
</pin_list>
<bind>
<opcode="bitconcatenate(1004) " fcode="bitconcatenate"/>
<opset="tmp_861_cast/3 "/>
</bind>
</comp>

<comp id="2201" class="1004" name="zext_ln1273_6_fu_2201">
<pin_list>
<pin id="2202" dir="0" index="0" bw="5" slack="0"/>
<pin id="2203" dir="1" index="1" bw="64" slack="0"/>
</pin_list>
<bind>
<opcode="zext(34) " fcode="zext"/>
<opset="zext_ln1273_6/3 "/>
</bind>
</comp>

<comp id="2209" class="1004" name="tmp_826_cast_fu_2209">
<pin_list>
<pin id="2210" dir="0" index="0" bw="2" slack="3"/>
<pin id="2211" dir="1" index="1" bw="4" slack="0"/>
</pin_list>
<bind>
<opcode="zext(34) " fcode="zext"/>
<opset="tmp_826_cast/4 "/>
</bind>
</comp>

<comp id="2212" class="1004" name="tmp_830_cast_fu_2212">
<pin_list>
<pin id="2213" dir="0" index="0" bw="5" slack="0"/>
<pin id="2214" dir="0" index="1" bw="1" slack="0"/>
<pin id="2215" dir="0" index="2" bw="2" slack="0"/>
<pin id="2216" dir="1" index="3" bw="5" slack="0"/>
</pin_list>
<bind>
<opcode="bitconcatenate(1004) " fcode="bitconcatenate"/>
<opset="tmp_830_cast/4 "/>
</bind>
</comp>

<comp id="2220" class="1004" name="tmp_830_cast_cast_fu_2220">
<pin_list>
<pin id="2221" dir="0" index="0" bw="5" slack="0"/>
<pin id="2222" dir="1" index="1" bw="64" slack="0"/>
</pin_list>
<bind>
<opcode="zext(34) " fcode="zext"/>
<opset="tmp_830_cast_cast/4 "/>
</bind>
</comp>

<comp id="2228" class="1004" name="tmp_831_cast_fu_2228">
<pin_list>
<pin id="2229" dir="0" index="0" bw="5" slack="0"/>
<pin id="2230" dir="0" index="1" bw="3" slack="0"/>
<pin id="2231" dir="0" index="2" bw="2" slack="3"/>
<pin id="2232" dir="1" index="3" bw="5" slack="0"/>
</pin_list>
<bind>
<opcode="bitconcatenate(1004) " fcode="bitconcatenate"/>
<opset="tmp_831_cast/4 "/>
</bind>
</comp>

<comp id="2235" class="1004" name="tmp_831_cast_cast_fu_2235">
<pin_list>
<pin id="2236" dir="0" index="0" bw="5" slack="0"/>
<pin id="2237" dir="1" index="1" bw="64" slack="0"/>
</pin_list>
<bind>
<opcode="zext(34) " fcode="zext"/>
<opset="tmp_831_cast_cast/4 "/>
</bind>
</comp>

<comp id="2243" class="1004" name="p_mid1_cast_fu_2243">
<pin_list>
<pin id="2244" dir="0" index="0" bw="2" slack="3"/>
<pin id="2245" dir="1" index="1" bw="4" slack="0"/>
</pin_list>
<bind>
<opcode="zext(34) " fcode="zext"/>
<opset="p_mid1_cast/4 "/>
</bind>
</comp>

<comp id="2246" class="1004" name="tmp_845_cast_fu_2246">
<pin_list>
<pin id="2247" dir="0" index="0" bw="5" slack="0"/>
<pin id="2248" dir="0" index="1" bw="1" slack="0"/>
<pin id="2249" dir="0" index="2" bw="2" slack="0"/>
<pin id="2250" dir="1" index="3" bw="5" slack="0"/>
</pin_list>
<bind>
<opcode="bitconcatenate(1004) " fcode="bitconcatenate"/>
<opset="tmp_845_cast/4 "/>
</bind>
</comp>

<comp id="2254" class="1004" name="tmp_845_cast_cast_fu_2254">
<pin_list>
<pin id="2255" dir="0" index="0" bw="5" slack="0"/>
<pin id="2256" dir="1" index="1" bw="64" slack="0"/>
</pin_list>
<bind>
<opcode="zext(34) " fcode="zext"/>
<opset="tmp_845_cast_cast/4 "/>
</bind>
</comp>

<comp id="2262" class="1004" name="tmp_846_cast_fu_2262">
<pin_list>
<pin id="2263" dir="0" index="0" bw="5" slack="0"/>
<pin id="2264" dir="0" index="1" bw="3" slack="0"/>
<pin id="2265" dir="0" index="2" bw="2" slack="3"/>
<pin id="2266" dir="1" index="3" bw="5" slack="0"/>
</pin_list>
<bind>
<opcode="bitconcatenate(1004) " fcode="bitconcatenate"/>
<opset="tmp_846_cast/4 "/>
</bind>
</comp>

<comp id="2269" class="1004" name="tmp_846_cast_cast_fu_2269">
<pin_list>
<pin id="2270" dir="0" index="0" bw="5" slack="0"/>
<pin id="2271" dir="1" index="1" bw="64" slack="0"/>
</pin_list>
<bind>
<opcode="zext(34) " fcode="zext"/>
<opset="tmp_846_cast_cast/4 "/>
</bind>
</comp>

<comp id="2277" class="1004" name="sext_ln121_fu_2277">
<pin_list>
<pin id="2278" dir="0" index="0" bw="16" slack="1"/>
<pin id="2279" dir="1" index="1" bw="26" slack="0"/>
</pin_list>
<bind>
<opcode="sext(35) " fcode="sext"/>
<opset="sext_ln121/4 "/>
</bind>
</comp>

<comp id="2281" class="1004" name="sext_ln1273_103_fu_2281">
<pin_list>
<pin id="2282" dir="0" index="0" bw="4" slack="2"/>
<pin id="2283" dir="1" index="1" bw="5" slack="0"/>
</pin_list>
<bind>
<opcode="sext(35) " fcode="sext"/>
<opset="sext_ln1273_103/4 "/>
</bind>
</comp>

<comp id="2284" class="1004" name="zext_ln1273_7_fu_2284">
<pin_list>
<pin id="2285" dir="0" index="0" bw="4" slack="0"/>
<pin id="2286" dir="1" index="1" bw="64" slack="0"/>
</pin_list>
<bind>
<opcode="zext(34) " fcode="zext"/>
<opset="zext_ln1273_7/4 "/>
</bind>
</comp>

<comp id="2292" class="1004" name="sext_ln1273_104_fu_2292">
<pin_list>
<pin id="2293" dir="0" index="0" bw="3" slack="3"/>
<pin id="2294" dir="1" index="1" bw="5" slack="0"/>
</pin_list>
<bind>
<opcode="sext(35) " fcode="sext"/>
<opset="sext_ln1273_104/4 "/>
</bind>
</comp>

<comp id="2295" class="1004" name="zext_ln1273_8_fu_2295">
<pin_list>
<pin id="2296" dir="0" index="0" bw="3" slack="0"/>
<pin id="2297" dir="1" index="1" bw="64" slack="0"/>
</pin_list>
<bind>
<opcode="zext(34) " fcode="zext"/>
<opset="zext_ln1273_8/4 "/>
</bind>
</comp>

<comp id="2303" class="1004" name="sext_ln1270_fu_2303">
<pin_list>
<pin id="2304" dir="0" index="0" bw="16" slack="2"/>
<pin id="2305" dir="1" index="1" bw="26" slack="0"/>
</pin_list>
<bind>
<opcode="sext(35) " fcode="sext"/>
<opset="sext_ln1270/4 "/>
</bind>
</comp>

<comp id="2307" class="1004" name="tmp_832_cast_fu_2307">
<pin_list>
<pin id="2308" dir="0" index="0" bw="4" slack="2"/>
<pin id="2309" dir="1" index="1" bw="5" slack="0"/>
</pin_list>
<bind>
<opcode="sext(35) " fcode="sext"/>
<opset="tmp_832_cast/5 "/>
</bind>
</comp>

<comp id="2310" class="1004" name="tmp_832_cast_cast_fu_2310">
<pin_list>
<pin id="2311" dir="0" index="0" bw="4" slack="0"/>
<pin id="2312" dir="1" index="1" bw="64" slack="0"/>
</pin_list>
<bind>
<opcode="zext(34) " fcode="zext"/>
<opset="tmp_832_cast_cast/5 "/>
</bind>
</comp>

<comp id="2318" class="1004" name="tmp_833_cast_fu_2318">
<pin_list>
<pin id="2319" dir="0" index="0" bw="3" slack="3"/>
<pin id="2320" dir="1" index="1" bw="5" slack="0"/>
</pin_list>
<bind>
<opcode="sext(35) " fcode="sext"/>
<opset="tmp_833_cast/5 "/>
</bind>
</comp>

<comp id="2321" class="1004" name="tmp_833_cast_cast_fu_2321">
<pin_list>
<pin id="2322" dir="0" index="0" bw="3" slack="0"/>
<pin id="2323" dir="1" index="1" bw="64" slack="0"/>
</pin_list>
<bind>
<opcode="zext(34) " fcode="zext"/>
<opset="tmp_833_cast_cast/5 "/>
</bind>
</comp>

<comp id="2329" class="1004" name="tmp_847_cast_fu_2329">
<pin_list>
<pin id="2330" dir="0" index="0" bw="4" slack="2"/>
<pin id="2331" dir="1" index="1" bw="5" slack="0"/>
</pin_list>
<bind>
<opcode="sext(35) " fcode="sext"/>
<opset="tmp_847_cast/5 "/>
</bind>
</comp>

<comp id="2332" class="1004" name="tmp_847_cast_cast_fu_2332">
<pin_list>
<pin id="2333" dir="0" index="0" bw="4" slack="0"/>
<pin id="2334" dir="1" index="1" bw="64" slack="0"/>
</pin_list>
<bind>
<opcode="zext(34) " fcode="zext"/>
<opset="tmp_847_cast_cast/5 "/>
</bind>
</comp>

<comp id="2340" class="1004" name="tmp_848_cast_fu_2340">
<pin_list>
<pin id="2341" dir="0" index="0" bw="3" slack="3"/>
<pin id="2342" dir="1" index="1" bw="5" slack="0"/>
</pin_list>
<bind>
<opcode="sext(35) " fcode="sext"/>
<opset="tmp_848_cast/5 "/>
</bind>
</comp>

<comp id="2343" class="1004" name="tmp_848_cast_cast_fu_2343">
<pin_list>
<pin id="2344" dir="0" index="0" bw="3" slack="0"/>
<pin id="2345" dir="1" index="1" bw="64" slack="0"/>
</pin_list>
<bind>
<opcode="zext(34) " fcode="zext"/>
<opset="tmp_848_cast_cast/5 "/>
</bind>
</comp>

<comp id="2351" class="1004" name="sext_ln121_1_fu_2351">
<pin_list>
<pin id="2352" dir="0" index="0" bw="16" slack="2"/>
<pin id="2353" dir="1" index="1" bw="26" slack="0"/>
</pin_list>
<bind>
<opcode="sext(35) " fcode="sext"/>
<opset="sext_ln121_1/5 "/>
</bind>
</comp>

<comp id="2355" class="1004" name="tmp_864_cast_fu_2355">
<pin_list>
<pin id="2356" dir="0" index="0" bw="6" slack="0"/>
<pin id="2357" dir="0" index="1" bw="2" slack="0"/>
<pin id="2358" dir="0" index="2" bw="2" slack="2"/>
<pin id="2359" dir="1" index="3" bw="6" slack="0"/>
</pin_list>
<bind>
<opcode="bitconcatenate(1004) " fcode="bitconcatenate"/>
<opset="tmp_864_cast/5 "/>
</bind>
</comp>

<comp id="2362" class="1004" name="zext_ln1273_9_fu_2362">
<pin_list>
<pin id="2363" dir="0" index="0" bw="6" slack="0"/>
<pin id="2364" dir="1" index="1" bw="64" slack="0"/>
</pin_list>
<bind>
<opcode="zext(34) " fcode="zext"/>
<opset="zext_ln1273_9/5 "/>
</bind>
</comp>

<comp id="2370" class="1004" name="tmp_865_cast_fu_2370">
<pin_list>
<pin id="2371" dir="0" index="0" bw="6" slack="0"/>
<pin id="2372" dir="0" index="1" bw="4" slack="0"/>
<pin id="2373" dir="0" index="2" bw="2" slack="4"/>
<pin id="2374" dir="1" index="3" bw="6" slack="0"/>
</pin_list>
<bind>
<opcode="bitconcatenate(1004) " fcode="bitconcatenate"/>
<opset="tmp_865_cast/5 "/>
</bind>
</comp>

<comp id="2377" class="1004" name="zext_ln1273_10_fu_2377">
<pin_list>
<pin id="2378" dir="0" index="0" bw="6" slack="0"/>
<pin id="2379" dir="1" index="1" bw="64" slack="0"/>
</pin_list>
<bind>
<opcode="zext(34) " fcode="zext"/>
<opset="zext_ln1273_10/5 "/>
</bind>
</comp>

<comp id="2385" class="1004" name="sext_ln1347_fu_2385">
<pin_list>
<pin id="2386" dir="0" index="0" bw="16" slack="3"/>
<pin id="2387" dir="1" index="1" bw="26" slack="0"/>
</pin_list>
<bind>
<opcode="sext(35) " fcode="sext"/>
<opset="sext_ln1347/5 "/>
</bind>
</comp>

<comp id="2389" class="1004" name="tmp_834_cast_fu_2389">
<pin_list>
<pin id="2390" dir="0" index="0" bw="6" slack="0"/>
<pin id="2391" dir="0" index="1" bw="2" slack="0"/>
<pin id="2392" dir="0" index="2" bw="2" slack="2"/>
<pin id="2393" dir="1" index="3" bw="6" slack="0"/>
</pin_list>
<bind>
<opcode="bitconcatenate(1004) " fcode="bitconcatenate"/>
<opset="tmp_834_cast/6 "/>
</bind>
</comp>

<comp id="2396" class="1004" name="tmp_834_cast_cast_fu_2396">
<pin_list>
<pin id="2397" dir="0" index="0" bw="6" slack="0"/>
<pin id="2398" dir="1" index="1" bw="64" slack="0"/>
</pin_list>
<bind>
<opcode="zext(34) " fcode="zext"/>
<opset="tmp_834_cast_cast/6 "/>
</bind>
</comp>

<comp id="2404" class="1004" name="tmp_835_cast_fu_2404">
<pin_list>
<pin id="2405" dir="0" index="0" bw="6" slack="0"/>
<pin id="2406" dir="0" index="1" bw="4" slack="0"/>
<pin id="2407" dir="0" index="2" bw="2" slack="5"/>
<pin id="2408" dir="1" index="3" bw="6" slack="0"/>
</pin_list>
<bind>
<opcode="bitconcatenate(1004) " fcode="bitconcatenate"/>
<opset="tmp_835_cast/6 "/>
</bind>
</comp>

<comp id="2411" class="1004" name="tmp_835_cast_cast_fu_2411">
<pin_list>
<pin id="2412" dir="0" index="0" bw="6" slack="0"/>
<pin id="2413" dir="1" index="1" bw="64" slack="0"/>
</pin_list>
<bind>
<opcode="zext(34) " fcode="zext"/>
<opset="tmp_835_cast_cast/6 "/>
</bind>
</comp>

<comp id="2419" class="1004" name="tmp_849_cast_fu_2419">
<pin_list>
<pin id="2420" dir="0" index="0" bw="6" slack="0"/>
<pin id="2421" dir="0" index="1" bw="2" slack="0"/>
<pin id="2422" dir="0" index="2" bw="2" slack="2"/>
<pin id="2423" dir="1" index="3" bw="6" slack="0"/>
</pin_list>
<bind>
<opcode="bitconcatenate(1004) " fcode="bitconcatenate"/>
<opset="tmp_849_cast/6 "/>
</bind>
</comp>

<comp id="2426" class="1004" name="tmp_849_cast_cast_fu_2426">
<pin_list>
<pin id="2427" dir="0" index="0" bw="6" slack="0"/>
<pin id="2428" dir="1" index="1" bw="64" slack="0"/>
</pin_list>
<bind>
<opcode="zext(34) " fcode="zext"/>
<opset="tmp_849_cast_cast/6 "/>
</bind>
</comp>

<comp id="2434" class="1004" name="tmp_850_cast_fu_2434">
<pin_list>
<pin id="2435" dir="0" index="0" bw="6" slack="0"/>
<pin id="2436" dir="0" index="1" bw="4" slack="0"/>
<pin id="2437" dir="0" index="2" bw="2" slack="5"/>
<pin id="2438" dir="1" index="3" bw="6" slack="0"/>
</pin_list>
<bind>
<opcode="bitconcatenate(1004) " fcode="bitconcatenate"/>
<opset="tmp_850_cast/6 "/>
</bind>
</comp>

<comp id="2441" class="1004" name="tmp_850_cast_cast_fu_2441">
<pin_list>
<pin id="2442" dir="0" index="0" bw="6" slack="0"/>
<pin id="2443" dir="1" index="1" bw="64" slack="0"/>
</pin_list>
<bind>
<opcode="zext(34) " fcode="zext"/>
<opset="tmp_850_cast_cast/6 "/>
</bind>
</comp>

<comp id="2449" class="1004" name="sext_ln121_2_fu_2449">
<pin_list>
<pin id="2450" dir="0" index="0" bw="16" slack="2"/>
<pin id="2451" dir="1" index="1" bw="26" slack="0"/>
</pin_list>
<bind>
<opcode="sext(35) " fcode="sext"/>
<opset="sext_ln121_2/6 "/>
</bind>
</comp>

<comp id="2453" class="1004" name="tmp_866_cast_fu_2453">
<pin_list>
<pin id="2454" dir="0" index="0" bw="6" slack="0"/>
<pin id="2455" dir="0" index="1" bw="4" slack="0"/>
<pin id="2456" dir="0" index="2" bw="2" slack="5"/>
<pin id="2457" dir="1" index="3" bw="6" slack="0"/>
</pin_list>
<bind>
<opcode="bitconcatenate(1004) " fcode="bitconcatenate"/>
<opset="tmp_866_cast/6 "/>
</bind>
</comp>

<comp id="2460" class="1004" name="zext_ln1273_11_fu_2460">
<pin_list>
<pin id="2461" dir="0" index="0" bw="6" slack="0"/>
<pin id="2462" dir="1" index="1" bw="64" slack="0"/>
</pin_list>
<bind>
<opcode="zext(34) " fcode="zext"/>
<opset="zext_ln1273_11/6 "/>
</bind>
</comp>

<comp id="2468" class="1004" name="sext_ln1347_3_fu_2468">
<pin_list>
<pin id="2469" dir="0" index="0" bw="16" slack="3"/>
<pin id="2470" dir="1" index="1" bw="26" slack="0"/>
</pin_list>
<bind>
<opcode="sext(35) " fcode="sext"/>
<opset="sext_ln1347_3/6 "/>
</bind>
</comp>

<comp id="2472" class="1004" name="tmp_836_cast_fu_2472">
<pin_list>
<pin id="2473" dir="0" index="0" bw="6" slack="0"/>
<pin id="2474" dir="0" index="1" bw="4" slack="0"/>
<pin id="2475" dir="0" index="2" bw="2" slack="6"/>
<pin id="2476" dir="1" index="3" bw="6" slack="0"/>
</pin_list>
<bind>
<opcode="bitconcatenate(1004) " fcode="bitconcatenate"/>
<opset="tmp_836_cast/7 "/>
</bind>
</comp>

<comp id="2479" class="1004" name="tmp_836_cast_cast_fu_2479">
<pin_list>
<pin id="2480" dir="0" index="0" bw="6" slack="0"/>
<pin id="2481" dir="1" index="1" bw="64" slack="0"/>
</pin_list>
<bind>
<opcode="zext(34) " fcode="zext"/>
<opset="tmp_836_cast_cast/7 "/>
</bind>
</comp>

<comp id="2487" class="1004" name="tmp_837_cast_fu_2487">
<pin_list>
<pin id="2488" dir="0" index="0" bw="6" slack="0"/>
<pin id="2489" dir="0" index="1" bw="4" slack="0"/>
<pin id="2490" dir="0" index="2" bw="2" slack="6"/>
<pin id="2491" dir="1" index="3" bw="6" slack="0"/>
</pin_list>
<bind>
<opcode="bitconcatenate(1004) " fcode="bitconcatenate"/>
<opset="tmp_837_cast/7 "/>
</bind>
</comp>

<comp id="2494" class="1004" name="tmp_837_cast_cast_fu_2494">
<pin_list>
<pin id="2495" dir="0" index="0" bw="6" slack="0"/>
<pin id="2496" dir="1" index="1" bw="64" slack="0"/>
</pin_list>
<bind>
<opcode="zext(34) " fcode="zext"/>
<opset="tmp_837_cast_cast/7 "/>
</bind>
</comp>

<comp id="2502" class="1004" name="tmp_851_cast_fu_2502">
<pin_list>
<pin id="2503" dir="0" index="0" bw="6" slack="0"/>
<pin id="2504" dir="0" index="1" bw="4" slack="0"/>
<pin id="2505" dir="0" index="2" bw="2" slack="6"/>
<pin id="2506" dir="1" index="3" bw="6" slack="0"/>
</pin_list>
<bind>
<opcode="bitconcatenate(1004) " fcode="bitconcatenate"/>
<opset="tmp_851_cast/7 "/>
</bind>
</comp>

<comp id="2509" class="1004" name="tmp_851_cast_cast_fu_2509">
<pin_list>
<pin id="2510" dir="0" index="0" bw="6" slack="0"/>
<pin id="2511" dir="1" index="1" bw="64" slack="0"/>
</pin_list>
<bind>
<opcode="zext(34) " fcode="zext"/>
<opset="tmp_851_cast_cast/7 "/>
</bind>
</comp>

<comp id="2517" class="1004" name="tmp_852_cast_fu_2517">
<pin_list>
<pin id="2518" dir="0" index="0" bw="6" slack="0"/>
<pin id="2519" dir="0" index="1" bw="4" slack="0"/>
<pin id="2520" dir="0" index="2" bw="2" slack="6"/>
<pin id="2521" dir="1" index="3" bw="6" slack="0"/>
</pin_list>
<bind>
<opcode="bitconcatenate(1004) " fcode="bitconcatenate"/>
<opset="tmp_852_cast/7 "/>
</bind>
</comp>

<comp id="2524" class="1004" name="tmp_852_cast_cast_fu_2524">
<pin_list>
<pin id="2525" dir="0" index="0" bw="6" slack="0"/>
<pin id="2526" dir="1" index="1" bw="64" slack="0"/>
</pin_list>
<bind>
<opcode="zext(34) " fcode="zext"/>
<opset="tmp_852_cast_cast/7 "/>
</bind>
</comp>

<comp id="2532" class="1004" name="sext_ln121_3_fu_2532">
<pin_list>
<pin id="2533" dir="0" index="0" bw="16" slack="3"/>
<pin id="2534" dir="1" index="1" bw="26" slack="0"/>
</pin_list>
<bind>
<opcode="sext(35) " fcode="sext"/>
<opset="sext_ln121_3/7 "/>
</bind>
</comp>

<comp id="2536" class="1004" name="tmp_523_fu_2536">
<pin_list>
<pin id="2537" dir="0" index="0" bw="20" slack="0"/>
<pin id="2538" dir="0" index="1" bw="26" slack="0"/>
<pin id="2539" dir="0" index="2" bw="4" slack="0"/>
<pin id="2540" dir="0" index="3" bw="6" slack="0"/>
<pin id="2541" dir="1" index="4" bw="20" slack="0"/>
</pin_list>
<bind>
<opcode="partselect(1002) " fcode="partselect"/>
<opset="tmp_523/7 "/>
</bind>
</comp>

<comp id="2545" class="1004" name="lhs_fu_2545">
<pin_list>
<pin id="2546" dir="0" index="0" bw="26" slack="0"/>
<pin id="2547" dir="0" index="1" bw="20" slack="0"/>
<pin id="2548" dir="0" index="2" bw="1" slack="0"/>
<pin id="2549" dir="1" index="3" bw="26" slack="0"/>
</pin_list>
<bind>
<opcode="bitconcatenate(1004) " fcode="bitconcatenate"/>
<opset="lhs/7 "/>
</bind>
</comp>

<comp id="2553" class="1004" name="sext_ln1347_4_fu_2553">
<pin_list>
<pin id="2554" dir="0" index="0" bw="16" slack="4"/>
<pin id="2555" dir="1" index="1" bw="26" slack="0"/>
</pin_list>
<bind>
<opcode="sext(35) " fcode="sext"/>
<opset="sext_ln1347_4/7 "/>
</bind>
</comp>

<comp id="2556" class="1004" name="tmp_838_cast_fu_2556">
<pin_list>
<pin id="2557" dir="0" index="0" bw="5" slack="4"/>
<pin id="2558" dir="1" index="1" bw="6" slack="0"/>
</pin_list>
<bind>
<opcode="sext(35) " fcode="sext"/>
<opset="tmp_838_cast/8 "/>
</bind>
</comp>

<comp id="2559" class="1004" name="tmp_838_cast_cast_fu_2559">
<pin_list>
<pin id="2560" dir="0" index="0" bw="5" slack="0"/>
<pin id="2561" dir="1" index="1" bw="64" slack="0"/>
</pin_list>
<bind>
<opcode="zext(34) " fcode="zext"/>
<opset="tmp_838_cast_cast/8 "/>
</bind>
</comp>

<comp id="2567" class="1004" name="tmp_853_cast_fu_2567">
<pin_list>
<pin id="2568" dir="0" index="0" bw="5" slack="4"/>
<pin id="2569" dir="1" index="1" bw="6" slack="0"/>
</pin_list>
<bind>
<opcode="sext(35) " fcode="sext"/>
<opset="tmp_853_cast/8 "/>
</bind>
</comp>

<comp id="2570" class="1004" name="tmp_853_cast_cast_fu_2570">
<pin_list>
<pin id="2571" dir="0" index="0" bw="5" slack="0"/>
<pin id="2572" dir="1" index="1" bw="64" slack="0"/>
</pin_list>
<bind>
<opcode="zext(34) " fcode="zext"/>
<opset="tmp_853_cast_cast/8 "/>
</bind>
</comp>

<comp id="2578" class="1004" name="sext_ln121_4_fu_2578">
<pin_list>
<pin id="2579" dir="0" index="0" bw="16" slack="3"/>
<pin id="2580" dir="1" index="1" bw="26" slack="0"/>
</pin_list>
<bind>
<opcode="sext(35) " fcode="sext"/>
<opset="sext_ln121_4/8 "/>
</bind>
</comp>

<comp id="2581" class="1004" name="tmp_524_fu_2581">
<pin_list>
<pin id="2582" dir="0" index="0" bw="20" slack="0"/>
<pin id="2583" dir="0" index="1" bw="26" slack="0"/>
<pin id="2584" dir="0" index="2" bw="4" slack="0"/>
<pin id="2585" dir="0" index="3" bw="6" slack="0"/>
<pin id="2586" dir="1" index="4" bw="20" slack="0"/>
</pin_list>
<bind>
<opcode="partselect(1002) " fcode="partselect"/>
<opset="tmp_524/8 "/>
</bind>
</comp>

<comp id="2590" class="1004" name="lhs_494_fu_2590">
<pin_list>
<pin id="2591" dir="0" index="0" bw="26" slack="0"/>
<pin id="2592" dir="0" index="1" bw="20" slack="0"/>
<pin id="2593" dir="0" index="2" bw="1" slack="0"/>
<pin id="2594" dir="1" index="3" bw="26" slack="0"/>
</pin_list>
<bind>
<opcode="bitconcatenate(1004) " fcode="bitconcatenate"/>
<opset="lhs_494/8 "/>
</bind>
</comp>

<comp id="2598" class="1004" name="sext_ln1347_5_fu_2598">
<pin_list>
<pin id="2599" dir="0" index="0" bw="16" slack="4"/>
<pin id="2600" dir="1" index="1" bw="26" slack="0"/>
</pin_list>
<bind>
<opcode="sext(35) " fcode="sext"/>
<opset="sext_ln1347_5/8 "/>
</bind>
</comp>

<comp id="2602" class="1004" name="sext_ln121_5_fu_2602">
<pin_list>
<pin id="2603" dir="0" index="0" bw="16" slack="4"/>
<pin id="2604" dir="1" index="1" bw="26" slack="0"/>
</pin_list>
<bind>
<opcode="sext(35) " fcode="sext"/>
<opset="sext_ln121_5/9 "/>
</bind>
</comp>

<comp id="2606" class="1004" name="tmp_525_fu_2606">
<pin_list>
<pin id="2607" dir="0" index="0" bw="20" slack="0"/>
<pin id="2608" dir="0" index="1" bw="26" slack="0"/>
<pin id="2609" dir="0" index="2" bw="4" slack="0"/>
<pin id="2610" dir="0" index="3" bw="6" slack="0"/>
<pin id="2611" dir="1" index="4" bw="20" slack="0"/>
</pin_list>
<bind>
<opcode="partselect(1002) " fcode="partselect"/>
<opset="tmp_525/9 "/>
</bind>
</comp>

<comp id="2615" class="1004" name="lhs_495_fu_2615">
<pin_list>
<pin id="2616" dir="0" index="0" bw="26" slack="0"/>
<pin id="2617" dir="0" index="1" bw="20" slack="0"/>
<pin id="2618" dir="0" index="2" bw="1" slack="0"/>
<pin id="2619" dir="1" index="3" bw="26" slack="0"/>
</pin_list>
<bind>
<opcode="bitconcatenate(1004) " fcode="bitconcatenate"/>
<opset="lhs_495/9 "/>
</bind>
</comp>

<comp id="2623" class="1004" name="sext_ln1347_6_fu_2623">
<pin_list>
<pin id="2624" dir="0" index="0" bw="16" slack="5"/>
<pin id="2625" dir="1" index="1" bw="26" slack="0"/>
</pin_list>
<bind>
<opcode="sext(35) " fcode="sext"/>
<opset="sext_ln1347_6/9 "/>
</bind>
</comp>

<comp id="2627" class="1004" name="sext_ln121_6_fu_2627">
<pin_list>
<pin id="2628" dir="0" index="0" bw="16" slack="4"/>
<pin id="2629" dir="1" index="1" bw="26" slack="0"/>
</pin_list>
<bind>
<opcode="sext(35) " fcode="sext"/>
<opset="sext_ln121_6/10 "/>
</bind>
</comp>

<comp id="2631" class="1004" name="tmp_526_fu_2631">
<pin_list>
<pin id="2632" dir="0" index="0" bw="20" slack="0"/>
<pin id="2633" dir="0" index="1" bw="26" slack="0"/>
<pin id="2634" dir="0" index="2" bw="4" slack="0"/>
<pin id="2635" dir="0" index="3" bw="6" slack="0"/>
<pin id="2636" dir="1" index="4" bw="20" slack="0"/>
</pin_list>
<bind>
<opcode="partselect(1002) " fcode="partselect"/>
<opset="tmp_526/10 "/>
</bind>
</comp>

<comp id="2640" class="1004" name="lhs_496_fu_2640">
<pin_list>
<pin id="2641" dir="0" index="0" bw="26" slack="0"/>
<pin id="2642" dir="0" index="1" bw="20" slack="0"/>
<pin id="2643" dir="0" index="2" bw="1" slack="0"/>
<pin id="2644" dir="1" index="3" bw="26" slack="0"/>
</pin_list>
<bind>
<opcode="bitconcatenate(1004) " fcode="bitconcatenate"/>
<opset="lhs_496/10 "/>
</bind>
</comp>

<comp id="2648" class="1004" name="sext_ln1347_7_fu_2648">
<pin_list>
<pin id="2649" dir="0" index="0" bw="16" slack="5"/>
<pin id="2650" dir="1" index="1" bw="26" slack="0"/>
</pin_list>
<bind>
<opcode="sext(35) " fcode="sext"/>
<opset="sext_ln1347_7/10 "/>
</bind>
</comp>

<comp id="2651" class="1004" name="sext_ln121_7_fu_2651">
<pin_list>
<pin id="2652" dir="0" index="0" bw="16" slack="5"/>
<pin id="2653" dir="1" index="1" bw="26" slack="0"/>
</pin_list>
<bind>
<opcode="sext(35) " fcode="sext"/>
<opset="sext_ln121_7/11 "/>
</bind>
</comp>

<comp id="2654" class="1004" name="tmp_527_fu_2654">
<pin_list>
<pin id="2655" dir="0" index="0" bw="20" slack="0"/>
<pin id="2656" dir="0" index="1" bw="26" slack="0"/>
<pin id="2657" dir="0" index="2" bw="4" slack="0"/>
<pin id="2658" dir="0" index="3" bw="6" slack="0"/>
<pin id="2659" dir="1" index="4" bw="20" slack="0"/>
</pin_list>
<bind>
<opcode="partselect(1002) " fcode="partselect"/>
<opset="tmp_527/11 "/>
</bind>
</comp>

<comp id="2663" class="1004" name="lhs_497_fu_2663">
<pin_list>
<pin id="2664" dir="0" index="0" bw="26" slack="0"/>
<pin id="2665" dir="0" index="1" bw="20" slack="0"/>
<pin id="2666" dir="0" index="2" bw="1" slack="0"/>
<pin id="2667" dir="1" index="3" bw="26" slack="0"/>
</pin_list>
<bind>
<opcode="bitconcatenate(1004) " fcode="bitconcatenate"/>
<opset="lhs_497/11 "/>
</bind>
</comp>

<comp id="2671" class="1004" name="sext_ln1347_8_fu_2671">
<pin_list>
<pin id="2672" dir="0" index="0" bw="16" slack="6"/>
<pin id="2673" dir="1" index="1" bw="26" slack="0"/>
</pin_list>
<bind>
<opcode="sext(35) " fcode="sext"/>
<opset="sext_ln1347_8/11 "/>
</bind>
</comp>

<comp id="2674" class="1004" name="sext_ln121_8_fu_2674">
<pin_list>
<pin id="2675" dir="0" index="0" bw="16" slack="5"/>
<pin id="2676" dir="1" index="1" bw="26" slack="0"/>
</pin_list>
<bind>
<opcode="sext(35) " fcode="sext"/>
<opset="sext_ln121_8/12 "/>
</bind>
</comp>

<comp id="2677" class="1004" name="tmp_528_fu_2677">
<pin_list>
<pin id="2678" dir="0" index="0" bw="20" slack="0"/>
<pin id="2679" dir="0" index="1" bw="26" slack="0"/>
<pin id="2680" dir="0" index="2" bw="4" slack="0"/>
<pin id="2681" dir="0" index="3" bw="6" slack="0"/>
<pin id="2682" dir="1" index="4" bw="20" slack="0"/>
</pin_list>
<bind>
<opcode="partselect(1002) " fcode="partselect"/>
<opset="tmp_528/12 "/>
</bind>
</comp>

<comp id="2686" class="1004" name="lhs_498_fu_2686">
<pin_list>
<pin id="2687" dir="0" index="0" bw="26" slack="0"/>
<pin id="2688" dir="0" index="1" bw="20" slack="0"/>
<pin id="2689" dir="0" index="2" bw="1" slack="0"/>
<pin id="2690" dir="1" index="3" bw="26" slack="0"/>
</pin_list>
<bind>
<opcode="bitconcatenate(1004) " fcode="bitconcatenate"/>
<opset="lhs_498/12 "/>
</bind>
</comp>

<comp id="2694" class="1004" name="sext_ln1347_9_fu_2694">
<pin_list>
<pin id="2695" dir="0" index="0" bw="16" slack="6"/>
<pin id="2696" dir="1" index="1" bw="26" slack="0"/>
</pin_list>
<bind>
<opcode="sext(35) " fcode="sext"/>
<opset="sext_ln1347_9/12 "/>
</bind>
</comp>

<comp id="2697" class="1004" name="sext_ln121_9_fu_2697">
<pin_list>
<pin id="2698" dir="0" index="0" bw="16" slack="6"/>
<pin id="2699" dir="1" index="1" bw="26" slack="0"/>
</pin_list>
<bind>
<opcode="sext(35) " fcode="sext"/>
<opset="sext_ln121_9/13 "/>
</bind>
</comp>

<comp id="2700" class="1004" name="tmp_529_fu_2700">
<pin_list>
<pin id="2701" dir="0" index="0" bw="20" slack="0"/>
<pin id="2702" dir="0" index="1" bw="26" slack="0"/>
<pin id="2703" dir="0" index="2" bw="4" slack="0"/>
<pin id="2704" dir="0" index="3" bw="6" slack="0"/>
<pin id="2705" dir="1" index="4" bw="20" slack="0"/>
</pin_list>
<bind>
<opcode="partselect(1002) " fcode="partselect"/>
<opset="tmp_529/13 "/>
</bind>
</comp>

<comp id="2709" class="1004" name="lhs_499_fu_2709">
<pin_list>
<pin id="2710" dir="0" index="0" bw="26" slack="0"/>
<pin id="2711" dir="0" index="1" bw="20" slack="0"/>
<pin id="2712" dir="0" index="2" bw="1" slack="0"/>
<pin id="2713" dir="1" index="3" bw="26" slack="0"/>
</pin_list>
<bind>
<opcode="bitconcatenate(1004) " fcode="bitconcatenate"/>
<opset="lhs_499/13 "/>
</bind>
</comp>

<comp id="2717" class="1004" name="sext_ln1347_10_fu_2717">
<pin_list>
<pin id="2718" dir="0" index="0" bw="16" slack="7"/>
<pin id="2719" dir="1" index="1" bw="26" slack="0"/>
</pin_list>
<bind>
<opcode="sext(35) " fcode="sext"/>
<opset="sext_ln1347_10/13 "/>
</bind>
</comp>

<comp id="2720" class="1004" name="sext_ln121_10_fu_2720">
<pin_list>
<pin id="2721" dir="0" index="0" bw="16" slack="6"/>
<pin id="2722" dir="1" index="1" bw="26" slack="0"/>
</pin_list>
<bind>
<opcode="sext(35) " fcode="sext"/>
<opset="sext_ln121_10/14 "/>
</bind>
</comp>

<comp id="2723" class="1004" name="tmp_867_cast_fu_2723">
<pin_list>
<pin id="2724" dir="0" index="0" bw="6" slack="0"/>
<pin id="2725" dir="0" index="1" bw="4" slack="0"/>
<pin id="2726" dir="0" index="2" bw="2" slack="13"/>
<pin id="2727" dir="1" index="3" bw="6" slack="0"/>
</pin_list>
<bind>
<opcode="bitconcatenate(1004) " fcode="bitconcatenate"/>
<opset="tmp_867_cast/14 "/>
</bind>
</comp>

<comp id="2730" class="1004" name="zext_ln1273_12_fu_2730">
<pin_list>
<pin id="2731" dir="0" index="0" bw="6" slack="0"/>
<pin id="2732" dir="1" index="1" bw="64" slack="0"/>
</pin_list>
<bind>
<opcode="zext(34) " fcode="zext"/>
<opset="zext_ln1273_12/14 "/>
</bind>
</comp>

<comp id="2738" class="1004" name="tmp_530_fu_2738">
<pin_list>
<pin id="2739" dir="0" index="0" bw="20" slack="0"/>
<pin id="2740" dir="0" index="1" bw="26" slack="0"/>
<pin id="2741" dir="0" index="2" bw="4" slack="0"/>
<pin id="2742" dir="0" index="3" bw="6" slack="0"/>
<pin id="2743" dir="1" index="4" bw="20" slack="0"/>
</pin_list>
<bind>
<opcode="partselect(1002) " fcode="partselect"/>
<opset="tmp_530/14 "/>
</bind>
</comp>

<comp id="2747" class="1004" name="lhs_500_fu_2747">
<pin_list>
<pin id="2748" dir="0" index="0" bw="26" slack="0"/>
<pin id="2749" dir="0" index="1" bw="20" slack="0"/>
<pin id="2750" dir="0" index="2" bw="1" slack="0"/>
<pin id="2751" dir="1" index="3" bw="26" slack="0"/>
</pin_list>
<bind>
<opcode="bitconcatenate(1004) " fcode="bitconcatenate"/>
<opset="lhs_500/14 "/>
</bind>
</comp>

<comp id="2755" class="1004" name="sext_ln1347_11_fu_2755">
<pin_list>
<pin id="2756" dir="0" index="0" bw="16" slack="7"/>
<pin id="2757" dir="1" index="1" bw="26" slack="0"/>
</pin_list>
<bind>
<opcode="sext(35) " fcode="sext"/>
<opset="sext_ln1347_11/14 "/>
</bind>
</comp>

<comp id="2758" class="1004" name="sext_ln121_11_fu_2758">
<pin_list>
<pin id="2759" dir="0" index="0" bw="16" slack="7"/>
<pin id="2760" dir="1" index="1" bw="26" slack="0"/>
</pin_list>
<bind>
<opcode="sext(35) " fcode="sext"/>
<opset="sext_ln121_11/15 "/>
</bind>
</comp>

<comp id="2761" class="1004" name="sext_ln1273_105_fu_2761">
<pin_list>
<pin id="2762" dir="0" index="0" bw="5" slack="12"/>
<pin id="2763" dir="1" index="1" bw="6" slack="0"/>
</pin_list>
<bind>
<opcode="sext(35) " fcode="sext"/>
<opset="sext_ln1273_105/15 "/>
</bind>
</comp>

<comp id="2764" class="1004" name="zext_ln1273_13_fu_2764">
<pin_list>
<pin id="2765" dir="0" index="0" bw="5" slack="0"/>
<pin id="2766" dir="1" index="1" bw="64" slack="0"/>
</pin_list>
<bind>
<opcode="zext(34) " fcode="zext"/>
<opset="zext_ln1273_13/15 "/>
</bind>
</comp>

<comp id="2772" class="1004" name="sext_ln1273_106_fu_2772">
<pin_list>
<pin id="2773" dir="0" index="0" bw="5" slack="12"/>
<pin id="2774" dir="1" index="1" bw="6" slack="0"/>
</pin_list>
<bind>
<opcode="sext(35) " fcode="sext"/>
<opset="sext_ln1273_106/15 "/>
</bind>
</comp>

<comp id="2775" class="1004" name="zext_ln1273_14_fu_2775">
<pin_list>
<pin id="2776" dir="0" index="0" bw="5" slack="0"/>
<pin id="2777" dir="1" index="1" bw="64" slack="0"/>
</pin_list>
<bind>
<opcode="zext(34) " fcode="zext"/>
<opset="zext_ln1273_14/15 "/>
</bind>
</comp>

<comp id="2783" class="1004" name="tmp_531_fu_2783">
<pin_list>
<pin id="2784" dir="0" index="0" bw="20" slack="0"/>
<pin id="2785" dir="0" index="1" bw="26" slack="0"/>
<pin id="2786" dir="0" index="2" bw="4" slack="0"/>
<pin id="2787" dir="0" index="3" bw="6" slack="0"/>
<pin id="2788" dir="1" index="4" bw="20" slack="0"/>
</pin_list>
<bind>
<opcode="partselect(1002) " fcode="partselect"/>
<opset="tmp_531/15 "/>
</bind>
</comp>

<comp id="2792" class="1004" name="lhs_501_fu_2792">
<pin_list>
<pin id="2793" dir="0" index="0" bw="26" slack="0"/>
<pin id="2794" dir="0" index="1" bw="20" slack="0"/>
<pin id="2795" dir="0" index="2" bw="1" slack="0"/>
<pin id="2796" dir="1" index="3" bw="26" slack="0"/>
</pin_list>
<bind>
<opcode="bitconcatenate(1004) " fcode="bitconcatenate"/>
<opset="lhs_501/15 "/>
</bind>
</comp>

<comp id="2800" class="1004" name="sext_ln1347_12_fu_2800">
<pin_list>
<pin id="2801" dir="0" index="0" bw="16" slack="0"/>
<pin id="2802" dir="1" index="1" bw="26" slack="0"/>
</pin_list>
<bind>
<opcode="sext(35) " fcode="sext"/>
<opset="sext_ln1347_12/15 "/>
</bind>
</comp>

<comp id="2804" class="1004" name="tmp_839_cast_fu_2804">
<pin_list>
<pin id="2805" dir="0" index="0" bw="5" slack="12"/>
<pin id="2806" dir="1" index="1" bw="6" slack="0"/>
</pin_list>
<bind>
<opcode="sext(35) " fcode="sext"/>
<opset="tmp_839_cast/16 "/>
</bind>
</comp>

<comp id="2807" class="1004" name="tmp_839_cast_cast_fu_2807">
<pin_list>
<pin id="2808" dir="0" index="0" bw="5" slack="0"/>
<pin id="2809" dir="1" index="1" bw="64" slack="0"/>
</pin_list>
<bind>
<opcode="zext(34) " fcode="zext"/>
<opset="tmp_839_cast_cast/16 "/>
</bind>
</comp>

<comp id="2815" class="1004" name="tmp_854_cast_fu_2815">
<pin_list>
<pin id="2816" dir="0" index="0" bw="5" slack="12"/>
<pin id="2817" dir="1" index="1" bw="6" slack="0"/>
</pin_list>
<bind>
<opcode="sext(35) " fcode="sext"/>
<opset="tmp_854_cast/16 "/>
</bind>
</comp>

<comp id="2818" class="1004" name="tmp_854_cast_cast_fu_2818">
<pin_list>
<pin id="2819" dir="0" index="0" bw="5" slack="0"/>
<pin id="2820" dir="1" index="1" bw="64" slack="0"/>
</pin_list>
<bind>
<opcode="zext(34) " fcode="zext"/>
<opset="tmp_854_cast_cast/16 "/>
</bind>
</comp>

<comp id="2826" class="1004" name="sext_ln121_12_fu_2826">
<pin_list>
<pin id="2827" dir="0" index="0" bw="16" slack="7"/>
<pin id="2828" dir="1" index="1" bw="26" slack="0"/>
</pin_list>
<bind>
<opcode="sext(35) " fcode="sext"/>
<opset="sext_ln121_12/16 "/>
</bind>
</comp>

<comp id="2829" class="1004" name="sext_ln1273_107_fu_2829">
<pin_list>
<pin id="2830" dir="0" index="0" bw="4" slack="14"/>
<pin id="2831" dir="1" index="1" bw="6" slack="0"/>
</pin_list>
<bind>
<opcode="sext(35) " fcode="sext"/>
<opset="sext_ln1273_107/16 "/>
</bind>
</comp>

<comp id="2832" class="1004" name="zext_ln1273_15_fu_2832">
<pin_list>
<pin id="2833" dir="0" index="0" bw="4" slack="0"/>
<pin id="2834" dir="1" index="1" bw="64" slack="0"/>
</pin_list>
<bind>
<opcode="zext(34) " fcode="zext"/>
<opset="zext_ln1273_15/16 "/>
</bind>
</comp>

<comp id="2840" class="1004" name="sext_ln1273_108_fu_2840">
<pin_list>
<pin id="2841" dir="0" index="0" bw="3" slack="15"/>
<pin id="2842" dir="1" index="1" bw="6" slack="0"/>
</pin_list>
<bind>
<opcode="sext(35) " fcode="sext"/>
<opset="sext_ln1273_108/16 "/>
</bind>
</comp>

<comp id="2843" class="1004" name="zext_ln1273_16_fu_2843">
<pin_list>
<pin id="2844" dir="0" index="0" bw="3" slack="0"/>
<pin id="2845" dir="1" index="1" bw="64" slack="0"/>
</pin_list>
<bind>
<opcode="zext(34) " fcode="zext"/>
<opset="zext_ln1273_16/16 "/>
</bind>
</comp>

<comp id="2851" class="1004" name="tmp_532_fu_2851">
<pin_list>
<pin id="2852" dir="0" index="0" bw="20" slack="0"/>
<pin id="2853" dir="0" index="1" bw="26" slack="0"/>
<pin id="2854" dir="0" index="2" bw="4" slack="0"/>
<pin id="2855" dir="0" index="3" bw="6" slack="0"/>
<pin id="2856" dir="1" index="4" bw="20" slack="0"/>
</pin_list>
<bind>
<opcode="partselect(1002) " fcode="partselect"/>
<opset="tmp_532/16 "/>
</bind>
</comp>

<comp id="2860" class="1004" name="lhs_502_fu_2860">
<pin_list>
<pin id="2861" dir="0" index="0" bw="26" slack="0"/>
<pin id="2862" dir="0" index="1" bw="20" slack="0"/>
<pin id="2863" dir="0" index="2" bw="1" slack="0"/>
<pin id="2864" dir="1" index="3" bw="26" slack="0"/>
</pin_list>
<bind>
<opcode="bitconcatenate(1004) " fcode="bitconcatenate"/>
<opset="lhs_502/16 "/>
</bind>
</comp>

<comp id="2868" class="1004" name="sext_ln1347_13_fu_2868">
<pin_list>
<pin id="2869" dir="0" index="0" bw="16" slack="0"/>
<pin id="2870" dir="1" index="1" bw="26" slack="0"/>
</pin_list>
<bind>
<opcode="sext(35) " fcode="sext"/>
<opset="sext_ln1347_13/16 "/>
</bind>
</comp>

<comp id="2872" class="1004" name="tmp_840_cast_fu_2872">
<pin_list>
<pin id="2873" dir="0" index="0" bw="4" slack="14"/>
<pin id="2874" dir="1" index="1" bw="6" slack="0"/>
</pin_list>
<bind>
<opcode="sext(35) " fcode="sext"/>
<opset="tmp_840_cast/17 "/>
</bind>
</comp>

<comp id="2875" class="1004" name="tmp_840_cast_cast_fu_2875">
<pin_list>
<pin id="2876" dir="0" index="0" bw="4" slack="0"/>
<pin id="2877" dir="1" index="1" bw="64" slack="0"/>
</pin_list>
<bind>
<opcode="zext(34) " fcode="zext"/>
<opset="tmp_840_cast_cast/17 "/>
</bind>
</comp>

<comp id="2883" class="1004" name="tmp_841_cast_fu_2883">
<pin_list>
<pin id="2884" dir="0" index="0" bw="3" slack="15"/>
<pin id="2885" dir="1" index="1" bw="6" slack="0"/>
</pin_list>
<bind>
<opcode="sext(35) " fcode="sext"/>
<opset="tmp_841_cast/17 "/>
</bind>
</comp>

<comp id="2886" class="1004" name="tmp_841_cast_cast_fu_2886">
<pin_list>
<pin id="2887" dir="0" index="0" bw="3" slack="0"/>
<pin id="2888" dir="1" index="1" bw="64" slack="0"/>
</pin_list>
<bind>
<opcode="zext(34) " fcode="zext"/>
<opset="tmp_841_cast_cast/17 "/>
</bind>
</comp>

<comp id="2894" class="1004" name="tmp_855_cast_fu_2894">
<pin_list>
<pin id="2895" dir="0" index="0" bw="4" slack="14"/>
<pin id="2896" dir="1" index="1" bw="6" slack="0"/>
</pin_list>
<bind>
<opcode="sext(35) " fcode="sext"/>
<opset="tmp_855_cast/17 "/>
</bind>
</comp>

<comp id="2897" class="1004" name="tmp_855_cast_cast_fu_2897">
<pin_list>
<pin id="2898" dir="0" index="0" bw="4" slack="0"/>
<pin id="2899" dir="1" index="1" bw="64" slack="0"/>
</pin_list>
<bind>
<opcode="zext(34) " fcode="zext"/>
<opset="tmp_855_cast_cast/17 "/>
</bind>
</comp>

<comp id="2905" class="1004" name="tmp_856_cast_fu_2905">
<pin_list>
<pin id="2906" dir="0" index="0" bw="3" slack="15"/>
<pin id="2907" dir="1" index="1" bw="6" slack="0"/>
</pin_list>
<bind>
<opcode="sext(35) " fcode="sext"/>
<opset="tmp_856_cast/17 "/>
</bind>
</comp>

<comp id="2908" class="1004" name="tmp_856_cast_cast_fu_2908">
<pin_list>
<pin id="2909" dir="0" index="0" bw="3" slack="0"/>
<pin id="2910" dir="1" index="1" bw="64" slack="0"/>
</pin_list>
<bind>
<opcode="zext(34) " fcode="zext"/>
<opset="tmp_856_cast_cast/17 "/>
</bind>
</comp>

<comp id="2916" class="1004" name="sext_ln121_13_fu_2916">
<pin_list>
<pin id="2917" dir="0" index="0" bw="16" slack="0"/>
<pin id="2918" dir="1" index="1" bw="26" slack="0"/>
</pin_list>
<bind>
<opcode="sext(35) " fcode="sext"/>
<opset="sext_ln121_13/17 "/>
</bind>
</comp>

<comp id="2920" class="1004" name="tmp_533_fu_2920">
<pin_list>
<pin id="2921" dir="0" index="0" bw="20" slack="0"/>
<pin id="2922" dir="0" index="1" bw="26" slack="0"/>
<pin id="2923" dir="0" index="2" bw="4" slack="0"/>
<pin id="2924" dir="0" index="3" bw="6" slack="0"/>
<pin id="2925" dir="1" index="4" bw="20" slack="0"/>
</pin_list>
<bind>
<opcode="partselect(1002) " fcode="partselect"/>
<opset="tmp_533/17 "/>
</bind>
</comp>

<comp id="2929" class="1004" name="lhs_503_fu_2929">
<pin_list>
<pin id="2930" dir="0" index="0" bw="26" slack="0"/>
<pin id="2931" dir="0" index="1" bw="20" slack="0"/>
<pin id="2932" dir="0" index="2" bw="1" slack="0"/>
<pin id="2933" dir="1" index="3" bw="26" slack="0"/>
</pin_list>
<bind>
<opcode="bitconcatenate(1004) " fcode="bitconcatenate"/>
<opset="lhs_503/17 "/>
</bind>
</comp>

<comp id="2937" class="1004" name="sext_ln1347_14_fu_2937">
<pin_list>
<pin id="2938" dir="0" index="0" bw="16" slack="1"/>
<pin id="2939" dir="1" index="1" bw="26" slack="0"/>
</pin_list>
<bind>
<opcode="sext(35) " fcode="sext"/>
<opset="sext_ln1347_14/17 "/>
</bind>
</comp>

<comp id="2941" class="1004" name="tmp_534_fu_2941">
<pin_list>
<pin id="2942" dir="0" index="0" bw="20" slack="0"/>
<pin id="2943" dir="0" index="1" bw="26" slack="0"/>
<pin id="2944" dir="0" index="2" bw="4" slack="0"/>
<pin id="2945" dir="0" index="3" bw="6" slack="0"/>
<pin id="2946" dir="1" index="4" bw="20" slack="0"/>
</pin_list>
<bind>
<opcode="partselect(1002) " fcode="partselect"/>
<opset="tmp_534/18 "/>
</bind>
</comp>

<comp id="2950" class="1004" name="lhs_504_fu_2950">
<pin_list>
<pin id="2951" dir="0" index="0" bw="26" slack="0"/>
<pin id="2952" dir="0" index="1" bw="20" slack="0"/>
<pin id="2953" dir="0" index="2" bw="1" slack="0"/>
<pin id="2954" dir="1" index="3" bw="26" slack="0"/>
</pin_list>
<bind>
<opcode="bitconcatenate(1004) " fcode="bitconcatenate"/>
<opset="lhs_504/18 "/>
</bind>
</comp>

<comp id="2958" class="1004" name="sext_ln121_14_fu_2958">
<pin_list>
<pin id="2959" dir="0" index="0" bw="16" slack="1"/>
<pin id="2960" dir="1" index="1" bw="26" slack="0"/>
</pin_list>
<bind>
<opcode="sext(35) " fcode="sext"/>
<opset="sext_ln121_14/19 "/>
</bind>
</comp>

<comp id="2962" class="1004" name="tmp_535_fu_2962">
<pin_list>
<pin id="2963" dir="0" index="0" bw="20" slack="0"/>
<pin id="2964" dir="0" index="1" bw="26" slack="0"/>
<pin id="2965" dir="0" index="2" bw="4" slack="0"/>
<pin id="2966" dir="0" index="3" bw="6" slack="0"/>
<pin id="2967" dir="1" index="4" bw="20" slack="0"/>
</pin_list>
<bind>
<opcode="partselect(1002) " fcode="partselect"/>
<opset="tmp_535/19 "/>
</bind>
</comp>

<comp id="2971" class="1004" name="lhs_505_fu_2971">
<pin_list>
<pin id="2972" dir="0" index="0" bw="26" slack="0"/>
<pin id="2973" dir="0" index="1" bw="20" slack="0"/>
<pin id="2974" dir="0" index="2" bw="1" slack="0"/>
<pin id="2975" dir="1" index="3" bw="26" slack="0"/>
</pin_list>
<bind>
<opcode="bitconcatenate(1004) " fcode="bitconcatenate"/>
<opset="lhs_505/19 "/>
</bind>
</comp>

<comp id="2979" class="1004" name="sext_ln1347_15_fu_2979">
<pin_list>
<pin id="2980" dir="0" index="0" bw="16" slack="2"/>
<pin id="2981" dir="1" index="1" bw="26" slack="0"/>
</pin_list>
<bind>
<opcode="sext(35) " fcode="sext"/>
<opset="sext_ln1347_15/19 "/>
</bind>
</comp>

<comp id="2983" class="1004" name="sext_ln121_15_fu_2983">
<pin_list>
<pin id="2984" dir="0" index="0" bw="16" slack="2"/>
<pin id="2985" dir="1" index="1" bw="26" slack="0"/>
</pin_list>
<bind>
<opcode="sext(35) " fcode="sext"/>
<opset="sext_ln121_15/20 "/>
</bind>
</comp>

<comp id="2987" class="1004" name="tmp_536_fu_2987">
<pin_list>
<pin id="2988" dir="0" index="0" bw="20" slack="0"/>
<pin id="2989" dir="0" index="1" bw="26" slack="0"/>
<pin id="2990" dir="0" index="2" bw="4" slack="0"/>
<pin id="2991" dir="0" index="3" bw="6" slack="0"/>
<pin id="2992" dir="1" index="4" bw="20" slack="1"/>
</pin_list>
<bind>
<opcode="partselect(1002) " fcode="partselect"/>
<opset="tmp_536/20 "/>
</bind>
</comp>

<comp id="2996" class="1004" name="sext_ln1347_16_fu_2996">
<pin_list>
<pin id="2997" dir="0" index="0" bw="16" slack="3"/>
<pin id="2998" dir="1" index="1" bw="26" slack="0"/>
</pin_list>
<bind>
<opcode="sext(35) " fcode="sext"/>
<opset="sext_ln1347_16/20 "/>
</bind>
</comp>

<comp id="3000" class="1004" name="lhs_506_fu_3000">
<pin_list>
<pin id="3001" dir="0" index="0" bw="26" slack="0"/>
<pin id="3002" dir="0" index="1" bw="20" slack="1"/>
<pin id="3003" dir="0" index="2" bw="1" slack="0"/>
<pin id="3004" dir="1" index="3" bw="26" slack="0"/>
</pin_list>
<bind>
<opcode="bitconcatenate(1004) " fcode="bitconcatenate"/>
<opset="lhs_506/21 "/>
</bind>
</comp>

<comp id="3007" class="1004" name="tmp_537_fu_3007">
<pin_list>
<pin id="3008" dir="0" index="0" bw="20" slack="0"/>
<pin id="3009" dir="0" index="1" bw="26" slack="0"/>
<pin id="3010" dir="0" index="2" bw="4" slack="0"/>
<pin id="3011" dir="0" index="3" bw="6" slack="0"/>
<pin id="3012" dir="1" index="4" bw="20" slack="0"/>
</pin_list>
<bind>
<opcode="partselect(1002) " fcode="partselect"/>
<opset="tmp_537/22 "/>
</bind>
</comp>

<comp id="3016" class="1004" name="lhs_507_fu_3016">
<pin_list>
<pin id="3017" dir="0" index="0" bw="26" slack="0"/>
<pin id="3018" dir="0" index="1" bw="20" slack="0"/>
<pin id="3019" dir="0" index="2" bw="1" slack="0"/>
<pin id="3020" dir="1" index="3" bw="26" slack="0"/>
</pin_list>
<bind>
<opcode="bitconcatenate(1004) " fcode="bitconcatenate"/>
<opset="lhs_507/22 "/>
</bind>
</comp>

<comp id="3024" class="1004" name="tmp_522_fu_3024">
<pin_list>
<pin id="3025" dir="0" index="0" bw="6" slack="0"/>
<pin id="3026" dir="0" index="1" bw="4" slack="22"/>
<pin id="3027" dir="0" index="2" bw="2" slack="22"/>
<pin id="3028" dir="1" index="3" bw="6" slack="0"/>
</pin_list>
<bind>
<opcode="bitconcatenate(1004) " fcode="bitconcatenate"/>
<opset="tmp_522/23 "/>
</bind>
</comp>

<comp id="3030" class="1004" name="zext_ln129_fu_3030">
<pin_list>
<pin id="3031" dir="0" index="0" bw="6" slack="0"/>
<pin id="3032" dir="1" index="1" bw="64" slack="0"/>
</pin_list>
<bind>
<opcode="zext(34) " fcode="zext"/>
<opset="zext_ln129/23 "/>
</bind>
</comp>

<comp id="3038" class="1004" name="trunc_ln8_fu_3038">
<pin_list>
<pin id="3039" dir="0" index="0" bw="16" slack="0"/>
<pin id="3040" dir="0" index="1" bw="26" slack="0"/>
<pin id="3041" dir="0" index="2" bw="5" slack="0"/>
<pin id="3042" dir="0" index="3" bw="6" slack="0"/>
<pin id="3043" dir="1" index="4" bw="16" slack="0"/>
</pin_list>
<bind>
<opcode="partselect(1002) " fcode="partselect"/>
<opset="trunc_ln8/23 "/>
</bind>
</comp>

<comp id="3051" class="1007" name="grp_fu_3051">
<pin_list>
<pin id="3052" dir="0" index="0" bw="16" slack="0"/>
<pin id="3053" dir="0" index="1" bw="16" slack="0"/>
<pin id="3054" dir="1" index="2" bw="26" slack="0"/>
</pin_list>
<bind>
<opcode="mul(12) " fcode="mul"/>
<opset="mul_ln1270_2/4 "/>
</bind>
</comp>

<comp id="3058" class="1007" name="grp_fu_3058">
<pin_list>
<pin id="3059" dir="0" index="0" bw="16" slack="0"/>
<pin id="3060" dir="0" index="1" bw="16" slack="0"/>
<pin id="3061" dir="0" index="2" bw="26" slack="0"/>
<pin id="3062" dir="1" index="3" bw="26" slack="0"/>
</pin_list>
<bind>
<opcode="muladd(1172) " fcode="muladd"/>
<opset="mul_ln1347_73/5 ret_V/7 "/>
</bind>
</comp>

<comp id="3067" class="1007" name="grp_fu_3067">
<pin_list>
<pin id="3068" dir="0" index="0" bw="16" slack="0"/>
<pin id="3069" dir="0" index="1" bw="16" slack="0"/>
<pin id="3070" dir="0" index="2" bw="26" slack="0"/>
<pin id="3071" dir="1" index="3" bw="26" slack="0"/>
</pin_list>
<bind>
<opcode="muladd(1172) " fcode="muladd"/>
<opset="mul_ln1347_74/6 ret_V_512/8 "/>
</bind>
</comp>

<comp id="3076" class="1007" name="grp_fu_3076">
<pin_list>
<pin id="3077" dir="0" index="0" bw="16" slack="0"/>
<pin id="3078" dir="0" index="1" bw="16" slack="0"/>
<pin id="3079" dir="0" index="2" bw="26" slack="0"/>
<pin id="3080" dir="1" index="3" bw="26" slack="0"/>
</pin_list>
<bind>
<opcode="muladd(1172) " fcode="muladd"/>
<opset="mul_ln1347_75/7 ret_V_513/9 "/>
</bind>
</comp>

<comp id="3085" class="1007" name="grp_fu_3085">
<pin_list>
<pin id="3086" dir="0" index="0" bw="16" slack="0"/>
<pin id="3087" dir="0" index="1" bw="16" slack="0"/>
<pin id="3088" dir="0" index="2" bw="26" slack="0"/>
<pin id="3089" dir="1" index="3" bw="26" slack="0"/>
</pin_list>
<bind>
<opcode="muladd(1172) " fcode="muladd"/>
<opset="mul_ln1347_76/8 ret_V_514/10 "/>
</bind>
</comp>

<comp id="3094" class="1007" name="grp_fu_3094">
<pin_list>
<pin id="3095" dir="0" index="0" bw="16" slack="0"/>
<pin id="3096" dir="0" index="1" bw="16" slack="0"/>
<pin id="3097" dir="0" index="2" bw="26" slack="0"/>
<pin id="3098" dir="1" index="3" bw="26" slack="0"/>
</pin_list>
<bind>
<opcode="muladd(1172) " fcode="muladd"/>
<opset="mul_ln1347_77/9 ret_V_515/11 "/>
</bind>
</comp>

<comp id="3103" class="1007" name="grp_fu_3103">
<pin_list>
<pin id="3104" dir="0" index="0" bw="16" slack="0"/>
<pin id="3105" dir="0" index="1" bw="16" slack="0"/>
<pin id="3106" dir="0" index="2" bw="26" slack="0"/>
<pin id="3107" dir="1" index="3" bw="26" slack="0"/>
</pin_list>
<bind>
<opcode="muladd(1172) " fcode="muladd"/>
<opset="mul_ln1347_78/10 ret_V_516/12 "/>
</bind>
</comp>

<comp id="3112" class="1007" name="grp_fu_3112">
<pin_list>
<pin id="3113" dir="0" index="0" bw="16" slack="0"/>
<pin id="3114" dir="0" index="1" bw="16" slack="0"/>
<pin id="3115" dir="0" index="2" bw="26" slack="0"/>
<pin id="3116" dir="1" index="3" bw="26" slack="0"/>
</pin_list>
<bind>
<opcode="muladd(1172) " fcode="muladd"/>
<opset="mul_ln1347_79/11 ret_V_517/13 "/>
</bind>
</comp>

<comp id="3121" class="1007" name="grp_fu_3121">
<pin_list>
<pin id="3122" dir="0" index="0" bw="16" slack="0"/>
<pin id="3123" dir="0" index="1" bw="16" slack="0"/>
<pin id="3124" dir="0" index="2" bw="26" slack="0"/>
<pin id="3125" dir="1" index="3" bw="26" slack="0"/>
</pin_list>
<bind>
<opcode="muladd(1172) " fcode="muladd"/>
<opset="mul_ln1347_80/12 ret_V_518/14 "/>
</bind>
</comp>

<comp id="3130" class="1007" name="grp_fu_3130">
<pin_list>
<pin id="3131" dir="0" index="0" bw="16" slack="0"/>
<pin id="3132" dir="0" index="1" bw="16" slack="0"/>
<pin id="3133" dir="0" index="2" bw="26" slack="0"/>
<pin id="3134" dir="1" index="3" bw="26" slack="0"/>
</pin_list>
<bind>
<opcode="muladd(1172) " fcode="muladd"/>
<opset="mul_ln1347_81/13 ret_V_519/15 "/>
</bind>
</comp>

<comp id="3139" class="1007" name="grp_fu_3139">
<pin_list>
<pin id="3140" dir="0" index="0" bw="16" slack="0"/>
<pin id="3141" dir="0" index="1" bw="16" slack="0"/>
<pin id="3142" dir="0" index="2" bw="26" slack="0"/>
<pin id="3143" dir="1" index="3" bw="26" slack="0"/>
</pin_list>
<bind>
<opcode="muladd(1172) " fcode="muladd"/>
<opset="mul_ln1347_82/14 ret_V_520/16 "/>
</bind>
</comp>

<comp id="3148" class="1007" name="grp_fu_3148">
<pin_list>
<pin id="3149" dir="0" index="0" bw="16" slack="0"/>
<pin id="3150" dir="0" index="1" bw="16" slack="0"/>
<pin id="3151" dir="0" index="2" bw="26" slack="0"/>
<pin id="3152" dir="1" index="3" bw="26" slack="0"/>
</pin_list>
<bind>
<opcode="muladd(1172) " fcode="muladd"/>
<opset="mul_ln1347_83/15 ret_V_521/17 "/>
</bind>
</comp>

<comp id="3157" class="1007" name="grp_fu_3157">
<pin_list>
<pin id="3158" dir="0" index="0" bw="16" slack="0"/>
<pin id="3159" dir="0" index="1" bw="16" slack="0"/>
<pin id="3160" dir="0" index="2" bw="26" slack="0"/>
<pin id="3161" dir="1" index="3" bw="26" slack="0"/>
</pin_list>
<bind>
<opcode="muladd(1172) " fcode="muladd"/>
<opset="mul_ln1347_84/16 ret_V_522/18 "/>
</bind>
</comp>

<comp id="3166" class="1007" name="grp_fu_3166">
<pin_list>
<pin id="3167" dir="0" index="0" bw="16" slack="0"/>
<pin id="3168" dir="0" index="1" bw="16" slack="0"/>
<pin id="3169" dir="0" index="2" bw="26" slack="0"/>
<pin id="3170" dir="1" index="3" bw="26" slack="0"/>
</pin_list>
<bind>
<opcode="muladd(1172) " fcode="muladd"/>
<opset="mul_ln1347_85/17 ret_V_523/19 "/>
</bind>
</comp>

<comp id="3175" class="1007" name="grp_fu_3175">
<pin_list>
<pin id="3176" dir="0" index="0" bw="16" slack="0"/>
<pin id="3177" dir="0" index="1" bw="16" slack="0"/>
<pin id="3178" dir="0" index="2" bw="26" slack="0"/>
<pin id="3179" dir="1" index="3" bw="26" slack="0"/>
</pin_list>
<bind>
<opcode="muladd(1172) " fcode="muladd"/>
<opset="mul_ln1347_86/19 ret_V_524/21 "/>
</bind>
</comp>

<comp id="3184" class="1007" name="grp_fu_3184">
<pin_list>
<pin id="3185" dir="0" index="0" bw="16" slack="0"/>
<pin id="3186" dir="0" index="1" bw="16" slack="0"/>
<pin id="3187" dir="0" index="2" bw="26" slack="0"/>
<pin id="3188" dir="1" index="3" bw="26" slack="0"/>
</pin_list>
<bind>
<opcode="muladd(1172) " fcode="muladd"/>
<opset="mul_ln1347_87/20 ret_V_525/22 "/>
</bind>
</comp>

<comp id="3193" class="1005" name="d2_reg_3193">
<pin_list>
<pin id="3194" dir="0" index="0" bw="5" slack="0"/>
<pin id="3195" dir="1" index="1" bw="5" slack="0"/>
</pin_list>
<bind>
<opset="d2 "/>
</bind>
</comp>

<comp id="3200" class="1005" name="d1_reg_3200">
<pin_list>
<pin id="3201" dir="0" index="0" bw="5" slack="0"/>
<pin id="3202" dir="1" index="1" bw="5" slack="0"/>
</pin_list>
<bind>
<opset="d1 "/>
</bind>
</comp>

<comp id="3207" class="1005" name="indvar_flatten_reg_3207">
<pin_list>
<pin id="3208" dir="0" index="0" bw="9" slack="0"/>
<pin id="3209" dir="1" index="1" bw="9" slack="0"/>
</pin_list>
<bind>
<opset="indvar_flatten "/>
</bind>
</comp>

<comp id="3214" class="1005" name="tmp_s_reg_3214">
<pin_list>
<pin id="3215" dir="0" index="0" bw="2" slack="1"/>
<pin id="3216" dir="1" index="1" bw="2" slack="1"/>
</pin_list>
<bind>
<opset="tmp_s "/>
</bind>
</comp>

<comp id="3226" class="1005" name="empty_reg_3226">
<pin_list>
<pin id="3227" dir="0" index="0" bw="2" slack="1"/>
<pin id="3228" dir="1" index="1" bw="2" slack="2"/>
</pin_list>
<bind>
<opset="empty "/>
</bind>
</comp>

<comp id="3232" class="1005" name="icmp_ln121_reg_3232">
<pin_list>
<pin id="3233" dir="0" index="0" bw="1" slack="1"/>
<pin id="3234" dir="1" index="1" bw="1" slack="2147483647"/>
</pin_list>
<bind>
<opset="icmp_ln121 "/>
</bind>
</comp>

<comp id="3236" class="1005" name="icmp_ln122_reg_3236">
<pin_list>
<pin id="3237" dir="0" index="0" bw="1" slack="1"/>
<pin id="3238" dir="1" index="1" bw="1" slack="2"/>
</pin_list>
<bind>
<opset="icmp_ln122 "/>
</bind>
</comp>

<comp id="3242" class="1005" name="empty_65_reg_3242">
<pin_list>
<pin id="3243" dir="0" index="0" bw="4" slack="22"/>
<pin id="3244" dir="1" index="1" bw="4" slack="22"/>
</pin_list>
<bind>
<opset="empty_65 "/>
</bind>
</comp>

<comp id="3247" class="1005" name="p_mid1_reg_3247">
<pin_list>
<pin id="3248" dir="0" index="0" bw="2" slack="1"/>
<pin id="3249" dir="1" index="1" bw="2" slack="1"/>
</pin_list>
<bind>
<opset="p_mid1 "/>
</bind>
</comp>

<comp id="3259" class="1005" name="empty_66_reg_3259">
<pin_list>
<pin id="3260" dir="0" index="0" bw="2" slack="1"/>
<pin id="3261" dir="1" index="1" bw="2" slack="2"/>
</pin_list>
<bind>
<opset="empty_66 "/>
</bind>
</comp>

<comp id="3265" class="1005" name="lshr_ln_reg_3265">
<pin_list>
<pin id="3266" dir="0" index="0" bw="2" slack="1"/>
<pin id="3267" dir="1" index="1" bw="2" slack="1"/>
</pin_list>
<bind>
<opset="lshr_ln "/>
</bind>
</comp>

<comp id="3276" class="1005" name="V_V_addr_reg_3276">
<pin_list>
<pin id="3277" dir="0" index="0" bw="6" slack="1"/>
<pin id="3278" dir="1" index="1" bw="6" slack="1"/>
</pin_list>
<bind>
<opset="V_V_addr "/>
</bind>
</comp>

<comp id="3281" class="1005" name="tmp_857_cast_reg_3281">
<pin_list>
<pin id="3282" dir="0" index="0" bw="3" slack="1"/>
<pin id="3283" dir="1" index="1" bw="3" slack="1"/>
</pin_list>
<bind>
<opset="tmp_857_cast "/>
</bind>
</comp>

<comp id="3288" class="1005" name="V_V_addr_1_reg_3288">
<pin_list>
<pin id="3289" dir="0" index="0" bw="6" slack="1"/>
<pin id="3290" dir="1" index="1" bw="6" slack="1"/>
</pin_list>
<bind>
<opset="V_V_addr_1 "/>
</bind>
</comp>

<comp id="3293" class="1005" name="V_V_1_addr_reg_3293">
<pin_list>
<pin id="3294" dir="0" index="0" bw="6" slack="1"/>
<pin id="3295" dir="1" index="1" bw="6" slack="1"/>
</pin_list>
<bind>
<opset="V_V_1_addr "/>
</bind>
</comp>

<comp id="3298" class="1005" name="V_V_1_addr_1_reg_3298">
<pin_list>
<pin id="3299" dir="0" index="0" bw="6" slack="1"/>
<pin id="3300" dir="1" index="1" bw="6" slack="1"/>
</pin_list>
<bind>
<opset="V_V_1_addr_1 "/>
</bind>
</comp>

<comp id="3303" class="1005" name="V_V_2_addr_reg_3303">
<pin_list>
<pin id="3304" dir="0" index="0" bw="6" slack="1"/>
<pin id="3305" dir="1" index="1" bw="6" slack="1"/>
</pin_list>
<bind>
<opset="V_V_2_addr "/>
</bind>
</comp>

<comp id="3308" class="1005" name="V_V_2_addr_1_reg_3308">
<pin_list>
<pin id="3309" dir="0" index="0" bw="6" slack="1"/>
<pin id="3310" dir="1" index="1" bw="6" slack="1"/>
</pin_list>
<bind>
<opset="V_V_2_addr_1 "/>
</bind>
</comp>

<comp id="3313" class="1005" name="V_V_3_addr_reg_3313">
<pin_list>
<pin id="3314" dir="0" index="0" bw="6" slack="1"/>
<pin id="3315" dir="1" index="1" bw="6" slack="1"/>
</pin_list>
<bind>
<opset="V_V_3_addr "/>
</bind>
</comp>

<comp id="3318" class="1005" name="V_V_3_addr_1_reg_3318">
<pin_list>
<pin id="3319" dir="0" index="0" bw="6" slack="1"/>
<pin id="3320" dir="1" index="1" bw="6" slack="1"/>
</pin_list>
<bind>
<opset="V_V_3_addr_1 "/>
</bind>
</comp>

<comp id="3323" class="1005" name="trunc_ln1273_reg_3323">
<pin_list>
<pin id="3324" dir="0" index="0" bw="2" slack="1"/>
<pin id="3325" dir="1" index="1" bw="2" slack="1"/>
</pin_list>
<bind>
<opset="trunc_ln1273 "/>
</bind>
</comp>

<comp id="3329" class="1005" name="K_V_addr_reg_3329">
<pin_list>
<pin id="3330" dir="0" index="0" bw="6" slack="1"/>
<pin id="3331" dir="1" index="1" bw="6" slack="1"/>
</pin_list>
<bind>
<opset="K_V_addr "/>
</bind>
</comp>

<comp id="3334" class="1005" name="tmp_827_cast_reg_3334">
<pin_list>
<pin id="3335" dir="0" index="0" bw="3" slack="1"/>
<pin id="3336" dir="1" index="1" bw="3" slack="1"/>
</pin_list>
<bind>
<opset="tmp_827_cast "/>
</bind>
</comp>

<comp id="3341" class="1005" name="K_V_addr_4_reg_3341">
<pin_list>
<pin id="3342" dir="0" index="0" bw="6" slack="1"/>
<pin id="3343" dir="1" index="1" bw="6" slack="1"/>
</pin_list>
<bind>
<opset="K_V_addr_4 "/>
</bind>
</comp>

<comp id="3346" class="1005" name="K_V_1_addr_reg_3346">
<pin_list>
<pin id="3347" dir="0" index="0" bw="6" slack="1"/>
<pin id="3348" dir="1" index="1" bw="6" slack="1"/>
</pin_list>
<bind>
<opset="K_V_1_addr "/>
</bind>
</comp>

<comp id="3351" class="1005" name="K_V_1_addr_4_reg_3351">
<pin_list>
<pin id="3352" dir="0" index="0" bw="6" slack="1"/>
<pin id="3353" dir="1" index="1" bw="6" slack="1"/>
</pin_list>
<bind>
<opset="K_V_1_addr_4 "/>
</bind>
</comp>

<comp id="3356" class="1005" name="K_V_2_addr_reg_3356">
<pin_list>
<pin id="3357" dir="0" index="0" bw="6" slack="1"/>
<pin id="3358" dir="1" index="1" bw="6" slack="1"/>
</pin_list>
<bind>
<opset="K_V_2_addr "/>
</bind>
</comp>

<comp id="3361" class="1005" name="K_V_2_addr_4_reg_3361">
<pin_list>
<pin id="3362" dir="0" index="0" bw="6" slack="1"/>
<pin id="3363" dir="1" index="1" bw="6" slack="1"/>
</pin_list>
<bind>
<opset="K_V_2_addr_4 "/>
</bind>
</comp>

<comp id="3366" class="1005" name="K_V_3_addr_reg_3366">
<pin_list>
<pin id="3367" dir="0" index="0" bw="6" slack="1"/>
<pin id="3368" dir="1" index="1" bw="6" slack="1"/>
</pin_list>
<bind>
<opset="K_V_3_addr "/>
</bind>
</comp>

<comp id="3371" class="1005" name="K_V_3_addr_4_reg_3371">
<pin_list>
<pin id="3372" dir="0" index="0" bw="6" slack="1"/>
<pin id="3373" dir="1" index="1" bw="6" slack="1"/>
</pin_list>
<bind>
<opset="K_V_3_addr_4 "/>
</bind>
</comp>

<comp id="3376" class="1005" name="K_V_addr_19_reg_3376">
<pin_list>
<pin id="3377" dir="0" index="0" bw="6" slack="1"/>
<pin id="3378" dir="1" index="1" bw="6" slack="1"/>
</pin_list>
<bind>
<opset="K_V_addr_19 "/>
</bind>
</comp>

<comp id="3381" class="1005" name="tmp_842_cast_reg_3381">
<pin_list>
<pin id="3382" dir="0" index="0" bw="3" slack="1"/>
<pin id="3383" dir="1" index="1" bw="3" slack="1"/>
</pin_list>
<bind>
<opset="tmp_842_cast "/>
</bind>
</comp>

<comp id="3388" class="1005" name="K_V_addr_20_reg_3388">
<pin_list>
<pin id="3389" dir="0" index="0" bw="6" slack="1"/>
<pin id="3390" dir="1" index="1" bw="6" slack="1"/>
</pin_list>
<bind>
<opset="K_V_addr_20 "/>
</bind>
</comp>

<comp id="3393" class="1005" name="K_V_1_addr_19_reg_3393">
<pin_list>
<pin id="3394" dir="0" index="0" bw="6" slack="1"/>
<pin id="3395" dir="1" index="1" bw="6" slack="1"/>
</pin_list>
<bind>
<opset="K_V_1_addr_19 "/>
</bind>
</comp>

<comp id="3398" class="1005" name="K_V_1_addr_20_reg_3398">
<pin_list>
<pin id="3399" dir="0" index="0" bw="6" slack="1"/>
<pin id="3400" dir="1" index="1" bw="6" slack="1"/>
</pin_list>
<bind>
<opset="K_V_1_addr_20 "/>
</bind>
</comp>

<comp id="3403" class="1005" name="K_V_2_addr_19_reg_3403">
<pin_list>
<pin id="3404" dir="0" index="0" bw="6" slack="1"/>
<pin id="3405" dir="1" index="1" bw="6" slack="1"/>
</pin_list>
<bind>
<opset="K_V_2_addr_19 "/>
</bind>
</comp>

<comp id="3408" class="1005" name="K_V_2_addr_20_reg_3408">
<pin_list>
<pin id="3409" dir="0" index="0" bw="6" slack="1"/>
<pin id="3410" dir="1" index="1" bw="6" slack="1"/>
</pin_list>
<bind>
<opset="K_V_2_addr_20 "/>
</bind>
</comp>

<comp id="3413" class="1005" name="K_V_3_addr_19_reg_3413">
<pin_list>
<pin id="3414" dir="0" index="0" bw="6" slack="1"/>
<pin id="3415" dir="1" index="1" bw="6" slack="1"/>
</pin_list>
<bind>
<opset="K_V_3_addr_19 "/>
</bind>
</comp>

<comp id="3418" class="1005" name="K_V_3_addr_20_reg_3418">
<pin_list>
<pin id="3419" dir="0" index="0" bw="6" slack="1"/>
<pin id="3420" dir="1" index="1" bw="6" slack="1"/>
</pin_list>
<bind>
<opset="K_V_3_addr_20 "/>
</bind>
</comp>

<comp id="3423" class="1005" name="tmp_858_cast_reg_3423">
<pin_list>
<pin id="3424" dir="0" index="0" bw="4" slack="2"/>
<pin id="3425" dir="1" index="1" bw="4" slack="2"/>
</pin_list>
<bind>
<opset="tmp_858_cast "/>
</bind>
</comp>

<comp id="3429" class="1005" name="V_V_addr_2_reg_3429">
<pin_list>
<pin id="3430" dir="0" index="0" bw="6" slack="1"/>
<pin id="3431" dir="1" index="1" bw="6" slack="1"/>
</pin_list>
<bind>
<opset="V_V_addr_2 "/>
</bind>
</comp>

<comp id="3434" class="1005" name="V_V_addr_3_reg_3434">
<pin_list>
<pin id="3435" dir="0" index="0" bw="6" slack="1"/>
<pin id="3436" dir="1" index="1" bw="6" slack="1"/>
</pin_list>
<bind>
<opset="V_V_addr_3 "/>
</bind>
</comp>

<comp id="3439" class="1005" name="V_V_1_addr_2_reg_3439">
<pin_list>
<pin id="3440" dir="0" index="0" bw="6" slack="1"/>
<pin id="3441" dir="1" index="1" bw="6" slack="1"/>
</pin_list>
<bind>
<opset="V_V_1_addr_2 "/>
</bind>
</comp>

<comp id="3444" class="1005" name="V_V_1_addr_3_reg_3444">
<pin_list>
<pin id="3445" dir="0" index="0" bw="6" slack="1"/>
<pin id="3446" dir="1" index="1" bw="6" slack="1"/>
</pin_list>
<bind>
<opset="V_V_1_addr_3 "/>
</bind>
</comp>

<comp id="3449" class="1005" name="V_V_2_addr_2_reg_3449">
<pin_list>
<pin id="3450" dir="0" index="0" bw="6" slack="1"/>
<pin id="3451" dir="1" index="1" bw="6" slack="1"/>
</pin_list>
<bind>
<opset="V_V_2_addr_2 "/>
</bind>
</comp>

<comp id="3454" class="1005" name="V_V_2_addr_3_reg_3454">
<pin_list>
<pin id="3455" dir="0" index="0" bw="6" slack="1"/>
<pin id="3456" dir="1" index="1" bw="6" slack="1"/>
</pin_list>
<bind>
<opset="V_V_2_addr_3 "/>
</bind>
</comp>

<comp id="3459" class="1005" name="V_V_3_addr_2_reg_3459">
<pin_list>
<pin id="3460" dir="0" index="0" bw="6" slack="1"/>
<pin id="3461" dir="1" index="1" bw="6" slack="1"/>
</pin_list>
<bind>
<opset="V_V_3_addr_2 "/>
</bind>
</comp>

<comp id="3464" class="1005" name="V_V_3_addr_3_reg_3464">
<pin_list>
<pin id="3465" dir="0" index="0" bw="6" slack="1"/>
<pin id="3466" dir="1" index="1" bw="6" slack="1"/>
</pin_list>
<bind>
<opset="V_V_3_addr_3 "/>
</bind>
</comp>

<comp id="3469" class="1005" name="tmp_828_cast_reg_3469">
<pin_list>
<pin id="3470" dir="0" index="0" bw="4" slack="2"/>
<pin id="3471" dir="1" index="1" bw="4" slack="2"/>
</pin_list>
<bind>
<opset="tmp_828_cast "/>
</bind>
</comp>

<comp id="3475" class="1005" name="K_V_addr_5_reg_3475">
<pin_list>
<pin id="3476" dir="0" index="0" bw="6" slack="1"/>
<pin id="3477" dir="1" index="1" bw="6" slack="1"/>
</pin_list>
<bind>
<opset="K_V_addr_5 "/>
</bind>
</comp>

<comp id="3480" class="1005" name="K_V_addr_6_reg_3480">
<pin_list>
<pin id="3481" dir="0" index="0" bw="6" slack="1"/>
<pin id="3482" dir="1" index="1" bw="6" slack="1"/>
</pin_list>
<bind>
<opset="K_V_addr_6 "/>
</bind>
</comp>

<comp id="3485" class="1005" name="K_V_1_addr_5_reg_3485">
<pin_list>
<pin id="3486" dir="0" index="0" bw="6" slack="1"/>
<pin id="3487" dir="1" index="1" bw="6" slack="1"/>
</pin_list>
<bind>
<opset="K_V_1_addr_5 "/>
</bind>
</comp>

<comp id="3490" class="1005" name="K_V_1_addr_6_reg_3490">
<pin_list>
<pin id="3491" dir="0" index="0" bw="6" slack="1"/>
<pin id="3492" dir="1" index="1" bw="6" slack="1"/>
</pin_list>
<bind>
<opset="K_V_1_addr_6 "/>
</bind>
</comp>

<comp id="3495" class="1005" name="K_V_2_addr_5_reg_3495">
<pin_list>
<pin id="3496" dir="0" index="0" bw="6" slack="1"/>
<pin id="3497" dir="1" index="1" bw="6" slack="1"/>
</pin_list>
<bind>
<opset="K_V_2_addr_5 "/>
</bind>
</comp>

<comp id="3500" class="1005" name="K_V_2_addr_6_reg_3500">
<pin_list>
<pin id="3501" dir="0" index="0" bw="6" slack="1"/>
<pin id="3502" dir="1" index="1" bw="6" slack="1"/>
</pin_list>
<bind>
<opset="K_V_2_addr_6 "/>
</bind>
</comp>

<comp id="3505" class="1005" name="K_V_3_addr_5_reg_3505">
<pin_list>
<pin id="3506" dir="0" index="0" bw="6" slack="1"/>
<pin id="3507" dir="1" index="1" bw="6" slack="1"/>
</pin_list>
<bind>
<opset="K_V_3_addr_5 "/>
</bind>
</comp>

<comp id="3510" class="1005" name="K_V_3_addr_6_reg_3510">
<pin_list>
<pin id="3511" dir="0" index="0" bw="6" slack="1"/>
<pin id="3512" dir="1" index="1" bw="6" slack="1"/>
</pin_list>
<bind>
<opset="K_V_3_addr_6 "/>
</bind>
</comp>

<comp id="3515" class="1005" name="tmp_843_cast_reg_3515">
<pin_list>
<pin id="3516" dir="0" index="0" bw="4" slack="2"/>
<pin id="3517" dir="1" index="1" bw="4" slack="2"/>
</pin_list>
<bind>
<opset="tmp_843_cast "/>
</bind>
</comp>

<comp id="3521" class="1005" name="K_V_addr_21_reg_3521">
<pin_list>
<pin id="3522" dir="0" index="0" bw="6" slack="1"/>
<pin id="3523" dir="1" index="1" bw="6" slack="1"/>
</pin_list>
<bind>
<opset="K_V_addr_21 "/>
</bind>
</comp>

<comp id="3526" class="1005" name="K_V_addr_22_reg_3526">
<pin_list>
<pin id="3527" dir="0" index="0" bw="6" slack="1"/>
<pin id="3528" dir="1" index="1" bw="6" slack="1"/>
</pin_list>
<bind>
<opset="K_V_addr_22 "/>
</bind>
</comp>

<comp id="3531" class="1005" name="K_V_1_addr_21_reg_3531">
<pin_list>
<pin id="3532" dir="0" index="0" bw="6" slack="1"/>
<pin id="3533" dir="1" index="1" bw="6" slack="1"/>
</pin_list>
<bind>
<opset="K_V_1_addr_21 "/>
</bind>
</comp>

<comp id="3536" class="1005" name="K_V_1_addr_22_reg_3536">
<pin_list>
<pin id="3537" dir="0" index="0" bw="6" slack="1"/>
<pin id="3538" dir="1" index="1" bw="6" slack="1"/>
</pin_list>
<bind>
<opset="K_V_1_addr_22 "/>
</bind>
</comp>

<comp id="3541" class="1005" name="K_V_2_addr_21_reg_3541">
<pin_list>
<pin id="3542" dir="0" index="0" bw="6" slack="1"/>
<pin id="3543" dir="1" index="1" bw="6" slack="1"/>
</pin_list>
<bind>
<opset="K_V_2_addr_21 "/>
</bind>
</comp>

<comp id="3546" class="1005" name="K_V_2_addr_22_reg_3546">
<pin_list>
<pin id="3547" dir="0" index="0" bw="6" slack="1"/>
<pin id="3548" dir="1" index="1" bw="6" slack="1"/>
</pin_list>
<bind>
<opset="K_V_2_addr_22 "/>
</bind>
</comp>

<comp id="3551" class="1005" name="K_V_3_addr_21_reg_3551">
<pin_list>
<pin id="3552" dir="0" index="0" bw="6" slack="1"/>
<pin id="3553" dir="1" index="1" bw="6" slack="1"/>
</pin_list>
<bind>
<opset="K_V_3_addr_21 "/>
</bind>
</comp>

<comp id="3556" class="1005" name="K_V_3_addr_22_reg_3556">
<pin_list>
<pin id="3557" dir="0" index="0" bw="6" slack="1"/>
<pin id="3558" dir="1" index="1" bw="6" slack="1"/>
</pin_list>
<bind>
<opset="K_V_3_addr_22 "/>
</bind>
</comp>

<comp id="3561" class="1005" name="zext_ln1273_1_reg_3561">
<pin_list>
<pin id="3562" dir="0" index="0" bw="4" slack="2"/>
<pin id="3563" dir="1" index="1" bw="4" slack="2"/>
</pin_list>
<bind>
<opset="zext_ln1273_1 "/>
</bind>
</comp>

<comp id="3566" class="1005" name="tmp_860_cast_reg_3566">
<pin_list>
<pin id="3567" dir="0" index="0" bw="5" slack="12"/>
<pin id="3568" dir="1" index="1" bw="5" slack="12"/>
</pin_list>
<bind>
<opset="tmp_860_cast "/>
</bind>
</comp>

<comp id="3571" class="1005" name="V_V_addr_4_reg_3571">
<pin_list>
<pin id="3572" dir="0" index="0" bw="6" slack="1"/>
<pin id="3573" dir="1" index="1" bw="6" slack="1"/>
</pin_list>
<bind>
<opset="V_V_addr_4 "/>
</bind>
</comp>

<comp id="3576" class="1005" name="tmp_861_cast_reg_3576">
<pin_list>
<pin id="3577" dir="0" index="0" bw="5" slack="12"/>
<pin id="3578" dir="1" index="1" bw="5" slack="12"/>
</pin_list>
<bind>
<opset="tmp_861_cast "/>
</bind>
</comp>

<comp id="3581" class="1005" name="V_V_addr_5_reg_3581">
<pin_list>
<pin id="3582" dir="0" index="0" bw="6" slack="1"/>
<pin id="3583" dir="1" index="1" bw="6" slack="1"/>
</pin_list>
<bind>
<opset="V_V_addr_5 "/>
</bind>
</comp>

<comp id="3586" class="1005" name="V_V_1_addr_4_reg_3586">
<pin_list>
<pin id="3587" dir="0" index="0" bw="6" slack="1"/>
<pin id="3588" dir="1" index="1" bw="6" slack="1"/>
</pin_list>
<bind>
<opset="V_V_1_addr_4 "/>
</bind>
</comp>

<comp id="3591" class="1005" name="V_V_1_addr_5_reg_3591">
<pin_list>
<pin id="3592" dir="0" index="0" bw="6" slack="1"/>
<pin id="3593" dir="1" index="1" bw="6" slack="1"/>
</pin_list>
<bind>
<opset="V_V_1_addr_5 "/>
</bind>
</comp>

<comp id="3596" class="1005" name="V_V_2_addr_4_reg_3596">
<pin_list>
<pin id="3597" dir="0" index="0" bw="6" slack="1"/>
<pin id="3598" dir="1" index="1" bw="6" slack="1"/>
</pin_list>
<bind>
<opset="V_V_2_addr_4 "/>
</bind>
</comp>

<comp id="3601" class="1005" name="V_V_2_addr_5_reg_3601">
<pin_list>
<pin id="3602" dir="0" index="0" bw="6" slack="1"/>
<pin id="3603" dir="1" index="1" bw="6" slack="1"/>
</pin_list>
<bind>
<opset="V_V_2_addr_5 "/>
</bind>
</comp>

<comp id="3606" class="1005" name="V_V_3_addr_4_reg_3606">
<pin_list>
<pin id="3607" dir="0" index="0" bw="6" slack="1"/>
<pin id="3608" dir="1" index="1" bw="6" slack="1"/>
</pin_list>
<bind>
<opset="V_V_3_addr_4 "/>
</bind>
</comp>

<comp id="3611" class="1005" name="V_V_3_addr_5_reg_3611">
<pin_list>
<pin id="3612" dir="0" index="0" bw="6" slack="1"/>
<pin id="3613" dir="1" index="1" bw="6" slack="1"/>
</pin_list>
<bind>
<opset="V_V_3_addr_5 "/>
</bind>
</comp>

<comp id="3616" class="1005" name="tmp_19_reg_3616">
<pin_list>
<pin id="3617" dir="0" index="0" bw="16" slack="4"/>
<pin id="3618" dir="1" index="1" bw="16" slack="4"/>
</pin_list>
<bind>
<opset="tmp_19 "/>
</bind>
</comp>

<comp id="3621" class="1005" name="tmp_826_cast_reg_3621">
<pin_list>
<pin id="3622" dir="0" index="0" bw="4" slack="2"/>
<pin id="3623" dir="1" index="1" bw="4" slack="2"/>
</pin_list>
<bind>
<opset="tmp_826_cast "/>
</bind>
</comp>

<comp id="3626" class="1005" name="tmp_830_cast_reg_3626">
<pin_list>
<pin id="3627" dir="0" index="0" bw="5" slack="4"/>
<pin id="3628" dir="1" index="1" bw="5" slack="4"/>
</pin_list>
<bind>
<opset="tmp_830_cast "/>
</bind>
</comp>

<comp id="3631" class="1005" name="K_V_addr_7_reg_3631">
<pin_list>
<pin id="3632" dir="0" index="0" bw="6" slack="1"/>
<pin id="3633" dir="1" index="1" bw="6" slack="1"/>
</pin_list>
<bind>
<opset="K_V_addr_7 "/>
</bind>
</comp>

<comp id="3636" class="1005" name="tmp_831_cast_reg_3636">
<pin_list>
<pin id="3637" dir="0" index="0" bw="5" slack="12"/>
<pin id="3638" dir="1" index="1" bw="5" slack="12"/>
</pin_list>
<bind>
<opset="tmp_831_cast "/>
</bind>
</comp>

<comp id="3641" class="1005" name="K_V_addr_8_reg_3641">
<pin_list>
<pin id="3642" dir="0" index="0" bw="6" slack="1"/>
<pin id="3643" dir="1" index="1" bw="6" slack="1"/>
</pin_list>
<bind>
<opset="K_V_addr_8 "/>
</bind>
</comp>

<comp id="3646" class="1005" name="K_V_1_addr_7_reg_3646">
<pin_list>
<pin id="3647" dir="0" index="0" bw="6" slack="1"/>
<pin id="3648" dir="1" index="1" bw="6" slack="1"/>
</pin_list>
<bind>
<opset="K_V_1_addr_7 "/>
</bind>
</comp>

<comp id="3651" class="1005" name="K_V_1_addr_8_reg_3651">
<pin_list>
<pin id="3652" dir="0" index="0" bw="6" slack="1"/>
<pin id="3653" dir="1" index="1" bw="6" slack="1"/>
</pin_list>
<bind>
<opset="K_V_1_addr_8 "/>
</bind>
</comp>

<comp id="3656" class="1005" name="K_V_2_addr_7_reg_3656">
<pin_list>
<pin id="3657" dir="0" index="0" bw="6" slack="1"/>
<pin id="3658" dir="1" index="1" bw="6" slack="1"/>
</pin_list>
<bind>
<opset="K_V_2_addr_7 "/>
</bind>
</comp>

<comp id="3661" class="1005" name="K_V_2_addr_8_reg_3661">
<pin_list>
<pin id="3662" dir="0" index="0" bw="6" slack="1"/>
<pin id="3663" dir="1" index="1" bw="6" slack="1"/>
</pin_list>
<bind>
<opset="K_V_2_addr_8 "/>
</bind>
</comp>

<comp id="3666" class="1005" name="K_V_3_addr_7_reg_3666">
<pin_list>
<pin id="3667" dir="0" index="0" bw="6" slack="1"/>
<pin id="3668" dir="1" index="1" bw="6" slack="1"/>
</pin_list>
<bind>
<opset="K_V_3_addr_7 "/>
</bind>
</comp>

<comp id="3671" class="1005" name="K_V_3_addr_8_reg_3671">
<pin_list>
<pin id="3672" dir="0" index="0" bw="6" slack="1"/>
<pin id="3673" dir="1" index="1" bw="6" slack="1"/>
</pin_list>
<bind>
<opset="K_V_3_addr_8 "/>
</bind>
</comp>

<comp id="3676" class="1005" name="p_mid1_cast_reg_3676">
<pin_list>
<pin id="3677" dir="0" index="0" bw="4" slack="2"/>
<pin id="3678" dir="1" index="1" bw="4" slack="2"/>
</pin_list>
<bind>
<opset="p_mid1_cast "/>
</bind>
</comp>

<comp id="3681" class="1005" name="tmp_845_cast_reg_3681">
<pin_list>
<pin id="3682" dir="0" index="0" bw="5" slack="4"/>
<pin id="3683" dir="1" index="1" bw="5" slack="4"/>
</pin_list>
<bind>
<opset="tmp_845_cast "/>
</bind>
</comp>

<comp id="3686" class="1005" name="K_V_addr_23_reg_3686">
<pin_list>
<pin id="3687" dir="0" index="0" bw="6" slack="1"/>
<pin id="3688" dir="1" index="1" bw="6" slack="1"/>
</pin_list>
<bind>
<opset="K_V_addr_23 "/>
</bind>
</comp>

<comp id="3691" class="1005" name="tmp_846_cast_reg_3691">
<pin_list>
<pin id="3692" dir="0" index="0" bw="5" slack="12"/>
<pin id="3693" dir="1" index="1" bw="5" slack="12"/>
</pin_list>
<bind>
<opset="tmp_846_cast "/>
</bind>
</comp>

<comp id="3696" class="1005" name="K_V_addr_24_reg_3696">
<pin_list>
<pin id="3697" dir="0" index="0" bw="6" slack="1"/>
<pin id="3698" dir="1" index="1" bw="6" slack="1"/>
</pin_list>
<bind>
<opset="K_V_addr_24 "/>
</bind>
</comp>

<comp id="3701" class="1005" name="K_V_1_addr_23_reg_3701">
<pin_list>
<pin id="3702" dir="0" index="0" bw="6" slack="1"/>
<pin id="3703" dir="1" index="1" bw="6" slack="1"/>
</pin_list>
<bind>
<opset="K_V_1_addr_23 "/>
</bind>
</comp>

<comp id="3706" class="1005" name="K_V_1_addr_24_reg_3706">
<pin_list>
<pin id="3707" dir="0" index="0" bw="6" slack="1"/>
<pin id="3708" dir="1" index="1" bw="6" slack="1"/>
</pin_list>
<bind>
<opset="K_V_1_addr_24 "/>
</bind>
</comp>

<comp id="3711" class="1005" name="K_V_2_addr_23_reg_3711">
<pin_list>
<pin id="3712" dir="0" index="0" bw="6" slack="1"/>
<pin id="3713" dir="1" index="1" bw="6" slack="1"/>
</pin_list>
<bind>
<opset="K_V_2_addr_23 "/>
</bind>
</comp>

<comp id="3716" class="1005" name="K_V_2_addr_24_reg_3716">
<pin_list>
<pin id="3717" dir="0" index="0" bw="6" slack="1"/>
<pin id="3718" dir="1" index="1" bw="6" slack="1"/>
</pin_list>
<bind>
<opset="K_V_2_addr_24 "/>
</bind>
</comp>

<comp id="3721" class="1005" name="K_V_3_addr_23_reg_3721">
<pin_list>
<pin id="3722" dir="0" index="0" bw="6" slack="1"/>
<pin id="3723" dir="1" index="1" bw="6" slack="1"/>
</pin_list>
<bind>
<opset="K_V_3_addr_23 "/>
</bind>
</comp>

<comp id="3726" class="1005" name="K_V_3_addr_24_reg_3726">
<pin_list>
<pin id="3727" dir="0" index="0" bw="6" slack="1"/>
<pin id="3728" dir="1" index="1" bw="6" slack="1"/>
</pin_list>
<bind>
<opset="K_V_3_addr_24 "/>
</bind>
</comp>

<comp id="3731" class="1005" name="sext_ln121_reg_3731">
<pin_list>
<pin id="3732" dir="0" index="0" bw="26" slack="1"/>
<pin id="3733" dir="1" index="1" bw="26" slack="1"/>
</pin_list>
<bind>
<opset="sext_ln121 "/>
</bind>
</comp>

<comp id="3736" class="1005" name="V_V_addr_6_reg_3736">
<pin_list>
<pin id="3737" dir="0" index="0" bw="6" slack="1"/>
<pin id="3738" dir="1" index="1" bw="6" slack="1"/>
</pin_list>
<bind>
<opset="V_V_addr_6 "/>
</bind>
</comp>

<comp id="3741" class="1005" name="V_V_addr_7_reg_3741">
<pin_list>
<pin id="3742" dir="0" index="0" bw="6" slack="1"/>
<pin id="3743" dir="1" index="1" bw="6" slack="1"/>
</pin_list>
<bind>
<opset="V_V_addr_7 "/>
</bind>
</comp>

<comp id="3746" class="1005" name="V_V_1_addr_6_reg_3746">
<pin_list>
<pin id="3747" dir="0" index="0" bw="6" slack="1"/>
<pin id="3748" dir="1" index="1" bw="6" slack="1"/>
</pin_list>
<bind>
<opset="V_V_1_addr_6 "/>
</bind>
</comp>

<comp id="3751" class="1005" name="V_V_1_addr_7_reg_3751">
<pin_list>
<pin id="3752" dir="0" index="0" bw="6" slack="1"/>
<pin id="3753" dir="1" index="1" bw="6" slack="1"/>
</pin_list>
<bind>
<opset="V_V_1_addr_7 "/>
</bind>
</comp>

<comp id="3756" class="1005" name="V_V_2_addr_6_reg_3756">
<pin_list>
<pin id="3757" dir="0" index="0" bw="6" slack="1"/>
<pin id="3758" dir="1" index="1" bw="6" slack="1"/>
</pin_list>
<bind>
<opset="V_V_2_addr_6 "/>
</bind>
</comp>

<comp id="3761" class="1005" name="V_V_2_addr_7_reg_3761">
<pin_list>
<pin id="3762" dir="0" index="0" bw="6" slack="1"/>
<pin id="3763" dir="1" index="1" bw="6" slack="1"/>
</pin_list>
<bind>
<opset="V_V_2_addr_7 "/>
</bind>
</comp>

<comp id="3766" class="1005" name="V_V_3_addr_6_reg_3766">
<pin_list>
<pin id="3767" dir="0" index="0" bw="6" slack="1"/>
<pin id="3768" dir="1" index="1" bw="6" slack="1"/>
</pin_list>
<bind>
<opset="V_V_3_addr_6 "/>
</bind>
</comp>

<comp id="3771" class="1005" name="V_V_3_addr_7_reg_3771">
<pin_list>
<pin id="3772" dir="0" index="0" bw="6" slack="1"/>
<pin id="3773" dir="1" index="1" bw="6" slack="1"/>
</pin_list>
<bind>
<opset="V_V_3_addr_7 "/>
</bind>
</comp>

<comp id="3776" class="1005" name="sext_ln1270_reg_3776">
<pin_list>
<pin id="3777" dir="0" index="0" bw="26" slack="1"/>
<pin id="3778" dir="1" index="1" bw="26" slack="1"/>
</pin_list>
<bind>
<opset="sext_ln1270 "/>
</bind>
</comp>

<comp id="3781" class="1005" name="K_V_addr_9_reg_3781">
<pin_list>
<pin id="3782" dir="0" index="0" bw="6" slack="1"/>
<pin id="3783" dir="1" index="1" bw="6" slack="1"/>
</pin_list>
<bind>
<opset="K_V_addr_9 "/>
</bind>
</comp>

<comp id="3786" class="1005" name="K_V_addr_10_reg_3786">
<pin_list>
<pin id="3787" dir="0" index="0" bw="6" slack="1"/>
<pin id="3788" dir="1" index="1" bw="6" slack="1"/>
</pin_list>
<bind>
<opset="K_V_addr_10 "/>
</bind>
</comp>

<comp id="3791" class="1005" name="K_V_1_addr_9_reg_3791">
<pin_list>
<pin id="3792" dir="0" index="0" bw="6" slack="1"/>
<pin id="3793" dir="1" index="1" bw="6" slack="1"/>
</pin_list>
<bind>
<opset="K_V_1_addr_9 "/>
</bind>
</comp>

<comp id="3796" class="1005" name="K_V_1_addr_10_reg_3796">
<pin_list>
<pin id="3797" dir="0" index="0" bw="6" slack="1"/>
<pin id="3798" dir="1" index="1" bw="6" slack="1"/>
</pin_list>
<bind>
<opset="K_V_1_addr_10 "/>
</bind>
</comp>

<comp id="3801" class="1005" name="K_V_2_addr_9_reg_3801">
<pin_list>
<pin id="3802" dir="0" index="0" bw="6" slack="1"/>
<pin id="3803" dir="1" index="1" bw="6" slack="1"/>
</pin_list>
<bind>
<opset="K_V_2_addr_9 "/>
</bind>
</comp>

<comp id="3806" class="1005" name="K_V_2_addr_10_reg_3806">
<pin_list>
<pin id="3807" dir="0" index="0" bw="6" slack="1"/>
<pin id="3808" dir="1" index="1" bw="6" slack="1"/>
</pin_list>
<bind>
<opset="K_V_2_addr_10 "/>
</bind>
</comp>

<comp id="3811" class="1005" name="K_V_3_addr_9_reg_3811">
<pin_list>
<pin id="3812" dir="0" index="0" bw="6" slack="1"/>
<pin id="3813" dir="1" index="1" bw="6" slack="1"/>
</pin_list>
<bind>
<opset="K_V_3_addr_9 "/>
</bind>
</comp>

<comp id="3816" class="1005" name="K_V_3_addr_10_reg_3816">
<pin_list>
<pin id="3817" dir="0" index="0" bw="6" slack="1"/>
<pin id="3818" dir="1" index="1" bw="6" slack="1"/>
</pin_list>
<bind>
<opset="K_V_3_addr_10 "/>
</bind>
</comp>

<comp id="3821" class="1005" name="K_V_addr_25_reg_3821">
<pin_list>
<pin id="3822" dir="0" index="0" bw="6" slack="1"/>
<pin id="3823" dir="1" index="1" bw="6" slack="1"/>
</pin_list>
<bind>
<opset="K_V_addr_25 "/>
</bind>
</comp>

<comp id="3826" class="1005" name="K_V_addr_26_reg_3826">
<pin_list>
<pin id="3827" dir="0" index="0" bw="6" slack="1"/>
<pin id="3828" dir="1" index="1" bw="6" slack="1"/>
</pin_list>
<bind>
<opset="K_V_addr_26 "/>
</bind>
</comp>

<comp id="3831" class="1005" name="K_V_1_addr_25_reg_3831">
<pin_list>
<pin id="3832" dir="0" index="0" bw="6" slack="1"/>
<pin id="3833" dir="1" index="1" bw="6" slack="1"/>
</pin_list>
<bind>
<opset="K_V_1_addr_25 "/>
</bind>
</comp>

<comp id="3836" class="1005" name="K_V_1_addr_26_reg_3836">
<pin_list>
<pin id="3837" dir="0" index="0" bw="6" slack="1"/>
<pin id="3838" dir="1" index="1" bw="6" slack="1"/>
</pin_list>
<bind>
<opset="K_V_1_addr_26 "/>
</bind>
</comp>

<comp id="3841" class="1005" name="K_V_2_addr_25_reg_3841">
<pin_list>
<pin id="3842" dir="0" index="0" bw="6" slack="1"/>
<pin id="3843" dir="1" index="1" bw="6" slack="1"/>
</pin_list>
<bind>
<opset="K_V_2_addr_25 "/>
</bind>
</comp>

<comp id="3846" class="1005" name="K_V_2_addr_26_reg_3846">
<pin_list>
<pin id="3847" dir="0" index="0" bw="6" slack="1"/>
<pin id="3848" dir="1" index="1" bw="6" slack="1"/>
</pin_list>
<bind>
<opset="K_V_2_addr_26 "/>
</bind>
</comp>

<comp id="3851" class="1005" name="K_V_3_addr_25_reg_3851">
<pin_list>
<pin id="3852" dir="0" index="0" bw="6" slack="1"/>
<pin id="3853" dir="1" index="1" bw="6" slack="1"/>
</pin_list>
<bind>
<opset="K_V_3_addr_25 "/>
</bind>
</comp>

<comp id="3856" class="1005" name="K_V_3_addr_26_reg_3856">
<pin_list>
<pin id="3857" dir="0" index="0" bw="6" slack="1"/>
<pin id="3858" dir="1" index="1" bw="6" slack="1"/>
</pin_list>
<bind>
<opset="K_V_3_addr_26 "/>
</bind>
</comp>

<comp id="3861" class="1005" name="sext_ln121_1_reg_3861">
<pin_list>
<pin id="3862" dir="0" index="0" bw="26" slack="1"/>
<pin id="3863" dir="1" index="1" bw="26" slack="1"/>
</pin_list>
<bind>
<opset="sext_ln121_1 "/>
</bind>
</comp>

<comp id="3866" class="1005" name="select_ln121_6_reg_3866">
<pin_list>
<pin id="3867" dir="0" index="0" bw="16" slack="3"/>
<pin id="3868" dir="1" index="1" bw="16" slack="3"/>
</pin_list>
<bind>
<opset="select_ln121_6 "/>
</bind>
</comp>

<comp id="3871" class="1005" name="V_V_addr_8_reg_3871">
<pin_list>
<pin id="3872" dir="0" index="0" bw="6" slack="1"/>
<pin id="3873" dir="1" index="1" bw="6" slack="1"/>
</pin_list>
<bind>
<opset="V_V_addr_8 "/>
</bind>
</comp>

<comp id="3876" class="1005" name="V_V_addr_9_reg_3876">
<pin_list>
<pin id="3877" dir="0" index="0" bw="6" slack="1"/>
<pin id="3878" dir="1" index="1" bw="6" slack="1"/>
</pin_list>
<bind>
<opset="V_V_addr_9 "/>
</bind>
</comp>

<comp id="3881" class="1005" name="V_V_1_addr_8_reg_3881">
<pin_list>
<pin id="3882" dir="0" index="0" bw="6" slack="1"/>
<pin id="3883" dir="1" index="1" bw="6" slack="1"/>
</pin_list>
<bind>
<opset="V_V_1_addr_8 "/>
</bind>
</comp>

<comp id="3886" class="1005" name="V_V_1_addr_9_reg_3886">
<pin_list>
<pin id="3887" dir="0" index="0" bw="6" slack="1"/>
<pin id="3888" dir="1" index="1" bw="6" slack="1"/>
</pin_list>
<bind>
<opset="V_V_1_addr_9 "/>
</bind>
</comp>

<comp id="3891" class="1005" name="V_V_2_addr_8_reg_3891">
<pin_list>
<pin id="3892" dir="0" index="0" bw="6" slack="1"/>
<pin id="3893" dir="1" index="1" bw="6" slack="1"/>
</pin_list>
<bind>
<opset="V_V_2_addr_8 "/>
</bind>
</comp>

<comp id="3896" class="1005" name="V_V_2_addr_9_reg_3896">
<pin_list>
<pin id="3897" dir="0" index="0" bw="6" slack="1"/>
<pin id="3898" dir="1" index="1" bw="6" slack="1"/>
</pin_list>
<bind>
<opset="V_V_2_addr_9 "/>
</bind>
</comp>

<comp id="3901" class="1005" name="V_V_3_addr_8_reg_3901">
<pin_list>
<pin id="3902" dir="0" index="0" bw="6" slack="1"/>
<pin id="3903" dir="1" index="1" bw="6" slack="1"/>
</pin_list>
<bind>
<opset="V_V_3_addr_8 "/>
</bind>
</comp>

<comp id="3906" class="1005" name="V_V_3_addr_9_reg_3906">
<pin_list>
<pin id="3907" dir="0" index="0" bw="6" slack="1"/>
<pin id="3908" dir="1" index="1" bw="6" slack="1"/>
</pin_list>
<bind>
<opset="V_V_3_addr_9 "/>
</bind>
</comp>

<comp id="3911" class="1005" name="sext_ln1347_reg_3911">
<pin_list>
<pin id="3912" dir="0" index="0" bw="26" slack="1"/>
<pin id="3913" dir="1" index="1" bw="26" slack="1"/>
</pin_list>
<bind>
<opset="sext_ln1347 "/>
</bind>
</comp>

<comp id="3916" class="1005" name="tmp_22_reg_3916">
<pin_list>
<pin id="3917" dir="0" index="0" bw="16" slack="5"/>
<pin id="3918" dir="1" index="1" bw="16" slack="5"/>
</pin_list>
<bind>
<opset="tmp_22 "/>
</bind>
</comp>

<comp id="3921" class="1005" name="tmp_23_reg_3921">
<pin_list>
<pin id="3922" dir="0" index="0" bw="16" slack="6"/>
<pin id="3923" dir="1" index="1" bw="16" slack="6"/>
</pin_list>
<bind>
<opset="tmp_23 "/>
</bind>
</comp>

<comp id="3926" class="1005" name="K_V_addr_11_reg_3926">
<pin_list>
<pin id="3927" dir="0" index="0" bw="6" slack="1"/>
<pin id="3928" dir="1" index="1" bw="6" slack="1"/>
</pin_list>
<bind>
<opset="K_V_addr_11 "/>
</bind>
</comp>

<comp id="3931" class="1005" name="K_V_addr_12_reg_3931">
<pin_list>
<pin id="3932" dir="0" index="0" bw="6" slack="1"/>
<pin id="3933" dir="1" index="1" bw="6" slack="1"/>
</pin_list>
<bind>
<opset="K_V_addr_12 "/>
</bind>
</comp>

<comp id="3936" class="1005" name="K_V_1_addr_11_reg_3936">
<pin_list>
<pin id="3937" dir="0" index="0" bw="6" slack="1"/>
<pin id="3938" dir="1" index="1" bw="6" slack="1"/>
</pin_list>
<bind>
<opset="K_V_1_addr_11 "/>
</bind>
</comp>

<comp id="3941" class="1005" name="K_V_1_addr_12_reg_3941">
<pin_list>
<pin id="3942" dir="0" index="0" bw="6" slack="1"/>
<pin id="3943" dir="1" index="1" bw="6" slack="1"/>
</pin_list>
<bind>
<opset="K_V_1_addr_12 "/>
</bind>
</comp>

<comp id="3946" class="1005" name="K_V_2_addr_11_reg_3946">
<pin_list>
<pin id="3947" dir="0" index="0" bw="6" slack="1"/>
<pin id="3948" dir="1" index="1" bw="6" slack="1"/>
</pin_list>
<bind>
<opset="K_V_2_addr_11 "/>
</bind>
</comp>

<comp id="3951" class="1005" name="K_V_2_addr_12_reg_3951">
<pin_list>
<pin id="3952" dir="0" index="0" bw="6" slack="1"/>
<pin id="3953" dir="1" index="1" bw="6" slack="1"/>
</pin_list>
<bind>
<opset="K_V_2_addr_12 "/>
</bind>
</comp>

<comp id="3956" class="1005" name="K_V_3_addr_11_reg_3956">
<pin_list>
<pin id="3957" dir="0" index="0" bw="6" slack="1"/>
<pin id="3958" dir="1" index="1" bw="6" slack="1"/>
</pin_list>
<bind>
<opset="K_V_3_addr_11 "/>
</bind>
</comp>

<comp id="3961" class="1005" name="K_V_3_addr_12_reg_3961">
<pin_list>
<pin id="3962" dir="0" index="0" bw="6" slack="1"/>
<pin id="3963" dir="1" index="1" bw="6" slack="1"/>
</pin_list>
<bind>
<opset="K_V_3_addr_12 "/>
</bind>
</comp>

<comp id="3966" class="1005" name="K_V_addr_27_reg_3966">
<pin_list>
<pin id="3967" dir="0" index="0" bw="6" slack="1"/>
<pin id="3968" dir="1" index="1" bw="6" slack="1"/>
</pin_list>
<bind>
<opset="K_V_addr_27 "/>
</bind>
</comp>

<comp id="3971" class="1005" name="K_V_addr_28_reg_3971">
<pin_list>
<pin id="3972" dir="0" index="0" bw="6" slack="1"/>
<pin id="3973" dir="1" index="1" bw="6" slack="1"/>
</pin_list>
<bind>
<opset="K_V_addr_28 "/>
</bind>
</comp>

<comp id="3976" class="1005" name="K_V_1_addr_27_reg_3976">
<pin_list>
<pin id="3977" dir="0" index="0" bw="6" slack="1"/>
<pin id="3978" dir="1" index="1" bw="6" slack="1"/>
</pin_list>
<bind>
<opset="K_V_1_addr_27 "/>
</bind>
</comp>

<comp id="3981" class="1005" name="K_V_1_addr_28_reg_3981">
<pin_list>
<pin id="3982" dir="0" index="0" bw="6" slack="1"/>
<pin id="3983" dir="1" index="1" bw="6" slack="1"/>
</pin_list>
<bind>
<opset="K_V_1_addr_28 "/>
</bind>
</comp>

<comp id="3986" class="1005" name="K_V_2_addr_27_reg_3986">
<pin_list>
<pin id="3987" dir="0" index="0" bw="6" slack="1"/>
<pin id="3988" dir="1" index="1" bw="6" slack="1"/>
</pin_list>
<bind>
<opset="K_V_2_addr_27 "/>
</bind>
</comp>

<comp id="3991" class="1005" name="K_V_2_addr_28_reg_3991">
<pin_list>
<pin id="3992" dir="0" index="0" bw="6" slack="1"/>
<pin id="3993" dir="1" index="1" bw="6" slack="1"/>
</pin_list>
<bind>
<opset="K_V_2_addr_28 "/>
</bind>
</comp>

<comp id="3996" class="1005" name="K_V_3_addr_27_reg_3996">
<pin_list>
<pin id="3997" dir="0" index="0" bw="6" slack="1"/>
<pin id="3998" dir="1" index="1" bw="6" slack="1"/>
</pin_list>
<bind>
<opset="K_V_3_addr_27 "/>
</bind>
</comp>

<comp id="4001" class="1005" name="K_V_3_addr_28_reg_4001">
<pin_list>
<pin id="4002" dir="0" index="0" bw="6" slack="1"/>
<pin id="4003" dir="1" index="1" bw="6" slack="1"/>
</pin_list>
<bind>
<opset="K_V_3_addr_28 "/>
</bind>
</comp>

<comp id="4006" class="1005" name="sext_ln121_2_reg_4006">
<pin_list>
<pin id="4007" dir="0" index="0" bw="26" slack="1"/>
<pin id="4008" dir="1" index="1" bw="26" slack="1"/>
</pin_list>
<bind>
<opset="sext_ln121_2 "/>
</bind>
</comp>

<comp id="4011" class="1005" name="select_ln121_9_reg_4011">
<pin_list>
<pin id="4012" dir="0" index="0" bw="16" slack="5"/>
<pin id="4013" dir="1" index="1" bw="16" slack="5"/>
</pin_list>
<bind>
<opset="select_ln121_9 "/>
</bind>
</comp>

<comp id="4016" class="1005" name="V_V_addr_10_reg_4016">
<pin_list>
<pin id="4017" dir="0" index="0" bw="6" slack="1"/>
<pin id="4018" dir="1" index="1" bw="6" slack="1"/>
</pin_list>
<bind>
<opset="V_V_addr_10 "/>
</bind>
</comp>

<comp id="4021" class="1005" name="V_V_1_addr_10_reg_4021">
<pin_list>
<pin id="4022" dir="0" index="0" bw="6" slack="1"/>
<pin id="4023" dir="1" index="1" bw="6" slack="1"/>
</pin_list>
<bind>
<opset="V_V_1_addr_10 "/>
</bind>
</comp>

<comp id="4026" class="1005" name="V_V_2_addr_10_reg_4026">
<pin_list>
<pin id="4027" dir="0" index="0" bw="6" slack="1"/>
<pin id="4028" dir="1" index="1" bw="6" slack="1"/>
</pin_list>
<bind>
<opset="V_V_2_addr_10 "/>
</bind>
</comp>

<comp id="4031" class="1005" name="V_V_3_addr_10_reg_4031">
<pin_list>
<pin id="4032" dir="0" index="0" bw="6" slack="1"/>
<pin id="4033" dir="1" index="1" bw="6" slack="1"/>
</pin_list>
<bind>
<opset="V_V_3_addr_10 "/>
</bind>
</comp>

<comp id="4036" class="1005" name="sext_ln1347_3_reg_4036">
<pin_list>
<pin id="4037" dir="0" index="0" bw="26" slack="1"/>
<pin id="4038" dir="1" index="1" bw="26" slack="1"/>
</pin_list>
<bind>
<opset="sext_ln1347_3 "/>
</bind>
</comp>

<comp id="4041" class="1005" name="tmp_24_reg_4041">
<pin_list>
<pin id="4042" dir="0" index="0" bw="16" slack="6"/>
<pin id="4043" dir="1" index="1" bw="16" slack="6"/>
</pin_list>
<bind>
<opset="tmp_24 "/>
</bind>
</comp>

<comp id="4046" class="1005" name="tmp_25_reg_4046">
<pin_list>
<pin id="4047" dir="0" index="0" bw="16" slack="7"/>
<pin id="4048" dir="1" index="1" bw="16" slack="7"/>
</pin_list>
<bind>
<opset="tmp_25 "/>
</bind>
</comp>

<comp id="4051" class="1005" name="K_V_addr_13_reg_4051">
<pin_list>
<pin id="4052" dir="0" index="0" bw="6" slack="1"/>
<pin id="4053" dir="1" index="1" bw="6" slack="1"/>
</pin_list>
<bind>
<opset="K_V_addr_13 "/>
</bind>
</comp>

<comp id="4056" class="1005" name="K_V_addr_14_reg_4056">
<pin_list>
<pin id="4057" dir="0" index="0" bw="6" slack="1"/>
<pin id="4058" dir="1" index="1" bw="6" slack="1"/>
</pin_list>
<bind>
<opset="K_V_addr_14 "/>
</bind>
</comp>

<comp id="4061" class="1005" name="K_V_1_addr_13_reg_4061">
<pin_list>
<pin id="4062" dir="0" index="0" bw="6" slack="1"/>
<pin id="4063" dir="1" index="1" bw="6" slack="1"/>
</pin_list>
<bind>
<opset="K_V_1_addr_13 "/>
</bind>
</comp>

<comp id="4066" class="1005" name="K_V_1_addr_14_reg_4066">
<pin_list>
<pin id="4067" dir="0" index="0" bw="6" slack="1"/>
<pin id="4068" dir="1" index="1" bw="6" slack="1"/>
</pin_list>
<bind>
<opset="K_V_1_addr_14 "/>
</bind>
</comp>

<comp id="4071" class="1005" name="K_V_2_addr_13_reg_4071">
<pin_list>
<pin id="4072" dir="0" index="0" bw="6" slack="1"/>
<pin id="4073" dir="1" index="1" bw="6" slack="1"/>
</pin_list>
<bind>
<opset="K_V_2_addr_13 "/>
</bind>
</comp>

<comp id="4076" class="1005" name="K_V_2_addr_14_reg_4076">
<pin_list>
<pin id="4077" dir="0" index="0" bw="6" slack="1"/>
<pin id="4078" dir="1" index="1" bw="6" slack="1"/>
</pin_list>
<bind>
<opset="K_V_2_addr_14 "/>
</bind>
</comp>

<comp id="4081" class="1005" name="K_V_3_addr_13_reg_4081">
<pin_list>
<pin id="4082" dir="0" index="0" bw="6" slack="1"/>
<pin id="4083" dir="1" index="1" bw="6" slack="1"/>
</pin_list>
<bind>
<opset="K_V_3_addr_13 "/>
</bind>
</comp>

<comp id="4086" class="1005" name="K_V_3_addr_14_reg_4086">
<pin_list>
<pin id="4087" dir="0" index="0" bw="6" slack="1"/>
<pin id="4088" dir="1" index="1" bw="6" slack="1"/>
</pin_list>
<bind>
<opset="K_V_3_addr_14 "/>
</bind>
</comp>

<comp id="4091" class="1005" name="K_V_addr_29_reg_4091">
<pin_list>
<pin id="4092" dir="0" index="0" bw="6" slack="1"/>
<pin id="4093" dir="1" index="1" bw="6" slack="1"/>
</pin_list>
<bind>
<opset="K_V_addr_29 "/>
</bind>
</comp>

<comp id="4096" class="1005" name="K_V_addr_30_reg_4096">
<pin_list>
<pin id="4097" dir="0" index="0" bw="6" slack="1"/>
<pin id="4098" dir="1" index="1" bw="6" slack="1"/>
</pin_list>
<bind>
<opset="K_V_addr_30 "/>
</bind>
</comp>

<comp id="4101" class="1005" name="K_V_1_addr_29_reg_4101">
<pin_list>
<pin id="4102" dir="0" index="0" bw="6" slack="1"/>
<pin id="4103" dir="1" index="1" bw="6" slack="1"/>
</pin_list>
<bind>
<opset="K_V_1_addr_29 "/>
</bind>
</comp>

<comp id="4106" class="1005" name="K_V_1_addr_30_reg_4106">
<pin_list>
<pin id="4107" dir="0" index="0" bw="6" slack="1"/>
<pin id="4108" dir="1" index="1" bw="6" slack="1"/>
</pin_list>
<bind>
<opset="K_V_1_addr_30 "/>
</bind>
</comp>

<comp id="4111" class="1005" name="K_V_2_addr_29_reg_4111">
<pin_list>
<pin id="4112" dir="0" index="0" bw="6" slack="1"/>
<pin id="4113" dir="1" index="1" bw="6" slack="1"/>
</pin_list>
<bind>
<opset="K_V_2_addr_29 "/>
</bind>
</comp>

<comp id="4116" class="1005" name="K_V_2_addr_30_reg_4116">
<pin_list>
<pin id="4117" dir="0" index="0" bw="6" slack="1"/>
<pin id="4118" dir="1" index="1" bw="6" slack="1"/>
</pin_list>
<bind>
<opset="K_V_2_addr_30 "/>
</bind>
</comp>

<comp id="4121" class="1005" name="K_V_3_addr_29_reg_4121">
<pin_list>
<pin id="4122" dir="0" index="0" bw="6" slack="1"/>
<pin id="4123" dir="1" index="1" bw="6" slack="1"/>
</pin_list>
<bind>
<opset="K_V_3_addr_29 "/>
</bind>
</comp>

<comp id="4126" class="1005" name="K_V_3_addr_30_reg_4126">
<pin_list>
<pin id="4127" dir="0" index="0" bw="6" slack="1"/>
<pin id="4128" dir="1" index="1" bw="6" slack="1"/>
</pin_list>
<bind>
<opset="K_V_3_addr_30 "/>
</bind>
</comp>

<comp id="4131" class="1005" name="sext_ln121_3_reg_4131">
<pin_list>
<pin id="4132" dir="0" index="0" bw="26" slack="1"/>
<pin id="4133" dir="1" index="1" bw="26" slack="1"/>
</pin_list>
<bind>
<opset="sext_ln121_3 "/>
</bind>
</comp>

<comp id="4136" class="1005" name="select_ln121_10_reg_4136">
<pin_list>
<pin id="4137" dir="0" index="0" bw="16" slack="5"/>
<pin id="4138" dir="1" index="1" bw="16" slack="5"/>
</pin_list>
<bind>
<opset="select_ln121_10 "/>
</bind>
</comp>

<comp id="4141" class="1005" name="select_ln121_11_reg_4141">
<pin_list>
<pin id="4142" dir="0" index="0" bw="16" slack="6"/>
<pin id="4143" dir="1" index="1" bw="16" slack="6"/>
</pin_list>
<bind>
<opset="select_ln121_11 "/>
</bind>
</comp>

<comp id="4146" class="1005" name="lhs_reg_4146">
<pin_list>
<pin id="4147" dir="0" index="0" bw="26" slack="1"/>
<pin id="4148" dir="1" index="1" bw="26" slack="1"/>
</pin_list>
<bind>
<opset="lhs "/>
</bind>
</comp>

<comp id="4151" class="1005" name="sext_ln1347_4_reg_4151">
<pin_list>
<pin id="4152" dir="0" index="0" bw="26" slack="1"/>
<pin id="4153" dir="1" index="1" bw="26" slack="1"/>
</pin_list>
<bind>
<opset="sext_ln1347_4 "/>
</bind>
</comp>

<comp id="4156" class="1005" name="tmp_26_reg_4156">
<pin_list>
<pin id="4157" dir="0" index="0" bw="16" slack="7"/>
<pin id="4158" dir="1" index="1" bw="16" slack="7"/>
</pin_list>
<bind>
<opset="tmp_26 "/>
</bind>
</comp>

<comp id="4161" class="1005" name="K_V_addr_15_reg_4161">
<pin_list>
<pin id="4162" dir="0" index="0" bw="6" slack="1"/>
<pin id="4163" dir="1" index="1" bw="6" slack="1"/>
</pin_list>
<bind>
<opset="K_V_addr_15 "/>
</bind>
</comp>

<comp id="4166" class="1005" name="K_V_1_addr_15_reg_4166">
<pin_list>
<pin id="4167" dir="0" index="0" bw="6" slack="1"/>
<pin id="4168" dir="1" index="1" bw="6" slack="1"/>
</pin_list>
<bind>
<opset="K_V_1_addr_15 "/>
</bind>
</comp>

<comp id="4171" class="1005" name="K_V_2_addr_15_reg_4171">
<pin_list>
<pin id="4172" dir="0" index="0" bw="6" slack="1"/>
<pin id="4173" dir="1" index="1" bw="6" slack="1"/>
</pin_list>
<bind>
<opset="K_V_2_addr_15 "/>
</bind>
</comp>

<comp id="4176" class="1005" name="K_V_3_addr_15_reg_4176">
<pin_list>
<pin id="4177" dir="0" index="0" bw="6" slack="1"/>
<pin id="4178" dir="1" index="1" bw="6" slack="1"/>
</pin_list>
<bind>
<opset="K_V_3_addr_15 "/>
</bind>
</comp>

<comp id="4181" class="1005" name="K_V_addr_31_reg_4181">
<pin_list>
<pin id="4182" dir="0" index="0" bw="6" slack="1"/>
<pin id="4183" dir="1" index="1" bw="6" slack="1"/>
</pin_list>
<bind>
<opset="K_V_addr_31 "/>
</bind>
</comp>

<comp id="4186" class="1005" name="K_V_1_addr_31_reg_4186">
<pin_list>
<pin id="4187" dir="0" index="0" bw="6" slack="1"/>
<pin id="4188" dir="1" index="1" bw="6" slack="1"/>
</pin_list>
<bind>
<opset="K_V_1_addr_31 "/>
</bind>
</comp>

<comp id="4191" class="1005" name="K_V_2_addr_31_reg_4191">
<pin_list>
<pin id="4192" dir="0" index="0" bw="6" slack="1"/>
<pin id="4193" dir="1" index="1" bw="6" slack="1"/>
</pin_list>
<bind>
<opset="K_V_2_addr_31 "/>
</bind>
</comp>

<comp id="4196" class="1005" name="K_V_3_addr_31_reg_4196">
<pin_list>
<pin id="4197" dir="0" index="0" bw="6" slack="1"/>
<pin id="4198" dir="1" index="1" bw="6" slack="1"/>
</pin_list>
<bind>
<opset="K_V_3_addr_31 "/>
</bind>
</comp>

<comp id="4201" class="1005" name="sext_ln121_4_reg_4201">
<pin_list>
<pin id="4202" dir="0" index="0" bw="26" slack="1"/>
<pin id="4203" dir="1" index="1" bw="26" slack="1"/>
</pin_list>
<bind>
<opset="sext_ln121_4 "/>
</bind>
</comp>

<comp id="4206" class="1005" name="select_ln121_12_reg_4206">
<pin_list>
<pin id="4207" dir="0" index="0" bw="16" slack="6"/>
<pin id="4208" dir="1" index="1" bw="16" slack="6"/>
</pin_list>
<bind>
<opset="select_ln121_12 "/>
</bind>
</comp>

<comp id="4211" class="1005" name="select_ln121_13_reg_4211">
<pin_list>
<pin id="4212" dir="0" index="0" bw="16" slack="7"/>
<pin id="4213" dir="1" index="1" bw="16" slack="7"/>
</pin_list>
<bind>
<opset="select_ln121_13 "/>
</bind>
</comp>

<comp id="4216" class="1005" name="lhs_494_reg_4216">
<pin_list>
<pin id="4217" dir="0" index="0" bw="26" slack="1"/>
<pin id="4218" dir="1" index="1" bw="26" slack="1"/>
</pin_list>
<bind>
<opset="lhs_494 "/>
</bind>
</comp>

<comp id="4221" class="1005" name="sext_ln1347_5_reg_4221">
<pin_list>
<pin id="4222" dir="0" index="0" bw="26" slack="1"/>
<pin id="4223" dir="1" index="1" bw="26" slack="1"/>
</pin_list>
<bind>
<opset="sext_ln1347_5 "/>
</bind>
</comp>

<comp id="4226" class="1005" name="sext_ln121_5_reg_4226">
<pin_list>
<pin id="4227" dir="0" index="0" bw="26" slack="1"/>
<pin id="4228" dir="1" index="1" bw="26" slack="1"/>
</pin_list>
<bind>
<opset="sext_ln121_5 "/>
</bind>
</comp>

<comp id="4231" class="1005" name="select_ln121_14_reg_4231">
<pin_list>
<pin id="4232" dir="0" index="0" bw="16" slack="7"/>
<pin id="4233" dir="1" index="1" bw="16" slack="7"/>
</pin_list>
<bind>
<opset="select_ln121_14 "/>
</bind>
</comp>

<comp id="4236" class="1005" name="lhs_495_reg_4236">
<pin_list>
<pin id="4237" dir="0" index="0" bw="26" slack="1"/>
<pin id="4238" dir="1" index="1" bw="26" slack="1"/>
</pin_list>
<bind>
<opset="lhs_495 "/>
</bind>
</comp>

<comp id="4241" class="1005" name="sext_ln1347_6_reg_4241">
<pin_list>
<pin id="4242" dir="0" index="0" bw="26" slack="1"/>
<pin id="4243" dir="1" index="1" bw="26" slack="1"/>
</pin_list>
<bind>
<opset="sext_ln1347_6 "/>
</bind>
</comp>

<comp id="4246" class="1005" name="sext_ln121_6_reg_4246">
<pin_list>
<pin id="4247" dir="0" index="0" bw="26" slack="1"/>
<pin id="4248" dir="1" index="1" bw="26" slack="1"/>
</pin_list>
<bind>
<opset="sext_ln121_6 "/>
</bind>
</comp>

<comp id="4251" class="1005" name="lhs_496_reg_4251">
<pin_list>
<pin id="4252" dir="0" index="0" bw="26" slack="1"/>
<pin id="4253" dir="1" index="1" bw="26" slack="1"/>
</pin_list>
<bind>
<opset="lhs_496 "/>
</bind>
</comp>

<comp id="4256" class="1005" name="sext_ln1347_7_reg_4256">
<pin_list>
<pin id="4257" dir="0" index="0" bw="26" slack="1"/>
<pin id="4258" dir="1" index="1" bw="26" slack="1"/>
</pin_list>
<bind>
<opset="sext_ln1347_7 "/>
</bind>
</comp>

<comp id="4261" class="1005" name="sext_ln121_7_reg_4261">
<pin_list>
<pin id="4262" dir="0" index="0" bw="26" slack="1"/>
<pin id="4263" dir="1" index="1" bw="26" slack="1"/>
</pin_list>
<bind>
<opset="sext_ln121_7 "/>
</bind>
</comp>

<comp id="4266" class="1005" name="lhs_497_reg_4266">
<pin_list>
<pin id="4267" dir="0" index="0" bw="26" slack="1"/>
<pin id="4268" dir="1" index="1" bw="26" slack="1"/>
</pin_list>
<bind>
<opset="lhs_497 "/>
</bind>
</comp>

<comp id="4271" class="1005" name="sext_ln1347_8_reg_4271">
<pin_list>
<pin id="4272" dir="0" index="0" bw="26" slack="1"/>
<pin id="4273" dir="1" index="1" bw="26" slack="1"/>
</pin_list>
<bind>
<opset="sext_ln1347_8 "/>
</bind>
</comp>

<comp id="4276" class="1005" name="sext_ln121_8_reg_4276">
<pin_list>
<pin id="4277" dir="0" index="0" bw="26" slack="1"/>
<pin id="4278" dir="1" index="1" bw="26" slack="1"/>
</pin_list>
<bind>
<opset="sext_ln121_8 "/>
</bind>
</comp>

<comp id="4281" class="1005" name="lhs_498_reg_4281">
<pin_list>
<pin id="4282" dir="0" index="0" bw="26" slack="1"/>
<pin id="4283" dir="1" index="1" bw="26" slack="1"/>
</pin_list>
<bind>
<opset="lhs_498 "/>
</bind>
</comp>

<comp id="4286" class="1005" name="sext_ln1347_9_reg_4286">
<pin_list>
<pin id="4287" dir="0" index="0" bw="26" slack="1"/>
<pin id="4288" dir="1" index="1" bw="26" slack="1"/>
</pin_list>
<bind>
<opset="sext_ln1347_9 "/>
</bind>
</comp>

<comp id="4291" class="1005" name="sext_ln121_9_reg_4291">
<pin_list>
<pin id="4292" dir="0" index="0" bw="26" slack="1"/>
<pin id="4293" dir="1" index="1" bw="26" slack="1"/>
</pin_list>
<bind>
<opset="sext_ln121_9 "/>
</bind>
</comp>

<comp id="4296" class="1005" name="lhs_499_reg_4296">
<pin_list>
<pin id="4297" dir="0" index="0" bw="26" slack="1"/>
<pin id="4298" dir="1" index="1" bw="26" slack="1"/>
</pin_list>
<bind>
<opset="lhs_499 "/>
</bind>
</comp>

<comp id="4301" class="1005" name="sext_ln1347_10_reg_4301">
<pin_list>
<pin id="4302" dir="0" index="0" bw="26" slack="1"/>
<pin id="4303" dir="1" index="1" bw="26" slack="1"/>
</pin_list>
<bind>
<opset="sext_ln1347_10 "/>
</bind>
</comp>

<comp id="4306" class="1005" name="sext_ln121_10_reg_4306">
<pin_list>
<pin id="4307" dir="0" index="0" bw="26" slack="1"/>
<pin id="4308" dir="1" index="1" bw="26" slack="1"/>
</pin_list>
<bind>
<opset="sext_ln121_10 "/>
</bind>
</comp>

<comp id="4311" class="1005" name="V_V_addr_11_reg_4311">
<pin_list>
<pin id="4312" dir="0" index="0" bw="6" slack="1"/>
<pin id="4313" dir="1" index="1" bw="6" slack="1"/>
</pin_list>
<bind>
<opset="V_V_addr_11 "/>
</bind>
</comp>

<comp id="4316" class="1005" name="V_V_1_addr_11_reg_4316">
<pin_list>
<pin id="4317" dir="0" index="0" bw="6" slack="1"/>
<pin id="4318" dir="1" index="1" bw="6" slack="1"/>
</pin_list>
<bind>
<opset="V_V_1_addr_11 "/>
</bind>
</comp>

<comp id="4321" class="1005" name="V_V_2_addr_11_reg_4321">
<pin_list>
<pin id="4322" dir="0" index="0" bw="6" slack="1"/>
<pin id="4323" dir="1" index="1" bw="6" slack="1"/>
</pin_list>
<bind>
<opset="V_V_2_addr_11 "/>
</bind>
</comp>

<comp id="4326" class="1005" name="V_V_3_addr_11_reg_4326">
<pin_list>
<pin id="4327" dir="0" index="0" bw="6" slack="1"/>
<pin id="4328" dir="1" index="1" bw="6" slack="1"/>
</pin_list>
<bind>
<opset="V_V_3_addr_11 "/>
</bind>
</comp>

<comp id="4331" class="1005" name="lhs_500_reg_4331">
<pin_list>
<pin id="4332" dir="0" index="0" bw="26" slack="1"/>
<pin id="4333" dir="1" index="1" bw="26" slack="1"/>
</pin_list>
<bind>
<opset="lhs_500 "/>
</bind>
</comp>

<comp id="4336" class="1005" name="sext_ln1347_11_reg_4336">
<pin_list>
<pin id="4337" dir="0" index="0" bw="26" slack="1"/>
<pin id="4338" dir="1" index="1" bw="26" slack="1"/>
</pin_list>
<bind>
<opset="sext_ln1347_11 "/>
</bind>
</comp>

<comp id="4341" class="1005" name="sext_ln121_11_reg_4341">
<pin_list>
<pin id="4342" dir="0" index="0" bw="26" slack="1"/>
<pin id="4343" dir="1" index="1" bw="26" slack="1"/>
</pin_list>
<bind>
<opset="sext_ln121_11 "/>
</bind>
</comp>

<comp id="4346" class="1005" name="V_V_addr_12_reg_4346">
<pin_list>
<pin id="4347" dir="0" index="0" bw="6" slack="1"/>
<pin id="4348" dir="1" index="1" bw="6" slack="1"/>
</pin_list>
<bind>
<opset="V_V_addr_12 "/>
</bind>
</comp>

<comp id="4351" class="1005" name="V_V_addr_13_reg_4351">
<pin_list>
<pin id="4352" dir="0" index="0" bw="6" slack="1"/>
<pin id="4353" dir="1" index="1" bw="6" slack="1"/>
</pin_list>
<bind>
<opset="V_V_addr_13 "/>
</bind>
</comp>

<comp id="4356" class="1005" name="V_V_1_addr_12_reg_4356">
<pin_list>
<pin id="4357" dir="0" index="0" bw="6" slack="1"/>
<pin id="4358" dir="1" index="1" bw="6" slack="1"/>
</pin_list>
<bind>
<opset="V_V_1_addr_12 "/>
</bind>
</comp>

<comp id="4361" class="1005" name="V_V_1_addr_13_reg_4361">
<pin_list>
<pin id="4362" dir="0" index="0" bw="6" slack="1"/>
<pin id="4363" dir="1" index="1" bw="6" slack="1"/>
</pin_list>
<bind>
<opset="V_V_1_addr_13 "/>
</bind>
</comp>

<comp id="4366" class="1005" name="V_V_2_addr_12_reg_4366">
<pin_list>
<pin id="4367" dir="0" index="0" bw="6" slack="1"/>
<pin id="4368" dir="1" index="1" bw="6" slack="1"/>
</pin_list>
<bind>
<opset="V_V_2_addr_12 "/>
</bind>
</comp>

<comp id="4371" class="1005" name="V_V_2_addr_13_reg_4371">
<pin_list>
<pin id="4372" dir="0" index="0" bw="6" slack="1"/>
<pin id="4373" dir="1" index="1" bw="6" slack="1"/>
</pin_list>
<bind>
<opset="V_V_2_addr_13 "/>
</bind>
</comp>

<comp id="4376" class="1005" name="V_V_3_addr_12_reg_4376">
<pin_list>
<pin id="4377" dir="0" index="0" bw="6" slack="1"/>
<pin id="4378" dir="1" index="1" bw="6" slack="1"/>
</pin_list>
<bind>
<opset="V_V_3_addr_12 "/>
</bind>
</comp>

<comp id="4381" class="1005" name="V_V_3_addr_13_reg_4381">
<pin_list>
<pin id="4382" dir="0" index="0" bw="6" slack="1"/>
<pin id="4383" dir="1" index="1" bw="6" slack="1"/>
</pin_list>
<bind>
<opset="V_V_3_addr_13 "/>
</bind>
</comp>

<comp id="4386" class="1005" name="lhs_501_reg_4386">
<pin_list>
<pin id="4387" dir="0" index="0" bw="26" slack="1"/>
<pin id="4388" dir="1" index="1" bw="26" slack="1"/>
</pin_list>
<bind>
<opset="lhs_501 "/>
</bind>
</comp>

<comp id="4391" class="1005" name="sext_ln1347_12_reg_4391">
<pin_list>
<pin id="4392" dir="0" index="0" bw="26" slack="1"/>
<pin id="4393" dir="1" index="1" bw="26" slack="1"/>
</pin_list>
<bind>
<opset="sext_ln1347_12 "/>
</bind>
</comp>

<comp id="4396" class="1005" name="K_V_addr_16_reg_4396">
<pin_list>
<pin id="4397" dir="0" index="0" bw="6" slack="1"/>
<pin id="4398" dir="1" index="1" bw="6" slack="1"/>
</pin_list>
<bind>
<opset="K_V_addr_16 "/>
</bind>
</comp>

<comp id="4401" class="1005" name="K_V_1_addr_16_reg_4401">
<pin_list>
<pin id="4402" dir="0" index="0" bw="6" slack="1"/>
<pin id="4403" dir="1" index="1" bw="6" slack="1"/>
</pin_list>
<bind>
<opset="K_V_1_addr_16 "/>
</bind>
</comp>

<comp id="4406" class="1005" name="K_V_2_addr_16_reg_4406">
<pin_list>
<pin id="4407" dir="0" index="0" bw="6" slack="1"/>
<pin id="4408" dir="1" index="1" bw="6" slack="1"/>
</pin_list>
<bind>
<opset="K_V_2_addr_16 "/>
</bind>
</comp>

<comp id="4411" class="1005" name="K_V_3_addr_16_reg_4411">
<pin_list>
<pin id="4412" dir="0" index="0" bw="6" slack="1"/>
<pin id="4413" dir="1" index="1" bw="6" slack="1"/>
</pin_list>
<bind>
<opset="K_V_3_addr_16 "/>
</bind>
</comp>

<comp id="4416" class="1005" name="K_V_addr_32_reg_4416">
<pin_list>
<pin id="4417" dir="0" index="0" bw="6" slack="1"/>
<pin id="4418" dir="1" index="1" bw="6" slack="1"/>
</pin_list>
<bind>
<opset="K_V_addr_32 "/>
</bind>
</comp>

<comp id="4421" class="1005" name="K_V_1_addr_32_reg_4421">
<pin_list>
<pin id="4422" dir="0" index="0" bw="6" slack="1"/>
<pin id="4423" dir="1" index="1" bw="6" slack="1"/>
</pin_list>
<bind>
<opset="K_V_1_addr_32 "/>
</bind>
</comp>

<comp id="4426" class="1005" name="K_V_2_addr_32_reg_4426">
<pin_list>
<pin id="4427" dir="0" index="0" bw="6" slack="1"/>
<pin id="4428" dir="1" index="1" bw="6" slack="1"/>
</pin_list>
<bind>
<opset="K_V_2_addr_32 "/>
</bind>
</comp>

<comp id="4431" class="1005" name="K_V_3_addr_32_reg_4431">
<pin_list>
<pin id="4432" dir="0" index="0" bw="6" slack="1"/>
<pin id="4433" dir="1" index="1" bw="6" slack="1"/>
</pin_list>
<bind>
<opset="K_V_3_addr_32 "/>
</bind>
</comp>

<comp id="4436" class="1005" name="sext_ln121_12_reg_4436">
<pin_list>
<pin id="4437" dir="0" index="0" bw="26" slack="1"/>
<pin id="4438" dir="1" index="1" bw="26" slack="1"/>
</pin_list>
<bind>
<opset="sext_ln121_12 "/>
</bind>
</comp>

<comp id="4441" class="1005" name="V_V_addr_14_reg_4441">
<pin_list>
<pin id="4442" dir="0" index="0" bw="6" slack="1"/>
<pin id="4443" dir="1" index="1" bw="6" slack="1"/>
</pin_list>
<bind>
<opset="V_V_addr_14 "/>
</bind>
</comp>

<comp id="4446" class="1005" name="V_V_addr_15_reg_4446">
<pin_list>
<pin id="4447" dir="0" index="0" bw="6" slack="1"/>
<pin id="4448" dir="1" index="1" bw="6" slack="1"/>
</pin_list>
<bind>
<opset="V_V_addr_15 "/>
</bind>
</comp>

<comp id="4451" class="1005" name="V_V_1_addr_14_reg_4451">
<pin_list>
<pin id="4452" dir="0" index="0" bw="6" slack="1"/>
<pin id="4453" dir="1" index="1" bw="6" slack="1"/>
</pin_list>
<bind>
<opset="V_V_1_addr_14 "/>
</bind>
</comp>

<comp id="4456" class="1005" name="V_V_1_addr_15_reg_4456">
<pin_list>
<pin id="4457" dir="0" index="0" bw="6" slack="1"/>
<pin id="4458" dir="1" index="1" bw="6" slack="1"/>
</pin_list>
<bind>
<opset="V_V_1_addr_15 "/>
</bind>
</comp>

<comp id="4461" class="1005" name="V_V_2_addr_14_reg_4461">
<pin_list>
<pin id="4462" dir="0" index="0" bw="6" slack="1"/>
<pin id="4463" dir="1" index="1" bw="6" slack="1"/>
</pin_list>
<bind>
<opset="V_V_2_addr_14 "/>
</bind>
</comp>

<comp id="4466" class="1005" name="V_V_2_addr_15_reg_4466">
<pin_list>
<pin id="4467" dir="0" index="0" bw="6" slack="1"/>
<pin id="4468" dir="1" index="1" bw="6" slack="1"/>
</pin_list>
<bind>
<opset="V_V_2_addr_15 "/>
</bind>
</comp>

<comp id="4471" class="1005" name="V_V_3_addr_14_reg_4471">
<pin_list>
<pin id="4472" dir="0" index="0" bw="6" slack="1"/>
<pin id="4473" dir="1" index="1" bw="6" slack="1"/>
</pin_list>
<bind>
<opset="V_V_3_addr_14 "/>
</bind>
</comp>

<comp id="4476" class="1005" name="V_V_3_addr_15_reg_4476">
<pin_list>
<pin id="4477" dir="0" index="0" bw="6" slack="1"/>
<pin id="4478" dir="1" index="1" bw="6" slack="1"/>
</pin_list>
<bind>
<opset="V_V_3_addr_15 "/>
</bind>
</comp>

<comp id="4481" class="1005" name="lhs_502_reg_4481">
<pin_list>
<pin id="4482" dir="0" index="0" bw="26" slack="1"/>
<pin id="4483" dir="1" index="1" bw="26" slack="1"/>
</pin_list>
<bind>
<opset="lhs_502 "/>
</bind>
</comp>

<comp id="4486" class="1005" name="sext_ln1347_13_reg_4486">
<pin_list>
<pin id="4487" dir="0" index="0" bw="26" slack="1"/>
<pin id="4488" dir="1" index="1" bw="26" slack="1"/>
</pin_list>
<bind>
<opset="sext_ln1347_13 "/>
</bind>
</comp>

<comp id="4491" class="1005" name="K_V_addr_17_reg_4491">
<pin_list>
<pin id="4492" dir="0" index="0" bw="6" slack="1"/>
<pin id="4493" dir="1" index="1" bw="6" slack="1"/>
</pin_list>
<bind>
<opset="K_V_addr_17 "/>
</bind>
</comp>

<comp id="4496" class="1005" name="K_V_addr_18_reg_4496">
<pin_list>
<pin id="4497" dir="0" index="0" bw="6" slack="1"/>
<pin id="4498" dir="1" index="1" bw="6" slack="1"/>
</pin_list>
<bind>
<opset="K_V_addr_18 "/>
</bind>
</comp>

<comp id="4501" class="1005" name="K_V_1_addr_17_reg_4501">
<pin_list>
<pin id="4502" dir="0" index="0" bw="6" slack="1"/>
<pin id="4503" dir="1" index="1" bw="6" slack="1"/>
</pin_list>
<bind>
<opset="K_V_1_addr_17 "/>
</bind>
</comp>

<comp id="4506" class="1005" name="K_V_1_addr_18_reg_4506">
<pin_list>
<pin id="4507" dir="0" index="0" bw="6" slack="1"/>
<pin id="4508" dir="1" index="1" bw="6" slack="1"/>
</pin_list>
<bind>
<opset="K_V_1_addr_18 "/>
</bind>
</comp>

<comp id="4511" class="1005" name="K_V_2_addr_17_reg_4511">
<pin_list>
<pin id="4512" dir="0" index="0" bw="6" slack="1"/>
<pin id="4513" dir="1" index="1" bw="6" slack="1"/>
</pin_list>
<bind>
<opset="K_V_2_addr_17 "/>
</bind>
</comp>

<comp id="4516" class="1005" name="K_V_2_addr_18_reg_4516">
<pin_list>
<pin id="4517" dir="0" index="0" bw="6" slack="1"/>
<pin id="4518" dir="1" index="1" bw="6" slack="1"/>
</pin_list>
<bind>
<opset="K_V_2_addr_18 "/>
</bind>
</comp>

<comp id="4521" class="1005" name="K_V_3_addr_17_reg_4521">
<pin_list>
<pin id="4522" dir="0" index="0" bw="6" slack="1"/>
<pin id="4523" dir="1" index="1" bw="6" slack="1"/>
</pin_list>
<bind>
<opset="K_V_3_addr_17 "/>
</bind>
</comp>

<comp id="4526" class="1005" name="K_V_3_addr_18_reg_4526">
<pin_list>
<pin id="4527" dir="0" index="0" bw="6" slack="1"/>
<pin id="4528" dir="1" index="1" bw="6" slack="1"/>
</pin_list>
<bind>
<opset="K_V_3_addr_18 "/>
</bind>
</comp>

<comp id="4531" class="1005" name="K_V_addr_33_reg_4531">
<pin_list>
<pin id="4532" dir="0" index="0" bw="6" slack="1"/>
<pin id="4533" dir="1" index="1" bw="6" slack="1"/>
</pin_list>
<bind>
<opset="K_V_addr_33 "/>
</bind>
</comp>

<comp id="4536" class="1005" name="K_V_addr_34_reg_4536">
<pin_list>
<pin id="4537" dir="0" index="0" bw="6" slack="1"/>
<pin id="4538" dir="1" index="1" bw="6" slack="1"/>
</pin_list>
<bind>
<opset="K_V_addr_34 "/>
</bind>
</comp>

<comp id="4541" class="1005" name="K_V_1_addr_33_reg_4541">
<pin_list>
<pin id="4542" dir="0" index="0" bw="6" slack="1"/>
<pin id="4543" dir="1" index="1" bw="6" slack="1"/>
</pin_list>
<bind>
<opset="K_V_1_addr_33 "/>
</bind>
</comp>

<comp id="4546" class="1005" name="K_V_1_addr_34_reg_4546">
<pin_list>
<pin id="4547" dir="0" index="0" bw="6" slack="1"/>
<pin id="4548" dir="1" index="1" bw="6" slack="1"/>
</pin_list>
<bind>
<opset="K_V_1_addr_34 "/>
</bind>
</comp>

<comp id="4551" class="1005" name="K_V_2_addr_33_reg_4551">
<pin_list>
<pin id="4552" dir="0" index="0" bw="6" slack="1"/>
<pin id="4553" dir="1" index="1" bw="6" slack="1"/>
</pin_list>
<bind>
<opset="K_V_2_addr_33 "/>
</bind>
</comp>

<comp id="4556" class="1005" name="K_V_2_addr_34_reg_4556">
<pin_list>
<pin id="4557" dir="0" index="0" bw="6" slack="1"/>
<pin id="4558" dir="1" index="1" bw="6" slack="1"/>
</pin_list>
<bind>
<opset="K_V_2_addr_34 "/>
</bind>
</comp>

<comp id="4561" class="1005" name="K_V_3_addr_33_reg_4561">
<pin_list>
<pin id="4562" dir="0" index="0" bw="6" slack="1"/>
<pin id="4563" dir="1" index="1" bw="6" slack="1"/>
</pin_list>
<bind>
<opset="K_V_3_addr_33 "/>
</bind>
</comp>

<comp id="4566" class="1005" name="K_V_3_addr_34_reg_4566">
<pin_list>
<pin id="4567" dir="0" index="0" bw="6" slack="1"/>
<pin id="4568" dir="1" index="1" bw="6" slack="1"/>
</pin_list>
<bind>
<opset="K_V_3_addr_34 "/>
</bind>
</comp>

<comp id="4571" class="1005" name="sext_ln121_13_reg_4571">
<pin_list>
<pin id="4572" dir="0" index="0" bw="26" slack="1"/>
<pin id="4573" dir="1" index="1" bw="26" slack="1"/>
</pin_list>
<bind>
<opset="sext_ln121_13 "/>
</bind>
</comp>

<comp id="4576" class="1005" name="lhs_503_reg_4576">
<pin_list>
<pin id="4577" dir="0" index="0" bw="26" slack="1"/>
<pin id="4578" dir="1" index="1" bw="26" slack="1"/>
</pin_list>
<bind>
<opset="lhs_503 "/>
</bind>
</comp>

<comp id="4581" class="1005" name="sext_ln1347_14_reg_4581">
<pin_list>
<pin id="4582" dir="0" index="0" bw="26" slack="1"/>
<pin id="4583" dir="1" index="1" bw="26" slack="1"/>
</pin_list>
<bind>
<opset="sext_ln1347_14 "/>
</bind>
</comp>

<comp id="4586" class="1005" name="lhs_504_reg_4586">
<pin_list>
<pin id="4587" dir="0" index="0" bw="26" slack="1"/>
<pin id="4588" dir="1" index="1" bw="26" slack="1"/>
</pin_list>
<bind>
<opset="lhs_504 "/>
</bind>
</comp>

<comp id="4591" class="1005" name="sext_ln121_14_reg_4591">
<pin_list>
<pin id="4592" dir="0" index="0" bw="26" slack="1"/>
<pin id="4593" dir="1" index="1" bw="26" slack="1"/>
</pin_list>
<bind>
<opset="sext_ln121_14 "/>
</bind>
</comp>

<comp id="4596" class="1005" name="lhs_505_reg_4596">
<pin_list>
<pin id="4597" dir="0" index="0" bw="26" slack="1"/>
<pin id="4598" dir="1" index="1" bw="26" slack="1"/>
</pin_list>
<bind>
<opset="lhs_505 "/>
</bind>
</comp>

<comp id="4601" class="1005" name="sext_ln1347_15_reg_4601">
<pin_list>
<pin id="4602" dir="0" index="0" bw="26" slack="1"/>
<pin id="4603" dir="1" index="1" bw="26" slack="1"/>
</pin_list>
<bind>
<opset="sext_ln1347_15 "/>
</bind>
</comp>

<comp id="4606" class="1005" name="sext_ln121_15_reg_4606">
<pin_list>
<pin id="4607" dir="0" index="0" bw="26" slack="1"/>
<pin id="4608" dir="1" index="1" bw="26" slack="1"/>
</pin_list>
<bind>
<opset="sext_ln121_15 "/>
</bind>
</comp>

<comp id="4611" class="1005" name="tmp_536_reg_4611">
<pin_list>
<pin id="4612" dir="0" index="0" bw="20" slack="1"/>
<pin id="4613" dir="1" index="1" bw="20" slack="1"/>
</pin_list>
<bind>
<opset="tmp_536 "/>
</bind>
</comp>

<comp id="4616" class="1005" name="sext_ln1347_16_reg_4616">
<pin_list>
<pin id="4617" dir="0" index="0" bw="26" slack="1"/>
<pin id="4618" dir="1" index="1" bw="26" slack="1"/>
</pin_list>
<bind>
<opset="sext_ln1347_16 "/>
</bind>
</comp>

<comp id="4621" class="1005" name="lhs_506_reg_4621">
<pin_list>
<pin id="4622" dir="0" index="0" bw="26" slack="1"/>
<pin id="4623" dir="1" index="1" bw="26" slack="1"/>
</pin_list>
<bind>
<opset="lhs_506 "/>
</bind>
</comp>

<comp id="4626" class="1005" name="lhs_507_reg_4626">
<pin_list>
<pin id="4627" dir="0" index="0" bw="26" slack="1"/>
<pin id="4628" dir="1" index="1" bw="26" slack="1"/>
</pin_list>
<bind>
<opset="lhs_507 "/>
</bind>
</comp>

</comp_list>

<net_list>
<net id="109"><net_src comp="24" pin="0"/><net_sink comp="106" pin=0"/></net>

<net id="113"><net_src comp="24" pin="0"/><net_sink comp="110" pin=0"/></net>

<net id="117"><net_src comp="24" pin="0"/><net_sink comp="114" pin=0"/></net>

<net id="123"><net_src comp="16" pin="0"/><net_sink comp="118" pin=0"/></net>

<net id="124"><net_src comp="44" pin="0"/><net_sink comp="118" pin=1"/></net>

<net id="130"><net_src comp="16" pin="0"/><net_sink comp="125" pin=0"/></net>

<net id="131"><net_src comp="44" pin="0"/><net_sink comp="125" pin=1"/></net>

<net id="137"><net_src comp="18" pin="0"/><net_sink comp="132" pin=0"/></net>

<net id="138"><net_src comp="44" pin="0"/><net_sink comp="132" pin=1"/></net>

<net id="144"><net_src comp="18" pin="0"/><net_sink comp="139" pin=0"/></net>

<net id="145"><net_src comp="44" pin="0"/><net_sink comp="139" pin=1"/></net>

<net id="151"><net_src comp="20" pin="0"/><net_sink comp="146" pin=0"/></net>

<net id="152"><net_src comp="44" pin="0"/><net_sink comp="146" pin=1"/></net>

<net id="158"><net_src comp="20" pin="0"/><net_sink comp="153" pin=0"/></net>

<net id="159"><net_src comp="44" pin="0"/><net_sink comp="153" pin=1"/></net>

<net id="165"><net_src comp="22" pin="0"/><net_sink comp="160" pin=0"/></net>

<net id="166"><net_src comp="44" pin="0"/><net_sink comp="160" pin=1"/></net>

<net id="172"><net_src comp="22" pin="0"/><net_sink comp="167" pin=0"/></net>

<net id="173"><net_src comp="44" pin="0"/><net_sink comp="167" pin=1"/></net>

<net id="183"><net_src comp="118" pin="3"/><net_sink comp="174" pin=2"/></net>

<net id="193"><net_src comp="132" pin="3"/><net_sink comp="184" pin=2"/></net>

<net id="203"><net_src comp="146" pin="3"/><net_sink comp="194" pin=2"/></net>

<net id="213"><net_src comp="160" pin="3"/><net_sink comp="204" pin=2"/></net>

<net id="214"><net_src comp="125" pin="3"/><net_sink comp="174" pin=0"/></net>

<net id="215"><net_src comp="139" pin="3"/><net_sink comp="184" pin=0"/></net>

<net id="216"><net_src comp="153" pin="3"/><net_sink comp="194" pin=0"/></net>

<net id="217"><net_src comp="167" pin="3"/><net_sink comp="204" pin=0"/></net>

<net id="223"><net_src comp="0" pin="0"/><net_sink comp="218" pin=0"/></net>

<net id="224"><net_src comp="44" pin="0"/><net_sink comp="218" pin=1"/></net>

<net id="230"><net_src comp="0" pin="0"/><net_sink comp="225" pin=0"/></net>

<net id="231"><net_src comp="44" pin="0"/><net_sink comp="225" pin=1"/></net>

<net id="237"><net_src comp="2" pin="0"/><net_sink comp="232" pin=0"/></net>

<net id="238"><net_src comp="44" pin="0"/><net_sink comp="232" pin=1"/></net>

<net id="244"><net_src comp="2" pin="0"/><net_sink comp="239" pin=0"/></net>

<net id="245"><net_src comp="44" pin="0"/><net_sink comp="239" pin=1"/></net>

<net id="251"><net_src comp="4" pin="0"/><net_sink comp="246" pin=0"/></net>

<net id="252"><net_src comp="44" pin="0"/><net_sink comp="246" pin=1"/></net>

<net id="258"><net_src comp="4" pin="0"/><net_sink comp="253" pin=0"/></net>

<net id="259"><net_src comp="44" pin="0"/><net_sink comp="253" pin=1"/></net>

<net id="265"><net_src comp="6" pin="0"/><net_sink comp="260" pin=0"/></net>

<net id="266"><net_src comp="44" pin="0"/><net_sink comp="260" pin=1"/></net>

<net id="272"><net_src comp="6" pin="0"/><net_sink comp="267" pin=0"/></net>

<net id="273"><net_src comp="44" pin="0"/><net_sink comp="267" pin=1"/></net>

<net id="283"><net_src comp="218" pin="3"/><net_sink comp="274" pin=2"/></net>

<net id="293"><net_src comp="232" pin="3"/><net_sink comp="284" pin=2"/></net>

<net id="303"><net_src comp="246" pin="3"/><net_sink comp="294" pin=2"/></net>

<net id="313"><net_src comp="260" pin="3"/><net_sink comp="304" pin=2"/></net>

<net id="314"><net_src comp="225" pin="3"/><net_sink comp="274" pin=0"/></net>

<net id="315"><net_src comp="239" pin="3"/><net_sink comp="284" pin=0"/></net>

<net id="316"><net_src comp="253" pin="3"/><net_sink comp="294" pin=0"/></net>

<net id="317"><net_src comp="267" pin="3"/><net_sink comp="304" pin=0"/></net>

<net id="323"><net_src comp="0" pin="0"/><net_sink comp="318" pin=0"/></net>

<net id="324"><net_src comp="44" pin="0"/><net_sink comp="318" pin=1"/></net>

<net id="330"><net_src comp="0" pin="0"/><net_sink comp="325" pin=0"/></net>

<net id="331"><net_src comp="44" pin="0"/><net_sink comp="325" pin=1"/></net>

<net id="337"><net_src comp="2" pin="0"/><net_sink comp="332" pin=0"/></net>

<net id="338"><net_src comp="44" pin="0"/><net_sink comp="332" pin=1"/></net>

<net id="344"><net_src comp="2" pin="0"/><net_sink comp="339" pin=0"/></net>

<net id="345"><net_src comp="44" pin="0"/><net_sink comp="339" pin=1"/></net>

<net id="351"><net_src comp="4" pin="0"/><net_sink comp="346" pin=0"/></net>

<net id="352"><net_src comp="44" pin="0"/><net_sink comp="346" pin=1"/></net>

<net id="358"><net_src comp="4" pin="0"/><net_sink comp="353" pin=0"/></net>

<net id="359"><net_src comp="44" pin="0"/><net_sink comp="353" pin=1"/></net>

<net id="365"><net_src comp="6" pin="0"/><net_sink comp="360" pin=0"/></net>

<net id="366"><net_src comp="44" pin="0"/><net_sink comp="360" pin=1"/></net>

<net id="372"><net_src comp="6" pin="0"/><net_sink comp="367" pin=0"/></net>

<net id="373"><net_src comp="44" pin="0"/><net_sink comp="367" pin=1"/></net>

<net id="374"><net_src comp="318" pin="3"/><net_sink comp="274" pin=2"/></net>

<net id="375"><net_src comp="332" pin="3"/><net_sink comp="284" pin=2"/></net>

<net id="376"><net_src comp="346" pin="3"/><net_sink comp="294" pin=2"/></net>

<net id="377"><net_src comp="360" pin="3"/><net_sink comp="304" pin=2"/></net>

<net id="378"><net_src comp="325" pin="3"/><net_sink comp="274" pin=0"/></net>

<net id="379"><net_src comp="339" pin="3"/><net_sink comp="284" pin=0"/></net>

<net id="380"><net_src comp="353" pin="3"/><net_sink comp="294" pin=0"/></net>

<net id="381"><net_src comp="367" pin="3"/><net_sink comp="304" pin=0"/></net>

<net id="387"><net_src comp="16" pin="0"/><net_sink comp="382" pin=0"/></net>

<net id="388"><net_src comp="44" pin="0"/><net_sink comp="382" pin=1"/></net>

<net id="394"><net_src comp="16" pin="0"/><net_sink comp="389" pin=0"/></net>

<net id="395"><net_src comp="44" pin="0"/><net_sink comp="389" pin=1"/></net>

<net id="401"><net_src comp="18" pin="0"/><net_sink comp="396" pin=0"/></net>

<net id="402"><net_src comp="44" pin="0"/><net_sink comp="396" pin=1"/></net>

<net id="408"><net_src comp="18" pin="0"/><net_sink comp="403" pin=0"/></net>

<net id="409"><net_src comp="44" pin="0"/><net_sink comp="403" pin=1"/></net>

<net id="415"><net_src comp="20" pin="0"/><net_sink comp="410" pin=0"/></net>

<net id="416"><net_src comp="44" pin="0"/><net_sink comp="410" pin=1"/></net>

<net id="422"><net_src comp="20" pin="0"/><net_sink comp="417" pin=0"/></net>

<net id="423"><net_src comp="44" pin="0"/><net_sink comp="417" pin=1"/></net>

<net id="429"><net_src comp="22" pin="0"/><net_sink comp="424" pin=0"/></net>

<net id="430"><net_src comp="44" pin="0"/><net_sink comp="424" pin=1"/></net>

<net id="436"><net_src comp="22" pin="0"/><net_sink comp="431" pin=0"/></net>

<net id="437"><net_src comp="44" pin="0"/><net_sink comp="431" pin=1"/></net>

<net id="438"><net_src comp="382" pin="3"/><net_sink comp="174" pin=2"/></net>

<net id="439"><net_src comp="396" pin="3"/><net_sink comp="184" pin=2"/></net>

<net id="440"><net_src comp="410" pin="3"/><net_sink comp="194" pin=2"/></net>

<net id="441"><net_src comp="424" pin="3"/><net_sink comp="204" pin=2"/></net>

<net id="442"><net_src comp="389" pin="3"/><net_sink comp="174" pin=0"/></net>

<net id="443"><net_src comp="403" pin="3"/><net_sink comp="184" pin=0"/></net>

<net id="444"><net_src comp="417" pin="3"/><net_sink comp="194" pin=0"/></net>

<net id="445"><net_src comp="431" pin="3"/><net_sink comp="204" pin=0"/></net>

<net id="451"><net_src comp="0" pin="0"/><net_sink comp="446" pin=0"/></net>

<net id="452"><net_src comp="44" pin="0"/><net_sink comp="446" pin=1"/></net>

<net id="458"><net_src comp="0" pin="0"/><net_sink comp="453" pin=0"/></net>

<net id="459"><net_src comp="44" pin="0"/><net_sink comp="453" pin=1"/></net>

<net id="465"><net_src comp="2" pin="0"/><net_sink comp="460" pin=0"/></net>

<net id="466"><net_src comp="44" pin="0"/><net_sink comp="460" pin=1"/></net>

<net id="472"><net_src comp="2" pin="0"/><net_sink comp="467" pin=0"/></net>

<net id="473"><net_src comp="44" pin="0"/><net_sink comp="467" pin=1"/></net>

<net id="479"><net_src comp="4" pin="0"/><net_sink comp="474" pin=0"/></net>

<net id="480"><net_src comp="44" pin="0"/><net_sink comp="474" pin=1"/></net>

<net id="486"><net_src comp="4" pin="0"/><net_sink comp="481" pin=0"/></net>

<net id="487"><net_src comp="44" pin="0"/><net_sink comp="481" pin=1"/></net>

<net id="493"><net_src comp="6" pin="0"/><net_sink comp="488" pin=0"/></net>

<net id="494"><net_src comp="44" pin="0"/><net_sink comp="488" pin=1"/></net>

<net id="500"><net_src comp="6" pin="0"/><net_sink comp="495" pin=0"/></net>

<net id="501"><net_src comp="44" pin="0"/><net_sink comp="495" pin=1"/></net>

<net id="502"><net_src comp="446" pin="3"/><net_sink comp="274" pin=2"/></net>

<net id="503"><net_src comp="460" pin="3"/><net_sink comp="284" pin=2"/></net>

<net id="504"><net_src comp="474" pin="3"/><net_sink comp="294" pin=2"/></net>

<net id="505"><net_src comp="488" pin="3"/><net_sink comp="304" pin=2"/></net>

<net id="506"><net_src comp="453" pin="3"/><net_sink comp="274" pin=0"/></net>

<net id="507"><net_src comp="467" pin="3"/><net_sink comp="284" pin=0"/></net>

<net id="508"><net_src comp="481" pin="3"/><net_sink comp="294" pin=0"/></net>

<net id="509"><net_src comp="495" pin="3"/><net_sink comp="304" pin=0"/></net>

<net id="515"><net_src comp="0" pin="0"/><net_sink comp="510" pin=0"/></net>

<net id="516"><net_src comp="44" pin="0"/><net_sink comp="510" pin=1"/></net>

<net id="522"><net_src comp="0" pin="0"/><net_sink comp="517" pin=0"/></net>

<net id="523"><net_src comp="44" pin="0"/><net_sink comp="517" pin=1"/></net>

<net id="529"><net_src comp="2" pin="0"/><net_sink comp="524" pin=0"/></net>

<net id="530"><net_src comp="44" pin="0"/><net_sink comp="524" pin=1"/></net>

<net id="536"><net_src comp="2" pin="0"/><net_sink comp="531" pin=0"/></net>

<net id="537"><net_src comp="44" pin="0"/><net_sink comp="531" pin=1"/></net>

<net id="543"><net_src comp="4" pin="0"/><net_sink comp="538" pin=0"/></net>

<net id="544"><net_src comp="44" pin="0"/><net_sink comp="538" pin=1"/></net>

<net id="550"><net_src comp="4" pin="0"/><net_sink comp="545" pin=0"/></net>

<net id="551"><net_src comp="44" pin="0"/><net_sink comp="545" pin=1"/></net>

<net id="557"><net_src comp="6" pin="0"/><net_sink comp="552" pin=0"/></net>

<net id="558"><net_src comp="44" pin="0"/><net_sink comp="552" pin=1"/></net>

<net id="564"><net_src comp="6" pin="0"/><net_sink comp="559" pin=0"/></net>

<net id="565"><net_src comp="44" pin="0"/><net_sink comp="559" pin=1"/></net>

<net id="566"><net_src comp="510" pin="3"/><net_sink comp="274" pin=2"/></net>

<net id="567"><net_src comp="524" pin="3"/><net_sink comp="284" pin=2"/></net>

<net id="568"><net_src comp="538" pin="3"/><net_sink comp="294" pin=2"/></net>

<net id="569"><net_src comp="552" pin="3"/><net_sink comp="304" pin=2"/></net>

<net id="570"><net_src comp="517" pin="3"/><net_sink comp="274" pin=0"/></net>

<net id="571"><net_src comp="531" pin="3"/><net_sink comp="284" pin=0"/></net>

<net id="572"><net_src comp="545" pin="3"/><net_sink comp="294" pin=0"/></net>

<net id="573"><net_src comp="559" pin="3"/><net_sink comp="304" pin=0"/></net>

<net id="579"><net_src comp="16" pin="0"/><net_sink comp="574" pin=0"/></net>

<net id="580"><net_src comp="44" pin="0"/><net_sink comp="574" pin=1"/></net>

<net id="586"><net_src comp="16" pin="0"/><net_sink comp="581" pin=0"/></net>

<net id="587"><net_src comp="44" pin="0"/><net_sink comp="581" pin=1"/></net>

<net id="593"><net_src comp="18" pin="0"/><net_sink comp="588" pin=0"/></net>

<net id="594"><net_src comp="44" pin="0"/><net_sink comp="588" pin=1"/></net>

<net id="600"><net_src comp="18" pin="0"/><net_sink comp="595" pin=0"/></net>

<net id="601"><net_src comp="44" pin="0"/><net_sink comp="595" pin=1"/></net>

<net id="607"><net_src comp="20" pin="0"/><net_sink comp="602" pin=0"/></net>

<net id="608"><net_src comp="44" pin="0"/><net_sink comp="602" pin=1"/></net>

<net id="614"><net_src comp="20" pin="0"/><net_sink comp="609" pin=0"/></net>

<net id="615"><net_src comp="44" pin="0"/><net_sink comp="609" pin=1"/></net>

<net id="621"><net_src comp="22" pin="0"/><net_sink comp="616" pin=0"/></net>

<net id="622"><net_src comp="44" pin="0"/><net_sink comp="616" pin=1"/></net>

<net id="628"><net_src comp="22" pin="0"/><net_sink comp="623" pin=0"/></net>

<net id="629"><net_src comp="44" pin="0"/><net_sink comp="623" pin=1"/></net>

<net id="630"><net_src comp="574" pin="3"/><net_sink comp="174" pin=2"/></net>

<net id="631"><net_src comp="588" pin="3"/><net_sink comp="184" pin=2"/></net>

<net id="632"><net_src comp="602" pin="3"/><net_sink comp="194" pin=2"/></net>

<net id="633"><net_src comp="616" pin="3"/><net_sink comp="204" pin=2"/></net>

<net id="634"><net_src comp="581" pin="3"/><net_sink comp="174" pin=0"/></net>

<net id="635"><net_src comp="595" pin="3"/><net_sink comp="184" pin=0"/></net>

<net id="636"><net_src comp="609" pin="3"/><net_sink comp="194" pin=0"/></net>

<net id="637"><net_src comp="623" pin="3"/><net_sink comp="204" pin=0"/></net>

<net id="643"><net_src comp="0" pin="0"/><net_sink comp="638" pin=0"/></net>

<net id="644"><net_src comp="44" pin="0"/><net_sink comp="638" pin=1"/></net>

<net id="650"><net_src comp="0" pin="0"/><net_sink comp="645" pin=0"/></net>

<net id="651"><net_src comp="44" pin="0"/><net_sink comp="645" pin=1"/></net>

<net id="657"><net_src comp="2" pin="0"/><net_sink comp="652" pin=0"/></net>

<net id="658"><net_src comp="44" pin="0"/><net_sink comp="652" pin=1"/></net>

<net id="664"><net_src comp="2" pin="0"/><net_sink comp="659" pin=0"/></net>

<net id="665"><net_src comp="44" pin="0"/><net_sink comp="659" pin=1"/></net>

<net id="671"><net_src comp="4" pin="0"/><net_sink comp="666" pin=0"/></net>

<net id="672"><net_src comp="44" pin="0"/><net_sink comp="666" pin=1"/></net>

<net id="678"><net_src comp="4" pin="0"/><net_sink comp="673" pin=0"/></net>

<net id="679"><net_src comp="44" pin="0"/><net_sink comp="673" pin=1"/></net>

<net id="685"><net_src comp="6" pin="0"/><net_sink comp="680" pin=0"/></net>

<net id="686"><net_src comp="44" pin="0"/><net_sink comp="680" pin=1"/></net>

<net id="692"><net_src comp="6" pin="0"/><net_sink comp="687" pin=0"/></net>

<net id="693"><net_src comp="44" pin="0"/><net_sink comp="687" pin=1"/></net>

<net id="694"><net_src comp="638" pin="3"/><net_sink comp="274" pin=2"/></net>

<net id="695"><net_src comp="652" pin="3"/><net_sink comp="284" pin=2"/></net>

<net id="696"><net_src comp="666" pin="3"/><net_sink comp="294" pin=2"/></net>

<net id="697"><net_src comp="680" pin="3"/><net_sink comp="304" pin=2"/></net>

<net id="698"><net_src comp="645" pin="3"/><net_sink comp="274" pin=0"/></net>

<net id="699"><net_src comp="659" pin="3"/><net_sink comp="284" pin=0"/></net>

<net id="700"><net_src comp="673" pin="3"/><net_sink comp="294" pin=0"/></net>

<net id="701"><net_src comp="687" pin="3"/><net_sink comp="304" pin=0"/></net>

<net id="707"><net_src comp="0" pin="0"/><net_sink comp="702" pin=0"/></net>

<net id="708"><net_src comp="44" pin="0"/><net_sink comp="702" pin=1"/></net>

<net id="714"><net_src comp="0" pin="0"/><net_sink comp="709" pin=0"/></net>

<net id="715"><net_src comp="44" pin="0"/><net_sink comp="709" pin=1"/></net>

<net id="721"><net_src comp="2" pin="0"/><net_sink comp="716" pin=0"/></net>

<net id="722"><net_src comp="44" pin="0"/><net_sink comp="716" pin=1"/></net>

<net id="728"><net_src comp="2" pin="0"/><net_sink comp="723" pin=0"/></net>

<net id="729"><net_src comp="44" pin="0"/><net_sink comp="723" pin=1"/></net>

<net id="735"><net_src comp="4" pin="0"/><net_sink comp="730" pin=0"/></net>

<net id="736"><net_src comp="44" pin="0"/><net_sink comp="730" pin=1"/></net>

<net id="742"><net_src comp="4" pin="0"/><net_sink comp="737" pin=0"/></net>

<net id="743"><net_src comp="44" pin="0"/><net_sink comp="737" pin=1"/></net>

<net id="749"><net_src comp="6" pin="0"/><net_sink comp="744" pin=0"/></net>

<net id="750"><net_src comp="44" pin="0"/><net_sink comp="744" pin=1"/></net>

<net id="756"><net_src comp="6" pin="0"/><net_sink comp="751" pin=0"/></net>

<net id="757"><net_src comp="44" pin="0"/><net_sink comp="751" pin=1"/></net>

<net id="758"><net_src comp="702" pin="3"/><net_sink comp="274" pin=2"/></net>

<net id="759"><net_src comp="716" pin="3"/><net_sink comp="284" pin=2"/></net>

<net id="760"><net_src comp="730" pin="3"/><net_sink comp="294" pin=2"/></net>

<net id="761"><net_src comp="744" pin="3"/><net_sink comp="304" pin=2"/></net>

<net id="762"><net_src comp="709" pin="3"/><net_sink comp="274" pin=0"/></net>

<net id="763"><net_src comp="723" pin="3"/><net_sink comp="284" pin=0"/></net>

<net id="764"><net_src comp="737" pin="3"/><net_sink comp="294" pin=0"/></net>

<net id="765"><net_src comp="751" pin="3"/><net_sink comp="304" pin=0"/></net>

<net id="771"><net_src comp="16" pin="0"/><net_sink comp="766" pin=0"/></net>

<net id="772"><net_src comp="44" pin="0"/><net_sink comp="766" pin=1"/></net>

<net id="778"><net_src comp="16" pin="0"/><net_sink comp="773" pin=0"/></net>

<net id="779"><net_src comp="44" pin="0"/><net_sink comp="773" pin=1"/></net>

<net id="785"><net_src comp="18" pin="0"/><net_sink comp="780" pin=0"/></net>

<net id="786"><net_src comp="44" pin="0"/><net_sink comp="780" pin=1"/></net>

<net id="792"><net_src comp="18" pin="0"/><net_sink comp="787" pin=0"/></net>

<net id="793"><net_src comp="44" pin="0"/><net_sink comp="787" pin=1"/></net>

<net id="799"><net_src comp="20" pin="0"/><net_sink comp="794" pin=0"/></net>

<net id="800"><net_src comp="44" pin="0"/><net_sink comp="794" pin=1"/></net>

<net id="806"><net_src comp="20" pin="0"/><net_sink comp="801" pin=0"/></net>

<net id="807"><net_src comp="44" pin="0"/><net_sink comp="801" pin=1"/></net>

<net id="813"><net_src comp="22" pin="0"/><net_sink comp="808" pin=0"/></net>

<net id="814"><net_src comp="44" pin="0"/><net_sink comp="808" pin=1"/></net>

<net id="820"><net_src comp="22" pin="0"/><net_sink comp="815" pin=0"/></net>

<net id="821"><net_src comp="44" pin="0"/><net_sink comp="815" pin=1"/></net>

<net id="822"><net_src comp="766" pin="3"/><net_sink comp="174" pin=2"/></net>

<net id="823"><net_src comp="780" pin="3"/><net_sink comp="184" pin=2"/></net>

<net id="824"><net_src comp="794" pin="3"/><net_sink comp="194" pin=2"/></net>

<net id="825"><net_src comp="808" pin="3"/><net_sink comp="204" pin=2"/></net>

<net id="826"><net_src comp="773" pin="3"/><net_sink comp="174" pin=0"/></net>

<net id="827"><net_src comp="787" pin="3"/><net_sink comp="184" pin=0"/></net>

<net id="828"><net_src comp="801" pin="3"/><net_sink comp="194" pin=0"/></net>

<net id="829"><net_src comp="815" pin="3"/><net_sink comp="204" pin=0"/></net>

<net id="835"><net_src comp="0" pin="0"/><net_sink comp="830" pin=0"/></net>

<net id="836"><net_src comp="44" pin="0"/><net_sink comp="830" pin=1"/></net>

<net id="842"><net_src comp="0" pin="0"/><net_sink comp="837" pin=0"/></net>

<net id="843"><net_src comp="44" pin="0"/><net_sink comp="837" pin=1"/></net>

<net id="849"><net_src comp="2" pin="0"/><net_sink comp="844" pin=0"/></net>

<net id="850"><net_src comp="44" pin="0"/><net_sink comp="844" pin=1"/></net>

<net id="856"><net_src comp="2" pin="0"/><net_sink comp="851" pin=0"/></net>

<net id="857"><net_src comp="44" pin="0"/><net_sink comp="851" pin=1"/></net>

<net id="863"><net_src comp="4" pin="0"/><net_sink comp="858" pin=0"/></net>

<net id="864"><net_src comp="44" pin="0"/><net_sink comp="858" pin=1"/></net>

<net id="870"><net_src comp="4" pin="0"/><net_sink comp="865" pin=0"/></net>

<net id="871"><net_src comp="44" pin="0"/><net_sink comp="865" pin=1"/></net>

<net id="877"><net_src comp="6" pin="0"/><net_sink comp="872" pin=0"/></net>

<net id="878"><net_src comp="44" pin="0"/><net_sink comp="872" pin=1"/></net>

<net id="884"><net_src comp="6" pin="0"/><net_sink comp="879" pin=0"/></net>

<net id="885"><net_src comp="44" pin="0"/><net_sink comp="879" pin=1"/></net>

<net id="886"><net_src comp="830" pin="3"/><net_sink comp="274" pin=2"/></net>

<net id="887"><net_src comp="844" pin="3"/><net_sink comp="284" pin=2"/></net>

<net id="888"><net_src comp="858" pin="3"/><net_sink comp="294" pin=2"/></net>

<net id="889"><net_src comp="872" pin="3"/><net_sink comp="304" pin=2"/></net>

<net id="890"><net_src comp="837" pin="3"/><net_sink comp="274" pin=0"/></net>

<net id="891"><net_src comp="851" pin="3"/><net_sink comp="284" pin=0"/></net>

<net id="892"><net_src comp="865" pin="3"/><net_sink comp="294" pin=0"/></net>

<net id="893"><net_src comp="879" pin="3"/><net_sink comp="304" pin=0"/></net>

<net id="899"><net_src comp="0" pin="0"/><net_sink comp="894" pin=0"/></net>

<net id="900"><net_src comp="44" pin="0"/><net_sink comp="894" pin=1"/></net>

<net id="906"><net_src comp="0" pin="0"/><net_sink comp="901" pin=0"/></net>

<net id="907"><net_src comp="44" pin="0"/><net_sink comp="901" pin=1"/></net>

<net id="913"><net_src comp="2" pin="0"/><net_sink comp="908" pin=0"/></net>

<net id="914"><net_src comp="44" pin="0"/><net_sink comp="908" pin=1"/></net>

<net id="920"><net_src comp="2" pin="0"/><net_sink comp="915" pin=0"/></net>

<net id="921"><net_src comp="44" pin="0"/><net_sink comp="915" pin=1"/></net>

<net id="927"><net_src comp="4" pin="0"/><net_sink comp="922" pin=0"/></net>

<net id="928"><net_src comp="44" pin="0"/><net_sink comp="922" pin=1"/></net>

<net id="934"><net_src comp="4" pin="0"/><net_sink comp="929" pin=0"/></net>

<net id="935"><net_src comp="44" pin="0"/><net_sink comp="929" pin=1"/></net>

<net id="941"><net_src comp="6" pin="0"/><net_sink comp="936" pin=0"/></net>

<net id="942"><net_src comp="44" pin="0"/><net_sink comp="936" pin=1"/></net>

<net id="948"><net_src comp="6" pin="0"/><net_sink comp="943" pin=0"/></net>

<net id="949"><net_src comp="44" pin="0"/><net_sink comp="943" pin=1"/></net>

<net id="950"><net_src comp="894" pin="3"/><net_sink comp="274" pin=2"/></net>

<net id="951"><net_src comp="908" pin="3"/><net_sink comp="284" pin=2"/></net>

<net id="952"><net_src comp="922" pin="3"/><net_sink comp="294" pin=2"/></net>

<net id="953"><net_src comp="936" pin="3"/><net_sink comp="304" pin=2"/></net>

<net id="954"><net_src comp="901" pin="3"/><net_sink comp="274" pin=0"/></net>

<net id="955"><net_src comp="915" pin="3"/><net_sink comp="284" pin=0"/></net>

<net id="956"><net_src comp="929" pin="3"/><net_sink comp="294" pin=0"/></net>

<net id="957"><net_src comp="943" pin="3"/><net_sink comp="304" pin=0"/></net>

<net id="963"><net_src comp="16" pin="0"/><net_sink comp="958" pin=0"/></net>

<net id="964"><net_src comp="44" pin="0"/><net_sink comp="958" pin=1"/></net>

<net id="970"><net_src comp="16" pin="0"/><net_sink comp="965" pin=0"/></net>

<net id="971"><net_src comp="44" pin="0"/><net_sink comp="965" pin=1"/></net>

<net id="977"><net_src comp="18" pin="0"/><net_sink comp="972" pin=0"/></net>

<net id="978"><net_src comp="44" pin="0"/><net_sink comp="972" pin=1"/></net>

<net id="984"><net_src comp="18" pin="0"/><net_sink comp="979" pin=0"/></net>

<net id="985"><net_src comp="44" pin="0"/><net_sink comp="979" pin=1"/></net>

<net id="991"><net_src comp="20" pin="0"/><net_sink comp="986" pin=0"/></net>

<net id="992"><net_src comp="44" pin="0"/><net_sink comp="986" pin=1"/></net>

<net id="998"><net_src comp="20" pin="0"/><net_sink comp="993" pin=0"/></net>

<net id="999"><net_src comp="44" pin="0"/><net_sink comp="993" pin=1"/></net>

<net id="1005"><net_src comp="22" pin="0"/><net_sink comp="1000" pin=0"/></net>

<net id="1006"><net_src comp="44" pin="0"/><net_sink comp="1000" pin=1"/></net>

<net id="1012"><net_src comp="22" pin="0"/><net_sink comp="1007" pin=0"/></net>

<net id="1013"><net_src comp="44" pin="0"/><net_sink comp="1007" pin=1"/></net>

<net id="1014"><net_src comp="958" pin="3"/><net_sink comp="174" pin=2"/></net>

<net id="1015"><net_src comp="972" pin="3"/><net_sink comp="184" pin=2"/></net>

<net id="1016"><net_src comp="986" pin="3"/><net_sink comp="194" pin=2"/></net>

<net id="1017"><net_src comp="1000" pin="3"/><net_sink comp="204" pin=2"/></net>

<net id="1018"><net_src comp="965" pin="3"/><net_sink comp="174" pin=0"/></net>

<net id="1019"><net_src comp="979" pin="3"/><net_sink comp="184" pin=0"/></net>

<net id="1020"><net_src comp="993" pin="3"/><net_sink comp="194" pin=0"/></net>

<net id="1021"><net_src comp="1007" pin="3"/><net_sink comp="204" pin=0"/></net>

<net id="1027"><net_src comp="0" pin="0"/><net_sink comp="1022" pin=0"/></net>

<net id="1028"><net_src comp="44" pin="0"/><net_sink comp="1022" pin=1"/></net>

<net id="1034"><net_src comp="0" pin="0"/><net_sink comp="1029" pin=0"/></net>

<net id="1035"><net_src comp="44" pin="0"/><net_sink comp="1029" pin=1"/></net>

<net id="1041"><net_src comp="2" pin="0"/><net_sink comp="1036" pin=0"/></net>

<net id="1042"><net_src comp="44" pin="0"/><net_sink comp="1036" pin=1"/></net>

<net id="1048"><net_src comp="2" pin="0"/><net_sink comp="1043" pin=0"/></net>

<net id="1049"><net_src comp="44" pin="0"/><net_sink comp="1043" pin=1"/></net>

<net id="1055"><net_src comp="4" pin="0"/><net_sink comp="1050" pin=0"/></net>

<net id="1056"><net_src comp="44" pin="0"/><net_sink comp="1050" pin=1"/></net>

<net id="1062"><net_src comp="4" pin="0"/><net_sink comp="1057" pin=0"/></net>

<net id="1063"><net_src comp="44" pin="0"/><net_sink comp="1057" pin=1"/></net>

<net id="1069"><net_src comp="6" pin="0"/><net_sink comp="1064" pin=0"/></net>

<net id="1070"><net_src comp="44" pin="0"/><net_sink comp="1064" pin=1"/></net>

<net id="1076"><net_src comp="6" pin="0"/><net_sink comp="1071" pin=0"/></net>

<net id="1077"><net_src comp="44" pin="0"/><net_sink comp="1071" pin=1"/></net>

<net id="1078"><net_src comp="1022" pin="3"/><net_sink comp="274" pin=2"/></net>

<net id="1079"><net_src comp="1036" pin="3"/><net_sink comp="284" pin=2"/></net>

<net id="1080"><net_src comp="1050" pin="3"/><net_sink comp="294" pin=2"/></net>

<net id="1081"><net_src comp="1064" pin="3"/><net_sink comp="304" pin=2"/></net>

<net id="1082"><net_src comp="1029" pin="3"/><net_sink comp="274" pin=0"/></net>

<net id="1083"><net_src comp="1043" pin="3"/><net_sink comp="284" pin=0"/></net>

<net id="1084"><net_src comp="1057" pin="3"/><net_sink comp="294" pin=0"/></net>

<net id="1085"><net_src comp="1071" pin="3"/><net_sink comp="304" pin=0"/></net>

<net id="1091"><net_src comp="0" pin="0"/><net_sink comp="1086" pin=0"/></net>

<net id="1092"><net_src comp="44" pin="0"/><net_sink comp="1086" pin=1"/></net>

<net id="1098"><net_src comp="0" pin="0"/><net_sink comp="1093" pin=0"/></net>

<net id="1099"><net_src comp="44" pin="0"/><net_sink comp="1093" pin=1"/></net>

<net id="1105"><net_src comp="2" pin="0"/><net_sink comp="1100" pin=0"/></net>

<net id="1106"><net_src comp="44" pin="0"/><net_sink comp="1100" pin=1"/></net>

<net id="1112"><net_src comp="2" pin="0"/><net_sink comp="1107" pin=0"/></net>

<net id="1113"><net_src comp="44" pin="0"/><net_sink comp="1107" pin=1"/></net>

<net id="1119"><net_src comp="4" pin="0"/><net_sink comp="1114" pin=0"/></net>

<net id="1120"><net_src comp="44" pin="0"/><net_sink comp="1114" pin=1"/></net>

<net id="1126"><net_src comp="4" pin="0"/><net_sink comp="1121" pin=0"/></net>

<net id="1127"><net_src comp="44" pin="0"/><net_sink comp="1121" pin=1"/></net>

<net id="1133"><net_src comp="6" pin="0"/><net_sink comp="1128" pin=0"/></net>

<net id="1134"><net_src comp="44" pin="0"/><net_sink comp="1128" pin=1"/></net>

<net id="1140"><net_src comp="6" pin="0"/><net_sink comp="1135" pin=0"/></net>

<net id="1141"><net_src comp="44" pin="0"/><net_sink comp="1135" pin=1"/></net>

<net id="1142"><net_src comp="1086" pin="3"/><net_sink comp="274" pin=2"/></net>

<net id="1143"><net_src comp="1100" pin="3"/><net_sink comp="284" pin=2"/></net>

<net id="1144"><net_src comp="1114" pin="3"/><net_sink comp="294" pin=2"/></net>

<net id="1145"><net_src comp="1128" pin="3"/><net_sink comp="304" pin=2"/></net>

<net id="1146"><net_src comp="1093" pin="3"/><net_sink comp="274" pin=0"/></net>

<net id="1147"><net_src comp="1107" pin="3"/><net_sink comp="284" pin=0"/></net>

<net id="1148"><net_src comp="1121" pin="3"/><net_sink comp="294" pin=0"/></net>

<net id="1149"><net_src comp="1135" pin="3"/><net_sink comp="304" pin=0"/></net>

<net id="1155"><net_src comp="16" pin="0"/><net_sink comp="1150" pin=0"/></net>

<net id="1156"><net_src comp="44" pin="0"/><net_sink comp="1150" pin=1"/></net>

<net id="1162"><net_src comp="18" pin="0"/><net_sink comp="1157" pin=0"/></net>

<net id="1163"><net_src comp="44" pin="0"/><net_sink comp="1157" pin=1"/></net>

<net id="1169"><net_src comp="20" pin="0"/><net_sink comp="1164" pin=0"/></net>

<net id="1170"><net_src comp="44" pin="0"/><net_sink comp="1164" pin=1"/></net>

<net id="1176"><net_src comp="22" pin="0"/><net_sink comp="1171" pin=0"/></net>

<net id="1177"><net_src comp="44" pin="0"/><net_sink comp="1171" pin=1"/></net>

<net id="1178"><net_src comp="1150" pin="3"/><net_sink comp="174" pin=2"/></net>

<net id="1179"><net_src comp="1157" pin="3"/><net_sink comp="184" pin=2"/></net>

<net id="1180"><net_src comp="1164" pin="3"/><net_sink comp="194" pin=2"/></net>

<net id="1181"><net_src comp="1171" pin="3"/><net_sink comp="204" pin=2"/></net>

<net id="1187"><net_src comp="0" pin="0"/><net_sink comp="1182" pin=0"/></net>

<net id="1188"><net_src comp="44" pin="0"/><net_sink comp="1182" pin=1"/></net>

<net id="1194"><net_src comp="0" pin="0"/><net_sink comp="1189" pin=0"/></net>

<net id="1195"><net_src comp="44" pin="0"/><net_sink comp="1189" pin=1"/></net>

<net id="1201"><net_src comp="2" pin="0"/><net_sink comp="1196" pin=0"/></net>

<net id="1202"><net_src comp="44" pin="0"/><net_sink comp="1196" pin=1"/></net>

<net id="1208"><net_src comp="2" pin="0"/><net_sink comp="1203" pin=0"/></net>

<net id="1209"><net_src comp="44" pin="0"/><net_sink comp="1203" pin=1"/></net>

<net id="1215"><net_src comp="4" pin="0"/><net_sink comp="1210" pin=0"/></net>

<net id="1216"><net_src comp="44" pin="0"/><net_sink comp="1210" pin=1"/></net>

<net id="1222"><net_src comp="4" pin="0"/><net_sink comp="1217" pin=0"/></net>

<net id="1223"><net_src comp="44" pin="0"/><net_sink comp="1217" pin=1"/></net>

<net id="1229"><net_src comp="6" pin="0"/><net_sink comp="1224" pin=0"/></net>

<net id="1230"><net_src comp="44" pin="0"/><net_sink comp="1224" pin=1"/></net>

<net id="1236"><net_src comp="6" pin="0"/><net_sink comp="1231" pin=0"/></net>

<net id="1237"><net_src comp="44" pin="0"/><net_sink comp="1231" pin=1"/></net>

<net id="1238"><net_src comp="1182" pin="3"/><net_sink comp="274" pin=2"/></net>

<net id="1239"><net_src comp="1196" pin="3"/><net_sink comp="284" pin=2"/></net>

<net id="1240"><net_src comp="1210" pin="3"/><net_sink comp="294" pin=2"/></net>

<net id="1241"><net_src comp="1224" pin="3"/><net_sink comp="304" pin=2"/></net>

<net id="1242"><net_src comp="1189" pin="3"/><net_sink comp="274" pin=0"/></net>

<net id="1243"><net_src comp="1203" pin="3"/><net_sink comp="284" pin=0"/></net>

<net id="1244"><net_src comp="1217" pin="3"/><net_sink comp="294" pin=0"/></net>

<net id="1245"><net_src comp="1231" pin="3"/><net_sink comp="304" pin=0"/></net>

<net id="1251"><net_src comp="0" pin="0"/><net_sink comp="1246" pin=0"/></net>

<net id="1252"><net_src comp="44" pin="0"/><net_sink comp="1246" pin=1"/></net>

<net id="1258"><net_src comp="0" pin="0"/><net_sink comp="1253" pin=0"/></net>

<net id="1259"><net_src comp="44" pin="0"/><net_sink comp="1253" pin=1"/></net>

<net id="1265"><net_src comp="2" pin="0"/><net_sink comp="1260" pin=0"/></net>

<net id="1266"><net_src comp="44" pin="0"/><net_sink comp="1260" pin=1"/></net>

<net id="1272"><net_src comp="2" pin="0"/><net_sink comp="1267" pin=0"/></net>

<net id="1273"><net_src comp="44" pin="0"/><net_sink comp="1267" pin=1"/></net>

<net id="1279"><net_src comp="4" pin="0"/><net_sink comp="1274" pin=0"/></net>

<net id="1280"><net_src comp="44" pin="0"/><net_sink comp="1274" pin=1"/></net>

<net id="1286"><net_src comp="4" pin="0"/><net_sink comp="1281" pin=0"/></net>

<net id="1287"><net_src comp="44" pin="0"/><net_sink comp="1281" pin=1"/></net>

<net id="1293"><net_src comp="6" pin="0"/><net_sink comp="1288" pin=0"/></net>

<net id="1294"><net_src comp="44" pin="0"/><net_sink comp="1288" pin=1"/></net>

<net id="1300"><net_src comp="6" pin="0"/><net_sink comp="1295" pin=0"/></net>

<net id="1301"><net_src comp="44" pin="0"/><net_sink comp="1295" pin=1"/></net>

<net id="1302"><net_src comp="1246" pin="3"/><net_sink comp="274" pin=2"/></net>

<net id="1303"><net_src comp="1260" pin="3"/><net_sink comp="284" pin=2"/></net>

<net id="1304"><net_src comp="1274" pin="3"/><net_sink comp="294" pin=2"/></net>

<net id="1305"><net_src comp="1288" pin="3"/><net_sink comp="304" pin=2"/></net>

<net id="1306"><net_src comp="1253" pin="3"/><net_sink comp="274" pin=0"/></net>

<net id="1307"><net_src comp="1267" pin="3"/><net_sink comp="284" pin=0"/></net>

<net id="1308"><net_src comp="1281" pin="3"/><net_sink comp="294" pin=0"/></net>

<net id="1309"><net_src comp="1295" pin="3"/><net_sink comp="304" pin=0"/></net>

<net id="1315"><net_src comp="0" pin="0"/><net_sink comp="1310" pin=0"/></net>

<net id="1316"><net_src comp="44" pin="0"/><net_sink comp="1310" pin=1"/></net>

<net id="1322"><net_src comp="2" pin="0"/><net_sink comp="1317" pin=0"/></net>

<net id="1323"><net_src comp="44" pin="0"/><net_sink comp="1317" pin=1"/></net>

<net id="1329"><net_src comp="4" pin="0"/><net_sink comp="1324" pin=0"/></net>

<net id="1330"><net_src comp="44" pin="0"/><net_sink comp="1324" pin=1"/></net>

<net id="1336"><net_src comp="6" pin="0"/><net_sink comp="1331" pin=0"/></net>

<net id="1337"><net_src comp="44" pin="0"/><net_sink comp="1331" pin=1"/></net>

<net id="1338"><net_src comp="1310" pin="3"/><net_sink comp="274" pin=2"/></net>

<net id="1339"><net_src comp="1317" pin="3"/><net_sink comp="284" pin=2"/></net>

<net id="1340"><net_src comp="1324" pin="3"/><net_sink comp="294" pin=2"/></net>

<net id="1341"><net_src comp="1331" pin="3"/><net_sink comp="304" pin=2"/></net>

<net id="1347"><net_src comp="0" pin="0"/><net_sink comp="1342" pin=0"/></net>

<net id="1348"><net_src comp="44" pin="0"/><net_sink comp="1342" pin=1"/></net>

<net id="1354"><net_src comp="2" pin="0"/><net_sink comp="1349" pin=0"/></net>

<net id="1355"><net_src comp="44" pin="0"/><net_sink comp="1349" pin=1"/></net>

<net id="1361"><net_src comp="4" pin="0"/><net_sink comp="1356" pin=0"/></net>

<net id="1362"><net_src comp="44" pin="0"/><net_sink comp="1356" pin=1"/></net>

<net id="1368"><net_src comp="6" pin="0"/><net_sink comp="1363" pin=0"/></net>

<net id="1369"><net_src comp="44" pin="0"/><net_sink comp="1363" pin=1"/></net>

<net id="1370"><net_src comp="1342" pin="3"/><net_sink comp="274" pin=2"/></net>

<net id="1371"><net_src comp="1349" pin="3"/><net_sink comp="284" pin=2"/></net>

<net id="1372"><net_src comp="1356" pin="3"/><net_sink comp="294" pin=2"/></net>

<net id="1373"><net_src comp="1363" pin="3"/><net_sink comp="304" pin=2"/></net>

<net id="1379"><net_src comp="16" pin="0"/><net_sink comp="1374" pin=0"/></net>

<net id="1380"><net_src comp="44" pin="0"/><net_sink comp="1374" pin=1"/></net>

<net id="1386"><net_src comp="18" pin="0"/><net_sink comp="1381" pin=0"/></net>

<net id="1387"><net_src comp="44" pin="0"/><net_sink comp="1381" pin=1"/></net>

<net id="1393"><net_src comp="20" pin="0"/><net_sink comp="1388" pin=0"/></net>

<net id="1394"><net_src comp="44" pin="0"/><net_sink comp="1388" pin=1"/></net>

<net id="1400"><net_src comp="22" pin="0"/><net_sink comp="1395" pin=0"/></net>

<net id="1401"><net_src comp="44" pin="0"/><net_sink comp="1395" pin=1"/></net>

<net id="1402"><net_src comp="1374" pin="3"/><net_sink comp="174" pin=0"/></net>

<net id="1403"><net_src comp="1381" pin="3"/><net_sink comp="184" pin=0"/></net>

<net id="1404"><net_src comp="1388" pin="3"/><net_sink comp="194" pin=0"/></net>

<net id="1405"><net_src comp="1395" pin="3"/><net_sink comp="204" pin=0"/></net>

<net id="1411"><net_src comp="16" pin="0"/><net_sink comp="1406" pin=0"/></net>

<net id="1412"><net_src comp="44" pin="0"/><net_sink comp="1406" pin=1"/></net>

<net id="1418"><net_src comp="16" pin="0"/><net_sink comp="1413" pin=0"/></net>

<net id="1419"><net_src comp="44" pin="0"/><net_sink comp="1413" pin=1"/></net>

<net id="1425"><net_src comp="18" pin="0"/><net_sink comp="1420" pin=0"/></net>

<net id="1426"><net_src comp="44" pin="0"/><net_sink comp="1420" pin=1"/></net>

<net id="1432"><net_src comp="18" pin="0"/><net_sink comp="1427" pin=0"/></net>

<net id="1433"><net_src comp="44" pin="0"/><net_sink comp="1427" pin=1"/></net>

<net id="1439"><net_src comp="20" pin="0"/><net_sink comp="1434" pin=0"/></net>

<net id="1440"><net_src comp="44" pin="0"/><net_sink comp="1434" pin=1"/></net>

<net id="1446"><net_src comp="20" pin="0"/><net_sink comp="1441" pin=0"/></net>

<net id="1447"><net_src comp="44" pin="0"/><net_sink comp="1441" pin=1"/></net>

<net id="1453"><net_src comp="22" pin="0"/><net_sink comp="1448" pin=0"/></net>

<net id="1454"><net_src comp="44" pin="0"/><net_sink comp="1448" pin=1"/></net>

<net id="1460"><net_src comp="22" pin="0"/><net_sink comp="1455" pin=0"/></net>

<net id="1461"><net_src comp="44" pin="0"/><net_sink comp="1455" pin=1"/></net>

<net id="1462"><net_src comp="1406" pin="3"/><net_sink comp="174" pin=2"/></net>

<net id="1463"><net_src comp="1420" pin="3"/><net_sink comp="184" pin=2"/></net>

<net id="1464"><net_src comp="1434" pin="3"/><net_sink comp="194" pin=2"/></net>

<net id="1465"><net_src comp="1448" pin="3"/><net_sink comp="204" pin=2"/></net>

<net id="1466"><net_src comp="1413" pin="3"/><net_sink comp="174" pin=0"/></net>

<net id="1467"><net_src comp="1427" pin="3"/><net_sink comp="184" pin=0"/></net>

<net id="1468"><net_src comp="1441" pin="3"/><net_sink comp="194" pin=0"/></net>

<net id="1469"><net_src comp="1455" pin="3"/><net_sink comp="204" pin=0"/></net>

<net id="1475"><net_src comp="0" pin="0"/><net_sink comp="1470" pin=0"/></net>

<net id="1476"><net_src comp="44" pin="0"/><net_sink comp="1470" pin=1"/></net>

<net id="1482"><net_src comp="2" pin="0"/><net_sink comp="1477" pin=0"/></net>

<net id="1483"><net_src comp="44" pin="0"/><net_sink comp="1477" pin=1"/></net>

<net id="1489"><net_src comp="4" pin="0"/><net_sink comp="1484" pin=0"/></net>

<net id="1490"><net_src comp="44" pin="0"/><net_sink comp="1484" pin=1"/></net>

<net id="1496"><net_src comp="6" pin="0"/><net_sink comp="1491" pin=0"/></net>

<net id="1497"><net_src comp="44" pin="0"/><net_sink comp="1491" pin=1"/></net>

<net id="1498"><net_src comp="1470" pin="3"/><net_sink comp="274" pin=0"/></net>

<net id="1499"><net_src comp="1477" pin="3"/><net_sink comp="284" pin=0"/></net>

<net id="1500"><net_src comp="1484" pin="3"/><net_sink comp="294" pin=0"/></net>

<net id="1501"><net_src comp="1491" pin="3"/><net_sink comp="304" pin=0"/></net>

<net id="1507"><net_src comp="0" pin="0"/><net_sink comp="1502" pin=0"/></net>

<net id="1508"><net_src comp="44" pin="0"/><net_sink comp="1502" pin=1"/></net>

<net id="1514"><net_src comp="2" pin="0"/><net_sink comp="1509" pin=0"/></net>

<net id="1515"><net_src comp="44" pin="0"/><net_sink comp="1509" pin=1"/></net>

<net id="1521"><net_src comp="4" pin="0"/><net_sink comp="1516" pin=0"/></net>

<net id="1522"><net_src comp="44" pin="0"/><net_sink comp="1516" pin=1"/></net>

<net id="1528"><net_src comp="6" pin="0"/><net_sink comp="1523" pin=0"/></net>

<net id="1529"><net_src comp="44" pin="0"/><net_sink comp="1523" pin=1"/></net>

<net id="1530"><net_src comp="1502" pin="3"/><net_sink comp="274" pin=0"/></net>

<net id="1531"><net_src comp="1509" pin="3"/><net_sink comp="284" pin=0"/></net>

<net id="1532"><net_src comp="1516" pin="3"/><net_sink comp="294" pin=0"/></net>

<net id="1533"><net_src comp="1523" pin="3"/><net_sink comp="304" pin=0"/></net>

<net id="1539"><net_src comp="16" pin="0"/><net_sink comp="1534" pin=0"/></net>

<net id="1540"><net_src comp="44" pin="0"/><net_sink comp="1534" pin=1"/></net>

<net id="1546"><net_src comp="16" pin="0"/><net_sink comp="1541" pin=0"/></net>

<net id="1547"><net_src comp="44" pin="0"/><net_sink comp="1541" pin=1"/></net>

<net id="1553"><net_src comp="18" pin="0"/><net_sink comp="1548" pin=0"/></net>

<net id="1554"><net_src comp="44" pin="0"/><net_sink comp="1548" pin=1"/></net>

<net id="1560"><net_src comp="18" pin="0"/><net_sink comp="1555" pin=0"/></net>

<net id="1561"><net_src comp="44" pin="0"/><net_sink comp="1555" pin=1"/></net>

<net id="1567"><net_src comp="20" pin="0"/><net_sink comp="1562" pin=0"/></net>

<net id="1568"><net_src comp="44" pin="0"/><net_sink comp="1562" pin=1"/></net>

<net id="1574"><net_src comp="20" pin="0"/><net_sink comp="1569" pin=0"/></net>

<net id="1575"><net_src comp="44" pin="0"/><net_sink comp="1569" pin=1"/></net>

<net id="1581"><net_src comp="22" pin="0"/><net_sink comp="1576" pin=0"/></net>

<net id="1582"><net_src comp="44" pin="0"/><net_sink comp="1576" pin=1"/></net>

<net id="1588"><net_src comp="22" pin="0"/><net_sink comp="1583" pin=0"/></net>

<net id="1589"><net_src comp="44" pin="0"/><net_sink comp="1583" pin=1"/></net>

<net id="1590"><net_src comp="1534" pin="3"/><net_sink comp="174" pin=2"/></net>

<net id="1591"><net_src comp="1548" pin="3"/><net_sink comp="184" pin=2"/></net>

<net id="1592"><net_src comp="1562" pin="3"/><net_sink comp="194" pin=2"/></net>

<net id="1593"><net_src comp="1576" pin="3"/><net_sink comp="204" pin=2"/></net>

<net id="1594"><net_src comp="1541" pin="3"/><net_sink comp="174" pin=0"/></net>

<net id="1595"><net_src comp="1555" pin="3"/><net_sink comp="184" pin=0"/></net>

<net id="1596"><net_src comp="1569" pin="3"/><net_sink comp="194" pin=0"/></net>

<net id="1597"><net_src comp="1583" pin="3"/><net_sink comp="204" pin=0"/></net>

<net id="1603"><net_src comp="0" pin="0"/><net_sink comp="1598" pin=0"/></net>

<net id="1604"><net_src comp="44" pin="0"/><net_sink comp="1598" pin=1"/></net>

<net id="1610"><net_src comp="0" pin="0"/><net_sink comp="1605" pin=0"/></net>

<net id="1611"><net_src comp="44" pin="0"/><net_sink comp="1605" pin=1"/></net>

<net id="1617"><net_src comp="2" pin="0"/><net_sink comp="1612" pin=0"/></net>

<net id="1618"><net_src comp="44" pin="0"/><net_sink comp="1612" pin=1"/></net>

<net id="1624"><net_src comp="2" pin="0"/><net_sink comp="1619" pin=0"/></net>

<net id="1625"><net_src comp="44" pin="0"/><net_sink comp="1619" pin=1"/></net>

<net id="1631"><net_src comp="4" pin="0"/><net_sink comp="1626" pin=0"/></net>

<net id="1632"><net_src comp="44" pin="0"/><net_sink comp="1626" pin=1"/></net>

<net id="1638"><net_src comp="4" pin="0"/><net_sink comp="1633" pin=0"/></net>

<net id="1639"><net_src comp="44" pin="0"/><net_sink comp="1633" pin=1"/></net>

<net id="1645"><net_src comp="6" pin="0"/><net_sink comp="1640" pin=0"/></net>

<net id="1646"><net_src comp="44" pin="0"/><net_sink comp="1640" pin=1"/></net>

<net id="1652"><net_src comp="6" pin="0"/><net_sink comp="1647" pin=0"/></net>

<net id="1653"><net_src comp="44" pin="0"/><net_sink comp="1647" pin=1"/></net>

<net id="1654"><net_src comp="1598" pin="3"/><net_sink comp="274" pin=2"/></net>

<net id="1655"><net_src comp="1612" pin="3"/><net_sink comp="284" pin=2"/></net>

<net id="1656"><net_src comp="1626" pin="3"/><net_sink comp="294" pin=2"/></net>

<net id="1657"><net_src comp="1640" pin="3"/><net_sink comp="304" pin=2"/></net>

<net id="1658"><net_src comp="1605" pin="3"/><net_sink comp="274" pin=0"/></net>

<net id="1659"><net_src comp="1619" pin="3"/><net_sink comp="284" pin=0"/></net>

<net id="1660"><net_src comp="1633" pin="3"/><net_sink comp="294" pin=0"/></net>

<net id="1661"><net_src comp="1647" pin="3"/><net_sink comp="304" pin=0"/></net>

<net id="1667"><net_src comp="0" pin="0"/><net_sink comp="1662" pin=0"/></net>

<net id="1668"><net_src comp="44" pin="0"/><net_sink comp="1662" pin=1"/></net>

<net id="1674"><net_src comp="0" pin="0"/><net_sink comp="1669" pin=0"/></net>

<net id="1675"><net_src comp="44" pin="0"/><net_sink comp="1669" pin=1"/></net>

<net id="1681"><net_src comp="2" pin="0"/><net_sink comp="1676" pin=0"/></net>

<net id="1682"><net_src comp="44" pin="0"/><net_sink comp="1676" pin=1"/></net>

<net id="1688"><net_src comp="2" pin="0"/><net_sink comp="1683" pin=0"/></net>

<net id="1689"><net_src comp="44" pin="0"/><net_sink comp="1683" pin=1"/></net>

<net id="1695"><net_src comp="4" pin="0"/><net_sink comp="1690" pin=0"/></net>

<net id="1696"><net_src comp="44" pin="0"/><net_sink comp="1690" pin=1"/></net>

<net id="1702"><net_src comp="4" pin="0"/><net_sink comp="1697" pin=0"/></net>

<net id="1703"><net_src comp="44" pin="0"/><net_sink comp="1697" pin=1"/></net>

<net id="1709"><net_src comp="6" pin="0"/><net_sink comp="1704" pin=0"/></net>

<net id="1710"><net_src comp="44" pin="0"/><net_sink comp="1704" pin=1"/></net>

<net id="1716"><net_src comp="6" pin="0"/><net_sink comp="1711" pin=0"/></net>

<net id="1717"><net_src comp="44" pin="0"/><net_sink comp="1711" pin=1"/></net>

<net id="1718"><net_src comp="1662" pin="3"/><net_sink comp="274" pin=2"/></net>

<net id="1719"><net_src comp="1676" pin="3"/><net_sink comp="284" pin=2"/></net>

<net id="1720"><net_src comp="1690" pin="3"/><net_sink comp="294" pin=2"/></net>

<net id="1721"><net_src comp="1704" pin="3"/><net_sink comp="304" pin=2"/></net>

<net id="1722"><net_src comp="1669" pin="3"/><net_sink comp="274" pin=0"/></net>

<net id="1723"><net_src comp="1683" pin="3"/><net_sink comp="284" pin=0"/></net>

<net id="1724"><net_src comp="1697" pin="3"/><net_sink comp="294" pin=0"/></net>

<net id="1725"><net_src comp="1711" pin="3"/><net_sink comp="304" pin=0"/></net>

<net id="1731"><net_src comp="14" pin="0"/><net_sink comp="1726" pin=0"/></net>

<net id="1732"><net_src comp="44" pin="0"/><net_sink comp="1726" pin=1"/></net>

<net id="1738"><net_src comp="12" pin="0"/><net_sink comp="1733" pin=0"/></net>

<net id="1739"><net_src comp="44" pin="0"/><net_sink comp="1733" pin=1"/></net>

<net id="1745"><net_src comp="10" pin="0"/><net_sink comp="1740" pin=0"/></net>

<net id="1746"><net_src comp="44" pin="0"/><net_sink comp="1740" pin=1"/></net>

<net id="1752"><net_src comp="8" pin="0"/><net_sink comp="1747" pin=0"/></net>

<net id="1753"><net_src comp="44" pin="0"/><net_sink comp="1747" pin=1"/></net>

<net id="1759"><net_src comp="1740" pin="3"/><net_sink comp="1754" pin=0"/></net>

<net id="1765"><net_src comp="1733" pin="3"/><net_sink comp="1760" pin=0"/></net>

<net id="1771"><net_src comp="1726" pin="3"/><net_sink comp="1766" pin=0"/></net>

<net id="1777"><net_src comp="1747" pin="3"/><net_sink comp="1772" pin=0"/></net>

<net id="1786"><net_src comp="58" pin="0"/><net_sink comp="1778" pin=0"/></net>

<net id="1787"><net_src comp="174" pin="7"/><net_sink comp="1778" pin=1"/></net>

<net id="1788"><net_src comp="184" pin="7"/><net_sink comp="1778" pin=2"/></net>

<net id="1789"><net_src comp="194" pin="7"/><net_sink comp="1778" pin=3"/></net>

<net id="1790"><net_src comp="204" pin="7"/><net_sink comp="1778" pin=4"/></net>

<net id="1799"><net_src comp="58" pin="0"/><net_sink comp="1791" pin=0"/></net>

<net id="1800"><net_src comp="174" pin="3"/><net_sink comp="1791" pin=1"/></net>

<net id="1801"><net_src comp="184" pin="3"/><net_sink comp="1791" pin=2"/></net>

<net id="1802"><net_src comp="194" pin="3"/><net_sink comp="1791" pin=3"/></net>

<net id="1803"><net_src comp="204" pin="3"/><net_sink comp="1791" pin=4"/></net>

<net id="1812"><net_src comp="58" pin="0"/><net_sink comp="1804" pin=0"/></net>

<net id="1813"><net_src comp="274" pin="7"/><net_sink comp="1804" pin=1"/></net>

<net id="1814"><net_src comp="284" pin="7"/><net_sink comp="1804" pin=2"/></net>

<net id="1815"><net_src comp="294" pin="7"/><net_sink comp="1804" pin=3"/></net>

<net id="1816"><net_src comp="304" pin="7"/><net_sink comp="1804" pin=4"/></net>

<net id="1825"><net_src comp="58" pin="0"/><net_sink comp="1817" pin=0"/></net>

<net id="1826"><net_src comp="274" pin="3"/><net_sink comp="1817" pin=1"/></net>

<net id="1827"><net_src comp="284" pin="3"/><net_sink comp="1817" pin=2"/></net>

<net id="1828"><net_src comp="294" pin="3"/><net_sink comp="1817" pin=3"/></net>

<net id="1829"><net_src comp="304" pin="3"/><net_sink comp="1817" pin=4"/></net>

<net id="1838"><net_src comp="58" pin="0"/><net_sink comp="1830" pin=0"/></net>

<net id="1839"><net_src comp="274" pin="7"/><net_sink comp="1830" pin=1"/></net>

<net id="1840"><net_src comp="284" pin="7"/><net_sink comp="1830" pin=2"/></net>

<net id="1841"><net_src comp="294" pin="7"/><net_sink comp="1830" pin=3"/></net>

<net id="1842"><net_src comp="304" pin="7"/><net_sink comp="1830" pin=4"/></net>

<net id="1848"><net_src comp="1830" pin="6"/><net_sink comp="1843" pin=1"/></net>

<net id="1849"><net_src comp="1804" pin="6"/><net_sink comp="1843" pin=2"/></net>

<net id="1858"><net_src comp="58" pin="0"/><net_sink comp="1850" pin=0"/></net>

<net id="1859"><net_src comp="274" pin="3"/><net_sink comp="1850" pin=1"/></net>

<net id="1860"><net_src comp="284" pin="3"/><net_sink comp="1850" pin=2"/></net>

<net id="1861"><net_src comp="294" pin="3"/><net_sink comp="1850" pin=3"/></net>

<net id="1862"><net_src comp="304" pin="3"/><net_sink comp="1850" pin=4"/></net>

<net id="1868"><net_src comp="1850" pin="6"/><net_sink comp="1863" pin=1"/></net>

<net id="1869"><net_src comp="1817" pin="6"/><net_sink comp="1863" pin=2"/></net>

<net id="1873"><net_src comp="1778" pin="6"/><net_sink comp="1870" pin=0"/></net>

<net id="1877"><net_src comp="1791" pin="6"/><net_sink comp="1874" pin=0"/></net>

<net id="1881"><net_src comp="1843" pin="3"/><net_sink comp="1878" pin=0"/></net>

<net id="1885"><net_src comp="1863" pin="3"/><net_sink comp="1882" pin=0"/></net>

<net id="1889"><net_src comp="1778" pin="6"/><net_sink comp="1886" pin=0"/></net>

<net id="1893"><net_src comp="1863" pin="3"/><net_sink comp="1890" pin=0"/></net>

<net id="1897"><net_src comp="1791" pin="6"/><net_sink comp="1894" pin=0"/></net>

<net id="1902"><net_src comp="26" pin="0"/><net_sink comp="1898" pin=0"/></net>

<net id="1907"><net_src comp="28" pin="0"/><net_sink comp="1903" pin=0"/></net>

<net id="1912"><net_src comp="28" pin="0"/><net_sink comp="1908" pin=0"/></net>

<net id="1925"><net_src comp="30" pin="0"/><net_sink comp="1919" pin=0"/></net>

<net id="1926"><net_src comp="1913" pin="1"/><net_sink comp="1919" pin=1"/></net>

<net id="1927"><net_src comp="32" pin="0"/><net_sink comp="1919" pin=2"/></net>

<net id="1928"><net_src comp="34" pin="0"/><net_sink comp="1919" pin=3"/></net>

<net id="1932"><net_src comp="1913" pin="1"/><net_sink comp="1929" pin=0"/></net>

<net id="1937"><net_src comp="1916" pin="1"/><net_sink comp="1933" pin=0"/></net>

<net id="1938"><net_src comp="36" pin="0"/><net_sink comp="1933" pin=1"/></net>

<net id="1943"><net_src comp="1916" pin="1"/><net_sink comp="1939" pin=0"/></net>

<net id="1944"><net_src comp="38" pin="0"/><net_sink comp="1939" pin=1"/></net>

<net id="1952"><net_src comp="1913" pin="1"/><net_sink comp="1948" pin=0"/></net>

<net id="1953"><net_src comp="40" pin="0"/><net_sink comp="1948" pin=1"/></net>

<net id="1958"><net_src comp="1945" pin="1"/><net_sink comp="1954" pin=0"/></net>

<net id="1959"><net_src comp="42" pin="0"/><net_sink comp="1954" pin=1"/></net>

<net id="1965"><net_src comp="1954" pin="2"/><net_sink comp="1960" pin=0"/></net>

<net id="1966"><net_src comp="28" pin="0"/><net_sink comp="1960" pin=1"/></net>

<net id="1967"><net_src comp="1945" pin="1"/><net_sink comp="1960" pin=2"/></net>

<net id="1973"><net_src comp="1954" pin="2"/><net_sink comp="1968" pin=0"/></net>

<net id="1974"><net_src comp="1948" pin="2"/><net_sink comp="1968" pin=1"/></net>

<net id="1975"><net_src comp="1913" pin="1"/><net_sink comp="1968" pin=2"/></net>

<net id="1979"><net_src comp="1968" pin="3"/><net_sink comp="1976" pin=0"/></net>

<net id="1986"><net_src comp="30" pin="0"/><net_sink comp="1980" pin=0"/></net>

<net id="1987"><net_src comp="1948" pin="2"/><net_sink comp="1980" pin=1"/></net>

<net id="1988"><net_src comp="32" pin="0"/><net_sink comp="1980" pin=2"/></net>

<net id="1989"><net_src comp="34" pin="0"/><net_sink comp="1980" pin=3"/></net>

<net id="1993"><net_src comp="1948" pin="2"/><net_sink comp="1990" pin=0"/></net>

<net id="2000"><net_src comp="30" pin="0"/><net_sink comp="1994" pin=0"/></net>

<net id="2001"><net_src comp="1960" pin="3"/><net_sink comp="1994" pin=1"/></net>

<net id="2002"><net_src comp="32" pin="0"/><net_sink comp="1994" pin=2"/></net>

<net id="2003"><net_src comp="34" pin="0"/><net_sink comp="1994" pin=3"/></net>

<net id="2007"><net_src comp="1994" pin="4"/><net_sink comp="2004" pin=0"/></net>

<net id="2008"><net_src comp="2004" pin="1"/><net_sink comp="118" pin=2"/></net>

<net id="2009"><net_src comp="2004" pin="1"/><net_sink comp="132" pin=2"/></net>

<net id="2010"><net_src comp="2004" pin="1"/><net_sink comp="146" pin=2"/></net>

<net id="2011"><net_src comp="2004" pin="1"/><net_sink comp="160" pin=2"/></net>

<net id="2017"><net_src comp="46" pin="0"/><net_sink comp="2012" pin=0"/></net>

<net id="2018"><net_src comp="48" pin="0"/><net_sink comp="2012" pin=1"/></net>

<net id="2019"><net_src comp="1994" pin="4"/><net_sink comp="2012" pin=2"/></net>

<net id="2023"><net_src comp="2012" pin="3"/><net_sink comp="2020" pin=0"/></net>

<net id="2024"><net_src comp="2020" pin="1"/><net_sink comp="125" pin=2"/></net>

<net id="2025"><net_src comp="2020" pin="1"/><net_sink comp="139" pin=2"/></net>

<net id="2026"><net_src comp="2020" pin="1"/><net_sink comp="153" pin=2"/></net>

<net id="2027"><net_src comp="2020" pin="1"/><net_sink comp="167" pin=2"/></net>

<net id="2031"><net_src comp="1960" pin="3"/><net_sink comp="2028" pin=0"/></net>

<net id="2036"><net_src comp="1960" pin="3"/><net_sink comp="2032" pin=0"/></net>

<net id="2037"><net_src comp="40" pin="0"/><net_sink comp="2032" pin=1"/></net>

<net id="2042"><net_src comp="1939" pin="2"/><net_sink comp="2038" pin=0"/></net>

<net id="2047"><net_src comp="1968" pin="3"/><net_sink comp="2043" pin=0"/></net>

<net id="2052"><net_src comp="2032" pin="2"/><net_sink comp="2048" pin=0"/></net>

<net id="2056"><net_src comp="2053" pin="1"/><net_sink comp="218" pin=2"/></net>

<net id="2057"><net_src comp="2053" pin="1"/><net_sink comp="232" pin=2"/></net>

<net id="2058"><net_src comp="2053" pin="1"/><net_sink comp="246" pin=2"/></net>

<net id="2059"><net_src comp="2053" pin="1"/><net_sink comp="260" pin=2"/></net>

<net id="2065"><net_src comp="46" pin="0"/><net_sink comp="2060" pin=0"/></net>

<net id="2066"><net_src comp="48" pin="0"/><net_sink comp="2060" pin=1"/></net>

<net id="2070"><net_src comp="2060" pin="3"/><net_sink comp="2067" pin=0"/></net>

<net id="2071"><net_src comp="2067" pin="1"/><net_sink comp="225" pin=2"/></net>

<net id="2072"><net_src comp="2067" pin="1"/><net_sink comp="239" pin=2"/></net>

<net id="2073"><net_src comp="2067" pin="1"/><net_sink comp="253" pin=2"/></net>

<net id="2074"><net_src comp="2067" pin="1"/><net_sink comp="267" pin=2"/></net>

<net id="2078"><net_src comp="2075" pin="1"/><net_sink comp="318" pin=2"/></net>

<net id="2079"><net_src comp="2075" pin="1"/><net_sink comp="332" pin=2"/></net>

<net id="2080"><net_src comp="2075" pin="1"/><net_sink comp="346" pin=2"/></net>

<net id="2081"><net_src comp="2075" pin="1"/><net_sink comp="360" pin=2"/></net>

<net id="2087"><net_src comp="46" pin="0"/><net_sink comp="2082" pin=0"/></net>

<net id="2088"><net_src comp="48" pin="0"/><net_sink comp="2082" pin=1"/></net>

<net id="2092"><net_src comp="2082" pin="3"/><net_sink comp="2089" pin=0"/></net>

<net id="2093"><net_src comp="2089" pin="1"/><net_sink comp="325" pin=2"/></net>

<net id="2094"><net_src comp="2089" pin="1"/><net_sink comp="339" pin=2"/></net>

<net id="2095"><net_src comp="2089" pin="1"/><net_sink comp="353" pin=2"/></net>

<net id="2096"><net_src comp="2089" pin="1"/><net_sink comp="367" pin=2"/></net>

<net id="2102"><net_src comp="56" pin="0"/><net_sink comp="2097" pin=0"/></net>

<net id="2103"><net_src comp="54" pin="0"/><net_sink comp="2097" pin=1"/></net>

<net id="2107"><net_src comp="2097" pin="3"/><net_sink comp="2104" pin=0"/></net>

<net id="2108"><net_src comp="2104" pin="1"/><net_sink comp="382" pin=2"/></net>

<net id="2109"><net_src comp="2104" pin="1"/><net_sink comp="396" pin=2"/></net>

<net id="2110"><net_src comp="2104" pin="1"/><net_sink comp="410" pin=2"/></net>

<net id="2111"><net_src comp="2104" pin="1"/><net_sink comp="424" pin=2"/></net>

<net id="2118"><net_src comp="2112" pin="1"/><net_sink comp="2115" pin=0"/></net>

<net id="2119"><net_src comp="2115" pin="1"/><net_sink comp="389" pin=2"/></net>

<net id="2120"><net_src comp="2115" pin="1"/><net_sink comp="403" pin=2"/></net>

<net id="2121"><net_src comp="2115" pin="1"/><net_sink comp="417" pin=2"/></net>

<net id="2122"><net_src comp="2115" pin="1"/><net_sink comp="431" pin=2"/></net>

<net id="2128"><net_src comp="56" pin="0"/><net_sink comp="2123" pin=0"/></net>

<net id="2129"><net_src comp="54" pin="0"/><net_sink comp="2123" pin=1"/></net>

<net id="2133"><net_src comp="2123" pin="3"/><net_sink comp="2130" pin=0"/></net>

<net id="2134"><net_src comp="2130" pin="1"/><net_sink comp="446" pin=2"/></net>

<net id="2135"><net_src comp="2130" pin="1"/><net_sink comp="460" pin=2"/></net>

<net id="2136"><net_src comp="2130" pin="1"/><net_sink comp="474" pin=2"/></net>

<net id="2137"><net_src comp="2130" pin="1"/><net_sink comp="488" pin=2"/></net>

<net id="2144"><net_src comp="2138" pin="1"/><net_sink comp="2141" pin=0"/></net>

<net id="2145"><net_src comp="2141" pin="1"/><net_sink comp="453" pin=2"/></net>

<net id="2146"><net_src comp="2141" pin="1"/><net_sink comp="467" pin=2"/></net>

<net id="2147"><net_src comp="2141" pin="1"/><net_sink comp="481" pin=2"/></net>

<net id="2148"><net_src comp="2141" pin="1"/><net_sink comp="495" pin=2"/></net>

<net id="2154"><net_src comp="56" pin="0"/><net_sink comp="2149" pin=0"/></net>

<net id="2155"><net_src comp="54" pin="0"/><net_sink comp="2149" pin=1"/></net>

<net id="2159"><net_src comp="2149" pin="3"/><net_sink comp="2156" pin=0"/></net>

<net id="2160"><net_src comp="2156" pin="1"/><net_sink comp="510" pin=2"/></net>

<net id="2161"><net_src comp="2156" pin="1"/><net_sink comp="524" pin=2"/></net>

<net id="2162"><net_src comp="2156" pin="1"/><net_sink comp="538" pin=2"/></net>

<net id="2163"><net_src comp="2156" pin="1"/><net_sink comp="552" pin=2"/></net>

<net id="2170"><net_src comp="2164" pin="1"/><net_sink comp="2167" pin=0"/></net>

<net id="2171"><net_src comp="2167" pin="1"/><net_sink comp="517" pin=2"/></net>

<net id="2172"><net_src comp="2167" pin="1"/><net_sink comp="531" pin=2"/></net>

<net id="2173"><net_src comp="2167" pin="1"/><net_sink comp="545" pin=2"/></net>

<net id="2174"><net_src comp="2167" pin="1"/><net_sink comp="559" pin=2"/></net>

<net id="2183"><net_src comp="60" pin="0"/><net_sink comp="2178" pin=0"/></net>

<net id="2184"><net_src comp="48" pin="0"/><net_sink comp="2178" pin=1"/></net>

<net id="2185"><net_src comp="2175" pin="1"/><net_sink comp="2178" pin=2"/></net>

<net id="2189"><net_src comp="2178" pin="3"/><net_sink comp="2186" pin=0"/></net>

<net id="2190"><net_src comp="2186" pin="1"/><net_sink comp="574" pin=2"/></net>

<net id="2191"><net_src comp="2186" pin="1"/><net_sink comp="588" pin=2"/></net>

<net id="2192"><net_src comp="2186" pin="1"/><net_sink comp="602" pin=2"/></net>

<net id="2193"><net_src comp="2186" pin="1"/><net_sink comp="616" pin=2"/></net>

<net id="2199"><net_src comp="62" pin="0"/><net_sink comp="2194" pin=0"/></net>

<net id="2200"><net_src comp="64" pin="0"/><net_sink comp="2194" pin=1"/></net>

<net id="2204"><net_src comp="2194" pin="3"/><net_sink comp="2201" pin=0"/></net>

<net id="2205"><net_src comp="2201" pin="1"/><net_sink comp="581" pin=2"/></net>

<net id="2206"><net_src comp="2201" pin="1"/><net_sink comp="595" pin=2"/></net>

<net id="2207"><net_src comp="2201" pin="1"/><net_sink comp="609" pin=2"/></net>

<net id="2208"><net_src comp="2201" pin="1"/><net_sink comp="623" pin=2"/></net>

<net id="2217"><net_src comp="60" pin="0"/><net_sink comp="2212" pin=0"/></net>

<net id="2218"><net_src comp="48" pin="0"/><net_sink comp="2212" pin=1"/></net>

<net id="2219"><net_src comp="2209" pin="1"/><net_sink comp="2212" pin=2"/></net>

<net id="2223"><net_src comp="2212" pin="3"/><net_sink comp="2220" pin=0"/></net>

<net id="2224"><net_src comp="2220" pin="1"/><net_sink comp="638" pin=2"/></net>

<net id="2225"><net_src comp="2220" pin="1"/><net_sink comp="652" pin=2"/></net>

<net id="2226"><net_src comp="2220" pin="1"/><net_sink comp="666" pin=2"/></net>

<net id="2227"><net_src comp="2220" pin="1"/><net_sink comp="680" pin=2"/></net>

<net id="2233"><net_src comp="62" pin="0"/><net_sink comp="2228" pin=0"/></net>

<net id="2234"><net_src comp="64" pin="0"/><net_sink comp="2228" pin=1"/></net>

<net id="2238"><net_src comp="2228" pin="3"/><net_sink comp="2235" pin=0"/></net>

<net id="2239"><net_src comp="2235" pin="1"/><net_sink comp="645" pin=2"/></net>

<net id="2240"><net_src comp="2235" pin="1"/><net_sink comp="659" pin=2"/></net>

<net id="2241"><net_src comp="2235" pin="1"/><net_sink comp="673" pin=2"/></net>

<net id="2242"><net_src comp="2235" pin="1"/><net_sink comp="687" pin=2"/></net>

<net id="2251"><net_src comp="60" pin="0"/><net_sink comp="2246" pin=0"/></net>

<net id="2252"><net_src comp="48" pin="0"/><net_sink comp="2246" pin=1"/></net>

<net id="2253"><net_src comp="2243" pin="1"/><net_sink comp="2246" pin=2"/></net>

<net id="2257"><net_src comp="2246" pin="3"/><net_sink comp="2254" pin=0"/></net>

<net id="2258"><net_src comp="2254" pin="1"/><net_sink comp="702" pin=2"/></net>

<net id="2259"><net_src comp="2254" pin="1"/><net_sink comp="716" pin=2"/></net>

<net id="2260"><net_src comp="2254" pin="1"/><net_sink comp="730" pin=2"/></net>

<net id="2261"><net_src comp="2254" pin="1"/><net_sink comp="744" pin=2"/></net>

<net id="2267"><net_src comp="62" pin="0"/><net_sink comp="2262" pin=0"/></net>

<net id="2268"><net_src comp="64" pin="0"/><net_sink comp="2262" pin=1"/></net>

<net id="2272"><net_src comp="2262" pin="3"/><net_sink comp="2269" pin=0"/></net>

<net id="2273"><net_src comp="2269" pin="1"/><net_sink comp="709" pin=2"/></net>

<net id="2274"><net_src comp="2269" pin="1"/><net_sink comp="723" pin=2"/></net>

<net id="2275"><net_src comp="2269" pin="1"/><net_sink comp="737" pin=2"/></net>

<net id="2276"><net_src comp="2269" pin="1"/><net_sink comp="751" pin=2"/></net>

<net id="2280"><net_src comp="1878" pin="1"/><net_sink comp="2277" pin=0"/></net>

<net id="2287"><net_src comp="2281" pin="1"/><net_sink comp="2284" pin=0"/></net>

<net id="2288"><net_src comp="2284" pin="1"/><net_sink comp="766" pin=2"/></net>

<net id="2289"><net_src comp="2284" pin="1"/><net_sink comp="780" pin=2"/></net>

<net id="2290"><net_src comp="2284" pin="1"/><net_sink comp="794" pin=2"/></net>

<net id="2291"><net_src comp="2284" pin="1"/><net_sink comp="808" pin=2"/></net>

<net id="2298"><net_src comp="2292" pin="1"/><net_sink comp="2295" pin=0"/></net>

<net id="2299"><net_src comp="2295" pin="1"/><net_sink comp="773" pin=2"/></net>

<net id="2300"><net_src comp="2295" pin="1"/><net_sink comp="787" pin=2"/></net>

<net id="2301"><net_src comp="2295" pin="1"/><net_sink comp="801" pin=2"/></net>

<net id="2302"><net_src comp="2295" pin="1"/><net_sink comp="815" pin=2"/></net>

<net id="2306"><net_src comp="1870" pin="1"/><net_sink comp="2303" pin=0"/></net>

<net id="2313"><net_src comp="2307" pin="1"/><net_sink comp="2310" pin=0"/></net>

<net id="2314"><net_src comp="2310" pin="1"/><net_sink comp="830" pin=2"/></net>

<net id="2315"><net_src comp="2310" pin="1"/><net_sink comp="844" pin=2"/></net>

<net id="2316"><net_src comp="2310" pin="1"/><net_sink comp="858" pin=2"/></net>

<net id="2317"><net_src comp="2310" pin="1"/><net_sink comp="872" pin=2"/></net>

<net id="2324"><net_src comp="2318" pin="1"/><net_sink comp="2321" pin=0"/></net>

<net id="2325"><net_src comp="2321" pin="1"/><net_sink comp="837" pin=2"/></net>

<net id="2326"><net_src comp="2321" pin="1"/><net_sink comp="851" pin=2"/></net>

<net id="2327"><net_src comp="2321" pin="1"/><net_sink comp="865" pin=2"/></net>

<net id="2328"><net_src comp="2321" pin="1"/><net_sink comp="879" pin=2"/></net>

<net id="2335"><net_src comp="2329" pin="1"/><net_sink comp="2332" pin=0"/></net>

<net id="2336"><net_src comp="2332" pin="1"/><net_sink comp="894" pin=2"/></net>

<net id="2337"><net_src comp="2332" pin="1"/><net_sink comp="908" pin=2"/></net>

<net id="2338"><net_src comp="2332" pin="1"/><net_sink comp="922" pin=2"/></net>

<net id="2339"><net_src comp="2332" pin="1"/><net_sink comp="936" pin=2"/></net>

<net id="2346"><net_src comp="2340" pin="1"/><net_sink comp="2343" pin=0"/></net>

<net id="2347"><net_src comp="2343" pin="1"/><net_sink comp="901" pin=2"/></net>

<net id="2348"><net_src comp="2343" pin="1"/><net_sink comp="915" pin=2"/></net>

<net id="2349"><net_src comp="2343" pin="1"/><net_sink comp="929" pin=2"/></net>

<net id="2350"><net_src comp="2343" pin="1"/><net_sink comp="943" pin=2"/></net>

<net id="2354"><net_src comp="1882" pin="1"/><net_sink comp="2351" pin=0"/></net>

<net id="2360"><net_src comp="66" pin="0"/><net_sink comp="2355" pin=0"/></net>

<net id="2361"><net_src comp="54" pin="0"/><net_sink comp="2355" pin=1"/></net>

<net id="2365"><net_src comp="2355" pin="3"/><net_sink comp="2362" pin=0"/></net>

<net id="2366"><net_src comp="2362" pin="1"/><net_sink comp="958" pin=2"/></net>

<net id="2367"><net_src comp="2362" pin="1"/><net_sink comp="972" pin=2"/></net>

<net id="2368"><net_src comp="2362" pin="1"/><net_sink comp="986" pin=2"/></net>

<net id="2369"><net_src comp="2362" pin="1"/><net_sink comp="1000" pin=2"/></net>

<net id="2375"><net_src comp="68" pin="0"/><net_sink comp="2370" pin=0"/></net>

<net id="2376"><net_src comp="70" pin="0"/><net_sink comp="2370" pin=1"/></net>

<net id="2380"><net_src comp="2370" pin="3"/><net_sink comp="2377" pin=0"/></net>

<net id="2381"><net_src comp="2377" pin="1"/><net_sink comp="965" pin=2"/></net>

<net id="2382"><net_src comp="2377" pin="1"/><net_sink comp="979" pin=2"/></net>

<net id="2383"><net_src comp="2377" pin="1"/><net_sink comp="993" pin=2"/></net>

<net id="2384"><net_src comp="2377" pin="1"/><net_sink comp="1007" pin=2"/></net>

<net id="2388"><net_src comp="1874" pin="1"/><net_sink comp="2385" pin=0"/></net>

<net id="2394"><net_src comp="66" pin="0"/><net_sink comp="2389" pin=0"/></net>

<net id="2395"><net_src comp="54" pin="0"/><net_sink comp="2389" pin=1"/></net>

<net id="2399"><net_src comp="2389" pin="3"/><net_sink comp="2396" pin=0"/></net>

<net id="2400"><net_src comp="2396" pin="1"/><net_sink comp="1022" pin=2"/></net>

<net id="2401"><net_src comp="2396" pin="1"/><net_sink comp="1036" pin=2"/></net>

<net id="2402"><net_src comp="2396" pin="1"/><net_sink comp="1050" pin=2"/></net>

<net id="2403"><net_src comp="2396" pin="1"/><net_sink comp="1064" pin=2"/></net>

<net id="2409"><net_src comp="68" pin="0"/><net_sink comp="2404" pin=0"/></net>

<net id="2410"><net_src comp="70" pin="0"/><net_sink comp="2404" pin=1"/></net>

<net id="2414"><net_src comp="2404" pin="3"/><net_sink comp="2411" pin=0"/></net>

<net id="2415"><net_src comp="2411" pin="1"/><net_sink comp="1029" pin=2"/></net>

<net id="2416"><net_src comp="2411" pin="1"/><net_sink comp="1043" pin=2"/></net>

<net id="2417"><net_src comp="2411" pin="1"/><net_sink comp="1057" pin=2"/></net>

<net id="2418"><net_src comp="2411" pin="1"/><net_sink comp="1071" pin=2"/></net>

<net id="2424"><net_src comp="66" pin="0"/><net_sink comp="2419" pin=0"/></net>

<net id="2425"><net_src comp="54" pin="0"/><net_sink comp="2419" pin=1"/></net>

<net id="2429"><net_src comp="2419" pin="3"/><net_sink comp="2426" pin=0"/></net>

<net id="2430"><net_src comp="2426" pin="1"/><net_sink comp="1086" pin=2"/></net>

<net id="2431"><net_src comp="2426" pin="1"/><net_sink comp="1100" pin=2"/></net>

<net id="2432"><net_src comp="2426" pin="1"/><net_sink comp="1114" pin=2"/></net>

<net id="2433"><net_src comp="2426" pin="1"/><net_sink comp="1128" pin=2"/></net>

<net id="2439"><net_src comp="68" pin="0"/><net_sink comp="2434" pin=0"/></net>

<net id="2440"><net_src comp="70" pin="0"/><net_sink comp="2434" pin=1"/></net>

<net id="2444"><net_src comp="2434" pin="3"/><net_sink comp="2441" pin=0"/></net>

<net id="2445"><net_src comp="2441" pin="1"/><net_sink comp="1093" pin=2"/></net>

<net id="2446"><net_src comp="2441" pin="1"/><net_sink comp="1107" pin=2"/></net>

<net id="2447"><net_src comp="2441" pin="1"/><net_sink comp="1121" pin=2"/></net>

<net id="2448"><net_src comp="2441" pin="1"/><net_sink comp="1135" pin=2"/></net>

<net id="2452"><net_src comp="1878" pin="1"/><net_sink comp="2449" pin=0"/></net>

<net id="2458"><net_src comp="68" pin="0"/><net_sink comp="2453" pin=0"/></net>

<net id="2459"><net_src comp="72" pin="0"/><net_sink comp="2453" pin=1"/></net>

<net id="2463"><net_src comp="2453" pin="3"/><net_sink comp="2460" pin=0"/></net>

<net id="2464"><net_src comp="2460" pin="1"/><net_sink comp="1150" pin=2"/></net>

<net id="2465"><net_src comp="2460" pin="1"/><net_sink comp="1157" pin=2"/></net>

<net id="2466"><net_src comp="2460" pin="1"/><net_sink comp="1164" pin=2"/></net>

<net id="2467"><net_src comp="2460" pin="1"/><net_sink comp="1171" pin=2"/></net>

<net id="2471"><net_src comp="1886" pin="1"/><net_sink comp="2468" pin=0"/></net>

<net id="2477"><net_src comp="68" pin="0"/><net_sink comp="2472" pin=0"/></net>

<net id="2478"><net_src comp="72" pin="0"/><net_sink comp="2472" pin=1"/></net>

<net id="2482"><net_src comp="2472" pin="3"/><net_sink comp="2479" pin=0"/></net>

<net id="2483"><net_src comp="2479" pin="1"/><net_sink comp="1182" pin=2"/></net>

<net id="2484"><net_src comp="2479" pin="1"/><net_sink comp="1196" pin=2"/></net>

<net id="2485"><net_src comp="2479" pin="1"/><net_sink comp="1210" pin=2"/></net>

<net id="2486"><net_src comp="2479" pin="1"/><net_sink comp="1224" pin=2"/></net>

<net id="2492"><net_src comp="68" pin="0"/><net_sink comp="2487" pin=0"/></net>

<net id="2493"><net_src comp="74" pin="0"/><net_sink comp="2487" pin=1"/></net>

<net id="2497"><net_src comp="2487" pin="3"/><net_sink comp="2494" pin=0"/></net>

<net id="2498"><net_src comp="2494" pin="1"/><net_sink comp="1189" pin=2"/></net>

<net id="2499"><net_src comp="2494" pin="1"/><net_sink comp="1203" pin=2"/></net>

<net id="2500"><net_src comp="2494" pin="1"/><net_sink comp="1217" pin=2"/></net>

<net id="2501"><net_src comp="2494" pin="1"/><net_sink comp="1231" pin=2"/></net>

<net id="2507"><net_src comp="68" pin="0"/><net_sink comp="2502" pin=0"/></net>

<net id="2508"><net_src comp="72" pin="0"/><net_sink comp="2502" pin=1"/></net>

<net id="2512"><net_src comp="2502" pin="3"/><net_sink comp="2509" pin=0"/></net>

<net id="2513"><net_src comp="2509" pin="1"/><net_sink comp="1246" pin=2"/></net>

<net id="2514"><net_src comp="2509" pin="1"/><net_sink comp="1260" pin=2"/></net>

<net id="2515"><net_src comp="2509" pin="1"/><net_sink comp="1274" pin=2"/></net>

<net id="2516"><net_src comp="2509" pin="1"/><net_sink comp="1288" pin=2"/></net>

<net id="2522"><net_src comp="68" pin="0"/><net_sink comp="2517" pin=0"/></net>

<net id="2523"><net_src comp="74" pin="0"/><net_sink comp="2517" pin=1"/></net>

<net id="2527"><net_src comp="2517" pin="3"/><net_sink comp="2524" pin=0"/></net>

<net id="2528"><net_src comp="2524" pin="1"/><net_sink comp="1253" pin=2"/></net>

<net id="2529"><net_src comp="2524" pin="1"/><net_sink comp="1267" pin=2"/></net>

<net id="2530"><net_src comp="2524" pin="1"/><net_sink comp="1281" pin=2"/></net>

<net id="2531"><net_src comp="2524" pin="1"/><net_sink comp="1295" pin=2"/></net>

<net id="2535"><net_src comp="1890" pin="1"/><net_sink comp="2532" pin=0"/></net>

<net id="2542"><net_src comp="76" pin="0"/><net_sink comp="2536" pin=0"/></net>

<net id="2543"><net_src comp="78" pin="0"/><net_sink comp="2536" pin=2"/></net>

<net id="2544"><net_src comp="80" pin="0"/><net_sink comp="2536" pin=3"/></net>

<net id="2550"><net_src comp="82" pin="0"/><net_sink comp="2545" pin=0"/></net>

<net id="2551"><net_src comp="2536" pin="4"/><net_sink comp="2545" pin=1"/></net>

<net id="2552"><net_src comp="84" pin="0"/><net_sink comp="2545" pin=2"/></net>

<net id="2562"><net_src comp="2556" pin="1"/><net_sink comp="2559" pin=0"/></net>

<net id="2563"><net_src comp="2559" pin="1"/><net_sink comp="1310" pin=2"/></net>

<net id="2564"><net_src comp="2559" pin="1"/><net_sink comp="1317" pin=2"/></net>

<net id="2565"><net_src comp="2559" pin="1"/><net_sink comp="1324" pin=2"/></net>

<net id="2566"><net_src comp="2559" pin="1"/><net_sink comp="1331" pin=2"/></net>

<net id="2573"><net_src comp="2567" pin="1"/><net_sink comp="2570" pin=0"/></net>

<net id="2574"><net_src comp="2570" pin="1"/><net_sink comp="1342" pin=2"/></net>

<net id="2575"><net_src comp="2570" pin="1"/><net_sink comp="1349" pin=2"/></net>

<net id="2576"><net_src comp="2570" pin="1"/><net_sink comp="1356" pin=2"/></net>

<net id="2577"><net_src comp="2570" pin="1"/><net_sink comp="1363" pin=2"/></net>

<net id="2587"><net_src comp="76" pin="0"/><net_sink comp="2581" pin=0"/></net>

<net id="2588"><net_src comp="78" pin="0"/><net_sink comp="2581" pin=2"/></net>

<net id="2589"><net_src comp="80" pin="0"/><net_sink comp="2581" pin=3"/></net>

<net id="2595"><net_src comp="82" pin="0"/><net_sink comp="2590" pin=0"/></net>

<net id="2596"><net_src comp="2581" pin="4"/><net_sink comp="2590" pin=1"/></net>

<net id="2597"><net_src comp="84" pin="0"/><net_sink comp="2590" pin=2"/></net>

<net id="2601"><net_src comp="1870" pin="1"/><net_sink comp="2598" pin=0"/></net>

<net id="2605"><net_src comp="1882" pin="1"/><net_sink comp="2602" pin=0"/></net>

<net id="2612"><net_src comp="76" pin="0"/><net_sink comp="2606" pin=0"/></net>

<net id="2613"><net_src comp="78" pin="0"/><net_sink comp="2606" pin=2"/></net>

<net id="2614"><net_src comp="80" pin="0"/><net_sink comp="2606" pin=3"/></net>

<net id="2620"><net_src comp="82" pin="0"/><net_sink comp="2615" pin=0"/></net>

<net id="2621"><net_src comp="2606" pin="4"/><net_sink comp="2615" pin=1"/></net>

<net id="2622"><net_src comp="84" pin="0"/><net_sink comp="2615" pin=2"/></net>

<net id="2626"><net_src comp="1894" pin="1"/><net_sink comp="2623" pin=0"/></net>

<net id="2630"><net_src comp="1878" pin="1"/><net_sink comp="2627" pin=0"/></net>

<net id="2637"><net_src comp="76" pin="0"/><net_sink comp="2631" pin=0"/></net>

<net id="2638"><net_src comp="78" pin="0"/><net_sink comp="2631" pin=2"/></net>

<net id="2639"><net_src comp="80" pin="0"/><net_sink comp="2631" pin=3"/></net>

<net id="2645"><net_src comp="82" pin="0"/><net_sink comp="2640" pin=0"/></net>

<net id="2646"><net_src comp="2631" pin="4"/><net_sink comp="2640" pin=1"/></net>

<net id="2647"><net_src comp="84" pin="0"/><net_sink comp="2640" pin=2"/></net>

<net id="2660"><net_src comp="76" pin="0"/><net_sink comp="2654" pin=0"/></net>

<net id="2661"><net_src comp="78" pin="0"/><net_sink comp="2654" pin=2"/></net>

<net id="2662"><net_src comp="80" pin="0"/><net_sink comp="2654" pin=3"/></net>

<net id="2668"><net_src comp="82" pin="0"/><net_sink comp="2663" pin=0"/></net>

<net id="2669"><net_src comp="2654" pin="4"/><net_sink comp="2663" pin=1"/></net>

<net id="2670"><net_src comp="84" pin="0"/><net_sink comp="2663" pin=2"/></net>

<net id="2683"><net_src comp="76" pin="0"/><net_sink comp="2677" pin=0"/></net>

<net id="2684"><net_src comp="78" pin="0"/><net_sink comp="2677" pin=2"/></net>

<net id="2685"><net_src comp="80" pin="0"/><net_sink comp="2677" pin=3"/></net>

<net id="2691"><net_src comp="82" pin="0"/><net_sink comp="2686" pin=0"/></net>

<net id="2692"><net_src comp="2677" pin="4"/><net_sink comp="2686" pin=1"/></net>

<net id="2693"><net_src comp="84" pin="0"/><net_sink comp="2686" pin=2"/></net>

<net id="2706"><net_src comp="76" pin="0"/><net_sink comp="2700" pin=0"/></net>

<net id="2707"><net_src comp="78" pin="0"/><net_sink comp="2700" pin=2"/></net>

<net id="2708"><net_src comp="80" pin="0"/><net_sink comp="2700" pin=3"/></net>

<net id="2714"><net_src comp="82" pin="0"/><net_sink comp="2709" pin=0"/></net>

<net id="2715"><net_src comp="2700" pin="4"/><net_sink comp="2709" pin=1"/></net>

<net id="2716"><net_src comp="84" pin="0"/><net_sink comp="2709" pin=2"/></net>

<net id="2728"><net_src comp="68" pin="0"/><net_sink comp="2723" pin=0"/></net>

<net id="2729"><net_src comp="74" pin="0"/><net_sink comp="2723" pin=1"/></net>

<net id="2733"><net_src comp="2723" pin="3"/><net_sink comp="2730" pin=0"/></net>

<net id="2734"><net_src comp="2730" pin="1"/><net_sink comp="1374" pin=2"/></net>

<net id="2735"><net_src comp="2730" pin="1"/><net_sink comp="1381" pin=2"/></net>

<net id="2736"><net_src comp="2730" pin="1"/><net_sink comp="1388" pin=2"/></net>

<net id="2737"><net_src comp="2730" pin="1"/><net_sink comp="1395" pin=2"/></net>

<net id="2744"><net_src comp="76" pin="0"/><net_sink comp="2738" pin=0"/></net>

<net id="2745"><net_src comp="78" pin="0"/><net_sink comp="2738" pin=2"/></net>

<net id="2746"><net_src comp="80" pin="0"/><net_sink comp="2738" pin=3"/></net>

<net id="2752"><net_src comp="82" pin="0"/><net_sink comp="2747" pin=0"/></net>

<net id="2753"><net_src comp="2738" pin="4"/><net_sink comp="2747" pin=1"/></net>

<net id="2754"><net_src comp="84" pin="0"/><net_sink comp="2747" pin=2"/></net>

<net id="2767"><net_src comp="2761" pin="1"/><net_sink comp="2764" pin=0"/></net>

<net id="2768"><net_src comp="2764" pin="1"/><net_sink comp="1406" pin=2"/></net>

<net id="2769"><net_src comp="2764" pin="1"/><net_sink comp="1420" pin=2"/></net>

<net id="2770"><net_src comp="2764" pin="1"/><net_sink comp="1434" pin=2"/></net>

<net id="2771"><net_src comp="2764" pin="1"/><net_sink comp="1448" pin=2"/></net>

<net id="2778"><net_src comp="2772" pin="1"/><net_sink comp="2775" pin=0"/></net>

<net id="2779"><net_src comp="2775" pin="1"/><net_sink comp="1413" pin=2"/></net>

<net id="2780"><net_src comp="2775" pin="1"/><net_sink comp="1427" pin=2"/></net>

<net id="2781"><net_src comp="2775" pin="1"/><net_sink comp="1441" pin=2"/></net>

<net id="2782"><net_src comp="2775" pin="1"/><net_sink comp="1455" pin=2"/></net>

<net id="2789"><net_src comp="76" pin="0"/><net_sink comp="2783" pin=0"/></net>

<net id="2790"><net_src comp="78" pin="0"/><net_sink comp="2783" pin=2"/></net>

<net id="2791"><net_src comp="80" pin="0"/><net_sink comp="2783" pin=3"/></net>

<net id="2797"><net_src comp="82" pin="0"/><net_sink comp="2792" pin=0"/></net>

<net id="2798"><net_src comp="2783" pin="4"/><net_sink comp="2792" pin=1"/></net>

<net id="2799"><net_src comp="84" pin="0"/><net_sink comp="2792" pin=2"/></net>

<net id="2803"><net_src comp="1791" pin="6"/><net_sink comp="2800" pin=0"/></net>

<net id="2810"><net_src comp="2804" pin="1"/><net_sink comp="2807" pin=0"/></net>

<net id="2811"><net_src comp="2807" pin="1"/><net_sink comp="1470" pin=2"/></net>

<net id="2812"><net_src comp="2807" pin="1"/><net_sink comp="1477" pin=2"/></net>

<net id="2813"><net_src comp="2807" pin="1"/><net_sink comp="1484" pin=2"/></net>

<net id="2814"><net_src comp="2807" pin="1"/><net_sink comp="1491" pin=2"/></net>

<net id="2821"><net_src comp="2815" pin="1"/><net_sink comp="2818" pin=0"/></net>

<net id="2822"><net_src comp="2818" pin="1"/><net_sink comp="1502" pin=2"/></net>

<net id="2823"><net_src comp="2818" pin="1"/><net_sink comp="1509" pin=2"/></net>

<net id="2824"><net_src comp="2818" pin="1"/><net_sink comp="1516" pin=2"/></net>

<net id="2825"><net_src comp="2818" pin="1"/><net_sink comp="1523" pin=2"/></net>

<net id="2835"><net_src comp="2829" pin="1"/><net_sink comp="2832" pin=0"/></net>

<net id="2836"><net_src comp="2832" pin="1"/><net_sink comp="1534" pin=2"/></net>

<net id="2837"><net_src comp="2832" pin="1"/><net_sink comp="1548" pin=2"/></net>

<net id="2838"><net_src comp="2832" pin="1"/><net_sink comp="1562" pin=2"/></net>

<net id="2839"><net_src comp="2832" pin="1"/><net_sink comp="1576" pin=2"/></net>

<net id="2846"><net_src comp="2840" pin="1"/><net_sink comp="2843" pin=0"/></net>

<net id="2847"><net_src comp="2843" pin="1"/><net_sink comp="1541" pin=2"/></net>

<net id="2848"><net_src comp="2843" pin="1"/><net_sink comp="1555" pin=2"/></net>

<net id="2849"><net_src comp="2843" pin="1"/><net_sink comp="1569" pin=2"/></net>

<net id="2850"><net_src comp="2843" pin="1"/><net_sink comp="1583" pin=2"/></net>

<net id="2857"><net_src comp="76" pin="0"/><net_sink comp="2851" pin=0"/></net>

<net id="2858"><net_src comp="78" pin="0"/><net_sink comp="2851" pin=2"/></net>

<net id="2859"><net_src comp="80" pin="0"/><net_sink comp="2851" pin=3"/></net>

<net id="2865"><net_src comp="82" pin="0"/><net_sink comp="2860" pin=0"/></net>

<net id="2866"><net_src comp="2851" pin="4"/><net_sink comp="2860" pin=1"/></net>

<net id="2867"><net_src comp="84" pin="0"/><net_sink comp="2860" pin=2"/></net>

<net id="2871"><net_src comp="1778" pin="6"/><net_sink comp="2868" pin=0"/></net>

<net id="2878"><net_src comp="2872" pin="1"/><net_sink comp="2875" pin=0"/></net>

<net id="2879"><net_src comp="2875" pin="1"/><net_sink comp="1598" pin=2"/></net>

<net id="2880"><net_src comp="2875" pin="1"/><net_sink comp="1612" pin=2"/></net>

<net id="2881"><net_src comp="2875" pin="1"/><net_sink comp="1626" pin=2"/></net>

<net id="2882"><net_src comp="2875" pin="1"/><net_sink comp="1640" pin=2"/></net>

<net id="2889"><net_src comp="2883" pin="1"/><net_sink comp="2886" pin=0"/></net>

<net id="2890"><net_src comp="2886" pin="1"/><net_sink comp="1605" pin=2"/></net>

<net id="2891"><net_src comp="2886" pin="1"/><net_sink comp="1619" pin=2"/></net>

<net id="2892"><net_src comp="2886" pin="1"/><net_sink comp="1633" pin=2"/></net>

<net id="2893"><net_src comp="2886" pin="1"/><net_sink comp="1647" pin=2"/></net>

<net id="2900"><net_src comp="2894" pin="1"/><net_sink comp="2897" pin=0"/></net>

<net id="2901"><net_src comp="2897" pin="1"/><net_sink comp="1662" pin=2"/></net>

<net id="2902"><net_src comp="2897" pin="1"/><net_sink comp="1676" pin=2"/></net>

<net id="2903"><net_src comp="2897" pin="1"/><net_sink comp="1690" pin=2"/></net>

<net id="2904"><net_src comp="2897" pin="1"/><net_sink comp="1704" pin=2"/></net>

<net id="2911"><net_src comp="2905" pin="1"/><net_sink comp="2908" pin=0"/></net>

<net id="2912"><net_src comp="2908" pin="1"/><net_sink comp="1669" pin=2"/></net>

<net id="2913"><net_src comp="2908" pin="1"/><net_sink comp="1683" pin=2"/></net>

<net id="2914"><net_src comp="2908" pin="1"/><net_sink comp="1697" pin=2"/></net>

<net id="2915"><net_src comp="2908" pin="1"/><net_sink comp="1711" pin=2"/></net>

<net id="2919"><net_src comp="1863" pin="3"/><net_sink comp="2916" pin=0"/></net>

<net id="2926"><net_src comp="76" pin="0"/><net_sink comp="2920" pin=0"/></net>

<net id="2927"><net_src comp="78" pin="0"/><net_sink comp="2920" pin=2"/></net>

<net id="2928"><net_src comp="80" pin="0"/><net_sink comp="2920" pin=3"/></net>

<net id="2934"><net_src comp="82" pin="0"/><net_sink comp="2929" pin=0"/></net>

<net id="2935"><net_src comp="2920" pin="4"/><net_sink comp="2929" pin=1"/></net>

<net id="2936"><net_src comp="84" pin="0"/><net_sink comp="2929" pin=2"/></net>

<net id="2940"><net_src comp="1874" pin="1"/><net_sink comp="2937" pin=0"/></net>

<net id="2947"><net_src comp="76" pin="0"/><net_sink comp="2941" pin=0"/></net>

<net id="2948"><net_src comp="78" pin="0"/><net_sink comp="2941" pin=2"/></net>

<net id="2949"><net_src comp="80" pin="0"/><net_sink comp="2941" pin=3"/></net>

<net id="2955"><net_src comp="82" pin="0"/><net_sink comp="2950" pin=0"/></net>

<net id="2956"><net_src comp="2941" pin="4"/><net_sink comp="2950" pin=1"/></net>

<net id="2957"><net_src comp="84" pin="0"/><net_sink comp="2950" pin=2"/></net>

<net id="2961"><net_src comp="1878" pin="1"/><net_sink comp="2958" pin=0"/></net>

<net id="2968"><net_src comp="76" pin="0"/><net_sink comp="2962" pin=0"/></net>

<net id="2969"><net_src comp="78" pin="0"/><net_sink comp="2962" pin=2"/></net>

<net id="2970"><net_src comp="80" pin="0"/><net_sink comp="2962" pin=3"/></net>

<net id="2976"><net_src comp="82" pin="0"/><net_sink comp="2971" pin=0"/></net>

<net id="2977"><net_src comp="2962" pin="4"/><net_sink comp="2971" pin=1"/></net>

<net id="2978"><net_src comp="84" pin="0"/><net_sink comp="2971" pin=2"/></net>

<net id="2982"><net_src comp="1886" pin="1"/><net_sink comp="2979" pin=0"/></net>

<net id="2986"><net_src comp="1890" pin="1"/><net_sink comp="2983" pin=0"/></net>

<net id="2993"><net_src comp="76" pin="0"/><net_sink comp="2987" pin=0"/></net>

<net id="2994"><net_src comp="78" pin="0"/><net_sink comp="2987" pin=2"/></net>

<net id="2995"><net_src comp="80" pin="0"/><net_sink comp="2987" pin=3"/></net>

<net id="2999"><net_src comp="1894" pin="1"/><net_sink comp="2996" pin=0"/></net>

<net id="3005"><net_src comp="82" pin="0"/><net_sink comp="3000" pin=0"/></net>

<net id="3006"><net_src comp="84" pin="0"/><net_sink comp="3000" pin=2"/></net>

<net id="3013"><net_src comp="76" pin="0"/><net_sink comp="3007" pin=0"/></net>

<net id="3014"><net_src comp="78" pin="0"/><net_sink comp="3007" pin=2"/></net>

<net id="3015"><net_src comp="80" pin="0"/><net_sink comp="3007" pin=3"/></net>

<net id="3021"><net_src comp="82" pin="0"/><net_sink comp="3016" pin=0"/></net>

<net id="3022"><net_src comp="3007" pin="4"/><net_sink comp="3016" pin=1"/></net>

<net id="3023"><net_src comp="84" pin="0"/><net_sink comp="3016" pin=2"/></net>

<net id="3029"><net_src comp="68" pin="0"/><net_sink comp="3024" pin=0"/></net>

<net id="3033"><net_src comp="3024" pin="3"/><net_sink comp="3030" pin=0"/></net>

<net id="3034"><net_src comp="3030" pin="1"/><net_sink comp="1726" pin=2"/></net>

<net id="3035"><net_src comp="3030" pin="1"/><net_sink comp="1733" pin=2"/></net>

<net id="3036"><net_src comp="3030" pin="1"/><net_sink comp="1740" pin=2"/></net>

<net id="3037"><net_src comp="3030" pin="1"/><net_sink comp="1747" pin=2"/></net>

<net id="3044"><net_src comp="102" pin="0"/><net_sink comp="3038" pin=0"/></net>

<net id="3045"><net_src comp="104" pin="0"/><net_sink comp="3038" pin=2"/></net>

<net id="3046"><net_src comp="80" pin="0"/><net_sink comp="3038" pin=3"/></net>

<net id="3047"><net_src comp="3038" pin="4"/><net_sink comp="1754" pin=1"/></net>

<net id="3048"><net_src comp="3038" pin="4"/><net_sink comp="1760" pin=1"/></net>

<net id="3049"><net_src comp="3038" pin="4"/><net_sink comp="1766" pin=1"/></net>

<net id="3050"><net_src comp="3038" pin="4"/><net_sink comp="1772" pin=1"/></net>

<net id="3055"><net_src comp="2303" pin="1"/><net_sink comp="3051" pin=0"/></net>

<net id="3056"><net_src comp="2277" pin="1"/><net_sink comp="3051" pin=1"/></net>

<net id="3057"><net_src comp="3051" pin="2"/><net_sink comp="2536" pin=1"/></net>

<net id="3063"><net_src comp="2385" pin="1"/><net_sink comp="3058" pin=0"/></net>

<net id="3064"><net_src comp="2351" pin="1"/><net_sink comp="3058" pin=1"/></net>

<net id="3065"><net_src comp="2545" pin="3"/><net_sink comp="3058" pin=2"/></net>

<net id="3066"><net_src comp="3058" pin="3"/><net_sink comp="2581" pin=1"/></net>

<net id="3072"><net_src comp="2468" pin="1"/><net_sink comp="3067" pin=0"/></net>

<net id="3073"><net_src comp="2449" pin="1"/><net_sink comp="3067" pin=1"/></net>

<net id="3074"><net_src comp="2590" pin="3"/><net_sink comp="3067" pin=2"/></net>

<net id="3075"><net_src comp="3067" pin="3"/><net_sink comp="2606" pin=1"/></net>

<net id="3081"><net_src comp="2553" pin="1"/><net_sink comp="3076" pin=0"/></net>

<net id="3082"><net_src comp="2532" pin="1"/><net_sink comp="3076" pin=1"/></net>

<net id="3083"><net_src comp="2615" pin="3"/><net_sink comp="3076" pin=2"/></net>

<net id="3084"><net_src comp="3076" pin="3"/><net_sink comp="2631" pin=1"/></net>

<net id="3090"><net_src comp="2598" pin="1"/><net_sink comp="3085" pin=0"/></net>

<net id="3091"><net_src comp="2578" pin="1"/><net_sink comp="3085" pin=1"/></net>

<net id="3092"><net_src comp="2640" pin="3"/><net_sink comp="3085" pin=2"/></net>

<net id="3093"><net_src comp="3085" pin="3"/><net_sink comp="2654" pin=1"/></net>

<net id="3099"><net_src comp="2623" pin="1"/><net_sink comp="3094" pin=0"/></net>

<net id="3100"><net_src comp="2602" pin="1"/><net_sink comp="3094" pin=1"/></net>

<net id="3101"><net_src comp="2663" pin="3"/><net_sink comp="3094" pin=2"/></net>

<net id="3102"><net_src comp="3094" pin="3"/><net_sink comp="2677" pin=1"/></net>

<net id="3108"><net_src comp="2648" pin="1"/><net_sink comp="3103" pin=0"/></net>

<net id="3109"><net_src comp="2627" pin="1"/><net_sink comp="3103" pin=1"/></net>

<net id="3110"><net_src comp="2686" pin="3"/><net_sink comp="3103" pin=2"/></net>

<net id="3111"><net_src comp="3103" pin="3"/><net_sink comp="2700" pin=1"/></net>

<net id="3117"><net_src comp="2671" pin="1"/><net_sink comp="3112" pin=0"/></net>

<net id="3118"><net_src comp="2651" pin="1"/><net_sink comp="3112" pin=1"/></net>

<net id="3119"><net_src comp="2709" pin="3"/><net_sink comp="3112" pin=2"/></net>

<net id="3120"><net_src comp="3112" pin="3"/><net_sink comp="2738" pin=1"/></net>

<net id="3126"><net_src comp="2694" pin="1"/><net_sink comp="3121" pin=0"/></net>

<net id="3127"><net_src comp="2674" pin="1"/><net_sink comp="3121" pin=1"/></net>

<net id="3128"><net_src comp="2747" pin="3"/><net_sink comp="3121" pin=2"/></net>

<net id="3129"><net_src comp="3121" pin="3"/><net_sink comp="2783" pin=1"/></net>

<net id="3135"><net_src comp="2717" pin="1"/><net_sink comp="3130" pin=0"/></net>

<net id="3136"><net_src comp="2697" pin="1"/><net_sink comp="3130" pin=1"/></net>

<net id="3137"><net_src comp="2792" pin="3"/><net_sink comp="3130" pin=2"/></net>

<net id="3138"><net_src comp="3130" pin="3"/><net_sink comp="2851" pin=1"/></net>

<net id="3144"><net_src comp="2755" pin="1"/><net_sink comp="3139" pin=0"/></net>

<net id="3145"><net_src comp="2720" pin="1"/><net_sink comp="3139" pin=1"/></net>

<net id="3146"><net_src comp="2860" pin="3"/><net_sink comp="3139" pin=2"/></net>

<net id="3147"><net_src comp="3139" pin="3"/><net_sink comp="2920" pin=1"/></net>

<net id="3153"><net_src comp="2800" pin="1"/><net_sink comp="3148" pin=0"/></net>

<net id="3154"><net_src comp="2758" pin="1"/><net_sink comp="3148" pin=1"/></net>

<net id="3155"><net_src comp="2929" pin="3"/><net_sink comp="3148" pin=2"/></net>

<net id="3156"><net_src comp="3148" pin="3"/><net_sink comp="2941" pin=1"/></net>

<net id="3162"><net_src comp="2868" pin="1"/><net_sink comp="3157" pin=0"/></net>

<net id="3163"><net_src comp="2826" pin="1"/><net_sink comp="3157" pin=1"/></net>

<net id="3164"><net_src comp="2950" pin="3"/><net_sink comp="3157" pin=2"/></net>

<net id="3165"><net_src comp="3157" pin="3"/><net_sink comp="2962" pin=1"/></net>

<net id="3171"><net_src comp="2937" pin="1"/><net_sink comp="3166" pin=0"/></net>

<net id="3172"><net_src comp="2916" pin="1"/><net_sink comp="3166" pin=1"/></net>

<net id="3173"><net_src comp="2971" pin="3"/><net_sink comp="3166" pin=2"/></net>

<net id="3174"><net_src comp="3166" pin="3"/><net_sink comp="2987" pin=1"/></net>

<net id="3180"><net_src comp="2979" pin="1"/><net_sink comp="3175" pin=0"/></net>

<net id="3181"><net_src comp="2958" pin="1"/><net_sink comp="3175" pin=1"/></net>

<net id="3182"><net_src comp="3000" pin="3"/><net_sink comp="3175" pin=2"/></net>

<net id="3183"><net_src comp="3175" pin="3"/><net_sink comp="3007" pin=1"/></net>

<net id="3189"><net_src comp="2996" pin="1"/><net_sink comp="3184" pin=0"/></net>

<net id="3190"><net_src comp="2983" pin="1"/><net_sink comp="3184" pin=1"/></net>

<net id="3191"><net_src comp="3016" pin="3"/><net_sink comp="3184" pin=2"/></net>

<net id="3192"><net_src comp="3184" pin="3"/><net_sink comp="3038" pin=1"/></net>

<net id="3196"><net_src comp="106" pin="1"/><net_sink comp="3193" pin=0"/></net>

<net id="3197"><net_src comp="3193" pin="1"/><net_sink comp="1908" pin=1"/></net>

<net id="3198"><net_src comp="3193" pin="1"/><net_sink comp="1945" pin=0"/></net>

<net id="3199"><net_src comp="3193" pin="1"/><net_sink comp="2048" pin=1"/></net>

<net id="3203"><net_src comp="110" pin="1"/><net_sink comp="3200" pin=0"/></net>

<net id="3204"><net_src comp="3200" pin="1"/><net_sink comp="1903" pin=1"/></net>

<net id="3205"><net_src comp="3200" pin="1"/><net_sink comp="1913" pin=0"/></net>

<net id="3206"><net_src comp="3200" pin="1"/><net_sink comp="2043" pin=1"/></net>

<net id="3210"><net_src comp="114" pin="1"/><net_sink comp="3207" pin=0"/></net>

<net id="3211"><net_src comp="3207" pin="1"/><net_sink comp="1898" pin=1"/></net>

<net id="3212"><net_src comp="3207" pin="1"/><net_sink comp="1916" pin=0"/></net>

<net id="3213"><net_src comp="3207" pin="1"/><net_sink comp="2038" pin=1"/></net>

<net id="3217"><net_src comp="1919" pin="4"/><net_sink comp="3214" pin=0"/></net>

<net id="3218"><net_src comp="3214" pin="1"/><net_sink comp="2053" pin=0"/></net>

<net id="3219"><net_src comp="3214" pin="1"/><net_sink comp="2060" pin=2"/></net>

<net id="3220"><net_src comp="3214" pin="1"/><net_sink comp="2123" pin=2"/></net>

<net id="3221"><net_src comp="3214" pin="1"/><net_sink comp="2209" pin=0"/></net>

<net id="3222"><net_src comp="3214" pin="1"/><net_sink comp="2228" pin=2"/></net>

<net id="3223"><net_src comp="3214" pin="1"/><net_sink comp="2404" pin=2"/></net>

<net id="3224"><net_src comp="3214" pin="1"/><net_sink comp="2472" pin=2"/></net>

<net id="3225"><net_src comp="3214" pin="1"/><net_sink comp="2487" pin=2"/></net>

<net id="3229"><net_src comp="1929" pin="1"/><net_sink comp="3226" pin=0"/></net>

<net id="3230"><net_src comp="3226" pin="1"/><net_sink comp="1804" pin=5"/></net>

<net id="3231"><net_src comp="3226" pin="1"/><net_sink comp="1817" pin=5"/></net>

<net id="3235"><net_src comp="1933" pin="2"/><net_sink comp="3232" pin=0"/></net>

<net id="3239"><net_src comp="1954" pin="2"/><net_sink comp="3236" pin=0"/></net>

<net id="3240"><net_src comp="3236" pin="1"/><net_sink comp="1843" pin=0"/></net>

<net id="3241"><net_src comp="3236" pin="1"/><net_sink comp="1863" pin=0"/></net>

<net id="3245"><net_src comp="1976" pin="1"/><net_sink comp="3242" pin=0"/></net>

<net id="3246"><net_src comp="3242" pin="1"/><net_sink comp="3024" pin=1"/></net>

<net id="3250"><net_src comp="1980" pin="4"/><net_sink comp="3247" pin=0"/></net>

<net id="3251"><net_src comp="3247" pin="1"/><net_sink comp="2075" pin=0"/></net>

<net id="3252"><net_src comp="3247" pin="1"/><net_sink comp="2082" pin=2"/></net>

<net id="3253"><net_src comp="3247" pin="1"/><net_sink comp="2149" pin=2"/></net>

<net id="3254"><net_src comp="3247" pin="1"/><net_sink comp="2243" pin=0"/></net>

<net id="3255"><net_src comp="3247" pin="1"/><net_sink comp="2262" pin=2"/></net>

<net id="3256"><net_src comp="3247" pin="1"/><net_sink comp="2434" pin=2"/></net>

<net id="3257"><net_src comp="3247" pin="1"/><net_sink comp="2502" pin=2"/></net>

<net id="3258"><net_src comp="3247" pin="1"/><net_sink comp="2517" pin=2"/></net>

<net id="3262"><net_src comp="1990" pin="1"/><net_sink comp="3259" pin=0"/></net>

<net id="3263"><net_src comp="3259" pin="1"/><net_sink comp="1830" pin=5"/></net>

<net id="3264"><net_src comp="3259" pin="1"/><net_sink comp="1850" pin=5"/></net>

<net id="3268"><net_src comp="1994" pin="4"/><net_sink comp="3265" pin=0"/></net>

<net id="3269"><net_src comp="3265" pin="1"/><net_sink comp="2097" pin=2"/></net>

<net id="3270"><net_src comp="3265" pin="1"/><net_sink comp="2175" pin=0"/></net>

<net id="3271"><net_src comp="3265" pin="1"/><net_sink comp="2194" pin=2"/></net>

<net id="3272"><net_src comp="3265" pin="1"/><net_sink comp="2370" pin=2"/></net>

<net id="3273"><net_src comp="3265" pin="1"/><net_sink comp="2453" pin=2"/></net>

<net id="3274"><net_src comp="3265" pin="1"/><net_sink comp="2723" pin=2"/></net>

<net id="3275"><net_src comp="3265" pin="1"/><net_sink comp="3024" pin=2"/></net>

<net id="3279"><net_src comp="118" pin="3"/><net_sink comp="3276" pin=0"/></net>

<net id="3280"><net_src comp="3276" pin="1"/><net_sink comp="174" pin=2"/></net>

<net id="3284"><net_src comp="2012" pin="3"/><net_sink comp="3281" pin=0"/></net>

<net id="3285"><net_src comp="3281" pin="1"/><net_sink comp="2112" pin=0"/></net>

<net id="3286"><net_src comp="3281" pin="1"/><net_sink comp="2292" pin=0"/></net>

<net id="3287"><net_src comp="3281" pin="1"/><net_sink comp="2840" pin=0"/></net>

<net id="3291"><net_src comp="125" pin="3"/><net_sink comp="3288" pin=0"/></net>

<net id="3292"><net_src comp="3288" pin="1"/><net_sink comp="174" pin=0"/></net>

<net id="3296"><net_src comp="132" pin="3"/><net_sink comp="3293" pin=0"/></net>

<net id="3297"><net_src comp="3293" pin="1"/><net_sink comp="184" pin=2"/></net>

<net id="3301"><net_src comp="139" pin="3"/><net_sink comp="3298" pin=0"/></net>

<net id="3302"><net_src comp="3298" pin="1"/><net_sink comp="184" pin=0"/></net>

<net id="3306"><net_src comp="146" pin="3"/><net_sink comp="3303" pin=0"/></net>

<net id="3307"><net_src comp="3303" pin="1"/><net_sink comp="194" pin=2"/></net>

<net id="3311"><net_src comp="153" pin="3"/><net_sink comp="3308" pin=0"/></net>

<net id="3312"><net_src comp="3308" pin="1"/><net_sink comp="194" pin=0"/></net>

<net id="3316"><net_src comp="160" pin="3"/><net_sink comp="3313" pin=0"/></net>

<net id="3317"><net_src comp="3313" pin="1"/><net_sink comp="204" pin=2"/></net>

<net id="3321"><net_src comp="167" pin="3"/><net_sink comp="3318" pin=0"/></net>

<net id="3322"><net_src comp="3318" pin="1"/><net_sink comp="204" pin=0"/></net>

<net id="3326"><net_src comp="2028" pin="1"/><net_sink comp="3323" pin=0"/></net>

<net id="3327"><net_src comp="3323" pin="1"/><net_sink comp="1778" pin=5"/></net>

<net id="3328"><net_src comp="3323" pin="1"/><net_sink comp="1791" pin=5"/></net>

<net id="3332"><net_src comp="218" pin="3"/><net_sink comp="3329" pin=0"/></net>

<net id="3333"><net_src comp="3329" pin="1"/><net_sink comp="274" pin=2"/></net>

<net id="3337"><net_src comp="2060" pin="3"/><net_sink comp="3334" pin=0"/></net>

<net id="3338"><net_src comp="3334" pin="1"/><net_sink comp="2138" pin=0"/></net>

<net id="3339"><net_src comp="3334" pin="1"/><net_sink comp="2318" pin=0"/></net>

<net id="3340"><net_src comp="3334" pin="1"/><net_sink comp="2883" pin=0"/></net>

<net id="3344"><net_src comp="225" pin="3"/><net_sink comp="3341" pin=0"/></net>

<net id="3345"><net_src comp="3341" pin="1"/><net_sink comp="274" pin=0"/></net>

<net id="3349"><net_src comp="232" pin="3"/><net_sink comp="3346" pin=0"/></net>

<net id="3350"><net_src comp="3346" pin="1"/><net_sink comp="284" pin=2"/></net>

<net id="3354"><net_src comp="239" pin="3"/><net_sink comp="3351" pin=0"/></net>

<net id="3355"><net_src comp="3351" pin="1"/><net_sink comp="284" pin=0"/></net>

<net id="3359"><net_src comp="246" pin="3"/><net_sink comp="3356" pin=0"/></net>

<net id="3360"><net_src comp="3356" pin="1"/><net_sink comp="294" pin=2"/></net>

<net id="3364"><net_src comp="253" pin="3"/><net_sink comp="3361" pin=0"/></net>

<net id="3365"><net_src comp="3361" pin="1"/><net_sink comp="294" pin=0"/></net>

<net id="3369"><net_src comp="260" pin="3"/><net_sink comp="3366" pin=0"/></net>

<net id="3370"><net_src comp="3366" pin="1"/><net_sink comp="304" pin=2"/></net>

<net id="3374"><net_src comp="267" pin="3"/><net_sink comp="3371" pin=0"/></net>

<net id="3375"><net_src comp="3371" pin="1"/><net_sink comp="304" pin=0"/></net>

<net id="3379"><net_src comp="318" pin="3"/><net_sink comp="3376" pin=0"/></net>

<net id="3380"><net_src comp="3376" pin="1"/><net_sink comp="274" pin=2"/></net>

<net id="3384"><net_src comp="2082" pin="3"/><net_sink comp="3381" pin=0"/></net>

<net id="3385"><net_src comp="3381" pin="1"/><net_sink comp="2164" pin=0"/></net>

<net id="3386"><net_src comp="3381" pin="1"/><net_sink comp="2340" pin=0"/></net>

<net id="3387"><net_src comp="3381" pin="1"/><net_sink comp="2905" pin=0"/></net>

<net id="3391"><net_src comp="325" pin="3"/><net_sink comp="3388" pin=0"/></net>

<net id="3392"><net_src comp="3388" pin="1"/><net_sink comp="274" pin=0"/></net>

<net id="3396"><net_src comp="332" pin="3"/><net_sink comp="3393" pin=0"/></net>

<net id="3397"><net_src comp="3393" pin="1"/><net_sink comp="284" pin=2"/></net>

<net id="3401"><net_src comp="339" pin="3"/><net_sink comp="3398" pin=0"/></net>

<net id="3402"><net_src comp="3398" pin="1"/><net_sink comp="284" pin=0"/></net>

<net id="3406"><net_src comp="346" pin="3"/><net_sink comp="3403" pin=0"/></net>

<net id="3407"><net_src comp="3403" pin="1"/><net_sink comp="294" pin=2"/></net>

<net id="3411"><net_src comp="353" pin="3"/><net_sink comp="3408" pin=0"/></net>

<net id="3412"><net_src comp="3408" pin="1"/><net_sink comp="294" pin=0"/></net>

<net id="3416"><net_src comp="360" pin="3"/><net_sink comp="3413" pin=0"/></net>

<net id="3417"><net_src comp="3413" pin="1"/><net_sink comp="304" pin=2"/></net>

<net id="3421"><net_src comp="367" pin="3"/><net_sink comp="3418" pin=0"/></net>

<net id="3422"><net_src comp="3418" pin="1"/><net_sink comp="304" pin=0"/></net>

<net id="3426"><net_src comp="2097" pin="3"/><net_sink comp="3423" pin=0"/></net>

<net id="3427"><net_src comp="3423" pin="1"/><net_sink comp="2281" pin=0"/></net>

<net id="3428"><net_src comp="3423" pin="1"/><net_sink comp="2829" pin=0"/></net>

<net id="3432"><net_src comp="382" pin="3"/><net_sink comp="3429" pin=0"/></net>

<net id="3433"><net_src comp="3429" pin="1"/><net_sink comp="174" pin=2"/></net>

<net id="3437"><net_src comp="389" pin="3"/><net_sink comp="3434" pin=0"/></net>

<net id="3438"><net_src comp="3434" pin="1"/><net_sink comp="174" pin=0"/></net>

<net id="3442"><net_src comp="396" pin="3"/><net_sink comp="3439" pin=0"/></net>

<net id="3443"><net_src comp="3439" pin="1"/><net_sink comp="184" pin=2"/></net>

<net id="3447"><net_src comp="403" pin="3"/><net_sink comp="3444" pin=0"/></net>

<net id="3448"><net_src comp="3444" pin="1"/><net_sink comp="184" pin=0"/></net>

<net id="3452"><net_src comp="410" pin="3"/><net_sink comp="3449" pin=0"/></net>

<net id="3453"><net_src comp="3449" pin="1"/><net_sink comp="194" pin=2"/></net>

<net id="3457"><net_src comp="417" pin="3"/><net_sink comp="3454" pin=0"/></net>

<net id="3458"><net_src comp="3454" pin="1"/><net_sink comp="194" pin=0"/></net>

<net id="3462"><net_src comp="424" pin="3"/><net_sink comp="3459" pin=0"/></net>

<net id="3463"><net_src comp="3459" pin="1"/><net_sink comp="204" pin=2"/></net>

<net id="3467"><net_src comp="431" pin="3"/><net_sink comp="3464" pin=0"/></net>

<net id="3468"><net_src comp="3464" pin="1"/><net_sink comp="204" pin=0"/></net>

<net id="3472"><net_src comp="2123" pin="3"/><net_sink comp="3469" pin=0"/></net>

<net id="3473"><net_src comp="3469" pin="1"/><net_sink comp="2307" pin=0"/></net>

<net id="3474"><net_src comp="3469" pin="1"/><net_sink comp="2872" pin=0"/></net>

<net id="3478"><net_src comp="446" pin="3"/><net_sink comp="3475" pin=0"/></net>

<net id="3479"><net_src comp="3475" pin="1"/><net_sink comp="274" pin=2"/></net>

<net id="3483"><net_src comp="453" pin="3"/><net_sink comp="3480" pin=0"/></net>

<net id="3484"><net_src comp="3480" pin="1"/><net_sink comp="274" pin=0"/></net>

<net id="3488"><net_src comp="460" pin="3"/><net_sink comp="3485" pin=0"/></net>

<net id="3489"><net_src comp="3485" pin="1"/><net_sink comp="284" pin=2"/></net>

<net id="3493"><net_src comp="467" pin="3"/><net_sink comp="3490" pin=0"/></net>

<net id="3494"><net_src comp="3490" pin="1"/><net_sink comp="284" pin=0"/></net>

<net id="3498"><net_src comp="474" pin="3"/><net_sink comp="3495" pin=0"/></net>

<net id="3499"><net_src comp="3495" pin="1"/><net_sink comp="294" pin=2"/></net>

<net id="3503"><net_src comp="481" pin="3"/><net_sink comp="3500" pin=0"/></net>

<net id="3504"><net_src comp="3500" pin="1"/><net_sink comp="294" pin=0"/></net>

<net id="3508"><net_src comp="488" pin="3"/><net_sink comp="3505" pin=0"/></net>

<net id="3509"><net_src comp="3505" pin="1"/><net_sink comp="304" pin=2"/></net>

<net id="3513"><net_src comp="495" pin="3"/><net_sink comp="3510" pin=0"/></net>

<net id="3514"><net_src comp="3510" pin="1"/><net_sink comp="304" pin=0"/></net>

<net id="3518"><net_src comp="2149" pin="3"/><net_sink comp="3515" pin=0"/></net>

<net id="3519"><net_src comp="3515" pin="1"/><net_sink comp="2329" pin=0"/></net>

<net id="3520"><net_src comp="3515" pin="1"/><net_sink comp="2894" pin=0"/></net>

<net id="3524"><net_src comp="510" pin="3"/><net_sink comp="3521" pin=0"/></net>

<net id="3525"><net_src comp="3521" pin="1"/><net_sink comp="274" pin=2"/></net>

<net id="3529"><net_src comp="517" pin="3"/><net_sink comp="3526" pin=0"/></net>

<net id="3530"><net_src comp="3526" pin="1"/><net_sink comp="274" pin=0"/></net>

<net id="3534"><net_src comp="524" pin="3"/><net_sink comp="3531" pin=0"/></net>

<net id="3535"><net_src comp="3531" pin="1"/><net_sink comp="284" pin=2"/></net>

<net id="3539"><net_src comp="531" pin="3"/><net_sink comp="3536" pin=0"/></net>

<net id="3540"><net_src comp="3536" pin="1"/><net_sink comp="284" pin=0"/></net>

<net id="3544"><net_src comp="538" pin="3"/><net_sink comp="3541" pin=0"/></net>

<net id="3545"><net_src comp="3541" pin="1"/><net_sink comp="294" pin=2"/></net>

<net id="3549"><net_src comp="545" pin="3"/><net_sink comp="3546" pin=0"/></net>

<net id="3550"><net_src comp="3546" pin="1"/><net_sink comp="294" pin=0"/></net>

<net id="3554"><net_src comp="552" pin="3"/><net_sink comp="3551" pin=0"/></net>

<net id="3555"><net_src comp="3551" pin="1"/><net_sink comp="304" pin=2"/></net>

<net id="3559"><net_src comp="559" pin="3"/><net_sink comp="3556" pin=0"/></net>

<net id="3560"><net_src comp="3556" pin="1"/><net_sink comp="304" pin=0"/></net>

<net id="3564"><net_src comp="2175" pin="1"/><net_sink comp="3561" pin=0"/></net>

<net id="3565"><net_src comp="3561" pin="1"/><net_sink comp="2355" pin=2"/></net>

<net id="3569"><net_src comp="2178" pin="3"/><net_sink comp="3566" pin=0"/></net>

<net id="3570"><net_src comp="3566" pin="1"/><net_sink comp="2761" pin=0"/></net>

<net id="3574"><net_src comp="574" pin="3"/><net_sink comp="3571" pin=0"/></net>

<net id="3575"><net_src comp="3571" pin="1"/><net_sink comp="174" pin=2"/></net>

<net id="3579"><net_src comp="2194" pin="3"/><net_sink comp="3576" pin=0"/></net>

<net id="3580"><net_src comp="3576" pin="1"/><net_sink comp="2772" pin=0"/></net>

<net id="3584"><net_src comp="581" pin="3"/><net_sink comp="3581" pin=0"/></net>

<net id="3585"><net_src comp="3581" pin="1"/><net_sink comp="174" pin=0"/></net>

<net id="3589"><net_src comp="588" pin="3"/><net_sink comp="3586" pin=0"/></net>

<net id="3590"><net_src comp="3586" pin="1"/><net_sink comp="184" pin=2"/></net>

<net id="3594"><net_src comp="595" pin="3"/><net_sink comp="3591" pin=0"/></net>

<net id="3595"><net_src comp="3591" pin="1"/><net_sink comp="184" pin=0"/></net>

<net id="3599"><net_src comp="602" pin="3"/><net_sink comp="3596" pin=0"/></net>

<net id="3600"><net_src comp="3596" pin="1"/><net_sink comp="194" pin=2"/></net>

<net id="3604"><net_src comp="609" pin="3"/><net_sink comp="3601" pin=0"/></net>

<net id="3605"><net_src comp="3601" pin="1"/><net_sink comp="194" pin=0"/></net>

<net id="3609"><net_src comp="616" pin="3"/><net_sink comp="3606" pin=0"/></net>

<net id="3610"><net_src comp="3606" pin="1"/><net_sink comp="204" pin=2"/></net>

<net id="3614"><net_src comp="623" pin="3"/><net_sink comp="3611" pin=0"/></net>

<net id="3615"><net_src comp="3611" pin="1"/><net_sink comp="204" pin=0"/></net>

<net id="3619"><net_src comp="1791" pin="6"/><net_sink comp="3616" pin=0"/></net>

<net id="3620"><net_src comp="3616" pin="1"/><net_sink comp="2553" pin=0"/></net>

<net id="3624"><net_src comp="2209" pin="1"/><net_sink comp="3621" pin=0"/></net>

<net id="3625"><net_src comp="3621" pin="1"/><net_sink comp="2389" pin=2"/></net>

<net id="3629"><net_src comp="2212" pin="3"/><net_sink comp="3626" pin=0"/></net>

<net id="3630"><net_src comp="3626" pin="1"/><net_sink comp="2556" pin=0"/></net>

<net id="3634"><net_src comp="638" pin="3"/><net_sink comp="3631" pin=0"/></net>

<net id="3635"><net_src comp="3631" pin="1"/><net_sink comp="274" pin=2"/></net>

<net id="3639"><net_src comp="2228" pin="3"/><net_sink comp="3636" pin=0"/></net>

<net id="3640"><net_src comp="3636" pin="1"/><net_sink comp="2804" pin=0"/></net>

<net id="3644"><net_src comp="645" pin="3"/><net_sink comp="3641" pin=0"/></net>

<net id="3645"><net_src comp="3641" pin="1"/><net_sink comp="274" pin=0"/></net>

<net id="3649"><net_src comp="652" pin="3"/><net_sink comp="3646" pin=0"/></net>

<net id="3650"><net_src comp="3646" pin="1"/><net_sink comp="284" pin=2"/></net>

<net id="3654"><net_src comp="659" pin="3"/><net_sink comp="3651" pin=0"/></net>

<net id="3655"><net_src comp="3651" pin="1"/><net_sink comp="284" pin=0"/></net>

<net id="3659"><net_src comp="666" pin="3"/><net_sink comp="3656" pin=0"/></net>

<net id="3660"><net_src comp="3656" pin="1"/><net_sink comp="294" pin=2"/></net>

<net id="3664"><net_src comp="673" pin="3"/><net_sink comp="3661" pin=0"/></net>

<net id="3665"><net_src comp="3661" pin="1"/><net_sink comp="294" pin=0"/></net>

<net id="3669"><net_src comp="680" pin="3"/><net_sink comp="3666" pin=0"/></net>

<net id="3670"><net_src comp="3666" pin="1"/><net_sink comp="304" pin=2"/></net>

<net id="3674"><net_src comp="687" pin="3"/><net_sink comp="3671" pin=0"/></net>

<net id="3675"><net_src comp="3671" pin="1"/><net_sink comp="304" pin=0"/></net>

<net id="3679"><net_src comp="2243" pin="1"/><net_sink comp="3676" pin=0"/></net>

<net id="3680"><net_src comp="3676" pin="1"/><net_sink comp="2419" pin=2"/></net>

<net id="3684"><net_src comp="2246" pin="3"/><net_sink comp="3681" pin=0"/></net>

<net id="3685"><net_src comp="3681" pin="1"/><net_sink comp="2567" pin=0"/></net>

<net id="3689"><net_src comp="702" pin="3"/><net_sink comp="3686" pin=0"/></net>

<net id="3690"><net_src comp="3686" pin="1"/><net_sink comp="274" pin=2"/></net>

<net id="3694"><net_src comp="2262" pin="3"/><net_sink comp="3691" pin=0"/></net>

<net id="3695"><net_src comp="3691" pin="1"/><net_sink comp="2815" pin=0"/></net>

<net id="3699"><net_src comp="709" pin="3"/><net_sink comp="3696" pin=0"/></net>

<net id="3700"><net_src comp="3696" pin="1"/><net_sink comp="274" pin=0"/></net>

<net id="3704"><net_src comp="716" pin="3"/><net_sink comp="3701" pin=0"/></net>

<net id="3705"><net_src comp="3701" pin="1"/><net_sink comp="284" pin=2"/></net>

<net id="3709"><net_src comp="723" pin="3"/><net_sink comp="3706" pin=0"/></net>

<net id="3710"><net_src comp="3706" pin="1"/><net_sink comp="284" pin=0"/></net>

<net id="3714"><net_src comp="730" pin="3"/><net_sink comp="3711" pin=0"/></net>

<net id="3715"><net_src comp="3711" pin="1"/><net_sink comp="294" pin=2"/></net>

<net id="3719"><net_src comp="737" pin="3"/><net_sink comp="3716" pin=0"/></net>

<net id="3720"><net_src comp="3716" pin="1"/><net_sink comp="294" pin=0"/></net>

<net id="3724"><net_src comp="744" pin="3"/><net_sink comp="3721" pin=0"/></net>

<net id="3725"><net_src comp="3721" pin="1"/><net_sink comp="304" pin=2"/></net>

<net id="3729"><net_src comp="751" pin="3"/><net_sink comp="3726" pin=0"/></net>

<net id="3730"><net_src comp="3726" pin="1"/><net_sink comp="304" pin=0"/></net>

<net id="3734"><net_src comp="2277" pin="1"/><net_sink comp="3731" pin=0"/></net>

<net id="3735"><net_src comp="3731" pin="1"/><net_sink comp="3051" pin=1"/></net>

<net id="3739"><net_src comp="766" pin="3"/><net_sink comp="3736" pin=0"/></net>

<net id="3740"><net_src comp="3736" pin="1"/><net_sink comp="174" pin=2"/></net>

<net id="3744"><net_src comp="773" pin="3"/><net_sink comp="3741" pin=0"/></net>

<net id="3745"><net_src comp="3741" pin="1"/><net_sink comp="174" pin=0"/></net>

<net id="3749"><net_src comp="780" pin="3"/><net_sink comp="3746" pin=0"/></net>

<net id="3750"><net_src comp="3746" pin="1"/><net_sink comp="184" pin=2"/></net>

<net id="3754"><net_src comp="787" pin="3"/><net_sink comp="3751" pin=0"/></net>

<net id="3755"><net_src comp="3751" pin="1"/><net_sink comp="184" pin=0"/></net>

<net id="3759"><net_src comp="794" pin="3"/><net_sink comp="3756" pin=0"/></net>

<net id="3760"><net_src comp="3756" pin="1"/><net_sink comp="194" pin=2"/></net>

<net id="3764"><net_src comp="801" pin="3"/><net_sink comp="3761" pin=0"/></net>

<net id="3765"><net_src comp="3761" pin="1"/><net_sink comp="194" pin=0"/></net>

<net id="3769"><net_src comp="808" pin="3"/><net_sink comp="3766" pin=0"/></net>

<net id="3770"><net_src comp="3766" pin="1"/><net_sink comp="204" pin=2"/></net>

<net id="3774"><net_src comp="815" pin="3"/><net_sink comp="3771" pin=0"/></net>

<net id="3775"><net_src comp="3771" pin="1"/><net_sink comp="204" pin=0"/></net>

<net id="3779"><net_src comp="2303" pin="1"/><net_sink comp="3776" pin=0"/></net>

<net id="3780"><net_src comp="3776" pin="1"/><net_sink comp="3051" pin=0"/></net>

<net id="3784"><net_src comp="830" pin="3"/><net_sink comp="3781" pin=0"/></net>

<net id="3785"><net_src comp="3781" pin="1"/><net_sink comp="274" pin=2"/></net>

<net id="3789"><net_src comp="837" pin="3"/><net_sink comp="3786" pin=0"/></net>

<net id="3790"><net_src comp="3786" pin="1"/><net_sink comp="274" pin=0"/></net>

<net id="3794"><net_src comp="844" pin="3"/><net_sink comp="3791" pin=0"/></net>

<net id="3795"><net_src comp="3791" pin="1"/><net_sink comp="284" pin=2"/></net>

<net id="3799"><net_src comp="851" pin="3"/><net_sink comp="3796" pin=0"/></net>

<net id="3800"><net_src comp="3796" pin="1"/><net_sink comp="284" pin=0"/></net>

<net id="3804"><net_src comp="858" pin="3"/><net_sink comp="3801" pin=0"/></net>

<net id="3805"><net_src comp="3801" pin="1"/><net_sink comp="294" pin=2"/></net>

<net id="3809"><net_src comp="865" pin="3"/><net_sink comp="3806" pin=0"/></net>

<net id="3810"><net_src comp="3806" pin="1"/><net_sink comp="294" pin=0"/></net>

<net id="3814"><net_src comp="872" pin="3"/><net_sink comp="3811" pin=0"/></net>

<net id="3815"><net_src comp="3811" pin="1"/><net_sink comp="304" pin=2"/></net>

<net id="3819"><net_src comp="879" pin="3"/><net_sink comp="3816" pin=0"/></net>

<net id="3820"><net_src comp="3816" pin="1"/><net_sink comp="304" pin=0"/></net>

<net id="3824"><net_src comp="894" pin="3"/><net_sink comp="3821" pin=0"/></net>

<net id="3825"><net_src comp="3821" pin="1"/><net_sink comp="274" pin=2"/></net>

<net id="3829"><net_src comp="901" pin="3"/><net_sink comp="3826" pin=0"/></net>

<net id="3830"><net_src comp="3826" pin="1"/><net_sink comp="274" pin=0"/></net>

<net id="3834"><net_src comp="908" pin="3"/><net_sink comp="3831" pin=0"/></net>

<net id="3835"><net_src comp="3831" pin="1"/><net_sink comp="284" pin=2"/></net>

<net id="3839"><net_src comp="915" pin="3"/><net_sink comp="3836" pin=0"/></net>

<net id="3840"><net_src comp="3836" pin="1"/><net_sink comp="284" pin=0"/></net>

<net id="3844"><net_src comp="922" pin="3"/><net_sink comp="3841" pin=0"/></net>

<net id="3845"><net_src comp="3841" pin="1"/><net_sink comp="294" pin=2"/></net>

<net id="3849"><net_src comp="929" pin="3"/><net_sink comp="3846" pin=0"/></net>

<net id="3850"><net_src comp="3846" pin="1"/><net_sink comp="294" pin=0"/></net>

<net id="3854"><net_src comp="936" pin="3"/><net_sink comp="3851" pin=0"/></net>

<net id="3855"><net_src comp="3851" pin="1"/><net_sink comp="304" pin=2"/></net>

<net id="3859"><net_src comp="943" pin="3"/><net_sink comp="3856" pin=0"/></net>

<net id="3860"><net_src comp="3856" pin="1"/><net_sink comp="304" pin=0"/></net>

<net id="3864"><net_src comp="2351" pin="1"/><net_sink comp="3861" pin=0"/></net>

<net id="3865"><net_src comp="3861" pin="1"/><net_sink comp="3058" pin=1"/></net>

<net id="3869"><net_src comp="1843" pin="3"/><net_sink comp="3866" pin=0"/></net>

<net id="3870"><net_src comp="3866" pin="1"/><net_sink comp="2578" pin=0"/></net>

<net id="3874"><net_src comp="958" pin="3"/><net_sink comp="3871" pin=0"/></net>

<net id="3875"><net_src comp="3871" pin="1"/><net_sink comp="174" pin=2"/></net>

<net id="3879"><net_src comp="965" pin="3"/><net_sink comp="3876" pin=0"/></net>

<net id="3880"><net_src comp="3876" pin="1"/><net_sink comp="174" pin=0"/></net>

<net id="3884"><net_src comp="972" pin="3"/><net_sink comp="3881" pin=0"/></net>

<net id="3885"><net_src comp="3881" pin="1"/><net_sink comp="184" pin=2"/></net>

<net id="3889"><net_src comp="979" pin="3"/><net_sink comp="3886" pin=0"/></net>

<net id="3890"><net_src comp="3886" pin="1"/><net_sink comp="184" pin=0"/></net>

<net id="3894"><net_src comp="986" pin="3"/><net_sink comp="3891" pin=0"/></net>

<net id="3895"><net_src comp="3891" pin="1"/><net_sink comp="194" pin=2"/></net>

<net id="3899"><net_src comp="993" pin="3"/><net_sink comp="3896" pin=0"/></net>

<net id="3900"><net_src comp="3896" pin="1"/><net_sink comp="194" pin=0"/></net>

<net id="3904"><net_src comp="1000" pin="3"/><net_sink comp="3901" pin=0"/></net>

<net id="3905"><net_src comp="3901" pin="1"/><net_sink comp="204" pin=2"/></net>

<net id="3909"><net_src comp="1007" pin="3"/><net_sink comp="3906" pin=0"/></net>

<net id="3910"><net_src comp="3906" pin="1"/><net_sink comp="204" pin=0"/></net>

<net id="3914"><net_src comp="2385" pin="1"/><net_sink comp="3911" pin=0"/></net>

<net id="3915"><net_src comp="3911" pin="1"/><net_sink comp="3058" pin=0"/></net>

<net id="3919"><net_src comp="1778" pin="6"/><net_sink comp="3916" pin=0"/></net>

<net id="3920"><net_src comp="3916" pin="1"/><net_sink comp="2648" pin=0"/></net>

<net id="3924"><net_src comp="1791" pin="6"/><net_sink comp="3921" pin=0"/></net>

<net id="3925"><net_src comp="3921" pin="1"/><net_sink comp="2671" pin=0"/></net>

<net id="3929"><net_src comp="1022" pin="3"/><net_sink comp="3926" pin=0"/></net>

<net id="3930"><net_src comp="3926" pin="1"/><net_sink comp="274" pin=2"/></net>

<net id="3934"><net_src comp="1029" pin="3"/><net_sink comp="3931" pin=0"/></net>

<net id="3935"><net_src comp="3931" pin="1"/><net_sink comp="274" pin=0"/></net>

<net id="3939"><net_src comp="1036" pin="3"/><net_sink comp="3936" pin=0"/></net>

<net id="3940"><net_src comp="3936" pin="1"/><net_sink comp="284" pin=2"/></net>

<net id="3944"><net_src comp="1043" pin="3"/><net_sink comp="3941" pin=0"/></net>

<net id="3945"><net_src comp="3941" pin="1"/><net_sink comp="284" pin=0"/></net>

<net id="3949"><net_src comp="1050" pin="3"/><net_sink comp="3946" pin=0"/></net>

<net id="3950"><net_src comp="3946" pin="1"/><net_sink comp="294" pin=2"/></net>

<net id="3954"><net_src comp="1057" pin="3"/><net_sink comp="3951" pin=0"/></net>

<net id="3955"><net_src comp="3951" pin="1"/><net_sink comp="294" pin=0"/></net>

<net id="3959"><net_src comp="1064" pin="3"/><net_sink comp="3956" pin=0"/></net>

<net id="3960"><net_src comp="3956" pin="1"/><net_sink comp="304" pin=2"/></net>

<net id="3964"><net_src comp="1071" pin="3"/><net_sink comp="3961" pin=0"/></net>

<net id="3965"><net_src comp="3961" pin="1"/><net_sink comp="304" pin=0"/></net>

<net id="3969"><net_src comp="1086" pin="3"/><net_sink comp="3966" pin=0"/></net>

<net id="3970"><net_src comp="3966" pin="1"/><net_sink comp="274" pin=2"/></net>

<net id="3974"><net_src comp="1093" pin="3"/><net_sink comp="3971" pin=0"/></net>

<net id="3975"><net_src comp="3971" pin="1"/><net_sink comp="274" pin=0"/></net>

<net id="3979"><net_src comp="1100" pin="3"/><net_sink comp="3976" pin=0"/></net>

<net id="3980"><net_src comp="3976" pin="1"/><net_sink comp="284" pin=2"/></net>

<net id="3984"><net_src comp="1107" pin="3"/><net_sink comp="3981" pin=0"/></net>

<net id="3985"><net_src comp="3981" pin="1"/><net_sink comp="284" pin=0"/></net>

<net id="3989"><net_src comp="1114" pin="3"/><net_sink comp="3986" pin=0"/></net>

<net id="3990"><net_src comp="3986" pin="1"/><net_sink comp="294" pin=2"/></net>

<net id="3994"><net_src comp="1121" pin="3"/><net_sink comp="3991" pin=0"/></net>

<net id="3995"><net_src comp="3991" pin="1"/><net_sink comp="294" pin=0"/></net>

<net id="3999"><net_src comp="1128" pin="3"/><net_sink comp="3996" pin=0"/></net>

<net id="4000"><net_src comp="3996" pin="1"/><net_sink comp="304" pin=2"/></net>

<net id="4004"><net_src comp="1135" pin="3"/><net_sink comp="4001" pin=0"/></net>

<net id="4005"><net_src comp="4001" pin="1"/><net_sink comp="304" pin=0"/></net>

<net id="4009"><net_src comp="2449" pin="1"/><net_sink comp="4006" pin=0"/></net>

<net id="4010"><net_src comp="4006" pin="1"/><net_sink comp="3067" pin=1"/></net>

<net id="4014"><net_src comp="1863" pin="3"/><net_sink comp="4011" pin=0"/></net>

<net id="4015"><net_src comp="4011" pin="1"/><net_sink comp="2651" pin=0"/></net>

<net id="4019"><net_src comp="1150" pin="3"/><net_sink comp="4016" pin=0"/></net>

<net id="4020"><net_src comp="4016" pin="1"/><net_sink comp="174" pin=2"/></net>

<net id="4024"><net_src comp="1157" pin="3"/><net_sink comp="4021" pin=0"/></net>

<net id="4025"><net_src comp="4021" pin="1"/><net_sink comp="184" pin=2"/></net>

<net id="4029"><net_src comp="1164" pin="3"/><net_sink comp="4026" pin=0"/></net>

<net id="4030"><net_src comp="4026" pin="1"/><net_sink comp="194" pin=2"/></net>

<net id="4034"><net_src comp="1171" pin="3"/><net_sink comp="4031" pin=0"/></net>

<net id="4035"><net_src comp="4031" pin="1"/><net_sink comp="204" pin=2"/></net>

<net id="4039"><net_src comp="2468" pin="1"/><net_sink comp="4036" pin=0"/></net>

<net id="4040"><net_src comp="4036" pin="1"/><net_sink comp="3067" pin=0"/></net>

<net id="4044"><net_src comp="1778" pin="6"/><net_sink comp="4041" pin=0"/></net>

<net id="4045"><net_src comp="4041" pin="1"/><net_sink comp="2694" pin=0"/></net>

<net id="4049"><net_src comp="1791" pin="6"/><net_sink comp="4046" pin=0"/></net>

<net id="4050"><net_src comp="4046" pin="1"/><net_sink comp="2717" pin=0"/></net>

<net id="4054"><net_src comp="1182" pin="3"/><net_sink comp="4051" pin=0"/></net>

<net id="4055"><net_src comp="4051" pin="1"/><net_sink comp="274" pin=2"/></net>

<net id="4059"><net_src comp="1189" pin="3"/><net_sink comp="4056" pin=0"/></net>

<net id="4060"><net_src comp="4056" pin="1"/><net_sink comp="274" pin=0"/></net>

<net id="4064"><net_src comp="1196" pin="3"/><net_sink comp="4061" pin=0"/></net>

<net id="4065"><net_src comp="4061" pin="1"/><net_sink comp="284" pin=2"/></net>

<net id="4069"><net_src comp="1203" pin="3"/><net_sink comp="4066" pin=0"/></net>

<net id="4070"><net_src comp="4066" pin="1"/><net_sink comp="284" pin=0"/></net>

<net id="4074"><net_src comp="1210" pin="3"/><net_sink comp="4071" pin=0"/></net>

<net id="4075"><net_src comp="4071" pin="1"/><net_sink comp="294" pin=2"/></net>

<net id="4079"><net_src comp="1217" pin="3"/><net_sink comp="4076" pin=0"/></net>

<net id="4080"><net_src comp="4076" pin="1"/><net_sink comp="294" pin=0"/></net>

<net id="4084"><net_src comp="1224" pin="3"/><net_sink comp="4081" pin=0"/></net>

<net id="4085"><net_src comp="4081" pin="1"/><net_sink comp="304" pin=2"/></net>

<net id="4089"><net_src comp="1231" pin="3"/><net_sink comp="4086" pin=0"/></net>

<net id="4090"><net_src comp="4086" pin="1"/><net_sink comp="304" pin=0"/></net>

<net id="4094"><net_src comp="1246" pin="3"/><net_sink comp="4091" pin=0"/></net>

<net id="4095"><net_src comp="4091" pin="1"/><net_sink comp="274" pin=2"/></net>

<net id="4099"><net_src comp="1253" pin="3"/><net_sink comp="4096" pin=0"/></net>

<net id="4100"><net_src comp="4096" pin="1"/><net_sink comp="274" pin=0"/></net>

<net id="4104"><net_src comp="1260" pin="3"/><net_sink comp="4101" pin=0"/></net>

<net id="4105"><net_src comp="4101" pin="1"/><net_sink comp="284" pin=2"/></net>

<net id="4109"><net_src comp="1267" pin="3"/><net_sink comp="4106" pin=0"/></net>

<net id="4110"><net_src comp="4106" pin="1"/><net_sink comp="284" pin=0"/></net>

<net id="4114"><net_src comp="1274" pin="3"/><net_sink comp="4111" pin=0"/></net>

<net id="4115"><net_src comp="4111" pin="1"/><net_sink comp="294" pin=2"/></net>

<net id="4119"><net_src comp="1281" pin="3"/><net_sink comp="4116" pin=0"/></net>

<net id="4120"><net_src comp="4116" pin="1"/><net_sink comp="294" pin=0"/></net>

<net id="4124"><net_src comp="1288" pin="3"/><net_sink comp="4121" pin=0"/></net>

<net id="4125"><net_src comp="4121" pin="1"/><net_sink comp="304" pin=2"/></net>

<net id="4129"><net_src comp="1295" pin="3"/><net_sink comp="4126" pin=0"/></net>

<net id="4130"><net_src comp="4126" pin="1"/><net_sink comp="304" pin=0"/></net>

<net id="4134"><net_src comp="2532" pin="1"/><net_sink comp="4131" pin=0"/></net>

<net id="4135"><net_src comp="4131" pin="1"/><net_sink comp="3076" pin=1"/></net>

<net id="4139"><net_src comp="1843" pin="3"/><net_sink comp="4136" pin=0"/></net>

<net id="4140"><net_src comp="4136" pin="1"/><net_sink comp="2674" pin=0"/></net>

<net id="4144"><net_src comp="1863" pin="3"/><net_sink comp="4141" pin=0"/></net>

<net id="4145"><net_src comp="4141" pin="1"/><net_sink comp="2697" pin=0"/></net>

<net id="4149"><net_src comp="2545" pin="3"/><net_sink comp="4146" pin=0"/></net>

<net id="4150"><net_src comp="4146" pin="1"/><net_sink comp="3058" pin=0"/></net>

<net id="4154"><net_src comp="2553" pin="1"/><net_sink comp="4151" pin=0"/></net>

<net id="4155"><net_src comp="4151" pin="1"/><net_sink comp="3076" pin=0"/></net>

<net id="4159"><net_src comp="1778" pin="6"/><net_sink comp="4156" pin=0"/></net>

<net id="4160"><net_src comp="4156" pin="1"/><net_sink comp="2755" pin=0"/></net>

<net id="4164"><net_src comp="1310" pin="3"/><net_sink comp="4161" pin=0"/></net>

<net id="4165"><net_src comp="4161" pin="1"/><net_sink comp="274" pin=2"/></net>

<net id="4169"><net_src comp="1317" pin="3"/><net_sink comp="4166" pin=0"/></net>

<net id="4170"><net_src comp="4166" pin="1"/><net_sink comp="284" pin=2"/></net>

<net id="4174"><net_src comp="1324" pin="3"/><net_sink comp="4171" pin=0"/></net>

<net id="4175"><net_src comp="4171" pin="1"/><net_sink comp="294" pin=2"/></net>

<net id="4179"><net_src comp="1331" pin="3"/><net_sink comp="4176" pin=0"/></net>

<net id="4180"><net_src comp="4176" pin="1"/><net_sink comp="304" pin=2"/></net>

<net id="4184"><net_src comp="1342" pin="3"/><net_sink comp="4181" pin=0"/></net>

<net id="4185"><net_src comp="4181" pin="1"/><net_sink comp="274" pin=2"/></net>

<net id="4189"><net_src comp="1349" pin="3"/><net_sink comp="4186" pin=0"/></net>

<net id="4190"><net_src comp="4186" pin="1"/><net_sink comp="284" pin=2"/></net>

<net id="4194"><net_src comp="1356" pin="3"/><net_sink comp="4191" pin=0"/></net>

<net id="4195"><net_src comp="4191" pin="1"/><net_sink comp="294" pin=2"/></net>

<net id="4199"><net_src comp="1363" pin="3"/><net_sink comp="4196" pin=0"/></net>

<net id="4200"><net_src comp="4196" pin="1"/><net_sink comp="304" pin=2"/></net>

<net id="4204"><net_src comp="2578" pin="1"/><net_sink comp="4201" pin=0"/></net>

<net id="4205"><net_src comp="4201" pin="1"/><net_sink comp="3085" pin=1"/></net>

<net id="4209"><net_src comp="1843" pin="3"/><net_sink comp="4206" pin=0"/></net>

<net id="4210"><net_src comp="4206" pin="1"/><net_sink comp="2720" pin=0"/></net>

<net id="4214"><net_src comp="1863" pin="3"/><net_sink comp="4211" pin=0"/></net>

<net id="4215"><net_src comp="4211" pin="1"/><net_sink comp="2758" pin=0"/></net>

<net id="4219"><net_src comp="2590" pin="3"/><net_sink comp="4216" pin=0"/></net>

<net id="4220"><net_src comp="4216" pin="1"/><net_sink comp="3067" pin=0"/></net>

<net id="4224"><net_src comp="2598" pin="1"/><net_sink comp="4221" pin=0"/></net>

<net id="4225"><net_src comp="4221" pin="1"/><net_sink comp="3085" pin=0"/></net>

<net id="4229"><net_src comp="2602" pin="1"/><net_sink comp="4226" pin=0"/></net>

<net id="4230"><net_src comp="4226" pin="1"/><net_sink comp="3094" pin=1"/></net>

<net id="4234"><net_src comp="1843" pin="3"/><net_sink comp="4231" pin=0"/></net>

<net id="4235"><net_src comp="4231" pin="1"/><net_sink comp="2826" pin=0"/></net>

<net id="4239"><net_src comp="2615" pin="3"/><net_sink comp="4236" pin=0"/></net>

<net id="4240"><net_src comp="4236" pin="1"/><net_sink comp="3076" pin=0"/></net>

<net id="4244"><net_src comp="2623" pin="1"/><net_sink comp="4241" pin=0"/></net>

<net id="4245"><net_src comp="4241" pin="1"/><net_sink comp="3094" pin=0"/></net>

<net id="4249"><net_src comp="2627" pin="1"/><net_sink comp="4246" pin=0"/></net>

<net id="4250"><net_src comp="4246" pin="1"/><net_sink comp="3103" pin=1"/></net>

<net id="4254"><net_src comp="2640" pin="3"/><net_sink comp="4251" pin=0"/></net>

<net id="4255"><net_src comp="4251" pin="1"/><net_sink comp="3085" pin=0"/></net>

<net id="4259"><net_src comp="2648" pin="1"/><net_sink comp="4256" pin=0"/></net>

<net id="4260"><net_src comp="4256" pin="1"/><net_sink comp="3103" pin=0"/></net>

<net id="4264"><net_src comp="2651" pin="1"/><net_sink comp="4261" pin=0"/></net>

<net id="4265"><net_src comp="4261" pin="1"/><net_sink comp="3112" pin=1"/></net>

<net id="4269"><net_src comp="2663" pin="3"/><net_sink comp="4266" pin=0"/></net>

<net id="4270"><net_src comp="4266" pin="1"/><net_sink comp="3094" pin=0"/></net>

<net id="4274"><net_src comp="2671" pin="1"/><net_sink comp="4271" pin=0"/></net>

<net id="4275"><net_src comp="4271" pin="1"/><net_sink comp="3112" pin=0"/></net>

<net id="4279"><net_src comp="2674" pin="1"/><net_sink comp="4276" pin=0"/></net>

<net id="4280"><net_src comp="4276" pin="1"/><net_sink comp="3121" pin=1"/></net>

<net id="4284"><net_src comp="2686" pin="3"/><net_sink comp="4281" pin=0"/></net>

<net id="4285"><net_src comp="4281" pin="1"/><net_sink comp="3103" pin=0"/></net>

<net id="4289"><net_src comp="2694" pin="1"/><net_sink comp="4286" pin=0"/></net>

<net id="4290"><net_src comp="4286" pin="1"/><net_sink comp="3121" pin=0"/></net>

<net id="4294"><net_src comp="2697" pin="1"/><net_sink comp="4291" pin=0"/></net>

<net id="4295"><net_src comp="4291" pin="1"/><net_sink comp="3130" pin=1"/></net>

<net id="4299"><net_src comp="2709" pin="3"/><net_sink comp="4296" pin=0"/></net>

<net id="4300"><net_src comp="4296" pin="1"/><net_sink comp="3112" pin=0"/></net>

<net id="4304"><net_src comp="2717" pin="1"/><net_sink comp="4301" pin=0"/></net>

<net id="4305"><net_src comp="4301" pin="1"/><net_sink comp="3130" pin=0"/></net>

<net id="4309"><net_src comp="2720" pin="1"/><net_sink comp="4306" pin=0"/></net>

<net id="4310"><net_src comp="4306" pin="1"/><net_sink comp="3139" pin=1"/></net>

<net id="4314"><net_src comp="1374" pin="3"/><net_sink comp="4311" pin=0"/></net>

<net id="4315"><net_src comp="4311" pin="1"/><net_sink comp="174" pin=0"/></net>

<net id="4319"><net_src comp="1381" pin="3"/><net_sink comp="4316" pin=0"/></net>

<net id="4320"><net_src comp="4316" pin="1"/><net_sink comp="184" pin=0"/></net>

<net id="4324"><net_src comp="1388" pin="3"/><net_sink comp="4321" pin=0"/></net>

<net id="4325"><net_src comp="4321" pin="1"/><net_sink comp="194" pin=0"/></net>

<net id="4329"><net_src comp="1395" pin="3"/><net_sink comp="4326" pin=0"/></net>

<net id="4330"><net_src comp="4326" pin="1"/><net_sink comp="204" pin=0"/></net>

<net id="4334"><net_src comp="2747" pin="3"/><net_sink comp="4331" pin=0"/></net>

<net id="4335"><net_src comp="4331" pin="1"/><net_sink comp="3121" pin=0"/></net>

<net id="4339"><net_src comp="2755" pin="1"/><net_sink comp="4336" pin=0"/></net>

<net id="4340"><net_src comp="4336" pin="1"/><net_sink comp="3139" pin=0"/></net>

<net id="4344"><net_src comp="2758" pin="1"/><net_sink comp="4341" pin=0"/></net>

<net id="4345"><net_src comp="4341" pin="1"/><net_sink comp="3148" pin=1"/></net>

<net id="4349"><net_src comp="1406" pin="3"/><net_sink comp="4346" pin=0"/></net>

<net id="4350"><net_src comp="4346" pin="1"/><net_sink comp="174" pin=2"/></net>

<net id="4354"><net_src comp="1413" pin="3"/><net_sink comp="4351" pin=0"/></net>

<net id="4355"><net_src comp="4351" pin="1"/><net_sink comp="174" pin=0"/></net>

<net id="4359"><net_src comp="1420" pin="3"/><net_sink comp="4356" pin=0"/></net>

<net id="4360"><net_src comp="4356" pin="1"/><net_sink comp="184" pin=2"/></net>

<net id="4364"><net_src comp="1427" pin="3"/><net_sink comp="4361" pin=0"/></net>

<net id="4365"><net_src comp="4361" pin="1"/><net_sink comp="184" pin=0"/></net>

<net id="4369"><net_src comp="1434" pin="3"/><net_sink comp="4366" pin=0"/></net>

<net id="4370"><net_src comp="4366" pin="1"/><net_sink comp="194" pin=2"/></net>

<net id="4374"><net_src comp="1441" pin="3"/><net_sink comp="4371" pin=0"/></net>

<net id="4375"><net_src comp="4371" pin="1"/><net_sink comp="194" pin=0"/></net>

<net id="4379"><net_src comp="1448" pin="3"/><net_sink comp="4376" pin=0"/></net>

<net id="4380"><net_src comp="4376" pin="1"/><net_sink comp="204" pin=2"/></net>

<net id="4384"><net_src comp="1455" pin="3"/><net_sink comp="4381" pin=0"/></net>

<net id="4385"><net_src comp="4381" pin="1"/><net_sink comp="204" pin=0"/></net>

<net id="4389"><net_src comp="2792" pin="3"/><net_sink comp="4386" pin=0"/></net>

<net id="4390"><net_src comp="4386" pin="1"/><net_sink comp="3130" pin=0"/></net>

<net id="4394"><net_src comp="2800" pin="1"/><net_sink comp="4391" pin=0"/></net>

<net id="4395"><net_src comp="4391" pin="1"/><net_sink comp="3148" pin=0"/></net>

<net id="4399"><net_src comp="1470" pin="3"/><net_sink comp="4396" pin=0"/></net>

<net id="4400"><net_src comp="4396" pin="1"/><net_sink comp="274" pin=0"/></net>

<net id="4404"><net_src comp="1477" pin="3"/><net_sink comp="4401" pin=0"/></net>

<net id="4405"><net_src comp="4401" pin="1"/><net_sink comp="284" pin=0"/></net>

<net id="4409"><net_src comp="1484" pin="3"/><net_sink comp="4406" pin=0"/></net>

<net id="4410"><net_src comp="4406" pin="1"/><net_sink comp="294" pin=0"/></net>

<net id="4414"><net_src comp="1491" pin="3"/><net_sink comp="4411" pin=0"/></net>

<net id="4415"><net_src comp="4411" pin="1"/><net_sink comp="304" pin=0"/></net>

<net id="4419"><net_src comp="1502" pin="3"/><net_sink comp="4416" pin=0"/></net>

<net id="4420"><net_src comp="4416" pin="1"/><net_sink comp="274" pin=0"/></net>

<net id="4424"><net_src comp="1509" pin="3"/><net_sink comp="4421" pin=0"/></net>

<net id="4425"><net_src comp="4421" pin="1"/><net_sink comp="284" pin=0"/></net>

<net id="4429"><net_src comp="1516" pin="3"/><net_sink comp="4426" pin=0"/></net>

<net id="4430"><net_src comp="4426" pin="1"/><net_sink comp="294" pin=0"/></net>

<net id="4434"><net_src comp="1523" pin="3"/><net_sink comp="4431" pin=0"/></net>

<net id="4435"><net_src comp="4431" pin="1"/><net_sink comp="304" pin=0"/></net>

<net id="4439"><net_src comp="2826" pin="1"/><net_sink comp="4436" pin=0"/></net>

<net id="4440"><net_src comp="4436" pin="1"/><net_sink comp="3157" pin=1"/></net>

<net id="4444"><net_src comp="1534" pin="3"/><net_sink comp="4441" pin=0"/></net>

<net id="4445"><net_src comp="4441" pin="1"/><net_sink comp="174" pin=2"/></net>

<net id="4449"><net_src comp="1541" pin="3"/><net_sink comp="4446" pin=0"/></net>

<net id="4450"><net_src comp="4446" pin="1"/><net_sink comp="174" pin=0"/></net>

<net id="4454"><net_src comp="1548" pin="3"/><net_sink comp="4451" pin=0"/></net>

<net id="4455"><net_src comp="4451" pin="1"/><net_sink comp="184" pin=2"/></net>

<net id="4459"><net_src comp="1555" pin="3"/><net_sink comp="4456" pin=0"/></net>

<net id="4460"><net_src comp="4456" pin="1"/><net_sink comp="184" pin=0"/></net>

<net id="4464"><net_src comp="1562" pin="3"/><net_sink comp="4461" pin=0"/></net>

<net id="4465"><net_src comp="4461" pin="1"/><net_sink comp="194" pin=2"/></net>

<net id="4469"><net_src comp="1569" pin="3"/><net_sink comp="4466" pin=0"/></net>

<net id="4470"><net_src comp="4466" pin="1"/><net_sink comp="194" pin=0"/></net>

<net id="4474"><net_src comp="1576" pin="3"/><net_sink comp="4471" pin=0"/></net>

<net id="4475"><net_src comp="4471" pin="1"/><net_sink comp="204" pin=2"/></net>

<net id="4479"><net_src comp="1583" pin="3"/><net_sink comp="4476" pin=0"/></net>

<net id="4480"><net_src comp="4476" pin="1"/><net_sink comp="204" pin=0"/></net>

<net id="4484"><net_src comp="2860" pin="3"/><net_sink comp="4481" pin=0"/></net>

<net id="4485"><net_src comp="4481" pin="1"/><net_sink comp="3139" pin=0"/></net>

<net id="4489"><net_src comp="2868" pin="1"/><net_sink comp="4486" pin=0"/></net>

<net id="4490"><net_src comp="4486" pin="1"/><net_sink comp="3157" pin=0"/></net>

<net id="4494"><net_src comp="1598" pin="3"/><net_sink comp="4491" pin=0"/></net>

<net id="4495"><net_src comp="4491" pin="1"/><net_sink comp="274" pin=2"/></net>

<net id="4499"><net_src comp="1605" pin="3"/><net_sink comp="4496" pin=0"/></net>

<net id="4500"><net_src comp="4496" pin="1"/><net_sink comp="274" pin=0"/></net>

<net id="4504"><net_src comp="1612" pin="3"/><net_sink comp="4501" pin=0"/></net>

<net id="4505"><net_src comp="4501" pin="1"/><net_sink comp="284" pin=2"/></net>

<net id="4509"><net_src comp="1619" pin="3"/><net_sink comp="4506" pin=0"/></net>

<net id="4510"><net_src comp="4506" pin="1"/><net_sink comp="284" pin=0"/></net>

<net id="4514"><net_src comp="1626" pin="3"/><net_sink comp="4511" pin=0"/></net>

<net id="4515"><net_src comp="4511" pin="1"/><net_sink comp="294" pin=2"/></net>

<net id="4519"><net_src comp="1633" pin="3"/><net_sink comp="4516" pin=0"/></net>

<net id="4520"><net_src comp="4516" pin="1"/><net_sink comp="294" pin=0"/></net>

<net id="4524"><net_src comp="1640" pin="3"/><net_sink comp="4521" pin=0"/></net>

<net id="4525"><net_src comp="4521" pin="1"/><net_sink comp="304" pin=2"/></net>

<net id="4529"><net_src comp="1647" pin="3"/><net_sink comp="4526" pin=0"/></net>

<net id="4530"><net_src comp="4526" pin="1"/><net_sink comp="304" pin=0"/></net>

<net id="4534"><net_src comp="1662" pin="3"/><net_sink comp="4531" pin=0"/></net>

<net id="4535"><net_src comp="4531" pin="1"/><net_sink comp="274" pin=2"/></net>

<net id="4539"><net_src comp="1669" pin="3"/><net_sink comp="4536" pin=0"/></net>

<net id="4540"><net_src comp="4536" pin="1"/><net_sink comp="274" pin=0"/></net>

<net id="4544"><net_src comp="1676" pin="3"/><net_sink comp="4541" pin=0"/></net>

<net id="4545"><net_src comp="4541" pin="1"/><net_sink comp="284" pin=2"/></net>

<net id="4549"><net_src comp="1683" pin="3"/><net_sink comp="4546" pin=0"/></net>

<net id="4550"><net_src comp="4546" pin="1"/><net_sink comp="284" pin=0"/></net>

<net id="4554"><net_src comp="1690" pin="3"/><net_sink comp="4551" pin=0"/></net>

<net id="4555"><net_src comp="4551" pin="1"/><net_sink comp="294" pin=2"/></net>

<net id="4559"><net_src comp="1697" pin="3"/><net_sink comp="4556" pin=0"/></net>

<net id="4560"><net_src comp="4556" pin="1"/><net_sink comp="294" pin=0"/></net>

<net id="4564"><net_src comp="1704" pin="3"/><net_sink comp="4561" pin=0"/></net>

<net id="4565"><net_src comp="4561" pin="1"/><net_sink comp="304" pin=2"/></net>

<net id="4569"><net_src comp="1711" pin="3"/><net_sink comp="4566" pin=0"/></net>

<net id="4570"><net_src comp="4566" pin="1"/><net_sink comp="304" pin=0"/></net>

<net id="4574"><net_src comp="2916" pin="1"/><net_sink comp="4571" pin=0"/></net>

<net id="4575"><net_src comp="4571" pin="1"/><net_sink comp="3166" pin=1"/></net>

<net id="4579"><net_src comp="2929" pin="3"/><net_sink comp="4576" pin=0"/></net>

<net id="4580"><net_src comp="4576" pin="1"/><net_sink comp="3148" pin=0"/></net>

<net id="4584"><net_src comp="2937" pin="1"/><net_sink comp="4581" pin=0"/></net>

<net id="4585"><net_src comp="4581" pin="1"/><net_sink comp="3166" pin=0"/></net>

<net id="4589"><net_src comp="2950" pin="3"/><net_sink comp="4586" pin=0"/></net>

<net id="4590"><net_src comp="4586" pin="1"/><net_sink comp="3157" pin=0"/></net>

<net id="4594"><net_src comp="2958" pin="1"/><net_sink comp="4591" pin=0"/></net>

<net id="4595"><net_src comp="4591" pin="1"/><net_sink comp="3175" pin=1"/></net>

<net id="4599"><net_src comp="2971" pin="3"/><net_sink comp="4596" pin=0"/></net>

<net id="4600"><net_src comp="4596" pin="1"/><net_sink comp="3166" pin=0"/></net>

<net id="4604"><net_src comp="2979" pin="1"/><net_sink comp="4601" pin=0"/></net>

<net id="4605"><net_src comp="4601" pin="1"/><net_sink comp="3175" pin=0"/></net>

<net id="4609"><net_src comp="2983" pin="1"/><net_sink comp="4606" pin=0"/></net>

<net id="4610"><net_src comp="4606" pin="1"/><net_sink comp="3184" pin=1"/></net>

<net id="4614"><net_src comp="2987" pin="4"/><net_sink comp="4611" pin=0"/></net>

<net id="4615"><net_src comp="4611" pin="1"/><net_sink comp="3000" pin=1"/></net>

<net id="4619"><net_src comp="2996" pin="1"/><net_sink comp="4616" pin=0"/></net>

<net id="4620"><net_src comp="4616" pin="1"/><net_sink comp="3184" pin=0"/></net>

<net id="4624"><net_src comp="3000" pin="3"/><net_sink comp="4621" pin=0"/></net>

<net id="4625"><net_src comp="4621" pin="1"/><net_sink comp="3175" pin=0"/></net>

<net id="4629"><net_src comp="3016" pin="3"/><net_sink comp="4626" pin=0"/></net>

<net id="4630"><net_src comp="4626" pin="1"/><net_sink comp="3184" pin=0"/></net>

</net_list>

</model> 
---------------- Datapath Model END ------------------

* FSMD analyzer results:
  - Output states:
	Port: KV_V_3 | {23 }
	Port: KV_V_2 | {23 }
	Port: KV_V_1 | {23 }
	Port: KV_V | {23 }
 - Input state : 
	Port: linear_attention_q16_Pipeline_VITIS_LOOP_121_4_VITIS_LOOP_122_5 : K_V | {2 3 4 5 6 7 8 9 16 17 18 }
	Port: linear_attention_q16_Pipeline_VITIS_LOOP_121_4_VITIS_LOOP_122_5 : K_V_1 | {2 3 4 5 6 7 8 9 16 17 18 }
	Port: linear_attention_q16_Pipeline_VITIS_LOOP_121_4_VITIS_LOOP_122_5 : K_V_2 | {2 3 4 5 6 7 8 9 16 17 18 }
	Port: linear_attention_q16_Pipeline_VITIS_LOOP_121_4_VITIS_LOOP_122_5 : K_V_3 | {2 3 4 5 6 7 8 9 16 17 18 }
	Port: linear_attention_q16_Pipeline_VITIS_LOOP_121_4_VITIS_LOOP_122_5 : V_V | {1 2 3 4 5 6 7 14 15 16 17 }
	Port: linear_attention_q16_Pipeline_VITIS_LOOP_121_4_VITIS_LOOP_122_5 : V_V_1 | {1 2 3 4 5 6 7 14 15 16 17 }
	Port: linear_attention_q16_Pipeline_VITIS_LOOP_121_4_VITIS_LOOP_122_5 : V_V_2 | {1 2 3 4 5 6 7 14 15 16 17 }
	Port: linear_attention_q16_Pipeline_VITIS_LOOP_121_4_VITIS_LOOP_122_5 : V_V_3 | {1 2 3 4 5 6 7 14 15 16 17 }
  - Chain level:
	State 1
		store_ln0 : 1
		store_ln0 : 1
		store_ln0 : 1
		d1_1 : 1
		indvar_flatten_load : 1
		tmp_s : 2
		empty : 2
		icmp_ln121 : 2
		add_ln121_1 : 2
		br_ln121 : 3
		d2_load : 1
		add_ln121 : 2
		icmp_ln122 : 2
		select_ln121 : 3
		select_ln121_1 : 3
		empty_65 : 4
		p_mid1 : 3
		empty_66 : 3
		lshr_ln : 4
		zext_ln1273 : 5
		V_V_addr : 6
		tmp_857_cast : 5
		zext_ln1273_2 : 6
		V_V_addr_1 : 7
		V_V_1_addr : 6
		V_V_1_addr_1 : 7
		V_V_2_addr : 6
		V_V_2_addr_1 : 7
		V_V_3_addr : 6
		V_V_3_addr_1 : 7
		trunc_ln1273 : 4
		V_V_load : 7
		V_V_1_load : 7
		V_V_2_load : 7
		V_V_3_load : 7
		V_V_load_1 : 8
		V_V_1_load_1 : 8
		V_V_2_load_1 : 8
		V_V_3_load_1 : 8
		switch_ln129 : 5
		add_ln122 : 4
		store_ln122 : 3
		store_ln122 : 4
		store_ln122 : 5
	State 2
		K_V_addr : 1
		tmp_827_cast_cast : 1
		K_V_addr_4 : 2
		K_V_1_addr : 1
		K_V_1_addr_4 : 2
		K_V_2_addr : 1
		K_V_2_addr_4 : 2
		K_V_3_addr : 1
		K_V_3_addr_4 : 2
		K_V_load : 2
		K_V_1_load : 2
		K_V_2_load : 2
		K_V_3_load : 2
		K_V_load_1 : 3
		K_V_1_load_1 : 3
		K_V_2_load_1 : 3
		K_V_3_load_1 : 3
		K_V_addr_19 : 1
		tmp_842_cast_cast : 1
		K_V_addr_20 : 2
		K_V_1_addr_19 : 1
		K_V_1_addr_20 : 2
		K_V_2_addr_19 : 1
		K_V_2_addr_20 : 2
		K_V_3_addr_19 : 1
		K_V_3_addr_20 : 2
		K_V_load_16 : 2
		K_V_1_load_16 : 2
		K_V_2_load_16 : 2
		K_V_3_load_16 : 2
		K_V_load_17 : 3
		K_V_1_load_17 : 3
		K_V_2_load_17 : 3
		K_V_3_load_17 : 3
		zext_ln1273_3 : 1
		V_V_addr_2 : 2
		zext_ln1273_4 : 1
		V_V_addr_3 : 2
		V_V_1_addr_2 : 2
		V_V_1_addr_3 : 2
		V_V_2_addr_2 : 2
		V_V_2_addr_3 : 2
		V_V_3_addr_2 : 2
		V_V_3_addr_3 : 2
		tmp_16 : 1
		tmp_17 : 1
		V_V_load_2 : 3
		V_V_1_load_2 : 3
		V_V_2_load_2 : 3
		V_V_3_load_2 : 3
		V_V_load_3 : 3
		V_V_1_load_3 : 3
		V_V_2_load_3 : 3
		V_V_3_load_3 : 3
	State 3
		tmp_828_cast_cast : 1
		K_V_addr_5 : 2
		tmp_829_cast_cast : 1
		K_V_addr_6 : 2
		K_V_1_addr_5 : 2
		K_V_1_addr_6 : 2
		K_V_2_addr_5 : 2
		K_V_2_addr_6 : 2
		K_V_3_addr_5 : 2
		K_V_3_addr_6 : 2
		r_V : 1
		r_V_3 : 1
		K_V_load_2 : 3
		K_V_1_load_2 : 3
		K_V_2_load_2 : 3
		K_V_3_load_2 : 3
		K_V_load_3 : 3
		K_V_1_load_3 : 3
		K_V_2_load_3 : 3
		K_V_3_load_3 : 3
		tmp_843_cast_cast : 1
		K_V_addr_21 : 2
		tmp_844_cast_cast : 1
		K_V_addr_22 : 2
		K_V_1_addr_21 : 2
		K_V_1_addr_22 : 2
		K_V_2_addr_21 : 2
		K_V_2_addr_22 : 2
		K_V_3_addr_21 : 2
		K_V_3_addr_22 : 2
		r_V_873_mid1 : 1
		select_ln121_2 : 2
		r_V_874_mid1 : 1
		select_ln121_3 : 2
		K_V_load_18 : 3
		K_V_1_load_18 : 3
		K_V_2_load_18 : 3
		K_V_3_load_18 : 3
		K_V_load_19 : 3
		K_V_1_load_19 : 3
		K_V_2_load_19 : 3
		K_V_3_load_19 : 3
		tmp_860_cast : 1
		zext_ln1273_5 : 2
		V_V_addr_4 : 3
		zext_ln1273_6 : 1
		V_V_addr_5 : 2
		V_V_1_addr_4 : 3
		V_V_1_addr_5 : 2
		V_V_2_addr_4 : 3
		V_V_2_addr_5 : 2
		V_V_3_addr_4 : 3
		V_V_3_addr_5 : 2
		tmp_18 : 1
		tmp_19 : 1
		V_V_load_4 : 4
		V_V_1_load_4 : 4
		V_V_2_load_4 : 4
		V_V_3_load_4 : 4
		V_V_load_5 : 3
		V_V_1_load_5 : 3
		V_V_2_load_5 : 3
		V_V_3_load_5 : 3
	State 4
		tmp_830_cast : 1
		tmp_830_cast_cast : 2
		K_V_addr_7 : 3
		tmp_831_cast_cast : 1
		K_V_addr_8 : 2
		K_V_1_addr_7 : 3
		K_V_1_addr_8 : 2
		K_V_2_addr_7 : 3
		K_V_2_addr_8 : 2
		K_V_3_addr_7 : 3
		K_V_3_addr_8 : 2
		r_V_6 : 1
		r_V_8 : 1
		K_V_load_4 : 4
		K_V_1_load_4 : 4
		K_V_2_load_4 : 4
		K_V_3_load_4 : 4
		K_V_load_5 : 3
		K_V_1_load_5 : 3
		K_V_2_load_5 : 3
		K_V_3_load_5 : 3
		tmp_845_cast : 1
		tmp_845_cast_cast : 2
		K_V_addr_23 : 3
		tmp_846_cast_cast : 1
		K_V_addr_24 : 2
		K_V_1_addr_23 : 3
		K_V_1_addr_24 : 2
		K_V_2_addr_23 : 3
		K_V_2_addr_24 : 2
		K_V_3_addr_23 : 3
		K_V_3_addr_24 : 2
		r_V_875_mid1 : 1
		select_ln121_4 : 2
		r_V_876_mid1 : 1
		select_ln121_5 : 2
		K_V_load_20 : 4
		K_V_1_load_20 : 4
		K_V_2_load_20 : 4
		K_V_3_load_20 : 4
		K_V_load_21 : 3
		K_V_1_load_21 : 3
		K_V_2_load_21 : 3
		K_V_3_load_21 : 3
		zext_ln1273_7 : 1
		V_V_addr_6 : 2
		zext_ln1273_8 : 1
		V_V_addr_7 : 2
		V_V_1_addr_6 : 2
		V_V_1_addr_7 : 2
		V_V_2_addr_6 : 2
		V_V_2_addr_7 : 2
		V_V_3_addr_6 : 2
		V_V_3_addr_7 : 2
		mul_ln1270_2 : 1
		tmp_20 : 1
		tmp_21 : 1
		V_V_load_6 : 3
		V_V_1_load_6 : 3
		V_V_2_load_6 : 3
		V_V_3_load_6 : 3
		V_V_load_7 : 3
		V_V_1_load_7 : 3
		V_V_2_load_7 : 3
		V_V_3_load_7 : 3
	State 5
		tmp_832_cast_cast : 1
		K_V_addr_9 : 2
		tmp_833_cast_cast : 1
		K_V_addr_10 : 2
		K_V_1_addr_9 : 2
		K_V_1_addr_10 : 2
		K_V_2_addr_9 : 2
		K_V_2_addr_10 : 2
		K_V_3_addr_9 : 2
		K_V_3_addr_10 : 2
		r_V_9 : 1
		r_V_10 : 1
		K_V_load_6 : 3
		K_V_1_load_6 : 3
		K_V_2_load_6 : 3
		K_V_3_load_6 : 3
		K_V_load_7 : 3
		K_V_1_load_7 : 3
		K_V_2_load_7 : 3
		K_V_3_load_7 : 3
		tmp_847_cast_cast : 1
		K_V_addr_25 : 2
		tmp_848_cast_cast : 1
		K_V_addr_26 : 2
		K_V_1_addr_25 : 2
		K_V_1_addr_26 : 2
		K_V_2_addr_25 : 2
		K_V_2_addr_26 : 2
		K_V_3_addr_25 : 2
		K_V_3_addr_26 : 2
		r_V_877_mid1 : 1
		select_ln121_6 : 2
		r_V_878_mid1 : 1
		select_ln121_7 : 2
		K_V_load_22 : 3
		K_V_1_load_22 : 3
		K_V_2_load_22 : 3
		K_V_3_load_22 : 3
		K_V_load_23 : 3
		K_V_1_load_23 : 3
		K_V_2_load_23 : 3
		K_V_3_load_23 : 3
		zext_ln1273_9 : 1
		V_V_addr_8 : 2
		zext_ln1273_10 : 1
		V_V_addr_9 : 2
		V_V_1_addr_8 : 2
		V_V_1_addr_9 : 2
		V_V_2_addr_8 : 2
		V_V_2_addr_9 : 2
		V_V_3_addr_8 : 2
		V_V_3_addr_9 : 2
		mul_ln1347_73 : 1
		tmp_22 : 1
		tmp_23 : 1
		V_V_load_8 : 3
		V_V_1_load_8 : 3
		V_V_2_load_8 : 3
		V_V_3_load_8 : 3
		V_V_load_9 : 3
		V_V_1_load_9 : 3
		V_V_2_load_9 : 3
		V_V_3_load_9 : 3
	State 6
		tmp_834_cast_cast : 1
		K_V_addr_11 : 2
		tmp_835_cast_cast : 1
		K_V_addr_12 : 2
		K_V_1_addr_11 : 2
		K_V_1_addr_12 : 2
		K_V_2_addr_11 : 2
		K_V_2_addr_12 : 2
		K_V_3_addr_11 : 2
		K_V_3_addr_12 : 2
		r_V_12 : 1
		r_V_14 : 1
		K_V_load_8 : 3
		K_V_1_load_8 : 3
		K_V_2_load_8 : 3
		K_V_3_load_8 : 3
		K_V_load_9 : 3
		K_V_1_load_9 : 3
		K_V_2_load_9 : 3
		K_V_3_load_9 : 3
		tmp_849_cast_cast : 1
		K_V_addr_27 : 2
		tmp_850_cast_cast : 1
		K_V_addr_28 : 2
		K_V_1_addr_27 : 2
		K_V_1_addr_28 : 2
		K_V_2_addr_27 : 2
		K_V_2_addr_28 : 2
		K_V_3_addr_27 : 2
		K_V_3_addr_28 : 2
		r_V_879_mid1 : 1
		select_ln121_8 : 2
		r_V_880_mid1 : 1
		select_ln121_9 : 2
		K_V_load_24 : 3
		K_V_1_load_24 : 3
		K_V_2_load_24 : 3
		K_V_3_load_24 : 3
		K_V_load_25 : 3
		K_V_1_load_25 : 3
		K_V_2_load_25 : 3
		K_V_3_load_25 : 3
		zext_ln1273_11 : 1
		V_V_addr_10 : 2
		V_V_1_addr_10 : 2
		V_V_2_addr_10 : 2
		V_V_3_addr_10 : 2
		mul_ln1347_74 : 1
		tmp_24 : 1
		tmp_25 : 1
		V_V_load_10 : 3
		V_V_1_load_10 : 3
		V_V_2_load_10 : 3
		V_V_3_load_10 : 3
	State 7
		tmp_836_cast_cast : 1
		K_V_addr_13 : 2
		tmp_837_cast_cast : 1
		K_V_addr_14 : 2
		K_V_1_addr_13 : 2
		K_V_1_addr_14 : 2
		K_V_2_addr_13 : 2
		K_V_2_addr_14 : 2
		K_V_3_addr_13 : 2
		K_V_3_addr_14 : 2
		r_V_16 : 1
		r_V_18 : 1
		K_V_load_10 : 3
		K_V_1_load_10 : 3
		K_V_2_load_10 : 3
		K_V_3_load_10 : 3
		K_V_load_11 : 3
		K_V_1_load_11 : 3
		K_V_2_load_11 : 3
		K_V_3_load_11 : 3
		tmp_851_cast_cast : 1
		K_V_addr_29 : 2
		tmp_852_cast_cast : 1
		K_V_addr_30 : 2
		K_V_1_addr_29 : 2
		K_V_1_addr_30 : 2
		K_V_2_addr_29 : 2
		K_V_2_addr_30 : 2
		K_V_3_addr_29 : 2
		K_V_3_addr_30 : 2
		r_V_881_mid1 : 1
		select_ln121_10 : 2
		r_V_882_mid1 : 1
		select_ln121_11 : 2
		K_V_load_26 : 3
		K_V_1_load_26 : 3
		K_V_2_load_26 : 3
		K_V_3_load_26 : 3
		K_V_load_27 : 3
		K_V_1_load_27 : 3
		K_V_2_load_27 : 3
		K_V_3_load_27 : 3
		tmp_523 : 1
		lhs : 2
		ret_V : 3
		mul_ln1347_75 : 1
		tmp_26 : 1
	State 8
		tmp_838_cast_cast : 1
		K_V_addr_15 : 2
		K_V_1_addr_15 : 2
		K_V_2_addr_15 : 2
		K_V_3_addr_15 : 2
		r_V_19 : 1
		r_V_20 : 1
		K_V_load_12 : 3
		K_V_1_load_12 : 3
		K_V_2_load_12 : 3
		K_V_3_load_12 : 3
		tmp_853_cast_cast : 1
		K_V_addr_31 : 2
		K_V_1_addr_31 : 2
		K_V_2_addr_31 : 2
		K_V_3_addr_31 : 2
		r_V_883_mid1 : 1
		select_ln121_12 : 2
		r_V_884_mid1 : 1
		select_ln121_13 : 2
		K_V_load_28 : 3
		K_V_1_load_28 : 3
		K_V_2_load_28 : 3
		K_V_3_load_28 : 3
		tmp_524 : 1
		lhs_494 : 2
		ret_V_512 : 3
		mul_ln1347_76 : 1
	State 9
		r_V_22 : 1
		r_V_885_mid1 : 1
		select_ln121_14 : 2
		tmp_525 : 1
		lhs_495 : 2
		ret_V_513 : 3
		mul_ln1347_77 : 1
	State 10
		tmp_526 : 1
		lhs_496 : 2
		ret_V_514 : 3
		mul_ln1347_78 : 1
	State 11
		tmp_527 : 1
		lhs_497 : 2
		ret_V_515 : 3
		mul_ln1347_79 : 1
	State 12
		tmp_528 : 1
		lhs_498 : 2
		ret_V_516 : 3
		mul_ln1347_80 : 1
	State 13
		tmp_529 : 1
		lhs_499 : 2
		ret_V_517 : 3
		mul_ln1347_81 : 1
	State 14
		zext_ln1273_12 : 1
		V_V_addr_11 : 2
		V_V_1_addr_11 : 2
		V_V_2_addr_11 : 2
		V_V_3_addr_11 : 2
		tmp_530 : 1
		lhs_500 : 2
		ret_V_518 : 3
		mul_ln1347_82 : 1
		V_V_load_11 : 3
		V_V_1_load_11 : 3
		V_V_2_load_11 : 3
		V_V_3_load_11 : 3
	State 15
		zext_ln1273_13 : 1
		V_V_addr_12 : 2
		zext_ln1273_14 : 1
		V_V_addr_13 : 2
		V_V_1_addr_12 : 2
		V_V_1_addr_13 : 2
		V_V_2_addr_12 : 2
		V_V_2_addr_13 : 2
		V_V_3_addr_12 : 2
		V_V_3_addr_13 : 2
		tmp_531 : 1
		lhs_501 : 2
		ret_V_519 : 3
		tmp_27 : 1
		sext_ln1347_12 : 2
		mul_ln1347_83 : 3
		V_V_load_12 : 3
		V_V_1_load_12 : 3
		V_V_2_load_12 : 3
		V_V_3_load_12 : 3
		V_V_load_13 : 3
		V_V_1_load_13 : 3
		V_V_2_load_13 : 3
		V_V_3_load_13 : 3
	State 16
		tmp_839_cast_cast : 1
		K_V_addr_16 : 2
		K_V_1_addr_16 : 2
		K_V_2_addr_16 : 2
		K_V_3_addr_16 : 2
		K_V_load_13 : 3
		K_V_1_load_13 : 3
		K_V_2_load_13 : 3
		K_V_3_load_13 : 3
		tmp_854_cast_cast : 1
		K_V_addr_32 : 2
		K_V_1_addr_32 : 2
		K_V_2_addr_32 : 2
		K_V_3_addr_32 : 2
		K_V_load_29 : 3
		K_V_1_load_29 : 3
		K_V_2_load_29 : 3
		K_V_3_load_29 : 3
		zext_ln1273_15 : 1
		V_V_addr_14 : 2
		zext_ln1273_16 : 1
		V_V_addr_15 : 2
		V_V_1_addr_14 : 2
		V_V_1_addr_15 : 2
		V_V_2_addr_14 : 2
		V_V_2_addr_15 : 2
		V_V_3_addr_14 : 2
		V_V_3_addr_15 : 2
		tmp_532 : 1
		lhs_502 : 2
		ret_V_520 : 3
		tmp_28 : 1
		sext_ln1347_13 : 2
		mul_ln1347_84 : 3
		tmp_29 : 1
		V_V_load_14 : 3
		V_V_1_load_14 : 3
		V_V_2_load_14 : 3
		V_V_3_load_14 : 3
		V_V_load_15 : 3
		V_V_1_load_15 : 3
		V_V_2_load_15 : 3
		V_V_3_load_15 : 3
	State 17
		tmp_840_cast_cast : 1
		K_V_addr_17 : 2
		tmp_841_cast_cast : 1
		K_V_addr_18 : 2
		K_V_1_addr_17 : 2
		K_V_1_addr_18 : 2
		K_V_2_addr_17 : 2
		K_V_2_addr_18 : 2
		K_V_3_addr_17 : 2
		K_V_3_addr_18 : 2
		r_V_23 : 1
		K_V_load_14 : 3
		K_V_1_load_14 : 3
		K_V_2_load_14 : 3
		K_V_3_load_14 : 3
		K_V_load_15 : 3
		K_V_1_load_15 : 3
		K_V_2_load_15 : 3
		K_V_3_load_15 : 3
		tmp_855_cast_cast : 1
		K_V_addr_33 : 2
		tmp_856_cast_cast : 1
		K_V_addr_34 : 2
		K_V_1_addr_33 : 2
		K_V_1_addr_34 : 2
		K_V_2_addr_33 : 2
		K_V_2_addr_34 : 2
		K_V_3_addr_33 : 2
		K_V_3_addr_34 : 2
		r_V_886_mid1 : 1
		select_ln121_15 : 2
		sext_ln121_13 : 3
		K_V_load_30 : 3
		K_V_1_load_30 : 3
		K_V_2_load_30 : 3
		K_V_3_load_30 : 3
		K_V_load_31 : 3
		K_V_1_load_31 : 3
		K_V_2_load_31 : 3
		K_V_3_load_31 : 3
		tmp_533 : 1
		lhs_503 : 2
		ret_V_521 : 3
		mul_ln1347_85 : 4
		tmp_30 : 1
		tmp_31 : 1
	State 18
		r_V_24 : 1
		r_V_26 : 1
		r_V_887_mid1 : 1
		select_ln121_16 : 2
		r_V_888_mid1 : 1
		select_ln121_17 : 2
		tmp_534 : 1
		lhs_504 : 2
		ret_V_522 : 3
	State 19
		tmp_535 : 1
		lhs_505 : 2
		ret_V_523 : 3
		mul_ln1347_86 : 1
	State 20
		tmp_536 : 1
		mul_ln1347_87 : 1
	State 21
		ret_V_524 : 1
	State 22
		tmp_537 : 1
		lhs_507 : 2
		ret_V_525 : 3
	State 23
		zext_ln129 : 1
		KV_V_addr : 2
		KV_V_1_addr : 2
		KV_V_2_addr : 2
		KV_V_3_addr : 2
		trunc_ln8 : 1
		store_ln129 : 3
		store_ln129 : 3
		store_ln129 : 3
		store_ln129 : 3


============================================================
+ Verbose Summary: Datapath Resource usage 
============================================================

* Functional unit list:
|----------|---------------------------|---------|---------|---------|
| Operation|      Functional Unit      |   DSP   |    FF   |   LUT   |
|----------|---------------------------|---------|---------|---------|
|          |        grp_fu_1778        |    0    |    0    |    20   |
|          |        grp_fu_1791        |    0    |    0    |    20   |
|    mux   |        grp_fu_1804        |    0    |    0    |    20   |
|          |        grp_fu_1817        |    0    |    0    |    20   |
|          |        grp_fu_1830        |    0    |    0    |    20   |
|          |        grp_fu_1850        |    0    |    0    |    20   |
|----------|---------------------------|---------|---------|---------|
|          |        grp_fu_1843        |    0    |    0    |    16   |
|  select  |        grp_fu_1863        |    0    |    0    |    16   |
|          |    select_ln121_fu_1960   |    0    |    0    |    5    |
|          |   select_ln121_1_fu_1968  |    0    |    0    |    5    |
|----------|---------------------------|---------|---------|---------|
|          |    add_ln121_1_fu_1939    |    0    |    0    |    14   |
|    add   |     add_ln121_fu_1948     |    0    |    0    |    13   |
|          |     add_ln122_fu_2032     |    0    |    0    |    13   |
|----------|---------------------------|---------|---------|---------|
|   icmp   |     icmp_ln121_fu_1933    |    0    |    0    |    11   |
|          |     icmp_ln122_fu_1954    |    0    |    0    |    9    |
|----------|---------------------------|---------|---------|---------|
|          |        grp_fu_3058        |    1    |    0    |    0    |
|          |        grp_fu_3067        |    1    |    0    |    0    |
|          |        grp_fu_3076        |    1    |    0    |    0    |
|          |        grp_fu_3085        |    1    |    0    |    0    |
|          |        grp_fu_3094        |    1    |    0    |    0    |
|          |        grp_fu_3103        |    1    |    0    |    0    |
|          |        grp_fu_3112        |    1    |    0    |    0    |
|  muladd  |        grp_fu_3121        |    1    |    0    |    0    |
|          |        grp_fu_3130        |    1    |    0    |    0    |
|          |        grp_fu_3139        |    1    |    0    |    0    |
|          |        grp_fu_3148        |    1    |    0    |    0    |
|          |        grp_fu_3157        |    1    |    0    |    0    |
|          |        grp_fu_3166        |    1    |    0    |    0    |
|          |        grp_fu_3175        |    1    |    0    |    0    |
|          |        grp_fu_3184        |    1    |    0    |    0    |
|----------|---------------------------|---------|---------|---------|
|    mul   |        grp_fu_3051        |    1    |    0    |    0    |
|----------|---------------------------|---------|---------|---------|
|          |       tmp_s_fu_1919       |    0    |    0    |    0    |
|          |       p_mid1_fu_1980      |    0    |    0    |    0    |
|          |      lshr_ln_fu_1994      |    0    |    0    |    0    |
|          |      tmp_523_fu_2536      |    0    |    0    |    0    |
|          |      tmp_524_fu_2581      |    0    |    0    |    0    |
|          |      tmp_525_fu_2606      |    0    |    0    |    0    |
|          |      tmp_526_fu_2631      |    0    |    0    |    0    |
|          |      tmp_527_fu_2654      |    0    |    0    |    0    |
|          |      tmp_528_fu_2677      |    0    |    0    |    0    |
|partselect|      tmp_529_fu_2700      |    0    |    0    |    0    |
|          |      tmp_530_fu_2738      |    0    |    0    |    0    |
|          |      tmp_531_fu_2783      |    0    |    0    |    0    |
|          |      tmp_532_fu_2851      |    0    |    0    |    0    |
|          |      tmp_533_fu_2920      |    0    |    0    |    0    |
|          |      tmp_534_fu_2941      |    0    |    0    |    0    |
|          |      tmp_535_fu_2962      |    0    |    0    |    0    |
|          |      tmp_536_fu_2987      |    0    |    0    |    0    |
|          |      tmp_537_fu_3007      |    0    |    0    |    0    |
|          |     trunc_ln8_fu_3038     |    0    |    0    |    0    |
|----------|---------------------------|---------|---------|---------|
|          |       empty_fu_1929       |    0    |    0    |    0    |
|   trunc  |      empty_65_fu_1976     |    0    |    0    |    0    |
|          |      empty_66_fu_1990     |    0    |    0    |    0    |
|          |    trunc_ln1273_fu_2028   |    0    |    0    |    0    |
|----------|---------------------------|---------|---------|---------|
|          |    zext_ln1273_fu_2004    |    0    |    0    |    0    |
|          |   zext_ln1273_2_fu_2020   |    0    |    0    |    0    |
|          |       p_cast_fu_2053      |    0    |    0    |    0    |
|          | tmp_827_cast_cast_fu_2067 |    0    |    0    |    0    |
|          |    p_cast_mid1_fu_2075    |    0    |    0    |    0    |
|          | tmp_842_cast_cast_fu_2089 |    0    |    0    |    0    |
|          |   zext_ln1273_3_fu_2104   |    0    |    0    |    0    |
|          |   zext_ln1273_4_fu_2115   |    0    |    0    |    0    |
|          | tmp_828_cast_cast_fu_2130 |    0    |    0    |    0    |
|          | tmp_829_cast_cast_fu_2141 |    0    |    0    |    0    |
|          | tmp_843_cast_cast_fu_2156 |    0    |    0    |    0    |
|          | tmp_844_cast_cast_fu_2167 |    0    |    0    |    0    |
|          |   zext_ln1273_1_fu_2175   |    0    |    0    |    0    |
|          |   zext_ln1273_5_fu_2186   |    0    |    0    |    0    |
|          |   zext_ln1273_6_fu_2201   |    0    |    0    |    0    |
|          |    tmp_826_cast_fu_2209   |    0    |    0    |    0    |
|          | tmp_830_cast_cast_fu_2220 |    0    |    0    |    0    |
|          | tmp_831_cast_cast_fu_2235 |    0    |    0    |    0    |
|          |    p_mid1_cast_fu_2243    |    0    |    0    |    0    |
|          | tmp_845_cast_cast_fu_2254 |    0    |    0    |    0    |
|          | tmp_846_cast_cast_fu_2269 |    0    |    0    |    0    |
|          |   zext_ln1273_7_fu_2284   |    0    |    0    |    0    |
|          |   zext_ln1273_8_fu_2295   |    0    |    0    |    0    |
|          | tmp_832_cast_cast_fu_2310 |    0    |    0    |    0    |
|          | tmp_833_cast_cast_fu_2321 |    0    |    0    |    0    |
|   zext   | tmp_847_cast_cast_fu_2332 |    0    |    0    |    0    |
|          | tmp_848_cast_cast_fu_2343 |    0    |    0    |    0    |
|          |   zext_ln1273_9_fu_2362   |    0    |    0    |    0    |
|          |   zext_ln1273_10_fu_2377  |    0    |    0    |    0    |
|          | tmp_834_cast_cast_fu_2396 |    0    |    0    |    0    |
|          | tmp_835_cast_cast_fu_2411 |    0    |    0    |    0    |
|          | tmp_849_cast_cast_fu_2426 |    0    |    0    |    0    |
|          | tmp_850_cast_cast_fu_2441 |    0    |    0    |    0    |
|          |   zext_ln1273_11_fu_2460  |    0    |    0    |    0    |
|          | tmp_836_cast_cast_fu_2479 |    0    |    0    |    0    |
|          | tmp_837_cast_cast_fu_2494 |    0    |    0    |    0    |
|          | tmp_851_cast_cast_fu_2509 |    0    |    0    |    0    |
|          | tmp_852_cast_cast_fu_2524 |    0    |    0    |    0    |
|          | tmp_838_cast_cast_fu_2559 |    0    |    0    |    0    |
|          | tmp_853_cast_cast_fu_2570 |    0    |    0    |    0    |
|          |   zext_ln1273_12_fu_2730  |    0    |    0    |    0    |
|          |   zext_ln1273_13_fu_2764  |    0    |    0    |    0    |
|          |   zext_ln1273_14_fu_2775  |    0    |    0    |    0    |
|          | tmp_839_cast_cast_fu_2807 |    0    |    0    |    0    |
|          | tmp_854_cast_cast_fu_2818 |    0    |    0    |    0    |
|          |   zext_ln1273_15_fu_2832  |    0    |    0    |    0    |
|          |   zext_ln1273_16_fu_2843  |    0    |    0    |    0    |
|          | tmp_840_cast_cast_fu_2875 |    0    |    0    |    0    |
|          | tmp_841_cast_cast_fu_2886 |    0    |    0    |    0    |
|          | tmp_855_cast_cast_fu_2897 |    0    |    0    |    0    |
|          | tmp_856_cast_cast_fu_2908 |    0    |    0    |    0    |
|          |     zext_ln129_fu_3030    |    0    |    0    |    0    |
|----------|---------------------------|---------|---------|---------|
|          |    tmp_857_cast_fu_2012   |    0    |    0    |    0    |
|          |    tmp_827_cast_fu_2060   |    0    |    0    |    0    |
|          |    tmp_842_cast_fu_2082   |    0    |    0    |    0    |
|          |    tmp_858_cast_fu_2097   |    0    |    0    |    0    |
|          |    tmp_828_cast_fu_2123   |    0    |    0    |    0    |
|          |    tmp_843_cast_fu_2149   |    0    |    0    |    0    |
|          |    tmp_860_cast_fu_2178   |    0    |    0    |    0    |
|          |    tmp_861_cast_fu_2194   |    0    |    0    |    0    |
|          |    tmp_830_cast_fu_2212   |    0    |    0    |    0    |
|          |    tmp_831_cast_fu_2228   |    0    |    0    |    0    |
|          |    tmp_845_cast_fu_2246   |    0    |    0    |    0    |
|          |    tmp_846_cast_fu_2262   |    0    |    0    |    0    |
|          |    tmp_864_cast_fu_2355   |    0    |    0    |    0    |
|          |    tmp_865_cast_fu_2370   |    0    |    0    |    0    |
|          |    tmp_834_cast_fu_2389   |    0    |    0    |    0    |
|          |    tmp_835_cast_fu_2404   |    0    |    0    |    0    |
|          |    tmp_849_cast_fu_2419   |    0    |    0    |    0    |
|          |    tmp_850_cast_fu_2434   |    0    |    0    |    0    |
|          |    tmp_866_cast_fu_2453   |    0    |    0    |    0    |
|bitconcatenate|    tmp_836_cast_fu_2472   |    0    |    0    |    0    |
|          |    tmp_837_cast_fu_2487   |    0    |    0    |    0    |
|          |    tmp_851_cast_fu_2502   |    0    |    0    |    0    |
|          |    tmp_852_cast_fu_2517   |    0    |    0    |    0    |
|          |        lhs_fu_2545        |    0    |    0    |    0    |
|          |      lhs_494_fu_2590      |    0    |    0    |    0    |
|          |      lhs_495_fu_2615      |    0    |    0    |    0    |
|          |      lhs_496_fu_2640      |    0    |    0    |    0    |
|          |      lhs_497_fu_2663      |    0    |    0    |    0    |
|          |      lhs_498_fu_2686      |    0    |    0    |    0    |
|          |      lhs_499_fu_2709      |    0    |    0    |    0    |
|          |    tmp_867_cast_fu_2723   |    0    |    0    |    0    |
|          |      lhs_500_fu_2747      |    0    |    0    |    0    |
|          |      lhs_501_fu_2792      |    0    |    0    |    0    |
|          |      lhs_502_fu_2860      |    0    |    0    |    0    |
|          |      lhs_503_fu_2929      |    0    |    0    |    0    |
|          |      lhs_504_fu_2950      |    0    |    0    |    0    |
|          |      lhs_505_fu_2971      |    0    |    0    |    0    |
|          |      lhs_506_fu_3000      |    0    |    0    |    0    |
|          |      lhs_507_fu_3016      |    0    |    0    |    0    |
|          |      tmp_522_fu_3024      |    0    |    0    |    0    |
|----------|---------------------------|---------|---------|---------|
|          |    sext_ln1273_fu_2112    |    0    |    0    |    0    |
|          |    tmp_829_cast_fu_2138   |    0    |    0    |    0    |
|          |    tmp_844_cast_fu_2164   |    0    |    0    |    0    |
|          |     sext_ln121_fu_2277    |    0    |    0    |    0    |
|          |  sext_ln1273_103_fu_2281  |    0    |    0    |    0    |
|          |  sext_ln1273_104_fu_2292  |    0    |    0    |    0    |
|          |    sext_ln1270_fu_2303    |    0    |    0    |    0    |
|          |    tmp_832_cast_fu_2307   |    0    |    0    |    0    |
|          |    tmp_833_cast_fu_2318   |    0    |    0    |    0    |
|          |    tmp_847_cast_fu_2329   |    0    |    0    |    0    |
|          |    tmp_848_cast_fu_2340   |    0    |    0    |    0    |
|          |    sext_ln121_1_fu_2351   |    0    |    0    |    0    |
|          |    sext_ln1347_fu_2385    |    0    |    0    |    0    |
|          |    sext_ln121_2_fu_2449   |    0    |    0    |    0    |
|          |   sext_ln1347_3_fu_2468   |    0    |    0    |    0    |
|          |    sext_ln121_3_fu_2532   |    0    |    0    |    0    |
|          |   sext_ln1347_4_fu_2553   |    0    |    0    |    0    |
|          |    tmp_838_cast_fu_2556   |    0    |    0    |    0    |
|          |    tmp_853_cast_fu_2567   |    0    |    0    |    0    |
|          |    sext_ln121_4_fu_2578   |    0    |    0    |    0    |
|          |   sext_ln1347_5_fu_2598   |    0    |    0    |    0    |
|          |    sext_ln121_5_fu_2602   |    0    |    0    |    0    |
|          |   sext_ln1347_6_fu_2623   |    0    |    0    |    0    |
|          |    sext_ln121_6_fu_2627   |    0    |    0    |    0    |
|          |   sext_ln1347_7_fu_2648   |    0    |    0    |    0    |
|          |    sext_ln121_7_fu_2651   |    0    |    0    |    0    |
|   sext   |   sext_ln1347_8_fu_2671   |    0    |    0    |    0    |
|          |    sext_ln121_8_fu_2674   |    0    |    0    |    0    |
|          |   sext_ln1347_9_fu_2694   |    0    |    0    |    0    |
|          |    sext_ln121_9_fu_2697   |    0    |    0    |    0    |
|          |   sext_ln1347_10_fu_2717  |    0    |    0    |    0    |
|          |   sext_ln121_10_fu_2720   |    0    |    0    |    0    |
|          |   sext_ln1347_11_fu_2755  |    0    |    0    |    0    |
|          |   sext_ln121_11_fu_2758   |    0    |    0    |    0    |
|          |  sext_ln1273_105_fu_2761  |    0    |    0    |    0    |
|          |  sext_ln1273_106_fu_2772  |    0    |    0    |    0    |
|          |   sext_ln1347_12_fu_2800  |    0    |    0    |    0    |
|          |    tmp_839_cast_fu_2804   |    0    |    0    |    0    |
|          |    tmp_854_cast_fu_2815   |    0    |    0    |    0    |
|          |   sext_ln121_12_fu_2826   |    0    |    0    |    0    |
|          |  sext_ln1273_107_fu_2829  |    0    |    0    |    0    |
|          |  sext_ln1273_108_fu_2840  |    0    |    0    |    0    |
|          |   sext_ln1347_13_fu_2868  |    0    |    0    |    0    |
|          |    tmp_840_cast_fu_2872   |    0    |    0    |    0    |
|          |    tmp_841_cast_fu_2883   |    0    |    0    |    0    |
|          |    tmp_855_cast_fu_2894   |    0    |    0    |    0    |
|          |    tmp_856_cast_fu_2905   |    0    |    0    |    0    |
|          |   sext_ln121_13_fu_2916   |    0    |    0    |    0    |
|          |   sext_ln1347_14_fu_2937  |    0    |    0    |    0    |
|          |   sext_ln121_14_fu_2958   |    0    |    0    |    0    |
|          |   sext_ln1347_15_fu_2979  |    0    |    0    |    0    |
|          |   sext_ln121_15_fu_2983   |    0    |    0    |    0    |
|          |   sext_ln1347_16_fu_2996  |    0    |    0    |    0    |
|----------|---------------------------|---------|---------|---------|
|   Total  |                           |    16   |    0    |   222   |
|----------|---------------------------|---------|---------|---------|

Memories:
N/A

* Register list:
+------------------------+--------+
|                        |   FF   |
+------------------------+--------+
| K_V_1_addr_10_reg_3796 |    6   |
| K_V_1_addr_11_reg_3936 |    6   |
| K_V_1_addr_12_reg_3941 |    6   |
| K_V_1_addr_13_reg_4061 |    6   |
| K_V_1_addr_14_reg_4066 |    6   |
| K_V_1_addr_15_reg_4166 |    6   |
| K_V_1_addr_16_reg_4401 |    6   |
| K_V_1_addr_17_reg_4501 |    6   |
| K_V_1_addr_18_reg_4506 |    6   |
| K_V_1_addr_19_reg_3393 |    6   |
| K_V_1_addr_20_reg_3398 |    6   |
| K_V_1_addr_21_reg_3531 |    6   |
| K_V_1_addr_22_reg_3536 |    6   |
| K_V_1_addr_23_reg_3701 |    6   |
| K_V_1_addr_24_reg_3706 |    6   |
| K_V_1_addr_25_reg_3831 |    6   |
| K_V_1_addr_26_reg_3836 |    6   |
| K_V_1_addr_27_reg_3976 |    6   |
| K_V_1_addr_28_reg_3981 |    6   |
| K_V_1_addr_29_reg_4101 |    6   |
| K_V_1_addr_30_reg_4106 |    6   |
| K_V_1_addr_31_reg_4186 |    6   |
| K_V_1_addr_32_reg_4421 |    6   |
| K_V_1_addr_33_reg_4541 |    6   |
| K_V_1_addr_34_reg_4546 |    6   |
|  K_V_1_addr_4_reg_3351 |    6   |
|  K_V_1_addr_5_reg_3485 |    6   |
|  K_V_1_addr_6_reg_3490 |    6   |
|  K_V_1_addr_7_reg_3646 |    6   |
|  K_V_1_addr_8_reg_3651 |    6   |
|  K_V_1_addr_9_reg_3791 |    6   |
|   K_V_1_addr_reg_3346  |    6   |
| K_V_2_addr_10_reg_3806 |    6   |
| K_V_2_addr_11_reg_3946 |    6   |
| K_V_2_addr_12_reg_3951 |    6   |
| K_V_2_addr_13_reg_4071 |    6   |
| K_V_2_addr_14_reg_4076 |    6   |
| K_V_2_addr_15_reg_4171 |    6   |
| K_V_2_addr_16_reg_4406 |    6   |
| K_V_2_addr_17_reg_4511 |    6   |
| K_V_2_addr_18_reg_4516 |    6   |
| K_V_2_addr_19_reg_3403 |    6   |
| K_V_2_addr_20_reg_3408 |    6   |
| K_V_2_addr_21_reg_3541 |    6   |
| K_V_2_addr_22_reg_3546 |    6   |
| K_V_2_addr_23_reg_3711 |    6   |
| K_V_2_addr_24_reg_3716 |    6   |
| K_V_2_addr_25_reg_3841 |    6   |
| K_V_2_addr_26_reg_3846 |    6   |
| K_V_2_addr_27_reg_3986 |    6   |
| K_V_2_addr_28_reg_3991 |    6   |
| K_V_2_addr_29_reg_4111 |    6   |
| K_V_2_addr_30_reg_4116 |    6   |
| K_V_2_addr_31_reg_4191 |    6   |
| K_V_2_addr_32_reg_4426 |    6   |
| K_V_2_addr_33_reg_4551 |    6   |
| K_V_2_addr_34_reg_4556 |    6   |
|  K_V_2_addr_4_reg_3361 |    6   |
|  K_V_2_addr_5_reg_3495 |    6   |
|  K_V_2_addr_6_reg_3500 |    6   |
|  K_V_2_addr_7_reg_3656 |    6   |
|  K_V_2_addr_8_reg_3661 |    6   |
|  K_V_2_addr_9_reg_3801 |    6   |
|   K_V_2_addr_reg_3356  |    6   |
| K_V_3_addr_10_reg_3816 |    6   |
| K_V_3_addr_11_reg_3956 |    6   |
| K_V_3_addr_12_reg_3961 |    6   |
| K_V_3_addr_13_reg_4081 |    6   |
| K_V_3_addr_14_reg_4086 |    6   |
| K_V_3_addr_15_reg_4176 |    6   |
| K_V_3_addr_16_reg_4411 |    6   |
| K_V_3_addr_17_reg_4521 |    6   |
| K_V_3_addr_18_reg_4526 |    6   |
| K_V_3_addr_19_reg_3413 |    6   |
| K_V_3_addr_20_reg_3418 |    6   |
| K_V_3_addr_21_reg_3551 |    6   |
| K_V_3_addr_22_reg_3556 |    6   |
| K_V_3_addr_23_reg_3721 |    6   |
| K_V_3_addr_24_reg_3726 |    6   |
| K_V_3_addr_25_reg_3851 |    6   |
| K_V_3_addr_26_reg_3856 |    6   |
| K_V_3_addr_27_reg_3996 |    6   |
| K_V_3_addr_28_reg_4001 |    6   |
| K_V_3_addr_29_reg_4121 |    6   |
| K_V_3_addr_30_reg_4126 |    6   |
| K_V_3_addr_31_reg_4196 |    6   |
| K_V_3_addr_32_reg_4431 |    6   |
| K_V_3_addr_33_reg_4561 |    6   |
| K_V_3_addr_34_reg_4566 |    6   |
|  K_V_3_addr_4_reg_3371 |    6   |
|  K_V_3_addr_5_reg_3505 |    6   |
|  K_V_3_addr_6_reg_3510 |    6   |
|  K_V_3_addr_7_reg_3666 |    6   |
|  K_V_3_addr_8_reg_3671 |    6   |
|  K_V_3_addr_9_reg_3811 |    6   |
|   K_V_3_addr_reg_3366  |    6   |
|  K_V_addr_10_reg_3786  |    6   |
|  K_V_addr_11_reg_3926  |    6   |
|  K_V_addr_12_reg_3931  |    6   |
|  K_V_addr_13_reg_4051  |    6   |
|  K_V_addr_14_reg_4056  |    6   |
|  K_V_addr_15_reg_4161  |    6   |
|  K_V_addr_16_reg_4396  |    6   |
|  K_V_addr_17_reg_4491  |    6   |
|  K_V_addr_18_reg_4496  |    6   |
|  K_V_addr_19_reg_3376  |    6   |
|  K_V_addr_20_reg_3388  |    6   |
|  K_V_addr_21_reg_3521  |    6   |
|  K_V_addr_22_reg_3526  |    6   |
|  K_V_addr_23_reg_3686  |    6   |
|  K_V_addr_24_reg_3696  |    6   |
|  K_V_addr_25_reg_3821  |    6   |
|  K_V_addr_26_reg_3826  |    6   |
|  K_V_addr_27_reg_3966  |    6   |
|  K_V_addr_28_reg_3971  |    6   |
|  K_V_addr_29_reg_4091  |    6   |
|  K_V_addr_30_reg_4096  |    6   |
|  K_V_addr_31_reg_4181  |    6   |
|  K_V_addr_32_reg_4416  |    6   |
|  K_V_addr_33_reg_4531  |    6   |
|  K_V_addr_34_reg_4536  |    6   |
|   K_V_addr_4_reg_3341  |    6   |
|   K_V_addr_5_reg_3475  |    6   |
|   K_V_addr_6_reg_3480  |    6   |
|   K_V_addr_7_reg_3631  |    6   |
|   K_V_addr_8_reg_3641  |    6   |
|   K_V_addr_9_reg_3781  |    6   |
|    K_V_addr_reg_3329   |    6   |
| V_V_1_addr_10_reg_4021 |    6   |
| V_V_1_addr_11_reg_4316 |    6   |
| V_V_1_addr_12_reg_4356 |    6   |
| V_V_1_addr_13_reg_4361 |    6   |
| V_V_1_addr_14_reg_4451 |    6   |
| V_V_1_addr_15_reg_4456 |    6   |
|  V_V_1_addr_1_reg_3298 |    6   |
|  V_V_1_addr_2_reg_3439 |    6   |
|  V_V_1_addr_3_reg_3444 |    6   |
|  V_V_1_addr_4_reg_3586 |    6   |
|  V_V_1_addr_5_reg_3591 |    6   |
|  V_V_1_addr_6_reg_3746 |    6   |
|  V_V_1_addr_7_reg_3751 |    6   |
|  V_V_1_addr_8_reg_3881 |    6   |
|  V_V_1_addr_9_reg_3886 |    6   |
|   V_V_1_addr_reg_3293  |    6   |
| V_V_2_addr_10_reg_4026 |    6   |
| V_V_2_addr_11_reg_4321 |    6   |
| V_V_2_addr_12_reg_4366 |    6   |
| V_V_2_addr_13_reg_4371 |    6   |
| V_V_2_addr_14_reg_4461 |    6   |
| V_V_2_addr_15_reg_4466 |    6   |
|  V_V_2_addr_1_reg_3308 |    6   |
|  V_V_2_addr_2_reg_3449 |    6   |
|  V_V_2_addr_3_reg_3454 |    6   |
|  V_V_2_addr_4_reg_3596 |    6   |
|  V_V_2_addr_5_reg_3601 |    6   |
|  V_V_2_addr_6_reg_3756 |    6   |
|  V_V_2_addr_7_reg_3761 |    6   |
|  V_V_2_addr_8_reg_3891 |    6   |
|  V_V_2_addr_9_reg_3896 |    6   |
|   V_V_2_addr_reg_3303  |    6   |
| V_V_3_addr_10_reg_4031 |    6   |
| V_V_3_addr_11_reg_4326 |    6   |
| V_V_3_addr_12_reg_4376 |    6   |
| V_V_3_addr_13_reg_4381 |    6   |
| V_V_3_addr_14_reg_4471 |    6   |
| V_V_3_addr_15_reg_4476 |    6   |
|  V_V_3_addr_1_reg_3318 |    6   |
|  V_V_3_addr_2_reg_3459 |    6   |
|  V_V_3_addr_3_reg_3464 |    6   |
|  V_V_3_addr_4_reg_3606 |    6   |
|  V_V_3_addr_5_reg_3611 |    6   |
|  V_V_3_addr_6_reg_3766 |    6   |
|  V_V_3_addr_7_reg_3771 |    6   |
|  V_V_3_addr_8_reg_3901 |    6   |
|  V_V_3_addr_9_reg_3906 |    6   |
|   V_V_3_addr_reg_3313  |    6   |
|  V_V_addr_10_reg_4016  |    6   |
|  V_V_addr_11_reg_4311  |    6   |
|  V_V_addr_12_reg_4346  |    6   |
|  V_V_addr_13_reg_4351  |    6   |
|  V_V_addr_14_reg_4441  |    6   |
|  V_V_addr_15_reg_4446  |    6   |
|   V_V_addr_1_reg_3288  |    6   |
|   V_V_addr_2_reg_3429  |    6   |
|   V_V_addr_3_reg_3434  |    6   |
|   V_V_addr_4_reg_3571  |    6   |
|   V_V_addr_5_reg_3581  |    6   |
|   V_V_addr_6_reg_3736  |    6   |
|   V_V_addr_7_reg_3741  |    6   |
|   V_V_addr_8_reg_3871  |    6   |
|   V_V_addr_9_reg_3876  |    6   |
|    V_V_addr_reg_3276   |    6   |
|       d1_reg_3200      |    5   |
|       d2_reg_3193      |    5   |
|    empty_65_reg_3242   |    4   |
|    empty_66_reg_3259   |    2   |
|     empty_reg_3226     |    2   |
|   icmp_ln121_reg_3232  |    1   |
|   icmp_ln122_reg_3236  |    1   |
| indvar_flatten_reg_3207|    9   |
|    lhs_494_reg_4216    |   26   |
|    lhs_495_reg_4236    |   26   |
|    lhs_496_reg_4251    |   26   |
|    lhs_497_reg_4266    |   26   |
|    lhs_498_reg_4281    |   26   |
|    lhs_499_reg_4296    |   26   |
|    lhs_500_reg_4331    |   26   |
|    lhs_501_reg_4386    |   26   |
|    lhs_502_reg_4481    |   26   |
|    lhs_503_reg_4576    |   26   |
|    lhs_504_reg_4586    |   26   |
|    lhs_505_reg_4596    |   26   |
|    lhs_506_reg_4621    |   26   |
|    lhs_507_reg_4626    |   26   |
|      lhs_reg_4146      |   26   |
|    lshr_ln_reg_3265    |    2   |
|  p_mid1_cast_reg_3676  |    4   |
|     p_mid1_reg_3247    |    2   |
|        reg_1870        |   16   |
|        reg_1874        |   16   |
|        reg_1878        |   16   |
|        reg_1882        |   16   |
|        reg_1886        |   16   |
|        reg_1890        |   16   |
|        reg_1894        |   16   |
|select_ln121_10_reg_4136|   16   |
|select_ln121_11_reg_4141|   16   |
|select_ln121_12_reg_4206|   16   |
|select_ln121_13_reg_4211|   16   |
|select_ln121_14_reg_4231|   16   |
| select_ln121_6_reg_3866|   16   |
| select_ln121_9_reg_4011|   16   |
| sext_ln121_10_reg_4306 |   26   |
| sext_ln121_11_reg_4341 |   26   |
| sext_ln121_12_reg_4436 |   26   |
| sext_ln121_13_reg_4571 |   26   |
| sext_ln121_14_reg_4591 |   26   |
| sext_ln121_15_reg_4606 |   26   |
|  sext_ln121_1_reg_3861 |   26   |
|  sext_ln121_2_reg_4006 |   26   |
|  sext_ln121_3_reg_4131 |   26   |
|  sext_ln121_4_reg_4201 |   26   |
|  sext_ln121_5_reg_4226 |   26   |
|  sext_ln121_6_reg_4246 |   26   |
|  sext_ln121_7_reg_4261 |   26   |
|  sext_ln121_8_reg_4276 |   26   |
|  sext_ln121_9_reg_4291 |   26   |
|   sext_ln121_reg_3731  |   26   |
|  sext_ln1270_reg_3776  |   26   |
| sext_ln1347_10_reg_4301|   26   |
| sext_ln1347_11_reg_4336|   26   |
| sext_ln1347_12_reg_4391|   26   |
| sext_ln1347_13_reg_4486|   26   |
| sext_ln1347_14_reg_4581|   26   |
| sext_ln1347_15_reg_4601|   26   |
| sext_ln1347_16_reg_4616|   26   |
| sext_ln1347_3_reg_4036 |   26   |
| sext_ln1347_4_reg_4151 |   26   |
| sext_ln1347_5_reg_4221 |   26   |
| sext_ln1347_6_reg_4241 |   26   |
| sext_ln1347_7_reg_4256 |   26   |
| sext_ln1347_8_reg_4271 |   26   |
| sext_ln1347_9_reg_4286 |   26   |
|  sext_ln1347_reg_3911  |   26   |
|     tmp_19_reg_3616    |   16   |
|     tmp_22_reg_3916    |   16   |
|     tmp_23_reg_3921    |   16   |
|     tmp_24_reg_4041    |   16   |
|     tmp_25_reg_4046    |   16   |
|     tmp_26_reg_4156    |   16   |
|    tmp_536_reg_4611    |   20   |
|  tmp_826_cast_reg_3621 |    4   |
|  tmp_827_cast_reg_3334 |    3   |
|  tmp_828_cast_reg_3469 |    4   |
|  tmp_830_cast_reg_3626 |    5   |
|  tmp_831_cast_reg_3636 |    5   |
|  tmp_842_cast_reg_3381 |    3   |
|  tmp_843_cast_reg_3515 |    4   |
|  tmp_845_cast_reg_3681 |    5   |
|  tmp_846_cast_reg_3691 |    5   |
|  tmp_857_cast_reg_3281 |    3   |
|  tmp_858_cast_reg_3423 |    4   |
|  tmp_860_cast_reg_3566 |    5   |
|  tmp_861_cast_reg_3576 |    5   |
|     tmp_s_reg_3214     |    2   |
|  trunc_ln1273_reg_3323 |    2   |
| zext_ln1273_1_reg_3561 |    4   |
+------------------------+--------+
|          Total         |  2814  |
+------------------------+--------+

* Multiplexer (MUX) list: 
|-------------------|------|------|------|--------||---------||---------|
|        Comp       |  Pin | Size |  BW  | S x BW ||  Delay  ||   LUT   |
|-------------------|------|------|------|--------||---------||---------|
| grp_access_fu_174 |  p0  |  16  |   6  |   96   ||    65   |
| grp_access_fu_174 |  p2  |  16  |   0  |    0   ||    65   |
| grp_access_fu_184 |  p0  |  16  |   6  |   96   ||    65   |
| grp_access_fu_184 |  p2  |  16  |   0  |    0   ||    65   |
| grp_access_fu_194 |  p0  |  16  |   6  |   96   ||    65   |
| grp_access_fu_194 |  p2  |  16  |   0  |    0   ||    65   |
| grp_access_fu_204 |  p0  |  16  |   6  |   96   ||    65   |
| grp_access_fu_204 |  p2  |  16  |   0  |    0   ||    65   |
| grp_access_fu_274 |  p0  |  32  |   6  |   192  ||   142   |
| grp_access_fu_274 |  p2  |  32  |   0  |    0   ||   142   |
| grp_access_fu_284 |  p0  |  32  |   6  |   192  ||   142   |
| grp_access_fu_284 |  p2  |  32  |   0  |    0   ||   142   |
| grp_access_fu_294 |  p0  |  32  |   6  |   192  ||   142   |
| grp_access_fu_294 |  p2  |  32  |   0  |    0   ||   142   |
| grp_access_fu_304 |  p0  |  32  |   6  |   192  ||   142   |
| grp_access_fu_304 |  p2  |  32  |   0  |    0   ||   142   |
|    grp_fu_3051    |  p0  |   2  |  16  |   32   ||    9    |
|    grp_fu_3051    |  p1  |   2  |  16  |   32   ||    9    |
|    grp_fu_3058    |  p0  |   3  |  16  |   48   ||    14   |
|    grp_fu_3058    |  p1  |   2  |  16  |   32   ||    9    |
|    grp_fu_3067    |  p0  |   3  |  16  |   48   ||    14   |
|    grp_fu_3067    |  p1  |   2  |  16  |   32   ||    9    |
|    grp_fu_3076    |  p0  |   3  |  16  |   48   ||    14   |
|    grp_fu_3076    |  p1  |   2  |  16  |   32   ||    9    |
|    grp_fu_3085    |  p0  |   3  |  16  |   48   ||    14   |
|    grp_fu_3085    |  p1  |   2  |  16  |   32   ||    9    |
|    grp_fu_3094    |  p0  |   3  |  16  |   48   ||    14   |
|    grp_fu_3094    |  p1  |   2  |  16  |   32   ||    9    |
|    grp_fu_3103    |  p0  |   3  |  16  |   48   ||    14   |
|    grp_fu_3103    |  p1  |   2  |  16  |   32   ||    9    |
|    grp_fu_3112    |  p0  |   3  |  16  |   48   ||    14   |
|    grp_fu_3112    |  p1  |   2  |  16  |   32   ||    9    |
|    grp_fu_3121    |  p0  |   3  |  16  |   48   ||    14   |
|    grp_fu_3121    |  p1  |   2  |  16  |   32   ||    9    |
|    grp_fu_3130    |  p0  |   3  |  16  |   48   ||    14   |
|    grp_fu_3130    |  p1  |   2  |  16  |   32   ||    9    |
|    grp_fu_3139    |  p0  |   3  |  16  |   48   ||    14   |
|    grp_fu_3139    |  p1  |   2  |  16  |   32   ||    9    |
|    grp_fu_3148    |  p0  |   3  |  16  |   48   ||    14   |
|    grp_fu_3148    |  p1  |   2  |  16  |   32   ||    9    |
|    grp_fu_3157    |  p0  |   3  |  16  |   48   ||    14   |
|    grp_fu_3157    |  p1  |   2  |  16  |   32   ||    9    |
|    grp_fu_3166    |  p0  |   3  |  16  |   48   ||    14   |
|    grp_fu_3166    |  p1  |   2  |  16  |   32   ||    9    |
|    grp_fu_3175    |  p0  |   3  |  16  |   48   ||    14   |
|    grp_fu_3175    |  p1  |   2  |  16  |   32   ||    9    |
|    grp_fu_3184    |  p0  |   3  |  16  |   48   ||    14   |
|    grp_fu_3184    |  p1  |   2  |  16  |   32   ||    9    |
|-------------------|------|------|------|--------||---------||---------|
|       Total       |      |      |      |  2416  || 94.7575 ||   2019  |
|-------------------|------|------|------|--------||---------||---------|



* Summary:
+-----------+--------+--------+--------+--------+
|           |   DSP  |  Delay |   FF   |   LUT  |
+-----------+--------+--------+--------+--------+
|  Function |   16   |    -   |    0   |   222  |
|   Memory  |    -   |    -   |    -   |    -   |
|Multiplexer|    -   |   94   |    -   |  2019  |
|  Register |    -   |    -   |  2814  |    -   |
+-----------+--------+--------+--------+--------+
|   Total   |   16   |   94   |  2814  |  2241  |
+-----------+--------+--------+--------+--------+
