index,label,pass,prediction,read_decode,resize,normalize,patch,quantize,buffer_prep,kernel,readback,total_ms
0,0,1,1,12.452702,2.625089,0.575865,0.841600,0.707680,0.336647,0.998935,0.384517,19.075250
1,1,1,1,11.558271,2.629797,0.575772,0.819016,0.703016,0.341397,0.985754,0.382376,18.152775
2,1,1,1,10.717692,2.741409,0.572818,0.822215,0.699015,0.335797,0.999366,0.383852,17.426313
3,1,1,0,13.819114,2.718683,0.577477,0.821040,0.708018,0.341963,0.999231,0.386123,20.527181
4,1,1,1,10.674203,2.624873,0.683618,0.831231,0.709563,0.342775,0.997273,0.384560,17.408474
5,1,1,1,13.745428,2.716781,0.598658,0.814892,0.703902,0.341477,0.998713,0.385538,20.466357
6,1,1,1,13.617224,2.725742,0.574486,0.825416,0.704314,0.338013,0.997748,0.383305,20.325003
7,1,1,1,11.256935,2.626917,0.578818,0.818855,0.831132,0.338443,0.991157,0.390972,17.992068
8,1,1,1,13.534874,2.629064,0.585957,0.935970,0.714049,0.338547,1.001305,0.389415,20.287403
9,1,1,1,11.865021,2.625883,0.574320,0.819360,0.707846,0.429587,1.000831,0.418412,18.601631
10,1,1,1,11.221600,2.627545,0.573353,0.812646,0.709305,0.339723,0.988253,0.385385,17.816923
11,1,1,1,11.724911,2.629329,0.577741,0.818019,0.698738,0.346603,0.987182,0.385951,18.322978
12,1,1,1,11.427637,2.754843,0.581538,0.824142,0.705581,0.341292,0.998295,0.381933,18.175649
13,1,1,1,10.810302,2.630301,0.671373,0.822381,0.704062,0.340412,0.999354,0.383458,17.516523
14,1,1,1,11.865686,2.628376,0.575926,0.821342,0.812381,0.340443,0.999366,0.389354,18.590671
15,1,1,1,10.778080,2.629243,0.575828,0.814763,0.701816,0.341656,0.985293,0.387384,17.369742
16,1,1,1,10.694800,2.628548,0.573809,0.822221,0.701699,0.338769,0.984529,0.390462,17.291249
17,1,1,1,10.766782,2.727674,0.581803,0.822942,0.702529,0.339834,0.997828,0.392024,17.488849
18,1,1,1,11.730283,2.630566,0.581212,0.956099,0.708904,0.339464,0.998172,0.387262,18.490511
19,1,1,1,13.290160,2.630763,0.582572,0.948148,0.718615,0.343846,1.001274,0.390314,20.063452
20,1,1,1,10.687471,2.626480,0.583157,0.826356,0.699096,0.343163,0.999422,0.421785,17.348246
21,1,1,1,13.573865,2.625427,0.583083,0.825606,0.708492,0.341237,1.002295,0.422683,20.238757
22,1,1,1,11.290733,2.632880,0.585194,0.822018,0.700745,0.342413,0.997286,0.389163,17.919846
23,1,1,1,11.841317,2.627747,0.582141,0.823452,0.705416,0.345293,0.989778,0.386339,18.458338
24,1,1,1,11.453594,2.731286,0.587606,0.819193,0.706437,0.338609,0.987440,0.385779,18.168172
25,1,1,1,10.832099,2.626130,0.583034,0.964204,0.703538,0.343871,0.985151,0.390720,17.586511
26,1,1,1,10.812369,2.636493,0.580486,0.818788,0.703304,0.337944,1.000043,0.409207,17.457655
27,0,1,0,13.386622,2.630911,0.580917,0.826985,0.708277,0.339385,0.999299,0.406265,20.033957
28,1,1,1,10.784449,2.633631,0.575790,0.822461,0.703095,0.340449,0.984142,0.384646,17.383354
29,1,1,1,10.726179,2.761422,0.592492,0.828948,0.707268,0.344997,0.986991,0.388062,17.494874
30,1,1,1,12.807920,2.725858,0.579440,0.817988,0.704640,0.337957,0.999736,0.387003,19.516302
31,1,1,1,11.317243,2.631674,0.697348,0.829083,0.709255,0.343280,1.001255,0.386566,18.071785
32,1,1,1,13.676283,2.728062,0.582960,0.820707,0.704474,0.339354,1.002467,0.382671,20.393458
33,1,1,1,11.483422,2.636228,0.579280,0.828357,0.842621,0.341440,0.986228,0.390190,18.247741
34,0,1,0,13.348578,2.630178,0.582345,0.815686,0.741914,0.335538,0.998733,0.389144,20.097391
35,1,1,1,10.366806,2.631452,0.581587,0.824492,0.707157,0.343557,0.999299,0.387230,16.999470
36,0,1,0,13.856308,2.631212,0.578345,0.817311,0.704504,0.342209,0.984701,0.491157,20.563452
37,1,1,1,13.792455,2.628702,0.579415,0.820824,0.705964,0.341003,0.998111,0.429723,20.452339
38,1,1,1,10.824621,2.629108,0.578344,0.821945,0.706172,0.344271,0.997754,0.389046,17.449452
39,1,1,1,13.468406,2.633446,0.580043,0.821710,0.705470,0.344314,0.988185,0.382547,20.079680
40,0,1,0,13.909342,2.631397,0.583939,0.820769,0.712056,0.343127,0.990935,0.385538,20.535704
41,1,1,1,11.968480,2.629206,0.581243,0.821348,0.713477,0.343797,0.998326,0.391699,18.601415
42,1,1,1,10.753680,2.732615,0.586603,0.826419,0.706745,0.345095,0.985268,0.388923,17.488264
43,0,1,0,13.564320,2.728874,0.582818,0.824652,0.707274,0.343717,0.986338,0.384474,20.277114
44,1,1,1,13.685779,2.757840,0.590400,0.814456,0.704505,0.339852,0.999311,0.387003,20.437465
45,1,1,1,13.599225,2.726769,0.586370,0.823625,0.711618,0.347698,0.990093,0.390240,20.331661
46,1,1,1,9.388738,2.631766,0.579483,0.933187,0.716369,0.339852,0.997268,0.385594,16.130824
47,1,1,1,10.775655,2.628080,0.579262,0.823440,0.703293,0.342400,0.987896,0.501354,17.497421
48,1,1,1,10.661600,2.631163,0.575120,0.820425,0.699569,0.339114,0.984431,0.386271,17.257902
49,1,1,1,13.693877,2.627305,0.581107,0.819981,0.708763,0.339570,0.999551,0.386492,20.313693
50,1,1,1,10.775575,2.753901,0.585003,0.814862,0.701612,0.343477,0.996984,0.382874,17.511022
51,1,1,1,13.667748,2.720111,0.587791,0.827994,0.711471,0.340142,0.997268,0.384954,20.396800
52,1,1,1,11.257206,2.727102,0.598690,0.824609,0.705864,0.342424,0.997963,0.388012,18.004708
53,1,1,1,13.388234,2.720653,0.581096,0.822117,0.704726,0.346800,0.984726,0.388874,20.095489
54,1,1,1,13.878702,2.724868,0.583575,0.824068,0.704259,0.340899,0.983883,0.386425,20.586327
55,1,1,1,13.550425,2.744308,0.584591,0.822603,0.707766,0.343760,0.994874,0.388468,20.294757
56,1,1,1,13.396603,2.739114,0.582911,0.821526,0.700726,0.341889,0.985784,0.387489,20.113704
57,0,1,0,13.438406,2.725618,0.583453,0.830228,0.707108,0.341286,0.999200,0.389477,20.168911
58,1,1,1,11.835944,2.730271,0.579034,0.820917,0.708616,0.339692,1.000080,0.385766,18.555354
59,1,1,1,13.601624,2.726283,0.580560,0.826314,0.705009,0.341680,0.998147,0.386012,20.323114
60,1,1,1,10.693336,2.629157,0.588480,0.824960,0.834117,0.341576,0.988030,0.391348,17.454068
61,0,1,0,13.878480,2.631022,0.585569,0.935920,0.717871,0.343662,0.986664,0.385508,20.624222
62,1,1,1,13.578172,2.626818,0.582277,0.932554,0.711809,0.343249,0.984923,0.387513,20.305151
63,0,1,0,13.904025,2.625736,0.698517,0.823729,0.710560,0.342111,0.986855,0.391876,20.639052
64,1,1,1,13.463470,2.721034,0.590517,0.821939,0.704043,0.343471,0.985477,0.379126,20.165360
65,0,1,0,13.878123,2.738462,0.588597,0.829200,0.710283,0.340369,0.983914,0.388338,20.614911
66,1,1,1,11.559052,2.627243,0.588714,0.947674,0.714308,0.339329,1.000332,0.382123,18.319502
67,0,1,0,13.796708,2.624726,0.706572,0.826215,0.710425,0.339981,0.986665,0.389932,20.535945
68,1,1,1,11.744271,2.629040,0.583458,0.820701,0.836516,0.338252,0.986172,0.385920,18.488990
69,1,1,1,11.279360,2.629102,0.577582,0.824683,0.703477,0.347434,0.986092,0.503779,18.007224
70,1,1,1,13.519631,2.632394,0.576597,0.825827,0.706609,0.340788,1.000166,0.419994,20.182167
71,1,1,1,13.481932,2.629865,0.579514,0.828708,0.707840,0.345729,0.999539,0.424861,20.155600
72,1,1,1,11.510148,2.626844,0.576240,0.823095,0.703065,0.343335,0.997859,0.388942,18.124055
73,1,1,0,13.728505,2.630431,0.584148,0.823693,0.705877,0.341287,0.988160,0.385987,20.343514
74,1,1,1,10.846308,2.629809,0.581422,0.819471,0.699748,0.341655,1.000222,0.382148,17.461009
75,1,1,1,13.663065,2.632529,0.576701,0.829193,0.709674,0.342473,0.997434,0.384234,20.292769
76,0,1,0,13.752320,2.631089,0.578634,0.817335,0.696240,0.340369,0.984018,0.385034,20.341101
77,1,1,1,10.770153,2.728813,0.584387,0.823883,0.708086,0.343415,0.986541,0.388049,17.492037
78,1,1,1,10.654960,2.628339,0.583477,0.948560,0.710443,0.340308,0.983736,0.386997,17.396702
79,1,1,1,10.762609,2.633723,0.575618,0.814184,0.710013,0.340880,0.990812,0.487175,17.473028
80,0,1,0,13.542203,2.627022,0.583938,0.822240,0.702173,0.343785,0.988560,0.406412,20.173501
81,0,1,0,13.927446,2.631686,0.579047,0.823951,0.709680,0.344800,0.989403,0.412726,20.575772
82,1,1,1,12.137268,2.633988,0.579317,0.825784,0.700788,0.341304,0.986775,0.477649,18.841206
83,1,1,1,10.669914,2.628929,0.576579,0.822437,0.702320,0.342511,0.987797,0.386806,17.271126
84,1,1,1,10.724930,2.730424,0.583151,0.826400,0.706031,0.340566,0.987557,0.384499,17.444775
85,1,1,1,13.534290,2.722781,0.588370,0.826062,0.709182,0.343871,0.998492,0.389219,20.269452
86,0,1,1,12.134523,2.742831,0.588504,0.822929,0.710320,0.338216,0.996825,0.391612,18.888289
87,1,1,1,13.089858,2.729914,0.585047,0.826806,0.707846,0.342049,0.984530,0.389256,19.813236
88,1,1,0,13.552689,2.725410,0.584234,0.824707,0.705464,0.341644,0.986733,0.387729,20.266290
89,1,1,1,9.449367,2.631256,0.581791,0.817403,0.711286,0.343385,0.988419,0.421803,16.099809
90,1,1,1,13.389182,2.631016,0.575908,0.820665,0.701785,0.342658,0.991724,0.419650,20.032437
91,1,1,0,13.570788,2.626480,0.577120,0.825133,0.710073,0.347231,0.990584,0.435803,20.240738
92,1,1,1,13.499686,2.633157,0.582154,0.826363,0.709994,0.340394,1.000849,0.420351,20.171637
93,1,1,1,13.559261,2.630067,0.591410,0.821840,0.714024,0.447575,1.001766,0.405385,20.325446
94,1,1,1,11.231834,2.626904,0.581736,0.833982,0.707101,0.342664,0.990812,0.389594,17.862314
95,1,1,1,11.643711,2.631748,0.583434,0.827305,0.716830,0.341773,0.987188,0.388148,18.275932
96,1,1,1,13.850209,2.635077,0.584702,0.828486,0.712400,0.344043,0.987410,0.386277,20.488978
97,1,1,1,10.699397,2.761410,0.580240,0.827926,0.706400,0.344172,0.986204,0.389723,17.453501
98,1,1,1,13.552991,2.731938,0.585403,0.825016,0.705182,0.342351,1.001409,0.392012,20.290813
99,1,1,1,13.641046,2.637994,0.586591,0.822265,0.705311,0.339508,1.000141,0.383637,20.270338
100,1,1,1,11.235225,2.757182,0.582394,0.830658,0.706590,0.342658,0.997772,0.388603,17.996991
101,1,1,1,13.585607,2.732400,0.582474,0.824714,0.711440,0.345668,0.998978,0.387501,20.328173
102,1,1,1,10.736431,2.627453,0.581661,0.923902,0.717914,0.340185,0.986357,0.390930,17.462523
103,1,1,1,11.469299,2.628652,0.584289,0.827680,0.712553,0.340160,0.991815,0.411520,18.119569
104,1,1,0,13.732812,2.628837,0.580246,0.830474,0.707625,0.337901,0.990105,0.406659,20.370905
105,1,1,1,13.443938,2.630652,0.574738,0.824092,0.703674,0.424615,0.988929,0.403575,20.150701
106,1,1,0,13.815310,2.632006,0.582621,0.827293,0.832141,0.342911,0.998973,0.389440,20.581833
107,1,1,0,13.807243,2.636529,0.582510,1.132880,0.728634,0.342271,0.999655,0.389465,20.775723
108,1,1,1,11.840068,2.632104,0.580160,0.824892,0.704006,0.426523,1.002806,0.402135,18.572190
109,1,1,1,11.777200,2.630006,0.584049,0.820750,0.706720,0.337034,0.986301,0.498283,18.497643
110,0,1,0,13.815501,2.631311,0.583280,0.826056,0.706560,0.342419,0.988739,0.407926,20.459354
111,1,1,1,10.736616,2.634111,0.577212,0.829753,0.709224,0.342197,0.985895,0.385741,17.352436
112,1,1,1,12.984043,2.633944,0.584806,0.823367,0.706530,0.340049,0.996000,0.384603,19.607003
113,1,1,1,11.531563,2.735673,0.582425,0.824726,0.706554,0.344658,0.985939,0.385003,18.252209
114,1,1,1,10.675951,2.631816,0.688510,0.838025,0.709194,0.342714,0.985176,0.388659,17.418597
115,1,1,1,10.786941,2.629021,0.582400,0.817809,0.706504,0.345447,0.995631,0.425704,17.445748
116,1,1,1,10.684462,2.625046,0.577711,0.820627,0.711895,0.344793,0.985686,0.388874,17.292413
117,0,1,0,14.003956,2.629034,0.583188,0.823144,0.705797,0.342523,0.984270,0.390228,20.616474
118,1,1,1,11.503169,2.629329,0.586252,0.824498,0.707779,0.345175,0.999329,0.386554,18.135169
119,1,1,1,12.207434,2.762370,0.579735,0.821317,0.708868,0.340775,0.987600,0.392203,18.958585
120,1,1,1,13.114640,2.732203,0.578276,0.825883,0.703680,0.344203,0.996006,0.387717,19.839102
121,1,1,1,10.759747,2.628203,0.680160,0.820985,0.709120,0.344154,0.999096,0.383551,17.480320
122,1,1,1,11.385507,2.628369,0.573606,0.822007,0.824314,0.346806,1.001391,0.391944,18.136191
123,1,1,1,13.543994,2.629378,0.584695,0.818462,0.816960,0.341083,0.986868,0.393649,20.271114
124,0,1,0,13.515508,2.630148,0.578258,0.906782,0.723785,0.345083,0.997939,0.384917,20.239699
125,1,1,1,10.807071,2.629840,0.578406,0.827200,0.710523,0.342166,0.985434,0.502936,17.542855
126,1,1,1,10.726554,2.632880,0.577108,0.825323,0.706893,0.343064,0.997994,0.388056,17.351367
127,1,1,1,13.674929,2.631994,0.578147,0.824720,0.705446,0.340252,0.984554,0.385477,20.277218
128,1,1,1,9.324566,2.756166,0.582413,0.818708,0.710653,0.343182,0.986664,0.389194,16.066541
129,0,1,1,12.617723,2.629354,0.693200,0.833803,0.713539,0.344468,0.998450,0.391957,19.379347
130,0,1,0,13.810486,2.728572,0.586129,0.816381,0.704333,0.343655,0.999040,0.387299,20.535022
131,1,1,1,11.811957,2.632825,0.582086,0.926923,0.721594,0.341587,0.986431,0.386252,18.545950
132,1,1,1,13.625231,2.633354,0.586203,0.938450,0.718542,0.342117,0.987366,0.390861,20.378431
133,1,1,1,13.734369,2.630024,0.706763,0.828246,0.714548,0.347046,0.983853,0.385132,20.485218
134,0,1,0,13.819753,2.722923,0.587809,0.822843,0.703742,0.344536,0.986917,0.387471,20.533243
135,1,1,1,13.516234,2.720086,0.580947,0.823693,0.706369,0.344419,0.987994,0.387754,20.222954
136,1,1,1,13.426769,2.737261,0.585090,0.821317,0.710960,0.337938,0.987508,0.383181,20.148757
137,1,1,1,10.732812,2.627963,0.580984,0.824862,0.859514,0.341785,0.984929,0.388308,17.500474
138,0,1,0,13.604381,2.630572,0.583489,0.947182,0.719052,0.339994,0.998677,0.388781,20.376130
139,1,1,1,11.447618,2.636216,0.581662,0.823926,0.714751,0.344406,0.999065,0.421631,18.128393
140,0,1,0,13.771028,2.631194,0.584898,0.827587,0.703212,0.443680,0.987692,0.405169,20.511157
141,1,1,1,13.586376,2.630117,0.581274,0.825988,0.825717,0.342720,1.002234,0.390652,20.348960
142,1,1,1,10.727483,2.632929,0.588068,0.820314,0.706886,0.340394,0.986745,0.388129,17.346024
143,1,1,1,11.701545,2.637434,0.579576,0.824898,0.705913,0.346203,1.000591,0.388166,18.337674
144,1,1,1,8.900067,2.632769,0.698492,0.831231,0.712370,0.338228,0.992960,0.386135,15.649822
145,1,1,1,13.431360,2.631089,0.686597,0.820424,0.707114,0.343120,0.983957,0.387778,20.145077
146,1,1,1,13.603064,2.725754,0.578393,0.829077,0.703397,0.345495,0.996935,0.388332,20.329384
147,1,1,1,13.501865,2.749170,0.586302,0.828793,0.699650,0.341877,1.000019,0.384382,20.249766
148,1,1,1,10.695631,2.632296,0.583914,0.824788,0.801686,0.345262,0.983064,0.388314,17.414437
149,1,1,1,10.798111,2.634671,0.579262,0.819009,0.706209,0.343471,0.985335,0.387145,17.409520
150,1,1,1,13.573261,2.632794,0.583243,0.817982,0.705514,0.346825,0.986554,0.379877,20.185243
151,1,1,1,13.669828,2.627354,0.573883,0.817890,0.710154,0.344824,0.984320,0.477766,20.364067
152,1,1,1,12.191877,2.630923,0.572486,0.826849,0.704677,0.342191,0.996911,0.386000,18.806394
153,1,1,1,10.772332,2.739957,0.588430,0.819717,0.707095,0.342899,0.997501,0.386646,17.509736
154,1,1,1,11.637650,2.745890,0.584548,0.827083,0.702775,0.343157,1.000345,0.386283,18.385188
155,1,1,1,10.793175,2.628098,0.578788,0.827484,0.828480,0.341889,0.998455,0.387656,17.544861
156,1,1,1,13.744781,2.628209,0.585760,0.955625,0.716917,0.343342,0.987372,0.385071,20.506332
157,1,1,1,13.412074,2.630788,0.584806,0.939144,0.721446,0.344277,0.999828,0.384683,20.175157
158,0,1,0,13.741563,2.628689,0.701827,0.823077,0.709939,0.342523,0.986043,0.394388,20.485593
159,1,1,1,11.192222,2.629982,0.583729,0.821102,0.822671,0.350776,0.990505,0.395736,17.950744
160,1,1,1,11.948972,2.631803,0.585490,0.833230,0.709907,0.344739,1.001649,0.417366,18.630295
161,1,1,0,12.773760,2.631421,0.576948,0.821286,0.707532,0.342086,1.003544,0.488351,19.503065
162,1,1,1,10.817163,2.634671,0.581022,0.831268,0.707624,0.343114,0.998720,0.392037,17.462782
163,1,1,1,10.715840,2.754400,0.580203,0.820837,0.708344,0.340044,0.999520,0.388690,17.463323
164,0,1,0,13.793772,2.729483,0.579102,0.817618,0.709391,0.345828,1.001871,0.385637,20.517581
165,0,1,0,13.586628,2.740855,0.588714,0.823938,0.707175,0.342074,0.985735,0.385575,20.316148
166,1,1,1,10.769520,2.627637,0.699693,0.829194,0.706991,0.343618,0.998099,0.393237,17.525963
167,0,1,0,14.389181,2.726578,0.580670,0.820745,0.710172,0.343520,0.989373,0.389704,21.108979
168,1,1,1,13.531987,2.731360,0.585052,0.826025,0.705526,0.344172,0.999267,0.387834,20.268234
169,0,1,0,13.555815,2.756024,0.582301,0.826738,0.711520,0.342585,0.988074,0.384628,20.304652
170,0,1,1,13.601181,2.733526,0.586843,0.824985,0.711384,0.342530,0.985742,0.386572,20.328424
171,1,1,1,11.815206,2.728227,0.591373,0.827366,0.704302,0.343280,0.998363,0.386850,18.551520
172,1,1,1,10.720972,2.638579,0.578523,0.827040,0.852092,0.343864,0.997926,0.387699,17.503920
173,1,1,1,10.689723,2.630695,0.574456,0.823686,0.704744,0.340818,0.998123,0.386757,17.302689
174,1,1,1,11.316264,2.629902,0.578209,0.825815,0.710025,0.341071,1.000394,0.391354,17.949298
175,1,1,1,10.710812,2.788437,0.580572,0.817231,0.707508,0.339120,0.983981,0.385508,17.470554
176,0,1,0,13.797631,2.731446,0.586012,0.828775,0.703643,0.341662,0.986228,0.386861,20.521957
177,1,1,1,10.766351,2.631951,0.582474,0.951538,0.711138,0.344013,0.984738,0.390172,17.521009
178,1,1,1,11.800560,2.635120,0.586935,0.826013,0.815963,0.351286,1.000584,0.392493,18.570062
179,1,1,1,13.610363,2.632560,0.577151,0.816831,0.832572,0.345957,0.984855,0.391778,20.351913
180,1,1,1,12.721071,2.632554,0.583311,0.822720,0.816215,0.351834,0.997514,0.395366,19.489920
181,1,1,1,12.941988,2.632997,0.587692,0.820277,0.711225,0.447188,0.989901,0.400166,19.687317
182,1,1,1,10.664800,2.634308,0.582320,0.820382,0.705760,0.344375,0.987022,0.383945,17.279169
183,1,1,1,10.736548,2.834326,0.583508,0.824123,0.706529,0.342326,0.988646,0.387403,17.557341
184,1,1,1,10.690824,2.728240,0.583354,0.823206,0.707243,0.342849,1.000584,0.387612,17.421440
185,1,1,1,11.281403,2.630498,0.577896,0.824886,0.841575,0.344129,0.996320,0.389908,18.045458
186,1,1,1,13.433034,2.629501,0.573477,0.818412,0.812240,0.340658,0.986942,0.385348,20.135674
187,0,1,1,13.371631,2.632333,0.583077,0.909569,0.724794,0.344647,0.985705,0.391564,20.101471
188,1,1,1,10.644252,2.626732,0.584227,0.818190,0.708228,0.347317,0.998210,0.392000,17.386849
189,1,1,1,13.576123,2.632745,0.572191,0.824141,0.710037,0.343040,0.986591,0.499175,20.301373
190,0,1,0,13.858677,2.634615,0.571428,0.826443,0.706252,0.341016,0.988954,0.407908,20.489975
191,1,1,1,11.421378,2.626966,0.579655,0.822985,0.704892,0.343630,0.987673,0.386264,18.026855
192,1,1,1,12.885003,2.632954,0.574782,0.826154,0.701699,0.343631,1.001415,0.383896,19.503822
193,1,1,1,11.585563,2.628492,0.574917,0.824246,0.706751,0.341661,1.000708,0.386652,18.206818
194,1,1,1,11.442302,2.742523,0.580492,0.825957,0.711163,0.339680,0.984067,0.391945,18.173071
195,1,1,1,10.771570,2.633569,0.578585,0.926227,0.719114,0.342542,1.000941,0.383828,17.514787
196,0,1,0,13.646769,2.630788,0.575268,0.973674,0.717305,0.343416,0.999385,0.384683,20.434141
197,1,1,1,10.770209,2.633422,0.576344,0.823194,0.706837,0.344911,1.002160,0.421347,17.437089
198,1,1,1,10.723575,2.630289,0.578012,0.830572,0.706099,0.343944,0.999809,0.394899,17.364738
199,1,1,1,13.528216,2.631773,0.582541,0.819170,0.709108,0.337834,0.989957,0.384683,20.136012
200,0,1,0,13.875385,2.635446,0.578030,0.823926,0.704529,0.341932,0.999292,0.388018,20.502271
201,1,1,1,11.350953,2.631280,0.576093,0.819772,0.707127,0.342849,0.997114,0.384985,17.964092
202,1,1,1,13.692905,2.626320,0.583385,0.821526,0.705163,0.339754,0.999539,0.390375,20.315606
203,1,1,1,13.649637,2.630738,0.578141,0.824056,0.706191,0.342701,0.986553,0.383951,20.258492
204,1,1,1,10.665526,2.756314,0.576437,0.825169,0.710966,0.341274,0.998640,0.390258,17.422886
205,1,1,1,11.796738,2.633028,0.672400,0.821354,0.711022,0.342376,0.983828,0.388831,18.507920
206,1,1,1,11.866769,2.631033,0.576732,0.823625,0.813231,0.344000,1.001323,0.387914,18.605077
207,1,1,1,11.789390,2.631864,0.575637,0.816536,0.712252,0.341840,0.998751,0.408720,18.435532
208,1,1,1,13.756344,2.630412,0.581661,0.827465,0.700351,0.341606,1.074714,0.408862,20.479434
209,0,1,0,13.864209,2.634123,0.573668,0.819710,0.807502,0.345551,0.986264,0.386228,20.574437
210,1,1,1,13.505311,2.631988,0.572209,0.832806,0.835502,0.340093,0.985981,0.389803,20.252978
211,1,1,1,13.414793,2.632333,0.579249,0.820535,0.821884,0.340763,1.001551,0.391052,20.161791
212,1,1,1,11.822806,2.629766,0.577070,0.827453,0.708468,0.342129,0.989785,0.407206,18.460807
213,0,1,0,13.657717,2.628892,0.580738,0.824554,0.708634,0.450603,0.988640,0.408437,20.404210
214,1,1,1,11.788701,2.630252,0.583538,0.822542,0.705815,0.342665,0.985452,0.479089,18.498326
215,0,1,0,13.503138,2.632929,0.579058,0.821231,0.706209,0.342455,0.991655,0.499698,20.234179
216,1,1,1,13.551736,2.629871,0.576812,0.821914,0.706996,0.341901,1.033926,0.458573,20.283206
217,1,1,1,10.692043,2.631107,0.578135,0.820468,0.708738,0.342744,0.996973,0.383889,17.307803
218,0,1,0,12.181421,2.815551,0.746893,0.865827,0.740960,0.351840,1.000621,0.633428,19.526664
219,1,1,1,14.964142,2.788530,0.624265,0.854633,0.793009,0.370055,1.017385,0.660542,22.279021
220,1,1,1,11.250621,2.640880,0.590142,0.835803,0.726775,0.343710,0.988893,0.403255,17.944357
221,1,1,1,12.164843,2.714277,0.627747,0.843895,0.769828,0.363440,0.998332,0.503446,19.163870
222,1,1,1,11.191261,2.842412,0.754597,1.084357,0.870333,0.402800,1.016560,0.529477,18.892019
223,1,1,1,11.968265,2.899114,0.627207,0.932837,0.954794,0.398043,1.011625,0.597557,19.603951
224,0,1,0,14.715052,2.901619,0.735034,0.875335,0.764714,0.358578,0.993637,0.560634,22.092541
225,1,1,1,12.448855,2.649631,0.588972,0.827853,0.721969,0.349600,0.985453,0.409150,19.143914
226,0,1,0,14.201982,2.871077,0.681113,1.045286,0.910991,0.454862,1.012024,0.545556,21.921083
227,1,1,1,13.811390,2.880191,0.667938,0.971452,0.910450,0.411009,1.025711,0.549582,21.435354
228,1,1,1,12.339434,2.908006,0.712966,0.933274,0.934800,0.418634,1.005637,0.563440,20.042215
229,1,1,1,12.817200,2.875446,0.722628,1.033630,0.914129,0.505028,1.019674,0.548203,20.656166
230,1,1,1,14.232129,2.634271,0.582493,0.954185,0.720209,0.340542,0.998695,0.385213,21.007261
231,1,1,1,10.812172,2.633329,0.584222,0.819255,0.709366,0.339095,1.115409,0.428123,17.600923
232,1,1,1,10.724560,2.634492,0.577600,0.823187,0.707514,0.339902,0.988972,0.387139,17.339539
233,1,1,1,10.768830,2.741458,0.583428,0.823902,0.706714,0.341422,0.999575,0.386899,17.512800
234,1,1,0,13.316400,2.740923,0.578357,0.829113,0.701631,0.342560,1.000246,0.387895,20.058111
235,1,1,1,13.454191,2.748812,0.591569,0.831022,0.708007,0.341268,0.984185,0.387003,20.203859
236,1,1,1,13.671711,2.729464,0.577612,0.826332,0.708160,0.342111,0.998579,0.386954,20.402775
237,1,1,1,12.988738,2.750130,0.580935,0.828646,0.706031,0.343828,0.998314,0.388394,19.741403
238,1,1,1,10.712117,2.631070,0.679920,0.829563,0.710591,0.345797,0.997483,0.382634,17.444819
239,1,1,1,13.303520,2.635145,0.686381,0.826708,0.716154,0.341133,0.985804,0.386714,20.043212
240,1,1,1,11.229772,2.632695,0.579219,0.822658,0.711625,0.352634,0.990406,0.389582,17.955871
241,1,1,1,10.820000,2.626437,0.582892,0.821668,0.698431,0.342068,0.999440,0.386037,17.436185
242,1,1,1,13.619772,2.628572,0.573821,0.822203,0.704923,0.346683,0.983920,0.384997,20.220831
243,1,1,1,10.931588,2.629212,0.579981,0.825015,0.705483,0.347391,0.986068,0.383367,17.545089
244,1,1,1,11.653864,2.754647,0.577379,0.822646,0.709373,0.340092,0.988781,0.387144,18.390695
245,1,1,1,13.550597,2.742868,0.581151,0.835729,0.708339,0.346339,0.987200,0.387741,20.300461
246,1,1,1,10.645513,2.628948,0.666751,0.829150,0.712548,0.340942,0.985064,0.387496,17.354043
247,0,1,0,13.618295,2.633963,0.702899,0.822424,0.703230,0.341815,0.991538,0.388622,20.361317
248,1,1,1,9.508141,2.629532,0.574301,0.826252,0.708067,0.345273,0.985028,0.475544,16.208461
249,1,1,1,10.672129,2.634209,0.574092,0.826604,0.706911,0.340357,0.999415,0.389052,17.302990
250,1,1,1,12.209729,2.719317,0.585852,0.825028,0.706394,0.343864,0.987446,0.386837,18.921520
251,1,1,1,10.676148,2.633581,0.702142,0.827305,0.708603,0.343329,1.001372,0.384123,17.436548
252,1,1,1,10.747237,2.630000,0.576418,0.826566,0.713797,0.451261,1.000333,0.414480,17.518744
253,1,1,1,13.507760,2.634068,0.580382,0.822080,0.815224,0.342806,0.998578,0.391858,20.266997
254,1,1,1,12.299070,2.635243,0.578585,0.825015,0.703680,0.342431,0.993372,0.429378,18.963538
255,1,1,1,11.758659,2.632012,0.580720,0.820474,0.709502,0.342400,0.986769,0.392338,18.382006
256,1,1,1,12.523594,2.630344,0.582862,0.822468,0.709834,0.343662,0.985095,0.381655,19.133176
257,1,1,1,13.540997,2.631262,0.579969,0.828990,0.706819,0.341077,0.985305,0.384572,20.158744
258,1,1,1,10.707336,2.738991,0.581145,0.824782,0.709268,0.342616,0.997569,0.388283,17.446806
259,0,1,0,13.949809,2.629711,0.584363,0.828732,0.703342,0.344634,0.999680,0.387711,20.583366
260,0,1,0,13.886036,2.631280,0.576344,0.824234,0.705293,0.343871,0.985748,0.391009,20.499015
261,1,1,1,13.664720,2.628037,0.589015,0.824499,0.710529,0.344806,0.985267,0.390449,20.294339
262,1,1,1,10.751613,2.731662,0.573747,0.823286,0.707157,0.344222,1.000049,0.386646,17.475421
263,1,1,1,10.739440,2.631496,0.581520,0.945963,0.715384,0.344240,0.987932,0.394283,17.500696
264,1,1,1,10.687433,2.629754,0.571581,0.827716,0.709213,0.347274,0.983656,0.410080,17.399926
265,1,1,1,10.712295,2.629496,0.575766,0.822880,0.707028,0.343926,0.986425,0.386074,17.318566
266,1,1,1,13.620990,2.632289,0.579459,0.827354,0.709427,0.341871,0.985600,0.387803,20.237533
267,1,1,1,10.811317,2.729656,0.581981,0.824314,0.711613,0.343348,0.983280,0.383151,17.526880
268,1,1,1,11.383422,2.628326,0.700295,0.825151,0.705089,0.347612,0.998683,0.388893,18.133280
269,1,1,1,10.801827,2.632320,0.579655,0.823796,0.709064,0.457298,0.989219,0.410578,17.564339
270,1,1,1,10.708160,2.630357,0.575188,0.827766,0.708234,0.342400,0.989742,0.388289,17.327323
271,1,1,1,14.619526,2.628080,0.579219,0.826911,0.706160,0.342781,0.988566,0.500289,21.348701
272,1,1,1,10.730653,2.638074,0.574148,0.823736,0.703027,0.345409,0.999864,0.387347,17.357637
273,1,1,1,12.063526,2.747225,0.580295,0.825687,0.711859,0.343606,0.985508,0.388867,18.805138
274,1,1,1,13.492658,2.633021,0.583335,0.822431,0.710578,0.342929,0.984794,0.387538,20.111009
275,0,1,0,14.144326,2.632572,0.580560,0.825926,0.708043,0.340462,1.001982,0.387428,20.780227
276,1,1,1,13.650991,2.632271,0.578302,0.819920,0.709329,0.341305,0.984068,0.384609,20.256073
277,1,1,1,13.721083,2.627089,0.577127,0.833594,0.705207,0.345132,0.988979,0.387933,20.342713
278,0,1,0,13.826234,2.630258,0.581939,0.821016,0.709403,0.344886,0.994936,0.389840,20.451717
279,1,1,1,9.346110,2.762129,0.583102,0.832450,0.706480,0.345237,0.989853,0.384806,16.111366
280,1,1,0,13.688006,2.744633,0.579570,0.817132,0.702240,0.341440,0.997785,0.387132,20.412664
281,1,1,1,10.808659,2.630418,0.582492,0.940074,0.713237,0.342062,0.999582,0.390031,17.567409
282,1,1,1,10.673299,2.629274,0.574314,0.825508,0.705083,0.341255,0.992880,0.411908,17.311089
283,1,1,1,11.484105,2.704831,0.580972,0.812363,0.700750,0.329957,0.984462,0.384425,18.144338
284,1,1,1,11.366135,2.637224,0.581298,0.815902,0.710474,0.344536,0.984966,0.382665,17.978216
285,1,1,1,13.722511,2.633625,0.576966,0.823483,0.705625,0.343187,0.997963,0.392462,20.355403
286,1,1,1,11.711458,2.761926,0.583600,0.823065,0.706972,0.343686,0.988178,0.389428,18.466074
287,1,1,1,10.790825,2.631397,0.581662,0.942819,0.714215,0.343293,0.985360,0.389772,17.537797
288,0,1,0,13.559901,2.631040,0.685273,0.822517,0.706910,0.341539,0.984363,0.388449,20.277902
289,1,1,1,11.372437,2.630665,0.578086,0.826000,0.788185,0.352794,1.002221,0.387687,18.115735
290,1,1,1,10.733926,2.630179,0.578437,0.822456,0.707052,0.343391,0.986117,0.391490,17.349194
291,1,1,1,9.394018,2.741827,0.575058,0.823477,0.708123,0.345778,0.984056,0.392806,16.122750
292,1,1,1,11.215016,2.628289,0.708419,0.830763,0.710905,0.341828,0.998727,0.388308,17.977569
293,1,1,1,13.604381,2.627532,0.681828,0.821477,0.708843,0.342080,0.988012,0.388351,20.319815
294,1,1,1,10.759754,2.625790,0.577692,0.829692,0.705427,0.429858,0.991631,0.402480,17.479674
295,1,1,1,10.732652,2.631785,0.574167,0.823231,0.711484,0.345434,0.986560,0.387459,17.352283
296,1,1,1,10.748892,2.756566,0.575009,0.821883,0.707754,0.345230,0.999613,0.393187,17.504049
297,1,1,1,10.643532,2.631901,0.695126,0.823717,0.707551,0.341046,0.983336,0.387373,17.371742
298,1,1,1,10.658732,2.627422,0.581415,0.818443,0.704868,0.349507,0.997071,0.424812,17.319126
299,0,1,0,13.834382,2.627705,0.580265,0.821538,0.801810,0.353206,1.001932,0.392973,20.582197
300,1,1,1,13.539797,2.625803,0.572228,0.826960,0.836813,0.340634,1.001704,0.393286,20.297440
301,1,1,1,11.783163,2.626480,0.576984,0.819262,0.708597,0.345711,1.001200,0.427477,18.448972
302,1,1,1,10.625046,2.630590,0.567175,0.821391,0.709452,0.348129,0.988240,0.384616,17.230517
303,1,1,1,10.825809,2.737200,0.571840,0.821095,0.708246,0.345637,0.990086,0.389618,17.546579
304,1,1,1,10.310129,2.627797,0.572942,0.929766,0.714240,0.341853,0.998941,0.390923,17.041440
305,1,1,1,12.094622,2.636080,0.574308,0.825803,0.708166,0.454154,1.003810,0.396684,18.849827
306,1,1,1,11.260966,2.630726,0.575785,0.817581,0.704129,0.343809,0.998708,0.388904,17.877760
307,1,1,1,11.852215,2.629237,0.575237,0.824037,0.708498,0.341994,0.984320,0.392345,18.463822
308,1,1,1,10.609428,2.730609,0.579489,0.820332,0.708800,0.341194,0.997785,0.388794,17.331507
309,1,1,1,10.714302,2.632406,0.584025,0.949348,0.716215,0.341495,0.985674,0.385711,17.465311
310,1,1,0,13.768344,2.628553,0.712351,0.825982,0.705625,0.344978,0.990498,0.385637,20.520135
311,1,1,1,10.777132,2.631563,0.585052,0.829452,0.700246,0.345907,1.001945,0.420880,17.450782
312,1,1,1,10.753194,2.627735,0.578468,0.823267,0.706031,0.342880,0.987871,0.388351,17.363212
313,1,1,1,10.788400,2.730320,0.583274,0.821477,0.704627,0.340093,0.982136,0.392326,17.499895
314,1,1,1,10.716307,2.627262,0.675827,0.817692,0.703600,0.343840,0.985323,0.385083,17.412757
315,1,1,1,10.796929,2.632142,0.575323,0.827311,0.706652,0.343772,0.998707,0.409852,17.450733
316,1,1,1,13.498431,2.631218,0.579717,0.822407,0.714117,0.440332,0.986997,0.401415,20.230886
317,1,1,0,12.974412,2.629760,0.578818,0.828511,0.707754,0.341348,0.989883,0.409083,19.620240
318,1,1,1,11.350948,2.637206,0.577022,0.821224,0.708830,0.341834,0.986627,0.391329,17.970455
319,0,1,0,13.538849,2.631963,0.579415,0.819489,0.705280,0.345015,0.986338,0.389619,20.154585
320,1,1,1,11.839409,2.630609,0.574480,0.818763,0.705551,0.346781,1.001145,0.383243,18.452535
321,1,1,1,11.774984,2.733612,0.581292,0.824560,0.707040,0.343736,0.998769,0.387747,18.511058
322,1,1,1,12.487194,2.744111,0.575163,0.824750,0.706129,0.343606,1.000068,0.384480,19.221982
323,1,1,1,13.752099,2.749569,0.576812,0.824037,0.704123,0.340498,0.997803,0.387028,20.487003
324,1,1,1,11.262806,2.724142,0.580610,0.825372,0.704505,0.342062,0.988074,0.387065,17.971729
325,1,1,1,13.594800,2.729194,0.577071,0.823864,0.703544,0.342492,0.997009,0.385582,20.308474
326,1,1,1,13.490597,2.728209,0.582689,0.825378,0.710640,0.342898,1.002136,0.382265,20.221040
327,1,1,1,11.544056,2.630991,0.576726,0.921194,0.705736,0.343459,0.990677,0.387773,18.258967
328,1,1,1,13.640578,2.633181,0.686080,0.819329,0.703796,0.349427,0.994073,0.387348,20.369593
329,1,1,1,10.357058,2.633908,0.579544,0.822640,0.705846,0.344283,0.987465,0.412160,17.001341
330,1,1,1,13.500862,2.631612,0.579846,0.822824,0.705716,0.342782,0.989502,0.408720,20.137139
331,1,1,1,10.774203,2.632541,0.573046,0.825963,0.709692,0.339206,0.998517,0.389496,17.400757
332,1,1,1,13.615113,2.628745,0.576456,0.823274,0.713827,0.344917,0.986307,0.389772,20.230763
333,0,1,0,13.862726,2.631139,0.576345,0.822283,0.711120,0.341163,0.983982,0.386542,20.472141
334,1,1,1,13.220904,2.629864,0.574277,0.824794,0.707262,0.342621,0.986326,0.385693,19.828972
335,1,1,1,13.471256,2.633612,0.576689,0.829176,0.710831,0.341459,0.988622,0.384424,20.095046
336,1,1,1,10.855040,2.630517,0.575631,0.823569,0.711354,0.338997,0.998590,0.387336,17.473976
337,0,1,1,13.701747,2.628585,0.576000,0.830683,0.703034,0.343514,0.987809,0.392111,20.319711
338,1,1,1,11.316154,2.728031,0.580265,0.822123,0.709834,0.343945,0.986098,0.385545,18.026997
339,1,1,1,13.528302,2.745206,0.579877,0.831606,0.711403,0.344018,0.982930,0.388135,20.270062
340,1,1,1,9.474720,2.631108,0.577816,0.813569,0.836800,0.343003,1.000449,0.390702,16.224172
341,1,1,1,13.558382,2.627840,0.582505,0.819631,0.812037,0.344197,0.986117,0.385225,20.275545
342,1,1,1,13.540093,2.631070,0.580849,0.918301,0.719600,0.343741,0.989760,0.386665,20.265791
343,1,1,1,10.693662,2.630148,0.574240,0.826124,0.707163,0.342203,0.985994,0.504880,17.425188
344,1,1,1,13.542136,2.631600,0.575268,0.823576,0.715649,0.339828,0.993484,0.407187,20.185680
345,1,1,1,13.639212,2.627920,0.576037,0.830658,0.707606,0.343901,1.000627,0.410652,20.293243
346,1,1,1,10.715336,2.630831,0.578074,0.823563,0.711920,0.340037,0.996800,0.388603,17.336997
347,1,1,1,13.685465,2.632141,0.579311,0.822302,0.706498,0.340505,0.999348,0.386941,20.310093
348,1,1,1,13.577975,2.631305,0.576966,0.817496,0.704954,0.342431,0.985273,0.390578,20.181483
349,1,1,1,10.777452,2.757212,0.581015,0.820695,0.710406,0.337256,1.000258,0.387268,17.533354
350,1,1,1,11.418960,2.735059,0.580659,0.816289,0.704726,0.342659,0.986813,0.386596,18.129606
351,1,1,0,13.731015,2.731729,0.579256,0.824966,0.709507,0.343643,0.992283,0.388825,20.459914
352,1,1,1,11.140111,2.627870,0.574806,0.942812,0.717452,0.343545,0.986683,0.384148,17.875612
353,1,1,1,13.563138,2.625772,0.664018,0.842836,0.711212,0.341384,0.985101,0.386640,20.282702
354,1,1,1,12.703016,2.627729,0.583132,0.954517,0.719489,0.343742,0.986252,0.390413,19.466665
355,0,1,0,13.856609,2.631181,0.692424,0.831859,0.707987,0.337212,0.998603,0.390252,20.605772
356,1,1,1,13.454166,2.632185,0.746087,0.828850,0.708283,0.344739,0.985526,0.383311,20.239840
357,1,1,1,10.792443,2.630320,0.579840,0.826098,0.711335,0.453945,1.002013,0.409440,17.562793
358,1,1,1,10.710222,2.630468,0.571378,0.817791,0.705015,0.345834,0.988873,0.382591,17.308301
359,1,1,1,11.411834,2.628381,0.577790,0.820092,0.709064,0.340104,0.991298,0.392468,18.029052
360,1,1,1,11.261391,2.727945,0.582308,0.828757,0.710874,0.341674,0.996861,0.389040,17.993446
361,1,1,1,10.792751,2.631483,0.579354,0.928264,0.713680,0.343593,1.000196,0.383981,17.533532
362,1,1,1,10.718074,2.631870,0.573852,0.821563,0.706418,0.344024,1.000154,0.514530,17.463194
363,1,1,1,13.578320,2.628166,0.574505,0.823132,0.701181,0.337206,1.004141,0.407600,20.212677
364,0,1,0,13.920061,2.625348,0.572566,0.827452,0.712726,0.346289,0.996511,0.412757,20.570437
365,1,1,1,13.705699,2.627939,0.578806,0.824616,0.710967,0.443379,1.001582,0.393354,20.446270
366,1,1,1,10.733010,2.629699,0.578548,0.816800,0.708585,0.342738,0.987108,0.388634,17.338105
367,1,1,1,11.322099,2.629465,0.578812,0.820499,0.710394,0.343760,0.984437,0.389033,17.939846
368,1,1,1,13.587784,2.628849,0.582609,0.813360,0.706733,0.342080,0.999723,0.385317,20.197847
369,1,1,1,13.672566,2.631834,0.575286,0.823262,0.708006,0.340917,0.986050,0.385422,20.282006
370,1,1,1,13.606443,2.630351,0.576105,0.821735,0.705095,0.340757,1.000972,0.387502,20.223939
371,1,1,1,11.653471,2.735286,0.580788,0.826566,0.706628,0.344868,0.997643,0.389348,18.398505
372,1,1,1,13.738634,2.633384,0.578794,0.823293,0.706320,0.339114,0.998246,0.390350,20.363132
373,1,1,1,13.352314,2.627495,0.571643,0.831212,0.705256,0.340923,0.999988,0.384874,19.969760
374,1,1,1,11.677631,2.725902,0.578339,0.820566,0.711065,0.342320,0.984210,0.387311,18.380542
375,1,1,1,10.765686,2.632105,0.579908,0.954770,0.718499,0.343415,0.994412,0.384640,17.530523
376,1,1,1,13.325840,2.625988,0.579292,0.941612,0.717027,0.339440,0.985834,0.387852,20.062382
377,1,1,1,11.291157,2.633286,0.582252,0.826474,0.703452,0.345471,0.991778,0.418068,17.953624
378,1,1,1,10.678449,2.628400,0.577760,0.822701,0.708886,0.345403,0.984344,0.389434,17.291188
379,1,1,1,10.797280,2.733760,0.584074,0.825157,0.710277,0.344363,0.989649,0.388037,17.530308
380,1,1,1,10.745089,2.628092,0.680548,0.818185,0.703409,0.341120,0.989022,0.385188,17.446289
381,0,1,0,13.947587,2.950523,0.582486,0.825132,0.706407,0.341914,0.999649,0.390720,20.905877
382,1,1,1,13.541009,2.729416,0.573267,0.826504,0.709624,0.341662,0.994523,0.389822,20.264701
383,1,1,1,13.614880,2.728333,0.583218,0.824221,0.713600,0.340258,0.985766,0.388905,20.337766
384,1,1,1,10.684910,2.627305,0.571372,0.942277,0.725243,0.342277,0.999760,0.388782,17.438622
385,0,1,0,13.719464,2.637114,0.580301,0.941489,0.712043,0.344043,0.986123,0.386314,20.465397
386,1,1,1,13.436671,2.628763,0.677071,0.824424,0.713329,0.344289,1.000056,0.387748,20.168031
387,1,1,1,11.323028,2.630074,0.584683,0.826154,0.707335,0.444954,0.986301,0.398388,18.059889
388,1,1,1,11.107618,2.627028,0.578861,0.824997,0.701286,0.346530,0.984591,0.385870,17.710222
389,1,1,1,10.769661,2.634640,0.578000,0.820585,0.711920,0.342788,0.988456,0.387852,17.391853
390,1,1,1,13.593114,2.630314,0.583612,0.825526,0.714296,0.341588,0.987139,0.387133,20.216117
391,1,1,1,13.787009,2.628899,0.570018,0.827107,0.703378,0.343083,0.986843,0.383354,20.387175
392,1,1,0,13.503040,2.628942,0.576554,0.818886,0.709477,0.343625,0.991071,0.388498,20.113870
393,1,1,1,11.929360,2.724966,0.584683,0.821397,0.705090,0.341495,0.984751,0.389809,18.641034
394,1,1,1,10.793163,2.738935,0.579914,0.823588,0.702283,0.341157,0.998504,0.386381,17.523920
395,1,1,1,13.615803,2.723908,0.579784,0.824751,0.707828,0.342394,0.998923,0.385120,20.339822
396,1,1,1,10.731379,2.623570,0.576092,0.823329,0.829779,0.343532,0.998689,0.395397,17.483631
397,1,1,1,9.399698,2.629797,0.577194,0.821576,0.709009,0.343040,0.983970,0.380948,15.999705
398,1,1,1,11.922868,2.636074,0.572468,0.824326,0.711520,0.342610,0.989071,0.385772,18.542733
399,1,1,1,10.764222,2.733120,0.583624,0.821133,0.700849,0.342788,0.993593,0.387822,17.483384
400,1,1,1,13.433286,2.749810,0.577982,0.824590,0.710030,0.347877,0.982000,0.386511,20.166978
401,1,1,1,13.570068,2.735766,0.578203,0.820019,0.705834,0.342720,0.985163,0.388566,20.286640
402,1,1,1,11.244714,2.630770,0.577661,0.935009,0.712930,0.346301,0.986179,0.382880,17.973883
403,1,1,1,11.455206,2.634659,0.578327,0.827341,0.709403,0.342825,0.995501,0.410788,18.118056
404,1,1,1,12.547754,2.626462,0.584529,0.816203,0.706025,0.346369,1.000284,0.498683,19.280240
405,1,1,0,13.706923,2.629551,0.579594,0.817698,0.709372,0.340357,0.988301,0.406302,20.337427
406,1,1,1,11.664904,2.630763,0.574148,0.820400,0.709581,0.337354,0.989157,0.385877,18.266880
407,1,1,1,10.850098,2.669156,0.581046,0.820763,0.703717,0.342800,0.985908,0.386702,17.504609
408,1,1,1,10.625920,2.735033,0.580468,0.824086,0.709890,0.341687,0.997397,0.383188,17.351132
409,1,1,1,10.342603,2.624536,0.581391,0.820388,0.706258,0.339698,0.999871,0.419809,16.998055
410,1,1,1,13.551311,2.627378,0.578277,0.820892,0.709644,0.439698,1.002228,0.412738,20.299391
411,1,1,1,10.771490,2.628074,0.574640,0.819390,0.702369,0.345175,0.999298,0.391717,17.388923
412,1,1,0,12.819101,2.628991,0.583434,0.826523,0.708689,0.343988,0.987748,0.386492,19.444240
413,0,1,0,13.920369,2.630019,0.576271,0.820757,0.703883,0.342776,0.983385,0.388843,20.521938
414,1,1,1,13.615619,2.628301,0.575292,0.820505,0.708400,0.342824,0.987976,0.389169,20.225034
415,1,1,1,11.746622,2.632154,0.579969,0.820252,0.707674,0.342794,0.987945,0.386289,18.361107
416,1,1,1,13.631969,2.630886,0.575070,0.823132,0.709773,0.341256,0.985040,0.386252,20.237563
417,1,1,1,13.783059,2.629028,0.578523,0.818221,0.708000,0.343969,0.985594,0.386265,20.390228
418,0,1,0,13.927870,2.630554,0.579292,0.825446,0.705557,0.347551,0.989280,0.391280,20.550344
419,1,1,1,11.465581,2.631483,0.577791,0.825052,0.703773,0.345163,0.999459,0.385157,18.092585
420,0,1,0,13.936591,2.628585,0.577502,0.821114,0.703809,0.346800,0.999452,0.386775,20.553705
421,1,1,0,13.931840,2.631502,0.579256,0.828850,0.704025,0.343391,1.000917,0.385760,20.563944
422,1,1,1,10.592234,2.763939,0.581458,0.820560,0.707477,0.346480,0.990302,0.391815,17.348166
423,1,1,1,10.706333,2.627963,0.677772,0.837988,0.708967,0.344535,0.987256,0.390172,17.440511
424,0,1,0,13.860209,2.722185,0.583274,0.816369,0.714572,0.340517,0.984677,0.384505,20.560572
425,1,1,1,10.789797,2.628209,0.578997,0.829797,0.706726,0.453674,0.986738,0.394658,17.526431
426,1,1,1,10.627040,2.627747,0.573736,0.820825,0.707575,0.345711,0.999304,0.385933,17.243637
427,1,1,1,11.572043,2.631705,0.578388,0.823852,0.701643,0.344684,0.989293,0.386800,18.186474
428,1,1,1,11.729102,2.747908,0.579699,0.820665,0.707612,0.342868,0.992006,0.389809,18.467458
429,1,1,0,13.551810,2.732388,0.589557,0.825366,0.703741,0.335317,0.984332,0.387298,20.267083
430,1,1,1,11.408775,2.721858,0.577625,0.826351,0.707994,0.343877,0.989120,0.388388,18.121237
431,1,1,1,10.642431,2.632320,0.573588,0.827175,0.708487,0.443323,0.990092,0.390917,17.366424
432,1,1,1,14.387569,2.628640,0.584806,0.931495,0.714407,0.341840,1.001803,0.389058,21.137852
433,1,1,1,10.683840,2.632141,0.578092,0.828197,0.705913,0.343354,0.997778,0.519576,17.448363
434,1,1,1,10.736542,2.627760,0.581656,0.817809,0.708369,0.343975,0.997095,0.389976,17.360086
435,1,1,1,10.682516,2.754997,0.587299,0.826449,0.713354,0.343507,0.984991,0.391852,17.443071
436,0,1,0,13.836917,2.944142,0.581070,0.820215,0.710234,0.344948,0.985083,0.382529,20.761840
437,1,1,1,11.933840,2.729415,0.577218,0.818480,0.707945,0.343114,0.985711,0.391299,18.641723
438,0,1,0,14.007625,2.745391,0.575249,0.825587,0.707914,0.343139,0.986874,0.388240,20.735852
439,1,1,1,10.686529,2.631311,0.583219,0.943576,0.717354,0.340683,0.985964,0.387169,17.435939
440,1,1,1,10.633458,2.628979,0.582080,0.818658,0.706062,0.342172,0.991859,0.414289,17.275170
441,1,1,0,13.664584,2.629040,0.580825,0.827939,0.704498,0.340954,0.993225,0.413267,20.313527
442,1,1,1,13.532130,2.631507,0.576756,0.827255,0.708665,0.345236,0.993846,0.408031,20.182523
443,1,1,1,11.835631,2.632394,0.576043,0.825969,0.705827,0.342246,0.984240,0.384800,18.443834
444,1,1,1,11.303397,2.629372,0.573545,0.822633,0.716849,0.341336,0.984548,0.386369,17.912363
445,1,1,1,11.545323,2.729587,0.582031,0.816000,0.714825,0.340708,1.002166,0.386720,18.277058
446,0,1,0,13.934812,2.657637,0.578493,0.820683,0.712861,0.343231,0.990074,0.386941,20.587390
447,1,1,1,13.660173,2.679101,0.717397,0.913939,0.891446,0.398517,0.993415,0.412849,20.848511
448,1,1,1,13.746000,2.630800,0.578099,0.815415,0.707624,0.339711,0.987114,0.386148,20.348560
449,0,1,0,13.533311,2.633317,0.574819,0.826542,0.706455,0.347415,0.998240,0.386092,20.164486
450,1,1,1,13.122800,2.634000,0.579507,0.821698,0.708135,0.343422,1.000173,0.386338,19.752480
451,1,1,1,10.787711,2.731551,0.583212,0.832000,0.707582,0.342800,1.000456,0.389367,17.533871
452,1,1,1,13.486031,2.731988,0.578080,0.824830,0.711693,0.340530,0.985360,0.389077,20.204191
453,1,1,1,13.383366,2.725754,0.583028,0.824123,0.704370,0.343101,0.985742,0.390443,20.097569
454,0,1,0,13.938197,2.646825,0.582628,0.828252,0.705514,0.344905,0.990135,0.388659,20.584659
455,1,1,1,11.884419,2.730160,0.583218,0.827883,0.704259,0.343144,0.985471,0.383323,18.604756
456,1,1,1,12.648486,2.730769,0.581932,0.819507,0.709754,0.339477,0.999175,0.385649,19.370480
457,1,1,1,11.353157,2.630511,0.583126,0.949527,0.720154,0.337126,0.999324,0.387932,18.119730
458,1,1,1,13.567803,2.630702,0.574339,0.942665,0.714936,0.344093,0.997834,0.391028,20.324099
459,0,1,1,13.635206,2.624080,0.725200,0.824800,0.711114,0.342228,1.000873,0.386788,20.406836
460,1,1,1,13.403446,2.741249,0.582326,0.820215,0.707877,0.348197,0.988295,0.386708,20.133772
461,1,1,1,13.540444,2.736345,0.580338,0.825422,0.709625,0.345219,0.998775,0.385816,20.280270
462,0,1,0,13.777262,2.722227,0.584148,0.823053,0.708456,0.338886,0.988646,0.383440,20.482418
463,1,1,1,10.832745,2.631687,0.588302,0.904487,0.746825,0.340972,0.990387,0.390916,17.590529
464,1,1,1,13.422800,2.633612,0.579089,0.944843,0.719865,0.346807,0.985058,0.384098,20.171606
465,1,1,1,13.566049,2.629828,0.583256,0.983040,0.723046,0.341483,0.998751,0.386855,20.372357
466,1,1,1,10.678357,2.632523,0.575459,0.823360,0.710160,0.340572,0.990339,0.421889,17.330357
467,1,1,1,11.767926,2.631569,0.583649,0.830843,0.703957,0.342763,1.000443,0.387151,18.402806
468,1,1,1,11.286905,2.630739,0.577951,0.822418,0.708467,0.340781,0.999957,0.440240,17.966886
469,1,1,1,10.810000,2.754197,0.585859,0.822825,0.710301,0.340775,0.986769,0.385612,17.557606
470,1,1,1,11.532874,2.626123,0.580412,0.937206,0.715231,0.345704,0.987182,0.387440,18.271982
471,1,1,1,12.786887,2.631575,0.571723,0.919200,0.721846,0.342720,0.983132,0.387040,19.504129
472,1,1,1,13.333108,2.638221,0.577951,0.947963,0.716671,0.345883,0.985477,0.384240,20.085145
473,1,1,1,13.761550,2.633225,0.668086,0.836511,0.715071,0.342492,0.999846,0.389207,20.508627
474,0,1,1,13.542800,2.628585,0.675637,0.822517,0.709852,0.343385,0.986591,0.387840,20.253213
475,1,1,1,10.834061,2.634258,0.577858,0.818283,0.710191,0.345864,0.991705,0.409102,17.479563
476,0,1,1,13.502209,2.627631,0.579299,0.817766,0.708646,0.435938,0.990437,0.400560,20.217009
477,1,1,1,10.676098,2.629410,0.578898,0.819852,0.702031,0.342295,0.999366,0.386098,17.288338
478,0,1,0,14.395317,2.630006,0.571372,0.824148,0.711582,0.344289,0.988627,0.531336,21.154843
479,1,1,1,13.093895,2.632560,0.579347,0.819040,0.708221,0.344745,0.990025,0.388388,19.713422
480,1,1,1,13.652363,2.633274,0.581028,0.822911,0.708056,0.348234,1.076314,0.431065,20.413021
481,1,1,1,13.580880,2.634080,0.577102,0.823865,0.703176,0.346948,1.000726,0.483403,20.317218
482,1,1,1,10.678209,2.631096,0.579391,0.821575,0.711920,0.346289,0.986536,0.386665,17.297089
483,1,1,1,13.163668,2.630413,0.580585,0.820788,0.701772,0.342529,1.000215,0.387495,19.784283
484,1,1,1,13.692142,2.630536,0.574259,0.821969,0.705987,0.342129,0.996640,0.386578,20.307342
485,1,1,0,13.788326,2.635754,0.578492,0.820111,0.709834,0.346123,0.999815,0.391262,20.426597
486,1,1,1,12.072757,2.630068,0.581225,0.822671,0.708793,0.344572,0.987311,0.388381,18.693680
487,1,1,1,13.455773,2.631453,0.578178,0.821920,0.711261,0.342726,0.986197,0.387705,20.070578
488,1,1,0,13.282609,2.629052,0.579612,0.816800,0.711040,0.345661,0.996037,0.390935,19.906770
489,1,1,1,13.646295,2.632923,0.575773,0.822493,0.704732,0.345963,1.000862,0.384351,20.267692
490,1,1,1,13.590314,2.629686,0.583299,0.822954,0.711520,0.343046,0.998062,0.386843,20.222234
491,1,1,1,10.856609,2.743938,0.580437,0.818757,0.720270,0.342609,0.999452,0.391071,17.612474
492,0,1,0,13.952960,2.633446,0.572763,0.814270,0.701022,0.337527,0.990061,0.390677,20.545133
493,1,1,1,13.668917,2.631766,0.579877,0.815218,0.696277,0.341120,0.983053,0.386837,20.261827
494,0,1,0,13.969656,2.632074,0.567821,0.814837,0.705471,0.345096,0.987310,0.386043,20.567858
495,1,1,1,13.672290,2.634172,0.578185,0.812566,0.699994,0.341132,0.982689,0.384954,20.262393
496,1,1,1,11.424197,2.733027,0.571760,0.819464,0.700092,0.343994,0.999754,0.388493,18.138591
497,1,1,1,11.734609,2.737908,0.580283,0.817422,0.691415,0.341803,0.985810,0.382154,18.430837
498,1,1,1,11.950769,2.632726,0.664036,0.824739,0.705840,0.340418,0.999736,0.385046,18.659514
499,1,1,1,10.786720,2.633224,0.573932,0.817969,0.695428,0.339415,0.992394,0.407643,17.406271
500,1,1,1,11.301963,2.636301,0.564283,0.813889,0.696412,0.343465,0.988640,0.378855,17.876751
501,1,1,1,10.764745,2.740652,0.572234,0.822984,0.697434,0.339630,0.984892,0.381028,17.461760
502,1,1,1,13.651458,2.660683,0.577490,0.811090,0.698609,0.337790,0.987403,0.388689,20.278622
503,1,1,1,11.823901,2.762061,0.572517,0.812985,0.693403,0.344264,0.986923,0.384726,18.537513
504,1,1,1,13.491680,2.729151,0.577317,0.809889,0.694357,0.338893,0.983508,0.384313,20.167095
505,1,1,1,13.605274,2.733588,0.573976,0.818382,0.691705,0.339489,0.985870,0.386979,20.296050
506,1,1,1,13.481717,2.756566,0.582234,0.812412,0.699969,0.340455,0.996006,0.388123,20.217354
507,0,1,0,13.454923,2.722720,0.578628,0.821453,0.699249,0.341754,0.999723,0.381581,20.158701
508,1,1,1,13.660529,2.634683,0.572130,0.811120,0.696690,0.346880,0.991175,0.386596,20.255127
509,1,1,1,10.352578,2.631396,0.707994,0.822818,0.700351,0.343840,0.997464,0.387286,17.100504
510,1,1,1,11.732603,2.625870,0.574517,0.816080,0.826609,0.342782,0.987600,0.386572,18.451200
511,1,1,1,13.684566,2.632154,0.573335,0.945360,0.708960,0.345508,1.000234,0.383594,20.436289
512,1,1,0,13.496400,2.628425,0.578812,0.958967,0.705957,0.341292,0.999261,0.384647,20.249920
513,1,1,1,10.735520,2.630892,0.574474,0.819680,0.697237,0.337520,1.002123,0.420991,17.379607
514,1,1,1,10.679815,2.630271,0.575139,0.815969,0.704609,0.341336,0.999994,0.383212,17.284486
515,1,1,1,10.797784,2.736850,0.573557,0.813421,0.697470,0.342013,0.987391,0.389040,17.496997
516,1,1,1,10.680449,2.627107,0.573532,0.945188,0.704708,0.341330,0.991723,0.385564,17.406751
517,0,1,0,13.780424,2.631895,0.677883,0.817957,0.694911,0.342437,0.986615,0.386720,20.478751
518,1,1,1,11.791594,2.631693,0.570677,0.815434,0.814880,0.344369,0.987317,0.387237,18.498006
519,1,1,1,14.021058,2.630985,0.567483,0.911975,0.704357,0.338449,0.999662,0.384480,20.717729
520,1,1,1,10.783348,2.635970,0.576837,0.811884,0.698887,0.343366,1.091828,0.423403,17.521643
521,1,1,1,13.614111,2.634566,0.573545,0.817754,0.699434,0.345064,1.002024,0.425458,20.271656
522,1,1,1,10.786744,2.630683,0.574209,0.820086,0.701237,0.342788,0.986178,0.387348,17.384892
523,1,1,1,10.792006,2.749022,0.575772,0.817305,0.693884,0.346911,1.002012,0.381631,17.515698
524,1,1,1,13.352216,2.729483,0.575569,0.818892,0.701342,0.339495,0.988141,0.385846,20.046708
525,1,1,1,10.676498,2.626388,0.692111,0.821767,0.706191,0.342683,0.996511,0.387785,17.409809
526,1,1,0,9.455594,2.629551,0.574584,0.815883,0.704683,0.343723,0.985329,0.383649,16.046978
527,1,1,1,11.930424,2.634744,0.574917,0.822190,0.694517,0.339932,0.994769,0.382812,18.531267
528,1,1,1,10.720782,2.748813,0.574154,0.812720,0.703465,0.339496,0.989273,0.387261,17.433859
529,1,1,1,10.724646,2.629348,0.577876,0.947213,0.702720,0.337132,0.985495,0.384670,17.451416
530,1,1,1,10.706695,2.626067,0.572603,0.819372,0.700111,0.344474,1.000511,0.420449,17.349145
531,1,1,1,11.908190,2.633163,0.575600,0.812578,0.700800,0.341231,0.984443,0.385126,18.498867
532,1,1,1,13.538874,2.630056,0.579852,0.821563,0.696585,0.345816,0.987975,0.384911,20.143267
533,1,1,1,10.740910,2.635458,0.574074,0.813502,0.694037,0.342449,1.001287,0.385994,17.345760
534,0,1,0,13.605754,2.630990,0.577003,0.820425,0.699803,0.344043,0.986431,0.384769,20.202794
535,1,1,1,13.584141,2.627151,0.577212,0.817594,0.701181,0.344332,0.998197,0.390332,20.199661
536,0,1,0,13.648597,2.630043,0.578252,0.815065,0.698018,0.341305,0.982800,0.384486,20.233311
537,1,1,1,13.635378,2.628351,0.579650,0.818720,0.702702,0.340382,0.998105,0.385760,20.247858
538,1,1,1,13.832344,2.628664,0.573870,0.817465,0.700566,0.342425,0.987588,0.385828,20.424093
539,1,1,1,13.108505,2.632646,0.567747,0.820560,0.694732,0.344886,1.000080,0.387305,19.713982
540,1,1,1,13.566744,2.631446,0.572530,0.813323,0.699760,0.335938,0.988067,0.385668,20.149428
541,1,1,1,13.705853,2.631108,0.576640,0.817821,0.698283,0.345754,1.000886,0.381723,20.315034
542,0,1,0,13.762861,2.628000,0.570258,0.819477,0.703607,0.343126,0.986043,0.384886,20.354843
543,1,1,1,13.514689,2.634498,0.574640,0.817908,0.700633,0.341040,0.997920,0.386474,20.121225
544,1,1,0,14.039040,2.629465,0.572031,0.814862,0.700474,0.338320,1.000339,0.494923,20.746664
545,0,1,0,13.768000,2.627440,0.572874,0.814917,0.697994,0.341748,0.987606,0.414985,20.386074
546,1,1,1,10.596732,2.632308,0.567772,0.809981,0.701699,0.341680,1.001495,0.384394,17.192098
547,0,1,0,10.833089,2.751607,0.570751,0.820246,0.694923,0.338867,0.999779,0.385969,17.556782
548,1,1,1,10.694837,2.634744,0.573773,0.922960,0.707883,0.342652,0.993877,0.388744,17.414671
549,1,1,1,10.706185,2.632215,0.573594,0.820665,0.699089,0.341576,1.064394,0.408111,17.404050
550,0,1,0,13.756824,2.633059,0.574154,0.821489,0.701643,0.340664,0.993674,0.415593,20.395064
551,0,1,0,13.802086,2.629969,0.577945,0.818548,0.700843,0.431951,0.999557,0.401022,20.519649
552,1,1,1,11.941009,2.629483,0.566043,0.812757,0.698025,0.338708,0.986320,0.485501,18.614683
553,1,1,0,13.811101,2.629336,0.573268,0.817163,0.703372,0.339539,0.988406,0.416031,20.438153
554,1,1,1,11.196640,2.634357,0.569071,0.820098,0.698253,0.336080,0.986800,0.385187,17.780744
555,1,1,1,11.125785,2.741890,0.570437,0.816191,0.697710,0.340160,0.999508,0.387009,17.836425
556,0,1,0,13.314080,2.727933,0.572652,0.819723,0.701514,0.340880,0.990824,0.388794,20.014443
557,0,1,1,13.833459,2.629767,0.577452,0.815877,0.698302,0.341256,0.983987,0.384967,20.424338
558,1,1,1,11.233465,2.743575,0.574579,0.817969,0.697956,0.342369,0.985476,0.383341,17.937348
559,1,1,1,11.586264,2.629920,0.573483,0.932498,0.705803,0.340326,0.984578,0.390751,18.302320
560,1,1,1,10.610806,2.626308,0.568953,0.816978,0.707612,0.346443,0.996751,0.418498,17.247151
561,1,1,1,11.919107,2.625489,0.572031,0.814702,0.693594,0.340979,0.985896,0.385705,18.495581
562,1,1,1,13.640184,2.626136,0.576683,0.817206,0.698357,0.341655,0.995810,0.388295,20.241280
563,1,1,1,11.872178,2.633305,0.572825,0.818751,0.696148,0.340068,0.984806,0.387545,18.462160
564,1,1,1,10.937034,2.726302,0.573741,0.812812,0.693686,0.340369,0.986843,0.383446,17.612264
565,1,1,1,13.522111,2.728056,0.575784,0.820769,0.698708,0.340824,0.998739,0.388923,20.231680
566,1,1,1,9.463539,2.628406,0.574578,0.814684,0.833231,0.342616,0.991532,0.385828,16.188289
567,0,1,0,13.706867,2.633692,0.579791,0.919569,0.701748,0.342597,0.985606,0.382572,20.412098
568,1,1,1,11.829865,2.630942,0.580793,0.813760,0.705206,0.342720,1.073538,0.406849,18.540597
569,0,1,0,13.820893,2.634621,0.576806,0.820628,0.830776,0.342510,0.999656,0.387864,20.577594
570,1,1,1,12.984868,2.631261,0.571077,0.826185,0.702702,0.349102,1.000861,0.389015,19.701126
571,0,1,0,14.012923,2.627902,0.575188,0.909816,0.713883,0.345287,0.984215,0.386246,20.715846
572,1,1,1,11.210560,2.628406,0.574050,0.808554,0.697114,0.344283,1.016584,0.408831,17.846412
573,0,1,0,13.784191,2.625187,0.572455,0.812511,0.704744,0.342326,0.983976,0.409206,20.394228
574,0,1,1,11.172886,2.629545,0.574622,0.820763,0.697981,0.337717,0.987286,0.381594,17.759557
575,1,1,1,10.646104,2.754024,0.579557,0.818665,0.695951,0.335415,1.000942,0.384850,17.373803
576,1,1,1,13.578856,2.731261,0.578006,0.814166,0.704413,0.341803,0.999538,0.381920,20.287434
577,1,1,1,13.628812,2.632369,0.571619,0.817021,0.694486,0.337114,0.989464,0.386597,20.214554
578,0,1,0,13.777151,2.626948,0.572966,0.820936,0.703914,0.342376,0.985982,0.382972,20.365933
579,1,1,1,11.690086,2.752233,0.573040,0.819237,0.695791,0.337052,0.983773,0.387305,18.397151
580,0,1,0,13.508283,2.729612,0.578068,0.819010,0.698443,0.338344,0.988394,0.391643,20.205132
581,1,1,1,11.590997,2.733360,0.581865,0.819545,0.696196,0.339433,0.988856,0.389132,18.298406
582,1,1,1,10.902049,2.629711,0.574006,0.814074,0.832314,0.348018,0.990622,0.389520,17.643114
583,1,1,1,9.381827,2.624573,0.576560,0.817163,0.697871,0.342578,1.001034,0.387102,15.985347
584,1,1,1,10.670751,2.731852,0.579176,0.817674,0.701495,0.340652,0.998720,0.385741,17.380227
585,1,1,1,10.798966,2.624480,0.576936,0.959477,0.707342,0.339766,0.989040,0.385372,17.542468
586,0,1,0,13.779951,2.631779,0.677932,0.819028,0.707323,0.343415,0.989711,0.388110,20.496080
587,1,1,1,10.730209,2.629914,0.573145,0.816585,0.694597,0.340320,0.987071,0.406345,17.337791
588,1,1,1,12.866468,2.631501,0.580535,0.817150,0.708000,0.344745,1.000732,0.409809,19.515502
589,1,1,1,13.416572,2.629612,0.576849,0.816806,0.700289,0.338456,0.996652,0.407317,20.041741
590,1,1,1,10.758548,2.633065,0.564369,0.810456,0.702437,0.344129,0.989089,0.387169,17.341920
591,1,1,1,13.613532,2.627095,0.574062,0.819157,0.690935,0.340456,1.001108,0.383612,20.204763
592,0,1,1,13.741292,2.630492,0.577748,0.816868,0.698905,0.341366,0.986264,0.388264,20.338529
593,1,1,1,10.732652,2.743323,0.577341,0.817016,0.699095,0.341280,0.998886,0.384474,17.453754
594,1,1,1,13.755040,2.635102,0.573976,0.814327,0.696142,0.338603,0.998905,0.385760,20.354413
595,1,1,1,13.674997,2.626197,0.570646,0.811920,0.695797,0.337305,0.999004,0.383022,20.256031
596,1,1,1,10.589834,2.729188,0.574898,0.813618,0.702142,0.340135,0.990461,0.387249,17.283760
597,0,1,0,13.385545,2.719563,0.574763,0.815114,0.698966,0.339114,1.000345,0.387133,20.079003
598,1,1,1,11.258221,2.629876,0.577957,0.926893,0.712936,0.342227,0.987095,0.381224,17.976376
599,1,1,1,11.865914,2.630856,0.576271,0.815612,0.703366,0.341803,0.996252,0.418966,18.506474
600,1,1,1,10.617207,2.623699,0.567846,0.812197,0.696744,0.344443,0.997656,0.382701,17.196818
601,1,1,1,13.871569,2.630966,0.578935,0.821126,0.690621,0.345292,0.998271,0.386320,20.480369
602,1,1,1,13.482400,2.633366,0.571483,0.813027,0.698892,0.342646,0.985730,0.387865,20.069003
603,1,1,1,13.637526,2.632499,0.575896,0.814154,0.699890,0.340147,0.998591,0.388320,20.243280
604,1,1,1,12.547409,2.628751,0.576289,0.814665,0.698732,0.346234,0.985674,0.388529,19.138560
605,1,1,1,10.610984,2.735822,0.572745,0.817379,0.695200,0.346284,1.001151,0.386461,17.325779
606,1,1,1,12.845508,2.729212,0.573606,0.820776,0.705182,0.340745,0.988178,0.379267,19.539698
607,1,1,1,11.599526,2.750129,0.575058,0.815717,0.692166,0.344190,0.987760,0.382006,18.306443
608,0,1,0,13.499212,2.726412,0.576738,0.812972,0.696603,0.345101,0.998443,0.386905,20.196154
609,1,1,1,9.361422,2.627692,0.570708,0.816253,0.702443,0.340240,1.081268,0.404898,16.064344
610,1,1,0,13.535415,2.630185,0.571274,0.815360,0.694474,0.339213,0.997071,0.409267,20.149033
611,1,1,1,11.341896,2.630954,0.575526,0.816548,0.700406,0.343102,0.999618,0.388382,17.953963
612,1,1,1,10.608092,2.739828,0.577520,0.813046,0.696548,0.343569,0.990905,0.380172,17.303785
613,1,1,1,13.550677,2.722953,0.582862,0.818148,0.700596,0.336898,0.985083,0.384480,20.239889
614,1,1,1,13.617754,2.644874,0.569335,0.808776,0.694880,0.339840,1.001502,0.386812,20.223311
615,0,1,0,13.952966,2.626745,0.574357,0.817114,0.697484,0.340948,0.985342,0.385304,20.539336
616,1,1,1,11.252339,2.744327,0.576782,0.809533,0.702701,0.341428,0.999914,0.387902,17.973059
617,1,1,1,13.616104,2.724825,0.575262,0.818856,0.699661,0.336289,0.986597,0.386148,20.304450
618,1,1,1,10.647785,2.630270,0.577064,0.935126,0.712270,0.341883,0.987009,0.385219,17.375563
619,1,1,1,13.781809,2.628837,0.692800,0.826776,0.701901,0.337090,0.985514,0.388314,20.504794
620,0,1,0,13.291071,2.629225,0.694086,0.814314,0.698350,0.340911,0.986714,0.387126,19.994824
621,1,1,1,12.055329,2.634092,0.578873,0.930498,0.730997,0.340523,0.986271,0.382252,18.802966
622,1,1,1,10.723009,2.627483,0.576333,0.823207,0.700203,0.348142,0.990277,0.487846,17.434585
623,1,1,1,10.766867,2.631256,0.571729,0.817144,0.695114,0.343064,1.001674,0.383834,17.369059
624,1,1,1,10.651816,2.728843,0.580037,0.813932,0.698326,0.342923,0.986609,0.385329,17.342418
625,1,1,1,10.651729,2.631501,0.581213,0.820689,0.799686,0.342511,0.997372,0.389963,17.373944
626,1,1,1,11.195261,2.632123,0.575619,0.809766,0.701711,0.340652,0.987151,0.510018,17.907187
627,1,1,0,13.867083,2.631484,0.574234,0.811501,0.698215,0.339502,0.998191,0.406726,20.487987
628,1,1,1,11.244634,2.631544,0.570050,0.819280,0.697261,0.343791,0.989618,0.385784,17.838197
629,1,1,1,13.638664,2.627797,0.569864,0.817305,0.699964,0.341323,0.996806,0.389163,20.239533
630,0,1,0,13.781379,2.628455,0.570326,0.811963,0.693329,0.342449,0.991988,0.388289,20.359551
631,1,1,1,13.735200,2.627907,0.575077,0.817390,0.695064,0.346733,0.988948,0.460511,20.410135
632,1,1,1,11.833871,2.627471,0.572456,0.820450,0.698074,0.341803,0.985717,0.386462,18.423299
633,0,1,0,9.355114,2.749637,0.583803,0.824123,0.700227,0.344055,0.999944,0.385643,16.098468
634,0,1,1,13.262492,2.726787,0.570757,0.816117,0.700899,0.342400,0.986511,0.384953,19.946708
635,1,1,1,9.380462,2.628584,0.574590,0.821668,0.700806,0.338301,0.991434,0.405926,16.001317
636,1,1,1,13.442991,2.631249,0.573354,0.812947,0.698289,0.337852,0.989575,0.409729,20.053286
637,1,1,1,13.504092,2.630024,0.575489,0.821397,0.691366,0.341699,0.996277,0.409126,20.127791
638,0,1,0,13.850997,2.628781,0.569096,0.815735,0.697188,0.437175,0.990658,0.397957,20.542277
639,1,1,1,11.503385,2.626683,0.572455,0.815625,0.691225,0.340326,0.999742,0.389557,18.094296
640,1,1,1,12.115274,2.641113,0.575643,0.814455,0.696480,0.346597,0.986708,0.385914,18.714782
641,1,1,1,11.857920,2.631427,0.576818,0.819317,0.699644,0.340966,0.999126,0.385643,18.472468
642,1,1,1,11.272769,2.750468,0.577163,0.811748,0.700548,0.337618,0.998387,0.386130,17.989858
643,1,1,1,11.199170,2.627686,0.572129,0.940825,0.704345,0.340142,0.985268,0.383545,17.912412
644,1,1,1,10.639262,2.631212,0.574320,0.814068,0.701446,0.342357,1.004258,0.422437,17.285434
645,1,1,1,13.601650,2.628966,0.572665,0.816572,0.697526,0.344714,0.990683,0.417833,20.230960
646,1,1,1,12.744142,2.626880,0.569102,0.817403,0.698800,0.345797,0.989157,0.498000,19.445096
647,1,1,1,10.679729,2.623711,0.576640,0.819883,0.697459,0.342572,1.001452,0.385963,17.287305
648,1,1,1,11.380517,2.744031,0.577661,0.810603,0.708738,0.339914,0.986499,0.384492,18.092837
649,1,1,1,13.561452,2.727298,0.581348,0.821181,0.703175,0.344259,1.000923,0.390043,20.284917
650,0,1,0,13.949446,2.632984,0.566547,0.814025,0.702093,0.343452,0.984775,0.385570,20.532117
651,1,1,1,11.829569,2.729145,0.576733,0.818517,0.698221,0.345194,0.996824,0.392215,18.545089
652,1,1,1,10.752664,2.632227,0.577816,0.919853,0.702394,0.337778,0.985544,0.384271,17.450566
653,0,1,0,13.369827,2.635582,0.575969,0.957139,0.707058,0.342769,1.000505,0.384418,20.133243
654,1,1,1,10.831483,2.628861,0.569120,0.819016,0.694406,0.342646,0.995046,0.408203,17.445582
655,0,1,0,13.760437,2.629256,0.578868,0.814141,0.694018,0.339477,1.002024,0.408308,20.385994
656,1,1,1,13.513822,2.632222,0.575064,0.810258,0.697268,0.342720,0.985150,0.405619,20.119089
657,1,1,1,11.919834,2.630043,0.569446,0.813889,0.692855,0.338080,0.987569,0.381723,18.493698
658,1,1,1,11.216092,2.628942,0.569668,0.811323,0.697219,0.338535,0.999717,0.386350,17.804166
659,1,1,1,11.361262,2.730867,0.573101,0.815403,0.699132,0.336419,0.998437,0.386240,18.060461
660,1,1,1,10.629489,2.627089,0.571600,0.938104,0.708800,0.339311,0.988431,0.386178,17.348769
661,1,1,1,13.282652,2.630252,0.581040,0.952228,0.706763,0.344480,0.999834,0.389883,20.045261
662,1,1,1,10.759218,2.631698,0.575846,0.817495,0.699089,0.344129,1.004332,0.422739,17.411747
663,0,1,1,13.331028,2.630185,0.576788,0.818708,0.703058,0.345065,0.986462,0.415643,19.968136
664,1,1,1,13.487010,2.626265,0.573816,0.816776,0.698462,0.344031,0.986123,0.421575,20.110597
665,1,1,1,13.574781,2.628904,0.576080,0.814898,0.700616,0.340837,0.996031,0.418240,20.211095
666,1,1,1,13.389034,2.637120,0.573773,0.814147,0.698012,0.432437,1.005323,0.417120,20.128997
667,0,1,0,13.770584,2.632966,0.577514,0.811409,0.832130,0.341883,0.986874,0.388166,20.505797
668,1,1,1,11.738591,2.627243,0.569963,0.811637,0.701594,0.342603,0.999348,0.423477,18.373126
669,1,1,1,11.940640,2.633538,0.577379,0.816295,0.696388,0.341230,0.998480,0.383422,18.543606
670,1,1,1,9.406116,2.742720,0.574277,0.811914,0.702874,0.340018,0.988019,0.380277,16.102707
671,1,1,1,9.436068,2.630388,0.582363,0.810376,0.697557,0.427939,1.002671,0.395046,16.143890
672,1,1,1,10.647908,2.631883,0.568880,0.814560,0.699730,0.343299,0.998184,0.383803,17.243243
673,1,1,0,13.774609,2.633465,0.575870,0.821378,0.697760,0.341372,0.985858,0.381957,20.371736
674,0,1,0,13.510923,2.626018,0.576535,0.816375,0.699803,0.341550,1.000431,0.383804,20.112763
675,1,1,1,10.814086,2.628535,0.575871,0.819403,0.699864,0.340147,0.998751,0.385705,17.421575
676,0,1,0,13.859249,2.633274,0.574658,0.813532,0.699569,0.341914,0.986074,0.382234,20.444954
677,1,1,1,11.329470,2.762215,0.574788,0.814634,0.695545,0.341175,0.999274,0.390628,18.068216
678,0,1,0,13.523760,2.748948,0.576338,0.812431,0.699021,0.338948,0.988548,0.379760,20.226948
679,1,1,1,10.826806,2.627335,0.682474,0.839920,0.704886,0.340467,1.000492,0.385298,17.568499
680,1,1,0,13.631101,2.630080,0.707040,0.817403,0.698566,0.339150,0.985311,0.389747,20.354892
681,1,1,1,10.701256,2.630572,0.573194,0.812579,0.702684,0.342837,0.998474,0.417815,17.336468
682,1,1,1,10.705539,2.626849,0.570806,0.818413,0.700929,0.343003,0.997378,0.382954,17.300560
683,1,1,1,11.602387,2.628831,0.577200,0.816086,0.690818,0.346006,0.986363,0.387415,18.194806
684,1,1,1,12.819606,2.729268,0.572603,0.813126,0.699784,0.342517,0.990111,0.392166,19.517342
685,1,1,1,11.245329,2.743237,0.579815,0.815889,0.703267,0.337834,0.986837,0.388344,17.960603
686,1,1,1,11.238345,2.629575,0.575064,0.821200,0.806307,0.339391,0.995581,0.387157,17.950351
687,1,1,1,13.623255,2.627975,0.571563,0.920554,0.698258,0.338283,1.001286,0.380049,20.317576
688,1,1,1,10.381607,2.627182,0.573877,0.815766,0.700578,0.343606,0.987656,0.473822,17.061896
689,1,1,1,10.685551,2.626843,0.568861,0.816751,0.695176,0.343853,1.000701,0.385704,17.278455
690,1,1,1,11.530696,2.748123,0.577003,0.819963,0.697661,0.343095,1.001200,0.379908,18.256233
691,1,1,1,11.277293,2.630695,0.694510,0.820179,0.692572,0.340517,0.998160,0.387976,17.997767
692,1,1,1,11.709692,2.657003,0.579698,0.811409,0.842671,0.337169,0.987699,0.393200,18.480542
693,1,1,1,9.342271,2.629914,0.571785,0.828462,0.699846,0.337908,0.986283,0.384923,15.940141
694,1,1,1,10.786221,2.735613,0.577175,0.815040,0.699809,0.341298,0.985551,0.383096,17.481084
695,0,1,0,13.809951,2.725212,0.582289,0.821440,0.698849,0.339896,0.985089,0.385218,20.510116
696,1,1,1,10.597403,2.630529,0.688480,0.819415,0.696320,0.340628,1.000043,0.383324,17.312868
697,1,1,1,13.687156,2.725643,0.576049,0.814843,0.695496,0.341551,0.988086,0.384738,20.370412
698,0,1,0,13.395262,2.724339,0.571132,0.813742,0.700665,0.340837,0.985028,0.385286,20.073495
699,1,1,1,11.499187,2.632529,0.575317,0.918498,0.709883,0.340683,0.984960,0.387299,18.204566
700,1,1,1,9.472892,2.625378,0.570031,0.819021,0.704812,0.342227,0.986228,0.383711,16.059120
701,1,1,1,12.208197,2.630689,0.578210,0.813520,0.692191,0.339920,0.986967,0.385261,18.793003
702,1,1,1,11.140997,2.723101,0.574972,0.816210,0.697760,0.336468,0.993711,0.381489,17.823151
703,1,1,1,10.690227,2.640178,0.572462,0.959348,0.706855,0.342781,0.986671,0.382523,17.440935
704,1,1,1,10.736622,2.628689,0.569840,0.813815,0.695133,0.346480,1.028733,0.425292,17.403310
705,1,1,0,13.604807,2.633877,0.572382,0.811815,0.692942,0.341200,1.000972,0.425791,20.244720
706,1,1,0,13.655181,2.635994,0.578443,0.814413,0.701969,0.344295,0.996978,0.425299,20.311028
707,0,1,1,12.508893,2.634252,0.577975,0.824591,0.700043,0.342443,1.056400,0.426511,19.235791
708,1,1,1,13.457200,2.627496,0.574462,0.820738,0.701637,0.341187,1.001858,0.418923,20.100037
709,1,1,0,13.957710,2.627987,0.577957,0.825895,0.701495,0.345564,1.278436,0.425667,20.900123
710,1,1,1,12.450449,2.628467,0.575249,0.815815,0.700960,0.344326,1.000714,0.421692,19.094874
711,1,1,1,11.210812,2.631889,0.575428,0.812308,0.701219,0.343514,0.985803,0.387416,17.805576
712,1,1,1,13.629507,2.632129,0.567452,0.818886,0.698757,0.343428,0.987643,0.381255,20.214369
713,1,1,1,13.814215,2.630332,0.577612,0.813495,0.699871,0.343637,0.985188,0.383163,20.407822
714,1,1,1,11.175588,2.624745,0.574357,0.824265,0.699532,0.340314,0.987446,0.383317,17.766123
715,1,1,1,12.937138,2.634499,0.570449,0.813846,0.705822,0.343262,0.993452,0.386696,19.545957
716,1,1,1,13.418530,2.630523,0.574049,0.824037,0.702849,0.344290,0.990191,0.383790,20.022726
717,1,1,0,13.356412,2.628265,0.576960,0.817231,0.701735,0.341760,0.983643,0.386492,19.952314
718,1,1,1,13.131329,2.632129,0.572788,0.817280,0.697366,0.339311,0.987896,0.386037,19.720037
719,1,1,1,13.669483,2.629569,0.575545,0.814757,0.700904,0.344098,0.988892,0.387748,20.266295
720,1,1,1,13.677397,2.630314,0.571453,0.813748,0.697976,0.341416,0.987939,0.385877,20.261840
721,1,1,1,11.580585,2.727341,0.575834,0.821920,0.693766,0.339791,0.983262,0.390898,18.272929
722,0,1,0,13.926369,2.742030,0.575052,0.824572,0.698504,0.344991,0.987607,0.385496,20.642646
723,1,1,1,10.708597,2.631797,0.679108,0.820437,0.693969,0.339643,0.987064,0.384024,17.403680
724,1,1,1,9.479760,2.631421,0.571828,0.818591,0.701501,0.341636,0.986831,0.479976,16.166313
725,1,1,1,9.249458,2.768326,0.581163,0.821656,0.704732,0.342806,0.988105,0.385655,16.000677
726,1,1,1,9.388954,2.628738,0.576683,0.813810,0.829730,0.339200,0.988326,0.392665,16.116511
727,1,1,1,11.300050,2.632437,0.572948,0.821631,0.695286,0.340129,1.067717,0.427741,18.022609
728,1,1,1,13.571483,2.632646,0.571213,0.815206,0.701501,0.344443,0.991667,0.421009,20.207440
729,1,1,0,13.710603,2.630357,0.580148,0.820006,0.696240,0.337840,0.999489,0.419735,20.352370
730,1,1,1,13.346905,2.631212,0.577231,0.816406,0.698553,0.340166,0.999335,0.428874,19.999754
731,1,1,1,11.820104,2.631416,0.572911,0.815674,0.695876,0.344117,1.000751,0.386793,18.424270
732,1,1,1,10.830572,2.626714,0.576234,0.814591,0.703145,0.343009,0.999495,0.384597,17.434923
733,1,1,1,13.725169,2.624818,0.576363,0.822972,0.700221,0.337852,0.985495,0.387643,20.317163
734,1,1,1,11.620868,2.733003,0.570911,0.820868,0.700695,0.341545,0.987938,0.385957,18.317827
735,1,1,0,13.813828,2.724172,0.579643,0.816123,0.701108,0.343385,0.985378,0.388086,20.510019
736,1,1,1,10.746136,2.726234,0.580037,0.819637,0.700123,0.342050,0.985643,0.386664,17.442781
737,1,1,1,13.639268,2.732320,0.578295,0.815896,0.699834,0.340012,0.987933,0.386726,20.341618
738,1,1,1,11.752388,2.628603,0.579723,0.951982,0.706547,0.340283,0.988493,0.386332,18.491606
739,1,1,1,10.688092,2.632923,0.575083,0.814714,0.705305,0.343299,1.042461,0.406812,17.369649
740,1,1,1,13.628849,2.628068,0.571256,0.808867,0.702726,0.341803,0.990541,0.403108,20.232326
741,1,1,1,13.585575,2.631138,0.574492,0.816339,0.697797,0.340517,0.993218,0.401698,20.197459
742,1,1,1,11.247895,2.632695,0.571341,0.808813,0.695224,0.343372,0.990572,0.383982,17.829600
743,1,1,1,11.982043,2.634800,0.579353,0.818154,0.698307,0.340388,1.000258,0.384868,18.595908
744,1,1,1,12.810461,2.633070,0.571114,0.813655,0.703532,0.341846,1.001262,0.382474,19.412159
745,1,1,1,11.290314,2.722080,0.580105,0.821532,0.694320,0.338572,0.985508,0.388862,17.982597
746,1,1,1,11.197760,2.626590,0.572911,0.934258,0.705816,0.342136,0.997938,0.387102,17.920203
747,1,1,1,11.320443,2.630788,0.574092,0.818302,0.701656,0.343311,0.991212,0.438412,17.980148
748,1,1,1,9.437649,2.631569,0.574068,0.816510,0.703108,0.344633,0.988904,0.387028,16.039981
749,0,1,0,13.790012,2.627619,0.579187,0.815452,0.699674,0.343280,0.984887,0.385404,20.383200
750,1,1,1,13.778375,2.628523,0.572800,0.814124,0.697809,0.342560,0.985889,0.386203,20.362812
751,1,1,1,13.416733,2.627194,0.577015,0.821354,0.694966,0.339305,1.000640,0.391581,20.025330
752,0,1,1,10.905175,2.739797,0.575557,0.818670,0.699987,0.340720,0.989379,0.381582,17.608393
753,1,1,0,13.838591,2.728880,0.579994,0.817877,0.701169,0.337446,0.999778,0.386387,20.551852
754,1,1,1,11.720295,2.745723,0.575422,0.815071,0.697243,0.342579,0.984634,0.388984,18.428283
755,0,1,0,13.848351,2.727218,0.579090,0.811680,0.696757,0.342160,0.999267,0.388370,20.553126
756,1,1,1,10.661606,2.631101,0.572264,0.917138,0.705902,0.346880,0.985447,0.384265,17.364141
757,1,1,1,10.810867,2.633329,0.571822,0.822566,0.698548,0.339379,0.991926,0.399945,17.427299
758,1,1,1,10.634904,2.632142,0.571865,0.807434,0.701453,0.342369,0.987895,0.384567,17.215496
759,1,1,1,13.666350,2.634486,0.573766,0.819723,0.694880,0.341452,0.984572,0.383151,20.253157
760,1,1,1,10.752111,2.760351,0.574750,0.812862,0.700130,0.340486,0.999176,0.388812,17.483372
761,1,1,1,10.789569,2.633298,0.571489,0.934443,0.707267,0.341742,0.984135,0.387095,17.510473
762,1,1,1,11.233630,2.630683,0.576074,0.815797,0.705188,0.339182,1.000825,0.420326,17.878923
763,1,1,1,11.561779,2.629114,0.577508,0.817476,0.699353,0.345378,0.997698,0.385951,18.172936
764,1,1,1,13.664714,2.628203,0.572936,0.810430,0.699409,0.339908,0.989261,0.386302,20.249619
765,1,1,1,13.805809,2.629175,0.574228,0.813827,0.700350,0.341667,0.984050,0.495692,20.502560
766,1,1,1,13.518270,2.627323,0.576782,0.811213,0.699360,0.345490,1.007655,0.416024,20.162683
767,1,1,1,11.271870,2.630942,0.573249,0.814136,0.703988,0.343988,0.999877,0.386800,17.883033
768,1,1,1,10.752036,2.739244,0.574954,0.811951,0.694412,0.342031,0.998621,0.385108,17.455932
769,0,1,0,13.642030,2.730013,0.582763,0.825249,0.704474,0.345151,0.990129,0.385520,20.364874
770,1,1,1,13.121822,2.742400,0.574129,0.816492,0.694228,0.341280,0.983772,0.386289,19.814425
771,1,1,1,13.448018,2.723926,0.581249,0.812393,0.697102,0.338572,1.002504,0.382622,20.145858
772,1,1,1,11.225052,2.727034,0.568443,0.807582,0.696819,0.338905,0.984874,0.389704,17.896455
773,1,1,0,11.018750,2.637508,0.573637,0.821698,0.817206,0.342308,1.000609,0.384499,17.752904
774,1,1,0,13.609612,2.630443,0.574874,0.916683,0.714351,0.338665,0.988948,0.390271,20.322757
775,1,1,1,10.688179,2.631619,0.571575,0.817686,0.703754,0.340702,0.999840,0.493181,17.403502
776,1,1,1,10.655126,2.629397,0.571434,0.814683,0.702277,0.339687,1.000172,0.390129,17.261982
777,1,1,1,10.764284,2.724191,0.578634,0.815126,0.694745,0.341330,0.997200,0.382985,17.456695
778,0,1,0,13.953459,2.728923,0.579502,0.812326,0.698782,0.339471,0.996775,0.385477,20.653698
779,0,1,0,13.891465,2.757532,0.571748,0.824037,0.700154,0.337292,0.999858,0.385698,20.626763
780,1,1,1,10.715600,2.629089,0.695126,0.812621,0.695951,0.343902,0.987563,0.382061,17.419397
781,1,1,1,13.510967,2.726387,0.573576,0.823206,0.699397,0.343188,0.996326,0.387643,20.217563
782,1,1,1,10.708375,2.627840,0.576782,0.812621,0.703458,0.462892,0.989132,0.399157,17.435810
783,1,1,1,13.589347,2.631317,0.574849,0.816320,0.803342,0.349981,1.002972,0.388677,20.317397
784,1,1,1,14.031225,2.630253,0.573360,0.931016,0.706837,0.344880,0.997975,0.388061,20.763896
785,1,1,1,13.608861,2.627779,0.580351,0.957644,0.711286,0.335600,0.997607,0.384659,20.361316
786,0,1,0,13.766129,2.632714,0.689643,0.820412,0.695188,0.342092,0.985274,0.386160,20.477366
787,0,1,0,13.795655,2.720837,0.577655,0.823089,0.695791,0.340788,0.985416,0.388757,20.488720
788,1,1,0,13.266634,2.746787,0.575544,0.814068,0.697736,0.343212,0.991280,0.384960,19.976529
789,1,1,1,13.636855,2.801021,0.697416,0.994542,0.852234,0.426462,1.001378,0.458049,21.060867
790,0,1,1,13.762904,2.754726,0.575926,0.816123,0.702646,0.340615,0.988043,0.385434,20.484991
791,1,1,1,13.564351,2.756333,0.583360,0.812911,0.702209,0.339588,0.997871,0.381901,20.294252
792,1,1,1,11.194246,2.729606,0.576012,0.810812,0.699372,0.337403,0.986887,0.385612,17.878418
793,1,1,1,12.021286,2.627274,0.579287,0.947656,0.718622,0.337594,1.001434,0.387404,18.780898
794,1,1,1,13.328991,2.629224,0.573581,0.957095,0.705028,0.341268,0.989120,0.384837,20.064997
795,0,1,0,13.452861,2.630923,0.677298,0.817532,0.697933,0.340769,1.001286,0.383046,20.161138
796,1,1,1,13.524775,2.627816,0.692222,0.817354,0.701895,0.336461,0.989403,0.382855,20.228068
797,1,1,1,11.819791,2.630837,0.574394,0.818658,0.835299,0.340080,0.984259,0.389040,18.552308
798,1,1,1,13.573920,2.634043,0.575151,0.925938,0.711095,0.338653,0.986246,0.382412,20.285157
799,1,1,1,11.291428,2.631274,0.571139,0.816911,0.698455,0.342394,0.994584,0.420633,17.929409
800,0,1,0,13.533071,2.630517,0.574172,0.811588,0.699945,0.339132,0.990548,0.420037,20.156117
801,0,1,0,13.397341,2.629551,0.574277,0.826615,0.704222,0.341502,0.998831,0.423526,20.056007
802,1,1,1,13.545625,2.628462,0.571944,0.812910,0.699840,0.447674,0.989378,0.408615,20.261544
803,1,1,1,13.538714,2.632935,0.575827,0.823495,0.805655,0.347766,1.002099,0.391870,20.292836
804,0,1,0,13.730966,2.627427,0.568406,0.818160,0.811052,0.341994,0.989563,0.392769,20.438923
805,1,1,1,13.556037,2.628653,0.582646,0.925194,0.708179,0.339427,1.000628,0.384480,20.287028
806,1,1,1,13.442258,2.632830,0.576154,0.955348,0.704738,0.342258,0.988265,0.385760,20.184345
807,0,1,0,13.574818,2.625723,0.572296,0.919600,0.709877,0.342394,0.996954,0.387717,20.292117
808,1,1,1,10.643871,2.626947,0.575329,0.819022,0.694455,0.346153,0.988031,0.420443,17.272135
809,0,1,0,13.638517,2.626258,0.578621,0.811434,0.696074,0.343951,0.988369,0.414867,20.259871
810,1,1,1,13.500332,2.628166,0.580806,0.812867,0.695766,0.341095,0.991526,0.415427,20.120584
811,1,1,1,13.558732,2.631003,0.572954,0.818708,0.705631,0.447231,1.004572,0.405797,20.302603
812,1,1,1,11.168696,2.633219,0.573612,0.811747,0.689108,0.341988,0.993692,0.391348,17.757188
813,1,1,1,11.663902,2.630996,0.575877,0.818074,0.697711,0.342781,1.001594,0.385256,18.274277
814,1,1,1,10.711009,2.736363,0.576622,0.814307,0.697237,0.340640,0.986603,0.385458,17.402486
815,1,1,1,11.812917,2.629933,0.675458,0.820246,0.703748,0.346376,1.001760,0.383902,18.531342
816,1,1,1,11.267126,2.632419,0.574524,0.812536,0.697822,0.347053,0.986935,0.386542,17.964166
817,1,1,1,11.512997,2.627422,0.570474,0.816418,0.702087,0.340511,0.986271,0.478332,18.194899
818,1,1,1,9.339188,2.950782,0.573785,0.813692,0.705926,0.341347,0.985674,0.383378,16.251502
819,1,1,1,10.786683,2.631379,0.611336,0.819631,0.697532,0.340849,0.985390,0.384277,17.511298
820,1,1,1,11.728535,2.632394,0.581520,0.813587,0.818480,0.343255,0.991409,0.387674,18.451809
821,1,1,1,10.650080,2.633717,0.573606,0.813791,0.698800,0.343803,0.999027,0.389108,17.258695
822,1,1,1,9.426227,2.751754,0.574751,0.815052,0.704240,0.343686,0.989619,0.385305,16.148271
823,0,1,0,13.793213,2.723736,0.578868,0.813532,0.700425,0.340517,0.995600,0.386560,20.490025
824,1,1,1,13.412308,2.629760,0.576911,0.821151,0.702277,0.343403,1.001581,0.388166,20.031711
825,1,1,1,10.816012,2.732720,0.574733,0.810572,0.700892,0.341477,0.988615,0.384696,17.510197
826,1,1,1,10.767458,2.627310,0.578584,0.814086,0.697889,0.352197,0.999754,0.385896,17.464695
827,1,1,1,13.570560,2.627016,0.574930,0.818307,0.828234,0.339305,0.987729,0.382788,20.289385
828,1,1,1,11.399791,2.629821,0.572732,0.813311,0.692739,0.341440,0.988092,0.480702,18.071883
829,1,1,1,10.813120,2.629144,0.568295,0.821594,0.697754,0.343994,0.986012,0.386185,17.400744
830,1,1,1,9.376819,2.632265,0.695200,0.817126,0.705828,0.341446,0.986505,0.386714,16.097791
831,1,1,1,12.756110,2.631212,0.656862,0.835551,0.703169,0.341071,0.985280,0.388215,19.456893
832,1,1,1,13.476708,2.628837,0.697415,0.822043,0.701114,0.340233,1.002050,0.384086,20.209379
833,1,1,1,10.793563,2.633397,0.570535,0.822289,0.695655,0.343883,0.989354,0.420412,17.428431
834,1,1,1,13.667735,2.629582,0.574456,0.819403,0.705126,0.446892,0.989459,0.398664,20.388739
835,1,1,1,14.085434,2.912634,0.596012,1.023920,0.855292,0.379513,0.996511,0.516905,21.560905
836,1,1,1,11.923821,2.810923,0.673785,0.978794,0.994732,0.402603,1.009532,0.507458,19.498861
837,1,1,1,14.397292,2.753022,0.593471,0.830332,0.709101,0.348745,0.990862,0.402640,21.198141
838,1,1,1,10.936031,2.688904,0.674837,0.857951,0.957994,0.359532,0.999730,0.441600,18.095545
839,1,1,1,11.928437,2.837212,0.707754,0.978092,0.848099,0.501095,1.003853,0.512886,19.516905
840,1,1,1,11.331846,2.897785,0.661194,0.877748,0.828191,0.427828,1.013655,0.634056,18.878210
841,1,1,1,11.859821,2.779963,0.619582,0.859631,0.772210,0.372086,1.028597,0.663317,19.154357
842,1,1,1,12.701403,2.645083,0.585194,0.817311,0.713471,0.349280,1.002203,0.410542,19.390584
843,1,1,1,14.063145,2.713631,0.751902,0.851286,0.881004,0.428541,1.023206,0.501305,21.405692
844,1,1,1,12.081754,2.914406,0.734314,1.042591,0.857723,0.404893,1.008948,0.507379,19.769625
845,1,1,1,15.303662,2.825846,0.709551,1.059809,0.888591,0.448548,1.017871,0.528560,23.002702
846,1,1,1,12.145667,2.814068,0.677280,1.306621,0.828831,0.418012,1.018665,0.602953,20.028221
847,1,1,1,11.931533,2.678425,0.576111,1.039268,0.709181,0.330843,0.987526,0.380375,18.797058
848,1,1,1,11.328695,2.631834,0.570603,0.807674,0.699385,0.343218,0.996590,0.420794,17.958228
849,0,1,0,13.929729,2.671206,0.579071,0.816677,0.696061,0.437704,1.002615,0.392763,20.689335
850,1,1,1,11.162862,2.629582,0.574609,0.825200,0.696259,0.339286,0.992092,0.383822,17.758455
851,1,1,1,13.720572,2.630935,0.576979,0.814258,0.703495,0.339963,1.000696,0.386677,20.332936
852,1,1,1,11.668542,2.630874,0.569176,0.810160,0.700702,0.342751,1.000080,0.386695,18.269772
853,1,1,1,12.960215,2.633120,0.569280,0.821791,0.695742,0.338191,0.983157,0.387760,19.546425
854,1,1,1,13.646166,2.629040,0.575040,0.810486,0.696677,0.347114,0.988099,0.386277,20.233490
855,1,1,1,10.674246,2.729225,0.583003,0.813470,0.700449,0.343299,0.983785,0.388190,17.375181
856,1,1,1,13.521587,2.729421,0.579557,0.811723,0.697612,0.340936,1.001680,0.385218,20.223040
857,1,1,1,9.433859,2.629588,0.577828,0.823896,0.811446,0.340382,0.986647,0.383711,16.146000
858,1,1,1,13.017575,2.633181,0.572264,0.810154,0.818351,0.345920,0.987089,0.390062,19.732073
859,0,1,1,13.653939,2.631662,0.573360,0.814536,0.798339,0.344880,0.985483,0.389476,20.352979
860,0,1,0,12.648597,2.630098,0.570449,0.810554,0.700259,0.348271,0.985594,0.386461,19.327335
861,0,1,0,13.883034,2.632400,0.572111,0.816541,0.805520,0.341551,0.999668,0.384129,20.595415
862,1,1,1,10.623040,2.626111,0.571144,0.820124,0.699009,0.340480,0.987865,0.382874,17.205421
863,1,1,1,11.609139,2.630899,0.575932,0.822406,0.694517,0.342314,0.998394,0.383010,18.213575
864,1,1,1,11.143907,2.726905,0.575514,0.820123,0.703286,0.340320,0.987877,0.385945,17.838745
865,1,1,1,10.812966,2.628850,0.676228,0.826339,0.708302,0.344775,0.999544,0.388874,17.544523
866,1,1,1,10.695668,2.632074,0.576769,0.814505,0.697778,0.343944,0.989993,0.424708,17.332659
867,1,1,1,10.740653,2.627367,0.572972,0.817988,0.698178,0.344473,0.987360,0.383304,17.331852
868,1,1,1,11.425680,2.724437,0.577975,0.821582,0.697772,0.345028,0.985742,0.384566,18.119729
869,1,1,1,11.593219,2.742123,0.578966,0.820941,0.697527,0.338954,0.995120,0.389280,18.310548
870,1,1,1,11.568381,2.633391,0.574314,0.926050,0.698474,0.342265,0.988978,0.392812,18.281539
871,1,1,1,13.576947,2.631249,0.674899,0.822991,0.700308,0.339883,1.001847,0.383673,20.288800
872,1,1,1,13.738043,2.719231,0.585120,0.814917,0.703064,0.341698,0.996609,0.383132,20.438597
873,1,1,1,10.947939,2.625200,0.570050,0.824412,0.698419,0.355274,0.989434,0.390973,17.643600
874,1,1,1,11.625052,2.629797,0.573274,0.819434,0.693828,0.333939,0.987791,0.494320,18.315181
875,1,1,1,11.426579,2.632480,0.577040,0.818387,0.696018,0.344775,0.987650,0.387545,18.028653
876,0,1,0,13.582745,2.628560,0.571028,0.818523,0.705224,0.341994,0.988917,0.383317,20.174714
877,1,1,1,13.754979,2.632062,0.572990,0.820819,0.697286,0.341151,0.987434,0.387010,20.350289
878,1,1,1,10.641465,2.735883,0.578184,0.820609,0.697484,0.340117,0.991607,0.382676,17.345705
879,0,1,0,13.875348,2.633471,0.575316,0.826905,0.702338,0.339366,0.999084,0.383957,20.490868
880,1,1,1,13.548874,2.628898,0.569071,0.817373,0.699822,0.338892,0.999994,0.385920,20.144560
881,1,1,1,10.757200,2.728867,0.573101,0.819760,0.697311,0.337360,1.000480,0.385606,17.456849
882,1,1,1,10.653366,2.629446,0.578240,0.818985,0.828535,0.344382,0.989791,0.388769,17.394781
883,0,1,0,14.343378,2.628425,0.575188,0.931828,0.705015,0.341865,0.999329,0.385348,21.070972
884,1,1,1,10.774510,2.630505,0.574812,0.814924,0.697569,0.346172,1.000443,0.424338,17.419391
885,1,1,1,12.973975,2.629636,0.579833,0.819957,0.700775,0.338702,1.096172,0.428887,19.732430
886,1,1,1,11.378099,2.631410,0.574332,0.818493,0.701563,0.341490,0.987630,0.385083,17.972074
887,1,1,0,12.936148,2.629200,0.579403,0.815261,0.701342,0.341994,0.997040,0.387637,19.546203
888,1,1,1,10.730456,2.751268,0.581397,0.806025,0.700893,0.340924,1.000136,0.384819,17.452653
889,1,1,1,10.801114,2.628689,0.575397,0.930221,0.706664,0.339736,0.996954,0.383132,17.520726
890,1,1,1,10.929822,2.629225,0.571742,0.823539,0.699010,0.343951,0.985588,0.404271,17.543076
891,0,1,0,13.622492,2.631975,0.571741,0.818332,0.694135,0.340136,0.986954,0.409403,20.233760
892,1,1,1,11.799735,2.631662,0.567181,0.816831,0.704302,0.344320,0.986510,0.384646,18.392061
893,1,1,0,13.885255,2.630966,0.573661,0.818387,0.698966,0.342665,0.997360,0.473040,20.578953
894,1,1,0,13.512092,2.628640,0.568714,0.815446,0.702830,0.344419,1.035274,0.413139,20.177409
895,1,1,1,11.227440,2.631717,0.579766,0.817108,0.696197,0.344277,0.986203,0.389785,17.830757
896,1,1,1,10.721637,2.729224,0.577378,0.815360,0.692756,0.341890,0.986714,0.384696,17.406117
897,1,1,1,10.780388,2.632437,0.669354,0.847717,0.706923,0.337668,0.987606,0.383896,17.509889
898,0,1,1,13.288247,2.627550,0.693710,0.828431,0.703939,0.341581,0.998234,0.389139,20.030868
899,1,1,1,13.556560,2.630450,0.684978,0.826105,0.702259,0.341446,0.986283,0.379188,20.265507
900,1,1,1,13.654806,2.811773,0.572492,0.808037,0.700763,0.334105,0.989453,0.388825,20.421440
901,1,1,1,11.872265,2.628701,0.579396,0.974887,0.708843,0.343009,0.999852,0.385101,18.651785
902,1,1,1,11.220455,2.627262,0.578862,0.813194,0.699255,0.345144,0.998573,0.425378,17.864185
903,1,1,1,10.677310,2.627957,0.571138,0.833809,0.700412,0.340996,0.997563,0.388640,17.294861
904,1,1,1,10.807237,2.738190,0.577347,0.820720,0.705458,0.342314,0.997957,0.385237,17.530936
905,1,1,1,11.836406,2.730707,0.574812,0.823286,0.696234,0.338861,0.987446,0.384437,18.530591
906,1,1,1,10.725403,2.631753,0.573655,0.814726,0.814443,0.344813,0.999329,0.388744,17.450898
907,0,1,0,13.959643,2.630670,0.581065,0.912443,0.703514,0.342554,0.997926,0.388197,20.677465
908,0,1,0,13.403809,2.632585,0.572043,0.918806,0.709803,0.341772,0.987544,0.385581,20.107582
909,1,1,1,11.346812,2.630572,0.573785,0.814978,0.696080,0.340763,0.990936,0.409661,17.965890
910,1,1,1,13.511871,2.631896,0.576117,0.813717,0.700375,0.337551,0.994277,0.404745,20.125046
911,1,1,1,13.668997,2.629287,0.572529,0.823354,0.695237,0.446659,1.004289,0.396037,20.394880
912,1,1,1,10.726037,2.628350,0.571797,0.815803,0.700265,0.341151,0.986142,0.383385,17.309101
913,1,1,1,10.751256,2.737028,0.574394,0.818407,0.697988,0.341372,0.998807,0.390320,17.468407
914,1,1,0,13.630289,2.630314,0.569495,0.815803,0.698099,0.341588,0.999864,0.385317,20.223901
915,1,1,1,11.570289,2.736327,0.581533,0.818782,0.697674,0.343772,0.987643,0.384966,18.282277
916,1,1,1,10.790006,2.631655,0.575286,0.934012,0.709994,0.342695,0.987527,0.387538,17.518911
917,1,1,1,9.360314,2.630308,0.573735,0.812892,0.699502,0.344222,0.998098,0.388092,15.965311
918,1,1,1,13.424997,2.629612,0.578314,0.814345,0.699138,0.341828,0.987163,0.382886,20.015507
919,1,1,1,10.657643,2.734966,0.577593,0.812640,0.704622,0.343009,0.986923,0.387139,17.361163
920,1,1,0,12.725932,2.725944,0.580954,0.815286,0.695212,0.340283,0.999606,0.387613,19.428289
921,1,1,1,11.393797,2.636086,0.668455,0.817046,0.700597,0.339434,1.000271,0.384327,18.097975
922,1,1,1,13.155489,2.627188,0.691022,0.817957,0.692591,0.341317,0.986166,0.387089,19.854326
923,1,1,1,13.643070,2.733502,0.582233,0.812092,0.701988,0.342105,0.985581,0.383532,20.341526
924,1,1,1,10.703243,2.625680,0.572135,0.820246,0.701360,0.430659,0.989046,0.391127,17.387330
925,1,1,1,13.526172,2.624910,0.579255,0.816585,0.794178,0.343465,0.985471,0.387625,20.219101
926,1,1,1,10.698935,2.628566,0.570037,0.812751,0.696129,0.340493,0.990240,0.390917,17.281668
927,1,1,1,13.876591,2.630449,0.571230,0.816093,0.692461,0.338597,0.983421,0.382216,20.446818
928,1,1,1,10.801422,2.629022,0.565976,0.806412,0.699237,0.341563,0.995876,0.383385,17.380825
929,1,1,1,10.812554,2.743606,0.579773,0.814806,0.700456,0.341526,0.986099,0.385563,17.522166
930,1,1,1,10.762837,2.623859,0.574363,0.810603,0.840886,0.343373,0.983932,0.382868,17.481834
931,1,1,1,10.628221,2.627151,0.575225,0.824696,0.699059,0.342289,0.999261,0.385600,17.242302
932,1,1,1,13.504861,2.630751,0.571059,0.811674,0.704548,0.343126,0.985612,0.493600,20.278461
933,1,1,1,10.758800,2.627957,0.580935,0.812074,0.699360,0.342535,0.998209,0.382117,17.360603
934,1,1,1,10.757280,2.730751,0.578461,0.816068,0.696486,0.341834,0.992861,0.382954,17.456031
935,1,1,0,13.555619,2.740166,0.574917,0.817028,0.702167,0.343218,0.987766,0.388172,20.268757
936,0,1,0,13.771219,2.726591,0.578492,0.814585,0.692270,0.339101,0.983089,0.383619,20.444683
937,1,1,1,10.795772,2.630972,0.671969,0.825194,0.706763,0.343458,1.002480,0.384480,17.521557
938,1,1,1,11.029256,2.630456,0.574000,0.811181,0.702136,0.341612,0.986210,0.409828,17.641218
939,1,1,1,10.749403,2.631476,0.573815,0.820732,0.700234,0.344856,0.998966,0.385625,17.362978
940,1,1,1,11.553422,2.630050,0.573280,0.814098,0.697723,0.343126,0.986332,0.384455,18.136707
941,1,1,1,11.510622,2.738769,0.578615,0.817963,0.697065,0.339470,0.999674,0.388030,18.225298
942,1,1,1,10.734462,2.632567,0.568018,0.906831,0.710456,0.339089,0.987157,0.386708,17.427144
943,1,1,1,13.460818,2.626745,0.576812,0.951846,0.709077,0.340610,0.987754,0.386191,20.198670
944,1,1,1,10.757619,2.626061,0.576326,0.814917,0.706036,0.342627,1.054744,0.425896,17.461101
945,1,1,1,10.778154,2.630290,0.575316,0.817089,0.700357,0.340363,0.984253,0.381963,17.369163
946,1,1,1,13.540578,2.632086,0.572911,0.813600,0.698320,0.343415,0.998160,0.380603,20.135077
947,1,1,1,10.786258,2.742615,0.579286,0.812252,0.699477,0.340837,1.000554,0.382523,17.501527
948,0,1,0,13.684849,2.725311,0.577102,0.807797,0.702333,0.343476,0.984739,0.388264,20.369661
949,1,1,1,13.545367,2.741422,0.574713,0.814418,0.703366,0.339059,0.984578,0.386154,20.251348
950,1,1,1,11.288837,2.731107,0.576006,0.816443,0.704843,0.343594,0.992936,0.384271,17.994313
951,1,1,1,10.811169,2.627102,0.569735,0.811169,0.803409,0.339717,0.984560,0.385889,17.489674
952,1,1,1,10.779459,2.628824,0.574812,0.814733,0.693741,0.336708,0.983828,0.389127,17.355181
953,1,1,1,10.877803,2.630363,0.570320,0.813206,0.697981,0.342517,0.997274,0.380019,17.464430
954,1,1,1,11.678252,2.721717,0.574634,0.814080,0.696911,0.341847,0.999662,0.386234,18.368123
955,1,1,1,10.787286,2.628609,0.574166,0.938603,0.708677,0.336960,1.000449,0.385255,17.516148
956,1,1,1,13.495809,2.628904,0.573176,0.949453,0.706972,0.342154,0.988824,0.381963,20.224892
957,1,1,1,13.596578,2.634160,0.679748,0.826375,0.701434,0.340375,0.988812,0.386215,20.314376
958,1,1,1,13.269846,2.627027,0.689379,0.816468,0.699170,0.343428,0.987520,0.387938,19.975470
959,1,1,1,11.657040,2.630621,0.577287,0.814757,0.843778,0.342203,0.997034,0.384664,18.408111
960,1,1,1,9.416818,2.632431,0.568578,0.812979,0.702837,0.338351,0.987428,0.383064,15.998135
961,1,1,1,13.716800,2.628473,0.578209,0.815643,0.699077,0.343329,0.999723,0.386253,20.322517
962,0,1,1,13.430375,2.626684,0.574578,0.825108,0.695434,0.342560,1.000604,0.385132,20.036788
963,1,1,1,11.880363,2.629132,0.575151,0.813607,0.694221,0.342849,0.984615,0.387083,18.463440
964,1,1,1,10.723618,2.731692,0.574751,0.813913,0.704947,0.340849,0.988253,0.381551,17.414474
965,1,1,1,11.486461,2.624936,0.568530,0.942652,0.703600,0.342843,0.999889,0.387053,18.212837
966,1,1,1,13.728720,2.633267,0.670948,0.819151,0.699452,0.339157,0.986031,0.384050,20.417766
967,1,1,1,10.440874,2.629330,0.577182,0.819397,0.695908,0.345662,0.987649,0.409213,17.064812
968,1,1,1,11.718997,2.628264,0.572037,0.818665,0.697403,0.341914,0.998493,0.385945,18.315815
969,1,1,1,13.759920,2.627975,0.572923,0.814733,0.693483,0.341274,0.999619,0.387298,20.354480
970,0,1,0,13.917507,2.627582,0.572210,0.819870,0.702308,0.342308,0.997994,0.512973,20.648387
971,1,1,1,13.574610,2.631483,0.572967,0.807594,0.695686,0.343662,1.071890,0.447711,20.311902
972,0,1,0,13.887606,2.630689,0.572240,0.811268,0.701447,0.343889,0.990633,0.422474,20.518677
973,1,1,1,10.742258,2.630781,0.574825,0.814744,0.696382,0.338449,0.997656,0.387729,17.338917
974,1,1,1,10.690702,2.738431,0.574056,0.821490,0.703716,0.338756,0.987378,0.385046,17.397133
975,1,1,1,13.548277,2.748344,0.576899,0.815865,0.700301,0.337932,0.982880,0.391323,20.261858
976,1,1,1,11.244190,2.737699,0.569982,0.815409,0.703034,0.343292,0.998486,0.390234,17.960074
977,1,1,1,13.543797,2.731859,0.574357,0.814911,0.696006,0.343421,0.985164,0.388733,20.239230
978,1,1,1,10.634591,2.631631,0.575403,0.812455,0.826566,0.342036,0.995834,0.389754,17.370357
979,0,1,0,13.714628,2.627859,0.576966,0.815975,0.800172,0.343736,0.999926,0.386862,20.424024
980,0,1,0,13.568948,2.628880,0.574043,0.919108,0.702086,0.340646,0.986412,0.390967,20.265822
981,1,1,0,9.386290,2.632849,0.567994,0.814849,0.697446,0.341625,1.000683,0.383877,15.984898
982,1,1,1,11.780701,2.631004,0.567699,0.814375,0.697293,0.341821,0.987650,0.391902,18.365667
983,0,1,0,13.846141,2.633767,0.567581,0.811871,0.702166,0.339661,0.984007,0.383692,20.428068
984,1,1,1,10.917034,2.727532,0.575304,0.811304,0.696837,0.338917,0.986499,0.384856,17.594376
985,1,1,1,10.794277,2.623323,0.577736,0.931114,0.703600,0.340917,0.994425,0.385865,17.510670
986,1,1,1,13.569760,2.627076,0.678142,0.831847,0.704480,0.339083,0.984609,0.389871,20.286031
987,1,1,1,10.799520,2.627311,0.572191,0.817249,0.699932,0.338800,0.988375,0.419544,17.425538
988,1,1,1,11.784596,2.625163,0.570585,0.814794,0.696074,0.340867,0.988179,0.385852,18.363428
989,1,1,1,10.877354,2.635138,0.571821,0.812462,0.700357,0.343896,1.000670,0.386056,17.486978
990,1,1,1,10.651853,2.730086,0.571200,0.811951,0.701526,0.341286,0.990184,0.381994,17.334523
991,1,1,1,10.717464,2.630498,0.575280,0.813871,0.696406,0.350443,0.987883,0.389772,17.428123
992,0,1,0,13.876110,2.628253,0.576843,0.810055,0.810978,0.344935,1.000603,0.389514,20.592424
993,1,1,1,13.796837,2.631052,0.575323,0.926923,0.704769,0.340689,1.000831,0.383489,20.519483
994,1,1,1,13.704068,2.629717,0.721335,0.824524,0.701059,0.341280,0.998905,0.381292,20.457317
995,0,1,0,13.685581,2.838074,0.580868,0.814824,0.699871,0.337010,0.999791,0.384062,20.500289
996,1,1,1,10.637914,2.630240,0.575963,0.812898,0.703538,0.460627,1.005932,0.423846,17.412862
997,0,1,0,13.702843,2.628357,0.581193,0.828683,0.838098,0.341095,0.984800,0.386160,20.453083
998,1,1,1,13.520825,2.630295,0.575741,0.813354,0.814573,0.341846,0.992757,0.386406,20.236166
999,1,1,0,11.054227,2.630634,0.573668,0.820480,0.692825,0.338720,1.003077,0.497317,17.768997
1000,1,1,1,13.515188,2.626818,0.568086,0.816942,0.699687,0.343859,0.997249,0.415138,20.145877
1001,1,1,1,13.535816,2.623551,0.576290,0.822073,0.699403,0.341427,0.991994,0.416843,20.166087
1002,1,1,1,10.750184,2.630473,0.574849,0.825181,0.696326,0.346985,0.993907,0.384856,17.363662
1003,1,1,1,10.901944,2.750271,0.598074,0.833791,0.715336,0.348861,0.984203,0.398923,17.722591
1004,1,1,1,10.912111,2.730265,0.565889,0.809809,0.693022,0.340898,0.992098,0.383305,17.582486
1005,1,1,1,10.730449,2.634652,0.571009,0.805828,0.688560,0.437175,0.993280,0.390861,17.411963
1006,1,1,1,13.582271,2.632763,0.563076,0.809858,0.782511,0.341071,0.985698,0.386572,20.245028
1007,1,1,1,13.475655,2.632387,0.562701,0.811114,0.819483,0.333723,0.983982,0.379342,20.159126
1008,1,1,1,10.745310,2.634104,0.562228,0.803335,0.696652,0.337224,0.986690,0.381502,17.304178
1009,1,1,1,13.391292,2.629594,0.556498,0.804923,0.685126,0.335366,0.981415,0.379348,19.919797
1010,0,1,1,12.114252,2.629446,0.567859,0.803779,0.695767,0.333600,0.990702,0.381483,18.675618
1011,1,1,1,11.213502,2.764320,0.564677,0.804603,0.690480,0.335206,0.981502,0.383471,17.897378
1012,1,1,1,10.688892,2.634105,0.695249,0.809385,0.692567,0.335557,0.983243,0.384056,17.383748
1013,1,1,1,13.467705,2.638707,0.755224,0.807557,0.692068,0.331551,0.983181,0.381016,20.214370
1014,1,1,1,10.769329,2.628326,0.570738,0.798714,0.696750,0.341200,1.085575,0.411908,17.463003
1015,1,1,1,13.360006,2.633446,0.566690,0.811157,0.690806,0.443926,0.994886,0.405175,20.062326
1016,1,1,1,11.712080,2.633496,0.566166,0.808431,0.691871,0.339138,0.980800,0.385206,18.274461
1017,1,1,1,10.687151,2.630769,0.564837,0.808757,0.689243,0.339102,0.987649,0.382210,17.247723
1018,1,1,1,9.330270,2.629969,0.676209,0.817594,0.698425,0.335390,0.984240,0.385939,16.014030
1019,1,1,1,10.746228,2.631630,0.559932,0.807027,0.687618,0.332172,0.986240,0.406308,17.317950
1020,1,1,1,10.754899,2.633046,0.567760,0.807951,0.685144,0.338904,0.987496,0.377846,17.310819
1021,1,1,1,12.844727,2.635354,0.565212,0.809022,0.691619,0.337003,0.985144,0.376942,19.399926
1022,1,1,1,11.302301,2.738701,0.571360,0.805545,0.689175,0.334036,0.981563,0.384591,17.969410
1023,1,1,1,13.465101,2.764603,0.563108,0.804258,0.684320,0.335163,0.981446,0.377674,20.134560
1024,1,1,1,11.350880,2.714480,0.603907,0.805741,0.689650,0.336566,0.985182,0.378388,18.032782
1025,0,1,0,13.647704,2.740339,0.565754,0.800985,0.691704,0.340424,0.978714,0.383570,20.308031
1026,1,1,1,10.717175,2.635637,0.568991,0.808997,0.696240,0.357470,0.990585,0.388135,17.426763
1027,1,1,1,10.717581,2.633409,0.563852,0.810812,0.694591,0.338234,0.986646,0.383317,17.284172
1028,0,1,0,14.081730,2.630191,0.575963,0.811667,0.688092,0.337772,0.981465,0.378406,20.643963
1029,1,1,1,10.692505,2.628892,0.564541,0.806394,0.698670,0.338172,0.982899,0.385379,17.257853
1030,1,1,1,13.164776,2.631680,0.569791,0.808609,0.693828,0.334480,0.994123,0.378800,19.735059
1031,1,1,1,11.702394,2.736554,0.568966,0.809336,0.689256,0.337138,0.981846,0.381243,18.362400
1032,1,1,1,10.744553,2.630320,0.571182,0.916363,0.695427,0.339575,0.981470,0.385120,17.423914
1033,1,1,1,10.318074,2.632726,0.569797,0.806277,0.691317,0.334480,0.984407,0.385957,16.958732
1034,1,1,1,13.405951,2.635951,0.567532,0.809120,0.693298,0.336535,0.996012,0.490744,20.094468
1035,1,1,1,12.817477,2.631840,0.563225,0.804886,0.697446,0.332609,0.983834,0.377760,19.364326
1036,1,1,1,10.884203,2.634892,0.569969,0.813237,0.686259,0.331588,0.979809,0.385569,17.441686
1037,1,1,1,10.707705,2.731963,0.566850,0.808621,0.688086,0.332819,0.997384,0.382899,17.374228
1038,1,1,1,11.382646,2.635490,0.577286,0.908240,0.708203,0.337742,0.998954,0.384603,18.093200
1039,1,1,1,10.732806,2.634006,0.565181,0.804327,0.687890,0.337902,0.986751,0.662880,17.572824
1040,1,1,1,11.674757,2.633015,0.563772,0.808166,0.690929,0.338400,0.996887,0.382529,18.246911
1041,1,1,1,12.854412,2.632775,0.563927,0.802013,0.692739,0.335471,0.983551,0.377194,19.399292
1042,1,1,1,10.807342,2.736474,0.572806,0.812990,0.690141,0.413194,1.012320,0.528400,17.747427
1043,1,1,1,11.623194,2.743760,0.572997,0.802887,0.690413,0.335053,0.982364,0.386406,18.294314
1044,0,1,0,13.578622,2.744375,0.565667,0.805230,0.688178,0.335557,0.986867,0.381409,20.247329
1045,1,1,1,13.478843,2.751274,0.563427,0.808837,0.689434,0.334406,0.980567,0.377495,20.140529
1046,1,1,1,10.820123,2.630690,0.562529,0.815447,0.789507,0.340381,0.994388,0.379132,17.491630
1047,1,1,1,10.775563,2.631280,0.557299,0.809760,0.688216,0.336443,0.986394,0.385304,17.327335
1048,1,1,1,13.191975,2.631741,0.568172,0.810979,0.692302,0.337637,0.995145,0.376825,19.766511
1049,1,1,1,12.037563,2.633705,0.560419,0.808671,0.688504,0.336665,0.981895,0.384215,18.586597
1050,1,1,1,13.626615,2.636166,0.569138,0.806486,0.692578,0.336265,0.995785,0.376874,20.201003
1051,0,1,0,13.680154,2.634308,0.563304,0.810012,0.687372,0.335145,0.984893,0.380443,20.232628
1052,1,1,1,10.742406,2.760763,0.572591,0.811575,0.689225,0.335267,0.993507,0.379298,17.443557
1053,1,1,1,10.633409,2.634991,0.687452,0.810006,0.692086,0.337354,0.982652,0.378782,17.313502
1054,0,1,0,13.694542,2.724283,0.572369,0.810812,0.692690,0.338424,0.995120,0.373181,20.360474
1055,1,1,1,13.468443,2.753243,0.569256,0.814548,0.691649,0.337157,0.991902,0.379883,20.162351
1056,1,1,1,11.428960,2.630671,0.569871,0.816510,0.800862,0.334646,0.982935,0.382456,18.111729
1057,1,1,1,13.774246,2.633181,0.565650,0.933692,0.699797,0.336449,0.995766,0.379618,20.476917
1058,1,1,1,11.478671,2.628979,0.566191,0.808690,0.684659,0.340751,0.988948,0.416221,18.071889
1059,1,1,1,12.145613,2.630972,0.569176,0.807477,0.689889,0.333846,0.982456,0.469729,18.792418
1060,1,1,1,13.697790,2.632609,0.568843,0.816013,0.691028,0.338025,1.029058,0.419533,20.354394
1061,1,1,1,13.300572,2.633040,0.562560,0.813256,0.685200,0.334363,1.045520,0.413187,19.949716
1062,1,1,1,13.591532,2.657360,0.571489,0.812572,0.685514,0.334418,0.988984,0.414443,20.222616
1063,1,1,1,10.724172,2.632763,0.565483,0.808191,0.695428,0.336431,0.980757,0.380714,17.279089
1064,1,1,1,10.838517,2.739428,0.573785,0.809465,0.693729,0.339182,0.979378,0.386535,17.519587
1065,1,1,1,13.586751,2.734659,0.575588,0.806246,0.686917,0.331391,0.985101,0.380929,20.243852
1066,1,1,1,13.330861,2.747612,0.572264,0.809613,0.686234,0.336604,0.980966,0.381846,20.008117
1067,1,1,1,11.707945,2.732222,0.570732,0.808450,0.692696,0.337071,0.980634,0.382824,18.371163
1068,1,1,1,11.821483,2.630154,0.559477,0.926732,0.692536,0.338148,0.995711,0.380339,18.506917
1069,1,1,1,10.728308,2.639969,0.562443,0.807169,0.685415,0.336037,1.002695,0.404499,17.323619
1070,1,1,1,12.441292,2.630142,0.567704,0.804935,0.686880,0.337378,0.994480,0.383391,19.004449
1071,1,1,1,10.840874,2.629773,0.559367,0.811403,0.691717,0.330394,0.980344,0.378400,17.376450
1072,1,1,1,10.706265,2.727447,0.569354,0.806271,0.690246,0.335219,0.980196,0.377877,17.352751
1073,1,1,1,14.346332,2.734141,0.567784,0.806203,0.689871,0.334905,0.982037,0.379335,20.998191
1074,1,1,1,10.802954,2.629317,0.569575,0.948474,0.702012,0.335624,0.981157,0.384880,17.513397
1075,1,1,1,10.747114,2.633483,0.560831,0.810708,0.692117,0.336006,1.009705,0.420572,17.364954
1076,1,1,1,11.468560,2.629766,0.568184,0.806683,0.693230,0.336769,0.980529,0.380954,18.019840
1077,1,1,1,11.171797,2.745212,0.561822,0.806246,0.688733,0.333348,0.994966,0.381415,17.841557
1078,0,1,0,13.979797,2.638818,0.570098,0.812314,0.686333,0.337920,0.988277,0.378769,20.551446
1079,1,1,1,11.422954,2.732640,0.568031,0.811735,0.693433,0.332474,0.980529,0.376985,18.076197
1080,1,1,1,13.573410,2.731348,0.566320,0.803963,0.688615,0.333378,0.987655,0.374787,20.216314
1081,1,1,1,10.643489,2.631379,0.564357,0.912707,0.704271,0.337267,0.983262,0.381840,17.315176
1082,0,1,1,12.835582,2.632160,0.570160,0.808314,0.806874,0.336449,0.982474,0.385508,19.516708
1083,1,1,1,12.418043,2.631447,0.565212,0.808382,0.691852,0.418517,0.982535,0.392862,19.066646
1084,1,1,1,11.763901,2.633643,0.566012,0.810844,0.689982,0.340609,0.981360,0.470997,18.417213
1085,1,1,1,10.596511,2.630837,0.559280,0.805139,0.688356,0.334985,0.982406,0.382074,17.135785
1086,1,1,1,13.602960,2.633145,0.567766,0.811144,0.687527,0.334782,0.983169,0.375871,20.155016
1087,1,1,1,11.744074,2.753145,0.571329,0.809335,0.688253,0.330622,0.988849,0.381557,18.423766
1088,1,1,0,13.657403,2.725772,0.576049,0.808985,0.684843,0.336572,0.981390,0.382935,20.312412
1089,0,1,0,13.630701,2.644646,0.560892,0.809144,0.693477,0.335219,0.987704,0.380781,20.210603
1090,1,1,1,11.694018,2.839206,0.569200,0.807133,0.689452,0.337145,0.994179,0.378098,18.466640
1091,1,1,1,13.617231,2.736160,0.563760,0.805563,0.689108,0.335200,0.997096,0.386584,20.288942
1092,0,1,0,13.536326,2.729009,0.575662,0.804493,0.688344,0.329293,0.995409,0.380855,20.196517
1093,1,1,0,13.647662,2.755028,0.561114,0.808173,0.686941,0.334314,0.982419,0.379489,20.312338
1094,1,1,1,10.676283,2.630609,0.865188,0.808049,0.693323,0.336000,0.981736,0.378228,17.529704
1095,1,1,1,11.525342,2.633625,0.569538,0.808295,0.801176,0.336862,0.995680,0.379403,18.206917
1096,1,1,1,13.654831,2.634542,0.572160,0.815138,0.827797,0.336067,0.990166,0.384812,20.378659
1097,0,1,0,13.359107,2.642782,0.570271,0.914695,0.710314,0.339470,0.996603,0.381009,20.073015
1098,1,1,1,9.409853,2.636474,0.569305,0.806173,0.696111,0.337674,0.985630,0.381889,15.980849
1099,0,1,0,13.812092,2.633877,0.564880,0.813631,0.690535,0.338578,0.980585,0.385458,20.373187
1100,1,1,1,10.887754,2.636117,0.573853,0.804960,0.690252,0.340880,0.984406,0.385649,17.459582
1101,1,1,1,10.681938,2.726443,0.572770,0.804124,0.694264,0.332942,0.992855,0.380603,17.344763
1102,0,1,0,13.556671,2.730141,0.569668,0.810289,0.689447,0.336720,0.982215,0.381736,20.217385
1103,1,1,1,10.615065,2.639859,0.563674,0.814345,0.689969,0.438147,0.983440,0.390831,17.295268
1104,1,1,1,11.632745,2.632917,0.570566,0.801323,0.690462,0.335286,0.981557,0.461458,18.270683
1105,1,1,1,13.245225,2.630653,0.565446,0.808757,0.691926,0.336745,0.986037,0.381077,19.801655
1106,1,1,1,10.636788,2.630320,0.557569,0.807563,0.689058,0.339403,0.993452,0.372314,17.184080
1107,1,1,1,13.766234,2.631975,0.562573,0.810819,0.689662,0.334744,0.988012,0.380824,20.320160
1108,1,1,0,13.592050,2.634000,0.562375,0.805299,0.689760,0.334523,0.981828,0.383305,20.139550
1109,1,1,1,10.743741,2.759230,0.566800,0.811994,0.691132,0.330529,0.982800,0.380197,17.424203
1110,1,1,1,11.487047,2.633840,0.674837,0.808258,0.693299,0.335465,0.982099,0.382240,18.159034
1111,1,1,1,13.322431,2.636474,0.682929,0.820147,0.692203,0.333754,0.981981,0.380431,20.009569
1112,1,1,1,10.795760,2.632670,0.566037,0.803957,0.695673,0.338646,0.993058,0.411945,17.397169
1113,0,1,0,13.509003,2.631680,0.572862,0.808640,0.684376,0.340930,0.992308,0.412443,20.110708
1114,1,1,1,13.459742,2.634412,0.573828,0.816862,0.686788,0.409933,1.001096,0.413366,20.159009
1115,0,1,1,13.545538,2.631372,0.565741,0.807630,0.686031,0.519144,0.988062,0.391846,20.292960
1116,0,1,0,13.816677,2.634530,0.569926,0.813809,0.810973,0.338153,0.993834,0.382437,20.525661
1117,1,1,1,11.355526,2.635298,0.563262,0.816037,0.689194,0.339083,1.024622,0.419779,18.003452
1118,1,1,1,13.509015,2.624966,0.567507,0.813415,0.692745,0.340259,0.989963,0.414659,20.112597
1119,1,1,1,10.732683,2.631422,0.567704,0.805403,0.687139,0.334806,0.995631,0.380499,17.293286
1120,1,1,1,13.671927,2.630844,0.566363,0.811348,0.689797,0.339588,0.993261,0.380671,20.241465
1121,1,1,1,13.558172,2.634991,0.566320,0.805556,0.690794,0.334726,0.984708,0.380867,20.114671
1122,1,1,1,11.909791,2.631815,0.568474,0.814030,0.690129,0.340295,0.984166,0.379945,18.477416
1123,0,1,0,14.334259,2.632264,0.565828,0.816037,0.684394,0.334695,0.987292,0.382178,20.894942
1124,0,1,0,13.829661,2.630061,0.570794,0.810584,0.686825,0.337046,0.985249,0.377138,20.385705
1125,1,1,1,10.785852,2.736739,0.564696,0.811686,0.688893,0.339600,0.984714,0.380240,17.445890
1126,1,1,1,10.807735,2.628763,0.668221,0.813889,0.690098,0.335101,0.981963,0.383945,17.468037
1127,1,1,1,12.794689,2.631834,0.561434,0.918696,0.693852,0.341594,0.982098,0.383865,19.465840
1128,1,1,1,12.725262,2.631280,0.564498,0.805735,0.788517,0.337920,0.980831,0.385077,19.381003
1129,0,1,0,13.269317,2.631127,0.563969,0.814086,0.802868,0.337219,0.982387,0.379385,19.940708
1130,0,1,0,13.628603,2.635446,0.569938,0.911520,0.703120,0.332646,0.985514,0.387600,20.311993
1131,1,1,0,13.658394,2.631200,0.561987,0.916283,0.693661,0.332892,0.982413,0.383821,20.318523
1132,1,1,0,13.512153,2.629471,0.664314,0.818800,0.689465,0.337717,0.982750,0.386302,20.180634
1133,1,1,1,10.738271,2.631662,0.565476,0.806370,0.690320,0.336560,0.981144,0.405926,17.313581
1134,1,1,1,10.659274,2.634763,0.570862,0.809427,0.688929,0.337360,0.988166,0.378136,17.225311
1135,1,1,1,11.799901,2.657101,0.565329,0.801865,0.692055,0.330788,0.994350,0.382203,18.388443
1136,1,1,1,9.571735,2.631274,0.568314,0.930498,0.696960,0.335126,0.981366,0.384757,16.258892
1137,1,1,1,11.105569,2.633588,0.561767,0.806080,0.690431,0.329852,0.991342,0.416184,17.694930
1138,1,1,1,11.728942,2.631508,0.576381,0.817501,0.687532,0.341262,0.985970,0.381428,18.311114
1139,1,1,1,12.881939,2.632498,0.562733,0.806080,0.685120,0.332917,0.983575,0.384548,19.427710
1140,0,1,0,13.835692,2.629305,0.568289,0.818646,0.696166,0.335612,0.986068,0.382529,20.411428
1141,0,1,1,13.532203,2.630861,0.566449,0.810745,0.691772,0.335003,0.987249,0.387311,20.098874
1142,1,1,1,10.862406,2.631926,0.571822,0.805803,0.691502,0.337705,0.983022,0.383699,17.425064
1143,1,1,1,11.543243,2.735649,0.567059,0.806104,0.682966,0.338277,0.985926,0.384190,18.198671
1144,0,1,0,13.706627,2.730683,0.575022,0.816185,0.693194,0.335539,0.996492,0.381735,20.396904
1145,1,1,1,13.389926,2.757748,0.568585,0.810185,0.688382,0.336677,0.980418,0.383951,20.072707
1146,1,1,1,10.717145,2.631422,0.570462,0.924302,0.696246,0.336806,0.994609,0.380486,17.410363
1147,1,1,1,10.662529,2.635809,0.568535,0.803458,0.692240,0.338917,0.981237,0.485895,17.325938
1148,1,1,1,13.540542,2.632535,0.565286,0.809865,0.696480,0.335514,0.985538,0.402578,20.124745
1149,1,1,0,13.861132,2.629650,0.564480,0.805853,0.687379,0.337065,0.988923,0.407908,20.442929
1150,1,1,1,10.714363,2.635951,0.562677,0.808467,0.695816,0.336886,0.987698,0.384264,17.282812
1151,1,1,1,10.721335,2.749871,0.563021,0.808246,0.689816,0.332019,0.993526,0.381600,17.394419
1152,1,1,1,13.372073,2.724830,0.570523,0.807151,0.696154,0.337933,0.983588,0.382529,20.033981
1153,1,1,1,13.503711,2.763926,0.568265,0.800117,0.690332,0.333397,0.994756,0.383932,20.193175
1154,1,1,1,11.521871,2.728264,0.565225,0.809489,0.690523,0.334837,0.979828,0.384406,18.172381
1155,1,1,1,10.632099,2.632585,0.568738,0.808726,0.780609,0.337433,0.997305,0.389686,17.313329
1156,1,1,1,13.610862,2.629656,0.572031,0.815896,0.827047,0.333287,0.997188,0.382701,20.330345
1157,1,1,1,10.613052,2.634505,0.561273,0.804253,0.691076,0.338265,0.981090,0.379354,17.157268
1158,1,1,1,13.826393,2.629846,0.566295,0.811994,0.691557,0.340862,0.980714,0.464689,20.476659
1159,1,1,1,13.436609,2.637544,0.565421,0.805003,0.688369,0.336707,0.983600,0.494671,20.107655
1160,1,1,1,10.711385,2.628536,0.568739,0.810111,0.691508,0.337803,0.981606,0.384462,17.269335
1161,1,1,1,10.576370,2.748990,0.569889,0.802585,0.686265,0.336351,0.983237,0.383360,17.247994
1162,1,1,1,11.515077,2.635693,0.566573,0.925089,0.690695,0.342013,0.981329,0.378024,18.189760
1163,1,1,1,10.670653,2.628579,0.559987,0.802554,0.698154,0.337495,1.010640,0.403674,17.270129
1164,1,1,1,11.588018,2.631575,0.566787,0.803545,0.685594,0.336153,0.997219,0.384277,18.150000
1165,1,1,1,9.316037,2.730610,0.565631,0.808381,0.691908,0.338972,0.979071,0.381022,15.967261
1166,1,1,1,13.397994,2.748327,0.566474,0.814536,0.689422,0.338185,0.985742,0.384807,20.083440
1167,1,1,1,10.725052,2.629662,0.563698,0.802732,0.810554,0.332831,0.985304,0.381969,17.389550
1168,1,1,1,10.709175,2.629668,0.563336,0.805624,0.691489,0.338751,0.982197,0.381532,17.259754
1169,0,1,1,13.581858,2.635447,0.563932,0.808357,0.687139,0.333896,0.981200,0.380763,20.130000
1170,1,1,1,11.567557,2.630948,0.572136,0.808104,0.689286,0.334984,0.984098,0.385138,18.127403
1171,1,1,1,11.745003,2.728763,0.567268,0.808173,0.689581,0.330886,0.985834,0.378136,18.391397
1172,1,1,1,11.393071,2.747065,0.568775,0.809477,0.689563,0.334031,0.994794,0.378929,18.072172
1173,1,1,1,11.227218,2.633366,0.561987,0.902867,0.696160,0.335501,0.981895,0.384720,17.878117
1174,0,1,0,13.743218,2.633496,0.574104,0.924265,0.702844,0.333594,0.984012,0.385631,20.439274
1175,1,1,1,13.407699,2.635120,0.569200,0.913083,0.697471,0.335704,0.982135,0.383083,20.081507
1176,0,1,0,13.774727,2.626997,0.658812,0.807200,0.690129,0.334295,0.979969,0.380006,20.409249
1177,0,1,0,13.684960,2.743828,0.568560,0.815379,0.690597,0.336948,0.988714,0.379582,20.367224
1178,1,1,1,13.567218,2.730437,0.564123,0.812960,0.692394,0.337557,0.983348,0.384061,20.232560
1179,1,1,1,13.505502,2.729908,0.569446,0.806246,0.696597,0.334978,0.987212,0.380689,20.169981
1180,1,1,1,11.744074,2.633145,0.571729,0.936899,0.696800,0.339372,0.982351,0.389053,18.454394
1181,1,1,1,11.182763,2.631674,0.560406,0.806665,0.694966,0.337619,0.983040,0.402978,17.759428
1182,1,1,1,10.615040,2.628677,0.555027,0.807372,0.693920,0.333748,0.982283,0.379938,17.150800
1183,0,1,0,13.559840,2.631089,0.560893,0.807692,0.688455,0.333698,0.984818,0.377563,20.099539
1184,1,1,1,10.645391,2.733699,0.567815,0.806769,0.688388,0.335625,0.996855,0.375224,17.308381
1185,1,1,1,13.416806,2.745821,0.565163,0.806019,0.691748,0.338787,0.979828,0.381200,20.082948
1186,1,1,1,13.547243,2.740031,0.566080,0.810935,0.688394,0.333951,0.985994,0.375772,20.206443
1187,1,1,1,10.738043,2.639292,0.688782,0.812640,0.694880,0.339785,0.982013,0.385218,17.438714
1188,1,1,1,11.676136,2.633415,0.566911,0.809619,0.831360,0.340246,0.983169,0.382037,18.384258
1189,1,1,1,13.085870,2.632228,0.562763,0.815729,0.797255,0.338074,0.985330,0.383729,19.761717
1190,0,1,0,13.518904,2.635877,0.567421,0.815428,0.818431,0.337656,0.995415,0.379587,20.228018
1191,1,1,1,13.416055,2.633963,0.562566,0.809353,0.823188,0.335705,0.986893,0.382505,20.111495
1192,1,1,1,11.509489,2.634369,0.569779,0.807477,0.683969,0.335852,0.989114,0.409483,18.102585
1193,1,1,1,13.539311,2.636843,0.562412,0.806733,0.686782,0.338849,0.992978,0.411274,20.133348
1194,1,1,1,12.131476,2.632148,0.568910,0.809667,0.692966,0.337582,0.995256,0.383378,18.710899
1195,1,1,1,13.521286,2.632172,0.561581,0.813391,0.693594,0.337465,0.982985,0.387342,20.083957
1196,1,1,1,12.235557,2.633237,0.570474,0.811754,0.689575,0.337649,0.981046,0.382609,18.802080
1197,1,1,1,11.858867,2.633169,0.563132,0.809360,0.690080,0.336099,0.982418,0.379963,18.406788
1198,1,1,1,13.632178,2.634295,0.573526,0.810123,0.698862,0.333114,0.982062,0.379840,20.200234
1199,1,1,1,13.595421,2.635896,0.568258,0.808456,0.690142,0.338800,0.985711,0.379237,20.156456
1200,1,1,1,10.679446,2.733169,0.567440,0.807015,0.697373,0.331575,0.993465,0.384006,17.354037
1201,1,1,1,12.009834,2.631680,0.663133,0.812031,0.691606,0.333126,0.992781,0.380068,18.671729
1202,1,1,1,13.513883,2.635490,0.579188,0.811809,0.691513,0.337828,0.980320,0.379273,20.173206
1203,1,1,1,13.444455,2.753077,0.566905,0.806191,0.686954,0.336431,0.981858,0.380677,20.114936
1204,1,1,1,11.757452,2.632486,0.569606,0.903680,0.696542,0.336394,0.986548,0.384185,18.427335
1205,1,1,1,13.494541,2.637477,0.562966,0.903582,0.693606,0.336492,0.981372,0.382929,20.148794
1206,1,1,1,11.805895,2.640129,0.564548,0.806080,0.688868,0.337490,0.998277,0.400154,18.403070
1207,0,1,0,13.524985,2.633600,0.564794,0.811951,0.694769,0.428720,0.984474,0.388320,20.190615
1208,1,1,1,13.094813,2.630061,0.569939,0.806080,0.697305,0.340757,0.986172,0.405058,19.692246
1209,1,1,0,13.633273,2.632578,0.561514,0.815711,0.686843,0.421502,0.982080,0.386363,20.276160
1210,1,1,1,11.298991,2.631268,0.568290,0.812954,0.686683,0.334603,0.994461,0.379310,17.862412
1211,1,1,1,13.560535,2.630880,0.562265,0.809193,0.687470,0.334449,0.994320,0.379206,20.116259
1212,1,1,1,10.833563,2.633243,0.568954,0.809735,0.690529,0.335631,0.980265,0.379809,17.389544
1213,1,1,1,10.294936,2.751982,0.567686,0.807680,0.691970,0.335895,0.983384,0.380529,16.968954
1214,1,1,1,10.798234,2.633378,0.573655,0.813717,0.693268,0.438382,0.988098,0.390714,17.488634
1215,1,1,1,10.583613,2.632135,0.565440,0.805563,0.688357,0.336037,0.986929,0.383156,17.138302
1216,1,1,1,10.726972,2.739317,0.575310,0.815089,0.690277,0.340542,0.996597,0.384701,17.426806
1217,1,1,1,13.557785,2.641902,0.566554,0.808455,0.688966,0.336277,0.997212,0.382394,20.134634
1218,0,1,0,13.870505,2.633366,0.566141,0.809502,0.691704,0.332978,0.984302,0.380247,20.427754
1219,1,1,1,11.397581,2.749207,0.566443,0.808794,0.693692,0.334658,0.981237,0.377397,18.067840
1220,0,1,0,14.022523,2.731710,0.573416,0.810973,0.690621,0.335206,0.982547,0.377809,20.686979
1221,1,1,1,11.514394,2.731311,0.567416,0.806393,0.694622,0.336031,0.982080,0.383163,18.170505
1222,0,1,0,13.810677,2.731637,0.568018,0.815969,0.685064,0.337865,0.985409,0.380627,20.475951
1223,1,1,1,10.330646,2.632973,0.568554,0.805816,0.777742,0.336862,0.980609,0.382825,16.976658
1224,1,1,1,11.497643,2.634381,0.569108,0.810628,0.690628,0.332843,0.986222,0.469015,18.150517
1225,1,1,1,12.108221,2.634633,0.558689,0.804578,0.693723,0.335569,0.980671,0.377649,18.650677
1226,0,1,0,13.402572,2.630910,0.569046,0.805773,0.697526,0.339034,0.994277,0.382351,19.977736
1227,0,1,0,13.618616,2.634295,0.569341,0.805139,0.688782,0.333132,0.981908,0.382874,20.167994
1228,1,1,1,9.294172,2.744757,0.568751,0.811373,0.689544,0.336443,0.983920,0.381588,15.969193
1229,1,1,1,13.691477,2.763428,0.565150,0.806302,0.685871,0.333907,0.994351,0.381680,20.379859
1230,1,1,0,13.512234,2.723575,0.574467,0.808246,0.685237,0.337563,0.980948,0.386111,20.168825
1231,1,1,1,10.692290,2.632991,0.567926,0.922480,0.691483,0.334683,0.986775,0.380985,17.368936
1232,0,1,1,13.407335,2.631927,0.568862,0.848000,0.699120,0.337828,0.985181,0.383741,20.127175
1233,1,1,1,13.102068,2.630744,0.571797,0.936406,0.703932,0.335920,0.986788,0.378425,19.804056
1234,0,1,0,13.970634,2.730474,0.594782,0.807502,0.693526,0.335846,0.983459,0.379071,20.655699
1235,1,1,1,13.511169,2.749643,0.568954,0.807052,0.694794,0.333526,0.979545,0.389686,20.194376
1236,1,1,1,11.284265,2.632690,0.567533,0.802019,0.817256,0.337902,0.983723,0.384258,17.973533
1237,1,1,0,13.421495,2.629262,0.569046,0.811286,0.828067,0.335710,0.986726,0.385588,20.130597
1238,1,1,0,12.725501,2.629139,0.567858,0.811649,0.823717,0.341409,0.985034,0.387489,19.434732
1239,1,1,1,10.718726,2.633563,0.566659,0.803969,0.685385,0.335428,0.982363,0.382111,17.264529
1240,1,1,1,10.904270,2.631539,0.569896,0.806197,0.691132,0.337932,0.990166,0.385668,17.473790
1241,1,1,1,10.779028,2.741618,0.559816,0.805422,0.692757,0.334394,0.980320,0.380898,17.431951
1242,1,1,1,10.744055,2.635027,0.563877,0.807914,0.692535,0.344006,0.986972,0.385464,17.414997
1243,1,1,1,11.180388,2.633735,0.562985,0.810720,0.694978,0.335145,0.982382,0.378708,17.736708
1244,1,1,1,11.395022,2.634776,0.565219,0.812351,0.690806,0.334018,0.982904,0.379766,17.953224
1245,1,1,1,10.731563,2.756819,0.565483,0.808265,0.686856,0.333625,0.981126,0.383944,17.405742
1246,1,1,1,11.493852,2.633926,0.573778,0.938369,0.692610,0.335409,0.996529,0.378080,18.203065
1247,1,1,0,12.711317,2.635261,0.568013,0.920369,0.697840,0.336394,0.982813,0.384536,19.395576
1248,1,1,1,10.656264,2.629797,0.562591,0.802991,0.686837,0.338320,0.981618,0.504861,17.317643
1249,1,1,1,13.497261,2.633231,0.567249,0.809489,0.689483,0.337858,1.058862,0.430375,20.184597
1250,1,1,1,11.292209,2.638228,0.570781,0.807890,0.691988,0.335299,0.981785,0.381607,17.856240
1251,0,1,0,13.245569,2.631556,0.566394,0.802264,0.690178,0.334283,0.982449,0.382978,19.790271
1252,0,1,0,13.627692,2.632172,0.571581,0.814455,0.694406,0.338258,0.983643,0.382191,20.203151
1253,1,1,1,11.827299,2.630455,0.562511,0.810923,0.693945,0.334640,0.980296,0.385028,18.380387
1254,1,1,1,11.513717,2.736886,0.569489,0.809083,0.689938,0.334179,0.981145,0.381330,18.174123
1255,1,1,1,10.675674,2.632289,0.563471,0.905181,0.699951,0.336449,0.983569,0.383385,17.338148
1256,0,1,0,13.687446,2.630013,0.567434,0.940160,0.696708,0.338394,0.983981,0.379779,20.382320
1257,1,1,1,10.650609,2.639163,0.555452,0.802701,0.690763,0.334018,0.982302,0.485144,17.296037
1258,1,1,1,11.561262,2.631403,0.565581,0.812615,0.684597,0.333262,0.984573,0.385779,18.116788
1259,1,1,1,11.836609,2.638960,0.558240,0.802837,0.689286,0.336610,0.982406,0.381754,18.383877
1260,1,1,1,11.299637,2.734067,0.574215,0.810701,0.689169,0.333187,0.983975,0.382455,17.966750
1261,1,1,0,13.927225,2.751102,0.564560,0.809070,0.684621,0.337600,0.994517,0.380154,20.606092
1262,1,1,1,11.190474,2.630302,0.684437,0.808430,0.693637,0.334819,0.981926,0.381157,17.864357
1263,1,1,1,10.664295,2.630781,0.570025,0.816173,0.689120,0.338406,0.992277,0.423415,17.287046
1264,1,1,1,13.489631,2.632197,0.570702,0.811864,0.688873,0.338782,0.996850,0.412929,20.103533
1265,0,1,0,13.637668,2.633212,0.567113,0.813434,0.690356,0.443883,0.988400,0.396855,20.329650
1266,1,1,1,11.379643,2.632191,0.571932,0.817212,0.693686,0.335071,0.985065,0.379231,17.952985
1267,1,1,1,11.278960,2.635710,0.567010,0.812142,0.688210,0.336178,0.981311,0.383089,17.836123
1268,1,1,1,10.783513,2.733335,0.574590,0.809114,0.689212,0.335514,0.983785,0.382030,17.449250
1269,1,1,0,13.629150,2.734979,0.565138,0.802258,0.689926,0.333926,0.981083,0.382751,20.275742
1270,1,1,1,13.080757,2.729065,0.573090,0.814670,0.686117,0.339169,0.979877,0.380997,19.740301
1271,1,1,1,10.813673,2.634616,0.562800,0.907656,0.697674,0.337163,0.979280,0.387581,17.479040
1272,1,1,1,11.679446,2.633643,0.564493,0.811310,0.687421,0.340492,0.984911,0.401508,18.263963
1273,1,1,1,10.617834,2.631403,0.561545,0.805754,0.686535,0.338074,0.983557,0.379354,17.155926
1274,1,1,1,13.666467,2.632259,0.571544,0.808184,0.690437,0.333261,0.989354,0.382062,20.229016
1275,1,1,1,11.783194,2.636745,0.560714,0.804228,0.689957,0.332406,0.993846,0.378185,18.331298
1276,1,1,1,10.792764,2.734160,0.567735,0.806184,0.690412,0.337342,0.985336,0.382252,17.457760
1277,1,1,1,11.290492,2.635495,0.565477,0.809834,0.823656,0.338326,0.996652,0.379853,17.999576
1278,1,1,1,10.710424,2.634942,0.570905,0.812437,0.690264,0.337821,0.993889,0.378874,17.291459
1279,1,1,1,13.461624,2.630246,0.567988,0.805230,0.688184,0.338252,0.985107,0.494917,20.132652
1280,1,1,1,11.290369,2.627994,0.570646,0.810093,0.688209,0.337403,0.985662,0.383182,17.849188
1281,0,1,0,13.198910,2.630413,0.570111,0.804437,0.688517,0.336184,0.982972,0.381391,19.749982
1282,1,1,1,12.864043,2.630812,0.563489,0.813557,0.686344,0.339514,0.983938,0.381822,19.421249
1283,1,1,1,10.643969,2.751957,0.562289,0.810049,0.685545,0.334579,0.993391,0.380935,17.318935
1284,1,1,1,13.665433,2.735914,0.574246,0.817120,0.691304,0.337181,0.985453,0.379809,20.346153
1285,1,1,1,10.765717,2.629637,0.564393,0.916376,0.700505,0.334960,0.994646,0.387016,17.449329
1286,1,1,1,11.482412,2.630413,0.565828,0.811256,0.687501,0.337353,0.989945,0.405403,18.066338
1287,1,1,1,13.302302,2.635705,0.564031,0.812904,0.686344,0.337169,0.986468,0.400942,19.883674
1288,1,1,1,10.646874,2.630443,0.563538,0.812492,0.686265,0.338542,0.997705,0.382880,17.217440
1289,0,1,0,13.798671,2.637742,0.558898,0.807452,0.690363,0.332825,0.983895,0.383625,20.349963
1290,1,1,1,11.293674,2.755945,0.566671,0.808849,0.690905,0.335040,0.993822,0.378745,17.982381
1291,1,1,1,10.323932,2.632640,0.687631,0.816400,0.689760,0.340541,0.980037,0.384209,17.012769
1292,0,1,0,13.761674,2.721132,0.565471,0.812406,0.695662,0.332105,0.990191,0.385077,20.422474
1293,1,1,1,13.517378,2.765015,0.570905,0.808388,0.690929,0.337304,0.995982,0.382061,20.225440
1294,1,1,1,10.703132,2.638363,0.569096,0.803649,0.691465,0.356985,0.983422,0.387255,17.381120
1295,1,1,1,11.397151,2.632985,0.559981,0.807551,0.694720,0.334893,0.984862,0.383015,17.952043
1296,1,1,1,10.854541,2.636062,0.559976,0.808129,0.689064,0.338154,0.981754,0.377631,17.401298
1297,1,1,1,11.001071,2.745033,0.564461,0.809292,0.688837,0.337569,0.982677,0.382400,17.665625
1298,0,1,0,13.652800,2.735920,0.569003,0.807779,0.689742,0.338086,0.987194,0.381410,20.319976
1299,1,1,1,13.492751,2.744899,0.570530,0.808868,0.695834,0.336504,0.993446,0.383427,20.187262
1300,0,1,0,13.347932,2.732123,0.577766,0.810498,0.691483,0.334554,0.982511,0.382560,20.018535
1301,1,1,1,13.478898,2.730603,0.570363,0.803028,0.692234,0.335446,0.984363,0.381969,20.130880
1302,0,1,0,13.812621,2.731471,0.571933,0.807046,0.690351,0.334597,0.984228,0.374621,20.465791
1303,1,1,1,10.769163,2.723631,0.564794,0.807871,0.690856,0.337668,0.981847,0.384462,17.419058
1304,1,1,1,11.320825,2.634535,0.571446,0.811976,0.802837,0.338253,0.980197,0.383298,18.000572
1305,1,1,1,11.357403,2.631138,0.564215,0.808258,0.696590,0.335261,0.996763,0.472874,18.021840
1306,1,1,1,13.531711,2.636197,0.566727,0.806874,0.690191,0.335243,0.987631,0.481317,20.192302
1307,1,1,1,11.680874,2.633372,0.560917,0.804000,0.691459,0.336387,0.994622,0.383317,18.242849
1308,1,1,1,10.625994,2.747704,0.570018,0.806339,0.693065,0.335717,0.983778,0.376929,17.297287
1309,1,1,1,10.786591,2.637421,0.689557,0.813643,0.691809,0.333594,0.980794,0.380203,17.470234
1310,1,1,1,10.826775,2.637022,0.571969,0.806234,0.688480,0.336775,0.998277,0.409144,17.433778
1311,1,1,1,12.810560,2.631600,0.561237,0.807403,0.696597,0.342492,0.991760,0.409243,19.411058
1312,1,1,0,12.733502,2.631957,0.568117,0.807471,0.690671,0.341938,0.983280,0.382406,19.297212
1313,1,1,0,13.533520,2.633046,0.565059,0.804425,0.692455,0.337803,0.985643,0.485736,20.193920
1314,1,1,1,11.262178,2.634400,0.572419,0.810769,0.688899,0.340689,0.986676,0.378093,17.830714
1315,1,1,1,13.757729,2.634154,0.568449,0.931212,0.875095,0.369951,1.005569,0.569624,20.906868
1316,0,1,1,13.964511,2.638554,0.563471,0.806658,0.690413,0.334984,0.986647,0.383384,20.529907
1317,1,1,1,13.034985,2.633865,0.564807,0.810129,0.688381,0.335489,0.981785,0.382074,19.586431
1318,1,1,1,12.622713,2.634947,0.563760,0.807594,0.687348,0.335096,0.978954,0.383840,19.169489
1319,1,1,1,10.664320,2.752258,0.559415,0.811212,0.692000,0.333600,0.981711,0.374345,17.326529
1320,1,1,1,10.819489,2.632197,0.701225,0.815951,0.693945,0.337397,0.982006,0.382696,17.526770
1321,0,1,0,13.870868,2.726050,0.569711,0.808302,0.690437,0.335243,0.997397,0.380154,20.537052
1322,1,1,1,10.695668,2.627108,0.561945,0.808548,0.696770,0.441243,0.991612,0.395624,17.378185
1323,1,1,1,10.593717,2.634351,0.566449,0.809895,0.683649,0.339206,0.997237,0.383292,17.165200
1324,1,1,1,10.735754,2.734536,0.569871,0.810314,0.687348,0.335250,0.985723,0.380314,17.398388
1325,1,1,1,13.619705,2.643434,0.567471,0.798289,0.687834,0.336911,0.981619,0.377391,20.169175
1326,1,1,1,10.687354,2.744794,0.570012,0.808228,0.692739,0.336338,0.984960,0.380277,17.361895
1327,1,1,1,13.436160,2.725126,0.569809,0.809415,0.688831,0.331662,0.981791,0.381459,20.081267
1328,1,1,1,11.401864,2.629373,0.562505,0.815575,0.814893,0.333699,0.979520,0.383938,18.082874
1329,1,1,1,10.815384,2.630800,0.557138,0.810123,0.683144,0.336615,0.996665,0.377108,17.363508
1330,1,1,1,11.630000,2.634738,0.567065,0.813852,0.690738,0.330640,0.982751,0.381447,18.189760
1331,1,1,1,13.524104,2.635913,0.564185,0.804388,0.691421,0.336025,0.984893,0.377827,20.075822
1332,1,1,1,10.703791,2.762973,0.573532,0.806511,0.694966,0.335218,0.982529,0.380424,17.400511
1333,1,1,1,11.680554,2.742105,0.571157,0.812843,0.689175,0.334800,0.993649,0.383385,18.367477
1334,1,1,1,11.678616,2.628363,0.564591,0.814147,0.808320,0.338450,0.982652,0.383360,18.360437
1335,1,1,1,13.310788,2.631028,0.562726,0.812677,0.812609,0.337754,0.985070,0.380443,19.992720
1336,1,1,1,9.395957,2.631526,0.571304,0.804733,0.689200,0.341089,0.983668,0.382314,15.957003
1337,1,1,1,10.627834,2.739853,0.565693,0.816707,0.690382,0.337704,0.994394,0.383865,17.313895
1338,1,1,1,11.816806,2.764203,0.566327,0.807613,0.693058,0.333766,0.984461,0.384770,18.512129
1339,1,1,1,11.214622,2.634954,0.570911,0.810683,0.802572,0.333772,0.982751,0.379741,17.887902
1340,1,1,1,10.765987,2.629637,0.570357,0.811071,0.685231,0.335274,0.983261,0.382087,17.317772
1341,1,1,1,13.592492,2.632874,0.564301,0.808825,0.685385,0.334991,0.983581,0.487988,20.247317
1342,1,1,1,10.809662,2.636148,0.564726,0.814271,0.692916,0.336597,0.979114,0.381692,17.374111
1343,1,1,1,10.613304,2.737422,0.566086,0.810080,0.683200,0.333594,0.980738,0.385348,17.266935
1344,1,1,1,10.676363,2.631846,0.570861,0.812517,0.821138,0.338191,0.997551,0.383797,17.394825
1345,1,1,1,10.763717,2.632640,0.569225,0.807483,0.687428,0.340129,0.982800,0.384216,17.327693
1346,0,1,0,13.784566,2.638776,0.562806,0.800732,0.687809,0.337766,0.987268,0.472714,20.428787
1347,1,1,1,11.825680,2.628584,0.562240,0.809489,0.692215,0.333858,0.985828,0.381748,18.376973
1348,1,1,1,10.736271,2.778074,0.567655,0.809065,0.688363,0.336683,0.984640,0.382068,17.441846
1349,1,1,1,11.355821,2.738646,0.558431,0.798087,0.693865,0.332228,0.983022,0.385693,18.004917
1350,1,1,1,10.665828,2.632658,0.568160,0.811452,0.692443,0.448794,0.988154,0.389114,17.357132
1351,0,1,0,13.655760,2.633668,0.568665,0.805219,0.820498,0.337686,0.995311,0.384012,20.360338
1352,1,1,1,10.652290,2.634646,0.567870,0.814197,0.689699,0.334006,0.981483,0.384972,17.217797
1353,1,1,1,11.848499,2.639840,0.559563,0.807403,0.688339,0.335274,0.981969,0.383754,18.400019
1354,1,1,1,10.778560,2.741871,0.574450,0.821046,0.688769,0.336012,0.982738,0.378855,17.461612
1355,1,1,1,13.548246,2.735397,0.565890,0.806388,0.688837,0.334781,0.981981,0.382080,20.200000
1356,1,1,1,13.402776,2.740480,0.572240,0.805465,0.687594,0.336087,0.986923,0.380394,20.070210
1357,1,1,1,11.128960,2.629483,0.662504,0.809588,0.689741,0.333871,0.992530,0.384726,17.787200
1358,1,1,1,11.780683,2.635366,0.564702,0.809286,0.823194,0.336166,0.983010,0.379120,18.470333
1359,1,1,1,11.235292,2.631551,0.565052,0.803624,0.692683,0.333410,0.997551,0.473704,17.889317
1360,1,1,1,10.725976,2.629741,0.569175,0.805914,0.690314,0.333021,0.984751,0.379643,17.273729
1361,0,1,0,13.730326,2.634099,0.562917,0.807742,0.688345,0.337096,0.979877,0.378357,20.273661
1362,1,1,1,13.725760,2.634123,0.569415,0.806117,0.686499,0.337064,0.987797,0.383360,20.284830
1363,1,1,1,10.702584,2.737016,0.569120,0.807101,0.685354,0.334868,0.997760,0.382449,17.373526
1364,1,1,1,10.827434,2.636160,0.579766,0.944873,0.700043,0.338068,0.989754,0.384172,17.559945
1365,1,1,1,10.736757,2.634327,0.567883,0.804535,0.682247,0.337895,0.995520,0.409033,17.327391
1366,1,1,1,11.290567,2.636400,0.562862,0.808634,0.690437,0.337156,0.984868,0.384086,17.853428
1367,1,1,1,13.443852,2.634179,0.569144,0.807643,0.684492,0.338357,0.983477,0.380867,19.998831
1368,1,1,1,11.856234,2.632874,0.568572,0.812923,0.685428,0.338474,0.983827,0.380671,18.417058
1369,1,1,1,10.759538,2.751600,0.569052,0.806154,0.697095,0.336800,0.992683,0.381575,17.451299
1370,1,1,1,11.489065,2.629065,0.568948,0.916222,0.692000,0.332659,0.988659,0.381539,18.156856
1371,1,1,1,10.974548,2.633409,0.562800,0.806382,0.687237,0.332658,1.041587,0.404972,17.600591
1372,1,1,1,13.552781,2.631576,0.565680,0.809102,0.692911,0.335951,0.987464,0.400025,20.136431
1373,1,1,1,11.680541,2.632080,0.565120,0.801268,0.692880,0.336652,0.982160,0.384031,18.229010
1374,1,1,1,10.728307,2.760923,0.558185,0.818708,0.689613,0.333736,0.981871,0.380764,17.413003
1375,1,1,1,11.843052,2.723705,0.566782,0.812935,0.687385,0.337668,0.983144,0.384123,18.497649
1376,1,1,1,11.240080,2.634197,0.572492,0.930892,0.702708,0.336744,0.983292,0.382868,17.944554
1377,1,1,1,10.692111,2.633139,0.567194,0.807902,0.690283,0.338184,1.093366,0.422258,17.406393
1378,1,1,1,13.563852,2.630511,0.570830,0.810825,0.695551,0.335613,0.991114,0.406658,20.165809
1379,0,1,0,13.682603,2.631858,0.572664,0.809046,0.689163,0.339458,0.995655,0.413225,20.292892
1380,1,1,1,11.954615,2.632929,0.571710,0.815391,0.685156,0.340511,0.983526,0.379753,18.519477
1381,1,1,1,11.700886,2.632289,0.564430,0.808960,0.692831,0.336135,0.991225,0.384430,18.263114
1382,1,1,1,11.230597,2.732271,0.568492,0.812819,0.686517,0.336892,0.981711,0.381631,17.889890
1383,1,1,1,13.490880,2.730935,0.565545,0.805120,0.686498,0.336283,0.996283,0.377933,20.145551
1384,1,1,1,13.335354,2.729508,0.567237,0.806517,0.694739,0.332616,0.987797,0.386695,20.003114
1385,1,1,1,9.327236,2.633698,0.566726,0.803144,0.814504,0.332732,0.985920,0.380720,16.001545
1386,1,1,1,10.676868,2.631649,0.561656,0.807630,0.691446,0.337292,0.987040,0.385575,17.236572
1387,1,1,1,10.692948,2.629582,0.562855,0.811108,0.693218,0.334720,0.980492,0.382603,17.242498
1388,1,1,1,11.082535,2.733083,0.572806,0.808086,0.695914,0.332615,0.985736,0.382757,17.755551
1389,1,1,1,11.196191,2.631453,0.565507,0.917914,0.704874,0.337188,0.996424,0.381699,17.891360
1390,1,1,0,13.677526,2.636283,0.572535,0.954320,0.697009,0.334670,0.984529,0.379434,20.397636
1391,1,1,1,10.651384,2.634830,0.571570,0.808628,0.692185,0.337809,1.024578,0.417784,17.301182
1392,1,1,1,11.255403,2.634221,0.566246,0.807551,0.686904,0.336794,0.981852,0.380086,17.805034
1393,1,1,1,11.207416,2.741175,0.567785,0.803422,0.689021,0.337200,0.983520,0.379741,17.867742
1394,1,1,1,13.387323,2.729446,0.567028,0.811545,0.689495,0.331643,0.987083,0.381791,20.044733
1395,0,1,0,13.593926,2.635526,0.566049,0.803588,0.694763,0.338504,0.983594,0.388991,20.158979
1396,1,1,1,11.506517,2.748793,0.576135,0.814092,0.692265,0.330825,0.984467,0.385298,18.194572
1397,1,1,1,12.155034,2.626935,0.666498,0.814991,0.693834,0.339310,0.994388,0.381865,18.831366
1398,1,1,1,11.333138,2.632652,0.565569,0.815182,0.779077,0.338744,0.995859,0.385348,18.007920
1399,1,1,1,10.611095,2.632996,0.563692,0.806708,0.689809,0.332541,0.981693,0.383520,17.160030
1400,0,1,0,13.897114,2.632142,0.567840,0.806640,0.696289,0.338216,0.984116,0.378947,20.460837
1401,1,1,1,10.680141,2.635827,0.562856,0.805661,0.695932,0.333766,0.983107,0.382615,17.235428
1402,1,1,1,10.637139,2.731736,0.572585,0.812215,0.690369,0.338541,0.988511,0.379908,17.307378
1403,1,1,1,13.508566,2.761022,0.560830,0.808868,0.685120,0.336450,0.993120,0.382443,20.194849
1404,0,1,0,13.751126,2.736332,0.568105,0.801588,0.692984,0.336732,0.984763,0.382652,20.411397
1405,1,1,1,10.642628,2.634116,0.566504,0.807409,0.797483,0.337206,0.982418,0.380363,17.304874
1406,1,1,1,10.623557,2.632585,0.570086,0.810794,0.689705,0.334702,0.996905,0.384191,17.199982
1407,1,1,1,13.575489,2.632769,0.563692,0.802560,0.691200,0.332696,0.984873,0.383810,20.122622
1408,1,1,1,10.711484,2.633440,0.566283,0.812455,0.694092,0.332412,0.984474,0.379575,17.270141
1409,1,1,1,10.593446,2.734259,0.568037,0.806123,0.692018,0.335083,0.979594,0.381397,17.249896
1410,0,1,0,13.876339,2.737779,0.560886,0.809372,0.690634,0.332714,0.982985,0.378412,20.529895
1411,1,1,1,10.732923,2.632050,0.566142,0.891994,0.729064,0.336222,0.980554,0.380542,17.412117
1412,0,1,0,13.633053,2.629471,0.569766,0.940818,0.695994,0.331132,0.985932,0.382510,20.328511
1413,1,1,1,11.496320,2.630942,0.565477,0.799588,0.691225,0.341421,0.993342,0.412013,18.088320
1414,1,1,1,11.424738,2.627619,0.569545,0.816369,0.687071,0.337594,0.981003,0.381711,17.983551
1415,0,1,0,14.014387,2.631760,0.566529,0.805926,0.697114,0.338567,0.995422,0.381164,20.590197
1416,1,1,1,13.727896,2.638487,0.572966,0.812985,0.694517,0.335385,0.981938,0.479243,20.401803
1417,1,1,1,10.609507,2.633680,0.570972,0.809237,0.692412,0.338117,0.995188,0.383870,17.186393
1418,1,1,1,10.680209,2.732012,0.572210,0.807501,0.691853,0.336954,0.986080,0.380363,17.348234
1419,1,1,1,10.610381,2.630517,0.567446,0.805828,0.815065,0.331194,0.981507,0.383243,17.283243
1420,1,1,1,10.773526,2.631957,0.573120,0.809871,0.689822,0.340031,0.987071,0.378221,17.343902
1421,1,1,1,13.527907,2.634407,0.563268,0.803052,0.686745,0.332049,0.982012,0.382812,20.071686
1422,1,1,1,11.415693,2.630978,0.573323,0.805913,0.687139,0.334787,0.982240,0.381021,17.967446
1423,1,1,1,10.732597,2.746579,0.570486,0.805495,0.690234,0.335108,0.996413,0.378720,17.413237
1424,1,1,1,10.666406,2.632111,0.568443,0.937594,0.704499,0.330689,0.982049,0.380277,17.362000
1425,1,1,1,13.078431,2.631538,0.568345,0.894000,0.720141,0.334867,0.980221,0.379409,19.749194
1426,1,1,1,10.671711,2.629144,0.566899,0.818978,0.685120,0.334622,0.988529,0.381360,17.233009
1427,1,1,1,13.677951,2.630080,0.563243,0.811988,0.682732,0.338320,0.992357,0.497557,20.357071
1428,1,1,1,12.693594,2.630978,0.566246,0.810086,0.691403,0.338203,0.987582,0.377532,19.255914
1429,0,1,0,13.919286,2.631379,0.565077,0.811071,0.696473,0.333625,0.983385,0.495686,20.594559
1430,1,1,1,11.440954,2.634597,0.565120,0.815170,0.687582,0.338498,0.995501,0.382215,18.016739
1431,1,1,1,11.617803,2.634511,0.565477,0.804388,0.687748,0.333532,0.982984,0.376696,18.160400
1432,1,1,1,10.816209,2.752886,0.573434,0.808499,0.692523,0.338634,0.996098,0.378757,17.513704
1433,1,1,1,13.495754,2.737742,0.564455,0.806141,0.690007,0.338061,0.987114,0.379840,20.157256
1434,1,1,1,10.820012,2.632825,0.567625,0.808763,0.792178,0.338061,0.986941,0.385545,17.491262
1435,1,1,1,13.525994,2.630172,0.571360,0.810701,0.820172,0.341544,0.981187,0.388517,20.230222
1436,1,1,1,13.495003,2.633053,0.568578,0.804154,0.788449,0.336375,0.984898,0.382393,20.155778
1437,1,1,1,10.719378,2.630603,0.564566,0.805926,0.689674,0.335181,0.995963,0.379975,17.281969
1438,1,1,1,9.209385,2.740590,0.568400,0.810339,0.685341,0.336044,0.982007,0.382055,15.875551
1439,1,1,1,13.022116,2.752357,0.569231,0.806880,0.686098,0.333292,0.985883,0.382930,19.698110
1440,1,1,1,10.642930,2.632050,0.571619,0.923619,0.698689,0.337342,0.981988,0.383250,17.331089
1441,1,1,1,13.481520,2.630984,0.562209,0.923384,0.705649,0.337126,0.983538,0.383373,20.164326
1442,1,1,1,11.561089,2.627576,0.564141,0.811083,0.688394,0.447145,0.991120,0.396923,18.246222
1443,0,1,0,13.400708,2.634554,0.563693,0.811391,0.693631,0.444713,0.986793,0.391981,20.085348
1444,0,1,0,13.719255,2.633939,0.570363,0.804080,0.826394,0.338505,0.987975,0.386184,20.427477
1445,1,1,1,11.142818,2.633071,0.562357,0.803415,0.685840,0.335926,0.979336,0.469268,17.773009
1446,1,1,1,11.524671,2.636892,0.569902,0.809034,0.688357,0.334338,0.981687,0.380031,18.082018
1447,1,1,1,12.318308,2.634252,0.560037,0.813963,0.688437,0.335988,0.993108,0.376425,18.876750
1448,0,1,1,13.784621,2.635354,0.572209,0.808449,0.689268,0.339175,0.980110,0.380652,20.346443
1449,1,1,1,10.710794,2.730074,0.561391,0.809145,0.694572,0.337422,0.985944,0.382289,17.371458
1450,0,1,1,14.415157,2.732093,0.566338,0.801508,0.690973,0.335926,0.986659,0.378264,21.069440
1451,1,1,1,13.582203,2.749582,0.570923,0.815538,0.686917,0.338634,0.981231,0.382596,20.268025
1452,1,1,1,10.656105,2.629027,0.676708,0.813040,0.692794,0.336037,0.983102,0.378745,17.323200
1453,0,1,0,13.697022,2.731822,0.566443,0.808911,0.686793,0.336148,0.981938,0.380880,20.347274
1454,1,1,1,10.770523,2.630911,0.566861,0.804948,0.688745,0.450456,0.983015,0.387268,17.441421
1455,1,1,1,11.457120,2.632345,0.569139,0.809083,0.688714,0.334289,0.995065,0.378819,18.021545
1456,1,1,1,10.785901,2.628954,0.568381,0.806560,0.690542,0.341545,0.986124,0.383760,17.358203
1457,1,1,1,11.372849,2.740012,0.572258,0.806744,0.687871,0.335040,0.980806,0.379052,18.033600
1458,1,1,1,10.788504,2.635785,0.569213,0.931495,0.696615,0.335877,0.996055,0.374825,17.490184
1459,0,1,0,13.757945,2.632197,0.687483,0.818892,0.688111,0.332320,0.983933,0.377150,20.436578
1460,0,1,0,13.821317,2.746498,0.570714,0.797976,0.693286,0.334862,0.984825,0.381052,20.490234
1461,0,1,0,13.301464,2.722523,0.569243,0.802468,0.685945,0.334098,0.997132,0.376437,19.945944
1462,1,1,1,13.493902,2.745206,0.565379,0.816862,0.688702,0.336929,0.984062,0.381366,20.169846
1463,1,1,1,11.586320,2.631932,0.563693,0.912055,0.702363,0.331680,0.981975,0.384904,18.256123
1464,0,1,0,13.629661,2.630726,0.575354,0.931797,0.700806,0.336147,0.984862,0.384055,20.335324
1465,0,1,0,13.740493,2.636369,0.711292,0.817895,0.697194,0.334893,0.986247,0.380658,20.462990
1466,1,1,1,10.700615,2.633157,0.561944,0.808499,0.688665,0.339710,0.986178,0.415631,17.291575
1467,1,1,1,10.692627,2.633113,0.569299,0.811114,0.685932,0.333772,0.984086,0.381015,17.247286
1468,0,1,0,13.655532,2.631772,0.565920,0.808653,0.688369,0.337594,0.986271,0.383255,20.214664
1469,1,1,1,13.588265,2.632850,0.567588,0.805090,0.685256,0.342142,0.995797,0.378369,20.152253
1470,1,1,1,11.578763,2.631600,0.565920,0.807988,0.696720,0.334369,0.983120,0.384788,18.143902
1471,1,1,1,10.645637,2.735587,0.565901,0.808535,0.689766,0.337827,0.996923,0.381680,17.317126
1472,1,1,1,10.748222,2.630209,0.564541,0.809625,0.689797,0.344037,0.983335,0.384184,17.403711
1473,1,1,1,12.363932,2.634763,0.561225,0.804867,0.686781,0.336874,0.992739,0.403243,18.940622
1474,1,1,1,13.574757,2.629988,0.565249,0.813317,0.690775,0.335852,0.988566,0.401052,20.162216
1475,1,1,1,13.316800,2.876018,0.689083,1.032160,1.034683,0.433237,1.005545,0.521249,21.132917
1476,1,1,1,13.266172,2.809286,0.671981,1.053747,0.847366,0.403730,1.025077,0.497114,20.782689
1477,1,1,1,12.109071,2.642942,0.565976,0.810117,0.944529,0.349859,0.984941,0.408898,18.989901
1478,1,1,1,10.758812,2.643624,0.580886,0.814055,0.701095,0.343932,0.986670,0.514689,17.515865
1479,1,1,1,11.206474,2.650406,0.574658,0.816923,0.706566,0.340092,0.981865,0.401576,17.839373
1480,1,1,1,11.855268,2.924683,0.686658,1.008141,0.878443,0.391034,1.018819,0.530536,19.495994
1481,1,1,1,14.619711,2.806283,0.651790,0.915964,0.782308,0.362240,0.998098,0.461169,21.781311
1482,0,1,0,14.498701,2.654677,0.583034,0.820234,0.704043,0.340917,1.159329,0.460597,21.400837
1483,1,1,0,13.985606,2.679323,0.709839,1.013693,0.796178,0.428523,1.010554,0.608388,21.509532
1484,1,1,1,11.983293,2.761033,0.713145,0.971932,0.880542,0.479754,1.035723,0.544437,19.578265
1485,1,1,1,14.732818,2.912394,0.832116,0.947502,0.928572,0.407852,1.007705,0.556751,22.533938
1486,1,1,1,15.586135,2.938351,0.664517,0.927409,0.901378,0.451723,1.015827,0.545348,23.252221
1487,0,1,0,14.442910,2.635988,0.557415,0.803754,0.686732,0.332504,0.982136,0.380517,20.977200
1488,1,1,1,10.791434,2.779231,0.576530,0.808339,0.688492,0.333040,0.993532,0.384240,17.513754
1489,1,1,0,13.606671,2.634819,0.569852,0.806732,0.693427,0.333982,0.995624,0.379889,20.175077
1490,1,1,1,10.826289,2.760117,0.574972,0.808910,0.687705,0.335687,0.988936,0.379144,17.520505
1491,1,1,1,11.802959,2.628505,0.561895,0.948437,0.709502,0.331883,0.987594,0.383557,18.512363
1492,1,1,1,13.590246,2.631212,0.571815,0.927785,0.703083,0.333139,0.986388,0.378492,20.281631
1493,1,1,0,13.471538,2.631016,0.655545,0.826849,0.697194,0.335692,0.981502,0.383151,20.143372
1494,1,1,1,13.517914,2.628283,0.698572,0.819009,0.689907,0.337434,0.982757,0.381736,20.216049
1495,1,1,1,11.216394,2.629372,0.563353,0.814683,0.691539,0.440634,0.985514,0.392283,17.892474
1496,1,1,1,13.204800,2.631760,0.571705,0.817391,0.687668,0.445673,0.984215,0.400640,19.901077
1497,1,1,1,10.578012,2.631803,0.568695,0.800665,0.688825,0.333569,0.984080,0.379710,17.119631
1498,1,1,1,11.792474,2.633631,0.571428,0.809231,0.693600,0.335058,0.987200,0.375944,18.355182
1499,1,1,1,10.710892,2.731896,0.562696,0.804050,0.690960,0.335625,0.983742,0.379169,17.355095
1500,1,1,0,13.696123,2.734579,0.560984,0.806652,0.686184,0.333501,0.996154,0.380603,20.352388
1501,1,1,1,10.682222,2.635520,0.565496,0.809538,0.809846,0.337366,0.983606,0.384727,17.364536
1502,1,1,1,12.413176,2.627495,0.565071,0.808572,0.687631,0.424160,0.984357,0.388659,19.057047
1503,1,1,1,13.491453,2.633366,0.562037,0.808517,0.688726,0.341341,0.984179,0.385643,20.137373
1504,1,1,1,13.576387,2.636240,0.567988,0.814147,0.798339,0.337981,0.985021,0.383028,20.264468
1505,1,1,1,13.484025,2.634123,0.567446,0.807902,0.789914,0.338812,0.987637,0.379950,20.148591
1506,1,1,1,13.561206,2.632855,0.560566,0.931766,0.698104,0.335896,0.986141,0.385692,20.253545
1507,1,1,1,13.366148,2.633428,0.560689,0.922486,0.703526,0.337015,0.982019,0.381797,20.045243
1508,1,1,1,12.828782,2.633163,0.572714,0.807803,0.794880,0.335470,0.984628,0.382898,19.503403
1509,1,1,1,11.106037,2.630572,0.569607,0.803698,0.688037,0.338234,0.982376,0.477292,17.754406
1510,1,1,1,12.398431,2.629587,0.561884,0.810129,0.688425,0.338782,0.996960,0.380775,18.964012
1511,1,1,1,11.778147,2.636313,0.560215,0.809163,0.689539,0.335551,0.981391,0.381027,18.325970
1512,1,1,1,13.370240,2.637182,0.559243,0.810689,0.687458,0.336130,0.979970,0.381976,19.923729
1513,0,1,0,13.745108,2.630874,0.563114,0.800880,0.692751,0.337280,0.981403,0.385452,20.292812
1514,1,1,1,10.690579,2.741280,0.570000,0.809895,0.693391,0.332585,0.986474,0.381490,17.363668
1515,0,1,1,11.987132,2.734727,0.565508,0.804628,0.693440,0.333847,0.984770,0.375606,18.638745
1516,1,1,1,11.545268,2.638265,0.575040,0.811114,0.824732,0.334456,0.986856,0.382985,18.261533
1517,1,1,1,11.725298,2.632240,0.565760,0.806350,0.692246,0.335071,0.991507,0.415219,18.322732
1518,1,1,1,11.734326,2.631212,0.572745,0.806904,0.690750,0.339643,0.981994,0.378867,18.293415
1519,1,1,1,13.530061,2.632917,0.571397,0.808517,0.692333,0.340579,0.984338,0.380941,20.097034
1520,1,1,1,10.787212,2.633594,0.566400,0.810658,0.691464,0.335003,0.987508,0.382135,17.349520
1521,1,1,1,11.626664,2.735612,0.573237,0.805027,0.687791,0.333428,0.985557,0.386302,18.292203
1522,1,1,1,10.672633,2.633705,0.563176,0.813587,0.808781,0.336862,0.986486,0.381963,17.357785
1523,0,1,0,13.635022,2.631656,0.560055,0.907766,0.695550,0.341090,0.996991,0.382160,20.308856
1524,0,1,0,13.821785,2.629557,0.663366,0.814148,0.691514,0.334726,0.983692,0.380499,20.481046
1525,0,1,0,12.960387,2.634086,0.565729,0.918973,0.693570,0.334942,0.981022,0.384111,19.632572
1526,1,1,1,10.733993,2.636006,0.560560,0.808886,0.692406,0.335760,0.991810,0.401132,17.322037
1527,1,1,1,10.587286,2.637009,0.564837,0.802487,0.687674,0.336818,0.981550,0.383293,17.134467
1528,1,1,1,11.515582,2.734296,0.571668,0.806173,0.687674,0.335052,0.994658,0.380634,18.184677
1529,1,1,1,10.333963,2.632973,0.566308,0.952025,0.698615,0.334419,0.982653,0.384628,17.043907
1530,1,1,1,10.796720,2.632173,0.569668,0.804419,0.686713,0.335422,0.993064,0.411950,17.389089
1531,1,1,1,13.210849,2.631396,0.567637,0.807963,0.689736,0.339421,0.981385,0.522394,19.907926
1532,1,1,1,10.732511,2.636517,0.565852,0.812327,0.688233,0.340105,0.987071,0.383533,17.300462
1533,0,1,0,13.740836,2.634997,0.566966,0.805692,0.689268,0.337089,0.984640,0.377244,20.291612
1534,1,1,1,13.839987,2.636166,0.569483,0.813145,0.693040,0.335926,0.983464,0.381526,20.413139
1535,0,1,0,13.688517,2.636541,0.560591,0.804136,0.691415,0.340092,0.992449,0.382012,20.251545
1536,0,1,0,13.847533,2.629182,0.568917,0.807255,0.689895,0.332708,0.996000,0.385089,20.414596
1537,1,1,1,10.680166,2.634019,0.566215,0.809883,0.686406,0.339292,0.981760,0.383704,17.239132
1538,0,1,0,13.860320,2.630369,0.568941,0.809452,0.685655,0.333274,0.989699,0.382086,20.419618
1539,1,1,1,11.401920,2.729840,0.564025,0.810210,0.682967,0.338345,0.997237,0.380690,18.059385
1540,1,1,1,13.589459,2.733459,0.561655,0.806541,0.684640,0.336216,0.984572,0.379840,20.236713
1541,1,1,1,10.681101,2.629428,0.568185,0.936942,0.691772,0.337981,0.982135,0.380221,17.367520
1542,1,1,1,12.929323,2.629587,0.567139,0.958702,0.698665,0.336947,0.996640,0.384000,19.660566
1543,1,1,0,13.640105,2.633206,0.564603,0.964461,0.699477,0.338222,0.985329,0.384394,20.368793
1544,1,1,1,10.737840,2.629994,0.568031,0.813532,0.689231,0.332554,0.990172,0.417360,17.340185
1545,1,1,1,10.603464,2.629384,0.562800,0.810985,0.687822,0.341963,0.998068,0.378769,17.169348
1546,1,1,1,9.297692,2.632929,0.663852,0.814744,0.696683,0.338296,0.986056,0.380455,15.969754
1547,1,1,1,10.721618,2.634929,0.560972,0.804830,0.691212,0.338510,0.994222,0.402406,17.305077
1548,1,1,1,13.579736,2.634154,0.566738,0.808369,0.697009,0.451071,0.987194,0.394652,20.280055
1549,1,1,1,10.492745,2.636227,0.571477,0.851717,0.724683,0.366283,0.990677,0.410314,17.214572
1550,1,1,1,13.837502,2.650788,0.593132,0.833828,0.717686,0.366911,0.988117,0.399052,20.550868
1551,1,1,1,11.286584,2.660720,0.570486,0.825705,0.722831,0.330763,0.992855,0.405613,17.961982
1552,1,1,1,10.797261,2.743022,0.573367,0.830732,0.719705,0.373440,0.984493,0.400634,17.587391
1553,1,1,1,14.011637,2.862332,0.643883,0.868671,0.817015,0.412468,1.010905,0.556923,21.385853
1554,0,1,1,14.447206,2.743378,0.652960,0.906209,0.847022,0.390111,1.008117,0.518837,21.710369
1555,1,1,1,14.238634,2.751385,0.692572,0.905324,0.836271,0.393945,0.999864,0.601619,21.623890
1556,1,1,1,11.355944,2.700677,0.672111,0.912456,0.856523,0.387262,1.009668,0.512425,18.607015
1557,1,1,1,12.291090,2.661803,0.592234,0.827588,0.694253,0.332517,0.986197,0.398757,18.945385
1558,0,1,0,13.897256,2.670628,0.665440,0.822664,0.730910,0.339963,0.988338,0.400628,20.694080
1559,1,1,1,14.535889,2.670474,0.581723,0.829747,0.701643,0.356929,0.987458,0.402726,21.325717
1560,1,1,1,11.514430,2.656665,0.588727,0.825095,0.723150,0.332615,0.988173,0.431926,18.224166
1561,1,1,1,13.812425,2.636541,0.560917,0.808812,0.684135,0.332117,0.981077,0.380917,20.353643
1562,0,1,0,13.625415,2.629692,0.578388,0.804677,0.694166,0.337668,0.987495,0.376867,20.193273
1563,1,1,1,11.319840,2.631354,0.559557,0.802498,0.686597,0.335120,0.994954,0.377274,17.859772
1564,1,1,1,13.651206,2.634738,0.563859,0.811120,0.687286,0.335686,0.987009,0.378277,20.210025
1565,1,1,1,10.689453,2.763495,0.569828,0.803581,0.686794,0.334701,0.980276,0.382904,17.369470
1566,1,1,1,11.692591,2.634234,0.573021,0.958566,0.694068,0.336129,0.981409,0.383723,18.413157
1567,0,1,0,13.839630,2.628880,0.677631,0.821913,0.696973,0.335939,0.979022,0.378837,20.516825
1568,1,1,1,13.581539,2.729101,0.571964,0.809021,0.687126,0.333797,0.980222,0.379507,20.230541
1569,1,1,1,13.523181,2.793286,0.672431,0.804757,0.693464,0.328517,0.995698,0.395550,20.371237
1570,1,1,1,13.807156,2.753865,0.571502,0.808960,0.685902,0.339188,0.988720,0.386566,20.501151
1571,1,1,1,10.649680,2.635508,0.559791,0.801028,0.823895,0.338271,0.997508,0.380517,17.347187
1572,1,1,1,13.543279,2.631243,0.567643,0.909637,0.707107,0.335871,0.983440,0.379286,20.218591
1573,0,1,0,14.234006,2.631760,0.703354,0.814886,0.690160,0.335760,0.995003,0.377723,20.940935
1574,1,1,1,11.492542,2.634775,0.570486,0.806985,0.810455,0.340406,0.983778,0.385200,18.188695
1575,1,1,1,13.502185,2.633348,0.562019,0.810209,0.814093,0.336745,0.981427,0.385489,20.188246
1576,1,1,1,13.055329,2.628966,0.564941,0.809556,0.812283,0.335459,0.987255,0.385305,19.742259
1577,1,1,1,10.611784,2.630818,0.563809,0.804357,0.689649,0.337077,0.983514,0.381840,17.159625
1578,1,1,1,13.469237,2.631778,0.566664,0.814271,0.688702,0.343139,0.984462,0.382363,20.036135
1579,1,1,1,10.858142,2.629427,0.564763,0.814566,0.688843,0.338535,0.984136,0.377459,17.413600
1580,1,1,1,13.438954,2.627551,0.571686,0.813428,0.688153,0.337243,0.989594,0.381139,20.005550
1581,1,1,1,13.587532,2.634394,0.566276,0.807606,0.690566,0.334572,0.983939,0.379600,20.138314
1582,1,1,1,10.807077,2.768966,0.571748,0.814585,0.688240,0.332283,0.997261,0.382947,17.521403
1583,1,1,1,11.203390,2.634043,0.566184,0.898394,0.694419,0.338350,0.986566,0.384492,17.862179
1584,0,1,0,13.698880,2.633367,0.568154,0.922437,0.703539,0.337317,0.982382,0.383520,20.390548
1585,1,1,1,12.728720,2.636086,0.559981,0.809809,0.814867,0.335766,0.980634,0.380609,19.401951
1586,1,1,1,11.299188,2.627293,0.570935,0.811588,0.692652,0.336807,1.016874,0.404640,17.918769
1587,1,1,1,11.282837,2.633219,0.565335,0.804941,0.693089,0.333994,0.981287,0.384640,17.835767
1588,1,1,1,11.801526,2.635926,0.565022,0.816572,0.691754,0.332320,0.987532,0.383384,18.368430
1589,1,1,1,13.441385,2.634117,0.567877,0.806179,0.687280,0.338153,0.982757,0.379724,19.993170
1590,1,1,1,9.575329,2.629748,0.564240,0.946905,0.701656,0.335440,0.981730,0.379533,16.277563
1591,1,1,1,13.514375,2.635963,0.669840,0.816566,0.694320,0.337526,0.983028,0.381107,20.189114
1592,1,1,1,10.686086,2.631673,0.566560,0.803717,0.687858,0.334480,0.982437,0.415551,17.268093
1593,0,1,0,13.748813,2.629748,0.564984,0.805889,0.695181,0.339151,0.980566,0.411225,20.333274
1594,1,1,1,13.557126,2.630357,0.570056,0.808813,0.694394,0.435428,0.990007,0.407575,20.257421
1595,1,1,1,13.483625,2.635139,0.567459,0.806136,0.691230,0.459379,0.983274,0.394172,20.179379
1596,1,1,1,13.528622,2.634099,0.568763,0.807212,0.799557,0.340665,0.986517,0.383735,20.213114
1597,1,1,1,11.414227,2.635126,0.562277,0.806707,0.689163,0.331138,0.995458,0.488425,18.076954
1598,1,1,1,13.519655,2.629957,0.566603,0.808258,0.691612,0.338099,0.983532,0.501613,20.194529
1599,1,1,1,11.161840,2.628431,0.570979,0.804960,0.690473,0.335994,0.985095,0.376898,17.711526
1600,1,1,1,11.501065,2.731520,0.570751,0.808345,0.689570,0.336714,0.980037,0.377859,18.154904
1601,0,1,0,13.627089,2.639520,0.562794,0.801662,0.694111,0.333938,0.994677,0.379545,20.186308
1602,1,1,1,10.665028,2.729533,0.576498,0.812942,0.691926,0.333834,0.989736,0.377994,17.337292
1603,1,1,1,10.746456,2.634714,0.563545,0.806418,0.688670,0.428548,0.987557,0.387993,17.398197
1604,1,1,1,13.509661,2.628326,0.564659,0.809440,0.693157,0.352886,0.985556,0.385902,20.194074
1605,1,1,1,10.585680,2.631692,0.561539,0.801077,0.692209,0.336492,0.982794,0.380222,17.125440
1606,1,1,1,11.439637,2.630597,0.563748,0.803932,0.689255,0.336259,0.981754,0.377034,17.980566
1607,1,1,1,10.638677,2.734462,0.564246,0.806750,0.688936,0.337550,0.983526,0.381791,17.292431
1608,1,1,1,11.489335,2.631581,0.568658,0.912277,0.701594,0.337181,0.980658,0.379501,18.162517
1609,1,1,1,11.412462,2.636523,0.563390,0.810062,0.691847,0.340493,0.984259,0.415870,18.012541
1610,0,1,0,13.691237,2.632123,0.566178,0.816942,0.697920,0.339157,0.990499,0.414634,20.311225
1611,1,1,1,10.622357,2.634739,0.566504,0.806227,0.690849,0.335791,0.983243,0.382757,17.178135
1612,1,1,1,11.293483,2.728695,0.565557,0.809853,0.694967,0.339693,0.986899,0.385784,17.960788
1613,1,1,1,12.652308,2.736271,0.570775,0.808517,0.687422,0.334357,0.998055,0.380332,19.325403
1614,1,1,1,10.630474,2.636104,0.565470,0.944357,0.698566,0.336431,0.996658,0.380221,17.346837
1615,1,1,1,10.805858,2.631668,0.566142,0.805323,0.695027,0.335643,0.989206,0.398523,17.384529
1616,1,1,1,10.757200,2.629040,0.564449,0.810566,0.685139,0.338548,0.983717,0.377680,17.300948
1617,1,1,1,11.649385,2.746670,0.565262,0.802012,0.686240,0.331938,0.982227,0.382849,18.302363
1618,1,1,1,13.662007,2.648430,0.565600,0.811710,0.690105,0.335773,0.986025,0.381883,20.248591
1619,1,1,1,13.564173,2.631212,0.569975,0.806628,0.687015,0.335785,0.982597,0.381287,20.112579
1620,1,1,1,11.711144,2.728751,0.569662,0.811372,0.687286,0.332991,0.982652,0.378480,18.362344
1621,0,1,0,13.493650,2.726733,0.566843,0.801810,0.689323,0.337446,0.995108,0.378443,20.146240
1622,1,1,1,10.778825,2.630585,0.574326,0.947883,0.700819,0.338197,0.998701,0.386504,17.513410
1623,1,1,1,11.187606,2.635618,0.573230,0.804320,0.693624,0.338111,0.988806,0.410265,17.790381
1624,0,1,1,13.306573,2.628936,0.566061,0.812708,0.693139,0.337070,0.994480,0.411545,19.909354
1625,1,1,1,13.164818,2.634683,0.567815,0.808622,0.687649,0.338720,0.984357,0.417305,19.761741
1626,1,1,1,13.732240,2.632493,0.563662,0.811028,0.689489,0.340327,0.998253,0.410585,20.334904
1627,1,1,1,13.383994,2.631341,0.568830,0.813330,0.693729,0.335914,0.987514,0.414320,19.984615
1628,1,1,0,13.496579,2.628320,0.568622,0.805385,0.688652,0.335372,1.076911,0.418172,20.173717
1629,1,1,1,10.589028,2.632043,0.565933,0.811200,0.693163,0.336406,0.981649,0.384911,17.147532
1630,1,1,1,11.192664,2.772172,0.570911,0.807483,0.690394,0.335342,0.982498,0.381379,17.892658
1631,1,1,1,11.778572,2.735864,0.570621,0.808098,0.692356,0.335987,0.996068,0.378695,18.452775
1632,1,1,1,10.819748,2.635114,0.565274,0.904517,0.697391,0.335539,0.983409,0.378197,17.479489
1633,1,1,1,10.719773,2.630061,0.565563,0.810462,0.690308,0.337212,0.984320,0.485280,17.380166
1634,1,1,1,10.618264,2.633741,0.563920,0.811311,0.689594,0.334467,0.983754,0.378787,17.170745
1635,1,1,1,10.730166,2.744523,0.569920,0.807994,0.687311,0.335046,0.995692,0.381040,17.404745
1636,1,1,1,10.791489,2.631711,0.573465,0.807335,0.814800,0.339557,0.987606,0.386068,17.493705
1637,1,1,1,13.567649,2.637736,0.565520,0.921643,0.786831,0.357218,0.993822,0.464154,20.472098
1638,1,1,1,13.897347,2.652942,0.675803,0.809225,0.694221,0.328277,0.993526,0.378111,20.597779
1639,1,1,1,13.396677,2.630855,0.673323,0.811723,0.691668,0.333797,0.992474,0.383477,20.073335
1640,1,1,1,10.875933,2.628000,0.570726,0.803877,0.690948,0.334487,0.981963,0.406849,17.448997
1641,1,1,1,13.470264,2.630670,0.563114,0.807323,0.689348,0.335876,1.071606,0.397360,20.123545
1642,0,1,0,13.772942,2.634302,0.564320,0.808123,0.781138,0.339852,0.985508,0.382517,20.429120
1643,1,1,1,13.986831,2.631071,0.567175,0.919249,0.698474,0.335816,0.998327,0.379280,20.673963
1644,1,1,1,10.776394,2.629304,0.563544,0.808628,0.688375,0.336653,0.983293,0.475865,17.422425
1645,1,1,1,13.718720,2.634363,0.560794,0.811064,0.688856,0.335188,0.997933,0.402264,20.306419
1646,1,1,1,11.291649,2.634788,0.557453,0.809945,0.691292,0.336313,0.997120,0.383483,17.859341
1647,0,1,0,13.448794,2.632677,0.563311,0.808591,0.686068,0.337754,0.982167,0.383736,19.995957
1648,1,1,1,13.837760,2.628376,0.576135,0.812437,0.687255,0.337151,0.995643,0.378191,20.407613
1649,1,1,1,11.858880,2.632006,0.569459,0.812756,0.686554,0.336517,0.980154,0.379667,18.413495
1650,1,1,1,9.403975,2.629182,0.687231,0.811871,0.692044,0.339643,0.986535,0.383250,16.093373
1651,1,1,1,13.466351,2.634560,0.678541,0.812068,0.692264,0.335686,0.979643,0.380462,20.138960
1652,1,1,1,10.661988,2.635686,0.568314,0.800264,0.686542,0.335563,0.998935,0.419594,17.266837
1653,1,1,1,11.531661,2.630886,0.562092,0.797588,0.694037,0.336776,0.980726,0.378339,18.066874
1654,0,1,0,13.927883,2.631557,0.570948,0.811680,0.689963,0.337932,0.993969,0.379341,20.503348
1655,0,1,0,13.841902,2.633385,0.566283,0.809982,0.690437,0.333853,0.982486,0.520117,20.534523
1656,1,1,0,9.234228,2.738972,0.571618,0.802634,0.693662,0.339520,0.978948,0.383944,15.900985
1657,1,1,1,10.741717,2.631668,0.664216,0.803545,0.686646,0.333563,0.983686,0.383551,17.383446
1658,1,1,1,10.782874,2.629317,0.561822,0.805053,0.691606,0.336456,0.992203,0.403606,17.362480
1659,1,1,1,10.585828,2.634474,0.557206,0.803581,0.692585,0.341182,0.983969,0.382782,17.137674
1660,1,1,1,11.493600,2.658308,0.569447,0.808443,0.689009,0.339502,0.985230,0.381852,18.090880
1661,1,1,1,10.628511,2.737267,0.564498,0.808911,0.693059,0.334739,0.978634,0.381280,17.289656
1662,0,1,0,13.336966,2.748486,0.569865,0.808037,0.686941,0.336923,0.983237,0.375569,20.002973
1663,1,1,1,9.346560,2.632800,0.568886,0.809354,0.694160,0.335495,0.981033,0.485736,16.011920
1664,1,1,1,10.642683,2.629668,0.569556,0.808966,0.688726,0.338025,0.980547,0.380258,17.195101
1665,1,1,1,10.782173,2.744449,0.563735,0.804942,0.690548,0.337446,0.979908,0.385926,17.446899
1666,1,1,0,12.017089,2.631846,0.668222,0.807840,0.697249,0.339612,0.988898,0.381649,18.691920
1667,1,1,1,13.480683,2.636603,0.664104,0.807846,0.692062,0.338830,0.981717,0.376856,20.133963
1668,1,1,1,13.566345,2.725999,0.570775,0.808326,0.687034,0.342135,0.985901,0.379612,20.225218
1669,1,1,1,13.557194,2.733539,0.569268,0.813748,0.687496,0.336837,0.982431,0.379317,20.216332
1670,1,1,1,12.093489,2.631409,0.569262,0.938086,0.697422,0.337083,0.982935,0.380006,18.789170
1671,1,1,1,10.660437,2.629434,0.556111,0.803139,0.686006,0.334985,0.985631,0.408283,17.222326
1672,1,1,1,11.671218,2.633422,0.568326,0.815723,0.690806,0.340671,0.995409,0.384209,18.257440
1673,1,1,1,13.607378,2.637009,0.563987,0.801353,0.695827,0.334695,0.981065,0.379858,20.155723
1674,1,1,1,11.329988,2.633753,0.564068,0.807526,0.691095,0.333877,0.984720,0.383274,17.887625
1675,0,1,0,13.850584,2.632812,0.561083,0.799692,0.690590,0.335009,0.982911,0.384393,20.390720
1676,1,1,1,13.610560,2.630954,0.562480,0.809292,0.691575,0.337329,0.986400,0.379520,20.164874
1677,1,1,1,11.193520,2.733009,0.561797,0.802437,0.694173,0.331896,0.994289,0.375735,17.843932
1678,1,1,1,10.759643,2.634431,0.569009,0.956597,0.695624,0.334271,0.995034,0.381102,17.490394
1679,1,1,1,11.302498,2.631102,0.570461,0.814326,0.694425,0.337299,0.994541,0.424123,17.928536
1680,1,1,1,12.139102,2.627827,0.571342,0.815354,0.694548,0.340862,0.981213,0.474369,18.813704
1681,1,1,1,13.459360,2.635797,0.562277,0.807133,0.688517,0.335526,0.980049,0.506732,20.130326
1682,0,1,0,13.778973,2.630536,0.564960,0.814517,0.689342,0.340253,0.982147,0.411427,20.375950
1683,1,1,1,13.479464,2.631255,0.566345,0.805089,0.690056,0.338960,0.981945,0.418369,20.070899
1684,1,1,1,11.653366,2.630960,0.564911,0.812905,0.688314,0.336184,0.983901,0.384690,18.210123
1685,1,1,1,13.552560,2.635729,0.565415,0.804941,0.689717,0.338886,0.997015,0.379951,20.120640
1686,1,1,1,11.368480,2.634794,0.569815,0.817379,0.695871,0.336997,0.995582,0.379416,17.957932
1687,1,1,1,12.879219,2.632376,0.565539,0.815957,0.690006,0.333858,0.983865,0.383447,19.440701
1688,1,1,1,11.728154,2.732979,0.573150,0.811027,0.687422,0.336941,0.981225,0.386714,18.396769
1689,1,1,1,12.760868,2.731871,0.571618,0.808720,0.692794,0.336136,0.983286,0.380190,19.426732
1690,1,1,1,10.663809,2.633170,0.569206,0.805126,0.807661,0.338265,0.985495,0.381668,17.346788
1691,1,1,1,11.795828,2.635446,0.569170,0.806873,0.686388,0.336049,0.987544,0.403950,18.380665
1692,1,1,1,10.716382,2.633052,0.568486,0.818382,0.691089,0.337593,0.982467,0.377563,17.282596
1693,1,1,1,13.522338,2.635329,0.564043,0.807502,0.694745,0.335053,0.982535,0.381114,20.079385
1694,1,1,1,13.638818,2.630080,0.563680,0.818259,0.693410,0.337594,0.994024,0.386185,20.218960
1695,1,1,1,13.695065,2.629871,0.561009,0.809360,0.688240,0.336696,0.995619,0.379200,20.248548
1696,1,1,1,11.361803,2.636276,0.564941,0.811021,0.683545,0.335323,0.982763,0.381157,17.915544
1697,1,1,1,13.531662,2.636622,0.566775,0.807471,0.692628,0.337224,0.981576,0.382726,20.093052
1698,1,1,1,11.761520,2.731427,0.567779,0.810985,0.688037,0.336806,0.989637,0.377225,18.421797
1699,0,1,0,13.771631,2.744997,0.573249,0.804843,0.692640,0.335981,0.983489,0.381785,20.446129
1700,1,1,1,13.511231,2.938289,0.572326,0.810351,0.690388,0.335133,0.984505,0.381569,20.383582
1701,1,1,1,11.710794,2.731650,0.564597,0.801532,0.685145,0.336246,0.983606,0.380702,18.351139
1702,1,1,1,11.658412,2.632504,0.566357,0.920819,0.705169,0.338904,0.995821,0.384031,18.361957
1703,1,1,1,10.648701,2.632443,0.564147,0.804973,0.690917,0.340813,1.028271,0.419065,17.286953
1704,1,1,1,12.503360,2.631594,0.566640,0.808744,0.692394,0.336770,0.995385,0.374966,19.069329
1705,1,1,1,11.259557,2.634056,0.557354,0.804739,0.685643,0.336794,0.980573,0.379822,17.793268
1706,1,1,1,11.685827,2.732585,0.570819,0.809821,0.689274,0.334074,0.985304,0.380338,18.347293
1707,1,1,1,11.811175,2.750573,0.565600,0.803059,0.689840,0.334387,0.979397,0.379391,18.468892
1708,1,1,1,12.035255,2.633446,0.571815,0.924880,0.694104,0.335600,0.986129,0.380369,18.723643
1709,1,1,1,11.201729,2.634314,0.561458,0.806640,0.690633,0.336080,0.987803,0.398443,17.773206
1710,1,1,1,13.624492,2.632493,0.563113,0.807317,0.685188,0.337502,0.988936,0.399988,20.280634
1711,1,1,1,13.313046,2.633145,0.565182,0.808172,0.691471,0.421692,0.985748,0.397299,19.973434
1712,1,1,1,10.670178,2.631594,0.570419,0.817496,0.691139,0.337723,0.979551,0.381163,17.234006
1713,1,1,1,10.807206,2.767624,0.558056,0.800911,0.687101,0.329200,0.984209,0.379298,17.466615
1714,1,1,1,11.538511,2.753735,0.575711,0.805655,0.685637,0.338566,0.993464,0.377957,18.228252
1715,0,1,0,13.695446,2.758825,0.566504,0.809668,0.684240,0.335821,0.992905,0.380671,20.380788
1716,1,1,1,11.523415,2.630456,0.576443,0.947853,0.698948,0.332647,0.988000,0.382979,18.237803
1717,1,1,1,13.456517,2.634670,0.671624,0.815286,0.695526,0.333169,0.987329,0.385544,20.138136
1718,1,1,1,10.792566,2.629859,0.567544,0.818141,0.693028,0.339163,0.984739,0.411391,17.397299
1719,1,1,1,10.697939,2.631853,0.568886,0.808259,0.684474,0.338221,0.996622,0.382696,17.264024
1720,1,1,1,10.686653,2.731686,0.575957,0.812671,0.689169,0.333145,0.980745,0.384314,17.349698
1721,1,1,1,11.611483,2.726676,0.570874,0.803859,0.688745,0.335047,0.979588,0.379280,18.252461
1722,1,1,1,10.716763,2.633213,0.561957,0.808886,0.688837,0.418412,0.989865,0.398997,17.376806
1723,0,1,0,13.799975,2.635188,0.565914,0.806929,0.802819,0.337982,0.982584,0.384750,20.476338
1724,1,1,1,10.687926,2.635360,0.569268,0.814886,0.689514,0.338363,0.985717,0.383379,17.264393
1725,1,1,1,11.742505,2.633643,0.565784,0.809397,0.689791,0.337157,0.999040,0.379563,18.310566
1726,1,1,1,10.755877,2.775772,0.569957,0.806763,0.684997,0.336356,0.996935,0.379618,17.466825
1727,1,1,1,11.251213,2.636720,0.567188,0.922843,0.695932,0.337538,0.984850,0.386277,17.941606
1728,1,1,1,13.571520,2.632302,0.673120,0.813151,0.694259,0.335274,0.982640,0.380098,20.244800
1729,1,1,1,11.242997,2.634523,0.564985,0.807373,0.686855,0.459607,0.984726,0.402332,17.937465
1730,1,1,1,13.603373,2.633914,0.566012,0.812566,0.798314,0.343071,0.992529,0.385311,20.296615
1731,1,1,1,13.430104,2.631053,0.569040,0.807637,0.817464,0.334701,0.983588,0.384584,20.118659
1732,1,1,1,11.681114,2.633704,0.566350,0.807440,0.690043,0.338997,1.014056,0.413440,18.308154
1733,0,1,0,13.708018,2.633341,0.561139,0.805877,0.687896,0.338708,0.991926,0.420093,20.309280
1734,1,1,1,10.607132,2.630689,0.572824,0.806880,0.689440,0.339957,0.995213,0.378369,17.177003
1735,1,1,1,13.572812,2.633477,0.569360,0.812492,0.685840,0.336012,0.985237,0.381655,20.134954
1736,0,1,0,13.927594,2.632074,0.571982,0.813256,0.690474,0.339563,0.983046,0.383950,20.501686
1737,1,1,1,11.258425,2.633410,0.561139,0.804732,0.689015,0.332911,0.984012,0.382770,17.803083
1738,1,1,1,10.863181,2.729612,0.560640,0.808080,0.697945,0.333933,0.985139,0.384376,17.519193
1739,1,1,1,11.396596,2.635890,0.564486,0.807477,0.809058,0.331194,0.996819,0.380357,18.083182
1740,1,1,1,10.642831,2.631773,0.561323,0.802474,0.690302,0.333520,0.984037,0.376665,17.180610
1741,1,1,1,13.536376,2.630677,0.560597,0.809028,0.693003,0.338696,0.980185,0.382898,20.087748
1742,1,1,1,10.211311,2.633969,0.559311,0.811145,0.690702,0.335231,0.980597,0.380246,16.758043
1743,1,1,1,10.614775,2.723077,0.570794,0.802640,0.689951,0.334431,0.984480,0.383723,17.260892
1744,1,1,1,13.620579,2.728056,0.569489,0.809933,0.687994,0.338572,0.985864,0.383927,20.284394
1745,1,1,1,13.026105,2.745674,0.564744,0.802843,0.688917,0.331551,0.982917,0.388584,19.689348
1746,1,1,1,13.482068,2.740757,0.565471,0.810628,0.686818,0.337945,0.987341,0.378259,20.148917
1747,1,1,1,11.993661,2.635244,0.572246,0.916351,0.695243,0.338830,0.983932,0.383551,18.676886
1748,1,1,1,11.641815,2.629588,0.567508,0.810825,0.688184,0.458468,0.990345,0.405003,18.353175
1749,1,1,1,10.670591,2.634240,0.567446,0.811071,0.689717,0.339261,0.997606,0.379034,17.245582
1750,1,1,0,13.823009,2.628456,0.567335,0.808462,0.689145,0.334770,0.984702,0.384258,20.377237
1751,1,1,1,10.682566,2.636978,0.557846,0.806209,0.687625,0.339847,0.980092,0.375138,17.221206
1752,0,1,0,13.943077,2.628068,0.561699,0.805200,0.691366,0.332270,0.981237,0.381397,20.482468
1753,1,1,1,13.776375,2.635717,0.562037,0.809643,0.690886,0.338917,0.995643,0.380511,20.345182
1754,1,1,1,11.480419,2.731877,0.569637,0.804942,0.692215,0.336757,0.984000,0.384837,18.144105
1755,1,1,1,10.651076,2.633668,0.561895,0.941624,0.699249,0.333698,0.984745,0.386899,17.353287
1756,0,1,0,13.889336,2.634393,0.666240,0.813557,0.688751,0.334246,0.981422,0.379329,20.547089
1757,0,1,0,13.487132,2.729409,0.564517,0.810585,0.690024,0.334658,0.980825,0.381557,20.134364
1758,1,1,1,11.521022,2.634031,0.562953,0.802123,0.800769,0.338400,0.996621,0.383896,18.199913
1759,0,1,0,13.268486,2.629760,0.566394,0.805594,0.793649,0.336511,0.985501,0.385194,19.929692
1760,1,1,1,10.704825,2.633384,0.568246,0.810179,0.692215,0.337009,0.982196,0.382068,17.266978
1761,1,1,1,10.739526,2.633243,0.566788,0.798265,0.692523,0.335951,0.993021,0.385022,17.298849
1762,1,1,1,10.768960,2.733194,0.569292,0.800012,0.690320,0.336246,0.983483,0.380726,17.418788
1763,1,1,1,11.231766,2.632375,0.558646,0.806031,0.807262,0.338252,0.982074,0.381022,17.896055
1764,1,1,1,10.751003,2.629427,0.565385,0.807520,0.690142,0.333545,0.981650,0.380135,17.295373
1765,1,1,1,10.828037,2.631409,0.565459,0.805779,0.690418,0.340886,0.985908,0.383570,17.387957
1766,1,1,1,13.083219,2.634000,0.561698,0.805225,0.691034,0.333926,0.992124,0.382530,19.640597
1767,1,1,1,13.611513,2.632036,0.556849,0.809385,0.690492,0.334283,0.996006,0.378960,20.166585
1768,1,1,1,10.795471,2.739471,0.567945,0.816117,0.691600,0.340646,0.984591,0.384080,17.478849
1769,0,1,0,13.527810,2.736591,0.569040,0.802621,0.692049,0.337735,0.983280,0.384750,20.188849
1770,1,1,1,11.321384,2.629951,0.573773,0.921951,0.693662,0.341963,0.987397,0.384080,18.012209
1771,0,1,1,13.690726,2.637262,0.680037,0.814228,0.692461,0.338050,0.980702,0.381785,20.373680
1772,1,1,1,11.481243,2.633964,0.565631,0.813292,0.688135,0.425834,0.988862,0.384363,18.136714
1773,1,1,1,13.550868,2.656289,0.561969,0.801421,0.779083,0.330461,0.980240,0.381304,20.202142
1774,1,1,1,10.635889,2.635071,0.567132,0.814338,0.690929,0.335046,0.981090,0.384535,17.200480
1775,1,1,1,10.799927,2.638603,0.556972,0.806468,0.693901,0.338873,0.981711,0.379846,17.354455
1776,1,1,1,12.927010,2.736824,0.570406,0.804794,0.693471,0.337896,0.994455,0.380327,19.604283
1777,1,1,1,10.647723,2.632732,0.704425,0.813305,0.694363,0.332277,0.982320,0.383268,17.347526
1778,1,1,1,10.671003,2.631188,0.563465,0.800825,0.690271,0.333680,0.987803,0.402855,17.241933
1779,1,1,1,13.253453,2.627772,0.566123,0.810086,0.685428,0.335489,0.984800,0.404966,19.823156
1780,1,1,1,13.469975,2.633957,0.567883,0.806363,0.690547,0.335809,0.994264,0.405938,20.065926
1781,1,1,1,11.680646,2.630726,0.564203,0.807065,0.691033,0.333292,0.994296,0.379570,18.236093
1782,0,1,0,13.800708,2.629784,0.562012,0.808985,0.687816,0.337742,0.995883,0.378793,20.358985
1783,1,1,1,11.168788,2.635600,0.567772,0.799243,0.690271,0.333385,0.993200,0.389748,17.732172
1784,1,1,0,13.493243,2.635292,0.564105,0.810726,0.689809,0.338424,0.982929,0.381821,20.053323
1785,1,1,1,11.147459,2.731612,0.569009,0.803938,0.689273,0.332394,0.982597,0.378191,17.791902
1786,1,1,1,10.805213,2.632234,0.566837,0.949316,0.701754,0.338030,0.989317,0.384880,17.527588
1787,1,1,1,11.838505,2.630659,0.565083,0.802019,0.690142,0.466099,0.984357,0.396044,18.530019
1788,1,1,1,13.595514,2.633052,0.571040,0.811643,0.816271,0.337157,0.982369,0.382898,20.290179
1789,1,1,1,10.719858,2.633969,0.557090,0.807883,0.691711,0.330751,0.987127,0.379193,17.263176
1790,1,1,1,11.813310,2.632111,0.568696,0.810406,0.692283,0.336745,0.981163,0.379274,18.371367
1791,0,1,0,13.712473,2.637569,0.569624,0.798492,0.688917,0.336393,0.982178,0.381341,20.264253
1792,1,1,1,11.261495,2.734326,0.573040,0.812031,0.695699,0.338135,0.997723,0.380123,17.947643
1793,1,1,0,13.642129,2.759194,0.565464,0.809945,0.690203,0.337631,0.985600,0.378806,20.325865
1794,1,1,1,10.678037,2.735459,0.569330,0.809927,0.693040,0.333502,0.988000,0.383213,17.347847
1795,0,1,0,13.521741,2.731643,0.570671,0.803415,0.683194,0.333379,0.981656,0.380634,20.165575
1796,1,1,1,10.672579,2.632979,0.567680,0.804363,0.693939,0.433588,0.987828,0.390579,17.340739
1797,1,1,1,11.699901,2.627231,0.559003,0.804030,0.691551,0.340068,0.982443,0.379569,18.323496
1798,1,1,1,10.766492,2.638776,0.567188,0.812726,0.689804,0.338148,0.984486,0.380234,17.336462
1799,1,1,1,13.541169,2.637600,0.563908,0.798886,0.686394,0.331446,0.980517,0.386788,20.082548
1800,1,1,0,12.138899,2.736609,0.567465,0.807176,0.693489,0.339200,0.982172,0.380080,18.804911
1801,1,1,1,11.207754,2.733397,0.569040,0.809717,0.687846,0.336591,0.981809,0.381600,17.864160
1802,0,1,0,13.319194,2.728024,0.566443,0.813243,0.692597,0.336394,0.988720,0.376456,19.978837
1803,1,1,1,10.690135,2.627434,0.563410,0.808462,0.687982,0.347145,0.984936,0.388443,17.364597
1804,1,1,1,12.193846,2.629108,0.564763,0.808616,0.690622,0.336104,0.985218,0.409250,18.775871
1805,1,1,1,13.188511,2.636473,0.565065,0.808892,0.690031,0.337101,0.994227,0.414117,19.792221
1806,1,1,1,10.777182,2.633015,0.566480,0.808899,0.690659,0.334720,0.994086,0.382793,17.345612
1807,0,1,0,13.687809,2.634216,0.563292,0.802929,0.685661,0.335465,0.982412,0.378560,20.227803
1808,1,1,1,10.874677,2.740683,0.573083,0.816024,0.692683,0.336788,0.983994,0.383673,17.562166
1809,1,1,1,9.370074,2.633120,0.562665,0.807692,0.818357,0.339865,0.993803,0.380701,16.065588
1810,1,1,1,10.728990,2.628634,0.571926,0.805563,0.688751,0.334849,0.987963,0.382967,17.288406
1811,1,1,1,11.824671,2.636375,0.561945,0.805532,0.686720,0.341594,0.979920,0.376000,18.369981
1812,1,1,1,10.967170,2.730935,0.568548,0.801976,0.686111,0.339040,0.983797,0.382332,17.618757
1813,1,1,1,10.608424,2.632216,0.567914,0.918849,0.702837,0.336935,0.996443,0.377495,17.295305
1814,1,1,1,12.900173,2.632917,0.566504,0.810714,0.825816,0.334332,0.984098,0.384313,19.600695
1815,1,1,1,11.642782,2.633741,0.563926,0.802782,0.684443,0.337760,0.985114,0.408320,18.217052
1816,1,1,1,10.754166,2.630935,0.563680,0.816923,0.694702,0.339268,0.982308,0.380037,17.315489
1817,1,1,1,11.819046,2.641539,0.566006,0.802566,0.688129,0.338370,0.993231,0.381687,18.385421
1818,1,1,1,10.779545,2.734941,0.572407,0.809059,0.692209,0.337397,0.983569,0.381261,17.450585
1819,1,1,1,13.523772,2.753957,0.561428,0.810905,0.689021,0.335649,0.981484,0.379600,20.195348
1820,1,1,1,11.728708,2.633557,0.566468,0.930025,0.696043,0.335311,0.989945,0.383877,18.422209
1821,1,1,1,11.252234,2.631200,0.561164,0.810707,0.689053,0.337341,0.984197,0.400548,17.824332
1822,0,1,0,13.800794,2.631988,0.569156,0.813797,0.692745,0.336087,0.988117,0.408351,20.402523
1823,1,1,1,10.617619,2.636351,0.560615,0.800609,0.689545,0.336665,0.983225,0.379834,17.160874
1824,1,1,1,10.714572,2.734732,0.571354,0.810973,0.687033,0.329656,0.994093,0.381040,17.383982
1825,1,1,1,11.167065,2.634246,0.691236,0.811606,0.693335,0.336326,0.985624,0.383292,17.859920
1826,1,1,1,10.870376,2.635305,0.565059,0.813132,0.692270,0.408480,1.010376,0.416290,17.574086
1827,1,1,1,10.707274,2.636843,0.560818,0.807859,0.685544,0.340006,0.995587,0.382129,17.275612
1828,1,1,1,13.602455,2.638880,0.563600,0.806763,0.690387,0.340037,0.984130,0.380505,20.163348
1829,1,1,0,12.791404,2.633077,0.569859,0.810985,0.685994,0.335600,0.981354,0.381089,19.346302
1830,1,1,1,13.633945,2.631262,0.570628,0.817366,0.694646,0.336492,0.994745,0.383262,20.219895
1831,1,1,1,10.595938,2.745593,0.565354,0.811655,0.690880,0.337138,0.980098,0.388910,17.274013
1832,1,1,1,13.463366,2.747785,0.570979,0.818351,0.691200,0.333896,0.994916,0.379544,20.158750
1833,1,1,1,13.465372,2.755550,0.569218,0.814179,0.693249,0.331698,0.981391,0.384634,20.153384
1834,1,1,1,10.831988,2.737132,0.566498,0.814443,0.691298,0.336431,0.981267,0.380653,17.497372
1835,0,1,0,13.506012,2.750960,0.569963,0.813329,0.691434,0.337372,0.980578,0.382455,20.188074
1836,1,1,1,11.558880,2.634468,0.563625,0.910985,0.693686,0.336123,0.985003,0.379926,18.223440
1837,1,1,0,13.710536,2.637410,0.563163,0.924849,0.697428,0.336037,0.982609,0.377342,20.387206
1838,1,1,1,9.326111,2.630973,0.562068,0.809742,0.692800,0.334935,0.995268,0.382135,15.890985
1839,1,1,1,11.292437,2.634222,0.565532,0.808271,0.698480,0.339581,0.995686,0.379674,17.867723
1840,1,1,1,10.694271,2.731040,0.571384,0.808172,0.685636,0.333649,0.980129,0.377908,17.341120
1841,1,1,1,10.731373,2.632732,0.564068,0.810283,0.694320,0.348727,0.985852,0.384431,17.410443
1842,1,1,1,11.335667,2.634197,0.566431,0.813409,0.689249,0.338991,0.987317,0.381138,17.904972
1843,1,1,1,10.743243,2.631163,0.564406,0.808203,0.692487,0.338573,0.996646,0.377939,17.309920
1844,1,1,1,10.707914,2.731920,0.575514,0.808708,0.688573,0.336984,0.983686,0.381446,17.377704
1845,1,1,1,13.469643,2.752166,0.566270,0.808419,0.690314,0.332560,0.981323,0.383188,20.139587
1846,1,1,1,11.720597,2.628850,0.570535,0.916228,0.699385,0.335557,0.982148,0.382394,18.393735
1847,0,1,0,13.300560,2.634812,0.561618,0.908867,0.694080,0.336228,0.993914,0.381576,19.966714
1848,1,1,1,10.674690,2.631920,0.569465,0.815095,0.690788,0.338092,0.986505,0.402418,17.267790
1849,0,1,0,13.776861,2.634308,0.562739,0.813372,0.690930,0.338671,0.988893,0.402738,20.368628
1850,1,1,1,10.395065,2.631883,0.561101,0.804363,0.688105,0.333840,0.991471,0.384025,16.947299
1851,1,1,1,9.284597,2.746136,0.573428,0.810338,0.692203,0.330418,0.979237,0.385526,15.963065
1852,1,1,1,10.830899,2.636369,0.565397,0.811871,0.690443,0.448751,0.982990,0.393330,17.516936
1853,1,1,0,13.712388,2.635680,0.564154,0.809329,0.816695,0.336763,0.980622,0.383390,20.402578
1854,1,1,1,13.353200,2.630862,0.572019,0.810813,0.814554,0.338677,0.981957,0.383330,20.051144
1855,1,1,1,10.720985,2.631483,0.567662,0.808197,0.691452,0.336763,0.982732,0.382843,17.279852
1856,1,1,1,10.887477,2.631200,0.567243,0.804529,0.693175,0.340763,0.993120,0.384898,17.461717
1857,1,1,1,13.520954,2.632831,0.563730,0.809034,0.694234,0.332825,0.981563,0.376892,20.065070
1858,1,1,1,10.794388,2.751723,0.569348,0.809490,0.692597,0.336111,0.982775,0.386849,17.481933
1859,1,1,1,11.427508,2.635588,0.565532,0.925028,0.696486,0.336228,0.983613,0.384671,18.111139
1860,1,1,1,10.737569,2.633089,0.565803,0.805225,0.688732,0.338332,1.065526,0.404713,17.396394
1861,0,1,0,12.369040,2.635083,0.565243,0.805563,0.685883,0.332794,0.983735,0.381699,18.914031
1862,1,1,1,10.830634,2.633741,0.565551,0.813083,0.691261,0.333735,0.981963,0.382997,17.390812
1863,0,1,0,13.762806,2.630843,0.559791,0.808160,0.682689,0.337243,0.986203,0.383385,20.306621
1864,1,1,1,13.596733,2.633981,0.567772,0.802086,0.691502,0.331883,0.982498,0.381527,20.146283
1865,1,1,1,13.296049,2.633550,0.561022,0.805089,0.684080,0.336449,0.994160,0.381969,19.851194
1866,1,1,1,10.657693,2.732714,0.567649,0.805649,0.687372,0.332670,0.986074,0.383501,17.311255
1867,1,1,1,10.712375,2.631735,0.580320,0.808505,0.818732,0.334418,0.982812,0.385594,17.415957
1868,1,1,1,9.546480,2.632431,0.563434,0.812068,0.690905,0.338018,0.986541,0.378037,16.104991
1869,1,1,1,10.630621,2.737311,0.567569,0.811686,0.692092,0.337588,0.984191,0.386012,17.300893
1870,1,1,1,13.583557,2.730375,0.571348,0.814135,0.685951,0.336418,0.984406,0.381988,20.249040
1871,1,1,1,11.723046,2.756413,0.566836,0.805231,0.685791,0.338849,0.996068,0.382062,18.413397
1872,1,1,1,11.730634,2.639108,0.568184,0.919108,0.692524,0.336936,0.981612,0.384271,18.409994
1873,1,1,1,11.219662,2.633624,0.566018,0.806886,0.690924,0.338714,0.987440,0.403508,17.803982
1874,1,1,1,10.804714,2.632979,0.574313,0.803680,0.694338,0.338215,0.986474,0.382554,17.374510
1875,1,1,1,11.157723,2.732246,0.567287,0.805754,0.688296,0.336326,0.984960,0.375975,17.804646
1876,1,1,1,13.531803,2.721710,0.569231,0.806702,0.688861,0.334523,0.985133,0.382086,20.177507
1877,1,1,1,10.719447,2.632628,0.689711,0.801686,0.693490,0.334886,0.979913,0.378978,17.385951
1878,1,1,1,11.519354,2.632818,0.566757,0.809600,0.817335,0.338776,0.985329,0.384665,18.217938
1879,1,1,1,13.475859,2.634074,0.571458,0.807724,0.832056,0.333335,0.999286,0.380486,20.195895
1880,1,1,1,13.540929,2.631797,0.567618,0.919963,0.704141,0.336892,0.996086,0.383341,20.241089
1881,0,1,1,13.514400,2.636037,0.565274,0.921175,0.697114,0.339003,0.993680,0.380936,20.201273
1882,1,1,1,11.297544,2.634283,0.569827,0.810806,0.693674,0.334517,0.999452,0.417059,17.916819
1883,1,1,1,13.483784,2.630185,0.569545,0.807360,0.687778,0.337206,0.996406,0.411674,20.083858
1884,1,1,1,11.746092,2.631471,0.571305,0.810831,0.690942,0.340770,0.986135,0.380400,18.315286
1885,1,1,1,13.720831,2.633791,0.567859,0.810474,0.691902,0.339465,0.994677,0.385526,20.299360
1886,1,1,1,10.745520,2.630086,0.568696,0.815372,0.687852,0.338553,0.982080,0.382216,17.311336
1887,1,1,1,13.288628,2.634511,0.563212,0.812369,0.693527,0.331059,0.980984,0.383354,19.843982
1888,1,1,1,10.723766,2.743323,0.568597,0.812351,0.683391,0.334093,0.981064,0.383748,17.388708
1889,1,1,1,11.157889,2.635317,0.563009,0.905778,0.697908,0.337373,0.983483,0.377637,17.818892
1890,1,1,1,13.514529,2.630424,0.564886,0.933643,0.694068,0.336720,0.985181,0.381526,20.203348
1891,1,1,1,11.670677,2.629102,0.566794,0.810714,0.688333,0.337336,0.987507,0.399151,18.248129
1892,0,1,0,13.311637,2.632240,0.563218,0.808437,0.690191,0.334573,0.991526,0.403661,19.896148
1893,1,1,1,13.278492,2.632049,0.566868,0.804647,0.689508,0.335446,0.990344,0.410818,19.868794
1894,1,1,1,10.647760,2.633261,0.566874,0.806025,0.686025,0.339176,0.997151,0.382357,17.215649
1895,1,1,1,11.828929,2.640849,0.561507,0.806701,0.689102,0.331342,0.982265,0.378960,18.374338
1896,1,1,1,13.613889,2.632653,0.564376,0.808104,0.684289,0.336652,0.983969,0.384437,20.167452
1897,1,1,1,13.555747,2.631409,0.564793,0.807926,0.688018,0.336234,0.980191,0.384794,20.104837
1898,0,1,0,13.930221,2.639280,0.565194,0.812627,0.685298,0.336141,0.986573,0.383403,20.492055
1899,1,1,1,10.723876,2.736788,0.572474,0.804991,0.688492,0.334948,0.981932,0.378148,17.379342
1900,1,1,1,13.525187,2.741833,0.573114,0.808148,0.692707,0.335225,0.984529,0.385650,20.205667
1901,1,1,1,11.142443,2.634425,0.565397,0.927089,0.699095,0.335834,0.996228,0.385293,17.843476
1902,0,1,0,13.569636,2.629729,0.669902,0.814850,0.695113,0.336745,0.983877,0.387231,20.248671
1903,1,1,1,10.675784,2.635484,0.569089,0.805532,0.691354,0.337157,0.994554,0.416302,17.283385
1904,1,1,1,10.643803,2.631668,0.571335,0.810104,0.694917,0.341255,0.983151,0.374412,17.209717
1905,1,1,1,10.746215,2.733231,0.567083,0.807926,0.687077,0.337040,0.996080,0.382184,17.414123
1906,0,1,0,14.007784,2.755650,0.570683,0.808794,0.691513,0.337034,0.986117,0.380850,20.700277
1907,1,1,1,13.660173,2.636683,0.561889,0.810240,0.688695,0.335231,0.983022,0.381267,20.216056
1908,1,1,1,11.732154,2.737945,0.571003,0.812647,0.693249,0.339779,0.982769,0.379569,18.405520
1909,1,1,1,11.228086,2.630080,0.562117,0.942388,0.690597,0.336572,0.997077,0.378129,17.923280
1910,1,1,1,12.498745,2.631120,0.570301,0.810979,0.810203,0.337969,0.981957,0.380461,19.180129
1911,1,1,1,12.932338,2.630160,0.559945,0.808911,0.808929,0.337065,0.980861,0.378548,19.591557
1912,1,1,1,13.468874,2.633988,0.567471,0.813742,0.818652,0.335021,0.984037,0.384511,20.165649
1913,1,1,1,11.699791,2.635145,0.557569,0.805483,0.696000,0.337982,0.985852,0.398510,18.270923
1914,1,1,1,11.313797,2.631176,0.567550,0.808068,0.693821,0.338387,0.986056,0.375200,17.868369
1915,1,1,1,11.456055,2.636221,0.560019,0.808412,0.687982,0.336696,0.995053,0.381280,18.018037
1916,1,1,1,10.711452,2.741612,0.570670,0.811705,0.688191,0.335730,0.987988,0.380603,17.386178
1917,1,1,1,11.070763,2.636751,0.566658,0.804468,0.809637,0.337920,0.981766,0.381163,17.750486
1918,1,1,1,10.716813,2.637064,0.567471,0.811969,0.692400,0.337662,0.984019,0.384425,17.289243
1919,1,1,1,10.907323,2.633502,0.558148,0.806277,0.687028,0.332707,0.994074,0.381335,17.455711
1920,1,1,1,13.627151,2.636271,0.566670,0.810431,0.693176,0.338529,0.980277,0.384653,20.189514
1921,0,1,0,13.652953,2.633692,0.563889,0.811016,0.686947,0.336283,0.993704,0.380393,20.211760
1922,1,1,1,10.802548,2.757735,0.572930,0.812788,0.684431,0.338019,0.983250,0.377139,17.487452
1923,1,1,1,13.444246,2.938227,0.566979,0.807108,0.690781,0.336579,0.985139,0.376936,20.302947
1924,1,1,1,13.686524,2.730037,0.567846,0.811452,0.694339,0.336781,0.982942,0.376997,20.347305
1925,1,1,1,10.623379,2.626702,0.566215,0.943225,0.690541,0.336024,0.996289,0.381539,17.320369
1926,0,1,0,13.677070,2.633250,0.660830,0.817871,0.686018,0.335495,0.979889,0.384154,20.336031
1927,1,1,1,13.525261,2.634259,0.668597,0.804954,0.691133,0.335662,0.984874,0.383188,20.184695
1928,1,1,1,10.828948,2.630690,0.570905,0.811871,0.686092,0.337348,0.994542,0.405274,17.425274
1929,1,1,1,12.370917,2.630381,0.563736,0.808775,0.692886,0.333557,0.983415,0.492665,19.033052
1930,1,1,0,13.695089,2.634769,0.569858,0.813526,0.689692,0.337187,0.988154,0.404504,20.294117
1931,1,1,0,12.665132,2.631944,0.558936,0.804099,0.689766,0.333415,0.985243,0.495052,19.325046
1932,1,1,1,11.278560,2.635588,0.563095,0.805237,0.692590,0.334584,0.984670,0.380135,17.830849
1933,1,1,1,12.446738,2.637779,0.567914,0.809828,0.687034,0.339723,0.982110,0.382880,19.010868
1934,1,1,1,11.702560,2.737090,0.565520,0.809157,0.694831,0.334160,0.980917,0.378609,18.359840
1935,1,1,1,11.264701,2.639489,0.671779,0.814615,0.695557,0.337815,0.983526,0.373674,17.939736
1936,1,1,1,12.447249,2.630129,0.565501,0.920068,0.702702,0.338942,0.983625,0.381292,19.128936
1937,1,1,1,11.805606,2.634504,0.565385,0.813255,0.687353,0.336185,0.982474,0.419064,18.402597
1938,1,1,1,10.763336,2.630233,0.566179,0.807458,0.690092,0.334904,0.985003,0.378524,17.312726
1939,1,1,1,11.739065,2.632326,0.565323,0.813570,0.686529,0.337200,0.983261,0.377194,18.291686
1940,1,1,1,10.657003,2.752271,0.562880,0.810135,0.693434,0.336338,0.983003,0.381009,17.334296
1941,1,1,1,9.383533,2.630086,0.564733,0.802135,0.699261,0.336387,1.112707,0.407483,16.095384
1942,1,1,0,13.810634,2.627852,0.563704,0.811840,0.688203,0.335705,0.987428,0.401440,20.384813
1943,1,1,0,13.651385,2.637193,0.561077,0.804880,0.692935,0.333809,0.980381,0.403157,20.223545
1944,1,1,1,11.697507,2.631354,0.568160,0.803243,0.695015,0.341336,0.995545,0.377631,18.268603
1945,1,1,1,10.824744,2.629809,0.566615,0.804665,0.690031,0.333286,0.982376,0.383711,17.373606
1946,1,1,1,11.724973,2.733575,0.572474,0.808776,0.693194,0.334757,0.985686,0.381311,18.394265
1947,1,1,1,13.559034,2.729385,0.570055,0.804683,0.683403,0.339446,0.982923,0.379735,20.209508
1948,1,1,1,13.354886,2.744714,0.570357,0.810535,0.687766,0.336166,0.981699,0.383686,20.033366
1949,1,1,1,13.465742,2.734702,0.561932,0.805403,0.691194,0.334745,0.993446,0.383754,20.131951
1950,1,1,1,10.665249,2.632652,0.658104,0.821926,0.700597,0.337981,0.980898,0.380671,17.343772
1951,1,1,1,13.623348,2.637711,0.676203,0.805077,0.696068,0.333637,0.995902,0.384080,20.311027
1952,1,1,1,13.557501,2.730111,0.573581,0.805495,0.688289,0.334369,0.983668,0.381884,20.214517
1953,1,1,1,10.649476,2.635551,0.566086,0.804467,0.689852,0.440837,0.994517,0.405397,17.345095
1954,1,1,1,11.543533,2.627040,0.560830,0.809219,0.694012,0.338203,0.983533,0.378480,18.092806
1955,1,1,1,10.736295,2.633366,0.560296,0.806813,0.688474,0.338375,0.993484,0.380344,17.295317
1956,1,1,1,11.465563,2.730505,0.568123,0.817230,0.686233,0.338554,0.982209,0.375932,18.122769
1957,1,1,1,10.698831,2.630997,0.565360,0.928504,0.695741,0.336111,0.983415,0.377741,17.377527
1958,1,1,1,9.424579,2.633299,0.559324,0.804868,0.690640,0.338320,0.985329,0.379686,15.971286
1959,1,1,1,11.137434,2.769286,0.569095,0.803324,0.687927,0.334911,0.993650,0.379170,17.830320
1960,1,1,1,13.615908,2.634191,0.570246,0.804173,0.688505,0.338948,0.983698,0.381717,20.174910
1961,1,1,1,11.707440,2.734486,0.563224,0.807877,0.690098,0.337724,0.982227,0.377231,18.356388
1962,1,1,1,11.589538,2.632301,0.694893,0.815028,0.693526,0.330487,0.985323,0.378750,18.285803
1963,1,1,1,10.642947,2.630480,0.563064,0.811243,0.693501,0.336480,0.986381,0.416640,17.237883
1964,0,1,0,13.580572,2.630099,0.566843,0.806314,0.695533,0.337662,0.996597,0.411631,20.184978
1965,1,1,1,10.604246,2.632185,0.563403,0.808893,0.689293,0.334160,0.983993,0.382813,17.156030
1966,0,1,0,12.432689,2.632480,0.561766,0.813046,0.692185,0.336603,0.982283,0.381083,18.991975
1967,1,1,1,11.289250,2.756437,0.567342,0.807994,0.688019,0.335354,0.982462,0.381662,17.968966
1968,1,1,1,11.498382,2.629778,0.663926,0.816905,0.695477,0.329846,0.982831,0.380468,18.152862
1969,1,1,1,10.752253,2.630757,0.561563,0.813563,0.690327,0.333225,0.981495,0.406381,17.331033
1970,1,1,1,13.754462,2.629218,0.570240,0.814289,0.689791,0.453293,0.991280,0.393403,20.454763
1971,1,1,0,12.013748,2.635385,0.562018,0.801434,0.697268,0.331723,0.979360,0.478418,18.657249
1972,1,1,1,13.328676,2.631342,0.566449,0.809545,0.692320,0.339397,0.985496,0.480326,19.993747
1973,1,1,1,10.654936,2.634486,0.557114,0.803804,0.691619,0.335858,0.984277,0.381649,17.200560
1974,1,1,1,13.675840,2.634191,0.569858,0.810967,0.687612,0.336467,0.987132,0.384535,20.244997
1975,0,1,0,14.007378,2.630542,0.559513,0.805378,0.688979,0.334990,0.996141,0.374917,20.553588
1976,1,1,1,12.884037,2.628375,0.570370,0.807274,0.687095,0.338123,0.984862,0.384788,19.442345
1977,1,1,1,10.597914,2.728418,0.564966,0.806197,0.689600,0.337987,0.982173,0.379630,17.244277
1978,1,1,1,13.431907,2.726910,0.570615,0.809840,0.686314,0.333113,0.983920,0.382111,20.084197
1979,1,1,1,10.989354,2.639144,0.561975,0.920770,0.695932,0.336720,0.996935,0.381643,17.682332
1980,1,1,1,11.509366,2.632031,0.566855,0.808542,0.691914,0.452911,0.990178,0.402498,18.213655
1981,1,1,1,11.147791,2.629163,0.560492,0.808566,0.691373,0.333385,0.981071,0.381188,17.687581
1982,1,1,1,11.374572,2.632074,0.567705,0.815477,0.687717,0.333791,0.980136,0.377212,17.930148
1983,1,1,1,10.619612,2.754215,0.566130,0.806560,0.688744,0.334621,0.979785,0.377064,17.281858
1984,1,1,1,13.557920,2.729508,0.569010,0.806855,0.686295,0.335698,0.992713,0.380873,20.216289
1985,0,1,0,14.249280,2.730880,0.568314,0.808437,0.691742,0.331828,0.996929,0.383668,20.919698
1986,1,1,1,13.506080,2.751341,0.570658,0.808505,0.690067,0.334043,0.985827,0.383735,20.187581
1987,0,1,0,13.634111,2.736843,0.568659,0.811871,0.689348,0.340825,0.987157,0.379883,20.306849
1988,1,1,1,11.658530,2.734314,0.566025,0.807526,0.688320,0.337920,0.981901,0.379231,18.311613
1989,1,1,1,11.203945,2.633052,0.562948,0.938868,0.691010,0.338006,0.996492,0.384339,17.905464
1990,1,1,1,10.723920,2.634911,0.566092,0.805791,0.691305,0.338622,0.994910,0.482505,17.394584
1991,1,1,1,11.656973,2.629311,0.563409,0.811139,0.686695,0.336880,0.992948,0.384400,18.219563
1992,1,1,1,10.653409,2.738670,0.572966,0.812209,0.685742,0.334849,0.994375,0.373354,17.324387
1993,1,1,1,10.633736,2.632683,0.639175,0.843563,0.693317,0.331926,0.995366,0.381821,17.312394
1994,1,1,1,13.506923,2.631021,0.673920,0.814973,0.692474,0.334327,0.986770,0.382437,20.181212
1995,0,1,0,13.747126,2.720191,0.565317,0.809600,0.688646,0.336640,0.995342,0.381157,20.404049
1996,1,1,1,13.498289,2.755059,0.571286,0.814665,0.685188,0.330597,0.990818,0.380351,20.184548
1997,1,1,1,11.708474,2.632450,0.562898,0.916043,0.700351,0.336240,0.979188,0.384665,18.381840
1998,1,1,1,13.548646,2.630147,0.569767,0.934012,0.697323,0.330530,0.996499,0.383422,20.250776
1999,1,1,1,13.482093,2.631741,0.571736,0.929059,0.692123,0.336960,0.986111,0.381588,20.170185
2000,1,1,1,10.668702,2.629175,0.567944,0.811064,0.686505,0.338800,0.982480,0.416068,17.264043
2001,1,1,1,11.877022,2.631693,0.565853,0.805372,0.689624,0.338166,0.983323,0.381951,18.427785
2002,0,1,0,14.132517,2.630153,0.570893,0.804504,0.687803,0.336769,1.009637,0.417637,20.750370
2003,1,1,1,10.716695,2.632154,0.559643,0.801022,0.687637,0.339619,0.996480,0.385280,17.275699
2004,1,1,1,13.623040,2.631693,0.565692,0.810856,0.692689,0.337981,0.982110,0.374172,20.177145
2005,1,1,1,13.611108,2.634819,0.569871,0.809489,0.692782,0.337791,0.984695,0.379569,20.174382
2006,1,1,1,10.827747,2.741188,0.571760,0.807059,0.690567,0.338105,0.983316,0.382467,17.502504
2007,1,1,1,12.064720,2.728806,0.568246,0.810295,0.688800,0.337157,0.984966,0.373815,18.713329
2008,1,1,1,11.711193,2.628941,0.567588,0.950295,0.690018,0.338388,0.980105,0.382609,18.408265
2009,0,1,0,13.695606,2.633298,0.659367,0.809557,0.688807,0.337748,0.986105,0.381015,20.351760
2010,1,1,1,13.519390,2.633378,0.669502,0.811576,0.691341,0.332425,0.996234,0.380572,20.195034
2011,1,1,1,12.755563,2.630344,0.568455,0.940339,0.693360,0.334142,0.983637,0.380055,19.444707
2012,1,1,1,11.716388,2.635539,0.571274,0.812499,0.691650,0.439624,0.984535,0.387021,18.395360
2013,1,1,1,13.245064,2.670720,0.562843,0.796904,0.690031,0.413102,0.981496,0.385016,19.905440
2014,0,1,0,13.733588,2.628449,0.569329,0.809391,0.847440,0.335175,0.982707,0.382597,20.449846
2015,1,1,1,10.591366,2.636455,0.564050,0.802849,0.690732,0.336689,0.996018,0.380271,17.155096
2016,1,1,1,12.991994,2.627206,0.570541,0.815403,0.688074,0.332948,0.980708,0.381181,19.545064
2017,1,1,1,10.718794,2.748092,0.567495,0.812936,0.686074,0.337354,0.980498,0.383471,17.394111
2018,1,1,1,11.765624,2.734308,0.574461,0.808517,0.692412,0.335305,0.996504,0.380043,18.446172
2019,1,1,1,13.501169,2.733046,0.565606,0.806332,0.693200,0.335994,0.983065,0.385354,20.159366
2020,1,1,1,10.785126,2.631852,0.571022,0.912142,0.695938,0.335145,0.988493,0.383268,17.462012
2021,1,1,1,9.308665,2.634136,0.564105,0.805046,0.690763,0.330850,0.985317,0.384326,15.858080
2022,1,1,1,10.711489,2.734314,0.566363,0.807791,0.692400,0.334160,0.980850,0.381705,17.369372
2023,1,1,1,13.323416,2.726634,0.565576,0.812462,0.684769,0.336259,0.982455,0.379717,19.971797
2024,1,1,1,13.571446,2.760978,0.562867,0.806148,0.687237,0.331606,0.985846,0.378135,20.241070
2025,1,1,1,10.756259,2.751181,0.563015,0.804111,0.693200,0.334979,0.994025,0.381040,17.438068
2026,1,1,1,10.709840,2.630603,0.566794,0.817095,0.691231,0.428308,1.001729,0.413766,17.424394
2027,1,1,1,11.178215,2.639188,0.565902,0.807071,0.688142,0.337403,0.984782,0.384966,17.740738
2028,1,1,1,10.893452,2.634277,0.566670,0.806209,0.691410,0.336135,0.996966,0.384633,17.468258
2029,1,1,1,12.875637,2.724732,0.566006,0.811926,0.690019,0.335785,0.987028,0.383194,19.532197
2030,1,1,0,13.732935,2.631379,0.569569,0.808456,0.690781,0.337059,0.981268,0.379655,20.287040
2031,1,1,1,10.646634,2.732018,0.569575,0.814615,0.694751,0.335231,0.983526,0.379957,17.311231
2032,1,1,1,13.542861,2.728701,0.574068,0.814222,0.690578,0.336726,0.981563,0.377508,20.205372
2033,0,1,1,13.501951,2.746763,0.565157,0.804695,0.690252,0.334381,0.984973,0.383502,20.169354
2034,1,1,1,10.955342,2.629963,0.563729,0.810167,0.799273,0.334314,0.992658,0.377520,17.622941
2035,1,1,1,12.806425,2.633071,0.569262,0.801704,0.784123,0.337415,0.983963,0.384560,19.459809
2036,1,1,1,13.480738,2.632585,0.567385,0.806579,0.800356,0.333403,0.980468,0.380708,20.141323
2037,1,1,1,13.626517,2.629871,0.562197,0.806092,0.796929,0.331538,0.981631,0.386504,20.284197
2038,1,1,1,10.774670,2.633384,0.563027,0.814751,0.691077,0.334548,0.984313,0.376960,17.329532
2039,1,1,0,13.622381,2.630615,0.561465,0.805292,0.686376,0.337163,0.982905,0.473778,20.255637
2040,1,1,1,10.706849,2.633329,0.570738,0.810074,0.687742,0.334684,0.981446,0.383889,17.265790
2041,1,1,1,13.351470,2.638738,0.565532,0.805840,0.690516,0.337896,0.982252,0.381692,19.907846
2042,1,1,1,10.981120,2.733028,0.569403,0.807982,0.695163,0.338794,0.991532,0.381822,17.657600
2043,1,1,1,13.313569,2.754345,0.567323,0.809354,0.690431,0.335717,0.979624,0.380972,19.987945
2044,1,1,1,13.554418,2.726690,0.570473,0.811625,0.686505,0.329169,0.981070,0.385089,20.204892
2045,1,1,1,10.823686,2.662627,0.558264,0.913754,0.695662,0.327828,0.982493,0.378375,17.502910
2046,1,1,1,10.677655,2.634253,0.566486,0.803748,0.691741,0.335206,1.107846,0.432264,17.411470
2047,0,1,1,13.567262,2.637538,0.562369,0.810750,0.685446,0.336898,0.984856,0.417015,20.159593
2048,1,1,1,10.631422,2.633760,0.564068,0.810584,0.685293,0.342307,0.985994,0.380492,17.190203
2049,0,1,0,13.607169,2.631606,0.569071,0.804793,0.688935,0.337133,0.981797,0.383594,20.163790
2050,1,1,1,13.620585,2.631218,0.564782,0.809951,0.686443,0.341292,0.981951,0.379705,20.174916
2051,1,1,1,10.648812,2.739145,0.563711,0.797471,0.693711,0.337157,0.981120,0.376898,17.296917
2052,1,1,1,10.699200,2.628954,0.570184,0.920031,0.688572,0.330806,0.994677,0.380732,17.377064
2053,0,1,0,13.272116,2.631637,0.560326,0.914413,0.695292,0.336203,0.981495,0.381169,19.927550
2054,1,1,1,10.823766,2.637293,0.565950,0.810708,0.691261,0.336843,0.996880,0.400880,17.428197
2055,1,1,0,13.433434,2.632277,0.565255,0.810179,0.687446,0.333662,0.983797,0.396455,19.999526
2056,1,1,1,11.850689,2.634098,0.568554,0.808043,0.685187,0.333539,0.989957,0.375563,18.404917
2057,1,1,1,10.757397,2.645028,0.568332,0.809373,0.689028,0.333741,0.979957,0.384221,17.320382
2058,1,1,1,10.688092,2.723760,0.570683,0.807354,0.693570,0.337170,0.994425,0.380929,17.354911
2059,1,1,1,10.605939,2.634326,0.567729,0.816757,0.687864,0.429342,0.995896,0.410935,17.308474
2060,1,1,1,10.695816,2.631187,0.572738,0.804499,0.692240,0.334062,0.984819,0.383496,17.254690
2061,1,1,1,13.366123,2.630068,0.565317,0.804615,0.684966,0.334025,0.983126,0.382320,19.907723
2062,0,1,0,13.643692,2.631920,0.565126,0.813083,0.686707,0.339464,0.985379,0.382474,20.204646
2063,0,1,0,13.580985,2.632627,0.565674,0.813114,0.686517,0.336560,0.982806,0.382123,20.139064
2064,1,1,1,10.907920,2.638997,0.564683,0.807237,0.686370,0.335175,0.996812,0.379299,17.472388
2065,1,1,1,11.409557,2.745698,0.566124,0.802868,0.696548,0.331797,0.989292,0.381360,18.079046
2066,1,1,1,13.572332,2.723957,0.566105,0.813557,0.688843,0.336407,0.982474,0.381231,20.224283
2067,1,1,1,13.059052,2.727699,0.565723,0.801606,0.687822,0.336160,0.995717,0.380806,19.713151
2068,1,1,1,11.669268,2.632708,0.659299,0.830129,0.695150,0.336609,0.996745,0.381415,18.361084
2069,1,1,1,11.906905,2.637735,0.559274,0.804210,0.800240,0.332695,0.983015,0.381686,18.566166
2070,1,1,1,10.702271,2.628658,0.567243,0.814338,0.689914,0.335680,0.993957,0.380584,17.271421
2071,1,1,1,13.556252,2.639871,0.561907,0.807163,0.684775,0.339157,0.980357,0.379212,20.104049
2072,1,1,1,10.924246,2.636554,0.566806,0.812781,0.685582,0.334542,0.982049,0.385643,17.482966
2073,1,1,1,10.721871,2.730886,0.568830,0.807662,0.690579,0.335077,0.997650,0.383120,17.395427
2074,1,1,1,13.593465,2.740320,0.568966,0.814763,0.690154,0.332234,0.986794,0.383508,20.268542
2075,1,1,1,10.741538,2.635021,0.563095,0.807939,0.848948,0.335834,0.997102,0.385465,17.479704
2076,1,1,1,10.795741,2.628173,0.566548,0.809354,0.689212,0.339224,0.981015,0.383046,17.351704
2077,1,1,1,10.816757,2.631932,0.566781,0.814671,0.687299,0.341021,0.995089,0.382204,17.393507
2078,1,1,1,11.975944,2.732745,0.570997,0.811766,0.688830,0.335163,0.981834,0.382221,18.639231
2079,1,1,1,13.330972,2.732283,0.571372,0.809138,0.686763,0.333576,0.982259,0.379310,19.981821
2080,1,1,1,10.805360,2.634400,0.660160,0.817889,0.692160,0.338307,0.994566,0.382203,17.483791
2081,1,1,1,13.300923,2.633483,0.677662,0.811982,0.697643,0.333766,0.982394,0.379569,19.978751
2082,1,1,0,13.706179,2.726418,0.570511,0.813846,0.689150,0.334807,0.997354,0.382812,20.380142
2083,1,1,1,11.718604,2.631028,0.561145,0.814093,0.709249,0.339569,0.986935,0.383471,18.391889
2084,0,1,0,13.767083,2.629588,0.567810,0.920720,0.692905,0.334271,0.994462,0.376529,20.441225
2085,1,1,1,11.408265,2.633593,0.562234,0.797944,0.690284,0.331581,0.990074,0.404720,17.976591
2086,1,1,1,10.760074,2.631256,0.569957,0.805797,0.684560,0.332302,0.982671,0.382259,17.306308
2087,1,1,1,10.728116,2.750800,0.566283,0.807556,0.692154,0.334591,0.979797,0.385304,17.401384
2088,1,1,1,10.840111,2.630486,0.695330,0.817969,0.694886,0.335286,0.981434,0.381970,17.538135
2089,1,1,1,9.305261,2.634622,0.565409,0.806763,0.698357,0.337187,0.984012,0.382917,15.868418
2090,1,1,1,11.788904,2.628536,0.573539,0.814615,0.696455,0.335299,0.996141,0.382935,18.373280
2091,1,1,0,13.676775,2.631723,0.564006,0.814302,0.692850,0.342074,0.986332,0.381416,20.246209
2092,1,1,0,12.813914,2.634387,0.572265,0.812904,0.691084,0.337342,0.988850,0.378529,19.387877
2093,1,1,1,10.710874,2.740419,0.565501,0.805428,0.691114,0.339489,0.983520,0.378406,17.368948
2094,0,1,0,13.497169,2.733261,0.568701,0.811507,0.689502,0.335625,0.983883,0.383452,20.162461
2095,1,1,1,11.165883,2.639317,0.566788,0.921058,0.701360,0.337637,0.981748,0.382123,17.856726
2096,1,1,1,11.338572,2.631471,0.563151,0.814892,0.687741,0.333403,0.980917,0.400339,17.909206
2097,1,1,1,10.675095,2.632104,0.566560,0.803667,0.687822,0.334117,0.995360,0.378837,17.230173
2098,1,1,1,13.639914,2.632659,0.563587,0.810098,0.686769,0.334597,0.982659,0.379089,20.188234
2099,1,1,1,13.652807,2.634923,0.561299,0.808892,0.688634,0.334683,0.996640,0.381508,20.216843
2100,1,1,1,13.494400,2.630653,0.564978,0.808092,0.691274,0.335766,0.986824,0.379569,20.048628
2101,1,1,1,10.832985,2.652929,0.565385,0.807982,0.691773,0.333194,0.983212,0.378431,17.407988
2102,1,1,1,9.424708,2.633791,0.569059,0.959028,0.709889,0.337089,0.997163,0.382905,16.174111
2103,0,1,0,13.618326,2.632529,0.566191,0.927470,0.697496,0.334701,0.980615,0.385822,20.300744
2104,1,1,1,13.494732,2.628566,0.700173,0.821021,0.691409,0.332271,0.993649,0.383034,20.206412
2105,1,1,1,10.754486,2.636893,0.566492,0.806012,0.693434,0.336357,0.981293,0.415213,17.347280
2106,0,1,0,13.735120,2.633963,0.564566,0.817588,0.688080,0.335347,1.080247,0.407434,20.421797
2107,1,1,1,13.653982,2.630806,0.562856,0.811151,0.689809,0.356591,0.998394,0.385169,20.348806
2108,1,1,1,13.523711,2.627810,0.566775,0.812049,0.811748,0.337182,0.996591,0.387593,20.222530
2109,1,1,1,9.336621,2.631268,0.562135,0.804812,0.691736,0.338203,0.981889,0.386874,15.888136
2110,1,1,1,13.661815,2.633698,0.566868,0.811212,0.693009,0.338775,0.983600,0.376486,20.220898
2111,1,1,1,10.720166,2.736972,0.564923,0.804203,0.690788,0.332437,0.983483,0.378511,17.370929
2112,1,1,1,13.353883,2.728985,0.571446,0.815280,0.692640,0.337353,0.980031,0.379772,20.016880
2113,1,1,1,11.948369,2.744812,0.570006,0.809674,0.688129,0.336640,0.996295,0.380296,18.630696
2114,1,1,0,12.733446,2.724203,0.573391,0.810376,0.690406,0.336160,0.982788,0.385896,19.393987
2115,1,1,1,13.476554,2.729224,0.567354,0.804874,0.691544,0.335557,0.985711,0.378062,20.125539
2116,1,1,1,13.545711,2.746000,0.563766,0.810763,0.689310,0.336683,0.986339,0.385280,20.223957
2117,1,1,1,13.444129,2.735508,0.567114,0.806061,0.691624,0.334665,0.985323,0.379311,20.100714
2118,1,1,1,10.638351,2.632240,0.570357,0.810456,0.812092,0.337933,0.983520,0.383397,17.325157
2119,1,1,1,10.656062,2.633969,0.568695,0.800622,0.695932,0.337379,0.987410,0.375471,17.210560
2120,1,1,1,11.832664,2.638585,0.571471,0.806517,0.686505,0.338166,0.981440,0.380529,18.393206
2121,1,1,1,13.323415,2.631316,0.562135,0.808400,0.690375,0.338092,0.981649,0.378191,19.867354
2122,1,1,1,11.663101,2.739003,0.573416,0.810813,0.686591,0.336720,0.983637,0.383859,18.338246
2123,0,1,1,11.507809,2.751391,0.566807,0.804430,0.690117,0.332886,0.983594,0.377335,18.168775
2124,1,1,1,11.561526,2.629132,0.571655,0.921551,0.703932,0.336664,0.980917,0.381987,18.248720
2125,1,1,1,10.310290,2.629021,0.558782,0.810713,0.690209,0.338246,0.996326,0.379261,16.868228
2126,1,1,1,12.485058,2.632037,0.566228,0.809096,0.690258,0.338418,0.979864,0.381089,19.036942
2127,1,1,1,9.341471,2.744061,0.565693,0.805987,0.689378,0.335489,0.984369,0.382591,16.007280
2128,1,1,1,9.417151,2.637286,0.567366,0.804123,0.696510,0.339040,0.986450,0.406960,16.013920
2129,1,1,1,10.639680,2.635575,0.562892,0.809495,0.695206,0.337643,0.981735,0.378917,17.198154
2130,1,1,1,13.446726,2.635902,0.566277,0.807766,0.693329,0.331274,0.979348,0.379040,19.996850
2131,1,1,1,11.140684,2.731840,0.573637,0.807938,0.688535,0.335982,0.978756,0.378431,17.790443
2132,1,1,1,11.278462,2.733803,0.573730,0.811360,0.693545,0.336560,0.984904,0.379705,17.950972
2133,1,1,1,11.344252,2.637507,0.566985,0.807908,0.827593,0.334899,0.985600,0.380979,18.046049
2134,1,1,1,11.185896,2.634345,0.565108,0.808504,0.693625,0.333539,0.982369,0.462523,17.834751
2135,1,1,1,13.528738,2.635748,0.559496,0.808148,0.693040,0.337065,0.995804,0.491175,20.208320
2136,1,1,1,13.472652,2.631169,0.569926,0.812351,0.692425,0.334314,1.021797,0.418947,20.113422
2137,1,1,1,13.467230,2.628480,0.561582,0.809957,0.682683,0.339231,0.993988,0.412905,20.051594
2138,1,1,1,10.608339,2.634191,0.571151,0.814554,0.692166,0.335378,0.984074,0.379797,17.177508
2139,1,1,1,10.590265,2.734942,0.563065,0.804443,0.687834,0.331071,0.985244,0.378136,17.231471
2140,1,1,1,10.793939,2.639760,0.562006,0.927108,0.698493,0.339224,0.995901,0.378732,17.493409
2141,1,1,1,13.518769,2.631034,0.566646,0.908320,0.698597,0.339797,0.994702,0.377138,20.191994
2142,1,1,1,11.952745,2.635920,0.565114,0.805840,0.689754,0.425440,0.981409,0.392757,18.604893
2143,1,1,1,12.437785,2.631366,0.554074,0.809680,0.695501,0.332222,0.997317,0.400873,19.015717
2144,1,1,1,13.473471,2.628584,0.570997,0.801834,0.691982,0.334265,0.982726,0.397785,20.040068
2145,1,1,0,10.884831,2.636640,0.560560,0.799797,0.687034,0.334671,0.980818,0.384788,17.424750
2146,1,1,1,10.657883,2.762621,0.571613,0.814006,0.687815,0.336313,0.988782,0.383575,17.358413
2147,1,1,1,12.292757,2.735139,0.565950,0.807582,0.691643,0.336363,0.986659,0.379668,18.951077
2148,1,1,1,10.810597,2.634246,0.571970,0.811643,0.816849,0.340209,0.982228,0.388099,17.514388
2149,1,1,1,10.693385,2.633895,0.564898,0.806012,0.692129,0.337507,0.981674,0.381741,17.245778
2150,1,1,1,12.681090,2.756277,0.652825,1.233101,0.835477,0.367846,0.990511,0.628061,20.343957
2151,1,1,1,12.652345,2.874856,0.617939,0.881286,0.895292,0.418505,1.019686,0.617459,20.195969
2152,0,1,0,14.717668,2.686707,0.566486,0.813224,0.811532,0.345557,0.989145,0.405372,21.514603
2153,1,1,1,13.684326,2.650067,0.577877,0.812099,0.844382,0.344781,0.988788,0.504640,20.580738
2154,1,1,1,11.247926,2.652216,0.573643,0.818702,0.704511,0.342991,0.990357,0.486886,17.986351
2155,1,1,1,11.767975,2.853945,0.678025,0.986099,0.883969,0.449692,1.003077,0.666972,19.483446
2156,1,1,1,12.399391,2.788394,0.688677,0.965729,0.809822,0.391268,1.001446,0.572437,19.805846
2157,1,1,1,11.393015,2.645273,0.571489,0.809699,0.698351,0.344572,0.997157,0.395052,18.019126
2158,1,1,1,10.850190,2.757699,0.593994,0.822985,0.712739,0.372498,1.008424,0.520726,17.811993
2159,0,1,1,12.347705,4.442696,0.681095,1.015219,0.939114,0.419815,1.013089,0.573489,21.640382
2160,1,1,1,15.138714,2.850080,0.698258,0.927416,0.859453,0.426972,1.094843,0.540037,22.766738
2161,0,1,0,15.472450,2.906763,0.673870,1.091156,0.919009,0.387483,1.014966,0.595415,23.269655
2162,1,1,1,15.272376,2.743710,0.562997,0.803342,0.683853,0.328271,0.981169,0.380591,21.920788
2163,1,1,1,10.689028,2.633040,0.659095,0.839766,0.703717,0.339218,0.996738,0.377576,17.401858
2164,1,1,0,13.695926,2.630628,0.751501,0.814043,0.697391,0.336505,0.984923,0.381970,20.454185
2165,0,1,0,13.752671,2.728671,0.564818,0.802154,0.690172,0.335619,0.981840,0.385877,20.400874
2166,1,1,1,13.575243,2.741053,0.563606,0.804652,0.686646,0.329981,0.983877,0.381827,20.227550
2167,1,1,1,10.621613,2.632363,0.564111,0.809255,0.828413,0.340548,0.980295,0.387028,17.322425
2168,1,1,1,12.732794,2.637926,0.568696,0.806147,0.686880,0.459151,0.998708,0.404653,19.455243
2169,1,1,1,13.516615,2.630554,0.565889,0.807391,0.693132,0.345422,0.983544,0.385483,20.184732
2170,1,1,1,11.902351,2.633169,0.571427,0.807267,0.695108,0.333083,1.075323,0.424117,18.601151
2171,1,1,1,11.474104,2.638111,0.560640,0.806855,0.688622,0.338640,0.997126,0.376733,18.034707
2172,1,1,1,11.778456,2.633218,0.571587,0.808179,0.687693,0.335723,0.979213,0.385852,18.340320
2173,1,1,1,10.758406,2.733280,0.576867,0.801206,0.687920,0.335834,0.990665,0.378013,17.418984
2174,0,1,0,10.888917,2.634542,0.561588,0.811366,0.817545,0.339526,0.996689,0.382024,17.591501
2175,1,1,1,10.648179,2.633908,0.562984,0.802831,0.687938,0.335908,0.981526,0.381225,17.189071
2176,0,1,0,13.843317,2.631693,0.570061,0.809834,0.688412,0.337243,0.993409,0.380406,20.414117
2177,0,1,0,13.737532,2.633452,0.563206,0.810413,0.690468,0.341366,1.064185,0.399065,20.400166
2178,0,1,0,11.792430,2.635016,0.566782,0.812369,0.685649,0.335939,0.981717,0.381427,18.351907
2179,1,1,1,10.674339,2.743913,0.567144,0.807034,0.687010,0.333458,0.981736,0.380148,17.332757
2180,1,1,1,10.774129,2.629280,0.698628,0.809366,0.692013,0.335711,0.982467,0.379994,17.462203
2181,1,1,1,10.633754,2.631822,0.561662,0.811926,0.692880,0.337933,0.989846,0.415145,17.233176
2182,1,1,1,10.369483,2.635452,0.567378,0.813797,0.689033,0.337981,0.986529,0.380609,16.939748
2183,1,1,1,10.776609,2.739089,0.570603,0.805225,0.690844,0.334369,0.984246,0.386763,17.446646
2184,1,1,1,13.506677,2.729551,0.577692,0.803655,0.692603,0.335969,0.996037,0.380665,20.178708
2185,0,1,0,13.556135,2.754295,0.569729,0.806067,0.691144,0.338770,0.981090,0.384695,20.238234
2186,1,1,1,12.709939,2.743539,0.569680,0.810449,0.691274,0.333280,0.994769,0.380116,19.390868
2187,1,1,1,13.559637,2.740480,0.566000,0.801945,0.690690,0.329730,0.982111,0.378905,20.206480
2188,1,1,1,9.574025,2.632947,0.572031,0.809871,0.833698,0.339305,0.985040,0.378055,16.282289
2189,1,1,1,10.700862,2.639581,0.564554,0.806947,0.687427,0.335797,0.982831,0.383372,17.256763
2190,1,1,1,11.815507,2.630590,0.564984,0.806819,0.698221,0.339034,0.994487,0.378363,18.384782
2191,1,1,1,10.589569,2.727890,0.562178,0.808227,0.687502,0.330997,0.986111,0.381077,17.232018
2192,1,1,1,11.302418,2.639366,0.563871,0.937188,0.701600,0.336295,0.980585,0.387796,18.011815
2193,1,1,1,10.646425,2.632984,0.566203,0.806400,0.692867,0.334130,0.984376,0.410861,17.232861
2194,1,1,1,13.489791,2.632794,0.572554,0.810092,0.693446,0.337336,0.983354,0.414221,20.093200
2195,1,1,1,10.704068,2.632739,0.563477,0.802597,0.689594,0.336670,0.995988,0.384978,17.265643
2196,0,1,0,13.528935,2.633822,0.568227,0.807342,0.691674,0.337889,0.981514,0.376037,20.084332
2197,1,1,1,13.578603,2.631188,0.564394,0.813095,0.687680,0.335717,0.994665,0.377686,20.140129
2198,1,1,1,12.851095,2.636991,0.566658,0.817613,0.692443,0.337698,0.995065,0.380923,19.435723
2199,1,1,1,10.630603,2.733827,0.566936,0.808880,0.689668,0.335502,0.982775,0.381600,17.286923
2200,1,1,1,12.319951,2.737323,0.567397,0.808062,0.693551,0.335176,0.987938,0.380967,18.990714
2201,1,1,1,9.341643,2.632461,0.561637,0.804178,0.691853,0.333766,1.100154,0.408025,16.031372
2202,1,1,1,10.616523,2.637015,0.566030,0.804658,0.687790,0.333532,0.984339,0.382782,17.170899
2203,1,1,1,10.759508,2.736246,0.568788,0.806092,0.684357,0.335268,0.980831,0.380548,17.406818
2204,1,1,1,10.795040,2.636018,0.569895,0.947286,0.701520,0.336867,0.985373,0.384732,17.517717
2205,1,1,1,11.688683,2.636830,0.567655,0.807502,0.691883,0.339538,0.993828,0.413145,18.298628
2206,1,1,1,13.539440,2.630025,0.565440,0.810024,0.696043,0.341182,1.078369,0.413754,20.230683
2207,0,1,0,13.467649,2.635175,0.563255,0.805336,0.694233,0.442449,0.985827,0.398573,20.153027
2208,1,1,1,13.549600,2.634105,0.566147,0.808295,0.861619,0.342707,0.986092,0.386178,20.301446
2209,1,1,1,10.679046,2.631089,0.564849,0.808056,0.687348,0.338634,0.979964,0.390099,17.236640
2210,1,1,1,11.401630,2.633095,0.566406,0.807015,0.693705,0.335963,0.982210,0.383951,17.962037
2211,1,1,1,13.592972,2.632301,0.564862,0.807933,0.692474,0.336535,0.982141,0.382929,20.146529
2212,1,1,1,13.561945,2.633969,0.566375,0.808259,0.693464,0.338837,0.994929,0.380573,20.134905
2213,1,1,1,10.603250,2.733212,0.566105,0.803144,0.690659,0.338154,0.983077,0.384191,17.257520
2214,0,1,0,14.047723,2.771305,0.573889,0.807643,0.691065,0.335465,0.980683,0.381926,20.750689
2215,1,1,1,11.458837,2.733804,0.568782,0.804394,0.688037,0.334049,0.983200,0.378941,18.108289
2216,1,1,1,10.635367,2.635188,0.554628,0.801939,0.688031,0.329071,1.086646,0.406049,17.295133
2217,0,1,0,13.761262,2.629693,0.562554,0.809581,0.814425,0.343889,0.997840,0.383305,20.465064
2218,1,1,1,11.478056,2.634270,0.568425,0.812960,0.689840,0.339428,0.987723,0.484781,18.151975
2219,1,1,1,13.106302,2.636093,0.559403,0.811243,0.690203,0.337384,0.979274,0.383570,19.656788
2220,1,1,1,11.345108,2.631391,0.565095,0.808473,0.691668,0.338339,0.980566,0.385299,17.906203
2221,1,1,1,13.401576,2.631803,0.567353,0.813471,0.688000,0.332733,0.994794,0.383926,19.971416
2222,1,1,1,12.915773,2.634664,0.570923,0.810923,0.690590,0.341409,0.983914,0.385470,19.490990
2223,1,1,1,11.439016,2.731501,0.572972,0.808449,0.697261,0.335693,0.978990,0.382350,18.102468
2224,1,1,1,11.829391,2.735311,0.570572,0.813477,0.687544,0.334437,0.982283,0.383182,18.495913
2225,1,1,1,10.683840,2.635096,0.566948,0.812714,0.692498,0.428646,0.982339,0.384904,17.344270
2226,0,1,0,13.526345,2.634653,0.566812,0.814074,0.786960,0.335058,0.981791,0.380504,20.184332
2227,1,1,1,11.246732,2.630196,0.560867,0.804585,0.691335,0.334640,0.986135,0.382000,17.792086
2228,1,1,1,13.650812,2.631446,0.573790,0.813680,0.691748,0.333385,0.996326,0.479182,20.330456
2229,1,1,1,10.755686,2.636387,0.564855,0.806707,0.689453,0.340591,0.997539,0.379963,17.324104
2230,0,1,0,13.815901,2.641274,0.566812,0.812436,0.691674,0.333606,0.998123,0.377367,20.394080
2231,0,1,0,13.791286,2.630455,0.566320,0.808720,0.800043,0.339058,0.997766,0.388905,20.485637
2232,0,1,0,13.440757,2.631858,0.558911,0.814093,0.688295,0.338277,0.982960,0.379987,19.993581
2233,0,1,0,13.878899,2.631569,0.563864,0.808548,0.686751,0.334560,0.979975,0.377403,20.419305
2234,1,1,1,11.813385,2.632443,0.563699,0.810696,0.689354,0.336714,0.980573,0.383378,18.363637
2235,1,1,1,10.641145,2.744074,0.566560,0.804314,0.689231,0.337889,0.982400,0.380967,17.300584
2236,1,1,1,13.516979,2.750461,0.566899,0.812468,0.686166,0.333243,0.985717,0.380843,20.191797
2237,1,1,1,10.651317,2.635372,0.565613,0.911545,0.707643,0.336978,0.983864,0.382092,17.335040
2238,1,1,1,11.737452,2.632461,0.569138,0.811760,0.688259,0.335150,0.998966,0.418812,18.354646
2239,1,1,1,11.542431,2.631114,0.565021,0.812351,0.687784,0.340646,0.983428,0.376739,18.095212
2240,1,1,0,12.462173,2.630776,0.566935,0.808541,0.694659,0.339335,0.992640,0.379760,19.034332
2241,1,1,1,11.747182,2.636000,0.565145,0.801366,0.688061,0.337477,0.986455,0.379840,18.296966
2242,1,1,1,11.306296,2.735957,0.568221,0.807280,0.693729,0.337920,0.995237,0.383686,17.984640
2243,0,1,0,13.767631,2.727415,0.563194,0.810597,0.687858,0.333502,0.998455,0.383477,20.429133
2244,1,1,1,10.754154,2.632117,0.569730,0.909557,0.699114,0.336080,0.983003,0.381797,17.427373
2245,1,1,1,11.264585,2.631551,0.559686,0.810517,0.687853,0.335735,0.994227,0.396535,17.838474
2246,0,1,0,13.847176,2.628689,0.565059,0.805077,0.692234,0.336653,0.985212,0.403693,20.423687
2247,1,1,1,11.741532,2.628960,0.564713,0.808917,0.686554,0.331551,0.997747,0.385305,18.303465
2248,1,1,1,11.360437,2.631126,0.571741,0.802179,0.687926,0.334867,0.994400,0.380819,17.921913
2249,0,1,0,13.565864,2.635797,0.568394,0.804849,0.692240,0.332074,0.980843,0.383083,20.119126
2250,1,1,1,11.389459,2.721335,0.571151,0.807311,0.688861,0.336025,0.987539,0.376990,18.037249
2251,1,1,1,13.368776,2.745059,0.575526,0.802917,0.684830,0.331256,0.982228,0.380240,20.026443
2252,1,1,1,11.641046,2.749052,0.567944,0.809212,0.695748,0.334412,0.982197,0.376837,18.315613
2253,1,1,1,13.512338,2.731704,0.567907,0.800880,0.688111,0.335650,0.996560,0.382935,20.176664
2254,1,1,1,13.444676,2.730830,0.566351,0.809428,0.685250,0.336739,0.982628,0.379218,20.094554
2255,1,1,1,13.515926,2.756400,0.562769,0.802880,0.687015,0.335643,0.981311,0.389323,20.191539
2256,1,1,1,13.514301,2.759767,0.570333,0.808535,0.690000,0.334732,0.981532,0.378455,20.198387
2257,1,1,1,13.690646,2.729606,0.567083,0.805101,0.689113,0.335354,0.982794,0.380413,20.338141
2258,1,1,1,10.785040,2.632276,0.573126,0.942474,0.695926,0.335280,0.985236,0.380234,17.487680
2259,1,1,0,13.805163,2.637465,0.681027,0.812781,0.691637,0.334326,0.979908,0.379932,20.477785
2260,1,1,1,11.305710,2.629508,0.569144,0.811569,0.687551,0.445335,0.987028,0.396265,17.989951
2261,1,1,1,10.680093,2.630350,0.558732,0.811945,0.691643,0.340732,0.980536,0.380960,17.235612
2262,1,1,1,13.691028,2.628529,0.568584,0.806480,0.688498,0.342627,0.983729,0.380573,20.245901
2263,1,1,1,10.835187,2.638671,0.568763,0.810314,0.687889,0.334400,0.982400,0.382720,17.398093
2264,1,1,1,13.744345,2.631317,0.571459,0.814843,0.688203,0.340467,0.986658,0.384960,20.319594
2265,0,1,0,13.835655,2.632781,0.560271,0.806979,0.693896,0.333446,0.981938,0.376080,20.375157
2266,0,1,0,13.758806,2.629163,0.572364,0.811570,0.687502,0.333120,0.983538,0.385366,20.321181
2267,1,1,1,11.188831,2.737446,0.562148,0.806997,0.690203,0.336203,0.980406,0.379650,17.837785
2268,1,1,1,13.673132,2.727440,0.565945,0.810124,0.693514,0.335988,0.978148,0.382049,20.326701
2269,1,1,1,11.156443,2.725249,0.567274,0.807120,0.688868,0.335440,0.984548,0.380935,17.804560
2270,1,1,1,10.732683,2.632535,0.562647,0.811391,0.694105,0.419945,0.997187,0.391114,17.399458
2271,1,1,1,12.783421,2.633508,0.555089,0.810800,0.691938,0.333514,0.986074,0.399052,19.350898
2272,0,1,0,13.301569,2.630172,0.568707,0.808308,0.689741,0.339729,0.981889,0.400123,19.880215
2273,1,1,1,13.102160,2.631698,0.563286,0.809828,0.692160,0.334738,0.997255,0.404283,19.694941
2274,1,1,1,11.446585,2.630413,0.566701,0.813310,0.694904,0.332055,0.982074,0.385188,18.009483
2275,1,1,1,10.682019,2.733717,0.565600,0.808726,0.690523,0.335883,0.982412,0.375089,17.333084
2276,1,1,0,13.933544,2.634880,0.567034,0.813883,0.692111,0.336763,0.996117,0.381397,20.513323
2277,0,1,0,13.463409,2.634960,0.561440,0.805551,0.689908,0.334394,0.984228,0.381126,20.008523
2278,1,1,1,13.392080,2.633846,0.567182,0.811034,0.686898,0.336363,0.979292,0.381452,19.947120
2279,1,1,1,10.730142,2.739772,0.565747,0.810505,0.685335,0.332486,0.987225,0.377674,17.384893
2280,1,1,1,11.410271,2.633397,0.572191,0.817261,0.829932,0.333243,0.983871,0.388486,18.132462
2281,1,1,1,10.784104,2.633544,0.567957,0.807373,0.688104,0.339576,0.994874,0.383532,17.356664
2282,1,1,1,10.771360,2.633440,0.561077,0.810941,0.692566,0.343403,0.987821,0.378554,17.339637
2283,1,1,1,10.608025,2.737754,0.566610,0.806413,0.691305,0.336535,0.981656,0.378357,17.264806
2284,1,1,0,13.008898,2.732067,0.570203,0.816148,0.692185,0.335699,0.991833,0.381126,19.690468
2285,1,1,1,13.499908,2.742997,0.569544,0.805902,0.692228,0.332978,0.995551,0.382547,20.180431
2286,1,1,1,13.716824,2.732147,0.566240,0.813323,0.689107,0.335323,0.981071,0.381323,20.374892
2287,1,1,1,11.423969,2.631212,0.569065,0.915262,0.692874,0.336055,0.981754,0.378166,18.088351
2288,1,1,1,13.548726,2.632670,0.655612,0.810345,0.693452,0.337926,0.982074,0.385329,20.205384
2289,0,1,0,13.377391,2.633126,0.668381,0.806037,0.690978,0.338769,0.980985,0.381403,20.036141
2290,1,1,1,11.311409,2.630351,0.565674,0.809902,0.688782,0.427114,0.984695,0.388775,17.965594
2291,1,1,1,11.381907,2.629815,0.557877,0.797556,0.696640,0.336978,0.983507,0.379138,17.920018
2292,0,1,0,14.416326,2.629945,0.564579,0.813139,0.688326,0.338837,0.994455,0.404714,21.007354
2293,1,1,1,12.861391,2.638437,0.558449,0.803317,0.692511,0.334154,0.982763,0.482450,19.510228
2294,1,1,1,10.793330,2.636284,0.566523,0.805483,0.687834,0.335655,0.980991,0.374880,17.338320
2295,1,1,1,13.750621,2.631901,0.569754,0.803421,0.688609,0.339661,0.986068,0.381206,20.307372
2296,1,1,1,10.769594,2.755409,0.568658,0.810191,0.691760,0.333625,0.982215,0.382548,17.452154
2297,1,1,1,13.511784,2.725342,0.567563,0.810246,0.691970,0.337335,0.980450,0.382597,20.165840
2298,1,1,1,9.425735,2.628117,0.564424,0.812393,0.818307,0.342308,0.996173,0.381470,16.129421
2299,1,1,1,11.238554,2.630837,0.568117,0.803747,0.688714,0.336713,0.983015,0.377538,17.783513
2300,1,1,1,10.816431,2.632147,0.571219,0.806584,0.688548,0.339606,0.983963,0.378862,17.378056
2301,0,1,0,13.397945,2.628997,0.563138,0.801945,0.688314,0.335815,0.982234,0.381661,19.936781
2302,1,1,1,10.772135,2.735908,0.569433,0.809157,0.687175,0.336184,0.979298,0.380523,17.426203
2303,1,1,1,11.730590,2.634418,0.656812,0.813058,0.691896,0.340142,0.983440,0.379532,18.390683
2304,0,1,0,13.651859,2.636880,0.660708,0.811539,0.689865,0.335022,0.996892,0.379496,20.320887
2305,1,1,1,11.229120,2.628665,0.562812,0.806880,0.688480,0.428271,0.984067,0.387686,17.872098
2306,1,1,1,10.729052,2.631298,0.567710,0.807489,0.690984,0.337704,0.993963,0.381821,17.296449
2307,1,1,1,13.625692,2.630948,0.563286,0.799230,0.689569,0.333650,0.993594,0.377089,20.170068
2308,1,1,1,11.556997,2.630523,0.569366,0.814806,0.689040,0.336929,0.997249,0.386677,18.139656
2309,1,1,1,13.556203,2.638425,0.570800,0.809606,0.690190,0.335606,0.994221,0.383502,20.135090
2310,1,1,1,11.940991,2.733268,0.570474,0.805890,0.694640,0.340683,0.982990,0.382061,18.606769
2311,1,1,1,10.728049,2.633932,0.666861,0.809551,0.685310,0.339895,0.985410,0.383742,17.391206
2312,1,1,1,11.557858,2.631582,0.571631,0.808092,0.822135,0.339348,0.984468,0.386166,18.259993
2313,1,1,1,12.095070,2.634800,0.560930,0.805015,0.688739,0.334055,0.983680,0.404098,18.665089
2314,1,1,1,13.561557,2.630622,0.563730,0.814572,0.690394,0.336739,0.992628,0.400733,20.150394
2315,1,1,1,10.617182,2.637305,0.564430,0.805317,0.693280,0.334387,0.980357,0.383126,17.168622
2316,1,1,1,10.812105,2.738173,0.575410,0.809643,0.692190,0.335218,0.982887,0.380388,17.481643
2317,1,1,1,10.846523,2.630621,0.675871,0.819410,0.695046,0.336622,0.981342,0.384517,17.528264
2318,1,1,1,10.816690,2.632683,0.568646,0.807385,0.690609,0.338850,0.993256,0.474689,17.485656
2319,1,1,1,11.008504,2.633396,0.656184,0.866554,0.748043,0.336787,0.985127,0.377877,17.778536
2320,1,1,1,14.488332,2.629791,0.568425,0.808942,0.694449,0.339520,0.983883,0.494529,21.173323
2321,1,1,1,11.194018,2.632837,0.563711,0.811372,0.685213,0.340277,0.982984,0.376487,17.742584
2322,1,1,1,11.260369,2.753760,0.569742,0.813705,0.685741,0.334160,0.996510,0.384216,17.960899
2323,1,1,1,10.703230,2.631821,0.660597,0.812745,0.692628,0.334960,0.996295,0.381415,17.374701
2324,1,1,1,12.332024,2.630351,0.567564,0.819624,0.793539,0.337422,0.993354,0.379052,19.013323
2325,1,1,1,13.442720,2.631612,0.559471,0.943932,0.702991,0.333927,0.983692,0.380308,20.136702
2326,1,1,1,11.728689,2.634646,0.567027,0.804880,0.692185,0.336646,0.992486,0.404511,18.322960
2327,1,1,1,13.325655,2.631120,0.567508,0.811927,0.692714,0.336474,0.990031,0.402843,19.913378
2328,1,1,1,10.677034,2.632104,0.566130,0.813988,0.690061,0.334227,0.982972,0.379446,17.232701
2329,1,1,1,13.554689,2.633538,0.562764,0.804511,0.691163,0.331138,0.980708,0.379175,20.093249
2330,1,1,1,13.632233,2.632584,0.564689,0.805951,0.690425,0.337631,0.982868,0.381699,20.184381
2331,1,1,1,13.576073,2.632954,0.561606,0.809299,0.687169,0.336468,0.985520,0.383114,20.133391
2332,1,1,1,10.758868,2.749144,0.567514,0.803736,0.684597,0.336843,0.995489,0.380524,17.436228
2333,1,1,1,11.175225,2.744363,0.564258,0.796412,0.691483,0.335096,0.985988,0.378652,17.827753
2334,1,1,1,10.788659,2.631175,0.568788,0.812154,0.762800,0.345668,0.997077,0.386843,17.476240
2335,1,1,1,10.619046,2.633293,0.571809,0.802991,0.690357,0.341022,0.985532,0.378173,17.178012
2336,0,1,0,13.954972,2.628591,0.571655,0.814394,0.691827,0.336837,0.980228,0.379188,20.513766
2337,1,1,1,11.510948,2.634696,0.565710,0.801896,0.687336,0.336806,0.992142,0.382130,18.064960
2338,1,1,1,11.292394,2.770105,0.572548,0.809649,0.689624,0.337299,0.984899,0.382997,17.998467
2339,1,1,1,10.764203,2.632776,0.648240,0.813957,0.697582,0.337336,0.984763,0.383015,17.420548
2340,1,1,1,13.694991,2.633852,0.670850,0.807304,0.692615,0.340486,0.981969,0.381428,20.363391
2341,1,1,0,13.409446,2.633785,0.570553,0.809090,0.685299,0.338357,0.995366,0.382979,20.100104
2342,1,1,1,13.335273,2.723913,0.566911,0.811489,0.686843,0.335877,0.982886,0.380031,19.979213
2343,1,1,1,12.096824,2.632381,0.569729,0.912124,0.694763,0.337391,0.986874,0.377040,18.762037
2344,1,1,1,13.532191,2.631360,0.570813,0.949963,0.692917,0.335551,0.980418,0.381261,20.233114
2345,1,1,1,10.585637,2.630862,0.562246,0.805329,0.692966,0.335021,0.992443,0.408640,17.248572
2346,1,1,1,13.574351,2.632603,0.565883,0.805951,0.697982,0.332443,0.983920,0.403760,20.153821
2347,1,1,1,13.389207,2.635846,0.561262,0.806615,0.688554,0.338880,0.989342,0.408363,19.978136
2348,1,1,0,13.820394,2.633298,0.569661,0.812572,0.686080,0.338615,0.983354,0.403373,20.403009
2349,1,1,1,10.710413,2.638893,0.559157,0.803914,0.689612,0.334277,0.995096,0.376450,17.264763
2350,0,1,0,13.692603,2.630080,0.568972,0.813834,0.685139,0.337034,0.980948,0.382233,20.248074
2351,1,1,1,11.363704,2.633717,0.565428,0.797071,0.693070,0.337059,0.986572,0.376714,17.910776
2352,1,1,1,10.667981,2.725532,0.570665,0.814228,0.689784,0.333539,0.979883,0.380228,17.322332
2353,1,1,1,11.450991,2.628603,0.568788,0.810652,0.812677,0.336178,0.983575,0.379920,18.130929
2354,1,1,1,13.521267,2.631582,0.570714,0.913901,0.700431,0.333938,0.995021,0.378763,20.206800
2355,1,1,1,11.298203,2.630307,0.561871,0.808867,0.683379,0.335747,0.992221,0.415471,17.883551
2356,1,1,1,13.671945,2.632597,0.572572,0.814197,0.692547,0.334867,0.985255,0.414985,20.279557
2357,1,1,1,10.755717,2.636173,0.564947,0.804400,0.688947,0.337631,0.994695,0.380535,17.315434
2358,1,1,1,10.744818,2.740757,0.564800,0.813151,0.692253,0.331760,0.980652,0.379969,17.408615
2359,1,1,1,11.163286,2.629021,0.666277,0.807170,0.688019,0.338147,0.983113,0.375373,17.808233
2360,0,1,0,13.677950,2.746812,0.565059,0.809311,0.693464,0.337975,0.982160,0.388511,20.358535
2361,1,1,0,13.656000,2.745877,0.566800,0.809416,0.691335,0.336062,0.995256,0.382763,20.338769
2362,1,1,1,10.702677,2.635711,0.568837,0.809083,0.799938,0.338584,0.983920,0.383071,17.382745
2363,1,1,0,13.738215,2.634240,0.565138,0.806782,0.820148,0.338677,0.999840,0.382929,20.445963
2364,0,1,0,13.852172,2.630806,0.567335,0.915046,0.692430,0.334769,0.994837,0.374751,20.522216
2365,1,1,1,11.912394,2.631477,0.560511,0.813594,0.694640,0.426498,0.996111,0.390548,18.580622
2366,1,1,0,12.709040,2.632947,0.569495,0.809563,0.695526,0.334510,0.990068,0.409428,19.308283
2367,1,1,1,13.520449,2.631267,0.564535,0.809471,0.689865,0.330394,0.989194,0.403810,20.098917
2368,1,1,1,10.400855,2.634062,0.571292,0.816123,0.692769,0.334714,0.982904,0.382332,16.973071
2369,1,1,1,10.592006,2.742382,0.572658,0.802068,0.693089,0.333532,0.994449,0.384215,17.271939
2370,1,1,1,10.802203,2.635748,0.558203,0.926142,0.697797,0.329575,0.987329,0.381342,17.479655
2371,1,1,1,11.388578,2.634819,0.564837,0.806659,0.682264,0.339840,0.984277,0.416763,17.975077
2372,1,1,1,10.638658,2.630787,0.565034,0.807779,0.686449,0.335156,0.982763,0.379945,17.182455
2373,0,1,0,13.368733,2.634707,0.559458,0.806726,0.686055,0.337237,0.981255,0.379920,19.908960
2374,1,1,1,10.791828,2.740092,0.570578,0.810862,0.690683,0.338221,0.996073,0.382677,17.481224
2375,1,1,1,13.522413,2.733058,0.574861,0.805827,0.692683,0.335661,0.992627,0.379625,20.195582
2376,1,1,1,13.444843,2.749292,0.570904,0.810658,0.686917,0.335083,0.979748,0.379987,20.118769
2377,1,1,1,10.734172,2.633938,0.665280,0.808633,0.686898,0.337385,0.993730,0.385656,17.400270
2378,1,1,1,13.424394,2.739077,0.573360,0.800246,0.689982,0.336873,0.994480,0.381311,20.097631
2379,1,1,1,11.078492,2.632338,0.564744,0.812271,0.690086,0.344910,0.982911,0.385667,17.754080
2380,1,1,1,10.635181,2.633582,0.567286,0.806954,0.692437,0.334904,0.992800,0.383397,17.201822
2381,0,1,1,13.619883,2.631766,0.558203,0.809994,0.688055,0.340836,0.982807,0.380905,20.168553
2382,1,1,1,10.813421,2.633785,0.572806,0.808671,0.688843,0.339231,0.980253,0.381581,17.376314
2383,1,1,1,10.421594,2.631028,0.671766,0.809533,0.692061,0.333575,0.982782,0.379113,17.077569
2384,1,1,1,11.804517,2.628985,0.571108,0.807101,0.810738,0.339649,0.983126,0.386431,18.491507
2385,1,1,1,10.796647,2.628738,0.564449,0.804850,0.692179,0.333483,0.980271,0.387070,17.342086
2386,1,1,1,10.815310,2.631249,0.568412,0.809126,0.687913,0.332720,0.995569,0.379877,17.376492
2387,1,1,1,13.541410,2.635821,0.560910,0.805938,0.688904,0.337822,0.982025,0.376954,20.083877
2388,1,1,1,10.748129,2.728387,0.570240,0.802130,0.689422,0.333181,0.982800,0.382603,17.393305
2389,1,1,1,11.365139,2.628787,0.563809,0.958424,0.696590,0.334092,0.979674,0.378418,18.063335
2390,1,1,1,12.777870,2.627612,0.570357,0.885637,0.733428,0.333471,0.985200,0.385317,19.463649
2391,1,1,1,10.737637,2.629588,0.564517,0.807396,0.685711,0.336898,0.985717,0.382320,17.283920
2392,1,1,1,13.419686,2.631354,0.567236,0.812554,0.692184,0.339212,0.980960,0.502831,20.109723
2393,1,1,0,13.672609,2.631871,0.563569,0.807003,0.689901,0.335532,0.990240,0.418203,20.267273
2394,1,1,1,11.502092,2.629114,0.565483,0.810579,0.695932,0.336086,0.981810,0.387853,18.068185
2395,1,1,0,12.479336,2.630498,0.562314,0.805674,0.689945,0.337446,0.992566,0.379477,19.031335
2396,1,1,1,11.335889,2.734683,0.569434,0.810941,0.693169,0.338529,0.980985,0.380659,18.003083
2397,1,1,1,13.367876,2.730215,0.571828,0.808461,0.686111,0.333323,0.982105,0.381416,20.019643
2398,1,1,1,10.648948,2.636523,0.566664,0.925059,0.694437,0.342326,0.982984,0.380061,17.334264
2399,0,1,0,13.996634,2.719649,0.569021,0.803483,0.689335,0.338622,0.987926,0.379164,20.641027
2400,1,1,1,13.395809,2.725409,0.566203,0.805139,0.689138,0.336972,0.984781,0.382615,20.043440
2401,1,1,1,10.789520,2.636529,0.564345,0.809003,0.691650,0.419231,0.985834,0.389705,17.442793
2402,1,1,1,13.571711,2.638461,0.568381,0.805157,0.796886,0.340148,0.984628,0.383477,20.245988
2403,1,1,0,10.947464,2.632474,0.560745,0.810929,0.690283,0.331778,0.994326,0.384178,17.506683
2404,1,1,1,10.862222,2.634837,0.561624,0.803434,0.696782,0.336516,0.980332,0.376074,17.407656
2405,1,1,1,12.342960,2.773533,0.565059,0.803957,0.688062,0.335447,0.981730,0.383250,19.033397
2406,1,1,1,13.246610,2.730904,0.568874,0.810277,0.686363,0.338049,0.996547,0.381619,19.921890
2407,1,1,1,11.213170,2.732190,0.585427,0.810117,0.688148,0.333847,0.987452,0.385237,17.898812
2408,1,1,1,10.809360,2.631840,0.566745,0.808781,0.695483,0.467065,0.987458,0.397969,17.524338
2409,1,1,1,10.697108,2.631101,0.566930,0.809028,0.684578,0.340209,0.980092,0.378345,17.241748
2410,1,1,0,13.627680,2.632788,0.573539,0.809784,0.688271,0.341594,0.980037,0.386813,20.195391
2411,1,1,1,11.305649,2.633724,0.561741,0.807280,0.687864,0.333551,0.983526,0.387391,17.856123
2412,1,1,1,13.609483,2.632222,0.571286,0.805557,0.688012,0.334394,0.995705,0.384966,20.178535
2413,1,1,1,10.645077,2.731310,0.565187,0.812806,0.687569,0.340068,0.983569,0.383993,17.305348
2414,1,1,1,11.561884,2.634006,0.567070,0.931501,0.693465,0.340271,0.981415,0.382363,18.248000
2415,1,1,1,11.392116,2.630141,0.557034,0.804511,0.689957,0.333840,0.990252,0.401600,17.958111
2416,1,1,1,12.001582,2.635944,0.561815,0.806775,0.690394,0.337465,0.982455,0.382148,18.557360
2417,1,1,0,13.455790,2.635612,0.562320,0.803704,0.690209,0.339440,0.982221,0.381132,20.002978
2418,1,1,1,13.608394,2.633341,0.560843,0.810751,0.687218,0.337821,0.981286,0.383613,20.245742
2419,0,1,1,13.602745,2.632327,0.565003,0.808751,0.690449,0.337803,0.985415,0.482074,20.260172
2420,1,1,1,13.509206,2.632590,0.568141,0.808530,0.694357,0.333896,1.143274,0.428726,20.277113
2421,1,1,1,10.822781,2.635784,0.560739,0.799004,0.692006,0.334381,0.982320,0.381834,17.362781
2422,1,1,0,13.756092,2.634813,0.565108,0.814585,0.689421,0.337816,0.980523,0.380628,20.316375
2423,1,1,1,10.757939,2.736314,0.567871,0.809464,0.691864,0.337286,0.985040,0.384425,17.427464
2424,1,1,1,10.656560,2.630966,0.680388,0.830800,0.699871,0.336123,0.996092,0.384160,17.375378
2425,1,1,1,10.779784,2.629674,0.568332,0.807403,0.688616,0.335237,1.000929,0.423896,17.394283
2426,1,1,1,13.551668,2.632431,0.572455,0.810499,0.693077,0.333434,0.981575,0.417323,20.152837
2427,1,1,1,12.446259,2.640991,0.566296,0.807593,0.689378,0.337988,0.983323,0.503310,19.133563
2428,1,1,1,10.627151,2.634209,0.571606,0.807975,0.695102,0.337366,0.996252,0.385422,17.215698
2429,1,1,1,11.468456,2.739145,0.567545,0.799914,0.694345,0.337852,0.982129,0.381945,18.126025
2430,1,1,1,11.295212,2.635859,0.667293,0.811267,0.688733,0.338191,0.994960,0.381754,17.971317
2431,1,1,1,10.750511,2.633255,0.565286,0.806800,0.685692,0.339403,0.986936,0.402345,17.328087
2432,1,1,1,10.811095,2.631194,0.564499,0.806640,0.692776,0.337538,0.993711,0.382247,17.376357
2433,1,1,1,10.700646,2.740726,0.568043,0.799828,0.689723,0.335698,0.994763,0.384338,17.371193
2434,1,1,1,10.651588,2.633274,0.694517,0.829913,0.698425,0.335274,0.984738,0.385052,17.372098
2435,1,1,1,12.158493,2.635428,0.567102,0.805717,0.798105,0.337520,0.982923,0.384763,18.830923
2436,0,1,0,13.804246,2.628720,0.571810,0.934892,0.700425,0.338683,0.993434,0.380640,20.509335
2437,1,1,1,10.607489,2.638388,0.568234,0.812006,0.687674,0.335496,0.983267,0.523379,17.312843
2438,1,1,0,13.699822,2.636898,0.572030,0.805704,0.687951,0.336744,0.978530,0.414615,20.293453
2439,1,1,1,10.634228,2.633108,0.563206,0.806948,0.688621,0.340265,0.989360,0.384523,17.194948
2440,1,1,1,13.622769,2.633126,0.564197,0.810277,0.693932,0.339618,0.996689,0.384055,20.201064
2441,1,1,1,11.172025,2.740960,0.568443,0.808996,0.689009,0.338702,0.983828,0.383988,17.844547
2442,0,1,0,13.358209,2.741440,0.568375,0.811267,0.692363,0.334622,0.984123,0.378800,20.030480
2443,1,1,1,10.782406,2.629944,0.670542,0.811970,0.683218,0.339496,0.980289,0.381311,17.434843
2444,0,1,0,13.863021,2.730369,0.571089,0.801046,0.685810,0.337379,0.983526,0.381889,20.511403
2445,1,1,1,10.273016,2.633077,0.562898,0.808215,0.694093,0.335230,0.985871,0.398769,16.847926
2446,1,1,1,13.565028,2.630997,0.562061,0.819496,0.692627,0.422116,0.984794,0.395157,20.233545
2447,1,1,1,11.625366,2.636819,0.565292,0.802665,0.683963,0.341144,0.983907,0.386849,18.180960
2448,1,1,1,13.691409,2.630868,0.567396,0.811459,0.691871,0.336744,0.982867,0.481046,20.351292
2449,1,1,1,13.412707,2.633834,0.566646,0.802480,0.692289,0.333858,0.981188,0.491779,20.069919
2450,1,1,1,13.372351,2.632757,0.566541,0.808966,0.687292,0.334492,0.977865,0.484000,20.021416
2451,1,1,1,13.470689,2.631834,0.565489,0.804591,0.689194,0.333606,0.989674,0.403403,20.046985
2452,1,1,1,11.622049,2.633452,0.562141,0.809280,0.689618,0.334412,0.982659,0.384221,18.175452
2453,1,1,1,11.556547,2.635366,0.564794,0.808012,0.691514,0.335656,0.982665,0.381243,18.111372
2454,1,1,1,11.500750,2.731680,0.574019,0.809926,0.690806,0.334480,0.980985,0.379895,18.163096
2455,1,1,1,11.890320,2.638769,0.686861,0.809507,0.693710,0.337619,0.983785,0.378240,18.576264
2456,1,1,1,13.499323,2.751520,0.569089,0.806566,0.687126,0.330616,0.992043,0.382751,20.177144
2457,1,1,1,10.781366,2.632837,0.563544,0.803237,0.688603,0.443003,0.999846,0.397981,17.470264
2458,1,1,1,10.396597,2.630917,0.566234,0.810259,0.688142,0.338289,0.979385,0.381434,16.947237
2459,1,1,1,10.692818,2.755514,0.568659,0.806290,0.687908,0.337748,0.984111,0.381791,17.370056
2460,1,1,1,10.764880,2.634295,0.664924,0.811305,0.686412,0.335975,0.983963,0.380246,17.421021
2461,1,1,1,11.201299,2.631699,0.561465,0.808813,0.688154,0.426886,0.987212,0.401538,17.866037
2462,0,1,0,13.730689,2.633274,0.564917,0.805040,0.784960,0.335323,0.979951,0.381508,20.374560
2463,1,1,1,10.634431,2.632917,0.565821,0.807717,0.690339,0.333194,0.983489,0.382437,17.187027
2464,1,1,1,13.735507,2.631612,0.561994,0.810911,0.685791,0.336387,0.995114,0.380855,20.293920
2465,1,1,1,10.735305,2.633853,0.563483,0.805040,0.690536,0.339895,0.993674,0.379993,17.298553
2466,0,1,0,13.734843,2.629988,0.571317,0.810099,0.690295,0.334727,0.984437,0.377969,20.293225
2467,0,1,0,13.759169,2.630191,0.568456,0.811378,0.684603,0.334338,0.980855,0.378437,20.304105
2468,0,1,0,14.006738,2.635471,0.569421,0.817988,0.690548,0.341883,0.982012,0.378357,20.578671
2469,1,1,1,11.214893,2.768751,0.574831,0.808080,0.692615,0.339003,0.983108,0.381243,17.923034
2470,1,1,1,13.549520,2.729452,0.573052,0.813507,0.685686,0.338061,0.984345,0.383698,20.215102
2471,0,1,0,13.788800,2.634511,0.568640,0.806116,0.691920,0.339969,0.986819,0.380701,20.355212
2472,1,1,1,11.757329,2.758130,0.571772,0.806911,0.682984,0.338867,0.985606,0.379902,18.439181
2473,1,1,1,10.630086,2.638043,0.568068,0.903877,0.695274,0.338831,0.981113,0.379311,17.288092
2474,0,1,0,14.272456,2.635717,0.679870,0.806942,0.690597,0.331895,0.994037,0.376874,20.948584
2475,1,1,1,10.650006,2.632117,0.565262,0.804357,0.687200,0.340578,0.991293,0.405520,17.234406
2476,1,1,1,13.767021,2.632800,0.566227,0.809101,0.691964,0.422142,0.985206,0.391625,20.425950
2477,0,1,0,13.229582,2.631046,0.560320,0.807243,0.692326,0.422849,0.989286,0.388450,19.874677
2478,0,1,0,13.707077,2.634271,0.565846,0.810529,0.819452,0.338018,0.995102,0.381083,20.411520
2479,0,1,0,13.717224,2.634621,0.567698,0.805144,0.810948,0.339828,0.987693,0.380437,20.399760
2480,1,1,1,13.389176,2.626228,0.567219,0.904326,0.701336,0.333649,0.980012,0.383114,20.045102
2481,1,1,1,11.124861,2.629089,0.560129,0.808012,0.692695,0.334856,0.998055,0.511237,17.815938
2482,1,1,1,11.711446,2.630948,0.563809,0.810326,0.685729,0.339951,0.982388,0.379459,18.261637
2483,1,1,1,10.714671,2.737058,0.567680,0.802196,0.685403,0.337274,0.984412,0.377976,17.365797
2484,1,1,1,13.486603,2.741557,0.569871,0.805249,0.687237,0.336000,0.981151,0.380720,20.149262
2485,1,1,1,11.223637,2.732147,0.567139,0.812880,0.692024,0.333859,0.981908,0.384696,17.886178
2486,1,1,1,12.748529,2.631287,0.692351,0.807939,0.696363,0.335790,0.980647,0.382806,19.435600
2487,1,1,1,11.275563,2.628936,0.571502,0.811575,0.787022,0.343944,0.989594,0.385409,17.960024
2488,1,1,1,13.579680,2.631840,0.568492,0.806880,0.815557,0.336517,0.983687,0.380781,20.265421
2489,0,1,0,13.772831,2.630289,0.566283,0.909858,0.703169,0.338191,0.982899,0.379187,20.441384
2490,1,1,1,11.313630,2.630770,0.569581,0.813655,0.688375,0.338043,0.993730,0.417544,17.926683
2491,1,1,1,10.606320,2.633193,0.563360,0.814086,0.688874,0.338499,0.981502,0.379557,17.164862
2492,1,1,1,11.263225,2.733809,0.567495,0.808302,0.689127,0.338031,0.994271,0.384591,17.937464
2493,1,1,1,13.494997,2.731077,0.567292,0.803298,0.689077,0.335643,0.979994,0.380234,20.140135
2494,1,1,1,13.545422,2.749970,0.576647,0.810067,0.692812,0.336474,0.989433,0.381323,20.239385
2495,1,1,1,12.019883,2.749766,0.559231,0.804923,0.692283,0.335699,0.987784,0.385545,18.691600
2496,1,1,1,11.733378,2.629674,0.666406,0.808720,0.688394,0.334597,0.982338,0.380296,18.383514
2497,1,1,1,10.761883,2.631427,0.562769,0.806622,0.689951,0.334437,0.989957,0.412584,17.348049
2498,1,1,1,13.577489,2.631218,0.568960,0.811219,0.689169,0.335071,1.072781,0.399040,20.246387
2499,0,1,0,13.572104,2.629607,0.564203,0.807052,0.683483,0.427052,0.985975,0.384018,20.210818
2500,1,1,1,13.523938,2.635563,0.562627,0.809938,0.823132,0.341674,0.995508,0.387120,20.244209
2501,1,1,1,12.010954,2.630419,0.555871,0.805046,0.694111,0.336511,0.996579,0.401852,18.589083
2502,1,1,1,13.473403,2.629969,0.567779,0.805329,0.688222,0.337760,0.988037,0.404369,20.056191
2503,1,1,1,10.581476,2.632757,0.567397,0.806215,0.685059,0.335273,0.984788,0.381230,17.129581
2504,1,1,1,10.666929,2.731089,0.572542,0.811970,0.688640,0.333397,0.979206,0.380529,17.322788
2505,1,1,1,10.620437,2.628068,0.568123,0.906640,0.704812,0.334578,0.985754,0.383046,17.291230
2506,0,1,0,13.771507,2.631649,0.571434,0.927040,0.700597,0.328769,0.981477,0.384056,20.457341
2507,1,1,1,10.747446,2.631582,0.562861,0.803440,0.685421,0.340191,0.995877,0.412067,17.339495
2508,1,1,1,11.517292,2.630295,0.559723,0.806209,0.694338,0.334819,0.980228,0.379496,18.056338
2509,1,1,1,13.699151,2.630720,0.564917,0.816055,0.684726,0.338776,0.983606,0.379114,20.252178
2510,1,1,1,11.867329,2.635773,0.566929,0.806966,0.686283,0.337797,0.981255,0.381582,18.421533
2511,0,1,1,13.621667,2.635680,0.564548,0.804745,0.689532,0.340289,0.984702,0.379514,20.179396
2512,0,1,1,13.517391,2.635612,0.562197,0.814037,0.692209,0.339662,0.986308,0.377779,20.081680
2513,0,1,0,13.790794,2.633169,0.564744,0.804332,0.690523,0.338455,0.983040,0.386037,20.348351
2514,1,1,1,11.833206,2.632363,0.568259,0.808653,0.690880,0.336456,0.998074,0.376370,18.402831
2515,1,1,1,11.319163,2.733662,0.568308,0.804510,0.692683,0.334160,0.979489,0.383809,17.970985
2516,1,1,1,13.359447,2.764400,0.571379,0.809870,0.686203,0.335698,0.983938,0.379656,20.050825
2517,0,1,0,13.311047,2.728646,0.568043,0.807729,0.686055,0.338148,0.983200,0.374351,19.954812
2518,0,1,1,13.727557,2.734000,0.570147,0.813613,0.693957,0.335563,0.996129,0.381902,20.411895
2519,1,1,1,10.758776,2.630763,0.563969,0.926929,0.697262,0.334302,0.987507,0.386364,17.443834
2520,1,1,0,13.779310,2.629612,0.662394,0.814757,0.691803,0.336979,0.982431,0.375440,20.429828
2521,0,1,0,13.272874,2.633046,0.673538,0.815717,0.699822,0.336117,0.982209,0.387293,19.957588
2522,1,1,1,10.845773,2.634012,0.564031,0.811563,0.691280,0.335821,0.992006,0.406530,17.442295
2523,1,1,0,12.687373,2.633840,0.562812,0.805772,0.691163,0.337237,0.984314,0.486092,19.346892
2524,1,1,1,11.519194,2.631852,0.564924,0.810191,0.697557,0.337784,0.983711,0.381421,18.083421
2525,1,1,1,10.713803,2.736314,0.569342,0.805280,0.692320,0.335834,0.984849,0.378628,17.373902
2526,1,1,1,12.906647,2.729926,0.571347,0.813126,0.691287,0.335619,0.980320,0.381815,19.569200
2527,1,1,1,13.580794,2.736431,0.568326,0.812664,0.686050,0.338283,0.985982,0.377569,20.244363
2528,1,1,1,10.691243,2.632468,0.566012,0.928197,0.699231,0.338566,0.980819,0.382092,17.377447
2529,1,1,1,10.656295,2.632265,0.560043,0.804566,0.687181,0.335273,0.981643,0.414388,17.230289
2530,1,1,1,11.234935,2.630148,0.570622,0.808566,0.689956,0.336394,0.994412,0.379310,17.801170
2531,0,1,0,14.017575,2.634117,0.568917,0.804751,0.690788,0.338062,0.996424,0.379735,20.587766
2532,1,1,1,13.469772,2.630209,0.565557,0.811581,0.692191,0.338326,0.995784,0.377329,20.038996
2533,1,1,1,13.604892,2.633896,0.562529,0.812683,0.690720,0.337502,0.981126,0.379760,20.158819
2534,1,1,1,11.355717,2.634259,0.562677,0.810178,0.692105,0.337237,0.980702,0.379865,17.909914
2535,1,1,1,13.668135,2.633920,0.562284,0.809249,0.689649,0.333957,0.988061,0.381255,20.220640
2536,1,1,1,13.783563,2.634148,0.569607,0.810837,0.690652,0.337920,0.995944,0.379853,20.365212
2537,1,1,1,13.669705,2.637779,0.561212,0.805828,0.688209,0.336480,0.980333,0.377385,20.212756
2538,1,1,1,12.612234,2.632880,0.567151,0.811151,0.693292,0.335779,0.996203,0.380499,19.192498
2539,0,1,0,13.841840,2.635772,0.566252,0.807071,0.686258,0.341619,0.981520,0.381224,20.396357
2540,1,1,1,13.502456,2.633243,0.571144,0.814160,0.692068,0.341145,0.983809,0.381932,20.079730
2541,0,1,0,13.898184,2.628788,0.564456,0.809735,0.691514,0.336948,0.982006,0.376837,20.441754
2542,1,1,1,11.401286,2.633581,0.563791,0.810450,0.690123,0.333790,0.995409,0.383384,17.970031
2543,0,1,0,13.761951,2.632874,0.568468,0.807287,0.688542,0.335434,0.988375,0.377471,20.318381
2544,1,1,1,13.498117,2.630055,0.572806,0.806480,0.690486,0.335329,0.983729,0.381902,20.056018
2545,1,1,0,13.614523,2.633870,0.564487,0.809656,0.690578,0.337668,0.995760,0.379458,20.179816
2546,0,1,0,13.940141,2.632566,0.572123,0.812714,0.690979,0.338117,0.996172,0.386007,20.528911
2547,1,1,1,12.575009,2.635230,0.562363,0.807452,0.690130,0.330062,0.983083,0.381070,19.121643
2548,1,1,1,9.332474,2.631446,0.671865,0.822708,0.696984,0.337858,0.980019,0.382153,16.014467
2549,1,1,1,13.495039,2.636492,0.657274,0.810855,0.690579,0.336665,0.995988,0.386610,20.165120
2550,1,1,1,13.713151,2.754178,0.573465,0.808837,0.695348,0.336142,0.987219,0.383268,20.412271
2551,1,1,1,13.485483,2.736800,0.567403,0.814566,0.692049,0.335249,0.985913,0.384154,20.157661
2552,1,1,0,14.142345,2.741477,0.575132,0.812283,0.694074,0.337256,0.982221,0.382819,20.825803
2553,1,1,1,10.659606,2.633096,0.565366,0.926326,0.695495,0.337600,0.981286,0.382708,17.342763
2554,1,1,1,13.544000,2.632444,0.572886,0.908782,0.701237,0.334560,0.979139,0.385070,20.216197
2555,1,1,1,11.813218,2.640628,0.569169,0.813250,0.692647,0.425182,0.999748,0.390480,18.503656
2556,1,1,1,13.121705,2.631095,0.570812,0.802387,0.690455,0.335969,1.087655,0.403453,19.803145
2557,1,1,1,13.490006,2.631378,0.565932,0.813133,0.691243,0.434905,0.985403,0.391403,20.160744
2558,1,1,1,13.538480,2.629588,0.566160,0.816265,0.799815,0.340345,0.995409,0.384037,20.227409
2559,1,1,1,10.773182,2.634424,0.559003,0.808264,0.686751,0.336246,0.986689,0.380911,17.323249
2560,1,1,1,10.796049,2.643827,0.567593,0.803409,0.691458,0.334166,0.981347,0.382381,17.361815
2561,1,1,1,10.745803,2.725889,0.569877,0.812849,0.687237,0.340788,0.997298,0.383280,17.423471
2562,0,1,0,12.956529,2.637754,0.614197,0.813760,0.690166,0.336652,0.983619,0.376326,19.644271
2563,1,1,1,10.800560,2.634652,0.565883,0.812708,0.687704,0.424984,0.992929,0.404264,17.485151
2564,1,1,1,12.434861,2.628825,0.571342,0.811458,0.688142,0.341496,0.994861,0.417969,19.047360
2565,1,1,1,11.746745,2.634474,0.563613,0.812012,0.691870,0.337163,0.984277,0.386455,18.315987
2566,0,1,1,13.750953,2.633009,0.563538,0.810628,0.686129,0.341735,0.983083,0.380794,20.309139
2567,0,1,0,13.734818,2.633175,0.564289,0.812105,0.691760,0.338375,0.986240,0.380006,20.299895
2568,1,1,1,13.659304,2.627090,0.569213,0.808203,0.691108,0.339459,0.980455,0.477095,20.310886
2569,1,1,1,10.711452,2.633870,0.564080,0.807853,0.693175,0.342486,0.985286,0.382622,17.273514
2570,1,1,1,10.745187,2.745908,0.567372,0.812806,0.688117,0.333883,0.980382,0.383489,17.414930
2571,1,1,1,11.498296,2.631391,0.572363,0.918732,0.697834,0.331859,0.996659,0.383385,18.187384
2572,0,1,0,13.300781,2.630849,0.574708,0.946419,0.691311,0.338474,0.979754,0.383274,20.004228
2573,1,1,1,12.780517,2.636394,0.564123,0.921717,0.694221,0.336006,0.982148,0.382560,19.455570
2574,1,1,1,10.668622,2.632566,0.569194,0.816043,0.685963,0.339385,0.982622,0.476203,17.332080
2575,1,1,1,13.524110,2.631538,0.564812,0.803385,0.690591,0.335612,0.989753,0.511126,20.204843
2576,1,1,1,11.738000,2.632831,0.562782,0.806529,0.685015,0.336554,0.993114,0.382597,18.295261
2577,1,1,1,10.721729,2.746498,0.566806,0.801606,0.693095,0.334006,0.996197,0.381729,17.397514
2578,1,1,1,13.533145,2.739699,0.568080,0.812874,0.688498,0.331637,0.979760,0.379083,20.191871
2579,1,1,1,9.856104,2.639490,0.567606,0.931076,0.706856,0.337459,0.983729,0.383668,16.565304
2580,1,1,1,13.542277,2.634837,0.663594,0.826265,0.694714,0.329120,0.980074,0.380591,20.214628
2581,1,1,1,10.741237,2.633619,0.568886,0.813514,0.693736,0.339588,0.996880,0.409735,17.354264
2582,1,1,1,13.605464,2.635354,0.561773,0.806025,0.691440,0.335902,0.997237,0.416972,20.208117
2583,1,1,1,10.672326,2.634443,0.565138,0.802837,0.690013,0.337274,0.992554,0.384289,17.233379
2584,1,1,1,10.668542,2.747963,0.572708,0.811871,0.691698,0.337532,0.982320,0.384019,17.353145
2585,1,1,1,10.849255,2.634923,0.673895,0.814929,0.695237,0.333280,0.982222,0.383009,17.523742
2586,1,1,1,11.503988,2.635483,0.564609,0.812430,0.692505,0.428234,0.982338,0.390566,18.166523
2587,1,1,1,13.512283,2.627748,0.566554,0.809391,0.786670,0.337668,0.983742,0.383200,20.163433
2588,1,1,1,13.366585,2.627495,0.573932,0.809286,0.814332,0.336597,0.984609,0.382116,20.058130
2589,1,1,1,13.525988,2.635741,0.565151,0.804984,0.808190,0.335606,0.982388,0.382591,20.198086
2590,1,1,1,11.319138,2.631760,0.568295,0.812006,0.688129,0.335231,0.980837,0.479772,17.973957
2591,1,1,1,10.762548,2.639003,0.565637,0.807889,0.692184,0.334572,0.987114,0.382480,17.328093
2592,1,1,1,13.572492,2.636130,0.573704,0.809876,0.688899,0.331871,0.982290,0.385803,20.136929
2593,1,1,1,12.412012,2.629827,0.571206,0.807828,0.685785,0.334135,0.983926,0.375686,18.954554
2594,1,1,1,13.671852,2.631631,0.564714,0.809446,0.690191,0.338240,0.981465,0.379231,20.222548
2595,1,1,1,13.570141,2.630406,0.564695,0.809883,0.693163,0.339569,0.981914,0.382455,20.127526
2596,1,1,1,13.605624,2.637292,0.567101,0.811588,0.685490,0.335502,0.997373,0.379305,20.178683
2597,1,1,1,10.708320,2.734837,0.563003,0.805059,0.689569,0.334123,0.978455,0.380179,17.351538
2598,1,1,0,13.827557,2.729809,0.565594,0.806418,0.689871,0.338000,0.981477,0.384049,20.480276
2599,1,1,1,11.716160,2.748616,0.569655,0.807181,0.694511,0.339182,0.984370,0.379514,18.395501
2600,1,1,1,11.682936,2.630978,0.564578,0.812320,0.806055,0.334369,0.982142,0.384474,18.356498
2601,1,1,1,9.329298,2.634333,0.565600,0.807434,0.693876,0.335483,0.985778,0.383028,15.889403
2602,1,1,1,13.576843,2.632431,0.567046,0.803280,0.686277,0.336350,0.996904,0.380683,20.136917
2603,1,1,1,13.585545,2.635895,0.566622,0.803649,0.693859,0.334443,0.984400,0.381102,20.141767
2604,1,1,1,13.519280,2.633348,0.564185,0.812843,0.695797,0.336948,0.982861,0.385988,20.087870
2605,1,1,1,12.521341,2.640382,0.562172,0.805028,0.692541,0.337016,0.981913,0.374394,19.071126
2606,1,1,1,10.819293,2.734455,0.569736,0.808104,0.693354,0.333840,0.982443,0.381668,17.482665
2607,1,1,1,11.689950,2.754744,0.569532,0.810628,0.689089,0.330972,0.981815,0.385963,18.370320
2608,1,1,1,11.460332,2.630246,0.567464,0.808837,0.791526,0.338357,0.979385,0.380966,18.113274
2609,1,1,1,13.482836,2.638486,0.568025,0.808327,0.791827,0.334314,0.997335,0.382364,20.158529
2610,1,1,1,13.529360,2.627477,0.567619,0.947237,0.699871,0.333139,0.980849,0.383618,20.230979
2611,1,1,1,11.895532,2.633317,0.566302,0.801329,0.689483,0.338480,1.074763,0.399673,18.554541
2612,1,1,1,10.745231,2.632714,0.566283,0.810923,0.688843,0.337717,0.995563,0.381674,17.318714
2613,1,1,1,10.711877,2.734086,0.564597,0.806917,0.694997,0.334443,0.986443,0.384191,17.373619
2614,1,1,1,10.802394,2.632757,0.693213,0.813095,0.687317,0.336603,0.980652,0.380073,17.483766
2615,1,1,1,10.715286,2.632966,0.563791,0.811822,0.689833,0.337613,0.987243,0.416283,17.314701
2616,0,1,0,13.869237,2.631428,0.568517,0.798910,0.689539,0.445692,0.983803,0.388861,20.536222
2617,1,1,1,11.251126,2.632178,0.573471,0.807815,0.685089,0.335624,0.982824,0.381520,17.804696
2618,1,1,1,13.514486,2.631994,0.567822,0.801594,0.690757,0.340960,0.995090,0.378437,20.079009
2619,1,1,1,12.216886,2.637619,0.562929,0.800837,0.685194,0.337458,0.995699,0.384074,18.775865
2620,1,1,1,13.613729,2.632222,0.562972,0.804467,0.692314,0.333102,0.979963,0.382400,20.159501
2621,1,1,1,10.600806,2.761150,0.569908,0.801877,0.687397,0.335348,0.982978,0.382080,17.279797
2622,1,1,1,11.784604,2.729914,0.568640,0.802006,0.687711,0.335299,0.981717,0.386689,18.435243
2623,0,1,0,13.476382,2.767767,0.564892,0.811588,0.689575,0.335102,0.987298,0.376012,20.166166
2624,1,1,1,13.546868,2.737139,0.563132,0.807360,0.690640,0.333901,0.982936,0.384732,20.202714
2625,1,1,1,13.277353,2.737471,0.564123,0.808868,0.688037,0.336726,0.995077,0.383865,19.949834
2626,1,1,1,11.619570,2.633600,0.707391,0.815304,0.697046,0.340948,0.982142,0.378967,18.335563
2627,1,1,1,11.730062,2.639182,0.572911,0.809329,0.807686,0.337607,0.981415,0.384486,18.423674
2628,1,1,1,13.497471,2.633366,0.570745,0.819022,0.821988,0.338960,0.983102,0.385434,20.212006
2629,1,1,1,13.462024,2.636511,0.563686,0.906960,0.716344,0.336892,0.995065,0.381563,20.160480
2630,1,1,1,12.162966,2.631175,0.567649,0.816252,0.691489,0.431262,0.990025,0.410259,18.862375
2631,0,1,1,13.798751,2.635385,0.567508,0.808486,0.826923,0.340351,0.990714,0.379539,20.509865
2632,0,1,0,13.543864,2.631582,0.561212,0.810941,0.816713,0.339570,0.984295,0.380603,20.229526
2633,1,1,1,11.421021,2.630751,0.564887,0.815212,0.691600,0.338757,1.002117,0.414696,18.036855
2634,1,1,1,13.494037,2.629102,0.563840,0.810646,0.687895,0.335914,0.996443,0.408733,20.086916
2635,1,1,1,11.723194,2.636954,0.562603,0.811311,0.683532,0.336093,0.982677,0.384585,18.276413
2636,1,1,0,13.634652,2.633360,0.568677,0.821471,0.682622,0.336948,0.996283,0.382486,20.212683
2637,1,1,1,13.640314,2.630141,0.567452,0.807908,0.690739,0.337551,0.982357,0.384726,20.198196
2638,1,1,0,13.506664,2.631576,0.565723,0.806794,0.688400,0.334893,0.981077,0.380080,20.052726
2639,0,1,0,13.597372,2.633070,0.565680,0.812148,0.692049,0.332111,0.989256,0.380197,20.159071
2640,1,1,1,10.593631,2.634573,0.568664,0.806086,0.689342,0.338708,0.983760,0.381292,17.159169
2641,1,1,1,10.607366,2.745440,0.569508,0.808910,0.684763,0.335304,0.995348,0.382585,17.286117
2642,0,1,0,13.744166,2.731933,0.570547,0.817593,0.695618,0.336855,0.979520,0.379052,20.412720
2643,1,1,1,10.749957,2.632936,0.564862,0.803292,0.794610,0.338911,0.984597,0.383871,17.412215
2644,1,1,0,13.690486,2.633182,0.565852,0.908270,0.695458,0.335323,0.981933,0.382714,20.351945
2645,1,1,1,10.635428,2.629766,0.561914,0.805852,0.693212,0.337286,0.982566,0.484818,17.290351
2646,0,1,0,13.696911,2.630652,0.572830,0.804658,0.689403,0.337612,0.985249,0.400819,20.275415
2647,1,1,1,13.223926,2.631779,0.562425,0.803502,0.683668,0.332191,1.034092,0.403071,19.831299
2648,1,1,1,11.956831,2.632375,0.562701,0.810566,0.696750,0.337305,0.984178,0.379630,18.516585
2649,1,1,1,11.228579,2.630941,0.566185,0.802505,0.689877,0.336019,0.982498,0.380677,17.771274
2650,1,1,1,10.657483,2.740314,0.567797,0.805766,0.696456,0.334960,0.982782,0.380110,17.328055
2651,1,1,1,13.260067,2.760326,0.566573,0.802690,0.695533,0.335347,0.983231,0.384031,19.946302
2652,1,1,1,11.780264,2.634197,0.564480,0.928283,0.704461,0.338425,0.988123,0.386738,18.484086
2653,1,1,1,13.478246,2.638671,0.566529,0.937440,0.695773,0.332572,0.995779,0.382714,20.185526
2654,1,1,1,11.879323,2.634837,0.569058,0.803606,0.690215,0.451570,0.981674,0.393440,18.564818
2655,1,1,1,11.761280,2.632979,0.564234,0.802031,0.687772,0.332154,0.987181,0.491003,18.416819
2656,1,1,1,12.549704,2.631908,0.564320,0.807218,0.694074,0.331883,0.985433,0.384461,19.104270
2657,0,1,0,14.308332,2.634013,0.560259,0.806344,0.689034,0.335551,0.981834,0.556418,21.027274
2658,1,1,1,11.318960,2.633982,0.566148,0.807139,0.693028,0.339434,0.986505,0.379760,17.886203
2659,0,1,0,13.746234,2.632443,0.563126,0.808732,0.693994,0.338099,0.983827,0.385089,20.311176
2660,1,1,1,12.901809,2.637237,0.562609,0.814954,0.697367,0.334535,0.997969,0.384338,19.488030
2661,1,1,1,10.619274,2.738855,0.562413,0.801785,0.692677,0.337249,0.982326,0.378960,17.273065
2662,1,1,1,10.753108,2.632622,0.569452,0.931366,0.697680,0.337225,0.982412,0.382437,17.446511
2663,1,1,1,11.787409,2.641151,0.568776,0.807760,0.689988,0.439009,0.987569,0.391490,18.471545
2664,0,1,0,13.719157,2.630221,0.567329,0.812000,0.817668,0.334247,0.982621,0.382874,20.408690
2665,1,1,1,10.556948,2.633520,0.568578,0.809970,0.688622,0.336757,0.983643,0.384148,17.119723
2666,1,1,1,11.773507,2.632468,0.563046,0.809754,0.691323,0.337132,0.985305,0.377883,18.328739
2667,0,1,1,13.654695,2.638043,0.567046,0.805409,0.687662,0.339477,0.979748,0.384739,20.216467
2668,1,1,1,10.669581,2.749107,0.575846,0.814018,0.685760,0.336123,0.982578,0.382714,17.354603
2669,1,1,0,13.459403,2.732899,0.564904,0.813434,0.684406,0.332314,0.979114,0.384813,20.109065
2670,1,1,1,10.814012,2.632492,0.569489,0.957003,0.696283,0.334185,0.982610,0.384228,17.533987
2671,1,1,1,10.634363,2.634855,0.569956,0.813133,0.689840,0.340505,0.988530,0.403908,17.232455
2672,1,1,1,13.554843,2.631815,0.568166,0.810548,0.685243,0.336098,0.984031,0.402960,20.133760
2673,0,1,0,13.946973,2.636450,0.564486,0.805600,0.687988,0.336917,0.992030,0.405243,20.645268
2674,1,1,1,11.381446,2.632086,0.566018,0.804523,0.689261,0.338579,0.980320,0.379459,17.927926
2675,1,1,0,11.090523,2.632523,0.559514,0.804856,0.690997,0.336135,0.982837,0.378800,17.631748
2676,1,1,1,11.312979,2.731877,0.573976,0.808203,0.692794,0.334197,0.981889,0.379827,17.974197
2677,1,1,1,13.513021,2.738585,0.562332,0.816357,0.689976,0.332301,0.980259,0.380055,20.169102
2678,1,1,1,10.801188,2.628775,0.563323,0.931200,0.700123,0.336911,0.986455,0.381871,17.489157
2679,1,1,0,9.330960,2.635385,0.563107,0.804313,0.687889,0.338763,0.983944,0.379594,15.878467
2680,1,1,1,13.662264,2.628191,0.563624,0.806301,0.689151,0.337754,0.981797,0.379619,20.209446
2681,1,1,1,11.535693,2.632443,0.560486,0.803637,0.695452,0.336234,0.982665,0.381409,18.084388
2682,1,1,0,13.417169,2.630954,0.573181,0.810043,0.688837,0.335354,0.981040,0.380702,19.975089
2683,1,1,1,13.583668,2.639877,0.566418,0.806517,0.688684,0.332646,0.985698,0.381360,20.143076
2684,1,1,1,10.386314,2.744351,0.573557,0.807132,0.692074,0.339889,0.996905,0.383569,17.083348
2685,0,1,0,13.712302,2.730320,0.564240,0.808098,0.693052,0.338204,0.995027,0.381822,20.378812
2686,1,1,1,10.709409,2.630726,0.564517,0.948290,0.694296,0.335637,0.994529,0.380627,17.417834
2687,1,1,1,13.476314,2.634990,0.571311,0.913588,0.693883,0.332757,0.985760,0.387120,20.154129
2688,1,1,1,11.286055,2.634203,0.569987,0.816178,0.687895,0.338375,0.988283,0.403932,17.883723
2689,1,1,1,11.113446,2.639292,0.564523,0.804683,0.684899,0.335470,0.996923,0.380105,17.673723
2690,0,1,0,13.643409,2.636357,0.631385,0.854812,0.730806,0.334972,0.982375,0.380683,20.363415
2691,1,1,1,11.772449,2.635656,0.561864,0.806659,0.684991,0.334800,0.982160,0.380486,18.314708
2692,1,1,1,10.667373,2.747772,0.568572,0.816616,0.691852,0.338388,0.985366,0.381415,17.356227
2693,0,1,0,13.563188,2.727656,0.571680,0.811840,0.691982,0.340898,0.992707,0.377163,20.237729
2694,0,1,0,13.657250,2.939163,0.571551,0.812265,0.689206,0.331926,0.981150,0.381293,20.526252
2695,1,1,1,10.637071,2.637108,0.566031,0.926714,0.702179,0.332917,0.987735,0.379889,17.327169
2696,1,1,1,10.413249,2.631619,0.565298,0.806320,0.694670,0.340006,0.979280,0.484351,17.072277
2697,0,1,0,13.863883,2.629311,0.571416,0.808960,0.691298,0.333612,0.995268,0.408812,20.461551
2698,1,1,1,11.309508,2.636110,0.569994,0.815440,0.690696,0.339791,0.981071,0.386493,17.887976
2699,1,1,1,10.725852,2.770160,0.568388,0.805975,0.687470,0.337145,0.982332,0.377213,17.415317
2700,1,1,1,13.443323,2.740535,0.570098,0.812363,0.691077,0.336031,0.979840,0.383102,20.114690
2701,1,1,1,13.419926,2.732050,0.569828,0.806850,0.688671,0.340339,0.985102,0.379434,20.078892
2702,1,1,1,10.638941,2.635582,0.684911,0.813772,0.685618,0.339218,0.978332,0.381353,17.317304
2703,0,1,0,13.884818,2.734363,0.568068,0.809569,0.686455,0.335354,0.987545,0.374621,20.536560
2704,1,1,1,10.754720,2.633846,0.568812,0.811883,0.789674,0.339021,0.994935,0.383945,17.437686
2705,1,1,1,13.333544,2.633440,0.565268,0.811618,0.822536,0.339292,0.994911,0.380714,20.043336
2706,1,1,1,13.708677,2.632375,0.564529,0.892449,0.708849,0.340178,0.981896,0.377489,20.370739
2707,1,1,1,10.596289,2.632670,0.563994,0.810339,0.688443,0.334252,0.996905,0.380148,17.160517
2708,1,1,1,10.842258,2.635508,0.564886,0.809754,0.689292,0.334179,0.995637,0.383520,17.411551
2709,1,1,1,11.753366,2.724480,0.572431,0.808056,0.686788,0.334670,0.981170,0.381305,18.402510
2710,1,1,1,10.668000,2.629009,0.568548,0.930289,0.697188,0.333606,0.982732,0.385994,17.353440
2711,1,1,1,10.623797,2.633101,0.565212,0.802086,0.692874,0.334197,1.074566,0.422209,17.307624
2712,1,1,1,10.678234,2.631612,0.568622,0.812375,0.692277,0.333950,0.981870,0.383699,17.239723
2713,1,1,1,11.556813,2.731126,0.567723,0.814129,0.688394,0.338154,0.984370,0.380942,18.218086
2714,1,1,1,10.808449,2.631181,0.663982,0.810800,0.686055,0.336775,0.997391,0.380899,17.473261
2715,1,1,1,13.481607,2.633200,0.685071,0.806763,0.686985,0.333680,0.984326,0.383016,20.153127
2716,1,1,1,11.305157,2.634616,0.570653,0.811317,0.789526,0.342603,0.984818,0.384148,17.986000
2717,0,1,0,13.805446,2.634769,0.565096,0.811360,0.790277,0.337169,0.993920,0.380252,20.477544
2718,1,1,1,11.625114,2.635803,0.566425,0.804837,0.693563,0.336498,0.984443,0.410615,18.216917
2719,1,1,1,10.607231,2.630215,0.559834,0.806788,0.685754,0.333876,0.985569,0.382843,17.149009
2720,1,1,1,9.392363,2.816610,0.572098,0.809619,0.693071,0.337182,0.993914,0.379840,16.152320
2721,1,1,1,10.748634,2.630659,0.570744,0.804787,0.692123,0.443200,0.998886,0.401520,17.446092
2722,1,1,1,13.766098,2.633292,0.563699,0.808407,0.812874,0.339261,0.983256,0.382381,20.450923
2723,1,1,1,10.757188,2.635107,0.564991,0.810031,0.687846,0.335976,0.997034,0.384320,17.329213
2724,1,1,1,10.852794,2.630603,0.567403,0.811324,0.699926,0.335058,0.983785,0.385717,17.424664
2725,1,1,1,10.736892,2.755163,0.569680,0.808763,0.691317,0.335384,0.980578,0.382449,17.419920
2726,1,1,1,13.489742,2.732357,0.572154,0.813612,0.690320,0.339132,0.983520,0.386234,20.167360
2727,0,1,0,13.654468,2.746591,0.571674,0.807920,0.689403,0.336517,0.985987,0.379083,20.331231
2728,1,1,1,10.782984,2.628997,0.573649,0.923876,0.705440,0.338979,0.981699,0.377059,17.472573
2729,1,1,1,13.539397,2.632960,0.563871,0.915865,0.692671,0.340117,0.982597,0.382535,20.210622
2730,1,1,1,11.553827,2.627452,0.564911,0.808677,0.687040,0.338831,0.988917,0.399833,18.128000
2731,0,1,0,13.825163,2.629354,0.571163,0.806634,0.683280,0.442074,0.984683,0.383846,20.482579
2732,1,1,1,10.785058,2.631366,0.560468,0.816044,0.690991,0.337476,0.997465,0.380412,17.353883
2733,1,1,1,13.598572,2.637403,0.563422,0.805852,0.695163,0.337083,0.984677,0.380055,20.158074
2734,1,1,1,11.821877,2.637120,0.571176,0.808314,0.688880,0.337286,0.982043,0.381987,18.387527
2735,1,1,1,13.446228,2.637342,0.568529,0.805459,0.686905,0.335274,0.987569,0.384591,20.006622
2736,1,1,1,11.312153,2.734449,0.572246,0.807286,0.694610,0.333575,0.995256,0.378954,17.988646
2737,1,1,1,13.477366,2.729440,0.570351,0.811065,0.691219,0.335686,0.981988,0.382813,20.137261
2738,1,1,1,9.462363,2.628289,0.567686,0.800301,0.794166,0.337563,0.985305,0.382203,16.118289
2739,1,1,1,13.530726,2.633834,0.565539,0.906658,0.704867,0.336295,0.982837,0.386049,20.206283
2740,1,1,1,11.439827,2.632548,0.566935,0.813834,0.689409,0.337299,0.986167,0.404185,18.029693
2741,1,1,1,13.481200,2.631409,0.563145,0.807550,0.689310,0.337052,0.986074,0.399261,20.052246
2742,1,1,1,13.288430,2.635502,0.563865,0.807064,0.694369,0.340573,0.989126,0.407612,19.889176
2743,1,1,1,12.097907,2.631274,0.560345,0.807544,0.691895,0.336105,0.983970,0.381495,18.648092
2744,1,1,1,10.860572,2.632899,0.564394,0.810775,0.684080,0.336567,0.985556,0.379065,17.407766
2745,1,1,0,13.148228,2.634388,0.562006,0.802653,0.691065,0.336738,0.981822,0.377477,19.692068
2746,1,1,1,11.487692,2.730806,0.564504,0.810893,0.688406,0.336856,0.995834,0.378339,18.154080
2747,1,1,0,13.646356,2.744886,0.565243,0.812554,0.689200,0.335963,0.984770,0.382548,20.318812
2748,1,1,0,13.716966,2.748111,0.569753,0.802807,0.696431,0.332935,0.984560,0.381089,20.392443
2749,1,1,1,11.984000,2.731163,0.573926,0.803194,0.682074,0.337028,0.994474,0.380868,18.644191
2750,1,1,1,13.770708,2.753126,0.568794,0.806867,0.685176,0.336074,0.981557,0.380781,20.445145
2751,1,1,1,13.519249,2.727483,0.570763,0.807606,0.691828,0.335612,0.979397,0.380615,20.170855
2752,1,1,1,11.750412,2.626579,0.679157,0.811618,0.692382,0.333643,0.984954,0.377969,18.414006
2753,1,1,1,10.712843,2.636025,0.562911,0.807477,0.691618,0.336369,0.982203,0.419027,17.304431
2754,1,1,1,10.792222,2.635231,0.568812,0.813236,0.694584,0.334388,0.983016,0.375846,17.354683
2755,1,1,1,10.611594,2.736837,0.565969,0.814492,0.691477,0.333957,0.982467,0.379809,17.273864
2756,1,1,1,10.798819,2.632880,0.571034,0.909594,0.697360,0.336154,0.985470,0.380160,17.472240
2757,1,1,1,11.154831,2.637070,0.566092,0.810117,0.685200,0.337440,0.986462,0.400062,17.735415
2758,1,1,0,13.650332,2.632160,0.559895,0.810462,0.688123,0.427815,0.985200,0.395784,20.311305
2759,1,1,1,11.185877,2.630554,0.563803,0.805145,0.689305,0.335200,0.982412,0.385366,17.736105
2760,1,1,1,10.852984,2.638345,0.563175,0.809249,0.695827,0.340381,0.996166,0.381643,17.435274
2761,1,1,1,13.376204,2.634548,0.566579,0.814487,0.693040,0.336455,0.982314,0.388880,19.950025
2762,1,1,1,13.658578,2.631939,0.565859,0.807077,0.695951,0.340227,0.980000,0.384376,20.221926
2763,1,1,1,11.208652,2.758092,0.569563,0.803446,0.689957,0.334782,0.986825,0.384689,17.891840
2764,1,1,1,10.743668,2.630270,0.566271,0.906573,0.729299,0.335822,0.985717,0.385637,17.448271
2765,1,1,1,11.759594,2.633957,0.565010,0.806357,0.686013,0.336548,0.994843,0.421335,18.362375
2766,1,1,0,13.680966,2.636037,0.565705,0.801624,0.691391,0.339384,1.005483,0.404073,20.379840
2767,1,1,1,13.411840,2.631249,0.562221,0.807544,0.686775,0.439920,0.988080,0.397385,20.085009
2768,0,1,0,10.192320,2.629157,0.567588,0.813797,0.691004,0.339305,0.981668,0.378732,16.751618
2769,1,1,1,11.226689,2.732677,0.567244,0.806350,0.690462,0.338221,0.982394,0.386677,17.888505
2770,1,1,1,13.679182,2.635963,0.567298,0.813563,0.691415,0.337957,0.980259,0.380769,20.245883
2771,1,1,1,13.524702,2.634812,0.565846,0.806862,0.692252,0.343200,0.993803,0.381175,20.100566
2772,1,1,1,11.740689,2.734850,0.565957,0.804954,0.693336,0.333133,0.981538,0.380707,18.394554
2773,1,1,1,10.771748,2.635267,0.563034,0.919107,0.699268,0.336671,0.982190,0.377236,17.440111
2774,1,1,1,11.268055,2.636110,0.566708,0.807883,0.690824,0.336203,0.996567,0.401951,17.862388
2775,1,1,1,11.693224,2.631563,0.563341,0.806505,0.692609,0.334659,0.986116,0.377754,18.240350
2776,1,1,1,12.201286,2.635876,0.569347,0.806264,0.687391,0.336388,0.982092,0.380240,18.757267
2777,1,1,1,11.089028,2.739268,0.569385,0.800461,0.686265,0.334179,0.982800,0.379957,17.738308
2778,1,1,1,10.791378,2.633163,0.572043,0.930339,0.696585,0.332683,0.983268,0.376991,17.473828
2779,1,1,1,10.723785,2.636474,0.563483,0.811034,0.694579,0.339347,0.983920,0.416043,17.330677
2780,1,1,1,10.708013,2.628197,0.567459,0.808233,0.692554,0.333828,0.982616,0.382394,17.263046
2781,1,1,1,11.369680,2.736043,0.567212,0.808265,0.685366,0.335502,0.981779,0.381803,18.020424
2782,0,1,0,13.702535,2.725176,0.566763,0.807704,0.689336,0.337619,0.981723,0.382553,20.350726
2783,1,1,1,11.415828,2.738246,0.568837,0.809637,0.689914,0.340062,0.984695,0.378683,18.082794
2784,1,1,1,13.435316,2.730381,0.572880,0.809268,0.689766,0.338443,0.981064,0.383784,20.098153
2785,1,1,1,11.205753,2.630007,0.566843,0.904234,0.699169,0.332554,0.994504,0.385138,17.873956
2786,1,1,1,11.692708,2.628332,0.564498,0.809200,0.686535,0.335071,0.982511,0.409335,18.269157
2787,1,1,1,10.620591,2.635212,0.560893,0.809132,0.693255,0.335108,0.981133,0.377729,17.168566
2788,1,1,1,11.861680,2.635465,0.570344,0.809459,0.680013,0.337452,0.980166,0.381636,18.415127
2789,1,1,1,12.674357,2.777544,0.559490,0.807852,0.691938,0.338560,0.980573,0.379495,19.367224
2790,1,1,1,10.807625,2.636080,0.688733,0.806658,0.689656,0.333268,0.982086,0.378437,17.486062
2791,0,1,0,13.731083,2.738338,0.571403,0.815003,0.693538,0.335453,0.985994,0.378511,20.406135
2792,1,1,1,10.798843,2.635212,0.567699,0.804326,0.694591,0.454744,0.997982,0.388837,17.498634
2793,0,1,0,13.567563,2.633225,0.557464,0.809108,0.808732,0.338640,0.994492,0.385969,20.254781
2794,1,1,1,13.067293,2.631366,0.575237,0.812997,0.781686,0.344732,0.983089,0.384271,19.754172
2795,1,1,1,10.585772,2.636812,0.557514,0.809286,0.696253,0.335864,0.983563,0.378745,17.136941
2796,1,1,1,10.679913,2.734714,0.565470,0.808468,0.684665,0.339699,0.983686,0.381858,17.338400
2797,1,1,1,13.588978,2.638744,0.565021,0.807353,0.692831,0.340264,0.982536,0.378880,20.151821
2798,1,1,1,13.620554,2.634111,0.563951,0.811582,0.692271,0.337034,0.980776,0.383735,20.185846
2799,1,1,1,13.641003,2.635114,0.568147,0.807188,0.687612,0.338376,0.988068,0.383009,20.204911
2800,1,1,1,13.508812,2.630627,0.566843,0.811606,0.688726,0.338062,0.996258,0.374499,20.073188
2801,1,1,1,11.478369,2.733206,0.577083,0.803317,0.688701,0.337089,0.984141,0.378627,18.136959
2802,0,1,0,13.683545,2.735305,0.570271,0.809520,0.692302,0.336991,0.980739,0.380449,20.347988
2803,1,1,1,12.915643,2.731760,0.563132,0.811157,0.690640,0.336363,0.986923,0.377969,19.573280
2804,1,1,1,13.472714,2.732553,0.567194,0.805668,0.690862,0.339028,0.987772,0.384191,20.138751
2805,1,1,1,10.787649,2.633865,0.568972,1.107083,0.702430,0.332474,0.981298,0.379791,17.651778
2806,1,1,1,13.518197,2.632444,0.667753,0.814486,0.689969,0.335520,0.989655,0.378726,20.185126
2807,1,1,1,10.686653,2.633790,0.563434,0.802517,0.688160,0.331957,0.983729,0.402966,17.250640
2808,1,1,1,13.073514,2.630314,0.564092,0.809754,0.689040,0.328671,0.988874,0.400818,19.647816
2809,1,1,1,11.151126,2.635261,0.561575,0.812825,0.689501,0.334461,0.979188,0.379520,17.698948
2810,0,1,1,13.610006,2.629693,0.563852,0.812849,0.685157,0.340393,0.981274,0.382228,20.163501
2811,1,1,1,13.575748,2.629636,0.564585,0.809569,0.692000,0.333606,0.982905,0.377975,20.122326
2812,1,1,1,11.677083,2.635619,0.569772,0.810603,0.685754,0.335262,0.980849,0.383034,18.235520
2813,1,1,1,11.180093,2.736634,0.572504,0.802954,0.687834,0.338954,0.995581,0.379391,17.851133
2814,1,1,1,13.529606,2.757883,0.568893,0.807870,0.695569,0.332369,0.979692,0.387064,20.219772
2815,1,1,1,13.287594,2.749052,0.566105,0.810320,0.691028,0.335822,0.984744,0.382117,19.964830
2816,1,1,0,13.684363,2.724320,0.572652,0.807335,0.694861,0.337840,0.984997,0.386246,20.353311
2817,1,1,1,13.250879,2.774868,0.571095,0.802141,0.694671,0.336197,0.982739,0.381150,19.949613
2818,1,1,1,10.811766,2.632111,0.687157,0.811908,0.690609,0.338776,0.981446,0.383748,17.496689
2819,1,1,1,13.555095,2.637864,0.674092,0.806738,0.686603,0.338535,0.983126,0.380215,20.224216
2820,0,1,0,13.547157,2.746960,0.581280,0.814191,0.691514,0.334049,0.981428,0.378548,20.239305
2821,1,1,1,11.504911,2.916553,0.648073,1.000578,0.865058,0.407569,1.006633,0.575218,19.130529
2822,1,1,1,14.837434,2.920080,0.678326,0.935052,0.844930,0.382510,0.998825,0.516960,22.323354
2823,1,1,1,10.721145,2.668406,0.568111,0.953932,0.698320,0.330671,0.996431,0.404184,17.506031
2824,1,1,1,11.576529,2.655157,0.586443,0.823736,0.709631,0.469551,0.984627,0.414517,18.384954
2825,1,1,1,12.455975,2.652824,0.574505,0.812332,0.707428,0.340621,1.040363,0.591625,19.349243
2826,0,1,0,15.026320,2.877624,0.716781,1.067256,0.838892,0.365797,1.004788,0.570283,22.676375
2827,0,1,0,14.958381,2.820819,0.599926,1.054271,0.914425,0.455372,1.007065,0.462000,22.492135
2828,1,1,1,11.413354,2.777052,0.588732,0.813292,0.707034,0.345120,0.983200,0.402664,18.198893
2829,1,1,1,13.616135,2.819834,0.687526,0.998954,0.806271,0.411213,1.019840,0.491348,21.044339
2830,0,1,0,15.638197,2.809311,0.720037,1.129262,0.831071,0.425212,1.023550,0.546665,23.335723
2831,1,1,1,13.460030,2.883951,0.730382,0.927723,0.897040,0.419680,1.008461,0.685219,21.221748
2832,1,1,1,12.269520,2.917348,0.696419,1.004061,0.875015,0.415367,1.024326,0.659193,20.085902
2833,1,1,1,12.269385,2.635668,0.559582,0.804092,0.683471,0.331945,0.995736,0.380228,18.817748
2834,1,1,1,10.903440,2.634677,0.567101,0.806178,0.694714,0.334917,0.982776,0.378455,17.462443
2835,1,1,1,11.268584,2.774683,0.568517,0.810178,0.687367,0.335120,0.980172,0.379613,17.964110
2836,1,1,1,10.816671,2.633618,0.570548,0.959902,0.713816,0.333287,0.980652,0.384622,17.555182
2837,1,1,1,13.580843,2.639766,0.566868,0.962750,0.695569,0.333815,0.978984,0.382628,20.300363
2838,1,1,1,13.543101,2.632394,0.678745,0.817883,0.693766,0.334301,0.982067,0.379557,20.221975
2839,1,1,1,13.635563,2.635212,0.681926,0.803428,0.688616,0.336788,0.988591,0.377532,20.304437
2840,1,1,1,11.501015,2.632247,0.569514,0.802793,0.795490,0.337809,0.979772,0.384092,18.158277
2841,0,1,1,11.165225,2.634677,0.561188,0.809053,0.688179,0.332867,0.997754,0.381508,17.723003
2842,1,1,1,13.593280,2.631655,0.563212,0.812234,0.685926,0.336068,0.996591,0.499022,20.278911
2843,1,1,1,11.333323,2.635624,0.560622,0.806899,0.686665,0.333994,0.982979,0.377495,17.871224
2844,1,1,1,11.889563,2.642197,0.568775,0.804185,0.689797,0.338007,0.995637,0.379187,18.466258
2845,1,1,1,10.742086,2.723034,0.570099,0.811889,0.694591,0.338056,0.983661,0.379698,17.399323
2846,1,1,1,10.797139,2.635920,0.569353,0.808197,0.689188,0.365305,0.982351,0.386548,17.472258
2847,1,1,1,10.515243,2.627970,0.562326,0.805354,0.688622,0.336757,0.987182,0.387754,17.066326
2848,1,1,0,13.646400,2.632597,0.569027,0.818332,0.691194,0.336505,0.981280,0.386271,20.216757
2849,1,1,1,12.188037,2.633292,0.560793,0.808430,0.692289,0.340658,0.996455,0.381884,18.758972
2850,1,1,1,10.785502,2.735846,0.567797,0.802504,0.698406,0.333871,0.983330,0.377982,17.444080
2851,1,1,1,10.723003,2.633539,0.566554,0.943975,0.691944,0.334634,0.980351,0.379631,17.410659
2852,1,1,1,11.717520,2.630018,0.564960,0.807920,0.691200,0.416240,0.984948,0.399600,18.369304
2853,0,1,0,13.758739,2.632302,0.564954,0.807593,0.799391,0.339575,0.988166,0.383113,20.433385
2854,1,1,0,13.724172,2.636726,0.571052,0.813570,0.812677,0.338523,0.984210,0.382775,20.422516
2855,1,1,1,11.691680,2.631957,0.564345,0.807071,0.689834,0.332591,0.989606,0.400861,18.265569
2856,1,1,1,10.618590,2.631631,0.568277,0.809927,0.688259,0.337594,0.995360,0.383926,17.194425
2857,1,1,1,10.728615,2.727132,0.573957,0.804566,0.682942,0.333280,0.985354,0.378480,17.371175
2858,0,1,0,13.859619,2.724665,0.573127,0.809784,0.694696,0.335667,0.983791,0.382683,20.521212
2859,1,1,0,13.547736,2.931403,0.568289,0.803981,0.689926,0.331698,0.998517,0.381317,20.411803
2860,1,1,1,13.666327,2.636677,0.574055,0.814732,0.688104,0.339206,0.982757,0.382154,20.240757
2861,1,1,1,10.741175,2.749766,0.566474,0.800535,0.687427,0.334283,0.985557,0.379988,17.402536
2862,1,1,1,13.515287,2.734535,0.565692,0.805902,0.686572,0.331256,0.991834,0.374270,20.165970
2863,1,1,0,13.477816,2.726782,0.562166,0.805612,0.693145,0.334787,0.983243,0.380843,20.121434
2864,1,1,1,13.459409,2.727821,0.575342,0.813016,0.684837,0.335612,0.979403,0.379865,20.116345
2865,1,1,1,11.217372,2.633889,0.567693,0.919403,0.698499,0.343354,0.980320,0.382929,17.901409
2866,1,1,1,13.433944,2.630018,0.564689,0.933723,0.698363,0.336807,0.996578,0.381255,20.137040
2867,1,1,1,10.640708,2.632277,0.567231,0.814098,0.694849,0.339206,0.992776,0.501040,17.338824
2868,1,1,1,12.475526,2.630818,0.567674,0.812898,0.691502,0.337409,0.994271,0.378511,19.044080
2869,1,1,1,10.690720,2.633170,0.561994,0.808862,0.690468,0.339446,0.981643,0.379797,17.241471
2870,1,1,1,13.800086,2.630499,0.568228,0.807526,0.686086,0.339354,0.994653,0.381311,20.363323
2871,0,1,0,13.540240,2.633477,0.567551,0.800984,0.685723,0.334880,0.990062,0.377138,20.085477
2872,1,1,1,13.029723,2.636061,0.568148,0.808259,0.690794,0.336616,0.981692,0.385520,19.593920
2873,1,1,1,11.590449,2.756061,0.567606,0.804308,0.690628,0.337151,0.996062,0.376498,18.280991
2874,1,1,1,13.537397,2.745551,0.573582,0.814985,0.688080,0.337834,0.992056,0.382240,20.230153
2875,1,1,1,9.310473,2.632751,0.566412,0.815692,0.689656,0.349207,0.982701,0.387256,15.978043
2876,1,1,0,13.485778,2.630677,0.566313,0.807963,0.803108,0.335581,0.996750,0.387668,20.172670
2877,1,1,1,9.341354,2.635096,0.557815,0.811163,0.687015,0.331545,0.979107,0.380486,15.881421
2878,0,1,0,13.570295,2.632529,0.567471,0.809932,0.688086,0.335809,0.995625,0.376615,20.135661
2879,0,1,0,13.782105,2.641957,0.559834,0.798991,0.689212,0.332683,0.988228,0.383336,20.332030
2880,0,1,1,12.880382,2.630726,0.567495,0.813687,0.693274,0.338338,0.980578,0.383053,19.445360
2881,1,1,1,10.685151,2.731773,0.566431,0.814394,0.692579,0.335139,0.981625,0.379865,17.342517
2882,1,1,0,9.355009,2.631237,0.569274,0.804142,0.695446,0.440203,0.987514,0.401268,16.043021
2883,1,1,1,10.633446,2.631470,0.565760,0.808067,0.690197,0.335803,0.982136,0.380006,17.183507
2884,1,1,1,10.728671,2.752185,0.570215,0.804726,0.688664,0.341151,0.995871,0.381286,17.421028
2885,1,1,1,13.534314,2.648511,0.565194,0.796677,0.689637,0.337360,0.982677,0.383182,20.193748
2886,0,1,0,13.683569,2.739588,0.690923,0.900770,0.707502,0.328511,0.985766,0.382056,20.588092
2887,1,1,1,11.902683,2.753040,0.569095,0.810498,0.691237,0.336104,0.984671,0.378677,18.582111
2888,1,1,1,13.543741,2.740499,0.571218,0.809483,0.687619,0.337059,0.981735,0.379791,20.212166
2889,1,1,1,10.309182,2.634850,0.565040,0.939403,0.692203,0.334480,0.981213,0.384153,16.999003
2890,0,1,0,13.696523,2.630074,0.676640,0.809932,0.689680,0.332381,0.982701,0.379108,20.355065
2891,1,1,1,11.744726,2.634111,0.565108,0.808579,0.801274,0.337594,0.983083,0.383225,18.416388
2892,1,1,1,13.129151,2.629779,0.565293,0.809846,0.811593,0.331797,0.982794,0.380455,19.800867
2893,1,1,1,13.602984,2.635065,0.571452,0.806320,0.796173,0.336665,0.981440,0.381982,20.270596
2894,1,1,1,13.549231,2.631434,0.565415,0.912006,0.694529,0.338997,0.986671,0.378824,20.215643
2895,1,1,1,10.639150,2.630905,0.564345,0.801883,0.686770,0.334701,0.986800,0.381656,17.183655
2896,1,1,1,10.872467,2.631822,0.564535,0.812056,0.693213,0.337077,0.982344,0.375489,17.429139
2897,1,1,1,10.648935,2.744394,0.567779,0.803588,0.684529,0.336873,0.982431,0.381742,17.307144
2898,1,1,1,12.912603,2.735852,0.576363,0.816117,0.693212,0.336320,0.982116,0.378203,19.592529
2899,1,1,1,11.712480,2.632997,0.571231,0.918006,0.695711,0.331970,0.984025,0.377871,18.382418
2900,0,1,0,13.690824,2.631619,0.571329,0.926308,0.699902,0.334708,0.996616,0.380868,20.393348
2901,1,1,1,10.716530,2.633022,0.561963,0.802338,0.689323,0.336166,0.985385,0.428271,17.311926
2902,0,1,0,13.675409,2.635846,0.569852,0.816443,0.689730,0.336388,0.981938,0.410800,20.276603
2903,1,1,1,13.446818,2.634394,0.561926,0.801538,0.689507,0.341317,0.985594,0.413446,20.034382
2904,0,1,0,13.686277,2.628203,0.566794,0.814191,0.695317,0.431464,0.987539,0.405600,20.378080
2905,1,1,0,13.757009,2.635852,0.558874,0.805717,0.803859,0.339151,0.997686,0.375994,20.437157
2906,1,1,1,10.812388,2.633120,0.566437,0.816856,0.692221,0.333175,0.981864,0.387710,17.380609
2907,1,1,1,10.808935,2.634947,0.562240,0.805040,0.690923,0.337951,0.983200,0.381465,17.360283
2908,1,1,1,10.679397,2.755662,0.567612,0.814111,0.692923,0.335914,0.981963,0.383853,17.371563
2909,1,1,1,13.385016,2.732424,0.565256,0.808173,0.692794,0.336178,0.981274,0.383963,20.040591
2910,1,1,1,11.290351,2.631114,0.568714,0.810080,0.797101,0.338788,0.981527,0.385618,17.962800
2911,1,1,0,13.624997,2.628480,0.570394,0.942068,0.701206,0.336837,0.983569,0.383299,20.328597
2912,1,1,1,13.497932,2.631261,0.565102,0.925477,0.688628,0.333373,0.981514,0.381311,20.163022
2913,1,1,1,10.748849,2.627680,0.563397,0.805157,0.682375,0.337157,1.014597,0.393372,17.332449
2914,1,1,1,10.975261,2.633200,0.568184,0.809883,0.683619,0.333779,0.982295,0.381409,17.523212
2915,0,1,0,14.052554,2.636843,0.560664,0.802886,0.689403,0.334492,0.995833,0.379138,20.607237
2916,0,1,0,13.854259,2.633600,0.566012,0.805003,0.693200,0.336782,0.997323,0.378258,20.424744
2917,1,1,1,11.838264,2.632948,0.560105,0.805729,0.692123,0.335797,0.979373,0.381206,18.383360
2918,0,1,1,14.337225,2.629815,0.564911,0.810234,0.692505,0.337507,0.980511,0.379225,20.889169
2919,1,1,1,13.431415,2.632123,0.564603,0.806585,0.684640,0.335286,0.990147,0.380769,19.979791
2920,0,1,0,13.814793,2.632148,0.569889,0.806517,0.691723,0.335169,0.994831,0.382222,20.381797
2921,1,1,1,13.387040,2.634338,0.561225,0.808031,0.692640,0.334105,0.984382,0.385059,19.943280
2922,1,1,1,13.120277,2.631304,0.566511,0.807273,0.691618,0.332843,0.982609,0.378037,19.672154
2923,1,1,1,11.500560,2.636129,0.565993,0.801280,0.689163,0.332123,0.984339,0.381052,18.044917
2924,1,1,1,13.790105,2.632123,0.569754,0.806376,0.687311,0.334689,0.988234,0.384529,20.350412
2925,1,1,1,10.620130,2.729889,0.561661,0.802929,0.688683,0.335273,0.984308,0.381834,17.263243
2926,1,1,1,11.617858,2.631600,0.570769,0.930314,0.699471,0.337237,0.984018,0.378505,18.310868
2927,0,1,0,13.881089,2.632578,0.683071,0.808142,0.694997,0.338936,0.982006,0.383372,20.562664
2928,1,1,1,11.754560,2.628504,0.573391,0.806566,0.811207,0.335058,0.984456,0.384080,18.443932
2929,1,1,1,11.388733,2.627575,0.561767,0.808880,0.692597,0.339735,0.996898,0.499428,18.072751
2930,1,1,1,10.793791,2.628277,0.564437,0.807243,0.692123,0.338289,0.982646,0.380413,17.344289
2931,1,1,1,13.513034,2.635816,0.561163,0.803803,0.694720,0.339489,0.981668,0.383237,20.070086
2932,1,1,1,11.472504,2.746523,0.574253,0.809563,0.684868,0.338406,0.995944,0.380344,18.161446
2933,0,1,0,13.645212,2.749711,0.562542,0.797434,0.688615,0.336043,0.980825,0.379865,20.297132
2934,1,1,1,13.610351,2.630283,0.564591,0.811816,0.690523,0.332486,0.982622,0.378917,20.159305
2935,0,1,0,13.364308,2.633138,0.567613,0.808012,0.689581,0.337538,0.987348,0.378393,19.923188
2936,0,1,0,13.492634,2.629821,0.563219,0.816141,0.691194,0.337434,0.996744,0.381237,20.064154
2937,0,1,0,13.720283,2.635846,0.560929,0.803379,0.688080,0.337871,0.996830,0.376080,20.274548
2938,0,1,0,13.768025,2.636110,0.574135,0.810012,0.692991,0.336782,0.983446,0.385391,20.342479
2939,1,1,1,11.209465,2.759021,0.570179,0.806664,0.690726,0.335452,0.985533,0.378504,17.892265
2940,1,1,1,10.774806,2.637594,0.565428,0.919347,0.697723,0.336376,0.982111,0.381206,17.452142
2941,0,1,0,13.860775,2.630141,0.669815,0.805422,0.693951,0.336658,0.979273,0.378769,20.510867
2942,1,1,1,10.799932,2.635231,0.564855,0.808837,0.688960,0.333477,0.985409,0.410917,17.387686
2943,1,1,1,10.763293,2.633803,0.561994,0.808012,0.689101,0.336744,0.988720,0.382683,17.319563
2944,1,1,1,11.836314,2.631015,0.560363,0.813865,0.690978,0.338794,0.980080,0.377932,18.389034
2945,0,1,1,13.773256,2.631323,0.561619,0.812905,0.689268,0.335551,0.982025,0.382406,20.324086
2946,1,1,1,10.828166,2.738308,0.566043,0.809342,0.688763,0.332013,0.993821,0.379883,17.496006
2947,1,1,1,13.516320,2.753624,0.563704,0.807607,0.691262,0.336473,0.980911,0.379987,20.187686
2948,1,1,1,12.525538,2.741311,0.575329,0.808542,0.687618,0.333416,0.995815,0.380960,19.205576
2949,1,1,1,11.212492,2.633434,0.567237,0.801686,0.813175,0.334972,0.982677,0.382123,17.888818
2950,1,1,0,13.078634,2.632320,0.572388,0.817151,0.822000,0.334018,0.995951,0.384480,19.800831
2951,1,1,1,11.225600,2.635409,0.567532,0.809323,0.686757,0.335772,0.988308,0.491975,17.902609
2952,1,1,1,13.693107,2.633477,0.572849,0.814204,0.693914,0.340191,0.997305,0.423963,20.330954
2953,1,1,1,13.480326,2.631102,0.565827,0.803797,0.690345,0.332363,0.993354,0.412548,20.069446
2954,1,1,1,11.431323,2.634849,0.567471,0.803237,0.690609,0.336215,0.994444,0.382407,17.998467
2955,1,1,1,11.487212,2.633649,0.566461,0.799470,0.692726,0.337840,0.983255,0.383656,18.039576
2956,1,1,1,11.659865,2.739859,0.575569,0.809729,0.690892,0.335354,0.980449,0.380572,18.333970
2957,1,1,1,13.537200,2.733754,0.566074,0.805600,0.693600,0.335385,0.985391,0.380806,20.194591
2958,1,1,1,11.886412,2.758738,0.569913,0.803945,0.697717,0.338024,0.982572,0.382862,18.584110
2959,1,1,1,10.644436,2.633237,0.566948,0.813120,0.687822,0.424671,0.988867,0.392825,17.313366
2960,1,1,1,12.178049,2.634572,0.566948,0.809932,0.685459,0.336665,1.079305,0.401477,18.853354
2961,1,1,1,10.707052,2.637317,0.563101,0.802782,0.689889,0.332954,0.984344,0.378067,17.251643
2962,1,1,1,10.686702,2.730985,0.569416,0.810917,0.692172,0.334665,0.994123,0.384338,17.360788
2963,1,1,1,10.647963,2.629987,0.566357,0.915600,0.705619,0.340356,0.979907,0.382431,17.330910
2964,1,1,1,10.792407,2.628775,0.568344,0.810757,0.693243,0.335545,0.998339,0.479089,17.465003
2965,1,1,1,10.740966,2.633477,0.562616,0.806456,0.692357,0.338216,0.985865,0.376892,17.294320
2966,1,1,1,13.601286,2.633065,0.567107,0.807625,0.689809,0.338560,0.986178,0.382800,20.162264
2967,1,1,1,10.660104,2.736302,0.569274,0.810412,0.692800,0.335268,0.984813,0.378917,17.324591
2968,1,1,1,10.805748,2.635551,0.568781,0.928696,0.700326,0.336049,0.980997,0.379748,17.497741
2969,1,1,1,13.689619,2.636517,0.567262,0.929667,0.697901,0.336942,0.982548,0.382369,20.380271
2970,1,1,1,13.655600,2.631736,0.665317,0.812659,0.694339,0.333803,0.994744,0.382301,20.329544
2971,1,1,0,13.984382,2.749526,0.570535,0.810529,0.689034,0.335507,0.982326,0.380948,20.659729
2972,1,1,1,13.571243,2.732092,0.566954,0.809730,0.691791,0.336037,0.984455,0.378031,20.227144
2973,0,1,0,13.844111,2.721187,0.556308,0.805262,0.686714,0.329778,0.996843,0.373816,20.470597
2974,1,1,1,12.571236,2.778701,0.571692,0.814610,0.685594,0.333779,0.985729,0.381138,19.281870
2975,1,1,1,13.255570,2.736468,0.564209,0.805305,0.692542,0.335557,0.980080,0.380991,19.907095
2976,1,1,1,10.695742,2.629902,0.566474,0.808751,0.694036,0.356880,1.001163,0.388283,17.396160
2977,1,1,1,9.276468,2.633766,0.567298,0.811330,0.690252,0.336400,0.991643,0.380234,15.846197
2978,1,1,1,11.507040,2.738240,0.569274,0.809323,0.693982,0.339188,0.997587,0.380080,18.191822
2979,1,1,1,13.086160,2.733907,0.566209,0.801896,0.693046,0.338597,0.983803,0.378917,19.741126
2980,1,1,1,13.315539,2.731976,0.572043,0.813852,0.689409,0.342247,0.984523,0.384585,19.994510
2981,0,1,0,13.785538,2.727730,0.561181,0.808012,0.693132,0.335256,0.979446,0.381261,20.429329
2982,1,1,0,13.643834,2.637083,0.571618,0.810548,0.695920,0.335095,0.981212,0.383200,20.218781
2983,1,1,1,13.540572,2.634899,0.567347,0.807292,0.691551,0.336043,0.986738,0.384504,20.104936
2984,1,1,1,10.718252,2.728947,0.569421,0.810467,0.691409,0.337163,0.996554,0.380676,17.389576
2985,1,1,1,11.404019,2.630751,0.564221,0.802172,0.884228,0.332006,0.997237,0.378215,18.150770
2986,1,1,1,9.422671,2.634609,0.569796,0.810825,0.692351,0.334665,0.982930,0.383034,15.988726
2987,1,1,1,10.589680,2.766344,0.564806,0.813649,0.691095,0.332105,0.979372,0.382572,17.277096
2988,1,1,1,10.808098,2.629016,0.681434,0.816394,0.699502,0.334006,0.983379,0.380566,17.492007
2989,1,1,1,10.674640,2.632567,0.559225,0.807464,0.690794,0.332222,0.986308,0.412763,17.255600
2990,0,1,0,13.427569,2.631834,0.562652,0.811692,0.691465,0.333754,0.994597,0.418560,20.030535
2991,1,1,1,13.585902,2.630240,0.567969,0.808769,0.688566,0.333643,0.994572,0.411803,20.178332
2992,1,1,1,12.845859,2.631729,0.566523,0.813982,0.691342,0.338658,0.995157,0.415926,19.460449
2993,1,1,1,11.194578,2.634991,0.566363,0.814129,0.693723,0.338714,0.996277,0.380173,17.773797
2994,1,1,1,13.831828,2.631957,0.568265,0.805348,0.698671,0.336763,0.979791,0.382653,20.395938
2995,1,1,1,13.535064,2.636117,0.552412,0.802960,0.687243,0.340633,0.982019,0.379329,20.072708
2996,1,1,1,10.677613,2.740031,0.565643,0.807046,0.692812,0.332953,0.983859,0.382080,17.338467
2997,1,1,0,13.869526,2.638689,0.563471,0.805495,0.687514,0.338185,0.985840,0.377619,20.424800
2998,0,1,0,13.451760,2.628191,0.566536,0.815354,0.690197,0.334049,0.982542,0.380640,20.008621
2999,0,1,0,13.610228,2.636006,0.567957,0.805440,0.686818,0.338861,0.987071,0.385335,20.177126
3000,1,1,1,13.630431,2.632665,0.570240,0.811207,0.692178,0.338296,0.985674,0.376505,20.201575
3001,1,1,1,12.171495,2.633114,0.567564,0.811015,0.684911,0.334204,0.981373,0.380418,18.722702
3002,0,1,0,13.838110,2.635188,0.566086,0.812942,0.683569,0.339526,0.985464,0.382474,20.400499
3003,0,1,0,13.567933,2.632147,0.567040,0.801305,0.690738,0.337065,0.980388,0.384554,20.119779
3004,1,1,1,11.710412,2.736166,0.574560,0.812388,0.690253,0.334628,0.986056,0.385643,18.387704
3005,1,1,1,10.806228,2.631526,0.670240,0.809138,0.692966,0.333655,0.982468,0.384117,17.468314
3006,1,1,1,11.663630,2.633390,0.567508,0.808394,0.788203,0.344129,0.985710,0.381495,18.336505
3007,1,1,1,11.745440,2.633261,0.558997,0.806658,0.693631,0.332425,0.979139,0.482049,18.388185
3008,1,1,1,13.501114,2.631514,0.567760,0.809311,0.688855,0.340000,0.998387,0.406449,20.103668
3009,1,1,1,13.310942,2.629513,0.563280,0.806123,0.691742,0.338301,1.000689,0.402227,19.899095
3010,0,1,0,13.326720,2.632831,0.566665,0.815575,0.692234,0.336087,0.996819,0.401477,19.925876
3011,1,1,1,13.533274,2.631987,0.558960,0.806351,0.693427,0.337748,0.984265,0.400167,20.104825
3012,0,1,0,13.642111,2.630326,0.562800,0.812123,0.693957,0.338579,0.988234,0.391884,20.219495
3013,1,1,1,13.183212,2.632074,0.562474,0.798948,0.685194,0.341274,0.985594,0.402295,19.748825
3014,1,1,1,12.413145,2.633526,0.564456,0.806210,0.689883,0.335163,0.994135,0.378400,18.973809
3015,1,1,1,11.311459,2.632862,0.564487,0.803710,0.693896,0.336935,0.980511,0.379717,17.861452
3016,1,1,1,11.901520,2.750493,0.564677,0.809206,0.692425,0.333083,0.995649,0.376172,18.582080
3017,1,1,1,11.192357,2.727976,0.566972,0.802185,0.691188,0.334394,0.981600,0.382455,17.839415
3018,1,1,1,11.307816,2.631600,0.568307,0.809397,0.831969,0.336031,0.984979,0.384517,18.019305
3019,1,1,1,13.356418,2.630375,0.561963,0.810904,0.807447,0.336258,0.994142,0.382018,20.038874
3020,0,1,0,12.435150,2.630413,0.572056,0.807784,0.690099,0.442148,0.984166,0.397896,19.120517
3021,0,1,0,13.506302,2.631483,0.563908,0.800616,0.811901,0.343791,0.995305,0.381280,20.206696
3022,0,1,0,13.546025,2.633274,0.569015,0.813175,0.825748,0.338683,0.984117,0.382129,20.254806
3023,1,1,1,12.165582,2.634449,0.562683,0.805477,0.691360,0.336172,0.996911,0.409052,18.760111
3024,1,1,1,11.423901,2.635016,0.572240,0.807354,0.692757,0.334443,0.981052,0.379489,17.984714
3025,1,1,1,13.396074,2.633692,0.564726,0.804018,0.690351,0.339539,0.985496,0.381729,19.951569
3026,1,1,1,10.638615,2.735821,0.569834,0.807009,0.689612,0.338185,0.996430,0.377329,17.313588
3027,1,1,1,11.235606,2.743778,0.567656,0.809785,0.694640,0.334935,0.981809,0.383040,17.908123
3028,1,1,1,10.734197,2.640277,0.565409,0.814628,0.794018,0.340073,0.996227,0.383502,17.430289
3029,1,1,1,13.406351,2.631785,0.563650,0.805673,0.801434,0.334787,0.984985,0.381427,20.069243
3030,1,1,1,13.474314,2.634862,0.565360,0.808172,0.793982,0.337883,0.988910,0.384400,20.150646
3031,1,1,1,11.407778,2.636006,0.563717,0.805310,0.691790,0.335957,1.076782,0.405704,18.081175
3032,0,1,0,13.475391,2.634209,0.566197,0.807501,0.692253,0.338062,0.984141,0.401975,20.058997
3033,1,1,1,10.711378,2.631508,0.559889,0.807157,0.686270,0.336234,0.995993,0.380345,17.267065
3034,1,1,1,11.691027,2.755305,0.579828,0.816080,0.687981,0.334535,0.983317,0.376781,18.384523
3035,1,1,1,11.698800,2.725311,0.560185,0.810289,0.689231,0.335994,0.981859,0.381021,18.340289
3036,1,1,1,10.809987,2.633501,0.568277,0.809163,0.827883,0.338092,0.984948,0.379938,17.516480
3037,1,1,1,10.937299,2.680948,0.567624,0.807200,0.683126,0.326572,0.993594,0.383754,17.664812
3038,1,1,1,10.701427,2.637280,0.564787,0.804744,0.691372,0.334542,0.983132,0.382394,17.258006
3039,1,1,1,13.227323,2.634683,0.565668,0.805618,0.692228,0.335421,0.986948,0.382184,19.787237
3040,1,1,1,11.334609,2.761735,0.574031,0.809569,0.694215,0.336714,0.997151,0.376973,18.047324
3041,1,1,1,10.363717,2.633594,0.570351,0.808419,0.814511,0.333649,0.987501,0.380264,17.050923
3042,1,1,1,11.427427,2.633594,0.568382,0.803864,0.691236,0.333287,0.995342,0.414744,18.027175
3043,1,1,1,11.126240,2.634689,0.561083,0.813606,0.689828,0.336418,0.981120,0.384757,17.685083
3044,1,1,1,10.814098,2.757366,0.572111,0.807489,0.694461,0.336493,0.996190,0.382012,17.518049
3045,1,1,1,13.530221,2.732702,0.569323,0.812178,0.689348,0.337582,0.983194,0.378844,20.190967
3046,1,1,1,13.554012,2.736671,0.569095,0.806548,0.690923,0.336591,0.995077,0.377200,20.225182
3047,0,1,1,13.742504,2.636050,0.560498,0.806055,0.690271,0.337766,0.995225,0.379157,20.303046
3048,0,1,0,13.767095,2.635243,0.567003,0.816708,0.691372,0.335920,0.980437,0.383717,20.334596
3049,0,1,0,13.912831,2.633126,0.561840,0.810806,0.691742,0.334006,0.982338,0.381753,20.465839
3050,1,1,1,10.759724,2.754400,0.577083,0.804486,0.690092,0.334862,0.995120,0.381077,17.456326
3051,1,1,1,11.213194,2.638351,0.565760,0.914997,0.697858,0.336757,0.983576,0.380603,17.888117
3052,1,1,1,10.716234,2.635096,0.570375,0.805502,0.686713,0.335612,0.989452,0.399864,17.297403
3053,1,1,1,11.383847,2.637194,0.560652,0.797495,0.688745,0.332000,0.982745,0.380080,17.916381
3054,1,1,1,11.842560,2.634935,0.562843,0.811705,0.690277,0.335852,0.988357,0.380184,18.402763
3055,1,1,1,12.785213,2.744018,0.566763,0.807267,0.692671,0.336960,0.979507,0.381372,19.448640
3056,0,1,0,13.884831,2.631932,0.565969,0.814190,0.686443,0.337360,0.983890,0.384923,20.447274
3057,0,1,0,13.822228,2.631428,0.564658,0.804830,0.690825,0.334456,0.985852,0.381840,20.372468
3058,1,1,1,11.303040,2.733661,0.573176,0.809809,0.689090,0.334670,0.982381,0.384874,17.972510
3059,1,1,1,10.722234,2.630462,0.563280,0.934253,0.694413,0.336849,0.994074,0.382819,17.418776
3060,1,1,1,10.716499,2.633286,0.570228,0.811557,0.696603,0.338578,1.058905,0.420862,17.406523
3061,1,1,1,11.108356,2.630012,0.571016,0.802917,0.688769,0.332061,0.995606,0.383003,17.666382
3062,1,1,1,13.560542,2.638099,0.559907,0.820123,0.694265,0.338634,0.980991,0.381686,20.133538
3063,1,1,1,11.913163,2.634025,0.560443,0.800160,0.689926,0.332363,0.983268,0.379132,18.447581
3064,1,1,1,10.651299,2.746732,0.572425,0.813058,0.687317,0.334381,0.979717,0.382837,17.327539
3065,1,1,1,11.440671,2.633655,0.566141,0.804640,0.790173,0.338653,0.984314,0.382468,18.098468
3066,1,1,1,10.800320,2.636560,0.562609,0.810671,0.692738,0.339649,0.983403,0.378363,17.360228
3067,0,1,0,13.719908,2.632203,0.554172,0.806258,0.688942,0.333231,0.980793,0.486536,20.360677
3068,1,1,1,13.401372,2.631336,0.566855,0.804781,0.691625,0.335249,1.001477,0.405871,19.997145
3069,1,1,1,10.361704,2.631416,0.557187,0.801933,0.689587,0.334634,0.981249,0.385206,16.897741
3070,1,1,0,13.813058,2.633736,0.567440,0.811797,0.685335,0.337644,0.994855,0.380197,20.382701
3071,1,1,1,13.405926,2.629329,0.560283,0.804713,0.688573,0.337754,0.994671,0.379218,19.957372
3072,1,1,1,12.656757,2.635268,0.565187,0.810615,0.690942,0.335458,0.989526,0.383686,19.223907
3073,1,1,1,10.630450,2.732209,0.568105,0.809151,0.688369,0.333853,0.981539,0.379803,17.282770
3074,0,1,0,13.304609,2.727821,0.572609,0.809489,0.696400,0.332701,0.983791,0.380191,19.966535
3075,1,1,1,11.406745,2.633606,0.566074,0.913871,0.706105,0.336609,0.991674,0.381871,18.091341
3076,1,1,1,10.823145,2.631563,0.572664,0.808548,0.688806,0.338092,0.982548,0.496289,17.500542
3077,1,1,1,11.888856,2.631735,0.564553,0.806203,0.689484,0.334092,0.982332,0.385323,18.437889
3078,1,1,1,11.554984,2.633422,0.569859,0.814671,0.692776,0.336781,0.982800,0.384363,18.128590
3079,1,1,1,11.250444,2.909816,0.568591,0.808948,0.689010,0.337083,0.981421,0.382178,18.088714
3080,1,1,1,13.564222,2.747428,0.569311,0.805723,0.690283,0.333563,0.997397,0.384062,20.251901
3081,0,1,0,13.646234,2.745065,0.564283,0.806154,0.688554,0.334333,0.987667,0.383508,20.312671
3082,1,1,1,13.492474,2.754123,0.569286,0.808603,0.689502,0.337138,0.996148,0.381336,20.188468
3083,0,1,0,14.002873,2.633988,0.561267,0.809292,0.697464,0.335015,0.985299,0.386283,20.568713
3084,1,1,1,13.609040,2.633544,0.564117,0.814640,0.691797,0.336344,0.980037,0.378308,20.163724
3085,1,1,1,10.751040,2.770370,0.566000,0.807766,0.692197,0.336887,0.995908,0.379224,17.453286
3086,1,1,1,11.449348,2.633932,0.569489,0.912793,0.691403,0.337299,0.978689,0.380670,18.113274
3087,1,1,1,13.306579,2.636904,0.562412,0.903661,0.696794,0.333495,0.996591,0.379729,19.973132
3088,1,1,1,10.692313,2.631145,0.565877,0.805206,0.693828,0.336776,0.981422,0.496326,17.360855
3089,1,1,1,13.533385,2.629908,0.560332,0.805870,0.691176,0.335981,0.994567,0.480788,20.189846
3090,0,1,0,13.891083,2.634246,0.560757,0.810818,0.688923,0.338117,0.987975,0.402314,20.476326
3091,0,1,0,13.689526,2.635181,0.559815,0.810283,0.691673,0.338228,0.986227,0.411250,20.279797
3092,1,1,1,11.647218,2.631938,0.566966,0.810812,0.688517,0.336646,0.979649,0.385022,18.203459
3093,1,1,1,11.290074,2.633588,0.564960,0.802074,0.689034,0.335637,0.994880,0.378837,17.844904
3094,1,1,1,13.652677,2.630837,0.563372,0.805883,0.692634,0.334942,0.984659,0.378566,20.199988
3095,1,1,1,11.217489,2.739200,0.563366,0.810111,0.688911,0.332424,0.986443,0.385194,17.883803
3096,1,1,1,10.673040,2.634480,0.573902,0.937157,0.697692,0.338147,0.979859,0.384819,17.382499
3097,1,1,1,10.753908,2.631976,0.566425,0.808764,0.693514,0.336585,0.995779,0.414215,17.361650
3098,1,1,1,9.207422,2.763391,0.566129,0.808763,0.693416,0.340850,0.980757,0.378819,15.899680
3099,1,1,1,11.684351,2.738757,0.566782,0.805846,0.690535,0.334436,0.981342,0.377274,18.335797
3100,1,1,1,11.294905,2.634382,0.564917,0.910665,0.694062,0.334904,0.998492,0.381268,17.975163
3101,1,1,1,10.776591,2.633385,0.561704,0.806573,0.687107,0.338425,0.981446,0.530487,17.470179
3102,1,1,1,9.294683,2.736677,0.569723,0.804172,0.695963,0.334277,0.995735,0.381293,15.972135
3103,1,1,1,13.483846,2.652210,0.567434,0.805840,0.689348,0.336418,0.980314,0.379397,20.058548
3104,1,1,1,10.752136,2.744597,0.575237,0.804124,0.693354,0.336825,0.985489,0.384160,17.437471
3105,1,1,1,11.755089,2.632431,0.570763,0.904320,0.707145,0.332363,0.982726,0.378578,18.422713
3106,1,1,1,13.576320,2.630843,0.578498,0.925034,0.700726,0.337656,0.996327,0.383397,20.289821
3107,1,1,1,11.236905,2.637834,0.566831,0.811748,0.689582,0.338387,0.989114,0.407920,17.835545
3108,1,1,1,13.551397,2.637188,0.569477,0.804616,0.686450,0.337686,0.988154,0.425495,20.157760
3109,0,1,0,13.826757,2.628713,0.565594,0.810529,0.689563,0.445139,0.987323,0.397459,20.511323
3110,1,1,1,10.790498,2.637619,0.568074,0.810978,0.689422,0.339570,0.983151,0.378898,17.354172
3111,0,1,0,13.825951,2.631126,0.563422,0.812714,0.689932,0.336610,0.980634,0.384228,20.380732
3112,1,1,1,11.746332,2.638498,0.566837,0.814573,0.686910,0.339280,0.980825,0.384819,18.317384
3113,1,1,1,11.152068,2.735859,0.571606,0.809957,0.688899,0.335760,0.980535,0.379237,17.814277
3114,1,1,1,10.768437,2.634437,0.566985,0.946450,0.697741,0.331034,0.984978,0.383637,17.472578
3115,1,1,1,13.270978,2.632572,0.565218,0.908991,0.695532,0.336276,0.981575,0.378517,19.928757
3116,0,1,0,13.848979,2.635705,0.672689,0.820634,0.691261,0.337637,0.981717,0.379133,20.528720
3117,1,1,1,13.438757,2.760720,0.562141,0.813908,0.686787,0.336793,0.984424,0.379914,20.117538
3118,1,1,1,11.746541,2.637908,0.565655,0.906258,0.705404,0.329969,0.987095,0.380831,18.421077
3119,1,1,1,10.728985,2.630867,0.570437,0.809514,0.688080,0.333348,0.983403,0.380160,17.280726
3120,1,1,1,11.286382,2.633563,0.569815,0.808437,0.687581,0.335378,0.995717,0.386351,17.861975
3121,1,1,1,10.587335,2.737188,0.570548,0.805822,0.683477,0.341563,0.995471,0.381360,17.256948
3122,1,1,1,10.705705,2.635237,0.565372,0.922813,0.709902,0.336868,0.994671,0.383846,17.418893
3123,1,1,1,13.621458,2.630880,0.567224,0.920424,0.695680,0.334173,0.984794,0.381581,20.292449
3124,1,1,1,10.871901,2.631416,0.568154,0.804228,0.690073,0.339255,0.998616,0.413458,17.476289
3125,1,1,1,9.159422,2.739932,0.563575,0.807926,0.698806,0.335797,0.979409,0.379237,15.820215
3126,1,1,1,10.678369,2.632012,0.664806,0.803871,0.688142,0.340345,0.985816,0.378000,17.330338
3127,1,1,1,13.448646,2.744899,0.568566,0.812714,0.688985,0.338898,0.982671,0.380344,20.123501
3128,1,1,1,10.812024,2.632536,0.567778,0.810751,0.688775,0.442031,0.986412,0.388887,17.486899
3129,1,1,1,10.601157,2.633489,0.561803,0.809483,0.691403,0.331151,0.990061,0.379255,17.153231
3130,1,1,1,13.625280,2.820911,0.559655,0.812523,0.687674,0.327779,0.981459,0.379532,20.359723
3131,1,1,1,11.522185,2.637243,0.558166,0.803453,0.685724,0.330683,0.982634,0.385218,18.059945
3132,1,1,1,13.660265,2.633514,0.569176,0.807668,0.694806,0.332333,0.984437,0.379822,20.220904
3133,1,1,1,11.335914,2.748535,0.569403,0.806197,0.686720,0.333667,0.983052,0.375581,17.994757
3134,1,1,1,13.535796,2.963576,0.571538,0.806578,0.684696,0.334991,0.995237,0.376049,20.426332
3135,1,1,1,10.640990,2.633360,0.660751,0.805939,0.689975,0.336425,0.985908,0.382603,17.292523
3136,1,1,1,11.299600,2.631311,0.569502,0.808234,0.694788,0.434179,0.984892,0.389261,17.969212
3137,1,1,1,13.530689,2.628640,0.566203,0.802000,0.788326,0.339926,0.984320,0.381299,20.181581
3138,1,1,1,13.541896,2.630000,0.571797,0.807230,0.822578,0.336542,0.980296,0.384369,20.238092
3139,1,1,1,11.750301,2.635920,0.563452,0.810283,0.689883,0.338326,0.984536,0.395526,18.327563
3140,0,1,1,13.732781,2.633391,0.562314,0.810972,0.687840,0.335243,0.986529,0.401723,20.309680
3141,1,1,1,10.701582,2.635625,0.560116,0.806111,0.686979,0.339047,0.991305,0.377446,17.254849
3142,0,1,0,13.776147,2.636449,0.565926,0.809224,0.691840,0.334695,0.984160,0.386037,20.344117
3143,1,1,1,10.746345,2.760523,0.567224,0.809982,0.689699,0.335416,0.996480,0.383268,17.444720
3144,1,1,1,9.344542,2.631970,0.569471,0.804136,0.839834,0.336074,0.984868,0.387495,16.060942
3145,1,1,1,10.572929,2.635508,0.565447,0.816652,0.691114,0.334757,0.981957,0.382345,17.135415
3146,1,1,1,13.766542,2.636597,0.575416,0.809207,0.687126,0.338898,0.996541,0.379490,20.347323
3147,1,1,0,13.637587,2.630160,0.567015,0.807730,0.687840,0.338387,0.980763,0.496769,20.305483
3148,1,1,1,11.287465,2.627225,0.564541,0.816289,0.687778,0.335274,0.983053,0.380923,17.840523
3149,1,1,1,12.932295,2.633631,0.563526,0.808013,0.691914,0.337090,0.985551,0.378942,19.484714
3150,1,1,1,10.835575,2.736400,0.566653,0.807661,0.693846,0.332751,0.980930,0.382431,17.493348
3151,1,1,1,13.255170,2.733637,0.566640,0.803409,0.693280,0.334886,0.996603,0.379316,19.920160
3152,1,1,1,11.310597,2.629231,0.660646,0.808990,0.696080,0.339890,0.981865,0.387791,17.974455
3153,1,1,1,10.693779,2.634364,0.559015,0.811630,0.691108,0.341348,0.994277,0.397730,17.278240
3154,1,1,1,13.084031,2.636892,0.562314,0.809502,0.689895,0.334979,0.984664,0.403508,19.665021
3155,1,1,1,12.192702,2.629224,0.565249,0.810369,0.688972,0.337027,0.980289,0.383564,18.746203
3156,1,1,1,13.692388,2.625988,0.669551,0.933292,0.907237,0.400450,1.012542,0.652874,21.086498
3157,1,1,1,11.326327,2.724978,0.644806,0.878031,0.796308,0.377108,1.004603,0.531496,18.476621
3158,1,1,1,12.262726,2.718954,0.662197,0.889317,0.805028,0.394210,1.001643,0.549237,19.477810
3159,1,1,1,12.149391,2.712240,0.650917,0.880696,0.797366,0.374745,0.998757,0.555403,19.311926
3160,1,1,1,13.994985,2.636190,0.559218,0.805428,0.691483,0.333545,0.982757,0.377950,20.540437
3161,1,1,1,13.636086,2.631508,0.564646,0.804892,0.690289,0.332745,0.994400,0.383822,20.192800
3162,1,1,1,9.339501,2.780702,0.571976,0.808141,0.690215,0.340954,0.986837,0.381021,16.059606
3163,1,1,1,10.734862,2.634621,0.570468,0.808216,0.822701,0.339779,0.984597,0.383686,17.436080
3164,0,1,0,13.482129,2.628948,0.567606,0.916603,0.701040,0.336849,0.980154,0.377378,20.149145
3165,0,1,0,13.280874,2.629791,0.564412,0.953120,0.708283,0.339224,0.983637,0.379661,19.995028
3166,0,1,0,13.624468,2.630499,0.563427,0.929077,0.698350,0.332547,0.981784,0.378960,20.299803
3167,0,1,0,13.575607,2.632726,0.658277,0.816000,0.691699,0.333810,0.983287,0.378184,20.232301
3168,1,1,1,13.519741,2.631588,0.755003,0.890800,0.718068,0.335933,0.984301,0.387193,20.387267
3169,1,1,1,11.722923,2.635656,0.566160,0.811483,0.828148,0.335877,0.997907,0.382584,18.441181
3170,0,1,0,13.874960,2.629188,0.569323,0.950714,0.699225,0.336941,0.983212,0.380142,20.583606
3171,1,1,1,13.377360,2.631286,0.564265,0.945286,0.692923,0.338837,0.986406,0.379803,20.072178
3172,1,1,1,10.667323,2.630917,0.571852,0.815883,0.688813,0.340099,1.002917,0.429231,17.306191
3173,1,1,1,11.164640,2.635200,0.564671,0.804671,0.688197,0.336074,0.997102,0.379274,17.727390
3174,1,1,1,9.353231,2.735114,0.572289,0.810757,0.690683,0.338142,0.995255,0.384972,16.042449
3175,0,1,0,13.739662,2.733545,0.568431,0.847908,0.688326,0.334830,0.995292,0.383175,20.449773
3176,1,1,1,11.761606,2.636997,0.705526,0.811021,0.693188,0.332763,0.983852,0.380412,18.469059
3177,1,1,1,13.479169,2.655015,0.658868,0.804622,0.683778,0.335065,0.982025,0.440117,20.199545
3178,1,1,1,11.783188,2.650142,0.568308,0.805735,0.791311,0.334043,0.981434,0.383698,18.460856
3179,0,1,0,13.393779,2.636388,0.553840,0.806086,0.798511,0.377330,0.986807,0.394732,20.115286
3180,1,1,1,11.779219,2.630492,0.567877,0.802856,0.753852,0.334984,0.986333,0.406714,18.428437
3181,1,1,1,13.344757,2.630585,0.564246,0.846449,0.698018,0.330062,0.990584,0.408116,19.972363
3182,1,1,1,10.700154,2.633994,0.563292,0.840658,0.715434,0.332923,0.995409,0.383569,17.331496
3183,1,1,1,13.624745,2.650984,0.563988,0.803501,0.691329,0.332215,0.983213,0.379476,20.185711
3184,1,1,1,10.927822,2.772664,0.592259,0.831348,0.701096,0.348677,0.984246,0.410111,17.740585
3185,1,1,1,13.619692,2.647557,0.558437,0.799464,0.688517,0.328991,0.980222,0.377132,20.156560
3186,1,1,1,10.774880,2.754578,0.571846,0.813120,0.692277,0.337335,0.980622,0.382234,17.469101
3187,0,1,0,13.786517,2.756098,0.567446,0.808000,0.685650,0.334468,0.985151,0.379268,20.461760
3188,1,1,1,13.397982,2.724166,0.566221,0.807188,0.687348,0.335698,0.982067,0.383108,20.043022
3189,0,1,0,13.847760,2.727723,0.560302,0.809058,0.693520,0.335877,0.982492,0.382388,20.496252
3190,1,1,1,10.797803,2.629637,0.564523,0.955390,0.705625,0.337754,0.983557,0.383803,17.521255
3191,1,1,1,13.592567,2.632627,0.566794,0.939286,0.696258,0.334775,0.981618,0.380056,20.283828
3192,0,1,0,13.870412,2.634209,0.676216,0.808677,0.696850,0.334154,0.985058,0.378831,20.544228
3193,0,1,0,13.652197,2.761790,0.564597,0.811803,0.690763,0.336505,0.981305,0.377975,20.335692
3194,1,1,1,12.971766,2.737846,0.577625,0.810948,0.694923,0.334818,0.981951,0.379286,19.648031
3195,0,1,0,13.722394,2.744030,0.564781,0.803145,0.689833,0.330455,0.995458,0.379022,20.385397
3196,1,1,1,10.683421,2.628947,0.568327,0.811250,0.826000,0.339822,0.984554,0.389551,17.396437
3197,1,1,1,10.995397,2.633139,0.566160,0.812646,0.683194,0.335576,0.982204,0.377483,17.541366
3198,1,1,1,13.689896,2.634382,0.562708,0.815926,0.685773,0.335384,0.999502,0.380800,20.261674
3199,1,1,1,13.516000,2.633545,0.565502,0.810941,0.691570,0.338653,0.982954,0.507926,20.208560
3200,1,1,1,11.451495,2.635883,0.571907,0.819341,0.689717,0.338388,0.995502,0.386295,18.043674
3201,0,1,0,13.890111,2.631950,0.563569,0.805772,0.688019,0.337378,0.981261,0.384099,20.439650
3202,1,1,1,11.411311,2.633292,0.566338,0.821064,0.695933,0.338283,0.984130,0.388609,17.998178
3203,1,1,1,13.631427,2.635047,0.568788,0.810172,0.688394,0.337477,0.982167,0.382025,20.194480
3204,1,1,1,11.710382,2.734787,0.573557,0.813083,0.695410,0.335705,0.994413,0.380800,18.397711
3205,1,1,1,11.736763,2.723631,0.568086,0.815354,0.693163,0.335686,0.981526,0.379920,18.390400
3206,0,1,0,13.449902,2.727453,0.572825,0.815046,0.687422,0.336006,0.980763,0.384370,20.110837
3207,1,1,1,13.560566,2.725994,0.568271,0.812215,0.690991,0.337156,0.988067,0.379385,20.218911
3208,1,1,1,10.754979,2.627557,0.567459,0.811729,0.796911,0.336868,0.982406,0.381440,17.421378
3209,1,1,1,11.431354,2.633028,0.561767,0.808904,0.685163,0.337212,0.979533,0.488713,18.084369
3210,1,1,1,10.726301,2.634419,0.571926,0.802104,0.687711,0.335606,0.996474,0.386375,17.296406
3211,1,1,1,13.525175,2.639588,0.568345,0.808222,0.692462,0.339686,0.982824,0.378677,20.090375
3212,1,1,0,13.884800,2.630388,0.562209,0.804123,0.692886,0.334381,0.994283,0.379607,20.438603
3213,1,1,1,10.686634,2.736234,0.572985,0.808510,0.688750,0.332504,0.983538,0.380314,17.348794
3214,1,1,1,13.221144,2.744554,0.572524,0.807151,0.691188,0.338425,0.995052,0.381108,19.911957
3215,1,1,1,13.459347,2.756744,0.563391,0.805034,0.687483,0.339114,0.984302,0.377250,20.129993
3216,1,1,1,10.790431,2.639870,0.569705,0.930787,0.695563,0.335662,0.985852,0.382917,17.487668
3217,1,1,0,12.771021,2.629779,0.565723,0.943828,0.699465,0.336585,0.982067,0.378572,19.465218
3218,1,1,1,11.690357,2.626653,0.565409,0.803551,0.689416,0.339422,0.987446,0.431360,18.295526
3219,1,1,1,13.724744,2.637163,0.568160,0.802597,0.685126,0.454080,0.984056,0.389889,20.405514
3220,1,1,1,11.775674,2.629637,0.568462,0.814572,0.693286,0.336868,0.983360,0.497495,18.457513
3221,1,1,1,10.669865,2.634659,0.561588,0.805717,0.693815,0.340271,0.981409,0.381262,17.224690
3222,0,1,0,13.386972,2.632831,0.570739,0.814074,0.691981,0.337501,0.994018,0.383668,19.970332
3223,1,1,1,13.918683,2.628277,0.558793,0.810935,0.689169,0.332855,0.995631,0.381218,20.472099
3224,1,1,0,13.591015,2.630917,0.561520,0.809379,0.686505,0.335730,0.980960,0.379298,20.135341
3225,1,1,1,10.637231,2.755791,0.569822,0.809673,0.689587,0.338006,0.986683,0.386215,17.329680
3226,1,1,0,12.863735,2.758056,0.572930,0.815009,0.687895,0.334695,0.981151,0.383834,19.556375
3227,1,1,1,10.765126,2.632670,0.568302,0.937028,0.700615,0.334960,0.994332,0.381065,17.475255
3228,1,1,1,11.613003,2.627827,0.567132,0.810413,0.693003,0.336794,0.986105,0.417360,18.214431
3229,0,1,0,13.618616,2.637816,0.563956,0.811489,0.693883,0.420320,1.009884,0.406326,20.327047
3230,1,1,1,11.820314,2.628874,0.575539,0.815206,0.691058,0.337335,0.981077,0.461914,18.479391
3231,1,1,1,12.392370,2.633785,0.561224,0.804622,0.694179,0.334794,0.994942,0.383385,18.957452
3232,1,1,1,13.642769,2.633847,0.570166,0.812818,0.694696,0.339440,0.981834,0.379027,20.212886
3233,1,1,1,9.422486,2.758098,0.568627,0.816185,0.692320,0.335107,0.983643,0.381821,16.116283
3234,1,1,0,12.704117,2.751545,0.571415,0.806990,0.688880,0.337132,0.988597,0.376979,19.386270
3235,1,1,1,10.641101,2.633846,0.562707,0.809360,0.790960,0.334633,0.985342,0.382511,17.300129
3236,0,1,0,13.642830,2.634320,0.567446,0.913027,0.695618,0.335009,0.980720,0.381612,20.311828
3237,1,1,1,11.188369,2.627883,0.557594,0.801779,0.692369,0.333212,0.982597,0.405433,17.746886
3238,1,1,1,13.578332,2.633883,0.569465,0.815513,0.690671,0.330216,0.997693,0.408074,20.186560
3239,1,1,1,12.825428,2.636111,0.560917,0.798868,0.689403,0.338381,0.996813,0.482123,19.484474
3240,1,1,1,11.654135,2.632689,0.563594,0.806757,0.694246,0.336160,0.980923,0.381126,18.206714
3241,0,1,0,14.052603,2.628991,0.558530,0.807434,0.685674,0.335625,0.984019,0.377693,20.584936
3242,1,1,1,11.446702,2.633987,0.570228,0.815329,0.693637,0.335884,0.981686,0.380936,18.014573
3243,1,1,1,11.679150,2.922843,0.568320,0.805477,0.695329,0.331181,0.984720,0.384676,18.532271
3244,0,1,1,11.105994,2.635317,0.683101,0.812142,0.692923,0.334221,0.994887,0.381341,17.801163
3245,1,1,1,9.315471,2.634665,0.558295,0.807883,0.689920,0.338757,0.994376,0.379004,15.874270
3246,1,1,1,13.691760,2.632646,0.573902,0.807828,0.696996,0.336480,0.980413,0.480929,20.357292
3247,1,1,1,13.683803,2.634658,0.560338,0.807089,0.685624,0.335637,0.989495,0.419784,20.273280
3248,1,1,1,10.784259,2.634264,0.565951,0.806406,0.686788,0.332892,0.980197,0.380124,17.326123
3249,0,1,0,13.833096,2.635563,0.564948,0.813015,0.689403,0.334898,0.982098,0.373311,20.383107
3250,1,1,1,13.254142,2.631612,0.569379,0.813458,0.696646,0.333120,0.982978,0.380141,19.820025
3251,1,1,1,10.732068,2.739335,0.565698,0.810394,0.694615,0.337625,0.983637,0.381058,17.404394
3252,1,1,1,12.906037,2.732689,0.565299,0.808418,0.689625,0.336129,0.986043,0.379514,19.564154
3253,1,1,1,10.632345,2.632345,0.566911,0.934061,0.699686,0.336794,0.981846,0.382763,17.324425
3254,1,1,1,12.545490,2.631803,0.566917,0.811354,0.798547,0.335360,0.981212,0.384394,19.215821
3255,1,1,1,10.634985,2.631126,0.556492,0.808308,0.688818,0.340185,0.985144,0.378148,17.178640
3256,1,1,1,11.772763,2.630400,0.565920,0.809323,0.687883,0.334591,0.981249,0.382554,18.324862
3257,1,1,1,13.422185,2.633735,0.558018,0.810929,0.692240,0.334517,0.981970,0.384111,19.973188
3258,1,1,1,11.683366,2.728585,0.568467,0.816400,0.684105,0.333354,0.998049,0.386271,18.357994
3259,0,1,0,14.003274,2.637637,0.566369,0.803132,0.689545,0.336018,0.979815,0.381471,20.554541
3260,1,1,1,10.842332,2.742960,0.574295,0.809853,0.688991,0.337354,0.979625,0.378191,17.511822
3261,1,1,0,13.440240,2.746578,0.571551,0.805071,0.691070,0.336191,0.986018,0.378443,20.114191
3262,1,1,1,10.774148,2.631046,0.566388,0.817957,0.803237,0.333963,0.985710,0.381249,17.455772
3263,1,1,1,10.578867,2.634585,0.564252,0.803379,0.694720,0.336745,0.984283,0.381557,17.135975
3264,1,1,1,13.501317,2.633883,0.568874,0.807889,0.686905,0.339637,0.983741,0.382314,20.064388
3265,1,1,1,10.800468,2.635760,0.566812,0.807059,0.690486,0.336148,0.979317,0.379028,17.354935
3266,0,1,0,14.041003,2.633453,0.559280,0.811329,0.691213,0.335797,0.983502,0.385674,20.599532
3267,1,1,1,11.413907,2.749323,0.568277,0.809151,0.689397,0.332739,0.981108,0.380234,18.081932
3268,1,1,1,11.473563,2.633329,0.673693,0.810739,0.693003,0.339551,0.996123,0.381237,18.157637
3269,1,1,1,10.740917,2.637151,0.558462,0.807784,0.688794,0.337465,0.985354,0.407034,17.322739
3270,1,1,1,10.674265,2.631717,0.568307,0.809348,0.699797,0.335378,0.982812,0.382609,17.243643
3271,1,1,1,13.532603,2.632972,0.565139,0.804407,0.686843,0.334572,0.980314,0.381606,20.073883
3272,1,1,1,13.612092,2.633588,0.563643,0.808099,0.685938,0.334462,0.980351,0.382006,20.153403
3273,1,1,0,13.755089,2.630917,0.564092,0.806320,0.690123,0.335895,0.984665,0.378523,20.305015
3274,1,1,1,11.359495,2.630751,0.566720,0.804751,0.690941,0.332776,0.985034,0.383354,17.911890
3275,1,1,1,11.714615,2.731557,0.572166,0.806991,0.685847,0.332966,0.984455,0.376252,18.366166
3276,1,1,1,10.859065,2.631102,0.572461,0.924634,0.703311,0.337465,0.980412,0.385994,17.555994
3277,1,1,1,13.507735,2.629465,0.664739,0.820941,0.699600,0.337859,0.982744,0.384757,20.188093
3278,0,1,0,13.616499,2.630474,0.685336,0.807551,0.685797,0.336376,0.983673,0.377095,20.283687
3279,1,1,1,11.794794,2.634941,0.560259,0.806917,0.810991,0.334455,0.981970,0.383471,18.466813
3280,1,1,1,13.518215,2.632400,0.571120,0.912037,0.713673,0.338332,0.994486,0.382523,20.228147
3281,0,1,1,13.267163,2.633895,0.562905,0.911619,0.718344,0.337748,0.983797,0.380339,19.956147
3282,1,1,1,11.551428,2.634148,0.562929,0.809009,0.690129,0.337120,0.983747,0.414388,18.142412
3283,1,1,1,11.676843,2.630628,0.561513,0.811852,0.686837,0.334480,0.985397,0.383606,18.229274
3284,1,1,0,13.294240,2.632203,0.568179,0.813710,0.687920,0.338868,0.985047,0.384781,19.861329
3285,0,1,0,13.874720,2.632658,0.565421,0.809920,0.687932,0.334227,0.984818,0.381145,20.429693
3286,1,1,1,13.619612,2.632431,0.572320,0.813901,0.695034,0.333409,0.980154,0.381932,20.188443
3287,1,1,1,13.602997,2.635871,0.561206,0.810345,0.691360,0.339034,0.980228,0.490487,20.269513
3288,1,1,1,10.806031,2.636277,0.561329,0.807151,0.691286,0.334763,0.981268,0.378542,17.351828
3289,1,1,1,11.221108,2.726923,0.567736,0.805237,0.693458,0.340388,0.982541,0.379828,17.876024
3290,0,1,0,13.797150,2.743421,0.566972,0.806972,0.693299,0.335785,0.982948,0.380283,20.464800
3291,1,1,1,13.445237,2.768744,0.564609,0.805385,0.685200,0.335292,0.992942,0.381791,20.138351
3292,1,1,0,13.737538,2.638160,0.566640,0.814905,0.689070,0.334308,0.982769,0.384031,20.303994
3293,1,1,1,13.581901,2.634486,0.563846,0.811871,0.691033,0.340067,0.984548,0.378024,20.140831
3294,1,1,0,13.735101,2.637047,0.568259,0.804689,0.691588,0.338751,0.980264,0.382727,20.296074
3295,1,1,1,10.724818,2.734880,0.569126,0.805416,0.689175,0.336209,0.983108,0.383471,17.385237
3296,1,1,1,13.561834,2.745255,0.570492,0.812388,0.689877,0.339150,0.997538,0.382584,20.256733
3297,1,1,1,11.226517,2.633951,0.559784,0.926560,0.695175,0.336862,0.982653,0.382493,17.903421
3298,1,1,0,13.771181,2.633329,0.661753,0.812413,0.691095,0.337052,0.980868,0.386326,20.436418
3299,1,1,1,11.697907,2.631004,0.560806,0.809513,0.773668,0.340548,0.995157,0.377532,18.350141
3300,1,1,1,10.781581,2.632179,0.566812,0.802037,0.693594,0.335132,0.981323,0.375864,17.325071
3301,1,1,1,11.273748,2.633176,0.566283,0.810480,0.688621,0.336665,0.988640,0.385280,17.838831
3302,1,1,1,13.628529,2.632874,0.567452,0.804967,0.687667,0.338621,0.981582,0.383538,20.181213
3303,1,1,1,10.632819,2.733489,0.567748,0.804824,0.687588,0.336419,0.996172,0.381834,17.298271
3304,1,1,1,13.512603,2.730455,0.567255,0.807410,0.686567,0.336098,0.995563,0.380098,20.174418
3305,1,1,1,11.457200,2.629532,0.565981,0.919729,0.706172,0.334025,0.985563,0.381372,18.140850
3306,1,1,1,13.562394,2.629864,0.677262,0.821840,0.694308,0.333164,0.993705,0.377914,20.252067
3307,1,1,1,11.462511,2.632388,0.570080,0.809557,0.694498,0.438905,0.986160,0.392486,18.144498
3308,1,1,1,13.530338,2.627009,0.569544,0.810425,0.801465,0.339594,0.993939,0.382381,20.219108
3309,0,1,0,13.655618,2.636394,0.561483,0.807440,0.804523,0.335477,0.986493,0.387113,20.333169
3310,1,1,1,10.692831,2.635113,0.566418,0.806233,0.692467,0.339471,0.981834,0.375477,17.246892
3311,1,1,1,13.646652,2.635225,0.570923,0.807070,0.684450,0.339200,0.997422,0.467095,20.313040
3312,1,1,1,13.504714,2.631010,0.566837,0.803883,0.691034,0.338714,0.983471,0.497188,20.175612
3313,1,1,0,12.685317,2.639815,0.561784,0.808843,0.691213,0.335945,0.982941,0.377656,19.240763
3314,1,1,1,11.799667,2.626234,0.567206,0.805471,0.694609,0.336584,0.984160,0.382640,18.352794
3315,1,1,1,13.475766,2.631077,0.569317,0.809920,0.687877,0.335532,0.996781,0.381317,20.042793
3316,0,1,0,13.864462,2.636677,0.566997,0.804640,0.685280,0.339373,0.986191,0.382043,20.423262
3317,1,1,1,13.538855,2.640197,0.563699,0.809293,0.692462,0.334087,0.983385,0.382979,20.103932
3318,0,1,0,13.364997,2.635631,0.571587,0.808781,0.688873,0.332628,0.986388,0.380369,19.926997
3319,1,1,1,11.274720,2.639058,0.566375,0.808713,0.686013,0.335071,0.983858,0.380868,17.830172
3320,1,1,1,10.850733,2.729932,0.572111,0.800572,0.694788,0.336019,0.982375,0.378905,17.507661
3321,1,1,1,11.711661,2.630480,0.561563,0.905477,0.694640,0.337655,0.986172,0.385902,18.371107
3322,0,1,0,13.587680,2.628806,0.569840,0.959212,0.695070,0.338616,0.996732,0.379292,20.315262
3323,1,1,1,10.787951,2.636714,0.566135,0.799267,0.693132,0.335483,0.982425,0.404449,17.361145
3324,1,1,0,13.502160,2.627742,0.562196,0.810990,0.687194,0.333680,0.982505,0.408400,20.075981
3325,1,1,1,11.673699,2.638425,0.561311,0.810142,0.689618,0.334400,0.990135,0.382049,18.237175
3326,1,1,1,11.404166,2.637656,0.570511,0.815705,0.698547,0.337243,0.979797,0.380966,17.982880
3327,1,1,0,12.648351,2.741200,0.565071,0.804985,0.693465,0.335187,0.980824,0.381138,19.309766
3328,1,1,1,10.837606,2.629994,0.616800,0.812757,0.690006,0.330726,0.979785,0.385065,17.521280
3329,1,1,1,11.444676,2.629950,0.568037,0.804954,0.809785,0.335760,0.982917,0.382406,18.117495
3330,1,1,1,11.369471,2.633987,0.562683,0.806997,0.689114,0.337797,0.993033,0.498800,18.053415
3331,1,1,1,11.775988,2.631619,0.561730,0.808966,0.687538,0.338720,0.993779,0.382603,18.336911
3332,0,1,0,13.761108,2.631932,0.567705,0.814179,0.689926,0.336296,0.983643,0.379243,20.323637
3333,1,1,1,10.609292,2.754221,0.569127,0.804129,0.697311,0.338683,0.983988,0.381347,17.295618
3334,0,1,0,13.937496,2.638283,0.569643,0.806806,0.692646,0.335932,0.984455,0.381563,20.501815
3335,0,1,0,13.341360,2.631470,0.567077,0.815027,0.689341,0.341207,0.980314,0.377944,19.902307
3336,1,1,1,10.815065,2.742676,0.568714,0.804160,0.686314,0.334991,0.980277,0.383120,17.473169
3337,1,1,1,10.749446,2.632936,0.563280,0.802708,0.790929,0.344209,0.986129,0.379877,17.409213
3338,0,1,0,13.571864,2.629268,0.576775,0.806498,0.832499,0.337668,0.981465,0.387280,20.284800
3339,1,1,1,10.725033,2.632228,0.566468,0.802234,0.688505,0.337428,0.982393,0.378431,17.267945
3340,1,1,1,10.681871,2.631858,0.561378,0.812381,0.697249,0.338757,0.979827,0.383095,17.245120
3341,1,1,1,10.755384,2.732572,0.564554,0.801797,0.688861,0.337723,0.985089,0.384831,17.407668
3342,1,1,1,11.350652,2.636351,0.568000,0.813735,0.816622,0.336332,0.981440,0.380074,18.044843
3343,1,1,1,12.747902,2.635674,0.563139,0.810431,0.816640,0.338634,0.984646,0.379994,19.441182
3344,1,1,1,11.784179,2.629532,0.567341,0.813834,0.692837,0.336147,1.006270,0.422191,18.410585
3345,1,1,1,13.568031,2.630621,0.562492,0.801680,0.686886,0.337815,0.993809,0.408683,20.147871
3346,1,1,1,13.555957,2.635071,0.567656,0.813293,0.688295,0.341735,0.987108,0.411650,20.160222
3347,1,1,1,10.701520,2.635982,0.568960,0.803624,0.692856,0.331649,0.984443,0.381877,17.257846
3348,0,1,0,13.897643,2.630221,0.568437,0.807003,0.688695,0.335145,0.981465,0.380037,20.448314
3349,1,1,1,13.607957,2.634013,0.562474,0.809569,0.685317,0.342006,0.984166,0.377957,20.160166
3350,1,1,1,11.880296,2.636049,0.567446,0.806553,0.692050,0.338929,0.983932,0.384960,18.448105
3351,1,1,1,13.796462,2.636788,0.565243,0.809286,0.686665,0.339551,0.993440,0.382615,20.367280
3352,1,1,1,10.799539,2.743028,0.567945,0.808141,0.693446,0.337631,0.983200,0.379249,17.471304
3353,0,1,0,13.984757,2.730554,0.569286,0.808861,0.693508,0.334203,0.981396,0.385416,20.645600
3354,0,1,0,13.558966,2.765194,0.579698,0.804813,0.690831,0.338960,0.985305,0.382148,20.265428
3355,1,1,1,13.502467,2.642997,0.570148,0.807987,0.692591,0.334326,0.986775,0.380197,20.072745
3356,1,1,1,13.652344,2.634818,0.570819,0.804246,0.684043,0.337772,0.980264,0.381317,20.202486
3357,0,1,0,12.932185,2.645563,0.569742,0.806382,0.687267,0.337015,0.987982,0.384123,19.613390
3358,1,1,1,11.917151,2.739415,0.568240,0.809969,0.689908,0.334794,0.982418,0.377933,18.578147
3359,1,1,1,10.781151,2.636345,0.564683,0.928110,0.697187,0.335526,0.996086,0.383766,17.482751
3360,1,1,1,14.409969,2.633126,0.677527,0.815773,0.680603,0.337742,0.979243,0.381551,21.074929
3361,0,1,0,13.773889,2.732744,0.571459,0.804308,0.690665,0.337994,0.980757,0.378370,20.429083
3362,1,1,1,11.441483,2.635526,0.571298,0.908142,0.695225,0.338407,0.984874,0.381317,18.114579
3363,1,1,1,13.457606,2.632049,0.561649,0.939858,0.690486,0.335317,0.986984,0.376197,20.137889
3364,1,1,1,10.664259,2.629791,0.561250,0.811982,0.685705,0.333938,0.994664,0.490418,17.330344
3365,0,1,0,13.529797,2.635360,0.561354,0.802837,0.697176,0.338911,1.066757,0.405255,20.195748
3366,1,1,1,10.787465,2.631286,0.563624,0.807889,0.692012,0.333520,0.982419,0.382461,17.337822
3367,1,1,0,13.763514,2.635489,0.564917,0.808738,0.687538,0.336449,0.996086,0.376850,20.322886
3368,1,1,1,12.761527,2.631076,0.570702,0.811083,0.687108,0.333895,0.993034,0.387175,19.331612
3369,1,1,1,14.353618,2.631926,0.562856,0.802732,0.689686,0.330640,0.979876,0.378234,20.889384
3370,1,1,1,10.663440,2.739458,0.568332,0.813545,0.690203,0.338012,0.983157,0.381070,17.336898
3371,1,1,1,13.528394,2.735489,0.569083,0.810185,0.693305,0.334233,0.993692,0.383975,20.209119
3372,1,1,1,10.806313,2.640154,0.682948,0.816271,0.688228,0.337489,0.981963,0.384560,17.494394
3373,1,1,1,13.299778,2.634289,0.680590,0.808769,0.689557,0.337249,0.986511,0.381717,19.975550
3374,1,1,1,11.712259,2.639107,0.565729,0.810116,0.812683,0.334216,0.997101,0.383114,18.415705
3375,1,1,1,11.715649,2.634603,0.561982,0.808837,0.695218,0.339181,0.996431,0.414049,18.326351
3376,1,1,0,13.555188,2.633354,0.570837,0.804954,0.694419,0.335126,0.995390,0.409581,20.160659
3377,1,1,1,10.661957,2.635846,0.570000,0.806314,0.689963,0.338677,0.983963,0.379692,17.222271
3378,1,1,1,10.690080,2.737299,0.569582,0.812302,0.687194,0.339077,0.981594,0.380142,17.358849
3379,1,1,1,13.473003,2.749009,0.567298,0.807237,0.687969,0.340923,0.982480,0.381305,20.147557
3380,1,1,0,13.768566,2.747754,0.563686,0.816370,0.688388,0.334462,0.982529,0.383797,20.442456
3381,1,1,1,10.739373,2.632579,0.668492,0.801372,0.685145,0.333724,0.987132,0.379539,17.381169
3382,1,1,1,11.741859,2.633182,0.565871,0.808338,0.830351,0.339717,0.982517,0.382270,18.449311
3383,1,1,1,13.500825,2.630320,0.565010,0.894775,0.703102,0.337859,0.984504,0.379028,20.152486
3384,1,1,1,13.605373,2.631416,0.567901,0.914043,0.695661,0.338345,0.984382,0.383975,20.277815
3385,1,1,1,11.977378,2.636191,0.567133,0.810222,0.688701,0.452892,0.988234,0.391194,18.670456
3386,1,1,1,13.468554,2.625864,0.566018,0.811569,0.772511,0.344868,0.983317,0.382006,20.121483
3387,1,1,1,10.637809,2.632917,0.562332,0.805034,0.686031,0.335108,0.996658,0.380880,17.189791
3388,1,1,1,10.598769,2.753132,0.570504,0.810425,0.685114,0.333323,0.996000,0.379557,17.284941
3389,1,1,1,10.633797,2.634713,0.672978,0.804572,0.691852,0.335908,0.986234,0.379625,17.298148
3390,1,1,1,13.542590,2.741933,0.572622,0.807612,0.692492,0.336425,0.982468,0.383053,20.220720
3391,1,1,1,13.549403,2.734726,0.567563,0.805348,0.692234,0.337600,0.980757,0.380209,20.205262
3392,1,1,1,12.221459,2.637809,0.571495,0.919852,0.698948,0.334203,0.983268,0.380973,18.906425
3393,1,1,1,11.688554,2.635163,0.565969,0.805563,0.690566,0.442856,0.999280,0.389933,18.375495
3394,1,1,1,13.454000,2.631662,0.566707,0.807034,0.797791,0.338326,0.984382,0.388948,20.130375
3395,1,1,0,13.736622,2.639889,0.565194,0.801545,0.803760,0.337193,0.985176,0.384541,20.413464
3396,1,1,1,13.202080,2.637871,0.570739,0.804172,0.801687,0.335877,0.994991,0.382923,19.892899
3397,1,1,1,10.602547,2.634430,0.564658,0.805496,0.689243,0.339200,0.986271,0.378037,17.156782
3398,1,1,1,13.828855,2.630806,0.569889,0.812461,0.689335,0.336972,0.995927,0.490578,20.511249
3399,1,1,1,10.621889,2.633188,0.559741,0.803526,0.688037,0.337311,0.994474,0.376153,17.167428
3400,1,1,1,10.841397,2.738493,0.568972,0.805169,0.690714,0.337040,0.981631,0.383643,17.506148
3401,1,1,1,11.998843,2.630585,0.698030,0.807711,0.689059,0.336117,0.983372,0.380929,18.684677
3402,0,1,0,13.768966,2.728788,0.566905,0.802024,0.689446,0.339939,0.993760,0.380018,20.431046
3403,1,1,1,13.516917,2.731674,0.565230,0.809206,0.687754,0.335391,0.985957,0.379360,20.169403
3404,1,1,1,13.517741,2.758653,0.568400,0.804671,0.689969,0.336517,0.982369,0.377434,20.196314
3405,0,1,0,13.658184,2.741938,0.559496,0.812437,0.688640,0.336616,0.983711,0.382375,20.319760
3406,1,1,1,11.295699,2.634683,0.567009,0.937895,0.693710,0.335778,0.984049,0.385058,17.992450
3407,1,1,1,10.961643,2.636037,0.563034,0.800985,0.687477,0.332585,0.988812,0.403810,17.532560
3408,1,1,1,11.676708,2.632917,0.566468,0.806825,0.692800,0.336744,0.996862,0.380357,18.245883
3409,1,1,1,10.695188,2.744837,0.562868,0.805489,0.689237,0.334105,0.982167,0.377526,17.348369
3410,0,1,0,13.660830,2.635932,0.569526,0.803815,0.687828,0.335311,0.981828,0.385760,20.218621
3411,1,1,1,11.191846,2.739692,0.566554,0.803853,0.692172,0.335274,0.981354,0.384037,17.851736
3412,1,1,1,13.527551,2.720388,0.571631,0.806923,0.687827,0.339354,0.997213,0.381576,20.191181
3413,1,1,1,10.713341,2.630972,0.568511,0.805870,0.807126,0.336763,0.986751,0.384794,17.392929
3414,0,1,0,13.879994,2.632973,0.574289,0.923323,0.699859,0.336480,0.995969,0.379095,20.584031
3415,1,1,1,13.436702,2.628830,0.563250,0.923754,0.690381,0.337840,0.981231,0.380572,20.101274
3416,0,1,0,13.700892,2.633034,0.681298,0.817268,0.693926,0.333865,0.983016,0.381520,20.385070
3417,1,1,1,12.536184,2.634825,0.564338,0.920542,0.700739,0.335446,0.984406,0.380714,19.214713
3418,1,1,1,11.735993,2.638554,0.567108,0.815096,0.690763,0.334689,1.007428,0.409182,18.430800
3419,1,1,1,11.643600,2.631970,0.561471,0.807834,0.687975,0.338733,0.984455,0.385293,18.196455
3420,1,1,1,13.603477,2.634849,0.572744,0.809133,0.689988,0.340363,0.983650,0.381711,20.254167
3421,1,1,1,11.420504,2.632092,0.563293,0.804240,0.688942,0.339397,0.985969,0.377459,17.965846
3422,1,1,1,13.662702,2.633950,0.564744,0.801895,0.688923,0.335895,0.983243,0.380560,20.210880
3423,0,1,1,13.716314,2.638265,0.563151,0.807698,0.689834,0.339342,0.992683,0.386135,20.291046
3424,1,1,1,10.740671,2.741194,0.569982,0.805951,0.694166,0.339471,0.982431,0.380191,17.412467
3425,1,1,1,10.712910,2.638615,0.656769,0.809256,0.691489,0.338807,0.985612,0.386019,17.376221
3426,1,1,1,10.810117,2.632178,0.566407,0.807705,0.686819,0.337403,0.992418,0.409293,17.404935
3427,0,1,0,13.471865,2.634424,0.564486,0.800407,0.690652,0.338560,0.994788,0.400086,20.052296
3428,1,1,1,12.421520,2.634264,0.562375,0.806788,0.695311,0.336628,0.983883,0.497760,19.096510
3429,1,1,1,10.607292,2.634320,0.555699,0.802135,0.684542,0.334499,0.979933,0.380253,17.136861
3430,1,1,1,11.314905,2.731280,0.572388,0.806818,0.700585,0.335606,0.982763,0.379071,17.981428
3431,0,1,0,13.804541,2.726591,0.567459,0.802739,0.693027,0.334714,0.983070,0.381803,20.450191
3432,1,1,1,10.689810,2.633016,0.675397,0.818105,0.695790,0.334936,0.986290,0.378628,17.374751
3433,1,1,1,10.754960,2.641378,0.566899,0.804086,0.692874,0.335723,0.986246,0.417852,17.355673
3434,1,1,1,11.646117,2.633176,0.574671,0.815501,0.681532,0.336517,0.996843,0.382350,18.223526
3435,1,1,1,12.553120,2.631865,0.571464,0.812431,0.688511,0.336794,0.983464,0.379613,19.113249
3436,1,1,1,10.685834,2.765335,0.565311,0.811619,0.690530,0.338283,0.993520,0.378166,17.391132
3437,1,1,1,13.528726,2.736203,0.566216,0.806806,0.687452,0.336289,0.986062,0.383729,20.187175
3438,1,1,1,12.894135,2.746136,0.573058,0.811618,0.687157,0.338006,0.980566,0.377883,19.570800
3439,1,1,1,12.785089,2.749748,0.564831,0.804603,0.694627,0.338135,0.984210,0.385360,19.462190
3440,0,1,0,13.342573,2.744357,0.567513,0.812935,0.689612,0.336591,0.996929,0.380887,20.029581
3441,1,1,1,11.427163,2.634050,0.660167,0.812154,0.692050,0.339046,0.981305,0.385760,18.087594
3442,1,1,1,10.831433,2.636092,0.564831,0.810412,0.688381,0.335476,0.982991,0.408388,17.418153
3443,1,1,1,13.487040,2.629502,0.558184,0.799095,0.691323,0.336499,0.985255,0.405138,20.048173
0,0,2,1,12.434683,2.633784,0.562025,0.817704,0.691619,0.336271,0.983212,0.399421,19.012006
1,1,2,1,11.473532,2.633021,0.560430,0.815698,0.693637,0.338486,0.981914,0.381157,18.035077
2,1,2,1,10.862732,2.638960,0.564997,0.818787,0.697304,0.336560,0.995852,0.380308,17.456394
3,1,2,0,13.767317,2.629760,0.563514,0.809606,0.697446,0.340382,0.983003,0.378787,20.328609
4,1,2,1,10.595588,2.725083,0.572634,0.812917,0.696326,0.336148,0.986394,0.379323,17.262757
5,1,2,1,13.722191,2.724782,0.572314,0.806745,0.696314,0.334990,0.990714,0.382277,20.394566
6,1,2,1,13.485256,2.727052,0.565366,0.818467,0.693163,0.338523,0.986142,0.376935,20.150658
7,1,2,1,11.261200,2.628659,0.567508,0.946172,0.704935,0.338979,0.980455,0.386689,17.978160
8,1,2,1,13.549957,2.631803,0.672972,0.817636,0.694517,0.336215,0.985132,0.385107,20.236406
9,1,2,1,11.744603,2.629575,0.566930,0.814511,0.801465,0.344548,0.995458,0.386929,18.447778
10,1,2,1,11.224209,2.627619,0.571379,0.816419,0.694812,0.339077,0.984510,0.381526,17.795520
11,1,2,1,11.635907,2.635132,0.568849,0.812917,0.694031,0.342351,0.982486,0.389360,18.220689
12,1,2,1,11.391360,2.733760,0.570813,0.818776,0.702954,0.339225,0.991304,0.378124,18.084191
13,1,2,1,10.759403,2.632289,0.669453,0.815569,0.693206,0.335378,0.982345,0.381692,17.430499
14,1,2,1,11.814418,2.635163,0.568978,0.812296,0.822807,0.337237,0.983163,0.382141,18.517920
15,1,2,1,10.752301,2.627317,0.564148,0.816184,0.690960,0.340424,0.979895,0.384548,17.316930
16,1,2,1,10.934092,2.890018,0.622080,1.043311,0.869132,0.410997,1.012776,0.575852,18.593797
17,1,2,1,11.188812,2.972326,0.669366,1.019704,0.874104,0.393489,1.006523,0.541464,18.904228
18,1,2,1,13.125151,2.777557,0.732074,1.238234,0.803144,0.354695,0.998947,0.518696,20.740166
19,1,2,1,13.500221,2.644738,0.579323,0.824209,0.708634,0.347114,0.987138,0.414061,20.170542
20,1,2,1,10.955981,2.964375,0.637108,0.900375,0.812554,0.424135,1.014412,0.473643,18.372203
21,1,2,1,15.247113,7.779274,0.662560,0.895532,0.799354,0.416363,1.012006,0.531194,27.556751
22,1,2,1,12.377852,2.744769,0.742400,0.848615,0.913028,0.456954,1.031200,0.513114,19.836283
23,1,2,1,12.122363,2.649169,0.835003,0.842844,0.717661,0.342997,0.985471,0.404677,19.069920
24,1,2,1,11.626179,2.688123,0.599046,0.855612,1.035582,0.404068,1.015587,0.484720,18.893594
25,1,2,1,13.249852,2.751593,0.608751,1.110019,0.912616,0.397403,1.013790,0.542905,20.803218
26,1,2,1,12.265772,2.855716,0.725170,1.162270,0.831003,0.416216,1.039409,0.596265,20.104892
27,0,2,0,15.051329,2.916326,0.701797,1.008283,0.912819,0.417348,0.997606,0.585729,22.818061
28,1,2,1,12.172560,2.772142,0.569840,0.805366,0.688781,0.331852,0.984702,0.380418,18.869046
29,1,2,1,10.710067,2.633157,0.565674,0.916917,0.704548,0.340572,0.986493,0.386923,17.404369
30,1,2,1,12.690320,2.629409,0.565489,0.813741,0.986677,0.341840,0.985895,0.385907,19.567772
31,1,2,1,11.274326,2.633378,0.565033,0.812904,0.694781,0.337304,0.992086,0.410413,17.882407
32,1,2,1,13.578806,2.631416,0.562664,0.816899,0.701292,0.335262,0.993520,0.419206,20.198554
33,1,2,1,11.452597,2.627895,0.565533,0.820172,0.695957,0.340560,0.980141,0.379790,18.025015
34,0,2,0,13.428049,2.632923,0.565458,0.810677,0.690690,0.334135,0.997409,0.382991,20.000659
35,1,2,1,10.254215,2.746031,0.568148,0.810634,0.696670,0.340307,0.983772,0.386634,16.947723
36,0,2,0,13.695101,2.739785,0.567538,0.812190,0.694782,0.340948,0.984825,0.379822,20.374154
37,1,2,1,13.719058,2.641582,0.566087,0.819588,0.688911,0.338504,0.990000,0.383360,20.305286
38,1,2,1,10.696221,2.732745,0.568019,0.809379,0.694997,0.333144,0.979951,0.380708,17.354800
39,1,2,1,13.280375,2.721729,0.567741,0.818412,0.695046,0.337963,0.980505,0.375920,19.940000
40,0,2,0,13.814609,2.762788,0.565871,0.808942,0.687742,0.334135,0.981052,0.383015,20.498252
41,1,2,1,11.759606,2.631944,0.569311,0.930179,0.705132,0.334603,0.980676,0.385090,18.461065
42,1,2,1,10.722062,2.628345,0.562394,0.816517,0.694579,0.343114,0.988025,0.427754,17.343982
43,0,2,0,13.466910,2.626942,0.564240,0.812142,0.694874,0.338400,0.990228,0.420665,20.075969
44,1,2,1,13.536782,2.633391,0.565452,0.816400,0.695526,0.341883,0.999064,0.412819,20.160560
45,1,2,1,13.495015,2.628468,0.566979,0.813988,0.693569,0.341033,0.983693,0.420751,20.105932
46,1,2,1,9.358467,2.630541,0.567187,0.815613,0.696523,0.339323,0.982221,0.380665,15.926289
47,1,2,1,10.725379,2.730966,0.569944,0.813987,0.694585,0.339483,0.982074,0.381687,17.397637
48,1,2,1,10.627089,2.628216,0.561748,0.809766,0.800621,0.343624,0.981791,0.379870,17.290707
49,1,2,1,13.510357,2.633384,0.566111,0.810043,0.803120,0.334929,0.996117,0.381040,20.195120
50,1,2,1,10.732547,2.634252,0.559422,0.814123,0.697575,0.335028,0.981415,0.384043,17.294566
51,1,2,1,13.574726,2.632148,0.567458,0.811108,0.695329,0.338770,0.980425,0.382197,20.142074
52,1,2,1,11.251932,2.631489,0.556357,0.818880,0.698893,0.338178,0.988160,0.385212,17.825723
53,1,2,1,13.360104,2.632111,0.568443,0.804548,0.692203,0.336480,0.982770,0.379846,19.914603
54,1,2,1,13.667410,2.629526,0.562843,0.809575,0.699379,0.337618,0.983822,0.382147,20.230473
55,1,2,1,13.601047,2.630615,0.566893,0.811477,0.695348,0.336105,0.984893,0.384461,20.166658
56,1,2,1,13.441415,2.631870,0.567261,0.810573,0.687458,0.338283,0.984597,0.385490,20.007027
57,0,2,0,13.468400,2.633107,0.563963,0.811360,0.691520,0.339446,0.996917,0.381724,20.045323
58,1,2,1,11.792584,2.628449,0.561084,0.808536,0.691058,0.338819,0.980498,0.382880,18.340733
59,1,2,1,13.664868,2.632800,0.569662,0.814923,0.701668,0.339372,0.979711,0.383101,20.246400
60,1,2,1,10.604806,2.727736,0.568616,0.819539,0.699760,0.336535,0.987532,0.381046,17.284289
61,0,2,0,13.782849,2.729335,0.571286,0.813298,0.694941,0.336332,0.988369,0.381415,20.459821
62,1,2,1,13.561975,2.753661,0.571083,0.810806,0.695286,0.335778,0.985304,0.384905,20.258160
63,0,2,0,13.794966,2.729674,0.577699,0.813760,0.699427,0.336647,0.980326,0.386289,20.480849
64,1,2,1,13.472856,2.734793,0.563594,0.810461,0.689452,0.337446,0.982419,0.382499,20.132302
65,0,2,0,13.797526,2.762135,0.569237,0.811064,0.687040,0.339310,0.981896,0.385914,20.493053
66,1,2,1,11.487539,2.729200,0.572874,0.810837,0.693496,0.337421,0.981064,0.380578,18.151427
67,0,2,0,13.717353,2.726006,0.569613,0.813440,0.698136,0.338929,0.985243,0.377975,20.386234
68,1,2,1,11.697052,2.626849,0.701539,0.811016,0.698178,0.340099,0.984111,0.384542,18.403662
69,1,2,1,11.220572,2.627606,0.573939,0.813791,0.696283,0.449219,0.990948,0.391981,17.923465
70,1,2,1,13.521354,2.628892,0.565219,0.809342,0.812985,0.340578,0.983287,0.384270,20.209267
71,1,2,1,13.487926,2.630566,0.571594,0.810781,1.012800,0.338247,0.982425,0.380456,20.380061
72,1,2,1,11.421976,2.629058,0.565791,0.809699,0.691064,0.345600,0.996708,0.423058,18.044991
73,1,2,0,13.599729,2.627748,0.568055,0.813784,0.688800,0.337834,0.987883,0.416622,20.202406
74,1,2,1,10.721840,2.628874,0.565926,0.813815,0.693200,0.342990,0.982738,0.378222,17.287766
75,1,2,1,13.605624,2.631465,0.566825,0.816862,0.695003,0.339397,0.983003,0.382769,20.179169
76,0,2,0,13.700019,2.632314,0.563120,0.808819,0.694172,0.339883,0.986430,0.381717,20.267366
77,1,2,1,10.709268,2.750080,0.566061,0.810720,0.693336,0.340972,0.987495,0.376739,17.394554
78,1,2,1,10.669022,2.631397,0.663982,0.814647,0.695729,0.339514,0.984744,0.384474,17.342609
79,1,2,1,10.754167,2.629489,0.569631,0.809391,0.698560,0.337822,0.989114,0.404929,17.353329
80,0,2,0,13.643231,2.628818,0.564690,0.813656,0.697077,0.338376,0.993945,0.582320,20.431778
81,0,2,0,14.126357,2.634141,0.571212,0.813231,0.813870,0.338874,0.984554,0.388511,20.832264
82,1,2,1,12.144431,2.636061,0.560326,0.807268,0.697384,0.339353,0.995852,0.412523,18.752450
83,1,2,1,10.655852,2.631163,0.570493,0.812621,0.688487,0.339507,0.981354,0.383840,17.218978
84,1,2,1,10.655508,2.768455,0.573791,0.814504,0.691680,0.335982,0.984413,0.381434,17.363827
85,1,2,1,13.482818,2.724406,0.565846,0.810357,0.696400,0.337618,0.987096,0.382154,20.148191
86,0,2,1,12.058375,2.731164,0.566548,0.814530,0.696290,0.338222,0.981539,0.379637,18.726640
87,1,2,1,12.918258,2.751637,0.564111,0.813415,0.701816,0.337249,0.993994,0.386855,19.627483
88,1,2,0,13.569452,2.724585,0.565520,0.816462,0.690899,0.340357,0.981403,0.377170,20.224713
89,1,2,1,9.428320,2.632941,0.570966,0.803637,0.703514,0.337643,0.989465,0.417520,16.045126
90,1,2,1,13.355310,2.630062,0.562486,0.818467,0.694732,0.345224,0.986794,0.410277,19.960437
91,1,2,0,13.476449,2.630972,0.564203,0.808000,0.688511,0.340880,0.998787,0.418782,20.085969
92,1,2,1,13.486960,2.631107,0.565945,0.810911,0.694369,0.339723,1.060923,0.411022,20.161754
93,1,2,1,13.546443,2.632295,0.572597,0.812628,0.689520,0.460080,0.991508,0.395046,20.258849
94,1,2,1,11.156652,2.638339,0.562997,0.813594,0.695735,0.339138,0.984025,0.380043,17.728923
95,1,2,1,11.621914,2.631920,0.568861,0.812006,0.697593,0.337673,0.988886,0.381188,18.198936
96,1,2,1,13.761661,2.633797,0.567440,0.820049,0.694997,0.334936,0.984277,0.386677,20.339317
97,1,2,1,10.645790,2.731945,0.571003,0.814406,0.694954,0.339938,0.982105,0.383969,17.323748
98,1,2,1,13.538628,2.741619,0.567969,0.814031,0.698498,0.334954,0.993895,0.387508,20.237926
99,1,2,1,13.568197,2.739932,0.571901,0.810191,0.696591,0.338542,0.982025,0.384702,20.249384
100,1,2,1,11.250898,2.729458,0.570652,0.807427,0.693354,0.342369,0.992628,0.381274,17.927501
101,1,2,1,13.581883,2.733471,0.568302,0.808339,0.690055,0.339151,0.983021,0.381218,20.245126
102,1,2,1,10.678197,2.631231,0.563736,0.807188,0.782271,0.344603,0.984541,0.381027,17.338806
103,1,2,1,11.403434,2.630185,0.566369,0.810985,0.695692,0.335489,0.995661,0.380025,17.976467
104,1,2,0,13.735009,2.633237,0.565748,0.813951,0.701674,0.338068,1.065016,0.405741,20.420314
105,1,2,1,13.412529,2.632074,0.566012,0.811575,0.694628,0.339040,0.987237,0.401673,20.002979
106,1,2,0,13.795477,2.632554,0.569508,0.809612,0.692935,0.337256,0.984554,0.403316,20.385237
107,1,2,0,13.700861,2.633151,0.566400,0.811773,0.698406,0.420480,0.989477,0.401785,20.384979
108,1,2,1,11.782351,2.634345,0.571108,0.806738,0.698000,0.340739,0.984917,0.385895,18.363083
109,1,2,1,11.666831,2.627871,0.570314,0.811698,0.695187,0.335816,0.985544,0.379347,18.229471
110,0,2,0,13.837674,2.635865,0.563471,0.808665,0.696369,0.339760,0.988714,0.382406,20.407821
111,1,2,1,10.759661,2.739231,0.570018,0.810043,0.689877,0.338899,0.981729,0.386443,17.435126
112,1,2,1,12.794695,2.751385,0.564954,0.808547,0.693699,0.339028,0.996498,0.382861,19.492935
113,1,2,1,11.515883,2.735705,0.573342,0.806941,0.692640,0.334825,0.983410,0.385730,18.188923
114,1,2,1,10.672413,2.633711,0.561810,0.814412,0.692227,0.415569,1.004314,0.410843,17.366671
115,1,2,1,10.698295,2.627908,0.565729,0.818123,0.689982,0.338000,0.986701,0.381021,17.263987
116,1,2,1,10.638831,2.741594,0.562086,0.814412,0.693692,0.338418,0.987495,0.382160,17.315803
117,0,2,0,13.922554,2.632270,0.570683,0.809496,0.690154,0.335901,0.987458,0.387434,20.494461
118,1,2,1,11.351237,2.733157,0.567416,0.813649,0.688344,0.339883,0.984449,0.379840,18.012948
119,1,2,1,12.157280,2.629846,0.680665,0.816929,0.693176,0.341046,0.980849,0.382473,18.840868
120,1,2,1,13.096683,2.634283,0.655132,0.813569,0.699920,0.337477,0.981692,0.384407,19.762413
121,1,2,1,10.758413,2.634966,0.567126,0.807785,0.688160,0.335298,0.990603,0.399298,17.338861
122,1,2,1,11.379139,2.628812,0.570018,0.811188,0.702505,0.338720,0.985354,0.377286,17.949262
123,1,2,1,13.570179,2.629200,0.565649,0.810350,0.694024,0.335477,0.982935,0.386523,20.130092
124,0,2,0,13.617397,2.632818,0.565188,0.810056,0.692141,0.339126,0.988025,0.388708,20.187760
125,1,2,1,10.871933,2.635981,0.564819,0.814880,0.687883,0.343526,0.990104,0.380258,17.446246
126,1,2,1,10.732073,2.934991,0.569736,0.810092,0.692966,0.338136,0.981834,0.383852,17.603065
127,1,2,1,13.577674,2.732578,0.564646,0.810259,0.696327,0.340856,0.983391,0.383809,20.248997
128,1,2,1,9.374172,2.633280,0.566013,0.817249,0.693711,0.339212,0.986074,0.410055,15.978227
129,0,2,1,12.578394,2.628185,0.560357,0.808658,0.699391,0.339963,0.981920,0.482689,19.241526
130,0,2,0,13.799902,2.633194,0.558893,0.809539,0.698794,0.336295,0.982603,0.404258,20.383484
131,1,2,1,11.719317,2.635065,0.559569,0.809834,0.692363,0.335483,0.981342,0.381446,18.271840
132,1,2,1,13.701101,2.626800,0.569059,0.811003,0.696831,0.341556,0.991218,0.386135,20.281298
133,1,2,1,13.736302,2.630486,0.568616,0.809292,0.694172,0.340653,0.989970,0.377673,20.304086
134,0,2,0,13.927631,2.632616,0.559896,0.811415,0.696677,0.342184,0.982400,0.526664,20.638652
135,1,2,1,13.437255,2.623969,0.566277,0.814252,0.696289,0.339459,0.997095,0.415692,20.054061
136,1,2,1,13.425304,2.631944,0.570375,0.811859,0.695305,0.340585,0.995858,0.416327,20.048394
137,1,2,1,10.631932,2.635674,0.566794,0.809015,0.693286,0.336941,0.982597,0.377711,17.190541
138,0,2,0,13.662603,2.630763,0.564923,0.807120,0.692990,0.336431,0.981403,0.379267,20.212215
139,1,2,1,11.465828,2.730941,0.570376,0.809613,0.697550,0.337021,0.984203,0.380905,18.136972
140,0,2,0,13.878529,2.627181,0.564874,0.808578,0.694197,0.341747,0.986794,0.381735,20.441938
141,1,2,1,13.486800,2.631705,0.566067,0.816591,0.694012,0.338277,0.987951,0.383052,20.063803
142,1,2,1,10.705465,2.734529,0.564628,0.817157,0.691096,0.339723,0.985711,0.379661,17.378910
143,1,2,1,11.578855,2.631384,0.569630,0.915570,0.703347,0.339576,0.986314,0.384376,18.266941
144,1,2,1,8.907065,2.636554,0.563619,0.813446,0.698535,0.336473,0.979680,0.383207,15.476197
145,1,2,1,13.467489,2.633366,0.563028,0.809778,0.693723,0.337219,0.995557,0.383064,20.040511
146,1,2,1,13.644905,2.630474,0.566953,0.806535,0.696388,0.336775,0.996978,0.386357,20.222437
147,1,2,1,13.563994,2.626677,0.563680,0.813101,0.699464,0.335218,0.981920,0.381716,20.123981
148,1,2,1,10.640166,2.727852,0.571619,0.813576,0.697206,0.340652,0.988067,0.385637,17.327230
149,1,2,1,10.703354,2.630443,0.678400,0.812812,0.697957,0.335477,0.983895,0.382861,17.382031
150,1,2,1,13.459415,2.626782,0.696659,0.811224,0.697883,0.336800,0.994363,0.383994,20.165871
151,1,2,1,13.557476,2.732590,0.573803,0.814597,0.693120,0.338880,0.996604,0.386314,20.251957
152,1,2,1,12.200763,2.633385,0.564486,0.933575,0.699397,0.335649,0.984849,0.377551,18.885600
153,1,2,1,10.748073,2.628400,0.564905,0.807711,0.698554,0.343342,0.991139,0.414554,17.358277
154,1,2,1,11.461249,2.629434,0.566000,0.811489,0.697299,0.338019,0.998209,0.385095,18.046941
155,1,2,1,10.688591,2.736209,0.566739,0.810289,0.694203,0.338677,0.984548,0.382997,17.360345
156,1,2,1,13.834757,2.638006,0.567385,0.817594,0.697447,0.339003,0.988658,0.382788,20.424973
157,1,2,1,13.518080,2.633200,0.564307,0.809711,0.695514,0.337637,0.987046,0.389379,20.090892
158,0,2,0,13.790646,2.627895,0.565163,0.811052,0.690603,0.339273,0.994258,0.385391,20.364105
159,1,2,1,11.169293,2.726634,0.572647,0.811330,0.697587,0.336504,0.985034,0.379600,17.837501
160,1,2,1,11.853040,2.632560,0.659353,0.811865,0.691040,0.336204,0.996849,0.384985,18.525182
161,1,2,0,12.755188,2.634357,0.572388,0.937421,0.698252,0.341089,0.982960,0.379600,19.463502
162,1,2,1,10.668400,2.632277,0.564449,0.818000,0.693465,0.338954,0.986856,0.404825,17.263987
163,1,2,1,10.685021,2.634905,0.567120,0.813939,0.695902,0.339926,0.982025,0.380867,17.257896
164,0,2,0,13.850259,2.631292,0.565828,0.816529,0.694689,0.340794,0.987397,0.382696,20.423773
165,0,2,0,13.582412,2.632960,0.568517,0.813557,0.695452,0.338050,0.987933,0.379317,20.156203
166,1,2,1,10.691102,2.758886,0.573133,0.813083,0.688677,0.343224,0.986019,0.380781,17.394769
167,0,2,0,14.442326,2.631889,0.567304,0.812690,0.696437,0.339809,0.981021,0.387797,21.020474
168,1,2,1,13.625686,2.636184,0.561625,0.812702,0.698825,0.333871,0.982147,0.383606,20.190461
169,0,2,0,13.646689,2.629496,0.561360,0.812074,0.694431,0.341218,0.995957,0.382252,20.223175
170,0,2,1,13.613083,2.628948,0.563225,0.811969,0.692665,0.338670,0.986516,0.388086,20.181994
171,1,2,1,11.717840,2.726972,0.570418,0.806560,0.695255,0.340726,0.981477,0.378363,18.376745
172,1,2,1,10.703766,2.633736,0.704443,0.810246,0.692671,0.335815,0.981668,0.381766,17.403520
173,1,2,1,10.614350,2.629065,0.566511,0.815902,0.702609,0.339176,0.986523,0.421390,17.235446
174,1,2,1,11.198000,2.634314,0.560978,0.812418,0.697268,0.343360,0.979643,0.383101,17.765613
175,1,2,1,10.606702,2.741600,0.568997,0.821778,0.696099,0.338357,0.996763,0.381310,17.309914
176,0,2,0,13.819169,2.632129,0.567311,0.810769,0.692295,0.336788,0.982068,0.386843,20.387624
177,1,2,1,10.754535,2.740689,0.567563,0.817532,0.690591,0.340068,0.979988,0.382074,17.432345
178,1,2,1,11.723403,2.632086,0.565588,0.932923,0.707262,0.336504,0.984184,0.378954,18.420018
179,1,2,1,13.596129,2.631797,0.568166,0.938123,0.700597,0.338837,0.981188,0.383108,20.299336
180,1,2,1,12.677545,2.630412,0.561434,0.812166,0.831901,0.336461,0.982099,0.381434,19.374443
181,1,2,1,13.163083,2.629803,0.565397,0.811410,0.804886,0.336837,0.988985,0.381982,19.846117
182,1,2,1,10.645686,2.626917,0.562910,0.809760,0.699828,0.335391,0.983766,0.385538,17.207015
183,1,2,1,10.813409,2.632597,0.564764,0.808917,0.693354,0.338105,0.983545,0.384745,17.380726
184,1,2,1,10.613532,2.727360,0.568369,0.801046,0.696523,0.338474,0.983428,0.384646,17.268418
185,1,2,1,11.251176,2.627219,0.564356,0.816062,0.823698,0.339065,0.983686,0.379373,17.945883
186,1,2,1,13.368548,2.633914,0.563661,0.926406,0.706412,0.334800,0.979538,0.377760,20.055268
187,0,2,1,13.327366,2.627064,0.568012,0.914056,0.699317,0.339132,0.993544,0.386419,20.018154
188,1,2,1,10.650874,2.625126,0.561200,0.810793,0.694695,0.338880,0.990486,0.492935,17.323385
189,1,2,1,13.560585,2.630424,0.564228,0.813280,0.693298,0.340653,0.989477,0.489354,20.242486
190,0,2,0,13.863250,2.632633,0.563046,0.808320,0.693367,0.337003,0.990978,0.403785,20.446948
191,1,2,1,11.478382,2.631033,0.570947,0.809003,0.695261,0.341144,0.984049,0.385692,18.052382
192,1,2,1,12.862357,2.632098,0.565600,0.811987,0.698000,0.336579,0.994024,0.385612,19.439569
193,1,2,1,11.602738,2.638627,0.562732,0.806726,0.694535,0.339323,0.993723,0.385705,18.180178
194,1,2,1,11.438720,2.725785,0.564388,0.805754,0.694707,0.335446,0.980191,0.379028,18.083028
195,1,2,1,10.739187,2.629766,0.571501,0.804640,0.805058,0.336419,0.982936,0.382677,17.416258
196,0,2,0,13.623637,2.629372,0.569698,0.925028,0.705046,0.343729,0.984634,0.383563,20.325219
197,1,2,1,10.752455,2.629724,0.561662,0.805760,0.697532,0.338806,0.987299,0.485563,17.417693
198,1,2,1,10.718443,2.628929,0.565729,0.812443,0.693446,0.339471,0.983981,0.379230,17.278671
199,1,2,1,13.512136,2.630511,0.573433,0.810327,0.693138,0.342990,0.984093,0.376437,20.080074
200,0,2,0,13.827551,2.629816,0.562498,0.807268,0.697070,0.338794,0.986849,0.385360,20.390763
201,1,2,1,11.203034,2.757176,0.569409,0.810898,0.693828,0.339853,0.996474,0.383372,17.913330
202,1,2,1,13.552658,2.722172,0.569779,0.812972,0.698973,0.340000,0.984763,0.386166,20.225705
203,1,2,1,13.605662,2.629803,0.571200,0.811901,0.697668,0.337735,0.980708,0.382578,20.180923
204,1,2,1,10.686129,2.742535,0.566585,0.805378,0.695526,0.336671,0.989507,0.377594,17.359071
205,1,2,1,11.758486,2.633914,0.564880,0.909871,0.706301,0.338671,0.984449,0.384708,18.442486
206,1,2,1,11.772055,2.631446,0.565077,0.806886,0.701748,0.339907,0.992049,0.405415,18.373587
207,1,2,1,11.731544,2.623631,0.563095,0.807994,0.694474,0.340012,0.981280,0.377274,18.276191
208,1,2,1,13.777446,2.631975,0.567883,0.811945,0.688148,0.334301,0.995175,0.379883,20.342493
209,0,2,0,13.956419,2.629870,0.563114,0.812893,0.694222,0.337502,1.053816,0.411538,20.619274
210,1,2,1,13.487390,2.630018,0.562375,0.812696,0.695914,0.341311,0.988461,0.406788,20.085772
211,1,2,1,13.399132,2.634474,0.559347,0.807064,0.703102,0.338597,0.993495,0.398671,19.992904
212,1,2,1,11.682941,2.629101,0.560542,0.807434,0.699797,0.334327,0.986787,0.380887,18.239791
213,0,2,0,13.707889,2.630061,0.566628,0.811680,0.690523,0.341409,0.986529,0.375907,20.269520
214,1,2,1,11.928326,2.635022,0.560019,0.808984,0.692874,0.342320,0.982246,0.381717,18.489680
215,0,2,0,13.654147,2.632824,0.560732,0.806794,0.690985,0.336264,0.995526,0.384141,20.222529
216,1,2,1,13.627649,2.626948,0.565840,0.810314,0.697680,0.339083,0.981114,0.385102,20.193176
217,1,2,1,10.656665,2.767514,0.574185,0.809126,0.695452,0.336844,0.982985,0.384455,17.369065
218,0,2,0,11.383034,2.728025,0.581981,0.811883,0.692979,0.340154,0.980628,0.387372,18.066990
219,1,2,1,13.534671,2.757206,0.566474,0.806843,0.697686,0.337367,0.986209,0.380554,20.227230
220,1,2,1,10.750271,2.629305,0.565563,0.808462,0.701606,0.446074,0.987859,0.387102,17.436579
221,1,2,1,11.766628,2.623502,0.564646,0.812480,0.696856,0.344258,0.988621,0.490530,18.449526
222,1,2,1,10.698973,2.626424,0.564302,0.816148,0.692443,0.334185,0.983939,0.386430,17.260037
223,1,2,1,10.772289,2.753224,0.571126,0.813083,0.692628,0.336037,0.981360,0.384234,17.464123
224,0,2,0,13.469286,2.728837,0.571366,0.814172,0.696523,0.338536,0.984991,0.380960,20.143976
225,1,2,1,11.816720,2.633095,0.662142,0.808406,0.698542,0.336357,0.996646,0.382966,18.495944
226,0,2,0,13.624776,2.750030,0.568893,0.810652,0.703027,0.337871,0.980573,0.386517,20.320430
227,1,2,1,13.171933,2.722855,0.572843,0.804332,0.689015,0.337914,0.998123,0.383292,19.841034
228,1,2,1,10.706751,2.631865,0.566701,0.810129,0.696935,0.427520,0.990067,0.387219,17.375341
229,1,2,1,11.248960,2.637403,0.565243,0.809108,0.692887,0.338406,0.987021,0.379268,17.817390
230,1,2,1,13.508498,2.635717,0.557742,0.812849,0.694345,0.339581,0.984763,0.382849,20.075766
231,1,2,1,10.792511,2.630861,0.564197,0.806166,0.690726,0.338351,0.981760,0.379809,17.342696
232,1,2,1,10.644302,2.734843,0.566019,0.809840,0.692173,0.336954,0.982080,0.388406,17.311280
233,1,2,1,10.707384,2.628627,0.569932,0.808430,0.783040,0.343908,0.997225,0.389772,17.399440
234,1,2,0,13.292327,2.624948,0.567132,0.809126,0.794142,0.339151,0.995729,0.388240,19.972209
235,1,2,1,13.381434,2.635415,0.564824,0.816215,0.824991,0.338985,0.979994,0.382541,20.090480
236,1,2,1,13.888554,2.630486,0.566332,0.903292,0.702276,0.343630,0.986787,0.386905,20.566800
237,1,2,1,13.005022,2.628185,0.554049,0.807976,0.818530,0.335668,0.987360,0.384431,19.679926
238,1,2,1,10.666978,2.629065,0.564886,0.809976,0.695803,0.339619,0.981920,0.377945,17.223286
239,1,2,1,13.366653,2.632375,0.561883,0.808400,0.695883,0.338979,0.992683,0.377705,19.932947
240,1,2,1,11.332886,2.633723,0.566449,0.802369,0.695853,0.337957,0.998424,0.383244,17.908376
241,1,2,1,10.741545,2.735169,0.574264,0.807440,0.689993,0.333231,0.981489,0.384591,17.405262
242,1,2,1,13.570646,2.752049,0.563194,0.800068,0.694135,0.338277,0.995218,0.384486,20.257748
243,1,2,1,10.777852,2.632837,0.569489,0.929120,0.707544,0.336406,0.983200,0.384474,17.484523
244,1,2,1,11.704523,2.629963,0.564572,0.806849,0.699052,0.444105,0.992197,0.404739,18.410473
245,1,2,1,13.482308,2.631311,0.567077,0.808720,0.696615,0.463624,0.989458,0.388695,20.185379
246,1,2,1,10.616166,2.632031,0.562400,0.810216,0.696344,0.340542,0.982160,0.382093,17.179920
247,0,2,0,13.659348,2.628271,0.571736,0.815329,0.693360,0.338794,0.983434,0.383323,20.231686
248,1,2,1,9.349754,2.738517,0.568320,0.805723,0.695563,0.336080,0.995711,0.384166,16.031052
249,1,2,1,10.709895,2.630209,0.562775,0.920640,0.698210,0.336258,0.984191,0.384418,17.386541
250,1,2,1,12.202744,2.630228,0.563384,0.813981,0.698554,0.347557,0.984382,0.380215,18.872652
251,1,2,1,10.598135,2.630031,0.566098,0.806720,0.695668,0.335391,0.996326,0.380757,17.169950
252,1,2,1,10.673600,2.760136,0.569489,0.808917,0.696702,0.336800,0.983520,0.381803,17.366597
253,1,2,1,13.572271,2.640221,0.567341,0.817114,0.696012,0.338419,0.989230,0.386615,20.170474
254,1,2,1,12.218603,2.731883,0.562246,0.807083,0.691994,0.339016,0.981631,0.385864,18.876252
255,1,2,1,11.586493,2.736030,0.591932,0.810610,0.689551,0.335490,0.991766,0.385059,18.298037
256,1,2,1,12.415459,2.624720,0.568400,0.942252,0.698110,0.335446,0.982720,0.386092,19.113994
257,1,2,1,13.388345,2.633304,0.564419,0.927557,0.703723,0.339976,0.988006,0.384960,20.091046
258,1,2,1,10.689748,2.628277,0.562973,0.808653,0.695594,0.338862,0.991157,0.421926,17.296289
259,0,2,0,13.807286,2.626424,0.570770,0.816978,0.693625,0.341133,0.983717,0.415114,20.415791
260,0,2,0,13.814283,2.633729,0.565022,0.806609,0.690191,0.438868,0.990135,0.390867,20.490258
261,1,2,1,13.535003,2.629132,0.570924,0.820098,0.807926,0.340105,0.982536,0.384049,20.231594
262,1,2,1,10.752782,2.630092,0.562757,0.805927,0.694461,0.337951,0.996443,0.383336,17.319945
263,1,2,1,10.751102,2.629613,0.569741,0.815403,0.696849,0.341428,0.993120,0.433236,17.393378
264,1,2,1,10.679889,2.731421,0.567176,0.808714,0.696400,0.337637,0.983219,0.382554,17.346419
265,1,2,1,10.717803,2.630707,0.566493,0.820849,0.701416,0.429698,0.991323,0.390843,17.407046
266,1,2,1,13.550788,2.635052,0.568708,0.807760,0.797822,0.337606,0.985144,0.384191,20.226406
267,1,2,1,10.742806,2.627464,0.563163,0.812646,0.692080,0.335581,0.982652,0.382677,17.296019
268,1,2,1,11.475416,2.629883,0.562418,0.809280,0.695538,0.338326,0.994979,0.382517,18.045970
269,1,2,1,10.713667,2.733859,0.573261,0.815649,0.696487,0.339631,0.982874,0.383329,17.396443
270,1,2,1,10.710037,2.631139,0.567822,0.806788,0.805667,0.337865,0.984855,0.382911,17.388972
271,1,2,1,14.304530,2.631034,0.684936,0.825323,0.701403,0.338221,0.984074,0.377206,21.009464
272,1,2,1,10.707613,2.630604,0.568382,0.803730,0.693686,0.339803,0.981108,0.419354,17.305846
273,1,2,1,11.915594,2.627256,0.570536,0.811803,0.699901,0.339877,0.985889,0.385108,18.492887
274,1,2,1,13.563840,2.628290,0.560523,0.810720,0.700191,0.335274,0.980960,0.378443,20.117261
275,0,2,0,14.113144,2.632763,0.567311,0.816197,0.695175,0.342357,0.979674,0.438763,20.818794
276,1,2,1,13.533877,2.631403,0.566849,0.815071,0.688609,0.338431,0.987181,0.412160,20.133409
277,1,2,1,13.540436,2.626683,0.572701,0.810295,0.696338,0.345649,0.986000,0.413071,20.152190
278,0,2,0,13.756351,2.629169,0.567575,0.808203,0.694941,0.338573,0.996468,0.416338,20.365957
279,1,2,1,9.340855,2.636504,0.570480,0.814634,0.697169,0.339729,0.996455,0.382979,15.939674
280,1,2,0,13.725926,2.630431,0.565496,0.811810,0.697957,0.338738,0.984270,0.381089,20.294129
281,1,2,1,10.711674,2.734843,0.566499,0.818105,0.694745,0.341299,0.990670,0.380461,17.400025
282,1,2,1,10.610006,2.628714,0.562572,0.808535,0.795064,0.339200,0.983354,0.381489,17.270270
283,1,2,1,11.175508,2.630450,0.565452,0.813040,0.696953,0.336763,0.982141,0.498745,17.857588
284,1,2,1,11.214037,2.631907,0.564277,0.808142,0.694486,0.337803,0.986012,0.385157,17.779853
285,1,2,1,13.585582,2.631932,0.572739,0.811459,0.691680,0.341108,0.980425,0.379261,20.154504
286,1,2,1,11.824807,2.630541,0.563963,0.807864,0.701809,0.337434,0.984855,0.381077,18.388400
287,1,2,1,10.743643,2.747034,0.570855,0.807015,0.691557,0.338049,0.981766,0.381434,17.423016
288,0,2,0,13.540493,2.717687,0.572314,0.805975,0.694276,0.341354,0.984203,0.391397,20.205459
289,1,2,1,11.236264,2.634012,0.567102,0.922843,0.712880,0.336892,0.983581,0.382727,17.939668
290,1,2,1,10.758259,2.629084,0.563668,0.802412,0.696634,0.340228,0.980450,0.505421,17.432381
291,1,2,1,9.310301,2.739588,0.563944,0.814886,0.693994,0.335514,0.997065,0.387009,16.001870
292,1,2,1,11.565378,2.751446,0.566062,0.805027,0.690480,0.338910,0.993766,0.497188,18.370917
293,1,2,1,13.645378,2.728369,0.567772,0.815003,0.695859,0.337767,0.982862,0.388154,20.323784
294,1,2,1,10.761944,2.630474,0.564819,0.905428,0.717200,0.340929,0.983397,0.379969,17.446560
295,1,2,1,10.715089,2.629680,0.564590,0.814308,0.695790,0.338455,0.995594,0.383427,17.377347
296,1,2,1,10.714880,2.631416,0.559889,0.809040,0.697545,0.337853,0.983920,0.380523,17.274345
297,1,2,1,10.606356,2.751390,0.566104,0.810659,0.694327,0.334277,0.984258,0.379846,17.289034
298,1,2,1,10.661902,2.630419,0.567126,0.809884,0.813126,0.337668,0.982837,0.387175,17.354135
299,0,2,0,13.754572,2.632203,0.566788,0.926622,0.707470,0.334646,0.983625,0.383046,20.449926
300,1,2,1,13.577871,2.629076,0.558579,0.999550,0.722708,0.337784,0.984369,0.387582,20.359249
301,1,2,1,11.705655,2.632074,0.563397,0.811003,0.698264,0.439028,0.987667,0.406154,18.406591
302,1,2,1,10.595846,2.630006,0.564356,0.804683,0.691255,0.336012,0.984536,0.385489,17.149550
303,1,2,1,10.709858,2.730646,0.570572,0.817760,0.691181,0.339286,0.981145,0.387514,17.386517
304,1,2,1,10.339551,2.635606,0.566099,0.914757,0.700720,0.339354,0.981114,0.384000,17.018572
305,1,2,1,11.991637,2.632671,0.564757,0.811324,0.812356,0.342880,0.988954,0.381440,18.684868
306,1,2,1,11.262037,2.629003,0.561914,0.812953,0.692954,0.337156,0.982659,0.382104,17.820677
307,1,2,1,11.598117,2.631059,0.563379,0.813957,0.696277,0.338498,0.981932,0.385194,18.171188
308,1,2,1,10.605790,2.730739,0.565114,0.806049,0.699243,0.334935,0.995539,0.382886,17.278227
309,1,2,1,10.662775,2.629255,0.569717,0.966228,0.706560,0.338166,0.995507,0.384104,17.415766
310,1,2,0,13.752775,2.628886,0.691373,0.816338,0.692215,0.339255,0.996585,0.380843,20.456818
311,1,2,1,10.746277,2.633588,0.571717,0.810370,0.693477,0.339114,0.996296,0.413656,17.364332
312,1,2,1,10.688388,2.632055,0.564117,0.812763,0.694431,0.337434,0.982917,0.378295,17.249052
313,1,2,1,10.762363,2.730954,0.568615,0.813458,0.697040,0.337483,0.988067,0.376868,17.435397
314,1,2,1,10.686154,2.628160,0.564154,0.927329,0.700154,0.339354,0.984142,0.382197,17.372006
315,1,2,1,10.778757,2.632104,0.568837,0.813342,0.698597,0.340167,0.987938,0.405200,17.385077
316,1,2,1,13.534333,2.630246,0.571981,0.811624,0.693944,0.341139,0.981058,0.396849,20.120400
317,1,2,0,12.906253,2.630462,0.562941,0.809403,0.696314,0.342720,1.016222,0.403667,19.528086
318,1,2,1,11.339760,2.632751,0.561440,0.806905,0.691280,0.342609,0.981403,0.382179,17.896455
319,0,2,0,13.367975,2.630683,0.570413,0.817354,0.691570,0.338444,0.997187,0.385858,19.958880
320,1,2,1,11.861674,2.634850,0.561040,0.805243,0.692283,0.339532,0.981501,0.381649,18.416154
321,1,2,1,11.654738,2.722665,0.567378,0.813015,0.692738,0.337452,0.987126,0.381526,18.317175
322,1,2,1,12.508080,2.736425,0.567120,0.816388,0.689058,0.338696,0.982776,0.384277,19.180997
323,1,2,1,13.655003,2.752597,0.575496,0.814751,0.698357,0.337354,0.994899,0.383594,20.376369
324,1,2,1,11.230781,2.626991,0.570437,0.942893,0.700344,0.334867,0.995907,0.380967,17.945459
325,1,2,1,13.527957,2.634585,0.569341,0.927114,0.700320,0.337120,0.995514,0.381336,20.233981
326,1,2,1,13.485323,2.624967,0.683495,0.818781,0.695797,0.334652,0.985047,0.384474,20.174117
327,1,2,1,11.225853,2.628154,0.562418,0.809102,0.695489,0.451680,0.988036,0.402277,17.924123
328,1,2,1,13.621686,2.629219,0.570087,0.811059,0.794739,0.342911,0.987169,0.389637,20.310394
329,1,2,1,10.261717,2.629809,0.572757,0.811661,0.696049,0.339477,0.986542,0.379501,16.836505
330,1,2,1,13.599021,2.628154,0.559871,0.810487,0.697144,0.341710,0.981391,0.380775,20.157606
331,1,2,1,10.701576,2.741686,0.569360,0.814923,0.701532,0.339224,0.981335,0.384610,17.395772
332,1,2,1,13.621274,2.631723,0.570382,0.815545,0.696505,0.336677,0.980252,0.385945,20.197581
333,0,2,0,13.880597,2.633231,0.572732,0.815864,0.697914,0.337920,0.982535,0.384732,20.462173
334,1,2,1,13.182043,2.628744,0.564049,0.811218,0.697724,0.337422,0.983926,0.381735,19.749040
335,1,2,1,13.403858,2.627305,0.572246,0.812750,0.694099,0.338573,0.981994,0.382831,19.972997
336,1,2,1,10.754295,2.733231,0.567950,0.812492,0.688430,0.339496,0.980924,0.380609,17.419071
337,0,2,1,13.552867,2.743311,0.563311,0.809120,0.695963,0.342898,0.980843,0.383366,20.234880
338,1,2,1,11.270769,2.633988,0.565077,0.912117,0.695723,0.337471,0.982542,0.381194,17.939938
339,1,2,1,13.604332,2.626000,0.565009,0.918689,0.698585,0.342837,0.995059,0.381760,20.293194
340,1,2,1,9.389539,2.638424,0.555791,0.810911,0.700080,0.339089,0.980234,0.381606,15.954733
341,1,2,1,13.567606,2.630129,0.563982,0.808929,0.695963,0.335760,0.996806,0.380517,20.137846
342,1,2,1,13.614787,2.629496,0.566535,0.808480,0.689194,0.339649,0.984757,0.380775,20.171489
343,1,2,1,10.721027,2.632339,0.569250,0.814369,0.692554,0.335397,0.982542,0.380160,17.287852
344,1,2,1,13.627815,2.633687,0.562807,0.806529,0.697914,0.341533,0.981871,0.381212,20.189643
345,1,2,1,13.682935,2.634812,0.563945,0.813662,0.690375,0.334474,0.989150,0.378720,20.243274
346,1,2,1,10.695779,2.730492,0.567661,0.806634,0.693932,0.339446,0.996197,0.381391,17.368234
347,1,2,1,13.519520,2.941046,0.572787,0.810487,0.690843,0.337230,0.996068,0.384683,20.414271
348,1,2,1,13.492468,2.749982,0.567280,0.811575,0.694148,0.336763,0.978775,0.382560,20.172480
349,1,2,1,10.786215,2.626818,0.568437,0.925219,0.703877,0.337847,0.978744,0.380997,17.464726
350,1,2,1,11.368178,2.630019,0.563268,0.810086,0.690498,0.337908,1.088603,0.410689,18.061391
351,1,2,0,13.676006,2.630905,0.570283,0.809169,0.805366,0.348037,0.981298,0.387790,20.379550
352,1,2,1,11.116246,2.629126,0.565440,0.813329,0.697944,0.344831,0.982695,0.384566,17.691064
353,1,2,1,13.622855,2.630554,0.565465,0.813637,0.690696,0.339773,0.988979,0.383053,20.193828
354,1,2,1,12.671427,2.631231,0.569606,0.815151,0.697760,0.338923,0.986209,0.378855,19.248535
355,0,2,0,13.865286,2.632369,0.562713,0.813489,0.696246,0.341994,0.981262,0.383453,20.435206
356,1,2,1,13.514006,2.633593,0.562462,0.809071,0.695810,0.336658,0.984905,0.380074,20.157803
357,1,2,1,10.754296,2.629963,0.568960,0.815304,0.697175,0.339139,0.983699,0.381662,17.327612
358,1,2,1,10.730092,2.749538,0.566628,0.809065,0.702892,0.342591,0.984031,0.384418,17.424898
359,1,2,1,11.242732,2.631569,0.572080,0.912708,0.700339,0.333982,0.985791,0.383108,17.923778
360,1,2,1,11.209563,2.637502,0.561846,0.806824,0.694141,0.341569,0.989944,0.408117,17.807471
361,1,2,1,10.701945,2.636732,0.562228,0.811336,0.694948,0.339569,0.986763,0.378351,17.270535
362,1,2,1,10.674381,2.742954,0.566290,0.809157,0.698942,0.337224,0.984172,0.382227,17.352148
363,1,2,1,13.507397,2.725046,0.570013,0.806739,0.691871,0.340209,0.982412,0.383655,20.166246
364,0,2,0,13.917415,2.755144,0.566997,0.808966,0.695816,0.337618,0.982720,0.378037,20.601821
365,1,2,1,13.690246,2.639280,0.565729,0.809889,0.691256,0.333785,0.981975,0.384917,20.257033
366,1,2,1,10.700240,2.724400,0.567520,0.808301,0.694751,0.339938,0.996455,0.381606,17.373932
367,1,2,1,11.154634,2.631163,0.570553,0.814504,0.837052,0.337046,0.986203,0.388394,17.882135
368,1,2,1,13.513975,2.633341,0.564024,0.805175,0.813729,0.339643,0.993964,0.385637,20.213323
369,1,2,1,13.531034,2.634326,0.569440,0.909071,0.713736,0.342240,0.989169,0.381667,20.231600
370,1,2,1,13.511803,2.629699,0.560450,0.945975,0.700258,0.336246,0.983975,0.387902,20.217754
371,1,2,1,11.576800,2.627261,0.565341,0.808849,0.699976,0.341071,0.998289,0.408800,18.187513
372,1,2,1,13.626265,2.631760,0.565489,0.806707,0.694209,0.442936,0.984351,0.400874,20.315034
373,1,2,1,13.253311,2.631951,0.563693,0.815311,0.694948,0.455107,0.987502,0.399914,19.961114
374,1,2,1,11.713655,2.631465,0.567077,0.810314,0.692695,0.337785,0.980609,0.477674,18.374461
375,1,2,1,10.633846,2.630548,0.567982,0.810904,0.699194,0.339452,0.981668,0.380406,17.203483
376,1,2,1,13.418116,2.633618,0.567391,0.805231,0.686985,0.338849,0.983262,0.382000,19.971188
377,1,2,1,11.168590,2.731255,0.569791,0.819379,0.695089,0.337096,0.986160,0.379600,17.846246
378,1,2,1,10.642431,2.629766,0.567532,0.909224,0.698819,0.339526,0.982295,0.384862,17.312111
379,1,2,1,10.728185,2.634880,0.564850,0.810412,0.690547,0.336018,0.983508,0.492585,17.399656
380,1,2,1,10.698178,2.637286,0.563859,0.810899,0.696738,0.338283,0.986363,0.381563,17.269827
381,0,2,0,13.960203,2.629526,0.570425,0.810253,0.692616,0.338024,0.995976,0.386462,20.542074
382,1,2,1,13.619280,2.636862,0.563341,0.812129,0.694351,0.337582,0.981655,0.378640,20.178609
383,1,2,1,13.664055,2.632129,0.572553,0.812086,0.694653,0.340664,0.993280,0.384117,20.253188
384,1,2,1,10.609692,2.735107,0.568727,0.815120,0.699853,0.339816,0.983335,0.384474,17.294320
385,0,2,0,13.697741,2.738923,0.572462,0.804357,0.690141,0.336966,0.985766,0.382037,20.369834
386,1,2,1,13.413674,2.655797,0.567643,0.805790,0.693668,0.334714,0.985083,0.381951,20.101791
387,1,2,1,11.229520,2.722461,0.572228,0.809784,0.691815,0.335182,0.981760,0.384782,17.888947
388,1,2,1,11.076535,2.631015,0.572264,0.808929,0.809576,0.339803,0.982289,0.384197,17.767944
389,1,2,1,10.599661,2.631175,0.564190,0.810117,0.695127,0.339089,0.983877,0.381810,17.165083
390,1,2,1,13.640505,2.631587,0.566929,0.806350,0.690701,0.338862,0.984769,0.383151,20.203563
391,1,2,1,13.619329,2.629446,0.568997,0.806240,0.698443,0.335237,0.996068,0.488055,20.305323
392,1,2,0,13.441458,2.630972,0.564437,0.812437,0.698960,0.335741,1.042474,0.405434,20.091538
393,1,2,1,11.810345,2.627656,0.571218,0.811539,0.694658,0.336978,0.984732,0.379496,18.374080
394,1,2,1,10.691188,2.738031,0.571089,0.804136,0.695742,0.335022,0.983040,0.381090,17.359465
395,1,2,1,13.685834,2.641151,0.563421,0.806449,0.693618,0.335126,0.995194,0.382597,20.263231
396,1,2,1,10.745625,2.714166,0.562295,0.804536,0.690542,0.338941,0.986861,0.381988,17.383034
397,1,2,1,9.384320,2.626369,0.567982,0.813163,0.687908,0.336209,0.995422,0.484369,16.054800
398,1,2,1,11.807643,2.631077,0.565785,0.808092,0.694585,0.338049,0.981514,0.384050,18.365643
399,1,2,1,10.704886,2.769385,0.573249,0.810320,0.692714,0.336000,0.984215,0.382991,17.413348
400,1,2,1,13.417465,2.729145,0.570116,0.813372,0.695120,0.337890,0.986775,0.382196,20.090480
401,1,2,1,13.651994,2.640178,0.575520,0.811323,0.697096,0.336806,0.984787,0.382074,20.236910
402,1,2,1,11.202726,2.947822,0.566677,0.806837,0.691964,0.338621,0.982954,0.383711,18.080191
403,1,2,1,11.375385,2.629304,0.562111,0.917926,0.705501,0.337717,0.987003,0.386745,18.061064
404,1,2,1,12.577501,2.634308,0.563157,0.809323,0.806695,0.339649,0.980222,0.383052,19.252240
405,1,2,0,13.679896,2.632370,0.564535,0.935101,0.703710,0.340707,0.987409,0.383409,20.388548
406,1,2,1,11.736271,2.638154,0.560215,0.803853,0.697557,0.334529,0.986080,0.406290,18.320567
407,1,2,1,10.710726,2.626966,0.558277,0.807250,0.693391,0.335539,0.996290,0.383668,17.270283
408,1,2,1,10.613895,2.731705,0.570418,0.809797,0.698345,0.340738,0.994265,0.382664,17.297883
409,1,2,1,10.324307,2.633471,0.566874,0.916394,0.702585,0.337138,0.988154,0.385729,17.015003
410,1,2,1,13.502031,2.630093,0.566935,0.922216,0.703427,0.338314,0.981710,0.385951,20.189668
411,1,2,1,10.719907,2.629859,0.563170,0.807335,0.693624,0.340739,1.040929,0.419089,17.377213
412,1,2,0,12.724196,2.632554,0.569262,0.811569,0.696018,0.337655,0.985089,0.384917,19.301089
413,0,2,0,13.757311,2.633274,0.569569,0.809957,0.693089,0.336947,1.057256,0.425477,20.444806
414,1,2,1,13.553828,2.627772,0.568978,0.807926,0.694665,0.338935,0.989569,0.420246,20.164270
415,1,2,1,11.544720,2.633625,0.562806,0.808695,0.697139,0.339372,0.979403,0.383698,18.108105
416,1,2,1,13.606990,2.629656,0.568061,0.809157,0.691047,0.342110,0.984609,0.380536,20.169932
417,1,2,1,13.741803,2.631858,0.567649,0.808782,0.689342,0.343040,0.986510,0.380868,20.309520
418,0,2,0,13.911231,2.631545,0.568110,0.807600,0.692997,0.342683,0.984572,0.479668,20.578560
419,1,2,1,11.366979,2.633667,0.576240,0.808529,0.698548,0.337988,0.983699,0.382714,17.946757
420,0,2,0,13.877083,2.630308,0.572049,0.817003,0.695527,0.337711,0.982849,0.384843,20.456018
421,1,2,0,13.937981,2.630037,0.572179,0.811588,0.693397,0.346394,0.979630,0.385458,20.514917
422,1,2,1,10.603385,2.740523,0.570307,0.809385,0.694141,0.343895,0.982400,0.383563,17.284904
423,1,2,1,10.646141,2.717139,0.576696,0.811803,0.695816,0.336836,0.984369,0.381440,17.311182
424,0,2,0,13.864837,2.754529,0.568006,0.806350,0.694659,0.340326,0.982301,0.384363,20.555588
425,1,2,1,10.773643,2.634406,0.560468,0.806413,0.799249,0.340714,0.989021,0.382566,17.445649
426,1,2,1,10.626264,2.630166,0.559908,0.810449,0.699858,0.341773,0.979409,0.380529,17.185157
427,1,2,1,11.494178,2.637434,0.559360,0.806787,0.701821,0.341563,0.982215,0.384166,18.065021
428,1,2,1,11.758350,2.729981,0.572117,0.809323,0.694191,0.334997,0.983256,0.387354,18.431699
429,1,2,0,13.491920,2.724751,0.573883,0.812831,0.695612,0.335778,0.981317,0.379169,20.155132
430,1,2,1,11.417797,2.733372,0.564947,0.807723,0.691268,0.338523,0.995865,0.383791,18.095434
431,1,2,1,10.672547,2.632917,0.570086,0.812892,0.694954,0.436548,0.983969,0.386720,17.349907
432,1,2,1,14.302658,2.632492,0.561384,0.955434,0.712191,0.339231,0.983034,0.387058,21.038129
433,1,2,1,10.664684,2.631988,0.564738,0.806332,0.692283,0.339932,0.984751,0.496726,17.341138
434,1,2,1,10.711453,2.629231,0.566068,0.810124,0.695988,0.343059,0.984025,0.380351,17.280061
435,1,2,1,10.639606,2.729680,0.570627,0.805323,0.690579,0.336351,0.983667,0.380893,17.298886
436,0,2,0,13.832468,2.733311,0.560978,0.813138,0.695120,0.339139,0.994695,0.383298,20.510972
437,1,2,1,11.795692,2.744708,0.572782,0.814972,0.693588,0.334154,0.982074,0.376388,18.472867
438,0,2,0,13.997477,2.726530,0.564714,0.812843,0.696787,0.341969,0.982652,0.382892,20.665545
439,1,2,1,10.620098,2.629120,0.569255,0.809059,0.811151,0.338788,0.994308,0.383274,17.316646
440,1,2,1,10.612092,2.634166,0.567176,0.806314,0.693508,0.340351,0.985822,0.382812,17.181477
441,1,2,0,13.700406,2.629053,0.562788,0.816320,0.695268,0.339397,0.987489,0.383858,20.273138
442,1,2,1,13.608043,2.630492,0.566074,0.807680,0.695120,0.335342,0.982480,0.471557,20.252745
443,1,2,1,11.675914,2.634511,0.562677,0.802400,0.692579,0.338966,0.983194,0.383514,18.234191
444,1,2,1,11.192086,2.736253,0.568880,0.808830,0.693705,0.342493,0.981865,0.384916,17.867422
445,1,2,1,11.422074,2.733477,0.566277,0.805988,0.695028,0.338345,0.982984,0.385452,18.089650
446,0,2,0,13.823957,2.725261,0.567920,0.807311,0.688320,0.335588,0.996129,0.385784,20.487440
447,1,2,1,13.560739,2.721108,0.565797,0.807434,0.694843,0.339144,0.981803,0.383846,20.212173
448,1,2,1,13.608492,2.747378,0.564493,0.806671,0.696062,0.339003,0.995120,0.381723,20.301625
449,0,2,0,13.384695,2.736123,0.568923,0.799538,0.691649,0.339052,0.985951,0.383852,20.053409
450,1,2,1,13.013175,2.728732,0.571373,0.807256,0.691120,0.333865,0.980400,0.381846,19.666412
451,1,2,1,10.706277,2.634991,0.570924,0.937593,0.705434,0.339570,0.982702,0.382166,17.420887
452,1,2,1,13.528597,2.633705,0.566326,0.935298,0.708898,0.341625,0.984098,0.386800,20.242769
453,1,2,1,13.380043,2.629686,0.668548,0.840523,0.705686,0.335084,0.985403,0.382375,20.090055
454,0,2,0,13.821520,2.736954,0.568142,0.806098,0.698899,0.333680,0.997083,0.375994,20.493982
455,1,2,1,11.739440,2.634092,0.567170,0.808923,0.814234,0.336948,0.986751,0.384972,18.432935
456,1,2,1,12.715213,2.726818,0.563630,0.803367,0.801083,0.328025,0.980738,0.384332,19.469747
457,1,2,1,11.469624,2.629667,0.567834,0.806929,0.694751,0.337483,0.984252,0.502689,18.152369
458,1,2,1,13.564702,2.632696,0.563489,0.810246,0.695908,0.340264,1.004824,0.419582,20.194332
459,0,2,1,13.548173,2.630179,0.565926,0.812240,0.697065,0.335613,0.983335,0.417126,20.151501
460,1,2,1,13.382652,2.632800,0.565003,0.813576,0.692560,0.339853,0.995859,0.411662,19.993058
461,1,2,1,13.629957,2.629452,0.570184,0.810800,0.693649,0.336548,0.997594,0.407139,20.234732
462,0,2,0,13.815767,2.635434,0.561908,0.810708,0.698763,0.445667,0.986763,0.388739,20.502954
463,1,2,1,10.736947,2.630080,0.563871,0.811477,0.689366,0.338086,0.982468,0.384080,17.294837
464,1,2,1,13.495501,2.631323,0.573902,0.812923,0.691520,0.338221,0.982627,0.383434,20.064800
465,1,2,1,13.618326,2.634769,0.567139,0.815390,0.692160,0.342782,0.987939,0.384904,20.203667
466,1,2,1,10.723593,2.633927,0.567003,0.811471,0.697976,0.338819,0.983631,0.377914,17.291329
467,1,2,1,11.572049,2.729840,0.573859,0.811575,0.692302,0.337385,0.982277,0.383064,18.242973
468,1,2,1,11.165649,2.630578,0.562603,0.940104,0.698770,0.340307,0.982387,0.375194,17.857655
469,1,2,1,10.741483,2.634419,0.563016,0.804104,0.692775,0.337021,1.081194,0.401409,17.413058
470,1,2,1,11.469508,2.631409,0.557477,0.809028,0.697766,0.338246,0.987261,0.382763,18.027477
471,1,2,1,12.799009,2.630935,0.564388,0.805022,0.693575,0.340234,0.980615,0.384110,19.356603
472,1,2,1,13.389674,2.632788,0.561791,0.806375,0.694160,0.341575,0.983163,0.387821,19.956818
473,1,2,1,13.731551,2.631828,0.568369,0.807945,0.685914,0.339342,0.988024,0.382720,20.296320
474,0,2,1,13.572616,2.631323,0.564566,0.809415,0.691637,0.336554,0.981661,0.384388,20.126757
475,1,2,1,10.736406,2.739298,0.573156,0.804966,0.691766,0.331760,0.995754,0.398185,17.437600
476,0,2,1,13.580646,2.731489,0.569446,0.812744,0.693323,0.335378,0.997096,0.386443,20.268228
477,1,2,1,10.626843,2.633193,0.687040,0.810615,0.692942,0.336074,0.992277,0.379108,17.315741
478,0,2,0,14.334493,2.721723,0.562277,0.804345,0.692068,0.335120,0.984271,0.379286,20.972240
479,1,2,1,13.030640,2.739797,0.569624,0.798942,0.694123,0.336043,0.979126,0.380744,19.688738
480,1,2,1,13.642061,2.727379,0.566622,0.808603,0.691034,0.334074,0.983809,0.379945,20.290911
481,1,2,1,13.523520,2.724627,0.574702,0.806363,0.691028,0.335655,0.985501,0.382739,20.180880
482,1,2,1,10.656652,2.627668,0.564824,0.890444,0.724548,0.337249,0.980375,0.386572,17.332332
483,1,2,1,12.948264,2.628991,0.568738,0.819520,0.830043,0.339064,0.988320,0.387539,19.674074
484,1,2,1,13.627070,2.631821,0.562972,0.914874,0.707865,0.336634,0.981710,0.389003,20.310419
485,1,2,0,13.599459,2.634480,0.571065,0.930055,0.705447,0.336892,0.979218,0.383335,20.299200
486,1,2,1,11.965237,2.632966,0.563914,0.807058,0.694942,0.445009,0.985600,0.391354,18.644456
487,1,2,1,13.382634,2.629471,0.569563,0.814708,0.792430,0.344763,0.982314,0.388535,20.079028
488,1,2,0,13.169526,2.633975,0.565846,0.809686,0.692357,0.359286,0.986517,0.391169,19.849939
489,1,2,1,13.549108,2.631089,0.572695,0.810634,0.834277,0.339083,0.989477,0.385741,20.273803
490,1,2,1,13.329508,2.629070,0.569150,0.805194,0.875009,0.366726,1.014314,0.430191,20.190671
491,1,2,1,10.808277,2.656455,0.598394,0.828868,0.715410,0.340781,0.987538,0.508400,17.620566
492,0,2,0,14.092665,2.665594,0.571864,0.799323,0.717926,0.338154,0.991286,0.410591,20.751625
493,1,2,1,13.585606,2.629496,0.562621,0.805673,0.697379,0.336209,0.987773,0.415803,20.179680
494,0,2,0,13.907311,2.632277,0.561502,0.809305,0.694000,0.362178,0.984037,0.396843,20.630787
495,1,2,1,13.564173,2.630086,0.567059,0.807224,0.839003,0.341723,0.984135,0.386695,20.282757
496,1,2,1,11.479353,2.628529,0.566837,0.810037,0.698732,0.334154,0.996357,0.525102,18.199902
497,1,2,1,11.589182,2.631126,0.567588,0.812640,0.693803,0.333852,0.982338,0.381538,18.152707
498,1,2,1,11.985582,2.636196,0.563747,0.814702,0.696480,0.343957,0.980640,0.378431,18.557353
499,1,2,1,10.756136,2.752763,0.571262,0.811243,0.693403,0.338210,0.980056,0.382566,17.446646
500,1,2,1,11.313907,2.632111,0.563895,0.918757,0.703052,0.337834,0.979458,0.382899,17.989323
501,1,2,1,10.781674,2.629957,0.560769,0.809347,0.691089,0.335009,0.982573,0.503656,17.454117
502,1,2,1,13.552720,2.634394,0.562375,0.806812,0.692720,0.336062,0.982941,0.416898,20.141877
503,1,2,1,11.692664,2.632025,0.565280,0.806148,0.702006,0.338197,0.995668,0.389188,18.278215
504,1,2,1,13.614492,2.630818,0.567932,0.805243,0.697970,0.340197,0.980738,0.384843,20.177225
505,1,2,1,13.685692,2.631440,0.564259,0.806185,0.696258,0.338320,0.989667,0.383292,20.254123
506,1,2,1,13.626529,2.627852,0.563711,0.809821,0.698098,0.338880,0.985379,0.385477,20.193963
507,0,2,0,13.482068,2.629157,0.571606,0.808837,0.693797,0.336659,0.985194,0.385501,20.055096
508,1,2,1,13.545083,2.627840,0.565594,0.811471,0.693108,0.338554,0.982917,0.492326,20.218942
509,1,2,1,10.260067,2.632942,0.561932,0.808492,0.701348,0.334529,0.983661,0.377016,16.819230
510,1,2,1,11.675083,2.742750,0.564283,0.818449,0.694295,0.335969,0.997224,0.382867,18.368923
511,1,2,1,13.871286,2.724419,0.570105,0.806498,0.693176,0.338308,0.980837,0.382468,20.528498
512,1,2,0,13.505717,2.725304,0.570806,0.806677,0.694099,0.335378,0.984092,0.381520,20.161987
513,1,2,1,10.700726,2.628769,0.688480,0.806616,0.692542,0.337225,0.987920,0.387237,17.391809
514,1,2,1,10.750418,2.630861,0.568283,0.807194,0.695219,0.342985,0.995206,0.414013,17.366781
515,1,2,1,10.742843,2.632665,0.567083,0.819213,0.689329,0.338203,0.996744,0.380012,17.323144
516,1,2,1,10.627693,2.736603,0.573016,0.810849,0.694400,0.334856,0.987120,0.385170,17.309477
517,0,2,0,13.726831,2.718172,0.570610,0.810904,0.696782,0.337637,0.982461,0.381895,20.385520
518,1,2,1,11.763336,2.756221,0.567890,0.811028,0.695120,0.338295,0.982406,0.381870,18.456086
519,1,2,1,13.782929,2.755508,0.556271,0.805342,0.687341,0.338517,0.981415,0.376184,20.438665
520,1,2,1,10.760874,2.627963,0.564615,0.926425,0.702289,0.340431,0.983052,0.380338,17.443077
521,1,2,1,13.591434,2.633680,0.561224,0.932652,0.694025,0.340449,0.982732,0.384763,20.281766
522,1,2,1,10.749914,2.624123,0.563280,0.809963,0.695219,0.337330,0.987175,0.404037,17.327655
523,1,2,1,10.705810,2.636178,0.563200,0.811230,0.693582,0.341470,0.997010,0.384301,17.291520
524,1,2,1,13.439735,2.629415,0.562062,0.814024,0.694474,0.340350,0.982726,0.384086,20.004190
525,1,2,1,10.612886,2.725022,0.576634,0.807772,0.690554,0.337778,0.994412,0.379126,17.282547
526,1,2,0,9.412455,2.629699,0.562252,0.806670,0.701976,0.463237,1.001255,0.393120,16.130141
527,1,2,1,11.728769,2.635373,0.561760,0.813065,0.693009,0.334812,0.986609,0.480437,18.394775
528,1,2,1,10.733058,2.632049,0.567914,0.810049,0.689809,0.335513,0.997840,0.379107,17.301139
529,1,2,1,10.618713,2.731452,0.569126,0.816529,0.694062,0.335950,0.985969,0.381723,17.291464
530,1,2,1,10.714763,2.629717,0.561852,0.816449,0.792770,0.342216,0.981594,0.384018,17.382856
531,1,2,1,11.794726,2.629957,0.564824,0.811538,0.687003,0.338117,0.989828,0.404381,18.380806
532,1,2,1,13.476991,2.628326,0.565785,0.813169,0.698259,0.340659,0.983477,0.405699,20.072972
533,1,2,1,10.576947,2.635163,0.564338,0.803317,0.689630,0.334621,0.983656,0.381101,17.126443
534,0,2,0,13.550160,2.634745,0.559779,0.806111,0.693809,0.340265,0.986221,0.385188,20.110031
535,1,2,1,13.521151,2.633120,0.563379,0.815932,0.692905,0.342720,0.980394,0.380104,20.086357
536,0,2,0,13.697249,2.635945,0.565520,0.801945,0.699027,0.341544,0.997046,0.383009,20.277668
537,1,2,1,13.649249,2.631323,0.562326,0.806806,0.695637,0.338375,0.986104,0.381705,20.208689
538,1,2,1,13.847951,2.630517,0.564979,0.804061,0.688886,0.342480,0.982172,0.381163,20.397446
539,1,2,1,13.002726,2.630954,0.560739,0.810436,0.697994,0.341661,0.982874,0.382197,19.569680
540,1,2,1,13.546954,2.631446,0.569114,0.815280,0.694173,0.337865,0.986055,0.385465,20.122714
541,1,2,1,13.698800,2.635673,0.567926,0.812609,0.691914,0.341403,0.985403,0.380812,20.274462
542,0,2,0,13.801213,2.629200,0.566012,0.802960,0.692585,0.340067,0.996381,0.489895,20.475372
543,1,2,1,13.397372,2.630307,0.569871,0.815644,0.692061,0.336911,0.993576,0.511828,20.105803
544,1,2,0,13.687618,2.629834,0.556941,0.810769,0.694677,0.343342,0.982018,0.422770,20.290997
545,0,2,0,13.762055,2.629317,0.572690,0.802221,0.693459,0.340308,0.988763,0.418541,20.369434
546,1,2,1,10.574185,2.625526,0.565145,0.801120,0.696584,0.340480,0.986326,0.381200,17.127335
547,0,2,0,10.879668,2.748794,0.566406,0.812018,0.692616,0.338375,0.996104,0.379754,17.574960
548,1,2,1,10.641378,2.631040,0.652517,0.822603,0.696548,0.336966,0.984456,0.379576,17.303127
549,1,2,1,10.688252,2.629779,0.571539,0.815206,0.695594,0.342173,0.987945,0.405834,17.296745
550,0,2,0,13.764400,2.631126,0.562622,0.806086,0.696794,0.341981,0.987440,0.399096,20.347433
551,0,2,0,13.740474,2.632646,0.564098,0.810363,0.697643,0.424603,0.997490,0.388861,20.415982
552,1,2,1,11.948597,2.629255,0.568147,0.807262,0.701237,0.337237,0.982394,0.509490,18.642148
553,1,2,0,13.803625,2.629274,0.565379,0.805816,0.694831,0.335489,0.988394,0.398492,20.380178
554,1,2,1,11.172806,2.632566,0.563810,0.804776,0.688825,0.336818,0.983028,0.381637,17.723816
555,1,2,1,11.033539,2.739526,0.569581,0.805446,0.694307,0.337630,0.983200,0.379372,17.703194
556,0,2,0,13.331016,2.745963,0.569742,0.805877,0.696222,0.339114,0.981865,0.382782,20.008215
557,0,2,1,13.810302,2.633465,0.569901,0.804394,0.691034,0.340099,0.981169,0.383471,20.370191
558,1,2,1,11.207292,2.743840,0.566413,0.809083,0.694886,0.336954,0.982246,0.382652,17.882450
559,1,2,1,11.441138,2.628812,0.566105,0.954530,0.702554,0.340160,0.997058,0.381692,18.170135
560,1,2,1,10.621619,2.631526,0.563902,0.810099,0.697828,0.341206,0.983403,0.503773,17.312456
561,1,2,1,11.729089,2.630776,0.566098,0.808000,0.691409,0.337477,0.982892,0.383606,18.288541
562,1,2,1,13.647711,2.634984,0.567969,0.811071,0.692597,0.339139,0.982566,0.390787,20.224375
563,1,2,1,11.747883,2.628769,0.567034,0.816110,0.694744,0.339957,0.997231,0.378068,18.326886
564,1,2,1,10.949292,2.743120,0.563501,0.805440,0.690991,0.339341,0.983668,0.385853,17.617390
565,1,2,1,13.500012,2.732413,0.569163,0.807790,0.703040,0.336787,0.995422,0.382985,20.186283
566,1,2,1,9.652265,2.632609,0.562031,0.806179,0.701876,0.433576,0.984529,0.385779,16.317994
567,0,2,0,13.724351,2.634265,0.572388,0.808831,0.799360,0.340763,0.982634,0.386996,20.411157
568,1,2,1,11.801625,2.631514,0.561920,0.808308,0.693176,0.338492,0.987379,0.403772,18.386246
569,0,2,0,13.819828,2.634135,0.563310,0.817089,0.696554,0.340701,0.990622,0.396923,20.419631
570,1,2,1,12.956050,2.631779,0.563821,0.823403,0.694584,0.339797,0.988480,0.404302,19.561071
571,0,2,0,13.997390,2.634622,0.564597,0.812327,0.701095,0.429237,0.987963,0.394603,20.679865
572,1,2,1,11.196664,2.630227,0.564344,0.808732,0.693581,0.337649,0.983416,0.382591,17.755379
573,0,2,0,13.832603,2.633637,0.562966,0.806855,0.694430,0.336942,0.980357,0.380733,20.384493
574,0,2,1,11.199501,2.635170,0.566948,0.808388,0.696954,0.337274,0.982276,0.386548,17.770560
575,1,2,1,10.630394,2.758203,0.576640,0.808615,0.688874,0.336892,0.983957,0.378498,17.320873
576,1,2,1,13.581009,2.723950,0.577237,0.813053,0.688424,0.337963,0.984480,0.381717,20.245988
577,1,2,1,13.461391,2.726536,0.570868,0.810652,0.690221,0.336948,0.988948,0.378923,20.125821
578,0,2,0,13.713477,2.753569,0.564757,0.813822,0.689120,0.340701,0.981403,0.381846,20.397668
579,1,2,1,11.601655,2.731551,0.572154,0.814166,0.696867,0.341471,0.982339,0.382769,18.281649
580,0,2,0,13.533692,2.730203,0.563139,0.807550,0.693692,0.337698,0.997083,0.383182,20.204345
581,1,2,1,11.485483,2.630308,0.576873,0.944578,0.701766,0.334289,0.995329,0.385939,18.217458
582,1,2,1,10.736849,2.626917,0.564689,0.809557,0.696948,0.335077,0.983692,0.491975,17.402904
583,1,2,1,9.273385,2.737587,0.565822,0.818953,0.697790,0.341680,0.980751,0.380892,15.958191
584,1,2,1,10.661102,2.633447,0.676665,0.807157,0.695378,0.340524,0.982043,0.380098,17.335717
585,1,2,1,10.775938,2.625225,0.565422,0.812117,0.690099,0.339132,0.991809,0.399532,17.358400
586,0,2,0,13.807741,2.634850,0.561828,0.814055,0.689385,0.428000,0.984012,0.385476,20.468092
587,1,2,1,10.633637,2.633274,0.569126,0.804684,0.695760,0.338289,0.996061,0.380591,17.211520
588,1,2,1,12.942542,2.633754,0.562129,0.806714,0.692412,0.337778,0.983083,0.382936,19.497754
589,1,2,1,13.388449,2.634757,0.564000,0.810714,0.695612,0.338190,0.998025,0.380516,19.968886
590,1,2,1,10.713987,2.740726,0.563717,0.808105,0.700253,0.337059,0.993520,0.395809,17.410049
591,1,2,1,13.526406,2.752812,0.572031,0.807908,0.690923,0.336627,0.984388,0.381864,20.212868
592,0,2,1,13.745852,2.637095,0.561840,0.807384,0.699686,0.341028,0.984196,0.377360,20.314960
593,1,2,1,10.745034,2.740511,0.569268,0.811890,0.696407,0.337421,0.986745,0.378898,17.426474
594,1,2,1,13.630523,2.744554,0.569661,0.808068,0.692345,0.336566,0.985711,0.383901,20.308130
595,1,2,1,13.503760,2.733741,0.566098,0.816862,0.690751,0.339033,0.986985,0.376135,20.173773
596,1,2,1,10.608338,2.634616,0.568738,0.805009,0.819378,0.340277,0.993686,0.384677,17.313391
597,0,2,0,13.315993,2.629347,0.564591,0.816634,0.841496,0.338517,0.997502,0.384677,20.053827
598,1,2,1,11.188394,2.633969,0.559182,0.807692,0.700966,0.340431,0.979299,0.492265,17.863865
599,1,2,1,11.491090,2.630911,0.561588,0.810486,0.696314,0.337957,0.995496,0.380732,18.062954
600,1,2,1,10.636640,2.752511,0.566025,0.815846,0.699692,0.342936,0.982474,0.381895,17.336757
601,1,2,1,13.722135,2.731188,0.574991,0.811280,0.697766,0.335194,0.986584,0.384425,20.406744
602,1,2,1,13.401735,2.730456,0.568825,0.818443,0.694302,0.340308,0.979563,0.382892,20.073668
603,1,2,1,13.581477,2.640351,0.570178,0.812979,0.694216,0.342621,0.981680,0.386978,20.170739
604,1,2,1,12.514036,2.729453,0.566376,0.809846,0.699132,0.332646,0.996627,0.379637,19.188991
605,1,2,1,10.637914,2.630800,0.568068,0.940627,0.698314,0.338523,0.986246,0.384031,17.341803
606,1,2,1,12.785256,2.634043,0.570356,0.910480,0.702449,0.337514,0.982252,0.383883,19.469187
607,1,2,1,11.478166,2.633151,0.567157,0.810529,0.695809,0.343649,0.990855,0.405378,18.085176
608,0,2,0,13.519784,2.630406,0.567957,0.802351,0.695907,0.339563,0.989920,0.406418,20.113378
609,1,2,1,9.342873,2.632646,0.569587,0.812203,0.692652,0.337913,0.986547,0.380622,15.915243
610,1,2,0,13.580369,2.630277,0.561126,0.808185,0.692326,0.337040,0.982216,0.378787,20.126572
611,1,2,1,11.244197,2.734443,0.571612,0.810733,0.694942,0.340092,0.981773,0.380849,17.921323
612,1,2,1,10.661993,2.632634,0.562535,0.908178,0.709489,0.340295,0.987680,0.384825,17.346350
613,1,2,1,13.522252,2.626967,0.568381,0.948591,0.699317,0.342203,0.994880,0.384246,20.248658
614,1,2,1,13.533059,2.629354,0.568591,0.921212,0.706363,0.341040,0.982781,0.380868,20.223797
615,0,2,0,13.808338,2.625015,0.681434,0.818147,0.694825,0.336893,0.979692,0.378775,20.483360
616,1,2,1,11.293785,2.632893,0.563963,0.809693,0.810535,0.348695,0.982757,0.384529,18.000203
617,1,2,1,13.515766,2.631865,0.571329,0.813944,0.822843,0.341871,0.984043,0.382270,20.225704
618,1,2,1,10.639065,2.628787,0.565373,0.819311,0.696486,0.341200,0.985656,0.382019,17.213661
619,1,2,1,13.786049,2.627914,0.567920,0.809538,0.696258,0.343391,0.994713,0.385034,20.368332
620,0,2,0,13.255600,2.629126,0.561791,0.808142,0.694708,0.342517,0.983336,0.384437,19.819914
621,1,2,1,11.847059,2.630794,0.567169,0.813846,0.687625,0.336542,0.981274,0.385391,18.410652
622,1,2,1,10.682234,2.750708,0.568947,0.812197,0.696652,0.341533,0.985993,0.383268,17.383329
623,1,2,1,10.777563,2.630425,0.664800,0.813317,0.694172,0.342886,0.982407,0.384917,17.451476
624,1,2,1,10.664049,2.629828,0.563446,0.805471,0.696375,0.341784,0.992751,0.407034,17.257711
625,1,2,1,10.574369,2.635840,0.566025,0.811858,0.690597,0.341791,0.990271,0.382757,17.147527
626,1,2,1,11.197797,2.752579,0.565507,0.810130,0.692351,0.338590,0.996277,0.384560,17.894486
627,1,2,0,13.847828,2.658510,0.567618,0.812751,0.693779,0.334942,0.985188,0.383458,20.457113
628,1,2,1,11.217373,2.741464,0.563514,0.813545,0.690499,0.338019,0.979034,0.379705,17.880756
629,1,2,1,13.512769,2.752929,0.567169,0.811581,0.691015,0.337354,0.995569,0.388782,20.219464
630,0,2,0,13.687145,2.726825,0.567470,0.812264,0.697797,0.341034,0.985993,0.383446,20.363250
631,1,2,1,13.590566,2.727840,0.567643,0.805440,0.694332,0.340043,0.980997,0.377323,20.244166
632,1,2,1,11.825133,2.743668,0.567354,0.811095,0.696813,0.336886,0.990646,0.383754,18.514018
633,0,2,0,9.327108,2.631280,0.562510,0.810376,0.694732,0.336726,0.985963,0.498301,16.007581
634,0,2,1,13.285600,2.633360,0.565551,0.805785,0.693145,0.342369,0.996412,0.481034,19.963280
635,1,2,1,9.239021,2.742400,0.568942,0.810437,0.699532,0.336369,0.979698,0.384910,15.921858
636,1,2,1,13.518265,2.723336,0.567237,0.812788,0.693982,0.340339,0.997945,0.379729,20.192486
637,1,2,1,13.490006,2.637182,0.566270,0.815994,0.697132,0.342554,0.983256,0.382467,20.073458
638,0,2,0,13.976320,2.629440,0.564511,0.810270,0.692363,0.341145,0.995963,0.380234,20.548560
639,1,2,1,11.435477,2.731385,0.565101,0.808548,0.693372,0.339009,0.983422,0.379212,18.097539
640,1,2,1,12.048240,2.729773,0.570615,0.808892,0.697858,0.330985,0.985206,0.382757,18.706843
641,1,2,1,11.708345,2.630019,0.569687,0.908855,0.706357,0.340197,0.983975,0.382462,18.390025
642,1,2,1,11.303403,2.631846,0.560271,0.812640,0.697249,0.339785,0.981735,0.404013,17.888179
643,1,2,1,11.083668,2.631569,0.570074,0.811384,0.691434,0.335003,0.996972,0.382492,17.659914
644,1,2,1,10.617342,2.740252,0.571231,0.810603,0.691828,0.339015,0.978461,0.385225,17.293434
645,1,2,1,13.531852,2.753120,0.571446,0.810338,0.690646,0.342049,0.983815,0.382677,20.225809
646,1,2,1,12.731126,2.722591,0.569181,0.805089,0.692973,0.339938,0.997151,0.381471,19.400302
647,1,2,1,10.653748,2.631970,0.563791,0.918806,0.708979,0.339083,0.982431,0.383902,17.343859
648,1,2,1,11.423938,2.625009,0.566745,0.809046,0.694665,0.338930,0.990541,0.422062,18.031612
649,1,2,1,13.487262,2.634271,0.568234,0.811459,0.693896,0.336757,0.988554,0.413052,20.095496
650,0,2,0,13.855514,2.627926,0.567902,0.805188,0.698855,0.464517,0.989027,0.397329,20.564707
651,1,2,1,11.715194,2.631926,0.562160,0.808388,0.695459,0.337723,0.980702,0.530486,18.424461
652,1,2,1,10.691249,2.632215,0.567575,0.812074,0.693212,0.341748,0.981508,0.383145,17.264104
653,0,2,0,13.446806,2.632634,0.566246,0.807009,0.691840,0.339261,0.984585,0.378905,20.005059
654,1,2,1,10.613797,2.726861,0.565514,0.808406,0.693470,0.337581,0.983243,0.382419,17.270253
655,0,2,0,13.723901,2.724413,0.572603,0.807200,0.691108,0.338566,0.980732,0.384745,20.384578
656,1,2,1,13.535723,2.727003,0.566043,0.810431,0.697385,0.345046,0.984720,0.387760,20.213668
657,1,2,1,11.824714,2.740430,0.572351,0.809095,0.700535,0.340819,0.984578,0.382037,18.514277
658,1,2,1,11.175877,2.629570,0.560972,0.810320,0.832357,0.341120,0.979102,0.381963,17.872616
659,1,2,1,11.318000,2.630671,0.566985,0.808357,0.694105,0.339095,0.984129,0.475287,17.975594
660,1,2,1,10.647766,2.630302,0.560080,0.807828,0.692930,0.339667,0.981108,0.384436,17.200646
661,1,2,1,13.346930,2.633237,0.566000,0.809693,0.698357,0.336473,0.984929,0.382806,19.915046
662,1,2,1,10.717594,2.731890,0.570086,0.807090,0.690942,0.338831,0.982259,0.382473,17.378541
663,0,2,1,13.227920,2.739040,0.567594,0.813821,0.689243,0.338092,0.983987,0.383594,19.904099
664,1,2,1,13.489895,2.753317,0.572283,0.801650,0.693256,0.338443,0.984320,0.383262,20.173360
665,1,2,1,13.524247,2.724406,0.572825,0.811901,0.689231,0.341618,0.986517,0.383631,20.196695
666,1,2,1,13.374216,2.727324,0.570493,0.812388,0.695028,0.340517,0.995600,0.380683,20.055969
667,0,2,0,13.730892,2.753150,0.569790,0.807261,0.694111,0.338191,0.983594,0.384375,20.420197
668,1,2,1,11.728511,2.729932,0.568166,0.808000,0.692622,0.338247,0.983520,0.381378,18.387157
669,1,2,1,11.826252,2.628640,0.564690,0.938578,0.705354,0.339015,0.984418,0.381711,18.534487
670,1,2,1,9.345908,2.635606,0.566443,0.807360,0.699317,0.339644,0.996270,0.386339,15.933631
671,1,2,1,9.395206,2.739821,0.568966,0.816172,0.700314,0.341471,0.980597,0.384991,16.090806
672,1,2,1,10.644769,2.632431,0.565274,0.899372,0.711249,0.343256,0.983588,0.384978,17.325009
673,1,2,0,13.672025,2.629194,0.569095,0.924997,0.700536,0.337064,0.986825,0.380750,20.362659
674,0,2,0,13.437421,2.629434,0.570357,0.938830,0.699317,0.337520,0.981520,0.383434,20.135988
675,1,2,1,10.679077,2.627483,0.565360,0.805434,0.694707,0.337384,0.988652,0.400843,17.258387
676,0,2,0,13.925341,2.633539,0.560338,0.804387,0.690462,0.340394,0.985673,0.403729,20.501876
677,1,2,1,11.216634,2.631816,0.570548,0.810646,0.690166,0.338763,0.995329,0.374338,17.785988
678,0,2,0,13.607926,2.636019,0.560222,0.810966,0.695723,0.339495,0.996413,0.382179,20.186474
679,1,2,1,10.878222,2.642812,0.568880,0.812886,0.693009,0.338523,0.993292,0.383625,17.470307
680,1,2,0,13.716923,2.630868,0.572739,0.807674,0.691760,0.339828,0.987502,0.383071,20.288326
681,1,2,1,10.645741,2.721754,0.568523,0.815132,0.700806,0.339298,0.984868,0.381028,17.316763
682,1,2,1,10.743225,2.635631,0.563175,0.808966,0.796234,0.343914,0.982246,0.383095,17.417796
683,1,2,1,11.396338,2.634338,0.565859,0.807779,0.687619,0.341396,0.998738,0.483218,18.081391
684,1,2,1,12.728449,2.630462,0.567298,0.805446,0.694849,0.338990,0.985815,0.381446,19.291108
685,1,2,1,11.295212,2.630498,0.567637,0.810209,0.692911,0.337939,0.995791,0.385372,17.874591
686,1,2,1,11.183083,2.732757,0.569563,0.802276,0.698843,0.337360,0.980092,0.384110,17.847729
687,1,2,1,13.575876,2.726880,0.571674,0.810068,0.700400,0.338954,0.984437,0.384794,20.253379
688,1,2,1,10.300080,2.634375,0.565969,0.911501,0.701766,0.339501,0.997729,0.378917,16.992806
689,1,2,1,10.642978,2.628634,0.566474,0.803360,0.693538,0.339027,0.988886,0.380049,17.282775
690,1,2,1,11.537933,2.632136,0.570812,0.807994,0.693212,0.337144,0.984246,0.383705,18.103249
691,1,2,1,11.136382,2.733840,0.565692,0.806233,0.693182,0.335126,0.987354,0.386166,17.800333
692,1,2,1,11.712745,2.722185,0.565293,0.807299,0.693329,0.337699,0.993077,0.383446,18.374006
693,1,2,1,9.376689,2.627834,0.567883,0.908166,0.853108,0.456825,1.013249,0.557416,16.576523
694,1,2,1,11.951797,2.856400,0.693674,1.224843,0.876104,0.404080,1.009630,0.498985,19.715372
695,0,2,0,15.068486,2.763397,0.676916,0.989994,0.730184,0.338160,0.983852,0.399650,22.126640
696,1,2,1,10.715452,2.646381,0.578449,0.818511,0.711587,0.345053,1.007372,0.443317,17.428277
697,1,2,1,14.081459,2.712265,0.583655,0.816234,0.711464,7.110855,1.023507,0.562554,27.790270
698,0,2,0,14.667704,2.832246,0.563342,0.873784,0.858905,0.397859,1.232967,0.537723,22.166769
699,1,2,1,12.362567,2.684283,0.639403,0.850320,0.689846,0.330019,0.977993,0.376615,19.188234
700,1,2,1,9.273379,2.815304,0.568074,0.787650,0.673766,0.335711,0.996258,0.386849,15.997914
701,1,2,1,12.065545,2.876092,0.589372,0.902659,0.867409,0.342936,0.987354,0.399852,19.208301
702,1,2,1,14.909108,2.897150,0.638326,0.950880,0.944985,0.400178,1.001120,0.517126,22.464653
703,1,2,1,12.559901,2.908659,0.701139,0.926997,0.907963,0.426548,1.037193,0.544388,20.256025
704,1,2,1,12.326985,2.892684,0.694813,1.029877,0.879416,0.404037,1.015877,0.560929,20.005459
705,1,2,0,14.560707,2.631274,0.567360,0.807705,0.693809,0.336166,0.984031,0.381747,21.122111
706,1,2,0,13.849822,2.631760,0.567058,0.810129,0.691680,0.337650,0.982646,0.477188,20.506019
707,0,2,1,12.485218,2.634498,0.568819,0.808425,0.696979,0.340505,0.980486,0.382517,19.053636
708,1,2,1,13.618394,2.628381,0.560917,0.815311,0.695828,0.335317,0.982967,0.383680,20.175514
709,1,2,0,14.045816,2.630505,0.572622,0.811711,0.695988,0.342357,0.982153,0.482314,20.725317
710,1,2,1,12.424665,2.629797,0.562702,0.809483,0.696049,0.342800,0.981514,0.383077,18.988455
711,1,2,1,11.263969,2.628652,0.566732,0.815649,0.692923,0.340080,0.995139,0.383791,17.846148
712,1,2,1,13.676363,2.629564,0.565464,0.810129,0.694917,0.340074,0.984911,0.383434,20.242917
713,1,2,1,13.799187,2.630751,0.568646,0.809384,0.700013,0.338431,0.988154,0.380769,20.373145
714,1,2,1,11.175532,2.762690,0.578018,0.810664,0.690972,0.338018,0.982092,0.382517,17.880966
715,1,2,1,12.728714,2.724424,0.571471,0.805114,0.690880,0.339193,0.996689,0.383698,19.400037
716,1,2,1,13.375187,2.733095,0.564578,0.807815,0.691600,0.337532,0.995563,0.381981,20.043342
717,1,2,0,13.212037,2.746480,0.567507,0.812905,0.687779,0.338234,0.982468,0.381341,19.891341
718,1,2,1,13.063077,2.732073,0.560394,0.803065,0.697040,0.338006,0.982345,0.381865,19.720166
719,1,2,1,13.486056,2.727151,0.570412,0.812628,0.687280,0.340554,0.980861,0.383403,20.148344
720,1,2,1,13.572129,2.765046,0.564314,0.805538,0.691527,0.338843,0.980880,0.383336,20.259514
721,1,2,1,11.524166,2.727877,0.570745,0.812043,0.692751,0.339231,0.987914,0.383742,18.199237
722,0,2,0,13.846382,2.725705,0.567791,0.806197,0.700770,0.336252,0.996179,0.380449,20.518892
723,1,2,1,10.680498,2.630160,0.564831,0.814413,0.816185,0.342338,0.995563,0.386813,17.392856
724,1,2,1,9.385421,2.630276,0.566603,0.811705,0.700364,0.337810,0.982788,0.380973,15.952019
725,1,2,1,9.636172,2.761649,0.569144,0.805298,0.703132,0.338197,0.979920,0.383028,16.336074
726,1,2,1,9.592006,2.631809,0.567434,0.808210,0.696529,0.341741,0.993151,0.404818,16.194227
727,1,2,1,11.272541,2.630844,0.561661,0.813274,0.695637,0.337557,0.982542,0.385557,17.840381
728,1,2,1,13.651397,2.631483,0.562240,0.804800,0.697760,0.341367,0.989366,0.382166,20.218474
729,1,2,0,13.781637,2.632376,0.567975,0.810972,0.696468,0.335514,0.988184,0.381440,20.351508
730,1,2,1,13.645231,2.630172,0.562449,0.815859,0.696542,0.339785,0.981907,0.382314,20.210000
731,1,2,1,11.749926,2.628886,0.569637,0.807711,0.697157,0.337471,0.993397,0.381803,18.326979
732,1,2,1,10.705963,2.742849,0.564689,0.810234,0.696972,0.339354,0.982018,0.383280,17.384702
733,1,2,1,13.556196,2.753920,0.564967,0.813329,0.696344,0.336744,0.979779,0.383957,20.243440
734,1,2,1,11.685083,2.734381,0.567895,0.811330,0.691951,0.336665,0.984966,0.380517,18.351452
735,1,2,0,13.786738,2.723022,0.575292,0.808658,0.695527,0.334030,0.994849,0.382505,20.465034
736,1,2,1,10.727243,2.636487,0.567673,0.813059,0.834049,0.342000,0.981686,0.382806,17.444627
737,1,2,1,13.625353,2.631397,0.562886,0.898702,0.702813,0.336129,0.987440,0.381723,20.289317
738,1,2,1,11.778985,2.631594,0.565705,0.809077,0.696326,0.337077,0.986825,0.392462,18.357557
739,1,2,1,10.632560,2.633969,0.561582,0.810739,0.696129,0.335514,0.995280,0.377680,17.202819
740,1,2,1,13.696024,2.632462,0.565016,0.813422,0.691255,0.337409,0.981286,0.380973,20.255151
741,1,2,1,13.597766,2.638265,0.563613,0.806978,0.699834,0.336972,0.980498,0.382259,20.165945
742,1,2,1,11.324289,2.675896,0.563717,0.804092,0.690419,0.335871,0.994492,0.382019,17.930929
743,1,2,1,11.703815,2.747058,0.569748,0.810898,0.691760,0.333384,0.982701,0.380886,18.378818
744,1,2,1,12.728677,2.746573,0.571902,0.811040,0.697766,0.335151,0.984320,0.379311,19.412738
745,1,2,1,11.249071,2.633317,0.560966,0.912744,0.712524,0.338142,0.989680,0.381446,17.937723
746,1,2,1,11.218098,2.630492,0.560714,0.812923,0.698800,0.335459,0.988234,0.414794,17.818787
747,1,2,1,11.230227,2.625280,0.564794,0.807828,0.691022,0.337723,0.982825,0.380419,17.779754
748,1,2,1,9.411600,2.737889,0.567028,0.809483,0.700480,0.338338,0.993360,0.378646,16.096923
749,0,2,0,13.663822,2.748455,0.566764,0.812062,0.689871,0.340105,0.980314,0.386092,20.349249
750,1,2,1,13.732997,2.730836,0.566147,0.805397,0.691736,0.338000,0.982554,0.387415,20.394013
751,1,2,1,13.265822,2.729502,0.566776,0.807784,0.691766,0.336018,0.994904,0.383656,19.936972
752,0,2,1,10.879064,2.632160,0.571065,0.947563,0.704431,0.338136,0.983587,0.382646,17.598148
753,1,2,0,13.809231,2.631360,0.665169,0.813336,0.698585,0.341064,0.984000,0.379699,20.481458
754,1,2,1,11.688394,2.634972,0.565569,0.810344,0.807003,0.338873,0.980296,0.387533,18.371784
755,0,2,0,13.809495,2.634308,0.565459,0.937182,0.704277,0.335747,0.986486,0.381520,20.514671
756,1,2,1,10.640837,2.624997,0.560898,0.811447,0.700794,0.339366,0.983323,0.465853,17.282407
757,1,2,1,10.720554,2.632794,0.565612,0.811084,0.694080,0.337870,0.981502,0.379785,17.282333
758,1,2,1,11.031865,2.765896,0.572147,0.808031,0.696664,0.337040,0.982880,0.382068,17.736461
759,1,2,1,13.558652,2.742579,0.569360,0.811151,0.690111,0.338172,0.982511,0.385890,20.236043
760,1,2,1,10.774843,2.630702,0.567588,0.940043,0.699588,0.334923,0.981680,0.378941,17.468806
761,1,2,1,10.765914,2.632991,0.569440,0.808209,0.694468,0.337569,1.028861,0.419957,17.420450
762,1,2,1,11.245630,2.629717,0.567305,0.808517,0.693046,0.339403,0.985975,0.380153,17.804566
763,1,2,1,11.572616,2.641009,0.564880,0.811095,0.698025,0.336240,0.995255,0.382314,18.160117
764,1,2,1,13.761182,2.631785,0.566677,0.806554,0.697840,0.334129,0.989760,0.391293,20.335877
765,1,2,1,13.666997,2.631107,0.570270,0.812899,0.696825,0.341606,0.996474,0.380665,20.255403
766,1,2,1,13.580720,2.630738,0.566173,0.813305,0.692554,0.343293,0.981040,0.384529,20.147988
767,1,2,1,11.202554,2.742394,0.570160,0.814695,0.696997,0.342536,0.982006,0.383175,17.891987
768,1,2,1,10.704326,2.635446,0.563114,0.929581,0.701194,0.340000,0.981028,0.382671,17.395003
769,0,2,0,13.662413,2.637797,0.569175,0.823902,0.700566,0.335570,0.987557,0.384942,20.350388
770,1,2,1,13.105723,2.633686,0.563330,0.924696,0.704055,0.338566,0.982936,0.380024,19.791538
771,1,2,1,13.338308,2.629606,0.572480,0.931828,0.701360,0.342271,0.982942,0.389576,20.048628
772,1,2,1,11.213821,2.629188,0.563784,0.802086,0.694302,0.340782,0.988597,0.399415,17.788338
773,1,2,0,10.900055,2.628843,0.569304,0.807698,0.691939,0.339133,0.979773,0.381569,17.456406
774,1,2,0,13.675576,2.635858,0.566228,0.809404,0.687779,0.336548,0.979730,0.385157,20.232573
775,1,2,1,10.639231,2.747477,0.570794,0.810264,0.694203,0.332591,0.996098,0.382289,17.333520
776,1,2,1,10.650880,2.626104,0.682283,0.804222,0.696240,0.341144,0.995908,0.382695,17.338184
777,1,2,1,10.713378,2.637415,0.571077,0.815501,0.693926,0.337938,0.989022,0.412855,17.332221
778,0,2,0,13.994751,2.670233,0.573163,0.806424,0.803668,0.339551,0.981846,0.383003,20.713741
779,0,2,0,13.859273,2.626025,0.567895,0.917428,0.724462,0.340394,0.982036,0.386184,20.568320
780,1,2,1,10.670093,2.629274,0.560498,0.809237,0.687107,0.339815,0.993397,0.381434,17.228665
781,1,2,1,13.508855,2.624873,0.562412,0.811994,0.696640,0.339785,0.984068,0.483766,20.174646
782,1,2,1,10.687612,2.632622,0.562584,0.802240,0.694240,0.336917,0.981342,0.388517,17.241791
783,1,2,1,13.604542,2.632326,0.570486,0.809182,0.690806,0.340234,0.984554,0.385582,20.175717
784,1,2,1,14.124868,2.631071,0.565643,0.809446,0.692517,0.340985,0.982320,0.384566,20.685034
785,1,2,1,13.818412,2.636086,0.565434,0.809096,0.691736,0.337828,0.984782,0.381403,20.385145
786,0,2,0,13.807908,2.625176,0.564203,0.816849,0.688738,0.338130,0.979908,0.384757,20.364929
787,0,2,0,13.906966,2.629748,0.569071,0.813231,0.693969,0.337483,0.978689,0.383994,20.544751
788,1,2,0,13.259145,2.630547,0.564314,0.808093,0.693729,0.336633,0.982720,0.383372,19.818430
789,1,2,1,13.578105,2.627729,0.564018,0.813717,0.695699,0.338936,0.983022,0.519760,20.283286
790,0,2,1,13.785188,2.634000,0.566542,0.810437,0.695951,0.341212,0.991415,0.416246,20.400517
791,1,2,1,13.519127,2.630154,0.569077,0.807742,0.692732,0.338437,0.982486,0.414664,20.115434
792,1,2,1,11.216560,2.627920,0.566547,0.812628,0.699040,0.336209,0.980154,0.380763,17.778751
793,1,2,1,11.959206,2.631704,0.566683,0.812510,0.699538,0.342007,0.988400,0.383028,18.540634
794,1,2,1,13.356086,2.631003,0.561502,0.808123,0.696154,0.343323,0.985046,0.385163,19.922529
795,0,2,0,13.502504,2.629551,0.565643,0.811852,0.698585,0.339821,0.979951,0.379883,20.069157
796,1,2,1,13.618160,2.630683,0.565926,0.812683,0.692117,0.338246,0.982794,0.382222,20.178419
797,1,2,1,11.669600,2.727237,0.577699,0.813526,0.691286,0.343538,0.985347,0.381594,18.350622
798,1,2,1,13.590775,2.731342,0.571058,0.805341,0.693569,0.338265,0.983114,0.378080,20.248135
799,1,2,1,11.270302,2.753347,0.571102,0.814708,0.700037,0.338923,0.983932,0.384750,17.977193
800,0,2,0,13.576923,2.732012,0.573336,0.808665,0.690590,0.336474,0.986068,0.380627,20.240012
801,0,2,0,13.337741,2.740000,0.569157,0.810210,0.689723,0.340277,0.987390,0.383015,20.014911
802,1,2,1,13.560264,2.754222,0.565945,0.808166,0.690424,0.338259,0.983539,0.383034,20.241846
803,1,2,1,13.506837,2.729624,0.567034,0.810517,0.693403,0.338819,0.980812,0.382732,20.169495
804,0,2,0,13.732105,2.721446,0.567815,0.816173,0.697009,0.340566,0.979913,0.384252,20.401588
805,1,2,1,13.529372,2.756640,0.567932,0.811016,0.686603,0.339699,0.992874,0.379194,20.219532
806,1,2,1,13.403569,2.726524,0.567896,0.811575,0.699132,0.338277,0.995723,0.383822,20.084265
807,0,2,0,13.602579,2.637637,0.567077,0.814874,0.685545,0.340683,0.984172,0.384647,20.177606
808,1,2,1,10.610190,2.745224,0.569846,0.807772,0.695582,0.341194,0.982221,0.380770,17.288504
809,0,2,0,13.578733,2.731514,0.574068,0.809373,0.691490,0.334197,0.988461,0.387791,20.257902
810,1,2,1,13.488363,2.728167,0.569446,0.811372,0.693686,0.339003,0.984664,0.383176,20.155575
811,1,2,1,13.521945,2.756283,0.563434,0.809969,0.696794,0.337366,0.979427,0.381914,20.206708
812,1,2,1,11.220597,2.634234,0.557090,0.916283,0.699224,0.340055,0.983748,0.388024,17.894326
813,1,2,1,11.501071,2.624517,0.563489,0.807877,0.698978,0.339779,0.991932,0.403853,18.092154
814,1,2,1,10.705785,2.633933,0.559010,0.807760,0.699144,0.342560,0.985594,0.378997,17.270215
815,1,2,1,11.752990,2.654787,0.570056,0.805624,0.692603,0.339908,0.980787,0.381902,18.345335
816,1,2,1,11.249181,2.726086,0.565569,0.805994,0.696511,0.340763,0.985483,0.378326,17.903256
817,1,2,1,11.502228,2.623090,0.571384,0.928302,0.703477,0.337274,0.989268,0.384302,18.195680
818,1,2,1,9.418258,2.629458,0.558216,0.808936,0.702018,0.344351,0.983828,0.383939,15.988258
819,1,2,1,10.719951,2.746929,0.574271,0.815760,0.699477,0.340418,0.982136,0.379144,17.418713
820,1,2,1,11.714006,2.730191,0.567693,0.809729,0.688006,0.337108,0.996307,0.381655,18.383828
821,1,2,1,10.658756,2.629902,0.563981,0.811163,0.825034,0.338726,0.983938,0.386363,17.360726
822,1,2,1,9.376997,2.632474,0.563366,0.813126,0.702271,0.338523,0.995975,0.380363,15.956338
823,0,2,0,13.882616,2.629637,0.565895,0.816523,0.697631,0.337533,0.985200,0.381415,20.455753
824,1,2,1,13.414880,2.627569,0.566222,0.812713,0.700812,0.338191,0.987280,0.387865,19.992726
825,1,2,1,10.770824,2.738572,0.567846,0.811268,0.698621,0.340456,0.985539,0.384948,17.457822
826,1,2,1,10.694627,2.631299,0.690911,0.815557,0.703896,0.335348,0.996517,0.381323,17.407231
827,1,2,1,13.521704,2.726086,0.566388,0.812437,0.690757,0.335791,0.981243,0.380191,20.171926
828,1,2,1,11.428867,2.628548,0.563390,0.810117,0.822566,0.339003,0.986074,0.383662,18.126190
829,1,2,1,10.774277,2.631539,0.559772,0.808320,0.690320,0.339477,0.982493,0.383723,17.330646
830,1,2,1,9.324462,2.739065,0.562530,0.815249,0.696997,0.342160,0.995292,0.386462,16.022905
831,1,2,1,12.753188,2.748499,0.574012,0.806455,0.700258,0.335809,0.980437,0.380935,19.442209
832,1,2,1,13.524696,2.730369,0.563809,0.815483,0.697225,0.340867,0.997224,0.382296,20.209003
833,1,2,1,10.712579,2.629015,0.570344,0.910037,0.696271,0.338640,0.983803,0.379766,17.381169
834,1,2,1,13.644179,2.628862,0.669772,0.828677,0.698572,0.334578,0.994923,0.378739,20.335889
835,1,2,1,13.533631,2.630671,0.662449,0.809883,0.696652,0.339606,0.982930,0.382073,20.198277
836,1,2,1,10.643465,2.629452,0.564585,0.805563,0.694893,0.340837,0.984351,0.406356,17.227569
837,1,2,1,13.483563,2.634277,0.569570,0.803926,0.695096,0.338068,0.992480,0.407268,20.086357
838,1,2,1,10.693458,2.635329,0.568818,0.799932,0.693336,0.339034,0.986007,0.381206,17.255582
839,1,2,1,10.700332,2.729452,0.570437,0.813483,0.694166,0.339896,0.996603,0.383871,17.391458
840,1,2,1,10.891655,2.631853,0.702979,0.820770,0.695710,0.334203,0.996098,0.384141,17.617747
841,1,2,1,10.661539,2.627982,0.567133,0.808363,0.691816,0.340024,0.984899,0.413126,17.257766
842,1,2,1,12.200646,2.627181,0.566683,0.813065,0.685920,0.339379,0.994258,0.388616,18.774757
843,1,2,1,13.615367,2.628923,0.572382,0.809409,0.694628,0.343071,0.980610,0.468695,20.279237
844,1,2,1,11.521052,2.629895,0.560320,0.806209,0.692696,0.343298,0.980511,0.381655,18.073378
845,1,2,1,13.613138,2.631778,0.574393,0.812289,0.693237,0.336911,0.985293,0.382967,20.187016
846,1,2,1,10.640646,2.733840,0.570695,0.813933,0.694111,0.343723,0.982985,0.379772,17.315988
847,1,2,1,10.646431,2.636025,0.566517,0.946941,0.707809,0.336788,0.981816,0.380074,17.362855
848,1,2,1,11.233163,2.638468,0.561409,0.811698,0.693828,0.341631,0.983902,0.409612,17.832830
849,0,2,0,13.879354,2.628277,0.569514,0.814326,0.693132,0.353415,0.987440,0.383452,20.555526
850,1,2,1,11.163354,2.629662,0.563145,0.809261,0.690633,0.336369,0.982824,0.384215,17.715686
851,1,2,1,13.636794,2.631754,0.564147,0.818443,0.694086,0.340111,0.980825,0.378080,20.203243
852,1,2,1,11.772178,2.633495,0.561932,0.808363,0.693662,0.336843,0.984732,0.382517,18.330474
853,1,2,1,12.838240,2.628708,0.566135,0.811895,0.694633,0.338560,0.996880,0.381434,19.416418
854,1,2,1,13.666597,2.632025,0.567298,0.809698,0.696985,0.335779,0.982929,0.386104,20.233766
855,1,2,1,10.621071,2.730708,0.568523,0.808178,0.691176,0.335249,0.992843,0.380572,17.288314
856,1,2,1,13.503015,2.732714,0.569994,0.810092,0.693187,0.340658,0.983089,0.384511,20.179323
857,1,2,1,9.447520,2.633945,0.568418,0.807224,0.701403,0.364634,0.989477,0.388240,16.140480
858,1,2,1,13.111360,2.630843,0.567224,0.808099,0.694892,0.458105,0.985717,0.396099,19.810504
859,0,2,1,13.617926,2.632702,0.571464,0.816197,0.811680,0.343957,0.982794,0.391427,20.331089
860,0,2,0,12.613593,2.631594,0.563649,0.813656,0.697206,0.338597,1.081434,0.410578,19.306338
861,0,2,0,13.802892,2.627292,0.561181,0.812055,0.801538,0.340646,0.984456,0.388861,20.481637
862,1,2,1,10.572111,2.633846,0.563569,0.802929,0.692147,0.340227,0.983803,0.382388,17.129120
863,1,2,1,11.577717,2.634123,0.565256,0.800259,0.689754,0.337329,0.986031,0.384425,18.133833
864,1,2,1,11.221089,2.730068,0.574018,0.807969,0.696806,0.336739,0.982400,0.380566,17.889157
865,1,2,1,10.738960,2.633643,0.568517,0.915373,0.697957,0.339163,0.985520,0.383224,17.424566
866,1,2,1,10.684043,2.629237,0.563637,0.806695,0.694289,0.342332,0.983169,0.500806,17.361397
867,1,2,1,10.711471,2.628991,0.561138,0.812166,0.697809,0.332049,0.984585,0.383114,17.268320
868,1,2,1,11.396615,2.733139,0.571206,0.807852,0.689791,0.339803,0.982640,0.379772,18.060726
869,1,2,1,11.449581,2.627507,0.701710,0.808487,0.698037,0.338812,0.982049,0.385686,18.148991
870,1,2,1,11.695508,2.628498,0.566763,0.811188,0.846702,0.338431,0.985495,0.383920,18.418953
871,1,2,1,13.536560,2.636609,0.566307,0.913976,0.713692,0.336043,0.995360,0.386153,20.244228
872,1,2,1,13.749809,2.629495,0.564080,0.931987,0.703385,0.334843,0.985003,0.382018,20.442024
873,1,2,1,10.667040,2.629458,0.568252,0.807286,0.692560,0.340732,0.984566,0.414012,17.262769
874,1,2,1,11.624093,2.635176,0.559163,0.804523,0.688960,0.337053,0.982973,0.380093,18.170332
875,1,2,1,11.460246,2.633213,0.570837,0.801508,0.700227,0.338628,0.994880,0.386517,18.047532
876,0,2,0,13.606868,2.631667,0.566185,0.808954,0.695465,0.341976,0.982536,0.383102,20.173901
877,1,2,1,13.598486,2.633034,0.570191,0.814382,0.689292,0.343317,0.984394,0.378086,20.171348
878,1,2,1,10.672973,2.744357,0.565797,0.810154,0.692745,0.337680,0.992129,0.384696,17.357803
879,0,2,0,13.738972,2.750332,0.562818,0.814997,0.693668,0.335944,0.983600,0.382634,20.422702
880,1,2,1,13.529637,2.726874,0.567065,0.808911,0.697385,0.338677,0.981410,0.382425,20.192984
881,1,2,1,10.757138,2.632277,0.562690,0.920394,0.697127,0.338049,0.989329,0.382437,17.439717
882,1,2,1,10.662382,2.631502,0.566308,0.811483,0.693914,0.340800,0.994406,0.409520,17.369833
883,0,2,0,14.252874,2.629662,0.568504,0.814295,0.700184,0.435138,0.984252,0.403421,20.948984
884,1,2,1,10.749587,2.633015,0.562424,0.810825,0.693114,0.339089,0.979366,0.387754,17.310923
885,1,2,1,12.964473,2.632210,0.565108,0.811655,0.699385,0.337741,0.986228,0.381046,19.534806
886,1,2,1,11.540492,2.654813,0.566468,0.805612,0.699674,0.336720,0.994615,0.385810,18.146295
887,1,2,0,12.753680,2.726757,0.567563,0.811625,0.697723,0.339397,0.983194,0.376000,19.415422
888,1,2,1,10.716720,2.630880,0.677692,0.808634,0.697009,0.335717,0.981600,0.381175,17.387624
889,1,2,1,10.730130,2.629360,0.571342,0.809373,0.695945,0.340117,0.998160,0.416732,17.349415
890,1,2,1,10.851274,2.632948,0.569120,0.810689,0.696634,0.342683,0.981902,0.380560,17.423336
891,0,2,0,13.675490,2.631865,0.570640,0.805822,0.695834,0.343508,0.980412,0.383335,20.247957
892,1,2,1,11.837514,2.625969,0.566283,0.813397,0.695643,0.340510,0.983255,0.382505,18.400764
893,1,2,0,13.770221,2.626825,0.568430,0.811772,0.694825,0.338794,0.982578,0.381544,20.332776
894,1,2,0,13.577784,2.711298,0.630154,0.922923,0.812000,0.336585,0.983028,0.386935,20.537730
895,1,2,1,11.171015,2.972745,0.571655,0.818523,0.690529,0.337237,0.980794,0.380326,18.080603
896,1,2,1,10.733754,2.632837,0.680326,0.810074,0.687304,0.343323,0.982388,0.382178,17.408855
897,1,2,1,10.770591,2.635520,0.566850,0.811975,0.693748,0.334431,1.081551,0.404536,17.458314
898,0,2,1,13.302166,2.630344,0.567624,0.807889,0.696776,0.438215,0.985901,0.401754,19.992664
899,1,2,1,13.484369,2.630240,0.571945,0.811416,0.697342,0.429859,0.997336,0.387643,20.170886
900,1,2,1,13.509594,2.634985,0.561692,0.816277,0.791987,0.340794,0.980407,0.385003,20.180080
901,1,2,1,11.661895,2.633791,0.570474,0.810665,0.690862,0.337729,0.983090,0.508080,18.353883
902,1,2,1,11.216874,2.631643,0.557458,0.807520,0.691508,0.339366,0.996185,0.381810,17.778018
903,1,2,1,10.611022,2.733200,0.571139,0.812597,0.693932,0.335286,0.984573,0.380991,17.283865
904,1,2,1,10.708098,2.628000,0.565151,0.927581,0.704542,0.338480,0.992695,0.384184,17.406191
905,1,2,1,11.699668,2.632843,0.564437,0.815139,0.689637,0.417040,1.005194,0.410111,18.395859
906,1,2,1,10.660800,2.627453,0.566388,0.816806,0.692344,0.339033,0.982357,0.382745,17.222819
907,0,2,0,13.996985,2.628880,0.570751,0.811059,0.692110,0.339489,0.993624,0.386437,20.580517
908,0,2,0,13.479704,2.632744,0.564006,0.816037,0.688899,0.334320,0.984480,0.382092,20.039945
909,1,2,1,11.331649,2.627403,0.565212,0.816382,0.700056,0.336542,0.983188,0.380788,17.901212
910,1,2,1,13.609206,2.634745,0.564579,0.810000,0.689883,0.433262,1.001212,0.414536,20.321378
911,1,2,1,13.696252,2.628080,0.568117,0.816339,0.689133,0.343514,0.985483,0.383348,20.269182
912,1,2,1,10.690301,2.729188,0.570548,0.807219,0.695076,0.336831,0.995619,0.385760,17.373908
913,1,2,1,10.794505,2.632400,0.571225,0.926843,0.695847,0.341126,0.981741,0.378990,17.480702
914,1,2,0,13.507987,2.632394,0.669945,0.817643,0.695692,0.339194,0.981416,0.383853,20.189508
915,1,2,1,11.522819,2.631409,0.566615,0.809846,0.696665,0.427219,0.995391,0.386578,18.195907
916,1,2,1,10.699723,2.634461,0.561871,0.809323,0.689766,0.341483,0.981200,0.377803,17.253446
917,1,2,1,9.319649,2.764696,0.571982,0.813243,0.701009,0.335520,0.983440,0.380978,16.029600
918,1,2,1,13.316320,2.728942,0.567212,0.807637,0.692874,0.337188,0.997643,0.381933,19.991040
919,1,2,1,10.653070,2.632197,0.568018,0.885058,0.731034,0.335330,0.985895,0.383649,17.337403
920,1,2,0,12.694087,2.627391,0.563416,0.812258,0.798289,0.341163,0.982942,0.389926,19.371557
921,1,2,1,11.382055,2.631619,0.565458,0.811003,0.691692,0.341342,0.982769,0.483003,18.051311
922,1,2,1,13.172954,2.632609,0.569699,0.808603,0.691773,0.341803,0.980505,0.382437,19.737655
923,1,2,1,13.613772,2.631114,0.569471,0.809834,0.697551,0.338837,0.981218,0.497366,20.300633
924,1,2,1,10.652683,2.634234,0.561502,0.809772,0.691834,0.338818,0.984775,0.385360,17.218173
925,1,2,1,13.606554,2.631102,0.565059,0.811477,0.695409,0.337686,0.980744,0.381077,20.166061
926,1,2,1,10.669877,2.733575,0.573286,0.811809,0.691545,0.340326,0.982726,0.387225,17.350578
927,1,2,1,13.733471,2.749926,0.569268,0.810523,0.691730,0.339791,0.991890,0.380449,20.426584
928,1,2,1,10.632683,2.630510,0.561157,0.925145,0.693631,0.339539,0.994652,0.386990,17.322000
929,1,2,1,10.786793,2.627686,0.569181,0.809581,0.698893,0.336584,0.990006,0.397723,17.376061
930,1,2,1,10.713477,2.633163,0.562191,0.813298,0.691895,0.342886,0.994240,0.376492,17.283643
931,1,2,1,10.636622,2.728942,0.564825,0.811415,0.694523,0.337877,0.980714,0.379969,17.296591
932,1,2,1,13.483686,2.730628,0.566597,0.810437,0.699994,0.337440,0.983594,0.380702,20.154713
933,1,2,1,10.744917,2.629742,0.566511,0.946148,0.702831,0.333587,0.984671,0.380695,17.449526
934,1,2,1,10.743126,2.633046,0.563557,0.815440,0.695951,0.335951,1.010160,0.434012,17.393939
935,1,2,0,13.519236,2.631330,0.566019,0.814800,0.691471,0.336357,0.986400,0.421698,20.131391
936,0,2,0,13.819465,2.630708,0.564610,0.808979,0.696572,0.341237,0.997311,0.414997,20.435957
937,1,2,1,10.688104,2.631213,0.566837,0.810424,0.694461,0.336277,0.987778,0.382610,17.256424
938,1,2,1,11.001951,2.730252,0.568646,0.814357,0.687064,0.342289,0.996830,0.379895,17.680246
939,1,2,1,10.762104,2.634123,0.677126,0.812541,0.693016,0.342658,0.981957,0.379637,17.446542
940,1,2,1,11.418129,2.631766,0.569735,0.808382,0.818750,0.344450,0.982511,0.387415,18.123397
941,1,2,1,11.416240,2.629890,0.565133,0.810351,0.694671,0.339957,0.983416,0.472850,18.071317
942,1,2,1,10.721237,2.632030,0.568037,0.816597,0.692486,0.335446,0.984326,0.382788,17.290732
943,1,2,1,13.481021,2.629692,0.568043,0.809804,0.692868,0.338178,0.982640,0.383212,20.043317
944,1,2,1,10.714382,2.748123,0.564739,0.811532,0.692769,0.335735,0.982074,0.382923,17.393496
945,1,2,1,10.798856,2.630247,0.562966,0.904166,0.720769,0.337680,0.984450,0.384634,17.487810
946,1,2,1,13.521797,2.639396,0.562018,0.917557,0.702985,0.341305,0.993895,0.381951,20.218708
947,1,2,1,10.755822,2.631625,0.568997,0.817182,0.693434,0.342019,0.983077,0.501643,17.451828
948,0,2,0,13.649415,2.631391,0.558264,0.811071,0.692664,0.338166,0.994708,0.414000,20.250136
949,1,2,1,13.524493,2.630954,0.568566,0.817754,0.698812,0.337090,0.989784,0.420553,20.151034
950,1,2,1,11.194154,2.632339,0.569680,0.809459,0.693852,0.341884,0.995477,0.384363,17.780886
951,1,2,1,10.693027,2.936695,0.576714,0.815587,0.699618,0.335433,0.994295,0.382523,17.594935
952,1,2,1,10.759354,2.627034,0.658160,0.810425,0.697311,0.342067,0.983754,0.379286,17.415551
953,1,2,1,10.728985,2.629447,0.567206,0.814240,0.696972,0.338997,1.101262,0.410141,17.450695
954,1,2,1,11.691637,2.631022,0.569225,0.806862,0.694000,0.340708,0.984376,0.382283,18.261213
955,1,2,1,10.829803,2.629465,0.565582,0.811994,0.694714,0.340123,0.996787,0.379581,17.405040
956,1,2,1,13.593317,2.632775,0.561766,0.816615,0.697120,0.336745,0.983791,0.382530,20.161287
957,1,2,1,13.677754,2.628474,0.563360,0.814567,0.691600,0.337329,0.984535,0.382923,20.239274
958,1,2,1,13.337920,2.628148,0.564110,0.810240,0.694412,0.336646,0.992849,0.382474,19.903539
959,1,2,1,11.458259,2.730234,0.572197,0.806357,0.689944,0.338904,0.983704,0.378560,18.121470
960,1,2,1,9.402074,2.644536,0.570683,0.806357,0.889194,0.346061,0.987360,0.387077,16.198468
961,1,2,1,13.610947,2.629778,0.565194,0.812529,0.826443,0.338461,0.992062,0.380713,20.314664
962,0,2,1,13.420363,2.633686,0.568056,0.925680,0.711040,0.343070,0.984861,0.387594,20.135065
963,1,2,1,11.682037,2.632037,0.564418,0.816338,0.698203,0.338862,0.981698,0.414308,18.287188
964,1,2,1,10.745188,2.634056,0.568634,0.808290,0.691194,0.343796,0.983489,0.383218,17.315126
965,1,2,1,11.580825,2.631538,0.568788,0.816258,0.693133,0.338031,0.981754,0.384880,18.156609
966,1,2,1,13.779945,2.628412,0.561366,0.812696,0.697723,0.340621,0.986246,0.383434,20.350074
967,1,2,1,10.415773,2.729791,0.573723,0.807569,0.703858,0.336339,0.981877,0.380991,17.091335
968,1,2,1,11.694596,2.628350,0.564935,0.914523,0.705907,0.342923,0.981243,0.381766,18.372345
969,1,2,1,13.590436,2.627378,0.569145,0.944548,0.699858,0.335742,0.986345,0.382277,20.294837
970,0,2,0,13.851674,2.629378,0.657120,0.817871,0.702770,0.338043,0.983194,0.380947,20.522104
971,1,2,1,13.574615,2.716825,0.573015,0.817704,0.693267,0.336769,0.982130,0.386375,20.243114
972,0,2,0,13.906696,2.746609,0.567526,0.807932,0.694504,0.335644,0.982788,0.384332,20.582190
973,1,2,1,10.744879,2.630720,0.563914,0.808887,0.803052,0.341268,0.996406,0.380178,17.429945
974,1,2,1,10.668751,2.635384,0.559280,0.813305,0.691526,0.336093,0.985212,0.382259,17.224745
975,1,2,1,13.577403,2.632455,0.570074,0.807920,0.696775,0.339661,0.981630,0.384141,20.147034
976,1,2,1,11.348381,2.633139,0.570695,0.811729,0.692701,0.337274,0.982314,0.389544,17.925065
977,1,2,1,13.617409,2.632603,0.564560,0.809243,0.699606,0.339766,0.988935,0.387317,20.201513
978,1,2,1,10.597065,2.728776,0.571656,0.815433,0.694080,0.333674,0.985465,0.383810,17.265446
979,0,2,0,13.688480,2.726203,0.565748,0.812339,0.689889,0.335102,0.982713,0.381009,20.342283
980,0,2,0,13.581373,2.730739,0.568978,0.812000,0.695311,0.338480,0.981508,0.386326,20.254049
981,1,2,0,9.386388,2.630320,0.566960,0.810806,0.839932,0.343680,0.981378,0.389200,16.110836
982,1,2,1,11.719600,2.632369,0.561945,0.808665,0.690363,0.341323,1.029994,0.419637,18.365784
983,0,2,0,13.681360,2.626351,0.567748,0.814628,0.693563,0.339422,0.994424,0.418910,20.295077
984,1,2,1,10.711741,2.632714,0.559028,0.813994,0.693717,0.338677,0.982473,0.383545,17.271582
985,1,2,1,10.723735,2.763034,0.569138,0.814911,0.692591,0.338646,0.985114,0.374283,17.423465
986,1,2,1,13.564683,2.726744,0.571785,0.813587,0.695366,0.334690,0.986603,0.383453,20.235262
987,1,2,1,10.784781,2.627415,0.667305,0.804548,0.694733,0.339950,0.993255,0.382166,17.456683
988,1,2,1,11.784166,2.632701,0.560080,0.806843,0.812363,0.339317,0.998062,0.381317,18.477139
989,1,2,1,10.762633,2.634142,0.565139,0.804978,0.696259,0.337698,0.996683,0.383120,17.341705
990,1,2,1,10.795218,2.634948,0.564412,0.811004,0.689810,0.338394,0.985120,0.382560,17.358572
991,1,2,1,10.639342,2.725200,0.573446,0.814966,0.695145,0.338450,0.984800,0.382997,17.312985
992,0,2,0,13.845630,2.745606,0.568615,0.809778,0.692695,0.339323,0.981600,0.386775,20.528997
993,1,2,1,13.560535,2.723446,0.570277,0.809354,0.696615,0.334344,0.983637,0.386806,20.228308
994,1,2,1,13.515415,2.728178,0.564664,0.807182,0.697643,0.339440,0.995716,0.381704,20.188941
995,0,2,0,13.659760,2.744049,0.572825,0.801772,0.691858,0.337298,0.992812,0.380664,20.343034
996,1,2,1,10.642763,2.633865,0.564130,0.928019,0.704978,0.336449,0.997059,0.388222,17.355994
997,0,2,0,13.679575,2.627477,0.681674,0.817520,0.700529,0.334917,0.981705,0.382196,20.367587
998,1,2,1,13.553994,2.628425,0.603114,0.814794,0.698536,0.335563,0.996308,0.383760,20.250886
999,1,2,0,11.016185,2.633914,0.566591,0.807508,0.693723,0.434252,0.999053,0.390659,17.706936
1000,1,2,1,13.522172,2.635028,0.565772,0.812123,0.811231,0.339496,0.982874,0.381262,20.215280
1001,1,2,1,13.572444,2.627367,0.564781,0.917126,0.706480,0.337274,0.987736,0.385501,20.259317
1002,1,2,1,10.736603,2.633384,0.561243,0.813508,0.698689,0.340400,0.983655,0.508541,17.436413
1003,1,2,1,10.699403,2.634381,0.568222,0.813797,0.692763,0.341372,0.995378,0.388073,17.290511
1004,1,2,1,10.729833,2.750505,0.570830,0.803286,0.691539,0.338068,0.984339,0.379643,17.407089
1005,1,2,1,10.670874,2.625293,0.567619,0.899373,0.717699,0.337489,0.981237,0.378898,17.341760
1006,1,2,1,13.567274,2.631717,0.563280,1.125686,0.703384,0.337132,0.980714,0.381293,20.451163
1007,1,2,1,13.521643,2.631212,0.566067,0.927009,0.702579,0.339304,0.982603,0.383508,20.214351
1008,1,2,1,10.761704,2.629453,0.560449,0.811385,0.696930,0.338043,0.987483,0.401114,17.346517
1009,1,2,1,13.359027,2.635034,0.575022,0.813613,0.702769,0.339040,0.986468,0.404930,19.979176
1010,0,2,1,11.982529,2.630893,0.560727,0.812683,0.701797,0.336467,0.989065,0.386806,18.558861
1011,1,2,1,11.376855,2.629816,0.566055,0.808640,0.694492,0.338013,0.983618,0.385170,17.939668
1012,1,2,1,10.619833,2.729175,0.563631,0.815194,0.693600,0.337366,0.991539,0.384043,17.297920
1013,1,2,1,13.530806,2.748049,0.568295,0.811489,0.691256,0.337243,0.983778,0.384295,20.213858
1014,1,2,1,10.747293,2.632972,0.569150,0.890486,0.735815,0.340246,0.984394,0.386117,17.452265
1015,1,2,1,13.415440,2.631298,0.564868,0.919895,0.708480,0.338573,0.980769,0.384985,20.106966
1016,1,2,1,11.800831,2.627188,0.562591,0.801876,0.695987,0.336387,0.984400,0.416093,18.387348
1017,1,2,1,10.738652,2.631070,0.564068,0.811311,0.692511,0.338806,0.986326,0.381834,17.305748
1018,1,2,1,9.372664,2.752258,0.565256,0.811243,0.691742,0.341490,0.983459,0.379957,16.055268
1019,1,2,1,10.813070,2.630086,0.572782,0.809643,0.808991,0.340271,0.988068,0.384603,17.509366
1020,1,2,1,10.681360,2.632781,0.561766,0.809514,0.694763,0.336985,0.992363,0.379939,17.250123
1021,1,2,1,12.936111,2.633612,0.569243,0.813846,0.693230,0.341655,0.982683,0.381896,19.509249
1022,1,2,1,11.316523,2.628142,0.564376,0.804554,0.694788,0.338197,0.986868,0.386683,17.877459
1023,1,2,1,13.616991,2.629594,0.563384,0.810474,0.696308,0.343581,0.978634,0.381951,20.181384
1024,1,2,1,11.276382,2.745810,0.567661,0.804492,0.701157,0.333489,0.982917,0.382708,17.956455
1025,0,2,0,13.708338,2.722627,0.571495,0.812178,0.697711,0.336418,0.981742,0.388566,20.379360
1026,1,2,1,10.668265,2.631243,0.563551,0.926462,0.701754,0.337969,0.984080,0.378572,17.349317
1027,1,2,1,10.826025,2.633821,0.571096,0.817661,0.693292,0.341139,0.982653,0.415397,17.445803
1028,0,2,0,13.962542,2.629354,0.561827,0.810560,0.699963,0.342812,1.081483,0.409292,20.657046
1029,1,2,1,10.697551,2.630738,0.569735,0.810553,0.699138,0.336867,0.982584,0.380843,17.264510
1030,1,2,1,13.217249,2.629766,0.565538,0.802327,0.698043,0.333280,0.982308,0.385120,19.775261
1031,1,2,1,11.774443,2.632080,0.564911,0.814314,0.697741,0.343895,0.989163,0.380123,18.357858
1032,1,2,1,10.666597,2.742049,0.568209,0.812905,0.698246,0.340775,0.996499,0.378739,17.360117
1033,1,2,1,10.311570,2.633378,0.563988,0.812240,0.696240,0.445004,0.984578,0.399723,17.008530
1034,1,2,1,13.430104,2.630147,0.561613,0.809951,0.692388,0.432154,0.985680,0.387422,20.087144
1035,1,2,1,12.859101,2.631606,0.569538,0.810062,0.694431,0.339495,0.992123,0.406228,19.465612
1036,1,2,1,10.738880,2.631188,0.565446,0.810535,0.691231,0.337354,0.984978,0.384486,17.303342
1037,1,2,1,10.722621,2.807809,0.573581,0.816203,0.692954,0.331194,0.986443,0.439010,17.534677
1038,1,2,1,11.361440,2.728055,0.572111,0.807963,0.693729,0.338246,0.996037,0.381446,18.039637
1039,1,2,1,10.740425,2.632763,0.572154,0.806295,0.694000,0.450018,0.982178,0.390487,17.430745
1040,1,2,1,11.654474,2.633261,0.569286,0.811021,0.701065,0.338400,0.985588,0.498019,18.352407
1041,1,2,1,12.858406,2.630787,0.567335,0.815009,0.695126,0.339230,0.997544,0.381576,19.443335
1042,1,2,1,10.826535,2.632874,0.563034,0.810621,0.693735,0.345797,0.979581,0.382535,17.394394
1043,1,2,1,11.244991,2.756892,0.575083,0.813625,0.694646,0.338074,0.986684,0.377593,17.945852
1044,0,2,0,13.548277,2.725815,0.568369,0.813877,0.692461,0.340701,0.983791,0.381908,20.214701
1045,1,2,1,13.530437,2.742831,0.572234,0.812930,0.688714,0.341557,0.980511,0.380812,20.209471
1046,1,2,1,10.778339,2.631711,0.566283,0.953902,0.694129,0.338634,0.986320,0.381649,17.489957
1047,1,2,1,10.780197,2.632117,0.564597,0.810160,0.697034,0.340837,0.984086,0.400726,17.369064
1048,1,2,1,13.039415,2.627581,0.567575,0.816154,0.694714,0.340431,1.049193,0.405667,19.702338
1049,1,2,1,11.884536,2.632449,0.562222,0.814461,0.697384,0.338653,0.988892,0.382788,18.459741
1050,1,2,1,13.670936,2.628702,0.568369,0.813514,0.697107,0.338037,0.983194,0.378068,20.237090
1051,0,2,0,13.800387,2.628911,0.567508,0.813692,0.701428,0.339957,0.983120,0.385126,20.381114
1052,1,2,1,10.839840,2.634098,0.557815,0.810332,0.690253,0.336634,0.987249,0.379390,17.393021
1053,1,2,1,10.649723,2.727280,0.572763,0.819779,0.696818,0.341705,0.979213,0.384886,17.331625
1054,0,2,0,13.747717,2.747175,0.567465,0.806936,0.693495,0.340572,0.982215,0.384277,20.431145
1055,1,2,1,13.511373,2.724689,0.570739,0.810542,0.697754,0.336547,0.984966,0.385261,20.182418
1056,1,2,1,11.448493,2.636818,0.684191,0.819994,0.705323,0.340492,0.995569,0.378259,18.167606
1057,1,2,1,13.812301,2.717686,0.569662,0.807859,0.698701,0.337496,0.980302,0.389028,20.475618
1058,1,2,1,11.435267,2.629956,0.563582,0.810295,0.815908,0.339637,0.990399,0.387507,18.135877
1059,1,2,1,12.197950,2.628548,0.567914,0.813102,0.695883,0.339157,0.984363,0.412252,18.799631
1060,1,2,1,13.697114,2.630431,0.568462,0.810578,0.698283,0.443938,0.986511,0.395329,20.390043
1061,1,2,1,13.386049,2.634080,0.570671,0.811378,0.694867,0.457471,0.982745,0.388923,20.085022
1062,1,2,1,13.825273,2.631668,0.568234,0.810770,0.815637,0.339243,0.979538,0.382843,20.515114
1063,1,2,1,10.754825,2.630000,0.566960,0.813833,0.692049,0.338892,0.979865,0.384289,17.318541
1064,1,2,1,10.845502,2.632486,0.565951,0.811256,0.699686,0.338437,0.989711,0.381846,17.422092
1065,1,2,1,13.646596,2.628782,0.566615,0.812443,0.696603,0.336296,0.986670,0.381034,20.218744
1066,1,2,1,13.421027,2.629576,0.562732,0.814536,0.693366,0.338930,0.981373,0.381908,19.980868
1067,1,2,1,11.643656,2.730523,0.565760,0.814068,0.695373,0.335661,0.986227,0.383144,18.313643
1068,1,2,1,11.776050,2.750750,0.567022,0.807108,0.692726,0.335532,0.981003,0.377600,18.445083
1069,1,2,1,10.728541,2.630874,0.567643,0.807594,0.802388,0.337348,0.986862,0.389631,17.416092
1070,1,2,1,12.464350,2.631464,0.563785,0.809440,0.693730,0.340634,0.985778,0.419772,19.069680
1071,1,2,1,10.787816,2.636547,0.564265,0.816603,0.695538,0.337040,0.985182,0.386216,17.371662
1072,1,2,1,10.699243,2.762954,0.565778,0.814997,0.694019,0.337883,0.997717,0.382720,17.415717
1073,1,2,1,14.471280,2.630923,0.568338,0.809144,0.695846,0.336893,0.987065,0.385853,21.043532
1074,1,2,1,10.741957,2.735316,0.568529,0.810664,0.697797,0.337120,0.983175,0.384517,17.419969
1075,1,2,1,10.805908,2.631360,0.569433,0.814911,0.815033,0.335207,0.982973,0.386775,17.503821
1076,1,2,1,11.381717,2.630240,0.559902,0.811637,0.699606,0.335655,0.985404,0.465096,18.027113
1077,1,2,1,11.189212,2.633951,0.569434,0.814849,0.695366,0.339360,0.981736,0.382350,17.762732
1078,0,2,0,14.003403,2.635705,0.561766,0.812597,0.693440,0.342006,0.984363,0.379766,20.573348
1079,1,2,1,11.549975,2.630628,0.565619,0.815120,0.694049,0.341618,0.980209,0.379970,18.118468
1080,1,2,1,13.640209,2.631305,0.560123,0.809323,0.689791,0.341742,0.985101,0.381053,20.193668
1081,1,2,1,10.577230,2.752787,0.565464,0.814899,0.694911,0.340289,0.981341,0.382369,17.268978
1082,0,2,1,12.786732,2.727877,0.579785,0.812529,0.694830,0.340044,0.988609,0.383668,19.476701
1083,1,2,1,12.536326,2.631711,0.564831,0.940270,0.707218,0.341636,0.983157,0.381207,19.246363
1084,1,2,1,11.713729,2.631471,0.567379,0.810006,0.696074,0.463384,0.984837,0.387969,18.412117
1085,1,2,1,10.618652,2.630812,0.565538,0.812967,0.696806,0.338283,0.984868,0.394049,17.199754
1086,1,2,1,13.604948,2.629754,0.563151,0.812067,0.695563,0.340603,0.982289,0.382886,20.170185
1087,1,2,1,11.833901,2.634579,0.574572,0.815877,0.692099,0.338338,0.979938,0.388412,18.416609
1088,1,2,0,13.780893,2.633526,0.570068,0.813876,0.690924,0.337040,0.980610,0.382578,20.349723
1089,0,2,0,13.681827,2.631193,0.566609,0.817465,0.698633,0.338960,0.984037,0.381803,20.260893
1090,1,2,1,11.838720,2.635834,0.570579,0.813047,0.694628,0.337821,0.987784,0.388757,18.422652
1091,1,2,1,13.861606,2.633736,0.556240,0.804701,0.689052,0.331649,0.983588,0.379477,20.396990
1092,0,2,0,13.663181,2.637588,0.566769,0.807133,0.699194,0.336135,0.982326,0.383588,20.233114
1093,1,2,0,13.845883,2.628683,0.569840,0.816985,0.698960,0.339630,0.997176,0.384277,20.444400
1094,1,2,1,10.619581,2.759815,0.569569,0.808449,0.693563,0.338696,0.981920,0.384487,17.316708
1095,1,2,1,11.517132,2.629329,0.689354,0.816616,0.696172,0.339944,0.983305,0.380394,18.213206
1096,1,2,1,13.694369,2.730646,0.566049,0.808627,0.694221,0.339403,0.985224,0.382554,20.359754
1097,0,2,0,13.426326,2.728603,0.570652,0.808985,0.689674,0.335723,0.983459,0.381914,20.084049
1098,1,2,1,9.394209,2.629434,0.566381,0.811994,0.700707,0.343415,0.994825,0.414498,16.017600
1099,0,2,0,13.759557,2.632751,0.565508,0.816997,0.689987,0.336954,0.997902,0.418664,20.377557
1100,1,2,1,10.770990,2.631329,0.564892,0.809889,0.695637,0.341908,0.989126,0.385791,17.346751
1101,1,2,1,10.698892,2.736806,0.568615,0.814763,0.696142,0.341200,0.981366,0.383754,17.382308
1102,0,2,0,13.568627,2.726535,0.567803,0.814498,0.698407,0.339723,0.981557,0.378099,20.234511
1103,1,2,1,10.627403,2.631508,0.680363,0.811059,0.699970,0.341747,0.987397,0.387108,17.327748
1104,1,2,1,11.685231,2.631680,0.569889,0.809416,0.797385,0.343956,0.981280,0.383304,18.357440
1105,1,2,1,13.312714,2.630061,0.571613,0.812935,0.796751,0.340763,0.981169,0.381575,19.987163
1106,1,2,1,10.647834,2.630468,0.563668,0.809495,0.697138,0.335661,0.984991,0.384197,17.211144
1107,1,2,1,13.861723,2.631138,0.567446,0.816572,0.691502,0.340099,0.983692,0.380868,20.433914
1108,1,2,0,13.554979,2.632449,0.568904,0.809797,0.699575,0.336572,0.981138,0.485588,20.229594
1109,1,2,1,10.752467,2.632271,0.562320,0.813630,0.695507,0.334899,0.986430,0.376800,17.312302
1110,1,2,1,11.472665,2.727828,0.573901,0.809225,0.692653,0.338123,0.982031,0.376652,18.134301
1111,1,2,1,13.466209,2.733231,0.577982,0.815127,0.693243,0.337021,0.979292,0.380782,20.145040
1112,1,2,1,10.693200,2.633200,0.568363,0.935194,0.702456,0.338098,0.990357,0.388215,17.408708
1113,0,2,0,13.608406,2.627182,0.677071,0.809471,0.694935,0.338640,0.981489,0.379736,20.277625
1114,1,2,1,13.446867,2.628184,0.697212,0.806843,0.695760,0.336037,0.986246,0.382726,20.136603
1115,0,2,1,13.581471,2.722855,0.566117,0.805889,0.693587,0.335853,0.996160,0.381206,20.243231
1116,0,2,0,13.869003,2.726868,0.566283,0.809231,0.695015,0.339323,0.981544,0.381557,20.527908
1117,1,2,1,11.652031,2.631126,0.570418,0.933846,0.702997,0.336973,0.980671,0.380573,18.346972
1118,1,2,1,13.554246,2.632024,0.677760,0.818197,0.701649,0.338911,0.985730,0.383649,20.253570
1119,1,2,1,10.811988,2.632880,0.563723,0.809907,0.692388,0.338615,0.996738,0.414665,17.422671
1120,1,2,1,13.587286,2.635250,0.565403,0.811206,0.693575,0.341674,0.994345,0.414653,20.201071
1121,1,2,1,13.569729,2.633200,0.567003,0.818720,0.702030,0.442861,0.992092,0.396043,20.283600
1122,1,2,1,11.825532,2.630646,0.565348,0.813169,0.695846,0.341551,0.980326,0.484892,18.495391
1123,0,2,0,14.283213,2.632111,0.571397,0.810412,0.692886,0.337944,0.994419,0.411803,20.894369
1124,0,2,0,13.720388,2.632345,0.564375,0.808948,0.689465,0.500917,0.989397,0.416830,20.484511
1125,1,2,1,10.801527,2.630953,0.569138,0.809292,0.696271,0.341865,0.983292,0.383864,17.375224
1126,1,2,1,10.840807,2.642246,0.571588,0.812597,0.692209,0.337606,0.998708,0.386449,17.440861
1127,1,2,1,12.889711,2.734714,0.569545,0.809938,0.695564,0.337305,0.984037,0.384068,19.567015
1128,1,2,1,12.679938,2.755834,0.565914,0.808517,0.695797,0.337120,0.984947,0.385101,19.372862
1129,0,2,0,13.319219,2.742247,0.575680,0.807637,0.700234,0.339206,0.985004,0.384179,20.012332
1130,0,2,0,13.648793,2.727022,0.566807,0.811188,0.697735,0.338812,0.988191,0.384277,20.320307
1131,1,2,0,13.658573,2.644344,0.570659,0.810690,0.696554,0.337299,0.985834,0.383428,20.354443
1132,1,2,0,13.584776,2.631766,0.566240,0.809735,0.695489,0.336695,0.983496,0.385890,20.151766
1133,1,2,1,10.734387,2.731046,0.569902,0.810498,0.691816,0.338541,0.994227,0.386110,17.416499
1134,1,2,1,10.614363,2.626025,0.572579,0.805674,0.695341,0.447219,0.985834,0.399139,17.306406
1135,1,2,1,11.702812,2.627938,0.567951,0.810449,0.697163,0.338585,0.982658,0.474258,18.364031
1136,1,2,1,9.399895,2.740899,0.568781,0.805840,0.695975,0.338850,0.984948,0.378381,16.075052
1137,1,2,1,11.083514,2.730960,0.571993,0.812277,0.697133,0.335853,0.982763,0.383293,17.758517
1138,1,2,1,11.933747,2.630351,0.564535,0.920350,0.714541,0.337988,0.982344,0.379834,18.620898
1139,1,2,1,12.894382,2.625988,0.566424,0.812843,0.806560,0.337102,0.991569,0.381176,19.580473
1140,0,2,0,13.742394,2.630388,0.566640,0.936025,0.703576,0.340160,0.984277,0.385766,20.450701
1141,0,2,1,13.522129,2.629945,0.564861,0.937710,0.707261,0.336609,0.995114,0.377981,20.232320
1142,1,2,1,10.721095,2.632086,0.563249,0.808979,0.690634,0.341027,0.995834,0.414006,17.325292
1143,1,2,1,11.545471,2.631446,0.565957,0.814345,0.687926,0.340148,0.983120,0.383193,18.110012
1144,0,2,0,13.777766,2.633021,0.556714,0.811939,0.693686,0.337760,0.981225,0.382123,20.330973
1145,1,2,1,13.536769,2.632184,0.563594,0.811649,0.698689,0.339323,0.987932,0.377693,20.105643
1146,1,2,1,10.751267,2.631680,0.562929,0.811643,0.690523,0.342142,0.984364,0.383003,17.317040
1147,1,2,1,10.691034,2.749624,0.568462,0.808480,0.703790,0.335686,0.995994,0.385090,17.398419
1148,1,2,1,13.553606,2.734018,0.565421,0.811298,0.698314,0.338960,0.984314,0.382382,20.228985
1149,1,2,0,13.681692,2.724523,0.570942,0.812124,0.694252,0.338701,0.996203,0.384985,20.363317
1150,1,2,1,10.678062,2.633237,0.570234,0.813262,0.817311,0.340862,0.981963,0.385939,17.382209
1151,1,2,1,10.778782,2.632111,0.561988,0.810462,0.691323,0.341982,0.984886,0.384794,17.344443
1152,1,2,1,13.438652,2.632074,0.567230,0.813447,0.695138,0.339428,0.996628,0.385495,20.024277
1153,1,2,1,13.628166,2.627649,0.568098,0.811194,0.696129,0.338350,0.983342,0.503335,20.317612
1154,1,2,1,11.541440,2.635452,0.568770,0.814197,0.693366,0.340794,0.984830,0.385889,18.123514
1155,1,2,1,10.618997,2.752240,0.562560,0.807397,0.694074,0.334812,0.981329,0.383680,17.298265
1156,1,2,1,13.585046,2.751415,0.563096,0.814690,0.694523,0.336578,0.995631,0.381544,20.282234
1157,1,2,1,10.661538,2.631095,0.678456,0.821299,0.700111,0.334843,0.987791,0.385317,17.360739
1158,1,2,1,13.717569,2.740474,0.575354,0.809963,0.694356,0.341225,0.981594,0.384505,20.406209
1159,1,2,1,13.510886,2.722671,0.570634,0.814511,0.693353,0.337428,0.984609,0.383538,20.179021
1160,1,2,1,10.734019,2.629243,0.564782,0.813551,0.700702,0.447920,0.984030,0.386283,17.419348
1161,1,2,1,10.602394,2.630153,0.573796,0.811661,0.695286,0.337274,0.984025,0.383619,17.178615
1162,1,2,1,11.589397,2.633557,0.571101,0.808031,0.695612,0.341348,0.985305,0.383619,18.167809
1163,1,2,1,10.639354,2.755692,0.570591,0.812172,0.699077,0.340947,0.985151,0.383378,17.347280
1164,1,2,1,11.666929,2.628541,0.563569,0.933274,0.696621,0.335360,0.983969,0.384702,18.351544
1165,1,2,1,9.425778,2.633797,0.564424,0.807280,0.696942,0.338793,0.982548,0.386271,15.996247
1166,1,2,1,13.503606,2.634167,0.563027,0.811015,0.693711,0.340252,0.987637,0.381046,20.074314
1167,1,2,1,10.872000,2.630813,0.564105,0.814314,0.688498,0.335901,0.993095,0.385193,17.443945
1168,1,2,1,10.651120,2.724739,0.571933,0.810935,0.697754,0.335243,0.981723,0.381090,17.316584
1169,0,2,1,13.492117,2.736880,0.574375,0.810449,0.694074,0.341767,0.980899,0.379132,20.170492
1170,1,2,1,11.439797,2.632320,0.564240,0.811280,0.727187,0.337889,0.982000,0.382708,18.125809
1171,1,2,1,11.709834,2.634265,0.566633,0.810258,0.701606,0.337464,0.995926,0.420837,18.338172
1172,1,2,1,11.479114,2.629625,0.566941,0.813101,0.695907,0.337188,0.982456,0.383815,18.044080
1173,1,2,1,11.308621,2.629729,0.570179,0.815810,0.692136,0.337267,0.985157,0.381003,17.879274
1174,0,2,0,13.868554,2.624701,0.565545,0.820455,0.693895,0.336677,0.997212,0.380683,20.443218
1175,1,2,1,13.570387,2.629477,0.565772,0.815471,0.694468,0.335895,0.990141,0.385982,20.147471
1176,0,2,0,13.915975,2.629003,0.565293,0.810449,0.697132,0.341453,0.994142,0.387212,20.498578
1177,0,2,0,13.807145,2.632942,0.570394,0.813631,0.695440,0.341692,0.982173,0.382166,20.383292
1178,1,2,1,13.648899,2.635489,0.568886,0.804739,0.693945,0.340326,0.983151,0.380449,20.212917
1179,1,2,1,13.600012,2.638215,0.564154,0.813237,0.696105,0.338621,0.981243,0.381926,20.172338
1180,1,2,1,11.800271,2.636437,0.565570,0.810511,0.696172,0.340929,0.981570,0.381366,18.373175
1181,1,2,1,11.263544,2.739840,0.567674,0.813138,0.695760,0.337489,0.981040,0.382388,17.942523
1182,1,2,1,10.624467,2.631489,0.569686,0.955046,0.705490,0.339151,0.981452,0.386252,17.352880
1183,0,2,0,13.581163,2.635661,0.657477,0.821576,0.700634,0.337699,0.981335,0.380843,20.254726
1184,1,2,1,10.659483,2.630246,0.560843,0.807427,0.691760,0.338295,0.990295,0.406819,17.243699
1185,1,2,1,13.521489,2.630492,0.564332,0.811495,0.701840,0.337797,0.991662,0.404529,20.123360
1186,1,2,1,13.562130,2.633686,0.562510,0.813907,0.699156,0.344800,0.980393,0.400019,20.152800
1187,1,2,1,10.737354,2.632234,0.564899,0.810233,0.691643,0.336418,0.980252,0.387993,17.298880
1188,1,2,1,11.759637,2.631932,0.566061,0.812006,0.694856,0.339563,0.984615,0.382326,18.328209
1189,1,2,1,13.318671,2.631809,0.571440,0.808849,0.691139,0.335458,0.983914,0.383404,19.880911
1190,0,2,0,13.575384,2.633236,0.564991,0.805643,0.694375,0.337803,0.985993,0.381631,20.133723
1191,1,2,1,13.524024,2.630154,0.568326,0.807988,0.696750,0.337655,0.982996,0.382634,20.092597
1192,1,2,1,11.494431,2.729182,0.566615,0.808135,0.693791,0.340240,0.982111,0.383065,18.158652
1193,1,2,1,13.607784,2.758461,0.574652,0.807975,0.690732,0.335834,0.986757,0.381483,20.306486
1194,1,2,1,12.160474,2.731175,0.567083,0.807619,0.698172,0.337587,0.985010,0.378449,18.827108
1195,1,2,1,13.518135,2.723821,0.567200,0.807471,0.696597,0.339299,0.981926,0.379243,20.173988
1196,1,2,1,12.095993,2.632313,0.702782,0.816769,0.692061,0.335163,0.996049,0.386708,18.817729
1197,1,2,1,11.721230,2.636173,0.567379,0.815101,0.818296,0.337828,0.997415,0.382750,18.442597
1198,1,2,1,13.540486,2.630000,0.563939,0.934972,0.708295,0.338492,0.996498,0.385360,20.260283
1199,1,2,1,13.551717,2.628862,0.566221,0.932547,0.698320,0.335668,0.985643,0.385070,20.247163
1200,1,2,1,10.630203,2.632473,0.563501,0.812037,0.697286,0.339187,0.994259,0.496167,17.324978
1201,1,2,1,11.873729,2.631865,0.570517,0.808984,0.687483,0.341089,0.996548,0.377988,18.447243
1202,1,2,1,13.599883,2.629582,0.568228,0.806511,0.689385,0.340203,0.984197,0.387539,20.165902
1203,1,2,1,13.638653,2.633156,0.567415,0.811668,0.692437,0.341009,0.994991,0.386265,20.223754
1204,1,2,1,11.629108,2.633120,0.563010,0.809274,0.696277,0.343151,0.983939,0.389932,18.205501
1205,1,2,1,13.584707,2.629213,0.563058,0.816197,0.692713,0.332850,0.984585,0.382510,20.147064
1206,1,2,1,11.750572,2.735034,0.567699,0.810486,0.691994,0.340381,0.991821,0.379563,18.427674
1207,0,2,0,13.516867,2.645336,0.568350,0.818123,0.688179,0.339852,0.981895,0.381421,20.205003
1208,1,2,1,13.066726,2.729545,0.571687,0.813637,0.698960,0.338486,0.982154,0.384376,19.741938
1209,1,2,0,13.795852,2.628566,0.572209,0.820622,0.698775,0.339034,0.996578,0.383262,20.395680
1210,1,2,1,11.233446,2.762634,0.575539,0.808745,0.698375,0.342695,0.995090,0.383526,17.959360
1211,1,2,1,13.570739,2.728320,0.566215,0.815256,0.692923,0.339237,0.986333,0.382505,20.240603
1212,1,2,1,10.718413,2.631440,0.562394,0.914536,0.700221,0.335059,0.981379,0.385766,17.387668
1213,1,2,1,10.280480,2.624252,0.563865,0.815403,0.697366,0.335009,0.981341,0.380363,16.836714
1214,1,2,1,10.809828,2.636141,0.556972,0.809095,0.692781,0.336775,0.981570,0.390695,17.371373
1215,1,2,1,10.610172,2.729077,0.572345,0.807200,0.693846,0.340769,0.982412,0.387606,17.281459
1216,1,2,1,10.732511,2.626824,0.565009,0.809237,0.695477,0.365612,0.998757,0.389674,17.439138
1217,1,2,1,13.562979,2.629508,0.567175,0.818196,0.822148,0.337619,0.989816,0.382991,20.272596
1218,0,2,0,13.859354,2.631532,0.571169,0.937674,0.711901,0.337157,0.984874,0.382154,20.574917
1219,1,2,1,11.447366,2.632012,0.571754,0.813810,0.693009,0.340739,0.995649,0.415403,18.069692
1220,0,2,0,14.063772,2.631544,0.561243,0.816609,0.694006,0.447145,0.986844,0.396548,20.757452
1221,1,2,1,11.495428,2.629711,0.564480,0.812179,0.698320,0.337544,0.981600,0.386726,18.064172
1222,0,2,0,13.908757,2.634690,0.559945,0.814738,0.699729,0.342622,0.995865,0.410892,20.532744
1223,1,2,1,10.281156,2.631533,0.563655,0.808732,0.695483,0.339754,0.983409,0.382621,16.844553
1224,1,2,1,11.535858,2.725926,0.568603,0.808400,0.692240,0.338381,0.986714,0.386290,18.199938
1225,1,2,1,12.154560,2.726388,0.572997,0.805533,0.691502,0.340887,0.980043,0.384215,18.816006
1226,0,2,0,13.284357,2.957058,0.566548,0.812196,0.694043,0.336252,0.985649,0.375963,20.169951
1227,0,2,0,13.623988,2.731668,0.560714,0.800006,0.696197,0.341446,0.994745,0.381341,20.289889
1228,1,2,1,9.395970,2.633028,0.563262,0.808683,0.697317,0.338006,0.996370,0.406567,15.996585
1229,1,2,1,13.718308,2.632911,0.567311,0.813089,0.696049,0.449298,0.991187,0.385871,20.414566
1230,1,2,0,13.547704,2.633747,0.568271,0.813939,0.816080,0.338905,0.980197,0.383470,20.243495
1231,1,2,1,10.755975,2.627391,0.566179,0.803920,0.695053,0.337938,0.986252,0.380960,17.312253
1232,0,2,1,13.484049,2.626320,0.567133,0.805182,0.697858,0.339784,0.991034,0.411409,20.084018
1233,1,2,1,13.250160,2.632258,0.566387,0.812904,0.693194,0.339452,0.982228,0.382831,19.814966
1234,0,2,0,14.077249,2.627662,0.563489,0.807070,0.698690,0.336400,0.981299,0.484283,20.732757
1235,1,2,1,13.590455,2.631089,0.566326,0.804837,0.698012,0.338388,0.985224,0.407058,20.182554
1236,1,2,1,11.164431,2.632807,0.564560,0.809766,0.699526,0.339089,0.979687,0.383219,17.728843
1237,1,2,0,13.552554,2.633367,0.566357,0.808591,0.693132,0.335372,0.983360,0.380450,20.111323
1238,1,2,0,12.774277,2.629594,0.563132,0.811797,0.695089,0.340991,0.984289,0.385532,19.339175
1239,1,2,1,10.899428,2.744462,0.568486,0.806345,0.694185,0.336621,0.981563,0.381188,17.570178
1240,1,2,1,10.727907,2.629446,0.566000,0.952603,0.709901,0.337932,0.993360,0.385064,17.460732
1241,1,2,1,10.789262,2.627699,0.567741,0.816400,0.695908,0.339612,0.995360,0.415791,17.410695
1242,1,2,1,10.661034,2.628622,0.567993,0.809187,0.696886,0.341987,0.981342,0.385367,17.230849
1243,1,2,1,11.193951,2.740985,0.571822,0.811563,0.691323,0.335169,0.980597,0.382898,17.862732
1244,1,2,1,11.233821,2.633927,0.668542,0.806104,0.699852,0.339526,0.992548,0.384911,17.918394
1245,1,2,1,10.783871,2.628856,0.568615,0.810105,0.694831,0.342412,0.987219,0.411785,17.385397
1246,1,2,1,11.444621,2.627674,0.562665,0.805231,0.690419,0.341360,0.995261,0.384270,18.008523
1247,1,2,0,12.859520,2.628941,0.567957,0.809545,0.689803,0.339631,0.988277,0.391096,19.433280
1248,1,2,1,10.555083,2.741932,0.561673,0.811864,0.695643,0.338357,0.995981,0.385895,17.246222
1249,1,2,1,13.590627,2.726646,0.572757,0.812400,0.695680,0.337735,0.980929,0.381779,20.261230
1250,1,2,1,11.232819,2.730270,0.570658,0.811803,0.693237,0.338916,0.983797,0.378191,17.899773
1251,0,2,0,13.150837,2.753994,0.570615,0.808683,0.693957,0.333212,0.981803,0.386388,19.841114
1252,0,2,0,13.564904,2.726781,0.566585,0.806259,0.697766,0.338800,0.981459,0.387139,20.229501
1253,1,2,1,11.722050,2.634843,0.569710,0.924443,0.702634,0.336431,0.990116,0.385920,18.427840
1254,1,2,1,11.424222,2.631710,0.564363,0.808012,0.695317,0.338068,0.982787,0.414917,18.018227
1255,1,2,1,10.652677,2.635741,0.572997,0.811791,0.692388,0.341114,0.983655,0.382123,17.230984
1256,0,2,0,13.800566,2.632850,0.567655,0.811742,0.696344,0.337834,0.985988,0.384129,20.372658
1257,1,2,1,10.620030,2.750031,0.576652,0.805945,0.701784,0.340222,0.995360,0.381729,17.331077
1258,1,2,1,11.488154,2.753071,0.569323,0.810197,0.694025,0.338967,0.996610,0.381182,18.191114
1259,1,2,1,11.548708,2.632154,0.567772,0.910258,0.704179,0.342929,0.982068,0.379415,18.229304
1260,1,2,1,11.206296,2.624604,0.566929,0.805828,0.694400,0.336246,0.992683,0.398006,17.786055
1261,1,2,0,14.010708,2.626991,0.560326,0.812209,0.692714,0.337693,1.089711,0.404424,20.697901
1262,1,2,1,11.056837,2.636338,0.562505,0.804954,0.692782,0.341791,0.986123,0.384487,17.622049
1263,1,2,1,10.632954,2.749126,0.571280,0.808443,0.694812,0.342345,0.983741,0.383366,17.324283
1264,1,2,1,13.608942,2.637803,0.562917,0.809391,0.696597,0.343613,0.988462,0.384117,20.188794
1265,0,2,0,13.834936,2.633182,0.568295,0.811169,0.694228,0.339526,0.980806,0.376886,20.395883
1266,1,2,1,11.322603,2.735379,0.570548,0.804523,0.692695,0.337329,0.995729,0.380234,17.998449
1267,1,2,1,11.244548,2.631729,0.570603,0.948123,0.703686,0.340696,0.980394,0.378991,17.959686
1268,1,2,1,10.743329,2.633126,0.570406,0.810776,0.688787,0.336253,0.986025,0.419329,17.346191
1269,1,2,0,13.701556,2.629021,0.568744,0.814505,0.691895,0.342923,0.991557,0.412234,20.312437
1270,1,2,1,13.070689,2.628412,0.569212,0.809034,0.692431,0.346572,0.991434,0.413213,19.681766
1271,1,2,1,10.800462,2.628253,0.562610,0.814289,0.694695,0.338941,0.980437,0.380665,17.357643
1272,1,2,1,11.810695,2.633963,0.566357,0.815095,0.698800,0.338289,0.987163,0.382504,18.389668
1273,1,2,1,10.676794,2.726597,0.650633,0.836210,0.703034,0.336018,0.980480,0.388400,17.461927
1274,1,2,1,13.585126,2.754148,0.570098,0.811458,0.698714,0.338794,0.986757,0.380117,20.281046
1275,1,2,1,11.768259,2.632523,0.571378,0.938203,0.693624,0.337970,0.983114,0.380837,18.465508
1276,1,2,1,10.729107,2.625532,0.554714,0.806535,0.698769,0.340129,0.996776,0.403680,17.311994
1277,1,2,1,11.370849,2.630326,0.563200,0.802228,0.695877,0.339145,0.996289,0.381237,17.937452
1278,1,2,1,10.627809,2.748911,0.569686,0.810855,0.697298,0.340178,0.987810,0.379132,17.319896
1279,1,2,1,13.527440,2.719544,0.573292,0.807145,0.694677,0.338800,0.996086,0.387194,20.204708
1280,1,2,1,11.221883,2.725809,0.571870,0.810006,0.695803,0.336960,0.990013,0.383821,17.893453
1281,0,2,0,13.171298,2.720794,0.591096,0.813102,0.693655,0.336560,0.983274,0.380258,19.852406
1282,1,2,1,13.015145,2.631822,0.683538,0.809342,0.697415,0.339896,0.982037,0.381840,19.701858
1283,1,2,1,10.665655,2.636979,0.570578,0.806917,0.698178,0.338486,0.995631,0.419120,17.291219
1284,1,2,1,13.674387,2.629766,0.567280,0.810227,0.696843,0.438652,0.984006,0.406289,20.367538
1285,1,2,1,10.720640,2.627422,0.567483,0.809139,0.693274,0.341637,0.982886,0.384006,17.285711
1286,1,2,1,11.553686,2.625342,0.564861,0.807710,0.690978,0.337169,0.984542,0.379773,18.100493
1287,1,2,1,13.471729,2.652407,0.572147,0.809464,0.693236,0.338523,0.979612,0.382080,20.056234
1288,1,2,1,10.618701,2.740837,0.569686,0.803803,0.694277,0.339970,0.988960,0.382135,17.297643
1289,0,2,0,13.839877,2.740012,0.569273,0.806037,0.688923,0.338136,0.994548,0.384351,20.521624
1290,1,2,1,11.258098,2.631434,0.566806,0.942092,0.700136,0.342647,0.996086,0.382178,17.975982
1291,1,2,1,10.294024,2.633496,0.563581,0.812979,0.691298,0.335668,0.992572,0.475151,16.959323
1292,0,2,0,13.784547,2.629784,0.558468,0.814234,0.694093,0.334240,0.993612,0.401637,20.369471
1293,1,2,1,13.580086,2.627914,0.563433,0.806757,0.693526,0.341834,0.991532,0.404855,20.169667
1294,1,2,1,10.630825,2.633877,0.565545,0.807735,0.700757,0.341176,0.989403,0.382117,17.211003
1295,1,2,1,11.446942,2.730179,0.568960,0.809963,0.701089,0.336030,0.997058,0.383397,18.135496
1296,1,2,1,10.745262,2.630474,0.673027,0.811427,0.697022,0.338019,0.988511,0.381372,17.423367
1297,1,2,1,11.002357,2.635655,0.566185,0.810025,0.690572,0.446997,0.987920,0.396603,17.695335
1298,0,2,0,13.667686,2.633809,0.567341,0.811643,0.815600,0.342387,0.985600,0.388665,20.373717
1299,1,2,1,13.476517,2.628560,0.569163,0.817194,0.848105,0.338283,0.981828,0.378603,20.205188
1300,0,2,0,13.304271,2.632788,0.567046,0.811741,0.817766,0.339951,0.985852,0.385852,20.003785
1301,1,2,1,13.528800,2.630726,0.572050,0.914911,0.710246,0.334031,0.982732,0.380597,20.218861
1302,0,2,0,13.831286,2.631040,0.566320,0.920893,0.707582,0.336653,0.990634,0.380898,20.524381
1303,1,2,1,10.770025,2.629249,0.568751,0.818123,0.695791,0.338591,0.995631,0.436080,17.414585
1304,1,2,1,11.146874,2.625600,0.565994,0.808683,0.697169,0.339058,0.991828,0.383083,17.714160
1305,1,2,1,11.555834,2.636136,0.574412,0.816197,0.698013,0.337693,0.981126,0.380104,18.137262
1306,1,2,1,13.629083,2.631588,0.562744,0.810584,0.691465,0.339877,0.984203,0.381132,20.189674
1307,1,2,1,11.685021,2.820240,0.569465,0.804757,0.696732,0.337938,0.980615,0.382676,18.438418
1308,1,2,1,10.638013,2.632806,0.566818,0.913299,0.697064,0.339760,0.996185,0.382941,17.328197
1309,1,2,1,12.382492,2.706948,1.147477,1.009908,0.841612,0.379699,0.998665,0.504203,20.160738
1310,1,2,1,12.304351,3.187286,0.634240,0.972344,0.836917,0.378474,1.006671,0.587606,20.529508
1311,1,2,1,13.936234,3.555901,0.665760,0.893354,0.802025,0.398861,1.015957,0.490609,21.957864
1312,1,2,0,13.371372,2.776720,0.573385,0.807852,0.698412,0.337261,0.990954,0.383015,20.100788
1313,1,2,0,13.550037,2.761766,0.569353,0.815003,0.696320,0.339293,0.979871,0.382264,20.250013
1314,1,2,1,11.260166,2.741336,0.568486,0.813366,0.698499,0.338578,0.995360,0.381883,17.956406
1315,1,2,1,13.528326,2.760855,0.573329,0.809631,0.696339,0.339206,0.981071,0.384055,20.233686
1316,0,2,1,13.643187,2.730277,0.566240,0.809133,0.693742,0.339268,0.998049,0.384892,20.322677
1317,1,2,1,13.006419,2.728942,0.568345,0.806468,0.697833,0.337951,0.981877,0.378474,19.668505
1318,1,2,1,12.507920,2.632769,0.689716,0.807003,0.695508,0.341576,0.983606,0.384714,19.198492
1319,1,2,1,10.661310,2.629828,0.554929,0.807575,0.693477,0.340006,0.997575,0.405717,17.249409
1320,1,2,1,10.760818,2.635471,0.563680,0.807397,0.696886,0.337840,0.982793,0.386480,17.331064
1321,0,2,0,13.970750,2.631114,0.563532,0.810739,0.700080,0.338794,0.995292,0.384363,20.553643
1322,1,2,1,10.586086,2.750757,0.566560,0.810104,0.695070,0.339926,0.982572,0.385434,17.276117
1323,1,2,1,10.673083,2.711292,0.600407,0.804080,0.699883,0.339108,0.983963,0.381650,17.356209
1324,1,2,1,10.728400,2.631864,0.563785,0.808370,0.697348,0.416948,1.005317,0.409052,17.422658
1325,1,2,1,13.580904,2.627323,0.566154,0.805286,0.696147,0.452659,0.983797,0.384948,20.253267
1326,1,2,1,10.586363,2.630068,0.563987,0.808197,0.696184,0.342707,0.985649,0.384393,17.158387
1327,1,2,1,13.550424,2.628289,0.561489,0.812363,0.698640,0.338794,0.982683,0.379963,20.113464
1328,1,2,1,11.438136,2.632080,0.565828,0.808806,0.690560,0.341631,0.988333,0.382277,18.004209
1329,1,2,1,10.806523,2.729010,0.570566,0.817470,0.695385,0.336665,0.983046,0.381895,17.478086
1330,1,2,1,11.514935,2.630813,0.562166,0.920744,0.699366,0.336837,0.980868,0.380406,18.184086
1331,1,2,1,13.503151,2.630855,0.565237,0.945157,0.702486,0.333588,0.981218,0.377686,20.195373
1332,1,2,1,10.667120,2.628929,0.565859,0.807250,0.691096,0.338984,0.985213,0.402862,17.245151
1333,1,2,1,11.696062,2.632449,0.564147,0.814775,0.696597,0.337464,0.985477,0.380812,18.267932
1334,1,2,1,11.715341,2.633311,0.567907,0.808812,0.691298,0.339071,0.986203,0.381532,18.280068
1335,1,2,1,13.459625,2.629773,0.562333,0.809034,0.686326,0.339194,0.982400,0.384166,20.008781
1336,1,2,1,9.402530,2.633729,0.702221,0.818868,0.699317,0.337360,0.988806,0.382240,16.124554
1337,1,2,1,10.861711,2.630037,0.562530,0.805938,0.692769,0.336474,0.983267,0.416991,17.449896
1338,1,2,1,11.790929,2.633803,0.564012,0.807304,0.836240,0.391323,1.012172,0.534788,18.763237
1339,1,2,1,12.487810,2.870148,0.709914,0.989748,0.876191,0.435729,1.018277,0.634996,20.250313
1340,1,2,1,11.618566,2.768634,0.614221,0.860424,0.771600,0.370757,1.025735,0.551243,18.778043
1341,1,2,1,21.410098,2.607833,0.560849,0.792659,0.672449,0.332406,0.994591,0.381114,27.915508
1342,1,2,1,13.441046,2.776653,0.643636,0.934098,0.781644,0.356240,1.000246,0.528222,20.652376
1343,1,2,1,10.895748,2.948942,0.647532,0.996449,0.837791,0.392388,0.998610,0.502917,18.411852
1344,1,2,1,11.448030,2.800086,0.651089,0.945489,0.813680,0.384757,1.010369,0.498173,18.738953
1345,1,2,1,11.457329,2.608763,0.549373,0.927095,0.678856,0.329692,0.982068,0.383846,18.075649
1346,0,2,0,13.612659,2.608566,0.719194,0.800732,0.685409,0.337963,0.989138,0.483853,20.409323
1347,1,2,1,11.851077,2.614147,0.558627,0.792923,2.415895,0.397305,1.005772,0.536850,20.376843
1348,1,2,1,11.887453,2.803077,0.595852,1.316744,0.859157,0.351594,1.024123,0.571022,19.599391
1349,1,2,1,12.681760,2.798203,0.771484,1.089673,0.818917,0.417976,1.016683,0.526597,20.322548
1350,1,2,1,11.803723,2.807624,0.701680,1.095385,0.819046,0.412726,1.033944,0.577464,19.463901
1351,0,2,0,14.140117,2.755723,0.542185,0.779305,0.656142,0.326462,0.979415,0.361114,20.693957
1352,1,2,1,10.439034,2.593255,0.542622,0.786333,0.658677,0.437083,0.990413,0.377267,16.976733
1353,1,2,1,11.493539,2.590548,0.543415,0.778191,0.655003,0.320572,0.978517,0.366905,17.877397
1354,1,2,1,10.610099,2.595680,0.541772,0.787095,0.654985,0.328406,0.992899,0.363427,17.026326
1355,1,2,1,13.398430,2.594702,0.543354,0.785643,0.657483,0.328313,0.992468,0.365495,19.820049
1356,1,2,1,13.225741,2.700880,0.545791,0.780997,0.662751,0.331385,0.977415,0.363637,19.740474
1357,1,2,1,10.902363,2.687261,0.548936,0.786055,0.652560,0.323717,0.993360,0.363403,17.409723
1358,1,2,1,11.500627,2.592517,0.542369,0.789957,0.756062,0.328978,0.980585,0.368289,18.011507
1359,1,2,1,11.054807,2.587108,0.541772,0.784542,0.655218,0.329132,0.978222,0.360967,17.444714
1360,1,2,1,10.611643,2.605132,0.536788,0.781557,0.659969,0.326234,0.983046,0.369846,17.030339
1361,0,2,0,13.954542,2.598535,0.534873,0.778942,0.658350,0.320210,0.990615,0.362652,20.349612
1362,1,2,1,14.119391,2.590806,0.544455,0.781785,0.652130,0.324659,0.978837,0.361969,20.505305
1363,1,2,1,10.577526,2.698763,0.550967,0.783058,0.655865,0.328751,0.993907,0.359957,17.103501
1364,1,2,1,10.521102,2.592560,0.541040,0.782849,0.660363,0.353704,0.998006,0.368302,17.061059
1365,1,2,1,10.530253,2.587643,0.547625,0.778843,0.658505,0.328148,0.981778,0.365484,16.932560
1366,1,2,1,10.994221,2.718363,0.539834,0.779052,0.665668,0.329877,0.984782,0.361219,17.525766
1367,1,2,1,13.202258,2.684664,0.546757,0.784258,0.653274,0.327188,0.979502,0.362652,19.693926
1368,1,2,1,11.544800,2.684566,0.540258,0.781840,0.656276,0.327859,0.986658,0.360782,18.034259
1369,1,2,1,10.568966,2.592911,0.542579,0.780917,0.657040,0.326917,1.087643,0.385120,17.093194
1370,1,2,1,11.194332,2.589840,0.544536,0.783821,0.651563,0.329828,0.991139,0.363477,17.597810
1371,1,2,1,10.498824,2.695914,0.545557,0.780665,0.655994,0.324966,0.981151,0.364253,17.002554
1372,1,2,1,13.324547,2.689527,0.542443,0.779723,0.654455,0.328055,0.978824,0.360067,19.810049
1373,1,2,1,11.495993,2.700450,0.550388,0.787637,0.655748,0.325760,0.992585,0.360991,18.023662
1374,1,2,1,10.516745,2.586991,0.549495,0.785114,0.654345,0.327261,0.996025,0.397040,16.963563
1375,1,2,1,11.837440,2.689760,0.616492,0.860541,0.756634,0.323692,0.991852,0.362012,18.595870
1376,1,2,1,11.598431,2.744893,0.617268,0.858203,0.658333,0.326536,0.991409,0.392092,18.341631
1377,1,2,1,11.305551,3.014874,0.626745,0.860031,0.762375,0.324216,1.024363,0.391003,18.474504
1378,1,2,1,14.677705,2.597834,0.541440,0.777341,0.659668,0.323557,0.976253,0.362788,21.065169
1379,0,2,0,13.614856,2.592622,0.543637,0.780369,0.655748,0.329034,0.994733,0.365015,20.032234
1380,1,2,1,11.764991,2.715570,0.550627,0.783858,0.657058,0.328861,0.980480,0.366671,18.300812
1381,1,2,1,11.380849,2.707969,0.549347,0.787981,0.654930,0.329852,0.980744,0.367539,17.910874
1382,1,2,1,10.966370,2.592012,0.542948,0.785010,0.655772,0.332800,0.982012,0.370381,17.488486
1383,1,2,1,13.311292,2.588333,0.551434,0.784867,0.652104,0.413581,0.980548,0.367237,19.802154
1384,1,2,1,13.039563,2.592166,0.544068,0.781606,0.653231,0.327071,0.987101,0.386227,19.464290
1385,1,2,1,9.146147,2.588609,0.540997,0.780141,0.660246,0.322892,0.978917,0.364511,15.532837
1386,1,2,1,10.443668,2.588375,0.661231,0.787631,0.656511,0.327723,0.978314,0.361157,16.955810
1387,1,2,1,10.453667,2.590548,0.547145,0.784769,0.661508,0.330203,0.996135,0.394911,16.914978
1388,1,2,1,10.760991,2.588868,0.541822,0.783754,0.653735,0.326972,0.980350,0.361674,17.144505
1389,1,2,1,10.973471,2.718234,0.547484,0.782450,0.657040,0.328142,0.990246,0.361132,17.512240
1390,1,2,0,13.500037,2.685890,0.547821,0.786006,0.658892,0.327730,0.982221,0.363151,20.004726
1391,1,2,1,10.460080,2.594222,0.546733,0.885329,0.663588,0.327373,0.978462,0.359939,16.968911
1392,1,2,1,10.987514,2.592012,0.543704,0.780824,0.652203,0.325724,0.983453,0.474929,17.492197
1393,1,2,1,11.006517,2.595790,0.536553,0.777907,0.656757,0.323643,0.991471,0.361957,17.402443
1394,1,2,1,13.165735,2.592905,0.545416,0.783341,0.658123,0.327015,0.990129,0.370110,19.583908
1395,0,2,0,13.420012,2.598351,0.538313,0.775459,0.650037,0.329348,0.981828,0.362486,19.807575
1396,1,2,1,11.294092,2.895581,0.542591,0.777015,0.654794,0.322363,0.992227,0.367938,18.000622
1397,1,2,1,11.918209,2.590215,0.640025,0.784160,0.655766,0.325785,0.992382,0.362954,18.421243
1398,1,2,1,11.036837,2.595945,0.537132,0.776074,0.652203,0.328788,0.990627,0.382425,17.453348
1399,1,2,1,10.427015,2.599274,0.547994,0.782751,0.654043,0.327379,0.991908,0.360523,16.838775
1400,0,2,0,13.663607,2.590566,0.542529,0.786683,0.656610,0.325822,0.981379,0.366431,20.060930
1401,1,2,1,10.419114,2.695945,0.546326,0.776880,0.659643,0.324436,0.989741,0.364585,16.931440
1402,1,2,1,10.404609,2.588517,0.546178,0.786843,0.795422,0.330344,0.988000,0.361754,16.955175
1403,1,2,1,13.282055,2.588979,0.543710,0.786056,0.779594,0.328296,0.990277,0.366406,19.822018
1404,0,2,0,13.531988,2.592049,0.540634,0.789465,0.772019,0.324923,0.993305,0.364677,20.064855
1405,1,2,1,10.411286,2.591052,0.546190,0.782074,0.660123,0.330948,0.975704,0.359742,16.803064
1406,1,2,1,10.672973,2.608019,0.542603,0.780948,0.658234,0.324953,0.984227,0.359163,17.184973
1407,1,2,1,13.278560,2.699292,0.548295,0.783945,0.656259,0.326850,0.991520,0.363323,19.800646
1408,1,2,1,10.445268,2.594333,0.659876,0.797292,0.663046,0.325655,0.982548,0.361182,16.985378
1409,1,2,1,10.452763,2.591464,0.546486,0.783803,0.650554,0.323390,0.993138,0.501852,16.995668
1410,0,2,0,13.697403,2.593655,0.545200,0.781569,0.653083,0.323268,0.994751,0.408037,20.151668
1411,1,2,1,10.481939,2.591071,0.543397,0.786622,0.653212,0.325810,0.978154,0.363323,16.876923
1412,0,2,0,13.476899,2.591335,0.547157,0.781212,0.653391,0.327920,0.992258,0.364855,19.887194
1413,1,2,1,11.310099,2.688222,0.548750,0.790443,0.658585,0.325741,0.975391,0.359508,17.806646
1414,1,2,1,11.259193,2.595243,0.538209,0.889120,0.657015,0.329809,0.979606,0.360517,17.760708
1415,0,2,0,13.726117,2.587133,0.654696,0.794757,0.660622,0.326345,0.978086,0.366449,20.251342
1416,1,2,1,13.418160,2.588695,0.637896,0.789182,0.656997,0.330400,0.984659,0.367926,19.925366
1417,1,2,1,10.472510,2.587957,0.541070,0.779680,0.661077,0.326204,1.006388,0.381748,16.909840
1418,1,2,1,10.398271,2.590148,0.540603,0.780590,0.651858,0.327914,0.980591,0.362910,16.781606
1419,1,2,1,10.434123,2.689680,0.548818,0.779582,0.655976,0.323224,0.993551,0.357858,16.933440
1420,1,2,1,10.525016,2.591889,0.543484,0.781914,0.653662,0.330104,1.066788,0.388997,17.034062
1421,1,2,1,13.256782,2.591975,0.548856,0.782850,0.655415,0.326055,0.982936,0.401489,19.703329
1422,1,2,1,10.971636,2.590419,0.542222,0.780043,0.654265,0.327507,0.985446,0.357944,17.359729
1423,1,2,1,10.554049,2.748419,0.547698,0.783901,0.659575,0.322960,0.989126,0.365366,17.126948
1424,1,2,1,10.433600,2.591231,0.545760,0.883766,0.660763,0.325433,0.984670,0.363680,16.940314
1425,1,2,1,12.918609,2.585477,0.544111,0.787206,0.783587,0.326609,0.993200,0.367102,19.458320
1426,1,2,1,10.377668,2.590942,0.541870,0.782068,0.650862,0.323902,0.990301,0.361262,16.768732
1427,1,2,1,13.340616,2.594948,0.545588,0.780880,0.659372,0.326590,0.981791,0.362166,19.743434
1428,1,2,1,12.554849,2.592320,0.541680,0.785489,0.660387,0.325502,0.976887,0.360228,18.948172
1429,0,2,0,13.730222,2.589538,0.541151,0.787347,0.771895,0.329680,0.993379,0.364603,20.266615
1430,1,2,1,11.212080,2.695975,0.547600,0.790590,0.653834,0.328228,0.984369,0.362381,17.729034
1431,1,2,1,11.298775,2.698326,0.552289,0.790222,0.654874,0.326357,0.981262,0.361581,17.818615
1432,1,2,1,10.662179,2.590307,0.540738,0.784653,0.652554,0.331655,0.984178,0.397175,17.095637
1433,1,2,1,13.293557,2.587286,0.546708,0.787477,0.657311,0.329668,0.992874,0.398610,19.746098
1434,1,2,1,10.478289,2.593581,0.541287,0.791003,0.664782,0.327735,0.977440,0.367809,16.895292
1435,1,2,1,13.411169,2.593587,0.539010,0.784831,0.647705,0.327299,0.978462,0.367145,19.798191
1436,1,2,1,13.450424,2.590701,0.542665,0.782991,0.662856,0.324880,0.978781,0.360529,19.844960
1437,1,2,1,10.494179,2.692050,0.547969,0.785767,0.657809,0.330714,0.983170,0.364455,17.007816
1438,1,2,1,9.165047,2.591323,0.545366,0.783840,0.663064,0.331618,1.093539,0.393348,15.718966
1439,1,2,1,12.792868,2.592960,0.546191,0.786289,0.655502,0.325169,0.992929,0.362080,19.204031
1440,1,2,1,10.452338,2.590277,0.542757,0.784726,0.653981,0.324714,0.982751,0.362179,16.843379
1441,1,2,1,13.337760,2.616351,0.543575,0.775920,0.654210,0.325821,0.978332,0.357323,19.749957
1442,1,2,1,11.230191,2.683150,0.543982,0.780074,0.660055,0.326000,0.980160,0.358996,17.711865
1443,0,2,0,13.258553,2.677957,0.545932,0.788049,0.660788,0.322966,0.979668,0.362917,19.750418
1444,0,2,0,13.528880,2.700074,0.543243,0.786831,0.658972,0.328806,0.981514,0.356320,20.034566
1445,1,2,1,10.896449,2.591181,0.550720,0.781582,0.656074,0.429557,0.982973,0.375403,17.417090
1446,1,2,1,11.266283,2.590430,0.539274,0.791563,0.653950,0.332436,0.977514,0.360240,17.659655
1447,1,2,1,12.141735,2.591957,0.549791,0.786776,0.656068,0.328271,0.980714,0.362425,18.551077
1448,0,2,1,13.559188,2.590012,0.548289,0.785564,0.656603,0.326726,0.981846,0.367446,19.964154
1449,1,2,1,10.529447,2.703274,0.546499,0.777193,0.660498,0.327686,0.977508,0.364566,17.040412
1450,0,2,1,14.086714,2.692837,0.543151,0.786517,0.657785,0.325483,0.991680,0.362031,20.597902
1451,1,2,1,13.362874,2.706646,0.544843,0.778240,0.658825,0.327101,0.979612,0.362597,19.875415
1452,1,2,1,10.591267,2.592665,0.538560,0.896917,0.661336,0.326923,0.979299,0.365064,17.101938
1453,0,2,0,13.516615,2.587316,0.542326,0.886720,0.665354,0.325366,0.982769,0.366099,20.023341
1454,1,2,1,10.466529,2.591557,0.533754,0.782960,0.651674,0.330153,0.979791,0.361822,16.847108
1455,1,2,1,11.394412,2.586591,0.540166,0.777655,0.654991,0.327157,0.990862,0.365187,17.789607
1456,1,2,1,10.494831,2.688904,0.544621,0.784751,0.655545,0.324967,0.979723,0.363729,16.992498
1457,1,2,1,11.239791,2.590979,0.543933,0.881138,0.671003,0.326708,0.979619,0.368665,17.758812
1458,1,2,1,10.627723,2.592646,0.538739,0.780763,0.654117,0.322702,0.982320,0.366511,17.015668
1459,0,2,0,13.656062,2.594308,0.548769,0.784468,0.652917,0.332947,0.977495,0.362074,20.062849
1460,0,2,0,13.744702,2.590547,0.539951,0.788418,0.655139,0.328253,0.991403,0.467809,20.256117
1461,0,2,0,13.052357,2.589477,0.542400,0.783421,0.662209,0.323736,0.978683,0.361957,19.446701
1462,1,2,1,13.331256,2.590301,0.544886,0.783089,0.659538,0.328314,0.981347,0.362893,19.732720
1463,1,2,1,11.461495,2.593772,0.535293,0.788492,0.656991,0.324695,0.994431,0.362658,17.870899
1464,0,2,0,13.471261,2.591964,0.551065,0.784283,0.658283,0.324726,0.981612,0.362129,19.876221
1465,0,2,0,13.660043,2.588148,0.544197,0.778430,0.657760,0.325809,0.982259,0.363453,20.051077
1466,1,2,1,10.436566,2.688837,0.543064,0.790548,0.651477,0.323871,0.991951,0.361188,16.942074
1467,1,2,1,10.494647,2.593150,0.541514,0.780942,0.656147,0.430572,1.005022,0.387735,17.045304
1468,0,2,0,13.273698,2.592111,0.545003,0.785729,0.655871,0.329951,0.989342,0.393243,19.719341
1469,1,2,1,13.297409,2.589698,0.545379,0.786382,0.660443,0.324843,0.988898,0.402738,19.749508
1470,1,2,1,11.220942,2.591366,0.540923,0.780800,0.660867,0.328228,0.983324,0.360480,17.619840
1471,1,2,1,10.415637,2.710763,0.552148,0.786646,0.658461,0.328554,0.977686,0.363243,16.947625
1472,1,2,1,10.422523,2.591889,0.550529,0.880622,0.664302,0.330030,0.981415,0.362536,16.935815
1473,1,2,1,12.213219,2.589483,0.538493,0.786677,0.660019,0.414622,0.984043,0.372997,18.712701
1474,1,2,1,13.349729,2.592996,0.540664,0.787292,0.656068,0.415852,0.981772,0.377797,19.854966
1475,1,2,1,12.795335,2.592886,0.545576,0.781914,0.651557,0.326554,0.981009,0.387299,19.214874
1476,1,2,1,11.859194,2.590037,0.544825,0.782905,0.653501,0.326979,0.977256,0.362406,18.248025
1477,1,2,1,11.148111,2.594332,0.541126,0.777317,0.653945,0.323569,0.995157,0.357262,17.539779
1478,1,2,1,10.406936,2.589588,0.661465,0.781699,0.656498,0.326086,0.981077,0.366967,16.922370
1479,1,2,1,10.429582,2.589963,0.541994,0.785809,0.662203,0.328234,0.982966,0.399052,16.876658
1480,1,2,1,10.413650,2.592837,0.547193,0.783262,0.656923,0.330511,0.982548,0.362345,16.818387
1481,1,2,1,13.380603,2.591981,0.548548,0.783945,0.659520,0.321896,0.979409,0.359865,19.777687
1482,0,2,0,13.336517,2.590486,0.547133,0.783883,0.656646,0.321766,0.989575,0.369452,19.745262
1483,1,2,0,13.552498,2.595514,0.544216,0.783920,0.652141,0.325964,0.994013,0.362173,19.960622
1484,1,2,1,10.851699,2.688258,0.544560,0.781428,0.657649,0.328806,0.993877,0.361852,17.359274
1485,1,2,1,12.937791,2.684369,0.552597,0.786363,0.651815,0.328843,0.979070,0.361182,19.431556
1486,1,2,1,13.334271,2.679471,0.536461,0.782031,0.656461,0.328505,0.980664,0.364172,19.811846
1487,0,2,0,13.179353,2.588942,0.652856,0.785945,0.656295,0.327582,0.979144,0.363409,19.687667
1488,1,2,1,10.668024,2.589415,0.546105,0.787003,0.656147,0.331151,0.984203,0.382197,17.097176
1489,1,2,0,13.302696,2.590609,0.542067,0.781809,0.656904,0.327637,0.978714,0.386714,19.720240
1490,1,2,1,10.553686,2.591224,0.538424,0.780923,0.655736,0.329594,0.994776,0.360480,16.956178
1491,1,2,1,11.478037,2.688265,0.544548,0.782037,0.659539,0.322578,0.979865,0.362825,17.970468
1492,1,2,1,13.355280,2.680050,0.541163,0.784566,0.654763,0.323397,0.993040,0.366289,19.852007
1493,1,2,0,13.306806,2.710941,0.544689,0.775170,0.658449,0.327120,0.992277,0.361692,19.833090
1494,1,2,1,13.296923,2.680788,0.545501,0.781778,0.658350,0.325409,0.975311,0.364025,19.779871
1495,1,2,1,11.044055,2.587022,0.546234,0.906640,0.665452,0.323545,0.979341,0.362554,17.571003
1496,1,2,1,12.927206,2.589015,0.539711,0.782585,0.840498,0.327926,0.981477,0.366541,19.514708
1497,1,2,1,10.413994,2.587114,0.545323,0.789730,0.659194,0.329385,0.990726,0.364006,16.831139
1498,1,2,1,11.514351,2.593926,0.538893,0.785040,0.655243,0.330948,0.978683,0.362744,17.914972
1499,1,2,1,10.522714,2.689883,0.541816,0.785299,0.654357,0.325969,0.980357,0.360345,17.015138
1500,1,2,0,13.433747,2.685422,0.543637,0.781705,0.654880,0.325114,0.991440,0.360055,19.928751
1501,1,2,1,10.477625,2.590535,0.541656,0.777871,0.653047,0.411864,0.991458,0.378123,16.975662
1502,1,2,1,12.014776,2.591895,0.540190,0.784892,0.657304,0.323256,0.979046,0.440856,18.484560
1503,1,2,1,13.327434,2.589330,0.544707,0.784831,0.653963,0.334603,0.978634,0.369163,19.733379
1504,1,2,1,13.411631,2.592388,0.537698,0.779612,0.657181,0.324880,0.982344,0.365083,19.802634
1505,1,2,1,13.361932,2.588018,0.540123,0.787742,0.658018,0.323563,0.994781,0.364579,19.773330
1506,1,2,1,13.396683,2.591274,0.541926,0.782646,0.656898,0.326702,0.977022,0.363249,19.786024
1507,1,2,1,13.395637,2.590954,0.542794,0.788727,0.655674,0.327440,0.977944,0.362382,19.794880
1508,1,2,1,12.670720,2.592455,0.545754,0.783889,0.656659,0.323710,0.977797,0.367416,19.068332
1509,1,2,1,10.900689,2.727963,0.546800,0.782591,0.654609,0.325003,0.978000,0.367858,17.437926
1510,1,2,1,12.130825,2.685102,0.546179,0.774960,0.652720,0.326861,0.981533,0.359440,18.610068
1511,1,2,1,11.481705,2.593286,0.547101,0.886332,0.671791,0.329532,0.991145,0.364369,18.021021
1512,1,2,1,13.058209,2.585452,0.544437,0.787551,0.802560,0.329908,0.979317,0.367501,19.606154
1513,0,2,0,13.440880,2.594252,0.542197,0.785421,0.961760,0.324350,0.979286,0.363354,20.147046
1514,1,2,1,10.463477,2.592271,0.539354,0.785680,0.655624,0.331181,0.980751,0.361372,16.862093
1515,0,2,1,11.853969,2.592486,0.539336,0.781428,0.659145,0.326807,0.994591,0.366517,18.265317
1516,1,2,1,11.364887,2.685606,0.545545,0.778369,0.658677,0.326296,0.980868,0.360991,17.851963
1517,1,2,1,11.523613,2.592936,0.643933,0.788899,0.654972,0.327803,0.991600,0.360474,18.036652
1518,1,2,1,11.550511,2.589778,0.541329,0.780523,0.757692,0.327502,0.981624,0.367397,18.047243
1519,1,2,1,13.256504,2.593637,0.545969,0.783347,0.654388,0.429182,0.979311,0.366234,19.761797
1520,1,2,1,10.463114,2.596461,0.540012,0.780443,0.656609,0.327188,0.980031,0.365102,16.856806
1521,1,2,1,11.467748,2.600190,0.539840,0.781550,0.651656,0.323569,0.982357,0.359724,17.856468
1522,1,2,1,10.441274,2.594363,0.665207,0.787994,0.663840,0.328646,0.991053,0.362480,16.988708
1523,0,2,0,13.386450,2.590381,0.653902,0.792517,0.655785,0.327323,0.976578,0.362283,19.900295
1524,0,2,0,13.603766,2.591274,0.654554,0.785539,0.653698,0.324105,0.977680,0.363810,20.107496
1525,0,2,0,12.774787,2.592904,0.545064,0.927754,0.665015,0.326406,0.979304,0.362978,19.324751
1526,1,2,1,10.419027,2.587034,0.542960,0.781551,0.658412,0.324745,0.983569,0.436098,16.889089
1527,1,2,1,10.434647,2.591754,0.545274,0.781514,0.658763,0.324923,0.991440,0.362770,16.843797
1528,1,2,1,11.184960,2.688904,0.544050,0.785206,0.658610,0.326634,0.978523,0.364745,17.684683
1529,1,2,1,10.123902,2.590499,0.539650,0.780369,0.656037,0.325212,1.063507,0.383544,16.615305
1530,1,2,1,10.488887,2.592948,0.545225,0.787908,0.655335,0.329194,0.994116,0.363723,16.908277
1531,1,2,1,13.089385,2.595644,0.542554,0.784049,0.657507,0.325465,0.982486,0.359575,19.486738
1532,1,2,1,10.457305,2.712141,0.539779,0.785526,0.660486,0.329496,0.977059,0.361785,16.976419
1533,0,2,0,13.463471,2.680012,0.541219,0.788683,0.655625,0.326966,0.977477,0.360941,19.948474
1534,1,2,1,13.460616,2.686209,0.545501,0.789335,0.655465,0.322997,0.985027,0.366301,19.962307
1535,0,2,0,13.437877,2.721581,0.547390,0.784813,0.655901,0.326062,0.977385,0.362708,19.968683
1536,0,2,0,13.317422,2.686327,0.545422,0.780147,0.657157,0.322277,0.984228,0.359323,19.803366
1537,1,2,1,10.373083,2.592763,0.545489,0.786690,0.735717,0.337391,0.992197,0.368628,16.903293
1538,0,2,0,13.561348,2.588092,0.544141,0.780258,0.775846,0.330566,0.981471,0.361040,20.079944
1539,1,2,1,11.271791,2.592092,0.542757,0.781693,0.656462,0.324732,0.980455,0.362893,17.668012
1540,1,2,1,13.391236,2.588191,0.546437,0.784536,0.653520,0.326523,0.977668,0.360812,19.782265
1541,1,2,1,10.530659,2.594431,0.543619,0.779527,0.656856,0.327815,0.978172,0.359071,16.923293
1542,1,2,1,12.802073,2.686622,0.550487,0.783692,0.652031,0.326966,0.987458,0.366110,19.310326
1543,1,2,0,13.472677,2.686954,0.549736,0.784548,0.659785,0.322338,0.978437,0.365089,19.969606
1544,1,2,1,10.591446,2.589933,0.546179,0.883533,0.664813,0.328510,0.982862,0.365342,17.105797
1545,1,2,1,10.448098,2.590979,0.543945,0.785698,0.661766,0.327053,0.994959,0.447673,16.952357
1546,1,2,1,8.976111,2.699188,0.548141,0.779747,0.663003,0.326836,0.992167,0.361416,15.495970
1547,1,2,1,10.505779,2.589606,0.543618,0.894080,0.666806,0.325348,0.978209,0.365852,17.023033
1548,1,2,1,13.299077,2.589631,0.547249,0.899464,0.667144,0.328554,0.992031,0.363994,19.841852
1549,1,2,1,10.073434,2.591902,0.541643,0.793329,0.652671,0.328855,0.990191,0.363791,16.486444
1550,1,2,1,13.378806,2.590276,0.545662,0.786068,0.656627,0.329852,0.981336,0.366658,19.786726
1551,1,2,1,10.746431,2.695846,0.546701,0.790652,0.655483,0.327674,0.978603,0.362819,17.256830
1552,1,2,1,10.450209,2.589865,0.660707,0.788215,0.656813,0.327163,0.980000,0.363218,16.972449
1553,1,2,1,13.334887,2.589890,0.642535,0.789101,0.656591,0.329970,0.989175,0.362948,19.850062
1554,0,2,1,13.238714,2.585428,0.544659,0.893637,0.655803,0.327071,0.993391,0.359366,19.748985
1555,1,2,1,13.272529,2.591065,0.543933,0.894585,0.663730,0.323280,0.990899,0.361748,19.794345
1556,1,2,1,10.422695,2.594997,0.538332,0.784837,0.658843,0.323397,0.978424,0.363575,16.815440
1557,1,2,1,11.446861,2.590135,0.544616,0.783440,0.658935,0.329821,0.975976,0.362640,17.844603
1558,0,2,0,13.431391,2.592018,0.538320,0.783187,0.657513,0.328290,0.980185,0.364296,19.826535
1559,1,2,1,14.185126,2.587907,0.542326,0.781870,0.653932,0.329409,0.993310,0.360856,20.586468
1560,1,2,1,11.008855,2.689305,0.547311,0.783114,0.654086,0.326997,0.983723,0.358591,17.504407
1561,1,2,1,13.336357,2.726037,0.547262,0.777692,0.661102,0.324357,0.991631,0.362332,19.878043
1562,0,2,0,13.329766,2.808664,0.549767,0.783453,0.652954,0.325059,0.991065,0.368000,19.964296
1563,1,2,1,11.024714,2.593840,0.655293,0.784203,0.656197,0.326856,0.992067,0.361273,17.546289
1564,1,2,1,13.233594,2.591108,0.658738,0.788923,0.665742,0.326425,0.992610,0.363686,19.773693
1565,1,2,1,10.446806,2.590744,0.546726,0.786831,0.652499,0.325243,0.977982,0.568738,17.050824
1566,1,2,1,11.188806,2.593077,0.544880,0.781797,0.655286,0.331575,0.983976,0.361348,17.590080
1567,0,2,0,13.734658,2.591969,0.545753,0.784787,0.657452,0.326166,0.992271,0.365693,20.153083
1568,1,2,1,13.488560,2.593513,0.540708,0.784486,0.657576,0.329545,0.983354,0.363766,19.889175
1569,1,2,1,13.446504,2.589071,0.545034,0.785243,0.662147,0.329065,0.984031,0.367126,19.864067
1570,1,2,1,13.572055,2.589181,0.543655,0.782104,0.657133,0.324560,0.995212,0.366782,19.981372
1571,1,2,1,10.479945,2.689680,0.553200,0.787433,0.658197,0.329969,0.993914,0.360861,17.007188
1572,1,2,1,13.359778,2.683489,0.545938,0.779218,0.661914,0.327003,0.980677,0.360493,19.848498
1573,0,2,0,14.003040,2.699982,0.550923,0.787053,0.656092,0.325655,0.992744,0.361625,20.532375
1574,1,2,1,11.323612,2.594087,0.643446,0.788012,0.654492,0.328326,0.982080,0.362991,17.829809
1575,1,2,1,13.333446,2.592185,0.639237,0.786671,0.654418,0.323550,0.979120,0.361459,19.823840
1576,1,2,1,12.752388,2.594461,0.546153,0.892775,0.661643,0.329853,0.980474,0.363373,19.272468
1577,1,2,1,10.447988,2.592376,0.544954,0.778252,0.659329,0.324006,0.981047,0.363748,16.842461
1578,1,2,1,13.207292,2.589908,0.545028,0.782253,0.659391,0.326074,0.979218,0.360370,19.603385
1579,1,2,1,10.641840,2.596603,0.539809,0.780837,0.651126,0.328172,0.977126,0.361292,17.026954
1580,1,2,1,13.054382,2.713889,0.548911,0.784025,0.661588,0.327292,0.979107,0.363440,19.583735
1581,1,2,1,13.285495,2.685625,0.551545,0.778098,0.659742,0.326283,0.989698,0.364055,19.792745
1582,1,2,1,10.531403,2.590123,0.637864,0.800024,0.662351,0.324831,0.983914,0.363477,17.051557
1583,1,2,1,10.987803,2.591390,0.543655,0.782092,0.660566,0.329581,0.982061,0.390960,17.424911
1584,0,2,0,13.498726,2.590910,0.543077,0.790892,0.650898,0.326886,0.996283,0.397803,19.946203
1585,1,2,1,12.472006,2.590308,0.541692,0.790154,0.655643,0.325483,0.976966,0.364917,18.869563
1586,1,2,1,11.038499,2.590216,0.543705,0.777896,0.656117,0.327409,0.990572,0.362295,17.437305
1587,1,2,1,11.089089,2.681366,0.547089,0.782886,0.656553,0.324997,0.979390,0.358252,17.574135
1588,1,2,1,11.422695,2.589920,0.544917,0.916492,0.666935,0.328942,0.981250,0.364290,17.968923
1589,1,2,1,13.115711,2.588111,0.542018,0.897299,0.671046,0.325188,0.992541,0.365637,19.652227
1590,1,2,1,9.161569,2.592018,0.541975,0.785268,0.666683,0.326210,0.986788,0.363871,15.574923
1591,1,2,1,13.408216,2.589348,0.544738,0.791157,0.649403,0.328930,0.979292,0.361643,19.803452
1592,1,2,1,10.416148,2.691040,0.545514,0.781631,0.654431,0.328400,0.984148,0.367729,16.921255
1593,0,2,0,13.578221,2.710665,0.547951,0.779237,0.650578,0.325865,0.993120,0.363870,20.102197
1594,1,2,1,13.312813,2.688418,0.542388,0.784658,0.648757,0.329735,0.993754,0.365643,19.818831
1595,1,2,1,13.294252,2.699403,0.546640,0.787538,0.655883,0.328609,0.994369,0.360770,19.822196
1596,1,2,1,13.303957,2.712376,0.547969,0.779495,0.657896,0.325237,0.981144,0.364985,19.826683
1597,1,2,1,11.301471,2.591366,0.544178,0.888683,0.661003,0.328351,0.979243,0.363348,17.809981
1598,1,2,1,13.292462,2.592585,0.540769,0.880597,0.654413,0.327010,0.981944,0.368099,19.790407
1599,1,2,1,10.995520,2.589834,0.541096,0.782695,0.659920,0.329877,0.992677,0.572129,17.617108
1600,1,2,1,11.311176,2.591520,0.542351,0.781877,0.663126,0.327698,0.985705,0.363859,17.717292
1601,0,2,0,13.382412,2.593877,0.548203,0.782092,0.654246,0.329760,0.976388,0.364646,19.781569
1602,1,2,1,10.379593,2.684086,0.544190,0.783705,0.648400,0.328529,0.977305,0.359828,16.856794
1603,1,2,1,10.528092,2.589237,0.543015,0.787846,0.768025,0.327938,0.981348,0.369003,17.051009
1604,1,2,1,13.237489,2.589582,0.547027,0.782573,0.731274,0.342339,0.982782,0.370739,19.754406
1605,1,2,1,10.371784,2.589157,0.547717,0.785083,0.660043,0.330548,0.992782,0.364935,16.793052
1606,1,2,1,11.094327,2.720339,0.549249,0.780603,0.656850,0.328302,0.981840,0.364566,17.626744
1607,1,2,1,10.411324,2.587816,0.634966,0.789600,0.660419,0.328160,0.978450,0.365033,16.907262
1608,1,2,1,11.234006,2.589901,0.536910,0.787661,0.658677,0.331107,0.987077,0.382443,17.660351
1609,1,2,1,11.183773,2.592210,0.543649,0.786203,0.655514,0.325243,0.979557,0.368818,17.584941
1610,0,2,0,13.541120,2.588967,0.541822,0.782117,0.656209,0.325926,0.995662,0.365945,19.949058
1611,1,2,1,10.392209,2.718147,0.548197,0.781754,0.653594,0.328615,0.978843,0.362431,16.915834
1612,1,2,1,10.988899,2.590209,0.539003,0.898006,0.665040,0.326253,0.981089,0.364344,17.505877
1613,1,2,1,12.513298,2.592062,0.544732,0.781545,0.769471,0.327502,0.992191,0.366173,19.044068
1614,1,2,1,10.436794,2.592099,0.541434,0.782923,0.661446,0.329846,0.986037,0.364819,16.845310
1615,1,2,1,10.544498,2.700622,0.544640,0.784689,0.662818,0.330511,0.980745,0.363508,17.065009
1616,1,2,1,10.861064,2.701440,0.553126,0.781126,0.656917,0.327858,0.990824,0.361705,17.388240
1617,1,2,1,11.540351,2.590584,0.542554,0.786166,0.803391,0.334738,0.982941,0.369944,18.115527
1618,1,2,1,13.479434,2.591434,0.538301,0.782646,0.778578,0.326301,0.981895,0.365827,19.998991
1619,1,2,1,13.314222,2.594301,0.543779,0.783871,0.795643,0.325896,0.979231,0.365932,19.858240
1620,1,2,1,11.485127,2.600566,0.539194,0.784043,0.654449,0.326406,0.980221,0.443625,17.969938
1621,0,2,0,13.312573,2.588646,0.543532,0.777427,0.656197,0.326209,0.983341,0.363348,19.704849
1622,1,2,1,10.677101,2.595256,0.539262,0.782376,0.654726,0.328548,0.983741,0.361145,17.070861
1623,1,2,1,11.033588,2.684215,0.544123,0.783378,0.658966,0.323077,0.991655,0.364246,17.535163
1624,0,2,1,13.087889,2.708178,0.550596,0.783126,0.654942,0.325981,0.979470,0.357391,19.598886
1625,1,2,1,12.986622,2.593619,0.670584,0.786634,0.655821,0.321705,0.990966,0.367317,19.528824
1626,1,2,1,13.506449,2.683015,0.562837,0.787391,0.658573,0.326985,0.977083,0.361323,20.015951
1627,1,2,1,13.107397,2.591182,0.666671,0.784511,0.662702,0.329508,0.990505,0.363815,19.648972
1628,1,2,0,13.250732,2.591852,0.660738,0.787607,0.659484,0.327379,0.980381,0.362135,19.773982
1629,1,2,1,10.461249,2.588388,0.546437,0.782677,0.657009,0.328855,1.056954,0.413015,16.992511
1630,1,2,1,10.927834,2.588911,0.538867,0.781464,0.657650,0.326449,0.992172,0.360597,17.325889
1631,1,2,1,11.567126,2.686381,0.549483,0.782221,0.661354,0.325273,0.983341,0.367570,18.080640
1632,1,2,1,10.615797,2.594609,0.546973,0.909853,0.662049,0.327021,0.983618,0.362407,17.156893
1633,1,2,1,10.538990,2.587310,0.541243,0.783274,0.657477,0.324536,0.979865,0.465194,17.031625
1634,1,2,1,10.403016,2.590880,0.541206,0.778923,0.658542,0.324621,0.981459,0.364049,16.791889
1635,1,2,1,10.493594,2.694388,0.547187,0.784695,0.654505,0.327778,0.982173,0.355741,16.995341
1636,1,2,1,10.514080,2.595440,0.543366,0.783853,0.654308,0.327458,0.992935,0.393077,16.954584
1637,1,2,1,13.379083,2.594105,0.542332,0.790972,0.656720,0.327490,0.994763,0.396991,19.837403
1638,1,2,1,13.286584,2.592849,0.551034,0.790295,0.656511,0.327243,0.992819,0.401748,19.750566
1639,1,2,1,13.233533,2.590726,0.545951,0.786572,0.655920,0.328320,0.980283,0.396437,19.669508
1640,1,2,1,10.503975,2.589009,0.541335,0.780924,0.660985,0.325163,0.980142,0.362960,16.892203
1641,1,2,1,13.379458,2.589206,0.544738,0.783317,0.652892,0.328640,0.990160,0.364554,19.785877
1642,0,2,0,13.671624,2.589298,0.544775,0.782068,0.661846,0.326406,0.992652,0.363218,20.079324
1643,1,2,1,13.821667,2.591637,0.546849,0.787231,0.662406,0.329988,0.992893,0.365778,20.250819
1644,1,2,1,10.512024,2.687089,0.545459,0.784179,0.655317,0.324345,0.994129,0.363280,17.020948
1645,1,2,1,13.308640,2.708886,0.545760,0.783366,0.656941,0.322468,0.994707,0.365212,19.841415
1646,1,2,1,11.003255,2.592000,0.540966,0.879834,0.661723,0.326412,0.985176,0.366819,17.507994
1647,0,2,0,13.217151,2.589993,0.546978,0.783982,0.754960,0.326086,0.983200,0.365243,19.720073
1648,1,2,1,13.556899,2.591022,0.541600,0.783021,0.782468,0.325508,0.982646,0.358351,20.075797
1649,1,2,1,11.451741,2.595840,0.545827,0.783090,0.655132,0.322363,1.085459,0.381188,17.971963
1650,1,2,1,9.051945,2.705015,0.539865,0.785157,0.661673,0.325649,0.980178,0.361889,15.565779
1651,1,2,1,13.280247,2.691520,0.546733,0.793526,0.658997,0.325342,0.978307,0.364818,19.794849
1652,1,2,1,10.451040,2.587895,0.545219,0.897618,0.660344,0.325778,0.990720,0.362591,16.974344
1653,1,2,1,11.363582,2.593649,0.549273,0.784837,0.655286,0.326043,0.993434,0.396394,17.819231
1654,0,2,0,13.621274,2.593077,0.542191,0.788006,0.654412,0.330252,0.979575,0.399975,20.062966
1655,0,2,0,13.586640,2.593329,0.543988,0.781803,0.657108,0.326800,0.977612,0.397994,20.018547
1656,1,2,0,9.241028,2.593575,0.537027,0.774210,0.662061,0.324240,0.982462,0.360818,15.625932
1657,1,2,1,10.540634,2.678055,0.553422,0.786794,0.650308,0.326302,0.979034,0.364327,17.031895
1658,1,2,1,10.531053,2.594695,0.537600,0.783028,0.655587,0.327440,0.989335,0.384486,16.954129
1659,1,2,1,10.395299,2.593976,0.542541,0.780991,0.651766,0.329717,0.977187,0.363182,16.787261
1660,1,2,1,11.091133,2.703373,0.544739,0.784074,0.660566,0.325501,0.980585,0.362892,17.607624
1661,1,2,1,10.424437,2.590566,0.547784,0.785483,0.774696,0.328843,0.978769,0.365096,16.951735
1662,0,2,0,13.070320,2.592117,0.545994,0.787219,0.772068,0.326209,0.982856,0.365766,19.593410
1663,1,2,1,9.179434,2.591138,0.545920,0.779704,0.654911,0.332843,0.978800,0.363224,15.576652
1664,1,2,1,10.419556,2.683957,0.548037,0.789741,0.652382,0.326351,0.983987,0.360413,16.912973
1665,1,2,1,10.585471,2.596203,0.543083,0.786412,0.761576,0.335237,0.994247,0.369662,17.128640
1666,1,2,0,11.790972,2.589459,0.539391,0.782892,0.661065,0.327624,0.992868,0.457157,18.291286
1667,1,2,1,13.285723,2.587963,0.542172,0.785982,0.656530,0.328498,0.988665,0.444591,19.774197
1668,1,2,1,13.336419,2.589816,0.540092,0.784062,0.658400,0.326548,0.992978,0.359342,19.738037
1669,1,2,1,13.416744,2.590658,0.543114,0.784462,0.657378,0.329114,0.977914,0.358726,19.811742
1670,1,2,1,11.897200,2.591477,0.536856,0.783889,0.653502,0.326012,0.977391,0.363619,18.278775
1671,1,2,1,10.408086,2.704973,0.548892,0.782160,0.656596,0.327329,0.980936,0.362732,16.926880
1672,1,2,1,11.494123,2.591360,0.540548,0.900695,0.666019,0.332179,0.980671,0.368887,18.027828
1673,1,2,1,13.335791,2.593569,0.543262,1.065619,0.672474,0.320338,0.980283,0.368874,20.036430
1674,1,2,1,11.084744,2.590148,0.554363,0.785957,0.654991,0.324997,0.980910,0.406689,17.537415
1675,0,2,0,13.576148,2.596240,0.544062,0.783520,0.654499,0.328129,0.992720,0.396831,20.027090
1676,1,2,1,13.248806,2.592898,0.544850,0.787182,0.660492,0.330930,0.994787,0.400979,19.713575
1677,1,2,1,10.974948,2.587883,0.547613,0.784541,0.659896,0.324714,0.980450,0.367797,17.380197
1678,1,2,1,10.515440,2.710554,0.545779,0.781342,0.657003,0.326535,0.982043,0.365877,17.037729
1679,1,2,1,11.138295,2.588954,0.543409,0.888646,0.660407,0.323625,0.981304,0.367815,17.646776
1680,1,2,1,11.957852,2.591902,0.539753,0.781661,0.653255,0.408400,0.985939,0.380585,18.453249
1681,1,2,1,13.292357,2.592523,0.540579,0.786129,0.658861,0.327053,0.980136,0.390283,19.719163
1682,0,2,0,13.564523,2.586529,0.547938,0.784535,0.662130,0.331662,1.071477,0.378886,20.080486
1683,1,2,1,13.303680,2.589348,0.546727,0.788099,0.656056,0.325034,0.983914,0.387206,19.732948
1684,1,2,1,11.446123,2.593409,0.546517,0.786376,0.656154,0.329858,0.978597,0.365163,17.852781
1685,1,2,1,13.393476,2.588818,0.542806,0.782739,0.657206,0.325963,0.979070,0.361090,19.782633
1686,1,2,1,11.126536,2.597298,0.535027,0.784948,0.662523,0.325009,0.980258,0.363901,17.527624
1687,1,2,1,12.736536,2.792997,0.552541,0.780849,0.657385,0.321569,0.994196,0.479145,19.475692
1688,1,2,1,11.737378,2.690431,0.543950,0.782425,0.659963,0.328074,0.984468,0.364067,18.242363
1689,1,2,1,12.592105,2.590338,0.656431,0.790566,0.661563,0.333040,0.991699,0.361495,19.132726
1690,1,2,1,10.443791,2.593286,0.544110,0.781213,0.661637,0.331286,0.992407,0.398590,16.897422
1691,1,2,1,11.522012,2.592394,0.543667,0.788012,0.654689,0.328837,0.978787,0.361323,17.921071
1692,1,2,1,10.504751,2.693206,0.548480,0.781126,0.655889,0.327938,0.978560,0.362572,17.004855
1693,1,2,1,13.317009,2.692738,0.548499,0.788991,0.663009,0.327853,0.992074,0.364049,19.849914
1694,1,2,1,13.320628,2.710135,0.541237,0.789021,0.655969,0.330302,0.983261,0.362990,19.847329
1695,1,2,1,13.449249,2.687606,0.546529,0.787471,0.661404,0.328344,0.993957,0.362393,19.968412
1696,1,2,1,10.932929,2.590050,0.537114,0.895385,0.665717,0.327489,0.982111,0.363550,17.446486
1697,1,2,1,13.203822,2.596006,0.548314,0.910166,0.667132,0.327243,0.992283,0.363243,19.760991
1698,1,2,1,11.542824,2.591471,0.539582,0.780283,0.660486,0.328788,0.981723,0.385410,17.965200
1699,0,2,0,13.617052,2.591391,0.544572,0.783138,0.655902,0.329896,0.984080,0.383791,20.044424
1700,1,2,1,13.288621,2.593680,0.545853,0.780215,0.659686,0.327372,0.986861,0.384092,19.717742
1701,1,2,1,11.434240,2.592425,0.544111,0.783514,0.657077,0.330757,0.979170,0.361508,17.833403
1702,1,2,1,11.413933,2.619139,0.542794,0.780579,0.656652,0.329815,0.983169,0.364880,17.848628
1703,1,2,1,10.396295,2.590449,0.663477,0.792591,0.665255,0.323988,0.992775,0.362529,16.940443
1704,1,2,1,12.292794,2.590677,0.542806,0.789606,0.773003,0.329649,0.980905,0.366166,18.817348
1705,1,2,1,11.008770,2.590486,0.540492,0.785071,0.659533,0.324966,0.981526,0.364050,17.406037
1706,1,2,1,11.517581,2.590437,0.543741,0.783446,0.657176,0.329600,0.991661,0.364099,17.927446
1707,1,2,1,11.513373,2.714591,0.551526,0.783200,0.657440,0.326954,0.992480,0.361046,18.052530
1708,1,2,1,11.771704,2.779193,0.544104,0.781852,0.649674,0.326302,0.978117,0.362898,18.346991
1709,1,2,1,11.051065,2.592099,0.545889,0.787594,0.753465,0.327975,0.992154,0.364775,17.566738
1710,1,2,1,13.360197,2.597262,0.542339,0.781391,0.775576,0.328240,0.984456,0.368886,19.892825
1711,1,2,1,13.128450,2.593767,0.544849,0.791243,0.653581,0.417723,0.982591,0.367588,19.630793
1712,1,2,1,10.451477,2.590991,0.540744,0.782782,0.651668,0.328228,0.979354,0.363194,16.840437
1713,1,2,1,10.588406,2.696068,0.549150,0.786714,0.654240,0.323133,0.977224,0.364197,17.094492
1714,1,2,1,11.364843,2.590099,0.676658,0.787298,0.664449,0.329083,0.990985,0.363600,17.920253
1715,0,2,0,13.508554,2.591957,0.659267,0.781816,0.660911,0.323200,0.978892,0.363785,20.021353
1716,1,2,1,11.202043,2.587268,0.543625,0.783576,0.657711,0.437274,0.995865,0.387090,17.748948
1717,1,2,1,13.287317,2.591095,0.548843,0.784603,0.655871,0.400609,1.003274,0.393938,19.821311
1718,1,2,1,10.488191,2.593465,0.542332,0.777225,0.658548,0.328603,0.982407,0.362153,16.881784
1719,1,2,1,10.554720,2.695668,0.549686,0.794443,0.657243,0.325126,0.993360,0.360117,17.082473
1720,1,2,1,10.446579,2.591181,0.548868,0.901390,0.670511,0.326923,0.984578,0.360850,16.984523
1721,1,2,1,11.435071,2.587410,0.544498,0.784099,0.659557,0.328960,0.992812,0.385877,17.871957
1722,1,2,1,10.412658,2.593274,0.538732,0.783009,0.659083,0.329077,0.992031,0.360874,16.818037
1723,0,2,0,13.672985,2.591501,0.541667,0.784129,0.659612,0.320941,0.977631,0.365858,20.067785
1724,1,2,1,10.452548,2.693476,0.548960,0.779533,0.652302,0.326289,0.981625,0.363859,16.950800
1725,1,2,1,11.471520,2.593188,0.543219,0.895938,0.673465,0.325606,0.979938,0.365132,18.003434
1726,1,2,1,10.521815,2.589064,0.534228,0.780283,0.656461,0.327612,0.978277,0.361631,16.903113
1727,1,2,1,11.144862,2.589932,0.542333,0.786616,0.657563,0.328363,0.991870,0.360246,17.552264
1728,1,2,1,13.416542,2.592006,0.545268,0.787446,0.658074,0.329132,0.983680,0.362560,19.822450
1729,1,2,1,11.190253,2.692056,0.546911,0.788264,0.658007,0.321661,0.979237,0.360985,17.692455
1730,1,2,1,13.380363,2.815539,0.545791,0.788818,0.658308,0.327341,0.977164,0.363520,20.010283
1731,1,2,1,13.241329,2.694812,0.546837,0.782954,0.654049,0.326603,0.992824,0.362203,19.752049
1732,1,2,1,11.417520,2.590160,0.544573,0.892363,0.662905,0.328603,0.979545,0.357637,17.926381
1733,0,2,0,13.545588,2.591939,0.547231,0.909379,0.662979,0.330123,0.989360,0.368136,20.099274
1734,1,2,1,10.381594,2.589809,0.539742,0.785329,0.657495,0.324277,0.977945,0.361563,16.766985
1735,1,2,1,13.398252,2.588990,0.542880,0.786898,0.655507,0.324615,0.981336,0.364289,19.792523
1736,0,2,0,13.699828,2.594123,0.540314,0.783661,0.657766,0.329637,0.984849,0.362283,20.104880
1737,1,2,1,11.090307,2.590357,0.541834,0.780892,0.653705,0.328006,0.978252,0.360295,17.473434
1738,1,2,1,10.519126,2.686523,0.541114,0.781877,0.652492,0.325052,0.993015,0.360529,17.013994
1739,1,2,1,11.219643,2.591397,0.545151,0.779231,0.777969,0.328013,0.978751,0.364873,17.741175
1740,1,2,1,10.409901,2.590615,0.547643,0.782301,0.651280,0.328800,0.976117,0.362948,16.799305
1741,1,2,1,13.303459,2.590720,0.545366,0.781508,0.658739,0.331501,0.990689,0.359643,19.712209
1742,1,2,1,9.849926,2.701582,0.539076,0.782209,0.660627,0.326947,0.983138,0.361994,16.354012
1743,1,2,1,10.439028,2.588357,0.545286,0.779015,0.785760,0.329391,0.979631,0.364634,16.963027
1744,1,2,1,13.412529,2.593323,0.538332,0.778763,0.767803,0.329421,0.985607,0.362732,19.918413
1745,1,2,1,12.786850,2.586849,0.541015,0.784504,0.654978,0.414302,0.996418,0.377077,19.297133
1746,1,2,1,13.295009,2.590757,0.545212,0.779779,0.656468,0.326216,1.083243,0.383483,19.812942
1747,1,2,1,11.731883,2.590104,0.544960,0.790184,0.658948,0.328246,0.976074,0.364652,18.136449
1748,1,2,1,11.473267,2.594209,0.538043,0.781656,0.656505,0.328676,0.976967,0.365440,17.865490
1749,1,2,1,10.473520,2.687705,0.554468,0.785593,0.658849,0.328049,0.977009,0.363840,16.981773
1750,1,2,0,13.616271,2.683342,0.539735,0.785723,0.659243,0.327791,0.985342,0.362511,20.114911
1751,1,2,1,10.452332,2.593471,0.541305,0.778369,0.655784,0.353927,0.983649,0.365071,16.957101
1752,0,2,0,13.578166,2.594763,0.540412,0.784461,0.776880,0.331717,0.979920,0.368301,20.109963
1753,1,2,1,13.572504,2.595329,0.542861,0.793145,0.777668,0.326302,0.980670,0.367600,20.108560
1754,1,2,1,11.201194,2.588505,0.540062,0.785822,0.657969,0.327163,0.977778,0.358677,17.588357
1755,1,2,1,10.499514,2.593391,0.543594,0.789391,0.657704,0.325311,0.978560,0.366633,16.906972
1756,0,2,0,13.545471,2.593772,0.546782,0.782529,0.656578,0.328517,0.978179,0.361784,19.943207
1757,0,2,0,13.414991,2.593920,0.541791,0.786443,0.655317,0.330425,0.978726,0.366720,19.819385
1758,1,2,1,11.193064,2.689151,0.545095,0.781834,0.658905,0.327502,0.984314,0.369588,17.702794
1759,0,2,0,13.057680,2.701379,0.551754,0.779489,0.657329,0.323926,0.988695,0.364142,19.574597
1760,1,2,1,10.462356,2.592314,0.544862,0.788258,0.657993,0.327225,0.993840,0.411378,16.931150
1761,1,2,1,10.412425,2.591385,0.538456,0.781630,0.659618,0.328178,0.979305,0.364357,16.807944
1762,1,2,1,10.489206,2.693169,0.549132,0.779877,0.657656,0.328776,0.991151,0.362867,17.004455
1763,1,2,1,11.061139,2.590646,0.546406,0.897545,0.666467,0.329600,0.994880,0.364579,17.605083
1764,1,2,1,10.512874,2.589520,0.536997,0.777693,0.655710,0.329489,0.978948,0.364252,16.893871
1765,1,2,1,10.614486,2.593108,0.543022,0.782991,0.652148,0.324727,0.979175,0.361200,17.004265
1766,1,2,1,12.710917,2.714172,0.543797,0.783680,0.654197,0.325945,0.980203,0.361182,19.223686
1767,1,2,1,13.315618,2.683680,0.544683,0.777133,0.657692,0.325071,0.979219,0.358542,19.793243
1768,1,2,1,10.480222,2.594812,0.541982,0.900449,0.659748,0.328234,0.985809,0.362037,17.008295
1769,0,2,0,13.386911,2.588480,0.546185,1.027988,0.669557,0.324942,0.976302,0.367686,20.043016
1770,1,2,1,11.014597,2.593157,0.543366,0.789815,0.664351,0.327341,0.992578,0.402683,17.482714
1771,0,2,1,13.467022,2.590375,0.543994,0.785612,0.656240,0.329114,0.990449,0.400892,19.916978
1772,1,2,1,11.152006,2.590966,0.540646,0.783157,0.655643,0.327619,0.976400,0.361570,17.537908
1773,1,2,1,13.380487,2.592616,0.541464,0.791594,0.654707,0.328055,0.980461,0.364849,19.785508
1774,1,2,1,10.397280,2.703667,0.545114,0.784393,0.658967,0.329846,0.984301,0.362302,16.918806
1775,1,2,1,10.541065,2.586480,0.546954,0.789920,0.762677,0.328209,0.974880,0.363939,17.050585
1776,1,2,1,12.695465,2.591994,0.543661,0.781790,0.660695,0.326843,0.985083,0.380739,19.117828
1777,1,2,1,10.398351,2.591723,0.534739,0.783803,0.653588,0.323858,0.978825,0.361495,16.775520
1778,1,2,1,10.375120,2.690770,0.542757,0.779514,0.653280,0.324474,0.990713,0.365397,16.872930
1779,1,2,1,13.084086,2.705889,0.543274,0.781514,0.657914,0.327883,0.992129,0.368492,19.612609
1780,1,2,1,13.255280,2.686744,0.546179,0.780185,0.655945,0.325859,0.981649,0.361409,19.744652
1781,1,2,1,11.456702,2.592012,0.545452,0.863391,0.694837,0.327883,0.993889,0.361858,17.993662
1782,0,2,0,13.407477,2.589476,0.543354,0.971582,0.692025,0.330382,0.983132,0.369428,20.045945
1783,1,2,1,10.851908,2.588246,0.544836,0.784105,0.659311,0.324954,0.992357,0.361151,17.331576
1784,1,2,0,13.169108,2.592098,0.544676,0.782216,0.657938,0.454991,0.988283,0.387329,19.734708
1785,1,2,1,11.022911,2.588147,0.544031,0.793410,0.659157,0.322825,0.979095,0.365809,17.427963
1786,1,2,1,10.537194,2.695397,0.548763,0.785464,0.654233,0.327993,0.993175,0.363151,17.058892
1787,1,2,1,11.509409,2.589797,0.545163,0.878720,0.666370,0.326505,0.979336,0.362104,18.014437
1788,1,2,1,13.404813,2.591551,0.543619,0.866628,0.671514,0.328400,0.978757,0.363815,19.901317
1789,1,2,1,10.551649,2.589779,0.540283,0.784911,0.656216,0.329261,0.978105,0.365095,16.947840
1790,1,2,1,11.574400,2.592240,0.537545,0.783341,0.657304,0.325256,0.980585,0.365551,17.966819
1791,0,2,0,13.598978,2.592886,0.535815,0.785963,0.653994,0.326708,0.992062,0.364037,20.000584
1792,1,2,1,10.976689,2.714271,0.546418,0.779397,0.656105,0.324609,0.981655,0.365747,17.497607
1793,1,2,0,13.444609,2.685754,0.549742,0.784196,0.662480,0.327317,0.978264,0.362455,19.952437
1794,1,2,1,10.413791,2.590856,0.540136,0.786542,0.787760,0.326535,0.980105,0.365717,16.945053
1795,0,2,0,13.308751,2.593939,0.544393,0.788529,0.798757,0.326228,0.991342,0.365496,19.874683
1796,1,2,1,10.422775,2.589526,0.548037,0.781286,0.657483,0.327883,0.977643,0.369625,16.821760
1797,1,2,1,11.568769,2.589170,0.545655,0.782787,0.654788,0.328683,0.982960,0.365267,17.969292
1798,1,2,1,10.469027,2.683329,0.546271,0.777582,0.655120,0.330234,0.979858,0.360455,16.951834
1799,1,2,1,13.269372,2.682492,0.556363,0.795126,0.657403,0.326837,0.980166,0.366252,19.786597
1800,1,2,0,11.912388,2.588979,0.545484,0.778129,0.760258,0.324794,0.982560,0.365717,18.412523
1801,1,2,1,10.950572,2.590025,0.543157,0.784880,0.655095,0.326751,0.980375,0.360677,17.343563
1802,0,2,0,13.170073,2.590670,0.543969,0.781557,0.654603,0.327908,0.981379,0.363255,19.564061
1803,1,2,1,10.408640,2.702074,0.551015,0.781138,0.659551,0.327496,0.978929,0.363477,16.927095
1804,1,2,1,12.002462,2.687988,0.545102,0.778874,0.652480,0.324923,0.993951,0.363163,18.501630
1805,1,2,1,13.011729,2.710910,0.547760,0.785083,0.653625,0.328831,0.978222,0.365409,19.535268
1806,1,2,1,10.535588,2.592880,0.544387,0.790769,0.662714,0.434948,0.984566,0.374290,17.070793
1807,0,2,0,13.495373,2.590099,0.550295,0.782123,0.660437,0.432511,0.980086,0.376634,20.018855
1808,1,2,1,10.627680,2.588351,0.541544,0.780843,0.657705,0.325379,0.980511,0.362573,17.014314
1809,1,2,1,9.228160,2.696449,0.548806,0.786474,0.658837,0.329939,0.981853,0.359255,15.743108
1810,1,2,1,10.445588,2.594412,0.540861,0.785816,0.652929,0.422646,0.993637,0.366960,16.957563
1811,1,2,1,11.527834,2.588259,0.548732,0.778917,0.661453,0.324400,0.979367,0.362837,17.924757
1812,1,2,1,10.604221,2.591028,0.544129,0.787034,0.660099,0.323489,0.979458,0.357692,16.998480
1813,1,2,1,10.379964,2.591342,0.667877,0.786942,0.662892,0.324707,0.991292,0.365471,16.924776
1814,1,2,1,12.781219,2.597219,0.538548,0.908868,0.670554,0.322387,0.985939,0.363280,19.320584
1815,1,2,1,11.484418,2.586289,0.545735,0.785428,0.656345,0.327852,0.980597,0.394738,17.918708
1816,1,2,1,10.444296,2.594542,0.539009,0.780763,0.658166,0.324308,0.978597,0.364628,16.838418
1817,1,2,1,11.468763,2.691944,0.550117,0.787581,0.659132,0.327705,0.980061,0.362584,17.983194
1818,1,2,1,10.530603,2.596708,0.539286,0.906462,0.657292,0.325532,0.980172,0.363009,17.053107
1819,1,2,1,13.367194,2.590252,0.542474,0.891440,0.659791,0.329292,0.989662,0.366831,19.890382
1820,1,2,1,11.434468,2.592141,0.543520,0.781736,0.656566,0.329575,0.981815,0.385415,17.858781
1821,1,2,1,11.000356,2.593224,0.537052,0.790104,0.658233,0.330887,0.990609,0.363065,17.416259
1822,0,2,0,13.649668,2.594295,0.539477,0.783040,0.656197,0.327532,0.982738,0.366179,20.050492
1823,1,2,1,10.353563,2.691926,0.548935,0.779736,0.660455,0.328363,0.991773,0.363064,16.871342
1824,1,2,1,10.448154,2.591520,0.541415,0.869434,0.684154,0.328228,0.986172,0.367181,16.974948
1825,1,2,1,10.940646,2.592105,0.544382,0.780849,0.654843,0.330326,0.992640,0.357514,17.434166
1826,1,2,1,10.542523,2.588388,0.542646,0.781619,0.658099,0.328824,0.991323,0.367052,16.951686
1827,1,2,1,10.617809,2.686671,0.548308,0.784376,0.656412,0.330308,0.989058,0.360701,17.126431
1828,1,2,1,13.262370,2.680332,0.541071,0.786517,0.659901,0.329945,0.990487,0.362129,19.765650
1829,1,2,0,12.596695,2.591816,0.550825,0.882215,0.663120,0.327939,0.983127,0.361065,19.109747
1830,1,2,1,13.308510,2.595803,0.542591,0.885576,0.665453,0.328153,0.983249,0.362542,19.823716
1831,1,2,1,10.423040,2.591447,0.543772,0.788984,0.661957,0.327471,0.979453,0.448517,16.916203
1832,1,2,1,13.268344,2.588978,0.535446,0.780769,0.655157,0.327650,0.978665,0.363742,19.649316
1833,1,2,1,13.383292,2.592449,0.543661,0.780683,0.660480,0.327618,0.978843,0.362916,19.779508
1834,1,2,1,10.571785,2.596424,0.536640,0.782056,0.650873,0.326978,0.975895,0.366566,16.959711
1835,0,2,0,13.462104,2.597889,0.543237,0.780855,0.661268,0.322148,0.978646,0.368973,19.869052
1836,1,2,1,11.263053,2.684173,0.539274,0.783237,0.658431,0.326585,0.978634,0.368954,17.751815
1837,1,2,0,13.495009,2.689987,0.546825,0.780929,0.652461,0.325976,0.992455,0.364886,20.003009
1838,1,2,1,9.135274,2.592905,0.539593,0.785693,0.657446,0.329569,0.979871,0.489458,15.663711
1839,1,2,1,10.994905,2.592702,0.544967,0.786123,0.663372,0.327391,0.976566,0.364794,17.401932
1840,1,2,1,10.527490,2.702794,0.546314,0.781231,0.655095,0.329193,0.979698,0.360924,17.033748
1841,1,2,1,10.651545,2.590074,0.539760,0.783495,0.769797,0.326468,0.994406,0.364308,17.175267
1842,1,2,1,11.006308,2.590733,0.548462,0.783089,0.653612,0.324326,0.990732,0.361379,17.408788
1843,1,2,1,10.533533,2.608148,0.546351,0.792787,0.658794,0.327606,0.977452,0.366326,16.965785
1844,1,2,1,10.417089,2.589779,0.685791,0.786880,0.663286,0.326683,0.989539,0.366221,16.984327
1845,1,2,1,13.252505,2.590732,0.673397,0.798320,0.654930,0.323133,0.991797,0.367822,19.806209
1846,1,2,1,11.524923,2.592781,0.540566,0.781409,0.654000,0.432997,0.997403,0.387065,18.068141
1847,0,2,0,13.038283,2.590375,0.540437,0.789821,0.654966,0.332013,0.988511,0.392936,19.481846
1848,1,2,1,10.379120,2.592387,0.534363,0.780634,0.655661,0.324763,0.980775,0.359409,16.754450
1849,0,2,0,13.988646,2.592099,0.545871,0.784210,0.657138,0.327933,0.978787,0.363674,20.385446
1850,1,2,1,10.085729,2.698960,0.545883,0.780253,0.652431,0.328424,0.978493,0.360043,16.582573
1851,1,2,1,9.168597,2.590178,0.540923,0.792437,0.661360,0.328548,0.990997,0.382942,15.609293
1852,1,2,1,10.518159,2.591464,0.539773,0.782658,0.656265,0.326191,0.979040,0.365126,16.907132
1853,1,2,0,13.561920,2.592160,0.542339,0.784025,0.660000,0.325877,0.980080,0.365225,19.963766
1854,1,2,1,13.266123,2.594388,0.536510,0.784369,0.654745,0.328554,0.974369,0.365883,19.654696
1855,1,2,1,10.510732,2.713981,0.546044,0.781550,0.658006,0.327194,0.981366,0.362941,17.034825
1856,1,2,1,10.496246,2.597593,0.542197,0.778621,0.657077,0.434911,0.988541,0.385237,17.031957
1857,1,2,1,13.297526,2.597360,0.543834,0.782061,0.653618,0.406504,1.005120,0.392043,19.833021
1858,1,2,1,10.499938,2.593483,0.542215,0.779569,0.660055,0.329366,0.980535,0.363470,16.897576
1859,1,2,1,11.278972,2.690019,0.547772,0.780505,0.658234,0.324320,0.989896,0.369828,17.795464
1860,1,2,1,10.540449,2.594012,0.682013,0.791446,0.660135,0.326400,0.977907,0.366751,17.093723
1861,0,2,0,12.387581,2.590498,0.536259,0.790763,0.775797,0.324874,0.979810,0.367120,18.905736
1862,1,2,1,10.537212,2.591311,0.542911,0.780074,0.653717,0.327360,0.982634,0.362271,16.929502
1863,0,2,0,13.606776,2.593791,0.546000,0.786425,0.651913,0.325736,0.978468,0.368646,20.009828
1864,1,2,1,13.417157,2.595213,0.541225,0.785144,0.661120,0.326345,0.981323,0.367200,19.825631
1865,1,2,1,13.065662,2.591273,0.540880,0.788462,0.657526,0.326603,0.980375,0.358185,19.460609
1866,1,2,1,10.318941,2.703311,0.545711,0.781852,0.658424,0.325822,0.992345,0.367612,16.848671
1867,1,2,1,10.479464,2.587219,0.540591,0.908862,0.665773,0.324763,0.989747,0.362344,17.014369
1868,1,2,1,9.127163,2.592406,0.543606,0.784049,0.661951,0.330806,0.995311,0.363643,15.549200
1869,1,2,1,10.437065,2.692492,0.548216,0.783157,0.656690,0.327846,0.983273,0.369194,16.949945
1870,1,2,1,13.384400,2.691200,0.542160,0.779052,0.659415,0.329600,0.980819,0.365975,19.884886
1871,1,2,1,11.470529,2.590775,0.634646,0.783323,0.665754,0.327059,0.991194,0.360665,17.975624
1872,1,2,1,11.510369,2.594068,0.541064,0.779046,0.662406,0.410031,0.982647,0.370622,18.002055
1873,1,2,1,10.919834,2.593742,0.542554,0.781342,0.655612,0.328314,0.979434,0.364468,17.315323
1874,1,2,1,10.488751,2.692775,0.545594,0.780609,0.652781,0.329378,0.991427,0.360492,16.994412
1875,1,2,1,10.993015,2.592000,0.711705,0.792941,0.664473,0.327520,0.981809,0.364683,17.579293
1876,1,2,1,13.284468,2.589144,0.659501,0.789760,0.660813,0.326634,0.993268,0.365489,19.823397
1877,1,2,1,10.501698,2.588418,0.544831,0.779440,0.654874,0.326197,0.990357,0.392160,16.933643
1878,1,2,1,11.302892,2.593022,0.538197,0.789976,0.652836,0.324456,0.984375,0.364240,17.700683
1879,1,2,1,13.415790,2.592062,0.550055,0.784516,0.657815,0.328467,0.982142,0.361052,19.823249
1880,1,2,1,13.432418,2.589600,0.545624,0.782954,0.656813,0.323951,0.982024,0.363108,19.830111
1881,0,2,1,13.333532,2.591705,0.545988,0.780073,0.659827,0.328141,0.991680,0.364056,19.745557
1882,1,2,1,10.989132,2.688880,0.541618,0.783520,0.663446,0.329403,0.978764,0.366954,17.493600
1883,1,2,1,13.333256,2.688806,0.547243,0.778221,0.659206,0.324985,0.978418,0.369028,19.834578
1884,1,2,1,11.666332,2.593323,0.648068,0.781187,0.661089,0.323212,0.978382,0.365926,18.169317
1885,1,2,1,13.493976,2.592831,0.637144,0.787644,0.658314,0.327440,0.981606,0.362013,19.993680
1886,1,2,1,10.503514,2.594228,0.539637,0.784000,0.659699,0.327133,0.987563,0.386037,16.939889
1887,1,2,1,13.034369,2.589501,0.546819,0.777200,0.661742,0.328209,0.977994,0.455742,19.524830
1888,1,2,1,10.422375,2.597385,0.539649,0.782338,0.654468,0.323323,0.977489,0.367945,16.818492
1889,1,2,1,10.900960,2.689495,0.548400,0.778203,0.656850,0.326664,0.992498,0.360141,17.407052
1890,1,2,1,13.300062,2.681292,0.547182,0.785243,0.656135,0.325163,0.982702,0.358345,19.788745
1891,1,2,1,11.430807,2.594019,0.539945,0.783299,0.791828,0.324603,0.981489,0.363933,17.964049
1892,0,2,0,13.050873,2.591077,0.544671,0.780769,0.899932,0.331926,0.980400,0.367108,19.701637
1893,1,2,1,13.093772,2.589569,0.549133,0.791034,0.741951,0.331890,0.980179,0.367822,19.613680
1894,1,2,1,10.384283,2.588616,0.544756,0.782265,0.653760,0.327791,0.984338,0.360843,16.782154
1895,1,2,1,11.553680,2.594160,0.543471,0.788000,0.653231,0.328825,0.978862,0.361274,17.956388
1896,1,2,1,13.364412,2.592800,0.549120,0.787913,0.657544,0.329256,0.983748,0.364246,19.779920
1897,1,2,1,13.508541,2.601902,0.542787,0.782344,0.659877,0.321477,0.993298,0.367372,19.929354
1898,0,2,0,13.702665,2.591822,0.542861,0.778904,0.660610,0.327858,0.978708,0.366935,20.104068
1899,1,2,1,10.548357,2.590246,0.561132,0.782271,0.658941,0.330191,0.979403,0.360929,17.049834
1900,1,2,1,13.283224,2.591674,0.648301,0.780068,0.654997,0.327194,0.977286,0.364732,19.779101
1901,1,2,1,10.933661,2.592117,0.542092,0.779292,0.655280,0.329471,0.981674,0.389367,17.354708
1902,0,2,0,13.331391,2.590351,0.538640,0.782745,0.651933,0.326499,0.987336,0.381815,19.744578
1903,1,2,1,10.416136,2.592603,0.538511,0.781803,0.658960,0.325981,0.979145,0.364769,16.809748
1904,1,2,1,10.406185,2.712227,0.545662,0.773994,0.654104,0.322966,0.980467,0.366830,16.919742
1905,1,2,1,10.525249,2.590819,0.546338,0.785914,0.741748,0.333267,0.983323,0.367834,17.041501
1906,0,2,0,13.711951,2.588745,0.539532,0.780012,0.786683,0.326388,0.996302,0.364320,20.249083
1907,1,2,1,13.349236,2.589379,0.545748,0.781772,0.802067,0.324517,0.981126,0.367723,19.899594
1908,1,2,1,11.479588,2.587748,0.552111,0.786541,0.659207,0.327095,0.979816,0.471077,17.994227
1909,1,2,1,10.950911,2.594228,0.545526,0.789569,0.661723,0.326800,0.991016,0.372098,17.385440
1910,1,2,1,12.354935,2.597711,0.546652,0.784523,0.662314,0.327329,0.982591,0.366443,18.773249
1911,1,2,1,12.684972,2.701877,0.548984,0.782197,0.657169,0.329557,0.976824,0.361181,19.196185
1912,1,2,1,13.223975,2.684800,0.545176,0.786301,0.659256,0.328769,0.983754,0.363858,19.725895
1913,1,2,1,11.485662,2.587397,0.642388,0.781175,0.663859,0.327852,0.993865,0.360425,17.993908
1914,1,2,1,11.016541,2.589834,0.542006,0.782000,0.653576,0.327895,0.994467,0.382904,17.441133
1915,1,2,1,11.229089,2.591347,0.543908,0.785379,0.653126,0.324338,0.981353,0.363779,17.624886
1916,1,2,1,10.379662,2.698763,0.552812,0.781674,0.656117,0.326308,0.989594,0.361692,16.899994
1917,1,2,1,10.822247,2.590191,0.545803,0.924135,0.666093,0.325994,0.978382,0.365834,17.375071
1918,1,2,1,10.469723,2.591329,0.541674,0.780807,0.655760,0.328246,0.983003,0.463969,16.967194
1919,1,2,1,10.460831,2.587132,0.538024,0.778135,0.663970,0.325496,0.993187,0.365563,16.865458
1920,1,2,1,13.429360,2.591274,0.546486,0.782830,0.656664,0.329268,0.982382,0.364444,19.832357
1921,0,2,0,13.446905,2.591416,0.548566,0.784499,0.656979,0.327963,0.993465,0.364252,19.864548
1922,1,2,1,10.507268,2.702067,0.551120,0.784400,0.659871,0.328056,0.989120,0.361600,17.036037
1923,1,2,1,13.268609,2.677692,0.555286,0.784812,0.658837,0.326670,0.978129,0.362634,19.765513
1924,1,2,1,13.496923,2.684787,0.544942,0.783699,0.657379,0.322356,0.983791,0.361052,19.987453
1925,1,2,1,10.430271,2.592898,0.547416,0.782338,0.659624,0.327347,0.980326,0.384548,16.860209
1926,0,2,0,13.461864,2.589133,0.544893,0.782012,0.655453,0.325569,0.988314,0.385176,19.885114
1927,1,2,1,13.344837,2.588406,0.546972,0.784695,0.656824,0.325754,0.989809,0.388830,19.781329
1928,1,2,1,10.526443,2.596849,0.542732,0.784307,0.653237,0.328210,0.985741,0.365840,16.934154
1929,1,2,1,12.221612,2.694652,0.544000,0.787970,0.660542,0.329157,0.981163,0.367095,18.740787
1930,1,2,0,13.437324,2.716031,0.540382,0.785539,0.650628,0.326246,0.977532,0.363563,19.949729
1931,1,2,0,12.527680,2.683698,0.547551,0.776954,0.652708,0.324695,0.993181,0.364788,19.026972
1932,1,2,1,11.027200,2.594499,0.545490,0.902283,0.663040,0.326627,0.991852,0.362898,17.568376
1933,1,2,1,12.249865,2.590781,0.544277,0.785778,0.785071,0.329612,0.979588,0.364775,18.788616
1934,1,2,1,11.470160,2.591920,0.541846,0.787231,0.656123,0.330326,0.984554,0.362560,17.875182
1935,1,2,1,10.969649,2.594320,0.547422,0.785723,0.663415,0.324474,0.991742,0.361976,17.390794
1936,1,2,1,12.193489,2.688652,0.541717,0.782461,0.657064,0.330259,0.980905,0.361588,18.689951
1937,1,2,1,11.549090,2.689250,0.545753,0.782450,0.652733,0.332098,0.980862,0.367379,18.051403
1938,1,2,1,10.499859,2.595046,0.545028,0.785207,0.655483,0.327551,1.075096,0.387213,17.024492
1939,1,2,1,11.444277,2.591501,0.544320,0.783705,0.650370,0.327994,0.976584,0.361410,17.833033
1940,1,2,1,10.372806,2.813895,0.549772,0.776351,0.654486,0.325502,0.993428,0.365212,17.004695
1941,1,2,1,9.194634,2.592498,0.543071,0.782917,0.789237,0.326954,0.983692,0.363108,15.732511
1942,1,2,0,13.621827,2.592110,0.536093,0.783803,0.772695,0.331662,0.983181,0.362659,20.135963
1943,1,2,0,13.455280,2.591421,0.542695,0.792314,0.791526,0.325329,0.981237,0.360714,19.993779
1944,1,2,1,11.446578,2.593027,0.540123,0.775268,0.659065,0.327470,0.977969,0.501070,17.972363
1945,1,2,1,10.529434,2.590030,0.543883,0.784179,0.655748,0.328443,0.992701,0.362947,16.937864
1946,1,2,1,11.469391,2.690215,0.550345,0.779360,0.656073,0.326055,0.995021,0.365655,17.981612
1947,1,2,1,13.394744,2.684412,0.546037,0.775513,0.655304,0.325932,0.993631,0.363330,19.888498
1948,1,2,1,13.156098,2.681354,0.545175,0.779311,0.665600,0.330923,0.978530,0.363920,19.653785
1949,1,2,1,13.405145,2.698695,0.550012,0.778080,0.654640,0.323766,0.977071,0.365428,19.908345
1950,1,2,1,10.446966,2.590997,0.538461,0.782800,0.760203,0.328142,0.982634,0.362867,16.945747
1951,1,2,1,13.394855,2.592511,0.547957,0.780978,0.771428,0.328628,0.979151,0.365760,19.914523
1952,1,2,1,13.342917,2.588394,0.546665,0.786634,0.759945,0.327046,0.983003,0.364517,19.851120
1953,1,2,1,10.477372,2.596320,0.546511,0.786628,0.654787,0.327791,0.977219,0.365052,16.881575
1954,1,2,1,11.328572,2.597452,0.539224,0.782228,0.653200,0.325858,0.977907,0.362449,17.720413
1955,1,2,1,10.469181,2.592289,0.654277,0.786603,0.662524,0.328129,0.978357,0.359016,16.985988
1956,1,2,1,11.220652,2.592591,0.540972,0.784905,0.656388,0.445390,0.983354,0.380289,17.755280
1957,1,2,1,10.476246,2.592030,0.540683,0.785249,0.656794,0.326646,0.989994,0.363206,16.879736
1958,1,2,1,9.237729,2.700492,0.541200,0.781101,0.658788,0.323513,0.980012,0.361034,15.737723
1959,1,2,1,11.048037,2.591164,0.545557,0.782264,0.754524,0.329139,0.978757,0.365637,17.549071
1960,1,2,1,13.355896,2.589877,0.549532,0.780025,0.764264,0.331692,0.979920,0.367693,19.874376
1961,1,2,1,11.521711,2.591551,0.542769,0.780781,0.662110,0.325649,0.980209,0.362006,17.917692
1962,1,2,1,11.302794,2.591471,0.543446,0.780726,0.658733,0.325501,0.978283,0.363446,17.698616
1963,1,2,1,10.410050,2.716357,0.545163,0.780068,0.657742,0.325834,0.991409,0.360074,16.939452
1964,0,2,0,13.327459,2.687003,0.542468,0.781772,0.655440,0.324080,0.994037,0.365864,19.831742
1965,1,2,1,10.385323,2.591741,0.542689,0.783593,0.659471,0.435385,0.983071,0.386499,16.919964
1966,0,2,0,12.116800,2.592037,0.539145,0.782689,0.660775,0.330529,0.981766,0.487372,18.643539
1967,1,2,1,11.066880,2.592707,0.543766,0.783797,0.658634,0.324246,0.992080,0.365193,17.477089
1968,1,2,1,11.169200,2.683059,0.549975,0.787631,0.653828,0.331384,0.985385,0.364234,17.678757
1969,1,2,1,10.547944,2.591071,0.544240,0.894006,0.667477,0.325858,0.974142,0.366868,17.063846
1970,1,2,1,13.546117,2.587600,0.545287,0.883059,0.660154,0.327987,0.977643,0.368492,20.050092
1971,1,2,0,11.805680,2.594757,0.549403,0.782727,0.660664,0.327329,0.992646,0.385822,18.252652
1972,1,2,1,13.133176,2.590474,0.544350,0.781951,0.658554,0.327957,0.980714,0.383563,19.555791
1973,1,2,1,10.488634,2.588240,0.545028,0.782831,0.653796,0.325329,0.980486,0.364548,16.882436
1974,1,2,1,13.480585,2.594979,0.543828,0.788886,0.655446,0.324930,0.981440,0.361064,19.879951
1975,0,2,0,13.804099,2.592640,0.543895,0.781748,0.660597,0.327236,0.981065,0.362935,20.206646
1976,1,2,1,12.668978,2.592947,0.542135,0.776492,0.659071,0.328831,0.981071,0.367409,19.066468
1977,1,2,1,10.434037,2.674929,0.551440,0.784745,0.656628,0.321840,0.979243,0.364345,16.919699
1978,1,2,1,13.235656,2.662406,0.580812,0.784265,0.658689,0.325120,0.992462,0.366271,19.768856
1979,1,2,1,10.567477,2.593225,0.546424,0.790191,0.656893,0.330984,0.980591,0.395569,17.016111
1980,1,2,1,11.137403,2.591274,0.540979,0.783883,0.659514,0.327360,0.994092,0.365194,17.551311
1981,1,2,1,10.953920,2.694185,0.550960,0.786855,0.654382,0.326824,0.977526,0.365231,17.462978
1982,1,2,1,10.983982,2.592566,0.655268,0.787803,0.662104,0.326868,0.983631,0.362573,17.504874
1983,1,2,1,10.482068,2.589809,0.538031,0.783367,0.660480,0.325692,0.982252,0.384259,16.901120
1984,1,2,1,13.441009,2.592197,0.537772,0.778505,0.660061,0.327274,0.983255,0.384548,19.858153
1985,0,2,0,14.039237,2.593440,0.541945,0.784086,0.656154,0.331698,0.983477,0.383107,20.464972
1986,1,2,1,13.317243,2.591489,0.540585,0.789378,0.651009,0.329539,0.981471,0.386265,19.742357
1987,0,2,0,13.462665,2.587065,0.547667,0.781151,0.661021,0.325089,0.985914,0.380911,19.888585
1988,1,2,1,11.446720,2.597544,0.538917,0.777569,0.652646,0.327390,0.982375,0.361286,17.833194
1989,1,2,1,11.001058,2.722892,0.548166,0.777667,0.656750,0.328523,0.993428,0.362511,17.541508
1990,1,2,1,10.433988,2.590542,0.621175,0.812345,0.665440,0.328646,0.983471,0.359169,16.952720
1991,1,2,1,11.437680,2.592849,0.544462,0.784819,0.663102,0.327705,0.991372,0.397619,17.894160
1992,1,2,1,10.430849,2.593557,0.541175,0.783876,0.659533,0.326616,0.985089,0.365311,16.836185
1993,1,2,1,10.467637,2.708296,0.548308,0.785797,0.659896,0.328394,0.991840,0.362892,17.007034
1994,1,2,1,13.306351,2.683932,0.544954,0.785846,0.657145,0.328505,0.978813,0.371010,19.806412
1995,0,2,0,13.499083,2.689932,0.541600,0.786283,0.657261,0.325852,0.991600,0.366092,20.011797
1996,1,2,1,13.270714,2.684972,0.543299,0.783975,0.657200,0.327853,0.994375,0.365335,19.781576
1997,1,2,1,11.594037,2.595114,0.547711,0.893969,0.656332,0.328381,0.977059,0.359231,18.106960
1998,1,2,1,13.323219,2.591237,0.540025,0.909828,0.665218,0.329926,0.983945,0.363231,19.863256
1999,1,2,1,13.314664,2.594585,0.548818,0.890676,0.663071,0.328671,0.977847,0.357323,19.830652
2000,1,2,1,10.427766,2.589791,0.542505,0.779926,0.660770,0.330369,1.025188,0.381600,16.894646
2001,1,2,1,11.701113,2.594111,0.543342,0.781299,0.660382,0.326252,0.978105,0.358917,18.093256
2002,0,2,0,13.859957,2.594874,0.540695,0.792610,0.655354,0.326326,0.980788,0.361403,20.263760
2003,1,2,1,10.518480,2.698560,0.544763,0.781053,0.655163,0.325711,0.980843,0.363090,17.023643
2004,1,2,1,13.342302,2.685446,0.546781,0.779828,0.655870,0.328030,0.987077,0.364917,19.843292
2005,1,2,1,13.288911,2.708265,0.548006,0.784856,0.654142,0.324381,0.981064,0.364449,19.806012
2006,1,2,1,10.561267,2.591379,0.544788,0.899458,0.664363,0.326055,0.981902,0.364025,17.089194
2007,1,2,1,11.831496,2.589674,0.540456,0.788357,0.657939,0.325618,0.992979,0.399625,18.279926
2008,1,2,1,11.490456,2.592136,0.541206,0.787416,0.659193,0.326510,0.981501,0.363600,17.894302
2009,0,2,0,13.647280,2.591766,0.543421,0.784769,0.656105,0.330462,0.977736,0.363231,20.048696
2010,1,2,1,13.328770,2.651729,0.663766,0.917379,0.798818,0.426209,1.001446,0.500517,20.491889
2011,1,2,1,13.859163,2.863489,0.625237,0.876498,0.732517,0.374800,1.013065,0.578283,21.115175
2012,1,2,1,12.463120,2.863280,0.573280,0.822923,0.807459,0.384960,1.000812,0.451046,19.561945
2013,1,2,1,13.168068,2.603397,0.558991,0.801557,0.667520,0.341889,0.997976,0.428062,19.727446
2014,0,2,0,13.966874,2.705237,0.562603,0.787581,0.678966,0.329618,7.444037,0.657354,27.317113
2015,1,2,1,12.239852,2.829107,0.727625,1.028067,0.848837,0.348104,0.987661,0.565434,19.788856
2016,1,2,1,14.462535,2.716363,0.666492,0.819273,0.697939,0.339760,0.984530,0.404671,21.267353
2017,1,2,1,11.172099,2.666332,0.584554,0.823871,0.711667,0.344572,0.988591,0.402898,17.866443
2018,1,2,1,12.196313,2.850849,0.580542,0.820628,0.716461,0.338578,0.992560,0.408634,19.069003
2019,1,2,1,14.850221,2.914862,0.686147,1.028338,0.875927,0.390252,1.007692,0.530258,22.510812
2020,1,2,1,12.364652,2.889415,0.692991,0.965674,0.904726,0.427501,1.019433,0.584019,20.060591
2021,1,2,1,10.656147,3.118350,0.713280,1.006806,0.869643,0.420504,1.034911,0.554646,18.589421
2022,1,2,1,11.848671,2.743692,0.560043,0.806105,0.696252,0.331108,0.987896,0.384861,18.517791
2023,1,2,1,13.372443,2.710369,0.574898,0.814837,0.700776,0.339323,0.982640,0.381477,20.037003
2024,1,2,1,13.633256,2.637736,0.568702,0.812092,0.692917,0.336781,0.987465,0.379447,20.205827
2025,1,2,1,10.920843,2.730375,0.563299,0.808978,0.703643,0.332899,0.982203,0.383077,17.582104
2026,1,2,1,10.648098,2.630751,0.564542,0.810597,0.704744,0.439262,0.990246,0.389821,17.337028
2027,1,2,1,11.256443,2.629643,0.563705,0.817453,0.690750,0.341096,0.980197,0.385206,17.824874
2028,1,2,1,10.795299,2.632874,0.565009,0.810006,0.698653,0.341317,0.982190,0.384277,17.367366
2029,1,2,1,12.908062,2.674510,0.568147,0.814424,0.692504,0.331194,0.981803,0.382320,19.525477
2030,1,2,0,13.786203,2.630333,0.567138,0.811662,0.693452,0.336123,0.994351,0.385471,20.360173
2031,1,2,1,10.632203,2.728578,0.574615,0.811834,0.690320,0.334110,0.987243,0.381378,17.300418
2032,1,2,1,13.505563,2.734338,0.566289,0.808566,0.694092,0.336917,0.981157,0.388314,20.173267
2033,0,2,1,13.569760,2.753687,0.572123,0.813040,0.697969,0.335003,0.986197,0.384578,20.273360
2034,1,2,1,10.778997,2.637853,0.562954,0.811987,0.831477,0.335785,0.984880,0.380099,17.484505
2035,1,2,1,12.854148,2.633840,0.569114,0.812874,0.821267,0.336917,0.986708,0.388430,19.568013
2036,1,2,1,13.430812,2.632019,0.563569,0.812640,0.837458,0.338948,0.981655,0.387730,20.147970
2037,1,2,1,13.655545,2.628855,0.571446,0.926776,0.706566,0.338203,0.983655,0.383865,20.356523
2038,1,2,1,10.721907,2.631624,0.564265,0.814696,0.697360,0.339902,0.995957,0.503557,17.429452
2039,1,2,0,13.602295,2.631206,0.570068,0.813871,0.695459,0.341502,0.987428,0.417883,20.221501
2040,1,2,1,10.588610,2.633791,0.565071,0.814554,0.695938,0.341323,0.987089,0.381471,17.163896
2041,1,2,1,13.400363,2.628757,0.570295,0.812104,0.695742,0.339409,0.985465,0.376092,19.967649
2042,1,2,1,10.912185,2.801477,0.576695,0.808129,0.700314,0.341003,0.985753,0.381446,17.667538
2043,1,2,1,13.410228,2.731797,0.570086,0.817963,0.698542,0.339249,0.996025,0.378824,20.103729
2044,1,2,1,13.518904,2.732135,0.567889,0.811858,0.698837,0.338086,0.986086,0.385354,20.199975
2045,1,2,1,10.791280,2.635920,0.663914,0.818406,0.697483,0.341249,0.986246,0.387317,17.485243
2046,1,2,1,10.683089,2.632172,0.566339,0.809932,0.694788,0.341096,0.993581,0.426221,17.306406
2047,0,2,1,13.640954,2.635046,0.567028,0.812812,0.697169,0.338099,0.986431,0.401335,20.241231
2048,1,2,1,10.645335,2.635157,0.560259,0.808117,0.699059,0.337212,0.983175,0.386646,17.213077
2049,0,2,0,13.635440,2.631606,0.563840,0.808727,0.696652,0.339859,0.989292,0.380874,20.202375
2050,1,2,1,13.601077,2.631058,0.563379,0.810609,0.696129,0.340831,0.996258,0.380240,20.175175
2051,1,2,1,10.643969,2.755360,0.573668,0.818437,0.696407,0.335003,0.990462,0.386843,17.362720
2052,1,2,1,10.644431,2.627871,0.704167,0.809187,0.698750,0.341779,0.985120,0.386954,17.357299
2053,0,2,0,13.307471,2.632412,0.677434,0.814166,0.696880,0.337428,0.980621,0.384646,19.992745
2054,1,2,1,10.747163,2.630947,0.562941,0.809803,0.693877,0.338289,1.087853,0.409784,17.441969
2055,1,2,0,13.505403,2.628080,0.570296,0.818092,0.696985,0.530271,0.990935,0.403126,20.305502
2056,1,2,1,11.840369,2.630868,0.566547,0.809987,0.696443,0.334948,0.984541,0.504923,18.527187
2057,1,2,1,10.705003,2.629821,0.568031,0.814456,0.694855,0.341834,0.996357,0.379526,17.288861
2058,1,2,1,10.643674,2.730468,0.565299,0.815840,0.698375,0.337864,0.985249,0.382006,17.316843
2059,1,2,1,10.641803,2.627341,0.569052,0.810738,0.800775,0.333822,0.982504,0.385009,17.310776
2060,1,2,1,10.658775,2.627901,0.565046,0.809790,0.694609,0.336345,0.986862,0.383028,17.220333
2061,1,2,1,13.404702,2.629778,0.562517,0.809194,0.695828,0.340160,0.982960,0.383200,19.964609
2062,0,2,0,13.692117,2.630566,0.558344,0.815716,0.691754,0.339021,0.984443,0.476831,20.348548
2063,0,2,0,13.506972,2.631452,0.574714,0.810308,0.698505,0.340689,1.044542,0.408886,20.173396
2064,1,2,1,10.741520,2.630787,0.563040,0.806450,0.694062,0.334855,0.994978,0.381563,17.302326
2065,1,2,1,11.417077,2.752234,0.573434,0.818579,0.699649,0.337926,0.985815,0.381846,18.128024
2066,1,2,1,13.583268,2.747877,0.569397,0.811914,0.697803,0.337390,0.995656,0.380104,20.282733
2067,1,2,1,13.080105,2.723834,0.568381,0.814345,0.697840,0.338843,0.982578,0.383342,19.749144
2068,1,2,1,11.902313,2.746474,0.572283,0.813686,0.695680,0.336074,0.998819,0.379563,18.603471
2069,1,2,1,11.837495,2.629366,0.663120,0.829403,0.700793,0.340043,0.984640,0.387273,18.536252
2070,1,2,1,10.679366,2.628062,0.566935,0.821237,0.697034,0.337440,0.990117,0.417853,17.298037
2071,1,2,1,13.523354,2.633127,0.560258,0.818597,0.700849,0.339926,0.991200,0.415945,20.141581
2072,1,2,1,10.696394,2.629612,0.566129,0.805120,0.693773,0.339969,0.997914,0.382074,17.266874
2073,1,2,1,10.690996,2.738049,0.569176,0.815667,0.693465,0.341102,0.979064,0.382203,17.368504
2074,1,2,1,13.562160,2.724794,0.566923,0.811003,0.690037,0.339102,0.984117,0.382942,20.218806
2075,1,2,1,10.776148,2.765735,0.779619,0.901440,0.725298,0.332726,0.981114,0.382554,17.816443
2076,1,2,1,10.740899,2.629132,0.565391,0.810277,0.693748,0.339766,0.991741,0.406074,17.424061
2077,1,2,1,10.748985,2.630701,0.558702,0.817711,0.695723,0.341126,0.992105,0.378511,17.323988
2078,1,2,1,12.094179,2.634222,0.559163,0.809477,0.694492,0.341698,0.983071,0.382745,18.653169
2079,1,2,1,13.426517,2.635446,0.562375,0.809095,0.690449,0.340486,0.993083,0.383754,20.000375
2080,1,2,1,10.697268,2.727963,0.570332,0.811687,0.703342,0.338406,0.987693,0.381471,17.379403
2081,1,2,1,13.339723,2.742978,0.573280,0.811951,0.699127,0.337994,0.994160,0.381409,20.041477
2082,1,2,0,13.672308,2.743582,0.565865,0.818338,0.697501,0.336154,0.986776,0.380523,20.357870
2083,1,2,1,11.677945,2.734314,0.575656,0.818474,0.698086,0.342129,0.994769,0.381126,18.388492
2084,0,2,0,13.800683,2.746621,0.563606,0.812338,0.691280,0.341791,0.979760,0.389840,20.484831
2085,1,2,1,11.435206,2.633084,0.562898,0.935213,0.712154,0.339169,0.988437,0.382240,18.149175
2086,1,2,1,10.693206,2.633471,0.561194,0.817113,0.694732,0.341231,0.982831,0.493612,17.375538
2087,1,2,1,10.736800,2.631077,0.571913,0.814542,0.700443,0.344788,0.988061,0.379815,17.326222
2088,1,2,1,10.790062,2.728954,0.570640,0.808413,0.693213,0.337138,0.983533,0.379926,17.448578
2089,1,2,1,9.368209,2.638665,0.562394,0.816419,0.703815,0.337760,0.989606,0.403040,15.978068
2090,1,2,1,11.446948,2.630905,0.563280,0.816129,0.694646,0.335933,0.997372,0.381686,18.021236
2091,1,2,0,13.741723,2.628979,0.562221,0.822338,0.695514,0.339188,0.983963,0.381218,20.313237
2092,1,2,0,12.780732,2.631391,0.565286,0.806874,0.690450,0.338787,0.996978,0.385003,19.354437
2093,1,2,1,10.725834,2.753945,0.570462,0.817107,0.701114,0.343108,0.983587,0.385243,17.444978
2094,0,2,0,13.623963,2.632092,0.564794,0.815557,0.699237,0.340683,0.988376,0.382301,20.202917
2095,1,2,1,11.104628,2.730566,0.569329,0.813299,0.694862,0.339274,0.982271,0.387225,17.779785
2096,1,2,1,11.221938,2.628689,0.568246,0.913101,0.701397,0.339520,0.983575,0.387243,17.905600
2097,1,2,1,10.747754,2.631089,0.565292,0.814179,0.694547,0.338179,0.985556,0.500788,17.435791
2098,1,2,1,13.563723,2.636086,0.560117,0.808289,0.688215,0.339243,1.110406,0.402621,20.268333
2099,1,2,1,13.596824,2.630548,0.568837,0.816818,0.693569,0.338554,0.987181,0.404302,20.194296
2100,1,2,1,13.384634,2.632320,0.560947,0.810370,0.696344,0.337729,0.989372,0.405661,19.975895
2101,1,2,1,10.739889,2.630012,0.564178,0.810264,0.691951,0.334794,0.980209,0.380560,17.288984
2102,1,2,1,9.376295,2.722116,0.568326,0.808954,0.694763,0.337009,0.981822,0.384123,16.031840
2103,0,2,0,13.625619,2.743785,0.568930,0.811883,0.696825,0.339896,0.987378,0.387145,20.322911
2104,1,2,1,13.562381,2.730037,0.565255,0.813188,0.695200,0.338948,0.985027,0.383404,20.233637
2105,1,2,1,10.758474,2.627004,0.572554,0.812086,0.819834,0.341126,0.988973,0.382973,17.463033
2106,0,2,0,13.741828,2.630954,0.566511,1.034332,0.707077,0.339588,0.984375,0.383901,20.548917
2107,1,2,1,13.748647,2.631458,0.669022,0.821489,0.701188,0.336314,0.984499,0.377421,20.429422
2108,1,2,1,13.512855,2.629846,0.680381,0.818160,0.696210,0.338092,0.985465,0.382492,20.199588
2109,1,2,1,9.451305,2.626493,0.563760,0.819188,0.697293,0.341803,0.995027,0.382030,16.103717
2110,1,2,1,13.622480,2.630381,0.566781,0.814080,0.696855,0.342148,0.984215,0.494954,20.316265
2111,1,2,1,10.712997,2.630843,0.566923,0.816345,0.697470,0.342006,0.996972,0.379182,17.301194
2112,1,2,1,13.454142,2.634794,0.566652,0.808105,0.707188,0.338431,0.986129,0.382407,20.036529
2113,1,2,1,11.824979,2.751674,0.571680,0.816671,0.701176,0.339569,0.983212,0.384603,18.532745
2114,1,2,0,12.704376,2.743735,0.571237,0.816573,0.696511,0.339083,0.984850,0.386948,19.404018
2115,1,2,1,13.547489,2.727766,0.574160,0.808240,0.697539,0.340492,0.982751,0.381520,20.220265
2116,1,2,1,13.522031,2.749846,0.566443,0.817784,0.692701,0.341311,0.984652,0.376049,20.208664
2117,1,2,1,13.532332,2.634541,0.569440,0.819674,0.693539,0.335114,0.984831,0.379588,20.107323
2118,1,2,1,10.594553,2.722757,0.571034,0.814911,0.692141,0.341619,0.981421,0.383944,17.261815
2119,1,2,1,10.661588,2.638024,0.564104,0.818739,0.691520,0.339139,1.100991,0.405181,17.381255
2120,1,2,1,11.704960,2.629975,0.566393,0.812025,0.698400,0.340443,0.982492,0.383643,18.274683
2121,1,2,1,13.387132,2.627982,0.560541,0.809957,0.699170,0.338007,0.983459,0.382652,19.945323
2122,1,2,1,11.802265,2.633256,0.565662,0.814468,0.701262,0.336689,0.983803,0.384154,18.380584
2123,0,2,1,11.506818,3.017649,0.634689,0.830012,0.705514,0.334449,0.991711,0.386351,18.571587
2124,1,2,1,11.507409,2.744073,0.567822,0.810793,0.699969,0.340357,0.996099,0.383914,18.210517
2125,1,2,1,10.335594,2.631680,0.565914,0.807945,0.815317,0.337459,0.983015,0.385151,17.024240
2126,1,2,1,12.440560,2.629274,0.566326,0.812037,0.695218,0.336770,1.079108,0.400677,19.117447
2127,1,2,1,9.394825,2.633059,0.559704,0.806326,0.699255,0.334954,0.983459,0.381902,15.953373
2128,1,2,1,9.407495,2.629101,0.669188,0.814763,0.707760,0.339950,0.997471,0.381378,16.107951
2129,1,2,1,10.665723,2.633920,0.564369,0.813132,0.698646,0.338067,0.989237,0.414640,17.278105
2130,1,2,1,13.329415,2.628991,0.563052,0.818425,0.696290,0.339643,0.983581,0.412646,19.926264
2131,1,2,1,11.181304,2.627643,0.561384,0.811662,0.698511,0.338713,0.995828,0.382486,17.755594
2132,1,2,1,11.373840,2.655914,0.565483,0.804658,0.691225,0.338658,0.985459,0.382363,17.961846
2133,1,2,1,11.405982,2.728227,0.573575,0.811993,0.691052,0.337113,0.983600,0.384930,18.074160
2134,1,2,1,11.129034,2.631803,0.564209,0.919403,0.705342,0.340412,0.985250,0.378868,17.815262
2135,1,2,1,13.554462,2.626991,0.568591,0.940714,0.703994,0.340044,0.981803,0.384037,20.262185
2136,1,2,1,13.568511,2.630073,0.749945,0.823938,0.707890,0.335901,0.994216,0.381545,20.352387
2137,1,2,1,13.554837,2.630560,0.665680,0.815015,0.696031,0.339643,0.984517,0.381890,20.230049
2138,1,2,1,10.630455,2.628468,0.565944,0.811963,0.699033,0.339465,0.994732,0.400166,17.231508
2139,1,2,1,10.602978,2.630486,0.565459,0.810055,0.693225,0.339354,0.991871,0.382468,17.172671
2140,1,2,1,10.682966,2.734129,0.562695,0.812412,0.695391,0.338572,0.981256,0.382499,17.351471
2141,1,2,1,13.594658,2.741699,0.572659,0.808253,0.695951,0.339459,0.987877,0.385501,20.287336
2142,1,2,1,11.937557,2.747471,0.568006,0.811527,0.690739,0.337834,0.979397,0.383735,18.615550
2143,1,2,1,12.511310,2.728936,0.566104,0.817274,0.692455,0.338548,0.984074,0.383397,19.183434
2144,1,2,1,13.495981,2.738868,0.570510,0.811225,0.701563,0.338930,0.985600,0.383107,20.187427
2145,1,2,0,10.727766,2.622222,0.566148,0.813446,0.699871,0.464917,0.996726,0.384443,17.435945
2146,1,2,1,10.655520,2.627625,0.564087,0.809581,0.694529,0.340745,0.982819,0.380991,17.213280
2147,1,2,1,12.414388,2.629735,0.569551,0.821040,0.696314,0.341908,0.985969,0.385920,19.004418
2148,1,2,1,10.742708,2.734369,0.570351,0.814480,0.696271,0.341932,0.986295,0.381200,17.427372
2149,1,2,1,10.786622,2.630529,0.573126,0.926788,0.702461,0.339304,0.981433,0.385341,17.486634
2150,1,2,1,12.647508,2.631022,0.569096,0.922954,0.704646,0.337883,0.987446,0.384664,19.342542
2151,1,2,1,11.447433,2.642456,0.566707,0.815016,0.698553,0.337705,0.987735,0.403471,18.061329
2152,0,2,0,13.293021,2.635655,0.561046,0.809274,0.695169,0.337421,0.990566,0.399896,19.882984
2153,1,2,1,13.499440,2.626720,0.566911,0.811926,0.689262,0.338037,0.988978,0.401261,20.079821
2154,1,2,1,10.571526,2.635262,0.564419,0.806874,0.696554,0.338203,0.982055,0.376738,17.130837
2155,1,2,1,10.620388,2.761108,0.568652,0.814185,0.700646,0.334265,0.982455,0.384794,17.325120
2156,1,2,1,11.301631,2.628812,0.679397,0.821465,0.698240,0.337834,0.982364,0.383243,17.993076
2157,1,2,1,10.605680,2.632855,0.569150,0.806776,0.696221,0.340554,0.986332,0.415292,17.214350
2158,1,2,1,10.643760,2.639594,0.564942,0.809575,0.696659,0.338671,0.982739,0.383286,17.218111
2159,0,2,1,12.110493,2.635735,0.570061,0.809649,0.695914,0.338886,0.985581,0.380462,18.686043
2160,1,2,1,13.610547,2.634093,0.567447,0.811913,0.696824,0.338738,0.985341,0.382031,20.185298
2161,0,2,0,13.872542,2.629317,0.570584,0.814296,0.695126,0.339280,0.996480,0.383163,20.459643
2162,1,2,1,13.681944,2.633095,0.562769,0.813071,0.695784,0.343046,0.982043,0.381858,20.250320
2163,1,2,1,10.661305,2.735649,0.572338,0.812898,0.698437,0.337317,0.982289,0.381347,17.338240
2164,1,2,0,13.654738,2.730049,0.561280,0.812240,0.694203,0.339213,0.996314,0.386437,20.333815
2165,0,2,0,13.788621,2.732960,0.567570,0.810517,0.699655,0.339446,0.980271,0.390333,20.472159
2166,1,2,1,13.504868,2.730381,0.567243,0.817827,0.690425,0.333711,0.989705,0.385164,20.175821
2167,1,2,1,10.633711,2.625772,0.673895,0.819421,0.702351,0.339231,0.983704,0.379735,17.317261
2168,1,2,1,12.681803,2.631852,0.567920,0.919588,0.705545,0.342154,0.989336,0.378579,19.375470
2169,1,2,1,13.540726,2.632209,0.663452,0.822092,0.693539,0.339255,0.985366,0.384068,20.221779
2170,1,2,1,11.883188,2.629858,0.565261,0.808726,0.893446,0.364400,0.994320,0.460800,18.772831
2171,1,2,1,11.895256,2.677108,0.574209,0.806510,0.692148,0.332535,0.982886,0.400738,18.524351
2172,1,2,1,11.774763,2.628381,0.567373,0.807427,0.694333,0.341809,0.992179,0.382658,18.345618
2173,1,2,1,10.839212,2.638123,0.566049,0.807538,0.699587,0.335255,0.993514,0.382050,17.415791
2174,0,2,0,10.796985,2.757225,0.571065,0.812646,0.697821,0.338068,0.981760,0.380633,17.494708
2175,1,2,1,10.662031,2.628228,0.567987,0.806997,0.695797,0.361852,0.983009,0.389452,17.344536
2176,0,2,0,13.821809,2.636745,0.560080,0.812160,0.806067,0.337267,0.980775,0.380086,20.496480
2177,0,2,0,13.808344,2.629514,0.569569,0.952178,0.699262,0.336031,0.984333,0.378173,20.518707
2178,0,2,0,11.817133,2.633366,0.572197,0.812246,0.697908,0.463655,0.988307,0.397256,18.539582
2179,1,2,1,10.932542,2.630793,0.564603,0.812184,0.694215,0.334086,0.982018,0.383384,17.495600
2180,1,2,1,10.679883,2.739145,0.572400,0.814628,0.697465,0.340634,0.983182,0.381206,17.365311
2181,1,2,1,10.669286,2.718966,0.572456,0.815791,0.698093,0.340702,0.982517,0.385280,17.342381
2182,1,2,1,10.297341,2.632819,0.571631,0.808904,0.696948,0.340517,0.986855,0.401994,16.895465
2183,1,2,1,10.740819,2.634936,0.563255,0.814252,0.699145,0.340843,0.981286,0.382984,17.314265
2184,1,2,1,13.645680,2.629231,0.560221,0.816923,0.700751,0.335883,0.988228,0.383705,20.220948
2185,0,2,0,13.651077,2.630277,0.567680,0.818480,0.696424,0.334855,0.981231,0.377692,20.214240
2186,1,2,1,12.756739,2.631108,0.562880,0.808283,0.688930,0.338831,0.983065,0.381760,19.305785
2187,1,2,1,13.556474,2.630246,0.565846,0.811699,0.693846,0.338843,0.983151,0.381871,20.119902
2188,1,2,1,9.513933,2.730190,0.568425,0.812627,0.702708,0.337403,0.980948,0.385939,16.194129
2189,1,2,1,10.739557,2.627612,0.568954,0.807957,0.848129,0.337200,0.983656,0.377741,17.451908
2190,1,2,1,11.693729,2.630899,0.556862,0.814966,0.699065,0.341945,0.987150,0.417914,18.302179
2191,1,2,1,10.628770,2.631219,0.562751,0.812480,0.701612,0.338831,0.985151,0.383533,17.203163
2192,1,2,1,11.183206,2.733403,0.566646,0.812117,0.699108,0.339458,0.998000,0.382436,17.875526
2193,1,2,1,10.660584,2.632111,0.560972,0.923668,0.704573,0.333145,0.984984,0.385736,17.344099
2194,1,2,1,13.547526,2.629625,0.653588,0.817225,0.700455,0.337587,0.980019,0.384456,20.206259
2195,1,2,1,10.748437,2.636043,0.563834,0.807957,0.699095,0.339009,0.992407,0.402911,17.351255
2196,0,2,0,13.427717,2.627169,0.565169,0.806985,0.696173,0.339890,0.994652,0.401539,20.016695
2197,1,2,1,13.553335,2.632425,0.566825,0.817224,0.693913,0.339330,0.981926,0.407471,20.149871
2198,1,2,1,12.667280,2.635852,0.555397,0.809341,0.698714,0.339569,1.002782,0.404523,19.272732
2199,1,2,1,10.628567,2.627563,0.559907,0.807083,0.697330,0.338868,0.985748,0.379163,17.182917
2200,1,2,1,12.052135,2.773767,0.571348,0.810590,0.696892,0.336511,0.997686,0.384578,18.781735
2201,1,2,1,9.379784,2.629274,0.569219,0.922425,0.709040,0.337010,0.983453,0.382560,16.073803
2202,1,2,1,10.652424,2.632597,0.565828,0.812277,0.698683,0.337317,0.990819,0.484948,17.335415
2203,1,2,1,10.726948,2.631262,0.570000,0.816436,0.691612,0.339988,0.982529,0.385514,17.301256
2204,1,2,1,10.751206,2.740080,0.562462,0.812886,0.696487,0.339409,0.987071,0.380191,17.430727
2205,1,2,1,11.702726,2.638517,0.664400,0.820129,0.703538,0.339077,0.985219,0.380387,18.394308
2206,1,2,1,13.566985,2.634031,0.660646,0.814517,0.697809,0.338327,0.993809,0.380394,20.245458
2207,0,2,0,13.545095,2.722554,0.567815,0.819298,0.690739,0.341046,0.995865,0.376542,20.215483
2208,1,2,1,13.512658,2.732812,0.568283,0.811022,0.701526,0.336899,0.982984,0.382264,20.188301
2209,1,2,1,10.732941,2.630259,0.566339,0.808818,0.698197,0.440135,0.996074,0.389188,17.421397
2210,1,2,1,11.271625,2.631323,0.562357,0.807323,0.691686,0.337748,0.981421,0.382738,17.824271
2211,1,2,1,13.631828,2.628659,0.564634,0.818024,0.698160,0.337292,0.991102,0.383194,20.296393
2212,1,2,1,13.502665,2.632707,0.557742,0.812579,0.694856,0.342603,0.984055,0.476763,20.162511
2213,1,2,1,10.632031,2.633052,0.558080,0.816381,0.695329,0.338314,0.984313,0.387520,17.205182
2214,0,2,0,14.146621,2.631256,0.561465,0.806529,0.695317,0.337569,0.996018,0.384892,20.715298
2215,1,2,1,11.454055,2.741071,0.571428,0.812253,0.699372,0.338554,0.981606,0.381255,18.138468
2216,1,2,1,10.273070,2.634708,0.715292,0.818850,0.701655,0.340055,0.983662,0.382099,17.010197
2217,0,2,0,13.779280,2.725901,0.573587,0.813347,0.695791,0.337267,0.981594,0.382603,20.452627
2218,1,2,1,11.441225,2.630117,0.560437,0.811452,0.842154,0.344259,0.984634,0.384985,18.156468
2219,1,2,1,13.152542,2.627895,0.561884,0.810271,0.845680,0.337981,0.996277,0.381267,19.877409
2220,1,2,1,11.203870,2.635655,0.564886,0.813212,0.695324,0.339175,0.985631,0.486714,17.884991
2221,1,2,1,13.367840,2.630917,0.564658,0.816160,0.697194,0.340591,0.983575,0.507108,20.067846
2222,1,2,1,12.948024,2.631870,0.562793,0.811637,0.699655,0.338960,0.989028,0.385563,19.625298
2223,1,2,1,11.443107,2.630788,0.568732,0.812172,0.694578,0.337440,0.996289,0.380443,18.024504
2224,1,2,1,11.865704,2.638652,0.566031,0.810147,0.700787,0.335151,0.996160,0.384419,18.457003
2225,1,2,1,10.673440,2.729846,0.568099,0.815920,0.703021,0.338123,0.993458,0.376277,17.358031
2226,0,2,0,13.558745,2.730579,0.570080,0.813194,0.699250,0.341016,0.982295,0.381963,20.235083
2227,1,2,1,11.262215,2.628142,0.561982,0.815427,0.806554,0.337231,0.978966,0.384043,17.934456
2228,1,2,1,13.572228,2.627396,0.566609,0.905766,0.703341,0.340376,0.982954,0.383059,20.240548
2229,1,2,1,10.826406,2.628597,0.566068,0.811532,0.695249,0.338720,0.986984,0.476652,17.492000
2230,0,2,0,13.711870,2.630375,0.562407,0.810258,0.700831,0.340782,0.990609,0.406542,20.310264
2231,0,2,0,13.767224,2.627797,0.567711,0.811889,0.694505,0.338874,0.985950,0.404270,20.358855
2232,0,2,0,13.461698,2.627218,0.563132,0.811410,0.699452,0.337914,0.989477,0.407489,20.056696
2233,0,2,0,13.864049,2.632240,0.565816,0.805969,0.694536,0.432246,0.983981,0.384991,20.524547
2234,1,2,1,11.673748,2.634456,0.564794,0.811342,0.689335,0.337538,0.983132,0.672800,18.527243
2235,1,2,1,10.686689,2.632640,0.573015,0.814430,0.690916,0.336597,0.980480,0.385724,17.257693
2236,1,2,1,13.646585,2.633280,0.567213,0.807926,0.698302,0.338320,0.995877,0.386369,20.228837
2237,1,2,1,10.631114,2.763255,0.575219,0.810757,0.697883,0.335459,0.981877,0.385212,17.339514
2238,1,2,1,11.719643,2.629440,0.696924,0.812609,0.700973,0.338418,0.987507,0.381095,18.425920
2239,1,2,1,11.591877,2.632468,0.571058,0.811452,0.812997,0.337754,0.981889,0.381126,18.280775
2240,1,2,0,12.330960,2.631742,0.564418,0.815495,0.691846,0.344818,0.989772,0.406117,18.934375
2241,1,2,1,11.654622,2.634258,0.563243,0.810738,0.703753,0.340984,0.979236,0.383015,18.228775
2242,1,2,1,11.287397,2.628585,0.564265,0.811760,0.689927,0.340880,0.982375,0.386547,17.850825
2243,0,2,0,13.920147,2.631711,0.567693,0.810744,0.693717,0.337034,0.982560,0.380856,20.483489
2244,1,2,1,10.637483,2.734547,0.563902,0.814043,0.699133,0.335877,0.985077,0.382831,17.309877
2245,1,2,1,11.370172,2.629982,0.655261,0.823293,0.705631,0.334831,0.985003,0.385495,18.052775
2246,0,2,0,13.835791,2.726332,0.575354,0.811114,0.692302,0.338652,0.985188,0.381218,20.504031
2247,1,2,1,11.684412,2.630092,0.566616,0.813994,0.812713,0.340523,0.984750,0.381316,18.375267
2248,1,2,1,11.150190,2.629373,0.563907,0.809348,0.695046,0.339274,0.982037,0.494431,17.822468
2249,0,2,0,13.493520,2.630098,0.562751,0.816333,0.698092,0.340129,0.988123,0.420658,20.115582
2250,1,2,1,11.305471,2.626000,0.569040,0.813495,0.701619,0.338904,0.981729,0.386129,17.881932
2251,1,2,1,13.527637,2.633157,0.567070,0.812837,0.697594,0.337274,0.994979,0.386049,20.115822
2252,1,2,1,11.743582,2.639828,0.566105,0.806160,0.688370,0.341477,0.994960,0.382044,18.318431
2253,1,2,1,13.688369,2.628954,0.569452,0.810344,0.700074,0.336302,0.997896,0.383950,20.274154
2254,1,2,1,13.554473,2.626307,0.563557,0.809957,0.699157,0.339784,0.979988,0.380874,20.113550
2255,1,2,1,13.379304,2.631126,0.568621,0.810277,0.696012,0.340148,0.983600,0.382462,19.950166
2256,1,2,1,13.608474,2.635237,0.566646,0.807545,0.695176,0.338370,0.983951,0.385169,20.179342
2257,1,2,1,13.821661,2.630258,0.566363,0.809508,0.693520,0.341625,0.995846,0.378056,20.394142
2258,1,2,1,10.737619,2.748332,0.571274,0.817533,0.697280,0.342450,0.987096,0.383661,17.443077
2259,1,2,0,13.750148,2.729539,0.563772,0.810455,0.695600,0.333157,0.993963,0.380043,20.419305
2260,1,2,1,11.224406,2.754394,0.570744,0.817920,0.691920,0.337250,0.995864,0.386634,17.940215
2261,1,2,1,10.761846,2.630419,0.568917,0.809705,0.699053,0.438388,0.981181,0.385594,17.436627
2262,1,2,1,13.573920,2.632683,0.565193,0.816425,0.801502,0.339065,0.984603,0.380689,20.251084
2263,1,2,1,10.707280,2.629760,0.565828,0.810505,0.699421,0.339452,0.982917,0.386197,17.278333
2264,1,2,1,13.789489,2.628738,0.562068,0.809711,0.698296,0.336985,0.990289,0.386185,20.359428
2265,0,2,0,13.872813,2.628954,0.567803,0.808147,0.695859,0.335046,0.981520,0.491687,20.538935
2266,0,2,0,13.683944,2.629470,0.568184,0.810647,0.691194,0.339655,0.993224,0.409538,20.283791
2267,1,2,1,11.256634,2.632012,0.562357,0.806689,0.697686,0.336314,0.993975,0.377692,17.823754
2268,1,2,1,13.725704,2.632578,0.564333,0.810578,0.694769,0.336320,0.984277,0.377096,20.283594
2269,1,2,1,11.352332,2.633360,0.564966,0.809120,0.699951,0.336640,0.984098,0.386375,17.925292
2270,1,2,1,10.681021,2.727760,0.568707,0.807791,0.692505,0.339828,0.981871,0.379963,17.338548
2271,1,2,1,12.797298,2.714006,0.602560,0.811748,0.691108,0.338258,0.982326,0.382990,19.486148
2272,0,2,0,13.264966,2.712061,0.616751,0.811163,0.696750,0.338148,0.989833,0.382930,19.977772
2273,1,2,1,13.195514,2.632782,0.607532,0.816665,0.695200,0.337803,0.994990,0.377976,19.894271
2274,1,2,1,11.492886,2.633631,0.568622,0.821390,0.827083,0.337933,0.985594,0.382923,18.208437
2275,1,2,1,10.773581,2.629606,0.568856,0.811231,0.692775,0.342560,0.981366,0.384259,17.341372
2276,1,2,0,13.957748,2.632553,0.563613,0.810338,0.698824,0.340228,0.982173,0.500467,20.645336
2277,0,2,0,13.403090,2.628683,0.572369,0.813428,0.689207,0.338418,1.057927,0.419668,20.085348
2278,1,2,1,13.277329,2.638018,0.568726,0.816209,0.698142,0.341053,1.018363,0.418265,19.938455
2279,1,2,1,10.769550,2.634591,0.567748,0.813846,0.694806,0.341391,0.994769,0.381717,17.353083
2280,1,2,1,11.310880,2.728227,0.568603,0.814418,0.696985,0.338769,0.990252,0.383816,17.990917
2281,1,2,1,10.799797,2.630363,0.661600,0.809378,0.704333,0.337895,0.980431,0.385933,17.467157
2282,1,2,1,10.731280,2.633495,0.561741,0.808584,0.699563,0.339520,0.982738,0.409532,17.325840
2283,1,2,1,10.616622,2.635016,0.568967,0.811883,0.699114,0.337896,0.984517,0.381834,17.194572
2284,1,2,0,13.034332,2.639988,0.564388,0.816184,0.693028,0.336160,0.996302,0.380800,19.618868
2285,1,2,1,13.672437,2.637287,0.565348,0.809428,0.698695,0.336590,0.997631,0.378862,20.257169
2286,1,2,1,13.783397,2.631957,0.565458,0.811090,0.693501,0.343588,0.980665,0.387944,20.354382
2287,1,2,1,11.556701,2.634357,0.565452,0.817625,0.701495,0.338425,0.985083,0.380701,18.137428
2288,1,2,1,13.593901,2.633618,0.561323,0.814203,0.693114,0.339716,0.987539,0.382221,20.163175
2289,0,2,0,13.752536,2.629803,0.565809,0.808910,0.693575,0.337821,0.994412,0.386381,20.328012
2290,1,2,1,11.231083,2.735594,0.572812,0.805059,0.701987,0.333988,0.985920,0.375612,17.905255
2291,1,2,1,11.434893,2.628511,0.672455,0.819557,0.700794,0.338652,0.984450,0.382634,18.124369
2292,0,2,0,14.232831,2.722068,0.566843,0.809711,0.700074,0.333342,0.981310,0.383729,20.889465
2293,1,2,1,12.884738,2.724855,0.567274,0.808388,0.698757,0.335704,0.995927,0.378283,19.554733
2294,1,2,1,10.758892,2.628683,0.572387,0.811656,0.698690,0.444806,0.983416,0.397532,17.454948
2295,1,2,1,13.754302,2.629151,0.563434,0.812947,0.819194,0.338849,0.983428,0.384862,20.448529
2296,1,2,1,10.732818,2.632369,0.564264,0.815939,0.690326,0.341693,0.990702,0.380990,17.310739
2297,1,2,1,13.620037,2.631028,0.561360,0.815212,0.697840,0.342584,0.984185,0.382769,20.193920
2298,1,2,1,9.371994,2.767415,0.566382,0.817188,0.702763,0.339766,0.986739,0.383674,16.095236
2299,1,2,1,11.239310,2.632819,0.662911,0.804424,0.699834,0.340363,0.996252,0.379877,17.913477
2300,1,2,1,10.739810,2.632061,0.567976,0.810295,0.694615,0.340677,1.084024,0.400333,17.429219
2301,0,2,0,13.349471,2.628707,0.567181,0.811058,0.695895,0.449661,0.986671,0.397033,20.044301
2302,1,2,1,10.701686,2.633987,0.562542,0.816111,0.697231,0.340098,0.981908,0.384320,17.276055
2303,1,2,1,11.796781,2.632948,0.567896,0.803514,0.688080,0.337200,0.995545,0.384480,18.361988
2304,0,2,0,13.780037,2.631926,0.569569,0.811920,0.695139,0.340074,0.986394,0.384154,20.355717
2305,1,2,1,11.273102,2.730813,0.571773,0.810886,0.692240,0.340049,0.982406,0.381212,17.944412
2306,1,2,1,10.671304,2.627495,0.568012,0.927342,0.696535,0.341342,0.988751,0.385963,17.365600
2307,1,2,1,13.559157,2.632566,0.662966,0.833323,0.704757,0.336553,0.987908,0.381630,20.262393
2308,1,2,1,11.476547,2.633452,0.568252,0.812960,0.691003,0.443539,0.985920,0.390923,18.162671
2309,1,2,1,13.495126,2.629034,0.575908,0.810339,0.798825,0.342394,0.995273,0.387704,20.199114
2310,1,2,1,11.646381,2.631698,0.569065,0.812954,0.694769,0.340240,0.983514,0.527440,18.371144
2311,1,2,1,10.775385,2.629908,0.563471,0.818172,0.697852,0.338104,0.981631,0.381126,17.343034
2312,1,2,1,11.397169,2.733071,0.572351,0.817274,0.699723,0.341545,0.985649,0.384258,18.092948
2313,1,2,1,12.127613,2.737717,0.571495,0.814671,0.692566,0.335373,0.982006,0.382536,18.800954
2314,1,2,1,13.576794,2.753975,0.568782,0.812695,0.699951,0.340781,0.985853,0.380739,20.278634
2315,1,2,1,10.657606,2.629982,0.565471,0.909323,0.707520,0.340708,0.985058,0.386480,17.345317
2316,1,2,1,10.744098,2.631643,0.558412,0.815021,0.696166,0.339896,0.984086,0.481151,17.409877
2317,1,2,1,10.831255,2.628000,0.561391,0.816264,0.692216,0.337095,0.979581,0.379724,17.384234
2318,1,2,1,10.713083,2.738043,0.564652,0.806923,0.696418,0.340923,0.996535,0.381840,17.399619
2319,1,2,1,10.635514,2.627348,0.569619,0.812972,0.853970,0.341655,0.980468,0.382498,17.366794
2320,1,2,1,14.331914,2.632006,0.676179,0.817120,0.695594,0.336942,0.987803,0.384295,21.018283
2321,1,2,1,11.274985,2.629717,0.570345,0.816160,0.697649,0.446203,0.985864,0.409163,17.990547
2322,1,2,1,11.184234,2.629409,0.565871,0.818062,0.699957,0.335884,0.986714,0.383692,17.762843
2323,1,2,1,10.777704,2.634178,0.570591,0.812960,0.698240,0.341557,0.983219,0.382726,17.362652
2324,1,2,1,12.315176,2.754610,0.569397,0.812388,0.694283,0.342615,0.982628,0.382930,19.013994
2325,1,2,1,13.531526,2.727594,0.567194,0.812498,0.695680,0.339305,0.983366,0.384474,20.203231
2326,1,2,1,11.685471,2.731840,0.571717,0.810640,0.701410,0.341433,0.996350,0.381021,18.380492
2327,1,2,1,13.356068,2.764529,0.569064,0.816111,0.692757,0.339526,0.985009,0.379735,20.060997
2328,1,2,1,10.658203,2.633083,0.567335,0.816979,0.810320,0.341920,0.987273,0.384018,17.355576
2329,1,2,1,13.534892,2.627200,0.562061,0.816197,0.798197,0.339625,0.984775,0.381385,20.203686
2330,1,2,1,13.538418,2.629895,0.563249,0.936246,0.707434,0.341256,0.987520,0.382345,20.245575
2331,1,2,1,13.548381,2.631532,0.565261,0.937354,0.703336,0.340720,0.984609,0.386646,20.258972
2332,1,2,1,10.730757,2.630197,0.560382,0.813009,0.694123,0.338554,1.053194,0.405723,17.384984
2333,1,2,1,11.182757,2.632136,0.565520,0.813292,0.694776,0.338221,0.979901,0.382818,17.751594
2334,1,2,1,10.732468,2.734437,0.570492,0.811551,0.698942,0.335618,0.981557,0.382744,17.405157
2335,1,2,1,10.656246,2.631508,0.568707,0.927723,0.702634,0.337766,0.984234,0.381262,17.354375
2336,0,2,0,13.891089,2.634049,0.677280,0.805347,0.696985,0.337532,0.984393,0.388825,20.571840
2337,1,2,1,11.490825,2.633471,0.566609,0.810222,0.821950,0.338818,0.996572,0.383070,18.200579
2338,1,2,1,11.207834,2.633317,0.566080,0.814301,0.694357,0.341963,0.985871,0.379618,17.863323
2339,1,2,1,10.708714,2.632916,0.571637,0.813249,0.699914,0.336867,0.981723,0.381176,17.286813
2340,1,2,1,13.800160,2.627976,0.567754,0.809988,0.694739,0.342172,0.982215,0.382252,20.364775
2341,1,2,0,13.477970,2.634092,0.567133,0.808363,0.696664,0.337828,0.983156,0.382911,20.049452
2342,1,2,1,13.446856,2.627883,0.563514,0.818080,0.703871,0.339452,0.982129,0.384314,20.025249
2343,1,2,1,12.200628,2.630394,0.568665,0.818271,0.696487,0.336166,0.981741,0.380634,18.771655
2344,1,2,1,13.656726,2.629680,0.566080,0.812277,0.694222,0.337169,0.987243,0.380819,20.224573
2345,1,2,1,10.818387,2.727723,0.566541,0.813593,0.690837,0.340991,0.991310,0.381600,17.488504
2346,1,2,1,13.574043,2.753317,0.566462,0.814307,0.694579,0.337231,0.989557,0.386006,20.275902
2347,1,2,1,13.468615,2.723729,0.568006,0.817163,0.693834,0.342640,0.980216,0.381428,20.137896
2348,1,2,0,13.846307,2.745182,0.564800,0.815477,0.695058,0.337951,0.982720,0.381532,20.528258
2349,1,2,1,10.814265,2.627902,0.683643,0.827040,0.699304,0.336492,0.995403,0.386757,17.530154
2350,0,2,0,13.638609,2.631040,0.660862,0.807618,0.692695,0.337569,0.982117,0.381360,20.288800
2351,1,2,1,11.306320,2.629187,0.573736,0.808314,0.695520,0.346259,0.984751,0.388677,18.001372
2352,1,2,1,10.607870,2.629907,0.561169,0.808504,0.699766,0.336523,0.985797,0.386332,17.173114
2353,1,2,1,11.613920,2.636406,0.565379,0.810185,0.701914,0.338104,0.985464,0.381643,18.189323
2354,1,2,1,13.639705,2.628615,0.566295,0.815896,0.696905,0.339470,0.990308,0.378080,20.213187
2355,1,2,1,11.321772,2.732733,0.566572,0.811403,0.695465,0.341114,0.984074,0.384523,17.997372
2356,1,2,1,13.690929,2.724917,0.564258,0.818720,0.695397,0.339169,0.982068,0.375846,20.349495
2357,1,2,1,10.812929,2.637317,0.659496,0.820781,0.698622,0.339305,0.996560,0.380080,17.504142
2358,1,2,1,10.710510,2.629391,0.565077,0.810905,0.691754,0.340714,0.989397,0.401822,17.298314
2359,1,2,1,11.178105,2.632474,0.564258,0.812455,0.699993,0.338585,0.994554,0.382904,17.762941
2360,0,2,0,13.754264,2.631440,0.558727,0.807070,0.692874,0.338947,0.984812,0.378049,20.305668
2361,1,2,0,13.817434,2.628283,0.571870,0.811065,0.701040,0.338289,0.987126,0.386166,20.397059
2362,1,2,1,10.745471,2.633003,0.564535,0.811710,0.695840,0.340283,0.982271,0.382030,17.313342
2363,1,2,0,13.829729,2.630160,0.568862,0.812511,0.698006,0.334271,0.981256,0.381975,20.394579
2364,0,2,0,14.003853,2.628653,0.565366,0.824073,0.692068,0.339157,0.983311,0.383846,20.578966
2365,1,2,1,11.665372,2.750874,0.568972,0.814381,0.696861,0.338770,0.983526,0.380351,18.361336
2366,1,2,0,12.711908,2.742129,0.568172,0.811182,0.696844,0.339360,0.985138,0.387077,19.402406
2367,1,2,1,13.557144,2.729256,0.572271,0.816012,0.699305,0.337538,0.982499,0.384210,20.236708
2368,1,2,1,10.318333,2.630265,0.674585,0.817649,0.701533,0.339366,0.990745,0.382099,17.015661
2369,1,2,1,10.628375,2.628935,0.566824,0.811083,0.698504,0.340960,0.983649,0.407809,17.229754
2370,1,2,1,10.622818,2.632812,0.567280,0.805533,0.692123,0.337963,0.983575,0.386056,17.185957
2371,1,2,1,11.410418,2.729748,0.568492,0.816055,0.696554,0.337951,0.981133,0.378652,18.079729
2372,1,2,1,10.639341,2.629262,0.679803,0.822720,0.700111,0.341932,0.984659,0.387360,17.342221
2373,0,2,0,13.261901,2.631914,0.681299,0.817686,0.703310,0.337268,0.982258,0.379557,19.953526
2374,1,2,1,10.763225,2.631803,0.565268,0.808738,0.692086,0.338505,0.981526,0.419021,17.359176
2375,1,2,1,13.619390,2.631255,0.565858,0.806505,0.693496,0.341224,0.996659,0.415385,20.232726
2376,1,2,1,13.466708,2.633778,0.565883,0.810025,0.696634,0.427176,0.996997,0.405772,20.163907
2377,1,2,1,10.737730,2.629059,0.565655,0.819993,0.698160,0.336689,0.980978,0.381550,17.307175
2378,1,2,1,13.541607,2.632006,0.563686,0.812874,0.696856,0.340726,0.988418,0.379163,20.109858
2379,1,2,1,11.103089,2.627145,0.561526,0.816646,0.697427,0.338850,0.983353,0.387865,17.674726
2380,1,2,1,10.601329,2.736942,0.568271,0.814517,0.700006,0.339250,0.995932,0.380670,17.293827
2381,0,2,1,13.560332,2.752714,0.571231,0.812031,0.694209,0.343169,0.991926,0.387785,20.274535
2382,1,2,1,10.678431,2.629704,0.562972,0.814191,0.786720,0.340893,0.986837,0.380628,17.340419
2383,1,2,1,10.296443,2.635544,0.567551,0.814942,0.693951,0.336634,0.983397,0.382782,16.868074
2384,1,2,1,11.825299,2.630449,0.562160,0.814862,0.693102,0.338788,0.986037,0.383415,18.389661
2385,1,2,1,10.793507,2.725459,0.572886,0.805298,0.699249,0.336978,0.995169,0.382763,17.471040
2386,1,2,1,10.699790,2.637440,0.564504,0.808277,0.815692,0.339594,0.984111,0.386277,17.397963
2387,1,2,1,13.560166,2.629932,0.564990,0.895305,0.723181,0.341729,0.986431,0.385053,20.250560
2388,1,2,1,10.757403,2.628499,0.565513,0.818412,0.698018,0.338967,0.985742,0.471151,17.423852
2389,1,2,1,11.394030,2.630578,0.568271,0.812247,0.698615,0.340117,0.986530,0.382769,17.975311
2390,1,2,1,12.883305,2.627976,0.570794,0.813575,0.694222,0.340806,0.983662,0.380486,19.447483
2391,1,2,1,10.711182,2.766788,0.575527,0.813022,0.696916,0.340449,0.984473,0.384271,17.429791
2392,1,2,1,13.455544,2.740307,0.562825,0.810701,0.697323,0.337606,0.989101,0.378480,20.128886
2393,1,2,0,13.689169,2.731741,0.572252,0.809760,0.692105,0.342554,0.995348,0.389526,20.380443
2394,1,2,1,11.486407,2.737594,0.574406,0.816425,0.694062,0.332787,0.988492,0.383138,18.172098
2395,1,2,0,12.505483,2.635748,0.568541,0.926277,0.702418,0.338339,0.996031,0.383329,19.218874
2396,1,2,1,11.240234,2.625594,0.562554,0.812302,0.690856,0.340523,0.987151,0.402573,17.823656
2397,1,2,1,13.429311,2.629144,0.566185,0.813477,0.697090,0.340123,0.987557,0.405705,20.029040
2398,1,2,1,10.820677,2.634283,0.557126,0.808000,0.690695,0.336117,0.982818,0.386929,17.374652
2399,0,2,0,14.123379,2.633003,0.573551,0.817034,0.700123,0.340621,0.980209,0.383126,20.708868
2400,1,2,1,13.714135,2.628553,0.562855,0.813101,0.698388,0.340733,0.992351,0.383379,20.290136
2401,1,2,1,10.885421,2.631390,0.570043,0.820899,0.698800,0.337058,0.981342,0.389040,17.470695
2402,1,2,1,13.659557,2.627859,0.569551,0.814732,0.695304,0.343766,0.988265,0.381010,20.236997
2403,1,2,0,11.002327,2.735163,0.570111,0.810123,0.699410,0.338356,0.981864,0.382443,17.676812
2404,1,2,1,10.784929,2.636579,0.563951,0.921846,0.701267,0.338215,0.997890,0.384247,17.486677
2405,1,2,1,12.459883,2.629797,0.562923,0.811329,0.812037,0.339975,0.981760,0.384154,19.143636
2406,1,2,1,13.194831,2.629637,0.567649,0.813643,0.803477,0.338240,0.983908,0.385563,19.876283
2407,1,2,1,11.187526,2.635323,0.560166,0.817385,0.702271,0.336960,0.996191,0.383268,17.867539
2408,1,2,1,10.719551,2.629126,0.563113,0.809330,0.697452,0.336757,0.982966,0.382252,17.277575
2409,1,2,1,10.734307,2.731496,0.569625,0.813809,0.691994,0.334646,0.983581,0.385390,17.407834
2410,1,2,0,13.549594,2.748455,0.565797,0.811415,0.694972,0.339976,0.985514,0.381575,20.234750
2411,1,2,1,11.211096,2.625687,0.569059,0.939311,0.701766,0.337840,0.995852,0.379637,17.920640
2412,1,2,1,13.488861,2.628824,0.566548,0.946628,0.704136,0.336326,0.995163,0.382972,20.209046
2413,1,2,1,10.624455,2.630775,0.562443,0.816898,0.691182,0.337212,0.996006,0.420037,17.238616
2414,1,2,1,11.509730,2.632671,0.563785,0.818332,0.691046,0.342080,0.982646,0.380591,18.075132
2415,1,2,1,11.548633,2.627877,0.566985,0.817717,0.693507,0.338929,0.983600,0.382578,18.116763
2416,1,2,1,12.010258,2.728511,0.568609,0.810375,0.691871,0.339569,0.987588,0.385945,18.682997
2417,1,2,0,13.358393,2.728689,0.571588,0.820948,0.696326,0.336535,0.983545,0.380732,20.036707
2418,1,2,1,13.495144,2.725514,0.566320,0.811705,0.703163,0.335902,0.984130,0.383840,20.160019
2419,0,2,1,13.701754,2.728536,0.573834,0.816376,0.695895,0.337656,0.985268,0.381262,20.379471
2420,1,2,1,13.606259,2.631630,0.565582,0.811834,0.693028,0.339791,0.993950,0.387231,20.187003
2421,1,2,1,10.760468,2.726979,0.572670,0.813957,0.699742,0.340369,0.994597,0.382467,17.450856
2422,1,2,0,13.722677,2.724794,0.570713,0.812806,0.698062,0.335366,0.980658,0.379083,20.383655
2423,1,2,1,10.808658,2.625490,0.574382,0.809181,0.802689,0.338911,0.982954,0.384184,17.488049
2424,1,2,1,10.609742,2.628123,0.565323,0.812634,0.693040,0.341569,0.983569,0.384467,17.175612
2425,1,2,1,10.860498,2.633347,0.564597,0.815649,0.696579,0.336006,0.982056,0.385877,17.431815
2426,1,2,1,13.697544,2.627292,0.560572,0.816006,0.693988,0.338061,0.986357,0.382658,20.259951
2427,1,2,1,12.612573,2.650972,0.564382,0.815859,0.700892,0.335453,0.982763,0.381446,19.210167
2428,1,2,1,10.606142,2.737889,0.578554,0.814486,0.695010,0.333070,0.981883,0.378689,17.285994
2429,1,2,1,11.522276,2.629981,0.567545,0.812024,0.843120,0.340424,0.987071,0.387797,18.255034
2430,1,2,1,11.199735,2.628387,0.560640,0.806296,0.687822,0.342092,0.986492,0.503188,17.873164
2431,1,2,1,10.718812,2.633588,0.567120,0.815440,0.697501,0.342338,0.997932,0.379434,17.310862
2432,1,2,1,10.758818,2.726474,0.564960,0.813754,0.698843,0.342468,0.986406,0.382621,17.430105
2433,1,2,1,10.824270,2.631354,0.562462,0.910929,0.705606,0.337779,0.984868,0.384031,17.500542
2434,1,2,1,10.644911,2.630745,0.566412,0.816431,0.690942,0.340855,0.988381,0.468270,17.306997
2435,1,2,1,12.087353,2.634080,0.567551,0.814781,0.695452,0.337938,0.979932,0.382646,18.663120
2436,0,2,0,13.894806,2.627618,0.567698,0.815957,0.702603,0.338166,0.983077,0.382874,20.469206
2437,1,2,1,10.735391,2.635723,0.567409,0.816184,0.697403,0.340295,0.985933,0.381373,17.318548
2438,1,2,0,13.828474,2.633095,0.562197,0.805520,0.691816,0.338197,0.981975,0.382634,20.381089
2439,1,2,1,10.672080,2.765206,0.569674,0.814917,0.702868,0.338167,0.982037,0.384019,17.386320
2440,1,2,1,13.595341,2.727477,0.566670,0.812541,0.692326,0.338363,0.987471,0.376727,20.254530
2441,1,2,1,11.179385,2.630892,0.569236,0.927822,0.703643,0.336689,0.994677,0.383471,17.886541
2442,0,2,0,13.420449,2.633040,0.562406,0.949914,0.701662,0.339034,0.989643,0.381883,20.137723
2443,1,2,1,10.802067,2.627699,0.559107,0.813010,0.701114,0.341329,0.991083,0.404000,17.401717
2444,0,2,0,13.841902,2.632339,0.562492,0.813790,0.693496,0.341976,0.983587,0.404400,20.432603
2445,1,2,1,10.217588,2.627982,0.560726,0.813089,0.695976,0.336554,0.983237,0.384191,16.778843
2446,1,2,1,13.618739,2.632160,0.567563,0.808338,0.701459,0.337600,0.980327,0.385668,20.185415
2447,1,2,1,11.580203,2.726978,0.568117,0.807544,0.696726,0.337551,0.981187,0.380530,18.243532
2448,1,2,1,13.675661,2.637169,0.566867,0.816363,0.699421,0.334295,0.990800,0.378148,20.254868
2449,1,2,1,13.572338,2.630942,0.562462,0.812609,0.696449,0.339188,0.983274,0.377951,20.132142
2450,1,2,1,13.481489,2.629250,0.562357,0.809988,0.699760,0.335920,0.983735,0.381077,20.040997
2451,1,2,1,13.603736,2.629895,0.560560,0.814222,0.703982,0.339532,0.980831,0.380806,20.171391
2452,1,2,1,11.623533,2.730492,0.568184,0.807667,0.697175,0.337711,0.983569,0.383317,18.292843
2453,1,2,1,11.456221,2.628972,0.682425,0.813416,0.697545,0.336443,0.981914,0.384430,18.141834
2454,1,2,1,11.474530,2.630733,0.566209,0.816455,0.823464,0.340031,0.985551,0.382659,18.180215
2455,1,2,1,11.809126,2.636333,0.567366,0.814271,0.700609,0.336966,1.071003,0.433022,18.530929
2456,1,2,1,13.537649,2.627471,0.566320,0.812185,0.695268,0.338350,0.986037,0.419114,20.144462
2457,1,2,1,10.771262,2.632098,0.570739,0.806523,0.697311,0.343207,0.984616,0.378776,17.341908
2458,1,2,1,10.305114,2.757267,0.564590,0.806972,0.695507,0.337034,0.988757,0.381311,16.997538
2459,1,2,1,10.714763,2.630265,0.570154,0.910160,0.696332,0.343034,0.981428,0.383803,17.390215
2460,1,2,1,10.657673,2.635274,0.561766,0.815588,0.698954,0.338849,0.981366,0.500018,17.347526
2461,1,2,1,11.243551,2.632080,0.564948,0.810480,0.695932,0.339526,0.980024,0.384080,17.807951
2462,0,2,0,13.848707,2.635471,0.568978,0.805163,0.698468,0.342123,0.981563,0.380486,20.417698
2463,1,2,1,10.617877,2.738948,0.571582,0.813988,0.695507,0.337163,0.983323,0.375748,17.291544
2464,1,2,1,13.673317,2.732345,0.564295,0.812233,0.696135,0.334782,0.984665,0.382123,20.339582
2465,1,2,1,10.687908,2.635913,0.683987,0.812769,0.697489,0.338142,0.981655,0.384148,17.378382
2466,0,2,0,13.702486,2.725157,0.570892,0.813551,0.691760,0.338535,0.985095,0.381458,20.368154
2467,0,2,0,13.707175,2.731723,0.569748,0.816548,0.700203,0.335957,0.980498,0.384917,20.386074
2468,0,2,0,13.968357,2.721840,0.566947,0.817102,0.691877,0.340000,0.979422,0.384123,20.628517
2469,1,2,1,11.152135,2.634227,0.570394,0.943538,0.708184,0.337083,0.981273,0.381157,17.866627
2470,1,2,1,13.554800,2.627384,0.674658,0.818228,0.701243,0.338141,0.981883,0.382640,20.237964
2471,0,2,0,13.791440,2.721175,0.570708,0.804382,0.703932,0.339280,0.995114,0.387323,20.473520
2472,1,2,1,11.688338,2.633071,0.562671,0.892738,0.726148,0.341890,0.988105,0.382339,18.377656
2473,1,2,1,10.653464,2.629748,0.563169,0.810941,0.699009,0.338209,0.982813,0.381507,17.219901
2474,0,2,0,14.294548,2.633347,0.567354,0.812086,0.695434,0.335803,0.984770,0.413895,20.895089
2475,1,2,1,10.599852,2.629330,0.571673,0.810954,0.695003,0.341877,0.985631,0.384030,17.178043
2476,1,2,1,13.644443,2.631606,0.566800,0.815311,0.697741,0.340344,0.984375,0.387797,20.225550
2477,0,2,0,13.413563,2.630307,0.564487,0.815483,0.695575,0.340738,0.981409,0.379963,19.981544
2478,0,2,0,13.871489,2.631102,0.565145,0.811151,0.695754,0.338289,0.982683,0.377723,20.429772
2479,0,2,0,13.839384,2.626190,0.568788,0.812671,0.698227,0.339360,0.983748,0.388080,20.417895
2480,1,2,1,13.562061,2.633976,0.566892,0.807305,0.699619,0.341754,0.985459,0.380031,20.132831
2481,1,2,1,11.205096,2.633335,0.562720,0.818117,0.694523,0.334892,0.986782,0.377292,17.768554
2482,1,2,1,11.671600,2.729206,0.567858,0.816609,0.698197,0.342486,0.988831,0.383680,18.355951
2483,1,2,1,10.787501,2.630486,0.575877,0.946302,0.704843,0.339643,0.981323,0.382831,17.509027
2484,1,2,1,13.495994,2.628763,0.657181,0.816788,0.701508,0.334904,0.985902,0.383723,20.162787
2485,1,2,1,11.226012,2.631212,0.572824,0.812610,0.701686,0.423914,0.988136,0.391415,17.904997
2486,1,2,1,12.765188,2.628504,0.562720,0.812153,0.695379,0.339256,0.989975,0.413323,19.367126
2487,1,2,1,11.341865,2.638653,0.560966,0.810147,0.695791,0.337643,0.983452,0.385687,17.913268
2488,1,2,1,13.618929,2.633926,0.560197,0.813846,0.695452,0.337403,0.989342,0.382265,20.188449
2489,0,2,0,13.988824,2.630874,0.565735,0.816911,0.701581,0.339287,0.984178,0.378732,20.565748
2490,1,2,1,11.151329,2.634683,0.563341,0.811262,0.692899,0.337975,0.987243,0.379784,17.720800
2491,1,2,1,10.654086,2.733219,0.571667,0.809594,0.696136,0.338640,0.994659,0.381631,17.338116
2492,1,2,1,11.274412,2.630363,0.562764,0.923052,0.702887,0.338948,0.984610,0.382173,17.957736
2493,1,2,1,13.608677,2.633452,0.665772,0.819016,0.695797,0.340191,0.993003,0.382769,20.297619
2494,1,2,1,13.578917,2.629606,0.661187,0.807126,0.697249,0.336701,0.981932,0.381434,20.233600
2495,1,2,1,12.005126,2.628037,0.569267,0.918424,0.704301,0.339557,0.982234,0.383182,18.691901
2496,1,2,1,11.775311,2.631120,0.566227,0.809213,0.702111,0.338535,0.996099,0.403403,18.383133
2497,1,2,1,10.737157,2.631858,0.563895,0.817218,0.697827,0.336363,0.994080,0.386899,17.322812
2498,1,2,1,13.628812,2.630597,0.567403,0.807391,0.696529,0.335255,0.986074,0.383668,20.193366
2499,0,2,0,13.679378,2.632277,0.566074,0.815422,0.698055,0.340376,0.995600,0.380062,20.262049
2500,1,2,1,13.630862,2.631317,0.568714,0.816862,0.700954,0.337951,0.984788,0.381785,20.209963
2501,1,2,1,11.972037,2.631618,0.574911,0.813416,0.688092,0.339206,0.983261,0.382301,18.544376
2502,1,2,1,13.570443,2.631360,0.565083,0.814671,0.698757,0.337612,0.980671,0.383256,20.137741
2503,1,2,1,10.645132,2.733631,0.567920,0.813914,0.692960,0.338253,0.982406,0.382898,17.314997
2504,1,2,1,10.651661,2.632381,0.566880,0.911508,0.695871,0.335994,0.987373,0.383305,17.326258
2505,1,2,1,10.583698,2.627730,0.563373,0.812990,0.695077,0.336800,0.980923,0.496449,17.255490
2506,0,2,0,13.765883,2.630296,0.562979,0.811244,0.695243,0.337151,0.987495,0.401840,20.351822
2507,1,2,1,10.706923,2.634215,0.564646,0.807034,0.694683,0.340301,0.982338,0.382338,17.270492
2508,1,2,1,11.488548,2.725970,0.572437,0.812929,0.694173,0.336462,0.982018,0.384905,18.155280
2509,1,2,1,13.741717,2.661415,0.568653,0.810271,0.697815,0.339606,0.996210,0.381058,20.363274
2510,1,2,1,11.714437,2.936690,0.564830,0.814031,0.691489,0.337317,0.984185,0.386276,18.588210
2511,0,2,1,13.562055,2.724948,0.569009,0.806892,0.697194,0.336579,0.983508,0.385311,20.227095
2512,0,2,1,13.447864,2.738258,0.573083,0.818406,0.700049,0.334930,0.990616,0.381551,20.146683
2513,0,2,0,13.756948,2.725477,0.569453,0.809607,0.695902,0.336646,0.982646,0.384831,20.420129
2514,1,2,1,11.749464,2.729748,0.576351,0.810363,0.700499,0.339176,0.986123,0.385699,18.437501
2515,1,2,1,11.371212,2.634295,0.572892,0.926892,0.705274,0.338689,0.982449,0.386504,18.080056
2516,1,2,1,13.332055,2.631994,0.563200,0.931225,0.702750,0.341957,0.984141,0.385010,20.031804
2517,0,2,0,13.383446,2.623594,0.568142,0.928400,0.702135,0.339101,0.981083,0.384449,20.070037
2518,0,2,1,13.816535,2.631163,0.684911,0.817305,0.691532,0.334664,0.982289,0.379588,20.497495
2519,1,2,1,10.777698,2.632252,0.565976,0.809858,0.693071,0.339114,0.983372,0.415655,17.381219
2520,1,2,0,13.808197,2.633631,0.561336,0.816037,0.700160,0.438647,0.993236,0.393010,20.504037
2521,0,2,0,13.366892,2.627501,0.566154,0.815533,0.690135,0.356130,0.999046,0.391477,20.068523
2522,1,2,1,10.715840,2.629550,0.560978,0.806794,0.695440,0.341686,0.986702,0.382295,17.275908
2523,1,2,0,12.864117,2.631957,0.574431,0.808246,0.696948,0.343354,0.980695,0.385507,19.443182
2524,1,2,1,11.533797,2.631822,0.561618,0.809655,0.696733,0.340135,0.984745,0.381311,18.092800
2525,1,2,1,10.746948,2.725662,0.574966,0.804899,0.699077,0.337538,0.996314,0.384713,17.434867
2526,1,2,1,12.853950,2.629255,0.656824,0.816794,0.696117,0.339471,0.982511,0.383083,19.514462
2527,1,2,1,13.653299,2.750449,0.565175,0.809120,0.696695,0.342117,0.981102,0.384640,20.342781
2528,1,2,1,10.661336,2.631231,0.564271,0.811674,0.698184,0.444247,0.987532,0.386412,17.345169
2529,1,2,1,10.612973,2.633753,0.568973,0.810696,0.695447,0.339692,0.984757,0.379766,17.182400
2530,1,2,1,11.233452,2.627723,0.560942,0.811015,0.690357,0.340295,0.985182,0.376936,17.781052
2531,0,2,0,13.894757,2.630930,0.564443,0.808418,0.695009,0.334972,0.993668,0.382449,20.463643
2532,1,2,1,13.470487,2.631064,0.562572,0.813957,0.695280,0.338067,0.982308,0.387182,20.039754
2533,1,2,1,13.612880,2.629144,0.567113,0.809760,0.689649,0.341729,0.982302,0.381957,20.174363
2534,1,2,1,11.215311,2.723108,0.564936,0.815828,0.700160,0.337772,0.997809,0.386529,17.900123
2535,1,2,1,13.604394,2.744302,0.565865,0.811951,0.700240,0.339256,0.983403,0.383458,20.294326
2536,1,2,1,13.665219,2.721606,0.571797,0.809563,0.696067,0.336233,0.985256,0.379810,20.321292
2537,1,2,1,13.717378,2.637884,0.563852,0.808006,0.696172,0.338055,0.983138,0.382942,20.286240
2538,1,2,1,12.525791,2.725698,0.566573,0.814185,0.699606,0.338462,0.986431,0.384086,19.199508
2539,0,2,0,13.958880,2.673471,0.570061,0.814781,0.700326,0.339163,0.982474,0.387624,20.594320
2540,1,2,1,13.547193,2.632738,0.562837,0.814061,0.697009,0.337144,0.980929,0.383342,20.113717
2541,0,2,0,13.914973,2.633852,0.561379,0.815342,0.687840,0.336794,0.983581,0.380516,20.469834
2542,1,2,1,11.208301,2.720061,0.560111,0.809699,0.696332,0.337028,0.984843,0.386745,17.861471
2543,0,2,0,13.760690,2.769237,0.568320,0.807809,0.695489,0.336363,0.992517,0.471354,20.566437
2544,1,2,1,13.518376,2.735748,0.573077,0.811298,0.697858,0.337434,0.987772,0.383735,20.204572
2545,1,2,0,13.599403,2.726813,0.572523,0.818769,0.694751,0.339637,0.996357,0.378941,20.285434
2546,0,2,0,14.015551,2.629341,0.567280,0.817502,0.693588,0.340990,0.988289,0.390536,20.601809
2547,1,2,1,12.479501,2.738013,0.565661,0.812148,0.695594,0.341760,0.982960,0.387176,19.160467
2548,1,2,1,9.403126,2.629631,0.567699,0.911797,0.706788,0.336788,0.982553,0.384904,16.081969
2549,1,2,1,13.608043,2.634683,0.569434,0.911834,0.703865,0.341225,0.984861,0.386018,20.299520
2550,1,2,1,13.741329,2.628923,0.652855,0.824462,0.696622,0.339717,0.993871,0.383385,20.416935
2551,1,2,1,13.581667,2.631957,0.666425,0.812652,0.695975,0.340295,0.996615,0.385920,20.273490
2552,1,2,0,14.055058,2.733507,0.568596,0.814043,0.694942,0.341840,0.989298,0.385576,20.741114
2553,1,2,1,10.687280,2.631218,0.568400,0.814000,0.798314,0.340093,0.985416,0.385471,17.369520
2554,1,2,1,13.526738,2.630806,0.567076,0.809901,0.797520,0.334203,0.988129,0.384745,20.196707
2555,1,2,1,11.752123,2.632720,0.566646,0.807280,0.694904,0.339711,0.989514,0.398874,18.343342
2556,1,2,1,13.096794,2.630886,0.559686,0.816338,0.690800,0.339298,1.029096,0.405957,19.724018
2557,1,2,1,13.504966,2.634271,0.565661,0.816345,0.700308,0.336997,0.995982,0.410154,20.126400
2558,1,2,1,13.606633,2.631545,0.563581,0.812462,0.695009,0.334960,0.992806,0.402984,20.198948
2559,1,2,1,10.722658,2.626099,0.564751,0.808388,0.696215,0.341293,0.982302,0.383366,17.281944
2560,1,2,1,10.646498,2.733243,0.563587,0.810258,0.695477,0.339040,0.984450,0.380301,17.311742
2561,1,2,1,10.998116,2.640135,0.645846,0.815544,0.699477,0.331225,0.997133,0.382110,17.669729
2562,0,2,0,12.958831,2.632197,0.567237,0.947970,0.700825,0.338726,0.986530,0.383329,19.671742
2563,1,2,1,10.751545,2.631760,0.564461,0.812160,0.693138,0.341053,1.001384,0.415704,17.371267
2564,1,2,1,12.604560,2.634099,0.564985,0.812493,0.690819,0.338271,0.982351,0.381292,19.167108
2565,1,2,1,11.871397,2.630941,0.570806,0.809717,0.691858,0.341212,0.981631,0.383249,18.439237
2566,0,2,1,13.722289,2.636123,0.567711,0.812486,0.698388,0.338141,0.986554,0.382855,20.304443
2567,0,2,0,13.747526,2.631557,0.573298,0.819993,0.697723,0.341613,0.985655,0.378899,20.335176
2568,1,2,1,13.573176,2.636769,0.564301,0.819982,0.689477,0.341126,0.988775,0.384449,20.152775
2569,1,2,1,10.790973,2.643299,0.565495,0.813410,0.696788,0.338923,0.983292,0.382984,17.370695
2570,1,2,1,10.750227,2.732314,0.568658,0.809483,0.695871,0.340757,0.983366,0.382591,17.424714
2571,1,2,1,11.569779,2.630524,0.562646,0.816135,0.800991,0.342966,0.983040,0.381169,18.246640
2572,0,2,0,13.285385,2.628702,0.563809,0.809298,0.797391,0.336917,0.983852,0.382431,19.948486
2573,1,2,1,12.868683,2.634578,0.563348,0.818855,0.802486,0.340868,0.982960,0.384782,19.556387
2574,1,2,1,10.646966,2.623858,0.564670,0.814837,0.697932,0.340173,0.982899,0.384991,17.212474
2575,1,2,1,13.629120,2.634018,0.562597,0.813840,0.696793,0.336658,0.994991,0.379047,20.209661
2576,1,2,1,11.854923,2.638025,0.561705,0.813114,0.691323,0.335742,0.988530,0.384560,18.425397
2577,1,2,1,10.733514,2.809243,0.578781,0.809643,0.696947,0.331138,0.990375,0.413126,17.530234
2578,1,2,1,13.733483,2.734701,0.582856,0.826628,0.722277,0.370769,0.992659,0.398043,20.533065
2579,1,2,1,10.076098,2.656375,0.598449,0.911157,0.714708,0.332019,0.983077,0.380419,16.814394
2580,1,2,1,13.558597,2.633200,0.713329,0.820498,0.699101,0.339336,0.981840,0.382480,20.288892
2581,1,2,1,10.791686,2.629982,0.570837,0.816892,0.694443,0.340031,0.984646,0.418012,17.408277
2582,1,2,1,13.597353,2.632209,0.567618,0.815157,0.692400,0.341059,1.002819,0.414437,20.315840
2583,1,2,1,10.756265,2.628942,0.571858,0.815342,0.692554,0.340954,0.995034,0.381637,17.340997
2584,1,2,1,10.636824,2.745163,0.563877,0.814547,0.700345,0.342443,0.990812,0.385520,17.337187
2585,1,2,1,10.590603,2.633323,0.659490,0.816874,0.698776,0.342899,0.997600,0.384110,17.282154
2586,1,2,1,11.482184,2.630320,0.565637,0.807446,0.691311,0.348450,0.992209,0.389323,18.151779
2587,1,2,1,13.575212,2.629711,0.567200,0.816068,0.804720,0.343650,0.984221,0.383077,20.266209
2588,1,2,1,13.402148,2.632105,0.559083,0.815501,0.799133,0.337040,0.980173,0.383594,20.070210
2589,1,2,1,13.594837,2.629551,0.565957,0.921507,0.700954,0.338296,0.982111,0.382696,20.274856
2590,1,2,1,11.275883,2.638295,0.558037,0.808326,0.696191,0.339379,0.986701,0.404973,17.865680
2591,1,2,1,10.751139,2.630972,0.561311,0.802209,0.690960,0.337736,0.982375,0.384178,17.299034
2592,1,2,1,13.538259,2.631108,0.565169,0.812006,0.697544,0.337877,0.989994,0.382055,20.108960
2593,1,2,1,12.547674,2.631932,0.567649,0.812056,0.696443,0.339022,0.985520,0.380233,19.120812
2594,1,2,1,13.650967,2.632067,0.558893,0.808793,0.693034,0.335754,0.987582,0.384603,20.208308
2595,1,2,1,13.550240,2.633950,0.565286,0.813544,0.700062,0.338893,0.980136,0.383010,20.124726
2596,1,2,1,13.631347,2.631028,0.559083,0.805889,0.697643,0.341151,0.986086,0.387114,20.197107
2597,1,2,1,10.685551,2.724640,0.572886,0.808622,0.698714,0.332197,0.979686,0.380947,17.345120
2598,1,2,0,13.790480,2.738191,0.569452,0.812351,0.695625,0.340252,0.980972,0.381563,20.467754
2599,1,2,1,11.708406,2.746634,0.572910,0.817052,0.696246,0.337145,0.984289,0.382191,18.405224
2600,1,2,1,11.676967,2.632590,0.562437,0.927033,0.708444,0.339434,0.989859,0.384326,18.380142
2601,1,2,1,9.387286,2.630708,0.561409,0.813096,0.691034,0.336899,0.997686,0.382498,15.957015
2602,1,2,1,13.601107,2.626997,0.562277,0.812824,0.695415,0.337594,0.985619,0.384326,20.164622
2603,1,2,1,13.695176,2.626978,0.563188,0.818099,0.693446,0.341373,0.982573,0.384480,20.264462
2604,1,2,1,13.377409,2.628677,0.569877,0.808400,0.698080,0.338110,0.995661,0.381526,19.951625
2605,1,2,1,12.462954,2.630394,0.569970,0.816449,0.696874,0.337311,0.981034,0.380622,19.034209
2606,1,2,1,10.751846,2.735797,0.564917,0.812345,0.687969,0.342707,0.984947,0.382941,17.423114
2607,1,2,1,11.723059,2.726622,0.571790,0.804941,0.694750,0.337643,0.981372,0.380062,18.377760
2608,1,2,1,11.396443,2.627114,0.560147,0.915828,0.702024,0.340904,0.991132,0.380530,18.073181
2609,1,2,1,13.560363,2.627539,0.569938,0.914147,0.694117,0.341600,0.982191,0.382812,20.234363
2610,1,2,1,13.531107,2.627939,0.561649,0.994720,0.708099,0.335243,0.987421,0.386689,20.290123
2611,1,2,1,11.828148,2.629877,0.569396,0.811643,0.787458,0.343403,0.984308,0.385003,18.503760
2612,1,2,1,10.778086,2.631661,0.558056,0.818430,0.698326,0.339114,0.982831,0.382148,17.347711
2613,1,2,1,10.872086,2.632640,0.565853,0.813175,0.693132,0.338505,0.982190,0.382622,17.439533
2614,1,2,1,10.749415,2.743453,0.566966,0.816972,0.702991,0.336708,0.993132,0.383280,17.452972
2615,1,2,1,10.741286,2.629772,0.567754,0.819828,0.693914,0.473594,0.995206,0.389649,17.471870
2616,0,2,0,13.908160,2.628677,0.563945,0.817096,0.810855,0.340363,0.989009,0.385176,20.603231
2617,1,2,1,11.212720,2.634929,0.562868,0.810572,0.701846,0.343735,1.066523,0.429335,17.927200
2618,1,2,1,13.454419,2.626942,0.566831,0.805809,0.692191,0.340184,0.994025,0.418295,20.055994
2619,1,2,1,12.304178,2.629071,0.563920,0.802855,0.697218,0.337588,0.994751,0.384252,18.870228
2620,1,2,1,13.575089,2.625107,0.563526,0.812751,0.694246,0.338369,0.980400,0.383372,20.129901
2621,1,2,1,10.736400,2.628376,0.567034,0.815673,0.697379,0.341698,0.993071,0.384455,17.321194
2622,1,2,1,11.819083,2.725427,0.567114,0.818283,0.696400,0.339065,0.983250,0.386283,18.492474
2623,0,2,0,13.511890,2.730664,0.566228,0.812579,0.695840,0.338135,0.982683,0.380265,20.176228
2624,1,2,1,13.556578,2.726732,0.565169,0.811582,0.691409,0.336000,0.985452,0.382234,20.213908
2625,1,2,1,13.358351,2.726203,0.574025,0.812320,0.696117,0.343895,0.980369,0.381624,20.034148
2626,1,2,1,11.597090,2.736493,0.565366,0.809705,0.702437,0.335699,0.988154,0.381311,18.270056
2627,1,2,1,11.666708,2.628461,0.564954,0.935705,0.698603,0.339071,0.984216,0.381625,18.359981
2628,1,2,1,13.561378,2.632800,0.561138,0.909655,0.700947,0.338474,0.994972,0.384732,20.241144
2629,1,2,1,13.509385,2.632886,0.656763,0.819871,0.696486,0.338080,0.980160,0.383157,20.173859
2630,1,2,1,12.121760,2.632191,0.564960,0.814591,0.792302,0.333606,0.984984,0.381667,18.784763
2631,0,2,1,13.826449,2.634117,0.565348,0.924036,0.699422,0.338419,0.986652,0.384640,20.516892
2632,0,2,0,13.515982,2.628080,0.569273,0.924013,0.699619,0.340265,0.988837,0.381741,20.207354
2633,1,2,1,11.530689,2.630628,0.565766,0.811286,0.699477,0.429428,1.000068,0.393877,18.221293
2634,1,2,1,13.520523,2.634320,0.563428,0.821538,0.696456,0.346240,0.986468,0.383661,20.201858
2635,1,2,1,11.710750,2.630529,0.568683,0.817391,0.694769,0.339415,0.982653,0.487704,18.390874
2636,1,2,0,13.475710,2.632695,0.566812,0.814388,0.693526,0.336781,1.045858,0.402271,20.123519
2637,1,2,1,13.580720,2.632640,0.571200,0.815483,0.692142,0.334714,0.996997,0.399939,20.185896
2638,1,2,0,13.446560,2.630302,0.567631,0.809704,0.698535,0.336732,0.997348,0.402326,20.048745
2639,0,2,0,13.297317,2.634868,0.560800,0.811613,0.698135,0.337256,0.988013,0.405163,19.894319
2640,1,2,1,10.634320,2.631015,0.562578,0.809108,0.696800,0.336185,0.984880,0.386468,17.196468
2641,1,2,1,10.609286,2.728800,0.567440,0.816178,0.697662,0.333587,0.992745,0.378954,17.286628
2642,0,2,0,13.713089,2.728744,0.568320,0.812813,0.697533,0.338585,0.987698,0.380049,20.383637
2643,1,2,1,10.731347,2.630184,0.568603,0.961206,0.704806,0.336708,0.985865,0.390942,17.472824
2644,1,2,0,13.657101,2.633428,0.693108,0.809982,0.690738,0.331803,0.984664,0.384560,20.343102
2645,1,2,1,10.613384,2.633403,0.567311,0.811760,0.698314,0.338184,0.988640,0.411569,17.221717
2646,0,2,0,13.735304,2.630997,0.569428,0.817748,0.695305,0.457495,0.989563,0.400745,20.453101
2647,1,2,1,13.206935,2.635034,0.562363,0.818375,0.698837,0.447471,0.985330,0.397132,19.914702
2648,1,2,1,11.933576,2.632437,0.566227,0.811662,0.698787,0.338862,0.989415,0.524991,18.657588
2649,1,2,1,11.238215,2.631089,0.568148,0.814394,0.695508,0.340978,0.995262,0.381668,17.824886
2650,1,2,1,10.648967,2.745016,0.566301,0.815852,0.703495,0.335914,0.986892,0.380000,17.344431
2651,1,2,1,13.270492,2.727575,0.567988,0.817267,0.697673,0.337526,0.979797,0.386960,19.945988
2652,1,2,1,11.841305,2.724652,0.563593,0.814880,0.698972,0.338173,0.986947,0.382253,18.507391
2653,1,2,1,13.603889,2.732566,0.566621,0.811606,0.703034,0.337514,0.981822,0.381231,20.277766
2654,1,2,1,11.720117,2.632400,0.565852,0.921575,0.698019,0.343298,0.985212,0.386086,18.410419
2655,1,2,1,11.694333,2.627514,0.563840,0.811502,0.697662,0.334929,0.988984,0.403618,18.366812
2656,1,2,1,12.538862,2.630892,0.561464,0.811834,0.694098,0.338302,0.998308,0.412056,19.145840
2657,0,2,0,14.253403,2.629391,0.567624,0.814222,0.698578,0.425625,0.987126,0.388701,20.921871
2658,1,2,1,11.210246,2.627606,0.565145,0.816462,0.698086,0.341120,0.984387,0.380616,17.782597
2659,0,2,0,13.811760,2.627907,0.566228,0.812898,0.695600,0.335163,0.983404,0.382179,20.374326
2660,1,2,1,12.804473,2.630824,0.565508,0.810295,0.698726,0.336843,0.982147,0.386991,19.375569
2661,1,2,1,10.730116,2.635496,0.565200,0.811545,0.693108,0.337631,0.995612,0.380751,17.308246
2662,1,2,1,10.726837,2.746677,0.572824,0.813213,0.694542,0.340296,0.995741,0.381107,17.430259
2663,1,2,1,11.727176,2.631206,0.573483,0.926092,0.704080,0.338708,0.985662,0.384406,18.433926
2664,0,2,0,13.618289,2.630283,0.570652,0.941046,0.706930,0.336247,0.988345,0.385096,20.336104
2665,1,2,1,10.732431,2.773803,0.746111,1.140689,0.813293,0.543367,1.015901,0.535268,18.510671
2666,1,2,1,13.239650,2.753280,0.712554,1.022874,0.942683,0.416990,0.998179,0.520486,20.806763
2667,0,2,1,14.917766,2.751366,0.561126,0.817249,0.713397,0.339594,0.988006,0.397699,21.650800
2668,1,2,1,10.816916,2.648406,0.582105,0.824567,0.939988,0.371711,0.988813,0.419033,17.777926
2669,1,2,0,14.068486,2.648252,0.579816,1.572750,0.928333,0.394474,1.003619,0.517249,21.911083
2670,1,2,1,11.626265,2.843114,0.722911,1.253003,0.828794,0.409545,1.004744,0.554363,19.454948
2671,1,2,1,11.729791,2.818302,0.646382,1.132757,0.797427,0.364837,0.998456,0.471194,19.149803
2672,1,2,1,14.246271,2.735496,0.630665,0.827791,0.709594,0.344898,0.992086,0.406652,21.064215
2673,0,2,0,14.453489,2.885790,0.733181,0.859366,1.906153,0.351730,0.989514,0.412080,22.777440
2674,1,2,1,12.288302,2.983415,0.671095,1.007902,0.837107,0.377704,1.030628,0.556388,19.959778
2675,1,2,0,12.555219,3.080658,0.675729,0.964388,0.912431,0.400979,1.019151,0.570782,20.386646
2676,1,2,1,12.912542,2.823096,0.661945,1.082080,0.947409,0.386375,1.006006,0.575101,20.597698
2677,1,2,1,14.912831,2.635692,0.562351,0.805514,0.692468,0.332376,0.978332,0.383643,21.461379
2678,1,2,1,10.810129,2.633256,0.562597,0.811465,0.694819,0.338252,0.980216,0.380313,17.366990
2679,1,2,0,9.433871,2.632665,0.573587,0.972227,0.712708,0.338492,0.980665,0.387686,16.193920
2680,1,2,1,13.631317,2.629065,0.675760,0.815698,0.695975,0.338031,0.986253,0.379305,20.310794
2681,1,2,1,11.519526,2.636148,0.564997,0.820215,0.815496,0.344843,0.981865,0.390160,18.237452
2682,1,2,0,13.330074,2.632381,0.559237,0.816167,0.824013,0.342197,0.985224,0.384708,20.037588
2683,1,2,1,13.534788,2.634296,0.570486,0.810972,0.803249,0.334185,0.982905,0.385821,20.220074
2684,1,2,1,10.287342,2.628547,0.562696,0.814031,0.691378,0.337237,0.984111,0.383255,16.845194
2685,0,2,0,13.923138,2.632652,0.566185,0.816744,0.700603,0.342147,0.995526,0.379612,20.599391
2686,1,2,1,10.661034,2.631668,0.559945,0.813914,0.695120,0.332633,0.984117,0.383970,17.220836
2687,1,2,1,13.574930,2.635877,0.570622,0.817619,0.693169,0.340394,0.982652,0.381951,20.157606
2688,1,2,1,11.224616,2.754000,0.564708,0.819021,0.696566,0.334812,0.986400,0.385662,17.924197
2689,1,2,1,11.169994,2.628283,0.662455,0.902628,0.707711,0.335459,0.985723,0.381169,17.940178
2690,0,2,0,13.496492,2.631920,0.687864,0.815729,0.701071,0.337834,0.983527,0.387453,20.200855
2691,1,2,1,11.645397,2.634973,0.566597,0.817723,0.845077,0.341760,0.981975,0.386960,18.382480
2692,1,2,1,10.627028,2.630351,0.556333,0.811686,0.694529,0.340197,0.979865,0.383939,17.181853
2693,0,2,0,13.652554,2.633237,0.569538,0.814382,0.698443,0.341194,0.983126,0.385600,20.237501
2694,0,2,0,13.740812,2.632369,0.567200,0.809890,0.692960,0.338911,0.983077,0.505754,20.431471
2695,1,2,1,10.603748,2.628812,0.567182,0.812640,0.693895,0.338960,0.982117,0.379821,17.167089
2696,1,2,1,10.297932,2.733433,0.567378,0.806941,0.696357,0.340099,0.983157,0.386751,16.971378
2697,0,2,0,13.945957,2.729120,0.570664,0.814677,0.702142,0.339028,0.993748,0.380745,20.635538
2698,1,2,1,11.236966,2.630148,0.569933,0.920006,0.697698,0.341034,0.982425,0.388812,17.925187
2699,1,2,1,10.761495,2.630800,0.568850,0.816000,0.695397,0.341329,0.986246,0.404653,17.363754
2700,1,2,1,13.470861,2.630929,0.562240,0.817465,0.694990,0.341890,0.998142,0.410720,20.085224
2701,1,2,1,13.573470,2.631144,0.566874,0.807163,0.703298,0.339274,0.993194,0.405570,20.176720
2702,1,2,1,10.583071,2.630677,0.567717,0.814492,0.698621,0.341323,0.984308,0.381575,17.158000
2703,0,2,0,13.991987,2.628043,0.567532,0.815539,0.699729,0.340105,0.980098,0.381502,20.565243
2704,1,2,1,10.708683,2.766277,0.574006,0.808991,0.705415,0.337379,0.986923,0.388560,17.433870
2705,1,2,1,13.373760,2.734978,0.574375,0.809040,0.694117,0.334948,0.984080,0.382290,20.046166
2706,1,2,1,13.794455,2.631126,0.562764,0.811864,0.697661,0.340627,0.987157,0.385347,20.367354
2707,1,2,1,10.620092,2.764474,0.564787,0.812763,0.698806,0.337409,0.995385,0.383274,17.338338
2708,1,2,1,10.719895,2.629409,0.560154,0.815890,0.694923,0.358406,0.981901,0.385693,17.391212
2709,1,2,1,11.652474,2.637268,0.566357,0.812387,0.696093,0.337895,0.982129,0.496671,18.340806
2710,1,2,1,10.597674,2.628511,0.572647,0.807772,0.692738,0.340455,0.985391,0.387323,17.169840
2711,1,2,1,10.649458,2.741058,0.570560,0.807809,0.703224,0.339501,0.997465,0.383170,17.355366
2712,1,2,1,10.649034,2.629016,0.563618,0.812942,0.798831,0.338905,0.987588,0.386683,17.322130
2713,1,2,1,11.576375,2.634093,0.568825,0.813932,0.693951,0.340098,0.991040,0.408646,18.187483
2714,1,2,1,10.691747,2.627163,0.565064,0.810615,0.695219,0.340911,0.986775,0.386062,17.262991
2715,1,2,1,13.597046,2.628480,0.565736,0.810474,0.698800,0.338714,0.993003,0.379514,20.170178
2716,1,2,1,11.158898,2.730191,0.569637,0.805452,0.699834,0.341200,0.982000,0.382757,17.830031
2717,0,2,0,13.814738,2.760320,0.568455,0.817495,0.699126,0.337132,0.994314,0.385896,20.536567
2718,1,2,1,11.547052,2.732695,0.572277,0.810074,0.697877,0.338707,0.995908,0.383090,18.236788
2719,1,2,1,10.651822,2.630548,0.574061,0.815606,0.825877,0.337287,0.982013,0.385483,17.363496
2720,1,2,1,9.370283,2.633581,0.561250,0.819927,0.701114,0.343243,0.983674,0.384930,15.952166
2721,1,2,1,10.753914,2.732652,0.571760,0.809440,0.698277,0.339526,0.997704,0.386461,17.447692
2722,1,2,1,13.708584,2.742314,0.570443,0.816455,0.700843,0.340375,0.985532,0.383188,20.404997
2723,1,2,1,10.761747,2.630061,0.663913,0.812013,0.698653,0.341034,0.994585,0.383969,17.442610
2724,1,2,1,10.751452,2.633459,0.566812,0.813538,0.697723,0.340972,0.983470,0.405465,17.352307
2725,1,2,1,10.695360,2.629834,0.573483,0.802973,0.695551,0.334861,0.981563,0.379988,17.249840
2726,1,2,1,13.576050,2.629446,0.568923,0.812209,0.694037,0.338653,0.980757,0.381163,20.137766
2727,0,2,0,13.799871,2.634050,0.566185,0.810628,0.694850,0.337631,0.982487,0.384277,20.366166
2728,1,2,1,11.038830,2.642154,0.569803,0.809071,0.692025,0.338172,0.985668,0.378671,17.614548
2729,1,2,1,13.725945,2.628585,0.559335,0.812252,0.694942,0.340523,0.979890,0.381686,20.281489
2730,1,2,1,11.476684,2.753883,0.570210,0.815680,0.696849,0.335810,0.985200,0.381009,18.172874
2731,0,2,0,13.928910,2.745655,0.565096,0.806326,0.696019,0.330831,0.996031,0.381981,20.607348
2732,1,2,1,10.755096,2.629520,0.685852,0.822812,0.699686,0.338523,0.982770,0.385557,17.461631
2733,1,2,1,13.567785,2.627255,0.716578,0.810714,0.695114,0.335723,0.994591,0.384867,20.290837
2734,1,2,1,11.736905,2.633729,0.563884,0.816449,0.822720,0.340486,0.983526,0.381674,18.439784
2735,1,2,1,13.443292,2.631083,0.571188,0.912825,0.710307,0.338806,0.996652,0.384185,20.152744
2736,1,2,1,11.215107,2.629071,0.568074,0.819083,0.703686,0.341477,0.995477,0.420166,17.850313
2737,1,2,1,13.527754,2.630302,0.562788,0.817797,0.696307,0.339532,0.982935,0.419458,20.136985
2738,1,2,1,9.350523,2.631071,0.565477,0.811643,0.697711,0.339766,0.984936,0.382154,15.921649
2739,1,2,1,13.604184,2.628253,0.569224,0.812732,0.699255,0.335446,0.996830,0.383139,20.189809
2740,1,2,1,11.470382,2.732984,0.569421,0.806585,0.697939,0.339065,0.984419,0.382572,18.142603
2741,1,2,1,13.622664,2.729132,0.568683,0.819556,0.693495,0.339323,0.984357,0.382825,20.301335
2742,1,2,1,13.339636,2.724615,0.567305,0.817003,0.695218,0.341182,0.995385,0.379218,20.021206
2743,1,2,1,12.076843,2.746523,0.571366,0.815354,0.699717,0.340320,0.996123,0.389513,18.796997
2744,1,2,1,10.721569,2.633557,0.565108,0.811686,0.801711,0.342388,0.988806,0.384523,17.411933
2745,1,2,0,13.102018,2.631926,0.568978,0.813816,0.781046,0.344351,0.983434,0.387834,19.774991
2746,1,2,1,11.517428,2.628443,0.567766,0.818301,0.695594,0.336314,0.988633,0.474167,18.186787
2747,1,2,0,13.658111,2.631256,0.565440,0.818197,0.695157,0.339237,1.014794,0.400449,20.286111
2748,1,2,0,13.700388,2.630258,0.562874,0.809200,0.701144,0.339108,0.992326,0.407015,20.300283
2749,1,2,1,11.898806,2.629779,0.570584,0.814818,0.696055,0.331735,0.995261,0.378935,18.473059
2750,1,2,1,13.646973,2.628283,0.566548,0.811748,0.691477,0.339674,0.983834,0.387059,20.212473
2751,1,2,1,13.644782,2.631526,0.562271,0.811047,0.699495,0.339114,0.996080,0.461126,20.309717
2752,1,2,1,11.798511,2.631600,0.560062,0.811095,0.815212,0.342658,0.982284,0.383496,18.492222
2753,1,2,1,10.683501,2.860849,0.571674,0.807889,0.696548,0.337268,0.992160,0.377772,17.490148
2754,1,2,1,10.786142,2.625661,0.699126,0.816357,0.697656,0.340923,0.983304,0.382622,17.491071
2755,1,2,1,10.673563,2.633926,0.566794,0.812794,0.693686,0.339028,0.991397,0.415834,17.288215
2756,1,2,1,10.705692,2.634154,0.562930,0.816578,0.699330,0.338683,0.979975,0.387773,17.282855
2757,1,2,1,11.124560,2.734781,0.572431,0.816062,0.696751,0.340757,0.995403,0.383489,17.825151
2758,1,2,0,13.748136,2.632966,0.562880,0.810037,0.697827,0.336862,0.995268,0.386173,20.328197
2759,1,2,1,11.202148,2.745606,0.567323,0.813926,0.693938,0.339470,0.983834,0.379557,17.888197
2760,1,2,1,10.750222,2.633637,0.565772,0.813182,0.815803,0.338425,0.992184,0.381772,17.450216
2761,1,2,1,13.332283,2.628307,0.569132,0.817428,0.804413,0.334357,0.983028,0.384394,20.014430
2762,1,2,1,13.558338,2.625618,0.568979,0.811156,0.797353,0.342283,0.989520,0.384695,20.238609
2763,1,2,1,11.202277,2.632659,0.567551,0.817347,0.700154,0.336327,1.062584,0.399249,17.880425
2764,1,2,1,10.707256,2.633108,0.565994,0.811188,0.698351,0.337446,0.982917,0.385274,17.279606
2765,1,2,1,11.707465,2.746148,0.567496,0.808277,0.698567,0.335896,0.982474,0.379588,18.384160
2766,1,2,0,13.804216,2.649391,0.562258,0.809673,0.696049,0.340708,0.981163,0.379975,20.387353
2767,1,2,1,13.541353,2.636541,0.564769,0.811858,0.697250,0.335539,0.985422,0.385071,20.117157
2768,0,2,0,10.076197,2.630905,0.703108,0.818621,0.694850,0.339280,0.989157,0.383557,16.791427
2769,1,2,1,11.244480,2.629723,0.563569,0.813286,0.701754,0.440215,0.997963,0.387834,17.938744
2770,1,2,1,13.602720,2.630653,0.573440,0.808603,0.817422,0.337674,0.987310,0.380776,20.298978
2771,1,2,1,13.517742,2.628929,0.569846,0.812702,0.828917,0.340418,0.995200,0.388640,20.246381
2772,1,2,1,11.761292,2.629637,0.565957,0.815342,0.697901,0.342296,0.982819,0.412307,18.366178
2773,1,2,1,10.727317,2.632781,0.569501,0.809053,0.693754,0.339397,0.980234,0.387557,17.299132
2774,1,2,1,11.176616,2.731446,0.568776,0.817022,0.689699,0.340141,0.996978,0.381107,17.860578
2775,1,2,1,11.718074,2.740658,0.571446,0.812007,0.692590,0.334843,0.982695,0.377582,18.392093
2776,1,2,1,12.118523,2.631821,0.657723,0.814542,0.702467,0.339323,0.984074,0.385816,18.792590
2777,1,2,1,11.157939,2.629243,0.566504,0.815250,0.697236,0.337630,0.989994,0.399311,17.750690
2778,1,2,1,10.755385,2.628904,0.558050,0.817083,0.699070,0.339600,0.988487,0.381821,17.326690
2779,1,2,1,10.720936,2.737741,0.572554,0.814966,0.691175,0.339754,0.997821,0.384837,17.418148
2780,1,2,1,10.672499,2.630954,0.673963,0.820671,0.704689,0.338560,0.982252,0.387157,17.370196
2781,1,2,1,11.445446,2.630664,0.568172,0.809262,0.693033,0.457397,0.986683,0.391250,18.142708
2782,0,2,0,13.759970,2.632787,0.567939,0.825329,0.807907,0.342000,0.994923,0.387015,20.479945
2783,1,2,1,11.380326,2.634172,0.570271,0.812455,0.695452,0.340726,1.263803,0.428677,18.286911
2784,1,2,1,13.398861,2.634486,0.565206,0.813785,0.698535,0.342474,0.988750,0.417040,20.018333
2785,1,2,1,11.215748,2.631797,0.567544,0.811403,0.702388,0.337150,0.995391,0.378480,17.797987
2786,1,2,1,11.711422,2.634702,0.568105,0.812837,0.693556,0.342868,0.987188,0.384744,18.294382
2787,1,2,1,10.663803,2.733687,0.569502,0.815526,0.698044,0.341563,0.988646,0.383440,17.357058
2788,1,2,1,11.815810,2.637292,0.567175,0.925336,0.699230,0.339022,0.995612,0.382099,18.521846
2789,1,2,1,12.722412,2.627385,0.571151,0.818695,0.800880,0.339526,0.983489,0.384683,19.409440
2790,1,2,1,10.757243,2.632166,0.562486,0.820720,0.701101,0.336640,0.995975,0.382868,17.347557
2791,0,2,0,13.743600,2.632757,0.571735,0.808756,0.696338,0.339126,1.090683,0.407612,20.453828
2792,1,2,1,10.674437,2.632942,0.559108,0.811218,0.694160,0.339447,0.985446,0.383976,17.236578
2793,0,2,0,13.670590,2.630252,0.569514,0.819378,0.697015,0.339772,0.983409,0.386696,20.256665
2794,1,2,1,13.156013,2.631317,0.564665,0.804683,0.697705,0.337262,0.986843,0.383108,19.720178
2795,1,2,1,10.568394,2.735533,0.571538,0.811458,0.694006,0.339828,0.986061,0.379957,17.247496
2796,1,2,1,10.658979,2.626978,0.566264,0.906400,0.721963,0.338210,0.981551,0.379403,17.343243
2797,1,2,1,13.549373,2.632104,0.563545,0.948129,0.711298,0.337735,0.994794,0.387391,20.285421
2798,1,2,1,13.482701,2.629465,0.569182,0.927489,0.703218,0.334203,0.979809,0.381804,20.165870
2799,1,2,1,13.573218,2.630203,0.679033,0.819772,0.697760,0.335533,0.983963,0.381495,20.260627
2800,1,2,1,13.412400,2.630136,0.690461,0.820006,0.699981,0.334855,0.988972,0.382603,20.116831
2801,1,2,1,11.527797,2.629298,0.569157,0.806018,0.807729,0.339243,0.995827,0.384381,18.223747
2802,0,2,0,13.657760,2.635490,0.561785,0.814062,0.806431,0.342031,0.983859,0.382862,20.344548
2803,1,2,1,12.998609,2.628338,0.562160,0.811963,0.843120,0.338019,0.980646,0.381902,19.707341
2804,1,2,1,13.467496,2.629065,0.568283,0.810406,0.807729,0.338880,0.984357,0.386671,20.152123
2805,1,2,1,10.755673,2.628301,0.567015,0.808966,0.700566,0.339945,0.991686,0.383791,17.336148
2806,1,2,1,13.646215,2.634714,0.570055,0.813852,0.695699,0.336253,0.998450,0.500473,20.355409
2807,1,2,1,10.686455,2.633840,0.569902,0.815256,0.695384,0.341059,0.980640,0.387354,17.269859
2808,1,2,1,13.142744,2.631674,0.565883,0.812714,0.701846,0.338375,0.988615,0.387895,19.724597
2809,1,2,1,11.213668,2.728284,0.572720,0.814462,0.696142,0.338111,0.980204,0.379938,17.883970
2810,0,2,1,13.565791,2.727557,0.566301,0.811544,0.697532,0.338554,0.981760,0.381932,20.229901
2811,1,2,1,13.516825,2.729513,0.569292,0.812456,0.699231,0.342129,0.983010,0.382117,20.194424
2812,1,2,1,11.520997,2.739256,0.565311,0.811009,0.698246,0.338443,0.995280,0.382628,18.212031
2813,1,2,1,11.280253,2.633336,0.567138,0.817286,0.808129,0.337113,0.981145,0.387483,17.971273
2814,1,2,1,13.525914,2.629939,0.568289,0.813053,0.796776,0.339612,0.982898,0.385151,20.198726
2815,1,2,1,13.343939,2.630701,0.569871,0.806781,0.801643,0.338757,0.983108,0.386548,20.018689
2816,1,2,0,13.781705,2.633230,0.567514,0.920129,0.697200,0.336092,0.989244,0.386554,20.470769
2817,1,2,1,13.301932,2.630172,0.572265,0.937668,0.706818,0.339016,0.982461,0.384228,20.011858
2818,1,2,1,10.742764,2.631569,0.559193,0.804917,0.697354,0.336050,0.994037,0.403699,17.330696
2819,1,2,1,13.606510,2.638369,0.564141,0.809772,0.697797,0.336308,0.986473,0.403077,20.203016
2820,0,2,0,13.496074,2.628012,0.564228,0.807969,0.694333,0.337926,0.988369,0.397656,20.069508
2821,1,2,1,11.258578,2.634370,0.569065,0.813674,0.699729,0.333526,0.979895,0.380345,17.826781
2822,1,2,1,13.519182,2.627150,0.561729,0.815563,0.696049,0.337600,0.988590,0.381459,20.085729
2823,1,2,1,9.740073,2.739545,0.570609,0.810474,0.694148,0.343809,0.997372,0.384560,16.439619
2824,1,2,1,11.464357,2.630653,0.675126,0.808930,0.694258,0.341015,0.983458,0.385618,18.141698
2825,1,2,1,11.773686,2.624099,0.563600,0.817163,0.836659,0.337870,0.983748,0.381988,18.482775
2826,0,2,0,13.768344,2.631902,0.564129,0.917354,0.704307,0.337372,0.989686,0.382135,20.455298
2827,0,2,0,13.707526,2.633742,0.563255,0.927994,0.708788,0.336326,0.985895,0.379034,20.403336
2828,1,2,1,11.004413,2.628172,0.559748,0.814757,0.696086,0.335993,0.986499,0.415539,17.600757
2829,1,2,1,13.369661,2.634597,0.564400,0.817329,0.699465,0.339003,0.999415,0.414763,20.000493
2830,0,2,0,13.036739,2.633059,0.567034,0.810886,0.702234,0.339310,0.983286,0.412283,19.645938
2831,1,2,1,11.696935,2.630973,0.567834,0.816031,0.694677,0.334849,0.983169,0.384480,18.267569
2832,1,2,1,10.595471,2.742739,0.565717,0.814006,0.700388,0.340658,0.987772,0.381317,17.285379
2833,1,2,1,11.241969,2.746000,0.572529,0.815422,0.694160,0.338671,0.983089,0.379385,17.931268
2834,1,2,1,10.699090,2.630813,0.566517,0.814935,0.691538,0.431034,0.989661,0.383526,17.366234
2835,1,2,1,11.340776,2.633089,0.563126,0.817760,0.691803,0.342911,0.983231,0.379729,17.910529
2836,1,2,1,10.795674,2.634603,0.563169,0.814745,0.698301,0.337717,0.985175,0.381846,17.369975
2837,1,2,1,13.676443,2.629890,0.562738,0.812800,0.697360,0.337569,0.994308,0.377668,20.245950
2838,1,2,1,13.814800,2.632714,0.565065,0.811101,0.697544,0.337920,0.983877,0.386191,20.384936
2839,1,2,1,13.712456,2.631434,0.564093,0.812708,0.694904,0.336073,0.982351,0.383434,20.272769
2840,1,2,1,11.412781,2.738616,0.569409,0.817723,0.697853,0.334504,0.987182,0.379889,18.101243
2841,0,2,1,11.207778,2.752849,0.571914,0.801926,0.693587,0.337299,0.981883,0.379520,17.886745
2842,1,2,1,13.525396,2.728579,0.560320,0.813360,0.694185,0.338345,0.986769,0.380049,20.185262
2843,1,2,1,11.375126,2.629206,0.571957,0.914911,0.711409,0.344529,0.981785,0.383200,18.074283
2844,1,2,1,11.756652,2.627840,0.564123,0.806775,0.695415,0.339975,0.985397,0.417766,18.351581
2845,1,2,1,10.669360,2.633582,0.568597,0.809077,0.696289,0.337446,0.983446,0.385329,17.241083
2846,1,2,1,10.780031,2.734603,0.571785,0.808264,0.694455,0.337821,0.983705,0.385533,17.456467
2847,1,2,1,10.807773,2.634196,0.682191,0.818849,0.695058,0.335065,0.983686,0.380148,17.498499
2848,1,2,0,13.817901,2.726258,0.576240,0.807987,0.698757,0.338154,0.987963,0.383889,20.495981
2849,1,2,1,12.155052,2.639760,0.574222,0.938129,0.695716,0.339059,0.983200,0.379753,18.862227
2850,1,2,1,10.753274,2.633576,0.566622,0.818806,0.694510,0.335809,1.013415,0.399612,17.373563
2851,1,2,1,10.777637,2.628923,0.569987,0.813231,0.697539,0.340892,0.983588,0.381391,17.349175
2852,1,2,1,11.613163,2.729453,0.563539,0.813071,0.694289,0.337483,0.984898,0.384185,18.277680
2853,0,2,0,13.869847,2.635680,0.568308,0.814394,0.691704,0.339588,0.982308,0.383594,20.442640
2854,1,2,0,13.773071,2.630345,0.563698,0.811305,0.697311,0.340240,0.981342,0.383316,20.340498
2855,1,2,1,11.674904,2.728517,0.566886,0.816190,0.695323,0.337587,0.996745,0.382037,18.361822
2856,1,2,1,10.607323,2.632129,0.570209,0.920271,0.710911,0.336043,0.985046,0.381206,17.304751
2857,1,2,1,10.746658,2.630954,0.570954,0.808394,0.697385,0.341650,0.982862,0.523945,17.461157
2858,0,2,0,13.888499,2.633403,0.564591,0.809373,0.698240,0.336209,0.983299,0.419717,20.492104
2859,1,2,0,13.587859,2.628345,0.569809,0.812677,0.697287,0.344111,0.993009,0.419108,20.216221
2860,1,2,1,13.593834,2.636862,0.565286,0.812424,0.698024,0.460351,0.986911,0.398314,20.312326
2861,1,2,1,10.703459,2.636627,0.566677,0.813150,0.699083,0.342646,0.983305,0.380683,17.287508
2862,1,2,1,13.604874,2.636560,0.567453,0.819101,0.700892,0.338154,0.994480,0.383083,20.199200
2863,1,2,0,13.600486,2.628240,0.563821,0.811975,0.700320,0.341348,0.986917,0.386209,20.174972
2864,1,2,1,13.544677,2.629975,0.570948,0.815089,0.695741,0.339243,0.987920,0.378658,20.120652
2865,1,2,1,11.350265,2.633791,0.572056,0.815298,0.698455,0.337939,0.982622,0.381378,17.931181
2866,1,2,1,13.458831,2.720751,0.666338,0.887200,0.709631,0.331126,0.987317,0.381305,20.309255
2867,1,2,1,10.679625,2.741711,0.569871,0.815273,0.694591,0.338314,0.986640,0.382283,17.367858
2868,1,2,1,12.512486,2.762991,0.570228,0.808843,0.699114,0.339053,0.983027,0.379951,19.212873
2869,1,2,1,10.650419,2.631305,0.561864,0.815957,0.818911,0.342677,0.981348,0.387052,17.350621
2870,1,2,1,13.747139,2.624671,0.561070,0.917434,0.705489,0.341391,0.994197,0.378123,20.430997
2871,0,2,0,13.559384,2.628769,0.567342,0.926406,0.702252,0.341754,0.981699,0.382862,20.248861
2872,1,2,1,12.924616,2.629821,0.563256,0.909428,0.703754,0.339021,0.984369,0.381908,19.596837
2873,1,2,1,11.635440,2.634788,0.572954,0.814419,0.695034,0.338615,0.984074,0.405680,18.242246
2874,1,2,1,13.595981,2.631896,0.560776,0.808874,0.700080,0.338603,0.991434,0.406357,20.193778
2875,1,2,1,9.345655,2.637723,0.564880,0.818646,0.698572,0.336714,0.985139,0.385219,15.929619
2876,1,2,0,13.584301,2.631956,0.555188,0.815058,0.691021,0.337052,0.994511,0.383637,20.149175
2877,1,2,1,9.441175,2.629631,0.685194,0.815028,0.698456,0.335077,0.984480,0.383840,16.131286
2878,0,2,0,13.536289,2.638985,0.692566,0.806234,0.699742,0.339668,0.981453,0.378314,20.230806
2879,0,2,0,13.781170,2.761323,0.569298,0.804455,0.698849,0.339101,0.983483,0.381341,20.479298
2880,0,2,1,12.778136,2.842117,0.571366,0.819089,0.692572,0.339532,0.988954,0.383520,19.575176
2881,1,2,1,10.782973,2.631704,0.566111,0.820240,0.698412,0.451847,0.985982,0.394277,17.492037
2882,1,2,0,9.352233,2.636647,0.564720,0.809815,0.706763,0.342892,0.983096,0.378720,15.932745
2883,1,2,1,10.658572,2.737410,0.570948,0.812966,0.696172,0.341317,0.994726,0.381323,17.352277
2884,1,2,1,10.710080,2.633778,0.564868,0.810689,0.721120,0.340941,0.993840,0.379403,17.397176
2885,1,2,1,13.645834,2.665058,0.570701,0.908350,0.703662,0.334061,0.995458,0.374917,20.360265
2886,0,2,0,13.573170,2.632019,0.558855,0.931785,0.709969,0.340868,0.980781,0.384412,20.269600
2887,1,2,1,11.812904,2.631169,0.566813,0.810031,0.787710,0.346406,0.982024,0.384074,18.483557
2888,1,2,1,13.535914,2.632917,0.565415,0.813649,0.828701,0.341871,0.984751,0.384221,20.248092
2889,1,2,1,10.323699,2.631513,0.568203,0.814671,0.694615,0.337575,0.984935,0.381273,16.891920
2890,0,2,0,13.757902,2.628898,0.569680,0.809471,0.693329,0.339883,0.984948,0.388431,20.329015
2891,1,2,1,11.795643,2.633877,0.566904,0.818585,0.695440,0.340387,0.981551,0.379698,18.372535
2892,1,2,1,13.254751,2.634320,0.565465,0.814530,0.694812,0.340843,0.981034,0.382074,19.827877
2893,1,2,1,13.769625,2.631378,0.570289,0.810627,0.698307,0.339803,0.984616,0.381655,20.340098
2894,1,2,1,13.658622,2.627951,0.568554,0.814738,0.695243,0.342653,0.978997,0.387360,20.232935
2895,1,2,1,10.637107,2.765834,0.569938,0.816154,0.701668,0.340160,0.995139,0.381612,17.368683
2896,1,2,1,10.710462,2.635360,0.655268,0.818739,0.701108,0.342012,0.984911,0.384474,17.389446
2897,1,2,1,10.703705,2.630099,0.569070,0.812148,0.699600,0.339188,0.986025,0.403335,17.300966
2898,1,2,1,12.916567,2.631187,0.564388,0.810572,0.695637,0.341243,1.100456,0.408474,19.630634
2899,1,2,1,11.669988,2.634824,0.562135,0.814492,0.694535,0.340289,0.983015,0.383908,18.240622
2900,0,2,0,13.754221,2.632012,0.563212,0.808893,0.693939,0.335335,0.984430,0.383736,20.308591
2901,1,2,1,10.674462,2.665791,0.569508,0.806554,0.697070,0.338677,0.981446,0.383994,17.372677
2902,0,2,0,13.767010,2.632357,0.560683,0.813625,0.697662,0.337095,0.982320,0.380536,20.328523
2903,1,2,1,13.616751,2.631181,0.568406,0.804640,0.700585,0.337612,0.994246,0.376862,20.191575
2904,0,2,0,13.760000,2.637421,0.566523,0.814634,0.698092,0.337582,0.987421,0.379378,20.335587
2905,1,2,0,13.886972,2.631206,0.562142,0.810960,0.689077,0.340290,0.982739,0.383280,20.443859
2906,1,2,1,10.702585,2.732757,0.566406,0.809212,0.695348,0.339292,0.988498,0.380179,17.372615
2907,1,2,1,10.717914,2.631551,0.567354,0.954973,0.699428,0.338898,0.982781,0.381625,17.435360
2908,1,2,1,10.682954,2.632271,0.564542,0.810326,0.700695,0.336615,1.005883,0.427200,17.320424
2909,1,2,1,13.404062,2.630664,0.561305,0.812985,0.692320,0.339896,0.997064,0.409489,20.010184
2910,1,2,1,11.260006,2.632055,0.565378,0.814210,0.693428,0.339452,0.995015,0.382462,17.835354
2911,1,2,0,13.744006,2.630222,0.567440,0.811717,0.696800,0.340062,0.980209,0.378800,20.308535
2912,1,2,1,13.579366,2.631704,0.570259,0.811403,0.699132,0.341686,0.988179,0.380308,20.162443
2913,1,2,1,10.714234,2.743317,0.564806,0.808517,0.690603,0.346092,0.982954,0.382548,17.393483
2914,1,2,1,10.730074,2.745139,0.568800,0.810148,0.697483,0.337643,0.986006,0.387193,17.419822
2915,0,2,0,13.953304,2.728979,0.570462,0.813790,0.693126,0.339803,0.986332,0.381021,20.626947
2916,0,2,0,13.760904,2.727563,0.569883,0.809243,0.695373,0.335169,0.994024,0.380936,20.433114
2917,1,2,1,11.762167,2.630412,0.696173,0.816615,0.695305,0.338227,0.979126,0.382443,18.460677
2918,0,2,1,14.197526,2.723705,0.562074,0.813009,0.693163,0.339680,0.983705,0.383507,20.856911
2919,1,2,1,13.424523,2.729003,0.572997,0.811027,0.694191,0.341071,0.986935,0.381926,20.102591
2920,0,2,0,13.759532,2.742314,0.570216,0.810714,0.694123,0.340628,0.988923,0.379274,20.444369
2921,1,2,1,13.342197,2.727612,0.570468,0.812216,0.695132,0.339970,0.985790,0.381809,20.019212
2922,1,2,1,13.034333,2.728141,0.570068,0.816597,0.696708,0.341292,0.979225,0.382080,19.707360
2923,1,2,1,11.540480,2.629286,0.681766,0.819920,0.698652,0.338954,0.996757,0.382800,18.249747
2924,1,2,1,13.902726,2.843729,0.662806,0.899852,0.828991,0.387575,0.995588,0.526659,21.250763
2925,1,2,1,11.191010,2.733206,0.655993,0.977256,0.830695,0.384529,1.001563,0.488861,18.461434
2926,1,2,1,12.235298,2.718394,0.660941,1.008056,0.860000,0.389730,1.012813,0.485471,19.570813
2927,0,2,0,14.557563,2.783268,0.639101,0.886701,0.877101,0.359391,0.984535,0.394837,21.677612
2928,1,2,1,11.785883,2.627280,0.565053,0.959459,0.702129,0.338086,0.990462,0.386234,18.514228
2929,1,2,1,11.472984,2.628536,0.569630,0.814659,0.695033,0.466049,0.985009,0.402388,18.192911
2930,1,2,1,10.737957,2.632258,0.561520,0.810936,0.695625,0.336745,0.982634,0.380554,17.294493
2931,1,2,1,13.671902,2.631539,0.560776,0.807416,0.697576,0.337471,0.980480,0.383563,20.229021
2932,1,2,1,11.488400,2.634991,0.557735,0.815871,0.693784,0.338585,0.981027,0.382972,18.054615
2933,0,2,0,13.834886,2.629477,0.567526,0.808456,0.691379,0.339452,0.985391,0.384443,20.399274
2934,1,2,1,13.549784,2.633299,0.570000,0.808701,0.694178,0.336190,0.980295,0.388025,20.119200
2935,0,2,0,13.395797,2.632868,0.561514,0.811212,0.694634,0.337994,0.979194,0.382739,19.954744
2936,0,2,0,13.506800,2.628689,0.560548,0.810793,0.694019,0.341926,0.986806,0.382849,20.072332
2937,0,2,0,13.760499,2.630493,0.564874,0.809194,0.696450,0.342917,0.994634,0.385071,20.342948
2938,0,2,0,13.794246,2.630375,0.557342,0.810812,0.696018,0.339662,0.984578,0.379649,20.352116
2939,1,2,1,11.367926,2.634732,0.560597,0.808227,0.695022,0.337495,0.997465,0.379896,17.939624
2940,1,2,1,10.720056,2.723070,0.568339,0.811495,0.696240,0.338185,0.982308,0.380800,17.379225
2941,0,2,0,13.855169,2.724295,0.570308,0.814843,0.693624,0.341742,0.982634,0.383145,20.524813
2942,1,2,1,10.763089,2.628086,0.562000,0.812369,0.817120,0.340332,0.985981,0.386942,17.458591
2943,1,2,1,10.767440,2.630720,0.565089,0.814751,0.695514,0.340560,0.980867,0.382702,17.334720
2944,1,2,1,11.781680,2.631495,0.562430,0.811317,0.698123,0.337631,0.986185,0.380689,18.350055
2945,0,2,1,13.847723,2.630616,0.568486,0.817249,0.697489,0.340659,0.983674,0.381175,20.426744
2946,1,2,1,10.726141,2.736178,0.567576,0.808326,0.694535,0.340259,0.984516,0.379132,17.396178
2947,1,2,1,14.000006,2.651883,0.562013,0.810886,0.698178,0.333452,0.980499,0.384670,20.580295
2948,1,2,1,12.514283,2.751330,0.569083,0.812696,0.698757,0.338720,0.981489,0.387453,19.213581
2949,1,2,1,11.258178,2.728104,0.567034,0.812708,0.696093,0.335932,0.986560,0.385009,17.928929
2950,1,2,0,13.050585,2.728862,0.567742,0.812825,0.699606,0.337544,0.980930,0.380578,19.716474
2951,1,2,1,11.309422,2.636123,0.568867,0.818375,0.849810,0.340265,0.982031,0.388892,18.054572
2952,1,2,1,13.646283,2.628671,0.559624,0.911385,0.708191,0.338277,0.987249,0.388633,20.329447
2953,1,2,1,13.493021,2.633458,0.569010,0.924357,0.700794,0.339182,0.997452,0.384640,20.205809
2954,1,2,1,11.366246,2.634338,0.565840,0.806659,0.697594,0.337945,0.999101,0.406548,17.974344
2955,1,2,1,11.390948,2.628824,0.566985,0.812825,0.692954,0.342289,0.995637,0.384314,17.975071
2956,1,2,1,11.750523,2.634030,0.563335,0.812978,0.693570,0.343102,0.983335,0.377570,18.319656
2957,1,2,1,13.660246,2.633409,0.565846,0.816166,0.694812,0.335717,0.980892,0.380837,20.229582
2958,1,2,1,11.876050,2.726572,0.567126,0.815939,0.706203,0.338597,0.980560,0.383889,18.556536
2959,1,2,1,10.652819,2.629464,0.692203,0.818492,0.699397,0.335138,0.982061,0.381883,17.353618
2960,1,2,1,12.198984,2.631932,0.564332,0.916603,0.715379,0.341015,0.985341,0.386911,18.905237
2961,1,2,1,10.786572,2.629292,0.567748,0.813945,0.699575,0.337723,0.996326,0.484166,17.474892
2962,1,2,1,10.584123,2.629576,0.564898,0.812671,0.691656,0.343588,0.990456,0.382474,17.161046
2963,1,2,1,10.620898,2.740264,0.570781,0.817490,0.703059,0.339569,0.981243,0.380307,17.315194
2964,1,2,1,10.744554,2.628295,0.565680,0.807212,0.830603,0.337526,0.981335,0.388578,17.444135
2965,1,2,1,10.792240,2.637089,0.567613,0.815046,0.695803,0.336818,0.984190,0.385797,17.370751
2966,1,2,1,13.590480,2.630185,0.564098,0.811447,0.691169,0.340061,0.986400,0.383766,20.239600
2967,1,2,1,10.687870,2.632782,0.564671,0.815367,0.700216,0.336240,0.994904,0.381951,17.274419
2968,1,2,1,10.713102,2.728123,0.568708,0.810966,0.700351,0.341329,0.988086,0.383317,17.391907
2969,1,2,1,13.545920,2.737243,0.572148,0.814024,0.696647,0.334806,0.994726,0.382012,20.237631
2970,1,2,1,13.605680,2.744757,0.570185,0.809403,0.698886,0.338246,0.988744,0.382456,20.297650
2971,1,2,0,13.980505,2.726117,0.572621,0.814745,0.695317,0.336701,0.983329,0.381452,20.652369
2972,1,2,1,13.550418,2.718954,0.572523,0.812178,0.693194,0.339096,0.982332,0.388868,20.219378
2973,0,2,0,13.857256,2.635736,0.565711,0.817520,0.701213,0.336567,0.984640,0.386874,20.444265
2974,1,2,1,12.573976,2.725883,0.562646,0.813280,0.692259,0.337323,0.981539,0.387071,19.233354
2975,1,2,1,13.294252,2.743452,0.570431,0.813951,0.696270,0.336973,0.982376,0.377951,19.977852
2976,1,2,1,10.663354,2.630523,0.681212,0.809852,0.697864,0.339809,0.986363,0.381994,17.348320
2977,1,2,1,9.381569,2.631901,0.565655,0.823760,0.698670,0.340517,0.979471,0.384320,15.963932
2978,1,2,1,11.535151,2.635059,0.567144,0.811853,0.699779,0.338702,0.986861,0.379151,18.108148
2979,1,2,1,13.198567,2.634923,0.569933,0.815655,0.693828,0.337778,0.981815,0.376689,19.766929
2980,1,2,1,13.373785,2.632689,0.564357,0.816111,0.693298,0.335877,0.982856,0.379366,19.935292
2981,0,2,0,13.940960,2.634031,0.568332,0.817139,0.692782,0.337206,0.986744,0.385957,20.523299
2982,1,2,0,13.619280,2.631477,0.563711,0.816831,0.696049,0.336634,0.984313,0.383354,20.188209
2983,1,2,1,13.624179,2.629649,0.564917,0.813058,0.698542,0.337040,0.983096,0.379581,20.190172
2984,1,2,1,10.646425,2.740172,0.568868,0.812800,0.696665,0.339526,0.986068,0.384265,17.334597
2985,1,2,1,11.427864,2.732990,0.565040,0.810917,0.696104,0.336813,0.984973,0.386861,18.102708
2986,1,2,1,9.410185,2.632314,0.561255,0.811188,0.702308,0.341877,1.010861,0.414978,16.046615
2987,1,2,1,10.634720,2.633446,0.566831,0.816511,0.705409,0.340566,0.995095,0.381896,17.232732
2988,1,2,1,10.715409,2.728474,0.569643,0.812702,0.695028,0.341267,0.986585,0.382172,17.390628
2989,1,2,1,10.734529,2.631477,0.569280,0.912234,0.699243,0.338425,0.981520,0.384566,17.408179
2990,0,2,0,13.493219,2.634947,0.565662,0.920190,0.699385,0.342407,0.984148,0.385409,20.183711
2991,1,2,1,13.664160,2.626308,0.667280,0.822474,0.702733,0.341046,0.994997,0.382369,20.361969
2992,1,2,1,12.867126,2.630344,0.565059,0.931526,0.696941,0.343181,0.982794,0.380788,19.559317
2993,1,2,1,11.253304,2.630800,0.562031,0.813526,0.693532,0.342419,0.993852,0.404210,17.855187
2994,1,2,1,13.700591,2.630031,0.564031,0.815495,0.695194,0.335883,1.077828,0.403730,20.383871
2995,1,2,1,13.515981,2.635828,0.569391,0.816190,0.698394,0.429163,0.984819,0.384110,20.193674
2996,1,2,1,10.628855,2.629016,0.557188,0.807175,0.696419,0.337594,0.985507,0.379391,17.179914
2997,1,2,0,13.893914,2.630173,0.561545,0.810978,0.691433,0.338462,0.994455,0.382387,20.460055
2998,0,2,0,13.473249,2.633711,0.572745,0.817951,0.695107,0.340394,0.994886,0.382025,20.066917
2999,0,2,0,13.647496,2.636701,0.572067,0.814486,0.697397,0.341822,0.982252,0.379483,20.230541
3000,1,2,1,13.536511,2.629723,0.570093,0.812880,0.699348,0.343963,0.999163,0.418929,20.175464
3001,1,2,1,12.054234,2.632031,0.563551,0.816708,0.693231,0.338720,0.982757,0.386517,18.624696
3002,0,2,0,14.116006,2.632375,0.563415,0.810000,0.688203,0.337249,0.988172,0.490412,20.786536
3003,0,2,0,13.540653,2.626418,0.558806,0.810314,0.697963,0.334695,1.002812,0.417926,20.151267
3004,1,2,1,11.661181,2.634369,0.569218,0.817126,0.691169,0.339833,0.988892,0.385594,18.247255
3005,1,2,1,10.762560,2.765194,0.572222,0.809859,0.685348,0.338234,0.995452,0.380917,17.473225
3006,1,2,1,11.561175,2.733341,0.568714,0.815514,0.694154,0.339194,0.980277,0.378031,18.226879
3007,1,2,1,11.707139,2.630505,0.569532,0.923877,0.697495,0.339348,0.996277,0.386376,18.409293
3008,1,2,1,13.502456,2.631526,0.566363,0.829754,0.706936,0.336376,0.995070,0.385489,20.219729
3009,1,2,1,13.301273,2.630062,0.665366,0.819477,0.691059,0.337581,0.982215,0.385058,19.971083
3010,0,2,0,13.394837,2.631520,0.655735,0.809532,0.692019,0.342517,0.985563,0.382677,20.054905
3011,1,2,1,13.554277,2.628345,0.691108,0.808689,0.689336,0.340793,0.984837,0.382178,20.240000
3012,0,2,0,13.640929,2.731422,0.575255,0.812443,0.692954,0.336917,0.992837,0.382892,20.324535
3013,1,2,1,13.235704,2.735656,0.564166,0.808646,0.693840,0.340129,0.987188,0.383409,19.909059
3014,1,2,1,12.447760,2.627046,0.669865,0.820665,0.697514,0.339176,0.997699,0.383452,19.142462
3015,1,2,1,11.256431,2.633317,0.567483,0.813385,0.695193,0.340099,0.986769,0.405034,17.940135
3016,1,2,1,11.879065,2.635255,0.562622,0.813335,0.696677,0.342713,0.981766,0.466701,18.536990
3017,1,2,1,11.208129,2.630154,0.567895,0.808320,0.691501,0.337126,0.982622,0.382400,17.769175
3018,1,2,1,11.253840,2.723680,0.565539,0.811809,0.693175,0.335606,0.992640,0.385680,17.921871
3019,1,2,1,13.541089,2.778627,0.576123,0.806566,0.693864,0.334455,0.997981,0.424929,20.319575
3020,0,2,0,12.640886,2.742898,0.584621,0.827821,0.729286,0.351477,1.010787,0.408141,19.465575
3021,0,2,0,13.656351,2.754707,0.579335,0.835778,0.712659,0.355378,0.992141,0.425981,20.488184
3022,0,2,0,13.836388,2.633207,0.556677,0.808560,0.695243,0.340308,0.987625,0.382628,20.397655
3023,1,2,1,11.876825,2.749963,0.566973,0.805982,0.692474,0.338061,0.982843,0.383569,18.556308
3024,1,2,1,11.449342,2.627550,0.688363,0.818049,0.697927,0.337772,0.996616,0.377526,18.152541
3025,1,2,1,13.344769,2.633809,0.689649,0.819336,0.690141,0.333908,0.981021,0.388621,20.040276
3026,1,2,1,10.639994,2.630111,0.564018,0.806990,0.691563,0.339384,0.983661,0.416591,17.232689
3027,1,2,1,11.223298,2.630271,0.567945,0.811618,0.702727,0.343182,0.985409,0.380800,17.802745
3028,1,2,1,10.622671,2.743379,0.564000,0.811083,0.697299,0.336006,0.996911,0.379834,17.309096
3029,1,2,1,13.461090,2.725920,0.570658,0.812160,0.695865,0.338339,0.982714,0.381569,20.133643
3030,1,2,1,13.609477,2.633372,0.561108,0.808942,0.695717,0.340283,0.997593,0.380874,20.186178
3031,1,2,1,11.432037,2.726923,0.575021,0.809250,0.695471,0.343064,0.990535,0.384339,18.115200
3032,0,2,0,13.397034,2.740511,0.567698,0.813963,0.696880,0.340696,0.980708,0.386209,20.083772
3033,1,2,1,10.782031,2.631009,0.567779,0.924055,0.713144,0.339532,0.993896,0.383329,17.496178
3034,1,2,1,11.714178,2.631489,0.566486,0.801003,0.688658,0.337533,0.982462,0.400769,18.285495
3035,1,2,1,11.710806,2.625877,0.565120,0.810720,0.691280,0.334855,0.981760,0.380431,18.259249
3036,1,2,1,10.801255,2.637409,0.561058,0.804234,0.694579,0.338800,0.982634,0.382283,17.359876
3037,1,2,1,10.774689,2.728166,0.570628,0.813206,0.692788,0.338941,0.987520,0.379317,17.444862
3038,1,2,1,10.667969,2.630689,0.560824,0.805120,0.696037,0.460671,0.989237,0.403292,17.369852
3039,1,2,1,13.124548,2.631883,0.566191,0.811064,0.691950,0.434665,0.984456,0.402622,19.807101
3040,1,2,1,11.239680,2.629625,0.568086,0.807139,0.698658,0.338800,0.987507,0.377742,17.806892
3041,1,2,1,10.271865,2.738370,0.572862,0.811034,0.693890,0.339268,0.996283,0.379243,16.962271
3042,1,2,1,11.365502,2.726714,0.566350,0.810357,0.691108,0.340554,0.996579,0.380695,18.036203
3043,1,2,1,11.116061,2.632068,0.571120,0.814855,0.832486,0.342690,0.998418,0.385557,17.857625
3044,1,2,1,10.764671,2.629016,0.564498,0.809415,0.689736,0.336123,0.980997,0.376720,17.309637
3045,1,2,1,13.664037,2.626449,0.564923,0.817157,0.697329,0.336744,0.984609,0.482018,20.330363
3046,1,2,1,13.558517,2.631723,0.567022,0.808492,0.688178,0.339649,1.062173,0.409495,20.223705
3047,0,2,1,13.718080,2.633920,0.563957,0.807170,0.701298,0.335342,0.993698,0.404578,20.318830
3048,0,2,0,13.642437,2.630474,0.559508,0.817446,0.697009,0.337981,0.985052,0.400973,20.225846
3049,0,2,0,13.879391,2.634067,0.569194,0.810806,0.694136,0.349391,0.989889,0.388055,20.582400
3050,1,2,1,10.699545,2.630006,0.567255,0.803138,0.693311,0.338116,0.995618,0.386431,17.267354
3051,1,2,1,11.304209,2.631366,0.568720,0.800123,0.694449,0.341539,0.994357,0.383274,17.875243
3052,1,2,1,10.628911,2.726664,0.571218,0.803538,0.691877,0.335022,0.983778,0.380455,17.280338
3053,1,2,1,11.482664,2.631052,0.568418,0.912487,0.712935,0.337526,0.992061,0.383360,18.182634
3054,1,2,1,11.720590,2.627385,0.563809,0.811569,0.691070,0.338437,0.986222,0.415459,18.310166
3055,1,2,1,12.889052,2.629471,0.568019,0.813403,0.700031,0.341464,0.985858,0.415059,19.500277
3056,0,2,0,13.873133,2.631274,0.572862,0.802135,0.687877,0.339650,0.988683,0.417366,20.471939
3057,0,2,0,13.985871,2.633963,0.565686,0.812074,0.788707,0.346763,0.986591,0.392037,20.688240
3058,1,2,1,11.235969,2.631864,0.561907,0.807951,0.692350,0.338807,0.984751,0.383563,17.794499
3059,1,2,1,10.850757,2.631853,0.562376,0.803465,0.693791,0.337828,0.983895,0.382763,17.405655
3060,1,2,1,10.681182,2.732473,0.566295,0.809064,0.696874,0.337834,0.984363,0.385754,17.352123
3061,1,2,1,11.284855,2.688665,0.561723,0.881237,0.698222,0.330609,0.981385,0.380696,17.967785
3062,1,2,1,13.532505,2.632129,0.569840,0.954547,0.699846,0.335292,0.982179,0.382757,20.250498
3063,1,2,1,11.694868,2.631753,0.568978,0.813766,0.699569,0.435360,0.995981,0.410215,18.411323
3064,1,2,1,10.588781,2.632049,0.568394,0.809631,0.698990,0.340849,0.983200,0.384757,17.166092
3065,1,2,1,11.575243,2.628123,0.561502,0.809784,0.695649,0.340892,0.985908,0.380510,18.135114
3066,1,2,1,10.741729,2.725693,0.568363,0.809650,0.692923,0.337108,0.981822,0.381686,17.395631
3067,0,2,0,13.752394,2.728326,0.565544,0.822167,0.693170,0.338031,0.982400,0.380628,20.426227
3068,1,2,1,13.436498,2.730154,0.566585,0.809816,0.696769,0.340425,0.982153,0.382744,20.103975
3069,1,2,1,10.394967,2.627151,0.569889,0.811717,0.814856,0.342603,0.982486,0.385784,17.087963
3070,1,2,0,13.691975,2.633255,0.561994,0.919329,0.706979,0.339434,0.996677,0.385286,20.393964
3071,1,2,1,13.359305,2.629945,0.567772,0.906289,0.701483,0.337674,0.992646,0.381483,20.039809
3072,1,2,1,12.644271,2.627969,0.565477,0.807372,0.801981,0.340301,0.989090,0.386160,19.321225
3073,1,2,1,10.629920,2.631969,0.566634,0.817710,0.694221,0.335379,0.982941,0.382948,17.202627
3074,0,2,0,13.365939,2.626117,0.566683,0.810074,0.699070,0.337373,0.987791,0.388812,19.936277
3075,1,2,1,11.516320,2.630979,0.560055,0.818376,0.690634,0.342135,0.998948,0.381877,18.101108
3076,1,2,1,10.726419,2.733674,0.565477,0.807988,0.689261,0.338609,0.985138,0.383458,17.392209
3077,1,2,1,11.916019,2.634037,0.680757,0.815040,0.690394,0.339883,0.980880,0.381163,18.597021
3078,1,2,1,11.438997,2.632935,0.568191,0.811083,0.794492,0.345385,0.984430,0.388406,18.138504
3079,1,2,1,11.036024,2.629305,0.567163,0.815126,0.696129,0.339471,0.997397,0.378610,17.619164
3080,1,2,1,13.649206,2.632012,0.564806,0.809353,0.693778,0.340579,0.997102,0.387090,20.233089
3081,0,2,0,13.747661,2.629243,0.571729,0.809336,0.703421,0.333705,0.981618,0.529969,20.537107
3082,1,2,1,13.485994,2.668720,0.566388,0.805661,0.692160,0.336855,0.983526,0.417335,20.120061
3083,0,2,0,13.897157,2.631225,0.565004,0.812474,0.697360,0.342419,0.987797,0.416713,20.508935
3084,1,2,1,13.492055,2.641588,0.567951,0.809453,0.693206,0.441378,0.992333,0.409723,20.209009
3085,1,2,1,10.709274,2.628357,0.563464,0.809650,0.690683,0.336609,0.990197,0.380136,17.266216
3086,1,2,1,11.433206,2.633138,0.565310,0.811446,0.695095,0.340960,0.981403,0.387533,18.004990
3087,1,2,1,13.415656,2.633698,0.566744,0.810813,0.689957,0.341902,0.982425,0.384449,19.983582
3088,1,2,1,10.673397,2.731945,0.565699,0.808621,0.695520,0.340819,0.995760,0.385631,17.357883
3089,1,2,1,13.561692,2.728898,0.566960,0.811600,0.689896,0.337957,0.980966,0.382172,20.218055
3090,0,2,0,13.881237,2.725108,0.566812,0.797710,0.700049,0.336412,0.994517,0.379095,20.541563
3091,0,2,0,13.744843,2.739225,0.570296,0.812105,0.695360,0.340308,0.984191,0.375982,20.423033
3092,1,2,1,11.601040,2.726455,0.567828,0.810394,0.689243,0.339859,0.983231,0.383409,18.260326
3093,1,2,1,11.184215,2.629797,0.565976,0.815126,0.787440,0.341181,0.985071,0.382430,17.850443
3094,1,2,1,13.592947,2.627016,0.567317,0.811071,0.800135,0.339625,0.985514,0.385828,20.270677
3095,1,2,1,11.261114,2.629495,0.567354,0.809095,0.692431,0.335821,0.994332,0.485704,17.933791
3096,1,2,1,10.623883,2.631403,0.563255,0.813976,0.696683,0.335360,0.996203,0.381656,17.199747
3097,1,2,1,10.767551,2.756535,0.567053,0.811144,0.689274,0.337625,0.981114,0.381815,17.453440
3098,1,2,1,9.372073,2.626813,0.571587,0.815772,0.702204,0.339692,0.986314,0.410966,15.987059
3099,1,2,1,11.681846,2.628960,0.564505,0.806394,0.699200,0.340615,0.981108,0.384376,18.245754
3100,1,2,1,11.322529,2.629950,0.564012,0.816793,0.697157,0.342345,0.983730,0.384984,17.899447
3101,1,2,1,10.776707,2.729735,0.568110,0.813145,0.693391,0.338265,0.986991,0.388548,17.453286
3102,1,2,1,9.418351,2.630468,0.564080,0.807796,0.703668,0.339077,0.983194,0.403182,16.005784
3103,1,2,1,13.511692,2.630542,0.568443,0.811280,0.696246,0.338738,0.993969,0.405150,20.113680
3104,1,2,1,10.717742,2.631071,0.558178,0.807730,0.690776,0.339686,0.982979,0.381741,17.266074
3105,1,2,1,11.735895,2.634203,0.565102,0.808252,0.689816,0.331779,0.997009,0.387416,18.306332
3106,1,2,1,13.621335,2.630474,0.561982,0.808431,0.689607,0.339649,0.984173,0.383698,20.179513
3107,1,2,1,11.200517,2.748862,0.565662,0.814819,0.695372,0.335403,0.981607,0.379490,17.880449
3108,1,2,1,13.513815,2.732701,0.569809,0.810431,0.692394,0.340179,0.981544,0.383569,20.184136
3109,0,2,0,13.873514,2.727126,0.572548,0.806037,0.697310,0.338597,0.980117,0.383261,20.534745
3110,1,2,1,10.712357,2.632142,0.566031,0.838788,0.706622,0.334991,0.989846,0.385957,17.425501
3111,0,2,0,13.758874,2.628480,0.688590,0.815416,0.695372,0.340825,0.981150,0.382173,20.451717
3112,1,2,1,11.630357,2.631754,0.558671,0.803409,1.012394,0.340320,0.988000,0.386855,18.516929
3113,1,2,1,11.221680,2.631286,0.564966,0.813323,0.690191,0.342099,1.090585,0.422480,17.939311
3114,1,2,1,10.674910,2.631920,0.565034,0.808689,0.687563,0.338689,0.984615,0.386093,17.238468
3115,1,2,1,13.399994,2.627846,0.569932,0.809243,0.696369,0.337126,0.985040,0.382603,19.969538
3116,0,2,0,13.953058,2.629495,0.570148,0.808690,0.695600,0.337723,0.981661,0.388104,20.523249
3117,1,2,1,13.606936,2.624831,0.570621,0.806578,0.696615,0.341453,0.996874,0.381483,20.183212
3118,1,2,1,11.777527,2.634991,0.557348,0.804708,0.692363,0.342110,0.997779,0.382899,18.345956
3119,1,2,1,10.737237,2.732049,0.571877,0.815440,0.698129,0.337760,0.988757,0.384018,17.423244
3120,1,2,1,11.292936,2.630597,0.563489,0.921323,0.706025,0.334363,0.980966,0.382960,17.973507
3121,1,2,1,10.602270,2.630049,0.563840,0.812191,0.690892,0.338794,0.988566,0.382960,17.169403
3122,1,2,1,10.688892,2.630720,0.567059,0.809181,0.695040,0.338357,0.979101,0.383970,17.250295
3123,1,2,1,13.795674,2.631145,0.567133,0.814153,0.692277,0.340080,0.985280,0.384061,20.368160
3124,1,2,1,10.753077,2.730849,0.571305,0.802222,0.696018,0.339268,0.982227,0.380831,17.415982
3125,1,2,1,9.362640,2.627022,0.566554,0.811299,0.698566,0.338954,0.986824,0.415471,15.970394
3126,1,2,1,10.600910,2.629680,0.561065,0.804234,0.693809,0.340836,0.982701,0.379089,17.149336
3127,1,2,1,13.662634,2.631649,0.565416,0.808240,0.693496,0.341950,0.985729,0.383729,20.228954
3128,1,2,1,10.724634,2.733680,0.568905,0.812271,0.690579,0.339471,0.987317,0.382794,17.398585
3129,1,2,1,10.606985,2.625526,0.665292,0.818788,0.705495,0.338431,0.982855,0.380406,17.282443
3130,1,2,1,13.425342,2.630314,0.658455,0.817680,0.691157,0.335852,0.985415,0.384056,20.086874
3131,1,2,1,11.350745,2.634597,0.570991,0.805982,0.699760,0.430406,0.985858,0.391422,18.029434
3132,1,2,1,13.550006,2.628117,0.557348,0.809779,0.800684,0.340843,0.982511,0.384357,20.214443
3133,1,2,1,11.375619,2.633643,0.566258,0.807409,0.689212,0.337403,0.981933,0.466148,18.018683
3134,1,2,1,13.464893,2.631490,0.562018,0.806535,0.693230,0.334874,0.986030,0.488954,20.126247
3135,1,2,1,10.631274,2.629932,0.565348,0.810136,0.695723,0.336530,0.982492,0.385139,17.198339
3136,1,2,1,11.191883,2.749335,0.569021,0.805354,0.695415,0.335927,0.984332,0.382105,17.873256
3137,1,2,1,13.524308,2.725970,0.575040,0.813816,0.688295,0.337243,0.984917,0.382886,20.188917
3138,1,2,1,13.470209,2.737655,0.569077,0.808997,0.688671,0.335496,0.985840,0.385766,20.138104
3139,1,2,1,11.725077,2.757507,0.576215,0.811551,0.698535,0.338732,0.986905,0.385907,18.438314
3140,0,2,1,13.737305,2.727046,0.570000,0.805415,0.692566,0.338407,0.984566,0.383687,20.395336
3141,1,2,1,10.745071,2.627187,0.565698,0.807114,0.823606,0.339667,0.983145,0.386019,17.438339
3142,0,2,0,13.705219,2.633317,0.569169,0.933526,0.703065,0.334301,0.994573,0.381397,20.415336
3143,1,2,1,10.742689,2.630806,0.562973,0.816788,0.698148,0.342283,0.981459,0.496086,17.431354
3144,1,2,1,9.237920,2.752154,0.568572,0.807341,0.700419,0.343040,0.982381,0.382874,15.933790
3145,1,2,1,10.617127,2.629027,0.678437,0.810910,0.696025,0.335556,0.996332,0.380529,17.304351
3146,1,2,1,13.691588,2.727126,0.570726,0.803329,0.696462,0.335336,0.981237,0.382462,20.348393
3147,1,2,0,13.661785,2.730092,0.565809,0.807169,0.692050,0.337582,0.985551,0.381390,20.323077
3148,1,2,1,11.202474,2.630819,0.566504,0.809065,0.800474,0.340105,0.986973,0.380560,17.876917
3149,1,2,1,12.879477,2.632480,0.564640,0.816259,0.794751,0.340111,0.997316,0.386880,19.572271
3150,1,2,1,10.738203,2.629563,0.561003,0.812148,0.691083,0.340135,0.996190,0.386234,17.312375
3151,1,2,1,13.434455,2.629428,0.564031,0.810098,0.695797,0.341003,0.982363,0.385224,19.997975
3152,1,2,1,11.352486,2.632363,0.560474,0.801809,0.694338,0.338105,0.982775,0.382726,17.901206
3153,1,2,1,10.653108,2.724677,0.569163,0.816289,0.692861,0.337440,0.985914,0.383139,17.321496
3154,1,2,1,13.083736,2.729637,0.562634,0.810720,0.699077,0.334942,0.981133,0.379945,19.738849
3155,1,2,1,12.233907,2.630603,0.691692,0.813834,0.692942,0.336849,0.987280,0.383428,18.933224
3156,1,2,1,13.596203,2.714190,0.582160,0.807582,0.694689,0.335101,0.979034,0.383354,20.253410
3157,1,2,1,10.764326,2.632092,0.566603,0.816037,0.699741,0.423434,0.994394,0.401871,17.461342
3158,1,2,1,11.579680,2.630775,0.564296,0.808523,0.695077,0.337747,0.981194,0.382628,18.135138
3159,1,2,1,11.652967,2.630086,0.570690,0.806080,0.690794,0.337624,0.998074,0.383218,18.230074
3160,1,2,1,13.572424,2.632437,0.562185,0.811292,0.693465,0.336627,0.985397,0.380726,20.131883
3161,1,2,1,13.636972,2.628960,0.563803,0.808806,0.695440,0.339428,0.994695,0.381329,20.209409
3162,1,2,1,9.389440,2.741649,0.569299,0.806356,0.696191,0.336670,0.981237,0.384978,16.065735
3163,1,2,1,10.706308,2.631218,0.565951,0.810264,0.808141,0.337551,0.985170,0.388450,17.395594
3164,0,2,0,13.481175,2.632154,0.561631,0.808425,0.832037,0.338517,0.988240,0.385329,20.192136
3165,0,2,0,13.335982,2.629150,0.576111,0.801544,0.812751,0.339095,0.982240,0.380616,20.022535
3166,0,2,0,13.589323,2.630203,0.567059,0.930646,0.704074,0.337698,0.983859,0.385267,20.289821
3167,0,2,0,13.633692,2.633323,0.571428,0.936154,0.704302,0.338966,0.981735,0.383508,20.345280
3168,1,2,1,13.733139,2.627957,0.667040,0.810640,0.690536,0.336492,0.980936,0.384117,20.389022
3169,1,2,1,11.635188,2.630388,0.567360,0.815133,0.796203,0.338074,0.986067,0.385114,18.314973
3170,0,2,0,13.874314,2.632191,0.568787,0.919458,0.711299,0.340794,0.983095,0.383538,20.573969
3171,1,2,1,13.451957,2.629631,0.571735,0.934486,0.708584,0.337385,0.982677,0.382990,20.160190
3172,1,2,1,10.639286,2.628708,0.560480,0.810499,0.695870,0.339650,0.997496,0.483790,17.313673
3173,1,2,1,11.246856,2.634886,0.561778,0.810166,0.691077,0.337181,0.989022,0.384062,17.816745
3174,1,2,1,9.364818,2.750690,0.560990,0.811181,0.696376,0.339877,0.983477,0.384819,16.050713
3175,0,2,0,13.690314,2.726948,0.571551,0.807557,0.695033,0.337551,0.985772,0.381643,20.355120
3176,1,2,1,11.757853,2.633286,0.566061,0.916523,0.691127,0.337784,0.981784,0.385932,18.430068
3177,1,2,1,13.556333,2.630148,0.676776,0.813311,0.700431,0.340646,0.984357,0.381662,20.243926
3178,1,2,1,11.706769,2.631938,0.562880,0.815914,0.782271,0.342456,0.980818,0.381847,18.363662
3179,0,2,0,13.311532,2.632775,0.569563,0.804056,0.790689,0.339914,0.986412,0.382116,19.979686
3180,1,2,1,11.656898,2.628006,0.561280,0.810462,0.698215,0.338923,0.980240,0.504117,18.334381
3181,1,2,1,13.356228,2.627643,0.561514,0.806179,0.688308,0.336388,0.981323,0.490984,20.008874
3182,1,2,1,10.605945,2.635329,0.559243,0.805840,0.697932,0.339096,0.987889,0.382677,17.171089
3183,1,2,1,13.609778,2.627784,0.562960,0.816708,0.694757,0.336493,0.983052,0.381164,20.173047
3184,1,2,1,10.712542,2.732240,0.565090,0.812110,0.699858,0.332929,0.979698,0.380246,17.372935
3185,1,2,1,13.368948,2.779545,0.572696,0.806264,0.698314,0.333083,0.979809,0.439514,20.146541
3186,1,2,1,10.834800,2.632388,0.570701,0.956566,0.702338,0.341459,0.995754,0.379791,17.574511
3187,0,2,0,13.840166,2.631945,0.703483,0.813470,0.695274,0.335951,0.993815,0.379699,20.554738
3188,1,2,1,13.346665,2.628240,0.684517,0.810031,0.697096,0.337120,0.995095,0.385822,20.044776
3189,0,2,0,13.672696,2.729464,0.568578,0.805003,0.694136,0.335421,0.983853,0.382930,20.332677
3190,1,2,1,10.760886,2.632573,0.559262,0.814855,0.695532,0.367920,0.983847,0.386160,17.444591
3191,1,2,1,13.614351,2.626314,0.572062,0.805901,0.811440,0.340880,0.990745,0.383790,20.310726
3192,0,2,0,13.836751,2.630690,0.566486,0.931742,0.705502,0.336289,0.985883,0.382227,20.533889
3193,0,2,0,13.724923,2.631225,0.576517,0.916690,0.704923,0.336227,0.988283,0.388302,20.430702
3194,1,2,1,12.899459,2.625243,0.570597,0.921606,0.706702,0.340856,0.996862,0.384179,19.606818
3195,0,2,0,13.759323,2.631218,0.664468,0.813157,0.699760,0.337539,0.981976,0.382868,20.434634
3196,1,2,1,10.666991,2.630080,0.560271,0.812874,0.695089,0.338733,0.998320,0.413015,17.276584
3197,1,2,1,10.919631,2.630314,0.566185,0.813877,0.694579,0.339594,0.993446,0.385089,17.503539
3198,1,2,1,13.769212,2.630776,0.566831,0.809089,0.692812,0.336086,0.984997,0.386770,20.333040
3199,1,2,1,13.674338,2.635391,0.567293,0.813071,0.693772,0.342443,0.996370,0.385366,20.264794
3200,1,2,1,11.539058,2.627415,0.564646,0.805310,0.696073,0.343034,0.983207,0.378911,18.096603
3201,0,2,0,13.994136,2.630148,0.570240,0.803655,0.695514,0.337797,0.981262,0.383631,20.552209
3202,1,2,1,11.204523,2.754141,0.568738,0.807551,0.694049,0.341686,0.988917,0.383089,17.902105
3203,1,2,1,13.568087,2.729169,0.570332,0.808701,0.693028,0.339649,0.982136,0.383760,20.236086
3204,1,2,1,11.671920,2.724886,0.572302,0.804658,0.696327,0.340326,0.983065,0.384535,18.339698
3205,1,2,1,11.772301,2.632560,0.565748,0.946061,0.702763,0.338425,0.982024,0.386689,18.486609
3206,0,2,0,13.471268,2.631920,0.564147,0.921502,0.700123,0.338110,0.986794,0.380830,20.156954
3207,1,2,1,13.564179,2.628517,0.665815,0.812948,0.694092,0.340357,0.979108,0.382609,20.227982
3208,1,2,1,10.749883,2.631200,0.566067,0.806086,0.694086,0.337920,0.999692,0.406542,17.351975
3209,1,2,1,11.388856,2.633052,0.565581,0.811311,0.692178,0.335083,0.986732,0.383354,17.957520
3210,1,2,1,10.619267,2.741224,0.566935,0.807587,0.698332,0.336191,0.981643,0.379268,17.288615
3211,1,2,1,13.570450,2.655945,0.575101,0.813372,0.691901,0.337237,0.987976,0.382308,20.180474
3212,1,2,0,13.837452,2.630776,0.568215,0.807373,0.694153,0.337459,0.983753,0.389348,20.406714
3213,1,2,1,10.708400,2.759760,0.573009,0.811631,0.691736,0.335218,0.996031,0.381914,17.416098
3214,1,2,1,13.199994,2.723138,0.570794,0.805483,0.693582,0.338640,0.981384,0.383618,19.856843
3215,1,2,1,13.542178,2.726462,0.570271,0.814868,0.697089,0.336357,0.995680,0.381231,20.222450
3216,1,2,1,10.706375,2.631182,0.568572,0.803108,0.830117,0.337723,0.986400,0.382178,17.408708
3217,1,2,0,12.830480,2.632781,0.563649,0.810191,0.697249,0.355982,0.987390,0.386221,19.512585
3218,1,2,1,11.612560,2.631607,0.567538,0.811760,0.695538,0.338905,0.984818,0.511834,18.316388
3219,1,2,1,13.761058,2.629988,0.561736,0.815901,0.699225,0.340129,0.996634,0.413163,20.375834
3220,1,2,1,11.786584,2.628677,0.563655,0.808363,0.694455,0.341040,0.985323,0.384178,18.346930
3221,1,2,1,10.707877,2.757298,0.574129,0.805797,0.698480,0.338123,0.982843,0.384825,17.407292
3222,0,2,0,13.302203,2.929403,0.569212,0.806603,0.697083,0.338868,0.980067,0.379163,20.161391
3223,1,2,1,13.756806,2.633280,0.567496,0.818363,0.700172,0.340775,0.997631,0.380320,20.354942
3224,1,2,0,13.600991,2.630363,0.568332,0.804615,0.693305,0.335255,0.982209,0.383613,20.156954
3225,1,2,1,10.652984,2.731089,0.568683,0.814338,0.694295,0.339434,0.986720,0.380117,17.327206
3226,1,2,0,12.891662,2.726584,0.569963,0.803459,0.694320,0.340369,0.984006,0.378677,19.546240
3227,1,2,1,10.706714,2.628880,0.563034,0.808117,0.802597,0.346547,0.983655,0.387280,17.396744
3228,1,2,1,11.538936,2.628062,0.562074,0.815563,0.695348,0.340462,0.985514,0.475883,18.202234
3229,0,2,0,13.658610,2.625723,0.568566,0.805323,0.693920,0.339175,1.031120,0.403385,20.286030
3230,1,2,1,11.731206,2.632056,0.562523,0.817895,0.703317,0.339372,0.996665,0.380425,18.321102
3231,1,2,1,12.506517,2.635206,0.573169,0.805686,0.688474,0.339834,0.982006,0.383791,19.070160
3232,1,2,1,13.610276,2.632640,0.566535,0.807556,0.689052,0.337095,0.980640,0.386221,20.170541
3233,1,2,1,9.457643,2.736960,0.566055,0.815206,0.694024,0.337582,0.982966,0.383815,16.136880
3234,1,2,0,12.729514,2.633619,0.697612,0.810068,0.698350,0.336800,0.984037,0.380628,19.428806
3235,1,2,1,10.651471,2.629305,0.568979,0.811859,0.688493,0.337735,0.995624,0.411317,17.252947
3236,0,2,0,13.640782,2.629815,0.567741,0.810092,0.695520,0.446689,0.991520,0.398228,20.339089
3237,1,2,1,11.268634,2.629588,0.567391,0.813477,0.693243,0.338467,0.982628,0.382541,17.833859
3238,1,2,1,13.642683,2.629348,0.561975,0.806191,0.698185,0.339901,0.986160,0.379576,20.200960
3239,1,2,1,12.936653,2.635877,0.569600,0.810788,0.693089,0.340092,0.982296,0.382886,19.508369
3240,1,2,1,11.835550,2.627846,0.562363,0.808621,0.697963,0.339957,0.980394,0.382917,18.394067
3241,0,2,0,14.010246,2.637827,0.564394,0.809563,0.697994,0.339865,0.991267,0.387711,20.597379
3242,1,2,1,11.543428,2.640529,0.565354,0.810670,0.697502,0.342843,0.984227,0.384080,18.125637
3243,1,2,1,11.665852,2.752886,0.570941,0.815655,0.696572,0.340030,0.984044,0.378757,18.365865
3244,0,2,1,10.998086,2.628043,0.567692,0.913403,0.700591,0.339680,0.985144,0.380720,17.671157
3245,1,2,1,9.375298,2.632474,0.569631,0.810942,0.696985,0.335433,0.986425,0.378142,15.940947
3246,1,2,1,13.676050,2.631551,0.563471,0.816899,0.693409,0.336966,0.980942,0.388393,20.242597
3247,1,2,1,13.764652,2.630056,0.568246,0.817015,0.690283,0.339489,0.985736,0.383539,20.336338
3248,1,2,1,10.815680,2.631551,0.564092,0.809249,0.699298,0.339490,0.997705,0.377889,17.389064
3249,0,2,0,13.900387,2.632880,0.565643,0.809373,0.689716,0.340511,0.980923,0.386818,20.466228
3250,1,2,1,13.219495,2.630573,0.565982,0.811871,0.691582,0.340732,0.982480,0.381532,19.782123
3251,1,2,1,10.729692,2.732775,0.574240,0.809662,0.693458,0.338936,0.984314,0.378382,17.400806
3252,1,2,1,12.806234,2.732997,0.563028,0.808222,0.692794,0.337816,0.995908,0.386474,19.480781
3253,1,2,1,10.677582,2.633403,0.565391,0.809950,0.700849,0.345926,0.981625,0.387188,17.353133
3254,1,2,1,12.532013,2.630468,0.568130,0.805181,0.696566,0.340056,0.993071,0.403034,19.125015
3255,1,2,1,10.619889,2.632702,0.566172,0.803821,0.692677,0.335637,0.983945,0.380800,17.173822
3256,1,2,1,11.819348,2.639495,0.560542,0.808252,0.693686,0.337569,0.987311,0.382621,18.386862
3257,1,2,1,13.435883,2.636369,0.564621,0.810855,0.690634,0.336400,0.980973,0.383453,19.996080
3258,1,2,1,11.731840,2.724973,0.567311,0.811729,0.690013,0.336966,0.981304,0.377022,18.383163
3259,0,2,0,13.864203,2.747256,0.568941,0.805083,0.689581,0.333994,0.982935,0.381250,20.533957
3260,1,2,1,10.718616,2.630689,0.566763,0.933858,0.700560,0.339748,0.980130,0.381311,17.409914
3261,1,2,0,13.521489,2.627483,0.672117,0.815459,0.698917,0.338924,0.983052,0.378690,20.196886
3262,1,2,1,10.699163,2.629126,0.557458,0.809600,0.690277,0.335126,0.985255,0.415501,17.285009
3263,1,2,1,10.623206,2.627883,0.563662,0.807459,0.695403,0.340313,0.985477,0.380996,17.184775
3264,1,2,1,13.515428,2.630080,0.566886,0.812553,0.694560,0.337895,0.988529,0.385569,20.087385
3265,1,2,1,10.732671,2.737175,0.577717,0.809594,0.696793,0.339496,0.981883,0.381680,17.414898
3266,0,2,0,13.967107,2.741385,0.569883,0.806967,0.694504,0.341483,0.997526,0.382215,20.655495
3267,1,2,1,11.464683,2.731323,0.576062,0.806954,0.698911,0.336646,0.981791,0.383433,18.139305
3268,1,2,1,11.415662,2.629483,0.565502,0.911372,0.696068,0.339323,0.984105,0.385471,18.087353
3269,1,2,1,10.763889,2.638049,0.568431,0.812745,0.694689,0.334972,0.982763,0.487711,17.440554
3270,1,2,1,10.614388,2.628400,0.565927,0.807871,0.694591,0.339514,0.983717,0.380123,17.172972
3271,1,2,1,13.528184,2.630609,0.572381,0.807976,0.692461,0.342289,0.985323,0.386216,20.102714
3272,1,2,1,13.654124,2.630363,0.563514,0.809637,0.697151,0.336474,0.988369,0.383176,20.219951
3273,1,2,0,13.712382,2.631428,0.568369,0.809680,0.690856,0.338382,0.980227,0.378542,20.266504
3274,1,2,1,11.213219,2.732517,0.570215,0.811834,0.695422,0.334542,0.981230,0.378505,17.877667
3275,1,2,1,11.654640,2.750437,0.569176,0.808935,0.695206,0.339286,0.986387,0.384769,18.352412
3276,1,2,1,10.718689,2.632542,0.563053,0.810049,0.821563,0.335963,0.984204,0.384332,17.413003
3277,1,2,1,13.589360,2.631027,0.567372,0.811231,1.006628,0.337593,0.983600,0.383132,20.471637
3278,0,2,0,13.619360,2.633416,0.566628,0.945280,0.699902,0.334332,0.982800,0.382726,20.323766
3279,1,2,1,11.708867,2.630954,0.563896,0.810363,0.697397,0.446062,0.993102,0.395564,18.408511
3280,1,2,1,13.518314,2.628997,0.565261,0.812234,0.778936,0.351163,0.989021,0.391206,20.210148
3281,0,2,1,13.289686,2.628855,0.565649,0.812689,0.814283,0.345834,0.983292,0.385484,19.989742
3282,1,2,1,11.512652,2.628947,0.566529,0.815975,0.695704,0.338807,0.996215,0.485077,18.193846
3283,1,2,1,11.712443,2.629391,0.566541,0.810154,0.694670,0.338597,0.980585,0.383563,18.275784
3284,1,2,0,13.270886,2.629163,0.561994,0.816326,0.695834,0.342234,0.982782,0.388646,19.843810
3285,0,2,0,13.858210,2.631698,0.566615,0.813895,0.691557,0.337502,0.981403,0.382436,20.423551
3286,1,2,1,13.611299,2.631865,0.567218,0.813059,0.697169,0.341668,0.983015,0.384474,20.188978
3287,1,2,1,13.657083,2.626917,0.570523,0.808739,0.698086,0.338517,0.987440,0.384695,20.232019
3288,1,2,1,10.815957,2.630222,0.567520,0.807692,0.699994,0.343415,0.988019,0.386591,17.396173
3289,1,2,1,11.251483,2.729711,0.571883,0.817372,0.696246,0.336203,0.994136,0.379440,17.933753
3290,0,2,0,13.824830,2.730068,0.568585,0.810258,0.691815,0.337342,0.996160,0.388283,20.503778
3291,1,2,1,13.529194,2.728548,0.562228,0.805267,0.690400,0.336911,0.981870,0.384788,20.178874
3292,1,2,0,13.652751,2.741631,0.565938,0.814480,0.694775,0.341557,0.980708,0.383514,20.333514
3293,1,2,1,13.553913,2.727409,0.570806,0.811237,0.695686,0.340166,0.986233,0.379797,20.227754
3294,1,2,0,13.739059,2.627698,0.565914,0.810504,0.692911,0.343274,0.986025,0.386819,20.307040
3295,1,2,1,10.705095,2.729089,0.569379,0.812037,0.693526,0.343563,0.987674,0.380806,17.385120
3296,1,2,1,13.536997,2.727114,0.567729,0.808499,0.691545,0.341379,0.988320,0.379883,20.198849
3297,1,2,1,11.233575,2.628018,0.571950,0.812560,0.806080,0.340621,0.998776,0.383163,17.934579
3298,1,2,0,13.566898,2.629286,0.564222,0.914591,0.693465,0.338831,0.985071,0.378240,20.227373
3299,1,2,1,11.685230,2.633089,0.563219,0.808849,0.697674,0.339182,0.990677,0.398566,18.280234
3300,1,2,1,10.713004,2.633163,0.568523,0.809261,0.693686,0.334892,0.985434,0.383551,17.278117
3301,1,2,1,11.155914,2.737705,0.569329,0.808271,0.690265,0.337267,0.997336,0.383237,17.836271
3302,1,2,1,13.582837,2.655434,0.564751,0.811588,0.695711,0.337815,0.985046,0.386301,20.186566
3303,1,2,1,10.687249,2.752462,0.567766,0.811163,0.695803,0.336172,0.990800,0.385132,17.388277
3304,1,2,1,13.524849,2.730942,0.571587,0.817409,0.692997,0.334868,0.988320,0.382227,20.204978
3305,1,2,1,11.483889,2.633520,0.570129,0.908050,0.714535,0.341544,0.985538,0.382590,18.184818
3306,1,2,1,13.566166,2.635434,0.566431,0.963490,0.707723,0.337015,0.994234,0.383711,20.316234
3307,1,2,1,11.447846,2.633237,0.567704,0.810904,0.695822,0.339840,0.982394,0.420978,18.059582
3308,1,2,1,13.531261,2.631416,0.563108,0.808880,0.693852,0.339895,1.074972,0.412972,20.216738
3309,0,2,0,13.703563,2.628972,0.568609,0.812099,0.796375,0.345650,0.985914,0.388911,20.405003
3310,1,2,1,10.626806,2.636062,0.565637,0.808837,0.694450,0.336745,0.982185,0.379175,17.183724
3311,1,2,1,13.667138,2.631182,0.569613,0.811311,0.696295,0.341477,0.988941,0.380302,20.245089
3312,1,2,1,13.604591,2.627397,0.565065,0.812554,0.693102,0.337889,0.987613,0.386308,20.172345
3313,1,2,0,12.840824,2.635317,0.561114,0.812197,0.696966,0.343520,0.981594,0.381545,19.411225
3314,1,2,1,11.934585,2.750511,0.663526,1.158750,0.871113,0.372985,1.008111,0.564880,19.528763
3315,1,2,1,14.995630,2.808517,0.662524,0.954031,0.827846,0.415040,1.003120,0.564413,22.430123
3316,0,2,0,14.700904,2.641077,0.569096,0.930252,0.719133,0.342480,0.997766,0.399742,21.466455
3317,1,2,1,13.695649,2.684578,0.638327,0.914646,0.755834,0.363027,0.997415,0.471791,20.698505
3318,0,2,0,13.731772,3.029840,0.670419,0.994849,0.836333,0.371225,1.010757,0.578658,21.446135
3319,1,2,1,12.441206,2.953219,0.678430,1.023766,0.945354,0.424874,1.004203,0.479976,20.167089
3320,1,2,1,11.745010,3.041656,0.733932,0.895655,0.747619,0.357871,0.994942,0.565323,19.273896
3321,1,2,1,11.904560,2.645607,0.582597,0.963219,0.719957,0.344073,0.992880,0.398898,18.719181
3322,0,2,0,14.018068,2.908025,0.832327,0.944708,0.895717,0.428062,1.017710,0.598019,21.844843
3323,1,2,1,11.300086,2.838542,0.876960,0.900991,0.943828,0.422086,1.010751,0.587157,19.097108
3324,1,2,0,15.257779,3.102701,0.699427,0.942997,0.908609,0.426203,1.011354,0.530092,23.093015
3325,1,2,1,13.437052,2.879022,0.697298,0.983791,0.887785,0.426665,1.002726,0.577914,21.114707
3326,1,2,1,12.189950,2.637532,0.555489,0.803489,0.694886,0.334978,0.980320,0.386055,18.740333
3327,1,2,0,12.880984,2.628553,0.567649,0.816172,0.696437,0.338326,0.987298,0.378898,19.455729
3328,1,2,1,10.800843,2.744216,0.564910,0.815243,0.695188,0.340634,0.984578,0.381834,17.489286
3329,1,2,1,11.539452,2.628751,0.566222,0.950430,0.707582,0.342012,0.984523,0.384037,18.264898
3330,1,2,1,11.289606,2.629366,0.567852,0.811951,0.694320,0.336603,0.990184,0.428289,17.910517
3331,1,2,1,11.814979,2.632585,0.567273,0.804474,0.696025,0.338381,0.981194,0.383914,18.376972
3332,0,2,0,13.776733,2.631052,0.561920,0.809373,0.687735,0.337576,0.994917,0.462677,20.424117
3333,1,2,1,10.620972,2.631951,0.563600,0.804031,0.698209,0.340535,0.984492,0.383821,17.185083
3334,0,2,0,13.933920,2.630160,0.563169,0.808954,0.695433,0.342554,0.981126,0.380511,20.492117
3335,0,2,0,13.335507,2.633760,0.569102,0.814443,0.695459,0.341366,0.985255,0.380739,19.917015
3336,1,2,1,10.656904,2.729286,0.568246,0.808610,0.696480,0.336431,0.984843,0.380991,17.318086
3337,1,2,1,10.734843,2.628776,0.563637,0.905717,0.701028,0.335459,0.981796,0.384597,17.398124
3338,0,2,0,13.545662,2.631009,0.564905,0.926941,0.698825,0.337981,0.987563,0.383372,20.230788
3339,1,2,1,10.735877,2.630750,0.566407,0.809483,0.694345,0.337434,1.075218,0.406560,17.415557
3340,1,2,1,10.614800,2.636043,0.561650,0.804597,0.692923,0.340486,0.995071,0.380524,17.183514
3341,1,2,1,10.722319,2.733827,0.572338,0.809200,0.696671,0.334184,0.999182,0.378320,17.406929
3342,1,2,1,11.201446,2.634960,0.564936,0.944769,0.706640,0.337496,0.980634,0.381163,17.913046
3343,1,2,1,12.832984,2.632357,0.566954,0.944794,0.703637,0.339944,0.984160,0.379022,19.542357
3344,1,2,1,11.798542,2.632117,0.563631,0.809846,0.698844,0.343987,0.989471,0.414591,18.411231
3345,1,2,1,13.561367,2.638812,0.564825,0.816277,0.689938,0.449594,0.987471,0.403791,20.268437
3346,1,2,1,13.541612,2.635766,0.567803,0.805840,0.802234,0.343582,0.999877,0.388850,20.258024
3347,1,2,1,10.707262,2.629403,0.568092,0.810375,0.694751,0.336942,0.983329,0.380455,17.271422
3348,0,2,0,13.879126,2.624935,0.567027,0.809730,0.688166,0.338548,0.995827,0.383310,20.440363
3349,1,2,1,13.618825,2.630867,0.573181,0.816708,0.693464,0.335803,0.985065,0.497539,20.313348
3350,1,2,1,11.843662,2.627151,0.566493,0.808227,0.695901,0.340493,0.985717,0.383908,18.411151
3351,1,2,1,13.779994,2.630443,0.566167,0.813692,0.686449,0.340025,0.984443,0.376437,20.338873
3352,1,2,1,10.693791,2.739551,0.568855,0.805600,0.690720,0.343151,0.990215,0.379145,17.371010
3353,0,2,0,13.925360,2.628166,0.571434,0.806714,0.694025,0.337821,0.991908,0.382092,20.495052
3354,0,2,0,13.606505,2.632498,0.564086,0.811428,0.698209,0.335545,0.983286,0.380055,20.168498
3355,1,2,1,13.515040,2.632154,0.569144,0.817483,0.697237,0.339034,0.983723,0.383957,20.096862
3356,1,2,1,13.602283,2.633613,0.572530,0.813108,0.694068,0.340739,0.984554,0.386178,20.183557
3357,0,2,0,13.063230,2.633532,0.570874,0.812074,0.700394,0.339588,0.981095,0.382788,19.642707
3358,1,2,1,11.856524,2.732585,0.564271,0.809514,0.691859,0.338517,0.982769,0.383323,18.518664
3359,1,2,1,10.796750,2.635274,0.676837,0.819883,0.694468,0.342763,0.982776,0.379723,17.489753
3360,1,2,1,14.273581,2.725569,0.569372,0.808911,0.691686,0.343305,0.985077,0.382733,20.937914
3361,0,2,0,13.781877,2.732326,0.561920,0.808338,0.694665,0.339415,0.983513,0.381016,20.440720
3362,1,2,1,11.371999,2.628880,0.563126,0.932493,0.697656,0.335416,0.983237,0.379544,18.048197
3363,1,2,1,13.540886,2.630025,0.563643,0.911902,0.694616,0.340431,0.982689,0.381243,20.203409
3364,1,2,1,10.638025,2.634862,0.564880,0.802763,0.696104,0.339877,0.985785,0.400892,17.220406
3365,0,2,0,13.555126,2.631827,0.564873,0.809705,0.697729,0.339569,0.983692,0.404043,20.149594
3366,1,2,1,10.678271,2.628468,0.562141,0.811588,0.691483,0.336720,0.982295,0.385138,17.231600
3367,1,2,0,13.803489,2.634240,0.571015,0.805150,0.693994,0.338215,0.986984,0.389070,20.380030
3368,1,2,1,12.808843,2.630185,0.568099,0.807255,0.698148,0.341403,0.984024,0.381237,19.375034
3369,1,2,1,14.354271,2.626560,0.570776,0.811274,0.693834,0.339489,0.982689,0.378701,20.916997
3370,1,2,1,10.666092,2.735126,0.567655,0.803889,0.692806,0.336714,0.985366,0.380136,17.327520
3371,1,2,1,13.695243,2.636511,0.571446,0.800314,0.693495,0.339785,0.994216,0.390228,20.280197
3372,1,2,1,10.700179,2.735422,0.569576,0.804855,0.699858,0.339280,0.982425,0.382615,17.372296
3373,1,2,1,13.271397,2.722776,0.568634,0.810246,0.695483,0.339914,0.981815,0.382221,19.934184
3374,1,2,1,11.702973,2.630018,0.569459,0.936886,0.704455,0.335157,0.982406,0.385994,18.410332
3375,1,2,1,11.711569,2.631034,0.571447,0.813920,0.692554,0.340929,0.987612,0.418099,18.331581
3376,1,2,0,13.534966,2.629101,0.564221,0.803403,0.694732,0.339089,0.997237,0.416179,20.140406
3377,1,2,1,10.683280,2.628320,0.566074,0.808264,0.697476,0.342135,0.994738,0.384129,17.264467
3378,1,2,1,10.608185,2.740099,0.562086,0.809397,0.701520,0.339434,0.981588,0.386505,17.286166
3379,1,2,1,13.792412,2.751816,0.568677,0.808270,0.692726,0.330905,0.984105,0.381138,20.470689
3380,1,2,0,13.913600,2.633612,0.565022,0.801976,0.695551,0.340640,0.983791,0.383705,20.472800
3381,1,2,1,10.798498,2.737317,0.570807,0.809120,0.695932,0.334590,0.981926,0.380904,17.469729
3382,1,2,1,11.743033,2.632911,0.565736,0.930597,0.697114,0.341280,0.985489,0.380610,18.434486
3383,1,2,1,13.538547,2.632474,0.566431,0.905145,0.700394,0.337735,0.981630,0.384043,20.206733
3384,1,2,1,13.611846,2.627859,0.651347,0.809680,0.692203,0.340388,0.987772,0.383816,20.259981
3385,1,2,1,12.097662,2.632216,0.564837,0.814086,0.825416,0.332160,0.984055,0.387785,18.800277
3386,1,2,1,13.450849,2.632369,0.563588,0.903433,0.702775,0.340179,0.996689,0.384166,20.133360
3387,1,2,1,10.642972,2.630283,0.562400,0.809945,0.698671,0.335631,0.987028,0.469557,17.295686
3388,1,2,1,10.614825,2.629964,0.559809,0.810345,0.692615,0.341649,0.982326,0.381052,17.169576
3389,1,2,1,10.604696,2.733219,0.565785,0.809256,0.698769,0.334345,0.984345,0.379071,17.267033
3390,1,2,1,13.517889,2.751083,0.566344,0.809108,0.697102,0.335538,0.982548,0.385846,20.203987
3391,1,2,1,13.566283,2.734609,0.573575,0.812837,0.696541,0.335274,0.987434,0.383698,20.249625
3392,1,2,1,12.225951,2.720068,0.571674,0.811471,0.689816,0.339895,0.984289,0.383816,18.885963
3393,1,2,1,11.679188,2.629311,0.567169,0.914296,0.726990,0.341489,0.983003,0.380948,18.385507
3394,1,2,1,13.416043,2.632468,0.566585,0.920290,0.707569,0.342443,0.985853,0.384813,20.119440
3395,1,2,0,13.711292,2.636695,0.566892,0.920277,0.701767,0.339422,0.993138,0.379550,20.409164
3396,1,2,1,13.190308,2.631102,0.562548,0.950893,0.702584,0.337403,0.982007,0.381317,19.900917
3397,1,2,1,10.615976,2.669317,0.567507,0.808511,0.692905,0.334474,0.993077,0.412855,17.256948
3398,1,2,1,13.650984,2.633723,0.567957,0.805686,0.692898,0.343040,0.981600,0.418936,20.254043
3399,1,2,1,10.606381,2.630012,0.565834,0.814099,0.696308,0.340468,0.985028,0.387723,17.183305
3400,1,2,1,10.711095,2.735101,0.565169,0.807637,0.689520,0.339791,0.986763,0.379908,17.373846
3401,1,2,1,11.937717,2.740363,0.569692,0.813403,0.694615,0.339163,0.981465,0.385077,18.619587
3402,0,2,0,13.779963,2.727053,0.565550,0.812462,0.692154,0.341286,0.981754,0.388179,20.444985
3403,1,2,1,13.575046,2.727501,0.571674,0.816566,0.696357,0.337710,0.993914,0.381686,20.260474
3404,1,2,1,13.508492,2.745163,0.568443,0.808713,0.694234,0.336781,0.984911,0.386221,20.190511
3405,0,2,0,13.697249,2.738671,0.574443,0.811090,0.694972,0.338228,0.984455,0.381791,20.379840
3406,1,2,1,11.243976,2.630640,0.678019,0.808770,0.698782,0.341809,0.982677,0.378874,17.922271
3407,1,2,1,10.762978,2.628510,0.566025,0.805538,0.696818,0.345027,0.990468,0.400418,17.353932
3408,1,2,1,11.676997,2.628609,0.561120,0.806991,0.694387,0.340024,0.987624,0.382006,18.234867
3409,1,2,1,10.847169,2.638770,0.562646,0.815231,0.696370,0.339785,0.997655,0.381557,17.436142
3410,0,2,0,13.650443,2.629735,0.565662,0.809476,0.694087,0.335415,0.982886,0.381360,20.206480
3411,1,2,1,11.256443,2.726824,0.569877,0.812659,0.692991,0.339015,0.984056,0.381403,17.922548
3412,1,2,1,13.547230,2.753231,0.560689,0.807213,0.698806,0.339286,0.979231,0.382197,20.226031
3413,1,2,1,10.730098,2.633366,0.562357,0.931625,0.701810,0.335804,0.983016,0.382025,17.423372
3414,0,2,0,13.875736,2.634578,0.722333,0.823495,0.703299,0.337335,0.984184,0.376782,20.617698
3415,1,2,1,13.492757,2.634320,0.706523,0.820333,0.692099,0.338849,0.987883,0.380357,20.213619
3416,0,2,0,13.691126,2.728283,0.568523,0.809834,0.694942,0.335797,0.984966,0.385416,20.360197
3417,1,2,1,12.562708,2.628818,0.685852,0.818456,0.697200,0.337938,0.981778,0.380904,19.254566
3418,1,2,1,11.642332,2.629643,0.569046,0.809274,0.829046,0.346055,0.983944,0.384148,18.354467
3419,1,2,1,11.657544,2.629913,0.567791,0.811933,0.693926,0.341120,1.041550,0.421551,18.326197
3420,1,2,1,13.455058,2.628375,0.570228,0.810548,0.696363,0.339748,0.997132,0.417637,20.075520
3421,1,2,1,11.439901,2.628474,0.568252,0.811544,0.702062,0.338979,0.980265,0.383594,18.008184
3422,1,2,1,13.625169,2.629649,0.563250,0.806301,0.697403,0.340369,0.983680,0.380867,20.180628
3423,0,2,1,13.736794,2.629477,0.565127,0.809895,0.702455,0.338997,0.989938,0.382610,20.314739
3424,1,2,1,10.767779,2.635772,0.562480,0.807175,0.697717,0.343064,0.984825,0.380615,17.338954
3425,1,2,1,10.753052,2.727797,0.569354,0.805588,0.695859,0.339120,0.982425,0.375637,17.409219
3426,1,2,1,10.736394,2.628621,0.563040,0.808493,0.693588,0.430696,0.985717,0.382505,17.386505
3427,0,2,0,13.586548,2.631815,0.569169,0.813982,0.807255,0.340868,0.995778,0.384751,20.293304
3428,1,2,1,12.414603,2.631514,0.565452,0.808713,0.692178,0.335827,0.985957,0.402923,18.993354
3429,1,2,1,10.626893,2.637052,0.564461,0.808923,0.697587,0.334979,0.982942,0.389053,17.199384
3430,1,2,1,11.150609,2.730590,0.567157,0.805373,0.696092,0.337963,0.996498,0.379132,17.824222
3431,0,2,0,13.883612,2.636295,0.568160,0.813009,0.693871,0.337169,0.985182,0.383464,20.457926
3432,1,2,1,10.598548,2.722751,0.569913,0.810234,0.694708,0.337896,0.984923,0.382628,17.257378
3433,1,2,1,10.775889,2.634006,0.558572,0.812179,0.695489,0.445070,0.987741,0.402720,17.474652
3434,1,2,1,11.576547,2.627532,0.561342,0.804043,0.695569,0.340381,0.997330,0.383933,18.144523
3435,1,2,1,12.679213,2.628338,0.565373,0.810043,0.692702,0.337569,0.984861,0.380289,19.238800
3436,1,2,1,10.604400,2.739231,0.565489,0.808455,0.692344,0.340068,0.980289,0.378449,17.270234
3437,1,2,1,13.645120,2.632935,0.566068,0.810301,0.693003,0.338843,0.996067,0.383723,20.224302
3438,1,2,1,12.869132,2.742523,0.570800,0.805785,0.693003,0.342197,0.997945,0.377495,19.557440
3439,1,2,1,12.845582,2.734800,0.572991,0.804548,0.691828,0.339581,0.991514,0.383877,19.526874
3440,0,2,0,13.567655,2.728800,0.567612,0.809859,0.689741,0.341809,0.984751,0.383453,20.232295
3441,1,2,1,11.522037,2.725224,0.565255,0.798960,0.693046,0.339428,0.985686,0.376855,18.164726
3442,1,2,1,10.737286,2.633164,0.564941,0.811464,0.794517,0.345464,0.983416,0.383458,17.414197
3443,1,2,1,13.508498,2.627551,0.566578,0.818929,0.825064,0.338055,0.981637,0.383545,20.209754
