index,label,pass,prediction,read_decode,resize,normalize,patch,quantize,buffer_prep,kernel,readback,total_ms
0,0,1,0,12.298412,2.593600,0.551821,0.811619,0.665643,0.327292,0.974295,0.367945,18.732831
1,1,1,1,11.232671,2.704935,0.553514,0.802548,0.665053,0.325950,0.966726,0.372456,17.773120
2,1,1,1,10.608683,2.590880,0.549034,0.806013,0.790006,0.330696,0.978148,0.372141,17.182215
3,1,1,0,13.498271,2.585428,0.551883,0.809132,0.809261,0.332843,0.978400,0.369895,20.088098
4,1,1,1,10.491748,2.588855,0.546031,0.803508,0.663293,0.325877,0.976055,0.369766,16.917618
5,1,1,1,13.564757,2.589292,0.550412,0.808437,0.664517,0.328492,0.978222,0.369323,20.005692
6,1,1,1,13.474049,2.592061,0.547551,0.811840,0.668763,0.326430,0.978080,0.363440,19.914117
7,1,1,1,11.236499,2.590794,0.546856,0.796788,0.662030,0.331477,0.979846,0.370283,17.666849
8,1,1,1,13.511433,2.595052,0.549336,0.807927,0.667895,0.330578,0.973422,0.365366,19.947139
9,1,1,1,11.497514,2.693920,0.558954,0.814615,0.665267,0.328480,0.977963,0.369594,18.059415
10,1,1,1,11.106080,2.591883,0.553551,0.899421,0.677299,0.329729,0.977957,0.366314,17.652732
11,1,1,1,11.443526,2.588837,0.552382,0.798154,0.666628,0.332579,0.978560,0.384461,17.894536
12,1,1,1,11.251218,2.590800,0.545570,0.802074,0.664861,0.329403,0.974818,0.368640,17.680702
13,1,1,1,10.554387,2.718535,0.552800,0.795779,0.661735,0.331471,0.975773,0.370247,17.111982
14,1,1,1,11.614190,2.692781,0.556333,0.802499,0.667034,0.327127,0.974905,0.364505,18.151230
15,1,1,1,10.572474,2.592240,0.546265,0.798474,0.665169,0.328584,0.976240,0.395034,17.029963
16,1,1,1,10.413065,2.591859,0.545803,0.800886,0.668960,0.329766,0.974524,0.362855,16.840837
17,1,1,1,10.559483,2.688843,0.554892,0.805643,0.663267,0.326216,0.973957,0.368499,17.092370
18,1,1,1,11.535188,2.590757,0.549440,0.909096,0.672584,0.329742,0.974924,0.366572,18.076996
19,1,1,1,13.092696,2.592529,0.556966,0.912775,0.672523,0.328695,0.979667,0.368911,19.655575
20,1,1,1,10.507274,2.588357,0.551040,0.806259,0.673668,0.331582,0.976566,0.367994,16.953292
21,1,1,1,13.317490,2.591120,0.543612,0.807877,0.672646,0.332504,0.967347,0.371858,19.757133
22,1,1,1,11.161495,2.590000,0.552449,0.804049,0.668173,0.330572,0.977422,0.367920,17.603508
23,1,1,1,11.491834,2.728074,0.553470,0.804701,0.671077,0.332572,0.965594,0.368025,18.067791
24,1,1,1,11.142068,2.591311,0.656418,0.816283,0.675951,0.331397,0.973016,0.368191,17.711458
25,1,1,1,10.557052,2.591797,0.550788,0.810222,0.666560,0.334308,0.982941,0.401544,17.048560
26,1,1,1,10.572043,2.588972,0.551643,0.797471,0.668708,0.332584,0.980387,0.370363,17.014313
27,0,1,0,13.194148,2.594461,0.548487,0.802745,0.670209,0.331188,0.964480,0.367803,19.622806
28,1,1,1,10.610443,2.685188,0.554031,0.809200,0.668061,0.329698,0.977600,0.373951,17.159686
29,1,1,1,10.526130,2.592191,0.547022,0.803581,0.667354,0.412867,0.969600,0.377286,17.047612
30,1,1,1,12.529692,2.592148,0.546572,0.800474,0.667600,0.327372,0.980160,0.386504,18.983496
31,1,1,1,11.078505,2.588234,0.542960,0.794209,0.665293,0.329625,0.978234,0.369379,17.496295
32,1,1,1,13.458831,2.589883,0.547570,0.804037,0.669446,0.325335,0.974905,0.368265,19.891963
33,1,1,1,11.217274,2.706578,0.553859,0.803268,0.664043,0.330529,0.970437,0.368978,17.765391
34,0,1,0,13.092449,2.700111,0.551846,0.801416,0.676861,0.323508,0.976603,0.364265,19.640086
35,1,1,1,10.113378,2.595151,0.550621,0.801415,0.782443,0.334068,0.979828,0.374942,16.685932
36,0,1,0,13.520191,2.589784,0.551877,0.930714,0.683600,0.327348,0.973908,0.364720,20.097459
37,1,1,1,13.407581,2.589298,0.547452,0.905538,0.680394,0.330043,0.973433,0.369040,19.957446
38,1,1,1,10.586320,2.588012,0.549859,0.797545,0.663661,0.328523,0.961674,0.363847,16.991711
39,1,1,1,13.196505,2.591028,0.551299,0.800227,0.662517,0.332129,0.966880,0.369557,19.622007
40,0,1,0,13.640153,2.591908,0.552302,0.802130,0.668111,0.324364,0.972080,0.366203,20.068357
41,1,1,1,11.787890,2.598123,0.545569,0.801077,0.666954,0.330056,0.975108,0.368221,18.221514
42,1,1,1,10.591920,2.714757,0.556295,0.799237,0.667366,0.328474,0.975680,0.366074,17.153058
43,0,1,0,13.322123,2.695871,0.552443,0.797699,0.666110,0.325619,0.964351,0.370049,19.847834
44,1,1,1,13.435643,2.687329,0.550689,0.796431,0.670037,0.326136,0.978905,0.367077,19.966062
45,1,1,1,13.326936,2.685539,0.557729,0.800074,0.663004,0.328800,0.978670,0.370388,19.862326
46,1,1,1,9.222788,2.592424,0.550953,0.801704,0.672000,0.330462,0.996271,0.400111,15.722701
47,1,1,1,10.514148,2.589821,0.547778,0.797754,0.664049,0.331200,0.976356,0.372093,16.943538
48,1,1,1,10.427367,2.687865,0.547138,0.804363,0.667742,0.323175,0.974979,0.366277,16.951526
49,1,1,1,13.351815,2.710898,0.545440,0.801293,0.667625,0.325791,0.976523,0.372000,19.903607
50,1,1,1,10.602991,2.595865,0.553034,0.805656,0.669883,0.349224,0.978080,0.369895,17.175729
51,1,1,1,13.320591,2.592941,0.551046,0.806338,0.667981,0.432714,0.966696,0.381028,19.867354
52,1,1,1,18.362991,2.600087,0.553735,0.808116,0.668769,0.329501,0.973705,0.367329,24.814726
53,1,1,1,20.083871,2.594547,0.554006,0.941760,0.673840,0.330621,0.976825,0.371896,26.679951
54,1,1,1,20.545920,2.591298,0.548615,0.800733,0.664160,0.327741,1.097410,0.409132,27.140142
55,1,1,1,20.321255,2.589526,0.550080,0.801877,0.665396,0.330720,0.980756,0.368105,26.756640
56,1,1,1,19.901305,2.589853,0.685249,0.807034,0.669391,0.320443,0.977686,0.366320,26.471071
57,0,1,0,20.074936,2.590942,0.556098,0.802966,0.671710,0.327501,0.983563,0.408370,26.567114
58,1,1,1,17.765699,2.718129,0.557582,0.804369,0.671064,0.327668,0.976430,0.367877,24.344123
59,1,1,1,20.263403,2.590412,0.550240,0.800966,0.664437,0.347994,0.969120,0.372185,26.824504
60,1,1,1,16.114800,2.821785,0.558997,0.798584,0.671120,0.323877,0.974634,0.366763,22.780720
61,0,1,0,20.867342,2.589896,0.554658,0.799341,0.827551,0.331588,0.974757,0.373151,27.471046
62,1,1,1,20.251021,2.592646,0.549655,0.803557,0.664702,0.328480,0.975212,0.368732,26.684339
63,0,1,0,20.751662,2.729459,0.556012,0.801095,0.661397,0.326984,0.977378,0.366917,27.320271
64,1,1,1,20.274222,2.592535,0.551317,0.945366,0.677705,0.327206,0.975557,0.368579,26.867360
65,0,1,0,20.973496,2.591514,0.549200,0.800006,0.671501,0.331927,0.978320,0.401741,27.451163
66,1,1,1,17.386148,2.707514,0.556892,0.807895,0.668222,0.328658,0.978363,0.361975,23.948043
67,0,1,0,20.840591,2.591495,0.549865,0.803089,0.797563,0.328997,0.964942,0.373889,27.405495
68,1,1,1,17.816744,2.610252,0.555021,0.802671,0.672197,0.327932,0.976880,0.368941,24.288554
69,1,1,1,17.109938,2.589895,0.549957,0.803064,0.664431,0.330633,0.977667,0.498775,23.673502
70,1,1,1,20.210861,2.593391,0.561077,0.797876,0.668486,0.327680,0.976123,0.366776,26.653618
71,1,1,1,20.178375,2.591692,0.689730,0.808227,0.667705,0.326603,0.975422,0.373200,26.762874
72,1,1,1,17.383618,2.592554,0.548295,0.808893,0.671212,0.326763,0.974381,0.371022,23.830000
73,1,1,0,20.261434,2.714424,0.554905,0.806099,0.665693,0.323859,0.969754,0.360062,26.809120
74,1,1,1,16.569347,2.593427,0.552000,0.800393,0.669853,0.326942,0.977224,0.369876,23.014412
75,1,1,1,20.055182,2.715778,0.555489,0.805680,0.668425,0.329619,0.966745,0.364850,26.613310
76,0,1,0,20.687397,2.592744,0.554732,0.808307,0.670080,0.450111,0.982597,0.381046,27.280905
77,1,1,1,16.390123,2.709089,0.553286,0.800874,0.667877,0.329889,0.972283,0.368265,22.944240
78,1,1,1,16.208781,2.591791,0.550031,0.801151,0.668111,0.328818,0.976627,0.369533,22.643649
79,1,1,1,16.308597,2.592086,0.552449,0.794271,0.664929,0.326670,0.968597,0.497108,22.857723
80,0,1,0,20.203655,2.592265,0.552234,0.799360,0.669206,0.326474,0.973858,0.371046,26.641440
81,0,1,0,20.793255,2.717600,0.549686,0.805938,0.667637,0.329354,0.973994,0.369071,27.355809
82,1,1,1,18.309477,2.589791,0.550904,0.800455,0.675354,0.331963,0.963360,0.369102,24.743551
83,1,1,1,16.428572,2.591040,0.550166,0.798948,0.801760,0.328486,0.979243,0.371908,23.009138
84,1,1,1,16.371071,2.707262,0.551218,0.807692,0.664954,0.325298,0.975476,0.368621,22.921237
85,1,1,1,20.238984,2.594326,0.558690,0.805274,0.817471,0.328142,0.976603,0.370610,26.843144
86,0,1,1,18.383212,2.594228,0.552216,0.801587,0.669914,0.330351,0.974301,0.366375,24.824160
87,1,1,1,18.256153,2.770806,0.714640,0.912935,0.927237,0.383828,0.986887,0.500092,25.639773
88,1,1,0,13.888345,2.693846,0.717613,0.892344,0.815538,0.367212,0.996326,0.492591,21.056837
89,1,1,1,15.101299,3.639415,0.655391,0.897680,0.801588,0.367864,0.978344,0.488701,23.120351
90,1,1,1,20.627329,2.737292,0.553994,0.801311,0.668339,0.323280,0.976376,0.368948,27.212910
91,1,1,0,19.428609,2.592080,0.554530,0.799415,0.662806,0.331095,0.964381,0.501606,25.984973
92,1,1,1,13.957403,2.594856,0.535582,0.801391,0.670443,0.319729,0.977852,0.411533,20.422025
93,1,1,1,13.365643,2.589513,0.551692,0.804972,0.661710,0.328560,0.971613,0.403612,19.829342
94,1,1,1,11.160234,2.592960,0.556597,0.810819,0.670904,0.329858,0.973323,0.365908,17.616431
95,1,1,1,11.551982,2.606191,0.550339,0.802030,0.673200,0.330505,0.980948,0.365902,18.023729
96,1,1,1,13.713809,2.592996,0.556893,0.804831,0.671748,0.329717,0.970413,0.371317,20.163065
97,1,1,1,10.548726,2.693902,0.553267,0.806111,0.670179,0.325686,0.972387,0.366000,17.087913
98,1,1,1,13.420172,2.725760,0.552277,0.809988,0.669157,0.326258,0.973846,0.367698,19.994037
99,1,1,1,13.438271,2.679957,0.558314,0.798800,0.664234,0.330696,0.965021,0.367951,19.956658
100,1,1,1,11.115680,2.598813,0.548000,0.805520,0.668327,0.542499,0.983890,0.374301,17.790166
101,1,1,1,13.478548,2.592616,0.549421,0.802517,0.788855,0.335637,0.979003,0.371699,20.053015
102,1,1,1,10.540419,2.595157,0.553495,0.803662,0.669975,0.328849,0.971797,0.368437,16.985243
103,1,1,1,11.407649,2.591914,0.549034,0.799114,0.666092,0.330062,0.963625,0.370055,17.826449
104,1,1,0,13.707637,2.592154,0.549508,0.806129,0.669649,0.326849,0.971656,0.368142,20.141434
105,1,1,1,13.329200,2.596283,0.544406,0.806812,0.666548,0.328000,0.978689,0.369815,19.769828
106,1,1,0,13.737840,2.592499,0.547625,0.800751,0.673459,0.325686,0.975378,0.368868,20.173625
107,1,1,0,13.661538,2.594314,0.542511,0.802910,0.667219,0.327932,0.965902,0.372449,20.085016
108,1,1,1,11.669360,2.694338,0.555932,0.808147,0.680573,0.326418,0.976209,0.370499,18.232135
109,1,1,1,11.560160,2.589138,0.664117,0.805250,0.664382,0.330689,0.971452,0.368659,18.105378
110,0,1,0,13.679736,2.684567,0.558307,0.808659,0.674117,0.329385,0.972924,0.367809,20.230301
111,1,1,1,10.701594,2.584935,0.549483,0.801600,0.664320,0.332049,0.977945,0.405255,17.169187
112,1,1,1,12.691594,2.623692,0.561594,0.802474,0.668240,0.324899,0.967169,0.410055,19.207188
113,1,1,1,11.341453,2.592548,0.554437,0.803816,0.663600,0.329895,0.975508,0.367243,17.780381
114,1,1,1,10.596135,2.724018,0.549138,0.802948,0.667969,0.329692,0.976049,0.371101,17.167427
115,1,1,1,10.582732,2.587901,0.549631,0.901779,0.675649,0.328307,0.978363,0.369390,17.124824
116,1,1,1,10.541631,2.588222,0.553465,0.806326,0.669607,0.331944,0.977347,0.362344,16.979021
117,0,1,0,13.761477,2.589181,0.548966,0.800622,0.664468,0.327600,0.974867,0.479224,20.298154
118,1,1,1,11.234184,2.592480,0.551126,0.801089,0.668055,0.333422,0.977624,0.364240,17.673520
119,1,1,1,11.944806,2.696781,0.550529,0.792837,0.664068,0.326210,0.978990,0.371065,18.478351
120,1,1,1,12.885329,2.682019,0.555662,0.800074,0.668781,0.326788,0.970387,0.368732,19.407274
121,1,1,1,10.671729,2.591287,0.548597,0.917471,0.670800,0.329576,0.964776,0.368492,17.214117
122,1,1,1,11.241133,2.593058,0.555310,0.808695,0.671434,0.328979,0.970455,0.404665,17.726173
123,1,1,1,13.331095,2.595982,0.548615,0.799785,0.671353,0.329705,0.980074,0.398819,19.807089
124,0,1,0,13.430708,2.590837,0.553575,0.802006,0.673249,0.328228,0.973908,0.402381,19.910129
125,1,1,1,10.604548,2.589083,0.551133,0.801452,0.670308,0.327225,0.973784,0.364529,17.032270
126,1,1,1,10.636985,2.694825,0.551859,0.805895,0.665644,0.329027,0.971403,0.366185,17.172233
127,1,1,1,13.447809,2.725668,0.556524,0.799797,0.669071,0.324646,0.964240,0.367064,20.004856
128,1,1,1,9.204573,2.589827,0.553108,0.810757,0.676449,0.332437,0.978690,0.390184,15.687059
129,0,1,1,12.411095,2.593741,0.551569,0.806566,0.663907,0.328548,0.969256,0.364578,18.840277
130,0,1,0,13.744006,2.593495,0.550529,0.806874,0.672289,0.326455,0.973711,0.565840,20.397373
131,1,1,1,11.803397,2.592610,0.546621,0.796517,0.668634,0.328646,0.963268,0.371840,18.220270
132,1,1,1,13.530252,2.592560,0.553692,0.807145,0.671569,0.330178,0.963200,0.368456,19.969046
133,1,1,1,13.573791,2.593133,0.544277,0.801957,0.665809,0.328037,0.973016,0.371378,20.000874
134,0,1,0,13.784941,2.594351,0.553058,0.807821,0.670062,0.327859,0.977963,0.367649,20.235471
135,1,1,1,13.435096,2.591385,0.549484,0.797310,0.667231,0.328327,0.963095,0.370124,19.852566
136,1,1,1,13.347409,2.592406,0.551427,0.811422,0.670271,0.330166,0.976935,0.366991,19.797107
137,1,1,1,10.520393,2.692227,0.554387,0.801428,0.671163,0.326923,0.973693,0.371489,17.063138
138,0,1,0,13.450541,2.686523,0.557969,0.803784,0.669594,0.326776,0.971784,0.369477,19.988376
139,1,1,1,11.255396,2.592904,0.662695,0.803133,0.666166,0.327083,0.967852,0.368382,17.794031
140,0,1,0,13.681151,2.687865,0.555545,0.804271,0.669637,0.328824,0.964708,0.365280,20.208173
141,1,1,1,13.269317,2.683477,0.562289,0.799883,0.668702,0.329606,0.969907,0.374351,19.811053
142,1,1,1,10.678788,2.591477,0.550221,0.810960,0.666351,0.328326,0.974351,0.405871,17.158794
143,1,1,1,11.539834,2.589563,0.552289,0.800467,0.667034,0.328044,0.979834,0.366074,17.969766
144,1,1,1,8.696862,2.708253,0.553563,0.802652,0.674295,0.334800,0.973569,0.372504,15.268597
145,1,1,1,13.254542,2.689231,0.555458,0.800136,0.665593,0.332899,0.973348,0.367852,19.793022
146,1,1,1,13.448554,2.714129,0.556148,0.807859,0.671938,0.330818,0.977895,0.371778,20.029169
147,1,1,1,13.318326,2.692806,0.552147,0.798074,0.665231,0.330474,0.978344,0.363015,19.849071
148,1,1,1,10.537391,2.594326,0.550369,0.805151,0.671723,0.432978,0.981865,0.393748,17.119637
149,1,1,1,10.575975,2.592050,0.547342,0.801636,0.671120,0.328111,0.977058,0.368984,17.011335
150,1,1,1,13.388172,2.594979,0.549003,0.803391,0.669938,0.325945,0.974738,0.369447,19.825631
151,1,1,1,13.516098,2.593170,0.548351,0.804677,0.665637,0.332787,0.963255,0.366646,19.940068
152,1,1,1,12.787489,2.834141,0.716456,2.127557,3.482418,0.417317,0.997243,0.523680,24.100837
153,1,1,1,11.658874,2.747502,0.639138,0.844117,0.733502,0.364012,0.986726,0.551975,18.710806
154,1,1,1,12.084190,2.602179,0.566351,0.830320,0.690486,0.337550,0.979138,0.559145,18.813976
155,1,1,1,10.804990,2.662603,0.627403,0.818856,0.726566,0.342739,0.973618,0.424782,17.549570
156,1,1,1,15.093993,2.746806,0.598345,1.137803,0.886824,0.398911,1.037668,0.513416,22.600824
157,1,1,1,14.441298,2.801169,0.715120,1.018690,0.923052,0.340412,0.978486,0.536591,21.951686
158,0,1,0,14.869107,2.751243,0.662837,0.820037,0.686739,0.331649,0.979022,0.382578,21.650763
159,1,1,1,11.143323,2.605945,0.568751,0.812843,0.856775,0.337772,0.978184,0.402160,17.870646
160,1,1,1,12.102498,2.777015,0.637015,0.819089,0.688406,0.335452,1.681680,0.565520,19.783163
161,1,1,1,13.751212,2.788467,0.716104,1.175908,0.883785,0.415545,0.984652,0.518486,21.441564
162,1,1,1,11.852831,2.755354,0.680825,1.168554,0.896800,0.432904,1.000099,0.556394,19.564985
163,1,1,1,11.939310,2.758954,0.671901,1.035231,1.134781,0.381372,0.993096,0.554677,19.687587
164,0,1,0,14.885705,2.717391,0.552277,0.796382,0.667378,0.318560,0.980954,0.364603,21.434923
165,0,1,0,13.626265,2.710542,0.552634,0.804695,0.669058,0.325508,0.972480,0.369342,20.185310
166,1,1,1,10.678043,2.590893,0.559797,0.808541,0.824954,0.340892,0.978591,0.380849,17.329816
167,0,1,0,14.227742,2.593219,0.549636,0.934726,0.674640,0.325656,0.963120,0.368578,20.790493
168,1,1,1,13.362616,2.604012,0.549299,0.948376,0.684536,0.330794,0.976111,0.365218,19.972776
169,0,1,0,13.411120,2.591865,0.550424,0.934308,0.674252,0.327932,0.974899,0.364936,19.978363
170,0,1,1,13.392696,2.594129,0.548671,0.922393,0.678978,0.326991,0.977021,0.363181,19.956332
171,1,1,1,11.535261,2.594868,0.550258,0.805249,0.664991,0.329951,0.966086,0.388296,17.984991
172,1,1,1,10.546714,2.596178,0.551667,0.806806,0.669230,0.325606,0.975299,0.368289,16.988923
173,1,1,1,10.451477,2.694776,0.553071,0.796628,0.664972,0.328751,0.972277,0.367865,16.980997
174,1,1,1,11.072480,2.591539,0.547107,0.933268,0.678012,0.330689,0.976603,0.369797,17.654590
175,1,1,1,10.483963,2.593274,0.547736,0.800873,0.665059,0.333120,0.971138,0.366628,16.910573
176,0,1,0,13.556535,2.591249,0.556764,0.811618,0.673902,0.329255,0.977508,0.471655,20.124344
177,1,1,1,10.508683,2.592554,0.549655,0.805815,0.667046,0.328597,0.979704,0.368387,16.950357
178,1,1,1,11.573612,2.694560,0.556480,0.806025,0.672572,0.331883,0.975655,0.370357,18.133889
179,1,1,1,13.415791,2.706055,0.550117,0.800333,0.671033,0.326831,0.963673,0.370424,19.956554
180,1,1,1,12.574313,2.694861,0.556394,0.809459,0.670061,0.331588,0.975077,0.368055,19.136307
181,1,1,1,12.729071,2.685545,0.546474,0.806277,0.665790,0.330837,0.981200,0.367692,19.261341
182,1,1,1,10.548320,2.588818,0.551993,0.800652,0.668296,0.331243,0.982658,0.393120,17.015440
183,1,1,1,10.522535,2.590148,0.548979,0.799693,0.667015,0.330313,0.963225,0.365865,16.937298
184,1,1,1,10.465323,2.695698,0.557803,0.804209,0.670954,0.327403,0.979551,0.365883,17.021317
185,1,1,1,11.130018,2.592228,0.545865,0.935034,0.670910,0.327699,0.978350,0.370406,17.703033
186,1,1,1,13.214665,2.591538,0.549114,0.905027,0.686283,0.331827,0.978683,0.366191,19.778179
187,0,1,1,13.158548,2.589465,0.552529,0.803292,0.787305,0.328646,0.978166,0.368296,19.718941
188,1,1,1,10.501619,2.590369,0.549895,0.804917,0.673827,0.330966,0.974794,0.369145,16.948837
189,1,1,1,13.544499,2.592578,0.548381,0.800665,0.668554,0.330960,0.973040,0.371791,19.979957
190,0,1,0,13.783834,2.594154,0.551384,0.805065,0.676652,0.332092,0.978978,0.368240,20.242941
191,1,1,1,11.296609,2.590954,0.542763,0.799243,0.673065,0.333267,0.977237,0.368739,17.730794
192,1,1,1,12.716523,2.587933,0.551034,0.802652,0.670382,0.330991,0.972868,0.370166,19.152942
193,1,1,1,11.336326,2.702800,0.552530,0.801428,0.665729,0.330535,0.974874,0.369200,17.885169
194,1,1,1,11.247114,2.593569,0.552006,0.912856,0.677003,0.328892,0.982689,0.364615,17.811920
195,1,1,1,10.550400,2.593901,0.547858,0.794905,0.673613,0.330141,0.978812,0.366504,16.985760
196,0,1,0,13.552185,2.591311,0.547717,0.814388,0.668221,0.330123,0.973305,0.365336,19.994548
197,1,1,1,10.598782,2.595637,0.539040,0.799625,0.665453,0.331846,0.979766,0.368775,17.028425
198,1,1,1,10.694837,2.725490,0.557379,0.803600,0.670990,0.327532,0.971760,0.369557,17.274615
199,1,1,1,13.257156,2.690763,0.549096,0.805040,0.664449,0.330830,0.964283,0.368222,19.776855
200,0,1,0,13.611944,2.694726,0.549551,0.800960,0.670498,0.328542,0.976049,0.375717,20.157785
201,1,1,1,11.082658,2.592757,0.549631,0.798455,0.792849,0.328320,0.975262,0.372855,17.650228
202,1,1,1,13.400333,2.595606,0.554886,0.812929,0.779274,0.329920,0.974800,0.375133,19.978277
203,1,1,1,13.348911,2.594197,0.545975,0.799975,0.775286,0.331581,0.980646,0.373495,19.903360
204,1,1,1,10.486295,2.589114,0.554916,0.808387,0.673895,0.331544,0.974504,0.370923,16.942504
205,1,1,1,11.652873,2.593212,0.547052,0.802603,0.666966,0.330160,0.975514,0.367704,18.087963
206,1,1,1,11.584037,2.809570,0.551717,0.805914,0.669680,0.326862,0.976572,0.373895,18.247268
207,1,1,1,11.549901,2.592621,0.643840,0.811422,0.669551,0.329200,0.967427,0.363274,18.079619
208,1,1,1,13.589163,2.591576,0.649600,0.807569,0.673661,0.330615,0.973409,0.367711,20.133760
209,0,1,0,13.664991,2.684547,0.546567,0.797625,0.665262,0.330529,0.976098,0.373520,20.188265
210,1,1,1,13.315667,2.681329,0.558492,0.815084,0.666277,0.329207,0.977336,0.371003,19.864843
211,1,1,1,13.222037,2.592486,0.667994,0.805040,0.667274,0.331268,0.966413,0.368259,19.771188
212,1,1,1,11.544647,2.595570,0.551502,0.805003,0.763065,0.337397,0.977507,0.373182,18.102474
213,0,1,0,13.451748,2.591563,0.543250,0.800425,0.761040,0.334653,0.977188,0.370782,19.982818
214,1,1,1,11.493600,2.592615,0.549145,0.802197,0.670449,0.330437,0.979145,0.368966,17.940160
215,0,1,0,13.358363,2.595852,0.542972,0.799286,0.671034,0.325945,0.979126,0.367212,19.878092
216,1,1,1,13.377256,2.592116,0.553219,0.809237,0.666406,0.330185,0.974184,0.367631,19.823114
217,1,1,1,10.418357,2.595785,0.547545,0.800898,0.668812,0.327871,0.977834,0.461311,16.954012
218,0,1,0,11.705410,2.704141,0.558683,0.807791,0.672166,0.327446,0.972867,0.370806,18.275250
219,1,1,1,13.359704,2.701286,0.551108,0.793773,0.662264,0.328505,0.967791,0.370166,19.884572
220,1,1,1,10.613538,2.594376,0.556190,0.949292,0.690732,0.330517,0.980123,0.368092,17.241631
221,1,1,1,11.650270,2.593969,0.545889,0.802892,0.666074,0.328160,0.978585,0.403354,18.121120
222,1,1,1,10.613452,2.590535,0.553471,0.807280,0.670302,0.330954,0.974222,0.368296,17.058345
223,1,1,1,10.578849,2.693378,0.546690,0.801784,0.664111,0.326523,0.975514,0.365963,17.102197
224,0,1,0,13.240320,2.691994,0.555680,0.806499,0.674277,0.327908,0.975686,0.370566,19.797704
225,1,1,1,11.636400,2.594837,0.545680,0.918744,0.669920,0.332424,0.977299,0.365760,18.195267
226,0,1,0,13.480006,2.591871,0.554868,0.906831,0.678880,0.327852,0.977194,0.369397,20.036646
227,1,1,1,12.971951,2.586904,0.545016,1.021317,0.676338,0.325705,0.965249,0.368517,19.613643
228,1,1,1,10.733766,2.590425,0.547126,0.808277,0.666856,0.327576,0.969532,0.476892,17.272332
229,1,1,1,11.292739,2.591945,0.546431,0.936886,0.672665,0.327557,0.972566,0.369625,17.862542
230,1,1,1,13.454997,2.592240,0.548855,0.945545,0.677969,0.325311,0.974393,0.369348,20.045403
231,1,1,1,10.711261,2.773815,0.550301,0.803206,0.668461,0.323730,0.964566,0.369846,17.320148
232,1,1,1,11.015619,2.593293,0.652068,0.950763,0.683569,0.325957,0.974067,0.365889,17.721040
233,1,1,1,10.528800,2.590505,0.545680,0.798966,0.665440,0.326387,0.970259,0.424098,17.003810
234,1,1,0,13.088000,2.591643,0.553169,0.809963,0.670406,0.329132,0.977089,0.493108,19.665114
235,1,1,1,13.189612,2.594917,0.560751,0.801945,0.663465,0.331563,0.977865,0.448658,19.719089
236,1,1,1,13.582923,2.590683,0.546597,0.805556,0.669625,0.327089,0.973606,0.494344,20.147736
237,1,1,1,12.664769,2.590707,0.545576,0.803693,0.669914,0.331624,0.977969,0.367871,19.101680
238,1,1,1,10.606960,2.600073,0.553778,0.807027,0.669563,0.334646,0.979188,0.367760,17.070117
239,1,1,1,13.090172,2.691594,0.557471,0.802978,0.666659,0.328498,0.963625,0.364794,19.618043
240,1,1,1,11.210880,2.697268,0.557427,0.803773,0.668769,0.328271,0.972978,0.374049,17.761139
241,1,1,1,10.652726,2.586252,0.550394,0.806560,0.666677,0.326862,0.975600,0.393840,17.112320
242,1,1,1,13.408861,2.588136,0.547939,0.805698,0.674775,0.331729,0.968172,0.432609,19.909323
243,1,1,1,10.786732,2.696252,0.551760,0.798714,0.664658,0.327502,0.977815,0.366997,17.325132
244,1,1,1,11.839181,2.594905,0.545933,0.806043,0.671667,0.327410,0.973692,0.421108,18.333224
245,1,1,1,13.615071,2.592425,0.548942,0.792382,0.667667,0.325176,0.977298,0.521889,20.194696
246,1,1,1,10.586024,2.714628,0.675502,0.807145,0.667945,0.328000,0.974745,0.367397,17.273704
247,0,1,0,13.570886,2.704154,0.682276,0.809723,0.674154,0.324425,0.962683,0.369735,20.254468
248,1,1,1,9.222733,2.589311,0.552130,0.801520,0.672997,0.329384,0.968535,0.391766,15.681631
249,1,1,1,10.787662,2.595360,0.547760,0.922554,0.704837,0.328455,0.978640,0.369827,17.395557
250,1,1,1,12.265440,2.589902,0.550923,0.803256,0.666013,0.330960,0.971218,0.444511,18.778886
251,1,1,1,10.943163,2.705624,0.547471,0.804622,0.671692,0.332098,0.978080,0.371741,17.511790
252,1,1,1,10.746640,2.596443,0.543606,0.801446,0.759421,0.330296,0.976947,0.518006,17.427501
253,1,1,1,13.395329,2.705957,0.553348,0.796234,0.883963,0.327102,0.976985,0.372215,20.165852
254,1,1,1,12.227329,2.698357,0.555046,0.804622,0.664775,0.328609,0.965884,0.393834,18.789822
255,1,1,1,11.647108,2.593483,0.545766,0.796098,0.671717,0.325169,0.965095,0.368105,18.063785
256,1,1,1,12.502474,2.680381,0.554271,0.804431,0.666326,0.327139,0.975895,0.373520,19.039274
257,1,1,1,13.596609,2.685089,0.549840,0.799421,0.661557,0.330425,0.973077,0.366437,20.116154
258,1,1,1,10.760966,2.697428,0.552184,0.802283,0.666301,0.327624,1.017889,0.409040,17.385772
259,0,1,0,13.761421,2.718197,0.546295,0.807329,0.668603,0.326283,0.967606,0.411151,20.362190
260,0,1,0,13.803760,2.687287,0.553187,0.801803,0.671071,0.326283,0.971927,0.366966,20.333496
261,1,1,1,13.658677,2.687698,0.552579,0.796271,0.662498,0.328419,0.964511,0.362511,20.163077
262,1,1,1,10.874990,2.705003,0.549225,0.801452,0.668332,0.447939,0.977588,0.389908,17.567939
263,1,1,1,10.694270,2.690006,0.549710,0.801330,0.788375,0.326744,0.966092,0.374376,17.348948
264,1,1,1,10.640769,2.595822,0.541385,0.798117,0.671698,0.325815,0.964135,0.410523,17.099163
265,1,1,1,10.984375,2.593310,0.544892,0.798997,0.663446,0.327957,0.971883,0.367324,17.402467
266,1,1,1,13.496468,2.590117,0.550776,0.806203,0.671114,0.331870,0.976936,0.364301,19.939385
267,1,1,1,10.601410,2.685083,0.553729,0.797821,0.667686,0.331052,0.974640,0.366130,17.131150
268,1,1,1,11.201834,2.594517,0.552424,0.807520,0.669120,0.422099,0.976289,0.372880,17.749064
269,1,1,1,10.593428,2.594769,0.547840,0.801945,0.663957,0.327310,0.965748,0.366449,17.013373
270,1,1,1,10.465034,2.695840,0.553206,0.804701,0.665840,0.327286,0.972689,0.363649,16.998936
271,1,1,1,14.293803,2.611280,0.549299,0.802535,0.670566,0.328936,0.965262,0.365397,20.741612
272,1,1,1,10.554831,2.596215,0.693520,0.803071,0.667409,0.328812,0.978375,0.368215,17.142646
273,1,1,1,11.779551,2.592388,0.544535,0.801354,0.795606,0.332806,0.963360,0.368831,18.334505
274,1,1,1,13.262916,2.595212,0.553970,0.807495,0.792425,0.332074,0.972591,0.373225,19.842295
275,0,1,0,13.791354,2.590794,0.552683,0.916733,0.706812,0.332812,0.978652,0.372086,20.399009
276,1,1,1,13.386271,2.590936,0.545268,0.910911,0.689747,0.328904,0.979163,0.364787,19.950874
277,1,1,1,13.352265,2.591673,0.552825,0.914849,0.686210,0.325853,0.970579,0.369957,19.919102
278,0,1,0,13.575145,2.595630,0.549655,0.924332,0.677582,0.329827,0.974314,0.372861,20.152370
279,1,1,1,9.160732,2.592733,0.549501,0.814364,0.667027,0.328554,0.979231,0.373175,15.616856
280,1,1,0,13.596160,2.593834,0.546910,0.803427,0.667716,0.331187,0.975686,0.365083,20.029539
281,1,1,1,10.590259,2.714036,0.550301,0.801053,0.665551,0.333415,0.977797,0.364333,17.150320
282,1,1,1,10.482339,2.592862,0.552929,0.907299,0.672800,0.332363,0.972037,0.369489,17.033058
283,1,1,1,10.963686,2.595403,0.551108,0.800696,0.670862,0.329489,0.978227,0.393286,17.522179
284,1,1,1,11.005034,2.590037,0.548855,0.805255,0.666572,0.327890,0.978006,0.368258,17.437908
285,1,1,1,13.460314,2.592184,0.548615,0.797631,0.667760,0.328153,0.966117,0.373693,19.884363
286,1,1,1,11.445692,2.682185,0.554178,0.805058,0.668450,0.326271,0.972683,0.368418,17.974487
287,1,1,1,10.638622,2.594012,0.548831,0.914480,0.676979,0.323920,0.964664,0.368049,17.180486
288,0,1,0,13.392984,2.588135,0.550861,0.942406,0.676744,0.329507,0.974603,0.369932,19.977077
289,1,1,1,11.050228,2.593261,0.548579,0.807052,0.670684,0.330616,0.975447,0.407397,17.539575
290,1,1,1,10.530973,2.596148,0.549520,0.803588,0.673569,0.328203,0.976000,0.368837,16.973717
291,1,1,1,9.249865,2.590259,0.659243,0.798160,0.666345,0.330953,0.979342,0.368770,15.796456
292,1,1,1,11.026553,2.595299,0.546769,0.794554,0.669249,0.325126,0.973218,0.388437,17.467883
293,1,1,1,13.376948,2.594062,0.546381,0.800775,0.668056,0.329366,0.974006,0.391102,19.831643
294,1,1,1,10.528388,2.593317,0.547433,0.806831,0.671532,0.329243,0.973440,0.371433,16.970246
295,1,1,1,10.562800,2.706160,0.555594,0.797723,0.665391,0.330972,0.976591,0.365526,17.115304
296,1,1,1,10.558904,2.589440,0.554572,0.802437,0.715188,0.329932,0.976911,0.368000,17.124554
297,1,1,1,10.469649,2.595877,0.546978,0.804000,0.663495,0.329957,0.974191,0.367501,16.903871
298,1,1,1,10.383021,2.603193,0.547446,0.803939,0.667311,0.329335,0.976394,0.368733,16.937877
299,0,1,0,13.742615,2.596394,0.548129,0.806535,0.669748,0.327391,0.972978,0.369939,20.185809
300,1,1,1,13.411815,2.591600,0.548246,0.803378,0.669458,0.333754,0.975797,0.366123,19.848794
301,1,1,1,11.490787,2.696104,0.557575,0.802221,0.670517,0.328930,0.977495,0.371213,18.046535
302,1,1,1,10.456745,2.592683,0.543870,0.800671,0.671711,0.339225,0.975975,0.372080,16.995748
303,1,1,1,10.617810,2.599822,0.544603,0.797950,0.674129,0.330776,0.977785,0.367052,17.060794
304,1,1,1,10.076658,2.698554,0.548196,0.795151,0.672769,0.329156,0.975612,0.368184,16.615169
305,1,1,1,11.840031,2.703742,0.549323,0.801126,0.664714,0.325877,0.971501,0.364966,18.372744
306,1,1,1,11.027901,2.588954,0.547667,0.805593,0.663342,0.435040,0.980652,0.381237,17.583311
307,1,1,1,11.394572,2.591213,0.545711,0.804412,0.666843,0.330868,0.971298,0.370548,17.827864
308,1,1,1,10.552517,2.593385,0.550825,0.803139,0.672154,0.331096,0.974228,0.370209,16.997139
309,1,1,1,10.556394,2.595483,0.678031,0.804406,0.664394,0.325206,0.978659,0.368437,17.121981
310,1,1,0,13.619846,2.787551,0.550622,0.799231,0.670720,0.325440,0.972313,0.366259,20.244529
311,1,1,1,10.633040,2.591409,0.554634,0.804449,0.670357,0.330185,0.981637,0.383533,17.101347
312,1,1,1,10.534504,2.593729,0.552068,0.802757,0.667016,0.329033,0.973926,0.367108,16.969723
313,1,1,1,10.591336,2.692190,0.556960,0.799015,0.669495,0.330406,0.974105,0.367305,17.134640
314,1,1,1,10.503920,2.591932,0.546788,0.905938,0.687809,0.328738,0.971797,0.366203,17.057532
315,1,1,1,10.790167,2.591243,0.550997,0.792117,0.664800,0.329951,0.976695,0.369108,17.216714
316,1,1,1,13.409563,2.591865,0.549520,0.799889,0.670431,0.331065,0.977600,0.370240,19.855987
317,1,1,0,12.706258,2.591981,0.546548,0.804320,0.668499,0.328492,0.979182,0.365970,19.148867
318,1,1,1,11.256677,2.590221,0.552130,0.800092,0.675945,0.331059,0.978492,0.366960,17.701194
319,0,1,0,13.212105,2.585224,0.549643,0.797083,0.670019,0.327520,0.963649,0.365373,19.620916
320,1,1,1,11.521963,2.706659,0.549415,0.806775,0.669951,0.333378,0.973015,0.365237,18.078117
321,1,1,1,11.509034,2.592825,0.548856,0.915139,0.672123,0.330880,0.964080,0.370166,18.055157
322,1,1,1,12.297926,2.592148,0.544105,0.804750,0.671803,0.335896,0.974566,0.368966,18.828542
323,1,1,1,13.484855,2.586061,0.542997,0.802874,0.766013,0.331557,0.976849,0.367175,20.016105
324,1,1,1,11.026726,2.589975,0.549969,0.799335,0.675483,0.326080,0.974997,0.366880,17.457311
325,1,1,1,13.419735,2.588843,0.546905,0.804677,0.670117,0.330320,0.977022,0.367354,19.856991
326,1,1,1,13.424166,2.592135,0.547607,0.797754,0.671704,0.329514,0.969490,0.370424,19.852541
327,1,1,1,11.187237,2.592930,0.549871,0.802560,0.673348,0.327538,0.966831,0.367637,17.617138
328,1,1,1,13.577846,2.594124,0.545311,0.801256,0.669464,0.326954,0.973207,0.369520,20.006123
329,1,1,1,10.137095,2.596536,0.666523,0.802972,0.669730,0.331969,0.975846,0.365483,16.699397
330,1,1,1,13.338264,2.589372,0.672166,0.808234,0.676671,0.329717,0.976794,0.371618,19.912849
331,1,1,1,10.645483,2.593181,0.549421,0.797994,0.667852,0.329815,0.976111,0.406597,17.118757
332,1,1,1,13.402788,2.593883,0.546080,0.800787,0.665815,0.327151,0.971452,0.406990,19.867335
333,0,1,0,13.580560,2.592572,0.545981,0.808843,0.665378,0.331360,0.974880,0.402345,20.057422
334,1,1,1,12.911015,2.590973,0.552658,0.806480,0.668720,0.331784,1.083643,0.413791,19.515323
335,1,1,1,13.165625,2.590357,0.547495,0.796339,0.668628,0.332486,0.964751,0.472591,19.691502
336,1,1,1,10.549127,2.590585,0.548996,0.808880,0.671021,0.328621,0.973476,0.369686,16.989914
337,0,1,1,13.439514,2.594634,0.551329,0.807766,0.669379,0.330080,0.974713,0.370535,19.890745
338,1,1,1,11.107231,2.695384,0.553822,0.803526,0.668812,0.331859,0.976375,0.372117,17.657440
339,1,1,1,13.288744,2.695434,0.547993,0.799366,0.666037,0.329064,0.974018,0.368215,19.823126
340,1,1,1,9.224523,2.591348,0.544345,0.799729,0.669206,0.331255,0.974690,0.442185,15.735046
341,1,1,1,13.317637,2.593464,0.548683,0.798868,0.665347,0.332702,0.974763,0.388455,19.772757
342,1,1,1,13.371956,2.590246,0.546647,0.803889,0.667957,0.328418,1.073310,0.414942,19.948714
343,1,1,1,10.533360,2.593655,0.548326,0.806167,0.666917,0.330622,0.981969,0.367920,16.980997
344,1,1,1,13.468160,2.593803,0.545791,0.804511,0.671440,0.328215,0.977618,0.370493,19.911187
345,1,1,1,13.488142,2.593797,0.549311,0.806037,0.664856,0.325292,0.977810,0.371668,19.928018
346,1,1,1,10.549668,2.698665,0.553390,0.810935,0.661852,0.330683,0.979250,0.364535,17.100745
347,1,1,1,13.367631,2.710892,0.549046,0.803145,0.668136,0.327520,0.973390,0.368529,19.919957
348,1,1,1,13.324523,2.694406,0.545945,0.803797,0.668972,0.332055,0.976307,0.367090,19.864757
349,1,1,1,10.633157,2.592504,0.545889,0.802794,0.754111,0.335200,0.961711,0.371397,17.159502
350,1,1,1,11.255065,2.589963,0.548548,0.804424,0.669932,0.330388,0.972301,0.370074,17.687858
351,1,1,0,13.608351,2.593391,0.551354,0.801193,0.663705,0.332727,0.964572,0.371699,20.039969
352,1,1,1,11.009206,2.596019,0.552616,0.805046,0.670449,0.329108,0.973176,0.370234,17.454782
353,1,1,1,13.401550,2.591310,0.550621,0.792935,0.665286,0.323896,0.977378,0.370744,19.824763
354,1,1,1,12.493354,2.686535,0.549108,0.807027,0.667575,0.328517,0.976147,0.362818,19.021490
355,0,1,0,13.616412,2.682696,0.554517,0.806917,0.665261,0.325871,0.978659,0.371477,20.156283
356,1,1,1,13.271305,2.690080,0.559164,0.798763,0.665612,0.327593,0.976209,0.365582,19.806252
357,1,1,1,10.675089,2.589643,0.679058,0.809385,0.670621,0.326677,0.965920,0.367760,17.239231
358,1,1,1,10.543858,2.588831,0.548517,0.804726,0.673557,0.334173,0.971187,0.399206,17.015594
359,1,1,1,11.018061,2.589464,0.546129,0.798701,0.666357,0.330591,0.965643,0.374191,17.441311
360,1,1,1,11.009464,2.715354,0.555360,0.803871,0.674474,0.329625,0.976892,0.369150,17.586117
361,1,1,1,10.589182,2.598566,0.550689,0.910110,0.673256,0.327520,0.975711,0.367618,17.144197
362,1,1,1,10.522794,2.594751,0.547496,0.804517,0.671027,0.330812,0.976270,0.457132,17.055858
363,1,1,1,13.355231,2.595095,0.545939,0.805126,0.668462,0.328190,0.975409,0.362849,19.787570
364,0,1,0,13.736560,2.592031,0.552978,0.801557,0.671188,0.329145,0.975058,0.471096,20.280794
365,1,1,1,13.418172,2.591729,0.553477,0.796474,0.660836,0.328265,0.963397,0.472499,19.938732
366,1,1,1,10.620566,2.592566,0.549563,0.801120,0.670769,0.323834,0.975249,0.367335,17.049293
367,1,1,1,10.982345,2.691268,0.555994,0.795730,0.663754,0.330024,0.968560,0.370050,17.509704
368,1,1,1,13.350289,2.701908,0.549298,0.799785,0.673249,0.328092,0.976683,0.363434,19.893624
369,1,1,1,13.326923,2.687729,0.547785,0.797969,0.662062,0.327742,0.972714,0.372486,19.848972
370,1,1,1,13.376498,2.785625,0.558468,0.799003,0.667169,0.327723,0.972627,0.365557,20.004117
371,1,1,1,11.385864,2.596179,0.552714,0.913323,0.671969,0.327649,0.972295,0.365624,17.938535
372,1,1,1,13.434203,2.588314,0.548966,0.912800,0.679250,0.327182,0.977545,0.372899,19.992770
373,1,1,1,13.060055,2.589520,0.550406,0.937507,0.682862,0.329262,0.979403,0.368751,19.652689
374,1,1,1,11.520166,2.593151,0.551120,0.798523,0.664696,0.332123,0.975329,0.403526,17.990037
375,1,1,1,10.538314,2.593785,0.541803,0.797649,0.667256,0.328493,0.967736,0.371089,16.958640
376,1,1,1,13.211772,2.595145,0.554739,0.806080,0.664787,0.329163,0.973895,0.368314,19.653883
377,1,1,1,11.017680,2.694917,0.547391,0.798560,0.669015,0.327613,0.977576,0.368462,17.555384
378,1,1,1,10.484277,2.590314,0.554923,0.805883,0.779852,0.332671,0.975901,0.369348,17.048308
379,1,1,1,10.615065,2.590504,0.549163,0.798203,0.663335,0.330480,0.975822,0.365323,17.039969
380,1,1,1,10.627618,2.615360,0.554480,0.800886,0.671563,0.328745,0.976979,0.367766,17.101464
381,0,1,0,13.755870,2.594616,0.550548,0.803120,0.668530,0.329342,0.965508,0.365366,20.182013
382,1,1,1,13.493089,2.593661,0.546006,0.803188,0.666382,0.328745,0.974498,0.366031,19.922320
383,1,1,1,13.511415,2.592818,0.545416,0.801834,0.668714,0.329157,0.978338,0.370942,19.949933
384,1,1,1,10.468880,2.595895,0.674837,0.809618,0.668794,0.334049,0.974960,0.369637,17.047458
385,0,1,0,13.529766,2.685649,0.555754,0.801926,0.665606,0.328947,0.973717,0.368664,20.061058
386,1,1,1,13.274794,2.661127,0.585163,0.799619,0.665803,0.330419,0.973366,0.368388,19.814978
387,1,1,1,11.044473,2.588388,0.551754,0.807514,0.671588,0.437003,0.982769,0.389114,17.628597
388,1,1,1,10.925588,2.590658,0.550147,0.805286,0.669889,0.336960,0.972284,0.373710,17.375132
389,1,1,1,10.492080,2.728351,0.552345,0.802609,0.667434,0.327723,0.963292,0.373028,17.061323
390,1,1,1,13.381489,2.691010,0.545864,0.802640,0.670093,0.330474,0.973908,0.371126,19.916745
391,1,1,1,13.418443,2.691427,0.549354,0.800665,0.661415,0.332228,0.976148,0.369526,19.953409
392,1,1,0,13.231994,2.715772,0.554560,0.799009,0.674430,0.330351,0.977926,0.368726,19.805237
393,1,1,1,11.674511,2.696123,0.546628,0.798818,0.667255,0.331550,0.977329,0.368283,18.212874
394,1,1,1,10.568382,2.591194,0.548702,0.809618,0.670351,0.410960,0.980634,0.384308,17.116603
395,1,1,1,13.408788,2.592191,0.552037,0.804117,0.661736,0.435895,0.981644,0.384923,19.973815
396,1,1,1,10.538461,2.594806,0.547692,0.799816,0.664868,0.327102,0.978923,0.372640,16.971723
397,1,1,1,9.180966,2.695649,0.556215,0.804357,0.669489,0.322985,0.978400,0.371471,15.734437
398,1,1,1,11.637772,2.591200,0.547687,0.894849,0.692264,0.329840,0.975895,0.370339,18.196178
399,1,1,1,10.636825,2.594136,0.554843,0.796880,0.666547,0.328947,0.964277,0.367643,17.061797
400,1,1,1,13.308984,2.597563,0.550431,0.804973,0.671526,0.329723,0.977821,0.374664,19.766037
401,1,1,1,13.598098,2.592221,0.550560,0.802418,0.833773,0.363594,0.978406,0.377446,20.266517
402,1,1,1,11.394831,2.594566,0.554240,0.799459,0.672431,0.327693,0.972683,0.370973,17.832504
403,1,1,1,11.112978,2.692997,0.554868,0.808480,0.669268,0.331064,0.976074,0.367631,17.668203
404,1,1,1,12.359477,2.693840,0.553114,0.800720,0.667336,0.331385,0.979336,0.370720,18.905538
405,1,1,0,13.496899,2.719280,0.554332,0.796098,0.664369,0.331108,0.979268,0.363612,20.057772
406,1,1,1,11.534991,2.736056,0.621090,1.036289,0.800787,0.343280,0.988973,0.399403,18.635834
407,1,1,1,10.635871,2.590616,0.550400,0.806455,0.669126,0.329625,1.053858,0.390966,17.179673
408,1,1,1,10.421514,2.589575,0.549181,0.801631,0.669009,0.330012,0.972388,0.371028,16.852738
409,1,1,1,10.158406,2.691071,0.552185,0.802086,0.661114,0.329231,0.979108,0.366228,16.691791
410,1,1,1,13.351470,2.704370,0.551126,0.806830,0.669052,0.330997,0.976886,0.367200,19.911716
411,1,1,1,10.635889,2.591108,0.549249,0.799009,0.663803,0.332246,0.965342,0.390350,17.080960
412,1,1,1,12.530523,2.594123,0.544708,0.807803,0.673550,0.329834,0.979532,0.492431,19.105101
413,0,1,0,13.612215,2.591053,0.547705,0.805459,0.663686,0.330831,0.969428,0.392376,20.067446
414,1,1,1,13.381440,2.592844,0.548375,0.802018,0.672037,0.329520,1.009625,0.387902,19.876769
415,1,1,1,11.328683,2.592757,0.543624,0.800646,0.666782,0.331735,0.967385,0.366339,17.751833
416,1,1,1,13.460055,2.594492,0.548086,0.804271,0.664425,0.326240,0.978135,0.362849,19.889619
417,1,1,1,13.571415,2.590806,0.549668,0.793896,0.675053,0.328259,0.973489,0.370590,20.004967
418,0,1,0,13.749157,2.595010,0.551797,0.800517,0.666142,0.328603,0.977255,0.366264,20.183661
419,1,1,1,11.074068,2.695748,0.555022,0.805483,0.670997,0.327108,0.975010,0.368130,17.623526
420,0,1,0,13.589772,2.693347,0.548511,0.800671,0.670794,0.326234,0.978621,0.467791,20.228935
421,1,1,0,13.743323,2.594388,0.549963,0.807939,0.670658,0.329225,0.978449,0.369169,20.195883
422,1,1,1,10.653748,2.730917,0.571360,0.805895,0.669212,0.327803,0.972763,0.369046,17.254973
423,1,1,1,10.517994,2.593631,0.545360,0.806012,0.663262,0.332474,0.974849,0.405914,16.993077
424,0,1,0,13.649470,2.593865,0.550621,0.802535,0.667975,0.330037,0.986769,0.402055,20.229889
425,1,1,1,10.585606,2.594591,0.547797,0.798554,0.669188,0.328930,0.975594,0.368037,17.020880
426,1,1,1,10.459059,2.713120,0.550019,0.798240,0.669926,0.328597,0.972012,0.367864,17.009070
427,1,1,1,11.255175,2.597686,0.666474,0.807132,0.668554,0.326720,0.978566,0.367993,17.821489
428,1,1,1,11.556179,2.598462,0.550437,0.809796,0.671071,0.424849,0.977772,0.376898,18.117785
429,1,1,0,13.281311,2.592800,0.549988,0.807477,0.666652,0.420732,0.981865,0.380351,19.835415
430,1,1,1,11.180683,2.590942,0.544622,0.811101,0.674123,0.328031,0.975403,0.370313,17.625834
431,1,1,1,10.484074,2.728794,0.552567,0.804763,0.666818,0.326167,0.965261,0.366394,17.050492
432,1,1,1,14.232769,2.591699,0.544825,0.800381,0.669624,0.330819,0.968671,0.369237,20.657859
433,1,1,1,10.536487,2.703588,0.551028,0.799231,0.668905,0.330646,0.976615,0.368437,17.086695
434,1,1,1,10.583182,2.594806,0.545015,0.803970,0.666807,0.330659,0.998874,0.395212,17.160056
435,1,1,1,10.504044,2.591766,0.548536,0.805286,0.667575,0.325624,0.975015,0.373434,16.943532
436,0,1,0,13.762406,2.597883,0.545452,0.807575,0.666603,0.329470,0.979477,0.367188,20.202019
437,1,1,1,11.782868,2.596487,0.549458,0.801187,0.664307,0.330517,0.964296,0.367870,18.210117
438,0,1,0,13.854554,2.590240,0.549053,0.806541,0.670714,0.328597,0.977932,0.369181,20.296486
439,1,1,1,10.487354,2.704123,0.553957,0.803095,0.664264,0.328744,0.964498,0.363846,17.022824
440,1,1,1,10.490812,2.589791,0.550978,0.800062,0.666227,0.423243,0.976087,0.379077,17.025193
441,1,1,0,13.423194,2.588492,0.551083,0.802295,0.664929,0.419213,0.967501,0.380739,19.950339
442,1,1,1,13.362216,2.589280,0.546757,0.804203,0.668684,0.420178,0.980683,0.379871,19.902658
443,1,1,1,11.567089,2.594849,0.546296,0.810012,0.665619,0.327772,0.972984,0.370837,18.009335
444,1,1,1,11.142277,2.596270,0.546622,0.805077,0.667120,0.329877,0.975754,0.369176,17.578603
445,1,1,1,11.268222,2.687446,0.555779,0.799353,0.665883,0.327144,0.962597,0.369637,17.790511
446,0,1,0,13.600776,2.686628,0.546307,0.801298,0.665360,0.328492,0.979982,0.369747,20.129575
447,1,1,1,13.336013,2.710930,0.554363,0.801176,0.661508,0.329914,0.961976,0.368517,19.879102
448,1,1,1,13.443539,2.685391,0.553834,0.796160,0.670873,0.328929,0.974781,0.367532,19.971273
449,0,1,0,13.224511,2.682092,0.552880,0.800824,0.663237,0.327218,0.976320,0.367194,19.745643
450,1,1,1,12.775046,2.711379,0.553484,0.805513,0.667563,0.326431,0.974339,0.370270,19.336178
451,1,1,1,10.606788,2.593347,0.554732,0.806720,0.665108,0.437834,0.981662,0.383957,17.180560
452,1,1,1,13.329717,2.592184,0.551292,0.806579,0.673717,0.443846,0.982548,0.388751,19.919360
453,1,1,1,13.174942,2.589003,0.547428,0.799219,0.663231,0.329434,1.084437,0.396948,19.734086
454,0,1,0,13.640591,2.594825,0.554031,0.812794,0.670474,0.433391,0.981908,0.378492,20.214622
455,1,1,1,11.563452,2.591391,0.548055,0.803741,0.663520,0.327570,0.979784,0.368708,17.997790
456,1,1,1,12.497809,2.592111,0.546769,0.799889,0.666917,0.331489,0.973458,0.370929,18.927889
457,1,1,1,11.043280,2.712597,0.555754,0.797077,0.667330,0.329010,0.968942,0.366819,17.593809
458,1,1,1,13.376652,2.703304,0.552462,0.802942,0.665501,0.327840,0.976936,0.373058,19.928590
459,0,1,1,13.373575,2.706086,0.554222,0.804653,0.665662,0.327040,0.978351,0.370129,19.932259
460,1,1,1,13.233853,2.687674,0.550504,0.798400,0.665908,0.327034,0.977963,0.366966,19.756825
461,1,1,1,13.322695,2.688307,0.554086,0.805975,0.663206,0.327194,0.980086,0.364357,19.861126
462,0,1,0,13.553212,2.689914,0.561194,0.807144,0.667858,0.328652,0.972529,0.369920,20.100117
463,1,1,1,10.671145,2.592542,0.659114,0.802690,0.668850,0.329391,0.978056,0.369151,17.223877
464,1,1,1,13.229747,2.588862,0.670892,0.816307,0.673593,0.329440,0.979083,0.369963,19.811939
465,1,1,1,13.277274,2.592935,0.629489,0.831299,0.678862,0.323927,0.974745,0.371255,19.836707
466,1,1,1,10.441551,2.599563,0.548776,0.800443,0.673501,0.326941,0.976505,0.497772,17.014751
467,1,1,1,11.464400,2.593753,0.546141,0.804117,0.662591,0.332191,0.972529,0.370013,17.897434
468,1,1,1,10.981071,2.698184,0.553631,0.805243,0.665901,0.333311,0.977975,0.368689,17.537077
469,1,1,1,10.627539,2.590418,0.548191,0.936006,0.671003,0.326855,0.964055,0.373015,17.191785
470,1,1,1,11.357655,2.593182,0.553692,0.806394,0.670695,0.328659,0.964794,0.388726,17.816837
471,1,1,1,12.531236,2.588837,0.546375,0.802215,0.665280,0.333342,0.963957,0.467330,19.050683
472,1,1,1,13.177193,2.591532,0.541120,0.806412,0.668739,0.333070,0.979865,0.364037,19.612892
473,1,1,1,13.476677,2.587636,0.542160,0.806345,0.663477,0.329403,0.975274,0.455939,19.992634
474,0,1,1,13.318191,2.590160,0.545237,0.794215,0.668030,0.330080,0.978400,0.365729,19.740609
475,1,1,1,10.586517,2.592215,0.543040,0.799120,0.670646,0.324714,0.977200,0.366498,17.012794
476,0,1,1,13.421077,2.589729,0.551440,0.798031,0.664837,0.326849,0.976400,0.368376,19.846191
477,1,1,1,10.516769,2.822486,0.561533,0.798536,0.668074,0.328603,0.977126,0.368720,17.193286
478,0,1,0,14.126345,2.682092,0.550006,0.800547,0.667114,0.332849,0.976345,0.372406,20.656264
479,1,1,1,12.883662,2.686413,0.547649,0.797434,0.667120,0.330123,0.967779,0.367428,19.398726
480,1,1,1,13.498043,2.704326,0.547231,0.804720,0.669593,0.325606,0.977655,0.368339,20.048172
481,1,1,1,13.310320,2.681889,0.551058,0.791828,0.670184,0.327459,0.977089,0.372646,19.836984
482,1,1,1,10.523822,2.590240,0.548000,0.809255,0.672160,0.435606,0.975138,0.392419,17.096505
483,1,1,1,12.748979,2.588265,0.550831,0.797736,0.670116,0.331742,0.972486,0.401305,19.213342
484,1,1,1,13.386837,2.587901,0.550320,0.805637,0.669366,0.329815,0.974307,0.403667,19.859267
485,1,1,0,13.459292,2.592874,0.550234,0.800714,0.670153,0.329280,0.980529,0.407649,19.945034
486,1,1,1,11.739508,2.590443,0.552418,0.802658,0.666141,0.325803,0.978818,0.368117,18.173619
487,1,1,1,13.203433,2.593175,0.547532,0.803348,0.665022,0.332074,0.978468,0.371828,19.645735
488,1,1,0,13.073354,2.591311,0.551477,0.799809,0.667169,0.335920,0.973384,0.373145,19.515243
489,1,1,1,13.424658,2.592264,0.550339,0.795316,0.671545,0.329102,0.977612,0.373877,19.865015
490,1,1,1,13.231852,2.594431,0.552203,0.802745,0.669840,0.333354,0.976763,0.366197,19.678326
491,1,1,1,10.628727,2.722166,0.547249,0.802899,0.681200,0.332043,0.975710,0.373631,17.217206
492,0,1,0,13.651255,2.690320,0.552332,0.805581,0.666634,0.328609,0.976326,0.364505,20.184449
493,1,1,1,13.367957,2.692702,0.556264,0.791692,0.657760,0.331551,0.976437,0.367963,19.897378
494,0,1,0,13.598093,2.712080,0.550948,0.803920,0.661065,0.333156,0.964173,0.372308,20.145132
495,1,1,1,13.288308,2.696332,0.555951,0.799262,0.670037,0.327963,0.976148,0.373533,19.840443
496,1,1,1,11.280437,2.591692,0.645243,0.807606,0.671920,0.328769,0.974941,0.371575,17.826431
497,1,1,1,11.457169,2.593951,0.549255,0.795865,0.660622,0.439255,0.979612,0.386375,18.013939
498,1,1,1,11.777010,2.589699,0.545982,0.808960,0.662825,0.332394,0.977323,0.366412,18.209360
499,1,1,1,10.650868,2.597077,0.551175,0.797735,0.661305,0.329581,0.974111,0.367317,17.079016
500,1,1,1,11.110240,2.690622,0.554708,0.801489,0.666314,0.330301,0.975194,0.370019,17.648867
501,1,1,1,10.656696,2.591514,0.550596,0.800603,0.773797,0.339077,0.977458,0.376111,17.224837
502,1,1,1,13.378529,2.590037,0.547828,0.798603,0.764585,0.336013,0.968006,0.371298,19.917366
503,1,1,1,11.505133,2.592105,0.552339,0.799206,0.666622,0.330276,0.976154,0.369489,17.943353
504,1,1,1,13.375797,2.594622,0.548578,0.800437,0.667372,0.332806,0.979483,0.368726,19.891809
505,1,1,1,13.458843,2.598222,0.549501,0.798043,0.670837,0.333760,0.978197,0.370553,19.906732
506,1,1,1,13.429944,2.598000,0.550862,0.800456,0.670929,0.333748,0.975194,0.368406,19.880123
507,0,1,0,13.339600,2.592345,0.552449,0.799563,0.670375,0.333975,0.974271,0.373335,19.788695
508,1,1,1,13.484585,2.595261,0.550067,0.800892,0.664080,0.329822,0.970702,0.373692,19.919532
509,1,1,1,10.126468,2.703243,0.556800,0.803255,0.668166,0.329102,0.974849,0.373385,16.685588
510,1,1,1,11.465797,2.708813,0.549914,0.799896,0.665175,0.327040,0.963323,0.367859,18.000450
511,1,1,1,13.478449,2.687292,0.557803,0.805452,0.666800,0.333465,0.977563,0.369292,20.030037
512,1,1,0,13.326160,2.682640,0.556160,0.797791,0.671052,0.329594,0.977901,0.372092,19.863693
513,1,1,1,10.570012,2.596695,0.553520,0.811353,0.667311,0.454443,0.980203,0.386228,17.172542
514,1,1,1,10.528708,2.594012,0.546597,0.800867,0.664653,0.329015,0.977791,0.366979,16.953459
515,1,1,1,10.608782,2.718153,0.559895,0.805570,0.664246,0.329871,0.976677,0.371440,17.188806
516,1,1,1,10.475090,2.592111,0.547477,0.906695,0.670868,0.333847,0.976523,0.368633,17.022185
517,0,1,0,13.628259,2.590664,0.555705,0.922012,0.670763,0.332782,0.974868,0.369791,20.201317
518,1,1,1,11.605963,2.589710,0.547231,0.798363,0.661557,0.413895,0.967853,0.385009,18.122640
519,1,1,1,13.553896,2.590246,0.548511,0.801741,0.668720,0.423508,0.979089,0.382307,20.100560
520,1,1,1,10.542123,2.590935,0.549582,0.796800,0.668708,0.329015,0.978984,0.369520,16.978043
521,1,1,1,13.475698,2.597939,0.549748,0.800056,0.664246,0.329250,0.976517,0.365877,19.910591
522,1,1,1,10.499200,2.697846,0.558000,0.801292,0.665224,0.330763,0.977847,0.370320,17.051304
523,1,1,1,10.623304,2.595895,0.551711,0.936868,0.675963,0.330831,0.976025,0.368493,17.213427
524,1,1,1,13.190314,2.593797,0.556739,0.916049,0.674511,0.332498,0.972750,0.369010,19.756424
525,1,1,1,10.488665,2.592166,0.545988,0.800517,0.663231,0.329939,0.966148,0.369865,16.905723
526,1,1,1,9.190714,2.709046,0.549662,0.804117,0.672887,0.330265,0.979489,0.368474,15.755194
527,1,1,1,11.585089,2.595163,0.670880,0.801544,0.662597,0.327606,0.972892,0.367747,18.134173
528,1,1,1,10.547145,2.589643,0.546067,0.802154,0.667963,0.332222,0.972216,0.408523,17.013754
529,1,1,1,10.500837,2.595280,0.550929,0.802874,0.662277,0.329477,0.976000,0.366904,16.934603
530,1,1,1,10.507624,2.718873,0.556474,0.797557,0.665452,0.334529,0.973976,0.363526,17.071945
531,1,1,1,11.647237,2.591797,0.555834,0.905249,0.672824,0.331410,0.973016,0.368917,18.196726
532,1,1,1,13.263957,2.591544,0.554067,0.917292,0.672978,0.326739,0.974308,0.371034,19.822024
533,1,1,1,10.636708,2.587833,0.550923,0.804449,0.670899,0.329877,0.975058,0.500024,17.208708
534,0,1,0,13.368566,2.591427,0.553187,0.801385,0.665317,0.329262,0.964265,0.477821,19.899754
535,1,1,1,13.220917,2.595231,0.548677,0.798406,0.664332,0.328394,0.980542,0.469501,19.758339
536,0,1,0,13.365299,2.593262,0.550701,0.803379,0.667453,0.328855,0.972542,0.484640,19.915809
537,1,1,1,13.376566,2.598862,0.545994,0.797016,0.667033,0.332898,0.980455,0.461476,19.913612
538,1,1,1,13.526935,2.594609,0.545373,0.807458,0.665674,0.329132,0.973120,0.469581,20.058136
539,1,1,1,12.707157,2.592419,0.552818,0.800560,0.659975,0.327237,0.974382,0.369107,19.135065
540,1,1,1,13.335600,2.587231,0.550751,0.802024,0.667533,0.330123,0.973022,0.370517,19.765914
541,1,1,1,13.476929,2.593028,0.547809,0.798806,0.665773,0.332985,0.972314,0.372209,19.909803
542,0,1,0,13.561194,2.593440,0.549440,0.799926,0.669483,0.330997,0.979483,0.368670,20.001840
543,1,1,1,13.331576,2.591920,0.551833,0.805391,0.664240,0.333200,0.980763,0.370443,19.776898
544,1,1,0,13.624025,2.588732,0.548382,0.806750,0.666554,0.329059,0.975114,0.367212,20.054277
545,0,1,0,13.807052,2.601846,0.547625,0.804037,0.663600,0.330732,0.975993,0.366837,20.249366
546,1,1,1,11.050825,2.595791,0.548683,0.798542,0.664049,0.332720,0.977532,0.366412,17.483581
547,0,1,0,10.642542,2.687428,0.553231,0.802960,0.667502,0.325975,0.978080,0.372394,17.184221
548,1,1,1,10.464708,2.595397,0.551292,0.802388,0.670160,0.332892,0.988707,0.402240,17.031385
549,1,1,1,10.540677,2.592892,0.553587,0.800234,0.667508,0.331360,0.978025,0.368714,16.985982
550,0,1,0,13.743994,2.595175,0.551286,0.802092,0.667717,0.330036,0.964997,0.370843,20.174960
551,0,1,0,13.671994,2.594308,0.549187,0.799655,0.661951,0.333138,0.977446,0.371803,20.108542
552,1,1,1,11.860142,2.595176,0.546264,0.808787,0.669145,0.331028,0.972468,0.373267,18.305692
553,1,1,1,13.653865,2.595742,0.553059,0.807268,0.663545,0.332770,0.977766,0.367957,20.105071
554,1,1,1,11.025496,2.693243,0.554825,0.806024,0.673404,0.333188,0.972320,0.370413,17.579120
555,1,1,1,10.942350,2.592253,0.552880,0.930591,0.675077,0.332456,0.979145,0.370566,17.530074
556,0,1,0,13.194948,2.591754,0.553748,0.806216,0.773631,0.330548,0.978381,0.365089,19.746123
557,0,1,1,13.532443,2.593341,0.551262,0.906419,0.674751,0.328307,0.974536,0.369139,20.083908
558,1,1,1,10.945046,2.589951,0.546800,0.796511,0.665963,0.327366,0.965661,0.478302,17.465901
559,1,1,1,11.238474,2.595821,0.553138,0.798868,0.665422,0.330461,0.978554,0.372467,17.684092
560,1,1,1,10.386659,2.703464,0.554511,0.809274,0.662049,0.332117,0.974590,0.368690,16.941391
561,1,1,1,11.541988,2.593982,0.553655,0.917267,0.673028,0.331520,0.977969,0.365957,18.109993
562,1,1,1,13.445261,2.595194,0.552006,0.924031,0.679335,0.328381,0.977083,0.371551,20.022240
563,1,1,1,11.560627,2.593102,0.552535,0.804511,0.658892,0.330997,0.973452,0.400585,18.028745
564,1,1,1,10.767286,2.592025,0.548123,0.802917,0.663378,0.331304,0.974554,0.366923,17.195213
565,1,1,1,13.443815,2.593643,0.553514,0.796147,0.666320,0.334665,0.973194,0.372652,19.885342
566,1,1,1,9.247822,2.697575,0.547169,0.798363,0.670689,0.336209,0.965581,0.369385,15.782584
567,0,1,0,13.496702,2.693760,0.551064,0.798523,0.661926,0.326966,0.963655,0.368991,20.016067
568,1,1,1,11.589902,2.592234,0.552480,0.917926,0.677114,0.330535,0.979132,0.365077,18.157132
569,0,1,0,13.593976,2.595144,0.558763,0.915600,0.673545,0.331483,0.975243,0.370861,20.169237
570,1,1,1,12.757138,2.597649,0.544234,0.806702,0.780966,0.331742,0.980173,0.368480,19.317730
571,0,1,0,13.842222,2.595127,0.556099,0.922781,0.678363,0.328037,0.977908,0.368819,20.423409
572,1,1,1,11.022154,2.589274,0.548123,0.804708,0.666381,0.333545,0.974566,0.466824,17.554074
573,0,1,0,13.562855,2.592634,0.549760,0.797606,0.662056,0.328387,0.976203,0.479581,20.101280
574,0,1,1,10.922049,2.591465,0.545766,0.804757,0.669907,0.332314,0.963329,0.362234,17.340129
575,1,1,1,10.478585,2.696930,0.558166,0.796215,0.662591,0.329600,0.979902,0.374511,17.029119
576,1,1,1,13.407434,2.698172,0.551643,0.797385,0.669348,0.329569,0.965606,0.368283,19.938307
577,1,1,1,13.265243,2.683372,0.557809,0.802468,0.668473,0.333034,0.975748,0.370136,19.807711
578,0,1,0,13.579556,2.687938,0.552523,0.801871,0.667169,0.328098,0.974997,0.373981,20.116209
579,1,1,1,11.428154,2.589034,0.552499,0.919575,0.675791,0.333563,0.976603,0.366892,17.995963
580,0,1,0,13.358775,2.592708,0.551908,0.911317,0.677576,0.326917,0.974707,0.367945,19.914578
581,1,1,1,11.332295,2.596333,0.549901,0.805126,0.667791,0.331127,0.971446,0.407218,17.816203
582,1,1,1,10.537938,2.591071,0.554062,0.805513,0.663316,0.331379,0.979421,0.370782,16.985292
583,1,1,1,9.224794,2.594936,0.654622,0.804252,0.665674,0.334584,0.977981,0.369477,15.780215
584,1,1,1,10.578136,2.595286,0.548726,0.801108,0.666652,0.329077,0.969545,0.391200,17.032966
585,1,1,1,10.581957,2.597606,0.549243,0.803256,0.663003,0.329981,0.972824,0.368136,17.018037
586,0,1,0,13.600720,2.594216,0.549699,0.805372,0.668037,0.332824,0.972025,0.365600,20.037243
587,1,1,1,10.448984,2.707932,0.552566,0.807846,0.661028,0.330868,0.976104,0.369064,17.007360
588,1,1,1,12.685545,2.799711,0.558843,0.800203,0.668584,0.328597,0.972283,0.369071,19.333895
589,1,1,1,13.123803,2.689600,0.555243,0.805489,0.670578,0.329495,0.978370,0.369200,19.675113
590,1,1,1,10.562024,2.592707,0.552289,0.796751,0.667231,0.334407,1.068794,0.398855,17.124707
591,1,1,1,13.362387,2.595077,0.550929,0.801723,0.669126,0.334923,1.059182,0.400296,19.926997
592,0,1,1,13.444160,2.592270,0.550726,0.806960,0.667932,0.426812,0.985144,0.397828,20.025126
593,1,1,1,10.555095,2.595600,0.548788,0.798160,0.665723,0.331065,0.979206,0.371538,16.996781
594,1,1,1,13.556369,2.589299,0.553957,0.803273,0.667667,0.327563,0.975970,0.376400,19.999243
595,1,1,1,13.375182,2.596246,0.551360,0.799330,0.663624,0.331864,0.975095,0.371477,19.815613
596,1,1,1,10.475920,2.696510,0.553120,0.801004,0.662634,0.328910,0.975600,0.374818,17.017206
597,0,1,0,13.088289,2.715126,0.555674,0.798566,0.667053,0.331490,0.976640,0.367748,19.655292
598,1,1,1,11.038061,2.599144,0.551539,0.913433,0.676117,0.330049,0.978880,0.366326,17.605360
599,1,1,1,11.363502,2.597735,0.549933,0.801687,0.666646,0.331957,0.975791,0.391661,17.828813
600,1,1,1,10.426954,2.593261,0.546400,0.805305,0.665022,0.328062,0.974670,0.368080,16.856461
601,1,1,1,13.609114,2.590191,0.547539,0.806597,0.662369,0.329576,0.973459,0.370129,20.038419
602,1,1,1,13.282991,2.588689,0.549557,0.800129,0.665889,0.325434,0.974308,0.365853,19.704364
603,1,1,1,13.391089,2.590800,0.552283,0.802800,0.662123,0.326431,0.978738,0.372425,19.827077
604,1,1,1,12.209095,2.689520,0.553052,0.798886,0.665704,0.328431,0.973717,0.369225,18.737120
605,1,1,1,10.516351,2.592990,0.662640,0.827464,0.673981,0.328234,0.963581,0.368320,17.084031
606,1,1,1,12.594473,2.592782,0.548301,0.903207,0.680579,0.332092,0.965779,0.369753,19.142480
607,1,1,1,11.348369,2.593643,0.557840,0.801255,0.664456,0.334130,0.967846,0.404794,17.824074
608,0,1,0,13.303243,2.594419,0.551914,0.800523,0.668277,0.330295,1.082111,0.406283,19.889778
609,1,1,1,9.042653,2.706123,0.552339,0.798942,0.664917,0.333655,0.972542,0.367218,15.591514
610,1,1,0,13.301551,2.712887,0.551655,0.805231,0.671335,0.325526,0.974744,0.369440,19.862258
611,1,1,1,11.037594,2.592111,0.657261,0.801791,0.667563,0.335409,0.973083,0.369077,17.586357
612,1,1,1,10.467009,2.593650,0.549969,0.804487,0.668770,0.328498,0.966050,0.387409,16.914258
613,1,1,1,13.319452,2.591612,0.552264,0.801988,0.664566,0.327902,0.970357,0.389292,19.770074
614,1,1,1,13.373741,2.593630,0.544653,0.804000,0.668388,0.327692,1.029545,0.394923,19.888806
615,0,1,0,13.664548,2.593471,0.544357,0.800972,0.667188,0.333723,0.979827,0.388634,20.126357
616,1,1,1,11.093575,2.594184,0.547046,0.799034,0.660289,0.331846,0.974455,0.367353,17.515003
617,1,1,1,13.421476,2.590351,0.548954,0.807367,0.666861,0.326769,0.963988,0.371569,19.848142
618,1,1,1,10.458942,2.690917,0.553680,0.794233,0.672129,0.328308,0.970166,0.365772,16.984899
619,1,1,1,13.528578,2.705593,0.557987,0.801527,0.665981,0.330720,0.979059,0.365859,20.090474
620,0,1,0,13.101994,2.687077,0.552252,0.803545,0.663237,0.327194,0.974493,0.366499,19.627286
621,1,1,1,11.762456,2.593545,0.652806,0.805231,0.668874,0.329871,0.974529,0.370855,18.314812
622,1,1,1,10.572246,2.591576,0.551593,0.800474,0.664240,0.333932,0.976375,0.405434,17.048147
623,1,1,1,10.590818,2.592997,0.551785,0.802505,0.666633,0.328745,0.974591,0.361803,17.023957
624,1,1,1,10.473951,2.694018,0.559169,0.800985,0.668043,0.329994,0.976055,0.372295,17.024621
625,1,1,1,10.522080,2.597797,0.550117,0.807871,0.749495,0.337157,0.978738,0.371778,17.074363
626,1,1,1,11.015625,2.586898,0.548025,0.796117,0.661422,0.329366,0.972867,0.371336,17.431293
627,1,1,0,13.675822,2.592382,0.549674,0.801335,0.664215,0.332474,0.973366,0.367292,20.109538
628,1,1,1,11.061028,2.594498,0.551489,0.798837,0.664585,0.329126,0.963588,0.370880,17.484991
629,1,1,1,13.419821,2.598246,0.545034,0.804393,0.662916,0.329181,0.977686,0.366388,19.855028
630,0,1,0,13.594024,2.593588,0.550265,0.802849,0.673502,0.331379,0.980419,0.368511,20.044000
631,1,1,1,13.456788,2.597163,0.549785,0.804468,0.663390,0.328253,0.973753,0.370683,19.892782
632,1,1,1,11.586153,2.688486,0.555360,0.795994,0.669471,0.329606,0.977767,0.372609,18.126086
633,0,1,0,9.191421,2.588972,0.551016,0.803711,0.667237,0.333458,0.974837,0.404197,15.668726
634,0,1,1,13.065298,2.590757,0.556264,0.805827,0.665120,0.331742,0.970781,0.403815,19.543305
635,1,1,1,9.067391,2.708498,0.555630,0.803994,0.673539,0.334566,0.972831,0.369969,15.640376
636,1,1,1,13.413994,2.710727,0.552701,0.803003,0.665477,0.333704,0.975446,0.364966,19.969673
637,1,1,1,13.220812,2.695151,0.555520,0.799957,0.660948,0.329046,0.977366,0.367876,19.757077
638,0,1,0,13.656062,2.689834,0.556745,0.804566,0.667618,0.333138,0.965496,0.368744,20.192849
639,1,1,1,11.216726,2.714640,0.556732,0.801896,0.666750,0.328117,0.974585,0.374634,17.789354
640,1,1,1,11.852948,2.591753,0.550548,0.897600,0.675058,0.329280,0.971440,0.370203,18.388474
641,1,1,1,11.531194,2.595822,0.557095,0.801477,0.665938,0.328093,0.981440,0.390467,18.003920
642,1,1,1,11.146621,2.589256,0.550216,0.802271,0.665809,0.329969,0.974887,0.373237,17.579877
643,1,1,1,10.955526,2.697705,0.562443,0.804567,0.664123,0.332615,0.975022,0.375065,17.517631
644,1,1,1,10.481538,2.589224,0.556966,1.040861,0.688290,0.329810,0.970234,0.367840,17.177883
645,1,1,1,13.341083,2.590689,0.551785,0.926707,0.678812,0.334991,0.979557,0.368788,19.930689
646,1,1,1,12.581550,2.591354,0.546825,0.803993,0.802554,0.329735,0.978406,0.371581,19.162424
647,1,1,1,10.525470,2.592455,0.550633,0.798603,0.667649,0.331957,0.977206,0.368541,16.969102
648,1,1,1,11.355520,2.595877,0.554431,0.798086,0.662566,0.335976,0.975341,0.368948,17.795889
649,1,1,1,13.414677,2.595483,0.554270,0.808560,0.667760,0.331704,0.974794,0.371944,19.868997
650,0,1,0,13.708425,2.590880,0.555409,0.803637,0.673016,0.330517,0.977557,0.371058,20.159452
651,1,1,1,11.560203,2.697988,0.556000,0.798529,0.666301,0.333231,0.973951,0.369674,18.107298
652,1,1,1,10.573981,2.594776,0.550271,0.930240,0.673846,0.328105,0.976406,0.366179,17.146837
653,0,1,0,13.123458,2.596129,0.553354,0.905834,0.683231,0.333310,0.976689,0.373501,19.700461
654,1,1,1,10.426849,2.591286,0.542265,0.806290,0.671071,0.327987,0.962990,0.370634,16.850781
655,0,1,0,13.597151,2.595754,0.552456,0.802936,0.660935,0.328634,0.979169,0.369347,20.037870
656,1,1,1,13.399268,2.595434,0.550055,0.800000,0.668406,0.325649,0.972880,0.373779,19.834093
657,1,1,1,11.704173,2.593637,0.548086,0.797052,0.661033,0.326893,0.977570,0.373028,18.133686
658,1,1,1,10.894616,2.685951,0.550043,0.802566,0.669169,0.330714,0.979594,0.367889,17.433330
659,1,1,1,11.136757,2.591175,0.548369,0.923335,0.675261,0.325384,0.975144,0.371821,17.699415
660,1,1,1,10.431059,2.588726,0.552492,0.800861,0.666154,0.334393,0.981458,0.371145,16.876775
661,1,1,1,13.084467,2.590874,0.549907,0.800923,0.665267,0.329329,0.971353,0.366769,19.510443
662,1,1,1,10.681551,2.599231,0.548185,0.800732,0.665858,0.333754,0.978683,0.370584,17.129015
663,0,1,1,13.122142,2.690154,0.557163,0.798049,0.666098,0.332049,0.977280,0.371600,19.666271
664,1,1,1,13.309182,2.688954,0.556585,0.794708,0.668990,0.332929,0.976677,0.368979,19.848203
665,1,1,1,13.350948,2.710793,0.556634,0.799976,0.669341,0.328110,0.972443,0.368929,19.913821
666,1,1,1,13.198025,2.693415,0.557286,0.800664,0.666523,0.330314,0.975464,0.371452,19.746056
667,0,1,0,13.547858,2.688529,0.553662,0.800419,0.664221,0.330345,0.971766,0.366413,20.074234
668,1,1,1,11.572628,2.713102,0.548406,0.793157,0.674953,0.328702,0.976671,0.371347,18.131114
669,1,1,1,11.682308,2.595126,0.548523,0.905249,0.677347,0.333083,0.965773,0.376443,18.241329
670,1,1,1,9.157569,2.595311,0.544056,0.798664,0.671760,0.332173,0.978086,0.369729,15.594154
671,1,1,1,9.200824,2.691809,0.554338,0.797803,0.671016,0.327649,0.977723,0.370462,15.744628
672,1,1,1,10.479114,2.601151,0.552474,0.798332,0.667329,0.330985,0.969859,0.400068,16.950935
673,1,1,0,13.502979,2.594756,0.555083,0.797969,0.668985,0.333865,0.973508,0.409446,19.992824
674,0,1,0,13.246911,2.598007,0.550621,0.802357,0.670227,0.329766,0.980148,0.439711,19.772781
675,1,1,1,10.771859,2.597692,0.552406,0.794763,0.662105,0.325600,0.971539,0.368554,17.195539
676,0,1,0,13.653557,2.591484,0.552123,0.799975,0.665594,0.330732,0.966092,0.369317,20.077434
677,1,1,1,11.066456,2.698000,0.548671,0.797551,0.665569,0.332849,0.977895,0.372031,17.610461
678,0,1,0,13.347563,2.719366,0.554431,0.800351,0.671255,0.328979,0.963243,0.367403,19.907397
679,1,1,1,10.668283,2.599206,0.639329,0.812800,0.669268,0.331046,0.976573,0.371292,17.221581
680,1,1,0,13.415354,2.593261,0.643317,0.811545,0.670702,0.329021,0.979864,0.369982,19.962732
681,1,1,1,10.516720,2.593397,0.551957,0.794486,0.664818,0.332628,1.091667,0.395674,17.091563
682,1,1,1,10.572850,2.592554,0.553409,0.801347,0.663090,0.331496,0.973483,0.368763,17.006935
683,1,1,1,11.191145,2.692499,0.559083,0.797526,0.668664,0.328517,0.972861,0.377944,17.739895
684,1,1,1,12.541637,2.706677,0.556086,0.801489,0.666739,0.328412,0.974295,0.369791,19.096953
685,1,1,1,11.042529,2.596757,0.549674,0.803735,0.798677,0.327803,0.977243,0.369015,17.620566
686,1,1,1,11.052560,2.595250,0.551021,0.797508,0.665243,0.335852,0.976892,0.372418,17.498154
687,1,1,1,13.522628,2.594923,0.552825,0.799095,0.667550,0.332867,0.979077,0.371803,19.973760
688,1,1,1,10.204905,2.617292,0.551717,0.798831,0.664652,0.334911,0.971545,0.369200,16.670013
689,1,1,1,10.498332,2.592535,0.674357,0.804240,0.666750,0.331901,0.974868,0.369224,17.067218
690,1,1,1,11.351348,2.601237,0.549440,0.806769,0.667064,0.437194,0.967243,0.382013,17.913637
691,1,1,1,10.986763,2.592973,0.555630,0.802695,0.666043,0.330228,0.978283,0.367821,17.433711
692,1,1,1,11.739188,2.593883,0.551108,0.809440,0.669323,0.329194,0.975145,0.369581,18.187778
693,1,1,1,9.223108,2.593877,0.556221,0.926973,0.676338,0.332972,0.974221,0.370111,15.806837
694,1,1,1,10.557182,2.596923,0.554277,0.800031,0.664443,0.331421,0.976406,0.482031,17.113957
695,0,1,0,13.619372,2.594535,0.549329,0.799624,0.661760,0.331040,0.973791,0.396117,20.081650
696,1,1,1,10.355502,2.592215,0.550025,0.798025,0.671526,0.328240,0.973889,0.371465,16.789464
697,1,1,1,13.607736,2.596726,0.556061,0.805569,0.660708,0.329957,0.972055,0.368751,20.046929
698,0,1,0,13.280117,2.589237,0.545988,0.802450,0.662166,0.332782,0.974596,0.370387,19.704086
699,1,1,1,11.250634,2.695859,0.561588,0.802837,0.669655,0.329267,0.976855,0.372308,17.812037
700,1,1,1,9.202738,2.595040,0.550647,0.801846,0.673163,0.333151,0.971194,0.403286,15.684954
701,1,1,1,11.955212,2.592874,0.550345,0.799810,0.666455,0.330289,0.975434,0.367711,18.389588
702,1,1,1,11.101139,2.593169,0.543305,0.793563,0.668210,0.332640,0.965224,0.367754,17.515040
703,1,1,1,10.527969,2.694690,0.558295,0.804406,0.667071,0.333120,0.975483,0.369471,17.083982
704,1,1,1,10.569335,2.596775,0.547896,0.802818,0.661908,0.332511,0.967797,0.393545,17.022997
705,1,1,0,13.406769,2.594461,0.547366,0.792763,0.663268,0.331520,0.977729,0.402899,19.867459
706,1,1,0,13.483022,2.591139,0.551341,0.799600,0.671994,0.330486,0.976333,0.390338,19.944695
707,0,1,1,12.257495,2.597902,0.549157,0.802856,0.665421,0.331551,0.978480,0.369588,18.704105
708,1,1,1,13.400289,2.591231,0.548819,0.801618,0.668142,0.333846,0.976658,0.364825,19.836720
709,1,1,0,13.793619,2.589335,0.547520,0.799895,0.671323,0.329594,0.976019,0.470997,20.331268
710,1,1,1,12.205963,2.592572,0.546689,0.807896,0.666474,0.333483,0.961963,0.367513,18.631373
711,1,1,1,11.000751,2.735969,0.556024,0.800831,0.663656,0.332357,0.978424,0.370314,17.591496
712,1,1,1,13.372696,2.627009,0.551064,0.806941,0.663427,0.331409,0.972640,0.367846,19.926148
713,1,1,1,13.658412,2.599834,0.551280,0.797526,0.669348,0.328326,0.973741,0.369711,20.100031
714,1,1,1,10.888375,2.705354,0.553858,0.805594,0.665815,0.332738,0.975292,0.367735,17.443403
715,1,1,1,12.547994,2.591797,0.552129,0.850911,0.673298,0.325563,0.970886,0.370326,19.109052
716,1,1,1,13.152609,2.594234,0.550616,0.921711,0.669754,0.328523,0.977471,0.367360,19.714098
717,1,1,0,13.115144,2.593471,0.552487,0.929096,0.675877,0.329600,0.974443,0.372141,19.695354
718,1,1,1,12.892868,2.594086,0.551557,0.805403,0.811384,0.332511,0.964646,0.370868,19.476363
719,1,1,1,13.299496,2.591200,0.557779,0.794640,0.793963,0.333643,0.977028,0.368855,19.873993
720,1,1,1,13.384369,2.592283,0.553255,0.798424,0.811618,0.331687,0.977341,0.369612,19.970209
721,1,1,1,11.325582,2.592627,0.547059,0.802542,0.667625,0.331397,0.977236,0.480535,17.875637
722,0,1,0,13.625027,2.594320,0.554197,0.802357,0.666886,0.327902,0.994228,0.419889,20.137736
723,1,1,1,10.496419,2.589889,0.554905,0.806916,0.663101,0.332197,0.976086,0.372714,16.944006
724,1,1,1,9.232560,2.590585,0.649747,0.813021,0.675822,0.328880,0.977680,0.367650,15.785317
725,1,1,1,9.206394,2.595779,0.547262,0.807372,0.667181,0.333476,0.976462,0.370172,15.654793
726,1,1,1,9.147551,2.698487,0.550141,0.798147,0.663950,0.333107,0.975926,0.370862,15.689459
727,1,1,1,11.033570,2.592781,0.552671,0.809859,0.807366,0.338172,0.975970,0.371698,17.637133
728,1,1,1,13.399028,2.591046,0.555797,0.880911,0.703668,0.329033,0.976024,0.366634,19.959754
729,1,1,0,13.470356,2.593514,0.557520,0.910653,0.679643,0.332782,0.975477,0.371323,20.046264
730,1,1,1,13.189643,2.597188,0.553846,0.803581,0.804363,0.331335,0.974948,0.375317,19.782068
731,1,1,1,11.577766,2.592412,0.551114,0.806277,0.665188,0.331581,0.974135,0.403095,18.055575
732,1,1,1,10.526043,2.591194,0.551305,0.798031,0.660222,0.332973,0.970800,0.369514,16.948634
733,1,1,1,13.467914,2.596979,0.548467,0.803539,0.665723,0.333040,0.978160,0.369157,19.914677
734,1,1,1,11.512302,2.696751,0.551643,0.805858,0.665686,0.330203,0.966074,0.376689,18.056283
735,1,1,0,13.588055,2.695126,0.556000,0.803237,0.664578,0.331686,0.978462,0.367144,20.137083
736,1,1,1,10.519244,2.596653,0.548770,0.918572,0.673267,0.331778,0.978228,0.369846,17.085594
737,1,1,1,13.431317,2.591994,0.548967,0.911570,0.671108,0.333870,0.974197,0.371366,19.984991
738,1,1,1,11.489969,2.591225,0.551575,0.804905,0.665877,0.328930,0.977526,0.395760,17.961305
739,1,1,1,10.468597,2.594394,0.549182,0.799557,0.663477,0.329058,0.971846,0.373027,16.899619
740,1,1,1,13.550812,2.597243,0.552505,0.793298,0.670006,0.329932,0.975157,0.365200,19.984302
741,1,1,1,13.389920,2.591046,0.550264,0.805957,0.664252,0.328713,0.973317,0.367723,19.822141
742,1,1,1,11.029680,2.693827,0.554991,0.803514,0.663821,0.330332,0.978695,0.371963,17.576615
743,1,1,1,11.519452,2.592917,0.688031,0.803514,0.667145,0.332252,0.977225,0.366517,18.100025
744,1,1,1,12.623446,2.592314,0.550554,0.935723,0.678670,0.330763,0.979268,0.372670,19.215059
745,1,1,1,11.038861,2.591501,0.555446,0.806056,0.669606,0.332517,0.976179,0.402547,17.528479
746,1,1,1,11.014031,2.593741,0.554677,0.795976,0.670560,0.334332,0.977563,0.368431,17.459342
747,1,1,1,11.046702,2.701293,0.557237,0.802972,0.667440,0.330018,0.973570,0.367446,17.601193
748,1,1,1,9.216720,2.590511,0.548929,0.802542,0.671576,0.429822,0.981052,0.372548,15.764979
749,0,1,0,13.453957,2.592856,0.558499,0.804025,0.663058,0.438578,0.977095,0.376825,20.019237
750,1,1,1,13.585231,2.591871,0.550800,0.798406,0.773052,0.334541,0.965292,0.373920,20.128000
751,1,1,1,13.081785,2.592356,0.555452,0.796954,0.671305,0.424548,0.976524,0.373822,19.626627
752,0,1,1,10.648714,2.591391,0.551323,0.800708,0.666702,0.331532,0.975335,0.368893,17.083828
753,1,1,0,13.721280,2.599772,0.552455,0.802720,0.665520,0.332006,0.977901,0.367587,20.171366
754,1,1,1,11.552123,2.594498,0.549680,0.800880,0.664904,0.330529,0.979612,0.369846,17.990905
755,0,1,0,13.729810,2.593649,0.549397,0.797625,0.663803,0.326296,0.978936,0.369508,20.161471
756,1,1,1,10.448695,2.712782,0.554240,0.794541,0.674148,0.326701,0.963163,0.366898,16.991508
757,1,1,1,10.731396,2.591132,0.548701,0.804413,0.665779,0.459908,0.984363,0.394425,17.334400
758,1,1,1,10.462898,2.593717,0.546984,0.798584,0.667982,0.329864,0.978019,0.372221,16.901268
759,1,1,1,13.442412,2.596424,0.558344,0.807673,0.668547,0.331877,0.975538,0.370387,19.900843
760,1,1,1,10.531096,2.716764,0.553330,0.802345,0.666935,0.332708,0.975366,0.367612,17.095760
761,1,1,1,10.640074,2.595323,0.545508,0.916277,0.665028,0.329853,0.975243,0.369268,17.189089
762,1,1,1,11.014332,2.593938,0.545588,0.797274,0.665698,0.328191,0.977581,0.388387,17.459569
763,1,1,1,11.361649,2.594074,0.551415,0.798461,0.664080,0.328812,0.980129,0.372899,17.803299
764,1,1,1,13.472812,2.590640,0.549576,0.804646,0.668289,0.332861,0.964707,0.368147,19.902757
765,1,1,1,13.387483,2.592831,0.549157,0.805846,0.663994,0.330246,0.976806,0.370640,19.828283
766,1,1,1,13.456080,2.594333,0.547495,0.800154,0.668185,0.331705,0.963360,0.369988,19.882899
767,1,1,1,11.011421,2.690763,0.557926,0.796585,0.668923,0.331649,0.972935,0.369200,17.554474
768,1,1,1,10.536129,2.591397,0.550363,0.917723,0.673766,0.331187,0.973760,0.367274,17.097434
769,0,1,0,13.441994,2.593815,0.553742,0.942769,0.676012,0.328135,0.978191,0.374295,20.045015
770,1,1,1,12.949040,2.589969,0.548591,0.898055,0.689071,0.330781,0.973139,0.370806,19.501145
771,1,1,1,13.140523,2.593533,0.551138,0.800018,0.787513,0.328092,0.975188,0.371298,19.702874
772,1,1,1,11.063114,2.591772,0.553699,0.799132,0.670997,0.334455,0.977754,0.485464,17.627016
773,1,1,0,10.769329,2.593280,0.548880,0.805569,0.665071,0.329637,0.976117,0.365391,17.204437
774,1,1,0,13.491834,2.597809,0.549637,0.802603,0.663667,0.329576,0.963047,0.373317,19.921735
775,1,1,1,10.516535,2.693588,0.554080,0.800277,0.664056,0.326714,0.977594,0.369735,17.055212
776,1,1,1,10.512222,2.596074,0.548277,0.802425,0.667871,0.432578,0.978948,0.380012,17.069250
777,1,1,1,10.568578,2.589754,0.548271,0.800018,0.663766,0.331378,0.975877,0.369883,16.998738
778,0,1,0,13.820966,2.589717,0.548739,0.802067,0.669840,0.332302,0.975391,0.366708,20.256979
779,0,1,0,13.774153,2.592222,0.546609,0.796887,0.664492,0.333114,0.973901,0.373587,20.207058
780,1,1,1,10.544911,2.683723,0.547907,0.794677,0.670320,0.334923,0.976843,0.371329,17.075372
781,1,1,1,13.268825,2.696148,0.562658,0.810093,0.666338,0.329785,0.977200,0.370320,19.832597
782,1,1,1,10.535815,2.591225,0.669225,0.809403,0.668867,0.333526,0.965963,0.372049,17.096603
783,1,1,1,13.349791,2.596407,0.648413,0.810443,0.673723,0.329107,0.976732,0.369452,19.906264
784,1,1,1,13.839705,2.592615,0.561113,0.807963,0.668375,0.332812,0.973052,0.369416,20.378473
785,1,1,1,13.330301,2.591668,0.679175,0.810289,0.665495,0.329711,0.975551,0.373181,19.910313
786,0,1,0,13.533286,2.688197,0.553520,0.808037,0.667797,0.329828,0.973163,0.370000,20.075108
787,0,1,0,13.586154,2.691735,0.562997,0.802247,0.661101,0.327477,0.964683,0.370997,20.122049
788,1,1,0,13.092061,2.592689,0.672216,0.804037,0.664763,0.328258,0.977539,0.369354,19.654012
789,1,1,1,13.459065,2.688535,0.552647,0.801945,0.666566,0.329157,0.977576,0.367760,19.995046
790,0,1,1,13.523249,2.686215,0.551631,0.800806,0.670979,0.330160,0.964738,0.364345,20.043434
791,1,1,1,13.308344,2.709649,0.555945,0.802763,0.669938,0.333304,0.973200,0.365440,19.872498
792,1,1,1,11.095729,2.589914,0.551945,0.803600,0.667939,0.426954,0.981637,0.375367,17.643563
793,1,1,1,11.746782,2.595095,0.548129,0.805852,0.668215,0.326807,0.977723,0.371127,18.189372
794,1,1,1,13.111760,2.592339,0.546387,0.796406,0.670197,0.331538,0.973637,0.365760,19.540880
795,0,1,0,13.304627,2.591840,0.545587,0.806727,0.659144,0.331286,0.972018,0.366363,19.729231
796,1,1,1,13.406098,2.592917,0.550566,0.797883,0.672216,0.331883,0.976991,0.363840,19.841587
797,1,1,1,11.577711,2.592978,0.549434,0.800738,0.666025,0.332197,0.974788,0.369464,18.012621
798,1,1,1,13.504215,2.593391,0.546781,0.800658,0.666430,0.326197,0.978246,0.373052,19.937815
799,1,1,1,11.043495,2.792585,0.551859,0.796210,0.663637,0.331950,0.974923,0.372474,17.683957
800,0,1,0,13.344357,2.687538,0.553976,0.798917,0.661237,0.330141,0.974603,0.374228,19.878264
801,0,1,0,13.128806,2.693858,0.556628,0.805582,0.664763,0.331403,0.978511,0.368461,19.678283
802,1,1,1,13.411052,2.702019,0.560142,0.794160,0.667773,0.329354,0.973249,0.368437,19.959582
803,1,1,1,13.326738,2.683939,0.548979,0.795385,0.668216,0.330093,0.976757,0.373772,19.857963
804,0,1,0,13.609311,2.688228,0.547225,0.800510,0.668246,0.326295,0.964074,0.376012,20.132929
805,1,1,1,13.288868,2.686991,0.553410,0.800634,0.663606,0.327532,0.974210,0.363723,19.811668
806,1,1,1,13.242264,2.692935,0.556536,0.803187,0.669274,0.332511,0.964776,0.370818,19.783015
807,0,1,0,13.382733,2.706676,0.560781,0.794874,0.659871,0.330708,0.979391,0.369914,19.940364
808,1,1,1,10.436197,2.588511,0.557372,0.798560,0.667619,0.432142,0.976831,0.376338,16.985403
809,0,1,0,13.382123,2.591003,0.552972,0.802861,0.664566,0.436123,0.973194,0.382689,19.938868
810,1,1,1,13.356394,2.591828,0.545489,0.798917,0.666714,0.433385,0.981730,0.381827,19.907280
811,1,1,1,13.337464,2.591384,0.553064,0.804621,0.664055,0.514960,0.979779,0.391132,19.991064
812,1,1,1,11.042892,2.592234,0.549379,0.799729,0.672732,0.334831,0.973705,0.369717,17.485692
813,1,1,1,11.370418,2.595662,0.555575,0.798246,0.667378,0.330775,0.980179,0.375065,17.826670
814,1,1,1,10.538314,2.690627,0.553945,0.799372,0.669218,0.335661,0.964529,0.364843,17.068474
815,1,1,1,11.539766,2.593207,0.549378,0.800394,0.778086,0.331095,0.975182,0.370898,18.093292
816,1,1,1,11.051059,2.593507,0.555711,0.802505,0.667373,0.330819,0.972997,0.474504,17.599643
817,1,1,1,11.697065,2.760997,0.680917,0.977833,0.886074,0.341686,0.971095,0.408597,18.912831
818,1,1,1,10.292763,2.795311,0.690105,0.920166,0.814006,0.386535,0.989157,0.498733,17.576258
819,1,1,1,11.661901,2.785526,0.662591,0.808061,0.679717,0.331354,0.977840,0.384868,18.449865
820,1,1,1,11.680923,2.603735,0.708326,0.824019,0.711310,0.342874,0.981360,0.387181,18.400708
821,1,1,1,10.742215,2.763914,0.596775,0.891477,0.833477,0.453224,0.985514,0.417735,17.864498
822,1,1,1,9.808726,2.749335,0.603785,1.065773,0.890253,0.385625,0.990886,0.510646,17.189477
823,0,1,0,15.080394,2.745889,0.709815,0.996283,0.771410,0.399151,0.990548,0.528560,22.417391
824,1,1,1,14.362597,2.641428,0.565458,0.805250,0.966043,0.335607,0.978542,0.397058,21.219502
825,1,1,1,10.864025,2.609587,0.570745,0.818437,0.686911,0.340357,0.980357,0.585723,17.618493
826,1,1,1,10.965532,2.681994,0.580892,0.813059,0.682764,0.333957,0.979058,0.392560,17.590492
827,1,1,1,16.200270,2.755870,0.657865,0.943311,0.769766,0.555884,0.999877,0.545926,23.620443
828,1,1,1,12.568357,2.817354,0.679526,1.002807,0.870167,0.474265,0.994985,0.529107,20.142407
829,1,1,1,12.002609,2.797262,0.686825,0.958954,0.848160,0.419693,1.147108,0.562812,19.650074
830,1,1,1,10.159852,2.596264,0.547243,0.794726,0.668548,0.325723,0.964080,0.372751,16.582050
831,1,1,1,12.685446,2.592510,0.556702,0.803390,0.667729,0.330271,0.974911,0.368849,19.132745
832,1,1,1,13.473151,2.595342,0.546849,0.809514,0.669717,0.331262,0.977077,0.370456,19.923274
833,1,1,1,10.624585,2.702781,0.554960,0.801483,0.665107,0.332289,0.977397,0.372031,17.180782
834,1,1,1,13.471544,2.703538,0.556628,0.800196,0.670369,0.330289,0.978640,0.364406,20.026147
835,1,1,1,13.469470,2.715877,0.546295,0.800775,0.666301,0.328228,0.975711,0.362148,20.020276
836,1,1,1,10.481815,2.591421,0.549366,0.803600,0.782960,0.335852,0.979908,0.370185,17.048616
837,1,1,1,13.302523,2.593385,0.550979,0.798523,0.754911,0.341108,0.978455,0.370179,19.857219
838,1,1,1,10.495040,2.590695,0.551353,0.803619,0.662604,0.333427,0.980812,0.366073,16.936436
839,1,1,1,10.569902,2.719126,0.559427,0.799723,0.662566,0.331680,0.962018,0.373514,17.133785
840,1,1,1,10.484991,2.585975,0.549557,0.922733,0.670954,0.328775,0.977920,0.368782,17.039803
841,1,1,1,10.490327,2.592849,0.548394,0.803490,0.671335,0.333237,0.975563,0.467206,17.033612
842,1,1,1,11.993231,2.590388,0.547212,0.805250,0.664253,0.329624,0.975237,0.371625,18.423157
843,1,1,1,13.398972,2.597095,0.551317,0.797502,0.667237,0.327809,0.974382,0.369945,19.834025
844,1,1,1,11.395717,2.606290,0.553304,0.801175,0.669833,0.328603,0.974794,0.366677,17.851120
845,1,1,1,13.435034,2.617539,0.553779,0.798074,0.666326,0.333107,0.975440,0.365157,19.903618
846,1,1,1,10.420326,2.590646,0.658314,0.806289,0.666966,0.328707,0.963673,0.368301,16.956375
847,1,1,1,10.508000,2.596277,0.553188,0.804548,0.666290,0.329815,0.972104,0.401625,16.984855
848,1,1,1,11.025871,2.596400,0.545175,0.806413,0.670763,0.332683,0.978099,0.367545,17.470554
849,0,1,0,13.799256,2.594621,0.551366,0.798769,0.671477,0.329618,0.980486,0.371587,20.249569
850,1,1,1,10.952449,2.830271,0.558529,0.802394,0.664782,0.326782,0.976216,0.368375,17.633741
851,1,1,1,13.415034,2.691114,0.551532,0.801945,0.669828,0.326714,0.978573,0.370615,19.959127
852,1,1,1,11.513982,2.691834,0.552185,0.796683,0.667336,0.330222,0.976024,0.366812,18.046831
853,1,1,1,12.582013,2.592468,0.648326,0.803803,0.672363,0.330708,0.977107,0.369662,19.130849
854,1,1,1,13.373963,2.589409,0.645969,0.811914,0.670105,0.327544,0.979391,0.369422,19.918917
855,1,1,1,10.552911,2.592677,0.549883,0.795551,0.660837,0.330117,0.985059,0.396233,17.017329
856,1,1,1,13.324080,2.592418,0.548308,0.801951,0.666025,0.333607,0.980253,0.477834,19.871501
857,1,1,1,9.091126,2.698677,0.557206,0.797569,0.668295,0.331421,0.978535,0.369170,15.645754
858,1,1,1,12.877871,2.706966,0.550597,0.796609,0.662283,0.329944,0.973188,0.365353,19.413132
859,0,1,1,13.402536,2.685656,0.556739,0.801262,0.663717,0.328603,0.978105,0.369680,19.940941
860,0,1,0,12.426751,2.685366,0.553533,0.801957,0.664369,0.333230,0.977582,0.369034,18.964357
861,0,1,0,13.635458,2.708443,0.553470,0.802129,0.660947,0.329108,0.979730,0.366104,20.187385
862,1,1,1,10.430258,2.590098,0.552314,0.807908,0.770621,0.336339,0.966339,0.370627,16.978628
863,1,1,1,11.310499,2.590886,0.548443,0.803643,0.669754,0.331754,0.978548,0.373440,17.758473
864,1,1,1,11.069908,2.590326,0.550049,0.810652,0.664098,0.333323,0.974572,0.368320,17.509692
865,1,1,1,10.650474,2.702246,0.556591,0.797557,0.664781,0.331551,0.973699,0.366301,17.195649
866,1,1,1,10.495206,2.592850,0.556696,0.804444,0.665735,0.434591,0.975311,0.372234,17.047587
867,1,1,1,11.109471,2.636720,0.545489,0.792973,0.658708,0.327280,0.977563,0.368812,17.568061
868,1,1,1,11.465914,2.595735,0.551600,0.803052,0.671033,0.332591,0.973803,0.367373,17.912388
869,1,1,1,11.332948,2.716455,0.557428,0.805366,0.667403,0.327409,0.975698,0.372855,17.904855
870,1,1,1,11.318990,2.588517,0.552019,0.915046,0.674770,0.332412,0.970880,0.366295,17.871427
871,1,1,1,13.353932,2.596646,0.554554,0.941305,0.676240,0.333594,0.980800,0.365784,19.958985
872,1,1,1,13.584111,2.594910,0.650203,0.826062,0.672880,0.327613,0.976824,0.369532,20.151969
873,1,1,1,10.514813,2.594012,0.547520,0.807219,0.665476,0.332634,0.979796,0.408707,17.005292
874,1,1,1,11.516105,2.594560,0.551747,0.800578,0.673852,0.329748,0.978289,0.370825,17.963877
875,1,1,1,11.248516,2.701711,0.552240,0.795784,0.659557,0.333280,0.975532,0.366529,17.784744
876,0,1,0,13.294221,2.794953,0.561268,0.804499,0.667249,0.331588,0.975010,0.370327,19.951385
877,1,1,1,13.306751,2.705994,0.552271,0.804781,0.664923,0.328738,0.974419,0.372338,19.863717
878,1,1,1,10.495686,2.590493,0.648825,0.808419,0.671483,0.329465,0.978197,0.367662,17.040603
879,0,1,0,13.529766,2.593286,0.644363,0.809686,0.668209,0.331440,0.978264,0.372369,20.080554
880,1,1,1,13.341200,2.591932,0.647059,0.806043,0.670572,0.331458,0.977058,0.368037,19.885323
881,1,1,1,10.639945,2.594474,0.547379,0.811416,0.668375,0.332831,0.980572,0.394880,17.123396
882,1,1,1,10.455268,2.595076,0.549459,0.806652,0.669730,0.324634,0.976425,0.369433,16.895378
883,0,1,0,14.199034,2.596899,0.554603,0.799107,0.663052,0.328935,0.975816,0.370345,20.640474
884,1,1,1,10.563563,2.852720,0.641262,0.904080,0.872437,0.370991,0.981292,0.383975,17.798067
885,1,1,1,12.987760,2.711458,0.554769,0.799539,0.669409,0.329587,0.978049,0.368375,19.556788
886,1,1,1,11.286289,2.595126,0.676812,0.805102,0.664560,0.330905,0.963889,0.371987,17.846867
887,1,1,0,12.591218,2.592634,0.545981,0.952498,0.673544,0.330333,0.977545,0.373994,19.192597
888,1,1,1,10.556437,2.587575,0.543040,0.802209,0.672425,0.330941,0.972222,0.466252,17.082855
889,1,1,1,10.601876,2.596621,0.551711,0.802824,0.669194,0.332455,0.979484,0.373502,17.061692
890,1,1,1,10.730855,2.694917,0.554486,0.806813,0.664061,0.332634,0.971717,0.366259,17.269791
891,0,1,0,13.415274,2.692486,0.552178,0.800110,0.669108,0.328105,0.964154,0.366708,19.939655
892,1,1,1,11.602178,2.595698,0.551231,0.904467,0.673883,0.329790,0.976136,0.370899,18.156289
893,1,1,0,13.579883,2.594290,0.552215,0.925428,0.673858,0.332800,0.973631,0.364991,20.151508
894,1,1,0,13.341655,2.593249,0.550326,0.909428,0.668800,0.329071,0.964320,0.367010,19.873447
895,1,1,1,10.957059,2.597317,0.553895,0.800985,0.658942,0.331969,1.044098,0.392283,17.492086
896,1,1,1,10.541526,2.593212,0.548960,0.800554,0.665058,0.328616,0.973021,0.368388,16.969594
897,1,1,1,10.539901,2.716258,0.556111,0.807440,0.664093,0.332683,0.974966,0.369723,17.112308
898,0,1,1,13.135692,2.690535,0.550271,0.799452,0.672154,0.323545,0.975772,0.368689,19.667514
899,1,1,1,13.352461,2.685089,0.553710,0.801391,0.657139,0.331556,0.977809,0.367231,19.878671
900,1,1,1,13.309071,2.719569,0.549329,0.803304,0.667643,0.330418,0.975797,0.368086,19.874473
901,1,1,1,11.474037,2.593674,0.548757,0.804468,0.775963,0.330948,0.978923,0.366061,18.028523
902,1,1,1,11.049594,2.594025,0.548357,0.796905,0.666006,0.334462,0.965009,0.372702,17.477114
903,1,1,1,10.540419,2.593366,0.546179,0.804984,0.664437,0.329040,0.973514,0.375551,16.982720
904,1,1,1,10.562750,2.712363,0.556099,0.801735,0.667969,0.328283,0.975809,0.365760,17.122141
905,1,1,1,11.516787,2.592425,0.548283,0.808462,0.774566,0.332123,0.977963,0.370381,18.076431
906,1,1,1,10.522203,2.594000,0.543206,0.799391,0.666222,0.330357,0.975003,0.374880,16.952776
907,0,1,0,13.898504,2.594757,0.548942,0.805120,0.662363,0.329982,0.974899,0.371612,20.337612
908,0,1,0,13.228695,2.594763,0.551040,0.799489,0.664954,0.330406,0.963729,0.370554,19.650652
909,1,1,1,11.104696,2.593877,0.552775,0.798492,0.667034,0.332658,0.977157,0.372258,17.550050
910,1,1,1,13.441157,2.593193,0.549169,0.801114,0.667354,0.329717,0.976191,0.365452,19.874536
911,1,1,1,13.492548,2.590616,0.547778,0.804505,0.666585,0.333624,0.976326,0.371366,19.936013
912,1,1,1,10.531033,2.679212,0.555096,0.802363,0.668658,0.329779,0.976492,0.371662,17.063766
913,1,1,1,10.618455,2.598554,0.552209,0.804123,0.668387,0.329988,1.076708,0.398923,17.201631
914,1,1,0,13.335428,2.593126,0.551883,0.806228,0.663920,0.330327,1.045655,0.397083,19.877427
915,1,1,1,11.278252,2.589144,0.552203,0.808985,0.660209,0.329852,0.972979,0.366818,17.711341
916,1,1,1,10.545151,2.696234,0.554246,0.801096,0.668190,0.329225,0.974339,0.367797,17.089021
917,1,1,1,9.215944,2.589834,0.554006,0.801822,0.788050,0.330412,0.976123,0.372430,15.782184
918,1,1,1,13.135077,2.587582,0.551896,0.804948,0.761336,0.330788,0.978498,0.371286,19.671877
919,1,1,1,10.501871,2.595347,0.552597,0.792222,0.664966,0.335969,0.972105,0.370578,16.936080
920,1,1,1,12.619570,2.592289,0.550542,0.796129,0.669052,0.330381,0.973570,0.368425,19.050948
921,1,1,1,11.141563,2.692425,0.553624,0.799729,0.664794,0.331840,0.975410,0.370105,17.682166
922,1,1,1,12.990671,2.685465,0.553729,0.803274,0.663828,0.328308,0.974067,0.366086,19.518393
923,1,1,1,13.412676,2.709391,0.549988,0.797508,0.658209,0.329391,0.977305,0.370025,19.956184
924,1,1,1,10.577833,2.591902,0.553280,0.874953,0.714622,0.333194,0.976689,0.370880,17.151668
925,1,1,1,13.311379,2.591594,0.551323,0.804191,0.786154,0.327458,0.979834,0.372443,19.877754
926,1,1,1,10.557883,2.589779,0.549452,0.807797,0.669175,0.332216,0.976203,0.370240,17.001323
927,1,1,1,13.625477,2.591827,0.553034,0.800381,0.661741,0.334622,0.976757,0.370966,20.066769
928,1,1,1,10.534179,2.592480,0.554486,0.798751,0.669366,0.333416,0.973563,0.370191,16.978794
929,1,1,1,10.585132,2.684455,0.563384,0.807378,0.665945,0.328196,0.976572,0.372425,17.135858
930,1,1,1,10.566652,2.585588,0.549052,0.802240,0.666609,0.331150,0.967563,0.387391,17.009957
931,1,1,1,10.451533,2.596136,0.552363,0.801434,0.661809,0.329410,0.963065,0.368905,16.876062
932,1,1,1,13.416111,2.595902,0.550462,0.795053,0.662068,0.327384,0.976086,0.364622,19.834308
933,1,1,1,10.592585,2.712603,0.553483,0.802067,0.661987,0.330910,0.978000,0.369415,17.156671
934,1,1,1,10.504738,2.593569,0.541945,0.802351,0.792936,0.331317,0.966794,0.371963,17.060382
935,1,1,0,13.307526,2.593723,0.554117,0.808813,0.787594,0.337089,0.973490,0.372473,19.890043
936,0,1,0,13.546025,2.593606,0.548049,0.804443,0.803311,0.329890,0.975975,0.373003,20.130424
937,1,1,1,10.570991,2.593803,0.547415,0.804369,0.665914,0.327766,0.974707,0.376708,17.014627
938,1,1,1,10.921058,2.598750,0.548874,0.794596,0.669834,0.335704,0.978105,0.367372,17.363631
939,1,1,1,10.624339,2.692511,0.559619,0.806154,0.666560,0.332653,0.975292,0.374941,17.185292
940,1,1,1,11.312997,2.596929,0.546622,0.802763,0.765674,0.331637,0.974849,0.368486,17.852892
941,1,1,1,11.215058,2.594807,0.554628,0.803372,0.663871,0.326812,0.975969,0.372357,17.657822
942,1,1,1,10.673267,2.596904,0.548904,0.793102,0.667299,0.331052,0.964739,0.368892,17.095151
943,1,1,1,13.368283,2.601508,0.544696,0.796695,0.665225,0.329563,0.981526,0.369951,19.812173
944,1,1,1,10.542326,2.592676,0.664905,0.808209,0.670954,0.325988,0.975926,0.365920,17.096424
945,1,1,1,10.633901,2.595065,0.554868,0.801520,0.664560,0.330825,0.967163,0.402233,17.104388
946,1,1,1,13.352800,2.594935,0.547237,0.798413,0.669773,0.332105,0.974437,0.429994,19.854148
947,1,1,1,10.623311,2.596707,0.548800,0.801624,0.668179,0.329551,0.977040,0.370855,17.066320
948,0,1,0,13.631563,2.590831,0.547071,0.802843,0.669686,0.333570,0.975329,0.369600,20.070068
949,1,1,1,13.460745,2.592289,0.553410,0.803169,0.663236,0.332499,0.973945,0.374400,19.905988
950,1,1,1,11.027421,2.696757,0.557243,0.793421,0.669108,0.335385,0.966012,0.368923,17.564652
951,1,1,1,10.640591,2.590696,0.549286,0.916019,0.670203,0.328960,0.975778,0.367594,17.191403
952,1,1,1,10.590966,2.591957,0.545662,0.805255,0.664763,0.333175,0.971484,0.465939,17.116111
953,1,1,1,10.614991,2.594622,0.549243,0.797557,0.665046,0.333175,0.966024,0.370160,17.041833
954,1,1,1,11.502868,2.691791,0.556813,0.799532,0.667225,0.331434,0.978062,0.370308,18.048160
955,1,1,1,10.556129,2.596554,0.552892,0.902634,0.681729,0.327693,0.977945,0.368862,17.117077
956,1,1,1,13.333926,2.593268,0.547213,0.906431,0.693077,0.328972,0.977526,0.367544,19.905108
957,1,1,1,13.407090,2.596320,0.551256,0.901058,0.684603,0.334265,0.963587,0.367089,19.959773
958,1,1,1,13.084886,2.594419,0.546160,0.804837,0.782880,0.332246,0.966947,0.365293,19.630320
959,1,1,1,11.483293,2.592031,0.548726,0.802782,0.666923,0.331501,0.974203,0.517858,18.069021
960,1,1,1,9.052603,2.706381,0.550486,0.800197,0.674677,0.330763,0.975588,0.369329,15.612670
961,1,1,1,13.355206,2.697440,0.552739,0.801976,0.665668,0.330911,0.978813,0.370843,19.904696
962,0,1,1,13.181028,2.691366,0.555237,0.798246,0.664363,0.329520,0.975687,0.370997,19.716166
963,1,1,1,11.526302,2.699945,0.556837,0.801397,0.667163,0.330419,0.976461,0.370080,18.084652
964,1,1,1,10.563988,2.590548,0.551852,0.799588,0.670130,0.328087,0.977218,0.395865,17.028942
965,1,1,1,11.282947,2.594487,0.554536,0.804093,0.660444,0.328671,0.976067,0.363243,17.716800
966,1,1,1,13.584283,2.590333,0.549809,0.806585,0.669619,0.329446,0.965735,0.367292,20.016277
967,1,1,1,10.250794,2.699385,0.549767,0.798880,0.674012,0.329939,0.965133,0.366313,16.788794
968,1,1,1,11.522012,2.686474,0.595514,0.804418,0.669710,0.330560,0.973489,0.365920,18.105428
969,1,1,1,13.410006,2.718960,0.560505,0.799071,0.666443,0.333065,0.973766,0.369452,19.987003
970,0,1,0,13.636000,2.692184,0.555403,0.803304,0.664320,0.327963,0.976763,0.368609,20.177243
971,1,1,1,13.279058,2.683723,0.548542,0.794905,0.668720,0.328807,0.974659,0.364800,19.798136
972,0,1,0,13.667680,2.706074,0.551459,0.797933,0.662086,0.333280,0.975902,0.374246,20.220468
973,1,1,1,10.580505,2.590738,0.550843,0.799403,0.668670,0.438166,0.978062,0.389071,17.150289
974,1,1,1,10.507778,2.593926,0.547502,0.805261,0.658000,0.331292,0.965993,0.372123,16.930627
975,1,1,1,13.438646,2.593957,0.554929,0.800584,0.671027,0.330732,0.976055,0.370813,19.886702
976,1,1,1,11.032480,2.723852,0.553372,0.798277,0.666745,0.330850,0.974437,0.370690,17.600234
977,1,1,1,13.354954,2.696806,0.555938,0.794087,0.666031,0.329606,0.976523,0.368252,19.893809
978,1,1,1,10.469317,2.593778,0.553280,0.913950,0.672825,0.335403,0.978529,0.368265,17.034030
979,0,1,0,13.514000,2.593329,0.638523,0.812363,0.671034,0.328917,0.972782,0.372375,20.056807
980,0,1,1,13.414837,2.593157,0.727317,0.814049,0.672794,0.329766,0.973489,0.367551,20.044221
981,1,1,0,9.236216,2.593169,0.547384,0.795206,0.667083,0.327889,0.975033,0.368499,15.659354
982,1,1,1,11.630135,2.597348,0.548806,0.796677,0.672683,0.332363,0.968203,0.370418,18.068295
983,0,1,1,13.629428,2.593895,0.555065,0.801293,0.665047,0.330068,0.974991,0.370068,20.074788
984,1,1,1,10.525748,2.693618,0.552695,0.792597,0.666880,0.328339,0.975230,0.369434,17.055982
985,1,1,1,10.612911,2.592997,0.553742,0.803268,0.664351,0.455052,0.975587,0.375883,17.186129
986,1,1,1,13.452800,2.592400,0.545053,0.804690,0.736831,0.340677,0.978400,0.376418,19.992364
987,1,1,1,10.634425,2.591631,0.552363,0.795625,0.668012,0.327022,0.977484,0.368991,17.067132
988,1,1,1,11.668726,2.590443,0.548043,0.801293,0.661976,0.329680,0.978412,0.370000,18.097637
989,1,1,1,10.652000,2.695403,0.552775,0.799778,0.664252,0.335310,0.976856,0.368548,17.195058
990,1,1,1,10.501520,2.593587,0.553059,0.796271,0.669120,0.420529,0.969483,0.381236,17.036536
991,1,1,1,10.489225,2.596542,0.546942,0.793588,0.666806,0.335416,0.978068,0.369194,16.928696
992,0,1,0,13.703914,2.595459,0.545994,0.801539,0.667077,0.331157,0.972393,0.366376,20.129723
993,1,1,1,13.451532,2.601286,0.552406,0.800510,0.665889,0.330665,0.976954,0.372221,19.900800
994,1,1,1,13.435871,2.595219,0.548313,0.798855,0.668732,0.331539,0.975114,0.367606,19.869243
995,0,1,0,13.583028,2.595219,0.550271,0.801582,0.663717,0.329200,0.976942,0.369046,20.020542
996,1,1,1,10.428419,2.698554,0.549551,0.800948,0.670271,0.329317,0.975889,0.370812,16.974517
997,0,1,0,13.487692,2.689459,0.556788,0.798437,0.666757,0.331662,0.977526,0.370036,20.026424
998,1,1,1,13.343834,2.722960,0.547224,0.799064,0.671305,0.329329,0.965680,0.367588,19.899342
999,1,1,0,10.904468,2.592843,0.556333,0.920991,0.673341,0.332984,0.997225,0.373699,17.505305
1000,1,1,1,13.365834,2.596578,0.663089,0.798535,0.664701,0.329237,0.972393,0.369243,19.914634
1001,1,1,1,13.324184,2.587723,0.686148,0.807213,0.666603,0.325994,0.967496,0.372400,19.890062
1002,1,1,1,10.632529,2.590757,0.553748,0.809914,0.670573,0.332209,0.968825,0.401397,17.114738
1003,1,1,1,10.640535,2.606204,0.560554,0.815138,0.685292,0.337452,0.971716,0.384480,17.181908
1004,1,1,1,10.599372,2.694049,0.542179,0.789858,0.656978,0.321298,0.971218,0.362911,17.088560
1005,1,1,1,10.543292,2.596000,0.534621,0.788627,0.762628,0.327083,0.971773,0.364597,17.039945
1006,1,1,1,13.366880,2.589440,0.542493,0.793347,0.764812,0.322609,0.976406,0.360167,19.871465
1007,1,1,1,13.275674,2.594178,0.541661,0.794702,0.786221,0.325193,0.966394,0.364800,19.801803
1008,1,1,1,10.564868,2.591034,0.538807,0.791077,0.656221,0.325268,0.962492,0.363557,16.943219
1009,1,1,1,13.186560,2.596750,0.539231,0.788689,0.653520,0.323545,0.970566,0.366800,19.575981
1010,0,1,1,11.799736,2.592394,0.533489,0.790031,0.659532,0.324874,0.970400,0.359262,18.177963
1011,1,1,1,11.059656,2.721329,0.549834,0.791065,0.656511,0.323194,0.968800,0.366517,17.587981
1012,1,1,1,10.456905,2.594505,0.541156,0.792449,0.660529,0.427200,0.972375,0.364492,16.963360
1013,1,1,1,13.254062,2.589582,0.539249,0.791231,0.663329,0.427052,0.974505,0.377157,19.767865
1014,1,1,1,10.505342,2.588326,0.537816,0.793508,0.656664,0.325742,0.971433,0.363944,16.894061
1015,1,1,1,13.366394,2.589828,0.538529,0.790905,0.663526,0.322050,0.961384,0.363600,19.746277
1016,1,1,1,11.474258,2.703311,0.543280,0.789791,0.658566,0.324443,0.968954,0.361040,17.975674
1017,1,1,1,10.507871,2.590462,0.638492,0.790099,0.659164,0.325292,0.963772,0.363526,16.988966
1018,1,1,1,9.215631,2.590553,0.542806,0.791391,0.656443,0.327865,0.966849,0.365477,15.610542
1019,1,1,1,10.440037,2.700886,0.544536,0.790979,0.656357,0.326240,0.972375,0.363237,16.945760
1020,1,1,1,10.436597,2.587840,0.542554,0.915015,0.666843,0.322671,0.972856,0.362775,16.957077
1021,1,1,1,12.561126,2.592850,0.540991,0.784855,0.800203,0.321643,0.972406,0.364326,19.092024
1022,1,1,1,10.998708,2.594129,0.535298,0.789901,0.653747,0.324166,0.967698,0.361390,17.376517
1023,1,1,1,13.320966,2.591575,0.543600,0.786978,0.655028,0.322516,0.971668,0.360910,19.703760
1024,1,1,1,11.102012,2.595427,0.543514,0.789084,0.659680,0.322990,0.973286,0.360929,17.497809
1025,0,1,0,13.515753,2.592086,0.546579,0.789096,0.657846,0.324541,0.973662,0.365268,19.916209
1026,1,1,1,10.458154,2.692301,0.542597,0.791046,0.656061,0.324222,0.961231,0.363822,16.938541
1027,1,1,1,10.511507,2.588929,0.537662,0.783243,0.654911,0.327182,0.968960,0.385767,16.908246
1028,0,1,0,13.779828,2.590302,0.545440,0.789791,0.651138,0.324086,0.966394,0.397341,20.197520
1029,1,1,1,10.491083,2.594425,0.540320,0.788997,0.658905,0.329963,0.970197,0.362394,16.885101
1030,1,1,1,12.928178,2.591526,0.536492,0.788603,0.659145,0.321545,0.974652,0.359539,19.311108
1031,1,1,1,11.470517,2.709003,0.544154,0.789206,0.652548,0.321071,0.969840,0.362006,17.970024
1032,1,1,1,10.465624,2.589932,0.537551,0.884068,0.673126,0.321797,0.972234,0.360333,16.961206
1033,1,1,1,10.037932,2.595982,0.537366,0.779009,0.655883,0.324215,0.962111,0.365360,16.406905
1034,1,1,1,13.248646,2.596972,0.536923,0.793951,0.655520,0.326751,0.966652,0.361569,19.636006
1035,1,1,1,12.668271,2.589569,0.544209,0.790708,0.653889,0.319969,0.973077,0.366283,19.057212
1036,1,1,1,10.566818,2.698123,0.544394,0.794160,0.654868,0.323625,0.959458,0.365816,17.058000
1037,1,1,1,10.472086,2.594646,0.535040,0.793692,0.870443,0.330991,0.968991,0.367803,17.087409
1038,1,1,1,11.139846,2.601310,0.538787,0.794418,0.659108,0.320492,0.971496,0.364000,17.543280
1039,1,1,1,10.562529,2.594966,0.535754,0.787065,0.655717,0.325477,0.970892,0.362566,16.944110
1040,1,1,1,11.453588,2.690357,0.545852,0.797126,0.657710,0.322351,0.972812,0.361127,17.952781
1041,1,1,1,12.566363,2.716590,0.549237,0.782954,0.655156,0.325114,0.970892,0.358806,19.073015
1042,1,1,1,10.561963,2.595034,0.538105,0.790277,0.655834,0.354179,0.992843,0.532234,17.186375
1043,1,1,1,11.268658,2.593686,0.546726,0.792652,0.661828,0.328486,0.973667,0.365409,17.685446
1044,0,1,0,13.404775,2.591176,0.541988,0.788689,0.652270,0.327194,0.958997,0.366492,19.782671
1045,1,1,1,13.302585,2.593631,0.534622,0.790911,0.653336,0.323003,0.972197,0.363458,19.682098
1046,1,1,1,10.552806,2.735182,0.548252,0.789397,0.657440,0.327932,0.973926,0.364756,17.102160
1047,1,1,1,10.530874,2.592295,0.543255,0.902972,0.672837,0.322308,0.970381,0.364154,17.048714
1048,1,1,1,12.856843,2.593741,0.540781,0.796590,0.793335,0.325249,0.974228,0.367822,19.405483
1049,1,1,1,11.686566,2.599065,0.537440,0.791434,0.657145,0.323219,1.049834,0.401366,18.200197
1050,1,1,1,13.311440,2.597101,0.548265,0.796886,0.656080,0.326258,0.971748,0.481366,19.840553
1051,0,1,0,13.460061,2.592708,0.539360,0.792172,0.655920,0.325668,0.963354,0.500763,19.980640
1052,1,1,1,10.513729,2.594228,0.540025,0.794062,0.658240,0.323317,0.975612,0.363821,16.914190
1053,1,1,1,10.398899,2.694529,0.543889,0.794997,0.658308,0.325477,0.962437,0.363908,16.893914
1054,0,1,0,13.513163,2.715692,0.548911,0.793581,0.653132,0.324104,0.975347,0.360720,20.037742
1055,1,1,1,13.229157,2.695520,0.535710,0.797200,0.659520,0.326043,0.975194,0.363791,19.732406
1056,1,1,1,11.177384,2.592775,0.538732,0.795957,0.763157,0.323237,0.972142,0.362800,17.680640
1057,1,1,1,13.578153,2.596424,0.535120,0.788253,0.795495,0.322615,0.959176,0.370179,20.096726
1058,1,1,1,11.204141,2.592880,0.535556,0.798129,0.657483,0.325034,0.972935,0.365656,17.602831
1059,1,1,1,11.946462,2.591280,0.537483,0.786197,0.656621,0.324382,0.973151,0.363021,18.325446
1060,1,1,1,13.539243,2.591483,0.543336,0.799329,0.661421,0.324910,0.962172,0.362510,19.938437
1061,1,1,1,13.214443,2.591151,0.540437,0.795655,0.658480,0.319791,0.969218,0.363262,19.601096
1062,1,1,1,13.363317,2.590511,0.545926,0.788862,0.660941,0.325618,0.957920,0.358117,19.744492
1063,1,1,1,10.458671,2.792123,0.544184,0.789895,0.658296,0.323317,0.971390,0.361957,17.047742
1064,1,1,1,10.601342,2.589987,0.544763,0.794166,0.768135,0.330505,0.973896,0.368511,17.127477
1065,1,1,1,13.289618,2.589250,0.536400,0.793963,0.747212,0.333255,0.974234,0.374240,19.807932
1066,1,1,1,13.089581,2.621766,0.542529,0.792320,0.661292,0.429600,0.977520,0.379945,19.649335
1067,1,1,1,11.406400,2.595926,0.537742,0.792954,0.658529,0.326314,0.972899,0.361680,17.801723
1068,1,1,1,11.670185,2.591704,0.540733,0.794234,0.658166,0.324277,0.970769,0.368572,18.071415
1069,1,1,1,10.495342,2.699705,0.538381,0.791920,0.660547,0.321556,0.958179,0.365065,16.980339
1070,1,1,1,12.233624,2.593526,0.657188,0.791342,0.662062,0.323840,0.972511,0.363114,18.751034
1071,1,1,1,10.486493,2.592701,0.540369,0.789422,0.655353,0.323975,0.959372,0.472407,16.971070
1072,1,1,1,10.418283,2.594338,0.542806,0.787994,0.658880,0.321243,0.968781,0.363507,16.805914
1073,1,1,1,14.171927,2.594942,0.536911,0.793335,0.654129,0.321175,0.973551,0.364603,20.559827
1074,1,1,1,10.536843,2.689151,0.545914,0.791526,0.655987,0.325139,0.969902,0.364535,17.032781
1075,1,1,1,10.468246,2.592480,0.540259,0.787077,0.777273,0.327415,0.974462,0.366339,16.990332
1076,1,1,1,11.194560,2.592203,0.540763,0.797348,0.658954,0.325311,0.973391,0.365613,17.599385
1077,1,1,1,11.106548,2.591330,0.540018,0.791526,0.651163,0.326080,0.971200,0.359348,17.484726
1078,0,1,0,13.740511,2.593705,0.540517,0.795144,0.660702,0.322966,0.962215,0.363483,20.127200
1079,1,1,1,11.242615,2.694437,0.546320,0.791908,0.661102,0.328695,0.972450,0.362044,17.751052
1080,1,1,1,13.318037,2.714289,0.539890,0.787785,0.654080,0.324221,0.973446,0.366000,19.828948
1081,1,1,1,10.402345,2.594941,0.538253,0.788265,0.775231,0.323188,0.968935,0.364806,16.902701
1082,0,1,1,12.574689,2.590733,0.546738,0.794677,0.658345,0.326178,0.959342,0.392240,18.993360
1083,1,1,1,12.214050,2.596141,0.541218,0.792658,0.656031,0.323680,0.965723,0.364757,18.603840
1084,1,1,1,11.616283,2.589391,0.534880,0.787397,0.653939,0.320788,0.968960,0.363889,17.987452
1085,1,1,1,10.389200,2.686018,0.543163,0.788037,0.659828,0.326031,0.968203,0.364018,16.877428
1086,1,1,1,13.308419,2.688757,0.544210,0.791194,0.660012,0.320529,0.972006,0.359440,19.795680
1087,1,1,1,11.557206,2.591206,0.538443,0.906615,0.668862,0.327065,0.960849,0.366227,18.067705
1088,1,1,0,13.421046,2.598068,0.546400,0.903680,0.670610,0.322462,0.969914,0.364400,19.950960
1089,0,1,0,13.436252,2.589735,0.537907,1.028560,0.701249,0.325483,0.975587,0.371046,20.127822
1090,1,1,1,11.816480,2.593483,0.542320,0.798923,0.657151,0.319422,1.056997,0.388468,18.324868
1091,1,1,1,13.439661,2.598129,0.543871,0.791040,0.659902,0.328123,0.985625,0.395231,19.968431
1092,0,1,0,13.302924,2.594972,0.544154,0.790917,0.657840,0.326800,0.965698,0.397040,19.735963
1093,1,1,0,13.454351,2.592831,0.535532,0.789914,0.661157,0.328351,0.961378,0.409101,19.885508
1094,1,1,1,10.410160,2.598714,0.542357,0.798074,0.661206,0.325594,0.973939,0.368098,16.831003
1095,1,1,1,11.329022,2.695133,0.550338,0.784603,0.658837,0.323932,0.973385,0.360954,17.826480
1096,1,1,1,13.473914,2.712800,0.542419,0.792874,0.657797,0.323089,0.960640,0.365447,19.982676
1097,0,1,0,13.131637,2.691292,0.545244,0.791415,0.656750,0.327471,0.967797,0.368098,19.629151
1098,1,1,1,9.207268,2.598086,0.542689,0.790609,0.656775,0.417194,0.977144,0.376400,15.721255
1099,0,1,0,13.516018,2.590068,0.537624,0.793310,0.655551,0.437458,0.973034,0.373920,20.024209
1100,1,1,1,10.586572,2.595810,0.538843,0.787428,0.659231,0.325409,0.970966,0.363262,16.978714
1101,1,1,1,10.394763,2.732948,0.542609,0.789834,0.653957,0.327267,0.969477,0.361342,16.922664
1102,0,1,0,13.301428,2.714461,0.543262,0.792295,0.654831,0.321268,0.970806,0.359076,19.812418
1103,1,1,1,10.415674,2.593975,0.543274,0.789360,0.796775,0.320173,0.959200,0.366480,16.937021
1104,1,1,1,11.481686,2.594849,0.543132,0.785347,0.654585,0.327200,1.046080,0.402554,17.991735
1105,1,1,1,13.036320,2.594227,0.540523,0.789120,0.652117,0.322209,0.975440,0.465132,19.530548
1106,1,1,1,10.454505,2.593132,0.537631,0.794658,0.656493,0.327114,0.971895,0.365588,16.850006
1107,1,1,1,13.578917,2.592474,0.539212,0.786713,0.650332,0.320382,0.960043,0.362166,19.940714
1108,1,1,0,13.382166,2.595077,0.538984,0.793686,0.654203,0.322800,0.972517,0.364960,19.772018
1109,1,1,1,10.500000,2.712677,0.544560,0.788763,0.658486,0.325871,0.974610,0.364671,17.020130
1110,1,1,1,11.201926,2.590997,0.543046,0.789021,0.658862,0.415293,0.974812,0.372769,17.701335
1111,1,1,1,13.152812,2.591261,0.535501,0.787304,0.652615,0.325477,1.063612,0.381858,19.642252
1112,1,1,1,10.551539,2.597175,0.536025,0.792523,0.650160,0.323742,0.970997,0.364049,16.939415
1113,0,1,0,13.366616,2.589606,0.532461,0.792541,0.658382,0.325501,0.973065,0.364468,19.752197
1114,1,1,1,13.292647,2.594246,0.543120,0.795212,0.660056,0.327249,0.963046,0.362554,19.687557
1115,0,1,1,13.431261,2.594548,0.539680,0.791853,0.654677,0.323742,0.971403,0.362824,19.820794
1116,0,1,0,13.733766,2.596080,0.542936,0.794714,0.654461,0.324185,0.973939,0.362178,20.135570
1117,1,1,1,11.213551,2.695514,0.537895,0.791440,0.658080,0.322948,0.969342,0.365464,17.704634
1118,1,1,1,13.280455,2.690991,0.544013,0.794806,0.655107,0.320406,0.971619,0.363772,19.774197
1119,1,1,1,10.533188,2.591778,0.538240,0.913871,0.670541,0.327046,0.967028,0.361902,17.054787
1120,1,1,1,13.333428,2.595834,0.541341,0.900351,0.673582,0.325157,0.959348,0.361164,19.843083
1121,1,1,1,13.253477,2.593323,0.537982,0.789877,0.705680,0.322006,0.967477,0.362850,19.779877
1122,1,1,1,11.631815,2.592732,0.541021,0.801059,0.654867,0.323963,0.967470,0.392966,18.061976
1123,0,1,0,14.046867,2.593200,0.539662,0.795581,0.653502,0.324135,0.964542,0.399557,20.470184
1124,0,1,0,13.491015,2.593496,0.543680,0.801176,0.657846,0.328055,0.974375,0.398745,19.943052
1125,1,1,1,10.544092,2.593373,0.542308,0.795957,0.657520,0.325563,0.960363,0.362271,16.931187
1126,1,1,1,10.539194,2.701323,0.545489,0.798270,0.656677,0.328812,0.970080,0.365096,17.058696
1127,1,1,1,12.609619,2.694695,0.542966,0.787637,0.658714,0.322560,0.971150,0.363367,19.106123
1128,1,1,1,12.474381,2.589735,0.659495,0.805170,0.656234,0.320985,0.976547,0.366640,19.000320
1129,0,1,0,13.040234,2.591231,0.539834,0.907945,0.661643,0.326234,0.971711,0.362073,19.548812
1130,0,1,0,13.418991,2.593828,0.542413,0.911804,0.661108,0.327114,0.968806,0.361440,19.939286
1131,1,1,0,13.427594,2.593163,0.543084,0.924074,0.663630,0.319169,0.970086,0.366406,19.958259
1132,1,1,0,13.506376,2.589661,0.535465,0.939132,0.662732,0.318511,0.960843,0.361877,20.026541
1133,1,1,1,10.891711,2.594406,0.534012,0.783213,0.909828,0.321773,0.972467,0.381150,17.543699
1134,1,1,1,10.405077,2.591267,0.542191,0.796086,0.655107,0.326406,0.974080,0.362899,16.804935
1135,1,1,1,11.507489,2.693581,0.541489,0.783132,0.658480,0.321581,0.972898,0.366289,17.992142
1136,1,1,1,9.397668,2.592911,0.543483,0.799120,0.658917,0.431631,0.970407,0.373342,15.919471
1137,1,1,1,10.826246,2.589416,0.542886,0.788874,0.656560,0.325760,0.974701,0.360867,17.213052
1138,1,1,1,11.689353,2.597237,0.542849,0.793372,0.655354,0.323489,0.970609,0.365895,18.088326
1139,1,1,1,12.614707,2.693360,0.546290,0.795563,0.655570,0.327446,0.972080,0.366049,19.123410
1140,0,1,0,13.484990,2.695200,0.545206,0.800006,0.658867,0.320541,0.970098,0.368080,19.992640
1141,0,1,1,13.189231,2.710529,0.543077,0.785360,0.654788,0.324302,0.962701,0.365422,19.682757
1142,1,1,1,10.542265,2.592536,0.539096,0.900751,0.663686,0.325311,0.967095,0.364757,17.045809
1143,1,1,1,11.326923,2.594277,0.538517,0.792720,0.658616,0.323218,0.968332,0.382628,17.738425
1144,0,1,0,13.454683,2.589397,0.540209,0.795262,0.657581,0.325280,0.963643,0.390800,19.871797
1145,1,1,1,13.173145,2.595403,0.540874,0.788185,0.657446,0.325354,0.960893,0.387976,19.580862
1146,1,1,1,10.418345,2.595360,0.540296,0.793705,0.658227,0.324591,0.969040,0.364585,16.817526
1147,1,1,1,10.655982,2.694086,0.536030,0.788800,0.653175,0.323723,0.967311,0.363538,17.133102
1148,1,1,1,13.332394,2.720037,0.545643,0.790763,0.665353,0.320419,0.959920,0.365833,19.851661
1149,1,1,0,13.471668,2.811514,0.543077,0.787902,0.657717,0.322258,0.967348,0.361582,20.074535
1150,1,1,1,10.451077,2.597465,0.539699,0.795926,0.656966,0.354604,0.960954,0.368000,16.959501
1151,1,1,1,10.526431,2.594578,0.544314,0.792893,0.662794,0.323994,0.969650,0.358652,16.924363
1152,1,1,1,13.195003,2.589840,0.534781,0.793065,0.656449,0.324074,0.964843,0.366295,19.578511
1153,1,1,1,13.408653,2.592123,0.533373,0.787151,0.650043,0.328154,0.967415,0.363600,19.778603
1154,1,1,1,11.295391,2.719114,0.544375,0.793163,0.657090,0.321809,0.970160,0.364080,17.816787
1155,1,1,1,10.394886,2.595077,0.540326,0.953631,0.669132,0.321889,0.974634,0.365944,16.967791
1156,1,1,1,13.359828,2.592855,0.539341,0.907471,0.659569,0.326394,0.974794,0.365366,19.878197
1157,1,1,1,10.406339,2.595440,0.536105,0.784726,0.659310,0.324578,0.967950,0.363157,16.786517
1158,1,1,1,13.441384,2.590320,0.540824,0.790326,0.656049,0.324018,0.973384,0.366861,19.837262
1159,1,1,1,13.212622,2.591305,0.537846,0.786806,0.657822,0.323219,0.974148,0.364413,19.600905
1160,1,1,1,10.580424,2.590431,0.546406,0.793324,0.653877,0.319735,0.973034,0.363415,16.972105
1161,1,1,1,10.402899,2.596584,0.653791,0.784627,0.658233,0.319348,0.960658,0.361975,16.887170
1162,1,1,1,11.267323,2.591834,0.543453,0.784086,0.654640,0.443637,0.980259,0.383077,17.799557
1163,1,1,1,10.385889,2.590480,0.537336,0.790813,0.654339,0.324240,0.968344,0.360419,16.763741
1164,1,1,1,11.794911,2.595391,0.544068,0.789237,0.656381,0.325403,0.974633,0.359440,18.189102
1165,1,1,1,9.184400,2.591040,0.536061,0.788751,0.771735,0.326560,0.973046,0.365219,15.689096
1166,1,1,1,13.161766,2.594560,0.538179,0.799901,0.769994,0.326474,0.971028,0.364714,19.681545
1167,1,1,1,10.558154,2.592043,0.534350,0.790320,0.655981,0.325047,0.973742,0.363336,16.941729
1168,1,1,1,10.426659,2.699335,0.548369,0.791101,0.658080,0.324597,0.961286,0.367224,16.932450
1169,0,1,1,13.241717,2.686363,0.544123,0.786160,0.659219,0.325459,0.971736,0.361416,19.726455
1170,1,1,1,11.173471,2.590437,0.679673,0.799071,0.659256,0.324720,0.960973,0.362609,17.703459
1171,1,1,1,11.523317,2.590591,0.536769,0.791790,0.656769,0.352179,0.975539,0.368363,18.030806
1172,1,1,1,11.058757,2.593360,0.532892,0.787366,0.658381,0.322572,0.970037,0.364677,17.439379
1173,1,1,1,10.993206,2.595016,0.547003,0.791028,0.655040,0.325477,0.972437,0.368375,17.399151
1174,0,1,0,13.632978,2.595427,0.543754,0.797354,0.658301,0.325348,0.973951,0.364622,20.040966
1175,1,1,1,13.265298,2.596732,0.544622,0.784517,0.655508,0.325280,0.958197,0.360394,19.636615
1176,0,1,0,13.752511,2.590609,0.543754,0.795821,0.659021,0.325877,0.969773,0.361908,20.151034
1177,0,1,0,13.601520,2.592505,0.539575,0.794831,0.658985,0.322536,0.959981,0.367939,19.988277
1178,1,1,1,13.419778,2.594376,0.543520,0.796013,0.655550,0.327059,0.970640,0.365735,19.822197
1179,1,1,1,13.201662,2.599304,0.543010,0.792978,0.652172,0.324234,0.971981,0.363138,19.689083
1180,1,1,1,11.476480,2.717538,0.545496,0.793501,0.652351,0.322812,0.971889,0.368055,18.002824
1181,1,1,1,11.013748,2.590548,0.541735,0.784259,0.767692,0.326554,0.972702,0.366517,17.515053
1182,1,1,1,10.368806,2.592130,0.538136,0.793957,0.661009,0.326338,0.970628,0.363175,16.765865
1183,0,1,0,13.358363,2.596966,0.540258,0.783699,0.655790,0.324892,0.969323,0.359453,19.736296
1184,1,1,1,10.412831,2.696782,0.537902,0.796935,0.657415,0.324498,0.975298,0.365760,16.919311
1185,1,1,1,13.182173,2.689495,0.546375,0.787526,0.657803,0.321871,0.966031,0.363470,19.666824
1186,1,1,1,13.289859,2.705175,0.540732,0.797342,0.658751,0.322370,0.960265,0.361538,19.789010
1187,1,1,1,10.515698,2.591151,0.542652,0.795145,0.770043,0.327581,0.972567,0.365151,17.032905
1188,1,1,1,11.432745,2.591852,0.540185,0.797034,0.662658,0.325286,0.977563,0.481108,17.962929
1189,1,1,1,12.901139,2.596597,0.541391,0.792320,0.657255,0.327606,0.972812,0.360684,19.298572
1190,0,1,0,13.347249,2.592424,0.540019,0.795194,0.655169,0.324381,0.971120,0.365723,19.739686
1191,1,1,1,13.274356,2.592720,0.545533,0.786024,0.661705,0.321982,0.971132,0.365058,19.667231
1192,1,1,1,11.340338,2.591883,0.540714,0.789028,0.653415,0.327477,0.971545,0.365981,17.730757
1193,1,1,1,13.481545,2.591293,0.542622,0.786732,0.654917,0.323298,0.967821,0.362455,19.859982
1194,1,1,1,11.871508,2.695612,0.543994,0.793975,0.663095,0.323766,0.969385,0.361022,18.374043
1195,1,1,1,13.225108,2.694548,0.536474,0.785378,0.653723,0.323311,0.963212,0.360332,19.693034
1196,1,1,1,11.867994,2.590498,0.659194,0.796308,0.656190,0.324880,0.972763,0.364179,18.385588
1197,1,1,1,11.497120,2.593335,0.542025,0.784067,0.662092,0.421736,0.977040,0.366179,17.993114
1198,1,1,1,13.276794,2.592363,0.540634,0.798160,0.655391,0.409034,0.970228,0.380345,19.776160
1199,1,1,1,13.253015,2.594240,0.543317,0.794043,0.660720,0.322800,0.975649,0.387717,19.687907
1200,1,1,1,10.439428,2.593501,0.541384,0.796129,0.655969,0.324400,0.970197,0.364425,16.833711
1201,1,1,1,11.674013,2.709323,0.539988,0.793520,0.664646,0.323570,0.970923,0.364701,18.192307
1202,1,1,1,13.273113,2.709188,0.546474,0.798683,0.659114,0.321421,0.971957,0.361914,19.794843
1203,1,1,1,13.282351,2.689489,0.538523,0.792252,0.658006,0.325846,0.970462,0.367323,19.773022
1204,1,1,1,11.219194,2.686073,0.569237,0.785976,0.658308,0.321827,0.964708,0.364873,17.725489
1205,1,1,1,13.269711,2.594880,0.771914,0.794560,0.661034,0.321674,0.971736,0.366290,19.903932
1206,1,1,1,11.609169,2.588486,0.544443,0.790923,0.777779,0.329563,0.961630,0.363852,18.124658
1207,0,1,0,13.292289,2.597403,0.538615,0.791575,0.779649,0.329988,0.974388,0.369446,19.829613
1208,1,1,1,12.854135,2.593047,0.542123,0.792646,0.660744,0.324166,0.968351,0.403384,19.292314
1209,1,1,0,13.476178,2.593975,0.540621,0.791187,0.657224,0.324111,0.967009,0.393176,19.897305
1210,1,1,1,10.955157,2.593963,0.538874,0.791674,0.655766,0.324794,0.969816,0.361957,17.341292
1211,1,1,1,13.345840,2.595453,0.541452,0.787625,0.656622,0.323477,0.971169,0.364049,19.737225
1212,1,1,1,10.548904,2.718652,0.548141,0.793957,0.660061,0.322301,0.969231,0.364253,17.077151
1213,1,1,1,10.085206,2.593293,0.536960,0.794332,0.765108,0.323502,0.962566,0.365212,16.578843
1214,1,1,1,10.550099,2.591963,0.539175,0.796468,0.657207,0.323427,0.960031,0.363834,16.931206
1215,1,1,1,10.360659,2.697582,0.549767,0.789625,0.654830,0.323858,0.974290,0.361526,16.863864
1216,1,1,1,10.535206,2.589181,0.539120,0.910843,0.663618,0.322197,0.973348,0.359594,17.051508
1217,1,1,1,13.212061,2.590424,0.539889,0.905785,0.664313,0.324923,0.973710,0.362209,19.725612
1218,0,1,0,13.604917,2.590622,0.543920,0.950916,0.670535,0.320947,0.971588,0.365003,20.172554
1219,1,1,1,11.248430,2.591114,0.540960,0.799582,0.655612,0.322523,0.971071,0.399532,17.680135
1220,0,1,0,13.779661,2.599896,0.537206,0.796406,0.656375,0.325582,0.970806,0.397076,20.214135
1221,1,1,1,11.321107,2.590412,0.537299,0.794302,0.660462,0.327274,0.970154,0.365969,17.717231
1222,0,1,0,13.709083,2.592812,0.549791,0.793982,0.660572,0.322794,0.971932,0.362954,20.114843
1223,1,1,1,10.033224,2.704425,0.542738,0.793250,0.655102,0.328050,0.974511,0.363230,16.547305
1224,1,1,1,11.332418,2.595262,0.644991,0.791945,0.656511,0.321046,0.960893,0.362240,17.820880
1225,1,1,1,11.876307,2.591785,0.541200,0.793336,0.796468,0.324092,0.974714,0.362794,18.414068
1226,0,1,0,13.032387,2.590775,0.540234,0.794320,0.659267,0.331021,0.974757,0.367218,19.531821
1227,0,1,0,13.324972,2.592652,0.540843,0.789994,0.659674,0.415674,0.969446,0.369692,19.814320
1228,1,1,1,9.150523,2.596850,0.537907,0.797416,0.656905,0.322381,0.965871,0.370474,15.549046
1229,1,1,1,13.605865,2.595249,0.538590,0.785680,0.660892,0.318080,0.976616,0.361520,19.987495
1230,1,1,0,13.350430,2.590812,0.538375,0.788499,0.659852,0.327434,0.974351,0.364443,19.744757
1231,1,1,1,10.488461,2.806480,0.541028,0.783434,0.657717,0.322049,0.962295,0.364068,17.077612
1232,0,1,1,13.196905,2.685809,0.542327,0.791963,0.660720,0.324591,0.969594,0.365243,19.688388
1233,1,1,1,12.866690,2.590948,0.640585,0.798874,0.662013,0.325200,0.959852,0.363631,19.360659
1234,0,1,0,13.763323,2.593520,0.669815,0.795372,0.659828,0.324757,0.971113,0.356443,20.284024
1235,1,1,1,13.297243,2.591360,0.680444,0.795883,0.655336,0.321028,0.959582,0.360597,19.813489
1236,1,1,1,10.932671,2.588720,0.542000,0.794259,0.657385,0.322787,0.961822,0.401957,17.356037
1237,1,1,0,13.194708,2.594684,0.537649,0.796505,0.655575,0.327950,0.972610,0.394640,19.625538
1238,1,1,0,12.528129,2.593200,0.542757,0.797409,0.656720,0.325889,0.973532,0.359723,18.926590
1239,1,1,1,10.600437,2.595748,0.534818,0.790917,0.659563,0.323225,0.972240,0.360000,16.986388
1240,1,1,1,10.605945,2.695864,0.539895,0.790215,0.661071,0.322621,0.958301,0.363710,17.091489
1241,1,1,1,10.524073,2.593397,0.541754,0.793236,0.659298,0.324283,0.967748,0.390000,16.943335
1242,1,1,1,10.414000,2.591514,0.541428,0.798480,0.659576,0.324948,0.977224,0.369810,16.826800
1243,1,1,1,10.986381,2.695520,0.544437,0.788609,0.655858,0.319581,0.970443,0.360824,17.471292
1244,1,1,1,11.014320,2.595699,0.547150,0.915834,0.663840,0.322930,0.969028,0.365649,17.547015
1245,1,1,1,10.556966,2.592825,0.538997,0.796117,0.654806,0.326708,0.973883,0.456874,17.048677
1246,1,1,1,11.213342,2.595538,0.537606,0.797766,0.653255,0.324375,0.969170,0.362216,17.608523
1247,1,1,0,12.572609,2.596086,0.532941,0.794486,0.658708,0.327268,0.971133,0.361981,18.965544
1248,1,1,1,10.393490,2.591661,0.669587,0.794215,0.656850,0.323815,0.971182,0.368966,16.921151
1249,1,1,1,13.326738,2.593901,0.640099,0.795976,0.661311,0.326603,0.959410,0.363089,19.816898
1250,1,1,1,11.034369,2.596148,0.541194,0.792554,0.658204,0.322701,0.965680,0.381773,17.444000
1251,0,1,0,12.854129,2.595231,0.541563,0.792148,0.660628,0.325612,0.981077,0.389550,19.292966
1252,0,1,0,13.260603,2.592320,0.548825,0.792492,0.657526,0.321754,0.966732,0.468210,19.761175
1253,1,1,1,11.427286,2.591391,0.537268,0.789655,0.654493,0.326529,0.970627,0.359563,17.804898
1254,1,1,1,11.144948,2.696431,0.544228,0.792585,0.659310,0.320431,0.969945,0.362862,17.644332
1255,1,1,1,10.425526,2.594301,0.538541,0.912671,0.671003,0.322837,0.970868,0.361206,16.946080
1256,0,1,0,13.492529,2.590560,0.543403,0.927452,0.669650,0.322670,0.970055,0.362167,20.031563
1257,1,1,1,10.421157,2.594726,0.539446,0.791729,0.655028,0.325342,0.969901,0.361699,16.808240
1258,1,1,1,11.413533,2.593329,0.542830,0.796301,0.655871,0.325421,0.973877,0.360376,17.814800
1259,1,1,1,11.312634,2.696449,0.543914,0.791631,0.659003,0.329193,0.970523,0.364166,17.820831
1260,1,1,1,11.002997,2.591969,0.540179,0.908584,0.658222,0.327280,0.961600,0.362449,17.506800
1261,1,1,0,13.776314,2.592757,0.659772,0.791015,0.656012,0.325169,0.966886,0.362720,20.281267
1262,1,1,1,10.991723,2.594627,0.534819,0.795249,0.655766,0.323680,0.965576,0.383040,17.395717
1263,1,1,1,10.415187,2.595397,0.541834,0.794800,0.648929,0.325403,0.966732,0.362652,16.800542
1264,1,1,1,13.348431,2.599680,0.539396,0.793600,0.662173,0.323101,0.969563,0.364591,19.750295
1265,0,1,0,13.494923,2.590997,0.534978,0.793994,0.654646,0.322043,0.974412,0.364148,19.882418
1266,1,1,1,11.109200,2.694074,0.548110,0.797065,0.653544,0.323200,0.974400,0.358800,17.608788
1267,1,1,1,10.978233,2.594326,0.542468,0.924024,0.666806,0.323366,0.974517,0.362942,17.518142
1268,1,1,1,10.572326,2.595040,0.543299,0.791557,0.659582,0.328449,0.960320,0.362196,16.961908
1269,1,1,0,13.458486,2.591927,0.541661,0.792591,0.657662,0.325268,0.971139,0.366172,19.857421
1270,1,1,1,12.963674,2.590203,0.540148,0.792044,0.659939,0.325101,0.970954,0.368732,19.360393
1271,1,1,1,10.513459,2.716782,0.542640,0.790622,0.656505,0.325348,0.971453,0.364067,17.030283
1272,1,1,1,11.411187,2.692227,0.543908,0.788233,0.655133,0.324043,0.973828,0.361181,17.900873
1273,1,1,1,10.434369,2.591015,0.539840,0.789963,0.656314,0.326258,0.973772,0.383748,16.848338
1274,1,1,1,13.259366,2.593384,0.537827,0.798757,0.654837,0.322443,0.972135,0.384628,19.677736
1275,1,1,1,11.437779,2.596867,0.533877,0.789422,0.657261,0.325994,0.968135,0.363563,17.825317
1276,1,1,1,10.537237,2.697945,0.545212,0.792135,0.662831,0.325298,0.961034,0.366819,17.043188
1277,1,1,1,11.074092,2.595286,0.658449,0.793914,0.661305,0.321944,0.973212,0.360954,17.591095
1278,1,1,1,10.471292,2.592247,0.545810,0.801379,0.660732,0.323575,0.968836,0.394172,16.911163
1279,1,1,1,13.233206,2.599594,0.542695,0.787219,0.653126,0.325588,0.971975,0.497342,19.758936
1280,1,1,1,10.947145,2.596338,0.541194,0.795945,0.656025,0.323852,0.971816,0.365889,17.348535
1281,0,1,0,12.953840,2.596234,0.543631,0.790284,0.652812,0.323858,0.972357,0.360055,19.343624
1282,1,1,1,12.601471,2.698339,0.548973,0.796184,0.656240,0.326978,0.972948,0.366277,19.117889
1283,1,1,1,10.391723,2.595348,0.637858,0.794086,0.658024,0.323292,0.960148,0.362253,16.874394
1284,1,1,1,13.518191,2.590351,0.659846,0.798067,0.659864,0.322942,0.971096,0.361945,20.036344
1285,1,1,1,10.510621,2.595846,0.537594,0.790443,0.660591,0.322253,1.001421,0.388671,16.958738
1286,1,1,1,11.238234,2.595120,0.542117,0.793975,0.653348,0.324314,0.973095,0.365305,17.636185
1287,1,1,1,13.176523,2.595095,0.543785,0.785668,0.656566,0.324763,0.971742,0.361083,19.563748
1288,1,1,1,10.446326,2.693298,0.540560,0.793834,0.664092,0.323760,0.973440,0.360671,16.948012
1289,0,1,0,13.501268,2.702640,0.541305,0.785735,0.655982,0.326000,0.971606,0.362837,20.000523
1290,1,1,1,11.010283,2.590111,0.547969,0.793950,0.776296,0.324726,0.974628,0.366124,17.539009
1291,1,1,1,10.092018,2.597237,0.540037,0.790837,0.658750,0.322056,0.968991,0.360351,16.478954
1292,0,1,0,13.591200,2.591976,0.538314,0.796689,0.657102,0.322788,0.959963,0.363631,19.971840
1293,1,1,1,13.370572,2.595920,0.536578,0.794332,0.656493,0.320819,0.970542,0.361668,19.757471
1294,1,1,1,10.420264,2.725889,0.547828,0.793643,0.660012,0.326419,0.972652,0.363132,16.961207
1295,1,1,1,11.245858,2.595028,0.640739,0.794979,0.653717,0.322781,0.972517,0.362597,17.739496
1296,1,1,1,10.559520,2.594498,0.544086,0.789717,0.653034,0.322720,0.964308,0.385028,16.965366
1297,1,1,1,10.740831,2.595317,0.540431,0.788689,0.656579,0.324184,0.971981,0.361766,17.125354
1298,0,1,0,13.488271,2.592910,0.538111,0.788658,0.656825,0.325366,0.961484,0.362523,19.865304
1299,1,1,1,13.282547,2.594031,0.536763,0.787613,0.654825,0.328006,0.974800,0.363600,19.674092
1300,0,1,0,13.124025,2.588320,0.541101,0.790043,0.653213,0.319680,0.975889,0.366701,19.508824
1301,1,1,1,13.426019,2.592610,0.531760,0.789224,0.653083,0.321188,0.973274,0.361126,19.796640
1302,0,1,0,13.677686,2.592326,0.540498,0.788862,0.662745,0.322997,0.970597,0.366234,20.072677
1303,1,1,1,10.477182,2.691367,0.538369,0.787834,0.653545,0.321317,0.969674,0.363182,16.951815
1304,1,1,1,11.015194,2.591673,0.543606,0.788985,0.652683,0.428800,0.970221,0.370763,17.512985
1305,1,1,1,11.166117,2.593428,0.540794,0.787114,0.661298,0.324073,0.974314,0.365791,17.564818
1306,1,1,1,13.382486,2.589790,0.542302,0.792647,0.655434,0.327828,0.975668,0.357606,19.772861
1307,1,1,1,11.555169,2.593815,0.538505,0.793213,0.658979,0.327926,0.964923,0.363261,17.946806
1308,1,1,1,10.445865,2.693187,0.543446,0.792258,0.662947,0.326529,0.958289,0.363993,16.938529
1309,1,1,1,10.487256,2.594425,0.539754,0.785840,0.655126,0.327052,0.967335,0.386726,16.893821
1310,1,1,1,10.508732,2.592523,0.546597,0.798043,0.657877,0.319058,0.961046,0.365483,16.898831
1311,1,1,1,12.697693,2.590683,0.539267,0.790062,0.661274,0.319446,0.970320,0.359741,19.075477
1312,1,1,0,12.471913,2.679760,0.545311,0.784228,0.659939,0.319994,0.971772,0.362861,18.947981
1313,1,1,0,13.291871,2.688234,0.540418,0.790117,0.653760,0.319378,0.968628,0.361384,19.761274
1314,1,1,1,11.054714,2.594603,0.661889,0.791385,0.656363,0.324911,0.961440,0.357624,17.554776
1315,1,1,1,13.243409,2.592824,0.643022,0.788327,0.658093,0.325052,0.972431,0.366012,19.742425
1316,0,1,1,13.447698,2.595329,0.660160,0.797785,0.657175,0.321304,0.962314,0.362954,19.957988
1317,1,1,1,12.758720,2.593729,0.544861,0.897987,0.673532,0.323606,0.970351,0.364757,19.280732
1318,1,1,1,12.291526,2.596019,0.538185,0.793164,0.663791,0.524670,0.975453,0.375224,18.910295
1319,1,1,1,10.425815,2.594880,0.543212,0.794350,0.656308,0.327286,0.970105,0.359889,16.819883
1320,1,1,1,10.531341,2.727704,0.540819,0.789982,0.658640,0.324394,0.972898,0.363003,17.062498
1321,0,1,0,13.625145,2.701139,0.538985,0.788147,0.656197,0.327354,0.971951,0.361230,20.122024
1322,1,1,1,10.432203,2.591077,0.544825,0.904376,0.663182,0.322369,0.974369,0.368049,16.947699
1323,1,1,1,10.408947,2.590388,0.539662,0.785379,0.657249,0.323612,0.969366,0.358412,16.780628
1324,1,1,1,10.641144,2.597754,0.536756,0.792209,0.657711,0.318978,0.976252,0.361366,17.035778
1325,1,1,1,13.345323,2.595637,0.543378,0.790419,0.659742,0.323132,0.973262,0.357421,19.737089
1326,1,1,1,10.421760,2.591526,0.658013,0.795779,0.658019,0.324013,0.966597,0.363114,16.930708
1327,1,1,1,13.250430,2.592609,0.665206,0.790554,0.659957,0.322259,0.972167,0.365477,19.769244
1328,1,1,1,11.068806,2.589206,0.537581,0.802609,0.655126,0.321852,0.970788,0.399520,17.498252
1329,1,1,1,10.553870,2.590684,0.543729,0.793963,0.662419,0.325864,0.970825,0.361489,16.952905
1330,1,1,1,11.313385,2.723274,0.551065,0.800800,0.657132,0.325323,0.960130,0.365114,17.846554
1331,1,1,1,13.193988,2.700290,0.539095,0.785273,0.657668,0.322609,0.972136,0.367754,19.690886
1332,1,1,1,10.464615,2.594461,0.543052,0.902129,0.664178,0.327397,0.963089,0.364948,16.974591
1333,1,1,1,11.436252,2.597471,0.537951,0.787421,0.658227,0.327994,0.961434,0.392554,17.848966
1334,1,1,1,11.385594,2.596942,0.535280,0.799557,0.654831,0.321495,0.972665,0.361994,17.777520
1335,1,1,1,13.163330,2.594929,0.537630,0.793594,0.650363,0.320849,0.970167,0.360936,19.542098
1336,1,1,1,9.177619,2.713440,0.569859,0.796671,0.659520,0.324806,0.959582,0.368708,15.724142
1337,1,1,1,10.532856,2.591846,0.538782,0.791410,0.658061,0.319188,0.968929,0.394339,16.946732
1338,1,1,1,11.527557,2.589237,0.540584,0.789274,0.656596,0.322068,0.975797,0.368253,17.921336
1339,1,1,1,11.027680,2.602566,0.540757,0.790868,0.659680,0.322541,0.971564,0.364843,17.430800
1340,1,1,1,10.521305,2.592062,0.659821,0.795280,0.663803,0.323907,0.959939,0.363649,17.030511
1341,1,1,1,13.405188,2.595409,0.637107,0.793059,0.660714,0.325212,0.973606,0.367311,19.907933
1342,1,1,1,10.549939,2.596025,0.542074,0.796560,0.661047,0.321975,0.962917,0.385187,16.966123
1343,1,1,1,10.316339,2.595206,0.533053,0.789428,0.659299,0.322013,0.966770,0.357114,16.689434
1344,1,1,1,10.440892,2.707889,0.549951,0.790714,0.660283,0.323428,0.969821,0.362529,16.958240
1345,1,1,1,10.477341,2.588812,0.543108,0.796874,0.653821,0.323687,0.969194,0.393138,16.894117
1346,0,1,0,13.458283,2.591427,0.538954,0.796326,0.656554,0.327680,0.974455,0.393403,19.890098
1347,1,1,1,11.505433,2.591661,0.543274,0.786585,0.656825,0.325858,0.972979,0.363495,17.897778
1348,1,1,1,10.553508,2.704653,0.546400,0.787366,0.660351,0.325311,0.973630,0.360616,17.065163
1349,1,1,1,11.150086,2.691883,0.542960,0.789458,0.659187,0.326911,0.970111,0.362733,17.644350
1350,1,1,1,10.484825,2.592074,0.542283,0.793563,0.655779,0.322646,0.970043,0.378954,16.892351
1351,0,1,0,13.440480,2.589587,0.540941,0.789096,0.661859,0.324665,0.965040,0.384837,19.847840
1352,1,1,1,10.417175,2.595994,0.537840,0.794462,0.655662,0.324960,0.972271,0.362874,16.813938
1353,1,1,1,11.450751,2.686234,0.539766,0.789969,0.658905,0.325021,0.975532,0.359834,17.937686
1354,1,1,1,10.541877,2.590074,0.540301,0.908098,0.668800,0.322430,0.961655,0.365188,17.050664
1355,1,1,1,13.301311,2.592375,0.544431,0.914123,0.672271,0.325465,0.970603,0.363667,19.835544
1356,1,1,1,13.220092,2.596326,0.544111,0.900708,0.673698,0.321981,0.974615,0.362720,19.745822
1357,1,1,1,10.848468,2.594837,0.542640,0.791564,0.657508,0.322430,0.971046,0.364935,17.242154
1358,1,1,1,11.598640,2.593273,0.540443,0.794757,0.659329,0.326818,0.971797,0.360450,17.995489
1359,1,1,1,10.948370,2.695022,0.541268,0.795366,0.657446,0.330141,0.974714,0.367914,17.463643
1360,1,1,1,10.514086,2.589593,0.539661,0.905286,0.671372,0.326326,0.972757,0.367458,17.042209
1361,0,1,0,13.475083,2.596744,0.539563,0.894886,0.663470,0.326843,0.973250,0.363501,19.981507
1362,1,1,1,13.398031,2.593231,0.540825,0.889384,0.667047,0.323520,0.976935,0.368284,19.910264
1363,1,1,1,10.486037,2.593680,0.534714,0.791336,0.653083,0.327348,0.970357,0.364462,16.868547
1364,1,1,1,10.637569,2.599649,0.539858,0.787735,0.660388,0.320185,0.957206,0.366400,17.017877
1365,1,1,1,10.487384,2.590855,0.662591,0.786111,0.654154,0.319643,0.972714,0.363834,16.986240
1366,1,1,1,11.010984,2.593255,0.540375,0.792246,0.662086,0.327249,0.971791,0.398800,17.449120
1367,1,1,1,13.170338,2.594326,0.536295,0.795409,0.655803,0.325784,0.966154,0.391858,19.588923
1368,1,1,1,11.504025,2.595797,0.542080,0.798357,0.654173,0.323557,0.977871,0.360867,17.907913
1369,1,1,1,10.447255,2.702886,0.543747,0.788830,0.653255,0.327939,0.974867,0.362806,16.950750
1370,1,1,1,11.210707,2.591649,0.655551,0.803526,0.656030,0.323520,0.962307,0.367022,17.725815
1371,1,1,1,10.483951,2.589723,0.538769,0.788523,0.658055,0.325384,0.974412,0.391403,16.900141
1372,1,1,1,13.354837,2.589403,0.544603,0.794633,0.657299,0.322326,0.963687,0.474123,19.849101
1373,1,1,1,11.477649,2.592819,0.539846,0.791053,0.662757,0.325213,0.961194,0.360092,17.859471
1374,1,1,1,10.501237,2.693520,0.542936,0.788886,0.660185,0.322073,0.971397,0.359778,16.993680
1375,1,1,1,11.600123,2.592640,0.648603,0.791871,0.662597,0.326855,0.967643,0.364560,18.106997
1376,1,1,1,10.914757,2.588880,0.540996,0.794708,0.659268,0.322744,0.967772,0.406732,17.348843
1377,1,1,1,10.465785,2.592179,0.528861,0.788671,0.660216,0.327261,0.969870,0.362948,16.843274
1378,1,1,1,13.409803,2.595133,0.547397,0.795366,0.658523,0.326665,0.958394,0.363453,19.805360
1379,0,1,0,13.559022,2.593385,0.537311,0.786794,0.659772,0.326104,0.968307,0.363421,19.946388
1380,1,1,1,11.759317,2.721501,0.548862,0.788356,0.656880,0.323532,0.961735,0.360880,18.272547
1381,1,1,1,11.317662,2.697784,0.540443,0.788314,0.654258,0.321261,0.970018,0.362000,17.803514
1382,1,1,1,10.963741,2.596530,0.541926,0.794966,0.656671,0.418197,0.976412,0.379440,17.479187
1383,1,1,1,13.282646,2.595440,0.543311,0.789083,0.657126,0.321194,0.976092,0.385767,19.700062
1384,1,1,1,13.015797,2.592320,0.540178,0.786007,0.656899,0.323963,0.963262,0.383384,19.417508
1385,1,1,1,8.964591,2.701059,0.549619,0.784548,0.659760,0.320954,0.972338,0.362616,15.465286
1386,1,1,1,10.411304,2.590388,0.544295,0.908732,0.670357,0.321753,0.962874,0.364591,16.928683
1387,1,1,1,10.423938,2.590585,0.545993,0.792917,0.658923,0.322191,0.966812,0.469576,16.921212
1388,1,1,1,10.780444,2.591422,0.537932,0.791938,0.656825,0.323305,0.961323,0.363606,17.158794
1389,1,1,1,10.976553,2.696093,0.542043,0.787994,0.660523,0.325741,0.972517,0.362880,17.474123
1390,1,1,0,13.471101,2.719507,0.541028,0.793040,0.652880,0.321028,0.970246,0.362972,19.984043
1391,1,1,1,10.398418,2.593563,0.544861,0.792277,0.764074,0.323963,0.969859,0.363858,16.902203
1392,1,1,1,10.945551,2.592276,0.537267,0.790369,0.652689,0.324326,0.968591,0.367754,17.330197
1393,1,1,1,11.072406,2.596307,0.539871,0.789711,0.655680,0.323951,0.971256,0.371354,17.466726
1394,1,1,1,13.316997,2.599938,0.535458,0.792997,0.655378,0.321748,0.973440,0.362117,19.708406
1395,0,1,0,13.396825,2.596904,0.537975,0.788135,0.657427,0.323433,0.968080,0.363815,19.783188
1396,1,1,1,11.228911,2.686733,0.544129,0.786443,0.658770,0.327588,0.959268,0.362585,17.705372
1397,1,1,1,11.898129,2.593852,0.543908,0.904067,0.669090,0.325403,0.973003,0.361859,18.422277
1398,1,1,1,11.393889,2.594456,0.544086,0.794535,0.659317,0.321637,0.962080,0.397594,17.821981
1399,1,1,1,10.415502,2.589730,0.536979,0.794646,0.657348,0.326744,0.971815,0.363194,16.804197
1400,0,1,0,13.723938,2.596923,0.537828,0.789342,0.657570,0.323181,0.971507,0.360707,20.110702
1401,1,1,1,10.416184,2.701083,0.547145,0.788111,0.658301,0.329108,0.976560,0.363933,16.931243
1402,1,1,1,10.400338,2.594351,0.538806,0.794647,0.658332,0.422831,0.976136,0.369483,16.906117
1403,1,1,1,13.219157,2.601120,0.542985,0.791489,0.659809,0.426375,0.973477,0.383981,19.753760
1404,0,1,0,13.496388,2.595416,0.540215,0.795594,0.656708,0.416689,0.964136,0.377840,19.993754
1405,1,1,1,10.390320,2.595384,0.545243,0.789870,0.654443,0.321120,0.972252,0.362000,16.782326
1406,1,1,1,10.396615,2.702923,0.544308,0.796726,0.653944,0.320430,0.972720,0.358584,16.900215
1407,1,1,1,13.217600,2.684031,0.544111,0.790357,0.657151,0.321440,0.972326,0.358904,19.696905
1408,1,1,1,10.441736,2.591071,0.540899,0.797440,0.783427,0.324658,0.972547,0.363945,16.971544
1409,1,1,1,10.376468,2.596327,0.538080,0.789280,0.661538,0.325477,0.973169,0.363723,16.774498
1410,0,1,0,13.724984,2.593391,0.540806,0.792400,0.654197,0.326461,0.960683,0.360929,20.106382
1411,1,1,1,10.472726,2.703748,0.543163,0.787058,0.662320,0.325895,0.970136,0.363151,16.981883
1412,0,1,0,13.388856,2.693046,0.548264,0.792092,0.658991,0.327188,0.972788,0.360523,19.895742
1413,1,1,1,11.240191,2.713440,0.544874,0.785680,0.658080,0.322941,0.972179,0.360566,17.748136
1414,1,1,1,11.223311,2.594855,0.547853,0.795655,0.657920,0.418615,0.973704,0.368523,17.731440
1415,0,1,0,13.692862,2.591311,0.533545,0.791539,0.762393,0.326110,0.969310,0.360929,20.181495
1416,1,1,1,13.414049,2.594775,0.536338,0.791692,0.784124,0.324677,0.971440,0.364055,19.937249
1417,1,1,1,10.401028,2.599403,0.537785,0.788892,0.657434,0.326941,0.971077,0.362603,16.792825
1418,1,1,1,10.384258,2.697828,0.544117,0.789699,0.655588,0.321852,0.974080,0.364910,16.882812
1419,1,1,1,10.387440,2.591938,0.540695,0.896812,0.667133,0.323538,0.969625,0.364043,16.892960
1420,1,1,1,10.559723,2.590296,0.671631,0.791095,0.658560,0.319495,0.959785,0.363969,17.065779
1421,1,1,1,13.296425,2.595046,0.540394,0.788633,0.658222,0.327280,0.970307,0.362148,19.691323
1422,1,1,1,11.085157,2.593046,0.545354,0.788468,0.657323,0.322105,0.970942,0.359815,17.474339
1423,1,1,1,10.484461,2.716843,0.543773,0.794621,0.651034,0.324037,0.960025,0.366708,16.993594
1424,1,1,1,10.428739,2.591593,0.541988,0.795526,0.658424,0.324197,0.963200,0.386413,16.843101
1425,1,1,1,12.868517,2.590123,0.541046,0.782776,0.656782,0.323053,1.013711,0.385551,19.310062
1426,1,1,1,10.378123,2.591662,0.539932,0.793010,0.659077,0.322406,0.972676,0.362025,16.773606
1427,1,1,1,13.367698,2.594683,0.537262,0.791440,0.659157,0.326074,0.971496,0.365458,19.762480
1428,1,1,1,12.443594,2.678332,0.543403,0.795446,0.661292,0.325360,0.963120,0.361982,18.922443
1429,0,1,0,13.603533,2.688535,0.539797,0.791674,0.658381,0.324191,0.970197,0.367563,20.097022
1430,1,1,1,11.271249,2.683858,0.546147,0.790338,0.653667,0.325219,0.971489,0.364775,17.756942
1431,1,1,1,11.341416,2.594369,0.537182,0.787255,0.768695,0.328227,0.971963,0.369581,17.854633
1432,1,1,1,10.536492,2.593920,0.534450,0.784806,0.662511,0.326523,0.973107,0.363982,16.925520
1433,1,1,1,13.356043,2.592610,0.541920,0.786424,0.654905,0.325409,0.967292,0.362167,19.736806
1434,1,1,1,10.637040,2.706338,0.543367,0.794517,0.654653,0.324468,0.960259,0.361784,17.135095
1435,1,1,1,13.308215,2.693926,0.544536,0.791169,0.656893,0.325262,0.969870,0.365009,19.807680
1436,1,1,1,13.266215,2.712080,0.538092,0.791631,0.659612,0.326013,0.974856,0.365576,19.787040
1437,1,1,1,10.502510,2.597846,0.542978,0.903188,0.667982,0.324898,0.970505,0.360628,17.022019
1438,1,1,1,9.178228,2.596369,0.538646,0.790160,0.657145,0.321637,0.967539,0.359101,15.562148
1439,1,1,1,12.771896,2.594486,0.533846,0.787551,0.655176,0.321908,0.964708,0.362314,19.141687
1440,1,1,1,10.436073,2.690043,0.544591,0.792246,0.660504,0.323335,0.971508,0.365907,16.934997
1441,1,1,1,13.228332,2.684800,0.546486,0.792024,0.656314,0.323834,0.975004,0.359274,19.716904
1442,1,1,1,11.243797,2.588394,0.541939,0.797410,0.781748,0.321329,0.964400,0.368825,17.762996
1443,0,1,0,13.232966,2.594467,0.541440,0.789575,0.785920,0.324825,0.968763,0.370000,19.763305
1444,0,1,0,13.529317,2.596646,0.539680,0.785674,0.784972,0.323637,0.960572,0.366074,20.041268
1445,1,1,1,10.799428,2.597981,0.535797,0.787243,0.657415,0.325452,0.970990,0.359126,17.186141
1446,1,1,1,11.344375,2.591188,0.535539,0.787809,0.657360,0.329557,0.974080,0.362080,17.732991
1447,1,1,1,12.026123,2.695299,0.543249,0.792873,0.650603,0.326954,0.972394,0.361372,18.520184
1448,0,1,1,13.475236,2.690554,0.547514,0.799871,0.657255,0.322234,0.970357,0.362991,19.978695
1449,1,1,1,10.517353,2.594111,0.543163,0.917686,0.661280,0.326270,0.972246,0.364240,17.047477
1450,0,1,1,14.095471,2.593280,0.638536,0.793200,0.654899,0.324332,0.973360,0.362524,20.588578
1451,1,1,1,13.463853,2.594000,0.635022,0.794548,0.659724,0.321550,0.971600,0.365157,19.954874
1452,1,1,1,10.471397,2.714856,0.686339,1.197803,0.818579,0.490763,0.979354,0.513864,18.064843
1453,0,1,0,14.971261,2.712449,0.750179,0.867846,0.796603,0.394923,0.992080,0.499292,22.170812
1454,1,1,1,11.616597,2.650652,0.547428,0.789784,0.926954,0.324480,0.975575,0.385631,18.384116
1455,1,1,1,11.310209,2.602425,0.552006,0.807710,0.675766,0.337840,0.976763,0.607089,18.028862
1456,1,1,1,10.797181,2.682609,0.567920,0.792597,0.671545,0.324745,0.961422,0.385200,17.345945
1457,1,1,1,11.874375,2.976357,0.668031,0.898633,0.787532,0.334123,0.977994,0.504277,19.203840
1458,1,1,1,11.853292,2.907477,0.560419,0.896400,0.873206,0.391003,0.988892,0.489477,19.169625
1459,0,1,0,14.981520,2.660228,0.559840,0.787095,0.664536,0.320240,0.972443,0.378203,21.485705
1460,0,1,0,13.947526,2.606437,0.557163,0.799329,0.671508,0.327969,0.969545,0.391169,20.428093
1461,0,1,0,19.223360,3.533064,0.682012,0.941871,0.835797,0.395908,0.984899,0.541108,27.336326
1462,1,1,1,16.383379,2.762351,0.660456,1.019723,0.883630,0.367981,0.980781,0.555397,23.797440
1463,1,1,1,12.990185,2.801354,0.697581,0.940357,0.838794,0.414301,0.997944,0.632930,20.521582
1464,0,1,0,14.604530,2.597311,0.536886,0.794689,0.654160,0.425668,0.975292,0.381846,21.125569
1465,0,1,0,13.580129,2.598406,0.542074,0.791126,0.659742,0.439305,0.978117,0.372966,20.113342
1466,1,1,1,10.468640,2.596283,0.539059,0.789292,0.655422,0.319687,0.959969,0.359815,16.837027
1467,1,1,1,10.445262,2.731095,0.546923,0.795034,0.659317,0.323834,0.967575,0.362092,16.982259
1468,0,1,0,13.302375,2.703969,0.547311,0.792535,0.657064,0.321557,0.973206,0.362911,19.813582
1469,1,1,1,13.334407,2.707459,0.546462,0.783551,0.651668,0.324087,0.967969,0.362370,19.829877
1470,1,1,1,11.276960,2.591926,0.539821,0.931748,0.663914,0.324480,0.972209,0.363335,17.817890
1471,1,1,1,10.419779,2.593446,0.542948,0.786966,0.657409,0.326658,0.968689,0.465329,16.912726
1472,1,1,1,10.457151,2.591711,0.537243,0.793754,0.659292,0.324093,0.973513,0.367132,16.854659
1473,1,1,1,12.219206,2.694357,0.538222,0.787662,0.657637,0.322283,0.969280,0.364271,18.703981
1474,1,1,1,13.294252,2.708499,0.540493,0.793471,0.657218,0.321742,0.973864,0.366640,19.810948
1475,1,1,1,12.732609,2.693932,0.544450,0.785945,0.658388,0.322086,0.973452,0.361815,19.225010
1476,1,1,1,11.868683,2.592813,0.639144,0.798942,0.659477,0.320813,0.974628,0.363779,18.371889
1477,1,1,1,10.991009,2.591034,0.534160,0.793237,0.657834,0.325662,0.962037,0.385760,17.391748
1478,1,1,1,10.420800,2.592129,0.531224,0.792000,0.658308,0.322855,0.964788,0.364708,16.794788
1479,1,1,1,10.349668,2.689723,0.544332,0.786904,0.654966,0.321003,0.966923,0.360049,16.821649
1480,1,1,1,10.434110,2.592972,0.543157,0.793379,0.653938,0.450264,0.973292,0.375593,16.965987
1481,1,1,1,13.231230,2.592147,0.543095,0.794560,0.660196,0.431022,0.978750,0.382289,19.765680
1482,0,1,0,13.221564,2.589102,0.541895,0.800431,0.659649,0.326197,1.037828,0.397342,19.726301
1483,1,1,0,13.464264,2.594966,0.540043,0.788880,0.657748,0.324788,1.069465,0.398030,19.992129
1484,1,1,1,10.771212,2.593267,0.547779,0.796683,0.658818,0.318942,0.961464,0.361913,17.161256
1485,1,1,1,12.932652,2.595914,0.547920,0.788351,0.663600,0.325538,0.970326,0.362953,19.336067
1486,1,1,1,13.384141,2.594000,0.544210,0.793255,0.654148,0.324837,0.972800,0.363360,19.782062
1487,0,1,0,13.190430,2.593231,0.541059,0.787877,0.662000,0.321890,0.971588,0.365274,19.585458
1488,1,1,1,10.543268,2.802689,0.547588,0.793280,0.656899,0.324043,0.969188,0.367267,17.156874
1489,1,1,0,13.286498,2.698178,0.543021,0.793723,0.655434,0.328407,0.970702,0.360978,19.787840
1490,1,1,1,10.624098,2.593434,0.540216,0.795139,0.660720,0.329507,0.975828,0.366530,17.143920
1491,1,1,1,11.461415,2.587489,0.541797,0.799009,0.664222,0.322012,0.969046,0.363625,17.856984
1492,1,1,1,13.412105,2.591895,0.543944,0.794652,0.653760,0.326886,0.972800,0.367360,19.817606
1493,1,1,0,13.417206,2.595059,0.539077,0.786375,0.663483,0.319754,0.969003,0.362535,19.803304
1494,1,1,1,13.326240,2.594455,0.542430,0.794184,0.657908,0.320191,0.974037,0.366548,19.727059
1495,1,1,1,11.080388,2.597347,0.537582,0.795046,0.651711,0.323747,0.966609,0.365274,17.466381
1496,1,1,1,12.875827,2.717071,0.541815,0.791250,0.650172,0.321114,0.973815,0.362880,19.385532
1497,1,1,1,10.428252,2.591570,0.546813,0.900296,0.666942,0.322702,0.969077,0.358782,16.935385
1498,1,1,1,11.481200,2.597452,0.544849,0.798375,0.659187,0.329225,0.974320,0.401120,17.937969
1499,1,1,1,10.445304,2.596560,0.540474,0.788221,0.662098,0.322554,0.961871,0.364191,16.831901
1500,1,1,0,13.458732,2.588757,0.537613,0.792911,0.657539,0.327871,0.973397,0.358154,19.846861
1501,1,1,1,10.359551,2.814264,0.548591,0.793544,0.654948,0.323360,0.970862,0.366997,16.982824
1502,1,1,1,12.062874,2.597329,0.639803,0.797803,0.655286,0.323594,0.970462,0.356769,18.556757
1503,1,1,1,13.313206,2.595982,0.631908,0.789458,0.656215,0.323391,0.972837,0.365151,19.799834
1504,1,1,1,13.319902,2.591785,0.633729,0.796720,0.665969,0.327009,0.970867,0.365305,19.824000
1505,1,1,1,13.271674,2.590769,0.539895,0.901034,0.661194,0.325693,0.971557,0.363077,19.776277
1506,1,1,1,13.340228,2.590972,0.540277,0.925077,0.665256,0.323157,0.959458,0.366043,19.863176
1507,1,1,1,13.118696,2.593286,0.540289,0.891047,0.663908,0.326813,0.972523,0.367009,19.624350
1508,1,1,1,12.609070,2.593754,0.537156,0.797175,0.766265,0.323471,0.963822,0.366246,19.110025
1509,1,1,1,10.886646,2.590418,0.537077,0.789434,0.656166,0.323225,0.976634,0.364917,17.275785
1510,1,1,1,12.257243,2.593336,0.540905,0.797372,0.650615,0.326388,0.969446,0.359132,18.645735
1511,1,1,1,11.476326,2.694209,0.540314,0.784104,0.656431,0.323680,0.969366,0.362628,17.955624
1512,1,1,1,13.062449,2.707268,0.548351,0.795292,0.655785,0.326468,0.972326,0.364868,19.587883
1513,0,1,0,13.393736,2.682807,0.542541,0.789089,0.658381,0.325674,0.972868,0.365747,19.882117
1514,1,1,1,10.460271,2.591028,0.541139,0.924468,0.671219,0.324123,0.962596,0.364800,16.992486
1515,0,1,1,11.759372,2.593292,0.540628,0.784431,0.658831,0.323287,0.968960,0.395656,18.177594
1516,1,1,1,11.262400,2.594825,0.540554,0.790825,0.655662,0.325329,0.960990,0.365261,17.646751
1517,1,1,1,11.550393,2.591378,0.539754,0.793293,0.655089,0.324277,0.972314,0.366265,17.943680
1518,1,1,1,11.707077,2.714104,0.536141,0.787594,0.651784,0.315126,0.967151,0.360603,18.191828
1519,1,1,1,13.229711,2.712830,0.546204,0.793120,0.654418,0.323913,0.966209,0.364166,19.741963
1520,1,1,1,10.498893,2.594751,0.542511,0.788923,0.758301,0.334093,0.974203,0.365846,17.020535
1521,1,1,1,11.406739,2.593908,0.539797,0.788960,0.652308,0.320794,0.970480,0.364467,17.787950
1522,1,1,1,10.529268,2.590147,0.540062,0.793071,0.657975,0.325206,0.975267,0.368080,16.929378
1523,0,1,0,13.564548,2.605003,0.542197,0.783188,0.661711,0.321403,0.973594,0.366862,19.976024
1524,0,1,0,13.669920,2.593415,0.542062,0.793083,0.656461,0.325994,0.961064,0.363107,20.056966
1525,0,1,0,12.755310,2.719193,0.542116,0.789877,0.656462,0.323699,0.971705,0.362794,19.272517
1526,1,1,1,10.468708,2.594873,0.540332,0.906326,0.664499,0.322886,0.970745,0.367176,16.988203
1527,1,1,1,10.431366,2.590751,0.537422,0.787384,0.655514,0.325588,0.971212,0.470172,16.920634
1528,1,1,1,11.183028,2.593360,0.538517,0.797557,0.654923,0.326499,0.971003,0.364018,17.578092
1529,1,1,1,10.055766,2.696461,0.539895,0.787016,0.660437,0.325723,0.967662,0.363083,16.547520
1530,1,1,1,10.557311,2.592573,0.538007,0.792258,0.654634,0.419231,0.977526,0.372314,17.057095
1531,1,1,1,12.979643,2.588923,0.543311,0.791711,0.658978,0.324320,0.976825,0.387231,19.403231
1532,1,1,1,10.550376,2.592973,0.531465,0.792203,0.657114,0.322178,0.962043,0.368234,16.928960
1533,0,1,0,13.474018,2.594376,0.539003,0.786388,0.652843,0.323489,0.970775,0.363225,19.853040
1534,1,1,1,13.535508,2.594819,0.538283,0.793705,0.651342,0.323163,0.972701,0.363661,19.923034
1535,0,1,0,13.492265,2.597268,0.535219,0.793920,0.655403,0.315988,0.974141,0.365736,19.881058
1536,0,1,0,13.361520,2.588708,0.539939,0.788376,0.657354,0.323163,0.970554,0.360591,19.739767
1537,1,1,1,10.359373,2.688376,0.541299,0.788289,0.661299,0.322924,0.972394,0.361754,16.847231
1538,0,1,0,13.528080,2.711840,0.542333,0.792000,0.654646,0.325102,0.974923,0.361132,20.041502
1539,1,1,1,11.231213,2.597901,0.542400,0.784172,0.782024,0.325440,0.967920,0.363545,17.750449
1540,1,1,1,13.265822,2.632498,0.546530,0.794375,0.778049,0.319686,0.968647,0.364536,19.829730
1541,1,1,1,10.352375,2.592123,0.536049,0.788129,0.660178,0.324867,0.958947,0.360424,16.723053
1542,1,1,1,12.786000,2.592560,0.542535,0.799071,0.659730,0.322437,0.970382,0.367120,19.189631
1543,1,1,0,13.538824,2.593662,0.543206,0.785470,0.654665,0.326732,0.968142,0.365187,19.927926
1544,1,1,1,10.438492,2.808203,0.543933,0.796092,0.655311,0.324566,0.969427,0.357182,17.043870
1545,1,1,1,10.438745,2.593182,0.539785,0.881858,0.666049,0.323409,0.969748,0.362480,16.924929
1546,1,1,1,9.132449,2.592504,0.539975,0.792160,0.662345,0.322763,0.975391,0.367181,15.536148
1547,1,1,1,10.415003,2.693261,0.543071,0.787785,0.661046,0.325304,0.968505,0.366849,16.913206
1548,1,1,1,13.319649,2.704431,0.543065,0.788006,0.657016,0.325336,0.959434,0.362843,19.811834
1549,1,1,1,10.115440,2.591243,0.542750,0.785329,0.659317,0.430634,0.976904,0.379816,16.633200
1550,1,1,1,13.330910,2.593071,0.538794,0.796351,0.653908,0.433046,0.975323,0.379889,19.852634
1551,1,1,1,10.698701,2.597698,0.542283,0.790007,0.659267,0.329404,0.973557,0.364301,17.107095
1552,1,1,1,10.433667,2.702363,0.544062,0.790548,0.654117,0.329274,0.971963,0.364905,16.943366
1553,1,1,1,13.323021,2.706923,0.541471,0.792136,0.660467,0.322351,0.974597,0.362019,19.829187
1554,0,1,1,13.268148,2.691397,0.539520,0.795323,0.654997,0.323237,0.974511,0.362105,19.760376
1555,1,1,1,13.254553,2.709287,0.542449,0.788991,0.656553,0.322887,0.972172,0.365785,19.762474
1556,1,1,1,10.456203,2.593256,0.542505,0.796265,0.764591,0.326689,0.973846,0.362664,16.970185
1557,1,1,1,11.476750,2.592296,0.539668,0.787711,0.659070,0.324357,0.971754,0.591102,18.091612
1558,0,1,0,13.396911,2.595662,0.545015,0.783975,0.659422,0.318745,0.969815,0.472572,19.894923
1559,1,1,1,14.080308,2.588585,0.538456,0.792043,0.658658,0.321458,0.965231,0.381299,20.478086
1560,1,1,1,10.983299,2.596290,0.539187,0.788726,0.658332,0.320480,0.971668,0.363809,17.375292
1561,1,1,1,13.426954,2.596062,0.540720,0.787458,0.655477,0.324473,0.971760,0.366892,19.818510
1562,0,1,0,13.436831,2.597052,0.541526,0.796880,0.659859,0.319926,0.975828,0.361545,19.842424
1563,1,1,1,10.951102,2.689446,0.543151,0.789181,0.656972,0.320874,0.962252,0.367206,17.428087
1564,1,1,1,13.240301,2.707058,0.545661,0.795175,0.652677,0.325206,0.973489,0.361581,19.754228
1565,1,1,1,10.427692,2.591428,0.543687,0.788695,0.777982,0.325458,0.973784,0.365249,16.948732
1566,1,1,1,11.290043,2.592985,0.539668,0.796849,0.652135,0.326640,0.971747,0.472695,17.794886
1567,0,1,0,13.641846,2.592357,0.534437,0.783378,0.659907,0.325280,1.037250,0.403003,20.129692
1568,1,1,1,13.339139,2.590689,0.537895,0.790677,0.656757,0.326621,0.970640,0.487366,19.851231
1569,1,1,1,13.297532,2.593508,0.541452,0.787360,0.656012,0.324394,0.974406,0.468301,19.793452
1570,1,1,1,13.474812,2.591102,0.539951,0.794905,0.652979,0.326227,0.960265,0.490031,19.980166
1571,1,1,1,10.426234,2.594375,0.538363,0.787527,0.656763,0.329347,0.972160,0.367194,16.819311
1572,1,1,1,13.393914,2.591071,0.537046,0.796357,0.656708,0.324984,0.973957,0.362172,19.788388
1573,0,1,0,14.075785,2.591637,0.543286,0.786825,0.659686,0.326560,0.974031,0.364505,20.470190
1574,1,1,1,11.289409,2.780492,0.545083,0.791563,0.656037,0.321200,0.970837,0.361582,17.868751
1575,1,1,1,13.216467,2.693981,0.540868,0.790517,0.653083,0.324665,0.970720,0.362499,19.703883
1576,1,1,1,12.722418,2.712400,0.538640,0.791600,0.657336,0.323644,0.971754,0.363262,19.233674
1577,1,1,1,10.447317,2.593095,0.533594,0.786505,0.655508,0.418677,0.977163,0.373323,16.934573
1578,1,1,1,13.188462,2.594289,0.540351,0.798339,0.659021,0.326067,0.973593,0.389151,19.620800
1579,1,1,1,10.468634,2.596536,0.537095,0.789526,0.654123,0.325858,0.972025,0.362092,16.854978
1580,1,1,1,13.150172,2.593649,0.543785,0.790080,0.651213,0.323883,0.974887,0.362351,19.540387
1581,1,1,1,13.334782,2.596345,0.540339,0.791428,0.654640,0.324345,0.970886,0.364375,19.725440
1582,1,1,1,10.571729,2.691901,0.540265,0.794104,0.656117,0.323871,0.960843,0.366135,17.055151
1583,1,1,1,10.903852,2.592018,0.540547,0.787705,0.807015,0.326566,0.973317,0.364578,17.452905
1584,0,1,0,13.506794,2.595255,0.540332,0.791606,0.784843,0.323619,0.973926,0.359668,20.032400
1585,1,1,1,12.524578,2.590781,0.539618,0.797200,0.653366,0.324024,1.051120,0.398646,19.030800
1586,1,1,1,10.960105,2.592388,0.543138,0.799926,0.655716,0.327249,0.960566,0.364142,17.353378
1587,1,1,1,11.034258,2.711102,0.543803,0.790117,0.651151,0.327046,0.971366,0.363311,17.542510
1588,1,1,1,11.448610,2.696671,0.541797,0.797809,0.653120,0.326105,0.974855,0.363926,17.955717
1589,1,1,1,13.087114,2.690757,0.544665,0.788647,0.660941,0.325280,0.972209,0.358130,19.578702
1590,1,1,1,9.189527,2.591157,0.533908,0.793760,0.656172,0.323600,0.957901,0.359600,15.556357
1591,1,1,1,13.367126,2.592979,0.535563,0.787852,0.653662,0.326068,0.970566,0.361219,19.746006
1592,1,1,1,10.394553,2.623901,0.537268,0.789575,0.659606,0.326332,0.971391,0.362726,16.907126
1593,0,1,0,13.674492,2.599969,0.534603,0.786166,0.652308,0.321416,0.971415,0.359938,20.050572
1594,1,1,1,13.276462,2.697015,0.543895,0.789624,0.657292,0.320006,0.973188,0.364524,19.774246
1595,1,1,1,13.241022,2.695145,0.539730,0.788006,0.661827,0.326622,0.974683,0.365852,19.743576
1596,1,1,1,13.282609,2.712689,0.539415,0.790683,0.657490,0.322314,0.973366,0.361877,19.790314
1597,1,1,1,11.223341,2.674000,0.575434,0.791489,0.657661,0.325040,0.974567,0.363237,17.738264
1598,1,1,1,13.298757,2.596320,0.653446,0.790603,0.653101,0.321366,0.966732,0.365218,19.794222
1599,1,1,1,11.014923,2.594400,0.541316,0.786874,0.655520,0.324898,0.977717,0.400216,17.447901
1600,1,1,1,11.310627,2.592536,0.538344,0.793089,0.656825,0.327631,0.974302,0.362960,17.706228
1601,0,1,0,13.334234,2.597545,0.537526,0.790418,0.658320,0.325114,0.971840,0.367514,19.733698
1602,1,1,1,10.401384,2.707926,0.544234,0.798104,0.657415,0.322400,0.963040,0.367058,16.911108
1603,1,1,1,10.488985,2.593052,0.541883,0.907096,0.662296,0.325544,0.972880,0.365027,17.005889
1604,1,1,1,13.247397,2.590252,0.540948,0.888702,0.668960,0.326615,0.974271,0.364861,19.755354
1605,1,1,1,10.370499,2.592739,0.545422,0.788966,0.656295,0.322763,0.960751,0.360947,16.745847
1606,1,1,1,11.190954,2.592000,0.535729,0.791157,0.655139,0.322529,0.971483,0.364830,17.573373
1607,1,1,1,10.400966,2.686646,0.544400,0.790973,0.657827,0.326111,0.972960,0.365612,16.898067
1608,1,1,1,11.163070,2.592369,0.544572,0.794498,0.656179,0.354917,0.972764,0.369200,17.677803
1609,1,1,1,11.305317,2.592061,0.538013,0.785975,0.658461,0.322523,0.971138,0.362123,17.685637
1610,0,1,0,13.591594,2.590591,0.542898,0.795631,0.654923,0.324332,0.975372,0.364904,19.993507
1611,1,1,1,10.456560,2.595779,0.549729,0.788578,0.662837,0.326216,0.971613,0.363126,16.863816
1612,1,1,1,11.016240,2.693101,0.548209,0.797022,0.658006,0.324665,0.962560,0.365323,17.514904
1613,1,1,1,12.494917,2.594167,0.539686,0.897753,0.660375,0.326628,0.973077,0.365551,19.002301
1614,1,1,1,10.428615,2.588554,0.540960,0.790437,0.662591,0.323004,0.971723,0.473305,16.933440
1615,1,1,1,10.497249,2.595330,0.537594,0.787809,0.656770,0.325926,0.967773,0.361434,16.879200
1616,1,1,1,10.566646,2.725108,0.544000,0.792781,0.653422,0.320191,0.969545,0.362104,17.085661
1617,1,1,1,11.472191,2.591003,0.540191,0.782911,0.784787,0.324585,0.968228,0.367132,17.982130
1618,1,1,1,13.302431,2.590659,0.539797,0.796516,0.803206,0.322277,0.975723,0.364486,19.850886
1619,1,1,1,13.228135,2.592037,0.540696,0.794167,0.786898,0.326099,0.974142,0.368289,19.769071
1620,1,1,1,11.492037,2.593483,0.543403,0.789102,0.657459,0.325760,0.973778,0.367287,17.964382
1621,0,1,0,13.230259,2.593581,0.540794,0.794818,0.655416,0.328074,0.968892,0.363249,19.625773
1622,1,1,1,10.636616,2.596874,0.549126,0.799262,0.661877,0.324837,0.972271,0.371366,17.063015
1623,1,1,1,11.032307,2.689163,0.544615,0.790677,0.660105,0.323637,0.967920,0.364246,17.523963
1624,0,1,1,13.025034,2.696056,0.542148,0.792326,0.656425,0.323052,0.972345,0.363760,19.522862
1625,1,1,1,12.936093,2.596031,0.642880,0.795939,0.653766,0.327939,0.973144,0.364504,19.442098
1626,1,1,1,13.469822,2.589692,0.630634,0.788831,0.663170,0.320313,0.975526,0.362751,19.951471
1627,1,1,1,13.124923,2.604025,0.539994,0.899231,0.660370,0.321932,0.966739,0.366314,19.634443
1628,1,1,1,13.242320,2.596123,0.541803,0.903316,0.661994,0.325452,0.974634,0.363324,19.760695
1629,1,1,1,10.449760,2.591791,0.538135,0.794295,0.649803,0.327126,0.960862,0.364523,16.825809
1630,1,1,1,10.887046,2.595114,0.541348,0.792652,0.658924,0.326178,0.971366,0.359366,17.285982
1631,1,1,1,11.533637,2.692104,0.544751,0.791840,0.661520,0.322270,0.970794,0.363206,18.031809
1632,1,1,1,10.579625,2.592240,0.539988,0.902203,0.671810,0.324080,0.976098,0.366320,17.107908
1633,1,1,1,10.485870,2.591003,0.540701,0.793840,0.659446,0.323723,0.970350,0.361028,16.873594
1634,1,1,1,10.482548,2.596646,0.539409,0.797113,0.659347,0.327021,0.973471,0.360345,16.888049
1635,1,1,1,10.465907,2.592658,0.642671,0.791206,0.657945,0.323988,0.975686,0.362548,16.962437
1636,1,1,1,10.582849,2.589582,0.536111,0.791520,0.658277,0.324991,0.961304,0.387600,16.985070
1637,1,1,1,13.346240,2.593452,0.538246,0.788493,0.656480,0.318234,1.051157,0.387132,19.829267
1638,1,1,1,13.237551,2.589538,0.539329,0.793360,0.659859,0.319957,0.971003,0.465200,19.727896
1639,1,1,1,13.161889,2.595945,0.534917,0.789520,0.656831,0.324486,0.969483,0.364369,19.549434
1640,1,1,1,10.556529,2.595822,0.537256,0.790578,0.655692,0.326813,0.971656,0.361366,17.031280
1641,1,1,1,13.333932,2.595329,0.543150,0.795188,0.655884,0.322837,0.972203,0.361747,19.729028
1642,0,1,0,13.658326,2.597668,0.541508,0.791446,0.658480,0.327120,0.963932,0.364622,20.052535
1643,1,1,1,13.861563,2.595606,0.539415,0.787551,0.655938,0.324929,0.971422,0.362756,20.246837
1644,1,1,1,10.561360,2.718332,0.549360,0.790326,0.653833,0.324744,0.973096,0.359040,17.085951
1645,1,1,1,13.347778,2.726855,0.543415,0.786812,0.653403,0.321982,0.967889,0.358615,19.858326
1646,1,1,1,11.003607,2.594720,0.542843,0.795501,0.758996,0.337557,0.970960,0.367735,17.538985
1647,0,1,0,13.194874,2.591889,0.536923,0.791052,0.658425,0.431311,0.976670,0.383661,19.715907
1648,1,1,1,13.502702,2.599163,0.540467,0.793108,0.660480,0.446898,0.974135,0.370455,20.039526
1649,1,1,1,11.428265,2.590499,0.535766,0.799717,0.662880,0.323895,0.973157,0.369693,17.832750
1650,1,1,1,9.178585,2.703969,0.545391,0.799704,0.666031,0.321809,0.960530,0.366695,15.699070
1651,1,1,1,13.223434,2.691299,0.533532,0.788172,0.654493,0.325053,0.974455,0.368750,19.711151
1652,1,1,1,10.453526,2.592393,0.543064,0.787649,0.782720,0.322271,0.976382,0.360099,16.971329
1653,1,1,1,11.307975,2.592628,0.536142,0.793933,0.650929,0.321181,0.969945,0.361704,17.685225
1654,0,1,0,13.588590,2.590868,0.537785,0.791305,0.661570,0.322844,0.971329,0.459409,20.077489
1655,0,1,0,13.522185,2.592154,0.537360,0.793150,0.658603,0.323711,0.970671,0.462560,20.012597
1656,1,1,0,9.033889,2.698530,0.544473,0.791883,0.662455,0.321193,0.969815,0.356123,15.530486
1657,1,1,1,10.598702,2.595175,0.545988,0.915846,0.665816,0.320129,0.971083,0.362523,17.122615
1658,1,1,1,10.542455,2.591772,0.539268,0.791311,0.660129,0.325526,0.972430,0.474825,17.054308
1659,1,1,1,10.368462,2.590541,0.540357,0.788567,0.665028,0.326339,0.971883,0.365815,16.765785
1660,1,1,1,11.116006,2.694160,0.546073,0.787975,0.657157,0.326702,0.973096,0.364314,17.618314
1661,1,1,1,10.387194,2.594493,0.537576,0.790659,0.658160,0.433600,0.976326,0.375914,16.902991
1662,0,1,0,13.105736,2.593452,0.539341,0.790381,0.660646,0.326301,0.961341,0.386037,19.516745
1663,1,1,1,9.125766,2.598160,0.539065,0.789791,0.659828,0.327901,0.971914,0.363975,15.524456
1664,1,1,1,10.425089,2.593157,0.658738,0.794542,0.654308,0.322234,0.970690,0.363705,16.932117
1665,1,1,1,10.534541,2.592640,0.539870,0.787939,0.661440,0.326683,0.963465,0.398578,16.957452
1666,1,1,0,11.815175,2.594936,0.535988,0.795575,0.660732,0.322770,0.960166,0.362012,18.201532
1667,1,1,1,13.319070,2.592880,0.542769,0.788751,0.663742,0.328911,0.972487,0.364781,19.721901
1668,1,1,1,13.398665,2.594462,0.544431,0.796665,0.657840,0.328800,0.959305,0.365064,19.794504
1669,1,1,1,13.711859,2.592253,0.538776,0.791803,0.651083,0.323951,0.971138,0.362708,20.091594
1670,1,1,1,12.596037,2.686899,0.539748,0.790886,0.655951,0.315225,0.974941,0.359594,19.071624
1671,1,1,1,10.701071,2.702714,0.539933,0.790504,0.659249,0.321545,0.970984,0.360160,17.197785
1672,1,1,1,11.490419,2.590222,0.539680,0.892117,0.666351,0.325465,0.972505,0.364677,17.992622
1673,1,1,1,13.290135,2.594117,0.537784,0.904468,0.661865,0.325256,0.970142,0.364732,19.801390
1674,1,1,1,10.913231,2.595310,0.536800,0.796068,0.659015,0.326536,0.966080,0.387520,17.333957
1675,0,1,0,13.504468,2.594585,0.541311,0.782480,0.651323,0.329563,0.975464,0.384720,19.915464
1676,1,1,1,13.302110,2.597114,0.526916,0.799864,0.652277,0.321779,0.960726,0.472819,19.784584
1677,1,1,1,10.940203,2.592671,0.536061,0.791938,0.662302,0.320228,0.970653,0.363021,17.324744
1678,1,1,1,10.507865,2.711452,0.544892,0.795674,0.658357,0.325268,0.972726,0.366142,17.035034
1679,1,1,1,11.091243,2.595274,0.536351,0.884462,0.696030,0.327145,0.970880,0.363692,17.623101
1680,1,1,1,11.898443,2.593107,0.545427,0.792523,0.654972,0.324000,0.966757,0.395261,18.323292
1681,1,1,1,13.224831,2.595957,0.540419,0.793310,0.658818,0.328726,0.975126,0.395132,19.664622
1682,0,1,0,13.565188,2.590615,0.542610,0.798136,0.657840,0.321729,0.972947,0.398437,20.001385
1683,1,1,1,13.261513,2.593163,0.545440,0.790369,0.658504,0.323323,0.991588,0.406326,19.725354
1684,1,1,1,11.445748,2.591551,0.535938,0.796277,0.654769,0.325403,0.959477,0.364856,17.827415
1685,1,1,1,13.330942,2.594233,0.535852,0.792443,0.658240,0.326185,0.972603,0.364043,19.723902
1686,1,1,1,11.019341,2.689914,0.544628,0.800320,0.660708,0.326985,0.971987,0.368972,17.537403
1687,1,1,1,12.598603,2.692117,0.536523,0.786941,0.657390,0.323944,0.971803,0.364695,19.084708
1688,1,1,1,11.524954,2.594363,0.546136,0.908880,0.663502,0.325120,0.973138,0.362056,18.049945
1689,1,1,1,12.519231,2.619532,0.543981,0.789409,0.763102,0.324800,0.969483,0.366689,19.050117
1690,1,1,1,10.447033,2.586634,0.536899,0.792923,0.656382,0.322468,0.958283,0.362425,16.811772
1691,1,1,1,11.616966,2.594240,0.538246,0.791206,0.654991,0.324215,0.969920,0.360664,17.998776
1692,1,1,1,10.520541,2.678689,0.550597,0.803286,0.653729,0.320216,0.973385,0.362738,17.013311
1693,1,1,1,13.234585,2.696191,0.546031,0.789982,0.660000,0.325563,0.973422,0.366498,19.741716
1694,1,1,1,13.328030,2.594615,0.668265,0.795742,0.654406,0.327637,0.970418,0.366960,19.858000
1695,1,1,1,13.422154,2.667385,0.580160,0.793840,0.655877,0.323600,0.969926,0.360690,19.932019
1696,1,1,1,10.949305,2.589526,0.541981,0.787046,0.653895,0.325772,0.977785,0.396012,17.376093
1697,1,1,1,13.186653,2.595009,0.538948,0.789071,0.659132,0.328898,0.961840,0.399028,19.612425
1698,1,1,1,11.521385,2.593637,0.536289,0.792806,0.655458,0.329305,0.974406,0.361495,17.916714
1699,0,1,0,13.687791,2.590295,0.538295,0.788585,0.655539,0.327016,0.972425,0.363834,20.074905
1700,1,1,1,13.333477,2.594529,0.539618,0.794111,0.662400,0.324837,0.973661,0.363687,19.737219
1701,1,1,1,11.552960,2.592910,0.542548,0.793373,0.659138,0.326455,0.969951,0.365453,17.948953
1702,1,1,1,11.355680,2.698708,0.538966,0.786013,0.662234,0.324388,0.973200,0.365256,17.855298
1703,1,1,1,10.409698,2.589114,0.540018,0.791126,0.653034,0.337594,0.973274,0.367440,16.899963
1704,1,1,1,12.320000,2.590664,0.539127,0.795372,0.661261,0.326117,0.973803,0.389649,18.748437
1705,1,1,1,10.914579,2.599588,0.535347,0.788172,0.657883,0.323305,0.972117,0.364277,17.304597
1706,1,1,1,11.403613,2.682516,0.544560,0.799470,0.656240,0.325982,0.958738,0.359988,17.882733
1707,1,1,1,11.500425,2.712868,0.543237,0.783895,0.658868,0.318252,0.968166,0.361330,17.998640
1708,1,1,1,11.748941,2.593132,0.542726,0.794419,0.783827,0.326222,0.960708,0.364991,18.273200
1709,1,1,1,10.968086,2.593963,0.536363,0.791126,0.660898,0.328941,0.966425,0.365514,17.359046
1710,1,1,1,13.437975,2.595132,0.544253,0.790794,0.655551,0.323422,0.969015,0.362024,19.831982
1711,1,1,1,13.170388,2.593194,0.538505,0.793323,0.655009,0.322320,0.967957,0.363323,19.551477
1712,1,1,1,10.393310,2.714129,0.544468,0.796769,0.658381,0.323828,0.975310,0.366947,16.924271
1713,1,1,1,10.479354,2.590024,0.543674,0.998843,0.663877,0.325582,0.969170,0.363704,17.088664
1714,1,1,1,11.335114,2.592172,0.539612,0.787034,0.656523,0.321396,0.966296,0.385150,17.734911
1715,0,1,0,13.453372,2.594486,0.545262,0.793317,0.653490,0.332092,0.977182,0.385532,19.885815
1716,1,1,1,11.190067,2.591600,0.537699,0.870252,0.823397,0.356726,0.984732,0.560234,18.102726
1717,1,1,1,13.956486,2.670757,0.616037,0.870492,0.783741,0.384449,0.994407,0.740690,21.212591
1718,1,1,1,11.080394,2.693754,0.624240,0.870492,0.808456,0.363083,0.992628,0.481274,18.101970
1719,1,1,1,11.060196,2.767514,0.631403,0.908751,0.813908,0.379434,0.986990,0.502412,18.237914
1720,1,1,1,10.928388,2.710517,0.534351,0.786289,0.657416,0.312763,0.972862,0.357957,17.414954
1721,1,1,1,11.389156,2.596166,0.540899,0.790695,0.795606,0.325255,0.969594,0.365126,17.926991
1722,1,1,1,11.387779,2.588406,0.540929,0.789219,0.658000,0.321489,0.974547,0.480775,17.891459
1723,0,1,0,13.591335,2.596037,0.543643,0.783336,0.658474,0.324196,0.980776,0.398634,20.030350
1724,1,1,1,10.442450,2.593686,0.538012,0.794573,0.657267,0.324985,0.963723,0.367637,16.834972
1725,1,1,1,11.467723,2.694350,0.541889,0.792684,0.659261,0.324504,0.972019,0.366696,17.968991
1726,1,1,1,10.573384,2.588591,0.538548,0.892480,0.671354,0.320320,0.971803,0.366043,17.077477
1727,1,1,1,11.080209,2.598357,0.539010,0.795286,0.656394,0.328056,0.971680,0.459360,17.577218
1728,1,1,1,13.270450,2.590406,0.538831,0.797815,0.653329,0.323865,0.971834,0.366228,19.759384
1729,1,1,1,10.940923,2.597428,0.539661,0.786142,0.657348,0.320893,0.972960,0.365397,17.333607
1730,1,1,1,13.449533,2.596529,0.537194,0.800043,0.657539,0.325656,0.975304,0.364867,19.856308
1731,1,1,1,13.299274,2.593969,0.532751,0.788191,0.653674,0.320209,0.971576,0.362652,19.673194
1732,1,1,1,11.413224,2.695219,0.543329,0.788628,0.659742,0.323858,0.975286,0.363582,17.917114
1733,0,1,0,13.518364,2.711187,0.546037,0.788240,0.655766,0.326813,0.972480,0.364351,20.034234
1734,1,1,1,10.420412,2.593354,0.541840,0.789496,0.790025,0.323575,0.974326,0.368886,16.958037
1735,1,1,1,13.338080,2.595151,0.538597,0.793951,0.803015,0.327673,0.972061,0.367187,19.889883
1736,0,1,0,13.613360,2.592794,0.537262,0.794696,0.800265,0.322560,0.973938,0.366314,20.155902
1737,1,1,1,10.972653,2.593397,0.540498,0.791618,0.659464,0.325557,0.973169,0.366806,17.373317
1738,1,1,1,10.616092,2.596320,0.533052,0.798332,0.658104,0.326105,0.961710,0.366025,17.008024
1739,1,1,1,11.167127,2.704067,0.543747,0.789520,0.658345,0.322172,0.974529,0.364849,17.676745
1740,1,1,1,10.477803,2.590972,0.544511,0.795157,0.662468,0.438049,0.963643,0.379207,17.002123
1741,1,1,1,13.230769,2.594277,0.543459,0.791970,0.656024,0.411347,0.986547,0.389089,19.757274
1742,1,1,1,9.844972,2.595139,0.536394,0.793976,0.655144,0.322339,0.974818,0.364425,16.238074
1743,1,1,1,10.399705,2.717132,0.540935,0.787255,0.659286,0.325508,0.967889,0.361151,16.909212
1744,1,1,1,13.369772,2.689852,0.542978,0.791778,0.656092,0.324093,0.973397,0.363446,19.865655
1745,1,1,1,12.813243,2.686837,0.538917,0.787569,0.656923,0.322431,0.968511,0.365957,19.291809
1746,1,1,1,13.295015,2.704757,0.551520,0.794677,0.655963,0.323323,0.971687,0.363403,19.812708
1747,1,1,1,11.719415,2.590972,0.541754,0.792880,0.766695,0.324480,0.970086,0.366061,18.226117
1748,1,1,1,11.452499,2.592259,0.539890,0.793046,0.660289,0.322486,0.963102,0.460055,17.936535
1749,1,1,1,10.458289,2.598701,0.537969,0.785157,0.656074,0.326006,0.973514,0.359077,16.845113
1750,1,1,0,13.657274,2.591637,0.541533,0.785742,0.658837,0.323218,0.969594,0.367311,20.046787
1751,1,1,1,10.428148,2.696277,0.543766,0.789619,0.658086,0.325305,0.971083,0.361206,16.927908
1752,0,1,0,13.582190,2.684228,0.547046,0.788967,0.658461,0.319391,0.969126,0.364444,20.069102
1753,1,1,1,13.508566,2.684911,0.540603,0.790621,0.660566,0.329108,0.968093,0.363957,19.996234
1754,1,1,1,11.247797,2.595354,0.538037,0.789650,0.780000,0.323994,0.974357,0.365182,17.764628
1755,1,1,1,10.393360,2.593200,0.541686,0.795471,0.662012,0.326018,0.972825,0.363735,16.799224
1756,0,1,0,13.520295,2.591588,0.537379,0.797644,0.655366,0.327545,0.961064,0.364296,19.904775
1757,0,1,0,13.371883,2.594671,0.542504,0.791249,0.658480,0.323107,0.970929,0.361514,19.764061
1758,1,1,1,11.276880,2.597330,0.540566,0.793840,0.652738,0.327243,0.973009,0.363686,17.676418
1759,0,1,0,13.026350,2.716597,0.546794,0.791212,0.657089,0.327773,0.970861,0.362339,19.551421
1760,1,1,1,10.464843,2.595883,0.542572,0.899883,0.660923,0.325594,0.976855,0.362430,16.979323
1761,1,1,1,10.436339,2.593446,0.535612,0.793858,0.655975,0.322701,0.973009,0.461698,16.921649
1762,1,1,1,10.449581,2.595816,0.543175,0.791785,0.653194,0.322172,0.975705,0.360690,16.842658
1763,1,1,1,11.052579,2.689766,0.538628,0.790689,0.659409,0.329071,0.973668,0.363649,17.552056
1764,1,1,1,10.540307,2.592043,0.540812,0.790941,0.746234,0.335231,0.964892,0.372603,17.049908
1765,1,1,1,10.488173,2.594984,0.537662,0.786757,0.653366,0.326437,0.971280,0.369323,16.879236
1766,1,1,1,13.147064,2.594302,0.542720,0.794031,0.657151,0.323840,0.973797,0.361465,19.545680
1767,1,1,1,13.601870,2.595292,0.536769,0.793218,0.651723,0.322129,0.971477,0.364886,19.983945
1768,1,1,1,10.516978,2.702542,0.541096,0.797348,0.654160,0.324573,0.971975,0.365520,17.026966
1769,0,1,0,13.597367,2.789699,0.541575,0.793273,0.657920,0.321305,0.973674,0.364382,20.190591
1770,1,1,1,11.323717,2.703293,0.555810,0.792590,0.661742,0.318018,0.956542,0.461582,18.037944
1771,0,1,1,13.670548,2.694542,0.541132,0.910824,0.671686,0.324849,0.969532,0.364652,20.303846
1772,1,1,1,11.401058,2.594062,0.543544,0.921378,0.778431,0.322991,0.958874,0.368633,18.043403
1773,1,1,1,13.489661,2.695723,0.545194,0.881071,0.670172,0.324548,0.972129,0.362056,20.096111
1774,1,1,1,10.726579,2.711372,0.543692,0.795784,0.654960,0.324400,0.973502,0.363569,17.247096
1775,1,1,1,10.844984,2.633852,0.626043,0.784461,0.656296,0.322800,0.970215,0.367138,17.356873
1776,1,1,1,12.976080,2.689138,0.545292,0.790110,0.657545,0.321767,0.967513,0.359896,19.459353
1777,1,1,1,10.631249,2.711803,0.541643,0.910984,0.664990,0.319865,0.968751,0.365988,17.269114
1778,1,1,1,10.682184,2.592400,0.545619,0.865896,0.721667,0.393760,0.962043,0.374862,17.292917
1779,1,1,1,13.266806,2.690769,0.543330,0.788917,0.659157,0.319342,1.058862,0.397581,19.877483
1780,1,1,1,13.541163,2.610148,0.540258,0.794049,0.660523,0.432769,0.976413,0.403963,20.124339
1781,1,1,1,11.699213,2.595988,0.533544,0.785108,0.655858,0.320382,0.965133,0.401710,18.108147
1782,0,1,0,13.755772,2.593532,0.539317,0.921059,0.671526,0.324123,0.972498,0.503840,20.435446
1783,1,1,1,11.238221,2.740541,0.572024,0.918578,0.702167,0.330787,0.973643,0.456197,18.138844
1784,1,1,0,14.247157,2.715458,0.603317,0.886665,0.754013,0.405077,0.972031,0.388523,21.132185
1785,1,1,1,12.024751,2.889698,0.575348,0.876850,0.716615,0.425896,0.974935,0.392658,19.037194
1786,1,1,1,11.394517,2.742253,0.541212,0.791243,0.772960,0.395354,0.975459,0.416941,18.203274
1787,1,1,1,12.386529,2.885723,0.553803,0.872271,0.757655,0.322185,0.974535,0.386560,19.301046
1788,1,1,1,13.802523,2.593274,0.545514,0.798554,0.655132,0.325096,0.960111,0.361821,20.195667
1789,1,1,1,10.487532,2.592591,0.656831,0.791360,0.657470,0.322702,0.972541,0.362652,16.993323
1790,1,1,1,11.478627,2.595212,0.540634,0.795071,0.654487,0.430560,0.972498,0.362646,17.978172
1791,0,1,0,13.490375,2.591163,0.541514,0.787360,0.653403,0.336991,0.974640,0.369175,20.002516
1792,1,1,1,11.021674,2.590887,0.543416,0.795317,0.659575,0.326843,0.972904,0.367249,17.426954
1793,1,1,0,13.569539,2.595046,0.536923,0.788701,0.657520,0.321575,0.973391,0.368406,19.960739
1794,1,1,1,10.426529,2.694898,0.545335,0.797489,0.660813,0.328473,0.974467,0.366142,16.945582
1795,0,1,0,13.284123,2.702351,0.548640,0.787059,0.657988,0.325723,0.971883,0.365630,19.794209
1796,1,1,1,10.779735,2.595157,0.621243,0.793409,0.657360,0.320819,0.975643,0.360806,17.253255
1797,1,1,1,11.493741,2.588184,0.541212,0.787016,0.660474,0.440228,0.976289,0.384456,18.022056
1798,1,1,1,10.523532,2.593305,0.541286,0.797280,0.662351,0.328240,0.964147,0.365237,16.926818
1799,1,1,1,13.364406,2.595102,0.542486,0.791304,0.657120,0.323852,0.968351,0.359600,19.750154
1800,1,1,0,11.953477,2.590751,0.550941,0.794757,0.658252,0.326092,0.970554,0.363588,18.358197
1801,1,1,1,10.933157,2.728093,0.544012,0.794073,0.656621,0.323366,0.970972,0.359680,17.459108
1802,0,1,0,13.035373,2.686898,0.545625,0.801680,0.656308,0.323009,0.972000,0.366653,19.538732
1803,1,1,1,10.403354,2.591452,0.543194,0.785452,0.658609,0.324985,0.959323,0.388505,16.807145
1804,1,1,1,11.971237,2.593753,0.540622,0.791021,0.658868,0.321385,0.964972,0.362036,18.351434
1805,1,1,1,13.049249,2.598929,0.539452,0.803606,0.655391,0.325964,0.970221,0.367175,19.459600
1806,1,1,1,10.481600,2.697502,0.544972,0.798400,0.654911,0.325778,0.973901,0.361582,16.990984
1807,0,1,0,13.437988,2.688468,0.546622,0.783212,0.659372,0.321790,0.970031,0.359335,19.917114
1808,1,1,1,10.682739,2.593563,0.541987,0.918135,0.665089,0.323723,0.965323,0.362984,17.206376
1809,1,1,1,9.111939,2.592437,0.542393,0.787588,0.662726,0.324991,0.973053,0.366339,15.511563
1810,1,1,1,10.479569,2.706708,0.533495,0.791939,0.657606,0.325969,0.974954,0.366043,16.989748
1811,1,1,1,11.528209,2.592954,0.659883,0.795433,0.656979,0.325877,0.969027,0.358837,18.033852
1812,1,1,1,10.517914,2.593963,0.541649,0.789298,0.658093,0.325717,0.963760,0.376104,16.919920
1813,1,1,1,10.348111,2.596160,0.536800,0.789723,0.656726,0.319065,0.970677,0.363101,16.725367
1814,1,1,1,12.696142,2.595926,0.535988,0.798696,0.660616,0.323427,0.970504,0.359225,19.092449
1815,1,1,1,11.422849,2.702566,0.545090,0.787126,0.657200,0.323409,0.970603,0.362732,17.922215
1816,1,1,1,10.464203,2.594443,0.536425,0.797545,0.656769,0.431914,0.977994,0.374966,16.989176
1817,1,1,1,11.463151,2.595262,0.539526,0.790049,0.660031,0.324936,0.969446,0.363317,17.856905
1818,1,1,1,10.605858,2.592295,0.542345,0.795803,0.662221,0.325415,0.959828,0.361895,16.994825
1819,1,1,1,13.399877,2.597200,0.541969,0.792991,0.658886,0.326800,0.971120,0.359015,19.798130
1820,1,1,1,11.452203,2.694370,0.543021,0.787317,0.660824,0.322664,0.961698,0.361341,17.937046
1821,1,1,1,11.006548,2.593145,0.540517,0.788855,0.794893,0.324683,0.973046,0.365896,17.542529
1822,0,1,0,13.564788,2.589643,0.543003,0.796382,0.762160,0.324314,0.971680,0.361476,20.068172
1823,1,1,1,10.424732,2.594825,0.534855,0.790529,0.657280,0.319760,0.971643,0.358320,16.801335
1824,1,1,1,10.419058,2.702886,0.544240,0.791803,0.659514,0.326690,0.969889,0.360861,16.927206
1825,1,1,1,10.970689,2.594683,0.657385,0.796486,0.659895,0.327735,0.969600,0.362640,17.489631
1826,1,1,1,10.534498,2.588892,0.540696,0.793089,0.656000,0.328424,0.969766,0.413286,16.979366
1827,1,1,1,10.464825,2.594726,0.539735,0.788874,0.656726,0.325587,0.971446,0.362006,16.855951
1828,1,1,1,13.361760,2.592049,0.539268,0.793699,0.655514,0.324837,0.959458,0.364898,19.742652
1829,1,1,0,12.573163,2.602209,0.547631,0.787219,0.657846,0.326443,0.970197,0.359539,18.974529
1830,1,1,1,13.279982,2.687649,0.544867,0.797409,0.654984,0.322843,0.974707,0.364056,19.778517
1831,1,1,1,10.403650,2.597379,0.544880,0.916763,0.661440,0.324283,0.974148,0.361298,16.935206
1832,1,1,1,13.260277,2.592240,0.540597,0.908659,0.662031,0.322843,0.974456,0.362111,19.776000
1833,1,1,1,13.220972,2.593114,0.535821,0.903607,0.658092,0.327182,0.970972,0.361624,19.722689
1834,1,1,1,10.533360,2.589809,0.540030,0.793335,0.659501,0.323064,0.972154,0.362197,16.923865
1835,0,1,0,13.297550,2.595693,0.539280,0.794123,0.651637,0.323662,0.971607,0.366252,19.693181
1836,1,1,1,11.358985,2.594142,0.542333,0.785046,0.655040,0.319256,0.973643,0.366862,17.746259
1837,1,1,0,13.562037,2.594616,0.536117,0.789403,0.651853,0.325520,0.968856,0.365877,19.942462
1838,1,1,1,9.178043,2.593225,0.625704,0.830468,0.671034,0.328425,0.969859,0.365434,15.716757
1839,1,1,1,11.008720,2.594173,0.547859,0.799655,0.654997,0.324972,0.967987,0.398720,17.447588
1840,1,1,1,10.443526,2.592246,0.542197,0.795483,0.655175,0.325311,0.973225,0.363563,16.841385
1841,1,1,1,10.488209,2.720707,0.541360,0.787809,0.653305,0.325883,0.968856,0.368234,17.003582
1842,1,1,1,11.018824,2.594486,0.537588,0.801797,0.762049,0.322917,0.960467,0.364560,17.518203
1843,1,1,1,10.400886,2.591790,0.539920,0.787470,0.656911,0.325557,0.966616,0.360166,16.778369
1844,1,1,1,10.432511,2.709908,0.543237,0.787391,0.654215,0.321828,0.961773,0.367336,16.934332
1845,1,1,1,13.204074,2.686117,0.545625,0.786972,0.655508,0.326043,0.970185,0.363477,19.687742
1846,1,1,1,11.461545,2.677342,0.546093,0.792283,0.650339,0.315754,0.973649,0.364640,17.935132
1847,0,1,0,13.048683,2.593182,0.654603,0.796486,0.659385,0.319384,0.968363,0.365969,19.558868
1848,1,1,1,10.464455,2.591994,0.539711,0.794548,0.649932,0.325261,1.007815,0.409698,16.935957
1849,0,1,0,13.577944,2.596646,0.538252,0.791262,0.658793,0.327175,0.970794,0.401065,20.014843
1850,1,1,1,10.028659,2.591532,0.547298,0.798486,0.659046,0.322973,0.970960,0.363169,16.431920
1851,1,1,1,9.132843,2.589095,0.541650,0.921581,0.665914,0.327207,0.972535,0.360849,15.662855
1852,1,1,1,10.518387,2.590701,0.541711,0.796498,0.651735,0.324904,0.972720,0.365022,16.912714
1853,1,1,0,13.499397,2.593182,0.541477,0.794357,0.651889,0.323329,0.973489,0.366246,19.893809
1854,1,1,1,13.174671,2.588141,0.540628,0.789944,0.662615,0.323747,0.970523,0.368819,19.568419
1855,1,1,1,10.515182,2.627957,0.543378,0.794160,0.655809,0.325674,0.970979,0.362050,16.957711
1856,1,1,1,10.551255,2.592572,0.650954,0.788738,0.659551,0.324886,0.975156,0.368517,17.067256
1857,1,1,1,13.237950,2.595545,0.650615,0.796831,0.653791,0.325083,0.971760,0.364456,19.747957
1858,1,1,1,10.559852,2.594585,0.540179,0.782726,0.660732,0.324056,1.015477,0.404578,17.035230
1859,1,1,1,11.182153,2.592714,0.542868,0.790486,0.658326,0.325705,0.971545,0.363311,17.578381
1860,1,1,1,10.512117,2.697170,0.544461,0.793181,0.656560,0.322062,0.974394,0.365458,17.017034
1861,0,1,1,12.206572,2.712579,0.549735,0.790770,0.654215,0.322935,0.972111,0.367545,18.728455
1862,1,1,1,10.569058,2.592856,0.540320,0.793908,0.656498,0.323791,0.966480,0.382283,16.977372
1863,0,1,0,13.438018,2.588867,0.543963,0.785015,0.652843,0.322504,0.973305,0.385022,19.837625
1864,1,1,1,13.315323,2.594031,0.539028,0.788418,0.662381,0.318825,0.971274,0.386837,19.730110
1865,1,1,1,12.968154,2.593551,0.539403,0.786124,0.656542,0.322812,0.972511,0.459803,19.450172
1866,1,1,1,10.407613,2.594591,0.535046,0.791009,0.656326,0.324622,0.958745,0.365200,16.785157
1867,1,1,1,10.480867,2.688597,0.546400,0.787612,0.658043,0.327877,0.973933,0.363692,16.977009
1868,1,1,1,9.191274,2.591790,0.538148,0.799046,0.657895,0.325779,0.963803,0.361126,15.584037
1869,1,1,1,10.504031,2.593870,0.533711,0.790665,0.659772,0.328689,0.968566,0.363145,16.892111
1870,1,1,1,13.466172,2.594320,0.543403,0.794818,0.658394,0.322068,0.967422,0.364240,19.861600
1871,1,1,1,11.438369,2.711963,0.540627,0.789527,0.655372,0.324356,0.972837,0.355182,17.940123
1872,1,1,1,11.465299,2.595453,0.545520,0.908080,0.664209,0.318898,0.973858,0.363409,17.988733
1873,1,1,1,10.890320,2.595126,0.546185,0.787724,0.658172,0.329108,0.969618,0.460984,17.389538
1874,1,1,1,10.576338,2.595052,0.542985,0.795311,0.652824,0.326751,0.959631,0.359354,16.958308
1875,1,1,1,11.020529,2.696209,0.538394,0.787643,0.656579,0.325046,0.973446,0.357846,17.507059
1876,1,1,1,13.305372,2.709674,0.537865,0.787330,0.656209,0.320898,0.977760,0.360745,19.810166
1877,1,1,1,10.507932,2.590905,0.545754,0.788683,0.659471,0.416025,0.972018,0.368326,16.998511
1878,1,1,1,11.246160,2.587569,0.538591,0.790314,0.659865,0.323003,0.972468,0.360295,17.626813
1879,1,1,1,13.313379,2.592357,0.534855,0.790259,0.658689,0.321662,0.971717,0.362430,19.695071
1880,1,1,1,13.444640,2.593040,0.536363,0.788055,0.654111,0.324105,0.971372,0.360615,19.821852
1881,0,1,1,13.351581,2.592178,0.539027,0.790732,0.661896,0.328627,0.974123,0.368025,19.755256
1882,1,1,1,10.999710,2.715526,0.544473,0.793926,0.650818,0.325846,0.975188,0.366277,17.523169
1883,1,1,1,13.310836,2.688670,0.543009,0.793157,0.656160,0.324087,0.971754,0.361649,19.800929
1884,1,1,1,11.631335,2.724221,0.553483,0.794708,0.660843,0.320628,0.972437,0.359489,18.169994
1885,1,1,1,13.437994,2.691452,0.547292,0.784708,0.651760,0.323317,0.961274,0.360498,19.908197
1886,1,1,1,10.547329,2.592153,0.538111,0.799022,0.654197,0.438098,0.972788,0.383397,17.078979
1887,1,1,1,12.981778,2.593157,0.539280,0.793058,0.658578,0.325372,0.966708,0.399034,19.410419
1888,1,1,1,10.440332,2.593354,0.543077,0.796086,0.656437,0.324135,0.973151,0.364486,16.842818
1889,1,1,1,10.893969,2.697957,0.543316,0.796480,0.661618,0.325939,0.974190,0.360572,17.404019
1890,1,1,1,13.270412,2.690018,0.544086,0.795151,0.655582,0.326960,0.959447,0.361896,19.758252
1891,1,1,1,11.420701,2.595816,0.545520,0.897145,0.659532,0.321520,0.969311,0.360160,17.917385
1892,0,1,0,13.046646,2.594868,0.536720,0.909661,0.660935,0.324252,0.963311,0.362973,19.552868
1893,1,1,1,13.060400,2.594172,0.541053,0.789274,0.676868,0.322289,0.970529,0.359693,19.554277
1894,1,1,1,10.453342,2.590424,0.542849,0.795495,0.655766,0.322049,0.971396,0.362978,16.847834
1895,1,1,1,11.566603,2.592867,0.538770,0.790818,0.653944,0.327107,0.970954,0.363040,17.955188
1896,1,1,1,13.365649,2.592179,0.540954,0.791588,0.659594,0.322123,0.971126,0.362129,19.756456
1897,1,1,1,13.428105,2.594806,0.540431,0.791182,0.653170,0.324031,0.972837,0.363126,19.815975
1898,0,1,0,13.685502,2.595335,0.538339,0.800720,0.660966,0.326664,0.959625,0.365458,20.084000
1899,1,1,1,10.467096,2.692012,0.542480,0.780787,0.657416,0.326590,0.974117,0.364541,16.956536
1900,1,1,1,13.244966,2.712425,0.545815,0.791612,0.654689,0.323963,0.972111,0.369914,19.765570
1901,1,1,1,10.898338,2.593883,0.541926,0.791403,0.653723,0.440689,0.977686,0.384978,17.433858
1902,0,1,0,13.282455,2.592487,0.543766,0.797760,0.658277,0.327163,0.997748,0.392634,19.820474
1903,1,1,1,10.416369,2.590597,0.538289,0.794258,0.651902,0.322357,0.970997,0.363286,16.798351
1904,1,1,1,10.448942,2.700492,0.544344,0.793151,0.656782,0.324130,0.971717,0.360997,16.953828
1905,1,1,1,10.504640,2.592917,0.543772,0.791883,0.767600,0.323089,0.972369,0.364061,17.010905
1906,0,1,0,13.728640,2.594141,0.539415,0.905114,0.665163,0.323366,0.960732,0.365305,20.234073
1907,1,1,1,13.340295,2.595815,0.537772,0.902314,0.664880,0.324659,0.974935,0.364781,19.855256
1908,1,1,1,11.528430,2.589433,0.545182,0.795009,0.661477,0.316418,0.963661,0.387526,17.939926
1909,1,1,1,10.989169,2.594037,0.537083,0.792806,0.658227,0.323440,0.971883,0.362333,17.378412
1910,1,1,1,12.364382,2.594160,0.538862,0.792375,0.657335,0.325514,0.969101,0.364296,18.758056
1911,1,1,1,12.620695,2.687470,0.549144,0.793865,0.653939,0.322314,0.970862,0.364197,19.112511
1912,1,1,1,13.178751,2.685637,0.545822,0.800431,0.656615,0.321631,0.972929,0.362720,19.676461
1913,1,1,1,11.412098,2.589705,0.678394,0.797747,0.658610,0.320788,0.971655,0.361907,17.938646
1914,1,1,1,11.049631,2.593101,0.544130,0.795070,0.660388,0.327009,1.046221,0.394818,17.564290
1915,1,1,1,11.109877,2.594695,0.537458,0.792167,0.657200,0.326425,0.971570,0.365261,17.502554
1916,1,1,1,10.368197,2.700056,0.542136,0.793114,0.662659,0.324104,0.970973,0.364388,16.878400
1917,1,1,1,10.813810,2.594301,0.538647,0.807563,0.661600,0.327132,0.971286,0.366087,17.320173
1918,1,1,1,10.568972,2.596418,0.541114,0.794030,0.660197,0.324597,0.976289,0.473415,17.088000
1919,1,1,1,10.479250,2.595908,0.538615,0.785754,0.656431,0.325932,0.970141,0.361822,16.861453
1920,1,1,1,13.421144,2.596499,0.539034,0.789453,0.654960,0.326339,0.974363,0.361883,19.811736
1921,0,1,1,13.390597,2.596376,0.536541,0.787434,0.656259,0.322547,0.972166,0.365693,19.776000
1922,1,1,1,10.515883,2.689637,0.545533,0.798068,0.660873,0.320671,0.962714,0.365945,17.010301
1923,1,1,1,13.226449,2.711353,0.542609,0.792289,0.655003,0.319440,0.972707,0.362117,19.732560
1924,1,1,1,13.478732,2.687877,0.545341,0.795194,0.654819,0.324197,0.961298,0.368049,19.968960
1925,1,1,1,10.417341,2.592880,0.540024,0.787754,0.658443,0.325182,0.966578,0.392338,16.830259
1926,0,1,0,13.462467,2.589557,0.544560,0.793766,0.660548,0.330492,0.972714,0.407440,19.916363
1927,1,1,1,13.223711,2.592744,0.542720,0.793772,0.658227,0.325698,0.967064,0.396529,19.652215
1928,1,1,1,10.561422,2.595323,0.538566,0.793637,0.653022,0.326394,0.974628,0.364757,16.958393
1929,1,1,1,12.161317,2.696197,0.543514,0.794456,0.655194,0.324696,0.970942,0.361237,18.658720
1930,1,1,0,13.461120,2.707569,0.541797,0.796615,0.661576,0.326511,0.976191,0.364498,19.989544
1931,1,1,1,12.436830,2.697138,0.542369,0.789108,0.656874,0.322210,0.973360,0.366209,18.935833
1932,1,1,1,10.991514,2.588573,0.540110,0.891255,0.663816,0.320492,0.975341,0.364812,17.488061
1933,1,1,1,12.204874,2.593877,0.538665,0.794203,0.656936,0.415766,0.975655,0.374209,18.701028
1934,1,1,1,11.463237,2.590160,0.544474,0.791089,0.651588,0.325403,0.972609,0.365200,17.854215
1935,1,1,1,11.042313,2.591181,0.541821,0.791207,0.652505,0.321163,0.971433,0.364024,17.427286
1936,1,1,1,12.303273,2.715544,0.540751,0.784880,0.654074,0.322203,0.976240,0.363286,18.812893
1937,1,1,1,11.530339,2.684369,0.537618,0.788179,0.662252,0.321748,0.974659,0.361994,18.009687
1938,1,1,1,10.567594,2.593606,0.546148,0.791188,0.659181,0.323391,0.969785,0.403102,17.006148
1939,1,1,1,11.336634,2.594234,0.536855,0.794246,0.660800,0.326234,0.971470,0.361465,17.734843
1940,1,1,1,10.425594,2.809212,0.541717,0.795120,0.655274,0.324916,0.975526,0.365963,17.048437
1941,1,1,1,9.155600,2.595501,0.535773,0.793969,0.660499,0.428579,0.974351,0.370240,15.665778
1942,1,1,0,13.600671,2.594099,0.541305,0.794381,0.751268,0.326701,0.960104,0.370418,20.093434
1943,1,1,0,13.456523,2.592486,0.538375,0.794781,0.749981,0.326788,0.974776,0.367735,19.955993
1944,1,1,1,11.394179,2.593785,0.542793,0.792407,0.656247,0.325188,0.969169,0.364659,17.787114
1945,1,1,1,10.557465,2.594849,0.538978,0.790227,0.652714,0.327084,0.969951,0.368511,16.949908
1946,1,1,1,11.438880,2.710972,0.542714,0.793218,0.654972,0.324043,0.971785,0.362671,17.950831
1947,1,1,1,13.332196,2.692695,0.542425,0.784665,0.655108,0.325403,0.967470,0.359649,19.811452
1948,1,1,1,13.125570,2.688363,0.543902,0.789016,0.658314,0.323884,0.959028,0.359200,19.600351
1949,1,1,1,13.259151,2.710923,0.541175,0.782061,0.659957,0.323483,0.971366,0.361705,19.761483
1950,1,1,1,10.409969,2.587022,0.543477,0.780978,0.661889,0.328068,0.967348,0.398695,16.828345
1951,1,1,1,13.358597,2.594690,0.535225,0.790025,0.660062,0.323680,0.966043,0.398529,19.778517
1952,1,1,1,13.318443,2.590462,0.540104,0.794948,0.657550,0.325163,0.976080,0.398745,19.753243
1953,1,1,1,10.386868,2.595206,0.539625,0.789637,0.655139,0.325557,0.974413,0.364560,16.779612
1954,1,1,1,11.185378,2.695815,0.544935,0.785982,0.655218,0.322819,0.963865,0.365169,17.671914
1955,1,1,1,10.407631,2.596843,0.537760,0.790455,0.762892,0.328683,0.967951,0.368074,16.913335
1956,1,1,1,11.221040,2.590461,0.540793,0.785883,0.651957,0.324407,0.973791,0.359655,17.597526
1957,1,1,1,10.509533,2.596129,0.542560,0.786800,0.655889,0.322000,0.971187,0.361428,16.892554
1958,1,1,1,9.218578,2.596486,0.542240,0.908726,0.682634,0.322136,0.974658,0.364745,15.766191
1959,1,1,1,10.971224,2.592339,0.537040,0.784874,0.660874,0.322745,0.968984,0.472449,17.457594
1960,1,1,1,13.298037,2.593170,0.538313,0.790394,0.657034,0.328087,0.975323,0.362400,19.695261
1961,1,1,1,11.445600,2.595526,0.539822,0.790911,0.657489,0.325113,0.970591,0.365686,17.841458
1962,1,1,1,11.306296,2.698554,0.544739,0.787120,0.655323,0.324831,0.960135,0.362492,17.793699
1963,1,1,1,10.429951,2.594086,0.539778,0.912516,0.666382,0.322364,0.974781,0.369853,16.960893
1964,0,1,0,13.334271,2.591237,0.545446,0.888025,0.671483,0.328689,0.961034,0.364899,19.837293
1965,1,1,1,10.385385,2.593107,0.542117,0.789625,0.660591,0.323994,0.970130,0.364787,16.779378
1966,0,1,0,12.140849,2.593674,0.540732,0.791575,0.651785,0.324308,0.962110,0.366455,18.523612
1967,1,1,1,11.047009,2.691563,0.537926,0.790197,0.652037,0.324142,0.970419,0.360087,17.522738
1968,1,1,1,11.236388,2.589778,0.647323,0.797335,0.661384,0.326910,0.972449,0.365926,17.748523
1969,1,1,1,10.500517,2.594486,0.539877,0.790929,0.657483,0.329742,1.013434,0.400012,16.981477
1970,1,1,1,13.467372,2.602419,0.547274,0.790141,0.660486,0.326812,0.970757,0.400190,19.919151
1971,1,1,0,11.722246,2.590744,0.541083,0.789391,0.662960,0.324080,0.969680,0.364529,18.116006
1972,1,1,1,13.158966,2.591803,0.543674,0.794683,0.657716,0.324499,0.962265,0.365575,19.549446
1973,1,1,1,10.511582,2.696289,0.544135,0.787550,0.655471,0.324265,0.968209,0.364116,17.000554
1974,1,1,1,13.391729,2.709416,0.548917,0.798338,0.659138,0.323397,0.974062,0.357446,19.920080
1975,0,1,0,13.684437,2.692056,0.538696,0.792110,0.658049,0.324074,0.973108,0.363003,20.176830
1976,1,1,1,12.603643,2.696504,0.543188,0.794160,0.658393,0.320573,0.959323,0.363779,19.091668
1977,1,1,1,10.426701,2.590862,0.537945,0.787582,0.656603,0.417083,0.972972,0.368572,16.907594
1978,1,1,1,13.184393,2.595107,0.537932,0.792898,0.655427,0.409539,0.977532,0.376437,19.685668
1979,1,1,1,10.494640,2.591262,0.535827,0.790597,0.655410,0.323778,0.970633,0.363083,16.874424
1980,1,1,1,11.194529,2.683274,0.544769,0.789501,0.659409,0.320548,0.972979,0.363785,17.682308
1981,1,1,1,10.895034,2.587938,0.657784,0.792579,0.660713,0.327655,0.970129,0.363963,17.406062
1982,1,1,1,10.989692,2.592104,0.544178,0.794024,0.653729,0.324388,0.963003,0.396628,17.409674
1983,1,1,1,10.353188,2.592960,0.538935,0.792252,0.659594,0.323286,0.973736,0.368050,16.752166
1984,1,1,1,13.389310,2.595225,0.540892,0.793963,0.657182,0.324929,0.970290,0.365920,19.789588
1985,0,1,0,14.086708,2.592400,0.542418,0.787944,0.659206,0.326480,0.974597,0.367680,20.485902
1986,1,1,1,13.365975,2.590135,0.541563,0.790628,0.654886,0.325508,0.959372,0.365015,19.743661
1987,0,1,0,13.522800,2.591292,0.539723,0.788197,0.653981,0.325071,0.969864,0.366726,19.906480
1988,1,1,1,11.356043,2.724437,0.543206,0.787335,0.653655,0.326511,0.961963,0.364813,17.870289
1989,1,1,1,11.041840,2.590621,0.642412,0.791735,0.659070,0.323680,0.959397,0.359600,17.516234
1990,1,1,1,10.462369,2.592584,0.539840,0.798936,0.660713,0.320744,0.984732,0.382147,16.893255
1991,1,1,1,11.368984,2.594867,0.539132,0.790622,0.654824,0.325194,0.974819,0.369064,17.768449
1992,1,1,1,10.422707,2.715292,0.542314,0.798658,0.652935,0.325089,0.975132,0.366535,16.949262
1993,1,1,1,10.521489,2.590406,0.543902,0.792517,0.780991,0.322572,0.972991,0.366898,17.043250
1994,1,1,1,13.277274,2.596677,0.541489,0.795366,0.782307,0.323409,0.977237,0.365982,19.814954
1995,0,1,0,13.527711,2.594855,0.540105,0.789741,0.800363,0.324510,0.969551,0.364498,20.064253
1996,1,1,1,13.263058,2.590960,0.542252,0.794289,0.789963,0.322074,0.963754,0.367138,19.787268
1997,1,1,1,11.616425,2.592671,0.536622,0.783816,0.657673,0.326763,1.038812,0.427471,18.135428
1998,1,1,1,13.291846,2.589126,0.542123,0.793207,0.659065,0.328868,0.971317,0.501317,19.830744
1999,1,1,1,13.218745,2.593477,0.537926,0.790117,0.657508,0.325354,0.976264,0.461717,19.715864
2000,1,1,1,10.396504,2.594344,0.541827,0.793188,0.659354,0.326357,0.974314,0.362080,16.799815
2001,1,1,1,11.621766,2.815188,0.546954,0.792308,0.651410,0.321391,0.963347,0.361274,18.224738
2002,0,1,0,14.410837,2.595003,0.533286,0.793452,0.659994,0.316701,0.959895,0.357619,20.776092
2003,1,1,1,10.538277,2.589224,0.662044,0.786904,0.658486,0.323779,0.973274,0.367563,17.049865
2004,1,1,1,13.349994,2.595594,0.644794,0.794683,0.652781,0.320646,0.971889,0.362911,19.844572
2005,1,1,1,13.334006,2.591951,0.638037,0.792012,0.660751,0.325464,0.971593,0.363433,19.826794
2006,1,1,1,10.561951,2.592357,0.537612,0.790209,0.658037,0.320782,0.976092,0.388751,16.978898
2007,1,1,1,11.757680,2.597440,0.542677,0.786450,0.653729,0.323538,0.975145,0.363938,18.149323
2008,1,1,1,11.581956,2.592628,0.540683,0.790843,0.653133,0.322936,0.971059,0.363643,17.967089
2009,0,1,0,13.589778,2.594172,0.532357,0.793846,0.664893,0.323785,0.972141,0.358111,19.982393
2010,1,1,1,13.365976,2.591680,0.539009,0.798781,0.659028,0.322056,0.970936,0.365422,19.764714
2011,1,1,1,12.510036,2.708418,0.545501,0.787729,0.662369,0.325335,0.973231,0.357631,19.022049
2012,1,1,1,11.488431,2.593618,0.655532,0.796627,0.656209,0.321834,0.960376,0.362708,17.989384
2013,1,1,1,12.955587,2.594616,0.626043,0.802733,0.660117,0.323200,0.973016,0.365791,19.456979
2014,0,1,0,13.537655,2.594554,0.684929,0.808129,0.665883,0.321594,0.972283,0.366216,20.107803
2015,1,1,1,10.414554,2.592671,0.540240,0.791280,0.655729,0.328695,1.053901,0.407982,16.937421
2016,1,1,1,12.754591,2.590911,0.543138,0.797662,0.658246,0.324616,0.958683,0.364400,19.143606
2017,1,1,1,10.585151,2.593015,0.540831,0.789225,0.659139,0.325951,0.969409,0.364203,16.979397
2018,1,1,1,11.491218,2.692462,0.546105,0.792769,0.659415,0.321895,0.973711,0.361224,17.991040
2019,1,1,1,13.303563,2.692468,0.539834,0.785428,0.660671,0.325207,0.970763,0.362375,19.791317
2020,1,1,1,10.570824,2.596431,0.534375,0.789163,0.662972,0.335477,0.975243,0.369262,17.072659
2021,1,1,1,9.128775,2.591828,0.540332,0.789372,0.656708,0.323576,0.971797,0.363587,15.513994
2022,1,1,1,10.431053,2.687674,0.538351,0.794591,0.658843,0.322184,0.974135,0.362006,16.919027
2023,1,1,1,13.086597,2.688738,0.542991,0.793544,0.656733,0.322055,0.968449,0.368056,19.578147
2024,1,1,1,13.245120,2.596794,0.670387,0.792221,0.661575,0.325870,0.967945,0.362370,19.774117
2025,1,1,1,10.500406,2.592831,0.540455,0.789176,0.654634,0.323230,0.970873,0.397126,16.922136
2026,1,1,1,10.403643,2.591317,0.540708,0.794542,0.657699,0.327249,0.972917,0.363083,16.799471
2027,1,1,1,10.982480,2.696505,0.540326,0.785016,0.657434,0.325028,0.971914,0.371268,17.482080
2028,1,1,1,10.547600,2.592615,0.537188,0.797341,0.776788,0.323052,0.972634,0.366203,17.065902
2029,1,1,1,12.668154,2.593545,0.542400,0.789317,0.662388,0.413347,0.961896,0.378289,19.158006
2030,1,1,0,13.441397,2.597804,0.537711,0.795231,0.658941,0.414757,0.976467,0.375065,19.948326
2031,1,1,1,10.411926,2.596468,0.535206,0.785760,0.657144,0.324836,0.967957,0.364640,16.792136
2032,1,1,1,13.308209,2.593643,0.540259,0.801957,0.654468,0.322560,0.958646,0.363970,19.693175
2033,0,1,1,13.372843,2.593427,0.536554,0.786628,0.654763,0.322129,0.969378,0.363366,19.745619
2034,1,1,1,10.412486,2.710867,0.543508,0.799360,0.655188,0.325071,0.973705,0.362295,16.936541
2035,1,1,1,12.583834,2.683883,0.547317,0.792363,0.656812,0.320905,0.971600,0.367298,19.071385
2036,1,1,1,13.187569,2.679218,0.589766,0.795582,0.659354,0.324714,0.974652,0.367366,19.737452
2037,1,1,1,13.428314,2.708578,0.556936,0.785237,0.658197,0.319261,0.975052,0.359083,19.944437
2038,1,1,1,10.542314,2.594800,0.532627,0.795680,0.658080,0.325859,0.960227,0.400129,16.962523
2039,1,1,0,13.356793,2.595981,0.538720,0.794867,0.654339,0.324290,0.966375,0.398819,19.784302
2040,1,1,1,10.455533,2.592511,0.540265,0.782597,0.659889,0.324437,0.969059,0.363218,16.838000
2041,1,1,1,13.781287,2.707951,0.605268,0.956800,0.746276,0.324431,1.005760,0.414449,20.711348
2042,1,1,1,11.697612,3.003470,0.629803,0.869538,0.753760,0.394714,0.971022,0.378966,18.860498
2043,1,1,1,14.424904,2.645803,0.598775,0.788467,0.665699,0.315003,0.962320,0.359353,20.915336
2044,1,1,1,13.526850,2.589988,0.536283,0.795157,0.658400,0.324314,0.970861,0.366788,19.918123
2045,1,1,1,10.550031,2.692726,0.541434,0.782997,0.653649,0.321095,0.972579,0.363674,17.030504
2046,1,1,1,10.470203,2.592080,0.539636,0.796997,0.787298,0.322203,0.969434,0.366382,16.997508
2047,0,1,1,13.371329,2.595200,0.543827,0.791329,0.794782,0.323508,0.960516,0.361095,19.894387
2048,1,1,1,10.451994,2.591096,0.539914,0.798111,0.659058,0.324185,0.968252,0.361846,16.845169
2049,0,1,0,13.455723,2.590536,0.544523,0.787668,0.655803,0.325249,0.960345,0.366603,19.837631
2050,1,1,1,13.408123,2.587052,0.544197,0.796437,0.655446,0.325139,0.957058,0.362493,19.789735
2051,1,1,1,10.425446,2.720418,0.538185,0.785096,0.660770,0.322880,0.971360,0.363661,16.939643
2052,1,1,1,10.394984,2.591175,0.544615,0.905760,0.665200,0.330062,0.959914,0.361261,16.906905
2053,0,1,0,13.153981,2.597797,0.538130,0.916757,0.669452,0.321022,0.969538,0.365225,19.682320
2054,1,1,1,10.628566,2.590658,0.540363,0.797139,0.657287,0.324418,0.965557,0.367760,17.023181
2055,1,1,0,13.253988,2.592954,0.537237,0.792523,0.655859,0.322726,0.973976,0.366418,19.649138
2056,1,1,1,11.571452,2.597053,0.538603,0.798024,0.654166,0.323618,0.963397,0.364634,17.962339
2057,1,1,1,10.457656,2.705846,0.541803,0.790794,0.656573,0.322369,0.972000,0.362640,16.960578
2058,1,1,1,10.434880,2.593317,0.542480,0.794597,0.656344,0.433637,0.978043,0.371422,16.956732
2059,1,1,1,10.348105,2.593797,0.534468,0.791907,0.655010,0.326505,0.975373,0.369218,16.744246
2060,1,1,1,10.458474,2.722326,0.539409,0.797489,0.657822,0.323957,0.972769,0.360954,16.984603
2061,1,1,1,13.087390,2.693452,0.544615,0.788333,0.650443,0.324068,0.960080,0.362234,19.563218
2062,0,1,0,13.347532,2.694819,0.544985,0.793655,0.657108,0.323384,0.969803,0.358967,19.842190
2063,0,1,0,13.262037,2.714240,0.538843,0.789643,0.657163,0.325649,0.969643,0.364308,19.775532
2064,1,1,1,10.559513,2.590714,0.536800,0.794092,0.772314,0.323994,0.969932,0.364499,17.064935
2065,1,1,1,11.187120,2.595563,0.539809,0.782043,0.655815,0.326597,0.973612,0.364006,17.575360
2066,1,1,1,13.404837,2.595224,0.541619,0.800893,0.656690,0.330283,0.958855,0.364794,19.803027
2067,1,1,1,12.923760,2.595176,0.541692,0.786357,0.655175,0.325003,0.974018,0.370775,19.323674
2068,1,1,1,11.459071,2.592153,0.536462,0.796191,0.656049,0.325194,0.970566,0.366800,17.854012
2069,1,1,1,11.579410,2.687059,0.543520,0.791742,0.651760,0.322012,0.971422,0.366597,18.066363
2070,1,1,1,10.510418,2.622068,0.550904,0.793693,0.794455,0.322388,0.961255,0.367139,17.083791
2071,1,1,1,13.252781,2.597348,0.543501,0.789329,0.787594,0.328289,0.971588,0.370775,19.794898
2072,1,1,1,10.535643,2.592037,0.538880,0.796781,0.653729,0.323489,0.970517,0.363323,16.927218
2073,1,1,1,10.425212,2.727434,0.547674,0.787200,0.657613,0.325384,0.970511,0.367883,16.960376
2074,1,1,1,13.340363,2.692240,0.542456,0.805988,0.662923,0.325717,0.974344,0.366523,19.860585
2075,1,1,1,10.471773,2.595256,0.543588,0.910991,0.663520,0.325286,0.972437,0.359526,16.995058
2076,1,1,1,10.555545,2.595680,0.537188,0.793742,0.655864,0.324615,0.976086,0.477138,17.069680
2077,1,1,1,10.496271,2.592652,0.537649,0.785489,0.653502,0.319095,0.975914,0.362585,16.868886
2078,1,1,1,11.689028,2.686147,0.541003,0.803077,0.661618,0.322073,0.971840,0.358456,18.184911
2079,1,1,1,13.118419,2.682738,0.542000,0.790455,0.655594,0.325428,0.966080,0.365416,19.597046
2080,1,1,1,10.581920,2.592080,0.540579,0.795526,0.780277,0.324553,0.970406,0.365705,17.106006
2081,1,1,1,13.121028,2.594308,0.541373,0.791095,0.730960,0.335409,0.976252,0.366492,19.624387
2082,1,1,0,13.443637,2.589323,0.542412,0.796160,0.757957,0.334240,0.972147,0.362363,19.963545
2083,1,1,1,11.478985,2.592665,0.536296,0.794763,0.659040,0.322111,0.960499,0.364394,17.859237
2084,0,1,0,13.677003,2.590929,0.544788,0.794296,0.658646,0.323083,0.971612,0.361889,20.071988
2085,1,1,1,11.170012,2.595477,0.536486,0.792597,0.653692,0.325101,0.972099,0.366566,17.560295
2086,1,1,1,10.534172,2.713834,0.541323,0.794861,0.658265,0.321576,0.971545,0.360019,17.046529
2087,1,1,1,10.501440,2.593219,0.540006,0.798806,0.652044,0.345508,0.961606,0.372461,17.003717
2088,1,1,1,10.538307,2.592173,0.541963,0.790670,0.653157,0.330197,0.975188,0.363717,16.936886
2089,1,1,1,9.079982,2.707914,0.540363,0.792019,0.662350,0.320856,0.971606,0.363791,15.592437
2090,1,1,1,11.260733,2.592333,0.542227,0.794043,0.759711,0.324732,0.974892,0.365157,17.767378
2091,1,1,0,13.424037,2.593877,0.537292,0.796966,0.767268,0.329372,0.975391,0.367372,19.943951
2092,1,1,1,12.458425,2.598227,0.539280,0.792806,0.659194,0.326732,0.966437,0.385348,18.878111
2093,1,1,1,10.495299,2.598984,0.536419,0.785495,0.654554,0.323188,0.971065,0.359698,16.874843
2094,0,1,0,13.341187,2.596474,0.542536,0.796086,0.658166,0.323884,0.973033,0.363796,19.745655
2095,1,1,1,10.852530,2.691206,0.545237,0.789385,0.655563,0.324424,0.970406,0.365754,17.345231
2096,1,1,1,11.018123,2.596259,0.537372,0.928788,0.664222,0.324615,0.972443,0.364701,17.558609
2097,1,1,1,10.497920,2.595760,0.540782,0.786744,0.657594,0.326067,0.972893,0.363544,16.889477
2098,1,1,1,13.624622,2.848050,0.599766,0.999335,0.813127,0.408332,0.980394,0.516338,20.983360
2099,1,1,1,14.716394,2.756474,0.642954,1.055902,0.814732,0.378498,0.988099,0.481206,22.039452
2100,1,1,1,14.106541,2.724086,0.556695,0.808751,0.680658,0.324302,0.975760,0.381200,20.718098
2101,1,1,1,10.742013,2.613453,0.560104,0.798695,0.673816,0.329587,1.073194,0.417409,17.363883
2102,1,1,1,9.759705,2.675323,0.560769,0.806154,0.677415,0.324517,0.963163,0.384049,16.308388
2103,0,1,0,14.858634,2.809526,0.656068,0.999040,0.834216,0.379907,0.994683,0.622369,22.342560
2104,1,1,1,14.368788,2.786357,0.636769,0.927452,0.760344,0.489139,0.975170,0.451895,21.587144
2105,1,1,1,11.201753,2.606769,0.546388,0.795754,0.664154,0.327581,0.968006,0.386794,17.648874
2106,0,1,0,13.731422,2.604406,0.594850,0.924825,0.765926,0.323231,0.968984,0.542855,20.625698
2107,1,1,1,15.750923,2.618074,0.551219,0.926732,0.851668,0.398886,0.988246,0.546412,22.821145
2108,1,1,1,14.837409,2.942387,0.642228,0.988708,0.874252,0.414720,0.991957,0.520689,22.419415
2109,1,1,1,10.463114,2.857890,0.631742,1.176627,0.830591,0.370942,0.995385,0.528991,18.077557
2110,1,1,1,15.002763,3.031828,0.635250,0.857200,0.731274,0.359993,0.984960,0.460794,22.239858
2111,1,1,1,10.484301,2.595730,0.539390,0.990000,0.677059,0.325970,0.973373,0.363083,17.102738
2112,1,1,1,13.109532,2.595360,0.548086,0.914074,0.664622,0.321336,0.970622,0.366997,19.645200
2113,1,1,1,11.637938,2.593311,0.540197,0.792061,0.655028,0.323009,0.964099,0.422449,18.081138
2114,1,1,1,12.525502,2.595471,0.546658,0.794474,0.660990,0.326511,0.975834,0.484283,19.059120
2115,1,1,1,13.260536,2.590172,0.541200,0.786836,0.650018,0.326179,0.972572,0.453126,19.744117
2116,1,1,1,13.328917,2.593415,0.540633,0.795927,0.656738,0.323803,0.972197,0.367471,19.730997
2117,1,1,1,13.233280,2.593224,0.534265,0.786068,0.654517,0.322474,0.971163,0.363440,19.607256
2118,1,1,1,10.442640,2.624603,0.548056,0.796855,0.659280,0.322861,0.976068,0.357575,16.887606
2119,1,1,1,10.384258,2.592049,0.670947,0.796086,0.663354,0.325624,0.960843,0.366523,16.911470
2120,1,1,1,11.485194,2.593587,0.545003,0.801145,0.657932,0.428505,0.973113,0.385785,18.021489
2121,1,1,1,13.059077,2.589993,0.540462,0.791076,0.653784,0.322782,0.961181,0.400117,19.470806
2122,1,1,1,11.409385,2.592572,0.538997,0.795064,0.656610,0.328092,0.971939,0.360732,17.804554
2123,0,1,1,11.377908,2.592566,0.540073,0.790984,0.659662,0.326696,0.962357,0.433704,17.836659
2124,1,1,1,11.288818,2.716947,0.542252,0.793427,0.653064,0.323730,0.975730,0.362548,17.808769
2125,1,1,1,10.083877,2.594523,0.539957,0.796450,0.647649,0.324935,0.974634,0.381846,16.494653
2126,1,1,1,12.184356,2.591287,0.538603,0.792067,0.657360,0.327864,0.971717,0.363796,18.579963
2127,1,1,1,9.014031,2.705815,0.542301,0.784357,0.659182,0.322246,0.972111,0.365453,15.516776
2128,1,1,1,9.210264,2.592191,0.545206,0.796117,0.660566,0.325459,0.971662,0.399661,15.655791
2129,1,1,1,10.427391,2.594591,0.539760,0.792621,0.661520,0.325932,0.970424,0.364628,16.829132
2130,1,1,1,13.181870,2.591618,0.537772,0.788104,0.658381,0.328892,0.973329,0.361384,19.573341
2131,1,1,1,10.941415,2.718154,0.537686,0.788283,0.657556,0.326037,0.961582,0.364456,17.448234
2132,1,1,1,11.020498,2.596572,0.541871,0.906301,0.658837,0.325071,0.973034,0.361354,17.536683
2133,1,1,1,11.077981,2.591735,0.538110,0.784800,0.653938,0.323889,0.995053,0.383969,17.498670
2134,1,1,1,10.872172,2.590178,0.535126,0.792849,0.655089,0.323022,0.974006,0.363403,17.255513
2135,1,1,1,13.343902,2.591145,0.540468,0.791095,0.652215,0.322855,0.971261,0.362677,19.722646
2136,1,1,1,13.363465,2.593883,0.541483,0.794339,0.662584,0.322283,0.972548,0.362456,19.762782
2137,1,1,1,13.380111,2.595588,0.537883,0.787015,0.653587,0.324049,0.972142,0.363785,19.763372
2138,1,1,1,10.457219,2.690640,0.547791,0.794720,0.654793,0.320702,0.968739,0.363520,16.950111
2139,1,1,1,10.387267,2.591686,0.537538,0.789489,0.658683,0.323096,0.968092,0.399606,16.806148
2140,1,1,1,10.503963,2.592665,0.537704,0.804511,0.656474,0.324855,0.968142,0.366720,16.906129
2141,1,1,1,13.432794,2.591840,0.538234,0.790770,0.657926,0.324947,0.970652,0.362818,19.819465
2142,1,1,1,11.767428,2.695126,0.541113,0.789471,0.653126,0.323945,0.960314,0.360050,18.245225
2143,1,1,1,12.209655,2.697661,0.542732,0.786492,0.659151,0.323163,0.972210,0.363956,18.704553
2144,1,1,1,13.273003,2.716381,0.537366,0.791957,0.656738,0.323994,0.971563,0.362357,19.782830
2145,1,1,0,10.477569,2.597243,0.537884,0.790843,0.760480,0.325902,0.974597,0.370191,16.986320
2146,1,1,1,10.410339,2.592019,0.547790,0.794905,0.658837,0.321575,0.973760,0.365957,16.816676
2147,1,1,1,12.142978,2.595766,0.534615,0.788566,0.653556,0.321938,0.973157,0.360788,18.522012
2148,1,1,1,10.544055,2.702000,0.544585,0.789920,0.657428,0.320517,0.970375,0.365822,17.045384
2149,1,1,1,10.498166,2.592696,0.540812,0.792936,0.659969,0.429317,0.977378,0.384498,17.028080
2150,1,1,1,12.452148,2.597741,0.544553,0.793206,0.662813,0.326024,0.966024,0.398364,18.896812
2151,1,1,1,11.210806,2.594727,0.535717,0.785551,0.656443,0.327526,0.961563,0.363988,17.587446
2152,0,1,0,13.141914,2.594591,0.545316,0.791249,0.652726,0.325378,0.969673,0.362215,19.536609
2153,1,1,1,13.399077,2.592997,0.539305,0.787465,0.655927,0.328997,0.973102,0.361612,19.789132
2154,1,1,1,10.417144,2.726271,0.549649,0.794560,0.658819,0.323686,0.971791,0.363612,16.957514
2155,1,1,1,10.409317,2.596929,0.537046,0.788714,0.659341,0.414480,0.964449,0.372745,16.894295
2156,1,1,1,11.078129,2.594369,0.540732,0.797908,0.656683,0.325397,0.971385,0.367366,17.480523
2157,1,1,1,10.362234,2.695126,0.542573,0.780634,0.657501,0.327076,0.971883,0.363883,16.852504
2158,1,1,1,10.481981,2.592289,0.536953,0.932123,0.668253,0.318905,0.971791,0.363754,17.018473
2159,0,1,1,11.755853,2.593988,0.537335,0.790284,0.655668,0.399108,0.981970,0.391994,18.262511
2160,1,1,1,13.306326,2.593323,0.546837,0.793409,0.656240,0.325655,0.971101,0.398806,19.744776
2161,0,1,0,13.544036,2.599963,0.537348,0.784560,0.653194,0.329231,0.969698,0.397816,19.966997
2162,1,1,1,13.352345,2.592591,0.538677,0.798093,0.659003,0.324086,0.976714,0.401717,19.798024
2163,1,1,1,10.375095,2.594701,0.535367,0.788056,0.654757,0.322406,0.972905,0.365791,16.756868
2164,1,1,0,13.562769,2.592806,0.538892,0.797360,0.656234,0.326197,0.962579,0.363280,19.954781
2165,0,1,0,13.584067,2.594849,0.540234,0.800185,0.933434,0.379809,0.994960,0.532259,20.546966
2166,1,1,1,13.532381,2.593329,0.546487,0.792689,0.663711,0.324068,0.971895,0.359680,19.940431
2167,1,1,1,10.390714,2.737711,0.547557,0.790874,0.654382,0.321335,0.964813,0.362689,16.922172
2168,1,1,1,12.471028,2.694677,0.542424,0.795446,0.661421,0.323649,0.970289,0.363760,18.975280
2169,1,1,1,13.289003,2.694430,0.543101,0.777907,0.653944,0.320849,0.959502,0.364184,19.752387
2170,1,1,1,11.697416,2.595428,0.544880,0.917163,0.667403,0.323459,0.969274,0.359834,18.227790
2171,1,1,1,11.266905,2.590954,0.536720,0.785569,0.657834,0.327840,0.996406,0.383612,17.696308
2172,1,1,1,11.490141,2.593212,0.539643,0.790813,0.653926,0.324579,0.973606,0.358806,17.874997
2173,1,1,1,10.436578,2.696111,0.545212,0.790695,0.656308,0.326609,0.972265,0.365261,16.938510
2174,0,1,0,10.654092,2.594117,0.543459,0.906012,0.668086,0.322179,0.974893,0.367859,17.181723
2175,1,1,1,10.403539,2.592332,0.545194,0.792049,0.655520,0.323477,0.966431,0.365169,16.794579
2176,0,1,0,13.616702,2.592418,0.539360,0.796794,0.659015,0.324499,0.969391,0.361268,20.011803
2177,0,1,0,13.656510,2.591434,0.540160,0.787710,0.654720,0.324603,0.974049,0.362585,20.041932
2178,0,1,0,11.685963,2.592344,0.544947,0.794462,0.663138,0.321120,0.959330,0.365409,18.074394
2179,1,1,1,10.439514,2.700290,0.539243,0.788394,0.654535,0.323440,0.970824,0.364646,16.930947
2180,1,1,1,10.567299,2.599187,0.541101,0.791673,0.783440,0.325452,0.973557,0.365538,17.101846
2181,1,1,1,10.391274,2.590425,0.531176,0.783126,0.661108,0.323994,0.972572,0.359796,16.762449
2182,1,1,1,9.994659,2.700905,0.546473,0.792972,0.652228,0.324689,0.959920,0.367735,16.493594
2183,1,1,1,10.500652,2.593464,0.540923,0.789065,0.804738,0.323144,0.971102,0.365772,17.044290
2184,1,1,1,13.304585,2.594388,0.546861,0.792566,0.774166,0.325342,0.971883,0.361120,19.824062
2185,0,1,0,13.329994,2.595784,0.540105,0.785723,0.797625,0.322941,0.974560,0.365311,19.864450
2186,1,1,1,12.425341,2.592633,0.542517,0.787428,0.655667,0.325366,0.970178,0.396012,18.847951
2187,1,1,1,13.211261,2.592659,0.537576,0.785305,0.660301,0.330683,0.971637,0.394720,19.634474
2188,1,1,1,9.351446,2.594812,0.540000,0.789520,0.658117,0.325612,0.968825,0.365476,15.745673
2189,1,1,1,10.510813,2.592320,0.641994,0.789834,0.651932,0.323846,0.973065,0.360123,16.994627
2190,1,1,1,11.515607,2.596412,0.542431,0.790400,0.771563,0.333662,0.975730,0.367385,18.055637
2191,1,1,1,10.386480,2.592739,0.541440,0.794843,0.662954,0.330369,0.974024,0.357852,16.789847
2192,1,1,1,11.010590,2.700265,0.543588,0.795736,0.654708,0.325686,0.973231,0.444443,17.601815
2193,1,1,1,10.430862,2.596136,0.639182,0.797982,0.658455,0.326733,0.973600,0.363114,16.937520
2194,1,1,1,13.336898,2.592572,0.638228,0.805120,0.664222,0.326129,0.974776,0.362855,19.853883
2195,1,1,1,10.474443,2.589705,0.541033,0.789372,0.655693,0.323114,0.972708,0.464769,16.962147
2196,0,1,0,13.152960,2.590898,0.541058,0.791033,0.654702,0.322973,0.974419,0.364345,19.542431
2197,1,1,1,13.265335,2.594505,0.534296,0.789095,0.655575,0.321865,0.969741,0.364172,19.646787
2198,1,1,1,12.533021,2.593022,0.540689,0.797255,0.658640,0.324529,0.969883,0.363569,18.929323
2199,1,1,1,10.354024,2.695496,0.545784,0.792905,0.661280,0.325163,0.970671,0.367033,16.861889
2200,1,1,1,11.796363,2.712468,0.545613,0.790812,0.656092,0.325637,0.974333,0.360166,18.316117
2201,1,1,1,9.111698,2.592074,0.539864,0.788579,0.660541,0.326966,0.973526,0.361784,15.505871
2202,1,1,1,10.528653,2.597219,0.540880,0.787304,0.657717,0.324480,0.973010,0.358739,16.917046
2203,1,1,1,10.509464,2.596800,0.642474,0.787710,0.658056,0.324013,0.969065,0.358591,16.995994
2204,1,1,1,10.556849,2.597206,0.538111,0.797582,0.649693,0.324394,0.974880,0.386793,16.976770
2205,1,1,1,11.475828,2.599507,0.542056,0.786726,0.656800,0.327957,0.963421,0.368449,17.871668
2206,1,1,1,13.399969,2.594098,0.538794,0.792831,0.657477,0.323784,0.973391,0.365459,19.796123
2207,0,1,0,13.335865,2.593976,0.539723,0.791151,0.652290,0.323157,0.968732,0.366886,19.721864
2208,1,1,1,13.364831,2.595311,0.537988,0.795021,0.657304,0.320904,0.965083,0.363901,19.750572
2209,1,1,1,10.409889,2.688763,0.544548,0.783907,0.654683,0.322326,0.960173,0.362258,16.877877
2210,1,1,1,11.149489,2.594702,0.541865,0.939453,0.663501,0.324271,0.969089,0.360991,17.696228
2211,1,1,1,13.254622,2.598173,0.537853,0.892449,0.677261,0.324295,0.967803,0.367933,19.775453
2212,1,1,1,13.296751,2.591071,0.539557,0.798745,0.777507,0.326861,0.971083,0.369809,19.825834
2213,1,1,1,10.398425,2.591477,0.536400,0.792221,0.656381,0.321846,0.970462,0.367957,16.783409
2214,0,1,0,13.902461,2.594185,0.540665,0.796074,0.661964,0.323699,0.963440,0.366148,20.302455
2215,1,1,1,11.312910,2.589526,0.540954,0.792634,0.659760,0.326812,0.973452,0.359310,17.704898
2216,1,1,1,10.061539,2.685901,0.546707,0.785840,0.659101,0.321446,0.971373,0.361581,16.544554
2217,0,1,0,13.557741,2.694141,0.542406,0.796794,0.657151,0.324363,0.971852,0.361588,20.055902
2218,1,1,1,11.159477,2.596948,0.543484,0.790658,0.767477,0.328326,0.961287,0.369028,17.673606
2219,1,1,1,12.899415,2.592394,0.533840,0.795600,0.654148,0.328683,0.968824,0.384836,19.305538
2220,1,1,1,10.985009,2.591446,0.541920,0.790776,0.655495,0.326019,0.970301,0.360640,17.371348
2221,1,1,1,13.164634,2.592067,0.536893,0.789181,0.654966,0.323317,0.972394,0.365772,19.547834
2222,1,1,1,12.662708,2.593163,0.539797,0.794720,0.658849,0.317495,0.972763,0.364892,19.054221
2223,1,1,1,11.303767,2.720867,0.542000,0.788523,0.652591,0.318652,0.958917,0.362898,17.795957
2224,1,1,1,11.541188,2.593015,0.647323,0.807150,0.659310,0.320671,0.972259,0.360129,18.054351
2225,1,1,1,10.442363,2.594911,0.545514,0.788326,0.664609,0.326812,0.971495,0.487071,16.974757
2226,0,1,0,13.260603,2.591336,0.547003,0.797305,0.653231,0.329452,0.972259,0.487139,19.794265
2227,1,1,1,10.981508,2.591077,0.544492,0.787428,0.661114,0.325600,0.962080,0.365637,17.369914
2228,1,1,1,13.377268,2.590658,0.539274,0.794252,0.654228,0.329797,0.974406,0.361994,19.773188
2229,1,1,1,10.488936,2.710197,0.542160,0.784461,0.657090,0.327317,0.971034,0.363520,16.994197
2230,0,1,0,13.558579,2.692400,0.543772,0.796948,0.656455,0.323840,0.969336,0.364443,20.056327
2231,0,1,0,13.515680,2.693705,0.539052,0.794019,0.654701,0.329120,0.970277,0.362984,20.013618
2232,0,1,0,13.183249,2.692757,0.544006,0.790683,0.655735,0.322350,0.959828,0.364665,19.668037
2233,0,1,0,13.588307,2.695618,0.541132,0.791956,0.656647,0.325046,0.969151,0.365434,20.085834
2234,1,1,1,11.462290,2.596369,0.545446,0.919711,0.665379,0.326326,0.962659,0.360000,17.989951
2235,1,1,1,10.438751,2.593496,0.542554,0.790246,0.654480,0.328449,0.972732,0.358628,16.827138
2236,1,1,1,13.405114,2.595846,0.541385,0.795699,0.661741,0.328074,0.975034,0.363969,19.817969
2237,1,1,1,10.370510,2.717501,0.544437,0.791920,0.658147,0.328726,0.967058,0.361557,16.887403
2238,1,1,1,11.445034,2.684536,0.538584,0.787865,0.655471,0.321600,0.970745,0.359126,17.913316
2239,1,1,1,11.342185,2.592973,0.540984,0.791662,0.790930,0.322837,0.971077,0.366541,17.873705
2240,1,1,0,12.149329,2.589890,0.540486,0.792148,0.660873,0.326013,0.969052,0.405736,18.584455
2241,1,1,1,11.430480,2.591809,0.542043,0.793600,0.653028,0.326394,0.960794,0.365581,17.817052
2242,1,1,1,10.946763,2.704388,0.541649,0.795852,0.659582,0.324707,0.975206,0.360412,17.462676
2243,0,1,0,13.654277,2.598302,0.535834,0.791378,0.655310,0.324658,0.970505,0.364584,20.045169
2244,1,1,1,10.528381,2.593588,0.644474,0.791089,0.656449,0.325625,0.973545,0.361822,17.027649
2245,1,1,1,11.084990,2.592055,0.543040,0.788320,0.659446,0.324246,0.966099,0.389520,17.499409
2246,0,1,0,13.588713,2.590043,0.540695,0.795237,0.656979,0.325027,0.969730,0.400560,20.019372
2247,1,1,1,11.503840,2.592210,0.536191,0.797274,0.656215,0.327951,0.972320,0.356535,17.891791
2248,1,1,1,11.037495,2.592837,0.541717,0.793741,0.659890,0.326437,0.968794,0.363840,17.439477
2249,0,1,0,13.384665,2.602209,0.541538,0.786942,0.657015,0.323741,0.971569,0.361151,19.779576
2250,1,1,1,11.046536,2.683896,0.546252,0.791914,0.653797,0.323120,0.960308,0.363938,17.522609
2251,1,1,1,13.146154,2.592671,0.659680,0.791206,0.652024,0.321058,0.967822,0.361139,19.641907
2252,1,1,1,11.437865,2.594776,0.544966,0.795612,0.765723,0.335293,0.975440,0.367305,17.985058
2253,1,1,1,13.296985,2.595342,0.541741,0.788603,0.656000,0.433686,0.972043,0.376154,19.812739
2254,1,1,1,13.170547,2.594388,0.539858,0.789434,0.659809,0.409508,0.969600,0.388462,19.675507
2255,1,1,1,13.029256,2.596221,0.544259,0.794788,0.658443,0.330338,0.965649,0.384388,19.456572
2256,1,1,1,13.296110,2.590702,0.542357,0.793975,0.662431,0.323022,0.964166,0.386092,19.711286
2257,1,1,1,13.444086,2.591668,0.541181,0.793895,0.658812,0.323625,0.963256,0.385508,19.853366
2258,1,1,1,10.542831,2.594671,0.536622,0.789120,0.662240,0.320498,0.971089,0.361163,16.927563
2259,1,1,0,13.580406,2.594498,0.536836,0.789526,0.655729,0.322794,0.959034,0.360960,19.948935
2260,1,1,1,10.960702,2.688578,0.541144,0.791379,0.652240,0.325187,0.969834,0.367902,17.450240
2261,1,1,1,10.515471,2.592123,0.543421,0.791932,0.879391,0.326948,0.972732,0.362867,17.141175
2262,1,1,1,13.323336,2.595311,0.540110,0.789631,0.787065,0.325539,0.972055,0.364117,19.851150
2263,1,1,1,10.503298,2.597637,0.534234,0.797120,0.653564,0.326301,0.974456,0.363280,16.897181
2264,1,1,1,13.548535,2.589047,0.543280,0.797065,0.658074,0.322548,0.969938,0.359649,19.940184
2265,0,1,0,13.662683,2.591336,0.542136,0.790640,0.660677,0.328289,0.972572,0.367643,20.063637
2266,0,1,0,13.554381,2.595452,0.538351,0.795957,0.660997,0.323594,0.968529,0.364596,19.953871
2267,1,1,1,11.090652,2.596043,0.535144,0.788210,0.655969,0.325699,0.960431,0.361335,17.463471
2268,1,1,1,13.507945,2.591858,0.542252,0.792954,0.659077,0.319883,0.973348,0.370221,19.910935
2269,1,1,1,10.985390,2.694899,0.543243,0.788086,0.651649,0.323496,0.973668,0.363212,17.473526
2270,1,1,1,10.473292,2.595483,0.546572,0.790339,0.656855,0.416850,0.974166,0.381784,16.984689
2271,1,1,1,12.493058,2.589747,0.539193,0.793619,0.660622,0.322110,1.027526,0.391336,18.964849
2272,0,1,0,13.090351,2.591206,0.536006,0.796215,0.654659,0.323575,0.959982,0.456400,19.560936
2273,1,1,1,12.803649,2.596259,0.538942,0.793618,0.655877,0.318135,0.970111,0.363655,19.190061
2274,1,1,1,11.245095,2.593649,0.541557,0.794099,0.652536,0.321034,0.969760,0.362012,17.625563
2275,1,1,1,10.487089,2.687292,0.544388,0.784246,0.656868,0.323274,0.957502,0.360677,16.951490
2276,1,1,0,13.576775,2.697563,0.541557,0.792819,0.654148,0.324197,0.971778,0.360258,20.069526
2277,0,1,0,13.119231,2.699335,0.557335,0.784892,0.652498,0.323219,0.974437,0.366437,19.633034
2278,1,1,1,13.102665,2.592012,0.746960,0.798234,0.656327,0.322123,0.970012,0.365840,19.707526
2279,1,1,1,10.533212,2.595490,0.541791,0.786640,0.656806,0.326203,0.972142,0.402375,16.969015
2280,1,1,1,11.080616,2.592351,0.542621,0.795194,0.657255,0.324757,0.960893,0.364400,17.469163
2281,1,1,1,10.507138,2.724671,0.543077,0.785557,0.659059,0.328437,0.972566,0.364856,17.035587
2282,1,1,1,10.529883,2.592271,0.537865,0.797022,0.765016,0.325139,0.975083,0.360757,17.034843
2283,1,1,1,10.410794,2.594474,0.537040,0.791699,0.656369,0.324369,0.961028,0.362486,16.787840
2284,1,1,0,12.840905,2.596609,0.535816,0.793415,0.662093,0.323692,0.968855,0.366110,19.239501
2285,1,1,1,13.398929,2.595951,0.535225,0.788646,0.655815,0.324757,0.972240,0.366400,19.786886
2286,1,1,1,13.551464,2.592824,0.542148,0.791926,0.662425,0.324270,0.969293,0.361501,19.948862
2287,1,1,1,11.172567,2.688917,0.541108,0.790713,0.659250,0.324277,0.974172,0.358264,17.657643
2288,1,1,1,13.276141,2.698726,0.542062,0.790080,0.657607,0.321803,0.970197,0.360197,19.768105
2289,0,1,0,13.159588,2.687188,0.539477,0.784554,0.656000,0.320775,0.973465,0.366572,19.637372
2290,1,1,1,11.018191,2.593545,0.542517,0.908154,0.660363,0.327304,0.973440,0.365003,17.540339
2291,1,1,1,11.223767,2.593317,0.538554,0.784684,0.659766,0.325600,0.974314,0.397545,17.650031
2292,0,1,0,14.037527,2.590197,0.542326,0.796535,0.651575,0.432658,0.979360,0.379360,20.562068
2293,1,1,1,12.616203,2.596455,0.547944,0.783896,0.660572,0.327354,0.968781,0.400819,19.051864
2294,1,1,1,10.596523,2.590363,0.535213,0.790615,0.651403,0.326590,0.969403,0.363335,16.975742
2295,1,1,1,13.525754,2.594474,0.542665,0.785341,0.653243,0.324702,0.962197,0.363951,19.901323
2296,1,1,1,10.529501,2.695766,0.545791,0.791021,0.659791,0.322381,0.972455,0.361175,17.027803
2297,1,1,1,13.305545,2.715902,0.539834,0.793859,0.657508,0.321815,0.968333,0.362560,19.817434
2298,1,1,1,9.203667,2.589261,0.539963,0.796622,0.660707,0.325993,1.067791,0.383015,15.720141
2299,1,1,1,10.998714,2.593403,0.538160,0.789126,0.660246,0.323914,0.962160,0.366025,17.381310
2300,1,1,1,10.514806,2.691108,0.547286,0.793244,0.656160,0.319981,0.975735,0.363913,17.014511
2301,0,1,0,13.092037,2.685975,0.541649,0.783003,0.657132,0.320536,0.972375,0.359705,19.563539
2302,1,1,1,10.570111,2.590893,0.534806,0.791219,0.657403,0.433920,0.973631,0.372585,17.075310
2303,1,1,1,11.462493,2.590954,0.541520,0.789544,0.656259,0.327772,0.960677,0.363766,17.843440
2304,0,1,0,13.595994,2.589249,0.537120,0.792364,0.656997,0.323797,0.971194,0.361194,19.980098
2305,1,1,1,11.088055,2.597730,0.541336,0.785471,0.658978,0.325625,0.970904,0.366043,17.483902
2306,1,1,1,10.454542,2.693071,0.544154,0.790276,0.660720,0.323385,0.973040,0.362455,16.955557
2307,1,1,1,13.313600,2.717274,0.540708,0.787797,0.662990,0.326000,0.958794,0.364449,19.821101
2308,1,1,1,11.226117,2.591335,0.536744,0.798252,0.754677,0.327969,0.971704,0.367951,17.727064
2309,1,1,1,13.179224,2.593717,0.542166,0.792289,0.656327,0.426031,0.975914,0.368406,19.683280
2310,1,1,1,11.509520,2.594363,0.542339,0.793336,0.659932,0.327637,0.970873,0.364197,17.914086
2311,1,1,1,10.563354,2.598068,0.540498,0.780628,0.652320,0.325255,0.974468,0.368345,16.952061
2312,1,1,1,11.223754,2.687550,0.542942,0.792572,0.657053,0.321016,0.974560,0.362455,17.714960
2313,1,1,1,11.862683,2.597453,0.543416,0.922326,0.666234,0.326486,0.971046,0.361341,18.400954
2314,1,1,1,13.344339,2.591428,0.540492,0.907760,0.662092,0.323391,0.973926,0.367704,19.866456
2315,1,1,1,10.389489,2.593342,0.533994,0.785741,0.660135,0.325342,0.961612,0.363705,16.767458
2316,1,1,1,10.668554,2.589034,0.544295,0.794597,0.659618,0.323508,0.969963,0.366129,17.064862
2317,1,1,1,10.584301,2.721341,0.542148,0.785846,0.652843,0.324031,0.967600,0.360523,17.089932
2318,1,1,1,10.675188,2.596658,0.538591,0.795360,0.659384,0.327169,0.965065,0.434874,17.147033
2319,1,1,1,10.623779,2.591828,0.546228,0.792886,0.651926,0.327378,0.961040,0.364523,17.006314
2320,1,1,1,14.216683,2.592381,0.540745,0.793052,0.651157,0.324443,0.972923,0.365938,20.609138
2321,1,1,1,10.955107,2.715114,0.544000,0.789077,0.662930,0.321871,0.971126,0.366031,17.476867
2322,1,1,1,10.970370,2.689083,0.545828,0.799446,0.662732,0.323280,0.971643,0.359914,17.477003
2323,1,1,1,10.504560,2.731218,0.659434,0.846271,0.712037,0.333557,1.082344,0.504043,17.550062
2324,1,1,1,12.570738,3.668720,0.544092,0.788849,0.658665,0.324326,0.975717,0.365157,20.128892
2325,1,1,1,13.251231,2.596702,0.537459,0.790277,0.659809,0.437741,0.979347,0.376733,19.780935
2326,1,1,1,11.490221,2.594375,0.538129,0.791477,0.655594,0.323766,0.970339,0.357539,17.873323
2327,1,1,1,13.219618,2.595865,0.538554,0.789889,0.659803,0.326172,0.973526,0.365255,19.618493
2328,1,1,1,10.384935,2.700492,0.547754,0.790560,0.659661,0.324308,0.969594,0.363113,16.894142
2329,1,1,1,13.199889,2.697305,0.537299,0.788449,0.659686,0.324910,0.973791,0.363495,19.699034
2330,1,1,1,13.341729,2.715416,0.542062,0.794775,0.655520,0.323520,0.972326,0.363667,19.861046
2331,1,1,1,13.236665,2.689496,0.550092,0.785514,0.653901,0.324025,0.962560,0.362849,19.713748
2332,1,1,1,10.592529,2.590517,0.542000,0.898886,0.663686,0.321606,0.973471,0.363194,17.098578
2333,1,1,1,10.963730,2.593440,0.534615,0.786720,0.658049,0.320511,0.967957,0.478449,17.450498
2334,1,1,1,10.494234,2.593699,0.536259,0.797803,0.654775,0.320622,0.971987,0.364548,16.880289
2335,1,1,1,10.385741,2.822628,0.547194,0.784437,0.652985,0.321452,0.960763,0.364486,16.989532
2336,0,1,0,13.638665,2.690787,0.537760,0.796898,0.662757,0.321292,0.971040,0.365797,20.138117
2337,1,1,1,11.256892,2.594560,0.539662,0.795526,0.789570,0.327513,0.973673,0.366819,17.797428
2338,1,1,1,10.974665,2.591668,0.539692,0.800991,0.654739,0.324209,0.969810,0.359514,17.366056
2339,1,1,1,10.584684,2.593674,0.538499,0.788604,0.656966,0.324751,0.960548,0.363668,16.960468
2340,1,1,0,13.594917,2.593502,0.544486,0.792283,0.660301,0.322369,0.969218,0.363791,19.993970
2341,1,1,0,13.244216,2.597003,0.536369,0.788191,0.655034,0.322498,0.974450,0.462246,19.731790
2342,1,1,1,13.151292,2.686400,0.542129,0.792265,0.656929,0.325163,0.971513,0.365317,19.641390
2343,1,1,1,11.869833,2.716221,0.542148,0.786246,0.651870,0.326376,0.961126,0.363779,18.368382
2344,1,1,1,13.330129,2.695594,0.543994,0.791945,0.659397,0.322117,0.969231,0.361421,19.829089
2345,1,1,1,10.370646,2.598683,0.542474,0.790055,0.660782,0.415052,0.966049,0.372695,16.865637
2346,1,1,1,13.336714,2.591366,0.533760,0.792647,0.657176,0.430381,0.977649,0.379317,19.849391
2347,1,1,1,13.199637,2.595010,0.539003,0.789298,0.657520,0.328929,0.967101,0.383416,19.612782
2348,1,1,0,13.569187,2.592394,0.541766,0.792627,0.655305,0.324960,0.975975,0.389409,19.996880
2349,1,1,1,10.514492,2.594185,0.539668,0.786720,0.656616,0.320935,0.971705,0.358861,16.892247
2350,0,1,0,13.436714,2.594418,0.532210,0.792898,0.661575,0.322043,0.972701,0.364074,19.827692
2351,1,1,1,11.005908,2.693883,0.542677,0.785299,0.655741,0.324413,0.961976,0.359760,17.481514
2352,1,1,1,10.404197,2.591600,0.542868,0.902301,0.693471,0.321821,0.969385,0.368579,16.949594
2353,1,1,1,11.276179,2.593144,0.538221,0.790640,0.662007,0.326302,1.064782,0.405754,17.810825
2354,1,1,1,13.293963,2.591920,0.542110,0.802222,0.657206,0.323244,0.973231,0.476861,19.808259
2355,1,1,1,11.102634,2.590714,0.537883,0.779772,0.656867,0.325163,0.965785,0.363637,17.469465
2356,1,1,1,13.565513,2.593785,0.538548,0.794400,0.659735,0.322596,0.968997,0.366375,19.962997
2357,1,1,1,10.462142,2.690942,0.542228,0.793120,0.661969,0.325686,0.970886,0.367606,16.965846
2358,1,1,1,10.529101,2.592911,0.542978,0.784345,0.765624,0.327551,0.972942,0.361539,17.030652
2359,1,1,1,10.865686,2.595742,0.536419,0.788750,0.656615,0.325668,0.961021,0.366092,17.246461
2360,0,1,0,13.564326,2.588646,0.539890,0.791354,0.659957,0.325145,0.971828,0.362332,19.954609
2361,1,1,0,13.549280,2.594338,0.541409,0.794080,0.655108,0.323176,0.970283,0.362572,19.939151
2362,1,1,1,10.386179,2.691194,0.546825,0.785563,0.655588,0.325354,0.967649,0.361022,16.869987
2363,1,1,0,13.478824,2.681920,0.547378,0.785557,0.655465,0.322277,0.963440,0.362185,19.948794
2364,0,1,0,13.754178,2.605662,0.543791,0.791680,0.657889,0.321354,0.972222,0.363797,20.166418
2365,1,1,1,11.477901,2.688086,0.544129,0.787027,0.655366,0.322487,0.969262,0.366984,17.963218
2366,1,1,1,12.524862,2.592393,0.658259,0.792647,0.659705,0.322498,0.972498,0.358683,19.032856
2367,1,1,1,13.285151,2.593833,0.646763,0.799606,0.658929,0.325059,0.960461,0.361711,19.781908
2368,1,1,1,10.067403,2.589059,0.537557,0.794923,0.661865,0.330141,0.973170,0.454825,16.567175
2369,1,1,1,10.424948,2.591636,0.537815,0.793723,0.654007,0.322825,0.970105,0.364511,16.807447
2370,1,1,1,10.593877,2.691003,0.543138,0.792184,0.657729,0.323613,0.971378,0.362948,17.087194
2371,1,1,1,11.194277,2.591741,0.540068,0.789095,0.754166,0.324696,0.958406,0.363354,17.667255
2372,1,1,1,10.440794,2.595243,0.536104,0.786960,0.657914,0.321693,0.969440,0.371907,16.829587
2373,0,1,0,13.076228,2.595003,0.540535,0.791262,0.659760,0.321483,0.959410,0.363766,19.457834
2374,1,1,1,10.543188,2.701342,0.544197,0.783305,0.660621,0.322449,0.972701,0.362567,17.044240
2375,1,1,1,13.310947,2.705064,0.546813,0.788899,0.655809,0.322056,0.973575,0.363650,19.817102
2376,1,1,1,13.222609,2.682301,0.543588,0.795778,0.655236,0.320936,0.971378,0.366123,19.711108
2377,1,1,1,10.511741,2.594437,0.542443,0.792252,0.782936,0.324160,0.974228,0.365427,17.039778
2378,1,1,1,13.172775,2.590000,0.535532,0.789618,0.750443,0.326252,0.977483,0.366523,19.673366
2379,1,1,1,10.793391,2.590947,0.536701,0.785009,0.651778,0.331230,0.975255,0.360830,17.175200
2380,1,1,1,10.400670,2.703471,0.543692,0.792523,0.656000,0.324184,0.973619,0.361834,16.905600
2381,0,1,1,13.323804,2.696831,0.542093,0.790720,0.654147,0.323397,0.972124,0.361988,19.815883
2382,1,1,1,10.459859,2.593027,0.539951,0.920505,0.661846,0.323379,0.971938,0.367157,16.988640
2383,1,1,1,10.059730,2.596215,0.539052,0.788708,0.654197,0.325077,0.960234,0.367877,16.439292
2384,1,1,1,11.503064,2.596720,0.540018,0.796209,0.656301,0.324142,0.972665,0.364264,17.904295
2385,1,1,1,10.436505,2.685760,0.543096,0.784030,0.656665,0.322683,0.972191,0.364683,16.916695
2386,1,1,1,10.506406,2.593544,0.539150,0.796886,0.658696,0.435194,0.980172,0.390917,17.052695
2387,1,1,1,13.291588,2.591182,0.533040,0.788055,0.657077,0.327225,1.043194,0.399139,19.782849
2388,1,1,1,10.542270,2.593538,0.539754,0.790763,0.654142,0.321951,0.969274,0.361206,16.921175
2389,1,1,1,11.216523,2.715207,0.538400,0.788739,0.662344,0.328733,0.971107,0.364893,17.734843
2390,1,1,1,12.548166,2.696610,0.548640,0.791766,0.658006,0.321982,0.966831,0.366578,19.050806
2391,1,1,1,10.482566,2.591883,0.539231,0.788732,0.761262,0.324646,0.975612,0.365680,16.980770
2392,1,1,1,13.341225,2.592184,0.538209,0.787810,0.782535,0.325163,0.960917,0.363840,19.845090
2393,1,1,0,13.439188,2.592308,0.543071,0.794271,0.767594,0.322178,0.972640,0.365009,19.948154
2394,1,1,1,11.254535,2.593754,0.537982,0.789033,0.656782,0.322868,0.970314,0.365754,17.643027
2395,1,1,0,12.187858,2.594203,0.542750,0.788782,0.659139,0.322363,0.962837,0.362086,18.569730
2396,1,1,1,10.960412,2.789994,0.541090,0.797200,0.660056,0.323126,0.973323,0.364770,17.564505
2397,1,1,1,13.130874,2.707544,0.547028,0.794394,0.653046,0.325483,0.971317,0.366947,19.649545
2398,1,1,1,10.433729,2.597021,0.539551,0.910123,0.670407,0.322597,0.967440,0.360314,16.956141
2399,0,1,0,13.758493,2.594800,0.631840,0.809902,0.664647,0.325065,0.961003,0.360320,20.259779
2400,1,1,1,13.081926,2.592142,0.545926,0.906449,0.668616,0.320418,0.968770,0.362757,19.601268
2401,1,1,1,10.488210,2.594061,0.535163,0.785828,0.661932,0.325459,0.973200,0.368369,16.883354
2402,1,1,1,13.376542,2.591581,0.542757,0.792505,0.654135,0.326579,0.967490,0.361403,19.764548
2403,1,1,0,10.820185,2.587938,0.542548,0.789237,0.659422,0.322776,0.974695,0.364406,17.211465
2404,1,1,1,10.585299,2.695914,0.543151,0.796923,0.657144,0.322086,0.974345,0.361784,17.086591
2405,1,1,1,12.149637,2.593022,0.534240,0.934394,0.666794,0.322210,0.973353,0.367090,18.691040
2406,1,1,1,12.921052,2.598216,0.545655,0.897582,0.670098,0.326154,0.976468,0.361797,19.452616
2407,1,1,1,10.953864,2.594529,0.544203,0.793120,0.655052,0.323643,0.959643,0.362585,17.335767
2408,1,1,1,10.530504,2.594043,0.531243,0.790769,0.655945,0.324240,0.970203,0.362277,16.914400
2409,1,1,1,10.500831,2.697243,0.541447,0.784123,0.656129,0.324622,0.975533,0.360967,16.993409
2410,1,1,0,13.304591,2.692523,0.545896,0.786480,0.662123,0.322258,0.972068,0.364006,19.804486
2411,1,1,1,11.000498,2.598056,0.542123,0.788671,0.661704,0.418948,0.975871,0.395096,17.533440
2412,1,1,1,13.271065,2.597015,0.540893,0.790806,0.659600,0.319557,0.969107,0.394702,19.698117
2413,1,1,1,10.357151,2.590813,0.545347,0.799095,0.658461,0.324541,0.973022,0.361600,16.757993
2414,1,1,1,11.267403,2.697791,0.544566,0.794228,0.654468,0.323323,0.969071,0.365735,17.767293
2415,1,1,1,11.210825,2.593550,0.659507,0.786702,0.662905,0.326228,0.976781,0.364658,17.733065
2416,1,1,1,11.785336,2.593748,0.546246,0.789686,0.762843,0.322732,0.972246,0.366794,18.293754
2417,1,1,0,13.115052,2.595391,0.536954,0.793859,0.655040,0.423083,0.975550,0.366289,19.611397
2418,1,1,1,13.291465,2.595705,0.544634,0.791988,0.659403,0.425404,0.976314,0.374061,19.808800
2419,0,1,1,13.449612,2.588917,0.537717,0.791569,0.659606,0.416702,0.964560,0.373790,19.932517
2420,1,1,1,13.247065,2.599606,0.537403,0.789760,0.658603,0.323403,0.974849,0.383767,19.754068
2421,1,1,1,10.517200,2.592228,0.543477,0.788031,0.660363,0.325625,0.970671,0.368166,16.916775
2422,1,1,0,13.589293,2.596080,0.538147,0.787206,0.656203,0.322659,0.975575,0.364474,19.978843
2423,1,1,1,10.467667,2.692837,0.541833,0.786665,0.660123,0.322363,0.965366,0.364418,16.951957
2424,1,1,1,10.423594,2.593865,0.540813,0.795945,0.798997,0.324788,0.972911,0.362357,16.966030
2425,1,1,1,10.532991,2.595280,0.539397,0.793064,0.658713,0.330800,0.968973,0.370111,16.938431
2426,1,1,1,13.418590,2.590659,0.543883,0.796295,0.663139,0.325335,0.969668,0.370578,19.826837
2427,1,1,1,12.381606,2.594923,0.533624,0.795022,0.661034,0.326012,0.976714,0.359249,18.778554
2428,1,1,1,10.393815,2.719532,0.545514,0.795175,0.655114,0.326356,0.971717,0.364627,16.922818
2429,1,1,1,11.257514,2.591501,0.540935,0.904763,0.666511,0.323754,0.970917,0.367489,17.774111
2430,1,1,1,11.013255,2.588757,0.538135,0.788018,0.652702,0.325939,0.973655,0.384393,17.416756
2431,1,1,1,10.471230,2.600253,0.531391,0.787926,0.658141,0.325496,0.971723,0.362252,16.855255
2432,1,1,1,10.566320,2.695391,0.540862,0.793951,0.658609,0.326252,0.968240,0.360523,17.060431
2433,1,1,1,10.492781,2.587803,0.543353,0.788424,0.655809,0.432757,0.977976,0.381582,17.009809
2434,1,1,1,10.428437,2.594493,0.539520,0.790480,0.662013,0.326301,0.971938,0.363280,16.827083
2435,1,1,1,12.006818,2.591065,0.537236,0.787434,0.661452,0.324172,0.962007,0.363883,18.382603
2436,0,1,0,13.687077,2.593864,0.542178,0.793847,0.651692,0.320800,0.972130,0.362425,20.076406
2437,1,1,1,10.404222,2.689311,0.544984,0.786966,0.663822,0.324117,0.973902,0.364578,16.901582
2438,1,1,0,13.508744,2.714948,0.537643,0.796653,0.657489,0.324387,0.970173,0.366505,20.028714
2439,1,1,1,10.428233,2.590892,0.540972,0.792794,0.656302,0.324769,0.965489,0.381791,16.831372
2440,1,1,1,13.331126,2.592043,0.540960,0.798861,0.651896,0.324757,0.960621,0.387508,19.739914
2441,1,1,1,10.880936,2.596683,0.539009,0.797231,0.649988,0.324019,0.970751,0.360308,17.268222
2442,0,1,0,13.199827,2.598302,0.542942,0.792788,0.653213,0.323421,0.972412,0.362135,19.597016
2443,1,1,1,10.460591,2.689618,0.547385,0.785490,0.652092,0.324240,0.965009,0.369698,16.945249
2444,0,1,0,13.632259,2.687569,0.541815,0.790061,0.659600,0.325280,0.969003,0.360985,20.118363
2445,1,1,1,10.070264,2.593378,0.542861,0.784320,0.657797,0.433656,0.974376,0.374382,16.581847
2446,1,1,1,13.264616,2.588073,0.540953,0.800443,0.657877,0.432493,0.983083,0.392468,19.818769
2447,1,1,1,11.338209,2.592640,0.535501,0.789305,0.659643,0.324511,0.962443,0.364554,17.715538
2448,1,1,1,13.443231,2.589193,0.540517,0.788184,0.661163,0.324270,0.975490,0.366726,19.840898
2449,1,1,1,13.384566,2.595403,0.537674,0.789071,0.657243,0.325379,0.969717,0.359852,19.766234
2450,1,1,1,13.176542,2.593711,0.539176,0.797016,0.657587,0.327181,0.973330,0.363760,19.578511
2451,1,1,1,13.345471,2.594382,0.540308,0.792394,0.656726,0.325341,0.974172,0.363384,19.742413
2452,1,1,1,11.380849,2.696135,0.543120,0.790006,0.655951,0.321908,0.971003,0.362450,17.873557
2453,1,1,1,11.251631,2.701926,0.542572,0.790818,0.658437,0.320505,0.973957,0.359994,17.749668
2454,1,1,1,11.252455,2.591736,0.546572,0.790812,0.784363,0.326351,0.971576,0.367206,17.786646
2455,1,1,1,11.491396,2.593834,0.536960,0.785883,0.657754,0.324676,0.971495,0.455705,17.970018
2456,1,1,1,13.304726,2.591563,0.538800,0.788505,0.655298,0.327477,0.973797,0.365089,19.694098
2457,1,1,1,10.561754,2.599945,0.533772,0.783144,0.659304,0.326080,0.969447,0.365896,16.948221
2458,1,1,1,10.128646,2.593859,0.648037,0.800683,0.656136,0.320960,0.971293,0.363581,16.635938
2459,1,1,1,10.486154,2.594634,0.537169,0.789090,0.656677,0.323871,0.975735,0.397169,16.911477
2460,1,1,1,10.456892,2.592413,0.542468,0.794210,0.659230,0.324233,0.969822,0.364074,16.853059
2461,1,1,1,10.969077,2.714923,0.542499,0.786856,0.657095,0.321458,0.973963,0.369206,17.485163
2462,0,1,0,13.523243,2.696671,0.547009,0.796425,0.659089,0.322659,0.973754,0.363163,20.032788
2463,1,1,1,10.438277,2.591914,0.545705,0.790990,0.779464,0.325655,0.957304,0.365668,16.949089
2464,1,1,1,13.412812,2.593877,0.539840,0.787514,0.791901,0.326886,0.970369,0.367428,19.944344
2465,1,1,1,10.481624,2.597391,0.539520,0.786659,0.661717,0.325545,0.970290,0.368456,16.880523
2466,0,1,0,13.551834,2.591046,0.533219,0.790381,0.654363,0.322769,0.969527,0.359847,19.925981
2467,0,1,0,13.555766,2.595563,0.537705,0.784320,0.656240,0.326363,0.960406,0.362616,19.930271
2468,0,1,0,13.788234,2.591139,0.537280,0.794862,0.661083,0.323791,0.968221,0.367059,20.181453
2469,1,1,1,10.965981,2.592800,0.544394,0.791606,0.656369,0.326062,0.969729,0.366167,17.362086
2470,1,1,1,13.385821,2.595243,0.538160,0.794775,0.655871,0.324055,0.972708,0.363440,19.781108
2471,0,1,0,13.617397,2.595914,0.544745,0.791593,0.661945,0.324523,0.974332,0.363052,20.025446
2472,1,1,1,11.442579,2.694788,0.549342,0.785576,0.653877,0.322954,0.967705,0.362277,17.930436
2473,1,1,1,10.408997,2.595372,0.538264,0.788794,0.653742,0.428899,0.975803,0.375619,16.914117
2474,0,1,0,13.960659,2.593748,0.541643,0.793280,0.779913,0.322148,0.973717,0.363932,20.479033
2475,1,1,1,10.396430,2.591034,0.533809,0.786012,0.658670,0.328019,0.973693,0.364141,16.784738
2476,1,1,1,13.364813,2.590142,0.542049,0.794973,0.657083,0.323864,0.971397,0.363446,19.756055
2477,0,1,0,13.127988,2.591939,0.535840,0.782473,0.656825,0.323705,0.973483,0.364461,19.502388
2478,0,1,0,13.593994,2.595544,0.543951,0.785987,0.660400,0.322757,0.965440,0.362683,19.980197
2479,0,1,0,13.686061,2.599157,0.536880,0.786467,0.653182,0.324621,0.975982,0.365846,20.078351
2480,1,1,1,13.285686,2.593987,0.542930,0.790111,0.653902,0.322209,0.972000,0.367212,19.679483
2481,1,1,1,10.861527,2.692444,0.538184,0.784954,0.655827,0.320468,0.971145,0.362640,17.337810
2482,1,1,1,11.430892,2.590258,0.661797,0.793736,0.658523,0.323938,0.968419,0.363797,17.941643
2483,1,1,1,10.550695,2.593329,0.533730,0.791207,0.657532,0.324296,0.963932,0.393471,16.961772
2484,1,1,1,13.216056,2.592301,0.546130,0.791692,0.660603,0.325736,1.061864,0.402880,19.753237
2485,1,1,1,10.986233,2.592271,0.538080,0.789255,0.653323,0.326283,0.970609,0.362904,17.368670
2486,1,1,1,12.629071,2.596117,0.541268,0.789250,0.660720,0.327040,0.971428,0.363625,19.031692
2487,1,1,1,11.105723,2.701206,0.538006,0.785582,0.657766,0.327661,0.958456,0.365932,17.589391
2488,1,1,1,13.334154,2.696062,0.543040,0.796381,0.659668,0.322584,0.976062,0.364406,19.843434
2489,0,1,0,13.521384,2.705009,0.539409,0.785944,0.653317,0.323520,0.961268,0.365330,20.004744
2490,1,1,1,11.026917,2.592092,0.538775,0.795083,0.771090,0.325600,0.968916,0.364301,17.533933
2491,1,1,1,10.415428,2.594449,0.538376,0.786548,0.662314,0.324080,0.974769,0.364782,16.810301
2492,1,1,1,11.109015,2.597047,0.539619,0.798695,0.653182,0.325742,0.972024,0.364425,17.509003
2493,1,1,1,13.448548,2.598210,0.537631,0.790228,0.658215,0.324929,0.966930,0.363464,19.836160
2494,1,1,1,13.306375,2.628572,0.542615,0.790849,0.655582,0.318105,0.970443,0.369268,19.814972
2495,1,1,1,11.717926,2.775939,0.886320,0.851809,0.785384,0.350763,0.978720,0.373662,18.901077
2496,1,1,1,11.505052,2.591760,0.679132,0.802166,0.660566,0.324333,0.969164,0.362049,18.045538
2497,1,1,1,10.499188,2.592111,0.537434,0.787846,0.650948,0.326191,0.980098,0.406387,16.931490
2498,1,1,1,13.286031,2.591662,0.547840,0.787944,0.653108,0.326579,0.970953,0.479569,19.795717
2499,0,1,0,13.346757,2.592874,0.535070,0.791797,0.651477,0.325249,0.960541,0.479748,19.833797
2500,1,1,1,13.285200,2.591852,0.539582,0.790449,0.658683,0.324043,0.970960,0.444178,19.762227
2501,1,1,1,11.703249,2.593317,0.543064,0.794320,0.655563,0.324253,0.968296,0.363723,18.095200
2502,1,1,1,13.350271,2.591224,0.543225,0.791212,0.654406,0.322713,0.972683,0.364683,19.743096
2503,1,1,1,10.399532,2.699576,0.541181,0.787594,0.658000,0.321957,0.971877,0.360634,16.890006
2504,1,1,1,10.445336,2.593151,0.538726,0.789945,0.868394,0.326216,0.973341,0.363760,17.054899
2505,1,1,1,10.414499,2.593662,0.538954,0.782142,0.659680,0.323089,0.973459,0.363224,16.797151
2506,0,1,0,13.603084,2.591932,0.536504,0.792376,0.660129,0.318505,0.970732,0.362787,19.988566
2507,1,1,1,10.451391,2.698652,0.535631,0.785101,0.654265,0.321883,0.958677,0.359415,16.914350
2508,1,1,1,11.279274,2.659003,0.575046,0.789631,0.656178,0.323705,0.969643,0.358264,17.765680
2509,1,1,1,13.391391,2.592843,0.676067,0.795292,0.659489,0.324283,0.971662,0.362456,19.920640
2510,1,1,1,11.497593,2.589883,0.540031,0.796025,0.756424,0.332093,0.967754,0.367723,18.007889
2511,0,1,1,13.319791,2.590129,0.536160,0.788800,0.654412,0.421969,0.971982,0.371692,19.803434
2512,0,1,1,13.167686,2.590087,0.540007,0.800726,0.654590,0.433335,0.972794,0.381267,19.695292
2513,0,1,0,13.533163,2.594049,0.538689,0.789200,0.658412,0.429348,0.974610,0.378246,20.045809
2514,1,1,1,11.463065,2.593101,0.540813,0.794972,0.666523,0.325607,0.970856,0.363218,17.869089
2515,1,1,1,11.128517,2.593120,0.540265,0.789809,0.660086,0.326874,0.960770,0.364339,17.515120
2516,1,1,1,13.232215,2.590621,0.534049,0.789052,0.659127,0.324665,0.968370,0.353920,19.602948
2517,0,1,0,13.066136,2.690406,0.537594,0.790068,0.658216,0.322806,0.970320,0.367883,19.553883
2518,0,1,1,13.587206,2.601354,0.541280,0.799237,0.651870,0.325680,0.974037,0.359840,19.992781
2519,1,1,1,10.542074,2.597576,0.629502,0.787409,0.654480,0.325754,0.959938,0.367157,17.014141
2520,1,1,0,13.553342,2.589760,0.643766,0.791163,0.657926,0.326067,0.967895,0.365526,20.045003
2521,0,1,0,13.024061,2.593859,0.535249,1.008197,0.666831,0.323200,0.972345,0.360283,19.633581
2522,1,1,1,10.624701,2.595661,0.537483,0.798757,0.653748,0.326584,1.039397,0.385127,17.111101
2523,1,1,0,12.439827,2.592400,0.537378,0.793052,0.659397,0.322566,0.959108,0.364419,18.816338
2524,1,1,1,11.320425,2.592529,0.535557,0.797662,0.654683,0.324147,0.972935,0.363890,17.710997
2525,1,1,1,10.474609,2.722991,0.541532,0.790831,0.651052,0.328130,0.970659,0.362375,16.990579
2526,1,1,1,12.647920,2.596062,0.652431,0.806000,0.663200,0.320794,0.973883,0.366080,19.181188
2527,1,1,1,13.380326,2.591218,0.640191,0.802111,0.667206,0.326916,0.974787,0.364867,19.902745
2528,1,1,1,10.462806,2.593379,0.539612,0.793674,0.655255,0.323859,0.972344,0.501249,16.991840
2529,1,1,1,10.361311,2.593520,0.539390,0.785379,0.658283,0.326967,0.970221,0.361415,16.743347
2530,1,1,1,10.916972,2.709619,0.539637,0.795151,0.654086,0.324892,0.972702,0.363852,17.428289
2531,0,1,0,13.531508,2.698911,0.538387,0.791022,0.658080,0.323569,0.961975,0.363539,20.020117
2532,1,1,1,13.136024,2.711089,0.540935,0.799686,0.659151,0.327181,0.970886,0.364461,19.660203
2533,1,1,1,13.325612,2.691330,0.544492,0.784947,0.656825,0.322923,0.970499,0.361409,19.810166
2534,1,1,1,11.012025,2.593330,0.540141,0.794732,0.856960,0.320474,0.969587,0.363034,17.601766
2535,1,1,1,13.367822,2.592547,0.537871,0.790757,0.760246,0.327772,0.960757,0.362634,19.852960
2536,1,1,1,13.460892,2.593163,0.544819,0.795490,0.767920,0.331299,0.968953,0.366154,19.984652
2537,1,1,1,13.352209,2.592658,0.534671,0.791335,0.773298,0.322849,0.960627,0.364769,19.844462
2538,1,1,1,12.315600,2.593065,0.546000,0.792172,0.653865,0.326246,0.960708,0.382560,18.721188
2539,0,1,0,13.615828,2.598781,0.533065,0.786345,0.655545,0.326930,0.965920,0.382566,20.019200
2540,1,1,1,13.147766,2.590074,0.536942,0.792449,0.656702,0.323778,1.037803,0.385009,19.622757
2541,0,1,0,13.580763,2.590098,0.536936,0.790911,0.656234,0.327299,0.977262,0.380917,19.990271
2542,1,1,1,10.988806,2.595237,0.538430,0.791385,0.654474,0.326775,0.969766,0.362025,17.376092
2543,0,1,0,13.572080,2.599631,0.540763,0.790966,0.657047,0.323336,0.970265,0.367053,19.971981
2544,1,1,1,13.275981,2.592941,0.533673,0.791459,0.655219,0.324997,0.971686,0.365790,19.662234
2545,1,1,0,13.382467,2.592062,0.539613,0.788769,0.655219,0.321760,0.966954,0.364363,19.763790
2546,0,1,0,13.709157,2.590819,0.540086,0.794290,0.653040,0.319631,0.971397,0.367237,20.094339
2547,1,1,1,12.318979,2.620209,0.542609,0.782135,0.657667,0.321870,0.960123,0.363336,18.726314
2548,1,1,1,9.169964,2.595360,0.541219,0.791981,0.792800,0.327865,0.968197,0.368770,15.712135
2549,1,1,1,13.291329,2.596849,0.537772,0.791255,0.788567,0.325710,0.971409,0.364074,19.820708
2550,1,1,1,13.491287,2.593224,0.541809,0.791544,0.802806,0.326136,0.970215,0.366492,20.038381
2551,1,1,1,13.261803,2.591686,0.541151,0.788314,0.782295,0.329206,0.973859,0.370098,19.792055
2552,1,1,0,13.831914,2.592898,0.538209,0.881852,0.686683,0.328603,0.969963,0.365791,20.354369
2553,1,1,1,10.405077,2.595095,0.539009,0.785920,0.661231,0.323206,0.975342,0.364579,16.800080
2554,1,1,1,13.394628,2.590418,0.538837,0.791422,0.661102,0.325403,0.972018,0.363342,19.788535
2555,1,1,1,11.628941,2.593464,0.539317,0.791532,0.656092,0.326991,0.959938,0.363625,18.009169
2556,1,1,1,12.961421,2.594658,0.538308,0.794837,0.660535,0.328566,0.974683,0.364252,19.369452
2557,1,1,1,13.345070,2.595631,0.544166,0.791520,0.658498,0.325698,0.970658,0.364307,19.744542
2558,1,1,1,13.330904,2.605914,0.543243,0.795422,0.661250,0.321643,0.974320,0.367987,19.854190
2559,1,1,1,10.482510,2.595139,0.727113,0.795028,0.654086,0.323107,0.958868,0.363507,17.051009
2560,1,1,1,10.485009,2.586738,0.544024,0.788129,0.656307,0.322487,0.978504,0.383742,16.898314
2561,1,1,1,10.472074,2.593237,0.536184,0.792683,0.655065,0.324874,0.970548,0.364135,16.858990
2562,0,1,0,12.840769,2.594750,0.536473,0.793212,0.655976,0.325698,0.969034,0.364369,19.230006
2563,1,1,1,10.480782,2.592351,0.682936,0.786424,0.654456,0.325378,0.973723,0.360954,17.007686
2564,1,1,1,12.211188,2.587040,0.542825,0.895914,0.677748,0.321243,0.970905,0.369040,18.730640
2565,1,1,1,11.504677,2.597483,0.545249,0.790074,0.653963,0.325440,0.973704,0.398147,17.940369
2566,0,1,1,13.426597,2.595649,0.543440,0.793200,0.656997,0.323803,0.970671,0.403028,19.865464
2567,0,1,0,13.439028,2.590314,0.540985,0.789902,0.655421,0.325803,1.001107,0.409249,19.906203
2568,1,1,1,13.282622,2.591021,0.542462,0.796511,0.656154,0.325502,0.969939,0.472019,19.789342
2569,1,1,1,10.465650,2.592917,0.536929,0.788941,0.658369,0.327133,0.973570,0.359796,16.851077
2570,1,1,1,10.527864,2.696628,0.540511,0.796277,0.658806,0.326942,0.969477,0.363699,17.029495
2571,1,1,1,11.263231,2.591932,0.535588,0.789132,0.772277,0.326806,0.974271,0.363827,17.763932
2572,0,1,0,13.042714,2.590356,0.537120,0.795594,0.653895,0.331747,0.968363,0.367231,19.529206
2573,1,1,1,12.565255,2.590652,0.543403,0.787797,0.655089,0.327255,0.962289,0.381415,18.962517
2574,1,1,1,10.415853,2.592948,0.537982,0.790708,0.655938,0.325194,0.971416,0.365378,16.805046
2575,1,1,1,13.358554,2.594584,0.537317,0.793299,0.651699,0.322301,0.962418,0.363933,19.732296
2576,1,1,1,11.537957,2.707680,0.546905,0.794530,0.651108,0.320473,0.968259,0.363452,18.039545
2577,1,1,1,10.517606,2.591680,0.543575,0.903305,0.679181,0.323501,0.959607,0.366277,17.038111
2578,1,1,1,13.325748,2.590314,0.547507,0.894942,0.681631,0.324074,0.969274,0.368142,19.857489
2579,1,1,1,9.616258,2.593508,0.538147,0.789415,0.666216,0.326185,0.959526,0.365637,16.006105
2580,1,1,1,13.393157,2.593526,0.541631,0.793329,0.658062,0.325877,0.973052,0.364529,19.793588
2581,1,1,1,10.485108,2.702068,0.548234,0.787674,0.657090,0.325053,0.972640,0.366695,16.994936
2582,1,1,1,13.325822,2.691588,0.546388,0.792006,0.653975,0.324019,0.974449,0.359951,19.819477
2583,1,1,1,10.510363,2.589353,0.536197,0.882572,0.673089,0.321957,0.962535,0.364714,16.996683
2584,1,1,1,10.419526,2.595994,0.542696,0.790916,0.657907,0.322917,0.973606,0.362991,16.820025
2585,1,1,1,10.323735,2.699544,0.543403,0.784326,0.657077,0.325280,0.970031,0.361298,16.814726
2586,1,1,1,11.357452,2.714535,0.551003,0.800197,0.656166,0.319526,0.973126,0.369803,17.898566
2587,1,1,1,13.302831,2.688012,0.536640,0.793649,0.653095,0.323261,0.974579,0.360153,19.782720
2588,1,1,1,13.124493,2.593773,0.658234,0.799507,0.655964,0.320744,0.973341,0.363409,19.641397
2589,1,1,1,13.301557,2.593902,0.670972,0.789625,0.660191,0.325981,0.969914,0.363865,19.825446
2590,1,1,1,11.005711,2.596511,0.539920,0.797871,0.651447,0.327219,0.969532,0.405022,17.448351
2591,1,1,1,10.526523,2.591852,0.537766,0.788105,0.655815,0.329877,0.961828,0.362406,16.903735
2592,1,1,1,13.355582,2.595988,0.540591,0.789403,0.654542,0.319711,0.957631,0.362037,19.729575
2593,1,1,1,12.221089,2.602228,0.532535,0.784179,0.658320,0.323225,0.974849,0.362486,18.606424
2594,1,1,1,13.446991,2.605680,0.545385,0.793969,0.656283,0.324233,0.967957,0.357852,19.849089
2595,1,1,1,13.622210,2.598837,0.538252,0.793846,0.660056,0.325834,0.973797,0.361908,20.025686
2596,1,1,1,13.301883,2.706277,0.545920,0.795797,0.662092,0.323458,0.971822,0.368024,19.828978
2597,1,1,1,10.476579,2.600259,0.641311,0.795871,0.656283,0.322480,0.970923,0.362264,16.977342
2598,1,1,0,13.594936,2.594388,0.644713,0.792585,0.659028,0.325169,0.967489,0.366129,20.095643
2599,1,1,1,11.463988,2.596381,0.539225,0.790640,0.657982,0.415101,0.974160,0.375533,17.964350
2600,1,1,1,11.381772,2.595249,0.534972,0.788713,0.659858,0.327735,0.970572,0.367083,17.774979
2601,1,1,1,9.071015,2.698917,0.542843,0.790412,0.657354,0.325415,0.969083,0.367391,15.571225
2602,1,1,1,13.275489,2.713797,0.546868,0.785237,0.655231,0.320018,0.959828,0.361926,19.770043
2603,1,1,1,13.312652,2.686498,0.537901,0.786831,0.653384,0.323766,0.962634,0.358019,19.773569
2604,1,1,1,13.096615,2.681717,0.541440,0.791305,0.657643,0.322910,0.975495,0.362418,19.584535
2605,1,1,1,12.147415,2.596523,0.539957,0.928338,0.661631,0.323440,0.969748,0.360480,18.680572
2606,1,1,1,10.601526,2.590936,0.536757,0.795920,0.657304,0.322167,0.971847,0.499957,17.128997
2607,1,1,1,11.427858,2.593735,0.541477,0.787865,0.655778,0.327421,0.960517,0.356265,17.799575
2608,1,1,1,11.150179,2.692406,0.544424,0.791908,0.656265,0.322505,0.970382,0.363864,17.642370
2609,1,1,1,13.274375,2.697354,0.546812,0.795064,0.655273,0.327231,0.969225,0.361803,19.776443
2610,1,1,1,13.268012,2.692271,0.542363,0.792019,0.655766,0.325397,0.971618,0.360653,19.760732
2611,1,1,1,11.607920,2.590627,0.639637,0.792726,0.651385,0.322215,0.965114,0.364363,18.083514
2612,1,1,1,10.564511,2.595637,0.537305,0.793102,0.657883,0.323988,0.971908,0.387342,16.983600
2613,1,1,1,10.470025,2.592172,0.532954,0.789950,0.658080,0.325717,0.972480,0.364302,16.854910
2614,1,1,1,10.538135,2.689280,0.547582,0.791501,0.660830,0.324676,0.970363,0.361286,17.035871
2615,1,1,1,10.436123,2.593347,0.540486,0.790117,0.652265,0.345550,0.976246,0.367139,16.957840
2616,0,1,0,13.723508,2.591957,0.543631,0.790991,0.782535,0.324573,0.975969,0.365299,20.255292
2617,1,1,1,10.997871,2.589397,0.535053,0.791434,0.655993,0.324622,0.971520,0.363618,17.379416
2618,1,1,1,13.307699,2.590806,0.537950,0.790892,0.653600,0.321274,0.969914,0.361877,19.685040
2619,1,1,1,11.995779,2.594086,0.539379,0.792449,0.655366,0.324030,0.976535,0.362283,18.391833
2620,1,1,1,13.343379,2.590726,0.540862,0.787661,0.660234,0.327865,0.969674,0.365815,19.738264
2621,1,1,1,10.370443,2.699347,0.534984,0.791730,0.656172,0.328437,0.972874,0.362873,16.866942
2622,1,1,1,11.577440,2.590867,0.545391,0.888031,0.665151,0.327010,0.975742,0.366806,18.089317
2623,0,1,0,13.244542,2.593255,0.536953,0.788609,0.778991,0.324203,0.974148,0.360320,19.752597
2624,1,1,1,13.313643,2.590215,0.541231,0.785729,0.760056,0.324942,0.972800,0.367846,19.807009
2625,1,1,1,13.107539,2.595649,0.540400,0.792566,0.767527,0.325354,0.975643,0.363754,19.622474
2626,1,1,1,11.374461,2.594554,0.543699,0.794597,0.655341,0.321692,0.970892,0.362597,17.769711
2627,1,1,1,11.459902,2.595699,0.540228,0.790104,0.657988,0.326560,0.971514,0.360025,17.853434
2628,1,1,1,13.339286,2.592043,0.542104,0.798511,0.655606,0.320769,0.972658,0.364216,19.737095
2629,1,1,1,13.312462,2.591951,0.538289,0.789015,0.660061,0.320874,0.970179,0.361840,19.692228
2630,1,1,1,11.892886,2.687231,0.544578,0.791588,0.661015,0.322911,0.969557,0.361458,18.381871
2631,0,1,1,13.571213,2.709816,0.540628,0.789348,0.662019,0.323513,0.971773,0.365570,20.084400
2632,0,1,0,13.325779,2.688720,0.543582,0.790880,0.653747,0.326874,0.969157,0.360307,19.811342
2633,1,1,1,11.297939,2.591305,0.686412,0.794498,0.659938,0.323434,0.969415,0.364899,17.839729
2634,1,1,1,13.268837,2.601483,0.674123,0.802689,0.659341,0.319773,0.974271,0.358215,19.812025
2635,1,1,1,11.452437,2.594056,0.541594,0.789747,0.654252,0.436911,0.979206,0.386794,17.985526
2636,1,1,0,13.296806,2.594376,0.540431,0.794173,0.659938,0.408388,0.990523,0.392905,19.829249
2637,1,1,1,13.347994,2.594056,0.540788,0.788345,0.651827,0.326370,1.074751,0.398646,19.876443
2638,1,1,0,13.174812,2.595507,0.539366,0.794284,0.659262,0.323643,0.972911,0.392874,19.607287
2639,0,1,0,13.024394,2.595090,0.540246,0.792443,0.657329,0.321797,0.965089,0.397249,19.443557
2640,1,1,1,10.376301,2.589415,0.543840,0.790609,0.655304,0.322843,0.969619,0.362517,16.760228
2641,1,1,1,10.433784,2.822093,0.541693,0.787754,0.659963,0.323957,0.974351,0.361409,17.056203
2642,0,1,0,13.511033,2.700880,0.542455,0.794886,0.656314,0.323717,0.973932,0.362142,20.016517
2643,1,1,1,10.493606,2.591575,0.541440,0.795994,0.659347,0.420105,0.976775,0.367570,16.995993
2644,1,1,1,13.466308,2.593913,0.535065,0.796541,0.651982,0.429231,0.977059,0.370535,19.974671
2645,1,1,1,10.321705,2.596633,0.537421,0.788197,0.662412,0.325994,0.972061,0.365797,16.719458
2646,0,1,0,13.617785,2.594966,0.542049,0.794923,0.654677,0.324233,0.972887,0.363459,20.015969
2647,1,1,1,13.086455,2.595821,0.536603,0.790369,0.656000,0.322874,0.976308,0.364258,19.477403
2648,1,1,1,11.702067,2.695815,0.540099,0.791544,0.656751,0.325366,0.972707,0.363219,18.201366
2649,1,1,1,10.986339,2.699237,0.547212,0.791120,0.655779,0.322204,0.968356,0.361102,17.484240
2650,1,1,1,10.418467,2.601662,0.542172,0.799194,0.653249,0.322567,0.963656,0.398117,16.854055
2651,1,1,1,13.002264,2.595133,0.541089,0.790917,0.657969,0.323268,0.973465,0.481310,19.516775
2652,1,1,1,11.502566,2.590369,0.544284,0.793262,0.656339,0.321600,0.973292,0.359692,17.888197
2653,1,1,1,13.391360,2.596265,0.539132,0.786203,0.654197,0.320960,0.973280,0.366339,19.778923
2654,1,1,1,11.494652,2.696043,0.545175,0.793766,0.655729,0.323311,0.971705,0.364831,17.998000
2655,1,1,1,11.490326,2.711342,0.541446,0.782043,0.657496,0.325440,0.963046,0.364277,17.986388
2656,1,1,1,12.283465,2.595311,0.546824,0.904542,0.662129,0.326708,0.971120,0.365133,18.806535
2657,0,1,0,13.996504,2.594652,0.638696,0.795052,0.659397,0.322862,0.972087,0.363673,20.489588
2658,1,1,1,10.982997,2.589741,0.542333,0.787090,0.660080,0.324917,0.970062,0.394203,17.404037
2659,0,1,0,13.568197,3.020498,0.534117,0.783834,0.655846,0.413890,0.975096,0.367939,20.471582
2660,1,1,1,12.608720,2.591139,0.539163,0.795022,0.657348,0.325243,0.962006,0.386412,19.018671
2661,1,1,1,10.369988,2.592382,0.541243,0.789224,0.650745,0.323305,0.974000,0.366296,16.755908
2662,1,1,1,10.541096,2.689421,0.546966,0.791545,0.656000,0.323397,0.973447,0.366031,17.038899
2663,1,1,1,11.434578,2.597514,0.538160,0.927021,0.669255,0.325151,0.961145,0.361188,17.965446
2664,0,1,0,13.416000,2.591317,0.543582,0.909563,0.667760,0.324013,0.968873,0.369256,19.944222
2665,1,1,1,10.411261,2.592683,0.542037,0.791693,0.650720,0.323618,0.968191,0.364960,16.794018
2666,1,1,1,11.601416,2.589884,0.542812,0.793453,0.657606,0.324978,0.969163,0.366990,17.998178
2667,0,1,1,13.544738,2.597120,0.535495,0.792203,0.655206,0.323090,0.961151,0.360640,19.918948
2668,1,1,1,10.380640,2.698166,0.541372,0.791391,0.654991,0.322252,0.972111,0.361034,16.875391
2669,1,1,0,13.224751,2.693742,0.545569,0.790093,0.656111,0.321317,0.963446,0.367065,19.711539
2670,1,1,1,10.595200,2.593459,0.537176,0.797176,0.656659,0.413058,0.973711,0.380584,17.100560
2671,1,1,1,10.393010,2.592412,0.539403,0.790818,0.661218,0.322407,0.960296,0.363680,16.773114
2672,1,1,1,13.493304,2.599483,0.539268,0.793058,0.653059,0.324123,0.974548,0.364597,19.891883
2673,0,1,0,13.807735,2.591988,0.540000,0.790370,0.655533,0.323428,0.970757,0.364757,20.195569
2674,1,1,1,11.047127,2.694185,0.543809,0.789046,0.651311,0.320536,0.970905,0.363976,17.536523
2675,1,1,0,10.802006,2.597588,0.647587,0.791551,0.663299,0.324905,0.959902,0.360412,17.299428
2676,1,1,1,10.987662,2.592794,0.544511,0.795231,0.655120,0.324031,0.965440,0.401212,17.420461
2677,1,1,1,13.270296,2.594615,0.540966,0.797514,0.657034,0.326979,0.972775,0.396123,19.709145
2678,1,1,1,10.509360,2.591372,0.550129,0.798701,0.656264,0.327151,0.971058,0.361784,16.915347
2679,1,1,0,9.098960,2.591028,0.634553,0.796320,0.663397,0.325286,0.971391,0.364843,15.597409
2680,1,1,1,13.389095,2.593059,0.636468,0.795268,0.661557,0.320813,0.975446,0.361760,19.887409
2681,1,1,1,11.216997,2.593101,0.539816,0.789452,0.656652,0.326350,0.966677,0.385661,17.625588
2682,1,1,0,13.016449,2.588825,0.541440,0.787859,0.655908,0.322984,0.971311,0.386240,19.425545
2683,1,1,1,13.276387,2.591914,0.535347,0.787341,0.655643,0.323951,0.971809,0.467212,19.761237
2684,1,1,1,10.049994,2.593927,0.536332,0.789747,0.648049,0.325139,0.971914,0.361766,16.424443
2685,0,1,0,13.577944,2.598227,0.537945,0.791446,0.659139,0.321748,0.970135,0.364313,19.969600
2686,1,1,1,10.442320,2.693310,0.579274,0.799871,0.658246,0.323760,0.975212,0.364763,16.992911
2687,1,1,1,13.226031,2.592412,0.663262,0.787120,0.652727,0.325034,0.958972,0.363502,19.720443
2688,1,1,1,11.000431,2.591151,0.534947,0.796136,0.659816,0.326849,0.974062,0.394129,17.434332
2689,1,1,1,10.920394,2.594290,0.536935,0.790726,0.657483,0.327317,0.970924,0.361212,17.308313
2690,0,1,0,13.364117,2.595157,0.538209,0.797970,0.661532,0.327305,0.970148,0.363311,19.769206
2691,1,1,1,11.453477,2.697477,0.546985,0.792135,0.657957,0.327625,0.976775,0.365022,17.968653
2692,1,1,1,10.471699,2.590942,0.642339,0.804074,0.660566,0.320092,0.967834,0.360043,16.970093
2693,0,1,0,13.342775,2.594259,0.680831,0.799256,0.662449,0.326154,0.975059,0.363335,19.895409
2694,0,1,0,13.563711,2.589612,0.639840,0.797065,0.660578,0.327329,0.959003,0.366252,20.056265
2695,1,1,1,10.414339,2.595010,0.536289,0.787791,0.661969,0.322123,1.072905,0.384689,16.925600
2696,1,1,1,10.061366,2.596622,0.541353,0.794985,0.664326,0.323550,0.974966,0.368135,16.478474
2697,0,1,0,13.769261,2.593693,0.535717,0.789827,0.658191,0.322142,0.971391,0.362763,20.150849
2698,1,1,1,11.016868,2.694775,0.541876,0.794505,0.653840,0.324437,0.970954,0.358849,17.506708
2699,1,1,1,10.496609,2.593397,0.536633,0.786351,0.777219,0.329200,0.977422,0.547021,17.210997
2700,1,1,1,13.660332,2.592855,0.541132,0.790585,0.796726,0.327539,0.976110,0.362154,20.205366
2701,1,1,1,13.217723,2.590068,0.544948,0.792080,0.804473,0.326388,0.969053,0.366615,19.764074
2702,1,1,1,10.439649,2.589293,0.539101,0.795619,0.660338,0.323379,0.972339,0.369477,16.842141
2703,0,1,0,13.760806,2.590818,0.547323,0.789810,0.657631,0.328314,0.958726,0.361846,20.145366
2704,1,1,1,10.527508,2.714695,0.541926,0.788646,0.656006,0.325766,0.973489,0.364634,17.044726
2705,1,1,1,13.126634,2.743741,0.544652,0.792381,0.654997,0.319053,0.973391,0.356640,19.660431
2706,1,1,1,13.470141,2.696510,0.539594,0.791932,0.658591,0.323274,0.965686,0.367821,19.965378
2707,1,1,1,10.396111,2.594099,0.537563,0.903760,0.663994,0.321286,0.960166,0.364000,16.891089
2708,1,1,1,10.510147,2.591649,0.536308,0.793397,0.654129,0.322277,0.974345,0.458536,16.992332
2709,1,1,1,11.475496,2.588757,0.538541,0.788050,0.656985,0.321083,0.970621,0.363194,17.850462
2710,1,1,1,10.411938,2.689021,0.548585,0.790222,0.652985,0.322000,0.972467,0.364726,16.905126
2711,1,1,1,10.411003,2.595009,0.534806,0.788468,0.770831,0.327988,0.974634,0.366431,16.923575
2712,1,1,1,10.440314,2.589483,0.539686,0.790812,0.655416,0.326339,0.972437,0.363656,16.828160
2713,1,1,1,11.411434,2.590794,0.538338,0.786068,0.654314,0.325631,0.972634,0.357760,17.784714
2714,1,1,1,10.592296,2.692019,0.545176,0.794886,0.659311,0.322320,0.973865,0.364179,17.097797
2715,1,1,1,13.215520,2.593477,0.652111,0.788973,0.658172,0.323920,0.963409,0.363520,19.709459
2716,1,1,1,11.026431,2.596056,0.539735,0.795010,0.658172,0.327773,0.962277,0.385753,17.442689
2717,0,1,0,13.560628,2.587625,0.533181,0.799594,0.659015,0.325372,0.964437,0.389188,19.972191
2718,1,1,1,11.359864,2.592972,0.541908,0.798049,0.654536,0.321028,0.968018,0.362745,17.751674
2719,1,1,1,10.372825,2.715237,0.546215,0.786936,0.657133,0.326788,0.970289,0.362357,16.890954
2720,1,1,1,9.299754,2.595717,0.541600,0.789095,0.755742,0.333397,0.970929,0.366216,15.821391
2721,1,1,1,10.495151,2.594788,0.538117,0.788314,0.656720,0.322092,0.970277,0.361655,16.876936
2722,1,1,1,13.574659,2.599157,0.539907,0.798702,0.652382,0.325550,0.972381,0.364418,19.978486
2723,1,1,1,10.464333,2.703440,0.545434,0.793157,0.654000,0.323939,0.963538,0.363544,16.963237
2724,1,1,1,10.561194,2.593736,0.538523,0.902449,0.663212,0.326424,0.970794,0.363686,17.068806
2725,1,1,1,10.479385,2.595957,0.538351,0.788455,0.654252,0.326966,0.968726,0.365237,16.868043
2726,1,1,1,13.299348,2.591588,0.546000,0.791077,0.655619,0.323563,0.969490,0.364006,19.692462
2727,0,1,0,13.523538,2.595576,0.540431,0.787625,0.661200,0.322665,0.960800,0.360861,19.903280
2728,1,1,1,10.648991,2.594585,0.536714,0.792640,0.657766,0.323495,0.970197,0.362456,17.039219
2729,1,1,0,13.569157,2.592868,0.537810,0.787126,0.656794,0.322419,0.973071,0.364344,19.955784
2730,1,1,1,11.308899,2.710074,0.550652,0.792984,0.656135,0.322320,0.967748,0.361101,17.821569
2731,0,1,0,13.594498,2.705926,0.544745,0.789028,0.658117,0.318067,0.962948,0.365058,20.087901
2732,1,1,1,10.609193,2.592677,0.542086,0.789366,0.795717,0.327630,0.972449,0.363643,17.146763
2733,1,1,1,13.286763,2.601046,0.547975,0.791151,0.758831,0.322763,0.969766,0.366424,19.797464
2734,1,1,1,11.472160,2.596000,0.533372,0.795390,0.658868,0.323932,0.972080,0.360173,17.864215
2735,1,1,1,13.218837,2.594486,0.540929,0.786979,0.655748,0.325145,0.959132,0.358363,19.586911
2736,1,1,1,11.089496,2.591686,0.544511,0.795846,0.656590,0.324203,0.971933,0.363964,17.487661
2737,1,1,1,13.355834,2.591772,0.539969,0.791680,0.657704,0.324443,0.972295,0.361607,19.741791
2738,1,1,1,9.182110,2.595532,0.541230,0.893809,0.679176,0.323704,0.970763,0.360597,15.700579
2739,1,1,1,13.297895,2.594000,0.545723,0.874622,0.691630,0.326529,0.974683,0.367293,19.827446
2740,1,1,1,11.241273,2.591459,0.541440,0.794276,0.652535,0.323606,0.967212,0.474363,17.740800
2741,1,1,1,13.225815,2.590653,0.538332,0.793268,0.657052,0.321274,0.972381,0.442430,19.697218
2742,1,1,1,13.121421,2.597895,0.537058,0.789422,0.651785,0.326338,0.973416,0.363723,19.513262
2743,1,1,1,11.927107,2.592061,0.539545,0.791680,0.664055,0.326646,0.962615,0.363816,18.318492
2744,1,1,1,10.548536,2.697138,0.539470,0.794665,0.654566,0.324960,0.971858,0.361317,17.043970
2745,1,1,0,12.801225,2.710431,0.544351,0.786769,0.655268,0.325773,0.971028,0.365427,19.311729
2746,1,1,1,11.268819,2.594050,0.541114,0.795084,0.764327,0.318289,0.968757,0.366996,17.773145
2747,1,1,0,13.410301,2.593538,0.535495,0.786627,0.759557,0.326782,0.961003,0.361834,19.884935
2748,1,1,0,13.490800,2.587514,0.539920,0.795803,0.788831,0.326455,0.971200,0.366591,20.018221
2749,1,1,1,11.677717,2.592148,0.543784,0.792530,0.656818,0.325194,0.976966,0.388412,18.103342
2750,1,1,1,13.427151,2.595403,0.539723,0.793822,0.661311,0.322695,1.006276,0.383803,19.883520
2751,1,1,1,13.264935,2.590511,0.535163,0.786935,0.654788,0.324160,0.970622,0.492794,19.768948
2752,1,1,1,11.438511,2.594794,0.533453,0.797415,0.656597,0.321957,0.960610,0.365496,17.819809
2753,1,1,1,10.409520,2.707994,0.544690,0.789920,0.654056,0.320769,0.971440,0.364609,16.912055
2754,1,1,1,11.011348,2.816277,0.667613,1.002252,0.813471,0.396960,0.999262,0.540535,18.441673
2755,1,1,1,11.496695,2.729108,0.595021,0.902080,0.951298,0.400166,0.988056,0.503914,18.756443
2756,1,1,1,11.514954,2.647114,0.555391,0.790597,0.661280,0.324590,0.980290,0.471859,18.112222
2757,1,1,1,10.974105,2.600664,0.557101,0.813151,0.675791,0.335582,0.974431,0.386160,17.474209
2758,1,1,0,14.034068,2.665514,0.557194,0.790714,0.668542,0.325409,0.972086,0.385963,20.557760
2759,1,1,1,11.875527,2.687613,0.575625,1.004707,0.889366,0.415133,0.998751,0.521735,19.166116
2760,1,1,1,11.703895,2.830935,0.603859,0.889606,0.804572,0.371397,0.980671,0.489286,18.881298
2761,1,1,1,14.315256,2.603902,0.547169,0.792837,0.663323,0.327231,0.977539,0.383458,20.767403
2762,1,1,1,13.544185,2.605754,0.553114,0.794425,0.676911,0.327950,0.970228,0.510259,20.148498
2763,1,1,1,11.501010,4.305323,0.669194,1.081957,0.742899,0.333643,0.964689,0.391735,20.162800
2764,1,1,1,11.427754,3.342622,0.655452,0.894763,0.827188,0.409526,0.995046,1.399336,20.169483
2765,1,1,1,13.000505,2.775606,0.639397,1.131108,0.806763,0.406160,0.995606,0.561994,20.530603
2766,1,1,0,15.067902,2.815655,0.670179,0.908689,0.809255,0.494233,0.972899,0.505348,22.466025
2767,1,1,1,13.453095,2.595003,0.544541,0.786351,0.659742,0.341710,0.975169,0.372031,19.988000
2768,0,1,0,9.873766,2.591821,0.545268,0.787095,0.659797,0.322110,0.966936,0.367514,16.265409
2769,1,1,1,10.969772,2.713095,0.542572,0.789877,0.657256,0.321040,0.974228,0.359299,17.478387
2770,1,1,1,13.342480,2.700154,0.542751,0.790892,0.658757,0.322664,0.969920,0.366117,19.846610
2771,1,1,1,13.284486,2.706117,0.545028,0.786462,0.654387,0.321784,0.958350,0.358068,19.764917
2772,1,1,1,11.526572,2.590653,0.666824,0.801877,0.656892,0.329667,0.970012,0.362664,18.058400
2773,1,1,1,10.731877,2.592320,0.538480,0.788480,0.655502,0.326603,0.975077,0.397292,17.156566
2774,1,1,1,10.958099,2.595071,0.544351,0.792215,0.657945,0.327089,0.974486,0.360179,17.356265
2775,1,1,1,11.377760,2.718751,0.545010,0.784338,0.658277,0.322455,0.962110,0.363742,17.884849
2776,1,1,1,11.915981,2.701040,0.546253,0.793889,0.660646,0.323305,0.973434,0.364517,18.429699
2777,1,1,1,10.882419,2.594462,0.537668,0.793865,0.767206,0.322960,0.970640,0.367680,17.391656
2778,1,1,1,10.545539,2.593815,0.538727,0.792080,0.661625,0.324160,0.974714,0.362769,16.944751
2779,1,1,1,10.443083,2.699735,0.538338,0.790455,0.659791,0.325341,0.960025,0.361058,16.926154
2780,1,1,1,10.539027,2.593993,0.537631,0.904973,0.667600,0.326523,0.968221,0.364800,17.057366
2781,1,1,1,11.176984,2.590031,0.543877,0.790750,0.657649,0.331219,0.971625,0.394043,17.607618
2782,0,1,0,13.562621,2.587495,0.537471,0.789569,0.655335,0.324135,0.971944,0.412258,19.995489
2783,1,1,1,11.152726,2.591224,0.537637,0.792616,0.656954,0.331151,0.974960,0.364290,17.552037
2784,1,1,1,13.343070,2.591083,0.537065,0.790782,0.657341,0.319471,0.970233,0.363360,19.723065
2785,1,1,1,11.082443,2.738837,0.542554,0.790597,0.659187,0.327003,0.971071,0.363059,17.626332
2786,1,1,1,11.463686,2.697864,0.546351,0.802683,0.652880,0.321858,0.970714,0.366253,17.974744
2787,1,1,1,10.417895,2.591459,0.545009,0.791483,0.650818,0.325459,0.970185,0.386265,16.829022
2788,1,1,1,11.526843,2.592068,0.535311,0.797366,0.653397,0.323114,0.969274,0.358917,17.906573
2789,1,1,1,12.538683,2.593064,0.534603,0.791865,0.659040,0.329170,0.972061,0.356800,18.923908
2790,1,1,1,10.513692,2.688542,0.541981,0.792381,0.655372,0.323262,0.976289,0.363212,17.006098
2791,0,1,0,13.558326,2.690363,0.540357,0.791773,0.656093,0.321637,0.974701,0.360763,20.044831
2792,1,1,1,10.565317,2.590579,0.536524,0.793108,0.779871,0.323711,0.958098,0.365730,17.068172
2793,0,1,0,13.357932,2.593176,0.542757,0.795563,0.787169,0.327459,0.968350,0.363729,19.888486
2794,1,1,1,12.853267,2.594326,0.541022,0.799588,0.655581,0.432751,0.972381,0.386190,19.387409
2795,1,1,1,10.394677,2.594640,0.535692,0.791335,0.663145,0.325643,0.975120,0.358473,16.785902
2796,1,1,1,10.426837,2.713458,0.545674,0.791914,0.660105,0.326572,0.969821,0.367779,16.952904
2797,1,1,1,13.245502,2.713089,0.538493,0.788603,0.661581,0.325932,0.975649,0.367145,19.766110
2798,1,1,1,13.262468,2.713637,0.540167,0.787527,0.658837,0.324923,0.971330,0.364566,19.775243
2799,1,1,1,13.316092,2.695766,0.544025,0.786382,0.654720,0.323871,0.972782,0.367317,19.812634
2800,1,1,1,13.209970,2.694764,0.541250,0.797538,0.656024,0.328547,0.972130,0.366695,19.723015
2801,1,1,1,11.334061,2.592025,0.546326,1.019526,0.677483,0.323083,0.971366,0.364480,17.981379
2802,0,1,0,13.460775,2.596659,0.546000,0.902024,0.662425,0.327464,0.972160,0.363255,19.984806
2803,1,1,1,12.732529,2.592850,0.543630,0.790893,0.772117,0.327575,0.973588,0.364757,19.247311
2804,1,1,1,13.234357,2.590148,0.540782,0.788449,0.777870,0.324948,0.977883,0.366098,19.758474
2805,1,1,1,10.533908,2.592683,0.538074,0.786745,0.657298,0.322462,0.971557,0.360068,16.914665
2806,1,1,1,13.386191,2.595945,0.543225,0.793883,0.654240,0.323372,0.973896,0.371668,19.794443
2807,1,1,1,10.356954,2.698849,0.539372,0.790098,0.655693,0.321618,0.975833,0.364886,16.855329
2808,1,1,1,12.825016,2.685557,0.546948,0.791053,0.661926,0.323895,0.971901,0.365760,19.323292
2809,1,1,1,10.997157,2.593735,0.536209,0.890689,0.675945,0.322812,0.972172,0.367446,17.506874
2810,0,1,1,13.296517,2.593606,0.544179,0.894178,0.684326,0.327342,0.976129,0.366467,19.838080
2811,1,1,1,13.301046,2.595858,0.544301,0.795723,0.784332,0.323132,0.961963,0.365255,19.827871
2812,1,1,1,11.409618,2.594117,0.541286,0.789508,0.652030,0.324794,0.973323,0.488714,17.927280
2813,1,1,1,10.928954,2.595317,0.542326,0.789828,0.657458,0.319710,0.971877,0.361268,17.317428
2814,1,1,1,13.410351,2.595095,0.543046,0.789815,0.655354,0.325809,0.974424,0.364517,19.808190
2815,1,1,1,13.214418,2.598381,0.537212,0.790800,0.657865,0.324609,0.974689,0.361496,19.607391
2816,1,1,0,13.584794,2.594498,0.537366,0.794148,0.656148,0.325231,0.970147,0.363163,19.979465
2817,1,1,1,13.142640,2.594966,0.540203,0.786806,0.657649,0.328345,0.969292,0.359791,19.529822
2818,1,1,1,10.560111,2.705791,0.542456,0.783630,0.655114,0.322154,0.974141,0.363397,17.057834
2819,1,1,1,13.380843,2.690215,0.546099,0.790523,0.657649,0.321483,0.974345,0.360923,19.872627
2820,0,1,0,13.288750,2.704320,0.547453,0.788708,0.657938,0.322474,0.971434,0.365686,19.798375
2821,1,1,1,11.285674,2.599514,0.541766,0.787889,0.654794,0.430603,0.974579,0.371551,17.796640
2822,1,1,1,13.203274,2.595261,0.538061,0.792892,0.655114,0.445071,0.976117,0.383932,19.741139
2823,1,1,1,9.497581,2.591784,0.543194,0.789212,0.658535,0.325367,0.959723,0.363138,15.878837
2824,1,1,1,11.204351,2.688277,0.547797,0.796511,0.655748,0.324505,0.970172,0.362929,17.705619
2825,1,1,1,11.562105,2.591416,0.636726,0.800732,0.662160,0.323403,0.972733,0.359256,18.059317
2826,0,1,0,13.542259,2.595028,0.651403,0.805046,0.659323,0.326468,0.974012,0.369730,20.077723
2827,0,1,0,13.407280,2.588991,0.645502,0.793753,0.658683,0.320782,0.960554,0.368856,19.894430
2828,1,1,1,10.836985,2.597292,0.535687,0.794468,0.657016,0.326326,0.967686,0.391508,17.259791
2829,1,1,1,13.162425,2.591200,0.541544,0.783803,0.660997,0.326683,1.030148,0.398412,19.647698
2830,0,1,0,12.820166,2.593834,0.546302,0.791397,0.656634,0.323311,0.975200,0.364123,19.223662
2831,1,1,1,11.568511,2.596781,0.534910,0.790788,0.657083,0.321237,0.962209,0.362462,17.945926
2832,1,1,1,10.350498,2.687938,0.538290,0.786745,0.656640,0.323846,0.968653,0.365378,16.829680
2833,1,1,1,10.974308,2.595747,0.538314,0.791292,0.823027,0.325280,0.973686,0.363526,17.538695
2834,1,1,1,10.501932,2.593397,0.540000,0.795194,0.656573,0.324850,0.972037,0.363403,16.899963
2835,1,1,1,11.137299,2.599391,0.537206,0.784720,0.661926,0.322738,0.961403,0.368357,17.523249
2836,1,1,1,10.509102,2.687034,0.547950,0.790203,0.651933,0.321594,0.971607,0.365699,16.998104
2837,1,1,1,13.372276,2.594387,0.632708,0.794104,0.661680,0.324234,0.958695,0.366203,19.856665
2838,1,1,1,13.249372,2.591520,0.646277,0.796369,0.653514,0.322793,0.972462,0.363889,19.748787
2839,1,1,1,13.391747,2.593354,0.633065,0.790621,0.662486,0.323465,0.961459,0.364824,19.870104
2840,1,1,1,11.380732,2.630400,0.541582,0.788769,0.653083,0.406653,0.973490,0.380259,17.908006
2841,0,1,1,10.961656,2.590904,0.541175,0.789181,0.653661,0.321145,0.973304,0.362000,17.341526
2842,1,1,1,13.310110,2.593040,0.544991,0.794591,0.659206,0.325705,0.972739,0.363187,19.717274
2843,1,1,1,11.023157,2.726843,0.542289,0.792695,0.653908,0.322665,0.958658,0.361834,17.533588
2844,1,1,1,11.515243,2.710849,0.551587,0.796375,0.651508,0.322394,0.974412,0.365747,18.041070
2845,1,1,1,10.453828,2.591606,0.542013,0.790098,0.657613,0.326339,1.055791,0.396744,16.965280
2846,1,1,1,10.552862,2.593071,0.542381,0.791649,0.659495,0.325366,0.970271,0.366924,16.954793
2847,1,1,1,10.415754,2.698203,0.547945,0.787631,0.657421,0.325305,0.976652,0.360363,16.919846
2848,1,1,1,13.309108,2.691890,0.545816,0.798437,0.650806,0.325489,0.973957,0.357723,19.807619
2849,1,1,1,11.857988,2.593532,0.644209,0.792197,0.652049,0.320633,0.969262,0.361852,18.343335
2850,1,1,1,10.613784,2.591065,0.537335,0.789501,0.660394,0.322105,0.963674,0.384523,17.016449
2851,1,1,1,10.462413,2.590978,0.538037,0.787175,0.655643,0.322597,0.963613,0.362554,16.835335
2852,1,1,1,11.381206,2.694062,0.539871,0.792350,0.657619,0.323434,0.971311,0.360683,17.873255
2853,0,1,0,13.517163,2.712868,0.542708,0.782548,0.654923,0.322739,0.969440,0.364911,20.018979
2854,1,1,0,13.484843,2.686400,0.552012,0.797957,0.651538,0.325200,0.971446,0.363871,19.986178
2855,1,1,1,11.439231,2.590603,0.671219,0.790732,0.657686,0.322603,0.973465,0.366517,17.958880
2856,1,1,1,10.417717,2.593643,0.540763,0.799169,0.657428,0.323932,0.967133,0.392634,16.844825
2857,1,1,1,10.472400,2.592640,0.538658,0.787470,0.659237,0.327705,0.971927,0.364873,16.863182
2858,0,1,0,13.779606,2.596769,0.542819,0.796326,0.655790,0.327206,0.968880,0.366290,20.185182
2859,1,1,1,13.381274,2.593821,0.549366,0.788504,0.660055,0.328566,0.959976,0.363009,19.773913
2860,1,1,1,13.439668,2.593963,0.538056,0.793138,0.654129,0.328142,0.970714,0.360529,19.830197
2861,1,1,1,10.508659,2.694511,0.538295,0.792314,0.653821,0.323790,0.973182,0.360874,16.995852
2862,1,1,1,13.747575,2.806517,0.618671,0.880222,0.740012,0.367680,0.970246,0.445939,20.762258
2863,1,1,0,14.415612,3.068179,0.620338,0.867120,0.751077,0.383612,0.987544,0.375538,21.638412
2864,1,1,1,14.096018,2.594437,0.546701,0.793397,0.658024,0.320535,0.969496,0.366634,20.497914
2865,1,1,1,11.023551,2.712892,0.542363,0.789833,0.655539,0.324018,0.974012,0.365391,17.538504
2866,1,1,1,13.260781,2.709501,0.545618,0.793280,0.655489,0.319846,0.969348,0.362419,19.769040
2867,1,1,1,10.436049,2.599360,0.542584,0.790006,0.798892,0.324271,0.962136,0.366172,16.972210
2868,1,1,1,12.327729,2.597151,0.544788,0.793785,0.659409,0.325360,0.974092,0.395680,18.771409
2869,1,1,1,10.397028,2.595785,0.545027,0.792985,0.659083,0.319095,0.975372,0.368332,16.802160
2870,1,1,1,13.537551,2.597163,0.536209,0.793108,0.652363,0.325674,0.968111,0.363667,19.925052
2871,0,1,0,13.340443,2.593108,0.542843,0.787489,0.653816,0.324991,0.963471,0.368147,19.723871
2872,1,1,1,12.771649,2.593366,0.542006,0.794892,0.656080,0.323231,0.959077,0.360333,19.151594
2873,1,1,1,11.362517,2.691994,0.543932,0.791779,0.659335,0.323803,0.970874,0.363539,17.858030
2874,1,1,1,13.309329,2.693077,0.547686,0.795471,0.654197,0.323662,0.975655,0.367674,19.818203
2875,1,1,1,9.130437,2.591268,0.534813,0.793114,0.655821,0.327409,0.964597,0.490505,15.636917
2876,1,1,0,13.231434,2.594640,0.541655,0.794000,0.658510,0.327576,0.972203,0.469157,19.744086
2877,1,1,1,9.010849,2.696431,0.543827,0.794320,0.656179,0.323914,0.970093,0.363237,15.509446
2878,0,1,0,13.266480,2.691065,0.542129,0.791686,0.654684,0.323397,0.972973,0.364640,19.762024
2879,0,1,0,13.550935,2.687145,0.545126,0.789489,0.655544,0.322400,0.974012,0.365908,20.042191
2880,0,1,1,12.561452,2.689927,0.536886,0.789305,0.654690,0.324006,0.972911,0.357963,19.039175
2881,1,1,1,10.537957,2.596954,0.543138,0.787464,0.725846,0.336345,0.973317,0.367932,17.040240
2882,1,1,0,9.195815,2.594074,0.546499,0.796714,0.656129,0.324991,0.971833,0.363280,15.601015
2883,1,1,1,10.386904,2.698326,0.544302,0.791218,0.657409,0.324480,0.973489,0.363736,16.893415
2884,1,1,1,10.555286,2.595317,0.534634,0.787785,0.654979,0.414609,0.971206,0.380320,17.047809
2885,1,1,1,13.349145,2.590505,0.542356,0.794732,0.653114,0.430769,0.975514,0.385114,19.873053
2886,0,1,0,13.308480,2.591612,0.544689,0.796695,0.657656,0.326948,0.972259,0.387163,19.736954
2887,1,1,1,11.609840,2.594209,0.537828,0.791490,0.652135,0.325071,0.959981,0.365101,17.985975
2888,1,1,1,13.361070,2.590984,0.539009,0.797477,0.653587,0.325496,0.973858,0.364185,19.756258
2889,1,1,1,10.043655,2.698776,0.543563,0.793446,0.657182,0.323071,0.972295,0.367077,16.548437
2890,0,1,0,13.444351,2.694210,0.539526,0.795544,0.652615,0.323613,0.969268,0.360259,19.932431
2891,1,1,1,11.493914,2.592370,0.655729,0.792548,0.657372,0.324283,0.966124,0.362068,17.997766
2892,1,1,1,12.902676,2.593096,0.541871,0.908634,0.669107,0.326536,0.970314,0.361034,19.426467
2893,1,1,1,13.235938,2.599539,0.541317,0.901815,0.671133,0.324591,0.970738,0.363342,19.758708
2894,1,1,1,13.332547,2.592191,0.545384,0.906295,0.666738,0.323163,0.970425,0.360923,19.853114
2895,1,1,1,10.432487,2.595317,0.542277,0.786160,0.661791,0.327686,0.962240,0.363865,16.819871
2896,1,1,1,10.641385,2.596436,0.537169,0.796283,0.654757,0.327723,0.974910,0.362670,17.046240
2897,1,1,1,10.429391,2.696818,0.538283,0.790455,0.659865,0.322221,0.971576,0.361145,16.920234
2898,1,1,1,12.684000,2.597046,0.661360,0.806714,0.655957,0.325170,0.972739,0.363871,19.222184
2899,1,1,1,11.458062,2.595803,0.543446,0.794277,0.658037,0.325255,1.053544,0.380739,17.960782
2900,0,1,0,13.432603,2.592351,0.545711,0.798369,0.651563,0.324031,1.061890,0.384978,19.942516
2901,1,1,1,10.432332,2.596154,0.537028,0.789427,0.656960,0.320517,0.972234,0.360449,16.815735
2902,0,1,0,13.493643,2.591723,0.549101,0.790671,0.657335,0.323957,0.969877,0.359932,19.888505
2903,1,1,1,13.329679,2.598542,0.540025,0.795982,0.656350,0.323778,0.970111,0.363551,19.727538
2904,0,1,0,13.581126,2.594985,0.541151,0.793219,0.658184,0.318209,0.967139,0.364153,19.965914
2905,1,1,0,13.594825,2.594929,0.539040,0.789459,0.659723,0.320302,0.971945,0.361994,19.978437
2906,1,1,1,10.541391,2.692350,0.542209,0.796695,0.652172,0.319662,0.968455,0.361939,17.025981
2907,1,1,1,10.505545,2.588110,0.542043,0.790111,0.778744,0.326941,0.959908,0.366966,17.014314
2908,1,1,1,10.410123,2.595304,0.543563,0.801588,0.657354,0.322320,0.971329,0.358049,16.810818
2909,1,1,1,13.350498,2.593471,0.539907,0.788252,0.659742,0.327188,0.973453,0.360652,19.743754
2910,1,1,1,11.138683,2.595717,0.551243,0.797864,0.661563,0.326197,0.969033,0.364997,17.556781
2911,1,1,0,13.536855,2.600110,0.543913,0.783243,0.656326,0.321785,0.960049,0.362892,19.914720
2912,1,1,1,13.258449,2.684413,0.545865,0.795428,0.654978,0.323157,0.973447,0.361268,19.746554
2913,1,1,1,10.475883,2.588874,0.643938,0.795828,0.658788,0.329729,0.972708,0.364394,16.980787
2914,1,1,1,10.597464,2.588874,0.539815,0.787736,0.655335,0.320886,1.090424,0.389747,17.122610
2915,0,1,0,13.693840,2.597138,0.538948,0.790344,0.656092,0.323877,0.973102,0.378357,20.102369
2916,0,1,0,13.536572,2.590664,0.546455,0.791754,0.652929,0.322874,0.967483,0.377120,19.938714
2917,1,1,1,11.508745,2.594283,0.539138,0.787982,0.655791,0.323225,0.969501,0.364824,17.892240
2918,0,1,1,14.081385,2.596530,0.539588,0.795175,0.657951,0.323858,0.969169,0.362406,20.476370
2919,1,1,1,13.257440,2.592055,0.541797,0.789698,0.662246,0.324197,0.959649,0.364344,19.641982
2920,0,1,0,13.648647,2.590050,0.544523,0.793181,0.657600,0.325914,0.973022,0.364037,20.048264
2921,1,1,1,13.224523,2.596904,0.537981,0.791785,0.661901,0.324043,0.970844,0.359853,19.619016
2922,1,1,1,12.823969,2.594585,0.540739,0.794425,0.659557,0.323969,0.976326,0.363736,19.226634
2923,1,1,1,11.193071,2.694351,0.544099,0.784290,0.655816,0.326135,0.963852,0.363397,17.674843
2924,1,1,1,13.493476,2.690080,0.544652,0.795003,0.659342,0.324892,0.971723,0.364474,19.994683
2925,1,1,1,10.446363,2.596043,0.534714,0.897982,0.660086,0.326284,0.967280,0.366892,16.947785
2926,1,1,1,11.359077,2.589305,0.539107,0.793588,0.649649,0.322997,0.961717,0.384486,17.749274
2927,0,1,0,13.654665,2.594425,0.541188,0.791650,0.657133,0.325028,0.964000,0.387993,20.068763
2928,1,1,1,11.510338,2.590031,0.544714,0.791428,0.659329,0.322037,0.971699,0.366351,17.907612
2929,1,1,1,11.300320,2.629416,0.538701,0.784609,0.656504,0.321804,0.973151,0.366892,17.729378
2930,1,1,1,10.577551,2.593403,0.693674,0.794751,0.659680,0.324173,0.959852,0.362911,17.117471
2931,1,1,1,13.243741,2.594258,0.647594,0.794492,0.665188,0.328136,0.964524,0.361606,19.750658
2932,1,1,1,11.159821,2.592320,0.538062,0.795570,0.660043,0.322910,0.967693,0.399994,17.589200
2933,0,1,0,13.478616,2.593840,0.543631,0.787071,0.655704,0.326874,0.964449,0.403821,19.904899
2934,1,1,1,13.271778,2.591587,0.540400,0.790166,0.655483,0.326283,0.968313,0.395822,19.697729
2935,0,1,0,13.010665,2.592843,0.536603,0.786351,0.656653,0.330597,0.959416,0.497046,19.521920
2936,0,1,0,13.125280,2.591163,0.541576,0.795693,0.659649,0.324677,0.971169,0.476991,19.642529
2937,0,1,0,13.464923,2.592123,0.534616,0.788456,0.660024,0.327877,0.972806,0.462197,19.952493
2938,0,1,0,13.503803,2.592837,0.544480,0.799108,0.659956,0.323403,0.968819,0.545107,20.089785
2939,1,1,1,10.994997,2.594203,0.542628,0.787520,0.659631,0.327342,0.961341,0.368659,17.387292
2940,1,1,1,10.525526,2.696277,0.548794,0.790948,0.652474,0.321631,0.971182,0.362658,17.020794
2941,0,1,0,13.630548,2.691938,0.538449,0.793717,0.659502,0.323729,0.976467,0.361151,20.127359
2942,1,1,1,10.572548,2.594764,0.536209,0.797938,0.767089,0.325890,0.970320,0.360246,17.075674
2943,1,1,1,10.520450,2.596394,0.537982,0.787797,0.655287,0.327379,0.960941,0.361926,16.896591
2944,1,1,1,11.638985,2.594320,0.539403,0.791981,0.653976,0.323766,0.973163,0.367674,18.035969
2945,0,1,1,13.537003,2.591028,0.538123,0.790320,0.654000,0.327132,0.971846,0.360997,19.918333
2946,1,1,1,10.559083,2.735027,0.538166,0.792603,0.663181,0.321108,0.970837,0.366013,17.098837
2947,1,1,1,13.317822,2.697003,0.543323,0.796610,0.656234,0.318929,0.958837,0.363502,19.803360
2948,1,1,1,12.273945,2.597674,0.537323,0.914523,0.665803,0.324197,0.970812,0.364370,18.803858
2949,1,1,1,10.995969,2.592080,0.532733,0.789335,0.658450,0.326406,0.974960,0.398745,17.419009
2950,1,1,0,12.832615,2.592314,0.540720,0.793501,0.658855,0.326701,0.970110,0.366197,19.233058
2951,1,1,1,11.172055,2.593336,0.536080,0.791422,0.659415,0.324240,0.963286,0.359324,17.547323
2952,1,1,1,13.592954,2.591526,0.540012,0.795293,0.655335,0.324830,0.959010,0.365822,19.976302
2953,1,1,1,13.331624,2.592579,0.539803,0.790382,0.656732,0.327280,0.970031,0.365323,19.728190
2954,1,1,1,11.164025,2.696633,0.545895,0.784985,0.654043,0.324935,0.973606,0.363181,17.659791
2955,1,1,1,11.160849,2.591939,0.541415,0.892277,0.658917,0.321520,0.962277,0.366738,17.646295
2956,1,1,1,11.476935,2.596012,0.540640,0.790708,0.659945,0.324191,0.964690,0.385852,17.893982
2957,1,1,1,13.317071,2.598707,0.539656,0.790966,0.660400,0.321046,1.008111,0.380634,19.768461
2958,1,1,1,11.593040,2.596105,0.541064,0.792264,0.665748,0.322172,0.959981,0.367040,17.988203
2959,1,1,1,10.354418,2.722886,0.548498,0.790911,0.656345,0.322788,0.963852,0.360960,16.873095
2960,1,1,1,11.941317,2.697070,0.545194,0.794344,0.656480,0.322308,0.973581,0.362486,18.444344
2961,1,1,1,10.529034,2.592154,0.543938,0.787520,0.658604,0.325754,0.966739,0.396197,16.953151
2962,1,1,1,10.413483,2.594886,0.542413,0.794166,0.656868,0.325397,0.970628,0.362862,16.814634
2963,1,1,1,10.419593,2.696351,0.540646,0.791913,0.657901,0.327341,0.962572,0.361822,16.911686
2964,1,1,1,10.567132,2.591520,0.540634,0.795292,0.761975,0.327360,0.969680,0.366898,17.073501
2965,1,1,1,10.635200,2.592745,0.537711,0.785981,0.653662,0.321415,0.975668,0.362677,17.013822
2966,1,1,1,13.358739,2.594246,0.534591,0.796228,0.652437,0.322916,0.971107,0.365692,19.748690
2967,1,1,1,10.400800,2.695976,0.545699,0.784554,0.660898,0.322425,0.975181,0.364123,16.898726
2968,1,1,1,10.550942,2.590307,0.539465,0.925477,0.669643,0.324019,0.975330,0.365988,17.096283
2969,1,1,1,13.241095,2.595169,0.546529,1.113280,0.686708,0.322320,0.973366,0.367717,20.003889
2970,1,1,1,13.639951,2.596855,0.547871,0.910560,0.665342,0.326689,0.973440,0.362461,20.178006
2971,1,1,0,13.711612,2.591379,0.651225,0.796050,0.660776,0.327077,0.963957,0.361581,20.215016
2972,1,1,1,13.291852,2.591810,0.672271,0.804597,0.655662,0.323594,0.971809,0.360628,19.822240
2973,0,1,0,13.518130,2.592905,0.666197,0.790474,0.656283,0.325316,0.972394,0.363951,20.036849
2974,1,1,1,12.369938,2.603858,0.545274,0.868037,0.707169,0.324707,0.973902,0.367773,18.917618
2975,1,1,1,13.094978,2.594868,0.534178,0.793902,0.801834,0.320228,0.961230,0.365803,19.618966
2976,1,1,1,10.429865,2.593378,0.543459,0.794277,0.657077,0.327040,0.959323,0.362708,16.818628
2977,1,1,1,9.073748,2.704413,0.538554,0.791846,0.660572,0.325083,0.969883,0.362412,15.578067
2978,1,1,1,11.245255,2.590634,0.543421,0.886222,0.667545,0.325507,0.971415,0.363661,17.746572
2979,1,1,1,12.890357,2.596769,0.539206,0.787200,0.760012,0.324972,0.963815,0.365379,19.382437
2980,1,1,1,13.044548,2.592659,0.540080,0.800136,0.654000,0.458382,0.976012,0.381704,19.602092
2981,0,1,0,13.590972,2.592640,0.539188,0.791354,0.654388,0.329391,0.973255,0.365434,20.076646
2982,1,1,0,13.320461,2.596043,0.541877,0.796517,0.660941,0.420283,0.975378,0.371293,19.834806
2983,1,1,1,13.190954,2.594037,0.537311,0.786812,0.656265,0.326043,1.049821,0.380713,19.673649
2984,1,1,1,10.426733,2.592154,0.538670,0.785858,0.661206,0.319188,0.961317,0.361778,16.796018
2985,1,1,1,11.173994,2.715009,0.545403,0.786210,0.650892,0.323034,0.967957,0.361637,17.675113
2986,1,1,1,9.211015,2.590258,0.549581,0.799280,0.659446,0.348905,0.970567,0.368763,15.733730
2987,1,1,1,10.379292,2.594393,0.538498,0.790499,0.657957,0.324911,0.962787,0.363410,16.761656
2988,1,1,1,10.586339,2.699717,0.540276,0.791218,0.660105,0.324689,0.970763,0.358609,17.086036
2989,1,1,1,10.467938,2.590154,0.534443,0.898942,0.664997,0.321489,0.971378,0.362480,16.960437
2990,0,1,0,13.191452,2.592480,0.540603,0.891988,0.670831,0.325661,0.969920,0.362529,19.703021
2991,1,1,1,13.405612,2.590942,0.544523,0.888665,0.669065,0.322757,0.962209,0.362327,19.896843
2992,1,1,1,12.676418,2.593520,0.543563,0.791360,0.655748,0.418511,0.968997,0.371570,19.170443
2993,1,1,1,10.998763,2.594720,0.541822,0.795077,0.652147,0.324037,0.967969,0.363766,17.387096
2994,1,1,1,13.530351,2.590400,0.542363,0.794676,0.661336,0.325065,0.971649,0.363053,19.929434
2995,1,1,1,13.418018,2.592227,0.534092,0.784092,0.654954,0.324966,0.962234,0.367809,19.785440
2996,1,1,1,10.406449,2.696050,0.545379,0.796073,0.656941,0.323877,0.971588,0.366917,16.916302
2997,1,1,0,13.519095,2.683816,0.543065,0.785821,0.649182,0.323736,0.974049,0.367071,19.996314
2998,0,1,0,13.139618,2.714295,0.549711,0.787951,0.652388,0.321920,0.974825,0.362818,19.654770
2999,0,1,0,13.215034,2.687089,0.542024,0.786671,0.653385,0.321409,0.973052,0.362720,19.693181
3000,1,1,1,13.305748,2.702407,0.546308,0.791409,0.657847,0.324345,0.974000,0.359785,19.817668
3001,1,1,1,11.815637,2.710892,0.545022,0.787305,0.656031,0.319717,0.971108,0.359895,18.314910
3002,0,1,0,13.570690,2.685231,0.541280,0.795532,0.653151,0.320954,0.971797,0.363489,20.055096
3003,0,1,0,13.243784,2.691385,0.538516,0.785126,0.656757,0.323139,0.958068,0.364044,19.711730
3004,1,1,1,11.470757,2.593255,0.543717,0.797477,0.808707,0.324837,0.970302,0.368596,18.032517
3005,1,1,1,10.519003,2.597219,0.539569,0.790394,0.659305,0.325126,0.971526,0.360111,16.910012
3006,1,1,1,11.401951,2.592314,0.545323,0.790868,0.656788,0.327034,0.970603,0.363434,17.796960
3007,1,1,1,11.468990,2.699520,0.540954,0.788695,0.656923,0.325249,0.969379,0.360726,17.959507
3008,1,1,1,13.423330,2.828289,0.614492,0.911064,0.726073,0.333846,0.967391,0.449852,20.438985
3009,1,1,1,13.934437,2.920037,0.544098,0.779624,0.650665,0.319366,0.973298,0.362659,20.648012
3010,0,1,0,13.143225,2.698167,0.543495,0.800062,0.655987,0.326572,0.973649,0.362683,19.656178
3011,1,1,1,13.338529,2.697427,0.542923,0.786277,0.655840,0.328831,0.970240,0.361484,19.830523
3012,0,1,0,13.385551,2.695280,0.537016,0.793533,0.657287,0.321501,0.961170,0.364763,19.869945
3013,1,1,1,12.943458,2.694523,0.545310,0.786215,0.662659,0.322831,0.971323,0.365587,19.441723
3014,1,1,1,12.229366,2.697570,0.542603,0.789926,0.655224,0.321489,0.974178,0.365532,18.728387
3015,1,1,1,10.987378,2.591692,0.538388,0.793643,0.652831,0.419619,0.974726,0.361335,17.470671
3016,1,1,1,11.808050,2.591329,0.544960,0.793034,0.656277,0.321330,0.969367,0.449779,18.285292
3017,1,1,1,10.973748,2.593871,0.532788,0.784874,0.662572,0.324061,0.966474,0.362972,17.352665
3018,1,1,1,10.955981,2.697021,0.550345,0.791145,0.661773,0.320640,0.970505,0.366314,17.464461
3019,1,1,1,13.180960,2.685077,0.546855,0.789569,0.652868,0.323539,0.974000,0.364733,19.668997
3020,0,1,0,12.218135,2.595034,0.671268,0.796301,0.663785,0.320966,0.968640,0.365434,18.752770
3021,0,1,0,13.269643,2.590406,0.659390,0.798794,0.668702,0.323188,0.974610,0.362333,19.796985
3022,0,1,0,13.317059,2.589274,0.615686,0.831181,0.664295,0.322954,0.972658,0.365305,19.837612
3023,1,1,1,11.663114,2.594585,0.545212,0.790363,0.655852,0.445723,0.979956,0.385188,18.208929
3024,1,1,1,11.213637,2.589225,0.541416,0.793040,0.652585,0.323083,0.972167,0.360904,17.597022
3025,1,1,1,13.195089,2.594461,0.538548,0.786560,0.654530,0.327963,0.973354,0.364991,19.584910
3026,1,1,1,10.408535,2.702653,0.544966,0.792474,0.662536,0.322665,0.969317,0.364087,16.917926
3027,1,1,1,11.028683,2.595852,0.640990,0.799157,0.658407,0.324184,0.963760,0.359963,17.519477
3028,1,1,1,10.434640,2.628425,0.546228,0.786166,0.653828,0.319889,1.063261,0.382904,16.969699
3029,1,1,1,13.181452,2.593569,0.537594,0.787151,0.653644,0.323970,0.975656,0.460714,19.664560
3030,1,1,1,13.260098,2.590474,0.538190,0.796105,0.657753,0.323470,0.961040,0.362960,19.641249
3031,1,1,1,11.151920,2.593556,0.537950,0.784253,0.657428,0.322388,0.972197,0.362493,17.532498
3032,0,1,0,13.223385,2.597717,0.535926,0.792468,0.658006,0.324467,0.971656,0.362450,19.613557
3033,1,1,1,10.456671,2.727434,0.547539,0.796092,0.653588,0.320086,0.974461,0.360092,16.988997
3034,1,1,1,11.522123,2.592111,0.538006,0.788431,0.778843,0.328935,0.971939,0.366480,18.040277
3035,1,1,1,11.487871,2.592929,0.535982,0.793249,0.658573,0.324788,1.045464,0.407618,18.001022
3036,1,1,1,10.518541,2.586271,0.541809,0.790849,0.659341,0.325908,0.959723,0.356652,16.890849
3037,1,1,1,10.516732,2.698277,0.546615,0.796800,0.659667,0.324141,0.971219,0.363342,17.026849
3038,1,1,1,10.489231,2.592006,0.539784,0.792129,0.658813,0.414024,0.973600,0.370843,16.982141
3039,1,1,1,12.877385,2.592960,0.536216,0.791120,0.661680,0.324387,0.968972,0.390086,19.298307
3040,1,1,1,11.029575,2.590603,0.541883,0.789391,0.654215,0.320578,0.968776,0.363446,17.413323
3041,1,1,1,10.019428,2.696652,0.541059,0.793833,0.653606,0.323576,0.964419,0.359619,16.500548
3042,1,1,1,11.188363,2.594332,0.541139,0.911877,0.665354,0.325150,0.971753,0.365883,17.718092
3043,1,1,1,10.869329,2.595594,0.544616,0.790553,0.653926,0.322517,0.974111,0.494240,17.396302
3044,1,1,1,10.564283,2.592941,0.548499,0.796296,0.656517,0.326960,0.972253,0.363250,16.970117
3045,1,1,1,13.378123,2.595551,0.542813,0.796172,0.655803,0.329366,0.974135,0.367526,19.786418
3046,1,1,1,13.399730,2.592037,0.544677,0.791200,0.656320,0.322936,0.972049,0.366696,19.798351
3047,0,1,1,13.530234,2.594025,0.538025,0.786677,0.655797,0.324357,0.972203,0.360584,19.912037
3048,0,1,0,13.509046,2.589015,0.541151,0.788006,0.656443,0.326418,0.964043,0.359754,19.886333
3049,0,1,0,13.723982,2.595071,0.542504,0.787293,0.656037,0.326819,0.974498,0.359181,20.113686
3050,1,1,1,10.562683,2.695680,0.543920,0.794012,0.653021,0.325803,0.973021,0.363421,17.063391
3051,1,1,1,11.022307,2.596129,0.537040,0.794012,0.657193,0.413945,0.972000,0.370246,17.513705
3052,1,1,1,10.463987,2.590566,0.537526,0.794867,0.658462,0.325544,0.971846,0.364535,16.856394
3053,1,1,1,11.142923,2.723544,0.543373,0.787545,0.655286,0.325538,0.969933,0.365169,17.664320
3054,1,1,1,11.486351,2.705132,0.543508,0.795637,0.655859,0.325040,0.961588,0.363754,17.989114
3055,1,1,1,12.646886,2.593846,0.651126,0.792548,0.657871,0.326185,0.968062,0.364314,19.148813
3056,0,1,0,13.603292,2.591483,0.677969,0.796086,0.654265,0.325200,0.974216,0.361692,20.137674
3057,0,1,0,13.522764,2.696450,0.540800,0.790701,0.660523,0.319754,0.958265,0.362154,20.003619
3058,1,1,1,11.025403,2.591877,0.547951,0.788246,0.656554,0.416898,0.985305,0.389151,17.554899
3059,1,1,1,10.464788,2.595175,0.535865,0.790628,0.656468,0.323200,0.973840,0.366498,16.853316
3060,1,1,1,10.496376,2.697341,0.548252,0.795083,0.658775,0.327748,0.971686,0.365059,17.013188
3061,1,1,1,10.910289,2.591095,0.539397,0.897249,0.659649,0.325914,0.971742,0.360948,17.404424
3062,1,1,1,13.244265,2.594985,0.545108,0.897010,0.661059,0.323348,0.975323,0.363385,19.756627
3063,1,1,1,11.501563,2.591397,0.538221,0.789606,0.654837,0.324018,0.964787,0.389070,17.903021
3064,1,1,1,10.482062,2.595680,0.540166,0.796455,0.659687,0.325477,0.971495,0.356166,16.876695
3065,1,1,1,11.179292,2.724818,0.543052,0.791096,0.658049,0.322806,0.970646,0.362745,17.700985
3066,1,1,1,10.565680,2.588535,0.545791,0.922025,0.672905,0.328812,0.963895,0.361273,17.104018
3067,0,1,0,13.523342,2.591865,0.538873,0.906043,0.669200,0.325834,0.972935,0.364492,20.045680
3068,1,1,1,13.190468,2.597219,0.537483,0.799957,0.788431,0.323262,0.971680,0.367274,19.728480
3069,1,1,1,10.112320,2.590370,0.546357,0.789667,0.657243,0.328621,0.970320,0.364369,16.509759
3070,1,1,0,13.550824,2.590160,0.539218,0.794000,0.660105,0.324197,0.970129,0.365975,19.947458
3071,1,1,1,13.252025,2.598597,0.541907,0.788449,0.657101,0.326929,0.971354,0.360886,19.646720
3072,1,1,1,12.482659,2.591772,0.545754,0.799065,0.654923,0.327827,0.960363,0.364431,18.877403
3073,1,1,1,10.493754,2.692726,0.540030,0.792954,0.649815,0.326123,0.964609,0.361366,16.972370
3074,0,1,0,13.039305,2.691933,0.548948,0.793280,0.656030,0.322652,0.971846,0.358621,19.532837
3075,1,1,1,11.221187,2.592160,0.544627,0.785742,0.770160,0.328185,0.960621,0.361711,17.715711
3076,1,1,1,10.575083,2.588548,0.544049,0.791274,0.664462,0.323908,0.968658,0.361976,16.972074
3077,1,1,1,11.763754,2.598258,0.540505,0.792370,0.656831,0.324979,0.960523,0.363969,18.149643
3078,1,1,1,11.125237,2.690105,0.540862,0.790271,0.657532,0.321815,0.971390,0.361280,17.610751
3079,1,1,1,10.828031,2.587717,0.537206,0.785028,0.801686,0.323754,0.973458,0.365427,17.357219
3080,1,1,1,13.332701,2.598431,0.542756,0.794320,0.770296,0.322960,0.969256,0.368972,19.851637
3081,0,1,0,13.397532,2.592425,0.537631,0.791397,0.806382,0.323692,0.964843,0.361194,19.929785
3082,1,1,1,13.251219,2.594714,0.546136,0.796603,0.805465,0.323187,0.969342,0.360074,19.799637
3083,0,1,0,13.650130,2.592050,0.540240,0.793716,0.782326,0.324886,0.969065,0.365243,20.171452
3084,1,1,1,13.285003,2.589705,0.544917,0.793619,0.783563,0.328683,0.972948,0.366505,19.817483
3085,1,1,1,10.499009,2.596350,0.547169,0.789551,0.652923,0.325711,0.968339,0.358696,16.887495
3086,1,1,1,11.293317,2.594296,0.542056,0.792911,0.651883,0.327827,0.973268,0.365852,17.691883
3087,1,1,1,13.174130,2.595170,0.538246,0.787268,0.655076,0.324868,0.967865,0.359421,19.552579
3088,1,1,1,10.430579,2.593256,0.640296,0.790363,0.659410,0.321330,0.972917,0.366068,16.924627
3089,1,1,1,13.312313,2.594744,0.629267,0.797576,0.651686,0.319956,0.971323,0.364487,19.793914
3090,0,1,0,13.648265,2.591791,0.644061,0.797114,0.655101,0.325440,0.957896,0.366024,20.137329
3091,0,1,0,13.455587,2.588763,0.641095,0.794572,0.655594,0.322776,0.971754,0.363563,19.941157
3092,1,1,1,11.466732,2.596535,0.537833,0.792135,0.654436,0.420400,0.977237,0.365311,17.959292
3093,1,1,1,11.013895,2.591150,0.542536,0.788098,0.654326,0.323342,0.956733,0.366775,17.385224
3094,1,1,1,13.413274,2.592769,0.540104,0.790960,0.661501,0.325908,0.971261,0.362369,19.811150
3095,1,1,1,11.116794,2.596990,0.543963,0.788560,0.654898,0.324462,0.969735,0.361181,17.504425
3096,1,1,1,10.432541,2.591514,0.654935,0.797440,0.661367,0.322351,0.970013,0.362794,16.945987
3097,1,1,1,10.502344,2.593514,0.544326,0.785059,0.655908,0.326148,0.964713,0.400307,16.921877
3098,1,1,1,9.052671,2.707649,0.544351,0.792843,0.654652,0.324326,0.970670,0.363526,15.560314
3099,1,1,1,11.449471,2.690855,0.544529,0.791859,0.658664,0.323810,0.960972,0.364332,17.935225
3100,1,1,1,11.048849,2.596240,0.538265,0.799790,0.654277,0.332092,0.973686,0.370529,17.560788
3101,1,1,1,10.510123,2.595692,0.540283,0.791151,0.655939,0.323194,0.972265,0.361809,16.898591
3102,1,1,1,9.149274,2.724813,0.539397,0.793225,0.659316,0.324043,0.961206,0.363194,15.666880
3103,1,1,1,13.227249,2.705686,0.542314,0.790978,0.657871,0.323507,0.969169,0.366770,19.736658
3104,1,1,1,10.563674,2.595502,0.545790,0.794222,0.660117,0.408246,0.992517,0.395157,17.110744
3105,1,1,1,11.456123,2.589501,0.544073,0.788234,0.657532,0.325397,0.972714,0.362093,17.844837
3106,1,1,1,13.441465,2.591704,0.537022,0.790831,0.659914,0.329354,0.968228,0.358701,19.828437
3107,1,1,1,11.050037,2.590609,0.534443,0.790825,0.648923,0.325378,0.972585,0.362560,17.420548
3108,1,1,1,13.371477,2.595483,0.543261,0.796154,0.661791,0.318831,0.964726,0.365305,19.765384
3109,0,1,0,13.781427,2.592929,0.543385,0.790357,0.659169,0.324474,0.973064,0.357120,20.171009
3110,1,1,1,10.557200,2.693348,0.540738,0.801699,0.657354,0.326431,0.970683,0.362782,17.063052
3111,0,1,0,13.497673,2.685661,0.543828,0.787760,0.656511,0.324948,0.975747,0.360412,19.983077
3112,1,1,1,11.469409,2.593169,0.543323,0.801010,0.763286,0.327913,0.974443,0.365939,17.992467
3113,1,1,1,10.991280,2.590443,0.532782,0.792050,0.652455,0.323920,0.973464,0.360382,17.364726
3114,1,1,1,10.609298,2.605502,0.537145,0.797342,0.654413,0.317859,0.975126,0.357464,17.009280
3115,1,1,1,13.075089,2.713286,0.543766,0.789305,0.653206,0.324160,0.959760,0.363207,19.571711
3116,0,1,0,13.622338,2.686806,0.547687,0.794456,0.659065,0.323957,0.974880,0.365914,20.127145
3117,1,1,1,13.235932,2.685563,0.543341,0.788468,0.651477,0.324819,0.971477,0.359416,19.709717
3118,1,1,1,11.497052,2.723766,0.545883,0.796222,0.659465,0.324763,0.967009,0.364979,18.031772
3119,1,1,1,10.494665,2.596696,0.539913,0.793975,0.657760,0.327021,0.967822,0.400517,16.928031
3120,1,1,1,10.979483,2.590898,0.542658,0.793384,0.659237,0.323564,0.972935,0.360548,17.374744
3121,1,1,1,10.506400,2.706572,0.544498,0.792892,0.655895,0.327040,0.968978,0.365809,17.017730
3122,1,1,1,10.513871,2.593471,0.538652,0.902702,0.658210,0.323852,0.970936,0.363133,17.016917
3123,1,1,1,13.419563,2.591847,0.536142,0.894855,0.662203,0.327932,0.968037,0.361902,19.911846
3124,1,1,1,10.590757,2.593089,0.540258,0.789661,0.657711,0.323550,0.972024,0.365527,16.984812
3125,1,1,1,9.046499,2.816991,0.543378,0.788850,0.658153,0.324984,0.965379,0.363206,15.657157
3126,1,1,1,10.438037,2.592997,0.541533,0.884547,0.679582,0.323404,0.971243,0.366708,16.955489
3127,1,1,1,13.239883,2.592720,0.542141,0.789815,0.770375,0.329827,0.971926,0.365643,19.755108
3128,1,1,1,10.558708,2.589846,0.542252,0.794948,0.657828,0.324184,0.973686,0.369582,16.959846
3129,1,1,1,10.390332,2.700400,0.547446,0.789255,0.658892,0.326382,0.974868,0.361785,16.901169
3130,1,1,1,13.087305,2.691089,0.538295,0.796363,0.656425,0.320830,0.970855,0.361391,19.576227
3131,1,1,1,11.146314,2.595636,0.637520,0.789446,0.653459,0.322837,0.956732,0.364000,17.619145
3132,1,1,1,13.347508,2.589299,0.643464,0.792560,0.655643,0.321047,0.973674,0.365674,19.843052
3133,1,1,1,11.051372,2.596172,0.535981,0.795335,0.653797,0.323157,0.966493,0.383858,17.454277
3134,1,1,1,13.236935,2.595059,0.545600,0.797212,0.652456,0.323705,0.962449,0.387594,19.651699
3135,1,1,1,10.391908,2.593550,0.540295,0.791680,0.655520,0.320665,0.973649,0.367157,16.782055
3136,1,1,1,11.011157,2.706886,0.545434,0.790018,0.658099,0.321711,0.970086,0.365501,17.520628
3137,1,1,1,13.255753,2.689723,0.543003,0.788406,0.653883,0.323846,0.972277,0.363034,19.741710
3138,1,1,1,13.208825,2.716166,0.547582,0.790185,0.654111,0.321705,0.974092,0.367600,19.731987
3139,1,1,1,11.501655,2.594179,0.540443,0.913717,0.669834,0.325643,0.971699,0.363717,18.031877
3140,0,1,1,13.492806,2.589698,0.541914,0.903465,0.667341,0.323883,0.967667,0.368763,20.009046
3141,1,1,1,10.485421,2.591138,0.544129,0.795261,0.657280,0.331674,0.969133,0.360813,16.882849
3142,0,1,0,13.485514,2.591569,0.539821,0.798474,0.658277,0.328025,0.971932,0.440240,19.972788
3143,1,1,1,10.511883,2.598135,0.531428,0.788991,0.658659,0.324129,0.971274,0.361859,16.896092
3144,1,1,1,9.174024,2.591274,0.548332,0.904437,0.673096,0.325391,0.975828,0.363563,15.708978
3145,1,1,1,10.421194,2.592332,0.542443,0.791323,0.649496,0.324499,0.969076,0.364191,16.804584
3146,1,1,1,13.512868,2.592289,0.539329,0.795403,0.657754,0.324190,0.974234,0.359840,19.907957
3147,1,1,0,13.475994,2.594462,0.542874,0.792468,0.655742,0.324394,0.964609,0.365791,19.866714
3148,1,1,1,11.103532,2.596394,0.542105,0.791274,0.652099,0.325373,0.970812,0.361280,17.494111
3149,1,1,1,12.591784,2.690117,0.541901,0.792603,0.656067,0.319778,0.969643,0.360702,19.070216
3150,1,1,1,10.556129,2.592240,0.641230,0.808972,0.663982,0.322203,0.972129,0.367588,17.079920
3151,1,1,1,13.039883,2.591046,0.534265,0.936954,0.668105,0.327427,0.971981,0.364523,19.587170
3152,1,1,1,10.990486,2.593772,0.542628,0.793489,0.657821,0.326868,0.970154,0.398640,17.428400
3153,1,1,1,10.421126,2.592960,0.541600,0.788861,0.657834,0.323575,0.962012,0.367932,16.802788
3154,1,1,1,12.940277,2.599040,0.544905,0.793600,0.655341,0.320406,0.973188,0.363181,19.344296
3155,1,1,1,11.978296,2.694763,0.540190,0.792123,0.653545,0.323083,0.971053,0.362394,18.469354
3156,1,1,1,13.313267,2.693692,0.545729,0.793065,0.654436,0.319932,0.974301,0.359667,19.805896
3157,1,1,1,10.528516,2.593114,0.539637,0.792547,0.758221,0.323354,0.974942,0.362647,17.025932
3158,1,1,1,11.450006,2.589513,0.534886,0.795994,0.657736,0.323637,0.969933,0.458689,17.933575
3159,1,1,1,11.304862,2.597354,0.537305,0.788640,0.653975,0.326332,0.970474,0.370351,17.695846
3160,1,1,1,13.337631,2.595834,0.539784,0.798499,0.652861,0.322055,0.971016,0.362474,19.732412
3161,1,1,1,13.392252,2.596695,0.534867,0.785840,0.653716,0.325298,0.971040,0.364615,19.772461
3162,1,1,1,9.155618,2.593619,0.649563,0.806160,0.668012,0.324086,0.973434,0.366375,15.689692
3163,1,1,1,10.492449,2.590191,0.540720,0.788271,0.656129,0.330806,1.077150,0.404904,17.037139
3164,0,1,0,13.244923,2.589914,0.542893,0.794899,0.657317,0.326117,0.969803,0.488757,19.766738
3165,0,1,0,13.009194,2.594006,0.539797,0.792880,0.658037,0.325791,0.973053,0.358659,19.402683
3166,0,1,0,13.454714,2.592960,0.541828,0.799348,0.653416,0.323225,0.972210,0.361311,19.852960
3167,0,1,0,13.465797,2.596492,0.540437,0.791963,0.651273,0.322148,0.973575,0.364683,19.857871
3168,1,1,1,13.388603,2.590800,0.543305,0.790843,0.658684,0.327366,0.959385,0.361120,19.771354
3169,1,1,1,11.502622,2.598074,0.539514,0.789447,0.658370,0.325373,0.971975,0.366473,17.898382
3170,0,1,0,13.701932,2.594609,0.541293,0.796738,0.657077,0.323723,0.973310,0.363680,20.103926
3171,1,1,1,13.268628,2.596203,0.545108,0.798880,0.659896,0.326554,0.960418,0.361933,19.667773
3172,1,1,1,10.437176,2.696443,0.544455,0.789625,0.664031,0.328665,0.969157,0.359071,16.942055
3173,1,1,1,10.964019,2.590935,0.540609,0.786320,0.748941,0.334357,0.970529,0.366751,17.457772
3174,1,1,1,9.176806,2.590296,0.532135,0.794597,0.664000,0.324265,0.959329,0.362333,15.552707
3175,0,1,0,13.506209,2.593459,0.543840,0.791446,0.659477,0.324265,0.975323,0.368733,19.909742
3176,1,1,1,11.444339,2.683047,0.541458,0.790191,0.658585,0.323760,0.973176,0.360800,17.927606
3177,1,1,1,13.222006,2.813181,0.548899,0.783581,0.654757,0.319822,0.967939,0.362862,19.827495
3178,1,1,1,11.482123,2.590387,0.635668,0.812043,0.670179,0.323366,0.970701,0.362473,18.003970
3179,0,1,0,13.007932,2.597114,0.544130,0.923736,0.663415,0.324443,0.975341,0.363686,19.551175
3180,1,1,1,11.492658,2.591810,0.545040,0.790683,0.654393,0.325569,0.963889,0.399298,17.911563
3181,1,1,1,13.085107,2.592713,0.539785,0.788855,0.662308,0.325748,1.017261,0.406781,19.568068
3182,1,1,1,10.408874,2.590153,0.539748,0.803883,0.659607,0.323477,0.969003,0.364947,16.809046
3183,1,1,1,13.378770,2.594141,0.538941,0.789926,0.657644,0.323230,0.963760,0.363570,19.758130
3184,1,1,1,10.558486,2.696277,0.544099,0.799298,0.655009,0.324653,0.967200,0.362147,17.060012
3185,1,1,1,13.110246,2.689267,0.537507,0.783982,0.656929,0.323840,0.972123,0.364129,19.589520
3186,1,1,1,10.537582,2.596320,0.540375,0.790271,0.657200,0.323132,0.965532,0.383914,16.948277
3187,0,1,0,13.624905,2.594806,0.535372,0.794271,0.654092,0.323397,0.966720,0.387046,20.032135
3188,1,1,1,13.136954,2.592701,0.539778,0.794067,0.664135,0.319256,0.965342,0.379182,19.545668
3189,0,1,0,13.440578,2.596621,0.539938,0.786025,0.656049,0.328499,0.964190,0.380916,19.842954
3190,1,1,1,10.602049,2.594357,0.536141,0.788135,0.659606,0.321182,0.970960,0.358314,16.980984
3191,1,1,1,13.413865,2.594486,0.540154,0.788092,0.657526,0.327176,0.969353,0.359520,19.801194
3192,0,1,0,13.718376,2.594745,0.541169,0.786628,0.659588,0.319680,0.958554,0.365156,20.094899
3193,0,1,0,13.487298,2.595218,0.536480,0.788068,0.654110,0.325015,0.967335,0.361933,19.866074
3194,1,1,1,12.788782,2.594554,0.537742,0.791593,0.649077,0.326136,0.972148,0.362462,19.173748
3195,0,1,0,13.623138,2.593397,0.539606,0.790794,0.654480,0.321188,0.964868,0.361791,19.997071
3196,1,1,1,10.423391,2.712283,0.540542,0.786542,0.656868,0.322855,0.972923,0.361508,16.930880
3197,1,1,1,10.723113,2.595736,0.538867,0.786530,0.656492,0.322916,0.961680,0.393139,17.129822
3198,1,1,1,13.322621,2.591212,0.545483,0.791612,0.659502,0.326566,0.970972,0.397699,19.759938
3199,1,1,1,13.246443,2.592670,0.541188,0.796092,0.658670,0.323914,0.975809,0.400677,19.687655
3200,1,1,1,11.184043,2.592813,0.539994,0.800689,0.656714,0.325853,0.967816,0.361779,17.582068
3201,0,1,0,13.746092,2.586923,0.540043,0.797114,0.664074,0.324344,0.977446,0.365963,20.153538
3202,1,1,1,11.040357,2.700591,0.545249,0.798837,0.653754,0.325274,0.967520,0.364541,17.545557
3203,1,1,1,13.309280,2.692030,0.542732,0.792548,0.660573,0.322308,0.966062,0.364412,19.800843
3204,1,1,1,11.434123,2.694665,0.546529,0.796167,0.656425,0.322984,0.975858,0.366191,17.946461
3205,1,1,1,11.515410,2.589840,0.536332,0.796055,0.780751,0.325508,0.972259,0.365009,18.032363
3206,0,1,0,13.249821,2.592259,0.543944,0.795465,0.765138,0.328006,0.970548,0.359724,19.757822
3207,1,1,1,13.321625,2.590880,0.535779,0.794590,0.747699,0.329299,0.973858,0.369791,19.819427
3208,1,1,1,10.529797,2.597532,0.539495,0.796036,0.652646,0.326880,0.973366,0.366837,16.934117
3209,1,1,1,11.350332,2.773299,0.544204,0.783384,0.651692,0.314326,0.970677,0.361108,17.907594
3210,1,1,1,10.448135,2.588240,0.653557,0.789766,0.658382,0.322806,0.963760,0.360683,16.937138
3211,1,1,1,13.231834,2.586849,0.739133,0.794425,0.657803,0.320301,0.970856,0.367459,19.823113
3212,1,1,0,13.546049,2.593520,0.767852,0.789230,0.657329,0.320566,0.973637,0.357495,20.158523
3213,1,1,1,10.510529,2.590289,0.538234,0.785397,0.660936,0.326387,0.960984,0.389132,16.912037
3214,1,1,1,12.959138,2.589415,0.538794,0.787637,0.660228,0.325988,0.972345,0.470554,19.456628
3215,1,1,1,13.199661,2.591489,0.543520,0.789237,0.655945,0.323353,0.970671,0.471551,19.698738
3216,1,1,1,10.519311,2.592523,0.537840,0.793157,0.655987,0.323754,0.969939,0.362147,16.904695
3217,1,1,0,12.515834,2.686296,0.549095,0.786695,0.658548,0.324185,0.974904,0.370591,19.016295
3218,1,1,1,11.414517,2.684609,0.544049,0.790000,0.652941,0.325440,0.974357,0.360000,17.898695
3219,1,1,1,13.504874,2.693988,0.551840,0.787643,0.648578,0.322628,0.972787,0.360936,19.992492
3220,1,1,1,11.569194,2.594677,0.538247,0.791582,0.782449,0.327975,0.969021,0.363945,18.089354
3221,1,1,1,10.492252,2.593945,0.535120,0.786535,0.654172,0.326782,0.970135,0.366350,16.874979
3222,0,1,0,13.163096,2.596954,0.543427,0.792203,0.653957,0.325988,0.975446,0.366560,19.566996
3223,1,1,1,13.500332,2.593076,0.540418,0.792911,0.653895,0.322966,0.968554,0.360714,19.882843
3224,1,1,0,13.283249,2.593507,0.541896,0.791040,0.661422,0.327071,0.972216,0.362647,19.683624
3225,1,1,1,10.394769,2.726892,0.545705,0.791520,0.660708,0.323323,0.976431,0.361680,16.931600
3226,1,1,0,12.613711,2.691483,0.546326,0.792923,0.657065,0.324781,0.970942,0.362259,19.108320
3227,1,1,1,10.494345,2.596062,0.541735,0.791071,0.745908,0.334111,0.971969,0.366861,17.012972
3228,1,1,1,11.340400,2.594904,0.538289,0.788683,0.657939,0.324542,0.960480,0.361637,17.718381
3229,0,1,0,13.492757,2.590904,0.539200,0.794597,0.654591,0.323975,0.973071,0.361957,19.880849
3230,1,1,1,11.596406,2.593348,0.537126,0.792055,0.661120,0.319944,0.970923,0.366388,17.986948
3231,1,1,1,12.160640,2.685231,0.550277,0.788326,0.658339,0.321969,0.970277,0.434917,18.723507
3232,1,1,1,13.343150,2.685385,0.547853,0.790979,0.651243,0.317422,0.969901,0.369643,19.826080
3233,1,1,1,9.412530,2.591317,0.531723,0.791705,0.827132,0.323384,0.972819,0.369335,15.973895
3234,1,1,1,12.503699,2.595360,0.546129,0.793373,0.659391,0.328548,1.062917,0.398708,19.041255
3235,1,1,1,10.416185,2.596844,0.544677,0.790406,0.660271,0.323169,0.972646,0.362350,16.817600
3236,0,1,0,13.487969,2.595113,0.546560,0.795975,0.658130,0.324031,0.972203,0.368148,19.901317
3237,1,1,1,11.006677,2.696696,0.546696,0.791267,0.655840,0.321507,0.974437,0.362843,17.504960
3238,1,1,1,13.328985,2.726406,0.545613,0.796560,0.660819,0.322480,0.973575,0.359914,19.866228
3239,1,1,1,12.620511,2.697797,0.543286,0.791514,0.658080,0.325656,0.974948,0.360825,19.121902
3240,1,1,1,11.482473,2.590904,0.546720,0.905772,0.660818,0.323698,0.972985,0.361422,17.995557
3241,0,1,0,13.693575,2.593470,0.545447,0.908898,0.662283,0.324209,0.969711,0.367316,20.216997
3242,1,1,1,11.166209,2.596818,0.536210,0.797102,0.657015,0.322591,0.962178,0.386043,17.573889
3243,1,1,1,11.382000,2.595422,0.543920,0.792670,0.651908,0.323877,0.977489,0.361447,17.779821
3244,0,1,1,10.730542,2.699692,0.542012,0.794061,0.659963,0.324363,0.970376,0.363686,17.236437
3245,1,1,1,9.142037,2.590597,0.537053,0.788954,0.662615,0.432203,0.973803,0.370807,15.648664
3246,1,1,1,13.332141,2.595939,0.547655,0.791938,0.659520,0.431692,0.964627,0.376450,19.852542
3247,1,1,1,13.431015,2.590849,0.541865,0.791034,0.657569,0.429864,0.979108,0.377939,19.949779
3248,1,1,1,10.566018,2.594320,0.539476,0.798603,0.652111,0.324419,0.968892,0.363944,16.958628
3249,0,1,0,13.608966,2.595052,0.532511,0.790215,0.658387,0.323674,0.959631,0.367194,19.985871
3250,1,1,1,12.936739,2.593317,0.541717,0.795157,0.656203,0.326658,0.972431,0.362055,19.334560
3251,1,1,1,10.527471,2.721556,0.544517,0.786209,0.660019,0.322056,0.968413,0.360196,17.039975
3252,1,1,1,12.583458,2.689988,0.541963,0.787483,0.660117,0.318776,0.957760,0.366683,19.057754
3253,1,1,1,10.398892,2.594493,0.547403,0.791102,0.655901,0.327022,0.961896,0.404141,16.833865
3254,1,1,1,12.282289,2.590400,0.533859,0.791544,0.653748,0.322578,0.969421,0.466819,18.768861
3255,1,1,1,10.384493,2.597963,0.535883,0.794252,0.658757,0.325655,0.974314,0.363557,16.787330
3256,1,1,1,11.506542,2.695791,0.542621,0.799077,0.659502,0.327723,0.968141,0.358511,18.009797
3257,1,1,1,13.115865,2.696800,0.538929,0.798812,0.656960,0.325047,0.970258,0.360911,19.612043
3258,1,1,1,11.468837,2.592745,0.544388,0.898166,0.663624,0.325348,0.971570,0.367453,17.984505
3259,0,1,0,13.645784,2.589779,0.540960,0.896910,0.660886,0.321914,0.972105,0.367323,20.146031
3260,1,1,1,10.609656,2.593889,0.542899,0.794313,0.657286,0.327421,0.973520,0.458972,17.111852
3261,1,1,0,13.273366,2.596733,0.536640,0.789594,0.660696,0.322468,0.974609,0.363181,19.670449
3262,1,1,1,10.579723,2.593299,0.539268,0.796597,0.651852,0.323385,0.971600,0.364886,16.967772
3263,1,1,1,10.358031,2.598031,0.658203,0.793581,0.660098,0.321625,0.973360,0.366819,16.880413
3264,1,1,1,13.212769,2.591926,0.673434,0.791366,0.658123,0.330474,0.969773,0.363403,19.744191
3265,1,1,1,10.462098,2.591311,0.542899,0.788129,0.657821,0.322984,0.967003,0.398332,16.878012
3266,0,1,0,13.670025,2.596129,0.538086,0.789053,0.657256,0.325151,0.970948,0.396702,20.096812
3267,1,1,1,11.253944,2.598400,0.542308,0.786677,0.661305,0.320744,0.974172,0.363544,17.651225
3268,1,1,1,11.247520,2.696148,0.544382,0.787046,0.656283,0.323840,0.969637,0.363736,17.742148
3269,1,1,1,10.479730,2.590732,0.539139,0.803452,0.662141,0.323963,0.959655,0.364049,16.962129
3270,1,1,1,10.451477,2.589286,0.535262,0.790154,0.660197,0.321618,0.972418,0.453347,16.924597
3271,1,1,1,13.259071,2.595231,0.540738,0.791705,0.658320,0.324628,0.968493,0.366579,19.747440
3272,1,1,1,13.311920,2.591723,0.543932,0.792154,0.660203,0.321003,0.974652,0.362024,19.707773
3273,1,1,0,13.541877,2.598043,0.539200,0.786542,0.657957,0.330406,0.968997,0.365286,19.938086
3274,1,1,1,11.081077,2.593175,0.539237,0.792646,0.658861,0.325699,0.976166,0.364812,17.480425
3275,1,1,1,11.402671,2.693600,0.541120,0.790615,0.652314,0.327299,0.971470,0.359132,17.888806
3276,1,1,1,10.565243,2.591803,0.542830,0.793250,0.774055,0.324080,0.969705,0.366012,17.080868
3277,1,1,1,13.326080,2.596116,0.543901,0.794812,0.787040,0.326788,0.964333,0.368012,19.859126
3278,0,1,0,13.377071,2.593803,0.537249,0.796154,0.757858,0.324973,0.959933,0.367360,19.868104
3279,1,1,1,11.530640,2.592129,0.540456,0.788117,0.654978,0.322037,0.971883,0.478388,18.027600
3280,1,1,1,13.237459,2.595637,0.539304,0.791957,0.660683,0.321563,0.972376,0.480332,19.752837
3281,0,1,1,13.055797,2.830788,0.540542,0.790092,0.654997,0.319594,0.970745,0.364910,19.780430
3282,1,1,1,11.263384,2.593040,0.541896,0.795421,0.658129,0.322597,0.974677,0.360473,17.659705
3283,1,1,1,11.421230,2.691939,0.547237,0.788007,0.655347,0.322665,0.972627,0.358948,17.906536
3284,1,1,0,13.003403,2.690037,0.548197,0.794369,0.658874,0.321889,0.972529,0.360172,19.501920
3285,0,1,0,13.519976,2.712141,0.537403,0.789883,0.663360,0.320806,0.973736,0.363907,20.032893
3286,1,1,1,13.284880,2.690498,0.544861,0.789557,0.656615,0.324856,0.970049,0.363557,19.775292
3287,1,1,1,13.334843,2.685778,0.545396,0.793650,0.657249,0.322597,0.970234,0.364702,19.829053
3288,1,1,1,10.564930,2.600683,0.549219,0.789293,0.779329,0.324818,0.959514,0.361526,17.084898
3289,1,1,1,11.123459,2.598923,0.534129,0.790671,0.656806,0.321858,0.969877,0.361742,17.508037
3290,0,1,0,13.696326,2.593070,0.539397,0.797741,0.658259,0.325982,0.970203,0.440750,20.178690
3291,1,1,1,13.215280,2.592504,0.539501,0.792166,0.656289,0.326726,0.966400,0.365396,19.604800
3292,1,1,0,13.619477,2.589360,0.543170,0.796246,0.657077,0.325311,0.971526,0.364418,20.018142
3293,1,1,1,13.420381,2.595323,0.534345,0.791040,0.651384,0.326056,0.971520,0.362615,19.798394
3294,1,1,0,13.474782,2.595163,0.545323,0.787015,0.653883,0.323901,0.972880,0.358400,19.861336
3295,1,1,1,10.568701,2.597225,0.534504,0.792086,0.655576,0.327126,0.974357,0.360129,16.959108
3296,1,1,1,13.448222,2.599539,0.536474,0.792136,0.654265,0.321624,0.972800,0.361213,19.839218
3297,1,1,1,10.990172,2.715852,0.544751,0.788523,0.658419,0.324068,0.971526,0.360788,17.499840
3298,1,1,0,13.283852,2.688406,0.548357,0.792388,0.655544,0.321016,0.970529,0.368314,19.780234
3299,1,1,1,11.494929,2.593053,0.537200,0.785403,0.782806,0.328486,0.969145,0.365083,18.008535
3300,1,1,1,10.537797,2.592111,0.535871,0.788973,0.655329,0.322824,0.971717,0.366000,16.921668
3301,1,1,1,10.975385,2.625021,0.542012,0.790967,0.654357,0.321329,0.973674,0.366615,17.405846
3302,1,1,1,13.271187,2.688825,0.539618,0.796886,0.655059,0.320196,0.970868,0.358191,19.749895
3303,1,1,1,10.485938,2.603120,0.626806,0.807200,0.667514,0.319704,0.974868,0.360141,16.996744
3304,1,1,1,13.296227,2.591766,0.543107,0.903200,0.662339,0.326376,0.973963,0.359926,19.812997
3305,1,1,1,11.305409,2.588092,0.543483,0.790769,0.659453,0.321471,0.971908,0.396179,17.729096
3306,1,1,1,13.314947,2.593600,0.545292,0.788947,0.659489,0.327046,0.968283,0.404117,19.756787
3307,1,1,1,11.229440,2.595219,0.537367,0.787926,0.659864,0.326320,0.970203,0.364628,17.620111
3308,1,1,1,13.381613,2.590431,0.535969,0.793292,0.656400,0.324013,0.972467,0.359791,19.767009
3309,0,1,0,13.530345,2.591963,0.538394,0.791581,0.648468,0.323840,0.973428,0.363156,19.907760
3310,1,1,1,10.457976,2.701717,0.544683,0.788566,0.660505,0.325181,0.971292,0.363938,16.965569
3311,1,1,1,13.331385,2.691674,0.536991,0.788056,0.654375,0.324634,0.959378,0.361760,19.799877
3312,1,1,1,13.263847,2.716622,0.542948,0.786480,0.658307,0.319403,0.975699,0.361416,19.780185
3313,1,1,1,12.473747,2.696849,0.547286,0.789926,0.651834,0.328567,0.971311,0.361434,18.970412
3314,1,1,1,11.487834,2.594117,0.541243,0.790702,0.781373,0.323853,0.971514,0.364781,18.008536
3315,1,1,1,13.548418,2.771705,0.539833,0.785508,0.774923,0.318960,0.970320,0.359163,20.219477
3316,0,1,0,13.537520,2.592825,0.540271,0.885127,0.671674,0.323490,0.968960,0.362141,20.036726
3317,1,1,1,13.227501,2.594351,0.541821,0.789040,0.764757,0.325575,0.961120,0.366997,19.725975
3318,0,1,0,13.069175,2.587846,0.537890,0.789452,0.787870,0.323914,0.975748,0.364769,19.589262
3319,1,1,1,10.949330,2.594523,0.538646,0.786185,0.653970,0.323625,0.972345,0.360621,17.329170
3320,1,1,1,10.544529,2.626818,0.541237,0.794689,0.655219,0.319126,0.974979,0.364203,17.066542
3321,1,1,1,11.430313,2.687773,0.544640,0.789914,0.656412,0.324917,0.972197,0.361016,17.916831
3322,0,1,0,13.341926,2.685594,0.547274,0.787151,0.659446,0.322807,0.971649,0.360800,19.829372
3323,1,1,1,10.533661,2.592831,0.543704,0.787736,0.650492,0.323077,1.061735,0.393090,17.035760
3324,1,1,0,13.339772,2.593926,0.547360,0.791464,0.657163,0.320012,0.962314,0.397360,19.764634
3325,1,1,1,11.455132,2.592787,0.536369,0.782233,0.656486,0.325588,0.957686,0.362043,17.817735
3326,1,1,1,11.035384,2.595864,0.541779,0.789619,0.659692,0.326308,0.970627,0.361957,17.433139
3327,1,1,1,12.427274,2.694499,0.545348,0.787926,0.658074,0.324745,0.972560,0.366234,18.929452
3328,1,1,1,10.561323,2.591981,0.540905,0.912511,0.660351,0.323268,0.976763,0.361101,17.080320
3329,1,1,1,11.304234,2.591483,0.536344,0.790701,0.657809,0.326960,0.966603,0.387434,17.712258
3330,1,1,1,11.039151,2.590449,0.538166,0.787200,0.660363,0.323336,0.972763,0.363939,17.429200
3331,1,1,1,11.556739,2.691101,0.533452,0.792615,0.651704,0.324086,0.972314,0.365181,18.037378
3332,0,1,0,13.485003,2.689169,0.544732,0.792566,0.651871,0.323544,0.972209,0.361803,19.975582
3333,1,1,1,10.420985,2.592277,0.539889,0.904006,0.663151,0.321483,0.962154,0.365563,16.921230
3334,0,1,0,13.590622,2.596302,0.616013,0.831416,0.670141,0.321384,0.974708,0.363514,20.118184
3335,0,1,0,13.070991,2.595003,0.542209,0.905767,0.665163,0.326480,0.971224,0.362265,19.591274
3336,1,1,1,10.514006,2.592129,0.541212,0.794012,0.656683,0.329766,0.972313,0.366332,16.914788
3337,1,1,1,10.452111,2.595705,0.538031,0.789096,0.657637,0.324129,0.974099,0.366055,16.848363
3338,0,1,0,13.383465,2.594141,0.545655,0.786628,0.659470,0.323544,0.970603,0.361957,19.775994
3339,1,1,1,10.502160,2.680086,0.555151,0.788443,0.657908,0.323858,0.973975,0.361606,16.997237
3340,1,1,1,10.439378,2.591643,0.541833,0.796843,0.654566,0.321637,0.970787,0.405520,16.875822
3341,1,1,1,10.504683,2.591982,0.537249,0.786701,0.658788,0.321440,0.962240,0.366825,16.878227
3342,1,1,1,10.968006,2.697015,0.548572,0.787907,0.654504,0.324135,0.975532,0.363250,17.471717
3343,1,1,1,12.544708,2.691840,0.548880,0.793662,0.656825,0.326087,0.970917,0.363650,19.047636
3344,1,1,1,11.527735,2.592542,0.539409,0.801280,0.780899,0.322314,0.973809,0.363847,18.054252
3345,1,1,1,13.462677,2.593698,0.538714,0.866295,0.726653,0.327034,0.973489,0.365902,20.012105
3346,1,1,1,13.354215,2.592436,0.541502,0.796609,0.780689,0.320480,0.974049,0.363778,19.881575
3347,1,1,1,10.458209,2.593655,0.541520,0.792726,0.656221,0.319058,0.970110,0.359182,16.840917
3348,0,1,0,13.652222,2.596123,0.545003,0.791305,0.659452,0.324228,0.976124,0.363853,20.058652
3349,1,1,1,13.312978,2.594252,0.545533,0.789944,0.659981,0.327329,0.975298,0.366265,19.719649
3350,1,1,1,11.716917,2.595366,0.545077,0.791637,0.659981,0.328302,0.967495,0.365981,18.121421
3351,1,1,1,13.557593,2.596960,0.540419,0.798141,0.658972,0.326659,0.973551,0.363901,19.964542
3352,1,1,1,10.574542,2.695274,0.545040,0.793606,0.651901,0.323895,0.972873,0.364837,17.073527
3353,0,1,0,14.031317,2.779440,0.632111,0.879988,0.776757,0.386763,0.983987,0.479225,21.133151
3354,0,1,0,13.931920,2.794258,0.620037,0.875809,0.801304,0.362301,0.987920,0.492018,21.059564
3355,1,1,1,13.875939,2.684037,0.624074,0.876677,0.780413,0.359064,0.984862,0.520197,20.892856
3356,1,1,1,13.808480,2.596504,0.536856,0.791539,0.654154,0.319957,0.972621,0.362566,20.193883
3357,0,1,0,12.808227,2.591698,0.539360,0.791120,0.656370,0.326566,0.974000,0.364295,19.199428
3358,1,1,1,11.724929,2.713760,0.549342,0.793065,0.653114,0.325206,0.972849,0.366726,18.250314
3359,1,1,1,10.531378,2.594006,0.540006,0.911403,0.661329,0.319040,0.968880,0.363569,17.039711
3360,1,1,1,14.097347,2.594431,0.655040,0.800289,0.658868,0.323600,0.969360,0.364462,20.615428
3361,0,1,0,13.568572,2.593587,0.675058,0.789132,0.664123,0.320837,0.974012,0.360068,20.098892
3362,1,1,1,11.237649,2.593071,0.538763,0.791268,0.651791,0.414664,0.976670,0.373347,17.729194
3363,1,1,1,13.247723,2.597237,0.536843,0.786738,0.659717,0.327120,0.968584,0.392787,19.669206
3364,1,1,1,10.437803,2.590775,0.536929,0.793736,0.653139,0.324486,0.971070,0.362948,16.824966
3365,0,1,0,13.405015,2.590111,0.541163,0.795089,0.660394,0.324345,0.959347,0.358812,19.782006
3366,1,1,1,10.514049,2.690394,0.543397,0.792388,0.655384,0.323015,0.970370,0.357563,17.000683
3367,1,1,0,13.524098,2.690486,0.542344,0.791421,0.656332,0.321434,0.973261,0.364259,20.012111
3368,1,1,1,12.464296,2.682553,0.542868,0.795815,0.654941,0.323871,0.970585,0.361994,18.949852
3369,1,1,1,14.084517,2.689163,0.539471,0.789132,0.655489,0.324480,0.970339,0.358696,20.559803
3370,1,1,1,10.506597,2.592757,0.540007,0.793606,0.655095,0.352806,0.978462,0.373249,17.025816
3371,1,1,1,13.312253,2.591963,0.546868,0.790615,0.659637,0.431766,0.979329,0.377206,19.842997
3372,1,1,1,10.544098,2.592148,0.539403,0.792978,0.657908,0.325323,0.972972,0.367939,16.941852
3373,1,1,1,13.148849,2.596997,0.541003,0.790197,0.653200,0.325704,0.970807,0.360492,19.537563
3374,1,1,1,11.434542,2.694997,0.547797,0.795527,0.657317,0.328037,0.975181,0.362160,17.944616
3375,1,1,1,11.432221,2.691175,0.539465,0.791403,0.656437,0.323526,0.971717,0.361348,17.919932
3376,1,1,0,13.305951,2.710437,0.544886,0.790456,0.655803,0.323237,0.971735,0.362738,19.820099
3377,1,1,1,10.483760,2.591612,0.541680,0.790301,0.656333,0.321606,0.973372,0.385157,16.892006
3378,1,1,1,10.389385,2.590000,0.541533,0.794314,0.657821,0.325016,0.970326,0.360025,16.777520
3379,1,1,1,13.277846,2.591274,0.539193,0.790043,0.659127,0.322246,0.969864,0.360609,19.661415
3380,1,1,0,13.661772,2.596117,0.541489,0.786788,0.650117,0.319575,0.969939,0.367010,20.041914
3381,1,1,1,10.461606,2.684867,0.542178,0.786978,0.657656,0.322659,0.976690,0.365895,16.950000
3382,1,1,1,11.450972,2.595539,0.537446,0.905138,0.668530,0.319502,0.970898,0.359871,17.964425
3383,1,1,1,13.309175,2.594240,0.541993,0.901046,0.666665,0.323329,0.974240,0.362904,19.825403
3384,1,1,1,13.343354,2.595194,0.546098,0.890173,0.678978,0.322929,0.967821,0.367434,19.866013
3385,1,1,1,11.638019,2.593070,0.540000,0.789914,0.657427,0.331581,0.971034,0.394892,18.065477
3386,1,1,1,13.202228,2.591231,0.545200,0.794338,0.655742,0.328142,0.990603,0.400622,19.665643
3387,1,1,1,10.336209,2.592554,0.543324,0.787298,0.660990,0.325982,0.969243,0.360338,16.725668
3388,1,1,1,10.414456,2.709336,0.546923,0.796825,0.656142,0.326419,0.971846,0.364167,16.941391
3389,1,1,1,10.401342,2.592597,0.537070,0.788794,0.658603,0.322831,0.968830,0.390178,16.810043
3390,1,1,1,13.265539,2.590628,0.536363,0.788123,0.653076,0.323858,0.974764,0.387280,19.670794
3391,1,1,1,13.286776,2.595772,0.535083,0.784437,0.659526,0.325336,0.971384,0.389907,19.699194
3392,1,1,1,12.008941,2.592215,0.539286,0.792597,0.652633,0.322628,0.970117,0.359188,18.388338
3393,1,1,1,11.524991,2.597169,0.539501,0.790049,0.656419,0.325593,0.972388,0.361366,17.917113
3394,1,1,1,13.307981,2.594782,0.538461,0.787526,0.657372,0.320185,0.969003,0.370357,19.697170
3395,1,1,0,13.579108,2.594770,0.539261,0.782296,0.658493,0.323944,0.968677,0.364658,19.960233
3396,1,1,1,13.123065,2.618695,0.544837,0.786886,0.654708,0.322492,0.969760,0.359963,19.535693
3397,1,1,1,10.359710,2.590117,0.650960,0.801686,0.664917,0.328228,0.973323,0.362966,16.881576
3398,1,1,1,13.451853,2.590770,0.641520,0.803698,0.661428,0.321175,0.969853,0.362553,19.953212
3399,1,1,1,10.434055,2.588185,0.541200,0.792123,0.661582,0.325280,0.972659,0.483440,16.949791
3400,1,1,1,10.635354,2.591096,0.537803,0.789748,0.655901,0.321206,0.974246,0.357440,17.012406
3401,1,1,1,11.670376,2.693698,0.550707,0.792627,0.655071,0.325982,0.970166,0.361169,18.170991
3402,0,1,0,13.513064,2.710831,0.545373,0.791397,0.659390,0.324670,0.958154,0.359280,20.013513
3403,1,1,1,13.298757,2.698713,0.542271,0.787059,0.659058,0.326424,0.972646,0.365594,19.800941
3404,1,1,1,13.293188,2.703520,0.541994,0.792123,0.658689,0.325772,0.971545,0.364714,19.801846
3405,0,1,0,13.452407,2.714246,0.547687,0.791021,0.657175,0.326037,0.962781,0.360566,19.962351
3406,1,1,1,10.997384,2.592375,0.542504,0.903163,0.668148,0.322345,0.973181,0.364215,17.513747
3407,1,1,1,10.478591,2.595693,0.540387,0.793969,0.651021,0.326382,0.969699,0.454505,16.960628
3408,1,1,1,11.435224,2.592671,0.540018,0.790221,0.658585,0.324757,0.972652,0.367046,17.831938
3409,1,1,1,10.449877,2.691674,0.544936,0.786087,0.665378,0.322006,0.970775,0.364117,16.945680
3410,0,1,0,13.325058,2.686271,0.540252,0.793852,0.657397,0.322074,0.975895,0.364320,19.815846
3411,1,1,1,11.026326,2.593286,0.542197,0.866615,0.699699,0.324572,0.968707,0.361723,17.537674
3412,1,1,1,13.344806,2.588388,0.540104,0.796387,0.776966,0.325957,0.973963,0.361065,19.860123
3413,1,1,1,10.487957,2.595458,0.537127,0.786597,0.655932,0.323889,0.974381,0.363231,16.875926
3414,0,1,0,13.750203,2.591040,0.539071,0.798683,0.658104,0.326813,0.960954,0.366480,20.145496
3415,1,1,1,13.337139,2.593009,0.536025,0.788782,0.654744,0.324960,0.972985,0.361908,19.719600
3416,0,1,0,13.575815,2.597914,0.545120,0.792769,0.656425,0.326099,0.970794,0.364394,19.981102
3417,1,1,1,12.374006,2.596394,0.538622,0.785108,0.655379,0.324449,0.974812,0.363446,18.761600
3418,1,1,1,12.234418,2.743846,0.649243,1.086283,0.697619,0.333804,0.965293,0.476560,19.366560
3419,1,1,1,12.757483,2.745427,0.646868,0.965194,0.805902,0.371372,0.974609,0.477022,19.926450
3420,1,1,1,14.105569,2.609378,0.551440,0.804529,0.667650,0.328086,0.975864,0.386350,20.585317
3421,1,1,1,11.352283,2.828258,0.674695,0.865464,0.727483,0.340862,0.978684,0.415040,18.351213
3422,1,1,1,13.916905,2.661052,0.708954,1.013717,0.820665,0.377920,0.987194,0.522043,21.210271
3423,0,1,1,14.763378,2.709544,0.672910,0.899446,0.812406,0.423470,0.977133,0.541477,21.993347
3424,1,1,1,11.484092,2.664130,0.582036,1.121532,0.878216,0.422012,0.981317,0.441194,18.780049
3425,1,1,1,10.797403,2.752849,0.571496,0.794991,0.673859,0.328818,0.974068,0.378695,17.427600
3426,1,1,1,10.668739,2.679342,0.690172,0.834751,0.706727,0.334917,0.982597,0.441901,17.510000
3427,0,1,0,20.343643,3.247846,0.696610,0.918136,0.948412,0.382751,0.984283,0.503471,28.286154
3428,1,1,1,14.603329,2.812000,0.750474,0.953981,0.848148,0.411656,0.993680,0.540985,22.137981
3429,1,1,1,11.797532,2.801187,0.655114,1.098966,0.848732,0.417871,0.982270,0.520905,19.339452
3430,1,1,1,11.873127,2.593618,0.537200,0.794049,0.788991,0.320892,0.974985,0.365551,18.404923
3431,0,1,0,13.693151,2.639951,0.542123,0.896646,0.666283,0.318505,0.973267,0.364516,20.252062
3432,1,1,1,10.437470,2.591138,0.538646,0.791754,0.661021,0.322732,0.971354,0.364861,16.833335
3433,1,1,1,10.619766,2.593827,0.542166,0.783907,0.657944,0.322739,0.966449,0.361237,16.996837
3434,1,1,1,11.391225,2.700394,0.545052,0.801218,0.650413,0.322610,0.974271,0.361705,17.896160
3435,1,1,1,12.348271,2.591631,0.682794,0.791569,0.666369,0.321255,0.960326,0.360942,18.874628
3436,1,1,1,10.448886,2.595298,0.543317,0.795471,0.655028,0.325600,0.971188,0.394917,16.884966
3437,1,1,1,13.313040,2.594701,0.544658,0.789434,0.658153,0.325551,0.959507,0.484966,19.818856
3438,1,1,1,12.588443,2.591163,0.537637,0.794320,0.659809,0.323003,0.974627,0.362215,18.985760
3439,1,1,1,12.656929,2.595028,0.535144,0.788228,0.658750,0.326074,0.975699,0.362812,19.051231
3440,0,1,0,13.246585,2.593532,0.545606,0.797489,0.657951,0.326480,0.971292,0.363292,19.653101
3441,1,1,1,11.252320,2.694400,0.542455,0.789378,0.659889,0.326806,0.970252,0.365470,17.752794
3442,1,1,1,10.591096,2.591311,0.536689,0.898676,0.659243,0.324283,0.975852,0.365569,17.094111
3443,1,1,1,13.280948,2.592363,0.540683,0.902517,0.664043,0.322899,0.972930,0.369932,19.797224
0,0,2,0,12.176874,2.591317,0.548991,0.919465,0.663821,0.324098,0.971705,0.364037,18.706333
1,1,2,1,11.254930,2.593840,0.547649,0.796892,0.656037,0.324339,0.976517,0.386610,17.690782
2,1,2,1,10.601711,2.594584,0.539680,0.794154,0.657126,0.322394,0.970499,0.364788,16.996646
3,1,2,0,13.576825,2.599593,0.543009,0.796320,0.663218,0.324344,0.972105,0.365785,19.994203
4,1,2,1,10.400787,2.695397,0.552714,0.797465,0.661176,0.326443,0.974185,0.364210,16.925699
5,1,2,1,13.475323,2.717076,0.555249,0.804763,0.662289,0.321410,0.974745,0.362154,20.027766
6,1,2,1,13.268756,2.691655,0.551280,0.800129,0.660277,0.322216,0.963883,0.365090,19.777446
7,1,2,1,11.002443,2.590277,0.549674,0.799465,0.806997,0.325028,0.973687,0.366357,17.571304
8,1,2,1,13.288548,2.593993,0.546671,0.801624,0.802683,0.329415,0.974160,0.364087,19.856234
9,1,2,1,11.530819,2.592049,0.550025,0.796394,0.666339,0.328067,0.973237,0.467237,18.058363
10,1,2,1,11.063059,2.595052,0.551095,0.795280,0.665286,0.323686,0.976572,0.366289,17.488861
11,1,2,1,11.467194,2.709397,0.554277,0.802086,0.666750,0.327779,0.970732,0.363434,18.015846
12,1,2,1,11.192800,2.590234,0.657963,0.799520,0.663120,0.327526,0.974769,0.365526,17.725920
13,1,2,1,10.570856,2.592874,0.547754,0.805723,0.660498,0.320240,0.961988,0.385175,16.999803
14,1,2,1,11.558554,2.594978,0.544806,0.796849,0.659711,0.331108,0.960419,0.361938,17.955532
15,1,2,1,10.529077,2.740295,0.548757,0.797145,0.665864,0.325311,0.969065,0.366074,17.099274
16,1,2,1,10.409963,2.588166,0.548326,0.921557,0.671544,0.328215,0.970622,0.367329,16.961015
17,1,2,1,10.535877,2.593655,0.546424,0.803415,0.663181,0.322972,0.958972,0.366781,16.943834
18,1,2,1,11.572696,2.592757,0.552707,0.798387,0.664910,0.328191,0.968690,0.367329,17.996370
19,1,2,1,13.110849,2.592893,0.550701,0.802215,0.656579,0.328098,0.974739,0.368400,19.534092
20,1,2,1,10.454418,2.697526,0.547864,0.795821,0.667693,0.328523,0.975421,0.363144,16.982893
21,1,2,1,13.303501,2.695717,0.553175,0.802142,0.661791,0.324234,0.972800,0.362603,19.834443
22,1,2,1,11.082086,2.590726,0.549557,0.798375,0.780646,0.326264,0.961102,0.362369,17.604185
23,1,2,1,11.514566,2.594831,0.551138,0.799612,0.663901,0.325557,0.970185,0.463126,18.037176
24,1,2,1,11.186893,2.596412,0.545058,0.793256,0.658622,0.326394,0.972818,0.366000,17.597853
25,1,2,1,10.546498,2.714893,0.550750,0.804276,0.659871,0.324917,0.970388,0.363145,17.089785
26,1,2,1,10.528227,2.600960,0.555293,0.794222,0.793107,0.329742,0.974148,0.369822,17.100271
27,0,2,0,13.054468,2.594751,0.546609,0.801212,0.663827,0.347311,0.978910,0.367834,19.597963
28,1,2,1,10.490147,2.593637,0.544708,0.797557,0.662406,0.327096,0.959975,0.370776,16.899502
29,1,2,1,10.465501,2.707009,0.549643,0.799778,0.660707,0.327250,0.973569,0.363156,16.997846
30,1,2,1,12.437631,2.690129,0.556055,0.798634,0.656468,0.324461,0.962314,0.364050,18.943015
31,1,2,1,11.020978,2.593717,0.550424,0.803218,0.772283,0.322936,0.971483,0.363833,17.555255
32,1,2,1,13.373397,2.591723,0.552868,0.800683,0.771200,0.324659,0.969477,0.367329,19.902720
33,1,2,1,11.167711,2.591883,0.547089,0.805311,0.657699,0.324345,0.973107,0.461163,17.681619
34,0,2,0,13.037237,2.590732,0.551490,0.800247,0.659163,0.326978,0.968671,0.362800,19.450067
35,1,2,1,10.066714,2.746173,0.556400,0.796443,0.668203,0.324388,0.974301,0.361939,16.648813
36,0,2,0,13.460467,2.695483,0.557416,0.797415,0.656529,0.327692,0.972572,0.366050,19.988775
37,1,2,1,13.363865,2.804640,0.555385,0.800505,0.654923,0.319957,0.968098,0.363539,19.985797
38,1,2,1,10.494868,2.590640,0.680498,0.803969,0.663606,0.322123,0.959268,0.367133,17.036874
39,1,2,1,13.073625,2.590000,0.550498,0.912978,0.668868,0.322763,0.973920,0.366437,19.615391
40,0,2,0,13.471366,2.591508,0.551797,0.847244,0.667046,0.331280,0.970265,0.428665,20.110203
41,1,2,1,12.101034,2.594308,0.554720,0.803834,0.829360,0.324960,0.973064,0.369200,18.708628
42,1,2,1,10.493212,2.590536,0.548233,0.794166,0.663397,0.325477,0.972653,0.366763,16.903883
43,0,2,0,13.380375,2.591692,0.548387,0.794775,0.666584,0.328062,0.974154,0.368892,19.804271
44,1,2,1,13.473673,2.593310,0.552702,0.801901,0.664339,0.329329,0.961163,0.358443,19.883501
45,1,2,1,13.352166,2.591520,0.542757,0.803889,0.663249,0.328670,0.975225,0.361225,19.771440
46,1,2,1,9.145501,2.703902,0.548511,0.798431,0.660622,0.324314,0.960455,0.359686,15.654111
47,1,2,1,10.531193,2.592499,0.547729,0.804726,0.665342,0.418412,0.975108,0.373944,17.064043
48,1,2,1,10.420677,2.586597,0.544160,0.791274,0.662524,0.326935,0.975034,0.366659,16.827698
49,1,2,1,13.355237,2.595625,0.548911,0.797735,0.664086,0.325575,0.969760,0.366757,19.773742
50,1,2,1,10.480350,2.700467,0.548523,0.801465,0.666283,0.329877,0.970646,0.362615,17.012474
51,1,2,1,13.285280,2.728818,0.555495,0.797730,0.655945,0.324357,0.972437,0.365274,19.842179
52,1,2,1,11.062234,2.595206,0.552061,0.915305,0.675827,0.324375,0.974499,0.366332,17.616339
53,1,2,1,13.084234,2.597551,0.550584,0.901551,0.676068,0.323520,0.975262,0.367366,19.633102
54,1,2,1,13.393324,2.587335,0.552856,0.939686,0.687637,0.325606,0.976499,0.366203,19.979890
55,1,2,1,13.392658,2.648419,0.555169,0.900757,0.672382,0.322289,0.974068,0.360258,19.986954
56,1,2,1,13.145194,2.591009,0.548480,0.804800,0.815145,0.325489,0.960880,0.365643,19.706954
57,0,2,0,13.137587,2.591852,0.550954,0.796332,0.817710,0.327532,0.974954,0.367151,19.720511
58,1,2,1,11.511514,2.592400,0.548467,0.799551,0.662443,0.325452,0.970307,0.576615,18.141083
59,1,2,1,13.342726,2.588947,0.550572,0.795994,0.664154,0.324492,0.972129,0.488406,19.880153
60,1,2,1,10.387993,2.590812,0.544732,0.800068,0.664234,0.328640,0.975367,0.364973,16.808800
61,0,2,0,13.694222,2.593366,0.550098,0.803933,0.661902,0.325471,0.958142,0.364837,20.105914
62,1,2,1,13.437926,2.593132,0.554745,0.797219,0.659895,0.324031,0.963544,0.361089,19.843200
63,0,2,0,13.681354,2.593662,0.557175,0.796966,0.664566,0.322363,0.976363,0.361077,20.105803
64,1,2,1,13.349870,2.591643,0.547939,0.797200,0.666024,0.327446,0.971662,0.367225,19.766338
65,0,2,0,13.641065,2.596424,0.550916,0.800037,0.660185,0.322430,0.959970,0.362972,20.048203
66,1,2,1,11.305502,2.697108,0.547280,0.794209,0.662524,0.326627,0.970603,0.366671,17.820129
67,0,2,0,13.636733,2.695237,0.547920,0.800129,0.661686,0.323268,0.969680,0.366437,20.152640
68,1,2,1,11.476794,2.596849,0.657723,0.804530,0.663766,0.327280,0.960665,0.366092,18.006683
69,1,2,1,10.996867,2.592141,0.546375,0.798794,0.663372,0.322769,0.970591,0.386689,17.432474
70,1,2,1,13.324640,2.595175,0.547083,0.795870,0.662412,0.327907,0.969347,0.385477,19.760480
71,1,2,1,13.281230,2.594683,0.549563,0.795846,0.660800,0.324424,0.961945,0.384043,19.704744
72,1,2,1,11.260080,2.594763,0.551341,0.803102,0.662480,0.328110,0.970344,0.366504,17.686351
73,1,2,0,13.455502,2.592831,0.550610,0.804166,0.662006,0.325907,0.970597,0.367059,19.881114
74,1,2,1,10.527452,2.698431,0.552265,0.801563,0.663489,0.328265,0.974050,0.365705,17.065606
75,1,2,1,13.253107,2.687908,0.550658,0.803342,0.661828,0.325846,0.970190,0.364228,19.772148
76,0,2,0,13.401538,2.717052,0.557311,0.798493,0.659901,0.326868,0.961335,0.370480,19.945895
77,1,2,1,10.506264,2.594794,0.546954,0.800456,0.799987,0.326510,0.974646,0.366129,17.069170
78,1,2,1,10.433581,2.590948,0.549754,0.795612,0.660604,0.326110,0.974628,0.368086,16.850966
79,1,2,1,10.503563,2.703957,0.549581,0.801865,0.661889,0.330172,0.970234,0.365249,17.043809
80,0,2,0,13.300111,2.689976,0.553828,0.799779,0.663724,0.327095,0.972733,0.368566,19.828541
81,0,2,0,13.653532,2.601496,0.550653,0.801901,0.660991,0.327514,0.976603,0.361096,20.088616
82,1,2,1,11.843231,2.701280,0.550677,0.795434,0.663532,0.326209,0.972215,0.369311,18.375243
83,1,2,1,10.511095,2.593348,0.549188,0.801581,0.771914,0.328357,0.972535,0.368991,17.047612
84,1,2,1,10.518948,2.592554,0.554499,0.793034,0.666480,0.325563,0.975772,0.367157,16.942770
85,1,2,1,13.333274,2.597637,0.550363,0.796043,0.662216,0.325600,0.972979,0.365594,19.756154
86,0,2,1,11.947225,2.595539,0.547686,0.797028,0.661378,0.323465,0.971237,0.361434,18.353434
87,1,2,1,12.713409,2.622855,0.545194,0.793945,0.663440,0.327341,0.969292,0.360431,19.156597
88,1,2,0,13.278566,2.699766,0.551126,0.799077,0.662480,0.323225,0.973360,0.367342,19.807729
89,1,2,1,9.179231,2.597889,0.548388,0.799600,0.814578,0.324234,0.971274,0.365834,15.755649
90,1,2,1,13.146498,2.590553,0.548289,0.796135,0.766567,0.329773,0.972092,0.367520,19.677182
91,1,2,0,13.331003,2.594954,0.546007,0.793705,0.664215,0.343489,0.971748,0.369169,19.854449
92,1,2,1,13.256861,2.586867,0.551883,0.800462,0.661403,0.450227,0.967422,0.381224,19.809181
93,1,2,1,13.298819,2.589261,0.551083,0.798376,0.665994,0.442505,0.964825,0.381342,19.843003
94,1,2,1,11.047625,2.589378,0.551298,0.803507,0.663612,0.329114,0.959747,0.368301,17.462227
95,1,2,1,11.393926,2.587453,0.553741,0.794966,0.668954,0.327157,0.970074,0.364566,17.810671
96,1,2,1,13.608984,2.592074,0.548277,0.794886,0.662142,0.324794,0.970197,0.362105,20.014492
97,1,2,1,10.429311,2.696628,0.555680,0.801686,0.661114,0.326763,0.968431,0.363095,16.958498
98,1,2,1,13.282142,2.682954,0.553446,0.794037,0.661053,0.327569,0.973501,0.367656,19.790812
99,1,2,1,13.374997,2.594117,0.556400,0.798856,0.656252,0.318683,0.972812,0.368141,19.885459
100,1,2,1,11.078370,2.591490,0.550904,0.793864,0.661680,0.415446,0.977834,0.378203,17.600136
101,1,2,1,13.366228,2.587889,0.547551,0.799421,0.663323,0.415686,0.977945,0.381889,19.892160
102,1,2,1,10.423206,2.587557,0.545268,0.796548,0.665293,0.326271,0.975267,0.365391,16.835268
103,1,2,1,11.205600,2.691613,0.552566,0.797434,0.656689,0.324037,0.966904,0.362135,17.713637
104,1,2,0,13.466136,2.704517,0.554504,0.796141,0.655859,0.324960,0.970535,0.365187,19.986756
105,1,2,1,13.139366,2.737692,0.551194,0.797895,0.664203,0.324948,0.970283,0.366369,19.705046
106,1,2,0,13.525514,2.689089,0.549533,0.795071,0.659926,0.324480,0.971938,0.364523,20.031268
107,1,2,0,13.489877,2.687908,0.552566,0.801287,0.666566,0.327853,0.970861,0.366178,20.016382
108,1,2,1,11.521594,2.714369,0.550012,0.795890,0.658166,0.321200,0.962486,0.364234,18.038073
109,1,2,1,11.520837,2.589927,0.548609,0.802714,0.897157,0.326265,0.962277,0.367766,18.170203
110,0,2,0,13.560025,2.592018,0.546363,0.905409,0.681170,0.327735,0.964024,0.367853,20.101096
111,1,2,1,10.569471,2.594856,0.550493,0.794696,0.662086,0.326517,0.969895,0.366462,16.986898
112,1,2,1,12.684209,2.594701,0.553027,0.795809,0.664061,0.326898,0.972640,0.366345,19.108437
113,1,2,1,11.324763,2.596363,0.547145,0.801489,0.656234,0.327064,0.969003,0.363422,17.735206
114,1,2,1,10.425261,2.590345,0.653501,0.792560,0.666825,0.325341,0.969206,0.364935,16.939502
115,1,2,1,10.601724,2.595040,0.545009,0.798584,0.664720,0.325298,0.976929,0.385243,17.045403
116,1,2,1,10.425077,2.592455,0.546191,0.798141,0.657821,0.323434,0.975262,0.363717,16.831993
117,0,2,0,13.656523,2.591514,0.546634,0.799852,0.658320,0.324006,0.971569,0.364086,20.064640
118,1,2,1,11.197015,2.719096,0.556978,0.803200,0.659071,0.329071,0.962997,0.364997,17.744363
119,1,2,1,11.921630,2.692314,0.547711,0.797156,0.656394,0.324511,0.970978,0.369188,18.429723
120,1,2,1,12.865453,2.592972,0.677286,0.802025,0.664572,0.324745,0.973581,0.366868,19.419649
121,1,2,1,10.579286,2.593753,0.553643,0.800683,0.662997,0.329440,0.974068,0.398628,17.043464
122,1,2,1,11.127009,2.589384,0.549600,0.803840,0.662794,0.322363,0.973883,0.360160,17.539754
123,1,2,1,13.442283,2.594012,0.548123,0.800609,0.662056,0.326191,0.969175,0.365569,19.862252
124,0,2,0,13.412941,2.589914,0.549846,0.796806,0.663047,0.326954,0.972050,0.368031,19.830167
125,1,2,1,10.562671,2.702191,0.554819,0.796504,0.661243,0.325853,0.975046,0.360080,17.091760
126,1,2,1,10.508733,2.587385,0.549692,0.799058,0.776228,0.329661,0.960905,0.364683,17.029526
127,1,2,1,13.346264,2.592898,0.552573,0.802800,0.780633,0.324074,0.974406,0.369113,19.894757
128,1,2,1,9.165243,2.595994,0.542824,0.802203,0.670640,0.327778,0.971692,0.363729,15.588326
129,0,2,1,12.405723,2.595785,0.544252,0.795157,0.660751,0.320782,0.971219,0.363618,18.808425
130,0,2,0,13.591194,2.595969,0.548492,0.800154,0.663987,0.325231,0.972536,0.366173,20.014886
131,1,2,1,11.462369,2.733908,0.552806,0.795600,0.661421,0.328104,0.973993,0.365883,18.028769
132,1,2,1,13.387692,2.694234,0.554412,0.793138,0.664781,0.326948,0.977163,0.363785,19.912424
133,1,2,1,13.403889,2.694289,0.549224,0.792837,0.659477,0.326240,0.970216,0.361342,19.909373
134,0,2,0,13.581317,2.711052,0.553138,0.794997,0.659945,0.325317,0.963656,0.361895,20.103600
135,1,2,1,13.236880,2.687575,0.554898,0.796222,0.663680,0.323410,0.971618,0.365582,19.753151
136,1,2,1,13.220640,2.706019,0.549496,0.792936,0.659791,0.323803,0.972800,0.365723,19.742566
137,1,2,1,10.499865,2.588461,0.547957,0.798855,0.667335,0.452154,0.980295,0.382093,17.071090
138,0,2,0,13.337305,2.594031,0.550474,0.798087,0.661403,0.430529,0.977428,0.384831,19.889175
139,1,2,1,11.199464,2.589778,0.548387,0.789877,0.661428,0.324954,0.971138,0.366597,17.605871
140,0,2,0,13.618382,2.590499,0.554117,0.795655,0.661662,0.328196,0.974800,0.363975,20.038800
141,1,2,1,13.249181,2.592252,0.551545,0.804813,0.663422,0.325618,0.973705,0.364905,19.676720
142,1,2,1,10.496966,2.704646,0.549956,0.796659,0.660714,0.324467,0.961594,0.367378,17.012781
143,1,2,1,11.313298,2.695354,0.550917,0.798067,0.660240,0.323434,0.959175,0.360677,17.816856
144,1,2,1,8.688283,2.591877,0.546339,0.795403,0.665865,0.322911,0.972708,0.361927,15.096640
145,1,2,1,13.284616,2.598037,0.546769,0.798338,0.658493,0.324991,0.972867,0.367858,19.703784
146,1,2,1,13.411717,2.591711,0.550818,0.796646,0.662093,0.327988,0.968141,0.367803,19.825969
147,1,2,1,13.450923,2.593926,0.554099,0.795619,0.666258,0.326634,0.968812,0.363876,19.872701
148,1,2,1,10.408209,2.700019,0.552067,0.794068,0.662049,0.322707,0.972277,0.369077,16.933243
149,1,2,1,10.538308,2.600418,0.554221,0.919606,0.672849,0.325834,0.969600,0.363920,17.100542
150,1,2,1,13.247219,2.594991,0.552770,0.931908,0.670473,0.322141,0.969422,0.364055,19.806179
151,1,2,1,13.358123,2.593059,0.552892,0.916695,0.679483,0.327243,0.972486,0.367926,19.925330
152,1,2,1,11.995514,2.593557,0.549508,0.802234,0.666227,0.328997,1.062578,0.398800,18.552191
153,1,2,1,10.545447,2.593612,0.548455,0.800240,0.665206,0.324744,0.975170,0.360676,16.966222
154,1,2,1,11.340793,2.693809,0.551385,0.793373,0.664640,0.325859,0.971736,0.364012,17.856609
155,1,2,1,10.552499,2.591754,0.642911,0.808295,0.667169,0.325692,0.974763,0.369108,17.083502
156,1,2,1,13.510098,2.592351,0.652338,0.794560,0.667440,0.328166,0.974880,0.367421,20.037384
157,1,2,1,13.181661,2.593557,0.634671,0.802056,0.669668,0.322658,0.971237,0.367027,19.695600
158,0,2,0,13.484314,2.591748,0.646265,0.805058,0.663071,0.327932,0.964591,0.363520,19.996153
159,1,2,1,10.960031,2.595742,0.542788,0.800099,0.661139,0.326615,0.963016,0.386308,17.390646
160,1,2,1,11.576769,2.591206,0.548080,0.797280,0.661471,0.325403,0.972412,0.371458,17.994652
161,1,2,1,12.592086,2.595273,0.551951,0.796203,0.668788,0.324129,0.973366,0.365532,19.017846
162,1,2,1,10.428727,2.693144,0.553219,0.797926,0.657711,0.320234,0.968499,0.365483,16.939994
163,1,2,1,10.496639,2.592800,0.552917,0.802271,0.822788,0.329692,0.972800,0.367095,17.092726
164,0,2,0,13.547569,2.590695,0.551126,0.800000,0.796080,0.324474,0.962332,0.363772,20.091034
165,0,2,0,13.333409,2.589372,0.553711,0.798492,0.877859,0.327421,0.972240,0.364197,19.973563
166,1,2,1,10.501187,2.592215,0.553145,0.794406,0.664154,0.327089,0.962689,0.368757,16.913852
167,0,2,0,14.287994,2.593938,0.552683,0.794240,0.661255,0.327083,0.972634,0.449384,20.798326
168,1,2,1,13.297877,2.593908,0.552012,0.795305,0.661674,0.327650,0.970493,0.364049,19.713908
169,0,2,0,13.337563,2.589249,0.544990,0.803089,0.661108,0.327144,0.974480,0.365329,19.760855
170,0,2,1,13.427698,2.589803,0.546227,0.797945,0.662622,0.327329,0.972652,0.364129,19.837914
171,1,2,1,11.581403,2.595569,0.547224,0.791256,0.660258,0.322437,0.975065,0.364246,17.989096
172,1,2,1,10.415834,2.693785,0.548234,0.793551,0.666733,0.327877,0.963587,0.363846,16.922092
173,1,2,1,10.518714,2.592295,0.548523,0.804843,0.747853,0.336861,0.962591,0.371766,17.055926
174,1,2,1,11.008209,2.592006,0.549416,0.796104,0.663409,0.326259,0.973077,0.364123,17.422270
175,1,2,1,10.404012,2.706468,0.554997,0.798536,0.662166,0.322037,0.968190,0.363816,16.936990
176,0,2,0,13.487009,2.709391,0.550190,0.793157,0.661421,0.325988,0.971557,0.364080,20.015071
177,1,2,1,10.519828,2.589920,0.651667,0.803175,0.665182,0.326529,0.970240,0.366979,17.045458
178,1,2,1,11.523988,2.586714,0.547219,0.801446,0.668160,0.503237,0.977662,0.386646,18.148376
179,1,2,1,13.315508,2.589822,0.546203,0.804166,0.657594,0.448400,0.962677,0.377907,19.858893
180,1,2,1,12.509902,2.590548,0.550073,0.796258,0.662702,0.325852,0.971163,0.383163,18.944431
181,1,2,1,12.671582,2.593255,0.543711,0.798929,0.657004,0.328591,0.971717,0.363286,19.078203
182,1,2,1,10.507409,2.591606,0.543169,0.792486,0.661107,0.323360,0.957003,0.364221,16.892751
183,1,2,1,10.548542,2.593379,0.674923,0.793453,0.660142,0.325575,0.971027,0.363717,17.085150
184,1,2,1,10.446615,2.589341,0.547187,0.790067,0.665950,0.328018,0.975200,0.394523,16.888708
185,1,2,1,10.996301,2.594037,0.549292,0.800012,0.657194,0.326947,0.972449,0.365311,17.413834
186,1,2,1,13.311834,2.592573,0.549083,0.797877,0.662419,0.325809,0.971237,0.367335,19.726616
187,0,2,1,13.222695,2.589871,0.546892,0.800412,0.658124,0.326443,0.971378,0.365797,19.634252
188,1,2,1,10.830554,2.875736,0.544862,0.789145,0.661200,0.318080,0.959335,0.360516,17.489083
189,1,2,1,13.304548,2.719637,0.552013,0.796763,0.662007,0.325261,0.973797,0.361391,19.850400
190,0,2,0,13.606080,2.709015,0.551619,0.794363,0.658867,0.325797,0.960837,0.362788,20.121859
191,1,2,1,11.244123,2.596702,0.554252,0.917667,0.670738,0.329200,0.971212,0.365089,17.801957
192,1,2,1,12.529865,2.591422,0.546806,0.795077,0.802923,0.328400,0.973139,0.365428,19.088086
193,1,2,1,11.267379,2.591636,0.549526,0.795834,0.670283,0.324111,0.973551,0.471071,17.792960
194,1,2,1,11.208369,2.590942,0.549747,0.794991,0.666147,0.323656,0.970960,0.363729,17.616732
195,1,2,1,10.459907,2.695896,0.552406,0.799471,0.663465,0.327428,0.973003,0.367304,16.989753
196,0,2,0,13.476948,2.693760,0.553834,0.790123,0.667040,0.323576,0.973716,0.365742,19.995889
197,1,2,1,10.559286,2.592227,0.546708,0.798892,0.777864,0.327157,0.958671,0.367064,17.081687
198,1,2,1,10.529612,2.587150,0.547053,0.793434,0.664966,0.328142,0.962701,0.365686,16.927342
199,1,2,1,13.264818,2.595255,0.547366,0.793477,0.658068,0.326240,0.974745,0.361120,19.671667
200,0,2,0,13.656499,2.589975,0.544966,0.793538,0.656228,0.326412,0.973901,0.367360,20.056135
201,1,2,1,11.100739,2.602960,0.543046,0.795945,0.662172,0.324867,0.973372,0.359292,17.518025
202,1,2,1,13.448800,2.611760,0.551416,0.793809,0.658473,0.324978,0.970806,0.366916,19.882160
203,1,2,1,13.921526,2.594960,0.541625,0.796707,0.658708,0.319218,0.969920,0.362486,20.316541
204,1,2,1,10.433293,2.708222,0.560246,0.793976,0.660203,0.327366,0.960776,0.361366,16.963009
205,1,2,1,11.566234,2.590652,0.545065,0.800228,0.800836,0.328720,0.969391,0.370394,18.128265
206,1,2,1,11.491816,2.592935,0.544037,0.793674,0.663692,0.327416,0.960621,0.483704,18.010221
207,1,2,1,11.446812,2.597809,0.551631,0.798012,0.662861,0.324271,0.970117,0.362671,17.868738
208,1,2,1,13.507926,2.592880,0.550031,0.795853,0.662418,0.328013,0.972061,0.366277,19.925218
209,0,2,0,13.677415,2.591945,0.548751,0.798990,0.657071,0.320935,0.973145,0.368326,20.089224
210,1,2,1,13.306653,2.591421,0.545292,0.797200,0.659471,0.325680,0.975453,0.364892,19.715292
211,1,2,1,13.240480,2.595803,0.557058,0.797070,0.657686,0.328412,0.971828,0.367311,19.668714
212,1,2,1,11.451483,2.687427,0.554511,0.797544,0.658240,0.326714,0.974763,0.363489,17.966585
213,0,2,0,13.486627,2.706597,0.549256,0.799988,0.663391,0.326510,0.973101,0.364436,20.023735
214,1,2,1,11.493010,2.682462,0.572376,0.792591,0.662394,0.326031,0.960160,0.368018,18.010006
215,0,2,0,13.354431,2.594363,0.663852,0.797287,0.661446,0.325514,0.969778,0.364086,19.884462
216,1,2,1,13.369588,2.591403,0.669908,0.796745,0.666492,0.322910,0.971465,0.359969,19.900861
217,1,2,1,10.647606,2.597944,0.544302,0.792314,0.667784,0.325760,0.966960,0.395803,17.094615
218,0,2,0,11.238277,2.592314,0.547188,0.795397,0.659477,0.325274,0.972086,0.367637,17.649292
219,1,2,1,13.339077,2.592012,0.549188,0.798702,0.659772,0.326148,0.968775,0.366634,19.753151
220,1,2,1,10.528739,2.699348,0.548449,0.800628,0.664726,0.329717,0.975416,0.359748,17.060290
221,1,2,1,11.577040,2.597575,0.673816,0.803065,0.665391,0.325446,0.959674,0.364234,18.117785
222,1,2,1,10.536874,2.588849,0.548812,0.799914,0.667963,0.325422,0.965200,0.388283,16.974849
223,1,2,1,10.557200,2.589489,0.548862,0.795236,0.663009,0.324345,0.972419,0.364474,16.971089
224,0,2,0,13.293231,2.592148,0.547588,0.796990,0.663495,0.324991,0.972148,0.363262,19.707656
225,1,2,1,11.578498,2.695680,0.554030,0.796880,0.662209,0.327606,0.968738,0.366855,18.103502
226,0,2,0,13.441366,2.689754,0.550142,0.796430,0.666123,0.324228,0.967600,0.367772,19.955846
227,1,2,1,12.923354,2.689077,0.553434,0.798080,0.657723,0.326055,0.975502,0.366720,19.441034
228,1,2,1,10.545902,2.590948,0.547347,0.795895,0.776511,0.326487,0.960307,0.367298,17.064904
229,1,2,1,10.986111,2.603120,0.667988,0.795723,0.663434,0.322745,0.974136,0.442037,17.615267
230,1,2,1,13.126677,2.593908,0.551256,0.794388,0.663428,0.325717,0.961754,0.362018,19.529563
231,1,2,1,10.681230,2.593865,0.547896,0.793058,0.657797,0.323963,0.971969,0.362284,17.086307
232,1,2,1,10.429120,2.594228,0.672751,0.796794,0.668782,0.329096,0.969416,0.366061,16.978547
233,1,2,1,10.488567,2.590929,0.544160,0.794751,0.662991,0.328246,0.962695,0.398049,16.923397
234,1,2,0,13.057084,2.588671,0.547089,0.797514,0.661791,0.330369,0.969729,0.447655,19.732652
235,1,2,1,13.173976,2.590917,0.553144,0.804591,0.660019,0.328049,0.970738,0.485705,19.722480
236,1,2,1,13.427975,2.592474,0.549465,0.797286,0.659157,0.327852,0.961065,0.482947,19.949827
237,1,2,1,12.632708,2.590677,0.551803,0.794720,0.659613,0.325261,0.969385,0.363865,19.038924
238,1,2,1,10.530296,2.600049,0.549490,0.800173,0.663089,0.329317,0.974646,0.367705,16.966646
239,1,2,1,13.053046,2.696012,0.554646,0.794824,0.661539,0.329341,0.968455,0.370000,19.579514
240,1,2,1,11.093902,2.593742,0.648942,0.796616,0.658702,0.325557,0.971920,0.367914,17.609213
241,1,2,1,10.588677,2.595527,0.547132,0.795748,0.660209,0.328167,0.964603,0.389649,17.023163
242,1,2,1,13.309354,2.594136,0.546357,0.801766,0.665945,0.326664,0.961895,0.389175,19.747459
243,1,2,1,10.663015,2.593298,0.757889,0.793224,0.659520,0.322025,0.971144,0.363188,17.275046
244,1,2,1,11.424720,2.741883,0.555330,0.790911,0.662677,0.327139,0.960585,0.364578,17.979452
245,1,2,1,13.295674,2.691213,0.553354,0.792960,0.660326,0.326720,0.974302,0.360947,19.809310
246,1,2,1,10.430474,2.590277,0.547508,0.912744,0.669902,0.321847,0.959224,0.368025,16.954480
247,0,2,0,13.352960,2.593797,0.550610,0.946898,0.672837,0.324283,0.970517,0.363446,19.929785
248,1,2,1,9.205157,2.591046,0.551304,0.794653,0.668301,0.325268,0.972659,0.366400,15.625533
249,1,2,1,10.466560,2.705064,0.550080,0.802486,0.672246,0.327501,0.970369,0.365538,17.016154
250,1,2,1,12.022074,2.695625,0.550763,0.795433,0.663477,0.326154,0.972960,0.362037,18.541754
251,1,2,1,10.463071,2.594222,0.546424,0.800178,0.662246,0.328406,0.970794,0.389058,16.908381
252,1,2,1,10.483698,2.595877,0.543182,0.795551,0.659132,0.328418,0.960455,0.359779,16.878252
253,1,2,1,13.241348,2.593772,0.548246,0.798473,0.664129,0.324855,0.971458,0.366111,19.660978
254,1,2,1,12.150012,2.602677,0.549206,0.796923,0.661619,0.326184,0.974862,0.363662,18.574351
255,1,2,1,11.450265,2.729360,0.552659,0.795988,0.665939,0.322006,0.972942,0.362209,18.006216
256,1,2,1,12.226086,2.596178,0.666536,0.801926,0.668511,0.327428,0.972197,0.365255,18.775914
257,1,2,1,13.183938,2.594326,0.549483,0.938043,0.670615,0.326449,0.971065,0.365852,19.754781
258,1,2,1,10.513446,2.591785,0.549169,0.798947,0.664720,0.329576,0.976652,0.486978,17.062104
259,0,2,0,13.568855,2.592732,0.545255,0.802566,0.665286,0.328911,0.980012,0.402646,20.045360
260,0,2,0,13.539052,2.591237,0.551834,0.797348,0.662886,0.326086,0.970050,0.401532,19.994215
261,1,2,1,13.321846,2.592905,0.550751,0.799810,0.663871,0.328043,1.063027,0.409594,19.886215
262,1,2,1,10.508696,2.590000,0.547563,0.799483,0.661742,0.328056,0.973022,0.364843,16.923267
263,1,2,1,10.490984,2.698289,0.553471,0.801698,0.666216,0.323299,0.969224,0.363920,17.019064
264,1,2,1,10.496640,2.590258,0.547113,0.796523,0.664683,0.426086,0.974831,0.371126,17.016911
265,1,2,1,10.473490,2.597502,0.549852,0.800996,0.665625,0.324573,0.970579,0.366252,16.902813
266,1,2,1,13.436406,2.595723,0.548640,0.791514,0.666609,0.324880,0.965262,0.367070,19.846935
267,1,2,1,10.492031,2.724616,0.554345,0.795458,0.660031,0.324505,0.973415,0.364136,17.040677
268,1,2,1,11.202917,2.590363,0.665889,0.801791,0.669797,0.326886,0.971816,0.364837,17.746283
269,1,2,1,10.527889,2.593286,0.554104,0.802505,0.660493,0.330376,0.997145,0.418985,17.040948
270,1,2,1,10.456067,2.595822,0.547533,0.788332,0.664289,0.327982,0.971988,0.362240,16.867200
271,1,2,1,14.203846,2.595643,0.549569,0.800979,0.661330,0.328530,0.973360,0.366413,20.632677
272,1,2,1,10.525864,2.705698,0.554018,0.792979,0.659926,0.329255,0.970972,0.364492,17.053403
273,1,2,1,11.746603,2.592135,0.655267,0.801649,0.662954,0.328573,0.970646,0.368905,18.280905
274,1,2,1,13.366357,2.591132,0.647410,0.793636,0.665323,0.326991,0.962886,0.367163,19.875501
275,0,2,0,13.754050,2.682880,0.559150,0.796080,0.667268,0.323224,0.970830,0.363397,20.268744
276,1,2,1,13.345188,2.591182,0.655058,0.794825,0.664382,0.324173,0.969975,0.362615,19.860775
277,1,2,1,13.389219,2.588172,0.651305,0.795988,0.665342,0.326640,0.973853,0.364486,19.907686
278,0,2,0,13.464166,2.593132,0.657015,0.790043,0.665237,0.322690,0.971871,0.367427,19.984037
279,1,2,1,9.141415,2.589495,0.540677,0.797975,0.660880,0.326062,0.967120,0.364566,15.539551
280,1,2,0,13.494547,2.594382,0.548363,0.792307,0.663649,0.325914,0.968222,0.366843,19.908733
281,1,2,1,10.485987,2.713040,0.550166,0.796923,0.659673,0.324370,0.972597,0.367809,17.023569
282,1,2,1,10.399139,2.589415,0.683724,0.867803,0.723015,0.344473,0.992068,0.457139,17.227163
283,1,2,1,10.917193,3.115496,0.547341,0.796634,0.662258,0.452080,0.973643,0.372246,17.992683
284,1,2,1,11.036843,2.588868,0.554000,0.790653,0.662474,0.326560,0.973871,0.362246,17.446597
285,1,2,1,13.454880,2.593009,0.547292,0.795403,0.657218,0.326092,0.970652,0.364480,19.864947
286,1,2,1,11.597902,2.594351,0.543643,0.792123,0.666972,0.323710,0.973108,0.369397,18.013267
287,1,2,1,10.541415,2.720197,0.555311,0.795114,0.665040,0.322154,0.970972,0.360388,17.085101
288,0,2,0,13.346733,2.689557,0.549884,0.794567,0.660117,0.324911,0.972671,0.365594,19.856843
289,1,2,1,11.022277,2.594960,0.554966,0.802172,0.772344,0.326394,0.974277,0.368849,17.577465
290,1,2,1,10.528720,2.594893,0.548228,0.795680,0.663772,0.325360,0.974400,0.369077,16.949138
291,1,2,1,9.148228,2.809723,0.552455,0.800166,0.662419,0.325070,0.970406,0.367649,15.792603
292,1,2,1,11.025600,2.590966,0.549384,0.792425,0.771692,0.326788,0.975225,0.365551,17.551040
293,1,2,1,13.343366,2.589409,0.549114,0.799520,0.809329,0.325090,0.974338,0.367071,19.909668
294,1,2,1,10.485409,2.587883,0.549310,0.789089,0.666185,0.325452,0.970867,0.369182,16.894277
295,1,2,1,10.480338,2.717717,0.549704,0.797360,0.661853,0.325816,0.968677,0.367237,17.022474
296,1,2,1,10.499545,2.588628,0.664554,0.800456,0.664086,0.322954,0.970727,0.366000,17.027219
297,1,2,1,10.461896,2.595089,0.550837,0.798473,0.659360,0.327145,0.965046,0.400493,16.915409
298,1,2,1,10.416031,2.588967,0.552941,0.795120,0.659360,0.329809,0.964166,0.368190,16.828382
299,0,2,0,13.668696,2.596837,0.546289,0.799090,0.660523,0.327606,0.969582,0.367163,20.090763
300,1,2,1,13.457163,2.593643,0.548584,0.792307,0.666357,0.322579,0.972603,0.365852,19.868904
301,1,2,1,11.483914,2.698960,0.552363,0.799502,0.663753,0.331120,0.969864,0.366664,18.017778
302,1,2,1,10.432504,2.594856,0.549735,0.903470,0.671421,0.323674,0.970930,0.366868,16.964720
303,1,2,1,10.591311,2.592301,0.550511,0.803385,0.658129,0.326707,0.972050,0.361366,17.005987
304,1,2,1,10.034339,2.699348,0.552104,0.790590,0.664855,0.325052,0.968899,0.366277,16.551071
305,1,2,1,11.797970,2.691686,0.553766,0.796505,0.661127,0.320394,0.974498,0.362855,18.313151
306,1,2,1,11.071920,2.592536,0.551391,0.792732,0.790209,0.327933,0.964283,0.364327,17.608609
307,1,2,1,11.468265,2.596461,0.549379,0.798166,0.661133,0.331384,0.971354,0.477360,18.009871
308,1,2,1,10.425047,2.589557,0.545108,0.794825,0.661415,0.325588,0.969816,0.363108,16.824376
309,1,2,1,10.454228,2.799428,0.552868,0.799582,0.663643,0.325883,0.974184,0.364523,17.087403
310,1,2,0,13.562579,2.736037,0.550449,0.797526,0.662105,0.322850,0.971526,0.366431,20.122351
311,1,2,1,10.542942,2.593747,0.550375,0.795464,0.659748,0.419711,0.974050,0.367625,17.056954
312,1,2,1,10.504486,2.592413,0.545618,0.790831,0.662609,0.327538,0.968868,0.360400,16.902129
313,1,2,1,10.503415,2.704511,0.554394,0.796049,0.663496,0.319920,0.972702,0.362068,17.026812
314,1,2,1,10.495699,2.590504,0.547969,0.913280,0.677213,0.321089,0.976302,0.368160,17.041065
315,1,2,1,10.534080,2.590652,0.550776,0.805575,0.664726,0.328493,0.975797,0.365003,16.967600
316,1,2,1,13.419465,2.592184,0.549249,0.796855,0.657625,0.323366,0.974739,0.368166,19.833944
317,1,2,0,12.803034,2.597698,0.549533,0.798068,0.667015,0.327305,0.958683,0.361311,19.217502
318,1,2,1,11.227385,2.592037,0.549010,0.796960,0.666351,0.325612,0.973514,0.367693,17.649643
319,0,2,0,13.062535,2.707144,0.551982,0.801299,0.661379,0.325612,0.971464,0.364991,19.600609
320,1,2,1,11.502819,2.713742,0.554061,0.795200,0.657465,0.325310,0.972443,0.362185,18.034929
321,1,2,1,11.461274,2.593532,0.550344,0.918996,0.680511,0.329126,0.969778,0.364302,18.022130
322,1,2,1,12.259975,2.590258,0.547803,0.797403,0.663175,0.411176,0.985354,0.397113,18.810985
323,1,2,1,13.433951,2.595021,0.545822,0.802179,0.665022,0.444296,0.979440,0.394258,20.014695
324,1,2,1,11.052764,2.592443,0.545415,0.801188,0.664332,0.325963,0.971046,0.365650,17.468326
325,1,2,1,13.397206,2.599576,0.550087,0.796233,0.665243,0.327108,0.974018,0.364647,19.828443
326,1,2,1,13.343821,2.587778,0.551994,0.796074,0.659544,0.327939,0.975588,0.360775,19.751280
327,1,2,1,11.104370,2.601477,0.549126,0.801372,0.670923,0.326646,0.976375,0.366307,17.652252
328,1,2,1,13.512726,2.599883,0.551249,0.791939,0.659858,0.328535,0.961083,0.364714,19.921341
329,1,2,1,10.114252,2.594185,0.550505,0.913305,0.670547,0.327298,0.972770,0.359945,16.656677
330,1,2,1,13.304357,2.591643,0.548899,0.911059,0.665329,0.328948,0.962504,0.363348,19.827046
331,1,2,1,10.559471,2.592843,0.553612,0.797249,0.660665,0.324474,0.970375,0.468621,17.080985
332,1,2,1,13.347132,2.589477,0.549015,0.794819,0.660855,0.325261,0.973490,0.458659,19.849101
333,0,2,0,13.558394,2.596505,0.545034,0.800000,0.659341,0.324455,0.972345,0.460006,20.071163
334,1,2,1,12.829815,2.597114,0.551957,0.788307,0.661459,0.328462,0.972905,0.369138,19.252228
335,1,2,1,13.204984,2.591945,0.551477,0.800357,0.657876,0.328609,0.968123,0.366812,19.621397
336,1,2,1,10.508493,2.721624,0.549452,0.795501,0.667440,0.324302,0.973705,0.370142,17.066136
337,0,2,1,13.351661,2.709102,0.553053,0.795982,0.664966,0.326092,0.974141,0.364030,19.892406
338,1,2,1,11.165133,2.685582,0.552874,0.793982,0.662147,0.322037,0.963360,0.367926,17.660135
339,1,2,1,13.278326,2.716326,0.559674,0.795231,0.666252,0.324929,0.970578,0.367674,19.836781
340,1,2,1,9.195415,2.594388,0.545668,0.797231,0.663465,0.321496,0.973354,0.365563,15.608560
341,1,2,1,13.359735,2.592216,0.554265,0.800227,0.660216,0.329182,0.971766,0.364652,19.785324
342,1,2,1,13.375218,2.590130,0.552111,0.802308,0.655311,0.325274,0.975637,0.365944,19.793169
343,1,2,1,10.480953,2.710025,0.552191,0.799895,0.659735,0.321877,0.968818,0.366732,17.014541
344,1,2,1,13.330197,2.696116,0.553341,0.796253,0.661218,0.328000,0.970093,0.367052,19.855502
345,1,2,1,13.350572,2.696744,0.553164,0.806087,0.657981,0.325145,0.971526,0.363624,19.876622
346,1,2,1,10.534887,2.589594,0.650283,0.802025,0.669852,0.326259,0.965292,0.365864,17.057564
347,1,2,1,13.306289,2.597784,0.551821,0.904738,0.672954,0.326031,0.974530,0.365735,19.855564
348,1,2,1,13.520511,2.590991,0.654203,0.799071,0.669747,0.315557,0.972056,0.361287,20.035889
349,1,2,1,10.604326,2.594160,0.552960,0.798031,0.669729,0.326461,0.997514,0.396123,17.095341
350,1,2,1,11.231760,2.590012,0.547292,0.796228,0.667452,0.328535,0.974412,0.364622,17.653304
351,1,2,0,13.483058,2.595901,0.549477,0.786984,0.667151,0.330720,0.971243,0.361034,19.899446
352,1,2,1,10.901969,2.736178,0.551372,0.792430,0.660018,0.326172,0.978302,0.364320,17.462400
353,1,2,1,13.268228,2.709391,0.553096,0.798350,0.662147,0.324363,0.969224,0.366585,19.804923
354,1,2,1,12.495286,2.695028,0.556037,0.800104,0.664585,0.324757,0.977945,0.367853,19.035471
355,0,2,0,13.588893,2.712320,0.553114,0.800658,0.659046,0.326332,0.970782,0.368271,20.129736
356,1,2,1,13.221754,2.693182,0.549058,0.795587,0.659077,0.324788,0.975840,0.363797,19.735015
357,1,2,1,10.566603,2.593206,0.550744,0.799661,0.666234,0.333895,0.975784,0.363932,17.096099
358,1,2,1,10.530474,2.594818,0.549175,0.794431,0.664800,0.320701,0.974062,0.360541,16.939748
359,1,2,1,10.997538,2.700449,0.557378,0.796776,0.659920,0.323637,0.973071,0.362019,17.522850
360,1,2,1,11.029064,2.686246,0.549286,0.794468,0.662560,0.331508,0.969231,0.360855,17.535113
361,1,2,1,10.518339,2.598732,0.545913,0.797280,0.662425,0.327631,0.970775,0.393741,16.967489
362,1,2,1,10.529495,2.593182,0.547034,0.799206,0.663311,0.330825,0.961194,0.365453,16.939988
363,1,2,1,13.365840,2.596357,0.553194,0.801145,0.666105,0.327668,0.975483,0.364203,19.801772
364,0,2,0,13.855452,2.594640,0.554043,0.796874,0.661064,0.323834,0.972258,0.359779,20.267323
365,1,2,1,13.552307,2.592234,0.545471,0.794185,0.783108,0.328960,0.975151,0.373853,20.103692
366,1,2,1,10.519453,2.730536,0.552683,0.799428,0.661963,0.324455,0.973434,0.359828,17.075760
367,1,2,1,10.952825,2.592671,0.554578,0.923053,0.667089,0.329477,0.971520,0.364320,17.509569
368,1,2,1,13.254105,2.591655,0.554763,0.941200,0.679268,0.325969,0.972246,0.362929,19.834406
369,1,2,1,13.311415,2.592000,0.551021,0.929600,0.670813,0.323015,0.970535,0.364074,19.869754
370,1,2,1,13.295434,2.590080,0.547932,0.916092,0.673920,0.323865,0.961096,0.370332,19.834560
371,1,2,1,11.386941,2.596936,0.550492,0.797865,0.662301,0.329489,0.969631,0.400622,17.850794
372,1,2,1,13.408523,2.588892,0.551003,0.801317,0.666314,0.328997,0.971840,0.396578,19.867034
373,1,2,1,13.005797,2.594313,0.545502,0.799347,0.660468,0.324116,0.972443,0.468633,19.523982
374,1,2,1,11.511434,2.590622,0.547944,0.796917,0.661132,0.332141,0.973440,0.367391,17.930757
375,1,2,1,10.539496,2.695403,0.552665,0.800781,0.659982,0.328172,0.973126,0.363526,17.066966
376,1,2,1,13.085723,2.698345,0.553391,0.793613,0.663896,0.326769,0.972806,0.367987,19.615446
377,1,2,1,10.951730,2.592640,0.549421,0.904683,0.676382,0.327348,0.976037,0.366375,17.497274
378,1,2,1,10.623206,2.739379,0.629847,0.876868,0.760615,0.388615,0.986437,0.461870,17.631003
379,1,2,1,11.404788,2.737495,0.581236,0.918043,0.763083,0.384664,0.971163,0.459939,18.415415
380,1,2,1,11.779539,2.855957,0.554677,0.789963,0.653705,0.321692,0.975028,0.366246,18.448486
381,0,2,0,13.775772,2.592621,0.550363,0.794074,0.660030,0.324578,0.972025,0.367206,20.186080
382,1,2,1,13.567951,2.596419,0.549557,0.799046,0.662246,0.325169,0.971686,0.365944,19.987490
383,1,2,1,13.459760,2.595951,0.547016,0.797760,0.664744,0.324215,0.970400,0.362732,19.877145
384,1,2,1,10.478929,2.722868,0.548160,0.801785,0.664967,0.323563,0.969729,0.364757,17.026092
385,0,2,0,13.500591,2.702837,0.551606,0.790824,0.657877,0.320868,0.964861,0.364474,20.007766
386,1,2,1,13.210111,2.686104,0.556172,0.792073,0.661944,0.320104,0.974068,0.367964,19.721945
387,1,2,1,11.051908,2.599256,0.546744,0.796917,0.820941,0.331588,0.977883,0.367735,17.650259
388,1,2,1,10.896603,2.593409,0.549680,0.789335,0.659089,0.327815,0.973250,0.366530,17.305421
389,1,2,1,10.526141,2.602209,0.551673,0.802098,0.664849,0.330615,0.973323,0.364732,16.970356
390,1,2,1,13.290745,2.685336,0.550166,0.797323,0.660653,0.329335,0.970504,0.371065,19.804806
391,1,2,1,13.388942,2.732560,0.551858,0.793403,0.667668,0.321391,0.971686,0.360289,19.941052
392,1,2,0,13.214953,2.697446,0.548689,0.797945,0.661366,0.327403,0.960141,0.363391,19.722087
393,1,2,1,11.611126,2.700670,0.549705,0.798074,0.669046,0.324351,0.974997,0.367847,18.148326
394,1,2,1,10.570548,2.594209,0.546504,0.794376,0.662387,0.421120,0.965065,0.378935,17.084572
395,1,2,1,13.316929,2.591065,0.537120,0.802806,0.663305,0.324302,1.048345,0.378418,19.815810
396,1,2,1,10.488868,2.592997,0.546781,0.792750,0.658831,0.331742,0.970400,0.368413,16.903600
397,1,2,1,9.118394,2.716326,0.553483,0.795298,0.662092,0.327704,0.975305,0.363779,15.665520
398,1,2,1,11.566794,2.590210,0.546750,0.803951,0.797649,0.324855,0.976486,0.370271,18.125526
399,1,2,1,10.524123,2.591901,0.549556,0.797323,0.662504,0.325126,0.975858,0.363286,16.942929
400,1,2,1,13.302892,2.595225,0.551551,0.801151,0.659526,0.330609,0.972874,0.362363,19.725446
401,1,2,1,13.408258,2.602529,0.544763,0.804622,0.661754,0.328585,0.970480,0.370560,19.846886
402,1,2,1,11.183957,2.594634,0.548209,0.797428,0.665452,0.330529,0.962560,0.364234,17.596751
403,1,2,1,11.096351,2.706788,0.554486,0.802554,0.665089,0.326197,0.974326,0.366301,17.645200
404,1,2,1,12.450178,2.593483,0.639458,0.810726,0.669256,0.325064,0.969569,0.362338,18.969557
405,1,2,0,13.456985,2.593766,0.639846,0.809040,0.669674,0.327132,0.976486,0.364548,19.988843
406,1,2,1,11.511680,2.594751,0.552517,0.800474,0.663003,0.418948,0.973157,0.384812,18.046708
407,1,2,1,10.562117,2.595465,0.551311,0.802104,0.659440,0.324437,0.969545,0.364019,16.977489
408,1,2,1,10.397865,2.708123,0.547932,0.791053,0.668172,0.325613,0.969871,0.363711,16.925532
409,1,2,1,10.112166,2.592732,0.551329,0.793588,0.802110,0.323957,0.969464,0.367507,16.667766
410,1,2,1,13.291027,2.589212,0.551046,0.796148,0.810449,0.323465,0.962400,0.371015,19.848579
411,1,2,1,10.507575,2.593662,0.548542,0.798221,0.668775,0.327470,0.968523,0.365495,16.928843
412,1,2,1,12.537582,2.594616,0.545305,0.797366,0.663390,0.326462,0.970566,0.360455,18.948270
413,0,2,0,13.694591,2.591902,0.549113,0.797920,0.659033,0.323729,0.971065,0.367378,20.102782
414,1,2,1,13.474855,2.587693,0.550019,0.799373,0.663496,0.326357,0.969570,0.366197,19.888265
415,1,2,1,11.272203,2.697452,0.552086,0.800517,0.664265,0.326093,0.971748,0.368793,17.808960
416,1,2,1,13.331957,2.695255,0.551711,0.794351,0.664006,0.327218,0.972424,0.356652,19.847354
417,1,2,1,13.409287,2.697544,0.551533,0.799293,0.657723,0.323095,0.971471,0.361612,19.927077
418,0,2,0,13.629231,2.692006,0.552603,0.788856,0.662425,0.324652,0.959864,0.364259,20.126406
419,1,2,1,11.144788,2.687717,0.548634,0.799760,0.661612,0.326136,0.968855,0.362215,17.651194
420,0,2,0,13.604061,2.685908,0.545360,0.794677,0.657317,0.324493,0.971310,0.364406,20.097993
421,1,2,0,13.609447,2.702830,0.549193,0.796240,0.659982,0.323563,0.974123,0.364468,20.133372
422,1,2,1,10.445545,2.589108,0.550732,0.796603,0.662862,0.327360,0.965224,0.387446,16.874197
423,1,2,1,10.481182,2.596603,0.546683,0.799551,0.662264,0.326190,0.971034,0.362197,16.897877
424,0,2,0,13.665329,2.593545,0.547477,0.796105,0.662769,0.325114,0.973102,0.359544,20.072843
425,1,2,1,10.531415,2.692843,0.553551,0.801699,0.662264,0.325939,0.971120,0.362824,17.053785
426,1,2,1,10.456024,2.595224,0.551280,0.797779,0.803471,0.327526,0.961600,0.365766,17.011446
427,1,2,1,11.161674,2.593421,0.553212,0.796634,0.663699,0.326153,0.971434,0.468424,17.686382
428,1,2,1,11.439816,2.590960,0.550757,0.789040,0.659317,0.329957,0.970953,0.365360,17.847157
429,1,2,0,13.365471,2.592074,0.546757,0.799976,0.667489,0.326732,0.972264,0.366425,19.789661
430,1,2,1,11.234000,2.695077,0.549520,0.795766,0.666530,0.329680,0.975809,0.366627,17.765624
431,1,2,1,10.438610,2.593538,0.547834,0.909834,0.667766,0.320560,0.969532,0.364807,16.968080
432,1,2,1,14.096080,2.591453,0.646892,0.800142,0.663575,0.323446,0.962061,0.366886,20.604197
433,1,2,1,10.497945,2.593692,0.542375,0.797809,0.661680,0.327421,0.991502,0.388234,16.956702
434,1,2,1,10.629329,2.594936,0.548412,0.789360,0.663225,0.323551,0.977010,0.365606,17.039163
435,1,2,1,10.410443,2.695643,0.552240,0.791342,0.662787,0.322357,0.971889,0.366000,16.927661
436,0,2,0,13.565335,2.718019,0.549637,0.796382,0.661944,0.320862,0.975588,0.357834,20.099840
437,1,2,1,11.625501,2.593465,0.548701,0.918191,0.677200,0.329064,0.974012,0.363096,18.182948
438,0,2,0,13.705674,2.591680,0.549335,0.909311,0.674350,0.327212,0.971889,0.364320,20.248234
439,1,2,1,10.442615,2.590449,0.550670,0.794647,0.664486,0.329040,0.969760,0.503188,16.998178
440,1,2,1,10.415453,2.593040,0.543557,0.797151,0.661280,0.324025,0.970505,0.366837,16.824665
441,1,2,0,13.469385,2.591403,0.548160,0.800130,0.663981,0.325785,0.975563,0.365194,19.892837
442,1,2,1,13.369459,2.590960,0.553409,0.798332,0.661821,0.325914,0.963040,0.362997,19.774744
443,1,2,1,11.535778,2.695821,0.553120,0.794068,0.660978,0.323637,0.973760,0.364523,18.055286
444,1,2,1,11.057336,2.588400,0.551649,0.901970,0.672787,0.328455,0.971907,0.364412,17.589945
445,1,2,1,11.216653,2.595649,0.547963,0.799409,0.662806,0.321698,0.976283,0.391637,17.665901
446,0,2,0,13.629649,2.593218,0.553286,0.800634,0.666621,0.320862,0.967126,0.386880,20.069790
447,1,2,1,13.288886,2.591267,0.542794,0.797194,0.661077,0.320209,1.055809,0.382400,19.793957
448,1,2,1,13.402277,2.590327,0.546203,0.794990,0.662806,0.330283,1.070099,0.381717,19.931126
449,0,2,0,13.142344,2.593809,0.549397,0.791391,0.659138,0.327268,0.974055,0.461846,19.654351
450,1,2,1,12.745618,2.595852,0.547354,0.792178,0.663218,0.323766,0.975193,0.363397,19.158018
451,1,2,1,10.586178,2.618787,0.558554,0.788849,0.665446,0.322862,0.971496,0.364769,17.036776
452,1,2,1,13.232221,2.708646,0.556566,0.795539,0.662056,0.325852,0.975145,0.366105,19.777336
453,1,2,1,13.092264,2.685249,0.547513,0.790738,0.662966,0.326738,0.974283,0.363975,19.598351
454,0,2,0,13.554043,2.680332,0.550363,0.795126,0.666530,0.324018,0.971821,0.364615,20.059846
455,1,2,1,11.574098,2.732228,0.551754,0.796578,0.664307,0.327539,0.973637,0.364800,18.135864
456,1,2,1,12.340030,2.590111,0.550566,0.906018,0.670092,0.323046,0.970676,0.368677,18.872535
457,1,2,1,10.999551,2.587778,0.544750,0.796893,0.663058,0.327822,0.973612,0.396117,17.447170
458,1,2,1,13.319877,2.593944,0.551243,0.796424,0.663194,0.326196,0.963021,0.400830,19.766326
459,0,2,1,13.349113,2.590683,0.549748,0.798430,0.663095,0.329821,1.116824,0.457477,20.014320
460,1,2,1,13.142585,2.589926,0.545754,0.795046,0.663717,0.329372,0.976683,0.499262,19.695317
461,1,2,1,13.295711,2.593262,0.549206,0.800781,0.666880,0.327219,0.960991,0.492670,19.842560
462,0,2,0,13.502683,2.590714,0.548098,0.792634,0.663354,0.332769,0.974473,0.489520,20.045950
463,1,2,1,10.570794,2.593766,0.550800,0.796240,0.660259,0.323981,0.974708,0.366615,16.992775
464,1,2,1,13.266831,2.591034,0.550129,0.792443,0.663779,0.325877,0.973360,0.367218,19.682960
465,1,2,1,13.390714,2.596000,0.553446,0.804935,0.664855,0.328579,0.969939,0.368326,19.830530
466,1,2,1,10.454935,2.698794,0.547550,0.792215,0.661969,0.327661,0.960585,0.364117,16.961520
467,1,2,1,11.400363,2.594197,0.549939,0.797723,0.779476,0.327625,0.973373,0.369791,17.945797
468,1,2,1,11.035877,2.595840,0.549483,0.789668,0.658135,0.321834,0.975508,0.361213,17.437391
469,1,2,1,10.589784,2.595526,0.553563,0.799360,0.659489,0.325754,0.973876,0.367280,17.016443
470,1,2,1,11.301514,2.696092,0.552246,0.790055,0.662018,0.324283,0.974302,0.366621,17.817034
471,1,2,1,12.480486,2.591403,0.705532,0.801373,0.661366,0.325834,0.972148,0.363016,19.053803
472,1,2,1,13.103742,2.594782,0.654547,0.805379,0.668578,0.325170,0.972616,0.366566,19.645120
473,1,2,1,13.431040,2.595108,0.655810,0.802954,0.663323,0.320634,0.960480,0.361907,19.943391
474,0,2,1,13.298843,2.589655,0.556019,0.831046,0.671268,0.324338,0.961533,0.365649,19.853748
475,1,2,1,10.535360,2.595545,0.551114,0.795446,0.658874,0.333963,0.960800,0.484517,17.073588
476,0,2,1,13.295532,2.589335,0.550504,0.794899,0.660683,0.329680,0.971101,0.514136,19.858530
477,1,2,1,10.434566,2.592923,0.548794,0.791120,0.661187,0.326973,0.970388,0.364511,16.845643
478,0,2,0,14.215059,2.589661,0.553071,0.798942,0.660363,0.331287,0.974228,0.364277,20.636160
479,1,2,1,12.925144,2.591298,0.549785,0.793828,0.658782,0.325809,0.973502,0.357840,19.328837
480,1,2,1,13.526523,2.593311,0.552646,0.790763,0.665280,0.327022,0.975354,0.365010,19.945163
481,1,2,1,13.403593,2.596695,0.551729,0.801748,0.663372,0.328068,0.971360,0.362523,19.828234
482,1,2,1,10.475581,2.700265,0.547181,0.795502,0.666738,0.326480,0.962628,0.364893,16.990936
483,1,2,1,12.696369,2.591859,0.645637,0.802030,0.663114,0.327083,0.974221,0.366024,19.222074
484,1,2,1,13.376012,2.584696,0.645471,0.802769,0.666074,0.324449,0.969028,0.366486,19.885188
485,1,2,0,13.416855,2.590659,0.641415,0.806812,0.661723,0.326499,0.970117,0.361557,19.931821
486,1,2,1,11.729336,2.589132,0.553495,0.797674,0.758376,0.327575,0.976744,0.368585,18.257144
487,1,2,1,13.173785,2.596874,0.549274,0.803366,0.664148,0.409674,0.974677,0.372948,19.696665
488,1,2,0,12.970578,2.591298,0.553729,0.796966,0.662874,0.324007,0.966455,0.380874,19.399040
489,1,2,1,13.431385,2.592430,0.548782,0.797889,0.660935,0.327649,0.963692,0.384264,19.862529
490,1,2,1,13.156154,2.592733,0.553643,0.796400,0.664345,0.325292,0.968283,0.389040,19.599212
491,1,2,1,10.498707,2.591951,0.549827,0.792905,0.670332,0.325046,0.972136,0.360770,16.913187
492,0,2,0,13.660117,2.594936,0.546849,0.796197,0.664092,0.327360,0.970978,0.367594,20.079624
493,1,2,1,13.394062,2.591631,0.549434,0.792787,0.664634,0.325348,0.958387,0.367403,19.794554
494,0,2,0,13.650653,2.592997,0.552252,0.790517,0.657188,0.325083,0.970450,0.367833,20.054246
495,1,2,1,13.418745,2.599489,0.545219,0.793261,0.664000,0.327581,0.971107,0.365354,19.838024
496,1,2,1,11.293391,2.718603,0.554413,0.790148,0.655815,0.320320,0.969840,0.364597,17.817317
497,1,2,1,11.392018,2.594264,0.667120,0.814455,0.665926,0.324861,0.971323,0.367933,17.953545
498,1,2,1,11.728123,2.591637,0.546480,0.796037,0.736609,0.337046,0.961871,0.365889,18.239976
499,1,2,1,10.505003,2.595163,0.548910,0.792074,0.661421,0.324517,0.968707,0.363028,16.911089
500,1,2,1,11.223735,2.602129,0.556726,0.799877,0.665440,0.328800,0.975625,0.362179,17.663059
501,1,2,1,10.545028,2.595027,0.657249,0.799594,0.662985,0.327089,0.969015,0.369471,17.076111
502,1,2,1,13.352498,2.592788,0.648548,0.794868,0.657982,0.321982,0.971557,0.358819,19.850591
503,1,2,1,11.553809,2.597083,0.551895,0.794012,0.663477,0.419705,0.975489,0.368751,18.077612
504,1,2,1,13.276215,2.595963,0.554105,0.796339,0.663698,0.414800,0.975336,0.381914,19.809779
505,1,2,1,13.370683,2.592948,0.544308,0.795280,0.659194,0.410757,0.976800,0.375772,19.878947
506,1,2,1,13.315175,2.596622,0.550886,0.797126,0.662320,0.329606,1.051846,0.379133,19.833557
507,0,2,0,13.187963,2.592689,0.544683,0.793766,0.662745,0.325816,0.968757,0.388013,19.618806
508,1,2,1,13.363588,2.592720,0.549527,0.794590,0.661822,0.327809,0.962788,0.383853,19.790012
509,1,2,1,10.099193,2.593630,0.545182,0.793391,0.660948,0.329304,0.971089,0.362000,16.506222
510,1,2,1,11.499662,2.685754,0.554480,0.792634,0.660191,0.324781,0.968899,0.364486,18.004425
511,1,2,1,13.438301,2.686554,0.556659,0.800289,0.662351,0.324825,0.969735,0.363360,19.955360
512,1,2,0,13.238074,2.713458,0.554437,0.798941,0.662867,0.320763,0.970609,0.362037,19.772806
513,1,2,1,10.528548,2.588221,0.548689,0.893286,0.698024,0.331483,0.971748,0.366542,17.085895
514,1,2,1,10.506905,2.594905,0.547206,0.798111,0.661809,0.329501,0.962855,0.365126,16.916843
515,1,2,1,10.710573,2.595804,0.552080,0.797655,0.661803,0.329631,0.973299,0.358979,17.134751
516,1,2,1,10.464966,2.594332,0.654258,0.803416,0.661354,0.325526,0.974480,0.367052,16.997471
517,0,2,0,13.515452,2.684670,0.557175,0.800609,0.662647,0.325994,0.971661,0.362930,20.038640
518,1,2,1,11.554117,2.591330,0.547902,0.798098,0.771243,0.326763,0.975188,0.366892,18.082104
519,1,2,1,13.518683,2.592123,0.552443,0.802486,0.774111,0.326142,0.975483,0.368972,20.065816
520,1,2,1,10.502369,2.589705,0.550701,0.789686,0.666868,0.324744,0.970529,0.369637,16.915132
521,1,2,1,13.453551,2.592942,0.547440,0.798868,0.659895,0.326689,0.971163,0.362855,19.862788
522,1,2,1,10.513286,2.727914,0.550812,0.793256,0.661502,0.327520,0.972424,0.357883,17.057957
523,1,2,1,10.546394,2.594314,0.547169,0.913914,0.671717,0.324197,0.976733,0.364130,17.092258
524,1,2,1,13.157145,2.588874,0.555760,0.939385,0.665440,0.324425,0.972806,0.366136,19.723101
525,1,2,1,10.466117,2.591576,0.549464,0.800824,0.665680,0.327489,0.971329,0.486031,17.011957
526,1,2,1,9.077994,2.708277,0.551563,0.794025,0.664314,0.327717,0.971336,0.363336,15.608154
527,1,2,1,11.478178,2.685625,0.554763,0.797015,0.663914,0.326400,0.971680,0.361920,17.994314
528,1,2,1,10.543366,2.593902,0.544123,0.794825,0.661686,0.324480,0.963569,0.386092,16.963095
529,1,2,1,11.095336,2.867926,0.584775,0.820677,0.710277,0.333169,0.978554,0.465963,18.032031
530,1,2,1,11.242824,2.683772,0.559748,0.795052,0.663527,0.321102,0.962843,0.363193,17.749243
531,1,2,1,11.617975,2.714689,0.555003,0.798320,0.662080,0.322536,0.972265,0.362443,18.157058
532,1,2,1,13.227630,2.724849,0.558664,0.801711,0.661397,0.326923,0.968948,0.364708,19.789213
533,1,2,1,10.504664,2.595391,0.549538,0.791704,0.786024,0.327243,0.973508,0.366991,17.051003
534,0,2,0,13.345969,2.594400,0.551742,0.798167,0.779612,0.328431,0.973046,0.365969,19.891267
535,1,2,1,13.224400,2.595963,0.552511,0.795336,0.661003,0.359507,0.976370,0.370271,19.804806
536,0,2,0,13.429046,2.593428,0.553181,0.796080,0.739790,0.333680,0.972844,0.371427,19.961058
537,1,2,1,13.362843,2.591495,0.550006,0.801341,0.665920,0.355397,0.974505,0.366449,19.905975
538,1,2,1,13.475280,2.589267,0.554936,0.796720,0.794893,0.337859,0.975606,0.369976,20.052388
539,1,2,1,12.650234,2.591809,0.548861,0.804486,0.662684,0.331563,0.971729,0.400092,19.113988
540,1,2,1,13.246738,2.594271,0.550006,0.800289,0.657828,0.329889,0.968307,0.410178,19.709594
541,1,2,1,13.335169,2.592856,0.550862,0.790763,0.665600,0.328818,0.963846,0.398979,19.781175
542,0,2,0,13.437938,2.588634,0.548492,0.789471,0.661526,0.325286,0.963188,0.401237,19.867587
543,1,2,1,13.167175,2.592862,0.554080,0.799778,0.664357,0.327323,0.972381,0.485150,19.718542
544,1,2,0,13.467311,2.593114,0.550942,0.791699,0.663372,0.324572,1.064689,0.425157,20.037822
545,0,2,0,13.574658,2.599440,0.551588,0.795747,0.654898,0.328541,0.970658,0.399440,20.028449
546,1,2,1,10.394953,2.592290,0.548320,0.790456,0.660751,0.324751,0.962136,0.368480,16.791600
547,0,2,0,10.584825,2.699631,0.547520,0.798849,0.665268,0.329896,0.974209,0.368591,17.123483
548,1,2,1,10.444653,2.593588,0.549950,0.791207,0.659342,0.420326,0.976966,0.370658,16.955286
549,1,2,1,10.467175,2.594370,0.550030,0.804794,0.658018,0.326259,0.971145,0.365163,16.888234
550,0,2,0,13.607286,2.593667,0.545243,0.794265,0.660400,0.326948,0.970671,0.361896,20.012326
551,0,2,0,13.624351,2.594049,0.546726,0.798653,0.659883,0.327569,0.972302,0.364449,20.037207
552,1,2,1,11.779594,2.593107,0.550369,0.793797,0.665766,0.322868,0.972228,0.361593,18.190179
553,1,2,1,13.677440,2.598043,0.548418,0.786068,0.664339,0.323975,0.969317,0.363884,20.083268
554,1,2,1,11.100819,2.717883,0.551182,0.795655,0.660597,0.323071,0.962480,0.363840,17.628738
555,1,2,1,10.880437,2.590578,0.547385,0.789699,0.792708,0.328037,0.970320,0.362929,17.417643
556,0,2,0,13.172837,2.595846,0.547779,0.792634,0.804450,0.328745,0.973994,0.366387,19.739330
557,0,2,1,13.516979,2.594351,0.555218,0.800523,0.810702,0.324622,0.973181,0.364536,20.096764
558,1,2,1,11.045520,2.593084,0.549674,0.796197,0.660867,0.326123,0.972104,0.366517,17.460879
559,1,2,1,11.281379,2.597785,0.548277,0.794030,0.666179,0.322092,0.974031,0.364252,17.704345
560,1,2,1,10.372899,2.695200,0.551181,0.797932,0.667071,0.326800,0.969138,0.366209,16.897569
561,1,2,1,11.558652,2.591723,0.550111,0.902683,0.671287,0.325649,0.960634,0.366068,18.081753
562,1,2,1,13.353692,2.591760,0.553379,0.905287,0.678714,0.324806,0.974825,0.370517,19.903711
563,1,2,1,11.469994,2.591329,0.546646,0.798073,0.665976,0.329101,0.967631,0.399575,17.921785
564,1,2,1,10.751963,2.594099,0.547612,0.794510,0.661016,0.328886,0.970647,0.367981,17.166049
565,1,2,1,13.331716,2.598960,0.548400,0.795662,0.664308,0.325877,0.969797,0.364707,19.750972
566,1,2,1,9.210985,2.590431,0.649230,0.800794,0.671625,0.326947,0.969994,0.363267,15.733120
567,0,2,0,13.465022,2.591483,0.680240,0.800610,0.668930,0.329938,0.971810,0.362462,20.022874
568,1,2,1,11.611507,2.592505,0.550074,0.791847,0.659311,0.424234,0.971680,0.370757,18.120061
569,0,2,0,13.586086,2.591311,0.551120,0.792240,0.759329,0.330339,0.959440,0.372412,20.099852
570,1,2,1,12.727545,2.592677,0.547717,0.798886,0.657083,0.319256,0.973207,0.403606,19.174991
571,0,2,0,13.768228,2.594898,0.549717,0.796240,0.666061,0.322880,0.975366,0.383458,20.299501
572,1,2,1,11.044400,2.590123,0.542917,0.793501,0.664677,0.322781,0.971286,0.360923,17.441630
573,0,2,0,13.595354,2.592228,0.547176,0.793280,0.666819,0.325784,0.973637,0.370973,20.017513
574,0,2,1,11.049950,2.602338,0.538548,0.791342,0.663440,0.326652,0.973649,0.362437,17.467846
575,1,2,1,10.480917,2.593533,0.675507,0.799347,0.663348,0.326104,0.972499,0.364363,17.030333
576,1,2,1,13.331458,2.593477,0.662295,0.802770,0.665052,0.326818,0.973274,0.367058,19.871637
577,1,2,1,13.312259,2.595624,0.666929,0.806849,0.669120,0.326978,0.972221,0.371299,19.874621
578,0,2,0,13.521366,2.594887,0.661317,0.802111,0.663957,0.325914,0.967114,0.364856,20.050504
579,1,2,1,11.448603,2.592295,0.545366,0.791945,0.665828,0.433464,0.974345,0.375760,17.981046
580,0,2,0,13.356665,2.591465,0.551914,0.802062,0.662585,0.436425,0.978387,0.386493,19.917674
581,1,2,1,11.293723,2.589188,0.549187,0.797625,0.660061,0.328942,0.972430,0.365815,17.711477
582,1,2,1,10.619170,2.600055,0.551693,0.794702,0.667317,0.325108,0.970400,0.368123,17.046837
583,1,2,1,9.183710,2.591145,0.553077,0.798209,0.810025,0.328228,0.969009,0.361021,15.749157
584,1,2,1,10.444837,2.593378,0.543231,0.798837,0.660080,0.323378,0.974055,0.367292,16.853212
585,1,2,1,10.499065,2.700806,0.553022,0.797618,0.660443,0.327754,0.969237,0.366726,17.027920
586,0,2,0,13.513606,2.699686,0.549981,0.793452,0.664363,0.326308,0.974166,0.360807,20.035212
587,1,2,1,10.480874,2.596622,0.660990,0.802350,0.670099,0.323477,0.972486,0.363612,17.024745
588,1,2,1,12.648800,2.588837,0.549127,0.930498,0.680708,0.327329,0.971151,0.362892,19.216129
589,1,2,1,13.105471,2.596480,0.549397,0.795804,0.784646,0.327175,0.972862,0.368677,19.654646
590,1,2,1,10.573698,2.589932,0.547317,0.798086,0.660468,0.325582,0.972585,0.366794,16.983218
591,1,2,1,13.413871,2.593218,0.547187,0.794480,0.668492,0.330868,0.970462,0.364215,19.834788
592,0,2,1,13.520504,2.593262,0.551416,0.793452,0.666750,0.330024,0.970720,0.358856,19.937994
593,1,2,1,10.660062,2.600991,0.552973,0.798873,0.665987,0.328333,0.971778,0.361502,17.092400
594,1,2,1,14.083975,2.730062,0.660394,0.987366,0.883391,0.393047,0.968295,0.407717,21.299716
595,1,2,1,14.540732,2.740043,0.659255,0.946375,0.778578,0.376498,0.979501,0.467803,21.670609
596,1,2,1,11.377766,2.603809,0.551323,0.801612,0.668443,0.331034,0.973884,0.384782,17.846886
597,0,2,0,13.284812,2.608892,0.559785,0.894960,0.784424,0.366215,0.967945,0.415637,20.066609
598,1,2,1,11.382148,2.947686,0.656197,0.916314,0.824024,0.381471,0.975181,0.456714,18.725846
599,1,2,1,12.269243,2.965736,0.678596,1.087785,0.796609,0.381293,0.994603,0.460222,19.828849
600,1,2,1,11.616757,2.873704,0.641840,0.920443,0.780880,0.354160,0.980868,0.437655,18.795040
601,1,2,1,14.281864,2.753101,0.568684,0.803723,0.688769,0.330517,0.977003,0.379514,20.942216
602,1,2,1,13.438486,2.929261,0.579778,0.827212,0.708160,0.358904,0.974129,0.559950,20.557932
603,1,2,1,14.251557,2.840098,0.702203,0.966025,0.871883,0.390702,1.011163,0.519631,21.771933
604,1,2,1,13.845981,2.800529,0.650111,1.150172,0.836363,0.354381,0.981089,0.626584,21.442320
605,1,2,1,11.939194,2.802025,0.650252,1.159858,0.840818,0.363600,0.988831,0.553932,19.496862
606,1,2,1,14.105181,2.784960,0.588381,0.834916,0.783815,0.326560,0.977139,0.393151,20.980252
607,1,2,1,11.204246,2.595551,0.547335,0.797993,0.661969,0.328653,0.968997,0.363496,17.617415
608,0,2,0,13.390419,2.594763,0.545267,0.797766,0.667754,0.326375,0.973865,0.363329,19.811816
609,1,2,1,9.174560,2.746738,0.557286,0.797059,0.662708,0.325397,0.971748,0.366228,15.754553
610,1,2,0,13.303298,2.704542,0.554246,0.794695,0.662258,0.325809,0.961901,0.366129,19.824400
611,1,2,1,11.041163,2.595046,0.548418,0.802252,0.791003,0.332579,0.976228,0.368271,17.612209
612,1,2,1,10.447139,2.588856,0.545827,0.790597,0.662024,0.323360,0.973496,0.365335,16.847625
613,1,2,1,13.391194,2.595280,0.555840,0.799003,0.658597,0.325736,0.971889,0.364394,19.815754
614,1,2,1,13.369649,2.594880,0.544302,0.794068,0.663723,0.321883,0.971422,0.362394,19.771046
615,0,2,0,13.707982,2.596653,0.544794,0.793563,0.661274,0.324499,0.974714,0.363637,20.119230
616,1,2,1,11.108351,2.708234,0.552061,0.798172,0.662203,0.326456,0.961034,0.364529,17.632548
617,1,2,1,13.320043,2.777335,0.552874,0.794622,0.908098,0.322492,0.974369,0.362437,20.168689
618,1,2,1,10.467108,2.590295,0.682782,0.792739,0.669969,0.323926,0.960535,0.364369,17.001846
619,1,2,1,13.749982,2.706683,0.553748,0.791785,0.661932,0.322093,0.974542,0.437791,20.357065
620,0,2,0,13.106283,2.697176,0.554788,0.799803,0.658314,0.324308,0.977422,0.365453,19.640941
621,1,2,1,11.695354,2.597785,0.554899,0.797440,0.793914,0.326437,0.972511,0.366006,18.258468
622,1,2,1,10.503385,2.591871,0.551127,0.799711,0.663631,0.328954,0.972770,0.359181,16.920615
623,1,2,1,10.526825,2.699889,0.549077,0.800510,0.666634,0.327729,0.969852,0.365539,17.060640
624,1,2,1,10.463490,2.592154,0.671822,0.805360,0.667883,0.323151,0.974467,0.367022,17.017877
625,1,2,1,10.436332,2.592172,0.552855,0.801206,0.656487,0.328812,1.137687,0.404899,17.063089
626,1,2,1,11.053163,2.593729,0.547040,0.791950,0.662690,0.324431,0.960781,0.367926,17.451815
627,1,2,0,13.618708,2.596578,0.543865,0.800868,0.666874,0.323907,0.972019,0.364800,20.040659
628,1,2,1,11.076295,2.694647,0.551545,0.791459,0.660856,0.324098,0.971416,0.362756,17.586314
629,1,2,1,13.346843,2.710221,0.553963,0.794197,0.662751,0.322277,0.969785,0.365496,19.877323
630,0,2,0,13.450369,2.684677,0.555600,0.797317,0.665317,0.325563,0.972117,0.365686,19.966535
631,1,2,1,13.392413,2.692166,0.552326,0.798997,0.659883,0.323379,0.973594,0.369293,19.915354
632,1,2,1,11.566228,2.696585,0.548658,0.795674,0.660289,0.324843,0.973797,0.370320,18.086590
633,0,2,0,9.085274,2.593225,0.547465,0.793476,0.669212,0.326511,0.972554,0.365674,15.504825
634,0,2,1,13.189360,2.587760,0.548997,0.797151,0.661237,0.327483,0.962898,0.365028,19.589101
635,1,2,1,9.131945,2.706110,0.553710,0.799668,0.668265,0.326179,0.968050,0.366173,15.673446
636,1,2,1,13.273262,2.702696,0.546037,0.795003,0.660917,0.324948,0.971631,0.365484,19.794166
637,1,2,1,13.205267,2.709224,0.550277,0.801939,0.665354,0.324344,0.970407,0.364924,19.746603
638,0,2,0,13.643422,2.695520,0.549883,0.798049,0.663231,0.324818,0.973840,0.366018,20.165255
639,1,2,1,11.141280,2.594708,0.550892,0.888351,0.679717,0.326609,0.968566,0.367612,17.667151
640,1,2,1,11.820972,2.601139,0.552831,0.795169,0.661194,0.326830,0.965938,0.392948,18.272800
641,1,2,1,11.495132,2.594129,0.546880,0.800191,0.659464,0.328480,0.970960,0.365120,17.914553
642,1,2,1,11.192000,2.624652,0.553347,0.789009,0.661341,0.324812,0.975409,0.365495,17.644080
643,1,2,1,10.901981,2.712486,0.558554,0.796147,0.666991,0.321409,0.974425,0.360899,17.451347
644,1,2,1,10.496757,2.589987,0.548615,0.799742,0.666314,0.325846,0.976221,0.400049,16.953760
645,1,2,1,13.325908,2.587102,0.542997,0.801834,0.661760,0.326025,0.959533,0.395563,19.755323
646,1,2,1,12.512375,2.588985,0.551987,0.792080,0.661661,0.326160,0.972468,0.365187,18.925994
647,1,2,1,10.700381,2.594787,0.549336,0.793348,0.660111,0.326800,0.974683,0.366585,17.119766
648,1,2,1,11.201772,2.808400,0.596007,0.834603,0.722203,0.355833,0.965421,0.436948,18.095649
649,1,2,1,14.444763,2.782548,0.606541,0.835440,0.723305,0.371200,0.976831,0.435391,21.356948
650,0,2,0,14.001772,2.597668,0.547563,0.788474,0.663144,0.323120,0.959840,0.362154,20.395329
651,1,2,1,11.495293,2.723951,0.552554,0.797348,0.659532,0.324671,0.974979,0.365747,18.046880
652,1,2,1,10.492861,2.595181,0.551729,0.792782,0.809716,0.326246,0.968800,0.364116,17.058560
653,0,2,0,13.103274,2.596984,0.547323,0.800424,0.792874,0.330665,0.974314,0.363994,19.664418
654,1,2,1,10.423053,2.596142,0.545975,0.795988,0.660677,0.325145,0.969416,0.364960,16.828825
655,0,2,0,13.602037,2.595643,0.549582,0.795391,0.661822,0.324136,0.975864,0.367624,20.023570
656,1,2,1,13.401182,2.596461,0.548954,0.795385,0.660357,0.328345,0.969470,0.371065,19.821169
657,1,2,1,11.712529,2.593397,0.549156,0.793477,0.658997,0.323379,0.973809,0.363927,18.118296
658,1,2,1,10.908431,2.704776,0.547077,0.795631,0.663705,0.325870,0.958283,0.367797,17.421649
659,1,2,1,11.100024,2.590443,0.549372,0.802541,0.797403,0.326092,0.974277,0.366197,17.665680
660,1,2,1,10.433827,2.591557,0.541544,0.798609,0.668905,0.328080,0.971071,0.388252,16.878363
661,1,2,1,13.515673,2.592560,0.552246,0.801982,0.668880,0.324093,0.968954,0.367698,19.948320
662,1,2,1,10.512671,2.697397,0.556437,0.790911,0.658487,0.328634,0.972271,0.368456,17.035858
663,0,2,1,13.034942,2.735157,0.552529,0.799612,0.666412,0.320400,0.974049,0.361471,19.599009
664,1,2,1,13.217938,2.713655,0.552474,0.791231,0.658585,0.328978,0.969649,0.364850,19.749089
665,1,2,1,13.784135,2.711557,0.547495,0.792111,0.661151,0.321650,0.969225,0.366419,20.304658
666,1,2,1,13.120659,2.718073,0.550338,0.793810,0.659538,0.324751,0.975010,0.366892,19.661600
667,0,2,0,13.535305,2.706757,0.551391,0.798345,0.662794,0.330209,0.971544,0.364486,20.073169
668,1,2,1,11.568984,2.729699,0.550130,0.798966,0.666480,0.326911,0.967858,0.366074,18.126745
669,1,2,1,11.632265,2.591797,0.551760,0.797354,0.794671,0.324690,0.973447,0.364573,18.183409
670,1,2,1,9.165693,2.593052,0.542289,0.790012,0.661422,0.327890,0.970449,0.362277,15.562751
671,1,2,1,9.141858,2.587606,0.678812,0.800037,0.668787,0.324665,0.969987,0.364006,15.686960
672,1,2,1,10.453132,2.589434,0.553809,0.789890,0.665957,0.323938,0.966689,0.393471,16.888960
673,1,2,0,13.477422,2.592210,0.548782,0.793477,0.667385,0.325126,0.970554,0.400006,19.928597
674,0,2,0,13.210886,2.600074,0.542167,0.795803,0.668135,0.326554,1.014572,0.401705,19.712196
675,1,2,1,10.468129,2.592800,0.545144,0.794831,0.662246,0.324025,0.971335,0.364591,16.877680
676,0,2,0,13.595434,2.591803,0.545249,0.793557,0.666960,0.329815,0.971612,0.360658,20.007126
677,1,2,1,10.985656,2.694812,0.550622,0.803138,0.662886,0.323384,0.971550,0.364511,17.507673
678,0,2,0,13.294265,2.696117,0.546412,0.789687,0.660812,0.326898,0.968517,0.362603,19.796142
679,1,2,1,10.532080,2.592246,0.552178,0.801582,0.807686,0.329994,0.976295,0.368031,17.112590
680,1,2,0,13.338233,2.592584,0.542529,0.799409,0.771354,0.328880,0.974407,0.366738,19.866086
681,1,2,1,10.495667,2.592966,0.548018,0.794240,0.664265,0.323489,0.974633,0.362018,16.905304
682,1,2,1,10.550616,2.707046,0.558917,0.787342,0.660394,0.323354,0.958812,0.361557,17.058898
683,1,2,1,11.252444,2.712910,0.555033,0.799563,0.660874,0.325551,0.974105,0.366320,17.798228
684,1,2,1,12.518289,2.594984,0.547650,0.918283,0.669459,0.327218,0.972942,0.364381,19.068228
685,1,2,1,10.987846,2.592732,0.549853,0.802566,0.664813,0.326092,0.971052,0.398031,17.446942
686,1,2,1,11.095096,2.586505,0.551403,0.796664,0.792764,0.330769,0.974160,0.366419,17.652037
687,1,2,1,13.416991,2.588898,0.552973,0.792812,0.664129,0.327416,0.973711,0.364849,19.836363
688,1,2,1,10.093748,2.702935,0.549705,0.793618,0.663336,0.325674,0.974270,0.365581,16.620018
689,1,2,1,10.467139,2.590264,0.551970,0.799354,0.788006,0.330166,0.973163,0.366757,17.020751
690,1,2,1,11.275329,2.590184,0.548234,0.795920,0.660135,0.323298,0.959569,0.358529,17.663508
691,1,2,1,11.005846,2.594474,0.546646,0.795926,0.659600,0.321963,0.969827,0.361821,17.405101
692,1,2,1,11.473908,2.688535,0.550013,0.794369,0.661631,0.326412,0.974277,0.364941,17.986351
693,1,2,1,9.188166,2.592018,0.554160,0.796258,0.659797,0.327926,0.969046,0.397563,15.641403
694,1,2,1,10.528468,2.590726,0.550480,0.790351,0.661927,0.327643,0.969415,0.364702,16.936061
695,0,2,0,13.611385,2.593736,0.553403,0.796904,0.668283,0.327219,0.969975,0.371132,20.041827
696,1,2,1,10.349360,2.728270,0.555237,0.790178,0.666941,0.326302,0.971618,0.365951,16.903489
697,1,2,1,13.423206,2.698178,0.546868,0.804800,0.665920,0.328227,0.972751,0.368111,19.960339
698,0,2,0,13.111858,2.698154,0.551736,0.794868,0.660099,0.325236,0.957471,0.366892,19.616720
699,1,2,1,11.222554,2.594664,0.553581,0.803588,0.800179,0.327421,0.976554,0.366541,17.800548
700,1,2,1,9.245895,2.592098,0.540726,0.793132,0.665557,0.326763,0.974339,0.365828,15.655668
701,1,2,1,11.891299,2.600732,0.550579,0.798283,0.663544,0.324935,0.968991,0.363250,18.313458
702,1,2,1,10.977815,2.689336,0.550807,0.786787,0.663262,0.323502,0.971661,0.365329,17.479483
703,1,2,1,10.525754,2.595735,0.552036,0.796530,0.664179,0.324357,0.975280,0.399624,16.986905
704,1,2,1,10.601779,2.586966,0.544265,0.791077,0.665065,0.322276,0.959292,0.362037,16.984424
705,1,2,0,13.484043,2.590905,0.553686,0.796690,0.659803,0.327557,0.974370,0.363107,19.901809
706,1,2,0,13.570899,2.591156,0.547951,0.801212,0.663422,0.331046,0.957895,0.359606,19.976892
707,0,2,1,12.323735,2.592585,0.549464,0.794788,0.668333,0.325870,0.972339,0.365803,18.742972
708,1,2,1,13.355582,2.588837,0.541858,0.791286,0.666253,0.322504,0.970400,0.366240,19.752467
709,1,2,0,13.738492,2.594566,0.551834,0.795902,0.659391,0.327773,0.969870,0.366966,20.160086
710,1,2,1,12.188775,2.694381,0.556357,0.796209,0.662788,0.328726,0.970056,0.359538,18.709735
711,1,2,1,10.973298,2.592474,0.648019,0.802978,0.664689,0.324935,0.970363,0.361372,17.489292
712,1,2,1,13.308806,2.589212,0.545569,0.927175,0.666800,0.327871,0.966670,0.365766,19.848425
713,1,2,1,13.489741,2.595465,0.640960,0.801532,0.669366,0.324726,0.975858,0.363705,20.015520
714,1,2,1,10.959643,2.587791,0.549840,0.791243,0.660302,0.326813,0.968289,0.388437,17.384941
715,1,2,1,12.483446,2.593416,0.544910,0.795089,0.665484,0.326689,0.971360,0.368707,18.904861
716,1,2,1,13.232430,2.596302,0.547083,0.797514,0.660739,0.325834,0.972554,0.362794,19.645704
717,1,2,0,13.142905,2.596296,0.545557,0.797016,0.658935,0.323668,0.972616,0.362911,19.552763
718,1,2,1,12.894160,2.593809,0.544092,0.791785,0.663348,0.322228,0.970184,0.365804,19.297428
719,1,2,1,13.326142,2.604431,0.546190,0.803354,0.665920,0.326689,0.973717,0.364720,19.761354
720,1,2,1,13.394247,2.591433,0.548517,0.794917,0.663465,0.322185,0.968886,0.369668,19.800535
721,1,2,1,11.218203,2.689932,0.549194,0.800560,0.663914,0.323348,0.971267,0.367027,17.735871
722,0,2,0,13.560967,2.686806,0.551255,0.791655,0.662923,0.327175,0.972517,0.370825,20.075015
723,1,2,1,10.481348,2.594547,0.546511,0.915108,0.668769,0.326197,0.973557,0.362554,17.021526
724,1,2,1,9.209834,2.589366,0.554221,0.799840,0.662357,0.327520,0.973532,0.366166,15.632418
725,1,2,1,9.107058,2.731304,0.553440,0.802166,0.667951,0.326658,0.975336,0.361834,15.677938
726,1,2,1,9.162474,2.590055,0.549046,0.793151,0.667464,0.324979,0.972381,0.474596,15.682529
727,1,2,1,10.962769,2.592449,0.545323,0.798185,0.660160,0.324979,0.971379,0.366499,17.372689
728,1,2,1,13.392204,2.594683,0.544258,0.788092,0.654985,0.326991,0.972566,0.365575,19.789329
729,1,2,0,13.570203,2.590153,0.549902,0.792363,0.660086,0.326892,0.973206,0.364880,19.979323
730,1,2,1,13.297459,2.682984,0.552640,0.875704,0.705329,0.380068,0.969397,0.443821,20.130098
731,1,2,1,12.453274,2.748043,0.625593,0.880825,0.759385,0.323920,0.966295,0.456985,19.373163
732,1,2,1,11.466492,2.696899,0.542394,0.792763,0.658480,0.323120,0.972776,0.368664,17.972191
733,1,2,1,13.355200,2.707951,0.554203,0.798738,0.661637,0.327766,0.976541,0.368007,19.898935
734,1,2,1,11.453003,2.587895,0.550153,0.925490,0.668578,0.325748,0.974000,0.363711,17.998406
735,1,2,0,13.597852,2.590775,0.673649,0.799237,0.667409,0.326732,0.971107,0.366855,20.152431
736,1,2,1,10.550117,2.592646,0.545994,0.790732,0.667434,0.326713,0.976227,0.398535,17.003883
737,1,2,1,13.386043,2.589126,0.547520,0.799126,0.664886,0.323809,0.975957,0.408794,19.848862
738,1,2,1,11.606221,2.597766,0.549280,0.798689,0.662572,0.322326,0.960745,0.364197,18.012936
739,1,2,1,10.430979,2.721827,0.558702,0.792652,0.663686,0.324862,0.973317,0.367963,16.988227
740,1,2,1,13.413452,2.691071,0.549944,0.796172,0.662566,0.324480,0.971144,0.363108,19.922326
741,1,2,1,13.318750,2.716554,0.552110,0.797544,0.660172,0.321582,0.975170,0.364049,19.863729
742,1,2,1,11.070252,2.595496,0.552529,0.913735,0.671465,0.325950,0.972819,0.366259,17.622480
743,1,2,1,11.464665,2.592364,0.548603,0.792720,0.662960,0.327754,0.964652,0.382929,17.890486
744,1,2,1,12.469588,2.587163,0.549379,0.798813,0.663520,0.331003,0.970573,0.499237,19.024227
745,1,2,1,10.972862,2.590776,0.547779,0.798462,0.660240,0.324510,0.972437,0.368671,17.387182
746,1,2,1,11.047908,2.692892,0.550363,0.799163,0.661853,0.325704,0.962948,0.361797,17.553938
747,1,2,1,11.008056,2.590099,0.552493,0.916233,0.673317,0.325243,0.973680,0.362357,17.554332
748,1,2,1,9.224400,2.593729,0.548800,0.792960,0.661409,0.326462,0.970062,0.364911,15.633415
749,0,2,0,13.500474,2.591766,0.550634,0.794166,0.658099,0.325982,0.978357,0.365637,19.915249
750,1,2,1,13.600450,2.588160,0.556086,0.791151,0.661465,0.330493,0.973323,0.368947,20.021452
751,1,2,1,14.095120,2.942953,0.692013,0.932068,0.828160,0.347846,0.970093,0.609403,21.612061
752,0,2,1,10.933859,2.594456,0.549594,0.798437,0.664621,0.325710,0.972148,0.366222,17.356954
753,1,2,0,13.693187,2.595865,0.541970,0.802265,0.662862,0.325409,0.971643,0.364923,20.109828
754,1,2,1,11.428843,2.721286,0.551016,0.795268,0.658111,0.328369,0.959428,0.365773,17.960911
755,0,2,0,13.597194,2.831212,0.556215,0.793138,0.658517,0.320000,0.969840,0.367188,20.248701
756,1,2,1,10.460609,2.591052,0.654653,0.812252,0.674166,0.328222,0.969292,0.368991,17.011379
757,1,2,1,10.559065,2.603705,0.545182,0.793058,0.662800,0.322290,1.106720,0.394247,17.141182
758,1,2,1,10.384523,2.592455,0.545563,0.788110,0.659280,0.324966,0.971145,0.363668,16.779913
759,1,2,1,13.373969,2.591520,0.544782,0.795311,0.665822,0.324923,0.971182,0.366018,19.783046
760,1,2,1,10.507249,2.699015,0.547741,0.792781,0.658812,0.329631,0.973145,0.361803,17.022529
761,1,2,1,10.604406,2.591607,0.546800,0.801951,0.660006,0.425218,0.986880,0.390720,17.162166
762,1,2,1,11.058813,2.591206,0.548862,0.797994,0.663107,0.330874,0.962136,0.361902,17.466929
763,1,2,1,11.389101,2.590492,0.555760,0.793323,0.660388,0.327533,0.972640,0.365625,17.808104
764,1,2,1,13.464671,2.593791,0.545243,0.797335,0.664665,0.326572,0.973390,0.365582,19.881600
765,1,2,1,13.405354,2.591145,0.548203,0.794000,0.666776,0.325200,0.970566,0.364750,19.819514
766,1,2,1,13.384178,2.595753,0.550117,0.793588,0.663427,0.324117,0.970960,0.365483,19.798899
767,1,2,1,11.032671,2.719236,0.550923,0.803151,0.662000,0.323471,0.971760,0.372868,17.587157
768,1,2,1,10.507293,2.593293,0.548942,0.793052,0.657748,0.325717,0.963618,0.384929,16.929034
769,0,2,0,13.387932,2.591735,0.545625,0.794800,0.665095,0.325286,0.964350,0.384855,19.814073
770,1,2,1,12.827643,2.591951,0.547754,0.802387,0.665058,0.329988,1.027305,0.396437,19.340160
771,1,2,1,13.086228,2.591114,0.552714,0.796609,0.664154,0.326923,0.971335,0.472092,19.616892
772,1,2,1,11.024061,2.594302,0.545950,0.791533,0.659490,0.322726,0.972196,0.365729,17.426031
773,1,2,0,10.692634,2.700142,0.555231,0.798615,0.666117,0.325027,0.967188,0.366973,17.224628
774,1,2,0,13.423588,2.693668,0.549563,0.794227,0.666025,0.326541,0.971834,0.366960,19.943170
775,1,2,1,10.456289,2.596486,0.549157,0.795593,0.780579,0.326357,0.971428,0.365489,16.999373
776,1,2,1,10.415742,2.592579,0.543619,0.797760,0.666880,0.327452,0.969674,0.365489,16.829785
777,1,2,1,10.485459,2.739200,0.549951,0.796566,0.664320,0.324892,0.973324,0.366437,17.053557
778,0,2,0,13.678499,2.698388,0.551416,0.795846,0.665274,0.329151,0.962154,0.364302,20.197508
779,0,2,0,13.562086,2.693612,0.552690,0.793723,0.667582,0.330197,0.970739,0.361895,20.084511
780,1,2,1,10.474781,2.591150,0.670824,0.797594,0.663957,0.324284,0.972043,0.366535,17.008997
781,1,2,1,13.226978,2.594554,0.549779,0.814677,0.661194,0.326603,0.970653,0.367680,19.764541
782,1,2,1,10.495126,2.597809,0.550492,0.793379,0.661914,0.322123,0.974135,0.480984,17.025544
783,1,2,1,13.277544,2.591858,0.544258,0.796664,0.660418,0.328443,0.974966,0.482179,19.810172
784,1,2,1,13.824628,2.592634,0.549760,0.793822,0.662050,0.326252,0.973569,0.391071,20.263797
785,1,2,1,13.283230,2.594154,0.553748,0.798252,0.658892,0.326572,1.070191,0.387840,19.827213
786,0,2,0,13.475089,2.592178,0.544578,0.792357,0.663213,0.331163,1.028086,0.387028,19.969563
787,0,2,0,13.561532,2.595520,0.548086,0.800400,0.659766,0.327009,0.973736,0.386074,20.005907
788,1,2,0,13.043175,2.588665,0.553064,0.798498,0.662610,0.325526,0.969705,0.462547,19.552474
789,1,2,1,13.394147,2.592836,0.547834,0.790972,0.662739,0.325434,0.971711,0.478043,19.915397
790,0,2,1,13.491945,2.595914,0.547619,0.793415,0.659274,0.325163,0.972074,0.468874,20.007470
791,1,2,1,13.262794,2.602874,0.545009,0.792837,0.667945,0.326191,0.969200,0.449680,19.771329
792,1,2,1,11.022923,2.596455,0.551348,0.795926,0.664991,0.327662,0.970770,0.365070,17.448695
793,1,2,1,11.693003,2.685102,0.551052,0.797988,0.661164,0.324954,0.972455,0.364468,18.201951
794,1,2,1,13.189310,2.702031,0.555360,0.801723,0.664904,0.324646,0.959120,0.364197,19.712332
795,0,2,0,13.168923,2.691483,0.553089,0.801231,0.663495,0.327612,0.971926,0.362770,19.694868
796,1,2,1,13.338948,2.686400,0.551133,0.789298,0.667773,0.324191,0.971914,0.364031,19.844308
797,1,2,1,11.463194,2.594468,0.625434,0.829219,0.673188,0.323853,0.974006,0.363305,18.001508
798,1,2,1,13.410086,2.590615,0.640640,0.850677,0.671704,0.327385,0.972948,0.366658,19.987126
799,1,2,1,11.020006,2.587434,0.546419,0.795908,0.661403,0.327723,0.972707,0.405427,17.472136
800,0,2,0,13.296886,2.590209,0.551151,0.794782,0.664794,0.326006,0.970732,0.394080,19.742098
801,0,2,0,13.074424,2.602910,0.554381,0.792997,0.665034,0.326726,0.975520,0.475908,19.621034
802,1,2,1,13.386794,2.594357,0.550049,0.793951,0.666307,0.328148,0.958369,0.486819,19.918868
803,1,2,1,13.330424,2.592080,0.547009,0.801870,0.660221,0.324284,0.971225,0.470824,19.851514
804,0,2,0,13.535182,2.591009,0.555723,0.803373,0.662351,0.328166,0.975034,0.490130,20.092658
805,1,2,1,13.283427,2.594640,0.552776,0.794856,0.663821,0.325797,0.972923,0.470942,19.811538
806,1,2,1,13.224123,2.591502,0.548610,0.796456,0.665877,0.325341,0.972216,0.457630,19.736135
807,0,2,0,13.277686,2.591883,0.549040,0.803016,0.660265,0.322578,0.968382,0.365624,19.691138
808,1,2,1,10.552449,2.591096,0.544270,0.790068,0.663539,0.326350,0.961582,0.366025,16.946307
809,0,2,0,13.414597,2.594726,0.548615,0.798123,0.659003,0.328455,0.972074,0.360535,19.826948
810,1,2,1,13.431483,2.600966,0.548579,0.795033,0.664898,0.322578,0.973865,0.361631,19.848554
811,1,2,1,13.428652,2.601933,0.548407,0.798382,0.665600,0.322190,0.973353,0.366997,19.857182
812,1,2,1,11.075176,2.694406,0.550819,0.799169,0.664720,0.328092,0.972560,0.364467,17.600536
813,1,2,1,11.256209,2.596357,0.554135,0.799976,0.800658,0.325588,0.972406,0.367268,17.827163
814,1,2,1,10.496530,2.593403,0.546849,0.791945,0.665280,0.329065,0.973483,0.360843,16.907698
815,1,2,1,11.538055,2.594246,0.551403,0.799502,0.660701,0.323126,0.969901,0.363108,17.953268
816,1,2,1,11.104905,2.697643,0.554326,0.788867,0.661434,0.324277,0.971963,0.365754,17.619373
817,1,2,1,11.233403,2.594707,0.550277,0.899273,0.681274,0.325052,0.968302,0.366234,17.776523
818,1,2,1,9.232492,2.588326,0.541748,0.786806,0.669028,0.328025,0.964443,0.359957,15.622234
819,1,2,1,10.524591,2.713563,0.552726,0.798880,0.660517,0.327926,0.971994,0.368499,17.074480
820,1,2,1,11.548406,2.590117,0.650013,0.801064,0.666369,0.323415,0.972720,0.360843,18.063889
821,1,2,1,10.473083,2.595865,0.548419,0.801225,0.657600,0.326037,0.963347,0.390935,16.908536
822,1,2,1,9.074320,2.701231,0.552782,0.793132,0.667311,0.327520,0.971551,0.363379,15.601588
823,0,2,0,13.550326,2.689083,0.552283,0.801212,0.665576,0.324610,0.970720,0.366216,20.075434
824,1,2,1,13.061415,2.686234,0.554443,0.795015,0.667901,0.322880,0.971391,0.364541,19.572677
825,1,2,1,10.610985,2.593957,0.547483,0.918259,0.669120,0.325711,0.973089,0.367059,17.156905
826,1,2,1,10.501416,2.586997,0.546856,0.798455,0.659625,0.325409,0.974874,0.465735,17.013815
827,1,2,1,13.282184,2.591858,0.553348,0.794006,0.660824,0.323225,0.975459,0.451501,19.786536
828,1,2,1,11.224800,2.601661,0.555944,0.792825,0.664461,0.325883,0.969729,0.364388,17.650105
829,1,2,1,10.519096,2.698283,0.559673,0.801053,0.659089,0.323237,0.973231,0.363280,17.050695
830,1,2,1,9.150191,2.591502,0.544677,0.802609,0.666486,0.327213,0.963809,0.387655,15.586215
831,1,2,1,12.436050,2.593378,0.551944,0.789625,0.662019,0.323557,0.971287,0.363588,18.842141
832,1,2,1,13.396985,2.586344,0.549840,0.790099,0.663107,0.328326,0.971403,0.364541,19.799674
833,1,2,1,10.495803,2.710271,0.555945,0.791317,0.659797,0.321182,0.972006,0.366978,17.027101
834,1,2,1,13.381329,2.689071,0.552898,0.798954,0.659200,0.324979,0.964664,0.361711,19.883262
835,1,2,1,13.296117,2.688923,0.550289,0.792554,0.660591,0.323422,0.971009,0.364258,19.801323
836,1,2,1,10.445748,2.593028,0.547624,0.913557,0.670683,0.322092,0.970153,0.366775,16.977052
837,1,2,1,13.229317,2.594234,0.552296,0.914572,0.668394,0.327655,0.971471,0.365310,19.778424
838,1,2,1,10.531447,2.591557,0.551532,0.794800,0.658105,0.323206,0.974751,0.470209,17.047034
839,1,2,1,10.501619,2.590505,0.546868,0.803791,0.660597,0.328197,0.972684,0.365680,16.922542
840,1,2,1,10.433182,2.691477,0.553920,0.792665,0.663680,0.325834,0.959864,0.367501,16.936179
841,1,2,1,10.464043,2.594757,0.547354,0.793453,0.665705,0.322271,0.967427,0.391920,16.901483
842,1,2,1,11.957440,2.587342,0.544197,0.802179,0.660831,0.325507,0.961656,0.362000,18.353791
843,1,2,1,13.552707,2.592603,0.540757,0.796117,0.663120,0.317908,0.970634,0.361477,19.946012
844,1,2,1,11.354658,2.590511,0.544990,0.795144,0.666351,0.326111,0.969520,0.365913,17.763772
845,1,2,1,13.410948,2.593046,0.541883,0.797145,0.656289,0.325298,0.972855,0.360886,19.809410
846,1,2,1,10.399470,2.699292,0.551587,0.795870,0.661753,0.322923,0.971649,0.366166,16.920203
847,1,2,1,10.504364,2.597305,0.548326,0.798418,0.660763,0.330683,0.966516,0.397741,16.961230
848,1,2,1,11.047495,2.594031,0.549213,0.802923,0.664117,0.326511,0.971410,0.367914,17.474135
849,0,2,0,13.694689,2.591508,0.549286,0.797514,0.661163,0.325262,0.973926,0.364012,20.107120
850,1,2,1,10.893938,2.815693,0.553028,0.797249,0.662486,0.325816,0.961477,0.363298,17.523533
851,1,2,1,13.466467,2.602375,0.546899,0.794400,0.662831,0.328117,0.973193,0.360610,19.889175
852,1,2,1,11.505741,2.707575,0.552702,0.795274,0.669662,0.326542,0.974689,0.364855,18.047847
853,1,2,1,12.491188,2.592264,0.650259,0.796172,0.661169,0.326486,0.974849,0.368332,19.013766
854,1,2,1,13.347144,2.596979,0.662173,0.793778,0.662419,0.323120,0.969446,0.368031,19.873858
855,1,2,1,10.473145,2.590350,0.545120,0.793452,0.659286,0.324597,0.963065,0.386056,16.888831
856,1,2,1,13.289939,2.593736,0.548978,0.798911,0.662474,0.322461,0.970092,0.476775,19.813760
857,1,2,1,9.056166,2.704173,0.550215,0.799427,0.664203,0.319779,0.967957,0.369015,15.585495
858,1,2,1,12.819735,2.692062,0.552892,0.798345,0.662413,0.322954,0.965298,0.362197,19.329545
859,0,2,1,13.338942,2.686258,0.548333,0.797533,0.663496,0.324191,0.971366,0.366843,19.852597
860,0,2,0,12.397471,2.687747,0.551181,0.794031,0.667465,0.327938,0.971969,0.367606,18.914572
861,0,2,0,13.630935,2.688794,0.548110,0.797367,0.662357,0.321507,0.973415,0.365009,20.140099
862,1,2,1,10.596412,2.593612,0.545982,0.793766,0.662154,0.441994,0.975994,0.373280,17.134511
863,1,2,1,11.337286,2.591730,0.544782,0.790831,0.662830,0.325656,0.971262,0.366271,17.744443
864,1,2,1,11.186203,2.591157,0.552314,0.794450,0.662160,0.323071,0.972000,0.365612,17.597176
865,1,2,1,10.551213,2.696560,0.549280,0.798363,0.662290,0.328474,0.968511,0.366105,17.074018
866,1,2,1,10.457163,2.588640,0.547575,0.796837,0.660228,0.327939,0.960942,0.388886,16.881809
867,1,2,1,10.541692,2.591434,0.550382,0.794683,0.662400,0.323981,0.971230,0.358849,16.944025
868,1,2,1,11.193354,2.807280,0.554560,0.790652,0.666110,0.316000,0.969471,0.488147,17.941933
869,1,2,1,12.247871,2.853304,0.635323,0.867668,0.764357,0.399612,0.966185,0.458671,19.354917
870,1,2,1,12.220905,2.701901,0.544726,0.794861,0.655182,0.321748,0.971944,0.364394,18.729607
871,1,2,1,13.336123,2.709957,0.546658,0.797607,0.662517,0.325877,0.971797,0.362849,19.868788
872,1,2,1,13.528874,2.705496,0.552609,0.800326,0.662991,0.326025,0.974185,0.364929,20.065870
873,1,2,1,10.505778,2.591360,0.545471,0.801034,0.661280,0.445692,0.975243,0.379021,17.059311
874,1,2,1,11.542074,2.592455,0.547987,0.792154,0.662221,0.325416,0.965895,0.366246,17.946904
875,1,2,1,11.270929,2.592092,0.546252,0.789710,0.660676,0.329945,0.972419,0.363385,17.679877
876,0,2,0,13.374849,2.590609,0.549686,0.794781,0.664098,0.326917,0.975243,0.365779,19.792967
877,1,2,1,13.439126,2.593550,0.554271,0.793551,0.660683,0.329071,0.960609,0.363416,19.848024
878,1,2,1,10.466837,2.698812,0.551046,0.800560,0.664240,0.323914,0.968265,0.364197,16.987790
879,0,2,0,13.464252,2.701391,0.548677,0.792301,0.663065,0.324739,0.969194,0.363637,19.979231
880,1,2,1,13.273015,2.709310,0.549594,0.795003,0.666234,0.325379,0.967452,0.359821,19.798418
881,1,2,1,10.556246,2.591588,0.549581,0.798462,0.657754,0.326369,0.963674,0.384942,16.983022
882,1,2,1,10.411594,2.594892,0.546782,0.792382,0.660696,0.324560,0.961656,0.363939,16.805477
883,0,2,0,14.157932,2.595262,0.549372,0.794197,0.663889,0.328234,0.971619,0.363779,20.576830
884,1,2,1,10.528788,2.700505,0.551619,0.799791,0.660073,0.324130,0.968824,0.366025,17.051490
885,1,2,1,12.677692,2.692978,0.561883,0.789280,0.671237,0.324012,0.975003,0.361022,19.204283
886,1,2,1,11.231446,2.592579,0.549747,0.914972,0.663699,0.323581,0.958966,0.363416,17.750566
887,1,2,0,12.553907,2.591372,0.545667,0.795169,0.773533,0.330511,0.974456,0.371090,19.092751
888,1,2,1,10.482665,2.588873,0.548708,0.788455,0.667705,0.325877,0.976523,0.368363,16.895834
889,1,2,1,10.494153,2.707366,0.555219,0.800646,0.662862,0.328609,0.975077,0.364720,17.042855
890,1,2,1,10.702357,2.590523,0.669717,0.807145,0.665926,0.326856,0.963840,0.364819,17.241816
891,0,2,0,13.351729,2.600923,0.549932,0.900381,0.664516,0.326227,0.972462,0.361513,19.883612
892,1,2,1,11.533329,2.596474,0.550535,0.791588,0.667022,0.323378,1.053476,0.384824,18.051945
893,1,2,0,13.524191,2.593729,0.544037,0.797747,0.665292,0.435766,0.975274,0.384264,20.073865
894,1,2,0,13.312634,2.590394,0.545594,0.800830,0.664634,0.325914,0.979126,0.382437,19.838234
895,1,2,1,10.891600,2.598966,0.546954,0.798942,0.661613,0.327803,0.970664,0.367649,17.319717
896,1,2,1,10.473378,2.701267,0.546572,0.795040,0.660911,0.325674,0.969458,0.364813,16.986172
897,1,2,1,10.556105,2.594129,0.550123,0.913858,0.667169,0.323113,0.975287,0.365323,17.100431
898,0,2,1,13.055846,2.590769,0.543853,0.894258,0.679434,0.326234,0.975323,0.361890,19.585126
899,1,2,1,13.330831,2.595520,0.551717,0.899151,0.680911,0.326917,0.975483,0.363243,19.879550
900,1,2,1,13.271433,2.596197,0.553674,0.798523,0.781034,0.324874,0.970369,0.370695,19.819736
901,1,2,1,11.535360,2.591649,0.549064,0.797975,0.661532,0.330215,0.971083,0.404136,17.998252
902,1,2,1,11.059409,2.592276,0.546683,0.797477,0.661656,0.327219,0.972530,0.363686,17.467624
903,1,2,1,10.463827,2.720136,0.549754,0.795452,0.658603,0.326437,0.960947,0.363914,16.990043
904,1,2,1,10.510099,2.593003,0.550221,0.794068,0.775003,0.328788,0.971330,0.363422,17.039637
905,1,2,1,11.413926,2.592376,0.544923,0.796031,0.663016,0.323797,0.974289,0.460283,17.920615
906,1,2,1,10.488252,2.593612,0.542985,0.799262,0.661163,0.327022,0.959046,0.365587,16.887311
907,0,2,0,13.865287,2.591366,0.546800,0.798234,0.667490,0.326203,0.976178,0.367249,20.290893
908,0,2,0,13.231710,2.597446,0.548363,0.794419,0.662363,0.322142,0.972628,0.366941,19.644314
909,1,2,1,11.029656,2.694893,0.547212,0.792812,0.657932,0.323655,0.976467,0.368049,17.546708
910,1,2,1,13.329809,2.692258,0.548948,0.792203,0.660923,0.324468,0.970597,0.366855,19.841046
911,1,2,1,13.349661,2.688510,0.553280,0.794843,0.659341,0.323686,0.968671,0.364418,19.858191
912,1,2,1,10.503262,2.585957,0.548210,0.793809,0.662843,0.434886,0.977920,0.377255,17.035594
913,1,2,1,10.505644,2.592363,0.554228,0.793520,0.664339,0.327520,0.972307,0.366960,16.928590
914,1,2,0,13.360295,2.594369,0.552603,0.798504,0.665206,0.322960,0.959699,0.362886,19.769933
915,1,2,1,11.301951,2.721403,0.550406,0.798111,0.662406,0.323367,0.974524,0.359268,17.843138
916,1,2,1,10.550190,2.591643,0.663908,0.795988,0.665372,0.327539,0.971871,0.365970,17.083988
917,1,2,1,9.169785,2.596147,0.548855,0.794283,0.663508,0.320228,0.971988,0.364345,15.578880
918,1,2,1,13.186935,2.596154,0.548179,0.797428,0.660123,0.324948,0.975151,0.365729,19.604099
919,1,2,1,10.430258,2.700935,0.551914,0.794935,0.664535,0.330739,0.970597,0.361821,16.962406
920,1,2,1,12.636424,2.692381,0.551803,0.791748,0.657139,0.325059,0.965575,0.361964,19.133212
921,1,2,1,11.161330,2.590492,0.548566,0.918960,0.675169,0.322246,0.961243,0.358013,17.690904
922,1,2,1,12.938843,2.594043,0.554043,0.792382,0.780597,0.330424,0.975243,0.361889,19.481760
923,1,2,1,13.430104,2.594000,0.550215,0.800640,0.777212,0.323951,0.971932,0.363687,19.966732
924,1,2,1,10.430824,2.590867,0.546880,0.788874,0.663576,0.326967,0.973286,0.365465,16.838412
925,1,2,1,13.381539,2.591914,0.546388,0.801047,0.659477,0.324216,0.971821,0.360375,19.790203
926,1,2,1,10.456283,2.724418,0.553593,0.791446,0.662615,0.322018,0.971373,0.362529,16.995027
927,1,2,1,13.487206,2.688597,0.560510,0.798867,0.658110,0.325465,0.975914,0.365920,20.014794
928,1,2,1,10.446344,2.595613,0.658338,0.805649,0.664892,0.328450,0.970806,0.361360,16.983101
929,1,2,1,10.570978,2.594757,0.547699,0.800302,0.666849,0.327969,1.074080,0.392455,17.127791
930,1,2,1,10.474369,2.592591,0.546296,0.792824,0.663594,0.323717,0.963249,0.359557,16.866831
931,1,2,1,10.436185,2.691378,0.550394,0.795570,0.661028,0.325077,0.959575,0.361576,16.934560
932,1,2,1,13.273089,2.686597,0.551649,0.799206,0.664037,0.323680,0.971692,0.361901,19.782105
933,1,2,1,10.568418,2.595354,0.551465,0.796413,0.664043,0.412068,0.991096,0.404474,17.142739
934,1,2,1,10.508603,2.593280,0.550123,0.791212,0.662899,0.325951,0.973071,0.363969,16.919668
935,1,2,0,13.422376,2.591440,0.544825,0.802178,0.666824,0.328215,0.971557,0.360696,19.839717
936,0,2,0,13.680339,2.593520,0.554665,0.796529,0.663988,0.325705,0.964997,0.367809,20.095483
937,1,2,1,10.550640,2.793735,0.556861,0.789065,0.661409,0.319969,0.967557,0.363046,17.159095
938,1,2,1,10.794074,2.588492,0.549175,0.913563,0.669194,0.325551,0.963126,0.366695,17.317877
939,1,2,1,10.577895,2.591181,0.553028,0.793975,0.657151,0.322997,0.970554,0.490733,17.111711
940,1,2,1,11.220283,2.589095,0.543151,0.793255,0.661797,0.323779,0.972886,0.368929,17.624498
941,1,2,1,11.143335,2.696628,0.554696,0.793077,0.660935,0.323754,0.974960,0.363545,17.662714
942,1,2,1,10.542388,2.587957,0.550929,0.915791,0.674935,0.327501,0.973625,0.365022,17.091501
943,1,2,1,13.184695,2.590049,0.546929,0.904234,0.676111,0.323908,0.974665,0.364917,19.721705
944,1,2,1,10.651471,2.598511,0.550535,0.794874,0.663034,0.325859,0.974782,0.363907,17.071323
945,1,2,1,10.713151,2.594622,0.548098,0.799409,0.660985,0.326270,0.974338,0.358936,17.128652
946,1,2,1,13.427262,2.592782,0.541809,0.799003,0.661268,0.326978,0.961071,0.366295,19.831366
947,1,2,1,10.560000,2.695138,0.552800,0.794788,0.658424,0.328603,0.967846,0.360653,17.069502
948,0,2,0,13.448203,2.693667,0.551108,0.795588,0.659464,0.331194,0.972289,0.365846,19.971945
949,1,2,1,13.303944,2.704043,0.551969,0.800640,0.658516,0.325459,0.970314,0.358776,19.828074
950,1,2,1,11.049256,2.595133,0.544080,0.794794,0.663157,0.427902,0.975883,0.379299,17.580148
951,1,2,1,10.539760,2.593065,0.550523,0.795034,0.662547,0.325502,0.972948,0.363366,16.952812
952,1,2,1,10.478356,2.690283,0.548566,0.795674,0.659827,0.324991,0.973618,0.367299,16.991028
953,1,2,1,10.568930,2.595753,0.551785,0.909539,0.671102,0.322055,0.971489,0.365815,17.110941
954,1,2,1,11.479526,2.593089,0.551790,0.789138,0.660130,0.327200,0.973009,0.411071,17.936923
955,1,2,1,10.492068,2.594357,0.553224,0.799126,0.662788,0.325243,0.970979,0.361693,16.913465
956,1,2,1,13.568738,2.592400,0.548098,0.794313,0.664898,0.329914,0.971588,0.365231,19.984018
957,1,2,1,13.396443,2.593114,0.553108,0.803582,0.662529,0.321053,0.973735,0.364523,19.821483
958,1,2,1,13.150283,2.597015,0.551815,0.793748,0.661453,0.327840,0.960634,0.366148,19.557255
959,1,2,1,11.243224,2.715046,0.552621,0.793138,0.663009,0.324284,0.974954,0.360209,17.779661
960,1,2,1,9.163569,2.593200,0.553816,0.792542,0.665569,0.320670,0.963335,0.389779,15.595741
961,1,2,1,13.335711,2.589760,0.550314,0.793090,0.660843,0.326111,0.960185,0.385667,19.755551
962,0,2,1,13.155224,2.591182,0.548776,0.798221,0.663003,0.329871,0.960141,0.491662,19.691575
963,1,2,1,11.474222,2.593280,0.548850,0.796843,0.662646,0.327311,0.974898,0.365280,17.898474
964,1,2,1,10.583151,2.689717,0.549735,0.796910,0.659950,0.324049,0.974130,0.362455,17.091840
965,1,2,1,11.174301,2.592074,0.546924,0.918781,0.671446,0.323311,0.969612,0.367600,17.717772
966,1,2,1,13.443901,2.592947,0.551508,0.918824,0.665433,0.326634,0.971637,0.368271,19.991895
967,1,2,1,10.214258,2.598659,0.546425,0.799945,0.666135,0.327194,0.970480,0.439520,16.723607
968,1,2,1,11.449865,2.590363,0.549434,0.791261,0.664013,0.324301,0.974369,0.360653,17.857323
969,1,2,1,13.481520,2.596123,0.543883,0.801384,0.662726,0.327636,0.973655,0.366313,19.907206
970,0,2,0,13.632148,2.595194,0.549089,0.796289,0.665249,0.326591,0.972646,0.360098,20.048178
971,1,2,1,13.685144,2.855347,0.758941,0.909692,0.996228,0.323637,0.969631,0.595280,21.273280
972,0,2,0,13.856449,2.591575,0.548997,0.797938,0.656554,0.325803,0.969219,0.364972,20.261058
973,1,2,1,10.644837,2.593834,0.545723,0.794130,0.664579,0.326283,0.961274,0.362874,17.044812
974,1,2,1,10.460658,2.690369,0.582671,0.800419,0.662960,0.325963,0.958905,0.365655,17.007304
975,1,2,1,13.293145,2.591483,0.702652,0.794517,0.665791,0.324419,0.967501,0.363200,19.856025
976,1,2,1,11.067366,2.590634,0.551335,0.790400,0.665587,0.406136,0.996184,0.394148,17.611015
977,1,2,1,13.319249,2.593384,0.543434,0.798634,0.664252,0.326129,1.063157,0.395396,19.857982
978,1,2,1,10.412843,2.588874,0.552037,0.796295,0.665649,0.326708,0.974055,0.370449,16.836387
979,0,2,0,13.573631,2.594610,0.554074,0.802818,0.659853,0.326874,0.975194,0.360905,20.001058
980,0,2,1,13.474948,2.597267,0.550474,0.799317,0.663963,0.329834,0.973717,0.364720,19.903815
981,1,2,0,9.211059,2.693895,0.553336,0.793791,0.665821,0.327975,0.973606,0.366258,15.738726
982,1,2,1,11.462301,2.592013,0.552831,0.793587,0.787674,0.328628,0.970634,0.365784,18.008542
983,0,2,1,13.539834,2.592800,0.542573,0.799440,0.770911,0.324129,0.975391,0.369027,20.070271
984,1,2,1,10.514627,2.591797,0.543895,0.795360,0.658929,0.325680,0.969403,0.365933,16.913250
985,1,2,1,10.462148,2.724105,0.556080,0.795508,0.654972,0.325360,0.971150,0.365181,17.006147
986,1,2,1,13.368018,2.689114,0.555594,0.794382,0.659016,0.325870,0.963797,0.362775,19.868947
987,1,2,1,10.568677,2.591298,0.673618,0.799446,0.669896,0.327465,0.972110,0.370105,17.127108
988,1,2,1,11.500227,2.589784,0.551151,0.802775,0.664584,0.459317,0.973249,0.382160,18.076578
989,1,2,1,10.507859,2.594782,0.549409,0.795403,0.666117,0.325686,0.969138,0.366123,16.924541
990,1,2,1,10.474979,2.705249,0.551803,0.793834,0.664628,0.325612,0.973464,0.365945,17.009219
991,1,2,1,10.489883,2.595908,0.545791,0.905877,0.670535,0.325834,0.971810,0.362080,17.023403
992,0,2,0,13.602228,2.593015,0.548714,0.907446,0.671347,0.325692,0.967742,0.366246,20.131440
993,1,2,1,13.338702,2.592222,0.550031,0.905964,0.665391,0.323729,0.960930,0.368696,19.860757
994,1,2,1,13.315034,2.601317,0.550911,0.901834,0.674948,0.323619,0.960984,0.367170,19.846806
995,0,2,0,13.435576,2.593914,0.553230,0.903316,0.664782,0.327883,0.975705,0.363852,19.970357
996,1,2,1,10.427126,2.590566,0.554873,0.787828,0.662763,0.320893,0.971760,0.364954,16.832296
997,0,2,0,13.459587,2.594708,0.542621,0.803200,0.663064,0.327859,0.974332,0.364973,19.883335
998,1,2,1,13.378689,2.590264,0.551834,0.800936,0.662006,0.326837,0.971748,0.367391,19.799243
999,1,2,0,10.911089,2.591329,0.546215,0.796240,0.659256,0.326924,0.973606,0.365766,17.321520
1000,1,2,1,13.348991,2.592985,0.544690,0.795656,0.659163,0.328302,0.972086,0.365410,19.759717
1001,1,2,1,13.379440,2.591809,0.541471,0.796210,0.664929,0.328880,0.960671,0.363372,19.778578
1002,1,2,1,10.539347,2.686855,0.553939,0.795970,0.661619,0.323083,0.973483,0.368960,17.055231
1003,1,2,1,10.522640,2.596794,0.548068,0.799145,0.662695,0.326750,0.970253,0.399440,16.978474
1004,1,2,1,10.484406,2.592935,0.541693,0.794603,0.667040,0.325711,0.975772,0.366117,16.899200
1005,1,2,1,10.516258,2.693809,0.554277,0.800240,0.666948,0.325452,0.973637,0.369963,17.052942
1006,1,2,1,13.332135,2.684554,0.549754,0.797144,0.659988,0.322984,0.972689,0.364541,19.836228
1007,1,2,1,13.278276,2.699532,0.547736,0.799970,0.660690,0.328382,0.970320,0.369304,19.807218
1008,1,2,1,10.532517,2.592978,0.547132,0.800868,0.779705,0.323563,0.960055,0.369170,17.056265
1009,1,2,1,13.098031,2.598935,0.548357,0.795471,0.662412,0.425508,0.974400,0.364812,19.619865
1010,0,2,1,11.780203,2.591496,0.548770,0.799975,0.666781,0.325834,0.961668,0.454123,18.281920
1011,1,2,1,11.047821,2.594443,0.549613,0.794320,0.659730,0.324979,0.970868,0.364837,17.459692
1012,1,2,1,10.391631,2.693440,0.553280,0.795963,0.660954,0.325329,0.973107,0.359096,16.903988
1013,1,2,1,13.285286,2.691397,0.548812,0.801625,0.657594,0.326234,0.960443,0.359914,19.786843
1014,1,2,1,10.508252,2.592203,0.544221,0.802221,0.667674,0.450917,0.974443,0.389821,17.083163
1015,1,2,1,13.159938,2.589797,0.549182,0.802683,0.664068,0.325010,0.972529,0.396535,19.616455
1016,1,2,1,11.435237,2.591114,0.550160,0.794467,0.664307,0.329489,0.976296,0.364966,17.856850
1017,1,2,1,10.528215,2.697637,0.550535,0.802424,0.665753,0.323009,0.970043,0.364123,17.051741
1018,1,2,1,9.213828,2.590695,0.547416,0.800585,0.776708,0.327354,0.969828,0.368031,15.747883
1019,1,2,1,10.532615,2.592923,0.548141,0.798701,0.665015,0.324825,0.960597,0.365754,16.942418
1020,1,2,1,10.432911,2.819145,0.551268,0.792197,0.664603,0.323421,0.970757,0.366505,17.074166
1021,1,2,1,12.599440,2.742941,0.556394,0.799649,0.658301,0.325840,0.974117,0.360135,19.172369
1022,1,2,1,11.087410,2.590234,0.546966,0.917735,0.671015,0.326007,0.964603,0.360788,17.616910
1023,1,2,1,13.279274,2.599058,0.548283,0.920671,0.671982,0.326012,0.973809,0.369341,19.845821
1024,1,2,1,11.105538,2.591704,0.549157,0.802671,0.661833,0.325938,0.965655,0.405520,17.562954
1025,0,2,0,13.440153,2.595791,0.551637,0.796917,0.667286,0.329347,0.973126,0.399077,19.906640
1026,1,2,1,10.403366,2.595724,0.548579,0.794935,0.660615,0.326173,0.974166,0.365809,16.821809
1027,1,2,1,10.563323,2.694258,0.553052,0.798585,0.666431,0.326917,0.969539,0.363532,17.090000
1028,0,2,0,13.775668,2.695267,0.550258,0.796671,0.660031,0.326511,0.970049,0.369834,20.297255
1029,1,2,1,10.648037,2.590314,0.540443,0.800357,0.772714,0.326997,0.959107,0.361372,17.153735
1030,1,2,1,12.896535,2.592043,0.553532,0.796301,0.658307,0.420948,0.971015,0.372775,19.412769
1031,1,2,1,11.544732,2.594978,0.545434,0.798357,0.660056,0.327323,0.963052,0.364942,17.948025
1032,1,2,1,10.543237,2.592788,0.552843,0.788123,0.654868,0.327988,0.974148,0.365938,16.949668
1033,1,2,1,10.098265,2.594560,0.649293,0.810406,0.666104,0.326271,0.958991,0.362800,16.622289
1034,1,2,1,13.210616,2.594412,0.550357,0.936985,0.679200,0.326370,0.973686,0.363895,19.787551
1035,1,2,1,12.587396,2.588788,0.553754,0.805896,0.780388,0.324203,0.971372,0.366492,19.135342
1036,1,2,1,10.565323,2.590141,0.554905,0.794013,0.662363,0.325028,0.972364,0.366167,16.982978
1037,1,2,1,10.586043,2.598462,0.556990,0.800591,0.666160,0.327416,0.963169,0.365889,17.017268
1038,1,2,1,11.192197,2.701231,0.555532,0.795120,0.658566,0.326953,0.973606,0.368043,17.726880
1039,1,2,1,10.535644,2.593181,0.549458,0.802314,0.657200,0.419606,0.963231,0.388510,17.064634
1040,1,2,1,11.403526,2.590794,0.550142,0.794185,0.665465,0.325957,0.960529,0.365009,17.802449
1041,1,2,1,12.710455,2.593255,0.549040,0.803176,0.662037,0.323963,0.974387,0.364424,19.133169
1042,1,2,1,10.515895,2.703545,0.557717,0.796265,0.662381,0.326984,0.966769,0.361114,17.041600
1043,1,2,1,11.020966,2.596579,0.547932,0.930277,0.673982,0.323120,0.970991,0.365384,17.582419
1044,0,2,0,13.281704,2.593507,0.551951,0.938530,0.667729,0.323742,0.972037,0.366837,19.847606
1045,1,2,1,13.286862,2.590086,0.548727,0.918031,0.667360,0.328769,0.973348,0.364080,19.833059
1046,1,2,1,10.502511,2.594067,0.547711,0.803858,0.660843,0.327889,0.974843,0.461994,17.025341
1047,1,2,1,10.526055,2.594941,0.549576,0.801668,0.662695,0.327803,0.975422,0.361261,16.949256
1048,1,2,1,12.942979,2.595859,0.553852,0.798178,0.664720,0.323625,0.971963,0.364129,19.366092
1049,1,2,1,11.710271,2.693083,0.550370,0.800302,0.658713,0.325095,0.960560,0.367446,18.218271
1050,1,2,1,13.298843,2.700197,0.547151,0.799514,0.657256,0.326627,0.974197,0.363127,19.818147
1051,0,2,0,13.465693,2.695133,0.548148,0.801120,0.660904,0.326579,0.970634,0.359890,19.985427
1052,1,2,1,11.216050,2.809563,0.542529,0.871514,0.662862,0.316480,0.974868,0.360690,17.906061
1053,1,2,1,10.427994,2.590252,0.546253,0.798554,0.658197,0.324794,0.972757,0.360843,16.827132
1054,0,2,0,13.602227,2.590843,0.551102,0.797883,0.662985,0.323434,0.971575,0.365576,20.017994
1055,1,2,1,13.434197,2.594524,0.547003,0.797975,0.664240,0.324018,0.958702,0.367951,19.839926
1056,1,2,1,11.298228,2.588892,0.546419,0.795908,0.659932,0.330621,0.969637,0.364019,17.704333
1057,1,2,1,13.652462,2.594616,0.547551,0.795735,0.662098,0.326031,0.961865,0.364339,20.058092
1058,1,2,1,11.203693,2.694941,0.553594,0.793181,0.664536,0.325582,0.977570,0.367256,17.730332
1059,1,2,1,11.984277,2.594000,0.662141,0.805071,0.667710,0.322407,0.973470,0.368141,18.528868
1060,1,2,1,13.458412,2.706603,0.551785,0.800215,0.662117,0.327576,0.966627,0.364437,19.990080
1061,1,2,1,13.152775,2.594720,0.648444,0.799157,0.667446,0.326911,0.974209,0.366332,19.681723
1062,1,2,1,13.367397,2.591397,0.651058,0.801206,0.664345,0.324985,0.968541,0.363366,19.884400
1063,1,2,1,10.596221,2.595680,0.553397,0.795538,0.662781,0.327089,0.967822,0.385612,17.042763
1064,1,2,1,10.483729,2.595009,0.548055,0.793107,0.663427,0.326523,0.960222,0.367692,16.885883
1065,1,2,1,13.384579,2.589822,0.547680,0.799071,0.655902,0.323963,0.970739,0.370702,19.795582
1066,1,2,1,13.203643,2.601613,0.544874,0.794197,0.658339,0.322997,0.969637,0.359717,19.607471
1067,1,2,1,11.521896,2.691625,0.549225,0.798111,0.667003,0.322289,0.959145,0.364493,18.023390
1068,1,2,1,11.510714,2.593538,0.631575,0.825532,0.666560,0.328067,0.972972,0.362455,18.045901
1069,1,2,1,10.544818,2.597354,0.545587,0.805076,0.665939,0.326167,1.027028,0.412228,17.076283
1070,1,2,1,12.258978,2.591452,0.552326,0.800221,0.662387,0.324006,0.960271,0.368013,18.666166
1071,1,2,1,10.598948,2.706695,0.550345,0.792024,0.661250,0.322855,0.972111,0.365840,17.122554
1072,1,2,1,10.431003,2.593416,0.679901,0.835748,0.671588,0.329717,0.972560,0.363440,17.033674
1073,1,2,1,14.141508,2.727975,0.555594,0.800935,0.666123,0.323360,0.959951,0.363815,20.691853
1074,1,2,1,10.567631,2.594049,0.545618,0.793292,0.662154,0.329705,1.068505,0.385193,17.099132
1075,1,2,1,10.506935,2.594277,0.543077,0.800930,0.661551,0.328529,0.968923,0.364443,16.924185
1076,1,2,1,11.143508,2.703852,0.551582,0.801613,0.660935,0.327243,0.961742,0.365348,17.670874
1077,1,2,1,11.168517,2.676738,0.590178,0.799280,0.666037,0.323471,0.974763,0.365139,17.719120
1078,0,2,0,13.620529,2.683182,0.554418,0.801625,0.662172,0.325575,0.973194,0.366369,20.137330
1079,1,2,1,11.239028,2.594074,0.548800,0.797631,0.772713,0.328776,0.970505,0.370745,17.780080
1080,1,2,1,13.366947,2.593889,0.551501,0.795360,0.765083,0.329975,0.976732,0.371064,19.906271
1081,1,2,1,10.536892,2.594105,0.546874,0.797200,0.662874,0.324794,0.973096,0.364160,16.953090
1082,0,2,1,12.658948,2.591600,0.549932,0.795686,0.665379,0.326659,0.960252,0.363280,19.063003
1083,1,2,1,12.305914,2.592942,0.550418,0.799957,0.670541,0.324493,0.971729,0.367347,18.737415
1084,1,2,1,11.500836,2.699293,0.551218,0.793889,0.666942,0.322536,0.973083,0.365003,18.024455
1085,1,2,1,10.468726,2.594110,0.551341,0.802708,0.761538,0.326732,0.973994,0.365163,17.001071
1086,1,2,1,13.272800,2.589089,0.548431,0.791667,0.792751,0.334314,0.969791,0.368788,19.826954
1087,1,2,1,11.480271,2.594726,0.543957,0.797964,0.663151,0.323280,0.970892,0.365360,17.891570
1088,1,2,0,13.487403,2.588615,0.546843,0.791520,0.663508,0.323397,0.973674,0.364031,19.890646
1089,0,2,0,13.424141,2.593687,0.546480,0.801033,0.666689,0.328603,0.959556,0.363249,19.836289
1090,1,2,1,11.579200,2.592517,0.543470,0.790135,0.662135,0.321852,0.970917,0.360603,17.971557
1091,1,2,1,13.492720,2.595631,0.551354,0.800800,0.661711,0.322610,0.961108,0.362056,19.899889
1092,0,2,0,13.389126,2.591717,0.548006,0.796633,0.664560,0.321619,0.971649,0.369686,19.803754
1093,1,2,0,13.539083,2.592025,0.553698,0.801157,0.664745,0.323274,0.958394,0.363324,19.945939
1094,1,2,1,10.439717,2.713396,0.547624,0.795022,0.665256,0.321188,0.959513,0.364640,16.956296
1095,1,2,1,11.303126,2.591490,0.550172,0.801323,0.785847,0.327206,0.974535,0.369138,17.861175
1096,1,2,1,13.460775,2.590793,0.546419,0.878394,0.706215,0.329656,0.970813,0.363656,20.002911
1097,0,2,0,13.199040,2.593502,0.549471,0.799003,0.779815,0.324308,0.970450,0.370142,19.740917
1098,1,2,1,9.203883,2.595310,0.544807,0.801151,0.662529,0.323034,0.972702,0.361206,15.613453
1099,0,2,0,13.689883,2.592825,0.549575,0.794320,0.662536,0.327354,0.972744,0.361828,20.103489
1100,1,2,1,10.565957,2.702012,0.551772,0.796788,0.663317,0.324517,0.964745,0.365902,17.085342
1101,1,2,1,10.480425,2.588498,0.547631,0.801170,0.776456,0.331059,0.970843,0.366068,17.017040
1102,0,2,0,13.298209,2.592560,0.553600,0.795157,0.803754,0.323409,0.972240,0.367630,19.860424
1103,1,2,1,10.433113,2.591262,0.548406,0.799354,0.659133,0.327618,0.961255,0.369310,16.841059
1104,1,2,1,11.481661,2.596277,0.545631,0.800529,0.661483,0.325754,0.971052,0.367009,17.900375
1105,1,2,1,13.165655,2.595667,0.542228,0.803902,0.663187,0.325489,0.967576,0.361705,19.575163
1106,1,2,1,10.460892,2.590413,0.669028,0.803219,0.664289,0.325704,0.969538,0.366849,17.003003
1107,1,2,1,13.536523,2.691883,0.557956,0.797095,0.663194,0.322381,0.972449,0.366936,20.063249
1108,1,2,0,13.279464,2.592277,0.668585,0.794923,0.660025,0.328129,0.971538,0.366326,19.812517
1109,1,2,1,10.528708,2.591120,0.549939,0.802899,0.664849,0.325452,0.960535,0.398665,16.975206
1110,1,2,1,11.158320,2.590259,0.550080,0.793514,0.663969,0.326751,0.973317,0.365895,17.573649
1111,1,2,1,13.238745,2.595514,0.552867,0.795895,0.662455,0.326536,0.970935,0.367901,19.663988
1112,1,2,1,10.532923,2.720782,0.548573,0.796369,0.660929,0.325428,0.975255,0.366511,17.075926
1113,0,2,0,13.309704,2.706105,0.549323,0.800036,0.665920,0.324812,0.975181,0.365262,19.847612
1114,1,2,1,13.237151,2.699212,0.552954,0.794609,0.671323,0.324757,0.971551,0.361668,19.765385
1115,0,2,1,13.370542,2.715785,0.553280,0.799828,0.658019,0.323176,0.969194,0.362289,19.903840
1116,0,2,0,13.605661,2.694861,0.551280,0.800923,0.665219,0.328591,0.975828,0.362578,20.133926
1117,1,2,1,11.190486,2.594191,0.551225,0.916960,0.669889,0.328356,0.972628,0.365520,17.743551
1118,1,2,1,13.286179,2.591501,0.550573,0.941661,0.661643,0.326553,0.972480,0.365101,19.849421
1119,1,2,1,10.564966,2.592892,0.548456,0.800258,0.657052,0.326443,0.971077,0.457496,17.069618
1120,1,2,1,13.342874,2.592609,0.551527,0.794714,0.665090,0.325237,0.970806,0.362474,19.756819
1121,1,2,1,13.303120,2.589102,0.547427,0.797138,0.666136,0.326234,0.959908,0.363705,19.704991
1122,1,2,1,11.691404,2.594006,0.547668,0.787207,0.662055,0.326123,0.972665,0.364535,18.095920
1123,0,2,0,14.143305,2.592135,0.546979,0.797957,0.664529,0.324554,0.972787,0.365710,20.561353
1124,0,2,0,13.615421,2.589354,0.546677,0.801416,0.660954,0.326917,0.970948,0.361797,20.024621
1125,1,2,1,10.525821,2.699514,0.550499,0.796437,0.663834,0.323335,0.975545,0.360228,17.047243
1126,1,2,1,10.498166,2.593932,0.552504,0.910024,0.669785,0.322289,0.967410,0.363464,17.029982
1127,1,2,1,12.627748,2.598437,0.552603,0.799840,0.783058,0.328049,0.976837,0.365446,19.185994
1128,1,2,1,12.530339,2.590068,0.551107,0.794609,0.661883,0.328578,0.976024,0.402898,18.987815
1129,0,2,0,13.095766,2.590468,0.552332,0.795791,0.664043,0.329028,0.972135,0.398702,19.552886
1130,0,2,0,13.405612,2.587705,0.547311,0.797551,0.665643,0.326787,0.973440,0.398295,19.856117
1131,1,2,0,13.485126,2.590019,0.552782,0.806929,0.661994,0.326375,0.966696,0.396818,19.942450
1132,1,2,0,13.411514,2.590381,0.551243,0.797661,0.665268,0.325212,0.965957,0.414412,19.878659
1133,1,2,1,10.495127,2.595464,0.546794,0.801644,0.665022,0.328997,0.970258,0.359452,16.918339
1134,1,2,1,10.406216,2.733556,0.546221,0.791028,0.661286,0.327225,0.976640,0.363901,16.959655
1135,1,2,1,11.502646,2.592873,0.545784,0.905944,0.667890,0.327982,0.974271,0.365304,18.036363
1136,1,2,1,9.364412,2.593963,0.544837,0.794843,0.663649,0.323545,0.963828,0.365397,15.760412
1137,1,2,1,10.927834,2.713268,0.548400,0.793237,0.660541,0.326733,0.968376,0.360092,17.451490
1138,1,2,1,11.610658,2.702338,0.548092,0.792302,0.662240,0.322308,0.961120,0.364985,18.117742
1139,1,2,1,12.667717,2.592240,0.662640,0.804763,0.666892,0.328191,0.973649,0.362480,19.215508
1140,0,2,0,13.513053,2.591637,0.659785,0.802720,0.668283,0.327267,0.971699,0.367581,20.055618
1141,0,2,1,13.312701,2.592886,0.688590,0.803742,0.676400,0.322997,0.960628,0.364751,19.878658
1142,1,2,1,10.519113,2.591502,0.544807,0.799194,0.663809,0.329145,0.973286,0.403341,16.975687
1143,1,2,1,11.381384,2.597495,0.547415,0.798172,0.659200,0.327821,0.973225,0.367403,17.803403
1144,0,2,0,13.589920,2.593194,0.544246,0.789397,0.663902,0.330338,0.976400,0.365668,20.003723
1145,1,2,1,13.427987,2.593877,0.542073,0.798400,0.660769,0.325255,0.963975,0.368560,19.831261
1146,1,2,1,10.447390,2.700461,0.547446,0.800554,0.655711,0.322953,0.972769,0.368511,16.971021
1147,1,2,1,10.508098,2.592868,0.549920,0.923071,0.669926,0.324750,0.973773,0.365108,17.061754
1148,1,2,1,13.330456,2.594646,0.554960,0.796911,0.774984,0.327668,0.963914,0.368376,19.866536
1149,1,2,0,13.454129,2.596056,0.545459,0.906923,0.672763,0.326775,0.973101,0.365316,19.995600
1150,1,2,1,10.426880,2.594067,0.544000,0.795772,0.660997,0.328880,0.972714,0.366677,16.841698
1151,1,2,1,10.600757,2.615877,0.554584,0.800910,0.661390,0.325403,0.971163,0.361724,17.049237
1152,1,2,1,13.117040,2.696566,0.553822,0.801256,0.660911,0.326769,0.970302,0.365249,19.643409
1153,1,2,1,13.332283,2.687822,0.557150,0.800664,0.661416,0.325372,0.971803,0.363397,19.852129
1154,1,2,1,11.340510,2.686633,0.554209,0.796677,0.663095,0.322905,0.959421,0.366480,17.840418
1155,1,2,1,10.448861,2.590548,0.547533,0.799354,0.659821,0.328204,0.972553,0.395335,16.897748
1156,1,2,1,13.382129,2.592437,0.553108,0.797354,0.667415,0.328640,0.970381,0.397612,19.844375
1157,1,2,1,10.466210,2.589483,0.543138,0.802092,0.659434,0.332751,0.972529,0.363963,16.878480
1158,1,2,1,13.574259,2.590172,0.548806,0.802739,0.661791,0.327194,0.969932,0.367274,19.993298
1159,1,2,1,13.325729,2.593790,0.547003,0.800363,0.662080,0.325846,0.971089,0.363249,19.744270
1160,1,2,1,10.487107,2.718498,0.549422,0.801391,0.664203,0.325348,0.968166,0.367114,17.033704
1161,1,2,1,10.421533,2.593016,0.546375,0.801870,0.765250,0.330012,0.962781,0.371747,16.953649
1162,1,2,1,11.217637,2.593477,0.546166,0.796498,0.665576,0.327772,0.972283,0.357366,17.626080
1163,1,2,1,10.564369,2.600450,0.545286,0.800554,0.661397,0.330104,0.961132,0.365735,16.985095
1164,1,2,1,11.411329,2.691003,0.554609,0.790757,0.661286,0.326763,0.970886,0.360369,17.921126
1165,1,2,1,9.192210,2.594886,0.550049,0.795262,0.667421,0.328671,0.976462,0.478714,15.738610
1166,1,2,1,13.159489,2.593951,0.549538,0.800400,0.662947,0.327717,0.973766,0.451120,19.673705
1167,1,2,1,10.543649,2.593416,0.546062,0.797508,0.666646,0.328308,0.976055,0.361323,16.969385
1168,1,2,1,10.469963,2.696363,0.552388,0.795384,0.662677,0.325003,0.971520,0.365988,16.991009
1169,0,2,1,13.278886,2.689446,0.552529,0.803489,0.665840,0.325292,0.969594,0.359090,19.797729
1170,1,2,1,11.224283,2.593945,0.546105,0.795409,0.772166,0.329618,0.972658,0.371169,17.762689
1171,1,2,1,11.467508,2.594098,0.550449,0.798265,0.661502,0.328738,0.969742,0.362012,17.886936
1172,1,2,1,11.208917,2.597206,0.547951,0.798554,0.664542,0.325120,0.958228,0.364339,17.612707
1173,1,2,1,10.947366,2.689311,0.546930,0.797034,0.664369,0.326696,0.968966,0.362068,17.455385
1174,0,2,0,13.545662,2.689587,0.551237,0.804148,0.663527,0.327969,0.973588,0.365747,20.074197
1175,1,2,1,13.242708,2.695064,0.547064,0.794960,0.664043,0.325785,0.975993,0.360000,19.760252
1176,0,2,0,13.549206,2.684301,0.553225,0.797255,0.658923,0.324800,0.973353,0.362541,20.054584
1177,0,2,0,13.523176,2.683139,0.554184,0.801933,0.661280,0.323508,0.972147,0.363101,20.038141
1178,1,2,1,13.400209,2.688751,0.551422,0.793120,0.660979,0.325661,0.968369,0.362701,19.901403
1179,1,2,1,13.241619,2.686240,0.552788,0.797576,0.665809,0.330332,0.973698,0.367514,19.770074
1180,1,2,1,11.582136,2.597766,0.554665,0.920713,0.663286,0.326264,0.968498,0.369348,18.136690
1181,1,2,1,11.003569,2.593089,0.548055,0.801483,0.658794,0.329292,0.977280,0.397619,17.462357
1182,1,2,1,10.408523,2.592025,0.546351,0.796609,0.662456,0.327705,0.973833,0.362763,16.820960
1183,0,2,0,13.435970,2.593816,0.547551,0.807545,0.663852,0.329083,0.959354,0.362117,19.853022
1184,1,2,1,10.423397,2.693342,0.550290,0.792627,0.662191,0.322775,0.963951,0.369673,16.929267
1185,1,2,1,13.235316,2.692326,0.542917,0.797021,0.662917,0.328425,0.973421,0.362437,19.750333
1186,1,2,1,13.329502,2.714960,0.549981,0.797286,0.661938,0.329982,0.967957,0.364510,19.868523
1187,1,2,1,10.564252,2.594763,0.545988,0.799710,0.655717,0.325144,0.964135,0.389446,16.993877
1188,1,2,1,11.488702,2.591114,0.548302,0.795723,0.663680,0.324055,0.972622,0.366738,17.902812
1189,1,2,1,13.197630,2.594535,0.553120,0.800197,0.668708,0.324837,0.973711,0.365705,19.631231
1190,0,2,0,13.403822,2.595477,0.552302,0.800597,0.664572,0.326911,0.973102,0.364701,19.831926
1191,1,2,1,13.350031,2.588720,0.551698,0.794314,0.660867,0.326831,0.969545,0.362265,19.757268
1192,1,2,1,11.211533,2.699157,0.547649,0.796670,0.658769,0.325151,0.968677,0.370430,17.729828
1193,1,2,1,13.417034,2.691630,0.551397,0.796326,0.659932,0.324289,0.958154,0.363563,19.914351
1194,1,2,1,11.954455,2.688530,0.548184,0.804492,0.661096,0.323513,0.972037,0.369760,18.471243
1195,1,2,1,13.294547,2.693963,0.554610,0.800609,0.658726,0.326486,0.973477,0.361582,19.818763
1196,1,2,1,11.927200,2.593563,0.549231,0.908923,0.665255,0.328535,0.971366,0.367157,18.465028
1197,1,2,1,11.542825,2.589816,0.550806,0.798221,0.665852,0.327465,1.066068,0.392677,18.086061
1198,1,2,1,13.243096,2.592867,0.555483,0.798320,0.666856,0.326387,0.970664,0.396104,19.701988
1199,1,2,1,13.376806,2.595613,0.552468,0.800825,0.660862,0.330049,0.971360,0.401133,19.842966
1200,1,2,1,10.415748,2.594400,0.544653,0.795803,0.668886,0.330689,0.967009,0.367188,16.833034
1201,1,2,1,11.699274,2.695803,0.557822,0.797009,0.663434,0.328111,0.971914,0.367428,18.233299
1202,1,2,1,13.280117,2.713065,0.557932,0.798283,0.657852,0.325556,0.960326,0.369120,19.816566
1203,1,2,1,13.299335,2.695557,0.557071,0.798861,0.665649,0.329200,0.971070,0.365711,19.835736
1204,1,2,1,11.270277,2.701594,0.559969,0.802850,0.662954,0.327711,0.976874,0.368597,17.825200
1205,1,2,1,13.298911,2.593932,0.664153,0.799883,0.658634,0.324819,0.971840,0.362375,19.829071
1206,1,2,1,11.596283,2.592031,0.551476,0.794837,0.770474,0.326073,0.976948,0.363200,18.122277
1207,0,2,0,13.306991,2.591735,0.548708,0.802905,0.769021,0.328073,0.970708,0.366523,19.838560
1208,1,2,1,12.892364,2.592578,0.549188,0.795194,0.661859,0.327298,1.078087,0.384788,19.432006
1209,1,2,0,13.445447,2.591495,0.551317,0.801163,0.660277,0.420370,0.974092,0.384449,19.983692
1210,1,2,1,10.999667,2.592591,0.546775,0.793828,0.662541,0.328234,0.974388,0.365760,17.415766
1211,1,2,1,13.412794,2.595329,0.545871,0.803533,0.658683,0.326782,0.959895,0.364117,19.819151
1212,1,2,1,10.445071,2.697594,0.545772,0.792689,0.651914,0.321003,0.969305,0.362499,16.937907
1213,1,2,1,10.106701,2.591477,0.555662,0.793483,0.703951,0.325902,0.970609,0.363354,16.647742
1214,1,2,1,10.520351,2.592099,0.546892,0.796708,0.665114,0.328350,0.969446,0.367194,16.936757
1215,1,2,1,10.541907,2.600437,0.551834,0.794394,0.660493,0.330006,0.974634,0.367182,16.972037
1216,1,2,1,10.515409,2.589939,0.650462,0.799329,0.663015,0.324824,0.976782,0.364394,17.035846
1217,1,2,1,13.306209,2.596332,0.647040,0.809077,0.667194,0.329975,0.973680,0.369305,19.850733
1218,0,2,0,13.559440,2.586172,0.668080,0.795502,0.663889,0.327631,0.975083,0.361403,20.087470
1219,1,2,1,11.211477,2.601033,0.548788,0.792702,0.661698,0.412327,0.976376,0.377551,17.737397
1220,0,2,0,13.769551,2.587784,0.552708,0.793433,0.765391,0.326775,0.978806,0.368707,20.298265
1221,1,2,1,11.320357,2.597034,0.545212,0.799200,0.660436,0.324985,0.971507,0.366929,17.736203
1222,0,2,0,13.676031,2.594357,0.549212,0.795747,0.665163,0.326461,0.969354,0.361150,20.090302
1223,1,2,1,10.068302,2.722548,0.553095,0.795563,0.662511,0.321618,0.967951,0.365563,16.609772
1224,1,2,1,11.287643,2.690308,0.551988,0.800763,0.656997,0.322695,0.973416,0.363009,17.798634
1225,1,2,1,11.978142,2.593273,0.549181,0.921107,0.677711,0.328726,0.972461,0.362825,18.536486
1226,0,2,0,13.047280,2.588468,0.548172,0.901557,0.683200,0.326000,0.959693,0.367465,19.579618
1227,0,2,0,13.353261,2.591224,0.545237,0.794474,0.714566,0.327053,0.972813,0.364904,19.893588
1228,1,2,1,9.176301,2.587120,0.545218,0.800935,0.660511,0.329133,0.976247,0.362080,15.588474
1229,1,2,1,13.604591,2.601680,0.543403,0.796701,0.663206,0.324141,0.962332,0.364560,20.011292
1230,1,2,0,13.383569,2.595083,0.551391,0.798972,0.658498,0.329470,0.971667,0.365526,19.801360
1231,1,2,1,10.500061,2.733206,0.552099,0.790824,0.667126,0.327637,0.973496,0.362104,17.059852
1232,0,2,1,13.212861,2.687065,0.552289,0.806880,0.665779,0.326228,0.970523,0.366461,19.741046
1233,1,2,1,12.929113,2.689465,0.557704,0.798763,0.661317,0.322893,0.976326,0.369323,19.458800
1234,0,2,0,13.753913,2.717390,0.553077,0.794627,0.659250,0.323113,0.972000,0.361434,20.288308
1235,1,2,1,13.330332,2.702966,0.551975,0.795342,0.658320,0.326400,0.974787,0.362867,19.857286
1236,1,2,1,10.997028,2.591181,0.555662,0.797692,0.786529,0.323551,0.973230,0.363871,17.540147
1237,1,2,0,13.256443,2.592812,0.552837,0.790733,0.789403,0.327207,0.973440,0.365366,19.801520
1238,1,2,0,12.485169,2.590086,0.549711,0.798197,0.663717,0.327686,0.963582,0.384412,18.911766
1239,1,2,1,10.550880,2.603028,0.544006,0.799852,0.661144,0.326136,0.971114,0.365557,16.971292
1240,1,2,1,10.495748,2.699329,0.556092,0.792911,0.661551,0.320388,0.968480,0.370067,17.017587
1241,1,2,1,10.575649,2.600597,0.550413,0.879527,0.703717,0.325286,0.971939,0.363385,17.125809
1242,1,2,1,10.450492,2.593877,0.554314,0.788683,0.664295,0.328431,0.971347,0.362720,16.864123
1243,1,2,1,11.091551,2.598517,0.549427,0.798443,0.664357,0.325742,0.969410,0.368892,17.519089
1244,1,2,1,11.062597,2.833680,0.552197,0.793010,0.662222,0.322769,0.974222,0.368781,17.723625
1245,1,2,1,10.607299,2.599803,0.543065,0.800517,0.769588,0.325009,0.973932,0.361329,17.133779
1246,1,2,1,11.234671,2.589748,0.548523,0.796585,0.661588,0.327938,0.969483,0.363982,17.642775
1247,1,2,0,12.618591,2.591003,0.547809,0.796991,0.664148,0.323213,0.959735,0.366757,19.020098
1248,1,2,1,10.377022,2.697360,0.548018,0.793342,0.667225,0.324412,0.967070,0.367545,16.895409
1249,1,2,1,13.328750,2.691636,0.557108,0.796123,0.657822,0.324850,0.969778,0.362627,19.843145
1250,1,2,1,11.090067,2.590548,0.630135,0.835274,0.669705,0.327877,0.966751,0.367920,17.631865
1251,0,2,0,12.941206,2.592191,0.550960,0.908609,0.672037,0.324664,0.970708,0.365705,19.482825
1252,0,2,0,13.333956,2.593428,0.545945,0.909594,0.671028,0.326197,0.976209,0.368061,19.877748
1253,1,2,1,11.488572,2.593114,0.548308,0.799163,0.662843,0.328800,0.971711,0.405803,17.951274
1254,1,2,1,11.291717,2.592756,0.548923,0.799582,0.657557,0.325735,0.973169,0.365280,17.705120
1255,1,2,1,10.444093,2.706332,0.551853,0.798412,0.663778,0.330782,0.971539,0.368794,16.989083
1256,0,2,0,13.453163,2.690615,0.552640,0.795729,0.656634,0.325538,0.959108,0.361040,19.944628
1257,1,2,1,10.480486,2.594806,0.549630,0.925686,0.671790,0.324129,0.972203,0.361304,17.031754
1258,1,2,1,11.262646,2.589329,0.544702,0.787705,0.660898,0.326154,0.980111,0.390732,17.694892
1259,1,2,1,11.354671,2.596412,0.544923,0.797815,0.667102,0.326529,0.970486,0.367520,17.775693
1260,1,2,1,11.040418,2.691902,0.559809,0.790966,0.664806,0.328210,0.970880,0.364917,17.563834
1261,1,2,0,13.794560,2.686880,0.552363,0.801581,0.667372,0.326905,0.959618,0.365766,20.309299
1262,1,2,1,10.866295,2.590345,0.696332,0.797255,0.662726,0.324345,0.959809,0.365342,17.411944
1263,1,2,1,10.471138,2.591563,0.550732,0.795693,0.662806,0.325766,0.975274,0.398880,16.924547
1264,1,2,1,13.303157,2.589618,0.547064,0.800813,0.655926,0.327656,0.975810,0.393969,19.746031
1265,0,2,0,13.466554,2.594862,0.549686,0.800505,0.660960,0.325397,0.970788,0.394307,19.916468
1266,1,2,1,11.139822,2.592954,0.545194,0.797145,0.669858,0.328216,0.974412,0.364720,17.562757
1267,1,2,1,11.053009,2.722862,0.547803,0.800006,0.660498,0.326929,0.968573,0.363649,17.598677
1268,1,2,1,10.488326,2.585194,0.557102,0.908579,0.665034,0.324524,0.959391,0.368135,17.005581
1269,1,2,0,13.444585,2.593077,0.546394,0.925323,0.668978,0.327557,0.972252,0.365009,19.998350
1270,1,2,1,12.867015,2.589286,0.551188,0.802603,0.788363,0.326886,0.961550,0.365932,19.406504
1271,1,2,1,10.533483,2.588228,0.541569,0.798209,0.666467,0.328068,0.971907,0.368695,16.946948
1272,1,2,1,11.535551,2.589969,0.543470,0.796677,0.660387,0.326677,0.974233,0.361453,17.940499
1273,1,2,1,10.426941,2.695699,0.551428,0.800179,0.662246,0.329907,0.971286,0.361594,16.955108
1274,1,2,1,13.346948,2.689729,0.551883,0.787372,0.665243,0.324554,0.971477,0.364160,19.851256
1275,1,2,1,11.556862,2.592387,0.545464,0.872455,0.707489,0.328560,0.971618,0.369945,18.103656
1276,1,2,1,10.543101,2.591280,0.547625,0.796019,0.663545,0.324443,0.973680,0.362006,16.952597
1277,1,2,1,11.268209,2.594911,0.548135,0.799686,0.664720,0.323883,0.972726,0.362240,17.687822
1278,1,2,1,10.452000,2.704056,0.550455,0.796603,0.658289,0.325489,0.963533,0.366855,16.966560
1279,1,2,1,13.558363,2.920997,0.617852,0.912012,0.866751,0.388751,0.994893,0.549975,21.015231
1280,1,2,1,11.982013,2.771514,0.665760,0.994929,0.772615,0.380147,0.976055,0.497114,19.233870
1281,0,2,0,14.126511,2.798344,0.547908,0.798215,0.670277,0.323883,0.971729,0.376351,20.775563
1282,1,2,1,12.702812,2.799483,0.571206,0.808499,0.677237,0.332443,0.975557,0.385520,19.408535
1283,1,2,1,11.214283,2.651151,0.558702,1.527299,0.883667,0.375539,0.987317,0.490289,18.878554
1284,1,2,1,14.343575,2.956252,0.697372,0.954867,0.870671,0.425273,0.997779,0.480966,21.947686
1285,1,2,1,11.753028,2.912061,0.635464,0.999526,0.805901,0.386184,0.984271,0.484628,19.155188
1286,1,2,1,11.997526,2.608302,0.831298,0.805427,0.666234,0.327194,0.964800,0.384185,18.740855
1287,1,2,1,13.327212,2.727982,0.691809,0.866726,0.816412,0.366905,0.982764,0.435323,20.391981
1288,1,2,1,10.888172,2.611538,0.567249,0.803224,2.401077,0.393335,0.984634,0.522301,19.362886
1289,0,2,0,15.101576,2.995821,0.663372,1.135668,0.818141,0.398689,0.985255,0.534653,22.839852
1290,1,2,1,12.509747,2.991452,0.708049,0.886351,0.883859,0.389723,0.992018,0.530831,20.097212
1291,1,2,1,11.470074,2.942523,0.676492,1.014160,0.829748,0.362289,0.989988,0.490431,18.989459
1292,0,2,0,14.092621,2.594947,0.549914,0.799736,0.661040,0.325046,0.968462,0.362819,20.508344
1293,1,2,1,13.528498,2.594461,0.553926,0.793083,0.661034,0.324320,0.968443,0.366708,19.941421
1294,1,2,1,10.531920,2.595126,0.664578,0.786210,0.659852,0.317107,0.961570,0.364529,17.033305
1295,1,2,1,11.272499,2.592609,0.547052,0.800024,0.666659,0.531317,0.979452,0.382954,17.926480
1296,1,2,1,10.529981,2.592973,0.548468,0.786203,0.660019,0.329280,0.976375,0.362228,16.934486
1297,1,2,1,10.787662,2.746548,0.553262,0.795508,0.659465,0.330142,0.973662,0.359674,17.359397
1298,0,2,0,13.453846,2.696400,0.558579,0.798098,0.663501,0.325834,0.971809,0.361711,19.982523
1299,1,2,1,13.331126,2.695070,0.552511,0.794677,0.663723,0.321440,0.971938,0.363538,19.847114
1300,0,2,0,13.138486,2.714708,0.551508,0.795261,0.660099,0.326092,0.973797,0.364837,19.679378
1301,1,2,1,13.266492,2.695225,0.550911,0.802634,0.665403,0.327255,0.968351,0.366080,19.796572
1302,0,2,0,13.570025,2.688689,0.550763,0.800640,0.658043,0.326018,0.960671,0.367581,20.074530
1303,1,2,1,10.510542,2.595108,0.541883,0.939052,0.662978,0.327182,0.973920,0.366449,17.070339
1304,1,2,1,11.005034,2.586566,0.547550,0.795372,0.663914,0.323145,0.993785,0.386744,17.452769
1305,1,2,1,11.204295,2.592178,0.546130,0.796517,0.661193,0.325471,0.970191,0.369231,17.617157
1306,1,2,1,13.370283,2.590468,0.547581,0.794000,0.661132,0.328695,0.957779,0.361859,19.763594
1307,1,2,1,11.535532,2.691736,0.557741,0.792671,0.668363,0.325729,0.970898,0.364899,18.061686
1308,1,2,1,10.427877,2.591871,0.544584,0.922572,0.671089,0.326356,0.968923,0.364000,16.970560
1309,1,2,1,10.569373,2.593422,0.548936,0.802216,0.662092,0.330892,0.974659,0.477852,17.109778
1310,1,2,1,10.500104,2.591649,0.552782,0.796683,0.664511,0.329305,0.974092,0.362947,16.924234
1311,1,2,1,12.584578,2.605926,0.550037,0.796781,0.657735,0.332006,0.960037,0.366160,19.097606
1312,1,2,0,12.527384,2.698074,0.547126,0.793588,0.661323,0.325883,0.963927,0.365508,19.035446
1313,1,2,0,13.311483,2.717021,0.553397,0.791101,0.656653,0.324006,0.974019,0.363077,19.844658
1314,1,2,1,11.061859,2.590603,0.551335,0.917366,0.669889,0.328517,0.972936,0.362474,17.605113
1315,1,2,1,13.303581,2.589237,0.545280,0.909434,0.668929,0.327895,0.974634,0.360468,19.834917
1316,0,2,1,13.436148,2.593022,0.548172,0.936493,0.664320,0.324621,0.972972,0.365859,19.992357
1317,1,2,1,12.759987,2.587557,0.550825,0.793200,0.775607,0.323453,0.975496,0.369594,19.289224
1318,1,2,1,12.321957,2.594080,0.551298,0.793532,0.664739,0.328886,0.964240,0.385342,18.754960
1319,1,2,1,10.463421,2.592745,0.549840,0.792387,0.659938,0.330012,0.971323,0.360622,16.870567
1320,1,2,1,10.476622,2.693495,0.549194,0.794843,0.663581,0.323606,0.976234,0.364136,16.993846
1321,0,2,0,13.678800,2.688572,0.550203,0.793157,0.655926,0.327526,0.973963,0.363809,20.184221
1322,1,2,1,10.419754,2.592271,0.545397,0.794788,0.804597,0.325120,0.970136,0.366738,16.968861
1323,1,2,1,10.477698,2.596670,0.542246,0.795040,0.663680,0.328350,0.973637,0.367741,16.898621
1324,1,2,1,10.587212,2.594966,0.553680,0.791600,0.656948,0.326978,0.970714,0.365933,17.000320
1325,1,2,1,13.327083,2.690049,0.552357,0.803317,0.659471,0.324437,0.966468,0.361557,19.839760
1326,1,2,1,10.426400,2.589711,0.665410,0.806240,0.662819,0.326203,0.973883,0.363065,16.966800
1327,1,2,1,13.276831,2.592566,0.550646,0.896289,0.664794,0.330105,0.974153,0.364658,19.804898
1328,1,2,1,11.182548,2.593139,0.550787,0.792061,0.661538,0.328450,0.964837,0.383280,17.606265
1329,1,2,1,10.608406,2.591944,0.547594,0.793865,0.658142,0.325021,0.971643,0.361366,17.010597
1330,1,2,1,11.239366,2.684468,0.556726,0.794191,0.665957,0.323827,0.971095,0.363539,17.754597
1331,1,2,1,13.270148,2.694480,0.547138,0.798991,0.663637,0.322775,0.969741,0.366012,19.785034
1332,1,2,1,10.443384,2.592616,0.551212,0.914541,0.667976,0.330714,0.974062,0.364099,16.990874
1333,1,2,1,11.488270,2.592517,0.555286,0.798301,0.666868,0.328831,0.971403,0.395828,17.953305
1334,1,2,1,11.459083,2.595809,0.552068,0.799908,0.664548,0.330369,0.975680,0.365028,17.892794
1335,1,2,1,13.183262,2.594369,0.546953,0.795194,0.663533,0.327200,0.974142,0.365188,19.602185
1336,1,2,1,9.225717,2.723698,0.560178,0.795132,0.665735,0.329483,0.975059,0.364929,15.794677
1337,1,2,1,10.438708,2.595194,0.547065,0.801120,0.666671,0.327957,0.965453,0.381840,16.879661
1338,1,2,1,11.602160,2.591243,0.549778,0.793397,0.659797,0.320911,0.970554,0.365267,18.003563
1339,1,2,1,11.121975,2.596591,0.548615,0.799329,0.661877,0.323723,0.969896,0.366813,17.542634
1340,1,2,1,10.491964,2.680554,0.575452,0.792621,0.662665,0.324265,0.974049,0.358382,17.014578
1341,1,2,1,13.312769,2.595539,0.670923,0.802831,0.664105,0.328388,0.972646,0.365089,19.867047
1342,1,2,1,10.504363,2.592314,0.551262,0.796904,0.658942,0.328037,0.963711,0.399015,16.947114
1343,1,2,1,10.438338,2.590905,0.550376,0.800117,0.666855,0.323200,0.973674,0.361243,16.857243
1344,1,2,1,10.406363,2.700492,0.556191,0.795760,0.659686,0.328868,0.975329,0.365458,16.940382
1345,1,2,1,10.567040,2.593385,0.551286,0.800843,0.765335,0.327569,0.973446,0.374099,17.108843
1346,0,2,0,13.480227,2.591366,0.550825,0.792012,0.787427,0.352904,0.980068,0.527138,20.229144
1347,1,2,1,11.967145,2.593987,0.548265,1.273969,0.794203,0.573230,0.990006,0.394750,19.302104
1348,1,2,1,10.549083,2.590714,0.551655,0.796818,0.667299,0.324019,0.974769,0.361692,16.966751
1349,1,2,1,11.188166,2.726474,0.552868,0.790535,0.667176,0.318572,0.971828,0.367594,17.739329
1350,1,2,1,10.469132,2.593594,0.680610,0.807612,0.669994,0.329170,0.961169,0.371120,17.032880
1351,0,2,0,13.443471,2.592172,0.662486,0.806277,0.667932,0.323907,0.973015,0.363735,19.986948
1352,1,2,1,10.416277,2.597157,0.553809,0.798800,0.658628,0.329009,1.076954,0.409834,16.993495
1353,1,2,1,11.546880,2.591341,0.547458,0.795237,0.656129,0.332536,0.968868,0.361157,17.953698
1354,1,2,1,10.453994,2.707563,0.553957,0.798110,0.666153,0.325797,0.973619,0.368781,17.000210
1355,1,2,1,13.341618,2.695754,0.551010,0.799662,0.659102,0.325458,0.972997,0.366640,19.864227
1356,1,2,1,13.237409,2.713348,0.547859,0.795834,0.661557,0.326757,0.968357,0.362283,19.766418
1357,1,2,1,11.051673,2.592123,0.549317,0.911188,0.673434,0.325458,0.968517,0.362425,17.586603
1358,1,2,1,11.441742,2.588836,0.543810,0.795046,0.662473,0.328831,0.966960,0.387975,17.867403
1359,1,2,1,11.008985,2.592776,0.553987,0.796092,0.662295,0.327729,0.959236,0.365064,17.417723
1360,1,2,1,10.507969,2.698203,0.549096,0.792560,0.655760,0.323883,0.963169,0.369052,17.014006
1361,0,2,0,13.452222,2.705545,0.553027,0.795649,0.662006,0.321945,0.973987,0.366585,19.986252
1362,1,2,1,13.430474,2.686572,0.553409,0.794763,0.663292,0.323096,0.968153,0.364425,19.938708
1363,1,2,1,10.669526,2.590856,0.552856,0.927422,0.674782,0.325489,0.959459,0.366099,17.220794
1364,1,2,1,10.530062,2.588006,0.547132,0.799606,0.666381,0.329305,0.971846,0.363501,16.946000
1365,1,2,1,10.636258,2.591563,0.557569,0.795126,0.664412,0.327607,0.974184,0.366776,17.061938
1366,1,2,1,11.050450,2.721015,0.548000,0.793982,0.660966,0.327680,0.960363,0.366929,17.580099
1367,1,2,1,13.198547,2.696770,0.551594,0.800000,0.663483,0.327286,0.961028,0.364172,19.714147
1368,1,2,1,11.491637,2.590486,0.552437,0.795538,0.776948,0.327926,0.977957,0.365680,18.029939
1369,1,2,1,10.554862,2.595434,0.550394,0.793446,0.663704,0.325822,0.970726,0.363877,16.969188
1370,1,2,1,11.333058,2.593969,0.540178,0.798191,0.661612,0.326037,0.971662,0.365631,17.741231
1371,1,2,1,10.487317,2.691298,0.547593,0.795132,0.660154,0.322320,0.968646,0.365920,16.991545
1372,1,2,1,13.324129,2.708634,0.552868,0.795145,0.663027,0.324203,0.975864,0.363440,19.858006
1373,1,2,1,11.561249,2.595717,0.550062,0.793077,0.789587,0.328732,0.971827,0.368517,18.115298
1374,1,2,1,10.526061,2.592025,0.551127,0.794597,0.660326,0.327133,0.973902,0.364369,16.941458
1375,1,2,1,11.635267,2.589489,0.547280,0.796960,0.666511,0.327027,0.969145,0.363256,18.048671
1376,1,2,1,10.911754,2.716222,0.554049,0.794972,0.658130,0.324178,0.960412,0.361090,17.435373
1377,1,2,1,10.522886,2.592320,0.549963,0.791471,0.775329,0.327249,0.972874,0.363907,17.048320
1378,1,2,1,13.374818,2.595582,0.548554,0.797176,0.778818,0.328375,0.975434,0.365790,19.916461
1379,0,2,0,13.532258,2.593508,0.550455,0.794978,0.795926,0.327022,0.972584,0.366541,20.088043
1380,1,2,1,11.714560,2.592652,0.547396,0.793760,0.663994,0.328695,0.977379,0.387409,18.156813
1381,1,2,1,11.311422,2.595723,0.546579,0.795988,0.656695,0.324831,0.973877,0.366899,17.722123
1382,1,2,1,10.947206,2.691231,0.552345,0.796172,0.662111,0.326382,0.961576,0.362117,17.450486
1383,1,2,1,13.334880,2.707250,0.551661,0.795096,0.662320,0.326313,0.972430,0.365914,19.868258
1384,1,2,1,13.024775,2.689471,0.550855,0.796326,0.662769,0.326511,0.963914,0.361723,19.528412
1385,1,2,1,9.140283,2.596357,0.553938,0.796966,0.666800,0.325569,0.973637,0.401680,15.609391
1386,1,2,1,10.406117,2.594345,0.550739,0.801576,0.656222,0.327446,0.973970,0.363015,16.825477
1387,1,2,1,10.436314,2.701101,0.548701,0.797686,0.655865,0.329926,0.972018,0.366135,16.959003
1388,1,2,1,10.859108,2.596776,0.547889,0.792652,0.772880,0.326191,0.969846,0.369483,17.389624
1389,1,2,1,11.050055,2.594936,0.548862,0.794831,0.664831,0.327674,0.969883,0.365022,17.466776
1390,1,2,0,13.528394,2.594775,0.546763,0.792917,0.659821,0.325969,0.973440,0.361336,19.932628
1391,1,2,1,10.518603,2.595071,0.552739,0.798843,0.668252,0.327120,0.971046,0.361932,16.945132
1392,1,2,1,10.977428,2.693680,0.549619,0.794837,0.656326,0.323465,0.961071,0.366898,17.472159
1393,1,2,1,11.053434,2.591551,0.547527,0.791686,0.783483,0.329754,0.973034,0.369840,17.595550
1394,1,2,1,13.083262,2.590701,0.548511,0.795957,0.663822,0.448966,0.974911,0.370904,19.627273
1395,0,2,0,13.335907,2.590609,0.550991,0.792634,0.661397,0.439569,0.977342,0.377631,19.883846
1396,1,2,1,11.286301,2.590129,0.551723,0.794738,0.663053,0.330259,0.973847,0.365477,17.707655
1397,1,2,1,12.049976,2.592812,0.542548,0.791981,0.662807,0.333101,0.969471,0.369126,18.463286
1398,1,2,1,11.062659,2.686627,0.547452,0.793957,0.664991,0.328265,0.961957,0.367969,17.567421
1399,1,2,1,10.487459,2.593218,0.548702,0.916899,0.669662,0.329065,0.971256,0.364197,17.033717
1400,0,2,0,13.618690,2.587619,0.549095,0.906228,0.663243,0.325557,0.961853,0.363397,20.125926
1401,1,2,1,10.478615,2.595433,0.543286,0.789827,0.658376,0.323760,0.972456,0.364271,16.878947
1402,1,2,1,10.466905,2.593563,0.544425,0.797016,0.662836,0.327194,0.973858,0.361532,16.876474
1403,1,2,1,13.425760,2.593428,0.550579,0.791723,0.667452,0.323784,0.972553,0.366843,19.843784
1404,0,2,0,13.622597,2.591624,0.550634,0.793064,0.661704,0.325514,0.972419,0.366929,20.035427
1405,1,2,1,10.459206,2.591914,0.767496,0.798123,0.659298,0.321304,0.972338,0.362917,17.082800
1406,1,2,1,10.449274,2.589335,0.551778,0.798240,0.660579,0.322382,0.972831,0.396480,16.890154
1407,1,2,1,13.314320,2.589514,0.547797,0.797951,0.667772,0.325071,0.966991,0.398117,19.764708
1408,1,2,1,10.427606,2.597132,0.544590,0.794898,0.660769,0.328123,0.963760,0.365034,16.832043
1409,1,2,1,10.424843,2.719988,0.553533,0.796911,0.668302,0.325372,0.967538,0.367704,16.978105
1410,0,2,0,13.640782,2.695403,0.549452,0.793944,0.662689,0.324825,0.972548,0.362579,20.152751
1411,1,2,1,10.571046,2.591729,0.540271,0.795458,0.769827,0.330092,0.965501,0.359981,17.078664
1412,0,2,0,13.381034,2.589889,0.555268,0.800812,0.788437,0.327434,0.973459,0.367102,19.937059
1413,1,2,1,11.307084,2.590967,0.555876,0.799988,0.661803,0.331237,0.973249,0.367305,17.738351
1414,1,2,1,11.416585,2.593871,0.543458,0.792763,0.661545,0.321613,0.974289,0.367711,17.822123
1415,0,2,0,13.797563,2.595600,0.547200,0.794646,0.661145,0.326363,0.970603,0.366160,20.213858
1416,1,2,1,13.498523,2.590554,0.556437,0.791317,0.663292,0.323292,0.959587,0.363250,19.896597
1417,1,2,1,10.434246,2.694431,0.554400,0.791550,0.662628,0.327384,0.967489,0.363249,16.947163
1418,1,2,1,10.417016,2.589951,0.552425,0.800701,0.757575,0.333895,0.971988,0.371680,16.958911
1419,1,2,1,10.404117,2.589951,0.546369,0.791127,0.664376,0.325396,0.974178,0.366148,16.812726
1420,1,2,1,10.480044,2.705385,0.551877,0.803262,0.660585,0.328388,0.974333,0.365335,17.020616
1421,1,2,1,13.286702,2.696960,0.553576,0.796726,0.663477,0.320338,0.973557,0.367495,19.810086
1422,1,2,1,11.027822,2.589440,0.662437,0.807729,0.663883,0.328154,0.961304,0.366985,17.558824
1423,1,2,1,10.535404,2.592425,0.548714,0.797747,0.658185,0.322142,0.972720,0.478117,17.059859
1424,1,2,1,10.416228,2.596763,0.550339,0.798141,0.664782,0.320628,0.958788,0.364825,16.819323
1425,1,2,1,12.984062,2.596960,0.547969,0.801692,0.659717,0.330948,0.971292,0.368099,19.415994
1426,1,2,1,10.454375,2.593551,0.669034,0.794394,0.661471,0.328135,0.970449,0.367520,16.990985
1427,1,2,1,13.350493,2.593034,0.684203,0.802487,0.663624,0.321643,0.965046,0.361476,19.896000
1428,1,2,1,12.472597,2.593920,0.552172,0.911477,0.679606,0.324480,0.972941,0.363058,19.023803
1429,0,2,0,13.643508,2.594135,0.549710,0.911157,0.672727,0.322450,0.974486,0.361976,20.183624
1430,1,2,1,11.240517,2.590615,0.548431,0.804492,0.662055,0.329373,0.971397,0.398320,17.699526
1431,1,2,1,11.265545,2.594985,0.552350,0.807372,0.664486,0.322615,0.971163,0.364227,17.694253
1432,1,2,1,10.581896,2.725354,0.555840,0.798782,0.659686,0.326573,0.974782,0.366382,17.141864
1433,1,2,1,13.340708,2.698320,0.556794,0.797064,0.662364,0.329858,0.971151,0.364825,19.874880
1434,1,2,1,10.526154,2.592480,0.543342,0.897674,0.664541,0.321317,0.972966,0.364603,17.034665
1435,1,2,1,13.357261,2.595311,0.551938,0.922696,0.669028,0.325865,0.972744,0.365034,19.916265
1436,1,2,1,13.303631,2.591316,0.550018,0.911150,0.668252,0.323736,0.972530,0.368806,19.840874
1437,1,2,1,10.540394,2.590037,0.547686,0.795379,0.661852,0.322443,0.970166,0.365194,16.945588
1438,1,2,1,9.132413,2.722972,0.552246,0.797156,0.662511,0.325760,0.962480,0.359373,15.666536
1439,1,2,1,12.749261,2.692714,0.554498,0.796708,0.667163,0.326430,0.971336,0.361803,19.274499
1440,1,2,1,10.422363,2.590572,0.547809,0.792252,0.663015,0.343501,0.963415,0.371883,16.940455
1441,1,2,1,13.293366,2.596320,0.545994,0.792086,0.662270,0.427698,0.975465,0.375225,19.820714
1442,1,2,1,11.327587,2.591157,0.546148,0.803360,0.662369,0.327133,0.962166,0.365576,17.736597
1443,0,2,0,13.312289,2.593600,0.553286,0.793489,0.660462,0.328960,0.971378,0.362381,19.728572
1444,0,2,0,13.579305,2.587631,0.550566,0.795907,0.662142,0.328413,0.961514,0.364172,19.983224
1445,1,2,1,10.984499,2.594603,0.546345,0.796184,0.662480,0.326492,0.972615,0.365206,17.400474
1446,1,2,1,11.291348,2.696726,0.547871,0.796499,0.665810,0.329367,0.961157,0.364252,17.807065
1447,1,2,1,12.145692,2.592141,0.648345,0.809250,0.669028,0.327009,0.972744,0.365501,18.682393
1448,0,2,1,13.454320,2.593323,0.667889,0.800240,0.668104,0.326437,0.959151,0.364615,19.983858
1449,1,2,1,10.570333,2.595600,0.551422,0.795896,0.662916,0.320369,0.977927,0.384892,17.014307
1450,0,2,1,14.084147,2.590597,0.550517,0.794911,0.663779,0.330394,0.966203,0.387028,20.519218
1451,1,2,1,13.375477,2.594166,0.543028,0.797015,0.659791,0.323846,0.966806,0.387859,19.800339
1452,1,2,1,10.394314,2.591175,0.545207,0.791286,0.661390,0.329576,0.972953,0.363298,16.800683
1453,0,2,0,13.574677,2.595298,0.543742,0.793766,0.661680,0.325064,0.974000,0.361280,19.980486
1454,1,2,1,10.458289,2.712788,0.552573,0.797403,0.663840,0.324142,0.961600,0.365157,16.987095
1455,1,2,1,11.312535,2.596087,0.551508,0.912135,0.674584,0.325790,0.976911,0.365298,17.869538
1456,1,2,1,10.553415,2.591175,0.549698,0.800935,0.663766,0.325649,0.962708,0.365458,16.964769
1457,1,2,1,11.327403,2.595206,0.558037,0.792363,0.662910,0.327047,0.973539,0.365287,17.751692
1458,1,2,1,10.472788,2.727095,0.549803,0.800603,0.657956,0.328093,0.973452,0.367625,17.029188
1459,0,2,0,13.594141,2.691871,0.549944,0.796105,0.663138,0.323262,0.973182,0.364332,20.111637
1460,0,2,0,13.629710,2.698997,0.550376,0.804098,0.660443,0.326787,0.969046,0.364984,20.154129
1461,0,2,0,13.068271,2.717643,0.552603,0.793945,0.665779,0.326523,0.971114,0.366406,19.615797
1462,1,2,1,13.390061,2.694320,0.554924,0.798240,0.660154,0.322277,0.974991,0.366523,19.914683
1463,1,2,1,11.385151,2.597840,0.555896,0.909507,0.670837,0.323957,0.971311,0.363693,17.931926
1464,0,2,0,13.392604,2.590954,0.549218,0.923711,0.670904,0.326628,0.960142,0.361083,19.928387
1465,0,2,0,13.599071,2.592584,0.546092,0.913286,0.668775,0.326012,0.971150,0.366899,20.136603
1466,1,2,1,10.448800,2.588431,0.544591,0.795637,0.663434,0.326597,0.972468,0.361076,16.853988
1467,1,2,1,10.565458,2.594658,0.546104,0.799027,0.659016,0.324609,0.972013,0.364326,16.975982
1468,0,2,0,13.393569,2.591920,0.549926,0.793206,0.668584,0.321797,0.963452,0.369970,19.804221
1469,1,2,1,13.461938,2.595569,0.545926,0.800763,0.658394,0.327089,0.974867,0.364474,19.877501
1470,1,2,1,11.263834,2.817576,0.551969,0.791797,0.659108,0.319877,0.960110,0.361748,17.881748
1471,1,2,1,10.531816,2.591403,0.549987,0.797618,0.665735,0.354954,0.978609,0.367735,17.079544
1472,1,2,1,10.439754,2.589594,0.547939,0.790720,0.665846,0.322757,0.972794,0.364437,16.842289
1473,1,2,1,12.251440,2.591218,0.550326,0.801323,0.662344,0.326203,0.972991,0.366320,18.676117
1474,1,2,1,13.382609,2.594382,0.553009,0.794376,0.665145,0.327274,0.972708,0.360991,19.800616
1475,1,2,1,12.866295,2.593600,0.549384,0.797231,0.668203,0.330849,0.970443,0.362253,19.288511
1476,1,2,1,11.893459,2.695858,0.547329,0.790573,0.662579,0.322997,0.973157,0.363704,18.400954
1477,1,2,1,11.004031,2.592419,0.552960,0.919403,0.676320,0.329926,0.971550,0.361028,17.562406
1478,1,2,1,10.429421,2.589514,0.547483,0.799139,0.661674,0.325403,0.959822,0.360301,16.820634
1479,1,2,1,10.566264,2.600972,0.547975,0.790788,0.661434,0.323612,0.972573,0.363551,16.985889
1480,1,2,1,10.388450,2.593206,0.676898,0.790394,0.660984,0.325729,0.959132,0.363766,16.911397
1481,1,2,1,13.344394,2.593582,0.678750,0.803298,0.670474,0.322228,0.970148,0.364178,19.900966
1482,0,2,0,13.209107,2.592400,0.648178,0.807975,0.668941,0.324972,0.972573,0.362061,19.740689
1483,1,2,0,13.449354,2.589274,0.654868,0.806210,0.669015,0.326050,0.973034,0.359390,19.981452
1484,1,2,1,10.861550,2.592031,0.546578,0.791317,0.666806,0.326073,0.967704,0.400283,17.305778
1485,1,2,1,12.929933,2.594240,0.550357,0.797490,0.667065,0.325422,0.971809,0.481230,19.466468
1486,1,2,1,13.383114,2.592098,0.549434,0.794394,0.659206,0.326431,0.967206,0.484419,19.908850
1487,0,2,0,13.177206,2.592246,0.546972,0.799200,0.666898,0.327323,0.974781,0.362948,19.601625
1488,1,2,1,10.530929,2.592474,0.545778,0.795108,0.665785,0.328221,0.972671,0.366437,16.949323
1489,1,2,0,13.403329,2.595828,0.550283,0.791926,0.663975,0.327181,0.968418,0.364911,19.817409
1490,1,2,1,10.531311,2.712732,0.550455,0.793853,0.663182,0.325741,0.967329,0.364449,17.062301
1491,1,2,1,11.586535,2.593101,0.545723,0.799366,0.778665,0.328007,0.974880,0.367520,18.123803
1492,1,2,1,13.404437,2.588664,0.548265,0.798179,0.769766,0.324357,0.975760,0.368720,19.933852
1493,1,2,0,13.304659,2.595693,0.551255,0.797077,0.807267,0.325526,0.968911,0.365563,19.871452
1494,1,2,1,13.262062,2.589071,0.549575,0.795643,0.772363,0.332541,0.965243,0.367459,19.785181
1495,1,2,1,10.996708,2.596714,0.544757,0.796677,0.663902,0.329354,0.970683,0.367077,17.414529
1496,1,2,1,13.017397,2.596393,0.542701,0.791600,0.658849,0.328320,0.960640,0.364831,19.409950
1497,1,2,1,10.414264,2.716880,0.549496,0.792837,0.658295,0.325772,0.974363,0.362726,16.947846
1498,1,2,1,11.462216,2.697028,0.548954,0.792855,0.660720,0.326658,0.972535,0.365182,17.976671
1499,1,2,1,10.518240,2.590929,0.548880,0.794468,0.665508,0.326142,0.967089,0.394923,16.961212
1500,1,2,0,13.440960,2.591028,0.548535,0.799360,0.663034,0.327969,0.972744,0.402567,19.897790
1501,1,2,1,10.426455,2.596917,0.798258,0.909034,0.801748,0.406221,0.989606,0.432603,17.557877
1502,1,2,1,12.150142,2.588874,0.550289,0.800123,0.666480,0.329040,0.976652,0.362443,18.572886
1503,1,2,1,13.499090,2.592541,0.552141,0.798062,0.658554,0.324769,0.972923,0.365170,19.916739
1504,1,2,1,13.417422,2.593274,0.548074,0.791827,0.656800,0.322646,0.959520,0.359673,19.798861
1505,1,2,1,13.426794,2.596523,0.551821,0.805169,0.662333,0.324665,0.972080,0.365139,19.856013
1506,1,2,1,13.406948,2.596080,0.549046,0.798487,0.661883,0.324874,0.971262,0.366000,19.826332
1507,1,2,1,13.236646,2.602843,0.545747,0.798529,0.658172,0.325261,0.971317,0.367280,19.662745
1508,1,2,1,12.579311,2.690443,0.548603,0.795490,0.663606,0.323194,0.968541,0.370781,19.092099
1509,1,2,1,10.905347,2.593501,0.550621,0.936548,0.673797,0.326080,0.971550,0.363009,17.473459
1510,1,2,1,12.214117,2.593889,0.546972,0.796628,0.772880,0.326634,0.974308,0.365145,18.744493
1511,1,2,1,11.549286,2.592880,0.548954,0.800874,0.660450,0.325021,0.972474,0.464086,18.066843
1512,1,2,1,13.070800,2.594462,0.548862,0.794142,0.664818,0.326640,0.962505,0.364412,19.477495
1513,0,2,0,13.687859,2.597452,0.545317,0.791465,0.659748,0.322277,0.972788,0.365126,20.094172
1514,1,2,1,10.525120,2.592468,0.545003,0.792541,0.664166,0.327231,0.974425,0.362098,16.931871
1515,0,2,1,11.786400,2.698302,0.552418,0.795649,0.665323,0.328467,0.970948,0.360209,18.308277
1516,1,2,1,11.357397,2.592197,0.549293,0.910812,0.671243,0.326234,0.976308,0.363939,17.900369
1517,1,2,1,11.533754,2.591483,0.550375,0.805877,0.661662,0.328240,0.969341,0.399815,17.997951
1518,1,2,1,11.587280,2.591858,0.544646,0.798179,0.661040,0.324714,0.959021,0.360516,17.976652
1519,1,2,1,13.411465,2.591606,0.552418,0.793114,0.661262,0.327311,0.972339,0.361317,19.822824
1520,1,2,1,10.436739,2.698702,0.544985,0.795255,0.663570,0.327624,0.960664,0.365360,16.944098
1521,1,2,1,11.410819,2.682467,0.555988,0.797754,0.661243,0.325501,0.959268,0.366948,17.912068
1522,1,2,1,10.433705,2.593489,0.551212,0.797637,0.662259,0.328542,0.968136,0.403564,16.890339
1523,0,2,0,13.421120,2.592179,0.550357,0.795410,0.663101,0.329261,0.973760,0.402179,19.884806
1524,0,2,0,13.594455,2.592818,0.555280,0.790837,0.663434,0.325237,0.972019,0.403360,20.049034
1525,0,2,0,12.754209,2.627809,0.549144,0.796474,0.660357,0.320067,1.037686,0.402941,19.305828
1526,1,2,1,10.494037,2.594560,0.550338,0.793170,0.658751,0.324646,0.961391,0.367600,16.894400
1527,1,2,1,10.473914,2.696111,0.557858,0.796824,0.661464,0.326517,0.970732,0.366326,17.003206
1528,1,2,1,11.273606,2.592634,0.541908,0.798775,0.775741,0.321502,0.974221,0.365846,17.799305
1529,1,2,1,10.155760,2.597120,0.544621,0.790252,0.666277,0.327803,0.972098,0.363631,16.565108
1530,1,2,1,10.471268,2.702720,0.551551,0.796178,0.660720,0.323852,0.969945,0.366277,16.996308
1531,1,2,1,13.023520,2.683827,0.554142,0.787951,0.666006,0.326370,0.971926,0.360597,19.526831
1532,1,2,1,10.486978,2.596862,0.551785,0.932782,0.665286,0.325840,0.973157,0.363902,17.048179
1533,0,2,0,13.508677,2.592443,0.549637,0.915323,0.674338,0.324099,0.968234,0.363687,20.050973
1534,1,2,1,13.503753,2.591957,0.555563,0.907810,0.673033,0.323434,0.975397,0.364166,20.048573
1535,0,2,0,13.497397,2.594320,0.551502,0.947766,0.669803,0.325649,0.970634,0.359397,20.071914
1536,0,2,0,13.280536,2.593809,0.547532,0.910068,0.671803,0.324172,0.975126,0.362104,19.817556
1537,1,2,1,10.430080,2.595421,0.546178,0.792301,0.666068,0.327932,0.972037,0.365834,16.845569
1538,0,2,0,13.554677,2.592831,0.551876,0.795373,0.665748,0.326788,0.970388,0.471643,20.084492
1539,1,2,1,11.586111,2.665871,0.633736,0.893255,0.805760,0.369390,0.989237,0.500997,18.628627
1540,1,2,1,13.995736,2.677206,0.647711,0.902486,0.802160,0.378093,0.976117,0.492621,21.054376
1541,1,2,1,11.107631,2.656510,0.609150,0.879366,0.808677,0.388585,0.986960,0.525502,18.154837
1542,1,2,1,13.454547,2.671453,0.607330,0.891668,0.795410,0.316775,0.961508,0.365046,20.232234
1543,1,2,0,13.577194,2.599520,0.548252,0.793797,0.663102,0.321551,0.971687,0.362086,19.990031
1544,1,2,1,10.480462,2.717624,0.555440,0.799409,0.663668,0.320455,0.957447,0.366695,17.012652
1545,1,2,1,10.464351,2.600616,0.552099,0.948770,0.678314,0.325261,0.976850,0.362154,17.060387
1546,1,2,1,9.125102,2.591348,0.550179,0.794837,0.662831,0.331754,0.973292,0.368677,15.547064
1547,1,2,1,10.513655,2.702979,0.552720,0.798505,0.658535,0.328683,0.974320,0.367834,17.048572
1548,1,2,1,13.334369,2.718443,0.553101,0.790701,0.660289,0.324886,0.974117,0.362259,19.872000
1549,1,2,1,10.164769,2.598209,0.548302,0.799704,0.777286,0.329846,0.973255,0.365329,16.713409
1550,1,2,1,13.278936,2.589956,0.545570,0.795207,0.875847,0.328991,0.975403,0.370763,19.912191
1551,1,2,1,10.777224,2.590812,0.547655,0.805385,0.665662,0.323951,0.968763,0.363280,17.194394
1552,1,2,1,10.400726,2.712105,0.555427,0.787969,0.660437,0.325920,0.974197,0.363446,16.931594
1553,1,2,1,13.341791,2.693330,0.548720,0.797391,0.662548,0.322037,0.970702,0.362572,19.852511
1554,0,2,1,13.239815,2.692511,0.558991,0.800738,0.660148,0.324597,0.973379,0.365415,19.765840
1555,1,2,1,13.311028,2.688727,0.549188,0.798947,0.666622,0.324917,0.974271,0.364167,19.832468
1556,1,2,1,10.436954,2.590154,0.550954,0.933951,0.670701,0.323821,0.971790,0.367895,16.999982
1557,1,2,1,11.513815,2.592160,0.554917,0.797791,0.658178,0.324997,0.974246,0.395975,17.966769
1558,0,2,0,13.374449,2.590701,0.550055,0.796461,0.663299,0.329957,0.973077,0.395994,19.826628
1559,1,2,1,14.115471,2.593021,0.550868,0.801175,0.661151,0.435704,0.976886,0.370991,20.658154
1560,1,2,1,11.069865,2.590818,0.547957,0.794505,0.662419,0.326240,0.956751,0.363982,17.461101
1561,1,2,1,13.469600,2.592720,0.554529,0.789717,0.666646,0.323649,0.971662,0.369655,19.892166
1562,0,2,0,13.390129,2.592393,0.547932,0.790702,0.665957,0.329600,0.971169,0.366259,19.805286
1563,1,2,1,11.092720,2.592110,0.552499,0.798910,0.662948,0.324584,0.972787,0.360486,17.507311
1564,1,2,1,13.374843,2.609397,0.551157,0.790604,0.664585,0.328437,0.960757,0.364221,19.796037
1565,1,2,1,10.486886,2.592080,0.653151,0.800942,0.665151,0.327987,0.970049,0.365144,17.016025
1566,1,2,1,11.287360,2.591471,0.547194,0.796911,0.660923,0.417089,0.976154,0.383705,17.812117
1567,0,2,0,13.684473,2.591415,0.550160,0.793944,0.666794,0.442013,0.973810,0.369040,20.227785
1568,1,2,1,13.358929,2.589335,0.549286,0.796074,0.663311,0.418868,0.963895,0.375649,19.863428
1569,1,2,1,13.428258,2.594812,0.548505,0.799200,0.660302,0.420887,0.976375,0.369391,19.947520
1570,1,2,1,13.469409,2.592240,0.547145,0.795316,0.662572,0.441434,0.975569,0.368074,20.001735
1571,1,2,1,10.453797,2.594111,0.542770,0.792142,0.664566,0.323870,0.972381,0.359373,16.852542
1572,1,2,1,13.422301,2.593219,0.545969,0.799286,0.664019,0.316874,0.967932,0.367976,19.826830
1573,0,2,0,14.090572,2.593533,0.551089,0.796173,0.664172,0.328025,0.972751,0.366782,20.518117
1574,1,2,1,11.348880,2.589840,0.553551,0.797132,0.658745,0.328720,0.962412,0.366972,17.757994
1575,1,2,1,13.420781,2.594400,0.548190,0.795840,0.664406,0.325760,0.968326,0.364757,19.835427
1576,1,2,1,12.788585,2.696683,0.550572,0.799237,0.662634,0.322819,0.964222,0.369532,19.308308
1577,1,2,1,10.491883,2.596369,0.542727,0.913784,0.671145,0.328154,0.972720,0.360886,17.031889
1578,1,2,1,13.201410,2.592665,0.555280,0.918363,0.665520,0.323754,0.971317,0.367791,19.748880
1579,1,2,1,10.585126,2.603593,0.544830,0.797476,0.661600,0.323163,0.973427,0.461311,17.104529
1580,1,2,1,13.116603,2.599496,0.549329,0.793613,0.658215,0.322370,0.972043,0.368369,19.525890
1581,1,2,1,13.388462,2.600695,0.544646,0.794745,0.663224,0.326129,0.974492,0.359342,19.803163
1582,1,2,1,10.669704,2.595261,0.545323,0.797157,0.662609,0.323267,0.976874,0.362123,17.081693
1583,1,2,1,10.971305,2.723710,0.552763,0.798203,0.661945,0.322929,0.971163,0.364024,17.518443
1584,0,2,0,13.470899,2.687520,0.552369,0.797230,0.662505,0.326806,0.963040,0.365667,19.976203
1585,1,2,1,12.533317,2.592105,0.663790,0.800689,0.664308,0.327753,0.973796,0.365329,19.073606
1586,1,2,1,10.990467,2.588652,0.552000,0.800585,0.663895,0.323219,0.964819,0.397409,17.433785
1587,1,2,1,11.055815,2.597120,0.545144,0.802363,0.657255,0.327083,0.974658,0.361699,17.472726
1588,1,2,1,11.520357,2.594240,0.544984,0.790880,0.665902,0.330751,0.971064,0.362579,17.930338
1589,1,2,1,13.119483,2.693058,0.549920,0.798566,0.662948,0.326603,0.972363,0.369187,19.644640
1590,1,2,1,9.201347,2.586794,0.548806,0.802524,0.779803,0.328905,0.960745,0.362135,15.723187
1591,1,2,1,13.338141,2.592917,0.548991,0.795046,0.771785,0.325551,0.969342,0.365539,19.862055
1592,1,2,1,10.419138,2.596117,0.550338,0.796178,0.666819,0.328683,0.965526,0.368197,16.840843
1593,0,2,0,13.704117,2.597298,0.552726,0.799390,0.657501,0.325668,0.970782,0.365797,20.123975
1594,1,2,1,13.361932,2.593385,0.548671,0.795625,0.663378,0.327003,0.972350,0.359650,19.775704
1595,1,2,1,14.314646,2.591213,0.555840,0.799828,0.659840,0.326720,0.966105,0.359803,20.723292
1596,1,2,1,13.440419,2.588055,0.551483,0.800997,0.662812,0.328664,0.973951,0.366763,19.862443
1597,1,2,1,11.385790,2.595563,0.547323,0.795101,0.658978,0.326246,0.971058,0.366443,17.798006
1598,1,2,1,13.351336,2.595988,0.545132,0.791250,0.659853,0.325680,0.960880,0.364253,19.743280
1599,1,2,1,11.047323,2.725994,0.544320,0.796007,0.661299,0.322536,0.975945,0.368394,17.591680
1600,1,2,1,11.300622,2.588714,0.555169,0.909631,0.670751,0.325157,0.958074,0.363127,17.826203
1601,0,2,0,13.335692,2.594067,0.542640,0.923471,0.674985,0.326185,0.973305,0.362191,19.886726
1602,1,2,1,10.410517,2.594412,0.545859,0.802382,0.659631,0.324443,0.975335,0.360246,16.821581
1603,1,2,1,10.626468,2.586954,0.552148,0.801311,0.667231,0.328990,0.972763,0.364713,17.054129
1604,1,2,1,13.360117,2.594935,0.547889,0.800167,0.664142,0.326178,0.970547,0.366850,19.777895
1605,1,2,1,10.431353,2.595692,0.653458,0.797588,0.667132,0.325674,0.972523,0.364468,16.957723
1606,1,2,1,11.222628,2.587710,0.549914,0.790819,0.665465,0.414844,0.965114,0.383545,17.733662
1607,1,2,1,10.440320,2.596264,0.549268,0.795889,0.666412,0.326258,0.969668,0.360935,16.856658
1608,1,2,1,11.177865,2.697550,0.552271,0.801366,0.656221,0.323477,0.973772,0.365132,17.699280
1609,1,2,1,11.158289,2.592123,0.692806,0.799477,0.667828,0.325095,0.975348,0.363501,17.725089
1610,0,2,0,13.460917,2.694037,0.554910,0.800603,0.660142,0.328763,0.971378,0.364572,19.985083
1611,1,2,1,10.495939,2.589766,0.551495,0.798271,0.662019,0.323003,0.970695,0.401926,16.946468
1612,1,2,1,11.055994,2.595261,0.546480,0.799360,0.667101,0.327403,0.969520,0.363046,17.477760
1613,1,2,1,12.538738,2.590043,0.548271,0.794486,0.664154,0.326560,0.974160,0.363206,18.952320
1614,1,2,1,10.431299,2.718111,0.553828,0.791262,0.662400,0.331637,0.960308,0.365902,16.967975
1615,1,2,1,10.578443,2.594024,0.551557,0.795003,0.660714,0.441348,0.978412,0.373932,17.124880
1616,1,2,1,10.502443,2.586738,0.542978,0.800953,0.662295,0.321674,0.961797,0.365077,16.892068
1617,1,2,1,11.620480,2.592775,0.549828,0.804498,0.667570,0.326019,0.969348,0.365570,18.050117
1618,1,2,1,13.355741,2.594683,0.551157,0.791495,0.662160,0.324991,0.972542,0.362769,19.769034
1619,1,2,1,13.401649,2.604092,0.548443,0.797772,0.662942,0.326492,0.969982,0.360073,19.829729
1620,1,2,1,11.498886,2.696055,0.550400,0.796960,0.667495,0.326936,0.974548,0.366911,18.032394
1621,0,2,0,13.437631,2.702954,0.551354,0.800788,0.666271,0.328511,0.971385,0.361151,19.975631
1622,1,2,1,10.519569,2.588443,0.548850,0.801852,0.660516,0.437145,0.962904,0.375865,17.045994
1623,1,2,1,11.009662,2.593114,0.544628,0.797034,0.667138,0.322788,0.961846,0.365668,17.412080
1624,0,2,1,13.106849,2.590190,0.548861,0.792769,0.660683,0.329593,0.973280,0.368056,19.522437
1625,1,2,1,13.106825,2.595748,0.546332,0.798738,0.664185,0.324812,0.969987,0.367427,19.524831
1626,1,2,1,13.531747,2.589144,0.551637,0.789987,0.662283,0.326616,0.969575,0.367600,19.939083
1627,1,2,1,13.208018,2.591059,0.549477,0.798573,0.661157,0.323372,0.976234,0.366744,19.626578
1628,1,2,1,13.284215,2.599194,0.546714,0.797366,0.664769,0.325772,0.974110,0.360233,19.701397
1629,1,2,1,10.467409,2.689526,0.548222,0.804049,0.659378,0.323612,0.968603,0.360689,16.974517
1630,1,2,1,10.971594,2.590984,0.553058,0.795748,0.778018,0.325588,0.978406,0.368191,17.514769
1631,1,2,1,11.597175,2.593200,0.546228,0.799243,0.663335,0.325711,0.975847,0.398732,18.055587
1632,1,2,1,10.547101,2.589452,0.553274,0.791730,0.658437,0.323421,0.960184,0.361760,16.937951
1633,1,2,1,10.520978,2.696277,0.555760,0.794197,0.661071,0.331058,0.971065,0.363797,17.046080
1634,1,2,1,10.412738,2.594104,0.554142,0.798209,0.658653,0.413926,0.971047,0.371588,16.924843
1635,1,2,1,10.531938,2.591970,0.549311,0.804824,0.664043,0.324388,0.972997,0.363569,16.956265
1636,1,2,1,10.496954,2.703834,0.555015,0.795803,0.657606,0.325255,0.968511,0.362997,17.017409
1637,1,2,1,13.393581,2.700861,0.547520,0.800080,0.664430,0.324357,0.975625,0.364388,19.923077
1638,1,2,1,13.291231,2.795379,0.554160,0.798936,0.660609,0.321046,0.976972,0.361877,19.913815
1639,1,2,1,13.216652,2.686007,0.551840,0.802412,0.663225,0.323944,0.972240,0.360357,19.731434
1640,1,2,1,10.509163,2.587335,0.551514,0.895052,0.677108,0.325428,0.960166,0.365089,17.026393
1641,1,2,1,13.288855,2.595858,0.549797,0.797594,0.788265,0.328234,0.977101,0.363299,19.845736
1642,0,2,0,13.617612,2.591175,0.545021,0.915551,0.677644,0.330499,0.973354,0.363200,20.168209
1643,1,2,1,13.801520,2.587231,0.553502,0.918413,0.672191,0.321784,0.967539,0.359951,20.336166
1644,1,2,1,10.495452,2.591207,0.549994,0.794831,0.666874,0.329428,0.973704,0.461902,17.015569
1645,1,2,1,13.351570,2.594308,0.547908,0.794474,0.662781,0.326492,0.969612,0.438911,19.848240
1646,1,2,1,11.061206,2.589704,0.541821,0.802375,0.661342,0.326935,0.975335,0.362068,17.470615
1647,0,2,0,13.293600,2.591834,0.551156,0.797367,0.664246,0.322578,0.977489,0.366068,19.713895
1648,1,2,1,13.640880,2.589495,0.547298,0.793034,0.663311,0.329858,0.962567,0.362375,20.040056
1649,1,2,1,11.480978,2.701354,0.547150,0.798634,0.665871,0.326788,0.972978,0.362283,18.011582
1650,1,2,1,9.220972,2.590837,0.547157,0.790880,0.663956,0.325674,0.961354,0.386363,15.637963
1651,1,2,1,13.269890,2.592973,0.552356,0.802056,0.660948,0.326456,0.970899,0.392702,19.720431
1652,1,2,1,10.385853,2.593754,0.550726,0.797532,0.664646,0.323840,0.971643,0.365618,16.807170
1653,1,2,1,11.304314,2.708467,0.554554,0.799286,0.663859,0.326887,0.971366,0.367200,17.848701
1654,0,2,0,13.588511,2.686856,0.556246,0.794302,0.660591,0.322591,0.960744,0.361305,20.085674
1655,0,2,0,13.588554,2.703920,0.552290,0.796899,0.664554,0.323944,0.968806,0.363243,20.114560
1656,1,2,0,9.173225,2.589582,0.550160,0.791815,0.762714,0.334929,0.960296,0.370381,15.696690
1657,1,2,1,10.532178,2.593926,0.551871,0.799581,0.662720,0.323200,0.973403,0.361508,16.951243
1658,1,2,1,10.483003,2.724246,0.548665,0.798566,0.664603,0.323403,0.968745,0.363883,17.024160
1659,1,2,1,10.475895,2.592104,0.550499,0.910769,0.672862,0.324837,0.970474,0.362880,17.012647
1660,1,2,1,11.139015,2.593409,0.540887,0.792683,0.660061,0.323385,0.968880,0.385526,17.559175
1661,1,2,1,10.456529,2.592080,0.544093,0.792246,0.666757,0.324695,0.959311,0.360369,16.849360
1662,0,2,0,13.123255,2.594172,0.554289,0.794062,0.662819,0.327409,0.973526,0.369021,19.550498
1663,1,2,1,9.167772,2.591194,0.551366,0.920665,0.674455,0.321772,0.975434,0.362055,15.721656
1664,1,2,1,10.444240,2.587483,0.544861,0.805182,0.660819,0.323883,0.960677,0.364523,16.842819
1665,1,2,1,10.720147,2.595305,0.547840,0.803889,0.659108,0.323526,0.971883,0.362991,17.138382
1666,1,2,0,11.753311,2.696923,0.559108,0.792289,0.663409,0.323649,0.968597,0.366283,18.275791
1667,1,2,1,13.292074,2.694363,0.552535,0.802320,0.665914,0.321452,0.973489,0.365206,19.821674
1668,1,2,1,13.349360,2.715083,0.553539,0.793778,0.655742,0.328431,0.973624,0.362049,19.885994
1669,1,2,1,13.441188,2.694800,0.559520,0.795293,0.661034,0.323544,0.972584,0.367625,19.967723
1670,1,2,1,11.914794,2.596893,0.641816,0.798449,0.661268,0.321908,0.962376,0.363145,18.408050
1671,1,2,1,10.474123,2.593840,0.545650,0.799939,0.659693,0.324068,0.963563,0.390923,16.903883
1672,1,2,1,11.408190,2.593649,0.544283,0.798653,0.659907,0.327176,0.973895,0.366413,17.821003
1673,1,2,1,13.404942,2.599970,0.552511,0.804443,0.663988,0.324284,0.970757,0.365717,19.836591
1674,1,2,1,10.950782,2.693649,0.555957,0.791797,0.661729,0.323895,0.972068,0.363225,17.462861
1675,0,2,0,13.532634,2.711046,0.557883,0.797114,0.663034,0.325095,0.972302,0.361181,20.073508
1676,1,2,1,13.291083,2.683864,0.547256,0.796289,0.661422,0.324572,0.968517,0.364129,19.785372
1677,1,2,1,11.028751,2.592954,0.746332,0.800750,0.667699,0.327317,0.972185,0.360400,17.651065
1678,1,2,1,10.527034,2.589329,0.556665,0.791766,0.659329,0.331637,0.974043,0.393680,16.977520
1679,1,2,1,11.122517,2.595699,0.545612,0.804431,0.665065,0.325219,0.970344,0.367551,17.551643
1680,1,2,1,12.025711,2.591526,0.556732,0.792874,0.666339,0.324880,0.961268,0.366473,18.436400
1681,1,2,1,13.433034,2.593693,0.544547,0.800296,0.659821,0.325914,0.968240,0.366394,19.845520
1682,0,2,0,13.608517,2.593237,0.550578,0.802234,0.663859,0.326911,0.962548,0.365132,20.025483
1683,1,2,1,13.409348,2.601409,0.557133,0.802419,0.666756,0.327200,0.972597,0.361132,19.850967
1684,1,2,1,11.436954,2.720406,0.547803,0.794142,0.664984,0.327175,0.970991,0.366689,17.979187
1685,1,2,1,13.319637,2.692868,0.546338,0.800775,0.658850,0.324671,0.973539,0.364461,19.833588
1686,1,2,1,11.066658,2.595557,0.548708,0.798203,0.768653,0.326973,0.960812,0.362148,17.579932
1687,1,2,1,12.664548,2.593975,0.547280,0.795502,0.660104,0.439354,0.978449,0.378966,19.212123
1688,1,2,1,11.497612,2.590997,0.546874,0.795090,0.659545,0.325686,0.959556,0.363754,17.892350
1689,1,2,1,12.641587,2.591385,0.545477,0.796437,0.664166,0.324061,0.971120,0.362289,19.045772
1690,1,2,1,10.352407,2.701489,0.550609,0.791200,0.657889,0.324745,0.974018,0.360597,16.869914
1691,1,2,1,11.552345,2.591951,0.683668,0.803717,0.665102,0.324326,0.974301,0.367200,18.117951
1692,1,2,1,10.514154,2.592886,0.549902,0.792874,0.665797,0.326061,0.971193,0.400880,16.965957
1693,1,2,1,13.293508,2.589809,0.550634,0.804578,0.657495,0.325693,0.969403,0.396917,19.741976
1694,1,2,1,13.310019,2.591255,0.545593,0.802412,0.662960,0.329114,0.961138,0.600843,19.953495
1695,1,2,1,13.404973,2.592492,0.554984,0.794542,0.662689,0.325723,0.986289,0.411471,19.890781
1696,1,2,1,10.956719,2.589692,0.547212,0.795311,0.664892,0.327206,0.975939,0.368055,17.374973
1697,1,2,1,13.288714,2.590997,0.551317,0.798609,0.660579,0.326203,0.969594,0.362166,19.700419
1698,1,2,1,11.447446,2.699631,0.554345,0.794744,0.662529,0.326683,0.974498,0.366197,17.977508
1699,0,2,0,14.081637,2.697096,0.543403,0.796954,0.654597,0.320185,0.970739,0.364178,20.584117
1700,1,2,1,13.297064,2.718271,0.558653,0.798750,0.660302,0.323914,0.972289,0.358622,19.840086
1701,1,2,1,11.453089,2.693883,0.549428,0.806917,0.659219,0.327255,0.972055,0.364911,17.978061
1702,1,2,1,11.414037,2.591348,0.552044,0.797415,0.780043,0.328486,0.961157,0.364751,17.940413
1703,1,2,1,10.421815,2.593600,0.548898,0.803569,0.655649,0.325631,0.970535,0.372062,16.845243
1704,1,2,1,12.405859,2.594640,0.548406,0.795446,0.660628,0.325298,0.961785,0.363717,18.804751
1705,1,2,1,10.944689,2.693735,0.556068,0.796862,0.662351,0.325895,0.969354,0.363742,17.465046
1706,1,2,1,11.499390,2.593218,0.666954,0.794000,0.664363,0.328012,0.959256,0.364807,18.021741
1707,1,2,1,11.574757,2.591692,0.550000,0.805230,0.774652,0.330671,0.961267,0.371963,18.119083
1708,1,2,1,11.801089,2.592320,0.548572,0.798191,0.659594,0.326775,0.970314,0.472209,18.320388
1709,1,2,1,10.969821,2.593324,0.549034,0.795760,0.662117,0.323736,0.969778,0.365305,17.380339
1710,1,2,1,13.444338,2.594597,0.554369,0.795729,0.661483,0.327298,0.960025,0.364892,19.856148
1711,1,2,1,13.185212,2.592714,0.548554,0.801028,0.660025,0.327791,0.976277,0.364769,19.607256
1712,1,2,1,10.430197,2.696523,0.551631,0.795742,0.663939,0.325846,0.975582,0.367311,16.958763
1713,1,2,1,10.563176,2.592824,0.548105,0.802166,0.662123,0.432941,0.976068,0.391003,17.119120
1714,1,2,1,11.298327,2.589852,0.551170,0.791828,0.655151,0.325877,0.972289,0.363114,17.698640
1715,0,2,0,13.606794,2.590104,0.548935,0.799471,0.661705,0.325613,0.972905,0.363852,20.024086
1716,1,2,1,11.316215,2.588683,0.552320,0.793089,0.659206,0.324437,0.971028,0.364905,17.719650
1717,1,2,1,13.391372,2.593797,0.548523,0.798093,0.663403,0.325840,0.974609,0.365705,19.811717
1718,1,2,1,10.537951,2.705680,0.555157,0.790622,0.665889,0.329447,0.973305,0.362683,17.067095
1719,1,2,1,10.581896,2.590837,0.550031,0.798948,0.664222,0.324031,0.973686,0.401514,17.040572
1720,1,2,1,10.442573,2.593791,0.547101,0.791815,0.660899,0.323828,0.962197,0.367059,16.841058
1721,1,2,1,11.357089,2.699791,0.546178,0.801914,0.664529,0.325040,0.975255,0.361908,17.882984
1722,1,2,1,10.445907,2.591261,0.547593,0.911846,0.672579,0.325366,0.973225,0.365028,16.983913
1723,0,2,0,13.591655,2.588868,0.549089,0.923280,0.665323,0.325766,0.958757,0.363532,20.119120
1724,1,2,1,10.449673,2.589852,0.545908,0.799033,0.665114,0.324332,0.975256,0.466634,16.965624
1725,1,2,1,11.490419,2.591877,0.545643,0.795218,0.663145,0.330769,0.973864,0.362308,17.904295
1726,1,2,1,10.474960,2.699182,0.552504,0.795268,0.665354,0.323779,0.958837,0.360246,16.981699
1727,1,2,1,11.064905,2.593009,0.555741,0.914012,0.671090,0.324769,0.968542,0.363870,17.609150
1728,1,2,1,13.374013,2.591108,0.543446,0.921760,0.667772,0.326234,0.957434,0.366923,19.903127
1729,1,2,1,11.038806,2.593846,0.549902,0.797988,0.656474,0.328590,1.086967,0.411563,17.619514
1730,1,2,1,13.407748,2.592972,0.544886,0.802831,0.658246,0.328702,0.964295,0.397834,19.850424
1731,1,2,1,13.266751,2.592345,0.552357,0.793046,0.666024,0.326757,0.970233,0.477298,19.797508
1732,1,2,1,11.398462,2.588751,0.551071,0.796770,0.662750,0.331803,0.969132,0.363422,17.813182
1733,0,2,0,13.649938,2.598369,0.552406,0.796862,0.666301,0.328535,0.971982,0.364234,20.080991
1734,1,2,1,10.369101,2.699194,0.551459,0.800093,0.661982,0.324806,0.975095,0.359458,16.892603
1735,1,2,1,13.373822,2.697502,0.547809,0.800099,0.655459,0.330541,0.970837,0.363655,19.893132
1736,0,2,0,13.577938,2.713896,0.551951,0.795822,0.661114,0.325933,0.977385,0.364418,20.119496
1737,1,2,1,10.981926,2.592099,0.550776,0.913102,0.669864,0.329046,0.968874,0.363625,17.524087
1738,1,2,1,10.515876,2.593250,0.550868,0.787385,0.657797,0.327151,0.971932,0.465009,17.019920
1739,1,2,1,11.163778,2.596449,0.551027,0.795342,0.660948,0.322695,0.971366,0.364013,17.577113
1740,1,2,1,10.416394,2.704991,0.549772,0.794579,0.665674,0.326283,0.972142,0.362074,16.943422
1741,1,2,1,13.267570,2.686985,0.553053,0.797711,0.654259,0.324344,0.971440,0.363544,19.771606
1742,1,2,1,9.899742,2.592136,0.550886,0.797366,0.661120,0.324542,0.975612,0.400794,16.352726
1743,1,2,1,10.474363,2.591766,0.545877,0.798295,0.661895,0.327501,0.969391,0.363397,16.885569
1744,1,2,1,13.458190,2.592221,0.550130,0.794770,0.665243,0.329612,0.962413,0.361600,19.864037
1745,1,2,1,12.872714,2.595089,0.549354,0.798560,0.666013,0.330739,0.972751,0.366732,19.303335
1746,1,2,1,13.404991,2.590652,0.554308,0.800019,0.660911,0.328874,0.971643,0.362677,19.825889
1747,1,2,1,11.737476,2.700831,0.551920,0.802197,0.661981,0.326178,0.969637,0.364461,18.269588
1748,1,2,1,11.426110,2.593323,0.641009,0.799502,0.664941,0.327864,0.973028,0.363255,17.943612
1749,1,2,1,10.541440,2.597459,0.544455,0.799840,0.665348,0.327391,0.980634,0.393834,17.003471
1750,1,2,0,13.600295,2.589852,0.550769,0.793305,0.659317,0.325840,0.964714,0.382991,20.019483
1751,1,2,1,10.589182,2.595384,0.547317,0.794640,0.662412,0.323046,0.973348,0.366043,17.002708
1752,0,2,0,13.661120,2.594419,0.546966,0.798604,0.662277,0.329551,0.963249,0.366584,20.075218
1753,1,2,1,13.601064,2.597360,0.552258,0.795970,0.658825,0.325631,0.977077,0.364781,20.023514
1754,1,2,1,11.262123,2.693643,0.550701,0.797938,0.662265,0.327551,0.974474,0.363354,17.785446
1755,1,2,1,10.437655,2.591409,0.551674,0.919852,0.672418,0.326978,0.960301,0.366788,16.985095
1756,0,2,0,13.486695,2.593766,0.555427,0.927661,0.671661,0.326652,0.971249,0.366714,20.051705
1757,0,2,0,13.329563,2.597416,0.549538,0.914111,0.673163,0.326524,0.970843,0.364924,19.877219
1758,1,2,1,11.195668,2.587760,0.548141,0.793852,0.659526,0.332092,0.976252,0.398474,17.644068
1759,0,2,0,13.093379,2.589101,0.552043,0.796313,0.663668,0.325280,0.969508,0.470117,19.611187
1760,1,2,1,10.434757,2.592110,0.550505,0.802929,0.660634,0.322634,0.975409,0.369230,16.857864
1761,1,2,1,10.449034,2.695693,0.551126,0.796960,0.665643,0.322505,0.971563,0.365132,16.969280
1762,1,2,1,10.547071,2.596658,0.549630,0.788173,0.659434,0.324265,0.966185,0.398732,16.981908
1763,1,2,1,10.994320,2.594172,0.548462,0.796216,0.664431,0.328068,0.970788,0.363981,17.413298
1764,1,2,1,10.485489,2.703729,0.550714,0.794258,0.662813,0.323053,0.972997,0.365132,17.010640
1765,1,2,1,10.563138,2.596849,0.553490,0.925065,0.671865,0.326264,0.971902,0.365816,17.127471
1766,1,2,1,12.771273,2.590394,0.556135,0.796142,0.789846,0.326788,0.961889,0.365790,19.311452
1767,1,2,1,13.311612,2.590911,0.552899,0.800720,0.807926,0.327213,0.975090,0.367477,19.888117
1768,1,2,1,10.474603,2.591230,0.543810,0.793471,0.656092,0.325170,0.961650,0.365717,16.862880
1769,0,2,0,13.588406,2.597016,0.555033,0.796345,0.658529,0.330665,0.972191,0.365557,20.014794
1770,1,2,1,11.160800,2.591988,0.547101,0.799680,0.660960,0.327416,0.969495,0.363433,17.570547
1771,0,2,1,13.522024,2.593723,0.553662,0.799970,0.664486,0.329692,0.974462,0.361194,19.952874
1772,1,2,1,11.199988,2.718480,0.552425,0.798523,0.663341,0.324240,0.969649,0.365077,17.744621
1773,1,2,1,13.331335,2.696806,0.550634,0.794843,0.657883,0.325884,0.972141,0.365415,19.851280
1774,1,2,1,10.442216,2.589938,0.548307,0.793748,0.659624,0.415963,0.978178,0.370499,16.952585
1775,1,2,1,10.511206,2.594412,0.544923,0.798455,0.666745,0.323126,0.970800,0.361717,16.925305
1776,1,2,1,12.759052,2.592190,0.551089,0.804695,0.664640,0.326295,0.956892,0.365637,19.172061
1777,1,2,1,10.421440,2.694216,0.550769,0.790984,0.659305,0.324597,0.973182,0.368382,16.933341
1778,1,2,1,10.424880,2.592037,0.548221,0.792123,0.771489,0.337144,0.971619,0.368326,16.974369
1779,1,2,1,13.099010,2.593213,0.554302,0.794283,0.660529,0.434628,0.977052,0.381907,19.649582
1780,1,2,1,13.229452,2.588455,0.549569,0.791649,0.667194,0.328302,1.056812,0.395053,19.759157
1781,1,2,1,11.428658,2.595926,0.552418,0.799249,0.667126,0.331144,0.970289,0.364708,17.862535
1782,0,2,0,13.535409,2.589298,0.552474,0.797391,0.661754,0.324542,0.963262,0.366547,19.938769
1783,1,2,1,11.011495,2.594824,0.552535,0.795341,0.660025,0.327133,0.972622,0.366690,17.431920
1784,1,2,0,13.270037,2.596043,0.553170,0.795089,0.667865,0.326480,0.961477,0.366363,19.685495
1785,1,2,1,10.932234,2.710646,0.554622,0.799588,0.661539,0.326215,0.972437,0.361520,17.471489
1786,1,2,1,10.639913,2.591299,0.549150,0.794867,0.655520,0.322573,0.962425,0.385120,17.049655
1787,1,2,1,11.505569,2.588037,0.552683,0.799902,0.661895,0.328523,0.973126,0.365144,17.927034
1788,1,2,1,13.506843,2.593065,0.548388,0.799446,0.663784,0.324258,0.970781,0.363084,19.920935
1789,1,2,1,10.534025,2.716904,0.553083,0.802868,0.661323,0.323415,0.974056,0.363176,17.084818
1790,1,2,1,11.453422,2.703803,0.554104,0.796511,0.661600,0.321101,0.961834,0.362418,17.966351
1791,0,2,0,13.537268,2.686560,0.548695,0.792425,0.663378,0.324381,0.968350,0.362283,20.034702
1792,1,2,1,11.096960,2.599957,0.554516,0.797372,0.799790,0.324726,0.974707,0.368960,17.671852
1793,1,2,0,13.440590,2.593366,0.547963,0.797858,0.798264,0.329415,0.975391,0.369735,20.008985
1794,1,2,1,10.405200,2.593969,0.549570,0.795969,0.670707,0.323834,0.968332,0.365736,16.823046
1795,0,2,0,13.426603,2.596547,0.549760,0.803859,0.665058,0.326978,0.972228,0.364400,19.858880
1796,1,2,1,10.407507,2.699249,0.549317,0.797077,0.661649,0.327243,0.971772,0.365976,16.929865
1797,1,2,1,11.467637,2.693170,0.552966,0.796757,0.662455,0.328622,0.969797,0.362104,17.982794
1798,1,2,1,10.514228,2.591864,0.545194,0.795120,0.664640,0.322554,0.968345,0.386911,16.940984
1799,1,2,1,13.257040,2.596474,0.549107,0.806025,0.664332,0.324923,0.966148,0.392751,19.706837
1800,1,2,0,11.918093,2.599058,0.550874,0.795015,0.660037,0.322917,0.973865,0.361834,18.332603
1801,1,2,1,11.042240,2.595280,0.550764,0.797237,0.657711,0.325815,0.973237,0.365114,17.460283
1802,0,2,0,13.068338,2.686332,0.552757,0.795631,0.663508,0.324099,0.975736,0.361385,19.578136
1803,1,2,1,10.486258,2.589336,0.663046,0.807348,0.664843,0.321114,0.975907,0.367957,17.030745
1804,1,2,1,11.974400,2.591932,0.550172,0.793440,0.783286,0.331779,0.969551,0.366548,18.517452
1805,1,2,1,13.048043,2.594264,0.554653,0.802696,0.662905,0.440880,0.974413,0.373169,19.604493
1806,1,2,1,10.470271,2.592529,0.550966,0.795582,0.660369,0.323717,0.977513,0.364474,16.886566
1807,0,2,0,13.557538,2.594030,0.549046,0.795385,0.662960,0.328394,0.971637,0.363551,19.976806
1808,1,2,1,10.672972,2.732407,0.547772,0.797016,0.664739,0.327033,0.961575,0.368591,17.223723
1809,1,2,1,9.200720,2.600093,0.548696,0.802776,0.669908,0.337409,0.974917,0.364190,15.743052
1810,1,2,1,10.432234,2.593779,0.552628,0.795674,0.655132,0.321016,0.968904,0.367932,16.839526
1811,1,2,1,11.652431,2.594640,0.546394,0.800117,0.665095,0.330412,0.973163,0.364604,18.076050
1812,1,2,1,10.541323,2.700332,0.557748,0.788689,0.658966,0.325459,0.972394,0.359274,17.055784
1813,1,2,1,10.430467,2.595710,0.549372,0.802455,0.665077,0.330209,0.974326,0.395908,16.898523
1814,1,2,1,12.632806,2.592677,0.552425,0.796209,0.665791,0.327570,0.960511,0.437951,19.118972
1815,1,2,1,11.498695,2.594068,0.549514,0.800597,0.666923,0.331299,0.974646,0.362732,17.933791
1816,1,2,1,10.445606,2.700055,0.545132,0.796031,0.657311,0.325914,0.970683,0.359686,16.952665
1817,1,2,1,11.541225,2.593975,0.550954,0.909058,0.664714,0.329127,0.975219,0.364123,18.084393
1818,1,2,1,10.524646,2.591655,0.548043,0.792708,0.658455,0.328868,0.974283,0.495489,17.061459
1819,1,2,1,13.352695,2.595323,0.548332,0.797120,0.661046,0.324973,0.970382,0.463729,19.866683
1820,1,2,1,11.385163,2.593674,0.544418,1.038179,0.793360,0.361902,0.991569,0.511631,18.398258
1821,1,2,1,10.962018,2.726080,0.559976,0.794788,0.664683,0.321650,0.973933,0.364941,17.523132
1822,0,2,0,13.754265,2.601464,0.549366,0.795853,0.666609,0.321298,0.967533,0.364812,20.170504
1823,1,2,1,10.474695,2.589348,0.683661,0.804819,0.666419,0.324800,0.976493,0.364726,17.039212
1824,1,2,1,10.477200,2.590394,0.542978,0.791551,0.663138,0.329095,0.973729,0.397741,16.916757
1825,1,2,1,10.993292,2.590923,0.544763,0.792431,0.663342,0.327077,0.960037,0.365311,17.389551
1826,1,2,1,10.521360,2.696560,0.549126,0.799717,0.663230,0.326776,0.977139,0.366646,17.053372
1827,1,2,1,10.527662,2.592954,0.554616,0.797065,0.775606,0.328419,0.973698,0.365895,17.068024
1828,1,2,1,13.291015,2.593569,0.553606,0.793785,0.791711,0.325963,0.972338,0.368049,19.844874
1829,1,2,0,12.558381,2.595630,0.547391,0.797139,0.661077,0.325686,0.971243,0.384462,18.989526
1830,1,2,1,13.292800,2.588849,0.552726,0.796154,0.662376,0.324418,0.966966,0.385704,19.719237
1831,1,2,1,10.458510,2.591170,0.545175,0.798505,0.662178,0.327360,0.970547,0.366941,16.873434
1832,1,2,1,13.373372,2.590707,0.547932,0.795120,0.664745,0.324763,0.965680,0.362997,19.776031
1833,1,2,1,13.422739,2.596240,0.549810,0.798351,0.663816,0.325613,0.975194,0.362086,19.843410
1834,1,2,1,10.505956,2.694240,0.552283,0.797046,0.665127,0.324105,0.970473,0.365840,17.029360
1835,0,2,0,13.300782,2.694474,0.551963,0.801077,0.657711,0.320966,0.976406,0.361501,19.820050
1836,1,2,1,11.288338,2.591261,0.555834,0.901704,0.682899,0.328074,0.971299,0.365378,17.839126
1837,1,2,0,13.609581,2.632246,0.557225,0.907354,0.672837,0.320893,0.970018,0.366652,20.195089
1838,1,2,1,9.160025,2.591464,0.547526,0.799015,0.666123,0.327926,0.962007,0.366757,15.572910
1839,1,2,1,11.109606,2.703502,0.550086,0.800210,0.664350,0.326542,0.962400,0.364886,17.636424
1840,1,2,1,10.457256,2.591385,0.553582,0.908141,0.667600,0.324333,0.973951,0.364948,16.994707
1841,1,2,1,10.529760,2.592733,0.550382,0.798406,0.660222,0.324769,0.970092,0.492179,17.069477
1842,1,2,1,11.059594,2.595225,0.549631,0.790247,0.658105,0.323705,0.971034,0.365742,17.466997
1843,1,2,1,10.468357,2.690222,0.553194,0.800769,0.665348,0.324967,0.969083,0.363902,16.989908
1844,1,2,1,10.422579,2.593717,0.552953,0.789175,0.786720,0.332812,0.975704,0.373550,16.980541
1845,1,2,1,13.271569,2.593834,0.550117,0.797631,0.744831,0.336130,0.973200,0.369496,19.812573
1846,1,2,1,11.455095,2.590732,0.550738,0.796246,0.661329,0.328147,0.974744,0.362942,17.867896
1847,0,2,0,13.122960,2.593717,0.549975,0.799102,0.660972,0.325083,0.958172,0.369901,19.534511
1848,1,2,1,10.415994,2.726523,0.548548,0.800800,0.657421,0.325600,0.960049,0.368375,16.954105
1849,0,2,0,13.629212,2.602597,0.552942,0.797009,0.662929,0.328923,0.969619,0.365705,20.062542
1850,1,2,1,10.099649,2.592093,0.547877,0.906684,0.669286,0.326468,0.972720,0.372320,16.638265
1851,1,2,1,9.148283,2.593434,0.549828,0.800086,0.668320,0.323274,0.971779,0.362732,15.568074
1852,1,2,1,10.469969,2.697644,0.553532,0.792210,0.660652,0.322941,0.972437,0.363225,16.983570
1853,1,2,0,13.485741,2.690154,0.546793,0.791465,0.663102,0.324757,0.967914,0.364007,19.988375
1854,1,2,1,13.122271,2.684831,0.553804,0.793582,0.656154,0.323089,0.959360,0.366364,19.609704
1855,1,2,1,10.560867,2.592684,0.550855,0.933428,0.674338,0.323010,0.971791,0.367433,17.127249
1856,1,2,1,10.491760,2.597711,0.545846,0.797933,0.663693,0.329237,0.974012,0.365415,16.915182
1857,1,2,1,13.363643,2.591587,0.550345,0.797335,0.662387,0.327237,0.972671,0.361385,19.779822
1858,1,2,1,10.581982,2.597896,0.540492,0.791846,0.662929,0.326031,0.970793,0.366701,16.990566
1859,1,2,1,11.254628,2.696677,0.547797,0.799415,0.656923,0.326751,0.975354,0.365545,17.776480
1860,1,2,1,10.528388,2.589655,0.544739,0.791920,0.661169,0.420357,0.974609,0.374923,17.037901
1861,0,2,1,12.278111,2.595502,0.541957,0.802314,0.658757,0.323354,0.973015,0.495385,18.822191
1862,1,2,1,10.517034,2.588480,0.546542,0.794394,0.663767,0.325643,0.960461,0.366856,16.912861
1863,0,2,0,13.574431,2.591575,0.543089,0.796037,0.665163,0.321163,0.970984,0.367896,19.980406
1864,1,2,1,13.352357,2.589705,0.546849,0.801138,0.662068,0.323360,0.972129,0.368406,19.765619
1865,1,2,1,13.201625,2.593778,0.549107,0.804714,0.664234,0.321606,0.974111,0.368369,19.630800
1866,1,2,1,10.398665,2.710868,0.556141,0.797132,0.664327,0.322044,0.966948,0.362117,16.929815
1867,1,2,1,10.528818,2.588234,0.556935,0.799557,0.659926,0.322493,0.973120,0.396006,16.983138
1868,1,2,1,9.163864,2.591624,0.541693,0.801600,0.668646,0.325587,0.971113,0.366055,15.579194
1869,1,2,1,10.464382,2.587009,0.655649,0.795815,0.669077,0.327102,0.974332,0.366590,16.988400
1870,1,2,1,13.375563,2.588640,0.649422,0.791963,0.671298,0.325261,0.973741,0.365255,19.893151
1871,1,2,1,11.542049,2.594351,0.551742,0.798154,0.661724,0.332763,0.974997,0.369047,18.087686
1872,1,2,1,11.452227,2.589403,0.549772,0.793803,0.665624,0.328516,0.974246,0.362178,17.866744
1873,1,2,1,11.038037,2.594628,0.551367,0.800911,0.665200,0.323797,0.971059,0.362787,17.457071
1874,1,2,1,10.513163,2.695022,0.554991,0.798954,0.663458,0.325982,0.973459,0.361563,17.038874
1875,1,2,1,11.016535,2.593754,0.544425,0.792714,0.779323,0.328129,0.973495,0.365735,17.550732
1876,1,2,1,13.276523,2.591987,0.554382,0.792868,0.664702,0.343717,0.974455,0.371501,19.811009
1877,1,2,1,10.464136,2.591243,0.548301,0.792646,0.665557,0.330849,0.971280,0.368591,16.884000
1878,1,2,1,11.371040,2.591458,0.548628,0.801341,0.667034,0.325268,0.962222,0.363391,17.781249
1879,1,2,1,13.264739,2.607452,0.551883,0.802184,0.657890,0.327415,0.972541,0.364640,19.786486
1880,1,2,1,13.353736,2.691280,0.553840,0.800320,0.666967,0.325145,0.976087,0.366203,19.887348
1881,0,2,1,13.272738,2.717409,0.550991,0.797267,0.665059,0.325336,0.970271,0.362560,19.815397
1882,1,2,1,11.060283,2.687643,0.551901,0.800708,0.662110,0.323446,0.968387,0.363699,17.570874
1883,1,2,1,13.368732,2.594468,0.558265,0.792147,0.661557,0.324850,0.974203,0.364271,19.879415
1884,1,2,1,11.503225,2.590757,0.547089,0.792104,0.778055,0.328130,0.961489,0.373138,18.028369
1885,1,2,1,13.436560,2.594338,0.552179,0.797508,0.771083,0.326972,0.971557,0.366087,19.968856
1886,1,2,1,10.518111,2.590665,0.543046,0.793736,0.662111,0.326295,0.975791,0.363483,16.922308
1887,1,2,1,13.045520,2.590117,0.548634,0.800523,0.662105,0.328055,0.973944,0.363667,19.467311
1888,1,2,1,10.440560,2.708579,0.550775,0.795280,0.661754,0.322892,0.961680,0.367545,16.964923
1889,1,2,1,10.950283,2.589889,0.544831,0.913379,0.674757,0.319076,0.973662,0.360948,17.480455
1890,1,2,1,13.289581,2.595772,0.551944,0.925729,0.670664,0.322529,0.962542,0.364547,19.834800
1891,1,2,1,11.470270,2.589846,0.549329,0.793268,0.659951,0.325335,0.959637,0.420191,17.923021
1892,0,2,0,13.080874,2.588985,0.547895,0.792234,0.662369,0.327889,0.989003,0.409004,19.553452
1893,1,2,1,13.090787,2.594831,0.547994,0.795360,0.664991,0.323902,0.974000,0.480948,19.624436
1894,1,2,1,10.420050,2.592634,0.553076,0.796573,0.665957,0.325422,0.962166,0.365717,16.830486
1895,1,2,1,11.488025,2.693280,0.553815,0.791009,0.661803,0.327631,0.967489,0.363569,17.999200
1896,1,2,1,13.393920,2.692646,0.554874,0.792049,0.665600,0.326948,0.972640,0.369089,19.922504
1897,1,2,1,13.278547,2.714117,0.551268,0.796972,0.664301,0.325539,0.971791,0.361249,19.817415
1898,0,2,0,13.583969,2.692419,0.549187,0.792425,0.659914,0.325421,0.971385,0.370480,20.098935
1899,1,2,1,10.553526,2.593883,0.549532,0.797138,0.774542,0.327101,0.974910,0.359673,17.085563
1900,1,2,1,13.298259,2.588701,0.549649,0.798332,0.799440,0.326788,0.972738,0.368542,19.857126
1901,1,2,1,10.872640,2.591243,0.546357,0.793797,0.665988,0.325809,0.967858,0.366080,17.281409
1902,0,2,0,13.349495,2.590930,0.543336,0.795581,0.658658,0.326652,0.976104,0.361902,19.754049
1903,1,2,1,10.453514,2.715354,0.550277,0.798806,0.659452,0.323865,0.975372,0.368357,16.999594
1904,1,2,1,10.543335,2.588061,0.666745,0.800270,0.664566,0.323600,0.960585,0.359668,17.058677
1905,1,2,1,10.552333,2.594326,0.550628,0.800567,0.661889,0.326492,0.969551,0.398849,17.007606
1906,0,2,0,13.715914,2.592043,0.551034,0.798713,0.664979,0.327317,0.963625,0.398203,20.167213
1907,1,2,1,13.358843,2.592228,0.544658,0.795877,0.660935,0.327040,0.966843,0.405262,19.808775
1908,1,2,1,11.531963,2.590732,0.551588,0.795612,0.663034,0.329637,0.972548,0.365533,17.951058
1909,1,2,1,10.961600,2.699157,0.553636,0.797053,0.666677,0.325452,0.975465,0.365852,17.495656
1910,1,2,1,12.312338,2.717206,0.553742,0.796744,0.662942,0.327261,0.972178,0.362216,18.856806
1911,1,2,1,12.697588,2.697458,0.551409,0.794769,0.671305,0.328788,0.973212,0.366283,19.233606
1912,1,2,1,13.232935,2.690498,0.554308,0.793495,0.661305,0.330228,0.973944,0.360468,19.747896
1913,1,2,1,11.494849,2.593046,0.545378,0.797982,0.790880,0.326720,0.974591,0.368659,18.046098
1914,1,2,1,11.031471,2.591741,0.545747,0.793342,0.662240,0.325582,0.971120,0.363182,17.435859
1915,1,2,1,11.230806,2.594622,0.541753,0.794560,0.659089,0.325175,0.960197,0.364874,17.626154
1916,1,2,1,10.366086,2.690671,0.556056,0.800160,0.664603,0.323077,0.972609,0.365083,16.890966
1917,1,2,1,10.861255,2.589150,0.546892,0.794363,0.788142,0.326308,0.974566,0.364493,17.401748
1918,1,2,1,10.508455,2.592123,0.548769,0.796474,0.663748,0.323729,0.962031,0.365083,16.912332
1919,1,2,1,10.466234,2.705193,0.548455,0.799631,0.664553,0.326776,0.973704,0.361496,16.998147
1920,1,2,1,13.360609,2.721280,0.553464,0.787914,0.658104,0.328985,0.960597,0.364991,19.885483
1921,0,2,1,13.406991,2.694431,0.556843,0.796726,0.659809,0.326012,0.978308,0.362548,19.935901
1922,1,2,1,10.645212,2.594813,0.548714,0.813637,0.668302,0.328185,0.975187,0.368720,17.183674
1923,1,2,1,13.258683,2.591175,0.550683,0.926196,0.670302,0.324689,0.973538,0.363003,19.815816
1924,1,2,1,13.483323,2.592745,0.548646,0.908314,0.663132,0.324074,0.972419,0.367643,20.013520
1925,1,2,1,10.427200,2.596344,0.549342,0.799459,0.657360,0.326523,0.976610,0.462264,16.948966
1926,0,2,0,13.444616,2.592080,0.544720,0.794265,0.661588,0.328246,0.974363,0.476258,19.969902
1927,1,2,1,13.303237,2.593231,0.549748,0.803975,0.661810,0.326935,0.972935,0.462074,19.829139
1928,1,2,1,10.507779,2.592339,0.549852,0.795748,0.662597,0.326098,0.973724,0.369163,16.927779
1929,1,2,1,12.204295,2.691342,0.549816,0.791175,0.663083,0.321230,0.972604,0.367527,18.713434
1930,1,2,0,13.478720,2.684345,0.557489,0.790640,0.664141,0.323711,0.969649,0.369637,19.989317
1931,1,2,1,12.518948,2.705803,0.552400,0.799532,0.667637,0.325133,0.971606,0.362418,19.057058
1932,1,2,1,11.062794,2.592923,0.550381,0.915969,0.669353,0.327458,0.973686,0.365760,17.615028
1933,1,2,1,12.260536,2.589539,0.549846,0.795452,0.660124,0.431120,0.977274,0.380536,18.797933
1934,1,2,1,11.459809,2.592467,0.548929,0.794345,0.664474,0.331230,0.959982,0.363864,17.860818
1935,1,2,1,11.112234,2.589932,0.546585,0.792708,0.659908,0.326757,0.971613,0.365028,17.519249
1936,1,2,1,12.259834,2.717151,0.553563,0.793514,0.664154,0.325372,0.963009,0.364677,18.792455
1937,1,2,1,11.535982,2.693366,0.551225,0.794745,0.662492,0.326936,0.976055,0.360899,18.053113
1938,1,2,1,10.519736,2.592831,0.549353,0.794080,0.663619,0.326572,0.969034,0.387391,16.952960
1939,1,2,1,11.445803,2.596819,0.543022,0.796855,0.661545,0.323403,0.970757,0.364572,17.853120
1940,1,2,1,10.381619,2.697594,0.550941,0.794818,0.663760,0.323557,0.973409,0.363022,16.900370
1941,1,2,1,9.211513,2.595674,0.549981,0.794880,0.660049,0.355348,0.974517,0.365569,15.743993
1942,1,2,0,13.583520,2.588861,0.549551,0.793920,0.785945,0.326541,0.976172,0.375286,20.135563
1943,1,2,0,13.453224,2.593058,0.552369,0.797656,0.871046,0.323434,0.972259,0.368849,20.087944
1944,1,2,1,11.918326,2.834302,0.709742,0.838732,0.698905,0.327477,0.968271,0.532997,19.008603
1945,1,2,1,11.768812,2.751360,0.644591,0.942117,0.803668,0.388683,0.988874,0.635975,19.120024
1946,1,2,1,12.471661,2.603040,0.544628,0.800954,0.671415,0.331452,0.976966,0.379662,18.933816
1947,1,2,1,13.641465,2.610505,0.559421,0.804707,0.684221,0.408732,0.981575,0.505520,20.360880
1948,1,2,1,13.641890,2.605821,0.561551,0.802541,0.780031,0.419323,0.999643,0.627304,20.633187
1949,1,2,1,14.651551,2.850166,0.642873,0.836092,0.914104,0.400751,0.986573,0.506006,21.989452
1950,1,2,1,11.440388,2.750843,0.623643,0.841274,0.725194,0.365970,0.970443,0.558744,18.462129
1951,1,2,1,14.079470,2.607280,0.560745,0.799846,0.773342,0.361945,0.980345,0.402178,20.737975
1952,1,2,1,13.654216,2.632480,0.610941,0.895003,1.045133,0.350394,0.975059,0.560308,20.906006
1953,1,2,1,12.604203,2.798345,0.678259,1.052677,0.706800,0.354972,1.015865,0.518566,19.917157
1954,1,2,1,12.681114,2.774473,0.701625,1.116997,0.843102,0.357385,0.985065,0.561969,20.219176
1955,1,2,1,11.955133,2.794185,0.684628,1.032874,0.902566,0.380924,0.987550,0.548123,19.474873
1956,1,2,1,12.557699,2.858215,0.659766,0.832689,0.847668,0.351748,0.986019,0.480714,19.752511
1957,1,2,1,10.576049,2.594886,0.550093,0.804142,0.663046,0.324954,0.972824,0.358806,16.996837
1958,1,2,1,9.206333,2.726320,0.559459,0.797182,0.663933,0.328800,0.974542,0.364105,15.773840
1959,1,2,1,11.099760,2.600000,0.544824,0.940990,0.673889,0.322566,0.970788,0.368141,17.673877
1960,1,2,1,13.391674,2.588905,0.551231,0.921175,0.671293,0.324376,0.976548,0.366406,19.947304
1961,1,2,1,11.566320,2.592831,0.540997,0.804887,0.659545,0.326807,0.977840,0.400074,18.022836
1962,1,2,1,11.406911,2.595120,0.551483,0.796431,0.661293,0.325366,0.971065,0.366511,17.823274
1963,1,2,1,10.441816,2.723797,0.554013,0.797951,0.662093,0.325821,0.971588,0.365871,16.997643
1964,0,2,0,13.335458,2.687668,0.555699,0.792868,0.666696,0.324123,0.970972,0.365083,19.850855
1965,1,2,1,10.479864,2.591391,0.548160,0.914824,0.673046,0.321145,0.972258,0.367304,17.023532
1966,0,2,0,12.072123,2.592818,0.553163,0.794849,0.765637,0.332837,0.976160,0.369360,18.618609
1967,1,2,1,11.078911,2.594105,0.548474,0.798763,0.665717,0.327785,0.972701,0.365237,17.503335
1968,1,2,1,11.339342,2.588025,0.541963,0.791428,0.661674,0.323680,0.972419,0.363268,17.733938
1969,1,2,1,10.515526,2.699594,0.551187,0.805883,0.661433,0.325723,0.974006,0.365797,17.053120
1970,1,2,1,13.506400,2.695379,0.551347,0.800511,0.664960,0.329452,0.969292,0.368769,20.038781
1971,1,2,0,11.830511,2.589772,0.547139,0.922511,0.669828,0.328578,0.970535,0.365249,18.379932
1972,1,2,1,13.124443,2.594991,0.544991,0.893883,0.674450,0.323575,0.971557,0.367009,19.645052
1973,1,2,1,10.516867,2.593655,0.545631,0.800616,0.662812,0.329366,0.972006,0.367705,16.940825
1974,1,2,1,13.469557,2.593606,0.545224,0.795594,0.656941,0.323643,0.961409,0.363409,19.861508
1975,0,2,0,13.838167,2.594732,0.545741,0.798387,0.661317,0.327280,0.973366,0.364929,20.255766
1976,1,2,1,12.695594,2.588991,0.545237,0.797520,0.664689,0.327920,0.961699,0.360880,19.092240
1977,1,2,1,10.406683,2.810800,0.548394,0.798302,0.667711,0.322954,0.965964,0.364290,17.036627
1978,1,2,1,13.224813,2.690210,0.551914,0.797102,0.662037,0.322357,0.970000,0.366067,19.734898
1979,1,2,1,10.573859,2.596191,0.550517,0.937305,0.671711,0.325237,0.973465,0.369329,17.150505
1980,1,2,1,11.214824,2.590640,0.551994,0.794622,0.666025,0.330332,0.973803,0.400579,17.675348
1981,1,2,1,10.945280,2.592326,0.551889,0.796572,0.663071,0.326893,0.976259,0.370566,17.373090
1982,1,2,1,11.103551,2.700098,0.553594,0.794493,0.666615,0.325545,0.958985,0.368258,17.622953
1983,1,2,1,10.461323,2.593144,0.551717,0.916585,0.669114,0.327754,0.971096,0.364640,17.010511
1984,1,2,1,13.340763,2.593883,0.542425,0.927680,0.668099,0.327729,0.975975,0.369877,19.899507
1985,0,2,0,14.077624,2.596517,0.649471,0.798080,0.656856,0.325268,0.974203,0.365606,20.600542
1986,1,2,1,13.293034,2.590474,0.642252,0.793612,0.663809,0.328498,0.973502,0.363360,19.799993
1987,0,2,0,13.432074,2.591939,0.664560,0.796320,0.668086,0.325810,0.974566,0.362221,19.968880
1988,1,2,1,11.397502,2.589010,0.547656,0.795748,0.662960,0.418375,0.973914,0.376670,17.913027
1989,1,2,1,11.004173,2.588209,0.550326,0.796547,0.665976,0.321772,0.969372,0.367421,17.415459
1990,1,2,1,10.406283,2.714197,0.556511,0.798098,0.660185,0.327403,0.961680,0.361716,16.937785
1991,1,2,1,11.511717,2.685403,0.556013,0.797064,0.665692,0.324080,0.973588,0.365594,18.031434
1992,1,2,1,10.456283,2.592044,0.548683,0.797305,0.661139,0.329871,0.962788,0.398763,16.900148
1993,1,2,1,10.416892,2.594320,0.548185,0.804043,0.666074,0.324677,0.968935,0.366818,16.843981
1994,1,2,1,13.363779,2.590905,0.547723,0.799231,0.661754,0.325139,0.972443,0.364234,19.772326
1995,0,2,0,13.633563,2.591101,0.547397,0.802320,0.659360,0.327003,0.976024,0.366684,20.054868
1996,1,2,1,13.349157,2.591624,0.547730,0.802031,0.663366,0.327686,0.974080,0.366572,19.775083
1997,1,2,1,11.466203,2.722991,0.549169,0.802037,0.663711,0.329224,0.967730,0.364622,18.019896
1998,1,2,1,13.301889,2.694271,0.558160,0.797815,0.662227,0.322400,0.975163,0.363422,19.826985
1999,1,2,1,13.270732,2.698018,0.549729,0.810000,0.665354,0.323803,0.970739,0.369126,19.811852
2000,1,2,1,10.441335,2.593268,0.549200,0.937785,0.669711,0.327237,0.971342,0.370228,17.014387
2001,1,2,1,11.729231,2.591883,0.548966,0.798874,0.667421,0.323717,1.049575,0.377225,18.244480
2002,0,2,0,13.753348,2.592080,0.549816,0.799809,0.659902,0.424880,0.971613,0.365939,20.269341
2003,1,2,1,10.638191,2.597268,0.544339,0.804320,0.667150,0.325914,0.972449,0.367415,17.071096
2004,1,2,1,13.401126,2.591113,0.551255,0.796418,0.661225,0.324819,0.975267,0.365650,19.815397
2005,1,2,1,13.374240,2.590923,0.542788,0.793828,0.661840,0.326388,0.970855,0.365452,19.778148
2006,1,2,1,10.509932,2.713987,0.552960,0.800234,0.659902,0.324295,0.960166,0.361551,17.034111
2007,1,2,1,11.862647,2.686117,0.553465,0.800049,0.664554,0.327545,0.960338,0.366750,18.373040
2008,1,2,1,11.478049,2.595896,0.551551,0.800450,0.800093,0.322948,0.971994,0.369064,18.045865
2009,0,2,0,13.557871,2.596505,0.548941,0.800240,0.781600,0.326061,0.970172,0.368690,20.106295
2010,1,2,1,13.325908,2.588105,0.554424,0.797606,0.788357,0.330744,0.974572,0.420474,19.935729
2011,1,2,1,13.075175,2.594332,0.553908,0.801040,0.814511,0.325151,0.961754,0.365699,19.648935
2012,1,2,1,11.525876,2.594529,0.543606,0.792905,0.663360,0.327169,0.974831,0.481212,18.055945
2013,1,2,1,13.017643,2.592473,0.547409,0.802621,0.661538,0.326117,0.961698,0.361778,19.422997
2014,0,2,0,13.635280,2.592030,0.550363,0.797563,0.660123,0.328670,0.970819,0.367317,20.054326
2015,1,2,1,10.564351,2.594567,0.549397,0.799378,0.665908,0.326689,0.972031,0.368148,16.991433
2016,1,2,1,12.709077,2.716160,0.549452,0.798830,0.662640,0.323009,0.961717,0.367255,19.239440
2017,1,2,1,10.534640,2.590375,0.547255,0.923194,0.673274,0.324880,0.971323,0.364781,17.082622
2018,1,2,1,11.534966,2.588738,0.548652,0.795754,0.665458,0.326468,1.060031,0.399803,18.073828
2019,1,2,1,13.340985,2.591243,0.548215,0.799803,0.667889,0.330418,0.972997,0.394443,19.803730
2020,1,2,1,10.518136,2.590190,0.556856,0.803311,0.664837,0.322683,0.972966,0.366105,16.943970
2021,1,2,1,9.157778,2.689003,0.550671,0.803108,0.667360,0.325323,0.972658,0.364504,15.685385
2022,1,2,1,10.462542,2.593544,0.546265,0.798344,0.662985,0.330270,0.961970,0.385175,16.893871
2023,1,2,1,13.149489,2.594012,0.541378,0.797890,0.663403,0.328523,0.960579,0.387003,19.576683
2024,1,2,1,13.262658,2.589495,0.546320,0.800443,0.670062,0.323539,1.062062,0.396216,19.802345
2025,1,2,1,10.567502,2.594277,0.543267,0.793052,0.661483,0.320554,0.961538,0.364683,16.956154
2026,1,2,1,10.406739,2.720880,0.550246,0.793544,0.658621,0.327877,0.957274,0.366769,16.935021
2027,1,2,1,11.204572,2.594129,0.556966,0.808972,0.802960,0.328382,0.972246,0.365981,17.789316
2028,1,2,1,10.477040,2.592868,0.545563,0.795157,0.661785,0.323477,0.972942,0.362326,16.880480
2029,1,2,1,12.732510,2.594222,0.552265,0.801655,0.662745,0.332320,0.974061,0.362369,19.165994
2030,1,2,0,13.564431,2.589569,0.550314,0.800979,0.668080,0.326554,0.970073,0.363809,19.986529
2031,1,2,1,10.434203,2.706596,0.544683,0.798683,0.658628,0.327187,0.974338,0.364228,16.963939
2032,1,2,1,13.251255,2.691538,0.547809,0.796437,0.662062,0.326769,0.974013,0.360246,19.759600
2033,0,2,1,13.382541,2.803490,0.552419,0.800351,0.672388,0.327600,0.959877,0.364320,20.019101
2034,1,2,1,10.458739,2.594781,0.557280,0.897840,0.677219,0.329890,0.963760,0.360234,16.990714
2035,1,2,1,12.673822,2.594849,0.546868,0.798480,0.664049,0.335058,0.972867,0.366868,19.199465
2036,1,2,1,13.216831,2.595963,0.546566,0.793255,0.668492,0.422036,0.973440,0.375600,19.745606
2037,1,2,1,13.400615,2.591083,0.547293,0.804825,0.665070,0.418659,0.976302,0.374542,19.933551
2038,1,2,1,10.507557,2.590510,0.544664,0.796837,0.660388,0.329102,0.969336,0.363748,16.910037
2039,1,2,0,13.503969,2.593200,0.543975,0.801151,0.661809,0.324437,0.974474,0.369815,19.925464
2040,1,2,1,10.377120,2.696560,0.551846,0.795090,0.668154,0.324819,0.975040,0.361951,16.903459
2041,1,2,1,13.078603,2.690222,0.557816,0.806449,0.665224,0.325582,0.959853,0.364862,19.601687
2042,1,2,1,10.705311,2.590493,0.554449,0.803821,0.802474,0.326584,0.961730,0.365181,17.260855
2043,1,2,1,13.172135,2.592437,0.550080,0.800283,0.793280,0.328708,0.961084,0.368904,19.720492
2044,1,2,1,13.346067,2.589539,0.551988,0.804683,0.793298,0.328812,0.972050,0.366935,19.909052
2045,1,2,1,10.562830,2.594246,0.551064,0.799059,0.668006,0.325206,0.959446,0.360898,16.972751
2046,1,2,1,10.438868,2.731064,0.551662,0.796067,0.671144,0.327927,0.972179,0.364504,17.007551
2047,0,2,1,13.414671,2.694683,0.553938,0.802751,0.666388,0.325434,0.971378,0.362436,19.943520
2048,1,2,1,10.450013,2.590652,0.643994,0.803496,0.669533,0.328098,0.977859,0.363083,16.977963
2049,0,2,0,13.390702,2.595723,0.656425,0.805200,0.671927,0.325994,0.973250,0.359052,19.930468
2050,1,2,1,13.292314,2.590031,0.549292,0.915569,0.668591,0.321859,0.972615,0.366357,19.829576
2051,1,2,1,10.493410,2.593741,0.545138,0.800794,0.666289,0.329778,0.973083,0.472043,17.025612
2052,1,2,1,10.406862,2.593828,0.546584,0.799305,0.660228,0.323816,0.975446,0.361704,16.818000
2053,0,2,0,13.143661,2.598553,0.549612,0.809557,0.661772,0.324683,0.971490,0.363846,19.575255
2054,1,2,1,10.552431,2.687342,0.556338,0.801421,0.659231,0.324615,0.972050,0.365563,17.069582
2055,1,2,0,13.447501,2.708738,0.550504,0.798253,0.660160,0.328129,0.960664,0.361766,19.969938
2056,1,2,1,11.539483,2.586862,0.548726,0.795231,0.801107,0.327206,0.970985,0.366788,18.092775
2057,1,2,1,10.524800,2.590584,0.552831,0.796080,0.669250,0.327003,0.970683,0.362708,16.946221
2058,1,2,1,10.430701,2.701532,0.557218,0.799224,0.666960,0.324917,0.971797,0.366665,16.968899
2059,1,2,1,10.495022,2.593932,0.546394,0.901570,0.668277,0.323520,0.970381,0.362800,17.017797
2060,1,2,1,10.428030,2.593139,0.548708,0.793336,0.663834,0.326659,0.973341,0.476819,16.954320
2061,1,2,1,13.084708,2.593742,0.552431,0.796726,0.659176,0.324769,0.961132,0.364973,19.489459
2062,0,2,0,13.396610,2.590142,0.547330,0.796492,0.666216,0.331213,0.966646,0.366074,19.810886
2063,0,2,0,13.399397,2.594351,0.547508,0.802394,0.661957,0.322991,0.971040,0.365822,19.818437
2064,1,2,1,10.674480,2.602997,0.546376,0.792529,0.661459,0.323643,0.974407,0.365219,17.091440
2065,1,2,1,11.208985,2.722837,0.553699,0.798732,0.656892,0.322394,0.972640,0.365926,17.754006
2066,1,2,1,13.422984,2.692412,0.549926,0.796302,0.664376,0.326825,0.973243,0.369434,19.948480
2067,1,2,1,12.862080,2.691409,0.550874,0.795390,0.668191,0.328252,0.975003,0.368677,19.390590
2068,1,2,1,11.434307,2.589052,0.551440,0.798769,0.807046,0.323028,0.974664,0.365397,18.000597
2069,1,2,1,11.672018,2.594357,0.547945,0.800948,0.667514,0.330350,0.977600,0.478793,18.224018
2070,1,2,1,10.447901,2.592781,0.549150,0.802326,0.666258,0.327778,0.975809,0.368080,16.882670
2071,1,2,1,13.404227,2.597833,0.547821,0.798486,0.670265,0.325680,0.971059,0.366326,19.834418
2072,1,2,1,10.543570,2.695157,0.555495,0.799822,0.669796,0.327730,0.968806,0.365698,17.077587
2073,1,2,1,10.544523,2.593680,0.547114,0.798381,0.659188,0.419274,0.974499,0.381822,17.071255
2074,1,2,1,13.320486,2.593815,0.552333,0.797748,0.664037,0.326234,0.972653,0.382277,19.762277
2075,1,2,1,10.548037,2.596455,0.546591,0.793914,0.665378,0.328622,0.971015,0.364018,16.964394
2076,1,2,1,10.427483,2.695287,0.553194,0.796474,0.664923,0.323594,0.961926,0.366357,16.942264
2077,1,2,1,10.543883,2.591895,0.550505,0.795194,0.790271,0.326111,0.974542,0.363490,17.090099
2078,1,2,1,11.766216,2.589987,0.548221,0.800726,0.666209,0.329139,0.971698,0.397231,18.219723
2079,1,2,1,13.081963,2.594806,0.545010,0.810314,0.664917,0.325256,0.974923,0.494560,19.646007
2080,1,2,1,10.510296,2.592277,0.548843,0.793877,0.663674,0.326166,0.972659,0.361415,16.920043
2081,1,2,1,13.259206,2.592006,0.545926,0.803704,0.660701,0.327170,0.969920,0.365784,19.675828
2082,1,2,0,13.547329,2.590461,0.543649,0.806487,0.664185,0.326597,0.974388,0.368972,19.972726
2083,1,2,1,11.498252,2.698406,0.551003,0.802905,0.667557,0.328462,0.974099,0.363206,18.038160
2084,0,2,0,13.527033,2.696763,0.551188,0.797151,0.660880,0.327170,0.969957,0.368664,20.050702
2085,1,2,1,11.252585,2.593545,0.545588,0.920006,0.671114,0.325902,0.958086,0.361981,17.780412
2086,1,2,1,10.497422,2.591877,0.545877,0.795280,0.669692,0.327169,0.971243,0.469372,17.019576
2087,1,2,1,10.521102,2.593833,0.544948,0.801102,0.662560,0.319914,0.974277,0.365274,16.934843
2088,1,2,1,10.512579,2.722105,0.552185,0.797988,0.664135,0.327988,0.963009,0.362117,17.052573
2089,1,2,1,9.175391,2.594511,0.548037,0.798597,0.672935,0.327988,0.970357,0.474049,15.717107
2090,1,2,1,11.313680,2.588874,0.552407,0.805822,0.668406,0.326092,0.970117,0.367021,17.742092
2091,1,2,0,13.581009,2.591514,0.549748,0.802424,0.663754,0.326782,0.971625,0.363224,20.004000
2092,1,2,1,12.577108,2.593631,0.552708,0.800554,0.663095,0.328289,0.974757,0.364080,19.002240
2093,1,2,1,10.570190,2.713034,0.550720,0.804578,0.662148,0.327661,0.968671,0.363459,17.114640
2094,0,2,0,13.294345,2.692670,0.553311,0.797262,0.666541,0.323434,0.977379,0.369330,19.823913
2095,1,2,1,10.919452,2.591046,0.548135,0.806185,0.667231,0.422898,0.972092,0.371637,17.450067
2096,1,2,1,11.092031,2.588142,0.546036,0.796967,0.664117,0.322874,0.973366,0.361471,17.496037
2097,1,2,1,10.505138,2.696615,0.555699,0.800191,0.662960,0.321766,0.964314,0.367760,17.026572
2098,1,2,1,13.248911,2.714874,0.551717,0.796745,0.662769,0.322037,0.971643,0.362584,19.782627
2099,1,2,1,13.399483,2.688234,0.552092,0.804443,0.659982,0.326431,0.973994,0.359120,19.914307
2100,1,2,1,13.152093,2.687606,0.556941,0.799748,0.664855,0.324733,0.974689,0.364142,19.678123
2101,1,2,1,10.542763,2.595969,0.550302,0.950892,0.673778,0.325618,0.973489,0.366437,17.134855
2102,1,2,1,9.213976,2.588708,0.548228,0.792271,0.665981,0.327329,0.971717,0.365416,15.622653
2103,0,2,0,13.485415,2.595237,0.545938,0.807249,0.665040,0.327071,0.958880,0.364948,19.902750
2104,1,2,1,13.329748,2.594302,0.548837,0.793557,0.666486,0.325009,0.973317,0.362418,19.747003
2105,1,2,1,10.558523,2.705846,0.552265,0.801083,0.667495,0.326819,0.961391,0.362105,17.089723
2106,0,2,0,13.517920,2.698738,0.552658,0.801803,0.666013,0.322941,0.965181,0.367305,20.044529
2107,1,2,1,13.507686,2.708265,0.549077,0.802671,0.664129,0.324185,0.972123,0.369022,20.052216
2108,1,2,1,13.329354,2.703514,0.552332,0.795673,0.666086,0.324480,0.969600,0.363582,19.854849
2109,1,2,1,9.193680,2.591145,0.556320,0.803292,0.666856,0.427662,0.978301,0.373840,15.744701
2110,1,2,1,13.397194,2.591987,0.552283,0.793440,0.661058,0.417293,0.974831,0.375735,19.917396
2111,1,2,1,10.538369,2.596012,0.545945,0.798978,0.663539,0.324836,0.972418,0.368289,16.959988
2112,1,2,1,13.272991,2.592277,0.546099,0.793330,0.661717,0.325064,0.971870,0.372696,19.686664
2113,1,2,1,11.793403,2.597034,0.544972,0.801016,0.664677,0.322849,0.963040,0.365262,18.201680
2114,1,2,1,12.471976,2.716530,0.552498,0.802800,0.663329,0.322701,0.972868,0.364357,19.018935
2115,1,2,1,13.339366,2.691083,0.548812,0.799582,0.663034,0.322794,0.974474,0.366874,19.856911
2116,1,2,1,13.345698,2.734627,0.585114,1.105403,0.676689,0.320123,0.973286,0.358911,20.262258
2117,1,2,1,13.262517,3.227680,0.552658,0.797144,0.664757,0.323643,0.970006,0.359747,20.315711
2118,1,2,1,10.413600,2.589532,0.638289,0.833101,0.673748,0.326314,0.969255,0.362498,16.961637
2119,1,2,1,10.491576,2.590824,0.553200,0.794548,0.663557,0.326474,0.973120,0.487803,17.034813
2120,1,2,1,11.517077,2.589853,0.546327,0.804880,0.667010,0.328184,0.971747,0.363945,17.936855
2121,1,2,1,13.201674,2.591188,0.552979,0.797206,0.664333,0.326124,0.966886,0.365101,19.615403
2122,1,2,1,11.498295,2.693108,0.553933,0.799797,0.664450,0.331816,0.968843,0.366541,18.027816
2123,0,2,1,11.339877,2.691262,0.551360,0.802603,0.661139,0.326394,0.973440,0.370369,17.866751
2124,1,2,1,11.346523,2.593262,0.552345,0.800080,0.772338,0.329090,0.963723,0.363809,17.876683
2125,1,2,1,10.107261,2.597249,0.551797,0.803046,0.659181,0.326689,0.974055,0.362972,16.532892
2126,1,2,1,12.246739,2.591667,0.547643,0.801182,0.663557,0.324499,0.970603,0.364701,18.658271
2127,1,2,1,9.193416,2.595624,0.551933,0.942123,0.680252,0.325384,0.971169,0.364905,15.778628
2128,1,2,1,9.214585,2.587169,0.544499,0.793268,0.672726,0.324283,0.960234,0.367305,15.612461
2129,1,2,1,10.472394,2.705372,0.561138,0.799779,0.667747,0.327114,0.973914,0.366055,17.022991
2130,1,2,1,13.113194,2.689083,0.548867,0.794364,0.664536,0.326830,0.976019,0.370173,19.636344
2131,1,2,1,10.993120,2.592425,0.544708,0.923379,0.670646,0.322511,0.971157,0.364228,17.536781
2132,1,2,1,11.081643,2.593612,0.549410,0.799268,0.664087,0.327649,0.972560,0.389550,17.525988
2133,1,2,1,11.157785,2.592708,0.547003,0.802862,0.660350,0.325705,0.974751,0.363778,17.571883
2134,1,2,1,10.861594,2.725717,0.552289,0.800136,0.668548,0.323877,0.974184,0.366603,17.425520
2135,1,2,1,13.320332,2.693606,0.548978,0.807827,0.659200,0.326376,0.973908,0.363507,19.844609
2136,1,2,1,13.283317,2.688228,0.547945,0.794683,0.666036,0.323576,0.976978,0.364578,19.797255
2137,1,2,1,13.341551,2.713231,0.553298,0.798154,0.664167,0.323237,0.974640,0.366185,19.886473
2138,1,2,1,10.405243,2.587914,0.546099,0.909108,0.687434,0.329225,0.975090,0.359914,16.955225
2139,1,2,1,10.429059,2.593797,0.545330,0.801767,0.667705,0.325773,0.974911,0.365181,16.854782
2140,1,2,1,10.545181,2.593433,0.548665,0.795200,0.669655,0.327914,0.972499,0.367372,16.972807
2141,1,2,1,13.444369,2.598105,0.556633,0.802136,0.665950,0.325551,0.975286,0.363914,19.882455
2142,1,2,1,11.716253,2.709046,0.551372,0.799065,0.664499,0.327538,0.974677,0.367059,18.262462
2143,1,2,1,12.288345,2.592677,0.647212,0.813618,0.665200,0.322923,0.972049,0.362455,18.815403
2144,1,2,1,13.290431,2.593563,0.651853,0.797341,0.675772,0.325778,0.968788,0.360012,19.814541
2145,1,2,0,10.538400,2.593003,0.547533,0.799667,0.661815,0.328167,0.977378,0.384388,16.985280
2146,1,2,1,10.387015,2.594775,0.546326,0.795760,0.660511,0.323643,0.974166,0.361618,16.795643
2147,1,2,1,12.244462,2.719760,0.551587,0.795083,0.669120,0.325760,0.971600,0.365661,18.797047
2148,1,2,1,10.525883,2.590517,0.665674,0.809963,0.672228,0.326727,0.959428,0.363292,17.064258
2149,1,2,1,10.516745,2.591520,0.553004,0.799797,0.669514,0.326025,0.974850,0.396117,16.982523
2150,1,2,1,12.429674,2.591926,0.543484,0.799828,0.666018,0.328991,0.958148,0.365588,18.835778
2151,1,2,1,11.362486,2.593077,0.552338,0.804116,0.658523,0.327507,0.961452,0.366147,17.779200
2152,0,2,0,13.134566,2.593053,0.552615,0.798363,0.659772,0.329932,0.972123,0.366572,19.558216
2153,1,2,1,13.383188,2.592997,0.552037,0.804886,0.669649,0.325175,0.971089,0.366695,19.816498
2154,1,2,1,10.462542,2.590086,0.659440,0.794351,0.661440,0.327341,0.971366,0.367896,16.985895
2155,1,2,1,10.525003,2.593766,0.545403,0.797427,0.665459,0.323963,0.961348,0.391003,16.959692
2156,1,2,1,11.129933,2.594671,0.552000,0.797501,0.660775,0.326308,0.959637,0.363433,17.535643
2157,1,2,1,10.436893,2.719170,0.550960,0.797366,0.667256,0.327329,0.961970,0.363489,16.978265
2158,1,2,1,10.465200,2.595065,0.552855,0.896905,0.674855,0.326597,0.973581,0.363274,16.998252
2159,0,2,1,11.824689,2.589982,0.550727,0.801372,0.662376,0.323391,0.967225,0.390178,18.263187
2160,1,2,1,13.259711,2.593711,0.554585,0.792412,0.664985,0.325176,0.973464,0.388523,19.700197
2161,0,2,0,13.572941,2.596264,0.548468,0.804142,0.665421,0.325409,0.962339,0.386258,20.016739
2162,1,2,1,13.382941,2.591760,0.548252,0.798837,0.666055,0.326523,0.974800,0.389267,19.829797
2163,1,2,1,10.437360,2.593852,0.542769,0.792049,0.665120,0.325421,0.972394,0.366972,16.847372
2164,1,2,0,13.638314,2.593027,0.544683,0.796092,0.662190,0.320265,0.970733,0.358954,20.034314
2165,0,2,0,13.637126,2.591914,0.550917,0.799434,0.666295,0.327120,0.972985,0.365680,20.063662
2166,1,2,1,13.353582,2.596099,0.550258,0.798953,0.665513,0.327674,0.958775,0.366074,19.767748
2167,1,2,1,10.465021,2.691163,0.553735,0.798941,0.662043,0.325939,0.972616,0.364892,16.986578
2168,1,2,1,12.437213,2.592351,0.665286,0.799157,0.662751,0.327268,0.962240,0.366751,18.964252
2169,1,2,1,13.324111,2.593273,0.681778,0.808941,0.668529,0.325920,0.963114,0.361956,19.883440
2170,1,2,1,11.708702,2.591951,0.550947,0.801212,0.756357,0.332381,0.974012,0.366492,18.251108
2171,1,2,1,11.338240,2.591988,0.549058,0.798701,0.664234,0.329225,0.972499,0.365323,17.760548
2172,1,2,1,11.608326,2.594535,0.550849,0.797304,0.664923,0.327483,0.970511,0.361668,18.027576
2173,1,2,1,10.531176,2.716604,0.556911,0.795139,0.668074,0.323932,0.969317,0.363434,17.078831
2174,0,2,0,10.664776,2.595889,0.549649,0.798523,0.774462,0.326831,0.974738,0.363754,17.202431
2175,1,2,1,10.537950,2.590929,0.545680,0.800160,0.659071,0.325791,0.965366,0.368012,16.944720
2176,0,2,0,13.596763,2.590659,0.546954,0.795827,0.663557,0.321748,0.970604,0.360714,19.997612
2177,0,2,0,13.688197,2.591378,0.546326,0.802185,0.660911,0.323796,0.975588,0.367816,20.107538
2178,0,2,0,11.687508,2.591440,0.545822,0.794154,0.661993,0.329778,0.962062,0.363760,18.085827
2179,1,2,1,10.532757,2.693138,0.548357,0.796492,0.659563,0.323496,0.970781,0.365982,17.045680
2180,1,2,1,10.525827,2.589717,0.543311,0.797379,0.662898,0.448092,0.977446,0.376973,17.071280
2181,1,2,1,10.420541,2.591741,0.546640,0.804812,0.672216,0.329231,0.968585,0.360357,16.846037
2182,1,2,1,10.036061,2.707360,0.550363,0.800474,0.669175,0.331600,0.974351,0.364523,16.585963
2183,1,2,1,10.588887,2.587938,0.552037,0.920757,0.683742,0.324068,0.958843,0.365471,17.135015
2184,1,2,1,13.301926,2.591907,0.551741,0.798302,0.775680,0.327711,0.961403,0.370455,19.828936
2185,0,2,0,13.352787,2.592824,0.552178,0.796628,0.775717,0.325692,0.972726,0.364000,19.885729
2186,1,2,1,12.479015,2.592006,0.549729,0.800222,0.664775,0.429428,0.971298,0.385231,19.028412
2187,1,2,1,13.290375,2.595341,0.549964,0.806652,0.665022,0.327237,0.964953,0.385224,19.736923
2188,1,2,1,9.361871,2.596369,0.547847,0.797717,0.661354,0.324683,0.969231,0.363465,15.772991
2189,1,2,1,10.539348,2.697760,0.558942,0.804037,0.669132,0.322960,0.972560,0.360954,17.078584
2190,1,2,1,11.538184,2.585052,0.547022,0.798609,0.777532,0.329299,0.973243,0.367053,18.071052
2191,1,2,1,10.471926,2.593600,0.543981,0.799760,0.668653,0.325588,0.970640,0.366394,16.894086
2192,1,2,1,11.132800,2.593459,0.554369,0.802843,0.664960,0.328234,0.960277,0.366868,17.554634
2193,1,2,1,10.455495,2.711428,0.549218,0.798468,0.668234,0.326929,0.961538,0.364911,16.987120
2194,1,2,1,13.302732,2.595705,0.560498,0.794597,0.666376,0.327163,0.971625,0.364831,19.822363
2195,1,2,1,10.567034,2.595138,0.548499,0.799145,0.667976,0.326209,0.966775,0.387778,17.012265
2196,0,2,0,13.223711,2.592240,0.552628,0.797145,0.662136,0.328978,0.970240,0.388480,19.671871
2197,1,2,1,13.362381,2.592665,0.547090,0.799895,0.672203,0.324203,0.978893,0.387293,19.820302
2198,1,2,1,12.474283,2.592733,0.544979,0.798911,0.671176,0.325458,0.970308,0.366517,18.893464
2199,1,2,1,10.533145,2.619373,0.555385,0.799926,0.662468,0.321957,0.970788,0.363773,16.988628
2200,1,2,1,11.869471,2.691797,0.557563,0.800031,0.667335,0.325655,0.971218,0.365723,18.400234
2201,1,2,1,9.151139,2.594554,0.547846,0.804203,0.669920,0.322830,0.968320,0.402769,15.618437
2202,1,2,1,10.420388,2.592658,0.550154,0.797175,0.661409,0.329440,0.961206,0.363784,16.827194
2203,1,2,1,10.580456,2.722720,0.554074,0.802966,0.659649,0.328954,0.975372,0.363778,17.139846
2204,1,2,1,10.621150,2.592357,0.552523,0.804419,0.772621,0.326430,0.961304,0.368271,17.152954
2205,1,2,1,11.505772,2.592911,0.546185,0.800191,0.665372,0.325563,0.974216,0.363846,18.007188
2206,1,2,1,13.281624,2.590677,0.543741,0.794935,0.658363,0.329409,0.970135,0.361532,19.681219
2207,0,2,0,13.380351,2.591213,0.545261,0.804763,0.661895,0.323569,0.970468,0.366474,19.793483
2208,1,2,1,13.687520,2.591545,0.552622,0.792283,0.670677,0.324873,0.972855,0.366061,20.108037
2209,1,2,1,10.614191,2.593076,0.543686,0.798887,0.663175,0.322750,0.974018,0.366363,17.028616
2210,1,2,1,11.076689,2.707200,0.549785,0.796677,0.660074,0.323686,0.971600,0.360787,17.601379
2211,1,2,1,13.287329,2.692228,0.551901,0.805723,0.661059,0.322394,0.963305,0.366886,19.801988
2212,1,2,1,13.284554,2.691748,0.554911,0.798191,0.661169,0.326800,0.968708,0.360474,19.797016
2213,1,2,1,10.502074,2.591428,0.549422,0.803981,0.660880,0.326437,0.974794,0.403557,16.969649
2214,0,2,0,13.779280,2.589766,0.554739,0.794622,0.657348,0.443784,0.977557,0.377200,20.329040
2215,1,2,1,11.273945,2.595766,0.547587,0.796104,0.660708,0.328179,0.972240,0.367440,17.696215
2216,1,2,1,10.059397,2.728265,0.553108,0.802487,0.666948,0.326018,0.969280,0.361064,16.615772
2217,0,2,0,13.687458,2.692455,0.552191,0.803680,0.663446,0.325951,0.975058,0.361052,20.214898
2218,1,2,1,11.168653,2.693016,0.556308,0.795268,0.661379,0.325317,0.969551,0.364166,17.684449
2219,1,2,1,12.947790,2.592966,0.679643,0.803532,0.668873,0.321169,0.968609,0.363311,19.497981
2220,1,2,1,11.053366,2.593692,0.550517,0.794166,0.665464,0.322892,0.963335,0.383674,17.475145
2221,1,2,1,13.280270,2.595323,0.543625,0.796339,0.667360,0.324012,0.963286,0.384511,19.712234
2222,1,2,1,12.575876,2.593070,0.547477,0.800160,0.666203,0.322572,0.963274,0.479827,19.101108
2223,1,2,1,11.197250,2.589668,0.553256,0.799766,0.662037,0.328043,0.961366,0.365507,17.610037
2224,1,2,1,11.509834,2.709698,0.554092,0.797772,0.660018,0.321975,0.971507,0.367496,18.047101
2225,1,2,1,10.506215,2.589539,0.547347,0.929742,0.679988,0.323779,0.969803,0.364720,17.063015
2226,0,2,0,13.341692,2.592412,0.550351,0.912763,0.671059,0.322172,0.969231,0.369065,19.879655
2227,1,2,1,10.989311,2.591021,0.549865,0.799366,0.662117,0.326154,0.977908,0.406769,17.460806
2228,1,2,1,13.318135,2.591181,0.551083,0.794456,0.665742,0.326732,0.969797,0.488037,19.854443
2229,1,2,1,10.525748,2.592634,0.551077,0.806966,0.661797,0.326345,0.961280,0.365268,16.945096
2230,0,2,0,13.603754,2.590745,0.547865,0.796708,0.665120,0.326006,0.973188,0.364215,20.016597
2231,0,2,0,13.609107,2.596653,0.547145,0.798370,0.669717,0.323231,0.973157,0.366664,20.029434
2232,0,2,0,13.285674,2.588923,0.545397,0.792277,0.663293,0.321667,0.960597,0.364031,19.671569
2233,0,2,0,13.688228,2.594794,0.554942,0.798573,0.664025,0.325219,0.973428,0.368812,20.117458
2234,1,2,1,11.434621,2.698935,0.557150,0.794486,0.670370,0.327077,0.971458,0.364972,17.970099
2235,1,2,1,10.501668,2.595643,0.550394,0.923003,0.674917,0.325089,0.959508,0.356683,17.042972
2236,1,2,1,13.348997,2.595723,0.550979,0.900153,0.675551,0.328006,0.974917,0.364880,19.893052
2237,1,2,1,10.478381,2.583976,0.553539,0.797853,0.662050,0.325083,0.971926,0.365021,16.887606
2238,1,2,1,11.595834,2.598978,0.546332,0.793877,0.659261,0.326535,0.964086,0.361840,17.995496
2239,1,2,1,11.342333,2.690843,0.550929,0.794936,0.663453,0.327040,0.971945,0.360751,17.856942
2240,1,2,0,12.171250,2.714689,0.550191,0.804997,0.666935,0.327440,0.961070,0.364000,18.708960
2241,1,2,1,11.461305,2.590468,0.551674,0.796344,0.782179,0.326012,0.961071,0.360855,17.986855
2242,1,2,1,11.098215,2.595015,0.552000,0.793637,0.659133,0.326578,0.973077,0.365680,17.518843
2243,0,2,0,13.641704,2.595600,0.546178,0.804733,0.662412,0.322886,0.959846,0.467760,20.153409
2244,1,2,1,10.457440,2.588536,0.545889,0.800400,0.663988,0.326394,0.974714,0.367680,16.875262
2245,1,2,1,11.073403,2.714603,0.541735,0.797576,0.660690,0.328227,0.973286,0.369403,17.614093
2246,0,2,0,13.563815,2.693163,0.547286,0.800381,0.664960,0.325600,0.968941,0.366019,20.079827
2247,1,2,1,11.529046,2.590732,0.546012,0.917926,0.665034,0.324991,0.966788,0.366049,18.061089
2248,1,2,1,10.939809,2.588406,0.546129,0.790781,0.667870,0.323730,0.996542,0.395526,17.401415
2249,0,2,0,13.323643,2.591643,0.544283,0.798068,0.670978,0.324086,0.971102,0.478276,19.855556
2250,1,2,1,11.158449,2.592732,0.550400,0.790148,0.659520,0.330751,0.961884,0.364744,17.557544
2251,1,2,1,13.278037,2.592369,0.542904,0.800351,0.666788,0.326966,0.972123,0.363827,19.697772
2252,1,2,1,11.489028,2.688979,0.556566,0.800530,0.661403,0.327674,0.969218,0.367680,18.012720
2253,1,2,1,13.332313,2.689914,0.553723,0.802892,0.663163,0.323225,0.974098,0.366000,19.858345
2254,1,2,1,13.200757,2.690308,0.551187,0.799009,0.663975,0.324567,0.974596,0.365329,19.719379
2255,1,2,1,13.116012,2.698474,0.554154,0.800793,0.660326,0.322997,0.973089,0.361490,19.642720
2256,1,2,1,13.283440,2.705077,0.550615,0.800000,0.664394,0.327083,0.964467,0.363108,19.807656
2257,1,2,1,13.512911,2.683932,0.552418,0.792991,0.666043,0.327182,0.969649,0.362886,20.019563
2258,1,2,1,10.551434,2.591803,0.553865,0.797723,0.775292,0.324634,0.962228,0.361907,17.071908
2259,1,2,0,13.559366,2.590708,0.553169,0.983360,0.715453,0.325397,0.976074,0.363176,20.223840
2260,1,2,1,11.042345,2.588283,0.549760,0.802763,0.663907,0.329292,0.970954,0.472744,17.570880
2261,1,2,1,10.543335,2.595286,0.549773,0.799766,0.666154,0.330535,0.973877,0.366720,16.977871
2262,1,2,1,13.440492,2.589908,0.549545,0.801379,0.662886,0.325218,0.970055,0.365551,19.852849
2263,1,2,1,10.574929,2.697366,0.550425,0.792191,0.664253,0.326941,0.971539,0.364880,17.097489
2264,1,2,1,13.476948,2.713127,0.555895,0.800424,0.662474,0.327114,0.972529,0.367188,20.026517
2265,0,2,0,13.555679,2.692677,0.549526,0.793126,0.665649,0.323618,0.971630,0.365428,20.070424
2266,0,2,0,13.473569,2.690086,0.550068,0.795440,0.658837,0.325963,0.975342,0.366634,19.989643
2267,1,2,1,11.058739,2.598486,0.545507,0.802228,0.795711,0.327656,0.960086,0.365390,17.606929
2268,1,2,1,13.433138,2.591889,0.547779,0.794406,0.771181,0.328105,0.970904,0.371600,19.961127
2269,1,2,1,11.051883,2.591809,0.550049,0.796030,0.665742,0.325674,0.971003,0.365151,17.465834
2270,1,2,1,10.486948,2.592394,0.544037,0.797336,0.665815,0.322806,0.970917,0.364050,16.895390
2271,1,2,1,12.570874,2.691170,0.548597,0.795219,0.666554,0.323699,0.970456,0.362147,19.083095
2272,0,2,0,13.030350,2.794695,0.554209,0.794523,0.667840,0.322622,0.961465,0.364307,19.641902
2273,1,2,1,12.952788,2.686191,0.552326,0.806794,0.664160,0.327348,0.971637,0.368123,19.478720
2274,1,2,1,11.250825,2.596406,0.551526,0.920259,0.676744,0.324628,0.959969,0.367637,17.799895
2275,1,2,1,10.523815,2.591539,0.550406,0.798942,0.663625,0.324874,0.963797,0.465576,17.037956
2276,1,2,0,13.612338,2.591551,0.547176,0.797730,0.668474,0.326628,0.967932,0.499760,20.165871
2277,0,2,0,13.170277,2.589655,0.546849,0.801261,0.665373,0.333348,0.961625,0.473292,19.692295
2278,1,2,1,13.084492,2.590812,0.554634,0.801920,0.665150,0.330954,0.975028,0.364615,19.518424
2279,1,2,1,10.624104,2.591890,0.549594,0.803687,0.663717,0.324215,0.971471,0.361255,17.042843
2280,1,2,1,11.118683,2.718086,0.551452,0.797742,0.665748,0.328228,0.973994,0.361705,17.666615
2281,1,2,1,10.572025,2.594548,0.549624,0.794461,0.665052,0.421187,0.975193,0.377760,17.105600
2282,1,2,1,10.494640,2.597378,0.544394,0.804135,0.665674,0.325502,0.959723,0.367071,16.906855
2283,1,2,1,10.415187,2.715520,0.553773,0.796536,0.661391,0.326775,0.972179,0.367889,16.961982
2284,1,2,0,12.767366,2.690191,0.551347,0.797225,0.664676,0.322369,0.972486,0.366886,19.284486
2285,1,2,1,13.321151,2.685028,0.549311,0.793477,0.661071,0.324253,0.973630,0.364751,19.828985
2286,1,2,1,13.483157,2.691409,0.548511,0.798111,0.660911,0.323858,0.972129,0.365126,19.994627
2287,1,2,1,11.273693,2.594929,0.549723,0.915809,0.674782,0.325311,0.971796,0.364917,17.823323
2288,1,2,1,13.319502,2.594130,0.548277,0.924788,0.681551,0.327384,0.973440,0.365606,19.889120
2289,0,2,0,13.221446,2.596024,0.553569,0.901126,0.879434,0.605901,0.989950,0.516622,20.438073
2290,1,2,1,11.212209,2.592708,0.558412,0.802167,0.665169,0.329496,0.965274,0.399680,17.678775
2291,1,2,1,11.153532,2.595538,0.549090,0.796400,0.663194,0.328215,0.962800,0.363310,17.562388
2292,0,2,0,14.109889,2.591427,0.555581,0.796997,0.660701,0.330074,0.970450,0.364474,20.529182
2293,1,2,1,12.749883,2.590554,0.551982,0.797564,0.662671,0.326548,0.975557,0.363231,19.170074
2294,1,2,1,10.552609,2.701471,0.550419,0.794585,0.665102,0.328942,0.973741,0.368702,17.085212
2295,1,2,1,13.476850,2.696080,0.553310,0.793483,0.669225,0.323274,0.971181,0.362603,19.999144
2296,1,2,1,10.540997,2.589484,0.549803,0.929459,0.672055,0.329096,0.974498,0.364923,17.101163
2297,1,2,1,13.341194,2.587877,0.545846,0.913514,0.663606,0.330221,0.974123,0.361329,19.868314
2298,1,2,1,9.328332,2.814733,0.545944,0.794013,0.662695,0.318751,0.962566,0.360806,15.938474
2299,1,2,1,10.935280,2.723533,0.555163,0.795846,0.666978,0.323668,0.976929,0.368351,17.498037
2300,1,2,1,10.573151,2.596868,0.662899,0.805218,0.669982,0.328671,0.970369,0.364665,17.123606
2301,0,2,0,13.111618,2.592837,0.545945,0.914043,0.669883,0.326566,0.974166,0.368191,19.656646
2302,1,2,1,10.495705,2.591471,0.546603,0.800443,0.666320,0.329569,0.973009,0.483896,17.042185
2303,1,2,1,11.542634,2.597686,0.545507,0.799293,0.668541,0.328302,0.972270,0.371446,17.975711
2304,0,2,0,13.555981,2.591440,0.548025,0.801816,0.659323,0.328517,0.961126,0.364818,19.961034
2305,1,2,1,11.051822,2.704000,0.553372,0.799360,0.664074,0.328259,0.972283,0.360104,17.587157
2306,1,2,1,10.454105,2.588683,0.547102,0.932683,0.668523,0.322905,0.961385,0.367095,16.991341
2307,1,2,1,13.351015,2.594646,0.547336,0.924148,0.666289,0.325514,0.973932,0.365551,19.902517
2308,1,2,1,11.208185,2.591317,0.545022,0.801150,0.661021,0.325557,0.961902,0.386338,17.629821
2309,1,2,1,13.280788,2.593661,0.545816,0.800111,0.663040,0.325434,0.976966,0.403520,19.745058
2310,1,2,1,11.439206,2.591366,0.544855,0.796782,0.665914,0.323508,0.970769,0.361366,17.844713
2311,1,2,1,10.469194,2.693317,0.548726,0.800493,0.665840,0.322240,0.973120,0.367840,16.991496
2312,1,2,1,11.280142,2.592960,0.653323,0.807815,0.673108,0.324984,0.959366,0.365938,17.810492
2313,1,2,1,11.984616,2.593791,0.554031,0.804874,0.773267,0.330382,0.977353,0.367353,18.543730
2314,1,2,1,13.338437,2.590480,0.555513,0.802093,0.769083,0.333939,0.972111,0.368480,19.888695
2315,1,2,1,10.430658,2.592147,0.545022,0.801459,0.664271,0.329040,0.962455,0.363594,16.838935
2316,1,2,1,10.608590,2.723587,0.555046,0.799747,0.665631,0.329286,0.970793,0.364136,17.172123
2317,1,2,1,10.638960,2.590092,0.550535,0.815089,0.671496,0.324443,0.970960,0.362086,17.163016
2318,1,2,1,10.491170,2.593372,0.540708,0.798972,0.665440,0.326474,0.972837,0.467809,17.005280
2319,1,2,1,10.409809,2.600258,0.549896,0.794695,0.663089,0.325809,0.960887,0.364320,16.819944
2320,1,2,1,14.222554,2.590135,0.547988,0.795902,0.664818,0.328018,0.975797,0.368794,20.644960
2321,1,2,1,11.032935,2.710203,0.554375,0.801988,0.661563,0.325963,0.972227,0.364800,17.579310
2322,1,2,1,11.083735,2.587907,0.552357,0.920295,0.671963,0.325101,0.959526,0.362142,17.615126
2323,1,2,1,10.575982,2.591040,0.549624,0.808733,0.663421,0.325901,0.960209,0.488696,17.113317
2324,1,2,1,12.032985,2.590197,0.544880,0.800609,0.664609,0.323710,0.961772,0.364246,18.435994
2325,1,2,1,13.320203,2.590418,0.548148,0.798375,0.668178,0.328086,0.970437,0.363108,19.736468
2326,1,2,1,11.547901,2.597625,0.549514,0.798978,0.668271,0.332505,0.968757,0.366733,17.982400
2327,1,2,1,13.226714,2.603575,0.552344,0.798185,0.665378,0.328326,0.977422,0.366270,19.670018
2328,1,2,1,10.432782,2.593304,0.635674,0.806511,0.671680,0.326185,0.959544,0.367711,16.943230
2329,1,2,1,13.427988,2.593858,0.668972,0.801047,0.668763,0.327120,0.972948,0.364178,19.978542
2330,1,2,1,13.337791,2.592320,0.646566,0.805557,0.672861,0.330086,0.960197,0.367108,19.866523
2331,1,2,1,13.320350,2.592424,0.649243,0.812203,0.671914,0.325354,0.973981,0.363378,19.860449
2332,1,2,1,10.558265,2.588339,0.547538,0.796259,0.658942,0.326560,1.038584,0.388836,17.054646
2333,1,2,1,11.029440,2.598923,0.545840,0.796105,0.661434,0.324364,0.971243,0.364006,17.444129
2334,1,2,1,10.477440,2.691742,0.549397,0.791778,0.664486,0.324670,0.973551,0.367594,16.994733
2335,1,2,1,10.447569,2.595219,0.548394,0.800831,0.787200,0.328633,0.970794,0.367662,17.002283
2336,0,2,0,13.634068,2.590363,0.550542,0.797920,0.781508,0.323736,0.961317,0.361951,20.156923
2337,1,2,1,11.256819,2.589932,0.547729,0.795102,0.668689,0.324548,0.961249,0.486314,17.788320
2338,1,2,1,11.064566,2.591046,0.552142,0.799816,0.658886,0.326658,0.975699,0.366763,17.485422
2339,1,2,1,10.523287,2.717120,0.543625,0.798055,0.664074,0.325053,0.973262,0.364400,17.060769
2340,1,2,0,13.476443,2.694807,0.550216,0.791071,0.660535,0.325920,0.974369,0.366665,19.993003
2341,1,2,0,13.196954,2.690585,0.551096,0.795409,0.662849,0.326154,0.971932,0.363256,19.711231
2342,1,2,1,13.157144,2.710505,0.547126,0.804517,0.658419,0.322179,0.970135,0.368013,19.688793
2343,1,2,1,11.917994,2.596270,0.549206,0.913827,0.667772,0.326264,0.972554,0.364247,18.462609
2344,1,2,1,13.349698,2.593945,0.553687,0.899846,0.675662,0.329631,0.958603,0.363299,19.875717
2345,1,2,1,10.434825,2.590068,0.546609,0.794505,0.666025,0.328800,0.975680,0.367704,16.856498
2346,1,2,1,13.446628,2.592185,0.548474,0.801317,0.666030,0.323895,0.976302,0.370296,19.875618
2347,1,2,1,13.294461,2.591409,0.553157,0.798572,0.661132,0.329169,0.961120,0.363588,19.704855
2348,1,2,0,13.652800,2.593747,0.549674,0.799631,0.667114,0.325379,0.973243,0.368523,20.080092
2349,1,2,1,10.661907,2.593760,0.548018,0.799538,0.664221,0.325274,0.968000,0.364880,17.075797
2350,0,2,0,13.635175,2.594437,0.543126,0.793754,0.664732,0.317028,0.968732,0.362333,20.027206
2351,1,2,1,11.063059,2.707236,0.555619,0.802215,0.669458,0.322529,0.971526,0.367569,17.614302
2352,1,2,1,10.457059,2.591544,0.548400,0.791840,0.663089,0.451594,0.966049,0.378462,16.999618
2353,1,2,1,11.218320,2.595907,0.548929,0.803932,0.665065,0.326812,0.974572,0.368178,17.652221
2354,1,2,1,13.358862,2.590093,0.545607,0.796572,0.664375,0.325483,0.961120,0.366616,19.757914
2355,1,2,1,11.230074,2.593169,0.547144,0.803945,0.663779,0.326172,0.963692,0.367310,17.648972
2356,1,2,1,13.515034,2.590302,0.550142,0.797329,0.662529,0.327453,0.970567,0.364916,19.930714
2357,1,2,1,10.556154,2.696073,0.544462,0.800511,0.670960,0.329970,0.968474,0.360713,17.078511
2358,1,2,1,10.524744,2.590222,0.550621,0.797495,0.662074,0.326099,0.966461,0.387594,16.955034
2359,1,2,1,10.892917,2.595865,0.545157,0.791902,0.659674,0.322874,0.974480,0.360812,17.295963
2360,0,2,0,13.505550,2.594628,0.544825,0.793206,0.662049,0.322283,0.960407,0.364209,19.900147
2361,1,2,0,13.547397,2.590413,0.549286,0.802092,0.663834,0.324295,0.972591,0.362690,19.961890
2362,1,2,1,10.442037,2.697305,0.550098,0.798209,0.664905,0.328394,0.961354,0.361151,16.954191
2363,1,2,0,13.542763,2.685095,0.549576,0.803680,0.659532,0.323034,0.972185,0.360234,20.047674
2364,0,2,0,13.632449,2.702098,0.551994,0.798781,0.665089,0.325945,0.971963,0.364289,20.164936
2365,1,2,1,11.494671,2.592025,0.659305,0.798751,0.665231,0.321957,0.973378,0.362886,18.021582
2366,1,2,1,12.507544,2.587495,0.551520,0.922751,0.676819,0.326357,0.972424,0.365471,19.063287
2367,1,2,1,13.343268,2.593421,0.550886,0.927028,0.676455,0.321833,0.971846,0.367070,19.906750
2368,1,2,1,10.108259,2.589907,0.548025,0.789612,0.663428,0.329127,0.962129,0.365132,16.505939
2369,1,2,1,10.465859,2.699292,0.549433,0.800430,0.668609,0.326462,0.975409,0.364154,17.002738
2370,1,2,1,10.455926,2.588351,0.651650,0.806978,0.664419,0.323612,0.958923,0.367070,16.971212
2371,1,2,1,11.191169,2.594622,0.549754,0.794129,0.664173,0.326179,0.972720,0.392394,17.637932
2372,1,2,1,10.539410,2.595735,0.545459,0.796258,0.664025,0.319200,0.972868,0.360862,16.941022
2373,0,2,0,13.097421,2.593982,0.548000,0.801717,0.667951,0.327520,0.971329,0.365089,19.524764
2374,1,2,1,10.491360,2.694750,0.547600,0.801963,0.664948,0.327021,0.970147,0.361624,17.011354
2375,1,2,1,13.377471,2.707650,0.549323,0.805422,0.661716,0.321280,0.970973,0.366314,19.914370
2376,1,2,1,13.242068,2.690221,0.547046,0.795422,0.660812,0.326246,0.959108,0.363563,19.735914
2377,1,2,1,10.522653,2.593797,0.550800,0.800566,0.663219,0.437963,0.975477,0.371126,17.070369
2378,1,2,1,13.230332,2.589815,0.552763,0.797274,0.660136,0.435877,0.966210,0.379477,19.765181
2379,1,2,1,10.793913,2.591988,0.546221,0.803244,0.668492,0.331163,0.974160,0.363581,17.221416
2380,1,2,1,10.391034,2.705224,0.552812,0.803933,0.666665,0.327046,0.974320,0.361299,16.935219
2381,0,2,1,13.473176,2.713421,0.556893,0.803649,0.665409,0.322610,0.972948,0.366763,20.026462
2382,1,2,1,10.449052,2.588763,0.554573,0.910849,0.672825,0.323963,0.968252,0.369255,16.990234
2383,1,2,1,10.116948,2.592646,0.549637,0.796554,0.662376,0.328560,0.971778,0.368492,16.538461
2384,1,2,1,11.510554,2.592849,0.545089,0.804406,0.660332,0.323507,0.964745,0.370049,17.919828
2385,1,2,1,10.533735,2.691434,0.552142,0.795594,0.665237,0.328844,0.970351,0.362535,17.052338
2386,1,2,1,10.448160,2.594314,0.554233,0.798763,0.663077,0.451065,0.965902,0.375070,17.003748
2387,1,2,1,13.333083,2.591699,0.547699,0.804960,0.670320,0.435219,0.968696,0.380542,19.885840
2388,1,2,1,10.490492,2.590117,0.553120,0.803336,0.658136,0.325083,0.969649,0.369650,16.908209
2389,1,2,1,11.206714,2.696382,0.550892,0.804148,0.669213,0.326179,0.968911,0.362129,17.739446
2390,1,2,1,12.568197,2.697680,0.552185,0.800277,0.665397,0.328043,0.970578,0.363735,19.096732
2391,1,2,1,10.565877,2.590954,0.550634,0.936130,0.673778,0.324233,0.975650,0.367969,17.139957
2392,1,2,1,13.236147,2.590991,0.546874,0.898277,0.675200,0.326031,0.961612,0.361784,19.751446
2393,1,2,0,13.480178,2.596197,0.550050,0.906634,0.668818,0.323046,0.972455,0.369268,20.019625
2394,1,2,1,11.326850,2.591846,0.550056,0.799471,0.657539,0.324289,0.965569,0.394375,17.761483
2395,1,2,0,12.268320,2.592191,0.547016,0.805563,0.664523,0.326277,0.963723,0.364566,18.686584
2396,1,2,1,11.097828,2.594578,0.547095,0.801390,0.660966,0.325089,0.958739,0.365914,17.498154
2397,1,2,1,13.294185,2.599520,0.546750,0.795619,0.667249,0.328381,0.960813,0.366763,19.710997
2398,1,2,1,10.468486,2.587477,0.670062,0.804591,0.668733,0.324468,0.971064,0.365163,17.012640
2399,0,2,0,13.748911,2.687656,0.556511,0.801963,0.666043,0.328393,0.970308,0.362345,20.274228
2400,1,2,1,13.136191,2.589569,0.670339,0.796320,0.665453,0.325127,0.974474,0.359459,19.666757
2401,1,2,1,10.597156,2.592733,0.550105,0.798862,0.664647,0.326726,0.968221,0.398708,17.048203
2402,1,2,1,13.331526,2.590511,0.548135,0.801280,0.663816,0.324012,0.976615,0.403939,19.792074
2403,1,2,0,10.813348,2.591668,0.548523,0.799729,0.660517,0.324861,0.960012,0.361452,17.210806
2404,1,2,1,10.535853,2.715840,0.555212,0.803348,0.671440,0.328227,0.960339,0.358529,17.079821
2405,1,2,1,12.234584,2.688141,0.548252,0.799575,0.668277,0.327022,0.971692,0.366548,18.756566
2406,1,2,1,13.022991,2.590979,0.645908,0.805508,0.666800,0.324216,0.975397,0.367452,19.552757
2407,1,2,1,10.973016,2.593170,0.547526,0.806055,0.671680,0.322616,0.965102,0.388960,17.422535
2408,1,2,1,10.530025,2.587987,0.547748,0.794050,0.661637,0.326061,0.977434,0.369409,16.944947
2409,1,2,1,10.516960,2.686622,0.555194,0.797723,0.663163,0.327403,0.972541,0.367852,17.040664
2410,1,2,0,13.323495,2.687773,0.554874,0.802123,0.662504,0.325655,0.960129,0.364350,19.831101
2411,1,2,1,11.021551,2.591963,0.552025,0.905545,0.677877,0.321606,0.962591,0.364142,17.551348
2412,1,2,1,13.247914,2.591889,0.548221,0.800727,0.787046,0.328536,0.973465,0.371268,19.801877
2413,1,2,1,10.486898,2.592246,0.547957,0.806708,0.663330,0.328867,0.973298,0.366246,16.917532
2414,1,2,1,11.430966,2.595821,0.548375,0.801520,0.669914,0.325139,0.970197,0.366899,17.857587
2415,1,2,1,11.219255,2.692818,0.550117,0.803083,0.665403,0.329440,0.972585,0.366227,17.753852
2416,1,2,1,11.769471,2.589871,0.659489,0.798308,0.666295,0.320941,0.960960,0.364702,18.284510
2417,1,2,0,13.118123,2.590136,0.552087,0.933815,0.669218,0.320443,0.974086,0.363181,19.672806
2418,1,2,1,13.290105,2.589945,0.550997,0.910524,0.664763,0.328511,0.960338,0.366375,19.812566
2419,0,2,1,13.471428,2.591046,0.546000,0.911397,0.671459,0.325926,0.961182,0.365139,19.995304
2420,1,2,1,13.253397,2.590185,0.548295,0.936375,0.670449,0.329028,0.971570,0.367465,19.816585
2421,1,2,1,10.572898,2.594430,0.544190,0.804905,0.667139,0.323391,0.973256,0.469126,17.102364
2422,1,2,0,13.484695,2.592277,0.550283,0.795052,0.666775,0.327477,0.975065,0.466031,20.007071
2423,1,2,1,10.527981,2.591889,0.544086,0.802412,0.660437,0.324339,0.973237,0.361533,16.936505
2424,1,2,1,10.428437,2.705643,0.553661,0.792511,0.666800,0.324357,0.964941,0.363686,16.958099
2425,1,2,1,10.558068,2.597711,0.557569,0.803249,0.658215,0.420979,0.985680,0.388246,17.128228
2426,1,2,1,13.323809,2.589662,0.551889,0.808271,0.664055,0.331698,1.059378,0.393286,19.874129
2427,1,2,1,12.304400,2.591809,0.548794,0.801803,0.660874,0.322025,0.960997,0.465963,18.808283
2428,1,2,1,10.351052,2.592012,0.550806,0.799280,0.665686,0.331563,0.973434,0.366775,16.782080
2429,1,2,1,11.397458,2.696142,0.552154,0.800573,0.665047,0.323495,0.975471,0.360855,17.924948
2430,1,2,1,11.108591,2.592191,0.548966,0.921428,0.669754,0.325544,0.972523,0.366240,17.658677
2431,1,2,1,10.520757,2.593409,0.548080,0.799637,0.665224,0.323151,0.972043,0.370708,16.945440
2432,1,2,1,10.617261,2.593428,0.544019,0.798474,0.657840,0.325674,0.972911,0.368616,17.027963
2433,1,2,1,10.529236,2.686732,0.555545,0.804000,0.665243,0.326892,0.971348,0.364252,17.057139
2434,1,2,1,10.465828,2.593649,0.553464,0.791003,0.659274,0.327680,0.970160,0.396406,16.909231
2435,1,2,1,11.931699,2.597311,0.542954,0.806283,0.671107,0.325274,0.962794,0.364450,18.353385
2436,0,2,0,13.703477,2.586689,0.546055,0.802025,0.664030,0.328031,0.974930,0.364450,20.120591
2437,1,2,1,10.588444,2.589508,0.551354,0.799520,0.664640,0.324296,0.974018,0.365046,17.007003
2438,1,2,0,13.699785,2.595760,0.550234,0.803471,0.672616,0.328449,0.967256,0.365686,20.135471
2439,1,2,1,10.506701,2.690037,0.564086,0.802338,0.667138,0.323969,0.972412,0.356862,17.037096
2440,1,2,1,13.351692,2.705698,0.550461,0.793422,0.665427,0.324388,0.975822,0.365305,19.885428
2441,1,2,1,10.977182,2.589895,0.551656,0.803157,0.658160,0.416382,0.976087,0.372419,17.498930
2442,0,2,0,13.164406,2.591809,0.552647,0.800781,0.657988,0.326449,0.967791,0.386461,19.602634
2443,1,2,1,10.519274,2.594732,0.546493,0.795994,0.667698,0.326695,0.963686,0.366893,16.933163
2444,0,2,0,13.680862,2.590996,0.548548,0.801557,0.662283,0.325729,0.974781,0.365064,20.101390
2445,1,2,1,10.064689,2.694523,0.554080,0.796572,0.657791,0.326474,0.972301,0.364111,16.582591
2446,1,2,1,13.356929,2.705570,0.543976,0.794270,0.662240,0.323532,0.972770,0.364942,19.877052
2447,1,2,1,11.425692,2.596517,0.554449,0.923249,0.673779,0.325933,0.972800,0.364991,17.991089
2448,1,2,1,13.355667,2.589994,0.550049,0.912473,0.671827,0.325778,0.959040,0.368413,19.885735
2449,1,2,1,13.186776,2.591341,0.551280,0.903446,0.679250,0.322369,0.970308,0.365729,19.725908
2450,1,2,1,13.181612,2.593907,0.557889,0.803403,0.787237,0.324978,0.974966,0.366923,19.743003
2451,1,2,1,13.315206,2.595625,0.547815,0.808012,0.795889,0.328191,0.960529,0.365410,19.869034
2452,1,2,1,11.378215,2.589816,0.552449,0.790665,0.662147,0.326973,0.972289,0.478301,17.900732
2453,1,2,1,11.269379,2.596067,0.542911,0.797421,0.669778,0.326646,0.970825,0.362911,17.688818
2454,1,2,1,11.228603,2.695193,0.547637,0.803489,0.668124,0.326738,0.971544,0.367280,17.757902
2455,1,2,1,11.544720,2.695077,0.551003,0.801711,0.666905,0.323298,0.976098,0.366141,18.077391
2456,1,2,1,13.317816,2.709243,0.555717,0.804295,0.665391,0.326142,0.960265,0.358917,19.849994
2457,1,2,1,10.559249,2.593501,0.547212,0.793114,0.668984,0.330055,0.960234,0.383077,16.988597
2458,1,2,1,10.069403,2.594246,0.548800,0.797551,0.664745,0.326757,0.974566,0.362923,16.487046
2459,1,2,1,10.522098,2.695710,0.545779,0.803335,0.662788,0.324930,0.960443,0.360234,17.025477
2460,1,2,1,10.498640,2.591114,0.552184,0.796130,0.668135,0.432246,0.975514,0.372769,17.035545
2461,1,2,1,11.042129,2.597871,0.548652,0.801329,0.665760,0.325390,0.975298,0.362751,17.468111
2462,0,2,0,13.616025,2.595434,0.548862,0.806301,0.667471,0.321471,0.967071,0.365280,20.037846
2463,1,2,1,10.451446,2.726400,0.551329,0.797520,0.667865,0.326917,0.973538,0.365034,17.011404
2464,1,2,1,13.587895,2.595249,0.552357,0.798554,0.669022,0.324585,0.961360,0.361852,19.999453
2465,1,2,1,10.512013,2.593416,0.654480,0.803686,0.666301,0.326542,0.969994,0.369360,17.046301
2466,0,2,0,13.422425,2.592591,0.667083,0.801920,0.670492,0.325852,0.975070,0.370062,19.976628
2467,0,2,0,13.500227,2.595532,0.652505,0.802954,0.670148,0.324566,0.973520,0.368259,20.039785
2468,0,2,0,13.723101,2.692609,0.548733,0.802320,0.666499,0.327016,0.972726,0.365095,20.246714
2469,1,2,1,10.978467,2.591170,0.553458,0.802584,0.664597,0.431637,0.975464,0.373938,17.522142
2470,1,2,1,13.329102,2.590179,0.554622,0.798025,0.661070,0.417243,0.973988,0.381827,19.856172
2471,0,2,0,13.557693,2.597582,0.546191,0.799772,0.658511,0.420535,0.974880,0.371816,20.080258
2472,1,2,1,11.510025,2.593138,0.542794,0.795329,0.666523,0.324074,0.962486,0.359705,17.904917
2473,1,2,1,10.584973,2.601132,0.545926,0.797644,0.670141,0.323286,0.970222,0.366665,17.009095
2474,0,2,0,14.031588,2.589470,0.544856,0.795021,0.662240,0.324253,0.960880,0.368314,20.423384
2475,1,2,1,10.432166,2.692086,0.553004,0.801932,0.664628,0.324074,0.961089,0.370825,16.950948
2476,1,2,1,13.374529,2.684535,0.555200,0.794997,0.666486,0.323453,0.974769,0.366653,19.893138
2477,0,2,0,13.081822,2.592480,0.674074,0.807176,0.671182,0.324314,0.972240,0.361668,19.637102
2478,0,2,0,13.539194,2.703607,0.552400,0.800782,0.671785,0.323649,0.968357,0.361520,20.071065
2479,0,2,0,13.580116,2.691717,0.548049,0.799803,0.664892,0.324055,0.973477,0.368972,20.109244
2480,1,2,1,13.199311,2.697680,0.553618,0.801219,0.655643,0.321452,0.971330,0.362850,19.712960
2481,1,2,1,10.915181,2.592530,0.552603,0.803889,0.669551,0.412757,0.988910,0.398505,17.491268
2482,1,2,1,11.465834,2.590172,0.553415,0.800418,0.663403,0.328098,0.961207,0.361471,17.875582
2483,1,2,1,10.620690,2.597126,0.546111,0.805280,0.661791,0.331200,0.974437,0.368929,17.056247
2484,1,2,1,13.244781,2.692702,0.550560,0.802136,0.665059,0.323502,0.973643,0.364615,19.767508
2485,1,2,1,11.144024,2.717329,0.552462,0.807305,0.661237,0.325342,0.973397,0.362419,17.695576
2486,1,2,1,12.533514,2.591323,0.548313,0.906880,0.664240,0.324252,0.971034,0.367865,19.057957
2487,1,2,1,11.111847,2.589643,0.544831,0.798425,0.664381,0.324184,0.967163,0.387870,17.540351
2488,1,2,1,13.344013,2.593194,0.551218,0.793575,0.663464,0.323760,0.967249,0.389748,19.776794
2489,0,2,0,13.734757,2.588542,0.544812,0.800511,0.664997,0.326203,0.964449,0.385440,20.165206
2490,1,2,1,11.056425,2.592314,0.546246,0.800302,0.663687,0.329581,0.959809,0.366012,17.463760
2491,1,2,1,10.417120,2.693717,0.548283,0.798025,0.662794,0.327218,0.977582,0.365570,16.943969
2492,1,2,1,11.083188,2.594301,0.550179,0.923483,0.675175,0.327699,0.971452,0.367329,17.643243
2493,1,2,1,13.343797,2.594560,0.546541,0.916043,0.671932,0.321477,0.973698,0.361933,19.885219
2494,1,2,1,13.324431,2.595010,0.554092,0.935926,0.671637,0.327612,0.970825,0.363446,19.898461
2495,1,2,1,11.822049,2.595163,0.553544,0.800911,0.667101,0.408573,0.990640,0.393465,18.387828
2496,1,2,1,11.486886,2.596203,0.553157,0.796843,0.661809,0.325477,0.969668,0.367033,17.909317
2497,1,2,1,10.632375,2.593963,0.543502,0.802794,0.668843,0.328689,0.972991,0.366966,17.063329
2498,1,2,1,13.991600,2.596148,0.543446,0.792935,0.655274,0.322714,0.960025,0.363847,20.372394
2499,0,2,0,13.457883,2.592960,0.550849,0.803569,0.667009,0.325489,0.963753,0.362628,19.876271
2500,1,2,1,13.428357,2.591939,0.548886,0.803594,0.664763,0.328751,0.970369,0.364923,19.852714
2501,1,2,1,11.741194,2.729274,0.550744,0.803902,0.666997,0.325342,0.960320,0.367003,18.295575
2502,1,2,1,13.294130,2.696117,0.550320,0.799582,0.663551,0.322487,0.970333,0.367471,19.817311
2503,1,2,1,10.497661,2.592025,0.548578,0.802388,0.776364,0.327336,0.970253,0.372135,17.040129
2504,1,2,1,10.485840,2.587668,0.546517,0.793631,0.661175,0.327120,0.970751,0.363828,16.885379
2505,1,2,1,10.399176,2.717729,0.552726,0.791816,0.665212,0.323667,0.972572,0.368941,16.942013
2506,0,2,0,13.524296,2.694775,0.553661,0.796960,0.663489,0.323969,0.960770,0.363446,20.033145
2507,1,2,1,10.537656,2.594363,0.641914,0.818302,0.675612,0.323421,0.958467,0.363268,17.068978
2508,1,2,1,11.294683,2.589797,0.548474,0.802843,0.660505,0.325403,0.977348,0.395815,17.749151
2509,1,2,1,13.438037,2.594049,0.550769,0.793939,0.665557,0.326025,0.974702,0.399169,19.898443
2510,1,2,1,11.469187,2.590892,0.548800,0.799840,0.665766,0.326061,0.969034,0.367224,17.886253
2511,0,2,1,13.443132,2.596037,0.545311,0.801717,0.667102,0.326941,0.971649,0.364197,19.869347
2512,0,2,1,13.262991,2.593908,0.545600,0.799594,0.668597,0.329784,0.964492,0.361237,19.679945
2513,0,2,0,13.582111,2.595668,0.542782,0.795409,0.668954,0.325988,0.975643,0.364178,20.004037
2514,1,2,1,11.586554,2.591914,0.551077,0.794898,0.659353,0.327034,0.962363,0.364696,17.988763
2515,1,2,1,11.127489,2.698548,0.555163,0.799151,0.667994,0.325163,0.963181,0.362339,17.650277
2516,1,2,1,13.110843,2.696431,0.552258,0.802677,0.660966,0.325637,0.972222,0.364665,19.639157
2517,0,2,0,13.150997,2.714252,0.549028,0.802197,0.664419,0.328332,0.974178,0.365465,19.699809
2518,0,2,1,13.533133,2.689957,0.552911,0.798954,0.667440,0.325649,0.972535,0.364800,20.055341
2519,1,2,1,10.574252,2.591329,0.547933,0.803194,0.662431,0.324800,0.966671,0.384332,17.006806
2520,1,2,0,13.558966,2.587139,0.546935,0.798345,0.666357,0.327957,0.964135,0.389095,19.992222
2521,0,2,0,13.087028,2.594393,0.550160,0.802332,0.662493,0.326800,0.967858,0.381378,19.527170
2522,1,2,1,10.513741,2.593840,0.540727,0.797145,0.662806,0.324486,0.976727,0.370302,16.928357
2523,1,2,0,12.616726,2.594739,0.544431,0.801932,0.667600,0.325145,0.961027,0.368067,19.033224
2524,1,2,1,11.294222,2.687219,0.550874,0.794818,0.661649,0.324782,0.971840,0.363545,17.801489
2525,1,2,1,10.530923,2.593101,0.555409,0.797890,0.778037,0.329649,0.973114,0.371027,17.085212
2526,1,2,1,12.659114,2.591028,0.555151,0.804929,0.669403,0.328381,0.969212,0.404474,19.134191
2527,1,2,1,13.450911,2.593396,0.548338,0.802320,0.667046,0.327809,0.972252,0.396252,19.913526
2528,1,2,1,10.400135,2.587077,0.543483,0.799655,0.666542,0.328024,0.963046,0.364511,16.802646
2529,1,2,1,10.435705,2.701994,0.550197,0.802234,0.663643,0.331766,0.973748,0.367169,16.976092
2530,1,2,1,10.977711,2.595378,0.549182,0.927772,0.674517,0.325852,0.976123,0.366899,17.546061
2531,0,2,0,13.532271,2.593600,0.550086,0.911428,0.670590,0.325040,0.976031,0.368129,20.080492
2532,1,2,1,13.143219,2.588381,0.546295,0.799145,0.774461,0.328487,0.969489,0.368246,19.667784
2533,1,2,1,13.308658,2.595994,0.551440,0.800782,0.793655,0.325341,0.972542,0.367157,19.868769
2534,1,2,1,11.040923,2.592160,0.546985,0.799563,0.660819,0.324437,0.972597,0.362461,17.450375
2535,1,2,1,13.376517,2.593791,0.546658,0.797249,0.662431,0.323729,0.972019,0.361163,19.788529
2536,1,2,1,13.538209,2.589052,0.551988,0.794289,0.667145,0.326400,0.973588,0.369397,19.961039
2537,1,2,1,13.477883,2.593477,0.550228,0.799022,0.667175,0.326327,0.969280,0.361127,19.897655
2538,1,2,1,12.343132,2.597902,0.548659,0.803932,0.661084,0.326634,0.962646,0.364683,18.759009
2539,0,2,0,13.699077,2.598819,0.540936,0.796978,0.659256,0.326099,0.974234,0.363274,20.109582
2540,1,2,1,13.396240,2.599636,0.548049,0.797440,0.659753,0.327570,0.970622,0.361637,19.810086
2541,0,2,0,13.674683,2.591003,0.546178,0.791496,0.664185,0.324154,0.973760,0.369926,20.084511
2542,1,2,1,11.026615,2.739033,0.549213,0.802794,0.662825,0.327175,0.971501,0.364093,17.592640
2543,0,2,0,13.693458,2.592664,0.548609,0.800006,0.661120,0.324271,0.969846,0.367951,20.109643
2544,1,2,1,13.214437,2.810431,0.552936,0.797821,0.661803,0.325120,0.975729,0.362406,19.852542
2545,1,2,0,13.496917,2.600578,0.547194,0.797083,0.663299,0.324714,0.971631,0.359834,19.921619
2546,0,2,0,13.717470,2.596264,0.548369,0.801821,0.664597,0.323927,0.976572,0.366098,20.142012
2547,1,2,1,12.240781,2.707465,0.554154,0.801243,0.666031,0.323877,0.961071,0.363902,18.771433
2548,1,2,1,9.187551,2.596603,0.547139,0.793120,0.664333,0.327483,0.969699,0.395994,15.636769
2549,1,2,1,13.361120,2.589397,0.545071,0.801274,0.661384,0.327926,0.975095,0.400462,19.814412
2550,1,2,1,13.509600,2.588738,0.549440,0.805071,0.663600,0.330123,0.974985,0.401009,19.972296
2551,1,2,1,13.318806,2.594578,0.552818,0.804818,0.672824,0.325877,0.969317,0.399711,19.795569
2552,1,2,0,13.850984,2.592080,0.548284,0.797052,0.664615,0.429748,0.968394,0.391532,20.397606
2553,1,2,1,10.450160,2.592627,0.544203,0.798732,0.661877,0.324006,0.973649,0.363772,16.860757
2554,1,2,1,13.349083,2.596369,0.543299,0.796824,0.669704,0.323981,0.961409,0.361600,19.751692
2555,1,2,1,11.530837,2.725933,0.553144,0.795496,0.664659,0.328560,0.973336,0.362695,18.090966
2556,1,2,1,12.848012,2.691287,0.549015,0.791311,0.668025,0.324633,0.971255,0.365988,19.361840
2557,1,2,1,13.342037,2.706689,0.548775,0.798141,0.666800,0.324874,0.969526,0.364142,19.874947
2558,1,2,1,13.387021,2.717723,0.548573,0.800296,0.661372,0.326400,0.971797,0.364388,19.927194
2559,1,2,1,10.550862,2.588954,0.552794,0.915853,0.675434,0.328388,0.969785,0.363686,17.101090
2560,1,2,1,10.434910,2.588788,0.545945,0.793625,0.663957,0.326584,0.963219,0.363391,16.828720
2561,1,2,1,10.601809,2.591495,0.549907,0.793175,0.663059,0.326123,0.961360,0.368345,17.008646
2562,0,2,0,12.740726,2.698185,0.553612,0.796732,0.664720,0.325298,0.972394,0.399618,19.305206
2563,1,2,1,10.567317,2.589803,0.654603,0.815766,0.672739,0.326068,0.976154,0.364437,17.125631
2564,1,2,1,12.218855,2.593348,0.549889,0.799390,0.798277,0.327194,0.973606,0.367643,18.782708
2565,1,2,1,11.556013,2.589674,0.547083,0.799268,0.663748,0.327470,0.972387,0.482991,18.091778
2566,0,2,1,13.426763,2.588098,0.551218,0.803292,0.660375,0.327206,0.968191,0.484228,19.963150
2567,0,2,0,13.475292,2.590634,0.547514,0.805717,0.660381,0.328984,1.061526,0.407730,20.032634
2568,1,2,1,13.305336,2.596184,0.551790,0.795096,0.661969,0.326985,0.959699,0.501643,19.852492
2569,1,2,1,10.522930,2.593563,0.544886,0.794240,0.666917,0.327231,0.973286,0.368350,16.945668
2570,1,2,1,10.487969,2.700061,0.553594,0.797366,0.666264,0.328184,0.962486,0.361175,17.009126
2571,1,2,1,11.320978,2.590861,0.549834,0.800923,0.797095,0.328683,0.976129,0.361976,17.878836
2572,0,2,0,13.025754,2.590530,0.550991,0.796665,0.776209,0.328166,0.972905,0.370167,19.562505
2573,1,2,1,12.592480,2.592400,0.549815,0.804007,0.667372,0.328277,0.962541,0.383188,19.033194
2574,1,2,1,10.433828,2.592621,0.544486,0.801286,0.662197,0.325705,0.972911,0.363902,16.848966
2575,1,2,1,13.420363,2.590659,0.547107,0.803311,0.666222,0.324997,0.974665,0.360511,19.838499
2576,1,2,1,11.471446,2.688258,0.545950,0.795711,0.664529,0.323132,0.959261,0.369612,17.969655
2577,1,2,1,10.537366,2.596142,0.551385,0.920972,0.675305,0.321342,0.971932,0.366966,17.095267
2578,1,2,1,13.375231,2.590929,0.554061,0.929422,0.678197,0.323225,0.963009,0.369674,19.936745
2579,1,2,1,9.657169,2.590468,0.544197,0.797705,0.676579,0.329551,0.962794,0.360911,16.073273
2580,1,2,1,13.392960,2.592486,0.553606,0.802173,0.666621,0.327729,0.973164,0.366529,19.822240
2581,1,2,1,10.501428,2.727145,0.551459,0.800800,0.663969,0.322339,0.970867,0.367133,17.054517
2582,1,2,1,13.326800,2.697077,0.551932,0.800025,0.664093,0.326726,0.958369,0.362770,19.840923
2583,1,2,1,10.550757,2.591785,0.550393,0.808431,0.671169,0.327132,0.973932,0.364782,17.079477
2584,1,2,1,10.430560,2.591920,0.554646,0.797434,0.665926,0.325748,0.975827,0.489330,16.983932
2585,1,2,1,10.399317,2.594449,0.547779,0.801372,0.659981,0.327920,0.967145,0.362136,16.810234
2586,1,2,1,11.228590,2.688572,0.547656,0.793723,0.664566,0.324776,0.976141,0.368640,17.745600
2587,1,2,1,13.354443,2.691397,0.549409,0.803366,0.657477,0.323963,0.971576,0.361735,19.867181
2588,1,2,1,13.226240,2.690443,0.549446,0.797046,0.663742,0.329637,0.971139,0.360413,19.741846
2589,1,2,1,13.351754,2.683212,0.552012,0.795317,0.663040,0.324443,0.973570,0.364197,19.861200
2590,1,2,1,11.002301,2.589305,0.551655,0.801403,0.809249,0.331545,0.974265,0.365797,17.583502
2591,1,2,1,10.587181,2.593723,0.549034,0.803182,0.659926,0.325692,0.972683,0.367218,17.008788
2592,1,2,1,13.367859,2.589847,0.551390,0.805668,0.665335,0.330480,0.961920,0.369809,19.792640
2593,1,2,1,12.239070,2.589403,0.554437,0.797108,0.657551,0.328924,0.960603,0.363150,18.648313
2594,1,2,1,13.445723,2.597507,0.551464,0.801656,0.657421,0.327384,0.974708,0.364843,19.871434
2595,1,2,1,13.355957,2.593360,0.544910,0.794738,0.664892,0.324486,0.964142,0.366289,19.762474
2596,1,2,1,13.494388,2.590979,0.553766,0.798738,0.663963,0.325415,0.971538,0.367650,19.916363
2597,1,2,1,10.560197,2.718425,0.550296,0.794628,0.664037,0.326105,0.976646,0.364270,17.107114
2598,1,2,0,13.549225,2.694240,0.548277,0.800086,0.669040,0.320074,0.959175,0.362289,20.056492
2599,1,2,1,11.530062,2.593797,0.546123,0.910338,0.669982,0.323760,0.969089,0.362671,18.057736
2600,1,2,1,11.482240,2.593606,0.549730,0.800252,0.668289,0.325378,0.969194,0.387846,17.927576
2601,1,2,1,9.172566,2.596191,0.543218,0.800548,0.665077,0.323791,0.971883,0.360991,15.587963
2602,1,2,1,13.404215,2.602739,0.550296,0.799347,0.659643,0.325587,0.959766,0.366548,19.817673
2603,1,2,1,13.293858,2.628326,0.551181,0.808467,0.663108,0.325034,0.960535,0.361957,19.828111
2604,1,2,1,13.117028,2.681643,0.557926,0.797570,0.666671,0.324991,0.974616,0.365760,19.641656
2605,1,2,1,12.187569,2.684327,0.552246,0.806221,0.665096,0.327606,0.972511,0.364197,18.716141
2606,1,2,1,10.515520,2.590480,0.548622,0.801157,0.800732,0.328473,0.972535,0.366154,17.080185
2607,1,2,1,11.461816,2.596338,0.548695,0.801557,0.658898,0.327003,0.967293,0.455459,17.976702
2608,1,2,1,11.188579,2.592419,0.541502,0.794461,0.657674,0.326086,0.975206,0.366745,17.592597
2609,1,2,1,14.068671,2.767397,0.571501,0.884418,0.763323,0.327384,0.970111,0.402419,20.922560
2610,1,2,1,14.466719,2.595489,0.548006,0.797527,0.821705,0.321151,0.973692,0.364701,21.042468
2611,1,2,1,11.661310,2.597686,0.546948,0.808074,0.659397,0.323249,0.959643,0.366701,18.074788
2612,1,2,1,10.522098,2.706867,0.548665,0.805323,0.665022,0.324923,0.975686,0.365550,17.066597
2613,1,2,1,10.568923,2.591532,0.549273,0.800191,0.855772,0.327871,0.975021,0.364819,17.193397
2614,1,2,1,10.519348,2.591348,0.548633,0.796498,0.664769,0.323631,0.968954,0.366443,16.929249
2615,1,2,1,10.621656,2.636733,0.558751,0.797175,0.661040,0.326800,0.972320,0.365576,17.102843
2616,0,2,0,14.080468,2.593649,0.546093,0.798363,0.710074,0.355089,0.962707,0.374221,20.618474
2617,1,2,1,11.280449,2.694018,0.546702,0.794290,0.659341,0.320203,0.971164,0.406480,17.827366
2618,1,2,1,13.505680,2.690702,0.605994,0.859342,0.674055,0.322634,0.962394,0.364486,20.143489
2619,1,2,1,12.128917,2.688640,0.547144,0.797089,0.820744,0.323846,0.962695,0.362123,18.790080
2620,1,2,1,13.495336,2.781680,0.555797,0.898314,0.785070,0.321280,0.974954,0.428609,20.402683
2621,1,2,1,11.303815,2.765335,0.724523,0.999834,0.782073,0.322733,1.007772,0.450782,18.556246
2622,1,2,1,12.384510,2.779557,0.546104,0.794843,0.781317,0.374800,1.001003,0.423693,19.246221
2623,0,2,0,13.334104,2.601495,0.547834,0.805902,0.716788,0.325071,0.975292,0.366406,19.925852
2624,1,2,1,13.366050,2.591194,0.554849,0.795588,0.706068,0.330763,0.977249,0.362966,19.933496
2625,1,2,1,13.121187,2.586295,0.548671,0.800308,0.821071,0.329016,0.969286,0.361366,19.696874
2626,1,2,1,11.390886,2.594677,0.546880,0.790905,0.666824,0.327200,0.959988,0.484745,17.914744
2627,1,2,1,11.489200,2.591846,0.547077,0.805231,0.663175,0.321126,0.974997,0.368068,17.913656
2628,1,2,1,13.362978,2.590530,0.550929,0.802523,0.666210,0.326172,0.972579,0.366320,19.790369
2629,1,2,1,13.385606,2.594086,0.554283,0.805674,0.662665,0.329404,0.959342,0.364886,19.806394
2630,1,2,1,11.897624,2.691514,0.545108,0.800634,0.666461,0.326160,0.969699,0.362462,18.412972
2631,0,2,1,13.689637,2.600892,0.549409,0.798960,0.661538,0.326634,0.971920,0.362024,20.113003
2632,0,2,0,13.285046,2.607809,0.554308,0.796314,0.663267,0.326018,0.975089,0.361126,19.828603
2633,1,2,1,11.284061,2.734449,0.551028,0.797114,0.667544,0.325009,0.973852,0.369071,17.854000
2634,1,2,1,13.286037,2.702492,0.549767,0.801852,0.661606,0.324807,0.961200,0.361379,19.801213
2635,1,2,1,11.532972,2.594031,0.553569,0.801458,0.797132,0.324252,0.975834,0.368733,18.106726
2636,1,2,0,13.299133,2.594252,0.552025,0.795637,0.776320,0.323440,0.973009,0.366529,19.831988
2637,1,2,1,13.349846,2.592671,0.545698,0.802794,0.770652,0.323231,0.972781,0.366726,19.880597
2638,1,2,0,13.214000,2.596191,0.551926,0.796960,0.796227,0.325354,0.970899,0.365434,19.772326
2639,0,2,0,13.050216,2.596025,0.540523,0.805403,0.663693,0.420295,0.973619,0.368547,19.571059
2640,1,2,1,10.375034,2.587668,0.543120,0.798246,0.664664,0.325157,0.976517,0.362874,16.782930
2641,1,2,1,10.414720,2.696498,0.547317,0.799816,0.661003,0.319674,0.966683,0.365077,16.926178
2642,0,2,0,13.525834,2.684640,0.554843,0.796517,0.661803,0.325477,0.975631,0.361176,20.035883
2643,1,2,1,10.519360,2.591668,0.553538,0.926597,0.672332,0.328566,0.965502,0.367144,17.079107
2644,1,2,1,13.459619,2.670960,0.744418,0.982148,0.833527,0.424375,0.998676,0.494985,20.820886
2645,1,2,1,15.481206,2.828523,0.656474,0.872941,0.830387,0.376966,0.996609,0.517133,22.755754
2646,0,2,0,14.827901,2.602461,0.551471,0.796314,0.677994,0.327477,0.970910,0.381077,21.288523
2647,1,2,1,13.295581,2.608794,0.564874,0.812874,0.680615,0.337551,0.982948,0.492948,19.939330
2648,1,2,1,12.738726,2.775944,0.652412,0.929895,0.767403,0.347865,0.976388,0.550148,19.929932
2649,1,2,1,11.503298,2.974351,0.678910,0.992536,0.858689,0.425065,0.989458,0.492947,19.125132
2650,1,2,1,11.462160,2.981015,0.644850,0.917255,0.814504,0.388486,0.977662,0.461415,18.839754
2651,1,2,1,13.892271,2.737649,0.556640,0.801496,0.678314,0.327987,0.964572,0.378536,20.496819
2652,1,2,1,11.694775,2.769077,0.565649,0.814972,0.836954,0.355969,0.971557,0.441754,18.632775
2653,1,2,1,13.771483,4.308713,0.694499,1.135773,0.934979,0.373859,0.985735,0.592234,23.026283
2654,1,2,1,13.609852,2.921760,0.667594,1.086985,0.945723,0.420837,1.006474,0.559821,21.431390
2655,1,2,1,13.875354,2.916874,0.654191,0.963421,0.931741,0.402677,0.990160,0.572086,21.523581
2656,1,2,1,14.135686,2.694203,0.580271,0.813698,0.867526,0.327932,0.961138,0.382628,20.928375
2657,0,2,0,14.258486,2.634307,0.684800,0.843286,0.709027,0.336024,0.974289,0.386616,20.989347
2658,1,2,1,11.366856,2.631735,0.574868,0.827156,0.700726,0.452604,0.979797,0.402720,18.096886
2659,0,2,0,13.783286,2.668369,0.578283,0.829754,0.837631,0.335674,0.978818,0.386295,20.566351
2660,1,2,1,12.822412,2.629243,0.573200,0.824831,0.695452,0.345600,0.979317,0.387169,19.520800
2661,1,2,1,10.656566,2.631120,0.573428,0.829816,0.695372,0.335483,0.971834,0.385858,17.240542
2662,1,2,1,10.820191,2.639532,0.570585,0.827360,0.703354,0.338997,0.975458,0.385157,17.421133
2663,1,2,1,11.748400,2.752307,0.578135,0.828086,0.701323,0.339348,0.979151,0.383378,18.470585
2664,0,2,0,13.652302,2.743730,0.574493,0.826092,0.701637,0.336818,0.962154,0.383933,20.341280
2665,1,2,1,10.683778,2.631255,0.570259,0.947643,0.712800,0.340880,0.975077,0.383071,17.407803
2666,1,2,1,11.758332,2.633299,0.570776,0.827982,0.700831,0.644486,0.969982,0.407175,18.670123
2667,0,2,1,13.640837,2.629434,0.574554,0.838375,0.822068,0.339908,0.968443,0.386093,20.361483
2668,1,2,1,10.645292,2.635372,0.574677,0.820216,0.699944,0.341889,0.974086,0.384375,17.233994
2669,1,2,0,13.662394,2.630061,0.565760,0.838683,0.705261,0.337588,0.974301,0.381643,20.253040
2670,1,2,1,10.785022,2.631053,0.569674,0.827047,0.700375,0.335243,0.975539,0.387680,17.367028
2671,1,2,1,10.677742,2.737175,0.575145,0.828080,0.708455,0.338061,0.971021,0.376277,17.374911
2672,1,2,1,13.571994,2.756178,0.573329,0.821933,0.705348,0.337785,0.961022,0.385323,20.271895
2673,0,2,0,13.964092,2.729821,0.574800,0.826369,0.699237,0.332843,0.972640,0.387662,20.646498
2674,1,2,1,11.387600,2.630825,0.681846,0.828886,0.705360,0.333914,0.964320,0.381994,18.074523
2675,1,2,0,11.084400,2.629212,0.573748,0.832166,0.701606,0.455588,0.966794,0.398609,17.803273
2676,1,2,1,11.261194,2.625889,0.575151,0.822966,0.708000,0.340591,0.975064,0.382093,17.846683
2677,1,2,1,13.625637,2.637569,0.572554,0.831655,0.698068,0.341563,0.971550,0.379446,20.215384
2678,1,2,1,10.729273,2.632166,0.573169,0.831353,0.704455,0.340234,0.974892,0.384480,17.328523
2679,1,2,0,9.430265,2.631576,0.690425,0.836209,0.709206,0.338314,0.976178,0.382818,16.155649
2680,1,2,1,13.619612,2.628948,0.585667,0.827883,0.701446,0.336308,0.963724,0.387797,20.306461
2681,1,2,1,11.468757,2.643292,0.574610,0.828917,0.819243,0.336099,0.975957,0.389384,18.196043
2682,1,2,0,13.365059,2.631587,0.573717,0.830769,0.816400,0.338733,0.966431,0.382683,20.064991
2683,1,2,1,13.562437,2.635212,0.571650,0.929828,0.711212,0.334997,0.965581,0.387465,20.259120
2684,1,2,1,10.316345,2.627871,0.570856,0.825545,0.704357,0.336825,0.974837,0.389840,16.903089
2685,0,2,0,13.851938,2.633268,0.576369,0.828892,0.698652,0.338923,0.973280,0.482018,20.540437
2686,1,2,1,10.612277,2.632671,0.568037,0.822966,0.706234,0.337206,0.976770,0.382572,17.194462
2687,1,2,1,13.585502,2.630388,0.567883,0.830979,0.706807,0.338037,0.973785,0.380228,20.174604
2688,1,2,1,11.301606,2.756148,0.573096,0.825027,0.694258,0.331914,0.963526,0.383612,17.988573
2689,1,2,1,11.201305,2.637354,0.690049,0.828615,0.710228,0.334948,0.975126,0.385224,17.920080
2690,0,2,0,13.480117,2.733243,0.588449,0.825200,0.707163,0.333889,0.976886,0.384942,20.190062
2691,1,2,1,11.728911,2.631828,0.573526,0.833385,0.844252,0.333434,0.968012,0.385883,18.463452
2692,1,2,1,10.712240,2.631206,0.570234,0.821009,0.702978,0.336418,0.972966,0.379083,17.284738
2693,0,2,0,13.628006,2.635188,0.572468,0.826708,0.707890,0.338412,0.975274,0.517452,20.362345
2694,0,2,0,13.654277,2.633773,0.573877,0.824209,0.706068,0.336819,0.966111,0.418425,20.273790
2695,1,2,1,10.701637,2.638591,0.574381,0.824025,0.703767,0.337256,0.975526,0.384204,17.295902
2696,1,2,1,10.280173,2.746419,0.574492,0.830093,0.702529,0.337237,0.967096,0.382375,16.978517
2697,0,2,0,13.919391,2.741003,0.571686,0.827237,0.696763,0.340000,0.976873,0.381145,20.613920
2698,1,2,1,11.340036,2.625607,0.677532,0.826677,0.700609,0.339108,0.963803,0.380320,18.013570
2699,1,2,1,10.765409,2.632794,0.570295,0.827323,0.702185,0.429748,0.981563,0.404111,17.473336
2700,1,2,1,13.480880,2.631773,0.569674,0.825009,0.705077,0.532197,0.975477,0.397286,20.275033
2701,1,2,1,13.531102,2.632997,0.572670,0.828640,0.828197,0.333963,0.978837,0.386271,20.253926
2702,1,2,1,10.642818,2.632172,0.573391,0.831391,0.703120,0.333883,0.971175,0.382757,17.226461
2703,0,2,0,14.029914,2.632326,0.567785,0.826283,0.705661,0.338892,0.980216,0.484006,20.724923
2704,1,2,1,10.686111,2.634585,0.573785,0.825723,0.699139,0.337169,0.964253,0.386338,17.263969
2705,1,2,1,13.549612,2.635840,0.575440,0.828098,0.708480,0.338837,0.972443,0.383126,20.150246
2706,1,2,1,13.810357,2.634381,0.573261,0.824978,0.699187,0.333212,0.965261,0.383274,20.378640
2707,1,2,1,10.643606,2.766160,0.581193,0.828221,0.705280,0.340991,0.979526,0.383576,17.388517
2708,1,2,1,10.758234,2.631046,0.569360,0.960062,0.711132,0.338732,0.971853,0.385951,17.487096
2709,1,2,1,11.700634,2.630653,0.653317,1.012357,0.913618,0.412141,0.992049,0.476824,18.978781
2710,1,2,1,10.650184,2.627293,0.574283,0.827674,0.706326,0.336240,0.973600,0.384769,17.240831
2711,1,2,1,10.833384,2.630917,0.567557,0.827816,0.707655,0.338111,0.974455,0.383459,17.421477
2712,1,2,1,10.661778,2.749391,0.573785,0.824812,0.702025,0.334344,0.978794,0.383785,17.366966
2713,1,2,1,11.622056,2.634012,0.572259,0.970006,0.706603,0.334960,0.975446,0.386591,18.362873
2714,1,2,1,10.789587,2.630431,0.569212,0.829520,0.706720,0.335969,0.977545,0.498080,17.493501
2715,1,2,1,13.533557,2.631667,0.569391,0.827778,0.706640,0.336154,0.971920,0.409779,20.147163
2716,1,2,1,11.242154,2.634136,0.570382,0.824523,0.696781,0.337766,0.976160,0.382351,17.818320
2717,0,2,0,13.926849,2.632843,0.570671,0.835286,0.702874,0.333212,0.973939,0.384314,20.520136
2718,1,2,1,11.631785,2.636086,0.573606,0.825784,0.702695,0.340671,0.972412,0.383538,18.223563
2719,1,2,1,10.707415,2.745378,0.573710,0.835865,0.701077,0.334308,0.964369,0.384787,17.408665
2720,1,2,1,9.423662,2.625637,0.574167,0.826203,0.706788,0.336363,0.966701,0.417588,16.036363
2721,1,2,1,10.768652,2.630843,0.573065,0.826597,0.705249,0.334301,0.976867,0.380345,17.353434
2722,1,2,1,13.993520,2.633200,0.572874,0.825046,0.703200,0.339778,0.967539,0.384880,20.578314
2723,1,2,1,10.765692,2.742929,0.573754,0.829416,0.699545,0.341514,0.965551,0.387058,17.467754
2724,1,2,1,10.747649,2.734012,0.577723,0.827175,0.702566,0.333021,0.971619,0.387828,17.440031
2725,1,2,1,10.738136,2.637064,0.572640,0.824252,0.702160,0.440412,0.980794,0.398468,17.452966
2726,1,2,1,13.474874,2.658634,0.575021,0.823145,0.700233,0.337766,0.971809,0.386923,20.179182
2727,0,2,0,13.773969,2.630474,0.572769,0.826443,0.830326,0.335612,0.972283,0.380289,20.480259
2728,1,2,1,10.785428,2.633274,0.571164,0.824542,0.702394,0.337563,0.975588,0.383742,17.374203
2729,1,2,0,13.715951,2.634185,0.569237,0.821533,0.704825,0.342523,0.974480,0.486547,20.407034
2730,1,2,1,11.566905,2.633810,0.570289,0.823723,0.702677,0.335994,0.963963,0.387483,18.143268
2731,0,2,0,13.935151,2.634523,0.572344,0.828000,0.702369,0.338991,0.968326,0.385102,20.526141
2732,1,2,1,10.668947,2.736609,0.572339,0.825409,0.701790,0.335219,0.973028,0.384277,17.355606
2733,1,2,1,13.716345,2.634566,0.568739,0.824800,0.699661,0.337427,0.974068,0.390689,20.304376
2734,1,2,1,11.661767,2.730991,0.575809,0.826806,0.701748,0.335520,0.973495,0.385539,18.351489
2735,1,2,1,13.437649,2.729772,0.575637,0.827156,0.697151,0.334745,0.974794,0.377883,20.113563
2736,1,2,1,11.301828,2.628898,0.688191,0.835827,0.709822,0.338966,0.974720,0.384314,18.024080
2737,1,2,1,13.578215,2.637176,0.697009,0.829483,0.700271,0.339182,0.973372,0.388203,20.305157
2738,1,2,1,9.432763,2.631575,0.573538,0.825084,0.703175,0.342431,0.977022,0.387187,16.102868
2739,1,2,1,13.574812,2.635668,0.574979,0.827274,0.700899,0.338954,0.961520,0.514043,20.295784
2740,1,2,1,11.442874,2.631145,0.576412,0.822332,0.703649,0.342172,0.974203,0.385459,18.036142
2741,1,2,1,13.625963,2.633446,0.576259,0.826954,0.699403,0.340523,0.972320,0.381803,20.216917
2742,1,2,1,13.414701,2.631225,0.570726,0.827564,0.699508,0.339649,0.975397,0.383969,20.000332
2743,1,2,1,12.225009,2.628929,0.571994,0.828831,0.706942,0.339268,0.975028,0.383988,18.819532
2744,1,2,1,10.673243,2.739526,0.567754,0.827975,0.702498,0.336437,0.964480,0.382516,17.354050
2745,1,2,0,13.132819,2.738659,0.572720,0.829662,0.704554,0.339237,0.972873,0.383434,19.835588
2746,1,2,1,11.546110,2.633231,0.568597,0.947231,0.706733,0.340444,0.965464,0.384787,18.252406
2747,1,2,0,13.651096,2.632467,0.680984,0.831809,0.707286,0.336770,0.966363,0.386622,20.353772
2748,1,2,0,13.740160,2.751519,0.575871,0.825772,0.701673,0.337526,0.978049,0.383600,20.450904
2749,1,2,1,11.930849,2.634874,0.572621,0.935440,0.704880,0.336849,0.962634,0.381317,18.621926
2750,1,2,1,13.561329,2.628701,0.578991,0.950277,0.711292,0.335969,0.972320,0.384431,20.284524
2751,1,2,1,13.560658,2.630640,0.766154,0.840418,0.709416,0.337458,0.970671,0.386616,20.365729
2752,1,2,1,11.748517,2.629668,0.571464,0.824689,0.819015,0.339501,0.977353,0.384117,18.454418
2753,1,2,1,10.702880,2.632406,0.569224,0.826652,0.699133,0.335317,0.977175,0.385213,17.287631
2754,1,2,1,10.821410,2.634750,0.566345,0.827095,0.703163,0.338726,0.967280,0.385077,17.401612
2755,1,2,1,10.725310,2.753028,0.577502,0.817846,0.700542,0.339261,0.966025,0.386037,17.428043
2756,1,2,1,10.728148,2.628640,0.572056,0.830732,0.834517,0.341434,0.972701,0.388221,17.461249
2757,1,2,1,11.167661,2.628320,0.571883,0.825059,0.707262,0.335575,0.976585,0.383896,17.753711
2758,1,2,0,13.703071,2.630056,0.575933,0.827446,0.699416,0.339790,0.977090,0.528960,20.445077
2759,1,2,1,11.133933,2.629600,0.573907,0.827908,0.696579,0.336148,0.963095,0.384590,17.704880
2760,1,2,1,10.731175,2.768898,0.575624,0.825613,0.704763,0.337323,0.976572,0.383329,17.461815
2761,1,2,1,13.350246,2.738788,0.572590,0.832240,0.708178,0.340548,0.978468,0.378197,20.060621
2762,1,2,1,13.595175,2.741188,0.571329,0.830098,0.704535,0.334062,0.962615,0.382154,20.277797
2763,1,2,1,11.240431,2.737926,0.584794,0.828567,0.705643,0.339299,0.967046,0.381415,17.946868
2764,1,2,1,10.724830,2.629587,0.566978,0.825514,0.697668,0.451077,0.977557,0.389274,17.419957
2765,1,2,1,11.790110,2.632733,0.572253,0.833317,0.700997,0.338597,0.977784,0.478787,18.486166
2766,1,2,0,13.665101,2.628843,0.570246,0.825052,0.705963,0.339237,0.970375,0.407181,20.274510
2767,1,2,1,13.487145,2.635643,0.575464,0.820296,0.705200,0.337471,0.971089,0.406173,20.100123
2768,0,2,0,10.083569,2.630517,0.569003,0.828283,0.703053,0.341815,0.966172,0.382000,16.659557
2769,1,2,1,11.273994,2.742954,0.576136,0.827920,0.700400,0.340031,0.976431,0.380652,17.976677
2770,1,2,1,13.586738,2.731489,0.570935,0.823551,0.704437,0.335311,0.964056,0.384744,20.261304
2771,1,2,1,13.558701,2.752148,0.569514,0.822086,0.698652,0.335471,0.964979,0.380874,20.242880
2772,1,2,1,11.738579,2.734234,0.575767,0.821705,0.700258,0.338455,0.976985,0.384222,18.429120
2773,1,2,1,10.805175,2.631655,0.577889,0.824818,0.828499,0.340191,0.977570,0.386129,17.531563
2774,1,2,1,11.267908,2.629748,0.571594,0.830750,0.701132,0.339323,0.976664,0.504800,17.978671
2775,1,2,1,11.711514,2.631132,0.575932,0.827600,0.708954,0.334566,0.975711,0.380289,18.306621
2776,1,2,1,12.192695,2.630117,0.574991,0.823582,0.707084,0.339465,0.977557,0.382763,18.787113
2777,1,2,1,11.166123,2.952560,0.575501,0.827028,0.701760,0.339748,0.971298,0.380203,18.075458
2778,1,2,1,10.790154,2.636203,0.572104,0.950929,0.707705,0.337329,0.961409,0.379772,17.492018
2779,1,2,1,10.791864,2.632505,0.572111,0.826000,0.699114,0.341667,0.969803,0.404221,17.395563
2780,1,2,1,10.676154,2.630542,0.567507,0.826523,0.700905,0.337963,0.972529,0.385926,17.254590
2781,1,2,1,11.449834,2.763102,0.575557,0.820788,0.702584,0.336178,0.973317,0.384511,18.167581
2782,0,2,0,13.850689,2.651747,0.567496,0.828997,0.704770,0.334979,0.976640,0.384314,20.462000
2783,1,2,1,11.412382,2.732695,0.574585,0.829852,0.702437,0.334394,0.975219,0.382277,18.102628
2784,1,2,1,13.420590,2.756486,0.574603,0.832480,0.705182,0.334338,0.963280,0.387538,20.130806
2785,1,2,1,11.260984,2.634640,0.575089,0.951704,0.710819,0.336387,0.973188,0.394701,17.996997
2786,1,2,1,11.710867,2.638117,0.571323,0.828535,0.703176,0.449101,0.981680,0.400529,18.442862
2787,1,2,1,10.690954,2.631071,0.570221,0.827422,0.703305,0.336215,0.966258,0.378579,17.263865
2788,1,2,1,11.853490,2.632590,0.575846,0.828061,0.701317,0.338018,0.973575,0.383544,18.444013
2789,1,2,1,12.757292,2.630203,0.573550,0.827705,0.703410,0.340105,0.974295,0.389373,19.355225
2790,1,2,1,10.764277,2.740984,0.579139,0.831674,0.702271,0.338480,0.974560,0.386117,17.479655
2791,0,2,0,13.808031,2.757261,0.578055,0.829465,0.703298,0.337649,0.976222,0.383686,20.532812
2792,1,2,1,10.717256,2.632708,0.576080,0.837046,0.813404,0.333138,0.978000,0.387883,17.432855
2793,0,2,0,13.624770,2.630708,0.571908,0.940824,0.709329,0.334960,0.972603,0.379028,20.322541
2794,1,2,1,13.150966,2.634160,0.575016,0.938400,0.707717,0.335329,0.967144,0.383760,19.853477
2795,1,2,1,10.672074,2.629594,0.572991,0.829532,0.704653,0.335907,0.965065,0.498178,17.370295
2796,1,2,1,10.625194,2.631852,0.571378,0.820702,0.701059,0.335200,0.972560,0.383797,17.197120
2797,1,2,1,13.670166,2.632745,0.572000,0.833575,0.701120,0.336000,0.969778,0.382339,20.255366
2798,1,2,1,13.584886,2.641545,0.570640,0.826621,0.703508,0.338252,0.977705,0.379981,20.179514
2799,1,2,1,13.660621,2.630850,0.576867,0.830948,0.701077,0.336929,0.978258,0.377348,20.253693
2800,1,2,1,13.488745,2.633674,0.569569,0.829840,0.696265,0.337280,0.976400,0.384006,20.075630
2801,1,2,1,11.667077,2.633237,0.571145,0.825724,0.703643,0.335698,0.976351,0.384283,18.257193
2802,0,2,0,13.763840,2.638683,0.576831,0.828234,0.701151,0.337987,0.962972,0.381477,20.349206
2803,1,2,1,13.051533,2.632018,0.570173,0.827244,0.701581,0.336683,0.966498,0.380184,19.626013
2804,1,2,1,13.537883,2.633828,0.573144,0.832782,0.700492,0.338861,0.975182,0.385766,20.134560
2805,1,2,1,10.791730,2.736511,0.570530,0.829409,0.700240,0.337102,0.977194,0.386529,17.490006
2806,1,2,1,13.508997,2.750960,0.570763,0.825212,0.699298,0.334080,0.970979,0.383575,20.202917
2807,1,2,1,10.753920,2.632757,0.570314,0.829286,0.827705,0.335458,0.968942,0.385378,17.467384
2808,1,2,1,13.085557,2.630861,0.568861,0.825163,0.832856,0.340215,0.964646,0.383896,19.795698
2809,1,2,1,11.219292,2.631692,0.570363,0.824775,0.705655,0.335304,0.972104,0.509532,17.930037
2810,0,2,1,13.489169,2.631490,0.573415,0.827809,0.702339,0.338591,0.972461,0.424468,20.120892
2811,1,2,1,13.564770,2.635144,0.573071,0.826806,0.703957,0.340776,0.964123,0.418824,20.188572
2812,1,2,1,11.607976,2.635237,0.575871,0.825477,0.701785,0.336609,0.973188,0.380850,18.196136
2813,1,2,1,11.315489,2.634357,0.571988,0.825385,0.697674,0.338018,0.975323,0.383945,17.900172
2814,1,2,1,13.617458,2.633206,0.573680,0.825920,0.706874,0.336690,0.975784,0.388947,20.215514
2815,1,2,1,13.449378,2.634849,0.575939,0.828677,0.704092,0.337163,0.977053,0.382000,20.046695
2816,1,2,0,13.850554,2.634431,0.572283,0.823237,0.704246,0.337754,0.961736,0.394264,20.434221
2817,1,2,1,13.389372,2.639920,0.574923,0.825693,0.702689,0.339317,0.974449,0.382941,19.987717
2818,1,2,1,10.703847,2.746444,0.577083,0.823102,0.706468,0.341471,0.966111,0.383742,17.407052
2819,1,2,1,13.657016,2.736375,0.575120,0.829619,0.706523,0.339693,0.963902,0.379821,20.352099
2820,0,2,0,13.524314,2.731384,0.581803,0.821593,0.700677,0.335803,0.978954,0.383631,20.218400
2821,1,2,1,11.354357,2.740228,0.572209,0.829625,0.699661,0.332991,0.975268,0.385539,18.047791
2822,1,2,1,13.491047,2.749434,0.574898,0.824382,0.698253,0.334215,0.977612,0.386301,20.194375
2823,1,2,1,9.752824,2.633853,0.569730,0.834917,0.704264,0.339784,0.966493,0.402560,16.362449
2824,1,2,1,11.422788,2.630369,0.569650,0.822216,0.703367,0.333335,0.964794,0.384511,17.991772
2825,1,2,1,11.833145,2.633422,0.569729,0.828733,0.701133,0.337717,0.973397,0.379126,18.413588
2826,0,2,0,13.804830,2.634290,0.568227,0.824825,0.702259,0.342467,0.962831,0.384652,20.384105
2827,0,2,0,13.776689,2.632307,0.574720,0.831680,0.702893,0.339680,0.962493,0.385428,20.364818
2828,1,2,1,11.026862,2.761317,0.570505,0.825674,0.697021,0.338547,0.972363,0.384363,17.736124
2829,1,2,1,13.449612,2.736867,0.578480,0.831336,0.703114,0.341785,0.977729,0.383993,20.162905
2830,0,2,0,13.043944,2.730018,0.576603,0.826462,0.701951,0.336609,0.972579,0.382376,19.730917
2831,1,2,1,11.782837,2.758603,0.570566,0.832049,0.697384,0.335710,0.977360,0.384892,18.498363
2832,1,2,1,10.827114,2.625993,0.572874,0.823939,0.829305,0.334307,0.966154,0.388253,17.528972
2833,1,2,1,11.274301,2.633009,0.568542,0.837409,0.701803,0.336732,0.973065,0.485501,17.968184
2834,1,2,1,10.702726,2.630855,0.570418,0.825526,0.697950,0.339268,0.978541,0.383520,17.284658
2835,1,2,1,11.360480,2.741021,0.577920,0.833335,0.703077,0.340418,0.978086,0.384701,18.081046
2836,1,2,1,10.757022,2.633846,0.575637,1.060991,0.766708,0.359569,1.001360,0.466702,17.796012
2837,1,2,1,13.921533,2.736695,0.567465,0.825452,0.701699,0.332449,0.978049,0.380739,20.603569
2838,1,2,1,13.569545,2.755508,0.573292,0.821914,0.707102,0.334185,0.976080,0.382400,20.276910
2839,1,2,1,13.660092,2.743176,0.572683,0.826407,0.700720,0.337181,0.971268,0.385631,20.358265
2840,1,2,1,11.540031,2.629852,0.570356,0.940338,0.710935,0.339193,0.965428,0.383483,18.238111
2841,0,2,1,11.238708,2.629342,0.573871,0.823705,0.701151,0.339539,0.963230,0.404634,17.833206
2842,1,2,1,13.497464,2.629988,0.566216,0.826499,0.705507,0.430535,0.966339,0.397335,20.178431
2843,1,2,1,11.354437,2.634708,0.565920,0.827687,0.702246,0.340092,0.977809,0.380289,17.944197
2844,1,2,1,11.824590,2.634474,0.574843,0.829126,0.698904,0.335310,0.973415,0.382382,18.409969
2845,1,2,1,10.717661,2.738991,0.576800,0.819797,0.703452,0.338043,0.973890,0.382788,17.412369
2846,1,2,1,10.789194,2.629932,0.569970,0.952911,0.717563,0.337095,0.972387,0.387089,17.514954
2847,1,2,1,10.619742,2.629465,0.569834,0.830486,0.701735,0.336843,0.969809,0.520615,17.339489
2848,1,2,1,13.527286,2.633932,0.578566,0.830234,0.705046,0.337133,0.967169,0.415458,20.156455
2849,1,2,1,12.141059,2.632591,0.575717,0.831668,0.701901,0.338818,0.970510,0.381256,18.732523
2850,1,2,1,10.819379,2.630067,0.565613,0.829342,0.704031,0.340382,0.963342,0.385871,17.396000
2851,1,2,1,10.771157,2.740184,0.578499,0.823176,0.697692,0.337102,0.962572,0.384781,17.455453
2852,1,2,1,11.663133,2.628013,0.573650,0.939470,0.709071,0.338782,0.964314,0.386276,18.362572
2853,0,2,0,13.816413,2.633021,0.680191,0.841846,0.708659,0.339101,0.961225,0.385625,20.527711
2854,1,2,0,13.702135,2.635372,0.698080,0.832511,0.698031,0.340295,0.971317,0.382363,20.420215
2855,1,2,1,11.702116,2.633188,0.572406,0.835988,0.812676,0.336868,0.973231,0.385415,18.413489
2856,1,2,1,10.594929,2.630142,0.569219,0.822093,0.703428,0.334812,0.977957,0.385704,17.177317
2857,1,2,1,10.841649,2.634923,0.575120,0.825188,0.705773,0.335920,0.973046,0.387336,17.434807
2858,0,2,0,13.909539,2.628997,0.572979,0.829889,0.697994,0.335397,0.962203,0.384129,20.478412
2859,1,2,1,13.712443,2.629169,0.571803,0.826862,0.697372,0.339428,0.978880,0.384720,20.300252
2860,1,2,1,13.650012,2.633520,0.569883,0.829987,0.702603,0.335901,0.979791,0.385631,20.244560
2861,1,2,1,10.687465,2.737274,0.569994,0.825175,0.703477,0.338610,0.970892,0.386142,17.376265
2862,1,2,1,13.515699,2.737809,0.581034,0.828246,0.694683,0.337723,0.975070,0.382812,20.210591
2863,1,2,0,13.569132,2.759871,0.577520,0.826092,0.697520,0.336031,0.976216,0.378504,20.280344
2864,1,2,1,13.404954,2.730548,0.578831,0.830560,0.705317,0.337391,0.962308,0.380431,20.089766
2865,1,2,1,11.259483,2.732985,0.578517,0.828536,0.702160,0.334935,0.975367,0.387181,17.959366
2866,1,2,1,13.448191,2.759791,0.572862,0.828850,0.705607,0.334714,0.964154,0.383181,20.157040
2867,1,2,1,10.698000,2.639914,0.575729,0.835212,0.834394,0.339853,0.963944,0.387489,17.438517
2868,1,2,1,12.510572,2.628437,0.577661,0.826308,0.703416,0.447963,0.978966,0.404307,19.236117
2869,1,2,1,10.650209,2.636129,0.576677,0.830567,0.701527,0.342043,0.964253,0.388868,17.249458
2870,1,2,1,13.803877,2.628480,0.569095,0.829619,0.703870,0.342609,0.974647,0.383538,20.391428
2871,0,2,0,13.686351,2.629465,0.575895,0.832067,0.702547,0.338904,0.977138,0.382830,20.285822
2872,1,2,1,13.012357,2.632523,0.574825,0.828547,0.701182,0.338468,0.977853,0.387015,19.610437
2873,1,2,1,11.784523,2.634708,0.573329,0.830468,0.702683,0.339852,0.970536,0.381366,18.376425
2874,1,2,1,13.699667,2.636351,0.573034,0.822572,0.700825,0.337778,0.963526,0.389557,20.281483
2875,1,2,1,9.399926,2.759237,0.576431,0.831477,0.709021,0.333495,0.965071,0.384966,16.117465
2876,1,2,0,13.490271,2.753126,0.574173,0.821987,0.697372,0.337834,0.977182,0.384031,20.190295
2877,1,2,1,9.400738,2.632640,0.569151,0.825920,0.703176,0.335286,0.969255,0.406049,16.000240
2878,0,2,0,13.510991,2.629305,0.565834,0.824727,0.699656,0.335096,0.968794,0.402671,20.096246
2879,0,2,0,13.822597,2.630677,0.568449,0.829342,0.708947,0.341243,1.061982,0.402419,20.525520
2880,0,2,1,12.758024,2.634055,0.570837,0.825563,0.704364,0.337421,0.973717,0.411514,19.372628
2881,1,2,1,10.723348,2.633200,0.566110,0.832812,0.695231,0.339729,0.974375,0.386806,17.309705
2882,1,2,0,9.363403,2.763816,0.566228,0.827212,0.706412,0.331846,0.966215,0.388086,16.073317
2883,1,2,1,10.724850,2.630080,0.578024,0.826536,0.703871,0.358203,0.969680,0.391828,17.432843
2884,1,2,1,10.675736,2.630633,0.570966,0.832283,0.704769,0.342387,0.972394,0.387379,17.271717
2885,1,2,1,13.709360,2.632695,0.574911,0.831452,0.698917,0.335231,0.975027,0.384990,20.303219
2886,0,2,0,13.689618,2.631046,0.576099,0.830819,0.707624,0.335668,0.975496,0.385803,20.288954
2887,1,2,1,12.155723,2.635391,0.563434,0.817926,0.701779,0.334542,0.978006,0.382529,18.729742
2888,1,2,1,13.668591,2.628628,0.578068,0.830726,0.703570,0.337415,0.978720,0.384775,20.264467
2889,1,2,1,10.325157,2.744129,0.570184,0.833957,0.706960,0.339360,0.975711,0.380744,17.032111
2890,0,2,0,13.693477,2.734517,0.573360,0.824246,0.702388,0.333945,0.963570,0.382271,20.367470
2891,1,2,1,11.722387,2.760892,0.577939,0.837366,0.699212,0.338332,0.976880,0.386849,18.457563
2892,1,2,1,13.142880,2.738899,0.572942,0.822751,0.704289,0.340621,0.974954,0.381003,19.837144
2893,1,2,1,13.536456,2.738948,0.575016,0.828640,0.701465,0.333631,0.975987,0.385323,20.232627
2894,1,2,1,13.582548,2.740240,0.575582,0.834689,0.696493,0.338880,0.974092,0.388425,20.285667
2895,1,2,1,10.755877,2.629939,0.574117,0.944203,0.708584,0.335427,0.975951,0.381883,17.464333
2896,1,2,1,10.756849,2.630012,0.570295,0.824972,0.702689,0.338751,0.982123,0.410523,17.376708
2897,1,2,1,10.698191,2.632302,0.568407,0.823139,0.707348,0.336314,0.979243,0.379625,17.282941
2898,1,2,1,13.031427,2.631076,0.572972,0.823809,0.699237,0.337816,0.978407,0.385742,19.618252
2899,1,2,1,11.711588,2.734326,0.576806,0.835040,0.700523,0.342782,0.963477,0.384203,18.409668
2900,0,2,0,13.693729,2.722376,0.572867,0.826966,0.701877,0.334344,0.976604,0.382351,20.369083
2901,1,2,1,10.748880,2.632425,0.604302,0.825323,0.703348,0.336689,0.963336,0.380941,17.457742
2902,0,2,0,13.709101,2.735846,0.573588,0.824530,0.701883,0.333643,0.971237,0.383483,20.391237
2903,1,2,1,13.570898,2.734197,0.582498,0.823200,0.706646,0.336646,0.973027,0.380486,20.267772
2904,0,2,0,13.637766,2.744640,0.575662,0.827741,0.703791,0.336339,0.964738,0.381594,20.330597
2905,1,2,0,13.782677,2.740246,0.579434,0.825108,0.698314,0.338295,0.973304,0.383164,20.479206
2906,1,2,1,10.726234,2.630129,0.572456,0.956530,0.713796,0.334338,0.964000,0.378369,17.431816
2907,1,2,1,10.797261,2.634917,0.567563,0.826653,0.708117,0.338382,0.973237,0.415446,17.421311
2908,1,2,1,10.624240,2.630806,0.572781,0.825175,0.707213,0.339268,0.980024,0.386030,17.223009
2909,1,2,1,13.735274,2.638179,0.557305,0.815902,0.696067,0.326646,0.975391,0.382185,20.284357
2910,1,2,1,11.305009,2.758338,0.577342,0.825883,0.707330,0.337514,0.978443,0.389581,18.037009
2911,1,2,0,13.834935,2.640498,0.566867,0.820597,0.706929,0.338985,0.973114,0.385963,20.423237
2912,1,2,1,13.694351,2.634215,0.568375,0.822473,0.696431,0.338393,0.963114,0.384357,20.259114
2913,1,2,1,10.801507,2.764049,0.575428,0.826573,0.699163,0.334283,0.974640,0.382259,17.518461
2914,1,2,1,10.804745,2.629114,0.574702,0.822615,0.817618,0.340135,0.962480,0.378062,17.489403
2915,0,2,0,13.975102,2.637945,0.573852,0.947944,0.706892,0.337483,0.979932,0.386203,20.704855
2916,0,2,0,13.752388,2.633022,0.672628,0.827655,0.701779,0.336068,0.969557,0.390252,20.444357
2917,1,2,1,11.803114,2.635040,0.572259,0.828905,0.843397,0.337724,0.977747,0.381114,18.535957
2918,0,2,1,14.210929,2.632215,0.572000,0.943090,0.708621,0.341126,0.970615,0.384991,20.920867
2919,1,2,1,13.381360,2.632400,0.571286,0.937231,0.709384,0.339907,0.974800,0.384080,20.091299
2920,0,2,0,13.792683,2.631009,0.690289,0.830018,0.701083,0.338123,0.976277,0.382542,20.497643
2921,1,2,1,13.419459,2.735833,0.571440,0.831058,0.702142,0.336055,0.973071,0.384868,20.114030
2922,1,2,1,12.994603,2.632080,0.701348,0.832007,0.704553,0.336191,0.961747,0.388985,19.713138
2923,1,2,1,11.487360,2.632111,0.568597,0.829747,0.834819,0.343040,0.965618,0.391588,18.211539
2924,1,2,1,13.733071,2.642708,0.573483,0.946733,0.713415,0.336393,0.970160,0.386333,20.463865
2925,1,2,1,10.735987,2.632904,0.572357,0.828794,0.700043,0.336431,0.974616,0.484726,17.421649
2926,1,2,1,11.608307,2.633298,0.570407,0.820825,0.700824,0.343268,0.975630,0.384824,18.195668
2927,0,2,0,13.925791,2.632363,0.573951,0.832597,0.700560,0.341871,0.973108,0.385304,20.524468
2928,1,2,1,11.802850,2.642215,0.571760,0.823243,0.697994,0.339102,0.977827,0.387348,18.400123
2929,1,2,1,11.512800,2.758701,0.580702,0.823680,0.702905,0.336554,0.972825,0.386210,18.234123
2930,1,2,1,10.760917,2.625354,0.578160,0.947846,0.716357,0.337249,0.978566,0.376941,17.482394
2931,1,2,1,13.557003,2.633262,0.681612,0.835231,0.708111,0.334098,0.963114,0.386332,20.261483
2932,1,2,1,11.409243,2.637489,0.575815,0.826763,0.705287,0.359422,0.977865,0.391907,18.151126
2933,0,2,0,13.765791,2.638701,0.569852,0.831157,0.829016,0.335219,0.971563,0.384775,20.490850
2934,1,2,1,13.564098,2.628320,0.568474,0.925754,0.716074,0.340240,0.976689,0.387582,20.267256
2935,0,2,0,13.292363,2.637938,0.571926,0.969809,0.706554,0.336806,0.970714,0.384344,20.035883
2936,0,2,0,13.431065,2.628917,0.575108,0.957613,0.713557,0.334344,0.967427,0.385674,20.155071
2937,0,2,0,13.731895,2.629575,0.674246,0.841742,0.710080,0.335711,0.969963,0.383360,20.437631
2938,0,2,0,13.693077,2.630209,0.606941,0.827311,0.698819,0.333360,0.977729,0.382031,20.410917
2939,1,2,1,11.270209,2.635144,0.575945,0.825945,0.816486,0.339200,0.975557,0.388941,17.989834
2940,1,2,1,10.699840,2.629477,0.571059,0.827514,0.706726,0.336702,0.975225,0.386646,17.289052
2941,0,2,0,14.201274,2.632369,0.568345,0.827348,0.701858,0.341237,0.976296,0.524640,20.937145
2942,1,2,1,10.694456,2.631569,0.570714,0.832572,0.709674,0.338868,0.975219,0.382345,17.294529
2943,1,2,1,10.756664,2.756498,0.583397,0.829403,0.702056,0.336443,0.975692,0.384615,17.488455
2944,1,2,1,11.810634,2.632862,0.679175,0.830056,0.704535,0.339163,0.965366,0.382751,18.502185
2945,0,2,1,13.785606,2.754203,0.573982,0.829175,0.702997,0.337834,0.970289,0.385576,20.498313
2946,1,2,1,10.787194,2.629052,0.569471,0.820954,0.814264,0.339169,0.964474,0.386055,17.472935
2947,1,2,1,13.578639,2.637089,0.575163,0.825791,0.820899,0.340184,0.963329,0.382185,20.283963
2948,1,2,1,12.526080,2.629108,0.574972,0.832720,0.702652,0.446578,0.976683,0.395784,19.241317
2949,1,2,1,11.219588,2.634443,0.565532,0.827544,0.703095,0.339286,0.976880,0.386087,17.812511
2950,1,2,0,13.162899,2.629298,0.569114,0.830781,0.704480,0.338929,0.976265,0.382345,19.752425
2951,1,2,1,11.379360,2.634302,0.568209,0.825809,0.703951,0.335440,0.973422,0.384024,17.962782
2952,1,2,1,13.722049,2.631643,0.572400,0.826714,0.705987,0.339379,0.979170,0.380055,20.314025
2953,1,2,1,13.552948,2.630271,0.572960,0.837637,0.707015,0.337347,0.975360,0.383329,20.156880
2954,1,2,1,11.423704,2.755748,0.569655,0.824283,0.700677,0.337422,0.976369,0.383219,18.129483
2955,1,2,1,11.407064,2.728228,0.577508,0.821261,0.701538,0.336253,0.979354,0.380406,18.092800
2956,1,2,1,11.667778,2.630757,0.573957,0.927754,0.719323,0.338172,0.974941,0.377797,18.371113
2957,1,2,1,13.594603,2.635342,0.573360,0.973864,0.708443,0.336745,0.977963,0.384264,20.347711
2958,1,2,1,11.833532,2.630567,0.571859,0.832585,0.713532,0.442819,0.977496,0.391538,18.555403
2959,1,2,1,10.689188,2.631932,0.573655,0.829298,0.703883,0.337440,0.975582,0.388505,17.292431
2960,1,2,1,12.301520,2.629717,0.578327,0.829410,0.706099,0.342492,0.966658,0.383643,18.895145
2961,1,2,1,10.826861,2.748425,0.571624,0.830536,0.698413,0.337317,0.977871,0.380726,17.532376
2962,1,2,1,10.685415,2.635064,0.575526,0.961569,0.711070,0.339194,0.963403,0.381415,17.413194
2963,1,2,1,10.709015,2.634541,0.569287,0.821816,0.701341,0.338972,0.985378,0.405058,17.328554
2964,1,2,1,10.768554,2.629514,0.573778,0.823237,0.699206,0.339052,0.974997,0.383784,17.351612
2965,1,2,1,10.755859,2.734917,0.574862,0.829212,0.704350,0.337569,0.973951,0.383736,17.455692
2966,1,2,1,13.535316,2.728166,0.574634,0.828548,0.702640,0.335871,0.974394,0.380770,20.217132
2967,1,2,1,10.726941,2.636253,0.566031,0.987772,0.713538,0.337865,0.972917,0.384240,17.484640
2968,1,2,1,10.761969,2.628627,0.573828,0.829274,0.710123,0.338923,0.966504,0.418265,17.389261
2969,1,2,1,13.567489,2.634437,0.572659,0.831464,0.711015,0.337693,0.972628,0.423846,20.214825
2970,1,2,1,13.645729,2.638701,0.576006,0.827108,0.701397,0.344948,1.081427,0.417840,20.391859
2971,1,2,0,14.002320,2.639520,0.574738,0.827379,0.832308,0.339317,0.964837,0.386228,20.727723
2972,1,2,1,13.587884,2.628800,0.574222,0.921926,0.729895,0.338997,0.974246,0.380819,20.299397
2973,0,2,0,13.782615,2.630265,0.569723,0.963009,0.709619,0.336369,0.975932,0.384381,20.511859
2974,1,2,1,12.563249,2.631901,0.572043,0.824936,0.832985,0.337581,0.975870,0.383994,19.284086
2975,1,2,1,13.380215,2.629852,0.580597,0.936253,0.712117,0.333852,0.973335,0.386830,20.096117
2976,1,2,1,10.689256,2.636073,0.574794,0.826221,0.703551,0.335151,0.974818,0.503895,17.400584
2977,1,2,1,9.240068,2.751084,0.577606,0.835237,0.707975,0.339655,0.975101,0.381040,15.968234
2978,1,2,1,11.474184,2.744203,0.570763,0.828179,0.700633,0.335569,0.962511,0.388012,18.162098
2979,1,2,1,13.102332,2.742727,0.577126,0.833102,0.710671,0.336437,0.963440,0.384339,19.808068
2980,1,2,1,13.337021,2.766473,0.579083,0.828006,0.706086,0.338338,0.976732,0.385496,20.078942
2981,0,2,0,13.849575,2.739446,0.573022,0.835834,0.701329,0.332991,0.972473,0.382640,20.544991
2982,1,2,0,13.573095,2.732338,0.577588,0.829218,0.705433,0.337231,0.962541,0.384653,20.260683
2983,1,2,1,13.564664,2.740289,0.576492,0.822997,0.702566,0.341126,0.976585,0.385231,20.270622
2984,1,2,1,10.654800,2.634585,0.575428,0.942437,0.705902,0.340979,0.973698,0.385372,17.372732
2985,1,2,1,11.430019,2.630800,0.578160,0.825674,0.703772,0.336542,0.965028,0.408916,18.040739
2986,1,2,1,9.440616,2.635920,0.572050,0.827188,0.705108,0.336388,0.973760,0.381662,16.028547
2987,1,2,1,10.668492,2.734492,0.573447,0.831539,0.696523,0.336025,0.963692,0.384732,17.350443
2988,1,2,1,10.881650,2.633243,0.580049,0.821736,0.823994,0.336732,0.980185,0.385612,17.603409
2989,1,2,1,10.759304,2.629028,0.571157,0.825502,0.703544,0.340431,0.975637,0.386979,17.350135
2990,0,2,0,13.531785,2.638664,0.579587,0.828621,0.707575,0.339772,0.977150,0.480049,20.245784
2991,1,2,1,13.639335,2.635575,0.566560,0.832007,0.707427,0.336849,1.030332,0.425760,20.338418
2992,1,2,1,12.858572,2.633120,0.578173,0.824037,0.703501,0.340745,0.977225,0.501409,19.579575
2993,1,2,1,11.237711,2.631415,0.568800,0.824744,0.703563,0.340917,0.974025,0.387895,17.828806
2994,1,2,1,13.760591,2.630701,0.572690,0.826486,0.701126,0.341428,0.964209,0.385077,20.342425
2995,1,2,1,13.691262,2.631994,0.573120,0.824443,0.703083,0.340776,0.970684,0.387243,20.282997
2996,1,2,1,10.627378,2.960068,0.576166,0.826388,0.701753,0.337194,0.971089,0.383778,17.542443
2997,1,2,0,13.882591,2.632997,0.572708,0.833625,0.703286,0.334924,0.974308,0.382061,20.475009
2998,0,2,0,13.479256,2.631970,0.572160,0.832098,0.705723,0.334714,0.974492,0.383501,20.072572
2999,0,2,0,13.676147,2.633354,0.568689,0.826843,0.698707,0.340942,0.973120,0.386197,20.263397
3000,1,2,1,13.622547,2.631360,0.577440,0.832726,0.699188,0.336622,0.964271,0.378419,20.203907
3001,1,2,1,12.214068,2.635200,0.573138,0.830621,0.700898,0.339895,0.973292,0.382381,18.805778
3002,0,2,0,13.908351,2.629243,0.577594,0.826160,0.700166,0.338006,0.965803,0.385747,20.487113
3003,0,2,0,13.652351,2.632665,0.575686,0.818246,0.696615,0.335095,0.965243,0.383133,20.217643
3004,1,2,1,11.679692,2.738898,0.574991,0.825169,0.699138,0.339139,0.960868,0.384364,18.359913
3005,1,2,1,10.807446,2.631458,0.683858,0.825618,0.699747,0.339883,0.977083,0.384536,17.511433
3006,1,2,1,11.590819,2.631354,0.580259,0.821760,0.831477,0.337735,0.976196,0.387274,18.319403
3007,1,2,1,11.734173,2.632467,0.575114,0.828247,0.701052,0.335145,0.970240,0.406308,18.348388
3008,1,2,1,13.551090,2.631514,0.570086,0.830967,0.701206,0.342215,0.965471,0.403163,20.153120
3009,1,2,1,13.351551,2.635618,0.572486,0.832154,0.706831,0.336708,0.971833,0.401520,19.967403
3010,0,2,0,13.389858,2.632062,0.577052,0.821766,0.695096,0.336708,0.969108,0.413169,19.995477
3011,1,2,1,13.587612,2.631342,0.572000,0.826302,0.694830,0.340006,0.964572,0.405022,20.183243
3012,0,2,0,13.623483,2.634074,0.565483,0.820591,0.700887,0.433723,0.981600,0.390418,20.310677
3013,1,2,1,13.277317,2.634480,0.574831,0.825101,0.700043,0.428702,0.978456,0.396455,19.976824
3014,1,2,1,12.481816,2.630467,0.568504,0.829711,0.698062,0.338523,0.975157,0.408197,19.089699
3015,1,2,1,11.203428,2.634560,0.576603,0.829287,0.702578,0.335834,0.972726,0.382400,17.796917
3016,1,2,1,12.006511,2.633987,0.569545,0.818332,0.694671,0.339003,0.973667,0.376012,18.569502
3017,1,2,1,11.235981,2.762418,0.579163,0.824665,0.703871,0.333378,0.974911,0.381790,17.956012
3018,1,2,1,11.296456,2.629489,0.576572,0.946713,0.708480,0.340874,0.975428,0.384209,18.018098
3019,1,2,1,13.450849,2.635193,0.681944,0.834763,0.703366,0.337607,0.971692,0.387286,20.163126
3020,0,2,0,12.491120,2.635803,0.573286,0.973126,0.708979,0.337378,0.977157,0.385501,19.244240
3021,0,2,0,13.541397,2.635607,0.575963,0.959120,0.710302,0.335815,0.967581,0.383163,20.268258
3022,0,2,0,13.563163,2.634191,0.686068,0.831507,0.701015,0.338929,0.965009,0.386898,20.267323
3023,1,2,1,11.949797,2.629249,0.577379,0.830499,0.850092,0.339575,0.964388,0.390314,18.690283
3024,1,2,1,11.430782,2.632437,0.575113,0.825933,0.706314,0.338973,1.042000,0.421299,18.132671
3025,1,2,1,13.316308,2.634086,0.569594,0.829341,0.699514,0.339016,0.989231,0.415901,19.955065
3026,1,2,1,10.607975,2.630147,0.576092,0.826505,0.696973,0.336523,0.977287,0.383674,17.188966
3027,1,2,1,11.248375,2.764068,0.573747,0.829335,0.697963,0.336664,0.974535,0.381803,17.965040
3028,1,2,1,10.652849,2.632166,0.570529,0.948406,0.704511,0.340406,0.977404,0.387416,17.369926
3029,1,2,1,13.503717,2.634431,0.666548,0.836542,0.705514,0.338480,0.962468,0.381218,20.190948
3030,1,2,1,13.504055,2.634406,0.679341,0.823680,0.702117,0.338400,0.964856,0.389193,20.193661
3031,1,2,1,11.431489,2.638344,0.569440,0.822874,0.813304,0.338049,0.964732,0.383976,18.121613
3032,0,2,0,13.458000,2.630062,0.572738,0.822831,0.840788,0.337391,0.977225,0.385570,20.183662
3033,1,2,1,10.739544,2.632099,0.576880,0.815791,0.699163,0.338979,0.978837,0.384449,17.323317
3034,1,2,1,11.812554,2.637304,0.566480,0.818861,0.700024,0.334763,0.977945,0.387163,18.394129
3035,1,2,1,11.712388,2.742111,0.577255,0.825563,0.705052,0.339656,0.970948,0.386031,18.418283
3036,1,2,1,10.731840,2.728018,0.604849,0.819360,0.702326,0.339243,0.974000,0.387422,17.449366
3037,1,2,1,10.764037,2.632652,0.579471,0.827502,0.703828,0.455741,0.980498,0.404856,17.509459
3038,1,2,1,10.647064,2.631292,0.568222,0.826289,0.701089,0.338787,0.978923,0.387630,17.232277
3039,1,2,1,13.207852,2.632726,0.570880,0.822652,0.700031,0.337286,0.963563,0.383699,19.777513
3040,1,2,1,11.396787,2.636591,0.567859,0.824062,0.697354,0.341052,0.977661,0.386849,17.986548
3041,1,2,1,10.376148,2.633865,0.680936,0.830861,0.699957,0.336990,0.978566,0.383138,17.081255
3042,1,2,1,11.437299,2.633464,0.568265,0.830431,0.812893,0.339046,0.977514,0.384086,18.144388
3043,1,2,1,11.154677,2.633157,0.572603,0.820381,0.696775,0.340621,0.977397,0.383785,17.736314
3044,1,2,1,10.744905,2.636960,0.571686,0.821046,0.692271,0.336886,0.963126,0.383206,17.309557
3045,1,2,1,13.636812,2.634800,0.571538,0.829563,0.707089,0.335107,0.971237,0.383773,20.230333
3046,1,2,1,13.676659,2.630979,0.574917,0.826184,0.701557,0.336344,0.976061,0.385280,20.263821
3047,0,2,1,13.804997,2.637975,0.572819,0.816523,0.701403,0.339459,0.977631,0.381397,20.392369
3048,0,2,0,13.756388,2.631705,0.571551,0.826923,0.702086,0.336326,0.974376,0.380670,20.337569
3049,0,2,0,13.950732,2.635569,0.569914,0.819243,0.699513,0.335421,0.963028,0.383656,20.513096
3050,1,2,1,10.804320,2.635945,0.571335,0.826184,0.704123,0.340985,0.980647,0.385065,17.405047
3051,1,2,1,11.453151,2.742683,0.576757,0.830388,0.702800,0.340141,0.974972,0.380548,18.161495
3052,1,2,1,10.678677,2.634363,0.571674,0.817767,0.722824,0.339428,0.964080,0.386000,17.387446
3053,1,2,1,11.386658,2.630018,0.573446,0.826037,0.698855,0.335790,0.968991,0.407975,17.987280
3054,1,2,1,11.671207,2.629828,0.567538,0.822178,0.700985,0.336874,0.975003,0.385243,18.247108
3055,1,2,1,12.929163,2.635305,0.572320,0.828326,0.700012,0.335655,0.976547,0.385852,19.520117
3056,0,2,0,13.899243,2.632333,0.570726,0.828714,0.700111,0.338425,0.978407,0.384837,20.489015
3057,0,2,0,13.870695,2.632222,0.576738,0.831858,0.704868,0.337575,0.966124,0.381071,20.458024
3058,1,2,1,11.355434,2.630621,0.571533,0.823797,0.698659,0.339009,0.964529,0.384622,17.925772
3059,1,2,1,10.749988,2.751526,0.576252,0.832387,0.702653,0.334886,0.975108,0.385895,17.470024
3060,1,2,1,10.679256,2.634111,0.575446,0.830406,0.726850,0.336136,0.979385,0.384794,17.398419
3061,1,2,1,11.177631,2.634855,0.572098,0.819317,0.702259,0.339747,1.077471,0.402880,17.887987
3062,1,2,1,13.496776,2.628979,0.570443,0.827175,0.693483,0.337699,0.971551,0.413070,20.097151
3063,1,2,1,11.734696,2.631858,0.569723,0.825206,0.700603,0.337889,0.974738,0.382425,18.316966
3064,1,2,1,10.602892,2.747009,0.573963,0.818671,0.700683,0.334591,0.974062,0.384763,17.296856
3065,1,2,1,11.534745,2.751705,0.578892,0.825655,0.700830,0.340295,0.963052,0.385716,18.243656
3066,1,2,1,10.727237,2.629693,0.577945,0.831176,0.830590,0.338585,0.967613,0.382332,17.447323
3067,0,2,0,13.768024,2.629551,0.571748,0.955680,0.712456,0.339483,0.967170,0.383446,20.491502
3068,1,2,1,13.420296,2.630332,0.571508,0.966474,0.711963,0.335772,0.962597,0.387286,20.145107
3069,1,2,1,10.426037,2.632055,0.575163,0.830978,0.699969,0.339267,0.976467,0.489151,17.128209
3070,1,2,0,13.730326,2.633101,0.572714,0.818019,0.696996,0.338665,0.973797,0.416431,20.339747
3071,1,2,1,13.359513,2.635963,0.574597,0.829397,0.701145,0.344160,0.965212,0.419865,19.991618
3072,1,2,1,12.649748,2.629975,0.574899,0.823594,0.697181,0.340782,0.979717,0.380905,19.236560
3073,1,2,1,10.696227,2.635483,0.572523,0.825397,0.703551,0.337181,0.973576,0.383969,17.285809
3074,0,2,0,13.352357,2.631581,0.578166,0.830037,0.697022,0.343034,0.965144,0.384031,19.938197
3075,1,2,1,11.501587,2.753711,0.579581,0.830782,0.698597,0.340684,0.964351,0.381434,18.211415
3076,1,2,1,10.689409,2.631865,0.576813,0.945791,0.705723,0.337305,0.979778,0.382037,17.408856
3077,1,2,1,11.869427,2.632080,0.573046,0.833077,0.699846,0.441932,0.978326,0.388535,18.575569
3078,1,2,1,11.476449,2.629360,0.572413,0.827742,0.698794,0.339896,0.974215,0.381816,18.058277
3079,1,2,1,11.076855,2.633822,0.573569,0.827428,0.698504,0.338917,0.975225,0.382523,17.753379
3080,1,2,1,13.632966,2.631027,0.571021,0.825649,0.699262,0.336049,0.968480,0.384781,20.207852
3081,0,2,0,13.738535,2.634376,0.568499,0.826516,0.697040,0.339200,0.974861,0.388695,20.325440
3082,1,2,1,13.564099,2.629310,0.573754,0.823040,0.699065,0.337089,0.976701,0.387108,20.147138
3083,0,2,0,14.030443,2.631403,0.569803,0.824314,0.703366,0.338289,0.967625,0.379907,20.606695
3084,1,2,1,13.592996,2.630302,0.571064,0.826147,0.700160,0.338929,0.966394,0.385390,20.168867
3085,1,2,1,10.874123,2.630160,0.577311,0.823729,0.701902,0.340659,0.977569,0.389563,17.473034
3086,1,2,1,11.477865,2.738290,0.571231,0.822751,0.704093,0.337747,0.975077,0.387489,18.171871
3087,1,2,1,13.300056,2.755003,0.575108,0.822776,0.699490,0.334929,0.973261,0.386486,20.008985
3088,1,2,1,10.678665,2.633243,0.574646,0.926400,0.710591,0.339022,0.976523,0.382505,17.381895
3089,1,2,1,13.553027,2.632418,0.572025,0.952825,0.704825,0.335563,0.973267,0.387680,20.271951
3090,0,2,0,13.872800,2.628277,0.705348,0.828197,0.701637,0.334000,0.975040,0.385391,20.590960
3091,0,2,0,13.768412,2.737884,0.580246,0.824776,0.698117,0.333822,0.975052,0.384486,20.465317
3092,1,2,1,11.597686,2.632733,0.577489,0.929496,0.706776,0.337249,0.979298,0.381976,18.302757
3093,1,2,1,11.195169,2.631920,0.570326,0.828394,0.697920,0.337483,1.004270,0.414080,17.838055
3094,1,2,1,13.558209,2.627569,0.568787,0.820726,0.691963,0.335194,0.971754,0.404320,20.138147
3095,1,2,1,11.183576,2.631101,0.567286,0.826369,0.701846,0.338560,0.973360,0.380578,17.762050
3096,1,2,1,10.572431,2.770210,0.572855,0.825292,0.701329,0.339335,0.970579,0.384590,17.300221
3097,1,2,1,10.839236,2.637046,0.684868,0.831477,0.704264,0.339341,0.970634,0.383262,17.551846
3098,1,2,1,9.385225,2.633052,0.571704,0.828548,0.705341,0.338824,0.976911,0.385452,15.982536
3099,1,2,1,11.722197,2.634874,0.581034,0.824369,0.701034,0.337760,0.977028,0.384320,18.322073
3100,1,2,1,11.240548,2.765440,0.573157,0.826283,0.701311,0.335711,0.975496,0.377502,17.953532
3101,1,2,1,10.783649,2.631157,0.663366,0.825304,0.696049,0.337533,0.975656,0.384991,17.456302
3102,1,2,1,9.467821,2.631157,0.573883,0.822584,0.702092,0.336733,0.966024,0.386936,16.041126
3103,1,2,1,13.515975,2.627779,0.572093,0.825570,0.699157,0.340560,0.964160,0.382806,20.089231
3104,1,2,1,10.788806,2.629704,0.574277,0.825231,0.696757,0.340972,0.972406,0.383274,17.368000
3105,1,2,1,11.721907,2.741267,0.575182,0.827317,0.702566,0.338812,0.975453,0.383213,18.427046
3106,1,2,1,13.554942,2.945218,0.567778,0.827508,0.704966,0.333280,0.971901,0.383613,20.453821
3107,1,2,1,11.293323,2.748357,0.580130,0.830578,0.698517,0.335717,0.977938,0.385329,18.007538
3108,1,2,1,13.518824,2.742732,0.573704,0.818296,0.701261,0.340056,0.973360,0.388690,20.213557
3109,0,2,0,13.846671,2.729465,0.575809,0.820825,0.708523,0.337785,0.972603,0.387471,20.537772
3110,1,2,1,10.775453,2.631760,0.569526,0.932696,0.720283,0.340942,0.975686,0.386357,17.493225
3111,0,2,0,13.776775,2.634295,0.573619,0.943600,0.709170,0.336123,0.963834,0.382843,20.482307
3112,1,2,1,11.706074,2.631126,0.572868,0.823950,0.701864,0.457514,0.966505,0.396037,18.410597
3113,1,2,1,11.238603,2.629902,0.571631,0.832178,0.702142,0.338154,0.978634,0.378548,17.827563
3114,1,2,1,10.803372,2.632627,0.576190,0.832689,0.703280,0.338628,0.973791,0.389705,17.409292
3115,1,2,1,13.451077,2.635612,0.575926,0.824517,0.693409,0.340099,0.973083,0.381550,20.038812
3116,0,2,0,13.967982,2.630714,0.570221,0.818554,0.697619,0.337852,0.974665,0.387212,20.540123
3117,1,2,1,13.615680,2.635551,0.577021,0.827440,0.701243,0.340530,0.976376,0.385527,20.219773
3118,1,2,1,11.734394,2.734850,0.574234,0.818782,0.704178,0.337323,0.976136,0.385821,18.423544
3119,1,2,1,10.774443,2.752332,0.575410,0.826609,0.700332,0.341735,0.977870,0.384178,17.493077
3120,1,2,1,11.280406,2.636123,0.566203,0.823945,0.819342,0.341323,0.963557,0.382653,17.969963
3121,1,2,1,10.685157,2.635643,0.567717,0.826160,0.700935,0.339711,0.975963,0.383028,17.273532
3122,1,2,1,10.725200,2.639514,0.571502,0.822541,0.703993,0.335938,0.970086,0.385680,17.312800
3123,1,2,1,13.797649,2.635637,0.572886,0.819790,0.696301,0.335280,0.973434,0.382154,20.370080
3124,1,2,1,10.731563,2.741120,0.572807,0.820652,0.694991,0.336560,0.974646,0.389336,17.420467
3125,1,2,1,9.364609,2.628480,0.568615,0.823815,0.705213,0.339563,0.970886,0.418991,15.982375
3126,1,2,1,10.662301,2.630535,0.571852,0.823951,0.700160,0.340794,0.972714,0.381021,17.239317
3127,1,2,1,13.654455,2.637391,0.576542,0.820197,0.704270,0.338467,0.976123,0.385576,20.251895
3128,1,2,1,10.717901,2.744880,0.574689,0.823403,0.696782,0.339083,0.962708,0.385883,17.401396
3129,1,2,1,10.705594,2.630246,0.574376,0.967396,0.702732,0.339539,0.981434,0.384671,17.445059
3130,1,2,1,13.326818,2.630332,0.670142,0.830788,0.704019,0.336270,0.966061,0.385206,20.008388
3131,1,2,1,11.400751,2.632178,0.570351,0.819883,0.703360,0.435693,0.983459,0.394277,18.099545
3132,1,2,1,13.583668,2.632664,0.571828,0.820868,0.824713,0.341354,0.975083,0.382382,20.293643
3133,1,2,1,11.318117,2.636376,0.571390,0.824763,0.692597,0.342381,0.975767,0.384356,17.905459
3134,1,2,1,13.506136,2.632604,0.574856,0.819243,0.701224,0.336295,0.976252,0.489643,20.195520
3135,1,2,1,10.657883,2.635280,0.567139,0.818203,0.699680,0.334406,0.975360,0.387169,17.236326
3136,1,2,1,11.273575,2.732511,0.573674,0.816880,0.699446,0.337834,0.973871,0.383594,17.949237
3137,1,2,1,13.556757,2.727784,0.577766,0.825366,0.697520,0.336653,0.966689,0.387526,20.238148
3138,1,2,1,13.453859,2.724831,0.575612,0.822929,0.690732,0.335200,0.969772,0.386154,20.116437
3139,1,2,1,11.803957,2.743699,0.570652,0.827594,0.700677,0.336775,0.961551,0.386406,18.493132
3140,0,2,1,13.743760,2.796640,0.574056,0.818652,0.700265,0.334911,0.977520,0.432166,20.541686
3141,1,2,1,10.953256,2.669668,0.591594,0.968369,0.741643,0.337969,0.965286,0.422215,17.822978
3142,0,2,0,13.958443,2.653434,0.674493,0.817526,0.701459,0.331065,0.965200,0.375970,20.639471
3143,1,2,1,10.813052,2.634111,0.571090,0.826449,0.692524,0.340104,0.967347,0.418492,17.423138
3144,1,2,1,9.368991,2.633366,0.566560,0.822658,0.704147,0.339938,0.963280,0.390283,15.948455
3145,1,2,1,10.707335,2.800764,0.578123,0.826683,0.695514,0.337206,0.971040,0.382406,17.458720
3146,1,2,1,13.691416,2.751120,0.574006,0.824554,0.699902,0.335483,0.976677,0.380942,20.393157
3147,1,2,0,13.705077,2.757224,0.579631,0.825003,0.699834,0.338093,0.962948,0.385145,20.416197
3148,1,2,1,11.271471,2.630541,0.710585,0.825378,0.704253,0.337458,0.978289,0.379889,17.994646
3149,1,2,1,12.892141,2.633883,0.682757,0.831827,0.704296,0.337139,0.977508,0.381329,19.600548
3150,1,2,1,10.722430,2.631459,0.569827,0.821569,0.703834,0.337920,0.964603,0.399951,17.310769
3151,1,2,1,13.315686,2.635976,0.567027,0.824178,0.694689,0.334757,0.964886,0.407760,19.908394
3152,1,2,1,11.298597,2.632818,0.573871,0.826031,0.705649,0.337858,0.972246,0.383847,17.887471
3153,1,2,1,10.673120,2.755433,0.574363,0.823305,0.708492,0.335009,0.973865,0.386473,17.390984
3154,1,2,1,13.098345,2.725945,0.578086,0.820456,0.702437,0.336178,0.973428,0.384948,19.779293
3155,1,2,1,12.242634,2.762634,0.578978,0.826222,0.698972,0.336997,0.980062,0.381852,18.968676
3156,1,2,1,13.589933,2.725372,0.577889,0.824412,0.700049,0.334394,0.964351,0.386671,20.261323
3157,1,2,1,10.768547,2.634104,0.576745,0.951526,0.716037,0.339736,0.960659,0.383668,17.491674
3158,1,2,1,11.644203,2.626222,0.573643,0.828461,0.703815,0.337735,0.974197,0.417957,18.264813
3159,1,2,1,11.706277,2.710166,0.570030,0.812123,0.696043,0.328837,0.962024,0.381366,18.330911
3160,1,2,1,13.624849,2.634259,0.575212,0.819840,0.701083,0.337434,0.974018,0.387951,20.325668
3161,1,2,1,13.628782,2.635310,0.569354,0.828578,0.703828,0.335778,1.277483,0.434652,20.575416
3162,1,2,1,9.744978,2.703766,0.674775,0.924036,0.876277,0.391673,0.990012,0.522332,17.021200
3163,1,2,1,11.300062,2.804191,0.634326,0.944862,0.873902,0.394750,1.002947,0.504960,18.661280
3164,0,2,0,14.166142,2.726732,0.671612,0.910418,0.810061,0.392763,0.982191,0.506025,21.362123
3165,0,2,0,14.054049,2.648825,0.553747,0.816468,0.700197,0.326683,0.977581,0.384074,20.625243
3166,0,2,0,13.746622,2.633687,0.576997,0.820018,0.697680,0.338529,0.963176,0.385268,20.319569
3167,0,2,0,13.764326,2.630031,0.567933,0.827298,0.701262,0.333501,0.973643,0.383827,20.336966
3168,1,2,1,13.620757,2.630585,0.573545,0.822142,0.695514,0.340861,0.977046,0.385016,20.204461
3169,1,2,1,11.806689,2.631557,0.574148,0.826345,0.698043,0.343736,0.975163,0.381618,18.399465
3170,0,2,0,13.976259,2.628437,0.576320,0.829372,0.700154,0.337329,0.975797,0.387071,20.567120
3171,1,2,1,13.539397,2.633723,0.568376,0.820837,0.702400,0.338301,0.970923,0.384344,20.114874
3172,1,2,1,10.602461,2.756695,0.571612,0.828646,0.701564,0.337748,0.975723,0.384572,17.316572
3173,1,2,1,11.240825,2.763009,0.575754,0.826966,0.701944,0.337865,0.963545,0.385384,17.956923
3174,1,2,1,9.410702,2.635950,0.570800,0.825779,0.702117,0.336172,1.019791,0.408314,16.070283
3175,0,2,0,13.819699,2.637336,0.564326,0.820425,0.701145,0.332204,0.970369,0.403163,20.413114
3176,1,2,1,11.701661,2.631895,0.566394,0.825631,0.702763,0.336554,0.972781,0.386554,18.279391
3177,1,2,1,13.590147,2.632209,0.571532,0.819170,0.700609,0.338222,0.963483,0.389354,20.163871
3178,1,2,1,11.797397,2.638794,0.570185,0.826738,0.701397,0.337951,0.978793,0.390899,18.400701
3179,0,2,0,13.590868,2.656203,0.574370,0.846646,0.733631,0.335624,0.979188,0.420493,20.302018
3180,1,2,1,12.016240,2.697994,0.611513,0.837545,0.731686,0.332382,0.977643,0.444621,18.815533
3181,1,2,1,13.504504,2.636880,0.568486,0.828142,0.704394,0.338868,0.974092,0.383655,20.099046
3182,1,2,1,10.669231,2.751046,0.570418,0.827022,0.698868,0.338707,0.967207,0.381212,17.361360
3183,1,2,1,13.602763,2.750197,0.570997,0.828425,0.698566,0.335471,0.966769,0.380480,20.293803
3184,1,2,1,10.808818,2.632209,0.574228,0.941347,0.707729,0.339526,0.964000,0.386769,17.515489
3185,1,2,1,13.417600,2.637065,0.572124,0.935791,0.701397,0.337163,0.974578,0.384228,20.120948
3186,1,2,1,10.723083,2.630062,0.573932,0.822874,0.705686,0.337489,0.973840,0.515255,17.440960
3187,0,2,0,13.845421,2.636295,0.576338,0.825785,0.706123,0.336172,0.968849,0.402246,20.457151
3188,1,2,1,13.358018,2.635330,0.571102,0.827311,0.705360,0.337791,0.971680,0.406240,19.970461
3189,0,2,0,13.721791,2.635194,0.575113,0.824948,0.707243,0.444615,0.979550,0.400357,20.448652
3190,1,2,1,10.723261,2.634136,0.568443,0.822221,0.702590,0.335815,0.973298,0.388191,17.305526
3191,1,2,1,13.758745,2.637311,0.571982,0.824929,0.699347,0.339095,0.977150,0.381680,20.347267
3192,0,2,0,13.944185,2.631587,0.572111,0.815021,0.702874,0.334627,0.964782,0.389354,20.514812
3193,0,2,0,13.748603,2.632916,0.567717,0.819391,0.698849,0.339304,0.965077,0.500948,20.433637
3194,1,2,1,12.886499,2.631372,0.568732,0.826573,0.704153,0.337680,0.974197,0.383114,19.467754
3195,0,2,0,13.832228,2.633329,0.574351,0.822240,0.699797,0.339107,0.983833,0.424714,20.474929
3196,1,2,1,10.623096,2.634677,0.570301,0.824296,0.704807,0.342289,0.976327,0.381415,17.215926
3197,1,2,1,10.970055,2.740049,0.576216,0.826364,0.704572,0.333815,0.973373,0.386369,17.669255
3198,1,2,1,13.581606,2.757348,0.579046,0.821723,0.696936,0.337533,0.975932,0.394523,20.304443
3199,1,2,1,13.559564,2.740972,0.571600,0.824886,0.708000,0.333803,0.974978,0.385815,20.261790
3200,1,2,1,11.476905,2.744763,0.571286,0.823994,0.697791,0.337335,0.979225,0.389409,18.177409
3201,0,2,0,13.877563,2.762191,0.582240,0.818825,0.701520,0.336086,0.963865,0.380271,20.582837
3202,1,2,1,11.293920,2.630320,0.575003,0.943612,0.710197,0.337624,0.964818,0.388696,18.004018
3203,1,2,1,13.566659,2.633594,0.671058,0.831015,0.702622,0.337674,0.964006,0.387631,20.256886
3204,1,2,1,11.626714,2.635003,0.571767,0.823034,0.817176,0.343261,0.979144,0.388092,18.348627
3205,1,2,1,11.782788,2.635582,0.567471,0.828781,0.704510,0.340887,0.979403,0.417483,18.503655
3206,0,2,0,13.423304,2.632720,0.569028,0.830579,0.694849,0.338738,0.975508,0.405687,20.031483
3207,1,2,1,13.575477,2.639286,0.571188,0.824228,0.699342,0.339453,0.975932,0.410418,20.197760
3208,1,2,1,10.694468,2.630929,0.572504,0.821108,0.700080,0.338942,0.972467,0.382849,17.273908
3209,1,2,1,11.429847,2.734444,0.577618,0.825059,0.699157,0.337219,0.962664,0.381347,18.107827
3210,1,2,1,10.671145,2.631963,0.687366,0.823926,0.701643,0.332634,0.977015,0.389803,17.374369
3211,1,2,1,13.560154,2.735207,0.578074,0.823176,0.703748,0.340270,0.975514,0.378837,20.254880
3212,1,2,0,13.713336,2.762486,0.575815,0.825206,0.699028,0.331619,0.972117,0.385890,20.423144
3213,1,2,1,10.747797,2.630621,0.576708,0.826025,0.821588,0.338812,0.977415,0.390474,17.473901
3214,1,2,1,13.220707,2.631083,0.573311,0.819710,0.819305,0.342443,0.977452,0.386739,19.932615
3215,1,2,1,13.543618,2.634942,0.575933,0.824979,1.009815,0.342948,0.974443,0.388345,20.459637
3216,1,2,1,10.700855,2.630960,0.567280,0.823680,0.693403,0.337052,0.978191,0.384868,17.356634
3217,1,2,0,12.811766,2.632579,0.575027,0.822277,0.699871,0.334382,0.979033,0.383427,19.398105
3218,1,2,1,11.749353,2.629661,0.574209,0.827889,0.700333,0.337083,0.967194,0.385951,18.327027
3219,1,2,1,13.767477,2.634265,0.570973,0.833483,0.696215,0.340424,0.962579,0.385908,20.348529
3220,1,2,1,11.859009,2.664308,0.573077,0.817606,0.698044,0.336818,0.978018,0.387311,18.472468
3221,1,2,1,10.768793,2.756449,0.573139,0.826856,0.698468,0.340387,0.974929,0.383865,17.484338
3222,0,2,0,13.272320,2.745409,0.573858,0.823299,0.695796,0.337760,0.975588,0.390369,19.973348
3223,1,2,1,13.731747,2.762831,0.576012,0.830197,0.708473,0.338424,0.978185,0.383305,20.469163
3224,1,2,0,13.501403,2.741403,0.573298,0.824050,0.703686,0.339372,0.962246,0.386942,20.191317
3225,1,2,1,10.697145,2.629311,0.571102,0.932585,0.706763,0.340345,0.961022,0.387058,17.384935
3226,1,2,0,12.855342,2.629483,0.566726,0.827360,0.837213,0.337342,0.976419,0.383501,19.574960
3227,1,2,1,10.721490,2.631822,0.571889,0.825286,0.700117,0.340776,0.962941,0.383969,17.297390
3228,1,2,1,11.634658,2.626978,0.569133,0.822136,0.701477,0.337108,0.968554,0.385145,18.202086
3229,0,2,0,13.760136,2.629539,0.575544,0.817791,0.699218,0.337243,0.963132,0.385421,20.324677
3230,1,2,1,11.912929,2.642129,0.566794,0.827532,0.704787,0.335704,0.974210,0.380978,18.503052
3231,1,2,1,12.429089,2.727354,0.571766,0.818843,0.702240,0.334701,0.975379,0.385145,19.103612
3232,1,2,1,13.568936,2.727908,0.575668,0.821834,0.704499,0.334775,0.977945,0.377822,20.250825
3233,1,2,1,9.491459,2.638265,0.573889,0.950375,0.716523,0.337059,0.965403,0.385649,16.221932
3234,1,2,1,12.710154,2.630233,0.576504,0.821280,0.821384,0.339274,0.974665,0.386523,19.423907
3235,1,2,1,10.661292,2.630203,0.572793,0.830701,0.704837,0.342246,0.975551,0.385323,17.261784
3236,0,2,0,13.794258,2.632573,0.571821,0.820769,0.699827,0.340615,0.977643,0.386450,20.380049
3237,1,2,1,11.265169,2.634043,0.569895,0.817643,0.701447,0.339212,0.963052,0.383618,17.835587
3238,1,2,1,13.654622,2.629120,0.575957,0.825483,0.705520,0.337643,0.968640,0.379895,20.235705
3239,1,2,1,13.017231,2.637310,0.576566,0.822929,0.699993,0.335908,0.977385,0.383778,19.611298
3240,1,2,1,11.618270,2.738812,0.577151,0.825563,0.702302,0.340554,0.980406,0.381631,18.322917
3241,0,2,0,14.057372,2.643372,0.570504,0.824763,0.694566,0.338627,0.974006,0.382474,20.647452
3242,1,2,1,11.439932,2.756868,0.570308,0.822123,0.702117,0.336345,0.976295,0.382800,18.146117
3243,1,2,1,11.697588,2.638664,0.673779,0.828948,0.705440,0.341163,0.973674,0.377612,18.399193
3244,0,2,1,10.972898,2.631397,0.577631,0.827144,0.698887,0.336560,0.968936,0.404917,17.579108
3245,1,2,1,9.351354,2.639410,0.560756,0.829385,0.704369,0.330763,0.974117,0.384800,15.933028
3246,1,2,1,13.641089,2.632098,0.570979,0.825256,0.693760,0.335391,0.977594,0.386160,20.221502
3247,1,2,1,13.792714,2.633914,0.566585,0.830332,0.700117,0.335557,0.963569,0.387600,20.367618
3248,1,2,1,10.758683,2.738480,0.574062,0.821015,0.705668,0.337680,0.976443,0.381827,17.449218
3249,0,2,0,13.843016,2.740110,0.579046,0.823360,0.698283,0.340314,0.972652,0.382480,20.538855
3250,1,2,1,13.078228,2.731114,0.573570,0.822647,0.699273,0.336363,0.975754,0.385520,19.761176
3251,1,2,1,10.744560,2.635133,0.577797,0.871261,0.709182,0.337711,0.974782,0.382277,17.471373
3252,1,2,1,12.850880,2.628056,0.577489,0.950886,0.706597,0.339373,0.974406,0.384099,19.570061
3253,1,2,1,10.691120,2.632302,0.576665,0.825865,0.699939,0.340929,1.141809,0.450173,17.520259
3254,1,2,1,12.523391,2.633563,0.575416,0.825354,0.697274,0.338899,0.964850,0.381945,19.096560
3255,1,2,1,10.828856,2.632708,0.564874,0.822068,0.701969,0.338160,0.964222,0.383108,17.393342
3256,1,2,1,11.684745,2.737834,0.573477,0.830025,0.702418,0.337009,0.964794,0.382960,18.372744
3257,1,2,1,13.387409,2.734856,0.574893,0.825403,0.706252,0.339237,0.971354,0.383625,20.082382
3258,1,2,1,11.678221,2.758246,0.568825,0.821465,0.700671,0.337360,0.972812,0.380812,18.375440
3259,0,2,0,13.930633,2.737298,0.577741,0.821871,0.701785,0.336591,0.976431,0.378467,20.621569
3260,1,2,1,10.774123,2.631182,0.574006,0.820400,0.821040,0.336775,0.973040,0.388062,17.476991
3261,1,2,0,13.570247,2.633090,0.572086,0.957237,0.712578,0.339034,0.978960,0.386086,20.310056
3262,1,2,1,10.737803,2.636960,0.578603,0.823447,0.696327,0.336166,0.971280,0.497747,17.436812
3263,1,2,1,10.671533,2.631471,0.566659,0.822911,0.700628,0.336234,0.976313,0.387612,17.251766
3264,1,2,1,13.498369,2.637403,0.572541,0.823237,0.702351,0.339883,0.978025,0.381723,20.092899
3265,1,2,1,10.739656,2.748350,0.578499,0.821889,0.701576,0.337711,0.974307,0.384227,17.449138
3266,0,2,0,13.908960,2.727901,0.574468,0.829261,0.697163,0.338111,0.972554,0.383981,20.594080
3267,1,2,1,11.495828,2.724142,0.577206,0.826080,0.697070,0.336290,0.970775,0.386197,18.174899
3268,1,2,1,11.481206,2.633773,0.567447,0.823526,0.812584,0.335551,0.973545,0.386351,18.176898
3269,1,2,1,10.744714,2.634431,0.570153,0.826683,0.698388,0.339224,0.974664,0.380659,17.326633
3270,1,2,1,10.738339,2.627754,0.565816,0.823409,0.699741,0.338111,0.977760,0.386757,17.313711
3271,1,2,1,13.845508,2.631772,0.568320,0.821378,0.700714,0.342283,0.968068,0.382123,20.417224
3272,1,2,1,13.656388,2.630831,0.576677,0.823717,0.701538,0.337538,0.966296,0.383902,20.233477
3273,1,2,0,13.738800,2.632849,0.574960,0.829181,0.702985,0.340203,0.975791,0.385052,20.341520
3274,1,2,1,11.263957,2.763766,0.575132,0.819901,0.703631,0.334259,0.973459,0.383956,17.979557
3275,1,2,1,11.690320,2.738763,0.570653,0.826966,0.706806,0.340049,0.977267,0.390277,18.400911
3276,1,2,1,10.726665,2.632498,0.569557,0.830770,0.824541,0.336640,0.977465,0.389021,17.449188
3277,1,2,1,13.615513,2.636197,0.574966,0.955742,0.708308,0.334099,0.978302,0.382099,20.347028
3278,0,2,0,13.608671,2.629637,0.579643,0.950726,0.707200,0.337704,0.972344,0.380461,20.324886
3279,1,2,1,11.739139,2.636991,0.573422,0.823717,0.700622,0.432129,0.966092,0.387034,18.421809
3280,1,2,1,13.497163,2.633286,0.576467,0.826886,0.828787,0.340653,0.968203,0.386487,20.219527
3281,0,2,1,13.329889,2.632135,0.580579,0.823009,0.816517,0.339083,0.972904,0.383951,20.039963
3282,1,2,1,11.526105,2.636037,0.571446,0.822991,0.706437,0.334492,0.974277,0.493742,18.221809
3283,1,2,1,11.694530,2.637692,0.565169,0.826751,0.702868,0.341089,0.975410,0.380935,18.281064
3284,1,2,0,13.280806,2.629206,0.570597,0.833686,0.696627,0.337594,0.978363,0.385538,19.867982
3285,0,2,0,13.864394,2.639957,0.574104,0.823649,0.704320,0.333859,0.970917,0.382664,20.450289
3286,1,2,1,13.608364,2.627760,0.567520,0.824720,0.696191,0.336578,0.974616,0.388018,20.182524
3287,1,2,1,13.690375,2.631982,0.572819,0.826560,0.702566,0.342013,0.978369,0.379760,20.282369
3288,1,2,1,10.811883,2.631612,0.580252,0.821292,0.696579,0.337391,0.978190,0.386240,17.402819
3289,1,2,1,11.225194,2.743858,0.573508,0.823784,0.698228,0.335212,0.977477,0.383779,17.924148
3290,0,2,0,13.818898,2.742160,0.570461,0.829427,0.696726,0.342462,0.973772,0.378905,20.512418
3291,1,2,1,13.506283,2.753378,0.571415,0.827538,0.704000,0.337127,0.973754,0.381293,20.216806
3292,1,2,0,13.644203,2.732190,0.572105,0.825637,0.702357,0.341557,0.977428,0.382400,20.336425
3293,1,2,1,13.656129,2.639354,0.573453,0.829299,0.704554,0.333324,0.972523,0.381064,20.247261
3294,1,2,0,13.725360,2.628412,0.578345,0.826215,0.702178,0.339311,0.971113,0.382412,20.311311
3295,1,2,1,10.758154,2.742394,0.573594,0.828776,0.698923,0.337852,0.976991,0.386068,17.465317
3296,1,2,1,13.620536,2.754720,0.575169,0.825662,0.702388,0.334591,0.978486,0.383132,20.332536
3297,1,2,1,11.232824,2.635600,0.571170,0.948972,0.705643,0.340018,0.973883,0.382566,17.953950
3298,1,2,0,13.518554,2.634880,0.569766,0.931618,0.701071,0.334363,0.977741,0.382739,20.207729
3299,1,2,1,11.780837,2.634160,0.570831,0.823877,0.799384,0.344129,0.971224,0.386295,18.476117
3300,1,2,1,10.698197,2.631766,0.573354,0.828444,0.696812,0.336720,0.972154,0.382825,17.276425
3301,1,2,1,11.254092,2.630467,0.573896,0.823268,0.704578,0.336332,0.977754,0.380794,17.836068
3302,1,2,1,13.638997,2.635791,0.568302,0.827182,0.698505,0.333951,0.976209,0.386197,20.220750
3303,1,2,1,10.688695,2.732289,0.573981,0.830830,0.698284,0.337157,0.964510,0.382714,17.370419
3304,1,2,1,13.519459,2.736579,0.573157,0.828308,0.700252,0.336727,0.963692,0.381138,20.200609
3305,1,2,1,11.549366,2.636972,0.576350,0.864012,0.711920,0.339631,0.969102,0.384622,18.291760
3306,1,2,1,13.584474,2.626283,0.693680,0.824135,0.698929,0.336695,0.968702,0.385705,20.278781
3307,1,2,1,11.493274,2.636825,0.569077,0.822966,0.803686,0.343127,0.976431,0.384141,18.193501
3308,1,2,1,13.641606,2.632702,0.569243,0.828012,0.847729,0.335828,0.974991,0.385151,20.374363
3309,0,2,0,13.673353,2.637058,0.573502,0.939077,0.716295,0.335526,0.972178,0.392006,20.397661
3310,1,2,1,10.664167,2.627507,0.568443,0.827341,0.700295,0.339446,0.978960,0.508738,17.370597
3311,1,2,1,13.585268,2.635760,0.572037,0.830899,0.704726,0.336019,0.969508,0.417181,20.211853
3312,1,2,1,13.839804,2.825723,0.738449,1.035981,0.732043,0.442111,0.999649,0.539514,21.465120
3313,1,2,1,13.996240,2.798603,0.678301,1.133114,0.850806,0.395736,0.991323,0.502609,21.553237
3314,1,2,1,12.425939,2.637575,0.577723,0.998104,0.730787,0.337533,0.980037,0.412917,19.266787
3315,1,2,1,13.644456,2.708566,0.692209,0.882302,0.759028,0.353914,0.976258,0.469213,20.662763
3316,0,2,0,23.763182,3.251606,0.675545,1.008880,0.838830,0.367594,0.995311,0.502375,31.603594
3317,1,2,1,14.351028,2.924110,0.631797,0.836997,0.730929,0.350769,0.978800,0.526105,21.631065
3318,0,2,0,13.281723,2.607619,0.563390,0.807693,0.680024,0.331945,0.961341,0.395446,19.785748
3319,1,2,1,11.249348,2.779224,0.568240,0.803379,0.670843,0.323304,0.962898,0.384006,17.905009
3320,1,2,1,11.271280,2.859981,0.768265,1.019471,0.839588,0.376566,0.976985,0.492800,18.818185
3321,1,2,1,12.962824,2.835280,0.773163,1.031600,0.782221,0.379612,1.008412,0.547354,20.522972
3322,0,2,0,14.945889,2.857200,0.677459,0.911465,0.829711,0.418985,0.997717,0.477699,22.330720
3323,1,2,1,11.918197,2.758573,0.775317,0.801028,0.664824,0.317655,0.966929,0.362935,18.733378
3324,1,2,0,13.291520,2.707501,0.553662,0.799661,0.661224,0.327397,0.960535,0.364474,19.821606
3325,1,2,1,11.479594,2.587913,0.717305,0.806393,0.665883,0.324419,0.973207,0.367409,18.078062
3326,1,2,1,11.075459,2.597852,0.545378,0.799810,0.658234,0.323748,1.073895,0.393618,17.619550
3327,1,2,1,12.512468,2.594320,0.544579,0.800880,0.664351,0.326381,1.026130,0.391939,19.017200
3328,1,2,1,10.496960,2.588591,0.545354,0.796615,0.664541,0.323939,0.977262,0.365317,16.909268
3329,1,2,1,11.298252,2.691373,0.551053,0.803908,0.655249,0.328788,0.971262,0.362671,17.814997
3330,1,2,1,11.192874,2.587754,0.550960,0.907022,0.675988,0.320800,0.975231,0.361538,17.725470
3331,1,2,1,11.686431,2.595003,0.550093,0.797661,0.669779,0.328400,1.080917,0.395544,18.260972
3332,0,2,0,13.481046,2.590825,0.554351,0.798087,0.662671,0.508462,0.979150,0.390135,20.117643
3333,1,2,1,10.434720,2.593914,0.547846,0.788603,0.663446,0.326991,0.969661,0.363213,16.838037
3334,0,2,0,13.712972,2.590868,0.553667,0.794578,0.658659,0.327132,0.974819,0.364449,20.126831
3335,0,2,0,13.165427,2.591218,0.550707,0.801107,0.659323,0.326609,0.961526,0.365594,19.571292
3336,1,2,1,10.529889,2.717016,0.547932,0.794320,0.656320,0.327353,0.961003,0.365612,17.053409
3337,1,2,1,10.564382,2.593871,0.552345,0.916031,0.672720,0.325108,0.971003,0.369655,17.122363
3338,0,2,0,13.349613,2.590942,0.552997,0.896517,0.672954,0.326664,0.969784,0.366351,19.878061
3339,1,2,1,10.513630,2.591193,0.550492,0.799304,0.661256,0.326056,0.974049,0.360184,16.931871
3340,1,2,1,10.454400,2.612547,0.549095,0.792425,0.655981,0.328080,0.971342,0.364209,16.888190
3341,1,2,1,10.519071,2.590781,0.683514,0.790683,0.668086,0.325693,0.972967,0.364098,17.068874
3342,1,2,1,11.075464,2.591698,0.552683,0.789760,0.661723,0.325182,0.969686,0.396745,17.515951
3343,1,2,1,12.613889,2.598129,0.553693,0.801188,0.660824,0.324658,0.962800,0.488997,19.154184
3344,1,2,1,11.550966,2.593508,0.545982,0.793304,0.661945,0.325606,0.961827,0.362351,17.943637
3345,1,2,1,13.457619,2.593502,0.544209,0.800209,0.662037,0.329095,0.971920,0.365108,19.877796
3346,1,2,1,13.447212,2.591076,0.550738,0.793397,0.664997,0.324068,0.973176,0.364960,19.858578
3347,1,2,1,10.504929,2.699427,0.549366,0.802129,0.660178,0.330400,0.971680,0.365292,17.038098
3348,0,2,0,13.548455,2.706480,0.546031,0.798351,0.656991,0.324868,0.970867,0.367132,20.069274
3349,1,2,1,13.281821,2.697724,0.553237,0.798849,0.658425,0.322948,0.972830,0.368019,19.806295
3350,1,2,1,11.622886,2.591920,0.661366,0.795415,0.659520,0.327883,0.973969,0.364960,18.150381
3351,1,2,1,13.543194,2.597280,0.647175,0.799396,0.659969,0.328154,0.977052,0.365046,20.069828
3352,1,2,1,10.515587,2.592344,0.545662,0.792037,0.662653,0.325982,0.963151,0.386387,16.935785
3353,0,2,0,13.604781,2.594215,0.548467,0.792899,0.668782,0.326000,0.976184,0.392185,20.060696
3354,0,2,0,13.350904,2.590671,0.548351,0.794910,0.659993,0.321778,0.966511,0.386117,19.771581
3355,1,2,1,13.267760,2.592185,0.547852,0.799138,0.662936,0.327077,1.009520,0.380394,19.741581
3356,1,2,1,13.314264,2.592873,0.548615,0.799631,0.666049,0.324443,0.974437,0.471514,19.841366
3357,0,2,0,12.768966,2.592093,0.548123,0.799009,0.659421,0.324935,0.969188,0.362727,19.172671
3358,1,2,1,11.748129,2.587896,0.542246,0.794517,0.660283,0.326536,0.970246,0.363907,18.145249
3359,1,2,1,10.512271,2.693926,0.549262,0.791212,0.662615,0.323692,0.960683,0.365034,17.012129
3360,1,2,1,14.070646,2.711988,0.554136,0.792954,0.662726,0.322363,0.957342,0.364332,20.588492
3361,0,2,0,13.582129,2.690837,0.553464,0.794775,0.658702,0.323348,0.972794,0.365834,20.095563
3362,1,2,1,11.362104,2.591108,0.677046,0.795213,0.661692,0.326978,0.971495,0.363557,17.900868
3363,1,2,1,13.309797,2.594412,0.681329,0.803465,0.664689,0.325692,0.970320,0.364824,19.866899
3364,1,2,1,10.425009,2.589353,0.544252,0.792917,0.662868,0.330935,0.970510,0.407385,16.878585
3365,0,2,0,13.358283,2.597225,0.547373,0.793853,0.663975,0.328892,1.058253,0.406030,19.909926
3366,1,2,1,10.460702,2.593083,0.550449,0.795200,0.660818,0.328006,0.970080,0.363748,16.874357
3367,1,2,0,13.637016,2.594043,0.550424,0.792770,0.663403,0.330129,0.973514,0.365858,20.060991
3368,1,2,1,12.581022,2.591353,0.543267,0.790376,0.673637,0.329354,0.959674,0.365920,18.983385
3369,1,2,1,14.235514,2.593169,0.547163,0.797022,0.666609,0.322326,0.971594,0.367262,20.653175
3370,1,2,1,10.488227,2.698972,0.554105,0.791225,0.664031,0.325772,0.961464,0.364000,16.996646
3371,1,2,1,13.338800,2.696031,0.552843,0.793748,0.668517,0.330609,0.971889,0.371256,19.878652
3372,1,2,1,10.522849,2.592652,0.550825,0.800154,0.668554,0.327655,1.061489,0.383619,17.058745
3373,1,2,1,13.076228,2.593446,0.547237,0.797815,0.662203,0.324856,0.963710,0.385169,19.502320
3374,1,2,1,11.412775,2.594825,0.542831,0.793317,0.664874,0.325090,0.971212,0.364622,17.819175
3375,1,2,1,11.512007,2.594087,0.551016,0.795957,0.664376,0.326769,0.961784,0.363397,17.921895
3376,1,2,0,13.489311,2.594443,0.554412,0.789945,0.666437,0.318271,0.959951,0.366757,19.887335
3377,1,2,1,10.846160,2.711040,0.537403,0.791311,0.662781,0.317587,0.970049,0.357514,17.344449
3378,1,2,1,10.442191,2.593065,0.553938,0.798191,0.663139,0.327778,0.962757,0.396720,16.889576
3379,1,2,1,13.322831,2.599649,0.545760,0.796480,0.658867,0.324308,0.971643,0.402745,19.779920
3380,1,2,0,13.565015,2.597569,0.548899,0.800080,0.658756,0.324923,0.970892,0.405255,20.024911
3381,1,2,1,10.499816,2.589379,0.545286,0.798813,0.664652,0.324941,0.972160,0.365803,16.914394
3382,1,2,1,11.503052,2.695003,0.553698,0.794744,0.667674,0.328874,0.969643,0.366905,18.032332
3383,1,2,1,13.315827,2.709994,0.549132,0.797767,0.664960,0.326147,0.975071,0.364339,19.858018
3384,1,2,1,13.382037,2.699311,0.545760,0.800874,0.660523,0.326209,0.975662,0.360246,19.901446
3385,1,2,1,11.681150,2.712375,0.549446,0.801299,0.660954,0.328129,0.973723,0.364357,18.226129
3386,1,2,1,13.255273,2.688510,0.552947,0.798037,0.659717,0.325766,0.974210,0.367661,19.777729
3387,1,2,1,10.470837,2.595944,0.547410,0.799717,0.665815,0.326720,0.975742,0.400246,16.936431
3388,1,2,1,10.398911,2.590554,0.548308,0.799723,0.663747,0.326665,0.971693,0.365889,16.814117
3389,1,2,1,10.397089,2.716363,0.549434,0.796216,0.658313,0.328375,0.975533,0.365766,16.938751
3390,1,2,1,13.297434,2.687723,0.554351,0.795520,0.661600,0.326664,0.970443,0.364966,19.810948
3391,1,2,1,13.361206,2.685692,0.545207,0.799538,0.660062,0.327003,0.975138,0.363071,19.870990
3392,1,2,1,12.021803,2.588775,0.679957,0.804991,0.668295,0.323200,0.973489,0.363877,18.577237
3393,1,2,1,11.496855,2.595471,0.550578,0.795871,0.669661,0.431520,0.973249,0.382843,18.051766
3394,1,2,1,13.191188,2.593600,0.549877,0.797539,0.664160,0.327360,0.968831,0.398203,19.646210
3395,1,2,0,13.526387,2.591071,0.547145,0.794295,0.662308,0.328947,0.973317,0.394542,19.973083
3396,1,2,1,12.977422,2.592418,0.550191,0.791200,0.666923,0.326098,0.965815,0.397089,19.420677
3397,1,2,1,10.391428,2.595618,0.551170,0.798554,0.666092,0.409680,0.989003,0.402690,16.962843
3398,1,2,1,13.525624,2.587754,0.551440,0.794733,0.664640,0.327292,0.961090,0.365427,19.927360
3399,1,2,1,10.475311,2.698862,0.548043,0.791139,0.666936,0.325415,0.967206,0.367231,16.993495
3400,1,2,1,10.546769,2.589871,0.548511,0.795834,0.759994,0.329021,0.962732,0.372141,17.056142
3401,1,2,1,11.696111,2.590387,0.550013,0.801767,0.661723,0.325348,0.972381,0.477243,18.227864
3402,0,2,0,13.560646,2.590997,0.547944,0.793767,0.660407,0.326763,0.972216,0.469009,20.072726
3403,1,2,1,13.357483,2.594511,0.547483,0.798271,0.663317,0.325993,0.975447,0.466504,19.882190
3404,1,2,1,13.261545,2.588437,0.545600,0.799741,0.659101,0.329046,0.972049,0.461975,19.768382
3405,0,2,0,13.490948,2.595772,0.543630,0.797507,0.663354,0.327421,0.970197,0.460074,20.004203
3406,1,2,1,11.024689,2.592653,0.549705,0.795267,0.662283,0.327188,0.970007,0.365360,17.438407
3407,1,2,1,10.540936,2.693662,0.553415,0.793440,0.657877,0.323169,0.960573,0.363859,17.038529
3408,1,2,1,11.460327,2.591298,0.553120,0.934381,0.666591,0.323840,0.974548,0.360683,18.016184
3409,1,2,1,10.600954,2.591157,0.545009,0.803883,0.656677,0.326074,0.971496,0.364979,17.085144
3410,0,2,0,13.349748,2.587687,0.555280,0.793981,0.664043,0.326578,0.971742,0.370351,19.769877
3411,1,2,1,11.106216,2.592800,0.552037,0.795489,0.657976,0.328899,0.972049,0.366843,17.525563
3412,1,2,1,13.399680,2.594209,0.548351,0.797317,0.662504,0.326074,0.973908,0.365723,19.819520
3413,1,2,1,10.499539,2.709883,0.550541,0.799009,0.660825,0.325145,0.975003,0.365637,17.037705
3414,0,2,0,13.639723,2.700862,0.554363,0.796295,0.659274,0.322363,0.974024,0.366086,20.164720
3415,1,2,1,13.297360,2.691871,0.548671,0.793680,0.665483,0.327649,0.964295,0.364117,19.807261
3416,0,2,0,13.460770,2.695126,0.554024,0.794960,0.662055,0.323464,0.975587,0.368012,19.986714
3417,1,2,1,12.315716,2.591409,0.808566,0.806621,0.670228,0.325705,0.971181,0.371772,19.013723
3418,1,2,1,11.492837,2.593157,0.546794,0.796664,0.663366,0.422621,0.963446,0.366892,17.999908
3419,1,2,1,11.448733,2.590449,0.550388,0.797606,0.661397,0.326529,0.972092,0.370068,17.869594
3420,1,2,1,13.312634,2.594098,0.554037,0.796450,0.661791,0.325434,0.967810,0.364123,19.727391
3421,1,2,1,11.392443,2.593969,0.546616,0.795871,0.661957,0.324061,0.969698,0.362080,17.798313
3422,1,2,1,13.393299,2.591175,0.543926,0.792148,0.663871,0.326554,0.967920,0.372714,19.803520
3423,0,2,1,13.551083,2.593138,0.550591,0.798640,0.660013,0.325317,0.972628,0.363927,19.968646
3424,1,2,1,10.529163,2.718911,0.558511,0.795040,0.662702,0.326486,0.960197,0.365046,17.070173
3425,1,2,1,10.537267,2.594960,0.550621,0.801594,0.659643,0.394456,0.984370,0.393458,17.073741
3426,1,2,1,10.494246,2.594597,0.546129,0.797705,0.667163,0.328880,0.973447,0.363674,16.918449
3427,0,2,0,13.447711,2.589514,0.542929,0.798178,0.669028,0.327957,0.972763,0.368031,19.868960
3428,1,2,1,12.371268,2.593256,0.547120,0.797207,0.661630,0.326172,0.960326,0.365305,18.773988
3429,1,2,1,10.432141,2.700357,0.549126,0.801114,0.659071,0.324314,0.973471,0.366856,16.959384
3430,1,2,1,10.987914,2.588486,0.551298,0.783557,0.666615,0.338573,0.970068,0.369631,17.497323
3431,0,2,0,13.601747,2.593206,0.551582,0.799600,0.763668,0.328222,0.974049,0.368867,20.133871
3432,1,2,1,10.426376,2.589372,0.550862,0.792449,0.654283,0.332295,0.972984,0.362216,16.828585
3433,1,2,1,10.468572,2.697108,0.550793,0.797255,0.658603,0.325206,0.974732,0.359803,16.984948
3434,1,2,1,11.378393,2.589508,0.684154,0.798738,0.659600,0.327569,0.971618,0.366634,17.927993
3435,1,2,1,12.368418,2.593335,0.551778,0.940874,0.674763,0.324745,0.970849,0.360763,18.940302
3436,1,2,1,10.434529,2.589464,0.549342,0.796098,0.666055,0.330068,0.973114,0.368031,16.859698
3437,1,2,1,13.405262,2.594880,0.552812,0.796258,0.661711,0.322197,0.969575,0.362492,19.813655
3438,1,2,1,12.733144,2.595717,0.543575,0.794701,0.658425,0.325544,0.969742,0.364080,19.134560
3439,1,2,1,12.819963,2.598461,0.546849,0.792092,0.661286,0.323243,0.962117,0.366929,19.219600
3440,0,2,0,13.275612,2.592868,0.552338,0.793150,0.661742,0.327711,0.974640,0.366468,19.696419
3441,1,2,1,11.256665,2.692160,0.550830,0.789452,0.660954,0.324350,0.975059,0.363693,17.765212
3442,1,2,1,10.561372,2.588123,0.548917,0.914677,0.675231,0.328572,0.973717,0.364092,17.106283
3443,1,2,1,13.311187,2.597976,0.557723,0.977619,0.678234,0.326135,0.972240,0.368332,19.947662
