INFO-FLOW: Workspace /home/cym/prj2/finn/notebooks/icl_thesis-master/experiments/qks_v3_s0_s10_s20_s30_exploratory_hls/q16_qksv3_s10/q16_qksv3_s10_hls/solution1 opened at Fri Jul 03 20:12:03 CST 2026
Execute       send_msg_by_id INFO @200-1505@%s%s  vivado 
INFO: [HLS 200-1505] Using flow_target 'vivado'
Execute       send_msg_by_id INFO @200-435@%s%s 'open_solution -flow_target vivado' config_interface -m_axi_latency=0 
INFO: [HLS 200-435] Setting 'open_solution -flow_target vivado' configuration: config_interface -m_axi_latency=0
Execute       config_interface -m_axi_latency=0 
Command     open_solution done; 0.16 sec.
Execute     set_part xc7z020-clg400-1 
INFO: [HLS 200-1510] Running: set_part xc7z020-clg400-1 
Execute       create_platform xc7z020-clg400-1 -board  
DBG:HLSDevice: Trying to load device library: /tools/Xilinx/Vitis_HLS/2022.2/lib/lnx64.o/libxv_hlsvwrap.so
DBG:HLSDevice: first parts/arch.xml in RDI_DATADIR: /tools/Xilinx/Vivado/2022.2/data/parts/arch.xml
DBG:HLSDevice: init success
INFO: [HLS 200-1611] Setting target device to 'xc7z020-clg400-1'
Command       create_platform done; 0.47 sec.
Execute       source /tools/Xilinx/Vitis_HLS/2022.2/common/technology/xilinx/common/xilinx.gen 
Execute         source /tools/Xilinx/Vitis_HLS/2022.2/common/technology/xilinx/interface/plb46.gen 
Execute         source /tools/Xilinx/Vitis_HLS/2022.2/common/technology/xilinx/interface/axi4.gen 
Execute         source /tools/Xilinx/Vitis_HLS/2022.2/common/technology/xilinx/interface/nativeAXI4.gen 
Execute           source /tools/Xilinx/Vitis_HLS/2022.2/common/technology/xilinx/interface/saxilite.gen 
Execute         source /tools/Xilinx/Vitis_HLS/2022.2/common/technology/xilinx/scripts/xilinxcoregen.gen 
Execute         source /tools/Xilinx/Vitis_HLS/2022.2/common/technology/xilinx/interface/XilEDKCoreGen.gen 
Execute         source /tools/Xilinx/Vitis_HLS/2022.2/common/technology/xilinx/ip/xfir.gen 
Execute         source /tools/Xilinx/Vitis_HLS/2022.2/common/technology/xilinx/ip/util.gen 
Execute         source /tools/Xilinx/Vitis_HLS/2022.2/common/technology/xilinx/ip/xfft.gen 
Execute         source /tools/Xilinx/Vitis_HLS/2022.2/common/technology/xilinx/ip/dds_compiler.gen 
Execute         source /tools/Xilinx/Vitis_HLS/2022.2/common/technology/xilinx/DSP48/dsp48.gen 
Execute       ap_part_info -name xc7z020-clg400-1 -data info 
Execute       config_compile -quiet -complex-mul-dsp=0 
Command     set_part done; 0.54 sec.
Execute     create_clock -period 10 -name default 
INFO: [HLS 200-1510] Running: create_clock -period 10 -name default 
Execute       ap_set_clock -name default -period 10 -default=false 
INFO: [SYN 201-201] Setting up clock 'default' with a period of 10ns.
Execute     csim_design 
INFO: [HLS 200-1510] Running: csim_design 
INFO: [SIM 211-2] *************** CSIM start ***************
INFO: [SIM 211-4] CSIM will launch GCC as the compiler.
Execute       ap_part_info -name xc7z020-clg400-1 -data info 
Execute       source run_sim.tcl 
INFO: [SIM 211-1] CSim done with 0 errors.
INFO: [SIM 211-3] *************** CSIM finish ***************
Command     csim_design done; 3.21 sec.
INFO: [HLS 200-111] Finished Command csim_design CPU user time: 2.81 seconds. CPU system time: 0.37 seconds. Elapsed time: 3.21 seconds; current allocated memory: 0.000 MB.
Execute     csynth_design 
INFO: [HLS 200-1510] Running: csynth_design 
Execute       elaborate -effort=medium -skip_syncheck=0 -keep_printf=0 -skip_cdt=0 -skip_transform=0 -ng=0 -g=0 -opt_fp=0 -from_csynth_design=1 
INFO: [HLS 200-111] Finished File checks and directory preparation: CPU user time: 0 seconds. CPU system time: 0 seconds. Elapsed time: 0 seconds; current allocated memory: 305.691 MB.
INFO: [HLS 200-10] Analyzing design file '/home/cym/prj2/finn/notebooks/icl_thesis-master/experiments/qks_v3_s0_s10_s20_s30_exploratory_hls/q16_qksv3_s10/src/q16_qksv3_s10.cpp' ... 
INFO-FLOW: Compiling one TU...
INFO-FLOW: Handling /home/cym/prj2/finn/notebooks/icl_thesis-master/experiments/qks_v3_s0_s10_s20_s30_exploratory_hls/q16_qksv3_s10/src/q16_qksv3_s10.cpp as C++
Execute         ap_part_info -name xc7z020-clg400-1 -data info 
INFO-FLOW: Running: GCC PP 39
INFO-FLOW: Source preprocessing
Execute         ap_eval exec -ignorestderr /tools/Xilinx/Vitis_HLS/2022.2/lnx64/tools/clang-3.9-csynth/bin/clang /home/cym/prj2/finn/notebooks/icl_thesis-master/experiments/qks_v3_s0_s10_s20_s30_exploratory_hls/q16_qksv3_s10/src/q16_qksv3_s10.cpp -foptimization-record-file=/home/cym/prj2/finn/notebooks/icl_thesis-master/experiments/qks_v3_s0_s10_s20_s30_exploratory_hls/q16_qksv3_s10/q16_qksv3_s10_hls/solution1/.autopilot/db/q16_qksv3_s10.cpp.clang.diag.yml -mllvm -pass-remarks-missed=reflow|pasta|unroll -mllvm -pass-remarks=reflow|pasta|unroll|inline -fno-limit-debug-info -gcc-toolchain /tools/Xilinx/Vitis_HLS/2022.2/tps/lnx64/gcc-8.3.0 -fhls -fno-exceptions -E -I/home/cym/prj2/finn/notebooks/icl_thesis-master/experiments/qks_v3_s0_s10_s20_s30_exploratory_hls/q16_qksv3_s10/src -fno-math-errno -c -emit-llvm -mllvm -disable-llvm-optzns -Werror=implicit-function-declaration -Werror=implicit-hls-streams -Werror=return-type -Wpragmas -Wunused-parameter -Wdump-hls-pragmas -Wno-error=dump-hls-pragmas -fno-threadsafe-statics -fno-use-cxa-atexit -std=gnu++14 -target fpga64-xilinx-linux-gnu -fno-threadsafe-statics -fno-use-cxa-atexit -D__VITIS_HLS__ -DAESL_SYN -D__SYNTHESIS__ -D__HLS_SYN__ -I /tools/Xilinx/Vitis_HLS/2022.2/common/technology/autopilot -I /tools/Xilinx/Vitis_HLS/2022.2/common/technology/autopilot/ap_sysc -include etc/autopilot_ssdm_op.h -D__DSP48E1__ -I /usr/include/x86_64-linux-gnu -o /home/cym/prj2/finn/notebooks/icl_thesis-master/experiments/qks_v3_s0_s10_s20_s30_exploratory_hls/q16_qksv3_s10/q16_qksv3_s10_hls/solution1/.autopilot/db/q16_qksv3_s10.pp.0.cpp -hls-platform-db-name=/tools/Xilinx/Vitis_HLS/2022.2/common/technology/xilinx/common/platform.db -hls-platform-name=zynq_slow -device-resource-info=BRAM_280.000000_DSP_220.000000_FF_106400.000000_LUT_53200.000000_SLICE_13300.000000_URAM_0.000000 -device-name-info=xc7z020clg400-1 > /home/cym/prj2/finn/notebooks/icl_thesis-master/experiments/qks_v3_s0_s10_s20_s30_exploratory_hls/q16_qksv3_s10/q16_qksv3_s10_hls/solution1/.autopilot/db/q16_qksv3_s10.cpp.clang.out.log 2> /home/cym/prj2/finn/notebooks/icl_thesis-master/experiments/qks_v3_s0_s10_s20_s30_exploratory_hls/q16_qksv3_s10/q16_qksv3_s10_hls/solution1/.autopilot/db/q16_qksv3_s10.cpp.clang.err.log 
Command         ap_eval done; 0.12 sec.
INFO-FLOW: Done: GCC PP 39 time: 0.1 seconds per iteration
Execute         set_directive_top q16_qksv3_s10 -name=q16_qksv3_s10 
Execute         source /tools/Xilinx/Vitis_HLS/2022.2/tps/tcl/tcllib1.11.1/yaml/huddle.tcl 
Execute         source /tools/Xilinx/Vitis_HLS/2022.2/tps/tcl/tcllib1.11.1/yaml/json2huddle.tcl 
INFO-FLOW: Source syntax check for synthesis
Execute         ap_eval exec -ignorestderr /tools/Xilinx/Vitis_HLS/2022.2/lnx64/tools/clang-3.9-csynth/bin/clang -foptimization-record-file=/home/cym/prj2/finn/notebooks/icl_thesis-master/experiments/qks_v3_s0_s10_s20_s30_exploratory_hls/q16_qksv3_s10/q16_qksv3_s10_hls/solution1/.autopilot/db/clang.diag.yml -mllvm -pass-remarks-missed=reflow|pasta|unroll -mllvm -pass-remarks=reflow|pasta|unroll|inline -fsyntax-only -fhls -target fpga64-xilinx-linux-gnu /home/cym/prj2/finn/notebooks/icl_thesis-master/experiments/qks_v3_s0_s10_s20_s30_exploratory_hls/q16_qksv3_s10/q16_qksv3_s10_hls/solution1/.autopilot/db/q16_qksv3_s10.pp.0.cpp -hls-platform-db-name=/tools/Xilinx/Vitis_HLS/2022.2/common/technology/xilinx/common/platform.db -hls-platform-name=zynq_slow -device-resource-info=BRAM_280.000000_DSP_220.000000_FF_106400.000000_LUT_53200.000000_SLICE_13300.000000_URAM_0.000000 -device-name-info=xc7z020clg400-1 > /home/cym/prj2/finn/notebooks/icl_thesis-master/experiments/qks_v3_s0_s10_s20_s30_exploratory_hls/q16_qksv3_s10/q16_qksv3_s10_hls/solution1/.autopilot/db/clang.out.log 2> /home/cym/prj2/finn/notebooks/icl_thesis-master/experiments/qks_v3_s0_s10_s20_s30_exploratory_hls/q16_qksv3_s10/q16_qksv3_s10_hls/solution1/.autopilot/db/clang.err.log 
Command         ap_eval done; 0.56 sec.
WARNING: [HLS 207-5555] unexpected pragma argument 'mul', expects function/operation (/home/cym/prj2/finn/notebooks/icl_thesis-master/experiments/qks_v3_s0_s10_s20_s30_exploratory_hls/q16_qksv3_s10/src/q16_qksv3_s10.cpp:65:34)
WARNING: [HLS 207-5555] unexpected pragma argument 'mul', expects function/operation (/home/cym/prj2/finn/notebooks/icl_thesis-master/experiments/qks_v3_s0_s10_s20_s30_exploratory_hls/q16_qksv3_s10/src/q16_qksv3_s10.cpp:172:34)
Execute         clang_tidy xilinx-systemc-detector -desc systemc-detector /home/cym/prj2/finn/notebooks/icl_thesis-master/experiments/qks_v3_s0_s10_s20_s30_exploratory_hls/q16_qksv3_s10/q16_qksv3_s10_hls/solution1/.autopilot/db/q16_qksv3_s10.pp.0.cpp std=gnu++14 -target fpga  -directive=/home/cym/prj2/finn/notebooks/icl_thesis-master/experiments/qks_v3_s0_s10_s20_s30_exploratory_hls/q16_qksv3_s10/q16_qksv3_s10_hls/solution1/.autopilot/db/.systemc_flag 
INFO-FLOW: exec /tools/Xilinx/Vitis_HLS/2022.2/lnx64/tools/clang-3.9-csynth/bin/clang-tidy -header-filter=.* --checks=-*,xilinx-systemc-detector -import-directive=/home/cym/prj2/finn/notebooks/icl_thesis-master/experiments/qks_v3_s0_s10_s20_s30_exploratory_hls/q16_qksv3_s10/q16_qksv3_s10_hls/solution1/.autopilot/db/.systemc_flag -fix-errors /home/cym/prj2/finn/notebooks/icl_thesis-master/experiments/qks_v3_s0_s10_s20_s30_exploratory_hls/q16_qksv3_s10/q16_qksv3_s10_hls/solution1/.autopilot/db/q16_qksv3_s10.pp.0.cpp -- -std=gnu++14 -target fpga -fhls -ferror-limit=0
Command         clang_tidy done; 0.51 sec.
INFO-FLOW: Running: clang-tidy CDT preprocess 39
Execute         clang_tidy xilinx-directive2pragma -desc directive2pragma /home/cym/prj2/finn/notebooks/icl_thesis-master/experiments/qks_v3_s0_s10_s20_s30_exploratory_hls/q16_qksv3_s10/q16_qksv3_s10_hls/solution1/.autopilot/db/q16_qksv3_s10.pp.0.cpp std=gnu++14 -target fpga  -directive=/home/cym/prj2/finn/notebooks/icl_thesis-master/experiments/qks_v3_s0_s10_s20_s30_exploratory_hls/q16_qksv3_s10/q16_qksv3_s10_hls/solution1/.autopilot/db/all.directive.json 
INFO-FLOW: exec /tools/Xilinx/Vitis_HLS/2022.2/lnx64/tools/clang-3.9-csynth/bin/clang-tidy -header-filter=.* --checks=-*,xilinx-directive2pragma -import-directive=/home/cym/prj2/finn/notebooks/icl_thesis-master/experiments/qks_v3_s0_s10_s20_s30_exploratory_hls/q16_qksv3_s10/q16_qksv3_s10_hls/solution1/.autopilot/db/all.directive.json -fix-errors /home/cym/prj2/finn/notebooks/icl_thesis-master/experiments/qks_v3_s0_s10_s20_s30_exploratory_hls/q16_qksv3_s10/q16_qksv3_s10_hls/solution1/.autopilot/db/q16_qksv3_s10.pp.0.cpp -- -std=gnu++14 -target fpga -fhls -ferror-limit=0
Command         clang_tidy done; 0.65 sec.
Execute         clang_tidy xilinx-remove-assert -desc remove-assert /home/cym/prj2/finn/notebooks/icl_thesis-master/experiments/qks_v3_s0_s10_s20_s30_exploratory_hls/q16_qksv3_s10/q16_qksv3_s10_hls/solution1/.autopilot/db/q16_qksv3_s10.pp.0.cpp std=gnu++14 -target fpga  
INFO-FLOW: exec /tools/Xilinx/Vitis_HLS/2022.2/lnx64/tools/clang-3.9-csynth/bin/clang-tidy -header-filter=.* --checks=-*,xilinx-remove-assert -fix-errors /home/cym/prj2/finn/notebooks/icl_thesis-master/experiments/qks_v3_s0_s10_s20_s30_exploratory_hls/q16_qksv3_s10/q16_qksv3_s10_hls/solution1/.autopilot/db/q16_qksv3_s10.pp.0.cpp -- -std=gnu++14 -target fpga -fhls -ferror-limit=0
Command         clang_tidy done; 0.51 sec.
INFO-FLOW: Done: clang-tidy CDT preprocess 39 time: 1.2 seconds per iteration
INFO-FLOW: Calling xilinx-label-all-loops ... 
INFO-FLOW: Calling xilinx-aggregate-on-hls-vector ... 
Execute         clang_tidy -errorcheck -desc loop-label xilinx-label-all-loops,xilinx-aggregate-on-hls-vector,,xilinx-warn-mayneed-no-ctor-attribute /home/cym/prj2/finn/notebooks/icl_thesis-master/experiments/qks_v3_s0_s10_s20_s30_exploratory_hls/q16_qksv3_s10/q16_qksv3_s10_hls/solution1/.autopilot/db/q16_qksv3_s10.pp.0.cpp std=gnu++14 -target fpga  
Execute           ap_eval exec -ignorestderr /tools/Xilinx/Vitis_HLS/2022.2/lnx64/tools/clang-3.9-csynth/bin/clang-tidy -export-fixes=/home/cym/prj2/finn/notebooks/icl_thesis-master/experiments/qks_v3_s0_s10_s20_s30_exploratory_hls/q16_qksv3_s10/q16_qksv3_s10_hls/solution1/.autopilot/db/q16_qksv3_s10.pp.0.cpp.clang-tidy.loop-label.diag.yml -header-filter=.* --checks=-*,xilinx-label-all-loops,xilinx-aggregate-on-hls-vector,,xilinx-warn-mayneed-no-ctor-attribute -fix-errors /home/cym/prj2/finn/notebooks/icl_thesis-master/experiments/qks_v3_s0_s10_s20_s30_exploratory_hls/q16_qksv3_s10/q16_qksv3_s10_hls/solution1/.autopilot/db/q16_qksv3_s10.pp.0.cpp -- -std=gnu++14 -target fpga -fhls -ferror-limit=0 > /home/cym/prj2/finn/notebooks/icl_thesis-master/experiments/qks_v3_s0_s10_s20_s30_exploratory_hls/q16_qksv3_s10/q16_qksv3_s10_hls/solution1/.autopilot/db/q16_qksv3_s10.pp.0.cpp.clang-tidy.loop-label.out.log 2> /home/cym/prj2/finn/notebooks/icl_thesis-master/experiments/qks_v3_s0_s10_s20_s30_exploratory_hls/q16_qksv3_s10/q16_qksv3_s10_hls/solution1/.autopilot/db/q16_qksv3_s10.pp.0.cpp.clang-tidy.loop-label.err.log 
Command           ap_eval done; 0.84 sec.
Execute           source /tools/Xilinx/Vitis_HLS/2022.2/tps/tcl/tcllib1.11.1/yaml/yaml.tcl 
Command         clang_tidy done; 0.92 sec.
Execute         ap_eval exec -ignorestderr /tools/Xilinx/Vitis_HLS/2022.2/lnx64/tools/clang-3.9-csynth/bin/xilinx-dataflow-lawyer -export-fixes=/home/cym/prj2/finn/notebooks/icl_thesis-master/experiments/qks_v3_s0_s10_s20_s30_exploratory_hls/q16_qksv3_s10/q16_qksv3_s10_hls/solution1/.autopilot/db/q16_qksv3_s10.pp.0.cpp.xilinx-dataflow-lawyer.diag.yml /home/cym/prj2/finn/notebooks/icl_thesis-master/experiments/qks_v3_s0_s10_s20_s30_exploratory_hls/q16_qksv3_s10/q16_qksv3_s10_hls/solution1/.autopilot/db/q16_qksv3_s10.pp.0.cpp -- -std=gnu++14 -target fpga -fhls -ferror-limit=0 -fstrict-dataflow > /home/cym/prj2/finn/notebooks/icl_thesis-master/experiments/qks_v3_s0_s10_s20_s30_exploratory_hls/q16_qksv3_s10/q16_qksv3_s10_hls/solution1/.autopilot/db/q16_qksv3_s10.pp.0.cpp.xilinx-dataflow-lawyer.out.log 2> /home/cym/prj2/finn/notebooks/icl_thesis-master/experiments/qks_v3_s0_s10_s20_s30_exploratory_hls/q16_qksv3_s10/q16_qksv3_s10_hls/solution1/.autopilot/db/q16_qksv3_s10.pp.0.cpp.xilinx-dataflow-lawyer.err.log 
Command         ap_eval done; 0.49 sec.
Execute         ap_part_info -name xc7z020-clg400-1 -data info 
INFO-FLOW: compiling source code to llvm bc
Execute         ap_eval exec -ignorestderr /tools/Xilinx/Vitis_HLS/2022.2/lnx64/tools/clang-3.9-csynth/bin/clang -foptimization-record-file=/home/cym/prj2/finn/notebooks/icl_thesis-master/experiments/qks_v3_s0_s10_s20_s30_exploratory_hls/q16_qksv3_s10/q16_qksv3_s10_hls/solution1/.autopilot/db/q16_qksv3_s10.pp.0.cpp.clang.diag.yml -mllvm -pass-remarks-missed=reflow|pasta|unroll -mllvm -pass-remarks=reflow|pasta|unroll|inline -fno-limit-debug-info -fhls -flto -fno-exceptions -Wno-error=c++11-narrowing /home/cym/prj2/finn/notebooks/icl_thesis-master/experiments/qks_v3_s0_s10_s20_s30_exploratory_hls/q16_qksv3_s10/q16_qksv3_s10_hls/solution1/.autopilot/db/q16_qksv3_s10.pp.0.cpp -I/home/cym/prj2/finn/notebooks/icl_thesis-master/experiments/qks_v3_s0_s10_s20_s30_exploratory_hls/q16_qksv3_s10/src -fno-math-errno -c -emit-llvm -mllvm -disable-llvm-optzns -Werror=implicit-function-declaration -Werror=implicit-hls-streams -Werror=return-type -Wpragmas -Wunused-parameter -Wdump-hls-pragmas -Wno-error=dump-hls-pragmas -fno-threadsafe-statics -fno-use-cxa-atexit -std=gnu++14 -target fpga64-xilinx-linux-gnu -D__VITIS_HLS__ -DAESL_SYN -D__SYNTHESIS__ -D__HLS_SYN__ -I /tools/Xilinx/Vitis_HLS/2022.2/common/technology/autopilot -I /tools/Xilinx/Vitis_HLS/2022.2/common/technology/autopilot/ap_sysc -include etc/autopilot_ssdm_op.h -D__DSP48E1__ -g -o /home/cym/prj2/finn/notebooks/icl_thesis-master/experiments/qks_v3_s0_s10_s20_s30_exploratory_hls/q16_qksv3_s10/q16_qksv3_s10_hls/solution1/.autopilot/db/q16_qksv3_s10.bc -hls-platform-db-name=/tools/Xilinx/Vitis_HLS/2022.2/common/technology/xilinx/common/platform.db -hls-platform-name=zynq_slow -device-resource-info=BRAM_280.000000_DSP_220.000000_FF_106400.000000_LUT_53200.000000_SLICE_13300.000000_URAM_0.000000 -device-name-info=xc7z020clg400-1 > /home/cym/prj2/finn/notebooks/icl_thesis-master/experiments/qks_v3_s0_s10_s20_s30_exploratory_hls/q16_qksv3_s10/q16_qksv3_s10_hls/solution1/.autopilot/db/q16_qksv3_s10.pp.0.cpp.clang.out.log 2> /home/cym/prj2/finn/notebooks/icl_thesis-master/experiments/qks_v3_s0_s10_s20_s30_exploratory_hls/q16_qksv3_s10/q16_qksv3_s10_hls/solution1/.autopilot/db/q16_qksv3_s10.pp.0.cpp.clang.err.log 
Command         ap_eval done; 0.6 sec.
INFO: [HLS 200-111] Finished Source Code Analysis and Preprocessing: CPU user time: 4.03 seconds. CPU system time: 0.39 seconds. Elapsed time: 4.43 seconds; current allocated memory: 308.738 MB.
INFO-FLOW: Linking Debug ...
INFO-FLOW: Linking dut bc code.
Execute         run_link_or_opt -out /home/cym/prj2/finn/notebooks/icl_thesis-master/experiments/qks_v3_s0_s10_s20_s30_exploratory_hls/q16_qksv3_s10/q16_qksv3_s10_hls/solution1/.autopilot/db/a.g.ld.0.bc -args  "/home/cym/prj2/finn/notebooks/icl_thesis-master/experiments/qks_v3_s0_s10_s20_s30_exploratory_hls/q16_qksv3_s10/q16_qksv3_s10_hls/solution1/.autopilot/db/q16_qksv3_s10.g.bc"  
Execute           ap_eval exec -ignorestderr /tools/Xilinx/Vitis_HLS/2022.2/lnx64/tools/clang-3.9-csynth/bin/llvm-link /home/cym/prj2/finn/notebooks/icl_thesis-master/experiments/qks_v3_s0_s10_s20_s30_exploratory_hls/q16_qksv3_s10/q16_qksv3_s10_hls/solution1/.autopilot/db/q16_qksv3_s10.g.bc -o /home/cym/prj2/finn/notebooks/icl_thesis-master/experiments/qks_v3_s0_s10_s20_s30_exploratory_hls/q16_qksv3_s10/q16_qksv3_s10_hls/solution1/.autopilot/db/a.g.ld.0.bc > /home/cym/prj2/finn/notebooks/icl_thesis-master/experiments/qks_v3_s0_s10_s20_s30_exploratory_hls/q16_qksv3_s10/q16_qksv3_s10_hls/solution1/.autopilot/db/a.g.ld.0.bc.llvm-link.out.log 2> /home/cym/prj2/finn/notebooks/icl_thesis-master/experiments/qks_v3_s0_s10_s20_s30_exploratory_hls/q16_qksv3_s10/q16_qksv3_s10_hls/solution1/.autopilot/db/a.g.ld.0.bc.llvm-link.err.log 
INFO-FLOW: 
Execute         run_link_or_opt -opt -out /home/cym/prj2/finn/notebooks/icl_thesis-master/experiments/qks_v3_s0_s10_s20_s30_exploratory_hls/q16_qksv3_s10/q16_qksv3_s10_hls/solution1/.autopilot/db/a.g.ld.1.lower.bc -args /home/cym/prj2/finn/notebooks/icl_thesis-master/experiments/qks_v3_s0_s10_s20_s30_exploratory_hls/q16_qksv3_s10/q16_qksv3_s10_hls/solution1/.autopilot/db/a.g.ld.0.bc -reflow-lower-math-intrinsics 
Execute           ap_eval exec -ignorestderr /tools/Xilinx/Vitis_HLS/2022.2/lnx64/tools/clang-3.9-csynth/bin/opt -pass-remarks-missed=reflow|pasta|unroll -pass-remarks=reflow|pasta|unroll|inline -pass-remarks-output=/home/cym/prj2/finn/notebooks/icl_thesis-master/experiments/qks_v3_s0_s10_s20_s30_exploratory_hls/q16_qksv3_s10/q16_qksv3_s10_hls/solution1/.autopilot/db/a.g.ld.1.lower.bc.opt.diag.yml /home/cym/prj2/finn/notebooks/icl_thesis-master/experiments/qks_v3_s0_s10_s20_s30_exploratory_hls/q16_qksv3_s10/q16_qksv3_s10_hls/solution1/.autopilot/db/a.g.ld.0.bc -reflow-lower-math-intrinsics -o /home/cym/prj2/finn/notebooks/icl_thesis-master/experiments/qks_v3_s0_s10_s20_s30_exploratory_hls/q16_qksv3_s10/q16_qksv3_s10_hls/solution1/.autopilot/db/a.g.ld.1.lower.bc > /home/cym/prj2/finn/notebooks/icl_thesis-master/experiments/qks_v3_s0_s10_s20_s30_exploratory_hls/q16_qksv3_s10/q16_qksv3_s10_hls/solution1/.autopilot/db/a.g.ld.1.lower.bc.opt.out.log 2> /home/cym/prj2/finn/notebooks/icl_thesis-master/experiments/qks_v3_s0_s10_s20_s30_exploratory_hls/q16_qksv3_s10/q16_qksv3_s10_hls/solution1/.autopilot/db/a.g.ld.1.lower.bc.opt.err.log 
INFO-FLOW: 
INFO-FLOW: Linking math bc lib
Execute         run_link_or_opt -out /home/cym/prj2/finn/notebooks/icl_thesis-master/experiments/qks_v3_s0_s10_s20_s30_exploratory_hls/q16_qksv3_s10/q16_qksv3_s10_hls/solution1/.autopilot/db/a.g.ld.2.m1.bc -args /home/cym/prj2/finn/notebooks/icl_thesis-master/experiments/qks_v3_s0_s10_s20_s30_exploratory_hls/q16_qksv3_s10/q16_qksv3_s10_hls/solution1/.autopilot/db/a.g.ld.1.lower.bc -only-needed /tools/Xilinx/Vitis_HLS/2022.2/lnx64/lib/libhlsm_39.bc /tools/Xilinx/Vitis_HLS/2022.2/lnx64/lib/libhlsmc++_39.bc 
Execute           ap_eval exec -ignorestderr /tools/Xilinx/Vitis_HLS/2022.2/lnx64/tools/clang-3.9-csynth/bin/llvm-link /home/cym/prj2/finn/notebooks/icl_thesis-master/experiments/qks_v3_s0_s10_s20_s30_exploratory_hls/q16_qksv3_s10/q16_qksv3_s10_hls/solution1/.autopilot/db/a.g.ld.1.lower.bc -only-needed /tools/Xilinx/Vitis_HLS/2022.2/lnx64/lib/libhlsm_39.bc /tools/Xilinx/Vitis_HLS/2022.2/lnx64/lib/libhlsmc++_39.bc -o /home/cym/prj2/finn/notebooks/icl_thesis-master/experiments/qks_v3_s0_s10_s20_s30_exploratory_hls/q16_qksv3_s10/q16_qksv3_s10_hls/solution1/.autopilot/db/a.g.ld.2.m1.bc > /home/cym/prj2/finn/notebooks/icl_thesis-master/experiments/qks_v3_s0_s10_s20_s30_exploratory_hls/q16_qksv3_s10/q16_qksv3_s10_hls/solution1/.autopilot/db/a.g.ld.2.m1.bc.llvm-link.out.log 2> /home/cym/prj2/finn/notebooks/icl_thesis-master/experiments/qks_v3_s0_s10_s20_s30_exploratory_hls/q16_qksv3_s10/q16_qksv3_s10_hls/solution1/.autopilot/db/a.g.ld.2.m1.bc.llvm-link.err.log 
Command           ap_eval done; 1.48 sec.
INFO-FLOW: 
Command         run_link_or_opt done; 1.48 sec.
Execute         run_link_or_opt -opt -out /home/cym/prj2/finn/notebooks/icl_thesis-master/experiments/qks_v3_s0_s10_s20_s30_exploratory_hls/q16_qksv3_s10/q16_qksv3_s10_hls/solution1/.autopilot/db/a.g.ld.3.fpc.bc -args /home/cym/prj2/finn/notebooks/icl_thesis-master/experiments/qks_v3_s0_s10_s20_s30_exploratory_hls/q16_qksv3_s10/q16_qksv3_s10_hls/solution1/.autopilot/db/a.g.ld.2.m1.bc -reflow-globaldce -hls-top-function-name=q16_qksv3_s10 -reflow-float-conversion 
Execute           ap_eval exec -ignorestderr /tools/Xilinx/Vitis_HLS/2022.2/lnx64/tools/clang-3.9-csynth/bin/opt -pass-remarks-missed=reflow|pasta|unroll -pass-remarks=reflow|pasta|unroll|inline -pass-remarks-output=/home/cym/prj2/finn/notebooks/icl_thesis-master/experiments/qks_v3_s0_s10_s20_s30_exploratory_hls/q16_qksv3_s10/q16_qksv3_s10_hls/solution1/.autopilot/db/a.g.ld.3.fpc.bc.opt.diag.yml /home/cym/prj2/finn/notebooks/icl_thesis-master/experiments/qks_v3_s0_s10_s20_s30_exploratory_hls/q16_qksv3_s10/q16_qksv3_s10_hls/solution1/.autopilot/db/a.g.ld.2.m1.bc -reflow-globaldce -hls-top-function-name=q16_qksv3_s10 -reflow-float-conversion -o /home/cym/prj2/finn/notebooks/icl_thesis-master/experiments/qks_v3_s0_s10_s20_s30_exploratory_hls/q16_qksv3_s10/q16_qksv3_s10_hls/solution1/.autopilot/db/a.g.ld.3.fpc.bc > /home/cym/prj2/finn/notebooks/icl_thesis-master/experiments/qks_v3_s0_s10_s20_s30_exploratory_hls/q16_qksv3_s10/q16_qksv3_s10_hls/solution1/.autopilot/db/a.g.ld.3.fpc.bc.opt.out.log 2> /home/cym/prj2/finn/notebooks/icl_thesis-master/experiments/qks_v3_s0_s10_s20_s30_exploratory_hls/q16_qksv3_s10/q16_qksv3_s10_hls/solution1/.autopilot/db/a.g.ld.3.fpc.bc.opt.err.log 
Command           ap_eval done; 0.57 sec.
INFO-FLOW: 
Command         run_link_or_opt done; 0.57 sec.
Execute         run_link_or_opt -out /home/cym/prj2/finn/notebooks/icl_thesis-master/experiments/qks_v3_s0_s10_s20_s30_exploratory_hls/q16_qksv3_s10/q16_qksv3_s10_hls/solution1/.autopilot/db/a.g.ld.4.m2.bc -args /home/cym/prj2/finn/notebooks/icl_thesis-master/experiments/qks_v3_s0_s10_s20_s30_exploratory_hls/q16_qksv3_s10/q16_qksv3_s10_hls/solution1/.autopilot/db/a.g.ld.3.fpc.bc -only-needed /tools/Xilinx/Vitis_HLS/2022.2/lnx64/lib/libfloatconversion_39.bc 
Execute           ap_eval exec -ignorestderr /tools/Xilinx/Vitis_HLS/2022.2/lnx64/tools/clang-3.9-csynth/bin/llvm-link /home/cym/prj2/finn/notebooks/icl_thesis-master/experiments/qks_v3_s0_s10_s20_s30_exploratory_hls/q16_qksv3_s10/q16_qksv3_s10_hls/solution1/.autopilot/db/a.g.ld.3.fpc.bc -only-needed /tools/Xilinx/Vitis_HLS/2022.2/lnx64/lib/libfloatconversion_39.bc -o /home/cym/prj2/finn/notebooks/icl_thesis-master/experiments/qks_v3_s0_s10_s20_s30_exploratory_hls/q16_qksv3_s10/q16_qksv3_s10_hls/solution1/.autopilot/db/a.g.ld.4.m2.bc > /home/cym/prj2/finn/notebooks/icl_thesis-master/experiments/qks_v3_s0_s10_s20_s30_exploratory_hls/q16_qksv3_s10/q16_qksv3_s10_hls/solution1/.autopilot/db/a.g.ld.4.m2.bc.llvm-link.out.log 2> /home/cym/prj2/finn/notebooks/icl_thesis-master/experiments/qks_v3_s0_s10_s20_s30_exploratory_hls/q16_qksv3_s10/q16_qksv3_s10_hls/solution1/.autopilot/db/a.g.ld.4.m2.bc.llvm-link.err.log 
INFO-FLOW: 
Execute         run_link_or_opt -opt -out /home/cym/prj2/finn/notebooks/icl_thesis-master/experiments/qks_v3_s0_s10_s20_s30_exploratory_hls/q16_qksv3_s10/q16_qksv3_s10_hls/solution1/.autopilot/db/a.g.ld.5.gdce.bc -args /home/cym/prj2/finn/notebooks/icl_thesis-master/experiments/qks_v3_s0_s10_s20_s30_exploratory_hls/q16_qksv3_s10/q16_qksv3_s10_hls/solution1/.autopilot/db/a.g.ld.4.m2.bc -reflow-globaldce -hls-top-function-name=q16_qksv3_s10 
Execute           ap_eval exec -ignorestderr /tools/Xilinx/Vitis_HLS/2022.2/lnx64/tools/clang-3.9-csynth/bin/opt -pass-remarks-missed=reflow|pasta|unroll -pass-remarks=reflow|pasta|unroll|inline -pass-remarks-output=/home/cym/prj2/finn/notebooks/icl_thesis-master/experiments/qks_v3_s0_s10_s20_s30_exploratory_hls/q16_qksv3_s10/q16_qksv3_s10_hls/solution1/.autopilot/db/a.g.ld.5.gdce.bc.opt.diag.yml /home/cym/prj2/finn/notebooks/icl_thesis-master/experiments/qks_v3_s0_s10_s20_s30_exploratory_hls/q16_qksv3_s10/q16_qksv3_s10_hls/solution1/.autopilot/db/a.g.ld.4.m2.bc -reflow-globaldce -hls-top-function-name=q16_qksv3_s10 -o /home/cym/prj2/finn/notebooks/icl_thesis-master/experiments/qks_v3_s0_s10_s20_s30_exploratory_hls/q16_qksv3_s10/q16_qksv3_s10_hls/solution1/.autopilot/db/a.g.ld.5.gdce.bc > /home/cym/prj2/finn/notebooks/icl_thesis-master/experiments/qks_v3_s0_s10_s20_s30_exploratory_hls/q16_qksv3_s10/q16_qksv3_s10_hls/solution1/.autopilot/db/a.g.ld.5.gdce.bc.opt.out.log 2> /home/cym/prj2/finn/notebooks/icl_thesis-master/experiments/qks_v3_s0_s10_s20_s30_exploratory_hls/q16_qksv3_s10/q16_qksv3_s10_hls/solution1/.autopilot/db/a.g.ld.5.gdce.bc.opt.err.log 
INFO-FLOW: 
Execute         send_msg_by_id INFO @200-777@%s Vivado 
INFO: [HLS 200-777] Using interface defaults for 'Vivado' flow target.
Execute         is_m_axi_addr64 
INFO-FLOW: Doing LTO.
Execute         ap_eval exec -ignorestderr /tools/Xilinx/Vitis_HLS/2022.2/lnx64/tools/clang-3.9-csynth/bin/clang -foptimization-record-file=/home/cym/prj2/finn/notebooks/icl_thesis-master/experiments/qks_v3_s0_s10_s20_s30_exploratory_hls/q16_qksv3_s10/q16_qksv3_s10_hls/solution1/.autopilot/db/a.g.ld.0.bc.clang.diag.yml -mllvm -pass-remarks-missed=reflow|pasta|unroll -mllvm -pass-remarks=reflow|pasta|unroll|inline -fhls -mllvm -hls-top-function-name=q16_qksv3_s10 -mllvm -hls-db-dir -mllvm /home/cym/prj2/finn/notebooks/icl_thesis-master/experiments/qks_v3_s0_s10_s20_s30_exploratory_hls/q16_qksv3_s10/q16_qksv3_s10_hls/solution1/.autopilot/db -emit-llvm -c -target fpga64-xilinx-none -mllvm -xcl-xmlinfo=/home/cym/prj2/finn/notebooks/icl_thesis-master/experiments/qks_v3_s0_s10_s20_s30_exploratory_hls/q16_qksv3_s10/q16_qksv3_s10_hls/solution1/.autopilot/db/kernel.internal.xml -mllvm -top-io-mapping-info=/home/cym/prj2/finn/notebooks/icl_thesis-master/experiments/qks_v3_s0_s10_s20_s30_exploratory_hls/q16_qksv3_s10/q16_qksv3_s10_hls/solution1/.autopilot/db/top-io-fe.xml -mllvm -hls-bitcode-version=3.1 -mllvm -reflow-enable-slave-interface-default-setting=true -mllvm -gen-kernel-xml=false -mllvm -default-maxi-offset=slave -mllvm -maxi-latency=0 -mllvm -hls-maxi-data-size-in-bits=8 -mllvm -hls-maxi-max-data-size-in-bits=1024 -mllvm -hls-max-widen-size-in-bits=0 -mllvm -xcl-kernel-max-mem-ports=0 -mllvm -maxi-read-trans=16 -mllvm -maxi-write-trans=16 -mllvm -maxi-read-burst-len=16 -mllvm -maxi-write-burst-len=16 -mllvm -reflow-enable-saxi-64bits=0 -mllvm -reflow-basic-block-instr-threshold=200000 -mllvm -reflow-auto-pipeline-threshold=64 -mllvm -reflow-enable-maxi-auto-id-channel=0 -mllvm -assume-maxi-align=1 -mllvm -reflow-pipeline-style-llvm-setting=2 -mllvm -reflow-enable-dataflow-strict-mode-checking=1 -mllvm -reflow-auto-array-partition-mode=default -mllvm -reflow-enable-auto-array-partition=true -mllvm -reflow-enable-auto-parallel-performance-driven=true -mllvm -reflow-enable-partition-for-automation=true -mllvm -reflow-aggregate-bitwidth-threshold=4096 -mllvm -reflow-assume-no-address-wrap=true -mllvm -hls -mllvm -disable-inlined-alloca-merging=true -mllvm -default-clock-period=10 -x ir /home/cym/prj2/finn/notebooks/icl_thesis-master/experiments/qks_v3_s0_s10_s20_s30_exploratory_hls/q16_qksv3_s10/q16_qksv3_s10_hls/solution1/.autopilot/db/a.g.ld.5.gdce.bc -o /home/cym/prj2/finn/notebooks/icl_thesis-master/experiments/qks_v3_s0_s10_s20_s30_exploratory_hls/q16_qksv3_s10/q16_qksv3_s10_hls/solution1/.autopilot/db/a.g.lto.bc -hls-platform-db-name=/tools/Xilinx/Vitis_HLS/2022.2/common/technology/xilinx/common/platform.db -hls-platform-name=zynq_slow -device-resource-info=BRAM_280.000000_DSP_220.000000_FF_106400.000000_LUT_53200.000000_SLICE_13300.000000_URAM_0.000000 -device-name-info=xc7z020clg400-1 > /home/cym/prj2/finn/notebooks/icl_thesis-master/experiments/qks_v3_s0_s10_s20_s30_exploratory_hls/q16_qksv3_s10/q16_qksv3_s10_hls/solution1/.autopilot/db/a.g.ld.0.bc.clang.out.log 2> /home/cym/prj2/finn/notebooks/icl_thesis-master/experiments/qks_v3_s0_s10_s20_s30_exploratory_hls/q16_qksv3_s10/q16_qksv3_s10_hls/solution1/.autopilot/db/a.g.ld.0.bc.clang.err.log 
Command         ap_eval done; 1.43 sec.
INFO: [HLS 214-131] Inlining function 'feature_map(ap_fixed<16, 6, (ap_q_mode)5, (ap_o_mode)3, 0>)' into 'attention_v2_pruned(ap_fixed<16, 6, (ap_q_mode)5, (ap_o_mode)3, 0> (*) [16], ap_fixed<16, 6, (ap_q_mode)5, (ap_o_mode)3, 0> const*, ap_fixed<16, 6, (ap_q_mode)5, (ap_o_mode)3, 0> const*, ap_fixed<16, 6, (ap_q_mode)5, (ap_o_mode)3, 0> const*, ap_fixed<16, 6, (ap_q_mode)5, (ap_o_mode)3, 0> const*, ap_fixed<16, 6, (ap_q_mode)5, (ap_o_mode)3, 0> const*)' (/home/cym/prj2/finn/notebooks/icl_thesis-master/experiments/qks_v3_s0_s10_s20_s30_exploratory_hls/q16_qksv3_s10/src/q16_qksv3_s10.cpp:101:23)
INFO: [HLS 214-131] Inlining function 'feature_map(ap_fixed<16, 6, (ap_q_mode)5, (ap_o_mode)3, 0>)' into 'attention_v2_pruned(ap_fixed<16, 6, (ap_q_mode)5, (ap_o_mode)3, 0> (*) [16], ap_fixed<16, 6, (ap_q_mode)5, (ap_o_mode)3, 0> const*, ap_fixed<16, 6, (ap_q_mode)5, (ap_o_mode)3, 0> const*, ap_fixed<16, 6, (ap_q_mode)5, (ap_o_mode)3, 0> const*, ap_fixed<16, 6, (ap_q_mode)5, (ap_o_mode)3, 0> const*, ap_fixed<16, 6, (ap_q_mode)5, (ap_o_mode)3, 0> const*)' (/home/cym/prj2/finn/notebooks/icl_thesis-master/experiments/qks_v3_s0_s10_s20_s30_exploratory_hls/q16_qksv3_s10/src/q16_qksv3_s10.cpp:91:23)
INFO: [HLS 214-186] Unrolling loop 'VITIS_LOOP_272_8' (/home/cym/prj2/finn/notebooks/icl_thesis-master/experiments/qks_v3_s0_s10_s20_s30_exploratory_hls/q16_qksv3_s10/src/q16_qksv3_s10.cpp:272:23) in function 'q16_qksv3_s10' completely with a factor of 2 (/home/cym/prj2/finn/notebooks/icl_thesis-master/experiments/qks_v3_s0_s10_s20_s30_exploratory_hls/q16_qksv3_s10/src/q16_qksv3_s10.cpp:208:0)
INFO: [HLS 214-186] Unrolling loop 'VITIS_LOOP_275_9' (/home/cym/prj2/finn/notebooks/icl_thesis-master/experiments/qks_v3_s0_s10_s20_s30_exploratory_hls/q16_qksv3_s10/src/q16_qksv3_s10.cpp:275:27) in function 'q16_qksv3_s10' completely with a factor of 16 (/home/cym/prj2/finn/notebooks/icl_thesis-master/experiments/qks_v3_s0_s10_s20_s30_exploratory_hls/q16_qksv3_s10/src/q16_qksv3_s10.cpp:208:0)
INFO: [HLS 214-178] Inlining function 'feedforward(ap_fixed<16, 6, (ap_q_mode)5, (ap_o_mode)3, 0> (*) [16], ap_fixed<16, 6, (ap_q_mode)5, (ap_o_mode)3, 0> const*, ap_fixed<16, 6, (ap_q_mode)5, (ap_o_mode)3, 0> const*, ap_fixed<16, 6, (ap_q_mode)5, (ap_o_mode)3, 0> const*, ap_fixed<16, 6, (ap_q_mode)5, (ap_o_mode)3, 0> const*)' into 'q16_qksv3_s10(ap_fixed<16, 6, (ap_q_mode)5, (ap_o_mode)3, 0> (*) [64], ap_uint<4>*, ap_fixed<16, 6, (ap_q_mode)5, (ap_o_mode)3, 0>*)' (/home/cym/prj2/finn/notebooks/icl_thesis-master/experiments/qks_v3_s0_s10_s20_s30_exploratory_hls/q16_qksv3_s10/src/q16_qksv3_s10.cpp:208:0)
INFO: [HLS 214-241] Aggregating maxi variable 'input' with compact=none mode in 16-bits (/home/cym/prj2/finn/notebooks/icl_thesis-master/experiments/qks_v3_s0_s10_s20_s30_exploratory_hls/q16_qksv3_s10/src/q16_qksv3_s10.cpp:208:0)
INFO: [HLS 214-115] Multiple burst reads of length 14 and bit width 8 in loop 'VITIS_LOOP_219_1'(/home/cym/prj2/finn/notebooks/icl_thesis-master/experiments/qks_v3_s0_s10_s20_s30_exploratory_hls/q16_qksv3_s10/src/q16_qksv3_s10.cpp:219:23) has been inferred on bundle 'gmem2'. These burst requests might be further partitioned into multiple requests during RTL generation, based on max_read_burst_length or max_write_burst_length settings. (/home/cym/prj2/finn/notebooks/icl_thesis-master/experiments/qks_v3_s0_s10_s20_s30_exploratory_hls/q16_qksv3_s10/src/q16_qksv3_s10.cpp:219:23)
INFO: [HLS 214-115] Multiple burst reads of length 64 and bit width 16 in loop 'VITIS_LOOP_222_3'(/home/cym/prj2/finn/notebooks/icl_thesis-master/experiments/qks_v3_s0_s10_s20_s30_exploratory_hls/q16_qksv3_s10/src/q16_qksv3_s10.cpp:222:31) has been inferred on bundle 'gmem0'. These burst requests might be further partitioned into multiple requests during RTL generation, based on max_read_burst_length or max_write_burst_length settings. (/home/cym/prj2/finn/notebooks/icl_thesis-master/experiments/qks_v3_s0_s10_s20_s30_exploratory_hls/q16_qksv3_s10/src/q16_qksv3_s10.cpp:222:31)
INFO: [HLS 214-115] Multiple burst writes of length 2 and bit width 16 has been inferred on bundle 'gmem1'. These burst requests might be further partitioned into multiple requests during RTL generation, based on max_read_burst_length or max_write_burst_length settings. (/home/cym/prj2/finn/notebooks/icl_thesis-master/experiments/qks_v3_s0_s10_s20_s30_exploratory_hls/q16_qksv3_s10/src/q16_qksv3_s10.cpp:272:32)
INFO-FLOW: DBG:PUTS: copy_raw_kernel_xml ap_link_39: kernel.xml not generated: /home/cym/prj2/finn/notebooks/icl_thesis-master/experiments/qks_v3_s0_s10_s20_s30_exploratory_hls/q16_qksv3_s10/q16_qksv3_s10_hls/solution1/.autopilot/db/kernel.internal.xml
INFO: [HLS 200-111] Finished Compiling Optimization and Transform: CPU user time: 3.49 seconds. CPU system time: 0.4 seconds. Elapsed time: 3.89 seconds; current allocated memory: 309.430 MB.
INFO: [HLS 200-111] Finished Checking Pragmas: CPU user time: 0.01 seconds. CPU system time: 0 seconds. Elapsed time: 0 seconds; current allocated memory: 309.430 MB.
Execute         opt_and_import_c a -opt_level=2 -skip_syncheck=0 -ng=0 -keep_printf=0 
Execute           cleanup_all_models 
INFO: [HLS 200-10] Starting code transformations ...
INFO-FLOW: Running Standard Transforms...
Execute           transform -hls -share-std-xform -demangle-name -inline-byval-memcpy -always-inline -promote-dbg-pointer -interface-preproc -mem2reg -scalarrepl -mem2reg -keep-read-access -instcombine -dce -promote-dbg-pointer -bitop-raise -loop-simplify -indvarspre -indvars -loop-simplify -xunroll -constprop -instcombine -simplifycfg -indvars -simplifycfg -dce -globaldce -basicaa -simplifycfg -mem2reg -globalopt -global-constprop -deadargelim -instcombine -simplifycfg -scalarrepl -instcombine -reassociate -licm -simplifycfg -loop-simplify -indvars -instcombine -simplifycfg -mem2reg -loop-simplify -indvars -instcombine -gvn -gvn -instcombine -adce -break-crit-edges -simplifycfg -loop-delete -global-array-opt -dce -dse -adce -find-syn-modules -top q16_qksv3_s10 -deadargelim -mem2reg -instcombine -dce -presyn-prepare -auto-rom-infer -interface-preproc -syn-check -check-rec-only -find-region -simplifycfg -func-extr -function-inline -globaldce -mem2reg -instcombine -dce -gvn -globaldce -adce -adse -constprop -instcombine -bit-constprop -instcombine -dce -simplifycfg -bitop-raise -simplifycfg -dce -loop-delete -reassociate -globalopt -global-privatize -mem2reg -dce -global-constprop -pointer-simplify -constprop -dce -auto-shift-reg-idiom -promote-dbg-pointer -norm-name /home/cym/prj2/finn/notebooks/icl_thesis-master/experiments/qks_v3_s0_s10_s20_s30_exploratory_hls/q16_qksv3_s10/q16_qksv3_s10_hls/solution1/.autopilot/db/a.g.0.bc -o /home/cym/prj2/finn/notebooks/icl_thesis-master/experiments/qks_v3_s0_s10_s20_s30_exploratory_hls/q16_qksv3_s10/q16_qksv3_s10_hls/solution1/.autopilot/db/a.g.1.bc -f -phase std-opt 
Command           transform done; 0.12 sec.
INFO: [HLS 200-111] Finished Standard Transforms: CPU user time: 0.11 seconds. CPU system time: 0.01 seconds. Elapsed time: 0.12 seconds; current allocated memory: 333.059 MB.
INFO: [HLS 200-10] Checking synthesizability ...
INFO-FLOW: Checking Synthesizability 1/2..
Execute           transform -hls -syn-check -check-rec-only -scalarrepl -norm-name -dce -mem2reg -instcombine -directive-preproc -mem2reg -dse -dce -auto-rom-infer -dce -pag -array-normalize -instcombine -dce -array-seg-normalize -instcombine -dce -data-pack -instcombine -dce -inst-simplify -array-flatten -instcombine -dce -array-burst -dce -deadargelim -promote-global-argument -simplifycfg -mem2reg -globaldce -dce -deadargelim -dce -instcombine -function-inline -globaldce -dce -doublePtrSimplify -doublePtrElim -dce -doublePtrSimplify -promote-dbg-pointer -dce -scalarrepl -dse -adse -instcombine -ptrLegalization -simplifycfg -dce -instcombine -pointer-simplify -ptrArgReplace -dce -instcombine -resolve-double-ptr -scalarrepl -norm-name -dce -mem2reg -instcombine -ptrLegalization -simplifycfg -deadargelim -instcombine -dce -inst-simplify -directive-preproc -mem2reg -dse -dce -globaldce /home/cym/prj2/finn/notebooks/icl_thesis-master/experiments/qks_v3_s0_s10_s20_s30_exploratory_hls/q16_qksv3_s10/q16_qksv3_s10_hls/solution1/.autopilot/db/a.g.1.bc -o /home/cym/prj2/finn/notebooks/icl_thesis-master/experiments/qks_v3_s0_s10_s20_s30_exploratory_hls/q16_qksv3_s10/q16_qksv3_s10_hls/solution1/.autopilot/db/a.g.2.prechk.bc -f 
Command           transform done; 0.13 sec.
INFO-FLOW: Checking Synthesizability 2/2..
Execute           transform -syn-check /home/cym/prj2/finn/notebooks/icl_thesis-master/experiments/qks_v3_s0_s10_s20_s30_exploratory_hls/q16_qksv3_s10/q16_qksv3_s10_hls/solution1/.autopilot/db/a.g.2.prechk.bc -o /home/cym/prj2/finn/notebooks/icl_thesis-master/experiments/qks_v3_s0_s10_s20_s30_exploratory_hls/q16_qksv3_s10/q16_qksv3_s10_hls/solution1/.autopilot/db/a.g.2.bc -f -phase syn-check 
WARNING: [SYNCHK 200-120] /tools/Xilinx/Vitis_HLS/2022.2/common/technology/autopilot/ap_fixed_base.h:1273: multiplication is assumed not to overflow by default, otherwise, please add option '-fwrapv'.
WARNING: [SYNCHK 200-23] /tools/Xilinx/Vitis_HLS/2022.2/common/technology/autopilot/ap_fixed_base.h:1102: variable-indexed range selection may cause suboptimal QoR.
INFO: [SYNCHK 200-10] 0 error(s), 2 warning(s).
INFO: [HLS 200-111] Finished Checking Synthesizability: CPU user time: 0.2 seconds. CPU system time: 0.01 seconds. Elapsed time: 0.23 seconds; current allocated memory: 366.562 MB.
INFO-FLOW: Compiler optimizing ...
INFO-FLOW: Share syncheck's 1.bc for syn flow: copy /home/cym/prj2/finn/notebooks/icl_thesis-master/experiments/qks_v3_s0_s10_s20_s30_exploratory_hls/q16_qksv3_s10/q16_qksv3_s10_hls/solution1/.autopilot/db/a.g.1.bc to /home/cym/prj2/finn/notebooks/icl_thesis-master/experiments/qks_v3_s0_s10_s20_s30_exploratory_hls/q16_qksv3_s10/q16_qksv3_s10_hls/solution1/.autopilot/db/a.o.1.bc
INFO-FLOW: Presyn 1...
Execute           transform -hls -tmp /home/cym/prj2/finn/notebooks/icl_thesis-master/experiments/qks_v3_s0_s10_s20_s30_exploratory_hls/q16_qksv3_s10/q16_qksv3_s10_hls/solution1/.autopilot/db -interface-port-rename -directive-preproc -mem2reg -dse -dce -scalarrepl -norm-name -deadargelim -mem2reg -instcombine -dce -simplifycfg -auto-rom-infer -dce -resource-proc -clib-intrinsic-prepare -dce -func-buffer -dce -pag -array-normalize -func-legal -instcombine -gvn -constprop -dce -simplifycfg -mem2reg -globaldce -resolve-double-ptr -dce -deadargelim -dce -instcombine -ptrArgReplace -mem2reg -dce -array-seg-normalize -deadargelim -instcombine -dce -directive-preproc -mem2reg -dse -dce -pointer-simplify -dce -port-alignment -dce -interface-preproc -data-pack -instcombine -dce -basicaa -aggr-aa -aggrmodref-aa -aggr-aa -gvn -gvn -basicaa -aggr-aa -aggrmodref-aa -aggr-aa -dse -adse -adce -loop-simplify -indvars -instcombine -gvn -loop-simplify -mem2reg -dce -find-region -instcombine -auto-loop-pipeline -inst-simplify -interface-preproc -cfgopt -instcombine -indvars -auto-loop-unroll -loop-simplify -loop-bound -xunroll -constprop -instcombine -simplifycfg -indvars -simplifycfg -dce -globaldce -clean-region -attach-range -gvn -inst-simplify -constprop -simplifycfg -dce -pointer-simplify -dce -globalopt -constprop -dce -array-promote -scalar-auto-dep-elim -constprop -dce -ptrArgReplace -mem2reg -simplifycfg -dce -instcombine -dce -array-transform-check -array-reshape -instcombine -simplifycfg -dce -ptrArgReplace -deadargelim -mem2reg -instcombine -simplifycfg -dce -indvars -loop-simplify -loop-bound -xunroll -constprop -instcombine -simplifycfg -indvars -simplifycfg -dce -globaldce -basicaa -aggr-aa -aggrmodref-aa -aggr-aa -dse -duplicate-dataflow-processes -globaldce -instcombine -array-partition -prepare-dynamic-array-partition -instcombine -simplifycfg -dce -ptrArgReplace -global-constprop -deadargelim -mem2reg -func-legal -dce -global-constprop -deadargelim -mem2reg -simplifycfg -dce -merge-param -deadargelim -globalopt -constprop -dce -array-promote -scalar-auto-dep-elim -constprop -dce -ptrArgReplace -mem2reg -simplifycfg -dce -mem-intrinsic-preproc -dce -global-internalize -global-privatize -mem2reg -globaldce -promote-global-argument -ptrArgReplace -mem2reg -dce -globalopt -mergereturn -simplify-global-access -mem2reg -dce -pointer-simplify -dce -functionattrs -basicaa -aggr-aa -aggrmodref-aa -aggr-aa -gvn -gvn -basicaa -aggr-aa -aggrmodref-aa -aggr-aa -dse -adse -adce -dce -norm-name -basicaa -aggr-aa -aggrmodref-aa -aggr-aa -accesses-merge -function-inline -complex-op-raise -inst-simplify -globaldce -func-legal -dce -loop-bound -arraycheck -bitwidthmin2 -bitwidthmin2 -on-by-dataflow -loop-delete -instcombine -simplifycfg -globaldce -dce -gvn -deadargelim -dce -loop-simplify -clean-region -simplifycfg -propagate-stable-arguments -loop-stream -instcombine -simplifycfg -dce -globaldce -duplicate-dataflow-processes -stream-intrinsic-preproc -dce -check-ap-stream -loop-simplify -eliminate-keepreads -extract-dataflow-in-loop -loop-simplify -dce -gvn -deadargelim -dse -duplicate-dataflow-processes -check-dataflow-syntax -legalize-stream-variable -globaldce -legalize-global -extract-subproc -dce -dead-channel-elimination -canonicalize-gep -globaldce -dce -gvn -hls-dead-arg-elim -deadargelim -directive-preproc -canonicalize-dataflow -dce -globaldce -scalar-preprocessing -scalar-propagation2 -deadargelim -globaldce -mem2reg -check-dataflow-channels -function-stream -dce -globaldce -prop-fifo-spec -internal-stream-gen -canonicalize-gep -globaldce -dce -gvn -deadargelim -mergereturn -indvars -loop-simplify -instcombine -array-stream -array-seg-normalize -array-partition -func-legal -instcombine -simplifycfg -dce -bundle-memfifo-ops -deadargelim -directive-preproc -mem2reg -dse -dce -group-axi-access -licm -simplifycfg -dce -loop-delete -hls-display -norm-name /home/cym/prj2/finn/notebooks/icl_thesis-master/experiments/qks_v3_s0_s10_s20_s30_exploratory_hls/q16_qksv3_s10/q16_qksv3_s10_hls/solution1/.autopilot/db/a.o.1.bc -o /home/cym/prj2/finn/notebooks/icl_thesis-master/experiments/qks_v3_s0_s10_s20_s30_exploratory_hls/q16_qksv3_s10/q16_qksv3_s10_hls/solution1/.autopilot/db/a.o.1.tmp.bc -f 
INFO: [XFORM 203-510] Pipelining loop 'VITIS_LOOP_36_1' (/home/cym/prj2/finn/notebooks/icl_thesis-master/experiments/qks_v3_s0_s10_s20_s30_exploratory_hls/q16_qksv3_s10/src/q16_qksv3_s10.cpp:35) in function 'layer_norm' automatically.
INFO: [XFORM 203-510] Pipelining loop 'VITIS_LOOP_40_2' (/home/cym/prj2/finn/notebooks/icl_thesis-master/experiments/qks_v3_s0_s10_s20_s30_exploratory_hls/q16_qksv3_s10/src/q16_qksv3_s10.cpp:39) in function 'layer_norm' automatically.
INFO: [XFORM 203-510] Pipelining loop 'VITIS_LOOP_47_3' (/home/cym/prj2/finn/notebooks/icl_thesis-master/experiments/qks_v3_s0_s10_s20_s30_exploratory_hls/q16_qksv3_s10/src/q16_qksv3_s10.cpp:47) in function 'layer_norm' automatically.
INFO: [XFORM 203-510] Pipelining loop 'VITIS_LOOP_243_4' (/home/cym/prj2/finn/notebooks/icl_thesis-master/experiments/qks_v3_s0_s10_s20_s30_exploratory_hls/q16_qksv3_s10/src/q16_qksv3_s10.cpp:243) in function 'q16_qksv3_s10' automatically.
INFO: [XFORM 203-510] Pipelining loop 'VITIS_LOOP_196_6' (/home/cym/prj2/finn/notebooks/icl_thesis-master/experiments/qks_v3_s0_s10_s20_s30_exploratory_hls/q16_qksv3_s10/src/q16_qksv3_s10.cpp:196) in function 'q16_qksv3_s10' automatically.
INFO: [XFORM 203-510] Pipelining loop 'VITIS_LOOP_256_5' (/home/cym/prj2/finn/notebooks/icl_thesis-master/experiments/qks_v3_s0_s10_s20_s30_exploratory_hls/q16_qksv3_s10/src/q16_qksv3_s10.cpp:256) in function 'q16_qksv3_s10' automatically.
INFO: [XFORM 203-502] Unrolling all loops for pipelining in function 'layer_norm.1' (/home/cym/prj2/finn/notebooks/icl_thesis-master/experiments/qks_v3_s0_s10_s20_s30_exploratory_hls/q16_qksv3_s10/src/q16_qksv3_s10.cpp:35:22).
INFO: [HLS 200-489] Unrolling loop 'VITIS_LOOP_36_1' (/home/cym/prj2/finn/notebooks/icl_thesis-master/experiments/qks_v3_s0_s10_s20_s30_exploratory_hls/q16_qksv3_s10/src/q16_qksv3_s10.cpp:35) in function 'layer_norm.1' completely with a factor of 16.
INFO: [HLS 200-489] Unrolling loop 'VITIS_LOOP_40_2' (/home/cym/prj2/finn/notebooks/icl_thesis-master/experiments/qks_v3_s0_s10_s20_s30_exploratory_hls/q16_qksv3_s10/src/q16_qksv3_s10.cpp:39) in function 'layer_norm.1' completely with a factor of 16.
INFO: [HLS 200-489] Unrolling loop 'VITIS_LOOP_47_3' (/home/cym/prj2/finn/notebooks/icl_thesis-master/experiments/qks_v3_s0_s10_s20_s30_exploratory_hls/q16_qksv3_s10/src/q16_qksv3_s10.cpp:47) in function 'layer_norm.1' completely with a factor of 16.
INFO: [XFORM 203-102] Partitioning array 'layers_0_norm2_weight.V' automatically.
INFO: [XFORM 203-102] Partitioning array 'layers_0_norm2_bias.V' automatically.
INFO: [XFORM 203-102] Partitioning array 'layers_0_norm1_weight.V' automatically.
INFO: [XFORM 203-102] Partitioning array 'layers_0_norm1_bias.V' automatically.
Command           transform done; 0.69 sec.
INFO-FLOW: Presyn 2...
Execute           transform -hls -keep-callgraph -scalarrepl -mem2reg -port-alignment -attach-range -dce -pipe-mux-gen -indvars -loop-bound -inst-simplify -instcombine -dce -merge-array-access -mem2reg -dce -clean-region -mergereturn -if-conv -instcombine -dce -constprop -basicaa -aggr-aa -aggrmodref-aa -aggr-aa -gvn -gvn -basicaa -aggr-aa -aggrmodref-aa -aggr-aa -dse -adse -adce -scalarrepl -mem2reg -global-constprop -deadargelim -deadargelim -instcombine -dce -simplifycfg -ptrArgReplace -mem2reg -function-inline -globaldce -mem2reg -instcombine -dce -expr-balance -instcombine -dce -bitwidthmin2 -bitwidthmin2 -interface-preproc -directive-preproc -inst-rectify -instcombine -dce -functionattrs -constprop -instcombine -bit-constprop -simplify-global-access -globalopt -globaldce -inst-simplify -instcombine -elimdeaddata -dce -loop-delete -simplifycfg -loop-simplify -barrier -norm-name /home/cym/prj2/finn/notebooks/icl_thesis-master/experiments/qks_v3_s0_s10_s20_s30_exploratory_hls/q16_qksv3_s10/q16_qksv3_s10_hls/solution1/.autopilot/db/a.o.1.tmp.bc -o /home/cym/prj2/finn/notebooks/icl_thesis-master/experiments/qks_v3_s0_s10_s20_s30_exploratory_hls/q16_qksv3_s10/q16_qksv3_s10_hls/solution1/.autopilot/db/a.o.2.bc -f -phase presyn 
INFO: [XFORM 203-401] Performing if-conversion on hyperblock to (/home/cym/prj2/finn/notebooks/icl_thesis-master/experiments/qks_v3_s0_s10_s20_s30_exploratory_hls/q16_qksv3_s10/src/q16_qksv3_s10.cpp:51:1) in function 'layer_norm.1'... converting 16 basic blocks.
INFO: [XFORM 203-401] Performing if-conversion on hyperblock to (/home/cym/prj2/finn/notebooks/icl_thesis-master/experiments/qks_v3_s0_s10_s20_s30_exploratory_hls/q16_qksv3_s10/src/q16_qksv3_s10.cpp:47:22) in function 'layer_norm'... converting 16 basic blocks.
INFO: [XFORM 203-401] Performing if-conversion on hyperblock from (/home/cym/prj2/finn/notebooks/icl_thesis-master/experiments/qks_v3_s0_s10_s20_s30_exploratory_hls/q16_qksv3_s10/src/q16_qksv3_s10.cpp:26:41) to (/home/cym/prj2/finn/notebooks/icl_thesis-master/experiments/qks_v3_s0_s10_s20_s30_exploratory_hls/q16_qksv3_s10/src/q16_qksv3_s10.cpp:85:26) in function 'attention_v2_pruned'... converting 16 basic blocks.
INFO: [XFORM 203-401] Performing if-conversion on hyperblock from (/home/cym/prj2/finn/notebooks/icl_thesis-master/experiments/qks_v3_s0_s10_s20_s30_exploratory_hls/q16_qksv3_s10/src/q16_qksv3_s10.cpp:26:41) to (/home/cym/prj2/finn/notebooks/icl_thesis-master/experiments/qks_v3_s0_s10_s20_s30_exploratory_hls/q16_qksv3_s10/src/q16_qksv3_s10.cpp:95:26) in function 'attention_v2_pruned'... converting 16 basic blocks.
INFO: [XFORM 203-401] Performing if-conversion on hyperblock to (/home/cym/prj2/finn/notebooks/icl_thesis-master/experiments/qks_v3_s0_s10_s20_s30_exploratory_hls/q16_qksv3_s10/src/q16_qksv3_s10.cpp:141:28) in function 'attention_v2_pruned'... converting 16 basic blocks.
INFO: [XFORM 203-11] Balancing expressions in function 'layer_norm.1' (/home/cym/prj2/finn/notebooks/icl_thesis-master/experiments/qks_v3_s0_s10_s20_s30_exploratory_hls/q16_qksv3_s10/src/q16_qksv3_s10.cpp:45:1)...29 expression(s) balanced.
Command           transform done; 0.29 sec.
INFO: [HLS 200-111] Finished Loop, function and other optimizations: CPU user time: 0.57 seconds. CPU system time: 0.02 seconds. Elapsed time: 0.98 seconds; current allocated memory: 421.684 MB.
INFO-FLOW: Building ssdm...
Execute           transform -hls -auto-function-inline -globaldce -ptrArgReplace -mem2reg -dce -reset-lda -loop-simplify -indvars -aggr-aa -licm -loop-dep -loop-bound -licm -loop-simplify -loop-sink-hoist -flattenloopnest -array-flatten -gvn -instcombine -dce -array-map -dce -func-legal -gvn -adce -instcombine -cfgopt -simplifycfg -loop-simplify -array-burst -promote-global-argument -dce -array-seg-normalize -basicaa -aggrmodref-aa -globalsmodref-aa -aggr-aa -gvn -gvn -basicaa -aggrmodref-aa -globalsmodref-aa -aggr-aa -dse -adse -adce -licm -inst-simplify -dce -globaldce -instcombine -array-stream -eliminate-keepreads -instcombine -dce -deadargelim -doublePtrSimplify -doublePtrElim -dce -doublePtrSimplify -promote-dbg-pointer -dce -scalarrepl -mem2reg -norm-name -mem2reg -instcombine -dse -adse -adce -ptrLegalization -dce -auto-rom-infer -array-flatten -dce -instcombine -check-doubleptr -loop-rot -constprop -cfgopt -simplifycfg -loop-simplify -indvars -pointer-simplify -dce -loop-bound -loop-simplify -loop-preproc -constprop -global-constprop -gvn -mem2reg -instcombine -dce -loop-bound -loop-merge -dce -deadargelim -dce -canonicalize-dataflow -dce -deadargelim -globaldce -mem2reg -bram-byte-enable -load-elim -read-loop-dep -loop-simplify -loop-extract-inner -directive-preproc -bitwidthmin2 -bitwidthmin2 -read-loop-dep -interface-preproc -directive-preproc -interface-gen -bram-byte-enable-spec-prop -deadargelim -inst-simplify -dce -gvn -mem2reg -instcombine -dce -adse -loop-bound -instcombine -cfgopt -simplifycfg -loop-simplify -clean-region -io-protocol -find-region -mem2reg -bitop-raise -complex-op-raise -inst-simplify -inst-rectify -instcombine -adce -deadargelim -float-op-raise -loop-simplify -phi-opt -bitop-raise -cfgopt -simplifycfg -strip-dead-prototypes -interface-lower -bitop-lower -intrinsic-lower -auto-function-inline -basicaa -aggrmodref-aa -globalsmodref-aa -aggr-aa -inst-simplify -simplifycfg -loop-simplify -mergereturn -inst-simplify -inst-rectify -dce -load-elim -bitop-lower -float-op-raise -fma-raise -loop-rewind -pointer-simplify -dce -cfgopt -dce -loop-bound -loop-dep -read-loop-dep -dce -dyn-mem-reuse -dce -recurrence-min -dce -share-scalar-alloca -deadargelim -dce -check-stream -norm-name -legalize -validate-dataflow -inst-clarity -bitwidth -dump-loop-dep-to-ir -check-all-ssdm -cdfg-build /home/cym/prj2/finn/notebooks/icl_thesis-master/experiments/qks_v3_s0_s10_s20_s30_exploratory_hls/q16_qksv3_s10/q16_qksv3_s10_hls/solution1/.autopilot/db/a.o.2.bc -o /home/cym/prj2/finn/notebooks/icl_thesis-master/experiments/qks_v3_s0_s10_s20_s30_exploratory_hls/q16_qksv3_s10/q16_qksv3_s10_hls/solution1/.autopilot/db/a.o.3.bc -f -phase build-ssdm 
WARNING: [HLS 200-960] Cannot flatten loop 'VITIS_LOOP_220_2' (/home/cym/prj2/finn/notebooks/icl_thesis-master/experiments/qks_v3_s0_s10_s20_s30_exploratory_hls/q16_qksv3_s10/src/q16_qksv3_s10.cpp:220:36) in function 'q16_qksv3_s10' the outer loop is not a perfect loop.
WARNING: [HLS 200-960] Cannot flatten loop 'VITIS_LOOP_219_1' (/home/cym/prj2/finn/notebooks/icl_thesis-master/experiments/qks_v3_s0_s10_s20_s30_exploratory_hls/q16_qksv3_s10/src/q16_qksv3_s10.cpp:219:32) in function 'q16_qksv3_s10' the outer loop is not a perfect loop.
WARNING: [HLS 200-960] Cannot flatten loop 'VITIS_LOOP_176_2' (/home/cym/prj2/finn/notebooks/icl_thesis-master/experiments/qks_v3_s0_s10_s20_s30_exploratory_hls/q16_qksv3_s10/src/q16_qksv3_s10.cpp:176:36) in function 'q16_qksv3_s10' the outer loop is not a perfect loop because there is nontrivial logic in the loop latch.
WARNING: [HLS 200-960] Cannot flatten loop 'VITIS_LOOP_187_4' (/home/cym/prj2/finn/notebooks/icl_thesis-master/experiments/qks_v3_s0_s10_s20_s30_exploratory_hls/q16_qksv3_s10/src/q16_qksv3_s10.cpp:187:36) in function 'q16_qksv3_s10' the outer loop is not a perfect loop.
WARNING: [HLS 200-960] Cannot flatten loop 'VITIS_LOOP_174_1' (/home/cym/prj2/finn/notebooks/icl_thesis-master/experiments/qks_v3_s0_s10_s20_s30_exploratory_hls/q16_qksv3_s10/src/q16_qksv3_s10.cpp:174:29) in function 'q16_qksv3_s10' more than one sub loop.
INFO: [XFORM 203-541] Flattening a loop nest 'VITIS_LOOP_261_6' (/home/cym/prj2/finn/notebooks/icl_thesis-master/experiments/qks_v3_s0_s10_s20_s30_exploratory_hls/q16_qksv3_s10/src/q16_qksv3_s10.cpp:261:32) in function 'q16_qksv3_s10'.
INFO: [XFORM 203-541] Flattening a loop nest 'VITIS_LOOP_75_2' (/home/cym/prj2/finn/notebooks/icl_thesis-master/experiments/qks_v3_s0_s10_s20_s30_exploratory_hls/q16_qksv3_s10/src/q16_qksv3_s10.cpp:75:35) in function 'attention_v2_pruned'.
WARNING: [HLS 200-960] Cannot flatten loop 'VITIS_LOOP_85_4' (/home/cym/prj2/finn/notebooks/icl_thesis-master/experiments/qks_v3_s0_s10_s20_s30_exploratory_hls/q16_qksv3_s10/src/q16_qksv3_s10.cpp:85:35) in function 'attention_v2_pruned' the outer loop is not a perfect loop because there is nontrivial logic in the loop latch.
WARNING: [HLS 200-960] Cannot flatten loop 'VITIS_LOOP_95_6' (/home/cym/prj2/finn/notebooks/icl_thesis-master/experiments/qks_v3_s0_s10_s20_s30_exploratory_hls/q16_qksv3_s10/src/q16_qksv3_s10.cpp:95:35) in function 'attention_v2_pruned' the outer loop is not a perfect loop because there is nontrivial logic in the loop latch.
WARNING: [HLS 200-960] Cannot flatten loop 'VITIS_LOOP_73_1' (/home/cym/prj2/finn/notebooks/icl_thesis-master/experiments/qks_v3_s0_s10_s20_s30_exploratory_hls/q16_qksv3_s10/src/q16_qksv3_s10.cpp:73:31) in function 'attention_v2_pruned' more than one sub loop.
INFO: [XFORM 203-541] Flattening a loop nest 'VITIS_LOOP_108_9' (/home/cym/prj2/finn/notebooks/icl_thesis-master/experiments/qks_v3_s0_s10_s20_s30_exploratory_hls/q16_qksv3_s10/src/q16_qksv3_s10.cpp:108:36) in function 'attention_v2_pruned'.
INFO: [XFORM 203-541] Flattening a loop nest 'VITIS_LOOP_107_8' (/home/cym/prj2/finn/notebooks/icl_thesis-master/experiments/qks_v3_s0_s10_s20_s30_exploratory_hls/q16_qksv3_s10/src/q16_qksv3_s10.cpp:107:32) in function 'attention_v2_pruned'.
WARNING: [HLS 200-960] Cannot flatten loop 'VITIS_LOOP_120_11' (/home/cym/prj2/finn/notebooks/icl_thesis-master/experiments/qks_v3_s0_s10_s20_s30_exploratory_hls/q16_qksv3_s10/src/q16_qksv3_s10.cpp:120:33) in function 'attention_v2_pruned' the outer loop is not a perfect loop because there is nontrivial logic in the loop latch.
INFO: [XFORM 203-541] Flattening a loop nest 'VITIS_LOOP_141_15' (/home/cym/prj2/finn/notebooks/icl_thesis-master/experiments/qks_v3_s0_s10_s20_s30_exploratory_hls/q16_qksv3_s10/src/q16_qksv3_s10.cpp:141:37) in function 'attention_v2_pruned'.
WARNING: [HLS 200-960] Cannot flatten loop 'VITIS_LOOP_151_17' (/home/cym/prj2/finn/notebooks/icl_thesis-master/experiments/qks_v3_s0_s10_s20_s30_exploratory_hls/q16_qksv3_s10/src/q16_qksv3_s10.cpp:151:37) in function 'attention_v2_pruned' the outer loop is not a perfect loop.
WARNING: [HLS 200-960] Cannot flatten loop 'VITIS_LOOP_130_13' (/home/cym/prj2/finn/notebooks/icl_thesis-master/experiments/qks_v3_s0_s10_s20_s30_exploratory_hls/q16_qksv3_s10/src/q16_qksv3_s10.cpp:132:15) in function 'attention_v2_pruned' more than one sub loop.
INFO: [HLS 200-472] Inferring partial write operation for 'x.V' (/home/cym/prj2/finn/notebooks/icl_thesis-master/experiments/qks_v3_s0_s10_s20_s30_exploratory_hls/q16_qksv3_s10/src/q16_qksv3_s10.cpp:227:21)
INFO: [HLS 200-472] Inferring partial write operation for 'hidden.V' 
INFO: [HLS 200-472] Inferring partial write operation for 'ff_out.V' (/home/cym/prj2/finn/notebooks/icl_thesis-master/experiments/qks_v3_s0_s10_s20_s30_exploratory_hls/q16_qksv3_s10/src/q16_qksv3_s10.cpp:193:23)
INFO: [HLS 200-472] Inferring partial write operation for 'x.V' (/home/cym/prj2/finn/notebooks/icl_thesis-master/experiments/qks_v3_s0_s10_s20_s30_exploratory_hls/q16_qksv3_s10/src/q16_qksv3_s10.cpp:197:21)
INFO: [HLS 200-472] Inferring partial write operation for 'pooled.V' (/home/cym/prj2/finn/notebooks/icl_thesis-master/experiments/qks_v3_s0_s10_s20_s30_exploratory_hls/q16_qksv3_s10/src/q16_qksv3_s10.cpp:267:19)
INFO: [HLS 200-472] Inferring partial write operation for 'x' (/home/cym/prj2/finn/notebooks/icl_thesis-master/experiments/qks_v3_s0_s10_s20_s30_exploratory_hls/q16_qksv3_s10/src/q16_qksv3_s10.cpp:49:14)
INFO: [HLS 200-472] Inferring partial write operation for 'V.V' (/home/cym/prj2/finn/notebooks/icl_thesis-master/experiments/qks_v3_s0_s10_s20_s30_exploratory_hls/q16_qksv3_s10/src/q16_qksv3_s10.cpp:81:21)
INFO: [HLS 200-472] Inferring partial write operation for 'Q.V' (/home/cym/prj2/finn/notebooks/icl_thesis-master/experiments/qks_v3_s0_s10_s20_s30_exploratory_hls/q16_qksv3_s10/src/q16_qksv3_s10.cpp:91:21)
INFO: [HLS 200-472] Inferring partial write operation for 'K.V' (/home/cym/prj2/finn/notebooks/icl_thesis-master/experiments/qks_v3_s0_s10_s20_s30_exploratory_hls/q16_qksv3_s10/src/q16_qksv3_s10.cpp:101:21)
INFO: [HLS 200-472] Inferring partial write operation for 'KV.V' (/home/cym/prj2/finn/notebooks/icl_thesis-master/experiments/qks_v3_s0_s10_s20_s30_exploratory_hls/q16_qksv3_s10/src/q16_qksv3_s10.cpp:114:23)
INFO: [HLS 200-472] Inferring partial write operation for 'K_sum.V' (/home/cym/prj2/finn/notebooks/icl_thesis-master/experiments/qks_v3_s0_s10_s20_s30_exploratory_hls/q16_qksv3_s10/src/q16_qksv3_s10.cpp:126:18)
INFO: [HLS 200-472] Inferring partial write operation for 'attended.V' (/home/cym/prj2/finn/notebooks/icl_thesis-master/experiments/qks_v3_s0_s10_s20_s30_exploratory_hls/q16_qksv3_s10/src/q16_qksv3_s10.cpp:147:26)
INFO: [HLS 200-472] Inferring partial write operation for 'x' (/home/cym/prj2/finn/notebooks/icl_thesis-master/experiments/qks_v3_s0_s10_s20_s30_exploratory_hls/q16_qksv3_s10/src/q16_qksv3_s10.cpp:157:21)
Command           transform done; 0.8 sec.
INFO: [HLS 200-111] Finished Architecture Synthesis: CPU user time: 0.74 seconds. CPU system time: 0.05 seconds. Elapsed time: 0.81 seconds; current allocated memory: 631.613 MB.
INFO-FLOW: Finish building internal data model.
Command         opt_and_import_c done; 2.14 sec.
Command       elaborate done; 10.47 sec.
Execute       ap_eval exec zip -j /home/cym/prj2/finn/notebooks/icl_thesis-master/experiments/qks_v3_s0_s10_s20_s30_exploratory_hls/q16_qksv3_s10/q16_qksv3_s10_hls/solution1/.autopilot/db/dut.hcp $dbDir/a.o.3.bc $dbDir/${topname}.rtl_wrap.cfg.tcl $dbDir/apatb_${topname}.cpp $dbDir/apatb_${topname}_util.cpp $dbDir/apatb_${topname}_ir.ll $dbDir/mapper_${topname}.cpp $dbDir/top-io-fe.xml $dbDir/kernel.internal.xml $workdir/../hls.app 
Execute       autosyn -from_csynth_design=1 
INFO: [HLS 200-10] Starting hardware synthesis ...
INFO-FLOW: Synthesizing C/C++ design ...
INFO: [HLS 200-10] Synthesizing 'q16_qksv3_s10' ...
Execute         ap_set_top_model q16_qksv3_s10 
WARNING: [SYN 201-103] Legalizing function name 'layer_norm.1' to 'layer_norm_1'.
Execute         get_model_list q16_qksv3_s10 -filter all-wo-channel -topdown 
Execute         preproc_iomode -model q16_qksv3_s10 
Execute         preproc_iomode -model layer_norm 
Execute         preproc_iomode -model layer_norm_Pipeline_VITIS_LOOP_47_3 
Execute         preproc_iomode -model layer_norm_Pipeline_VITIS_LOOP_40_2 
Execute         preproc_iomode -model layer_norm_Pipeline_VITIS_LOOP_36_1 
Execute         preproc_iomode -model q16_qksv3_s10_Pipeline_VITIS_LOOP_261_6_VITIS_LOOP_263_7 
Execute         preproc_iomode -model q16_qksv3_s10_Pipeline_VITIS_LOOP_256_5 
Execute         preproc_iomode -model q16_qksv3_s10_Pipeline_VITIS_LOOP_196_6 
Execute         preproc_iomode -model q16_qksv3_s10_Pipeline_VITIS_LOOP_189_5 
Execute         preproc_iomode -model q16_qksv3_s10_Pipeline_VITIS_LOOP_178_3 
Execute         preproc_iomode -model q16_qksv3_s10_Pipeline_VITIS_LOOP_243_4 
Execute         preproc_iomode -model layer_norm.1 
Execute         preproc_iomode -model attention_v2_pruned 
Execute         preproc_iomode -model attention_v2_pruned_Pipeline_VITIS_LOOP_153_18 
Execute         preproc_iomode -model attention_v2_pruned_Pipeline_VITIS_LOOP_141_15_VITIS_LOOP_143_16 
Execute         preproc_iomode -model attention_v2_pruned_Pipeline_VITIS_LOOP_133_14 
Execute         preproc_iomode -model attention_v2_pruned_Pipeline_VITIS_LOOP_122_12 
Execute         preproc_iomode -model attention_v2_pruned_Pipeline_VITIS_LOOP_107_8_VITIS_LOOP_108_9_VITIS_LOOP_110_10 
Execute         preproc_iomode -model attention_v2_pruned_Pipeline_VITIS_LOOP_97_7 
Execute         preproc_iomode -model attention_v2_pruned_Pipeline_VITIS_LOOP_87_5 
Execute         preproc_iomode -model attention_v2_pruned_Pipeline_VITIS_LOOP_75_2_VITIS_LOOP_77_3 
Execute         preproc_iomode -model q16_qksv3_s10_Pipeline_VITIS_LOOP_222_3 
Execute         get_model_list q16_qksv3_s10 -filter all-wo-channel 
INFO-FLOW: Model list for configure: q16_qksv3_s10_Pipeline_VITIS_LOOP_222_3 attention_v2_pruned_Pipeline_VITIS_LOOP_75_2_VITIS_LOOP_77_3 attention_v2_pruned_Pipeline_VITIS_LOOP_87_5 attention_v2_pruned_Pipeline_VITIS_LOOP_97_7 attention_v2_pruned_Pipeline_VITIS_LOOP_107_8_VITIS_LOOP_108_9_VITIS_LOOP_110_10 attention_v2_pruned_Pipeline_VITIS_LOOP_122_12 attention_v2_pruned_Pipeline_VITIS_LOOP_133_14 attention_v2_pruned_Pipeline_VITIS_LOOP_141_15_VITIS_LOOP_143_16 attention_v2_pruned_Pipeline_VITIS_LOOP_153_18 attention_v2_pruned layer_norm.1 q16_qksv3_s10_Pipeline_VITIS_LOOP_243_4 q16_qksv3_s10_Pipeline_VITIS_LOOP_178_3 q16_qksv3_s10_Pipeline_VITIS_LOOP_189_5 q16_qksv3_s10_Pipeline_VITIS_LOOP_196_6 q16_qksv3_s10_Pipeline_VITIS_LOOP_256_5 q16_qksv3_s10_Pipeline_VITIS_LOOP_261_6_VITIS_LOOP_263_7 layer_norm_Pipeline_VITIS_LOOP_36_1 layer_norm_Pipeline_VITIS_LOOP_40_2 layer_norm_Pipeline_VITIS_LOOP_47_3 layer_norm q16_qksv3_s10
INFO-FLOW: Configuring Module : q16_qksv3_s10_Pipeline_VITIS_LOOP_222_3 ...
Execute         set_default_model q16_qksv3_s10_Pipeline_VITIS_LOOP_222_3 
Execute         apply_spec_resource_limit q16_qksv3_s10_Pipeline_VITIS_LOOP_222_3 
INFO-FLOW: Configuring Module : attention_v2_pruned_Pipeline_VITIS_LOOP_75_2_VITIS_LOOP_77_3 ...
Execute         set_default_model attention_v2_pruned_Pipeline_VITIS_LOOP_75_2_VITIS_LOOP_77_3 
Execute         apply_spec_resource_limit attention_v2_pruned_Pipeline_VITIS_LOOP_75_2_VITIS_LOOP_77_3 
INFO-FLOW: Configuring Module : attention_v2_pruned_Pipeline_VITIS_LOOP_87_5 ...
Execute         set_default_model attention_v2_pruned_Pipeline_VITIS_LOOP_87_5 
Execute         apply_spec_resource_limit attention_v2_pruned_Pipeline_VITIS_LOOP_87_5 
INFO-FLOW: Configuring Module : attention_v2_pruned_Pipeline_VITIS_LOOP_97_7 ...
Execute         set_default_model attention_v2_pruned_Pipeline_VITIS_LOOP_97_7 
Execute         apply_spec_resource_limit attention_v2_pruned_Pipeline_VITIS_LOOP_97_7 
INFO-FLOW: Configuring Module : attention_v2_pruned_Pipeline_VITIS_LOOP_107_8_VITIS_LOOP_108_9_VITIS_LOOP_110_10 ...
Execute         set_default_model attention_v2_pruned_Pipeline_VITIS_LOOP_107_8_VITIS_LOOP_108_9_VITIS_LOOP_110_10 
Execute         apply_spec_resource_limit attention_v2_pruned_Pipeline_VITIS_LOOP_107_8_VITIS_LOOP_108_9_VITIS_LOOP_110_10 
INFO-FLOW: Configuring Module : attention_v2_pruned_Pipeline_VITIS_LOOP_122_12 ...
Execute         set_default_model attention_v2_pruned_Pipeline_VITIS_LOOP_122_12 
Execute         apply_spec_resource_limit attention_v2_pruned_Pipeline_VITIS_LOOP_122_12 
INFO-FLOW: Configuring Module : attention_v2_pruned_Pipeline_VITIS_LOOP_133_14 ...
Execute         set_default_model attention_v2_pruned_Pipeline_VITIS_LOOP_133_14 
Execute         apply_spec_resource_limit attention_v2_pruned_Pipeline_VITIS_LOOP_133_14 
INFO-FLOW: Configuring Module : attention_v2_pruned_Pipeline_VITIS_LOOP_141_15_VITIS_LOOP_143_16 ...
Execute         set_default_model attention_v2_pruned_Pipeline_VITIS_LOOP_141_15_VITIS_LOOP_143_16 
Execute         apply_spec_resource_limit attention_v2_pruned_Pipeline_VITIS_LOOP_141_15_VITIS_LOOP_143_16 
INFO-FLOW: Configuring Module : attention_v2_pruned_Pipeline_VITIS_LOOP_153_18 ...
Execute         set_default_model attention_v2_pruned_Pipeline_VITIS_LOOP_153_18 
Execute         apply_spec_resource_limit attention_v2_pruned_Pipeline_VITIS_LOOP_153_18 
INFO-FLOW: Configuring Module : attention_v2_pruned ...
Execute         set_default_model attention_v2_pruned 
Execute         apply_spec_resource_limit attention_v2_pruned 
INFO-FLOW: Configuring Module : layer_norm.1 ...
Execute         set_default_model layer_norm.1 
Execute         apply_spec_resource_limit layer_norm.1 
INFO-FLOW: Configuring Module : q16_qksv3_s10_Pipeline_VITIS_LOOP_243_4 ...
Execute         set_default_model q16_qksv3_s10_Pipeline_VITIS_LOOP_243_4 
Execute         apply_spec_resource_limit q16_qksv3_s10_Pipeline_VITIS_LOOP_243_4 
INFO-FLOW: Configuring Module : q16_qksv3_s10_Pipeline_VITIS_LOOP_178_3 ...
Execute         set_default_model q16_qksv3_s10_Pipeline_VITIS_LOOP_178_3 
Execute         apply_spec_resource_limit q16_qksv3_s10_Pipeline_VITIS_LOOP_178_3 
INFO-FLOW: Configuring Module : q16_qksv3_s10_Pipeline_VITIS_LOOP_189_5 ...
Execute         set_default_model q16_qksv3_s10_Pipeline_VITIS_LOOP_189_5 
Execute         apply_spec_resource_limit q16_qksv3_s10_Pipeline_VITIS_LOOP_189_5 
INFO-FLOW: Configuring Module : q16_qksv3_s10_Pipeline_VITIS_LOOP_196_6 ...
Execute         set_default_model q16_qksv3_s10_Pipeline_VITIS_LOOP_196_6 
Execute         apply_spec_resource_limit q16_qksv3_s10_Pipeline_VITIS_LOOP_196_6 
INFO-FLOW: Configuring Module : q16_qksv3_s10_Pipeline_VITIS_LOOP_256_5 ...
Execute         set_default_model q16_qksv3_s10_Pipeline_VITIS_LOOP_256_5 
Execute         apply_spec_resource_limit q16_qksv3_s10_Pipeline_VITIS_LOOP_256_5 
INFO-FLOW: Configuring Module : q16_qksv3_s10_Pipeline_VITIS_LOOP_261_6_VITIS_LOOP_263_7 ...
Execute         set_default_model q16_qksv3_s10_Pipeline_VITIS_LOOP_261_6_VITIS_LOOP_263_7 
Execute         apply_spec_resource_limit q16_qksv3_s10_Pipeline_VITIS_LOOP_261_6_VITIS_LOOP_263_7 
INFO-FLOW: Configuring Module : layer_norm_Pipeline_VITIS_LOOP_36_1 ...
Execute         set_default_model layer_norm_Pipeline_VITIS_LOOP_36_1 
Execute         apply_spec_resource_limit layer_norm_Pipeline_VITIS_LOOP_36_1 
INFO-FLOW: Configuring Module : layer_norm_Pipeline_VITIS_LOOP_40_2 ...
Execute         set_default_model layer_norm_Pipeline_VITIS_LOOP_40_2 
Execute         apply_spec_resource_limit layer_norm_Pipeline_VITIS_LOOP_40_2 
INFO-FLOW: Configuring Module : layer_norm_Pipeline_VITIS_LOOP_47_3 ...
Execute         set_default_model layer_norm_Pipeline_VITIS_LOOP_47_3 
Execute         apply_spec_resource_limit layer_norm_Pipeline_VITIS_LOOP_47_3 
INFO-FLOW: Configuring Module : layer_norm ...
Execute         set_default_model layer_norm 
Execute         apply_spec_resource_limit layer_norm 
INFO-FLOW: Configuring Module : q16_qksv3_s10 ...
Execute         set_default_model q16_qksv3_s10 
Execute         apply_spec_resource_limit q16_qksv3_s10 
INFO-FLOW: Model list for preprocess: q16_qksv3_s10_Pipeline_VITIS_LOOP_222_3 attention_v2_pruned_Pipeline_VITIS_LOOP_75_2_VITIS_LOOP_77_3 attention_v2_pruned_Pipeline_VITIS_LOOP_87_5 attention_v2_pruned_Pipeline_VITIS_LOOP_97_7 attention_v2_pruned_Pipeline_VITIS_LOOP_107_8_VITIS_LOOP_108_9_VITIS_LOOP_110_10 attention_v2_pruned_Pipeline_VITIS_LOOP_122_12 attention_v2_pruned_Pipeline_VITIS_LOOP_133_14 attention_v2_pruned_Pipeline_VITIS_LOOP_141_15_VITIS_LOOP_143_16 attention_v2_pruned_Pipeline_VITIS_LOOP_153_18 attention_v2_pruned layer_norm.1 q16_qksv3_s10_Pipeline_VITIS_LOOP_243_4 q16_qksv3_s10_Pipeline_VITIS_LOOP_178_3 q16_qksv3_s10_Pipeline_VITIS_LOOP_189_5 q16_qksv3_s10_Pipeline_VITIS_LOOP_196_6 q16_qksv3_s10_Pipeline_VITIS_LOOP_256_5 q16_qksv3_s10_Pipeline_VITIS_LOOP_261_6_VITIS_LOOP_263_7 layer_norm_Pipeline_VITIS_LOOP_36_1 layer_norm_Pipeline_VITIS_LOOP_40_2 layer_norm_Pipeline_VITIS_LOOP_47_3 layer_norm q16_qksv3_s10
INFO-FLOW: Preprocessing Module: q16_qksv3_s10_Pipeline_VITIS_LOOP_222_3 ...
Execute         set_default_model q16_qksv3_s10_Pipeline_VITIS_LOOP_222_3 
Execute         cdfg_preprocess -model q16_qksv3_s10_Pipeline_VITIS_LOOP_222_3 
Execute         rtl_gen_preprocess q16_qksv3_s10_Pipeline_VITIS_LOOP_222_3 
INFO-FLOW: Preprocessing Module: attention_v2_pruned_Pipeline_VITIS_LOOP_75_2_VITIS_LOOP_77_3 ...
Execute         set_default_model attention_v2_pruned_Pipeline_VITIS_LOOP_75_2_VITIS_LOOP_77_3 
Execute         cdfg_preprocess -model attention_v2_pruned_Pipeline_VITIS_LOOP_75_2_VITIS_LOOP_77_3 
Execute         rtl_gen_preprocess attention_v2_pruned_Pipeline_VITIS_LOOP_75_2_VITIS_LOOP_77_3 
INFO-FLOW: Preprocessing Module: attention_v2_pruned_Pipeline_VITIS_LOOP_87_5 ...
Execute         set_default_model attention_v2_pruned_Pipeline_VITIS_LOOP_87_5 
Execute         cdfg_preprocess -model attention_v2_pruned_Pipeline_VITIS_LOOP_87_5 
Execute         rtl_gen_preprocess attention_v2_pruned_Pipeline_VITIS_LOOP_87_5 
INFO-FLOW: Preprocessing Module: attention_v2_pruned_Pipeline_VITIS_LOOP_97_7 ...
Execute         set_default_model attention_v2_pruned_Pipeline_VITIS_LOOP_97_7 
Execute         cdfg_preprocess -model attention_v2_pruned_Pipeline_VITIS_LOOP_97_7 
Execute         rtl_gen_preprocess attention_v2_pruned_Pipeline_VITIS_LOOP_97_7 
INFO-FLOW: Preprocessing Module: attention_v2_pruned_Pipeline_VITIS_LOOP_107_8_VITIS_LOOP_108_9_VITIS_LOOP_110_10 ...
Execute         set_default_model attention_v2_pruned_Pipeline_VITIS_LOOP_107_8_VITIS_LOOP_108_9_VITIS_LOOP_110_10 
Execute         cdfg_preprocess -model attention_v2_pruned_Pipeline_VITIS_LOOP_107_8_VITIS_LOOP_108_9_VITIS_LOOP_110_10 
Execute         rtl_gen_preprocess attention_v2_pruned_Pipeline_VITIS_LOOP_107_8_VITIS_LOOP_108_9_VITIS_LOOP_110_10 
INFO-FLOW: Preprocessing Module: attention_v2_pruned_Pipeline_VITIS_LOOP_122_12 ...
Execute         set_default_model attention_v2_pruned_Pipeline_VITIS_LOOP_122_12 
Execute         cdfg_preprocess -model attention_v2_pruned_Pipeline_VITIS_LOOP_122_12 
Execute         rtl_gen_preprocess attention_v2_pruned_Pipeline_VITIS_LOOP_122_12 
INFO-FLOW: Preprocessing Module: attention_v2_pruned_Pipeline_VITIS_LOOP_133_14 ...
Execute         set_default_model attention_v2_pruned_Pipeline_VITIS_LOOP_133_14 
Execute         cdfg_preprocess -model attention_v2_pruned_Pipeline_VITIS_LOOP_133_14 
Execute         rtl_gen_preprocess attention_v2_pruned_Pipeline_VITIS_LOOP_133_14 
INFO-FLOW: Preprocessing Module: attention_v2_pruned_Pipeline_VITIS_LOOP_141_15_VITIS_LOOP_143_16 ...
Execute         set_default_model attention_v2_pruned_Pipeline_VITIS_LOOP_141_15_VITIS_LOOP_143_16 
Execute         cdfg_preprocess -model attention_v2_pruned_Pipeline_VITIS_LOOP_141_15_VITIS_LOOP_143_16 
Execute         rtl_gen_preprocess attention_v2_pruned_Pipeline_VITIS_LOOP_141_15_VITIS_LOOP_143_16 
INFO-FLOW: Preprocessing Module: attention_v2_pruned_Pipeline_VITIS_LOOP_153_18 ...
Execute         set_default_model attention_v2_pruned_Pipeline_VITIS_LOOP_153_18 
Execute         cdfg_preprocess -model attention_v2_pruned_Pipeline_VITIS_LOOP_153_18 
Execute         rtl_gen_preprocess attention_v2_pruned_Pipeline_VITIS_LOOP_153_18 
INFO-FLOW: Preprocessing Module: attention_v2_pruned ...
Execute         set_default_model attention_v2_pruned 
Execute         cdfg_preprocess -model attention_v2_pruned 
Execute         rtl_gen_preprocess attention_v2_pruned 
INFO-FLOW: Preprocessing Module: layer_norm.1 ...
Execute         set_default_model layer_norm.1 
Execute         cdfg_preprocess -model layer_norm.1 
Execute         rtl_gen_preprocess layer_norm.1 
INFO-FLOW: Preprocessing Module: q16_qksv3_s10_Pipeline_VITIS_LOOP_243_4 ...
Execute         set_default_model q16_qksv3_s10_Pipeline_VITIS_LOOP_243_4 
Execute         cdfg_preprocess -model q16_qksv3_s10_Pipeline_VITIS_LOOP_243_4 
Execute         rtl_gen_preprocess q16_qksv3_s10_Pipeline_VITIS_LOOP_243_4 
INFO-FLOW: Preprocessing Module: q16_qksv3_s10_Pipeline_VITIS_LOOP_178_3 ...
Execute         set_default_model q16_qksv3_s10_Pipeline_VITIS_LOOP_178_3 
Execute         cdfg_preprocess -model q16_qksv3_s10_Pipeline_VITIS_LOOP_178_3 
Execute         rtl_gen_preprocess q16_qksv3_s10_Pipeline_VITIS_LOOP_178_3 
INFO-FLOW: Preprocessing Module: q16_qksv3_s10_Pipeline_VITIS_LOOP_189_5 ...
Execute         set_default_model q16_qksv3_s10_Pipeline_VITIS_LOOP_189_5 
Execute         cdfg_preprocess -model q16_qksv3_s10_Pipeline_VITIS_LOOP_189_5 
Execute         rtl_gen_preprocess q16_qksv3_s10_Pipeline_VITIS_LOOP_189_5 
INFO-FLOW: Preprocessing Module: q16_qksv3_s10_Pipeline_VITIS_LOOP_196_6 ...
Execute         set_default_model q16_qksv3_s10_Pipeline_VITIS_LOOP_196_6 
Execute         cdfg_preprocess -model q16_qksv3_s10_Pipeline_VITIS_LOOP_196_6 
Execute         rtl_gen_preprocess q16_qksv3_s10_Pipeline_VITIS_LOOP_196_6 
INFO-FLOW: Preprocessing Module: q16_qksv3_s10_Pipeline_VITIS_LOOP_256_5 ...
Execute         set_default_model q16_qksv3_s10_Pipeline_VITIS_LOOP_256_5 
Execute         cdfg_preprocess -model q16_qksv3_s10_Pipeline_VITIS_LOOP_256_5 
Execute         rtl_gen_preprocess q16_qksv3_s10_Pipeline_VITIS_LOOP_256_5 
INFO-FLOW: Preprocessing Module: q16_qksv3_s10_Pipeline_VITIS_LOOP_261_6_VITIS_LOOP_263_7 ...
Execute         set_default_model q16_qksv3_s10_Pipeline_VITIS_LOOP_261_6_VITIS_LOOP_263_7 
Execute         cdfg_preprocess -model q16_qksv3_s10_Pipeline_VITIS_LOOP_261_6_VITIS_LOOP_263_7 
Execute         rtl_gen_preprocess q16_qksv3_s10_Pipeline_VITIS_LOOP_261_6_VITIS_LOOP_263_7 
INFO-FLOW: Preprocessing Module: layer_norm_Pipeline_VITIS_LOOP_36_1 ...
Execute         set_default_model layer_norm_Pipeline_VITIS_LOOP_36_1 
Execute         cdfg_preprocess -model layer_norm_Pipeline_VITIS_LOOP_36_1 
Execute         rtl_gen_preprocess layer_norm_Pipeline_VITIS_LOOP_36_1 
INFO-FLOW: Preprocessing Module: layer_norm_Pipeline_VITIS_LOOP_40_2 ...
Execute         set_default_model layer_norm_Pipeline_VITIS_LOOP_40_2 
Execute         cdfg_preprocess -model layer_norm_Pipeline_VITIS_LOOP_40_2 
Execute         rtl_gen_preprocess layer_norm_Pipeline_VITIS_LOOP_40_2 
INFO-FLOW: Preprocessing Module: layer_norm_Pipeline_VITIS_LOOP_47_3 ...
Execute         set_default_model layer_norm_Pipeline_VITIS_LOOP_47_3 
Execute         cdfg_preprocess -model layer_norm_Pipeline_VITIS_LOOP_47_3 
Execute         rtl_gen_preprocess layer_norm_Pipeline_VITIS_LOOP_47_3 
INFO-FLOW: Preprocessing Module: layer_norm ...
Execute         set_default_model layer_norm 
Execute         cdfg_preprocess -model layer_norm 
Execute         rtl_gen_preprocess layer_norm 
INFO-FLOW: Preprocessing Module: q16_qksv3_s10 ...
Execute         set_default_model q16_qksv3_s10 
Execute         cdfg_preprocess -model q16_qksv3_s10 
Execute         rtl_gen_preprocess q16_qksv3_s10 
INFO-FLOW: Model list for synthesis: q16_qksv3_s10_Pipeline_VITIS_LOOP_222_3 attention_v2_pruned_Pipeline_VITIS_LOOP_75_2_VITIS_LOOP_77_3 attention_v2_pruned_Pipeline_VITIS_LOOP_87_5 attention_v2_pruned_Pipeline_VITIS_LOOP_97_7 attention_v2_pruned_Pipeline_VITIS_LOOP_107_8_VITIS_LOOP_108_9_VITIS_LOOP_110_10 attention_v2_pruned_Pipeline_VITIS_LOOP_122_12 attention_v2_pruned_Pipeline_VITIS_LOOP_133_14 attention_v2_pruned_Pipeline_VITIS_LOOP_141_15_VITIS_LOOP_143_16 attention_v2_pruned_Pipeline_VITIS_LOOP_153_18 attention_v2_pruned layer_norm.1 q16_qksv3_s10_Pipeline_VITIS_LOOP_243_4 q16_qksv3_s10_Pipeline_VITIS_LOOP_178_3 q16_qksv3_s10_Pipeline_VITIS_LOOP_189_5 q16_qksv3_s10_Pipeline_VITIS_LOOP_196_6 q16_qksv3_s10_Pipeline_VITIS_LOOP_256_5 q16_qksv3_s10_Pipeline_VITIS_LOOP_261_6_VITIS_LOOP_263_7 layer_norm_Pipeline_VITIS_LOOP_36_1 layer_norm_Pipeline_VITIS_LOOP_40_2 layer_norm_Pipeline_VITIS_LOOP_47_3 layer_norm q16_qksv3_s10
INFO: [HLS 200-10] ----------------------------------------------------------------
INFO: [HLS 200-42] -- Implementing module 'q16_qksv3_s10_Pipeline_VITIS_LOOP_222_3' 
INFO: [HLS 200-10] ----------------------------------------------------------------
Execute         set_default_model q16_qksv3_s10_Pipeline_VITIS_LOOP_222_3 
Execute         schedule -model q16_qksv3_s10_Pipeline_VITIS_LOOP_222_3 
INFO: [SCHED 204-11] Starting scheduling ...
INFO: [HLS 200-486] Changing DSP latency (root=r_V_2) to 3 in order to utilize available DSP registers.
INFO: [SCHED 204-61] Pipelining loop 'VITIS_LOOP_222_3'.
INFO: [HLS 200-1470] Pipelining result : Target II = 1, Final II = 1, Depth = 7, loop 'VITIS_LOOP_222_3'
INFO: [SCHED 204-11] Finished scheduling.
INFO: [HLS 200-111] Finished Scheduling: CPU user time: 0.08 seconds. CPU system time: 0.03 seconds. Elapsed time: 0.1 seconds; current allocated memory: 633.496 MB.
Execute         syn_report -verbosereport -o /home/cym/prj2/finn/notebooks/icl_thesis-master/experiments/qks_v3_s0_s10_s20_s30_exploratory_hls/q16_qksv3_s10/q16_qksv3_s10_hls/solution1/.autopilot/db/q16_qksv3_s10_Pipeline_VITIS_LOOP_222_3.verbose.sched.rpt 
Execute           AP::get_flow_target_display_name
Execute         db_write -o /home/cym/prj2/finn/notebooks/icl_thesis-master/experiments/qks_v3_s0_s10_s20_s30_exploratory_hls/q16_qksv3_s10/q16_qksv3_s10_hls/solution1/.autopilot/db/q16_qksv3_s10_Pipeline_VITIS_LOOP_222_3.sched.adb -f 
INFO-FLOW: Finish scheduling q16_qksv3_s10_Pipeline_VITIS_LOOP_222_3.
Execute         set_default_model q16_qksv3_s10_Pipeline_VITIS_LOOP_222_3 
Execute         bind -model q16_qksv3_s10_Pipeline_VITIS_LOOP_222_3 
INFO: [BIND 205-100] Starting micro-architecture generation ...
INFO: [BIND 205-101] Performing variable lifetime analysis.
INFO: [BIND 205-101] Exploring resource sharing.
INFO: [BIND 205-101] Binding ...
INFO: [BIND 205-100] Finished micro-architecture generation.
INFO: [HLS 200-111] Finished Binding: CPU user time: 0.03 seconds. CPU system time: 0 seconds. Elapsed time: 0.03 seconds; current allocated memory: 633.496 MB.
Execute         syn_report -verbosereport -o /home/cym/prj2/finn/notebooks/icl_thesis-master/experiments/qks_v3_s0_s10_s20_s30_exploratory_hls/q16_qksv3_s10/q16_qksv3_s10_hls/solution1/.autopilot/db/q16_qksv3_s10_Pipeline_VITIS_LOOP_222_3.verbose.bind.rpt 
Execute           AP::get_flow_target_display_name
Execute         db_write -o /home/cym/prj2/finn/notebooks/icl_thesis-master/experiments/qks_v3_s0_s10_s20_s30_exploratory_hls/q16_qksv3_s10/q16_qksv3_s10_hls/solution1/.autopilot/db/q16_qksv3_s10_Pipeline_VITIS_LOOP_222_3.bind.adb -f 
INFO-FLOW: Finish binding q16_qksv3_s10_Pipeline_VITIS_LOOP_222_3.
INFO: [HLS 200-10] ----------------------------------------------------------------
INFO: [HLS 200-42] -- Implementing module 'attention_v2_pruned_Pipeline_VITIS_LOOP_75_2_VITIS_LOOP_77_3' 
INFO: [HLS 200-10] ----------------------------------------------------------------
Execute         set_default_model attention_v2_pruned_Pipeline_VITIS_LOOP_75_2_VITIS_LOOP_77_3 
Execute         schedule -model attention_v2_pruned_Pipeline_VITIS_LOOP_75_2_VITIS_LOOP_77_3 
INFO: [SCHED 204-11] Starting scheduling ...
INFO: [HLS 200-486] Changing DSP latency (root=r_V_97) to 3 in order to utilize available DSP registers.
INFO: [SCHED 204-61] Pipelining loop 'VITIS_LOOP_75_2_VITIS_LOOP_77_3'.
INFO: [HLS 200-1470] Pipelining result : Target II = 1, Final II = 1, Depth = 7, loop 'VITIS_LOOP_75_2_VITIS_LOOP_77_3'
INFO: [SCHED 204-11] Finished scheduling.
INFO: [HLS 200-111] Finished Scheduling: CPU user time: 0.05 seconds. CPU system time: 0 seconds. Elapsed time: 0.06 seconds; current allocated memory: 634.188 MB.
Execute         syn_report -verbosereport -o /home/cym/prj2/finn/notebooks/icl_thesis-master/experiments/qks_v3_s0_s10_s20_s30_exploratory_hls/q16_qksv3_s10/q16_qksv3_s10_hls/solution1/.autopilot/db/attention_v2_pruned_Pipeline_VITIS_LOOP_75_2_VITIS_LOOP_77_3.verbose.sched.rpt 
Execute           AP::get_flow_target_display_name
Execute         db_write -o /home/cym/prj2/finn/notebooks/icl_thesis-master/experiments/qks_v3_s0_s10_s20_s30_exploratory_hls/q16_qksv3_s10/q16_qksv3_s10_hls/solution1/.autopilot/db/attention_v2_pruned_Pipeline_VITIS_LOOP_75_2_VITIS_LOOP_77_3.sched.adb -f 
INFO-FLOW: Finish scheduling attention_v2_pruned_Pipeline_VITIS_LOOP_75_2_VITIS_LOOP_77_3.
Execute         set_default_model attention_v2_pruned_Pipeline_VITIS_LOOP_75_2_VITIS_LOOP_77_3 
Execute         bind -model attention_v2_pruned_Pipeline_VITIS_LOOP_75_2_VITIS_LOOP_77_3 
INFO: [BIND 205-100] Starting micro-architecture generation ...
INFO: [BIND 205-101] Performing variable lifetime analysis.
INFO: [BIND 205-101] Exploring resource sharing.
INFO: [BIND 205-101] Binding ...
INFO: [BIND 205-100] Finished micro-architecture generation.
INFO: [HLS 200-111] Finished Binding: CPU user time: 0.03 seconds. CPU system time: 0 seconds. Elapsed time: 0.03 seconds; current allocated memory: 634.188 MB.
Execute         syn_report -verbosereport -o /home/cym/prj2/finn/notebooks/icl_thesis-master/experiments/qks_v3_s0_s10_s20_s30_exploratory_hls/q16_qksv3_s10/q16_qksv3_s10_hls/solution1/.autopilot/db/attention_v2_pruned_Pipeline_VITIS_LOOP_75_2_VITIS_LOOP_77_3.verbose.bind.rpt 
Execute           AP::get_flow_target_display_name
Execute         db_write -o /home/cym/prj2/finn/notebooks/icl_thesis-master/experiments/qks_v3_s0_s10_s20_s30_exploratory_hls/q16_qksv3_s10/q16_qksv3_s10_hls/solution1/.autopilot/db/attention_v2_pruned_Pipeline_VITIS_LOOP_75_2_VITIS_LOOP_77_3.bind.adb -f 
INFO-FLOW: Finish binding attention_v2_pruned_Pipeline_VITIS_LOOP_75_2_VITIS_LOOP_77_3.
INFO: [HLS 200-10] ----------------------------------------------------------------
INFO: [HLS 200-42] -- Implementing module 'attention_v2_pruned_Pipeline_VITIS_LOOP_87_5' 
INFO: [HLS 200-10] ----------------------------------------------------------------
Execute         set_default_model attention_v2_pruned_Pipeline_VITIS_LOOP_87_5 
Execute         schedule -model attention_v2_pruned_Pipeline_VITIS_LOOP_87_5 
INFO: [SCHED 204-11] Starting scheduling ...
INFO: [HLS 200-486] Changing DSP latency (root=r_V_95) to 3 in order to utilize available DSP registers.
INFO: [SCHED 204-61] Pipelining loop 'VITIS_LOOP_87_5'.
INFO: [HLS 200-1470] Pipelining result : Target II = 1, Final II = 1, Depth = 5, loop 'VITIS_LOOP_87_5'
INFO: [SCHED 204-11] Finished scheduling.
INFO: [HLS 200-111] Finished Scheduling: CPU user time: 0.05 seconds. CPU system time: 0 seconds. Elapsed time: 0.17 seconds; current allocated memory: 634.551 MB.
Execute         syn_report -verbosereport -o /home/cym/prj2/finn/notebooks/icl_thesis-master/experiments/qks_v3_s0_s10_s20_s30_exploratory_hls/q16_qksv3_s10/q16_qksv3_s10_hls/solution1/.autopilot/db/attention_v2_pruned_Pipeline_VITIS_LOOP_87_5.verbose.sched.rpt 
Execute           AP::get_flow_target_display_name
Execute         db_write -o /home/cym/prj2/finn/notebooks/icl_thesis-master/experiments/qks_v3_s0_s10_s20_s30_exploratory_hls/q16_qksv3_s10/q16_qksv3_s10_hls/solution1/.autopilot/db/attention_v2_pruned_Pipeline_VITIS_LOOP_87_5.sched.adb -f 
INFO-FLOW: Finish scheduling attention_v2_pruned_Pipeline_VITIS_LOOP_87_5.
Execute         set_default_model attention_v2_pruned_Pipeline_VITIS_LOOP_87_5 
Execute         bind -model attention_v2_pruned_Pipeline_VITIS_LOOP_87_5 
INFO: [BIND 205-100] Starting micro-architecture generation ...
INFO: [BIND 205-101] Performing variable lifetime analysis.
INFO: [BIND 205-101] Exploring resource sharing.
INFO: [BIND 205-101] Binding ...
INFO: [BIND 205-100] Finished micro-architecture generation.
INFO: [HLS 200-111] Finished Binding: CPU user time: 0.02 seconds. CPU system time: 0 seconds. Elapsed time: 0.02 seconds; current allocated memory: 634.551 MB.
Execute         syn_report -verbosereport -o /home/cym/prj2/finn/notebooks/icl_thesis-master/experiments/qks_v3_s0_s10_s20_s30_exploratory_hls/q16_qksv3_s10/q16_qksv3_s10_hls/solution1/.autopilot/db/attention_v2_pruned_Pipeline_VITIS_LOOP_87_5.verbose.bind.rpt 
Execute           AP::get_flow_target_display_name
Execute         db_write -o /home/cym/prj2/finn/notebooks/icl_thesis-master/experiments/qks_v3_s0_s10_s20_s30_exploratory_hls/q16_qksv3_s10/q16_qksv3_s10_hls/solution1/.autopilot/db/attention_v2_pruned_Pipeline_VITIS_LOOP_87_5.bind.adb -f 
INFO-FLOW: Finish binding attention_v2_pruned_Pipeline_VITIS_LOOP_87_5.
INFO: [HLS 200-10] ----------------------------------------------------------------
INFO: [HLS 200-42] -- Implementing module 'attention_v2_pruned_Pipeline_VITIS_LOOP_97_7' 
INFO: [HLS 200-10] ----------------------------------------------------------------
Execute         set_default_model attention_v2_pruned_Pipeline_VITIS_LOOP_97_7 
Execute         schedule -model attention_v2_pruned_Pipeline_VITIS_LOOP_97_7 
INFO: [SCHED 204-11] Starting scheduling ...
INFO: [HLS 200-486] Changing DSP latency (root=r_V_93) to 3 in order to utilize available DSP registers.
INFO: [SCHED 204-61] Pipelining loop 'VITIS_LOOP_97_7'.
INFO: [HLS 200-1470] Pipelining result : Target II = 1, Final II = 1, Depth = 5, loop 'VITIS_LOOP_97_7'
INFO: [SCHED 204-11] Finished scheduling.
INFO: [HLS 200-111] Finished Scheduling: CPU user time: 0.04 seconds. CPU system time: 0 seconds. Elapsed time: 0.04 seconds; current allocated memory: 635.004 MB.
Execute         syn_report -verbosereport -o /home/cym/prj2/finn/notebooks/icl_thesis-master/experiments/qks_v3_s0_s10_s20_s30_exploratory_hls/q16_qksv3_s10/q16_qksv3_s10_hls/solution1/.autopilot/db/attention_v2_pruned_Pipeline_VITIS_LOOP_97_7.verbose.sched.rpt 
Execute           AP::get_flow_target_display_name
Execute         db_write -o /home/cym/prj2/finn/notebooks/icl_thesis-master/experiments/qks_v3_s0_s10_s20_s30_exploratory_hls/q16_qksv3_s10/q16_qksv3_s10_hls/solution1/.autopilot/db/attention_v2_pruned_Pipeline_VITIS_LOOP_97_7.sched.adb -f 
INFO-FLOW: Finish scheduling attention_v2_pruned_Pipeline_VITIS_LOOP_97_7.
Execute         set_default_model attention_v2_pruned_Pipeline_VITIS_LOOP_97_7 
Execute         bind -model attention_v2_pruned_Pipeline_VITIS_LOOP_97_7 
INFO: [BIND 205-100] Starting micro-architecture generation ...
INFO: [BIND 205-101] Performing variable lifetime analysis.
INFO: [BIND 205-101] Exploring resource sharing.
INFO: [BIND 205-101] Binding ...
INFO: [BIND 205-100] Finished micro-architecture generation.
INFO: [HLS 200-111] Finished Binding: CPU user time: 0.02 seconds. CPU system time: 0 seconds. Elapsed time: 0.02 seconds; current allocated memory: 635.004 MB.
Execute         syn_report -verbosereport -o /home/cym/prj2/finn/notebooks/icl_thesis-master/experiments/qks_v3_s0_s10_s20_s30_exploratory_hls/q16_qksv3_s10/q16_qksv3_s10_hls/solution1/.autopilot/db/attention_v2_pruned_Pipeline_VITIS_LOOP_97_7.verbose.bind.rpt 
Execute           AP::get_flow_target_display_name
Execute         db_write -o /home/cym/prj2/finn/notebooks/icl_thesis-master/experiments/qks_v3_s0_s10_s20_s30_exploratory_hls/q16_qksv3_s10/q16_qksv3_s10_hls/solution1/.autopilot/db/attention_v2_pruned_Pipeline_VITIS_LOOP_97_7.bind.adb -f 
INFO-FLOW: Finish binding attention_v2_pruned_Pipeline_VITIS_LOOP_97_7.
INFO: [HLS 200-10] ----------------------------------------------------------------
INFO: [HLS 200-42] -- Implementing module 'attention_v2_pruned_Pipeline_VITIS_LOOP_107_8_VITIS_LOOP_108_9_VITIS_LOOP_110_10' 
INFO: [HLS 200-10] ----------------------------------------------------------------
Execute         set_default_model attention_v2_pruned_Pipeline_VITIS_LOOP_107_8_VITIS_LOOP_108_9_VITIS_LOOP_110_10 
Execute         schedule -model attention_v2_pruned_Pipeline_VITIS_LOOP_107_8_VITIS_LOOP_108_9_VITIS_LOOP_110_10 
INFO: [SCHED 204-11] Starting scheduling ...
INFO: [HLS 200-486] Changing DSP latency (root=mul_ln1347) to 3 in order to utilize available DSP registers.
INFO: [SCHED 204-61] Pipelining loop 'VITIS_LOOP_107_8_VITIS_LOOP_108_9_VITIS_LOOP_110_10'.
INFO: [HLS 200-1470] Pipelining result : Target II = 1, Final II = 1, Depth = 7, loop 'VITIS_LOOP_107_8_VITIS_LOOP_108_9_VITIS_LOOP_110_10'
WARNING: [HLS 200-871] Estimated clock period (7.605ns) exceeds the target (target clock period: 10ns, clock uncertainty: 2.7ns, effective delay budget: 7.3ns).
WARNING: [HLS 200-1016] The critical path in module 'attention_v2_pruned_Pipeline_VITIS_LOOP_107_8_VITIS_LOOP_108_9_VITIS_LOOP_110_10' consists of the following:	'load' operation ('t_load', /home/cym/prj2/finn/notebooks/icl_thesis-master/experiments/qks_v3_s0_s10_s20_s30_exploratory_hls/q16_qksv3_s10/src/q16_qksv3_s10.cpp:110) on local variable 't' [25]  (0 ns)
	'icmp' operation ('icmp_ln110', /home/cym/prj2/finn/notebooks/icl_thesis-master/experiments/qks_v3_s0_s10_s20_s30_exploratory_hls/q16_qksv3_s10/src/q16_qksv3_s10.cpp:110) [37]  (1.3 ns)
	'and' operation ('and_ln107', /home/cym/prj2/finn/notebooks/icl_thesis-master/experiments/qks_v3_s0_s10_s20_s30_exploratory_hls/q16_qksv3_s10/src/q16_qksv3_s10.cpp:107) [38]  (0.978 ns)
	'or' operation ('or_ln108', /home/cym/prj2/finn/notebooks/icl_thesis-master/experiments/qks_v3_s0_s10_s20_s30_exploratory_hls/q16_qksv3_s10/src/q16_qksv3_s10.cpp:108) [41]  (0.978 ns)
	'select' operation ('select_ln108', /home/cym/prj2/finn/notebooks/icl_thesis-master/experiments/qks_v3_s0_s10_s20_s30_exploratory_hls/q16_qksv3_s10/src/q16_qksv3_s10.cpp:108) [42]  (1.02 ns)
	'add' operation ('add_ln110', /home/cym/prj2/finn/notebooks/icl_thesis-master/experiments/qks_v3_s0_s10_s20_s30_exploratory_hls/q16_qksv3_s10/src/q16_qksv3_s10.cpp:110) [69]  (1.74 ns)
	'store' operation ('t_write_ln110', /home/cym/prj2/finn/notebooks/icl_thesis-master/experiments/qks_v3_s0_s10_s20_s30_exploratory_hls/q16_qksv3_s10/src/q16_qksv3_s10.cpp:110) of variable 'add_ln110', /home/cym/prj2/finn/notebooks/icl_thesis-master/experiments/qks_v3_s0_s10_s20_s30_exploratory_hls/q16_qksv3_s10/src/q16_qksv3_s10.cpp:110 on local variable 't' [83]  (1.59 ns)

INFO: [SCHED 204-11] Finished scheduling.
INFO: [HLS 200-111] Finished Scheduling: CPU user time: 0.06 seconds. CPU system time: 0 seconds. Elapsed time: 0.06 seconds; current allocated memory: 635.762 MB.
Execute         syn_report -verbosereport -o /home/cym/prj2/finn/notebooks/icl_thesis-master/experiments/qks_v3_s0_s10_s20_s30_exploratory_hls/q16_qksv3_s10/q16_qksv3_s10_hls/solution1/.autopilot/db/attention_v2_pruned_Pipeline_VITIS_LOOP_107_8_VITIS_LOOP_108_9_VITIS_LOOP_110_10.verbose.sched.rpt 
Execute           AP::get_flow_target_display_name
Execute         db_write -o /home/cym/prj2/finn/notebooks/icl_thesis-master/experiments/qks_v3_s0_s10_s20_s30_exploratory_hls/q16_qksv3_s10/q16_qksv3_s10_hls/solution1/.autopilot/db/attention_v2_pruned_Pipeline_VITIS_LOOP_107_8_VITIS_LOOP_108_9_VITIS_LOOP_110_10.sched.adb -f 
INFO-FLOW: Finish scheduling attention_v2_pruned_Pipeline_VITIS_LOOP_107_8_VITIS_LOOP_108_9_VITIS_LOOP_110_10.
Execute         set_default_model attention_v2_pruned_Pipeline_VITIS_LOOP_107_8_VITIS_LOOP_108_9_VITIS_LOOP_110_10 
Execute         bind -model attention_v2_pruned_Pipeline_VITIS_LOOP_107_8_VITIS_LOOP_108_9_VITIS_LOOP_110_10 
INFO: [BIND 205-100] Starting micro-architecture generation ...
INFO: [BIND 205-101] Performing variable lifetime analysis.
INFO: [BIND 205-101] Exploring resource sharing.
INFO: [BIND 205-101] Binding ...
INFO: [BIND 205-100] Finished micro-architecture generation.
INFO: [HLS 200-111] Finished Binding: CPU user time: 0.04 seconds. CPU system time: 0 seconds. Elapsed time: 0.04 seconds; current allocated memory: 635.762 MB.
Execute         syn_report -verbosereport -o /home/cym/prj2/finn/notebooks/icl_thesis-master/experiments/qks_v3_s0_s10_s20_s30_exploratory_hls/q16_qksv3_s10/q16_qksv3_s10_hls/solution1/.autopilot/db/attention_v2_pruned_Pipeline_VITIS_LOOP_107_8_VITIS_LOOP_108_9_VITIS_LOOP_110_10.verbose.bind.rpt 
Execute           AP::get_flow_target_display_name
Execute         db_write -o /home/cym/prj2/finn/notebooks/icl_thesis-master/experiments/qks_v3_s0_s10_s20_s30_exploratory_hls/q16_qksv3_s10/q16_qksv3_s10_hls/solution1/.autopilot/db/attention_v2_pruned_Pipeline_VITIS_LOOP_107_8_VITIS_LOOP_108_9_VITIS_LOOP_110_10.bind.adb -f 
INFO-FLOW: Finish binding attention_v2_pruned_Pipeline_VITIS_LOOP_107_8_VITIS_LOOP_108_9_VITIS_LOOP_110_10.
INFO: [HLS 200-10] ----------------------------------------------------------------
INFO: [HLS 200-42] -- Implementing module 'attention_v2_pruned_Pipeline_VITIS_LOOP_122_12' 
INFO: [HLS 200-10] ----------------------------------------------------------------
Execute         set_default_model attention_v2_pruned_Pipeline_VITIS_LOOP_122_12 
Execute         schedule -model attention_v2_pruned_Pipeline_VITIS_LOOP_122_12 
INFO: [SCHED 204-11] Starting scheduling ...
INFO: [SCHED 204-61] Pipelining loop 'VITIS_LOOP_122_12'.
INFO: [HLS 200-1470] Pipelining result : Target II = 1, Final II = 1, Depth = 2, loop 'VITIS_LOOP_122_12'
INFO: [SCHED 204-11] Finished scheduling.
INFO: [HLS 200-111] Finished Scheduling: CPU user time: 0.07 seconds. CPU system time: 0 seconds. Elapsed time: 0.16 seconds; current allocated memory: 636.156 MB.
Execute         syn_report -verbosereport -o /home/cym/prj2/finn/notebooks/icl_thesis-master/experiments/qks_v3_s0_s10_s20_s30_exploratory_hls/q16_qksv3_s10/q16_qksv3_s10_hls/solution1/.autopilot/db/attention_v2_pruned_Pipeline_VITIS_LOOP_122_12.verbose.sched.rpt 
Execute           AP::get_flow_target_display_name
Execute         db_write -o /home/cym/prj2/finn/notebooks/icl_thesis-master/experiments/qks_v3_s0_s10_s20_s30_exploratory_hls/q16_qksv3_s10/q16_qksv3_s10_hls/solution1/.autopilot/db/attention_v2_pruned_Pipeline_VITIS_LOOP_122_12.sched.adb -f 
INFO-FLOW: Finish scheduling attention_v2_pruned_Pipeline_VITIS_LOOP_122_12.
Execute         set_default_model attention_v2_pruned_Pipeline_VITIS_LOOP_122_12 
Execute         bind -model attention_v2_pruned_Pipeline_VITIS_LOOP_122_12 
INFO: [BIND 205-100] Starting micro-architecture generation ...
INFO: [BIND 205-101] Performing variable lifetime analysis.
INFO: [BIND 205-101] Exploring resource sharing.
INFO: [BIND 205-101] Binding ...
INFO: [BIND 205-100] Finished micro-architecture generation.
INFO: [HLS 200-111] Finished Binding: CPU user time: 0.02 seconds. CPU system time: 0 seconds. Elapsed time: 0.02 seconds; current allocated memory: 636.156 MB.
Execute         syn_report -verbosereport -o /home/cym/prj2/finn/notebooks/icl_thesis-master/experiments/qks_v3_s0_s10_s20_s30_exploratory_hls/q16_qksv3_s10/q16_qksv3_s10_hls/solution1/.autopilot/db/attention_v2_pruned_Pipeline_VITIS_LOOP_122_12.verbose.bind.rpt 
Execute           AP::get_flow_target_display_name
Execute         db_write -o /home/cym/prj2/finn/notebooks/icl_thesis-master/experiments/qks_v3_s0_s10_s20_s30_exploratory_hls/q16_qksv3_s10/q16_qksv3_s10_hls/solution1/.autopilot/db/attention_v2_pruned_Pipeline_VITIS_LOOP_122_12.bind.adb -f 
INFO-FLOW: Finish binding attention_v2_pruned_Pipeline_VITIS_LOOP_122_12.
INFO: [HLS 200-10] ----------------------------------------------------------------
INFO: [HLS 200-42] -- Implementing module 'attention_v2_pruned_Pipeline_VITIS_LOOP_133_14' 
INFO: [HLS 200-10] ----------------------------------------------------------------
Execute         set_default_model attention_v2_pruned_Pipeline_VITIS_LOOP_133_14 
Execute         schedule -model attention_v2_pruned_Pipeline_VITIS_LOOP_133_14 
INFO: [SCHED 204-11] Starting scheduling ...
INFO: [HLS 200-486] Changing DSP latency (root=mul_ln1347) to 3 in order to utilize available DSP registers.
INFO: [SCHED 204-61] Pipelining loop 'VITIS_LOOP_133_14'.
INFO: [HLS 200-1470] Pipelining result : Target II = 1, Final II = 1, Depth = 5, loop 'VITIS_LOOP_133_14'
INFO: [SCHED 204-11] Finished scheduling.
INFO: [HLS 200-111] Finished Scheduling: CPU user time: 0.03 seconds. CPU system time: 0.01 seconds. Elapsed time: 0.03 seconds; current allocated memory: 636.473 MB.
Execute         syn_report -verbosereport -o /home/cym/prj2/finn/notebooks/icl_thesis-master/experiments/qks_v3_s0_s10_s20_s30_exploratory_hls/q16_qksv3_s10/q16_qksv3_s10_hls/solution1/.autopilot/db/attention_v2_pruned_Pipeline_VITIS_LOOP_133_14.verbose.sched.rpt 
Execute           AP::get_flow_target_display_name
Execute         db_write -o /home/cym/prj2/finn/notebooks/icl_thesis-master/experiments/qks_v3_s0_s10_s20_s30_exploratory_hls/q16_qksv3_s10/q16_qksv3_s10_hls/solution1/.autopilot/db/attention_v2_pruned_Pipeline_VITIS_LOOP_133_14.sched.adb -f 
INFO-FLOW: Finish scheduling attention_v2_pruned_Pipeline_VITIS_LOOP_133_14.
Execute         set_default_model attention_v2_pruned_Pipeline_VITIS_LOOP_133_14 
Execute         bind -model attention_v2_pruned_Pipeline_VITIS_LOOP_133_14 
INFO: [BIND 205-100] Starting micro-architecture generation ...
INFO: [BIND 205-101] Performing variable lifetime analysis.
INFO: [BIND 205-101] Exploring resource sharing.
INFO: [BIND 205-101] Binding ...
INFO: [BIND 205-100] Finished micro-architecture generation.
INFO: [HLS 200-111] Finished Binding: CPU user time: 0.02 seconds. CPU system time: 0 seconds. Elapsed time: 0.02 seconds; current allocated memory: 636.473 MB.
Execute         syn_report -verbosereport -o /home/cym/prj2/finn/notebooks/icl_thesis-master/experiments/qks_v3_s0_s10_s20_s30_exploratory_hls/q16_qksv3_s10/q16_qksv3_s10_hls/solution1/.autopilot/db/attention_v2_pruned_Pipeline_VITIS_LOOP_133_14.verbose.bind.rpt 
Execute           AP::get_flow_target_display_name
Execute         db_write -o /home/cym/prj2/finn/notebooks/icl_thesis-master/experiments/qks_v3_s0_s10_s20_s30_exploratory_hls/q16_qksv3_s10/q16_qksv3_s10_hls/solution1/.autopilot/db/attention_v2_pruned_Pipeline_VITIS_LOOP_133_14.bind.adb -f 
INFO-FLOW: Finish binding attention_v2_pruned_Pipeline_VITIS_LOOP_133_14.
INFO: [HLS 200-10] ----------------------------------------------------------------
INFO: [HLS 200-42] -- Implementing module 'attention_v2_pruned_Pipeline_VITIS_LOOP_141_15_VITIS_LOOP_143_16' 
INFO: [HLS 200-10] ----------------------------------------------------------------
Execute         set_default_model attention_v2_pruned_Pipeline_VITIS_LOOP_141_15_VITIS_LOOP_143_16 
Execute         schedule -model attention_v2_pruned_Pipeline_VITIS_LOOP_141_15_VITIS_LOOP_143_16 
INFO: [SCHED 204-11] Starting scheduling ...
INFO: [HLS 200-486] Changing DSP latency (root=mul_ln1347) to 3 in order to utilize available DSP registers.
INFO: [HLS 200-486] Changing DSP latency (root=mul_ln1270) to 3 in order to utilize available DSP registers.
INFO: [SCHED 204-61] Pipelining loop 'VITIS_LOOP_141_15_VITIS_LOOP_143_16'.
INFO: [HLS 200-1470] Pipelining result : Target II = 1, Final II = 1, Depth = 9, loop 'VITIS_LOOP_141_15_VITIS_LOOP_143_16'
INFO: [SCHED 204-11] Finished scheduling.
INFO: [HLS 200-111] Finished Scheduling: CPU user time: 0.04 seconds. CPU system time: 0 seconds. Elapsed time: 0.04 seconds; current allocated memory: 636.871 MB.
Execute         syn_report -verbosereport -o /home/cym/prj2/finn/notebooks/icl_thesis-master/experiments/qks_v3_s0_s10_s20_s30_exploratory_hls/q16_qksv3_s10/q16_qksv3_s10_hls/solution1/.autopilot/db/attention_v2_pruned_Pipeline_VITIS_LOOP_141_15_VITIS_LOOP_143_16.verbose.sched.rpt 
Execute           AP::get_flow_target_display_name
Execute         db_write -o /home/cym/prj2/finn/notebooks/icl_thesis-master/experiments/qks_v3_s0_s10_s20_s30_exploratory_hls/q16_qksv3_s10/q16_qksv3_s10_hls/solution1/.autopilot/db/attention_v2_pruned_Pipeline_VITIS_LOOP_141_15_VITIS_LOOP_143_16.sched.adb -f 
INFO-FLOW: Finish scheduling attention_v2_pruned_Pipeline_VITIS_LOOP_141_15_VITIS_LOOP_143_16.
Execute         set_default_model attention_v2_pruned_Pipeline_VITIS_LOOP_141_15_VITIS_LOOP_143_16 
Execute         bind -model attention_v2_pruned_Pipeline_VITIS_LOOP_141_15_VITIS_LOOP_143_16 
INFO: [BIND 205-100] Starting micro-architecture generation ...
INFO: [BIND 205-101] Performing variable lifetime analysis.
INFO: [BIND 205-101] Exploring resource sharing.
INFO: [BIND 205-101] Binding ...
INFO: [BIND 205-100] Finished micro-architecture generation.
INFO: [HLS 200-111] Finished Binding: CPU user time: 0.04 seconds. CPU system time: 0 seconds. Elapsed time: 0.04 seconds; current allocated memory: 636.871 MB.
Execute         syn_report -verbosereport -o /home/cym/prj2/finn/notebooks/icl_thesis-master/experiments/qks_v3_s0_s10_s20_s30_exploratory_hls/q16_qksv3_s10/q16_qksv3_s10_hls/solution1/.autopilot/db/attention_v2_pruned_Pipeline_VITIS_LOOP_141_15_VITIS_LOOP_143_16.verbose.bind.rpt 
Execute           AP::get_flow_target_display_name
Execute         db_write -o /home/cym/prj2/finn/notebooks/icl_thesis-master/experiments/qks_v3_s0_s10_s20_s30_exploratory_hls/q16_qksv3_s10/q16_qksv3_s10_hls/solution1/.autopilot/db/attention_v2_pruned_Pipeline_VITIS_LOOP_141_15_VITIS_LOOP_143_16.bind.adb -f 
INFO-FLOW: Finish binding attention_v2_pruned_Pipeline_VITIS_LOOP_141_15_VITIS_LOOP_143_16.
INFO: [HLS 200-10] ----------------------------------------------------------------
INFO: [HLS 200-42] -- Implementing module 'attention_v2_pruned_Pipeline_VITIS_LOOP_153_18' 
INFO: [HLS 200-10] ----------------------------------------------------------------
Execute         set_default_model attention_v2_pruned_Pipeline_VITIS_LOOP_153_18 
Execute         schedule -model attention_v2_pruned_Pipeline_VITIS_LOOP_153_18 
INFO: [SCHED 204-11] Starting scheduling ...
INFO: [HLS 200-486] Changing DSP latency (root=r_V_99) to 3 in order to utilize available DSP registers.
INFO: [SCHED 204-61] Pipelining loop 'VITIS_LOOP_153_18'.
INFO: [HLS 200-1470] Pipelining result : Target II = 1, Final II = 1, Depth = 6, loop 'VITIS_LOOP_153_18'
INFO: [SCHED 204-11] Finished scheduling.
INFO: [HLS 200-111] Finished Scheduling: CPU user time: 0.05 seconds. CPU system time: 0 seconds. Elapsed time: 0.05 seconds; current allocated memory: 637.398 MB.
Execute         syn_report -verbosereport -o /home/cym/prj2/finn/notebooks/icl_thesis-master/experiments/qks_v3_s0_s10_s20_s30_exploratory_hls/q16_qksv3_s10/q16_qksv3_s10_hls/solution1/.autopilot/db/attention_v2_pruned_Pipeline_VITIS_LOOP_153_18.verbose.sched.rpt 
Execute           AP::get_flow_target_display_name
Execute         db_write -o /home/cym/prj2/finn/notebooks/icl_thesis-master/experiments/qks_v3_s0_s10_s20_s30_exploratory_hls/q16_qksv3_s10/q16_qksv3_s10_hls/solution1/.autopilot/db/attention_v2_pruned_Pipeline_VITIS_LOOP_153_18.sched.adb -f 
INFO-FLOW: Finish scheduling attention_v2_pruned_Pipeline_VITIS_LOOP_153_18.
Execute         set_default_model attention_v2_pruned_Pipeline_VITIS_LOOP_153_18 
Execute         bind -model attention_v2_pruned_Pipeline_VITIS_LOOP_153_18 
INFO: [BIND 205-100] Starting micro-architecture generation ...
INFO: [BIND 205-101] Performing variable lifetime analysis.
INFO: [BIND 205-101] Exploring resource sharing.
INFO: [BIND 205-101] Binding ...
INFO: [BIND 205-100] Finished micro-architecture generation.
INFO: [HLS 200-111] Finished Binding: CPU user time: 0.03 seconds. CPU system time: 0 seconds. Elapsed time: 0.05 seconds; current allocated memory: 637.398 MB.
Execute         syn_report -verbosereport -o /home/cym/prj2/finn/notebooks/icl_thesis-master/experiments/qks_v3_s0_s10_s20_s30_exploratory_hls/q16_qksv3_s10/q16_qksv3_s10_hls/solution1/.autopilot/db/attention_v2_pruned_Pipeline_VITIS_LOOP_153_18.verbose.bind.rpt 
Execute           AP::get_flow_target_display_name
Execute         db_write -o /home/cym/prj2/finn/notebooks/icl_thesis-master/experiments/qks_v3_s0_s10_s20_s30_exploratory_hls/q16_qksv3_s10/q16_qksv3_s10_hls/solution1/.autopilot/db/attention_v2_pruned_Pipeline_VITIS_LOOP_153_18.bind.adb -f 
INFO-FLOW: Finish binding attention_v2_pruned_Pipeline_VITIS_LOOP_153_18.
INFO: [HLS 200-10] ----------------------------------------------------------------
INFO: [HLS 200-42] -- Implementing module 'attention_v2_pruned' 
INFO: [HLS 200-10] ----------------------------------------------------------------
Execute         set_default_model attention_v2_pruned 
Execute         schedule -model attention_v2_pruned 
INFO: [SCHED 204-11] Starting scheduling ...
INFO: [SCHED 204-11] Finished scheduling.
Command         schedule done; 0.19 sec.
INFO: [HLS 200-111] Finished Scheduling: CPU user time: 0.22 seconds. CPU system time: 0 seconds. Elapsed time: 0.22 seconds; current allocated memory: 640.844 MB.
Execute         syn_report -verbosereport -o /home/cym/prj2/finn/notebooks/icl_thesis-master/experiments/qks_v3_s0_s10_s20_s30_exploratory_hls/q16_qksv3_s10/q16_qksv3_s10_hls/solution1/.autopilot/db/attention_v2_pruned.verbose.sched.rpt 
Execute           AP::get_flow_target_display_name
Command         syn_report done; 0.18 sec.
Execute         db_write -o /home/cym/prj2/finn/notebooks/icl_thesis-master/experiments/qks_v3_s0_s10_s20_s30_exploratory_hls/q16_qksv3_s10/q16_qksv3_s10_hls/solution1/.autopilot/db/attention_v2_pruned.sched.adb -f 
INFO-FLOW: Finish scheduling attention_v2_pruned.
Execute         set_default_model attention_v2_pruned 
Execute         bind -model attention_v2_pruned 
INFO: [BIND 205-100] Starting micro-architecture generation ...
INFO: [BIND 205-101] Performing variable lifetime analysis.
INFO: [BIND 205-101] Exploring resource sharing.
INFO: [BIND 205-101] Binding ...
INFO: [BIND 205-100] Finished micro-architecture generation.
Command         bind done; 0.24 sec.
INFO: [HLS 200-111] Finished Binding: CPU user time: 0.39 seconds. CPU system time: 0.01 seconds. Elapsed time: 0.44 seconds; current allocated memory: 640.844 MB.
Execute         syn_report -verbosereport -o /home/cym/prj2/finn/notebooks/icl_thesis-master/experiments/qks_v3_s0_s10_s20_s30_exploratory_hls/q16_qksv3_s10/q16_qksv3_s10_hls/solution1/.autopilot/db/attention_v2_pruned.verbose.bind.rpt 
Execute           AP::get_flow_target_display_name
Command         syn_report done; 0.43 sec.
Execute         db_write -o /home/cym/prj2/finn/notebooks/icl_thesis-master/experiments/qks_v3_s0_s10_s20_s30_exploratory_hls/q16_qksv3_s10/q16_qksv3_s10_hls/solution1/.autopilot/db/attention_v2_pruned.bind.adb -f 
INFO-FLOW: Finish binding attention_v2_pruned.
INFO: [HLS 200-10] ----------------------------------------------------------------
INFO: [HLS 200-42] -- Implementing module 'layer_norm_1' 
INFO: [HLS 200-10] ----------------------------------------------------------------
Execute         set_default_model layer_norm.1 
Execute         schedule -model layer_norm.1 
INFO: [SCHED 204-11] Starting scheduling ...
INFO: [HLS 200-486] Changing DSP latency (root=mul_ln837_11) to 3 in order to utilize available DSP registers.
INFO: [HLS 200-486] Changing DSP latency (root=sub_ln1348_15) to 3 in order to utilize available DSP registers.
INFO: [HLS 200-486] Changing DSP latency (root=mul_ln837_10) to 3 in order to utilize available DSP registers.
INFO: [HLS 200-486] Changing DSP latency (root=sub_ln1348_14) to 3 in order to utilize available DSP registers.
INFO: [HLS 200-486] Changing DSP latency (root=mul_ln837_9) to 3 in order to utilize available DSP registers.
INFO: [HLS 200-486] Changing DSP latency (root=sub_ln1348_13) to 3 in order to utilize available DSP registers.
INFO: [HLS 200-486] Changing DSP latency (root=mul_ln813_3) to 3 in order to utilize available DSP registers.
INFO: [HLS 200-486] Changing DSP latency (root=sub_ln1348_12) to 3 in order to utilize available DSP registers.
INFO: [HLS 200-486] Changing DSP latency (root=mul_ln837_8) to 3 in order to utilize available DSP registers.
INFO: [HLS 200-486] Changing DSP latency (root=sub_ln1348_11) to 3 in order to utilize available DSP registers.
INFO: [HLS 200-486] Changing DSP latency (root=mul_ln837_7) to 3 in order to utilize available DSP registers.
INFO: [HLS 200-486] Changing DSP latency (root=sub_ln1348_10) to 3 in order to utilize available DSP registers.
INFO: [HLS 200-486] Changing DSP latency (root=mul_ln837_6) to 3 in order to utilize available DSP registers.
INFO: [HLS 200-486] Changing DSP latency (root=sub_ln1348_9) to 3 in order to utilize available DSP registers.
INFO: [HLS 200-486] Changing DSP latency (root=mul_ln813_2) to 3 in order to utilize available DSP registers.
INFO: [HLS 200-486] Changing DSP latency (root=sub_ln1348_8) to 3 in order to utilize available DSP registers.
INFO: [HLS 200-486] Changing DSP latency (root=mul_ln813_1) to 3 in order to utilize available DSP registers.
INFO: [HLS 200-486] Changing DSP latency (root=sub_ln1348_7) to 3 in order to utilize available DSP registers.
INFO: [HLS 200-486] Changing DSP latency (root=mul_ln813) to 3 in order to utilize available DSP registers.
INFO: [HLS 200-486] Changing DSP latency (root=sub_ln1348_6) to 3 in order to utilize available DSP registers.
INFO: [HLS 200-486] Changing DSP latency (root=mul_ln837_5) to 3 in order to utilize available DSP registers.
INFO: [HLS 200-486] Changing DSP latency (root=sub_ln1348_5) to 3 in order to utilize available DSP registers.
INFO: [HLS 200-486] Changing DSP latency (root=mul_ln837_4) to 3 in order to utilize available DSP registers.
INFO: [HLS 200-486] Changing DSP latency (root=sub_ln1348_4) to 3 in order to utilize available DSP registers.
INFO: [HLS 200-486] Changing DSP latency (root=mul_ln837_3) to 3 in order to utilize available DSP registers.
INFO: [HLS 200-486] Changing DSP latency (root=sub_ln1348_3) to 3 in order to utilize available DSP registers.
INFO: [HLS 200-486] Changing DSP latency (root=mul_ln837_2) to 3 in order to utilize available DSP registers.
INFO: [HLS 200-486] Changing DSP latency (root=sub_ln1348_2) to 3 in order to utilize available DSP registers.
INFO: [HLS 200-486] Changing DSP latency (root=mul_ln837_1) to 3 in order to utilize available DSP registers.
INFO: [HLS 200-486] Changing DSP latency (root=sub_ln1348_1) to 3 in order to utilize available DSP registers.
INFO: [HLS 200-486] Changing DSP latency (root=mul_ln837) to 3 in order to utilize available DSP registers.
INFO: [HLS 200-486] Changing DSP latency (root=sub_ln1348) to 3 in order to utilize available DSP registers.
INFO: [HLS 200-486] Changing DSP latency (root=mul_ln1347_15) to 3 in order to utilize available DSP registers.
INFO: [HLS 200-486] Changing DSP latency (root=mul_ln1347_14) to 3 in order to utilize available DSP registers.
INFO: [HLS 200-486] Changing DSP latency (root=mul_ln1347_13) to 3 in order to utilize available DSP registers.
INFO: [HLS 200-486] Changing DSP latency (root=mul_ln1347_12) to 3 in order to utilize available DSP registers.
INFO: [HLS 200-486] Changing DSP latency (root=mul_ln1347_11) to 3 in order to utilize available DSP registers.
INFO: [HLS 200-486] Changing DSP latency (root=mul_ln1347_10) to 3 in order to utilize available DSP registers.
INFO: [HLS 200-486] Changing DSP latency (root=mul_ln1347_9) to 3 in order to utilize available DSP registers.
INFO: [HLS 200-486] Changing DSP latency (root=mul_ln1347_8) to 3 in order to utilize available DSP registers.
INFO: [HLS 200-486] Changing DSP latency (root=mul_ln1347_7) to 3 in order to utilize available DSP registers.
INFO: [HLS 200-486] Changing DSP latency (root=mul_ln1347_6) to 3 in order to utilize available DSP registers.
INFO: [HLS 200-486] Changing DSP latency (root=mul_ln1347_5) to 3 in order to utilize available DSP registers.
INFO: [HLS 200-486] Changing DSP latency (root=mul_ln1347_4) to 3 in order to utilize available DSP registers.
INFO: [HLS 200-486] Changing DSP latency (root=mul_ln1347_3) to 3 in order to utilize available DSP registers.
INFO: [HLS 200-486] Changing DSP latency (root=mul_ln1347_2) to 3 in order to utilize available DSP registers.
INFO: [HLS 200-486] Changing DSP latency (root=mul_ln1347) to 3 in order to utilize available DSP registers.
INFO: [HLS 200-486] Changing DSP latency (root=mul_ln818) to 3 in order to utilize available DSP registers.
INFO: [SCHED 204-61] Pipelining function 'layer_norm.1'.
WARNING: [HLS 200-880] The II Violation in module 'layer_norm_1' (function 'layer_norm.1'): Unable to enforce a carried dependence constraint (II = 1, distance = 1, offset = 1) between 'store' operation ('x_addr_write_ln49', /home/cym/prj2/finn/notebooks/icl_thesis-master/experiments/qks_v3_s0_s10_s20_s30_exploratory_hls/q16_qksv3_s10/src/q16_qksv3_s10.cpp:49) of variable 'trunc_ln818_16' on array 'x' and 'load' operation ('x_load') on array 'x'.
WARNING: [HLS 200-880] The II Violation in module 'layer_norm_1' (function 'layer_norm.1'): Unable to enforce a carried dependence constraint (II = 2, distance = 1, offset = 1) between 'store' operation ('x_addr_write_ln49', /home/cym/prj2/finn/notebooks/icl_thesis-master/experiments/qks_v3_s0_s10_s20_s30_exploratory_hls/q16_qksv3_s10/src/q16_qksv3_s10.cpp:49) of variable 'trunc_ln818_16' on array 'x' and 'load' operation ('x_load') on array 'x'.
WARNING: [HLS 200-880] The II Violation in module 'layer_norm_1' (function 'layer_norm.1'): Unable to enforce a carried dependence constraint (II = 3, distance = 1, offset = 1) between 'store' operation ('x_addr_write_ln49', /home/cym/prj2/finn/notebooks/icl_thesis-master/experiments/qks_v3_s0_s10_s20_s30_exploratory_hls/q16_qksv3_s10/src/q16_qksv3_s10.cpp:49) of variable 'trunc_ln818_16' on array 'x' and 'load' operation ('x_load') on array 'x'.
WARNING: [HLS 200-880] The II Violation in module 'layer_norm_1' (function 'layer_norm.1'): Unable to enforce a carried dependence constraint (II = 4, distance = 1, offset = 1) between 'store' operation ('x_addr_write_ln49', /home/cym/prj2/finn/notebooks/icl_thesis-master/experiments/qks_v3_s0_s10_s20_s30_exploratory_hls/q16_qksv3_s10/src/q16_qksv3_s10.cpp:49) of variable 'trunc_ln818_16' on array 'x' and 'load' operation ('x_load') on array 'x'.
WARNING: [HLS 200-880] The II Violation in module 'layer_norm_1' (function 'layer_norm.1'): Unable to enforce a carried dependence constraint (II = 67, distance = 1, offset = 1) between 'store' operation ('x_addr_write_ln49', /home/cym/prj2/finn/notebooks/icl_thesis-master/experiments/qks_v3_s0_s10_s20_s30_exploratory_hls/q16_qksv3_s10/src/q16_qksv3_s10.cpp:49) of variable 'trunc_ln818_16' on array 'x' and 'load' operation ('x_load') on array 'x'.
WARNING: [HLS 200-885] The II Violation in module 'layer_norm_1' (function 'layer_norm.1'): Unable to schedule 'load' operation ('x_load_13') on array 'x' due to limited memory ports (II = 82). Please consider using a memory core with more ports or partitioning the array 'x'.
WARNING: [HLS 200-885] The II Violation in module 'layer_norm_1' (function 'layer_norm.1'): Unable to schedule 'load' operation ('x_load_1') on array 'x' due to limited memory ports (II = 86). Please consider using a memory core with more ports or partitioning the array 'x'.
WARNING: [HLS 200-885] The II Violation in module 'layer_norm_1' (function 'layer_norm.1'): Unable to schedule 'load' operation ('x_load_1') on array 'x' due to limited memory ports (II = 88). Please consider using a memory core with more ports or partitioning the array 'x'.
WARNING: [HLS 200-885] The II Violation in module 'layer_norm_1' (function 'layer_norm.1'): Unable to schedule 'load' operation ('x_load_1') on array 'x' due to limited memory ports (II = 89). Please consider using a memory core with more ports or partitioning the array 'x'.
INFO: [HLS 200-1470] Pipelining result : Target II = NA, Final II = 90, Depth = 90, function 'layer_norm.1'
INFO: [SCHED 204-11] Finished scheduling.
Command         schedule done; 4.28 sec.
INFO: [HLS 200-111] Finished Scheduling: CPU user time: 4.72 seconds. CPU system time: 0.01 seconds. Elapsed time: 4.73 seconds; current allocated memory: 645.457 MB.
Execute         syn_report -verbosereport -o /home/cym/prj2/finn/notebooks/icl_thesis-master/experiments/qks_v3_s0_s10_s20_s30_exploratory_hls/q16_qksv3_s10/q16_qksv3_s10_hls/solution1/.autopilot/db/layer_norm_1.verbose.sched.rpt 
Execute           AP::get_flow_target_display_name
Command         syn_report done; 0.19 sec.
Execute         db_write -o /home/cym/prj2/finn/notebooks/icl_thesis-master/experiments/qks_v3_s0_s10_s20_s30_exploratory_hls/q16_qksv3_s10/q16_qksv3_s10_hls/solution1/.autopilot/db/layer_norm_1.sched.adb -f 
INFO-FLOW: Finish scheduling layer_norm.1.
Execute         set_default_model layer_norm.1 
Execute         bind -model layer_norm.1 
INFO: [BIND 205-100] Starting micro-architecture generation ...
INFO: [BIND 205-101] Performing variable lifetime analysis.
INFO: [BIND 205-101] Exploring resource sharing.
INFO: [BIND 205-101] Binding ...
INFO: [BIND 205-100] Finished micro-architecture generation.
Command         bind done; 0.14 sec.
INFO: [HLS 200-111] Finished Binding: CPU user time: 0.34 seconds. CPU system time: 0 seconds. Elapsed time: 0.35 seconds; current allocated memory: 645.457 MB.
Execute         syn_report -verbosereport -o /home/cym/prj2/finn/notebooks/icl_thesis-master/experiments/qks_v3_s0_s10_s20_s30_exploratory_hls/q16_qksv3_s10/q16_qksv3_s10_hls/solution1/.autopilot/db/layer_norm_1.verbose.bind.rpt 
Execute           AP::get_flow_target_display_name
Command         syn_report done; 0.21 sec.
Execute         db_write -o /home/cym/prj2/finn/notebooks/icl_thesis-master/experiments/qks_v3_s0_s10_s20_s30_exploratory_hls/q16_qksv3_s10/q16_qksv3_s10_hls/solution1/.autopilot/db/layer_norm_1.bind.adb -f 
INFO-FLOW: Finish binding layer_norm.1.
INFO: [HLS 200-10] ----------------------------------------------------------------
INFO: [HLS 200-42] -- Implementing module 'q16_qksv3_s10_Pipeline_VITIS_LOOP_243_4' 
INFO: [HLS 200-10] ----------------------------------------------------------------
Execute         set_default_model q16_qksv3_s10_Pipeline_VITIS_LOOP_243_4 
Execute         schedule -model q16_qksv3_s10_Pipeline_VITIS_LOOP_243_4 
INFO: [SCHED 204-11] Starting scheduling ...
INFO: [SCHED 204-61] Pipelining loop 'VITIS_LOOP_243_4'.
INFO: [HLS 200-1470] Pipelining result : Target II = NA, Final II = 90, Depth = 91, loop 'VITIS_LOOP_243_4'
INFO: [SCHED 204-11] Finished scheduling.
INFO: [HLS 200-111] Finished Scheduling: CPU user time: 0.32 seconds. CPU system time: 0 seconds. Elapsed time: 0.32 seconds; current allocated memory: 646.102 MB.
Execute         syn_report -verbosereport -o /home/cym/prj2/finn/notebooks/icl_thesis-master/experiments/qks_v3_s0_s10_s20_s30_exploratory_hls/q16_qksv3_s10/q16_qksv3_s10_hls/solution1/.autopilot/db/q16_qksv3_s10_Pipeline_VITIS_LOOP_243_4.verbose.sched.rpt 
Execute           AP::get_flow_target_display_name
Command         syn_report done; 0.14 sec.
Execute         db_write -o /home/cym/prj2/finn/notebooks/icl_thesis-master/experiments/qks_v3_s0_s10_s20_s30_exploratory_hls/q16_qksv3_s10/q16_qksv3_s10_hls/solution1/.autopilot/db/q16_qksv3_s10_Pipeline_VITIS_LOOP_243_4.sched.adb -f 
INFO-FLOW: Finish scheduling q16_qksv3_s10_Pipeline_VITIS_LOOP_243_4.
Execute         set_default_model q16_qksv3_s10_Pipeline_VITIS_LOOP_243_4 
Execute         bind -model q16_qksv3_s10_Pipeline_VITIS_LOOP_243_4 
INFO: [BIND 205-100] Starting micro-architecture generation ...
INFO: [BIND 205-101] Performing variable lifetime analysis.
INFO: [BIND 205-101] Exploring resource sharing.
INFO: [BIND 205-101] Binding ...
INFO: [BIND 205-100] Finished micro-architecture generation.
Command         bind done; 0.12 sec.
INFO: [HLS 200-111] Finished Binding: CPU user time: 0.27 seconds. CPU system time: 0 seconds. Elapsed time: 0.26 seconds; current allocated memory: 646.645 MB.
Execute         syn_report -verbosereport -o /home/cym/prj2/finn/notebooks/icl_thesis-master/experiments/qks_v3_s0_s10_s20_s30_exploratory_hls/q16_qksv3_s10/q16_qksv3_s10_hls/solution1/.autopilot/db/q16_qksv3_s10_Pipeline_VITIS_LOOP_243_4.verbose.bind.rpt 
Execute           AP::get_flow_target_display_name
Command         syn_report done; 0.16 sec.
Execute         db_write -o /home/cym/prj2/finn/notebooks/icl_thesis-master/experiments/qks_v3_s0_s10_s20_s30_exploratory_hls/q16_qksv3_s10/q16_qksv3_s10_hls/solution1/.autopilot/db/q16_qksv3_s10_Pipeline_VITIS_LOOP_243_4.bind.adb -f 
INFO-FLOW: Finish binding q16_qksv3_s10_Pipeline_VITIS_LOOP_243_4.
INFO: [HLS 200-10] ----------------------------------------------------------------
INFO: [HLS 200-42] -- Implementing module 'q16_qksv3_s10_Pipeline_VITIS_LOOP_178_3' 
INFO: [HLS 200-10] ----------------------------------------------------------------
Execute         set_default_model q16_qksv3_s10_Pipeline_VITIS_LOOP_178_3 
Execute         schedule -model q16_qksv3_s10_Pipeline_VITIS_LOOP_178_3 
INFO: [SCHED 204-11] Starting scheduling ...
INFO: [HLS 200-486] Changing DSP latency (root=r_V_6) to 3 in order to utilize available DSP registers.
INFO: [SCHED 204-61] Pipelining loop 'VITIS_LOOP_178_3'.
INFO: [HLS 200-1470] Pipelining result : Target II = 1, Final II = 1, Depth = 5, loop 'VITIS_LOOP_178_3'
INFO: [SCHED 204-11] Finished scheduling.
INFO: [HLS 200-111] Finished Scheduling: CPU user time: 0.19 seconds. CPU system time: 0 seconds. Elapsed time: 0.2 seconds; current allocated memory: 647.699 MB.
Execute         syn_report -verbosereport -o /home/cym/prj2/finn/notebooks/icl_thesis-master/experiments/qks_v3_s0_s10_s20_s30_exploratory_hls/q16_qksv3_s10/q16_qksv3_s10_hls/solution1/.autopilot/db/q16_qksv3_s10_Pipeline_VITIS_LOOP_178_3.verbose.sched.rpt 
Execute           AP::get_flow_target_display_name
Execute         db_write -o /home/cym/prj2/finn/notebooks/icl_thesis-master/experiments/qks_v3_s0_s10_s20_s30_exploratory_hls/q16_qksv3_s10/q16_qksv3_s10_hls/solution1/.autopilot/db/q16_qksv3_s10_Pipeline_VITIS_LOOP_178_3.sched.adb -f 
INFO-FLOW: Finish scheduling q16_qksv3_s10_Pipeline_VITIS_LOOP_178_3.
Execute         set_default_model q16_qksv3_s10_Pipeline_VITIS_LOOP_178_3 
Execute         bind -model q16_qksv3_s10_Pipeline_VITIS_LOOP_178_3 
INFO: [BIND 205-100] Starting micro-architecture generation ...
INFO: [BIND 205-101] Performing variable lifetime analysis.
INFO: [BIND 205-101] Exploring resource sharing.
INFO: [BIND 205-101] Binding ...
INFO: [BIND 205-100] Finished micro-architecture generation.
INFO: [HLS 200-111] Finished Binding: CPU user time: 0.03 seconds. CPU system time: 0 seconds. Elapsed time: 0.03 seconds; current allocated memory: 647.699 MB.
Execute         syn_report -verbosereport -o /home/cym/prj2/finn/notebooks/icl_thesis-master/experiments/qks_v3_s0_s10_s20_s30_exploratory_hls/q16_qksv3_s10/q16_qksv3_s10_hls/solution1/.autopilot/db/q16_qksv3_s10_Pipeline_VITIS_LOOP_178_3.verbose.bind.rpt 
Execute           AP::get_flow_target_display_name
Execute         db_write -o /home/cym/prj2/finn/notebooks/icl_thesis-master/experiments/qks_v3_s0_s10_s20_s30_exploratory_hls/q16_qksv3_s10/q16_qksv3_s10_hls/solution1/.autopilot/db/q16_qksv3_s10_Pipeline_VITIS_LOOP_178_3.bind.adb -f 
INFO-FLOW: Finish binding q16_qksv3_s10_Pipeline_VITIS_LOOP_178_3.
INFO: [HLS 200-10] ----------------------------------------------------------------
INFO: [HLS 200-42] -- Implementing module 'q16_qksv3_s10_Pipeline_VITIS_LOOP_189_5' 
INFO: [HLS 200-10] ----------------------------------------------------------------
Execute         set_default_model q16_qksv3_s10_Pipeline_VITIS_LOOP_189_5 
Execute         schedule -model q16_qksv3_s10_Pipeline_VITIS_LOOP_189_5 
INFO: [SCHED 204-11] Starting scheduling ...
INFO: [HLS 200-486] Changing DSP latency (root=r_V_4) to 3 in order to utilize available DSP registers.
INFO: [SCHED 204-61] Pipelining loop 'VITIS_LOOP_189_5'.
INFO: [HLS 200-1470] Pipelining result : Target II = 1, Final II = 1, Depth = 5, loop 'VITIS_LOOP_189_5'
INFO: [SCHED 204-11] Finished scheduling.
INFO: [HLS 200-111] Finished Scheduling: CPU user time: 0.05 seconds. CPU system time: 0 seconds. Elapsed time: 0.05 seconds; current allocated memory: 648.090 MB.
Execute         syn_report -verbosereport -o /home/cym/prj2/finn/notebooks/icl_thesis-master/experiments/qks_v3_s0_s10_s20_s30_exploratory_hls/q16_qksv3_s10/q16_qksv3_s10_hls/solution1/.autopilot/db/q16_qksv3_s10_Pipeline_VITIS_LOOP_189_5.verbose.sched.rpt 
Execute           AP::get_flow_target_display_name
Execute         db_write -o /home/cym/prj2/finn/notebooks/icl_thesis-master/experiments/qks_v3_s0_s10_s20_s30_exploratory_hls/q16_qksv3_s10/q16_qksv3_s10_hls/solution1/.autopilot/db/q16_qksv3_s10_Pipeline_VITIS_LOOP_189_5.sched.adb -f 
INFO-FLOW: Finish scheduling q16_qksv3_s10_Pipeline_VITIS_LOOP_189_5.
Execute         set_default_model q16_qksv3_s10_Pipeline_VITIS_LOOP_189_5 
Execute         bind -model q16_qksv3_s10_Pipeline_VITIS_LOOP_189_5 
INFO: [BIND 205-100] Starting micro-architecture generation ...
INFO: [BIND 205-101] Performing variable lifetime analysis.
INFO: [BIND 205-101] Exploring resource sharing.
INFO: [BIND 205-101] Binding ...
INFO: [BIND 205-100] Finished micro-architecture generation.
INFO: [HLS 200-111] Finished Binding: CPU user time: 0.02 seconds. CPU system time: 0 seconds. Elapsed time: 0.03 seconds; current allocated memory: 648.090 MB.
Execute         syn_report -verbosereport -o /home/cym/prj2/finn/notebooks/icl_thesis-master/experiments/qks_v3_s0_s10_s20_s30_exploratory_hls/q16_qksv3_s10/q16_qksv3_s10_hls/solution1/.autopilot/db/q16_qksv3_s10_Pipeline_VITIS_LOOP_189_5.verbose.bind.rpt 
Execute           AP::get_flow_target_display_name
Execute         db_write -o /home/cym/prj2/finn/notebooks/icl_thesis-master/experiments/qks_v3_s0_s10_s20_s30_exploratory_hls/q16_qksv3_s10/q16_qksv3_s10_hls/solution1/.autopilot/db/q16_qksv3_s10_Pipeline_VITIS_LOOP_189_5.bind.adb -f 
INFO-FLOW: Finish binding q16_qksv3_s10_Pipeline_VITIS_LOOP_189_5.
INFO: [HLS 200-10] ----------------------------------------------------------------
INFO: [HLS 200-42] -- Implementing module 'q16_qksv3_s10_Pipeline_VITIS_LOOP_196_6' 
INFO: [HLS 200-10] ----------------------------------------------------------------
Execute         set_default_model q16_qksv3_s10_Pipeline_VITIS_LOOP_196_6 
Execute         schedule -model q16_qksv3_s10_Pipeline_VITIS_LOOP_196_6 
INFO: [SCHED 204-11] Starting scheduling ...
INFO: [SCHED 204-61] Pipelining loop 'VITIS_LOOP_196_6'.
INFO: [HLS 200-1470] Pipelining result : Target II = NA, Final II = 1, Depth = 3, loop 'VITIS_LOOP_196_6'
INFO: [SCHED 204-11] Finished scheduling.
INFO: [HLS 200-111] Finished Scheduling: CPU user time: 0.04 seconds. CPU system time: 0 seconds. Elapsed time: 0.05 seconds; current allocated memory: 648.496 MB.
Execute         syn_report -verbosereport -o /home/cym/prj2/finn/notebooks/icl_thesis-master/experiments/qks_v3_s0_s10_s20_s30_exploratory_hls/q16_qksv3_s10/q16_qksv3_s10_hls/solution1/.autopilot/db/q16_qksv3_s10_Pipeline_VITIS_LOOP_196_6.verbose.sched.rpt 
Execute           AP::get_flow_target_display_name
Execute         db_write -o /home/cym/prj2/finn/notebooks/icl_thesis-master/experiments/qks_v3_s0_s10_s20_s30_exploratory_hls/q16_qksv3_s10/q16_qksv3_s10_hls/solution1/.autopilot/db/q16_qksv3_s10_Pipeline_VITIS_LOOP_196_6.sched.adb -f 
INFO-FLOW: Finish scheduling q16_qksv3_s10_Pipeline_VITIS_LOOP_196_6.
Execute         set_default_model q16_qksv3_s10_Pipeline_VITIS_LOOP_196_6 
Execute         bind -model q16_qksv3_s10_Pipeline_VITIS_LOOP_196_6 
INFO: [BIND 205-100] Starting micro-architecture generation ...
INFO: [BIND 205-101] Performing variable lifetime analysis.
INFO: [BIND 205-101] Exploring resource sharing.
INFO: [BIND 205-101] Binding ...
INFO: [BIND 205-100] Finished micro-architecture generation.
INFO: [HLS 200-111] Finished Binding: CPU user time: 0.02 seconds. CPU system time: 0 seconds. Elapsed time: 0.02 seconds; current allocated memory: 648.496 MB.
Execute         syn_report -verbosereport -o /home/cym/prj2/finn/notebooks/icl_thesis-master/experiments/qks_v3_s0_s10_s20_s30_exploratory_hls/q16_qksv3_s10/q16_qksv3_s10_hls/solution1/.autopilot/db/q16_qksv3_s10_Pipeline_VITIS_LOOP_196_6.verbose.bind.rpt 
Execute           AP::get_flow_target_display_name
Execute         db_write -o /home/cym/prj2/finn/notebooks/icl_thesis-master/experiments/qks_v3_s0_s10_s20_s30_exploratory_hls/q16_qksv3_s10/q16_qksv3_s10_hls/solution1/.autopilot/db/q16_qksv3_s10_Pipeline_VITIS_LOOP_196_6.bind.adb -f 
INFO-FLOW: Finish binding q16_qksv3_s10_Pipeline_VITIS_LOOP_196_6.
INFO: [HLS 200-10] ----------------------------------------------------------------
INFO: [HLS 200-42] -- Implementing module 'q16_qksv3_s10_Pipeline_VITIS_LOOP_256_5' 
INFO: [HLS 200-10] ----------------------------------------------------------------
Execute         set_default_model q16_qksv3_s10_Pipeline_VITIS_LOOP_256_5 
Execute         schedule -model q16_qksv3_s10_Pipeline_VITIS_LOOP_256_5 
INFO: [SCHED 204-11] Starting scheduling ...
INFO: [SCHED 204-61] Pipelining loop 'VITIS_LOOP_256_5'.
INFO: [HLS 200-1470] Pipelining result : Target II = NA, Final II = 90, Depth = 91, loop 'VITIS_LOOP_256_5'
INFO: [SCHED 204-11] Finished scheduling.
INFO: [HLS 200-111] Finished Scheduling: CPU user time: 0.1 seconds. CPU system time: 0 seconds. Elapsed time: 0.1 seconds; current allocated memory: 648.742 MB.
Execute         syn_report -verbosereport -o /home/cym/prj2/finn/notebooks/icl_thesis-master/experiments/qks_v3_s0_s10_s20_s30_exploratory_hls/q16_qksv3_s10/q16_qksv3_s10_hls/solution1/.autopilot/db/q16_qksv3_s10_Pipeline_VITIS_LOOP_256_5.verbose.sched.rpt 
Execute           AP::get_flow_target_display_name
Command         syn_report done; 0.13 sec.
Execute         db_write -o /home/cym/prj2/finn/notebooks/icl_thesis-master/experiments/qks_v3_s0_s10_s20_s30_exploratory_hls/q16_qksv3_s10/q16_qksv3_s10_hls/solution1/.autopilot/db/q16_qksv3_s10_Pipeline_VITIS_LOOP_256_5.sched.adb -f 
INFO-FLOW: Finish scheduling q16_qksv3_s10_Pipeline_VITIS_LOOP_256_5.
Execute         set_default_model q16_qksv3_s10_Pipeline_VITIS_LOOP_256_5 
Execute         bind -model q16_qksv3_s10_Pipeline_VITIS_LOOP_256_5 
INFO: [BIND 205-100] Starting micro-architecture generation ...
INFO: [BIND 205-101] Performing variable lifetime analysis.
INFO: [BIND 205-101] Exploring resource sharing.
INFO: [BIND 205-101] Binding ...
INFO: [BIND 205-100] Finished micro-architecture generation.
Command         bind done; 0.13 sec.
INFO: [HLS 200-111] Finished Binding: CPU user time: 0.25 seconds. CPU system time: 0.01 seconds. Elapsed time: 0.26 seconds; current allocated memory: 649.285 MB.
Execute         syn_report -verbosereport -o /home/cym/prj2/finn/notebooks/icl_thesis-master/experiments/qks_v3_s0_s10_s20_s30_exploratory_hls/q16_qksv3_s10/q16_qksv3_s10_hls/solution1/.autopilot/db/q16_qksv3_s10_Pipeline_VITIS_LOOP_256_5.verbose.bind.rpt 
Execute           AP::get_flow_target_display_name
Command         syn_report done; 0.16 sec.
Execute         db_write -o /home/cym/prj2/finn/notebooks/icl_thesis-master/experiments/qks_v3_s0_s10_s20_s30_exploratory_hls/q16_qksv3_s10/q16_qksv3_s10_hls/solution1/.autopilot/db/q16_qksv3_s10_Pipeline_VITIS_LOOP_256_5.bind.adb -f 
INFO-FLOW: Finish binding q16_qksv3_s10_Pipeline_VITIS_LOOP_256_5.
INFO: [HLS 200-10] ----------------------------------------------------------------
INFO: [HLS 200-42] -- Implementing module 'q16_qksv3_s10_Pipeline_VITIS_LOOP_261_6_VITIS_LOOP_263_7' 
INFO: [HLS 200-10] ----------------------------------------------------------------
Execute         set_default_model q16_qksv3_s10_Pipeline_VITIS_LOOP_261_6_VITIS_LOOP_263_7 
Execute         schedule -model q16_qksv3_s10_Pipeline_VITIS_LOOP_261_6_VITIS_LOOP_263_7 
INFO: [SCHED 204-11] Starting scheduling ...
INFO: [SCHED 204-61] Pipelining loop 'VITIS_LOOP_261_6_VITIS_LOOP_263_7'.
INFO: [HLS 200-1470] Pipelining result : Target II = 1, Final II = 1, Depth = 7, loop 'VITIS_LOOP_261_6_VITIS_LOOP_263_7'
INFO: [SCHED 204-11] Finished scheduling.
INFO: [HLS 200-111] Finished Scheduling: CPU user time: 0.19 seconds. CPU system time: 0 seconds. Elapsed time: 0.2 seconds; current allocated memory: 650.535 MB.
Execute         syn_report -verbosereport -o /home/cym/prj2/finn/notebooks/icl_thesis-master/experiments/qks_v3_s0_s10_s20_s30_exploratory_hls/q16_qksv3_s10/q16_qksv3_s10_hls/solution1/.autopilot/db/q16_qksv3_s10_Pipeline_VITIS_LOOP_261_6_VITIS_LOOP_263_7.verbose.sched.rpt 
Execute           AP::get_flow_target_display_name
Execute         db_write -o /home/cym/prj2/finn/notebooks/icl_thesis-master/experiments/qks_v3_s0_s10_s20_s30_exploratory_hls/q16_qksv3_s10/q16_qksv3_s10_hls/solution1/.autopilot/db/q16_qksv3_s10_Pipeline_VITIS_LOOP_261_6_VITIS_LOOP_263_7.sched.adb -f 
INFO-FLOW: Finish scheduling q16_qksv3_s10_Pipeline_VITIS_LOOP_261_6_VITIS_LOOP_263_7.
Execute         set_default_model q16_qksv3_s10_Pipeline_VITIS_LOOP_261_6_VITIS_LOOP_263_7 
Execute         bind -model q16_qksv3_s10_Pipeline_VITIS_LOOP_261_6_VITIS_LOOP_263_7 
INFO: [BIND 205-100] Starting micro-architecture generation ...
INFO: [BIND 205-101] Performing variable lifetime analysis.
INFO: [BIND 205-101] Exploring resource sharing.
INFO: [BIND 205-101] Binding ...
INFO: [BIND 205-100] Finished micro-architecture generation.
INFO: [HLS 200-111] Finished Binding: CPU user time: 0.03 seconds. CPU system time: 0 seconds. Elapsed time: 0.04 seconds; current allocated memory: 650.535 MB.
Execute         syn_report -verbosereport -o /home/cym/prj2/finn/notebooks/icl_thesis-master/experiments/qks_v3_s0_s10_s20_s30_exploratory_hls/q16_qksv3_s10/q16_qksv3_s10_hls/solution1/.autopilot/db/q16_qksv3_s10_Pipeline_VITIS_LOOP_261_6_VITIS_LOOP_263_7.verbose.bind.rpt 
Execute           AP::get_flow_target_display_name
Execute         db_write -o /home/cym/prj2/finn/notebooks/icl_thesis-master/experiments/qks_v3_s0_s10_s20_s30_exploratory_hls/q16_qksv3_s10/q16_qksv3_s10_hls/solution1/.autopilot/db/q16_qksv3_s10_Pipeline_VITIS_LOOP_261_6_VITIS_LOOP_263_7.bind.adb -f 
INFO-FLOW: Finish binding q16_qksv3_s10_Pipeline_VITIS_LOOP_261_6_VITIS_LOOP_263_7.
INFO: [HLS 200-10] ----------------------------------------------------------------
INFO: [HLS 200-42] -- Implementing module 'layer_norm_Pipeline_VITIS_LOOP_36_1' 
INFO: [HLS 200-10] ----------------------------------------------------------------
Execute         set_default_model layer_norm_Pipeline_VITIS_LOOP_36_1 
Execute         schedule -model layer_norm_Pipeline_VITIS_LOOP_36_1 
INFO: [SCHED 204-11] Starting scheduling ...
INFO: [SCHED 204-61] Pipelining loop 'VITIS_LOOP_36_1'.
INFO: [HLS 200-1470] Pipelining result : Target II = NA, Final II = 1, Depth = 2, loop 'VITIS_LOOP_36_1'
INFO: [SCHED 204-11] Finished scheduling.
INFO: [HLS 200-111] Finished Scheduling: CPU user time: 0.06 seconds. CPU system time: 0 seconds. Elapsed time: 0.09 seconds; current allocated memory: 650.809 MB.
Execute         syn_report -verbosereport -o /home/cym/prj2/finn/notebooks/icl_thesis-master/experiments/qks_v3_s0_s10_s20_s30_exploratory_hls/q16_qksv3_s10/q16_qksv3_s10_hls/solution1/.autopilot/db/layer_norm_Pipeline_VITIS_LOOP_36_1.verbose.sched.rpt 
Execute           AP::get_flow_target_display_name
Execute         db_write -o /home/cym/prj2/finn/notebooks/icl_thesis-master/experiments/qks_v3_s0_s10_s20_s30_exploratory_hls/q16_qksv3_s10/q16_qksv3_s10_hls/solution1/.autopilot/db/layer_norm_Pipeline_VITIS_LOOP_36_1.sched.adb -f 
INFO-FLOW: Finish scheduling layer_norm_Pipeline_VITIS_LOOP_36_1.
Execute         set_default_model layer_norm_Pipeline_VITIS_LOOP_36_1 
Execute         bind -model layer_norm_Pipeline_VITIS_LOOP_36_1 
INFO: [BIND 205-100] Starting micro-architecture generation ...
INFO: [BIND 205-101] Performing variable lifetime analysis.
INFO: [BIND 205-101] Exploring resource sharing.
INFO: [BIND 205-101] Binding ...
INFO: [BIND 205-100] Finished micro-architecture generation.
INFO: [HLS 200-111] Finished Binding: CPU user time: 0.02 seconds. CPU system time: 0 seconds. Elapsed time: 0.02 seconds; current allocated memory: 650.809 MB.
Execute         syn_report -verbosereport -o /home/cym/prj2/finn/notebooks/icl_thesis-master/experiments/qks_v3_s0_s10_s20_s30_exploratory_hls/q16_qksv3_s10/q16_qksv3_s10_hls/solution1/.autopilot/db/layer_norm_Pipeline_VITIS_LOOP_36_1.verbose.bind.rpt 
Execute           AP::get_flow_target_display_name
Execute         db_write -o /home/cym/prj2/finn/notebooks/icl_thesis-master/experiments/qks_v3_s0_s10_s20_s30_exploratory_hls/q16_qksv3_s10/q16_qksv3_s10_hls/solution1/.autopilot/db/layer_norm_Pipeline_VITIS_LOOP_36_1.bind.adb -f 
INFO-FLOW: Finish binding layer_norm_Pipeline_VITIS_LOOP_36_1.
INFO: [HLS 200-10] ----------------------------------------------------------------
INFO: [HLS 200-42] -- Implementing module 'layer_norm_Pipeline_VITIS_LOOP_40_2' 
INFO: [HLS 200-10] ----------------------------------------------------------------
Execute         set_default_model layer_norm_Pipeline_VITIS_LOOP_40_2 
Execute         schedule -model layer_norm_Pipeline_VITIS_LOOP_40_2 
INFO: [SCHED 204-11] Starting scheduling ...
INFO: [HLS 200-486] Changing DSP latency (root=mul_ln1347) to 3 in order to utilize available DSP registers.
INFO: [SCHED 204-61] Pipelining loop 'VITIS_LOOP_40_2'.
INFO: [HLS 200-1470] Pipelining result : Target II = NA, Final II = 1, Depth = 5, loop 'VITIS_LOOP_40_2'
INFO: [SCHED 204-11] Finished scheduling.
INFO: [HLS 200-111] Finished Scheduling: CPU user time: 0.04 seconds. CPU system time: 0.01 seconds. Elapsed time: 0.04 seconds; current allocated memory: 651.223 MB.
Execute         syn_report -verbosereport -o /home/cym/prj2/finn/notebooks/icl_thesis-master/experiments/qks_v3_s0_s10_s20_s30_exploratory_hls/q16_qksv3_s10/q16_qksv3_s10_hls/solution1/.autopilot/db/layer_norm_Pipeline_VITIS_LOOP_40_2.verbose.sched.rpt 
Execute           AP::get_flow_target_display_name
Execute         db_write -o /home/cym/prj2/finn/notebooks/icl_thesis-master/experiments/qks_v3_s0_s10_s20_s30_exploratory_hls/q16_qksv3_s10/q16_qksv3_s10_hls/solution1/.autopilot/db/layer_norm_Pipeline_VITIS_LOOP_40_2.sched.adb -f 
INFO-FLOW: Finish scheduling layer_norm_Pipeline_VITIS_LOOP_40_2.
Execute         set_default_model layer_norm_Pipeline_VITIS_LOOP_40_2 
Execute         bind -model layer_norm_Pipeline_VITIS_LOOP_40_2 
INFO: [BIND 205-100] Starting micro-architecture generation ...
INFO: [BIND 205-101] Performing variable lifetime analysis.
INFO: [BIND 205-101] Exploring resource sharing.
INFO: [BIND 205-101] Binding ...
INFO: [BIND 205-100] Finished micro-architecture generation.
INFO: [HLS 200-111] Finished Binding: CPU user time: 0.02 seconds. CPU system time: 0 seconds. Elapsed time: 0.03 seconds; current allocated memory: 651.223 MB.
Execute         syn_report -verbosereport -o /home/cym/prj2/finn/notebooks/icl_thesis-master/experiments/qks_v3_s0_s10_s20_s30_exploratory_hls/q16_qksv3_s10/q16_qksv3_s10_hls/solution1/.autopilot/db/layer_norm_Pipeline_VITIS_LOOP_40_2.verbose.bind.rpt 
Execute           AP::get_flow_target_display_name
Execute         db_write -o /home/cym/prj2/finn/notebooks/icl_thesis-master/experiments/qks_v3_s0_s10_s20_s30_exploratory_hls/q16_qksv3_s10/q16_qksv3_s10_hls/solution1/.autopilot/db/layer_norm_Pipeline_VITIS_LOOP_40_2.bind.adb -f 
INFO-FLOW: Finish binding layer_norm_Pipeline_VITIS_LOOP_40_2.
INFO: [HLS 200-10] ----------------------------------------------------------------
INFO: [HLS 200-42] -- Implementing module 'layer_norm_Pipeline_VITIS_LOOP_47_3' 
INFO: [HLS 200-10] ----------------------------------------------------------------
Execute         set_default_model layer_norm_Pipeline_VITIS_LOOP_47_3 
Execute         schedule -model layer_norm_Pipeline_VITIS_LOOP_47_3 
INFO: [SCHED 204-11] Starting scheduling ...
INFO: [HLS 200-486] Changing DSP latency (root=mul_ln837) to 3 in order to utilize available DSP registers.
INFO: [HLS 200-486] Changing DSP latency (root=ret_V_33) to 3 in order to utilize available DSP registers.
INFO: [SCHED 204-61] Pipelining loop 'VITIS_LOOP_47_3'.
INFO: [HLS 200-1470] Pipelining result : Target II = NA, Final II = 1, Depth = 8, loop 'VITIS_LOOP_47_3'
INFO: [SCHED 204-11] Finished scheduling.
INFO: [HLS 200-111] Finished Scheduling: CPU user time: 0.05 seconds. CPU system time: 0 seconds. Elapsed time: 0.05 seconds; current allocated memory: 651.594 MB.
Execute         syn_report -verbosereport -o /home/cym/prj2/finn/notebooks/icl_thesis-master/experiments/qks_v3_s0_s10_s20_s30_exploratory_hls/q16_qksv3_s10/q16_qksv3_s10_hls/solution1/.autopilot/db/layer_norm_Pipeline_VITIS_LOOP_47_3.verbose.sched.rpt 
Execute           AP::get_flow_target_display_name
Execute         db_write -o /home/cym/prj2/finn/notebooks/icl_thesis-master/experiments/qks_v3_s0_s10_s20_s30_exploratory_hls/q16_qksv3_s10/q16_qksv3_s10_hls/solution1/.autopilot/db/layer_norm_Pipeline_VITIS_LOOP_47_3.sched.adb -f 
INFO-FLOW: Finish scheduling layer_norm_Pipeline_VITIS_LOOP_47_3.
Execute         set_default_model layer_norm_Pipeline_VITIS_LOOP_47_3 
Execute         bind -model layer_norm_Pipeline_VITIS_LOOP_47_3 
INFO: [BIND 205-100] Starting micro-architecture generation ...
INFO: [BIND 205-101] Performing variable lifetime analysis.
INFO: [BIND 205-101] Exploring resource sharing.
INFO: [BIND 205-101] Binding ...
INFO: [BIND 205-100] Finished micro-architecture generation.
INFO: [HLS 200-111] Finished Binding: CPU user time: 0.03 seconds. CPU system time: 0 seconds. Elapsed time: 0.03 seconds; current allocated memory: 651.594 MB.
Execute         syn_report -verbosereport -o /home/cym/prj2/finn/notebooks/icl_thesis-master/experiments/qks_v3_s0_s10_s20_s30_exploratory_hls/q16_qksv3_s10/q16_qksv3_s10_hls/solution1/.autopilot/db/layer_norm_Pipeline_VITIS_LOOP_47_3.verbose.bind.rpt 
Execute           AP::get_flow_target_display_name
Execute         db_write -o /home/cym/prj2/finn/notebooks/icl_thesis-master/experiments/qks_v3_s0_s10_s20_s30_exploratory_hls/q16_qksv3_s10/q16_qksv3_s10_hls/solution1/.autopilot/db/layer_norm_Pipeline_VITIS_LOOP_47_3.bind.adb -f 
INFO-FLOW: Finish binding layer_norm_Pipeline_VITIS_LOOP_47_3.
INFO: [HLS 200-10] ----------------------------------------------------------------
INFO: [HLS 200-42] -- Implementing module 'layer_norm' 
INFO: [HLS 200-10] ----------------------------------------------------------------
Execute         set_default_model layer_norm 
Execute         schedule -model layer_norm 
INFO: [SCHED 204-11] Starting scheduling ...
INFO: [SCHED 204-11] Finished scheduling.
INFO: [HLS 200-111] Finished Scheduling: CPU user time: 0.11 seconds. CPU system time: 0 seconds. Elapsed time: 0.11 seconds; current allocated memory: 651.922 MB.
Execute         syn_report -verbosereport -o /home/cym/prj2/finn/notebooks/icl_thesis-master/experiments/qks_v3_s0_s10_s20_s30_exploratory_hls/q16_qksv3_s10/q16_qksv3_s10_hls/solution1/.autopilot/db/layer_norm.verbose.sched.rpt 
Execute           AP::get_flow_target_display_name
Execute         db_write -o /home/cym/prj2/finn/notebooks/icl_thesis-master/experiments/qks_v3_s0_s10_s20_s30_exploratory_hls/q16_qksv3_s10/q16_qksv3_s10_hls/solution1/.autopilot/db/layer_norm.sched.adb -f 
INFO-FLOW: Finish scheduling layer_norm.
Execute         set_default_model layer_norm 
Execute         bind -model layer_norm 
INFO: [BIND 205-100] Starting micro-architecture generation ...
INFO: [BIND 205-101] Performing variable lifetime analysis.
INFO: [BIND 205-101] Exploring resource sharing.
INFO: [BIND 205-101] Binding ...
INFO: [BIND 205-100] Finished micro-architecture generation.
INFO: [HLS 200-111] Finished Binding: CPU user time: 0.19 seconds. CPU system time: 0 seconds. Elapsed time: 0.19 seconds; current allocated memory: 652.016 MB.
Execute         syn_report -verbosereport -o /home/cym/prj2/finn/notebooks/icl_thesis-master/experiments/qks_v3_s0_s10_s20_s30_exploratory_hls/q16_qksv3_s10/q16_qksv3_s10_hls/solution1/.autopilot/db/layer_norm.verbose.bind.rpt 
Execute           AP::get_flow_target_display_name
Command         syn_report done; 0.15 sec.
Execute         db_write -o /home/cym/prj2/finn/notebooks/icl_thesis-master/experiments/qks_v3_s0_s10_s20_s30_exploratory_hls/q16_qksv3_s10/q16_qksv3_s10_hls/solution1/.autopilot/db/layer_norm.bind.adb -f 
INFO-FLOW: Finish binding layer_norm.
INFO: [HLS 200-10] ----------------------------------------------------------------
INFO: [HLS 200-42] -- Implementing module 'q16_qksv3_s10' 
INFO: [HLS 200-10] ----------------------------------------------------------------
Execute         set_default_model q16_qksv3_s10 
Execute         schedule -model q16_qksv3_s10 
INFO: [SCHED 204-11] Starting scheduling ...
INFO: [HLS 200-486] Changing DSP latency (root=r_V_89) to 3 in order to utilize available DSP registers.
INFO: [HLS 200-486] Changing DSP latency (root=r_V_88) to 3 in order to utilize available DSP registers.
INFO: [HLS 200-486] Changing DSP latency (root=r_V_85) to 3 in order to utilize available DSP registers.
INFO: [HLS 200-486] Changing DSP latency (root=r_V_84) to 3 in order to utilize available DSP registers.
INFO: [HLS 200-486] Changing DSP latency (root=r_V_81) to 3 in order to utilize available DSP registers.
INFO: [HLS 200-486] Changing DSP latency (root=r_V_79) to 3 in order to utilize available DSP registers.
INFO: [HLS 200-486] Changing DSP latency (root=r_V_78) to 3 in order to utilize available DSP registers.
INFO: [HLS 200-486] Changing DSP latency (root=r_V_76) to 3 in order to utilize available DSP registers.
INFO: [HLS 200-486] Changing DSP latency (root=mul_ln1270) to 3 in order to utilize available DSP registers.
INFO: [HLS 200-486] Changing DSP latency (root=r_V_75) to 3 in order to utilize available DSP registers.
INFO: [HLS 200-486] Changing DSP latency (root=r_V_73) to 3 in order to utilize available DSP registers.
INFO: [HLS 200-486] Changing DSP latency (root=r_V_71) to 3 in order to utilize available DSP registers.
INFO: [HLS 200-486] Changing DSP latency (root=r_V_69) to 3 in order to utilize available DSP registers.
INFO: [HLS 200-486] Changing DSP latency (root=r_V_67) to 3 in order to utilize available DSP registers.
INFO: [HLS 200-486] Changing DSP latency (root=mul_ln1347_1) to 3 in order to utilize available DSP registers.
INFO: [HLS 200-486] Changing DSP latency (root=r_V_64) to 3 in order to utilize available DSP registers.
INFO: [HLS 200-486] Changing DSP latency (root=r_V_62) to 3 in order to utilize available DSP registers.
INFO: [HLS 200-486] Changing DSP latency (root=r_V_60) to 3 in order to utilize available DSP registers.
INFO: [HLS 200-486] Changing DSP latency (root=r_V_58) to 3 in order to utilize available DSP registers.
INFO: [HLS 200-486] Changing DSP latency (root=r_V_56) to 3 in order to utilize available DSP registers.
INFO: [HLS 200-486] Changing DSP latency (root=r_V_54) to 3 in order to utilize available DSP registers.
INFO: [HLS 200-486] Changing DSP latency (root=r_V_52) to 3 in order to utilize available DSP registers.
INFO: [HLS 200-486] Changing DSP latency (root=r_V_50) to 3 in order to utilize available DSP registers.
INFO: [HLS 200-486] Changing DSP latency (root=mul_ln1347) to 3 in order to utilize available DSP registers.
INFO: [SCHED 204-11] Finished scheduling.
Command         schedule done; 0.19 sec.
INFO: [HLS 200-111] Finished Scheduling: CPU user time: 0.34 seconds. CPU system time: 0.01 seconds. Elapsed time: 0.35 seconds; current allocated memory: 654.707 MB.
Execute         syn_report -verbosereport -o /home/cym/prj2/finn/notebooks/icl_thesis-master/experiments/qks_v3_s0_s10_s20_s30_exploratory_hls/q16_qksv3_s10/q16_qksv3_s10_hls/solution1/.autopilot/db/q16_qksv3_s10.verbose.sched.rpt 
Execute           AP::get_flow_target_display_name
Execute         db_write -o /home/cym/prj2/finn/notebooks/icl_thesis-master/experiments/qks_v3_s0_s10_s20_s30_exploratory_hls/q16_qksv3_s10/q16_qksv3_s10_hls/solution1/.autopilot/db/q16_qksv3_s10.sched.adb -f 
INFO-FLOW: Finish scheduling q16_qksv3_s10.
Execute         set_default_model q16_qksv3_s10 
Execute         bind -model q16_qksv3_s10 
INFO: [BIND 205-100] Starting micro-architecture generation ...
INFO: [BIND 205-101] Performing variable lifetime analysis.
INFO: [BIND 205-101] Exploring resource sharing.
INFO: [BIND 205-101] Binding ...
INFO: [BIND 205-100] Finished micro-architecture generation.
Command         bind done; 0.43 sec.
INFO: [HLS 200-111] Finished Binding: CPU user time: 0.45 seconds. CPU system time: 0 seconds. Elapsed time: 0.54 seconds; current allocated memory: 655.117 MB.
Execute         syn_report -verbosereport -o /home/cym/prj2/finn/notebooks/icl_thesis-master/experiments/qks_v3_s0_s10_s20_s30_exploratory_hls/q16_qksv3_s10/q16_qksv3_s10_hls/solution1/.autopilot/db/q16_qksv3_s10.verbose.bind.rpt 
Execute           AP::get_flow_target_display_name
Command         syn_report done; 0.83 sec.
Execute         db_write -o /home/cym/prj2/finn/notebooks/icl_thesis-master/experiments/qks_v3_s0_s10_s20_s30_exploratory_hls/q16_qksv3_s10/q16_qksv3_s10_hls/solution1/.autopilot/db/q16_qksv3_s10.bind.adb -f 
INFO-FLOW: Finish binding q16_qksv3_s10.
Execute         get_model_list q16_qksv3_s10 -filter all-wo-channel 
INFO-FLOW: Preprocessing for RTLGen ...
Execute         rtl_gen_preprocess q16_qksv3_s10_Pipeline_VITIS_LOOP_222_3 
Execute         rtl_gen_preprocess attention_v2_pruned_Pipeline_VITIS_LOOP_75_2_VITIS_LOOP_77_3 
Execute         rtl_gen_preprocess attention_v2_pruned_Pipeline_VITIS_LOOP_87_5 
Execute         rtl_gen_preprocess attention_v2_pruned_Pipeline_VITIS_LOOP_97_7 
Execute         rtl_gen_preprocess attention_v2_pruned_Pipeline_VITIS_LOOP_107_8_VITIS_LOOP_108_9_VITIS_LOOP_110_10 
Execute         rtl_gen_preprocess attention_v2_pruned_Pipeline_VITIS_LOOP_122_12 
Execute         rtl_gen_preprocess attention_v2_pruned_Pipeline_VITIS_LOOP_133_14 
Execute         rtl_gen_preprocess attention_v2_pruned_Pipeline_VITIS_LOOP_141_15_VITIS_LOOP_143_16 
Execute         rtl_gen_preprocess attention_v2_pruned_Pipeline_VITIS_LOOP_153_18 
Execute         rtl_gen_preprocess attention_v2_pruned 
Execute         rtl_gen_preprocess layer_norm.1 
Execute         rtl_gen_preprocess q16_qksv3_s10_Pipeline_VITIS_LOOP_243_4 
Execute         rtl_gen_preprocess q16_qksv3_s10_Pipeline_VITIS_LOOP_178_3 
Execute         rtl_gen_preprocess q16_qksv3_s10_Pipeline_VITIS_LOOP_189_5 
Execute         rtl_gen_preprocess q16_qksv3_s10_Pipeline_VITIS_LOOP_196_6 
Execute         rtl_gen_preprocess q16_qksv3_s10_Pipeline_VITIS_LOOP_256_5 
Execute         rtl_gen_preprocess q16_qksv3_s10_Pipeline_VITIS_LOOP_261_6_VITIS_LOOP_263_7 
Execute         rtl_gen_preprocess layer_norm_Pipeline_VITIS_LOOP_36_1 
Execute         rtl_gen_preprocess layer_norm_Pipeline_VITIS_LOOP_40_2 
Execute         rtl_gen_preprocess layer_norm_Pipeline_VITIS_LOOP_47_3 
Execute         rtl_gen_preprocess layer_norm 
Execute         rtl_gen_preprocess q16_qksv3_s10 
INFO-FLOW: Model list for RTL generation: q16_qksv3_s10_Pipeline_VITIS_LOOP_222_3 attention_v2_pruned_Pipeline_VITIS_LOOP_75_2_VITIS_LOOP_77_3 attention_v2_pruned_Pipeline_VITIS_LOOP_87_5 attention_v2_pruned_Pipeline_VITIS_LOOP_97_7 attention_v2_pruned_Pipeline_VITIS_LOOP_107_8_VITIS_LOOP_108_9_VITIS_LOOP_110_10 attention_v2_pruned_Pipeline_VITIS_LOOP_122_12 attention_v2_pruned_Pipeline_VITIS_LOOP_133_14 attention_v2_pruned_Pipeline_VITIS_LOOP_141_15_VITIS_LOOP_143_16 attention_v2_pruned_Pipeline_VITIS_LOOP_153_18 attention_v2_pruned layer_norm.1 q16_qksv3_s10_Pipeline_VITIS_LOOP_243_4 q16_qksv3_s10_Pipeline_VITIS_LOOP_178_3 q16_qksv3_s10_Pipeline_VITIS_LOOP_189_5 q16_qksv3_s10_Pipeline_VITIS_LOOP_196_6 q16_qksv3_s10_Pipeline_VITIS_LOOP_256_5 q16_qksv3_s10_Pipeline_VITIS_LOOP_261_6_VITIS_LOOP_263_7 layer_norm_Pipeline_VITIS_LOOP_36_1 layer_norm_Pipeline_VITIS_LOOP_40_2 layer_norm_Pipeline_VITIS_LOOP_47_3 layer_norm q16_qksv3_s10
INFO: [HLS 200-10] ----------------------------------------------------------------
INFO: [HLS 200-10] -- Generating RTL for module 'q16_qksv3_s10_Pipeline_VITIS_LOOP_222_3' 
INFO: [HLS 200-10] ----------------------------------------------------------------
Execute         create_rtl_model q16_qksv3_s10_Pipeline_VITIS_LOOP_222_3 -top_prefix q16_qksv3_s10_ -sub_prefix q16_qksv3_s10_ -mg_file /home/cym/prj2/finn/notebooks/icl_thesis-master/experiments/qks_v3_s0_s10_s20_s30_exploratory_hls/q16_qksv3_s10/q16_qksv3_s10_hls/solution1/.autopilot/db/q16_qksv3_s10_Pipeline_VITIS_LOOP_222_3.compgen.tcl 
INFO: [HLS 200-1030] Apply Unified Pipeline Control on module 'q16_qksv3_s10_Pipeline_VITIS_LOOP_222_3' pipeline 'VITIS_LOOP_222_3' pipeline type 'loop pipeline'
WARNING: [RTGEN 206-101] Setting dangling out port 'q16_qksv3_s10_Pipeline_VITIS_LOOP_222_3/m_axi_gmem0_ARVALID' to 0.
WARNING: [RTGEN 206-101] Setting dangling out port 'q16_qksv3_s10_Pipeline_VITIS_LOOP_222_3/m_axi_gmem0_ARADDR' to 0.
WARNING: [RTGEN 206-101] Setting dangling out port 'q16_qksv3_s10_Pipeline_VITIS_LOOP_222_3/m_axi_gmem0_ARID' to 0.
WARNING: [RTGEN 206-101] Setting dangling out port 'q16_qksv3_s10_Pipeline_VITIS_LOOP_222_3/m_axi_gmem0_ARLEN' to 0.
WARNING: [RTGEN 206-101] Setting dangling out port 'q16_qksv3_s10_Pipeline_VITIS_LOOP_222_3/m_axi_gmem0_ARSIZE' to 0.
WARNING: [RTGEN 206-101] Setting dangling out port 'q16_qksv3_s10_Pipeline_VITIS_LOOP_222_3/m_axi_gmem0_ARBURST' to 0.
WARNING: [RTGEN 206-101] Setting dangling out port 'q16_qksv3_s10_Pipeline_VITIS_LOOP_222_3/m_axi_gmem0_ARLOCK' to 0.
WARNING: [RTGEN 206-101] Setting dangling out port 'q16_qksv3_s10_Pipeline_VITIS_LOOP_222_3/m_axi_gmem0_ARCACHE' to 0.
WARNING: [RTGEN 206-101] Setting dangling out port 'q16_qksv3_s10_Pipeline_VITIS_LOOP_222_3/m_axi_gmem0_ARPROT' to 0.
WARNING: [RTGEN 206-101] Setting dangling out port 'q16_qksv3_s10_Pipeline_VITIS_LOOP_222_3/m_axi_gmem0_ARQOS' to 0.
WARNING: [RTGEN 206-101] Setting dangling out port 'q16_qksv3_s10_Pipeline_VITIS_LOOP_222_3/m_axi_gmem0_ARREGION' to 0.
WARNING: [RTGEN 206-101] Setting dangling out port 'q16_qksv3_s10_Pipeline_VITIS_LOOP_222_3/m_axi_gmem0_ARUSER' to 0.
INFO: [RTGEN 206-100] Generating core module 'mul_mul_9s_16s_25_4_1': 1 instance(s).
INFO: [RTGEN 206-100] Finished creating RTL model for 'q16_qksv3_s10_Pipeline_VITIS_LOOP_222_3'.
INFO: [RTMG 210-279] Implementing memory 'q16_qksv3_s10_q16_qksv3_s10_Pipeline_VITIS_LOOP_222_3_input_projection_weight_V_ROM_AUTO_1R' using auto ROMs.
INFO: [HLS 200-111] Finished Creating RTL model: CPU user time: 0.88 seconds. CPU system time: 0 seconds. Elapsed time: 0.9 seconds; current allocated memory: 656.066 MB.
Execute         source /home/cym/prj2/finn/notebooks/icl_thesis-master/experiments/qks_v3_s0_s10_s20_s30_exploratory_hls/q16_qksv3_s10/q16_qksv3_s10_hls/solution1/.autopilot/db/q16_qksv3_s10.rtl_wrap.cfg.tcl 
Execute         gen_rtl q16_qksv3_s10_Pipeline_VITIS_LOOP_222_3 -style xilinx -f -lang vhdl -o /home/cym/prj2/finn/notebooks/icl_thesis-master/experiments/qks_v3_s0_s10_s20_s30_exploratory_hls/q16_qksv3_s10/q16_qksv3_s10_hls/solution1/syn/vhdl/q16_qksv3_s10_q16_qksv3_s10_Pipeline_VITIS_LOOP_222_3 
Execute         gen_rtl q16_qksv3_s10_Pipeline_VITIS_LOOP_222_3 -style xilinx -f -lang vlog -o /home/cym/prj2/finn/notebooks/icl_thesis-master/experiments/qks_v3_s0_s10_s20_s30_exploratory_hls/q16_qksv3_s10/q16_qksv3_s10_hls/solution1/syn/verilog/q16_qksv3_s10_q16_qksv3_s10_Pipeline_VITIS_LOOP_222_3 
Execute         syn_report -csynth -model q16_qksv3_s10_Pipeline_VITIS_LOOP_222_3 -o /home/cym/prj2/finn/notebooks/icl_thesis-master/experiments/qks_v3_s0_s10_s20_s30_exploratory_hls/q16_qksv3_s10/q16_qksv3_s10_hls/solution1/syn/report/q16_qksv3_s10_Pipeline_VITIS_LOOP_222_3_csynth.rpt 
Execute           AP::get_flow_target_display_name
Execute         syn_report -rtlxml -model q16_qksv3_s10_Pipeline_VITIS_LOOP_222_3 -o /home/cym/prj2/finn/notebooks/icl_thesis-master/experiments/qks_v3_s0_s10_s20_s30_exploratory_hls/q16_qksv3_s10/q16_qksv3_s10_hls/solution1/syn/report/q16_qksv3_s10_Pipeline_VITIS_LOOP_222_3_csynth.xml 
Execute         syn_report -verbosereport -model q16_qksv3_s10_Pipeline_VITIS_LOOP_222_3 -o /home/cym/prj2/finn/notebooks/icl_thesis-master/experiments/qks_v3_s0_s10_s20_s30_exploratory_hls/q16_qksv3_s10/q16_qksv3_s10_hls/solution1/.autopilot/db/q16_qksv3_s10_Pipeline_VITIS_LOOP_222_3.verbose.rpt 
Execute           AP::get_flow_target_display_name
Execute         db_write -model q16_qksv3_s10_Pipeline_VITIS_LOOP_222_3 -f -o /home/cym/prj2/finn/notebooks/icl_thesis-master/experiments/qks_v3_s0_s10_s20_s30_exploratory_hls/q16_qksv3_s10/q16_qksv3_s10_hls/solution1/.autopilot/db/q16_qksv3_s10_Pipeline_VITIS_LOOP_222_3.adb 
Execute         db_write -model q16_qksv3_s10_Pipeline_VITIS_LOOP_222_3 -bindview -o /home/cym/prj2/finn/notebooks/icl_thesis-master/experiments/qks_v3_s0_s10_s20_s30_exploratory_hls/q16_qksv3_s10/q16_qksv3_s10_hls/solution1/.autopilot/db/design.bindinfo.xml 
Execute         gen_tb_info q16_qksv3_s10_Pipeline_VITIS_LOOP_222_3 -p /home/cym/prj2/finn/notebooks/icl_thesis-master/experiments/qks_v3_s0_s10_s20_s30_exploratory_hls/q16_qksv3_s10/q16_qksv3_s10_hls/solution1/.autopilot/db -o /home/cym/prj2/finn/notebooks/icl_thesis-master/experiments/qks_v3_s0_s10_s20_s30_exploratory_hls/q16_qksv3_s10/q16_qksv3_s10_hls/solution1/.autopilot/db/q16_qksv3_s10_Pipeline_VITIS_LOOP_222_3 
INFO: [HLS 200-10] ----------------------------------------------------------------
INFO: [HLS 200-10] -- Generating RTL for module 'attention_v2_pruned_Pipeline_VITIS_LOOP_75_2_VITIS_LOOP_77_3' 
INFO: [HLS 200-10] ----------------------------------------------------------------
Execute         create_rtl_model attention_v2_pruned_Pipeline_VITIS_LOOP_75_2_VITIS_LOOP_77_3 -top_prefix q16_qksv3_s10_ -sub_prefix q16_qksv3_s10_ -mg_file /home/cym/prj2/finn/notebooks/icl_thesis-master/experiments/qks_v3_s0_s10_s20_s30_exploratory_hls/q16_qksv3_s10/q16_qksv3_s10_hls/solution1/.autopilot/db/attention_v2_pruned_Pipeline_VITIS_LOOP_75_2_VITIS_LOOP_77_3.compgen.tcl 
INFO: [SYN 201-210] Renamed object name 'attention_v2_pruned_Pipeline_VITIS_LOOP_75_2_VITIS_LOOP_77_3_layers_0_attention_value_weight_V_ROM_AUTO_1R' to 'attention_v2_pruned_Pipeline_VITIS_LOOP_75_2_VITIS_LOOP_77_3_layers_0_attentibkb' due to the length limit 80
INFO: [HLS 200-1030] Apply Unified Pipeline Control on module 'attention_v2_pruned_Pipeline_VITIS_LOOP_75_2_VITIS_LOOP_77_3' pipeline 'VITIS_LOOP_75_2_VITIS_LOOP_77_3' pipeline type 'loop pipeline'
INFO: [RTGEN 206-100] Generating core module 'mul_mul_10s_16s_26_4_1': 1 instance(s).
INFO: [RTGEN 206-100] Finished creating RTL model for 'attention_v2_pruned_Pipeline_VITIS_LOOP_75_2_VITIS_LOOP_77_3'.
INFO: [RTMG 210-279] Implementing memory 'q16_qksv3_s10_attention_v2_pruned_Pipeline_VITIS_LOOP_75_2_VITIS_LOOP_77_3_layers_0_attentibkb' using auto ROMs.
INFO: [HLS 200-111] Finished Creating RTL model: CPU user time: 0.09 seconds. CPU system time: 0.01 seconds. Elapsed time: 0.09 seconds; current allocated memory: 657.645 MB.
Execute         source /home/cym/prj2/finn/notebooks/icl_thesis-master/experiments/qks_v3_s0_s10_s20_s30_exploratory_hls/q16_qksv3_s10/q16_qksv3_s10_hls/solution1/.autopilot/db/q16_qksv3_s10.rtl_wrap.cfg.tcl 
Execute         gen_rtl attention_v2_pruned_Pipeline_VITIS_LOOP_75_2_VITIS_LOOP_77_3 -style xilinx -f -lang vhdl -o /home/cym/prj2/finn/notebooks/icl_thesis-master/experiments/qks_v3_s0_s10_s20_s30_exploratory_hls/q16_qksv3_s10/q16_qksv3_s10_hls/solution1/syn/vhdl/q16_qksv3_s10_attention_v2_pruned_Pipeline_VITIS_LOOP_75_2_VITIS_LOOP_77_3 
Execute         gen_rtl attention_v2_pruned_Pipeline_VITIS_LOOP_75_2_VITIS_LOOP_77_3 -style xilinx -f -lang vlog -o /home/cym/prj2/finn/notebooks/icl_thesis-master/experiments/qks_v3_s0_s10_s20_s30_exploratory_hls/q16_qksv3_s10/q16_qksv3_s10_hls/solution1/syn/verilog/q16_qksv3_s10_attention_v2_pruned_Pipeline_VITIS_LOOP_75_2_VITIS_LOOP_77_3 
Execute         syn_report -csynth -model attention_v2_pruned_Pipeline_VITIS_LOOP_75_2_VITIS_LOOP_77_3 -o /home/cym/prj2/finn/notebooks/icl_thesis-master/experiments/qks_v3_s0_s10_s20_s30_exploratory_hls/q16_qksv3_s10/q16_qksv3_s10_hls/solution1/syn/report/attention_v2_pruned_Pipeline_VITIS_LOOP_75_2_VITIS_LOOP_77_3_csynth.rpt 
Execute           AP::get_flow_target_display_name
Execute         syn_report -rtlxml -model attention_v2_pruned_Pipeline_VITIS_LOOP_75_2_VITIS_LOOP_77_3 -o /home/cym/prj2/finn/notebooks/icl_thesis-master/experiments/qks_v3_s0_s10_s20_s30_exploratory_hls/q16_qksv3_s10/q16_qksv3_s10_hls/solution1/syn/report/attention_v2_pruned_Pipeline_VITIS_LOOP_75_2_VITIS_LOOP_77_3_csynth.xml 
Execute         syn_report -verbosereport -model attention_v2_pruned_Pipeline_VITIS_LOOP_75_2_VITIS_LOOP_77_3 -o /home/cym/prj2/finn/notebooks/icl_thesis-master/experiments/qks_v3_s0_s10_s20_s30_exploratory_hls/q16_qksv3_s10/q16_qksv3_s10_hls/solution1/.autopilot/db/attention_v2_pruned_Pipeline_VITIS_LOOP_75_2_VITIS_LOOP_77_3.verbose.rpt 
Execute           AP::get_flow_target_display_name
Execute         db_write -model attention_v2_pruned_Pipeline_VITIS_LOOP_75_2_VITIS_LOOP_77_3 -f -o /home/cym/prj2/finn/notebooks/icl_thesis-master/experiments/qks_v3_s0_s10_s20_s30_exploratory_hls/q16_qksv3_s10/q16_qksv3_s10_hls/solution1/.autopilot/db/attention_v2_pruned_Pipeline_VITIS_LOOP_75_2_VITIS_LOOP_77_3.adb 
Execute         db_write -model attention_v2_pruned_Pipeline_VITIS_LOOP_75_2_VITIS_LOOP_77_3 -bindview -o /home/cym/prj2/finn/notebooks/icl_thesis-master/experiments/qks_v3_s0_s10_s20_s30_exploratory_hls/q16_qksv3_s10/q16_qksv3_s10_hls/solution1/.autopilot/db/design.bindinfo.xml 
Execute         gen_tb_info attention_v2_pruned_Pipeline_VITIS_LOOP_75_2_VITIS_LOOP_77_3 -p /home/cym/prj2/finn/notebooks/icl_thesis-master/experiments/qks_v3_s0_s10_s20_s30_exploratory_hls/q16_qksv3_s10/q16_qksv3_s10_hls/solution1/.autopilot/db -o /home/cym/prj2/finn/notebooks/icl_thesis-master/experiments/qks_v3_s0_s10_s20_s30_exploratory_hls/q16_qksv3_s10/q16_qksv3_s10_hls/solution1/.autopilot/db/attention_v2_pruned_Pipeline_VITIS_LOOP_75_2_VITIS_LOOP_77_3 
INFO: [HLS 200-10] ----------------------------------------------------------------
INFO: [HLS 200-10] -- Generating RTL for module 'attention_v2_pruned_Pipeline_VITIS_LOOP_87_5' 
INFO: [HLS 200-10] ----------------------------------------------------------------
Execute         create_rtl_model attention_v2_pruned_Pipeline_VITIS_LOOP_87_5 -top_prefix q16_qksv3_s10_ -sub_prefix q16_qksv3_s10_ -mg_file /home/cym/prj2/finn/notebooks/icl_thesis-master/experiments/qks_v3_s0_s10_s20_s30_exploratory_hls/q16_qksv3_s10/q16_qksv3_s10_hls/solution1/.autopilot/db/attention_v2_pruned_Pipeline_VITIS_LOOP_87_5.compgen.tcl 
INFO: [SYN 201-210] Renamed object name 'attention_v2_pruned_Pipeline_VITIS_LOOP_87_5_layers_0_attention_query_weight_V_ROM_AUTO_1R' to 'attention_v2_pruned_Pipeline_VITIS_LOOP_87_5_layers_0_attention_query_weight_cud' due to the length limit 80
INFO: [HLS 200-1030] Apply Unified Pipeline Control on module 'attention_v2_pruned_Pipeline_VITIS_LOOP_87_5' pipeline 'VITIS_LOOP_87_5' pipeline type 'loop pipeline'
INFO: [RTGEN 206-100] Generating core module 'mul_mul_12s_16s_28_4_1': 1 instance(s).
INFO: [RTGEN 206-100] Finished creating RTL model for 'attention_v2_pruned_Pipeline_VITIS_LOOP_87_5'.
INFO: [RTMG 210-279] Implementing memory 'q16_qksv3_s10_attention_v2_pruned_Pipeline_VITIS_LOOP_87_5_layers_0_attention_query_weight_cud' using auto ROMs.
INFO: [HLS 200-111] Finished Creating RTL model: CPU user time: 0.11 seconds. CPU system time: 0 seconds. Elapsed time: 0.12 seconds; current allocated memory: 659.238 MB.
Execute         source /home/cym/prj2/finn/notebooks/icl_thesis-master/experiments/qks_v3_s0_s10_s20_s30_exploratory_hls/q16_qksv3_s10/q16_qksv3_s10_hls/solution1/.autopilot/db/q16_qksv3_s10.rtl_wrap.cfg.tcl 
Execute         gen_rtl attention_v2_pruned_Pipeline_VITIS_LOOP_87_5 -style xilinx -f -lang vhdl -o /home/cym/prj2/finn/notebooks/icl_thesis-master/experiments/qks_v3_s0_s10_s20_s30_exploratory_hls/q16_qksv3_s10/q16_qksv3_s10_hls/solution1/syn/vhdl/q16_qksv3_s10_attention_v2_pruned_Pipeline_VITIS_LOOP_87_5 
Execute         gen_rtl attention_v2_pruned_Pipeline_VITIS_LOOP_87_5 -style xilinx -f -lang vlog -o /home/cym/prj2/finn/notebooks/icl_thesis-master/experiments/qks_v3_s0_s10_s20_s30_exploratory_hls/q16_qksv3_s10/q16_qksv3_s10_hls/solution1/syn/verilog/q16_qksv3_s10_attention_v2_pruned_Pipeline_VITIS_LOOP_87_5 
Execute         syn_report -csynth -model attention_v2_pruned_Pipeline_VITIS_LOOP_87_5 -o /home/cym/prj2/finn/notebooks/icl_thesis-master/experiments/qks_v3_s0_s10_s20_s30_exploratory_hls/q16_qksv3_s10/q16_qksv3_s10_hls/solution1/syn/report/attention_v2_pruned_Pipeline_VITIS_LOOP_87_5_csynth.rpt 
Execute           AP::get_flow_target_display_name
Execute         syn_report -rtlxml -model attention_v2_pruned_Pipeline_VITIS_LOOP_87_5 -o /home/cym/prj2/finn/notebooks/icl_thesis-master/experiments/qks_v3_s0_s10_s20_s30_exploratory_hls/q16_qksv3_s10/q16_qksv3_s10_hls/solution1/syn/report/attention_v2_pruned_Pipeline_VITIS_LOOP_87_5_csynth.xml 
Execute         syn_report -verbosereport -model attention_v2_pruned_Pipeline_VITIS_LOOP_87_5 -o /home/cym/prj2/finn/notebooks/icl_thesis-master/experiments/qks_v3_s0_s10_s20_s30_exploratory_hls/q16_qksv3_s10/q16_qksv3_s10_hls/solution1/.autopilot/db/attention_v2_pruned_Pipeline_VITIS_LOOP_87_5.verbose.rpt 
Execute           AP::get_flow_target_display_name
Execute         db_write -model attention_v2_pruned_Pipeline_VITIS_LOOP_87_5 -f -o /home/cym/prj2/finn/notebooks/icl_thesis-master/experiments/qks_v3_s0_s10_s20_s30_exploratory_hls/q16_qksv3_s10/q16_qksv3_s10_hls/solution1/.autopilot/db/attention_v2_pruned_Pipeline_VITIS_LOOP_87_5.adb 
Execute         db_write -model attention_v2_pruned_Pipeline_VITIS_LOOP_87_5 -bindview -o /home/cym/prj2/finn/notebooks/icl_thesis-master/experiments/qks_v3_s0_s10_s20_s30_exploratory_hls/q16_qksv3_s10/q16_qksv3_s10_hls/solution1/.autopilot/db/design.bindinfo.xml 
Execute         gen_tb_info attention_v2_pruned_Pipeline_VITIS_LOOP_87_5 -p /home/cym/prj2/finn/notebooks/icl_thesis-master/experiments/qks_v3_s0_s10_s20_s30_exploratory_hls/q16_qksv3_s10/q16_qksv3_s10_hls/solution1/.autopilot/db -o /home/cym/prj2/finn/notebooks/icl_thesis-master/experiments/qks_v3_s0_s10_s20_s30_exploratory_hls/q16_qksv3_s10/q16_qksv3_s10_hls/solution1/.autopilot/db/attention_v2_pruned_Pipeline_VITIS_LOOP_87_5 
INFO: [HLS 200-10] ----------------------------------------------------------------
INFO: [HLS 200-10] -- Generating RTL for module 'attention_v2_pruned_Pipeline_VITIS_LOOP_97_7' 
INFO: [HLS 200-10] ----------------------------------------------------------------
Execute         create_rtl_model attention_v2_pruned_Pipeline_VITIS_LOOP_97_7 -top_prefix q16_qksv3_s10_ -sub_prefix q16_qksv3_s10_ -mg_file /home/cym/prj2/finn/notebooks/icl_thesis-master/experiments/qks_v3_s0_s10_s20_s30_exploratory_hls/q16_qksv3_s10/q16_qksv3_s10_hls/solution1/.autopilot/db/attention_v2_pruned_Pipeline_VITIS_LOOP_97_7.compgen.tcl 
INFO: [SYN 201-210] Renamed object name 'attention_v2_pruned_Pipeline_VITIS_LOOP_97_7_layers_0_attention_key_weight_V_ROM_AUTO_1R' to 'attention_v2_pruned_Pipeline_VITIS_LOOP_97_7_layers_0_attention_key_weight_V_dEe' due to the length limit 80
INFO: [HLS 200-1030] Apply Unified Pipeline Control on module 'attention_v2_pruned_Pipeline_VITIS_LOOP_97_7' pipeline 'VITIS_LOOP_97_7' pipeline type 'loop pipeline'
INFO: [RTGEN 206-100] Generating core module 'mul_mul_11s_16s_27_4_1': 1 instance(s).
INFO: [RTGEN 206-100] Finished creating RTL model for 'attention_v2_pruned_Pipeline_VITIS_LOOP_97_7'.
INFO: [RTMG 210-279] Implementing memory 'q16_qksv3_s10_attention_v2_pruned_Pipeline_VITIS_LOOP_97_7_layers_0_attention_key_weight_V_dEe' using auto ROMs.
INFO: [HLS 200-111] Finished Creating RTL model: CPU user time: 0.07 seconds. CPU system time: 0 seconds. Elapsed time: 0.07 seconds; current allocated memory: 660.508 MB.
Execute         source /home/cym/prj2/finn/notebooks/icl_thesis-master/experiments/qks_v3_s0_s10_s20_s30_exploratory_hls/q16_qksv3_s10/q16_qksv3_s10_hls/solution1/.autopilot/db/q16_qksv3_s10.rtl_wrap.cfg.tcl 
Execute         gen_rtl attention_v2_pruned_Pipeline_VITIS_LOOP_97_7 -style xilinx -f -lang vhdl -o /home/cym/prj2/finn/notebooks/icl_thesis-master/experiments/qks_v3_s0_s10_s20_s30_exploratory_hls/q16_qksv3_s10/q16_qksv3_s10_hls/solution1/syn/vhdl/q16_qksv3_s10_attention_v2_pruned_Pipeline_VITIS_LOOP_97_7 
Execute         gen_rtl attention_v2_pruned_Pipeline_VITIS_LOOP_97_7 -style xilinx -f -lang vlog -o /home/cym/prj2/finn/notebooks/icl_thesis-master/experiments/qks_v3_s0_s10_s20_s30_exploratory_hls/q16_qksv3_s10/q16_qksv3_s10_hls/solution1/syn/verilog/q16_qksv3_s10_attention_v2_pruned_Pipeline_VITIS_LOOP_97_7 
Execute         syn_report -csynth -model attention_v2_pruned_Pipeline_VITIS_LOOP_97_7 -o /home/cym/prj2/finn/notebooks/icl_thesis-master/experiments/qks_v3_s0_s10_s20_s30_exploratory_hls/q16_qksv3_s10/q16_qksv3_s10_hls/solution1/syn/report/attention_v2_pruned_Pipeline_VITIS_LOOP_97_7_csynth.rpt 
Execute           AP::get_flow_target_display_name
Execute         syn_report -rtlxml -model attention_v2_pruned_Pipeline_VITIS_LOOP_97_7 -o /home/cym/prj2/finn/notebooks/icl_thesis-master/experiments/qks_v3_s0_s10_s20_s30_exploratory_hls/q16_qksv3_s10/q16_qksv3_s10_hls/solution1/syn/report/attention_v2_pruned_Pipeline_VITIS_LOOP_97_7_csynth.xml 
Execute         syn_report -verbosereport -model attention_v2_pruned_Pipeline_VITIS_LOOP_97_7 -o /home/cym/prj2/finn/notebooks/icl_thesis-master/experiments/qks_v3_s0_s10_s20_s30_exploratory_hls/q16_qksv3_s10/q16_qksv3_s10_hls/solution1/.autopilot/db/attention_v2_pruned_Pipeline_VITIS_LOOP_97_7.verbose.rpt 
Execute           AP::get_flow_target_display_name
Execute         db_write -model attention_v2_pruned_Pipeline_VITIS_LOOP_97_7 -f -o /home/cym/prj2/finn/notebooks/icl_thesis-master/experiments/qks_v3_s0_s10_s20_s30_exploratory_hls/q16_qksv3_s10/q16_qksv3_s10_hls/solution1/.autopilot/db/attention_v2_pruned_Pipeline_VITIS_LOOP_97_7.adb 
Execute         db_write -model attention_v2_pruned_Pipeline_VITIS_LOOP_97_7 -bindview -o /home/cym/prj2/finn/notebooks/icl_thesis-master/experiments/qks_v3_s0_s10_s20_s30_exploratory_hls/q16_qksv3_s10/q16_qksv3_s10_hls/solution1/.autopilot/db/design.bindinfo.xml 
Execute         gen_tb_info attention_v2_pruned_Pipeline_VITIS_LOOP_97_7 -p /home/cym/prj2/finn/notebooks/icl_thesis-master/experiments/qks_v3_s0_s10_s20_s30_exploratory_hls/q16_qksv3_s10/q16_qksv3_s10_hls/solution1/.autopilot/db -o /home/cym/prj2/finn/notebooks/icl_thesis-master/experiments/qks_v3_s0_s10_s20_s30_exploratory_hls/q16_qksv3_s10/q16_qksv3_s10_hls/solution1/.autopilot/db/attention_v2_pruned_Pipeline_VITIS_LOOP_97_7 
INFO: [HLS 200-10] ----------------------------------------------------------------
INFO: [HLS 200-10] -- Generating RTL for module 'attention_v2_pruned_Pipeline_VITIS_LOOP_107_8_VITIS_LOOP_108_9_VITIS_LOOP_110_10' 
INFO: [HLS 200-10] ----------------------------------------------------------------
Execute         create_rtl_model attention_v2_pruned_Pipeline_VITIS_LOOP_107_8_VITIS_LOOP_108_9_VITIS_LOOP_110_10 -top_prefix q16_qksv3_s10_ -sub_prefix q16_qksv3_s10_ -mg_file /home/cym/prj2/finn/notebooks/icl_thesis-master/experiments/qks_v3_s0_s10_s20_s30_exploratory_hls/q16_qksv3_s10/q16_qksv3_s10_hls/solution1/.autopilot/db/attention_v2_pruned_Pipeline_VITIS_LOOP_107_8_VITIS_LOOP_108_9_VITIS_LOOP_110_10.compgen.tcl 
INFO: [HLS 200-1030] Apply Unified Pipeline Control on module 'attention_v2_pruned_Pipeline_VITIS_LOOP_107_8_VITIS_LOOP_108_9_VITIS_LOOP_110_10' pipeline 'VITIS_LOOP_107_8_VITIS_LOOP_108_9_VITIS_LOOP_110_10' pipeline type 'loop pipeline'
INFO: [RTGEN 206-100] Generating core module 'mac_muladd_16s_16s_30ns_30_4_1': 1 instance(s).
INFO: [RTGEN 206-100] Finished creating RTL model for 'attention_v2_pruned_Pipeline_VITIS_LOOP_107_8_VITIS_LOOP_108_9_VITIS_LOOP_110_10'.
INFO: [HLS 200-111] Finished Creating RTL model: CPU user time: 0.07 seconds. CPU system time: 0 seconds. Elapsed time: 0.07 seconds; current allocated memory: 661.898 MB.
Execute         source /home/cym/prj2/finn/notebooks/icl_thesis-master/experiments/qks_v3_s0_s10_s20_s30_exploratory_hls/q16_qksv3_s10/q16_qksv3_s10_hls/solution1/.autopilot/db/q16_qksv3_s10.rtl_wrap.cfg.tcl 
Execute         gen_rtl attention_v2_pruned_Pipeline_VITIS_LOOP_107_8_VITIS_LOOP_108_9_VITIS_LOOP_110_10 -style xilinx -f -lang vhdl -o /home/cym/prj2/finn/notebooks/icl_thesis-master/experiments/qks_v3_s0_s10_s20_s30_exploratory_hls/q16_qksv3_s10/q16_qksv3_s10_hls/solution1/syn/vhdl/q16_qksv3_s10_attention_v2_pruned_Pipeline_VITIS_LOOP_107_8_VITIS_LOOP_108_9_VITIS_LOOP_110_10 
Execute         gen_rtl attention_v2_pruned_Pipeline_VITIS_LOOP_107_8_VITIS_LOOP_108_9_VITIS_LOOP_110_10 -style xilinx -f -lang vlog -o /home/cym/prj2/finn/notebooks/icl_thesis-master/experiments/qks_v3_s0_s10_s20_s30_exploratory_hls/q16_qksv3_s10/q16_qksv3_s10_hls/solution1/syn/verilog/q16_qksv3_s10_attention_v2_pruned_Pipeline_VITIS_LOOP_107_8_VITIS_LOOP_108_9_VITIS_LOOP_110_10 
Execute         syn_report -csynth -model attention_v2_pruned_Pipeline_VITIS_LOOP_107_8_VITIS_LOOP_108_9_VITIS_LOOP_110_10 -o /home/cym/prj2/finn/notebooks/icl_thesis-master/experiments/qks_v3_s0_s10_s20_s30_exploratory_hls/q16_qksv3_s10/q16_qksv3_s10_hls/solution1/syn/report/attention_v2_pruned_Pipeline_VITIS_LOOP_107_8_VITIS_LOOP_108_9_VITIS_LOOP_110_10_csynth.rpt 
Execute           AP::get_flow_target_display_name
Execute         syn_report -rtlxml -model attention_v2_pruned_Pipeline_VITIS_LOOP_107_8_VITIS_LOOP_108_9_VITIS_LOOP_110_10 -o /home/cym/prj2/finn/notebooks/icl_thesis-master/experiments/qks_v3_s0_s10_s20_s30_exploratory_hls/q16_qksv3_s10/q16_qksv3_s10_hls/solution1/syn/report/attention_v2_pruned_Pipeline_VITIS_LOOP_107_8_VITIS_LOOP_108_9_VITIS_LOOP_110_10_csynth.xml 
Execute         syn_report -verbosereport -model attention_v2_pruned_Pipeline_VITIS_LOOP_107_8_VITIS_LOOP_108_9_VITIS_LOOP_110_10 -o /home/cym/prj2/finn/notebooks/icl_thesis-master/experiments/qks_v3_s0_s10_s20_s30_exploratory_hls/q16_qksv3_s10/q16_qksv3_s10_hls/solution1/.autopilot/db/attention_v2_pruned_Pipeline_VITIS_LOOP_107_8_VITIS_LOOP_108_9_VITIS_LOOP_110_10.verbose.rpt 
Execute           AP::get_flow_target_display_name
Execute         db_write -model attention_v2_pruned_Pipeline_VITIS_LOOP_107_8_VITIS_LOOP_108_9_VITIS_LOOP_110_10 -f -o /home/cym/prj2/finn/notebooks/icl_thesis-master/experiments/qks_v3_s0_s10_s20_s30_exploratory_hls/q16_qksv3_s10/q16_qksv3_s10_hls/solution1/.autopilot/db/attention_v2_pruned_Pipeline_VITIS_LOOP_107_8_VITIS_LOOP_108_9_VITIS_LOOP_110_10.adb 
Execute         db_write -model attention_v2_pruned_Pipeline_VITIS_LOOP_107_8_VITIS_LOOP_108_9_VITIS_LOOP_110_10 -bindview -o /home/cym/prj2/finn/notebooks/icl_thesis-master/experiments/qks_v3_s0_s10_s20_s30_exploratory_hls/q16_qksv3_s10/q16_qksv3_s10_hls/solution1/.autopilot/db/design.bindinfo.xml 
Execute         gen_tb_info attention_v2_pruned_Pipeline_VITIS_LOOP_107_8_VITIS_LOOP_108_9_VITIS_LOOP_110_10 -p /home/cym/prj2/finn/notebooks/icl_thesis-master/experiments/qks_v3_s0_s10_s20_s30_exploratory_hls/q16_qksv3_s10/q16_qksv3_s10_hls/solution1/.autopilot/db -o /home/cym/prj2/finn/notebooks/icl_thesis-master/experiments/qks_v3_s0_s10_s20_s30_exploratory_hls/q16_qksv3_s10/q16_qksv3_s10_hls/solution1/.autopilot/db/attention_v2_pruned_Pipeline_VITIS_LOOP_107_8_VITIS_LOOP_108_9_VITIS_LOOP_110_10 
INFO: [HLS 200-10] ----------------------------------------------------------------
INFO: [HLS 200-10] -- Generating RTL for module 'attention_v2_pruned_Pipeline_VITIS_LOOP_122_12' 
INFO: [HLS 200-10] ----------------------------------------------------------------
Execute         create_rtl_model attention_v2_pruned_Pipeline_VITIS_LOOP_122_12 -top_prefix q16_qksv3_s10_ -sub_prefix q16_qksv3_s10_ -mg_file /home/cym/prj2/finn/notebooks/icl_thesis-master/experiments/qks_v3_s0_s10_s20_s30_exploratory_hls/q16_qksv3_s10/q16_qksv3_s10_hls/solution1/.autopilot/db/attention_v2_pruned_Pipeline_VITIS_LOOP_122_12.compgen.tcl 
INFO: [HLS 200-1030] Apply Unified Pipeline Control on module 'attention_v2_pruned_Pipeline_VITIS_LOOP_122_12' pipeline 'VITIS_LOOP_122_12' pipeline type 'loop pipeline'
INFO: [RTGEN 206-100] Finished creating RTL model for 'attention_v2_pruned_Pipeline_VITIS_LOOP_122_12'.
INFO: [HLS 200-111] Finished Creating RTL model: CPU user time: 0.13 seconds. CPU system time: 0.01 seconds. Elapsed time: 0.13 seconds; current allocated memory: 663.602 MB.
Execute         source /home/cym/prj2/finn/notebooks/icl_thesis-master/experiments/qks_v3_s0_s10_s20_s30_exploratory_hls/q16_qksv3_s10/q16_qksv3_s10_hls/solution1/.autopilot/db/q16_qksv3_s10.rtl_wrap.cfg.tcl 
Execute         gen_rtl attention_v2_pruned_Pipeline_VITIS_LOOP_122_12 -style xilinx -f -lang vhdl -o /home/cym/prj2/finn/notebooks/icl_thesis-master/experiments/qks_v3_s0_s10_s20_s30_exploratory_hls/q16_qksv3_s10/q16_qksv3_s10_hls/solution1/syn/vhdl/q16_qksv3_s10_attention_v2_pruned_Pipeline_VITIS_LOOP_122_12 
Execute         gen_rtl attention_v2_pruned_Pipeline_VITIS_LOOP_122_12 -style xilinx -f -lang vlog -o /home/cym/prj2/finn/notebooks/icl_thesis-master/experiments/qks_v3_s0_s10_s20_s30_exploratory_hls/q16_qksv3_s10/q16_qksv3_s10_hls/solution1/syn/verilog/q16_qksv3_s10_attention_v2_pruned_Pipeline_VITIS_LOOP_122_12 
Execute         syn_report -csynth -model attention_v2_pruned_Pipeline_VITIS_LOOP_122_12 -o /home/cym/prj2/finn/notebooks/icl_thesis-master/experiments/qks_v3_s0_s10_s20_s30_exploratory_hls/q16_qksv3_s10/q16_qksv3_s10_hls/solution1/syn/report/attention_v2_pruned_Pipeline_VITIS_LOOP_122_12_csynth.rpt 
Execute           AP::get_flow_target_display_name
Execute         syn_report -rtlxml -model attention_v2_pruned_Pipeline_VITIS_LOOP_122_12 -o /home/cym/prj2/finn/notebooks/icl_thesis-master/experiments/qks_v3_s0_s10_s20_s30_exploratory_hls/q16_qksv3_s10/q16_qksv3_s10_hls/solution1/syn/report/attention_v2_pruned_Pipeline_VITIS_LOOP_122_12_csynth.xml 
Execute         syn_report -verbosereport -model attention_v2_pruned_Pipeline_VITIS_LOOP_122_12 -o /home/cym/prj2/finn/notebooks/icl_thesis-master/experiments/qks_v3_s0_s10_s20_s30_exploratory_hls/q16_qksv3_s10/q16_qksv3_s10_hls/solution1/.autopilot/db/attention_v2_pruned_Pipeline_VITIS_LOOP_122_12.verbose.rpt 
Execute           AP::get_flow_target_display_name
Execute         db_write -model attention_v2_pruned_Pipeline_VITIS_LOOP_122_12 -f -o /home/cym/prj2/finn/notebooks/icl_thesis-master/experiments/qks_v3_s0_s10_s20_s30_exploratory_hls/q16_qksv3_s10/q16_qksv3_s10_hls/solution1/.autopilot/db/attention_v2_pruned_Pipeline_VITIS_LOOP_122_12.adb 
Execute         db_write -model attention_v2_pruned_Pipeline_VITIS_LOOP_122_12 -bindview -o /home/cym/prj2/finn/notebooks/icl_thesis-master/experiments/qks_v3_s0_s10_s20_s30_exploratory_hls/q16_qksv3_s10/q16_qksv3_s10_hls/solution1/.autopilot/db/design.bindinfo.xml 
Execute         gen_tb_info attention_v2_pruned_Pipeline_VITIS_LOOP_122_12 -p /home/cym/prj2/finn/notebooks/icl_thesis-master/experiments/qks_v3_s0_s10_s20_s30_exploratory_hls/q16_qksv3_s10/q16_qksv3_s10_hls/solution1/.autopilot/db -o /home/cym/prj2/finn/notebooks/icl_thesis-master/experiments/qks_v3_s0_s10_s20_s30_exploratory_hls/q16_qksv3_s10/q16_qksv3_s10_hls/solution1/.autopilot/db/attention_v2_pruned_Pipeline_VITIS_LOOP_122_12 
INFO: [HLS 200-10] ----------------------------------------------------------------
INFO: [HLS 200-10] -- Generating RTL for module 'attention_v2_pruned_Pipeline_VITIS_LOOP_133_14' 
INFO: [HLS 200-10] ----------------------------------------------------------------
Execute         create_rtl_model attention_v2_pruned_Pipeline_VITIS_LOOP_133_14 -top_prefix q16_qksv3_s10_ -sub_prefix q16_qksv3_s10_ -mg_file /home/cym/prj2/finn/notebooks/icl_thesis-master/experiments/qks_v3_s0_s10_s20_s30_exploratory_hls/q16_qksv3_s10/q16_qksv3_s10_hls/solution1/.autopilot/db/attention_v2_pruned_Pipeline_VITIS_LOOP_133_14.compgen.tcl 
INFO: [HLS 200-1030] Apply Unified Pipeline Control on module 'attention_v2_pruned_Pipeline_VITIS_LOOP_133_14' pipeline 'VITIS_LOOP_133_14' pipeline type 'loop pipeline'
INFO: [RTGEN 206-100] Generating core module 'mac_muladd_16s_16s_30ns_30_4_1': 1 instance(s).
INFO: [RTGEN 206-100] Finished creating RTL model for 'attention_v2_pruned_Pipeline_VITIS_LOOP_133_14'.
INFO: [HLS 200-111] Finished Creating RTL model: CPU user time: 0.05 seconds. CPU system time: 0 seconds. Elapsed time: 0.05 seconds; current allocated memory: 664.590 MB.
Execute         source /home/cym/prj2/finn/notebooks/icl_thesis-master/experiments/qks_v3_s0_s10_s20_s30_exploratory_hls/q16_qksv3_s10/q16_qksv3_s10_hls/solution1/.autopilot/db/q16_qksv3_s10.rtl_wrap.cfg.tcl 
Execute         gen_rtl attention_v2_pruned_Pipeline_VITIS_LOOP_133_14 -style xilinx -f -lang vhdl -o /home/cym/prj2/finn/notebooks/icl_thesis-master/experiments/qks_v3_s0_s10_s20_s30_exploratory_hls/q16_qksv3_s10/q16_qksv3_s10_hls/solution1/syn/vhdl/q16_qksv3_s10_attention_v2_pruned_Pipeline_VITIS_LOOP_133_14 
Execute         gen_rtl attention_v2_pruned_Pipeline_VITIS_LOOP_133_14 -style xilinx -f -lang vlog -o /home/cym/prj2/finn/notebooks/icl_thesis-master/experiments/qks_v3_s0_s10_s20_s30_exploratory_hls/q16_qksv3_s10/q16_qksv3_s10_hls/solution1/syn/verilog/q16_qksv3_s10_attention_v2_pruned_Pipeline_VITIS_LOOP_133_14 
Execute         syn_report -csynth -model attention_v2_pruned_Pipeline_VITIS_LOOP_133_14 -o /home/cym/prj2/finn/notebooks/icl_thesis-master/experiments/qks_v3_s0_s10_s20_s30_exploratory_hls/q16_qksv3_s10/q16_qksv3_s10_hls/solution1/syn/report/attention_v2_pruned_Pipeline_VITIS_LOOP_133_14_csynth.rpt 
Execute           AP::get_flow_target_display_name
Execute         syn_report -rtlxml -model attention_v2_pruned_Pipeline_VITIS_LOOP_133_14 -o /home/cym/prj2/finn/notebooks/icl_thesis-master/experiments/qks_v3_s0_s10_s20_s30_exploratory_hls/q16_qksv3_s10/q16_qksv3_s10_hls/solution1/syn/report/attention_v2_pruned_Pipeline_VITIS_LOOP_133_14_csynth.xml 
Execute         syn_report -verbosereport -model attention_v2_pruned_Pipeline_VITIS_LOOP_133_14 -o /home/cym/prj2/finn/notebooks/icl_thesis-master/experiments/qks_v3_s0_s10_s20_s30_exploratory_hls/q16_qksv3_s10/q16_qksv3_s10_hls/solution1/.autopilot/db/attention_v2_pruned_Pipeline_VITIS_LOOP_133_14.verbose.rpt 
Execute           AP::get_flow_target_display_name
Execute         db_write -model attention_v2_pruned_Pipeline_VITIS_LOOP_133_14 -f -o /home/cym/prj2/finn/notebooks/icl_thesis-master/experiments/qks_v3_s0_s10_s20_s30_exploratory_hls/q16_qksv3_s10/q16_qksv3_s10_hls/solution1/.autopilot/db/attention_v2_pruned_Pipeline_VITIS_LOOP_133_14.adb 
Execute         db_write -model attention_v2_pruned_Pipeline_VITIS_LOOP_133_14 -bindview -o /home/cym/prj2/finn/notebooks/icl_thesis-master/experiments/qks_v3_s0_s10_s20_s30_exploratory_hls/q16_qksv3_s10/q16_qksv3_s10_hls/solution1/.autopilot/db/design.bindinfo.xml 
Execute         gen_tb_info attention_v2_pruned_Pipeline_VITIS_LOOP_133_14 -p /home/cym/prj2/finn/notebooks/icl_thesis-master/experiments/qks_v3_s0_s10_s20_s30_exploratory_hls/q16_qksv3_s10/q16_qksv3_s10_hls/solution1/.autopilot/db -o /home/cym/prj2/finn/notebooks/icl_thesis-master/experiments/qks_v3_s0_s10_s20_s30_exploratory_hls/q16_qksv3_s10/q16_qksv3_s10_hls/solution1/.autopilot/db/attention_v2_pruned_Pipeline_VITIS_LOOP_133_14 
INFO: [HLS 200-10] ----------------------------------------------------------------
INFO: [HLS 200-10] -- Generating RTL for module 'attention_v2_pruned_Pipeline_VITIS_LOOP_141_15_VITIS_LOOP_143_16' 
INFO: [HLS 200-10] ----------------------------------------------------------------
Execute         create_rtl_model attention_v2_pruned_Pipeline_VITIS_LOOP_141_15_VITIS_LOOP_143_16 -top_prefix q16_qksv3_s10_ -sub_prefix q16_qksv3_s10_ -mg_file /home/cym/prj2/finn/notebooks/icl_thesis-master/experiments/qks_v3_s0_s10_s20_s30_exploratory_hls/q16_qksv3_s10/q16_qksv3_s10_hls/solution1/.autopilot/db/attention_v2_pruned_Pipeline_VITIS_LOOP_141_15_VITIS_LOOP_143_16.compgen.tcl 
INFO: [HLS 200-1030] Apply Unified Pipeline Control on module 'attention_v2_pruned_Pipeline_VITIS_LOOP_141_15_VITIS_LOOP_143_16' pipeline 'VITIS_LOOP_141_15_VITIS_LOOP_143_16' pipeline type 'loop pipeline'
INFO: [RTGEN 206-100] Generating core module 'mac_muladd_16s_16s_30ns_30_4_1': 1 instance(s).
INFO: [RTGEN 206-100] Generating core module 'mul_mul_24s_16s_30_4_1': 1 instance(s).
INFO: [RTGEN 206-100] Finished creating RTL model for 'attention_v2_pruned_Pipeline_VITIS_LOOP_141_15_VITIS_LOOP_143_16'.
INFO: [HLS 200-111] Finished Creating RTL model: CPU user time: 0.05 seconds. CPU system time: 0.01 seconds. Elapsed time: 0.05 seconds; current allocated memory: 665.816 MB.
Execute         source /home/cym/prj2/finn/notebooks/icl_thesis-master/experiments/qks_v3_s0_s10_s20_s30_exploratory_hls/q16_qksv3_s10/q16_qksv3_s10_hls/solution1/.autopilot/db/q16_qksv3_s10.rtl_wrap.cfg.tcl 
Execute         gen_rtl attention_v2_pruned_Pipeline_VITIS_LOOP_141_15_VITIS_LOOP_143_16 -style xilinx -f -lang vhdl -o /home/cym/prj2/finn/notebooks/icl_thesis-master/experiments/qks_v3_s0_s10_s20_s30_exploratory_hls/q16_qksv3_s10/q16_qksv3_s10_hls/solution1/syn/vhdl/q16_qksv3_s10_attention_v2_pruned_Pipeline_VITIS_LOOP_141_15_VITIS_LOOP_143_16 
Execute         gen_rtl attention_v2_pruned_Pipeline_VITIS_LOOP_141_15_VITIS_LOOP_143_16 -style xilinx -f -lang vlog -o /home/cym/prj2/finn/notebooks/icl_thesis-master/experiments/qks_v3_s0_s10_s20_s30_exploratory_hls/q16_qksv3_s10/q16_qksv3_s10_hls/solution1/syn/verilog/q16_qksv3_s10_attention_v2_pruned_Pipeline_VITIS_LOOP_141_15_VITIS_LOOP_143_16 
Execute         syn_report -csynth -model attention_v2_pruned_Pipeline_VITIS_LOOP_141_15_VITIS_LOOP_143_16 -o /home/cym/prj2/finn/notebooks/icl_thesis-master/experiments/qks_v3_s0_s10_s20_s30_exploratory_hls/q16_qksv3_s10/q16_qksv3_s10_hls/solution1/syn/report/attention_v2_pruned_Pipeline_VITIS_LOOP_141_15_VITIS_LOOP_143_16_csynth.rpt 
Execute           AP::get_flow_target_display_name
Execute         syn_report -rtlxml -model attention_v2_pruned_Pipeline_VITIS_LOOP_141_15_VITIS_LOOP_143_16 -o /home/cym/prj2/finn/notebooks/icl_thesis-master/experiments/qks_v3_s0_s10_s20_s30_exploratory_hls/q16_qksv3_s10/q16_qksv3_s10_hls/solution1/syn/report/attention_v2_pruned_Pipeline_VITIS_LOOP_141_15_VITIS_LOOP_143_16_csynth.xml 
Execute         syn_report -verbosereport -model attention_v2_pruned_Pipeline_VITIS_LOOP_141_15_VITIS_LOOP_143_16 -o /home/cym/prj2/finn/notebooks/icl_thesis-master/experiments/qks_v3_s0_s10_s20_s30_exploratory_hls/q16_qksv3_s10/q16_qksv3_s10_hls/solution1/.autopilot/db/attention_v2_pruned_Pipeline_VITIS_LOOP_141_15_VITIS_LOOP_143_16.verbose.rpt 
Execute           AP::get_flow_target_display_name
Execute         db_write -model attention_v2_pruned_Pipeline_VITIS_LOOP_141_15_VITIS_LOOP_143_16 -f -o /home/cym/prj2/finn/notebooks/icl_thesis-master/experiments/qks_v3_s0_s10_s20_s30_exploratory_hls/q16_qksv3_s10/q16_qksv3_s10_hls/solution1/.autopilot/db/attention_v2_pruned_Pipeline_VITIS_LOOP_141_15_VITIS_LOOP_143_16.adb 
Execute         db_write -model attention_v2_pruned_Pipeline_VITIS_LOOP_141_15_VITIS_LOOP_143_16 -bindview -o /home/cym/prj2/finn/notebooks/icl_thesis-master/experiments/qks_v3_s0_s10_s20_s30_exploratory_hls/q16_qksv3_s10/q16_qksv3_s10_hls/solution1/.autopilot/db/design.bindinfo.xml 
Execute         gen_tb_info attention_v2_pruned_Pipeline_VITIS_LOOP_141_15_VITIS_LOOP_143_16 -p /home/cym/prj2/finn/notebooks/icl_thesis-master/experiments/qks_v3_s0_s10_s20_s30_exploratory_hls/q16_qksv3_s10/q16_qksv3_s10_hls/solution1/.autopilot/db -o /home/cym/prj2/finn/notebooks/icl_thesis-master/experiments/qks_v3_s0_s10_s20_s30_exploratory_hls/q16_qksv3_s10/q16_qksv3_s10_hls/solution1/.autopilot/db/attention_v2_pruned_Pipeline_VITIS_LOOP_141_15_VITIS_LOOP_143_16 
INFO: [HLS 200-10] ----------------------------------------------------------------
INFO: [HLS 200-10] -- Generating RTL for module 'attention_v2_pruned_Pipeline_VITIS_LOOP_153_18' 
INFO: [HLS 200-10] ----------------------------------------------------------------
Execute         create_rtl_model attention_v2_pruned_Pipeline_VITIS_LOOP_153_18 -top_prefix q16_qksv3_s10_ -sub_prefix q16_qksv3_s10_ -mg_file /home/cym/prj2/finn/notebooks/icl_thesis-master/experiments/qks_v3_s0_s10_s20_s30_exploratory_hls/q16_qksv3_s10/q16_qksv3_s10_hls/solution1/.autopilot/db/attention_v2_pruned_Pipeline_VITIS_LOOP_153_18.compgen.tcl 
INFO: [SYN 201-210] Renamed object name 'attention_v2_pruned_Pipeline_VITIS_LOOP_153_18_layers_0_attention_output_weight_V_ROM_AUTO_1R' to 'attention_v2_pruned_Pipeline_VITIS_LOOP_153_18_layers_0_attention_output_weigeOg' due to the length limit 80
INFO: [HLS 200-1030] Apply Unified Pipeline Control on module 'attention_v2_pruned_Pipeline_VITIS_LOOP_153_18' pipeline 'VITIS_LOOP_153_18' pipeline type 'loop pipeline'
INFO: [RTGEN 206-100] Generating core module 'mul_mul_10s_16s_26_4_1': 1 instance(s).
INFO: [RTGEN 206-100] Finished creating RTL model for 'attention_v2_pruned_Pipeline_VITIS_LOOP_153_18'.
INFO: [RTMG 210-279] Implementing memory 'q16_qksv3_s10_attention_v2_pruned_Pipeline_VITIS_LOOP_153_18_layers_0_attention_output_weigeOg' using auto ROMs.
INFO: [HLS 200-111] Finished Creating RTL model: CPU user time: 0.1 seconds. CPU system time: 0 seconds. Elapsed time: 0.11 seconds; current allocated memory: 667.480 MB.
Execute         source /home/cym/prj2/finn/notebooks/icl_thesis-master/experiments/qks_v3_s0_s10_s20_s30_exploratory_hls/q16_qksv3_s10/q16_qksv3_s10_hls/solution1/.autopilot/db/q16_qksv3_s10.rtl_wrap.cfg.tcl 
Execute         gen_rtl attention_v2_pruned_Pipeline_VITIS_LOOP_153_18 -style xilinx -f -lang vhdl -o /home/cym/prj2/finn/notebooks/icl_thesis-master/experiments/qks_v3_s0_s10_s20_s30_exploratory_hls/q16_qksv3_s10/q16_qksv3_s10_hls/solution1/syn/vhdl/q16_qksv3_s10_attention_v2_pruned_Pipeline_VITIS_LOOP_153_18 
Execute         gen_rtl attention_v2_pruned_Pipeline_VITIS_LOOP_153_18 -style xilinx -f -lang vlog -o /home/cym/prj2/finn/notebooks/icl_thesis-master/experiments/qks_v3_s0_s10_s20_s30_exploratory_hls/q16_qksv3_s10/q16_qksv3_s10_hls/solution1/syn/verilog/q16_qksv3_s10_attention_v2_pruned_Pipeline_VITIS_LOOP_153_18 
Execute         syn_report -csynth -model attention_v2_pruned_Pipeline_VITIS_LOOP_153_18 -o /home/cym/prj2/finn/notebooks/icl_thesis-master/experiments/qks_v3_s0_s10_s20_s30_exploratory_hls/q16_qksv3_s10/q16_qksv3_s10_hls/solution1/syn/report/attention_v2_pruned_Pipeline_VITIS_LOOP_153_18_csynth.rpt 
Execute           AP::get_flow_target_display_name
Execute         syn_report -rtlxml -model attention_v2_pruned_Pipeline_VITIS_LOOP_153_18 -o /home/cym/prj2/finn/notebooks/icl_thesis-master/experiments/qks_v3_s0_s10_s20_s30_exploratory_hls/q16_qksv3_s10/q16_qksv3_s10_hls/solution1/syn/report/attention_v2_pruned_Pipeline_VITIS_LOOP_153_18_csynth.xml 
Execute         syn_report -verbosereport -model attention_v2_pruned_Pipeline_VITIS_LOOP_153_18 -o /home/cym/prj2/finn/notebooks/icl_thesis-master/experiments/qks_v3_s0_s10_s20_s30_exploratory_hls/q16_qksv3_s10/q16_qksv3_s10_hls/solution1/.autopilot/db/attention_v2_pruned_Pipeline_VITIS_LOOP_153_18.verbose.rpt 
Execute           AP::get_flow_target_display_name
Execute         db_write -model attention_v2_pruned_Pipeline_VITIS_LOOP_153_18 -f -o /home/cym/prj2/finn/notebooks/icl_thesis-master/experiments/qks_v3_s0_s10_s20_s30_exploratory_hls/q16_qksv3_s10/q16_qksv3_s10_hls/solution1/.autopilot/db/attention_v2_pruned_Pipeline_VITIS_LOOP_153_18.adb 
Execute         db_write -model attention_v2_pruned_Pipeline_VITIS_LOOP_153_18 -bindview -o /home/cym/prj2/finn/notebooks/icl_thesis-master/experiments/qks_v3_s0_s10_s20_s30_exploratory_hls/q16_qksv3_s10/q16_qksv3_s10_hls/solution1/.autopilot/db/design.bindinfo.xml 
Execute         gen_tb_info attention_v2_pruned_Pipeline_VITIS_LOOP_153_18 -p /home/cym/prj2/finn/notebooks/icl_thesis-master/experiments/qks_v3_s0_s10_s20_s30_exploratory_hls/q16_qksv3_s10/q16_qksv3_s10_hls/solution1/.autopilot/db -o /home/cym/prj2/finn/notebooks/icl_thesis-master/experiments/qks_v3_s0_s10_s20_s30_exploratory_hls/q16_qksv3_s10/q16_qksv3_s10_hls/solution1/.autopilot/db/attention_v2_pruned_Pipeline_VITIS_LOOP_153_18 
INFO: [HLS 200-10] ----------------------------------------------------------------
INFO: [HLS 200-10] -- Generating RTL for module 'attention_v2_pruned' 
INFO: [HLS 200-10] ----------------------------------------------------------------
Execute         create_rtl_model attention_v2_pruned -top_prefix q16_qksv3_s10_ -sub_prefix q16_qksv3_s10_ -mg_file /home/cym/prj2/finn/notebooks/icl_thesis-master/experiments/qks_v3_s0_s10_s20_s30_exploratory_hls/q16_qksv3_s10/q16_qksv3_s10_hls/solution1/.autopilot/db/attention_v2_pruned.compgen.tcl 
INFO: [RTGEN 206-100] Generating core module 'fdiv_32ns_32ns_32_16_no_dsp_1': 1 instance(s).
INFO: [RTGEN 206-100] Generating core module 'fexp_32ns_32ns_32_10_full_dsp_1': 1 instance(s).
INFO: [RTGEN 206-100] Generating core module 'fpext_32ns_64_2_no_dsp_1': 1 instance(s).
INFO: [RTGEN 206-100] Finished creating RTL model for 'attention_v2_pruned'.
INFO: [RTMG 210-279] Implementing memory 'q16_qksv3_s10_attention_v2_pruned_layers_0_attention_output_bias_V_ROM_AUTO_1R' using auto ROMs.
INFO: [RTMG 210-278] Implementing memory 'q16_qksv3_s10_attention_v2_pruned_Q_V_RAM_AUTO_1R1W' using auto RAMs.
INFO: [RTMG 210-278] Implementing memory 'q16_qksv3_s10_attention_v2_pruned_V_V_RAM_AUTO_1R1W' using auto RAMs.
INFO: [RTMG 210-278] Implementing memory 'q16_qksv3_s10_attention_v2_pruned_K_sum_V_RAM_AUTO_1R1W' using auto RAMs.
INFO: [RTMG 210-278] Implementing memory 'q16_qksv3_s10_attention_v2_pruned_attended_V_RAM_AUTO_1R1W' using auto RAMs.
INFO: [HLS 200-111] Finished Creating RTL model: CPU user time: 0.13 seconds. CPU system time: 0.01 seconds. Elapsed time: 0.14 seconds; current allocated memory: 672.398 MB.
Execute         source /home/cym/prj2/finn/notebooks/icl_thesis-master/experiments/qks_v3_s0_s10_s20_s30_exploratory_hls/q16_qksv3_s10/q16_qksv3_s10_hls/solution1/.autopilot/db/q16_qksv3_s10.rtl_wrap.cfg.tcl 
Execute         gen_rtl attention_v2_pruned -style xilinx -f -lang vhdl -o /home/cym/prj2/finn/notebooks/icl_thesis-master/experiments/qks_v3_s0_s10_s20_s30_exploratory_hls/q16_qksv3_s10/q16_qksv3_s10_hls/solution1/syn/vhdl/q16_qksv3_s10_attention_v2_pruned 
Execute         gen_rtl attention_v2_pruned -style xilinx -f -lang vlog -o /home/cym/prj2/finn/notebooks/icl_thesis-master/experiments/qks_v3_s0_s10_s20_s30_exploratory_hls/q16_qksv3_s10/q16_qksv3_s10_hls/solution1/syn/verilog/q16_qksv3_s10_attention_v2_pruned 
Execute         syn_report -csynth -model attention_v2_pruned -o /home/cym/prj2/finn/notebooks/icl_thesis-master/experiments/qks_v3_s0_s10_s20_s30_exploratory_hls/q16_qksv3_s10/q16_qksv3_s10_hls/solution1/syn/report/attention_v2_pruned_csynth.rpt 
Execute           AP::get_flow_target_display_name
Command         syn_report done; 0.16 sec.
Execute         syn_report -rtlxml -model attention_v2_pruned -o /home/cym/prj2/finn/notebooks/icl_thesis-master/experiments/qks_v3_s0_s10_s20_s30_exploratory_hls/q16_qksv3_s10/q16_qksv3_s10_hls/solution1/syn/report/attention_v2_pruned_csynth.xml 
Execute         syn_report -verbosereport -model attention_v2_pruned -o /home/cym/prj2/finn/notebooks/icl_thesis-master/experiments/qks_v3_s0_s10_s20_s30_exploratory_hls/q16_qksv3_s10/q16_qksv3_s10_hls/solution1/.autopilot/db/attention_v2_pruned.verbose.rpt 
Execute           AP::get_flow_target_display_name
Command         syn_report done; 0.5 sec.
Execute         db_write -model attention_v2_pruned -f -o /home/cym/prj2/finn/notebooks/icl_thesis-master/experiments/qks_v3_s0_s10_s20_s30_exploratory_hls/q16_qksv3_s10/q16_qksv3_s10_hls/solution1/.autopilot/db/attention_v2_pruned.adb 
Execute         db_write -model attention_v2_pruned -bindview -o /home/cym/prj2/finn/notebooks/icl_thesis-master/experiments/qks_v3_s0_s10_s20_s30_exploratory_hls/q16_qksv3_s10/q16_qksv3_s10_hls/solution1/.autopilot/db/design.bindinfo.xml 
Execute         gen_tb_info attention_v2_pruned -p /home/cym/prj2/finn/notebooks/icl_thesis-master/experiments/qks_v3_s0_s10_s20_s30_exploratory_hls/q16_qksv3_s10/q16_qksv3_s10_hls/solution1/.autopilot/db -o /home/cym/prj2/finn/notebooks/icl_thesis-master/experiments/qks_v3_s0_s10_s20_s30_exploratory_hls/q16_qksv3_s10/q16_qksv3_s10_hls/solution1/.autopilot/db/attention_v2_pruned 
INFO: [HLS 200-10] ----------------------------------------------------------------
INFO: [HLS 200-10] -- Generating RTL for module 'layer_norm_1' 
INFO: [HLS 200-10] ----------------------------------------------------------------
Execute         create_rtl_model layer_norm.1 -top_prefix q16_qksv3_s10_ -sub_prefix q16_qksv3_s10_ -mg_file /home/cym/prj2/finn/notebooks/icl_thesis-master/experiments/qks_v3_s0_s10_s20_s30_exploratory_hls/q16_qksv3_s10/q16_qksv3_s10_hls/solution1/.autopilot/db/layer_norm_1.compgen.tcl 
INFO: [RTGEN 206-100] Generating core module 'am_submul_16s_16s_16s_26_4_1': 16 instance(s).
INFO: [RTGEN 206-100] Generating core module 'fadd_32ns_32ns_32_5_full_dsp_1': 1 instance(s).
INFO: [RTGEN 206-100] Generating core module 'fdiv_32ns_32ns_32_16_no_dsp_1': 1 instance(s).
INFO: [RTGEN 206-100] Generating core module 'fpext_32ns_64_2_no_dsp_1': 1 instance(s).
INFO: [RTGEN 206-100] Generating core module 'fsqrt_32ns_32ns_32_16_no_dsp_1': 1 instance(s).
INFO: [RTGEN 206-100] Generating core module 'mac_muladd_16s_10ns_16ns_26_4_1': 1 instance(s).
INFO: [RTGEN 206-100] Generating core module 'mac_muladd_16s_10ns_16s_26_4_1': 2 instance(s).
INFO: [RTGEN 206-100] Generating core module 'mac_muladd_16s_10ns_18s_26_4_1': 1 instance(s).
INFO: [RTGEN 206-100] Generating core module 'mac_muladd_16s_11ns_15ns_26_4_1': 2 instance(s).
INFO: [RTGEN 206-100] Generating core module 'mac_muladd_16s_11ns_15s_26_4_1': 1 instance(s).
INFO: [RTGEN 206-100] Generating core module 'mac_muladd_16s_11ns_16ns_26_4_1': 2 instance(s).
INFO: [RTGEN 206-100] Generating core module 'mac_muladd_16s_11ns_16s_26_4_1': 2 instance(s).
INFO: [RTGEN 206-100] Generating core module 'mac_muladd_16s_11ns_17s_26_4_1': 4 instance(s).
INFO: [RTGEN 206-100] Generating core module 'mac_muladd_16s_11ns_18s_26_4_1': 1 instance(s).
INFO: [RTGEN 206-100] Generating core module 'mac_muladd_16s_16s_30ns_30_4_1': 15 instance(s).
INFO: [RTGEN 206-100] Generating core module 'mul_mul_16s_16s_30_4_1': 1 instance(s).
INFO: [RTGEN 206-100] Finished creating RTL model for 'layer_norm_1'.
Command         create_rtl_model done; 0.14 sec.
INFO: [HLS 200-111] Finished Creating RTL model: CPU user time: 1.06 seconds. CPU system time: 0.01 seconds. Elapsed time: 1.07 seconds; current allocated memory: 684.465 MB.
Execute         source /home/cym/prj2/finn/notebooks/icl_thesis-master/experiments/qks_v3_s0_s10_s20_s30_exploratory_hls/q16_qksv3_s10/q16_qksv3_s10_hls/solution1/.autopilot/db/q16_qksv3_s10.rtl_wrap.cfg.tcl 
Execute         gen_rtl layer_norm.1 -style xilinx -f -lang vhdl -o /home/cym/prj2/finn/notebooks/icl_thesis-master/experiments/qks_v3_s0_s10_s20_s30_exploratory_hls/q16_qksv3_s10/q16_qksv3_s10_hls/solution1/syn/vhdl/q16_qksv3_s10_layer_norm_1 
Execute         gen_rtl layer_norm.1 -style xilinx -f -lang vlog -o /home/cym/prj2/finn/notebooks/icl_thesis-master/experiments/qks_v3_s0_s10_s20_s30_exploratory_hls/q16_qksv3_s10/q16_qksv3_s10_hls/solution1/syn/verilog/q16_qksv3_s10_layer_norm_1 
Execute         syn_report -csynth -model layer_norm.1 -o /home/cym/prj2/finn/notebooks/icl_thesis-master/experiments/qks_v3_s0_s10_s20_s30_exploratory_hls/q16_qksv3_s10/q16_qksv3_s10_hls/solution1/syn/report/layer_norm_1_csynth.rpt 
Execute           AP::get_flow_target_display_name
Command         syn_report done; 0.11 sec.
Execute         syn_report -rtlxml -model layer_norm.1 -o /home/cym/prj2/finn/notebooks/icl_thesis-master/experiments/qks_v3_s0_s10_s20_s30_exploratory_hls/q16_qksv3_s10/q16_qksv3_s10_hls/solution1/syn/report/layer_norm_1_csynth.xml 
Execute         syn_report -verbosereport -model layer_norm.1 -o /home/cym/prj2/finn/notebooks/icl_thesis-master/experiments/qks_v3_s0_s10_s20_s30_exploratory_hls/q16_qksv3_s10/q16_qksv3_s10_hls/solution1/.autopilot/db/layer_norm_1.verbose.rpt 
Execute           AP::get_flow_target_display_name
Command         syn_report done; 0.27 sec.
Execute         db_write -model layer_norm.1 -f -o /home/cym/prj2/finn/notebooks/icl_thesis-master/experiments/qks_v3_s0_s10_s20_s30_exploratory_hls/q16_qksv3_s10/q16_qksv3_s10_hls/solution1/.autopilot/db/layer_norm_1.adb 
Execute         db_write -model layer_norm.1 -bindview -o /home/cym/prj2/finn/notebooks/icl_thesis-master/experiments/qks_v3_s0_s10_s20_s30_exploratory_hls/q16_qksv3_s10/q16_qksv3_s10_hls/solution1/.autopilot/db/design.bindinfo.xml 
Execute         gen_tb_info layer_norm.1 -p /home/cym/prj2/finn/notebooks/icl_thesis-master/experiments/qks_v3_s0_s10_s20_s30_exploratory_hls/q16_qksv3_s10/q16_qksv3_s10_hls/solution1/.autopilot/db -o /home/cym/prj2/finn/notebooks/icl_thesis-master/experiments/qks_v3_s0_s10_s20_s30_exploratory_hls/q16_qksv3_s10/q16_qksv3_s10_hls/solution1/.autopilot/db/layer_norm_1 
INFO: [HLS 200-10] ----------------------------------------------------------------
INFO: [HLS 200-10] -- Generating RTL for module 'q16_qksv3_s10_Pipeline_VITIS_LOOP_243_4' 
INFO: [HLS 200-10] ----------------------------------------------------------------
Execute         create_rtl_model q16_qksv3_s10_Pipeline_VITIS_LOOP_243_4 -top_prefix q16_qksv3_s10_ -sub_prefix q16_qksv3_s10_ -mg_file /home/cym/prj2/finn/notebooks/icl_thesis-master/experiments/qks_v3_s0_s10_s20_s30_exploratory_hls/q16_qksv3_s10/q16_qksv3_s10_hls/solution1/.autopilot/db/q16_qksv3_s10_Pipeline_VITIS_LOOP_243_4.compgen.tcl 
INFO: [HLS 200-1030] Apply Unified Pipeline Control on module 'q16_qksv3_s10_Pipeline_VITIS_LOOP_243_4' pipeline 'VITIS_LOOP_243_4' pipeline type 'loop pipeline'
INFO: [RTGEN 206-100] Finished creating RTL model for 'q16_qksv3_s10_Pipeline_VITIS_LOOP_243_4'.
INFO: [HLS 200-111] Finished Creating RTL model: CPU user time: 0.62 seconds. CPU system time: 0.02 seconds. Elapsed time: 0.63 seconds; current allocated memory: 696.137 MB.
Execute         source /home/cym/prj2/finn/notebooks/icl_thesis-master/experiments/qks_v3_s0_s10_s20_s30_exploratory_hls/q16_qksv3_s10/q16_qksv3_s10_hls/solution1/.autopilot/db/q16_qksv3_s10.rtl_wrap.cfg.tcl 
Execute         gen_rtl q16_qksv3_s10_Pipeline_VITIS_LOOP_243_4 -style xilinx -f -lang vhdl -o /home/cym/prj2/finn/notebooks/icl_thesis-master/experiments/qks_v3_s0_s10_s20_s30_exploratory_hls/q16_qksv3_s10/q16_qksv3_s10_hls/solution1/syn/vhdl/q16_qksv3_s10_q16_qksv3_s10_Pipeline_VITIS_LOOP_243_4 
Execute         gen_rtl q16_qksv3_s10_Pipeline_VITIS_LOOP_243_4 -style xilinx -f -lang vlog -o /home/cym/prj2/finn/notebooks/icl_thesis-master/experiments/qks_v3_s0_s10_s20_s30_exploratory_hls/q16_qksv3_s10/q16_qksv3_s10_hls/solution1/syn/verilog/q16_qksv3_s10_q16_qksv3_s10_Pipeline_VITIS_LOOP_243_4 
Execute         syn_report -csynth -model q16_qksv3_s10_Pipeline_VITIS_LOOP_243_4 -o /home/cym/prj2/finn/notebooks/icl_thesis-master/experiments/qks_v3_s0_s10_s20_s30_exploratory_hls/q16_qksv3_s10/q16_qksv3_s10_hls/solution1/syn/report/q16_qksv3_s10_Pipeline_VITIS_LOOP_243_4_csynth.rpt 
Execute           AP::get_flow_target_display_name
Execute         syn_report -rtlxml -model q16_qksv3_s10_Pipeline_VITIS_LOOP_243_4 -o /home/cym/prj2/finn/notebooks/icl_thesis-master/experiments/qks_v3_s0_s10_s20_s30_exploratory_hls/q16_qksv3_s10/q16_qksv3_s10_hls/solution1/syn/report/q16_qksv3_s10_Pipeline_VITIS_LOOP_243_4_csynth.xml 
Execute         syn_report -verbosereport -model q16_qksv3_s10_Pipeline_VITIS_LOOP_243_4 -o /home/cym/prj2/finn/notebooks/icl_thesis-master/experiments/qks_v3_s0_s10_s20_s30_exploratory_hls/q16_qksv3_s10/q16_qksv3_s10_hls/solution1/.autopilot/db/q16_qksv3_s10_Pipeline_VITIS_LOOP_243_4.verbose.rpt 
Execute           AP::get_flow_target_display_name
Command         syn_report done; 0.19 sec.
Execute         db_write -model q16_qksv3_s10_Pipeline_VITIS_LOOP_243_4 -f -o /home/cym/prj2/finn/notebooks/icl_thesis-master/experiments/qks_v3_s0_s10_s20_s30_exploratory_hls/q16_qksv3_s10/q16_qksv3_s10_hls/solution1/.autopilot/db/q16_qksv3_s10_Pipeline_VITIS_LOOP_243_4.adb 
Execute         db_write -model q16_qksv3_s10_Pipeline_VITIS_LOOP_243_4 -bindview -o /home/cym/prj2/finn/notebooks/icl_thesis-master/experiments/qks_v3_s0_s10_s20_s30_exploratory_hls/q16_qksv3_s10/q16_qksv3_s10_hls/solution1/.autopilot/db/design.bindinfo.xml 
Execute         gen_tb_info q16_qksv3_s10_Pipeline_VITIS_LOOP_243_4 -p /home/cym/prj2/finn/notebooks/icl_thesis-master/experiments/qks_v3_s0_s10_s20_s30_exploratory_hls/q16_qksv3_s10/q16_qksv3_s10_hls/solution1/.autopilot/db -o /home/cym/prj2/finn/notebooks/icl_thesis-master/experiments/qks_v3_s0_s10_s20_s30_exploratory_hls/q16_qksv3_s10/q16_qksv3_s10_hls/solution1/.autopilot/db/q16_qksv3_s10_Pipeline_VITIS_LOOP_243_4 
INFO: [HLS 200-10] ----------------------------------------------------------------
INFO: [HLS 200-10] -- Generating RTL for module 'q16_qksv3_s10_Pipeline_VITIS_LOOP_178_3' 
INFO: [HLS 200-10] ----------------------------------------------------------------
Execute         create_rtl_model q16_qksv3_s10_Pipeline_VITIS_LOOP_178_3 -top_prefix q16_qksv3_s10_ -sub_prefix q16_qksv3_s10_ -mg_file /home/cym/prj2/finn/notebooks/icl_thesis-master/experiments/qks_v3_s0_s10_s20_s30_exploratory_hls/q16_qksv3_s10/q16_qksv3_s10_hls/solution1/.autopilot/db/q16_qksv3_s10_Pipeline_VITIS_LOOP_178_3.compgen.tcl 
INFO: [SYN 201-210] Renamed object name 'q16_qksv3_s10_Pipeline_VITIS_LOOP_178_3_layers_0_feedforward_0_weight_V_ROM_AUTO_1R' to 'q16_qksv3_s10_Pipeline_VITIS_LOOP_178_3_layers_0_feedforward_0_weight_V_ROM_AfYi' due to the length limit 80
INFO: [HLS 200-1030] Apply Unified Pipeline Control on module 'q16_qksv3_s10_Pipeline_VITIS_LOOP_178_3' pipeline 'VITIS_LOOP_178_3' pipeline type 'loop pipeline'
INFO: [RTGEN 206-100] Generating core module 'mul_mul_11s_16s_27_4_1': 1 instance(s).
INFO: [RTGEN 206-100] Finished creating RTL model for 'q16_qksv3_s10_Pipeline_VITIS_LOOP_178_3'.
INFO: [RTMG 210-279] Implementing memory 'q16_qksv3_s10_q16_qksv3_s10_Pipeline_VITIS_LOOP_178_3_layers_0_feedforward_0_weight_V_ROM_AfYi' using auto ROMs.
INFO: [HLS 200-111] Finished Creating RTL model: CPU user time: 0.25 seconds. CPU system time: 0 seconds. Elapsed time: 0.25 seconds; current allocated memory: 696.637 MB.
Execute         source /home/cym/prj2/finn/notebooks/icl_thesis-master/experiments/qks_v3_s0_s10_s20_s30_exploratory_hls/q16_qksv3_s10/q16_qksv3_s10_hls/solution1/.autopilot/db/q16_qksv3_s10.rtl_wrap.cfg.tcl 
Execute         gen_rtl q16_qksv3_s10_Pipeline_VITIS_LOOP_178_3 -style xilinx -f -lang vhdl -o /home/cym/prj2/finn/notebooks/icl_thesis-master/experiments/qks_v3_s0_s10_s20_s30_exploratory_hls/q16_qksv3_s10/q16_qksv3_s10_hls/solution1/syn/vhdl/q16_qksv3_s10_q16_qksv3_s10_Pipeline_VITIS_LOOP_178_3 
Execute         gen_rtl q16_qksv3_s10_Pipeline_VITIS_LOOP_178_3 -style xilinx -f -lang vlog -o /home/cym/prj2/finn/notebooks/icl_thesis-master/experiments/qks_v3_s0_s10_s20_s30_exploratory_hls/q16_qksv3_s10/q16_qksv3_s10_hls/solution1/syn/verilog/q16_qksv3_s10_q16_qksv3_s10_Pipeline_VITIS_LOOP_178_3 
Execute         syn_report -csynth -model q16_qksv3_s10_Pipeline_VITIS_LOOP_178_3 -o /home/cym/prj2/finn/notebooks/icl_thesis-master/experiments/qks_v3_s0_s10_s20_s30_exploratory_hls/q16_qksv3_s10/q16_qksv3_s10_hls/solution1/syn/report/q16_qksv3_s10_Pipeline_VITIS_LOOP_178_3_csynth.rpt 
Execute           AP::get_flow_target_display_name
Execute         syn_report -rtlxml -model q16_qksv3_s10_Pipeline_VITIS_LOOP_178_3 -o /home/cym/prj2/finn/notebooks/icl_thesis-master/experiments/qks_v3_s0_s10_s20_s30_exploratory_hls/q16_qksv3_s10/q16_qksv3_s10_hls/solution1/syn/report/q16_qksv3_s10_Pipeline_VITIS_LOOP_178_3_csynth.xml 
Execute         syn_report -verbosereport -model q16_qksv3_s10_Pipeline_VITIS_LOOP_178_3 -o /home/cym/prj2/finn/notebooks/icl_thesis-master/experiments/qks_v3_s0_s10_s20_s30_exploratory_hls/q16_qksv3_s10/q16_qksv3_s10_hls/solution1/.autopilot/db/q16_qksv3_s10_Pipeline_VITIS_LOOP_178_3.verbose.rpt 
Execute           AP::get_flow_target_display_name
Execute         db_write -model q16_qksv3_s10_Pipeline_VITIS_LOOP_178_3 -f -o /home/cym/prj2/finn/notebooks/icl_thesis-master/experiments/qks_v3_s0_s10_s20_s30_exploratory_hls/q16_qksv3_s10/q16_qksv3_s10_hls/solution1/.autopilot/db/q16_qksv3_s10_Pipeline_VITIS_LOOP_178_3.adb 
Execute         db_write -model q16_qksv3_s10_Pipeline_VITIS_LOOP_178_3 -bindview -o /home/cym/prj2/finn/notebooks/icl_thesis-master/experiments/qks_v3_s0_s10_s20_s30_exploratory_hls/q16_qksv3_s10/q16_qksv3_s10_hls/solution1/.autopilot/db/design.bindinfo.xml 
Execute         gen_tb_info q16_qksv3_s10_Pipeline_VITIS_LOOP_178_3 -p /home/cym/prj2/finn/notebooks/icl_thesis-master/experiments/qks_v3_s0_s10_s20_s30_exploratory_hls/q16_qksv3_s10/q16_qksv3_s10_hls/solution1/.autopilot/db -o /home/cym/prj2/finn/notebooks/icl_thesis-master/experiments/qks_v3_s0_s10_s20_s30_exploratory_hls/q16_qksv3_s10/q16_qksv3_s10_hls/solution1/.autopilot/db/q16_qksv3_s10_Pipeline_VITIS_LOOP_178_3 
INFO: [HLS 200-10] ----------------------------------------------------------------
INFO: [HLS 200-10] -- Generating RTL for module 'q16_qksv3_s10_Pipeline_VITIS_LOOP_189_5' 
INFO: [HLS 200-10] ----------------------------------------------------------------
Execute         create_rtl_model q16_qksv3_s10_Pipeline_VITIS_LOOP_189_5 -top_prefix q16_qksv3_s10_ -sub_prefix q16_qksv3_s10_ -mg_file /home/cym/prj2/finn/notebooks/icl_thesis-master/experiments/qks_v3_s0_s10_s20_s30_exploratory_hls/q16_qksv3_s10/q16_qksv3_s10_hls/solution1/.autopilot/db/q16_qksv3_s10_Pipeline_VITIS_LOOP_189_5.compgen.tcl 
INFO: [SYN 201-210] Renamed object name 'q16_qksv3_s10_Pipeline_VITIS_LOOP_189_5_layers_0_feedforward_3_weight_V_ROM_AUTO_1R' to 'q16_qksv3_s10_Pipeline_VITIS_LOOP_189_5_layers_0_feedforward_3_weight_V_ROM_Ag8j' due to the length limit 80
INFO: [HLS 200-1030] Apply Unified Pipeline Control on module 'q16_qksv3_s10_Pipeline_VITIS_LOOP_189_5' pipeline 'VITIS_LOOP_189_5' pipeline type 'loop pipeline'
INFO: [RTGEN 206-100] Generating core module 'mul_mul_10s_15ns_25_4_1': 1 instance(s).
INFO: [RTGEN 206-100] Finished creating RTL model for 'q16_qksv3_s10_Pipeline_VITIS_LOOP_189_5'.
INFO: [RTMG 210-279] Implementing memory 'q16_qksv3_s10_q16_qksv3_s10_Pipeline_VITIS_LOOP_189_5_layers_0_feedforward_3_weight_V_ROM_Ag8j' using auto ROMs.
INFO: [HLS 200-111] Finished Creating RTL model: CPU user time: 0.09 seconds. CPU system time: 0.01 seconds. Elapsed time: 0.1 seconds; current allocated memory: 697.902 MB.
Execute         source /home/cym/prj2/finn/notebooks/icl_thesis-master/experiments/qks_v3_s0_s10_s20_s30_exploratory_hls/q16_qksv3_s10/q16_qksv3_s10_hls/solution1/.autopilot/db/q16_qksv3_s10.rtl_wrap.cfg.tcl 
Execute         gen_rtl q16_qksv3_s10_Pipeline_VITIS_LOOP_189_5 -style xilinx -f -lang vhdl -o /home/cym/prj2/finn/notebooks/icl_thesis-master/experiments/qks_v3_s0_s10_s20_s30_exploratory_hls/q16_qksv3_s10/q16_qksv3_s10_hls/solution1/syn/vhdl/q16_qksv3_s10_q16_qksv3_s10_Pipeline_VITIS_LOOP_189_5 
Execute         gen_rtl q16_qksv3_s10_Pipeline_VITIS_LOOP_189_5 -style xilinx -f -lang vlog -o /home/cym/prj2/finn/notebooks/icl_thesis-master/experiments/qks_v3_s0_s10_s20_s30_exploratory_hls/q16_qksv3_s10/q16_qksv3_s10_hls/solution1/syn/verilog/q16_qksv3_s10_q16_qksv3_s10_Pipeline_VITIS_LOOP_189_5 
Execute         syn_report -csynth -model q16_qksv3_s10_Pipeline_VITIS_LOOP_189_5 -o /home/cym/prj2/finn/notebooks/icl_thesis-master/experiments/qks_v3_s0_s10_s20_s30_exploratory_hls/q16_qksv3_s10/q16_qksv3_s10_hls/solution1/syn/report/q16_qksv3_s10_Pipeline_VITIS_LOOP_189_5_csynth.rpt 
Execute           AP::get_flow_target_display_name
Execute         syn_report -rtlxml -model q16_qksv3_s10_Pipeline_VITIS_LOOP_189_5 -o /home/cym/prj2/finn/notebooks/icl_thesis-master/experiments/qks_v3_s0_s10_s20_s30_exploratory_hls/q16_qksv3_s10/q16_qksv3_s10_hls/solution1/syn/report/q16_qksv3_s10_Pipeline_VITIS_LOOP_189_5_csynth.xml 
Execute         syn_report -verbosereport -model q16_qksv3_s10_Pipeline_VITIS_LOOP_189_5 -o /home/cym/prj2/finn/notebooks/icl_thesis-master/experiments/qks_v3_s0_s10_s20_s30_exploratory_hls/q16_qksv3_s10/q16_qksv3_s10_hls/solution1/.autopilot/db/q16_qksv3_s10_Pipeline_VITIS_LOOP_189_5.verbose.rpt 
Execute           AP::get_flow_target_display_name
Execute         db_write -model q16_qksv3_s10_Pipeline_VITIS_LOOP_189_5 -f -o /home/cym/prj2/finn/notebooks/icl_thesis-master/experiments/qks_v3_s0_s10_s20_s30_exploratory_hls/q16_qksv3_s10/q16_qksv3_s10_hls/solution1/.autopilot/db/q16_qksv3_s10_Pipeline_VITIS_LOOP_189_5.adb 
Execute         db_write -model q16_qksv3_s10_Pipeline_VITIS_LOOP_189_5 -bindview -o /home/cym/prj2/finn/notebooks/icl_thesis-master/experiments/qks_v3_s0_s10_s20_s30_exploratory_hls/q16_qksv3_s10/q16_qksv3_s10_hls/solution1/.autopilot/db/design.bindinfo.xml 
Execute         gen_tb_info q16_qksv3_s10_Pipeline_VITIS_LOOP_189_5 -p /home/cym/prj2/finn/notebooks/icl_thesis-master/experiments/qks_v3_s0_s10_s20_s30_exploratory_hls/q16_qksv3_s10/q16_qksv3_s10_hls/solution1/.autopilot/db -o /home/cym/prj2/finn/notebooks/icl_thesis-master/experiments/qks_v3_s0_s10_s20_s30_exploratory_hls/q16_qksv3_s10/q16_qksv3_s10_hls/solution1/.autopilot/db/q16_qksv3_s10_Pipeline_VITIS_LOOP_189_5 
INFO: [HLS 200-10] ----------------------------------------------------------------
INFO: [HLS 200-10] -- Generating RTL for module 'q16_qksv3_s10_Pipeline_VITIS_LOOP_196_6' 
INFO: [HLS 200-10] ----------------------------------------------------------------
Execute         create_rtl_model q16_qksv3_s10_Pipeline_VITIS_LOOP_196_6 -top_prefix q16_qksv3_s10_ -sub_prefix q16_qksv3_s10_ -mg_file /home/cym/prj2/finn/notebooks/icl_thesis-master/experiments/qks_v3_s0_s10_s20_s30_exploratory_hls/q16_qksv3_s10/q16_qksv3_s10_hls/solution1/.autopilot/db/q16_qksv3_s10_Pipeline_VITIS_LOOP_196_6.compgen.tcl 
INFO: [HLS 200-1030] Apply Unified Pipeline Control on module 'q16_qksv3_s10_Pipeline_VITIS_LOOP_196_6' pipeline 'VITIS_LOOP_196_6' pipeline type 'loop pipeline'
INFO: [RTGEN 206-100] Finished creating RTL model for 'q16_qksv3_s10_Pipeline_VITIS_LOOP_196_6'.
INFO: [HLS 200-111] Finished Creating RTL model: CPU user time: 0.07 seconds. CPU system time: 0.01 seconds. Elapsed time: 0.07 seconds; current allocated memory: 699.234 MB.
Execute         source /home/cym/prj2/finn/notebooks/icl_thesis-master/experiments/qks_v3_s0_s10_s20_s30_exploratory_hls/q16_qksv3_s10/q16_qksv3_s10_hls/solution1/.autopilot/db/q16_qksv3_s10.rtl_wrap.cfg.tcl 
Execute         gen_rtl q16_qksv3_s10_Pipeline_VITIS_LOOP_196_6 -style xilinx -f -lang vhdl -o /home/cym/prj2/finn/notebooks/icl_thesis-master/experiments/qks_v3_s0_s10_s20_s30_exploratory_hls/q16_qksv3_s10/q16_qksv3_s10_hls/solution1/syn/vhdl/q16_qksv3_s10_q16_qksv3_s10_Pipeline_VITIS_LOOP_196_6 
Execute         gen_rtl q16_qksv3_s10_Pipeline_VITIS_LOOP_196_6 -style xilinx -f -lang vlog -o /home/cym/prj2/finn/notebooks/icl_thesis-master/experiments/qks_v3_s0_s10_s20_s30_exploratory_hls/q16_qksv3_s10/q16_qksv3_s10_hls/solution1/syn/verilog/q16_qksv3_s10_q16_qksv3_s10_Pipeline_VITIS_LOOP_196_6 
Execute         syn_report -csynth -model q16_qksv3_s10_Pipeline_VITIS_LOOP_196_6 -o /home/cym/prj2/finn/notebooks/icl_thesis-master/experiments/qks_v3_s0_s10_s20_s30_exploratory_hls/q16_qksv3_s10/q16_qksv3_s10_hls/solution1/syn/report/q16_qksv3_s10_Pipeline_VITIS_LOOP_196_6_csynth.rpt 
Execute           AP::get_flow_target_display_name
Execute         syn_report -rtlxml -model q16_qksv3_s10_Pipeline_VITIS_LOOP_196_6 -o /home/cym/prj2/finn/notebooks/icl_thesis-master/experiments/qks_v3_s0_s10_s20_s30_exploratory_hls/q16_qksv3_s10/q16_qksv3_s10_hls/solution1/syn/report/q16_qksv3_s10_Pipeline_VITIS_LOOP_196_6_csynth.xml 
Execute         syn_report -verbosereport -model q16_qksv3_s10_Pipeline_VITIS_LOOP_196_6 -o /home/cym/prj2/finn/notebooks/icl_thesis-master/experiments/qks_v3_s0_s10_s20_s30_exploratory_hls/q16_qksv3_s10/q16_qksv3_s10_hls/solution1/.autopilot/db/q16_qksv3_s10_Pipeline_VITIS_LOOP_196_6.verbose.rpt 
Execute           AP::get_flow_target_display_name
Execute         db_write -model q16_qksv3_s10_Pipeline_VITIS_LOOP_196_6 -f -o /home/cym/prj2/finn/notebooks/icl_thesis-master/experiments/qks_v3_s0_s10_s20_s30_exploratory_hls/q16_qksv3_s10/q16_qksv3_s10_hls/solution1/.autopilot/db/q16_qksv3_s10_Pipeline_VITIS_LOOP_196_6.adb 
Execute         db_write -model q16_qksv3_s10_Pipeline_VITIS_LOOP_196_6 -bindview -o /home/cym/prj2/finn/notebooks/icl_thesis-master/experiments/qks_v3_s0_s10_s20_s30_exploratory_hls/q16_qksv3_s10/q16_qksv3_s10_hls/solution1/.autopilot/db/design.bindinfo.xml 
Execute         gen_tb_info q16_qksv3_s10_Pipeline_VITIS_LOOP_196_6 -p /home/cym/prj2/finn/notebooks/icl_thesis-master/experiments/qks_v3_s0_s10_s20_s30_exploratory_hls/q16_qksv3_s10/q16_qksv3_s10_hls/solution1/.autopilot/db -o /home/cym/prj2/finn/notebooks/icl_thesis-master/experiments/qks_v3_s0_s10_s20_s30_exploratory_hls/q16_qksv3_s10/q16_qksv3_s10_hls/solution1/.autopilot/db/q16_qksv3_s10_Pipeline_VITIS_LOOP_196_6 
INFO: [HLS 200-10] ----------------------------------------------------------------
INFO: [HLS 200-10] -- Generating RTL for module 'q16_qksv3_s10_Pipeline_VITIS_LOOP_256_5' 
INFO: [HLS 200-10] ----------------------------------------------------------------
Execute         create_rtl_model q16_qksv3_s10_Pipeline_VITIS_LOOP_256_5 -top_prefix q16_qksv3_s10_ -sub_prefix q16_qksv3_s10_ -mg_file /home/cym/prj2/finn/notebooks/icl_thesis-master/experiments/qks_v3_s0_s10_s20_s30_exploratory_hls/q16_qksv3_s10/q16_qksv3_s10_hls/solution1/.autopilot/db/q16_qksv3_s10_Pipeline_VITIS_LOOP_256_5.compgen.tcl 
INFO: [HLS 200-1030] Apply Unified Pipeline Control on module 'q16_qksv3_s10_Pipeline_VITIS_LOOP_256_5' pipeline 'VITIS_LOOP_256_5' pipeline type 'loop pipeline'
INFO: [RTGEN 206-100] Finished creating RTL model for 'q16_qksv3_s10_Pipeline_VITIS_LOOP_256_5'.
INFO: [HLS 200-111] Finished Creating RTL model: CPU user time: 0.07 seconds. CPU system time: 0 seconds. Elapsed time: 0.07 seconds; current allocated memory: 700.801 MB.
Execute         source /home/cym/prj2/finn/notebooks/icl_thesis-master/experiments/qks_v3_s0_s10_s20_s30_exploratory_hls/q16_qksv3_s10/q16_qksv3_s10_hls/solution1/.autopilot/db/q16_qksv3_s10.rtl_wrap.cfg.tcl 
Execute         gen_rtl q16_qksv3_s10_Pipeline_VITIS_LOOP_256_5 -style xilinx -f -lang vhdl -o /home/cym/prj2/finn/notebooks/icl_thesis-master/experiments/qks_v3_s0_s10_s20_s30_exploratory_hls/q16_qksv3_s10/q16_qksv3_s10_hls/solution1/syn/vhdl/q16_qksv3_s10_q16_qksv3_s10_Pipeline_VITIS_LOOP_256_5 
Execute         gen_rtl q16_qksv3_s10_Pipeline_VITIS_LOOP_256_5 -style xilinx -f -lang vlog -o /home/cym/prj2/finn/notebooks/icl_thesis-master/experiments/qks_v3_s0_s10_s20_s30_exploratory_hls/q16_qksv3_s10/q16_qksv3_s10_hls/solution1/syn/verilog/q16_qksv3_s10_q16_qksv3_s10_Pipeline_VITIS_LOOP_256_5 
Execute         syn_report -csynth -model q16_qksv3_s10_Pipeline_VITIS_LOOP_256_5 -o /home/cym/prj2/finn/notebooks/icl_thesis-master/experiments/qks_v3_s0_s10_s20_s30_exploratory_hls/q16_qksv3_s10/q16_qksv3_s10_hls/solution1/syn/report/q16_qksv3_s10_Pipeline_VITIS_LOOP_256_5_csynth.rpt 
Execute           AP::get_flow_target_display_name
Execute         syn_report -rtlxml -model q16_qksv3_s10_Pipeline_VITIS_LOOP_256_5 -o /home/cym/prj2/finn/notebooks/icl_thesis-master/experiments/qks_v3_s0_s10_s20_s30_exploratory_hls/q16_qksv3_s10/q16_qksv3_s10_hls/solution1/syn/report/q16_qksv3_s10_Pipeline_VITIS_LOOP_256_5_csynth.xml 
Execute         syn_report -verbosereport -model q16_qksv3_s10_Pipeline_VITIS_LOOP_256_5 -o /home/cym/prj2/finn/notebooks/icl_thesis-master/experiments/qks_v3_s0_s10_s20_s30_exploratory_hls/q16_qksv3_s10/q16_qksv3_s10_hls/solution1/.autopilot/db/q16_qksv3_s10_Pipeline_VITIS_LOOP_256_5.verbose.rpt 
Execute           AP::get_flow_target_display_name
Command         syn_report done; 0.16 sec.
Execute         db_write -model q16_qksv3_s10_Pipeline_VITIS_LOOP_256_5 -f -o /home/cym/prj2/finn/notebooks/icl_thesis-master/experiments/qks_v3_s0_s10_s20_s30_exploratory_hls/q16_qksv3_s10/q16_qksv3_s10_hls/solution1/.autopilot/db/q16_qksv3_s10_Pipeline_VITIS_LOOP_256_5.adb 
Execute         db_write -model q16_qksv3_s10_Pipeline_VITIS_LOOP_256_5 -bindview -o /home/cym/prj2/finn/notebooks/icl_thesis-master/experiments/qks_v3_s0_s10_s20_s30_exploratory_hls/q16_qksv3_s10/q16_qksv3_s10_hls/solution1/.autopilot/db/design.bindinfo.xml 
Execute         gen_tb_info q16_qksv3_s10_Pipeline_VITIS_LOOP_256_5 -p /home/cym/prj2/finn/notebooks/icl_thesis-master/experiments/qks_v3_s0_s10_s20_s30_exploratory_hls/q16_qksv3_s10/q16_qksv3_s10_hls/solution1/.autopilot/db -o /home/cym/prj2/finn/notebooks/icl_thesis-master/experiments/qks_v3_s0_s10_s20_s30_exploratory_hls/q16_qksv3_s10/q16_qksv3_s10_hls/solution1/.autopilot/db/q16_qksv3_s10_Pipeline_VITIS_LOOP_256_5 
INFO: [HLS 200-10] ----------------------------------------------------------------
INFO: [HLS 200-10] -- Generating RTL for module 'q16_qksv3_s10_Pipeline_VITIS_LOOP_261_6_VITIS_LOOP_263_7' 
INFO: [HLS 200-10] ----------------------------------------------------------------
Execute         create_rtl_model q16_qksv3_s10_Pipeline_VITIS_LOOP_261_6_VITIS_LOOP_263_7 -top_prefix q16_qksv3_s10_ -sub_prefix q16_qksv3_s10_ -mg_file /home/cym/prj2/finn/notebooks/icl_thesis-master/experiments/qks_v3_s0_s10_s20_s30_exploratory_hls/q16_qksv3_s10/q16_qksv3_s10_hls/solution1/.autopilot/db/q16_qksv3_s10_Pipeline_VITIS_LOOP_261_6_VITIS_LOOP_263_7.compgen.tcl 
INFO: [HLS 200-1030] Apply Unified Pipeline Control on module 'q16_qksv3_s10_Pipeline_VITIS_LOOP_261_6_VITIS_LOOP_263_7' pipeline 'VITIS_LOOP_261_6_VITIS_LOOP_263_7' pipeline type 'loop pipeline'
INFO: [RTGEN 206-100] Generating core module 'mul_34s_36ns_69_2_1': 1 instance(s).
INFO: [RTGEN 206-100] Finished creating RTL model for 'q16_qksv3_s10_Pipeline_VITIS_LOOP_261_6_VITIS_LOOP_263_7'.
INFO: [HLS 200-111] Finished Creating RTL model: CPU user time: 0.21 seconds. CPU system time: 0 seconds. Elapsed time: 0.21 seconds; current allocated memory: 702.156 MB.
Execute         source /home/cym/prj2/finn/notebooks/icl_thesis-master/experiments/qks_v3_s0_s10_s20_s30_exploratory_hls/q16_qksv3_s10/q16_qksv3_s10_hls/solution1/.autopilot/db/q16_qksv3_s10.rtl_wrap.cfg.tcl 
Execute         gen_rtl q16_qksv3_s10_Pipeline_VITIS_LOOP_261_6_VITIS_LOOP_263_7 -style xilinx -f -lang vhdl -o /home/cym/prj2/finn/notebooks/icl_thesis-master/experiments/qks_v3_s0_s10_s20_s30_exploratory_hls/q16_qksv3_s10/q16_qksv3_s10_hls/solution1/syn/vhdl/q16_qksv3_s10_q16_qksv3_s10_Pipeline_VITIS_LOOP_261_6_VITIS_LOOP_263_7 
Execute         gen_rtl q16_qksv3_s10_Pipeline_VITIS_LOOP_261_6_VITIS_LOOP_263_7 -style xilinx -f -lang vlog -o /home/cym/prj2/finn/notebooks/icl_thesis-master/experiments/qks_v3_s0_s10_s20_s30_exploratory_hls/q16_qksv3_s10/q16_qksv3_s10_hls/solution1/syn/verilog/q16_qksv3_s10_q16_qksv3_s10_Pipeline_VITIS_LOOP_261_6_VITIS_LOOP_263_7 
Execute         syn_report -csynth -model q16_qksv3_s10_Pipeline_VITIS_LOOP_261_6_VITIS_LOOP_263_7 -o /home/cym/prj2/finn/notebooks/icl_thesis-master/experiments/qks_v3_s0_s10_s20_s30_exploratory_hls/q16_qksv3_s10/q16_qksv3_s10_hls/solution1/syn/report/q16_qksv3_s10_Pipeline_VITIS_LOOP_261_6_VITIS_LOOP_263_7_csynth.rpt 
Execute           AP::get_flow_target_display_name
Execute         syn_report -rtlxml -model q16_qksv3_s10_Pipeline_VITIS_LOOP_261_6_VITIS_LOOP_263_7 -o /home/cym/prj2/finn/notebooks/icl_thesis-master/experiments/qks_v3_s0_s10_s20_s30_exploratory_hls/q16_qksv3_s10/q16_qksv3_s10_hls/solution1/syn/report/q16_qksv3_s10_Pipeline_VITIS_LOOP_261_6_VITIS_LOOP_263_7_csynth.xml 
Execute         syn_report -verbosereport -model q16_qksv3_s10_Pipeline_VITIS_LOOP_261_6_VITIS_LOOP_263_7 -o /home/cym/prj2/finn/notebooks/icl_thesis-master/experiments/qks_v3_s0_s10_s20_s30_exploratory_hls/q16_qksv3_s10/q16_qksv3_s10_hls/solution1/.autopilot/db/q16_qksv3_s10_Pipeline_VITIS_LOOP_261_6_VITIS_LOOP_263_7.verbose.rpt 
Execute           AP::get_flow_target_display_name
Execute         db_write -model q16_qksv3_s10_Pipeline_VITIS_LOOP_261_6_VITIS_LOOP_263_7 -f -o /home/cym/prj2/finn/notebooks/icl_thesis-master/experiments/qks_v3_s0_s10_s20_s30_exploratory_hls/q16_qksv3_s10/q16_qksv3_s10_hls/solution1/.autopilot/db/q16_qksv3_s10_Pipeline_VITIS_LOOP_261_6_VITIS_LOOP_263_7.adb 
Execute         db_write -model q16_qksv3_s10_Pipeline_VITIS_LOOP_261_6_VITIS_LOOP_263_7 -bindview -o /home/cym/prj2/finn/notebooks/icl_thesis-master/experiments/qks_v3_s0_s10_s20_s30_exploratory_hls/q16_qksv3_s10/q16_qksv3_s10_hls/solution1/.autopilot/db/design.bindinfo.xml 
Execute         gen_tb_info q16_qksv3_s10_Pipeline_VITIS_LOOP_261_6_VITIS_LOOP_263_7 -p /home/cym/prj2/finn/notebooks/icl_thesis-master/experiments/qks_v3_s0_s10_s20_s30_exploratory_hls/q16_qksv3_s10/q16_qksv3_s10_hls/solution1/.autopilot/db -o /home/cym/prj2/finn/notebooks/icl_thesis-master/experiments/qks_v3_s0_s10_s20_s30_exploratory_hls/q16_qksv3_s10/q16_qksv3_s10_hls/solution1/.autopilot/db/q16_qksv3_s10_Pipeline_VITIS_LOOP_261_6_VITIS_LOOP_263_7 
INFO: [HLS 200-10] ----------------------------------------------------------------
INFO: [HLS 200-10] -- Generating RTL for module 'layer_norm_Pipeline_VITIS_LOOP_36_1' 
INFO: [HLS 200-10] ----------------------------------------------------------------
Execute         create_rtl_model layer_norm_Pipeline_VITIS_LOOP_36_1 -top_prefix q16_qksv3_s10_ -sub_prefix q16_qksv3_s10_ -mg_file /home/cym/prj2/finn/notebooks/icl_thesis-master/experiments/qks_v3_s0_s10_s20_s30_exploratory_hls/q16_qksv3_s10/q16_qksv3_s10_hls/solution1/.autopilot/db/layer_norm_Pipeline_VITIS_LOOP_36_1.compgen.tcl 
INFO: [HLS 200-1030] Apply Unified Pipeline Control on module 'layer_norm_Pipeline_VITIS_LOOP_36_1' pipeline 'VITIS_LOOP_36_1' pipeline type 'loop pipeline'
INFO: [RTGEN 206-100] Finished creating RTL model for 'layer_norm_Pipeline_VITIS_LOOP_36_1'.
INFO: [HLS 200-111] Finished Creating RTL model: CPU user time: 0.12 seconds. CPU system time: 0.01 seconds. Elapsed time: 0.13 seconds; current allocated memory: 703.500 MB.
Execute         source /home/cym/prj2/finn/notebooks/icl_thesis-master/experiments/qks_v3_s0_s10_s20_s30_exploratory_hls/q16_qksv3_s10/q16_qksv3_s10_hls/solution1/.autopilot/db/q16_qksv3_s10.rtl_wrap.cfg.tcl 
Execute         gen_rtl layer_norm_Pipeline_VITIS_LOOP_36_1 -style xilinx -f -lang vhdl -o /home/cym/prj2/finn/notebooks/icl_thesis-master/experiments/qks_v3_s0_s10_s20_s30_exploratory_hls/q16_qksv3_s10/q16_qksv3_s10_hls/solution1/syn/vhdl/q16_qksv3_s10_layer_norm_Pipeline_VITIS_LOOP_36_1 
Execute         gen_rtl layer_norm_Pipeline_VITIS_LOOP_36_1 -style xilinx -f -lang vlog -o /home/cym/prj2/finn/notebooks/icl_thesis-master/experiments/qks_v3_s0_s10_s20_s30_exploratory_hls/q16_qksv3_s10/q16_qksv3_s10_hls/solution1/syn/verilog/q16_qksv3_s10_layer_norm_Pipeline_VITIS_LOOP_36_1 
Execute         syn_report -csynth -model layer_norm_Pipeline_VITIS_LOOP_36_1 -o /home/cym/prj2/finn/notebooks/icl_thesis-master/experiments/qks_v3_s0_s10_s20_s30_exploratory_hls/q16_qksv3_s10/q16_qksv3_s10_hls/solution1/syn/report/layer_norm_Pipeline_VITIS_LOOP_36_1_csynth.rpt 
Execute           AP::get_flow_target_display_name
Execute         syn_report -rtlxml -model layer_norm_Pipeline_VITIS_LOOP_36_1 -o /home/cym/prj2/finn/notebooks/icl_thesis-master/experiments/qks_v3_s0_s10_s20_s30_exploratory_hls/q16_qksv3_s10/q16_qksv3_s10_hls/solution1/syn/report/layer_norm_Pipeline_VITIS_LOOP_36_1_csynth.xml 
Execute         syn_report -verbosereport -model layer_norm_Pipeline_VITIS_LOOP_36_1 -o /home/cym/prj2/finn/notebooks/icl_thesis-master/experiments/qks_v3_s0_s10_s20_s30_exploratory_hls/q16_qksv3_s10/q16_qksv3_s10_hls/solution1/.autopilot/db/layer_norm_Pipeline_VITIS_LOOP_36_1.verbose.rpt 
Execute           AP::get_flow_target_display_name
Execute         db_write -model layer_norm_Pipeline_VITIS_LOOP_36_1 -f -o /home/cym/prj2/finn/notebooks/icl_thesis-master/experiments/qks_v3_s0_s10_s20_s30_exploratory_hls/q16_qksv3_s10/q16_qksv3_s10_hls/solution1/.autopilot/db/layer_norm_Pipeline_VITIS_LOOP_36_1.adb 
Execute         db_write -model layer_norm_Pipeline_VITIS_LOOP_36_1 -bindview -o /home/cym/prj2/finn/notebooks/icl_thesis-master/experiments/qks_v3_s0_s10_s20_s30_exploratory_hls/q16_qksv3_s10/q16_qksv3_s10_hls/solution1/.autopilot/db/design.bindinfo.xml 
Execute         gen_tb_info layer_norm_Pipeline_VITIS_LOOP_36_1 -p /home/cym/prj2/finn/notebooks/icl_thesis-master/experiments/qks_v3_s0_s10_s20_s30_exploratory_hls/q16_qksv3_s10/q16_qksv3_s10_hls/solution1/.autopilot/db -o /home/cym/prj2/finn/notebooks/icl_thesis-master/experiments/qks_v3_s0_s10_s20_s30_exploratory_hls/q16_qksv3_s10/q16_qksv3_s10_hls/solution1/.autopilot/db/layer_norm_Pipeline_VITIS_LOOP_36_1 
INFO: [HLS 200-10] ----------------------------------------------------------------
INFO: [HLS 200-10] -- Generating RTL for module 'layer_norm_Pipeline_VITIS_LOOP_40_2' 
INFO: [HLS 200-10] ----------------------------------------------------------------
Execute         create_rtl_model layer_norm_Pipeline_VITIS_LOOP_40_2 -top_prefix q16_qksv3_s10_ -sub_prefix q16_qksv3_s10_ -mg_file /home/cym/prj2/finn/notebooks/icl_thesis-master/experiments/qks_v3_s0_s10_s20_s30_exploratory_hls/q16_qksv3_s10/q16_qksv3_s10_hls/solution1/.autopilot/db/layer_norm_Pipeline_VITIS_LOOP_40_2.compgen.tcl 
INFO: [HLS 200-1030] Apply Unified Pipeline Control on module 'layer_norm_Pipeline_VITIS_LOOP_40_2' pipeline 'VITIS_LOOP_40_2' pipeline type 'loop pipeline'
INFO: [RTGEN 206-100] Generating core module 'mac_muladd_16s_16s_30ns_30_4_1': 1 instance(s).
INFO: [RTGEN 206-100] Finished creating RTL model for 'layer_norm_Pipeline_VITIS_LOOP_40_2'.
INFO: [HLS 200-111] Finished Creating RTL model: CPU user time: 0.05 seconds. CPU system time: 0 seconds. Elapsed time: 0.06 seconds; current allocated memory: 705.000 MB.
Execute         source /home/cym/prj2/finn/notebooks/icl_thesis-master/experiments/qks_v3_s0_s10_s20_s30_exploratory_hls/q16_qksv3_s10/q16_qksv3_s10_hls/solution1/.autopilot/db/q16_qksv3_s10.rtl_wrap.cfg.tcl 
Execute         gen_rtl layer_norm_Pipeline_VITIS_LOOP_40_2 -style xilinx -f -lang vhdl -o /home/cym/prj2/finn/notebooks/icl_thesis-master/experiments/qks_v3_s0_s10_s20_s30_exploratory_hls/q16_qksv3_s10/q16_qksv3_s10_hls/solution1/syn/vhdl/q16_qksv3_s10_layer_norm_Pipeline_VITIS_LOOP_40_2 
Execute         gen_rtl layer_norm_Pipeline_VITIS_LOOP_40_2 -style xilinx -f -lang vlog -o /home/cym/prj2/finn/notebooks/icl_thesis-master/experiments/qks_v3_s0_s10_s20_s30_exploratory_hls/q16_qksv3_s10/q16_qksv3_s10_hls/solution1/syn/verilog/q16_qksv3_s10_layer_norm_Pipeline_VITIS_LOOP_40_2 
Execute         syn_report -csynth -model layer_norm_Pipeline_VITIS_LOOP_40_2 -o /home/cym/prj2/finn/notebooks/icl_thesis-master/experiments/qks_v3_s0_s10_s20_s30_exploratory_hls/q16_qksv3_s10/q16_qksv3_s10_hls/solution1/syn/report/layer_norm_Pipeline_VITIS_LOOP_40_2_csynth.rpt 
Execute           AP::get_flow_target_display_name
Execute         syn_report -rtlxml -model layer_norm_Pipeline_VITIS_LOOP_40_2 -o /home/cym/prj2/finn/notebooks/icl_thesis-master/experiments/qks_v3_s0_s10_s20_s30_exploratory_hls/q16_qksv3_s10/q16_qksv3_s10_hls/solution1/syn/report/layer_norm_Pipeline_VITIS_LOOP_40_2_csynth.xml 
Execute         syn_report -verbosereport -model layer_norm_Pipeline_VITIS_LOOP_40_2 -o /home/cym/prj2/finn/notebooks/icl_thesis-master/experiments/qks_v3_s0_s10_s20_s30_exploratory_hls/q16_qksv3_s10/q16_qksv3_s10_hls/solution1/.autopilot/db/layer_norm_Pipeline_VITIS_LOOP_40_2.verbose.rpt 
Execute           AP::get_flow_target_display_name
Execute         db_write -model layer_norm_Pipeline_VITIS_LOOP_40_2 -f -o /home/cym/prj2/finn/notebooks/icl_thesis-master/experiments/qks_v3_s0_s10_s20_s30_exploratory_hls/q16_qksv3_s10/q16_qksv3_s10_hls/solution1/.autopilot/db/layer_norm_Pipeline_VITIS_LOOP_40_2.adb 
Execute         db_write -model layer_norm_Pipeline_VITIS_LOOP_40_2 -bindview -o /home/cym/prj2/finn/notebooks/icl_thesis-master/experiments/qks_v3_s0_s10_s20_s30_exploratory_hls/q16_qksv3_s10/q16_qksv3_s10_hls/solution1/.autopilot/db/design.bindinfo.xml 
Execute         gen_tb_info layer_norm_Pipeline_VITIS_LOOP_40_2 -p /home/cym/prj2/finn/notebooks/icl_thesis-master/experiments/qks_v3_s0_s10_s20_s30_exploratory_hls/q16_qksv3_s10/q16_qksv3_s10_hls/solution1/.autopilot/db -o /home/cym/prj2/finn/notebooks/icl_thesis-master/experiments/qks_v3_s0_s10_s20_s30_exploratory_hls/q16_qksv3_s10/q16_qksv3_s10_hls/solution1/.autopilot/db/layer_norm_Pipeline_VITIS_LOOP_40_2 
INFO: [HLS 200-10] ----------------------------------------------------------------
INFO: [HLS 200-10] -- Generating RTL for module 'layer_norm_Pipeline_VITIS_LOOP_47_3' 
INFO: [HLS 200-10] ----------------------------------------------------------------
Execute         create_rtl_model layer_norm_Pipeline_VITIS_LOOP_47_3 -top_prefix q16_qksv3_s10_ -sub_prefix q16_qksv3_s10_ -mg_file /home/cym/prj2/finn/notebooks/icl_thesis-master/experiments/qks_v3_s0_s10_s20_s30_exploratory_hls/q16_qksv3_s10/q16_qksv3_s10_hls/solution1/.autopilot/db/layer_norm_Pipeline_VITIS_LOOP_47_3.compgen.tcl 
INFO: [HLS 200-1030] Apply Unified Pipeline Control on module 'layer_norm_Pipeline_VITIS_LOOP_47_3' pipeline 'VITIS_LOOP_47_3' pipeline type 'loop pipeline'
INFO: [RTGEN 206-100] Generating core module 'am_submul_16s_16s_16s_26_4_1': 1 instance(s).
INFO: [RTGEN 206-100] Generating core module 'mac_muladd_16s_11ns_18s_26_4_1': 1 instance(s).
INFO: [RTGEN 206-100] Finished creating RTL model for 'layer_norm_Pipeline_VITIS_LOOP_47_3'.
INFO: [RTMG 210-279] Implementing memory 'q16_qksv3_s10_layer_norm_Pipeline_VITIS_LOOP_47_3_output_norm_weight_V_ROM_AUTO_1R' using auto ROMs.
INFO: [RTMG 210-279] Implementing memory 'q16_qksv3_s10_layer_norm_Pipeline_VITIS_LOOP_47_3_output_norm_bias_V_ROM_AUTO_1R' using auto ROMs.
INFO: [HLS 200-111] Finished Creating RTL model: CPU user time: 0.06 seconds. CPU system time: 0.01 seconds. Elapsed time: 0.07 seconds; current allocated memory: 705.918 MB.
Execute         source /home/cym/prj2/finn/notebooks/icl_thesis-master/experiments/qks_v3_s0_s10_s20_s30_exploratory_hls/q16_qksv3_s10/q16_qksv3_s10_hls/solution1/.autopilot/db/q16_qksv3_s10.rtl_wrap.cfg.tcl 
Execute         gen_rtl layer_norm_Pipeline_VITIS_LOOP_47_3 -style xilinx -f -lang vhdl -o /home/cym/prj2/finn/notebooks/icl_thesis-master/experiments/qks_v3_s0_s10_s20_s30_exploratory_hls/q16_qksv3_s10/q16_qksv3_s10_hls/solution1/syn/vhdl/q16_qksv3_s10_layer_norm_Pipeline_VITIS_LOOP_47_3 
Execute         gen_rtl layer_norm_Pipeline_VITIS_LOOP_47_3 -style xilinx -f -lang vlog -o /home/cym/prj2/finn/notebooks/icl_thesis-master/experiments/qks_v3_s0_s10_s20_s30_exploratory_hls/q16_qksv3_s10/q16_qksv3_s10_hls/solution1/syn/verilog/q16_qksv3_s10_layer_norm_Pipeline_VITIS_LOOP_47_3 
Execute         syn_report -csynth -model layer_norm_Pipeline_VITIS_LOOP_47_3 -o /home/cym/prj2/finn/notebooks/icl_thesis-master/experiments/qks_v3_s0_s10_s20_s30_exploratory_hls/q16_qksv3_s10/q16_qksv3_s10_hls/solution1/syn/report/layer_norm_Pipeline_VITIS_LOOP_47_3_csynth.rpt 
Execute           AP::get_flow_target_display_name
Execute         syn_report -rtlxml -model layer_norm_Pipeline_VITIS_LOOP_47_3 -o /home/cym/prj2/finn/notebooks/icl_thesis-master/experiments/qks_v3_s0_s10_s20_s30_exploratory_hls/q16_qksv3_s10/q16_qksv3_s10_hls/solution1/syn/report/layer_norm_Pipeline_VITIS_LOOP_47_3_csynth.xml 
Execute         syn_report -verbosereport -model layer_norm_Pipeline_VITIS_LOOP_47_3 -o /home/cym/prj2/finn/notebooks/icl_thesis-master/experiments/qks_v3_s0_s10_s20_s30_exploratory_hls/q16_qksv3_s10/q16_qksv3_s10_hls/solution1/.autopilot/db/layer_norm_Pipeline_VITIS_LOOP_47_3.verbose.rpt 
Execute           AP::get_flow_target_display_name
Execute         db_write -model layer_norm_Pipeline_VITIS_LOOP_47_3 -f -o /home/cym/prj2/finn/notebooks/icl_thesis-master/experiments/qks_v3_s0_s10_s20_s30_exploratory_hls/q16_qksv3_s10/q16_qksv3_s10_hls/solution1/.autopilot/db/layer_norm_Pipeline_VITIS_LOOP_47_3.adb 
Execute         db_write -model layer_norm_Pipeline_VITIS_LOOP_47_3 -bindview -o /home/cym/prj2/finn/notebooks/icl_thesis-master/experiments/qks_v3_s0_s10_s20_s30_exploratory_hls/q16_qksv3_s10/q16_qksv3_s10_hls/solution1/.autopilot/db/design.bindinfo.xml 
Execute         gen_tb_info layer_norm_Pipeline_VITIS_LOOP_47_3 -p /home/cym/prj2/finn/notebooks/icl_thesis-master/experiments/qks_v3_s0_s10_s20_s30_exploratory_hls/q16_qksv3_s10/q16_qksv3_s10_hls/solution1/.autopilot/db -o /home/cym/prj2/finn/notebooks/icl_thesis-master/experiments/qks_v3_s0_s10_s20_s30_exploratory_hls/q16_qksv3_s10/q16_qksv3_s10_hls/solution1/.autopilot/db/layer_norm_Pipeline_VITIS_LOOP_47_3 
INFO: [HLS 200-10] ----------------------------------------------------------------
INFO: [HLS 200-10] -- Generating RTL for module 'layer_norm' 
INFO: [HLS 200-10] ----------------------------------------------------------------
Execute         create_rtl_model layer_norm -top_prefix q16_qksv3_s10_ -sub_prefix q16_qksv3_s10_ -mg_file /home/cym/prj2/finn/notebooks/icl_thesis-master/experiments/qks_v3_s0_s10_s20_s30_exploratory_hls/q16_qksv3_s10/q16_qksv3_s10_hls/solution1/.autopilot/db/layer_norm.compgen.tcl 
INFO: [RTGEN 206-100] Generating core module 'fadd_32ns_32ns_32_5_full_dsp_1': 1 instance(s).
INFO: [RTGEN 206-100] Generating core module 'fdiv_32ns_32ns_32_16_no_dsp_1': 1 instance(s).
INFO: [RTGEN 206-100] Generating core module 'fpext_32ns_64_2_no_dsp_1': 1 instance(s).
INFO: [RTGEN 206-100] Generating core module 'fsqrt_32ns_32ns_32_16_no_dsp_1': 1 instance(s).
INFO: [RTGEN 206-100] Finished creating RTL model for 'layer_norm'.
INFO: [HLS 200-111] Finished Creating RTL model: CPU user time: 0.09 seconds. CPU system time: 0 seconds. Elapsed time: 0.11 seconds; current allocated memory: 707.883 MB.
Execute         source /home/cym/prj2/finn/notebooks/icl_thesis-master/experiments/qks_v3_s0_s10_s20_s30_exploratory_hls/q16_qksv3_s10/q16_qksv3_s10_hls/solution1/.autopilot/db/q16_qksv3_s10.rtl_wrap.cfg.tcl 
Execute         gen_rtl layer_norm -style xilinx -f -lang vhdl -o /home/cym/prj2/finn/notebooks/icl_thesis-master/experiments/qks_v3_s0_s10_s20_s30_exploratory_hls/q16_qksv3_s10/q16_qksv3_s10_hls/solution1/syn/vhdl/q16_qksv3_s10_layer_norm 
Execute         gen_rtl layer_norm -style xilinx -f -lang vlog -o /home/cym/prj2/finn/notebooks/icl_thesis-master/experiments/qks_v3_s0_s10_s20_s30_exploratory_hls/q16_qksv3_s10/q16_qksv3_s10_hls/solution1/syn/verilog/q16_qksv3_s10_layer_norm 
Execute         syn_report -csynth -model layer_norm -o /home/cym/prj2/finn/notebooks/icl_thesis-master/experiments/qks_v3_s0_s10_s20_s30_exploratory_hls/q16_qksv3_s10/q16_qksv3_s10_hls/solution1/syn/report/layer_norm_csynth.rpt 
Execute           AP::get_flow_target_display_name
Execute         syn_report -rtlxml -model layer_norm -o /home/cym/prj2/finn/notebooks/icl_thesis-master/experiments/qks_v3_s0_s10_s20_s30_exploratory_hls/q16_qksv3_s10/q16_qksv3_s10_hls/solution1/syn/report/layer_norm_csynth.xml 
Execute         syn_report -verbosereport -model layer_norm -o /home/cym/prj2/finn/notebooks/icl_thesis-master/experiments/qks_v3_s0_s10_s20_s30_exploratory_hls/q16_qksv3_s10/q16_qksv3_s10_hls/solution1/.autopilot/db/layer_norm.verbose.rpt 
Execute           AP::get_flow_target_display_name
Command         syn_report done; 0.17 sec.
Execute         db_write -model layer_norm -f -o /home/cym/prj2/finn/notebooks/icl_thesis-master/experiments/qks_v3_s0_s10_s20_s30_exploratory_hls/q16_qksv3_s10/q16_qksv3_s10_hls/solution1/.autopilot/db/layer_norm.adb 
Execute         db_write -model layer_norm -bindview -o /home/cym/prj2/finn/notebooks/icl_thesis-master/experiments/qks_v3_s0_s10_s20_s30_exploratory_hls/q16_qksv3_s10/q16_qksv3_s10_hls/solution1/.autopilot/db/design.bindinfo.xml 
Execute         gen_tb_info layer_norm -p /home/cym/prj2/finn/notebooks/icl_thesis-master/experiments/qks_v3_s0_s10_s20_s30_exploratory_hls/q16_qksv3_s10/q16_qksv3_s10_hls/solution1/.autopilot/db -o /home/cym/prj2/finn/notebooks/icl_thesis-master/experiments/qks_v3_s0_s10_s20_s30_exploratory_hls/q16_qksv3_s10/q16_qksv3_s10_hls/solution1/.autopilot/db/layer_norm 
INFO: [HLS 200-10] ----------------------------------------------------------------
INFO: [HLS 200-10] -- Generating RTL for module 'q16_qksv3_s10' 
INFO: [HLS 200-10] ----------------------------------------------------------------
Execute         create_rtl_model q16_qksv3_s10 -top_prefix  -sub_prefix q16_qksv3_s10_ -mg_file /home/cym/prj2/finn/notebooks/icl_thesis-master/experiments/qks_v3_s0_s10_s20_s30_exploratory_hls/q16_qksv3_s10/q16_qksv3_s10_hls/solution1/.autopilot/db/q16_qksv3_s10.compgen.tcl 
WARNING: [RTGEN 206-101] Design contains AXI ports. Reset is fixed to synchronous and active low.
INFO: [RTGEN 206-500] Setting interface mode on port 'q16_qksv3_s10/gmem0' to 'm_axi'.
INFO: [RTGEN 206-500] Setting interface mode on port 'q16_qksv3_s10/gmem2' to 'm_axi'.
INFO: [RTGEN 206-500] Setting interface mode on port 'q16_qksv3_s10/gmem1' to 'm_axi'.
INFO: [RTGEN 206-500] Setting interface mode on port 'q16_qksv3_s10/input_r' to 's_axilite & ap_none'.
INFO: [RTGEN 206-500] Setting interface mode on port 'q16_qksv3_s10/token_indices' to 's_axilite & ap_none'.
INFO: [RTGEN 206-500] Setting interface mode on port 'q16_qksv3_s10/logits' to 's_axilite & ap_none'.
INFO: [RTGEN 206-500] Setting interface mode on function 'q16_qksv3_s10' to 's_axilite & ap_ctrl_hs'.
INFO: [RTGEN 206-100] Bundling port 'input_r', 'token_indices', 'logits' and 'return' to AXI-Lite port control.
INFO: [RTGEN 206-100] Generating core module 'fdiv_32ns_32ns_32_16_no_dsp_1': 1 instance(s).
INFO: [RTGEN 206-100] Generating core module 'fpext_32ns_64_2_no_dsp_1': 1 instance(s).
INFO: [RTGEN 206-100] Generating core module 'mac_muladd_16s_10ns_26ns_26_4_1': 1 instance(s).
INFO: [RTGEN 206-100] Generating core module 'mac_muladd_16s_10s_25s_26_4_1': 1 instance(s).
INFO: [RTGEN 206-100] Generating core module 'mac_muladd_16s_10s_26ns_26_4_1': 4 instance(s).
INFO: [RTGEN 206-100] Generating core module 'mac_muladd_16s_7ns_26s_26_4_1': 3 instance(s).
INFO: [RTGEN 206-100] Generating core module 'mac_muladd_16s_8ns_25s_26_4_1': 1 instance(s).
INFO: [RTGEN 206-100] Generating core module 'mac_muladd_16s_8ns_26s_26_4_1': 2 instance(s).
INFO: [RTGEN 206-100] Generating core module 'mac_muladd_16s_8s_26s_26_4_1': 1 instance(s).
INFO: [RTGEN 206-100] Generating core module 'mac_muladd_16s_9ns_18s_25_4_1': 1 instance(s).
INFO: [RTGEN 206-100] Generating core module 'mac_muladd_16s_9ns_26ns_26_4_1': 5 instance(s).
INFO: [RTGEN 206-100] Generating core module 'mac_muladd_16s_9s_19s_24_4_1': 1 instance(s).
INFO: [RTGEN 206-100] Generating core module 'mac_muladd_16s_9s_26s_26_4_1': 4 instance(s).
INFO: [RTGEN 206-100] Finished creating RTL model for 'q16_qksv3_s10'.
INFO: [RTMG 210-279] Implementing memory 'q16_qksv3_s10_input_projection_bias_V_ROM_AUTO_1R' using auto ROMs.
INFO: [RTMG 210-279] Implementing memory 'q16_qksv3_s10_position_embedding_V_ROM_AUTO_1R' using auto ROMs.
INFO: [RTMG 210-279] Implementing memory 'q16_qksv3_s10_layers_0_feedforward_0_bias_V_ROM_AUTO_1R' using auto ROMs.
INFO: [RTMG 210-279] Implementing memory 'q16_qksv3_s10_layers_0_feedforward_3_bias_V_ROM_AUTO_1R' using auto ROMs.
INFO: [RTMG 210-278] Implementing memory 'q16_qksv3_s10_hidden_V_RAM_AUTO_1R1W' using auto RAMs.
INFO: [RTMG 210-278] Implementing memory 'q16_qksv3_s10_ff_out_V_RAM_AUTO_1R1W' using auto RAMs.
INFO: [RTMG 210-278] Implementing memory 'q16_qksv3_s10_x_V_RAM_AUTO_1R1W' using auto RAMs.
INFO: [RTMG 210-278] Implementing memory 'q16_qksv3_s10_pooled_V_RAM_AUTO_1R1W' using auto RAMs.
Command         create_rtl_model done; 0.18 sec.
INFO: [HLS 200-111] Finished Creating RTL model: CPU user time: 0.49 seconds. CPU system time: 0.03 seconds. Elapsed time: 0.52 seconds; current allocated memory: 715.074 MB.
Execute         source /home/cym/prj2/finn/notebooks/icl_thesis-master/experiments/qks_v3_s0_s10_s20_s30_exploratory_hls/q16_qksv3_s10/q16_qksv3_s10_hls/solution1/.autopilot/db/q16_qksv3_s10.rtl_wrap.cfg.tcl 
Execute         gen_rtl q16_qksv3_s10 -istop -style xilinx -f -lang vhdl -o /home/cym/prj2/finn/notebooks/icl_thesis-master/experiments/qks_v3_s0_s10_s20_s30_exploratory_hls/q16_qksv3_s10/q16_qksv3_s10_hls/solution1/syn/vhdl/q16_qksv3_s10 
Execute         gen_rtl q16_qksv3_s10 -istop -style xilinx -f -lang vlog -o /home/cym/prj2/finn/notebooks/icl_thesis-master/experiments/qks_v3_s0_s10_s20_s30_exploratory_hls/q16_qksv3_s10/q16_qksv3_s10_hls/solution1/syn/verilog/q16_qksv3_s10 
Execute         syn_report -csynth -model q16_qksv3_s10 -o /home/cym/prj2/finn/notebooks/icl_thesis-master/experiments/qks_v3_s0_s10_s20_s30_exploratory_hls/q16_qksv3_s10/q16_qksv3_s10_hls/solution1/syn/report/q16_qksv3_s10_csynth.rpt 
Execute           AP::get_flow_target_display_name
Execute         syn_report -rtlxml -model q16_qksv3_s10 -o /home/cym/prj2/finn/notebooks/icl_thesis-master/experiments/qks_v3_s0_s10_s20_s30_exploratory_hls/q16_qksv3_s10/q16_qksv3_s10_hls/solution1/syn/report/q16_qksv3_s10_csynth.xml 
Execute         syn_report -verbosereport -model q16_qksv3_s10 -o /home/cym/prj2/finn/notebooks/icl_thesis-master/experiments/qks_v3_s0_s10_s20_s30_exploratory_hls/q16_qksv3_s10/q16_qksv3_s10_hls/solution1/.autopilot/db/q16_qksv3_s10.verbose.rpt 
Execute           AP::get_flow_target_display_name
Command         syn_report done; 0.89 sec.
Execute         db_write -model q16_qksv3_s10 -f -o /home/cym/prj2/finn/notebooks/icl_thesis-master/experiments/qks_v3_s0_s10_s20_s30_exploratory_hls/q16_qksv3_s10/q16_qksv3_s10_hls/solution1/.autopilot/db/q16_qksv3_s10.adb 
Execute         db_write -model q16_qksv3_s10 -bindview -o /home/cym/prj2/finn/notebooks/icl_thesis-master/experiments/qks_v3_s0_s10_s20_s30_exploratory_hls/q16_qksv3_s10/q16_qksv3_s10_hls/solution1/.autopilot/db/design.bindinfo.xml 
Execute         gen_tb_info q16_qksv3_s10 -p /home/cym/prj2/finn/notebooks/icl_thesis-master/experiments/qks_v3_s0_s10_s20_s30_exploratory_hls/q16_qksv3_s10/q16_qksv3_s10_hls/solution1/.autopilot/db -o /home/cym/prj2/finn/notebooks/icl_thesis-master/experiments/qks_v3_s0_s10_s20_s30_exploratory_hls/q16_qksv3_s10/q16_qksv3_s10_hls/solution1/.autopilot/db/q16_qksv3_s10 
Execute         export_constraint_db -f -tool general -o /home/cym/prj2/finn/notebooks/icl_thesis-master/experiments/qks_v3_s0_s10_s20_s30_exploratory_hls/q16_qksv3_s10/q16_qksv3_s10_hls/solution1/.autopilot/db/q16_qksv3_s10.constraint.tcl 
Execute         syn_report -designview -model q16_qksv3_s10 -o /home/cym/prj2/finn/notebooks/icl_thesis-master/experiments/qks_v3_s0_s10_s20_s30_exploratory_hls/q16_qksv3_s10/q16_qksv3_s10_hls/solution1/.autopilot/db/q16_qksv3_s10.design.xml 
Command         syn_report done; 0.52 sec.
Execute         syn_report -csynthDesign -model q16_qksv3_s10 -o /home/cym/prj2/finn/notebooks/icl_thesis-master/experiments/qks_v3_s0_s10_s20_s30_exploratory_hls/q16_qksv3_s10/q16_qksv3_s10_hls/solution1/syn/report/csynth.rpt 
Execute           AP::get_flow_target_display_name
Execute         syn_report -wcfg -model q16_qksv3_s10 -o /home/cym/prj2/finn/notebooks/icl_thesis-master/experiments/qks_v3_s0_s10_s20_s30_exploratory_hls/q16_qksv3_s10/q16_qksv3_s10_hls/solution1/.autopilot/db/q16_qksv3_s10_dataflow_ana.wcfg 
Execute         syn_report -protoinst -model q16_qksv3_s10 -o /home/cym/prj2/finn/notebooks/icl_thesis-master/experiments/qks_v3_s0_s10_s20_s30_exploratory_hls/q16_qksv3_s10/q16_qksv3_s10_hls/solution1/.autopilot/db/q16_qksv3_s10.protoinst 
Execute         sc_get_clocks q16_qksv3_s10 
Execute         sc_get_portdomain q16_qksv3_s10 
INFO-FLOW: Model list for RTL component generation: q16_qksv3_s10_Pipeline_VITIS_LOOP_222_3 attention_v2_pruned_Pipeline_VITIS_LOOP_75_2_VITIS_LOOP_77_3 attention_v2_pruned_Pipeline_VITIS_LOOP_87_5 attention_v2_pruned_Pipeline_VITIS_LOOP_97_7 attention_v2_pruned_Pipeline_VITIS_LOOP_107_8_VITIS_LOOP_108_9_VITIS_LOOP_110_10 attention_v2_pruned_Pipeline_VITIS_LOOP_122_12 attention_v2_pruned_Pipeline_VITIS_LOOP_133_14 attention_v2_pruned_Pipeline_VITIS_LOOP_141_15_VITIS_LOOP_143_16 attention_v2_pruned_Pipeline_VITIS_LOOP_153_18 attention_v2_pruned layer_norm.1 q16_qksv3_s10_Pipeline_VITIS_LOOP_243_4 q16_qksv3_s10_Pipeline_VITIS_LOOP_178_3 q16_qksv3_s10_Pipeline_VITIS_LOOP_189_5 q16_qksv3_s10_Pipeline_VITIS_LOOP_196_6 q16_qksv3_s10_Pipeline_VITIS_LOOP_256_5 q16_qksv3_s10_Pipeline_VITIS_LOOP_261_6_VITIS_LOOP_263_7 layer_norm_Pipeline_VITIS_LOOP_36_1 layer_norm_Pipeline_VITIS_LOOP_40_2 layer_norm_Pipeline_VITIS_LOOP_47_3 layer_norm q16_qksv3_s10
INFO-FLOW: Handling components in module [q16_qksv3_s10_Pipeline_VITIS_LOOP_222_3] ... 
Execute         source /home/cym/prj2/finn/notebooks/icl_thesis-master/experiments/qks_v3_s0_s10_s20_s30_exploratory_hls/q16_qksv3_s10/q16_qksv3_s10_hls/solution1/.autopilot/db/q16_qksv3_s10_Pipeline_VITIS_LOOP_222_3.compgen.tcl 
INFO-FLOW: Found component q16_qksv3_s10_mul_mul_9s_16s_25_4_1.
INFO-FLOW: Append model q16_qksv3_s10_mul_mul_9s_16s_25_4_1
INFO-FLOW: Found component q16_qksv3_s10_q16_qksv3_s10_Pipeline_VITIS_LOOP_222_3_input_projection_weight_V_ROM_AUTO_1R.
INFO-FLOW: Append model q16_qksv3_s10_q16_qksv3_s10_Pipeline_VITIS_LOOP_222_3_input_projection_weight_V_ROM_AUTO_1R
INFO-FLOW: Found component q16_qksv3_s10_flow_control_loop_pipe_sequential_init.
INFO-FLOW: Append model q16_qksv3_s10_flow_control_loop_pipe_sequential_init
INFO-FLOW: Handling components in module [attention_v2_pruned_Pipeline_VITIS_LOOP_75_2_VITIS_LOOP_77_3] ... 
Execute         source /home/cym/prj2/finn/notebooks/icl_thesis-master/experiments/qks_v3_s0_s10_s20_s30_exploratory_hls/q16_qksv3_s10/q16_qksv3_s10_hls/solution1/.autopilot/db/attention_v2_pruned_Pipeline_VITIS_LOOP_75_2_VITIS_LOOP_77_3.compgen.tcl 
INFO-FLOW: Found component q16_qksv3_s10_mul_mul_10s_16s_26_4_1.
INFO-FLOW: Append model q16_qksv3_s10_mul_mul_10s_16s_26_4_1
INFO-FLOW: Found component q16_qksv3_s10_attention_v2_pruned_Pipeline_VITIS_LOOP_75_2_VITIS_LOOP_77_3_layers_0_attentibkb.
INFO-FLOW: Append model q16_qksv3_s10_attention_v2_pruned_Pipeline_VITIS_LOOP_75_2_VITIS_LOOP_77_3_layers_0_attentibkb
INFO-FLOW: Found component q16_qksv3_s10_flow_control_loop_pipe_sequential_init.
INFO-FLOW: Append model q16_qksv3_s10_flow_control_loop_pipe_sequential_init
INFO-FLOW: Handling components in module [attention_v2_pruned_Pipeline_VITIS_LOOP_87_5] ... 
Execute         source /home/cym/prj2/finn/notebooks/icl_thesis-master/experiments/qks_v3_s0_s10_s20_s30_exploratory_hls/q16_qksv3_s10/q16_qksv3_s10_hls/solution1/.autopilot/db/attention_v2_pruned_Pipeline_VITIS_LOOP_87_5.compgen.tcl 
INFO-FLOW: Found component q16_qksv3_s10_mul_mul_12s_16s_28_4_1.
INFO-FLOW: Append model q16_qksv3_s10_mul_mul_12s_16s_28_4_1
INFO-FLOW: Found component q16_qksv3_s10_attention_v2_pruned_Pipeline_VITIS_LOOP_87_5_layers_0_attention_query_weight_cud.
INFO-FLOW: Append model q16_qksv3_s10_attention_v2_pruned_Pipeline_VITIS_LOOP_87_5_layers_0_attention_query_weight_cud
INFO-FLOW: Found component q16_qksv3_s10_flow_control_loop_pipe_sequential_init.
INFO-FLOW: Append model q16_qksv3_s10_flow_control_loop_pipe_sequential_init
INFO-FLOW: Handling components in module [attention_v2_pruned_Pipeline_VITIS_LOOP_97_7] ... 
Execute         source /home/cym/prj2/finn/notebooks/icl_thesis-master/experiments/qks_v3_s0_s10_s20_s30_exploratory_hls/q16_qksv3_s10/q16_qksv3_s10_hls/solution1/.autopilot/db/attention_v2_pruned_Pipeline_VITIS_LOOP_97_7.compgen.tcl 
INFO-FLOW: Found component q16_qksv3_s10_mul_mul_11s_16s_27_4_1.
INFO-FLOW: Append model q16_qksv3_s10_mul_mul_11s_16s_27_4_1
INFO-FLOW: Found component q16_qksv3_s10_attention_v2_pruned_Pipeline_VITIS_LOOP_97_7_layers_0_attention_key_weight_V_dEe.
INFO-FLOW: Append model q16_qksv3_s10_attention_v2_pruned_Pipeline_VITIS_LOOP_97_7_layers_0_attention_key_weight_V_dEe
INFO-FLOW: Found component q16_qksv3_s10_flow_control_loop_pipe_sequential_init.
INFO-FLOW: Append model q16_qksv3_s10_flow_control_loop_pipe_sequential_init
INFO-FLOW: Handling components in module [attention_v2_pruned_Pipeline_VITIS_LOOP_107_8_VITIS_LOOP_108_9_VITIS_LOOP_110_10] ... 
Execute         source /home/cym/prj2/finn/notebooks/icl_thesis-master/experiments/qks_v3_s0_s10_s20_s30_exploratory_hls/q16_qksv3_s10/q16_qksv3_s10_hls/solution1/.autopilot/db/attention_v2_pruned_Pipeline_VITIS_LOOP_107_8_VITIS_LOOP_108_9_VITIS_LOOP_110_10.compgen.tcl 
INFO-FLOW: Found component q16_qksv3_s10_mac_muladd_16s_16s_30ns_30_4_1.
INFO-FLOW: Append model q16_qksv3_s10_mac_muladd_16s_16s_30ns_30_4_1
INFO-FLOW: Found component q16_qksv3_s10_flow_control_loop_pipe_sequential_init.
INFO-FLOW: Append model q16_qksv3_s10_flow_control_loop_pipe_sequential_init
INFO-FLOW: Handling components in module [attention_v2_pruned_Pipeline_VITIS_LOOP_122_12] ... 
Execute         source /home/cym/prj2/finn/notebooks/icl_thesis-master/experiments/qks_v3_s0_s10_s20_s30_exploratory_hls/q16_qksv3_s10/q16_qksv3_s10_hls/solution1/.autopilot/db/attention_v2_pruned_Pipeline_VITIS_LOOP_122_12.compgen.tcl 
INFO-FLOW: Found component q16_qksv3_s10_flow_control_loop_pipe_sequential_init.
INFO-FLOW: Append model q16_qksv3_s10_flow_control_loop_pipe_sequential_init
INFO-FLOW: Handling components in module [attention_v2_pruned_Pipeline_VITIS_LOOP_133_14] ... 
Execute         source /home/cym/prj2/finn/notebooks/icl_thesis-master/experiments/qks_v3_s0_s10_s20_s30_exploratory_hls/q16_qksv3_s10/q16_qksv3_s10_hls/solution1/.autopilot/db/attention_v2_pruned_Pipeline_VITIS_LOOP_133_14.compgen.tcl 
INFO-FLOW: Found component q16_qksv3_s10_flow_control_loop_pipe_sequential_init.
INFO-FLOW: Append model q16_qksv3_s10_flow_control_loop_pipe_sequential_init
INFO-FLOW: Handling components in module [attention_v2_pruned_Pipeline_VITIS_LOOP_141_15_VITIS_LOOP_143_16] ... 
Execute         source /home/cym/prj2/finn/notebooks/icl_thesis-master/experiments/qks_v3_s0_s10_s20_s30_exploratory_hls/q16_qksv3_s10/q16_qksv3_s10_hls/solution1/.autopilot/db/attention_v2_pruned_Pipeline_VITIS_LOOP_141_15_VITIS_LOOP_143_16.compgen.tcl 
INFO-FLOW: Found component q16_qksv3_s10_mul_mul_24s_16s_30_4_1.
INFO-FLOW: Append model q16_qksv3_s10_mul_mul_24s_16s_30_4_1
INFO-FLOW: Found component q16_qksv3_s10_flow_control_loop_pipe_sequential_init.
INFO-FLOW: Append model q16_qksv3_s10_flow_control_loop_pipe_sequential_init
INFO-FLOW: Handling components in module [attention_v2_pruned_Pipeline_VITIS_LOOP_153_18] ... 
Execute         source /home/cym/prj2/finn/notebooks/icl_thesis-master/experiments/qks_v3_s0_s10_s20_s30_exploratory_hls/q16_qksv3_s10/q16_qksv3_s10_hls/solution1/.autopilot/db/attention_v2_pruned_Pipeline_VITIS_LOOP_153_18.compgen.tcl 
INFO-FLOW: Found component q16_qksv3_s10_attention_v2_pruned_Pipeline_VITIS_LOOP_153_18_layers_0_attention_output_weigeOg.
INFO-FLOW: Append model q16_qksv3_s10_attention_v2_pruned_Pipeline_VITIS_LOOP_153_18_layers_0_attention_output_weigeOg
INFO-FLOW: Found component q16_qksv3_s10_flow_control_loop_pipe_sequential_init.
INFO-FLOW: Append model q16_qksv3_s10_flow_control_loop_pipe_sequential_init
INFO-FLOW: Handling components in module [attention_v2_pruned] ... 
Execute         source /home/cym/prj2/finn/notebooks/icl_thesis-master/experiments/qks_v3_s0_s10_s20_s30_exploratory_hls/q16_qksv3_s10/q16_qksv3_s10_hls/solution1/.autopilot/db/attention_v2_pruned.compgen.tcl 
INFO-FLOW: Found component q16_qksv3_s10_fexp_32ns_32ns_32_10_full_dsp_1.
INFO-FLOW: Append model q16_qksv3_s10_fexp_32ns_32ns_32_10_full_dsp_1
INFO-FLOW: Found component q16_qksv3_s10_attention_v2_pruned_layers_0_attention_output_bias_V_ROM_AUTO_1R.
INFO-FLOW: Append model q16_qksv3_s10_attention_v2_pruned_layers_0_attention_output_bias_V_ROM_AUTO_1R
INFO-FLOW: Found component q16_qksv3_s10_attention_v2_pruned_Q_V_RAM_AUTO_1R1W.
INFO-FLOW: Append model q16_qksv3_s10_attention_v2_pruned_Q_V_RAM_AUTO_1R1W
INFO-FLOW: Found component q16_qksv3_s10_attention_v2_pruned_V_V_RAM_AUTO_1R1W.
INFO-FLOW: Append model q16_qksv3_s10_attention_v2_pruned_V_V_RAM_AUTO_1R1W
INFO-FLOW: Found component q16_qksv3_s10_attention_v2_pruned_K_sum_V_RAM_AUTO_1R1W.
INFO-FLOW: Append model q16_qksv3_s10_attention_v2_pruned_K_sum_V_RAM_AUTO_1R1W
INFO-FLOW: Found component q16_qksv3_s10_attention_v2_pruned_attended_V_RAM_AUTO_1R1W.
INFO-FLOW: Append model q16_qksv3_s10_attention_v2_pruned_attended_V_RAM_AUTO_1R1W
INFO-FLOW: Handling components in module [layer_norm_1] ... 
Execute         source /home/cym/prj2/finn/notebooks/icl_thesis-master/experiments/qks_v3_s0_s10_s20_s30_exploratory_hls/q16_qksv3_s10/q16_qksv3_s10_hls/solution1/.autopilot/db/layer_norm_1.compgen.tcl 
INFO-FLOW: Found component q16_qksv3_s10_fadd_32ns_32ns_32_5_full_dsp_1.
INFO-FLOW: Append model q16_qksv3_s10_fadd_32ns_32ns_32_5_full_dsp_1
INFO-FLOW: Found component q16_qksv3_s10_fsqrt_32ns_32ns_32_16_no_dsp_1.
INFO-FLOW: Append model q16_qksv3_s10_fsqrt_32ns_32ns_32_16_no_dsp_1
INFO-FLOW: Found component q16_qksv3_s10_mul_mul_16s_16s_30_4_1.
INFO-FLOW: Append model q16_qksv3_s10_mul_mul_16s_16s_30_4_1
INFO-FLOW: Found component q16_qksv3_s10_am_submul_16s_16s_16s_26_4_1.
INFO-FLOW: Append model q16_qksv3_s10_am_submul_16s_16s_16s_26_4_1
INFO-FLOW: Found component q16_qksv3_s10_mac_muladd_16s_11ns_16s_26_4_1.
INFO-FLOW: Append model q16_qksv3_s10_mac_muladd_16s_11ns_16s_26_4_1
INFO-FLOW: Found component q16_qksv3_s10_mac_muladd_16s_11ns_16ns_26_4_1.
INFO-FLOW: Append model q16_qksv3_s10_mac_muladd_16s_11ns_16ns_26_4_1
INFO-FLOW: Found component q16_qksv3_s10_mac_muladd_16s_11ns_17s_26_4_1.
INFO-FLOW: Append model q16_qksv3_s10_mac_muladd_16s_11ns_17s_26_4_1
INFO-FLOW: Found component q16_qksv3_s10_mac_muladd_16s_11ns_15s_26_4_1.
INFO-FLOW: Append model q16_qksv3_s10_mac_muladd_16s_11ns_15s_26_4_1
INFO-FLOW: Found component q16_qksv3_s10_mac_muladd_16s_10ns_16s_26_4_1.
INFO-FLOW: Append model q16_qksv3_s10_mac_muladd_16s_10ns_16s_26_4_1
INFO-FLOW: Found component q16_qksv3_s10_mac_muladd_16s_10ns_16ns_26_4_1.
INFO-FLOW: Append model q16_qksv3_s10_mac_muladd_16s_10ns_16ns_26_4_1
INFO-FLOW: Found component q16_qksv3_s10_mac_muladd_16s_10ns_18s_26_4_1.
INFO-FLOW: Append model q16_qksv3_s10_mac_muladd_16s_10ns_18s_26_4_1
INFO-FLOW: Found component q16_qksv3_s10_mac_muladd_16s_11ns_15ns_26_4_1.
INFO-FLOW: Append model q16_qksv3_s10_mac_muladd_16s_11ns_15ns_26_4_1
INFO-FLOW: Found component q16_qksv3_s10_mac_muladd_16s_11ns_18s_26_4_1.
INFO-FLOW: Append model q16_qksv3_s10_mac_muladd_16s_11ns_18s_26_4_1
INFO-FLOW: Handling components in module [q16_qksv3_s10_Pipeline_VITIS_LOOP_243_4] ... 
Execute         source /home/cym/prj2/finn/notebooks/icl_thesis-master/experiments/qks_v3_s0_s10_s20_s30_exploratory_hls/q16_qksv3_s10/q16_qksv3_s10_hls/solution1/.autopilot/db/q16_qksv3_s10_Pipeline_VITIS_LOOP_243_4.compgen.tcl 
INFO-FLOW: Found component q16_qksv3_s10_flow_control_loop_pipe_sequential_init.
INFO-FLOW: Append model q16_qksv3_s10_flow_control_loop_pipe_sequential_init
INFO-FLOW: Handling components in module [q16_qksv3_s10_Pipeline_VITIS_LOOP_178_3] ... 
Execute         source /home/cym/prj2/finn/notebooks/icl_thesis-master/experiments/qks_v3_s0_s10_s20_s30_exploratory_hls/q16_qksv3_s10/q16_qksv3_s10_hls/solution1/.autopilot/db/q16_qksv3_s10_Pipeline_VITIS_LOOP_178_3.compgen.tcl 
INFO-FLOW: Found component q16_qksv3_s10_q16_qksv3_s10_Pipeline_VITIS_LOOP_178_3_layers_0_feedforward_0_weight_V_ROM_AfYi.
INFO-FLOW: Append model q16_qksv3_s10_q16_qksv3_s10_Pipeline_VITIS_LOOP_178_3_layers_0_feedforward_0_weight_V_ROM_AfYi
INFO-FLOW: Found component q16_qksv3_s10_flow_control_loop_pipe_sequential_init.
INFO-FLOW: Append model q16_qksv3_s10_flow_control_loop_pipe_sequential_init
INFO-FLOW: Handling components in module [q16_qksv3_s10_Pipeline_VITIS_LOOP_189_5] ... 
Execute         source /home/cym/prj2/finn/notebooks/icl_thesis-master/experiments/qks_v3_s0_s10_s20_s30_exploratory_hls/q16_qksv3_s10/q16_qksv3_s10_hls/solution1/.autopilot/db/q16_qksv3_s10_Pipeline_VITIS_LOOP_189_5.compgen.tcl 
INFO-FLOW: Found component q16_qksv3_s10_mul_mul_10s_15ns_25_4_1.
INFO-FLOW: Append model q16_qksv3_s10_mul_mul_10s_15ns_25_4_1
INFO-FLOW: Found component q16_qksv3_s10_q16_qksv3_s10_Pipeline_VITIS_LOOP_189_5_layers_0_feedforward_3_weight_V_ROM_Ag8j.
INFO-FLOW: Append model q16_qksv3_s10_q16_qksv3_s10_Pipeline_VITIS_LOOP_189_5_layers_0_feedforward_3_weight_V_ROM_Ag8j
INFO-FLOW: Found component q16_qksv3_s10_flow_control_loop_pipe_sequential_init.
INFO-FLOW: Append model q16_qksv3_s10_flow_control_loop_pipe_sequential_init
INFO-FLOW: Handling components in module [q16_qksv3_s10_Pipeline_VITIS_LOOP_196_6] ... 
Execute         source /home/cym/prj2/finn/notebooks/icl_thesis-master/experiments/qks_v3_s0_s10_s20_s30_exploratory_hls/q16_qksv3_s10/q16_qksv3_s10_hls/solution1/.autopilot/db/q16_qksv3_s10_Pipeline_VITIS_LOOP_196_6.compgen.tcl 
INFO-FLOW: Found component q16_qksv3_s10_flow_control_loop_pipe_sequential_init.
INFO-FLOW: Append model q16_qksv3_s10_flow_control_loop_pipe_sequential_init
INFO-FLOW: Handling components in module [q16_qksv3_s10_Pipeline_VITIS_LOOP_256_5] ... 
Execute         source /home/cym/prj2/finn/notebooks/icl_thesis-master/experiments/qks_v3_s0_s10_s20_s30_exploratory_hls/q16_qksv3_s10/q16_qksv3_s10_hls/solution1/.autopilot/db/q16_qksv3_s10_Pipeline_VITIS_LOOP_256_5.compgen.tcl 
INFO-FLOW: Found component q16_qksv3_s10_flow_control_loop_pipe_sequential_init.
INFO-FLOW: Append model q16_qksv3_s10_flow_control_loop_pipe_sequential_init
INFO-FLOW: Handling components in module [q16_qksv3_s10_Pipeline_VITIS_LOOP_261_6_VITIS_LOOP_263_7] ... 
Execute         source /home/cym/prj2/finn/notebooks/icl_thesis-master/experiments/qks_v3_s0_s10_s20_s30_exploratory_hls/q16_qksv3_s10/q16_qksv3_s10_hls/solution1/.autopilot/db/q16_qksv3_s10_Pipeline_VITIS_LOOP_261_6_VITIS_LOOP_263_7.compgen.tcl 
INFO-FLOW: Found component q16_qksv3_s10_mul_34s_36ns_69_2_1.
INFO-FLOW: Append model q16_qksv3_s10_mul_34s_36ns_69_2_1
INFO-FLOW: Found component q16_qksv3_s10_flow_control_loop_pipe_sequential_init.
INFO-FLOW: Append model q16_qksv3_s10_flow_control_loop_pipe_sequential_init
INFO-FLOW: Handling components in module [layer_norm_Pipeline_VITIS_LOOP_36_1] ... 
Execute         source /home/cym/prj2/finn/notebooks/icl_thesis-master/experiments/qks_v3_s0_s10_s20_s30_exploratory_hls/q16_qksv3_s10/q16_qksv3_s10_hls/solution1/.autopilot/db/layer_norm_Pipeline_VITIS_LOOP_36_1.compgen.tcl 
INFO-FLOW: Found component q16_qksv3_s10_flow_control_loop_pipe_sequential_init.
INFO-FLOW: Append model q16_qksv3_s10_flow_control_loop_pipe_sequential_init
INFO-FLOW: Handling components in module [layer_norm_Pipeline_VITIS_LOOP_40_2] ... 
Execute         source /home/cym/prj2/finn/notebooks/icl_thesis-master/experiments/qks_v3_s0_s10_s20_s30_exploratory_hls/q16_qksv3_s10/q16_qksv3_s10_hls/solution1/.autopilot/db/layer_norm_Pipeline_VITIS_LOOP_40_2.compgen.tcl 
INFO-FLOW: Found component q16_qksv3_s10_flow_control_loop_pipe_sequential_init.
INFO-FLOW: Append model q16_qksv3_s10_flow_control_loop_pipe_sequential_init
INFO-FLOW: Handling components in module [layer_norm_Pipeline_VITIS_LOOP_47_3] ... 
Execute         source /home/cym/prj2/finn/notebooks/icl_thesis-master/experiments/qks_v3_s0_s10_s20_s30_exploratory_hls/q16_qksv3_s10/q16_qksv3_s10_hls/solution1/.autopilot/db/layer_norm_Pipeline_VITIS_LOOP_47_3.compgen.tcl 
INFO-FLOW: Found component q16_qksv3_s10_layer_norm_Pipeline_VITIS_LOOP_47_3_output_norm_weight_V_ROM_AUTO_1R.
INFO-FLOW: Append model q16_qksv3_s10_layer_norm_Pipeline_VITIS_LOOP_47_3_output_norm_weight_V_ROM_AUTO_1R
INFO-FLOW: Found component q16_qksv3_s10_layer_norm_Pipeline_VITIS_LOOP_47_3_output_norm_bias_V_ROM_AUTO_1R.
INFO-FLOW: Append model q16_qksv3_s10_layer_norm_Pipeline_VITIS_LOOP_47_3_output_norm_bias_V_ROM_AUTO_1R
INFO-FLOW: Found component q16_qksv3_s10_flow_control_loop_pipe_sequential_init.
INFO-FLOW: Append model q16_qksv3_s10_flow_control_loop_pipe_sequential_init
INFO-FLOW: Handling components in module [layer_norm] ... 
Execute         source /home/cym/prj2/finn/notebooks/icl_thesis-master/experiments/qks_v3_s0_s10_s20_s30_exploratory_hls/q16_qksv3_s10/q16_qksv3_s10_hls/solution1/.autopilot/db/layer_norm.compgen.tcl 
INFO-FLOW: Handling components in module [q16_qksv3_s10] ... 
Execute         source /home/cym/prj2/finn/notebooks/icl_thesis-master/experiments/qks_v3_s0_s10_s20_s30_exploratory_hls/q16_qksv3_s10/q16_qksv3_s10_hls/solution1/.autopilot/db/q16_qksv3_s10.compgen.tcl 
INFO-FLOW: Found component q16_qksv3_s10_mac_muladd_16s_9s_19s_24_4_1.
INFO-FLOW: Append model q16_qksv3_s10_mac_muladd_16s_9s_19s_24_4_1
INFO-FLOW: Found component q16_qksv3_s10_mac_muladd_16s_9ns_18s_25_4_1.
INFO-FLOW: Append model q16_qksv3_s10_mac_muladd_16s_9ns_18s_25_4_1
INFO-FLOW: Found component q16_qksv3_s10_mac_muladd_16s_10s_25s_26_4_1.
INFO-FLOW: Append model q16_qksv3_s10_mac_muladd_16s_10s_25s_26_4_1
INFO-FLOW: Found component q16_qksv3_s10_mac_muladd_16s_8ns_25s_26_4_1.
INFO-FLOW: Append model q16_qksv3_s10_mac_muladd_16s_8ns_25s_26_4_1
INFO-FLOW: Found component q16_qksv3_s10_mac_muladd_16s_8ns_26s_26_4_1.
INFO-FLOW: Append model q16_qksv3_s10_mac_muladd_16s_8ns_26s_26_4_1
INFO-FLOW: Found component q16_qksv3_s10_mac_muladd_16s_9ns_26ns_26_4_1.
INFO-FLOW: Append model q16_qksv3_s10_mac_muladd_16s_9ns_26ns_26_4_1
INFO-FLOW: Found component q16_qksv3_s10_mac_muladd_16s_9s_26s_26_4_1.
INFO-FLOW: Append model q16_qksv3_s10_mac_muladd_16s_9s_26s_26_4_1
INFO-FLOW: Found component q16_qksv3_s10_mac_muladd_16s_10s_26ns_26_4_1.
INFO-FLOW: Append model q16_qksv3_s10_mac_muladd_16s_10s_26ns_26_4_1
INFO-FLOW: Found component q16_qksv3_s10_mac_muladd_16s_7ns_26s_26_4_1.
INFO-FLOW: Append model q16_qksv3_s10_mac_muladd_16s_7ns_26s_26_4_1
INFO-FLOW: Found component q16_qksv3_s10_mac_muladd_16s_10ns_26ns_26_4_1.
INFO-FLOW: Append model q16_qksv3_s10_mac_muladd_16s_10ns_26ns_26_4_1
INFO-FLOW: Found component q16_qksv3_s10_mac_muladd_16s_8s_26s_26_4_1.
INFO-FLOW: Append model q16_qksv3_s10_mac_muladd_16s_8s_26s_26_4_1
INFO-FLOW: Found component q16_qksv3_s10_fdiv_32ns_32ns_32_16_no_dsp_1.
INFO-FLOW: Append model q16_qksv3_s10_fdiv_32ns_32ns_32_16_no_dsp_1
INFO-FLOW: Found component q16_qksv3_s10_fpext_32ns_64_2_no_dsp_1.
INFO-FLOW: Append model q16_qksv3_s10_fpext_32ns_64_2_no_dsp_1
INFO-FLOW: Found component q16_qksv3_s10_input_projection_bias_V_ROM_AUTO_1R.
INFO-FLOW: Append model q16_qksv3_s10_input_projection_bias_V_ROM_AUTO_1R
INFO-FLOW: Found component q16_qksv3_s10_position_embedding_V_ROM_AUTO_1R.
INFO-FLOW: Append model q16_qksv3_s10_position_embedding_V_ROM_AUTO_1R
INFO-FLOW: Found component q16_qksv3_s10_layers_0_feedforward_0_bias_V_ROM_AUTO_1R.
INFO-FLOW: Append model q16_qksv3_s10_layers_0_feedforward_0_bias_V_ROM_AUTO_1R
INFO-FLOW: Found component q16_qksv3_s10_layers_0_feedforward_3_bias_V_ROM_AUTO_1R.
INFO-FLOW: Append model q16_qksv3_s10_layers_0_feedforward_3_bias_V_ROM_AUTO_1R
INFO-FLOW: Found component q16_qksv3_s10_hidden_V_RAM_AUTO_1R1W.
INFO-FLOW: Append model q16_qksv3_s10_hidden_V_RAM_AUTO_1R1W
INFO-FLOW: Found component q16_qksv3_s10_ff_out_V_RAM_AUTO_1R1W.
INFO-FLOW: Append model q16_qksv3_s10_ff_out_V_RAM_AUTO_1R1W
INFO-FLOW: Found component q16_qksv3_s10_x_V_RAM_AUTO_1R1W.
INFO-FLOW: Append model q16_qksv3_s10_x_V_RAM_AUTO_1R1W
INFO-FLOW: Found component q16_qksv3_s10_pooled_V_RAM_AUTO_1R1W.
INFO-FLOW: Append model q16_qksv3_s10_pooled_V_RAM_AUTO_1R1W
INFO-FLOW: Found component q16_qksv3_s10_gmem0_m_axi.
INFO-FLOW: Append model q16_qksv3_s10_gmem0_m_axi
INFO-FLOW: Found component q16_qksv3_s10_gmem2_m_axi.
INFO-FLOW: Append model q16_qksv3_s10_gmem2_m_axi
INFO-FLOW: Found component q16_qksv3_s10_gmem1_m_axi.
INFO-FLOW: Append model q16_qksv3_s10_gmem1_m_axi
INFO-FLOW: Found component q16_qksv3_s10_control_s_axi.
INFO-FLOW: Append model q16_qksv3_s10_control_s_axi
INFO-FLOW: Append model q16_qksv3_s10_Pipeline_VITIS_LOOP_222_3
INFO-FLOW: Append model attention_v2_pruned_Pipeline_VITIS_LOOP_75_2_VITIS_LOOP_77_3
INFO-FLOW: Append model attention_v2_pruned_Pipeline_VITIS_LOOP_87_5
INFO-FLOW: Append model attention_v2_pruned_Pipeline_VITIS_LOOP_97_7
INFO-FLOW: Append model attention_v2_pruned_Pipeline_VITIS_LOOP_107_8_VITIS_LOOP_108_9_VITIS_LOOP_110_10
INFO-FLOW: Append model attention_v2_pruned_Pipeline_VITIS_LOOP_122_12
INFO-FLOW: Append model attention_v2_pruned_Pipeline_VITIS_LOOP_133_14
INFO-FLOW: Append model attention_v2_pruned_Pipeline_VITIS_LOOP_141_15_VITIS_LOOP_143_16
INFO-FLOW: Append model attention_v2_pruned_Pipeline_VITIS_LOOP_153_18
INFO-FLOW: Append model attention_v2_pruned
INFO-FLOW: Append model layer_norm_1
INFO-FLOW: Append model q16_qksv3_s10_Pipeline_VITIS_LOOP_243_4
INFO-FLOW: Append model q16_qksv3_s10_Pipeline_VITIS_LOOP_178_3
INFO-FLOW: Append model q16_qksv3_s10_Pipeline_VITIS_LOOP_189_5
INFO-FLOW: Append model q16_qksv3_s10_Pipeline_VITIS_LOOP_196_6
INFO-FLOW: Append model q16_qksv3_s10_Pipeline_VITIS_LOOP_256_5
INFO-FLOW: Append model q16_qksv3_s10_Pipeline_VITIS_LOOP_261_6_VITIS_LOOP_263_7
INFO-FLOW: Append model layer_norm_Pipeline_VITIS_LOOP_36_1
INFO-FLOW: Append model layer_norm_Pipeline_VITIS_LOOP_40_2
INFO-FLOW: Append model layer_norm_Pipeline_VITIS_LOOP_47_3
INFO-FLOW: Append model layer_norm
INFO-FLOW: Append model q16_qksv3_s10
INFO-FLOW: Generating RTL model list ...
INFO-FLOW: All models in this session: q16_qksv3_s10_mul_mul_9s_16s_25_4_1 q16_qksv3_s10_q16_qksv3_s10_Pipeline_VITIS_LOOP_222_3_input_projection_weight_V_ROM_AUTO_1R q16_qksv3_s10_flow_control_loop_pipe_sequential_init q16_qksv3_s10_mul_mul_10s_16s_26_4_1 q16_qksv3_s10_attention_v2_pruned_Pipeline_VITIS_LOOP_75_2_VITIS_LOOP_77_3_layers_0_attentibkb q16_qksv3_s10_flow_control_loop_pipe_sequential_init q16_qksv3_s10_mul_mul_12s_16s_28_4_1 q16_qksv3_s10_attention_v2_pruned_Pipeline_VITIS_LOOP_87_5_layers_0_attention_query_weight_cud q16_qksv3_s10_flow_control_loop_pipe_sequential_init q16_qksv3_s10_mul_mul_11s_16s_27_4_1 q16_qksv3_s10_attention_v2_pruned_Pipeline_VITIS_LOOP_97_7_layers_0_attention_key_weight_V_dEe q16_qksv3_s10_flow_control_loop_pipe_sequential_init q16_qksv3_s10_mac_muladd_16s_16s_30ns_30_4_1 q16_qksv3_s10_flow_control_loop_pipe_sequential_init q16_qksv3_s10_flow_control_loop_pipe_sequential_init q16_qksv3_s10_flow_control_loop_pipe_sequential_init q16_qksv3_s10_mul_mul_24s_16s_30_4_1 q16_qksv3_s10_flow_control_loop_pipe_sequential_init q16_qksv3_s10_attention_v2_pruned_Pipeline_VITIS_LOOP_153_18_layers_0_attention_output_weigeOg q16_qksv3_s10_flow_control_loop_pipe_sequential_init q16_qksv3_s10_fexp_32ns_32ns_32_10_full_dsp_1 q16_qksv3_s10_attention_v2_pruned_layers_0_attention_output_bias_V_ROM_AUTO_1R q16_qksv3_s10_attention_v2_pruned_Q_V_RAM_AUTO_1R1W q16_qksv3_s10_attention_v2_pruned_V_V_RAM_AUTO_1R1W q16_qksv3_s10_attention_v2_pruned_K_sum_V_RAM_AUTO_1R1W q16_qksv3_s10_attention_v2_pruned_attended_V_RAM_AUTO_1R1W q16_qksv3_s10_fadd_32ns_32ns_32_5_full_dsp_1 q16_qksv3_s10_fsqrt_32ns_32ns_32_16_no_dsp_1 q16_qksv3_s10_mul_mul_16s_16s_30_4_1 q16_qksv3_s10_am_submul_16s_16s_16s_26_4_1 q16_qksv3_s10_mac_muladd_16s_11ns_16s_26_4_1 q16_qksv3_s10_mac_muladd_16s_11ns_16ns_26_4_1 q16_qksv3_s10_mac_muladd_16s_11ns_17s_26_4_1 q16_qksv3_s10_mac_muladd_16s_11ns_15s_26_4_1 q16_qksv3_s10_mac_muladd_16s_10ns_16s_26_4_1 q16_qksv3_s10_mac_muladd_16s_10ns_16ns_26_4_1 q16_qksv3_s10_mac_muladd_16s_10ns_18s_26_4_1 q16_qksv3_s10_mac_muladd_16s_11ns_15ns_26_4_1 q16_qksv3_s10_mac_muladd_16s_11ns_18s_26_4_1 q16_qksv3_s10_flow_control_loop_pipe_sequential_init q16_qksv3_s10_q16_qksv3_s10_Pipeline_VITIS_LOOP_178_3_layers_0_feedforward_0_weight_V_ROM_AfYi q16_qksv3_s10_flow_control_loop_pipe_sequential_init q16_qksv3_s10_mul_mul_10s_15ns_25_4_1 q16_qksv3_s10_q16_qksv3_s10_Pipeline_VITIS_LOOP_189_5_layers_0_feedforward_3_weight_V_ROM_Ag8j q16_qksv3_s10_flow_control_loop_pipe_sequential_init q16_qksv3_s10_flow_control_loop_pipe_sequential_init q16_qksv3_s10_flow_control_loop_pipe_sequential_init q16_qksv3_s10_mul_34s_36ns_69_2_1 q16_qksv3_s10_flow_control_loop_pipe_sequential_init q16_qksv3_s10_flow_control_loop_pipe_sequential_init q16_qksv3_s10_flow_control_loop_pipe_sequential_init q16_qksv3_s10_layer_norm_Pipeline_VITIS_LOOP_47_3_output_norm_weight_V_ROM_AUTO_1R q16_qksv3_s10_layer_norm_Pipeline_VITIS_LOOP_47_3_output_norm_bias_V_ROM_AUTO_1R q16_qksv3_s10_flow_control_loop_pipe_sequential_init q16_qksv3_s10_mac_muladd_16s_9s_19s_24_4_1 q16_qksv3_s10_mac_muladd_16s_9ns_18s_25_4_1 q16_qksv3_s10_mac_muladd_16s_10s_25s_26_4_1 q16_qksv3_s10_mac_muladd_16s_8ns_25s_26_4_1 q16_qksv3_s10_mac_muladd_16s_8ns_26s_26_4_1 q16_qksv3_s10_mac_muladd_16s_9ns_26ns_26_4_1 q16_qksv3_s10_mac_muladd_16s_9s_26s_26_4_1 q16_qksv3_s10_mac_muladd_16s_10s_26ns_26_4_1 q16_qksv3_s10_mac_muladd_16s_7ns_26s_26_4_1 q16_qksv3_s10_mac_muladd_16s_10ns_26ns_26_4_1 q16_qksv3_s10_mac_muladd_16s_8s_26s_26_4_1 q16_qksv3_s10_fdiv_32ns_32ns_32_16_no_dsp_1 q16_qksv3_s10_fpext_32ns_64_2_no_dsp_1 q16_qksv3_s10_input_projection_bias_V_ROM_AUTO_1R q16_qksv3_s10_position_embedding_V_ROM_AUTO_1R q16_qksv3_s10_layers_0_feedforward_0_bias_V_ROM_AUTO_1R q16_qksv3_s10_layers_0_feedforward_3_bias_V_ROM_AUTO_1R q16_qksv3_s10_hidden_V_RAM_AUTO_1R1W q16_qksv3_s10_ff_out_V_RAM_AUTO_1R1W q16_qksv3_s10_x_V_RAM_AUTO_1R1W q16_qksv3_s10_pooled_V_RAM_AUTO_1R1W q16_qksv3_s10_gmem0_m_axi q16_qksv3_s10_gmem2_m_axi q16_qksv3_s10_gmem1_m_axi q16_qksv3_s10_control_s_axi q16_qksv3_s10_Pipeline_VITIS_LOOP_222_3 attention_v2_pruned_Pipeline_VITIS_LOOP_75_2_VITIS_LOOP_77_3 attention_v2_pruned_Pipeline_VITIS_LOOP_87_5 attention_v2_pruned_Pipeline_VITIS_LOOP_97_7 attention_v2_pruned_Pipeline_VITIS_LOOP_107_8_VITIS_LOOP_108_9_VITIS_LOOP_110_10 attention_v2_pruned_Pipeline_VITIS_LOOP_122_12 attention_v2_pruned_Pipeline_VITIS_LOOP_133_14 attention_v2_pruned_Pipeline_VITIS_LOOP_141_15_VITIS_LOOP_143_16 attention_v2_pruned_Pipeline_VITIS_LOOP_153_18 attention_v2_pruned layer_norm_1 q16_qksv3_s10_Pipeline_VITIS_LOOP_243_4 q16_qksv3_s10_Pipeline_VITIS_LOOP_178_3 q16_qksv3_s10_Pipeline_VITIS_LOOP_189_5 q16_qksv3_s10_Pipeline_VITIS_LOOP_196_6 q16_qksv3_s10_Pipeline_VITIS_LOOP_256_5 q16_qksv3_s10_Pipeline_VITIS_LOOP_261_6_VITIS_LOOP_263_7 layer_norm_Pipeline_VITIS_LOOP_36_1 layer_norm_Pipeline_VITIS_LOOP_40_2 layer_norm_Pipeline_VITIS_LOOP_47_3 layer_norm q16_qksv3_s10
INFO-FLOW: Generating /home/cym/prj2/finn/notebooks/icl_thesis-master/experiments/qks_v3_s0_s10_s20_s30_exploratory_hls/q16_qksv3_s10/q16_qksv3_s10_hls/solution1/.autopilot/db/autopilot.rtl.models.txt file...
INFO-FLOW: To file: write model q16_qksv3_s10_mul_mul_9s_16s_25_4_1
INFO-FLOW: To file: write model q16_qksv3_s10_q16_qksv3_s10_Pipeline_VITIS_LOOP_222_3_input_projection_weight_V_ROM_AUTO_1R
INFO-FLOW: To file: write model q16_qksv3_s10_flow_control_loop_pipe_sequential_init
INFO-FLOW: To file: write model q16_qksv3_s10_mul_mul_10s_16s_26_4_1
INFO-FLOW: To file: write model q16_qksv3_s10_attention_v2_pruned_Pipeline_VITIS_LOOP_75_2_VITIS_LOOP_77_3_layers_0_attentibkb
INFO-FLOW: To file: write model q16_qksv3_s10_flow_control_loop_pipe_sequential_init
INFO-FLOW: To file: write model q16_qksv3_s10_mul_mul_12s_16s_28_4_1
INFO-FLOW: To file: write model q16_qksv3_s10_attention_v2_pruned_Pipeline_VITIS_LOOP_87_5_layers_0_attention_query_weight_cud
INFO-FLOW: To file: write model q16_qksv3_s10_flow_control_loop_pipe_sequential_init
INFO-FLOW: To file: write model q16_qksv3_s10_mul_mul_11s_16s_27_4_1
INFO-FLOW: To file: write model q16_qksv3_s10_attention_v2_pruned_Pipeline_VITIS_LOOP_97_7_layers_0_attention_key_weight_V_dEe
INFO-FLOW: To file: write model q16_qksv3_s10_flow_control_loop_pipe_sequential_init
INFO-FLOW: To file: write model q16_qksv3_s10_mac_muladd_16s_16s_30ns_30_4_1
INFO-FLOW: To file: write model q16_qksv3_s10_flow_control_loop_pipe_sequential_init
INFO-FLOW: To file: write model q16_qksv3_s10_flow_control_loop_pipe_sequential_init
INFO-FLOW: To file: write model q16_qksv3_s10_flow_control_loop_pipe_sequential_init
INFO-FLOW: To file: write model q16_qksv3_s10_mul_mul_24s_16s_30_4_1
INFO-FLOW: To file: write model q16_qksv3_s10_flow_control_loop_pipe_sequential_init
INFO-FLOW: To file: write model q16_qksv3_s10_attention_v2_pruned_Pipeline_VITIS_LOOP_153_18_layers_0_attention_output_weigeOg
INFO-FLOW: To file: write model q16_qksv3_s10_flow_control_loop_pipe_sequential_init
INFO-FLOW: To file: write model q16_qksv3_s10_fexp_32ns_32ns_32_10_full_dsp_1
INFO-FLOW: To file: write model q16_qksv3_s10_attention_v2_pruned_layers_0_attention_output_bias_V_ROM_AUTO_1R
INFO-FLOW: To file: write model q16_qksv3_s10_attention_v2_pruned_Q_V_RAM_AUTO_1R1W
INFO-FLOW: To file: write model q16_qksv3_s10_attention_v2_pruned_V_V_RAM_AUTO_1R1W
INFO-FLOW: To file: write model q16_qksv3_s10_attention_v2_pruned_K_sum_V_RAM_AUTO_1R1W
INFO-FLOW: To file: write model q16_qksv3_s10_attention_v2_pruned_attended_V_RAM_AUTO_1R1W
INFO-FLOW: To file: write model q16_qksv3_s10_fadd_32ns_32ns_32_5_full_dsp_1
INFO-FLOW: To file: write model q16_qksv3_s10_fsqrt_32ns_32ns_32_16_no_dsp_1
INFO-FLOW: To file: write model q16_qksv3_s10_mul_mul_16s_16s_30_4_1
INFO-FLOW: To file: write model q16_qksv3_s10_am_submul_16s_16s_16s_26_4_1
INFO-FLOW: To file: write model q16_qksv3_s10_mac_muladd_16s_11ns_16s_26_4_1
INFO-FLOW: To file: write model q16_qksv3_s10_mac_muladd_16s_11ns_16ns_26_4_1
INFO-FLOW: To file: write model q16_qksv3_s10_mac_muladd_16s_11ns_17s_26_4_1
INFO-FLOW: To file: write model q16_qksv3_s10_mac_muladd_16s_11ns_15s_26_4_1
INFO-FLOW: To file: write model q16_qksv3_s10_mac_muladd_16s_10ns_16s_26_4_1
INFO-FLOW: To file: write model q16_qksv3_s10_mac_muladd_16s_10ns_16ns_26_4_1
INFO-FLOW: To file: write model q16_qksv3_s10_mac_muladd_16s_10ns_18s_26_4_1
INFO-FLOW: To file: write model q16_qksv3_s10_mac_muladd_16s_11ns_15ns_26_4_1
INFO-FLOW: To file: write model q16_qksv3_s10_mac_muladd_16s_11ns_18s_26_4_1
INFO-FLOW: To file: write model q16_qksv3_s10_flow_control_loop_pipe_sequential_init
INFO-FLOW: To file: write model q16_qksv3_s10_q16_qksv3_s10_Pipeline_VITIS_LOOP_178_3_layers_0_feedforward_0_weight_V_ROM_AfYi
INFO-FLOW: To file: write model q16_qksv3_s10_flow_control_loop_pipe_sequential_init
INFO-FLOW: To file: write model q16_qksv3_s10_mul_mul_10s_15ns_25_4_1
INFO-FLOW: To file: write model q16_qksv3_s10_q16_qksv3_s10_Pipeline_VITIS_LOOP_189_5_layers_0_feedforward_3_weight_V_ROM_Ag8j
INFO-FLOW: To file: write model q16_qksv3_s10_flow_control_loop_pipe_sequential_init
INFO-FLOW: To file: write model q16_qksv3_s10_flow_control_loop_pipe_sequential_init
INFO-FLOW: To file: write model q16_qksv3_s10_flow_control_loop_pipe_sequential_init
INFO-FLOW: To file: write model q16_qksv3_s10_mul_34s_36ns_69_2_1
INFO-FLOW: To file: write model q16_qksv3_s10_flow_control_loop_pipe_sequential_init
INFO-FLOW: To file: write model q16_qksv3_s10_flow_control_loop_pipe_sequential_init
INFO-FLOW: To file: write model q16_qksv3_s10_flow_control_loop_pipe_sequential_init
INFO-FLOW: To file: write model q16_qksv3_s10_layer_norm_Pipeline_VITIS_LOOP_47_3_output_norm_weight_V_ROM_AUTO_1R
INFO-FLOW: To file: write model q16_qksv3_s10_layer_norm_Pipeline_VITIS_LOOP_47_3_output_norm_bias_V_ROM_AUTO_1R
INFO-FLOW: To file: write model q16_qksv3_s10_flow_control_loop_pipe_sequential_init
INFO-FLOW: To file: write model q16_qksv3_s10_mac_muladd_16s_9s_19s_24_4_1
INFO-FLOW: To file: write model q16_qksv3_s10_mac_muladd_16s_9ns_18s_25_4_1
INFO-FLOW: To file: write model q16_qksv3_s10_mac_muladd_16s_10s_25s_26_4_1
INFO-FLOW: To file: write model q16_qksv3_s10_mac_muladd_16s_8ns_25s_26_4_1
INFO-FLOW: To file: write model q16_qksv3_s10_mac_muladd_16s_8ns_26s_26_4_1
INFO-FLOW: To file: write model q16_qksv3_s10_mac_muladd_16s_9ns_26ns_26_4_1
INFO-FLOW: To file: write model q16_qksv3_s10_mac_muladd_16s_9s_26s_26_4_1
INFO-FLOW: To file: write model q16_qksv3_s10_mac_muladd_16s_10s_26ns_26_4_1
INFO-FLOW: To file: write model q16_qksv3_s10_mac_muladd_16s_7ns_26s_26_4_1
INFO-FLOW: To file: write model q16_qksv3_s10_mac_muladd_16s_10ns_26ns_26_4_1
INFO-FLOW: To file: write model q16_qksv3_s10_mac_muladd_16s_8s_26s_26_4_1
INFO-FLOW: To file: write model q16_qksv3_s10_fdiv_32ns_32ns_32_16_no_dsp_1
INFO-FLOW: To file: write model q16_qksv3_s10_fpext_32ns_64_2_no_dsp_1
INFO-FLOW: To file: write model q16_qksv3_s10_input_projection_bias_V_ROM_AUTO_1R
INFO-FLOW: To file: write model q16_qksv3_s10_position_embedding_V_ROM_AUTO_1R
INFO-FLOW: To file: write model q16_qksv3_s10_layers_0_feedforward_0_bias_V_ROM_AUTO_1R
INFO-FLOW: To file: write model q16_qksv3_s10_layers_0_feedforward_3_bias_V_ROM_AUTO_1R
INFO-FLOW: To file: write model q16_qksv3_s10_hidden_V_RAM_AUTO_1R1W
INFO-FLOW: To file: write model q16_qksv3_s10_ff_out_V_RAM_AUTO_1R1W
INFO-FLOW: To file: write model q16_qksv3_s10_x_V_RAM_AUTO_1R1W
INFO-FLOW: To file: write model q16_qksv3_s10_pooled_V_RAM_AUTO_1R1W
INFO-FLOW: To file: write model q16_qksv3_s10_gmem0_m_axi
INFO-FLOW: To file: write model q16_qksv3_s10_gmem2_m_axi
INFO-FLOW: To file: write model q16_qksv3_s10_gmem1_m_axi
INFO-FLOW: To file: write model q16_qksv3_s10_control_s_axi
INFO-FLOW: To file: write model q16_qksv3_s10_Pipeline_VITIS_LOOP_222_3
INFO-FLOW: To file: write model attention_v2_pruned_Pipeline_VITIS_LOOP_75_2_VITIS_LOOP_77_3
INFO-FLOW: To file: write model attention_v2_pruned_Pipeline_VITIS_LOOP_87_5
INFO-FLOW: To file: write model attention_v2_pruned_Pipeline_VITIS_LOOP_97_7
INFO-FLOW: To file: write model attention_v2_pruned_Pipeline_VITIS_LOOP_107_8_VITIS_LOOP_108_9_VITIS_LOOP_110_10
INFO-FLOW: To file: write model attention_v2_pruned_Pipeline_VITIS_LOOP_122_12
INFO-FLOW: To file: write model attention_v2_pruned_Pipeline_VITIS_LOOP_133_14
INFO-FLOW: To file: write model attention_v2_pruned_Pipeline_VITIS_LOOP_141_15_VITIS_LOOP_143_16
INFO-FLOW: To file: write model attention_v2_pruned_Pipeline_VITIS_LOOP_153_18
INFO-FLOW: To file: write model attention_v2_pruned
INFO-FLOW: To file: write model layer_norm_1
INFO-FLOW: To file: write model q16_qksv3_s10_Pipeline_VITIS_LOOP_243_4
INFO-FLOW: To file: write model q16_qksv3_s10_Pipeline_VITIS_LOOP_178_3
INFO-FLOW: To file: write model q16_qksv3_s10_Pipeline_VITIS_LOOP_189_5
INFO-FLOW: To file: write model q16_qksv3_s10_Pipeline_VITIS_LOOP_196_6
INFO-FLOW: To file: write model q16_qksv3_s10_Pipeline_VITIS_LOOP_256_5
INFO-FLOW: To file: write model q16_qksv3_s10_Pipeline_VITIS_LOOP_261_6_VITIS_LOOP_263_7
INFO-FLOW: To file: write model layer_norm_Pipeline_VITIS_LOOP_36_1
INFO-FLOW: To file: write model layer_norm_Pipeline_VITIS_LOOP_40_2
INFO-FLOW: To file: write model layer_norm_Pipeline_VITIS_LOOP_47_3
INFO-FLOW: To file: write model layer_norm
INFO-FLOW: To file: write model q16_qksv3_s10
INFO-FLOW: Generating /home/cym/prj2/finn/notebooks/icl_thesis-master/experiments/qks_v3_s0_s10_s20_s30_exploratory_hls/q16_qksv3_s10/q16_qksv3_s10_hls/solution1/.autopilot/db/autopilot.rtl.models.tcl file...
INFO-FLOW: Finished generating RTL model list.


INFO-FLOW: RTL Generation done.
INFO-FLOW: CAS Generation done.
INFO-FLOW: CBC Generation done.
INFO-FLOW: DBG:PROC: ::AESL_AUTOMG::auto_generate_csynth_design
INFO-FLOW: DBG:PUTS: read_platform_lib /home/cym/prj2/finn/notebooks/icl_thesis-master/experiments/qks_v3_s0_s10_s20_s30_exploratory_hls/q16_qksv3_s10/q16_qksv3_s10_hls/solution1/.autopilot/db/global.setting.tcl
Execute         source /tools/Xilinx/Vitis_HLS/2022.2/common/technology/generic/autopilot/common.gen 
Execute           source /tools/Xilinx/Vitis_HLS/2022.2/common/technology/generic/autopilot/APCoreGen.gen 
Execute         source /tools/Xilinx/Vitis_HLS/2022.2/common/technology/generic/autopilot/op.gen 
Execute         source /tools/Xilinx/Vitis_HLS/2022.2/common/technology/generic/autopilot/op_simcore.gen 
Execute         source /tools/Xilinx/Vitis_HLS/2022.2/common/technology/generic/autopilot/interface.gen 
Execute         source /home/cym/prj2/finn/notebooks/icl_thesis-master/experiments/qks_v3_s0_s10_s20_s30_exploratory_hls/q16_qksv3_s10/q16_qksv3_s10_hls/solution1/.autopilot/db/global.setting.tcl 
Execute         source /tools/Xilinx/Vitis_HLS/2022.2/common/technology/xilinx/common/xilinx.gen 
Execute           source /tools/Xilinx/Vitis_HLS/2022.2/common/technology/xilinx/interface/plb46.gen 
Execute           source /tools/Xilinx/Vitis_HLS/2022.2/common/technology/xilinx/interface/axi4.gen 
Execute           source /tools/Xilinx/Vitis_HLS/2022.2/common/technology/xilinx/interface/nativeAXI4.gen 
Execute             source /tools/Xilinx/Vitis_HLS/2022.2/common/technology/xilinx/interface/saxilite.gen 
Execute           source /tools/Xilinx/Vitis_HLS/2022.2/common/technology/xilinx/scripts/xilinxcoregen.gen 
Execute           source /tools/Xilinx/Vitis_HLS/2022.2/common/technology/xilinx/interface/XilEDKCoreGen.gen 
Execute           source /tools/Xilinx/Vitis_HLS/2022.2/common/technology/xilinx/ip/xfir.gen 
Execute           source /tools/Xilinx/Vitis_HLS/2022.2/common/technology/xilinx/ip/util.gen 
Execute           source /tools/Xilinx/Vitis_HLS/2022.2/common/technology/xilinx/ip/xfft.gen 
Execute           source /tools/Xilinx/Vitis_HLS/2022.2/common/technology/xilinx/ip/dds_compiler.gen 
Execute           source /tools/Xilinx/Vitis_HLS/2022.2/common/technology/xilinx/DSP48/dsp48.gen 
INFO-FLOW: DBG:PUTS:   using AESL_AUTOCG::g_clock_period=10.000 (was NA)
INFO-FLOW: DBG:PROC: ::AESL_AUTOMG::generate_ip_cores gen_sim_model='1' gen_fp_models='0' gen_for_export='0' dstSCDir='' dstVhdlDir='/home/cym/prj2/finn/notebooks/icl_thesis-master/experiments/qks_v3_s0_s10_s20_s30_exploratory_hls/q16_qksv3_s10/q16_qksv3_s10_hls/solution1/.autopilot/db/vhdl' dstVlogDir='/home/cym/prj2/finn/notebooks/icl_thesis-master/experiments/qks_v3_s0_s10_s20_s30_exploratory_hls/q16_qksv3_s10/q16_qksv3_s10_hls/solution1/.autopilot/db/vlog' tclDir='/home/cym/prj2/finn/notebooks/icl_thesis-master/experiments/qks_v3_s0_s10_s20_s30_exploratory_hls/q16_qksv3_s10/q16_qksv3_s10_hls/solution1/.autopilot/db' modelList='q16_qksv3_s10_mul_mul_9s_16s_25_4_1
q16_qksv3_s10_q16_qksv3_s10_Pipeline_VITIS_LOOP_222_3_input_projection_weight_V_ROM_AUTO_1R
q16_qksv3_s10_flow_control_loop_pipe_sequential_init
q16_qksv3_s10_mul_mul_10s_16s_26_4_1
q16_qksv3_s10_attention_v2_pruned_Pipeline_VITIS_LOOP_75_2_VITIS_LOOP_77_3_layers_0_attentibkb
q16_qksv3_s10_flow_control_loop_pipe_sequential_init
q16_qksv3_s10_mul_mul_12s_16s_28_4_1
q16_qksv3_s10_attention_v2_pruned_Pipeline_VITIS_LOOP_87_5_layers_0_attention_query_weight_cud
q16_qksv3_s10_flow_control_loop_pipe_sequential_init
q16_qksv3_s10_mul_mul_11s_16s_27_4_1
q16_qksv3_s10_attention_v2_pruned_Pipeline_VITIS_LOOP_97_7_layers_0_attention_key_weight_V_dEe
q16_qksv3_s10_flow_control_loop_pipe_sequential_init
q16_qksv3_s10_mac_muladd_16s_16s_30ns_30_4_1
q16_qksv3_s10_flow_control_loop_pipe_sequential_init
q16_qksv3_s10_flow_control_loop_pipe_sequential_init
q16_qksv3_s10_flow_control_loop_pipe_sequential_init
q16_qksv3_s10_mul_mul_24s_16s_30_4_1
q16_qksv3_s10_flow_control_loop_pipe_sequential_init
q16_qksv3_s10_attention_v2_pruned_Pipeline_VITIS_LOOP_153_18_layers_0_attention_output_weigeOg
q16_qksv3_s10_flow_control_loop_pipe_sequential_init
q16_qksv3_s10_fexp_32ns_32ns_32_10_full_dsp_1
q16_qksv3_s10_attention_v2_pruned_layers_0_attention_output_bias_V_ROM_AUTO_1R
q16_qksv3_s10_attention_v2_pruned_Q_V_RAM_AUTO_1R1W
q16_qksv3_s10_attention_v2_pruned_V_V_RAM_AUTO_1R1W
q16_qksv3_s10_attention_v2_pruned_K_sum_V_RAM_AUTO_1R1W
q16_qksv3_s10_attention_v2_pruned_attended_V_RAM_AUTO_1R1W
q16_qksv3_s10_fadd_32ns_32ns_32_5_full_dsp_1
q16_qksv3_s10_fsqrt_32ns_32ns_32_16_no_dsp_1
q16_qksv3_s10_mul_mul_16s_16s_30_4_1
q16_qksv3_s10_am_submul_16s_16s_16s_26_4_1
q16_qksv3_s10_mac_muladd_16s_11ns_16s_26_4_1
q16_qksv3_s10_mac_muladd_16s_11ns_16ns_26_4_1
q16_qksv3_s10_mac_muladd_16s_11ns_17s_26_4_1
q16_qksv3_s10_mac_muladd_16s_11ns_15s_26_4_1
q16_qksv3_s10_mac_muladd_16s_10ns_16s_26_4_1
q16_qksv3_s10_mac_muladd_16s_10ns_16ns_26_4_1
q16_qksv3_s10_mac_muladd_16s_10ns_18s_26_4_1
q16_qksv3_s10_mac_muladd_16s_11ns_15ns_26_4_1
q16_qksv3_s10_mac_muladd_16s_11ns_18s_26_4_1
q16_qksv3_s10_flow_control_loop_pipe_sequential_init
q16_qksv3_s10_q16_qksv3_s10_Pipeline_VITIS_LOOP_178_3_layers_0_feedforward_0_weight_V_ROM_AfYi
q16_qksv3_s10_flow_control_loop_pipe_sequential_init
q16_qksv3_s10_mul_mul_10s_15ns_25_4_1
q16_qksv3_s10_q16_qksv3_s10_Pipeline_VITIS_LOOP_189_5_layers_0_feedforward_3_weight_V_ROM_Ag8j
q16_qksv3_s10_flow_control_loop_pipe_sequential_init
q16_qksv3_s10_flow_control_loop_pipe_sequential_init
q16_qksv3_s10_flow_control_loop_pipe_sequential_init
q16_qksv3_s10_mul_34s_36ns_69_2_1
q16_qksv3_s10_flow_control_loop_pipe_sequential_init
q16_qksv3_s10_flow_control_loop_pipe_sequential_init
q16_qksv3_s10_flow_control_loop_pipe_sequential_init
q16_qksv3_s10_layer_norm_Pipeline_VITIS_LOOP_47_3_output_norm_weight_V_ROM_AUTO_1R
q16_qksv3_s10_layer_norm_Pipeline_VITIS_LOOP_47_3_output_norm_bias_V_ROM_AUTO_1R
q16_qksv3_s10_flow_control_loop_pipe_sequential_init
q16_qksv3_s10_mac_muladd_16s_9s_19s_24_4_1
q16_qksv3_s10_mac_muladd_16s_9ns_18s_25_4_1
q16_qksv3_s10_mac_muladd_16s_10s_25s_26_4_1
q16_qksv3_s10_mac_muladd_16s_8ns_25s_26_4_1
q16_qksv3_s10_mac_muladd_16s_8ns_26s_26_4_1
q16_qksv3_s10_mac_muladd_16s_9ns_26ns_26_4_1
q16_qksv3_s10_mac_muladd_16s_9s_26s_26_4_1
q16_qksv3_s10_mac_muladd_16s_10s_26ns_26_4_1
q16_qksv3_s10_mac_muladd_16s_7ns_26s_26_4_1
q16_qksv3_s10_mac_muladd_16s_10ns_26ns_26_4_1
q16_qksv3_s10_mac_muladd_16s_8s_26s_26_4_1
q16_qksv3_s10_fdiv_32ns_32ns_32_16_no_dsp_1
q16_qksv3_s10_fpext_32ns_64_2_no_dsp_1
q16_qksv3_s10_input_projection_bias_V_ROM_AUTO_1R
q16_qksv3_s10_position_embedding_V_ROM_AUTO_1R
q16_qksv3_s10_layers_0_feedforward_0_bias_V_ROM_AUTO_1R
q16_qksv3_s10_layers_0_feedforward_3_bias_V_ROM_AUTO_1R
q16_qksv3_s10_hidden_V_RAM_AUTO_1R1W
q16_qksv3_s10_ff_out_V_RAM_AUTO_1R1W
q16_qksv3_s10_x_V_RAM_AUTO_1R1W
q16_qksv3_s10_pooled_V_RAM_AUTO_1R1W
q16_qksv3_s10_gmem0_m_axi
q16_qksv3_s10_gmem2_m_axi
q16_qksv3_s10_gmem1_m_axi
q16_qksv3_s10_control_s_axi
q16_qksv3_s10_Pipeline_VITIS_LOOP_222_3
attention_v2_pruned_Pipeline_VITIS_LOOP_75_2_VITIS_LOOP_77_3
attention_v2_pruned_Pipeline_VITIS_LOOP_87_5
attention_v2_pruned_Pipeline_VITIS_LOOP_97_7
attention_v2_pruned_Pipeline_VITIS_LOOP_107_8_VITIS_LOOP_108_9_VITIS_LOOP_110_10
attention_v2_pruned_Pipeline_VITIS_LOOP_122_12
attention_v2_pruned_Pipeline_VITIS_LOOP_133_14
attention_v2_pruned_Pipeline_VITIS_LOOP_141_15_VITIS_LOOP_143_16
attention_v2_pruned_Pipeline_VITIS_LOOP_153_18
attention_v2_pruned
layer_norm_1
q16_qksv3_s10_Pipeline_VITIS_LOOP_243_4
q16_qksv3_s10_Pipeline_VITIS_LOOP_178_3
q16_qksv3_s10_Pipeline_VITIS_LOOP_189_5
q16_qksv3_s10_Pipeline_VITIS_LOOP_196_6
q16_qksv3_s10_Pipeline_VITIS_LOOP_256_5
q16_qksv3_s10_Pipeline_VITIS_LOOP_261_6_VITIS_LOOP_263_7
layer_norm_Pipeline_VITIS_LOOP_36_1
layer_norm_Pipeline_VITIS_LOOP_40_2
layer_norm_Pipeline_VITIS_LOOP_47_3
layer_norm
q16_qksv3_s10
' expOnly='0'
Execute         source /home/cym/prj2/finn/notebooks/icl_thesis-master/experiments/qks_v3_s0_s10_s20_s30_exploratory_hls/q16_qksv3_s10/q16_qksv3_s10_hls/solution1/.autopilot/db/global.setting.tcl 
Execute         ap_part_info -name xc7z020-clg400-1 -data names -quiet 
Execute         ap_part_info -name xc7z020-clg400-1 -data info -quiet 
Execute         source /home/cym/prj2/finn/notebooks/icl_thesis-master/experiments/qks_v3_s0_s10_s20_s30_exploratory_hls/q16_qksv3_s10/q16_qksv3_s10_hls/solution1/.autopilot/db/global.setting.tcl 
Execute         source /home/cym/prj2/finn/notebooks/icl_thesis-master/experiments/qks_v3_s0_s10_s20_s30_exploratory_hls/q16_qksv3_s10/q16_qksv3_s10_hls/solution1/.autopilot/db/global.setting.tcl 
Execute         source /home/cym/prj2/finn/notebooks/icl_thesis-master/experiments/qks_v3_s0_s10_s20_s30_exploratory_hls/q16_qksv3_s10/q16_qksv3_s10_hls/solution1/.autopilot/db/q16_qksv3_s10_Pipeline_VITIS_LOOP_222_3.compgen.tcl 
Execute           ap_part_info -name xc7z020-clg400-1 -data names -quiet 
Execute           ap_part_info -name xc7z020-clg400-1 -data info -quiet 
Execute         source /home/cym/prj2/finn/notebooks/icl_thesis-master/experiments/qks_v3_s0_s10_s20_s30_exploratory_hls/q16_qksv3_s10/q16_qksv3_s10_hls/solution1/.autopilot/db/attention_v2_pruned_Pipeline_VITIS_LOOP_75_2_VITIS_LOOP_77_3.compgen.tcl 
Execute           ap_part_info -name xc7z020-clg400-1 -data names -quiet 
Execute           ap_part_info -name xc7z020-clg400-1 -data info -quiet 
Execute         source /home/cym/prj2/finn/notebooks/icl_thesis-master/experiments/qks_v3_s0_s10_s20_s30_exploratory_hls/q16_qksv3_s10/q16_qksv3_s10_hls/solution1/.autopilot/db/attention_v2_pruned_Pipeline_VITIS_LOOP_87_5.compgen.tcl 
Execute           ap_part_info -name xc7z020-clg400-1 -data names -quiet 
Execute           ap_part_info -name xc7z020-clg400-1 -data info -quiet 
Execute         source /home/cym/prj2/finn/notebooks/icl_thesis-master/experiments/qks_v3_s0_s10_s20_s30_exploratory_hls/q16_qksv3_s10/q16_qksv3_s10_hls/solution1/.autopilot/db/attention_v2_pruned_Pipeline_VITIS_LOOP_97_7.compgen.tcl 
Execute           ap_part_info -name xc7z020-clg400-1 -data names -quiet 
Execute           ap_part_info -name xc7z020-clg400-1 -data info -quiet 
Execute         source /home/cym/prj2/finn/notebooks/icl_thesis-master/experiments/qks_v3_s0_s10_s20_s30_exploratory_hls/q16_qksv3_s10/q16_qksv3_s10_hls/solution1/.autopilot/db/attention_v2_pruned_Pipeline_VITIS_LOOP_107_8_VITIS_LOOP_108_9_VITIS_LOOP_110_10.compgen.tcl 
Execute           ap_part_info -name xc7z020-clg400-1 -data names -quiet 
Execute           ap_part_info -name xc7z020-clg400-1 -data info -quiet 
Execute           ap_part_info -name xc7z020-clg400-1 -data info 
Execute         source /home/cym/prj2/finn/notebooks/icl_thesis-master/experiments/qks_v3_s0_s10_s20_s30_exploratory_hls/q16_qksv3_s10/q16_qksv3_s10_hls/solution1/.autopilot/db/attention_v2_pruned_Pipeline_VITIS_LOOP_122_12.compgen.tcl 
Execute         source /home/cym/prj2/finn/notebooks/icl_thesis-master/experiments/qks_v3_s0_s10_s20_s30_exploratory_hls/q16_qksv3_s10/q16_qksv3_s10_hls/solution1/.autopilot/db/attention_v2_pruned_Pipeline_VITIS_LOOP_133_14.compgen.tcl 
Execute         source /home/cym/prj2/finn/notebooks/icl_thesis-master/experiments/qks_v3_s0_s10_s20_s30_exploratory_hls/q16_qksv3_s10/q16_qksv3_s10_hls/solution1/.autopilot/db/attention_v2_pruned_Pipeline_VITIS_LOOP_141_15_VITIS_LOOP_143_16.compgen.tcl 
Execute           ap_part_info -name xc7z020-clg400-1 -data names -quiet 
Execute           ap_part_info -name xc7z020-clg400-1 -data info -quiet 
Execute         source /home/cym/prj2/finn/notebooks/icl_thesis-master/experiments/qks_v3_s0_s10_s20_s30_exploratory_hls/q16_qksv3_s10/q16_qksv3_s10_hls/solution1/.autopilot/db/attention_v2_pruned_Pipeline_VITIS_LOOP_153_18.compgen.tcl 
Execute         source /home/cym/prj2/finn/notebooks/icl_thesis-master/experiments/qks_v3_s0_s10_s20_s30_exploratory_hls/q16_qksv3_s10/q16_qksv3_s10_hls/solution1/.autopilot/db/attention_v2_pruned.compgen.tcl 
Execute         source /home/cym/prj2/finn/notebooks/icl_thesis-master/experiments/qks_v3_s0_s10_s20_s30_exploratory_hls/q16_qksv3_s10/q16_qksv3_s10_hls/solution1/.autopilot/db/layer_norm_1.compgen.tcl 
Execute           ap_part_info -name xc7z020-clg400-1 -data names -quiet 
Execute           ap_part_info -name xc7z020-clg400-1 -data info -quiet 
Execute           ap_part_info -name xc7z020-clg400-1 -data names -quiet 
Execute           ap_part_info -name xc7z020-clg400-1 -data info -quiet 
Execute           ap_part_info -name xc7z020-clg400-1 -data info 
Execute           ap_part_info -name xc7z020-clg400-1 -data names -quiet 
Execute           ap_part_info -name xc7z020-clg400-1 -data info -quiet 
Execute           ap_part_info -name xc7z020-clg400-1 -data info 
Execute           ap_part_info -name xc7z020-clg400-1 -data names -quiet 
Execute           ap_part_info -name xc7z020-clg400-1 -data info -quiet 
Execute           ap_part_info -name xc7z020-clg400-1 -data info 
Execute           ap_part_info -name xc7z020-clg400-1 -data names -quiet 
Execute           ap_part_info -name xc7z020-clg400-1 -data info -quiet 
Execute           ap_part_info -name xc7z020-clg400-1 -data info 
Execute           ap_part_info -name xc7z020-clg400-1 -data names -quiet 
Execute           ap_part_info -name xc7z020-clg400-1 -data info -quiet 
Execute           ap_part_info -name xc7z020-clg400-1 -data info 
Execute           ap_part_info -name xc7z020-clg400-1 -data names -quiet 
Execute           ap_part_info -name xc7z020-clg400-1 -data info -quiet 
Execute           ap_part_info -name xc7z020-clg400-1 -data info 
Execute           ap_part_info -name xc7z020-clg400-1 -data names -quiet 
Execute           ap_part_info -name xc7z020-clg400-1 -data info -quiet 
Execute           ap_part_info -name xc7z020-clg400-1 -data info 
Execute           ap_part_info -name xc7z020-clg400-1 -data names -quiet 
Execute           ap_part_info -name xc7z020-clg400-1 -data info -quiet 
Execute           ap_part_info -name xc7z020-clg400-1 -data info 
Execute           ap_part_info -name xc7z020-clg400-1 -data names -quiet 
Execute           ap_part_info -name xc7z020-clg400-1 -data info -quiet 
Execute           ap_part_info -name xc7z020-clg400-1 -data info 
Execute           ap_part_info -name xc7z020-clg400-1 -data names -quiet 
Execute           ap_part_info -name xc7z020-clg400-1 -data info -quiet 
Execute           ap_part_info -name xc7z020-clg400-1 -data info 
Command         ap_source done; 0.14 sec.
Execute         source /home/cym/prj2/finn/notebooks/icl_thesis-master/experiments/qks_v3_s0_s10_s20_s30_exploratory_hls/q16_qksv3_s10/q16_qksv3_s10_hls/solution1/.autopilot/db/q16_qksv3_s10_Pipeline_VITIS_LOOP_243_4.compgen.tcl 
Execute         source /home/cym/prj2/finn/notebooks/icl_thesis-master/experiments/qks_v3_s0_s10_s20_s30_exploratory_hls/q16_qksv3_s10/q16_qksv3_s10_hls/solution1/.autopilot/db/q16_qksv3_s10_Pipeline_VITIS_LOOP_178_3.compgen.tcl 
Execute         source /home/cym/prj2/finn/notebooks/icl_thesis-master/experiments/qks_v3_s0_s10_s20_s30_exploratory_hls/q16_qksv3_s10/q16_qksv3_s10_hls/solution1/.autopilot/db/q16_qksv3_s10_Pipeline_VITIS_LOOP_189_5.compgen.tcl 
Execute           ap_part_info -name xc7z020-clg400-1 -data names -quiet 
Execute           ap_part_info -name xc7z020-clg400-1 -data info -quiet 
Execute         source /home/cym/prj2/finn/notebooks/icl_thesis-master/experiments/qks_v3_s0_s10_s20_s30_exploratory_hls/q16_qksv3_s10/q16_qksv3_s10_hls/solution1/.autopilot/db/q16_qksv3_s10_Pipeline_VITIS_LOOP_196_6.compgen.tcl 
Execute         source /home/cym/prj2/finn/notebooks/icl_thesis-master/experiments/qks_v3_s0_s10_s20_s30_exploratory_hls/q16_qksv3_s10/q16_qksv3_s10_hls/solution1/.autopilot/db/q16_qksv3_s10_Pipeline_VITIS_LOOP_256_5.compgen.tcl 
Execute         source /home/cym/prj2/finn/notebooks/icl_thesis-master/experiments/qks_v3_s0_s10_s20_s30_exploratory_hls/q16_qksv3_s10/q16_qksv3_s10_hls/solution1/.autopilot/db/q16_qksv3_s10_Pipeline_VITIS_LOOP_261_6_VITIS_LOOP_263_7.compgen.tcl 
Execute         source /home/cym/prj2/finn/notebooks/icl_thesis-master/experiments/qks_v3_s0_s10_s20_s30_exploratory_hls/q16_qksv3_s10/q16_qksv3_s10_hls/solution1/.autopilot/db/layer_norm_Pipeline_VITIS_LOOP_36_1.compgen.tcl 
Execute         source /home/cym/prj2/finn/notebooks/icl_thesis-master/experiments/qks_v3_s0_s10_s20_s30_exploratory_hls/q16_qksv3_s10/q16_qksv3_s10_hls/solution1/.autopilot/db/layer_norm_Pipeline_VITIS_LOOP_40_2.compgen.tcl 
Execute         source /home/cym/prj2/finn/notebooks/icl_thesis-master/experiments/qks_v3_s0_s10_s20_s30_exploratory_hls/q16_qksv3_s10/q16_qksv3_s10_hls/solution1/.autopilot/db/layer_norm_Pipeline_VITIS_LOOP_47_3.compgen.tcl 
Execute         source /home/cym/prj2/finn/notebooks/icl_thesis-master/experiments/qks_v3_s0_s10_s20_s30_exploratory_hls/q16_qksv3_s10/q16_qksv3_s10_hls/solution1/.autopilot/db/layer_norm.compgen.tcl 
Execute         source /home/cym/prj2/finn/notebooks/icl_thesis-master/experiments/qks_v3_s0_s10_s20_s30_exploratory_hls/q16_qksv3_s10/q16_qksv3_s10_hls/solution1/.autopilot/db/q16_qksv3_s10.compgen.tcl 
Execute           ap_part_info -name xc7z020-clg400-1 -data names -quiet 
Execute           ap_part_info -name xc7z020-clg400-1 -data info -quiet 
Execute           ap_part_info -name xc7z020-clg400-1 -data info 
Execute           ap_part_info -name xc7z020-clg400-1 -data names -quiet 
Execute           ap_part_info -name xc7z020-clg400-1 -data info -quiet 
Execute           ap_part_info -name xc7z020-clg400-1 -data info 
Execute           ap_part_info -name xc7z020-clg400-1 -data names -quiet 
Execute           ap_part_info -name xc7z020-clg400-1 -data info -quiet 
Execute           ap_part_info -name xc7z020-clg400-1 -data info 
Execute           ap_part_info -name xc7z020-clg400-1 -data names -quiet 
Execute           ap_part_info -name xc7z020-clg400-1 -data info -quiet 
Execute           ap_part_info -name xc7z020-clg400-1 -data info 
Execute           ap_part_info -name xc7z020-clg400-1 -data names -quiet 
Execute           ap_part_info -name xc7z020-clg400-1 -data info -quiet 
Execute           ap_part_info -name xc7z020-clg400-1 -data info 
Execute           ap_part_info -name xc7z020-clg400-1 -data names -quiet 
Execute           ap_part_info -name xc7z020-clg400-1 -data info -quiet 
Execute           ap_part_info -name xc7z020-clg400-1 -data info 
Execute           ap_part_info -name xc7z020-clg400-1 -data names -quiet 
Execute           ap_part_info -name xc7z020-clg400-1 -data info -quiet 
Execute           ap_part_info -name xc7z020-clg400-1 -data info 
Execute           ap_part_info -name xc7z020-clg400-1 -data names -quiet 
Execute           ap_part_info -name xc7z020-clg400-1 -data info -quiet 
Execute           ap_part_info -name xc7z020-clg400-1 -data info 
Execute           ap_part_info -name xc7z020-clg400-1 -data names -quiet 
Execute           ap_part_info -name xc7z020-clg400-1 -data info -quiet 
Execute           ap_part_info -name xc7z020-clg400-1 -data info 
Execute           ap_part_info -name xc7z020-clg400-1 -data names -quiet 
Execute           ap_part_info -name xc7z020-clg400-1 -data info -quiet 
Execute           ap_part_info -name xc7z020-clg400-1 -data info 
Execute           ap_part_info -name xc7z020-clg400-1 -data names -quiet 
Execute           ap_part_info -name xc7z020-clg400-1 -data info -quiet 
Execute           ap_part_info -name xc7z020-clg400-1 -data info 
Execute           source ./control.slave.tcl 
Command         ap_source done; 0.16 sec.
INFO: [HLS 200-111] Finished Generating all RTL models: CPU user time: 2.07 seconds. CPU system time: 0.04 seconds. Elapsed time: 2.12 seconds; current allocated memory: 722.836 MB.
INFO-FLOW: DBG:PROC: ::HLSREPORTS::create_csynth_xml bind_info_var='bind_info' RtlSubPrefix='q16_qksv3_s10_' outfile=''
INFO-FLOW: Running: create_csynth_xml read xml data
INFO-FLOW: Done: create_csynth_xml read xml data time: 0 seconds per iteration
INFO-FLOW: Running: create_csynth_xml bind info
INFO-FLOW: Done: create_csynth_xml bind info time: 0 seconds per iteration
INFO-FLOW: Running: create_csynth_xml config info
INFO-FLOW: Done: create_csynth_xml config info time: 0 seconds per iteration
INFO-FLOW: Running: create_csynth_xml write xml
INFO-FLOW: Done: create_csynth_xml write xml time: 0 seconds per iteration
INFO-FLOW: DBG:PUTS:      create_csynth_xml wrote csynth_xml=/home/cym/prj2/finn/notebooks/icl_thesis-master/experiments/qks_v3_s0_s10_s20_s30_exploratory_hls/q16_qksv3_s10/q16_qksv3_s10_hls/solution1/syn/report/csynth.xml
INFO-FLOW: DBG:PROC: ::AP::DESIGN_DATA::generate_json generate_bd_files='0' generate_xo_files='0' modelList='q16_qksv3_s10_mul_mul_9s_16s_25_4_1
q16_qksv3_s10_q16_qksv3_s10_Pipeline_VITIS_LOOP_222_3_input_projection_weight_V_ROM_AUTO_1R
q16_qksv3_s10_flow_control_loop_pipe_sequential_init
q16_qksv3_s10_mul_mul_10s_16s_26_4_1
q16_qksv3_s10_attention_v2_pruned_Pipeline_VITIS_LOOP_75_2_VITIS_LOOP_77_3_layers_0_attentibkb
q16_qksv3_s10_flow_control_loop_pipe_sequential_init
q16_qksv3_s10_mul_mul_12s_16s_28_4_1
q16_qksv3_s10_attention_v2_pruned_Pipeline_VITIS_LOOP_87_5_layers_0_attention_query_weight_cud
q16_qksv3_s10_flow_control_loop_pipe_sequential_init
q16_qksv3_s10_mul_mul_11s_16s_27_4_1
q16_qksv3_s10_attention_v2_pruned_Pipeline_VITIS_LOOP_97_7_layers_0_attention_key_weight_V_dEe
q16_qksv3_s10_flow_control_loop_pipe_sequential_init
q16_qksv3_s10_mac_muladd_16s_16s_30ns_30_4_1
q16_qksv3_s10_flow_control_loop_pipe_sequential_init
q16_qksv3_s10_flow_control_loop_pipe_sequential_init
q16_qksv3_s10_flow_control_loop_pipe_sequential_init
q16_qksv3_s10_mul_mul_24s_16s_30_4_1
q16_qksv3_s10_flow_control_loop_pipe_sequential_init
q16_qksv3_s10_attention_v2_pruned_Pipeline_VITIS_LOOP_153_18_layers_0_attention_output_weigeOg
q16_qksv3_s10_flow_control_loop_pipe_sequential_init
q16_qksv3_s10_fexp_32ns_32ns_32_10_full_dsp_1
q16_qksv3_s10_attention_v2_pruned_layers_0_attention_output_bias_V_ROM_AUTO_1R
q16_qksv3_s10_attention_v2_pruned_Q_V_RAM_AUTO_1R1W
q16_qksv3_s10_attention_v2_pruned_V_V_RAM_AUTO_1R1W
q16_qksv3_s10_attention_v2_pruned_K_sum_V_RAM_AUTO_1R1W
q16_qksv3_s10_attention_v2_pruned_attended_V_RAM_AUTO_1R1W
q16_qksv3_s10_fadd_32ns_32ns_32_5_full_dsp_1
q16_qksv3_s10_fsqrt_32ns_32ns_32_16_no_dsp_1
q16_qksv3_s10_mul_mul_16s_16s_30_4_1
q16_qksv3_s10_am_submul_16s_16s_16s_26_4_1
q16_qksv3_s10_mac_muladd_16s_11ns_16s_26_4_1
q16_qksv3_s10_mac_muladd_16s_11ns_16ns_26_4_1
q16_qksv3_s10_mac_muladd_16s_11ns_17s_26_4_1
q16_qksv3_s10_mac_muladd_16s_11ns_15s_26_4_1
q16_qksv3_s10_mac_muladd_16s_10ns_16s_26_4_1
q16_qksv3_s10_mac_muladd_16s_10ns_16ns_26_4_1
q16_qksv3_s10_mac_muladd_16s_10ns_18s_26_4_1
q16_qksv3_s10_mac_muladd_16s_11ns_15ns_26_4_1
q16_qksv3_s10_mac_muladd_16s_11ns_18s_26_4_1
q16_qksv3_s10_flow_control_loop_pipe_sequential_init
q16_qksv3_s10_q16_qksv3_s10_Pipeline_VITIS_LOOP_178_3_layers_0_feedforward_0_weight_V_ROM_AfYi
q16_qksv3_s10_flow_control_loop_pipe_sequential_init
q16_qksv3_s10_mul_mul_10s_15ns_25_4_1
q16_qksv3_s10_q16_qksv3_s10_Pipeline_VITIS_LOOP_189_5_layers_0_feedforward_3_weight_V_ROM_Ag8j
q16_qksv3_s10_flow_control_loop_pipe_sequential_init
q16_qksv3_s10_flow_control_loop_pipe_sequential_init
q16_qksv3_s10_flow_control_loop_pipe_sequential_init
q16_qksv3_s10_mul_34s_36ns_69_2_1
q16_qksv3_s10_flow_control_loop_pipe_sequential_init
q16_qksv3_s10_flow_control_loop_pipe_sequential_init
q16_qksv3_s10_flow_control_loop_pipe_sequential_init
q16_qksv3_s10_layer_norm_Pipeline_VITIS_LOOP_47_3_output_norm_weight_V_ROM_AUTO_1R
q16_qksv3_s10_layer_norm_Pipeline_VITIS_LOOP_47_3_output_norm_bias_V_ROM_AUTO_1R
q16_qksv3_s10_flow_control_loop_pipe_sequential_init
q16_qksv3_s10_mac_muladd_16s_9s_19s_24_4_1
q16_qksv3_s10_mac_muladd_16s_9ns_18s_25_4_1
q16_qksv3_s10_mac_muladd_16s_10s_25s_26_4_1
q16_qksv3_s10_mac_muladd_16s_8ns_25s_26_4_1
q16_qksv3_s10_mac_muladd_16s_8ns_26s_26_4_1
q16_qksv3_s10_mac_muladd_16s_9ns_26ns_26_4_1
q16_qksv3_s10_mac_muladd_16s_9s_26s_26_4_1
q16_qksv3_s10_mac_muladd_16s_10s_26ns_26_4_1
q16_qksv3_s10_mac_muladd_16s_7ns_26s_26_4_1
q16_qksv3_s10_mac_muladd_16s_10ns_26ns_26_4_1
q16_qksv3_s10_mac_muladd_16s_8s_26s_26_4_1
q16_qksv3_s10_fdiv_32ns_32ns_32_16_no_dsp_1
q16_qksv3_s10_fpext_32ns_64_2_no_dsp_1
q16_qksv3_s10_input_projection_bias_V_ROM_AUTO_1R
q16_qksv3_s10_position_embedding_V_ROM_AUTO_1R
q16_qksv3_s10_layers_0_feedforward_0_bias_V_ROM_AUTO_1R
q16_qksv3_s10_layers_0_feedforward_3_bias_V_ROM_AUTO_1R
q16_qksv3_s10_hidden_V_RAM_AUTO_1R1W
q16_qksv3_s10_ff_out_V_RAM_AUTO_1R1W
q16_qksv3_s10_x_V_RAM_AUTO_1R1W
q16_qksv3_s10_pooled_V_RAM_AUTO_1R1W
q16_qksv3_s10_gmem0_m_axi
q16_qksv3_s10_gmem2_m_axi
q16_qksv3_s10_gmem1_m_axi
q16_qksv3_s10_control_s_axi
q16_qksv3_s10_Pipeline_VITIS_LOOP_222_3
attention_v2_pruned_Pipeline_VITIS_LOOP_75_2_VITIS_LOOP_77_3
attention_v2_pruned_Pipeline_VITIS_LOOP_87_5
attention_v2_pruned_Pipeline_VITIS_LOOP_97_7
attention_v2_pruned_Pipeline_VITIS_LOOP_107_8_VITIS_LOOP_108_9_VITIS_LOOP_110_10
attention_v2_pruned_Pipeline_VITIS_LOOP_122_12
attention_v2_pruned_Pipeline_VITIS_LOOP_133_14
attention_v2_pruned_Pipeline_VITIS_LOOP_141_15_VITIS_LOOP_143_16
attention_v2_pruned_Pipeline_VITIS_LOOP_153_18
attention_v2_pruned
layer_norm_1
q16_qksv3_s10_Pipeline_VITIS_LOOP_243_4
q16_qksv3_s10_Pipeline_VITIS_LOOP_178_3
q16_qksv3_s10_Pipeline_VITIS_LOOP_189_5
q16_qksv3_s10_Pipeline_VITIS_LOOP_196_6
q16_qksv3_s10_Pipeline_VITIS_LOOP_256_5
q16_qksv3_s10_Pipeline_VITIS_LOOP_261_6_VITIS_LOOP_263_7
layer_norm_Pipeline_VITIS_LOOP_36_1
layer_norm_Pipeline_VITIS_LOOP_40_2
layer_norm_Pipeline_VITIS_LOOP_47_3
layer_norm
q16_qksv3_s10
' rtl_lang='both' bootstrap_tcl='false' outdir='' outfilename=''
Execute         source /home/cym/prj2/finn/notebooks/icl_thesis-master/experiments/qks_v3_s0_s10_s20_s30_exploratory_hls/q16_qksv3_s10/q16_qksv3_s10_hls/solution1/.autopilot/db/global.setting.tcl 
Execute         source /home/cym/prj2/finn/notebooks/icl_thesis-master/experiments/qks_v3_s0_s10_s20_s30_exploratory_hls/q16_qksv3_s10/q16_qksv3_s10_hls/solution1/.autopilot/db/global.setting.tcl 
Execute         source /home/cym/prj2/finn/notebooks/icl_thesis-master/experiments/qks_v3_s0_s10_s20_s30_exploratory_hls/q16_qksv3_s10/q16_qksv3_s10_hls/solution1/.autopilot/db/top-io-be.tcl 
Execute         source /home/cym/prj2/finn/notebooks/icl_thesis-master/experiments/qks_v3_s0_s10_s20_s30_exploratory_hls/q16_qksv3_s10/q16_qksv3_s10_hls/solution1/.autopilot/db/q16_qksv3_s10.tbgen.tcl 
Execute         source /home/cym/prj2/finn/notebooks/icl_thesis-master/experiments/qks_v3_s0_s10_s20_s30_exploratory_hls/q16_qksv3_s10/q16_qksv3_s10_hls/solution1/.autopilot/db/q16_qksv3_s10.compgen.dataonly.tcl 
Execute         source /home/cym/prj2/finn/notebooks/icl_thesis-master/experiments/qks_v3_s0_s10_s20_s30_exploratory_hls/q16_qksv3_s10/q16_qksv3_s10_hls/solution1/.autopilot/db/q16_qksv3_s10.compgen.dataonly.tcl 
Execute         source /home/cym/prj2/finn/notebooks/icl_thesis-master/experiments/qks_v3_s0_s10_s20_s30_exploratory_hls/q16_qksv3_s10/q16_qksv3_s10_hls/solution1/.autopilot/db/q16_qksv3_s10.rtl_wrap.cfg.tcl 
Execute         source /home/cym/prj2/finn/notebooks/icl_thesis-master/experiments/qks_v3_s0_s10_s20_s30_exploratory_hls/q16_qksv3_s10/q16_qksv3_s10_hls/solution1/.autopilot/db/q16_qksv3_s10.compgen.dataonly.tcl 
Execute         source /home/cym/prj2/finn/notebooks/icl_thesis-master/experiments/qks_v3_s0_s10_s20_s30_exploratory_hls/q16_qksv3_s10/q16_qksv3_s10_hls/solution1/.autopilot/db/q16_qksv3_s10_Pipeline_VITIS_LOOP_222_3.tbgen.tcl 
Execute         source /home/cym/prj2/finn/notebooks/icl_thesis-master/experiments/qks_v3_s0_s10_s20_s30_exploratory_hls/q16_qksv3_s10/q16_qksv3_s10_hls/solution1/.autopilot/db/attention_v2_pruned_Pipeline_VITIS_LOOP_75_2_VITIS_LOOP_77_3.tbgen.tcl 
Execute         source /home/cym/prj2/finn/notebooks/icl_thesis-master/experiments/qks_v3_s0_s10_s20_s30_exploratory_hls/q16_qksv3_s10/q16_qksv3_s10_hls/solution1/.autopilot/db/attention_v2_pruned_Pipeline_VITIS_LOOP_87_5.tbgen.tcl 
Execute         source /home/cym/prj2/finn/notebooks/icl_thesis-master/experiments/qks_v3_s0_s10_s20_s30_exploratory_hls/q16_qksv3_s10/q16_qksv3_s10_hls/solution1/.autopilot/db/attention_v2_pruned_Pipeline_VITIS_LOOP_97_7.tbgen.tcl 
Execute         source /home/cym/prj2/finn/notebooks/icl_thesis-master/experiments/qks_v3_s0_s10_s20_s30_exploratory_hls/q16_qksv3_s10/q16_qksv3_s10_hls/solution1/.autopilot/db/attention_v2_pruned_Pipeline_VITIS_LOOP_107_8_VITIS_LOOP_108_9_VITIS_LOOP_110_10.tbgen.tcl 
Execute         source /home/cym/prj2/finn/notebooks/icl_thesis-master/experiments/qks_v3_s0_s10_s20_s30_exploratory_hls/q16_qksv3_s10/q16_qksv3_s10_hls/solution1/.autopilot/db/attention_v2_pruned_Pipeline_VITIS_LOOP_122_12.tbgen.tcl 
Execute         source /home/cym/prj2/finn/notebooks/icl_thesis-master/experiments/qks_v3_s0_s10_s20_s30_exploratory_hls/q16_qksv3_s10/q16_qksv3_s10_hls/solution1/.autopilot/db/attention_v2_pruned_Pipeline_VITIS_LOOP_133_14.tbgen.tcl 
Execute         source /home/cym/prj2/finn/notebooks/icl_thesis-master/experiments/qks_v3_s0_s10_s20_s30_exploratory_hls/q16_qksv3_s10/q16_qksv3_s10_hls/solution1/.autopilot/db/attention_v2_pruned_Pipeline_VITIS_LOOP_141_15_VITIS_LOOP_143_16.tbgen.tcl 
Execute         source /home/cym/prj2/finn/notebooks/icl_thesis-master/experiments/qks_v3_s0_s10_s20_s30_exploratory_hls/q16_qksv3_s10/q16_qksv3_s10_hls/solution1/.autopilot/db/attention_v2_pruned_Pipeline_VITIS_LOOP_153_18.tbgen.tcl 
Execute         source /home/cym/prj2/finn/notebooks/icl_thesis-master/experiments/qks_v3_s0_s10_s20_s30_exploratory_hls/q16_qksv3_s10/q16_qksv3_s10_hls/solution1/.autopilot/db/attention_v2_pruned.tbgen.tcl 
Execute         source /home/cym/prj2/finn/notebooks/icl_thesis-master/experiments/qks_v3_s0_s10_s20_s30_exploratory_hls/q16_qksv3_s10/q16_qksv3_s10_hls/solution1/.autopilot/db/layer_norm_1.tbgen.tcl 
Execute         source /home/cym/prj2/finn/notebooks/icl_thesis-master/experiments/qks_v3_s0_s10_s20_s30_exploratory_hls/q16_qksv3_s10/q16_qksv3_s10_hls/solution1/.autopilot/db/q16_qksv3_s10_Pipeline_VITIS_LOOP_243_4.tbgen.tcl 
Execute         source /home/cym/prj2/finn/notebooks/icl_thesis-master/experiments/qks_v3_s0_s10_s20_s30_exploratory_hls/q16_qksv3_s10/q16_qksv3_s10_hls/solution1/.autopilot/db/q16_qksv3_s10_Pipeline_VITIS_LOOP_178_3.tbgen.tcl 
Execute         source /home/cym/prj2/finn/notebooks/icl_thesis-master/experiments/qks_v3_s0_s10_s20_s30_exploratory_hls/q16_qksv3_s10/q16_qksv3_s10_hls/solution1/.autopilot/db/q16_qksv3_s10_Pipeline_VITIS_LOOP_189_5.tbgen.tcl 
Execute         source /home/cym/prj2/finn/notebooks/icl_thesis-master/experiments/qks_v3_s0_s10_s20_s30_exploratory_hls/q16_qksv3_s10/q16_qksv3_s10_hls/solution1/.autopilot/db/q16_qksv3_s10_Pipeline_VITIS_LOOP_196_6.tbgen.tcl 
Execute         source /home/cym/prj2/finn/notebooks/icl_thesis-master/experiments/qks_v3_s0_s10_s20_s30_exploratory_hls/q16_qksv3_s10/q16_qksv3_s10_hls/solution1/.autopilot/db/q16_qksv3_s10_Pipeline_VITIS_LOOP_256_5.tbgen.tcl 
Execute         source /home/cym/prj2/finn/notebooks/icl_thesis-master/experiments/qks_v3_s0_s10_s20_s30_exploratory_hls/q16_qksv3_s10/q16_qksv3_s10_hls/solution1/.autopilot/db/q16_qksv3_s10_Pipeline_VITIS_LOOP_261_6_VITIS_LOOP_263_7.tbgen.tcl 
Execute         source /home/cym/prj2/finn/notebooks/icl_thesis-master/experiments/qks_v3_s0_s10_s20_s30_exploratory_hls/q16_qksv3_s10/q16_qksv3_s10_hls/solution1/.autopilot/db/layer_norm_Pipeline_VITIS_LOOP_36_1.tbgen.tcl 
Execute         source /home/cym/prj2/finn/notebooks/icl_thesis-master/experiments/qks_v3_s0_s10_s20_s30_exploratory_hls/q16_qksv3_s10/q16_qksv3_s10_hls/solution1/.autopilot/db/layer_norm_Pipeline_VITIS_LOOP_40_2.tbgen.tcl 
Execute         source /home/cym/prj2/finn/notebooks/icl_thesis-master/experiments/qks_v3_s0_s10_s20_s30_exploratory_hls/q16_qksv3_s10/q16_qksv3_s10_hls/solution1/.autopilot/db/layer_norm_Pipeline_VITIS_LOOP_47_3.tbgen.tcl 
Execute         source /home/cym/prj2/finn/notebooks/icl_thesis-master/experiments/qks_v3_s0_s10_s20_s30_exploratory_hls/q16_qksv3_s10/q16_qksv3_s10_hls/solution1/.autopilot/db/layer_norm.tbgen.tcl 
Execute         source /home/cym/prj2/finn/notebooks/icl_thesis-master/experiments/qks_v3_s0_s10_s20_s30_exploratory_hls/q16_qksv3_s10/q16_qksv3_s10_hls/solution1/.autopilot/db/q16_qksv3_s10.tbgen.tcl 
Execute         source /home/cym/prj2/finn/notebooks/icl_thesis-master/experiments/qks_v3_s0_s10_s20_s30_exploratory_hls/q16_qksv3_s10/q16_qksv3_s10_hls/solution1/.autopilot/db/global.setting.tcl 
Execute         ap_part_info -name xc7z020-clg400-1 -data names -quiet 
Execute         ap_part_info -name xc7z020-clg400-1 -data info -quiet 
Execute         source /home/cym/prj2/finn/notebooks/icl_thesis-master/experiments/qks_v3_s0_s10_s20_s30_exploratory_hls/q16_qksv3_s10/q16_qksv3_s10_hls/solution1/.autopilot/db/q16_qksv3_s10.constraint.tcl 
Execute         sc_get_clocks q16_qksv3_s10 
Execute         source /home/cym/prj2/finn/notebooks/icl_thesis-master/experiments/qks_v3_s0_s10_s20_s30_exploratory_hls/q16_qksv3_s10/q16_qksv3_s10_hls/solution1/.autopilot/db/global.setting.tcl 
Execute         source /home/cym/prj2/finn/notebooks/icl_thesis-master/experiments/qks_v3_s0_s10_s20_s30_exploratory_hls/q16_qksv3_s10/q16_qksv3_s10_hls/solution1/impl/misc/q16_qksv3_s10_fadd_32ns_32ns_32_5_full_dsp_1_ip.tcl 
Execute         source /home/cym/prj2/finn/notebooks/icl_thesis-master/experiments/qks_v3_s0_s10_s20_s30_exploratory_hls/q16_qksv3_s10/q16_qksv3_s10_hls/solution1/impl/misc/q16_qksv3_s10_fdiv_32ns_32ns_32_16_no_dsp_1_ip.tcl 
Execute         source /home/cym/prj2/finn/notebooks/icl_thesis-master/experiments/qks_v3_s0_s10_s20_s30_exploratory_hls/q16_qksv3_s10/q16_qksv3_s10_hls/solution1/impl/misc/q16_qksv3_s10_fexp_32ns_32ns_32_10_full_dsp_1_ip.tcl 
Execute         source /home/cym/prj2/finn/notebooks/icl_thesis-master/experiments/qks_v3_s0_s10_s20_s30_exploratory_hls/q16_qksv3_s10/q16_qksv3_s10_hls/solution1/impl/misc/q16_qksv3_s10_fpext_32ns_64_2_no_dsp_1_ip.tcl 
Execute         source /home/cym/prj2/finn/notebooks/icl_thesis-master/experiments/qks_v3_s0_s10_s20_s30_exploratory_hls/q16_qksv3_s10/q16_qksv3_s10_hls/solution1/impl/misc/q16_qksv3_s10_fsqrt_32ns_32ns_32_16_no_dsp_1_ip.tcl 
INFO-FLOW: DBG:PROC: ::HLSREPORTS::add_csynth_report_sections bind_info_dict='adapter_nodes {{BINDTYPE adapter DISPLAY {bind_adapter axilite} ID {} IMPL {} LATENCY {} OPTYPE {} PRAGMA yes RTLNAME control_s_axi_U SOURCE {} VARIABLE {} MODULE q16_qksv3_s10 LOOP {} BUNDLEDNAME control DSP 0 BRAM 0 URAM 0} {BINDTYPE adapter DISPLAY {bind_adapter axi_master} ID {} IMPL {} LATENCY {} OPTYPE {} PRAGMA yes RTLNAME gmem0_m_axi_U SOURCE {} VARIABLE {} MODULE q16_qksv3_s10 LOOP {} BUNDLEDNAME gmem0 DSP 0 BRAM 0 URAM 0} {BINDTYPE adapter DISPLAY {bind_adapter axi_master} ID {} IMPL {} LATENCY {} OPTYPE {} PRAGMA yes RTLNAME gmem1_m_axi_U SOURCE {} VARIABLE {} MODULE q16_qksv3_s10 LOOP {} BUNDLEDNAME gmem1 DSP 0 BRAM 0 URAM 0} {BINDTYPE adapter DISPLAY {bind_adapter axi_master} ID {} IMPL {} LATENCY {} OPTYPE {} PRAGMA yes RTLNAME gmem2_m_axi_U SOURCE {} VARIABLE {} MODULE q16_qksv3_s10 LOOP {} BUNDLEDNAME gmem2 DSP 0 BRAM 0 URAM 0}} report_dict {TOPINST q16_qksv3_s10 MODULE2INSTS {q16_qksv3_s10 q16_qksv3_s10 attention_v2_pruned grp_attention_v2_pruned_fu_640 attention_v2_pruned_Pipeline_VITIS_LOOP_75_2_VITIS_LOOP_77_3 grp_attention_v2_pruned_Pipeline_VITIS_LOOP_75_2_VITIS_LOOP_77_3_fu_329 attention_v2_pruned_Pipeline_VITIS_LOOP_107_8_VITIS_LOOP_108_9_VITIS_LOOP_110_10 grp_attention_v2_pruned_Pipeline_VITIS_LOOP_107_8_VITIS_LOOP_108_9_VITIS_LOOP_110_10_fu_339 attention_v2_pruned_Pipeline_VITIS_LOOP_87_5 grp_attention_v2_pruned_Pipeline_VITIS_LOOP_87_5_fu_346 attention_v2_pruned_Pipeline_VITIS_LOOP_97_7 grp_attention_v2_pruned_Pipeline_VITIS_LOOP_97_7_fu_357 attention_v2_pruned_Pipeline_VITIS_LOOP_122_12 grp_attention_v2_pruned_Pipeline_VITIS_LOOP_122_12_fu_368 attention_v2_pruned_Pipeline_VITIS_LOOP_133_14 grp_attention_v2_pruned_Pipeline_VITIS_LOOP_133_14_fu_375 attention_v2_pruned_Pipeline_VITIS_LOOP_141_15_VITIS_LOOP_143_16 grp_attention_v2_pruned_Pipeline_VITIS_LOOP_141_15_VITIS_LOOP_143_16_fu_383 attention_v2_pruned_Pipeline_VITIS_LOOP_153_18 grp_attention_v2_pruned_Pipeline_VITIS_LOOP_153_18_fu_392 q16_qksv3_s10_Pipeline_VITIS_LOOP_222_3 grp_q16_qksv3_s10_Pipeline_VITIS_LOOP_222_3_fu_655 q16_qksv3_s10_Pipeline_VITIS_LOOP_243_4 grp_q16_qksv3_s10_Pipeline_VITIS_LOOP_243_4_fu_670 layer_norm_1 {grp_layer_norm_1_fu_92 grp_layer_norm_1_fu_96} q16_qksv3_s10_Pipeline_VITIS_LOOP_256_5 grp_q16_qksv3_s10_Pipeline_VITIS_LOOP_256_5_fu_675 q16_qksv3_s10_Pipeline_VITIS_LOOP_178_3 grp_q16_qksv3_s10_Pipeline_VITIS_LOOP_178_3_fu_680 q16_qksv3_s10_Pipeline_VITIS_LOOP_196_6 grp_q16_qksv3_s10_Pipeline_VITIS_LOOP_196_6_fu_691 q16_qksv3_s10_Pipeline_VITIS_LOOP_189_5 grp_q16_qksv3_s10_Pipeline_VITIS_LOOP_189_5_fu_698 q16_qksv3_s10_Pipeline_VITIS_LOOP_261_6_VITIS_LOOP_263_7 grp_q16_qksv3_s10_Pipeline_VITIS_LOOP_261_6_VITIS_LOOP_263_7_fu_709 layer_norm grp_layer_norm_fu_715 layer_norm_Pipeline_VITIS_LOOP_36_1 grp_layer_norm_Pipeline_VITIS_LOOP_36_1_fu_144 layer_norm_Pipeline_VITIS_LOOP_40_2 grp_layer_norm_Pipeline_VITIS_LOOP_40_2_fu_151 layer_norm_Pipeline_VITIS_LOOP_47_3 grp_layer_norm_Pipeline_VITIS_LOOP_47_3_fu_159} INST2MODULE {q16_qksv3_s10 q16_qksv3_s10 grp_attention_v2_pruned_fu_640 attention_v2_pruned grp_attention_v2_pruned_Pipeline_VITIS_LOOP_75_2_VITIS_LOOP_77_3_fu_329 attention_v2_pruned_Pipeline_VITIS_LOOP_75_2_VITIS_LOOP_77_3 grp_attention_v2_pruned_Pipeline_VITIS_LOOP_107_8_VITIS_LOOP_108_9_VITIS_LOOP_110_10_fu_339 attention_v2_pruned_Pipeline_VITIS_LOOP_107_8_VITIS_LOOP_108_9_VITIS_LOOP_110_10 grp_attention_v2_pruned_Pipeline_VITIS_LOOP_87_5_fu_346 attention_v2_pruned_Pipeline_VITIS_LOOP_87_5 grp_attention_v2_pruned_Pipeline_VITIS_LOOP_97_7_fu_357 attention_v2_pruned_Pipeline_VITIS_LOOP_97_7 grp_attention_v2_pruned_Pipeline_VITIS_LOOP_122_12_fu_368 attention_v2_pruned_Pipeline_VITIS_LOOP_122_12 grp_attention_v2_pruned_Pipeline_VITIS_LOOP_133_14_fu_375 attention_v2_pruned_Pipeline_VITIS_LOOP_133_14 grp_attention_v2_pruned_Pipeline_VITIS_LOOP_141_15_VITIS_LOOP_143_16_fu_383 attention_v2_pruned_Pipeline_VITIS_LOOP_141_15_VITIS_LOOP_143_16 grp_attention_v2_pruned_Pipeline_VITIS_LOOP_153_18_fu_392 attention_v2_pruned_Pipeline_VITIS_LOOP_153_18 grp_q16_qksv3_s10_Pipeline_VITIS_LOOP_222_3_fu_655 q16_qksv3_s10_Pipeline_VITIS_LOOP_222_3 grp_q16_qksv3_s10_Pipeline_VITIS_LOOP_243_4_fu_670 q16_qksv3_s10_Pipeline_VITIS_LOOP_243_4 grp_layer_norm_1_fu_92 layer_norm_1 grp_q16_qksv3_s10_Pipeline_VITIS_LOOP_256_5_fu_675 q16_qksv3_s10_Pipeline_VITIS_LOOP_256_5 grp_layer_norm_1_fu_96 layer_norm_1 grp_q16_qksv3_s10_Pipeline_VITIS_LOOP_178_3_fu_680 q16_qksv3_s10_Pipeline_VITIS_LOOP_178_3 grp_q16_qksv3_s10_Pipeline_VITIS_LOOP_196_6_fu_691 q16_qksv3_s10_Pipeline_VITIS_LOOP_196_6 grp_q16_qksv3_s10_Pipeline_VITIS_LOOP_189_5_fu_698 q16_qksv3_s10_Pipeline_VITIS_LOOP_189_5 grp_q16_qksv3_s10_Pipeline_VITIS_LOOP_261_6_VITIS_LOOP_263_7_fu_709 q16_qksv3_s10_Pipeline_VITIS_LOOP_261_6_VITIS_LOOP_263_7 grp_layer_norm_fu_715 layer_norm grp_layer_norm_Pipeline_VITIS_LOOP_36_1_fu_144 layer_norm_Pipeline_VITIS_LOOP_36_1 grp_layer_norm_Pipeline_VITIS_LOOP_40_2_fu_151 layer_norm_Pipeline_VITIS_LOOP_40_2 grp_layer_norm_Pipeline_VITIS_LOOP_47_3_fu_159 layer_norm_Pipeline_VITIS_LOOP_47_3} INSTDATA {q16_qksv3_s10 {DEPTH 1 CHILDREN {grp_attention_v2_pruned_fu_640 grp_q16_qksv3_s10_Pipeline_VITIS_LOOP_222_3_fu_655 grp_q16_qksv3_s10_Pipeline_VITIS_LOOP_243_4_fu_670 grp_q16_qksv3_s10_Pipeline_VITIS_LOOP_256_5_fu_675 grp_q16_qksv3_s10_Pipeline_VITIS_LOOP_178_3_fu_680 grp_q16_qksv3_s10_Pipeline_VITIS_LOOP_196_6_fu_691 grp_q16_qksv3_s10_Pipeline_VITIS_LOOP_189_5_fu_698 grp_q16_qksv3_s10_Pipeline_VITIS_LOOP_261_6_VITIS_LOOP_263_7_fu_709 grp_layer_norm_fu_715}} grp_attention_v2_pruned_fu_640 {DEPTH 2 CHILDREN {grp_attention_v2_pruned_Pipeline_VITIS_LOOP_75_2_VITIS_LOOP_77_3_fu_329 grp_attention_v2_pruned_Pipeline_VITIS_LOOP_107_8_VITIS_LOOP_108_9_VITIS_LOOP_110_10_fu_339 grp_attention_v2_pruned_Pipeline_VITIS_LOOP_87_5_fu_346 grp_attention_v2_pruned_Pipeline_VITIS_LOOP_97_7_fu_357 grp_attention_v2_pruned_Pipeline_VITIS_LOOP_122_12_fu_368 grp_attention_v2_pruned_Pipeline_VITIS_LOOP_133_14_fu_375 grp_attention_v2_pruned_Pipeline_VITIS_LOOP_141_15_VITIS_LOOP_143_16_fu_383 grp_attention_v2_pruned_Pipeline_VITIS_LOOP_153_18_fu_392}} grp_attention_v2_pruned_Pipeline_VITIS_LOOP_75_2_VITIS_LOOP_77_3_fu_329 {DEPTH 3 CHILDREN {}} grp_attention_v2_pruned_Pipeline_VITIS_LOOP_107_8_VITIS_LOOP_108_9_VITIS_LOOP_110_10_fu_339 {DEPTH 3 CHILDREN {}} grp_attention_v2_pruned_Pipeline_VITIS_LOOP_87_5_fu_346 {DEPTH 3 CHILDREN {}} grp_attention_v2_pruned_Pipeline_VITIS_LOOP_97_7_fu_357 {DEPTH 3 CHILDREN {}} grp_attention_v2_pruned_Pipeline_VITIS_LOOP_122_12_fu_368 {DEPTH 3 CHILDREN {}} grp_attention_v2_pruned_Pipeline_VITIS_LOOP_133_14_fu_375 {DEPTH 3 CHILDREN {}} grp_attention_v2_pruned_Pipeline_VITIS_LOOP_141_15_VITIS_LOOP_143_16_fu_383 {DEPTH 3 CHILDREN {}} grp_attention_v2_pruned_Pipeline_VITIS_LOOP_153_18_fu_392 {DEPTH 3 CHILDREN {}} grp_q16_qksv3_s10_Pipeline_VITIS_LOOP_222_3_fu_655 {DEPTH 2 CHILDREN {}} grp_q16_qksv3_s10_Pipeline_VITIS_LOOP_243_4_fu_670 {DEPTH 2 CHILDREN grp_layer_norm_1_fu_92} grp_layer_norm_1_fu_92 {DEPTH 3 CHILDREN {}} grp_q16_qksv3_s10_Pipeline_VITIS_LOOP_256_5_fu_675 {DEPTH 2 CHILDREN grp_layer_norm_1_fu_96} grp_layer_norm_1_fu_96 {DEPTH 3 CHILDREN {}} grp_q16_qksv3_s10_Pipeline_VITIS_LOOP_178_3_fu_680 {DEPTH 2 CHILDREN {}} grp_q16_qksv3_s10_Pipeline_VITIS_LOOP_196_6_fu_691 {DEPTH 2 CHILDREN {}} grp_q16_qksv3_s10_Pipeline_VITIS_LOOP_189_5_fu_698 {DEPTH 2 CHILDREN {}} grp_q16_qksv3_s10_Pipeline_VITIS_LOOP_261_6_VITIS_LOOP_263_7_fu_709 {DEPTH 2 CHILDREN {}} grp_layer_norm_fu_715 {DEPTH 2 CHILDREN {grp_layer_norm_Pipeline_VITIS_LOOP_36_1_fu_144 grp_layer_norm_Pipeline_VITIS_LOOP_40_2_fu_151 grp_layer_norm_Pipeline_VITIS_LOOP_47_3_fu_159}} grp_layer_norm_Pipeline_VITIS_LOOP_36_1_fu_144 {DEPTH 3 CHILDREN {}} grp_layer_norm_Pipeline_VITIS_LOOP_40_2_fu_151 {DEPTH 3 CHILDREN {}} grp_layer_norm_Pipeline_VITIS_LOOP_47_3_fu_159 {DEPTH 3 CHILDREN {}}} MODULEDATA {q16_qksv3_s10_Pipeline_VITIS_LOOP_222_3 {BINDINFO {{BINDTYPE op ID {} IMPL fabric LATENCY 0 OPTYPE add PRAGMA {} RTLNAME add_ln222_fu_188_p2 SOURCE /home/cym/prj2/finn/notebooks/icl_thesis-master/experiments/qks_v3_s0_s10_s20_s30_exploratory_hls/q16_qksv3_s10/src/q16_qksv3_s10.cpp:222 VARIABLE add_ln222 LOOP VITIS_LOOP_222_3 BUNDLEDNAME {} DSP 0 BRAM 0 URAM 0 DISPNAME {bind_op add}} {BINDTYPE op ID {} IMPL fabric LATENCY 0 OPTYPE add PRAGMA {} RTLNAME add_ln225_fu_214_p2 SOURCE /home/cym/prj2/finn/notebooks/icl_thesis-master/experiments/qks_v3_s0_s10_s20_s30_exploratory_hls/q16_qksv3_s10/src/q16_qksv3_s10.cpp:225 VARIABLE add_ln225 LOOP VITIS_LOOP_222_3 BUNDLEDNAME {} DSP 0 BRAM 0 URAM 0 DISPNAME {bind_op add}} {BINDTYPE op ID {} IMPL dsp48 LATENCY 3 OPTYPE mul PRAGMA {} RTLNAME mul_mul_9s_16s_25_4_1_U1 SOURCE /tools/Xilinx/Vitis_HLS/2022.2/common/technology/autopilot/ap_fixed_base.h:1273 VARIABLE r_V_2 LOOP VITIS_LOOP_222_3 BUNDLEDNAME {} DSP 1 BRAM 0 URAM 0 DISPNAME {bind_op mul}} {BINDTYPE op ID {} IMPL fabric LATENCY 0 OPTYPE add PRAGMA {} RTLNAME ret_V_fu_260_p2 SOURCE /tools/Xilinx/Vitis_HLS/2022.2/common/technology/autopilot/ap_fixed_base.h:1347 VARIABLE ret_V LOOP VITIS_LOOP_222_3 BUNDLEDNAME {} DSP 0 BRAM 0 URAM 0 DISPNAME {bind_op add}} {BINDTYPE op ID {} IMPL fabric LATENCY 0 OPTYPE add PRAGMA {} RTLNAME add_ln1347_1_fu_266_p2 SOURCE /tools/Xilinx/Vitis_HLS/2022.2/common/technology/autopilot/ap_fixed_base.h:1347 VARIABLE add_ln1347_1 LOOP VITIS_LOOP_222_3 BUNDLEDNAME {} DSP 0 BRAM 0 URAM 0 DISPNAME {bind_op add}} {BINDTYPE op ID {} IMPL fabric LATENCY 0 OPTYPE add PRAGMA {} RTLNAME add_ln813_fu_292_p2 SOURCE /tools/Xilinx/Vitis_HLS/2022.2/common/technology/autopilot/ap_fixed_base.h:813 VARIABLE add_ln813 LOOP VITIS_LOOP_222_3 BUNDLEDNAME {} DSP 0 BRAM 0 URAM 0 DISPNAME {bind_op add}} {BINDTYPE storage ID {} IMPL auto LATENCY 1 OPTYPE rom_1p PRAGMA {} RTLNAME input_projection_weight_V_U SOURCE {} VARIABLE input_projection_weight_V LOOP {} BUNDLEDNAME {} DSP 0 BRAM 1 URAM 0 DISPNAME {bind_storage rom_1p}}} AREA {DSP 1 BRAM 1 URAM 0}} attention_v2_pruned_Pipeline_VITIS_LOOP_75_2_VITIS_LOOP_77_3 {BINDINFO {{BINDTYPE op ID {} IMPL fabric LATENCY 0 OPTYPE add PRAGMA {} RTLNAME add_ln75_1_fu_156_p2 SOURCE /home/cym/prj2/finn/notebooks/icl_thesis-master/experiments/qks_v3_s0_s10_s20_s30_exploratory_hls/q16_qksv3_s10/src/q16_qksv3_s10.cpp:75 VARIABLE add_ln75_1 LOOP VITIS_LOOP_75_2_VITIS_LOOP_77_3 BUNDLEDNAME {} DSP 0 BRAM 0 URAM 0 DISPNAME {bind_op add}} {BINDTYPE op ID {} IMPL fabric LATENCY 0 OPTYPE add PRAGMA {} RTLNAME add_ln75_fu_168_p2 SOURCE /home/cym/prj2/finn/notebooks/icl_thesis-master/experiments/qks_v3_s0_s10_s20_s30_exploratory_hls/q16_qksv3_s10/src/q16_qksv3_s10.cpp:75 VARIABLE add_ln75 LOOP VITIS_LOOP_75_2_VITIS_LOOP_77_3 BUNDLEDNAME {} DSP 0 BRAM 0 URAM 0 DISPNAME {bind_op add}} {BINDTYPE op ID {} IMPL fabric LATENCY 0 OPTYPE add PRAGMA {} RTLNAME add_ln81_fu_338_p2 SOURCE /home/cym/prj2/finn/notebooks/icl_thesis-master/experiments/qks_v3_s0_s10_s20_s30_exploratory_hls/q16_qksv3_s10/src/q16_qksv3_s10.cpp:81 VARIABLE add_ln81 LOOP VITIS_LOOP_75_2_VITIS_LOOP_77_3 BUNDLEDNAME {} DSP 0 BRAM 0 URAM 0 DISPNAME {bind_op add}} {BINDTYPE op ID {} IMPL fabric LATENCY 0 OPTYPE add PRAGMA {} RTLNAME add_ln1271_fu_237_p2 SOURCE /tools/Xilinx/Vitis_HLS/2022.2/common/technology/autopilot/ap_fixed_base.h:1271 VARIABLE add_ln1271 LOOP VITIS_LOOP_75_2_VITIS_LOOP_77_3 BUNDLEDNAME {} DSP 0 BRAM 0 URAM 0 DISPNAME {bind_op add}} {BINDTYPE op ID {} IMPL fabric LATENCY 0 OPTYPE add PRAGMA {} RTLNAME add_ln79_fu_247_p2 SOURCE /home/cym/prj2/finn/notebooks/icl_thesis-master/experiments/qks_v3_s0_s10_s20_s30_exploratory_hls/q16_qksv3_s10/src/q16_qksv3_s10.cpp:79 VARIABLE add_ln79 LOOP VITIS_LOOP_75_2_VITIS_LOOP_77_3 BUNDLEDNAME {} DSP 0 BRAM 0 URAM 0 DISPNAME {bind_op add}} {BINDTYPE op ID {} IMPL dsp48 LATENCY 3 OPTYPE mul PRAGMA {} RTLNAME mul_mul_10s_16s_26_4_1_U11 SOURCE /tools/Xilinx/Vitis_HLS/2022.2/common/technology/autopilot/ap_fixed_base.h:1273 VARIABLE r_V_97 LOOP VITIS_LOOP_75_2_VITIS_LOOP_77_3 BUNDLEDNAME {} DSP 1 BRAM 0 URAM 0 DISPNAME {bind_op mul}} {BINDTYPE op ID {} IMPL fabric LATENCY 0 OPTYPE add PRAGMA {} RTLNAME ret_V_fu_299_p2 SOURCE /tools/Xilinx/Vitis_HLS/2022.2/common/technology/autopilot/ap_fixed_base.h:1347 VARIABLE ret_V LOOP VITIS_LOOP_75_2_VITIS_LOOP_77_3 BUNDLEDNAME {} DSP 0 BRAM 0 URAM 0 DISPNAME {bind_op add}} {BINDTYPE op ID {} IMPL fabric LATENCY 0 OPTYPE add PRAGMA {} RTLNAME add_ln1347_31_fu_305_p2 SOURCE /tools/Xilinx/Vitis_HLS/2022.2/common/technology/autopilot/ap_fixed_base.h:1347 VARIABLE add_ln1347_31 LOOP VITIS_LOOP_75_2_VITIS_LOOP_77_3 BUNDLEDNAME {} DSP 0 BRAM 0 URAM 0 DISPNAME {bind_op add}} {BINDTYPE op ID {} IMPL fabric LATENCY 0 OPTYPE add PRAGMA {} RTLNAME add_ln77_fu_200_p2 SOURCE /home/cym/prj2/finn/notebooks/icl_thesis-master/experiments/qks_v3_s0_s10_s20_s30_exploratory_hls/q16_qksv3_s10/src/q16_qksv3_s10.cpp:77 VARIABLE add_ln77 LOOP VITIS_LOOP_75_2_VITIS_LOOP_77_3 BUNDLEDNAME {} DSP 0 BRAM 0 URAM 0 DISPNAME {bind_op add}} {BINDTYPE storage ID {} IMPL auto LATENCY 1 OPTYPE rom_1p PRAGMA {} RTLNAME layers_0_attention_value_weight_V_U SOURCE {} VARIABLE layers_0_attention_value_weight_V LOOP {} BUNDLEDNAME {} DSP 0 BRAM 1 URAM 0 DISPNAME {bind_storage rom_1p}}} AREA {DSP 1 BRAM 1 URAM 0}} attention_v2_pruned_Pipeline_VITIS_LOOP_87_5 {BINDINFO {{BINDTYPE op ID {} IMPL fabric LATENCY 0 OPTYPE add PRAGMA {} RTLNAME add_ln87_fu_141_p2 SOURCE /home/cym/prj2/finn/notebooks/icl_thesis-master/experiments/qks_v3_s0_s10_s20_s30_exploratory_hls/q16_qksv3_s10/src/q16_qksv3_s10.cpp:87 VARIABLE add_ln87 LOOP VITIS_LOOP_87_5 BUNDLEDNAME {} DSP 0 BRAM 0 URAM 0 DISPNAME {bind_op add}} {BINDTYPE op ID {} IMPL fabric LATENCY 0 OPTYPE add PRAGMA {} RTLNAME add_ln1271_fu_151_p2 SOURCE /tools/Xilinx/Vitis_HLS/2022.2/common/technology/autopilot/ap_fixed_base.h:1271 VARIABLE add_ln1271 LOOP VITIS_LOOP_87_5 BUNDLEDNAME {} DSP 0 BRAM 0 URAM 0 DISPNAME {bind_op add}} {BINDTYPE op ID {} IMPL fabric LATENCY 0 OPTYPE add PRAGMA {} RTLNAME add_ln89_fu_162_p2 SOURCE /home/cym/prj2/finn/notebooks/icl_thesis-master/experiments/qks_v3_s0_s10_s20_s30_exploratory_hls/q16_qksv3_s10/src/q16_qksv3_s10.cpp:89 VARIABLE add_ln89 LOOP VITIS_LOOP_87_5 BUNDLEDNAME {} DSP 0 BRAM 0 URAM 0 DISPNAME {bind_op add}} {BINDTYPE op ID {} IMPL dsp48 LATENCY 3 OPTYPE mul PRAGMA {} RTLNAME mul_mul_12s_16s_28_4_1_U17 SOURCE /tools/Xilinx/Vitis_HLS/2022.2/common/technology/autopilot/ap_fixed_base.h:1273 VARIABLE r_V_95 LOOP VITIS_LOOP_87_5 BUNDLEDNAME {} DSP 1 BRAM 0 URAM 0 DISPNAME {bind_op mul}} {BINDTYPE op ID {} IMPL fabric LATENCY 0 OPTYPE add PRAGMA {} RTLNAME ret_V_fu_215_p2 SOURCE /tools/Xilinx/Vitis_HLS/2022.2/common/technology/autopilot/ap_fixed_base.h:1347 VARIABLE ret_V LOOP VITIS_LOOP_87_5 BUNDLEDNAME {} DSP 0 BRAM 0 URAM 0 DISPNAME {bind_op add}} {BINDTYPE op ID {} IMPL fabric LATENCY 0 OPTYPE add PRAGMA {} RTLNAME add_ln1347_32_fu_221_p2 SOURCE /tools/Xilinx/Vitis_HLS/2022.2/common/technology/autopilot/ap_fixed_base.h:1347 VARIABLE add_ln1347_32 LOOP VITIS_LOOP_87_5 BUNDLEDNAME {} DSP 0 BRAM 0 URAM 0 DISPNAME {bind_op add}} {BINDTYPE storage ID {} IMPL auto LATENCY 1 OPTYPE rom_1p PRAGMA {} RTLNAME layers_0_attention_query_weight_V_U SOURCE {} VARIABLE layers_0_attention_query_weight_V LOOP {} BUNDLEDNAME {} DSP 0 BRAM 1 URAM 0 DISPNAME {bind_storage rom_1p}}} AREA {DSP 1 BRAM 1 URAM 0}} attention_v2_pruned_Pipeline_VITIS_LOOP_97_7 {BINDINFO {{BINDTYPE op ID {} IMPL fabric LATENCY 0 OPTYPE add PRAGMA {} RTLNAME add_ln97_fu_141_p2 SOURCE /home/cym/prj2/finn/notebooks/icl_thesis-master/experiments/qks_v3_s0_s10_s20_s30_exploratory_hls/q16_qksv3_s10/src/q16_qksv3_s10.cpp:97 VARIABLE add_ln97 LOOP VITIS_LOOP_97_7 BUNDLEDNAME {} DSP 0 BRAM 0 URAM 0 DISPNAME {bind_op add}} {BINDTYPE op ID {} IMPL fabric LATENCY 0 OPTYPE add PRAGMA {} RTLNAME add_ln1271_fu_151_p2 SOURCE /tools/Xilinx/Vitis_HLS/2022.2/common/technology/autopilot/ap_fixed_base.h:1271 VARIABLE add_ln1271 LOOP VITIS_LOOP_97_7 BUNDLEDNAME {} DSP 0 BRAM 0 URAM 0 DISPNAME {bind_op add}} {BINDTYPE op ID {} IMPL fabric LATENCY 0 OPTYPE add PRAGMA {} RTLNAME add_ln99_fu_162_p2 SOURCE /home/cym/prj2/finn/notebooks/icl_thesis-master/experiments/qks_v3_s0_s10_s20_s30_exploratory_hls/q16_qksv3_s10/src/q16_qksv3_s10.cpp:99 VARIABLE add_ln99 LOOP VITIS_LOOP_97_7 BUNDLEDNAME {} DSP 0 BRAM 0 URAM 0 DISPNAME {bind_op add}} {BINDTYPE op ID {} IMPL dsp48 LATENCY 3 OPTYPE mul PRAGMA {} RTLNAME mul_mul_11s_16s_27_4_1_U24 SOURCE /tools/Xilinx/Vitis_HLS/2022.2/common/technology/autopilot/ap_fixed_base.h:1273 VARIABLE r_V_93 LOOP VITIS_LOOP_97_7 BUNDLEDNAME {} DSP 1 BRAM 0 URAM 0 DISPNAME {bind_op mul}} {BINDTYPE op ID {} IMPL fabric LATENCY 0 OPTYPE add PRAGMA {} RTLNAME ret_V_fu_215_p2 SOURCE /tools/Xilinx/Vitis_HLS/2022.2/common/technology/autopilot/ap_fixed_base.h:1347 VARIABLE ret_V LOOP VITIS_LOOP_97_7 BUNDLEDNAME {} DSP 0 BRAM 0 URAM 0 DISPNAME {bind_op add}} {BINDTYPE op ID {} IMPL fabric LATENCY 0 OPTYPE add PRAGMA {} RTLNAME add_ln1347_31_fu_221_p2 SOURCE /tools/Xilinx/Vitis_HLS/2022.2/common/technology/autopilot/ap_fixed_base.h:1347 VARIABLE add_ln1347_31 LOOP VITIS_LOOP_97_7 BUNDLEDNAME {} DSP 0 BRAM 0 URAM 0 DISPNAME {bind_op add}} {BINDTYPE storage ID {} IMPL auto LATENCY 1 OPTYPE rom_1p PRAGMA {} RTLNAME layers_0_attention_key_weight_V_U SOURCE {} VARIABLE layers_0_attention_key_weight_V LOOP {} BUNDLEDNAME {} DSP 0 BRAM 1 URAM 0 DISPNAME {bind_storage rom_1p}}} AREA {DSP 1 BRAM 1 URAM 0}} attention_v2_pruned_Pipeline_VITIS_LOOP_107_8_VITIS_LOOP_108_9_VITIS_LOOP_110_10 {BINDINFO {{BINDTYPE op ID {} IMPL fabric LATENCY 0 OPTYPE add PRAGMA {} RTLNAME add_ln107_1_fu_181_p2 SOURCE /home/cym/prj2/finn/notebooks/icl_thesis-master/experiments/qks_v3_s0_s10_s20_s30_exploratory_hls/q16_qksv3_s10/src/q16_qksv3_s10.cpp:107 VARIABLE add_ln107_1 LOOP VITIS_LOOP_107_8_VITIS_LOOP_108_9_VITIS_LOOP_110_10 BUNDLEDNAME {} DSP 0 BRAM 0 URAM 0 DISPNAME {bind_op add}} {BINDTYPE op ID {} IMPL fabric LATENCY 0 OPTYPE add PRAGMA {} RTLNAME add_ln107_fu_226_p2 SOURCE /home/cym/prj2/finn/notebooks/icl_thesis-master/experiments/qks_v3_s0_s10_s20_s30_exploratory_hls/q16_qksv3_s10/src/q16_qksv3_s10.cpp:107 VARIABLE add_ln107 LOOP VITIS_LOOP_107_8_VITIS_LOOP_108_9_VITIS_LOOP_110_10 BUNDLEDNAME {} DSP 0 BRAM 0 URAM 0 DISPNAME {bind_op add}} {BINDTYPE op ID {} IMPL fabric LATENCY 0 OPTYPE add PRAGMA {} RTLNAME add_ln108_fu_263_p2 SOURCE /home/cym/prj2/finn/notebooks/icl_thesis-master/experiments/qks_v3_s0_s10_s20_s30_exploratory_hls/q16_qksv3_s10/src/q16_qksv3_s10.cpp:108 VARIABLE add_ln108 LOOP VITIS_LOOP_107_8_VITIS_LOOP_108_9_VITIS_LOOP_110_10 BUNDLEDNAME {} DSP 0 BRAM 0 URAM 0 DISPNAME {bind_op add}} {BINDTYPE op ID {} IMPL fabric LATENCY 0 OPTYPE add PRAGMA {} RTLNAME add_ln114_fu_324_p2 SOURCE /home/cym/prj2/finn/notebooks/icl_thesis-master/experiments/qks_v3_s0_s10_s20_s30_exploratory_hls/q16_qksv3_s10/src/q16_qksv3_s10.cpp:114 VARIABLE add_ln114 LOOP VITIS_LOOP_107_8_VITIS_LOOP_108_9_VITIS_LOOP_110_10 BUNDLEDNAME {} DSP 0 BRAM 0 URAM 0 DISPNAME {bind_op add}} {BINDTYPE op ID {} IMPL fabric LATENCY 0 OPTYPE add PRAGMA {} RTLNAME add_ln1273_fu_365_p2 SOURCE /tools/Xilinx/Vitis_HLS/2022.2/common/technology/autopilot/ap_fixed_base.h:1273 VARIABLE add_ln1273 LOOP VITIS_LOOP_107_8_VITIS_LOOP_108_9_VITIS_LOOP_110_10 BUNDLEDNAME {} DSP 0 BRAM 0 URAM 0 DISPNAME {bind_op add}} {BINDTYPE op ID {} IMPL dsp48 LATENCY 3 OPTYPE mul PRAGMA {} RTLNAME mac_muladd_16s_16s_30ns_30_4_1_U31 SOURCE /tools/Xilinx/Vitis_HLS/2022.2/common/technology/autopilot/ap_fixed_base.h:1347 VARIABLE mul_ln1347 LOOP VITIS_LOOP_107_8_VITIS_LOOP_108_9_VITIS_LOOP_110_10 BUNDLEDNAME {} DSP 1 BRAM 0 URAM 0 DISPNAME {bind_op mul}} {BINDTYPE op ID {} IMPL dsp48 LATENCY 3 OPTYPE add PRAGMA {} RTLNAME mac_muladd_16s_16s_30ns_30_4_1_U31 SOURCE /tools/Xilinx/Vitis_HLS/2022.2/common/technology/autopilot/ap_fixed_base.h:1347 VARIABLE ret_V LOOP VITIS_LOOP_107_8_VITIS_LOOP_108_9_VITIS_LOOP_110_10 BUNDLEDNAME {} DSP 1 BRAM 0 URAM 0 DISPNAME {bind_op add}} {BINDTYPE op ID {} IMPL fabric LATENCY 0 OPTYPE add PRAGMA {} RTLNAME add_ln110_fu_290_p2 SOURCE /home/cym/prj2/finn/notebooks/icl_thesis-master/experiments/qks_v3_s0_s10_s20_s30_exploratory_hls/q16_qksv3_s10/src/q16_qksv3_s10.cpp:110 VARIABLE add_ln110 LOOP VITIS_LOOP_107_8_VITIS_LOOP_108_9_VITIS_LOOP_110_10 BUNDLEDNAME {} DSP 0 BRAM 0 URAM 0 DISPNAME {bind_op add}} {BINDTYPE op ID {} IMPL fabric LATENCY 0 OPTYPE add PRAGMA {} RTLNAME add_ln108_1_fu_193_p2 SOURCE /home/cym/prj2/finn/notebooks/icl_thesis-master/experiments/qks_v3_s0_s10_s20_s30_exploratory_hls/q16_qksv3_s10/src/q16_qksv3_s10.cpp:108 VARIABLE add_ln108_1 LOOP VITIS_LOOP_107_8_VITIS_LOOP_108_9_VITIS_LOOP_110_10 BUNDLEDNAME {} DSP 0 BRAM 0 URAM 0 DISPNAME {bind_op add}}} AREA {DSP 1 BRAM 0 URAM 0}} attention_v2_pruned_Pipeline_VITIS_LOOP_122_12 {BINDINFO {{BINDTYPE op ID {} IMPL fabric LATENCY 0 OPTYPE add PRAGMA {} RTLNAME add_ln122_fu_101_p2 SOURCE /home/cym/prj2/finn/notebooks/icl_thesis-master/experiments/qks_v3_s0_s10_s20_s30_exploratory_hls/q16_qksv3_s10/src/q16_qksv3_s10.cpp:122 VARIABLE add_ln122 LOOP VITIS_LOOP_122_12 BUNDLEDNAME {} DSP 0 BRAM 0 URAM 0 DISPNAME {bind_op add}} {BINDTYPE op ID {} IMPL fabric LATENCY 0 OPTYPE add PRAGMA {} RTLNAME sum_V_8_fu_169_p2 SOURCE /tools/Xilinx/Vitis_HLS/2022.2/common/technology/autopilot/ap_fixed_base.h:813 VARIABLE sum_V_8 LOOP VITIS_LOOP_122_12 BUNDLEDNAME {} DSP 0 BRAM 0 URAM 0 DISPNAME {bind_op add}}} AREA {DSP 0 BRAM 0 URAM 0}} attention_v2_pruned_Pipeline_VITIS_LOOP_133_14 {BINDINFO {{BINDTYPE op ID {} IMPL fabric LATENCY 0 OPTYPE add PRAGMA {} RTLNAME add_ln133_fu_114_p2 SOURCE /home/cym/prj2/finn/notebooks/icl_thesis-master/experiments/qks_v3_s0_s10_s20_s30_exploratory_hls/q16_qksv3_s10/src/q16_qksv3_s10.cpp:133 VARIABLE add_ln133 LOOP VITIS_LOOP_133_14 BUNDLEDNAME {} DSP 0 BRAM 0 URAM 0 DISPNAME {bind_op add}} {BINDTYPE op ID {} IMPL fabric LATENCY 0 OPTYPE add PRAGMA {} RTLNAME add_ln1271_fu_129_p2 SOURCE /tools/Xilinx/Vitis_HLS/2022.2/common/technology/autopilot/ap_fixed_base.h:1271 VARIABLE add_ln1271 LOOP VITIS_LOOP_133_14 BUNDLEDNAME {} DSP 0 BRAM 0 URAM 0 DISPNAME {bind_op add}} {BINDTYPE op ID {} IMPL dsp48 LATENCY 3 OPTYPE mul PRAGMA {} RTLNAME mac_muladd_16s_16s_30ns_30_4_1_U39 SOURCE /tools/Xilinx/Vitis_HLS/2022.2/common/technology/autopilot/ap_fixed_base.h:1347 VARIABLE mul_ln1347 LOOP VITIS_LOOP_133_14 BUNDLEDNAME {} DSP 1 BRAM 0 URAM 0 DISPNAME {bind_op mul}} {BINDTYPE op ID {} IMPL dsp48 LATENCY 3 OPTYPE add PRAGMA {} RTLNAME mac_muladd_16s_16s_30ns_30_4_1_U39 SOURCE /tools/Xilinx/Vitis_HLS/2022.2/common/technology/autopilot/ap_fixed_base.h:1347 VARIABLE ret_V LOOP VITIS_LOOP_133_14 BUNDLEDNAME {} DSP 1 BRAM 0 URAM 0 DISPNAME {bind_op add}}} AREA {DSP 1 BRAM 0 URAM 0}} attention_v2_pruned_Pipeline_VITIS_LOOP_141_15_VITIS_LOOP_143_16 {BINDINFO {{BINDTYPE op ID {} IMPL fabric LATENCY 0 OPTYPE add PRAGMA {} RTLNAME add_ln141_1_fu_168_p2 SOURCE /home/cym/prj2/finn/notebooks/icl_thesis-master/experiments/qks_v3_s0_s10_s20_s30_exploratory_hls/q16_qksv3_s10/src/q16_qksv3_s10.cpp:141 VARIABLE add_ln141_1 LOOP VITIS_LOOP_141_15_VITIS_LOOP_143_16 BUNDLEDNAME {} DSP 0 BRAM 0 URAM 0 DISPNAME {bind_op add}} {BINDTYPE op ID {} IMPL fabric LATENCY 0 OPTYPE add PRAGMA {} RTLNAME add_ln141_fu_180_p2 SOURCE /home/cym/prj2/finn/notebooks/icl_thesis-master/experiments/qks_v3_s0_s10_s20_s30_exploratory_hls/q16_qksv3_s10/src/q16_qksv3_s10.cpp:141 VARIABLE add_ln141 LOOP VITIS_LOOP_141_15_VITIS_LOOP_143_16 BUNDLEDNAME {} DSP 0 BRAM 0 URAM 0 DISPNAME {bind_op add}} {BINDTYPE op ID {} IMPL fabric LATENCY 0 OPTYPE add PRAGMA {} RTLNAME add_ln1271_fu_241_p2 SOURCE /tools/Xilinx/Vitis_HLS/2022.2/common/technology/autopilot/ap_fixed_base.h:1271 VARIABLE add_ln1271 LOOP VITIS_LOOP_141_15_VITIS_LOOP_143_16 BUNDLEDNAME {} DSP 0 BRAM 0 URAM 0 DISPNAME {bind_op add}} {BINDTYPE op ID {} IMPL fabric LATENCY 0 OPTYPE add PRAGMA {} RTLNAME add_ln1273_fu_258_p2 SOURCE /tools/Xilinx/Vitis_HLS/2022.2/common/technology/autopilot/ap_fixed_base.h:1273 VARIABLE add_ln1273 LOOP VITIS_LOOP_141_15_VITIS_LOOP_143_16 BUNDLEDNAME {} DSP 0 BRAM 0 URAM 0 DISPNAME {bind_op add}} {BINDTYPE op ID {} IMPL dsp48 LATENCY 3 OPTYPE mul PRAGMA {} RTLNAME mac_muladd_16s_16s_30ns_30_4_1_U44 SOURCE /tools/Xilinx/Vitis_HLS/2022.2/common/technology/autopilot/ap_fixed_base.h:1347 VARIABLE mul_ln1347 LOOP VITIS_LOOP_141_15_VITIS_LOOP_143_16 BUNDLEDNAME {} DSP 1 BRAM 0 URAM 0 DISPNAME {bind_op mul}} {BINDTYPE op ID {} IMPL dsp48 LATENCY 3 OPTYPE add PRAGMA {} RTLNAME mac_muladd_16s_16s_30ns_30_4_1_U44 SOURCE /tools/Xilinx/Vitis_HLS/2022.2/common/technology/autopilot/ap_fixed_base.h:1347 VARIABLE ret_V LOOP VITIS_LOOP_141_15_VITIS_LOOP_143_16 BUNDLEDNAME {} DSP 1 BRAM 0 URAM 0 DISPNAME {bind_op add}} {BINDTYPE op ID {} IMPL fabric LATENCY 0 OPTYPE add PRAGMA {} RTLNAME add_ln143_fu_208_p2 SOURCE /home/cym/prj2/finn/notebooks/icl_thesis-master/experiments/qks_v3_s0_s10_s20_s30_exploratory_hls/q16_qksv3_s10/src/q16_qksv3_s10.cpp:143 VARIABLE add_ln143 LOOP VITIS_LOOP_141_15_VITIS_LOOP_143_16 BUNDLEDNAME {} DSP 0 BRAM 0 URAM 0 DISPNAME {bind_op add}} {BINDTYPE op ID {} IMPL dsp48 LATENCY 3 OPTYPE mul PRAGMA {} RTLNAME mul_mul_24s_16s_30_4_1_U45 SOURCE /tools/Xilinx/Vitis_HLS/2022.2/common/technology/autopilot/ap_fixed_base.h:1270 VARIABLE mul_ln1270 LOOP VITIS_LOOP_141_15_VITIS_LOOP_143_16 BUNDLEDNAME {} DSP 1 BRAM 0 URAM 0 DISPNAME {bind_op mul}}} AREA {DSP 2 BRAM 0 URAM 0}} attention_v2_pruned_Pipeline_VITIS_LOOP_153_18 {BINDINFO {{BINDTYPE op ID {} IMPL fabric LATENCY 0 OPTYPE add PRAGMA {} RTLNAME add_ln153_fu_154_p2 SOURCE /home/cym/prj2/finn/notebooks/icl_thesis-master/experiments/qks_v3_s0_s10_s20_s30_exploratory_hls/q16_qksv3_s10/src/q16_qksv3_s10.cpp:153 VARIABLE add_ln153 LOOP VITIS_LOOP_153_18 BUNDLEDNAME {} DSP 0 BRAM 0 URAM 0 DISPNAME {bind_op add}} {BINDTYPE op ID {} IMPL fabric LATENCY 0 OPTYPE add PRAGMA {} RTLNAME add_ln155_fu_169_p2 SOURCE /home/cym/prj2/finn/notebooks/icl_thesis-master/experiments/qks_v3_s0_s10_s20_s30_exploratory_hls/q16_qksv3_s10/src/q16_qksv3_s10.cpp:155 VARIABLE add_ln155 LOOP VITIS_LOOP_153_18 BUNDLEDNAME {} DSP 0 BRAM 0 URAM 0 DISPNAME {bind_op add}} {BINDTYPE op ID {} IMPL dsp48 LATENCY 3 OPTYPE mul PRAGMA {} RTLNAME mul_mul_10s_16s_26_4_1_U52 SOURCE /tools/Xilinx/Vitis_HLS/2022.2/common/technology/autopilot/ap_fixed_base.h:1273 VARIABLE r_V_99 LOOP VITIS_LOOP_153_18 BUNDLEDNAME {} DSP 1 BRAM 0 URAM 0 DISPNAME {bind_op mul}} {BINDTYPE op ID {} IMPL fabric LATENCY 0 OPTYPE add PRAGMA {} RTLNAME ret_V_fu_225_p2 SOURCE /tools/Xilinx/Vitis_HLS/2022.2/common/technology/autopilot/ap_fixed_base.h:1347 VARIABLE ret_V LOOP VITIS_LOOP_153_18 BUNDLEDNAME {} DSP 0 BRAM 0 URAM 0 DISPNAME {bind_op add}} {BINDTYPE op ID {} IMPL fabric LATENCY 0 OPTYPE add PRAGMA {} RTLNAME add_ln1347_33_fu_231_p2 SOURCE /tools/Xilinx/Vitis_HLS/2022.2/common/technology/autopilot/ap_fixed_base.h:1347 VARIABLE add_ln1347_33 LOOP VITIS_LOOP_153_18 BUNDLEDNAME {} DSP 0 BRAM 0 URAM 0 DISPNAME {bind_op add}} {BINDTYPE op ID {} IMPL fabric LATENCY 0 OPTYPE add PRAGMA {} RTLNAME add_ln813_4_fu_256_p2 SOURCE /tools/Xilinx/Vitis_HLS/2022.2/common/technology/autopilot/ap_fixed_base.h:813 VARIABLE add_ln813_4 LOOP VITIS_LOOP_153_18 BUNDLEDNAME {} DSP 0 BRAM 0 URAM 0 DISPNAME {bind_op add}} {BINDTYPE storage ID {} IMPL auto LATENCY 1 OPTYPE rom_1p PRAGMA {} RTLNAME layers_0_attention_output_weight_V_U SOURCE {} VARIABLE layers_0_attention_output_weight_V LOOP {} BUNDLEDNAME {} DSP 0 BRAM 1 URAM 0 DISPNAME {bind_storage rom_1p}}} AREA {DSP 1 BRAM 1 URAM 0}} attention_v2_pruned {BINDINFO {{BINDTYPE storage ID {} IMPL auto LATENCY 1 OPTYPE ram_1p PRAGMA {} RTLNAME Q_V_U SOURCE /home/cym/prj2/finn/notebooks/icl_thesis-master/experiments/qks_v3_s0_s10_s20_s30_exploratory_hls/q16_qksv3_s10/src/q16_qksv3_s10.cpp:68 VARIABLE Q_V LOOP {} BUNDLEDNAME {} DSP 0 BRAM 1 URAM 0 DISPNAME {bind_storage ram_1p}} {BINDTYPE storage ID {} IMPL auto LATENCY 1 OPTYPE ram_1p PRAGMA {} RTLNAME K_V_U SOURCE /home/cym/prj2/finn/notebooks/icl_thesis-master/experiments/qks_v3_s0_s10_s20_s30_exploratory_hls/q16_qksv3_s10/src/q16_qksv3_s10.cpp:69 VARIABLE K_V LOOP {} BUNDLEDNAME {} DSP 0 BRAM 1 URAM 0 DISPNAME {bind_storage ram_1p}} {BINDTYPE storage ID {} IMPL auto LATENCY 1 OPTYPE ram_1p PRAGMA {} RTLNAME V_V_U SOURCE /home/cym/prj2/finn/notebooks/icl_thesis-master/experiments/qks_v3_s0_s10_s20_s30_exploratory_hls/q16_qksv3_s10/src/q16_qksv3_s10.cpp:70 VARIABLE V_V LOOP {} BUNDLEDNAME {} DSP 0 BRAM 1 URAM 0 DISPNAME {bind_storage ram_1p}} {BINDTYPE storage ID {} IMPL auto LATENCY 1 OPTYPE ram_1p PRAGMA {} RTLNAME KV_V_U SOURCE /home/cym/prj2/finn/notebooks/icl_thesis-master/experiments/qks_v3_s0_s10_s20_s30_exploratory_hls/q16_qksv3_s10/src/q16_qksv3_s10.cpp:106 VARIABLE KV_V LOOP {} BUNDLEDNAME {} DSP 0 BRAM 1 URAM 0 DISPNAME {bind_storage ram_1p}} {BINDTYPE storage ID {} IMPL auto LATENCY 1 OPTYPE ram_1p PRAGMA {} RTLNAME K_sum_V_U SOURCE /home/cym/prj2/finn/notebooks/icl_thesis-master/experiments/qks_v3_s0_s10_s20_s30_exploratory_hls/q16_qksv3_s10/src/q16_qksv3_s10.cpp:119 VARIABLE K_sum_V LOOP {} BUNDLEDNAME {} DSP 0 BRAM 0 URAM 0 DISPNAME {bind_storage ram_1p}} {BINDTYPE storage ID {} IMPL auto LATENCY 1 OPTYPE ram_1p PRAGMA {} RTLNAME attended_V_U SOURCE /home/cym/prj2/finn/notebooks/icl_thesis-master/experiments/qks_v3_s0_s10_s20_s30_exploratory_hls/q16_qksv3_s10/src/q16_qksv3_s10.cpp:140 VARIABLE attended_V LOOP {} BUNDLEDNAME {} DSP 0 BRAM 0 URAM 0 DISPNAME {bind_storage ram_1p}} {BINDTYPE op ID {} IMPL fabric LATENCY 0 OPTYPE add PRAGMA {} RTLNAME add_ln73_fu_436_p2 SOURCE /home/cym/prj2/finn/notebooks/icl_thesis-master/experiments/qks_v3_s0_s10_s20_s30_exploratory_hls/q16_qksv3_s10/src/q16_qksv3_s10.cpp:73 VARIABLE add_ln73 LOOP VITIS_LOOP_73_1 BUNDLEDNAME {} DSP 0 BRAM 0 URAM 0 DISPNAME {bind_op add}} {BINDTYPE op ID {} IMPL fabric LATENCY 0 OPTYPE sub PRAGMA {} RTLNAME sub_ln91_fu_467_p2 SOURCE /home/cym/prj2/finn/notebooks/icl_thesis-master/experiments/qks_v3_s0_s10_s20_s30_exploratory_hls/q16_qksv3_s10/src/q16_qksv3_s10.cpp:91 VARIABLE sub_ln91 LOOP VITIS_LOOP_73_1 BUNDLEDNAME {} DSP 0 BRAM 0 URAM 0 DISPNAME {bind_op sub}} {BINDTYPE op ID {} IMPL fabric LATENCY 0 OPTYPE add PRAGMA {} RTLNAME add_ln85_fu_478_p2 SOURCE /home/cym/prj2/finn/notebooks/icl_thesis-master/experiments/qks_v3_s0_s10_s20_s30_exploratory_hls/q16_qksv3_s10/src/q16_qksv3_s10.cpp:85 VARIABLE add_ln85 LOOP VITIS_LOOP_85_4 BUNDLEDNAME {} DSP 0 BRAM 0 URAM 0 DISPNAME {bind_op add}} {BINDTYPE op ID {} IMPL fabric LATENCY 0 OPTYPE add PRAGMA {} RTLNAME add_ln91_fu_497_p2 SOURCE /home/cym/prj2/finn/notebooks/icl_thesis-master/experiments/qks_v3_s0_s10_s20_s30_exploratory_hls/q16_qksv3_s10/src/q16_qksv3_s10.cpp:91 VARIABLE add_ln91 LOOP VITIS_LOOP_85_4 BUNDLEDNAME {} DSP 0 BRAM 0 URAM 0 DISPNAME {bind_op add}} {BINDTYPE op ID {} IMPL fabric LATENCY 0 OPTYPE add PRAGMA {} RTLNAME add_ln813_fu_914_p2 SOURCE /tools/Xilinx/Vitis_HLS/2022.2/common/technology/autopilot/ap_fixed_base.h:813 VARIABLE add_ln813 LOOP VITIS_LOOP_85_4 BUNDLEDNAME {} DSP 0 BRAM 0 URAM 0 DISPNAME {bind_op add}} {BINDTYPE op ID {} IMPL fabric LATENCY 0 OPTYPE sub PRAGMA {} RTLNAME tmp_V_8_fu_513_p2 SOURCE /tools/Xilinx/Vitis_HLS/2022.2/common/technology/autopilot/ap_fixed_base.h:1094 VARIABLE tmp_V_8 LOOP VITIS_LOOP_85_4 BUNDLEDNAME {} DSP 0 BRAM 0 URAM 0 DISPNAME {bind_op sub}} {BINDTYPE op ID {} IMPL fabric LATENCY 0 OPTYPE sub PRAGMA {} RTLNAME sub_ln1099_fu_549_p2 SOURCE /tools/Xilinx/Vitis_HLS/2022.2/common/technology/autopilot/ap_fixed_base.h:1099 VARIABLE sub_ln1099 LOOP VITIS_LOOP_85_4 BUNDLEDNAME {} DSP 0 BRAM 0 URAM 0 DISPNAME {bind_op sub}} {BINDTYPE op ID {} IMPL fabric LATENCY 0 OPTYPE add PRAGMA {} RTLNAME lsb_index_fu_567_p2 SOURCE /tools/Xilinx/Vitis_HLS/2022.2/common/technology/autopilot/ap_fixed_base.h:1099 VARIABLE lsb_index LOOP VITIS_LOOP_85_4 BUNDLEDNAME {} DSP 0 BRAM 0 URAM 0 DISPNAME {bind_op add}} {BINDTYPE op ID {} IMPL fabric LATENCY 0 OPTYPE sub PRAGMA {} RTLNAME sub_ln1102_fu_588_p2 SOURCE /tools/Xilinx/Vitis_HLS/2022.2/common/technology/autopilot/ap_fixed_base.h:1102 VARIABLE sub_ln1102 LOOP VITIS_LOOP_85_4 BUNDLEDNAME {} DSP 0 BRAM 0 URAM 0 DISPNAME {bind_op sub}} {BINDTYPE op ID {} IMPL fabric LATENCY 0 OPTYPE add PRAGMA {} RTLNAME add_ln1104_1_fu_634_p2 SOURCE /tools/Xilinx/Vitis_HLS/2022.2/common/technology/autopilot/ap_fixed_base.h:1104 VARIABLE add_ln1104_1 LOOP VITIS_LOOP_85_4 BUNDLEDNAME {} DSP 0 BRAM 0 URAM 0 DISPNAME {bind_op add}} {BINDTYPE op ID {} IMPL fabric LATENCY 0 OPTYPE add PRAGMA {} RTLNAME add_ln1113_fu_675_p2 SOURCE /tools/Xilinx/Vitis_HLS/2022.2/common/technology/autopilot/ap_fixed_base.h:1113 VARIABLE add_ln1113 LOOP VITIS_LOOP_85_4 BUNDLEDNAME {} DSP 0 BRAM 0 URAM 0 DISPNAME {bind_op add}} {BINDTYPE op ID {} IMPL fabric LATENCY 0 OPTYPE sub PRAGMA {} RTLNAME sub_ln1114_fu_690_p2 SOURCE /tools/Xilinx/Vitis_HLS/2022.2/common/technology/autopilot/ap_fixed_base.h:1114 VARIABLE sub_ln1114 LOOP VITIS_LOOP_85_4 BUNDLEDNAME {} DSP 0 BRAM 0 URAM 0 DISPNAME {bind_op sub}} {BINDTYPE op ID {} IMPL fabric LATENCY 0 OPTYPE add PRAGMA {} RTLNAME m_11_fu_715_p2 SOURCE /tools/Xilinx/Vitis_HLS/2022.2/common/technology/autopilot/ap_fixed_base.h:1116 VARIABLE m_11 LOOP VITIS_LOOP_85_4 BUNDLEDNAME {} DSP 0 BRAM 0 URAM 0 DISPNAME {bind_op add}} {BINDTYPE op ID {} IMPL fulldsp LATENCY 9 OPTYPE fexp PRAGMA {} RTLNAME fexp_32ns_32ns_32_10_full_dsp_1_U61 SOURCE /home/cym/prj2/finn/notebooks/icl_thesis-master/experiments/qks_v3_s0_s10_s20_s30_exploratory_hls/q16_qksv3_s10/src/q16_qksv3_s10.cpp:29 VARIABLE d_assign LOOP VITIS_LOOP_85_4 BUNDLEDNAME {} DSP 7 BRAM 0 URAM 0 DISPNAME {bind_op fexp}} {BINDTYPE op ID {} IMPL fabric LATENCY 0 OPTYPE sub PRAGMA {} RTLNAME man_V_5_fu_838_p2 SOURCE /tools/Xilinx/Vitis_HLS/2022.2/common/technology/autopilot/ap_int_base.h:455 VARIABLE man_V_5 LOOP VITIS_LOOP_85_4 BUNDLEDNAME {} DSP 0 BRAM 0 URAM 0 DISPNAME {bind_op sub}} {BINDTYPE op ID {} IMPL fabric LATENCY 0 OPTYPE sub PRAGMA {} RTLNAME F2_fu_851_p2 SOURCE /tools/Xilinx/Vitis_HLS/2022.2/common/technology/autopilot/ap_fixed_base.h:564 VARIABLE F2 LOOP VITIS_LOOP_85_4 BUNDLEDNAME {} DSP 0 BRAM 0 URAM 0 DISPNAME {bind_op sub}} {BINDTYPE op ID {} IMPL fabric LATENCY 0 OPTYPE add PRAGMA {} RTLNAME add_ln570_fu_863_p2 SOURCE /tools/Xilinx/Vitis_HLS/2022.2/common/technology/autopilot/ap_fixed_base.h:570 VARIABLE add_ln570 LOOP VITIS_LOOP_85_4 BUNDLEDNAME {} DSP 0 BRAM 0 URAM 0 DISPNAME {bind_op add}} {BINDTYPE op ID {} IMPL fabric LATENCY 0 OPTYPE sub PRAGMA {} RTLNAME sub_ln570_fu_869_p2 SOURCE /tools/Xilinx/Vitis_HLS/2022.2/common/technology/autopilot/ap_fixed_base.h:570 VARIABLE sub_ln570 LOOP VITIS_LOOP_85_4 BUNDLEDNAME {} DSP 0 BRAM 0 URAM 0 DISPNAME {bind_op sub}} {BINDTYPE op ID {} IMPL fabric LATENCY 0 OPTYPE add PRAGMA {} RTLNAME add_ln95_fu_1060_p2 SOURCE /home/cym/prj2/finn/notebooks/icl_thesis-master/experiments/qks_v3_s0_s10_s20_s30_exploratory_hls/q16_qksv3_s10/src/q16_qksv3_s10.cpp:95 VARIABLE add_ln95 LOOP VITIS_LOOP_95_6 BUNDLEDNAME {} DSP 0 BRAM 0 URAM 0 DISPNAME {bind_op add}} {BINDTYPE op ID {} IMPL fabric LATENCY 0 OPTYPE add PRAGMA {} RTLNAME add_ln101_fu_1070_p2 SOURCE /home/cym/prj2/finn/notebooks/icl_thesis-master/experiments/qks_v3_s0_s10_s20_s30_exploratory_hls/q16_qksv3_s10/src/q16_qksv3_s10.cpp:101 VARIABLE add_ln101 LOOP VITIS_LOOP_95_6 BUNDLEDNAME {} DSP 0 BRAM 0 URAM 0 DISPNAME {bind_op add}} {BINDTYPE op ID {} IMPL fabric LATENCY 0 OPTYPE add PRAGMA {} RTLNAME add_ln813_3_fu_1523_p2 SOURCE /tools/Xilinx/Vitis_HLS/2022.2/common/technology/autopilot/ap_fixed_base.h:813 VARIABLE add_ln813_3 LOOP VITIS_LOOP_95_6 BUNDLEDNAME {} DSP 0 BRAM 0 URAM 0 DISPNAME {bind_op add}} {BINDTYPE op ID {} IMPL fabric LATENCY 0 OPTYPE sub PRAGMA {} RTLNAME tmp_V_9_fu_1099_p2 SOURCE /tools/Xilinx/Vitis_HLS/2022.2/common/technology/autopilot/ap_fixed_base.h:1094 VARIABLE tmp_V_9 LOOP VITIS_LOOP_95_6 BUNDLEDNAME {} DSP 0 BRAM 0 URAM 0 DISPNAME {bind_op sub}} {BINDTYPE op ID {} IMPL fabric LATENCY 0 OPTYPE sub PRAGMA {} RTLNAME sub_ln1099_2_fu_1135_p2 SOURCE /tools/Xilinx/Vitis_HLS/2022.2/common/technology/autopilot/ap_fixed_base.h:1099 VARIABLE sub_ln1099_2 LOOP VITIS_LOOP_95_6 BUNDLEDNAME {} DSP 0 BRAM 0 URAM 0 DISPNAME {bind_op sub}} {BINDTYPE op ID {} IMPL fabric LATENCY 0 OPTYPE add PRAGMA {} RTLNAME lsb_index_2_fu_1153_p2 SOURCE /tools/Xilinx/Vitis_HLS/2022.2/common/technology/autopilot/ap_fixed_base.h:1099 VARIABLE lsb_index_2 LOOP VITIS_LOOP_95_6 BUNDLEDNAME {} DSP 0 BRAM 0 URAM 0 DISPNAME {bind_op add}} {BINDTYPE op ID {} IMPL fabric LATENCY 0 OPTYPE sub PRAGMA {} RTLNAME sub_ln1102_2_fu_1174_p2 SOURCE /tools/Xilinx/Vitis_HLS/2022.2/common/technology/autopilot/ap_fixed_base.h:1102 VARIABLE sub_ln1102_2 LOOP VITIS_LOOP_95_6 BUNDLEDNAME {} DSP 0 BRAM 0 URAM 0 DISPNAME {bind_op sub}} {BINDTYPE op ID {} IMPL fabric LATENCY 0 OPTYPE add PRAGMA {} RTLNAME add_ln1104_2_fu_1220_p2 SOURCE /tools/Xilinx/Vitis_HLS/2022.2/common/technology/autopilot/ap_fixed_base.h:1104 VARIABLE add_ln1104_2 LOOP VITIS_LOOP_95_6 BUNDLEDNAME {} DSP 0 BRAM 0 URAM 0 DISPNAME {bind_op add}} {BINDTYPE op ID {} IMPL fabric LATENCY 0 OPTYPE add PRAGMA {} RTLNAME add_ln1113_2_fu_1261_p2 SOURCE /tools/Xilinx/Vitis_HLS/2022.2/common/technology/autopilot/ap_fixed_base.h:1113 VARIABLE add_ln1113_2 LOOP VITIS_LOOP_95_6 BUNDLEDNAME {} DSP 0 BRAM 0 URAM 0 DISPNAME {bind_op add}} {BINDTYPE op ID {} IMPL fabric LATENCY 0 OPTYPE sub PRAGMA {} RTLNAME sub_ln1114_2_fu_1276_p2 SOURCE /tools/Xilinx/Vitis_HLS/2022.2/common/technology/autopilot/ap_fixed_base.h:1114 VARIABLE sub_ln1114_2 LOOP VITIS_LOOP_95_6 BUNDLEDNAME {} DSP 0 BRAM 0 URAM 0 DISPNAME {bind_op sub}} {BINDTYPE op ID {} IMPL fabric LATENCY 0 OPTYPE add PRAGMA {} RTLNAME m_19_fu_1301_p2 SOURCE /tools/Xilinx/Vitis_HLS/2022.2/common/technology/autopilot/ap_fixed_base.h:1116 VARIABLE m_19 LOOP VITIS_LOOP_95_6 BUNDLEDNAME {} DSP 0 BRAM 0 URAM 0 DISPNAME {bind_op add}} {BINDTYPE op ID {} IMPL fulldsp LATENCY 9 OPTYPE fexp PRAGMA {} RTLNAME fexp_32ns_32ns_32_10_full_dsp_1_U61 SOURCE /home/cym/prj2/finn/notebooks/icl_thesis-master/experiments/qks_v3_s0_s10_s20_s30_exploratory_hls/q16_qksv3_s10/src/q16_qksv3_s10.cpp:29 VARIABLE d_assign_1 LOOP VITIS_LOOP_95_6 BUNDLEDNAME {} DSP 7 BRAM 0 URAM 0 DISPNAME {bind_op fexp}} {BINDTYPE op ID {} IMPL fabric LATENCY 0 OPTYPE sub PRAGMA {} RTLNAME man_V_11_fu_1429_p2 SOURCE /tools/Xilinx/Vitis_HLS/2022.2/common/technology/autopilot/ap_int_base.h:455 VARIABLE man_V_11 LOOP VITIS_LOOP_95_6 BUNDLEDNAME {} DSP 0 BRAM 0 URAM 0 DISPNAME {bind_op sub}} {BINDTYPE op ID {} IMPL fabric LATENCY 0 OPTYPE sub PRAGMA {} RTLNAME F2_2_fu_1442_p2 SOURCE /tools/Xilinx/Vitis_HLS/2022.2/common/technology/autopilot/ap_fixed_base.h:564 VARIABLE F2_2 LOOP VITIS_LOOP_95_6 BUNDLEDNAME {} DSP 0 BRAM 0 URAM 0 DISPNAME {bind_op sub}} {BINDTYPE op ID {} IMPL fabric LATENCY 0 OPTYPE add PRAGMA {} RTLNAME add_ln570_1_fu_1454_p2 SOURCE /tools/Xilinx/Vitis_HLS/2022.2/common/technology/autopilot/ap_fixed_base.h:570 VARIABLE add_ln570_1 LOOP VITIS_LOOP_95_6 BUNDLEDNAME {} DSP 0 BRAM 0 URAM 0 DISPNAME {bind_op add}} {BINDTYPE op ID {} IMPL fabric LATENCY 0 OPTYPE sub PRAGMA {} RTLNAME sub_ln570_1_fu_1460_p2 SOURCE /tools/Xilinx/Vitis_HLS/2022.2/common/technology/autopilot/ap_fixed_base.h:570 VARIABLE sub_ln570_1 LOOP VITIS_LOOP_95_6 BUNDLEDNAME {} DSP 0 BRAM 0 URAM 0 DISPNAME {bind_op sub}} {BINDTYPE op ID {} IMPL fabric LATENCY 0 OPTYPE add PRAGMA {} RTLNAME add_ln120_fu_1651_p2 SOURCE /home/cym/prj2/finn/notebooks/icl_thesis-master/experiments/qks_v3_s0_s10_s20_s30_exploratory_hls/q16_qksv3_s10/src/q16_qksv3_s10.cpp:120 VARIABLE add_ln120 LOOP VITIS_LOOP_120_11 BUNDLEDNAME {} DSP 0 BRAM 0 URAM 0 DISPNAME {bind_op add}} {BINDTYPE op ID {} IMPL fabric LATENCY 0 OPTYPE add PRAGMA {} RTLNAME add_ln130_fu_1694_p2 SOURCE /home/cym/prj2/finn/notebooks/icl_thesis-master/experiments/qks_v3_s0_s10_s20_s30_exploratory_hls/q16_qksv3_s10/src/q16_qksv3_s10.cpp:130 VARIABLE add_ln130 LOOP VITIS_LOOP_130_13 BUNDLEDNAME {} DSP 0 BRAM 0 URAM 0 DISPNAME {bind_op add}} {BINDTYPE op ID {} IMPL fabric LATENCY 0 OPTYPE sub PRAGMA {} RTLNAME sub_ln1271_fu_1720_p2 SOURCE /tools/Xilinx/Vitis_HLS/2022.2/common/technology/autopilot/ap_fixed_base.h:1271 VARIABLE sub_ln1271 LOOP VITIS_LOOP_130_13 BUNDLEDNAME {} DSP 0 BRAM 0 URAM 0 DISPNAME {bind_op sub}} {BINDTYPE op ID {} IMPL fabric LATENCY 0 OPTYPE sub PRAGMA {} RTLNAME tmp_V_fu_1744_p2 SOURCE /tools/Xilinx/Vitis_HLS/2022.2/common/technology/autopilot/ap_fixed_base.h:1094 VARIABLE tmp_V LOOP VITIS_LOOP_130_13 BUNDLEDNAME {} DSP 0 BRAM 0 URAM 0 DISPNAME {bind_op sub}} {BINDTYPE op ID {} IMPL fabric LATENCY 0 OPTYPE sub PRAGMA {} RTLNAME sub_ln1099_1_fu_1788_p2 SOURCE /tools/Xilinx/Vitis_HLS/2022.2/common/technology/autopilot/ap_fixed_base.h:1099 VARIABLE sub_ln1099_1 LOOP VITIS_LOOP_130_13 BUNDLEDNAME {} DSP 0 BRAM 0 URAM 0 DISPNAME {bind_op sub}} {BINDTYPE op ID {} IMPL fabric LATENCY 0 OPTYPE add PRAGMA {} RTLNAME lsb_index_1_fu_1806_p2 SOURCE /tools/Xilinx/Vitis_HLS/2022.2/common/technology/autopilot/ap_fixed_base.h:1099 VARIABLE lsb_index_1 LOOP VITIS_LOOP_130_13 BUNDLEDNAME {} DSP 0 BRAM 0 URAM 0 DISPNAME {bind_op add}} {BINDTYPE op ID {} IMPL fabric LATENCY 0 OPTYPE sub PRAGMA {} RTLNAME sub_ln1102_1_fu_1827_p2 SOURCE /tools/Xilinx/Vitis_HLS/2022.2/common/technology/autopilot/ap_fixed_base.h:1102 VARIABLE sub_ln1102_1 LOOP VITIS_LOOP_130_13 BUNDLEDNAME {} DSP 0 BRAM 0 URAM 0 DISPNAME {bind_op sub}} {BINDTYPE op ID {} IMPL fabric LATENCY 0 OPTYPE add PRAGMA {} RTLNAME add_ln1104_fu_1873_p2 SOURCE /tools/Xilinx/Vitis_HLS/2022.2/common/technology/autopilot/ap_fixed_base.h:1104 VARIABLE add_ln1104 LOOP VITIS_LOOP_130_13 BUNDLEDNAME {} DSP 0 BRAM 0 URAM 0 DISPNAME {bind_op add}} {BINDTYPE op ID {} IMPL fabric LATENCY 0 OPTYPE add PRAGMA {} RTLNAME add_ln1113_1_fu_1914_p2 SOURCE /tools/Xilinx/Vitis_HLS/2022.2/common/technology/autopilot/ap_fixed_base.h:1113 VARIABLE add_ln1113_1 LOOP VITIS_LOOP_130_13 BUNDLEDNAME {} DSP 0 BRAM 0 URAM 0 DISPNAME {bind_op add}} {BINDTYPE op ID {} IMPL fabric LATENCY 0 OPTYPE sub PRAGMA {} RTLNAME sub_ln1114_1_fu_1929_p2 SOURCE /tools/Xilinx/Vitis_HLS/2022.2/common/technology/autopilot/ap_fixed_base.h:1114 VARIABLE sub_ln1114_1 LOOP VITIS_LOOP_130_13 BUNDLEDNAME {} DSP 0 BRAM 0 URAM 0 DISPNAME {bind_op sub}} {BINDTYPE op ID {} IMPL fabric LATENCY 0 OPTYPE add PRAGMA {} RTLNAME m_14_fu_1954_p2 SOURCE /tools/Xilinx/Vitis_HLS/2022.2/common/technology/autopilot/ap_fixed_base.h:1116 VARIABLE m_14 LOOP VITIS_LOOP_130_13 BUNDLEDNAME {} DSP 0 BRAM 0 URAM 0 DISPNAME {bind_op add}} {BINDTYPE op ID {} IMPL fabric LATENCY 0 OPTYPE sub PRAGMA {} RTLNAME man_V_8_fu_2083_p2 SOURCE /tools/Xilinx/Vitis_HLS/2022.2/common/technology/autopilot/ap_int_base.h:455 VARIABLE man_V_8 LOOP VITIS_LOOP_130_13 BUNDLEDNAME {} DSP 0 BRAM 0 URAM 0 DISPNAME {bind_op sub}} {BINDTYPE op ID {} IMPL fabric LATENCY 0 OPTYPE sub PRAGMA {} RTLNAME F2_1_fu_2096_p2 SOURCE /tools/Xilinx/Vitis_HLS/2022.2/common/technology/autopilot/ap_fixed_base.h:564 VARIABLE F2_1 LOOP VITIS_LOOP_130_13 BUNDLEDNAME {} DSP 0 BRAM 0 URAM 0 DISPNAME {bind_op sub}} {BINDTYPE op ID {} IMPL fabric LATENCY 0 OPTYPE add PRAGMA {} RTLNAME add_ln570_2_fu_2108_p2 SOURCE /tools/Xilinx/Vitis_HLS/2022.2/common/technology/autopilot/ap_fixed_base.h:570 VARIABLE add_ln570_2 LOOP VITIS_LOOP_130_13 BUNDLEDNAME {} DSP 0 BRAM 0 URAM 0 DISPNAME {bind_op add}} {BINDTYPE op ID {} IMPL fabric LATENCY 0 OPTYPE sub PRAGMA {} RTLNAME sub_ln570_2_fu_2114_p2 SOURCE /tools/Xilinx/Vitis_HLS/2022.2/common/technology/autopilot/ap_fixed_base.h:570 VARIABLE sub_ln570_2 LOOP VITIS_LOOP_130_13 BUNDLEDNAME {} DSP 0 BRAM 0 URAM 0 DISPNAME {bind_op sub}} {BINDTYPE op ID {} IMPL fabric LATENCY 0 OPTYPE add PRAGMA {} RTLNAME add_ln151_fu_2270_p2 SOURCE /home/cym/prj2/finn/notebooks/icl_thesis-master/experiments/qks_v3_s0_s10_s20_s30_exploratory_hls/q16_qksv3_s10/src/q16_qksv3_s10.cpp:151 VARIABLE add_ln151 LOOP VITIS_LOOP_151_17 BUNDLEDNAME {} DSP 0 BRAM 0 URAM 0 DISPNAME {bind_op add}} {BINDTYPE op ID {} IMPL fabric LATENCY 0 OPTYPE add PRAGMA {} RTLNAME add_ln813_16_fu_2285_p2 SOURCE /tools/Xilinx/Vitis_HLS/2022.2/common/technology/autopilot/ap_fixed_base.h:813 VARIABLE add_ln813_16 LOOP VITIS_LOOP_151_17 BUNDLEDNAME {} DSP 0 BRAM 0 URAM 0 DISPNAME {bind_op add}} {BINDTYPE storage ID {} IMPL auto LATENCY 1 OPTYPE rom_1p PRAGMA {} RTLNAME layers_0_attention_output_bias_V_U SOURCE {} VARIABLE layers_0_attention_output_bias_V LOOP {} BUNDLEDNAME {} DSP 0 BRAM 0 URAM 0 DISPNAME {bind_storage rom_1p}}} AREA {DSP 15 BRAM 8 URAM 0}} layer_norm_1 {BINDINFO {{BINDTYPE op ID {} IMPL fabric LATENCY 0 OPTYPE add PRAGMA {} RTLNAME add_ln813_fu_959_p2 SOURCE /tools/Xilinx/Vitis_HLS/2022.2/common/technology/autopilot/ap_fixed_base.h:813 VARIABLE add_ln813 LOOP {} BUNDLEDNAME {} DSP 0 BRAM 0 URAM 0 DISPNAME {bind_op add}} {BINDTYPE op ID {} IMPL fabric LATENCY 0 OPTYPE add PRAGMA {} RTLNAME add_ln813_2_fu_969_p2 SOURCE /tools/Xilinx/Vitis_HLS/2022.2/common/technology/autopilot/ap_fixed_base.h:813 VARIABLE add_ln813_2 LOOP {} BUNDLEDNAME {} DSP 0 BRAM 0 URAM 0 DISPNAME {bind_op add}} {BINDTYPE op ID {} IMPL fabric LATENCY 0 OPTYPE add PRAGMA {} RTLNAME add_ln813_3_fu_979_p2 SOURCE /tools/Xilinx/Vitis_HLS/2022.2/common/technology/autopilot/ap_fixed_base.h:813 VARIABLE add_ln813_3 LOOP {} BUNDLEDNAME {} DSP 0 BRAM 0 URAM 0 DISPNAME {bind_op add}} {BINDTYPE op ID {} IMPL fabric LATENCY 0 OPTYPE add PRAGMA {} RTLNAME add_ln813_4_fu_989_p2 SOURCE /tools/Xilinx/Vitis_HLS/2022.2/common/technology/autopilot/ap_fixed_base.h:813 VARIABLE add_ln813_4 LOOP {} BUNDLEDNAME {} DSP 0 BRAM 0 URAM 0 DISPNAME {bind_op add}} {BINDTYPE op ID {} IMPL fabric LATENCY 0 OPTYPE add PRAGMA {} RTLNAME add_ln813_5_fu_999_p2 SOURCE /tools/Xilinx/Vitis_HLS/2022.2/common/technology/autopilot/ap_fixed_base.h:813 VARIABLE add_ln813_5 LOOP {} BUNDLEDNAME {} DSP 0 BRAM 0 URAM 0 DISPNAME {bind_op add}} {BINDTYPE op ID {} IMPL fabric LATENCY 0 OPTYPE add PRAGMA {} RTLNAME add_ln813_6_fu_1009_p2 SOURCE /tools/Xilinx/Vitis_HLS/2022.2/common/technology/autopilot/ap_fixed_base.h:813 VARIABLE add_ln813_6 LOOP {} BUNDLEDNAME {} DSP 0 BRAM 0 URAM 0 DISPNAME {bind_op add}} {BINDTYPE op ID {} IMPL fabric LATENCY 0 OPTYPE add PRAGMA {} RTLNAME add_ln813_7_fu_1019_p2 SOURCE /tools/Xilinx/Vitis_HLS/2022.2/common/technology/autopilot/ap_fixed_base.h:813 VARIABLE add_ln813_7 LOOP {} BUNDLEDNAME {} DSP 0 BRAM 0 URAM 0 DISPNAME {bind_op add}} {BINDTYPE op ID {} IMPL fabric LATENCY 0 OPTYPE add PRAGMA {} RTLNAME add_ln813_8_fu_1025_p2 SOURCE /tools/Xilinx/Vitis_HLS/2022.2/common/technology/autopilot/ap_fixed_base.h:813 VARIABLE add_ln813_8 LOOP {} BUNDLEDNAME {} DSP 0 BRAM 0 URAM 0 DISPNAME {bind_op add}} {BINDTYPE op ID {} IMPL fabric LATENCY 0 OPTYPE add PRAGMA {} RTLNAME add_ln813_9_fu_1035_p2 SOURCE /tools/Xilinx/Vitis_HLS/2022.2/common/technology/autopilot/ap_fixed_base.h:813 VARIABLE add_ln813_9 LOOP {} BUNDLEDNAME {} DSP 0 BRAM 0 URAM 0 DISPNAME {bind_op add}} {BINDTYPE op ID {} IMPL fabric LATENCY 0 OPTYPE add PRAGMA {} RTLNAME add_ln813_10_fu_1045_p2 SOURCE /tools/Xilinx/Vitis_HLS/2022.2/common/technology/autopilot/ap_fixed_base.h:813 VARIABLE add_ln813_10 LOOP {} BUNDLEDNAME {} DSP 0 BRAM 0 URAM 0 DISPNAME {bind_op add}} {BINDTYPE op ID {} IMPL fabric LATENCY 0 OPTYPE add PRAGMA {} RTLNAME add_ln813_11_fu_1055_p2 SOURCE /tools/Xilinx/Vitis_HLS/2022.2/common/technology/autopilot/ap_fixed_base.h:813 VARIABLE add_ln813_11 LOOP {} BUNDLEDNAME {} DSP 0 BRAM 0 URAM 0 DISPNAME {bind_op add}} {BINDTYPE op ID {} IMPL fabric LATENCY 0 OPTYPE add PRAGMA {} RTLNAME add_ln813_12_fu_1065_p2 SOURCE /tools/Xilinx/Vitis_HLS/2022.2/common/technology/autopilot/ap_fixed_base.h:813 VARIABLE add_ln813_12 LOOP {} BUNDLEDNAME {} DSP 0 BRAM 0 URAM 0 DISPNAME {bind_op add}} {BINDTYPE op ID {} IMPL fabric LATENCY 0 OPTYPE add PRAGMA {} RTLNAME add_ln813_13_fu_1075_p2 SOURCE /tools/Xilinx/Vitis_HLS/2022.2/common/technology/autopilot/ap_fixed_base.h:813 VARIABLE add_ln813_13 LOOP {} BUNDLEDNAME {} DSP 0 BRAM 0 URAM 0 DISPNAME {bind_op add}} {BINDTYPE op ID {} IMPL fabric LATENCY 0 OPTYPE add PRAGMA {} RTLNAME add_ln813_14_fu_1085_p2 SOURCE /tools/Xilinx/Vitis_HLS/2022.2/common/technology/autopilot/ap_fixed_base.h:813 VARIABLE add_ln813_14 LOOP {} BUNDLEDNAME {} DSP 0 BRAM 0 URAM 0 DISPNAME {bind_op add}} {BINDTYPE op ID {} IMPL fabric LATENCY 0 OPTYPE add PRAGMA {} RTLNAME add_ln813_15_fu_1097_p2 SOURCE /tools/Xilinx/Vitis_HLS/2022.2/common/technology/autopilot/ap_fixed_base.h:813 VARIABLE add_ln813_15 LOOP {} BUNDLEDNAME {} DSP 0 BRAM 0 URAM 0 DISPNAME {bind_op add}} {BINDTYPE op ID {} IMPL fabric LATENCY 0 OPTYPE sub PRAGMA {} RTLNAME sub_ln1303_fu_1119_p2 SOURCE /tools/Xilinx/Vitis_HLS/2022.2/common/technology/autopilot/ap_fixed_base.h:1303 VARIABLE sub_ln1303 LOOP {} BUNDLEDNAME {} DSP 0 BRAM 0 URAM 0 DISPNAME {bind_op sub}} {BINDTYPE op ID {} IMPL fabric LATENCY 0 OPTYPE sub PRAGMA {} RTLNAME sub_ln1303_1_fu_1135_p2 SOURCE /tools/Xilinx/Vitis_HLS/2022.2/common/technology/autopilot/ap_fixed_base.h:1303 VARIABLE sub_ln1303_1 LOOP {} BUNDLEDNAME {} DSP 0 BRAM 0 URAM 0 DISPNAME {bind_op sub}} {BINDTYPE op ID {} IMPL fabric LATENCY 0 OPTYPE sub PRAGMA {} RTLNAME sub_ln813_fu_1166_p2 SOURCE /tools/Xilinx/Vitis_HLS/2022.2/common/technology/autopilot/ap_fixed_base.h:813 VARIABLE sub_ln813 LOOP {} BUNDLEDNAME {} DSP 0 BRAM 0 URAM 0 DISPNAME {bind_op sub}} {BINDTYPE op ID {} IMPL dsp48 LATENCY 3 OPTYPE mul PRAGMA {} RTLNAME mul_mul_16s_16s_30_4_1_U73 SOURCE /tools/Xilinx/Vitis_HLS/2022.2/common/technology/autopilot/ap_fixed_base.h:818 VARIABLE mul_ln818 LOOP {} BUNDLEDNAME {} DSP 1 BRAM 0 URAM 0 DISPNAME {bind_op mul}} {BINDTYPE op ID {} IMPL fabric LATENCY 0 OPTYPE sub PRAGMA {} RTLNAME sub_ln813_1_fu_1175_p2 SOURCE /tools/Xilinx/Vitis_HLS/2022.2/common/technology/autopilot/ap_fixed_base.h:813 VARIABLE sub_ln813_1 LOOP {} BUNDLEDNAME {} DSP 0 BRAM 0 URAM 0 DISPNAME {bind_op sub}} {BINDTYPE op ID {} IMPL dsp48 LATENCY 3 OPTYPE mul PRAGMA {} RTLNAME mac_muladd_16s_16s_30ns_30_4_1_U74 SOURCE /tools/Xilinx/Vitis_HLS/2022.2/common/technology/autopilot/ap_fixed_base.h:1347 VARIABLE mul_ln1347 LOOP {} BUNDLEDNAME {} DSP 1 BRAM 0 URAM 0 DISPNAME {bind_op mul}} {BINDTYPE op ID {} IMPL dsp48 LATENCY 3 OPTYPE add PRAGMA {} RTLNAME mac_muladd_16s_16s_30ns_30_4_1_U74 SOURCE /tools/Xilinx/Vitis_HLS/2022.2/common/technology/autopilot/ap_fixed_base.h:1347 VARIABLE add_ln1347 LOOP {} BUNDLEDNAME {} DSP 1 BRAM 0 URAM 0 DISPNAME {bind_op add}} {BINDTYPE op ID {} IMPL fabric LATENCY 0 OPTYPE sub PRAGMA {} RTLNAME sub_ln813_2_fu_1183_p2 SOURCE /tools/Xilinx/Vitis_HLS/2022.2/common/technology/autopilot/ap_fixed_base.h:813 VARIABLE sub_ln813_2 LOOP {} BUNDLEDNAME {} DSP 0 BRAM 0 URAM 0 DISPNAME {bind_op sub}} {BINDTYPE op ID {} IMPL dsp48 LATENCY 3 OPTYPE mul PRAGMA {} RTLNAME mac_muladd_16s_16s_30ns_30_4_1_U75 SOURCE /tools/Xilinx/Vitis_HLS/2022.2/common/technology/autopilot/ap_fixed_base.h:1347 VARIABLE mul_ln1347_2 LOOP {} BUNDLEDNAME {} DSP 1 BRAM 0 URAM 0 DISPNAME {bind_op mul}} {BINDTYPE op ID {} IMPL dsp48 LATENCY 3 OPTYPE add PRAGMA {} RTLNAME mac_muladd_16s_16s_30ns_30_4_1_U75 SOURCE /tools/Xilinx/Vitis_HLS/2022.2/common/technology/autopilot/ap_fixed_base.h:1347 VARIABLE add_ln1347_1 LOOP {} BUNDLEDNAME {} DSP 1 BRAM 0 URAM 0 DISPNAME {bind_op add}} {BINDTYPE op ID {} IMPL fabric LATENCY 0 OPTYPE sub PRAGMA {} RTLNAME sub_ln813_3_fu_1208_p2 SOURCE /tools/Xilinx/Vitis_HLS/2022.2/common/technology/autopilot/ap_fixed_base.h:813 VARIABLE sub_ln813_3 LOOP {} BUNDLEDNAME {} DSP 0 BRAM 0 URAM 0 DISPNAME {bind_op sub}} {BINDTYPE op ID {} IMPL dsp48 LATENCY 3 OPTYPE mul PRAGMA {} RTLNAME mac_muladd_16s_16s_30ns_30_4_1_U76 SOURCE /tools/Xilinx/Vitis_HLS/2022.2/common/technology/autopilot/ap_fixed_base.h:1347 VARIABLE mul_ln1347_3 LOOP {} BUNDLEDNAME {} DSP 1 BRAM 0 URAM 0 DISPNAME {bind_op mul}} {BINDTYPE op ID {} IMPL dsp48 LATENCY 3 OPTYPE add PRAGMA {} RTLNAME mac_muladd_16s_16s_30ns_30_4_1_U76 SOURCE /tools/Xilinx/Vitis_HLS/2022.2/common/technology/autopilot/ap_fixed_base.h:1347 VARIABLE add_ln1347_2 LOOP {} BUNDLEDNAME {} DSP 1 BRAM 0 URAM 0 DISPNAME {bind_op add}} {BINDTYPE op ID {} IMPL fabric LATENCY 0 OPTYPE sub PRAGMA {} RTLNAME sub_ln813_4_fu_1233_p2 SOURCE /tools/Xilinx/Vitis_HLS/2022.2/common/technology/autopilot/ap_fixed_base.h:813 VARIABLE sub_ln813_4 LOOP {} BUNDLEDNAME {} DSP 0 BRAM 0 URAM 0 DISPNAME {bind_op sub}} {BINDTYPE op ID {} IMPL dsp48 LATENCY 3 OPTYPE mul PRAGMA {} RTLNAME mac_muladd_16s_16s_30ns_30_4_1_U77 SOURCE /tools/Xilinx/Vitis_HLS/2022.2/common/technology/autopilot/ap_fixed_base.h:1347 VARIABLE mul_ln1347_4 LOOP {} BUNDLEDNAME {} DSP 1 BRAM 0 URAM 0 DISPNAME {bind_op mul}} {BINDTYPE op ID {} IMPL dsp48 LATENCY 3 OPTYPE add PRAGMA {} RTLNAME mac_muladd_16s_16s_30ns_30_4_1_U77 SOURCE /tools/Xilinx/Vitis_HLS/2022.2/common/technology/autopilot/ap_fixed_base.h:1347 VARIABLE add_ln1347_3 LOOP {} BUNDLEDNAME {} DSP 1 BRAM 0 URAM 0 DISPNAME {bind_op add}} {BINDTYPE op ID {} IMPL fabric LATENCY 0 OPTYPE sub PRAGMA {} RTLNAME sub_ln813_5_fu_1258_p2 SOURCE /tools/Xilinx/Vitis_HLS/2022.2/common/technology/autopilot/ap_fixed_base.h:813 VARIABLE sub_ln813_5 LOOP {} BUNDLEDNAME {} DSP 0 BRAM 0 URAM 0 DISPNAME {bind_op sub}} {BINDTYPE op ID {} IMPL dsp48 LATENCY 3 OPTYPE mul PRAGMA {} RTLNAME mac_muladd_16s_16s_30ns_30_4_1_U78 SOURCE /tools/Xilinx/Vitis_HLS/2022.2/common/technology/autopilot/ap_fixed_base.h:1347 VARIABLE mul_ln1347_5 LOOP {} BUNDLEDNAME {} DSP 1 BRAM 0 URAM 0 DISPNAME {bind_op mul}} {BINDTYPE op ID {} IMPL dsp48 LATENCY 3 OPTYPE add PRAGMA {} RTLNAME mac_muladd_16s_16s_30ns_30_4_1_U78 SOURCE /tools/Xilinx/Vitis_HLS/2022.2/common/technology/autopilot/ap_fixed_base.h:1347 VARIABLE add_ln1347_4 LOOP {} BUNDLEDNAME {} DSP 1 BRAM 0 URAM 0 DISPNAME {bind_op add}} {BINDTYPE op ID {} IMPL fabric LATENCY 0 OPTYPE sub PRAGMA {} RTLNAME sub_ln813_6_fu_1283_p2 SOURCE /tools/Xilinx/Vitis_HLS/2022.2/common/technology/autopilot/ap_fixed_base.h:813 VARIABLE sub_ln813_6 LOOP {} BUNDLEDNAME {} DSP 0 BRAM 0 URAM 0 DISPNAME {bind_op sub}} {BINDTYPE op ID {} IMPL dsp48 LATENCY 3 OPTYPE mul PRAGMA {} RTLNAME mac_muladd_16s_16s_30ns_30_4_1_U79 SOURCE /tools/Xilinx/Vitis_HLS/2022.2/common/technology/autopilot/ap_fixed_base.h:1347 VARIABLE mul_ln1347_6 LOOP {} BUNDLEDNAME {} DSP 1 BRAM 0 URAM 0 DISPNAME {bind_op mul}} {BINDTYPE op ID {} IMPL dsp48 LATENCY 3 OPTYPE add PRAGMA {} RTLNAME mac_muladd_16s_16s_30ns_30_4_1_U79 SOURCE /tools/Xilinx/Vitis_HLS/2022.2/common/technology/autopilot/ap_fixed_base.h:1347 VARIABLE add_ln1347_5 LOOP {} BUNDLEDNAME {} DSP 1 BRAM 0 URAM 0 DISPNAME {bind_op add}} {BINDTYPE op ID {} IMPL fabric LATENCY 0 OPTYPE sub PRAGMA {} RTLNAME sub_ln813_7_fu_1308_p2 SOURCE /tools/Xilinx/Vitis_HLS/2022.2/common/technology/autopilot/ap_fixed_base.h:813 VARIABLE sub_ln813_7 LOOP {} BUNDLEDNAME {} DSP 0 BRAM 0 URAM 0 DISPNAME {bind_op sub}} {BINDTYPE op ID {} IMPL dsp48 LATENCY 3 OPTYPE mul PRAGMA {} RTLNAME mac_muladd_16s_16s_30ns_30_4_1_U80 SOURCE /tools/Xilinx/Vitis_HLS/2022.2/common/technology/autopilot/ap_fixed_base.h:1347 VARIABLE mul_ln1347_7 LOOP {} BUNDLEDNAME {} DSP 1 BRAM 0 URAM 0 DISPNAME {bind_op mul}} {BINDTYPE op ID {} IMPL dsp48 LATENCY 3 OPTYPE add PRAGMA {} RTLNAME mac_muladd_16s_16s_30ns_30_4_1_U80 SOURCE /tools/Xilinx/Vitis_HLS/2022.2/common/technology/autopilot/ap_fixed_base.h:1347 VARIABLE add_ln1347_6 LOOP {} BUNDLEDNAME {} DSP 1 BRAM 0 URAM 0 DISPNAME {bind_op add}} {BINDTYPE op ID {} IMPL fabric LATENCY 0 OPTYPE sub PRAGMA {} RTLNAME sub_ln813_8_fu_1333_p2 SOURCE /tools/Xilinx/Vitis_HLS/2022.2/common/technology/autopilot/ap_fixed_base.h:813 VARIABLE sub_ln813_8 LOOP {} BUNDLEDNAME {} DSP 0 BRAM 0 URAM 0 DISPNAME {bind_op sub}} {BINDTYPE op ID {} IMPL dsp48 LATENCY 3 OPTYPE mul PRAGMA {} RTLNAME mac_muladd_16s_16s_30ns_30_4_1_U81 SOURCE /tools/Xilinx/Vitis_HLS/2022.2/common/technology/autopilot/ap_fixed_base.h:1347 VARIABLE mul_ln1347_8 LOOP {} BUNDLEDNAME {} DSP 1 BRAM 0 URAM 0 DISPNAME {bind_op mul}} {BINDTYPE op ID {} IMPL dsp48 LATENCY 3 OPTYPE add PRAGMA {} RTLNAME mac_muladd_16s_16s_30ns_30_4_1_U81 SOURCE /tools/Xilinx/Vitis_HLS/2022.2/common/technology/autopilot/ap_fixed_base.h:1347 VARIABLE add_ln1347_7 LOOP {} BUNDLEDNAME {} DSP 1 BRAM 0 URAM 0 DISPNAME {bind_op add}} {BINDTYPE op ID {} IMPL fabric LATENCY 0 OPTYPE sub PRAGMA {} RTLNAME sub_ln813_9_fu_1358_p2 SOURCE /tools/Xilinx/Vitis_HLS/2022.2/common/technology/autopilot/ap_fixed_base.h:813 VARIABLE sub_ln813_9 LOOP {} BUNDLEDNAME {} DSP 0 BRAM 0 URAM 0 DISPNAME {bind_op sub}} {BINDTYPE op ID {} IMPL dsp48 LATENCY 3 OPTYPE mul PRAGMA {} RTLNAME mac_muladd_16s_16s_30ns_30_4_1_U82 SOURCE /tools/Xilinx/Vitis_HLS/2022.2/common/technology/autopilot/ap_fixed_base.h:1347 VARIABLE mul_ln1347_9 LOOP {} BUNDLEDNAME {} DSP 1 BRAM 0 URAM 0 DISPNAME {bind_op mul}} {BINDTYPE op ID {} IMPL dsp48 LATENCY 3 OPTYPE add PRAGMA {} RTLNAME mac_muladd_16s_16s_30ns_30_4_1_U82 SOURCE /tools/Xilinx/Vitis_HLS/2022.2/common/technology/autopilot/ap_fixed_base.h:1347 VARIABLE add_ln1347_8 LOOP {} BUNDLEDNAME {} DSP 1 BRAM 0 URAM 0 DISPNAME {bind_op add}} {BINDTYPE op ID {} IMPL fabric LATENCY 0 OPTYPE sub PRAGMA {} RTLNAME sub_ln813_10_fu_1383_p2 SOURCE /tools/Xilinx/Vitis_HLS/2022.2/common/technology/autopilot/ap_fixed_base.h:813 VARIABLE sub_ln813_10 LOOP {} BUNDLEDNAME {} DSP 0 BRAM 0 URAM 0 DISPNAME {bind_op sub}} {BINDTYPE op ID {} IMPL dsp48 LATENCY 3 OPTYPE mul PRAGMA {} RTLNAME mac_muladd_16s_16s_30ns_30_4_1_U83 SOURCE /tools/Xilinx/Vitis_HLS/2022.2/common/technology/autopilot/ap_fixed_base.h:1347 VARIABLE mul_ln1347_10 LOOP {} BUNDLEDNAME {} DSP 1 BRAM 0 URAM 0 DISPNAME {bind_op mul}} {BINDTYPE op ID {} IMPL dsp48 LATENCY 3 OPTYPE add PRAGMA {} RTLNAME mac_muladd_16s_16s_30ns_30_4_1_U83 SOURCE /tools/Xilinx/Vitis_HLS/2022.2/common/technology/autopilot/ap_fixed_base.h:1347 VARIABLE add_ln1347_9 LOOP {} BUNDLEDNAME {} DSP 1 BRAM 0 URAM 0 DISPNAME {bind_op add}} {BINDTYPE op ID {} IMPL fabric LATENCY 0 OPTYPE sub PRAGMA {} RTLNAME sub_ln813_11_fu_1408_p2 SOURCE /tools/Xilinx/Vitis_HLS/2022.2/common/technology/autopilot/ap_fixed_base.h:813 VARIABLE sub_ln813_11 LOOP {} BUNDLEDNAME {} DSP 0 BRAM 0 URAM 0 DISPNAME {bind_op sub}} {BINDTYPE op ID {} IMPL dsp48 LATENCY 3 OPTYPE mul PRAGMA {} RTLNAME mac_muladd_16s_16s_30ns_30_4_1_U84 SOURCE /tools/Xilinx/Vitis_HLS/2022.2/common/technology/autopilot/ap_fixed_base.h:1347 VARIABLE mul_ln1347_11 LOOP {} BUNDLEDNAME {} DSP 1 BRAM 0 URAM 0 DISPNAME {bind_op mul}} {BINDTYPE op ID {} IMPL dsp48 LATENCY 3 OPTYPE add PRAGMA {} RTLNAME mac_muladd_16s_16s_30ns_30_4_1_U84 SOURCE /tools/Xilinx/Vitis_HLS/2022.2/common/technology/autopilot/ap_fixed_base.h:1347 VARIABLE add_ln1347_10 LOOP {} BUNDLEDNAME {} DSP 1 BRAM 0 URAM 0 DISPNAME {bind_op add}} {BINDTYPE op ID {} IMPL fabric LATENCY 0 OPTYPE sub PRAGMA {} RTLNAME sub_ln813_12_fu_1433_p2 SOURCE /tools/Xilinx/Vitis_HLS/2022.2/common/technology/autopilot/ap_fixed_base.h:813 VARIABLE sub_ln813_12 LOOP {} BUNDLEDNAME {} DSP 0 BRAM 0 URAM 0 DISPNAME {bind_op sub}} {BINDTYPE op ID {} IMPL dsp48 LATENCY 3 OPTYPE mul PRAGMA {} RTLNAME mac_muladd_16s_16s_30ns_30_4_1_U85 SOURCE /tools/Xilinx/Vitis_HLS/2022.2/common/technology/autopilot/ap_fixed_base.h:1347 VARIABLE mul_ln1347_12 LOOP {} BUNDLEDNAME {} DSP 1 BRAM 0 URAM 0 DISPNAME {bind_op mul}} {BINDTYPE op ID {} IMPL dsp48 LATENCY 3 OPTYPE add PRAGMA {} RTLNAME mac_muladd_16s_16s_30ns_30_4_1_U85 SOURCE /tools/Xilinx/Vitis_HLS/2022.2/common/technology/autopilot/ap_fixed_base.h:1347 VARIABLE add_ln1347_11 LOOP {} BUNDLEDNAME {} DSP 1 BRAM 0 URAM 0 DISPNAME {bind_op add}} {BINDTYPE op ID {} IMPL fabric LATENCY 0 OPTYPE sub PRAGMA {} RTLNAME sub_ln813_13_fu_1458_p2 SOURCE /tools/Xilinx/Vitis_HLS/2022.2/common/technology/autopilot/ap_fixed_base.h:813 VARIABLE sub_ln813_13 LOOP {} BUNDLEDNAME {} DSP 0 BRAM 0 URAM 0 DISPNAME {bind_op sub}} {BINDTYPE op ID {} IMPL dsp48 LATENCY 3 OPTYPE mul PRAGMA {} RTLNAME mac_muladd_16s_16s_30ns_30_4_1_U86 SOURCE /tools/Xilinx/Vitis_HLS/2022.2/common/technology/autopilot/ap_fixed_base.h:1347 VARIABLE mul_ln1347_13 LOOP {} BUNDLEDNAME {} DSP 1 BRAM 0 URAM 0 DISPNAME {bind_op mul}} {BINDTYPE op ID {} IMPL dsp48 LATENCY 3 OPTYPE add PRAGMA {} RTLNAME mac_muladd_16s_16s_30ns_30_4_1_U86 SOURCE /tools/Xilinx/Vitis_HLS/2022.2/common/technology/autopilot/ap_fixed_base.h:1347 VARIABLE add_ln1347_12 LOOP {} BUNDLEDNAME {} DSP 1 BRAM 0 URAM 0 DISPNAME {bind_op add}} {BINDTYPE op ID {} IMPL fabric LATENCY 0 OPTYPE sub PRAGMA {} RTLNAME sub_ln813_14_fu_1483_p2 SOURCE /tools/Xilinx/Vitis_HLS/2022.2/common/technology/autopilot/ap_fixed_base.h:813 VARIABLE sub_ln813_14 LOOP {} BUNDLEDNAME {} DSP 0 BRAM 0 URAM 0 DISPNAME {bind_op sub}} {BINDTYPE op ID {} IMPL dsp48 LATENCY 3 OPTYPE mul PRAGMA {} RTLNAME mac_muladd_16s_16s_30ns_30_4_1_U87 SOURCE /tools/Xilinx/Vitis_HLS/2022.2/common/technology/autopilot/ap_fixed_base.h:1347 VARIABLE mul_ln1347_14 LOOP {} BUNDLEDNAME {} DSP 1 BRAM 0 URAM 0 DISPNAME {bind_op mul}} {BINDTYPE op ID {} IMPL dsp48 LATENCY 3 OPTYPE add PRAGMA {} RTLNAME mac_muladd_16s_16s_30ns_30_4_1_U87 SOURCE /tools/Xilinx/Vitis_HLS/2022.2/common/technology/autopilot/ap_fixed_base.h:1347 VARIABLE add_ln1347_13 LOOP {} BUNDLEDNAME {} DSP 1 BRAM 0 URAM 0 DISPNAME {bind_op add}} {BINDTYPE op ID {} IMPL fabric LATENCY 0 OPTYPE sub PRAGMA {} RTLNAME sub_ln813_15_fu_1508_p2 SOURCE /tools/Xilinx/Vitis_HLS/2022.2/common/technology/autopilot/ap_fixed_base.h:813 VARIABLE sub_ln813_15 LOOP {} BUNDLEDNAME {} DSP 0 BRAM 0 URAM 0 DISPNAME {bind_op sub}} {BINDTYPE op ID {} IMPL dsp48 LATENCY 3 OPTYPE mul PRAGMA {} RTLNAME mac_muladd_16s_16s_30ns_30_4_1_U88 SOURCE /tools/Xilinx/Vitis_HLS/2022.2/common/technology/autopilot/ap_fixed_base.h:1347 VARIABLE mul_ln1347_15 LOOP {} BUNDLEDNAME {} DSP 1 BRAM 0 URAM 0 DISPNAME {bind_op mul}} {BINDTYPE op ID {} IMPL dsp48 LATENCY 3 OPTYPE add PRAGMA {} RTLNAME mac_muladd_16s_16s_30ns_30_4_1_U88 SOURCE /tools/Xilinx/Vitis_HLS/2022.2/common/technology/autopilot/ap_fixed_base.h:1347 VARIABLE add_ln1347_14 LOOP {} BUNDLEDNAME {} DSP 1 BRAM 0 URAM 0 DISPNAME {bind_op add}} {BINDTYPE op ID {} IMPL fabric LATENCY 0 OPTYPE sub PRAGMA {} RTLNAME sub_ln1303_2_fu_1574_p2 SOURCE /tools/Xilinx/Vitis_HLS/2022.2/common/technology/autopilot/ap_fixed_base.h:1303 VARIABLE sub_ln1303_2 LOOP {} BUNDLEDNAME {} DSP 0 BRAM 0 URAM 0 DISPNAME {bind_op sub}} {BINDTYPE op ID {} IMPL fabric LATENCY 0 OPTYPE sub PRAGMA {} RTLNAME sub_ln1303_3_fu_1599_p2 SOURCE /tools/Xilinx/Vitis_HLS/2022.2/common/technology/autopilot/ap_fixed_base.h:1303 VARIABLE sub_ln1303_3 LOOP {} BUNDLEDNAME {} DSP 0 BRAM 0 URAM 0 DISPNAME {bind_op sub}} {BINDTYPE op ID {} IMPL fabric LATENCY 0 OPTYPE sub PRAGMA {} RTLNAME tmp_V_fu_1634_p2 SOURCE /tools/Xilinx/Vitis_HLS/2022.2/common/technology/autopilot/ap_fixed_base.h:1094 VARIABLE tmp_V LOOP {} BUNDLEDNAME {} DSP 0 BRAM 0 URAM 0 DISPNAME {bind_op sub}} {BINDTYPE op ID {} IMPL fabric LATENCY 0 OPTYPE sub PRAGMA {} RTLNAME sub_ln1099_fu_1677_p2 SOURCE /tools/Xilinx/Vitis_HLS/2022.2/common/technology/autopilot/ap_fixed_base.h:1099 VARIABLE sub_ln1099 LOOP {} BUNDLEDNAME {} DSP 0 BRAM 0 URAM 0 DISPNAME {bind_op sub}} {BINDTYPE op ID {} IMPL fabric LATENCY 0 OPTYPE add PRAGMA {} RTLNAME lsb_index_fu_1722_p2 SOURCE /tools/Xilinx/Vitis_HLS/2022.2/common/technology/autopilot/ap_fixed_base.h:1099 VARIABLE lsb_index LOOP {} BUNDLEDNAME {} DSP 0 BRAM 0 URAM 0 DISPNAME {bind_op add}} {BINDTYPE op ID {} IMPL fabric LATENCY 0 OPTYPE sub PRAGMA {} RTLNAME sub_ln1102_fu_1691_p2 SOURCE /tools/Xilinx/Vitis_HLS/2022.2/common/technology/autopilot/ap_fixed_base.h:1102 VARIABLE sub_ln1102 LOOP {} BUNDLEDNAME {} DSP 0 BRAM 0 URAM 0 DISPNAME {bind_op sub}} {BINDTYPE op ID {} IMPL fabric LATENCY 0 OPTYPE add PRAGMA {} RTLNAME add_ln1104_fu_1762_p2 SOURCE /tools/Xilinx/Vitis_HLS/2022.2/common/technology/autopilot/ap_fixed_base.h:1104 VARIABLE add_ln1104 LOOP {} BUNDLEDNAME {} DSP 0 BRAM 0 URAM 0 DISPNAME {bind_op add}} {BINDTYPE op ID {} IMPL fabric LATENCY 0 OPTYPE add PRAGMA {} RTLNAME add_ln1113_fu_1803_p2 SOURCE /tools/Xilinx/Vitis_HLS/2022.2/common/technology/autopilot/ap_fixed_base.h:1113 VARIABLE add_ln1113 LOOP {} BUNDLEDNAME {} DSP 0 BRAM 0 URAM 0 DISPNAME {bind_op add}} {BINDTYPE op ID {} IMPL fabric LATENCY 0 OPTYPE sub PRAGMA {} RTLNAME sub_ln1114_fu_1818_p2 SOURCE /tools/Xilinx/Vitis_HLS/2022.2/common/technology/autopilot/ap_fixed_base.h:1114 VARIABLE sub_ln1114 LOOP {} BUNDLEDNAME {} DSP 0 BRAM 0 URAM 0 DISPNAME {bind_op sub}} {BINDTYPE op ID {} IMPL fabric LATENCY 0 OPTYPE add PRAGMA {} RTLNAME m_3_fu_1843_p2 SOURCE /tools/Xilinx/Vitis_HLS/2022.2/common/technology/autopilot/ap_fixed_base.h:1116 VARIABLE m_3 LOOP {} BUNDLEDNAME {} DSP 0 BRAM 0 URAM 0 DISPNAME {bind_op add}} {BINDTYPE op ID {} IMPL fulldsp LATENCY 4 OPTYPE fadd PRAGMA {} RTLNAME fadd_32ns_32ns_32_5_full_dsp_1_U69 SOURCE /tools/Xilinx/Vitis_HLS/2022.2/common/technology/autopilot/ap_common.h:766 VARIABLE phitmp LOOP {} BUNDLEDNAME {} DSP 2 BRAM 0 URAM 0 DISPNAME {bind_op fadd}} {BINDTYPE op ID {} IMPL fabric LATENCY 15 OPTYPE fsqrt PRAGMA {} RTLNAME fsqrt_32ns_32ns_32_16_no_dsp_1_U72 SOURCE /home/cym/prj2/finn/notebooks/icl_thesis-master/experiments/qks_v3_s0_s10_s20_s30_exploratory_hls/q16_qksv3_s10/src/q16_qksv3_s10.cpp:45 VARIABLE tmp LOOP {} BUNDLEDNAME {} DSP 0 BRAM 0 URAM 0 DISPNAME {bind_op fsqrt}} {BINDTYPE op ID {} IMPL fabric LATENCY 15 OPTYPE fdiv PRAGMA {} RTLNAME fdiv_32ns_32ns_32_16_no_dsp_1_U70 SOURCE /home/cym/prj2/finn/notebooks/icl_thesis-master/experiments/qks_v3_s0_s10_s20_s30_exploratory_hls/q16_qksv3_s10/src/q16_qksv3_s10.cpp:45 VARIABLE d_assign LOOP {} BUNDLEDNAME {} DSP 0 BRAM 0 URAM 0 DISPNAME {bind_op fdiv}} {BINDTYPE op ID {} IMPL fabric LATENCY 0 OPTYPE sub PRAGMA {} RTLNAME man_V_1_fu_1972_p2 SOURCE /tools/Xilinx/Vitis_HLS/2022.2/common/technology/autopilot/ap_int_base.h:455 VARIABLE man_V_1 LOOP {} BUNDLEDNAME {} DSP 0 BRAM 0 URAM 0 DISPNAME {bind_op sub}} {BINDTYPE op ID {} IMPL fabric LATENCY 0 OPTYPE sub PRAGMA {} RTLNAME F2_fu_1985_p2 SOURCE /tools/Xilinx/Vitis_HLS/2022.2/common/technology/autopilot/ap_fixed_base.h:564 VARIABLE F2 LOOP {} BUNDLEDNAME {} DSP 0 BRAM 0 URAM 0 DISPNAME {bind_op sub}} {BINDTYPE op ID {} IMPL fabric LATENCY 0 OPTYPE add PRAGMA {} RTLNAME add_ln570_fu_1997_p2 SOURCE /tools/Xilinx/Vitis_HLS/2022.2/common/technology/autopilot/ap_fixed_base.h:570 VARIABLE add_ln570 LOOP {} BUNDLEDNAME {} DSP 0 BRAM 0 URAM 0 DISPNAME {bind_op add}} {BINDTYPE op ID {} IMPL fabric LATENCY 0 OPTYPE sub PRAGMA {} RTLNAME sub_ln570_fu_2003_p2 SOURCE /tools/Xilinx/Vitis_HLS/2022.2/common/technology/autopilot/ap_fixed_base.h:570 VARIABLE sub_ln570 LOOP {} BUNDLEDNAME {} DSP 0 BRAM 0 URAM 0 DISPNAME {bind_op sub}} {BINDTYPE op ID {} IMPL dsp48 LATENCY 3 OPTYPE sub PRAGMA {} RTLNAME am_submul_16s_16s_16s_26_4_1_U89 SOURCE /tools/Xilinx/Vitis_HLS/2022.2/common/technology/autopilot/ap_fixed_base.h:1348 VARIABLE sub_ln1348 LOOP {} BUNDLEDNAME {} DSP 1 BRAM 0 URAM 0 DISPNAME {bind_op sub}} {BINDTYPE op ID {} IMPL dsp48 LATENCY 3 OPTYPE mul PRAGMA {} RTLNAME am_submul_16s_16s_16s_26_4_1_U89 SOURCE /tools/Xilinx/Vitis_HLS/2022.2/common/technology/autopilot/ap_fixed_base.h:818 VARIABLE mul_ln818_1 LOOP {} BUNDLEDNAME {} DSP 1 BRAM 0 URAM 0 DISPNAME {bind_op mul}} {BINDTYPE op ID {} IMPL dsp48 LATENCY 3 OPTYPE mul PRAGMA {} RTLNAME mac_muladd_16s_11ns_16s_26_4_1_U98 SOURCE /tools/Xilinx/Vitis_HLS/2022.2/common/technology/autopilot/ap_fixed_base.h:837 VARIABLE mul_ln837 LOOP {} BUNDLEDNAME {} DSP 1 BRAM 0 URAM 0 DISPNAME {bind_op mul}} {BINDTYPE op ID {} IMPL dsp48 LATENCY 3 OPTYPE add PRAGMA {} RTLNAME mac_muladd_16s_11ns_16s_26_4_1_U98 SOURCE /tools/Xilinx/Vitis_HLS/2022.2/common/technology/autopilot/ap_fixed_base.h:1347 VARIABLE add_ln1347_15 LOOP {} BUNDLEDNAME {} DSP 1 BRAM 0 URAM 0 DISPNAME {bind_op add}} {BINDTYPE op ID {} IMPL dsp48 LATENCY 3 OPTYPE sub PRAGMA {} RTLNAME am_submul_16s_16s_16s_26_4_1_U90 SOURCE /tools/Xilinx/Vitis_HLS/2022.2/common/technology/autopilot/ap_fixed_base.h:1348 VARIABLE sub_ln1348_1 LOOP {} BUNDLEDNAME {} DSP 1 BRAM 0 URAM 0 DISPNAME {bind_op sub}} {BINDTYPE op ID {} IMPL dsp48 LATENCY 3 OPTYPE mul PRAGMA {} RTLNAME am_submul_16s_16s_16s_26_4_1_U90 SOURCE /tools/Xilinx/Vitis_HLS/2022.2/common/technology/autopilot/ap_fixed_base.h:818 VARIABLE mul_ln818_2 LOOP {} BUNDLEDNAME {} DSP 1 BRAM 0 URAM 0 DISPNAME {bind_op mul}} {BINDTYPE op ID {} IMPL dsp48 LATENCY 3 OPTYPE mul PRAGMA {} RTLNAME mac_muladd_16s_11ns_16ns_26_4_1_U99 SOURCE /tools/Xilinx/Vitis_HLS/2022.2/common/technology/autopilot/ap_fixed_base.h:837 VARIABLE mul_ln837_1 LOOP {} BUNDLEDNAME {} DSP 1 BRAM 0 URAM 0 DISPNAME {bind_op mul}} {BINDTYPE op ID {} IMPL dsp48 LATENCY 3 OPTYPE add PRAGMA {} RTLNAME mac_muladd_16s_11ns_16ns_26_4_1_U99 SOURCE /tools/Xilinx/Vitis_HLS/2022.2/common/technology/autopilot/ap_fixed_base.h:1347 VARIABLE add_ln1347_16 LOOP {} BUNDLEDNAME {} DSP 1 BRAM 0 URAM 0 DISPNAME {bind_op add}} {BINDTYPE op ID {} IMPL dsp48 LATENCY 3 OPTYPE sub PRAGMA {} RTLNAME am_submul_16s_16s_16s_26_4_1_U91 SOURCE /tools/Xilinx/Vitis_HLS/2022.2/common/technology/autopilot/ap_fixed_base.h:1348 VARIABLE sub_ln1348_2 LOOP {} BUNDLEDNAME {} DSP 1 BRAM 0 URAM 0 DISPNAME {bind_op sub}} {BINDTYPE op ID {} IMPL dsp48 LATENCY 3 OPTYPE mul PRAGMA {} RTLNAME am_submul_16s_16s_16s_26_4_1_U91 SOURCE /tools/Xilinx/Vitis_HLS/2022.2/common/technology/autopilot/ap_fixed_base.h:818 VARIABLE mul_ln818_3 LOOP {} BUNDLEDNAME {} DSP 1 BRAM 0 URAM 0 DISPNAME {bind_op mul}} {BINDTYPE op ID {} IMPL dsp48 LATENCY 3 OPTYPE mul PRAGMA {} RTLNAME mac_muladd_16s_11ns_17s_26_4_1_U103 SOURCE /tools/Xilinx/Vitis_HLS/2022.2/common/technology/autopilot/ap_fixed_base.h:837 VARIABLE mul_ln837_2 LOOP {} BUNDLEDNAME {} DSP 1 BRAM 0 URAM 0 DISPNAME {bind_op mul}} {BINDTYPE op ID {} IMPL dsp48 LATENCY 3 OPTYPE add PRAGMA {} RTLNAME mac_muladd_16s_11ns_17s_26_4_1_U103 SOURCE /tools/Xilinx/Vitis_HLS/2022.2/common/technology/autopilot/ap_fixed_base.h:1347 VARIABLE add_ln1347_17 LOOP {} BUNDLEDNAME {} DSP 1 BRAM 0 URAM 0 DISPNAME {bind_op add}} {BINDTYPE op ID {} IMPL dsp48 LATENCY 3 OPTYPE sub PRAGMA {} RTLNAME am_submul_16s_16s_16s_26_4_1_U92 SOURCE /tools/Xilinx/Vitis_HLS/2022.2/common/technology/autopilot/ap_fixed_base.h:1348 VARIABLE sub_ln1348_3 LOOP {} BUNDLEDNAME {} DSP 1 BRAM 0 URAM 0 DISPNAME {bind_op sub}} {BINDTYPE op ID {} IMPL dsp48 LATENCY 3 OPTYPE mul PRAGMA {} RTLNAME am_submul_16s_16s_16s_26_4_1_U92 SOURCE /tools/Xilinx/Vitis_HLS/2022.2/common/technology/autopilot/ap_fixed_base.h:818 VARIABLE mul_ln818_4 LOOP {} BUNDLEDNAME {} DSP 1 BRAM 0 URAM 0 DISPNAME {bind_op mul}} {BINDTYPE op ID {} IMPL dsp48 LATENCY 3 OPTYPE mul PRAGMA {} RTLNAME mac_muladd_16s_11ns_17s_26_4_1_U104 SOURCE /tools/Xilinx/Vitis_HLS/2022.2/common/technology/autopilot/ap_fixed_base.h:837 VARIABLE mul_ln837_3 LOOP {} BUNDLEDNAME {} DSP 1 BRAM 0 URAM 0 DISPNAME {bind_op mul}} {BINDTYPE op ID {} IMPL dsp48 LATENCY 3 OPTYPE add PRAGMA {} RTLNAME mac_muladd_16s_11ns_17s_26_4_1_U104 SOURCE /tools/Xilinx/Vitis_HLS/2022.2/common/technology/autopilot/ap_fixed_base.h:1347 VARIABLE add_ln1347_18 LOOP {} BUNDLEDNAME {} DSP 1 BRAM 0 URAM 0 DISPNAME {bind_op add}} {BINDTYPE op ID {} IMPL dsp48 LATENCY 3 OPTYPE sub PRAGMA {} RTLNAME am_submul_16s_16s_16s_26_4_1_U93 SOURCE /tools/Xilinx/Vitis_HLS/2022.2/common/technology/autopilot/ap_fixed_base.h:1348 VARIABLE sub_ln1348_4 LOOP {} BUNDLEDNAME {} DSP 1 BRAM 0 URAM 0 DISPNAME {bind_op sub}} {BINDTYPE op ID {} IMPL dsp48 LATENCY 3 OPTYPE mul PRAGMA {} RTLNAME am_submul_16s_16s_16s_26_4_1_U93 SOURCE /tools/Xilinx/Vitis_HLS/2022.2/common/technology/autopilot/ap_fixed_base.h:818 VARIABLE mul_ln818_5 LOOP {} BUNDLEDNAME {} DSP 1 BRAM 0 URAM 0 DISPNAME {bind_op mul}} {BINDTYPE op ID {} IMPL dsp48 LATENCY 3 OPTYPE mul PRAGMA {} RTLNAME mac_muladd_16s_11ns_15s_26_4_1_U105 SOURCE /tools/Xilinx/Vitis_HLS/2022.2/common/technology/autopilot/ap_fixed_base.h:837 VARIABLE mul_ln837_4 LOOP {} BUNDLEDNAME {} DSP 1 BRAM 0 URAM 0 DISPNAME {bind_op mul}} {BINDTYPE op ID {} IMPL dsp48 LATENCY 3 OPTYPE add PRAGMA {} RTLNAME mac_muladd_16s_11ns_15s_26_4_1_U105 SOURCE /tools/Xilinx/Vitis_HLS/2022.2/common/technology/autopilot/ap_fixed_base.h:1347 VARIABLE add_ln1347_19 LOOP {} BUNDLEDNAME {} DSP 1 BRAM 0 URAM 0 DISPNAME {bind_op add}} {BINDTYPE op ID {} IMPL dsp48 LATENCY 3 OPTYPE sub PRAGMA {} RTLNAME am_submul_16s_16s_16s_26_4_1_U94 SOURCE /tools/Xilinx/Vitis_HLS/2022.2/common/technology/autopilot/ap_fixed_base.h:1348 VARIABLE sub_ln1348_5 LOOP {} BUNDLEDNAME {} DSP 1 BRAM 0 URAM 0 DISPNAME {bind_op sub}} {BINDTYPE op ID {} IMPL dsp48 LATENCY 3 OPTYPE mul PRAGMA {} RTLNAME am_submul_16s_16s_16s_26_4_1_U94 SOURCE /tools/Xilinx/Vitis_HLS/2022.2/common/technology/autopilot/ap_fixed_base.h:818 VARIABLE mul_ln818_6 LOOP {} BUNDLEDNAME {} DSP 1 BRAM 0 URAM 0 DISPNAME {bind_op mul}} {BINDTYPE op ID {} IMPL dsp48 LATENCY 3 OPTYPE mul PRAGMA {} RTLNAME mac_muladd_16s_11ns_16s_26_4_1_U109 SOURCE /tools/Xilinx/Vitis_HLS/2022.2/common/technology/autopilot/ap_fixed_base.h:837 VARIABLE mul_ln837_5 LOOP {} BUNDLEDNAME {} DSP 1 BRAM 0 URAM 0 DISPNAME {bind_op mul}} {BINDTYPE op ID {} IMPL dsp48 LATENCY 3 OPTYPE add PRAGMA {} RTLNAME mac_muladd_16s_11ns_16s_26_4_1_U109 SOURCE /tools/Xilinx/Vitis_HLS/2022.2/common/technology/autopilot/ap_fixed_base.h:1347 VARIABLE add_ln1347_20 LOOP {} BUNDLEDNAME {} DSP 1 BRAM 0 URAM 0 DISPNAME {bind_op add}} {BINDTYPE op ID {} IMPL dsp48 LATENCY 3 OPTYPE sub PRAGMA {} RTLNAME am_submul_16s_16s_16s_26_4_1_U95 SOURCE /tools/Xilinx/Vitis_HLS/2022.2/common/technology/autopilot/ap_fixed_base.h:1348 VARIABLE sub_ln1348_6 LOOP {} BUNDLEDNAME {} DSP 1 BRAM 0 URAM 0 DISPNAME {bind_op sub}} {BINDTYPE op ID {} IMPL dsp48 LATENCY 3 OPTYPE mul PRAGMA {} RTLNAME am_submul_16s_16s_16s_26_4_1_U95 SOURCE /tools/Xilinx/Vitis_HLS/2022.2/common/technology/autopilot/ap_fixed_base.h:818 VARIABLE mul_ln818_7 LOOP {} BUNDLEDNAME {} DSP 1 BRAM 0 URAM 0 DISPNAME {bind_op mul}} {BINDTYPE op ID {} IMPL dsp48 LATENCY 3 OPTYPE mul PRAGMA {} RTLNAME mac_muladd_16s_10ns_16s_26_4_1_U110 SOURCE /tools/Xilinx/Vitis_HLS/2022.2/common/technology/autopilot/ap_fixed_base.h:813 VARIABLE mul_ln813 LOOP {} BUNDLEDNAME {} DSP 1 BRAM 0 URAM 0 DISPNAME {bind_op mul}} {BINDTYPE op ID {} IMPL dsp48 LATENCY 3 OPTYPE add PRAGMA {} RTLNAME mac_muladd_16s_10ns_16s_26_4_1_U110 SOURCE /tools/Xilinx/Vitis_HLS/2022.2/common/technology/autopilot/ap_fixed_base.h:1347 VARIABLE add_ln1347_21 LOOP {} BUNDLEDNAME {} DSP 1 BRAM 0 URAM 0 DISPNAME {bind_op add}} {BINDTYPE op ID {} IMPL dsp48 LATENCY 3 OPTYPE sub PRAGMA {} RTLNAME am_submul_16s_16s_16s_26_4_1_U96 SOURCE /tools/Xilinx/Vitis_HLS/2022.2/common/technology/autopilot/ap_fixed_base.h:1348 VARIABLE sub_ln1348_7 LOOP {} BUNDLEDNAME {} DSP 1 BRAM 0 URAM 0 DISPNAME {bind_op sub}} {BINDTYPE op ID {} IMPL dsp48 LATENCY 3 OPTYPE mul PRAGMA {} RTLNAME am_submul_16s_16s_16s_26_4_1_U96 SOURCE /tools/Xilinx/Vitis_HLS/2022.2/common/technology/autopilot/ap_fixed_base.h:818 VARIABLE mul_ln818_8 LOOP {} BUNDLEDNAME {} DSP 1 BRAM 0 URAM 0 DISPNAME {bind_op mul}} {BINDTYPE op ID {} IMPL dsp48 LATENCY 3 OPTYPE mul PRAGMA {} RTLNAME mac_muladd_16s_10ns_16ns_26_4_1_U111 SOURCE /tools/Xilinx/Vitis_HLS/2022.2/common/technology/autopilot/ap_fixed_base.h:813 VARIABLE mul_ln813_1 LOOP {} BUNDLEDNAME {} DSP 1 BRAM 0 URAM 0 DISPNAME {bind_op mul}} {BINDTYPE op ID {} IMPL dsp48 LATENCY 3 OPTYPE add PRAGMA {} RTLNAME mac_muladd_16s_10ns_16ns_26_4_1_U111 SOURCE /tools/Xilinx/Vitis_HLS/2022.2/common/technology/autopilot/ap_fixed_base.h:1347 VARIABLE add_ln1347_22 LOOP {} BUNDLEDNAME {} DSP 1 BRAM 0 URAM 0 DISPNAME {bind_op add}} {BINDTYPE op ID {} IMPL dsp48 LATENCY 3 OPTYPE sub PRAGMA {} RTLNAME am_submul_16s_16s_16s_26_4_1_U97 SOURCE /tools/Xilinx/Vitis_HLS/2022.2/common/technology/autopilot/ap_fixed_base.h:1348 VARIABLE sub_ln1348_8 LOOP {} BUNDLEDNAME {} DSP 1 BRAM 0 URAM 0 DISPNAME {bind_op sub}} {BINDTYPE op ID {} IMPL dsp48 LATENCY 3 OPTYPE mul PRAGMA {} RTLNAME am_submul_16s_16s_16s_26_4_1_U97 SOURCE /tools/Xilinx/Vitis_HLS/2022.2/common/technology/autopilot/ap_fixed_base.h:818 VARIABLE mul_ln818_9 LOOP {} BUNDLEDNAME {} DSP 1 BRAM 0 URAM 0 DISPNAME {bind_op mul}} {BINDTYPE op ID {} IMPL dsp48 LATENCY 3 OPTYPE mul PRAGMA {} RTLNAME mac_muladd_16s_10ns_18s_26_4_1_U113 SOURCE /tools/Xilinx/Vitis_HLS/2022.2/common/technology/autopilot/ap_fixed_base.h:813 VARIABLE mul_ln813_2 LOOP {} BUNDLEDNAME {} DSP 1 BRAM 0 URAM 0 DISPNAME {bind_op mul}} {BINDTYPE op ID {} IMPL dsp48 LATENCY 3 OPTYPE add PRAGMA {} RTLNAME mac_muladd_16s_10ns_18s_26_4_1_U113 SOURCE /tools/Xilinx/Vitis_HLS/2022.2/common/technology/autopilot/ap_fixed_base.h:1347 VARIABLE add_ln1347_23 LOOP {} BUNDLEDNAME {} DSP 1 BRAM 0 URAM 0 DISPNAME {bind_op add}} {BINDTYPE op ID {} IMPL dsp48 LATENCY 3 OPTYPE sub PRAGMA {} RTLNAME am_submul_16s_16s_16s_26_4_1_U100 SOURCE /tools/Xilinx/Vitis_HLS/2022.2/common/technology/autopilot/ap_fixed_base.h:1348 VARIABLE sub_ln1348_9 LOOP {} BUNDLEDNAME {} DSP 1 BRAM 0 URAM 0 DISPNAME {bind_op sub}} {BINDTYPE op ID {} IMPL dsp48 LATENCY 3 OPTYPE mul PRAGMA {} RTLNAME am_submul_16s_16s_16s_26_4_1_U100 SOURCE /tools/Xilinx/Vitis_HLS/2022.2/common/technology/autopilot/ap_fixed_base.h:818 VARIABLE mul_ln818_10 LOOP {} BUNDLEDNAME {} DSP 1 BRAM 0 URAM 0 DISPNAME {bind_op mul}} {BINDTYPE op ID {} IMPL dsp48 LATENCY 3 OPTYPE mul PRAGMA {} RTLNAME mac_muladd_16s_11ns_16ns_26_4_1_U114 SOURCE /tools/Xilinx/Vitis_HLS/2022.2/common/technology/autopilot/ap_fixed_base.h:837 VARIABLE mul_ln837_6 LOOP {} BUNDLEDNAME {} DSP 1 BRAM 0 URAM 0 DISPNAME {bind_op mul}} {BINDTYPE op ID {} IMPL dsp48 LATENCY 3 OPTYPE add PRAGMA {} RTLNAME mac_muladd_16s_11ns_16ns_26_4_1_U114 SOURCE /tools/Xilinx/Vitis_HLS/2022.2/common/technology/autopilot/ap_fixed_base.h:1347 VARIABLE add_ln1347_24 LOOP {} BUNDLEDNAME {} DSP 1 BRAM 0 URAM 0 DISPNAME {bind_op add}} {BINDTYPE op ID {} IMPL dsp48 LATENCY 3 OPTYPE sub PRAGMA {} RTLNAME am_submul_16s_16s_16s_26_4_1_U101 SOURCE /tools/Xilinx/Vitis_HLS/2022.2/common/technology/autopilot/ap_fixed_base.h:1348 VARIABLE sub_ln1348_10 LOOP {} BUNDLEDNAME {} DSP 1 BRAM 0 URAM 0 DISPNAME {bind_op sub}} {BINDTYPE op ID {} IMPL dsp48 LATENCY 3 OPTYPE mul PRAGMA {} RTLNAME am_submul_16s_16s_16s_26_4_1_U101 SOURCE /tools/Xilinx/Vitis_HLS/2022.2/common/technology/autopilot/ap_fixed_base.h:818 VARIABLE mul_ln818_11 LOOP {} BUNDLEDNAME {} DSP 1 BRAM 0 URAM 0 DISPNAME {bind_op mul}} {BINDTYPE op ID {} IMPL dsp48 LATENCY 3 OPTYPE mul PRAGMA {} RTLNAME mac_muladd_16s_11ns_17s_26_4_1_U115 SOURCE /tools/Xilinx/Vitis_HLS/2022.2/common/technology/autopilot/ap_fixed_base.h:837 VARIABLE mul_ln837_7 LOOP {} BUNDLEDNAME {} DSP 1 BRAM 0 URAM 0 DISPNAME {bind_op mul}} {BINDTYPE op ID {} IMPL dsp48 LATENCY 3 OPTYPE add PRAGMA {} RTLNAME mac_muladd_16s_11ns_17s_26_4_1_U115 SOURCE /tools/Xilinx/Vitis_HLS/2022.2/common/technology/autopilot/ap_fixed_base.h:1347 VARIABLE add_ln1347_25 LOOP {} BUNDLEDNAME {} DSP 1 BRAM 0 URAM 0 DISPNAME {bind_op add}} {BINDTYPE op ID {} IMPL dsp48 LATENCY 3 OPTYPE sub PRAGMA {} RTLNAME am_submul_16s_16s_16s_26_4_1_U102 SOURCE /tools/Xilinx/Vitis_HLS/2022.2/common/technology/autopilot/ap_fixed_base.h:1348 VARIABLE sub_ln1348_11 LOOP {} BUNDLEDNAME {} DSP 1 BRAM 0 URAM 0 DISPNAME {bind_op sub}} {BINDTYPE op ID {} IMPL dsp48 LATENCY 3 OPTYPE mul PRAGMA {} RTLNAME am_submul_16s_16s_16s_26_4_1_U102 SOURCE /tools/Xilinx/Vitis_HLS/2022.2/common/technology/autopilot/ap_fixed_base.h:818 VARIABLE mul_ln818_12 LOOP {} BUNDLEDNAME {} DSP 1 BRAM 0 URAM 0 DISPNAME {bind_op mul}} {BINDTYPE op ID {} IMPL dsp48 LATENCY 3 OPTYPE mul PRAGMA {} RTLNAME mac_muladd_16s_11ns_15ns_26_4_1_U116 SOURCE /tools/Xilinx/Vitis_HLS/2022.2/common/technology/autopilot/ap_fixed_base.h:837 VARIABLE mul_ln837_8 LOOP {} BUNDLEDNAME {} DSP 1 BRAM 0 URAM 0 DISPNAME {bind_op mul}} {BINDTYPE op ID {} IMPL dsp48 LATENCY 3 OPTYPE add PRAGMA {} RTLNAME mac_muladd_16s_11ns_15ns_26_4_1_U116 SOURCE /tools/Xilinx/Vitis_HLS/2022.2/common/technology/autopilot/ap_fixed_base.h:1347 VARIABLE add_ln1347_26 LOOP {} BUNDLEDNAME {} DSP 1 BRAM 0 URAM 0 DISPNAME {bind_op add}} {BINDTYPE op ID {} IMPL dsp48 LATENCY 3 OPTYPE sub PRAGMA {} RTLNAME am_submul_16s_16s_16s_26_4_1_U106 SOURCE /tools/Xilinx/Vitis_HLS/2022.2/common/technology/autopilot/ap_fixed_base.h:1348 VARIABLE sub_ln1348_12 LOOP {} BUNDLEDNAME {} DSP 1 BRAM 0 URAM 0 DISPNAME {bind_op sub}} {BINDTYPE op ID {} IMPL dsp48 LATENCY 3 OPTYPE mul PRAGMA {} RTLNAME am_submul_16s_16s_16s_26_4_1_U106 SOURCE /tools/Xilinx/Vitis_HLS/2022.2/common/technology/autopilot/ap_fixed_base.h:818 VARIABLE mul_ln818_13 LOOP {} BUNDLEDNAME {} DSP 1 BRAM 0 URAM 0 DISPNAME {bind_op mul}} {BINDTYPE op ID {} IMPL dsp48 LATENCY 3 OPTYPE mul PRAGMA {} RTLNAME mac_muladd_16s_10ns_16s_26_4_1_U117 SOURCE /tools/Xilinx/Vitis_HLS/2022.2/common/technology/autopilot/ap_fixed_base.h:813 VARIABLE mul_ln813_3 LOOP {} BUNDLEDNAME {} DSP 1 BRAM 0 URAM 0 DISPNAME {bind_op mul}} {BINDTYPE op ID {} IMPL dsp48 LATENCY 3 OPTYPE add PRAGMA {} RTLNAME mac_muladd_16s_10ns_16s_26_4_1_U117 SOURCE /tools/Xilinx/Vitis_HLS/2022.2/common/technology/autopilot/ap_fixed_base.h:1347 VARIABLE add_ln1347_27 LOOP {} BUNDLEDNAME {} DSP 1 BRAM 0 URAM 0 DISPNAME {bind_op add}} {BINDTYPE op ID {} IMPL dsp48 LATENCY 3 OPTYPE sub PRAGMA {} RTLNAME am_submul_16s_16s_16s_26_4_1_U107 SOURCE /tools/Xilinx/Vitis_HLS/2022.2/common/technology/autopilot/ap_fixed_base.h:1348 VARIABLE sub_ln1348_13 LOOP {} BUNDLEDNAME {} DSP 1 BRAM 0 URAM 0 DISPNAME {bind_op sub}} {BINDTYPE op ID {} IMPL dsp48 LATENCY 3 OPTYPE mul PRAGMA {} RTLNAME am_submul_16s_16s_16s_26_4_1_U107 SOURCE /tools/Xilinx/Vitis_HLS/2022.2/common/technology/autopilot/ap_fixed_base.h:818 VARIABLE mul_ln818_14 LOOP {} BUNDLEDNAME {} DSP 1 BRAM 0 URAM 0 DISPNAME {bind_op mul}} {BINDTYPE op ID {} IMPL dsp48 LATENCY 3 OPTYPE mul PRAGMA {} RTLNAME mac_muladd_16s_11ns_15ns_26_4_1_U118 SOURCE /tools/Xilinx/Vitis_HLS/2022.2/common/technology/autopilot/ap_fixed_base.h:837 VARIABLE mul_ln837_9 LOOP {} BUNDLEDNAME {} DSP 1 BRAM 0 URAM 0 DISPNAME {bind_op mul}} {BINDTYPE op ID {} IMPL dsp48 LATENCY 3 OPTYPE add PRAGMA {} RTLNAME mac_muladd_16s_11ns_15ns_26_4_1_U118 SOURCE /tools/Xilinx/Vitis_HLS/2022.2/common/technology/autopilot/ap_fixed_base.h:1347 VARIABLE add_ln1347_28 LOOP {} BUNDLEDNAME {} DSP 1 BRAM 0 URAM 0 DISPNAME {bind_op add}} {BINDTYPE op ID {} IMPL dsp48 LATENCY 3 OPTYPE sub PRAGMA {} RTLNAME am_submul_16s_16s_16s_26_4_1_U108 SOURCE /tools/Xilinx/Vitis_HLS/2022.2/common/technology/autopilot/ap_fixed_base.h:1348 VARIABLE sub_ln1348_14 LOOP {} BUNDLEDNAME {} DSP 1 BRAM 0 URAM 0 DISPNAME {bind_op sub}} {BINDTYPE op ID {} IMPL dsp48 LATENCY 3 OPTYPE mul PRAGMA {} RTLNAME am_submul_16s_16s_16s_26_4_1_U108 SOURCE /tools/Xilinx/Vitis_HLS/2022.2/common/technology/autopilot/ap_fixed_base.h:818 VARIABLE mul_ln818_15 LOOP {} BUNDLEDNAME {} DSP 1 BRAM 0 URAM 0 DISPNAME {bind_op mul}} {BINDTYPE op ID {} IMPL dsp48 LATENCY 3 OPTYPE mul PRAGMA {} RTLNAME mac_muladd_16s_11ns_17s_26_4_1_U119 SOURCE /tools/Xilinx/Vitis_HLS/2022.2/common/technology/autopilot/ap_fixed_base.h:837 VARIABLE mul_ln837_10 LOOP {} BUNDLEDNAME {} DSP 1 BRAM 0 URAM 0 DISPNAME {bind_op mul}} {BINDTYPE op ID {} IMPL dsp48 LATENCY 3 OPTYPE add PRAGMA {} RTLNAME mac_muladd_16s_11ns_17s_26_4_1_U119 SOURCE /tools/Xilinx/Vitis_HLS/2022.2/common/technology/autopilot/ap_fixed_base.h:1347 VARIABLE add_ln1347_29 LOOP {} BUNDLEDNAME {} DSP 1 BRAM 0 URAM 0 DISPNAME {bind_op add}} {BINDTYPE op ID {} IMPL dsp48 LATENCY 3 OPTYPE sub PRAGMA {} RTLNAME am_submul_16s_16s_16s_26_4_1_U112 SOURCE /tools/Xilinx/Vitis_HLS/2022.2/common/technology/autopilot/ap_fixed_base.h:1348 VARIABLE sub_ln1348_15 LOOP {} BUNDLEDNAME {} DSP 1 BRAM 0 URAM 0 DISPNAME {bind_op sub}} {BINDTYPE op ID {} IMPL dsp48 LATENCY 3 OPTYPE mul PRAGMA {} RTLNAME am_submul_16s_16s_16s_26_4_1_U112 SOURCE /tools/Xilinx/Vitis_HLS/2022.2/common/technology/autopilot/ap_fixed_base.h:818 VARIABLE mul_ln818_16 LOOP {} BUNDLEDNAME {} DSP 1 BRAM 0 URAM 0 DISPNAME {bind_op mul}} {BINDTYPE op ID {} IMPL dsp48 LATENCY 3 OPTYPE mul PRAGMA {} RTLNAME mac_muladd_16s_11ns_18s_26_4_1_U120 SOURCE /tools/Xilinx/Vitis_HLS/2022.2/common/technology/autopilot/ap_fixed_base.h:837 VARIABLE mul_ln837_11 LOOP {} BUNDLEDNAME {} DSP 1 BRAM 0 URAM 0 DISPNAME {bind_op mul}} {BINDTYPE op ID {} IMPL dsp48 LATENCY 3 OPTYPE add PRAGMA {} RTLNAME mac_muladd_16s_11ns_18s_26_4_1_U120 SOURCE /tools/Xilinx/Vitis_HLS/2022.2/common/technology/autopilot/ap_fixed_base.h:1347 VARIABLE add_ln1347_30 LOOP {} BUNDLEDNAME {} DSP 1 BRAM 0 URAM 0 DISPNAME {bind_op add}}} AREA {DSP 50 BRAM 0 URAM 0}} q16_qksv3_s10_Pipeline_VITIS_LOOP_243_4 {BINDINFO {{BINDTYPE op ID {} IMPL fabric LATENCY 0 OPTYPE add PRAGMA {} RTLNAME add_ln243_fu_177_p2 SOURCE /home/cym/prj2/finn/notebooks/icl_thesis-master/experiments/qks_v3_s0_s10_s20_s30_exploratory_hls/q16_qksv3_s10/src/q16_qksv3_s10.cpp:243 VARIABLE add_ln243 LOOP VITIS_LOOP_243_4 BUNDLEDNAME {} DSP 0 BRAM 0 URAM 0 DISPNAME {bind_op add}}} AREA {DSP 50 BRAM 0 URAM 0}} q16_qksv3_s10_Pipeline_VITIS_LOOP_178_3 {BINDINFO {{BINDTYPE op ID {} IMPL fabric LATENCY 0 OPTYPE add PRAGMA {} RTLNAME add_ln178_fu_155_p2 SOURCE /home/cym/prj2/finn/notebooks/icl_thesis-master/experiments/qks_v3_s0_s10_s20_s30_exploratory_hls/q16_qksv3_s10/src/q16_qksv3_s10.cpp:178 VARIABLE add_ln178 LOOP VITIS_LOOP_178_3 BUNDLEDNAME {} DSP 0 BRAM 0 URAM 0 DISPNAME {bind_op add}} {BINDTYPE op ID {} IMPL fabric LATENCY 0 OPTYPE add PRAGMA {} RTLNAME add_ln1271_fu_165_p2 SOURCE /tools/Xilinx/Vitis_HLS/2022.2/common/technology/autopilot/ap_fixed_base.h:1271 VARIABLE add_ln1271 LOOP VITIS_LOOP_178_3 BUNDLEDNAME {} DSP 0 BRAM 0 URAM 0 DISPNAME {bind_op add}} {BINDTYPE op ID {} IMPL fabric LATENCY 0 OPTYPE add PRAGMA {} RTLNAME add_ln180_fu_180_p2 SOURCE /home/cym/prj2/finn/notebooks/icl_thesis-master/experiments/qks_v3_s0_s10_s20_s30_exploratory_hls/q16_qksv3_s10/src/q16_qksv3_s10.cpp:180 VARIABLE add_ln180 LOOP VITIS_LOOP_178_3 BUNDLEDNAME {} DSP 0 BRAM 0 URAM 0 DISPNAME {bind_op add}} {BINDTYPE op ID {} IMPL dsp48 LATENCY 3 OPTYPE mul PRAGMA {} RTLNAME mul_mul_11s_16s_27_4_1_U169 SOURCE /tools/Xilinx/Vitis_HLS/2022.2/common/technology/autopilot/ap_fixed_base.h:1273 VARIABLE r_V_6 LOOP VITIS_LOOP_178_3 BUNDLEDNAME {} DSP 1 BRAM 0 URAM 0 DISPNAME {bind_op mul}} {BINDTYPE op ID {} IMPL fabric LATENCY 0 OPTYPE add PRAGMA {} RTLNAME ret_V_fu_233_p2 SOURCE /tools/Xilinx/Vitis_HLS/2022.2/common/technology/autopilot/ap_fixed_base.h:1347 VARIABLE ret_V LOOP VITIS_LOOP_178_3 BUNDLEDNAME {} DSP 0 BRAM 0 URAM 0 DISPNAME {bind_op add}} {BINDTYPE op ID {} IMPL fabric LATENCY 0 OPTYPE add PRAGMA {} RTLNAME add_ln1347_2_fu_239_p2 SOURCE /tools/Xilinx/Vitis_HLS/2022.2/common/technology/autopilot/ap_fixed_base.h:1347 VARIABLE add_ln1347_2 LOOP VITIS_LOOP_178_3 BUNDLEDNAME {} DSP 0 BRAM 0 URAM 0 DISPNAME {bind_op add}} {BINDTYPE storage ID {} IMPL auto LATENCY 1 OPTYPE rom_1p PRAGMA {} RTLNAME layers_0_feedforward_0_weight_V_U SOURCE {} VARIABLE layers_0_feedforward_0_weight_V LOOP {} BUNDLEDNAME {} DSP 0 BRAM 1 URAM 0 DISPNAME {bind_storage rom_1p}}} AREA {DSP 1 BRAM 1 URAM 0}} q16_qksv3_s10_Pipeline_VITIS_LOOP_189_5 {BINDINFO {{BINDTYPE op ID {} IMPL fabric LATENCY 0 OPTYPE add PRAGMA {} RTLNAME add_ln189_fu_150_p2 SOURCE /home/cym/prj2/finn/notebooks/icl_thesis-master/experiments/qks_v3_s0_s10_s20_s30_exploratory_hls/q16_qksv3_s10/src/q16_qksv3_s10.cpp:189 VARIABLE add_ln189 LOOP VITIS_LOOP_189_5 BUNDLEDNAME {} DSP 0 BRAM 0 URAM 0 DISPNAME {bind_op add}} {BINDTYPE op ID {} IMPL fabric LATENCY 0 OPTYPE add PRAGMA {} RTLNAME add_ln191_fu_165_p2 SOURCE /home/cym/prj2/finn/notebooks/icl_thesis-master/experiments/qks_v3_s0_s10_s20_s30_exploratory_hls/q16_qksv3_s10/src/q16_qksv3_s10.cpp:191 VARIABLE add_ln191 LOOP VITIS_LOOP_189_5 BUNDLEDNAME {} DSP 0 BRAM 0 URAM 0 DISPNAME {bind_op add}} {BINDTYPE op ID {} IMPL dsp48 LATENCY 3 OPTYPE mul PRAGMA {} RTLNAME mul_mul_10s_15ns_25_4_1_U176 SOURCE /tools/Xilinx/Vitis_HLS/2022.2/common/technology/autopilot/ap_fixed_base.h:1273 VARIABLE r_V_4 LOOP VITIS_LOOP_189_5 BUNDLEDNAME {} DSP 1 BRAM 0 URAM 0 DISPNAME {bind_op mul}} {BINDTYPE op ID {} IMPL fabric LATENCY 0 OPTYPE add PRAGMA {} RTLNAME ret_V_fu_224_p2 SOURCE /tools/Xilinx/Vitis_HLS/2022.2/common/technology/autopilot/ap_fixed_base.h:1347 VARIABLE ret_V LOOP VITIS_LOOP_189_5 BUNDLEDNAME {} DSP 0 BRAM 0 URAM 0 DISPNAME {bind_op add}} {BINDTYPE op ID {} IMPL fabric LATENCY 0 OPTYPE add PRAGMA {} RTLNAME add_ln1347_2_fu_230_p2 SOURCE /tools/Xilinx/Vitis_HLS/2022.2/common/technology/autopilot/ap_fixed_base.h:1347 VARIABLE add_ln1347_2 LOOP VITIS_LOOP_189_5 BUNDLEDNAME {} DSP 0 BRAM 0 URAM 0 DISPNAME {bind_op add}} {BINDTYPE storage ID {} IMPL auto LATENCY 1 OPTYPE rom_1p PRAGMA {} RTLNAME layers_0_feedforward_3_weight_V_U SOURCE {} VARIABLE layers_0_feedforward_3_weight_V LOOP {} BUNDLEDNAME {} DSP 0 BRAM 1 URAM 0 DISPNAME {bind_storage rom_1p}}} AREA {DSP 1 BRAM 1 URAM 0}} q16_qksv3_s10_Pipeline_VITIS_LOOP_196_6 {BINDINFO {{BINDTYPE op ID {} IMPL fabric LATENCY 0 OPTYPE add PRAGMA {} RTLNAME add_ln196_fu_88_p2 SOURCE /home/cym/prj2/finn/notebooks/icl_thesis-master/experiments/qks_v3_s0_s10_s20_s30_exploratory_hls/q16_qksv3_s10/src/q16_qksv3_s10.cpp:196 VARIABLE add_ln196 LOOP VITIS_LOOP_196_6 BUNDLEDNAME {} DSP 0 BRAM 0 URAM 0 DISPNAME {bind_op add}} {BINDTYPE op ID {} IMPL fabric LATENCY 0 OPTYPE add PRAGMA {} RTLNAME add_ln813_fu_103_p2 SOURCE /tools/Xilinx/Vitis_HLS/2022.2/common/technology/autopilot/ap_fixed_base.h:813 VARIABLE add_ln813 LOOP VITIS_LOOP_196_6 BUNDLEDNAME {} DSP 0 BRAM 0 URAM 0 DISPNAME {bind_op add}} {BINDTYPE op ID {} IMPL fabric LATENCY 0 OPTYPE add PRAGMA {} RTLNAME add_ln813_1_fu_119_p2 SOURCE /tools/Xilinx/Vitis_HLS/2022.2/common/technology/autopilot/ap_fixed_base.h:813 VARIABLE add_ln813_1 LOOP VITIS_LOOP_196_6 BUNDLEDNAME {} DSP 0 BRAM 0 URAM 0 DISPNAME {bind_op add}}} AREA {DSP 0 BRAM 0 URAM 0}} q16_qksv3_s10_Pipeline_VITIS_LOOP_256_5 {BINDINFO {{BINDTYPE op ID {} IMPL fabric LATENCY 0 OPTYPE add PRAGMA {} RTLNAME add_ln256_fu_181_p2 SOURCE /home/cym/prj2/finn/notebooks/icl_thesis-master/experiments/qks_v3_s0_s10_s20_s30_exploratory_hls/q16_qksv3_s10/src/q16_qksv3_s10.cpp:256 VARIABLE add_ln256 LOOP VITIS_LOOP_256_5 BUNDLEDNAME {} DSP 0 BRAM 0 URAM 0 DISPNAME {bind_op add}}} AREA {DSP 50 BRAM 0 URAM 0}} q16_qksv3_s10_Pipeline_VITIS_LOOP_261_6_VITIS_LOOP_263_7 {BINDINFO {{BINDTYPE op ID {} IMPL fabric LATENCY 0 OPTYPE add PRAGMA {} RTLNAME add_ln261_1_fu_145_p2 SOURCE /home/cym/prj2/finn/notebooks/icl_thesis-master/experiments/qks_v3_s0_s10_s20_s30_exploratory_hls/q16_qksv3_s10/src/q16_qksv3_s10.cpp:261 VARIABLE add_ln261_1 LOOP VITIS_LOOP_261_6_VITIS_LOOP_263_7 BUNDLEDNAME {} DSP 0 BRAM 0 URAM 0 DISPNAME {bind_op add}} {BINDTYPE op ID {} IMPL fabric LATENCY 0 OPTYPE add PRAGMA {} RTLNAME add_ln261_fu_157_p2 SOURCE /home/cym/prj2/finn/notebooks/icl_thesis-master/experiments/qks_v3_s0_s10_s20_s30_exploratory_hls/q16_qksv3_s10/src/q16_qksv3_s10.cpp:261 VARIABLE add_ln261 LOOP VITIS_LOOP_261_6_VITIS_LOOP_263_7 BUNDLEDNAME {} DSP 0 BRAM 0 URAM 0 DISPNAME {bind_op add}} {BINDTYPE op ID {} IMPL fabric LATENCY 0 OPTYPE add PRAGMA {} RTLNAME add_ln837_fu_222_p2 SOURCE /tools/Xilinx/Vitis_HLS/2022.2/common/technology/autopilot/ap_fixed_base.h:837 VARIABLE add_ln837 LOOP VITIS_LOOP_261_6_VITIS_LOOP_263_7 BUNDLEDNAME {} DSP 0 BRAM 0 URAM 0 DISPNAME {bind_op add}} {BINDTYPE op ID {} IMPL fabric LATENCY 0 OPTYPE add PRAGMA {} RTLNAME sum_V_1_fu_255_p2 SOURCE /tools/Xilinx/Vitis_HLS/2022.2/common/technology/autopilot/ap_fixed_base.h:813 VARIABLE sum_V_1 LOOP VITIS_LOOP_261_6_VITIS_LOOP_263_7 BUNDLEDNAME {} DSP 0 BRAM 0 URAM 0 DISPNAME {bind_op add}} {BINDTYPE op ID {} IMPL fabric LATENCY 0 OPTYPE add PRAGMA {} RTLNAME add_ln263_fu_185_p2 SOURCE /home/cym/prj2/finn/notebooks/icl_thesis-master/experiments/qks_v3_s0_s10_s20_s30_exploratory_hls/q16_qksv3_s10/src/q16_qksv3_s10.cpp:263 VARIABLE add_ln263 LOOP VITIS_LOOP_261_6_VITIS_LOOP_263_7 BUNDLEDNAME {} DSP 0 BRAM 0 URAM 0 DISPNAME {bind_op add}} {BINDTYPE op ID {} IMPL auto LATENCY 1 OPTYPE mul PRAGMA {} RTLNAME mul_34s_36ns_69_2_1_U188 SOURCE /tools/Xilinx/Vitis_HLS/2022.2/common/technology/autopilot/ap_fixed_base.h:1303 VARIABLE mul_ln1303 LOOP VITIS_LOOP_261_6_VITIS_LOOP_263_7 BUNDLEDNAME {} DSP 4 BRAM 0 URAM 0 DISPNAME {bind_op mul}} {BINDTYPE op ID {} IMPL fabric LATENCY 0 OPTYPE sub PRAGMA {} RTLNAME sub_ln1303_fu_300_p2 SOURCE /tools/Xilinx/Vitis_HLS/2022.2/common/technology/autopilot/ap_fixed_base.h:1303 VARIABLE sub_ln1303 LOOP VITIS_LOOP_261_6_VITIS_LOOP_263_7 BUNDLEDNAME {} DSP 0 BRAM 0 URAM 0 DISPNAME {bind_op sub}} {BINDTYPE op ID {} IMPL fabric LATENCY 0 OPTYPE sub PRAGMA {} RTLNAME sub_ln1303_1_fu_325_p2 SOURCE /tools/Xilinx/Vitis_HLS/2022.2/common/technology/autopilot/ap_fixed_base.h:1303 VARIABLE sub_ln1303_1 LOOP VITIS_LOOP_261_6_VITIS_LOOP_263_7 BUNDLEDNAME {} DSP 0 BRAM 0 URAM 0 DISPNAME {bind_op sub}}} AREA {DSP 4 BRAM 0 URAM 0}} layer_norm_Pipeline_VITIS_LOOP_36_1 {BINDINFO {{BINDTYPE op ID {} IMPL fabric LATENCY 0 OPTYPE add PRAGMA {} RTLNAME add_ln36_fu_85_p2 SOURCE /home/cym/prj2/finn/notebooks/icl_thesis-master/experiments/qks_v3_s0_s10_s20_s30_exploratory_hls/q16_qksv3_s10/src/q16_qksv3_s10.cpp:36 VARIABLE add_ln36 LOOP VITIS_LOOP_36_1 BUNDLEDNAME {} DSP 0 BRAM 0 URAM 0 DISPNAME {bind_op add}} {BINDTYPE op ID {} IMPL fabric LATENCY 0 OPTYPE add PRAGMA {} RTLNAME sum_V_6_fu_116_p2 SOURCE /tools/Xilinx/Vitis_HLS/2022.2/common/technology/autopilot/ap_fixed_base.h:813 VARIABLE sum_V_6 LOOP VITIS_LOOP_36_1 BUNDLEDNAME {} DSP 0 BRAM 0 URAM 0 DISPNAME {bind_op add}}} AREA {DSP 0 BRAM 0 URAM 0}} layer_norm_Pipeline_VITIS_LOOP_40_2 {BINDINFO {{BINDTYPE op ID {} IMPL fabric LATENCY 0 OPTYPE add PRAGMA {} RTLNAME add_ln40_fu_101_p2 SOURCE /home/cym/prj2/finn/notebooks/icl_thesis-master/experiments/qks_v3_s0_s10_s20_s30_exploratory_hls/q16_qksv3_s10/src/q16_qksv3_s10.cpp:40 VARIABLE add_ln40 LOOP VITIS_LOOP_40_2 BUNDLEDNAME {} DSP 0 BRAM 0 URAM 0 DISPNAME {bind_op add}} {BINDTYPE op ID {} IMPL fabric LATENCY 0 OPTYPE sub PRAGMA {} RTLNAME diff_fu_117_p2 SOURCE /tools/Xilinx/Vitis_HLS/2022.2/common/technology/autopilot/ap_fixed_base.h:813 VARIABLE diff LOOP VITIS_LOOP_40_2 BUNDLEDNAME {} DSP 0 BRAM 0 URAM 0 DISPNAME {bind_op sub}} {BINDTYPE op ID {} IMPL dsp48 LATENCY 3 OPTYPE mul PRAGMA {} RTLNAME mac_muladd_16s_16s_30ns_30_4_1_U194 SOURCE /tools/Xilinx/Vitis_HLS/2022.2/common/technology/autopilot/ap_fixed_base.h:1347 VARIABLE mul_ln1347 LOOP VITIS_LOOP_40_2 BUNDLEDNAME {} DSP 1 BRAM 0 URAM 0 DISPNAME {bind_op mul}} {BINDTYPE op ID {} IMPL dsp48 LATENCY 3 OPTYPE add PRAGMA {} RTLNAME mac_muladd_16s_16s_30ns_30_4_1_U194 SOURCE /tools/Xilinx/Vitis_HLS/2022.2/common/technology/autopilot/ap_fixed_base.h:1347 VARIABLE ret_V LOOP VITIS_LOOP_40_2 BUNDLEDNAME {} DSP 1 BRAM 0 URAM 0 DISPNAME {bind_op add}}} AREA {DSP 1 BRAM 0 URAM 0}} layer_norm_Pipeline_VITIS_LOOP_47_3 {BINDINFO {{BINDTYPE op ID {} IMPL fabric LATENCY 0 OPTYPE add PRAGMA {} RTLNAME add_ln47_fu_129_p2 SOURCE /home/cym/prj2/finn/notebooks/icl_thesis-master/experiments/qks_v3_s0_s10_s20_s30_exploratory_hls/q16_qksv3_s10/src/q16_qksv3_s10.cpp:47 VARIABLE add_ln47 LOOP VITIS_LOOP_47_3 BUNDLEDNAME {} DSP 0 BRAM 0 URAM 0 DISPNAME {bind_op add}} {BINDTYPE op ID {} IMPL dsp48 LATENCY 3 OPTYPE sub PRAGMA {} RTLNAME am_submul_16s_16s_16s_26_4_1_U198 SOURCE /tools/Xilinx/Vitis_HLS/2022.2/common/technology/autopilot/ap_fixed_base.h:1348 VARIABLE ret_V_33 LOOP VITIS_LOOP_47_3 BUNDLEDNAME {} DSP 1 BRAM 0 URAM 0 DISPNAME {bind_op sub}} {BINDTYPE op ID {} IMPL dsp48 LATENCY 3 OPTYPE mul PRAGMA {} RTLNAME am_submul_16s_16s_16s_26_4_1_U198 SOURCE /tools/Xilinx/Vitis_HLS/2022.2/common/technology/autopilot/ap_fixed_base.h:1270 VARIABLE mul_ln1270 LOOP VITIS_LOOP_47_3 BUNDLEDNAME {} DSP 1 BRAM 0 URAM 0 DISPNAME {bind_op mul}} {BINDTYPE op ID {} IMPL dsp48 LATENCY 3 OPTYPE mul PRAGMA {} RTLNAME mac_muladd_16s_11ns_18s_26_4_1_U199 SOURCE /tools/Xilinx/Vitis_HLS/2022.2/common/technology/autopilot/ap_fixed_base.h:837 VARIABLE mul_ln837 LOOP VITIS_LOOP_47_3 BUNDLEDNAME {} DSP 1 BRAM 0 URAM 0 DISPNAME {bind_op mul}} {BINDTYPE op ID {} IMPL dsp48 LATENCY 3 OPTYPE add PRAGMA {} RTLNAME mac_muladd_16s_11ns_18s_26_4_1_U199 SOURCE /tools/Xilinx/Vitis_HLS/2022.2/common/technology/autopilot/ap_fixed_base.h:1347 VARIABLE ret_V LOOP VITIS_LOOP_47_3 BUNDLEDNAME {} DSP 1 BRAM 0 URAM 0 DISPNAME {bind_op add}} {BINDTYPE storage ID {} IMPL auto LATENCY 1 OPTYPE rom_1p PRAGMA {} RTLNAME output_norm_weight_V_U SOURCE {} VARIABLE output_norm_weight_V LOOP {} BUNDLEDNAME {} DSP 0 BRAM 0 URAM 0 DISPNAME {bind_storage rom_1p}} {BINDTYPE storage ID {} IMPL auto LATENCY 1 OPTYPE rom_1p PRAGMA {} RTLNAME output_norm_bias_V_U SOURCE {} VARIABLE output_norm_bias_V LOOP {} BUNDLEDNAME {} DSP 0 BRAM 0 URAM 0 DISPNAME {bind_storage rom_1p}}} AREA {DSP 2 BRAM 0 URAM 0}} layer_norm {BINDINFO {{BINDTYPE op ID {} IMPL fabric LATENCY 0 OPTYPE sub PRAGMA {} RTLNAME sub_ln1303_fu_208_p2 SOURCE /tools/Xilinx/Vitis_HLS/2022.2/common/technology/autopilot/ap_fixed_base.h:1303 VARIABLE sub_ln1303 LOOP {} BUNDLEDNAME {} DSP 0 BRAM 0 URAM 0 DISPNAME {bind_op sub}} {BINDTYPE op ID {} IMPL fabric LATENCY 0 OPTYPE sub PRAGMA {} RTLNAME sub_ln1303_4_fu_224_p2 SOURCE /tools/Xilinx/Vitis_HLS/2022.2/common/technology/autopilot/ap_fixed_base.h:1303 VARIABLE sub_ln1303_4 LOOP {} BUNDLEDNAME {} DSP 0 BRAM 0 URAM 0 DISPNAME {bind_op sub}} {BINDTYPE op ID {} IMPL fabric LATENCY 0 OPTYPE sub PRAGMA {} RTLNAME sub_ln1303_5_fu_278_p2 SOURCE /tools/Xilinx/Vitis_HLS/2022.2/common/technology/autopilot/ap_fixed_base.h:1303 VARIABLE sub_ln1303_5 LOOP {} BUNDLEDNAME {} DSP 0 BRAM 0 URAM 0 DISPNAME {bind_op sub}} {BINDTYPE op ID {} IMPL fabric LATENCY 0 OPTYPE sub PRAGMA {} RTLNAME sub_ln1303_6_fu_294_p2 SOURCE /tools/Xilinx/Vitis_HLS/2022.2/common/technology/autopilot/ap_fixed_base.h:1303 VARIABLE sub_ln1303_6 LOOP {} BUNDLEDNAME {} DSP 0 BRAM 0 URAM 0 DISPNAME {bind_op sub}} {BINDTYPE op ID {} IMPL fabric LATENCY 0 OPTYPE sub PRAGMA {} RTLNAME tmp_V_fu_341_p2 SOURCE /tools/Xilinx/Vitis_HLS/2022.2/common/technology/autopilot/ap_fixed_base.h:1094 VARIABLE tmp_V LOOP {} BUNDLEDNAME {} DSP 0 BRAM 0 URAM 0 DISPNAME {bind_op sub}} {BINDTYPE op ID {} IMPL fabric LATENCY 0 OPTYPE sub PRAGMA {} RTLNAME sub_ln1099_fu_382_p2 SOURCE /tools/Xilinx/Vitis_HLS/2022.2/common/technology/autopilot/ap_fixed_base.h:1099 VARIABLE sub_ln1099 LOOP {} BUNDLEDNAME {} DSP 0 BRAM 0 URAM 0 DISPNAME {bind_op sub}} {BINDTYPE op ID {} IMPL fabric LATENCY 0 OPTYPE add PRAGMA {} RTLNAME lsb_index_fu_400_p2 SOURCE /tools/Xilinx/Vitis_HLS/2022.2/common/technology/autopilot/ap_fixed_base.h:1099 VARIABLE lsb_index LOOP {} BUNDLEDNAME {} DSP 0 BRAM 0 URAM 0 DISPNAME {bind_op add}} {BINDTYPE op ID {} IMPL fabric LATENCY 0 OPTYPE sub PRAGMA {} RTLNAME sub_ln1102_fu_421_p2 SOURCE /tools/Xilinx/Vitis_HLS/2022.2/common/technology/autopilot/ap_fixed_base.h:1102 VARIABLE sub_ln1102 LOOP {} BUNDLEDNAME {} DSP 0 BRAM 0 URAM 0 DISPNAME {bind_op sub}} {BINDTYPE op ID {} IMPL fabric LATENCY 0 OPTYPE add PRAGMA {} RTLNAME add_ln1104_fu_467_p2 SOURCE /tools/Xilinx/Vitis_HLS/2022.2/common/technology/autopilot/ap_fixed_base.h:1104 VARIABLE add_ln1104 LOOP {} BUNDLEDNAME {} DSP 0 BRAM 0 URAM 0 DISPNAME {bind_op add}} {BINDTYPE op ID {} IMPL fabric LATENCY 0 OPTYPE add PRAGMA {} RTLNAME add_ln1113_fu_508_p2 SOURCE /tools/Xilinx/Vitis_HLS/2022.2/common/technology/autopilot/ap_fixed_base.h:1113 VARIABLE add_ln1113 LOOP {} BUNDLEDNAME {} DSP 0 BRAM 0 URAM 0 DISPNAME {bind_op add}} {BINDTYPE op ID {} IMPL fabric LATENCY 0 OPTYPE sub PRAGMA {} RTLNAME sub_ln1114_fu_523_p2 SOURCE /tools/Xilinx/Vitis_HLS/2022.2/common/technology/autopilot/ap_fixed_base.h:1114 VARIABLE sub_ln1114 LOOP {} BUNDLEDNAME {} DSP 0 BRAM 0 URAM 0 DISPNAME {bind_op sub}} {BINDTYPE op ID {} IMPL fabric LATENCY 0 OPTYPE add PRAGMA {} RTLNAME m_7_fu_548_p2 SOURCE /tools/Xilinx/Vitis_HLS/2022.2/common/technology/autopilot/ap_fixed_base.h:1116 VARIABLE m_7 LOOP {} BUNDLEDNAME {} DSP 0 BRAM 0 URAM 0 DISPNAME {bind_op add}} {BINDTYPE op ID {} IMPL fulldsp LATENCY 4 OPTYPE fadd PRAGMA {} RTLNAME fadd_32ns_32ns_32_5_full_dsp_1_U205 SOURCE /tools/Xilinx/Vitis_HLS/2022.2/common/technology/autopilot/ap_common.h:766 VARIABLE phitmp LOOP {} BUNDLEDNAME {} DSP 2 BRAM 0 URAM 0 DISPNAME {bind_op fadd}} {BINDTYPE op ID {} IMPL fabric LATENCY 15 OPTYPE fsqrt PRAGMA {} RTLNAME fsqrt_32ns_32ns_32_16_no_dsp_1_U208 SOURCE /home/cym/prj2/finn/notebooks/icl_thesis-master/experiments/qks_v3_s0_s10_s20_s30_exploratory_hls/q16_qksv3_s10/src/q16_qksv3_s10.cpp:45 VARIABLE tmp LOOP {} BUNDLEDNAME {} DSP 0 BRAM 0 URAM 0 DISPNAME {bind_op fsqrt}} {BINDTYPE op ID {} IMPL fabric LATENCY 0 OPTYPE sub PRAGMA {} RTLNAME man_V_3_fu_677_p2 SOURCE /tools/Xilinx/Vitis_HLS/2022.2/common/technology/autopilot/ap_int_base.h:455 VARIABLE man_V_3 LOOP {} BUNDLEDNAME {} DSP 0 BRAM 0 URAM 0 DISPNAME {bind_op sub}} {BINDTYPE op ID {} IMPL fabric LATENCY 0 OPTYPE sub PRAGMA {} RTLNAME F2_fu_690_p2 SOURCE /tools/Xilinx/Vitis_HLS/2022.2/common/technology/autopilot/ap_fixed_base.h:564 VARIABLE F2 LOOP {} BUNDLEDNAME {} DSP 0 BRAM 0 URAM 0 DISPNAME {bind_op sub}} {BINDTYPE op ID {} IMPL fabric LATENCY 0 OPTYPE add PRAGMA {} RTLNAME add_ln570_fu_702_p2 SOURCE /tools/Xilinx/Vitis_HLS/2022.2/common/technology/autopilot/ap_fixed_base.h:570 VARIABLE add_ln570 LOOP {} BUNDLEDNAME {} DSP 0 BRAM 0 URAM 0 DISPNAME {bind_op add}} {BINDTYPE op ID {} IMPL fabric LATENCY 0 OPTYPE sub PRAGMA {} RTLNAME sub_ln570_fu_708_p2 SOURCE /tools/Xilinx/Vitis_HLS/2022.2/common/technology/autopilot/ap_fixed_base.h:570 VARIABLE sub_ln570 LOOP {} BUNDLEDNAME {} DSP 0 BRAM 0 URAM 0 DISPNAME {bind_op sub}}} AREA {DSP 5 BRAM 0 URAM 0}} q16_qksv3_s10 {BINDINFO {{BINDTYPE storage ID {} IMPL auto LATENCY 1 OPTYPE ram_1p PRAGMA {} RTLNAME hidden_V_U SOURCE /home/cym/prj2/finn/notebooks/icl_thesis-master/experiments/qks_v3_s0_s10_s20_s30_exploratory_hls/q16_qksv3_s10/src/q16_qksv3_s10.cpp:175 VARIABLE hidden_V LOOP {} BUNDLEDNAME {} DSP 0 BRAM 0 URAM 0 DISPNAME {bind_storage ram_1p}} {BINDTYPE storage ID {} IMPL auto LATENCY 1 OPTYPE ram_1p PRAGMA {} RTLNAME ff_out_V_U SOURCE /home/cym/prj2/finn/notebooks/icl_thesis-master/experiments/qks_v3_s0_s10_s20_s30_exploratory_hls/q16_qksv3_s10/src/q16_qksv3_s10.cpp:186 VARIABLE ff_out_V LOOP {} BUNDLEDNAME {} DSP 0 BRAM 0 URAM 0 DISPNAME {bind_storage ram_1p}} {BINDTYPE storage ID {} IMPL auto LATENCY 1 OPTYPE ram_t2p PRAGMA {} RTLNAME x_V_U SOURCE /home/cym/prj2/finn/notebooks/icl_thesis-master/experiments/qks_v3_s0_s10_s20_s30_exploratory_hls/q16_qksv3_s10/src/q16_qksv3_s10.cpp:218 VARIABLE x_V LOOP {} BUNDLEDNAME {} DSP 0 BRAM 1 URAM 0 DISPNAME {bind_storage ram_t2p}} {BINDTYPE storage ID {} IMPL auto LATENCY 1 OPTYPE ram_s2p PRAGMA {} RTLNAME pooled_V_U SOURCE /home/cym/prj2/finn/notebooks/icl_thesis-master/experiments/qks_v3_s0_s10_s20_s30_exploratory_hls/q16_qksv3_s10/src/q16_qksv3_s10.cpp:260 VARIABLE pooled_V LOOP {} BUNDLEDNAME {} DSP 0 BRAM 0 URAM 0 DISPNAME {bind_storage ram_s2p}} {BINDTYPE op ID {} IMPL fabric LATENCY 0 OPTYPE add PRAGMA {} RTLNAME add_ln219_fu_753_p2 SOURCE /home/cym/prj2/finn/notebooks/icl_thesis-master/experiments/qks_v3_s0_s10_s20_s30_exploratory_hls/q16_qksv3_s10/src/q16_qksv3_s10.cpp:219 VARIABLE add_ln219 LOOP VITIS_LOOP_219_1 BUNDLEDNAME {} DSP 0 BRAM 0 URAM 0 DISPNAME {bind_op add}} {BINDTYPE op ID {} IMPL fabric LATENCY 0 OPTYPE add PRAGMA {} RTLNAME empty_74_fu_771_p2 SOURCE /home/cym/prj2/finn/notebooks/icl_thesis-master/experiments/qks_v3_s0_s10_s20_s30_exploratory_hls/q16_qksv3_s10/src/q16_qksv3_s10.cpp:219 VARIABLE empty_74 LOOP VITIS_LOOP_219_1 BUNDLEDNAME {} DSP 0 BRAM 0 URAM 0 DISPNAME {bind_op add}} {BINDTYPE op ID {} IMPL fabric LATENCY 0 OPTYPE add PRAGMA {} RTLNAME add_ln220_fu_819_p2 SOURCE /home/cym/prj2/finn/notebooks/icl_thesis-master/experiments/qks_v3_s0_s10_s20_s30_exploratory_hls/q16_qksv3_s10/src/q16_qksv3_s10.cpp:220 VARIABLE add_ln220 LOOP VITIS_LOOP_220_2 BUNDLEDNAME {} DSP 0 BRAM 0 URAM 0 DISPNAME {bind_op add}} {BINDTYPE op ID {} IMPL fabric LATENCY 0 OPTYPE add PRAGMA {} RTLNAME add_ln227_fu_838_p2 SOURCE /home/cym/prj2/finn/notebooks/icl_thesis-master/experiments/qks_v3_s0_s10_s20_s30_exploratory_hls/q16_qksv3_s10/src/q16_qksv3_s10.cpp:227 VARIABLE add_ln227 LOOP VITIS_LOOP_220_2 BUNDLEDNAME {} DSP 0 BRAM 0 URAM 0 DISPNAME {bind_op add}} {BINDTYPE op ID {} IMPL fabric LATENCY 0 OPTYPE add PRAGMA {} RTLNAME add_ln228_fu_847_p2 SOURCE /home/cym/prj2/finn/notebooks/icl_thesis-master/experiments/qks_v3_s0_s10_s20_s30_exploratory_hls/q16_qksv3_s10/src/q16_qksv3_s10.cpp:228 VARIABLE add_ln228 LOOP VITIS_LOOP_220_2 BUNDLEDNAME {} DSP 0 BRAM 0 URAM 0 DISPNAME {bind_op add}} {BINDTYPE op ID {} IMPL fabric LATENCY 0 OPTYPE add PRAGMA {} RTLNAME add_ln174_fu_883_p2 SOURCE /home/cym/prj2/finn/notebooks/icl_thesis-master/experiments/qks_v3_s0_s10_s20_s30_exploratory_hls/q16_qksv3_s10/src/q16_qksv3_s10.cpp:174 VARIABLE add_ln174 LOOP VITIS_LOOP_174_1 BUNDLEDNAME {} DSP 0 BRAM 0 URAM 0 DISPNAME {bind_op add}} {BINDTYPE op ID {} IMPL fabric LATENCY 0 OPTYPE add PRAGMA {} RTLNAME add_ln176_fu_922_p2 SOURCE /home/cym/prj2/finn/notebooks/icl_thesis-master/experiments/qks_v3_s0_s10_s20_s30_exploratory_hls/q16_qksv3_s10/src/q16_qksv3_s10.cpp:176 VARIABLE add_ln176 LOOP VITIS_LOOP_176_2 BUNDLEDNAME {} DSP 0 BRAM 0 URAM 0 DISPNAME {bind_op add}} {BINDTYPE op ID {} IMPL fabric LATENCY 0 OPTYPE add PRAGMA {} RTLNAME add_ln187_fu_983_p2 SOURCE /home/cym/prj2/finn/notebooks/icl_thesis-master/experiments/qks_v3_s0_s10_s20_s30_exploratory_hls/q16_qksv3_s10/src/q16_qksv3_s10.cpp:187 VARIABLE add_ln187 LOOP VITIS_LOOP_187_4 BUNDLEDNAME {} DSP 0 BRAM 0 URAM 0 DISPNAME {bind_op add}} {BINDTYPE op ID {} IMPL dsp48 LATENCY 3 OPTYPE mul PRAGMA {} RTLNAME mac_muladd_16s_9s_19s_24_4_1_U210 SOURCE /tools/Xilinx/Vitis_HLS/2022.2/common/technology/autopilot/ap_fixed_base.h:1347 VARIABLE mul_ln1347 LOOP {} BUNDLEDNAME {} DSP 1 BRAM 0 URAM 0 DISPNAME {bind_op mul}} {BINDTYPE op ID {} IMPL dsp48 LATENCY 3 OPTYPE add PRAGMA {} RTLNAME mac_muladd_16s_9s_19s_24_4_1_U210 SOURCE /tools/Xilinx/Vitis_HLS/2022.2/common/technology/autopilot/ap_fixed_base.h:1347 VARIABLE ret_V LOOP {} BUNDLEDNAME {} DSP 1 BRAM 0 URAM 0 DISPNAME {bind_op add}} {BINDTYPE op ID {} IMPL fabric LATENCY 0 OPTYPE sub PRAGMA {} RTLNAME r_V_48_fu_1087_p2 SOURCE /tools/Xilinx/Vitis_HLS/2022.2/common/technology/autopilot/ap_fixed_base.h:1273 VARIABLE r_V_48 LOOP {} BUNDLEDNAME {} DSP 0 BRAM 0 URAM 0 DISPNAME {bind_op sub}} {BINDTYPE op ID {} IMPL fabric LATENCY 0 OPTYPE add PRAGMA {} RTLNAME ret_V_1_fu_1097_p2 SOURCE /tools/Xilinx/Vitis_HLS/2022.2/common/technology/autopilot/ap_fixed_base.h:1347 VARIABLE ret_V_1 LOOP {} BUNDLEDNAME {} DSP 0 BRAM 0 URAM 0 DISPNAME {bind_op add}} {BINDTYPE op ID {} IMPL dsp48 LATENCY 3 OPTYPE mul PRAGMA {} RTLNAME mac_muladd_16s_10s_25s_26_4_1_U212 SOURCE /tools/Xilinx/Vitis_HLS/2022.2/common/technology/autopilot/ap_fixed_base.h:813 VARIABLE r_V_50 LOOP {} BUNDLEDNAME {} DSP 1 BRAM 0 URAM 0 DISPNAME {bind_op mul}} {BINDTYPE op ID {} IMPL dsp48 LATENCY 3 OPTYPE add PRAGMA {} RTLNAME mac_muladd_16s_10s_25s_26_4_1_U212 SOURCE /tools/Xilinx/Vitis_HLS/2022.2/common/technology/autopilot/ap_fixed_base.h:1347 VARIABLE ret_V_2 LOOP {} BUNDLEDNAME {} DSP 1 BRAM 0 URAM 0 DISPNAME {bind_op add}} {BINDTYPE op ID {} IMPL dsp48 LATENCY 3 OPTYPE mul PRAGMA {} RTLNAME mac_muladd_16s_8ns_26s_26_4_1_U214 SOURCE /tools/Xilinx/Vitis_HLS/2022.2/common/technology/autopilot/ap_fixed_base.h:1273 VARIABLE r_V_52 LOOP {} BUNDLEDNAME {} DSP 1 BRAM 0 URAM 0 DISPNAME {bind_op mul}} {BINDTYPE op ID {} IMPL dsp48 LATENCY 3 OPTYPE add PRAGMA {} RTLNAME mac_muladd_16s_8ns_26s_26_4_1_U214 SOURCE /tools/Xilinx/Vitis_HLS/2022.2/common/technology/autopilot/ap_fixed_base.h:1347 VARIABLE ret_V_3 LOOP {} BUNDLEDNAME {} DSP 1 BRAM 0 URAM 0 DISPNAME {bind_op add}} {BINDTYPE op ID {} IMPL dsp48 LATENCY 3 OPTYPE mul PRAGMA {} RTLNAME mac_muladd_16s_8ns_26s_26_4_1_U216 SOURCE /tools/Xilinx/Vitis_HLS/2022.2/common/technology/autopilot/ap_fixed_base.h:1273 VARIABLE r_V_54 LOOP {} BUNDLEDNAME {} DSP 1 BRAM 0 URAM 0 DISPNAME {bind_op mul}} {BINDTYPE op ID {} IMPL dsp48 LATENCY 3 OPTYPE add PRAGMA {} RTLNAME mac_muladd_16s_8ns_26s_26_4_1_U216 SOURCE /tools/Xilinx/Vitis_HLS/2022.2/common/technology/autopilot/ap_fixed_base.h:1347 VARIABLE ret_V_4 LOOP {} BUNDLEDNAME {} DSP 1 BRAM 0 URAM 0 DISPNAME {bind_op add}} {BINDTYPE op ID {} IMPL dsp48 LATENCY 3 OPTYPE mul PRAGMA {} RTLNAME mac_muladd_16s_9ns_26ns_26_4_1_U218 SOURCE /tools/Xilinx/Vitis_HLS/2022.2/common/technology/autopilot/ap_fixed_base.h:813 VARIABLE r_V_56 LOOP {} BUNDLEDNAME {} DSP 1 BRAM 0 URAM 0 DISPNAME {bind_op mul}} {BINDTYPE op ID {} IMPL dsp48 LATENCY 3 OPTYPE add PRAGMA {} RTLNAME mac_muladd_16s_9ns_26ns_26_4_1_U218 SOURCE /tools/Xilinx/Vitis_HLS/2022.2/common/technology/autopilot/ap_fixed_base.h:1347 VARIABLE ret_V_5 LOOP {} BUNDLEDNAME {} DSP 1 BRAM 0 URAM 0 DISPNAME {bind_op add}} {BINDTYPE op ID {} IMPL dsp48 LATENCY 3 OPTYPE mul PRAGMA {} RTLNAME fpext_32ns_64_2_no_dsp_1_U235 SOURCE /tools/Xilinx/Vitis_HLS/2022.2/common/technology/autopilot/ap_fixed_base.h:813 VARIABLE r_V_58 LOOP {} BUNDLEDNAME {} DSP 1 BRAM 0 URAM 0 DISPNAME {bind_op mul}} {BINDTYPE op ID {} IMPL dsp48 LATENCY 3 OPTYPE add PRAGMA {} RTLNAME mac_muladd_16s_9ns_26ns_26_4_1_U219 SOURCE /tools/Xilinx/Vitis_HLS/2022.2/common/technology/autopilot/ap_fixed_base.h:1347 VARIABLE ret_V_6 LOOP {} BUNDLEDNAME {} DSP 1 BRAM 0 URAM 0 DISPNAME {bind_op add}} {BINDTYPE op ID {} IMPL dsp48 LATENCY 3 OPTYPE mul PRAGMA {} RTLNAME mac_muladd_16s_9s_26s_26_4_1_U221 SOURCE /tools/Xilinx/Vitis_HLS/2022.2/common/technology/autopilot/ap_fixed_base.h:1273 VARIABLE r_V_60 LOOP {} BUNDLEDNAME {} DSP 1 BRAM 0 URAM 0 DISPNAME {bind_op mul}} {BINDTYPE op ID {} IMPL dsp48 LATENCY 3 OPTYPE add PRAGMA {} RTLNAME mac_muladd_16s_9s_26s_26_4_1_U221 SOURCE /tools/Xilinx/Vitis_HLS/2022.2/common/technology/autopilot/ap_fixed_base.h:1347 VARIABLE ret_V_7 LOOP {} BUNDLEDNAME {} DSP 1 BRAM 0 URAM 0 DISPNAME {bind_op add}} {BINDTYPE op ID {} IMPL dsp48 LATENCY 3 OPTYPE mul PRAGMA {} RTLNAME mac_muladd_16s_10s_26ns_26_4_1_U222 SOURCE /tools/Xilinx/Vitis_HLS/2022.2/common/technology/autopilot/ap_fixed_base.h:813 VARIABLE r_V_62 LOOP {} BUNDLEDNAME {} DSP 1 BRAM 0 URAM 0 DISPNAME {bind_op mul}} {BINDTYPE op ID {} IMPL dsp48 LATENCY 3 OPTYPE add PRAGMA {} RTLNAME mac_muladd_16s_10s_26ns_26_4_1_U222 SOURCE /tools/Xilinx/Vitis_HLS/2022.2/common/technology/autopilot/ap_fixed_base.h:1347 VARIABLE ret_V_8 LOOP {} BUNDLEDNAME {} DSP 1 BRAM 0 URAM 0 DISPNAME {bind_op add}} {BINDTYPE op ID {} IMPL dsp48 LATENCY 3 OPTYPE mul PRAGMA {} RTLNAME mac_muladd_16s_7ns_26s_26_4_1_U223 SOURCE /tools/Xilinx/Vitis_HLS/2022.2/common/technology/autopilot/ap_fixed_base.h:1273 VARIABLE r_V_64 LOOP {} BUNDLEDNAME {} DSP 1 BRAM 0 URAM 0 DISPNAME {bind_op mul}} {BINDTYPE op ID {} IMPL dsp48 LATENCY 3 OPTYPE add PRAGMA {} RTLNAME mac_muladd_16s_7ns_26s_26_4_1_U223 SOURCE /tools/Xilinx/Vitis_HLS/2022.2/common/technology/autopilot/ap_fixed_base.h:1347 VARIABLE ret_V_9 LOOP {} BUNDLEDNAME {} DSP 1 BRAM 0 URAM 0 DISPNAME {bind_op add}} {BINDTYPE op ID {} IMPL dsp48 LATENCY 3 OPTYPE mul PRAGMA {} RTLNAME mac_muladd_16s_10ns_26ns_26_4_1_U225 SOURCE /tools/Xilinx/Vitis_HLS/2022.2/common/technology/autopilot/ap_fixed_base.h:1347 VARIABLE mul_ln1347_1 LOOP {} BUNDLEDNAME {} DSP 1 BRAM 0 URAM 0 DISPNAME {bind_op mul}} {BINDTYPE op ID {} IMPL dsp48 LATENCY 3 OPTYPE add PRAGMA {} RTLNAME mac_muladd_16s_10ns_26ns_26_4_1_U225 SOURCE /tools/Xilinx/Vitis_HLS/2022.2/common/technology/autopilot/ap_fixed_base.h:1347 VARIABLE ret_V_10 LOOP {} BUNDLEDNAME {} DSP 1 BRAM 0 URAM 0 DISPNAME {bind_op add}} {BINDTYPE op ID {} IMPL dsp48 LATENCY 3 OPTYPE mul PRAGMA {} RTLNAME mac_muladd_16s_10s_26ns_26_4_1_U227 SOURCE /tools/Xilinx/Vitis_HLS/2022.2/common/technology/autopilot/ap_fixed_base.h:813 VARIABLE r_V_67 LOOP {} BUNDLEDNAME {} DSP 1 BRAM 0 URAM 0 DISPNAME {bind_op mul}} {BINDTYPE op ID {} IMPL dsp48 LATENCY 3 OPTYPE add PRAGMA {} RTLNAME mac_muladd_16s_10s_26ns_26_4_1_U227 SOURCE /tools/Xilinx/Vitis_HLS/2022.2/common/technology/autopilot/ap_fixed_base.h:1347 VARIABLE ret_V_11 LOOP {} BUNDLEDNAME {} DSP 1 BRAM 0 URAM 0 DISPNAME {bind_op add}} {BINDTYPE op ID {} IMPL dsp48 LATENCY 3 OPTYPE mul PRAGMA {} RTLNAME mac_muladd_16s_8s_26s_26_4_1_U228 SOURCE /tools/Xilinx/Vitis_HLS/2022.2/common/technology/autopilot/ap_fixed_base.h:1273 VARIABLE r_V_69 LOOP {} BUNDLEDNAME {} DSP 1 BRAM 0 URAM 0 DISPNAME {bind_op mul}} {BINDTYPE op ID {} IMPL dsp48 LATENCY 3 OPTYPE add PRAGMA {} RTLNAME mac_muladd_16s_8s_26s_26_4_1_U228 SOURCE /tools/Xilinx/Vitis_HLS/2022.2/common/technology/autopilot/ap_fixed_base.h:1347 VARIABLE ret_V_12 LOOP {} BUNDLEDNAME {} DSP 1 BRAM 0 URAM 0 DISPNAME {bind_op add}} {BINDTYPE op ID {} IMPL dsp48 LATENCY 3 OPTYPE mul PRAGMA {} RTLNAME mac_muladd_16s_9s_26s_26_4_1_U229 SOURCE /tools/Xilinx/Vitis_HLS/2022.2/common/technology/autopilot/ap_fixed_base.h:1273 VARIABLE r_V_71 LOOP {} BUNDLEDNAME {} DSP 1 BRAM 0 URAM 0 DISPNAME {bind_op mul}} {BINDTYPE op ID {} IMPL dsp48 LATENCY 3 OPTYPE add PRAGMA {} RTLNAME mac_muladd_16s_9s_26s_26_4_1_U229 SOURCE /tools/Xilinx/Vitis_HLS/2022.2/common/technology/autopilot/ap_fixed_base.h:1347 VARIABLE ret_V_13 LOOP {} BUNDLEDNAME {} DSP 1 BRAM 0 URAM 0 DISPNAME {bind_op add}} {BINDTYPE op ID {} IMPL dsp48 LATENCY 3 OPTYPE mul PRAGMA {} RTLNAME mac_muladd_16s_9ns_26ns_26_4_1_U231 SOURCE /tools/Xilinx/Vitis_HLS/2022.2/common/technology/autopilot/ap_fixed_base.h:813 VARIABLE r_V_73 LOOP {} BUNDLEDNAME {} DSP 1 BRAM 0 URAM 0 DISPNAME {bind_op mul}} {BINDTYPE op ID {} IMPL dsp48 LATENCY 3 OPTYPE add PRAGMA {} RTLNAME mac_muladd_16s_9ns_26ns_26_4_1_U231 SOURCE /tools/Xilinx/Vitis_HLS/2022.2/common/technology/autopilot/ap_fixed_base.h:1347 VARIABLE ret_V_14 LOOP {} BUNDLEDNAME {} DSP 1 BRAM 0 URAM 0 DISPNAME {bind_op add}} {BINDTYPE op ID {} IMPL dsp48 LATENCY 3 OPTYPE mul PRAGMA {} RTLNAME mac_muladd_16s_9ns_26ns_26_4_1_U233 SOURCE /tools/Xilinx/Vitis_HLS/2022.2/common/technology/autopilot/ap_fixed_base.h:813 VARIABLE r_V_75 LOOP {} BUNDLEDNAME {} DSP 1 BRAM 0 URAM 0 DISPNAME {bind_op mul}} {BINDTYPE op ID {} IMPL dsp48 LATENCY 3 OPTYPE add PRAGMA {} RTLNAME mac_muladd_16s_9ns_26ns_26_4_1_U233 SOURCE /tools/Xilinx/Vitis_HLS/2022.2/common/technology/autopilot/ap_fixed_base.h:1347 VARIABLE ret_V_15 LOOP {} BUNDLEDNAME {} DSP 1 BRAM 0 URAM 0 DISPNAME {bind_op add}} {BINDTYPE op ID {} IMPL dsp48 LATENCY 3 OPTYPE mul PRAGMA {} RTLNAME mac_muladd_16s_9ns_18s_25_4_1_U211 SOURCE /tools/Xilinx/Vitis_HLS/2022.2/common/technology/autopilot/ap_fixed_base.h:1270 VARIABLE mul_ln1270 LOOP {} BUNDLEDNAME {} DSP 1 BRAM 0 URAM 0 DISPNAME {bind_op mul}} {BINDTYPE op ID {} IMPL dsp48 LATENCY 3 OPTYPE add PRAGMA {} RTLNAME mac_muladd_16s_9ns_18s_25_4_1_U211 SOURCE /tools/Xilinx/Vitis_HLS/2022.2/common/technology/autopilot/ap_fixed_base.h:1347 VARIABLE ret_V_16 LOOP {} BUNDLEDNAME {} DSP 1 BRAM 0 URAM 0 DISPNAME {bind_op add}} {BINDTYPE op ID {} IMPL dsp48 LATENCY 3 OPTYPE mul PRAGMA {} RTLNAME mac_muladd_16s_8ns_25s_26_4_1_U213 SOURCE /tools/Xilinx/Vitis_HLS/2022.2/common/technology/autopilot/ap_fixed_base.h:1273 VARIABLE r_V_76 LOOP {} BUNDLEDNAME {} DSP 1 BRAM 0 URAM 0 DISPNAME {bind_op mul}} {BINDTYPE op ID {} IMPL dsp48 LATENCY 3 OPTYPE add PRAGMA {} RTLNAME mac_muladd_16s_8ns_25s_26_4_1_U213 SOURCE /tools/Xilinx/Vitis_HLS/2022.2/common/technology/autopilot/ap_fixed_base.h:1347 VARIABLE ret_V_17 LOOP {} BUNDLEDNAME {} DSP 1 BRAM 0 URAM 0 DISPNAME {bind_op add}} {BINDTYPE op ID {} IMPL fabric LATENCY 0 OPTYPE add PRAGMA {} RTLNAME r_V_77_fu_1212_p2 SOURCE /tools/Xilinx/Vitis_HLS/2022.2/common/technology/autopilot/ap_fixed_base.h:1273 VARIABLE r_V_77 LOOP {} BUNDLEDNAME {} DSP 0 BRAM 0 URAM 0 DISPNAME {bind_op add}} {BINDTYPE op ID {} IMPL fabric LATENCY 0 OPTYPE add PRAGMA {} RTLNAME ret_V_18_fu_1222_p2 SOURCE /tools/Xilinx/Vitis_HLS/2022.2/common/technology/autopilot/ap_fixed_base.h:1347 VARIABLE ret_V_18 LOOP {} BUNDLEDNAME {} DSP 0 BRAM 0 URAM 0 DISPNAME {bind_op add}} {BINDTYPE op ID {} IMPL dsp48 LATENCY 3 OPTYPE mul PRAGMA {} RTLNAME mac_muladd_16s_9ns_26ns_26_4_1_U215 SOURCE /tools/Xilinx/Vitis_HLS/2022.2/common/technology/autopilot/ap_fixed_base.h:813 VARIABLE r_V_78 LOOP {} BUNDLEDNAME {} DSP 1 BRAM 0 URAM 0 DISPNAME {bind_op mul}} {BINDTYPE op ID {} IMPL dsp48 LATENCY 3 OPTYPE add PRAGMA {} RTLNAME mac_muladd_16s_9ns_26ns_26_4_1_U215 SOURCE /tools/Xilinx/Vitis_HLS/2022.2/common/technology/autopilot/ap_fixed_base.h:1347 VARIABLE ret_V_19 LOOP {} BUNDLEDNAME {} DSP 1 BRAM 0 URAM 0 DISPNAME {bind_op add}} {BINDTYPE op ID {} IMPL dsp48 LATENCY 3 OPTYPE mul PRAGMA {} RTLNAME mac_muladd_16s_9s_26s_26_4_1_U217 SOURCE /tools/Xilinx/Vitis_HLS/2022.2/common/technology/autopilot/ap_fixed_base.h:1273 VARIABLE r_V_79 LOOP {} BUNDLEDNAME {} DSP 1 BRAM 0 URAM 0 DISPNAME {bind_op mul}} {BINDTYPE op ID {} IMPL dsp48 LATENCY 3 OPTYPE add PRAGMA {} RTLNAME mac_muladd_16s_9s_26s_26_4_1_U217 SOURCE /tools/Xilinx/Vitis_HLS/2022.2/common/technology/autopilot/ap_fixed_base.h:1347 VARIABLE ret_V_20 LOOP {} BUNDLEDNAME {} DSP 1 BRAM 0 URAM 0 DISPNAME {bind_op add}} {BINDTYPE op ID {} IMPL fabric LATENCY 0 OPTYPE sub PRAGMA {} RTLNAME r_V_80_fu_1350_p2 SOURCE /tools/Xilinx/Vitis_HLS/2022.2/common/technology/autopilot/ap_fixed_base.h:1273 VARIABLE r_V_80 LOOP {} BUNDLEDNAME {} DSP 0 BRAM 0 URAM 0 DISPNAME {bind_op sub}} {BINDTYPE op ID {} IMPL fabric LATENCY 0 OPTYPE add PRAGMA {} RTLNAME ret_V_21_fu_1360_p2 SOURCE /tools/Xilinx/Vitis_HLS/2022.2/common/technology/autopilot/ap_fixed_base.h:1347 VARIABLE ret_V_21 LOOP {} BUNDLEDNAME {} DSP 0 BRAM 0 URAM 0 DISPNAME {bind_op add}} {BINDTYPE op ID {} IMPL dsp48 LATENCY 3 OPTYPE mul PRAGMA {} RTLNAME mac_muladd_16s_9s_26s_26_4_1_U220 SOURCE /tools/Xilinx/Vitis_HLS/2022.2/common/technology/autopilot/ap_fixed_base.h:1273 VARIABLE r_V_81 LOOP {} BUNDLEDNAME {} DSP 1 BRAM 0 URAM 0 DISPNAME {bind_op mul}} {BINDTYPE op ID {} IMPL dsp48 LATENCY 3 OPTYPE add PRAGMA {} RTLNAME mac_muladd_16s_9s_26s_26_4_1_U220 SOURCE /tools/Xilinx/Vitis_HLS/2022.2/common/technology/autopilot/ap_fixed_base.h:1347 VARIABLE ret_V_22 LOOP {} BUNDLEDNAME {} DSP 1 BRAM 0 URAM 0 DISPNAME {bind_op add}} {BINDTYPE op ID {} IMPL fabric LATENCY 0 OPTYPE sub PRAGMA {} RTLNAME r_V_82_fu_1502_p2 SOURCE /tools/Xilinx/Vitis_HLS/2022.2/common/technology/autopilot/ap_fixed_base.h:1273 VARIABLE r_V_82 LOOP {} BUNDLEDNAME {} DSP 0 BRAM 0 URAM 0 DISPNAME {bind_op sub}} {BINDTYPE op ID {} IMPL dsp48 LATENCY 3 OPTYPE mul PRAGMA {} RTLNAME mac_muladd_16s_7ns_26s_26_4_1_U224 SOURCE /tools/Xilinx/Vitis_HLS/2022.2/common/technology/autopilot/ap_fixed_base.h:1273 VARIABLE r_V_84 LOOP {} BUNDLEDNAME {} DSP 1 BRAM 0 URAM 0 DISPNAME {bind_op mul}} {BINDTYPE op ID {} IMPL dsp48 LATENCY 3 OPTYPE add PRAGMA {} RTLNAME mac_muladd_16s_7ns_26s_26_4_1_U224 SOURCE /tools/Xilinx/Vitis_HLS/2022.2/common/technology/autopilot/ap_fixed_base.h:1347 VARIABLE ret_V_25 LOOP {} BUNDLEDNAME {} DSP 1 BRAM 0 URAM 0 DISPNAME {bind_op add}} {BINDTYPE op ID {} IMPL dsp48 LATENCY 3 OPTYPE mul PRAGMA {} RTLNAME mac_muladd_16s_10s_26ns_26_4_1_U226 SOURCE /tools/Xilinx/Vitis_HLS/2022.2/common/technology/autopilot/ap_fixed_base.h:813 VARIABLE r_V_85 LOOP {} BUNDLEDNAME {} DSP 1 BRAM 0 URAM 0 DISPNAME {bind_op mul}} {BINDTYPE op ID {} IMPL dsp48 LATENCY 3 OPTYPE add PRAGMA {} RTLNAME mac_muladd_16s_10s_26ns_26_4_1_U226 SOURCE /tools/Xilinx/Vitis_HLS/2022.2/common/technology/autopilot/ap_fixed_base.h:1347 VARIABLE ret_V_26 LOOP {} BUNDLEDNAME {} DSP 1 BRAM 0 URAM 0 DISPNAME {bind_op add}} {BINDTYPE op ID {} IMPL fabric LATENCY 0 OPTYPE sub PRAGMA {} RTLNAME r_V_86_fu_1690_p2 SOURCE /tools/Xilinx/Vitis_HLS/2022.2/common/technology/autopilot/ap_fixed_base.h:1273 VARIABLE r_V_86 LOOP {} BUNDLEDNAME {} DSP 0 BRAM 0 URAM 0 DISPNAME {bind_op sub}} {BINDTYPE op ID {} IMPL fabric LATENCY 0 OPTYPE add PRAGMA {} RTLNAME ret_V_27_fu_1700_p2 SOURCE /tools/Xilinx/Vitis_HLS/2022.2/common/technology/autopilot/ap_fixed_base.h:1347 VARIABLE ret_V_27 LOOP {} BUNDLEDNAME {} DSP 0 BRAM 0 URAM 0 DISPNAME {bind_op add}} {BINDTYPE op ID {} IMPL fabric LATENCY 0 OPTYPE add PRAGMA {} RTLNAME r_V_87_fu_1748_p2 SOURCE /tools/Xilinx/Vitis_HLS/2022.2/common/technology/autopilot/ap_fixed_base.h:1273 VARIABLE r_V_87 LOOP {} BUNDLEDNAME {} DSP 0 BRAM 0 URAM 0 DISPNAME {bind_op add}} {BINDTYPE op ID {} IMPL fabric LATENCY 0 OPTYPE add PRAGMA {} RTLNAME ret_V_28_fu_1758_p2 SOURCE /tools/Xilinx/Vitis_HLS/2022.2/common/technology/autopilot/ap_fixed_base.h:1347 VARIABLE ret_V_28 LOOP {} BUNDLEDNAME {} DSP 0 BRAM 0 URAM 0 DISPNAME {bind_op add}} {BINDTYPE op ID {} IMPL dsp48 LATENCY 3 OPTYPE mul PRAGMA {} RTLNAME mac_muladd_16s_7ns_26s_26_4_1_U230 SOURCE /tools/Xilinx/Vitis_HLS/2022.2/common/technology/autopilot/ap_fixed_base.h:1273 VARIABLE r_V_88 LOOP {} BUNDLEDNAME {} DSP 1 BRAM 0 URAM 0 DISPNAME {bind_op mul}} {BINDTYPE op ID {} IMPL dsp48 LATENCY 3 OPTYPE add PRAGMA {} RTLNAME mac_muladd_16s_7ns_26s_26_4_1_U230 SOURCE /tools/Xilinx/Vitis_HLS/2022.2/common/technology/autopilot/ap_fixed_base.h:1347 VARIABLE ret_V_29 LOOP {} BUNDLEDNAME {} DSP 1 BRAM 0 URAM 0 DISPNAME {bind_op add}} {BINDTYPE op ID {} IMPL dsp48 LATENCY 3 OPTYPE mul PRAGMA {} RTLNAME mac_muladd_16s_10s_26ns_26_4_1_U232 SOURCE /tools/Xilinx/Vitis_HLS/2022.2/common/technology/autopilot/ap_fixed_base.h:813 VARIABLE r_V_89 LOOP {} BUNDLEDNAME {} DSP 1 BRAM 0 URAM 0 DISPNAME {bind_op mul}} {BINDTYPE op ID {} IMPL dsp48 LATENCY 3 OPTYPE add PRAGMA {} RTLNAME mac_muladd_16s_10s_26ns_26_4_1_U232 SOURCE /tools/Xilinx/Vitis_HLS/2022.2/common/technology/autopilot/ap_fixed_base.h:1347 VARIABLE ret_V_30 LOOP {} BUNDLEDNAME {} DSP 1 BRAM 0 URAM 0 DISPNAME {bind_op add}} {BINDTYPE op ID {} IMPL fabric LATENCY 0 OPTYPE sub PRAGMA {} RTLNAME r_V_90_fu_1915_p2 SOURCE /tools/Xilinx/Vitis_HLS/2022.2/common/technology/autopilot/ap_fixed_base.h:1273 VARIABLE r_V_90 LOOP {} BUNDLEDNAME {} DSP 0 BRAM 0 URAM 0 DISPNAME {bind_op sub}} {BINDTYPE op ID {} IMPL fabric LATENCY 0 OPTYPE add PRAGMA {} RTLNAME ret_V_31_fu_1925_p2 SOURCE /tools/Xilinx/Vitis_HLS/2022.2/common/technology/autopilot/ap_fixed_base.h:1347 VARIABLE ret_V_31 LOOP {} BUNDLEDNAME {} DSP 0 BRAM 0 URAM 0 DISPNAME {bind_op add}} {BINDTYPE storage ID {} IMPL auto LATENCY 1 OPTYPE rom_1p PRAGMA {} RTLNAME input_projection_bias_V_U SOURCE {} VARIABLE input_projection_bias_V LOOP {} BUNDLEDNAME {} DSP 0 BRAM 0 URAM 0 DISPNAME {bind_storage rom_1p}} {BINDTYPE storage ID {} IMPL auto LATENCY 1 OPTYPE rom_1p PRAGMA {} RTLNAME position_embedding_V_U SOURCE {} VARIABLE position_embedding_V LOOP {} BUNDLEDNAME {} DSP 0 BRAM 1 URAM 0 DISPNAME {bind_storage rom_1p}} {BINDTYPE storage ID {} IMPL auto LATENCY 1 OPTYPE rom_1p PRAGMA {} RTLNAME layers_0_feedforward_0_bias_V_U SOURCE {} VARIABLE layers_0_feedforward_0_bias_V LOOP {} BUNDLEDNAME {} DSP 0 BRAM 0 URAM 0 DISPNAME {bind_storage rom_1p}} {BINDTYPE storage ID {} IMPL auto LATENCY 1 OPTYPE rom_1p PRAGMA {} RTLNAME layers_0_feedforward_3_bias_V_U SOURCE {} VARIABLE layers_0_feedforward_3_bias_V LOOP {} BUNDLEDNAME {} DSP 0 BRAM 0 URAM 0 DISPNAME {bind_storage rom_1p}}} AREA {DSP 151 BRAM 13 URAM 0}}}}'
INFO-FLOW: DBG:PUTS:      update_csynth_reports json2rpt_hw_sw_interfaces
Execute         send_msg_by_id INFO @200-1603@%s  and missed bursts 
INFO: [HLS 200-1603] Design has inferred MAXI bursts and missed bursts, see Vitis HLS GUI synthesis summary report for detailed information.
INFO-FLOW: Running: gen_csynth_sec_pragma
INFO-FLOW: Done: gen_csynth_sec_pragma time: 0 seconds per iteration
INFO-FLOW: DBG:PUTS:      update_csynth_reports wrote xml
INFO-FLOW: DBG:PUTS:      update_csynth_reports appended to csynth rpt file
INFO: [HLS 200-111] Finished Updating report files: CPU user time: 1.21 seconds. CPU system time: 0.03 seconds. Elapsed time: 1.24 seconds; current allocated memory: 740.277 MB.
INFO: [VHDL 208-304] Generating VHDL RTL for q16_qksv3_s10.
INFO: [VLOG 209-307] Generating Verilog RTL for q16_qksv3_s10.
Execute         syn_report -model q16_qksv3_s10 -printsummary 
INFO: [HLS 200-790] **** Loop Constraint Status: All loop constraints were NOT satisfied.
INFO: [HLS 200-789] **** Estimated Fmax: 131.49 MHz
Command       autosyn done; 18.45 sec.
Command     csynth_design done; 28.97 sec.
INFO: [HLS 200-111] Finished Command csynth_design CPU user time: 26.67 seconds. CPU system time: 1.2 seconds. Elapsed time: 28.97 seconds; current allocated memory: 434.711 MB.
Execute     cleanup_all 
