

================================================================
== Vitis HLS Report for 'linear_attention_q16_Pipeline_VITIS_LOOP_100_4_VITIS_LOOP_101_5'
================================================================
* Date:           Tue Jun 30 20:37:42 2026

* Version:        2022.2 (Build 3670227 on Oct 13 2022)
* Project:        imgds_linear_dense_q16
* Solution:       solution1 (Vivado IP Flow Target)
* Product family: zynq
* Target device:  xc7z020-clg400-1


================================================================
== Performance Estimates
================================================================
+ Timing: 
    * Summary: 
    +--------+----------+----------+------------+
    |  Clock |  Target  | Estimated| Uncertainty|
    +--------+----------+----------+------------+
    |ap_clk  |  10.00 ns|  7.209 ns|     2.70 ns|
    +--------+----------+----------+------------+

+ Latency: 
    * Summary: 
    +---------+---------+----------+----------+-----+-----+---------+
    |  Latency (cycles) |  Latency (absolute) |  Interval | Pipeline|
    |   min   |   max   |    min   |    max   | min | max |   Type  |
    +---------+---------+----------+----------+-----+-----+---------+
    |      275|      275|  2.750 us|  2.750 us|  275|  275|       no|
    +---------+---------+----------+----------+-----+-----+---------+

    + Detail: 
        * Instance: 
        N/A

        * Loop: 
        +-------------------------------------+---------+---------+----------+-----------+-----------+------+----------+
        |                                     |  Latency (cycles) | Iteration|  Initiation Interval  | Trip |          |
        |              Loop Name              |   min   |   max   |  Latency |  achieved |   target  | Count| Pipelined|
        +-------------------------------------+---------+---------+----------+-----------+-----------+------+----------+
        |- VITIS_LOOP_100_4_VITIS_LOOP_101_5  |      273|      273|        19|          1|          1|   256|       yes|
        +-------------------------------------+---------+---------+----------+-----------+-----------+------+----------+

============================================================
+ Verbose Summary: Synthesis Manager
============================================================
InlineROM: 1
ExposeGlobal: 0
============================================================
+ Verbose Summary: CDFG Model
============================================================
IsTopModel: 0
ResetActiveHigh: 1
IsCombinational: 0
IsDatapathOnly: 0
HasWiredReturn: 1
HasMFsm: 2
HasVarLatency: 1
IsPipeline: 0
IsRtlPipelined: 0
IsInstanceOverlapped: 0
IsDontTouch: 0
HasImplIP: 0
IsGatedGlobalClock: 0

+ Individual pipeline summary: 
  * Pipeline-0: initiation interval (II) = 1, depth = 19


============================================================
+ Verbose Summary: Schedule
============================================================
* Number of FSM states : 19
* Pipeline : 1
  Pipeline-0 : II = 1, D = 19, States = { 1 2 3 4 5 6 7 8 9 10 11 12 13 14 15 16 17 18 19 }
* Dataflow Pipeline: 0

* FSM state transitions: 
1 --> 2 
2 --> 3 
3 --> 4 
4 --> 5 
5 --> 6 
6 --> 7 
7 --> 8 
8 --> 9 
9 --> 10 
10 --> 11 
11 --> 12 
12 --> 13 
13 --> 14 
14 --> 15 
15 --> 16 
16 --> 17 
17 --> 18 
18 --> 19 
19 --> 

* FSM state operations: 

State 1 <SV = 0> <Delay = 7.20>
ST_1 : Operation 22 [1/1] (0.00ns)   --->   "%d2 = alloca i32 1"   --->   Operation 22 'alloca' 'd2' <Predicate = true> <Delay = 0.00>
ST_1 : Operation 23 [1/1] (0.00ns)   --->   "%d1 = alloca i32 1"   --->   Operation 23 'alloca' 'd1' <Predicate = true> <Delay = 0.00>
ST_1 : Operation 24 [1/1] (0.00ns)   --->   "%indvar_flatten = alloca i32 1"   --->   Operation 24 'alloca' 'indvar_flatten' <Predicate = true> <Delay = 0.00>
ST_1 : Operation 25 [1/1] (0.00ns)   --->   "%V_V_15_load_15_read = read i16 @_ssdm_op_Read.ap_auto.i16, i16 %V_V_15_load_15"   --->   Operation 25 'read' 'V_V_15_load_15_read' <Predicate = true> <Delay = 0.00>
ST_1 : Operation 26 [1/1] (0.00ns)   --->   "%V_V_14_load_15_read = read i16 @_ssdm_op_Read.ap_auto.i16, i16 %V_V_14_load_15"   --->   Operation 26 'read' 'V_V_14_load_15_read' <Predicate = true> <Delay = 0.00>
ST_1 : Operation 27 [1/1] (0.00ns)   --->   "%V_V_13_load_15_read = read i16 @_ssdm_op_Read.ap_auto.i16, i16 %V_V_13_load_15"   --->   Operation 27 'read' 'V_V_13_load_15_read' <Predicate = true> <Delay = 0.00>
ST_1 : Operation 28 [1/1] (0.00ns)   --->   "%V_V_12_load_15_read = read i16 @_ssdm_op_Read.ap_auto.i16, i16 %V_V_12_load_15"   --->   Operation 28 'read' 'V_V_12_load_15_read' <Predicate = true> <Delay = 0.00>
ST_1 : Operation 29 [1/1] (0.00ns)   --->   "%V_V_11_load_15_read = read i16 @_ssdm_op_Read.ap_auto.i16, i16 %V_V_11_load_15"   --->   Operation 29 'read' 'V_V_11_load_15_read' <Predicate = true> <Delay = 0.00>
ST_1 : Operation 30 [1/1] (0.00ns)   --->   "%V_V_10_load_15_read = read i16 @_ssdm_op_Read.ap_auto.i16, i16 %V_V_10_load_15"   --->   Operation 30 'read' 'V_V_10_load_15_read' <Predicate = true> <Delay = 0.00>
ST_1 : Operation 31 [1/1] (0.00ns)   --->   "%V_V_9_load_15_read = read i16 @_ssdm_op_Read.ap_auto.i16, i16 %V_V_9_load_15"   --->   Operation 31 'read' 'V_V_9_load_15_read' <Predicate = true> <Delay = 0.00>
ST_1 : Operation 32 [1/1] (0.00ns)   --->   "%V_V_8_load_15_read = read i16 @_ssdm_op_Read.ap_auto.i16, i16 %V_V_8_load_15"   --->   Operation 32 'read' 'V_V_8_load_15_read' <Predicate = true> <Delay = 0.00>
ST_1 : Operation 33 [1/1] (0.00ns)   --->   "%V_V_7_load_15_read = read i16 @_ssdm_op_Read.ap_auto.i16, i16 %V_V_7_load_15"   --->   Operation 33 'read' 'V_V_7_load_15_read' <Predicate = true> <Delay = 0.00>
ST_1 : Operation 34 [1/1] (0.00ns)   --->   "%V_V_6_load_15_read = read i16 @_ssdm_op_Read.ap_auto.i16, i16 %V_V_6_load_15"   --->   Operation 34 'read' 'V_V_6_load_15_read' <Predicate = true> <Delay = 0.00>
ST_1 : Operation 35 [1/1] (0.00ns)   --->   "%V_V_5_load_15_read = read i16 @_ssdm_op_Read.ap_auto.i16, i16 %V_V_5_load_15"   --->   Operation 35 'read' 'V_V_5_load_15_read' <Predicate = true> <Delay = 0.00>
ST_1 : Operation 36 [1/1] (0.00ns)   --->   "%V_V_4_load_15_read = read i16 @_ssdm_op_Read.ap_auto.i16, i16 %V_V_4_load_15"   --->   Operation 36 'read' 'V_V_4_load_15_read' <Predicate = true> <Delay = 0.00>
ST_1 : Operation 37 [1/1] (0.00ns)   --->   "%V_V_3_load_15_read = read i16 @_ssdm_op_Read.ap_auto.i16, i16 %V_V_3_load_15"   --->   Operation 37 'read' 'V_V_3_load_15_read' <Predicate = true> <Delay = 0.00>
ST_1 : Operation 38 [1/1] (0.00ns)   --->   "%V_V_2_load_15_read = read i16 @_ssdm_op_Read.ap_auto.i16, i16 %V_V_2_load_15"   --->   Operation 38 'read' 'V_V_2_load_15_read' <Predicate = true> <Delay = 0.00>
ST_1 : Operation 39 [1/1] (0.00ns)   --->   "%V_V_1_load_15_read = read i16 @_ssdm_op_Read.ap_auto.i16, i16 %V_V_1_load_15"   --->   Operation 39 'read' 'V_V_1_load_15_read' <Predicate = true> <Delay = 0.00>
ST_1 : Operation 40 [1/1] (0.00ns)   --->   "%V_V_load_15_read = read i16 @_ssdm_op_Read.ap_auto.i16, i16 %V_V_load_15"   --->   Operation 40 'read' 'V_V_load_15_read' <Predicate = true> <Delay = 0.00>
ST_1 : Operation 41 [1/1] (0.00ns)   --->   "%K_V_15_load_15_read = read i16 @_ssdm_op_Read.ap_auto.i16, i16 %K_V_15_load_15"   --->   Operation 41 'read' 'K_V_15_load_15_read' <Predicate = true> <Delay = 0.00>
ST_1 : Operation 42 [1/1] (0.00ns)   --->   "%K_V_14_load_15_read = read i16 @_ssdm_op_Read.ap_auto.i16, i16 %K_V_14_load_15"   --->   Operation 42 'read' 'K_V_14_load_15_read' <Predicate = true> <Delay = 0.00>
ST_1 : Operation 43 [1/1] (0.00ns)   --->   "%K_V_13_load_15_read = read i16 @_ssdm_op_Read.ap_auto.i16, i16 %K_V_13_load_15"   --->   Operation 43 'read' 'K_V_13_load_15_read' <Predicate = true> <Delay = 0.00>
ST_1 : Operation 44 [1/1] (0.00ns)   --->   "%K_V_12_load_15_read = read i16 @_ssdm_op_Read.ap_auto.i16, i16 %K_V_12_load_15"   --->   Operation 44 'read' 'K_V_12_load_15_read' <Predicate = true> <Delay = 0.00>
ST_1 : Operation 45 [1/1] (0.00ns)   --->   "%K_V_11_load_15_read = read i16 @_ssdm_op_Read.ap_auto.i16, i16 %K_V_11_load_15"   --->   Operation 45 'read' 'K_V_11_load_15_read' <Predicate = true> <Delay = 0.00>
ST_1 : Operation 46 [1/1] (0.00ns)   --->   "%K_V_10_load_15_read = read i16 @_ssdm_op_Read.ap_auto.i16, i16 %K_V_10_load_15"   --->   Operation 46 'read' 'K_V_10_load_15_read' <Predicate = true> <Delay = 0.00>
ST_1 : Operation 47 [1/1] (0.00ns)   --->   "%K_V_9_load_16_read = read i16 @_ssdm_op_Read.ap_auto.i16, i16 %K_V_9_load_16"   --->   Operation 47 'read' 'K_V_9_load_16_read' <Predicate = true> <Delay = 0.00>
ST_1 : Operation 48 [1/1] (0.00ns)   --->   "%K_V_8_load_16_read = read i16 @_ssdm_op_Read.ap_auto.i16, i16 %K_V_8_load_16"   --->   Operation 48 'read' 'K_V_8_load_16_read' <Predicate = true> <Delay = 0.00>
ST_1 : Operation 49 [1/1] (0.00ns)   --->   "%K_V_7_load_16_read = read i16 @_ssdm_op_Read.ap_auto.i16, i16 %K_V_7_load_16"   --->   Operation 49 'read' 'K_V_7_load_16_read' <Predicate = true> <Delay = 0.00>
ST_1 : Operation 50 [1/1] (0.00ns)   --->   "%K_V_6_load_16_read = read i16 @_ssdm_op_Read.ap_auto.i16, i16 %K_V_6_load_16"   --->   Operation 50 'read' 'K_V_6_load_16_read' <Predicate = true> <Delay = 0.00>
ST_1 : Operation 51 [1/1] (0.00ns)   --->   "%K_V_5_load_16_read = read i16 @_ssdm_op_Read.ap_auto.i16, i16 %K_V_5_load_16"   --->   Operation 51 'read' 'K_V_5_load_16_read' <Predicate = true> <Delay = 0.00>
ST_1 : Operation 52 [1/1] (0.00ns)   --->   "%K_V_4_load_16_read = read i16 @_ssdm_op_Read.ap_auto.i16, i16 %K_V_4_load_16"   --->   Operation 52 'read' 'K_V_4_load_16_read' <Predicate = true> <Delay = 0.00>
ST_1 : Operation 53 [1/1] (0.00ns)   --->   "%K_V_3_load_16_read = read i16 @_ssdm_op_Read.ap_auto.i16, i16 %K_V_3_load_16"   --->   Operation 53 'read' 'K_V_3_load_16_read' <Predicate = true> <Delay = 0.00>
ST_1 : Operation 54 [1/1] (0.00ns)   --->   "%K_V_2_load_16_read = read i16 @_ssdm_op_Read.ap_auto.i16, i16 %K_V_2_load_16"   --->   Operation 54 'read' 'K_V_2_load_16_read' <Predicate = true> <Delay = 0.00>
ST_1 : Operation 55 [1/1] (0.00ns)   --->   "%K_V_1_load_16_read = read i16 @_ssdm_op_Read.ap_auto.i16, i16 %K_V_1_load_16"   --->   Operation 55 'read' 'K_V_1_load_16_read' <Predicate = true> <Delay = 0.00>
ST_1 : Operation 56 [1/1] (0.00ns)   --->   "%K_V_load_16_read = read i16 @_ssdm_op_Read.ap_auto.i16, i16 %K_V_load_16"   --->   Operation 56 'read' 'K_V_load_16_read' <Predicate = true> <Delay = 0.00>
ST_1 : Operation 57 [1/1] (0.00ns)   --->   "%V_V_15_load_14_read = read i16 @_ssdm_op_Read.ap_auto.i16, i16 %V_V_15_load_14"   --->   Operation 57 'read' 'V_V_15_load_14_read' <Predicate = true> <Delay = 0.00>
ST_1 : Operation 58 [1/1] (0.00ns)   --->   "%V_V_14_load_14_read = read i16 @_ssdm_op_Read.ap_auto.i16, i16 %V_V_14_load_14"   --->   Operation 58 'read' 'V_V_14_load_14_read' <Predicate = true> <Delay = 0.00>
ST_1 : Operation 59 [1/1] (0.00ns)   --->   "%V_V_13_load_14_read = read i16 @_ssdm_op_Read.ap_auto.i16, i16 %V_V_13_load_14"   --->   Operation 59 'read' 'V_V_13_load_14_read' <Predicate = true> <Delay = 0.00>
ST_1 : Operation 60 [1/1] (0.00ns)   --->   "%V_V_12_load_14_read = read i16 @_ssdm_op_Read.ap_auto.i16, i16 %V_V_12_load_14"   --->   Operation 60 'read' 'V_V_12_load_14_read' <Predicate = true> <Delay = 0.00>
ST_1 : Operation 61 [1/1] (0.00ns)   --->   "%V_V_11_load_14_read = read i16 @_ssdm_op_Read.ap_auto.i16, i16 %V_V_11_load_14"   --->   Operation 61 'read' 'V_V_11_load_14_read' <Predicate = true> <Delay = 0.00>
ST_1 : Operation 62 [1/1] (0.00ns)   --->   "%V_V_10_load_14_read = read i16 @_ssdm_op_Read.ap_auto.i16, i16 %V_V_10_load_14"   --->   Operation 62 'read' 'V_V_10_load_14_read' <Predicate = true> <Delay = 0.00>
ST_1 : Operation 63 [1/1] (0.00ns)   --->   "%V_V_9_load_14_read = read i16 @_ssdm_op_Read.ap_auto.i16, i16 %V_V_9_load_14"   --->   Operation 63 'read' 'V_V_9_load_14_read' <Predicate = true> <Delay = 0.00>
ST_1 : Operation 64 [1/1] (0.00ns)   --->   "%V_V_8_load_14_read = read i16 @_ssdm_op_Read.ap_auto.i16, i16 %V_V_8_load_14"   --->   Operation 64 'read' 'V_V_8_load_14_read' <Predicate = true> <Delay = 0.00>
ST_1 : Operation 65 [1/1] (0.00ns)   --->   "%V_V_7_load_14_read = read i16 @_ssdm_op_Read.ap_auto.i16, i16 %V_V_7_load_14"   --->   Operation 65 'read' 'V_V_7_load_14_read' <Predicate = true> <Delay = 0.00>
ST_1 : Operation 66 [1/1] (0.00ns)   --->   "%V_V_6_load_14_read = read i16 @_ssdm_op_Read.ap_auto.i16, i16 %V_V_6_load_14"   --->   Operation 66 'read' 'V_V_6_load_14_read' <Predicate = true> <Delay = 0.00>
ST_1 : Operation 67 [1/1] (0.00ns)   --->   "%V_V_5_load_14_read = read i16 @_ssdm_op_Read.ap_auto.i16, i16 %V_V_5_load_14"   --->   Operation 67 'read' 'V_V_5_load_14_read' <Predicate = true> <Delay = 0.00>
ST_1 : Operation 68 [1/1] (0.00ns)   --->   "%V_V_4_load_14_read = read i16 @_ssdm_op_Read.ap_auto.i16, i16 %V_V_4_load_14"   --->   Operation 68 'read' 'V_V_4_load_14_read' <Predicate = true> <Delay = 0.00>
ST_1 : Operation 69 [1/1] (0.00ns)   --->   "%V_V_3_load_14_read = read i16 @_ssdm_op_Read.ap_auto.i16, i16 %V_V_3_load_14"   --->   Operation 69 'read' 'V_V_3_load_14_read' <Predicate = true> <Delay = 0.00>
ST_1 : Operation 70 [1/1] (0.00ns)   --->   "%V_V_2_load_14_read = read i16 @_ssdm_op_Read.ap_auto.i16, i16 %V_V_2_load_14"   --->   Operation 70 'read' 'V_V_2_load_14_read' <Predicate = true> <Delay = 0.00>
ST_1 : Operation 71 [1/1] (0.00ns)   --->   "%V_V_1_load_14_read = read i16 @_ssdm_op_Read.ap_auto.i16, i16 %V_V_1_load_14"   --->   Operation 71 'read' 'V_V_1_load_14_read' <Predicate = true> <Delay = 0.00>
ST_1 : Operation 72 [1/1] (0.00ns)   --->   "%V_V_load_14_read = read i16 @_ssdm_op_Read.ap_auto.i16, i16 %V_V_load_14"   --->   Operation 72 'read' 'V_V_load_14_read' <Predicate = true> <Delay = 0.00>
ST_1 : Operation 73 [1/1] (0.00ns)   --->   "%K_V_15_load_14_read = read i16 @_ssdm_op_Read.ap_auto.i16, i16 %K_V_15_load_14"   --->   Operation 73 'read' 'K_V_15_load_14_read' <Predicate = true> <Delay = 0.00>
ST_1 : Operation 74 [1/1] (0.00ns)   --->   "%K_V_14_load_14_read = read i16 @_ssdm_op_Read.ap_auto.i16, i16 %K_V_14_load_14"   --->   Operation 74 'read' 'K_V_14_load_14_read' <Predicate = true> <Delay = 0.00>
ST_1 : Operation 75 [1/1] (0.00ns)   --->   "%K_V_13_load_14_read = read i16 @_ssdm_op_Read.ap_auto.i16, i16 %K_V_13_load_14"   --->   Operation 75 'read' 'K_V_13_load_14_read' <Predicate = true> <Delay = 0.00>
ST_1 : Operation 76 [1/1] (0.00ns)   --->   "%K_V_12_load_14_read = read i16 @_ssdm_op_Read.ap_auto.i16, i16 %K_V_12_load_14"   --->   Operation 76 'read' 'K_V_12_load_14_read' <Predicate = true> <Delay = 0.00>
ST_1 : Operation 77 [1/1] (0.00ns)   --->   "%K_V_11_load_14_read = read i16 @_ssdm_op_Read.ap_auto.i16, i16 %K_V_11_load_14"   --->   Operation 77 'read' 'K_V_11_load_14_read' <Predicate = true> <Delay = 0.00>
ST_1 : Operation 78 [1/1] (0.00ns)   --->   "%K_V_10_load_14_read = read i16 @_ssdm_op_Read.ap_auto.i16, i16 %K_V_10_load_14"   --->   Operation 78 'read' 'K_V_10_load_14_read' <Predicate = true> <Delay = 0.00>
ST_1 : Operation 79 [1/1] (0.00ns)   --->   "%K_V_9_load_15_read = read i16 @_ssdm_op_Read.ap_auto.i16, i16 %K_V_9_load_15"   --->   Operation 79 'read' 'K_V_9_load_15_read' <Predicate = true> <Delay = 0.00>
ST_1 : Operation 80 [1/1] (0.00ns)   --->   "%K_V_8_load_15_read = read i16 @_ssdm_op_Read.ap_auto.i16, i16 %K_V_8_load_15"   --->   Operation 80 'read' 'K_V_8_load_15_read' <Predicate = true> <Delay = 0.00>
ST_1 : Operation 81 [1/1] (0.00ns)   --->   "%K_V_7_load_15_read = read i16 @_ssdm_op_Read.ap_auto.i16, i16 %K_V_7_load_15"   --->   Operation 81 'read' 'K_V_7_load_15_read' <Predicate = true> <Delay = 0.00>
ST_1 : Operation 82 [1/1] (0.00ns)   --->   "%K_V_6_load_15_read = read i16 @_ssdm_op_Read.ap_auto.i16, i16 %K_V_6_load_15"   --->   Operation 82 'read' 'K_V_6_load_15_read' <Predicate = true> <Delay = 0.00>
ST_1 : Operation 83 [1/1] (0.00ns)   --->   "%K_V_5_load_15_read = read i16 @_ssdm_op_Read.ap_auto.i16, i16 %K_V_5_load_15"   --->   Operation 83 'read' 'K_V_5_load_15_read' <Predicate = true> <Delay = 0.00>
ST_1 : Operation 84 [1/1] (0.00ns)   --->   "%K_V_4_load_15_read = read i16 @_ssdm_op_Read.ap_auto.i16, i16 %K_V_4_load_15"   --->   Operation 84 'read' 'K_V_4_load_15_read' <Predicate = true> <Delay = 0.00>
ST_1 : Operation 85 [1/1] (0.00ns)   --->   "%K_V_3_load_15_read = read i16 @_ssdm_op_Read.ap_auto.i16, i16 %K_V_3_load_15"   --->   Operation 85 'read' 'K_V_3_load_15_read' <Predicate = true> <Delay = 0.00>
ST_1 : Operation 86 [1/1] (0.00ns)   --->   "%K_V_2_load_15_read = read i16 @_ssdm_op_Read.ap_auto.i16, i16 %K_V_2_load_15"   --->   Operation 86 'read' 'K_V_2_load_15_read' <Predicate = true> <Delay = 0.00>
ST_1 : Operation 87 [1/1] (0.00ns)   --->   "%K_V_1_load_15_read = read i16 @_ssdm_op_Read.ap_auto.i16, i16 %K_V_1_load_15"   --->   Operation 87 'read' 'K_V_1_load_15_read' <Predicate = true> <Delay = 0.00>
ST_1 : Operation 88 [1/1] (0.00ns)   --->   "%K_V_load_15_read = read i16 @_ssdm_op_Read.ap_auto.i16, i16 %K_V_load_15"   --->   Operation 88 'read' 'K_V_load_15_read' <Predicate = true> <Delay = 0.00>
ST_1 : Operation 89 [1/1] (0.00ns)   --->   "%V_V_15_load_13_read = read i16 @_ssdm_op_Read.ap_auto.i16, i16 %V_V_15_load_13"   --->   Operation 89 'read' 'V_V_15_load_13_read' <Predicate = true> <Delay = 0.00>
ST_1 : Operation 90 [1/1] (0.00ns)   --->   "%V_V_14_load_13_read = read i16 @_ssdm_op_Read.ap_auto.i16, i16 %V_V_14_load_13"   --->   Operation 90 'read' 'V_V_14_load_13_read' <Predicate = true> <Delay = 0.00>
ST_1 : Operation 91 [1/1] (0.00ns)   --->   "%V_V_13_load_13_read = read i16 @_ssdm_op_Read.ap_auto.i16, i16 %V_V_13_load_13"   --->   Operation 91 'read' 'V_V_13_load_13_read' <Predicate = true> <Delay = 0.00>
ST_1 : Operation 92 [1/1] (0.00ns)   --->   "%V_V_12_load_13_read = read i16 @_ssdm_op_Read.ap_auto.i16, i16 %V_V_12_load_13"   --->   Operation 92 'read' 'V_V_12_load_13_read' <Predicate = true> <Delay = 0.00>
ST_1 : Operation 93 [1/1] (0.00ns)   --->   "%V_V_11_load_13_read = read i16 @_ssdm_op_Read.ap_auto.i16, i16 %V_V_11_load_13"   --->   Operation 93 'read' 'V_V_11_load_13_read' <Predicate = true> <Delay = 0.00>
ST_1 : Operation 94 [1/1] (0.00ns)   --->   "%V_V_10_load_13_read = read i16 @_ssdm_op_Read.ap_auto.i16, i16 %V_V_10_load_13"   --->   Operation 94 'read' 'V_V_10_load_13_read' <Predicate = true> <Delay = 0.00>
ST_1 : Operation 95 [1/1] (0.00ns)   --->   "%V_V_9_load_13_read = read i16 @_ssdm_op_Read.ap_auto.i16, i16 %V_V_9_load_13"   --->   Operation 95 'read' 'V_V_9_load_13_read' <Predicate = true> <Delay = 0.00>
ST_1 : Operation 96 [1/1] (0.00ns)   --->   "%V_V_8_load_13_read = read i16 @_ssdm_op_Read.ap_auto.i16, i16 %V_V_8_load_13"   --->   Operation 96 'read' 'V_V_8_load_13_read' <Predicate = true> <Delay = 0.00>
ST_1 : Operation 97 [1/1] (0.00ns)   --->   "%V_V_7_load_13_read = read i16 @_ssdm_op_Read.ap_auto.i16, i16 %V_V_7_load_13"   --->   Operation 97 'read' 'V_V_7_load_13_read' <Predicate = true> <Delay = 0.00>
ST_1 : Operation 98 [1/1] (0.00ns)   --->   "%V_V_6_load_13_read = read i16 @_ssdm_op_Read.ap_auto.i16, i16 %V_V_6_load_13"   --->   Operation 98 'read' 'V_V_6_load_13_read' <Predicate = true> <Delay = 0.00>
ST_1 : Operation 99 [1/1] (0.00ns)   --->   "%V_V_5_load_13_read = read i16 @_ssdm_op_Read.ap_auto.i16, i16 %V_V_5_load_13"   --->   Operation 99 'read' 'V_V_5_load_13_read' <Predicate = true> <Delay = 0.00>
ST_1 : Operation 100 [1/1] (0.00ns)   --->   "%V_V_4_load_13_read = read i16 @_ssdm_op_Read.ap_auto.i16, i16 %V_V_4_load_13"   --->   Operation 100 'read' 'V_V_4_load_13_read' <Predicate = true> <Delay = 0.00>
ST_1 : Operation 101 [1/1] (0.00ns)   --->   "%V_V_3_load_13_read = read i16 @_ssdm_op_Read.ap_auto.i16, i16 %V_V_3_load_13"   --->   Operation 101 'read' 'V_V_3_load_13_read' <Predicate = true> <Delay = 0.00>
ST_1 : Operation 102 [1/1] (0.00ns)   --->   "%V_V_2_load_13_read = read i16 @_ssdm_op_Read.ap_auto.i16, i16 %V_V_2_load_13"   --->   Operation 102 'read' 'V_V_2_load_13_read' <Predicate = true> <Delay = 0.00>
ST_1 : Operation 103 [1/1] (0.00ns)   --->   "%V_V_1_load_13_read = read i16 @_ssdm_op_Read.ap_auto.i16, i16 %V_V_1_load_13"   --->   Operation 103 'read' 'V_V_1_load_13_read' <Predicate = true> <Delay = 0.00>
ST_1 : Operation 104 [1/1] (0.00ns)   --->   "%V_V_load_13_read = read i16 @_ssdm_op_Read.ap_auto.i16, i16 %V_V_load_13"   --->   Operation 104 'read' 'V_V_load_13_read' <Predicate = true> <Delay = 0.00>
ST_1 : Operation 105 [1/1] (0.00ns)   --->   "%K_V_15_load_13_read = read i16 @_ssdm_op_Read.ap_auto.i16, i16 %K_V_15_load_13"   --->   Operation 105 'read' 'K_V_15_load_13_read' <Predicate = true> <Delay = 0.00>
ST_1 : Operation 106 [1/1] (0.00ns)   --->   "%K_V_14_load_13_read = read i16 @_ssdm_op_Read.ap_auto.i16, i16 %K_V_14_load_13"   --->   Operation 106 'read' 'K_V_14_load_13_read' <Predicate = true> <Delay = 0.00>
ST_1 : Operation 107 [1/1] (0.00ns)   --->   "%K_V_13_load_13_read = read i16 @_ssdm_op_Read.ap_auto.i16, i16 %K_V_13_load_13"   --->   Operation 107 'read' 'K_V_13_load_13_read' <Predicate = true> <Delay = 0.00>
ST_1 : Operation 108 [1/1] (0.00ns)   --->   "%K_V_12_load_13_read = read i16 @_ssdm_op_Read.ap_auto.i16, i16 %K_V_12_load_13"   --->   Operation 108 'read' 'K_V_12_load_13_read' <Predicate = true> <Delay = 0.00>
ST_1 : Operation 109 [1/1] (0.00ns)   --->   "%K_V_11_load_13_read = read i16 @_ssdm_op_Read.ap_auto.i16, i16 %K_V_11_load_13"   --->   Operation 109 'read' 'K_V_11_load_13_read' <Predicate = true> <Delay = 0.00>
ST_1 : Operation 110 [1/1] (0.00ns)   --->   "%K_V_10_load_13_read = read i16 @_ssdm_op_Read.ap_auto.i16, i16 %K_V_10_load_13"   --->   Operation 110 'read' 'K_V_10_load_13_read' <Predicate = true> <Delay = 0.00>
ST_1 : Operation 111 [1/1] (0.00ns)   --->   "%K_V_9_load_14_read = read i16 @_ssdm_op_Read.ap_auto.i16, i16 %K_V_9_load_14"   --->   Operation 111 'read' 'K_V_9_load_14_read' <Predicate = true> <Delay = 0.00>
ST_1 : Operation 112 [1/1] (0.00ns)   --->   "%K_V_8_load_14_read = read i16 @_ssdm_op_Read.ap_auto.i16, i16 %K_V_8_load_14"   --->   Operation 112 'read' 'K_V_8_load_14_read' <Predicate = true> <Delay = 0.00>
ST_1 : Operation 113 [1/1] (0.00ns)   --->   "%K_V_7_load_14_read = read i16 @_ssdm_op_Read.ap_auto.i16, i16 %K_V_7_load_14"   --->   Operation 113 'read' 'K_V_7_load_14_read' <Predicate = true> <Delay = 0.00>
ST_1 : Operation 114 [1/1] (0.00ns)   --->   "%K_V_6_load_14_read = read i16 @_ssdm_op_Read.ap_auto.i16, i16 %K_V_6_load_14"   --->   Operation 114 'read' 'K_V_6_load_14_read' <Predicate = true> <Delay = 0.00>
ST_1 : Operation 115 [1/1] (0.00ns)   --->   "%K_V_5_load_14_read = read i16 @_ssdm_op_Read.ap_auto.i16, i16 %K_V_5_load_14"   --->   Operation 115 'read' 'K_V_5_load_14_read' <Predicate = true> <Delay = 0.00>
ST_1 : Operation 116 [1/1] (0.00ns)   --->   "%K_V_4_load_14_read = read i16 @_ssdm_op_Read.ap_auto.i16, i16 %K_V_4_load_14"   --->   Operation 116 'read' 'K_V_4_load_14_read' <Predicate = true> <Delay = 0.00>
ST_1 : Operation 117 [1/1] (0.00ns)   --->   "%K_V_3_load_14_read = read i16 @_ssdm_op_Read.ap_auto.i16, i16 %K_V_3_load_14"   --->   Operation 117 'read' 'K_V_3_load_14_read' <Predicate = true> <Delay = 0.00>
ST_1 : Operation 118 [1/1] (0.00ns)   --->   "%K_V_2_load_14_read = read i16 @_ssdm_op_Read.ap_auto.i16, i16 %K_V_2_load_14"   --->   Operation 118 'read' 'K_V_2_load_14_read' <Predicate = true> <Delay = 0.00>
ST_1 : Operation 119 [1/1] (0.00ns)   --->   "%K_V_1_load_14_read = read i16 @_ssdm_op_Read.ap_auto.i16, i16 %K_V_1_load_14"   --->   Operation 119 'read' 'K_V_1_load_14_read' <Predicate = true> <Delay = 0.00>
ST_1 : Operation 120 [1/1] (0.00ns)   --->   "%K_V_load_14_read = read i16 @_ssdm_op_Read.ap_auto.i16, i16 %K_V_load_14"   --->   Operation 120 'read' 'K_V_load_14_read' <Predicate = true> <Delay = 0.00>
ST_1 : Operation 121 [1/1] (0.00ns)   --->   "%V_V_15_load_12_read = read i16 @_ssdm_op_Read.ap_auto.i16, i16 %V_V_15_load_12"   --->   Operation 121 'read' 'V_V_15_load_12_read' <Predicate = true> <Delay = 0.00>
ST_1 : Operation 122 [1/1] (0.00ns)   --->   "%V_V_14_load_12_read = read i16 @_ssdm_op_Read.ap_auto.i16, i16 %V_V_14_load_12"   --->   Operation 122 'read' 'V_V_14_load_12_read' <Predicate = true> <Delay = 0.00>
ST_1 : Operation 123 [1/1] (0.00ns)   --->   "%V_V_13_load_12_read = read i16 @_ssdm_op_Read.ap_auto.i16, i16 %V_V_13_load_12"   --->   Operation 123 'read' 'V_V_13_load_12_read' <Predicate = true> <Delay = 0.00>
ST_1 : Operation 124 [1/1] (0.00ns)   --->   "%V_V_12_load_12_read = read i16 @_ssdm_op_Read.ap_auto.i16, i16 %V_V_12_load_12"   --->   Operation 124 'read' 'V_V_12_load_12_read' <Predicate = true> <Delay = 0.00>
ST_1 : Operation 125 [1/1] (0.00ns)   --->   "%V_V_11_load_12_read = read i16 @_ssdm_op_Read.ap_auto.i16, i16 %V_V_11_load_12"   --->   Operation 125 'read' 'V_V_11_load_12_read' <Predicate = true> <Delay = 0.00>
ST_1 : Operation 126 [1/1] (0.00ns)   --->   "%V_V_10_load_12_read = read i16 @_ssdm_op_Read.ap_auto.i16, i16 %V_V_10_load_12"   --->   Operation 126 'read' 'V_V_10_load_12_read' <Predicate = true> <Delay = 0.00>
ST_1 : Operation 127 [1/1] (0.00ns)   --->   "%V_V_9_load_12_read = read i16 @_ssdm_op_Read.ap_auto.i16, i16 %V_V_9_load_12"   --->   Operation 127 'read' 'V_V_9_load_12_read' <Predicate = true> <Delay = 0.00>
ST_1 : Operation 128 [1/1] (0.00ns)   --->   "%V_V_8_load_12_read = read i16 @_ssdm_op_Read.ap_auto.i16, i16 %V_V_8_load_12"   --->   Operation 128 'read' 'V_V_8_load_12_read' <Predicate = true> <Delay = 0.00>
ST_1 : Operation 129 [1/1] (0.00ns)   --->   "%V_V_7_load_12_read = read i16 @_ssdm_op_Read.ap_auto.i16, i16 %V_V_7_load_12"   --->   Operation 129 'read' 'V_V_7_load_12_read' <Predicate = true> <Delay = 0.00>
ST_1 : Operation 130 [1/1] (0.00ns)   --->   "%V_V_6_load_12_read = read i16 @_ssdm_op_Read.ap_auto.i16, i16 %V_V_6_load_12"   --->   Operation 130 'read' 'V_V_6_load_12_read' <Predicate = true> <Delay = 0.00>
ST_1 : Operation 131 [1/1] (0.00ns)   --->   "%V_V_5_load_12_read = read i16 @_ssdm_op_Read.ap_auto.i16, i16 %V_V_5_load_12"   --->   Operation 131 'read' 'V_V_5_load_12_read' <Predicate = true> <Delay = 0.00>
ST_1 : Operation 132 [1/1] (0.00ns)   --->   "%V_V_4_load_12_read = read i16 @_ssdm_op_Read.ap_auto.i16, i16 %V_V_4_load_12"   --->   Operation 132 'read' 'V_V_4_load_12_read' <Predicate = true> <Delay = 0.00>
ST_1 : Operation 133 [1/1] (0.00ns)   --->   "%V_V_3_load_12_read = read i16 @_ssdm_op_Read.ap_auto.i16, i16 %V_V_3_load_12"   --->   Operation 133 'read' 'V_V_3_load_12_read' <Predicate = true> <Delay = 0.00>
ST_1 : Operation 134 [1/1] (0.00ns)   --->   "%V_V_2_load_12_read = read i16 @_ssdm_op_Read.ap_auto.i16, i16 %V_V_2_load_12"   --->   Operation 134 'read' 'V_V_2_load_12_read' <Predicate = true> <Delay = 0.00>
ST_1 : Operation 135 [1/1] (0.00ns)   --->   "%V_V_1_load_12_read = read i16 @_ssdm_op_Read.ap_auto.i16, i16 %V_V_1_load_12"   --->   Operation 135 'read' 'V_V_1_load_12_read' <Predicate = true> <Delay = 0.00>
ST_1 : Operation 136 [1/1] (0.00ns)   --->   "%V_V_load_12_read = read i16 @_ssdm_op_Read.ap_auto.i16, i16 %V_V_load_12"   --->   Operation 136 'read' 'V_V_load_12_read' <Predicate = true> <Delay = 0.00>
ST_1 : Operation 137 [1/1] (0.00ns)   --->   "%K_V_15_load_12_read = read i16 @_ssdm_op_Read.ap_auto.i16, i16 %K_V_15_load_12"   --->   Operation 137 'read' 'K_V_15_load_12_read' <Predicate = true> <Delay = 0.00>
ST_1 : Operation 138 [1/1] (0.00ns)   --->   "%K_V_14_load_12_read = read i16 @_ssdm_op_Read.ap_auto.i16, i16 %K_V_14_load_12"   --->   Operation 138 'read' 'K_V_14_load_12_read' <Predicate = true> <Delay = 0.00>
ST_1 : Operation 139 [1/1] (0.00ns)   --->   "%K_V_13_load_12_read = read i16 @_ssdm_op_Read.ap_auto.i16, i16 %K_V_13_load_12"   --->   Operation 139 'read' 'K_V_13_load_12_read' <Predicate = true> <Delay = 0.00>
ST_1 : Operation 140 [1/1] (0.00ns)   --->   "%K_V_12_load_12_read = read i16 @_ssdm_op_Read.ap_auto.i16, i16 %K_V_12_load_12"   --->   Operation 140 'read' 'K_V_12_load_12_read' <Predicate = true> <Delay = 0.00>
ST_1 : Operation 141 [1/1] (0.00ns)   --->   "%K_V_11_load_12_read = read i16 @_ssdm_op_Read.ap_auto.i16, i16 %K_V_11_load_12"   --->   Operation 141 'read' 'K_V_11_load_12_read' <Predicate = true> <Delay = 0.00>
ST_1 : Operation 142 [1/1] (0.00ns)   --->   "%K_V_10_load_12_read = read i16 @_ssdm_op_Read.ap_auto.i16, i16 %K_V_10_load_12"   --->   Operation 142 'read' 'K_V_10_load_12_read' <Predicate = true> <Delay = 0.00>
ST_1 : Operation 143 [1/1] (0.00ns)   --->   "%K_V_9_load_13_read = read i16 @_ssdm_op_Read.ap_auto.i16, i16 %K_V_9_load_13"   --->   Operation 143 'read' 'K_V_9_load_13_read' <Predicate = true> <Delay = 0.00>
ST_1 : Operation 144 [1/1] (0.00ns)   --->   "%K_V_8_load_13_read = read i16 @_ssdm_op_Read.ap_auto.i16, i16 %K_V_8_load_13"   --->   Operation 144 'read' 'K_V_8_load_13_read' <Predicate = true> <Delay = 0.00>
ST_1 : Operation 145 [1/1] (0.00ns)   --->   "%K_V_7_load_13_read = read i16 @_ssdm_op_Read.ap_auto.i16, i16 %K_V_7_load_13"   --->   Operation 145 'read' 'K_V_7_load_13_read' <Predicate = true> <Delay = 0.00>
ST_1 : Operation 146 [1/1] (0.00ns)   --->   "%K_V_6_load_13_read = read i16 @_ssdm_op_Read.ap_auto.i16, i16 %K_V_6_load_13"   --->   Operation 146 'read' 'K_V_6_load_13_read' <Predicate = true> <Delay = 0.00>
ST_1 : Operation 147 [1/1] (0.00ns)   --->   "%K_V_5_load_13_read = read i16 @_ssdm_op_Read.ap_auto.i16, i16 %K_V_5_load_13"   --->   Operation 147 'read' 'K_V_5_load_13_read' <Predicate = true> <Delay = 0.00>
ST_1 : Operation 148 [1/1] (0.00ns)   --->   "%K_V_4_load_13_read = read i16 @_ssdm_op_Read.ap_auto.i16, i16 %K_V_4_load_13"   --->   Operation 148 'read' 'K_V_4_load_13_read' <Predicate = true> <Delay = 0.00>
ST_1 : Operation 149 [1/1] (0.00ns)   --->   "%K_V_3_load_13_read = read i16 @_ssdm_op_Read.ap_auto.i16, i16 %K_V_3_load_13"   --->   Operation 149 'read' 'K_V_3_load_13_read' <Predicate = true> <Delay = 0.00>
ST_1 : Operation 150 [1/1] (0.00ns)   --->   "%K_V_2_load_13_read = read i16 @_ssdm_op_Read.ap_auto.i16, i16 %K_V_2_load_13"   --->   Operation 150 'read' 'K_V_2_load_13_read' <Predicate = true> <Delay = 0.00>
ST_1 : Operation 151 [1/1] (0.00ns)   --->   "%K_V_1_load_13_read = read i16 @_ssdm_op_Read.ap_auto.i16, i16 %K_V_1_load_13"   --->   Operation 151 'read' 'K_V_1_load_13_read' <Predicate = true> <Delay = 0.00>
ST_1 : Operation 152 [1/1] (0.00ns)   --->   "%K_V_load_13_read = read i16 @_ssdm_op_Read.ap_auto.i16, i16 %K_V_load_13"   --->   Operation 152 'read' 'K_V_load_13_read' <Predicate = true> <Delay = 0.00>
ST_1 : Operation 153 [1/1] (0.00ns)   --->   "%V_V_15_load_11_read = read i16 @_ssdm_op_Read.ap_auto.i16, i16 %V_V_15_load_11"   --->   Operation 153 'read' 'V_V_15_load_11_read' <Predicate = true> <Delay = 0.00>
ST_1 : Operation 154 [1/1] (0.00ns)   --->   "%V_V_14_load_11_read = read i16 @_ssdm_op_Read.ap_auto.i16, i16 %V_V_14_load_11"   --->   Operation 154 'read' 'V_V_14_load_11_read' <Predicate = true> <Delay = 0.00>
ST_1 : Operation 155 [1/1] (0.00ns)   --->   "%V_V_13_load_11_read = read i16 @_ssdm_op_Read.ap_auto.i16, i16 %V_V_13_load_11"   --->   Operation 155 'read' 'V_V_13_load_11_read' <Predicate = true> <Delay = 0.00>
ST_1 : Operation 156 [1/1] (0.00ns)   --->   "%V_V_12_load_11_read = read i16 @_ssdm_op_Read.ap_auto.i16, i16 %V_V_12_load_11"   --->   Operation 156 'read' 'V_V_12_load_11_read' <Predicate = true> <Delay = 0.00>
ST_1 : Operation 157 [1/1] (0.00ns)   --->   "%V_V_11_load_11_read = read i16 @_ssdm_op_Read.ap_auto.i16, i16 %V_V_11_load_11"   --->   Operation 157 'read' 'V_V_11_load_11_read' <Predicate = true> <Delay = 0.00>
ST_1 : Operation 158 [1/1] (0.00ns)   --->   "%V_V_10_load_11_read = read i16 @_ssdm_op_Read.ap_auto.i16, i16 %V_V_10_load_11"   --->   Operation 158 'read' 'V_V_10_load_11_read' <Predicate = true> <Delay = 0.00>
ST_1 : Operation 159 [1/1] (0.00ns)   --->   "%V_V_9_load_11_read = read i16 @_ssdm_op_Read.ap_auto.i16, i16 %V_V_9_load_11"   --->   Operation 159 'read' 'V_V_9_load_11_read' <Predicate = true> <Delay = 0.00>
ST_1 : Operation 160 [1/1] (0.00ns)   --->   "%V_V_8_load_11_read = read i16 @_ssdm_op_Read.ap_auto.i16, i16 %V_V_8_load_11"   --->   Operation 160 'read' 'V_V_8_load_11_read' <Predicate = true> <Delay = 0.00>
ST_1 : Operation 161 [1/1] (0.00ns)   --->   "%V_V_7_load_11_read = read i16 @_ssdm_op_Read.ap_auto.i16, i16 %V_V_7_load_11"   --->   Operation 161 'read' 'V_V_7_load_11_read' <Predicate = true> <Delay = 0.00>
ST_1 : Operation 162 [1/1] (0.00ns)   --->   "%V_V_6_load_11_read = read i16 @_ssdm_op_Read.ap_auto.i16, i16 %V_V_6_load_11"   --->   Operation 162 'read' 'V_V_6_load_11_read' <Predicate = true> <Delay = 0.00>
ST_1 : Operation 163 [1/1] (0.00ns)   --->   "%V_V_5_load_11_read = read i16 @_ssdm_op_Read.ap_auto.i16, i16 %V_V_5_load_11"   --->   Operation 163 'read' 'V_V_5_load_11_read' <Predicate = true> <Delay = 0.00>
ST_1 : Operation 164 [1/1] (0.00ns)   --->   "%V_V_4_load_11_read = read i16 @_ssdm_op_Read.ap_auto.i16, i16 %V_V_4_load_11"   --->   Operation 164 'read' 'V_V_4_load_11_read' <Predicate = true> <Delay = 0.00>
ST_1 : Operation 165 [1/1] (0.00ns)   --->   "%V_V_3_load_11_read = read i16 @_ssdm_op_Read.ap_auto.i16, i16 %V_V_3_load_11"   --->   Operation 165 'read' 'V_V_3_load_11_read' <Predicate = true> <Delay = 0.00>
ST_1 : Operation 166 [1/1] (0.00ns)   --->   "%V_V_2_load_11_read = read i16 @_ssdm_op_Read.ap_auto.i16, i16 %V_V_2_load_11"   --->   Operation 166 'read' 'V_V_2_load_11_read' <Predicate = true> <Delay = 0.00>
ST_1 : Operation 167 [1/1] (0.00ns)   --->   "%V_V_1_load_11_read = read i16 @_ssdm_op_Read.ap_auto.i16, i16 %V_V_1_load_11"   --->   Operation 167 'read' 'V_V_1_load_11_read' <Predicate = true> <Delay = 0.00>
ST_1 : Operation 168 [1/1] (0.00ns)   --->   "%V_V_load_11_read = read i16 @_ssdm_op_Read.ap_auto.i16, i16 %V_V_load_11"   --->   Operation 168 'read' 'V_V_load_11_read' <Predicate = true> <Delay = 0.00>
ST_1 : Operation 169 [1/1] (0.00ns)   --->   "%K_V_15_load_11_read = read i16 @_ssdm_op_Read.ap_auto.i16, i16 %K_V_15_load_11"   --->   Operation 169 'read' 'K_V_15_load_11_read' <Predicate = true> <Delay = 0.00>
ST_1 : Operation 170 [1/1] (0.00ns)   --->   "%K_V_14_load_11_read = read i16 @_ssdm_op_Read.ap_auto.i16, i16 %K_V_14_load_11"   --->   Operation 170 'read' 'K_V_14_load_11_read' <Predicate = true> <Delay = 0.00>
ST_1 : Operation 171 [1/1] (0.00ns)   --->   "%K_V_13_load_11_read = read i16 @_ssdm_op_Read.ap_auto.i16, i16 %K_V_13_load_11"   --->   Operation 171 'read' 'K_V_13_load_11_read' <Predicate = true> <Delay = 0.00>
ST_1 : Operation 172 [1/1] (0.00ns)   --->   "%K_V_12_load_11_read = read i16 @_ssdm_op_Read.ap_auto.i16, i16 %K_V_12_load_11"   --->   Operation 172 'read' 'K_V_12_load_11_read' <Predicate = true> <Delay = 0.00>
ST_1 : Operation 173 [1/1] (0.00ns)   --->   "%K_V_11_load_11_read = read i16 @_ssdm_op_Read.ap_auto.i16, i16 %K_V_11_load_11"   --->   Operation 173 'read' 'K_V_11_load_11_read' <Predicate = true> <Delay = 0.00>
ST_1 : Operation 174 [1/1] (0.00ns)   --->   "%K_V_10_load_11_read = read i16 @_ssdm_op_Read.ap_auto.i16, i16 %K_V_10_load_11"   --->   Operation 174 'read' 'K_V_10_load_11_read' <Predicate = true> <Delay = 0.00>
ST_1 : Operation 175 [1/1] (0.00ns)   --->   "%K_V_9_load_12_read = read i16 @_ssdm_op_Read.ap_auto.i16, i16 %K_V_9_load_12"   --->   Operation 175 'read' 'K_V_9_load_12_read' <Predicate = true> <Delay = 0.00>
ST_1 : Operation 176 [1/1] (0.00ns)   --->   "%K_V_8_load_12_read = read i16 @_ssdm_op_Read.ap_auto.i16, i16 %K_V_8_load_12"   --->   Operation 176 'read' 'K_V_8_load_12_read' <Predicate = true> <Delay = 0.00>
ST_1 : Operation 177 [1/1] (0.00ns)   --->   "%K_V_7_load_12_read = read i16 @_ssdm_op_Read.ap_auto.i16, i16 %K_V_7_load_12"   --->   Operation 177 'read' 'K_V_7_load_12_read' <Predicate = true> <Delay = 0.00>
ST_1 : Operation 178 [1/1] (0.00ns)   --->   "%K_V_6_load_12_read = read i16 @_ssdm_op_Read.ap_auto.i16, i16 %K_V_6_load_12"   --->   Operation 178 'read' 'K_V_6_load_12_read' <Predicate = true> <Delay = 0.00>
ST_1 : Operation 179 [1/1] (0.00ns)   --->   "%K_V_5_load_12_read = read i16 @_ssdm_op_Read.ap_auto.i16, i16 %K_V_5_load_12"   --->   Operation 179 'read' 'K_V_5_load_12_read' <Predicate = true> <Delay = 0.00>
ST_1 : Operation 180 [1/1] (0.00ns)   --->   "%K_V_4_load_12_read = read i16 @_ssdm_op_Read.ap_auto.i16, i16 %K_V_4_load_12"   --->   Operation 180 'read' 'K_V_4_load_12_read' <Predicate = true> <Delay = 0.00>
ST_1 : Operation 181 [1/1] (0.00ns)   --->   "%K_V_3_load_12_read = read i16 @_ssdm_op_Read.ap_auto.i16, i16 %K_V_3_load_12"   --->   Operation 181 'read' 'K_V_3_load_12_read' <Predicate = true> <Delay = 0.00>
ST_1 : Operation 182 [1/1] (0.00ns)   --->   "%K_V_2_load_12_read = read i16 @_ssdm_op_Read.ap_auto.i16, i16 %K_V_2_load_12"   --->   Operation 182 'read' 'K_V_2_load_12_read' <Predicate = true> <Delay = 0.00>
ST_1 : Operation 183 [1/1] (0.00ns)   --->   "%K_V_1_load_12_read = read i16 @_ssdm_op_Read.ap_auto.i16, i16 %K_V_1_load_12"   --->   Operation 183 'read' 'K_V_1_load_12_read' <Predicate = true> <Delay = 0.00>
ST_1 : Operation 184 [1/1] (0.00ns)   --->   "%K_V_load_12_read = read i16 @_ssdm_op_Read.ap_auto.i16, i16 %K_V_load_12"   --->   Operation 184 'read' 'K_V_load_12_read' <Predicate = true> <Delay = 0.00>
ST_1 : Operation 185 [1/1] (0.00ns)   --->   "%V_V_15_load_10_read = read i16 @_ssdm_op_Read.ap_auto.i16, i16 %V_V_15_load_10"   --->   Operation 185 'read' 'V_V_15_load_10_read' <Predicate = true> <Delay = 0.00>
ST_1 : Operation 186 [1/1] (0.00ns)   --->   "%V_V_14_load_10_read = read i16 @_ssdm_op_Read.ap_auto.i16, i16 %V_V_14_load_10"   --->   Operation 186 'read' 'V_V_14_load_10_read' <Predicate = true> <Delay = 0.00>
ST_1 : Operation 187 [1/1] (0.00ns)   --->   "%V_V_13_load_10_read = read i16 @_ssdm_op_Read.ap_auto.i16, i16 %V_V_13_load_10"   --->   Operation 187 'read' 'V_V_13_load_10_read' <Predicate = true> <Delay = 0.00>
ST_1 : Operation 188 [1/1] (0.00ns)   --->   "%V_V_12_load_10_read = read i16 @_ssdm_op_Read.ap_auto.i16, i16 %V_V_12_load_10"   --->   Operation 188 'read' 'V_V_12_load_10_read' <Predicate = true> <Delay = 0.00>
ST_1 : Operation 189 [1/1] (0.00ns)   --->   "%V_V_11_load_10_read = read i16 @_ssdm_op_Read.ap_auto.i16, i16 %V_V_11_load_10"   --->   Operation 189 'read' 'V_V_11_load_10_read' <Predicate = true> <Delay = 0.00>
ST_1 : Operation 190 [1/1] (0.00ns)   --->   "%V_V_10_load_10_read = read i16 @_ssdm_op_Read.ap_auto.i16, i16 %V_V_10_load_10"   --->   Operation 190 'read' 'V_V_10_load_10_read' <Predicate = true> <Delay = 0.00>
ST_1 : Operation 191 [1/1] (0.00ns)   --->   "%V_V_9_load_10_read = read i16 @_ssdm_op_Read.ap_auto.i16, i16 %V_V_9_load_10"   --->   Operation 191 'read' 'V_V_9_load_10_read' <Predicate = true> <Delay = 0.00>
ST_1 : Operation 192 [1/1] (0.00ns)   --->   "%V_V_8_load_10_read = read i16 @_ssdm_op_Read.ap_auto.i16, i16 %V_V_8_load_10"   --->   Operation 192 'read' 'V_V_8_load_10_read' <Predicate = true> <Delay = 0.00>
ST_1 : Operation 193 [1/1] (0.00ns)   --->   "%V_V_7_load_10_read = read i16 @_ssdm_op_Read.ap_auto.i16, i16 %V_V_7_load_10"   --->   Operation 193 'read' 'V_V_7_load_10_read' <Predicate = true> <Delay = 0.00>
ST_1 : Operation 194 [1/1] (0.00ns)   --->   "%V_V_6_load_10_read = read i16 @_ssdm_op_Read.ap_auto.i16, i16 %V_V_6_load_10"   --->   Operation 194 'read' 'V_V_6_load_10_read' <Predicate = true> <Delay = 0.00>
ST_1 : Operation 195 [1/1] (0.00ns)   --->   "%V_V_5_load_10_read = read i16 @_ssdm_op_Read.ap_auto.i16, i16 %V_V_5_load_10"   --->   Operation 195 'read' 'V_V_5_load_10_read' <Predicate = true> <Delay = 0.00>
ST_1 : Operation 196 [1/1] (0.00ns)   --->   "%V_V_4_load_10_read = read i16 @_ssdm_op_Read.ap_auto.i16, i16 %V_V_4_load_10"   --->   Operation 196 'read' 'V_V_4_load_10_read' <Predicate = true> <Delay = 0.00>
ST_1 : Operation 197 [1/1] (0.00ns)   --->   "%V_V_3_load_10_read = read i16 @_ssdm_op_Read.ap_auto.i16, i16 %V_V_3_load_10"   --->   Operation 197 'read' 'V_V_3_load_10_read' <Predicate = true> <Delay = 0.00>
ST_1 : Operation 198 [1/1] (0.00ns)   --->   "%V_V_2_load_10_read = read i16 @_ssdm_op_Read.ap_auto.i16, i16 %V_V_2_load_10"   --->   Operation 198 'read' 'V_V_2_load_10_read' <Predicate = true> <Delay = 0.00>
ST_1 : Operation 199 [1/1] (0.00ns)   --->   "%V_V_1_load_10_read = read i16 @_ssdm_op_Read.ap_auto.i16, i16 %V_V_1_load_10"   --->   Operation 199 'read' 'V_V_1_load_10_read' <Predicate = true> <Delay = 0.00>
ST_1 : Operation 200 [1/1] (0.00ns)   --->   "%V_V_load_10_read = read i16 @_ssdm_op_Read.ap_auto.i16, i16 %V_V_load_10"   --->   Operation 200 'read' 'V_V_load_10_read' <Predicate = true> <Delay = 0.00>
ST_1 : Operation 201 [1/1] (0.00ns)   --->   "%K_V_15_load_10_read = read i16 @_ssdm_op_Read.ap_auto.i16, i16 %K_V_15_load_10"   --->   Operation 201 'read' 'K_V_15_load_10_read' <Predicate = true> <Delay = 0.00>
ST_1 : Operation 202 [1/1] (0.00ns)   --->   "%K_V_14_load_10_read = read i16 @_ssdm_op_Read.ap_auto.i16, i16 %K_V_14_load_10"   --->   Operation 202 'read' 'K_V_14_load_10_read' <Predicate = true> <Delay = 0.00>
ST_1 : Operation 203 [1/1] (0.00ns)   --->   "%K_V_13_load_10_read = read i16 @_ssdm_op_Read.ap_auto.i16, i16 %K_V_13_load_10"   --->   Operation 203 'read' 'K_V_13_load_10_read' <Predicate = true> <Delay = 0.00>
ST_1 : Operation 204 [1/1] (0.00ns)   --->   "%K_V_12_load_10_read = read i16 @_ssdm_op_Read.ap_auto.i16, i16 %K_V_12_load_10"   --->   Operation 204 'read' 'K_V_12_load_10_read' <Predicate = true> <Delay = 0.00>
ST_1 : Operation 205 [1/1] (0.00ns)   --->   "%K_V_11_load_10_read = read i16 @_ssdm_op_Read.ap_auto.i16, i16 %K_V_11_load_10"   --->   Operation 205 'read' 'K_V_11_load_10_read' <Predicate = true> <Delay = 0.00>
ST_1 : Operation 206 [1/1] (0.00ns)   --->   "%K_V_10_load_10_read = read i16 @_ssdm_op_Read.ap_auto.i16, i16 %K_V_10_load_10"   --->   Operation 206 'read' 'K_V_10_load_10_read' <Predicate = true> <Delay = 0.00>
ST_1 : Operation 207 [1/1] (0.00ns)   --->   "%K_V_9_load_11_read = read i16 @_ssdm_op_Read.ap_auto.i16, i16 %K_V_9_load_11"   --->   Operation 207 'read' 'K_V_9_load_11_read' <Predicate = true> <Delay = 0.00>
ST_1 : Operation 208 [1/1] (0.00ns)   --->   "%K_V_8_load_11_read = read i16 @_ssdm_op_Read.ap_auto.i16, i16 %K_V_8_load_11"   --->   Operation 208 'read' 'K_V_8_load_11_read' <Predicate = true> <Delay = 0.00>
ST_1 : Operation 209 [1/1] (0.00ns)   --->   "%K_V_7_load_11_read = read i16 @_ssdm_op_Read.ap_auto.i16, i16 %K_V_7_load_11"   --->   Operation 209 'read' 'K_V_7_load_11_read' <Predicate = true> <Delay = 0.00>
ST_1 : Operation 210 [1/1] (0.00ns)   --->   "%K_V_6_load_11_read = read i16 @_ssdm_op_Read.ap_auto.i16, i16 %K_V_6_load_11"   --->   Operation 210 'read' 'K_V_6_load_11_read' <Predicate = true> <Delay = 0.00>
ST_1 : Operation 211 [1/1] (0.00ns)   --->   "%K_V_5_load_11_read = read i16 @_ssdm_op_Read.ap_auto.i16, i16 %K_V_5_load_11"   --->   Operation 211 'read' 'K_V_5_load_11_read' <Predicate = true> <Delay = 0.00>
ST_1 : Operation 212 [1/1] (0.00ns)   --->   "%K_V_4_load_11_read = read i16 @_ssdm_op_Read.ap_auto.i16, i16 %K_V_4_load_11"   --->   Operation 212 'read' 'K_V_4_load_11_read' <Predicate = true> <Delay = 0.00>
ST_1 : Operation 213 [1/1] (0.00ns)   --->   "%K_V_3_load_11_read = read i16 @_ssdm_op_Read.ap_auto.i16, i16 %K_V_3_load_11"   --->   Operation 213 'read' 'K_V_3_load_11_read' <Predicate = true> <Delay = 0.00>
ST_1 : Operation 214 [1/1] (0.00ns)   --->   "%K_V_2_load_11_read = read i16 @_ssdm_op_Read.ap_auto.i16, i16 %K_V_2_load_11"   --->   Operation 214 'read' 'K_V_2_load_11_read' <Predicate = true> <Delay = 0.00>
ST_1 : Operation 215 [1/1] (0.00ns)   --->   "%K_V_1_load_11_read = read i16 @_ssdm_op_Read.ap_auto.i16, i16 %K_V_1_load_11"   --->   Operation 215 'read' 'K_V_1_load_11_read' <Predicate = true> <Delay = 0.00>
ST_1 : Operation 216 [1/1] (0.00ns)   --->   "%K_V_load_11_read = read i16 @_ssdm_op_Read.ap_auto.i16, i16 %K_V_load_11"   --->   Operation 216 'read' 'K_V_load_11_read' <Predicate = true> <Delay = 0.00>
ST_1 : Operation 217 [1/1] (0.00ns)   --->   "%V_V_15_load_9_read = read i16 @_ssdm_op_Read.ap_auto.i16, i16 %V_V_15_load_9"   --->   Operation 217 'read' 'V_V_15_load_9_read' <Predicate = true> <Delay = 0.00>
ST_1 : Operation 218 [1/1] (0.00ns)   --->   "%V_V_14_load_9_read = read i16 @_ssdm_op_Read.ap_auto.i16, i16 %V_V_14_load_9"   --->   Operation 218 'read' 'V_V_14_load_9_read' <Predicate = true> <Delay = 0.00>
ST_1 : Operation 219 [1/1] (0.00ns)   --->   "%V_V_13_load_9_read = read i16 @_ssdm_op_Read.ap_auto.i16, i16 %V_V_13_load_9"   --->   Operation 219 'read' 'V_V_13_load_9_read' <Predicate = true> <Delay = 0.00>
ST_1 : Operation 220 [1/1] (0.00ns)   --->   "%V_V_12_load_9_read = read i16 @_ssdm_op_Read.ap_auto.i16, i16 %V_V_12_load_9"   --->   Operation 220 'read' 'V_V_12_load_9_read' <Predicate = true> <Delay = 0.00>
ST_1 : Operation 221 [1/1] (0.00ns)   --->   "%V_V_11_load_9_read = read i16 @_ssdm_op_Read.ap_auto.i16, i16 %V_V_11_load_9"   --->   Operation 221 'read' 'V_V_11_load_9_read' <Predicate = true> <Delay = 0.00>
ST_1 : Operation 222 [1/1] (0.00ns)   --->   "%V_V_10_load_9_read = read i16 @_ssdm_op_Read.ap_auto.i16, i16 %V_V_10_load_9"   --->   Operation 222 'read' 'V_V_10_load_9_read' <Predicate = true> <Delay = 0.00>
ST_1 : Operation 223 [1/1] (0.00ns)   --->   "%V_V_9_load_9_read = read i16 @_ssdm_op_Read.ap_auto.i16, i16 %V_V_9_load_9"   --->   Operation 223 'read' 'V_V_9_load_9_read' <Predicate = true> <Delay = 0.00>
ST_1 : Operation 224 [1/1] (0.00ns)   --->   "%V_V_8_load_9_read = read i16 @_ssdm_op_Read.ap_auto.i16, i16 %V_V_8_load_9"   --->   Operation 224 'read' 'V_V_8_load_9_read' <Predicate = true> <Delay = 0.00>
ST_1 : Operation 225 [1/1] (0.00ns)   --->   "%V_V_7_load_9_read = read i16 @_ssdm_op_Read.ap_auto.i16, i16 %V_V_7_load_9"   --->   Operation 225 'read' 'V_V_7_load_9_read' <Predicate = true> <Delay = 0.00>
ST_1 : Operation 226 [1/1] (0.00ns)   --->   "%V_V_6_load_9_read = read i16 @_ssdm_op_Read.ap_auto.i16, i16 %V_V_6_load_9"   --->   Operation 226 'read' 'V_V_6_load_9_read' <Predicate = true> <Delay = 0.00>
ST_1 : Operation 227 [1/1] (0.00ns)   --->   "%V_V_5_load_9_read = read i16 @_ssdm_op_Read.ap_auto.i16, i16 %V_V_5_load_9"   --->   Operation 227 'read' 'V_V_5_load_9_read' <Predicate = true> <Delay = 0.00>
ST_1 : Operation 228 [1/1] (0.00ns)   --->   "%V_V_4_load_9_read = read i16 @_ssdm_op_Read.ap_auto.i16, i16 %V_V_4_load_9"   --->   Operation 228 'read' 'V_V_4_load_9_read' <Predicate = true> <Delay = 0.00>
ST_1 : Operation 229 [1/1] (0.00ns)   --->   "%V_V_3_load_9_read = read i16 @_ssdm_op_Read.ap_auto.i16, i16 %V_V_3_load_9"   --->   Operation 229 'read' 'V_V_3_load_9_read' <Predicate = true> <Delay = 0.00>
ST_1 : Operation 230 [1/1] (0.00ns)   --->   "%V_V_2_load_9_read = read i16 @_ssdm_op_Read.ap_auto.i16, i16 %V_V_2_load_9"   --->   Operation 230 'read' 'V_V_2_load_9_read' <Predicate = true> <Delay = 0.00>
ST_1 : Operation 231 [1/1] (0.00ns)   --->   "%V_V_1_load_9_read = read i16 @_ssdm_op_Read.ap_auto.i16, i16 %V_V_1_load_9"   --->   Operation 231 'read' 'V_V_1_load_9_read' <Predicate = true> <Delay = 0.00>
ST_1 : Operation 232 [1/1] (0.00ns)   --->   "%V_V_load_9_read = read i16 @_ssdm_op_Read.ap_auto.i16, i16 %V_V_load_9"   --->   Operation 232 'read' 'V_V_load_9_read' <Predicate = true> <Delay = 0.00>
ST_1 : Operation 233 [1/1] (0.00ns)   --->   "%K_V_15_load_9_read = read i16 @_ssdm_op_Read.ap_auto.i16, i16 %K_V_15_load_9"   --->   Operation 233 'read' 'K_V_15_load_9_read' <Predicate = true> <Delay = 0.00>
ST_1 : Operation 234 [1/1] (0.00ns)   --->   "%K_V_14_load_9_read = read i16 @_ssdm_op_Read.ap_auto.i16, i16 %K_V_14_load_9"   --->   Operation 234 'read' 'K_V_14_load_9_read' <Predicate = true> <Delay = 0.00>
ST_1 : Operation 235 [1/1] (0.00ns)   --->   "%K_V_13_load_9_read = read i16 @_ssdm_op_Read.ap_auto.i16, i16 %K_V_13_load_9"   --->   Operation 235 'read' 'K_V_13_load_9_read' <Predicate = true> <Delay = 0.00>
ST_1 : Operation 236 [1/1] (0.00ns)   --->   "%K_V_12_load_9_read = read i16 @_ssdm_op_Read.ap_auto.i16, i16 %K_V_12_load_9"   --->   Operation 236 'read' 'K_V_12_load_9_read' <Predicate = true> <Delay = 0.00>
ST_1 : Operation 237 [1/1] (0.00ns)   --->   "%K_V_11_load_9_read = read i16 @_ssdm_op_Read.ap_auto.i16, i16 %K_V_11_load_9"   --->   Operation 237 'read' 'K_V_11_load_9_read' <Predicate = true> <Delay = 0.00>
ST_1 : Operation 238 [1/1] (0.00ns)   --->   "%K_V_10_load_9_read = read i16 @_ssdm_op_Read.ap_auto.i16, i16 %K_V_10_load_9"   --->   Operation 238 'read' 'K_V_10_load_9_read' <Predicate = true> <Delay = 0.00>
ST_1 : Operation 239 [1/1] (0.00ns)   --->   "%K_V_9_load_10_read = read i16 @_ssdm_op_Read.ap_auto.i16, i16 %K_V_9_load_10"   --->   Operation 239 'read' 'K_V_9_load_10_read' <Predicate = true> <Delay = 0.00>
ST_1 : Operation 240 [1/1] (0.00ns)   --->   "%K_V_8_load_10_read = read i16 @_ssdm_op_Read.ap_auto.i16, i16 %K_V_8_load_10"   --->   Operation 240 'read' 'K_V_8_load_10_read' <Predicate = true> <Delay = 0.00>
ST_1 : Operation 241 [1/1] (0.00ns)   --->   "%K_V_7_load_10_read = read i16 @_ssdm_op_Read.ap_auto.i16, i16 %K_V_7_load_10"   --->   Operation 241 'read' 'K_V_7_load_10_read' <Predicate = true> <Delay = 0.00>
ST_1 : Operation 242 [1/1] (0.00ns)   --->   "%K_V_6_load_10_read = read i16 @_ssdm_op_Read.ap_auto.i16, i16 %K_V_6_load_10"   --->   Operation 242 'read' 'K_V_6_load_10_read' <Predicate = true> <Delay = 0.00>
ST_1 : Operation 243 [1/1] (0.00ns)   --->   "%K_V_5_load_10_read = read i16 @_ssdm_op_Read.ap_auto.i16, i16 %K_V_5_load_10"   --->   Operation 243 'read' 'K_V_5_load_10_read' <Predicate = true> <Delay = 0.00>
ST_1 : Operation 244 [1/1] (0.00ns)   --->   "%K_V_4_load_10_read = read i16 @_ssdm_op_Read.ap_auto.i16, i16 %K_V_4_load_10"   --->   Operation 244 'read' 'K_V_4_load_10_read' <Predicate = true> <Delay = 0.00>
ST_1 : Operation 245 [1/1] (0.00ns)   --->   "%K_V_3_load_10_read = read i16 @_ssdm_op_Read.ap_auto.i16, i16 %K_V_3_load_10"   --->   Operation 245 'read' 'K_V_3_load_10_read' <Predicate = true> <Delay = 0.00>
ST_1 : Operation 246 [1/1] (0.00ns)   --->   "%K_V_2_load_10_read = read i16 @_ssdm_op_Read.ap_auto.i16, i16 %K_V_2_load_10"   --->   Operation 246 'read' 'K_V_2_load_10_read' <Predicate = true> <Delay = 0.00>
ST_1 : Operation 247 [1/1] (0.00ns)   --->   "%K_V_1_load_10_read = read i16 @_ssdm_op_Read.ap_auto.i16, i16 %K_V_1_load_10"   --->   Operation 247 'read' 'K_V_1_load_10_read' <Predicate = true> <Delay = 0.00>
ST_1 : Operation 248 [1/1] (0.00ns)   --->   "%K_V_load_10_read = read i16 @_ssdm_op_Read.ap_auto.i16, i16 %K_V_load_10"   --->   Operation 248 'read' 'K_V_load_10_read' <Predicate = true> <Delay = 0.00>
ST_1 : Operation 249 [1/1] (0.00ns)   --->   "%V_V_15_load_8_read = read i16 @_ssdm_op_Read.ap_auto.i16, i16 %V_V_15_load_8"   --->   Operation 249 'read' 'V_V_15_load_8_read' <Predicate = true> <Delay = 0.00>
ST_1 : Operation 250 [1/1] (0.00ns)   --->   "%V_V_14_load_8_read = read i16 @_ssdm_op_Read.ap_auto.i16, i16 %V_V_14_load_8"   --->   Operation 250 'read' 'V_V_14_load_8_read' <Predicate = true> <Delay = 0.00>
ST_1 : Operation 251 [1/1] (0.00ns)   --->   "%V_V_13_load_8_read = read i16 @_ssdm_op_Read.ap_auto.i16, i16 %V_V_13_load_8"   --->   Operation 251 'read' 'V_V_13_load_8_read' <Predicate = true> <Delay = 0.00>
ST_1 : Operation 252 [1/1] (0.00ns)   --->   "%V_V_12_load_8_read = read i16 @_ssdm_op_Read.ap_auto.i16, i16 %V_V_12_load_8"   --->   Operation 252 'read' 'V_V_12_load_8_read' <Predicate = true> <Delay = 0.00>
ST_1 : Operation 253 [1/1] (0.00ns)   --->   "%V_V_11_load_8_read = read i16 @_ssdm_op_Read.ap_auto.i16, i16 %V_V_11_load_8"   --->   Operation 253 'read' 'V_V_11_load_8_read' <Predicate = true> <Delay = 0.00>
ST_1 : Operation 254 [1/1] (0.00ns)   --->   "%V_V_10_load_8_read = read i16 @_ssdm_op_Read.ap_auto.i16, i16 %V_V_10_load_8"   --->   Operation 254 'read' 'V_V_10_load_8_read' <Predicate = true> <Delay = 0.00>
ST_1 : Operation 255 [1/1] (0.00ns)   --->   "%V_V_9_load_8_read = read i16 @_ssdm_op_Read.ap_auto.i16, i16 %V_V_9_load_8"   --->   Operation 255 'read' 'V_V_9_load_8_read' <Predicate = true> <Delay = 0.00>
ST_1 : Operation 256 [1/1] (0.00ns)   --->   "%V_V_8_load_8_read = read i16 @_ssdm_op_Read.ap_auto.i16, i16 %V_V_8_load_8"   --->   Operation 256 'read' 'V_V_8_load_8_read' <Predicate = true> <Delay = 0.00>
ST_1 : Operation 257 [1/1] (0.00ns)   --->   "%V_V_7_load_8_read = read i16 @_ssdm_op_Read.ap_auto.i16, i16 %V_V_7_load_8"   --->   Operation 257 'read' 'V_V_7_load_8_read' <Predicate = true> <Delay = 0.00>
ST_1 : Operation 258 [1/1] (0.00ns)   --->   "%V_V_6_load_8_read = read i16 @_ssdm_op_Read.ap_auto.i16, i16 %V_V_6_load_8"   --->   Operation 258 'read' 'V_V_6_load_8_read' <Predicate = true> <Delay = 0.00>
ST_1 : Operation 259 [1/1] (0.00ns)   --->   "%V_V_5_load_8_read = read i16 @_ssdm_op_Read.ap_auto.i16, i16 %V_V_5_load_8"   --->   Operation 259 'read' 'V_V_5_load_8_read' <Predicate = true> <Delay = 0.00>
ST_1 : Operation 260 [1/1] (0.00ns)   --->   "%V_V_4_load_8_read = read i16 @_ssdm_op_Read.ap_auto.i16, i16 %V_V_4_load_8"   --->   Operation 260 'read' 'V_V_4_load_8_read' <Predicate = true> <Delay = 0.00>
ST_1 : Operation 261 [1/1] (0.00ns)   --->   "%V_V_3_load_8_read = read i16 @_ssdm_op_Read.ap_auto.i16, i16 %V_V_3_load_8"   --->   Operation 261 'read' 'V_V_3_load_8_read' <Predicate = true> <Delay = 0.00>
ST_1 : Operation 262 [1/1] (0.00ns)   --->   "%V_V_2_load_8_read = read i16 @_ssdm_op_Read.ap_auto.i16, i16 %V_V_2_load_8"   --->   Operation 262 'read' 'V_V_2_load_8_read' <Predicate = true> <Delay = 0.00>
ST_1 : Operation 263 [1/1] (0.00ns)   --->   "%V_V_1_load_8_read = read i16 @_ssdm_op_Read.ap_auto.i16, i16 %V_V_1_load_8"   --->   Operation 263 'read' 'V_V_1_load_8_read' <Predicate = true> <Delay = 0.00>
ST_1 : Operation 264 [1/1] (0.00ns)   --->   "%V_V_load_8_read = read i16 @_ssdm_op_Read.ap_auto.i16, i16 %V_V_load_8"   --->   Operation 264 'read' 'V_V_load_8_read' <Predicate = true> <Delay = 0.00>
ST_1 : Operation 265 [1/1] (0.00ns)   --->   "%K_V_15_load_8_read = read i16 @_ssdm_op_Read.ap_auto.i16, i16 %K_V_15_load_8"   --->   Operation 265 'read' 'K_V_15_load_8_read' <Predicate = true> <Delay = 0.00>
ST_1 : Operation 266 [1/1] (0.00ns)   --->   "%K_V_14_load_8_read = read i16 @_ssdm_op_Read.ap_auto.i16, i16 %K_V_14_load_8"   --->   Operation 266 'read' 'K_V_14_load_8_read' <Predicate = true> <Delay = 0.00>
ST_1 : Operation 267 [1/1] (0.00ns)   --->   "%K_V_13_load_8_read = read i16 @_ssdm_op_Read.ap_auto.i16, i16 %K_V_13_load_8"   --->   Operation 267 'read' 'K_V_13_load_8_read' <Predicate = true> <Delay = 0.00>
ST_1 : Operation 268 [1/1] (0.00ns)   --->   "%K_V_12_load_8_read = read i16 @_ssdm_op_Read.ap_auto.i16, i16 %K_V_12_load_8"   --->   Operation 268 'read' 'K_V_12_load_8_read' <Predicate = true> <Delay = 0.00>
ST_1 : Operation 269 [1/1] (0.00ns)   --->   "%K_V_11_load_8_read = read i16 @_ssdm_op_Read.ap_auto.i16, i16 %K_V_11_load_8"   --->   Operation 269 'read' 'K_V_11_load_8_read' <Predicate = true> <Delay = 0.00>
ST_1 : Operation 270 [1/1] (0.00ns)   --->   "%K_V_10_load_8_read = read i16 @_ssdm_op_Read.ap_auto.i16, i16 %K_V_10_load_8"   --->   Operation 270 'read' 'K_V_10_load_8_read' <Predicate = true> <Delay = 0.00>
ST_1 : Operation 271 [1/1] (0.00ns)   --->   "%K_V_9_load_9_read = read i16 @_ssdm_op_Read.ap_auto.i16, i16 %K_V_9_load_9"   --->   Operation 271 'read' 'K_V_9_load_9_read' <Predicate = true> <Delay = 0.00>
ST_1 : Operation 272 [1/1] (0.00ns)   --->   "%K_V_8_load_9_read = read i16 @_ssdm_op_Read.ap_auto.i16, i16 %K_V_8_load_9"   --->   Operation 272 'read' 'K_V_8_load_9_read' <Predicate = true> <Delay = 0.00>
ST_1 : Operation 273 [1/1] (0.00ns)   --->   "%K_V_7_load_9_read = read i16 @_ssdm_op_Read.ap_auto.i16, i16 %K_V_7_load_9"   --->   Operation 273 'read' 'K_V_7_load_9_read' <Predicate = true> <Delay = 0.00>
ST_1 : Operation 274 [1/1] (0.00ns)   --->   "%K_V_6_load_9_read = read i16 @_ssdm_op_Read.ap_auto.i16, i16 %K_V_6_load_9"   --->   Operation 274 'read' 'K_V_6_load_9_read' <Predicate = true> <Delay = 0.00>
ST_1 : Operation 275 [1/1] (0.00ns)   --->   "%K_V_5_load_9_read = read i16 @_ssdm_op_Read.ap_auto.i16, i16 %K_V_5_load_9"   --->   Operation 275 'read' 'K_V_5_load_9_read' <Predicate = true> <Delay = 0.00>
ST_1 : Operation 276 [1/1] (0.00ns)   --->   "%K_V_4_load_9_read = read i16 @_ssdm_op_Read.ap_auto.i16, i16 %K_V_4_load_9"   --->   Operation 276 'read' 'K_V_4_load_9_read' <Predicate = true> <Delay = 0.00>
ST_1 : Operation 277 [1/1] (0.00ns)   --->   "%K_V_3_load_9_read = read i16 @_ssdm_op_Read.ap_auto.i16, i16 %K_V_3_load_9"   --->   Operation 277 'read' 'K_V_3_load_9_read' <Predicate = true> <Delay = 0.00>
ST_1 : Operation 278 [1/1] (0.00ns)   --->   "%K_V_2_load_9_read = read i16 @_ssdm_op_Read.ap_auto.i16, i16 %K_V_2_load_9"   --->   Operation 278 'read' 'K_V_2_load_9_read' <Predicate = true> <Delay = 0.00>
ST_1 : Operation 279 [1/1] (0.00ns)   --->   "%K_V_1_load_9_read = read i16 @_ssdm_op_Read.ap_auto.i16, i16 %K_V_1_load_9"   --->   Operation 279 'read' 'K_V_1_load_9_read' <Predicate = true> <Delay = 0.00>
ST_1 : Operation 280 [1/1] (0.00ns)   --->   "%K_V_load_9_read = read i16 @_ssdm_op_Read.ap_auto.i16, i16 %K_V_load_9"   --->   Operation 280 'read' 'K_V_load_9_read' <Predicate = true> <Delay = 0.00>
ST_1 : Operation 281 [1/1] (0.00ns)   --->   "%V_V_15_load_7_read = read i16 @_ssdm_op_Read.ap_auto.i16, i16 %V_V_15_load_7"   --->   Operation 281 'read' 'V_V_15_load_7_read' <Predicate = true> <Delay = 0.00>
ST_1 : Operation 282 [1/1] (0.00ns)   --->   "%V_V_14_load_7_read = read i16 @_ssdm_op_Read.ap_auto.i16, i16 %V_V_14_load_7"   --->   Operation 282 'read' 'V_V_14_load_7_read' <Predicate = true> <Delay = 0.00>
ST_1 : Operation 283 [1/1] (0.00ns)   --->   "%V_V_13_load_7_read = read i16 @_ssdm_op_Read.ap_auto.i16, i16 %V_V_13_load_7"   --->   Operation 283 'read' 'V_V_13_load_7_read' <Predicate = true> <Delay = 0.00>
ST_1 : Operation 284 [1/1] (0.00ns)   --->   "%V_V_12_load_7_read = read i16 @_ssdm_op_Read.ap_auto.i16, i16 %V_V_12_load_7"   --->   Operation 284 'read' 'V_V_12_load_7_read' <Predicate = true> <Delay = 0.00>
ST_1 : Operation 285 [1/1] (0.00ns)   --->   "%V_V_11_load_7_read = read i16 @_ssdm_op_Read.ap_auto.i16, i16 %V_V_11_load_7"   --->   Operation 285 'read' 'V_V_11_load_7_read' <Predicate = true> <Delay = 0.00>
ST_1 : Operation 286 [1/1] (0.00ns)   --->   "%V_V_10_load_7_read = read i16 @_ssdm_op_Read.ap_auto.i16, i16 %V_V_10_load_7"   --->   Operation 286 'read' 'V_V_10_load_7_read' <Predicate = true> <Delay = 0.00>
ST_1 : Operation 287 [1/1] (0.00ns)   --->   "%V_V_9_load_7_read = read i16 @_ssdm_op_Read.ap_auto.i16, i16 %V_V_9_load_7"   --->   Operation 287 'read' 'V_V_9_load_7_read' <Predicate = true> <Delay = 0.00>
ST_1 : Operation 288 [1/1] (0.00ns)   --->   "%V_V_8_load_7_read = read i16 @_ssdm_op_Read.ap_auto.i16, i16 %V_V_8_load_7"   --->   Operation 288 'read' 'V_V_8_load_7_read' <Predicate = true> <Delay = 0.00>
ST_1 : Operation 289 [1/1] (0.00ns)   --->   "%V_V_7_load_7_read = read i16 @_ssdm_op_Read.ap_auto.i16, i16 %V_V_7_load_7"   --->   Operation 289 'read' 'V_V_7_load_7_read' <Predicate = true> <Delay = 0.00>
ST_1 : Operation 290 [1/1] (0.00ns)   --->   "%V_V_6_load_7_read = read i16 @_ssdm_op_Read.ap_auto.i16, i16 %V_V_6_load_7"   --->   Operation 290 'read' 'V_V_6_load_7_read' <Predicate = true> <Delay = 0.00>
ST_1 : Operation 291 [1/1] (0.00ns)   --->   "%V_V_5_load_7_read = read i16 @_ssdm_op_Read.ap_auto.i16, i16 %V_V_5_load_7"   --->   Operation 291 'read' 'V_V_5_load_7_read' <Predicate = true> <Delay = 0.00>
ST_1 : Operation 292 [1/1] (0.00ns)   --->   "%V_V_4_load_7_read = read i16 @_ssdm_op_Read.ap_auto.i16, i16 %V_V_4_load_7"   --->   Operation 292 'read' 'V_V_4_load_7_read' <Predicate = true> <Delay = 0.00>
ST_1 : Operation 293 [1/1] (0.00ns)   --->   "%V_V_3_load_7_read = read i16 @_ssdm_op_Read.ap_auto.i16, i16 %V_V_3_load_7"   --->   Operation 293 'read' 'V_V_3_load_7_read' <Predicate = true> <Delay = 0.00>
ST_1 : Operation 294 [1/1] (0.00ns)   --->   "%V_V_2_load_7_read = read i16 @_ssdm_op_Read.ap_auto.i16, i16 %V_V_2_load_7"   --->   Operation 294 'read' 'V_V_2_load_7_read' <Predicate = true> <Delay = 0.00>
ST_1 : Operation 295 [1/1] (0.00ns)   --->   "%V_V_1_load_7_read = read i16 @_ssdm_op_Read.ap_auto.i16, i16 %V_V_1_load_7"   --->   Operation 295 'read' 'V_V_1_load_7_read' <Predicate = true> <Delay = 0.00>
ST_1 : Operation 296 [1/1] (0.00ns)   --->   "%V_V_load_7_read = read i16 @_ssdm_op_Read.ap_auto.i16, i16 %V_V_load_7"   --->   Operation 296 'read' 'V_V_load_7_read' <Predicate = true> <Delay = 0.00>
ST_1 : Operation 297 [1/1] (0.00ns)   --->   "%K_V_15_load_7_read = read i16 @_ssdm_op_Read.ap_auto.i16, i16 %K_V_15_load_7"   --->   Operation 297 'read' 'K_V_15_load_7_read' <Predicate = true> <Delay = 0.00>
ST_1 : Operation 298 [1/1] (0.00ns)   --->   "%K_V_14_load_7_read = read i16 @_ssdm_op_Read.ap_auto.i16, i16 %K_V_14_load_7"   --->   Operation 298 'read' 'K_V_14_load_7_read' <Predicate = true> <Delay = 0.00>
ST_1 : Operation 299 [1/1] (0.00ns)   --->   "%K_V_13_load_7_read = read i16 @_ssdm_op_Read.ap_auto.i16, i16 %K_V_13_load_7"   --->   Operation 299 'read' 'K_V_13_load_7_read' <Predicate = true> <Delay = 0.00>
ST_1 : Operation 300 [1/1] (0.00ns)   --->   "%K_V_12_load_7_read = read i16 @_ssdm_op_Read.ap_auto.i16, i16 %K_V_12_load_7"   --->   Operation 300 'read' 'K_V_12_load_7_read' <Predicate = true> <Delay = 0.00>
ST_1 : Operation 301 [1/1] (0.00ns)   --->   "%K_V_11_load_7_read = read i16 @_ssdm_op_Read.ap_auto.i16, i16 %K_V_11_load_7"   --->   Operation 301 'read' 'K_V_11_load_7_read' <Predicate = true> <Delay = 0.00>
ST_1 : Operation 302 [1/1] (0.00ns)   --->   "%K_V_10_load_7_read = read i16 @_ssdm_op_Read.ap_auto.i16, i16 %K_V_10_load_7"   --->   Operation 302 'read' 'K_V_10_load_7_read' <Predicate = true> <Delay = 0.00>
ST_1 : Operation 303 [1/1] (0.00ns)   --->   "%K_V_9_load_8_read = read i16 @_ssdm_op_Read.ap_auto.i16, i16 %K_V_9_load_8"   --->   Operation 303 'read' 'K_V_9_load_8_read' <Predicate = true> <Delay = 0.00>
ST_1 : Operation 304 [1/1] (0.00ns)   --->   "%K_V_8_load_8_read = read i16 @_ssdm_op_Read.ap_auto.i16, i16 %K_V_8_load_8"   --->   Operation 304 'read' 'K_V_8_load_8_read' <Predicate = true> <Delay = 0.00>
ST_1 : Operation 305 [1/1] (0.00ns)   --->   "%K_V_7_load_8_read = read i16 @_ssdm_op_Read.ap_auto.i16, i16 %K_V_7_load_8"   --->   Operation 305 'read' 'K_V_7_load_8_read' <Predicate = true> <Delay = 0.00>
ST_1 : Operation 306 [1/1] (0.00ns)   --->   "%K_V_6_load_8_read = read i16 @_ssdm_op_Read.ap_auto.i16, i16 %K_V_6_load_8"   --->   Operation 306 'read' 'K_V_6_load_8_read' <Predicate = true> <Delay = 0.00>
ST_1 : Operation 307 [1/1] (0.00ns)   --->   "%K_V_5_load_8_read = read i16 @_ssdm_op_Read.ap_auto.i16, i16 %K_V_5_load_8"   --->   Operation 307 'read' 'K_V_5_load_8_read' <Predicate = true> <Delay = 0.00>
ST_1 : Operation 308 [1/1] (0.00ns)   --->   "%K_V_4_load_8_read = read i16 @_ssdm_op_Read.ap_auto.i16, i16 %K_V_4_load_8"   --->   Operation 308 'read' 'K_V_4_load_8_read' <Predicate = true> <Delay = 0.00>
ST_1 : Operation 309 [1/1] (0.00ns)   --->   "%K_V_3_load_8_read = read i16 @_ssdm_op_Read.ap_auto.i16, i16 %K_V_3_load_8"   --->   Operation 309 'read' 'K_V_3_load_8_read' <Predicate = true> <Delay = 0.00>
ST_1 : Operation 310 [1/1] (0.00ns)   --->   "%K_V_2_load_8_read = read i16 @_ssdm_op_Read.ap_auto.i16, i16 %K_V_2_load_8"   --->   Operation 310 'read' 'K_V_2_load_8_read' <Predicate = true> <Delay = 0.00>
ST_1 : Operation 311 [1/1] (0.00ns)   --->   "%K_V_1_load_8_read = read i16 @_ssdm_op_Read.ap_auto.i16, i16 %K_V_1_load_8"   --->   Operation 311 'read' 'K_V_1_load_8_read' <Predicate = true> <Delay = 0.00>
ST_1 : Operation 312 [1/1] (0.00ns)   --->   "%K_V_load_8_read = read i16 @_ssdm_op_Read.ap_auto.i16, i16 %K_V_load_8"   --->   Operation 312 'read' 'K_V_load_8_read' <Predicate = true> <Delay = 0.00>
ST_1 : Operation 313 [1/1] (0.00ns)   --->   "%V_V_15_load_6_read = read i16 @_ssdm_op_Read.ap_auto.i16, i16 %V_V_15_load_6"   --->   Operation 313 'read' 'V_V_15_load_6_read' <Predicate = true> <Delay = 0.00>
ST_1 : Operation 314 [1/1] (0.00ns)   --->   "%V_V_14_load_6_read = read i16 @_ssdm_op_Read.ap_auto.i16, i16 %V_V_14_load_6"   --->   Operation 314 'read' 'V_V_14_load_6_read' <Predicate = true> <Delay = 0.00>
ST_1 : Operation 315 [1/1] (0.00ns)   --->   "%V_V_13_load_6_read = read i16 @_ssdm_op_Read.ap_auto.i16, i16 %V_V_13_load_6"   --->   Operation 315 'read' 'V_V_13_load_6_read' <Predicate = true> <Delay = 0.00>
ST_1 : Operation 316 [1/1] (0.00ns)   --->   "%V_V_12_load_6_read = read i16 @_ssdm_op_Read.ap_auto.i16, i16 %V_V_12_load_6"   --->   Operation 316 'read' 'V_V_12_load_6_read' <Predicate = true> <Delay = 0.00>
ST_1 : Operation 317 [1/1] (0.00ns)   --->   "%V_V_11_load_6_read = read i16 @_ssdm_op_Read.ap_auto.i16, i16 %V_V_11_load_6"   --->   Operation 317 'read' 'V_V_11_load_6_read' <Predicate = true> <Delay = 0.00>
ST_1 : Operation 318 [1/1] (0.00ns)   --->   "%V_V_10_load_6_read = read i16 @_ssdm_op_Read.ap_auto.i16, i16 %V_V_10_load_6"   --->   Operation 318 'read' 'V_V_10_load_6_read' <Predicate = true> <Delay = 0.00>
ST_1 : Operation 319 [1/1] (0.00ns)   --->   "%V_V_9_load_6_read = read i16 @_ssdm_op_Read.ap_auto.i16, i16 %V_V_9_load_6"   --->   Operation 319 'read' 'V_V_9_load_6_read' <Predicate = true> <Delay = 0.00>
ST_1 : Operation 320 [1/1] (0.00ns)   --->   "%V_V_8_load_6_read = read i16 @_ssdm_op_Read.ap_auto.i16, i16 %V_V_8_load_6"   --->   Operation 320 'read' 'V_V_8_load_6_read' <Predicate = true> <Delay = 0.00>
ST_1 : Operation 321 [1/1] (0.00ns)   --->   "%V_V_7_load_6_read = read i16 @_ssdm_op_Read.ap_auto.i16, i16 %V_V_7_load_6"   --->   Operation 321 'read' 'V_V_7_load_6_read' <Predicate = true> <Delay = 0.00>
ST_1 : Operation 322 [1/1] (0.00ns)   --->   "%V_V_6_load_6_read = read i16 @_ssdm_op_Read.ap_auto.i16, i16 %V_V_6_load_6"   --->   Operation 322 'read' 'V_V_6_load_6_read' <Predicate = true> <Delay = 0.00>
ST_1 : Operation 323 [1/1] (0.00ns)   --->   "%V_V_5_load_6_read = read i16 @_ssdm_op_Read.ap_auto.i16, i16 %V_V_5_load_6"   --->   Operation 323 'read' 'V_V_5_load_6_read' <Predicate = true> <Delay = 0.00>
ST_1 : Operation 324 [1/1] (0.00ns)   --->   "%V_V_4_load_6_read = read i16 @_ssdm_op_Read.ap_auto.i16, i16 %V_V_4_load_6"   --->   Operation 324 'read' 'V_V_4_load_6_read' <Predicate = true> <Delay = 0.00>
ST_1 : Operation 325 [1/1] (0.00ns)   --->   "%V_V_3_load_6_read = read i16 @_ssdm_op_Read.ap_auto.i16, i16 %V_V_3_load_6"   --->   Operation 325 'read' 'V_V_3_load_6_read' <Predicate = true> <Delay = 0.00>
ST_1 : Operation 326 [1/1] (0.00ns)   --->   "%V_V_2_load_6_read = read i16 @_ssdm_op_Read.ap_auto.i16, i16 %V_V_2_load_6"   --->   Operation 326 'read' 'V_V_2_load_6_read' <Predicate = true> <Delay = 0.00>
ST_1 : Operation 327 [1/1] (0.00ns)   --->   "%V_V_1_load_6_read = read i16 @_ssdm_op_Read.ap_auto.i16, i16 %V_V_1_load_6"   --->   Operation 327 'read' 'V_V_1_load_6_read' <Predicate = true> <Delay = 0.00>
ST_1 : Operation 328 [1/1] (0.00ns)   --->   "%V_V_load_6_read = read i16 @_ssdm_op_Read.ap_auto.i16, i16 %V_V_load_6"   --->   Operation 328 'read' 'V_V_load_6_read' <Predicate = true> <Delay = 0.00>
ST_1 : Operation 329 [1/1] (0.00ns)   --->   "%K_V_15_load_6_read = read i16 @_ssdm_op_Read.ap_auto.i16, i16 %K_V_15_load_6"   --->   Operation 329 'read' 'K_V_15_load_6_read' <Predicate = true> <Delay = 0.00>
ST_1 : Operation 330 [1/1] (0.00ns)   --->   "%K_V_14_load_6_read = read i16 @_ssdm_op_Read.ap_auto.i16, i16 %K_V_14_load_6"   --->   Operation 330 'read' 'K_V_14_load_6_read' <Predicate = true> <Delay = 0.00>
ST_1 : Operation 331 [1/1] (0.00ns)   --->   "%K_V_13_load_6_read = read i16 @_ssdm_op_Read.ap_auto.i16, i16 %K_V_13_load_6"   --->   Operation 331 'read' 'K_V_13_load_6_read' <Predicate = true> <Delay = 0.00>
ST_1 : Operation 332 [1/1] (0.00ns)   --->   "%K_V_12_load_6_read = read i16 @_ssdm_op_Read.ap_auto.i16, i16 %K_V_12_load_6"   --->   Operation 332 'read' 'K_V_12_load_6_read' <Predicate = true> <Delay = 0.00>
ST_1 : Operation 333 [1/1] (0.00ns)   --->   "%K_V_11_load_6_read = read i16 @_ssdm_op_Read.ap_auto.i16, i16 %K_V_11_load_6"   --->   Operation 333 'read' 'K_V_11_load_6_read' <Predicate = true> <Delay = 0.00>
ST_1 : Operation 334 [1/1] (0.00ns)   --->   "%K_V_10_load_6_read = read i16 @_ssdm_op_Read.ap_auto.i16, i16 %K_V_10_load_6"   --->   Operation 334 'read' 'K_V_10_load_6_read' <Predicate = true> <Delay = 0.00>
ST_1 : Operation 335 [1/1] (0.00ns)   --->   "%K_V_9_load_7_read = read i16 @_ssdm_op_Read.ap_auto.i16, i16 %K_V_9_load_7"   --->   Operation 335 'read' 'K_V_9_load_7_read' <Predicate = true> <Delay = 0.00>
ST_1 : Operation 336 [1/1] (0.00ns)   --->   "%K_V_8_load_7_read = read i16 @_ssdm_op_Read.ap_auto.i16, i16 %K_V_8_load_7"   --->   Operation 336 'read' 'K_V_8_load_7_read' <Predicate = true> <Delay = 0.00>
ST_1 : Operation 337 [1/1] (0.00ns)   --->   "%K_V_7_load_7_read = read i16 @_ssdm_op_Read.ap_auto.i16, i16 %K_V_7_load_7"   --->   Operation 337 'read' 'K_V_7_load_7_read' <Predicate = true> <Delay = 0.00>
ST_1 : Operation 338 [1/1] (0.00ns)   --->   "%K_V_6_load_7_read = read i16 @_ssdm_op_Read.ap_auto.i16, i16 %K_V_6_load_7"   --->   Operation 338 'read' 'K_V_6_load_7_read' <Predicate = true> <Delay = 0.00>
ST_1 : Operation 339 [1/1] (0.00ns)   --->   "%K_V_5_load_7_read = read i16 @_ssdm_op_Read.ap_auto.i16, i16 %K_V_5_load_7"   --->   Operation 339 'read' 'K_V_5_load_7_read' <Predicate = true> <Delay = 0.00>
ST_1 : Operation 340 [1/1] (0.00ns)   --->   "%K_V_4_load_7_read = read i16 @_ssdm_op_Read.ap_auto.i16, i16 %K_V_4_load_7"   --->   Operation 340 'read' 'K_V_4_load_7_read' <Predicate = true> <Delay = 0.00>
ST_1 : Operation 341 [1/1] (0.00ns)   --->   "%K_V_3_load_7_read = read i16 @_ssdm_op_Read.ap_auto.i16, i16 %K_V_3_load_7"   --->   Operation 341 'read' 'K_V_3_load_7_read' <Predicate = true> <Delay = 0.00>
ST_1 : Operation 342 [1/1] (0.00ns)   --->   "%K_V_2_load_7_read = read i16 @_ssdm_op_Read.ap_auto.i16, i16 %K_V_2_load_7"   --->   Operation 342 'read' 'K_V_2_load_7_read' <Predicate = true> <Delay = 0.00>
ST_1 : Operation 343 [1/1] (0.00ns)   --->   "%K_V_1_load_7_read = read i16 @_ssdm_op_Read.ap_auto.i16, i16 %K_V_1_load_7"   --->   Operation 343 'read' 'K_V_1_load_7_read' <Predicate = true> <Delay = 0.00>
ST_1 : Operation 344 [1/1] (0.00ns)   --->   "%K_V_load_7_read = read i16 @_ssdm_op_Read.ap_auto.i16, i16 %K_V_load_7"   --->   Operation 344 'read' 'K_V_load_7_read' <Predicate = true> <Delay = 0.00>
ST_1 : Operation 345 [1/1] (0.00ns)   --->   "%V_V_15_load_5_read = read i16 @_ssdm_op_Read.ap_auto.i16, i16 %V_V_15_load_5"   --->   Operation 345 'read' 'V_V_15_load_5_read' <Predicate = true> <Delay = 0.00>
ST_1 : Operation 346 [1/1] (0.00ns)   --->   "%V_V_14_load_5_read = read i16 @_ssdm_op_Read.ap_auto.i16, i16 %V_V_14_load_5"   --->   Operation 346 'read' 'V_V_14_load_5_read' <Predicate = true> <Delay = 0.00>
ST_1 : Operation 347 [1/1] (0.00ns)   --->   "%V_V_13_load_5_read = read i16 @_ssdm_op_Read.ap_auto.i16, i16 %V_V_13_load_5"   --->   Operation 347 'read' 'V_V_13_load_5_read' <Predicate = true> <Delay = 0.00>
ST_1 : Operation 348 [1/1] (0.00ns)   --->   "%V_V_12_load_5_read = read i16 @_ssdm_op_Read.ap_auto.i16, i16 %V_V_12_load_5"   --->   Operation 348 'read' 'V_V_12_load_5_read' <Predicate = true> <Delay = 0.00>
ST_1 : Operation 349 [1/1] (0.00ns)   --->   "%V_V_11_load_5_read = read i16 @_ssdm_op_Read.ap_auto.i16, i16 %V_V_11_load_5"   --->   Operation 349 'read' 'V_V_11_load_5_read' <Predicate = true> <Delay = 0.00>
ST_1 : Operation 350 [1/1] (0.00ns)   --->   "%V_V_10_load_5_read = read i16 @_ssdm_op_Read.ap_auto.i16, i16 %V_V_10_load_5"   --->   Operation 350 'read' 'V_V_10_load_5_read' <Predicate = true> <Delay = 0.00>
ST_1 : Operation 351 [1/1] (0.00ns)   --->   "%V_V_9_load_5_read = read i16 @_ssdm_op_Read.ap_auto.i16, i16 %V_V_9_load_5"   --->   Operation 351 'read' 'V_V_9_load_5_read' <Predicate = true> <Delay = 0.00>
ST_1 : Operation 352 [1/1] (0.00ns)   --->   "%V_V_8_load_5_read = read i16 @_ssdm_op_Read.ap_auto.i16, i16 %V_V_8_load_5"   --->   Operation 352 'read' 'V_V_8_load_5_read' <Predicate = true> <Delay = 0.00>
ST_1 : Operation 353 [1/1] (0.00ns)   --->   "%V_V_7_load_5_read = read i16 @_ssdm_op_Read.ap_auto.i16, i16 %V_V_7_load_5"   --->   Operation 353 'read' 'V_V_7_load_5_read' <Predicate = true> <Delay = 0.00>
ST_1 : Operation 354 [1/1] (0.00ns)   --->   "%V_V_6_load_5_read = read i16 @_ssdm_op_Read.ap_auto.i16, i16 %V_V_6_load_5"   --->   Operation 354 'read' 'V_V_6_load_5_read' <Predicate = true> <Delay = 0.00>
ST_1 : Operation 355 [1/1] (0.00ns)   --->   "%V_V_5_load_5_read = read i16 @_ssdm_op_Read.ap_auto.i16, i16 %V_V_5_load_5"   --->   Operation 355 'read' 'V_V_5_load_5_read' <Predicate = true> <Delay = 0.00>
ST_1 : Operation 356 [1/1] (0.00ns)   --->   "%V_V_4_load_5_read = read i16 @_ssdm_op_Read.ap_auto.i16, i16 %V_V_4_load_5"   --->   Operation 356 'read' 'V_V_4_load_5_read' <Predicate = true> <Delay = 0.00>
ST_1 : Operation 357 [1/1] (0.00ns)   --->   "%V_V_3_load_5_read = read i16 @_ssdm_op_Read.ap_auto.i16, i16 %V_V_3_load_5"   --->   Operation 357 'read' 'V_V_3_load_5_read' <Predicate = true> <Delay = 0.00>
ST_1 : Operation 358 [1/1] (0.00ns)   --->   "%V_V_2_load_5_read = read i16 @_ssdm_op_Read.ap_auto.i16, i16 %V_V_2_load_5"   --->   Operation 358 'read' 'V_V_2_load_5_read' <Predicate = true> <Delay = 0.00>
ST_1 : Operation 359 [1/1] (0.00ns)   --->   "%V_V_1_load_5_read = read i16 @_ssdm_op_Read.ap_auto.i16, i16 %V_V_1_load_5"   --->   Operation 359 'read' 'V_V_1_load_5_read' <Predicate = true> <Delay = 0.00>
ST_1 : Operation 360 [1/1] (0.00ns)   --->   "%V_V_load_5_read = read i16 @_ssdm_op_Read.ap_auto.i16, i16 %V_V_load_5"   --->   Operation 360 'read' 'V_V_load_5_read' <Predicate = true> <Delay = 0.00>
ST_1 : Operation 361 [1/1] (0.00ns)   --->   "%K_V_15_load_5_read = read i16 @_ssdm_op_Read.ap_auto.i16, i16 %K_V_15_load_5"   --->   Operation 361 'read' 'K_V_15_load_5_read' <Predicate = true> <Delay = 0.00>
ST_1 : Operation 362 [1/1] (0.00ns)   --->   "%K_V_14_load_5_read = read i16 @_ssdm_op_Read.ap_auto.i16, i16 %K_V_14_load_5"   --->   Operation 362 'read' 'K_V_14_load_5_read' <Predicate = true> <Delay = 0.00>
ST_1 : Operation 363 [1/1] (0.00ns)   --->   "%K_V_13_load_5_read = read i16 @_ssdm_op_Read.ap_auto.i16, i16 %K_V_13_load_5"   --->   Operation 363 'read' 'K_V_13_load_5_read' <Predicate = true> <Delay = 0.00>
ST_1 : Operation 364 [1/1] (0.00ns)   --->   "%K_V_12_load_5_read = read i16 @_ssdm_op_Read.ap_auto.i16, i16 %K_V_12_load_5"   --->   Operation 364 'read' 'K_V_12_load_5_read' <Predicate = true> <Delay = 0.00>
ST_1 : Operation 365 [1/1] (0.00ns)   --->   "%K_V_11_load_5_read = read i16 @_ssdm_op_Read.ap_auto.i16, i16 %K_V_11_load_5"   --->   Operation 365 'read' 'K_V_11_load_5_read' <Predicate = true> <Delay = 0.00>
ST_1 : Operation 366 [1/1] (0.00ns)   --->   "%K_V_10_load_5_read = read i16 @_ssdm_op_Read.ap_auto.i16, i16 %K_V_10_load_5"   --->   Operation 366 'read' 'K_V_10_load_5_read' <Predicate = true> <Delay = 0.00>
ST_1 : Operation 367 [1/1] (0.00ns)   --->   "%K_V_9_load_6_read = read i16 @_ssdm_op_Read.ap_auto.i16, i16 %K_V_9_load_6"   --->   Operation 367 'read' 'K_V_9_load_6_read' <Predicate = true> <Delay = 0.00>
ST_1 : Operation 368 [1/1] (0.00ns)   --->   "%K_V_8_load_6_read = read i16 @_ssdm_op_Read.ap_auto.i16, i16 %K_V_8_load_6"   --->   Operation 368 'read' 'K_V_8_load_6_read' <Predicate = true> <Delay = 0.00>
ST_1 : Operation 369 [1/1] (0.00ns)   --->   "%K_V_7_load_6_read = read i16 @_ssdm_op_Read.ap_auto.i16, i16 %K_V_7_load_6"   --->   Operation 369 'read' 'K_V_7_load_6_read' <Predicate = true> <Delay = 0.00>
ST_1 : Operation 370 [1/1] (0.00ns)   --->   "%K_V_6_load_6_read = read i16 @_ssdm_op_Read.ap_auto.i16, i16 %K_V_6_load_6"   --->   Operation 370 'read' 'K_V_6_load_6_read' <Predicate = true> <Delay = 0.00>
ST_1 : Operation 371 [1/1] (0.00ns)   --->   "%K_V_5_load_6_read = read i16 @_ssdm_op_Read.ap_auto.i16, i16 %K_V_5_load_6"   --->   Operation 371 'read' 'K_V_5_load_6_read' <Predicate = true> <Delay = 0.00>
ST_1 : Operation 372 [1/1] (0.00ns)   --->   "%K_V_4_load_6_read = read i16 @_ssdm_op_Read.ap_auto.i16, i16 %K_V_4_load_6"   --->   Operation 372 'read' 'K_V_4_load_6_read' <Predicate = true> <Delay = 0.00>
ST_1 : Operation 373 [1/1] (0.00ns)   --->   "%K_V_3_load_6_read = read i16 @_ssdm_op_Read.ap_auto.i16, i16 %K_V_3_load_6"   --->   Operation 373 'read' 'K_V_3_load_6_read' <Predicate = true> <Delay = 0.00>
ST_1 : Operation 374 [1/1] (0.00ns)   --->   "%K_V_2_load_6_read = read i16 @_ssdm_op_Read.ap_auto.i16, i16 %K_V_2_load_6"   --->   Operation 374 'read' 'K_V_2_load_6_read' <Predicate = true> <Delay = 0.00>
ST_1 : Operation 375 [1/1] (0.00ns)   --->   "%K_V_1_load_6_read = read i16 @_ssdm_op_Read.ap_auto.i16, i16 %K_V_1_load_6"   --->   Operation 375 'read' 'K_V_1_load_6_read' <Predicate = true> <Delay = 0.00>
ST_1 : Operation 376 [1/1] (0.00ns)   --->   "%K_V_load_6_read = read i16 @_ssdm_op_Read.ap_auto.i16, i16 %K_V_load_6"   --->   Operation 376 'read' 'K_V_load_6_read' <Predicate = true> <Delay = 0.00>
ST_1 : Operation 377 [1/1] (0.00ns)   --->   "%V_V_15_load_4_read = read i16 @_ssdm_op_Read.ap_auto.i16, i16 %V_V_15_load_4"   --->   Operation 377 'read' 'V_V_15_load_4_read' <Predicate = true> <Delay = 0.00>
ST_1 : Operation 378 [1/1] (0.00ns)   --->   "%V_V_14_load_4_read = read i16 @_ssdm_op_Read.ap_auto.i16, i16 %V_V_14_load_4"   --->   Operation 378 'read' 'V_V_14_load_4_read' <Predicate = true> <Delay = 0.00>
ST_1 : Operation 379 [1/1] (0.00ns)   --->   "%V_V_13_load_4_read = read i16 @_ssdm_op_Read.ap_auto.i16, i16 %V_V_13_load_4"   --->   Operation 379 'read' 'V_V_13_load_4_read' <Predicate = true> <Delay = 0.00>
ST_1 : Operation 380 [1/1] (0.00ns)   --->   "%V_V_12_load_4_read = read i16 @_ssdm_op_Read.ap_auto.i16, i16 %V_V_12_load_4"   --->   Operation 380 'read' 'V_V_12_load_4_read' <Predicate = true> <Delay = 0.00>
ST_1 : Operation 381 [1/1] (0.00ns)   --->   "%V_V_11_load_4_read = read i16 @_ssdm_op_Read.ap_auto.i16, i16 %V_V_11_load_4"   --->   Operation 381 'read' 'V_V_11_load_4_read' <Predicate = true> <Delay = 0.00>
ST_1 : Operation 382 [1/1] (0.00ns)   --->   "%V_V_10_load_4_read = read i16 @_ssdm_op_Read.ap_auto.i16, i16 %V_V_10_load_4"   --->   Operation 382 'read' 'V_V_10_load_4_read' <Predicate = true> <Delay = 0.00>
ST_1 : Operation 383 [1/1] (0.00ns)   --->   "%V_V_9_load_4_read = read i16 @_ssdm_op_Read.ap_auto.i16, i16 %V_V_9_load_4"   --->   Operation 383 'read' 'V_V_9_load_4_read' <Predicate = true> <Delay = 0.00>
ST_1 : Operation 384 [1/1] (0.00ns)   --->   "%V_V_8_load_4_read = read i16 @_ssdm_op_Read.ap_auto.i16, i16 %V_V_8_load_4"   --->   Operation 384 'read' 'V_V_8_load_4_read' <Predicate = true> <Delay = 0.00>
ST_1 : Operation 385 [1/1] (0.00ns)   --->   "%V_V_7_load_4_read = read i16 @_ssdm_op_Read.ap_auto.i16, i16 %V_V_7_load_4"   --->   Operation 385 'read' 'V_V_7_load_4_read' <Predicate = true> <Delay = 0.00>
ST_1 : Operation 386 [1/1] (0.00ns)   --->   "%V_V_6_load_4_read = read i16 @_ssdm_op_Read.ap_auto.i16, i16 %V_V_6_load_4"   --->   Operation 386 'read' 'V_V_6_load_4_read' <Predicate = true> <Delay = 0.00>
ST_1 : Operation 387 [1/1] (0.00ns)   --->   "%V_V_5_load_4_read = read i16 @_ssdm_op_Read.ap_auto.i16, i16 %V_V_5_load_4"   --->   Operation 387 'read' 'V_V_5_load_4_read' <Predicate = true> <Delay = 0.00>
ST_1 : Operation 388 [1/1] (0.00ns)   --->   "%V_V_4_load_4_read = read i16 @_ssdm_op_Read.ap_auto.i16, i16 %V_V_4_load_4"   --->   Operation 388 'read' 'V_V_4_load_4_read' <Predicate = true> <Delay = 0.00>
ST_1 : Operation 389 [1/1] (0.00ns)   --->   "%V_V_3_load_4_read = read i16 @_ssdm_op_Read.ap_auto.i16, i16 %V_V_3_load_4"   --->   Operation 389 'read' 'V_V_3_load_4_read' <Predicate = true> <Delay = 0.00>
ST_1 : Operation 390 [1/1] (0.00ns)   --->   "%V_V_2_load_4_read = read i16 @_ssdm_op_Read.ap_auto.i16, i16 %V_V_2_load_4"   --->   Operation 390 'read' 'V_V_2_load_4_read' <Predicate = true> <Delay = 0.00>
ST_1 : Operation 391 [1/1] (0.00ns)   --->   "%V_V_1_load_4_read = read i16 @_ssdm_op_Read.ap_auto.i16, i16 %V_V_1_load_4"   --->   Operation 391 'read' 'V_V_1_load_4_read' <Predicate = true> <Delay = 0.00>
ST_1 : Operation 392 [1/1] (0.00ns)   --->   "%V_V_load_4_read = read i16 @_ssdm_op_Read.ap_auto.i16, i16 %V_V_load_4"   --->   Operation 392 'read' 'V_V_load_4_read' <Predicate = true> <Delay = 0.00>
ST_1 : Operation 393 [1/1] (0.00ns)   --->   "%K_V_15_load_4_read = read i16 @_ssdm_op_Read.ap_auto.i16, i16 %K_V_15_load_4"   --->   Operation 393 'read' 'K_V_15_load_4_read' <Predicate = true> <Delay = 0.00>
ST_1 : Operation 394 [1/1] (0.00ns)   --->   "%K_V_14_load_4_read = read i16 @_ssdm_op_Read.ap_auto.i16, i16 %K_V_14_load_4"   --->   Operation 394 'read' 'K_V_14_load_4_read' <Predicate = true> <Delay = 0.00>
ST_1 : Operation 395 [1/1] (0.00ns)   --->   "%K_V_13_load_4_read = read i16 @_ssdm_op_Read.ap_auto.i16, i16 %K_V_13_load_4"   --->   Operation 395 'read' 'K_V_13_load_4_read' <Predicate = true> <Delay = 0.00>
ST_1 : Operation 396 [1/1] (0.00ns)   --->   "%K_V_12_load_4_read = read i16 @_ssdm_op_Read.ap_auto.i16, i16 %K_V_12_load_4"   --->   Operation 396 'read' 'K_V_12_load_4_read' <Predicate = true> <Delay = 0.00>
ST_1 : Operation 397 [1/1] (0.00ns)   --->   "%K_V_11_load_4_read = read i16 @_ssdm_op_Read.ap_auto.i16, i16 %K_V_11_load_4"   --->   Operation 397 'read' 'K_V_11_load_4_read' <Predicate = true> <Delay = 0.00>
ST_1 : Operation 398 [1/1] (0.00ns)   --->   "%K_V_10_load_4_read = read i16 @_ssdm_op_Read.ap_auto.i16, i16 %K_V_10_load_4"   --->   Operation 398 'read' 'K_V_10_load_4_read' <Predicate = true> <Delay = 0.00>
ST_1 : Operation 399 [1/1] (0.00ns)   --->   "%K_V_9_load_5_read = read i16 @_ssdm_op_Read.ap_auto.i16, i16 %K_V_9_load_5"   --->   Operation 399 'read' 'K_V_9_load_5_read' <Predicate = true> <Delay = 0.00>
ST_1 : Operation 400 [1/1] (0.00ns)   --->   "%K_V_8_load_5_read = read i16 @_ssdm_op_Read.ap_auto.i16, i16 %K_V_8_load_5"   --->   Operation 400 'read' 'K_V_8_load_5_read' <Predicate = true> <Delay = 0.00>
ST_1 : Operation 401 [1/1] (0.00ns)   --->   "%K_V_7_load_5_read = read i16 @_ssdm_op_Read.ap_auto.i16, i16 %K_V_7_load_5"   --->   Operation 401 'read' 'K_V_7_load_5_read' <Predicate = true> <Delay = 0.00>
ST_1 : Operation 402 [1/1] (0.00ns)   --->   "%K_V_6_load_5_read = read i16 @_ssdm_op_Read.ap_auto.i16, i16 %K_V_6_load_5"   --->   Operation 402 'read' 'K_V_6_load_5_read' <Predicate = true> <Delay = 0.00>
ST_1 : Operation 403 [1/1] (0.00ns)   --->   "%K_V_5_load_5_read = read i16 @_ssdm_op_Read.ap_auto.i16, i16 %K_V_5_load_5"   --->   Operation 403 'read' 'K_V_5_load_5_read' <Predicate = true> <Delay = 0.00>
ST_1 : Operation 404 [1/1] (0.00ns)   --->   "%K_V_4_load_5_read = read i16 @_ssdm_op_Read.ap_auto.i16, i16 %K_V_4_load_5"   --->   Operation 404 'read' 'K_V_4_load_5_read' <Predicate = true> <Delay = 0.00>
ST_1 : Operation 405 [1/1] (0.00ns)   --->   "%K_V_3_load_5_read = read i16 @_ssdm_op_Read.ap_auto.i16, i16 %K_V_3_load_5"   --->   Operation 405 'read' 'K_V_3_load_5_read' <Predicate = true> <Delay = 0.00>
ST_1 : Operation 406 [1/1] (0.00ns)   --->   "%K_V_2_load_5_read = read i16 @_ssdm_op_Read.ap_auto.i16, i16 %K_V_2_load_5"   --->   Operation 406 'read' 'K_V_2_load_5_read' <Predicate = true> <Delay = 0.00>
ST_1 : Operation 407 [1/1] (0.00ns)   --->   "%K_V_1_load_5_read = read i16 @_ssdm_op_Read.ap_auto.i16, i16 %K_V_1_load_5"   --->   Operation 407 'read' 'K_V_1_load_5_read' <Predicate = true> <Delay = 0.00>
ST_1 : Operation 408 [1/1] (0.00ns)   --->   "%K_V_load_5_read = read i16 @_ssdm_op_Read.ap_auto.i16, i16 %K_V_load_5"   --->   Operation 408 'read' 'K_V_load_5_read' <Predicate = true> <Delay = 0.00>
ST_1 : Operation 409 [1/1] (0.00ns)   --->   "%V_V_15_load_3_read = read i16 @_ssdm_op_Read.ap_auto.i16, i16 %V_V_15_load_3"   --->   Operation 409 'read' 'V_V_15_load_3_read' <Predicate = true> <Delay = 0.00>
ST_1 : Operation 410 [1/1] (0.00ns)   --->   "%V_V_14_load_3_read = read i16 @_ssdm_op_Read.ap_auto.i16, i16 %V_V_14_load_3"   --->   Operation 410 'read' 'V_V_14_load_3_read' <Predicate = true> <Delay = 0.00>
ST_1 : Operation 411 [1/1] (0.00ns)   --->   "%V_V_13_load_3_read = read i16 @_ssdm_op_Read.ap_auto.i16, i16 %V_V_13_load_3"   --->   Operation 411 'read' 'V_V_13_load_3_read' <Predicate = true> <Delay = 0.00>
ST_1 : Operation 412 [1/1] (0.00ns)   --->   "%V_V_12_load_3_read = read i16 @_ssdm_op_Read.ap_auto.i16, i16 %V_V_12_load_3"   --->   Operation 412 'read' 'V_V_12_load_3_read' <Predicate = true> <Delay = 0.00>
ST_1 : Operation 413 [1/1] (0.00ns)   --->   "%V_V_11_load_3_read = read i16 @_ssdm_op_Read.ap_auto.i16, i16 %V_V_11_load_3"   --->   Operation 413 'read' 'V_V_11_load_3_read' <Predicate = true> <Delay = 0.00>
ST_1 : Operation 414 [1/1] (0.00ns)   --->   "%V_V_10_load_3_read = read i16 @_ssdm_op_Read.ap_auto.i16, i16 %V_V_10_load_3"   --->   Operation 414 'read' 'V_V_10_load_3_read' <Predicate = true> <Delay = 0.00>
ST_1 : Operation 415 [1/1] (0.00ns)   --->   "%V_V_9_load_3_read = read i16 @_ssdm_op_Read.ap_auto.i16, i16 %V_V_9_load_3"   --->   Operation 415 'read' 'V_V_9_load_3_read' <Predicate = true> <Delay = 0.00>
ST_1 : Operation 416 [1/1] (0.00ns)   --->   "%V_V_8_load_3_read = read i16 @_ssdm_op_Read.ap_auto.i16, i16 %V_V_8_load_3"   --->   Operation 416 'read' 'V_V_8_load_3_read' <Predicate = true> <Delay = 0.00>
ST_1 : Operation 417 [1/1] (0.00ns)   --->   "%V_V_7_load_3_read = read i16 @_ssdm_op_Read.ap_auto.i16, i16 %V_V_7_load_3"   --->   Operation 417 'read' 'V_V_7_load_3_read' <Predicate = true> <Delay = 0.00>
ST_1 : Operation 418 [1/1] (0.00ns)   --->   "%V_V_6_load_3_read = read i16 @_ssdm_op_Read.ap_auto.i16, i16 %V_V_6_load_3"   --->   Operation 418 'read' 'V_V_6_load_3_read' <Predicate = true> <Delay = 0.00>
ST_1 : Operation 419 [1/1] (0.00ns)   --->   "%V_V_5_load_3_read = read i16 @_ssdm_op_Read.ap_auto.i16, i16 %V_V_5_load_3"   --->   Operation 419 'read' 'V_V_5_load_3_read' <Predicate = true> <Delay = 0.00>
ST_1 : Operation 420 [1/1] (0.00ns)   --->   "%V_V_4_load_3_read = read i16 @_ssdm_op_Read.ap_auto.i16, i16 %V_V_4_load_3"   --->   Operation 420 'read' 'V_V_4_load_3_read' <Predicate = true> <Delay = 0.00>
ST_1 : Operation 421 [1/1] (0.00ns)   --->   "%V_V_3_load_3_read = read i16 @_ssdm_op_Read.ap_auto.i16, i16 %V_V_3_load_3"   --->   Operation 421 'read' 'V_V_3_load_3_read' <Predicate = true> <Delay = 0.00>
ST_1 : Operation 422 [1/1] (0.00ns)   --->   "%V_V_2_load_3_read = read i16 @_ssdm_op_Read.ap_auto.i16, i16 %V_V_2_load_3"   --->   Operation 422 'read' 'V_V_2_load_3_read' <Predicate = true> <Delay = 0.00>
ST_1 : Operation 423 [1/1] (0.00ns)   --->   "%V_V_1_load_3_read = read i16 @_ssdm_op_Read.ap_auto.i16, i16 %V_V_1_load_3"   --->   Operation 423 'read' 'V_V_1_load_3_read' <Predicate = true> <Delay = 0.00>
ST_1 : Operation 424 [1/1] (0.00ns)   --->   "%V_V_load_3_read = read i16 @_ssdm_op_Read.ap_auto.i16, i16 %V_V_load_3"   --->   Operation 424 'read' 'V_V_load_3_read' <Predicate = true> <Delay = 0.00>
ST_1 : Operation 425 [1/1] (0.00ns)   --->   "%K_V_15_load_3_read = read i16 @_ssdm_op_Read.ap_auto.i16, i16 %K_V_15_load_3"   --->   Operation 425 'read' 'K_V_15_load_3_read' <Predicate = true> <Delay = 0.00>
ST_1 : Operation 426 [1/1] (0.00ns)   --->   "%K_V_14_load_3_read = read i16 @_ssdm_op_Read.ap_auto.i16, i16 %K_V_14_load_3"   --->   Operation 426 'read' 'K_V_14_load_3_read' <Predicate = true> <Delay = 0.00>
ST_1 : Operation 427 [1/1] (0.00ns)   --->   "%K_V_13_load_3_read = read i16 @_ssdm_op_Read.ap_auto.i16, i16 %K_V_13_load_3"   --->   Operation 427 'read' 'K_V_13_load_3_read' <Predicate = true> <Delay = 0.00>
ST_1 : Operation 428 [1/1] (0.00ns)   --->   "%K_V_12_load_3_read = read i16 @_ssdm_op_Read.ap_auto.i16, i16 %K_V_12_load_3"   --->   Operation 428 'read' 'K_V_12_load_3_read' <Predicate = true> <Delay = 0.00>
ST_1 : Operation 429 [1/1] (0.00ns)   --->   "%K_V_11_load_3_read = read i16 @_ssdm_op_Read.ap_auto.i16, i16 %K_V_11_load_3"   --->   Operation 429 'read' 'K_V_11_load_3_read' <Predicate = true> <Delay = 0.00>
ST_1 : Operation 430 [1/1] (0.00ns)   --->   "%K_V_10_load_3_read = read i16 @_ssdm_op_Read.ap_auto.i16, i16 %K_V_10_load_3"   --->   Operation 430 'read' 'K_V_10_load_3_read' <Predicate = true> <Delay = 0.00>
ST_1 : Operation 431 [1/1] (0.00ns)   --->   "%K_V_9_load_4_read = read i16 @_ssdm_op_Read.ap_auto.i16, i16 %K_V_9_load_4"   --->   Operation 431 'read' 'K_V_9_load_4_read' <Predicate = true> <Delay = 0.00>
ST_1 : Operation 432 [1/1] (0.00ns)   --->   "%K_V_8_load_4_read = read i16 @_ssdm_op_Read.ap_auto.i16, i16 %K_V_8_load_4"   --->   Operation 432 'read' 'K_V_8_load_4_read' <Predicate = true> <Delay = 0.00>
ST_1 : Operation 433 [1/1] (0.00ns)   --->   "%K_V_7_load_4_read = read i16 @_ssdm_op_Read.ap_auto.i16, i16 %K_V_7_load_4"   --->   Operation 433 'read' 'K_V_7_load_4_read' <Predicate = true> <Delay = 0.00>
ST_1 : Operation 434 [1/1] (0.00ns)   --->   "%K_V_6_load_4_read = read i16 @_ssdm_op_Read.ap_auto.i16, i16 %K_V_6_load_4"   --->   Operation 434 'read' 'K_V_6_load_4_read' <Predicate = true> <Delay = 0.00>
ST_1 : Operation 435 [1/1] (0.00ns)   --->   "%K_V_5_load_4_read = read i16 @_ssdm_op_Read.ap_auto.i16, i16 %K_V_5_load_4"   --->   Operation 435 'read' 'K_V_5_load_4_read' <Predicate = true> <Delay = 0.00>
ST_1 : Operation 436 [1/1] (0.00ns)   --->   "%K_V_4_load_4_read = read i16 @_ssdm_op_Read.ap_auto.i16, i16 %K_V_4_load_4"   --->   Operation 436 'read' 'K_V_4_load_4_read' <Predicate = true> <Delay = 0.00>
ST_1 : Operation 437 [1/1] (0.00ns)   --->   "%K_V_3_load_4_read = read i16 @_ssdm_op_Read.ap_auto.i16, i16 %K_V_3_load_4"   --->   Operation 437 'read' 'K_V_3_load_4_read' <Predicate = true> <Delay = 0.00>
ST_1 : Operation 438 [1/1] (0.00ns)   --->   "%K_V_2_load_4_read = read i16 @_ssdm_op_Read.ap_auto.i16, i16 %K_V_2_load_4"   --->   Operation 438 'read' 'K_V_2_load_4_read' <Predicate = true> <Delay = 0.00>
ST_1 : Operation 439 [1/1] (0.00ns)   --->   "%K_V_1_load_4_read = read i16 @_ssdm_op_Read.ap_auto.i16, i16 %K_V_1_load_4"   --->   Operation 439 'read' 'K_V_1_load_4_read' <Predicate = true> <Delay = 0.00>
ST_1 : Operation 440 [1/1] (0.00ns)   --->   "%K_V_load_4_read = read i16 @_ssdm_op_Read.ap_auto.i16, i16 %K_V_load_4"   --->   Operation 440 'read' 'K_V_load_4_read' <Predicate = true> <Delay = 0.00>
ST_1 : Operation 441 [1/1] (0.00ns)   --->   "%V_V_15_load_2_read = read i16 @_ssdm_op_Read.ap_auto.i16, i16 %V_V_15_load_2"   --->   Operation 441 'read' 'V_V_15_load_2_read' <Predicate = true> <Delay = 0.00>
ST_1 : Operation 442 [1/1] (0.00ns)   --->   "%V_V_14_load_2_read = read i16 @_ssdm_op_Read.ap_auto.i16, i16 %V_V_14_load_2"   --->   Operation 442 'read' 'V_V_14_load_2_read' <Predicate = true> <Delay = 0.00>
ST_1 : Operation 443 [1/1] (0.00ns)   --->   "%V_V_13_load_2_read = read i16 @_ssdm_op_Read.ap_auto.i16, i16 %V_V_13_load_2"   --->   Operation 443 'read' 'V_V_13_load_2_read' <Predicate = true> <Delay = 0.00>
ST_1 : Operation 444 [1/1] (0.00ns)   --->   "%V_V_12_load_2_read = read i16 @_ssdm_op_Read.ap_auto.i16, i16 %V_V_12_load_2"   --->   Operation 444 'read' 'V_V_12_load_2_read' <Predicate = true> <Delay = 0.00>
ST_1 : Operation 445 [1/1] (0.00ns)   --->   "%V_V_11_load_2_read = read i16 @_ssdm_op_Read.ap_auto.i16, i16 %V_V_11_load_2"   --->   Operation 445 'read' 'V_V_11_load_2_read' <Predicate = true> <Delay = 0.00>
ST_1 : Operation 446 [1/1] (0.00ns)   --->   "%V_V_10_load_2_read = read i16 @_ssdm_op_Read.ap_auto.i16, i16 %V_V_10_load_2"   --->   Operation 446 'read' 'V_V_10_load_2_read' <Predicate = true> <Delay = 0.00>
ST_1 : Operation 447 [1/1] (0.00ns)   --->   "%V_V_9_load_2_read = read i16 @_ssdm_op_Read.ap_auto.i16, i16 %V_V_9_load_2"   --->   Operation 447 'read' 'V_V_9_load_2_read' <Predicate = true> <Delay = 0.00>
ST_1 : Operation 448 [1/1] (0.00ns)   --->   "%V_V_8_load_2_read = read i16 @_ssdm_op_Read.ap_auto.i16, i16 %V_V_8_load_2"   --->   Operation 448 'read' 'V_V_8_load_2_read' <Predicate = true> <Delay = 0.00>
ST_1 : Operation 449 [1/1] (0.00ns)   --->   "%V_V_7_load_2_read = read i16 @_ssdm_op_Read.ap_auto.i16, i16 %V_V_7_load_2"   --->   Operation 449 'read' 'V_V_7_load_2_read' <Predicate = true> <Delay = 0.00>
ST_1 : Operation 450 [1/1] (0.00ns)   --->   "%V_V_6_load_2_read = read i16 @_ssdm_op_Read.ap_auto.i16, i16 %V_V_6_load_2"   --->   Operation 450 'read' 'V_V_6_load_2_read' <Predicate = true> <Delay = 0.00>
ST_1 : Operation 451 [1/1] (0.00ns)   --->   "%V_V_5_load_2_read = read i16 @_ssdm_op_Read.ap_auto.i16, i16 %V_V_5_load_2"   --->   Operation 451 'read' 'V_V_5_load_2_read' <Predicate = true> <Delay = 0.00>
ST_1 : Operation 452 [1/1] (0.00ns)   --->   "%V_V_4_load_2_read = read i16 @_ssdm_op_Read.ap_auto.i16, i16 %V_V_4_load_2"   --->   Operation 452 'read' 'V_V_4_load_2_read' <Predicate = true> <Delay = 0.00>
ST_1 : Operation 453 [1/1] (0.00ns)   --->   "%V_V_3_load_2_read = read i16 @_ssdm_op_Read.ap_auto.i16, i16 %V_V_3_load_2"   --->   Operation 453 'read' 'V_V_3_load_2_read' <Predicate = true> <Delay = 0.00>
ST_1 : Operation 454 [1/1] (0.00ns)   --->   "%V_V_2_load_2_read = read i16 @_ssdm_op_Read.ap_auto.i16, i16 %V_V_2_load_2"   --->   Operation 454 'read' 'V_V_2_load_2_read' <Predicate = true> <Delay = 0.00>
ST_1 : Operation 455 [1/1] (0.00ns)   --->   "%V_V_1_load_2_read = read i16 @_ssdm_op_Read.ap_auto.i16, i16 %V_V_1_load_2"   --->   Operation 455 'read' 'V_V_1_load_2_read' <Predicate = true> <Delay = 0.00>
ST_1 : Operation 456 [1/1] (0.00ns)   --->   "%V_V_load_2_read = read i16 @_ssdm_op_Read.ap_auto.i16, i16 %V_V_load_2"   --->   Operation 456 'read' 'V_V_load_2_read' <Predicate = true> <Delay = 0.00>
ST_1 : Operation 457 [1/1] (0.00ns)   --->   "%K_V_15_load_2_read = read i16 @_ssdm_op_Read.ap_auto.i16, i16 %K_V_15_load_2"   --->   Operation 457 'read' 'K_V_15_load_2_read' <Predicate = true> <Delay = 0.00>
ST_1 : Operation 458 [1/1] (0.00ns)   --->   "%K_V_14_load_2_read = read i16 @_ssdm_op_Read.ap_auto.i16, i16 %K_V_14_load_2"   --->   Operation 458 'read' 'K_V_14_load_2_read' <Predicate = true> <Delay = 0.00>
ST_1 : Operation 459 [1/1] (0.00ns)   --->   "%K_V_13_load_2_read = read i16 @_ssdm_op_Read.ap_auto.i16, i16 %K_V_13_load_2"   --->   Operation 459 'read' 'K_V_13_load_2_read' <Predicate = true> <Delay = 0.00>
ST_1 : Operation 460 [1/1] (0.00ns)   --->   "%K_V_12_load_2_read = read i16 @_ssdm_op_Read.ap_auto.i16, i16 %K_V_12_load_2"   --->   Operation 460 'read' 'K_V_12_load_2_read' <Predicate = true> <Delay = 0.00>
ST_1 : Operation 461 [1/1] (0.00ns)   --->   "%K_V_11_load_2_read = read i16 @_ssdm_op_Read.ap_auto.i16, i16 %K_V_11_load_2"   --->   Operation 461 'read' 'K_V_11_load_2_read' <Predicate = true> <Delay = 0.00>
ST_1 : Operation 462 [1/1] (0.00ns)   --->   "%K_V_10_load_2_read = read i16 @_ssdm_op_Read.ap_auto.i16, i16 %K_V_10_load_2"   --->   Operation 462 'read' 'K_V_10_load_2_read' <Predicate = true> <Delay = 0.00>
ST_1 : Operation 463 [1/1] (0.00ns)   --->   "%K_V_9_load_3_read = read i16 @_ssdm_op_Read.ap_auto.i16, i16 %K_V_9_load_3"   --->   Operation 463 'read' 'K_V_9_load_3_read' <Predicate = true> <Delay = 0.00>
ST_1 : Operation 464 [1/1] (0.00ns)   --->   "%K_V_8_load_3_read = read i16 @_ssdm_op_Read.ap_auto.i16, i16 %K_V_8_load_3"   --->   Operation 464 'read' 'K_V_8_load_3_read' <Predicate = true> <Delay = 0.00>
ST_1 : Operation 465 [1/1] (0.00ns)   --->   "%K_V_7_load_3_read = read i16 @_ssdm_op_Read.ap_auto.i16, i16 %K_V_7_load_3"   --->   Operation 465 'read' 'K_V_7_load_3_read' <Predicate = true> <Delay = 0.00>
ST_1 : Operation 466 [1/1] (0.00ns)   --->   "%K_V_6_load_3_read = read i16 @_ssdm_op_Read.ap_auto.i16, i16 %K_V_6_load_3"   --->   Operation 466 'read' 'K_V_6_load_3_read' <Predicate = true> <Delay = 0.00>
ST_1 : Operation 467 [1/1] (0.00ns)   --->   "%K_V_5_load_3_read = read i16 @_ssdm_op_Read.ap_auto.i16, i16 %K_V_5_load_3"   --->   Operation 467 'read' 'K_V_5_load_3_read' <Predicate = true> <Delay = 0.00>
ST_1 : Operation 468 [1/1] (0.00ns)   --->   "%K_V_4_load_3_read = read i16 @_ssdm_op_Read.ap_auto.i16, i16 %K_V_4_load_3"   --->   Operation 468 'read' 'K_V_4_load_3_read' <Predicate = true> <Delay = 0.00>
ST_1 : Operation 469 [1/1] (0.00ns)   --->   "%K_V_3_load_3_read = read i16 @_ssdm_op_Read.ap_auto.i16, i16 %K_V_3_load_3"   --->   Operation 469 'read' 'K_V_3_load_3_read' <Predicate = true> <Delay = 0.00>
ST_1 : Operation 470 [1/1] (0.00ns)   --->   "%K_V_2_load_3_read = read i16 @_ssdm_op_Read.ap_auto.i16, i16 %K_V_2_load_3"   --->   Operation 470 'read' 'K_V_2_load_3_read' <Predicate = true> <Delay = 0.00>
ST_1 : Operation 471 [1/1] (0.00ns)   --->   "%K_V_1_load_3_read = read i16 @_ssdm_op_Read.ap_auto.i16, i16 %K_V_1_load_3"   --->   Operation 471 'read' 'K_V_1_load_3_read' <Predicate = true> <Delay = 0.00>
ST_1 : Operation 472 [1/1] (0.00ns)   --->   "%K_V_load_3_read = read i16 @_ssdm_op_Read.ap_auto.i16, i16 %K_V_load_3"   --->   Operation 472 'read' 'K_V_load_3_read' <Predicate = true> <Delay = 0.00>
ST_1 : Operation 473 [1/1] (0.00ns)   --->   "%V_V_15_load_1_read = read i16 @_ssdm_op_Read.ap_auto.i16, i16 %V_V_15_load_1"   --->   Operation 473 'read' 'V_V_15_load_1_read' <Predicate = true> <Delay = 0.00>
ST_1 : Operation 474 [1/1] (0.00ns)   --->   "%V_V_14_load_1_read = read i16 @_ssdm_op_Read.ap_auto.i16, i16 %V_V_14_load_1"   --->   Operation 474 'read' 'V_V_14_load_1_read' <Predicate = true> <Delay = 0.00>
ST_1 : Operation 475 [1/1] (0.00ns)   --->   "%V_V_13_load_1_read = read i16 @_ssdm_op_Read.ap_auto.i16, i16 %V_V_13_load_1"   --->   Operation 475 'read' 'V_V_13_load_1_read' <Predicate = true> <Delay = 0.00>
ST_1 : Operation 476 [1/1] (0.00ns)   --->   "%V_V_12_load_1_read = read i16 @_ssdm_op_Read.ap_auto.i16, i16 %V_V_12_load_1"   --->   Operation 476 'read' 'V_V_12_load_1_read' <Predicate = true> <Delay = 0.00>
ST_1 : Operation 477 [1/1] (0.00ns)   --->   "%V_V_11_load_1_read = read i16 @_ssdm_op_Read.ap_auto.i16, i16 %V_V_11_load_1"   --->   Operation 477 'read' 'V_V_11_load_1_read' <Predicate = true> <Delay = 0.00>
ST_1 : Operation 478 [1/1] (0.00ns)   --->   "%V_V_10_load_1_read = read i16 @_ssdm_op_Read.ap_auto.i16, i16 %V_V_10_load_1"   --->   Operation 478 'read' 'V_V_10_load_1_read' <Predicate = true> <Delay = 0.00>
ST_1 : Operation 479 [1/1] (0.00ns)   --->   "%V_V_9_load_1_read = read i16 @_ssdm_op_Read.ap_auto.i16, i16 %V_V_9_load_1"   --->   Operation 479 'read' 'V_V_9_load_1_read' <Predicate = true> <Delay = 0.00>
ST_1 : Operation 480 [1/1] (0.00ns)   --->   "%V_V_8_load_1_read = read i16 @_ssdm_op_Read.ap_auto.i16, i16 %V_V_8_load_1"   --->   Operation 480 'read' 'V_V_8_load_1_read' <Predicate = true> <Delay = 0.00>
ST_1 : Operation 481 [1/1] (0.00ns)   --->   "%V_V_7_load_1_read = read i16 @_ssdm_op_Read.ap_auto.i16, i16 %V_V_7_load_1"   --->   Operation 481 'read' 'V_V_7_load_1_read' <Predicate = true> <Delay = 0.00>
ST_1 : Operation 482 [1/1] (0.00ns)   --->   "%V_V_6_load_1_read = read i16 @_ssdm_op_Read.ap_auto.i16, i16 %V_V_6_load_1"   --->   Operation 482 'read' 'V_V_6_load_1_read' <Predicate = true> <Delay = 0.00>
ST_1 : Operation 483 [1/1] (0.00ns)   --->   "%V_V_5_load_1_read = read i16 @_ssdm_op_Read.ap_auto.i16, i16 %V_V_5_load_1"   --->   Operation 483 'read' 'V_V_5_load_1_read' <Predicate = true> <Delay = 0.00>
ST_1 : Operation 484 [1/1] (0.00ns)   --->   "%V_V_4_load_1_read = read i16 @_ssdm_op_Read.ap_auto.i16, i16 %V_V_4_load_1"   --->   Operation 484 'read' 'V_V_4_load_1_read' <Predicate = true> <Delay = 0.00>
ST_1 : Operation 485 [1/1] (0.00ns)   --->   "%V_V_3_load_1_read = read i16 @_ssdm_op_Read.ap_auto.i16, i16 %V_V_3_load_1"   --->   Operation 485 'read' 'V_V_3_load_1_read' <Predicate = true> <Delay = 0.00>
ST_1 : Operation 486 [1/1] (0.00ns)   --->   "%V_V_2_load_1_read = read i16 @_ssdm_op_Read.ap_auto.i16, i16 %V_V_2_load_1"   --->   Operation 486 'read' 'V_V_2_load_1_read' <Predicate = true> <Delay = 0.00>
ST_1 : Operation 487 [1/1] (0.00ns)   --->   "%V_V_1_load_1_read = read i16 @_ssdm_op_Read.ap_auto.i16, i16 %V_V_1_load_1"   --->   Operation 487 'read' 'V_V_1_load_1_read' <Predicate = true> <Delay = 0.00>
ST_1 : Operation 488 [1/1] (0.00ns)   --->   "%V_V_load_1_read = read i16 @_ssdm_op_Read.ap_auto.i16, i16 %V_V_load_1"   --->   Operation 488 'read' 'V_V_load_1_read' <Predicate = true> <Delay = 0.00>
ST_1 : Operation 489 [1/1] (0.00ns)   --->   "%K_V_15_load_1_read = read i16 @_ssdm_op_Read.ap_auto.i16, i16 %K_V_15_load_1"   --->   Operation 489 'read' 'K_V_15_load_1_read' <Predicate = true> <Delay = 0.00>
ST_1 : Operation 490 [1/1] (0.00ns)   --->   "%K_V_14_load_1_read = read i16 @_ssdm_op_Read.ap_auto.i16, i16 %K_V_14_load_1"   --->   Operation 490 'read' 'K_V_14_load_1_read' <Predicate = true> <Delay = 0.00>
ST_1 : Operation 491 [1/1] (0.00ns)   --->   "%K_V_13_load_1_read = read i16 @_ssdm_op_Read.ap_auto.i16, i16 %K_V_13_load_1"   --->   Operation 491 'read' 'K_V_13_load_1_read' <Predicate = true> <Delay = 0.00>
ST_1 : Operation 492 [1/1] (0.00ns)   --->   "%K_V_12_load_1_read = read i16 @_ssdm_op_Read.ap_auto.i16, i16 %K_V_12_load_1"   --->   Operation 492 'read' 'K_V_12_load_1_read' <Predicate = true> <Delay = 0.00>
ST_1 : Operation 493 [1/1] (0.00ns)   --->   "%K_V_11_load_1_read = read i16 @_ssdm_op_Read.ap_auto.i16, i16 %K_V_11_load_1"   --->   Operation 493 'read' 'K_V_11_load_1_read' <Predicate = true> <Delay = 0.00>
ST_1 : Operation 494 [1/1] (0.00ns)   --->   "%K_V_10_load_1_read = read i16 @_ssdm_op_Read.ap_auto.i16, i16 %K_V_10_load_1"   --->   Operation 494 'read' 'K_V_10_load_1_read' <Predicate = true> <Delay = 0.00>
ST_1 : Operation 495 [1/1] (0.00ns)   --->   "%K_V_9_load_2_read = read i16 @_ssdm_op_Read.ap_auto.i16, i16 %K_V_9_load_2"   --->   Operation 495 'read' 'K_V_9_load_2_read' <Predicate = true> <Delay = 0.00>
ST_1 : Operation 496 [1/1] (0.00ns)   --->   "%K_V_8_load_2_read = read i16 @_ssdm_op_Read.ap_auto.i16, i16 %K_V_8_load_2"   --->   Operation 496 'read' 'K_V_8_load_2_read' <Predicate = true> <Delay = 0.00>
ST_1 : Operation 497 [1/1] (0.00ns)   --->   "%K_V_7_load_2_read = read i16 @_ssdm_op_Read.ap_auto.i16, i16 %K_V_7_load_2"   --->   Operation 497 'read' 'K_V_7_load_2_read' <Predicate = true> <Delay = 0.00>
ST_1 : Operation 498 [1/1] (0.00ns)   --->   "%K_V_6_load_2_read = read i16 @_ssdm_op_Read.ap_auto.i16, i16 %K_V_6_load_2"   --->   Operation 498 'read' 'K_V_6_load_2_read' <Predicate = true> <Delay = 0.00>
ST_1 : Operation 499 [1/1] (0.00ns)   --->   "%K_V_5_load_2_read = read i16 @_ssdm_op_Read.ap_auto.i16, i16 %K_V_5_load_2"   --->   Operation 499 'read' 'K_V_5_load_2_read' <Predicate = true> <Delay = 0.00>
ST_1 : Operation 500 [1/1] (0.00ns)   --->   "%K_V_4_load_2_read = read i16 @_ssdm_op_Read.ap_auto.i16, i16 %K_V_4_load_2"   --->   Operation 500 'read' 'K_V_4_load_2_read' <Predicate = true> <Delay = 0.00>
ST_1 : Operation 501 [1/1] (0.00ns)   --->   "%K_V_3_load_2_read = read i16 @_ssdm_op_Read.ap_auto.i16, i16 %K_V_3_load_2"   --->   Operation 501 'read' 'K_V_3_load_2_read' <Predicate = true> <Delay = 0.00>
ST_1 : Operation 502 [1/1] (0.00ns)   --->   "%K_V_2_load_2_read = read i16 @_ssdm_op_Read.ap_auto.i16, i16 %K_V_2_load_2"   --->   Operation 502 'read' 'K_V_2_load_2_read' <Predicate = true> <Delay = 0.00>
ST_1 : Operation 503 [1/1] (0.00ns)   --->   "%K_V_1_load_2_read = read i16 @_ssdm_op_Read.ap_auto.i16, i16 %K_V_1_load_2"   --->   Operation 503 'read' 'K_V_1_load_2_read' <Predicate = true> <Delay = 0.00>
ST_1 : Operation 504 [1/1] (0.00ns)   --->   "%K_V_load_2_read = read i16 @_ssdm_op_Read.ap_auto.i16, i16 %K_V_load_2"   --->   Operation 504 'read' 'K_V_load_2_read' <Predicate = true> <Delay = 0.00>
ST_1 : Operation 505 [1/1] (0.00ns)   --->   "%V_V_15_load_read = read i16 @_ssdm_op_Read.ap_auto.i16, i16 %V_V_15_load"   --->   Operation 505 'read' 'V_V_15_load_read' <Predicate = true> <Delay = 0.00>
ST_1 : Operation 506 [1/1] (0.00ns)   --->   "%V_V_14_load_read = read i16 @_ssdm_op_Read.ap_auto.i16, i16 %V_V_14_load"   --->   Operation 506 'read' 'V_V_14_load_read' <Predicate = true> <Delay = 0.00>
ST_1 : Operation 507 [1/1] (0.00ns)   --->   "%V_V_13_load_read = read i16 @_ssdm_op_Read.ap_auto.i16, i16 %V_V_13_load"   --->   Operation 507 'read' 'V_V_13_load_read' <Predicate = true> <Delay = 0.00>
ST_1 : Operation 508 [1/1] (0.00ns)   --->   "%V_V_12_load_read = read i16 @_ssdm_op_Read.ap_auto.i16, i16 %V_V_12_load"   --->   Operation 508 'read' 'V_V_12_load_read' <Predicate = true> <Delay = 0.00>
ST_1 : Operation 509 [1/1] (0.00ns)   --->   "%V_V_11_load_read = read i16 @_ssdm_op_Read.ap_auto.i16, i16 %V_V_11_load"   --->   Operation 509 'read' 'V_V_11_load_read' <Predicate = true> <Delay = 0.00>
ST_1 : Operation 510 [1/1] (0.00ns)   --->   "%V_V_10_load_read = read i16 @_ssdm_op_Read.ap_auto.i16, i16 %V_V_10_load"   --->   Operation 510 'read' 'V_V_10_load_read' <Predicate = true> <Delay = 0.00>
ST_1 : Operation 511 [1/1] (0.00ns)   --->   "%V_V_9_load_read = read i16 @_ssdm_op_Read.ap_auto.i16, i16 %V_V_9_load"   --->   Operation 511 'read' 'V_V_9_load_read' <Predicate = true> <Delay = 0.00>
ST_1 : Operation 512 [1/1] (0.00ns)   --->   "%V_V_8_load_read = read i16 @_ssdm_op_Read.ap_auto.i16, i16 %V_V_8_load"   --->   Operation 512 'read' 'V_V_8_load_read' <Predicate = true> <Delay = 0.00>
ST_1 : Operation 513 [1/1] (0.00ns)   --->   "%V_V_7_load_read = read i16 @_ssdm_op_Read.ap_auto.i16, i16 %V_V_7_load"   --->   Operation 513 'read' 'V_V_7_load_read' <Predicate = true> <Delay = 0.00>
ST_1 : Operation 514 [1/1] (0.00ns)   --->   "%V_V_6_load_read = read i16 @_ssdm_op_Read.ap_auto.i16, i16 %V_V_6_load"   --->   Operation 514 'read' 'V_V_6_load_read' <Predicate = true> <Delay = 0.00>
ST_1 : Operation 515 [1/1] (0.00ns)   --->   "%V_V_5_load_read = read i16 @_ssdm_op_Read.ap_auto.i16, i16 %V_V_5_load"   --->   Operation 515 'read' 'V_V_5_load_read' <Predicate = true> <Delay = 0.00>
ST_1 : Operation 516 [1/1] (0.00ns)   --->   "%V_V_4_load_read = read i16 @_ssdm_op_Read.ap_auto.i16, i16 %V_V_4_load"   --->   Operation 516 'read' 'V_V_4_load_read' <Predicate = true> <Delay = 0.00>
ST_1 : Operation 517 [1/1] (0.00ns)   --->   "%V_V_3_load_read = read i16 @_ssdm_op_Read.ap_auto.i16, i16 %V_V_3_load"   --->   Operation 517 'read' 'V_V_3_load_read' <Predicate = true> <Delay = 0.00>
ST_1 : Operation 518 [1/1] (0.00ns)   --->   "%V_V_2_load_read = read i16 @_ssdm_op_Read.ap_auto.i16, i16 %V_V_2_load"   --->   Operation 518 'read' 'V_V_2_load_read' <Predicate = true> <Delay = 0.00>
ST_1 : Operation 519 [1/1] (0.00ns)   --->   "%V_V_1_load_read = read i16 @_ssdm_op_Read.ap_auto.i16, i16 %V_V_1_load"   --->   Operation 519 'read' 'V_V_1_load_read' <Predicate = true> <Delay = 0.00>
ST_1 : Operation 520 [1/1] (0.00ns)   --->   "%V_V_load_read = read i16 @_ssdm_op_Read.ap_auto.i16, i16 %V_V_load"   --->   Operation 520 'read' 'V_V_load_read' <Predicate = true> <Delay = 0.00>
ST_1 : Operation 521 [1/1] (0.00ns)   --->   "%K_V_15_load_read = read i16 @_ssdm_op_Read.ap_auto.i16, i16 %K_V_15_load"   --->   Operation 521 'read' 'K_V_15_load_read' <Predicate = true> <Delay = 0.00>
ST_1 : Operation 522 [1/1] (0.00ns)   --->   "%K_V_14_load_read = read i16 @_ssdm_op_Read.ap_auto.i16, i16 %K_V_14_load"   --->   Operation 522 'read' 'K_V_14_load_read' <Predicate = true> <Delay = 0.00>
ST_1 : Operation 523 [1/1] (0.00ns)   --->   "%K_V_13_load_read = read i16 @_ssdm_op_Read.ap_auto.i16, i16 %K_V_13_load"   --->   Operation 523 'read' 'K_V_13_load_read' <Predicate = true> <Delay = 0.00>
ST_1 : Operation 524 [1/1] (0.00ns)   --->   "%K_V_12_load_read = read i16 @_ssdm_op_Read.ap_auto.i16, i16 %K_V_12_load"   --->   Operation 524 'read' 'K_V_12_load_read' <Predicate = true> <Delay = 0.00>
ST_1 : Operation 525 [1/1] (0.00ns)   --->   "%K_V_11_load_read = read i16 @_ssdm_op_Read.ap_auto.i16, i16 %K_V_11_load"   --->   Operation 525 'read' 'K_V_11_load_read' <Predicate = true> <Delay = 0.00>
ST_1 : Operation 526 [1/1] (0.00ns)   --->   "%K_V_10_load_read = read i16 @_ssdm_op_Read.ap_auto.i16, i16 %K_V_10_load"   --->   Operation 526 'read' 'K_V_10_load_read' <Predicate = true> <Delay = 0.00>
ST_1 : Operation 527 [1/1] (0.00ns)   --->   "%K_V_9_load_1_read = read i16 @_ssdm_op_Read.ap_auto.i16, i16 %K_V_9_load_1"   --->   Operation 527 'read' 'K_V_9_load_1_read' <Predicate = true> <Delay = 0.00>
ST_1 : Operation 528 [1/1] (0.00ns)   --->   "%K_V_8_load_1_read = read i16 @_ssdm_op_Read.ap_auto.i16, i16 %K_V_8_load_1"   --->   Operation 528 'read' 'K_V_8_load_1_read' <Predicate = true> <Delay = 0.00>
ST_1 : Operation 529 [1/1] (0.00ns)   --->   "%K_V_7_load_1_read = read i16 @_ssdm_op_Read.ap_auto.i16, i16 %K_V_7_load_1"   --->   Operation 529 'read' 'K_V_7_load_1_read' <Predicate = true> <Delay = 0.00>
ST_1 : Operation 530 [1/1] (0.00ns)   --->   "%K_V_6_load_1_read = read i16 @_ssdm_op_Read.ap_auto.i16, i16 %K_V_6_load_1"   --->   Operation 530 'read' 'K_V_6_load_1_read' <Predicate = true> <Delay = 0.00>
ST_1 : Operation 531 [1/1] (0.00ns)   --->   "%K_V_5_load_1_read = read i16 @_ssdm_op_Read.ap_auto.i16, i16 %K_V_5_load_1"   --->   Operation 531 'read' 'K_V_5_load_1_read' <Predicate = true> <Delay = 0.00>
ST_1 : Operation 532 [1/1] (0.00ns)   --->   "%K_V_4_load_1_read = read i16 @_ssdm_op_Read.ap_auto.i16, i16 %K_V_4_load_1"   --->   Operation 532 'read' 'K_V_4_load_1_read' <Predicate = true> <Delay = 0.00>
ST_1 : Operation 533 [1/1] (0.00ns)   --->   "%K_V_3_load_1_read = read i16 @_ssdm_op_Read.ap_auto.i16, i16 %K_V_3_load_1"   --->   Operation 533 'read' 'K_V_3_load_1_read' <Predicate = true> <Delay = 0.00>
ST_1 : Operation 534 [1/1] (0.00ns)   --->   "%K_V_2_load_1_read = read i16 @_ssdm_op_Read.ap_auto.i16, i16 %K_V_2_load_1"   --->   Operation 534 'read' 'K_V_2_load_1_read' <Predicate = true> <Delay = 0.00>
ST_1 : Operation 535 [1/1] (0.00ns)   --->   "%K_V_1_load_1_read = read i16 @_ssdm_op_Read.ap_auto.i16, i16 %K_V_1_load_1"   --->   Operation 535 'read' 'K_V_1_load_1_read' <Predicate = true> <Delay = 0.00>
ST_1 : Operation 536 [1/1] (0.00ns)   --->   "%K_V_load_1_read = read i16 @_ssdm_op_Read.ap_auto.i16, i16 %K_V_load_1"   --->   Operation 536 'read' 'K_V_load_1_read' <Predicate = true> <Delay = 0.00>
ST_1 : Operation 537 [1/1] (1.58ns)   --->   "%store_ln0 = store i9 0, i9 %indvar_flatten"   --->   Operation 537 'store' 'store_ln0' <Predicate = true> <Delay = 1.58>
ST_1 : Operation 538 [1/1] (1.58ns)   --->   "%store_ln0 = store i5 0, i5 %d1"   --->   Operation 538 'store' 'store_ln0' <Predicate = true> <Delay = 1.58>
ST_1 : Operation 539 [1/1] (1.58ns)   --->   "%store_ln0 = store i5 0, i5 %d2"   --->   Operation 539 'store' 'store_ln0' <Predicate = true> <Delay = 1.58>
ST_1 : Operation 540 [1/1] (0.00ns)   --->   "%br_ln0 = br void %for.body111"   --->   Operation 540 'br' 'br_ln0' <Predicate = true> <Delay = 0.00>
ST_1 : Operation 541 [1/1] (0.00ns)   --->   "%indvar_flatten_load = load i9 %indvar_flatten" [src/imgds_linear_dense_q16.cpp:100]   --->   Operation 541 'load' 'indvar_flatten_load' <Predicate = true> <Delay = 0.00>
ST_1 : Operation 542 [1/1] (0.00ns)   --->   "%specpipeline_ln0 = specpipeline void @_ssdm_op_SpecPipeline, i32 4294967295, i32 0, i32 1, i32 0, void @p_str"   --->   Operation 542 'specpipeline' 'specpipeline_ln0' <Predicate = true> <Delay = 0.00>
ST_1 : Operation 543 [1/1] (1.66ns)   --->   "%icmp_ln100 = icmp_eq  i9 %indvar_flatten_load, i9 256" [src/imgds_linear_dense_q16.cpp:100]   --->   Operation 543 'icmp' 'icmp_ln100' <Predicate = true> <Delay = 1.66> <CoreInst = "Cmp">   --->   Core 9 'Cmp' <Latency = 0> <II = 1> <Delay = 1.66> <FuncUnit> <Opcode : 'icmp'> <InPorts = 2> <OutPorts = 1>
ST_1 : Operation 544 [1/1] (1.82ns)   --->   "%add_ln100 = add i9 %indvar_flatten_load, i9 1" [src/imgds_linear_dense_q16.cpp:100]   --->   Operation 544 'add' 'add_ln100' <Predicate = true> <Delay = 1.82> <CoreInst = "Adder">   --->   Core 1 'Adder' <Latency = 0> <II = 1> <Delay = 1.82> <FuncUnit> <Opcode : 'add' 'sub'> <InPorts = 2> <OutPorts = 1>
ST_1 : Operation 545 [1/1] (0.00ns)   --->   "%br_ln100 = br i1 %icmp_ln100, void %for.inc138, void %for.body152.preheader.exitStub" [src/imgds_linear_dense_q16.cpp:100]   --->   Operation 545 'br' 'br_ln100' <Predicate = true> <Delay = 0.00>
ST_1 : Operation 546 [1/1] (0.00ns)   --->   "%d2_load = load i5 %d2" [src/imgds_linear_dense_q16.cpp:101]   --->   Operation 546 'load' 'd2_load' <Predicate = (!icmp_ln100)> <Delay = 0.00>
ST_1 : Operation 547 [1/1] (0.00ns)   --->   "%d1_load = load i5 %d1" [src/imgds_linear_dense_q16.cpp:100]   --->   Operation 547 'load' 'd1_load' <Predicate = (!icmp_ln100)> <Delay = 0.00>
ST_1 : Operation 548 [1/1] (1.36ns)   --->   "%icmp_ln101 = icmp_eq  i5 %d2_load, i5 16" [src/imgds_linear_dense_q16.cpp:101]   --->   Operation 548 'icmp' 'icmp_ln101' <Predicate = (!icmp_ln100)> <Delay = 1.36> <CoreInst = "Cmp">   --->   Core 9 'Cmp' <Latency = 0> <II = 1> <Delay = 1.36> <FuncUnit> <Opcode : 'icmp'> <InPorts = 2> <OutPorts = 1>
ST_1 : Operation 549 [1/1] (1.21ns)   --->   "%select_ln100 = select i1 %icmp_ln101, i5 0, i5 %d2_load" [src/imgds_linear_dense_q16.cpp:100]   --->   Operation 549 'select' 'select_ln100' <Predicate = (!icmp_ln100)> <Delay = 1.21> <CoreInst = "Sel">   --->   Core 73 'Sel' <Latency = 0> <II = 1> <Delay = 1.21> <FuncUnit> <Opcode : 'select'> <InPorts = 3> <OutPorts = 1>
ST_1 : Operation 550 [1/1] (1.78ns)   --->   "%add_ln100_1 = add i5 %d1_load, i5 1" [src/imgds_linear_dense_q16.cpp:100]   --->   Operation 550 'add' 'add_ln100_1' <Predicate = (!icmp_ln100)> <Delay = 1.78> <CoreInst = "Adder">   --->   Core 1 'Adder' <Latency = 0> <II = 1> <Delay = 1.78> <FuncUnit> <Opcode : 'add' 'sub'> <InPorts = 2> <OutPorts = 1>
ST_1 : Operation 551 [1/1] (1.21ns)   --->   "%select_ln100_1 = select i1 %icmp_ln101, i5 %add_ln100_1, i5 %d1_load" [src/imgds_linear_dense_q16.cpp:100]   --->   Operation 551 'select' 'select_ln100_1' <Predicate = (!icmp_ln100)> <Delay = 1.21> <CoreInst = "Sel">   --->   Core 73 'Sel' <Latency = 0> <II = 1> <Delay = 1.21> <FuncUnit> <Opcode : 'select'> <InPorts = 3> <OutPorts = 1>
ST_1 : Operation 552 [1/1] (0.00ns)   --->   "%trunc_ln100 = trunc i5 %select_ln100_1" [src/imgds_linear_dense_q16.cpp:100]   --->   Operation 552 'trunc' 'trunc_ln100' <Predicate = (!icmp_ln100)> <Delay = 0.00>
ST_1 : Operation 553 [1/1] (0.00ns)   --->   "%trunc_ln1273 = trunc i5 %select_ln100"   --->   Operation 553 'trunc' 'trunc_ln1273' <Predicate = (!icmp_ln100)> <Delay = 0.00>
ST_1 : Operation 554 [1/1] (2.06ns)   --->   "%tmp_3 = mux i16 @_ssdm_op_Mux.ap_auto.16i16.i4, i16 %K_V_load_1_read, i16 %K_V_1_load_1_read, i16 %K_V_2_load_1_read, i16 %K_V_3_load_1_read, i16 %K_V_4_load_1_read, i16 %K_V_5_load_1_read, i16 %K_V_6_load_1_read, i16 %K_V_7_load_1_read, i16 %K_V_8_load_1_read, i16 %K_V_9_load_1_read, i16 %K_V_10_load_read, i16 %K_V_11_load_read, i16 %K_V_12_load_read, i16 %K_V_13_load_read, i16 %K_V_14_load_read, i16 %K_V_15_load_read, i4 %trunc_ln100"   --->   Operation 554 'mux' 'tmp_3' <Predicate = (!icmp_ln100)> <Delay = 2.06> <CoreInst = "Multiplexer">   --->   Core 76 'Multiplexer' <Latency = 0> <II = 1> <Delay = 2.06> <FuncUnit> <Opcode : 'mux'> <InPorts = 2> <OutPorts = 1>
ST_1 : Operation 555 [1/1] (0.00ns)   --->   "%sext_ln818 = sext i16 %tmp_3"   --->   Operation 555 'sext' 'sext_ln818' <Predicate = (!icmp_ln100)> <Delay = 0.00>
ST_1 : Operation 556 [1/1] (2.06ns)   --->   "%tmp_4 = mux i16 @_ssdm_op_Mux.ap_auto.16i16.i4, i16 %V_V_load_read, i16 %V_V_1_load_read, i16 %V_V_2_load_read, i16 %V_V_3_load_read, i16 %V_V_4_load_read, i16 %V_V_5_load_read, i16 %V_V_6_load_read, i16 %V_V_7_load_read, i16 %V_V_8_load_read, i16 %V_V_9_load_read, i16 %V_V_10_load_read, i16 %V_V_11_load_read, i16 %V_V_12_load_read, i16 %V_V_13_load_read, i16 %V_V_14_load_read, i16 %V_V_15_load_read, i4 %trunc_ln1273"   --->   Operation 556 'mux' 'tmp_4' <Predicate = (!icmp_ln100)> <Delay = 2.06> <CoreInst = "Multiplexer">   --->   Core 76 'Multiplexer' <Latency = 0> <II = 1> <Delay = 2.06> <FuncUnit> <Opcode : 'mux'> <InPorts = 2> <OutPorts = 1>
ST_1 : Operation 557 [1/1] (0.00ns)   --->   "%sext_ln818_1 = sext i16 %tmp_4"   --->   Operation 557 'sext' 'sext_ln818_1' <Predicate = (!icmp_ln100)> <Delay = 0.00>
ST_1 : Operation 558 [4/4] (2.15ns) (root node of the DSP)   --->   "%mul_ln818 = mul i26 %sext_ln818_1, i26 %sext_ln818"   --->   Operation 558 'mul' 'mul_ln818' <Predicate = (!icmp_ln100)> <Delay = 2.15> <CoreInst = "DSP48">   --->   Core 119 'DSP48' <Latency = 3> <II = 1> <Delay = 2.15> <IPBlock> <Opcode : 'mul' 'add' 'sub' 'select'> <InPorts = 0> <OutPorts = 1> <Sync> <CReg>
ST_1 : Operation 559 [1/1] (0.95ns)   --->   "%switch_ln106 = switch i4 %trunc_ln1273, void %arrayidx1348.case.15, i4 0, void %arrayidx1348.case.0, i4 1, void %arrayidx1348.case.1, i4 2, void %arrayidx1348.case.2, i4 3, void %arrayidx1348.case.3, i4 4, void %arrayidx1348.case.4, i4 5, void %arrayidx1348.case.5, i4 6, void %arrayidx1348.case.6, i4 7, void %arrayidx1348.case.7, i4 8, void %arrayidx1348.case.8, i4 9, void %arrayidx1348.case.9, i4 10, void %arrayidx1348.case.10, i4 11, void %arrayidx1348.case.11, i4 12, void %arrayidx1348.case.12, i4 13, void %arrayidx1348.case.13, i4 14, void %arrayidx1348.case.14" [src/imgds_linear_dense_q16.cpp:106]   --->   Operation 559 'switch' 'switch_ln106' <Predicate = (!icmp_ln100)> <Delay = 0.95>
ST_1 : Operation 560 [1/1] (1.78ns)   --->   "%add_ln101 = add i5 %select_ln100, i5 1" [src/imgds_linear_dense_q16.cpp:101]   --->   Operation 560 'add' 'add_ln101' <Predicate = (!icmp_ln100)> <Delay = 1.78> <CoreInst = "Adder">   --->   Core 1 'Adder' <Latency = 0> <II = 1> <Delay = 1.78> <FuncUnit> <Opcode : 'add' 'sub'> <InPorts = 2> <OutPorts = 1>
ST_1 : Operation 561 [1/1] (1.58ns)   --->   "%store_ln101 = store i9 %add_ln100, i9 %indvar_flatten" [src/imgds_linear_dense_q16.cpp:101]   --->   Operation 561 'store' 'store_ln101' <Predicate = (!icmp_ln100)> <Delay = 1.58>
ST_1 : Operation 562 [1/1] (1.58ns)   --->   "%store_ln101 = store i5 %select_ln100_1, i5 %d1" [src/imgds_linear_dense_q16.cpp:101]   --->   Operation 562 'store' 'store_ln101' <Predicate = (!icmp_ln100)> <Delay = 1.58>
ST_1 : Operation 563 [1/1] (1.58ns)   --->   "%store_ln101 = store i5 %add_ln101, i5 %d2" [src/imgds_linear_dense_q16.cpp:101]   --->   Operation 563 'store' 'store_ln101' <Predicate = (!icmp_ln100)> <Delay = 1.58>
ST_1 : Operation 564 [1/1] (0.00ns)   --->   "%br_ln101 = br void %for.body111" [src/imgds_linear_dense_q16.cpp:101]   --->   Operation 564 'br' 'br_ln101' <Predicate = (!icmp_ln100)> <Delay = 0.00>

State 2 <SV = 1> <Delay = 3.11>
ST_2 : Operation 565 [3/4] (2.15ns) (root node of the DSP)   --->   "%mul_ln818 = mul i26 %sext_ln818_1, i26 %sext_ln818"   --->   Operation 565 'mul' 'mul_ln818' <Predicate = true> <Delay = 2.15> <CoreInst = "DSP48">   --->   Core 119 'DSP48' <Latency = 3> <II = 1> <Delay = 2.15> <IPBlock> <Opcode : 'mul' 'add' 'sub' 'select'> <InPorts = 0> <OutPorts = 1> <Sync> <CReg>
ST_2 : Operation 566 [1/1] (2.06ns)   --->   "%tmp_3_1 = mux i16 @_ssdm_op_Mux.ap_auto.16i16.i4, i16 %K_V_load_2_read, i16 %K_V_1_load_2_read, i16 %K_V_2_load_2_read, i16 %K_V_3_load_2_read, i16 %K_V_4_load_2_read, i16 %K_V_5_load_2_read, i16 %K_V_6_load_2_read, i16 %K_V_7_load_2_read, i16 %K_V_8_load_2_read, i16 %K_V_9_load_2_read, i16 %K_V_10_load_1_read, i16 %K_V_11_load_1_read, i16 %K_V_12_load_1_read, i16 %K_V_13_load_1_read, i16 %K_V_14_load_1_read, i16 %K_V_15_load_1_read, i4 %trunc_ln100"   --->   Operation 566 'mux' 'tmp_3_1' <Predicate = true> <Delay = 2.06> <CoreInst = "Multiplexer">   --->   Core 76 'Multiplexer' <Latency = 0> <II = 1> <Delay = 2.06> <FuncUnit> <Opcode : 'mux'> <InPorts = 2> <OutPorts = 1>
ST_2 : Operation 567 [1/1] (0.00ns)   --->   "%sext_ln1347_22 = sext i16 %tmp_3_1"   --->   Operation 567 'sext' 'sext_ln1347_22' <Predicate = true> <Delay = 0.00>
ST_2 : Operation 568 [1/1] (2.06ns)   --->   "%tmp_4_1 = mux i16 @_ssdm_op_Mux.ap_auto.16i16.i4, i16 %V_V_load_1_read, i16 %V_V_1_load_1_read, i16 %V_V_2_load_1_read, i16 %V_V_3_load_1_read, i16 %V_V_4_load_1_read, i16 %V_V_5_load_1_read, i16 %V_V_6_load_1_read, i16 %V_V_7_load_1_read, i16 %V_V_8_load_1_read, i16 %V_V_9_load_1_read, i16 %V_V_10_load_1_read, i16 %V_V_11_load_1_read, i16 %V_V_12_load_1_read, i16 %V_V_13_load_1_read, i16 %V_V_14_load_1_read, i16 %V_V_15_load_1_read, i4 %trunc_ln1273"   --->   Operation 568 'mux' 'tmp_4_1' <Predicate = true> <Delay = 2.06> <CoreInst = "Multiplexer">   --->   Core 76 'Multiplexer' <Latency = 0> <II = 1> <Delay = 2.06> <FuncUnit> <Opcode : 'mux'> <InPorts = 2> <OutPorts = 1>
ST_2 : Operation 569 [1/1] (0.00ns)   --->   "%sext_ln1347_23 = sext i16 %tmp_4_1"   --->   Operation 569 'sext' 'sext_ln1347_23' <Predicate = true> <Delay = 0.00>
ST_2 : Operation 570 [3/3] (1.05ns) (grouped into DSP with root node add_ln1347)   --->   "%mul_ln1347_73 = mul i26 %sext_ln1347_23, i26 %sext_ln1347_22"   --->   Operation 570 'mul' 'mul_ln1347_73' <Predicate = true> <Delay = 1.05> <CoreInst = "DSP48">   --->   Core 119 'DSP48' <Latency = 3> <II = 1> <Delay = 2.15> <IPBlock> <Opcode : 'mul' 'add' 'sub' 'select'> <InPorts = 0> <OutPorts = 1> <Sync> <CReg>

State 3 <SV = 2> <Delay = 3.11>
ST_3 : Operation 571 [2/4] (2.15ns) (root node of the DSP)   --->   "%mul_ln818 = mul i26 %sext_ln818_1, i26 %sext_ln818"   --->   Operation 571 'mul' 'mul_ln818' <Predicate = true> <Delay = 2.15> <CoreInst = "DSP48">   --->   Core 119 'DSP48' <Latency = 3> <II = 1> <Delay = 2.15> <IPBlock> <Opcode : 'mul' 'add' 'sub' 'select'> <InPorts = 0> <OutPorts = 1> <Sync> <CReg>
ST_3 : Operation 572 [2/3] (1.05ns) (grouped into DSP with root node add_ln1347)   --->   "%mul_ln1347_73 = mul i26 %sext_ln1347_23, i26 %sext_ln1347_22"   --->   Operation 572 'mul' 'mul_ln1347_73' <Predicate = true> <Delay = 1.05> <CoreInst = "DSP48">   --->   Core 119 'DSP48' <Latency = 3> <II = 1> <Delay = 2.15> <IPBlock> <Opcode : 'mul' 'add' 'sub' 'select'> <InPorts = 0> <OutPorts = 1> <Sync> <CReg>
ST_3 : Operation 573 [1/1] (2.06ns)   --->   "%tmp_3_2 = mux i16 @_ssdm_op_Mux.ap_auto.16i16.i4, i16 %K_V_load_3_read, i16 %K_V_1_load_3_read, i16 %K_V_2_load_3_read, i16 %K_V_3_load_3_read, i16 %K_V_4_load_3_read, i16 %K_V_5_load_3_read, i16 %K_V_6_load_3_read, i16 %K_V_7_load_3_read, i16 %K_V_8_load_3_read, i16 %K_V_9_load_3_read, i16 %K_V_10_load_2_read, i16 %K_V_11_load_2_read, i16 %K_V_12_load_2_read, i16 %K_V_13_load_2_read, i16 %K_V_14_load_2_read, i16 %K_V_15_load_2_read, i4 %trunc_ln100"   --->   Operation 573 'mux' 'tmp_3_2' <Predicate = true> <Delay = 2.06> <CoreInst = "Multiplexer">   --->   Core 76 'Multiplexer' <Latency = 0> <II = 1> <Delay = 2.06> <FuncUnit> <Opcode : 'mux'> <InPorts = 2> <OutPorts = 1>
ST_3 : Operation 574 [1/1] (0.00ns)   --->   "%sext_ln1347_24 = sext i16 %tmp_3_2"   --->   Operation 574 'sext' 'sext_ln1347_24' <Predicate = true> <Delay = 0.00>
ST_3 : Operation 575 [1/1] (2.06ns)   --->   "%tmp_4_2 = mux i16 @_ssdm_op_Mux.ap_auto.16i16.i4, i16 %V_V_load_2_read, i16 %V_V_1_load_2_read, i16 %V_V_2_load_2_read, i16 %V_V_3_load_2_read, i16 %V_V_4_load_2_read, i16 %V_V_5_load_2_read, i16 %V_V_6_load_2_read, i16 %V_V_7_load_2_read, i16 %V_V_8_load_2_read, i16 %V_V_9_load_2_read, i16 %V_V_10_load_2_read, i16 %V_V_11_load_2_read, i16 %V_V_12_load_2_read, i16 %V_V_13_load_2_read, i16 %V_V_14_load_2_read, i16 %V_V_15_load_2_read, i4 %trunc_ln1273"   --->   Operation 575 'mux' 'tmp_4_2' <Predicate = true> <Delay = 2.06> <CoreInst = "Multiplexer">   --->   Core 76 'Multiplexer' <Latency = 0> <II = 1> <Delay = 2.06> <FuncUnit> <Opcode : 'mux'> <InPorts = 2> <OutPorts = 1>
ST_3 : Operation 576 [1/1] (0.00ns)   --->   "%sext_ln1347_25 = sext i16 %tmp_4_2"   --->   Operation 576 'sext' 'sext_ln1347_25' <Predicate = true> <Delay = 0.00>
ST_3 : Operation 577 [3/3] (1.05ns) (grouped into DSP with root node add_ln1347_1)   --->   "%mul_ln1347_74 = mul i26 %sext_ln1347_25, i26 %sext_ln1347_24"   --->   Operation 577 'mul' 'mul_ln1347_74' <Predicate = true> <Delay = 1.05> <CoreInst = "DSP48">   --->   Core 119 'DSP48' <Latency = 3> <II = 1> <Delay = 2.15> <IPBlock> <Opcode : 'mul' 'add' 'sub' 'select'> <InPorts = 0> <OutPorts = 1> <Sync> <CReg>

State 4 <SV = 3> <Delay = 3.11>
ST_4 : Operation 578 [1/4] (0.00ns) (root node of the DSP)   --->   "%mul_ln818 = mul i26 %sext_ln818_1, i26 %sext_ln818"   --->   Operation 578 'mul' 'mul_ln818' <Predicate = true> <Delay = 0.00> <CoreInst = "DSP48">   --->   Core 119 'DSP48' <Latency = 3> <II = 1> <Delay = 2.15> <IPBlock> <Opcode : 'mul' 'add' 'sub' 'select'> <InPorts = 0> <OutPorts = 1> <Sync> <CReg>
ST_4 : Operation 579 [1/1] (0.00ns)   --->   "%tmp_826 = partselect i20 @_ssdm_op_PartSelect.i20.i26.i32.i32, i26 %mul_ln818, i32 6, i32 25"   --->   Operation 579 'partselect' 'tmp_826' <Predicate = true> <Delay = 0.00>
ST_4 : Operation 580 [1/1] (0.00ns)   --->   "%and_ln = bitconcatenate i26 @_ssdm_op_BitConcatenate.i26.i20.i6, i20 %tmp_826, i6 0"   --->   Operation 580 'bitconcatenate' 'and_ln' <Predicate = true> <Delay = 0.00>
ST_4 : Operation 581 [1/3] (0.00ns) (grouped into DSP with root node add_ln1347)   --->   "%mul_ln1347_73 = mul i26 %sext_ln1347_23, i26 %sext_ln1347_22"   --->   Operation 581 'mul' 'mul_ln1347_73' <Predicate = true> <Delay = 0.00> <CoreInst = "DSP48">   --->   Core 119 'DSP48' <Latency = 3> <II = 1> <Delay = 2.15> <IPBlock> <Opcode : 'mul' 'add' 'sub' 'select'> <InPorts = 0> <OutPorts = 1> <Sync> <CReg>
ST_4 : Operation 582 [2/2] (2.10ns) (root node of the DSP)   --->   "%add_ln1347 = add i26 %and_ln, i26 %mul_ln1347_73"   --->   Operation 582 'add' 'add_ln1347' <Predicate = true> <Delay = 2.10> <CoreInst = "DSP48">   --->   Core 119 'DSP48' <Latency = 3> <II = 1> <Delay = 2.15> <IPBlock> <Opcode : 'mul' 'add' 'sub' 'select'> <InPorts = 0> <OutPorts = 1> <Sync> <CReg>
ST_4 : Operation 583 [2/3] (1.05ns) (grouped into DSP with root node add_ln1347_1)   --->   "%mul_ln1347_74 = mul i26 %sext_ln1347_25, i26 %sext_ln1347_24"   --->   Operation 583 'mul' 'mul_ln1347_74' <Predicate = true> <Delay = 1.05> <CoreInst = "DSP48">   --->   Core 119 'DSP48' <Latency = 3> <II = 1> <Delay = 2.15> <IPBlock> <Opcode : 'mul' 'add' 'sub' 'select'> <InPorts = 0> <OutPorts = 1> <Sync> <CReg>
ST_4 : Operation 584 [1/1] (2.06ns)   --->   "%tmp_3_3 = mux i16 @_ssdm_op_Mux.ap_auto.16i16.i4, i16 %K_V_load_4_read, i16 %K_V_1_load_4_read, i16 %K_V_2_load_4_read, i16 %K_V_3_load_4_read, i16 %K_V_4_load_4_read, i16 %K_V_5_load_4_read, i16 %K_V_6_load_4_read, i16 %K_V_7_load_4_read, i16 %K_V_8_load_4_read, i16 %K_V_9_load_4_read, i16 %K_V_10_load_3_read, i16 %K_V_11_load_3_read, i16 %K_V_12_load_3_read, i16 %K_V_13_load_3_read, i16 %K_V_14_load_3_read, i16 %K_V_15_load_3_read, i4 %trunc_ln100"   --->   Operation 584 'mux' 'tmp_3_3' <Predicate = true> <Delay = 2.06> <CoreInst = "Multiplexer">   --->   Core 76 'Multiplexer' <Latency = 0> <II = 1> <Delay = 2.06> <FuncUnit> <Opcode : 'mux'> <InPorts = 2> <OutPorts = 1>
ST_4 : Operation 585 [1/1] (0.00ns)   --->   "%sext_ln1347_26 = sext i16 %tmp_3_3"   --->   Operation 585 'sext' 'sext_ln1347_26' <Predicate = true> <Delay = 0.00>
ST_4 : Operation 586 [1/1] (2.06ns)   --->   "%tmp_4_3 = mux i16 @_ssdm_op_Mux.ap_auto.16i16.i4, i16 %V_V_load_3_read, i16 %V_V_1_load_3_read, i16 %V_V_2_load_3_read, i16 %V_V_3_load_3_read, i16 %V_V_4_load_3_read, i16 %V_V_5_load_3_read, i16 %V_V_6_load_3_read, i16 %V_V_7_load_3_read, i16 %V_V_8_load_3_read, i16 %V_V_9_load_3_read, i16 %V_V_10_load_3_read, i16 %V_V_11_load_3_read, i16 %V_V_12_load_3_read, i16 %V_V_13_load_3_read, i16 %V_V_14_load_3_read, i16 %V_V_15_load_3_read, i4 %trunc_ln1273"   --->   Operation 586 'mux' 'tmp_4_3' <Predicate = true> <Delay = 2.06> <CoreInst = "Multiplexer">   --->   Core 76 'Multiplexer' <Latency = 0> <II = 1> <Delay = 2.06> <FuncUnit> <Opcode : 'mux'> <InPorts = 2> <OutPorts = 1>
ST_4 : Operation 587 [1/1] (0.00ns)   --->   "%sext_ln1347_27 = sext i16 %tmp_4_3"   --->   Operation 587 'sext' 'sext_ln1347_27' <Predicate = true> <Delay = 0.00>
ST_4 : Operation 588 [3/3] (1.05ns) (grouped into DSP with root node add_ln1347_2)   --->   "%mul_ln1347_75 = mul i26 %sext_ln1347_27, i26 %sext_ln1347_26"   --->   Operation 588 'mul' 'mul_ln1347_75' <Predicate = true> <Delay = 1.05> <CoreInst = "DSP48">   --->   Core 119 'DSP48' <Latency = 3> <II = 1> <Delay = 2.15> <IPBlock> <Opcode : 'mul' 'add' 'sub' 'select'> <InPorts = 0> <OutPorts = 1> <Sync> <CReg>

State 5 <SV = 4> <Delay = 4.20>
ST_5 : Operation 589 [1/2] (2.10ns) (root node of the DSP)   --->   "%add_ln1347 = add i26 %and_ln, i26 %mul_ln1347_73"   --->   Operation 589 'add' 'add_ln1347' <Predicate = true> <Delay = 2.10> <CoreInst = "DSP48">   --->   Core 119 'DSP48' <Latency = 3> <II = 1> <Delay = 2.15> <IPBlock> <Opcode : 'mul' 'add' 'sub' 'select'> <InPorts = 0> <OutPorts = 1> <Sync> <CReg>
ST_5 : Operation 590 [1/1] (0.00ns)   --->   "%tmp_827 = partselect i20 @_ssdm_op_PartSelect.i20.i26.i32.i32, i26 %add_ln1347, i32 6, i32 25"   --->   Operation 590 'partselect' 'tmp_827' <Predicate = true> <Delay = 0.00>
ST_5 : Operation 591 [1/1] (0.00ns)   --->   "%and_ln838_s = bitconcatenate i26 @_ssdm_op_BitConcatenate.i26.i20.i6, i20 %tmp_827, i6 0"   --->   Operation 591 'bitconcatenate' 'and_ln838_s' <Predicate = true> <Delay = 0.00>
ST_5 : Operation 592 [1/3] (0.00ns) (grouped into DSP with root node add_ln1347_1)   --->   "%mul_ln1347_74 = mul i26 %sext_ln1347_25, i26 %sext_ln1347_24"   --->   Operation 592 'mul' 'mul_ln1347_74' <Predicate = true> <Delay = 0.00> <CoreInst = "DSP48">   --->   Core 119 'DSP48' <Latency = 3> <II = 1> <Delay = 2.15> <IPBlock> <Opcode : 'mul' 'add' 'sub' 'select'> <InPorts = 0> <OutPorts = 1> <Sync> <CReg>
ST_5 : Operation 593 [2/2] (2.10ns) (root node of the DSP)   --->   "%add_ln1347_1 = add i26 %and_ln838_s, i26 %mul_ln1347_74"   --->   Operation 593 'add' 'add_ln1347_1' <Predicate = true> <Delay = 2.10> <CoreInst = "DSP48">   --->   Core 119 'DSP48' <Latency = 3> <II = 1> <Delay = 2.15> <IPBlock> <Opcode : 'mul' 'add' 'sub' 'select'> <InPorts = 0> <OutPorts = 1> <Sync> <CReg>
ST_5 : Operation 594 [2/3] (1.05ns) (grouped into DSP with root node add_ln1347_2)   --->   "%mul_ln1347_75 = mul i26 %sext_ln1347_27, i26 %sext_ln1347_26"   --->   Operation 594 'mul' 'mul_ln1347_75' <Predicate = true> <Delay = 1.05> <CoreInst = "DSP48">   --->   Core 119 'DSP48' <Latency = 3> <II = 1> <Delay = 2.15> <IPBlock> <Opcode : 'mul' 'add' 'sub' 'select'> <InPorts = 0> <OutPorts = 1> <Sync> <CReg>
ST_5 : Operation 595 [1/1] (2.06ns)   --->   "%tmp_3_4 = mux i16 @_ssdm_op_Mux.ap_auto.16i16.i4, i16 %K_V_load_5_read, i16 %K_V_1_load_5_read, i16 %K_V_2_load_5_read, i16 %K_V_3_load_5_read, i16 %K_V_4_load_5_read, i16 %K_V_5_load_5_read, i16 %K_V_6_load_5_read, i16 %K_V_7_load_5_read, i16 %K_V_8_load_5_read, i16 %K_V_9_load_5_read, i16 %K_V_10_load_4_read, i16 %K_V_11_load_4_read, i16 %K_V_12_load_4_read, i16 %K_V_13_load_4_read, i16 %K_V_14_load_4_read, i16 %K_V_15_load_4_read, i4 %trunc_ln100"   --->   Operation 595 'mux' 'tmp_3_4' <Predicate = true> <Delay = 2.06> <CoreInst = "Multiplexer">   --->   Core 76 'Multiplexer' <Latency = 0> <II = 1> <Delay = 2.06> <FuncUnit> <Opcode : 'mux'> <InPorts = 2> <OutPorts = 1>
ST_5 : Operation 596 [1/1] (0.00ns)   --->   "%sext_ln1347_28 = sext i16 %tmp_3_4"   --->   Operation 596 'sext' 'sext_ln1347_28' <Predicate = true> <Delay = 0.00>
ST_5 : Operation 597 [1/1] (2.06ns)   --->   "%tmp_4_4 = mux i16 @_ssdm_op_Mux.ap_auto.16i16.i4, i16 %V_V_load_4_read, i16 %V_V_1_load_4_read, i16 %V_V_2_load_4_read, i16 %V_V_3_load_4_read, i16 %V_V_4_load_4_read, i16 %V_V_5_load_4_read, i16 %V_V_6_load_4_read, i16 %V_V_7_load_4_read, i16 %V_V_8_load_4_read, i16 %V_V_9_load_4_read, i16 %V_V_10_load_4_read, i16 %V_V_11_load_4_read, i16 %V_V_12_load_4_read, i16 %V_V_13_load_4_read, i16 %V_V_14_load_4_read, i16 %V_V_15_load_4_read, i4 %trunc_ln1273"   --->   Operation 597 'mux' 'tmp_4_4' <Predicate = true> <Delay = 2.06> <CoreInst = "Multiplexer">   --->   Core 76 'Multiplexer' <Latency = 0> <II = 1> <Delay = 2.06> <FuncUnit> <Opcode : 'mux'> <InPorts = 2> <OutPorts = 1>
ST_5 : Operation 598 [1/1] (0.00ns)   --->   "%sext_ln1347_29 = sext i16 %tmp_4_4"   --->   Operation 598 'sext' 'sext_ln1347_29' <Predicate = true> <Delay = 0.00>
ST_5 : Operation 599 [3/3] (1.05ns) (grouped into DSP with root node add_ln1347_3)   --->   "%mul_ln1347_76 = mul i26 %sext_ln1347_29, i26 %sext_ln1347_28"   --->   Operation 599 'mul' 'mul_ln1347_76' <Predicate = true> <Delay = 1.05> <CoreInst = "DSP48">   --->   Core 119 'DSP48' <Latency = 3> <II = 1> <Delay = 2.15> <IPBlock> <Opcode : 'mul' 'add' 'sub' 'select'> <InPorts = 0> <OutPorts = 1> <Sync> <CReg>

State 6 <SV = 5> <Delay = 4.20>
ST_6 : Operation 600 [1/2] (2.10ns) (root node of the DSP)   --->   "%add_ln1347_1 = add i26 %and_ln838_s, i26 %mul_ln1347_74"   --->   Operation 600 'add' 'add_ln1347_1' <Predicate = true> <Delay = 2.10> <CoreInst = "DSP48">   --->   Core 119 'DSP48' <Latency = 3> <II = 1> <Delay = 2.15> <IPBlock> <Opcode : 'mul' 'add' 'sub' 'select'> <InPorts = 0> <OutPorts = 1> <Sync> <CReg>
ST_6 : Operation 601 [1/1] (0.00ns)   --->   "%tmp_828 = partselect i20 @_ssdm_op_PartSelect.i20.i26.i32.i32, i26 %add_ln1347_1, i32 6, i32 25"   --->   Operation 601 'partselect' 'tmp_828' <Predicate = true> <Delay = 0.00>
ST_6 : Operation 602 [1/1] (0.00ns)   --->   "%and_ln838_1 = bitconcatenate i26 @_ssdm_op_BitConcatenate.i26.i20.i6, i20 %tmp_828, i6 0"   --->   Operation 602 'bitconcatenate' 'and_ln838_1' <Predicate = true> <Delay = 0.00>
ST_6 : Operation 603 [1/3] (0.00ns) (grouped into DSP with root node add_ln1347_2)   --->   "%mul_ln1347_75 = mul i26 %sext_ln1347_27, i26 %sext_ln1347_26"   --->   Operation 603 'mul' 'mul_ln1347_75' <Predicate = true> <Delay = 0.00> <CoreInst = "DSP48">   --->   Core 119 'DSP48' <Latency = 3> <II = 1> <Delay = 2.15> <IPBlock> <Opcode : 'mul' 'add' 'sub' 'select'> <InPorts = 0> <OutPorts = 1> <Sync> <CReg>
ST_6 : Operation 604 [2/2] (2.10ns) (root node of the DSP)   --->   "%add_ln1347_2 = add i26 %and_ln838_1, i26 %mul_ln1347_75"   --->   Operation 604 'add' 'add_ln1347_2' <Predicate = true> <Delay = 2.10> <CoreInst = "DSP48">   --->   Core 119 'DSP48' <Latency = 3> <II = 1> <Delay = 2.15> <IPBlock> <Opcode : 'mul' 'add' 'sub' 'select'> <InPorts = 0> <OutPorts = 1> <Sync> <CReg>
ST_6 : Operation 605 [2/3] (1.05ns) (grouped into DSP with root node add_ln1347_3)   --->   "%mul_ln1347_76 = mul i26 %sext_ln1347_29, i26 %sext_ln1347_28"   --->   Operation 605 'mul' 'mul_ln1347_76' <Predicate = true> <Delay = 1.05> <CoreInst = "DSP48">   --->   Core 119 'DSP48' <Latency = 3> <II = 1> <Delay = 2.15> <IPBlock> <Opcode : 'mul' 'add' 'sub' 'select'> <InPorts = 0> <OutPorts = 1> <Sync> <CReg>
ST_6 : Operation 606 [1/1] (2.06ns)   --->   "%tmp_3_5 = mux i16 @_ssdm_op_Mux.ap_auto.16i16.i4, i16 %K_V_load_6_read, i16 %K_V_1_load_6_read, i16 %K_V_2_load_6_read, i16 %K_V_3_load_6_read, i16 %K_V_4_load_6_read, i16 %K_V_5_load_6_read, i16 %K_V_6_load_6_read, i16 %K_V_7_load_6_read, i16 %K_V_8_load_6_read, i16 %K_V_9_load_6_read, i16 %K_V_10_load_5_read, i16 %K_V_11_load_5_read, i16 %K_V_12_load_5_read, i16 %K_V_13_load_5_read, i16 %K_V_14_load_5_read, i16 %K_V_15_load_5_read, i4 %trunc_ln100"   --->   Operation 606 'mux' 'tmp_3_5' <Predicate = true> <Delay = 2.06> <CoreInst = "Multiplexer">   --->   Core 76 'Multiplexer' <Latency = 0> <II = 1> <Delay = 2.06> <FuncUnit> <Opcode : 'mux'> <InPorts = 2> <OutPorts = 1>
ST_6 : Operation 607 [1/1] (0.00ns)   --->   "%sext_ln1347_30 = sext i16 %tmp_3_5"   --->   Operation 607 'sext' 'sext_ln1347_30' <Predicate = true> <Delay = 0.00>
ST_6 : Operation 608 [1/1] (2.06ns)   --->   "%tmp_4_5 = mux i16 @_ssdm_op_Mux.ap_auto.16i16.i4, i16 %V_V_load_5_read, i16 %V_V_1_load_5_read, i16 %V_V_2_load_5_read, i16 %V_V_3_load_5_read, i16 %V_V_4_load_5_read, i16 %V_V_5_load_5_read, i16 %V_V_6_load_5_read, i16 %V_V_7_load_5_read, i16 %V_V_8_load_5_read, i16 %V_V_9_load_5_read, i16 %V_V_10_load_5_read, i16 %V_V_11_load_5_read, i16 %V_V_12_load_5_read, i16 %V_V_13_load_5_read, i16 %V_V_14_load_5_read, i16 %V_V_15_load_5_read, i4 %trunc_ln1273"   --->   Operation 608 'mux' 'tmp_4_5' <Predicate = true> <Delay = 2.06> <CoreInst = "Multiplexer">   --->   Core 76 'Multiplexer' <Latency = 0> <II = 1> <Delay = 2.06> <FuncUnit> <Opcode : 'mux'> <InPorts = 2> <OutPorts = 1>
ST_6 : Operation 609 [1/1] (0.00ns)   --->   "%sext_ln1347_31 = sext i16 %tmp_4_5"   --->   Operation 609 'sext' 'sext_ln1347_31' <Predicate = true> <Delay = 0.00>
ST_6 : Operation 610 [3/3] (1.05ns) (grouped into DSP with root node add_ln1347_4)   --->   "%mul_ln1347_77 = mul i26 %sext_ln1347_31, i26 %sext_ln1347_30"   --->   Operation 610 'mul' 'mul_ln1347_77' <Predicate = true> <Delay = 1.05> <CoreInst = "DSP48">   --->   Core 119 'DSP48' <Latency = 3> <II = 1> <Delay = 2.15> <IPBlock> <Opcode : 'mul' 'add' 'sub' 'select'> <InPorts = 0> <OutPorts = 1> <Sync> <CReg>

State 7 <SV = 6> <Delay = 4.20>
ST_7 : Operation 611 [1/2] (2.10ns) (root node of the DSP)   --->   "%add_ln1347_2 = add i26 %and_ln838_1, i26 %mul_ln1347_75"   --->   Operation 611 'add' 'add_ln1347_2' <Predicate = true> <Delay = 2.10> <CoreInst = "DSP48">   --->   Core 119 'DSP48' <Latency = 3> <II = 1> <Delay = 2.15> <IPBlock> <Opcode : 'mul' 'add' 'sub' 'select'> <InPorts = 0> <OutPorts = 1> <Sync> <CReg>
ST_7 : Operation 612 [1/1] (0.00ns)   --->   "%tmp_829 = partselect i20 @_ssdm_op_PartSelect.i20.i26.i32.i32, i26 %add_ln1347_2, i32 6, i32 25"   --->   Operation 612 'partselect' 'tmp_829' <Predicate = true> <Delay = 0.00>
ST_7 : Operation 613 [1/1] (0.00ns)   --->   "%and_ln838_2 = bitconcatenate i26 @_ssdm_op_BitConcatenate.i26.i20.i6, i20 %tmp_829, i6 0"   --->   Operation 613 'bitconcatenate' 'and_ln838_2' <Predicate = true> <Delay = 0.00>
ST_7 : Operation 614 [1/3] (0.00ns) (grouped into DSP with root node add_ln1347_3)   --->   "%mul_ln1347_76 = mul i26 %sext_ln1347_29, i26 %sext_ln1347_28"   --->   Operation 614 'mul' 'mul_ln1347_76' <Predicate = true> <Delay = 0.00> <CoreInst = "DSP48">   --->   Core 119 'DSP48' <Latency = 3> <II = 1> <Delay = 2.15> <IPBlock> <Opcode : 'mul' 'add' 'sub' 'select'> <InPorts = 0> <OutPorts = 1> <Sync> <CReg>
ST_7 : Operation 615 [2/2] (2.10ns) (root node of the DSP)   --->   "%add_ln1347_3 = add i26 %and_ln838_2, i26 %mul_ln1347_76"   --->   Operation 615 'add' 'add_ln1347_3' <Predicate = true> <Delay = 2.10> <CoreInst = "DSP48">   --->   Core 119 'DSP48' <Latency = 3> <II = 1> <Delay = 2.15> <IPBlock> <Opcode : 'mul' 'add' 'sub' 'select'> <InPorts = 0> <OutPorts = 1> <Sync> <CReg>
ST_7 : Operation 616 [2/3] (1.05ns) (grouped into DSP with root node add_ln1347_4)   --->   "%mul_ln1347_77 = mul i26 %sext_ln1347_31, i26 %sext_ln1347_30"   --->   Operation 616 'mul' 'mul_ln1347_77' <Predicate = true> <Delay = 1.05> <CoreInst = "DSP48">   --->   Core 119 'DSP48' <Latency = 3> <II = 1> <Delay = 2.15> <IPBlock> <Opcode : 'mul' 'add' 'sub' 'select'> <InPorts = 0> <OutPorts = 1> <Sync> <CReg>
ST_7 : Operation 617 [1/1] (2.06ns)   --->   "%tmp_3_6 = mux i16 @_ssdm_op_Mux.ap_auto.16i16.i4, i16 %K_V_load_7_read, i16 %K_V_1_load_7_read, i16 %K_V_2_load_7_read, i16 %K_V_3_load_7_read, i16 %K_V_4_load_7_read, i16 %K_V_5_load_7_read, i16 %K_V_6_load_7_read, i16 %K_V_7_load_7_read, i16 %K_V_8_load_7_read, i16 %K_V_9_load_7_read, i16 %K_V_10_load_6_read, i16 %K_V_11_load_6_read, i16 %K_V_12_load_6_read, i16 %K_V_13_load_6_read, i16 %K_V_14_load_6_read, i16 %K_V_15_load_6_read, i4 %trunc_ln100"   --->   Operation 617 'mux' 'tmp_3_6' <Predicate = true> <Delay = 2.06> <CoreInst = "Multiplexer">   --->   Core 76 'Multiplexer' <Latency = 0> <II = 1> <Delay = 2.06> <FuncUnit> <Opcode : 'mux'> <InPorts = 2> <OutPorts = 1>
ST_7 : Operation 618 [1/1] (0.00ns)   --->   "%sext_ln1347_32 = sext i16 %tmp_3_6"   --->   Operation 618 'sext' 'sext_ln1347_32' <Predicate = true> <Delay = 0.00>
ST_7 : Operation 619 [1/1] (2.06ns)   --->   "%tmp_4_6 = mux i16 @_ssdm_op_Mux.ap_auto.16i16.i4, i16 %V_V_load_6_read, i16 %V_V_1_load_6_read, i16 %V_V_2_load_6_read, i16 %V_V_3_load_6_read, i16 %V_V_4_load_6_read, i16 %V_V_5_load_6_read, i16 %V_V_6_load_6_read, i16 %V_V_7_load_6_read, i16 %V_V_8_load_6_read, i16 %V_V_9_load_6_read, i16 %V_V_10_load_6_read, i16 %V_V_11_load_6_read, i16 %V_V_12_load_6_read, i16 %V_V_13_load_6_read, i16 %V_V_14_load_6_read, i16 %V_V_15_load_6_read, i4 %trunc_ln1273"   --->   Operation 619 'mux' 'tmp_4_6' <Predicate = true> <Delay = 2.06> <CoreInst = "Multiplexer">   --->   Core 76 'Multiplexer' <Latency = 0> <II = 1> <Delay = 2.06> <FuncUnit> <Opcode : 'mux'> <InPorts = 2> <OutPorts = 1>
ST_7 : Operation 620 [1/1] (0.00ns)   --->   "%sext_ln1347_33 = sext i16 %tmp_4_6"   --->   Operation 620 'sext' 'sext_ln1347_33' <Predicate = true> <Delay = 0.00>
ST_7 : Operation 621 [3/3] (1.05ns) (grouped into DSP with root node add_ln1347_5)   --->   "%mul_ln1347_78 = mul i26 %sext_ln1347_33, i26 %sext_ln1347_32"   --->   Operation 621 'mul' 'mul_ln1347_78' <Predicate = true> <Delay = 1.05> <CoreInst = "DSP48">   --->   Core 119 'DSP48' <Latency = 3> <II = 1> <Delay = 2.15> <IPBlock> <Opcode : 'mul' 'add' 'sub' 'select'> <InPorts = 0> <OutPorts = 1> <Sync> <CReg>

State 8 <SV = 7> <Delay = 4.20>
ST_8 : Operation 622 [1/2] (2.10ns) (root node of the DSP)   --->   "%add_ln1347_3 = add i26 %and_ln838_2, i26 %mul_ln1347_76"   --->   Operation 622 'add' 'add_ln1347_3' <Predicate = true> <Delay = 2.10> <CoreInst = "DSP48">   --->   Core 119 'DSP48' <Latency = 3> <II = 1> <Delay = 2.15> <IPBlock> <Opcode : 'mul' 'add' 'sub' 'select'> <InPorts = 0> <OutPorts = 1> <Sync> <CReg>
ST_8 : Operation 623 [1/1] (0.00ns)   --->   "%tmp_830 = partselect i20 @_ssdm_op_PartSelect.i20.i26.i32.i32, i26 %add_ln1347_3, i32 6, i32 25"   --->   Operation 623 'partselect' 'tmp_830' <Predicate = true> <Delay = 0.00>
ST_8 : Operation 624 [1/1] (0.00ns)   --->   "%and_ln838_3 = bitconcatenate i26 @_ssdm_op_BitConcatenate.i26.i20.i6, i20 %tmp_830, i6 0"   --->   Operation 624 'bitconcatenate' 'and_ln838_3' <Predicate = true> <Delay = 0.00>
ST_8 : Operation 625 [1/3] (0.00ns) (grouped into DSP with root node add_ln1347_4)   --->   "%mul_ln1347_77 = mul i26 %sext_ln1347_31, i26 %sext_ln1347_30"   --->   Operation 625 'mul' 'mul_ln1347_77' <Predicate = true> <Delay = 0.00> <CoreInst = "DSP48">   --->   Core 119 'DSP48' <Latency = 3> <II = 1> <Delay = 2.15> <IPBlock> <Opcode : 'mul' 'add' 'sub' 'select'> <InPorts = 0> <OutPorts = 1> <Sync> <CReg>
ST_8 : Operation 626 [2/2] (2.10ns) (root node of the DSP)   --->   "%add_ln1347_4 = add i26 %and_ln838_3, i26 %mul_ln1347_77"   --->   Operation 626 'add' 'add_ln1347_4' <Predicate = true> <Delay = 2.10> <CoreInst = "DSP48">   --->   Core 119 'DSP48' <Latency = 3> <II = 1> <Delay = 2.15> <IPBlock> <Opcode : 'mul' 'add' 'sub' 'select'> <InPorts = 0> <OutPorts = 1> <Sync> <CReg>
ST_8 : Operation 627 [2/3] (1.05ns) (grouped into DSP with root node add_ln1347_5)   --->   "%mul_ln1347_78 = mul i26 %sext_ln1347_33, i26 %sext_ln1347_32"   --->   Operation 627 'mul' 'mul_ln1347_78' <Predicate = true> <Delay = 1.05> <CoreInst = "DSP48">   --->   Core 119 'DSP48' <Latency = 3> <II = 1> <Delay = 2.15> <IPBlock> <Opcode : 'mul' 'add' 'sub' 'select'> <InPorts = 0> <OutPorts = 1> <Sync> <CReg>
ST_8 : Operation 628 [1/1] (2.06ns)   --->   "%tmp_3_7 = mux i16 @_ssdm_op_Mux.ap_auto.16i16.i4, i16 %K_V_load_8_read, i16 %K_V_1_load_8_read, i16 %K_V_2_load_8_read, i16 %K_V_3_load_8_read, i16 %K_V_4_load_8_read, i16 %K_V_5_load_8_read, i16 %K_V_6_load_8_read, i16 %K_V_7_load_8_read, i16 %K_V_8_load_8_read, i16 %K_V_9_load_8_read, i16 %K_V_10_load_7_read, i16 %K_V_11_load_7_read, i16 %K_V_12_load_7_read, i16 %K_V_13_load_7_read, i16 %K_V_14_load_7_read, i16 %K_V_15_load_7_read, i4 %trunc_ln100"   --->   Operation 628 'mux' 'tmp_3_7' <Predicate = true> <Delay = 2.06> <CoreInst = "Multiplexer">   --->   Core 76 'Multiplexer' <Latency = 0> <II = 1> <Delay = 2.06> <FuncUnit> <Opcode : 'mux'> <InPorts = 2> <OutPorts = 1>
ST_8 : Operation 629 [1/1] (0.00ns)   --->   "%sext_ln1347_34 = sext i16 %tmp_3_7"   --->   Operation 629 'sext' 'sext_ln1347_34' <Predicate = true> <Delay = 0.00>
ST_8 : Operation 630 [1/1] (2.06ns)   --->   "%tmp_4_7 = mux i16 @_ssdm_op_Mux.ap_auto.16i16.i4, i16 %V_V_load_7_read, i16 %V_V_1_load_7_read, i16 %V_V_2_load_7_read, i16 %V_V_3_load_7_read, i16 %V_V_4_load_7_read, i16 %V_V_5_load_7_read, i16 %V_V_6_load_7_read, i16 %V_V_7_load_7_read, i16 %V_V_8_load_7_read, i16 %V_V_9_load_7_read, i16 %V_V_10_load_7_read, i16 %V_V_11_load_7_read, i16 %V_V_12_load_7_read, i16 %V_V_13_load_7_read, i16 %V_V_14_load_7_read, i16 %V_V_15_load_7_read, i4 %trunc_ln1273"   --->   Operation 630 'mux' 'tmp_4_7' <Predicate = true> <Delay = 2.06> <CoreInst = "Multiplexer">   --->   Core 76 'Multiplexer' <Latency = 0> <II = 1> <Delay = 2.06> <FuncUnit> <Opcode : 'mux'> <InPorts = 2> <OutPorts = 1>
ST_8 : Operation 631 [1/1] (0.00ns)   --->   "%sext_ln1347_35 = sext i16 %tmp_4_7"   --->   Operation 631 'sext' 'sext_ln1347_35' <Predicate = true> <Delay = 0.00>
ST_8 : Operation 632 [3/3] (1.05ns) (grouped into DSP with root node add_ln1347_6)   --->   "%mul_ln1347_79 = mul i26 %sext_ln1347_35, i26 %sext_ln1347_34"   --->   Operation 632 'mul' 'mul_ln1347_79' <Predicate = true> <Delay = 1.05> <CoreInst = "DSP48">   --->   Core 119 'DSP48' <Latency = 3> <II = 1> <Delay = 2.15> <IPBlock> <Opcode : 'mul' 'add' 'sub' 'select'> <InPorts = 0> <OutPorts = 1> <Sync> <CReg>

State 9 <SV = 8> <Delay = 4.20>
ST_9 : Operation 633 [1/2] (2.10ns) (root node of the DSP)   --->   "%add_ln1347_4 = add i26 %and_ln838_3, i26 %mul_ln1347_77"   --->   Operation 633 'add' 'add_ln1347_4' <Predicate = true> <Delay = 2.10> <CoreInst = "DSP48">   --->   Core 119 'DSP48' <Latency = 3> <II = 1> <Delay = 2.15> <IPBlock> <Opcode : 'mul' 'add' 'sub' 'select'> <InPorts = 0> <OutPorts = 1> <Sync> <CReg>
ST_9 : Operation 634 [1/1] (0.00ns)   --->   "%tmp_831 = partselect i20 @_ssdm_op_PartSelect.i20.i26.i32.i32, i26 %add_ln1347_4, i32 6, i32 25"   --->   Operation 634 'partselect' 'tmp_831' <Predicate = true> <Delay = 0.00>
ST_9 : Operation 635 [1/1] (0.00ns)   --->   "%and_ln838_4 = bitconcatenate i26 @_ssdm_op_BitConcatenate.i26.i20.i6, i20 %tmp_831, i6 0"   --->   Operation 635 'bitconcatenate' 'and_ln838_4' <Predicate = true> <Delay = 0.00>
ST_9 : Operation 636 [1/3] (0.00ns) (grouped into DSP with root node add_ln1347_5)   --->   "%mul_ln1347_78 = mul i26 %sext_ln1347_33, i26 %sext_ln1347_32"   --->   Operation 636 'mul' 'mul_ln1347_78' <Predicate = true> <Delay = 0.00> <CoreInst = "DSP48">   --->   Core 119 'DSP48' <Latency = 3> <II = 1> <Delay = 2.15> <IPBlock> <Opcode : 'mul' 'add' 'sub' 'select'> <InPorts = 0> <OutPorts = 1> <Sync> <CReg>
ST_9 : Operation 637 [2/2] (2.10ns) (root node of the DSP)   --->   "%add_ln1347_5 = add i26 %and_ln838_4, i26 %mul_ln1347_78"   --->   Operation 637 'add' 'add_ln1347_5' <Predicate = true> <Delay = 2.10> <CoreInst = "DSP48">   --->   Core 119 'DSP48' <Latency = 3> <II = 1> <Delay = 2.15> <IPBlock> <Opcode : 'mul' 'add' 'sub' 'select'> <InPorts = 0> <OutPorts = 1> <Sync> <CReg>
ST_9 : Operation 638 [2/3] (1.05ns) (grouped into DSP with root node add_ln1347_6)   --->   "%mul_ln1347_79 = mul i26 %sext_ln1347_35, i26 %sext_ln1347_34"   --->   Operation 638 'mul' 'mul_ln1347_79' <Predicate = true> <Delay = 1.05> <CoreInst = "DSP48">   --->   Core 119 'DSP48' <Latency = 3> <II = 1> <Delay = 2.15> <IPBlock> <Opcode : 'mul' 'add' 'sub' 'select'> <InPorts = 0> <OutPorts = 1> <Sync> <CReg>
ST_9 : Operation 639 [1/1] (2.06ns)   --->   "%tmp_3_8 = mux i16 @_ssdm_op_Mux.ap_auto.16i16.i4, i16 %K_V_load_9_read, i16 %K_V_1_load_9_read, i16 %K_V_2_load_9_read, i16 %K_V_3_load_9_read, i16 %K_V_4_load_9_read, i16 %K_V_5_load_9_read, i16 %K_V_6_load_9_read, i16 %K_V_7_load_9_read, i16 %K_V_8_load_9_read, i16 %K_V_9_load_9_read, i16 %K_V_10_load_8_read, i16 %K_V_11_load_8_read, i16 %K_V_12_load_8_read, i16 %K_V_13_load_8_read, i16 %K_V_14_load_8_read, i16 %K_V_15_load_8_read, i4 %trunc_ln100"   --->   Operation 639 'mux' 'tmp_3_8' <Predicate = true> <Delay = 2.06> <CoreInst = "Multiplexer">   --->   Core 76 'Multiplexer' <Latency = 0> <II = 1> <Delay = 2.06> <FuncUnit> <Opcode : 'mux'> <InPorts = 2> <OutPorts = 1>
ST_9 : Operation 640 [1/1] (0.00ns)   --->   "%sext_ln1347_36 = sext i16 %tmp_3_8"   --->   Operation 640 'sext' 'sext_ln1347_36' <Predicate = true> <Delay = 0.00>
ST_9 : Operation 641 [1/1] (2.06ns)   --->   "%tmp_4_8 = mux i16 @_ssdm_op_Mux.ap_auto.16i16.i4, i16 %V_V_load_8_read, i16 %V_V_1_load_8_read, i16 %V_V_2_load_8_read, i16 %V_V_3_load_8_read, i16 %V_V_4_load_8_read, i16 %V_V_5_load_8_read, i16 %V_V_6_load_8_read, i16 %V_V_7_load_8_read, i16 %V_V_8_load_8_read, i16 %V_V_9_load_8_read, i16 %V_V_10_load_8_read, i16 %V_V_11_load_8_read, i16 %V_V_12_load_8_read, i16 %V_V_13_load_8_read, i16 %V_V_14_load_8_read, i16 %V_V_15_load_8_read, i4 %trunc_ln1273"   --->   Operation 641 'mux' 'tmp_4_8' <Predicate = true> <Delay = 2.06> <CoreInst = "Multiplexer">   --->   Core 76 'Multiplexer' <Latency = 0> <II = 1> <Delay = 2.06> <FuncUnit> <Opcode : 'mux'> <InPorts = 2> <OutPorts = 1>
ST_9 : Operation 642 [1/1] (0.00ns)   --->   "%sext_ln1347_37 = sext i16 %tmp_4_8"   --->   Operation 642 'sext' 'sext_ln1347_37' <Predicate = true> <Delay = 0.00>
ST_9 : Operation 643 [3/3] (1.05ns) (grouped into DSP with root node add_ln1347_7)   --->   "%mul_ln1347_80 = mul i26 %sext_ln1347_37, i26 %sext_ln1347_36"   --->   Operation 643 'mul' 'mul_ln1347_80' <Predicate = true> <Delay = 1.05> <CoreInst = "DSP48">   --->   Core 119 'DSP48' <Latency = 3> <II = 1> <Delay = 2.15> <IPBlock> <Opcode : 'mul' 'add' 'sub' 'select'> <InPorts = 0> <OutPorts = 1> <Sync> <CReg>

State 10 <SV = 9> <Delay = 4.20>
ST_10 : Operation 644 [1/2] (2.10ns) (root node of the DSP)   --->   "%add_ln1347_5 = add i26 %and_ln838_4, i26 %mul_ln1347_78"   --->   Operation 644 'add' 'add_ln1347_5' <Predicate = true> <Delay = 2.10> <CoreInst = "DSP48">   --->   Core 119 'DSP48' <Latency = 3> <II = 1> <Delay = 2.15> <IPBlock> <Opcode : 'mul' 'add' 'sub' 'select'> <InPorts = 0> <OutPorts = 1> <Sync> <CReg>
ST_10 : Operation 645 [1/1] (0.00ns)   --->   "%tmp_832 = partselect i20 @_ssdm_op_PartSelect.i20.i26.i32.i32, i26 %add_ln1347_5, i32 6, i32 25"   --->   Operation 645 'partselect' 'tmp_832' <Predicate = true> <Delay = 0.00>
ST_10 : Operation 646 [1/1] (0.00ns)   --->   "%and_ln838_5 = bitconcatenate i26 @_ssdm_op_BitConcatenate.i26.i20.i6, i20 %tmp_832, i6 0"   --->   Operation 646 'bitconcatenate' 'and_ln838_5' <Predicate = true> <Delay = 0.00>
ST_10 : Operation 647 [1/3] (0.00ns) (grouped into DSP with root node add_ln1347_6)   --->   "%mul_ln1347_79 = mul i26 %sext_ln1347_35, i26 %sext_ln1347_34"   --->   Operation 647 'mul' 'mul_ln1347_79' <Predicate = true> <Delay = 0.00> <CoreInst = "DSP48">   --->   Core 119 'DSP48' <Latency = 3> <II = 1> <Delay = 2.15> <IPBlock> <Opcode : 'mul' 'add' 'sub' 'select'> <InPorts = 0> <OutPorts = 1> <Sync> <CReg>
ST_10 : Operation 648 [2/2] (2.10ns) (root node of the DSP)   --->   "%add_ln1347_6 = add i26 %and_ln838_5, i26 %mul_ln1347_79"   --->   Operation 648 'add' 'add_ln1347_6' <Predicate = true> <Delay = 2.10> <CoreInst = "DSP48">   --->   Core 119 'DSP48' <Latency = 3> <II = 1> <Delay = 2.15> <IPBlock> <Opcode : 'mul' 'add' 'sub' 'select'> <InPorts = 0> <OutPorts = 1> <Sync> <CReg>
ST_10 : Operation 649 [2/3] (1.05ns) (grouped into DSP with root node add_ln1347_7)   --->   "%mul_ln1347_80 = mul i26 %sext_ln1347_37, i26 %sext_ln1347_36"   --->   Operation 649 'mul' 'mul_ln1347_80' <Predicate = true> <Delay = 1.05> <CoreInst = "DSP48">   --->   Core 119 'DSP48' <Latency = 3> <II = 1> <Delay = 2.15> <IPBlock> <Opcode : 'mul' 'add' 'sub' 'select'> <InPorts = 0> <OutPorts = 1> <Sync> <CReg>
ST_10 : Operation 650 [1/1] (2.06ns)   --->   "%tmp_3_9 = mux i16 @_ssdm_op_Mux.ap_auto.16i16.i4, i16 %K_V_load_10_read, i16 %K_V_1_load_10_read, i16 %K_V_2_load_10_read, i16 %K_V_3_load_10_read, i16 %K_V_4_load_10_read, i16 %K_V_5_load_10_read, i16 %K_V_6_load_10_read, i16 %K_V_7_load_10_read, i16 %K_V_8_load_10_read, i16 %K_V_9_load_10_read, i16 %K_V_10_load_9_read, i16 %K_V_11_load_9_read, i16 %K_V_12_load_9_read, i16 %K_V_13_load_9_read, i16 %K_V_14_load_9_read, i16 %K_V_15_load_9_read, i4 %trunc_ln100"   --->   Operation 650 'mux' 'tmp_3_9' <Predicate = true> <Delay = 2.06> <CoreInst = "Multiplexer">   --->   Core 76 'Multiplexer' <Latency = 0> <II = 1> <Delay = 2.06> <FuncUnit> <Opcode : 'mux'> <InPorts = 2> <OutPorts = 1>
ST_10 : Operation 651 [1/1] (0.00ns)   --->   "%sext_ln1347_38 = sext i16 %tmp_3_9"   --->   Operation 651 'sext' 'sext_ln1347_38' <Predicate = true> <Delay = 0.00>
ST_10 : Operation 652 [1/1] (2.06ns)   --->   "%tmp_4_9 = mux i16 @_ssdm_op_Mux.ap_auto.16i16.i4, i16 %V_V_load_9_read, i16 %V_V_1_load_9_read, i16 %V_V_2_load_9_read, i16 %V_V_3_load_9_read, i16 %V_V_4_load_9_read, i16 %V_V_5_load_9_read, i16 %V_V_6_load_9_read, i16 %V_V_7_load_9_read, i16 %V_V_8_load_9_read, i16 %V_V_9_load_9_read, i16 %V_V_10_load_9_read, i16 %V_V_11_load_9_read, i16 %V_V_12_load_9_read, i16 %V_V_13_load_9_read, i16 %V_V_14_load_9_read, i16 %V_V_15_load_9_read, i4 %trunc_ln1273"   --->   Operation 652 'mux' 'tmp_4_9' <Predicate = true> <Delay = 2.06> <CoreInst = "Multiplexer">   --->   Core 76 'Multiplexer' <Latency = 0> <II = 1> <Delay = 2.06> <FuncUnit> <Opcode : 'mux'> <InPorts = 2> <OutPorts = 1>
ST_10 : Operation 653 [1/1] (0.00ns)   --->   "%sext_ln1347_39 = sext i16 %tmp_4_9"   --->   Operation 653 'sext' 'sext_ln1347_39' <Predicate = true> <Delay = 0.00>
ST_10 : Operation 654 [3/3] (1.05ns) (grouped into DSP with root node add_ln1347_8)   --->   "%mul_ln1347_81 = mul i26 %sext_ln1347_39, i26 %sext_ln1347_38"   --->   Operation 654 'mul' 'mul_ln1347_81' <Predicate = true> <Delay = 1.05> <CoreInst = "DSP48">   --->   Core 119 'DSP48' <Latency = 3> <II = 1> <Delay = 2.15> <IPBlock> <Opcode : 'mul' 'add' 'sub' 'select'> <InPorts = 0> <OutPorts = 1> <Sync> <CReg>

State 11 <SV = 10> <Delay = 4.20>
ST_11 : Operation 655 [1/2] (2.10ns) (root node of the DSP)   --->   "%add_ln1347_6 = add i26 %and_ln838_5, i26 %mul_ln1347_79"   --->   Operation 655 'add' 'add_ln1347_6' <Predicate = true> <Delay = 2.10> <CoreInst = "DSP48">   --->   Core 119 'DSP48' <Latency = 3> <II = 1> <Delay = 2.15> <IPBlock> <Opcode : 'mul' 'add' 'sub' 'select'> <InPorts = 0> <OutPorts = 1> <Sync> <CReg>
ST_11 : Operation 656 [1/1] (0.00ns)   --->   "%tmp_833 = partselect i20 @_ssdm_op_PartSelect.i20.i26.i32.i32, i26 %add_ln1347_6, i32 6, i32 25"   --->   Operation 656 'partselect' 'tmp_833' <Predicate = true> <Delay = 0.00>
ST_11 : Operation 657 [1/1] (0.00ns)   --->   "%and_ln838_6 = bitconcatenate i26 @_ssdm_op_BitConcatenate.i26.i20.i6, i20 %tmp_833, i6 0"   --->   Operation 657 'bitconcatenate' 'and_ln838_6' <Predicate = true> <Delay = 0.00>
ST_11 : Operation 658 [1/3] (0.00ns) (grouped into DSP with root node add_ln1347_7)   --->   "%mul_ln1347_80 = mul i26 %sext_ln1347_37, i26 %sext_ln1347_36"   --->   Operation 658 'mul' 'mul_ln1347_80' <Predicate = true> <Delay = 0.00> <CoreInst = "DSP48">   --->   Core 119 'DSP48' <Latency = 3> <II = 1> <Delay = 2.15> <IPBlock> <Opcode : 'mul' 'add' 'sub' 'select'> <InPorts = 0> <OutPorts = 1> <Sync> <CReg>
ST_11 : Operation 659 [2/2] (2.10ns) (root node of the DSP)   --->   "%add_ln1347_7 = add i26 %and_ln838_6, i26 %mul_ln1347_80"   --->   Operation 659 'add' 'add_ln1347_7' <Predicate = true> <Delay = 2.10> <CoreInst = "DSP48">   --->   Core 119 'DSP48' <Latency = 3> <II = 1> <Delay = 2.15> <IPBlock> <Opcode : 'mul' 'add' 'sub' 'select'> <InPorts = 0> <OutPorts = 1> <Sync> <CReg>
ST_11 : Operation 660 [2/3] (1.05ns) (grouped into DSP with root node add_ln1347_8)   --->   "%mul_ln1347_81 = mul i26 %sext_ln1347_39, i26 %sext_ln1347_38"   --->   Operation 660 'mul' 'mul_ln1347_81' <Predicate = true> <Delay = 1.05> <CoreInst = "DSP48">   --->   Core 119 'DSP48' <Latency = 3> <II = 1> <Delay = 2.15> <IPBlock> <Opcode : 'mul' 'add' 'sub' 'select'> <InPorts = 0> <OutPorts = 1> <Sync> <CReg>
ST_11 : Operation 661 [1/1] (2.06ns)   --->   "%tmp_3_s = mux i16 @_ssdm_op_Mux.ap_auto.16i16.i4, i16 %K_V_load_11_read, i16 %K_V_1_load_11_read, i16 %K_V_2_load_11_read, i16 %K_V_3_load_11_read, i16 %K_V_4_load_11_read, i16 %K_V_5_load_11_read, i16 %K_V_6_load_11_read, i16 %K_V_7_load_11_read, i16 %K_V_8_load_11_read, i16 %K_V_9_load_11_read, i16 %K_V_10_load_10_read, i16 %K_V_11_load_10_read, i16 %K_V_12_load_10_read, i16 %K_V_13_load_10_read, i16 %K_V_14_load_10_read, i16 %K_V_15_load_10_read, i4 %trunc_ln100"   --->   Operation 661 'mux' 'tmp_3_s' <Predicate = true> <Delay = 2.06> <CoreInst = "Multiplexer">   --->   Core 76 'Multiplexer' <Latency = 0> <II = 1> <Delay = 2.06> <FuncUnit> <Opcode : 'mux'> <InPorts = 2> <OutPorts = 1>
ST_11 : Operation 662 [1/1] (0.00ns)   --->   "%sext_ln1347_40 = sext i16 %tmp_3_s"   --->   Operation 662 'sext' 'sext_ln1347_40' <Predicate = true> <Delay = 0.00>
ST_11 : Operation 663 [1/1] (2.06ns)   --->   "%tmp_4_s = mux i16 @_ssdm_op_Mux.ap_auto.16i16.i4, i16 %V_V_load_10_read, i16 %V_V_1_load_10_read, i16 %V_V_2_load_10_read, i16 %V_V_3_load_10_read, i16 %V_V_4_load_10_read, i16 %V_V_5_load_10_read, i16 %V_V_6_load_10_read, i16 %V_V_7_load_10_read, i16 %V_V_8_load_10_read, i16 %V_V_9_load_10_read, i16 %V_V_10_load_10_read, i16 %V_V_11_load_10_read, i16 %V_V_12_load_10_read, i16 %V_V_13_load_10_read, i16 %V_V_14_load_10_read, i16 %V_V_15_load_10_read, i4 %trunc_ln1273"   --->   Operation 663 'mux' 'tmp_4_s' <Predicate = true> <Delay = 2.06> <CoreInst = "Multiplexer">   --->   Core 76 'Multiplexer' <Latency = 0> <II = 1> <Delay = 2.06> <FuncUnit> <Opcode : 'mux'> <InPorts = 2> <OutPorts = 1>
ST_11 : Operation 664 [1/1] (0.00ns)   --->   "%sext_ln1347_41 = sext i16 %tmp_4_s"   --->   Operation 664 'sext' 'sext_ln1347_41' <Predicate = true> <Delay = 0.00>
ST_11 : Operation 665 [3/3] (1.05ns) (grouped into DSP with root node add_ln1347_9)   --->   "%mul_ln1347_82 = mul i26 %sext_ln1347_41, i26 %sext_ln1347_40"   --->   Operation 665 'mul' 'mul_ln1347_82' <Predicate = true> <Delay = 1.05> <CoreInst = "DSP48">   --->   Core 119 'DSP48' <Latency = 3> <II = 1> <Delay = 2.15> <IPBlock> <Opcode : 'mul' 'add' 'sub' 'select'> <InPorts = 0> <OutPorts = 1> <Sync> <CReg>

State 12 <SV = 11> <Delay = 4.20>
ST_12 : Operation 666 [1/2] (2.10ns) (root node of the DSP)   --->   "%add_ln1347_7 = add i26 %and_ln838_6, i26 %mul_ln1347_80"   --->   Operation 666 'add' 'add_ln1347_7' <Predicate = true> <Delay = 2.10> <CoreInst = "DSP48">   --->   Core 119 'DSP48' <Latency = 3> <II = 1> <Delay = 2.15> <IPBlock> <Opcode : 'mul' 'add' 'sub' 'select'> <InPorts = 0> <OutPorts = 1> <Sync> <CReg>
ST_12 : Operation 667 [1/1] (0.00ns)   --->   "%tmp_834 = partselect i20 @_ssdm_op_PartSelect.i20.i26.i32.i32, i26 %add_ln1347_7, i32 6, i32 25"   --->   Operation 667 'partselect' 'tmp_834' <Predicate = true> <Delay = 0.00>
ST_12 : Operation 668 [1/1] (0.00ns)   --->   "%and_ln838_7 = bitconcatenate i26 @_ssdm_op_BitConcatenate.i26.i20.i6, i20 %tmp_834, i6 0"   --->   Operation 668 'bitconcatenate' 'and_ln838_7' <Predicate = true> <Delay = 0.00>
ST_12 : Operation 669 [1/3] (0.00ns) (grouped into DSP with root node add_ln1347_8)   --->   "%mul_ln1347_81 = mul i26 %sext_ln1347_39, i26 %sext_ln1347_38"   --->   Operation 669 'mul' 'mul_ln1347_81' <Predicate = true> <Delay = 0.00> <CoreInst = "DSP48">   --->   Core 119 'DSP48' <Latency = 3> <II = 1> <Delay = 2.15> <IPBlock> <Opcode : 'mul' 'add' 'sub' 'select'> <InPorts = 0> <OutPorts = 1> <Sync> <CReg>
ST_12 : Operation 670 [2/2] (2.10ns) (root node of the DSP)   --->   "%add_ln1347_8 = add i26 %and_ln838_7, i26 %mul_ln1347_81"   --->   Operation 670 'add' 'add_ln1347_8' <Predicate = true> <Delay = 2.10> <CoreInst = "DSP48">   --->   Core 119 'DSP48' <Latency = 3> <II = 1> <Delay = 2.15> <IPBlock> <Opcode : 'mul' 'add' 'sub' 'select'> <InPorts = 0> <OutPorts = 1> <Sync> <CReg>
ST_12 : Operation 671 [2/3] (1.05ns) (grouped into DSP with root node add_ln1347_9)   --->   "%mul_ln1347_82 = mul i26 %sext_ln1347_41, i26 %sext_ln1347_40"   --->   Operation 671 'mul' 'mul_ln1347_82' <Predicate = true> <Delay = 1.05> <CoreInst = "DSP48">   --->   Core 119 'DSP48' <Latency = 3> <II = 1> <Delay = 2.15> <IPBlock> <Opcode : 'mul' 'add' 'sub' 'select'> <InPorts = 0> <OutPorts = 1> <Sync> <CReg>
ST_12 : Operation 672 [1/1] (2.06ns)   --->   "%tmp_3_10 = mux i16 @_ssdm_op_Mux.ap_auto.16i16.i4, i16 %K_V_load_12_read, i16 %K_V_1_load_12_read, i16 %K_V_2_load_12_read, i16 %K_V_3_load_12_read, i16 %K_V_4_load_12_read, i16 %K_V_5_load_12_read, i16 %K_V_6_load_12_read, i16 %K_V_7_load_12_read, i16 %K_V_8_load_12_read, i16 %K_V_9_load_12_read, i16 %K_V_10_load_11_read, i16 %K_V_11_load_11_read, i16 %K_V_12_load_11_read, i16 %K_V_13_load_11_read, i16 %K_V_14_load_11_read, i16 %K_V_15_load_11_read, i4 %trunc_ln100"   --->   Operation 672 'mux' 'tmp_3_10' <Predicate = true> <Delay = 2.06> <CoreInst = "Multiplexer">   --->   Core 76 'Multiplexer' <Latency = 0> <II = 1> <Delay = 2.06> <FuncUnit> <Opcode : 'mux'> <InPorts = 2> <OutPorts = 1>
ST_12 : Operation 673 [1/1] (0.00ns)   --->   "%sext_ln1347_42 = sext i16 %tmp_3_10"   --->   Operation 673 'sext' 'sext_ln1347_42' <Predicate = true> <Delay = 0.00>
ST_12 : Operation 674 [1/1] (2.06ns)   --->   "%tmp_4_10 = mux i16 @_ssdm_op_Mux.ap_auto.16i16.i4, i16 %V_V_load_11_read, i16 %V_V_1_load_11_read, i16 %V_V_2_load_11_read, i16 %V_V_3_load_11_read, i16 %V_V_4_load_11_read, i16 %V_V_5_load_11_read, i16 %V_V_6_load_11_read, i16 %V_V_7_load_11_read, i16 %V_V_8_load_11_read, i16 %V_V_9_load_11_read, i16 %V_V_10_load_11_read, i16 %V_V_11_load_11_read, i16 %V_V_12_load_11_read, i16 %V_V_13_load_11_read, i16 %V_V_14_load_11_read, i16 %V_V_15_load_11_read, i4 %trunc_ln1273"   --->   Operation 674 'mux' 'tmp_4_10' <Predicate = true> <Delay = 2.06> <CoreInst = "Multiplexer">   --->   Core 76 'Multiplexer' <Latency = 0> <II = 1> <Delay = 2.06> <FuncUnit> <Opcode : 'mux'> <InPorts = 2> <OutPorts = 1>
ST_12 : Operation 675 [1/1] (0.00ns)   --->   "%sext_ln1347_43 = sext i16 %tmp_4_10"   --->   Operation 675 'sext' 'sext_ln1347_43' <Predicate = true> <Delay = 0.00>
ST_12 : Operation 676 [3/3] (1.05ns) (grouped into DSP with root node add_ln1347_10)   --->   "%mul_ln1347_83 = mul i26 %sext_ln1347_43, i26 %sext_ln1347_42"   --->   Operation 676 'mul' 'mul_ln1347_83' <Predicate = true> <Delay = 1.05> <CoreInst = "DSP48">   --->   Core 119 'DSP48' <Latency = 3> <II = 1> <Delay = 2.15> <IPBlock> <Opcode : 'mul' 'add' 'sub' 'select'> <InPorts = 0> <OutPorts = 1> <Sync> <CReg>

State 13 <SV = 12> <Delay = 4.20>
ST_13 : Operation 677 [1/2] (2.10ns) (root node of the DSP)   --->   "%add_ln1347_8 = add i26 %and_ln838_7, i26 %mul_ln1347_81"   --->   Operation 677 'add' 'add_ln1347_8' <Predicate = true> <Delay = 2.10> <CoreInst = "DSP48">   --->   Core 119 'DSP48' <Latency = 3> <II = 1> <Delay = 2.15> <IPBlock> <Opcode : 'mul' 'add' 'sub' 'select'> <InPorts = 0> <OutPorts = 1> <Sync> <CReg>
ST_13 : Operation 678 [1/1] (0.00ns)   --->   "%tmp_835 = partselect i20 @_ssdm_op_PartSelect.i20.i26.i32.i32, i26 %add_ln1347_8, i32 6, i32 25"   --->   Operation 678 'partselect' 'tmp_835' <Predicate = true> <Delay = 0.00>
ST_13 : Operation 679 [1/1] (0.00ns)   --->   "%and_ln838_8 = bitconcatenate i26 @_ssdm_op_BitConcatenate.i26.i20.i6, i20 %tmp_835, i6 0"   --->   Operation 679 'bitconcatenate' 'and_ln838_8' <Predicate = true> <Delay = 0.00>
ST_13 : Operation 680 [1/3] (0.00ns) (grouped into DSP with root node add_ln1347_9)   --->   "%mul_ln1347_82 = mul i26 %sext_ln1347_41, i26 %sext_ln1347_40"   --->   Operation 680 'mul' 'mul_ln1347_82' <Predicate = true> <Delay = 0.00> <CoreInst = "DSP48">   --->   Core 119 'DSP48' <Latency = 3> <II = 1> <Delay = 2.15> <IPBlock> <Opcode : 'mul' 'add' 'sub' 'select'> <InPorts = 0> <OutPorts = 1> <Sync> <CReg>
ST_13 : Operation 681 [2/2] (2.10ns) (root node of the DSP)   --->   "%add_ln1347_9 = add i26 %and_ln838_8, i26 %mul_ln1347_82"   --->   Operation 681 'add' 'add_ln1347_9' <Predicate = true> <Delay = 2.10> <CoreInst = "DSP48">   --->   Core 119 'DSP48' <Latency = 3> <II = 1> <Delay = 2.15> <IPBlock> <Opcode : 'mul' 'add' 'sub' 'select'> <InPorts = 0> <OutPorts = 1> <Sync> <CReg>
ST_13 : Operation 682 [2/3] (1.05ns) (grouped into DSP with root node add_ln1347_10)   --->   "%mul_ln1347_83 = mul i26 %sext_ln1347_43, i26 %sext_ln1347_42"   --->   Operation 682 'mul' 'mul_ln1347_83' <Predicate = true> <Delay = 1.05> <CoreInst = "DSP48">   --->   Core 119 'DSP48' <Latency = 3> <II = 1> <Delay = 2.15> <IPBlock> <Opcode : 'mul' 'add' 'sub' 'select'> <InPorts = 0> <OutPorts = 1> <Sync> <CReg>
ST_13 : Operation 683 [1/1] (2.06ns)   --->   "%tmp_3_11 = mux i16 @_ssdm_op_Mux.ap_auto.16i16.i4, i16 %K_V_load_13_read, i16 %K_V_1_load_13_read, i16 %K_V_2_load_13_read, i16 %K_V_3_load_13_read, i16 %K_V_4_load_13_read, i16 %K_V_5_load_13_read, i16 %K_V_6_load_13_read, i16 %K_V_7_load_13_read, i16 %K_V_8_load_13_read, i16 %K_V_9_load_13_read, i16 %K_V_10_load_12_read, i16 %K_V_11_load_12_read, i16 %K_V_12_load_12_read, i16 %K_V_13_load_12_read, i16 %K_V_14_load_12_read, i16 %K_V_15_load_12_read, i4 %trunc_ln100"   --->   Operation 683 'mux' 'tmp_3_11' <Predicate = true> <Delay = 2.06> <CoreInst = "Multiplexer">   --->   Core 76 'Multiplexer' <Latency = 0> <II = 1> <Delay = 2.06> <FuncUnit> <Opcode : 'mux'> <InPorts = 2> <OutPorts = 1>
ST_13 : Operation 684 [1/1] (0.00ns)   --->   "%sext_ln1347_44 = sext i16 %tmp_3_11"   --->   Operation 684 'sext' 'sext_ln1347_44' <Predicate = true> <Delay = 0.00>
ST_13 : Operation 685 [1/1] (2.06ns)   --->   "%tmp_4_11 = mux i16 @_ssdm_op_Mux.ap_auto.16i16.i4, i16 %V_V_load_12_read, i16 %V_V_1_load_12_read, i16 %V_V_2_load_12_read, i16 %V_V_3_load_12_read, i16 %V_V_4_load_12_read, i16 %V_V_5_load_12_read, i16 %V_V_6_load_12_read, i16 %V_V_7_load_12_read, i16 %V_V_8_load_12_read, i16 %V_V_9_load_12_read, i16 %V_V_10_load_12_read, i16 %V_V_11_load_12_read, i16 %V_V_12_load_12_read, i16 %V_V_13_load_12_read, i16 %V_V_14_load_12_read, i16 %V_V_15_load_12_read, i4 %trunc_ln1273"   --->   Operation 685 'mux' 'tmp_4_11' <Predicate = true> <Delay = 2.06> <CoreInst = "Multiplexer">   --->   Core 76 'Multiplexer' <Latency = 0> <II = 1> <Delay = 2.06> <FuncUnit> <Opcode : 'mux'> <InPorts = 2> <OutPorts = 1>
ST_13 : Operation 686 [1/1] (0.00ns)   --->   "%sext_ln1347_45 = sext i16 %tmp_4_11"   --->   Operation 686 'sext' 'sext_ln1347_45' <Predicate = true> <Delay = 0.00>
ST_13 : Operation 687 [3/3] (1.05ns) (grouped into DSP with root node add_ln1347_11)   --->   "%mul_ln1347_84 = mul i26 %sext_ln1347_45, i26 %sext_ln1347_44"   --->   Operation 687 'mul' 'mul_ln1347_84' <Predicate = true> <Delay = 1.05> <CoreInst = "DSP48">   --->   Core 119 'DSP48' <Latency = 3> <II = 1> <Delay = 2.15> <IPBlock> <Opcode : 'mul' 'add' 'sub' 'select'> <InPorts = 0> <OutPorts = 1> <Sync> <CReg>

State 14 <SV = 13> <Delay = 4.20>
ST_14 : Operation 688 [1/2] (2.10ns) (root node of the DSP)   --->   "%add_ln1347_9 = add i26 %and_ln838_8, i26 %mul_ln1347_82"   --->   Operation 688 'add' 'add_ln1347_9' <Predicate = true> <Delay = 2.10> <CoreInst = "DSP48">   --->   Core 119 'DSP48' <Latency = 3> <II = 1> <Delay = 2.15> <IPBlock> <Opcode : 'mul' 'add' 'sub' 'select'> <InPorts = 0> <OutPorts = 1> <Sync> <CReg>
ST_14 : Operation 689 [1/1] (0.00ns)   --->   "%tmp_s = partselect i20 @_ssdm_op_PartSelect.i20.i26.i32.i32, i26 %add_ln1347_9, i32 6, i32 25"   --->   Operation 689 'partselect' 'tmp_s' <Predicate = true> <Delay = 0.00>
ST_14 : Operation 690 [1/1] (0.00ns)   --->   "%and_ln838_9 = bitconcatenate i26 @_ssdm_op_BitConcatenate.i26.i20.i6, i20 %tmp_s, i6 0"   --->   Operation 690 'bitconcatenate' 'and_ln838_9' <Predicate = true> <Delay = 0.00>
ST_14 : Operation 691 [1/3] (0.00ns) (grouped into DSP with root node add_ln1347_10)   --->   "%mul_ln1347_83 = mul i26 %sext_ln1347_43, i26 %sext_ln1347_42"   --->   Operation 691 'mul' 'mul_ln1347_83' <Predicate = true> <Delay = 0.00> <CoreInst = "DSP48">   --->   Core 119 'DSP48' <Latency = 3> <II = 1> <Delay = 2.15> <IPBlock> <Opcode : 'mul' 'add' 'sub' 'select'> <InPorts = 0> <OutPorts = 1> <Sync> <CReg>
ST_14 : Operation 692 [2/2] (2.10ns) (root node of the DSP)   --->   "%add_ln1347_10 = add i26 %and_ln838_9, i26 %mul_ln1347_83"   --->   Operation 692 'add' 'add_ln1347_10' <Predicate = true> <Delay = 2.10> <CoreInst = "DSP48">   --->   Core 119 'DSP48' <Latency = 3> <II = 1> <Delay = 2.15> <IPBlock> <Opcode : 'mul' 'add' 'sub' 'select'> <InPorts = 0> <OutPorts = 1> <Sync> <CReg>
ST_14 : Operation 693 [2/3] (1.05ns) (grouped into DSP with root node add_ln1347_11)   --->   "%mul_ln1347_84 = mul i26 %sext_ln1347_45, i26 %sext_ln1347_44"   --->   Operation 693 'mul' 'mul_ln1347_84' <Predicate = true> <Delay = 1.05> <CoreInst = "DSP48">   --->   Core 119 'DSP48' <Latency = 3> <II = 1> <Delay = 2.15> <IPBlock> <Opcode : 'mul' 'add' 'sub' 'select'> <InPorts = 0> <OutPorts = 1> <Sync> <CReg>
ST_14 : Operation 694 [1/1] (2.06ns)   --->   "%tmp_3_12 = mux i16 @_ssdm_op_Mux.ap_auto.16i16.i4, i16 %K_V_load_14_read, i16 %K_V_1_load_14_read, i16 %K_V_2_load_14_read, i16 %K_V_3_load_14_read, i16 %K_V_4_load_14_read, i16 %K_V_5_load_14_read, i16 %K_V_6_load_14_read, i16 %K_V_7_load_14_read, i16 %K_V_8_load_14_read, i16 %K_V_9_load_14_read, i16 %K_V_10_load_13_read, i16 %K_V_11_load_13_read, i16 %K_V_12_load_13_read, i16 %K_V_13_load_13_read, i16 %K_V_14_load_13_read, i16 %K_V_15_load_13_read, i4 %trunc_ln100"   --->   Operation 694 'mux' 'tmp_3_12' <Predicate = true> <Delay = 2.06> <CoreInst = "Multiplexer">   --->   Core 76 'Multiplexer' <Latency = 0> <II = 1> <Delay = 2.06> <FuncUnit> <Opcode : 'mux'> <InPorts = 2> <OutPorts = 1>
ST_14 : Operation 695 [1/1] (0.00ns)   --->   "%sext_ln1347_46 = sext i16 %tmp_3_12"   --->   Operation 695 'sext' 'sext_ln1347_46' <Predicate = true> <Delay = 0.00>
ST_14 : Operation 696 [1/1] (2.06ns)   --->   "%tmp_4_12 = mux i16 @_ssdm_op_Mux.ap_auto.16i16.i4, i16 %V_V_load_13_read, i16 %V_V_1_load_13_read, i16 %V_V_2_load_13_read, i16 %V_V_3_load_13_read, i16 %V_V_4_load_13_read, i16 %V_V_5_load_13_read, i16 %V_V_6_load_13_read, i16 %V_V_7_load_13_read, i16 %V_V_8_load_13_read, i16 %V_V_9_load_13_read, i16 %V_V_10_load_13_read, i16 %V_V_11_load_13_read, i16 %V_V_12_load_13_read, i16 %V_V_13_load_13_read, i16 %V_V_14_load_13_read, i16 %V_V_15_load_13_read, i4 %trunc_ln1273"   --->   Operation 696 'mux' 'tmp_4_12' <Predicate = true> <Delay = 2.06> <CoreInst = "Multiplexer">   --->   Core 76 'Multiplexer' <Latency = 0> <II = 1> <Delay = 2.06> <FuncUnit> <Opcode : 'mux'> <InPorts = 2> <OutPorts = 1>
ST_14 : Operation 697 [1/1] (0.00ns)   --->   "%sext_ln1347_47 = sext i16 %tmp_4_12"   --->   Operation 697 'sext' 'sext_ln1347_47' <Predicate = true> <Delay = 0.00>
ST_14 : Operation 698 [3/3] (1.05ns) (grouped into DSP with root node add_ln1347_12)   --->   "%mul_ln1347_85 = mul i26 %sext_ln1347_47, i26 %sext_ln1347_46"   --->   Operation 698 'mul' 'mul_ln1347_85' <Predicate = true> <Delay = 1.05> <CoreInst = "DSP48">   --->   Core 119 'DSP48' <Latency = 3> <II = 1> <Delay = 2.15> <IPBlock> <Opcode : 'mul' 'add' 'sub' 'select'> <InPorts = 0> <OutPorts = 1> <Sync> <CReg>

State 15 <SV = 14> <Delay = 4.20>
ST_15 : Operation 699 [1/2] (2.10ns) (root node of the DSP)   --->   "%add_ln1347_10 = add i26 %and_ln838_9, i26 %mul_ln1347_83"   --->   Operation 699 'add' 'add_ln1347_10' <Predicate = true> <Delay = 2.10> <CoreInst = "DSP48">   --->   Core 119 'DSP48' <Latency = 3> <II = 1> <Delay = 2.15> <IPBlock> <Opcode : 'mul' 'add' 'sub' 'select'> <InPorts = 0> <OutPorts = 1> <Sync> <CReg>
ST_15 : Operation 700 [1/1] (0.00ns)   --->   "%tmp_836 = partselect i20 @_ssdm_op_PartSelect.i20.i26.i32.i32, i26 %add_ln1347_10, i32 6, i32 25"   --->   Operation 700 'partselect' 'tmp_836' <Predicate = true> <Delay = 0.00>
ST_15 : Operation 701 [1/1] (0.00ns)   --->   "%and_ln838_10 = bitconcatenate i26 @_ssdm_op_BitConcatenate.i26.i20.i6, i20 %tmp_836, i6 0"   --->   Operation 701 'bitconcatenate' 'and_ln838_10' <Predicate = true> <Delay = 0.00>
ST_15 : Operation 702 [1/3] (0.00ns) (grouped into DSP with root node add_ln1347_11)   --->   "%mul_ln1347_84 = mul i26 %sext_ln1347_45, i26 %sext_ln1347_44"   --->   Operation 702 'mul' 'mul_ln1347_84' <Predicate = true> <Delay = 0.00> <CoreInst = "DSP48">   --->   Core 119 'DSP48' <Latency = 3> <II = 1> <Delay = 2.15> <IPBlock> <Opcode : 'mul' 'add' 'sub' 'select'> <InPorts = 0> <OutPorts = 1> <Sync> <CReg>
ST_15 : Operation 703 [2/2] (2.10ns) (root node of the DSP)   --->   "%add_ln1347_11 = add i26 %and_ln838_10, i26 %mul_ln1347_84"   --->   Operation 703 'add' 'add_ln1347_11' <Predicate = true> <Delay = 2.10> <CoreInst = "DSP48">   --->   Core 119 'DSP48' <Latency = 3> <II = 1> <Delay = 2.15> <IPBlock> <Opcode : 'mul' 'add' 'sub' 'select'> <InPorts = 0> <OutPorts = 1> <Sync> <CReg>
ST_15 : Operation 704 [2/3] (1.05ns) (grouped into DSP with root node add_ln1347_12)   --->   "%mul_ln1347_85 = mul i26 %sext_ln1347_47, i26 %sext_ln1347_46"   --->   Operation 704 'mul' 'mul_ln1347_85' <Predicate = true> <Delay = 1.05> <CoreInst = "DSP48">   --->   Core 119 'DSP48' <Latency = 3> <II = 1> <Delay = 2.15> <IPBlock> <Opcode : 'mul' 'add' 'sub' 'select'> <InPorts = 0> <OutPorts = 1> <Sync> <CReg>
ST_15 : Operation 705 [1/1] (2.06ns)   --->   "%tmp_3_13 = mux i16 @_ssdm_op_Mux.ap_auto.16i16.i4, i16 %K_V_load_15_read, i16 %K_V_1_load_15_read, i16 %K_V_2_load_15_read, i16 %K_V_3_load_15_read, i16 %K_V_4_load_15_read, i16 %K_V_5_load_15_read, i16 %K_V_6_load_15_read, i16 %K_V_7_load_15_read, i16 %K_V_8_load_15_read, i16 %K_V_9_load_15_read, i16 %K_V_10_load_14_read, i16 %K_V_11_load_14_read, i16 %K_V_12_load_14_read, i16 %K_V_13_load_14_read, i16 %K_V_14_load_14_read, i16 %K_V_15_load_14_read, i4 %trunc_ln100"   --->   Operation 705 'mux' 'tmp_3_13' <Predicate = true> <Delay = 2.06> <CoreInst = "Multiplexer">   --->   Core 76 'Multiplexer' <Latency = 0> <II = 1> <Delay = 2.06> <FuncUnit> <Opcode : 'mux'> <InPorts = 2> <OutPorts = 1>
ST_15 : Operation 706 [1/1] (0.00ns)   --->   "%sext_ln1347_48 = sext i16 %tmp_3_13"   --->   Operation 706 'sext' 'sext_ln1347_48' <Predicate = true> <Delay = 0.00>
ST_15 : Operation 707 [1/1] (2.06ns)   --->   "%tmp_4_13 = mux i16 @_ssdm_op_Mux.ap_auto.16i16.i4, i16 %V_V_load_14_read, i16 %V_V_1_load_14_read, i16 %V_V_2_load_14_read, i16 %V_V_3_load_14_read, i16 %V_V_4_load_14_read, i16 %V_V_5_load_14_read, i16 %V_V_6_load_14_read, i16 %V_V_7_load_14_read, i16 %V_V_8_load_14_read, i16 %V_V_9_load_14_read, i16 %V_V_10_load_14_read, i16 %V_V_11_load_14_read, i16 %V_V_12_load_14_read, i16 %V_V_13_load_14_read, i16 %V_V_14_load_14_read, i16 %V_V_15_load_14_read, i4 %trunc_ln1273"   --->   Operation 707 'mux' 'tmp_4_13' <Predicate = true> <Delay = 2.06> <CoreInst = "Multiplexer">   --->   Core 76 'Multiplexer' <Latency = 0> <II = 1> <Delay = 2.06> <FuncUnit> <Opcode : 'mux'> <InPorts = 2> <OutPorts = 1>
ST_15 : Operation 708 [1/1] (0.00ns)   --->   "%sext_ln1347_49 = sext i16 %tmp_4_13"   --->   Operation 708 'sext' 'sext_ln1347_49' <Predicate = true> <Delay = 0.00>
ST_15 : Operation 709 [3/3] (1.05ns) (grouped into DSP with root node add_ln1347_13)   --->   "%mul_ln1347_86 = mul i26 %sext_ln1347_49, i26 %sext_ln1347_48"   --->   Operation 709 'mul' 'mul_ln1347_86' <Predicate = true> <Delay = 1.05> <CoreInst = "DSP48">   --->   Core 119 'DSP48' <Latency = 3> <II = 1> <Delay = 2.15> <IPBlock> <Opcode : 'mul' 'add' 'sub' 'select'> <InPorts = 0> <OutPorts = 1> <Sync> <CReg>
ST_15 : Operation 710 [1/1] (2.06ns)   --->   "%tmp_3_14 = mux i16 @_ssdm_op_Mux.ap_auto.16i16.i4, i16 %K_V_load_16_read, i16 %K_V_1_load_16_read, i16 %K_V_2_load_16_read, i16 %K_V_3_load_16_read, i16 %K_V_4_load_16_read, i16 %K_V_5_load_16_read, i16 %K_V_6_load_16_read, i16 %K_V_7_load_16_read, i16 %K_V_8_load_16_read, i16 %K_V_9_load_16_read, i16 %K_V_10_load_15_read, i16 %K_V_11_load_15_read, i16 %K_V_12_load_15_read, i16 %K_V_13_load_15_read, i16 %K_V_14_load_15_read, i16 %K_V_15_load_15_read, i4 %trunc_ln100"   --->   Operation 710 'mux' 'tmp_3_14' <Predicate = true> <Delay = 2.06> <CoreInst = "Multiplexer">   --->   Core 76 'Multiplexer' <Latency = 0> <II = 1> <Delay = 2.06> <FuncUnit> <Opcode : 'mux'> <InPorts = 2> <OutPorts = 1>
ST_15 : Operation 711 [1/1] (2.06ns)   --->   "%tmp_4_14 = mux i16 @_ssdm_op_Mux.ap_auto.16i16.i4, i16 %V_V_load_15_read, i16 %V_V_1_load_15_read, i16 %V_V_2_load_15_read, i16 %V_V_3_load_15_read, i16 %V_V_4_load_15_read, i16 %V_V_5_load_15_read, i16 %V_V_6_load_15_read, i16 %V_V_7_load_15_read, i16 %V_V_8_load_15_read, i16 %V_V_9_load_15_read, i16 %V_V_10_load_15_read, i16 %V_V_11_load_15_read, i16 %V_V_12_load_15_read, i16 %V_V_13_load_15_read, i16 %V_V_14_load_15_read, i16 %V_V_15_load_15_read, i4 %trunc_ln1273"   --->   Operation 711 'mux' 'tmp_4_14' <Predicate = true> <Delay = 2.06> <CoreInst = "Multiplexer">   --->   Core 76 'Multiplexer' <Latency = 0> <II = 1> <Delay = 2.06> <FuncUnit> <Opcode : 'mux'> <InPorts = 2> <OutPorts = 1>

State 16 <SV = 15> <Delay = 4.20>
ST_16 : Operation 712 [1/2] (2.10ns) (root node of the DSP)   --->   "%add_ln1347_11 = add i26 %and_ln838_10, i26 %mul_ln1347_84"   --->   Operation 712 'add' 'add_ln1347_11' <Predicate = true> <Delay = 2.10> <CoreInst = "DSP48">   --->   Core 119 'DSP48' <Latency = 3> <II = 1> <Delay = 2.15> <IPBlock> <Opcode : 'mul' 'add' 'sub' 'select'> <InPorts = 0> <OutPorts = 1> <Sync> <CReg>
ST_16 : Operation 713 [1/1] (0.00ns)   --->   "%tmp_837 = partselect i20 @_ssdm_op_PartSelect.i20.i26.i32.i32, i26 %add_ln1347_11, i32 6, i32 25"   --->   Operation 713 'partselect' 'tmp_837' <Predicate = true> <Delay = 0.00>
ST_16 : Operation 714 [1/1] (0.00ns)   --->   "%and_ln838_11 = bitconcatenate i26 @_ssdm_op_BitConcatenate.i26.i20.i6, i20 %tmp_837, i6 0"   --->   Operation 714 'bitconcatenate' 'and_ln838_11' <Predicate = true> <Delay = 0.00>
ST_16 : Operation 715 [1/3] (0.00ns) (grouped into DSP with root node add_ln1347_12)   --->   "%mul_ln1347_85 = mul i26 %sext_ln1347_47, i26 %sext_ln1347_46"   --->   Operation 715 'mul' 'mul_ln1347_85' <Predicate = true> <Delay = 0.00> <CoreInst = "DSP48">   --->   Core 119 'DSP48' <Latency = 3> <II = 1> <Delay = 2.15> <IPBlock> <Opcode : 'mul' 'add' 'sub' 'select'> <InPorts = 0> <OutPorts = 1> <Sync> <CReg>
ST_16 : Operation 716 [2/2] (2.10ns) (root node of the DSP)   --->   "%add_ln1347_12 = add i26 %and_ln838_11, i26 %mul_ln1347_85"   --->   Operation 716 'add' 'add_ln1347_12' <Predicate = true> <Delay = 2.10> <CoreInst = "DSP48">   --->   Core 119 'DSP48' <Latency = 3> <II = 1> <Delay = 2.15> <IPBlock> <Opcode : 'mul' 'add' 'sub' 'select'> <InPorts = 0> <OutPorts = 1> <Sync> <CReg>
ST_16 : Operation 717 [2/3] (1.05ns) (grouped into DSP with root node add_ln1347_13)   --->   "%mul_ln1347_86 = mul i26 %sext_ln1347_49, i26 %sext_ln1347_48"   --->   Operation 717 'mul' 'mul_ln1347_86' <Predicate = true> <Delay = 1.05> <CoreInst = "DSP48">   --->   Core 119 'DSP48' <Latency = 3> <II = 1> <Delay = 2.15> <IPBlock> <Opcode : 'mul' 'add' 'sub' 'select'> <InPorts = 0> <OutPorts = 1> <Sync> <CReg>
ST_16 : Operation 718 [1/1] (0.00ns)   --->   "%sext_ln1347_50 = sext i16 %tmp_3_14"   --->   Operation 718 'sext' 'sext_ln1347_50' <Predicate = true> <Delay = 0.00>
ST_16 : Operation 719 [1/1] (0.00ns)   --->   "%sext_ln1347_51 = sext i16 %tmp_4_14"   --->   Operation 719 'sext' 'sext_ln1347_51' <Predicate = true> <Delay = 0.00>
ST_16 : Operation 720 [3/3] (1.05ns) (grouped into DSP with root node add_ln1347_14)   --->   "%mul_ln1347_87 = mul i26 %sext_ln1347_51, i26 %sext_ln1347_50"   --->   Operation 720 'mul' 'mul_ln1347_87' <Predicate = true> <Delay = 1.05> <CoreInst = "DSP48">   --->   Core 119 'DSP48' <Latency = 3> <II = 1> <Delay = 2.15> <IPBlock> <Opcode : 'mul' 'add' 'sub' 'select'> <InPorts = 0> <OutPorts = 1> <Sync> <CReg>

State 17 <SV = 16> <Delay = 4.20>
ST_17 : Operation 721 [1/2] (2.10ns) (root node of the DSP)   --->   "%add_ln1347_12 = add i26 %and_ln838_11, i26 %mul_ln1347_85"   --->   Operation 721 'add' 'add_ln1347_12' <Predicate = true> <Delay = 2.10> <CoreInst = "DSP48">   --->   Core 119 'DSP48' <Latency = 3> <II = 1> <Delay = 2.15> <IPBlock> <Opcode : 'mul' 'add' 'sub' 'select'> <InPorts = 0> <OutPorts = 1> <Sync> <CReg>
ST_17 : Operation 722 [1/1] (0.00ns)   --->   "%tmp_838 = partselect i20 @_ssdm_op_PartSelect.i20.i26.i32.i32, i26 %add_ln1347_12, i32 6, i32 25"   --->   Operation 722 'partselect' 'tmp_838' <Predicate = true> <Delay = 0.00>
ST_17 : Operation 723 [1/1] (0.00ns)   --->   "%and_ln838_12 = bitconcatenate i26 @_ssdm_op_BitConcatenate.i26.i20.i6, i20 %tmp_838, i6 0"   --->   Operation 723 'bitconcatenate' 'and_ln838_12' <Predicate = true> <Delay = 0.00>
ST_17 : Operation 724 [1/3] (0.00ns) (grouped into DSP with root node add_ln1347_13)   --->   "%mul_ln1347_86 = mul i26 %sext_ln1347_49, i26 %sext_ln1347_48"   --->   Operation 724 'mul' 'mul_ln1347_86' <Predicate = true> <Delay = 0.00> <CoreInst = "DSP48">   --->   Core 119 'DSP48' <Latency = 3> <II = 1> <Delay = 2.15> <IPBlock> <Opcode : 'mul' 'add' 'sub' 'select'> <InPorts = 0> <OutPorts = 1> <Sync> <CReg>
ST_17 : Operation 725 [2/2] (2.10ns) (root node of the DSP)   --->   "%add_ln1347_13 = add i26 %and_ln838_12, i26 %mul_ln1347_86"   --->   Operation 725 'add' 'add_ln1347_13' <Predicate = true> <Delay = 2.10> <CoreInst = "DSP48">   --->   Core 119 'DSP48' <Latency = 3> <II = 1> <Delay = 2.15> <IPBlock> <Opcode : 'mul' 'add' 'sub' 'select'> <InPorts = 0> <OutPorts = 1> <Sync> <CReg>
ST_17 : Operation 726 [2/3] (1.05ns) (grouped into DSP with root node add_ln1347_14)   --->   "%mul_ln1347_87 = mul i26 %sext_ln1347_51, i26 %sext_ln1347_50"   --->   Operation 726 'mul' 'mul_ln1347_87' <Predicate = true> <Delay = 1.05> <CoreInst = "DSP48">   --->   Core 119 'DSP48' <Latency = 3> <II = 1> <Delay = 2.15> <IPBlock> <Opcode : 'mul' 'add' 'sub' 'select'> <InPorts = 0> <OutPorts = 1> <Sync> <CReg>

State 18 <SV = 17> <Delay = 4.20>
ST_18 : Operation 727 [1/2] (2.10ns) (root node of the DSP)   --->   "%add_ln1347_13 = add i26 %and_ln838_12, i26 %mul_ln1347_86"   --->   Operation 727 'add' 'add_ln1347_13' <Predicate = true> <Delay = 2.10> <CoreInst = "DSP48">   --->   Core 119 'DSP48' <Latency = 3> <II = 1> <Delay = 2.15> <IPBlock> <Opcode : 'mul' 'add' 'sub' 'select'> <InPorts = 0> <OutPorts = 1> <Sync> <CReg>
ST_18 : Operation 728 [1/1] (0.00ns)   --->   "%tmp_839 = partselect i20 @_ssdm_op_PartSelect.i20.i26.i32.i32, i26 %add_ln1347_13, i32 6, i32 25"   --->   Operation 728 'partselect' 'tmp_839' <Predicate = true> <Delay = 0.00>
ST_18 : Operation 729 [1/1] (0.00ns)   --->   "%and_ln838_13 = bitconcatenate i26 @_ssdm_op_BitConcatenate.i26.i20.i6, i20 %tmp_839, i6 0"   --->   Operation 729 'bitconcatenate' 'and_ln838_13' <Predicate = true> <Delay = 0.00>
ST_18 : Operation 730 [1/3] (0.00ns) (grouped into DSP with root node add_ln1347_14)   --->   "%mul_ln1347_87 = mul i26 %sext_ln1347_51, i26 %sext_ln1347_50"   --->   Operation 730 'mul' 'mul_ln1347_87' <Predicate = true> <Delay = 0.00> <CoreInst = "DSP48">   --->   Core 119 'DSP48' <Latency = 3> <II = 1> <Delay = 2.15> <IPBlock> <Opcode : 'mul' 'add' 'sub' 'select'> <InPorts = 0> <OutPorts = 1> <Sync> <CReg>
ST_18 : Operation 731 [2/2] (2.10ns) (root node of the DSP)   --->   "%add_ln1347_14 = add i26 %and_ln838_13, i26 %mul_ln1347_87"   --->   Operation 731 'add' 'add_ln1347_14' <Predicate = true> <Delay = 2.10> <CoreInst = "DSP48">   --->   Core 119 'DSP48' <Latency = 3> <II = 1> <Delay = 2.15> <IPBlock> <Opcode : 'mul' 'add' 'sub' 'select'> <InPorts = 0> <OutPorts = 1> <Sync> <CReg>
ST_18 : Operation 787 [1/1] (0.00ns)   --->   "%ret_ln0 = ret"   --->   Operation 787 'ret' 'ret_ln0' <Predicate = (icmp_ln100)> <Delay = 0.00>

State 19 <SV = 18> <Delay = 4.42>
ST_19 : Operation 732 [1/1] (0.00ns)   --->   "%specloopname_ln0 = specloopname void @_ssdm_op_SpecLoopName, void @VITIS_LOOP_100_4_VITIS_LOOP_101_5_str"   --->   Operation 732 'specloopname' 'specloopname_ln0' <Predicate = true> <Delay = 0.00>
ST_19 : Operation 733 [1/1] (0.00ns)   --->   "%empty = speclooptripcount i32 @_ssdm_op_SpecLoopTripCount, i64 256, i64 256, i64 256"   --->   Operation 733 'speclooptripcount' 'empty' <Predicate = true> <Delay = 0.00>
ST_19 : Operation 734 [1/1] (0.00ns)   --->   "%zext_ln100 = zext i5 %select_ln100_1" [src/imgds_linear_dense_q16.cpp:100]   --->   Operation 734 'zext' 'zext_ln100' <Predicate = true> <Delay = 0.00>
ST_19 : Operation 735 [1/1] (0.00ns)   --->   "%specpipeline_ln0 = specpipeline void @_ssdm_op_SpecPipeline, i32 4294967295, i32 0, i32 1, i32 0, void @p_str"   --->   Operation 735 'specpipeline' 'specpipeline_ln0' <Predicate = true> <Delay = 0.00>
ST_19 : Operation 736 [1/1] (0.00ns)   --->   "%specloopname_ln101 = specloopname void @_ssdm_op_SpecLoopName, void @empty_5" [src/imgds_linear_dense_q16.cpp:101]   --->   Operation 736 'specloopname' 'specloopname_ln101' <Predicate = true> <Delay = 0.00>
ST_19 : Operation 737 [1/2] (2.10ns) (root node of the DSP)   --->   "%add_ln1347_14 = add i26 %and_ln838_13, i26 %mul_ln1347_87"   --->   Operation 737 'add' 'add_ln1347_14' <Predicate = true> <Delay = 2.10> <CoreInst = "DSP48">   --->   Core 119 'DSP48' <Latency = 3> <II = 1> <Delay = 2.15> <IPBlock> <Opcode : 'mul' 'add' 'sub' 'select'> <InPorts = 0> <OutPorts = 1> <Sync> <CReg>
ST_19 : Operation 738 [1/1] (0.00ns)   --->   "%trunc_ln9 = partselect i16 @_ssdm_op_PartSelect.i16.i26.i32.i32, i26 %add_ln1347_14, i32 10, i32 25" [src/imgds_linear_dense_q16.cpp:103]   --->   Operation 738 'partselect' 'trunc_ln9' <Predicate = true> <Delay = 0.00>
ST_19 : Operation 739 [1/1] (0.00ns)   --->   "%KV_V_14_addr = getelementptr i16 %KV_V_14, i64 0, i64 %zext_ln100" [src/imgds_linear_dense_q16.cpp:100]   --->   Operation 739 'getelementptr' 'KV_V_14_addr' <Predicate = (trunc_ln1273 == 14)> <Delay = 0.00>
ST_19 : Operation 740 [1/1] (2.32ns)   --->   "%store_ln106 = store i16 %trunc_ln9, i4 %KV_V_14_addr" [src/imgds_linear_dense_q16.cpp:106]   --->   Operation 740 'store' 'store_ln106' <Predicate = (trunc_ln1273 == 14)> <Delay = 2.32> <CoreInst = "RAM">   --->   Core 82 'RAM' <Latency = 1> <II = 1> <Delay = 2.32> <Storage> <Opcode : 'load' 'store'> <Ports = 2> <Width = 16> <Depth = 16> <RAM>
ST_19 : Operation 741 [1/1] (0.00ns)   --->   "%br_ln106 = br void %arrayidx1348.exit" [src/imgds_linear_dense_q16.cpp:106]   --->   Operation 741 'br' 'br_ln106' <Predicate = (trunc_ln1273 == 14)> <Delay = 0.00>
ST_19 : Operation 742 [1/1] (0.00ns)   --->   "%KV_V_13_addr = getelementptr i16 %KV_V_13, i64 0, i64 %zext_ln100" [src/imgds_linear_dense_q16.cpp:100]   --->   Operation 742 'getelementptr' 'KV_V_13_addr' <Predicate = (trunc_ln1273 == 13)> <Delay = 0.00>
ST_19 : Operation 743 [1/1] (2.32ns)   --->   "%store_ln106 = store i16 %trunc_ln9, i4 %KV_V_13_addr" [src/imgds_linear_dense_q16.cpp:106]   --->   Operation 743 'store' 'store_ln106' <Predicate = (trunc_ln1273 == 13)> <Delay = 2.32> <CoreInst = "RAM">   --->   Core 82 'RAM' <Latency = 1> <II = 1> <Delay = 2.32> <Storage> <Opcode : 'load' 'store'> <Ports = 2> <Width = 16> <Depth = 16> <RAM>
ST_19 : Operation 744 [1/1] (0.00ns)   --->   "%br_ln106 = br void %arrayidx1348.exit" [src/imgds_linear_dense_q16.cpp:106]   --->   Operation 744 'br' 'br_ln106' <Predicate = (trunc_ln1273 == 13)> <Delay = 0.00>
ST_19 : Operation 745 [1/1] (0.00ns)   --->   "%KV_V_12_addr = getelementptr i16 %KV_V_12, i64 0, i64 %zext_ln100" [src/imgds_linear_dense_q16.cpp:100]   --->   Operation 745 'getelementptr' 'KV_V_12_addr' <Predicate = (trunc_ln1273 == 12)> <Delay = 0.00>
ST_19 : Operation 746 [1/1] (2.32ns)   --->   "%store_ln106 = store i16 %trunc_ln9, i4 %KV_V_12_addr" [src/imgds_linear_dense_q16.cpp:106]   --->   Operation 746 'store' 'store_ln106' <Predicate = (trunc_ln1273 == 12)> <Delay = 2.32> <CoreInst = "RAM">   --->   Core 82 'RAM' <Latency = 1> <II = 1> <Delay = 2.32> <Storage> <Opcode : 'load' 'store'> <Ports = 2> <Width = 16> <Depth = 16> <RAM>
ST_19 : Operation 747 [1/1] (0.00ns)   --->   "%br_ln106 = br void %arrayidx1348.exit" [src/imgds_linear_dense_q16.cpp:106]   --->   Operation 747 'br' 'br_ln106' <Predicate = (trunc_ln1273 == 12)> <Delay = 0.00>
ST_19 : Operation 748 [1/1] (0.00ns)   --->   "%KV_V_11_addr = getelementptr i16 %KV_V_11, i64 0, i64 %zext_ln100" [src/imgds_linear_dense_q16.cpp:100]   --->   Operation 748 'getelementptr' 'KV_V_11_addr' <Predicate = (trunc_ln1273 == 11)> <Delay = 0.00>
ST_19 : Operation 749 [1/1] (2.32ns)   --->   "%store_ln106 = store i16 %trunc_ln9, i4 %KV_V_11_addr" [src/imgds_linear_dense_q16.cpp:106]   --->   Operation 749 'store' 'store_ln106' <Predicate = (trunc_ln1273 == 11)> <Delay = 2.32> <CoreInst = "RAM">   --->   Core 82 'RAM' <Latency = 1> <II = 1> <Delay = 2.32> <Storage> <Opcode : 'load' 'store'> <Ports = 2> <Width = 16> <Depth = 16> <RAM>
ST_19 : Operation 750 [1/1] (0.00ns)   --->   "%br_ln106 = br void %arrayidx1348.exit" [src/imgds_linear_dense_q16.cpp:106]   --->   Operation 750 'br' 'br_ln106' <Predicate = (trunc_ln1273 == 11)> <Delay = 0.00>
ST_19 : Operation 751 [1/1] (0.00ns)   --->   "%KV_V_10_addr = getelementptr i16 %KV_V_10, i64 0, i64 %zext_ln100" [src/imgds_linear_dense_q16.cpp:100]   --->   Operation 751 'getelementptr' 'KV_V_10_addr' <Predicate = (trunc_ln1273 == 10)> <Delay = 0.00>
ST_19 : Operation 752 [1/1] (2.32ns)   --->   "%store_ln106 = store i16 %trunc_ln9, i4 %KV_V_10_addr" [src/imgds_linear_dense_q16.cpp:106]   --->   Operation 752 'store' 'store_ln106' <Predicate = (trunc_ln1273 == 10)> <Delay = 2.32> <CoreInst = "RAM">   --->   Core 82 'RAM' <Latency = 1> <II = 1> <Delay = 2.32> <Storage> <Opcode : 'load' 'store'> <Ports = 2> <Width = 16> <Depth = 16> <RAM>
ST_19 : Operation 753 [1/1] (0.00ns)   --->   "%br_ln106 = br void %arrayidx1348.exit" [src/imgds_linear_dense_q16.cpp:106]   --->   Operation 753 'br' 'br_ln106' <Predicate = (trunc_ln1273 == 10)> <Delay = 0.00>
ST_19 : Operation 754 [1/1] (0.00ns)   --->   "%KV_V_9_addr = getelementptr i16 %KV_V_9, i64 0, i64 %zext_ln100" [src/imgds_linear_dense_q16.cpp:100]   --->   Operation 754 'getelementptr' 'KV_V_9_addr' <Predicate = (trunc_ln1273 == 9)> <Delay = 0.00>
ST_19 : Operation 755 [1/1] (2.32ns)   --->   "%store_ln106 = store i16 %trunc_ln9, i4 %KV_V_9_addr" [src/imgds_linear_dense_q16.cpp:106]   --->   Operation 755 'store' 'store_ln106' <Predicate = (trunc_ln1273 == 9)> <Delay = 2.32> <CoreInst = "RAM">   --->   Core 82 'RAM' <Latency = 1> <II = 1> <Delay = 2.32> <Storage> <Opcode : 'load' 'store'> <Ports = 2> <Width = 16> <Depth = 16> <RAM>
ST_19 : Operation 756 [1/1] (0.00ns)   --->   "%br_ln106 = br void %arrayidx1348.exit" [src/imgds_linear_dense_q16.cpp:106]   --->   Operation 756 'br' 'br_ln106' <Predicate = (trunc_ln1273 == 9)> <Delay = 0.00>
ST_19 : Operation 757 [1/1] (0.00ns)   --->   "%KV_V_8_addr = getelementptr i16 %KV_V_8, i64 0, i64 %zext_ln100" [src/imgds_linear_dense_q16.cpp:100]   --->   Operation 757 'getelementptr' 'KV_V_8_addr' <Predicate = (trunc_ln1273 == 8)> <Delay = 0.00>
ST_19 : Operation 758 [1/1] (2.32ns)   --->   "%store_ln106 = store i16 %trunc_ln9, i4 %KV_V_8_addr" [src/imgds_linear_dense_q16.cpp:106]   --->   Operation 758 'store' 'store_ln106' <Predicate = (trunc_ln1273 == 8)> <Delay = 2.32> <CoreInst = "RAM">   --->   Core 82 'RAM' <Latency = 1> <II = 1> <Delay = 2.32> <Storage> <Opcode : 'load' 'store'> <Ports = 2> <Width = 16> <Depth = 16> <RAM>
ST_19 : Operation 759 [1/1] (0.00ns)   --->   "%br_ln106 = br void %arrayidx1348.exit" [src/imgds_linear_dense_q16.cpp:106]   --->   Operation 759 'br' 'br_ln106' <Predicate = (trunc_ln1273 == 8)> <Delay = 0.00>
ST_19 : Operation 760 [1/1] (0.00ns)   --->   "%KV_V_7_addr = getelementptr i16 %KV_V_7, i64 0, i64 %zext_ln100" [src/imgds_linear_dense_q16.cpp:100]   --->   Operation 760 'getelementptr' 'KV_V_7_addr' <Predicate = (trunc_ln1273 == 7)> <Delay = 0.00>
ST_19 : Operation 761 [1/1] (2.32ns)   --->   "%store_ln106 = store i16 %trunc_ln9, i4 %KV_V_7_addr" [src/imgds_linear_dense_q16.cpp:106]   --->   Operation 761 'store' 'store_ln106' <Predicate = (trunc_ln1273 == 7)> <Delay = 2.32> <CoreInst = "RAM">   --->   Core 82 'RAM' <Latency = 1> <II = 1> <Delay = 2.32> <Storage> <Opcode : 'load' 'store'> <Ports = 2> <Width = 16> <Depth = 16> <RAM>
ST_19 : Operation 762 [1/1] (0.00ns)   --->   "%br_ln106 = br void %arrayidx1348.exit" [src/imgds_linear_dense_q16.cpp:106]   --->   Operation 762 'br' 'br_ln106' <Predicate = (trunc_ln1273 == 7)> <Delay = 0.00>
ST_19 : Operation 763 [1/1] (0.00ns)   --->   "%KV_V_6_addr = getelementptr i16 %KV_V_6, i64 0, i64 %zext_ln100" [src/imgds_linear_dense_q16.cpp:100]   --->   Operation 763 'getelementptr' 'KV_V_6_addr' <Predicate = (trunc_ln1273 == 6)> <Delay = 0.00>
ST_19 : Operation 764 [1/1] (2.32ns)   --->   "%store_ln106 = store i16 %trunc_ln9, i4 %KV_V_6_addr" [src/imgds_linear_dense_q16.cpp:106]   --->   Operation 764 'store' 'store_ln106' <Predicate = (trunc_ln1273 == 6)> <Delay = 2.32> <CoreInst = "RAM">   --->   Core 82 'RAM' <Latency = 1> <II = 1> <Delay = 2.32> <Storage> <Opcode : 'load' 'store'> <Ports = 2> <Width = 16> <Depth = 16> <RAM>
ST_19 : Operation 765 [1/1] (0.00ns)   --->   "%br_ln106 = br void %arrayidx1348.exit" [src/imgds_linear_dense_q16.cpp:106]   --->   Operation 765 'br' 'br_ln106' <Predicate = (trunc_ln1273 == 6)> <Delay = 0.00>
ST_19 : Operation 766 [1/1] (0.00ns)   --->   "%KV_V_5_addr = getelementptr i16 %KV_V_5, i64 0, i64 %zext_ln100" [src/imgds_linear_dense_q16.cpp:100]   --->   Operation 766 'getelementptr' 'KV_V_5_addr' <Predicate = (trunc_ln1273 == 5)> <Delay = 0.00>
ST_19 : Operation 767 [1/1] (2.32ns)   --->   "%store_ln106 = store i16 %trunc_ln9, i4 %KV_V_5_addr" [src/imgds_linear_dense_q16.cpp:106]   --->   Operation 767 'store' 'store_ln106' <Predicate = (trunc_ln1273 == 5)> <Delay = 2.32> <CoreInst = "RAM">   --->   Core 82 'RAM' <Latency = 1> <II = 1> <Delay = 2.32> <Storage> <Opcode : 'load' 'store'> <Ports = 2> <Width = 16> <Depth = 16> <RAM>
ST_19 : Operation 768 [1/1] (0.00ns)   --->   "%br_ln106 = br void %arrayidx1348.exit" [src/imgds_linear_dense_q16.cpp:106]   --->   Operation 768 'br' 'br_ln106' <Predicate = (trunc_ln1273 == 5)> <Delay = 0.00>
ST_19 : Operation 769 [1/1] (0.00ns)   --->   "%KV_V_4_addr = getelementptr i16 %KV_V_4, i64 0, i64 %zext_ln100" [src/imgds_linear_dense_q16.cpp:100]   --->   Operation 769 'getelementptr' 'KV_V_4_addr' <Predicate = (trunc_ln1273 == 4)> <Delay = 0.00>
ST_19 : Operation 770 [1/1] (2.32ns)   --->   "%store_ln106 = store i16 %trunc_ln9, i4 %KV_V_4_addr" [src/imgds_linear_dense_q16.cpp:106]   --->   Operation 770 'store' 'store_ln106' <Predicate = (trunc_ln1273 == 4)> <Delay = 2.32> <CoreInst = "RAM">   --->   Core 82 'RAM' <Latency = 1> <II = 1> <Delay = 2.32> <Storage> <Opcode : 'load' 'store'> <Ports = 2> <Width = 16> <Depth = 16> <RAM>
ST_19 : Operation 771 [1/1] (0.00ns)   --->   "%br_ln106 = br void %arrayidx1348.exit" [src/imgds_linear_dense_q16.cpp:106]   --->   Operation 771 'br' 'br_ln106' <Predicate = (trunc_ln1273 == 4)> <Delay = 0.00>
ST_19 : Operation 772 [1/1] (0.00ns)   --->   "%KV_V_3_addr = getelementptr i16 %KV_V_3, i64 0, i64 %zext_ln100" [src/imgds_linear_dense_q16.cpp:100]   --->   Operation 772 'getelementptr' 'KV_V_3_addr' <Predicate = (trunc_ln1273 == 3)> <Delay = 0.00>
ST_19 : Operation 773 [1/1] (2.32ns)   --->   "%store_ln106 = store i16 %trunc_ln9, i4 %KV_V_3_addr" [src/imgds_linear_dense_q16.cpp:106]   --->   Operation 773 'store' 'store_ln106' <Predicate = (trunc_ln1273 == 3)> <Delay = 2.32> <CoreInst = "RAM">   --->   Core 82 'RAM' <Latency = 1> <II = 1> <Delay = 2.32> <Storage> <Opcode : 'load' 'store'> <Ports = 2> <Width = 16> <Depth = 16> <RAM>
ST_19 : Operation 774 [1/1] (0.00ns)   --->   "%br_ln106 = br void %arrayidx1348.exit" [src/imgds_linear_dense_q16.cpp:106]   --->   Operation 774 'br' 'br_ln106' <Predicate = (trunc_ln1273 == 3)> <Delay = 0.00>
ST_19 : Operation 775 [1/1] (0.00ns)   --->   "%KV_V_2_addr = getelementptr i16 %KV_V_2, i64 0, i64 %zext_ln100" [src/imgds_linear_dense_q16.cpp:100]   --->   Operation 775 'getelementptr' 'KV_V_2_addr' <Predicate = (trunc_ln1273 == 2)> <Delay = 0.00>
ST_19 : Operation 776 [1/1] (2.32ns)   --->   "%store_ln106 = store i16 %trunc_ln9, i4 %KV_V_2_addr" [src/imgds_linear_dense_q16.cpp:106]   --->   Operation 776 'store' 'store_ln106' <Predicate = (trunc_ln1273 == 2)> <Delay = 2.32> <CoreInst = "RAM">   --->   Core 82 'RAM' <Latency = 1> <II = 1> <Delay = 2.32> <Storage> <Opcode : 'load' 'store'> <Ports = 2> <Width = 16> <Depth = 16> <RAM>
ST_19 : Operation 777 [1/1] (0.00ns)   --->   "%br_ln106 = br void %arrayidx1348.exit" [src/imgds_linear_dense_q16.cpp:106]   --->   Operation 777 'br' 'br_ln106' <Predicate = (trunc_ln1273 == 2)> <Delay = 0.00>
ST_19 : Operation 778 [1/1] (0.00ns)   --->   "%KV_V_1_addr = getelementptr i16 %KV_V_1, i64 0, i64 %zext_ln100" [src/imgds_linear_dense_q16.cpp:100]   --->   Operation 778 'getelementptr' 'KV_V_1_addr' <Predicate = (trunc_ln1273 == 1)> <Delay = 0.00>
ST_19 : Operation 779 [1/1] (2.32ns)   --->   "%store_ln106 = store i16 %trunc_ln9, i4 %KV_V_1_addr" [src/imgds_linear_dense_q16.cpp:106]   --->   Operation 779 'store' 'store_ln106' <Predicate = (trunc_ln1273 == 1)> <Delay = 2.32> <CoreInst = "RAM">   --->   Core 82 'RAM' <Latency = 1> <II = 1> <Delay = 2.32> <Storage> <Opcode : 'load' 'store'> <Ports = 2> <Width = 16> <Depth = 16> <RAM>
ST_19 : Operation 780 [1/1] (0.00ns)   --->   "%br_ln106 = br void %arrayidx1348.exit" [src/imgds_linear_dense_q16.cpp:106]   --->   Operation 780 'br' 'br_ln106' <Predicate = (trunc_ln1273 == 1)> <Delay = 0.00>
ST_19 : Operation 781 [1/1] (0.00ns)   --->   "%KV_V_addr = getelementptr i16 %KV_V, i64 0, i64 %zext_ln100" [src/imgds_linear_dense_q16.cpp:100]   --->   Operation 781 'getelementptr' 'KV_V_addr' <Predicate = (trunc_ln1273 == 0)> <Delay = 0.00>
ST_19 : Operation 782 [1/1] (2.32ns)   --->   "%store_ln106 = store i16 %trunc_ln9, i4 %KV_V_addr" [src/imgds_linear_dense_q16.cpp:106]   --->   Operation 782 'store' 'store_ln106' <Predicate = (trunc_ln1273 == 0)> <Delay = 2.32> <CoreInst = "RAM">   --->   Core 82 'RAM' <Latency = 1> <II = 1> <Delay = 2.32> <Storage> <Opcode : 'load' 'store'> <Ports = 2> <Width = 16> <Depth = 16> <RAM>
ST_19 : Operation 783 [1/1] (0.00ns)   --->   "%br_ln106 = br void %arrayidx1348.exit" [src/imgds_linear_dense_q16.cpp:106]   --->   Operation 783 'br' 'br_ln106' <Predicate = (trunc_ln1273 == 0)> <Delay = 0.00>
ST_19 : Operation 784 [1/1] (0.00ns)   --->   "%KV_V_15_addr = getelementptr i16 %KV_V_15, i64 0, i64 %zext_ln100" [src/imgds_linear_dense_q16.cpp:100]   --->   Operation 784 'getelementptr' 'KV_V_15_addr' <Predicate = (trunc_ln1273 == 15)> <Delay = 0.00>
ST_19 : Operation 785 [1/1] (2.32ns)   --->   "%store_ln106 = store i16 %trunc_ln9, i4 %KV_V_15_addr" [src/imgds_linear_dense_q16.cpp:106]   --->   Operation 785 'store' 'store_ln106' <Predicate = (trunc_ln1273 == 15)> <Delay = 2.32> <CoreInst = "RAM">   --->   Core 82 'RAM' <Latency = 1> <II = 1> <Delay = 2.32> <Storage> <Opcode : 'load' 'store'> <Ports = 2> <Width = 16> <Depth = 16> <RAM>
ST_19 : Operation 786 [1/1] (0.00ns)   --->   "%br_ln106 = br void %arrayidx1348.exit" [src/imgds_linear_dense_q16.cpp:106]   --->   Operation 786 'br' 'br_ln106' <Predicate = (trunc_ln1273 == 15)> <Delay = 0.00>


============================================================
+ Verbose Summary: Timing violations
============================================================
Target clock period: 10ns, clock uncertainty: 2.7ns.

 <State 1>: 7.21ns
The critical path consists of the following:
	'alloca' operation ('d1') [530]  (0 ns)
	'load' operation ('d1_load', src/imgds_linear_dense_q16.cpp:100) on local variable 'd1' [1056]  (0 ns)
	'add' operation ('add_ln100_1', src/imgds_linear_dense_q16.cpp:100) [1061]  (1.78 ns)
	'select' operation ('select_ln100_1', src/imgds_linear_dense_q16.cpp:100) [1062]  (1.22 ns)
	'mux' operation ('tmp_3') [1068]  (2.06 ns)
	'mul' operation of DSP[1072] ('mul_ln818') [1072]  (2.15 ns)

 <State 2>: 3.11ns
The critical path consists of the following:
	'mux' operation ('tmp_3_1') [1075]  (2.06 ns)
	'mul' operation of DSP[1080] ('mul_ln1347_73') [1079]  (1.05 ns)

 <State 3>: 3.11ns
The critical path consists of the following:
	'mux' operation ('tmp_3_2') [1083]  (2.06 ns)
	'mul' operation of DSP[1088] ('mul_ln1347_74') [1087]  (1.05 ns)

 <State 4>: 3.11ns
The critical path consists of the following:
	'mux' operation ('tmp_3_3') [1091]  (2.06 ns)
	'mul' operation of DSP[1096] ('mul_ln1347_75') [1095]  (1.05 ns)

 <State 5>: 4.2ns
The critical path consists of the following:
	'add' operation of DSP[1080] ('add_ln1347') [1080]  (2.1 ns)
	'add' operation of DSP[1088] ('add_ln1347_1') [1088]  (2.1 ns)

 <State 6>: 4.2ns
The critical path consists of the following:
	'add' operation of DSP[1088] ('add_ln1347_1') [1088]  (2.1 ns)
	'add' operation of DSP[1096] ('add_ln1347_2') [1096]  (2.1 ns)

 <State 7>: 4.2ns
The critical path consists of the following:
	'add' operation of DSP[1096] ('add_ln1347_2') [1096]  (2.1 ns)
	'add' operation of DSP[1104] ('add_ln1347_3') [1104]  (2.1 ns)

 <State 8>: 4.2ns
The critical path consists of the following:
	'add' operation of DSP[1104] ('add_ln1347_3') [1104]  (2.1 ns)
	'add' operation of DSP[1112] ('add_ln1347_4') [1112]  (2.1 ns)

 <State 9>: 4.2ns
The critical path consists of the following:
	'add' operation of DSP[1112] ('add_ln1347_4') [1112]  (2.1 ns)
	'add' operation of DSP[1120] ('add_ln1347_5') [1120]  (2.1 ns)

 <State 10>: 4.2ns
The critical path consists of the following:
	'add' operation of DSP[1120] ('add_ln1347_5') [1120]  (2.1 ns)
	'add' operation of DSP[1128] ('add_ln1347_6') [1128]  (2.1 ns)

 <State 11>: 4.2ns
The critical path consists of the following:
	'add' operation of DSP[1128] ('add_ln1347_6') [1128]  (2.1 ns)
	'add' operation of DSP[1136] ('add_ln1347_7') [1136]  (2.1 ns)

 <State 12>: 4.2ns
The critical path consists of the following:
	'add' operation of DSP[1136] ('add_ln1347_7') [1136]  (2.1 ns)
	'add' operation of DSP[1144] ('add_ln1347_8') [1144]  (2.1 ns)

 <State 13>: 4.2ns
The critical path consists of the following:
	'add' operation of DSP[1144] ('add_ln1347_8') [1144]  (2.1 ns)
	'add' operation of DSP[1152] ('add_ln1347_9') [1152]  (2.1 ns)

 <State 14>: 4.2ns
The critical path consists of the following:
	'add' operation of DSP[1152] ('add_ln1347_9') [1152]  (2.1 ns)
	'add' operation of DSP[1160] ('add_ln1347_10') [1160]  (2.1 ns)

 <State 15>: 4.2ns
The critical path consists of the following:
	'add' operation of DSP[1160] ('add_ln1347_10') [1160]  (2.1 ns)
	'add' operation of DSP[1168] ('add_ln1347_11') [1168]  (2.1 ns)

 <State 16>: 4.2ns
The critical path consists of the following:
	'add' operation of DSP[1168] ('add_ln1347_11') [1168]  (2.1 ns)
	'add' operation of DSP[1176] ('add_ln1347_12') [1176]  (2.1 ns)

 <State 17>: 4.2ns
The critical path consists of the following:
	'add' operation of DSP[1176] ('add_ln1347_12') [1176]  (2.1 ns)
	'add' operation of DSP[1184] ('add_ln1347_13') [1184]  (2.1 ns)

 <State 18>: 4.2ns
The critical path consists of the following:
	'add' operation of DSP[1184] ('add_ln1347_13') [1184]  (2.1 ns)
	'add' operation of DSP[1192] ('add_ln1347_14') [1192]  (2.1 ns)

 <State 19>: 4.42ns
The critical path consists of the following:
	'add' operation of DSP[1192] ('add_ln1347_14') [1192]  (2.1 ns)
	'store' operation ('store_ln106', src/imgds_linear_dense_q16.cpp:106) of variable 'trunc_ln9', src/imgds_linear_dense_q16.cpp:103 on array 'KV_V_14' [1197]  (2.32 ns)


============================================================
+ Verbose Summary: Binding
============================================================
N/A
* FSMD analyzer results:
  - Output states:
 - Input state : 
  - Chain level:
	State 1
	State 2
	State 3
	State 4
	State 5
	State 6
	State 7
	State 8
	State 9
	State 10
	State 11
	State 12
	State 13
	State 14
	State 15
	State 16
	State 17
	State 18
	State 19


============================================================
+ Verbose Summary: Datapath Resource usage 
============================================================
N/A
