

================================================================
== Vitis HLS Report for 'linear_attention_q16_Pipeline_VITIS_LOOP_134_11'
================================================================
* Date:           Tue Jun 30 20:37:43 2026

* Version:        2022.2 (Build 3670227 on Oct 13 2022)
* Project:        imgds_linear_dense_q16
* Solution:       solution1 (Vivado IP Flow Target)
* Product family: zynq
* Target device:  xc7z020-clg400-1


================================================================
== Performance Estimates
================================================================
+ Timing: 
    * Summary: 
    +--------+----------+----------+------------+
    |  Clock |  Target  | Estimated| Uncertainty|
    +--------+----------+----------+------------+
    |ap_clk  |  10.00 ns|  4.250 ns|     2.70 ns|
    +--------+----------+----------+------------+

+ Latency: 
    * Summary: 
    +---------+---------+----------+----------+-----+-----+---------+
    |  Latency (cycles) |  Latency (absolute) |  Interval | Pipeline|
    |   min   |   max   |    min   |    max   | min | max |   Type  |
    +---------+---------+----------+----------+-----+-----+---------+
    |       38|       38|  0.380 us|  0.380 us|   38|   38|       no|
    +---------+---------+----------+----------+-----+-----+---------+

    + Detail: 
        * Instance: 
        N/A

        * Loop: 
        +---------------------+---------+---------+----------+-----------+-----------+------+----------+
        |                     |  Latency (cycles) | Iteration|  Initiation Interval  | Trip |          |
        |      Loop Name      |   min   |   max   |  Latency |  achieved |   target  | Count| Pipelined|
        +---------------------+---------+---------+----------+-----------+-----------+------+----------+
        |- VITIS_LOOP_134_11  |       36|       36|        22|          1|          1|    16|       yes|
        +---------------------+---------+---------+----------+-----------+-----------+------+----------+

============================================================
+ Verbose Summary: Synthesis Manager
============================================================
InlineROM: 1
ExposeGlobal: 0
============================================================
+ Verbose Summary: CDFG Model
============================================================
IsTopModel: 0
ResetActiveHigh: 1
IsCombinational: 0
IsDatapathOnly: 0
HasWiredReturn: 1
HasMFsm: 2
HasVarLatency: 1
IsPipeline: 0
IsRtlPipelined: 0
IsInstanceOverlapped: 0
IsDontTouch: 0
HasImplIP: 0
IsGatedGlobalClock: 0

+ Individual pipeline summary: 
  * Pipeline-0: initiation interval (II) = 1, depth = 22


============================================================
+ Verbose Summary: Schedule
============================================================
* Number of FSM states : 22
* Pipeline : 1
  Pipeline-0 : II = 1, D = 22, States = { 1 2 3 4 5 6 7 8 9 10 11 12 13 14 15 16 17 18 19 20 21 22 }
* Dataflow Pipeline: 0

* FSM state transitions: 
1 --> 2 
2 --> 3 
3 --> 4 
4 --> 5 
5 --> 6 
6 --> 7 
7 --> 8 
8 --> 9 
9 --> 10 
10 --> 11 
11 --> 12 
12 --> 13 
13 --> 14 
14 --> 15 
15 --> 16 
16 --> 17 
17 --> 18 
18 --> 19 
19 --> 20 
20 --> 21 
21 --> 22 
22 --> 

* FSM state operations: 

State 1 <SV = 0> <Delay = 4.21>
ST_1 : Operation 25 [1/1] (0.00ns)   --->   "%d2 = alloca i32 1"   --->   Operation 25 'alloca' 'd2' <Predicate = true> <Delay = 0.00>
ST_1 : Operation 26 [1/1] (0.00ns)   --->   "%attended_V = alloca i32 1"   --->   Operation 26 'alloca' 'attended_V' <Predicate = true> <Delay = 0.00>
ST_1 : Operation 27 [1/1] (0.00ns)   --->   "%attended_V_1 = alloca i32 1"   --->   Operation 27 'alloca' 'attended_V_1' <Predicate = true> <Delay = 0.00>
ST_1 : Operation 28 [1/1] (0.00ns)   --->   "%attended_V_2 = alloca i32 1"   --->   Operation 28 'alloca' 'attended_V_2' <Predicate = true> <Delay = 0.00>
ST_1 : Operation 29 [1/1] (0.00ns)   --->   "%attended_V_3 = alloca i32 1"   --->   Operation 29 'alloca' 'attended_V_3' <Predicate = true> <Delay = 0.00>
ST_1 : Operation 30 [1/1] (0.00ns)   --->   "%attended_V_4 = alloca i32 1"   --->   Operation 30 'alloca' 'attended_V_4' <Predicate = true> <Delay = 0.00>
ST_1 : Operation 31 [1/1] (0.00ns)   --->   "%attended_V_5 = alloca i32 1"   --->   Operation 31 'alloca' 'attended_V_5' <Predicate = true> <Delay = 0.00>
ST_1 : Operation 32 [1/1] (0.00ns)   --->   "%attended_V_6 = alloca i32 1"   --->   Operation 32 'alloca' 'attended_V_6' <Predicate = true> <Delay = 0.00>
ST_1 : Operation 33 [1/1] (0.00ns)   --->   "%attended_V_7 = alloca i32 1"   --->   Operation 33 'alloca' 'attended_V_7' <Predicate = true> <Delay = 0.00>
ST_1 : Operation 34 [1/1] (0.00ns)   --->   "%attended_V_8 = alloca i32 1"   --->   Operation 34 'alloca' 'attended_V_8' <Predicate = true> <Delay = 0.00>
ST_1 : Operation 35 [1/1] (0.00ns)   --->   "%attended_V_9 = alloca i32 1"   --->   Operation 35 'alloca' 'attended_V_9' <Predicate = true> <Delay = 0.00>
ST_1 : Operation 36 [1/1] (0.00ns)   --->   "%attended_V_10 = alloca i32 1"   --->   Operation 36 'alloca' 'attended_V_10' <Predicate = true> <Delay = 0.00>
ST_1 : Operation 37 [1/1] (0.00ns)   --->   "%attended_V_11 = alloca i32 1"   --->   Operation 37 'alloca' 'attended_V_11' <Predicate = true> <Delay = 0.00>
ST_1 : Operation 38 [1/1] (0.00ns)   --->   "%attended_V_12 = alloca i32 1"   --->   Operation 38 'alloca' 'attended_V_12' <Predicate = true> <Delay = 0.00>
ST_1 : Operation 39 [1/1] (0.00ns)   --->   "%attended_V_13 = alloca i32 1"   --->   Operation 39 'alloca' 'attended_V_13' <Predicate = true> <Delay = 0.00>
ST_1 : Operation 40 [1/1] (0.00ns)   --->   "%attended_V_14 = alloca i32 1"   --->   Operation 40 'alloca' 'attended_V_14' <Predicate = true> <Delay = 0.00>
ST_1 : Operation 41 [1/1] (0.00ns)   --->   "%attended_V_15 = alloca i32 1"   --->   Operation 41 'alloca' 'attended_V_15' <Predicate = true> <Delay = 0.00>
ST_1 : Operation 42 [1/1] (0.00ns)   --->   "%sext_ln1270_80_read = read i16 @_ssdm_op_Read.ap_auto.i16, i16 %sext_ln1270_80"   --->   Operation 42 'read' 'sext_ln1270_80_read' <Predicate = true> <Delay = 0.00>
ST_1 : Operation 43 [1/1] (0.00ns)   --->   "%sext_ln1347_66_read = read i16 @_ssdm_op_Read.ap_auto.i16, i16 %sext_ln1347_66"   --->   Operation 43 'read' 'sext_ln1347_66_read' <Predicate = true> <Delay = 0.00>
ST_1 : Operation 44 [1/1] (0.00ns)   --->   "%KV_V_15_load_15_read = read i16 @_ssdm_op_Read.ap_auto.i16, i16 %KV_V_15_load_15"   --->   Operation 44 'read' 'KV_V_15_load_15_read' <Predicate = true> <Delay = 0.00>
ST_1 : Operation 45 [1/1] (0.00ns)   --->   "%KV_V_14_load_15_read = read i16 @_ssdm_op_Read.ap_auto.i16, i16 %KV_V_14_load_15"   --->   Operation 45 'read' 'KV_V_14_load_15_read' <Predicate = true> <Delay = 0.00>
ST_1 : Operation 46 [1/1] (0.00ns)   --->   "%KV_V_13_load_15_read = read i16 @_ssdm_op_Read.ap_auto.i16, i16 %KV_V_13_load_15"   --->   Operation 46 'read' 'KV_V_13_load_15_read' <Predicate = true> <Delay = 0.00>
ST_1 : Operation 47 [1/1] (0.00ns)   --->   "%KV_V_12_load_15_read = read i16 @_ssdm_op_Read.ap_auto.i16, i16 %KV_V_12_load_15"   --->   Operation 47 'read' 'KV_V_12_load_15_read' <Predicate = true> <Delay = 0.00>
ST_1 : Operation 48 [1/1] (0.00ns)   --->   "%KV_V_11_load_15_read = read i16 @_ssdm_op_Read.ap_auto.i16, i16 %KV_V_11_load_15"   --->   Operation 48 'read' 'KV_V_11_load_15_read' <Predicate = true> <Delay = 0.00>
ST_1 : Operation 49 [1/1] (0.00ns)   --->   "%KV_V_10_load_15_read = read i16 @_ssdm_op_Read.ap_auto.i16, i16 %KV_V_10_load_15"   --->   Operation 49 'read' 'KV_V_10_load_15_read' <Predicate = true> <Delay = 0.00>
ST_1 : Operation 50 [1/1] (0.00ns)   --->   "%KV_V_9_load_15_read = read i16 @_ssdm_op_Read.ap_auto.i16, i16 %KV_V_9_load_15"   --->   Operation 50 'read' 'KV_V_9_load_15_read' <Predicate = true> <Delay = 0.00>
ST_1 : Operation 51 [1/1] (0.00ns)   --->   "%KV_V_8_load_15_read = read i16 @_ssdm_op_Read.ap_auto.i16, i16 %KV_V_8_load_15"   --->   Operation 51 'read' 'KV_V_8_load_15_read' <Predicate = true> <Delay = 0.00>
ST_1 : Operation 52 [1/1] (0.00ns)   --->   "%KV_V_7_load_15_read = read i16 @_ssdm_op_Read.ap_auto.i16, i16 %KV_V_7_load_15"   --->   Operation 52 'read' 'KV_V_7_load_15_read' <Predicate = true> <Delay = 0.00>
ST_1 : Operation 53 [1/1] (0.00ns)   --->   "%KV_V_6_load_15_read = read i16 @_ssdm_op_Read.ap_auto.i16, i16 %KV_V_6_load_15"   --->   Operation 53 'read' 'KV_V_6_load_15_read' <Predicate = true> <Delay = 0.00>
ST_1 : Operation 54 [1/1] (0.00ns)   --->   "%KV_V_5_load_15_read = read i16 @_ssdm_op_Read.ap_auto.i16, i16 %KV_V_5_load_15"   --->   Operation 54 'read' 'KV_V_5_load_15_read' <Predicate = true> <Delay = 0.00>
ST_1 : Operation 55 [1/1] (0.00ns)   --->   "%KV_V_4_load_15_read = read i16 @_ssdm_op_Read.ap_auto.i16, i16 %KV_V_4_load_15"   --->   Operation 55 'read' 'KV_V_4_load_15_read' <Predicate = true> <Delay = 0.00>
ST_1 : Operation 56 [1/1] (0.00ns)   --->   "%KV_V_3_load_15_read = read i16 @_ssdm_op_Read.ap_auto.i16, i16 %KV_V_3_load_15"   --->   Operation 56 'read' 'KV_V_3_load_15_read' <Predicate = true> <Delay = 0.00>
ST_1 : Operation 57 [1/1] (0.00ns)   --->   "%KV_V_2_load_15_read = read i16 @_ssdm_op_Read.ap_auto.i16, i16 %KV_V_2_load_15"   --->   Operation 57 'read' 'KV_V_2_load_15_read' <Predicate = true> <Delay = 0.00>
ST_1 : Operation 58 [1/1] (0.00ns)   --->   "%KV_V_1_load_15_read = read i16 @_ssdm_op_Read.ap_auto.i16, i16 %KV_V_1_load_15"   --->   Operation 58 'read' 'KV_V_1_load_15_read' <Predicate = true> <Delay = 0.00>
ST_1 : Operation 59 [1/1] (0.00ns)   --->   "%KV_V_load_15_read = read i16 @_ssdm_op_Read.ap_auto.i16, i16 %KV_V_load_15"   --->   Operation 59 'read' 'KV_V_load_15_read' <Predicate = true> <Delay = 0.00>
ST_1 : Operation 60 [1/1] (0.00ns)   --->   "%sext_ln1347_65_read = read i16 @_ssdm_op_Read.ap_auto.i16, i16 %sext_ln1347_65"   --->   Operation 60 'read' 'sext_ln1347_65_read' <Predicate = true> <Delay = 0.00>
ST_1 : Operation 61 [1/1] (0.00ns)   --->   "%KV_V_15_load_14_read = read i16 @_ssdm_op_Read.ap_auto.i16, i16 %KV_V_15_load_14"   --->   Operation 61 'read' 'KV_V_15_load_14_read' <Predicate = true> <Delay = 0.00>
ST_1 : Operation 62 [1/1] (0.00ns)   --->   "%KV_V_14_load_14_read = read i16 @_ssdm_op_Read.ap_auto.i16, i16 %KV_V_14_load_14"   --->   Operation 62 'read' 'KV_V_14_load_14_read' <Predicate = true> <Delay = 0.00>
ST_1 : Operation 63 [1/1] (0.00ns)   --->   "%KV_V_13_load_14_read = read i16 @_ssdm_op_Read.ap_auto.i16, i16 %KV_V_13_load_14"   --->   Operation 63 'read' 'KV_V_13_load_14_read' <Predicate = true> <Delay = 0.00>
ST_1 : Operation 64 [1/1] (0.00ns)   --->   "%KV_V_12_load_14_read = read i16 @_ssdm_op_Read.ap_auto.i16, i16 %KV_V_12_load_14"   --->   Operation 64 'read' 'KV_V_12_load_14_read' <Predicate = true> <Delay = 0.00>
ST_1 : Operation 65 [1/1] (0.00ns)   --->   "%KV_V_11_load_14_read = read i16 @_ssdm_op_Read.ap_auto.i16, i16 %KV_V_11_load_14"   --->   Operation 65 'read' 'KV_V_11_load_14_read' <Predicate = true> <Delay = 0.00>
ST_1 : Operation 66 [1/1] (0.00ns)   --->   "%KV_V_10_load_14_read = read i16 @_ssdm_op_Read.ap_auto.i16, i16 %KV_V_10_load_14"   --->   Operation 66 'read' 'KV_V_10_load_14_read' <Predicate = true> <Delay = 0.00>
ST_1 : Operation 67 [1/1] (0.00ns)   --->   "%KV_V_9_load_14_read = read i16 @_ssdm_op_Read.ap_auto.i16, i16 %KV_V_9_load_14"   --->   Operation 67 'read' 'KV_V_9_load_14_read' <Predicate = true> <Delay = 0.00>
ST_1 : Operation 68 [1/1] (0.00ns)   --->   "%KV_V_8_load_14_read = read i16 @_ssdm_op_Read.ap_auto.i16, i16 %KV_V_8_load_14"   --->   Operation 68 'read' 'KV_V_8_load_14_read' <Predicate = true> <Delay = 0.00>
ST_1 : Operation 69 [1/1] (0.00ns)   --->   "%KV_V_7_load_14_read = read i16 @_ssdm_op_Read.ap_auto.i16, i16 %KV_V_7_load_14"   --->   Operation 69 'read' 'KV_V_7_load_14_read' <Predicate = true> <Delay = 0.00>
ST_1 : Operation 70 [1/1] (0.00ns)   --->   "%KV_V_6_load_14_read = read i16 @_ssdm_op_Read.ap_auto.i16, i16 %KV_V_6_load_14"   --->   Operation 70 'read' 'KV_V_6_load_14_read' <Predicate = true> <Delay = 0.00>
ST_1 : Operation 71 [1/1] (0.00ns)   --->   "%KV_V_5_load_14_read = read i16 @_ssdm_op_Read.ap_auto.i16, i16 %KV_V_5_load_14"   --->   Operation 71 'read' 'KV_V_5_load_14_read' <Predicate = true> <Delay = 0.00>
ST_1 : Operation 72 [1/1] (0.00ns)   --->   "%KV_V_4_load_14_read = read i16 @_ssdm_op_Read.ap_auto.i16, i16 %KV_V_4_load_14"   --->   Operation 72 'read' 'KV_V_4_load_14_read' <Predicate = true> <Delay = 0.00>
ST_1 : Operation 73 [1/1] (0.00ns)   --->   "%KV_V_3_load_14_read = read i16 @_ssdm_op_Read.ap_auto.i16, i16 %KV_V_3_load_14"   --->   Operation 73 'read' 'KV_V_3_load_14_read' <Predicate = true> <Delay = 0.00>
ST_1 : Operation 74 [1/1] (0.00ns)   --->   "%KV_V_2_load_14_read = read i16 @_ssdm_op_Read.ap_auto.i16, i16 %KV_V_2_load_14"   --->   Operation 74 'read' 'KV_V_2_load_14_read' <Predicate = true> <Delay = 0.00>
ST_1 : Operation 75 [1/1] (0.00ns)   --->   "%KV_V_1_load_14_read = read i16 @_ssdm_op_Read.ap_auto.i16, i16 %KV_V_1_load_14"   --->   Operation 75 'read' 'KV_V_1_load_14_read' <Predicate = true> <Delay = 0.00>
ST_1 : Operation 76 [1/1] (0.00ns)   --->   "%KV_V_load_14_read = read i16 @_ssdm_op_Read.ap_auto.i16, i16 %KV_V_load_14"   --->   Operation 76 'read' 'KV_V_load_14_read' <Predicate = true> <Delay = 0.00>
ST_1 : Operation 77 [1/1] (0.00ns)   --->   "%sext_ln1347_64_read = read i16 @_ssdm_op_Read.ap_auto.i16, i16 %sext_ln1347_64"   --->   Operation 77 'read' 'sext_ln1347_64_read' <Predicate = true> <Delay = 0.00>
ST_1 : Operation 78 [1/1] (0.00ns)   --->   "%KV_V_15_load_13_read = read i16 @_ssdm_op_Read.ap_auto.i16, i16 %KV_V_15_load_13"   --->   Operation 78 'read' 'KV_V_15_load_13_read' <Predicate = true> <Delay = 0.00>
ST_1 : Operation 79 [1/1] (0.00ns)   --->   "%KV_V_14_load_13_read = read i16 @_ssdm_op_Read.ap_auto.i16, i16 %KV_V_14_load_13"   --->   Operation 79 'read' 'KV_V_14_load_13_read' <Predicate = true> <Delay = 0.00>
ST_1 : Operation 80 [1/1] (0.00ns)   --->   "%KV_V_13_load_13_read = read i16 @_ssdm_op_Read.ap_auto.i16, i16 %KV_V_13_load_13"   --->   Operation 80 'read' 'KV_V_13_load_13_read' <Predicate = true> <Delay = 0.00>
ST_1 : Operation 81 [1/1] (0.00ns)   --->   "%KV_V_12_load_13_read = read i16 @_ssdm_op_Read.ap_auto.i16, i16 %KV_V_12_load_13"   --->   Operation 81 'read' 'KV_V_12_load_13_read' <Predicate = true> <Delay = 0.00>
ST_1 : Operation 82 [1/1] (0.00ns)   --->   "%KV_V_11_load_13_read = read i16 @_ssdm_op_Read.ap_auto.i16, i16 %KV_V_11_load_13"   --->   Operation 82 'read' 'KV_V_11_load_13_read' <Predicate = true> <Delay = 0.00>
ST_1 : Operation 83 [1/1] (0.00ns)   --->   "%KV_V_10_load_13_read = read i16 @_ssdm_op_Read.ap_auto.i16, i16 %KV_V_10_load_13"   --->   Operation 83 'read' 'KV_V_10_load_13_read' <Predicate = true> <Delay = 0.00>
ST_1 : Operation 84 [1/1] (0.00ns)   --->   "%KV_V_9_load_13_read = read i16 @_ssdm_op_Read.ap_auto.i16, i16 %KV_V_9_load_13"   --->   Operation 84 'read' 'KV_V_9_load_13_read' <Predicate = true> <Delay = 0.00>
ST_1 : Operation 85 [1/1] (0.00ns)   --->   "%KV_V_8_load_13_read = read i16 @_ssdm_op_Read.ap_auto.i16, i16 %KV_V_8_load_13"   --->   Operation 85 'read' 'KV_V_8_load_13_read' <Predicate = true> <Delay = 0.00>
ST_1 : Operation 86 [1/1] (0.00ns)   --->   "%KV_V_7_load_13_read = read i16 @_ssdm_op_Read.ap_auto.i16, i16 %KV_V_7_load_13"   --->   Operation 86 'read' 'KV_V_7_load_13_read' <Predicate = true> <Delay = 0.00>
ST_1 : Operation 87 [1/1] (0.00ns)   --->   "%KV_V_6_load_13_read = read i16 @_ssdm_op_Read.ap_auto.i16, i16 %KV_V_6_load_13"   --->   Operation 87 'read' 'KV_V_6_load_13_read' <Predicate = true> <Delay = 0.00>
ST_1 : Operation 88 [1/1] (0.00ns)   --->   "%KV_V_5_load_13_read = read i16 @_ssdm_op_Read.ap_auto.i16, i16 %KV_V_5_load_13"   --->   Operation 88 'read' 'KV_V_5_load_13_read' <Predicate = true> <Delay = 0.00>
ST_1 : Operation 89 [1/1] (0.00ns)   --->   "%KV_V_4_load_13_read = read i16 @_ssdm_op_Read.ap_auto.i16, i16 %KV_V_4_load_13"   --->   Operation 89 'read' 'KV_V_4_load_13_read' <Predicate = true> <Delay = 0.00>
ST_1 : Operation 90 [1/1] (0.00ns)   --->   "%KV_V_3_load_13_read = read i16 @_ssdm_op_Read.ap_auto.i16, i16 %KV_V_3_load_13"   --->   Operation 90 'read' 'KV_V_3_load_13_read' <Predicate = true> <Delay = 0.00>
ST_1 : Operation 91 [1/1] (0.00ns)   --->   "%KV_V_2_load_13_read = read i16 @_ssdm_op_Read.ap_auto.i16, i16 %KV_V_2_load_13"   --->   Operation 91 'read' 'KV_V_2_load_13_read' <Predicate = true> <Delay = 0.00>
ST_1 : Operation 92 [1/1] (0.00ns)   --->   "%KV_V_1_load_13_read = read i16 @_ssdm_op_Read.ap_auto.i16, i16 %KV_V_1_load_13"   --->   Operation 92 'read' 'KV_V_1_load_13_read' <Predicate = true> <Delay = 0.00>
ST_1 : Operation 93 [1/1] (0.00ns)   --->   "%KV_V_load_13_read = read i16 @_ssdm_op_Read.ap_auto.i16, i16 %KV_V_load_13"   --->   Operation 93 'read' 'KV_V_load_13_read' <Predicate = true> <Delay = 0.00>
ST_1 : Operation 94 [1/1] (0.00ns)   --->   "%sext_ln1347_63_read = read i16 @_ssdm_op_Read.ap_auto.i16, i16 %sext_ln1347_63"   --->   Operation 94 'read' 'sext_ln1347_63_read' <Predicate = true> <Delay = 0.00>
ST_1 : Operation 95 [1/1] (0.00ns)   --->   "%KV_V_15_load_12_read = read i16 @_ssdm_op_Read.ap_auto.i16, i16 %KV_V_15_load_12"   --->   Operation 95 'read' 'KV_V_15_load_12_read' <Predicate = true> <Delay = 0.00>
ST_1 : Operation 96 [1/1] (0.00ns)   --->   "%KV_V_14_load_12_read = read i16 @_ssdm_op_Read.ap_auto.i16, i16 %KV_V_14_load_12"   --->   Operation 96 'read' 'KV_V_14_load_12_read' <Predicate = true> <Delay = 0.00>
ST_1 : Operation 97 [1/1] (0.00ns)   --->   "%KV_V_13_load_12_read = read i16 @_ssdm_op_Read.ap_auto.i16, i16 %KV_V_13_load_12"   --->   Operation 97 'read' 'KV_V_13_load_12_read' <Predicate = true> <Delay = 0.00>
ST_1 : Operation 98 [1/1] (0.00ns)   --->   "%KV_V_12_load_12_read = read i16 @_ssdm_op_Read.ap_auto.i16, i16 %KV_V_12_load_12"   --->   Operation 98 'read' 'KV_V_12_load_12_read' <Predicate = true> <Delay = 0.00>
ST_1 : Operation 99 [1/1] (0.00ns)   --->   "%KV_V_11_load_12_read = read i16 @_ssdm_op_Read.ap_auto.i16, i16 %KV_V_11_load_12"   --->   Operation 99 'read' 'KV_V_11_load_12_read' <Predicate = true> <Delay = 0.00>
ST_1 : Operation 100 [1/1] (0.00ns)   --->   "%KV_V_10_load_12_read = read i16 @_ssdm_op_Read.ap_auto.i16, i16 %KV_V_10_load_12"   --->   Operation 100 'read' 'KV_V_10_load_12_read' <Predicate = true> <Delay = 0.00>
ST_1 : Operation 101 [1/1] (0.00ns)   --->   "%KV_V_9_load_12_read = read i16 @_ssdm_op_Read.ap_auto.i16, i16 %KV_V_9_load_12"   --->   Operation 101 'read' 'KV_V_9_load_12_read' <Predicate = true> <Delay = 0.00>
ST_1 : Operation 102 [1/1] (0.00ns)   --->   "%KV_V_8_load_12_read = read i16 @_ssdm_op_Read.ap_auto.i16, i16 %KV_V_8_load_12"   --->   Operation 102 'read' 'KV_V_8_load_12_read' <Predicate = true> <Delay = 0.00>
ST_1 : Operation 103 [1/1] (0.00ns)   --->   "%KV_V_7_load_12_read = read i16 @_ssdm_op_Read.ap_auto.i16, i16 %KV_V_7_load_12"   --->   Operation 103 'read' 'KV_V_7_load_12_read' <Predicate = true> <Delay = 0.00>
ST_1 : Operation 104 [1/1] (0.00ns)   --->   "%KV_V_6_load_12_read = read i16 @_ssdm_op_Read.ap_auto.i16, i16 %KV_V_6_load_12"   --->   Operation 104 'read' 'KV_V_6_load_12_read' <Predicate = true> <Delay = 0.00>
ST_1 : Operation 105 [1/1] (0.00ns)   --->   "%KV_V_5_load_12_read = read i16 @_ssdm_op_Read.ap_auto.i16, i16 %KV_V_5_load_12"   --->   Operation 105 'read' 'KV_V_5_load_12_read' <Predicate = true> <Delay = 0.00>
ST_1 : Operation 106 [1/1] (0.00ns)   --->   "%KV_V_4_load_12_read = read i16 @_ssdm_op_Read.ap_auto.i16, i16 %KV_V_4_load_12"   --->   Operation 106 'read' 'KV_V_4_load_12_read' <Predicate = true> <Delay = 0.00>
ST_1 : Operation 107 [1/1] (0.00ns)   --->   "%KV_V_3_load_12_read = read i16 @_ssdm_op_Read.ap_auto.i16, i16 %KV_V_3_load_12"   --->   Operation 107 'read' 'KV_V_3_load_12_read' <Predicate = true> <Delay = 0.00>
ST_1 : Operation 108 [1/1] (0.00ns)   --->   "%KV_V_2_load_12_read = read i16 @_ssdm_op_Read.ap_auto.i16, i16 %KV_V_2_load_12"   --->   Operation 108 'read' 'KV_V_2_load_12_read' <Predicate = true> <Delay = 0.00>
ST_1 : Operation 109 [1/1] (0.00ns)   --->   "%KV_V_1_load_12_read = read i16 @_ssdm_op_Read.ap_auto.i16, i16 %KV_V_1_load_12"   --->   Operation 109 'read' 'KV_V_1_load_12_read' <Predicate = true> <Delay = 0.00>
ST_1 : Operation 110 [1/1] (0.00ns)   --->   "%KV_V_load_12_read = read i16 @_ssdm_op_Read.ap_auto.i16, i16 %KV_V_load_12"   --->   Operation 110 'read' 'KV_V_load_12_read' <Predicate = true> <Delay = 0.00>
ST_1 : Operation 111 [1/1] (0.00ns)   --->   "%sext_ln1347_62_read = read i16 @_ssdm_op_Read.ap_auto.i16, i16 %sext_ln1347_62"   --->   Operation 111 'read' 'sext_ln1347_62_read' <Predicate = true> <Delay = 0.00>
ST_1 : Operation 112 [1/1] (0.00ns)   --->   "%KV_V_15_load_11_read = read i16 @_ssdm_op_Read.ap_auto.i16, i16 %KV_V_15_load_11"   --->   Operation 112 'read' 'KV_V_15_load_11_read' <Predicate = true> <Delay = 0.00>
ST_1 : Operation 113 [1/1] (0.00ns)   --->   "%KV_V_14_load_11_read = read i16 @_ssdm_op_Read.ap_auto.i16, i16 %KV_V_14_load_11"   --->   Operation 113 'read' 'KV_V_14_load_11_read' <Predicate = true> <Delay = 0.00>
ST_1 : Operation 114 [1/1] (0.00ns)   --->   "%KV_V_13_load_11_read = read i16 @_ssdm_op_Read.ap_auto.i16, i16 %KV_V_13_load_11"   --->   Operation 114 'read' 'KV_V_13_load_11_read' <Predicate = true> <Delay = 0.00>
ST_1 : Operation 115 [1/1] (0.00ns)   --->   "%KV_V_12_load_11_read = read i16 @_ssdm_op_Read.ap_auto.i16, i16 %KV_V_12_load_11"   --->   Operation 115 'read' 'KV_V_12_load_11_read' <Predicate = true> <Delay = 0.00>
ST_1 : Operation 116 [1/1] (0.00ns)   --->   "%KV_V_11_load_11_read = read i16 @_ssdm_op_Read.ap_auto.i16, i16 %KV_V_11_load_11"   --->   Operation 116 'read' 'KV_V_11_load_11_read' <Predicate = true> <Delay = 0.00>
ST_1 : Operation 117 [1/1] (0.00ns)   --->   "%KV_V_10_load_11_read = read i16 @_ssdm_op_Read.ap_auto.i16, i16 %KV_V_10_load_11"   --->   Operation 117 'read' 'KV_V_10_load_11_read' <Predicate = true> <Delay = 0.00>
ST_1 : Operation 118 [1/1] (0.00ns)   --->   "%KV_V_9_load_11_read = read i16 @_ssdm_op_Read.ap_auto.i16, i16 %KV_V_9_load_11"   --->   Operation 118 'read' 'KV_V_9_load_11_read' <Predicate = true> <Delay = 0.00>
ST_1 : Operation 119 [1/1] (0.00ns)   --->   "%KV_V_8_load_11_read = read i16 @_ssdm_op_Read.ap_auto.i16, i16 %KV_V_8_load_11"   --->   Operation 119 'read' 'KV_V_8_load_11_read' <Predicate = true> <Delay = 0.00>
ST_1 : Operation 120 [1/1] (0.00ns)   --->   "%KV_V_7_load_11_read = read i16 @_ssdm_op_Read.ap_auto.i16, i16 %KV_V_7_load_11"   --->   Operation 120 'read' 'KV_V_7_load_11_read' <Predicate = true> <Delay = 0.00>
ST_1 : Operation 121 [1/1] (0.00ns)   --->   "%KV_V_6_load_11_read = read i16 @_ssdm_op_Read.ap_auto.i16, i16 %KV_V_6_load_11"   --->   Operation 121 'read' 'KV_V_6_load_11_read' <Predicate = true> <Delay = 0.00>
ST_1 : Operation 122 [1/1] (0.00ns)   --->   "%KV_V_5_load_11_read = read i16 @_ssdm_op_Read.ap_auto.i16, i16 %KV_V_5_load_11"   --->   Operation 122 'read' 'KV_V_5_load_11_read' <Predicate = true> <Delay = 0.00>
ST_1 : Operation 123 [1/1] (0.00ns)   --->   "%KV_V_4_load_11_read = read i16 @_ssdm_op_Read.ap_auto.i16, i16 %KV_V_4_load_11"   --->   Operation 123 'read' 'KV_V_4_load_11_read' <Predicate = true> <Delay = 0.00>
ST_1 : Operation 124 [1/1] (0.00ns)   --->   "%KV_V_3_load_11_read = read i16 @_ssdm_op_Read.ap_auto.i16, i16 %KV_V_3_load_11"   --->   Operation 124 'read' 'KV_V_3_load_11_read' <Predicate = true> <Delay = 0.00>
ST_1 : Operation 125 [1/1] (0.00ns)   --->   "%KV_V_2_load_11_read = read i16 @_ssdm_op_Read.ap_auto.i16, i16 %KV_V_2_load_11"   --->   Operation 125 'read' 'KV_V_2_load_11_read' <Predicate = true> <Delay = 0.00>
ST_1 : Operation 126 [1/1] (0.00ns)   --->   "%KV_V_1_load_11_read = read i16 @_ssdm_op_Read.ap_auto.i16, i16 %KV_V_1_load_11"   --->   Operation 126 'read' 'KV_V_1_load_11_read' <Predicate = true> <Delay = 0.00>
ST_1 : Operation 127 [1/1] (0.00ns)   --->   "%KV_V_load_11_read = read i16 @_ssdm_op_Read.ap_auto.i16, i16 %KV_V_load_11"   --->   Operation 127 'read' 'KV_V_load_11_read' <Predicate = true> <Delay = 0.00>
ST_1 : Operation 128 [1/1] (0.00ns)   --->   "%sext_ln1347_61_read = read i16 @_ssdm_op_Read.ap_auto.i16, i16 %sext_ln1347_61"   --->   Operation 128 'read' 'sext_ln1347_61_read' <Predicate = true> <Delay = 0.00>
ST_1 : Operation 129 [1/1] (0.00ns)   --->   "%KV_V_15_load_10_read = read i16 @_ssdm_op_Read.ap_auto.i16, i16 %KV_V_15_load_10"   --->   Operation 129 'read' 'KV_V_15_load_10_read' <Predicate = true> <Delay = 0.00>
ST_1 : Operation 130 [1/1] (0.00ns)   --->   "%KV_V_14_load_10_read = read i16 @_ssdm_op_Read.ap_auto.i16, i16 %KV_V_14_load_10"   --->   Operation 130 'read' 'KV_V_14_load_10_read' <Predicate = true> <Delay = 0.00>
ST_1 : Operation 131 [1/1] (0.00ns)   --->   "%KV_V_13_load_10_read = read i16 @_ssdm_op_Read.ap_auto.i16, i16 %KV_V_13_load_10"   --->   Operation 131 'read' 'KV_V_13_load_10_read' <Predicate = true> <Delay = 0.00>
ST_1 : Operation 132 [1/1] (0.00ns)   --->   "%KV_V_12_load_10_read = read i16 @_ssdm_op_Read.ap_auto.i16, i16 %KV_V_12_load_10"   --->   Operation 132 'read' 'KV_V_12_load_10_read' <Predicate = true> <Delay = 0.00>
ST_1 : Operation 133 [1/1] (0.00ns)   --->   "%KV_V_11_load_10_read = read i16 @_ssdm_op_Read.ap_auto.i16, i16 %KV_V_11_load_10"   --->   Operation 133 'read' 'KV_V_11_load_10_read' <Predicate = true> <Delay = 0.00>
ST_1 : Operation 134 [1/1] (0.00ns)   --->   "%KV_V_10_load_10_read = read i16 @_ssdm_op_Read.ap_auto.i16, i16 %KV_V_10_load_10"   --->   Operation 134 'read' 'KV_V_10_load_10_read' <Predicate = true> <Delay = 0.00>
ST_1 : Operation 135 [1/1] (0.00ns)   --->   "%KV_V_9_load_10_read = read i16 @_ssdm_op_Read.ap_auto.i16, i16 %KV_V_9_load_10"   --->   Operation 135 'read' 'KV_V_9_load_10_read' <Predicate = true> <Delay = 0.00>
ST_1 : Operation 136 [1/1] (0.00ns)   --->   "%KV_V_8_load_10_read = read i16 @_ssdm_op_Read.ap_auto.i16, i16 %KV_V_8_load_10"   --->   Operation 136 'read' 'KV_V_8_load_10_read' <Predicate = true> <Delay = 0.00>
ST_1 : Operation 137 [1/1] (0.00ns)   --->   "%KV_V_7_load_10_read = read i16 @_ssdm_op_Read.ap_auto.i16, i16 %KV_V_7_load_10"   --->   Operation 137 'read' 'KV_V_7_load_10_read' <Predicate = true> <Delay = 0.00>
ST_1 : Operation 138 [1/1] (0.00ns)   --->   "%KV_V_6_load_10_read = read i16 @_ssdm_op_Read.ap_auto.i16, i16 %KV_V_6_load_10"   --->   Operation 138 'read' 'KV_V_6_load_10_read' <Predicate = true> <Delay = 0.00>
ST_1 : Operation 139 [1/1] (0.00ns)   --->   "%KV_V_5_load_10_read = read i16 @_ssdm_op_Read.ap_auto.i16, i16 %KV_V_5_load_10"   --->   Operation 139 'read' 'KV_V_5_load_10_read' <Predicate = true> <Delay = 0.00>
ST_1 : Operation 140 [1/1] (0.00ns)   --->   "%KV_V_4_load_10_read = read i16 @_ssdm_op_Read.ap_auto.i16, i16 %KV_V_4_load_10"   --->   Operation 140 'read' 'KV_V_4_load_10_read' <Predicate = true> <Delay = 0.00>
ST_1 : Operation 141 [1/1] (0.00ns)   --->   "%KV_V_3_load_10_read = read i16 @_ssdm_op_Read.ap_auto.i16, i16 %KV_V_3_load_10"   --->   Operation 141 'read' 'KV_V_3_load_10_read' <Predicate = true> <Delay = 0.00>
ST_1 : Operation 142 [1/1] (0.00ns)   --->   "%KV_V_2_load_10_read = read i16 @_ssdm_op_Read.ap_auto.i16, i16 %KV_V_2_load_10"   --->   Operation 142 'read' 'KV_V_2_load_10_read' <Predicate = true> <Delay = 0.00>
ST_1 : Operation 143 [1/1] (0.00ns)   --->   "%KV_V_1_load_10_read = read i16 @_ssdm_op_Read.ap_auto.i16, i16 %KV_V_1_load_10"   --->   Operation 143 'read' 'KV_V_1_load_10_read' <Predicate = true> <Delay = 0.00>
ST_1 : Operation 144 [1/1] (0.00ns)   --->   "%KV_V_load_10_read = read i16 @_ssdm_op_Read.ap_auto.i16, i16 %KV_V_load_10"   --->   Operation 144 'read' 'KV_V_load_10_read' <Predicate = true> <Delay = 0.00>
ST_1 : Operation 145 [1/1] (0.00ns)   --->   "%sext_ln1347_60_read = read i16 @_ssdm_op_Read.ap_auto.i16, i16 %sext_ln1347_60"   --->   Operation 145 'read' 'sext_ln1347_60_read' <Predicate = true> <Delay = 0.00>
ST_1 : Operation 146 [1/1] (0.00ns)   --->   "%KV_V_15_load_9_read = read i16 @_ssdm_op_Read.ap_auto.i16, i16 %KV_V_15_load_9"   --->   Operation 146 'read' 'KV_V_15_load_9_read' <Predicate = true> <Delay = 0.00>
ST_1 : Operation 147 [1/1] (0.00ns)   --->   "%KV_V_14_load_9_read = read i16 @_ssdm_op_Read.ap_auto.i16, i16 %KV_V_14_load_9"   --->   Operation 147 'read' 'KV_V_14_load_9_read' <Predicate = true> <Delay = 0.00>
ST_1 : Operation 148 [1/1] (0.00ns)   --->   "%KV_V_13_load_9_read = read i16 @_ssdm_op_Read.ap_auto.i16, i16 %KV_V_13_load_9"   --->   Operation 148 'read' 'KV_V_13_load_9_read' <Predicate = true> <Delay = 0.00>
ST_1 : Operation 149 [1/1] (0.00ns)   --->   "%KV_V_12_load_9_read = read i16 @_ssdm_op_Read.ap_auto.i16, i16 %KV_V_12_load_9"   --->   Operation 149 'read' 'KV_V_12_load_9_read' <Predicate = true> <Delay = 0.00>
ST_1 : Operation 150 [1/1] (0.00ns)   --->   "%KV_V_11_load_9_read = read i16 @_ssdm_op_Read.ap_auto.i16, i16 %KV_V_11_load_9"   --->   Operation 150 'read' 'KV_V_11_load_9_read' <Predicate = true> <Delay = 0.00>
ST_1 : Operation 151 [1/1] (0.00ns)   --->   "%KV_V_10_load_9_read = read i16 @_ssdm_op_Read.ap_auto.i16, i16 %KV_V_10_load_9"   --->   Operation 151 'read' 'KV_V_10_load_9_read' <Predicate = true> <Delay = 0.00>
ST_1 : Operation 152 [1/1] (0.00ns)   --->   "%KV_V_9_load_9_read = read i16 @_ssdm_op_Read.ap_auto.i16, i16 %KV_V_9_load_9"   --->   Operation 152 'read' 'KV_V_9_load_9_read' <Predicate = true> <Delay = 0.00>
ST_1 : Operation 153 [1/1] (0.00ns)   --->   "%KV_V_8_load_9_read = read i16 @_ssdm_op_Read.ap_auto.i16, i16 %KV_V_8_load_9"   --->   Operation 153 'read' 'KV_V_8_load_9_read' <Predicate = true> <Delay = 0.00>
ST_1 : Operation 154 [1/1] (0.00ns)   --->   "%KV_V_7_load_9_read = read i16 @_ssdm_op_Read.ap_auto.i16, i16 %KV_V_7_load_9"   --->   Operation 154 'read' 'KV_V_7_load_9_read' <Predicate = true> <Delay = 0.00>
ST_1 : Operation 155 [1/1] (0.00ns)   --->   "%KV_V_6_load_9_read = read i16 @_ssdm_op_Read.ap_auto.i16, i16 %KV_V_6_load_9"   --->   Operation 155 'read' 'KV_V_6_load_9_read' <Predicate = true> <Delay = 0.00>
ST_1 : Operation 156 [1/1] (0.00ns)   --->   "%KV_V_5_load_9_read = read i16 @_ssdm_op_Read.ap_auto.i16, i16 %KV_V_5_load_9"   --->   Operation 156 'read' 'KV_V_5_load_9_read' <Predicate = true> <Delay = 0.00>
ST_1 : Operation 157 [1/1] (0.00ns)   --->   "%KV_V_4_load_9_read = read i16 @_ssdm_op_Read.ap_auto.i16, i16 %KV_V_4_load_9"   --->   Operation 157 'read' 'KV_V_4_load_9_read' <Predicate = true> <Delay = 0.00>
ST_1 : Operation 158 [1/1] (0.00ns)   --->   "%KV_V_3_load_9_read = read i16 @_ssdm_op_Read.ap_auto.i16, i16 %KV_V_3_load_9"   --->   Operation 158 'read' 'KV_V_3_load_9_read' <Predicate = true> <Delay = 0.00>
ST_1 : Operation 159 [1/1] (0.00ns)   --->   "%KV_V_2_load_9_read = read i16 @_ssdm_op_Read.ap_auto.i16, i16 %KV_V_2_load_9"   --->   Operation 159 'read' 'KV_V_2_load_9_read' <Predicate = true> <Delay = 0.00>
ST_1 : Operation 160 [1/1] (0.00ns)   --->   "%KV_V_1_load_9_read = read i16 @_ssdm_op_Read.ap_auto.i16, i16 %KV_V_1_load_9"   --->   Operation 160 'read' 'KV_V_1_load_9_read' <Predicate = true> <Delay = 0.00>
ST_1 : Operation 161 [1/1] (0.00ns)   --->   "%KV_V_load_9_read = read i16 @_ssdm_op_Read.ap_auto.i16, i16 %KV_V_load_9"   --->   Operation 161 'read' 'KV_V_load_9_read' <Predicate = true> <Delay = 0.00>
ST_1 : Operation 162 [1/1] (0.00ns)   --->   "%sext_ln1347_59_read = read i16 @_ssdm_op_Read.ap_auto.i16, i16 %sext_ln1347_59"   --->   Operation 162 'read' 'sext_ln1347_59_read' <Predicate = true> <Delay = 0.00>
ST_1 : Operation 163 [1/1] (0.00ns)   --->   "%KV_V_15_load_8_read = read i16 @_ssdm_op_Read.ap_auto.i16, i16 %KV_V_15_load_8"   --->   Operation 163 'read' 'KV_V_15_load_8_read' <Predicate = true> <Delay = 0.00>
ST_1 : Operation 164 [1/1] (0.00ns)   --->   "%KV_V_14_load_8_read = read i16 @_ssdm_op_Read.ap_auto.i16, i16 %KV_V_14_load_8"   --->   Operation 164 'read' 'KV_V_14_load_8_read' <Predicate = true> <Delay = 0.00>
ST_1 : Operation 165 [1/1] (0.00ns)   --->   "%KV_V_13_load_8_read = read i16 @_ssdm_op_Read.ap_auto.i16, i16 %KV_V_13_load_8"   --->   Operation 165 'read' 'KV_V_13_load_8_read' <Predicate = true> <Delay = 0.00>
ST_1 : Operation 166 [1/1] (0.00ns)   --->   "%KV_V_12_load_8_read = read i16 @_ssdm_op_Read.ap_auto.i16, i16 %KV_V_12_load_8"   --->   Operation 166 'read' 'KV_V_12_load_8_read' <Predicate = true> <Delay = 0.00>
ST_1 : Operation 167 [1/1] (0.00ns)   --->   "%KV_V_11_load_8_read = read i16 @_ssdm_op_Read.ap_auto.i16, i16 %KV_V_11_load_8"   --->   Operation 167 'read' 'KV_V_11_load_8_read' <Predicate = true> <Delay = 0.00>
ST_1 : Operation 168 [1/1] (0.00ns)   --->   "%KV_V_10_load_8_read = read i16 @_ssdm_op_Read.ap_auto.i16, i16 %KV_V_10_load_8"   --->   Operation 168 'read' 'KV_V_10_load_8_read' <Predicate = true> <Delay = 0.00>
ST_1 : Operation 169 [1/1] (0.00ns)   --->   "%KV_V_9_load_8_read = read i16 @_ssdm_op_Read.ap_auto.i16, i16 %KV_V_9_load_8"   --->   Operation 169 'read' 'KV_V_9_load_8_read' <Predicate = true> <Delay = 0.00>
ST_1 : Operation 170 [1/1] (0.00ns)   --->   "%KV_V_8_load_8_read = read i16 @_ssdm_op_Read.ap_auto.i16, i16 %KV_V_8_load_8"   --->   Operation 170 'read' 'KV_V_8_load_8_read' <Predicate = true> <Delay = 0.00>
ST_1 : Operation 171 [1/1] (0.00ns)   --->   "%KV_V_7_load_8_read = read i16 @_ssdm_op_Read.ap_auto.i16, i16 %KV_V_7_load_8"   --->   Operation 171 'read' 'KV_V_7_load_8_read' <Predicate = true> <Delay = 0.00>
ST_1 : Operation 172 [1/1] (0.00ns)   --->   "%KV_V_6_load_8_read = read i16 @_ssdm_op_Read.ap_auto.i16, i16 %KV_V_6_load_8"   --->   Operation 172 'read' 'KV_V_6_load_8_read' <Predicate = true> <Delay = 0.00>
ST_1 : Operation 173 [1/1] (0.00ns)   --->   "%KV_V_5_load_8_read = read i16 @_ssdm_op_Read.ap_auto.i16, i16 %KV_V_5_load_8"   --->   Operation 173 'read' 'KV_V_5_load_8_read' <Predicate = true> <Delay = 0.00>
ST_1 : Operation 174 [1/1] (0.00ns)   --->   "%KV_V_4_load_8_read = read i16 @_ssdm_op_Read.ap_auto.i16, i16 %KV_V_4_load_8"   --->   Operation 174 'read' 'KV_V_4_load_8_read' <Predicate = true> <Delay = 0.00>
ST_1 : Operation 175 [1/1] (0.00ns)   --->   "%KV_V_3_load_8_read = read i16 @_ssdm_op_Read.ap_auto.i16, i16 %KV_V_3_load_8"   --->   Operation 175 'read' 'KV_V_3_load_8_read' <Predicate = true> <Delay = 0.00>
ST_1 : Operation 176 [1/1] (0.00ns)   --->   "%KV_V_2_load_8_read = read i16 @_ssdm_op_Read.ap_auto.i16, i16 %KV_V_2_load_8"   --->   Operation 176 'read' 'KV_V_2_load_8_read' <Predicate = true> <Delay = 0.00>
ST_1 : Operation 177 [1/1] (0.00ns)   --->   "%KV_V_1_load_8_read = read i16 @_ssdm_op_Read.ap_auto.i16, i16 %KV_V_1_load_8"   --->   Operation 177 'read' 'KV_V_1_load_8_read' <Predicate = true> <Delay = 0.00>
ST_1 : Operation 178 [1/1] (0.00ns)   --->   "%KV_V_load_8_read = read i16 @_ssdm_op_Read.ap_auto.i16, i16 %KV_V_load_8"   --->   Operation 178 'read' 'KV_V_load_8_read' <Predicate = true> <Delay = 0.00>
ST_1 : Operation 179 [1/1] (0.00ns)   --->   "%sext_ln1347_58_read = read i16 @_ssdm_op_Read.ap_auto.i16, i16 %sext_ln1347_58"   --->   Operation 179 'read' 'sext_ln1347_58_read' <Predicate = true> <Delay = 0.00>
ST_1 : Operation 180 [1/1] (0.00ns)   --->   "%KV_V_15_load_7_read = read i16 @_ssdm_op_Read.ap_auto.i16, i16 %KV_V_15_load_7"   --->   Operation 180 'read' 'KV_V_15_load_7_read' <Predicate = true> <Delay = 0.00>
ST_1 : Operation 181 [1/1] (0.00ns)   --->   "%KV_V_14_load_7_read = read i16 @_ssdm_op_Read.ap_auto.i16, i16 %KV_V_14_load_7"   --->   Operation 181 'read' 'KV_V_14_load_7_read' <Predicate = true> <Delay = 0.00>
ST_1 : Operation 182 [1/1] (0.00ns)   --->   "%KV_V_13_load_7_read = read i16 @_ssdm_op_Read.ap_auto.i16, i16 %KV_V_13_load_7"   --->   Operation 182 'read' 'KV_V_13_load_7_read' <Predicate = true> <Delay = 0.00>
ST_1 : Operation 183 [1/1] (0.00ns)   --->   "%KV_V_12_load_7_read = read i16 @_ssdm_op_Read.ap_auto.i16, i16 %KV_V_12_load_7"   --->   Operation 183 'read' 'KV_V_12_load_7_read' <Predicate = true> <Delay = 0.00>
ST_1 : Operation 184 [1/1] (0.00ns)   --->   "%KV_V_11_load_7_read = read i16 @_ssdm_op_Read.ap_auto.i16, i16 %KV_V_11_load_7"   --->   Operation 184 'read' 'KV_V_11_load_7_read' <Predicate = true> <Delay = 0.00>
ST_1 : Operation 185 [1/1] (0.00ns)   --->   "%KV_V_10_load_7_read = read i16 @_ssdm_op_Read.ap_auto.i16, i16 %KV_V_10_load_7"   --->   Operation 185 'read' 'KV_V_10_load_7_read' <Predicate = true> <Delay = 0.00>
ST_1 : Operation 186 [1/1] (0.00ns)   --->   "%KV_V_9_load_7_read = read i16 @_ssdm_op_Read.ap_auto.i16, i16 %KV_V_9_load_7"   --->   Operation 186 'read' 'KV_V_9_load_7_read' <Predicate = true> <Delay = 0.00>
ST_1 : Operation 187 [1/1] (0.00ns)   --->   "%KV_V_8_load_7_read = read i16 @_ssdm_op_Read.ap_auto.i16, i16 %KV_V_8_load_7"   --->   Operation 187 'read' 'KV_V_8_load_7_read' <Predicate = true> <Delay = 0.00>
ST_1 : Operation 188 [1/1] (0.00ns)   --->   "%KV_V_7_load_7_read = read i16 @_ssdm_op_Read.ap_auto.i16, i16 %KV_V_7_load_7"   --->   Operation 188 'read' 'KV_V_7_load_7_read' <Predicate = true> <Delay = 0.00>
ST_1 : Operation 189 [1/1] (0.00ns)   --->   "%KV_V_6_load_7_read = read i16 @_ssdm_op_Read.ap_auto.i16, i16 %KV_V_6_load_7"   --->   Operation 189 'read' 'KV_V_6_load_7_read' <Predicate = true> <Delay = 0.00>
ST_1 : Operation 190 [1/1] (0.00ns)   --->   "%KV_V_5_load_7_read = read i16 @_ssdm_op_Read.ap_auto.i16, i16 %KV_V_5_load_7"   --->   Operation 190 'read' 'KV_V_5_load_7_read' <Predicate = true> <Delay = 0.00>
ST_1 : Operation 191 [1/1] (0.00ns)   --->   "%KV_V_4_load_7_read = read i16 @_ssdm_op_Read.ap_auto.i16, i16 %KV_V_4_load_7"   --->   Operation 191 'read' 'KV_V_4_load_7_read' <Predicate = true> <Delay = 0.00>
ST_1 : Operation 192 [1/1] (0.00ns)   --->   "%KV_V_3_load_7_read = read i16 @_ssdm_op_Read.ap_auto.i16, i16 %KV_V_3_load_7"   --->   Operation 192 'read' 'KV_V_3_load_7_read' <Predicate = true> <Delay = 0.00>
ST_1 : Operation 193 [1/1] (0.00ns)   --->   "%KV_V_2_load_7_read = read i16 @_ssdm_op_Read.ap_auto.i16, i16 %KV_V_2_load_7"   --->   Operation 193 'read' 'KV_V_2_load_7_read' <Predicate = true> <Delay = 0.00>
ST_1 : Operation 194 [1/1] (0.00ns)   --->   "%KV_V_1_load_7_read = read i16 @_ssdm_op_Read.ap_auto.i16, i16 %KV_V_1_load_7"   --->   Operation 194 'read' 'KV_V_1_load_7_read' <Predicate = true> <Delay = 0.00>
ST_1 : Operation 195 [1/1] (0.00ns)   --->   "%KV_V_load_7_read = read i16 @_ssdm_op_Read.ap_auto.i16, i16 %KV_V_load_7"   --->   Operation 195 'read' 'KV_V_load_7_read' <Predicate = true> <Delay = 0.00>
ST_1 : Operation 196 [1/1] (0.00ns)   --->   "%sext_ln1347_57_read = read i16 @_ssdm_op_Read.ap_auto.i16, i16 %sext_ln1347_57"   --->   Operation 196 'read' 'sext_ln1347_57_read' <Predicate = true> <Delay = 0.00>
ST_1 : Operation 197 [1/1] (0.00ns)   --->   "%KV_V_15_load_6_read = read i16 @_ssdm_op_Read.ap_auto.i16, i16 %KV_V_15_load_6"   --->   Operation 197 'read' 'KV_V_15_load_6_read' <Predicate = true> <Delay = 0.00>
ST_1 : Operation 198 [1/1] (0.00ns)   --->   "%KV_V_14_load_6_read = read i16 @_ssdm_op_Read.ap_auto.i16, i16 %KV_V_14_load_6"   --->   Operation 198 'read' 'KV_V_14_load_6_read' <Predicate = true> <Delay = 0.00>
ST_1 : Operation 199 [1/1] (0.00ns)   --->   "%KV_V_13_load_6_read = read i16 @_ssdm_op_Read.ap_auto.i16, i16 %KV_V_13_load_6"   --->   Operation 199 'read' 'KV_V_13_load_6_read' <Predicate = true> <Delay = 0.00>
ST_1 : Operation 200 [1/1] (0.00ns)   --->   "%KV_V_12_load_6_read = read i16 @_ssdm_op_Read.ap_auto.i16, i16 %KV_V_12_load_6"   --->   Operation 200 'read' 'KV_V_12_load_6_read' <Predicate = true> <Delay = 0.00>
ST_1 : Operation 201 [1/1] (0.00ns)   --->   "%KV_V_11_load_6_read = read i16 @_ssdm_op_Read.ap_auto.i16, i16 %KV_V_11_load_6"   --->   Operation 201 'read' 'KV_V_11_load_6_read' <Predicate = true> <Delay = 0.00>
ST_1 : Operation 202 [1/1] (0.00ns)   --->   "%KV_V_10_load_6_read = read i16 @_ssdm_op_Read.ap_auto.i16, i16 %KV_V_10_load_6"   --->   Operation 202 'read' 'KV_V_10_load_6_read' <Predicate = true> <Delay = 0.00>
ST_1 : Operation 203 [1/1] (0.00ns)   --->   "%KV_V_9_load_6_read = read i16 @_ssdm_op_Read.ap_auto.i16, i16 %KV_V_9_load_6"   --->   Operation 203 'read' 'KV_V_9_load_6_read' <Predicate = true> <Delay = 0.00>
ST_1 : Operation 204 [1/1] (0.00ns)   --->   "%KV_V_8_load_6_read = read i16 @_ssdm_op_Read.ap_auto.i16, i16 %KV_V_8_load_6"   --->   Operation 204 'read' 'KV_V_8_load_6_read' <Predicate = true> <Delay = 0.00>
ST_1 : Operation 205 [1/1] (0.00ns)   --->   "%KV_V_7_load_6_read = read i16 @_ssdm_op_Read.ap_auto.i16, i16 %KV_V_7_load_6"   --->   Operation 205 'read' 'KV_V_7_load_6_read' <Predicate = true> <Delay = 0.00>
ST_1 : Operation 206 [1/1] (0.00ns)   --->   "%KV_V_6_load_6_read = read i16 @_ssdm_op_Read.ap_auto.i16, i16 %KV_V_6_load_6"   --->   Operation 206 'read' 'KV_V_6_load_6_read' <Predicate = true> <Delay = 0.00>
ST_1 : Operation 207 [1/1] (0.00ns)   --->   "%KV_V_5_load_6_read = read i16 @_ssdm_op_Read.ap_auto.i16, i16 %KV_V_5_load_6"   --->   Operation 207 'read' 'KV_V_5_load_6_read' <Predicate = true> <Delay = 0.00>
ST_1 : Operation 208 [1/1] (0.00ns)   --->   "%KV_V_4_load_6_read = read i16 @_ssdm_op_Read.ap_auto.i16, i16 %KV_V_4_load_6"   --->   Operation 208 'read' 'KV_V_4_load_6_read' <Predicate = true> <Delay = 0.00>
ST_1 : Operation 209 [1/1] (0.00ns)   --->   "%KV_V_3_load_6_read = read i16 @_ssdm_op_Read.ap_auto.i16, i16 %KV_V_3_load_6"   --->   Operation 209 'read' 'KV_V_3_load_6_read' <Predicate = true> <Delay = 0.00>
ST_1 : Operation 210 [1/1] (0.00ns)   --->   "%KV_V_2_load_6_read = read i16 @_ssdm_op_Read.ap_auto.i16, i16 %KV_V_2_load_6"   --->   Operation 210 'read' 'KV_V_2_load_6_read' <Predicate = true> <Delay = 0.00>
ST_1 : Operation 211 [1/1] (0.00ns)   --->   "%KV_V_1_load_6_read = read i16 @_ssdm_op_Read.ap_auto.i16, i16 %KV_V_1_load_6"   --->   Operation 211 'read' 'KV_V_1_load_6_read' <Predicate = true> <Delay = 0.00>
ST_1 : Operation 212 [1/1] (0.00ns)   --->   "%KV_V_load_6_read = read i16 @_ssdm_op_Read.ap_auto.i16, i16 %KV_V_load_6"   --->   Operation 212 'read' 'KV_V_load_6_read' <Predicate = true> <Delay = 0.00>
ST_1 : Operation 213 [1/1] (0.00ns)   --->   "%sext_ln1347_56_read = read i16 @_ssdm_op_Read.ap_auto.i16, i16 %sext_ln1347_56"   --->   Operation 213 'read' 'sext_ln1347_56_read' <Predicate = true> <Delay = 0.00>
ST_1 : Operation 214 [1/1] (0.00ns)   --->   "%KV_V_15_load_5_read = read i16 @_ssdm_op_Read.ap_auto.i16, i16 %KV_V_15_load_5"   --->   Operation 214 'read' 'KV_V_15_load_5_read' <Predicate = true> <Delay = 0.00>
ST_1 : Operation 215 [1/1] (0.00ns)   --->   "%KV_V_14_load_5_read = read i16 @_ssdm_op_Read.ap_auto.i16, i16 %KV_V_14_load_5"   --->   Operation 215 'read' 'KV_V_14_load_5_read' <Predicate = true> <Delay = 0.00>
ST_1 : Operation 216 [1/1] (0.00ns)   --->   "%KV_V_13_load_5_read = read i16 @_ssdm_op_Read.ap_auto.i16, i16 %KV_V_13_load_5"   --->   Operation 216 'read' 'KV_V_13_load_5_read' <Predicate = true> <Delay = 0.00>
ST_1 : Operation 217 [1/1] (0.00ns)   --->   "%KV_V_12_load_5_read = read i16 @_ssdm_op_Read.ap_auto.i16, i16 %KV_V_12_load_5"   --->   Operation 217 'read' 'KV_V_12_load_5_read' <Predicate = true> <Delay = 0.00>
ST_1 : Operation 218 [1/1] (0.00ns)   --->   "%KV_V_11_load_5_read = read i16 @_ssdm_op_Read.ap_auto.i16, i16 %KV_V_11_load_5"   --->   Operation 218 'read' 'KV_V_11_load_5_read' <Predicate = true> <Delay = 0.00>
ST_1 : Operation 219 [1/1] (0.00ns)   --->   "%KV_V_10_load_5_read = read i16 @_ssdm_op_Read.ap_auto.i16, i16 %KV_V_10_load_5"   --->   Operation 219 'read' 'KV_V_10_load_5_read' <Predicate = true> <Delay = 0.00>
ST_1 : Operation 220 [1/1] (0.00ns)   --->   "%KV_V_9_load_5_read = read i16 @_ssdm_op_Read.ap_auto.i16, i16 %KV_V_9_load_5"   --->   Operation 220 'read' 'KV_V_9_load_5_read' <Predicate = true> <Delay = 0.00>
ST_1 : Operation 221 [1/1] (0.00ns)   --->   "%KV_V_8_load_5_read = read i16 @_ssdm_op_Read.ap_auto.i16, i16 %KV_V_8_load_5"   --->   Operation 221 'read' 'KV_V_8_load_5_read' <Predicate = true> <Delay = 0.00>
ST_1 : Operation 222 [1/1] (0.00ns)   --->   "%KV_V_7_load_5_read = read i16 @_ssdm_op_Read.ap_auto.i16, i16 %KV_V_7_load_5"   --->   Operation 222 'read' 'KV_V_7_load_5_read' <Predicate = true> <Delay = 0.00>
ST_1 : Operation 223 [1/1] (0.00ns)   --->   "%KV_V_6_load_5_read = read i16 @_ssdm_op_Read.ap_auto.i16, i16 %KV_V_6_load_5"   --->   Operation 223 'read' 'KV_V_6_load_5_read' <Predicate = true> <Delay = 0.00>
ST_1 : Operation 224 [1/1] (0.00ns)   --->   "%KV_V_5_load_5_read = read i16 @_ssdm_op_Read.ap_auto.i16, i16 %KV_V_5_load_5"   --->   Operation 224 'read' 'KV_V_5_load_5_read' <Predicate = true> <Delay = 0.00>
ST_1 : Operation 225 [1/1] (0.00ns)   --->   "%KV_V_4_load_5_read = read i16 @_ssdm_op_Read.ap_auto.i16, i16 %KV_V_4_load_5"   --->   Operation 225 'read' 'KV_V_4_load_5_read' <Predicate = true> <Delay = 0.00>
ST_1 : Operation 226 [1/1] (0.00ns)   --->   "%KV_V_3_load_5_read = read i16 @_ssdm_op_Read.ap_auto.i16, i16 %KV_V_3_load_5"   --->   Operation 226 'read' 'KV_V_3_load_5_read' <Predicate = true> <Delay = 0.00>
ST_1 : Operation 227 [1/1] (0.00ns)   --->   "%KV_V_2_load_5_read = read i16 @_ssdm_op_Read.ap_auto.i16, i16 %KV_V_2_load_5"   --->   Operation 227 'read' 'KV_V_2_load_5_read' <Predicate = true> <Delay = 0.00>
ST_1 : Operation 228 [1/1] (0.00ns)   --->   "%KV_V_1_load_5_read = read i16 @_ssdm_op_Read.ap_auto.i16, i16 %KV_V_1_load_5"   --->   Operation 228 'read' 'KV_V_1_load_5_read' <Predicate = true> <Delay = 0.00>
ST_1 : Operation 229 [1/1] (0.00ns)   --->   "%KV_V_load_5_read = read i16 @_ssdm_op_Read.ap_auto.i16, i16 %KV_V_load_5"   --->   Operation 229 'read' 'KV_V_load_5_read' <Predicate = true> <Delay = 0.00>
ST_1 : Operation 230 [1/1] (0.00ns)   --->   "%sext_ln1347_55_read = read i16 @_ssdm_op_Read.ap_auto.i16, i16 %sext_ln1347_55"   --->   Operation 230 'read' 'sext_ln1347_55_read' <Predicate = true> <Delay = 0.00>
ST_1 : Operation 231 [1/1] (0.00ns)   --->   "%KV_V_15_load_4_read = read i16 @_ssdm_op_Read.ap_auto.i16, i16 %KV_V_15_load_4"   --->   Operation 231 'read' 'KV_V_15_load_4_read' <Predicate = true> <Delay = 0.00>
ST_1 : Operation 232 [1/1] (0.00ns)   --->   "%KV_V_14_load_4_read = read i16 @_ssdm_op_Read.ap_auto.i16, i16 %KV_V_14_load_4"   --->   Operation 232 'read' 'KV_V_14_load_4_read' <Predicate = true> <Delay = 0.00>
ST_1 : Operation 233 [1/1] (0.00ns)   --->   "%KV_V_13_load_4_read = read i16 @_ssdm_op_Read.ap_auto.i16, i16 %KV_V_13_load_4"   --->   Operation 233 'read' 'KV_V_13_load_4_read' <Predicate = true> <Delay = 0.00>
ST_1 : Operation 234 [1/1] (0.00ns)   --->   "%KV_V_12_load_4_read = read i16 @_ssdm_op_Read.ap_auto.i16, i16 %KV_V_12_load_4"   --->   Operation 234 'read' 'KV_V_12_load_4_read' <Predicate = true> <Delay = 0.00>
ST_1 : Operation 235 [1/1] (0.00ns)   --->   "%KV_V_11_load_4_read = read i16 @_ssdm_op_Read.ap_auto.i16, i16 %KV_V_11_load_4"   --->   Operation 235 'read' 'KV_V_11_load_4_read' <Predicate = true> <Delay = 0.00>
ST_1 : Operation 236 [1/1] (0.00ns)   --->   "%KV_V_10_load_4_read = read i16 @_ssdm_op_Read.ap_auto.i16, i16 %KV_V_10_load_4"   --->   Operation 236 'read' 'KV_V_10_load_4_read' <Predicate = true> <Delay = 0.00>
ST_1 : Operation 237 [1/1] (0.00ns)   --->   "%KV_V_9_load_4_read = read i16 @_ssdm_op_Read.ap_auto.i16, i16 %KV_V_9_load_4"   --->   Operation 237 'read' 'KV_V_9_load_4_read' <Predicate = true> <Delay = 0.00>
ST_1 : Operation 238 [1/1] (0.00ns)   --->   "%KV_V_8_load_4_read = read i16 @_ssdm_op_Read.ap_auto.i16, i16 %KV_V_8_load_4"   --->   Operation 238 'read' 'KV_V_8_load_4_read' <Predicate = true> <Delay = 0.00>
ST_1 : Operation 239 [1/1] (0.00ns)   --->   "%KV_V_7_load_4_read = read i16 @_ssdm_op_Read.ap_auto.i16, i16 %KV_V_7_load_4"   --->   Operation 239 'read' 'KV_V_7_load_4_read' <Predicate = true> <Delay = 0.00>
ST_1 : Operation 240 [1/1] (0.00ns)   --->   "%KV_V_6_load_4_read = read i16 @_ssdm_op_Read.ap_auto.i16, i16 %KV_V_6_load_4"   --->   Operation 240 'read' 'KV_V_6_load_4_read' <Predicate = true> <Delay = 0.00>
ST_1 : Operation 241 [1/1] (0.00ns)   --->   "%KV_V_5_load_4_read = read i16 @_ssdm_op_Read.ap_auto.i16, i16 %KV_V_5_load_4"   --->   Operation 241 'read' 'KV_V_5_load_4_read' <Predicate = true> <Delay = 0.00>
ST_1 : Operation 242 [1/1] (0.00ns)   --->   "%KV_V_4_load_4_read = read i16 @_ssdm_op_Read.ap_auto.i16, i16 %KV_V_4_load_4"   --->   Operation 242 'read' 'KV_V_4_load_4_read' <Predicate = true> <Delay = 0.00>
ST_1 : Operation 243 [1/1] (0.00ns)   --->   "%KV_V_3_load_4_read = read i16 @_ssdm_op_Read.ap_auto.i16, i16 %KV_V_3_load_4"   --->   Operation 243 'read' 'KV_V_3_load_4_read' <Predicate = true> <Delay = 0.00>
ST_1 : Operation 244 [1/1] (0.00ns)   --->   "%KV_V_2_load_4_read = read i16 @_ssdm_op_Read.ap_auto.i16, i16 %KV_V_2_load_4"   --->   Operation 244 'read' 'KV_V_2_load_4_read' <Predicate = true> <Delay = 0.00>
ST_1 : Operation 245 [1/1] (0.00ns)   --->   "%KV_V_1_load_4_read = read i16 @_ssdm_op_Read.ap_auto.i16, i16 %KV_V_1_load_4"   --->   Operation 245 'read' 'KV_V_1_load_4_read' <Predicate = true> <Delay = 0.00>
ST_1 : Operation 246 [1/1] (0.00ns)   --->   "%KV_V_load_4_read = read i16 @_ssdm_op_Read.ap_auto.i16, i16 %KV_V_load_4"   --->   Operation 246 'read' 'KV_V_load_4_read' <Predicate = true> <Delay = 0.00>
ST_1 : Operation 247 [1/1] (0.00ns)   --->   "%sext_ln1347_54_read = read i16 @_ssdm_op_Read.ap_auto.i16, i16 %sext_ln1347_54"   --->   Operation 247 'read' 'sext_ln1347_54_read' <Predicate = true> <Delay = 0.00>
ST_1 : Operation 248 [1/1] (0.00ns)   --->   "%KV_V_15_load_3_read = read i16 @_ssdm_op_Read.ap_auto.i16, i16 %KV_V_15_load_3"   --->   Operation 248 'read' 'KV_V_15_load_3_read' <Predicate = true> <Delay = 0.00>
ST_1 : Operation 249 [1/1] (0.00ns)   --->   "%KV_V_14_load_3_read = read i16 @_ssdm_op_Read.ap_auto.i16, i16 %KV_V_14_load_3"   --->   Operation 249 'read' 'KV_V_14_load_3_read' <Predicate = true> <Delay = 0.00>
ST_1 : Operation 250 [1/1] (0.00ns)   --->   "%KV_V_13_load_3_read = read i16 @_ssdm_op_Read.ap_auto.i16, i16 %KV_V_13_load_3"   --->   Operation 250 'read' 'KV_V_13_load_3_read' <Predicate = true> <Delay = 0.00>
ST_1 : Operation 251 [1/1] (0.00ns)   --->   "%KV_V_12_load_3_read = read i16 @_ssdm_op_Read.ap_auto.i16, i16 %KV_V_12_load_3"   --->   Operation 251 'read' 'KV_V_12_load_3_read' <Predicate = true> <Delay = 0.00>
ST_1 : Operation 252 [1/1] (0.00ns)   --->   "%KV_V_11_load_3_read = read i16 @_ssdm_op_Read.ap_auto.i16, i16 %KV_V_11_load_3"   --->   Operation 252 'read' 'KV_V_11_load_3_read' <Predicate = true> <Delay = 0.00>
ST_1 : Operation 253 [1/1] (0.00ns)   --->   "%KV_V_10_load_3_read = read i16 @_ssdm_op_Read.ap_auto.i16, i16 %KV_V_10_load_3"   --->   Operation 253 'read' 'KV_V_10_load_3_read' <Predicate = true> <Delay = 0.00>
ST_1 : Operation 254 [1/1] (0.00ns)   --->   "%KV_V_9_load_3_read = read i16 @_ssdm_op_Read.ap_auto.i16, i16 %KV_V_9_load_3"   --->   Operation 254 'read' 'KV_V_9_load_3_read' <Predicate = true> <Delay = 0.00>
ST_1 : Operation 255 [1/1] (0.00ns)   --->   "%KV_V_8_load_3_read = read i16 @_ssdm_op_Read.ap_auto.i16, i16 %KV_V_8_load_3"   --->   Operation 255 'read' 'KV_V_8_load_3_read' <Predicate = true> <Delay = 0.00>
ST_1 : Operation 256 [1/1] (0.00ns)   --->   "%KV_V_7_load_3_read = read i16 @_ssdm_op_Read.ap_auto.i16, i16 %KV_V_7_load_3"   --->   Operation 256 'read' 'KV_V_7_load_3_read' <Predicate = true> <Delay = 0.00>
ST_1 : Operation 257 [1/1] (0.00ns)   --->   "%KV_V_6_load_3_read = read i16 @_ssdm_op_Read.ap_auto.i16, i16 %KV_V_6_load_3"   --->   Operation 257 'read' 'KV_V_6_load_3_read' <Predicate = true> <Delay = 0.00>
ST_1 : Operation 258 [1/1] (0.00ns)   --->   "%KV_V_5_load_3_read = read i16 @_ssdm_op_Read.ap_auto.i16, i16 %KV_V_5_load_3"   --->   Operation 258 'read' 'KV_V_5_load_3_read' <Predicate = true> <Delay = 0.00>
ST_1 : Operation 259 [1/1] (0.00ns)   --->   "%KV_V_4_load_3_read = read i16 @_ssdm_op_Read.ap_auto.i16, i16 %KV_V_4_load_3"   --->   Operation 259 'read' 'KV_V_4_load_3_read' <Predicate = true> <Delay = 0.00>
ST_1 : Operation 260 [1/1] (0.00ns)   --->   "%KV_V_3_load_3_read = read i16 @_ssdm_op_Read.ap_auto.i16, i16 %KV_V_3_load_3"   --->   Operation 260 'read' 'KV_V_3_load_3_read' <Predicate = true> <Delay = 0.00>
ST_1 : Operation 261 [1/1] (0.00ns)   --->   "%KV_V_2_load_3_read = read i16 @_ssdm_op_Read.ap_auto.i16, i16 %KV_V_2_load_3"   --->   Operation 261 'read' 'KV_V_2_load_3_read' <Predicate = true> <Delay = 0.00>
ST_1 : Operation 262 [1/1] (0.00ns)   --->   "%KV_V_1_load_3_read = read i16 @_ssdm_op_Read.ap_auto.i16, i16 %KV_V_1_load_3"   --->   Operation 262 'read' 'KV_V_1_load_3_read' <Predicate = true> <Delay = 0.00>
ST_1 : Operation 263 [1/1] (0.00ns)   --->   "%KV_V_load_3_read = read i16 @_ssdm_op_Read.ap_auto.i16, i16 %KV_V_load_3"   --->   Operation 263 'read' 'KV_V_load_3_read' <Predicate = true> <Delay = 0.00>
ST_1 : Operation 264 [1/1] (0.00ns)   --->   "%sext_ln1347_53_read = read i16 @_ssdm_op_Read.ap_auto.i16, i16 %sext_ln1347_53"   --->   Operation 264 'read' 'sext_ln1347_53_read' <Predicate = true> <Delay = 0.00>
ST_1 : Operation 265 [1/1] (0.00ns)   --->   "%KV_V_15_load_2_read = read i16 @_ssdm_op_Read.ap_auto.i16, i16 %KV_V_15_load_2"   --->   Operation 265 'read' 'KV_V_15_load_2_read' <Predicate = true> <Delay = 0.00>
ST_1 : Operation 266 [1/1] (0.00ns)   --->   "%KV_V_14_load_2_read = read i16 @_ssdm_op_Read.ap_auto.i16, i16 %KV_V_14_load_2"   --->   Operation 266 'read' 'KV_V_14_load_2_read' <Predicate = true> <Delay = 0.00>
ST_1 : Operation 267 [1/1] (0.00ns)   --->   "%KV_V_13_load_2_read = read i16 @_ssdm_op_Read.ap_auto.i16, i16 %KV_V_13_load_2"   --->   Operation 267 'read' 'KV_V_13_load_2_read' <Predicate = true> <Delay = 0.00>
ST_1 : Operation 268 [1/1] (0.00ns)   --->   "%KV_V_12_load_2_read = read i16 @_ssdm_op_Read.ap_auto.i16, i16 %KV_V_12_load_2"   --->   Operation 268 'read' 'KV_V_12_load_2_read' <Predicate = true> <Delay = 0.00>
ST_1 : Operation 269 [1/1] (0.00ns)   --->   "%KV_V_11_load_2_read = read i16 @_ssdm_op_Read.ap_auto.i16, i16 %KV_V_11_load_2"   --->   Operation 269 'read' 'KV_V_11_load_2_read' <Predicate = true> <Delay = 0.00>
ST_1 : Operation 270 [1/1] (0.00ns)   --->   "%KV_V_10_load_2_read = read i16 @_ssdm_op_Read.ap_auto.i16, i16 %KV_V_10_load_2"   --->   Operation 270 'read' 'KV_V_10_load_2_read' <Predicate = true> <Delay = 0.00>
ST_1 : Operation 271 [1/1] (0.00ns)   --->   "%KV_V_9_load_2_read = read i16 @_ssdm_op_Read.ap_auto.i16, i16 %KV_V_9_load_2"   --->   Operation 271 'read' 'KV_V_9_load_2_read' <Predicate = true> <Delay = 0.00>
ST_1 : Operation 272 [1/1] (0.00ns)   --->   "%KV_V_8_load_2_read = read i16 @_ssdm_op_Read.ap_auto.i16, i16 %KV_V_8_load_2"   --->   Operation 272 'read' 'KV_V_8_load_2_read' <Predicate = true> <Delay = 0.00>
ST_1 : Operation 273 [1/1] (0.00ns)   --->   "%KV_V_7_load_2_read = read i16 @_ssdm_op_Read.ap_auto.i16, i16 %KV_V_7_load_2"   --->   Operation 273 'read' 'KV_V_7_load_2_read' <Predicate = true> <Delay = 0.00>
ST_1 : Operation 274 [1/1] (0.00ns)   --->   "%KV_V_6_load_2_read = read i16 @_ssdm_op_Read.ap_auto.i16, i16 %KV_V_6_load_2"   --->   Operation 274 'read' 'KV_V_6_load_2_read' <Predicate = true> <Delay = 0.00>
ST_1 : Operation 275 [1/1] (0.00ns)   --->   "%KV_V_5_load_2_read = read i16 @_ssdm_op_Read.ap_auto.i16, i16 %KV_V_5_load_2"   --->   Operation 275 'read' 'KV_V_5_load_2_read' <Predicate = true> <Delay = 0.00>
ST_1 : Operation 276 [1/1] (0.00ns)   --->   "%KV_V_4_load_2_read = read i16 @_ssdm_op_Read.ap_auto.i16, i16 %KV_V_4_load_2"   --->   Operation 276 'read' 'KV_V_4_load_2_read' <Predicate = true> <Delay = 0.00>
ST_1 : Operation 277 [1/1] (0.00ns)   --->   "%KV_V_3_load_2_read = read i16 @_ssdm_op_Read.ap_auto.i16, i16 %KV_V_3_load_2"   --->   Operation 277 'read' 'KV_V_3_load_2_read' <Predicate = true> <Delay = 0.00>
ST_1 : Operation 278 [1/1] (0.00ns)   --->   "%KV_V_2_load_2_read = read i16 @_ssdm_op_Read.ap_auto.i16, i16 %KV_V_2_load_2"   --->   Operation 278 'read' 'KV_V_2_load_2_read' <Predicate = true> <Delay = 0.00>
ST_1 : Operation 279 [1/1] (0.00ns)   --->   "%KV_V_1_load_2_read = read i16 @_ssdm_op_Read.ap_auto.i16, i16 %KV_V_1_load_2"   --->   Operation 279 'read' 'KV_V_1_load_2_read' <Predicate = true> <Delay = 0.00>
ST_1 : Operation 280 [1/1] (0.00ns)   --->   "%KV_V_load_2_read = read i16 @_ssdm_op_Read.ap_auto.i16, i16 %KV_V_load_2"   --->   Operation 280 'read' 'KV_V_load_2_read' <Predicate = true> <Delay = 0.00>
ST_1 : Operation 281 [1/1] (0.00ns)   --->   "%sext_ln1347_52_read = read i16 @_ssdm_op_Read.ap_auto.i16, i16 %sext_ln1347_52"   --->   Operation 281 'read' 'sext_ln1347_52_read' <Predicate = true> <Delay = 0.00>
ST_1 : Operation 282 [1/1] (0.00ns)   --->   "%KV_V_15_load_1_read = read i16 @_ssdm_op_Read.ap_auto.i16, i16 %KV_V_15_load_1"   --->   Operation 282 'read' 'KV_V_15_load_1_read' <Predicate = true> <Delay = 0.00>
ST_1 : Operation 283 [1/1] (0.00ns)   --->   "%KV_V_14_load_1_read = read i16 @_ssdm_op_Read.ap_auto.i16, i16 %KV_V_14_load_1"   --->   Operation 283 'read' 'KV_V_14_load_1_read' <Predicate = true> <Delay = 0.00>
ST_1 : Operation 284 [1/1] (0.00ns)   --->   "%KV_V_13_load_1_read = read i16 @_ssdm_op_Read.ap_auto.i16, i16 %KV_V_13_load_1"   --->   Operation 284 'read' 'KV_V_13_load_1_read' <Predicate = true> <Delay = 0.00>
ST_1 : Operation 285 [1/1] (0.00ns)   --->   "%KV_V_12_load_1_read = read i16 @_ssdm_op_Read.ap_auto.i16, i16 %KV_V_12_load_1"   --->   Operation 285 'read' 'KV_V_12_load_1_read' <Predicate = true> <Delay = 0.00>
ST_1 : Operation 286 [1/1] (0.00ns)   --->   "%KV_V_11_load_1_read = read i16 @_ssdm_op_Read.ap_auto.i16, i16 %KV_V_11_load_1"   --->   Operation 286 'read' 'KV_V_11_load_1_read' <Predicate = true> <Delay = 0.00>
ST_1 : Operation 287 [1/1] (0.00ns)   --->   "%KV_V_10_load_1_read = read i16 @_ssdm_op_Read.ap_auto.i16, i16 %KV_V_10_load_1"   --->   Operation 287 'read' 'KV_V_10_load_1_read' <Predicate = true> <Delay = 0.00>
ST_1 : Operation 288 [1/1] (0.00ns)   --->   "%KV_V_9_load_1_read = read i16 @_ssdm_op_Read.ap_auto.i16, i16 %KV_V_9_load_1"   --->   Operation 288 'read' 'KV_V_9_load_1_read' <Predicate = true> <Delay = 0.00>
ST_1 : Operation 289 [1/1] (0.00ns)   --->   "%KV_V_8_load_1_read = read i16 @_ssdm_op_Read.ap_auto.i16, i16 %KV_V_8_load_1"   --->   Operation 289 'read' 'KV_V_8_load_1_read' <Predicate = true> <Delay = 0.00>
ST_1 : Operation 290 [1/1] (0.00ns)   --->   "%KV_V_7_load_1_read = read i16 @_ssdm_op_Read.ap_auto.i16, i16 %KV_V_7_load_1"   --->   Operation 290 'read' 'KV_V_7_load_1_read' <Predicate = true> <Delay = 0.00>
ST_1 : Operation 291 [1/1] (0.00ns)   --->   "%KV_V_6_load_1_read = read i16 @_ssdm_op_Read.ap_auto.i16, i16 %KV_V_6_load_1"   --->   Operation 291 'read' 'KV_V_6_load_1_read' <Predicate = true> <Delay = 0.00>
ST_1 : Operation 292 [1/1] (0.00ns)   --->   "%KV_V_5_load_1_read = read i16 @_ssdm_op_Read.ap_auto.i16, i16 %KV_V_5_load_1"   --->   Operation 292 'read' 'KV_V_5_load_1_read' <Predicate = true> <Delay = 0.00>
ST_1 : Operation 293 [1/1] (0.00ns)   --->   "%KV_V_4_load_1_read = read i16 @_ssdm_op_Read.ap_auto.i16, i16 %KV_V_4_load_1"   --->   Operation 293 'read' 'KV_V_4_load_1_read' <Predicate = true> <Delay = 0.00>
ST_1 : Operation 294 [1/1] (0.00ns)   --->   "%KV_V_3_load_1_read = read i16 @_ssdm_op_Read.ap_auto.i16, i16 %KV_V_3_load_1"   --->   Operation 294 'read' 'KV_V_3_load_1_read' <Predicate = true> <Delay = 0.00>
ST_1 : Operation 295 [1/1] (0.00ns)   --->   "%KV_V_2_load_1_read = read i16 @_ssdm_op_Read.ap_auto.i16, i16 %KV_V_2_load_1"   --->   Operation 295 'read' 'KV_V_2_load_1_read' <Predicate = true> <Delay = 0.00>
ST_1 : Operation 296 [1/1] (0.00ns)   --->   "%KV_V_1_load_1_read = read i16 @_ssdm_op_Read.ap_auto.i16, i16 %KV_V_1_load_1"   --->   Operation 296 'read' 'KV_V_1_load_1_read' <Predicate = true> <Delay = 0.00>
ST_1 : Operation 297 [1/1] (0.00ns)   --->   "%KV_V_load_1_read = read i16 @_ssdm_op_Read.ap_auto.i16, i16 %KV_V_load_1"   --->   Operation 297 'read' 'KV_V_load_1_read' <Predicate = true> <Delay = 0.00>
ST_1 : Operation 298 [1/1] (0.00ns)   --->   "%sext_ln818_2_read = read i16 @_ssdm_op_Read.ap_auto.i16, i16 %sext_ln818_2"   --->   Operation 298 'read' 'sext_ln818_2_read' <Predicate = true> <Delay = 0.00>
ST_1 : Operation 299 [1/1] (0.00ns)   --->   "%KV_V_15_load_read = read i16 @_ssdm_op_Read.ap_auto.i16, i16 %KV_V_15_load"   --->   Operation 299 'read' 'KV_V_15_load_read' <Predicate = true> <Delay = 0.00>
ST_1 : Operation 300 [1/1] (0.00ns)   --->   "%KV_V_14_load_read = read i16 @_ssdm_op_Read.ap_auto.i16, i16 %KV_V_14_load"   --->   Operation 300 'read' 'KV_V_14_load_read' <Predicate = true> <Delay = 0.00>
ST_1 : Operation 301 [1/1] (0.00ns)   --->   "%KV_V_13_load_read = read i16 @_ssdm_op_Read.ap_auto.i16, i16 %KV_V_13_load"   --->   Operation 301 'read' 'KV_V_13_load_read' <Predicate = true> <Delay = 0.00>
ST_1 : Operation 302 [1/1] (0.00ns)   --->   "%KV_V_12_load_read = read i16 @_ssdm_op_Read.ap_auto.i16, i16 %KV_V_12_load"   --->   Operation 302 'read' 'KV_V_12_load_read' <Predicate = true> <Delay = 0.00>
ST_1 : Operation 303 [1/1] (0.00ns)   --->   "%KV_V_11_load_read = read i16 @_ssdm_op_Read.ap_auto.i16, i16 %KV_V_11_load"   --->   Operation 303 'read' 'KV_V_11_load_read' <Predicate = true> <Delay = 0.00>
ST_1 : Operation 304 [1/1] (0.00ns)   --->   "%KV_V_10_load_read = read i16 @_ssdm_op_Read.ap_auto.i16, i16 %KV_V_10_load"   --->   Operation 304 'read' 'KV_V_10_load_read' <Predicate = true> <Delay = 0.00>
ST_1 : Operation 305 [1/1] (0.00ns)   --->   "%KV_V_9_load_read = read i16 @_ssdm_op_Read.ap_auto.i16, i16 %KV_V_9_load"   --->   Operation 305 'read' 'KV_V_9_load_read' <Predicate = true> <Delay = 0.00>
ST_1 : Operation 306 [1/1] (0.00ns)   --->   "%KV_V_8_load_read = read i16 @_ssdm_op_Read.ap_auto.i16, i16 %KV_V_8_load"   --->   Operation 306 'read' 'KV_V_8_load_read' <Predicate = true> <Delay = 0.00>
ST_1 : Operation 307 [1/1] (0.00ns)   --->   "%KV_V_7_load_read = read i16 @_ssdm_op_Read.ap_auto.i16, i16 %KV_V_7_load"   --->   Operation 307 'read' 'KV_V_7_load_read' <Predicate = true> <Delay = 0.00>
ST_1 : Operation 308 [1/1] (0.00ns)   --->   "%KV_V_6_load_read = read i16 @_ssdm_op_Read.ap_auto.i16, i16 %KV_V_6_load"   --->   Operation 308 'read' 'KV_V_6_load_read' <Predicate = true> <Delay = 0.00>
ST_1 : Operation 309 [1/1] (0.00ns)   --->   "%KV_V_5_load_read = read i16 @_ssdm_op_Read.ap_auto.i16, i16 %KV_V_5_load"   --->   Operation 309 'read' 'KV_V_5_load_read' <Predicate = true> <Delay = 0.00>
ST_1 : Operation 310 [1/1] (0.00ns)   --->   "%KV_V_4_load_read = read i16 @_ssdm_op_Read.ap_auto.i16, i16 %KV_V_4_load"   --->   Operation 310 'read' 'KV_V_4_load_read' <Predicate = true> <Delay = 0.00>
ST_1 : Operation 311 [1/1] (0.00ns)   --->   "%KV_V_3_load_read = read i16 @_ssdm_op_Read.ap_auto.i16, i16 %KV_V_3_load"   --->   Operation 311 'read' 'KV_V_3_load_read' <Predicate = true> <Delay = 0.00>
ST_1 : Operation 312 [1/1] (0.00ns)   --->   "%KV_V_2_load_read = read i16 @_ssdm_op_Read.ap_auto.i16, i16 %KV_V_2_load"   --->   Operation 312 'read' 'KV_V_2_load_read' <Predicate = true> <Delay = 0.00>
ST_1 : Operation 313 [1/1] (0.00ns)   --->   "%KV_V_1_load_read = read i16 @_ssdm_op_Read.ap_auto.i16, i16 %KV_V_1_load"   --->   Operation 313 'read' 'KV_V_1_load_read' <Predicate = true> <Delay = 0.00>
ST_1 : Operation 314 [1/1] (0.00ns)   --->   "%KV_V_load_read = read i16 @_ssdm_op_Read.ap_auto.i16, i16 %KV_V_load"   --->   Operation 314 'read' 'KV_V_load_read' <Predicate = true> <Delay = 0.00>
ST_1 : Operation 315 [1/1] (0.00ns)   --->   "%sext_ln1270_80_cast = sext i16 %sext_ln1270_80_read"   --->   Operation 315 'sext' 'sext_ln1270_80_cast' <Predicate = true> <Delay = 0.00>
ST_1 : Operation 316 [1/1] (0.00ns)   --->   "%sext_ln1347_66_cast = sext i16 %sext_ln1347_66_read"   --->   Operation 316 'sext' 'sext_ln1347_66_cast' <Predicate = true> <Delay = 0.00>
ST_1 : Operation 317 [1/1] (0.00ns)   --->   "%sext_ln1347_65_cast = sext i16 %sext_ln1347_65_read"   --->   Operation 317 'sext' 'sext_ln1347_65_cast' <Predicate = true> <Delay = 0.00>
ST_1 : Operation 318 [1/1] (0.00ns)   --->   "%sext_ln1347_64_cast = sext i16 %sext_ln1347_64_read"   --->   Operation 318 'sext' 'sext_ln1347_64_cast' <Predicate = true> <Delay = 0.00>
ST_1 : Operation 319 [1/1] (0.00ns)   --->   "%sext_ln1347_63_cast = sext i16 %sext_ln1347_63_read"   --->   Operation 319 'sext' 'sext_ln1347_63_cast' <Predicate = true> <Delay = 0.00>
ST_1 : Operation 320 [1/1] (0.00ns)   --->   "%sext_ln1347_62_cast = sext i16 %sext_ln1347_62_read"   --->   Operation 320 'sext' 'sext_ln1347_62_cast' <Predicate = true> <Delay = 0.00>
ST_1 : Operation 321 [1/1] (0.00ns)   --->   "%sext_ln1347_61_cast = sext i16 %sext_ln1347_61_read"   --->   Operation 321 'sext' 'sext_ln1347_61_cast' <Predicate = true> <Delay = 0.00>
ST_1 : Operation 322 [1/1] (0.00ns)   --->   "%sext_ln1347_60_cast = sext i16 %sext_ln1347_60_read"   --->   Operation 322 'sext' 'sext_ln1347_60_cast' <Predicate = true> <Delay = 0.00>
ST_1 : Operation 323 [1/1] (0.00ns)   --->   "%sext_ln1347_59_cast = sext i16 %sext_ln1347_59_read"   --->   Operation 323 'sext' 'sext_ln1347_59_cast' <Predicate = true> <Delay = 0.00>
ST_1 : Operation 324 [1/1] (0.00ns)   --->   "%sext_ln1347_58_cast = sext i16 %sext_ln1347_58_read"   --->   Operation 324 'sext' 'sext_ln1347_58_cast' <Predicate = true> <Delay = 0.00>
ST_1 : Operation 325 [1/1] (0.00ns)   --->   "%sext_ln1347_57_cast = sext i16 %sext_ln1347_57_read"   --->   Operation 325 'sext' 'sext_ln1347_57_cast' <Predicate = true> <Delay = 0.00>
ST_1 : Operation 326 [1/1] (0.00ns)   --->   "%sext_ln1347_56_cast = sext i16 %sext_ln1347_56_read"   --->   Operation 326 'sext' 'sext_ln1347_56_cast' <Predicate = true> <Delay = 0.00>
ST_1 : Operation 327 [1/1] (0.00ns)   --->   "%sext_ln1347_55_cast = sext i16 %sext_ln1347_55_read"   --->   Operation 327 'sext' 'sext_ln1347_55_cast' <Predicate = true> <Delay = 0.00>
ST_1 : Operation 328 [1/1] (0.00ns)   --->   "%sext_ln1347_54_cast = sext i16 %sext_ln1347_54_read"   --->   Operation 328 'sext' 'sext_ln1347_54_cast' <Predicate = true> <Delay = 0.00>
ST_1 : Operation 329 [1/1] (0.00ns)   --->   "%sext_ln1347_53_cast = sext i16 %sext_ln1347_53_read"   --->   Operation 329 'sext' 'sext_ln1347_53_cast' <Predicate = true> <Delay = 0.00>
ST_1 : Operation 330 [1/1] (0.00ns)   --->   "%sext_ln1347_52_cast = sext i16 %sext_ln1347_52_read"   --->   Operation 330 'sext' 'sext_ln1347_52_cast' <Predicate = true> <Delay = 0.00>
ST_1 : Operation 331 [1/1] (0.00ns)   --->   "%sext_ln818_2_cast = sext i16 %sext_ln818_2_read"   --->   Operation 331 'sext' 'sext_ln818_2_cast' <Predicate = true> <Delay = 0.00>
ST_1 : Operation 332 [1/1] (1.58ns)   --->   "%store_ln0 = store i5 0, i5 %d2"   --->   Operation 332 'store' 'store_ln0' <Predicate = true> <Delay = 1.58>
ST_1 : Operation 333 [1/1] (0.00ns)   --->   "%br_ln0 = br void %for.body206"   --->   Operation 333 'br' 'br_ln0' <Predicate = true> <Delay = 0.00>
ST_1 : Operation 334 [1/1] (0.00ns)   --->   "%d2_1 = load i5 %d2"   --->   Operation 334 'load' 'd2_1' <Predicate = true> <Delay = 0.00>
ST_1 : Operation 335 [1/1] (0.00ns)   --->   "%specpipeline_ln0 = specpipeline void @_ssdm_op_SpecPipeline, i32 4294967295, i32 0, i32 1, i32 0, void @p_str"   --->   Operation 335 'specpipeline' 'specpipeline_ln0' <Predicate = true> <Delay = 0.00>
ST_1 : Operation 336 [1/1] (1.36ns)   --->   "%icmp_ln134 = icmp_eq  i5 %d2_1, i5 16" [src/imgds_linear_dense_q16.cpp:134]   --->   Operation 336 'icmp' 'icmp_ln134' <Predicate = true> <Delay = 1.36> <CoreInst = "Cmp">   --->   Core 9 'Cmp' <Latency = 0> <II = 1> <Delay = 1.36> <FuncUnit> <Opcode : 'icmp'> <InPorts = 2> <OutPorts = 1>
ST_1 : Operation 337 [1/1] (0.00ns)   --->   "%empty = speclooptripcount i32 @_ssdm_op_SpecLoopTripCount, i64 16, i64 16, i64 16"   --->   Operation 337 'speclooptripcount' 'empty' <Predicate = true> <Delay = 0.00>
ST_1 : Operation 338 [1/1] (1.78ns)   --->   "%add_ln134 = add i5 %d2_1, i5 1" [src/imgds_linear_dense_q16.cpp:134]   --->   Operation 338 'add' 'add_ln134' <Predicate = true> <Delay = 1.78> <CoreInst = "Adder">   --->   Core 1 'Adder' <Latency = 0> <II = 1> <Delay = 1.78> <FuncUnit> <Opcode : 'add' 'sub'> <InPorts = 2> <OutPorts = 1>
ST_1 : Operation 339 [1/1] (0.00ns)   --->   "%br_ln134 = br i1 %icmp_ln134, void %for.body206.split, void %for.body244.preheader.exitStub" [src/imgds_linear_dense_q16.cpp:134]   --->   Operation 339 'br' 'br_ln134' <Predicate = true> <Delay = 0.00>
ST_1 : Operation 340 [1/1] (0.00ns)   --->   "%trunc_ln1273 = trunc i5 %d2_1"   --->   Operation 340 'trunc' 'trunc_ln1273' <Predicate = (!icmp_ln134)> <Delay = 0.00>
ST_1 : Operation 341 [1/1] (2.06ns)   --->   "%tmp_101 = mux i16 @_ssdm_op_Mux.ap_auto.16i16.i4, i16 %KV_V_load_read, i16 %KV_V_1_load_read, i16 %KV_V_2_load_read, i16 %KV_V_3_load_read, i16 %KV_V_4_load_read, i16 %KV_V_5_load_read, i16 %KV_V_6_load_read, i16 %KV_V_7_load_read, i16 %KV_V_8_load_read, i16 %KV_V_9_load_read, i16 %KV_V_10_load_read, i16 %KV_V_11_load_read, i16 %KV_V_12_load_read, i16 %KV_V_13_load_read, i16 %KV_V_14_load_read, i16 %KV_V_15_load_read, i4 %trunc_ln1273"   --->   Operation 341 'mux' 'tmp_101' <Predicate = (!icmp_ln134)> <Delay = 2.06> <CoreInst = "Multiplexer">   --->   Core 76 'Multiplexer' <Latency = 0> <II = 1> <Delay = 2.06> <FuncUnit> <Opcode : 'mux'> <InPorts = 2> <OutPorts = 1>
ST_1 : Operation 342 [1/1] (0.00ns)   --->   "%sext_ln818 = sext i16 %tmp_101"   --->   Operation 342 'sext' 'sext_ln818' <Predicate = (!icmp_ln134)> <Delay = 0.00>
ST_1 : Operation 343 [4/4] (2.15ns) (root node of the DSP)   --->   "%mul_ln818 = mul i30 %sext_ln818, i30 %sext_ln818_2_cast"   --->   Operation 343 'mul' 'mul_ln818' <Predicate = (!icmp_ln134)> <Delay = 2.15> <CoreInst = "DSP48">   --->   Core 119 'DSP48' <Latency = 3> <II = 1> <Delay = 2.15> <IPBlock> <Opcode : 'mul' 'add' 'sub' 'select'> <InPorts = 0> <OutPorts = 1> <Sync> <CReg>
ST_1 : Operation 344 [1/1] (0.95ns)   --->   "%switch_ln139 = switch i4 %trunc_ln1273, void %arrayidx228.case.15, i4 0, void %for.body206.split.arrayidx228.exit_crit_edge291, i4 1, void %arrayidx228.case.1, i4 2, void %arrayidx228.case.2, i4 3, void %arrayidx228.case.3, i4 4, void %arrayidx228.case.4, i4 5, void %arrayidx228.case.5, i4 6, void %arrayidx228.case.6, i4 7, void %arrayidx228.case.7, i4 8, void %arrayidx228.case.8, i4 9, void %arrayidx228.case.9, i4 10, void %arrayidx228.case.10, i4 11, void %arrayidx228.case.11, i4 12, void %arrayidx228.case.12, i4 13, void %arrayidx228.case.13, i4 14, void %for.body206.split.arrayidx228.exit_crit_edge" [src/imgds_linear_dense_q16.cpp:139]   --->   Operation 344 'switch' 'switch_ln139' <Predicate = (!icmp_ln134)> <Delay = 0.95>
ST_1 : Operation 345 [1/1] (1.58ns)   --->   "%store_ln134 = store i5 %add_ln134, i5 %d2" [src/imgds_linear_dense_q16.cpp:134]   --->   Operation 345 'store' 'store_ln134' <Predicate = (!icmp_ln134)> <Delay = 1.58>
ST_1 : Operation 346 [1/1] (0.00ns)   --->   "%br_ln134 = br void %for.body206" [src/imgds_linear_dense_q16.cpp:134]   --->   Operation 346 'br' 'br_ln134' <Predicate = (!icmp_ln134)> <Delay = 0.00>

State 2 <SV = 1> <Delay = 3.11>
ST_2 : Operation 347 [3/4] (2.15ns) (root node of the DSP)   --->   "%mul_ln818 = mul i30 %sext_ln818, i30 %sext_ln818_2_cast"   --->   Operation 347 'mul' 'mul_ln818' <Predicate = true> <Delay = 2.15> <CoreInst = "DSP48">   --->   Core 119 'DSP48' <Latency = 3> <II = 1> <Delay = 2.15> <IPBlock> <Opcode : 'mul' 'add' 'sub' 'select'> <InPorts = 0> <OutPorts = 1> <Sync> <CReg>
ST_2 : Operation 348 [1/1] (2.06ns)   --->   "%tmp_10_1 = mux i16 @_ssdm_op_Mux.ap_auto.16i16.i4, i16 %KV_V_load_1_read, i16 %KV_V_1_load_1_read, i16 %KV_V_2_load_1_read, i16 %KV_V_3_load_1_read, i16 %KV_V_4_load_1_read, i16 %KV_V_5_load_1_read, i16 %KV_V_6_load_1_read, i16 %KV_V_7_load_1_read, i16 %KV_V_8_load_1_read, i16 %KV_V_9_load_1_read, i16 %KV_V_10_load_1_read, i16 %KV_V_11_load_1_read, i16 %KV_V_12_load_1_read, i16 %KV_V_13_load_1_read, i16 %KV_V_14_load_1_read, i16 %KV_V_15_load_1_read, i4 %trunc_ln1273"   --->   Operation 348 'mux' 'tmp_10_1' <Predicate = true> <Delay = 2.06> <CoreInst = "Multiplexer">   --->   Core 76 'Multiplexer' <Latency = 0> <II = 1> <Delay = 2.06> <FuncUnit> <Opcode : 'mux'> <InPorts = 2> <OutPorts = 1>
ST_2 : Operation 349 [1/1] (0.00ns)   --->   "%sext_ln1347 = sext i16 %tmp_10_1"   --->   Operation 349 'sext' 'sext_ln1347' <Predicate = true> <Delay = 0.00>
ST_2 : Operation 350 [3/3] (1.05ns) (grouped into DSP with root node add_ln1347)   --->   "%mul_ln1347 = mul i30 %sext_ln1347, i30 %sext_ln1347_52_cast"   --->   Operation 350 'mul' 'mul_ln1347' <Predicate = true> <Delay = 1.05> <CoreInst = "DSP48">   --->   Core 119 'DSP48' <Latency = 3> <II = 1> <Delay = 2.15> <IPBlock> <Opcode : 'mul' 'add' 'sub' 'select'> <InPorts = 0> <OutPorts = 1> <Sync> <CReg>

State 3 <SV = 2> <Delay = 3.11>
ST_3 : Operation 351 [2/4] (2.15ns) (root node of the DSP)   --->   "%mul_ln818 = mul i30 %sext_ln818, i30 %sext_ln818_2_cast"   --->   Operation 351 'mul' 'mul_ln818' <Predicate = true> <Delay = 2.15> <CoreInst = "DSP48">   --->   Core 119 'DSP48' <Latency = 3> <II = 1> <Delay = 2.15> <IPBlock> <Opcode : 'mul' 'add' 'sub' 'select'> <InPorts = 0> <OutPorts = 1> <Sync> <CReg>
ST_3 : Operation 352 [2/3] (1.05ns) (grouped into DSP with root node add_ln1347)   --->   "%mul_ln1347 = mul i30 %sext_ln1347, i30 %sext_ln1347_52_cast"   --->   Operation 352 'mul' 'mul_ln1347' <Predicate = true> <Delay = 1.05> <CoreInst = "DSP48">   --->   Core 119 'DSP48' <Latency = 3> <II = 1> <Delay = 2.15> <IPBlock> <Opcode : 'mul' 'add' 'sub' 'select'> <InPorts = 0> <OutPorts = 1> <Sync> <CReg>
ST_3 : Operation 353 [1/1] (2.06ns)   --->   "%tmp_10_2 = mux i16 @_ssdm_op_Mux.ap_auto.16i16.i4, i16 %KV_V_load_2_read, i16 %KV_V_1_load_2_read, i16 %KV_V_2_load_2_read, i16 %KV_V_3_load_2_read, i16 %KV_V_4_load_2_read, i16 %KV_V_5_load_2_read, i16 %KV_V_6_load_2_read, i16 %KV_V_7_load_2_read, i16 %KV_V_8_load_2_read, i16 %KV_V_9_load_2_read, i16 %KV_V_10_load_2_read, i16 %KV_V_11_load_2_read, i16 %KV_V_12_load_2_read, i16 %KV_V_13_load_2_read, i16 %KV_V_14_load_2_read, i16 %KV_V_15_load_2_read, i4 %trunc_ln1273"   --->   Operation 353 'mux' 'tmp_10_2' <Predicate = true> <Delay = 2.06> <CoreInst = "Multiplexer">   --->   Core 76 'Multiplexer' <Latency = 0> <II = 1> <Delay = 2.06> <FuncUnit> <Opcode : 'mux'> <InPorts = 2> <OutPorts = 1>
ST_3 : Operation 354 [1/1] (0.00ns)   --->   "%sext_ln1347_40 = sext i16 %tmp_10_2"   --->   Operation 354 'sext' 'sext_ln1347_40' <Predicate = true> <Delay = 0.00>
ST_3 : Operation 355 [3/3] (1.05ns) (grouped into DSP with root node add_ln1347_1)   --->   "%mul_ln1347_74 = mul i30 %sext_ln1347_40, i30 %sext_ln1347_53_cast"   --->   Operation 355 'mul' 'mul_ln1347_74' <Predicate = true> <Delay = 1.05> <CoreInst = "DSP48">   --->   Core 119 'DSP48' <Latency = 3> <II = 1> <Delay = 2.15> <IPBlock> <Opcode : 'mul' 'add' 'sub' 'select'> <InPorts = 0> <OutPorts = 1> <Sync> <CReg>

State 4 <SV = 3> <Delay = 3.11>
ST_4 : Operation 356 [1/4] (0.00ns) (root node of the DSP)   --->   "%mul_ln818 = mul i30 %sext_ln818, i30 %sext_ln818_2_cast"   --->   Operation 356 'mul' 'mul_ln818' <Predicate = true> <Delay = 0.00> <CoreInst = "DSP48">   --->   Core 119 'DSP48' <Latency = 3> <II = 1> <Delay = 2.15> <IPBlock> <Opcode : 'mul' 'add' 'sub' 'select'> <InPorts = 0> <OutPorts = 1> <Sync> <CReg>
ST_4 : Operation 357 [1/3] (0.00ns) (grouped into DSP with root node add_ln1347)   --->   "%mul_ln1347 = mul i30 %sext_ln1347, i30 %sext_ln1347_52_cast"   --->   Operation 357 'mul' 'mul_ln1347' <Predicate = true> <Delay = 0.00> <CoreInst = "DSP48">   --->   Core 119 'DSP48' <Latency = 3> <II = 1> <Delay = 2.15> <IPBlock> <Opcode : 'mul' 'add' 'sub' 'select'> <InPorts = 0> <OutPorts = 1> <Sync> <CReg>
ST_4 : Operation 358 [1/1] (0.00ns)   --->   "%tmp_s = partselect i24 @_ssdm_op_PartSelect.i24.i30.i32.i32, i30 %mul_ln818, i32 6, i32 29"   --->   Operation 358 'partselect' 'tmp_s' <Predicate = true> <Delay = 0.00>
ST_4 : Operation 359 [1/1] (0.00ns)   --->   "%shl_ln2 = bitconcatenate i30 @_ssdm_op_BitConcatenate.i30.i24.i6, i24 %tmp_s, i6 0"   --->   Operation 359 'bitconcatenate' 'shl_ln2' <Predicate = true> <Delay = 0.00>
ST_4 : Operation 360 [2/2] (2.10ns) (root node of the DSP)   --->   "%add_ln1347 = add i30 %shl_ln2, i30 %mul_ln1347"   --->   Operation 360 'add' 'add_ln1347' <Predicate = true> <Delay = 2.10> <CoreInst = "DSP48">   --->   Core 119 'DSP48' <Latency = 3> <II = 1> <Delay = 2.15> <IPBlock> <Opcode : 'mul' 'add' 'sub' 'select'> <InPorts = 0> <OutPorts = 1> <Sync> <CReg>
ST_4 : Operation 361 [2/3] (1.05ns) (grouped into DSP with root node add_ln1347_1)   --->   "%mul_ln1347_74 = mul i30 %sext_ln1347_40, i30 %sext_ln1347_53_cast"   --->   Operation 361 'mul' 'mul_ln1347_74' <Predicate = true> <Delay = 1.05> <CoreInst = "DSP48">   --->   Core 119 'DSP48' <Latency = 3> <II = 1> <Delay = 2.15> <IPBlock> <Opcode : 'mul' 'add' 'sub' 'select'> <InPorts = 0> <OutPorts = 1> <Sync> <CReg>
ST_4 : Operation 362 [1/1] (2.06ns)   --->   "%tmp_10_3 = mux i16 @_ssdm_op_Mux.ap_auto.16i16.i4, i16 %KV_V_load_3_read, i16 %KV_V_1_load_3_read, i16 %KV_V_2_load_3_read, i16 %KV_V_3_load_3_read, i16 %KV_V_4_load_3_read, i16 %KV_V_5_load_3_read, i16 %KV_V_6_load_3_read, i16 %KV_V_7_load_3_read, i16 %KV_V_8_load_3_read, i16 %KV_V_9_load_3_read, i16 %KV_V_10_load_3_read, i16 %KV_V_11_load_3_read, i16 %KV_V_12_load_3_read, i16 %KV_V_13_load_3_read, i16 %KV_V_14_load_3_read, i16 %KV_V_15_load_3_read, i4 %trunc_ln1273"   --->   Operation 362 'mux' 'tmp_10_3' <Predicate = true> <Delay = 2.06> <CoreInst = "Multiplexer">   --->   Core 76 'Multiplexer' <Latency = 0> <II = 1> <Delay = 2.06> <FuncUnit> <Opcode : 'mux'> <InPorts = 2> <OutPorts = 1>
ST_4 : Operation 363 [1/1] (0.00ns)   --->   "%sext_ln1347_41 = sext i16 %tmp_10_3"   --->   Operation 363 'sext' 'sext_ln1347_41' <Predicate = true> <Delay = 0.00>
ST_4 : Operation 364 [3/3] (1.05ns) (grouped into DSP with root node add_ln1347_2)   --->   "%mul_ln1347_75 = mul i30 %sext_ln1347_41, i30 %sext_ln1347_54_cast"   --->   Operation 364 'mul' 'mul_ln1347_75' <Predicate = true> <Delay = 1.05> <CoreInst = "DSP48">   --->   Core 119 'DSP48' <Latency = 3> <II = 1> <Delay = 2.15> <IPBlock> <Opcode : 'mul' 'add' 'sub' 'select'> <InPorts = 0> <OutPorts = 1> <Sync> <CReg>

State 5 <SV = 4> <Delay = 4.20>
ST_5 : Operation 365 [1/2] (2.10ns) (root node of the DSP)   --->   "%add_ln1347 = add i30 %shl_ln2, i30 %mul_ln1347"   --->   Operation 365 'add' 'add_ln1347' <Predicate = true> <Delay = 2.10> <CoreInst = "DSP48">   --->   Core 119 'DSP48' <Latency = 3> <II = 1> <Delay = 2.15> <IPBlock> <Opcode : 'mul' 'add' 'sub' 'select'> <InPorts = 0> <OutPorts = 1> <Sync> <CReg>
ST_5 : Operation 366 [1/3] (0.00ns) (grouped into DSP with root node add_ln1347_1)   --->   "%mul_ln1347_74 = mul i30 %sext_ln1347_40, i30 %sext_ln1347_53_cast"   --->   Operation 366 'mul' 'mul_ln1347_74' <Predicate = true> <Delay = 0.00> <CoreInst = "DSP48">   --->   Core 119 'DSP48' <Latency = 3> <II = 1> <Delay = 2.15> <IPBlock> <Opcode : 'mul' 'add' 'sub' 'select'> <InPorts = 0> <OutPorts = 1> <Sync> <CReg>
ST_5 : Operation 367 [1/1] (0.00ns)   --->   "%tmp_822 = partselect i24 @_ssdm_op_PartSelect.i24.i30.i32.i32, i30 %add_ln1347, i32 6, i32 29"   --->   Operation 367 'partselect' 'tmp_822' <Predicate = true> <Delay = 0.00>
ST_5 : Operation 368 [1/1] (0.00ns)   --->   "%shl_ln838_1 = bitconcatenate i30 @_ssdm_op_BitConcatenate.i30.i24.i6, i24 %tmp_822, i6 0"   --->   Operation 368 'bitconcatenate' 'shl_ln838_1' <Predicate = true> <Delay = 0.00>
ST_5 : Operation 369 [2/2] (2.10ns) (root node of the DSP)   --->   "%add_ln1347_1 = add i30 %shl_ln838_1, i30 %mul_ln1347_74"   --->   Operation 369 'add' 'add_ln1347_1' <Predicate = true> <Delay = 2.10> <CoreInst = "DSP48">   --->   Core 119 'DSP48' <Latency = 3> <II = 1> <Delay = 2.15> <IPBlock> <Opcode : 'mul' 'add' 'sub' 'select'> <InPorts = 0> <OutPorts = 1> <Sync> <CReg>
ST_5 : Operation 370 [2/3] (1.05ns) (grouped into DSP with root node add_ln1347_2)   --->   "%mul_ln1347_75 = mul i30 %sext_ln1347_41, i30 %sext_ln1347_54_cast"   --->   Operation 370 'mul' 'mul_ln1347_75' <Predicate = true> <Delay = 1.05> <CoreInst = "DSP48">   --->   Core 119 'DSP48' <Latency = 3> <II = 1> <Delay = 2.15> <IPBlock> <Opcode : 'mul' 'add' 'sub' 'select'> <InPorts = 0> <OutPorts = 1> <Sync> <CReg>
ST_5 : Operation 371 [1/1] (2.06ns)   --->   "%tmp_10_4 = mux i16 @_ssdm_op_Mux.ap_auto.16i16.i4, i16 %KV_V_load_4_read, i16 %KV_V_1_load_4_read, i16 %KV_V_2_load_4_read, i16 %KV_V_3_load_4_read, i16 %KV_V_4_load_4_read, i16 %KV_V_5_load_4_read, i16 %KV_V_6_load_4_read, i16 %KV_V_7_load_4_read, i16 %KV_V_8_load_4_read, i16 %KV_V_9_load_4_read, i16 %KV_V_10_load_4_read, i16 %KV_V_11_load_4_read, i16 %KV_V_12_load_4_read, i16 %KV_V_13_load_4_read, i16 %KV_V_14_load_4_read, i16 %KV_V_15_load_4_read, i4 %trunc_ln1273"   --->   Operation 371 'mux' 'tmp_10_4' <Predicate = true> <Delay = 2.06> <CoreInst = "Multiplexer">   --->   Core 76 'Multiplexer' <Latency = 0> <II = 1> <Delay = 2.06> <FuncUnit> <Opcode : 'mux'> <InPorts = 2> <OutPorts = 1>
ST_5 : Operation 372 [1/1] (0.00ns)   --->   "%sext_ln1347_42 = sext i16 %tmp_10_4"   --->   Operation 372 'sext' 'sext_ln1347_42' <Predicate = true> <Delay = 0.00>
ST_5 : Operation 373 [3/3] (1.05ns) (grouped into DSP with root node add_ln1347_3)   --->   "%mul_ln1347_76 = mul i30 %sext_ln1347_42, i30 %sext_ln1347_55_cast"   --->   Operation 373 'mul' 'mul_ln1347_76' <Predicate = true> <Delay = 1.05> <CoreInst = "DSP48">   --->   Core 119 'DSP48' <Latency = 3> <II = 1> <Delay = 2.15> <IPBlock> <Opcode : 'mul' 'add' 'sub' 'select'> <InPorts = 0> <OutPorts = 1> <Sync> <CReg>

State 6 <SV = 5> <Delay = 4.20>
ST_6 : Operation 374 [1/2] (2.10ns) (root node of the DSP)   --->   "%add_ln1347_1 = add i30 %shl_ln838_1, i30 %mul_ln1347_74"   --->   Operation 374 'add' 'add_ln1347_1' <Predicate = true> <Delay = 2.10> <CoreInst = "DSP48">   --->   Core 119 'DSP48' <Latency = 3> <II = 1> <Delay = 2.15> <IPBlock> <Opcode : 'mul' 'add' 'sub' 'select'> <InPorts = 0> <OutPorts = 1> <Sync> <CReg>
ST_6 : Operation 375 [1/3] (0.00ns) (grouped into DSP with root node add_ln1347_2)   --->   "%mul_ln1347_75 = mul i30 %sext_ln1347_41, i30 %sext_ln1347_54_cast"   --->   Operation 375 'mul' 'mul_ln1347_75' <Predicate = true> <Delay = 0.00> <CoreInst = "DSP48">   --->   Core 119 'DSP48' <Latency = 3> <II = 1> <Delay = 2.15> <IPBlock> <Opcode : 'mul' 'add' 'sub' 'select'> <InPorts = 0> <OutPorts = 1> <Sync> <CReg>
ST_6 : Operation 376 [1/1] (0.00ns)   --->   "%tmp_823 = partselect i24 @_ssdm_op_PartSelect.i24.i30.i32.i32, i30 %add_ln1347_1, i32 6, i32 29"   --->   Operation 376 'partselect' 'tmp_823' <Predicate = true> <Delay = 0.00>
ST_6 : Operation 377 [1/1] (0.00ns)   --->   "%shl_ln838_2 = bitconcatenate i30 @_ssdm_op_BitConcatenate.i30.i24.i6, i24 %tmp_823, i6 0"   --->   Operation 377 'bitconcatenate' 'shl_ln838_2' <Predicate = true> <Delay = 0.00>
ST_6 : Operation 378 [2/2] (2.10ns) (root node of the DSP)   --->   "%add_ln1347_2 = add i30 %shl_ln838_2, i30 %mul_ln1347_75"   --->   Operation 378 'add' 'add_ln1347_2' <Predicate = true> <Delay = 2.10> <CoreInst = "DSP48">   --->   Core 119 'DSP48' <Latency = 3> <II = 1> <Delay = 2.15> <IPBlock> <Opcode : 'mul' 'add' 'sub' 'select'> <InPorts = 0> <OutPorts = 1> <Sync> <CReg>
ST_6 : Operation 379 [2/3] (1.05ns) (grouped into DSP with root node add_ln1347_3)   --->   "%mul_ln1347_76 = mul i30 %sext_ln1347_42, i30 %sext_ln1347_55_cast"   --->   Operation 379 'mul' 'mul_ln1347_76' <Predicate = true> <Delay = 1.05> <CoreInst = "DSP48">   --->   Core 119 'DSP48' <Latency = 3> <II = 1> <Delay = 2.15> <IPBlock> <Opcode : 'mul' 'add' 'sub' 'select'> <InPorts = 0> <OutPorts = 1> <Sync> <CReg>
ST_6 : Operation 380 [1/1] (2.06ns)   --->   "%tmp_10_5 = mux i16 @_ssdm_op_Mux.ap_auto.16i16.i4, i16 %KV_V_load_5_read, i16 %KV_V_1_load_5_read, i16 %KV_V_2_load_5_read, i16 %KV_V_3_load_5_read, i16 %KV_V_4_load_5_read, i16 %KV_V_5_load_5_read, i16 %KV_V_6_load_5_read, i16 %KV_V_7_load_5_read, i16 %KV_V_8_load_5_read, i16 %KV_V_9_load_5_read, i16 %KV_V_10_load_5_read, i16 %KV_V_11_load_5_read, i16 %KV_V_12_load_5_read, i16 %KV_V_13_load_5_read, i16 %KV_V_14_load_5_read, i16 %KV_V_15_load_5_read, i4 %trunc_ln1273"   --->   Operation 380 'mux' 'tmp_10_5' <Predicate = true> <Delay = 2.06> <CoreInst = "Multiplexer">   --->   Core 76 'Multiplexer' <Latency = 0> <II = 1> <Delay = 2.06> <FuncUnit> <Opcode : 'mux'> <InPorts = 2> <OutPorts = 1>
ST_6 : Operation 381 [1/1] (0.00ns)   --->   "%sext_ln1347_43 = sext i16 %tmp_10_5"   --->   Operation 381 'sext' 'sext_ln1347_43' <Predicate = true> <Delay = 0.00>
ST_6 : Operation 382 [3/3] (1.05ns) (grouped into DSP with root node add_ln1347_4)   --->   "%mul_ln1347_77 = mul i30 %sext_ln1347_43, i30 %sext_ln1347_56_cast"   --->   Operation 382 'mul' 'mul_ln1347_77' <Predicate = true> <Delay = 1.05> <CoreInst = "DSP48">   --->   Core 119 'DSP48' <Latency = 3> <II = 1> <Delay = 2.15> <IPBlock> <Opcode : 'mul' 'add' 'sub' 'select'> <InPorts = 0> <OutPorts = 1> <Sync> <CReg>

State 7 <SV = 6> <Delay = 4.20>
ST_7 : Operation 383 [1/2] (2.10ns) (root node of the DSP)   --->   "%add_ln1347_2 = add i30 %shl_ln838_2, i30 %mul_ln1347_75"   --->   Operation 383 'add' 'add_ln1347_2' <Predicate = true> <Delay = 2.10> <CoreInst = "DSP48">   --->   Core 119 'DSP48' <Latency = 3> <II = 1> <Delay = 2.15> <IPBlock> <Opcode : 'mul' 'add' 'sub' 'select'> <InPorts = 0> <OutPorts = 1> <Sync> <CReg>
ST_7 : Operation 384 [1/3] (0.00ns) (grouped into DSP with root node add_ln1347_3)   --->   "%mul_ln1347_76 = mul i30 %sext_ln1347_42, i30 %sext_ln1347_55_cast"   --->   Operation 384 'mul' 'mul_ln1347_76' <Predicate = true> <Delay = 0.00> <CoreInst = "DSP48">   --->   Core 119 'DSP48' <Latency = 3> <II = 1> <Delay = 2.15> <IPBlock> <Opcode : 'mul' 'add' 'sub' 'select'> <InPorts = 0> <OutPorts = 1> <Sync> <CReg>
ST_7 : Operation 385 [1/1] (0.00ns)   --->   "%tmp_824 = partselect i24 @_ssdm_op_PartSelect.i24.i30.i32.i32, i30 %add_ln1347_2, i32 6, i32 29"   --->   Operation 385 'partselect' 'tmp_824' <Predicate = true> <Delay = 0.00>
ST_7 : Operation 386 [1/1] (0.00ns)   --->   "%shl_ln838_3 = bitconcatenate i30 @_ssdm_op_BitConcatenate.i30.i24.i6, i24 %tmp_824, i6 0"   --->   Operation 386 'bitconcatenate' 'shl_ln838_3' <Predicate = true> <Delay = 0.00>
ST_7 : Operation 387 [2/2] (2.10ns) (root node of the DSP)   --->   "%add_ln1347_3 = add i30 %shl_ln838_3, i30 %mul_ln1347_76"   --->   Operation 387 'add' 'add_ln1347_3' <Predicate = true> <Delay = 2.10> <CoreInst = "DSP48">   --->   Core 119 'DSP48' <Latency = 3> <II = 1> <Delay = 2.15> <IPBlock> <Opcode : 'mul' 'add' 'sub' 'select'> <InPorts = 0> <OutPorts = 1> <Sync> <CReg>
ST_7 : Operation 388 [2/3] (1.05ns) (grouped into DSP with root node add_ln1347_4)   --->   "%mul_ln1347_77 = mul i30 %sext_ln1347_43, i30 %sext_ln1347_56_cast"   --->   Operation 388 'mul' 'mul_ln1347_77' <Predicate = true> <Delay = 1.05> <CoreInst = "DSP48">   --->   Core 119 'DSP48' <Latency = 3> <II = 1> <Delay = 2.15> <IPBlock> <Opcode : 'mul' 'add' 'sub' 'select'> <InPorts = 0> <OutPorts = 1> <Sync> <CReg>
ST_7 : Operation 389 [1/1] (2.06ns)   --->   "%tmp_10_6 = mux i16 @_ssdm_op_Mux.ap_auto.16i16.i4, i16 %KV_V_load_6_read, i16 %KV_V_1_load_6_read, i16 %KV_V_2_load_6_read, i16 %KV_V_3_load_6_read, i16 %KV_V_4_load_6_read, i16 %KV_V_5_load_6_read, i16 %KV_V_6_load_6_read, i16 %KV_V_7_load_6_read, i16 %KV_V_8_load_6_read, i16 %KV_V_9_load_6_read, i16 %KV_V_10_load_6_read, i16 %KV_V_11_load_6_read, i16 %KV_V_12_load_6_read, i16 %KV_V_13_load_6_read, i16 %KV_V_14_load_6_read, i16 %KV_V_15_load_6_read, i4 %trunc_ln1273"   --->   Operation 389 'mux' 'tmp_10_6' <Predicate = true> <Delay = 2.06> <CoreInst = "Multiplexer">   --->   Core 76 'Multiplexer' <Latency = 0> <II = 1> <Delay = 2.06> <FuncUnit> <Opcode : 'mux'> <InPorts = 2> <OutPorts = 1>
ST_7 : Operation 390 [1/1] (0.00ns)   --->   "%sext_ln1347_44 = sext i16 %tmp_10_6"   --->   Operation 390 'sext' 'sext_ln1347_44' <Predicate = true> <Delay = 0.00>
ST_7 : Operation 391 [3/3] (1.05ns) (grouped into DSP with root node add_ln1347_5)   --->   "%mul_ln1347_78 = mul i30 %sext_ln1347_44, i30 %sext_ln1347_57_cast"   --->   Operation 391 'mul' 'mul_ln1347_78' <Predicate = true> <Delay = 1.05> <CoreInst = "DSP48">   --->   Core 119 'DSP48' <Latency = 3> <II = 1> <Delay = 2.15> <IPBlock> <Opcode : 'mul' 'add' 'sub' 'select'> <InPorts = 0> <OutPorts = 1> <Sync> <CReg>

State 8 <SV = 7> <Delay = 4.20>
ST_8 : Operation 392 [1/2] (2.10ns) (root node of the DSP)   --->   "%add_ln1347_3 = add i30 %shl_ln838_3, i30 %mul_ln1347_76"   --->   Operation 392 'add' 'add_ln1347_3' <Predicate = true> <Delay = 2.10> <CoreInst = "DSP48">   --->   Core 119 'DSP48' <Latency = 3> <II = 1> <Delay = 2.15> <IPBlock> <Opcode : 'mul' 'add' 'sub' 'select'> <InPorts = 0> <OutPorts = 1> <Sync> <CReg>
ST_8 : Operation 393 [1/3] (0.00ns) (grouped into DSP with root node add_ln1347_4)   --->   "%mul_ln1347_77 = mul i30 %sext_ln1347_43, i30 %sext_ln1347_56_cast"   --->   Operation 393 'mul' 'mul_ln1347_77' <Predicate = true> <Delay = 0.00> <CoreInst = "DSP48">   --->   Core 119 'DSP48' <Latency = 3> <II = 1> <Delay = 2.15> <IPBlock> <Opcode : 'mul' 'add' 'sub' 'select'> <InPorts = 0> <OutPorts = 1> <Sync> <CReg>
ST_8 : Operation 394 [1/1] (0.00ns)   --->   "%tmp_825 = partselect i24 @_ssdm_op_PartSelect.i24.i30.i32.i32, i30 %add_ln1347_3, i32 6, i32 29"   --->   Operation 394 'partselect' 'tmp_825' <Predicate = true> <Delay = 0.00>
ST_8 : Operation 395 [1/1] (0.00ns)   --->   "%shl_ln838_4 = bitconcatenate i30 @_ssdm_op_BitConcatenate.i30.i24.i6, i24 %tmp_825, i6 0"   --->   Operation 395 'bitconcatenate' 'shl_ln838_4' <Predicate = true> <Delay = 0.00>
ST_8 : Operation 396 [2/2] (2.10ns) (root node of the DSP)   --->   "%add_ln1347_4 = add i30 %shl_ln838_4, i30 %mul_ln1347_77"   --->   Operation 396 'add' 'add_ln1347_4' <Predicate = true> <Delay = 2.10> <CoreInst = "DSP48">   --->   Core 119 'DSP48' <Latency = 3> <II = 1> <Delay = 2.15> <IPBlock> <Opcode : 'mul' 'add' 'sub' 'select'> <InPorts = 0> <OutPorts = 1> <Sync> <CReg>
ST_8 : Operation 397 [2/3] (1.05ns) (grouped into DSP with root node add_ln1347_5)   --->   "%mul_ln1347_78 = mul i30 %sext_ln1347_44, i30 %sext_ln1347_57_cast"   --->   Operation 397 'mul' 'mul_ln1347_78' <Predicate = true> <Delay = 1.05> <CoreInst = "DSP48">   --->   Core 119 'DSP48' <Latency = 3> <II = 1> <Delay = 2.15> <IPBlock> <Opcode : 'mul' 'add' 'sub' 'select'> <InPorts = 0> <OutPorts = 1> <Sync> <CReg>
ST_8 : Operation 398 [1/1] (2.06ns)   --->   "%tmp_10_7 = mux i16 @_ssdm_op_Mux.ap_auto.16i16.i4, i16 %KV_V_load_7_read, i16 %KV_V_1_load_7_read, i16 %KV_V_2_load_7_read, i16 %KV_V_3_load_7_read, i16 %KV_V_4_load_7_read, i16 %KV_V_5_load_7_read, i16 %KV_V_6_load_7_read, i16 %KV_V_7_load_7_read, i16 %KV_V_8_load_7_read, i16 %KV_V_9_load_7_read, i16 %KV_V_10_load_7_read, i16 %KV_V_11_load_7_read, i16 %KV_V_12_load_7_read, i16 %KV_V_13_load_7_read, i16 %KV_V_14_load_7_read, i16 %KV_V_15_load_7_read, i4 %trunc_ln1273"   --->   Operation 398 'mux' 'tmp_10_7' <Predicate = true> <Delay = 2.06> <CoreInst = "Multiplexer">   --->   Core 76 'Multiplexer' <Latency = 0> <II = 1> <Delay = 2.06> <FuncUnit> <Opcode : 'mux'> <InPorts = 2> <OutPorts = 1>
ST_8 : Operation 399 [1/1] (0.00ns)   --->   "%sext_ln1347_45 = sext i16 %tmp_10_7"   --->   Operation 399 'sext' 'sext_ln1347_45' <Predicate = true> <Delay = 0.00>
ST_8 : Operation 400 [3/3] (1.05ns) (grouped into DSP with root node add_ln1347_6)   --->   "%mul_ln1347_79 = mul i30 %sext_ln1347_45, i30 %sext_ln1347_58_cast"   --->   Operation 400 'mul' 'mul_ln1347_79' <Predicate = true> <Delay = 1.05> <CoreInst = "DSP48">   --->   Core 119 'DSP48' <Latency = 3> <II = 1> <Delay = 2.15> <IPBlock> <Opcode : 'mul' 'add' 'sub' 'select'> <InPorts = 0> <OutPorts = 1> <Sync> <CReg>

State 9 <SV = 8> <Delay = 4.20>
ST_9 : Operation 401 [1/2] (2.10ns) (root node of the DSP)   --->   "%add_ln1347_4 = add i30 %shl_ln838_4, i30 %mul_ln1347_77"   --->   Operation 401 'add' 'add_ln1347_4' <Predicate = true> <Delay = 2.10> <CoreInst = "DSP48">   --->   Core 119 'DSP48' <Latency = 3> <II = 1> <Delay = 2.15> <IPBlock> <Opcode : 'mul' 'add' 'sub' 'select'> <InPorts = 0> <OutPorts = 1> <Sync> <CReg>
ST_9 : Operation 402 [1/3] (0.00ns) (grouped into DSP with root node add_ln1347_5)   --->   "%mul_ln1347_78 = mul i30 %sext_ln1347_44, i30 %sext_ln1347_57_cast"   --->   Operation 402 'mul' 'mul_ln1347_78' <Predicate = true> <Delay = 0.00> <CoreInst = "DSP48">   --->   Core 119 'DSP48' <Latency = 3> <II = 1> <Delay = 2.15> <IPBlock> <Opcode : 'mul' 'add' 'sub' 'select'> <InPorts = 0> <OutPorts = 1> <Sync> <CReg>
ST_9 : Operation 403 [1/1] (0.00ns)   --->   "%tmp_826 = partselect i24 @_ssdm_op_PartSelect.i24.i30.i32.i32, i30 %add_ln1347_4, i32 6, i32 29"   --->   Operation 403 'partselect' 'tmp_826' <Predicate = true> <Delay = 0.00>
ST_9 : Operation 404 [1/1] (0.00ns)   --->   "%shl_ln838_5 = bitconcatenate i30 @_ssdm_op_BitConcatenate.i30.i24.i6, i24 %tmp_826, i6 0"   --->   Operation 404 'bitconcatenate' 'shl_ln838_5' <Predicate = true> <Delay = 0.00>
ST_9 : Operation 405 [2/2] (2.10ns) (root node of the DSP)   --->   "%add_ln1347_5 = add i30 %shl_ln838_5, i30 %mul_ln1347_78"   --->   Operation 405 'add' 'add_ln1347_5' <Predicate = true> <Delay = 2.10> <CoreInst = "DSP48">   --->   Core 119 'DSP48' <Latency = 3> <II = 1> <Delay = 2.15> <IPBlock> <Opcode : 'mul' 'add' 'sub' 'select'> <InPorts = 0> <OutPorts = 1> <Sync> <CReg>
ST_9 : Operation 406 [2/3] (1.05ns) (grouped into DSP with root node add_ln1347_6)   --->   "%mul_ln1347_79 = mul i30 %sext_ln1347_45, i30 %sext_ln1347_58_cast"   --->   Operation 406 'mul' 'mul_ln1347_79' <Predicate = true> <Delay = 1.05> <CoreInst = "DSP48">   --->   Core 119 'DSP48' <Latency = 3> <II = 1> <Delay = 2.15> <IPBlock> <Opcode : 'mul' 'add' 'sub' 'select'> <InPorts = 0> <OutPorts = 1> <Sync> <CReg>
ST_9 : Operation 407 [1/1] (2.06ns)   --->   "%tmp_10_8 = mux i16 @_ssdm_op_Mux.ap_auto.16i16.i4, i16 %KV_V_load_8_read, i16 %KV_V_1_load_8_read, i16 %KV_V_2_load_8_read, i16 %KV_V_3_load_8_read, i16 %KV_V_4_load_8_read, i16 %KV_V_5_load_8_read, i16 %KV_V_6_load_8_read, i16 %KV_V_7_load_8_read, i16 %KV_V_8_load_8_read, i16 %KV_V_9_load_8_read, i16 %KV_V_10_load_8_read, i16 %KV_V_11_load_8_read, i16 %KV_V_12_load_8_read, i16 %KV_V_13_load_8_read, i16 %KV_V_14_load_8_read, i16 %KV_V_15_load_8_read, i4 %trunc_ln1273"   --->   Operation 407 'mux' 'tmp_10_8' <Predicate = true> <Delay = 2.06> <CoreInst = "Multiplexer">   --->   Core 76 'Multiplexer' <Latency = 0> <II = 1> <Delay = 2.06> <FuncUnit> <Opcode : 'mux'> <InPorts = 2> <OutPorts = 1>
ST_9 : Operation 408 [1/1] (0.00ns)   --->   "%sext_ln1347_46 = sext i16 %tmp_10_8"   --->   Operation 408 'sext' 'sext_ln1347_46' <Predicate = true> <Delay = 0.00>
ST_9 : Operation 409 [3/3] (1.05ns) (grouped into DSP with root node add_ln1347_7)   --->   "%mul_ln1347_80 = mul i30 %sext_ln1347_46, i30 %sext_ln1347_59_cast"   --->   Operation 409 'mul' 'mul_ln1347_80' <Predicate = true> <Delay = 1.05> <CoreInst = "DSP48">   --->   Core 119 'DSP48' <Latency = 3> <II = 1> <Delay = 2.15> <IPBlock> <Opcode : 'mul' 'add' 'sub' 'select'> <InPorts = 0> <OutPorts = 1> <Sync> <CReg>

State 10 <SV = 9> <Delay = 4.20>
ST_10 : Operation 410 [1/2] (2.10ns) (root node of the DSP)   --->   "%add_ln1347_5 = add i30 %shl_ln838_5, i30 %mul_ln1347_78"   --->   Operation 410 'add' 'add_ln1347_5' <Predicate = true> <Delay = 2.10> <CoreInst = "DSP48">   --->   Core 119 'DSP48' <Latency = 3> <II = 1> <Delay = 2.15> <IPBlock> <Opcode : 'mul' 'add' 'sub' 'select'> <InPorts = 0> <OutPorts = 1> <Sync> <CReg>
ST_10 : Operation 411 [1/3] (0.00ns) (grouped into DSP with root node add_ln1347_6)   --->   "%mul_ln1347_79 = mul i30 %sext_ln1347_45, i30 %sext_ln1347_58_cast"   --->   Operation 411 'mul' 'mul_ln1347_79' <Predicate = true> <Delay = 0.00> <CoreInst = "DSP48">   --->   Core 119 'DSP48' <Latency = 3> <II = 1> <Delay = 2.15> <IPBlock> <Opcode : 'mul' 'add' 'sub' 'select'> <InPorts = 0> <OutPorts = 1> <Sync> <CReg>
ST_10 : Operation 412 [1/1] (0.00ns)   --->   "%tmp_827 = partselect i24 @_ssdm_op_PartSelect.i24.i30.i32.i32, i30 %add_ln1347_5, i32 6, i32 29"   --->   Operation 412 'partselect' 'tmp_827' <Predicate = true> <Delay = 0.00>
ST_10 : Operation 413 [1/1] (0.00ns)   --->   "%shl_ln838_6 = bitconcatenate i30 @_ssdm_op_BitConcatenate.i30.i24.i6, i24 %tmp_827, i6 0"   --->   Operation 413 'bitconcatenate' 'shl_ln838_6' <Predicate = true> <Delay = 0.00>
ST_10 : Operation 414 [2/2] (2.10ns) (root node of the DSP)   --->   "%add_ln1347_6 = add i30 %shl_ln838_6, i30 %mul_ln1347_79"   --->   Operation 414 'add' 'add_ln1347_6' <Predicate = true> <Delay = 2.10> <CoreInst = "DSP48">   --->   Core 119 'DSP48' <Latency = 3> <II = 1> <Delay = 2.15> <IPBlock> <Opcode : 'mul' 'add' 'sub' 'select'> <InPorts = 0> <OutPorts = 1> <Sync> <CReg>
ST_10 : Operation 415 [2/3] (1.05ns) (grouped into DSP with root node add_ln1347_7)   --->   "%mul_ln1347_80 = mul i30 %sext_ln1347_46, i30 %sext_ln1347_59_cast"   --->   Operation 415 'mul' 'mul_ln1347_80' <Predicate = true> <Delay = 1.05> <CoreInst = "DSP48">   --->   Core 119 'DSP48' <Latency = 3> <II = 1> <Delay = 2.15> <IPBlock> <Opcode : 'mul' 'add' 'sub' 'select'> <InPorts = 0> <OutPorts = 1> <Sync> <CReg>
ST_10 : Operation 416 [1/1] (2.06ns)   --->   "%tmp_10_9 = mux i16 @_ssdm_op_Mux.ap_auto.16i16.i4, i16 %KV_V_load_9_read, i16 %KV_V_1_load_9_read, i16 %KV_V_2_load_9_read, i16 %KV_V_3_load_9_read, i16 %KV_V_4_load_9_read, i16 %KV_V_5_load_9_read, i16 %KV_V_6_load_9_read, i16 %KV_V_7_load_9_read, i16 %KV_V_8_load_9_read, i16 %KV_V_9_load_9_read, i16 %KV_V_10_load_9_read, i16 %KV_V_11_load_9_read, i16 %KV_V_12_load_9_read, i16 %KV_V_13_load_9_read, i16 %KV_V_14_load_9_read, i16 %KV_V_15_load_9_read, i4 %trunc_ln1273"   --->   Operation 416 'mux' 'tmp_10_9' <Predicate = true> <Delay = 2.06> <CoreInst = "Multiplexer">   --->   Core 76 'Multiplexer' <Latency = 0> <II = 1> <Delay = 2.06> <FuncUnit> <Opcode : 'mux'> <InPorts = 2> <OutPorts = 1>
ST_10 : Operation 417 [1/1] (0.00ns)   --->   "%sext_ln1347_47 = sext i16 %tmp_10_9"   --->   Operation 417 'sext' 'sext_ln1347_47' <Predicate = true> <Delay = 0.00>
ST_10 : Operation 418 [3/3] (1.05ns) (grouped into DSP with root node add_ln1347_8)   --->   "%mul_ln1347_81 = mul i30 %sext_ln1347_47, i30 %sext_ln1347_60_cast"   --->   Operation 418 'mul' 'mul_ln1347_81' <Predicate = true> <Delay = 1.05> <CoreInst = "DSP48">   --->   Core 119 'DSP48' <Latency = 3> <II = 1> <Delay = 2.15> <IPBlock> <Opcode : 'mul' 'add' 'sub' 'select'> <InPorts = 0> <OutPorts = 1> <Sync> <CReg>

State 11 <SV = 10> <Delay = 4.20>
ST_11 : Operation 419 [1/2] (2.10ns) (root node of the DSP)   --->   "%add_ln1347_6 = add i30 %shl_ln838_6, i30 %mul_ln1347_79"   --->   Operation 419 'add' 'add_ln1347_6' <Predicate = true> <Delay = 2.10> <CoreInst = "DSP48">   --->   Core 119 'DSP48' <Latency = 3> <II = 1> <Delay = 2.15> <IPBlock> <Opcode : 'mul' 'add' 'sub' 'select'> <InPorts = 0> <OutPorts = 1> <Sync> <CReg>
ST_11 : Operation 420 [1/3] (0.00ns) (grouped into DSP with root node add_ln1347_7)   --->   "%mul_ln1347_80 = mul i30 %sext_ln1347_46, i30 %sext_ln1347_59_cast"   --->   Operation 420 'mul' 'mul_ln1347_80' <Predicate = true> <Delay = 0.00> <CoreInst = "DSP48">   --->   Core 119 'DSP48' <Latency = 3> <II = 1> <Delay = 2.15> <IPBlock> <Opcode : 'mul' 'add' 'sub' 'select'> <InPorts = 0> <OutPorts = 1> <Sync> <CReg>
ST_11 : Operation 421 [1/1] (0.00ns)   --->   "%tmp_828 = partselect i24 @_ssdm_op_PartSelect.i24.i30.i32.i32, i30 %add_ln1347_6, i32 6, i32 29"   --->   Operation 421 'partselect' 'tmp_828' <Predicate = true> <Delay = 0.00>
ST_11 : Operation 422 [1/1] (0.00ns)   --->   "%shl_ln838_7 = bitconcatenate i30 @_ssdm_op_BitConcatenate.i30.i24.i6, i24 %tmp_828, i6 0"   --->   Operation 422 'bitconcatenate' 'shl_ln838_7' <Predicate = true> <Delay = 0.00>
ST_11 : Operation 423 [2/2] (2.10ns) (root node of the DSP)   --->   "%add_ln1347_7 = add i30 %shl_ln838_7, i30 %mul_ln1347_80"   --->   Operation 423 'add' 'add_ln1347_7' <Predicate = true> <Delay = 2.10> <CoreInst = "DSP48">   --->   Core 119 'DSP48' <Latency = 3> <II = 1> <Delay = 2.15> <IPBlock> <Opcode : 'mul' 'add' 'sub' 'select'> <InPorts = 0> <OutPorts = 1> <Sync> <CReg>
ST_11 : Operation 424 [2/3] (1.05ns) (grouped into DSP with root node add_ln1347_8)   --->   "%mul_ln1347_81 = mul i30 %sext_ln1347_47, i30 %sext_ln1347_60_cast"   --->   Operation 424 'mul' 'mul_ln1347_81' <Predicate = true> <Delay = 1.05> <CoreInst = "DSP48">   --->   Core 119 'DSP48' <Latency = 3> <II = 1> <Delay = 2.15> <IPBlock> <Opcode : 'mul' 'add' 'sub' 'select'> <InPorts = 0> <OutPorts = 1> <Sync> <CReg>
ST_11 : Operation 425 [1/1] (2.06ns)   --->   "%tmp_10_s = mux i16 @_ssdm_op_Mux.ap_auto.16i16.i4, i16 %KV_V_load_10_read, i16 %KV_V_1_load_10_read, i16 %KV_V_2_load_10_read, i16 %KV_V_3_load_10_read, i16 %KV_V_4_load_10_read, i16 %KV_V_5_load_10_read, i16 %KV_V_6_load_10_read, i16 %KV_V_7_load_10_read, i16 %KV_V_8_load_10_read, i16 %KV_V_9_load_10_read, i16 %KV_V_10_load_10_read, i16 %KV_V_11_load_10_read, i16 %KV_V_12_load_10_read, i16 %KV_V_13_load_10_read, i16 %KV_V_14_load_10_read, i16 %KV_V_15_load_10_read, i4 %trunc_ln1273"   --->   Operation 425 'mux' 'tmp_10_s' <Predicate = true> <Delay = 2.06> <CoreInst = "Multiplexer">   --->   Core 76 'Multiplexer' <Latency = 0> <II = 1> <Delay = 2.06> <FuncUnit> <Opcode : 'mux'> <InPorts = 2> <OutPorts = 1>
ST_11 : Operation 426 [1/1] (0.00ns)   --->   "%sext_ln1347_48 = sext i16 %tmp_10_s"   --->   Operation 426 'sext' 'sext_ln1347_48' <Predicate = true> <Delay = 0.00>
ST_11 : Operation 427 [3/3] (1.05ns) (grouped into DSP with root node add_ln1347_9)   --->   "%mul_ln1347_82 = mul i30 %sext_ln1347_48, i30 %sext_ln1347_61_cast"   --->   Operation 427 'mul' 'mul_ln1347_82' <Predicate = true> <Delay = 1.05> <CoreInst = "DSP48">   --->   Core 119 'DSP48' <Latency = 3> <II = 1> <Delay = 2.15> <IPBlock> <Opcode : 'mul' 'add' 'sub' 'select'> <InPorts = 0> <OutPorts = 1> <Sync> <CReg>

State 12 <SV = 11> <Delay = 4.20>
ST_12 : Operation 428 [1/2] (2.10ns) (root node of the DSP)   --->   "%add_ln1347_7 = add i30 %shl_ln838_7, i30 %mul_ln1347_80"   --->   Operation 428 'add' 'add_ln1347_7' <Predicate = true> <Delay = 2.10> <CoreInst = "DSP48">   --->   Core 119 'DSP48' <Latency = 3> <II = 1> <Delay = 2.15> <IPBlock> <Opcode : 'mul' 'add' 'sub' 'select'> <InPorts = 0> <OutPorts = 1> <Sync> <CReg>
ST_12 : Operation 429 [1/3] (0.00ns) (grouped into DSP with root node add_ln1347_8)   --->   "%mul_ln1347_81 = mul i30 %sext_ln1347_47, i30 %sext_ln1347_60_cast"   --->   Operation 429 'mul' 'mul_ln1347_81' <Predicate = true> <Delay = 0.00> <CoreInst = "DSP48">   --->   Core 119 'DSP48' <Latency = 3> <II = 1> <Delay = 2.15> <IPBlock> <Opcode : 'mul' 'add' 'sub' 'select'> <InPorts = 0> <OutPorts = 1> <Sync> <CReg>
ST_12 : Operation 430 [1/1] (0.00ns)   --->   "%tmp_829 = partselect i24 @_ssdm_op_PartSelect.i24.i30.i32.i32, i30 %add_ln1347_7, i32 6, i32 29"   --->   Operation 430 'partselect' 'tmp_829' <Predicate = true> <Delay = 0.00>
ST_12 : Operation 431 [1/1] (0.00ns)   --->   "%shl_ln838_8 = bitconcatenate i30 @_ssdm_op_BitConcatenate.i30.i24.i6, i24 %tmp_829, i6 0"   --->   Operation 431 'bitconcatenate' 'shl_ln838_8' <Predicate = true> <Delay = 0.00>
ST_12 : Operation 432 [2/2] (2.10ns) (root node of the DSP)   --->   "%add_ln1347_8 = add i30 %shl_ln838_8, i30 %mul_ln1347_81"   --->   Operation 432 'add' 'add_ln1347_8' <Predicate = true> <Delay = 2.10> <CoreInst = "DSP48">   --->   Core 119 'DSP48' <Latency = 3> <II = 1> <Delay = 2.15> <IPBlock> <Opcode : 'mul' 'add' 'sub' 'select'> <InPorts = 0> <OutPorts = 1> <Sync> <CReg>
ST_12 : Operation 433 [2/3] (1.05ns) (grouped into DSP with root node add_ln1347_9)   --->   "%mul_ln1347_82 = mul i30 %sext_ln1347_48, i30 %sext_ln1347_61_cast"   --->   Operation 433 'mul' 'mul_ln1347_82' <Predicate = true> <Delay = 1.05> <CoreInst = "DSP48">   --->   Core 119 'DSP48' <Latency = 3> <II = 1> <Delay = 2.15> <IPBlock> <Opcode : 'mul' 'add' 'sub' 'select'> <InPorts = 0> <OutPorts = 1> <Sync> <CReg>
ST_12 : Operation 434 [1/1] (2.06ns)   --->   "%tmp_10_10 = mux i16 @_ssdm_op_Mux.ap_auto.16i16.i4, i16 %KV_V_load_11_read, i16 %KV_V_1_load_11_read, i16 %KV_V_2_load_11_read, i16 %KV_V_3_load_11_read, i16 %KV_V_4_load_11_read, i16 %KV_V_5_load_11_read, i16 %KV_V_6_load_11_read, i16 %KV_V_7_load_11_read, i16 %KV_V_8_load_11_read, i16 %KV_V_9_load_11_read, i16 %KV_V_10_load_11_read, i16 %KV_V_11_load_11_read, i16 %KV_V_12_load_11_read, i16 %KV_V_13_load_11_read, i16 %KV_V_14_load_11_read, i16 %KV_V_15_load_11_read, i4 %trunc_ln1273"   --->   Operation 434 'mux' 'tmp_10_10' <Predicate = true> <Delay = 2.06> <CoreInst = "Multiplexer">   --->   Core 76 'Multiplexer' <Latency = 0> <II = 1> <Delay = 2.06> <FuncUnit> <Opcode : 'mux'> <InPorts = 2> <OutPorts = 1>
ST_12 : Operation 435 [1/1] (0.00ns)   --->   "%sext_ln1347_49 = sext i16 %tmp_10_10"   --->   Operation 435 'sext' 'sext_ln1347_49' <Predicate = true> <Delay = 0.00>
ST_12 : Operation 436 [3/3] (1.05ns) (grouped into DSP with root node add_ln1347_10)   --->   "%mul_ln1347_83 = mul i30 %sext_ln1347_49, i30 %sext_ln1347_62_cast"   --->   Operation 436 'mul' 'mul_ln1347_83' <Predicate = true> <Delay = 1.05> <CoreInst = "DSP48">   --->   Core 119 'DSP48' <Latency = 3> <II = 1> <Delay = 2.15> <IPBlock> <Opcode : 'mul' 'add' 'sub' 'select'> <InPorts = 0> <OutPorts = 1> <Sync> <CReg>

State 13 <SV = 12> <Delay = 4.20>
ST_13 : Operation 437 [1/2] (2.10ns) (root node of the DSP)   --->   "%add_ln1347_8 = add i30 %shl_ln838_8, i30 %mul_ln1347_81"   --->   Operation 437 'add' 'add_ln1347_8' <Predicate = true> <Delay = 2.10> <CoreInst = "DSP48">   --->   Core 119 'DSP48' <Latency = 3> <II = 1> <Delay = 2.15> <IPBlock> <Opcode : 'mul' 'add' 'sub' 'select'> <InPorts = 0> <OutPorts = 1> <Sync> <CReg>
ST_13 : Operation 438 [1/3] (0.00ns) (grouped into DSP with root node add_ln1347_9)   --->   "%mul_ln1347_82 = mul i30 %sext_ln1347_48, i30 %sext_ln1347_61_cast"   --->   Operation 438 'mul' 'mul_ln1347_82' <Predicate = true> <Delay = 0.00> <CoreInst = "DSP48">   --->   Core 119 'DSP48' <Latency = 3> <II = 1> <Delay = 2.15> <IPBlock> <Opcode : 'mul' 'add' 'sub' 'select'> <InPorts = 0> <OutPorts = 1> <Sync> <CReg>
ST_13 : Operation 439 [1/1] (0.00ns)   --->   "%tmp_830 = partselect i24 @_ssdm_op_PartSelect.i24.i30.i32.i32, i30 %add_ln1347_8, i32 6, i32 29"   --->   Operation 439 'partselect' 'tmp_830' <Predicate = true> <Delay = 0.00>
ST_13 : Operation 440 [1/1] (0.00ns)   --->   "%shl_ln838_9 = bitconcatenate i30 @_ssdm_op_BitConcatenate.i30.i24.i6, i24 %tmp_830, i6 0"   --->   Operation 440 'bitconcatenate' 'shl_ln838_9' <Predicate = true> <Delay = 0.00>
ST_13 : Operation 441 [2/2] (2.10ns) (root node of the DSP)   --->   "%add_ln1347_9 = add i30 %shl_ln838_9, i30 %mul_ln1347_82"   --->   Operation 441 'add' 'add_ln1347_9' <Predicate = true> <Delay = 2.10> <CoreInst = "DSP48">   --->   Core 119 'DSP48' <Latency = 3> <II = 1> <Delay = 2.15> <IPBlock> <Opcode : 'mul' 'add' 'sub' 'select'> <InPorts = 0> <OutPorts = 1> <Sync> <CReg>
ST_13 : Operation 442 [2/3] (1.05ns) (grouped into DSP with root node add_ln1347_10)   --->   "%mul_ln1347_83 = mul i30 %sext_ln1347_49, i30 %sext_ln1347_62_cast"   --->   Operation 442 'mul' 'mul_ln1347_83' <Predicate = true> <Delay = 1.05> <CoreInst = "DSP48">   --->   Core 119 'DSP48' <Latency = 3> <II = 1> <Delay = 2.15> <IPBlock> <Opcode : 'mul' 'add' 'sub' 'select'> <InPorts = 0> <OutPorts = 1> <Sync> <CReg>
ST_13 : Operation 443 [1/1] (2.06ns)   --->   "%tmp_10_11 = mux i16 @_ssdm_op_Mux.ap_auto.16i16.i4, i16 %KV_V_load_12_read, i16 %KV_V_1_load_12_read, i16 %KV_V_2_load_12_read, i16 %KV_V_3_load_12_read, i16 %KV_V_4_load_12_read, i16 %KV_V_5_load_12_read, i16 %KV_V_6_load_12_read, i16 %KV_V_7_load_12_read, i16 %KV_V_8_load_12_read, i16 %KV_V_9_load_12_read, i16 %KV_V_10_load_12_read, i16 %KV_V_11_load_12_read, i16 %KV_V_12_load_12_read, i16 %KV_V_13_load_12_read, i16 %KV_V_14_load_12_read, i16 %KV_V_15_load_12_read, i4 %trunc_ln1273"   --->   Operation 443 'mux' 'tmp_10_11' <Predicate = true> <Delay = 2.06> <CoreInst = "Multiplexer">   --->   Core 76 'Multiplexer' <Latency = 0> <II = 1> <Delay = 2.06> <FuncUnit> <Opcode : 'mux'> <InPorts = 2> <OutPorts = 1>
ST_13 : Operation 444 [1/1] (0.00ns)   --->   "%sext_ln1347_50 = sext i16 %tmp_10_11"   --->   Operation 444 'sext' 'sext_ln1347_50' <Predicate = true> <Delay = 0.00>
ST_13 : Operation 445 [3/3] (1.05ns) (grouped into DSP with root node add_ln1347_11)   --->   "%mul_ln1347_84 = mul i30 %sext_ln1347_50, i30 %sext_ln1347_63_cast"   --->   Operation 445 'mul' 'mul_ln1347_84' <Predicate = true> <Delay = 1.05> <CoreInst = "DSP48">   --->   Core 119 'DSP48' <Latency = 3> <II = 1> <Delay = 2.15> <IPBlock> <Opcode : 'mul' 'add' 'sub' 'select'> <InPorts = 0> <OutPorts = 1> <Sync> <CReg>

State 14 <SV = 13> <Delay = 4.20>
ST_14 : Operation 446 [1/2] (2.10ns) (root node of the DSP)   --->   "%add_ln1347_9 = add i30 %shl_ln838_9, i30 %mul_ln1347_82"   --->   Operation 446 'add' 'add_ln1347_9' <Predicate = true> <Delay = 2.10> <CoreInst = "DSP48">   --->   Core 119 'DSP48' <Latency = 3> <II = 1> <Delay = 2.15> <IPBlock> <Opcode : 'mul' 'add' 'sub' 'select'> <InPorts = 0> <OutPorts = 1> <Sync> <CReg>
ST_14 : Operation 447 [1/3] (0.00ns) (grouped into DSP with root node add_ln1347_10)   --->   "%mul_ln1347_83 = mul i30 %sext_ln1347_49, i30 %sext_ln1347_62_cast"   --->   Operation 447 'mul' 'mul_ln1347_83' <Predicate = true> <Delay = 0.00> <CoreInst = "DSP48">   --->   Core 119 'DSP48' <Latency = 3> <II = 1> <Delay = 2.15> <IPBlock> <Opcode : 'mul' 'add' 'sub' 'select'> <InPorts = 0> <OutPorts = 1> <Sync> <CReg>
ST_14 : Operation 448 [1/1] (0.00ns)   --->   "%tmp_831 = partselect i24 @_ssdm_op_PartSelect.i24.i30.i32.i32, i30 %add_ln1347_9, i32 6, i32 29"   --->   Operation 448 'partselect' 'tmp_831' <Predicate = true> <Delay = 0.00>
ST_14 : Operation 449 [1/1] (0.00ns)   --->   "%shl_ln838_s = bitconcatenate i30 @_ssdm_op_BitConcatenate.i30.i24.i6, i24 %tmp_831, i6 0"   --->   Operation 449 'bitconcatenate' 'shl_ln838_s' <Predicate = true> <Delay = 0.00>
ST_14 : Operation 450 [2/2] (2.10ns) (root node of the DSP)   --->   "%add_ln1347_10 = add i30 %shl_ln838_s, i30 %mul_ln1347_83"   --->   Operation 450 'add' 'add_ln1347_10' <Predicate = true> <Delay = 2.10> <CoreInst = "DSP48">   --->   Core 119 'DSP48' <Latency = 3> <II = 1> <Delay = 2.15> <IPBlock> <Opcode : 'mul' 'add' 'sub' 'select'> <InPorts = 0> <OutPorts = 1> <Sync> <CReg>
ST_14 : Operation 451 [2/3] (1.05ns) (grouped into DSP with root node add_ln1347_11)   --->   "%mul_ln1347_84 = mul i30 %sext_ln1347_50, i30 %sext_ln1347_63_cast"   --->   Operation 451 'mul' 'mul_ln1347_84' <Predicate = true> <Delay = 1.05> <CoreInst = "DSP48">   --->   Core 119 'DSP48' <Latency = 3> <II = 1> <Delay = 2.15> <IPBlock> <Opcode : 'mul' 'add' 'sub' 'select'> <InPorts = 0> <OutPorts = 1> <Sync> <CReg>
ST_14 : Operation 452 [1/1] (2.06ns)   --->   "%tmp_10_12 = mux i16 @_ssdm_op_Mux.ap_auto.16i16.i4, i16 %KV_V_load_13_read, i16 %KV_V_1_load_13_read, i16 %KV_V_2_load_13_read, i16 %KV_V_3_load_13_read, i16 %KV_V_4_load_13_read, i16 %KV_V_5_load_13_read, i16 %KV_V_6_load_13_read, i16 %KV_V_7_load_13_read, i16 %KV_V_8_load_13_read, i16 %KV_V_9_load_13_read, i16 %KV_V_10_load_13_read, i16 %KV_V_11_load_13_read, i16 %KV_V_12_load_13_read, i16 %KV_V_13_load_13_read, i16 %KV_V_14_load_13_read, i16 %KV_V_15_load_13_read, i4 %trunc_ln1273"   --->   Operation 452 'mux' 'tmp_10_12' <Predicate = true> <Delay = 2.06> <CoreInst = "Multiplexer">   --->   Core 76 'Multiplexer' <Latency = 0> <II = 1> <Delay = 2.06> <FuncUnit> <Opcode : 'mux'> <InPorts = 2> <OutPorts = 1>
ST_14 : Operation 453 [1/1] (0.00ns)   --->   "%sext_ln1347_51 = sext i16 %tmp_10_12"   --->   Operation 453 'sext' 'sext_ln1347_51' <Predicate = true> <Delay = 0.00>
ST_14 : Operation 454 [3/3] (1.05ns) (grouped into DSP with root node add_ln1347_12)   --->   "%mul_ln1347_85 = mul i30 %sext_ln1347_51, i30 %sext_ln1347_64_cast"   --->   Operation 454 'mul' 'mul_ln1347_85' <Predicate = true> <Delay = 1.05> <CoreInst = "DSP48">   --->   Core 119 'DSP48' <Latency = 3> <II = 1> <Delay = 2.15> <IPBlock> <Opcode : 'mul' 'add' 'sub' 'select'> <InPorts = 0> <OutPorts = 1> <Sync> <CReg>

State 15 <SV = 14> <Delay = 4.20>
ST_15 : Operation 455 [1/2] (2.10ns) (root node of the DSP)   --->   "%add_ln1347_10 = add i30 %shl_ln838_s, i30 %mul_ln1347_83"   --->   Operation 455 'add' 'add_ln1347_10' <Predicate = true> <Delay = 2.10> <CoreInst = "DSP48">   --->   Core 119 'DSP48' <Latency = 3> <II = 1> <Delay = 2.15> <IPBlock> <Opcode : 'mul' 'add' 'sub' 'select'> <InPorts = 0> <OutPorts = 1> <Sync> <CReg>
ST_15 : Operation 456 [1/3] (0.00ns) (grouped into DSP with root node add_ln1347_11)   --->   "%mul_ln1347_84 = mul i30 %sext_ln1347_50, i30 %sext_ln1347_63_cast"   --->   Operation 456 'mul' 'mul_ln1347_84' <Predicate = true> <Delay = 0.00> <CoreInst = "DSP48">   --->   Core 119 'DSP48' <Latency = 3> <II = 1> <Delay = 2.15> <IPBlock> <Opcode : 'mul' 'add' 'sub' 'select'> <InPorts = 0> <OutPorts = 1> <Sync> <CReg>
ST_15 : Operation 457 [1/1] (0.00ns)   --->   "%tmp_832 = partselect i24 @_ssdm_op_PartSelect.i24.i30.i32.i32, i30 %add_ln1347_10, i32 6, i32 29"   --->   Operation 457 'partselect' 'tmp_832' <Predicate = true> <Delay = 0.00>
ST_15 : Operation 458 [1/1] (0.00ns)   --->   "%shl_ln838_10 = bitconcatenate i30 @_ssdm_op_BitConcatenate.i30.i24.i6, i24 %tmp_832, i6 0"   --->   Operation 458 'bitconcatenate' 'shl_ln838_10' <Predicate = true> <Delay = 0.00>
ST_15 : Operation 459 [2/2] (2.10ns) (root node of the DSP)   --->   "%add_ln1347_11 = add i30 %shl_ln838_10, i30 %mul_ln1347_84"   --->   Operation 459 'add' 'add_ln1347_11' <Predicate = true> <Delay = 2.10> <CoreInst = "DSP48">   --->   Core 119 'DSP48' <Latency = 3> <II = 1> <Delay = 2.15> <IPBlock> <Opcode : 'mul' 'add' 'sub' 'select'> <InPorts = 0> <OutPorts = 1> <Sync> <CReg>
ST_15 : Operation 460 [2/3] (1.05ns) (grouped into DSP with root node add_ln1347_12)   --->   "%mul_ln1347_85 = mul i30 %sext_ln1347_51, i30 %sext_ln1347_64_cast"   --->   Operation 460 'mul' 'mul_ln1347_85' <Predicate = true> <Delay = 1.05> <CoreInst = "DSP48">   --->   Core 119 'DSP48' <Latency = 3> <II = 1> <Delay = 2.15> <IPBlock> <Opcode : 'mul' 'add' 'sub' 'select'> <InPorts = 0> <OutPorts = 1> <Sync> <CReg>
ST_15 : Operation 461 [1/1] (2.06ns)   --->   "%tmp_10_13 = mux i16 @_ssdm_op_Mux.ap_auto.16i16.i4, i16 %KV_V_load_14_read, i16 %KV_V_1_load_14_read, i16 %KV_V_2_load_14_read, i16 %KV_V_3_load_14_read, i16 %KV_V_4_load_14_read, i16 %KV_V_5_load_14_read, i16 %KV_V_6_load_14_read, i16 %KV_V_7_load_14_read, i16 %KV_V_8_load_14_read, i16 %KV_V_9_load_14_read, i16 %KV_V_10_load_14_read, i16 %KV_V_11_load_14_read, i16 %KV_V_12_load_14_read, i16 %KV_V_13_load_14_read, i16 %KV_V_14_load_14_read, i16 %KV_V_15_load_14_read, i4 %trunc_ln1273"   --->   Operation 461 'mux' 'tmp_10_13' <Predicate = true> <Delay = 2.06> <CoreInst = "Multiplexer">   --->   Core 76 'Multiplexer' <Latency = 0> <II = 1> <Delay = 2.06> <FuncUnit> <Opcode : 'mux'> <InPorts = 2> <OutPorts = 1>
ST_15 : Operation 462 [1/1] (0.00ns)   --->   "%sext_ln1347_67 = sext i16 %tmp_10_13"   --->   Operation 462 'sext' 'sext_ln1347_67' <Predicate = true> <Delay = 0.00>
ST_15 : Operation 463 [3/3] (1.05ns) (grouped into DSP with root node add_ln1347_13)   --->   "%mul_ln1347_86 = mul i30 %sext_ln1347_67, i30 %sext_ln1347_65_cast"   --->   Operation 463 'mul' 'mul_ln1347_86' <Predicate = true> <Delay = 1.05> <CoreInst = "DSP48">   --->   Core 119 'DSP48' <Latency = 3> <II = 1> <Delay = 2.15> <IPBlock> <Opcode : 'mul' 'add' 'sub' 'select'> <InPorts = 0> <OutPorts = 1> <Sync> <CReg>

State 16 <SV = 15> <Delay = 4.20>
ST_16 : Operation 464 [1/2] (2.10ns) (root node of the DSP)   --->   "%add_ln1347_11 = add i30 %shl_ln838_10, i30 %mul_ln1347_84"   --->   Operation 464 'add' 'add_ln1347_11' <Predicate = true> <Delay = 2.10> <CoreInst = "DSP48">   --->   Core 119 'DSP48' <Latency = 3> <II = 1> <Delay = 2.15> <IPBlock> <Opcode : 'mul' 'add' 'sub' 'select'> <InPorts = 0> <OutPorts = 1> <Sync> <CReg>
ST_16 : Operation 465 [1/3] (0.00ns) (grouped into DSP with root node add_ln1347_12)   --->   "%mul_ln1347_85 = mul i30 %sext_ln1347_51, i30 %sext_ln1347_64_cast"   --->   Operation 465 'mul' 'mul_ln1347_85' <Predicate = true> <Delay = 0.00> <CoreInst = "DSP48">   --->   Core 119 'DSP48' <Latency = 3> <II = 1> <Delay = 2.15> <IPBlock> <Opcode : 'mul' 'add' 'sub' 'select'> <InPorts = 0> <OutPorts = 1> <Sync> <CReg>
ST_16 : Operation 466 [1/1] (0.00ns)   --->   "%tmp_833 = partselect i24 @_ssdm_op_PartSelect.i24.i30.i32.i32, i30 %add_ln1347_11, i32 6, i32 29"   --->   Operation 466 'partselect' 'tmp_833' <Predicate = true> <Delay = 0.00>
ST_16 : Operation 467 [1/1] (0.00ns)   --->   "%shl_ln838_11 = bitconcatenate i30 @_ssdm_op_BitConcatenate.i30.i24.i6, i24 %tmp_833, i6 0"   --->   Operation 467 'bitconcatenate' 'shl_ln838_11' <Predicate = true> <Delay = 0.00>
ST_16 : Operation 468 [2/2] (2.10ns) (root node of the DSP)   --->   "%add_ln1347_12 = add i30 %shl_ln838_11, i30 %mul_ln1347_85"   --->   Operation 468 'add' 'add_ln1347_12' <Predicate = true> <Delay = 2.10> <CoreInst = "DSP48">   --->   Core 119 'DSP48' <Latency = 3> <II = 1> <Delay = 2.15> <IPBlock> <Opcode : 'mul' 'add' 'sub' 'select'> <InPorts = 0> <OutPorts = 1> <Sync> <CReg>
ST_16 : Operation 469 [2/3] (1.05ns) (grouped into DSP with root node add_ln1347_13)   --->   "%mul_ln1347_86 = mul i30 %sext_ln1347_67, i30 %sext_ln1347_65_cast"   --->   Operation 469 'mul' 'mul_ln1347_86' <Predicate = true> <Delay = 1.05> <CoreInst = "DSP48">   --->   Core 119 'DSP48' <Latency = 3> <II = 1> <Delay = 2.15> <IPBlock> <Opcode : 'mul' 'add' 'sub' 'select'> <InPorts = 0> <OutPorts = 1> <Sync> <CReg>
ST_16 : Operation 470 [1/1] (2.06ns)   --->   "%tmp_10_14 = mux i16 @_ssdm_op_Mux.ap_auto.16i16.i4, i16 %KV_V_load_15_read, i16 %KV_V_1_load_15_read, i16 %KV_V_2_load_15_read, i16 %KV_V_3_load_15_read, i16 %KV_V_4_load_15_read, i16 %KV_V_5_load_15_read, i16 %KV_V_6_load_15_read, i16 %KV_V_7_load_15_read, i16 %KV_V_8_load_15_read, i16 %KV_V_9_load_15_read, i16 %KV_V_10_load_15_read, i16 %KV_V_11_load_15_read, i16 %KV_V_12_load_15_read, i16 %KV_V_13_load_15_read, i16 %KV_V_14_load_15_read, i16 %KV_V_15_load_15_read, i4 %trunc_ln1273"   --->   Operation 470 'mux' 'tmp_10_14' <Predicate = true> <Delay = 2.06> <CoreInst = "Multiplexer">   --->   Core 76 'Multiplexer' <Latency = 0> <II = 1> <Delay = 2.06> <FuncUnit> <Opcode : 'mux'> <InPorts = 2> <OutPorts = 1>
ST_16 : Operation 471 [1/1] (0.00ns)   --->   "%sext_ln1347_68 = sext i16 %tmp_10_14"   --->   Operation 471 'sext' 'sext_ln1347_68' <Predicate = true> <Delay = 0.00>
ST_16 : Operation 472 [3/3] (1.05ns) (grouped into DSP with root node add_ln1347_14)   --->   "%mul_ln1347_87 = mul i30 %sext_ln1347_68, i30 %sext_ln1347_66_cast"   --->   Operation 472 'mul' 'mul_ln1347_87' <Predicate = true> <Delay = 1.05> <CoreInst = "DSP48">   --->   Core 119 'DSP48' <Latency = 3> <II = 1> <Delay = 2.15> <IPBlock> <Opcode : 'mul' 'add' 'sub' 'select'> <InPorts = 0> <OutPorts = 1> <Sync> <CReg>

State 17 <SV = 16> <Delay = 4.20>
ST_17 : Operation 473 [1/2] (2.10ns) (root node of the DSP)   --->   "%add_ln1347_12 = add i30 %shl_ln838_11, i30 %mul_ln1347_85"   --->   Operation 473 'add' 'add_ln1347_12' <Predicate = true> <Delay = 2.10> <CoreInst = "DSP48">   --->   Core 119 'DSP48' <Latency = 3> <II = 1> <Delay = 2.15> <IPBlock> <Opcode : 'mul' 'add' 'sub' 'select'> <InPorts = 0> <OutPorts = 1> <Sync> <CReg>
ST_17 : Operation 474 [1/3] (0.00ns) (grouped into DSP with root node add_ln1347_13)   --->   "%mul_ln1347_86 = mul i30 %sext_ln1347_67, i30 %sext_ln1347_65_cast"   --->   Operation 474 'mul' 'mul_ln1347_86' <Predicate = true> <Delay = 0.00> <CoreInst = "DSP48">   --->   Core 119 'DSP48' <Latency = 3> <II = 1> <Delay = 2.15> <IPBlock> <Opcode : 'mul' 'add' 'sub' 'select'> <InPorts = 0> <OutPorts = 1> <Sync> <CReg>
ST_17 : Operation 475 [1/1] (0.00ns)   --->   "%tmp_834 = partselect i24 @_ssdm_op_PartSelect.i24.i30.i32.i32, i30 %add_ln1347_12, i32 6, i32 29"   --->   Operation 475 'partselect' 'tmp_834' <Predicate = true> <Delay = 0.00>
ST_17 : Operation 476 [1/1] (0.00ns)   --->   "%shl_ln838_12 = bitconcatenate i30 @_ssdm_op_BitConcatenate.i30.i24.i6, i24 %tmp_834, i6 0"   --->   Operation 476 'bitconcatenate' 'shl_ln838_12' <Predicate = true> <Delay = 0.00>
ST_17 : Operation 477 [2/2] (2.10ns) (root node of the DSP)   --->   "%add_ln1347_13 = add i30 %shl_ln838_12, i30 %mul_ln1347_86"   --->   Operation 477 'add' 'add_ln1347_13' <Predicate = true> <Delay = 2.10> <CoreInst = "DSP48">   --->   Core 119 'DSP48' <Latency = 3> <II = 1> <Delay = 2.15> <IPBlock> <Opcode : 'mul' 'add' 'sub' 'select'> <InPorts = 0> <OutPorts = 1> <Sync> <CReg>
ST_17 : Operation 478 [2/3] (1.05ns) (grouped into DSP with root node add_ln1347_14)   --->   "%mul_ln1347_87 = mul i30 %sext_ln1347_68, i30 %sext_ln1347_66_cast"   --->   Operation 478 'mul' 'mul_ln1347_87' <Predicate = true> <Delay = 1.05> <CoreInst = "DSP48">   --->   Core 119 'DSP48' <Latency = 3> <II = 1> <Delay = 2.15> <IPBlock> <Opcode : 'mul' 'add' 'sub' 'select'> <InPorts = 0> <OutPorts = 1> <Sync> <CReg>

State 18 <SV = 17> <Delay = 4.20>
ST_18 : Operation 479 [1/2] (2.10ns) (root node of the DSP)   --->   "%add_ln1347_13 = add i30 %shl_ln838_12, i30 %mul_ln1347_86"   --->   Operation 479 'add' 'add_ln1347_13' <Predicate = true> <Delay = 2.10> <CoreInst = "DSP48">   --->   Core 119 'DSP48' <Latency = 3> <II = 1> <Delay = 2.15> <IPBlock> <Opcode : 'mul' 'add' 'sub' 'select'> <InPorts = 0> <OutPorts = 1> <Sync> <CReg>
ST_18 : Operation 480 [1/3] (0.00ns) (grouped into DSP with root node add_ln1347_14)   --->   "%mul_ln1347_87 = mul i30 %sext_ln1347_68, i30 %sext_ln1347_66_cast"   --->   Operation 480 'mul' 'mul_ln1347_87' <Predicate = true> <Delay = 0.00> <CoreInst = "DSP48">   --->   Core 119 'DSP48' <Latency = 3> <II = 1> <Delay = 2.15> <IPBlock> <Opcode : 'mul' 'add' 'sub' 'select'> <InPorts = 0> <OutPorts = 1> <Sync> <CReg>
ST_18 : Operation 481 [1/1] (0.00ns)   --->   "%tmp_835 = partselect i24 @_ssdm_op_PartSelect.i24.i30.i32.i32, i30 %add_ln1347_13, i32 6, i32 29"   --->   Operation 481 'partselect' 'tmp_835' <Predicate = true> <Delay = 0.00>
ST_18 : Operation 482 [1/1] (0.00ns)   --->   "%shl_ln838_13 = bitconcatenate i30 @_ssdm_op_BitConcatenate.i30.i24.i6, i24 %tmp_835, i6 0"   --->   Operation 482 'bitconcatenate' 'shl_ln838_13' <Predicate = true> <Delay = 0.00>
ST_18 : Operation 483 [2/2] (2.10ns) (root node of the DSP)   --->   "%add_ln1347_14 = add i30 %shl_ln838_13, i30 %mul_ln1347_87"   --->   Operation 483 'add' 'add_ln1347_14' <Predicate = true> <Delay = 2.10> <CoreInst = "DSP48">   --->   Core 119 'DSP48' <Latency = 3> <II = 1> <Delay = 2.15> <IPBlock> <Opcode : 'mul' 'add' 'sub' 'select'> <InPorts = 0> <OutPorts = 1> <Sync> <CReg>

State 19 <SV = 18> <Delay = 4.25>
ST_19 : Operation 484 [1/2] (2.10ns) (root node of the DSP)   --->   "%add_ln1347_14 = add i30 %shl_ln838_13, i30 %mul_ln1347_87"   --->   Operation 484 'add' 'add_ln1347_14' <Predicate = true> <Delay = 2.10> <CoreInst = "DSP48">   --->   Core 119 'DSP48' <Latency = 3> <II = 1> <Delay = 2.15> <IPBlock> <Opcode : 'mul' 'add' 'sub' 'select'> <InPorts = 0> <OutPorts = 1> <Sync> <CReg>
ST_19 : Operation 485 [1/1] (0.00ns)   --->   "%r_V = partselect i24 @_ssdm_op_PartSelect.i24.i30.i32.i32, i30 %add_ln1347_14, i32 6, i32 29"   --->   Operation 485 'partselect' 'r_V' <Predicate = true> <Delay = 0.00>
ST_19 : Operation 486 [1/1] (0.00ns)   --->   "%sext_ln1270 = sext i24 %r_V"   --->   Operation 486 'sext' 'sext_ln1270' <Predicate = true> <Delay = 0.00>
ST_19 : Operation 487 [4/4] (2.15ns) (root node of the DSP)   --->   "%mul_ln1270_2 = mul i30 %sext_ln1270, i30 %sext_ln1270_80_cast"   --->   Operation 487 'mul' 'mul_ln1270_2' <Predicate = true> <Delay = 2.15> <CoreInst = "DSP48">   --->   Core 119 'DSP48' <Latency = 3> <II = 1> <Delay = 2.15> <IPBlock> <Opcode : 'mul' 'add' 'sub' 'select'> <InPorts = 0> <OutPorts = 1> <Sync> <CReg>

State 20 <SV = 19> <Delay = 2.15>
ST_20 : Operation 488 [3/4] (2.15ns) (root node of the DSP)   --->   "%mul_ln1270_2 = mul i30 %sext_ln1270, i30 %sext_ln1270_80_cast"   --->   Operation 488 'mul' 'mul_ln1270_2' <Predicate = true> <Delay = 2.15> <CoreInst = "DSP48">   --->   Core 119 'DSP48' <Latency = 3> <II = 1> <Delay = 2.15> <IPBlock> <Opcode : 'mul' 'add' 'sub' 'select'> <InPorts = 0> <OutPorts = 1> <Sync> <CReg>

State 21 <SV = 20> <Delay = 2.15>
ST_21 : Operation 489 [2/4] (2.15ns) (root node of the DSP)   --->   "%mul_ln1270_2 = mul i30 %sext_ln1270, i30 %sext_ln1270_80_cast"   --->   Operation 489 'mul' 'mul_ln1270_2' <Predicate = true> <Delay = 2.15> <CoreInst = "DSP48">   --->   Core 119 'DSP48' <Latency = 3> <II = 1> <Delay = 2.15> <IPBlock> <Opcode : 'mul' 'add' 'sub' 'select'> <InPorts = 0> <OutPorts = 1> <Sync> <CReg>
ST_21 : Operation 525 [1/1] (0.00ns)   --->   "%attended_V_load = load i16 %attended_V"   --->   Operation 525 'load' 'attended_V_load' <Predicate = (icmp_ln134)> <Delay = 0.00>
ST_21 : Operation 526 [1/1] (0.00ns)   --->   "%attended_V_1_load = load i16 %attended_V_1"   --->   Operation 526 'load' 'attended_V_1_load' <Predicate = (icmp_ln134)> <Delay = 0.00>
ST_21 : Operation 527 [1/1] (0.00ns)   --->   "%attended_V_2_load = load i16 %attended_V_2"   --->   Operation 527 'load' 'attended_V_2_load' <Predicate = (icmp_ln134)> <Delay = 0.00>
ST_21 : Operation 528 [1/1] (0.00ns)   --->   "%attended_V_3_load = load i16 %attended_V_3"   --->   Operation 528 'load' 'attended_V_3_load' <Predicate = (icmp_ln134)> <Delay = 0.00>
ST_21 : Operation 529 [1/1] (0.00ns)   --->   "%attended_V_4_load = load i16 %attended_V_4"   --->   Operation 529 'load' 'attended_V_4_load' <Predicate = (icmp_ln134)> <Delay = 0.00>
ST_21 : Operation 530 [1/1] (0.00ns)   --->   "%attended_V_5_load = load i16 %attended_V_5"   --->   Operation 530 'load' 'attended_V_5_load' <Predicate = (icmp_ln134)> <Delay = 0.00>
ST_21 : Operation 531 [1/1] (0.00ns)   --->   "%attended_V_6_load = load i16 %attended_V_6"   --->   Operation 531 'load' 'attended_V_6_load' <Predicate = (icmp_ln134)> <Delay = 0.00>
ST_21 : Operation 532 [1/1] (0.00ns)   --->   "%attended_V_7_load = load i16 %attended_V_7"   --->   Operation 532 'load' 'attended_V_7_load' <Predicate = (icmp_ln134)> <Delay = 0.00>
ST_21 : Operation 533 [1/1] (0.00ns)   --->   "%attended_V_8_load = load i16 %attended_V_8"   --->   Operation 533 'load' 'attended_V_8_load' <Predicate = (icmp_ln134)> <Delay = 0.00>
ST_21 : Operation 534 [1/1] (0.00ns)   --->   "%attended_V_9_load = load i16 %attended_V_9"   --->   Operation 534 'load' 'attended_V_9_load' <Predicate = (icmp_ln134)> <Delay = 0.00>
ST_21 : Operation 535 [1/1] (0.00ns)   --->   "%attended_V_10_load = load i16 %attended_V_10"   --->   Operation 535 'load' 'attended_V_10_load' <Predicate = (icmp_ln134)> <Delay = 0.00>
ST_21 : Operation 536 [1/1] (0.00ns)   --->   "%attended_V_11_load = load i16 %attended_V_11"   --->   Operation 536 'load' 'attended_V_11_load' <Predicate = (icmp_ln134)> <Delay = 0.00>
ST_21 : Operation 537 [1/1] (0.00ns)   --->   "%attended_V_12_load = load i16 %attended_V_12"   --->   Operation 537 'load' 'attended_V_12_load' <Predicate = (icmp_ln134)> <Delay = 0.00>
ST_21 : Operation 538 [1/1] (0.00ns)   --->   "%attended_V_13_load = load i16 %attended_V_13"   --->   Operation 538 'load' 'attended_V_13_load' <Predicate = (icmp_ln134)> <Delay = 0.00>
ST_21 : Operation 539 [1/1] (0.00ns)   --->   "%attended_V_14_load = load i16 %attended_V_14"   --->   Operation 539 'load' 'attended_V_14_load' <Predicate = (icmp_ln134)> <Delay = 0.00>
ST_21 : Operation 540 [1/1] (0.00ns)   --->   "%attended_V_15_load = load i16 %attended_V_15"   --->   Operation 540 'load' 'attended_V_15_load' <Predicate = (icmp_ln134)> <Delay = 0.00>
ST_21 : Operation 541 [1/1] (0.00ns)   --->   "%write_ln0 = write void @_ssdm_op_Write.ap_auto.i16P0A, i16 %attended_V_15_out, i16 %attended_V_15_load"   --->   Operation 541 'write' 'write_ln0' <Predicate = (icmp_ln134)> <Delay = 0.00>
ST_21 : Operation 542 [1/1] (0.00ns)   --->   "%write_ln0 = write void @_ssdm_op_Write.ap_auto.i16P0A, i16 %attended_V_14_out, i16 %attended_V_14_load"   --->   Operation 542 'write' 'write_ln0' <Predicate = (icmp_ln134)> <Delay = 0.00>
ST_21 : Operation 543 [1/1] (0.00ns)   --->   "%write_ln0 = write void @_ssdm_op_Write.ap_auto.i16P0A, i16 %attended_V_13_out, i16 %attended_V_13_load"   --->   Operation 543 'write' 'write_ln0' <Predicate = (icmp_ln134)> <Delay = 0.00>
ST_21 : Operation 544 [1/1] (0.00ns)   --->   "%write_ln0 = write void @_ssdm_op_Write.ap_auto.i16P0A, i16 %attended_V_12_out, i16 %attended_V_12_load"   --->   Operation 544 'write' 'write_ln0' <Predicate = (icmp_ln134)> <Delay = 0.00>
ST_21 : Operation 545 [1/1] (0.00ns)   --->   "%write_ln0 = write void @_ssdm_op_Write.ap_auto.i16P0A, i16 %attended_V_11_out, i16 %attended_V_11_load"   --->   Operation 545 'write' 'write_ln0' <Predicate = (icmp_ln134)> <Delay = 0.00>
ST_21 : Operation 546 [1/1] (0.00ns)   --->   "%write_ln0 = write void @_ssdm_op_Write.ap_auto.i16P0A, i16 %attended_V_10_out, i16 %attended_V_10_load"   --->   Operation 546 'write' 'write_ln0' <Predicate = (icmp_ln134)> <Delay = 0.00>
ST_21 : Operation 547 [1/1] (0.00ns)   --->   "%write_ln0 = write void @_ssdm_op_Write.ap_auto.i16P0A, i16 %attended_V_9_out, i16 %attended_V_9_load"   --->   Operation 547 'write' 'write_ln0' <Predicate = (icmp_ln134)> <Delay = 0.00>
ST_21 : Operation 548 [1/1] (0.00ns)   --->   "%write_ln0 = write void @_ssdm_op_Write.ap_auto.i16P0A, i16 %attended_V_8_out, i16 %attended_V_8_load"   --->   Operation 548 'write' 'write_ln0' <Predicate = (icmp_ln134)> <Delay = 0.00>
ST_21 : Operation 549 [1/1] (0.00ns)   --->   "%write_ln0 = write void @_ssdm_op_Write.ap_auto.i16P0A, i16 %attended_V_7_out, i16 %attended_V_7_load"   --->   Operation 549 'write' 'write_ln0' <Predicate = (icmp_ln134)> <Delay = 0.00>
ST_21 : Operation 550 [1/1] (0.00ns)   --->   "%write_ln0 = write void @_ssdm_op_Write.ap_auto.i16P0A, i16 %attended_V_6_out, i16 %attended_V_6_load"   --->   Operation 550 'write' 'write_ln0' <Predicate = (icmp_ln134)> <Delay = 0.00>
ST_21 : Operation 551 [1/1] (0.00ns)   --->   "%write_ln0 = write void @_ssdm_op_Write.ap_auto.i16P0A, i16 %attended_V_5_out, i16 %attended_V_5_load"   --->   Operation 551 'write' 'write_ln0' <Predicate = (icmp_ln134)> <Delay = 0.00>
ST_21 : Operation 552 [1/1] (0.00ns)   --->   "%write_ln0 = write void @_ssdm_op_Write.ap_auto.i16P0A, i16 %attended_V_4_out, i16 %attended_V_4_load"   --->   Operation 552 'write' 'write_ln0' <Predicate = (icmp_ln134)> <Delay = 0.00>
ST_21 : Operation 553 [1/1] (0.00ns)   --->   "%write_ln0 = write void @_ssdm_op_Write.ap_auto.i16P0A, i16 %attended_V_3_out, i16 %attended_V_3_load"   --->   Operation 553 'write' 'write_ln0' <Predicate = (icmp_ln134)> <Delay = 0.00>
ST_21 : Operation 554 [1/1] (0.00ns)   --->   "%write_ln0 = write void @_ssdm_op_Write.ap_auto.i16P0A, i16 %attended_V_2_out, i16 %attended_V_2_load"   --->   Operation 554 'write' 'write_ln0' <Predicate = (icmp_ln134)> <Delay = 0.00>
ST_21 : Operation 555 [1/1] (0.00ns)   --->   "%write_ln0 = write void @_ssdm_op_Write.ap_auto.i16P0A, i16 %attended_V_1_out, i16 %attended_V_1_load"   --->   Operation 555 'write' 'write_ln0' <Predicate = (icmp_ln134)> <Delay = 0.00>
ST_21 : Operation 556 [1/1] (0.00ns)   --->   "%write_ln0 = write void @_ssdm_op_Write.ap_auto.i16P0A, i16 %attended_V_out, i16 %attended_V_load"   --->   Operation 556 'write' 'write_ln0' <Predicate = (icmp_ln134)> <Delay = 0.00>
ST_21 : Operation 557 [1/1] (0.00ns)   --->   "%ret_ln0 = ret"   --->   Operation 557 'ret' 'ret_ln0' <Predicate = (icmp_ln134)> <Delay = 0.00>

State 22 <SV = 21> <Delay = 0.00>
ST_22 : Operation 490 [1/1] (0.00ns)   --->   "%specloopname_ln132 = specloopname void @_ssdm_op_SpecLoopName, void @empty_4" [src/imgds_linear_dense_q16.cpp:132]   --->   Operation 490 'specloopname' 'specloopname_ln132' <Predicate = true> <Delay = 0.00>
ST_22 : Operation 491 [1/4] (0.00ns) (root node of the DSP)   --->   "%mul_ln1270_2 = mul i30 %sext_ln1270, i30 %sext_ln1270_80_cast"   --->   Operation 491 'mul' 'mul_ln1270_2' <Predicate = true> <Delay = 0.00> <CoreInst = "DSP48">   --->   Core 119 'DSP48' <Latency = 3> <II = 1> <Delay = 2.15> <IPBlock> <Opcode : 'mul' 'add' 'sub' 'select'> <InPorts = 0> <OutPorts = 1> <Sync> <CReg>
ST_22 : Operation 492 [1/1] (0.00ns)   --->   "%attended_V_16 = partselect i16 @_ssdm_op_PartSelect.i16.i30.i32.i32, i30 %mul_ln1270_2, i32 14, i32 29"   --->   Operation 492 'partselect' 'attended_V_16' <Predicate = true> <Delay = 0.00>
ST_22 : Operation 493 [1/1] (0.00ns)   --->   "%store_ln139 = store i16 %attended_V_16, i16 %attended_V_14" [src/imgds_linear_dense_q16.cpp:139]   --->   Operation 493 'store' 'store_ln139' <Predicate = (trunc_ln1273 == 14)> <Delay = 0.00>
ST_22 : Operation 494 [1/1] (0.00ns)   --->   "%br_ln139 = br void %arrayidx228.exit" [src/imgds_linear_dense_q16.cpp:139]   --->   Operation 494 'br' 'br_ln139' <Predicate = (trunc_ln1273 == 14)> <Delay = 0.00>
ST_22 : Operation 495 [1/1] (0.00ns)   --->   "%store_ln139 = store i16 %attended_V_16, i16 %attended_V_13" [src/imgds_linear_dense_q16.cpp:139]   --->   Operation 495 'store' 'store_ln139' <Predicate = (trunc_ln1273 == 13)> <Delay = 0.00>
ST_22 : Operation 496 [1/1] (0.00ns)   --->   "%br_ln139 = br void %arrayidx228.exit" [src/imgds_linear_dense_q16.cpp:139]   --->   Operation 496 'br' 'br_ln139' <Predicate = (trunc_ln1273 == 13)> <Delay = 0.00>
ST_22 : Operation 497 [1/1] (0.00ns)   --->   "%store_ln139 = store i16 %attended_V_16, i16 %attended_V_12" [src/imgds_linear_dense_q16.cpp:139]   --->   Operation 497 'store' 'store_ln139' <Predicate = (trunc_ln1273 == 12)> <Delay = 0.00>
ST_22 : Operation 498 [1/1] (0.00ns)   --->   "%br_ln139 = br void %arrayidx228.exit" [src/imgds_linear_dense_q16.cpp:139]   --->   Operation 498 'br' 'br_ln139' <Predicate = (trunc_ln1273 == 12)> <Delay = 0.00>
ST_22 : Operation 499 [1/1] (0.00ns)   --->   "%store_ln139 = store i16 %attended_V_16, i16 %attended_V_11" [src/imgds_linear_dense_q16.cpp:139]   --->   Operation 499 'store' 'store_ln139' <Predicate = (trunc_ln1273 == 11)> <Delay = 0.00>
ST_22 : Operation 500 [1/1] (0.00ns)   --->   "%br_ln139 = br void %arrayidx228.exit" [src/imgds_linear_dense_q16.cpp:139]   --->   Operation 500 'br' 'br_ln139' <Predicate = (trunc_ln1273 == 11)> <Delay = 0.00>
ST_22 : Operation 501 [1/1] (0.00ns)   --->   "%store_ln139 = store i16 %attended_V_16, i16 %attended_V_10" [src/imgds_linear_dense_q16.cpp:139]   --->   Operation 501 'store' 'store_ln139' <Predicate = (trunc_ln1273 == 10)> <Delay = 0.00>
ST_22 : Operation 502 [1/1] (0.00ns)   --->   "%br_ln139 = br void %arrayidx228.exit" [src/imgds_linear_dense_q16.cpp:139]   --->   Operation 502 'br' 'br_ln139' <Predicate = (trunc_ln1273 == 10)> <Delay = 0.00>
ST_22 : Operation 503 [1/1] (0.00ns)   --->   "%store_ln139 = store i16 %attended_V_16, i16 %attended_V_9" [src/imgds_linear_dense_q16.cpp:139]   --->   Operation 503 'store' 'store_ln139' <Predicate = (trunc_ln1273 == 9)> <Delay = 0.00>
ST_22 : Operation 504 [1/1] (0.00ns)   --->   "%br_ln139 = br void %arrayidx228.exit" [src/imgds_linear_dense_q16.cpp:139]   --->   Operation 504 'br' 'br_ln139' <Predicate = (trunc_ln1273 == 9)> <Delay = 0.00>
ST_22 : Operation 505 [1/1] (0.00ns)   --->   "%store_ln139 = store i16 %attended_V_16, i16 %attended_V_8" [src/imgds_linear_dense_q16.cpp:139]   --->   Operation 505 'store' 'store_ln139' <Predicate = (trunc_ln1273 == 8)> <Delay = 0.00>
ST_22 : Operation 506 [1/1] (0.00ns)   --->   "%br_ln139 = br void %arrayidx228.exit" [src/imgds_linear_dense_q16.cpp:139]   --->   Operation 506 'br' 'br_ln139' <Predicate = (trunc_ln1273 == 8)> <Delay = 0.00>
ST_22 : Operation 507 [1/1] (0.00ns)   --->   "%store_ln139 = store i16 %attended_V_16, i16 %attended_V_7" [src/imgds_linear_dense_q16.cpp:139]   --->   Operation 507 'store' 'store_ln139' <Predicate = (trunc_ln1273 == 7)> <Delay = 0.00>
ST_22 : Operation 508 [1/1] (0.00ns)   --->   "%br_ln139 = br void %arrayidx228.exit" [src/imgds_linear_dense_q16.cpp:139]   --->   Operation 508 'br' 'br_ln139' <Predicate = (trunc_ln1273 == 7)> <Delay = 0.00>
ST_22 : Operation 509 [1/1] (0.00ns)   --->   "%store_ln139 = store i16 %attended_V_16, i16 %attended_V_6" [src/imgds_linear_dense_q16.cpp:139]   --->   Operation 509 'store' 'store_ln139' <Predicate = (trunc_ln1273 == 6)> <Delay = 0.00>
ST_22 : Operation 510 [1/1] (0.00ns)   --->   "%br_ln139 = br void %arrayidx228.exit" [src/imgds_linear_dense_q16.cpp:139]   --->   Operation 510 'br' 'br_ln139' <Predicate = (trunc_ln1273 == 6)> <Delay = 0.00>
ST_22 : Operation 511 [1/1] (0.00ns)   --->   "%store_ln139 = store i16 %attended_V_16, i16 %attended_V_5" [src/imgds_linear_dense_q16.cpp:139]   --->   Operation 511 'store' 'store_ln139' <Predicate = (trunc_ln1273 == 5)> <Delay = 0.00>
ST_22 : Operation 512 [1/1] (0.00ns)   --->   "%br_ln139 = br void %arrayidx228.exit" [src/imgds_linear_dense_q16.cpp:139]   --->   Operation 512 'br' 'br_ln139' <Predicate = (trunc_ln1273 == 5)> <Delay = 0.00>
ST_22 : Operation 513 [1/1] (0.00ns)   --->   "%store_ln139 = store i16 %attended_V_16, i16 %attended_V_4" [src/imgds_linear_dense_q16.cpp:139]   --->   Operation 513 'store' 'store_ln139' <Predicate = (trunc_ln1273 == 4)> <Delay = 0.00>
ST_22 : Operation 514 [1/1] (0.00ns)   --->   "%br_ln139 = br void %arrayidx228.exit" [src/imgds_linear_dense_q16.cpp:139]   --->   Operation 514 'br' 'br_ln139' <Predicate = (trunc_ln1273 == 4)> <Delay = 0.00>
ST_22 : Operation 515 [1/1] (0.00ns)   --->   "%store_ln139 = store i16 %attended_V_16, i16 %attended_V_3" [src/imgds_linear_dense_q16.cpp:139]   --->   Operation 515 'store' 'store_ln139' <Predicate = (trunc_ln1273 == 3)> <Delay = 0.00>
ST_22 : Operation 516 [1/1] (0.00ns)   --->   "%br_ln139 = br void %arrayidx228.exit" [src/imgds_linear_dense_q16.cpp:139]   --->   Operation 516 'br' 'br_ln139' <Predicate = (trunc_ln1273 == 3)> <Delay = 0.00>
ST_22 : Operation 517 [1/1] (0.00ns)   --->   "%store_ln139 = store i16 %attended_V_16, i16 %attended_V_2" [src/imgds_linear_dense_q16.cpp:139]   --->   Operation 517 'store' 'store_ln139' <Predicate = (trunc_ln1273 == 2)> <Delay = 0.00>
ST_22 : Operation 518 [1/1] (0.00ns)   --->   "%br_ln139 = br void %arrayidx228.exit" [src/imgds_linear_dense_q16.cpp:139]   --->   Operation 518 'br' 'br_ln139' <Predicate = (trunc_ln1273 == 2)> <Delay = 0.00>
ST_22 : Operation 519 [1/1] (0.00ns)   --->   "%store_ln139 = store i16 %attended_V_16, i16 %attended_V_1" [src/imgds_linear_dense_q16.cpp:139]   --->   Operation 519 'store' 'store_ln139' <Predicate = (trunc_ln1273 == 1)> <Delay = 0.00>
ST_22 : Operation 520 [1/1] (0.00ns)   --->   "%br_ln139 = br void %arrayidx228.exit" [src/imgds_linear_dense_q16.cpp:139]   --->   Operation 520 'br' 'br_ln139' <Predicate = (trunc_ln1273 == 1)> <Delay = 0.00>
ST_22 : Operation 521 [1/1] (0.00ns)   --->   "%store_ln139 = store i16 %attended_V_16, i16 %attended_V" [src/imgds_linear_dense_q16.cpp:139]   --->   Operation 521 'store' 'store_ln139' <Predicate = (trunc_ln1273 == 0)> <Delay = 0.00>
ST_22 : Operation 522 [1/1] (0.00ns)   --->   "%br_ln139 = br void %arrayidx228.exit" [src/imgds_linear_dense_q16.cpp:139]   --->   Operation 522 'br' 'br_ln139' <Predicate = (trunc_ln1273 == 0)> <Delay = 0.00>
ST_22 : Operation 523 [1/1] (0.00ns)   --->   "%store_ln139 = store i16 %attended_V_16, i16 %attended_V_15" [src/imgds_linear_dense_q16.cpp:139]   --->   Operation 523 'store' 'store_ln139' <Predicate = (trunc_ln1273 == 15)> <Delay = 0.00>
ST_22 : Operation 524 [1/1] (0.00ns)   --->   "%br_ln139 = br void %arrayidx228.exit" [src/imgds_linear_dense_q16.cpp:139]   --->   Operation 524 'br' 'br_ln139' <Predicate = (trunc_ln1273 == 15)> <Delay = 0.00>


============================================================
+ Verbose Summary: Timing violations
============================================================
Target clock period: 10ns, clock uncertainty: 2.7ns.

 <State 1>: 4.21ns
The critical path consists of the following:
	'alloca' operation ('d2') [290]  (0 ns)
	'load' operation ('d2') on local variable 'd2' [600]  (0 ns)
	'mux' operation ('tmp_101') [609]  (2.06 ns)
	'mul' operation of DSP[611] ('mul_ln818') [611]  (2.15 ns)

 <State 2>: 3.11ns
The critical path consists of the following:
	'mux' operation ('tmp_10_1') [612]  (2.06 ns)
	'mul' operation of DSP[617] ('mul_ln1347') [614]  (1.05 ns)

 <State 3>: 3.11ns
The critical path consists of the following:
	'mux' operation ('tmp_10_2') [618]  (2.06 ns)
	'mul' operation of DSP[623] ('mul_ln1347_74') [620]  (1.05 ns)

 <State 4>: 3.11ns
The critical path consists of the following:
	'mux' operation ('tmp_10_3') [624]  (2.06 ns)
	'mul' operation of DSP[629] ('mul_ln1347_75') [626]  (1.05 ns)

 <State 5>: 4.2ns
The critical path consists of the following:
	'add' operation of DSP[617] ('add_ln1347') [617]  (2.1 ns)
	'add' operation of DSP[623] ('add_ln1347_1') [623]  (2.1 ns)

 <State 6>: 4.2ns
The critical path consists of the following:
	'add' operation of DSP[623] ('add_ln1347_1') [623]  (2.1 ns)
	'add' operation of DSP[629] ('add_ln1347_2') [629]  (2.1 ns)

 <State 7>: 4.2ns
The critical path consists of the following:
	'add' operation of DSP[629] ('add_ln1347_2') [629]  (2.1 ns)
	'add' operation of DSP[635] ('add_ln1347_3') [635]  (2.1 ns)

 <State 8>: 4.2ns
The critical path consists of the following:
	'add' operation of DSP[635] ('add_ln1347_3') [635]  (2.1 ns)
	'add' operation of DSP[641] ('add_ln1347_4') [641]  (2.1 ns)

 <State 9>: 4.2ns
The critical path consists of the following:
	'add' operation of DSP[641] ('add_ln1347_4') [641]  (2.1 ns)
	'add' operation of DSP[647] ('add_ln1347_5') [647]  (2.1 ns)

 <State 10>: 4.2ns
The critical path consists of the following:
	'add' operation of DSP[647] ('add_ln1347_5') [647]  (2.1 ns)
	'add' operation of DSP[653] ('add_ln1347_6') [653]  (2.1 ns)

 <State 11>: 4.2ns
The critical path consists of the following:
	'add' operation of DSP[653] ('add_ln1347_6') [653]  (2.1 ns)
	'add' operation of DSP[659] ('add_ln1347_7') [659]  (2.1 ns)

 <State 12>: 4.2ns
The critical path consists of the following:
	'add' operation of DSP[659] ('add_ln1347_7') [659]  (2.1 ns)
	'add' operation of DSP[665] ('add_ln1347_8') [665]  (2.1 ns)

 <State 13>: 4.2ns
The critical path consists of the following:
	'add' operation of DSP[665] ('add_ln1347_8') [665]  (2.1 ns)
	'add' operation of DSP[671] ('add_ln1347_9') [671]  (2.1 ns)

 <State 14>: 4.2ns
The critical path consists of the following:
	'add' operation of DSP[671] ('add_ln1347_9') [671]  (2.1 ns)
	'add' operation of DSP[677] ('add_ln1347_10') [677]  (2.1 ns)

 <State 15>: 4.2ns
The critical path consists of the following:
	'add' operation of DSP[677] ('add_ln1347_10') [677]  (2.1 ns)
	'add' operation of DSP[683] ('add_ln1347_11') [683]  (2.1 ns)

 <State 16>: 4.2ns
The critical path consists of the following:
	'add' operation of DSP[683] ('add_ln1347_11') [683]  (2.1 ns)
	'add' operation of DSP[689] ('add_ln1347_12') [689]  (2.1 ns)

 <State 17>: 4.2ns
The critical path consists of the following:
	'add' operation of DSP[689] ('add_ln1347_12') [689]  (2.1 ns)
	'add' operation of DSP[695] ('add_ln1347_13') [695]  (2.1 ns)

 <State 18>: 4.2ns
The critical path consists of the following:
	'add' operation of DSP[695] ('add_ln1347_13') [695]  (2.1 ns)
	'add' operation of DSP[701] ('add_ln1347_14') [701]  (2.1 ns)

 <State 19>: 4.25ns
The critical path consists of the following:
	'add' operation of DSP[701] ('add_ln1347_14') [701]  (2.1 ns)
	'mul' operation of DSP[704] ('mul_ln1270_2') [704]  (2.15 ns)

 <State 20>: 2.15ns
The critical path consists of the following:
	'mul' operation of DSP[704] ('mul_ln1270_2') [704]  (2.15 ns)

 <State 21>: 2.15ns
The critical path consists of the following:
	'mul' operation of DSP[704] ('mul_ln1270_2') [704]  (2.15 ns)

 <State 22>: 0ns
The critical path consists of the following:


============================================================
+ Verbose Summary: Binding
============================================================
N/A
* FSMD analyzer results:
  - Output states:
 - Input state : 
  - Chain level:
	State 1
	State 2
	State 3
	State 4
	State 5
	State 6
	State 7
	State 8
	State 9
	State 10
	State 11
	State 12
	State 13
	State 14
	State 15
	State 16
	State 17
	State 18
	State 19
	State 20
	State 21
	State 22


============================================================
+ Verbose Summary: Datapath Resource usage 
============================================================
N/A
