

================================================================
== Vitis HLS Report for 'transformer_for_sample_Pipeline_front_linear_i_front_linear_j'
================================================================
* Date:           Tue May 19 20:30:28 2026

* Version:        2022.2 (Build 3670227 on Oct 13 2022)
* Project:        linear_transformer_hls
* Solution:       solution1 (Vivado IP Flow Target)
* Product family: zynq
* Target device:  xc7z020-clg400-1


================================================================
== Performance Estimates
================================================================
+ Timing: 
    * Summary: 
    +--------+----------+----------+------------+
    |  Clock |  Target  | Estimated| Uncertainty|
    +--------+----------+----------+------------+
    |ap_clk  |  10.00 ns|  7.300 ns|     2.70 ns|
    +--------+----------+----------+------------+

+ Latency: 
    * Summary: 
    +---------+---------+----------+----------+-----+-----+---------+
    |  Latency (cycles) |  Latency (absolute) |  Interval | Pipeline|
    |   min   |   max   |    min   |    max   | min | max |   Type  |
    +---------+---------+----------+----------+-----+-----+---------+
    |      156|      156|  1.560 us|  1.560 us|  156|  156|       no|
    +---------+---------+----------+----------+-----+-----+---------+

    + Detail: 
        * Instance: 
        N/A

        * Loop: 
        +---------------------------------+---------+---------+----------+-----------+-----------+------+----------+
        |                                 |  Latency (cycles) | Iteration|  Initiation Interval  | Trip |          |
        |            Loop Name            |   min   |   max   |  Latency |  achieved |   target  | Count| Pipelined|
        +---------------------------------+---------+---------+----------+-----------+-----------+------+----------+
        |- front_linear_i_front_linear_j  |      154|      154|        29|          2|          1|    64|       yes|
        +---------------------------------+---------+---------+----------+-----------+-----------+------+----------+



================================================================
== Utilization Estimates
================================================================
* Summary: 
+-----------------+---------+-----+--------+-------+-----+
|       Name      | BRAM_18K| DSP |   FF   |  LUT  | URAM|
+-----------------+---------+-----+--------+-------+-----+
|DSP              |        -|    -|       -|      -|    -|
|Expression       |        -|    -|       0|    238|    -|
|FIFO             |        -|    -|       -|      -|    -|
|Instance         |        -|    -|       -|      -|    -|
|Memory           |        0|    -|      96|     12|    -|
|Multiplexer      |        -|    -|       -|    309|    -|
|Register         |        -|    -|     905|    192|    -|
+-----------------+---------+-----+--------+-------+-----+
|Total            |        0|    0|    1001|    751|    0|
+-----------------+---------+-----+--------+-------+-----+
|Available        |      280|  220|  106400|  53200|    0|
+-----------------+---------+-----+--------+-------+-----+
|Utilization (%)  |        0|    0|      ~0|      1|    0|
+-----------------+---------+-----+--------+-------+-----+

+ Detail: 
    * Instance: 
    N/A

    * DSP: 
    N/A

    * Memory: 
    +-------------------------+----------------------------------------------------------------------------------+---------+----+----+-----+------+-----+------+-------------+
    |          Memory         |                                      Module                                      | BRAM_18K| FF | LUT| URAM| Words| Bits| Banks| W*Bits*Banks|
    +-------------------------+----------------------------------------------------------------------------------+---------+----+----+-----+------+-----+------+-------------+
    |FRONT_LINEAR_BIAS_U      |transformer_for_sample_Pipeline_front_linear_i_front_linear_j_FRONT_LINEAR_BIdEe  |        0|  32|   4|    0|     8|   32|     1|          256|
    |FRONT_LINEAR_WEIGHT_0_U  |transformer_for_sample_Pipeline_front_linear_i_front_linear_j_FRONT_LINEAR_WEbkb  |        0|  32|   4|    0|     8|   32|     1|          256|
    |FRONT_LINEAR_WEIGHT_1_U  |transformer_for_sample_Pipeline_front_linear_i_front_linear_j_FRONT_LINEAR_WEcud  |        0|  32|   4|    0|     8|   32|     1|          256|
    +-------------------------+----------------------------------------------------------------------------------+---------+----+----+-----+------+-----+------+-------------+
    |Total                    |                                                                                  |        0|  96|  12|    0|    24|   96|     3|          768|
    +-------------------------+----------------------------------------------------------------------------------+---------+----+----+-----+------+-----+------+-------------+

    * FIFO: 
    N/A

    * Expression: 
    +---------------------------+----------+----+---+----+------------+------------+
    |       Variable Name       | Operation| DSP| FF| LUT| Bitwidth P0| Bitwidth P1|
    +---------------------------+----------+----+---+----+------------+------------+
    |add_ln54_1_fu_259_p2       |         +|   0|  0|  71|          64|          64|
    |add_ln54_2_fu_324_p2       |         +|   0|  0|  71|          64|          64|
    |add_ln54_3_fu_229_p2       |         +|   0|  0|  13|           4|           1|
    |add_ln54_fu_211_p2         |         +|   0|  0|  14|           7|           1|
    |add_ln56_fu_349_p2         |         +|   0|  0|  13|           4|           1|
    |add_ln62_fu_375_p2         |         +|   0|  0|  14|           6|           6|
    |ap_block_pp0_stage0_00001  |       and|   0|  0|   2|           1|           1|
    |ap_block_state2_io         |       and|   0|  0|   2|           1|           1|
    |icmp_ln54_fu_205_p2        |      icmp|   0|  0|  11|           7|           8|
    |icmp_ln56_fu_223_p2        |      icmp|   0|  0|   9|           4|           5|
    |ap_block_pp0_stage0_11001  |        or|   0|  0|   2|           1|           1|
    |ap_block_pp0_stage1_11001  |        or|   0|  0|   2|           1|           1|
    |or_ln54_fu_306_p2          |        or|   0|  0|   4|           4|           1|
    |select_ln54_1_fu_235_p3    |    select|   0|  0|   4|           1|           4|
    |select_ln54_fu_295_p3      |    select|   0|  0|   4|           1|           1|
    |ap_enable_pp0              |       xor|   0|  0|   2|           1|           2|
    +---------------------------+----------+----+---+----+------------+------------+
    |Total                      |          |   0|  0| 238|         171|         162|
    +---------------------------+----------+----+---+----+------------+------------+

    * Multiplexer: 
    +--------------------------------------+----+-----------+-----+-----------+
    |                 Name                 | LUT| Input Size| Bits| Total Bits|
    +--------------------------------------+----+-----------+-----+-----------+
    |ap_NS_fsm                             |  14|          3|    1|          3|
    |ap_done_int                           |   9|          2|    1|          2|
    |ap_enable_reg_pp0_iter0               |   9|          2|    1|          2|
    |ap_enable_reg_pp0_iter1               |   9|          2|    1|          2|
    |ap_enable_reg_pp0_iter14              |   9|          2|    1|          2|
    |ap_loop_exit_ready_pp0_iter10_reg     |   9|          2|    1|          2|
    |ap_loop_exit_ready_pp0_iter11_reg     |   9|          2|    1|          2|
    |ap_loop_exit_ready_pp0_iter12_reg     |   9|          2|    1|          2|
    |ap_loop_exit_ready_pp0_iter13_reg     |   9|          2|    1|          2|
    |ap_loop_exit_ready_pp0_iter1_reg      |   9|          2|    1|          2|
    |ap_loop_exit_ready_pp0_iter2_reg      |   9|          2|    1|          2|
    |ap_loop_exit_ready_pp0_iter3_reg      |   9|          2|    1|          2|
    |ap_loop_exit_ready_pp0_iter4_reg      |   9|          2|    1|          2|
    |ap_loop_exit_ready_pp0_iter5_reg      |   9|          2|    1|          2|
    |ap_loop_exit_ready_pp0_iter6_reg      |   9|          2|    1|          2|
    |ap_loop_exit_ready_pp0_iter7_reg      |   9|          2|    1|          2|
    |ap_loop_exit_ready_pp0_iter8_reg      |   9|          2|    1|          2|
    |ap_loop_exit_ready_pp0_iter9_reg      |   9|          2|    1|          2|
    |ap_sig_allocacmp_i_load               |   9|          2|    4|          8|
    |ap_sig_allocacmp_indvar_flatten_load  |   9|          2|    7|         14|
    |ap_sig_allocacmp_j_load               |   9|          2|    4|          8|
    |gmem0_blk_n_AR                        |   9|          2|    1|          2|
    |gmem0_blk_n_R                         |   9|          2|    1|          2|
    |grp_fu_174_p0                         |  14|          3|   32|         96|
    |grp_fu_174_p1                         |  14|          3|   32|         96|
    |grp_fu_183_p0                         |  14|          3|   32|         96|
    |grp_fu_183_p1                         |  14|          3|   32|         96|
    |i_fu_84                               |   9|          2|    4|          8|
    |indvar_flatten_fu_88                  |   9|          2|    7|         14|
    |j_fu_80                               |   9|          2|    4|          8|
    |m_axi_gmem0_ARADDR                    |  14|          3|   64|        192|
    +--------------------------------------+----+-----------+-----+-----------+
    |Total                                 | 309|         68|  242|        677|
    +--------------------------------------+----+-----------+-----+-----------+

    * Register: 
    +------------------------------------+----+----+-----+-----------+
    |                Name                | FF | LUT| Bits| Const Bits|
    +------------------------------------+----+----+-----+-----------+
    |FRONT_LINEAR_BIAS_load_reg_523      |  32|   0|   32|          0|
    |FRONT_LINEAR_WEIGHT_0_load_reg_463  |  32|   0|   32|          0|
    |FRONT_LINEAR_WEIGHT_1_load_reg_488  |  32|   0|   32|          0|
    |add_ln62_reg_498                    |   6|   0|    6|          0|
    |add_reg_533                         |  32|   0|   32|          0|
    |ap_CS_fsm                           |   2|   0|    2|          0|
    |ap_done_reg                         |   1|   0|    1|          0|
    |ap_enable_reg_pp0_iter0_reg         |   1|   0|    1|          0|
    |ap_enable_reg_pp0_iter1             |   1|   0|    1|          0|
    |ap_enable_reg_pp0_iter10            |   1|   0|    1|          0|
    |ap_enable_reg_pp0_iter11            |   1|   0|    1|          0|
    |ap_enable_reg_pp0_iter12            |   1|   0|    1|          0|
    |ap_enable_reg_pp0_iter13            |   1|   0|    1|          0|
    |ap_enable_reg_pp0_iter14            |   1|   0|    1|          0|
    |ap_enable_reg_pp0_iter2             |   1|   0|    1|          0|
    |ap_enable_reg_pp0_iter3             |   1|   0|    1|          0|
    |ap_enable_reg_pp0_iter4             |   1|   0|    1|          0|
    |ap_enable_reg_pp0_iter5             |   1|   0|    1|          0|
    |ap_enable_reg_pp0_iter6             |   1|   0|    1|          0|
    |ap_enable_reg_pp0_iter7             |   1|   0|    1|          0|
    |ap_enable_reg_pp0_iter8             |   1|   0|    1|          0|
    |ap_enable_reg_pp0_iter9             |   1|   0|    1|          0|
    |ap_loop_exit_ready_pp0_iter10_reg   |   1|   0|    1|          0|
    |ap_loop_exit_ready_pp0_iter11_reg   |   1|   0|    1|          0|
    |ap_loop_exit_ready_pp0_iter12_reg   |   1|   0|    1|          0|
    |ap_loop_exit_ready_pp0_iter13_reg   |   1|   0|    1|          0|
    |ap_loop_exit_ready_pp0_iter1_reg    |   1|   0|    1|          0|
    |ap_loop_exit_ready_pp0_iter2_reg    |   1|   0|    1|          0|
    |ap_loop_exit_ready_pp0_iter3_reg    |   1|   0|    1|          0|
    |ap_loop_exit_ready_pp0_iter4_reg    |   1|   0|    1|          0|
    |ap_loop_exit_ready_pp0_iter5_reg    |   1|   0|    1|          0|
    |ap_loop_exit_ready_pp0_iter6_reg    |   1|   0|    1|          0|
    |ap_loop_exit_ready_pp0_iter7_reg    |   1|   0|    1|          0|
    |ap_loop_exit_ready_pp0_iter8_reg    |   1|   0|    1|          0|
    |ap_loop_exit_ready_pp0_iter9_reg    |   1|   0|    1|          0|
    |gmem0_addr_1_read_reg_483           |  32|   0|   32|          0|
    |gmem0_addr_1_reg_446                |  64|   0|   64|          0|
    |gmem0_addr_read_reg_468             |  32|   0|   32|          0|
    |gmem0_addr_reg_434                  |  64|   0|   64|          0|
    |i_fu_84                             |   4|   0|    4|          0|
    |icmp_ln54_reg_410                   |   1|   0|    1|          0|
    |icmp_ln56_reg_419                   |   1|   0|    1|          0|
    |indvar_flatten_fu_88                |   7|   0|    7|          0|
    |j_cast20_reg_452                    |   4|   0|   64|         60|
    |j_fu_80                             |   4|   0|    4|          0|
    |j_load_reg_414                      |   4|   0|    4|          0|
    |mul_1_reg_508                       |  32|   0|   32|          0|
    |mul_reg_503                         |  32|   0|   32|          0|
    |p_mid2_reg_429                      |   3|   0|    6|          3|
    |select_ln54_1_reg_424               |   4|   0|    4|          0|
    |select_ln54_reg_440                 |   4|   0|    4|          0|
    |sum_1_1_reg_528                     |  32|   0|   32|          0|
    |sum_1_reg_513                       |  32|   0|   32|          0|
    |add_ln62_reg_498                    |  64|  32|    6|          0|
    |icmp_ln54_reg_410                   |  64|  32|    1|          0|
    |j_cast20_reg_452                    |  64|  32|   64|         60|
    |mul_1_reg_508                       |  64|  32|   32|          0|
    |p_mid2_reg_429                      |  64|  32|    6|          3|
    |select_ln54_reg_440                 |  64|  32|    4|          0|
    +------------------------------------+----+----+-----+-----------+
    |Total                               | 905| 192|  697|        126|
    +------------------------------------+----+----+-----+-----------+



================================================================
== Interface
================================================================
* Summary: 
+----------------------+-----+-----+------------+---------------------------------------------------------------+--------------+
|       RTL Ports      | Dir | Bits|  Protocol  |                         Source Object                         |    C Type    |
+----------------------+-----+-----+------------+---------------------------------------------------------------+--------------+
|ap_clk                |   in|    1|  ap_ctrl_hs|  transformer_for_sample_Pipeline_front_linear_i_front_linear_j|  return value|
|ap_rst                |   in|    1|  ap_ctrl_hs|  transformer_for_sample_Pipeline_front_linear_i_front_linear_j|  return value|
|ap_start              |   in|    1|  ap_ctrl_hs|  transformer_for_sample_Pipeline_front_linear_i_front_linear_j|  return value|
|ap_done               |  out|    1|  ap_ctrl_hs|  transformer_for_sample_Pipeline_front_linear_i_front_linear_j|  return value|
|ap_idle               |  out|    1|  ap_ctrl_hs|  transformer_for_sample_Pipeline_front_linear_i_front_linear_j|  return value|
|ap_ready              |  out|    1|  ap_ctrl_hs|  transformer_for_sample_Pipeline_front_linear_i_front_linear_j|  return value|
|grp_fu_2070_p_din0    |  out|   32|  ap_ctrl_hs|  transformer_for_sample_Pipeline_front_linear_i_front_linear_j|  return value|
|grp_fu_2070_p_din1    |  out|   32|  ap_ctrl_hs|  transformer_for_sample_Pipeline_front_linear_i_front_linear_j|  return value|
|grp_fu_2070_p_opcode  |  out|    2|  ap_ctrl_hs|  transformer_for_sample_Pipeline_front_linear_i_front_linear_j|  return value|
|grp_fu_2070_p_dout0   |   in|   32|  ap_ctrl_hs|  transformer_for_sample_Pipeline_front_linear_i_front_linear_j|  return value|
|grp_fu_2070_p_ce      |  out|    1|  ap_ctrl_hs|  transformer_for_sample_Pipeline_front_linear_i_front_linear_j|  return value|
|grp_fu_2074_p_din0    |  out|   32|  ap_ctrl_hs|  transformer_for_sample_Pipeline_front_linear_i_front_linear_j|  return value|
|grp_fu_2074_p_din1    |  out|   32|  ap_ctrl_hs|  transformer_for_sample_Pipeline_front_linear_i_front_linear_j|  return value|
|grp_fu_2074_p_opcode  |  out|    2|  ap_ctrl_hs|  transformer_for_sample_Pipeline_front_linear_i_front_linear_j|  return value|
|grp_fu_2074_p_dout0   |   in|   32|  ap_ctrl_hs|  transformer_for_sample_Pipeline_front_linear_i_front_linear_j|  return value|
|grp_fu_2074_p_ce      |  out|    1|  ap_ctrl_hs|  transformer_for_sample_Pipeline_front_linear_i_front_linear_j|  return value|
|grp_fu_2078_p_din0    |  out|   32|  ap_ctrl_hs|  transformer_for_sample_Pipeline_front_linear_i_front_linear_j|  return value|
|grp_fu_2078_p_din1    |  out|   32|  ap_ctrl_hs|  transformer_for_sample_Pipeline_front_linear_i_front_linear_j|  return value|
|grp_fu_2078_p_dout0   |   in|   32|  ap_ctrl_hs|  transformer_for_sample_Pipeline_front_linear_i_front_linear_j|  return value|
|grp_fu_2078_p_ce      |  out|    1|  ap_ctrl_hs|  transformer_for_sample_Pipeline_front_linear_i_front_linear_j|  return value|
|m_axi_gmem0_AWVALID   |  out|    1|       m_axi|                                                          gmem0|       pointer|
|m_axi_gmem0_AWREADY   |   in|    1|       m_axi|                                                          gmem0|       pointer|
|m_axi_gmem0_AWADDR    |  out|   64|       m_axi|                                                          gmem0|       pointer|
|m_axi_gmem0_AWID      |  out|    1|       m_axi|                                                          gmem0|       pointer|
|m_axi_gmem0_AWLEN     |  out|   32|       m_axi|                                                          gmem0|       pointer|
|m_axi_gmem0_AWSIZE    |  out|    3|       m_axi|                                                          gmem0|       pointer|
|m_axi_gmem0_AWBURST   |  out|    2|       m_axi|                                                          gmem0|       pointer|
|m_axi_gmem0_AWLOCK    |  out|    2|       m_axi|                                                          gmem0|       pointer|
|m_axi_gmem0_AWCACHE   |  out|    4|       m_axi|                                                          gmem0|       pointer|
|m_axi_gmem0_AWPROT    |  out|    3|       m_axi|                                                          gmem0|       pointer|
|m_axi_gmem0_AWQOS     |  out|    4|       m_axi|                                                          gmem0|       pointer|
|m_axi_gmem0_AWREGION  |  out|    4|       m_axi|                                                          gmem0|       pointer|
|m_axi_gmem0_AWUSER    |  out|    1|       m_axi|                                                          gmem0|       pointer|
|m_axi_gmem0_WVALID    |  out|    1|       m_axi|                                                          gmem0|       pointer|
|m_axi_gmem0_WREADY    |   in|    1|       m_axi|                                                          gmem0|       pointer|
|m_axi_gmem0_WDATA     |  out|   32|       m_axi|                                                          gmem0|       pointer|
|m_axi_gmem0_WSTRB     |  out|    4|       m_axi|                                                          gmem0|       pointer|
|m_axi_gmem0_WLAST     |  out|    1|       m_axi|                                                          gmem0|       pointer|
|m_axi_gmem0_WID       |  out|    1|       m_axi|                                                          gmem0|       pointer|
|m_axi_gmem0_WUSER     |  out|    1|       m_axi|                                                          gmem0|       pointer|
|m_axi_gmem0_ARVALID   |  out|    1|       m_axi|                                                          gmem0|       pointer|
|m_axi_gmem0_ARREADY   |   in|    1|       m_axi|                                                          gmem0|       pointer|
|m_axi_gmem0_ARADDR    |  out|   64|       m_axi|                                                          gmem0|       pointer|
|m_axi_gmem0_ARID      |  out|    1|       m_axi|                                                          gmem0|       pointer|
|m_axi_gmem0_ARLEN     |  out|   32|       m_axi|                                                          gmem0|       pointer|
|m_axi_gmem0_ARSIZE    |  out|    3|       m_axi|                                                          gmem0|       pointer|
|m_axi_gmem0_ARBURST   |  out|    2|       m_axi|                                                          gmem0|       pointer|
|m_axi_gmem0_ARLOCK    |  out|    2|       m_axi|                                                          gmem0|       pointer|
|m_axi_gmem0_ARCACHE   |  out|    4|       m_axi|                                                          gmem0|       pointer|
|m_axi_gmem0_ARPROT    |  out|    3|       m_axi|                                                          gmem0|       pointer|
|m_axi_gmem0_ARQOS     |  out|    4|       m_axi|                                                          gmem0|       pointer|
|m_axi_gmem0_ARREGION  |  out|    4|       m_axi|                                                          gmem0|       pointer|
|m_axi_gmem0_ARUSER    |  out|    1|       m_axi|                                                          gmem0|       pointer|
|m_axi_gmem0_RVALID    |   in|    1|       m_axi|                                                          gmem0|       pointer|
|m_axi_gmem0_RREADY    |  out|    1|       m_axi|                                                          gmem0|       pointer|
|m_axi_gmem0_RDATA     |   in|   32|       m_axi|                                                          gmem0|       pointer|
|m_axi_gmem0_RLAST     |   in|    1|       m_axi|                                                          gmem0|       pointer|
|m_axi_gmem0_RID       |   in|    1|       m_axi|                                                          gmem0|       pointer|
|m_axi_gmem0_RFIFONUM  |   in|    9|       m_axi|                                                          gmem0|       pointer|
|m_axi_gmem0_RUSER     |   in|    1|       m_axi|                                                          gmem0|       pointer|
|m_axi_gmem0_RRESP     |   in|    2|       m_axi|                                                          gmem0|       pointer|
|m_axi_gmem0_BVALID    |   in|    1|       m_axi|                                                          gmem0|       pointer|
|m_axi_gmem0_BREADY    |  out|    1|       m_axi|                                                          gmem0|       pointer|
|m_axi_gmem0_BRESP     |   in|    2|       m_axi|                                                          gmem0|       pointer|
|m_axi_gmem0_BID       |   in|    1|       m_axi|                                                          gmem0|       pointer|
|m_axi_gmem0_BUSER     |   in|    1|       m_axi|                                                          gmem0|       pointer|
|input_array           |   in|   64|     ap_none|                                                    input_array|        scalar|
|front_address0        |  out|    6|   ap_memory|                                                          front|         array|
|front_ce0             |  out|    1|   ap_memory|                                                          front|         array|
|front_we0             |  out|    1|   ap_memory|                                                          front|         array|
|front_d0              |  out|   32|   ap_memory|                                                          front|         array|
+----------------------+-----+-----+------------+---------------------------------------------------------------+--------------+

============================================================
+ Verbose Summary: Synthesis Manager
============================================================
InlineROM: 1
ExposeGlobal: 0
============================================================
+ Verbose Summary: CDFG Model
============================================================
IsTopModel: 0
ResetActiveHigh: 1
IsCombinational: 2
IsDatapathOnly: 2
HasWiredReturn: 1
HasMFsm: 2
HasVarLatency: 1
IsPipeline: 0
IsRtlPipelined: 0
IsInstanceOverlapped: 0
IsDontTouch: 0
HasImplIP: 0
IsGatedGlobalClock: 0

+ Individual pipeline summary: 
  * Pipeline-0: initiation interval (II) = 2, depth = 29


============================================================
+ Verbose Summary: Schedule
============================================================
* Number of FSM states : 29
* Pipeline : 1
  Pipeline-0 : II = 2, D = 29, States = { 1 2 3 4 5 6 7 8 9 10 11 12 13 14 15 16 17 18 19 20 21 22 23 24 25 26 27 28 29 }
* Dataflow Pipeline: 0

* FSM state transitions: 
1 --> 2 
2 --> 3 
3 --> 4 
4 --> 5 
5 --> 6 
6 --> 7 
7 --> 8 
8 --> 9 
9 --> 10 
10 --> 11 
11 --> 12 
12 --> 13 
13 --> 14 
14 --> 15 
15 --> 16 
16 --> 17 
17 --> 18 
18 --> 19 
19 --> 20 
20 --> 21 
21 --> 22 
22 --> 23 
23 --> 24 
24 --> 25 
25 --> 26 
26 --> 27 
27 --> 28 
28 --> 29 
29 --> 

* FSM state operations: 

State 1 <SV = 0> <Delay = 6.27>
ST_1 : Operation 32 [1/1] (0.00ns)   --->   "%j = alloca i32 1"   --->   Operation 32 'alloca' 'j' <Predicate = true> <Delay = 0.00>
ST_1 : Operation 33 [1/1] (0.00ns)   --->   "%i = alloca i32 1"   --->   Operation 33 'alloca' 'i' <Predicate = true> <Delay = 0.00>
ST_1 : Operation 34 [1/1] (0.00ns)   --->   "%indvar_flatten = alloca i32 1"   --->   Operation 34 'alloca' 'indvar_flatten' <Predicate = true> <Delay = 0.00>
ST_1 : Operation 35 [1/1] (0.00ns)   --->   "%specinterface_ln0 = specinterface void @_ssdm_op_SpecInterface, i32 %gmem0, void @empty_2, i32 0, i32 0, void @empty_3, i32 0, i32 16, void @empty_4, void @empty_5, void @empty_3, i32 16, i32 16, i32 16, i32 16, void @empty_3, void @empty_3, i32 4294967295, i32 0"   --->   Operation 35 'specinterface' 'specinterface_ln0' <Predicate = true> <Delay = 0.00>
ST_1 : Operation 36 [1/1] (0.00ns)   --->   "%input_array_read = read i64 @_ssdm_op_Read.ap_auto.i64, i64 %input_array"   --->   Operation 36 'read' 'input_array_read' <Predicate = true> <Delay = 0.00>
ST_1 : Operation 37 [1/1] (1.58ns)   --->   "%store_ln0 = store i7 0, i7 %indvar_flatten"   --->   Operation 37 'store' 'store_ln0' <Predicate = true> <Delay = 1.58>
ST_1 : Operation 38 [1/1] (1.58ns)   --->   "%store_ln0 = store i4 0, i4 %i"   --->   Operation 38 'store' 'store_ln0' <Predicate = true> <Delay = 1.58>
ST_1 : Operation 39 [1/1] (1.58ns)   --->   "%store_ln0 = store i4 0, i4 %j"   --->   Operation 39 'store' 'store_ln0' <Predicate = true> <Delay = 1.58>
ST_1 : Operation 40 [1/1] (0.00ns)   --->   "%br_ln0 = br void %front_linear_k"   --->   Operation 40 'br' 'br_ln0' <Predicate = true> <Delay = 0.00>
ST_1 : Operation 41 [1/1] (0.00ns)   --->   "%indvar_flatten_load = load i7 %indvar_flatten" [linear_transformer.cpp:54]   --->   Operation 41 'load' 'indvar_flatten_load' <Predicate = true> <Delay = 0.00>
ST_1 : Operation 42 [1/1] (0.00ns)   --->   "%specpipeline_ln0 = specpipeline void @_ssdm_op_SpecPipeline, i32 4294967295, i32 0, i32 1, i32 0, void @p_str"   --->   Operation 42 'specpipeline' 'specpipeline_ln0' <Predicate = true> <Delay = 0.00>
ST_1 : Operation 43 [1/1] (1.48ns)   --->   "%icmp_ln54 = icmp_eq  i7 %indvar_flatten_load, i7 64" [linear_transformer.cpp:54]   --->   Operation 43 'icmp' 'icmp_ln54' <Predicate = true> <Delay = 1.48> <CoreInst = "Cmp">   --->   Core 9 'Cmp' <Latency = 0> <II = 1> <Delay = 1.55> <FuncUnit> <Opcode : 'icmp'> <InPorts = 2> <OutPorts = 1>
ST_1 : Operation 44 [1/1] (1.87ns)   --->   "%add_ln54 = add i7 %indvar_flatten_load, i7 1" [linear_transformer.cpp:54]   --->   Operation 44 'add' 'add_ln54' <Predicate = true> <Delay = 1.87> <CoreInst = "Adder">   --->   Core 1 'Adder' <Latency = 0> <II = 1> <Delay = 1.87> <FuncUnit> <Opcode : 'add' 'sub'> <InPorts = 2> <OutPorts = 1>
ST_1 : Operation 45 [1/1] (0.00ns)   --->   "%br_ln54 = br i1 %icmp_ln54, void %for.inc25, void %qkv_k.preheader.exitStub" [linear_transformer.cpp:54]   --->   Operation 45 'br' 'br_ln54' <Predicate = true> <Delay = 0.00>
ST_1 : Operation 46 [1/1] (0.00ns)   --->   "%j_load = load i4 %j" [linear_transformer.cpp:56]   --->   Operation 46 'load' 'j_load' <Predicate = (!icmp_ln54)> <Delay = 0.00>
ST_1 : Operation 47 [1/1] (0.00ns)   --->   "%i_load = load i4 %i" [linear_transformer.cpp:54]   --->   Operation 47 'load' 'i_load' <Predicate = (!icmp_ln54)> <Delay = 0.00>
ST_1 : Operation 48 [1/1] (1.30ns)   --->   "%icmp_ln56 = icmp_eq  i4 %j_load, i4 8" [linear_transformer.cpp:56]   --->   Operation 48 'icmp' 'icmp_ln56' <Predicate = (!icmp_ln54)> <Delay = 1.30> <CoreInst = "Cmp">   --->   Core 9 'Cmp' <Latency = 0> <II = 1> <Delay = 1.36> <FuncUnit> <Opcode : 'icmp'> <InPorts = 2> <OutPorts = 1>
ST_1 : Operation 49 [1/1] (1.73ns)   --->   "%add_ln54_3 = add i4 %i_load, i4 1" [linear_transformer.cpp:54]   --->   Operation 49 'add' 'add_ln54_3' <Predicate = (!icmp_ln54)> <Delay = 1.73> <CoreInst = "Adder">   --->   Core 1 'Adder' <Latency = 0> <II = 1> <Delay = 1.73> <FuncUnit> <Opcode : 'add' 'sub'> <InPorts = 2> <OutPorts = 1>
ST_1 : Operation 50 [1/1] (1.02ns)   --->   "%select_ln54_1 = select i1 %icmp_ln56, i4 %add_ln54_3, i4 %i_load" [linear_transformer.cpp:54]   --->   Operation 50 'select' 'select_ln54_1' <Predicate = (!icmp_ln54)> <Delay = 1.02> <CoreInst = "Sel">   --->   Core 73 'Sel' <Latency = 0> <II = 1> <Delay = 1.02> <FuncUnit> <Opcode : 'select'> <InPorts = 3> <OutPorts = 1>
ST_1 : Operation 51 [1/1] (0.00ns)   --->   "%trunc_ln54 = trunc i4 %select_ln54_1" [linear_transformer.cpp:54]   --->   Operation 51 'trunc' 'trunc_ln54' <Predicate = (!icmp_ln54)> <Delay = 0.00>
ST_1 : Operation 52 [1/1] (0.00ns)   --->   "%p_mid2 = bitconcatenate i6 @_ssdm_op_BitConcatenate.i6.i3.i3, i3 %trunc_ln54, i3 0" [linear_transformer.cpp:54]   --->   Operation 52 'bitconcatenate' 'p_mid2' <Predicate = (!icmp_ln54)> <Delay = 0.00>
ST_1 : Operation 53 [1/1] (0.00ns)   --->   "%zext_ln54 = zext i6 %p_mid2" [linear_transformer.cpp:54]   --->   Operation 53 'zext' 'zext_ln54' <Predicate = (!icmp_ln54)> <Delay = 0.00>
ST_1 : Operation 54 [1/1] (3.52ns)   --->   "%add_ln54_1 = add i64 %zext_ln54, i64 %input_array_read" [linear_transformer.cpp:54]   --->   Operation 54 'add' 'add_ln54_1' <Predicate = (!icmp_ln54)> <Delay = 3.52> <CoreInst = "Adder">   --->   Core 1 'Adder' <Latency = 0> <II = 1> <Delay = 3.52> <FuncUnit> <Opcode : 'add' 'sub'> <InPorts = 2> <OutPorts = 1>
ST_1 : Operation 55 [1/1] (0.00ns)   --->   "%sext_ln60_mid2_v = partselect i62 @_ssdm_op_PartSelect.i62.i64.i32.i32, i64 %add_ln54_1, i32 2, i32 63" [linear_transformer.cpp:54]   --->   Operation 55 'partselect' 'sext_ln60_mid2_v' <Predicate = (!icmp_ln54)> <Delay = 0.00>
ST_1 : Operation 56 [1/1] (0.00ns)   --->   "%sext_ln54 = sext i62 %sext_ln60_mid2_v" [linear_transformer.cpp:54]   --->   Operation 56 'sext' 'sext_ln54' <Predicate = (!icmp_ln54)> <Delay = 0.00>
ST_1 : Operation 57 [1/1] (0.00ns)   --->   "%gmem0_addr = getelementptr i32 %gmem0, i64 %sext_ln54" [linear_transformer.cpp:60]   --->   Operation 57 'getelementptr' 'gmem0_addr' <Predicate = (!icmp_ln54)> <Delay = 0.00>
ST_1 : Operation 58 [1/1] (1.58ns)   --->   "%store_ln56 = store i7 %add_ln54, i7 %indvar_flatten" [linear_transformer.cpp:56]   --->   Operation 58 'store' 'store_ln56' <Predicate = (!icmp_ln54)> <Delay = 1.58>
ST_1 : Operation 59 [1/1] (1.58ns)   --->   "%store_ln56 = store i4 %select_ln54_1, i4 %i" [linear_transformer.cpp:56]   --->   Operation 59 'store' 'store_ln56' <Predicate = (!icmp_ln54)> <Delay = 1.58>

State 2 <SV = 1> <Delay = 7.30>
ST_2 : Operation 60 [1/1] (1.02ns)   --->   "%select_ln54 = select i1 %icmp_ln56, i4 0, i4 %j_load" [linear_transformer.cpp:54]   --->   Operation 60 'select' 'select_ln54' <Predicate = (!icmp_ln54)> <Delay = 1.02> <CoreInst = "Sel">   --->   Core 73 'Sel' <Latency = 0> <II = 1> <Delay = 1.02> <FuncUnit> <Opcode : 'select'> <InPorts = 3> <OutPorts = 1>
ST_2 : Operation 61 [1/1] (0.00ns) (grouped into LUT with out node add_ln54_2)   --->   "%shl_ln54 = shl i4 %select_ln54_1, i4 1" [linear_transformer.cpp:54]   --->   Operation 61 'shl' 'shl_ln54' <Predicate = (!icmp_ln54)> <Delay = 0.00>
ST_2 : Operation 62 [1/1] (0.00ns) (grouped into LUT with out node add_ln54_2)   --->   "%or_ln54 = or i4 %shl_ln54, i4 1" [linear_transformer.cpp:54]   --->   Operation 62 'or' 'or_ln54' <Predicate = (!icmp_ln54)> <Delay = 0.00>
ST_2 : Operation 63 [1/1] (0.00ns) (grouped into LUT with out node add_ln54_2)   --->   "%sext_ln60_1_mid2_v_v_v_v_v = bitconcatenate i6 @_ssdm_op_BitConcatenate.i6.i4.i2, i4 %or_ln54, i2 0" [linear_transformer.cpp:54]   --->   Operation 63 'bitconcatenate' 'sext_ln60_1_mid2_v_v_v_v_v' <Predicate = (!icmp_ln54)> <Delay = 0.00>
ST_2 : Operation 64 [1/1] (0.00ns) (grouped into LUT with out node add_ln54_2)   --->   "%zext_ln54_1 = zext i6 %sext_ln60_1_mid2_v_v_v_v_v" [linear_transformer.cpp:54]   --->   Operation 64 'zext' 'zext_ln54_1' <Predicate = (!icmp_ln54)> <Delay = 0.00>
ST_2 : Operation 65 [1/1] (3.52ns) (out node of the LUT)   --->   "%add_ln54_2 = add i64 %zext_ln54_1, i64 %input_array_read" [linear_transformer.cpp:54]   --->   Operation 65 'add' 'add_ln54_2' <Predicate = (!icmp_ln54)> <Delay = 3.52> <CoreInst = "Adder">   --->   Core 1 'Adder' <Latency = 0> <II = 1> <Delay = 3.52> <FuncUnit> <Opcode : 'add' 'sub'> <InPorts = 2> <OutPorts = 1>
ST_2 : Operation 66 [1/1] (0.00ns)   --->   "%sext_ln60_1_mid2_v = partselect i62 @_ssdm_op_PartSelect.i62.i64.i32.i32, i64 %add_ln54_2, i32 2, i32 63" [linear_transformer.cpp:54]   --->   Operation 66 'partselect' 'sext_ln60_1_mid2_v' <Predicate = (!icmp_ln54)> <Delay = 0.00>
ST_2 : Operation 67 [1/1] (0.00ns)   --->   "%sext_ln54_1 = sext i62 %sext_ln60_1_mid2_v" [linear_transformer.cpp:54]   --->   Operation 67 'sext' 'sext_ln54_1' <Predicate = (!icmp_ln54)> <Delay = 0.00>
ST_2 : Operation 68 [7/7] (7.30ns)   --->   "%gmem0_load_req = readreq i1 @_ssdm_op_ReadReq.m_axi.i32P1A, i64 %gmem0_addr, i32 1" [linear_transformer.cpp:60]   --->   Operation 68 'readreq' 'gmem0_load_req' <Predicate = (!icmp_ln54)> <Delay = 7.30> <CoreInst = "m_axi">   --->   Core 113 'm_axi' <Latency = 0> <II = 1> <Delay = 1.00> <Adapter> <Opcode : 'read' 'write' 'readreq' 'writereq' 'writeresp'>
ST_2 : Operation 69 [1/1] (0.00ns)   --->   "%gmem0_addr_1 = getelementptr i32 %gmem0, i64 %sext_ln54_1" [linear_transformer.cpp:60]   --->   Operation 69 'getelementptr' 'gmem0_addr_1' <Predicate = (!icmp_ln54)> <Delay = 0.00>
ST_2 : Operation 70 [1/1] (1.73ns)   --->   "%add_ln56 = add i4 %select_ln54, i4 1" [linear_transformer.cpp:56]   --->   Operation 70 'add' 'add_ln56' <Predicate = (!icmp_ln54)> <Delay = 1.73> <CoreInst = "Adder">   --->   Core 1 'Adder' <Latency = 0> <II = 1> <Delay = 1.73> <FuncUnit> <Opcode : 'add' 'sub'> <InPorts = 2> <OutPorts = 1>
ST_2 : Operation 71 [1/1] (1.58ns)   --->   "%store_ln56 = store i4 %add_ln56, i4 %j" [linear_transformer.cpp:56]   --->   Operation 71 'store' 'store_ln56' <Predicate = (!icmp_ln54)> <Delay = 1.58>

State 3 <SV = 2> <Delay = 7.30>
ST_3 : Operation 72 [6/7] (7.30ns)   --->   "%gmem0_load_req = readreq i1 @_ssdm_op_ReadReq.m_axi.i32P1A, i64 %gmem0_addr, i32 1" [linear_transformer.cpp:60]   --->   Operation 72 'readreq' 'gmem0_load_req' <Predicate = true> <Delay = 7.30> <CoreInst = "m_axi">   --->   Core 113 'm_axi' <Latency = 0> <II = 1> <Delay = 1.00> <Adapter> <Opcode : 'read' 'write' 'readreq' 'writereq' 'writeresp'>
ST_3 : Operation 73 [7/7] (7.30ns)   --->   "%gmem0_load_1_req = readreq i1 @_ssdm_op_ReadReq.m_axi.i32P1A, i64 %gmem0_addr_1, i32 1" [linear_transformer.cpp:60]   --->   Operation 73 'readreq' 'gmem0_load_1_req' <Predicate = true> <Delay = 7.30> <CoreInst = "m_axi">   --->   Core 113 'm_axi' <Latency = 0> <II = 1> <Delay = 1.00> <Adapter> <Opcode : 'read' 'write' 'readreq' 'writereq' 'writeresp'>

State 4 <SV = 3> <Delay = 7.30>
ST_4 : Operation 74 [5/7] (7.30ns)   --->   "%gmem0_load_req = readreq i1 @_ssdm_op_ReadReq.m_axi.i32P1A, i64 %gmem0_addr, i32 1" [linear_transformer.cpp:60]   --->   Operation 74 'readreq' 'gmem0_load_req' <Predicate = true> <Delay = 7.30> <CoreInst = "m_axi">   --->   Core 113 'm_axi' <Latency = 0> <II = 1> <Delay = 1.00> <Adapter> <Opcode : 'read' 'write' 'readreq' 'writereq' 'writeresp'>
ST_4 : Operation 75 [6/7] (7.30ns)   --->   "%gmem0_load_1_req = readreq i1 @_ssdm_op_ReadReq.m_axi.i32P1A, i64 %gmem0_addr_1, i32 1" [linear_transformer.cpp:60]   --->   Operation 75 'readreq' 'gmem0_load_1_req' <Predicate = true> <Delay = 7.30> <CoreInst = "m_axi">   --->   Core 113 'm_axi' <Latency = 0> <II = 1> <Delay = 1.00> <Adapter> <Opcode : 'read' 'write' 'readreq' 'writereq' 'writeresp'>

State 5 <SV = 4> <Delay = 7.30>
ST_5 : Operation 76 [4/7] (7.30ns)   --->   "%gmem0_load_req = readreq i1 @_ssdm_op_ReadReq.m_axi.i32P1A, i64 %gmem0_addr, i32 1" [linear_transformer.cpp:60]   --->   Operation 76 'readreq' 'gmem0_load_req' <Predicate = true> <Delay = 7.30> <CoreInst = "m_axi">   --->   Core 113 'm_axi' <Latency = 0> <II = 1> <Delay = 1.00> <Adapter> <Opcode : 'read' 'write' 'readreq' 'writereq' 'writeresp'>
ST_5 : Operation 77 [5/7] (7.30ns)   --->   "%gmem0_load_1_req = readreq i1 @_ssdm_op_ReadReq.m_axi.i32P1A, i64 %gmem0_addr_1, i32 1" [linear_transformer.cpp:60]   --->   Operation 77 'readreq' 'gmem0_load_1_req' <Predicate = true> <Delay = 7.30> <CoreInst = "m_axi">   --->   Core 113 'm_axi' <Latency = 0> <II = 1> <Delay = 1.00> <Adapter> <Opcode : 'read' 'write' 'readreq' 'writereq' 'writeresp'>

State 6 <SV = 5> <Delay = 7.30>
ST_6 : Operation 78 [3/7] (7.30ns)   --->   "%gmem0_load_req = readreq i1 @_ssdm_op_ReadReq.m_axi.i32P1A, i64 %gmem0_addr, i32 1" [linear_transformer.cpp:60]   --->   Operation 78 'readreq' 'gmem0_load_req' <Predicate = true> <Delay = 7.30> <CoreInst = "m_axi">   --->   Core 113 'm_axi' <Latency = 0> <II = 1> <Delay = 1.00> <Adapter> <Opcode : 'read' 'write' 'readreq' 'writereq' 'writeresp'>
ST_6 : Operation 79 [4/7] (7.30ns)   --->   "%gmem0_load_1_req = readreq i1 @_ssdm_op_ReadReq.m_axi.i32P1A, i64 %gmem0_addr_1, i32 1" [linear_transformer.cpp:60]   --->   Operation 79 'readreq' 'gmem0_load_1_req' <Predicate = true> <Delay = 7.30> <CoreInst = "m_axi">   --->   Core 113 'm_axi' <Latency = 0> <II = 1> <Delay = 1.00> <Adapter> <Opcode : 'read' 'write' 'readreq' 'writereq' 'writeresp'>

State 7 <SV = 6> <Delay = 7.30>
ST_7 : Operation 80 [1/1] (0.00ns)   --->   "%j_cast20 = zext i4 %select_ln54" [linear_transformer.cpp:54]   --->   Operation 80 'zext' 'j_cast20' <Predicate = true> <Delay = 0.00>
ST_7 : Operation 81 [2/7] (7.30ns)   --->   "%gmem0_load_req = readreq i1 @_ssdm_op_ReadReq.m_axi.i32P1A, i64 %gmem0_addr, i32 1" [linear_transformer.cpp:60]   --->   Operation 81 'readreq' 'gmem0_load_req' <Predicate = true> <Delay = 7.30> <CoreInst = "m_axi">   --->   Core 113 'm_axi' <Latency = 0> <II = 1> <Delay = 1.00> <Adapter> <Opcode : 'read' 'write' 'readreq' 'writereq' 'writeresp'>
ST_7 : Operation 82 [1/1] (0.00ns)   --->   "%FRONT_LINEAR_WEIGHT_0_addr = getelementptr i32 %FRONT_LINEAR_WEIGHT_0, i64 0, i64 %j_cast20" [linear_transformer.cpp:60]   --->   Operation 82 'getelementptr' 'FRONT_LINEAR_WEIGHT_0_addr' <Predicate = true> <Delay = 0.00>
ST_7 : Operation 83 [2/2] (2.32ns)   --->   "%FRONT_LINEAR_WEIGHT_0_load = load i3 %FRONT_LINEAR_WEIGHT_0_addr" [linear_transformer.cpp:60]   --->   Operation 83 'load' 'FRONT_LINEAR_WEIGHT_0_load' <Predicate = true> <Delay = 2.32> <CoreInst = "ROM">   --->   Core 95 'ROM' <Latency = 1> <II = 1> <Delay = 2.32> <Storage> <Opcode : 'load'> <Ports = 0> <Width = 32> <Depth = 8> <ROM>
ST_7 : Operation 84 [3/7] (7.30ns)   --->   "%gmem0_load_1_req = readreq i1 @_ssdm_op_ReadReq.m_axi.i32P1A, i64 %gmem0_addr_1, i32 1" [linear_transformer.cpp:60]   --->   Operation 84 'readreq' 'gmem0_load_1_req' <Predicate = true> <Delay = 7.30> <CoreInst = "m_axi">   --->   Core 113 'm_axi' <Latency = 0> <II = 1> <Delay = 1.00> <Adapter> <Opcode : 'read' 'write' 'readreq' 'writereq' 'writeresp'>

State 8 <SV = 7> <Delay = 7.30>
ST_8 : Operation 85 [1/7] (7.30ns)   --->   "%gmem0_load_req = readreq i1 @_ssdm_op_ReadReq.m_axi.i32P1A, i64 %gmem0_addr, i32 1" [linear_transformer.cpp:60]   --->   Operation 85 'readreq' 'gmem0_load_req' <Predicate = true> <Delay = 7.30> <CoreInst = "m_axi">   --->   Core 113 'm_axi' <Latency = 0> <II = 1> <Delay = 1.00> <Adapter> <Opcode : 'read' 'write' 'readreq' 'writereq' 'writeresp'>
ST_8 : Operation 86 [1/2] (2.32ns)   --->   "%FRONT_LINEAR_WEIGHT_0_load = load i3 %FRONT_LINEAR_WEIGHT_0_addr" [linear_transformer.cpp:60]   --->   Operation 86 'load' 'FRONT_LINEAR_WEIGHT_0_load' <Predicate = true> <Delay = 2.32> <CoreInst = "ROM">   --->   Core 95 'ROM' <Latency = 1> <II = 1> <Delay = 2.32> <Storage> <Opcode : 'load'> <Ports = 0> <Width = 32> <Depth = 8> <ROM>
ST_8 : Operation 87 [2/7] (7.30ns)   --->   "%gmem0_load_1_req = readreq i1 @_ssdm_op_ReadReq.m_axi.i32P1A, i64 %gmem0_addr_1, i32 1" [linear_transformer.cpp:60]   --->   Operation 87 'readreq' 'gmem0_load_1_req' <Predicate = true> <Delay = 7.30> <CoreInst = "m_axi">   --->   Core 113 'm_axi' <Latency = 0> <II = 1> <Delay = 1.00> <Adapter> <Opcode : 'read' 'write' 'readreq' 'writereq' 'writeresp'>

State 9 <SV = 8> <Delay = 7.30>
ST_9 : Operation 88 [1/1] (7.30ns)   --->   "%gmem0_addr_read = read i32 @_ssdm_op_Read.m_axi.volatile.i32P1A, i64 %gmem0_addr" [linear_transformer.cpp:60]   --->   Operation 88 'read' 'gmem0_addr_read' <Predicate = true> <Delay = 7.30> <CoreInst = "m_axi">   --->   Core 113 'm_axi' <Latency = 0> <II = 1> <Delay = 1.00> <Adapter> <Opcode : 'read' 'write' 'readreq' 'writereq' 'writeresp'>
ST_9 : Operation 89 [1/7] (7.30ns)   --->   "%gmem0_load_1_req = readreq i1 @_ssdm_op_ReadReq.m_axi.i32P1A, i64 %gmem0_addr_1, i32 1" [linear_transformer.cpp:60]   --->   Operation 89 'readreq' 'gmem0_load_1_req' <Predicate = true> <Delay = 7.30> <CoreInst = "m_axi">   --->   Core 113 'm_axi' <Latency = 0> <II = 1> <Delay = 1.00> <Adapter> <Opcode : 'read' 'write' 'readreq' 'writereq' 'writeresp'>
ST_9 : Operation 90 [1/1] (0.00ns)   --->   "%FRONT_LINEAR_WEIGHT_1_addr = getelementptr i32 %FRONT_LINEAR_WEIGHT_1, i64 0, i64 %j_cast20" [linear_transformer.cpp:60]   --->   Operation 90 'getelementptr' 'FRONT_LINEAR_WEIGHT_1_addr' <Predicate = true> <Delay = 0.00>
ST_9 : Operation 91 [2/2] (2.32ns)   --->   "%FRONT_LINEAR_WEIGHT_1_load = load i3 %FRONT_LINEAR_WEIGHT_1_addr" [linear_transformer.cpp:60]   --->   Operation 91 'load' 'FRONT_LINEAR_WEIGHT_1_load' <Predicate = true> <Delay = 2.32> <CoreInst = "ROM">   --->   Core 95 'ROM' <Latency = 1> <II = 1> <Delay = 2.32> <Storage> <Opcode : 'load'> <Ports = 0> <Width = 32> <Depth = 8> <ROM>

State 10 <SV = 9> <Delay = 7.30>
ST_10 : Operation 92 [1/1] (0.00ns)   --->   "%bitcast_ln60 = bitcast i32 %gmem0_addr_read" [linear_transformer.cpp:60]   --->   Operation 92 'bitcast' 'bitcast_ln60' <Predicate = true> <Delay = 0.00>
ST_10 : Operation 93 [4/4] (5.70ns)   --->   "%mul = fmul i32 %bitcast_ln60, i32 %FRONT_LINEAR_WEIGHT_0_load" [linear_transformer.cpp:60]   --->   Operation 93 'fmul' 'mul' <Predicate = true> <Delay = 5.70> <CoreInst = "FMul_maxdsp">   --->   Core 30 'FMul_maxdsp' <Latency = 3> <II = 1> <Delay = 5.70> <FuncUnit> <Opcode : 'fmul'> <InPorts = 2> <OutPorts = 1>
ST_10 : Operation 94 [1/1] (7.30ns)   --->   "%gmem0_addr_1_read = read i32 @_ssdm_op_Read.m_axi.volatile.i32P1A, i64 %gmem0_addr_1" [linear_transformer.cpp:60]   --->   Operation 94 'read' 'gmem0_addr_1_read' <Predicate = true> <Delay = 7.30> <CoreInst = "m_axi">   --->   Core 113 'm_axi' <Latency = 0> <II = 1> <Delay = 1.00> <Adapter> <Opcode : 'read' 'write' 'readreq' 'writereq' 'writeresp'>
ST_10 : Operation 95 [1/2] (2.32ns)   --->   "%FRONT_LINEAR_WEIGHT_1_load = load i3 %FRONT_LINEAR_WEIGHT_1_addr" [linear_transformer.cpp:60]   --->   Operation 95 'load' 'FRONT_LINEAR_WEIGHT_1_load' <Predicate = true> <Delay = 2.32> <CoreInst = "ROM">   --->   Core 95 'ROM' <Latency = 1> <II = 1> <Delay = 2.32> <Storage> <Opcode : 'load'> <Ports = 0> <Width = 32> <Depth = 8> <ROM>

State 11 <SV = 10> <Delay = 5.70>
ST_11 : Operation 96 [1/1] (0.00ns)   --->   "%j_cast = zext i4 %select_ln54" [linear_transformer.cpp:54]   --->   Operation 96 'zext' 'j_cast' <Predicate = true> <Delay = 0.00>
ST_11 : Operation 97 [3/4] (5.70ns)   --->   "%mul = fmul i32 %bitcast_ln60, i32 %FRONT_LINEAR_WEIGHT_0_load" [linear_transformer.cpp:60]   --->   Operation 97 'fmul' 'mul' <Predicate = true> <Delay = 5.70> <CoreInst = "FMul_maxdsp">   --->   Core 30 'FMul_maxdsp' <Latency = 3> <II = 1> <Delay = 5.70> <FuncUnit> <Opcode : 'fmul'> <InPorts = 2> <OutPorts = 1>
ST_11 : Operation 98 [1/1] (0.00ns)   --->   "%bitcast_ln60_1 = bitcast i32 %gmem0_addr_1_read" [linear_transformer.cpp:60]   --->   Operation 98 'bitcast' 'bitcast_ln60_1' <Predicate = true> <Delay = 0.00>
ST_11 : Operation 99 [4/4] (5.70ns)   --->   "%mul_1 = fmul i32 %bitcast_ln60_1, i32 %FRONT_LINEAR_WEIGHT_1_load" [linear_transformer.cpp:60]   --->   Operation 99 'fmul' 'mul_1' <Predicate = true> <Delay = 5.70> <CoreInst = "FMul_maxdsp">   --->   Core 30 'FMul_maxdsp' <Latency = 3> <II = 1> <Delay = 5.70> <FuncUnit> <Opcode : 'fmul'> <InPorts = 2> <OutPorts = 1>
ST_11 : Operation 100 [1/1] (1.82ns)   --->   "%add_ln62 = add i6 %j_cast, i6 %p_mid2" [linear_transformer.cpp:62]   --->   Operation 100 'add' 'add_ln62' <Predicate = true> <Delay = 1.82> <CoreInst = "Adder">   --->   Core 1 'Adder' <Latency = 0> <II = 1> <Delay = 1.82> <FuncUnit> <Opcode : 'add' 'sub'> <InPorts = 2> <OutPorts = 1>

State 12 <SV = 11> <Delay = 5.70>
ST_12 : Operation 101 [2/4] (5.70ns)   --->   "%mul = fmul i32 %bitcast_ln60, i32 %FRONT_LINEAR_WEIGHT_0_load" [linear_transformer.cpp:60]   --->   Operation 101 'fmul' 'mul' <Predicate = true> <Delay = 5.70> <CoreInst = "FMul_maxdsp">   --->   Core 30 'FMul_maxdsp' <Latency = 3> <II = 1> <Delay = 5.70> <FuncUnit> <Opcode : 'fmul'> <InPorts = 2> <OutPorts = 1>
ST_12 : Operation 102 [3/4] (5.70ns)   --->   "%mul_1 = fmul i32 %bitcast_ln60_1, i32 %FRONT_LINEAR_WEIGHT_1_load" [linear_transformer.cpp:60]   --->   Operation 102 'fmul' 'mul_1' <Predicate = true> <Delay = 5.70> <CoreInst = "FMul_maxdsp">   --->   Core 30 'FMul_maxdsp' <Latency = 3> <II = 1> <Delay = 5.70> <FuncUnit> <Opcode : 'fmul'> <InPorts = 2> <OutPorts = 1>

State 13 <SV = 12> <Delay = 5.70>
ST_13 : Operation 103 [1/4] (5.70ns)   --->   "%mul = fmul i32 %bitcast_ln60, i32 %FRONT_LINEAR_WEIGHT_0_load" [linear_transformer.cpp:60]   --->   Operation 103 'fmul' 'mul' <Predicate = true> <Delay = 5.70> <CoreInst = "FMul_maxdsp">   --->   Core 30 'FMul_maxdsp' <Latency = 3> <II = 1> <Delay = 5.70> <FuncUnit> <Opcode : 'fmul'> <InPorts = 2> <OutPorts = 1>
ST_13 : Operation 104 [2/4] (5.70ns)   --->   "%mul_1 = fmul i32 %bitcast_ln60_1, i32 %FRONT_LINEAR_WEIGHT_1_load" [linear_transformer.cpp:60]   --->   Operation 104 'fmul' 'mul_1' <Predicate = true> <Delay = 5.70> <CoreInst = "FMul_maxdsp">   --->   Core 30 'FMul_maxdsp' <Latency = 3> <II = 1> <Delay = 5.70> <FuncUnit> <Opcode : 'fmul'> <InPorts = 2> <OutPorts = 1>

State 14 <SV = 13> <Delay = 7.25>
ST_14 : Operation 105 [5/5] (7.25ns)   --->   "%sum_1 = fadd i32 %mul, i32 0" [linear_transformer.cpp:60]   --->   Operation 105 'fadd' 'sum_1' <Predicate = true> <Delay = 7.25> <CoreInst = "FAddSub_fulldsp">   --->   Core 18 'FAddSub_fulldsp' <Latency = 4> <II = 1> <Delay = 7.25> <FuncUnit> <Opcode : 'fadd' 'fsub'> <InPorts = 2> <OutPorts = 1>
ST_14 : Operation 106 [1/4] (5.70ns)   --->   "%mul_1 = fmul i32 %bitcast_ln60_1, i32 %FRONT_LINEAR_WEIGHT_1_load" [linear_transformer.cpp:60]   --->   Operation 106 'fmul' 'mul_1' <Predicate = true> <Delay = 5.70> <CoreInst = "FMul_maxdsp">   --->   Core 30 'FMul_maxdsp' <Latency = 3> <II = 1> <Delay = 5.70> <FuncUnit> <Opcode : 'fmul'> <InPorts = 2> <OutPorts = 1>

State 15 <SV = 14> <Delay = 7.25>
ST_15 : Operation 107 [4/5] (7.25ns)   --->   "%sum_1 = fadd i32 %mul, i32 0" [linear_transformer.cpp:60]   --->   Operation 107 'fadd' 'sum_1' <Predicate = true> <Delay = 7.25> <CoreInst = "FAddSub_fulldsp">   --->   Core 18 'FAddSub_fulldsp' <Latency = 4> <II = 1> <Delay = 7.25> <FuncUnit> <Opcode : 'fadd' 'fsub'> <InPorts = 2> <OutPorts = 1>

State 16 <SV = 15> <Delay = 7.25>
ST_16 : Operation 108 [3/5] (7.25ns)   --->   "%sum_1 = fadd i32 %mul, i32 0" [linear_transformer.cpp:60]   --->   Operation 108 'fadd' 'sum_1' <Predicate = true> <Delay = 7.25> <CoreInst = "FAddSub_fulldsp">   --->   Core 18 'FAddSub_fulldsp' <Latency = 4> <II = 1> <Delay = 7.25> <FuncUnit> <Opcode : 'fadd' 'fsub'> <InPorts = 2> <OutPorts = 1>

State 17 <SV = 16> <Delay = 7.25>
ST_17 : Operation 109 [2/5] (7.25ns)   --->   "%sum_1 = fadd i32 %mul, i32 0" [linear_transformer.cpp:60]   --->   Operation 109 'fadd' 'sum_1' <Predicate = true> <Delay = 7.25> <CoreInst = "FAddSub_fulldsp">   --->   Core 18 'FAddSub_fulldsp' <Latency = 4> <II = 1> <Delay = 7.25> <FuncUnit> <Opcode : 'fadd' 'fsub'> <InPorts = 2> <OutPorts = 1>

State 18 <SV = 17> <Delay = 7.25>
ST_18 : Operation 110 [1/5] (7.25ns)   --->   "%sum_1 = fadd i32 %mul, i32 0" [linear_transformer.cpp:60]   --->   Operation 110 'fadd' 'sum_1' <Predicate = true> <Delay = 7.25> <CoreInst = "FAddSub_fulldsp">   --->   Core 18 'FAddSub_fulldsp' <Latency = 4> <II = 1> <Delay = 7.25> <FuncUnit> <Opcode : 'fadd' 'fsub'> <InPorts = 2> <OutPorts = 1>

State 19 <SV = 18> <Delay = 7.25>
ST_19 : Operation 111 [5/5] (7.25ns)   --->   "%sum_1_1 = fadd i32 %sum_1, i32 %mul_1" [linear_transformer.cpp:60]   --->   Operation 111 'fadd' 'sum_1_1' <Predicate = true> <Delay = 7.25> <CoreInst = "FAddSub_fulldsp">   --->   Core 18 'FAddSub_fulldsp' <Latency = 4> <II = 1> <Delay = 7.25> <FuncUnit> <Opcode : 'fadd' 'fsub'> <InPorts = 2> <OutPorts = 1>

State 20 <SV = 19> <Delay = 7.25>
ST_20 : Operation 112 [4/5] (7.25ns)   --->   "%sum_1_1 = fadd i32 %sum_1, i32 %mul_1" [linear_transformer.cpp:60]   --->   Operation 112 'fadd' 'sum_1_1' <Predicate = true> <Delay = 7.25> <CoreInst = "FAddSub_fulldsp">   --->   Core 18 'FAddSub_fulldsp' <Latency = 4> <II = 1> <Delay = 7.25> <FuncUnit> <Opcode : 'fadd' 'fsub'> <InPorts = 2> <OutPorts = 1>

State 21 <SV = 20> <Delay = 7.25>
ST_21 : Operation 113 [3/5] (7.25ns)   --->   "%sum_1_1 = fadd i32 %sum_1, i32 %mul_1" [linear_transformer.cpp:60]   --->   Operation 113 'fadd' 'sum_1_1' <Predicate = true> <Delay = 7.25> <CoreInst = "FAddSub_fulldsp">   --->   Core 18 'FAddSub_fulldsp' <Latency = 4> <II = 1> <Delay = 7.25> <FuncUnit> <Opcode : 'fadd' 'fsub'> <InPorts = 2> <OutPorts = 1>
ST_21 : Operation 114 [1/1] (0.00ns)   --->   "%FRONT_LINEAR_BIAS_addr = getelementptr i32 %FRONT_LINEAR_BIAS, i64 0, i64 %j_cast20" [linear_transformer.cpp:62]   --->   Operation 114 'getelementptr' 'FRONT_LINEAR_BIAS_addr' <Predicate = true> <Delay = 0.00>
ST_21 : Operation 115 [2/2] (2.32ns)   --->   "%FRONT_LINEAR_BIAS_load = load i3 %FRONT_LINEAR_BIAS_addr" [linear_transformer.cpp:62]   --->   Operation 115 'load' 'FRONT_LINEAR_BIAS_load' <Predicate = true> <Delay = 2.32> <CoreInst = "ROM">   --->   Core 95 'ROM' <Latency = 1> <II = 1> <Delay = 2.32> <Storage> <Opcode : 'load'> <Ports = 0> <Width = 32> <Depth = 8> <ROM>

State 22 <SV = 21> <Delay = 7.25>
ST_22 : Operation 116 [2/5] (7.25ns)   --->   "%sum_1_1 = fadd i32 %sum_1, i32 %mul_1" [linear_transformer.cpp:60]   --->   Operation 116 'fadd' 'sum_1_1' <Predicate = true> <Delay = 7.25> <CoreInst = "FAddSub_fulldsp">   --->   Core 18 'FAddSub_fulldsp' <Latency = 4> <II = 1> <Delay = 7.25> <FuncUnit> <Opcode : 'fadd' 'fsub'> <InPorts = 2> <OutPorts = 1>
ST_22 : Operation 117 [1/2] (2.32ns)   --->   "%FRONT_LINEAR_BIAS_load = load i3 %FRONT_LINEAR_BIAS_addr" [linear_transformer.cpp:62]   --->   Operation 117 'load' 'FRONT_LINEAR_BIAS_load' <Predicate = true> <Delay = 2.32> <CoreInst = "ROM">   --->   Core 95 'ROM' <Latency = 1> <II = 1> <Delay = 2.32> <Storage> <Opcode : 'load'> <Ports = 0> <Width = 32> <Depth = 8> <ROM>

State 23 <SV = 22> <Delay = 7.25>
ST_23 : Operation 118 [1/5] (7.25ns)   --->   "%sum_1_1 = fadd i32 %sum_1, i32 %mul_1" [linear_transformer.cpp:60]   --->   Operation 118 'fadd' 'sum_1_1' <Predicate = true> <Delay = 7.25> <CoreInst = "FAddSub_fulldsp">   --->   Core 18 'FAddSub_fulldsp' <Latency = 4> <II = 1> <Delay = 7.25> <FuncUnit> <Opcode : 'fadd' 'fsub'> <InPorts = 2> <OutPorts = 1>

State 24 <SV = 23> <Delay = 7.25>
ST_24 : Operation 119 [5/5] (7.25ns)   --->   "%add = fadd i32 %sum_1_1, i32 %FRONT_LINEAR_BIAS_load" [linear_transformer.cpp:62]   --->   Operation 119 'fadd' 'add' <Predicate = true> <Delay = 7.25> <CoreInst = "FAddSub_fulldsp">   --->   Core 18 'FAddSub_fulldsp' <Latency = 4> <II = 1> <Delay = 7.25> <FuncUnit> <Opcode : 'fadd' 'fsub'> <InPorts = 2> <OutPorts = 1>

State 25 <SV = 24> <Delay = 7.25>
ST_25 : Operation 120 [4/5] (7.25ns)   --->   "%add = fadd i32 %sum_1_1, i32 %FRONT_LINEAR_BIAS_load" [linear_transformer.cpp:62]   --->   Operation 120 'fadd' 'add' <Predicate = true> <Delay = 7.25> <CoreInst = "FAddSub_fulldsp">   --->   Core 18 'FAddSub_fulldsp' <Latency = 4> <II = 1> <Delay = 7.25> <FuncUnit> <Opcode : 'fadd' 'fsub'> <InPorts = 2> <OutPorts = 1>

State 26 <SV = 25> <Delay = 7.25>
ST_26 : Operation 121 [3/5] (7.25ns)   --->   "%add = fadd i32 %sum_1_1, i32 %FRONT_LINEAR_BIAS_load" [linear_transformer.cpp:62]   --->   Operation 121 'fadd' 'add' <Predicate = true> <Delay = 7.25> <CoreInst = "FAddSub_fulldsp">   --->   Core 18 'FAddSub_fulldsp' <Latency = 4> <II = 1> <Delay = 7.25> <FuncUnit> <Opcode : 'fadd' 'fsub'> <InPorts = 2> <OutPorts = 1>

State 27 <SV = 26> <Delay = 7.25>
ST_27 : Operation 122 [2/5] (7.25ns)   --->   "%add = fadd i32 %sum_1_1, i32 %FRONT_LINEAR_BIAS_load" [linear_transformer.cpp:62]   --->   Operation 122 'fadd' 'add' <Predicate = true> <Delay = 7.25> <CoreInst = "FAddSub_fulldsp">   --->   Core 18 'FAddSub_fulldsp' <Latency = 4> <II = 1> <Delay = 7.25> <FuncUnit> <Opcode : 'fadd' 'fsub'> <InPorts = 2> <OutPorts = 1>
ST_27 : Operation 132 [1/1] (0.00ns)   --->   "%ret_ln0 = ret"   --->   Operation 132 'ret' 'ret_ln0' <Predicate = (icmp_ln54)> <Delay = 0.00>

State 28 <SV = 27> <Delay = 7.25>
ST_28 : Operation 123 [1/5] (7.25ns)   --->   "%add = fadd i32 %sum_1_1, i32 %FRONT_LINEAR_BIAS_load" [linear_transformer.cpp:62]   --->   Operation 123 'fadd' 'add' <Predicate = true> <Delay = 7.25> <CoreInst = "FAddSub_fulldsp">   --->   Core 18 'FAddSub_fulldsp' <Latency = 4> <II = 1> <Delay = 7.25> <FuncUnit> <Opcode : 'fadd' 'fsub'> <InPorts = 2> <OutPorts = 1>

State 29 <SV = 28> <Delay = 3.25>
ST_29 : Operation 124 [1/1] (0.00ns)   --->   "%specloopname_ln0 = specloopname void @_ssdm_op_SpecLoopName, void @front_linear_i_front_linear_j_str"   --->   Operation 124 'specloopname' 'specloopname_ln0' <Predicate = true> <Delay = 0.00>
ST_29 : Operation 125 [1/1] (0.00ns)   --->   "%empty = speclooptripcount i32 @_ssdm_op_SpecLoopTripCount, i64 64, i64 64, i64 64"   --->   Operation 125 'speclooptripcount' 'empty' <Predicate = true> <Delay = 0.00>
ST_29 : Operation 126 [1/1] (0.00ns)   --->   "%specpipeline_ln0 = specpipeline void @_ssdm_op_SpecPipeline, i32 4294967295, i32 0, i32 1, i32 0, void @p_str"   --->   Operation 126 'specpipeline' 'specpipeline_ln0' <Predicate = true> <Delay = 0.00>
ST_29 : Operation 127 [1/1] (0.00ns)   --->   "%specloopname_ln57 = specloopname void @_ssdm_op_SpecLoopName, void @empty_13" [linear_transformer.cpp:57]   --->   Operation 127 'specloopname' 'specloopname_ln57' <Predicate = true> <Delay = 0.00>
ST_29 : Operation 128 [1/1] (0.00ns)   --->   "%zext_ln62 = zext i6 %add_ln62" [linear_transformer.cpp:62]   --->   Operation 128 'zext' 'zext_ln62' <Predicate = true> <Delay = 0.00>
ST_29 : Operation 129 [1/1] (0.00ns)   --->   "%front_addr_1 = getelementptr i32 %front, i64 0, i64 %zext_ln62" [linear_transformer.cpp:62]   --->   Operation 129 'getelementptr' 'front_addr_1' <Predicate = true> <Delay = 0.00>
ST_29 : Operation 130 [1/1] (3.25ns)   --->   "%store_ln62 = store i32 %add, i6 %front_addr_1" [linear_transformer.cpp:62]   --->   Operation 130 'store' 'store_ln62' <Predicate = true> <Delay = 3.25> <CoreInst = "RAM_1WnR">   --->   Core 83 'RAM_1WnR' <Latency = 1> <II = 1> <Delay = 3.25> <Storage> <Opcode : 'load' 'store'> <Ports = 17> <Width = 32> <Depth = 64> <RAM>
ST_29 : Operation 131 [1/1] (0.00ns)   --->   "%br_ln56 = br void %front_linear_k" [linear_transformer.cpp:56]   --->   Operation 131 'br' 'br_ln56' <Predicate = true> <Delay = 0.00>


============================================================
+ Verbose Summary: Binding
============================================================
STG Binding: 
---------------- STG Properties BEGIN ----------------
- Is combinational: 0
- Is one-state seq: 0
- Is datapath-only: 0
- Is pipelined: 0
- Is top level: 0
Port [ Return ] is wired: 1; IO mode=ap_ctrl_hs:ce=0
Port [ input_array]:  wired=1; compound=0; hidden=0; nouse=0; global=0; static=0; extern=0; dir=0; type=0; pingpong=0; private_global=0; IO mode=ap_none:ce=0
Port [ gmem0]:  wired=1; compound=1; hidden=0; nouse=0; global=0; static=0; extern=0; dir=0; type=4; pingpong=0; private_global=0; IO mode=m_axi:ce=0
Port [ front]:  wired=1; compound=1; hidden=0; nouse=0; global=0; static=0; extern=0; dir=1; type=1; pingpong=0; private_global=0; MemPort=[03333333333333333]; IO mode=ap_memory:ce=0
Port [ FRONT_LINEAR_WEIGHT_0]:  wired=0; compound=1; hidden=1; nouse=0; global=1; static=1; extern=0; dir=0; type=1; pingpong=0; private_global=1; MemPort=[1]; IO mode=ap_memory:ce=0
Port [ FRONT_LINEAR_WEIGHT_1]:  wired=0; compound=1; hidden=1; nouse=0; global=1; static=1; extern=0; dir=0; type=1; pingpong=0; private_global=1; MemPort=[1]; IO mode=ap_memory:ce=0
Port [ FRONT_LINEAR_BIAS]:  wired=0; compound=1; hidden=1; nouse=0; global=1; static=1; extern=0; dir=0; type=1; pingpong=0; private_global=1; MemPort=[1]; IO mode=ap_memory:ce=0
---------------- STG Properties END ------------------

---------------- Datapath Model BEGIN ----------------

<LifeTime>
<method=bitvector/>
j                          (alloca           ) [ 011000000000000000000000000000]
i                          (alloca           ) [ 010000000000000000000000000000]
indvar_flatten             (alloca           ) [ 010000000000000000000000000000]
specinterface_ln0          (specinterface    ) [ 000000000000000000000000000000]
input_array_read           (read             ) [ 001000000000000000000000000000]
store_ln0                  (store            ) [ 000000000000000000000000000000]
store_ln0                  (store            ) [ 000000000000000000000000000000]
store_ln0                  (store            ) [ 000000000000000000000000000000]
br_ln0                     (br               ) [ 000000000000000000000000000000]
indvar_flatten_load        (load             ) [ 000000000000000000000000000000]
specpipeline_ln0           (specpipeline     ) [ 000000000000000000000000000000]
icmp_ln54                  (icmp             ) [ 011111111111111111111111111100]
add_ln54                   (add              ) [ 000000000000000000000000000000]
br_ln54                    (br               ) [ 000000000000000000000000000000]
j_load                     (load             ) [ 001000000000000000000000000000]
i_load                     (load             ) [ 000000000000000000000000000000]
icmp_ln56                  (icmp             ) [ 001000000000000000000000000000]
add_ln54_3                 (add              ) [ 000000000000000000000000000000]
select_ln54_1              (select           ) [ 001000000000000000000000000000]
trunc_ln54                 (trunc            ) [ 000000000000000000000000000000]
p_mid2                     (bitconcatenate   ) [ 011111111111000000000000000000]
zext_ln54                  (zext             ) [ 000000000000000000000000000000]
add_ln54_1                 (add              ) [ 000000000000000000000000000000]
sext_ln60_mid2_v           (partselect       ) [ 000000000000000000000000000000]
sext_ln54                  (sext             ) [ 000000000000000000000000000000]
gmem0_addr                 (getelementptr    ) [ 011111111100000000000000000000]
store_ln56                 (store            ) [ 000000000000000000000000000000]
store_ln56                 (store            ) [ 000000000000000000000000000000]
select_ln54                (select           ) [ 011111111111000000000000000000]
shl_ln54                   (shl              ) [ 000000000000000000000000000000]
or_ln54                    (or               ) [ 000000000000000000000000000000]
sext_ln60_1_mid2_v_v_v_v_v (bitconcatenate   ) [ 000000000000000000000000000000]
zext_ln54_1                (zext             ) [ 000000000000000000000000000000]
add_ln54_2                 (add              ) [ 000000000000000000000000000000]
sext_ln60_1_mid2_v         (partselect       ) [ 000000000000000000000000000000]
sext_ln54_1                (sext             ) [ 000000000000000000000000000000]
gmem0_addr_1               (getelementptr    ) [ 011111111110000000000000000000]
add_ln56                   (add              ) [ 000000000000000000000000000000]
store_ln56                 (store            ) [ 000000000000000000000000000000]
j_cast20                   (zext             ) [ 011000001111111111111100000000]
FRONT_LINEAR_WEIGHT_0_addr (getelementptr    ) [ 001000001000000000000000000000]
gmem0_load_req             (readreq          ) [ 000000000000000000000000000000]
FRONT_LINEAR_WEIGHT_0_load (load             ) [ 011000000111110000000000000000]
gmem0_addr_read            (read             ) [ 001000000010000000000000000000]
gmem0_load_1_req           (readreq          ) [ 000000000000000000000000000000]
FRONT_LINEAR_WEIGHT_1_addr (getelementptr    ) [ 001000000010000000000000000000]
bitcast_ln60               (bitcast          ) [ 011000000001110000000000000000]
gmem0_addr_1_read          (read             ) [ 010000000001000000000000000000]
FRONT_LINEAR_WEIGHT_1_load (load             ) [ 011000000001111000000000000000]
j_cast                     (zext             ) [ 000000000000000000000000000000]
bitcast_ln60_1             (bitcast          ) [ 011000000000111000000000000000]
add_ln62                   (add              ) [ 011000000000111111111111111111]
mul                        (fmul             ) [ 011000000000001111100000000000]
mul_1                      (fmul             ) [ 011000000000000111111111000000]
sum_1                      (fadd             ) [ 011000000000000000011111000000]
FRONT_LINEAR_BIAS_addr     (getelementptr    ) [ 001000000000000000000010000000]
FRONT_LINEAR_BIAS_load     (load             ) [ 011000000000000000000001111110]
sum_1_1                    (fadd             ) [ 011000000000000000000000111110]
add                        (fadd             ) [ 010000000000000000000000000001]
specloopname_ln0           (specloopname     ) [ 000000000000000000000000000000]
empty                      (speclooptripcount) [ 000000000000000000000000000000]
specpipeline_ln0           (specpipeline     ) [ 000000000000000000000000000000]
specloopname_ln57          (specloopname     ) [ 000000000000000000000000000000]
zext_ln62                  (zext             ) [ 000000000000000000000000000000]
front_addr_1               (getelementptr    ) [ 000000000000000000000000000000]
store_ln62                 (store            ) [ 000000000000000000000000000000]
br_ln56                    (br               ) [ 000000000000000000000000000000]
ret_ln0                    (ret              ) [ 000000000000000000000000000000]
</LifeTime>

<model>

<comp_list>
<comp id="0" class="1000" name="input_array">
<pin_list>
<pin id="1" dir="1" index="0" bw="1" slack="0"/>
</pin_list>
<bind>
<StgValue><ssdm name="input_array"/></StgValue>
</bind>
</comp>

<comp id="2" class="1000" name="gmem0">
<pin_list>
<pin id="3" dir="1" index="0" bw="1" slack="0"/>
</pin_list>
<bind>
<StgValue><ssdm name="gmem0"/></StgValue>
</bind>
</comp>

<comp id="4" class="1000" name="front">
<pin_list>
<pin id="5" dir="1" index="0" bw="1" slack="0"/>
</pin_list>
<bind>
<StgValue><ssdm name="front"/><MemPortTyVec>0 3 3 3 3 3 3 3 3 3 3 3 3 3 3 3 3 </MemPortTyVec>
</StgValue>
</bind>
</comp>

<comp id="6" class="1000" name="FRONT_LINEAR_WEIGHT_0">
<pin_list>
<pin id="7" dir="1" index="0" bw="1" slack="0"/>
</pin_list>
<bind>
<StgValue><ssdm name="FRONT_LINEAR_WEIGHT_0"/><MemPortTyVec>1 </MemPortTyVec>
</StgValue>
</bind>
</comp>

<comp id="8" class="1000" name="FRONT_LINEAR_WEIGHT_1">
<pin_list>
<pin id="9" dir="1" index="0" bw="1" slack="0"/>
</pin_list>
<bind>
<StgValue><ssdm name="FRONT_LINEAR_WEIGHT_1"/><MemPortTyVec>1 </MemPortTyVec>
</StgValue>
</bind>
</comp>

<comp id="10" class="1000" name="FRONT_LINEAR_BIAS">
<pin_list>
<pin id="11" dir="1" index="0" bw="1" slack="0"/>
</pin_list>
<bind>
<StgValue><ssdm name="FRONT_LINEAR_BIAS"/><MemPortTyVec>1 </MemPortTyVec>
</StgValue>
</bind>
</comp>

<comp id="12" class="1001" name="const_12">
<pin_list>
<pin id="13" dir="1" index="0" bw="1" slack="0"/>
</pin_list>
<bind>
<StgValue><ssdm name=""/></StgValue>
</bind>
</comp>

<comp id="14" class="1001" name="const_14">
<pin_list>
<pin id="15" dir="1" index="0" bw="1" slack="2147483647"/>
</pin_list>
<bind>
<StgValue><ssdm name="_ssdm_op_SpecInterface"/></StgValue>
</bind>
</comp>

<comp id="16" class="1001" name="const_16">
<pin_list>
<pin id="17" dir="1" index="0" bw="1" slack="2147483647"/>
</pin_list>
<bind>
<StgValue><ssdm name="empty_2"/></StgValue>
</bind>
</comp>

<comp id="18" class="1001" name="const_18">
<pin_list>
<pin id="19" dir="1" index="0" bw="1" slack="2147483647"/>
</pin_list>
<bind>
<StgValue><ssdm name=""/></StgValue>
</bind>
</comp>

<comp id="20" class="1001" name="const_20">
<pin_list>
<pin id="21" dir="1" index="0" bw="1" slack="2147483647"/>
</pin_list>
<bind>
<StgValue><ssdm name="empty_3"/></StgValue>
</bind>
</comp>

<comp id="22" class="1001" name="const_22">
<pin_list>
<pin id="23" dir="1" index="0" bw="1" slack="2147483647"/>
</pin_list>
<bind>
<StgValue><ssdm name=""/></StgValue>
</bind>
</comp>

<comp id="24" class="1001" name="const_24">
<pin_list>
<pin id="25" dir="1" index="0" bw="1" slack="2147483647"/>
</pin_list>
<bind>
<StgValue><ssdm name="empty_4"/></StgValue>
</bind>
</comp>

<comp id="26" class="1001" name="const_26">
<pin_list>
<pin id="27" dir="1" index="0" bw="1" slack="2147483647"/>
</pin_list>
<bind>
<StgValue><ssdm name="empty_5"/></StgValue>
</bind>
</comp>

<comp id="28" class="1001" name="const_28">
<pin_list>
<pin id="29" dir="1" index="0" bw="1" slack="2147483647"/>
</pin_list>
<bind>
<StgValue><ssdm name=""/></StgValue>
</bind>
</comp>

<comp id="30" class="1001" name="const_30">
<pin_list>
<pin id="31" dir="1" index="0" bw="1" slack="0"/>
</pin_list>
<bind>
<StgValue><ssdm name="_ssdm_op_Read.ap_auto.i64"/></StgValue>
</bind>
</comp>

<comp id="32" class="1001" name="const_32">
<pin_list>
<pin id="33" dir="1" index="0" bw="1" slack="0"/>
</pin_list>
<bind>
<StgValue><ssdm name=""/></StgValue>
</bind>
</comp>

<comp id="34" class="1001" name="const_34">
<pin_list>
<pin id="35" dir="1" index="0" bw="1" slack="0"/>
</pin_list>
<bind>
<StgValue><ssdm name=""/></StgValue>
</bind>
</comp>

<comp id="36" class="1001" name="const_36">
<pin_list>
<pin id="37" dir="1" index="0" bw="1" slack="2147483647"/>
</pin_list>
<bind>
<StgValue><ssdm name="_ssdm_op_SpecPipeline"/></StgValue>
</bind>
</comp>

<comp id="38" class="1001" name="const_38">
<pin_list>
<pin id="39" dir="1" index="0" bw="1" slack="2147483647"/>
</pin_list>
<bind>
<StgValue><ssdm name="p_str"/></StgValue>
</bind>
</comp>

<comp id="40" class="1001" name="const_40">
<pin_list>
<pin id="41" dir="1" index="0" bw="1" slack="0"/>
</pin_list>
<bind>
<StgValue><ssdm name=""/></StgValue>
</bind>
</comp>

<comp id="42" class="1001" name="const_42">
<pin_list>
<pin id="43" dir="1" index="0" bw="1" slack="0"/>
</pin_list>
<bind>
<StgValue><ssdm name=""/></StgValue>
</bind>
</comp>

<comp id="44" class="1001" name="const_44">
<pin_list>
<pin id="45" dir="1" index="0" bw="1" slack="0"/>
</pin_list>
<bind>
<StgValue><ssdm name=""/></StgValue>
</bind>
</comp>

<comp id="46" class="1001" name="const_46">
<pin_list>
<pin id="47" dir="1" index="0" bw="1" slack="0"/>
</pin_list>
<bind>
<StgValue><ssdm name=""/></StgValue>
</bind>
</comp>

<comp id="48" class="1001" name="const_48">
<pin_list>
<pin id="49" dir="1" index="0" bw="1" slack="0"/>
</pin_list>
<bind>
<StgValue><ssdm name="_ssdm_op_BitConcatenate.i6.i3.i3"/></StgValue>
</bind>
</comp>

<comp id="50" class="1001" name="const_50">
<pin_list>
<pin id="51" dir="1" index="0" bw="1" slack="0"/>
</pin_list>
<bind>
<StgValue><ssdm name=""/></StgValue>
</bind>
</comp>

<comp id="52" class="1001" name="const_52">
<pin_list>
<pin id="53" dir="1" index="0" bw="1" slack="0"/>
</pin_list>
<bind>
<StgValue><ssdm name="_ssdm_op_PartSelect.i62.i64.i32.i32"/></StgValue>
</bind>
</comp>

<comp id="54" class="1001" name="const_54">
<pin_list>
<pin id="55" dir="1" index="0" bw="1" slack="0"/>
</pin_list>
<bind>
<StgValue><ssdm name=""/></StgValue>
</bind>
</comp>

<comp id="56" class="1001" name="const_56">
<pin_list>
<pin id="57" dir="1" index="0" bw="1" slack="0"/>
</pin_list>
<bind>
<StgValue><ssdm name=""/></StgValue>
</bind>
</comp>

<comp id="58" class="1001" name="const_58">
<pin_list>
<pin id="59" dir="1" index="0" bw="1" slack="0"/>
</pin_list>
<bind>
<StgValue><ssdm name="_ssdm_op_BitConcatenate.i6.i4.i2"/></StgValue>
</bind>
</comp>

<comp id="60" class="1001" name="const_60">
<pin_list>
<pin id="61" dir="1" index="0" bw="1" slack="0"/>
</pin_list>
<bind>
<StgValue><ssdm name=""/></StgValue>
</bind>
</comp>

<comp id="62" class="1001" name="const_62">
<pin_list>
<pin id="63" dir="1" index="0" bw="1" slack="0"/>
</pin_list>
<bind>
<StgValue><ssdm name="_ssdm_op_ReadReq.m_axi.i32P1A"/></StgValue>
</bind>
</comp>

<comp id="64" class="1001" name="const_64">
<pin_list>
<pin id="65" dir="1" index="0" bw="1" slack="0"/>
</pin_list>
<bind>
<StgValue><ssdm name=""/></StgValue>
</bind>
</comp>

<comp id="66" class="1001" name="const_66">
<pin_list>
<pin id="67" dir="1" index="0" bw="1" slack="0"/>
</pin_list>
<bind>
<StgValue><ssdm name="_ssdm_op_Read.m_axi.volatile.i32P1A"/></StgValue>
</bind>
</comp>

<comp id="68" class="1001" name="const_68">
<pin_list>
<pin id="69" dir="1" index="0" bw="1" slack="0"/>
</pin_list>
<bind>
<StgValue><ssdm name=""/></StgValue>
</bind>
</comp>

<comp id="70" class="1001" name="const_70">
<pin_list>
<pin id="71" dir="1" index="0" bw="1" slack="2147483647"/>
</pin_list>
<bind>
<StgValue><ssdm name="_ssdm_op_SpecLoopName"/></StgValue>
</bind>
</comp>

<comp id="72" class="1001" name="const_72">
<pin_list>
<pin id="73" dir="1" index="0" bw="1" slack="2147483647"/>
</pin_list>
<bind>
<StgValue><ssdm name="front_linear_i_front_linear_j_str"/></StgValue>
</bind>
</comp>

<comp id="74" class="1001" name="const_74">
<pin_list>
<pin id="75" dir="1" index="0" bw="1" slack="2147483647"/>
</pin_list>
<bind>
<StgValue><ssdm name="_ssdm_op_SpecLoopTripCount"/></StgValue>
</bind>
</comp>

<comp id="76" class="1001" name="const_76">
<pin_list>
<pin id="77" dir="1" index="0" bw="1" slack="2147483647"/>
</pin_list>
<bind>
<StgValue><ssdm name=""/></StgValue>
</bind>
</comp>

<comp id="78" class="1001" name="const_78">
<pin_list>
<pin id="79" dir="1" index="0" bw="1" slack="2147483647"/>
</pin_list>
<bind>
<StgValue><ssdm name="empty_13"/></StgValue>
</bind>
</comp>

<comp id="80" class="1004" name="j_fu_80">
<pin_list>
<pin id="81" dir="0" index="0" bw="1" slack="0"/>
<pin id="82" dir="1" index="1" bw="4" slack="0"/>
</pin_list>
<bind>
<opcode="alloca(26) " fcode="alloca"/>
<opset="j/1 "/>
</bind>
</comp>

<comp id="84" class="1004" name="i_fu_84">
<pin_list>
<pin id="85" dir="0" index="0" bw="1" slack="0"/>
<pin id="86" dir="1" index="1" bw="4" slack="0"/>
</pin_list>
<bind>
<opcode="alloca(26) " fcode="alloca"/>
<opset="i/1 "/>
</bind>
</comp>

<comp id="88" class="1004" name="indvar_flatten_fu_88">
<pin_list>
<pin id="89" dir="0" index="0" bw="1" slack="0"/>
<pin id="90" dir="1" index="1" bw="7" slack="0"/>
</pin_list>
<bind>
<opcode="alloca(26) " fcode="alloca"/>
<opset="indvar_flatten/1 "/>
</bind>
</comp>

<comp id="92" class="1004" name="input_array_read_read_fu_92">
<pin_list>
<pin id="93" dir="0" index="0" bw="64" slack="0"/>
<pin id="94" dir="0" index="1" bw="64" slack="0"/>
<pin id="95" dir="1" index="2" bw="64" slack="0"/>
</pin_list>
<bind>
<opcode="read(1150) " fcode="read"/>
<opset="input_array_read/1 "/>
</bind>
</comp>

<comp id="98" class="1004" name="grp_readreq_fu_98">
<pin_list>
<pin id="99" dir="0" index="0" bw="1" slack="0"/>
<pin id="100" dir="0" index="1" bw="32" slack="1"/>
<pin id="101" dir="0" index="2" bw="1" slack="0"/>
<pin id="102" dir="1" index="3" bw="1" slack="2147483647"/>
</pin_list>
<bind>
<opcode="readreq(1154) " fcode="readreq"/>
<opset="gmem0_load_req/2 "/>
</bind>
</comp>

<comp id="105" class="1004" name="grp_readreq_fu_105">
<pin_list>
<pin id="106" dir="0" index="0" bw="1" slack="0"/>
<pin id="107" dir="0" index="1" bw="32" slack="1"/>
<pin id="108" dir="0" index="2" bw="1" slack="0"/>
<pin id="109" dir="1" index="3" bw="1" slack="2147483647"/>
</pin_list>
<bind>
<opcode="readreq(1154) " fcode="readreq"/>
<opset="gmem0_load_1_req/3 "/>
</bind>
</comp>

<comp id="112" class="1004" name="gmem0_addr_read_read_fu_112">
<pin_list>
<pin id="113" dir="0" index="0" bw="32" slack="0"/>
<pin id="114" dir="0" index="1" bw="32" slack="8"/>
<pin id="115" dir="1" index="2" bw="32" slack="1"/>
</pin_list>
<bind>
<opcode="read(1150) " fcode="read"/>
<opset="gmem0_addr_read/9 "/>
</bind>
</comp>

<comp id="117" class="1004" name="gmem0_addr_1_read_read_fu_117">
<pin_list>
<pin id="118" dir="0" index="0" bw="32" slack="0"/>
<pin id="119" dir="0" index="1" bw="32" slack="8"/>
<pin id="120" dir="1" index="2" bw="32" slack="1"/>
</pin_list>
<bind>
<opcode="read(1150) " fcode="read"/>
<opset="gmem0_addr_1_read/10 "/>
</bind>
</comp>

<comp id="122" class="1004" name="FRONT_LINEAR_WEIGHT_0_addr_gep_fu_122">
<pin_list>
<pin id="123" dir="0" index="0" bw="32" slack="0"/>
<pin id="124" dir="0" index="1" bw="1" slack="0"/>
<pin id="125" dir="0" index="2" bw="4" slack="0"/>
<pin id="126" dir="1" index="3" bw="3" slack="0"/>
</pin_list>
<bind>
<opcode="getelementptr(29) " fcode="getelementptr"/>
<opset="FRONT_LINEAR_WEIGHT_0_addr/7 "/>
</bind>
</comp>

<comp id="129" class="1004" name="grp_access_fu_129">
<pin_list>
<pin id="130" dir="0" index="0" bw="3" slack="0"/>
<pin id="131" dir="0" index="1" bw="32" slack="2147483647"/>
<pin id="132" dir="0" index="2" bw="0" slack="2147483647"/>
<pin id="133" dir="1" index="3" bw="32" slack="2"/>
</pin_list>
<bind>
<opcode="load(27) " fcode="load"/>
<opset="FRONT_LINEAR_WEIGHT_0_load/7 "/>
</bind>
</comp>

<comp id="135" class="1004" name="FRONT_LINEAR_WEIGHT_1_addr_gep_fu_135">
<pin_list>
<pin id="136" dir="0" index="0" bw="32" slack="0"/>
<pin id="137" dir="0" index="1" bw="1" slack="0"/>
<pin id="138" dir="0" index="2" bw="4" slack="2"/>
<pin id="139" dir="1" index="3" bw="3" slack="0"/>
</pin_list>
<bind>
<opcode="getelementptr(29) " fcode="getelementptr"/>
<opset="FRONT_LINEAR_WEIGHT_1_addr/9 "/>
</bind>
</comp>

<comp id="142" class="1004" name="grp_access_fu_142">
<pin_list>
<pin id="143" dir="0" index="0" bw="3" slack="0"/>
<pin id="144" dir="0" index="1" bw="32" slack="2147483647"/>
<pin id="145" dir="0" index="2" bw="0" slack="2147483647"/>
<pin id="146" dir="1" index="3" bw="32" slack="1"/>
</pin_list>
<bind>
<opcode="load(27) " fcode="load"/>
<opset="FRONT_LINEAR_WEIGHT_1_load/9 "/>
</bind>
</comp>

<comp id="148" class="1004" name="FRONT_LINEAR_BIAS_addr_gep_fu_148">
<pin_list>
<pin id="149" dir="0" index="0" bw="32" slack="0"/>
<pin id="150" dir="0" index="1" bw="1" slack="0"/>
<pin id="151" dir="0" index="2" bw="4" slack="14"/>
<pin id="152" dir="1" index="3" bw="3" slack="0"/>
</pin_list>
<bind>
<opcode="getelementptr(29) " fcode="getelementptr"/>
<opset="FRONT_LINEAR_BIAS_addr/21 "/>
</bind>
</comp>

<comp id="155" class="1004" name="grp_access_fu_155">
<pin_list>
<pin id="156" dir="0" index="0" bw="3" slack="0"/>
<pin id="157" dir="0" index="1" bw="32" slack="2147483647"/>
<pin id="158" dir="0" index="2" bw="0" slack="2147483647"/>
<pin id="159" dir="1" index="3" bw="32" slack="2"/>
</pin_list>
<bind>
<opcode="load(27) " fcode="load"/>
<opset="FRONT_LINEAR_BIAS_load/21 "/>
</bind>
</comp>

<comp id="161" class="1004" name="front_addr_1_gep_fu_161">
<pin_list>
<pin id="162" dir="0" index="0" bw="32" slack="0"/>
<pin id="163" dir="0" index="1" bw="1" slack="0"/>
<pin id="164" dir="0" index="2" bw="6" slack="0"/>
<pin id="165" dir="1" index="3" bw="6" slack="0"/>
</pin_list>
<bind>
<opcode="getelementptr(29) " fcode="getelementptr"/>
<opset="front_addr_1/29 "/>
</bind>
</comp>

<comp id="168" class="1004" name="store_ln62_access_fu_168">
<pin_list>
<pin id="169" dir="0" index="0" bw="6" slack="0"/>
<pin id="170" dir="0" index="1" bw="32" slack="1"/>
<pin id="171" dir="0" index="2" bw="0" slack="2147483647"/>
<pin id="172" dir="1" index="3" bw="32" slack="2147483647"/>
</pin_list>
<bind>
<opcode="store(28) " fcode="store"/>
<opset="store_ln62/29 "/>
</bind>
</comp>

<comp id="174" class="1004" name="grp_fu_174">
<pin_list>
<pin id="175" dir="0" index="0" bw="32" slack="1"/>
<pin id="176" dir="0" index="1" bw="32" slack="0"/>
<pin id="177" dir="1" index="2" bw="32" slack="1"/>
</pin_list>
<bind>
<opcode="fadd(9) " fcode="fadd"/>
<opset="sum_1/14 sum_1_1/19 "/>
</bind>
</comp>

<comp id="179" class="1004" name="grp_fu_179">
<pin_list>
<pin id="180" dir="0" index="0" bw="32" slack="1"/>
<pin id="181" dir="0" index="1" bw="32" slack="2"/>
<pin id="182" dir="1" index="2" bw="32" slack="1"/>
</pin_list>
<bind>
<opcode="fadd(9) " fcode="fadd"/>
<opset="add/24 "/>
</bind>
</comp>

<comp id="183" class="1004" name="grp_fu_183">
<pin_list>
<pin id="184" dir="0" index="0" bw="32" slack="0"/>
<pin id="185" dir="0" index="1" bw="32" slack="1"/>
<pin id="186" dir="1" index="2" bw="32" slack="1"/>
</pin_list>
<bind>
<opcode="fmul(13) " fcode="fmul"/>
<opset="mul/10 mul_1/11 "/>
</bind>
</comp>

<comp id="187" class="1004" name="store_ln0_store_fu_187">
<pin_list>
<pin id="188" dir="0" index="0" bw="1" slack="0"/>
<pin id="189" dir="0" index="1" bw="7" slack="0"/>
<pin id="190" dir="1" index="2" bw="0" slack="2147483647"/>
</pin_list>
<bind>
<opcode="store(28) " fcode="store"/>
<opset="store_ln0/1 "/>
</bind>
</comp>

<comp id="192" class="1004" name="store_ln0_store_fu_192">
<pin_list>
<pin id="193" dir="0" index="0" bw="1" slack="0"/>
<pin id="194" dir="0" index="1" bw="4" slack="0"/>
<pin id="195" dir="1" index="2" bw="0" slack="2147483647"/>
</pin_list>
<bind>
<opcode="store(28) " fcode="store"/>
<opset="store_ln0/1 "/>
</bind>
</comp>

<comp id="197" class="1004" name="store_ln0_store_fu_197">
<pin_list>
<pin id="198" dir="0" index="0" bw="1" slack="0"/>
<pin id="199" dir="0" index="1" bw="4" slack="0"/>
<pin id="200" dir="1" index="2" bw="0" slack="2147483647"/>
</pin_list>
<bind>
<opcode="store(28) " fcode="store"/>
<opset="store_ln0/1 "/>
</bind>
</comp>

<comp id="202" class="1004" name="indvar_flatten_load_load_fu_202">
<pin_list>
<pin id="203" dir="0" index="0" bw="7" slack="0"/>
<pin id="204" dir="1" index="1" bw="7" slack="0"/>
</pin_list>
<bind>
<opcode="load(27) " fcode="load"/>
<opset="indvar_flatten_load/1 "/>
</bind>
</comp>

<comp id="205" class="1004" name="icmp_ln54_fu_205">
<pin_list>
<pin id="206" dir="0" index="0" bw="7" slack="0"/>
<pin id="207" dir="0" index="1" bw="7" slack="0"/>
<pin id="208" dir="1" index="2" bw="1" slack="1"/>
</pin_list>
<bind>
<opcode="icmp(45) " fcode="icmp"/>
<opset="icmp_ln54/1 "/>
</bind>
</comp>

<comp id="211" class="1004" name="add_ln54_fu_211">
<pin_list>
<pin id="212" dir="0" index="0" bw="7" slack="0"/>
<pin id="213" dir="0" index="1" bw="1" slack="0"/>
<pin id="214" dir="1" index="2" bw="7" slack="0"/>
</pin_list>
<bind>
<opcode="add(8) " fcode="add"/>
<opset="add_ln54/1 "/>
</bind>
</comp>

<comp id="217" class="1004" name="j_load_load_fu_217">
<pin_list>
<pin id="218" dir="0" index="0" bw="4" slack="0"/>
<pin id="219" dir="1" index="1" bw="4" slack="0"/>
</pin_list>
<bind>
<opcode="load(27) " fcode="load"/>
<opset="j_load/1 "/>
</bind>
</comp>

<comp id="220" class="1004" name="i_load_load_fu_220">
<pin_list>
<pin id="221" dir="0" index="0" bw="4" slack="0"/>
<pin id="222" dir="1" index="1" bw="4" slack="0"/>
</pin_list>
<bind>
<opcode="load(27) " fcode="load"/>
<opset="i_load/1 "/>
</bind>
</comp>

<comp id="223" class="1004" name="icmp_ln56_fu_223">
<pin_list>
<pin id="224" dir="0" index="0" bw="4" slack="0"/>
<pin id="225" dir="0" index="1" bw="4" slack="0"/>
<pin id="226" dir="1" index="2" bw="1" slack="0"/>
</pin_list>
<bind>
<opcode="icmp(45) " fcode="icmp"/>
<opset="icmp_ln56/1 "/>
</bind>
</comp>

<comp id="229" class="1004" name="add_ln54_3_fu_229">
<pin_list>
<pin id="230" dir="0" index="0" bw="4" slack="0"/>
<pin id="231" dir="0" index="1" bw="1" slack="0"/>
<pin id="232" dir="1" index="2" bw="4" slack="0"/>
</pin_list>
<bind>
<opcode="add(8) " fcode="add"/>
<opset="add_ln54_3/1 "/>
</bind>
</comp>

<comp id="235" class="1004" name="select_ln54_1_fu_235">
<pin_list>
<pin id="236" dir="0" index="0" bw="1" slack="0"/>
<pin id="237" dir="0" index="1" bw="4" slack="0"/>
<pin id="238" dir="0" index="2" bw="4" slack="0"/>
<pin id="239" dir="1" index="3" bw="4" slack="0"/>
</pin_list>
<bind>
<opcode="select(49) " fcode="select"/>
<opset="select_ln54_1/1 "/>
</bind>
</comp>

<comp id="243" class="1004" name="trunc_ln54_fu_243">
<pin_list>
<pin id="244" dir="0" index="0" bw="4" slack="0"/>
<pin id="245" dir="1" index="1" bw="3" slack="0"/>
</pin_list>
<bind>
<opcode="trunc(33) " fcode="trunc"/>
<opset="trunc_ln54/1 "/>
</bind>
</comp>

<comp id="247" class="1004" name="p_mid2_fu_247">
<pin_list>
<pin id="248" dir="0" index="0" bw="6" slack="0"/>
<pin id="249" dir="0" index="1" bw="3" slack="0"/>
<pin id="250" dir="0" index="2" bw="1" slack="0"/>
<pin id="251" dir="1" index="3" bw="6" slack="0"/>
</pin_list>
<bind>
<opcode="bitconcatenate(1004) " fcode="bitconcatenate"/>
<opset="p_mid2/1 "/>
</bind>
</comp>

<comp id="255" class="1004" name="zext_ln54_fu_255">
<pin_list>
<pin id="256" dir="0" index="0" bw="6" slack="0"/>
<pin id="257" dir="1" index="1" bw="64" slack="0"/>
</pin_list>
<bind>
<opcode="zext(34) " fcode="zext"/>
<opset="zext_ln54/1 "/>
</bind>
</comp>

<comp id="259" class="1004" name="add_ln54_1_fu_259">
<pin_list>
<pin id="260" dir="0" index="0" bw="6" slack="0"/>
<pin id="261" dir="0" index="1" bw="64" slack="0"/>
<pin id="262" dir="1" index="2" bw="64" slack="0"/>
</pin_list>
<bind>
<opcode="add(8) " fcode="add"/>
<opset="add_ln54_1/1 "/>
</bind>
</comp>

<comp id="265" class="1004" name="sext_ln60_mid2_v_fu_265">
<pin_list>
<pin id="266" dir="0" index="0" bw="62" slack="0"/>
<pin id="267" dir="0" index="1" bw="64" slack="0"/>
<pin id="268" dir="0" index="2" bw="3" slack="0"/>
<pin id="269" dir="0" index="3" bw="7" slack="0"/>
<pin id="270" dir="1" index="4" bw="62" slack="0"/>
</pin_list>
<bind>
<opcode="partselect(1002) " fcode="partselect"/>
<opset="sext_ln60_mid2_v/1 "/>
</bind>
</comp>

<comp id="275" class="1004" name="sext_ln54_fu_275">
<pin_list>
<pin id="276" dir="0" index="0" bw="62" slack="0"/>
<pin id="277" dir="1" index="1" bw="64" slack="0"/>
</pin_list>
<bind>
<opcode="sext(35) " fcode="sext"/>
<opset="sext_ln54/1 "/>
</bind>
</comp>

<comp id="279" class="1004" name="gmem0_addr_fu_279">
<pin_list>
<pin id="280" dir="0" index="0" bw="64" slack="0"/>
<pin id="281" dir="0" index="1" bw="64" slack="0"/>
<pin id="282" dir="1" index="2" bw="64" slack="1"/>
</pin_list>
<bind>
<opcode="getelementptr(29) " fcode="getelementptr"/>
<opset="gmem0_addr/1 "/>
</bind>
</comp>

<comp id="285" class="1004" name="store_ln56_store_fu_285">
<pin_list>
<pin id="286" dir="0" index="0" bw="7" slack="0"/>
<pin id="287" dir="0" index="1" bw="7" slack="0"/>
<pin id="288" dir="1" index="2" bw="0" slack="2147483647"/>
</pin_list>
<bind>
<opcode="store(28) " fcode="store"/>
<opset="store_ln56/1 "/>
</bind>
</comp>

<comp id="290" class="1004" name="store_ln56_store_fu_290">
<pin_list>
<pin id="291" dir="0" index="0" bw="4" slack="0"/>
<pin id="292" dir="0" index="1" bw="4" slack="0"/>
<pin id="293" dir="1" index="2" bw="0" slack="2147483647"/>
</pin_list>
<bind>
<opcode="store(28) " fcode="store"/>
<opset="store_ln56/1 "/>
</bind>
</comp>

<comp id="295" class="1004" name="select_ln54_fu_295">
<pin_list>
<pin id="296" dir="0" index="0" bw="1" slack="1"/>
<pin id="297" dir="0" index="1" bw="4" slack="0"/>
<pin id="298" dir="0" index="2" bw="4" slack="1"/>
<pin id="299" dir="1" index="3" bw="4" slack="0"/>
</pin_list>
<bind>
<opcode="select(49) " fcode="select"/>
<opset="select_ln54/2 "/>
</bind>
</comp>

<comp id="301" class="1004" name="shl_ln54_fu_301">
<pin_list>
<pin id="302" dir="0" index="0" bw="4" slack="1"/>
<pin id="303" dir="0" index="1" bw="1" slack="0"/>
<pin id="304" dir="1" index="2" bw="4" slack="0"/>
</pin_list>
<bind>
<opcode="shl(20) " fcode="shl"/>
<opset="shl_ln54/2 "/>
</bind>
</comp>

<comp id="306" class="1004" name="or_ln54_fu_306">
<pin_list>
<pin id="307" dir="0" index="0" bw="4" slack="0"/>
<pin id="308" dir="0" index="1" bw="4" slack="0"/>
<pin id="309" dir="1" index="2" bw="4" slack="0"/>
</pin_list>
<bind>
<opcode="or(24) " fcode="or"/>
<opset="or_ln54/2 "/>
</bind>
</comp>

<comp id="312" class="1004" name="sext_ln60_1_mid2_v_v_v_v_v_fu_312">
<pin_list>
<pin id="313" dir="0" index="0" bw="6" slack="0"/>
<pin id="314" dir="0" index="1" bw="4" slack="0"/>
<pin id="315" dir="0" index="2" bw="1" slack="0"/>
<pin id="316" dir="1" index="3" bw="6" slack="0"/>
</pin_list>
<bind>
<opcode="bitconcatenate(1004) " fcode="bitconcatenate"/>
<opset="sext_ln60_1_mid2_v_v_v_v_v/2 "/>
</bind>
</comp>

<comp id="320" class="1004" name="zext_ln54_1_fu_320">
<pin_list>
<pin id="321" dir="0" index="0" bw="6" slack="0"/>
<pin id="322" dir="1" index="1" bw="64" slack="0"/>
</pin_list>
<bind>
<opcode="zext(34) " fcode="zext"/>
<opset="zext_ln54_1/2 "/>
</bind>
</comp>

<comp id="324" class="1004" name="add_ln54_2_fu_324">
<pin_list>
<pin id="325" dir="0" index="0" bw="6" slack="0"/>
<pin id="326" dir="0" index="1" bw="64" slack="1"/>
<pin id="327" dir="1" index="2" bw="64" slack="0"/>
</pin_list>
<bind>
<opcode="add(8) " fcode="add"/>
<opset="add_ln54_2/2 "/>
</bind>
</comp>

<comp id="329" class="1004" name="sext_ln60_1_mid2_v_fu_329">
<pin_list>
<pin id="330" dir="0" index="0" bw="62" slack="0"/>
<pin id="331" dir="0" index="1" bw="64" slack="0"/>
<pin id="332" dir="0" index="2" bw="3" slack="0"/>
<pin id="333" dir="0" index="3" bw="7" slack="0"/>
<pin id="334" dir="1" index="4" bw="62" slack="0"/>
</pin_list>
<bind>
<opcode="partselect(1002) " fcode="partselect"/>
<opset="sext_ln60_1_mid2_v/2 "/>
</bind>
</comp>

<comp id="339" class="1004" name="sext_ln54_1_fu_339">
<pin_list>
<pin id="340" dir="0" index="0" bw="62" slack="0"/>
<pin id="341" dir="1" index="1" bw="64" slack="0"/>
</pin_list>
<bind>
<opcode="sext(35) " fcode="sext"/>
<opset="sext_ln54_1/2 "/>
</bind>
</comp>

<comp id="343" class="1004" name="gmem0_addr_1_fu_343">
<pin_list>
<pin id="344" dir="0" index="0" bw="64" slack="0"/>
<pin id="345" dir="0" index="1" bw="64" slack="0"/>
<pin id="346" dir="1" index="2" bw="64" slack="1"/>
</pin_list>
<bind>
<opcode="getelementptr(29) " fcode="getelementptr"/>
<opset="gmem0_addr_1/2 "/>
</bind>
</comp>

<comp id="349" class="1004" name="add_ln56_fu_349">
<pin_list>
<pin id="350" dir="0" index="0" bw="4" slack="0"/>
<pin id="351" dir="0" index="1" bw="1" slack="0"/>
<pin id="352" dir="1" index="2" bw="4" slack="0"/>
</pin_list>
<bind>
<opcode="add(8) " fcode="add"/>
<opset="add_ln56/2 "/>
</bind>
</comp>

<comp id="355" class="1004" name="store_ln56_store_fu_355">
<pin_list>
<pin id="356" dir="0" index="0" bw="4" slack="0"/>
<pin id="357" dir="0" index="1" bw="4" slack="1"/>
<pin id="358" dir="1" index="2" bw="0" slack="2147483647"/>
</pin_list>
<bind>
<opcode="store(28) " fcode="store"/>
<opset="store_ln56/2 "/>
</bind>
</comp>

<comp id="360" class="1004" name="j_cast20_fu_360">
<pin_list>
<pin id="361" dir="0" index="0" bw="4" slack="5"/>
<pin id="362" dir="1" index="1" bw="64" slack="0"/>
</pin_list>
<bind>
<opcode="zext(34) " fcode="zext"/>
<opset="j_cast20/7 "/>
</bind>
</comp>

<comp id="364" class="1004" name="bitcast_ln60_fu_364">
<pin_list>
<pin id="365" dir="0" index="0" bw="32" slack="1"/>
<pin id="366" dir="1" index="1" bw="32" slack="0"/>
</pin_list>
<bind>
<opcode="bitcast(44) " fcode="bitcast"/>
<opset="bitcast_ln60/10 "/>
</bind>
</comp>

<comp id="368" class="1004" name="j_cast_fu_368">
<pin_list>
<pin id="369" dir="0" index="0" bw="4" slack="9"/>
<pin id="370" dir="1" index="1" bw="6" slack="0"/>
</pin_list>
<bind>
<opcode="zext(34) " fcode="zext"/>
<opset="j_cast/11 "/>
</bind>
</comp>

<comp id="371" class="1004" name="bitcast_ln60_1_fu_371">
<pin_list>
<pin id="372" dir="0" index="0" bw="32" slack="1"/>
<pin id="373" dir="1" index="1" bw="32" slack="0"/>
</pin_list>
<bind>
<opcode="bitcast(44) " fcode="bitcast"/>
<opset="bitcast_ln60_1/11 "/>
</bind>
</comp>

<comp id="375" class="1004" name="add_ln62_fu_375">
<pin_list>
<pin id="376" dir="0" index="0" bw="4" slack="0"/>
<pin id="377" dir="0" index="1" bw="6" slack="10"/>
<pin id="378" dir="1" index="2" bw="6" slack="18"/>
</pin_list>
<bind>
<opcode="add(8) " fcode="add"/>
<opset="add_ln62/11 "/>
</bind>
</comp>

<comp id="380" class="1004" name="zext_ln62_fu_380">
<pin_list>
<pin id="381" dir="0" index="0" bw="6" slack="18"/>
<pin id="382" dir="1" index="1" bw="64" slack="0"/>
</pin_list>
<bind>
<opcode="zext(34) " fcode="zext"/>
<opset="zext_ln62/29 "/>
</bind>
</comp>

<comp id="384" class="1005" name="j_reg_384">
<pin_list>
<pin id="385" dir="0" index="0" bw="4" slack="0"/>
<pin id="386" dir="1" index="1" bw="4" slack="0"/>
</pin_list>
<bind>
<opset="j "/>
</bind>
</comp>

<comp id="391" class="1005" name="i_reg_391">
<pin_list>
<pin id="392" dir="0" index="0" bw="4" slack="0"/>
<pin id="393" dir="1" index="1" bw="4" slack="0"/>
</pin_list>
<bind>
<opset="i "/>
</bind>
</comp>

<comp id="398" class="1005" name="indvar_flatten_reg_398">
<pin_list>
<pin id="399" dir="0" index="0" bw="7" slack="0"/>
<pin id="400" dir="1" index="1" bw="7" slack="0"/>
</pin_list>
<bind>
<opset="indvar_flatten "/>
</bind>
</comp>

<comp id="405" class="1005" name="input_array_read_reg_405">
<pin_list>
<pin id="406" dir="0" index="0" bw="64" slack="1"/>
<pin id="407" dir="1" index="1" bw="64" slack="1"/>
</pin_list>
<bind>
<opset="input_array_read "/>
</bind>
</comp>

<comp id="410" class="1005" name="icmp_ln54_reg_410">
<pin_list>
<pin id="411" dir="0" index="0" bw="1" slack="1"/>
<pin id="412" dir="1" index="1" bw="1" slack="2147483647"/>
</pin_list>
<bind>
<opset="icmp_ln54 "/>
</bind>
</comp>

<comp id="414" class="1005" name="j_load_reg_414">
<pin_list>
<pin id="415" dir="0" index="0" bw="4" slack="1"/>
<pin id="416" dir="1" index="1" bw="4" slack="1"/>
</pin_list>
<bind>
<opset="j_load "/>
</bind>
</comp>

<comp id="419" class="1005" name="icmp_ln56_reg_419">
<pin_list>
<pin id="420" dir="0" index="0" bw="1" slack="1"/>
<pin id="421" dir="1" index="1" bw="1" slack="1"/>
</pin_list>
<bind>
<opset="icmp_ln56 "/>
</bind>
</comp>

<comp id="424" class="1005" name="select_ln54_1_reg_424">
<pin_list>
<pin id="425" dir="0" index="0" bw="4" slack="1"/>
<pin id="426" dir="1" index="1" bw="4" slack="1"/>
</pin_list>
<bind>
<opset="select_ln54_1 "/>
</bind>
</comp>

<comp id="429" class="1005" name="p_mid2_reg_429">
<pin_list>
<pin id="430" dir="0" index="0" bw="6" slack="10"/>
<pin id="431" dir="1" index="1" bw="6" slack="10"/>
</pin_list>
<bind>
<opset="p_mid2 "/>
</bind>
</comp>

<comp id="434" class="1005" name="gmem0_addr_reg_434">
<pin_list>
<pin id="435" dir="0" index="0" bw="32" slack="1"/>
<pin id="436" dir="1" index="1" bw="32" slack="1"/>
</pin_list>
<bind>
<opset="gmem0_addr "/>
</bind>
</comp>

<comp id="440" class="1005" name="select_ln54_reg_440">
<pin_list>
<pin id="441" dir="0" index="0" bw="4" slack="5"/>
<pin id="442" dir="1" index="1" bw="4" slack="5"/>
</pin_list>
<bind>
<opset="select_ln54 "/>
</bind>
</comp>

<comp id="446" class="1005" name="gmem0_addr_1_reg_446">
<pin_list>
<pin id="447" dir="0" index="0" bw="32" slack="1"/>
<pin id="448" dir="1" index="1" bw="32" slack="1"/>
</pin_list>
<bind>
<opset="gmem0_addr_1 "/>
</bind>
</comp>

<comp id="452" class="1005" name="j_cast20_reg_452">
<pin_list>
<pin id="453" dir="0" index="0" bw="64" slack="2"/>
<pin id="454" dir="1" index="1" bw="64" slack="2"/>
</pin_list>
<bind>
<opset="j_cast20 "/>
</bind>
</comp>

<comp id="458" class="1005" name="FRONT_LINEAR_WEIGHT_0_addr_reg_458">
<pin_list>
<pin id="459" dir="0" index="0" bw="3" slack="1"/>
<pin id="460" dir="1" index="1" bw="3" slack="1"/>
</pin_list>
<bind>
<opset="FRONT_LINEAR_WEIGHT_0_addr "/>
</bind>
</comp>

<comp id="463" class="1005" name="FRONT_LINEAR_WEIGHT_0_load_reg_463">
<pin_list>
<pin id="464" dir="0" index="0" bw="32" slack="2"/>
<pin id="465" dir="1" index="1" bw="32" slack="2"/>
</pin_list>
<bind>
<opset="FRONT_LINEAR_WEIGHT_0_load "/>
</bind>
</comp>

<comp id="468" class="1005" name="gmem0_addr_read_reg_468">
<pin_list>
<pin id="469" dir="0" index="0" bw="32" slack="1"/>
<pin id="470" dir="1" index="1" bw="32" slack="1"/>
</pin_list>
<bind>
<opset="gmem0_addr_read "/>
</bind>
</comp>

<comp id="473" class="1005" name="FRONT_LINEAR_WEIGHT_1_addr_reg_473">
<pin_list>
<pin id="474" dir="0" index="0" bw="3" slack="1"/>
<pin id="475" dir="1" index="1" bw="3" slack="1"/>
</pin_list>
<bind>
<opset="FRONT_LINEAR_WEIGHT_1_addr "/>
</bind>
</comp>

<comp id="478" class="1005" name="bitcast_ln60_reg_478">
<pin_list>
<pin id="479" dir="0" index="0" bw="32" slack="1"/>
<pin id="480" dir="1" index="1" bw="32" slack="1"/>
</pin_list>
<bind>
<opset="bitcast_ln60 "/>
</bind>
</comp>

<comp id="483" class="1005" name="gmem0_addr_1_read_reg_483">
<pin_list>
<pin id="484" dir="0" index="0" bw="32" slack="1"/>
<pin id="485" dir="1" index="1" bw="32" slack="1"/>
</pin_list>
<bind>
<opset="gmem0_addr_1_read "/>
</bind>
</comp>

<comp id="488" class="1005" name="FRONT_LINEAR_WEIGHT_1_load_reg_488">
<pin_list>
<pin id="489" dir="0" index="0" bw="32" slack="1"/>
<pin id="490" dir="1" index="1" bw="32" slack="1"/>
</pin_list>
<bind>
<opset="FRONT_LINEAR_WEIGHT_1_load "/>
</bind>
</comp>

<comp id="493" class="1005" name="bitcast_ln60_1_reg_493">
<pin_list>
<pin id="494" dir="0" index="0" bw="32" slack="1"/>
<pin id="495" dir="1" index="1" bw="32" slack="1"/>
</pin_list>
<bind>
<opset="bitcast_ln60_1 "/>
</bind>
</comp>

<comp id="498" class="1005" name="add_ln62_reg_498">
<pin_list>
<pin id="499" dir="0" index="0" bw="6" slack="18"/>
<pin id="500" dir="1" index="1" bw="6" slack="18"/>
</pin_list>
<bind>
<opset="add_ln62 "/>
</bind>
</comp>

<comp id="503" class="1005" name="mul_reg_503">
<pin_list>
<pin id="504" dir="0" index="0" bw="32" slack="1"/>
<pin id="505" dir="1" index="1" bw="32" slack="1"/>
</pin_list>
<bind>
<opset="mul "/>
</bind>
</comp>

<comp id="508" class="1005" name="mul_1_reg_508">
<pin_list>
<pin id="509" dir="0" index="0" bw="32" slack="5"/>
<pin id="510" dir="1" index="1" bw="32" slack="5"/>
</pin_list>
<bind>
<opset="mul_1 "/>
</bind>
</comp>

<comp id="513" class="1005" name="sum_1_reg_513">
<pin_list>
<pin id="514" dir="0" index="0" bw="32" slack="1"/>
<pin id="515" dir="1" index="1" bw="32" slack="1"/>
</pin_list>
<bind>
<opset="sum_1 "/>
</bind>
</comp>

<comp id="518" class="1005" name="FRONT_LINEAR_BIAS_addr_reg_518">
<pin_list>
<pin id="519" dir="0" index="0" bw="3" slack="1"/>
<pin id="520" dir="1" index="1" bw="3" slack="1"/>
</pin_list>
<bind>
<opset="FRONT_LINEAR_BIAS_addr "/>
</bind>
</comp>

<comp id="523" class="1005" name="FRONT_LINEAR_BIAS_load_reg_523">
<pin_list>
<pin id="524" dir="0" index="0" bw="32" slack="2"/>
<pin id="525" dir="1" index="1" bw="32" slack="2"/>
</pin_list>
<bind>
<opset="FRONT_LINEAR_BIAS_load "/>
</bind>
</comp>

<comp id="528" class="1005" name="sum_1_1_reg_528">
<pin_list>
<pin id="529" dir="0" index="0" bw="32" slack="1"/>
<pin id="530" dir="1" index="1" bw="32" slack="1"/>
</pin_list>
<bind>
<opset="sum_1_1 "/>
</bind>
</comp>

<comp id="533" class="1005" name="add_reg_533">
<pin_list>
<pin id="534" dir="0" index="0" bw="32" slack="1"/>
<pin id="535" dir="1" index="1" bw="32" slack="1"/>
</pin_list>
<bind>
<opset="add "/>
</bind>
</comp>

</comp_list>

<net_list>
<net id="83"><net_src comp="12" pin="0"/><net_sink comp="80" pin=0"/></net>

<net id="87"><net_src comp="12" pin="0"/><net_sink comp="84" pin=0"/></net>

<net id="91"><net_src comp="12" pin="0"/><net_sink comp="88" pin=0"/></net>

<net id="96"><net_src comp="30" pin="0"/><net_sink comp="92" pin=0"/></net>

<net id="97"><net_src comp="0" pin="0"/><net_sink comp="92" pin=1"/></net>

<net id="103"><net_src comp="62" pin="0"/><net_sink comp="98" pin=0"/></net>

<net id="104"><net_src comp="12" pin="0"/><net_sink comp="98" pin=2"/></net>

<net id="110"><net_src comp="62" pin="0"/><net_sink comp="105" pin=0"/></net>

<net id="111"><net_src comp="12" pin="0"/><net_sink comp="105" pin=2"/></net>

<net id="116"><net_src comp="66" pin="0"/><net_sink comp="112" pin=0"/></net>

<net id="121"><net_src comp="66" pin="0"/><net_sink comp="117" pin=0"/></net>

<net id="127"><net_src comp="6" pin="0"/><net_sink comp="122" pin=0"/></net>

<net id="128"><net_src comp="64" pin="0"/><net_sink comp="122" pin=1"/></net>

<net id="134"><net_src comp="122" pin="3"/><net_sink comp="129" pin=0"/></net>

<net id="140"><net_src comp="8" pin="0"/><net_sink comp="135" pin=0"/></net>

<net id="141"><net_src comp="64" pin="0"/><net_sink comp="135" pin=1"/></net>

<net id="147"><net_src comp="135" pin="3"/><net_sink comp="142" pin=0"/></net>

<net id="153"><net_src comp="10" pin="0"/><net_sink comp="148" pin=0"/></net>

<net id="154"><net_src comp="64" pin="0"/><net_sink comp="148" pin=1"/></net>

<net id="160"><net_src comp="148" pin="3"/><net_sink comp="155" pin=0"/></net>

<net id="166"><net_src comp="4" pin="0"/><net_sink comp="161" pin=0"/></net>

<net id="167"><net_src comp="64" pin="0"/><net_sink comp="161" pin=1"/></net>

<net id="173"><net_src comp="161" pin="3"/><net_sink comp="168" pin=0"/></net>

<net id="178"><net_src comp="68" pin="0"/><net_sink comp="174" pin=1"/></net>

<net id="191"><net_src comp="32" pin="0"/><net_sink comp="187" pin=0"/></net>

<net id="196"><net_src comp="34" pin="0"/><net_sink comp="192" pin=0"/></net>

<net id="201"><net_src comp="34" pin="0"/><net_sink comp="197" pin=0"/></net>

<net id="209"><net_src comp="202" pin="1"/><net_sink comp="205" pin=0"/></net>

<net id="210"><net_src comp="40" pin="0"/><net_sink comp="205" pin=1"/></net>

<net id="215"><net_src comp="202" pin="1"/><net_sink comp="211" pin=0"/></net>

<net id="216"><net_src comp="42" pin="0"/><net_sink comp="211" pin=1"/></net>

<net id="227"><net_src comp="217" pin="1"/><net_sink comp="223" pin=0"/></net>

<net id="228"><net_src comp="44" pin="0"/><net_sink comp="223" pin=1"/></net>

<net id="233"><net_src comp="220" pin="1"/><net_sink comp="229" pin=0"/></net>

<net id="234"><net_src comp="46" pin="0"/><net_sink comp="229" pin=1"/></net>

<net id="240"><net_src comp="223" pin="2"/><net_sink comp="235" pin=0"/></net>

<net id="241"><net_src comp="229" pin="2"/><net_sink comp="235" pin=1"/></net>

<net id="242"><net_src comp="220" pin="1"/><net_sink comp="235" pin=2"/></net>

<net id="246"><net_src comp="235" pin="3"/><net_sink comp="243" pin=0"/></net>

<net id="252"><net_src comp="48" pin="0"/><net_sink comp="247" pin=0"/></net>

<net id="253"><net_src comp="243" pin="1"/><net_sink comp="247" pin=1"/></net>

<net id="254"><net_src comp="50" pin="0"/><net_sink comp="247" pin=2"/></net>

<net id="258"><net_src comp="247" pin="3"/><net_sink comp="255" pin=0"/></net>

<net id="263"><net_src comp="255" pin="1"/><net_sink comp="259" pin=0"/></net>

<net id="264"><net_src comp="92" pin="2"/><net_sink comp="259" pin=1"/></net>

<net id="271"><net_src comp="52" pin="0"/><net_sink comp="265" pin=0"/></net>

<net id="272"><net_src comp="259" pin="2"/><net_sink comp="265" pin=1"/></net>

<net id="273"><net_src comp="54" pin="0"/><net_sink comp="265" pin=2"/></net>

<net id="274"><net_src comp="56" pin="0"/><net_sink comp="265" pin=3"/></net>

<net id="278"><net_src comp="265" pin="4"/><net_sink comp="275" pin=0"/></net>

<net id="283"><net_src comp="2" pin="0"/><net_sink comp="279" pin=0"/></net>

<net id="284"><net_src comp="275" pin="1"/><net_sink comp="279" pin=1"/></net>

<net id="289"><net_src comp="211" pin="2"/><net_sink comp="285" pin=0"/></net>

<net id="294"><net_src comp="235" pin="3"/><net_sink comp="290" pin=0"/></net>

<net id="300"><net_src comp="34" pin="0"/><net_sink comp="295" pin=1"/></net>

<net id="305"><net_src comp="46" pin="0"/><net_sink comp="301" pin=1"/></net>

<net id="310"><net_src comp="301" pin="2"/><net_sink comp="306" pin=0"/></net>

<net id="311"><net_src comp="46" pin="0"/><net_sink comp="306" pin=1"/></net>

<net id="317"><net_src comp="58" pin="0"/><net_sink comp="312" pin=0"/></net>

<net id="318"><net_src comp="306" pin="2"/><net_sink comp="312" pin=1"/></net>

<net id="319"><net_src comp="60" pin="0"/><net_sink comp="312" pin=2"/></net>

<net id="323"><net_src comp="312" pin="3"/><net_sink comp="320" pin=0"/></net>

<net id="328"><net_src comp="320" pin="1"/><net_sink comp="324" pin=0"/></net>

<net id="335"><net_src comp="52" pin="0"/><net_sink comp="329" pin=0"/></net>

<net id="336"><net_src comp="324" pin="2"/><net_sink comp="329" pin=1"/></net>

<net id="337"><net_src comp="54" pin="0"/><net_sink comp="329" pin=2"/></net>

<net id="338"><net_src comp="56" pin="0"/><net_sink comp="329" pin=3"/></net>

<net id="342"><net_src comp="329" pin="4"/><net_sink comp="339" pin=0"/></net>

<net id="347"><net_src comp="2" pin="0"/><net_sink comp="343" pin=0"/></net>

<net id="348"><net_src comp="339" pin="1"/><net_sink comp="343" pin=1"/></net>

<net id="353"><net_src comp="295" pin="3"/><net_sink comp="349" pin=0"/></net>

<net id="354"><net_src comp="46" pin="0"/><net_sink comp="349" pin=1"/></net>

<net id="359"><net_src comp="349" pin="2"/><net_sink comp="355" pin=0"/></net>

<net id="363"><net_src comp="360" pin="1"/><net_sink comp="122" pin=2"/></net>

<net id="367"><net_src comp="364" pin="1"/><net_sink comp="183" pin=0"/></net>

<net id="374"><net_src comp="371" pin="1"/><net_sink comp="183" pin=0"/></net>

<net id="379"><net_src comp="368" pin="1"/><net_sink comp="375" pin=0"/></net>

<net id="383"><net_src comp="380" pin="1"/><net_sink comp="161" pin=2"/></net>

<net id="387"><net_src comp="80" pin="1"/><net_sink comp="384" pin=0"/></net>

<net id="388"><net_src comp="384" pin="1"/><net_sink comp="197" pin=1"/></net>

<net id="389"><net_src comp="384" pin="1"/><net_sink comp="217" pin=0"/></net>

<net id="390"><net_src comp="384" pin="1"/><net_sink comp="355" pin=1"/></net>

<net id="394"><net_src comp="84" pin="1"/><net_sink comp="391" pin=0"/></net>

<net id="395"><net_src comp="391" pin="1"/><net_sink comp="192" pin=1"/></net>

<net id="396"><net_src comp="391" pin="1"/><net_sink comp="220" pin=0"/></net>

<net id="397"><net_src comp="391" pin="1"/><net_sink comp="290" pin=1"/></net>

<net id="401"><net_src comp="88" pin="1"/><net_sink comp="398" pin=0"/></net>

<net id="402"><net_src comp="398" pin="1"/><net_sink comp="187" pin=1"/></net>

<net id="403"><net_src comp="398" pin="1"/><net_sink comp="202" pin=0"/></net>

<net id="404"><net_src comp="398" pin="1"/><net_sink comp="285" pin=1"/></net>

<net id="408"><net_src comp="92" pin="2"/><net_sink comp="405" pin=0"/></net>

<net id="409"><net_src comp="405" pin="1"/><net_sink comp="324" pin=1"/></net>

<net id="413"><net_src comp="205" pin="2"/><net_sink comp="410" pin=0"/></net>

<net id="417"><net_src comp="217" pin="1"/><net_sink comp="414" pin=0"/></net>

<net id="418"><net_src comp="414" pin="1"/><net_sink comp="295" pin=2"/></net>

<net id="422"><net_src comp="223" pin="2"/><net_sink comp="419" pin=0"/></net>

<net id="423"><net_src comp="419" pin="1"/><net_sink comp="295" pin=0"/></net>

<net id="427"><net_src comp="235" pin="3"/><net_sink comp="424" pin=0"/></net>

<net id="428"><net_src comp="424" pin="1"/><net_sink comp="301" pin=0"/></net>

<net id="432"><net_src comp="247" pin="3"/><net_sink comp="429" pin=0"/></net>

<net id="433"><net_src comp="429" pin="1"/><net_sink comp="375" pin=1"/></net>

<net id="437"><net_src comp="279" pin="2"/><net_sink comp="434" pin=0"/></net>

<net id="438"><net_src comp="434" pin="1"/><net_sink comp="98" pin=1"/></net>

<net id="439"><net_src comp="434" pin="1"/><net_sink comp="112" pin=1"/></net>

<net id="443"><net_src comp="295" pin="3"/><net_sink comp="440" pin=0"/></net>

<net id="444"><net_src comp="440" pin="1"/><net_sink comp="360" pin=0"/></net>

<net id="445"><net_src comp="440" pin="1"/><net_sink comp="368" pin=0"/></net>

<net id="449"><net_src comp="343" pin="2"/><net_sink comp="446" pin=0"/></net>

<net id="450"><net_src comp="446" pin="1"/><net_sink comp="105" pin=1"/></net>

<net id="451"><net_src comp="446" pin="1"/><net_sink comp="117" pin=1"/></net>

<net id="455"><net_src comp="360" pin="1"/><net_sink comp="452" pin=0"/></net>

<net id="456"><net_src comp="452" pin="1"/><net_sink comp="135" pin=2"/></net>

<net id="457"><net_src comp="452" pin="1"/><net_sink comp="148" pin=2"/></net>

<net id="461"><net_src comp="122" pin="3"/><net_sink comp="458" pin=0"/></net>

<net id="462"><net_src comp="458" pin="1"/><net_sink comp="129" pin=0"/></net>

<net id="466"><net_src comp="129" pin="3"/><net_sink comp="463" pin=0"/></net>

<net id="467"><net_src comp="463" pin="1"/><net_sink comp="183" pin=1"/></net>

<net id="471"><net_src comp="112" pin="2"/><net_sink comp="468" pin=0"/></net>

<net id="472"><net_src comp="468" pin="1"/><net_sink comp="364" pin=0"/></net>

<net id="476"><net_src comp="135" pin="3"/><net_sink comp="473" pin=0"/></net>

<net id="477"><net_src comp="473" pin="1"/><net_sink comp="142" pin=0"/></net>

<net id="481"><net_src comp="364" pin="1"/><net_sink comp="478" pin=0"/></net>

<net id="482"><net_src comp="478" pin="1"/><net_sink comp="183" pin=0"/></net>

<net id="486"><net_src comp="117" pin="2"/><net_sink comp="483" pin=0"/></net>

<net id="487"><net_src comp="483" pin="1"/><net_sink comp="371" pin=0"/></net>

<net id="491"><net_src comp="142" pin="3"/><net_sink comp="488" pin=0"/></net>

<net id="492"><net_src comp="488" pin="1"/><net_sink comp="183" pin=1"/></net>

<net id="496"><net_src comp="371" pin="1"/><net_sink comp="493" pin=0"/></net>

<net id="497"><net_src comp="493" pin="1"/><net_sink comp="183" pin=0"/></net>

<net id="501"><net_src comp="375" pin="2"/><net_sink comp="498" pin=0"/></net>

<net id="502"><net_src comp="498" pin="1"/><net_sink comp="380" pin=0"/></net>

<net id="506"><net_src comp="183" pin="2"/><net_sink comp="503" pin=0"/></net>

<net id="507"><net_src comp="503" pin="1"/><net_sink comp="174" pin=0"/></net>

<net id="511"><net_src comp="183" pin="2"/><net_sink comp="508" pin=0"/></net>

<net id="512"><net_src comp="508" pin="1"/><net_sink comp="174" pin=1"/></net>

<net id="516"><net_src comp="174" pin="2"/><net_sink comp="513" pin=0"/></net>

<net id="517"><net_src comp="513" pin="1"/><net_sink comp="174" pin=0"/></net>

<net id="521"><net_src comp="148" pin="3"/><net_sink comp="518" pin=0"/></net>

<net id="522"><net_src comp="518" pin="1"/><net_sink comp="155" pin=0"/></net>

<net id="526"><net_src comp="155" pin="3"/><net_sink comp="523" pin=0"/></net>

<net id="527"><net_src comp="523" pin="1"/><net_sink comp="179" pin=1"/></net>

<net id="531"><net_src comp="174" pin="2"/><net_sink comp="528" pin=0"/></net>

<net id="532"><net_src comp="528" pin="1"/><net_sink comp="179" pin=0"/></net>

<net id="536"><net_src comp="179" pin="2"/><net_sink comp="533" pin=0"/></net>

<net id="537"><net_src comp="533" pin="1"/><net_sink comp="168" pin=1"/></net>

</net_list>

</model> 
---------------- Datapath Model END ------------------

* FSMD analyzer results:
  - Output states:
	Port: gmem0 | {}
	Port: front | {29 }
	Port: FRONT_LINEAR_WEIGHT_0 | {}
	Port: FRONT_LINEAR_WEIGHT_1 | {}
	Port: FRONT_LINEAR_BIAS | {}
 - Input state : 
	Port: transformer_for_sample_Pipeline_front_linear_i_front_linear_j : input_array | {1 }
	Port: transformer_for_sample_Pipeline_front_linear_i_front_linear_j : gmem0 | {2 3 4 5 6 7 8 9 10 }
	Port: transformer_for_sample_Pipeline_front_linear_i_front_linear_j : FRONT_LINEAR_WEIGHT_0 | {7 8 }
	Port: transformer_for_sample_Pipeline_front_linear_i_front_linear_j : FRONT_LINEAR_WEIGHT_1 | {9 10 }
	Port: transformer_for_sample_Pipeline_front_linear_i_front_linear_j : FRONT_LINEAR_BIAS | {21 22 }
  - Chain level:
	State 1
		store_ln0 : 1
		store_ln0 : 1
		store_ln0 : 1
		indvar_flatten_load : 1
		icmp_ln54 : 2
		add_ln54 : 2
		br_ln54 : 3
		j_load : 1
		i_load : 1
		icmp_ln56 : 2
		add_ln54_3 : 2
		select_ln54_1 : 3
		trunc_ln54 : 4
		p_mid2 : 5
		zext_ln54 : 6
		add_ln54_1 : 7
		sext_ln60_mid2_v : 8
		sext_ln54 : 9
		gmem0_addr : 10
		store_ln56 : 3
		store_ln56 : 4
	State 2
		zext_ln54_1 : 1
		add_ln54_2 : 2
		sext_ln60_1_mid2_v : 3
		sext_ln54_1 : 4
		gmem0_addr_1 : 5
		add_ln56 : 1
		store_ln56 : 2
	State 3
	State 4
	State 5
	State 6
	State 7
		FRONT_LINEAR_WEIGHT_0_addr : 1
		FRONT_LINEAR_WEIGHT_0_load : 2
	State 8
	State 9
		FRONT_LINEAR_WEIGHT_1_load : 1
	State 10
		mul : 1
	State 11
		mul_1 : 1
		add_ln62 : 1
	State 12
	State 13
	State 14
	State 15
	State 16
	State 17
	State 18
	State 19
	State 20
	State 21
		FRONT_LINEAR_BIAS_load : 1
	State 22
	State 23
	State 24
	State 25
	State 26
	State 27
	State 28
	State 29
		front_addr_1 : 1
		store_ln62 : 2


============================================================
+ Verbose Summary: Datapath Resource usage 
============================================================

* Functional unit list:
|----------|-----------------------------------|---------|---------|---------|
| Operation|          Functional Unit          |   DSP   |    FF   |   LUT   |
|----------|-----------------------------------|---------|---------|---------|
|   fadd   |             grp_fu_174            |    2    |   205   |   390   |
|          |             grp_fu_179            |    2    |   205   |   390   |
|----------|-----------------------------------|---------|---------|---------|
|   fmul   |             grp_fu_183            |    3    |   143   |   321   |
|----------|-----------------------------------|---------|---------|---------|
|          |          add_ln54_fu_211          |    0    |    0    |    14   |
|          |         add_ln54_3_fu_229         |    0    |    0    |    13   |
|    add   |         add_ln54_1_fu_259         |    0    |    0    |    71   |
|          |         add_ln54_2_fu_324         |    0    |    0    |    71   |
|          |          add_ln56_fu_349          |    0    |    0    |    13   |
|          |          add_ln62_fu_375          |    0    |    0    |    14   |
|----------|-----------------------------------|---------|---------|---------|
|   icmp   |          icmp_ln54_fu_205         |    0    |    0    |    10   |
|          |          icmp_ln56_fu_223         |    0    |    0    |    9    |
|----------|-----------------------------------|---------|---------|---------|
|  select  |        select_ln54_1_fu_235       |    0    |    0    |    4    |
|          |         select_ln54_fu_295        |    0    |    0    |    4    |
|----------|-----------------------------------|---------|---------|---------|
|          |    input_array_read_read_fu_92    |    0    |    0    |    0    |
|   read   |    gmem0_addr_read_read_fu_112    |    0    |    0    |    0    |
|          |   gmem0_addr_1_read_read_fu_117   |    0    |    0    |    0    |
|----------|-----------------------------------|---------|---------|---------|
|  readreq |         grp_readreq_fu_98         |    0    |    0    |    0    |
|          |         grp_readreq_fu_105        |    0    |    0    |    0    |
|----------|-----------------------------------|---------|---------|---------|
|   trunc  |         trunc_ln54_fu_243         |    0    |    0    |    0    |
|----------|-----------------------------------|---------|---------|---------|
|bitconcatenate|           p_mid2_fu_247           |    0    |    0    |    0    |
|          | sext_ln60_1_mid2_v_v_v_v_v_fu_312 |    0    |    0    |    0    |
|----------|-----------------------------------|---------|---------|---------|
|          |          zext_ln54_fu_255         |    0    |    0    |    0    |
|          |         zext_ln54_1_fu_320        |    0    |    0    |    0    |
|   zext   |          j_cast20_fu_360          |    0    |    0    |    0    |
|          |           j_cast_fu_368           |    0    |    0    |    0    |
|          |          zext_ln62_fu_380         |    0    |    0    |    0    |
|----------|-----------------------------------|---------|---------|---------|
|partselect|      sext_ln60_mid2_v_fu_265      |    0    |    0    |    0    |
|          |     sext_ln60_1_mid2_v_fu_329     |    0    |    0    |    0    |
|----------|-----------------------------------|---------|---------|---------|
|   sext   |          sext_ln54_fu_275         |    0    |    0    |    0    |
|          |         sext_ln54_1_fu_339        |    0    |    0    |    0    |
|----------|-----------------------------------|---------|---------|---------|
|    shl   |          shl_ln54_fu_301          |    0    |    0    |    0    |
|----------|-----------------------------------|---------|---------|---------|
|    or    |           or_ln54_fu_306          |    0    |    0    |    0    |
|----------|-----------------------------------|---------|---------|---------|
|   Total  |                                   |    7    |   553   |   1324  |
|----------|-----------------------------------|---------|---------|---------|

Memories:
N/A

* Register list:
+----------------------------------+--------+
|                                  |   FF   |
+----------------------------------+--------+
|  FRONT_LINEAR_BIAS_addr_reg_518  |    3   |
|  FRONT_LINEAR_BIAS_load_reg_523  |   32   |
|FRONT_LINEAR_WEIGHT_0_addr_reg_458|    3   |
|FRONT_LINEAR_WEIGHT_0_load_reg_463|   32   |
|FRONT_LINEAR_WEIGHT_1_addr_reg_473|    3   |
|FRONT_LINEAR_WEIGHT_1_load_reg_488|   32   |
|         add_ln62_reg_498         |    6   |
|            add_reg_533           |   32   |
|      bitcast_ln60_1_reg_493      |   32   |
|       bitcast_ln60_reg_478       |   32   |
|     gmem0_addr_1_read_reg_483    |   32   |
|       gmem0_addr_1_reg_446       |   32   |
|      gmem0_addr_read_reg_468     |   32   |
|        gmem0_addr_reg_434        |   32   |
|             i_reg_391            |    4   |
|         icmp_ln54_reg_410        |    1   |
|         icmp_ln56_reg_419        |    1   |
|      indvar_flatten_reg_398      |    7   |
|     input_array_read_reg_405     |   64   |
|         j_cast20_reg_452         |   64   |
|          j_load_reg_414          |    4   |
|             j_reg_384            |    4   |
|           mul_1_reg_508          |   32   |
|            mul_reg_503           |   32   |
|          p_mid2_reg_429          |    6   |
|       select_ln54_1_reg_424      |    4   |
|        select_ln54_reg_440       |    4   |
|          sum_1_1_reg_528         |   32   |
|           sum_1_reg_513          |   32   |
+----------------------------------+--------+
|               Total              |   626  |
+----------------------------------+--------+

* Multiplexer (MUX) list: 
|-------------------|------|------|------|--------||---------||---------|
|        Comp       |  Pin | Size |  BW  | S x BW ||  Delay  ||   LUT   |
|-------------------|------|------|------|--------||---------||---------|
| grp_access_fu_129 |  p0  |   2  |   3  |    6   ||    9    |
| grp_access_fu_142 |  p0  |   2  |   3  |    6   ||    9    |
| grp_access_fu_155 |  p0  |   2  |   3  |    6   ||    9    |
|     grp_fu_174    |  p0  |   2  |  32  |   64   ||    9    |
|     grp_fu_174    |  p1  |   2  |  32  |   64   ||    9    |
|     grp_fu_183    |  p0  |   4  |  32  |   128  ||    20   |
|     grp_fu_183    |  p1  |   2  |  32  |   64   ||    9    |
|-------------------|------|------|------|--------||---------||---------|
|       Total       |      |      |      |   338  || 11.3546 ||    74   |
|-------------------|------|------|------|--------||---------||---------|



* Summary:
+-----------+--------+--------+--------+--------+
|           |   DSP  |  Delay |   FF   |   LUT  |
+-----------+--------+--------+--------+--------+
|  Function |    7   |    -   |   553  |  1324  |
|   Memory  |    -   |    -   |    -   |    -   |
|Multiplexer|    -   |   11   |    -   |   74   |
|  Register |    -   |    -   |   626  |    -   |
+-----------+--------+--------+--------+--------+
|   Total   |    7   |   11   |  1179  |  1398  |
+-----------+--------+--------+--------+--------+
