index,label,pass,prediction,buffer_write,cache_flush,register_setup,fpga_kernel,output_readback,decoder_classifier,patch_embedding,weight_transfer,total_us
0,0,1,1,131.2670,279.5320,0.0000,993.3840,290.3820,357.8280,0.0000,0.0000,2052.3930
1,1,1,1,73.7110,201.8330,0.0000,984.2650,209.4840,152.8740,0.0000,0.0000,1622.1670
2,1,1,1,69.9450,177.3850,0.0000,970.4310,226.6650,153.7470,0.0000,0.0000,1598.1730
3,1,1,0,66.7880,177.2370,0.0000,974.7380,201.0150,141.7660,0.0000,0.0000,1561.5440
4,1,1,1,65.7170,170.2640,0.0000,977.5080,196.7080,138.1230,0.0000,0.0000,1548.3200
5,1,1,1,63.8950,165.9010,0.0000,967.4340,194.9660,135.5390,0.0000,0.0000,1527.7350
6,1,1,1,63.6490,165.8520,0.0000,975.6120,193.5750,136.7690,0.0000,0.0000,1535.4570
7,1,1,1,62.7450,165.2060,0.0000,972.2460,193.0580,136.8560,0.0000,0.0000,1530.1110
8,1,1,1,61.9070,165.3480,0.0000,967.2430,217.2800,147.0710,0.0000,0.0000,1558.8490
9,1,1,1,65.7790,174.9230,0.0000,976.5360,197.7230,138.2400,0.0000,0.0000,1553.2010
10,1,1,1,64.0180,167.9750,0.0000,977.1690,196.0120,138.5600,0.0000,0.0000,1543.7340
11,1,1,1,63.0090,168.0190,0.0000,973.7290,192.9110,134.6650,0.0000,0.0000,1532.3330
12,1,1,1,64.2220,165.9690,0.0000,973.3420,194.5050,134.9600,0.0000,0.0000,1532.9980
13,1,1,1,63.5260,166.5410,0.0000,972.4560,194.7940,135.9140,0.0000,0.0000,1533.2310
14,1,1,1,62.7760,165.7730,0.0000,1039.5870,218.4490,144.8190,0.0000,0.0000,1631.4040
15,1,1,1,66.5350,171.3230,0.0000,975.0640,198.2710,137.5440,0.0000,0.0000,1548.7370
16,1,1,1,64.0680,166.4680,0.0000,978.4310,195.9140,137.8960,0.0000,0.0000,1542.7770
17,1,1,1,63.3850,165.7730,0.0000,977.5010,196.5840,136.5300,0.0000,0.0000,1539.7730
18,1,1,1,62.8930,163.8900,0.0000,971.4580,194.9780,136.6890,0.0000,0.0000,1529.9080
19,1,1,1,63.6310,164.2460,0.0000,973.2130,194.9290,136.2090,0.0000,0.0000,1532.2280
20,1,1,1,62.5720,164.8680,0.0000,1027.2500,206.2460,139.5810,0.0000,0.0000,1600.5170
21,1,1,1,66.0000,169.1080,0.0000,977.7850,195.9320,134.9290,0.0000,0.0000,1543.7540
22,1,1,1,64.6650,166.1780,0.0000,973.7110,194.8990,138.1110,0.0000,0.0000,1537.5640
23,1,1,1,63.5140,167.3910,0.0000,968.8550,194.2770,135.8710,0.0000,0.0000,1529.9080
24,1,1,1,63.7600,164.5970,0.0000,975.5260,194.2710,136.5790,0.0000,0.0000,1534.7330
25,1,1,1,63.7040,167.2500,0.0000,972.4800,192.1360,135.9390,0.0000,0.0000,1531.5090
26,1,1,1,62.3640,164.4060,0.0000,975.1080,249.1570,140.3880,0.0000,0.0000,1591.4230
27,0,1,0,64.8070,172.1600,0.0000,966.5290,198.3390,139.2310,0.0000,0.0000,1541.0660
28,1,1,1,63.4400,165.9380,0.0000,973.7160,196.0550,135.7230,0.0000,0.0000,1534.8720
29,1,1,1,65.1200,164.7820,0.0000,975.4650,194.1420,135.2060,0.0000,0.0000,1534.7150
30,1,1,1,63.4090,165.3050,0.0000,971.1080,194.8990,133.4090,0.0000,0.0000,1528.1300
31,1,1,1,63.1450,165.0280,0.0000,976.3380,195.7040,135.5630,0.0000,0.0000,1535.7780
32,1,1,1,65.1690,163.7780,0.0000,975.7720,243.7170,141.2740,0.0000,0.0000,1589.7100
33,1,1,1,63.1140,171.5760,0.0000,980.3450,195.6060,140.0490,0.0000,0.0000,1550.6900
34,0,1,0,62.9910,167.5870,0.0000,979.0340,196.0490,137.3730,0.0000,0.0000,1543.0340
35,1,1,1,65.1630,168.0980,0.0000,973.1320,196.6960,137.0960,0.0000,0.0000,1540.1850
36,0,1,0,64.7690,166.6210,0.0000,965.6000,195.1570,134.6150,0.0000,0.0000,1526.7620
37,1,1,1,63.3720,164.9840,0.0000,973.8900,195.9200,134.2890,0.0000,0.0000,1532.4550
38,1,1,1,64.6520,163.5020,0.0000,978.2950,194.9230,176.9420,0.0000,0.0000,1578.3140
39,1,1,1,64.9170,171.8830,0.0000,976.6030,196.4560,135.9630,0.0000,0.0000,1545.8220
40,0,1,0,62.7630,168.3330,0.0000,975.6980,194.6830,135.2070,0.0000,0.0000,1536.6840
41,1,1,1,62.8680,165.9570,0.0000,975.9260,195.2670,133.5630,0.0000,0.0000,1533.5810
42,1,1,1,63.3470,164.3750,0.0000,978.3260,193.2620,134.3630,0.0000,0.0000,1533.6730
43,0,1,0,64.1600,166.9970,0.0000,973.8770,197.9510,135.5630,0.0000,0.0000,1538.5480
44,1,1,1,62.6210,164.6090,0.0000,971.9260,194.7570,137.4160,0.0000,0.0000,1531.3290
45,1,1,1,111.9630,180.8800,0.0000,968.7880,203.8640,143.5450,0.0000,0.0000,1609.0400
46,1,1,1,68.3630,170.9230,0.0000,978.6330,199.0340,138.3390,0.0000,0.0000,1555.2920
47,1,1,1,63.7170,165.2800,0.0000,974.9850,194.0680,136.7260,0.0000,0.0000,1534.7760
48,1,1,1,63.6920,164.1600,0.0000,972.3940,194.0680,136.9410,0.0000,0.0000,1531.2550
49,1,1,1,63.4650,167.5200,0.0000,978.1600,192.0490,135.5930,0.0000,0.0000,1536.7870
50,1,1,1,63.4030,165.0090,0.0000,977.0890,193.5260,137.6550,0.0000,0.0000,1536.6820
51,1,1,1,64.3690,212.7690,0.0000,978.3330,196.6400,138.8800,0.0000,0.0000,1590.9910
52,1,1,1,63.2800,166.8300,0.0000,977.1140,196.6960,136.5480,0.0000,0.0000,1540.4680
53,1,1,1,64.2700,165.8030,0.0000,972.6460,193.8590,138.4180,0.0000,0.0000,1534.9960
54,1,1,1,64.4680,166.0250,0.0000,975.9260,194.8190,131.9570,0.0000,0.0000,1533.1950
55,1,1,1,63.6980,165.9010,0.0000,977.2370,193.9320,136.3750,0.0000,0.0000,1537.1430
56,1,1,1,63.2980,165.0770,0.0000,970.8560,192.9850,137.3290,0.0000,0.0000,1529.5450
57,0,1,0,63.2310,221.3660,0.0000,974.6520,204.5730,139.4520,0.0000,0.0000,1603.2740
58,1,1,1,63.2250,171.3420,0.0000,980.0430,198.1480,134.3880,0.0000,0.0000,1547.1460
59,1,1,1,61.8830,167.4340,0.0000,964.3320,194.3390,135.3170,0.0000,0.0000,1523.3050
60,1,1,1,64.0000,165.2980,0.0000,974.0370,193.2250,136.8310,0.0000,0.0000,1533.3910
61,0,1,0,63.2680,164.8370,0.0000,974.7500,195.0650,135.3230,0.0000,0.0000,1533.2430
62,1,1,1,64.3880,166.4860,0.0000,969.9380,196.5110,138.0550,0.0000,0.0000,1535.3780
63,0,1,0,64.3260,166.3500,0.0000,970.1110,203.3480,138.1720,0.0000,0.0000,1542.3070
64,1,1,1,64.5290,169.3170,0.0000,976.4610,197.3230,138.8250,0.0000,0.0000,1546.4550
65,0,1,0,62.5350,166.9970,0.0000,977.9080,193.7230,137.4830,0.0000,0.0000,1538.6460
66,1,1,1,63.5880,166.0430,0.0000,975.5940,192.8740,135.9140,0.0000,0.0000,1534.0130
67,0,1,0,63.1630,164.6160,0.0000,977.4040,193.6120,136.5470,0.0000,0.0000,1535.3420
68,1,1,1,63.0400,165.5140,0.0000,962.4680,192.6640,137.2370,0.0000,0.0000,1520.9230
69,1,1,1,62.7750,166.3440,0.0000,975.0400,200.9600,138.9540,0.0000,0.0000,1544.0730
70,1,1,1,64.9170,168.4490,0.0000,964.2090,196.1970,137.6610,0.0000,0.0000,1531.4330
71,1,1,1,63.3050,166.6640,0.0000,978.7270,197.2130,137.6860,0.0000,0.0000,1543.5950
72,1,1,1,64.9050,166.0670,0.0000,972.8990,196.3010,136.5290,0.0000,0.0000,1536.7010
73,1,1,0,63.6000,167.1880,0.0000,977.9940,192.2030,135.7230,0.0000,0.0000,1536.7080
74,1,1,1,63.1080,166.1050,0.0000,976.9100,194.7080,135.7850,0.0000,0.0000,1536.6160
75,1,1,1,61.6240,165.5870,0.0000,967.0330,218.1040,147.9570,0.0000,0.0000,1560.3050
76,0,1,0,67.8220,176.2520,0.0000,978.0130,197.9870,139.7420,0.0000,0.0000,1559.8160
77,1,1,1,63.6800,167.8460,0.0000,971.8460,195.7110,136.2090,0.0000,0.0000,1535.2920
78,1,1,1,63.4710,167.2670,0.0000,977.6490,194.8800,136.9410,0.0000,0.0000,1540.2080
79,1,1,1,62.3260,164.6530,0.0000,977.2120,195.3540,135.0030,0.0000,0.0000,1534.5480
80,0,1,0,61.9810,165.0710,0.0000,974.8870,196.0430,133.5510,0.0000,0.0000,1531.5330
81,0,1,0,62.8060,165.7170,0.0000,964.9970,206.6460,137.7110,0.0000,0.0000,1537.8770
82,1,1,1,63.0030,168.6890,0.0000,974.3260,198.1720,137.8280,0.0000,0.0000,1542.0180
83,1,1,1,62.8620,168.1790,0.0000,972.4800,195.9080,137.0460,0.0000,0.0000,1536.4750
84,1,1,1,62.1970,163.8030,0.0000,974.4990,193.9080,137.4270,0.0000,0.0000,1531.8340
85,1,1,1,61.7290,166.9230,0.0000,975.8030,193.2370,135.9450,0.0000,0.0000,1533.6370
86,0,1,1,63.1750,165.1260,0.0000,974.2030,195.0400,136.3320,0.0000,0.0000,1533.8760
87,1,1,1,62.8250,165.5140,0.0000,965.0090,207.4580,138.4180,0.0000,0.0000,1539.2240
88,1,1,0,64.3630,168.0800,0.0000,978.6710,195.3350,135.8950,0.0000,0.0000,1542.3440
89,1,1,1,62.3260,166.1050,0.0000,963.1320,195.4220,134.3450,0.0000,0.0000,1521.3300
90,1,1,1,63.0710,163.5510,0.0000,977.8830,194.4490,136.2710,0.0000,0.0000,1535.2250
91,1,1,0,63.7840,165.7910,0.0000,974.8860,193.9390,137.7790,0.0000,0.0000,1536.1790
92,1,1,1,64.2090,165.2560,0.0000,975.6190,192.3080,136.1850,0.0000,0.0000,1533.5770
93,1,1,1,62.3810,166.1790,0.0000,979.1380,203.1200,138.0980,0.0000,0.0000,1548.9160
94,1,1,1,63.3170,166.7440,0.0000,976.7080,195.4640,137.1690,0.0000,0.0000,1539.4020
95,1,1,1,62.9540,164.3390,0.0000,977.1500,193.4530,135.9870,0.0000,0.0000,1533.8830
96,1,1,1,62.2900,164.4860,0.0000,969.7840,194.2090,136.8920,0.0000,0.0000,1527.6610
97,1,1,1,62.6710,166.1100,0.0000,964.2090,192.7750,135.6440,0.0000,0.0000,1521.4090
98,1,1,1,63.4770,164.9290,0.0000,974.3880,193.4270,133.9630,0.0000,0.0000,1530.1840
99,1,1,1,63.6990,164.9660,0.0000,964.3820,245.1330,139.3040,0.0000,0.0000,1577.4840
100,1,1,1,63.6430,166.4990,0.0000,976.2030,196.7510,137.6060,0.0000,0.0000,1540.7020
101,1,1,1,64.8060,165.2500,0.0000,964.8610,194.7260,137.4520,0.0000,0.0000,1527.0950
102,1,1,1,62.7630,166.2650,0.0000,977.0280,194.7070,134.1660,0.0000,0.0000,1534.9290
103,1,1,1,63.1010,164.0670,0.0000,964.3570,193.4950,137.5870,0.0000,0.0000,1522.6070
104,1,1,0,62.6710,164.6090,0.0000,971.3170,194.8430,139.0340,0.0000,0.0000,1532.4740
105,1,1,1,60.9050,164.7750,0.0000,976.0120,192.5730,146.6340,0.0000,0.0000,1540.8990
106,1,1,0,62.5480,172.1540,0.0000,980.9350,199.3170,141.6680,0.0000,0.0000,1556.6220
107,1,1,0,64.1480,166.0550,0.0000,975.9390,196.1110,137.0160,0.0000,0.0000,1539.2690
108,1,1,1,63.1870,166.6710,0.0000,973.9690,194.5110,138.3690,0.0000,0.0000,1536.7070
109,1,1,1,61.9020,166.6710,0.0000,969.3290,194.2770,137.3780,0.0000,0.0000,1529.5570
110,0,1,0,62.5720,165.4520,0.0000,973.7970,194.6460,136.8740,0.0000,0.0000,1533.3410
111,1,1,1,64.8920,166.0680,0.0000,972.3510,196.9230,181.5940,0.0000,0.0000,1581.8280
112,1,1,1,66.7750,171.1070,0.0000,979.5390,200.0620,137.9940,0.0000,0.0000,1555.4770
113,1,1,1,64.0930,168.9470,0.0000,976.0990,195.7170,136.8990,0.0000,0.0000,1541.7550
114,1,1,1,63.3790,164.6520,0.0000,977.1380,193.5630,136.4860,0.0000,0.0000,1535.2180
115,1,1,1,62.7010,166.0740,0.0000,975.9140,194.2150,136.7630,0.0000,0.0000,1535.6670
116,1,1,1,62.8620,166.8370,0.0000,974.2280,197.1140,134.9230,0.0000,0.0000,1535.9640
117,0,1,0,63.4830,166.8980,0.0000,969.3480,194.7940,133.8770,0.0000,0.0000,1528.4000
118,1,1,1,104.6710,168.6580,0.0000,965.5140,197.9570,138.9290,0.0000,0.0000,1575.7290
119,1,1,1,64.3330,166.9420,0.0000,978.3270,195.0150,135.6740,0.0000,0.0000,1540.2910
120,1,1,1,64.1480,164.2030,0.0000,975.3040,193.9140,135.4400,0.0000,0.0000,1533.0090
121,1,1,1,64.8740,166.4360,0.0000,977.1510,265.0710,166.0370,0.0000,0.0000,1639.5690
122,1,1,1,68.8860,193.3420,0.0000,983.8950,211.4040,146.6650,0.0000,0.0000,1604.1920
123,1,1,1,66.0860,176.3020,0.0000,974.7140,201.1010,213.6180,0.0000,0.0000,1631.8210
124,0,1,0,79.2990,198.5850,0.0000,971.7470,212.1850,150.9350,0.0000,0.0000,1612.7510
125,1,1,1,65.5380,174.8310,0.0000,981.6680,199.2620,143.6310,0.0000,0.0000,1564.9300
126,1,1,1,63.6740,168.9780,0.0000,965.7290,198.0680,138.4360,0.0000,0.0000,1534.8850
127,1,1,1,63.2620,167.6000,0.0000,977.0270,195.8400,139.3600,0.0000,0.0000,1543.0890
128,1,1,1,65.3170,165.0400,0.0000,975.8470,194.3760,136.9230,0.0000,0.0000,1537.5030
129,0,1,1,63.4830,166.3390,0.0000,974.8920,195.4030,202.1230,0.0000,0.0000,1602.2400
130,0,1,0,66.9170,178.8300,0.0000,964.7690,201.5440,144.1170,0.0000,0.0000,1556.1770
131,1,1,1,64.0860,170.0060,0.0000,971.5630,197.6180,137.6000,0.0000,0.0000,1540.8730
132,1,1,1,62.2090,167.0100,0.0000,964.8860,196.1050,137.0340,0.0000,0.0000,1527.2440
133,1,1,1,63.8830,165.4950,0.0000,972.9670,196.5730,135.9320,0.0000,0.0000,1534.8500
134,0,1,0,63.5450,166.0430,0.0000,971.9390,194.3810,133.5020,0.0000,0.0000,1529.4100
135,1,1,1,63.8890,164.8980,0.0000,974.0730,193.6430,137.4580,0.0000,0.0000,1533.9610
136,1,1,1,114.4800,173.9450,0.0000,978.1780,199.4770,141.7420,0.0000,0.0000,1607.8220
137,1,1,1,64.5420,167.3300,0.0000,978.3320,196.7820,137.6550,0.0000,0.0000,1544.6410
138,0,1,0,63.2310,166.6890,0.0000,978.4370,194.0310,135.6000,0.0000,0.0000,1537.9880
139,1,1,1,63.9510,164.3010,0.0000,975.4280,196.0060,137.1810,0.0000,0.0000,1536.8670
140,0,1,0,63.3970,164.9480,0.0000,979.9020,194.4310,134.0190,0.0000,0.0000,1536.6970
141,1,1,1,62.3390,165.6800,0.0000,969.5510,196.1840,135.7970,0.0000,0.0000,1529.5510
142,1,1,1,63.1330,211.7300,0.0000,973.8460,197.4400,139.6180,0.0000,0.0000,1585.7670
143,1,1,1,64.7010,168.3940,0.0000,974.5600,196.4740,139.2740,0.0000,0.0000,1543.4030
144,1,1,1,63.2190,165.9690,0.0000,975.3230,194.5540,137.3790,0.0000,0.0000,1536.4440
145,1,1,1,61.8220,165.6120,0.0000,974.6530,193.4030,133.8770,0.0000,0.0000,1529.3670
146,1,1,1,63.6680,166.2520,0.0000,963.4700,195.8280,137.7350,0.0000,0.0000,1526.9530
147,1,1,1,63.3480,166.2710,0.0000,976.0990,193.1880,135.5700,0.0000,0.0000,1534.4760
148,1,1,1,63.9070,213.5940,0.0000,977.2990,203.7170,140.2960,0.0000,0.0000,1598.8130
149,1,1,1,64.4870,167.0520,0.0000,974.8930,197.9260,135.6430,0.0000,0.0000,1540.0010
150,1,1,1,63.8340,167.4830,0.0000,973.1630,196.3070,138.5910,0.0000,0.0000,1539.3780
151,1,1,1,62.2770,164.3810,0.0000,974.2700,195.1510,136.3080,0.0000,0.0000,1532.3870
152,1,1,1,64.1480,164.8490,0.0000,975.5870,192.8560,137.3480,0.0000,0.0000,1534.7880
153,1,1,1,63.7480,165.3230,0.0000,975.7290,195.4220,135.9880,0.0000,0.0000,1536.2100
154,1,1,1,62.2580,166.8920,0.0000,967.6310,200.8740,140.2340,0.0000,0.0000,1537.8890
155,1,1,1,63.7420,167.8030,0.0000,973.0150,197.0090,137.7730,0.0000,0.0000,1539.3420
156,1,1,1,63.6310,166.4060,0.0000,963.7850,194.3320,136.8920,0.0000,0.0000,1525.0460
157,1,1,1,62.5540,165.6300,0.0000,970.0680,194.5290,135.9750,0.0000,0.0000,1528.7560
158,0,1,0,63.3850,164.5540,0.0000,972.6340,193.5510,135.9260,0.0000,0.0000,1530.0500
159,1,1,1,63.3480,165.6240,0.0000,973.9940,193.7970,137.3780,0.0000,0.0000,1534.1410
160,1,1,1,62.9790,163.6370,0.0000,977.8770,200.8060,138.6470,0.0000,0.0000,1543.9460
161,1,1,0,65.0950,167.4220,0.0000,972.7320,196.2640,137.5270,0.0000,0.0000,1539.0400
162,1,1,1,63.6980,166.4430,0.0000,975.6430,196.4440,136.3450,0.0000,0.0000,1538.5730
163,1,1,1,63.5940,166.7750,0.0000,978.7630,193.4160,137.4640,0.0000,0.0000,1540.0120
164,0,1,0,63.2430,165.1020,0.0000,974.8370,193.8160,135.7660,0.0000,0.0000,1532.7640
165,0,1,0,62.7500,165.3480,0.0000,975.0160,193.0960,134.9910,0.0000,0.0000,1531.2010
166,1,1,1,64.2520,167.5630,0.0000,976.2030,206.7320,140.3260,0.0000,0.0000,1555.0760
167,0,1,0,63.6060,169.1270,0.0000,974.8800,196.8060,139.0890,0.0000,0.0000,1543.5080
168,1,1,1,63.9870,167.8280,0.0000,978.6400,197.1750,135.9930,0.0000,0.0000,1543.6230
169,0,1,0,62.2890,165.2680,0.0000,963.2370,195.3900,135.8890,0.0000,0.0000,1522.0730
170,0,1,1,65.8150,164.2460,0.0000,975.3970,197.0770,136.9970,0.0000,0.0000,1539.5320
171,1,1,1,64.3200,166.5110,0.0000,973.1320,194.1470,136.5480,0.0000,0.0000,1534.6580
172,1,1,1,63.5450,165.3110,0.0000,963.9200,205.1630,140.0670,0.0000,0.0000,1538.0060
173,1,1,1,63.5320,168.8370,0.0000,979.4650,196.5040,137.1380,0.0000,0.0000,1545.4760
174,1,1,1,62.2890,167.1390,0.0000,970.9230,194.4240,135.3420,0.0000,0.0000,1530.1170
175,1,1,1,61.7660,165.8650,0.0000,976.1050,195.2930,134.8670,0.0000,0.0000,1533.8960
176,0,1,0,63.0470,164.2830,0.0000,977.2800,194.1230,138.3570,0.0000,0.0000,1537.0900
177,1,1,1,63.4400,164.9660,0.0000,973.9390,193.1390,137.9630,0.0000,0.0000,1533.4470
178,1,1,1,64.7690,164.9960,0.0000,962.9290,202.5600,137.3600,0.0000,0.0000,1532.6140
179,1,1,1,62.0740,169.3290,0.0000,970.5780,195.8220,136.8740,0.0000,0.0000,1534.6770
180,1,1,1,65.2860,165.5570,0.0000,975.2550,195.3720,137.5630,0.0000,0.0000,1539.0330
181,1,1,1,63.2060,164.3630,0.0000,976.4000,196.6700,135.7110,0.0000,0.0000,1536.3500
182,1,1,1,62.5660,165.6370,0.0000,970.1350,196.1660,137.1010,0.0000,0.0000,1531.6050
183,1,1,1,62.7260,163.4770,0.0000,973.5690,195.0280,135.5010,0.0000,0.0000,1530.3010
184,1,1,1,64.2650,165.8460,0.0000,988.0250,200.3450,140.4430,0.0000,0.0000,1558.9240
185,1,1,1,62.2890,166.8740,0.0000,974.4490,195.7300,137.2980,0.0000,0.0000,1536.6400
186,1,1,1,64.6830,163.9510,0.0000,978.0060,193.6000,135.8890,0.0000,0.0000,1536.1290
187,0,1,1,62.5970,165.0710,0.0000,963.2060,195.7780,135.5760,0.0000,0.0000,1522.2280
188,1,1,1,63.0960,164.2640,0.0000,979.2560,194.2700,135.7600,0.0000,0.0000,1536.6460
189,1,1,1,62.3130,165.5810,0.0000,970.4730,192.9230,135.6610,0.0000,0.0000,1526.9510
190,0,1,0,63.5260,165.1560,0.0000,978.7200,237.2310,140.0370,0.0000,0.0000,1584.6700
191,1,1,1,64.8620,169.0530,0.0000,974.6150,197.3470,137.0090,0.0000,0.0000,1542.8860
192,1,1,1,63.2930,167.7360,0.0000,977.6240,197.3720,137.7840,0.0000,0.0000,1543.8090
193,1,1,1,63.0030,165.1200,0.0000,965.0640,194.4370,136.0920,0.0000,0.0000,1523.7160
194,1,1,1,63.9570,165.9450,0.0000,976.3200,193.4530,134.6770,0.0000,0.0000,1534.3520
195,1,1,1,62.7510,167.1570,0.0000,974.5970,194.6400,136.9720,0.0000,0.0000,1536.1170
196,0,1,0,63.8710,166.0430,0.0000,973.3910,193.8950,147.9690,0.0000,0.0000,1545.1690
197,1,1,1,64.4620,173.4280,0.0000,975.8150,198.2030,138.0870,0.0000,0.0000,1549.9950
198,1,1,1,64.1720,165.2620,0.0000,966.3570,194.9100,135.9080,0.0000,0.0000,1526.6090
199,1,1,1,62.4130,165.8090,0.0000,978.1170,195.8280,136.7880,0.0000,0.0000,1538.9550
200,0,1,0,63.4090,165.7300,0.0000,976.5780,193.8650,136.2470,0.0000,0.0000,1535.8290
201,1,1,1,62.0920,164.6220,0.0000,971.9440,195.0280,134.5970,0.0000,0.0000,1528.2830
202,1,1,1,63.0270,165.5940,0.0000,970.9790,193.4030,189.1940,0.0000,0.0000,1582.1970
203,1,1,1,68.0060,171.6860,0.0000,979.5260,197.9690,140.0370,0.0000,0.0000,1557.2240
204,1,1,1,63.5880,166.6280,0.0000,968.2340,194.1600,138.2950,0.0000,0.0000,1530.9050
205,1,1,1,63.1880,164.7260,0.0000,963.2120,194.4180,136.3260,0.0000,0.0000,1521.8700
206,1,1,1,62.5720,165.9140,0.0000,975.8530,193.9450,137.7420,0.0000,0.0000,1536.0260
207,1,1,1,63.8530,164.4000,0.0000,978.0560,194.8120,137.0330,0.0000,0.0000,1538.1540
208,1,1,1,63.7420,165.5870,0.0000,977.1320,193.7290,136.8120,0.0000,0.0000,1537.0020
209,0,1,0,62.2530,173.5570,0.0000,966.2830,197.3050,138.9720,0.0000,0.0000,1538.3700
210,1,1,1,64.9910,165.2990,0.0000,975.7970,196.2770,139.5260,0.0000,0.0000,1541.8900
211,1,1,1,61.9390,164.3880,0.0000,963.5510,193.5010,138.5230,0.0000,0.0000,1521.9020
212,1,1,1,64.1170,165.7360,0.0000,974.3630,196.1110,136.5290,0.0000,0.0000,1536.8560
213,0,1,0,62.8180,166.5170,0.0000,978.7940,195.3420,135.9820,0.0000,0.0000,1539.4530
214,1,1,1,62.0000,165.5450,0.0000,973.5510,192.3870,136.3630,0.0000,0.0000,1529.8460
215,0,1,0,62.4000,208.6400,0.0000,976.4740,200.0560,139.1750,0.0000,0.0000,1586.7450
216,1,1,1,62.2030,168.2340,0.0000,978.3080,194.6520,138.0980,0.0000,0.0000,1541.4950
217,1,1,1,63.6000,168.9910,0.0000,973.0340,194.4680,136.2520,0.0000,0.0000,1536.3450
218,0,1,0,62.8120,164.9600,0.0000,974.3320,194.5110,136.4490,0.0000,0.0000,1533.0640
219,1,1,1,62.9100,165.7660,0.0000,975.2430,195.4710,137.5570,0.0000,0.0000,1536.9470
220,1,1,1,62.5290,165.6550,0.0000,975.0830,196.4610,136.4130,0.0000,0.0000,1536.1410
221,1,1,1,63.3730,165.4030,0.0000,967.3110,202.4930,139.4210,0.0000,0.0000,1538.0010
222,1,1,1,63.7720,168.1110,0.0000,964.0740,196.4180,137.0090,0.0000,0.0000,1529.3840
223,1,1,1,63.1080,165.6250,0.0000,968.6950,194.2400,135.6060,0.0000,0.0000,1527.2740
224,0,1,0,63.0950,167.3480,0.0000,975.2190,193.2730,135.4340,0.0000,0.0000,1534.3690
225,1,1,1,62.5170,164.0120,0.0000,973.5390,195.7290,135.7170,0.0000,0.0000,1531.5140
226,0,1,0,62.3260,165.4220,0.0000,973.8700,193.6240,136.5110,0.0000,0.0000,1531.7530
227,1,1,1,62.6770,166.0130,0.0000,966.0990,204.1660,139.2000,0.0000,0.0000,1538.1550
228,1,1,1,63.5200,167.9320,0.0000,978.3080,196.3260,137.4220,0.0000,0.0000,1543.5080
229,1,1,1,63.7170,167.2560,0.0000,971.5760,194.7880,136.4250,0.0000,0.0000,1533.7620
230,1,1,1,64.2530,165.4220,0.0000,977.1820,194.8180,136.6590,0.0000,0.0000,1538.3340
231,1,1,1,62.5850,165.2550,0.0000,975.2370,194.8060,137.7540,0.0000,0.0000,1535.6370
232,1,1,1,64.9170,163.7110,0.0000,973.9320,193.7110,138.6710,0.0000,0.0000,1534.9420
233,1,1,1,62.4800,164.4920,0.0000,967.7910,203.9880,138.3380,0.0000,0.0000,1537.0890
234,1,1,0,62.5780,169.3910,0.0000,977.2120,195.8770,134.7330,0.0000,0.0000,1539.7910
235,1,1,1,63.5380,165.7050,0.0000,973.9200,194.9290,135.5510,0.0000,0.0000,1533.6430
236,1,1,1,65.0590,166.1040,0.0000,964.7690,196.5910,136.8190,0.0000,0.0000,1529.3420
237,1,1,1,62.2150,163.7160,0.0000,974.7440,195.0460,135.9140,0.0000,0.0000,1531.6350
238,1,1,1,64.1720,164.3440,0.0000,973.6740,195.3470,137.3290,0.0000,0.0000,1534.8660
239,1,1,1,64.4860,164.7130,0.0000,964.8190,203.9380,139.7970,0.0000,0.0000,1537.7530
240,1,1,1,64.1850,167.9510,0.0000,971.9750,199.0890,137.8460,0.0000,0.0000,1541.0460
241,1,1,1,62.7260,165.4330,0.0000,979.4900,195.6800,135.4890,0.0000,0.0000,1538.8180
242,1,1,1,62.7570,165.5810,0.0000,976.8610,192.5050,136.3010,0.0000,0.0000,1534.0050
243,1,1,1,63.9450,164.5300,0.0000,973.6060,193.6060,133.9760,0.0000,0.0000,1529.6630
244,1,1,1,61.1080,165.0090,0.0000,977.5380,193.2800,135.7420,0.0000,0.0000,1532.6770
245,1,1,1,63.1380,166.6160,0.0000,966.1170,200.3630,138.2150,0.0000,0.0000,1534.4490
246,1,1,1,62.5110,167.4530,0.0000,978.8060,196.0980,137.0530,0.0000,0.0000,1541.9210
247,0,1,0,64.5780,167.2680,0.0000,976.1480,196.4920,136.7690,0.0000,0.0000,1541.2550
248,1,1,1,63.1630,163.4530,0.0000,974.1050,193.8650,136.5360,0.0000,0.0000,1531.1220
249,1,1,1,64.1420,167.1760,0.0000,976.9360,193.2800,137.9260,0.0000,0.0000,1539.4600
250,1,1,1,62.6700,166.0980,0.0000,976.9170,193.9010,135.4400,0.0000,0.0000,1535.0260
251,1,1,1,63.7730,164.8490,0.0000,974.0370,203.3600,139.0900,0.0000,0.0000,1545.1090
252,1,1,1,64.2580,167.7290,0.0000,978.9660,193.6800,139.5330,0.0000,0.0000,1544.1660
253,1,1,1,63.3230,167.4710,0.0000,975.9750,195.0950,134.8490,0.0000,0.0000,1536.7130
254,1,1,1,64.5230,168.8920,0.0000,978.9850,195.9880,136.7330,0.0000,0.0000,1545.1210
255,1,1,1,64.5230,166.7500,0.0000,963.3290,195.9320,138.5660,0.0000,0.0000,1529.1000
256,1,1,1,62.6830,166.9470,0.0000,976.8730,195.1330,136.3260,0.0000,0.0000,1537.9620
257,1,1,1,62.4120,165.6430,0.0000,973.4210,239.8950,143.4830,0.0000,0.0000,1584.8540
258,1,1,1,64.0990,170.8070,0.0000,974.1170,195.9330,138.0190,0.0000,0.0000,1542.9750
259,0,1,0,62.5790,169.2620,0.0000,969.8030,197.8280,137.9140,0.0000,0.0000,1537.3860
260,0,1,0,62.4610,166.4920,0.0000,977.3410,193.6860,137.2370,0.0000,0.0000,1537.2170
261,1,1,1,64.0990,165.9080,0.0000,975.6490,194.4680,136.6830,0.0000,0.0000,1536.8070
262,1,1,1,62.2090,166.2030,0.0000,972.8980,191.4770,136.6830,0.0000,0.0000,1529.4700
263,1,1,1,62.7510,165.7410,0.0000,967.5940,231.4890,140.5110,0.0000,0.0000,1568.0860
264,1,1,1,63.8520,171.3600,0.0000,972.1850,197.0400,138.4500,0.0000,0.0000,1542.8870
265,1,1,1,64.0800,166.0800,0.0000,978.7750,193.6670,134.8740,0.0000,0.0000,1537.4760
266,1,1,1,62.3690,165.4340,0.0000,974.3690,192.9730,136.8370,0.0000,0.0000,1531.9820
267,1,1,1,61.7720,165.1940,0.0000,972.7760,194.2710,135.5750,0.0000,0.0000,1529.5880
268,1,1,1,63.3540,163.7730,0.0000,973.5260,192.9910,134.6890,0.0000,0.0000,1528.3330
269,1,1,1,63.5690,165.4830,0.0000,975.4890,193.4710,364.1240,0.0000,0.0000,1762.1360
270,1,1,1,74.2090,193.6000,0.0000,981.0340,206.3260,149.5380,0.0000,0.0000,1604.7070
271,1,1,1,65.5380,172.4300,0.0000,974.7260,199.2000,140.4610,0.0000,0.0000,1552.3550
272,1,1,1,64.6700,170.6090,0.0000,974.0240,196.1530,137.4830,0.0000,0.0000,1542.9390
273,1,1,1,63.8460,167.9320,0.0000,979.8890,194.7200,136.6710,0.0000,0.0000,1543.0580
274,1,1,1,63.4400,164.6220,0.0000,976.3880,196.6220,137.0280,0.0000,0.0000,1538.1000
275,0,1,0,62.0060,165.8950,0.0000,978.5850,257.4520,141.4220,0.0000,0.0000,1605.3600
276,1,1,1,66.6340,172.5540,0.0000,975.8090,200.7760,139.2620,0.0000,0.0000,1555.0350
277,1,1,1,63.5450,168.1790,0.0000,972.6210,194.1050,137.1140,0.0000,0.0000,1535.5640
278,0,1,0,62.7690,164.9600,0.0000,975.7420,193.7110,136.6770,0.0000,0.0000,1533.8590
279,1,1,1,62.8920,165.6300,0.0000,972.5660,194.8060,138.0740,0.0000,0.0000,1533.9680
280,1,1,0,64.4310,165.3170,0.0000,972.1230,195.2180,136.8240,0.0000,0.0000,1533.9130
281,1,1,1,62.6710,167.6730,0.0000,975.9690,195.9200,148.1660,0.0000,0.0000,1550.3990
282,1,1,1,63.8160,170.1840,0.0000,974.1290,196.8000,138.8250,0.0000,0.0000,1543.7540
283,1,1,1,64.7080,167.4520,0.0000,973.6000,194.1720,137.5940,0.0000,0.0000,1537.5260
284,1,1,1,63.4160,165.7160,0.0000,976.5410,193.0710,136.0740,0.0000,0.0000,1534.8180
285,1,1,1,64.4070,164.9660,0.0000,965.0770,194.2950,134.0060,0.0000,0.0000,1522.7510
286,1,1,1,62.8130,165.5200,0.0000,972.2890,194.3080,137.2060,0.0000,0.0000,1532.1360
287,1,1,1,62.9230,163.8580,0.0000,962.3260,192.2090,178.9790,0.0000,0.0000,1560.2950
288,0,1,0,69.1880,172.0180,0.0000,976.2090,197.6120,141.1760,0.0000,0.0000,1556.2030
289,1,1,1,63.3480,167.2740,0.0000,975.1450,193.9010,135.5630,0.0000,0.0000,1535.2310
290,1,1,1,62.7810,166.1040,0.0000,976.6950,195.7100,137.9390,0.0000,0.0000,1539.2290
291,1,1,1,62.5290,164.3200,0.0000,971.2060,192.7390,136.4240,0.0000,0.0000,1527.2180
292,1,1,1,62.4740,164.2030,0.0000,977.7720,191.6000,136.1360,0.0000,0.0000,1532.1850
293,1,1,1,64.1040,164.0360,0.0000,970.3260,194.0800,135.0090,0.0000,0.0000,1527.5550
294,1,1,1,61.6060,172.5480,0.0000,976.4190,196.3450,138.3510,0.0000,0.0000,1545.2690
295,1,1,1,64.4980,166.0680,0.0000,973.6240,195.0460,136.8250,0.0000,0.0000,1536.0610
296,1,1,1,63.9070,164.2770,0.0000,973.9080,192.9730,138.2090,0.0000,0.0000,1533.2740
297,1,1,1,63.7660,165.2370,0.0000,971.1500,194.4310,137.0460,0.0000,0.0000,1531.6300
298,1,1,1,62.2340,165.6680,0.0000,976.1900,194.3880,136.6270,0.0000,0.0000,1535.1070
299,0,1,0,63.6180,164.1350,0.0000,978.7510,195.5570,134.6830,0.0000,0.0000,1536.7440
300,1,1,1,62.9480,216.1290,0.0000,974.8560,199.2490,136.6460,0.0000,0.0000,1589.8280
301,1,1,1,63.8590,167.8590,0.0000,974.5850,197.5700,138.3820,0.0000,0.0000,1542.2550
302,1,1,1,63.8460,164.2830,0.0000,972.0430,195.1260,135.6310,0.0000,0.0000,1530.9290
303,1,1,1,64.1780,164.1670,0.0000,974.3510,194.1290,136.9160,0.0000,0.0000,1533.7410
304,1,1,1,64.3140,164.4130,0.0000,973.5700,192.6890,134.5540,0.0000,0.0000,1529.5400
305,1,1,1,63.1510,164.7440,0.0000,974.0310,193.8710,135.4770,0.0000,0.0000,1531.2740
306,1,1,1,62.8920,165.4460,0.0000,962.1970,200.8670,139.8590,0.0000,0.0000,1531.2610
307,1,1,1,64.8120,168.5900,0.0000,974.0980,195.0890,138.3450,0.0000,0.0000,1540.9340
308,1,1,1,63.2190,166.5660,0.0000,963.7850,193.0090,137.5020,0.0000,0.0000,1524.0810
309,1,1,1,63.1140,166.4730,0.0000,972.8490,195.0650,134.5170,0.0000,0.0000,1532.0180
310,1,1,0,62.3760,166.4000,0.0000,973.4890,193.6190,135.9070,0.0000,0.0000,1531.7910
311,1,1,1,64.7750,165.5200,0.0000,972.8860,197.0210,136.5230,0.0000,0.0000,1536.7250
312,1,1,1,63.3720,166.6580,0.0000,963.2800,205.6990,139.6930,0.0000,0.0000,1538.7020
313,1,1,1,64.7880,168.5050,0.0000,979.2800,198.1910,137.2550,0.0000,0.0000,1548.0190
314,1,1,1,63.1880,167.7230,0.0000,978.7080,194.4620,135.1810,0.0000,0.0000,1539.2620
315,1,1,1,63.4280,165.6550,0.0000,977.1200,193.7780,136.8370,0.0000,0.0000,1536.8180
316,1,1,1,62.8000,164.2400,0.0000,974.2280,194.2340,137.9070,0.0000,0.0000,1533.4090
317,1,1,0,61.4160,165.5570,0.0000,975.0030,193.4520,135.8710,0.0000,0.0000,1531.2990
318,1,1,1,63.3480,165.2800,0.0000,979.2860,200.6950,139.7290,0.0000,0.0000,1548.3380
319,0,1,0,63.2980,167.1870,0.0000,973.4030,194.7260,139.6250,0.0000,0.0000,1538.2390
320,1,1,1,64.1970,164.8610,0.0000,974.7330,192.9780,137.0650,0.0000,0.0000,1533.8340
321,1,1,1,63.0890,166.2900,0.0000,973.2800,194.0060,138.2340,0.0000,0.0000,1534.8990
322,1,1,1,63.4890,164.3200,0.0000,975.2920,193.5810,137.0150,0.0000,0.0000,1533.6970
323,1,1,1,63.5630,165.0160,0.0000,972.4180,195.8220,135.7910,0.0000,0.0000,1532.6100
324,1,1,1,63.4160,163.6440,0.0000,979.6680,201.8150,138.5660,0.0000,0.0000,1547.1090
325,1,1,1,63.0900,166.7870,0.0000,973.3910,196.0930,137.4150,0.0000,0.0000,1536.7760
326,1,1,1,65.2060,164.6950,0.0000,973.4650,195.9200,137.2990,0.0000,0.0000,1536.5850
327,1,1,1,64.2210,165.3600,0.0000,977.5940,194.5660,136.8430,0.0000,0.0000,1538.5840
328,1,1,1,63.2920,164.6890,0.0000,966.5470,192.1050,134.7630,0.0000,0.0000,1521.3960
329,1,1,1,63.2560,166.0990,0.0000,974.4190,192.6830,136.8120,0.0000,0.0000,1533.2690
330,1,1,1,65.1450,165.5690,0.0000,971.4330,203.3480,140.2470,0.0000,0.0000,1545.7420
331,1,1,1,63.2610,168.4060,0.0000,963.7790,195.6120,136.4180,0.0000,0.0000,1527.4760
332,1,1,1,63.4650,165.0590,0.0000,970.2150,196.2770,135.0770,0.0000,0.0000,1530.0930
333,0,1,0,63.3470,165.4710,0.0000,974.4370,192.5600,135.2800,0.0000,0.0000,1531.0950
334,1,1,1,62.7880,163.8710,0.0000,974.9900,195.4270,135.8890,0.0000,0.0000,1532.9650
335,1,1,1,62.6950,165.3910,0.0000,974.1350,193.4650,135.0830,0.0000,0.0000,1530.7690
336,1,1,1,62.8500,165.3350,0.0000,974.6400,201.1930,139.2490,0.0000,0.0000,1543.2670
337,0,1,1,63.5510,168.9230,0.0000,973.8340,194.1290,136.1410,0.0000,0.0000,1536.5780
338,1,1,1,65.2370,165.0710,0.0000,972.1290,195.1810,138.2330,0.0000,0.0000,1535.8510
339,1,1,1,62.0980,167.0210,0.0000,964.1600,195.5260,136.0060,0.0000,0.0000,1524.8110
340,1,1,1,61.9080,165.4960,0.0000,973.3790,194.2220,136.8490,0.0000,0.0000,1531.8540
341,1,1,1,62.2890,164.6710,0.0000,974.1720,194.0060,137.0160,0.0000,0.0000,1532.1540
342,1,1,1,65.1010,164.0000,0.0000,963.0520,237.3540,139.7360,0.0000,0.0000,1569.2430
343,1,1,1,64.3380,167.3410,0.0000,976.5300,195.1750,135.5570,0.0000,0.0000,1538.9410
344,1,1,1,64.1600,164.3320,0.0000,971.5080,194.5530,135.5690,0.0000,0.0000,1530.1220
345,1,1,1,63.6300,165.4340,0.0000,975.4100,194.5480,136.9790,0.0000,0.0000,1536.0010
346,1,1,1,63.6560,167.1690,0.0000,976.0740,194.3880,134.8060,0.0000,0.0000,1536.0930
347,1,1,1,63.8270,166.4060,0.0000,972.1970,195.2920,136.2900,0.0000,0.0000,1534.0120
348,1,1,1,62.5790,164.8610,0.0000,979.3290,246.7450,141.5390,0.0000,0.0000,1595.0530
349,1,1,1,64.1110,170.4980,0.0000,978.7380,198.4060,137.4160,0.0000,0.0000,1549.1690
350,1,1,1,63.0210,166.7880,0.0000,978.5110,193.9690,136.8370,0.0000,0.0000,1539.1260
351,1,1,0,64.3450,164.4490,0.0000,978.8680,196.3510,136.2580,0.0000,0.0000,1540.2710
352,1,1,1,62.0620,164.4980,0.0000,975.0090,193.2620,137.1200,0.0000,0.0000,1531.9510
353,1,1,1,62.1600,166.1850,0.0000,970.4550,193.6680,136.2400,0.0000,0.0000,1528.7080
354,1,1,1,63.8090,167.0330,0.0000,976.1540,192.1900,177.2800,0.0000,0.0000,1576.4660
355,0,1,0,64.7380,170.8980,0.0000,973.2990,197.7420,136.8990,0.0000,0.0000,1543.5760
356,1,1,1,64.4060,168.2030,0.0000,975.4220,195.8150,136.1480,0.0000,0.0000,1539.9940
357,1,1,1,64.0000,164.7760,0.0000,972.2400,194.9420,135.0460,0.0000,0.0000,1531.0040
358,1,1,1,61.2860,165.7170,0.0000,971.7480,196.1720,137.5880,0.0000,0.0000,1532.5110
359,1,1,1,62.0120,165.8400,0.0000,975.3110,193.7720,135.7230,0.0000,0.0000,1532.6580
360,1,1,1,62.4490,165.3480,0.0000,974.9230,195.4340,136.5300,0.0000,0.0000,1534.6840
361,1,1,1,104.4180,170.7510,0.0000,973.7540,195.6800,138.6830,0.0000,0.0000,1583.2860
362,1,1,1,64.5170,168.3510,0.0000,975.4100,194.6210,136.1540,0.0000,0.0000,1539.0530
363,1,1,1,62.4250,165.2430,0.0000,963.9080,192.4920,137.2190,0.0000,0.0000,1521.2870
364,0,1,0,63.6360,165.9390,0.0000,973.0030,194.6830,137.2000,0.0000,0.0000,1534.4610
365,1,1,1,63.7970,165.1570,0.0000,975.7910,192.7570,135.5810,0.0000,0.0000,1533.0830
366,1,1,1,62.8250,165.6180,0.0000,975.6060,193.2800,136.7200,0.0000,0.0000,1534.0490
367,1,1,1,64.5970,217.1570,0.0000,968.7760,200.9360,140.1470,0.0000,0.0000,1591.6130
368,1,1,1,64.1790,169.4030,0.0000,965.3170,195.0900,136.7320,0.0000,0.0000,1530.7210
369,1,1,1,63.7230,165.8640,0.0000,977.2000,194.9040,138.1040,0.0000,0.0000,1539.7950
370,1,1,1,64.5110,167.0270,0.0000,967.9820,193.2800,138.2580,0.0000,0.0000,1531.0580
371,1,1,1,62.7810,166.1840,0.0000,975.8160,196.5600,137.0830,0.0000,0.0000,1538.4240
372,1,1,1,62.0500,166.1540,0.0000,971.6180,194.5660,136.4610,0.0000,0.0000,1530.8490
373,1,1,1,62.1850,165.2860,0.0000,1018.2090,203.0460,139.2130,0.0000,0.0000,1587.9390
374,1,1,1,63.6920,168.9660,0.0000,973.9630,195.4150,138.5410,0.0000,0.0000,1540.5770
375,1,1,1,62.6400,169.1450,0.0000,978.5850,194.8060,134.6770,0.0000,0.0000,1539.8530
376,1,1,1,64.2700,164.6580,0.0000,975.7050,195.2130,135.8280,0.0000,0.0000,1535.6740
377,1,1,1,62.9110,164.3010,0.0000,978.9110,194.4120,137.7290,0.0000,0.0000,1538.2640
378,1,1,1,65.9080,165.3720,0.0000,971.8090,194.2770,136.0310,0.0000,0.0000,1533.3970
379,1,1,1,63.2120,164.0610,0.0000,976.0190,201.6500,138.3880,0.0000,0.0000,1543.3300
380,1,1,1,62.9720,166.5100,0.0000,972.5660,196.1420,138.4370,0.0000,0.0000,1536.6270
381,0,1,0,62.6770,165.6740,0.0000,962.6220,194.1540,136.8670,0.0000,0.0000,1521.9940
382,1,1,1,63.6250,165.2370,0.0000,968.4000,194.9420,137.0950,0.0000,0.0000,1529.2990
383,1,1,1,63.0210,165.8890,0.0000,970.1170,195.6240,135.4470,0.0000,0.0000,1530.0980
384,1,1,1,62.6270,164.0000,0.0000,976.6220,193.2610,135.0220,0.0000,0.0000,1531.5320
385,0,1,0,62.7260,165.2430,0.0000,968.3820,202.7020,139.7540,0.0000,0.0000,1538.8070
386,1,1,1,64.3140,170.5110,0.0000,976.9720,194.7820,138.5600,0.0000,0.0000,1545.1390
387,1,1,1,64.1600,165.5750,0.0000,971.9140,194.9790,134.9410,0.0000,0.0000,1531.5690
388,1,1,1,63.5010,163.3840,0.0000,976.1780,196.9170,134.9970,0.0000,0.0000,1534.9770
389,1,1,1,63.3290,166.3880,0.0000,974.9780,192.4560,138.1660,0.0000,0.0000,1535.3170
390,1,1,1,62.0680,165.4400,0.0000,970.6340,194.8120,137.1320,0.0000,0.0000,1530.0860
391,1,1,1,62.8490,167.3600,0.0000,976.5050,203.1390,139.3780,0.0000,0.0000,1549.2310
392,1,1,0,64.4920,168.2760,0.0000,971.6680,197.4280,137.1570,0.0000,0.0000,1539.0210
393,1,1,1,62.8430,168.6770,0.0000,968.0120,193.7540,136.1600,0.0000,0.0000,1529.4460
394,1,1,1,64.5170,166.7820,0.0000,978.0250,192.7380,135.3910,0.0000,0.0000,1537.4530
395,1,1,1,62.6150,165.2860,0.0000,974.4560,193.5630,134.2830,0.0000,0.0000,1530.2030
396,1,1,1,61.9140,165.8090,0.0000,975.6250,193.0460,135.9070,0.0000,0.0000,1532.3010
397,1,1,1,63.3970,164.4730,0.0000,966.8740,204.0740,138.6460,0.0000,0.0000,1537.4640
398,1,1,1,61.7170,169.6430,0.0000,970.5790,195.5750,135.0270,0.0000,0.0000,1532.5410
399,1,1,1,61.2490,168.2960,0.0000,978.5480,192.8430,135.0090,0.0000,0.0000,1535.9450
400,1,1,1,63.1690,166.0250,0.0000,978.3260,193.7600,136.1970,0.0000,0.0000,1537.4770
401,1,1,1,61.9380,164.4990,0.0000,978.7080,193.6000,136.9170,0.0000,0.0000,1535.6620
402,1,1,1,63.7660,165.2680,0.0000,970.7330,195.5080,136.4060,0.0000,0.0000,1531.6810
403,1,1,1,63.1690,165.2980,0.0000,965.6430,201.7790,140.1900,0.0000,0.0000,1536.0790
404,1,1,1,63.3970,167.1380,0.0000,968.1300,196.1110,136.0610,0.0000,0.0000,1530.8370
405,1,1,0,62.6520,164.5170,0.0000,972.9840,195.9940,137.5510,0.0000,0.0000,1533.6980
406,1,1,1,62.1970,166.5660,0.0000,966.3880,195.2920,136.4610,0.0000,0.0000,1526.9040
407,1,1,1,62.6580,165.5760,0.0000,970.8680,194.5730,137.3540,0.0000,0.0000,1531.0290
408,1,1,1,63.3230,163.5140,0.0000,977.6310,196.4620,136.6400,0.0000,0.0000,1537.5700
409,1,1,1,60.5230,166.3010,0.0000,1020.4560,200.9600,138.6460,0.0000,0.0000,1586.8860
410,1,1,1,63.3970,167.6550,0.0000,975.9080,195.2370,136.7630,0.0000,0.0000,1538.9600
411,1,1,1,63.7660,167.4770,0.0000,963.0460,194.3140,136.7570,0.0000,0.0000,1525.3600
412,1,1,0,64.8980,165.1750,0.0000,977.1080,195.6620,136.0430,0.0000,0.0000,1538.8860
413,0,1,0,62.4550,165.4150,0.0000,973.3230,193.7600,135.4400,0.0000,0.0000,1530.3930
414,1,1,1,62.1780,164.1600,0.0000,972.6900,194.7140,136.0250,0.0000,0.0000,1529.7670
415,1,1,1,65.1500,163.6800,0.0000,973.2060,278.6460,148.4860,0.0000,0.0000,1629.1680
416,1,1,1,67.1260,181.1510,0.0000,981.5020,202.5910,141.7480,0.0000,0.0000,1574.1180
417,1,1,1,64.7020,170.2830,0.0000,979.6930,194.1540,136.3260,0.0000,0.0000,1545.1580
418,0,1,0,63.3050,165.1020,0.0000,977.5750,195.9010,137.5380,0.0000,0.0000,1539.4210
419,1,1,1,63.0770,166.9360,0.0000,974.1970,193.4900,136.4860,0.0000,0.0000,1534.1860
420,0,1,0,64.0240,165.7790,0.0000,970.6710,194.4860,136.9670,0.0000,0.0000,1531.9270
421,1,1,0,62.0250,164.9170,0.0000,979.1080,265.0470,141.0770,0.0000,0.0000,1612.1740
422,1,1,1,64.7700,174.5050,0.0000,978.7760,198.4310,140.1780,0.0000,0.0000,1556.6600
423,1,1,1,65.5260,167.1200,0.0000,974.2090,196.6960,136.4190,0.0000,0.0000,1539.9700
424,0,1,0,63.0830,165.0770,0.0000,979.5200,193.0640,139.1690,0.0000,0.0000,1539.9130
425,1,1,1,61.8460,167.9080,0.0000,973.0100,194.5170,134.9290,0.0000,0.0000,1532.2100
426,1,1,1,64.0370,163.7470,0.0000,976.2090,195.7290,135.5760,0.0000,0.0000,1535.2980
427,1,1,1,63.8030,164.7880,0.0000,975.7540,236.0680,139.9880,0.0000,0.0000,1580.4010
428,1,1,1,63.5690,169.6310,0.0000,975.3110,197.5140,136.0250,0.0000,0.0000,1542.0500
429,1,1,0,63.2740,167.4270,0.0000,975.8460,195.0400,135.6130,0.0000,0.0000,1537.2000
430,1,1,1,63.4220,165.9260,0.0000,977.0090,193.4030,136.1350,0.0000,0.0000,1535.8950
431,1,1,1,63.2120,167.2060,0.0000,962.9720,195.5750,135.5080,0.0000,0.0000,1524.4730
432,1,1,1,63.1320,163.5070,0.0000,973.9870,193.1630,135.7110,0.0000,0.0000,1529.5000
433,1,1,1,61.9130,164.0430,0.0000,976.8740,193.8710,190.1300,0.0000,0.0000,1586.8310
434,1,1,1,64.6960,172.0500,0.0000,978.6090,199.1330,137.4030,0.0000,0.0000,1551.8910
435,1,1,1,62.8130,165.1630,0.0000,978.7320,196.3630,138.7820,0.0000,0.0000,1541.8530
436,0,1,0,65.7470,165.7170,0.0000,970.6460,194.6710,136.2830,0.0000,0.0000,1533.0640
437,1,1,1,64.2030,165.6550,0.0000,973.4830,195.3970,135.1630,0.0000,0.0000,1533.9010
438,0,1,0,63.0400,165.9870,0.0000,972.7500,193.8400,138.0800,0.0000,0.0000,1533.6970
439,1,1,1,61.4210,163.4770,0.0000,975.4770,194.8550,135.2490,0.0000,0.0000,1530.4790
440,1,1,1,104.8360,170.3760,0.0000,977.6490,196.9540,137.0340,0.0000,0.0000,1586.8490
441,1,1,0,63.4220,166.2330,0.0000,976.2770,194.8550,136.1600,0.0000,0.0000,1536.9470
442,1,1,1,61.9260,164.6270,0.0000,976.6890,191.7360,136.1970,0.0000,0.0000,1531.1750
443,1,1,1,63.2680,163.0090,0.0000,973.9510,193.9440,135.0830,0.0000,0.0000,1529.2550
444,1,1,1,62.7020,163.9880,0.0000,977.1700,194.1110,137.1940,0.0000,0.0000,1535.1650
445,1,1,1,62.5420,163.5940,0.0000,963.0270,196.1350,133.6000,0.0000,0.0000,1518.8980
446,0,1,0,63.6870,206.6770,0.0000,966.6150,199.0770,139.7720,0.0000,0.0000,1575.8280
447,1,1,1,64.5290,167.2000,0.0000,972.5480,193.9690,137.5500,0.0000,0.0000,1535.7960
448,1,1,1,63.2250,164.4310,0.0000,975.8280,194.3630,136.7140,0.0000,0.0000,1534.5610
449,0,1,0,62.5910,165.6620,0.0000,971.7420,193.2250,135.6360,0.0000,0.0000,1528.8560
450,1,1,1,63.5640,164.7390,0.0000,974.0060,194.3080,135.7230,0.0000,0.0000,1532.3400
451,1,1,1,62.8860,164.5290,0.0000,973.0900,196.8000,135.1200,0.0000,0.0000,1532.4250
452,1,1,1,61.9140,164.5900,0.0000,976.2280,205.7230,139.2500,0.0000,0.0000,1547.7050
453,1,1,1,65.3290,166.5360,0.0000,969.7970,196.0610,138.5900,0.0000,0.0000,1536.3130
454,0,1,0,63.0580,166.2340,0.0000,966.2340,194.7690,135.7040,0.0000,0.0000,1525.9990
455,1,1,1,62.7270,167.2180,0.0000,978.7260,196.6470,137.6560,0.0000,0.0000,1542.9740
456,1,1,1,63.7660,164.6890,0.0000,979.4890,193.3660,135.8710,0.0000,0.0000,1537.1810
457,1,1,1,62.4610,167.3480,0.0000,976.1300,193.4460,134.2400,0.0000,0.0000,1533.6250
458,1,1,1,62.2950,165.6680,0.0000,977.6370,204.0000,137.3420,0.0000,0.0000,1546.9420
459,0,1,1,64.8310,168.4130,0.0000,966.6640,196.8000,139.2130,0.0000,0.0000,1535.9210
460,1,1,1,62.7630,166.8490,0.0000,972.8000,194.7940,134.9110,0.0000,0.0000,1532.1170
461,1,1,1,64.0670,164.2960,0.0000,976.7080,194.3570,137.3100,0.0000,0.0000,1536.7380
462,0,1,0,63.1630,166.1600,0.0000,970.6340,195.0340,136.3020,0.0000,0.0000,1531.2930
463,1,1,1,63.1260,165.2490,0.0000,974.8670,195.1380,136.7260,0.0000,0.0000,1535.1060
464,1,1,1,62.8060,163.8090,0.0000,974.1420,204.7260,139.2180,0.0000,0.0000,1544.7010
465,1,1,1,63.2860,168.8060,0.0000,974.9600,194.9410,137.0340,0.0000,0.0000,1539.0270
466,1,1,1,64.0000,165.8030,0.0000,963.7230,193.6990,137.6860,0.0000,0.0000,1524.9110
467,1,1,1,62.2770,165.8530,0.0000,974.8180,192.4550,136.3700,0.0000,0.0000,1531.7730
468,1,1,1,64.1040,165.1510,0.0000,978.3330,193.6920,134.8120,0.0000,0.0000,1536.0920
469,1,1,1,63.2490,164.7200,0.0000,973.5700,195.3480,137.9320,0.0000,0.0000,1534.8190
470,1,1,1,65.2610,164.7880,0.0000,977.5020,202.2400,138.6030,0.0000,0.0000,1548.3940
471,1,1,1,62.2520,168.6330,0.0000,975.1510,195.1260,136.5720,0.0000,0.0000,1537.7340
472,1,1,1,63.2310,165.0530,0.0000,964.5040,193.6550,135.2310,0.0000,0.0000,1521.6740
473,1,1,1,64.3510,165.8400,0.0000,970.9850,194.2030,137.1570,0.0000,0.0000,1532.5360
474,0,1,1,62.5600,163.0710,0.0000,978.6030,194.2220,135.6860,0.0000,0.0000,1534.1420
475,1,1,1,63.2250,163.4280,0.0000,973.1570,193.8100,134.1720,0.0000,0.0000,1527.7920
476,0,1,1,61.5570,165.0030,0.0000,976.2400,200.5600,137.6740,0.0000,0.0000,1541.0340
477,1,1,1,62.9230,163.7840,0.0000,974.2150,196.2900,136.1110,0.0000,0.0000,1533.3230
478,0,1,0,64.6030,165.8770,0.0000,978.7200,195.4340,135.4960,0.0000,0.0000,1540.1300
479,1,1,1,61.0830,165.0890,0.0000,973.3170,196.6150,135.1750,0.0000,0.0000,1531.2790
480,1,1,1,63.6310,166.6030,0.0000,971.7970,194.3450,136.6030,0.0000,0.0000,1532.9790
481,1,1,1,64.9040,163.7850,0.0000,962.7510,194.7450,135.6620,0.0000,0.0000,1521.8470
482,1,1,1,62.0310,163.6370,0.0000,971.2560,201.0770,138.0430,0.0000,0.0000,1536.0440
483,1,1,1,64.1970,168.6460,0.0000,972.7260,199.6180,138.2280,0.0000,0.0000,1543.4150
484,1,1,1,62.9540,167.0470,0.0000,972.3820,196.0800,138.0180,0.0000,0.0000,1536.4810
485,1,1,0,63.8400,165.7910,0.0000,976.6650,194.1290,135.8330,0.0000,0.0000,1536.2580
486,1,1,1,64.7010,165.4710,0.0000,972.1110,193.6620,136.1290,0.0000,0.0000,1532.0740
487,1,1,1,63.3290,163.8210,0.0000,978.8550,193.3850,135.2740,0.0000,0.0000,1534.6640
488,1,1,0,62.4610,164.5050,0.0000,974.0310,237.6860,138.5110,0.0000,0.0000,1577.1940
489,1,1,1,62.3510,166.4180,0.0000,974.1910,196.8680,137.6130,0.0000,0.0000,1537.4410
490,1,1,1,62.2090,166.5850,0.0000,975.1880,194.8670,136.5530,0.0000,0.0000,1535.4020
491,1,1,1,62.6400,165.7300,0.0000,974.0990,195.6740,137.2310,0.0000,0.0000,1535.3740
492,0,1,0,62.6340,165.8890,0.0000,970.1600,193.7850,135.5390,0.0000,0.0000,1528.0070
493,1,1,1,63.6980,163.2370,0.0000,976.9720,195.6060,135.1940,0.0000,0.0000,1534.7070
494,0,1,0,64.9970,166.1600,0.0000,968.2150,247.5760,145.3160,0.0000,0.0000,1592.2640
495,1,1,1,63.9940,171.2310,0.0000,974.9910,198.5110,138.5910,0.0000,0.0000,1547.3180
496,1,1,1,64.4240,168.0550,0.0000,972.6640,194.9290,135.6490,0.0000,0.0000,1535.7210
497,1,1,1,62.5480,163.8520,0.0000,976.1720,194.9600,135.8710,0.0000,0.0000,1533.4030
498,1,1,1,63.2620,165.5570,0.0000,970.7440,192.8990,137.3420,0.0000,0.0000,1529.8040
499,1,1,1,64.4180,165.2800,0.0000,974.2030,193.2430,135.6740,0.0000,0.0000,1532.8180
500,1,1,1,62.9850,165.6620,0.0000,974.8680,193.7850,186.9660,0.0000,0.0000,1584.2660
501,1,1,1,64.7690,170.3010,0.0000,975.6370,195.6800,136.0490,0.0000,0.0000,1542.4360
502,1,1,1,64.5910,169.5630,0.0000,972.7440,197.6310,137.8400,0.0000,0.0000,1542.3690
503,1,1,1,61.8520,165.9880,0.0000,974.3010,195.0830,137.2730,0.0000,0.0000,1534.4970
504,1,1,1,62.4920,163.3480,0.0000,970.4980,195.5330,136.4370,0.0000,0.0000,1528.3080
505,1,1,1,63.0400,165.0890,0.0000,970.6030,194.6580,134.6040,0.0000,0.0000,1527.9940
506,1,1,1,61.6250,164.2590,0.0000,963.8770,194.3260,137.0030,0.0000,0.0000,1521.0900
507,0,1,0,101.3730,170.4740,0.0000,979.5630,196.3750,136.8310,0.0000,0.0000,1584.6160
508,1,1,1,62.1720,169.4890,0.0000,977.1690,193.6680,137.5930,0.0000,0.0000,1540.0910
509,1,1,1,63.2800,164.1970,0.0000,975.9390,195.2370,135.7780,0.0000,0.0000,1534.4310
510,1,1,1,64.4120,164.4190,0.0000,974.8060,195.2860,137.2190,0.0000,0.0000,1536.1420
511,1,1,1,63.7600,164.0980,0.0000,973.9080,194.1910,136.7020,0.0000,0.0000,1532.6590
512,1,1,0,62.9110,164.8550,0.0000,973.8150,195.1870,136.7020,0.0000,0.0000,1533.4700
513,1,1,1,61.9450,218.4560,0.0000,975.6920,199.8340,137.5510,0.0000,0.0000,1593.4780
514,1,1,1,65.4340,166.7450,0.0000,971.0770,196.2340,136.7130,0.0000,0.0000,1536.2030
515,1,1,1,66.1600,167.9570,0.0000,972.2210,195.5630,135.2190,0.0000,0.0000,1537.1200
516,1,1,1,62.9170,165.3170,0.0000,973.3420,195.6000,136.1540,0.0000,0.0000,1533.3300
517,0,1,0,64.3380,165.7660,0.0000,977.4400,194.9410,135.2800,0.0000,0.0000,1537.7650
518,1,1,1,62.3070,166.9230,0.0000,971.9200,193.9320,136.4250,0.0000,0.0000,1531.5070
519,1,1,1,63.0030,165.0340,0.0000,1014.1670,203.0340,137.6680,0.0000,0.0000,1582.9060
520,1,1,1,62.8740,168.2760,0.0000,971.9010,196.1790,136.8990,0.0000,0.0000,1536.1290
521,1,1,1,62.1230,166.2960,0.0000,976.4430,194.5850,137.1020,0.0000,0.0000,1536.5490
522,1,1,1,64.0240,165.3840,0.0000,977.0710,194.5970,134.9350,0.0000,0.0000,1536.0110
523,1,1,1,62.7570,165.8830,0.0000,976.7570,193.9570,137.1760,0.0000,0.0000,1536.5300
524,1,1,1,62.2030,164.6210,0.0000,970.3260,194.3260,135.7470,0.0000,0.0000,1527.2230
525,1,1,1,62.4670,163.9330,0.0000,975.9200,201.5560,140.0550,0.0000,0.0000,1543.9310
526,1,1,0,64.4920,167.6130,0.0000,976.2650,196.2280,135.6430,0.0000,0.0000,1540.2410
527,1,1,1,64.1720,167.0090,0.0000,963.1260,195.6120,135.9690,0.0000,0.0000,1525.8880
528,1,1,1,63.3910,166.4610,0.0000,975.4280,195.4340,134.5850,0.0000,0.0000,1535.2990
529,1,1,1,63.2430,166.3570,0.0000,975.5760,194.8310,133.9570,0.0000,0.0000,1533.9640
530,1,1,1,61.2250,165.3410,0.0000,969.9880,194.7380,134.6760,0.0000,0.0000,1525.9680
531,1,1,1,61.1750,164.6650,0.0000,974.9970,205.1820,138.8800,0.0000,0.0000,1544.8990
532,1,1,1,63.6250,168.4370,0.0000,973.1080,196.3820,139.1510,0.0000,0.0000,1540.7030
533,1,1,1,65.3480,167.7050,0.0000,973.7170,195.0090,137.3660,0.0000,0.0000,1539.1450
534,0,1,0,63.0210,167.5140,0.0000,971.1080,196.7080,136.7880,0.0000,0.0000,1535.1390
535,1,1,1,63.3910,167.0770,0.0000,969.5510,194.6530,137.5750,0.0000,0.0000,1532.2470
536,0,1,0,62.4430,165.7480,0.0000,975.8160,195.6070,138.2210,0.0000,0.0000,1537.8350
537,1,1,1,63.3170,165.5750,0.0000,964.7500,202.3820,139.3040,0.0000,0.0000,1535.3280
538,1,1,1,64.7010,168.2770,0.0000,974.2830,194.7080,135.8530,0.0000,0.0000,1537.8220
539,1,1,1,62.6150,165.1080,0.0000,963.4650,196.7870,135.3230,0.0000,0.0000,1523.2980
540,1,1,1,63.6240,164.4990,0.0000,974.7320,192.8990,135.6920,0.0000,0.0000,1531.4460
541,1,1,1,63.1510,165.7730,0.0000,977.6560,194.3510,137.1080,0.0000,0.0000,1538.0390
542,0,1,0,64.7940,163.2860,0.0000,974.0920,194.4500,137.5810,0.0000,0.0000,1534.2030
543,1,1,1,62.7450,166.5540,0.0000,962.4120,202.9540,138.8190,0.0000,0.0000,1533.4840
544,1,1,0,63.7040,169.3360,0.0000,978.4980,197.1750,138.1540,0.0000,0.0000,1546.8670
545,0,1,0,63.7040,165.5570,0.0000,973.6800,194.6830,136.6400,0.0000,0.0000,1534.2640
546,1,1,1,63.2000,166.4490,0.0000,975.9760,196.5970,136.3440,0.0000,0.0000,1538.5660
547,0,1,0,63.6130,166.1840,0.0000,971.8460,194.7630,137.9880,0.0000,0.0000,1534.3940
548,1,1,1,63.1200,166.6890,0.0000,975.8890,195.1080,134.3870,0.0000,0.0000,1535.1930
549,1,1,1,62.3880,167.2550,0.0000,975.8900,201.1200,139.3660,0.0000,0.0000,1546.0190
550,0,1,0,62.2220,167.7540,0.0000,973.6990,198.2650,137.1690,0.0000,0.0000,1539.1090
551,0,1,0,62.5970,167.1020,0.0000,970.1170,195.0340,134.8370,0.0000,0.0000,1529.6870
552,1,1,1,63.5510,164.2830,0.0000,963.4220,193.3350,136.6890,0.0000,0.0000,1521.2800
553,1,1,0,64.1110,164.8130,0.0000,975.8960,194.5050,135.1130,0.0000,0.0000,1534.4380
554,1,1,1,64.3690,164.1050,0.0000,967.0220,194.5230,136.0060,0.0000,0.0000,1526.0250
555,1,1,1,62.1540,165.3970,0.0000,975.4210,203.0900,139.7300,0.0000,0.0000,1545.7920
556,0,1,0,64.7010,167.6620,0.0000,975.4950,195.5200,136.3570,0.0000,0.0000,1539.7350
557,0,1,1,64.2470,166.0250,0.0000,975.3850,193.9200,135.3720,0.0000,0.0000,1534.9490
558,1,1,1,63.8160,166.1540,0.0000,979.3350,194.6830,137.5320,0.0000,0.0000,1541.5200
559,1,1,1,62.8180,164.6030,0.0000,973.4830,196.4370,137.1880,0.0000,0.0000,1534.5290
560,1,1,1,63.1270,165.7660,0.0000,974.8860,193.7350,137.7910,0.0000,0.0000,1535.3050
561,1,1,1,62.9230,164.2710,0.0000,973.2430,238.0370,137.3600,0.0000,0.0000,1575.8340
562,1,1,1,64.0190,170.2090,0.0000,976.7020,195.8520,137.4280,0.0000,0.0000,1544.2100
563,1,1,1,63.3910,168.1720,0.0000,968.2890,194.8800,136.6210,0.0000,0.0000,1531.3530
564,1,1,1,62.1720,166.1720,0.0000,976.3260,193.6920,139.1750,0.0000,0.0000,1537.5370
565,1,1,1,65.2190,166.1600,0.0000,973.3290,195.9380,136.1170,0.0000,0.0000,1536.7630
566,1,1,1,62.6710,165.9630,0.0000,963.0890,195.8090,136.2100,0.0000,0.0000,1523.7420
567,0,1,0,63.1020,165.5570,0.0000,976.1780,194.4430,202.9480,0.0000,0.0000,1602.2280
568,1,1,1,64.9230,170.3820,0.0000,976.1360,196.4370,138.2030,0.0000,0.0000,1546.0810
569,0,1,0,63.0770,170.5840,0.0000,972.9850,195.4950,135.4330,0.0000,0.0000,1537.5740
570,1,1,1,62.7260,167.0460,0.0000,974.8490,194.3570,134.3330,0.0000,0.0000,1533.3110
571,0,1,0,65.4400,165.1450,0.0000,977.4590,193.8160,136.5170,0.0000,0.0000,1538.3770
572,1,1,1,61.4580,166.1720,0.0000,975.2060,193.6670,135.7960,0.0000,0.0000,1532.2990
573,0,1,0,63.7050,164.9910,0.0000,974.0300,193.5870,183.6490,0.0000,0.0000,1579.9620
574,0,1,1,65.5010,170.3630,0.0000,980.3260,197.6860,139.6920,0.0000,0.0000,1553.5680
575,1,1,1,64.1170,167.0590,0.0000,970.6210,196.8870,137.0460,0.0000,0.0000,1535.7300
576,1,1,1,65.3410,165.6250,0.0000,974.1170,196.1840,136.8180,0.0000,0.0000,1538.0850
577,1,1,1,62.2280,165.8400,0.0000,969.8640,193.1320,138.0000,0.0000,0.0000,1529.0640
578,0,1,0,62.9170,163.9390,0.0000,975.5390,193.0950,135.9820,0.0000,0.0000,1531.4720
579,1,1,1,64.0180,165.9010,0.0000,974.9540,192.1100,135.4340,0.0000,0.0000,1532.4170
580,0,1,0,102.5850,171.1510,0.0000,976.9360,197.4640,139.2990,0.0000,0.0000,1587.4350
581,1,1,1,63.8030,166.5040,0.0000,979.2120,197.1450,138.5050,0.0000,0.0000,1545.1690
582,1,1,1,63.1750,165.2550,0.0000,972.8120,193.7420,135.5330,0.0000,0.0000,1530.5170
583,1,1,1,63.5750,165.4400,0.0000,976.1230,196.2530,135.4150,0.0000,0.0000,1536.8060
584,1,1,1,62.6890,162.6950,0.0000,976.1780,192.5970,137.0530,0.0000,0.0000,1531.2120
585,1,1,1,63.0030,167.0530,0.0000,974.7630,195.3480,136.4980,0.0000,0.0000,1536.6650
586,0,1,0,63.0150,206.4120,0.0000,975.1500,203.8590,139.0590,0.0000,0.0000,1587.4950
587,1,1,1,62.6520,168.8550,0.0000,963.2860,197.2070,135.8470,0.0000,0.0000,1527.8470
588,1,1,1,62.2590,164.2030,0.0000,977.0640,196.1290,137.4640,0.0000,0.0000,1537.1190
589,1,1,1,64.7570,166.2150,0.0000,979.1810,194.0560,135.8090,0.0000,0.0000,1540.0180
590,1,1,1,62.4550,164.9850,0.0000,973.7350,194.7700,135.2620,0.0000,0.0000,1531.2070
591,1,1,1,63.4650,165.8650,0.0000,971.2310,195.1140,137.1820,0.0000,0.0000,1532.8570
592,0,1,1,62.2220,167.0890,0.0000,1015.3540,202.7820,138.1360,0.0000,0.0000,1585.5830
593,1,1,1,63.1820,168.8680,0.0000,976.7140,199.5690,137.9570,0.0000,0.0000,1546.2900
594,1,1,1,64.1840,166.9050,0.0000,972.4130,193.7660,136.7700,0.0000,0.0000,1534.0380
595,1,1,1,63.5630,165.7040,0.0000,975.5270,195.0650,136.8190,0.0000,0.0000,1536.6780
596,1,1,1,64.0310,164.6280,0.0000,975.9820,193.7410,135.6800,0.0000,0.0000,1534.0620
597,0,1,0,62.6590,165.0770,0.0000,968.9110,193.7230,133.6680,0.0000,0.0000,1524.0380
598,1,1,1,62.9970,165.5700,0.0000,978.3080,200.0930,137.6120,0.0000,0.0000,1544.5800
599,1,1,1,63.9500,167.7900,0.0000,972.5100,199.1200,137.0650,0.0000,0.0000,1540.4350
600,1,1,1,63.1200,167.3290,0.0000,978.4430,195.6800,135.9880,0.0000,0.0000,1540.5600
601,1,1,1,62.8250,165.9940,0.0000,975.5570,195.0640,134.6950,0.0000,0.0000,1534.1350
602,1,1,1,62.2400,163.5010,0.0000,971.9500,193.6740,136.7940,0.0000,0.0000,1528.1590
603,1,1,1,62.7570,164.1910,0.0000,974.1230,193.8830,136.2220,0.0000,0.0000,1531.1760
604,1,1,1,64.7500,167.1570,0.0000,965.7050,204.7320,139.4400,0.0000,0.0000,1541.7840
605,1,1,1,63.1450,169.5200,0.0000,976.4560,196.9970,138.0250,0.0000,0.0000,1544.1430
606,1,1,1,63.9940,167.7790,0.0000,973.8090,196.7450,136.4120,0.0000,0.0000,1538.7390
607,1,1,1,63.8460,164.4620,0.0000,975.1390,194.5050,138.9790,0.0000,0.0000,1536.9310
608,0,1,0,62.1850,165.5760,0.0000,978.0190,194.1660,136.1230,0.0000,0.0000,1536.0690
609,1,1,1,63.2060,165.3660,0.0000,975.1570,194.6030,135.7040,0.0000,0.0000,1534.0360
610,1,1,0,63.9260,164.3810,0.0000,973.6250,250.6830,168.2160,0.0000,0.0000,1620.8310
611,1,1,1,88.0920,202.7570,0.0000,972.0920,216.2030,152.4000,0.0000,0.0000,1631.5440
612,1,1,1,68.6830,178.4990,0.0000,977.7170,200.6030,141.3410,0.0000,0.0000,1566.8430
613,1,1,1,64.8440,167.0030,0.0000,967.9500,222.2280,148.1660,0.0000,0.0000,1570.1910
614,1,1,1,68.1350,175.1200,0.0000,982.4440,219.7050,146.6100,0.0000,0.0000,1592.0140
615,0,1,0,66.3260,176.6280,0.0000,974.4070,216.4130,145.4650,0.0000,0.0000,1579.2390
616,1,1,1,67.0340,179.2860,0.0000,989.4950,242.3630,161.4400,0.0000,0.0000,1639.6180
617,1,1,1,69.8340,189.2130,0.0000,983.2500,219.2620,151.5130,0.0000,0.0000,1613.0720
618,1,1,1,67.1260,175.5930,0.0000,967.9200,214.9600,146.3570,0.0000,0.0000,1571.9560
619,1,1,1,66.0560,179.7470,0.0000,977.4890,213.7290,148.8610,0.0000,0.0000,1585.8820
620,0,1,0,67.5940,174.1230,0.0000,970.3870,214.2160,148.3010,0.0000,0.0000,1574.6210
621,1,1,1,65.5080,186.3320,0.0000,985.6130,215.8890,146.5850,0.0000,0.0000,1599.9270
622,1,1,1,67.5630,217.9440,0.0000,978.7810,228.9780,150.6950,0.0000,0.0000,1643.9610
623,1,1,1,68.5230,177.2860,0.0000,982.4620,219.2920,149.1450,0.0000,0.0000,1596.7080
624,1,1,1,64.9420,176.0370,0.0000,970.5780,214.6590,147.0890,0.0000,0.0000,1573.3050
625,1,1,1,67.8770,173.9260,0.0000,976.3760,212.6400,145.0030,0.0000,0.0000,1575.8220
626,1,1,1,66.7940,173.9260,0.0000,982.4120,214.1540,146.1410,0.0000,0.0000,1583.4270
627,1,1,0,66.1040,175.2490,0.0000,978.9240,199.7840,155.2490,0.0000,0.0000,1575.3100
628,1,1,1,114.3940,182.6090,0.0000,975.5690,223.6430,148.1050,0.0000,0.0000,1644.3200
629,1,1,1,66.8490,179.3670,0.0000,970.0920,219.7540,147.5080,0.0000,0.0000,1583.5700
630,0,1,0,66.3880,176.8240,0.0000,968.1780,234.6950,161.6620,0.0000,0.0000,1607.7470
631,1,1,1,71.5750,193.2860,0.0000,985.3230,253.3170,159.9510,0.0000,0.0000,1663.4520
632,1,1,1,68.3690,186.2650,0.0000,975.0150,220.7450,150.1600,0.0000,0.0000,1600.5540
633,0,1,0,66.5410,178.0920,0.0000,980.9290,288.2590,152.1600,0.0000,0.0000,1665.9810
634,0,1,1,67.2920,185.6740,0.0000,978.0060,221.1200,148.4430,0.0000,0.0000,1600.5350
635,1,1,1,67.2130,195.2800,0.0000,976.3080,214.7870,147.1330,0.0000,0.0000,1600.7210
636,1,1,1,67.3470,173.2250,0.0000,972.3630,211.4150,146.5480,0.0000,0.0000,1570.8980
637,1,1,1,67.8340,172.7930,0.0000,979.2620,209.7480,146.2830,0.0000,0.0000,1575.9200
638,0,1,0,66.9780,176.6710,0.0000,969.8520,220.5910,145.6250,0.0000,0.0000,1579.7170
639,1,1,1,66.8740,176.1780,0.0000,974.1600,232.2520,151.9330,0.0000,0.0000,1601.3970
640,1,1,1,69.4530,181.7230,0.0000,982.5910,224.3320,147.3720,0.0000,0.0000,1605.4710
641,1,1,1,66.4980,176.9660,0.0000,984.4560,221.6120,145.4090,0.0000,0.0000,1594.9410
642,1,1,1,66.7630,175.7230,0.0000,968.9360,208.0180,145.0340,0.0000,0.0000,1564.4740
643,1,1,1,66.7270,173.6860,0.0000,967.9870,212.3630,152.2830,0.0000,0.0000,1573.0460
644,1,1,1,66.9600,179.8770,0.0000,967.1510,220.9790,146.1600,0.0000,0.0000,1581.1270
645,1,1,1,65.9440,177.3480,0.0000,973.9570,230.8670,151.6560,0.0000,0.0000,1599.7720
646,1,1,1,69.5020,178.4430,0.0000,978.9040,219.0220,149.1510,0.0000,0.0000,1595.0220
647,1,1,1,66.8550,177.3290,0.0000,972.6100,215.3240,147.5690,0.0000,0.0000,1579.6870
648,1,1,1,68.9110,189.0770,0.0000,981.4710,213.8090,145.6490,0.0000,0.0000,1598.9170
649,1,1,1,65.9140,172.3630,0.0000,979.7230,253.2550,184.0560,0.0000,0.0000,1655.3110
650,0,1,0,78.6280,231.7290,0.0000,981.0150,232.0130,158.2960,0.0000,0.0000,1681.6810
651,1,1,1,68.3570,187.2300,0.0000,981.7050,233.5320,155.3660,0.0000,0.0000,1626.1900
652,1,1,1,67.9320,185.2860,0.0000,977.7850,220.6040,152.2580,0.0000,0.0000,1603.8650
653,0,1,0,65.4090,192.8920,0.0000,971.4960,211.6000,148.9480,0.0000,0.0000,1590.3450
654,1,1,1,65.4520,190.9410,0.0000,971.4280,214.2650,145.4030,0.0000,0.0000,1587.4890
655,0,1,0,64.5290,173.5320,0.0000,979.8090,199.0590,157.7540,0.0000,0.0000,1574.6830
656,1,1,1,67.6000,178.3630,0.0000,966.6650,209.9390,174.8060,0.0000,0.0000,1597.3730
657,1,1,1,67.6180,177.1510,0.0000,974.1790,223.9630,152.6770,0.0000,0.0000,1595.5880
658,1,1,1,66.7390,178.4800,0.0000,968.9480,241.5200,159.3050,0.0000,0.0000,1614.9920
659,1,1,1,71.1200,182.1540,0.0000,980.8490,207.1140,142.3750,0.0000,0.0000,1583.6120
660,1,1,1,66.0990,170.8740,0.0000,973.7840,200.7630,140.5110,0.0000,0.0000,1552.0310
661,1,1,1,64.7630,167.9200,0.0000,977.2000,195.0220,137.8340,0.0000,0.0000,1542.7390
662,1,1,1,65.4650,166.5300,0.0000,972.4980,194.6770,136.4370,0.0000,0.0000,1535.6070
663,0,1,1,63.8280,225.8890,0.0000,982.7630,209.7170,145.2560,0.0000,0.0000,1627.4530
664,1,1,1,66.5300,173.6060,0.0000,977.1450,198.2400,138.7260,0.0000,0.0000,1554.2470
665,1,1,1,62.7450,167.4650,0.0000,977.1440,194.6400,140.4060,0.0000,0.0000,1542.4000
666,1,1,1,62.8680,167.6870,0.0000,972.9050,195.4830,136.3200,0.0000,0.0000,1535.2630
667,0,1,0,64.1040,165.1560,0.0000,974.7200,193.9870,136.9960,0.0000,0.0000,1534.9630
668,1,1,1,62.8310,165.1020,0.0000,973.0150,194.3810,136.5420,0.0000,0.0000,1531.8710
669,1,1,1,64.1780,214.9910,0.0000,975.2680,207.6560,140.5840,0.0000,0.0000,1602.6770
670,1,1,1,64.7630,171.5750,0.0000,971.3470,198.5540,137.7230,0.0000,0.0000,1543.9620
671,1,1,1,63.7050,166.6950,0.0000,974.2280,194.3070,136.4430,0.0000,0.0000,1535.3780
672,1,1,1,63.4700,165.9200,0.0000,972.4920,195.5320,135.4030,0.0000,0.0000,1532.8170
673,1,1,0,62.5470,164.2530,0.0000,975.8030,196.0370,135.2550,0.0000,0.0000,1533.8950
674,0,1,0,62.4250,165.7910,0.0000,977.3660,195.8280,134.4000,0.0000,0.0000,1535.8100
675,1,1,1,64.3320,166.0550,0.0000,1018.2220,206.6460,139.5010,0.0000,0.0000,1594.7560
676,0,1,0,62.9360,167.3970,0.0000,972.1970,194.6890,135.9140,0.0000,0.0000,1533.1330
677,1,1,1,64.1840,168.9660,0.0000,974.9040,195.7780,137.0520,0.0000,0.0000,1540.8840
678,0,1,0,65.9390,167.7110,0.0000,972.9660,195.1870,136.1230,0.0000,0.0000,1537.9260
679,1,1,1,63.8590,167.7660,0.0000,974.9910,194.0740,136.1290,0.0000,0.0000,1536.8190
680,1,1,0,65.1080,165.3050,0.0000,975.3850,197.0030,135.9810,0.0000,0.0000,1538.7820
681,1,1,1,63.9820,166.4130,0.0000,977.8280,201.2670,137.9870,0.0000,0.0000,1547.4770
682,1,1,1,62.7750,168.3630,0.0000,974.2400,198.1360,136.9600,0.0000,0.0000,1540.4740
683,1,1,1,64.6770,167.9750,0.0000,976.6030,196.5780,137.0030,0.0000,0.0000,1542.8360
684,1,1,1,62.0060,165.3420,0.0000,973.5570,196.1540,135.5940,0.0000,0.0000,1532.6530
685,1,1,1,63.7350,169.2490,0.0000,971.3600,193.8150,137.7100,0.0000,0.0000,1535.8690
686,1,1,1,65.5810,164.4120,0.0000,971.5260,194.4130,136.5350,0.0000,0.0000,1532.4670
687,1,1,1,63.1140,164.5910,0.0000,964.9660,201.9020,138.9720,0.0000,0.0000,1533.5450
688,1,1,1,63.2180,167.8460,0.0000,979.6990,197.1760,136.1470,0.0000,0.0000,1544.0860
689,1,1,1,63.4520,166.3020,0.0000,973.2310,194.9660,133.4090,0.0000,0.0000,1531.3600
690,1,1,1,62.2210,166.5850,0.0000,971.4900,196.1790,136.8610,0.0000,0.0000,1533.3360
691,1,1,1,62.6520,164.9290,0.0000,968.4560,196.0740,136.4000,0.0000,0.0000,1528.5110
692,1,1,1,62.1910,165.0530,0.0000,978.7010,194.3870,137.1760,0.0000,0.0000,1537.5080
693,1,1,1,62.3140,166.1910,0.0000,977.5690,203.4340,141.3600,0.0000,0.0000,1550.8680
694,1,1,1,64.6090,168.6830,0.0000,978.6580,197.0520,138.9660,0.0000,0.0000,1547.9680
695,0,1,0,63.7970,165.1450,0.0000,967.8520,196.9900,136.8620,0.0000,0.0000,1530.6460
696,1,1,1,65.4460,166.9540,0.0000,974.7260,196.4920,136.0500,0.0000,0.0000,1539.6680
697,1,1,1,64.0360,165.0650,0.0000,973.0470,194.7870,135.1320,0.0000,0.0000,1532.0670
698,0,1,0,63.6800,164.1050,0.0000,979.7660,195.0900,136.2830,0.0000,0.0000,1538.9240
699,1,1,1,62.3630,167.5690,0.0000,963.8100,209.3410,140.5410,0.0000,0.0000,1543.6240
700,1,1,1,63.7540,171.8640,0.0000,974.7320,198.2340,135.6800,0.0000,0.0000,1544.2640
701,1,1,1,63.7420,166.4000,0.0000,975.4890,197.1870,136.3630,0.0000,0.0000,1539.1810
702,1,1,1,63.1440,167.9750,0.0000,970.1970,195.8830,134.9790,0.0000,0.0000,1532.1780
703,1,1,1,63.7420,165.5330,0.0000,974.5960,193.5140,137.1140,0.0000,0.0000,1534.4990
704,1,1,1,64.9910,164.3510,0.0000,975.6180,193.7170,134.9110,0.0000,0.0000,1533.5880
705,1,1,0,62.2900,166.2340,0.0000,978.8430,215.8580,146.0490,0.0000,0.0000,1569.2740
706,1,1,0,64.7570,174.6030,0.0000,978.9230,198.5230,139.2310,0.0000,0.0000,1556.0370
707,0,1,1,64.9350,168.7260,0.0000,976.2090,195.8460,138.5910,0.0000,0.0000,1544.3070
708,1,1,1,63.7850,164.5600,0.0000,975.1820,194.6270,137.5820,0.0000,0.0000,1535.7360
709,1,1,0,62.7010,164.5470,0.0000,975.4090,195.5070,136.8180,0.0000,0.0000,1534.9820
710,1,1,1,63.0650,165.4460,0.0000,972.9540,195.7110,135.2800,0.0000,0.0000,1532.4560
711,1,1,1,63.4400,166.4370,0.0000,979.1810,207.5260,141.6130,0.0000,0.0000,1558.1970
712,1,1,1,63.5630,168.8430,0.0000,977.8210,196.5350,138.7630,0.0000,0.0000,1545.5250
713,1,1,1,63.2980,166.5780,0.0000,976.2400,198.0430,137.9260,0.0000,0.0000,1542.0850
714,1,1,1,63.8950,165.7780,0.0000,970.2830,195.4270,138.8980,0.0000,0.0000,1534.2810
715,1,1,1,62.7760,167.0270,0.0000,977.6550,195.3730,135.9140,0.0000,0.0000,1538.7450
716,1,1,1,63.0840,165.4460,0.0000,974.4130,197.5880,136.3450,0.0000,0.0000,1536.8760
717,1,1,0,63.0520,167.6860,0.0000,1016.4930,203.3230,138.8740,0.0000,0.0000,1589.4280
718,1,1,1,64.1780,169.5760,0.0000,975.5330,196.4180,137.3600,0.0000,0.0000,1543.0650
719,1,1,1,62.7260,166.6090,0.0000,970.6210,195.0220,137.9440,0.0000,0.0000,1532.9220
720,1,1,1,65.1880,165.7290,0.0000,974.4740,196.2520,137.4210,0.0000,0.0000,1539.0640
721,1,1,1,61.3780,163.9940,0.0000,973.7350,194.2400,136.3140,0.0000,0.0000,1529.6610
722,0,1,0,64.0560,165.8270,0.0000,974.2220,194.6220,136.5350,0.0000,0.0000,1535.2620
723,1,1,1,62.9410,166.0060,0.0000,971.4340,235.9320,137.7850,0.0000,0.0000,1574.0980
724,1,1,1,62.8930,169.5440,0.0000,978.1480,197.1020,136.9970,0.0000,0.0000,1544.6840
725,1,1,1,62.7020,167.8590,0.0000,972.0980,194.3630,135.3410,0.0000,0.0000,1532.3630
726,1,1,1,63.4340,163.7970,0.0000,972.6590,195.1870,136.5110,0.0000,0.0000,1531.5880
727,1,1,1,63.3670,165.7170,0.0000,972.1600,193.7840,136.0860,0.0000,0.0000,1531.1140
728,1,1,1,61.4520,165.4960,0.0000,974.9040,193.5940,135.9760,0.0000,0.0000,1531.4220
729,1,1,0,61.4340,163.7470,0.0000,979.0770,195.1510,187.8640,0.0000,0.0000,1587.2730
730,1,1,1,65.5700,172.0740,0.0000,976.1290,198.2710,138.0120,0.0000,0.0000,1550.0560
731,1,1,1,63.3600,167.7410,0.0000,979.7600,193.3850,139.3900,0.0000,0.0000,1543.6360
732,1,1,1,63.3790,166.4860,0.0000,974.8990,195.6310,137.8340,0.0000,0.0000,1538.2290
733,1,1,1,63.7660,166.6950,0.0000,976.3810,194.6280,134.8920,0.0000,0.0000,1536.3620
734,1,1,1,62.6090,166.4250,0.0000,977.1070,194.9420,136.9410,0.0000,0.0000,1538.0240
735,1,1,0,63.4210,164.9110,0.0000,972.1230,194.0240,180.8680,0.0000,0.0000,1575.3470
736,1,1,1,66.8180,171.2800,0.0000,972.5410,198.3510,137.6610,0.0000,0.0000,1546.6510
737,1,1,1,61.8830,168.0680,0.0000,978.9780,194.0130,136.3200,0.0000,0.0000,1539.2620
738,1,1,1,63.1320,164.1850,0.0000,976.4980,194.4370,134.9660,0.0000,0.0000,1533.2180
739,1,1,1,61.0340,168.0060,0.0000,977.4220,193.7170,137.7910,0.0000,0.0000,1537.9700
740,1,1,1,62.4060,166.8000,0.0000,976.3140,193.9690,137.1940,0.0000,0.0000,1536.6830
741,1,1,1,63.2490,166.6590,0.0000,974.4980,194.0620,135.5870,0.0000,0.0000,1534.0550
742,1,1,1,104.2900,168.8490,0.0000,976.7080,197.2250,136.4430,0.0000,0.0000,1583.5150
743,1,1,1,65.3290,167.5750,0.0000,975.1570,196.1290,136.7270,0.0000,0.0000,1540.9170
744,1,1,1,63.5630,168.2650,0.0000,976.7880,194.2770,136.2090,0.0000,0.0000,1539.1020
745,1,1,1,62.0120,165.8580,0.0000,974.4060,194.7330,137.5320,0.0000,0.0000,1534.5410
746,1,1,1,63.4700,166.2520,0.0000,972.7200,193.5140,135.6430,0.0000,0.0000,1531.5990
747,1,1,1,64.6460,165.9880,0.0000,973.6120,196.7260,135.9760,0.0000,0.0000,1536.9480
748,1,1,1,62.3080,222.0310,0.0000,980.0070,202.2830,137.9630,0.0000,0.0000,1604.5920
749,0,1,0,62.7940,169.8100,0.0000,975.5070,197.5750,135.9330,0.0000,0.0000,1541.6190
750,1,1,1,65.1510,166.8490,0.0000,970.9290,197.4220,136.9600,0.0000,0.0000,1537.3110
751,1,1,1,63.7290,165.2860,0.0000,974.2830,194.5040,136.5170,0.0000,0.0000,1534.3190
752,0,1,1,65.0640,166.1350,0.0000,969.1690,194.5410,136.0860,0.0000,0.0000,1530.9950
753,1,1,0,62.8240,166.5290,0.0000,973.1140,194.1780,135.4830,0.0000,0.0000,1532.1280
754,1,1,1,63.0400,164.8550,0.0000,975.6980,202.1970,139.9140,0.0000,0.0000,1545.7040
755,0,1,0,63.7290,168.8120,0.0000,974.7820,196.0060,137.0890,0.0000,0.0000,1540.4180
756,1,1,1,64.2640,165.9200,0.0000,972.5290,196.2530,137.0090,0.0000,0.0000,1535.9750
757,1,1,1,63.8960,166.8370,0.0000,972.8490,194.6280,135.7850,0.0000,0.0000,1533.9950
758,1,1,1,62.8870,165.3350,0.0000,974.9240,193.4830,136.2770,0.0000,0.0000,1532.9060
759,1,1,1,64.1170,166.2580,0.0000,974.1050,194.1600,137.3670,0.0000,0.0000,1536.0070
760,1,1,1,61.5260,166.8490,0.0000,977.8400,203.7230,140.6220,0.0000,0.0000,1550.5600
761,1,1,1,64.5850,168.7140,0.0000,977.4900,196.7380,138.5970,0.0000,0.0000,1546.1240
762,1,1,1,63.8280,167.0640,0.0000,973.7790,194.7570,137.1080,0.0000,0.0000,1536.5360
763,1,1,1,61.4400,165.3160,0.0000,973.4520,193.3110,137.3660,0.0000,0.0000,1530.8850
764,1,1,1,63.5010,166.3940,0.0000,977.3420,194.3810,136.1910,0.0000,0.0000,1537.8090
765,1,1,1,63.5080,165.3840,0.0000,970.9790,193.8710,135.9630,0.0000,0.0000,1529.7050
766,1,1,1,62.0430,166.4620,0.0000,971.2060,203.0650,137.6860,0.0000,0.0000,1540.4620
767,1,1,1,64.7320,169.6060,0.0000,979.5690,196.0370,138.2890,0.0000,0.0000,1548.2330
768,1,1,1,62.7750,166.2150,0.0000,971.5690,195.4710,137.2000,0.0000,0.0000,1533.2300
769,0,1,0,63.0040,166.8250,0.0000,978.3570,195.3470,137.0710,0.0000,0.0000,1540.6040
770,1,1,1,64.1660,164.7500,0.0000,976.2890,196.0000,135.5940,0.0000,0.0000,1536.7990
771,1,1,1,64.2710,167.8030,0.0000,973.8460,194.7690,136.5730,0.0000,0.0000,1537.2620
772,1,1,1,62.5050,165.2000,0.0000,976.6090,201.9020,138.4550,0.0000,0.0000,1544.6710
773,1,1,0,64.1230,168.5170,0.0000,971.7790,198.2640,135.9630,0.0000,0.0000,1538.6460
774,1,1,0,63.3230,167.5080,0.0000,978.2400,198.5170,137.2930,0.0000,0.0000,1544.8810
775,1,1,1,62.3440,166.4000,0.0000,971.9700,196.2160,135.3660,0.0000,0.0000,1532.2960
776,1,1,1,63.0270,166.9300,0.0000,972.4310,195.1500,136.5850,0.0000,0.0000,1534.1230
777,1,1,1,62.0920,166.8310,0.0000,975.4030,195.1320,136.9290,0.0000,0.0000,1536.3870
778,0,1,0,62.4680,166.2710,0.0000,978.0920,202.2590,136.9910,0.0000,0.0000,1546.0810
779,0,1,0,63.3840,167.5690,0.0000,972.0180,195.1690,136.8190,0.0000,0.0000,1534.9590
780,1,1,1,63.4710,165.7170,0.0000,970.9970,195.6300,137.0270,0.0000,0.0000,1532.8420
781,1,1,1,62.7690,164.0800,0.0000,971.0400,194.8560,135.0710,0.0000,0.0000,1527.8160
782,1,1,1,63.2310,163.1750,0.0000,975.3410,194.9170,137.4210,0.0000,0.0000,1534.0850
783,1,1,1,64.4370,166.0610,0.0000,975.2370,192.9350,134.1540,0.0000,0.0000,1532.8240
784,1,1,1,62.9480,164.7080,0.0000,967.0830,218.8980,147.7170,0.0000,0.0000,1561.3540
785,1,1,1,65.2190,176.8250,0.0000,978.7200,201.2000,139.7730,0.0000,0.0000,1561.7370
786,0,1,0,65.4960,168.5170,0.0000,972.4550,198.8370,138.2280,0.0000,0.0000,1543.5330
787,0,1,0,62.9790,164.6950,0.0000,971.8520,196.7440,137.2800,0.0000,0.0000,1533.5500
788,1,1,0,62.2150,164.8120,0.0000,976.1170,196.9660,135.5440,0.0000,0.0000,1535.6540
789,1,1,1,62.2520,165.2370,0.0000,973.1390,192.9600,134.4680,0.0000,0.0000,1528.0560
790,0,1,1,63.7720,164.1720,0.0000,964.7080,202.2580,138.9540,0.0000,0.0000,1533.8640
791,1,1,1,63.4030,169.3050,0.0000,979.3660,196.9350,136.5780,0.0000,0.0000,1545.5870
792,1,1,1,63.3970,166.7450,0.0000,977.7170,192.7810,138.0310,0.0000,0.0000,1538.6710
793,1,1,1,62.0920,166.6590,0.0000,977.4340,194.3080,138.5350,0.0000,0.0000,1539.0280
794,1,1,1,65.0960,164.9420,0.0000,972.7510,195.5020,136.8190,0.0000,0.0000,1535.1100
795,0,1,0,63.1010,164.7820,0.0000,976.4860,192.4060,139.2490,0.0000,0.0000,1536.0240
796,1,1,1,64.3510,166.1290,0.0000,1022.2650,200.8860,141.5140,0.0000,0.0000,1595.1450
797,1,1,1,64.5290,168.0800,0.0000,974.4670,194.9720,137.5690,0.0000,0.0000,1539.6170
798,1,1,1,61.8090,168.1840,0.0000,964.4430,196.4990,137.6800,0.0000,0.0000,1528.6150
799,1,1,1,63.2620,166.7450,0.0000,978.5720,193.0030,136.4370,0.0000,0.0000,1538.0190
800,0,1,0,63.0210,166.5720,0.0000,971.1450,193.7470,138.1230,0.0000,0.0000,1532.6080
801,0,1,0,63.2000,164.1840,0.0000,972.7320,194.6710,136.9040,0.0000,0.0000,1531.6910
802,1,1,1,64.0120,165.1380,0.0000,976.7510,273.2550,149.9140,0.0000,0.0000,1629.0700
803,1,1,1,68.8120,186.1730,0.0000,982.1480,203.3600,142.3080,0.0000,0.0000,1582.8010
804,0,1,0,65.4210,170.1970,0.0000,973.3540,198.0860,137.5440,0.0000,0.0000,1544.6020
805,1,1,1,63.0640,166.1480,0.0000,977.1330,197.2560,135.2740,0.0000,0.0000,1538.8750
806,1,1,1,64.2090,168.3690,0.0000,975.8460,193.2730,137.2550,0.0000,0.0000,1538.9520
807,0,1,0,63.6800,167.0700,0.0000,964.3690,194.1600,137.3480,0.0000,0.0000,1526.6270
808,1,1,1,64.8680,165.1140,0.0000,973.7170,243.9010,142.3810,0.0000,0.0000,1589.9810
809,0,1,0,63.3300,173.8520,0.0000,973.4830,197.1510,138.2830,0.0000,0.0000,1546.0990
810,1,1,1,64.3820,167.1630,0.0000,977.1260,195.1880,136.0920,0.0000,0.0000,1539.9510
811,1,1,1,62.3750,166.1040,0.0000,979.0650,194.6400,136.5050,0.0000,0.0000,1538.6890
812,1,1,1,63.2930,165.6370,0.0000,974.9160,195.5320,136.6840,0.0000,0.0000,1536.0620
813,1,1,1,62.3080,164.1780,0.0000,968.8180,194.6530,135.5200,0.0000,0.0000,1525.4770
814,1,1,1,62.6830,167.0030,0.0000,973.9570,194.8680,147.5380,0.0000,0.0000,1546.0490
815,1,1,1,65.2360,173.3040,0.0000,976.1850,196.5720,137.6240,0.0000,0.0000,1548.9210
816,1,1,1,64.6520,168.5540,0.0000,972.1290,195.6060,136.6100,0.0000,0.0000,1537.5510
817,1,1,1,62.6580,167.3230,0.0000,972.4930,195.3300,138.0430,0.0000,0.0000,1535.8470
818,1,1,1,64.0680,166.0800,0.0000,975.6740,195.6610,137.2180,0.0000,0.0000,1538.7010
819,1,1,1,62.6520,165.2120,0.0000,970.7140,192.6030,135.8710,0.0000,0.0000,1527.0520
820,1,1,1,63.0890,165.2800,0.0000,964.1040,193.4710,193.3240,0.0000,0.0000,1579.2680
821,1,1,1,67.0400,171.1630,0.0000,977.5510,195.4220,140.4190,0.0000,0.0000,1551.5950
822,1,1,1,63.5810,166.9110,0.0000,978.6770,195.2300,135.4400,0.0000,0.0000,1539.8390
823,0,1,0,64.3510,166.4800,0.0000,966.7690,196.0800,140.1350,0.0000,0.0000,1533.8150
824,1,1,1,63.8150,166.4370,0.0000,977.6670,192.7570,136.5290,0.0000,0.0000,1537.2050
825,1,1,1,63.1020,166.8740,0.0000,972.2340,195.5750,138.1170,0.0000,0.0000,1535.9020
826,1,1,1,63.1260,164.8370,0.0000,974.7390,194.6220,139.0030,0.0000,0.0000,1536.3270
827,1,1,1,106.4120,170.0000,0.0000,973.9450,199.3670,135.4890,0.0000,0.0000,1585.2130
828,1,1,1,63.3720,168.2150,0.0000,977.8280,194.9720,138.4000,0.0000,0.0000,1542.7870
829,1,1,1,61.0580,169.2130,0.0000,972.6030,194.9850,137.6550,0.0000,0.0000,1535.5140
830,1,1,1,63.2740,165.5200,0.0000,977.8400,195.6800,136.4560,0.0000,0.0000,1538.7700
831,1,1,1,64.5720,165.5820,0.0000,976.2950,194.4430,136.1480,0.0000,0.0000,1537.0400
832,1,1,1,63.8090,163.3240,0.0000,972.3810,193.7600,135.8270,0.0000,0.0000,1529.1010
833,1,1,1,63.5320,218.1730,0.0000,978.6890,198.2280,138.3570,0.0000,0.0000,1596.9790
834,1,1,1,63.9510,167.9630,0.0000,970.0990,196.4560,137.3970,0.0000,0.0000,1535.8660
835,1,1,1,65.1750,168.7070,0.0000,972.5720,195.3600,136.7380,0.0000,0.0000,1538.5520
836,1,1,1,61.9080,166.7140,0.0000,972.0430,194.9110,137.8150,0.0000,0.0000,1533.3910
837,1,1,1,63.0640,166.4180,0.0000,969.3600,193.6370,137.9750,0.0000,0.0000,1530.4540
838,1,1,1,63.2980,164.3940,0.0000,978.8860,193.9390,133.8890,0.0000,0.0000,1534.4060
839,1,1,1,62.7020,204.0800,0.0000,975.0090,199.6250,136.3140,0.0000,0.0000,1577.7300
840,1,1,1,63.4710,170.4930,0.0000,975.3600,196.2890,137.4160,0.0000,0.0000,1543.0290
841,1,1,1,61.8150,167.5260,0.0000,974.1600,195.7530,136.1350,0.0000,0.0000,1535.3890
842,1,1,1,64.0120,165.6560,0.0000,975.9880,192.9970,137.4160,0.0000,0.0000,1536.0690
843,1,1,1,62.6900,166.1480,0.0000,973.8220,195.3170,136.3570,0.0000,0.0000,1534.3340
844,1,1,1,64.7440,167.0090,0.0000,975.9140,195.2680,136.9970,0.0000,0.0000,1539.9320
845,1,1,1,61.3360,164.7380,0.0000,966.2030,205.8400,139.2550,0.0000,0.0000,1537.3720
846,1,1,1,64.9470,169.3970,0.0000,970.1350,198.5170,137.3160,0.0000,0.0000,1540.3120
847,1,1,1,62.5170,167.2610,0.0000,975.6430,199.2370,136.9040,0.0000,0.0000,1541.5620
848,1,1,1,65.4640,165.5330,0.0000,968.9540,195.1260,136.0800,0.0000,0.0000,1531.1570
849,0,1,0,63.5320,165.4280,0.0000,974.1470,196.6890,135.2060,0.0000,0.0000,1535.0020
850,1,1,1,63.7230,166.6100,0.0000,973.1440,195.5810,133.7230,0.0000,0.0000,1532.7810
851,1,1,1,64.3690,164.3440,0.0000,977.4770,202.4920,137.7540,0.0000,0.0000,1546.4360
852,1,1,1,63.4590,167.7970,0.0000,975.5820,196.4490,137.0150,0.0000,0.0000,1540.3020
853,1,1,1,64.4000,164.5350,0.0000,971.6120,194.6830,135.6370,0.0000,0.0000,1530.8670
854,1,1,1,63.7670,162.5720,0.0000,974.4490,194.8000,133.7540,0.0000,0.0000,1529.3420
855,1,1,1,62.3820,166.5660,0.0000,978.1670,194.2530,135.3900,0.0000,0.0000,1536.7580
856,1,1,1,61.3850,164.6460,0.0000,974.4980,195.6670,135.1570,0.0000,0.0000,1531.3530
857,1,1,1,63.4580,166.5290,0.0000,965.8340,205.6870,139.5820,0.0000,0.0000,1541.0900
858,1,1,1,63.0400,167.3230,0.0000,977.4520,196.5850,138.6030,0.0000,0.0000,1543.0030
859,0,1,1,63.3720,165.0330,0.0000,975.1200,196.6400,135.0150,0.0000,0.0000,1535.1800
860,0,1,0,63.9080,165.8340,0.0000,975.3170,194.4430,136.9530,0.0000,0.0000,1536.4550
861,0,1,0,63.0090,166.8310,0.0000,971.2740,193.5760,136.0000,0.0000,0.0000,1530.6900
862,1,1,1,63.6120,165.2490,0.0000,973.7970,194.8730,136.4610,0.0000,0.0000,1533.9920
863,1,1,1,62.6890,166.5790,0.0000,964.3320,199.7110,137.5560,0.0000,0.0000,1530.8670
864,1,1,1,61.4520,168.4000,0.0000,972.6580,196.3080,137.5700,0.0000,0.0000,1536.3880
865,1,1,1,62.9670,166.4000,0.0000,972.9170,194.1910,136.7750,0.0000,0.0000,1533.2500
866,1,1,1,63.2740,165.3790,0.0000,975.0270,195.4220,134.9600,0.0000,0.0000,1534.0620
867,1,1,1,64.3810,165.8270,0.0000,976.1910,192.6710,136.4440,0.0000,0.0000,1535.5140
868,1,1,1,62.7690,165.1750,0.0000,976.3870,194.5170,136.1470,0.0000,0.0000,1534.9950
869,1,1,1,63.3050,166.5170,0.0000,974.2150,200.6520,137.6060,0.0000,0.0000,1542.2950
870,1,1,1,62.9910,168.4860,0.0000,976.0860,195.4960,136.3750,0.0000,0.0000,1539.4340
871,1,1,1,63.3230,164.8800,0.0000,972.6280,194.8920,135.9440,0.0000,0.0000,1531.6670
872,1,1,1,62.5050,164.0430,0.0000,975.0400,195.9200,136.9910,0.0000,0.0000,1534.4990
873,1,1,1,63.4090,165.0640,0.0000,973.5140,194.1410,135.1200,0.0000,0.0000,1531.2480
874,1,1,1,64.0930,165.9010,0.0000,976.9600,194.1780,136.4500,0.0000,0.0000,1537.5820
875,1,1,1,62.3870,164.3560,0.0000,983.5140,203.6370,141.9330,0.0000,0.0000,1555.8270
876,0,1,0,62.7750,167.8530,0.0000,970.8430,196.7630,137.9880,0.0000,0.0000,1536.2220
877,1,1,1,63.3300,166.6710,0.0000,978.6090,195.2680,135.6680,0.0000,0.0000,1539.5460
878,1,1,1,62.8120,166.7810,0.0000,978.4250,194.9350,138.1670,0.0000,0.0000,1541.1200
879,0,1,0,62.6770,165.2310,0.0000,974.4370,193.1200,136.1660,0.0000,0.0000,1531.6310
880,1,1,1,63.6800,166.8740,0.0000,973.6620,196.2030,135.6490,0.0000,0.0000,1536.0680
881,1,1,1,62.9170,163.8400,0.0000,970.9970,239.0830,139.6920,0.0000,0.0000,1576.5290
882,1,1,1,63.9140,168.8740,0.0000,975.3100,194.4740,139.0770,0.0000,0.0000,1541.6490
883,0,1,0,63.1440,166.2760,0.0000,972.1230,194.5480,135.6000,0.0000,0.0000,1531.6910
884,1,1,1,63.4950,168.0990,0.0000,974.1720,196.4490,136.6030,0.0000,0.0000,1538.8180
885,1,1,1,63.2680,165.2430,0.0000,976.1970,195.2680,136.6640,0.0000,0.0000,1536.6400
886,1,1,1,63.9330,166.6530,0.0000,974.6340,192.3810,135.5630,0.0000,0.0000,1533.1640
887,1,1,0,61.6980,164.4000,0.0000,973.1320,233.1140,140.6770,0.0000,0.0000,1573.0210
888,1,1,1,64.4250,170.5230,0.0000,973.1880,196.9720,137.2490,0.0000,0.0000,1542.3570
889,1,1,1,61.9880,167.4530,0.0000,978.3630,194.6580,137.7850,0.0000,0.0000,1540.2470
890,1,1,1,63.2490,165.5940,0.0000,975.0280,193.9930,137.6000,0.0000,0.0000,1535.4640
891,0,1,0,63.6000,164.5600,0.0000,974.4060,193.2120,136.0990,0.0000,0.0000,1531.8770
892,1,1,1,62.0060,165.6490,0.0000,972.8430,197.1940,135.3170,0.0000,0.0000,1533.0090
893,1,1,0,65.1510,165.7170,0.0000,971.2430,196.1170,190.3510,0.0000,0.0000,1588.5790
894,1,1,0,67.5570,170.1040,0.0000,974.1470,200.7380,138.5790,0.0000,0.0000,1551.1250
895,1,1,1,64.3320,169.5200,0.0000,974.7570,196.5230,136.1910,0.0000,0.0000,1541.3230
896,1,1,1,62.7880,166.5470,0.0000,975.8280,194.6520,139.9880,0.0000,0.0000,1539.8030
897,1,1,1,64.6520,167.4580,0.0000,976.7450,195.4280,135.5080,0.0000,0.0000,1539.7910
898,0,1,1,64.4490,166.5410,0.0000,978.6400,194.9790,134.1790,0.0000,0.0000,1538.7880
899,1,1,1,63.3840,164.8920,0.0000,974.8740,194.8800,135.3290,0.0000,0.0000,1533.3590
900,1,1,1,84.9040,191.9810,0.0000,983.7230,208.5290,151.4030,0.0000,0.0000,1620.5400
901,1,1,1,67.8040,172.0980,0.0000,977.3850,198.7440,141.5810,0.0000,0.0000,1557.6120
902,1,1,1,64.0670,169.7470,0.0000,978.9100,195.8650,140.7080,0.0000,0.0000,1549.2970
903,1,1,1,63.8950,165.6990,0.0000,973.7960,194.8740,137.3110,0.0000,0.0000,1535.5750
904,1,1,1,65.2800,164.9720,0.0000,977.1450,195.0900,136.5900,0.0000,0.0000,1539.0770
905,1,1,1,62.8370,165.5330,0.0000,973.1270,195.3790,146.1660,0.0000,0.0000,1543.0420
906,1,1,1,66.0920,173.8830,0.0000,976.9410,201.4460,140.4860,0.0000,0.0000,1558.8480
907,0,1,0,64.8370,167.0710,0.0000,972.7500,196.6890,137.7290,0.0000,0.0000,1539.0760
908,0,1,0,62.6640,166.7200,0.0000,973.2620,194.6400,137.8770,0.0000,0.0000,1535.1630
909,1,1,1,64.5720,165.6800,0.0000,972.4000,193.5810,136.5540,0.0000,0.0000,1532.7870
910,1,1,1,63.5130,166.0560,0.0000,972.0300,195.7660,137.0950,0.0000,0.0000,1534.4600
911,1,1,1,62.1540,164.6710,0.0000,978.4680,193.9510,179.8280,0.0000,0.0000,1579.0720
912,1,1,1,65.7600,172.8680,0.0000,974.6280,196.7380,139.4890,0.0000,0.0000,1549.4830
913,1,1,1,63.7970,168.3080,0.0000,972.5470,194.2960,137.2370,0.0000,0.0000,1536.1850
914,1,1,0,63.7420,165.7790,0.0000,977.0340,194.3880,137.4650,0.0000,0.0000,1538.4080
915,1,1,1,64.2400,167.7350,0.0000,973.3480,195.5080,135.9510,0.0000,0.0000,1536.7820
916,1,1,1,64.2090,164.2460,0.0000,974.8490,194.9420,135.4890,0.0000,0.0000,1533.7350
917,1,1,1,63.2180,165.5260,0.0000,969.9810,193.5810,136.2890,0.0000,0.0000,1528.5950
918,1,1,1,108.2890,170.6770,0.0000,967.3470,196.9530,138.3440,0.0000,0.0000,1581.6100
919,1,1,1,64.4180,167.8700,0.0000,975.7350,193.9080,139.1330,0.0000,0.0000,1541.0640
920,1,1,0,63.5010,164.5850,0.0000,973.9390,194.0670,137.2620,0.0000,0.0000,1533.3540
921,1,1,1,63.8710,166.2090,0.0000,974.5970,193.8710,138.6960,0.0000,0.0000,1537.2440
922,1,1,1,63.3290,166.4980,0.0000,975.8160,193.4090,136.9470,0.0000,0.0000,1535.9990
923,1,1,1,63.7540,165.4960,0.0000,977.5940,194.0310,134.8310,0.0000,0.0000,1535.7060
924,1,1,1,63.1690,207.0400,0.0000,976.1110,197.4280,139.3290,0.0000,0.0000,1583.0770
925,1,1,1,63.5880,166.3140,0.0000,971.7050,195.2500,138.5110,0.0000,0.0000,1535.3680
926,1,1,1,63.4960,165.2980,0.0000,971.4590,196.7080,135.4340,0.0000,0.0000,1532.3950
927,1,1,1,63.7480,165.9020,0.0000,973.9750,194.3260,136.1910,0.0000,0.0000,1534.1420
928,1,1,1,63.5750,164.6830,0.0000,970.8800,192.5290,134.6770,0.0000,0.0000,1526.3440
929,1,1,1,63.9140,166.2460,0.0000,975.6310,193.3730,138.4740,0.0000,0.0000,1537.6380
930,1,1,1,62.3810,163.9820,0.0000,1031.9940,206.1970,138.9960,0.0000,0.0000,1603.5500
931,1,1,1,63.8890,168.6710,0.0000,976.8990,195.7050,134.0370,0.0000,0.0000,1539.2010
932,1,1,1,62.2210,168.7930,0.0000,971.6060,193.0650,136.4190,0.0000,0.0000,1532.1040
933,1,1,1,61.4830,164.8920,0.0000,962.7510,195.1450,135.4340,0.0000,0.0000,1519.7050
934,1,1,1,62.8740,165.2250,0.0000,974.1840,194.4860,136.0490,0.0000,0.0000,1532.8180
935,1,1,0,64.0550,165.6620,0.0000,971.3670,192.8430,136.7140,0.0000,0.0000,1530.6410
936,0,1,0,64.3380,166.0000,0.0000,974.9790,206.4680,141.8900,0.0000,0.0000,1553.6750
937,1,1,1,64.6030,168.2030,0.0000,977.5940,197.9010,137.9510,0.0000,0.0000,1546.2520
938,1,1,1,64.1170,165.8340,0.0000,976.0000,194.8130,139.4890,0.0000,0.0000,1540.2530
939,1,1,1,63.9450,165.4710,0.0000,972.4190,194.9170,138.2890,0.0000,0.0000,1535.0410
940,1,1,1,63.0470,166.4430,0.0000,971.5820,194.1230,136.4860,0.0000,0.0000,1531.6810
941,1,1,1,64.2770,164.2520,0.0000,978.9970,196.3570,135.8580,0.0000,0.0000,1539.7410
942,1,1,1,63.0650,166.9600,0.0000,975.1260,202.9780,141.1260,0.0000,0.0000,1549.2550
943,1,1,1,63.5940,170.2460,0.0000,974.6650,194.7200,138.0240,0.0000,0.0000,1541.2490
944,1,1,1,64.0740,167.0150,0.0000,964.4800,195.9320,135.6680,0.0000,0.0000,1527.1690
945,1,1,1,65.1570,166.3750,0.0000,974.1420,195.7970,137.4700,0.0000,0.0000,1538.9410
946,1,1,1,63.5810,165.3660,0.0000,976.0190,194.2530,137.5880,0.0000,0.0000,1536.8070
947,1,1,1,61.9450,166.8740,0.0000,975.8280,195.7230,134.8920,0.0000,0.0000,1535.2620
948,0,1,0,63.5440,165.1330,0.0000,973.9570,204.5600,139.0220,0.0000,0.0000,1546.2160
949,1,1,1,64.6220,168.7140,0.0000,979.1880,197.5020,137.1510,0.0000,0.0000,1547.1770
950,1,1,1,63.3540,165.5880,0.0000,972.5290,193.3040,136.0920,0.0000,0.0000,1530.8670
951,1,1,1,61.6800,165.8520,0.0000,971.7040,192.9910,135.1630,0.0000,0.0000,1527.3900
952,1,1,1,64.0980,166.7870,0.0000,973.2800,194.3140,136.4430,0.0000,0.0000,1534.9220
953,1,1,1,64.4620,165.2000,0.0000,975.4400,193.0640,136.8060,0.0000,0.0000,1534.9720
954,1,1,1,61.8950,166.7940,0.0000,977.4400,201.6670,139.7600,0.0000,0.0000,1547.5560
955,1,1,1,63.6250,169.4640,0.0000,974.2210,194.7510,138.3260,0.0000,0.0000,1540.3870
956,1,1,1,64.2640,167.9570,0.0000,976.4370,196.2580,136.2830,0.0000,0.0000,1541.1990
957,1,1,1,63.2550,164.0860,0.0000,974.1540,192.2890,137.3350,0.0000,0.0000,1531.1190
958,1,1,1,64.5110,165.8710,0.0000,977.1260,191.7040,135.2430,0.0000,0.0000,1534.4550
959,1,1,1,63.2800,164.9110,0.0000,976.4370,195.0340,136.7330,0.0000,0.0000,1536.3950
960,1,1,1,62.7320,164.3510,0.0000,965.1760,201.1010,138.8490,0.0000,0.0000,1532.2090
961,1,1,1,62.8060,164.8800,0.0000,975.9820,198.8060,136.5170,0.0000,0.0000,1538.9910
962,0,1,1,63.2990,167.2190,0.0000,965.5690,195.2300,136.3570,0.0000,0.0000,1527.6740
963,1,1,1,62.9600,165.1380,0.0000,961.7970,194.7270,135.1260,0.0000,0.0000,1519.7480
964,1,1,1,62.0800,166.2030,0.0000,975.5700,195.1390,136.2400,0.0000,0.0000,1535.2320
965,1,1,1,63.8650,165.9880,0.0000,976.2530,195.8650,135.7780,0.0000,0.0000,1537.7490
966,1,1,1,62.8860,165.1260,0.0000,994.3810,207.2370,140.7260,0.0000,0.0000,1570.3560
967,1,1,1,63.5630,168.6340,0.0000,976.8800,198.0190,137.3480,0.0000,0.0000,1544.4440
968,1,1,1,62.8550,167.0210,0.0000,973.4960,195.7300,136.4610,0.0000,0.0000,1535.5630
969,1,1,1,63.6740,169.0890,0.0000,976.0930,194.6950,135.5070,0.0000,0.0000,1539.0580
970,0,1,0,65.1510,164.1970,0.0000,970.5240,194.3260,136.3200,0.0000,0.0000,1530.5180
971,1,1,1,62.5290,165.7040,0.0000,977.4830,196.2770,135.5570,0.0000,0.0000,1537.5500
972,0,1,0,64.0490,165.6610,0.0000,977.4890,242.4190,138.6760,0.0000,0.0000,1588.2940
973,1,1,1,64.2580,168.8740,0.0000,975.8340,195.3410,136.1230,0.0000,0.0000,1540.4300
974,1,1,1,61.2070,166.5780,0.0000,972.4430,194.8000,136.7500,0.0000,0.0000,1531.7780
975,1,1,1,64.2650,165.1330,0.0000,973.1380,193.9760,137.2490,0.0000,0.0000,1533.7610
976,1,1,1,62.9970,165.6800,0.0000,975.9260,194.5360,136.1240,0.0000,0.0000,1535.2630
977,1,1,1,61.8090,164.7940,0.0000,976.6890,194.1480,137.7420,0.0000,0.0000,1535.1820
978,1,1,1,64.6710,165.0890,0.0000,973.6930,231.5880,138.0620,0.0000,0.0000,1573.1030
979,0,1,0,63.3970,167.5200,0.0000,976.2160,197.2250,136.8240,0.0000,0.0000,1541.1820
980,0,1,0,64.0130,167.3290,0.0000,974.7320,196.0120,134.7760,0.0000,0.0000,1536.8620
981,1,1,0,63.4210,165.3720,0.0000,978.0190,193.6310,135.1380,0.0000,0.0000,1535.5810
982,1,1,1,62.5600,164.5970,0.0000,974.5540,195.4400,135.3970,0.0000,0.0000,1532.5480
983,0,1,0,63.5450,166.6830,0.0000,973.4090,195.3480,132.9530,0.0000,0.0000,1531.9380
984,1,1,1,63.0710,163.1320,0.0000,972.3570,194.9110,179.2000,0.0000,0.0000,1572.6710
985,1,1,1,64.1170,170.8060,0.0000,974.7810,198.0490,137.4280,0.0000,0.0000,1545.1810
986,1,1,1,64.1970,166.8300,0.0000,974.2770,196.2770,136.7510,0.0000,0.0000,1538.3320
987,1,1,1,64.1540,166.8870,0.0000,972.7380,196.7630,136.8310,0.0000,0.0000,1537.3730
988,1,1,1,62.5970,167.3420,0.0000,974.9790,191.6870,136.5410,0.0000,0.0000,1533.1460
989,1,1,1,62.2220,165.8520,0.0000,976.0800,194.4680,134.1110,0.0000,0.0000,1532.7330
990,1,1,1,62.2950,165.6490,0.0000,975.3600,191.7230,135.8830,0.0000,0.0000,1530.9100
991,1,1,1,103.8650,171.2370,0.0000,974.5540,196.9780,138.6280,0.0000,0.0000,1585.2620
992,0,1,0,63.2870,167.6990,0.0000,969.1500,195.5940,135.9440,0.0000,0.0000,1531.6740
993,1,1,1,64.6640,165.9130,0.0000,972.8240,193.8210,136.4550,0.0000,0.0000,1533.6770
994,1,1,1,64.8120,165.7480,0.0000,971.1570,195.9880,136.2280,0.0000,0.0000,1533.9330
995,0,1,0,62.6460,167.1080,0.0000,963.6990,193.0710,136.4130,0.0000,0.0000,1522.9370
996,1,1,1,63.5760,164.9050,0.0000,974.7380,192.8930,138.2640,0.0000,0.0000,1534.3760
997,0,1,0,63.9200,218.1470,0.0000,976.3440,200.7930,138.1230,0.0000,0.0000,1597.3270
998,1,1,1,63.9320,169.1570,0.0000,963.8270,196.1670,138.3260,0.0000,0.0000,1531.4090
999,1,1,0,64.4860,165.9020,0.0000,992.3320,201.2620,137.2680,0.0000,0.0000,1561.2500
1000,1,1,1,64.0620,167.2370,0.0000,968.3320,197.7230,136.6030,0.0000,0.0000,1533.9570
1001,1,1,1,64.1530,168.2770,0.0000,966.1420,194.1350,136.2280,0.0000,0.0000,1528.9350
1002,1,1,1,68.0860,166.8740,0.0000,968.9670,193.6860,137.4090,0.0000,0.0000,1535.0220
1003,1,1,1,62.3630,222.0000,0.0000,974.3760,209.2920,140.8250,0.0000,0.0000,1608.8560
1004,1,1,1,61.6980,169.4400,0.0000,972.0000,196.5170,135.7110,0.0000,0.0000,1535.3660
1005,1,1,1,63.5260,167.7910,0.0000,967.7300,193.9810,137.3230,0.0000,0.0000,1530.3510
1006,1,1,1,62.3570,165.9630,0.0000,967.5630,195.9330,134.5230,0.0000,0.0000,1526.3390
1007,1,1,1,62.7570,165.8340,0.0000,963.4650,193.0340,135.6980,0.0000,0.0000,1520.7880
1008,1,1,1,63.1080,165.2060,0.0000,971.9510,194.0500,134.6710,0.0000,0.0000,1528.9860
1009,1,1,1,62.2700,165.6560,0.0000,970.6890,201.5690,137.7780,0.0000,0.0000,1537.9620
1010,0,1,1,64.1230,166.2950,0.0000,970.2280,193.2250,136.8060,0.0000,0.0000,1530.6770
1011,1,1,1,62.5170,165.8340,0.0000,968.6460,193.9140,136.0800,0.0000,0.0000,1526.9910
1012,1,1,1,61.5440,164.3440,0.0000,968.1730,194.4560,135.0210,0.0000,0.0000,1523.5380
1013,1,1,1,63.9020,165.1320,0.0000,967.3660,193.4400,137.0650,0.0000,0.0000,1526.9050
1014,1,1,1,62.1290,165.5630,0.0000,971.6250,192.0990,136.2460,0.0000,0.0000,1527.6620
1015,1,1,1,61.7290,164.3020,0.0000,972.7080,201.2060,139.3600,0.0000,0.0000,1539.3050
1016,1,1,1,62.4180,167.3040,0.0000,966.1290,195.3480,137.1820,0.0000,0.0000,1528.3810
1017,1,1,1,62.3440,164.4920,0.0000,969.1140,194.3390,138.5910,0.0000,0.0000,1528.8800
1018,1,1,1,62.3440,165.1450,0.0000,966.0190,193.3850,136.8310,0.0000,0.0000,1523.7240
1019,1,1,1,61.9810,166.6700,0.0000,966.7500,193.5140,135.7300,0.0000,0.0000,1524.6450
1020,1,1,1,62.0800,165.1560,0.0000,969.7050,192.5110,135.1940,0.0000,0.0000,1524.6460
1021,1,1,1,61.4950,167.2370,0.0000,973.1870,201.5080,140.4560,0.0000,0.0000,1543.8830
1022,1,1,1,64.2700,168.8920,0.0000,967.0220,195.1200,135.0460,0.0000,0.0000,1530.3500
1023,1,1,1,61.2860,168.0610,0.0000,965.2740,193.1940,145.1510,0.0000,0.0000,1532.9660
1024,1,1,1,62.2710,166.1970,0.0000,969.4710,191.8400,135.3420,0.0000,0.0000,1525.1210
1025,0,1,0,63.0650,166.0860,0.0000,967.8030,192.9790,133.1330,0.0000,0.0000,1523.0660
1026,1,1,1,61.1020,166.0180,0.0000,965.7410,193.7360,135.4640,0.0000,0.0000,1522.0610
1027,1,1,1,61.5940,163.5080,0.0000,966.7880,200.6760,137.9510,0.0000,0.0000,1530.5170
1028,0,1,0,62.4610,167.7600,0.0000,965.4900,196.4680,134.3440,0.0000,0.0000,1526.5230
1029,1,1,1,61.6680,165.4460,0.0000,966.0180,192.1840,133.9200,0.0000,0.0000,1519.2360
1030,1,1,1,61.7050,165.0270,0.0000,968.6960,196.0310,135.0520,0.0000,0.0000,1526.5110
1031,1,1,1,63.2550,166.6840,0.0000,969.0650,193.5130,135.4770,0.0000,0.0000,1527.9940
1032,1,1,1,60.2090,165.5200,0.0000,970.2650,193.9510,134.9540,0.0000,0.0000,1524.8990
1033,1,1,1,61.4900,168.1240,0.0000,1016.5170,203.2800,137.9200,0.0000,0.0000,1587.3310
1034,1,1,1,62.8060,166.2090,0.0000,968.2590,195.3420,135.7730,0.0000,0.0000,1528.3890
1035,1,1,1,62.1360,165.8340,0.0000,965.9330,195.0340,135.1570,0.0000,0.0000,1524.0940
1036,1,1,1,63.8270,165.8400,0.0000,966.5600,194.1910,133.7670,0.0000,0.0000,1524.1850
1037,1,1,1,62.6460,164.1790,0.0000,967.8830,195.7660,132.5230,0.0000,0.0000,1522.9970
1038,1,1,1,62.1910,164.9730,0.0000,968.7450,192.3010,135.6980,0.0000,0.0000,1523.9080
1039,1,1,1,62.7750,162.4860,0.0000,965.8520,248.2760,138.3690,0.0000,0.0000,1577.7580
1040,1,1,1,60.6640,172.3270,0.0000,974.3630,197.1140,137.2800,0.0000,0.0000,1541.7480
1041,1,1,1,61.8700,165.0400,0.0000,969.0090,196.6520,135.1450,0.0000,0.0000,1527.7160
1042,1,1,1,61.4950,165.6490,0.0000,969.2060,195.2800,134.3390,0.0000,0.0000,1525.9690
1043,1,1,1,62.2520,164.3930,0.0000,966.8250,194.1850,135.1330,0.0000,0.0000,1522.7880
1044,0,1,0,61.5020,164.9230,0.0000,968.9290,192.2590,135.8460,0.0000,0.0000,1523.4590
1045,1,1,1,61.9570,163.5390,0.0000,966.8550,195.9880,185.2060,0.0000,0.0000,1573.5450
1046,1,1,1,62.0060,170.8930,0.0000,965.2250,196.9170,138.2400,0.0000,0.0000,1533.2810
1047,1,1,1,62.9600,166.2280,0.0000,967.5140,193.4580,135.5940,0.0000,0.0000,1525.7540
1048,1,1,1,60.8610,166.2890,0.0000,970.0130,194.4550,136.0430,0.0000,0.0000,1527.6610
1049,1,1,1,62.4980,165.1880,0.0000,966.0800,195.0650,133.7850,0.0000,0.0000,1522.6160
1050,1,1,1,60.9050,163.6920,0.0000,968.5540,192.1110,135.7540,0.0000,0.0000,1521.0160
1051,0,1,0,61.3970,165.5140,0.0000,968.3570,193.5690,134.7260,0.0000,0.0000,1523.5630
1052,1,1,1,63.4460,208.7140,0.0000,965.7660,196.8920,136.4920,0.0000,0.0000,1571.3100
1053,1,1,1,61.6060,166.5850,0.0000,971.6370,195.1820,135.2430,0.0000,0.0000,1530.2530
1054,0,1,0,62.8430,163.8770,0.0000,965.9810,194.6150,136.5050,0.0000,0.0000,1523.8210
1055,1,1,1,62.4060,166.2760,0.0000,966.4180,194.3570,134.1850,0.0000,0.0000,1523.6420
1056,1,1,1,61.6430,164.3750,0.0000,970.2090,192.1480,134.7570,0.0000,0.0000,1523.1320
1057,1,1,1,61.6070,165.7230,0.0000,968.3440,192.7020,133.9260,0.0000,0.0000,1522.3020
1058,1,1,1,61.6620,165.1010,0.0000,1022.2770,201.3540,138.9300,0.0000,0.0000,1589.3240
1059,1,1,1,62.2770,166.9540,0.0000,967.4090,197.0090,134.6400,0.0000,0.0000,1528.2890
1060,1,1,1,62.4060,165.3850,0.0000,969.2190,194.1600,136.6710,0.0000,0.0000,1527.8410
1061,1,1,1,62.4370,164.5050,0.0000,970.8740,194.9730,134.8920,0.0000,0.0000,1527.6810
1062,1,1,1,62.1160,165.9940,0.0000,968.6030,194.2650,134.7750,0.0000,0.0000,1525.7530
1063,1,1,1,61.7480,164.5290,0.0000,964.1290,195.7350,135.2800,0.0000,0.0000,1521.4210
1064,1,1,1,60.9360,165.5760,0.0000,970.4860,200.7500,136.9540,0.0000,0.0000,1534.7020
1065,1,1,1,62.9660,169.5450,0.0000,969.9010,195.7230,134.3750,0.0000,0.0000,1532.5100
1066,1,1,1,61.9200,167.2500,0.0000,967.9630,194.7880,134.9350,0.0000,0.0000,1526.8560
1067,1,1,1,61.0590,166.8980,0.0000,970.3940,193.9450,136.2090,0.0000,0.0000,1528.5050
1068,1,1,1,60.9540,164.6590,0.0000,968.1780,193.4270,133.1330,0.0000,0.0000,1520.3510
1069,1,1,1,61.3230,165.5010,0.0000,965.8030,193.0840,135.3480,0.0000,0.0000,1521.0590
1070,1,1,1,60.7320,166.1970,0.0000,973.8520,201.9880,137.0650,0.0000,0.0000,1539.8340
1071,1,1,1,62.2710,167.7170,0.0000,969.7970,196.2710,138.0370,0.0000,0.0000,1534.0930
1072,1,1,1,63.5700,166.0120,0.0000,969.4830,193.6560,136.4430,0.0000,0.0000,1529.1640
1073,1,1,1,62.2520,164.8740,0.0000,966.0680,195.3230,135.1820,0.0000,0.0000,1523.6990
1074,1,1,1,62.7260,165.5690,0.0000,966.8670,195.6730,136.0310,0.0000,0.0000,1526.8660
1075,1,1,1,60.6280,163.7240,0.0000,969.0090,192.3200,137.2120,0.0000,0.0000,1522.8930
1076,1,1,1,62.0980,164.4300,0.0000,971.7850,206.6590,139.6490,0.0000,0.0000,1544.6210
1077,1,1,1,62.3130,168.9660,0.0000,969.8150,195.6310,136.8180,0.0000,0.0000,1533.5430
1078,0,1,0,62.1170,165.9820,0.0000,967.2060,193.8900,135.5560,0.0000,0.0000,1524.7510
1079,1,1,1,61.2800,165.6800,0.0000,970.9780,194.6150,136.0740,0.0000,0.0000,1528.6270
1080,1,1,1,62.3570,164.7810,0.0000,968.8800,194.7320,136.8250,0.0000,0.0000,1527.5750
1081,1,1,1,61.4160,164.9660,0.0000,968.0430,194.2770,133.2610,0.0000,0.0000,1521.9630
1082,0,1,1,61.8400,167.3170,0.0000,972.2650,203.3230,136.9660,0.0000,0.0000,1541.7110
1083,1,1,1,63.2430,166.0370,0.0000,967.3480,195.1450,133.8650,0.0000,0.0000,1525.6380
1084,1,1,1,62.6650,163.8950,0.0000,968.6830,193.0960,133.5140,0.0000,0.0000,1521.8530
1085,1,1,1,62.7630,166.2650,0.0000,968.5840,193.2310,135.9870,0.0000,0.0000,1526.8300
1086,1,1,1,65.4280,164.5970,0.0000,966.5410,192.6400,135.2370,0.0000,0.0000,1524.4430
1087,1,1,1,61.8030,165.5010,0.0000,969.1140,194.1850,134.4120,0.0000,0.0000,1525.0150
1088,1,1,0,62.0870,164.8860,0.0000,970.1420,238.0190,136.1350,0.0000,0.0000,1571.2690
1089,0,1,0,64.8060,167.3600,0.0000,968.0980,197.7170,136.4240,0.0000,0.0000,1534.4050
1090,1,1,1,60.6890,166.2340,0.0000,967.7230,194.6950,135.6310,0.0000,0.0000,1524.9720
1091,1,1,1,61.4950,165.4460,0.0000,967.3850,193.0710,134.7820,0.0000,0.0000,1522.1790
1092,0,1,0,63.0270,163.6860,0.0000,967.0580,194.1970,135.8460,0.0000,0.0000,1523.8140
1093,1,1,0,62.6520,164.8990,0.0000,967.0960,194.8990,136.2030,0.0000,0.0000,1525.7490
1094,1,1,1,62.3810,165.4150,0.0000,966.1850,193.8460,143.9140,0.0000,0.0000,1531.7410
1095,1,1,1,62.3390,171.7540,0.0000,966.6210,198.0620,135.6250,0.0000,0.0000,1534.4010
1096,1,1,1,61.6990,163.5140,0.0000,967.0530,194.1720,134.7390,0.0000,0.0000,1521.1770
1097,0,1,0,61.3540,165.8210,0.0000,965.7420,193.3780,136.9110,0.0000,0.0000,1523.2060
1098,1,1,1,61.3230,165.7480,0.0000,965.2060,192.4190,136.1910,0.0000,0.0000,1520.8870
1099,0,1,0,62.9600,165.1080,0.0000,964.9910,194.7570,134.6650,0.0000,0.0000,1522.4810
1100,1,1,1,62.4060,165.5940,0.0000,968.9110,194.9230,134.3510,0.0000,0.0000,1526.1850
1101,1,1,1,69.6620,170.3260,0.0000,973.1200,196.8550,138.7570,0.0000,0.0000,1548.7200
1102,0,1,0,63.6310,166.8370,0.0000,967.9010,196.6160,135.4030,0.0000,0.0000,1530.3880
1103,1,1,1,61.3790,164.9660,0.0000,972.3940,194.5530,137.0400,0.0000,0.0000,1530.3320
1104,1,1,1,61.9260,166.2210,0.0000,965.5570,194.3640,133.9380,0.0000,0.0000,1522.0060
1105,1,1,1,61.7840,164.3700,0.0000,969.3480,192.9660,134.4430,0.0000,0.0000,1522.9110
1106,1,1,1,61.8650,164.1660,0.0000,968.4370,193.7540,134.0060,0.0000,0.0000,1522.2280
1107,1,1,1,62.6030,209.9940,0.0000,971.3660,197.6980,137.9560,0.0000,0.0000,1579.6170
1108,1,1,0,61.3230,164.7940,0.0000,970.9040,194.0060,136.0740,0.0000,0.0000,1527.1010
1109,1,1,1,62.8070,166.4000,0.0000,967.2120,195.1010,133.6620,0.0000,0.0000,1525.1820
1110,1,1,1,64.2900,164.3270,0.0000,970.7260,193.1510,134.5900,0.0000,0.0000,1527.0840
1111,1,1,1,62.1900,164.0060,0.0000,969.8340,193.2920,133.3050,0.0000,0.0000,1522.6270
1112,1,1,1,60.9230,162.9660,0.0000,967.1010,193.6550,133.6430,0.0000,0.0000,1518.2880
1113,0,1,0,62.1840,165.0830,0.0000,967.3240,201.1440,136.4670,0.0000,0.0000,1532.2020
1114,1,1,1,62.9290,167.5070,0.0000,967.7230,194.4000,136.5720,0.0000,0.0000,1529.1310
1115,0,1,1,61.0770,166.3260,0.0000,971.2550,194.0920,136.1790,0.0000,0.0000,1528.9290
1116,0,1,0,62.1170,163.4950,0.0000,970.6090,192.0680,134.3200,0.0000,0.0000,1522.6090
1117,1,1,1,62.5600,165.7600,0.0000,964.9350,193.9810,134.0370,0.0000,0.0000,1521.2730
1118,1,1,1,64.7140,165.0900,0.0000,965.3970,194.6340,135.0530,0.0000,0.0000,1524.8880
1119,1,1,1,62.8860,166.2220,0.0000,968.9350,202.2280,136.8180,0.0000,0.0000,1537.0890
1120,1,1,1,62.1050,167.8210,0.0000,970.3760,195.6610,133.8900,0.0000,0.0000,1529.8530
1121,1,1,1,62.5480,164.7570,0.0000,971.8270,194.3870,136.8310,0.0000,0.0000,1530.3500
1122,1,1,1,62.3200,165.0400,0.0000,976.9720,321.0400,197.3420,0.0000,0.0000,1722.7140
1123,0,1,0,80.9660,223.8210,0.0000,995.9080,305.7540,188.7810,0.0000,0.0000,1795.2300
1124,0,1,0,78.5790,223.0210,0.0000,980.8180,237.8090,155.8400,0.0000,0.0000,1676.0670
1125,1,1,1,130.3690,200.3320,0.0000,977.5330,210.9290,152.0190,0.0000,0.0000,1671.1820
1126,1,1,1,65.5020,176.8430,0.0000,971.9940,199.3780,139.6740,0.0000,0.0000,1553.3910
1127,1,1,1,62.1290,169.7850,0.0000,972.7070,195.2180,136.2340,0.0000,0.0000,1536.0730
1128,1,1,1,61.7910,167.4160,0.0000,967.1760,194.7380,137.5570,0.0000,0.0000,1528.6780
1129,0,1,0,62.3200,167.5690,0.0000,966.2030,196.7760,136.2160,0.0000,0.0000,1529.0840
1130,0,1,0,61.5690,165.0770,0.0000,967.1690,194.6210,134.2830,0.0000,0.0000,1522.7190
1131,1,1,0,61.4280,227.2920,0.0000,972.4670,201.7050,140.1410,0.0000,0.0000,1603.0330
1132,1,1,0,62.0430,168.4860,0.0000,967.7540,194.5040,137.4280,0.0000,0.0000,1530.2150
1133,1,1,1,61.7470,167.1560,0.0000,968.9910,194.0490,134.5350,0.0000,0.0000,1526.4780
1134,1,1,1,62.4430,165.0890,0.0000,967.2440,192.4490,136.0180,0.0000,0.0000,1523.2430
1135,1,1,1,62.6220,165.4960,0.0000,970.8620,193.7660,135.3840,0.0000,0.0000,1528.1300
1136,1,1,1,61.8160,162.5110,0.0000,966.7630,194.9410,134.7320,0.0000,0.0000,1520.7630
1137,1,1,1,62.4990,219.3660,0.0000,972.5230,209.3790,143.4340,0.0000,0.0000,1607.2010
1138,1,1,1,63.4530,170.8980,0.0000,970.9850,193.1390,137.8030,0.0000,0.0000,1536.2780
1139,1,1,1,62.4620,168.6400,0.0000,967.5140,195.5010,135.5140,0.0000,0.0000,1529.6310
1140,0,1,0,63.2560,164.2400,0.0000,968.3820,194.3330,136.7870,0.0000,0.0000,1526.9980
1141,0,1,1,62.1230,165.4590,0.0000,968.0310,193.1880,135.3110,0.0000,0.0000,1524.1120
1142,1,1,1,62.4240,164.5970,0.0000,968.6900,193.4030,136.1600,0.0000,0.0000,1525.2740
1143,1,1,1,62.4740,165.2000,0.0000,962.9050,214.0620,142.6950,0.0000,0.0000,1547.3360
1144,0,1,0,64.2220,173.2310,0.0000,971.4770,197.3600,137.9630,0.0000,0.0000,1544.2530
1145,1,1,1,62.7260,165.4150,0.0000,969.0770,196.1230,135.7240,0.0000,0.0000,1529.0650
1146,1,1,1,60.6520,166.7570,0.0000,970.2710,194.2590,134.8560,0.0000,0.0000,1526.7950
1147,1,1,1,61.8280,162.6280,0.0000,967.0950,193.0470,134.5410,0.0000,0.0000,1519.1390
1148,1,1,1,62.8430,165.4520,0.0000,967.3780,195.1810,136.8120,0.0000,0.0000,1527.6660
1149,1,1,0,60.9480,165.0710,0.0000,966.6530,204.2400,141.8530,0.0000,0.0000,1538.7650
1150,1,1,1,65.1820,171.3050,0.0000,974.0490,197.1320,136.6340,0.0000,0.0000,1544.3020
1151,1,1,1,62.7880,166.8930,0.0000,969.5690,194.4310,135.2500,0.0000,0.0000,1528.9310
1152,1,1,1,60.7510,165.1510,0.0000,970.3070,192.1780,134.5290,0.0000,0.0000,1522.9160
1153,1,1,1,61.7420,164.8000,0.0000,968.3630,193.9010,133.3240,0.0000,0.0000,1522.1300
1154,1,1,1,63.4280,165.4890,0.0000,967.6860,194.3820,133.2060,0.0000,0.0000,1524.1910
1155,1,1,1,62.0300,165.6300,0.0000,969.5690,201.6310,137.0650,0.0000,0.0000,1535.9250
1156,1,1,1,63.6860,170.4490,0.0000,974.1110,195.9440,134.5540,0.0000,0.0000,1538.7440
1157,1,1,1,61.4890,166.3940,0.0000,972.4000,194.6530,133.7970,0.0000,0.0000,1528.7330
1158,1,1,1,62.9540,165.8090,0.0000,970.3020,192.0920,134.6400,0.0000,0.0000,1525.7970
1159,1,1,1,61.4100,164.7380,0.0000,973.2610,194.2520,137.4770,0.0000,0.0000,1531.1380
1160,1,1,1,61.1760,166.2520,0.0000,967.8580,192.9480,134.5420,0.0000,0.0000,1522.7760
1161,1,1,1,62.2890,167.0960,0.0000,973.4590,200.9360,136.9530,0.0000,0.0000,1540.7330
1162,1,1,1,64.5530,167.7790,0.0000,968.8500,195.6370,137.6250,0.0000,0.0000,1534.4440
1163,1,1,1,62.3070,164.8610,0.0000,965.7230,196.3080,136.5790,0.0000,0.0000,1525.7780
1164,1,1,1,61.8900,166.4740,0.0000,974.6590,195.0150,134.2460,0.0000,0.0000,1532.2840
1165,1,1,1,62.0120,163.6370,0.0000,966.0000,193.9630,133.0340,0.0000,0.0000,1518.6460
1166,1,1,1,61.2920,165.8520,0.0000,965.9820,194.0550,135.8710,0.0000,0.0000,1523.0520
1167,1,1,1,62.5910,165.8280,0.0000,968.2950,202.4800,137.9940,0.0000,0.0000,1537.1880
1168,1,1,1,62.7080,165.9870,0.0000,972.7260,195.1630,134.9730,0.0000,0.0000,1531.5570
1169,0,1,1,62.8310,165.5200,0.0000,969.4830,194.8800,134.4990,0.0000,0.0000,1527.2130
1170,1,1,1,62.7750,164.7690,0.0000,968.6340,193.7050,133.9880,0.0000,0.0000,1523.8710
1171,1,1,1,62.9290,164.6830,0.0000,970.8550,194.8490,134.5240,0.0000,0.0000,1527.8400
1172,1,1,1,61.0770,164.5040,0.0000,966.1170,194.3450,134.1960,0.0000,0.0000,1520.2390
1173,1,1,1,59.9640,163.4950,0.0000,966.0000,236.3880,138.2400,0.0000,0.0000,1564.0870
1174,0,1,0,64.4610,167.8530,0.0000,969.1870,195.5200,137.9260,0.0000,0.0000,1534.9470
1175,1,1,1,62.1290,165.4760,0.0000,964.8370,193.2860,136.2210,0.0000,0.0000,1521.9490
1176,0,1,0,63.8770,165.1320,0.0000,969.0400,193.7780,136.8190,0.0000,0.0000,1528.6460
1177,0,1,0,62.1850,167.3720,0.0000,966.8860,195.1010,134.9420,0.0000,0.0000,1526.4860
1178,1,1,1,62.7320,164.7940,0.0000,970.2340,194.2890,135.3900,0.0000,0.0000,1527.4390
1179,1,1,1,61.4890,164.1970,0.0000,964.3200,192.5290,192.0440,0.0000,0.0000,1574.5790
1180,1,1,1,64.0430,172.0860,0.0000,971.8520,198.6090,137.7480,0.0000,0.0000,1544.3380
1181,1,1,1,63.3230,165.7970,0.0000,966.3260,193.8470,134.8120,0.0000,0.0000,1524.1050
1182,1,1,1,61.5630,163.9870,0.0000,967.9690,193.0700,136.4370,0.0000,0.0000,1523.0260
1183,0,1,0,62.6890,162.7450,0.0000,968.3760,191.4040,135.3780,0.0000,0.0000,1520.5920
1184,1,1,1,62.0430,162.5660,0.0000,966.8310,195.9200,135.3230,0.0000,0.0000,1522.6830
1185,1,1,1,61.6560,164.8550,0.0000,969.9200,193.5200,133.8400,0.0000,0.0000,1523.7910
1186,1,1,1,114.0800,172.2710,0.0000,967.6620,197.2370,135.5690,0.0000,0.0000,1586.8190
1187,1,1,1,62.7440,167.5940,0.0000,970.2270,195.5080,137.8340,0.0000,0.0000,1533.9070
1188,1,1,1,64.4310,167.3170,0.0000,970.0310,194.7140,134.5970,0.0000,0.0000,1531.0900
1189,1,1,1,61.3900,164.7440,0.0000,966.5360,194.8920,135.0470,0.0000,0.0000,1522.6090
1190,0,1,0,61.4270,166.6460,0.0000,970.5970,193.7420,135.4150,0.0000,0.0000,1527.8270
1191,1,1,1,61.6490,164.3690,0.0000,964.3820,193.8460,134.3690,0.0000,0.0000,1518.6150
1192,1,1,1,61.4210,206.7010,0.0000,967.8890,198.8620,136.5290,0.0000,0.0000,1571.4020
1193,1,1,1,61.7780,167.4890,0.0000,971.4960,193.8640,135.8220,0.0000,0.0000,1530.4490
1194,1,1,1,63.5260,165.1020,0.0000,961.5140,192.9410,135.1880,0.0000,0.0000,1518.2710
1195,1,1,1,61.5140,164.3130,0.0000,970.7570,195.3840,135.6370,0.0000,0.0000,1527.6050
1196,1,1,1,61.1390,164.5040,0.0000,968.9530,194.1910,135.3850,0.0000,0.0000,1524.1720
1197,1,1,1,62.2640,165.8830,0.0000,968.5290,195.2060,136.0800,0.0000,0.0000,1527.9620
1198,1,1,1,61.7720,166.2770,0.0000,971.0830,199.0650,135.9130,0.0000,0.0000,1534.1100
1199,1,1,1,62.7270,168.3140,0.0000,973.9810,195.6680,135.1880,0.0000,0.0000,1535.8780
1200,1,1,1,61.7420,167.6680,0.0000,967.3360,196.1350,135.4590,0.0000,0.0000,1528.3400
1201,1,1,1,60.9910,164.2210,0.0000,970.0610,195.3230,134.3140,0.0000,0.0000,1524.9100
1202,1,1,1,60.4560,164.1410,0.0000,968.6650,194.3880,135.1070,0.0000,0.0000,1522.7570
1203,1,1,1,62.0240,165.2800,0.0000,965.6310,194.4620,134.8860,0.0000,0.0000,1522.2830
1204,1,1,1,62.5360,166.0800,0.0000,970.6030,201.0030,136.7570,0.0000,0.0000,1536.9790
1205,1,1,1,63.1690,166.9970,0.0000,966.2220,194.8740,135.3170,0.0000,0.0000,1526.5790
1206,1,1,1,61.7660,164.1970,0.0000,966.4310,195.6800,136.2280,0.0000,0.0000,1524.3020
1207,0,1,0,61.1080,165.8460,0.0000,963.2430,192.8740,136.8130,0.0000,0.0000,1519.8840
1208,1,1,1,60.6950,165.0340,0.0000,968.0240,193.8640,133.2800,0.0000,0.0000,1520.8970
1209,1,1,0,60.7810,165.4640,0.0000,968.5910,192.3200,135.3230,0.0000,0.0000,1522.4790
1210,1,1,1,62.0370,167.1200,0.0000,961.5260,202.5110,138.7690,0.0000,0.0000,1531.9630
1211,1,1,1,62.7880,169.3290,0.0000,973.4030,198.2150,135.3780,0.0000,0.0000,1539.1130
1212,1,1,1,64.4120,166.1290,0.0000,969.3420,194.0740,135.1630,0.0000,0.0000,1529.1200
1213,1,1,1,60.3130,165.5320,0.0000,968.0560,194.1840,134.6520,0.0000,0.0000,1522.7370
1214,1,1,1,60.1780,165.8580,0.0000,961.7970,194.3760,135.3470,0.0000,0.0000,1517.5560
1215,1,1,1,62.7450,162.5600,0.0000,968.1480,193.5380,133.9010,0.0000,0.0000,1520.8920
1216,1,1,1,61.2740,164.3810,0.0000,972.3630,201.2860,133.8280,0.0000,0.0000,1533.1320
1217,1,1,1,61.7100,168.7820,0.0000,969.3480,194.3570,135.2990,0.0000,0.0000,1529.4960
1218,0,1,0,61.0770,164.8800,0.0000,966.6460,191.2000,133.0650,0.0000,0.0000,1516.8680
1219,1,1,1,62.4740,166.5110,0.0000,970.7070,195.6430,136.0180,0.0000,0.0000,1531.3530
1220,0,1,0,63.7230,163.7660,0.0000,965.5200,194.1110,134.4190,0.0000,0.0000,1521.5390
1221,1,1,1,63.0280,164.9970,0.0000,967.3730,193.7720,133.7670,0.0000,0.0000,1522.9370
1222,0,1,0,62.8190,165.0960,0.0000,968.5600,254.3940,138.7020,0.0000,0.0000,1589.5710
1223,1,1,1,62.8060,169.5630,0.0000,964.2340,199.4960,136.2470,0.0000,0.0000,1532.3460
1224,1,1,1,62.6770,168.5720,0.0000,966.7500,194.3510,136.0990,0.0000,0.0000,1528.4490
1225,1,1,1,61.8460,165.0830,0.0000,974.6030,195.9820,135.7840,0.0000,0.0000,1533.2980
1226,0,1,0,62.2160,162.8610,0.0000,971.5690,194.4000,133.5690,0.0000,0.0000,1524.6150
1227,0,1,0,63.0580,166.6890,0.0000,972.9910,194.0740,135.1200,0.0000,0.0000,1531.9320
1228,1,1,1,62.7700,165.1080,0.0000,967.3530,232.3880,137.0520,0.0000,0.0000,1564.6710
1229,1,1,1,63.0770,169.9630,0.0000,970.2090,196.2460,137.0520,0.0000,0.0000,1536.5470
1230,1,1,0,60.2400,165.4710,0.0000,966.8560,196.0120,136.0120,0.0000,0.0000,1524.5910
1231,1,1,1,63.0890,165.3110,0.0000,964.0610,193.7050,134.9910,0.0000,0.0000,1521.1570
1232,0,1,1,62.1600,164.7690,0.0000,966.7200,192.1170,134.8860,0.0000,0.0000,1520.6520
1233,1,1,1,60.6710,164.4680,0.0000,966.1170,192.8550,135.1880,0.0000,0.0000,1519.2990
1234,0,1,0,61.8460,162.8310,0.0000,971.7790,195.8830,133.2990,0.0000,0.0000,1525.6380
1235,1,1,1,66.9050,170.9910,0.0000,967.9020,196.7200,138.8990,0.0000,0.0000,1541.4170
1236,1,1,1,63.1260,165.3780,0.0000,967.9510,193.4400,133.4830,0.0000,0.0000,1523.3780
1237,1,1,0,61.4950,165.3660,0.0000,968.9720,194.8610,135.2930,0.0000,0.0000,1525.9870
1238,1,1,0,62.4490,165.9130,0.0000,969.7170,191.2680,134.7260,0.0000,0.0000,1524.0730
1239,1,1,1,61.7480,165.2130,0.0000,964.1350,193.0830,135.9820,0.0000,0.0000,1520.1610
1240,1,1,1,61.9810,165.5010,0.0000,966.4740,193.7350,134.6830,0.0000,0.0000,1522.3740
1241,1,1,1,61.5690,220.7380,0.0000,969.2250,201.1940,139.5760,0.0000,0.0000,1592.3020
1242,1,1,1,62.7500,166.8550,0.0000,970.7140,198.2590,136.9470,0.0000,0.0000,1535.5250
1243,1,1,1,63.7970,167.7660,0.0000,967.2000,194.9850,136.3450,0.0000,0.0000,1530.0930
1244,1,1,1,62.6470,166.3080,0.0000,967.7790,191.9200,133.7360,0.0000,0.0000,1522.3900
1245,1,1,1,60.2210,162.5480,0.0000,970.3440,191.8090,137.2740,0.0000,0.0000,1522.1960
1246,1,1,1,61.2620,163.0520,0.0000,968.8370,192.2160,134.7510,0.0000,0.0000,1520.1180
1247,1,1,0,62.4680,166.7820,0.0000,963.7900,201.6240,135.8330,0.0000,0.0000,1530.4970
1248,1,1,1,62.8560,167.0220,0.0000,969.4030,194.4310,134.2950,0.0000,0.0000,1528.0070
1249,1,1,1,61.2250,166.7260,0.0000,966.0560,194.6150,133.6550,0.0000,0.0000,1522.2770
1250,1,1,1,63.3900,164.9110,0.0000,965.6990,193.2370,134.6030,0.0000,0.0000,1521.8400
1251,0,1,0,61.6800,164.7260,0.0000,972.4920,194.8310,132.8550,0.0000,0.0000,1526.5840
1252,0,1,0,59.7600,162.4370,0.0000,967.6370,193.2240,135.5690,0.0000,0.0000,1518.6270
1253,1,1,1,61.6740,164.5900,0.0000,971.7970,201.8830,134.6960,0.0000,0.0000,1534.6400
1254,1,1,1,62.0430,166.8860,0.0000,969.5760,195.1450,136.2400,0.0000,0.0000,1529.8900
1255,1,1,1,62.1470,165.8090,0.0000,966.4120,194.1910,135.0340,0.0000,0.0000,1523.5930
1256,0,1,0,61.7410,164.8490,0.0000,968.2400,196.3200,134.2220,0.0000,0.0000,1525.3720
1257,1,1,1,61.3480,164.7690,0.0000,966.6460,196.1230,133.8890,0.0000,0.0000,1522.7750
1258,1,1,1,62.9230,164.5110,0.0000,969.9760,194.8000,134.9720,0.0000,0.0000,1527.1820
1259,1,1,1,61.5760,165.8710,0.0000,975.6620,202.7140,139.5690,0.0000,0.0000,1545.3920
1260,1,1,1,63.8150,169.0220,0.0000,969.9940,194.8920,137.1260,0.0000,0.0000,1534.8490
1261,1,1,0,62.6590,166.2030,0.0000,967.7910,195.7290,135.0210,0.0000,0.0000,1527.4030
1262,1,1,1,63.5440,165.1820,0.0000,971.3900,195.7850,133.9510,0.0000,0.0000,1529.8520
1263,1,1,1,60.9670,165.0030,0.0000,969.5200,191.6930,134.7080,0.0000,0.0000,1521.8910
1264,1,1,1,60.4990,162.5350,0.0000,967.1260,193.7720,135.7850,0.0000,0.0000,1519.7170
1265,0,1,0,62.2400,163.8900,0.0000,961.6670,199.5140,139.2800,0.0000,0.0000,1526.5910
1266,1,1,1,60.6220,168.1290,0.0000,967.9260,196.2710,135.4960,0.0000,0.0000,1528.4440
1267,1,1,1,62.9100,165.8710,0.0000,966.9350,193.9140,134.8490,0.0000,0.0000,1524.4790
1268,1,1,1,63.0710,165.3600,0.0000,969.8460,194.4000,133.9930,0.0000,0.0000,1526.6700
1269,1,1,0,61.4950,164.7200,0.0000,965.0830,193.7780,133.1570,0.0000,0.0000,1518.2330
1270,1,1,1,62.0430,164.2650,0.0000,971.0520,192.4860,133.8650,0.0000,0.0000,1523.7110
1271,1,1,1,63.3050,165.3290,0.0000,989.9870,203.4090,137.8400,0.0000,0.0000,1559.8700
1272,1,1,1,61.1320,167.1570,0.0000,970.4000,195.4030,134.9360,0.0000,0.0000,1529.0280
1273,1,1,1,62.9410,164.9850,0.0000,968.5480,194.0430,134.4740,0.0000,0.0000,1524.9910
1274,1,1,1,61.0210,163.8890,0.0000,963.5750,194.3020,134.3500,0.0000,0.0000,1517.1370
1275,1,1,1,61.8460,164.0300,0.0000,965.7840,193.9810,135.3420,0.0000,0.0000,1520.9830
1276,1,1,1,60.6030,164.5050,0.0000,965.9130,192.7820,134.3080,0.0000,0.0000,1518.1110
1277,1,1,1,61.1200,163.1020,0.0000,967.9140,234.3630,136.1410,0.0000,0.0000,1562.6400
1278,1,1,1,63.7230,171.6490,0.0000,967.5380,195.7720,136.6400,0.0000,0.0000,1535.3220
1279,1,1,1,63.2070,166.3750,0.0000,967.5510,195.1630,136.5480,0.0000,0.0000,1528.8440
1280,1,1,1,61.1020,163.7110,0.0000,968.5540,194.4130,135.4890,0.0000,0.0000,1523.2690
1281,0,1,0,61.7170,165.2000,0.0000,970.3570,194.4920,134.9910,0.0000,0.0000,1526.7570
1282,1,1,1,60.4370,163.5880,0.0000,970.4180,195.0030,134.1230,0.0000,0.0000,1523.5690
1283,1,1,1,61.3600,166.2150,0.0000,963.6680,193.4210,174.1360,0.0000,0.0000,1558.8000
1284,1,1,1,63.3040,169.3790,0.0000,972.3880,195.5940,135.4210,0.0000,0.0000,1536.0860
1285,1,1,1,62.8980,167.3970,0.0000,974.0620,194.4430,136.8250,0.0000,0.0000,1535.6250
1286,1,1,1,63.3660,164.7820,0.0000,968.3750,194.2890,135.4890,0.0000,0.0000,1526.3010
1287,1,1,1,62.3690,164.2760,0.0000,967.6620,194.0370,135.0280,0.0000,0.0000,1523.3720
1288,1,1,1,62.5660,164.4430,0.0000,964.8740,192.9480,134.9780,0.0000,0.0000,1519.8090
1289,0,1,0,61.7050,165.4460,0.0000,965.1330,195.6680,136.3140,0.0000,0.0000,1524.2660
1290,1,1,1,62.5110,213.7660,0.0000,968.4860,197.9010,137.0770,0.0000,0.0000,1579.7410
1291,1,1,1,62.2890,165.4520,0.0000,970.7640,195.8280,136.4180,0.0000,0.0000,1530.7510
1292,0,1,0,62.1720,164.0990,0.0000,965.5880,193.2550,135.5380,0.0000,0.0000,1520.6520
1293,1,1,1,61.4520,166.1790,0.0000,964.8920,193.7970,135.9080,0.0000,0.0000,1522.2280
1294,1,1,1,63.6370,166.6460,0.0000,966.5720,196.3440,134.3260,0.0000,0.0000,1527.5250
1295,1,1,1,61.6060,164.2520,0.0000,967.9070,192.5840,136.2280,0.0000,0.0000,1522.5770
1296,1,1,1,61.6180,165.1500,0.0000,1023.1870,202.7380,137.7600,0.0000,0.0000,1590.4530
1297,1,1,1,61.3600,167.2740,0.0000,971.9630,195.9630,136.1040,0.0000,0.0000,1532.6640
1298,0,1,0,60.2710,164.8610,0.0000,968.4560,195.8460,136.0310,0.0000,0.0000,1525.4650
1299,1,1,1,62.3940,165.1140,0.0000,966.2090,193.7970,132.1970,0.0000,0.0000,1519.7110
1300,0,1,0,63.2680,162.6280,0.0000,967.4340,193.3110,132.9110,0.0000,0.0000,1519.5520
1301,1,1,1,62.0860,166.0190,0.0000,966.4560,193.3410,136.0060,0.0000,0.0000,1523.9080
1302,0,1,0,64.6770,165.7050,0.0000,961.2800,205.0830,138.7380,0.0000,0.0000,1535.4830
1303,1,1,1,62.8000,168.8500,0.0000,970.6530,195.7970,135.7600,0.0000,0.0000,1533.8600
1304,1,1,1,63.4890,166.4120,0.0000,969.8330,193.1510,135.5080,0.0000,0.0000,1528.3930
1305,1,1,1,61.2070,163.3970,0.0000,969.5940,194.7700,135.8150,0.0000,0.0000,1524.7830
1306,1,1,1,61.9330,164.3260,0.0000,967.7110,193.9200,135.0520,0.0000,0.0000,1522.9420
1307,1,1,1,62.9040,166.0310,0.0000,964.5050,195.5080,136.1790,0.0000,0.0000,1525.1270
1308,1,1,1,61.9870,164.3140,0.0000,973.2250,200.6520,136.8250,0.0000,0.0000,1537.0030
1309,1,1,1,62.7260,166.0930,0.0000,968.1600,196.4870,136.1100,0.0000,0.0000,1529.5760
1310,1,1,1,62.9720,165.8030,0.0000,966.4990,192.3630,134.6640,0.0000,0.0000,1522.3010
1311,1,1,1,60.9170,165.0400,0.0000,964.8980,192.7020,133.2610,0.0000,0.0000,1516.8180
1312,1,1,0,62.4130,163.8640,0.0000,966.8370,192.4800,135.9260,0.0000,0.0000,1521.5200
1313,1,1,0,60.5970,166.8930,0.0000,964.1100,192.8370,133.4580,0.0000,0.0000,1517.8950
1314,1,1,1,61.3970,164.2890,0.0000,973.1010,199.9810,137.9200,0.0000,0.0000,1536.6880
1315,1,1,1,62.6770,166.8800,0.0000,970.3020,194.6590,136.0310,0.0000,0.0000,1530.5490
1316,0,1,1,60.9360,164.2710,0.0000,971.1940,194.5780,136.3630,0.0000,0.0000,1527.3420
1317,1,1,1,61.3420,164.8620,0.0000,968.3260,192.2160,133.4220,0.0000,0.0000,1520.1680
1318,1,1,1,61.6000,165.0030,0.0000,969.9880,193.2610,134.4490,0.0000,0.0000,1524.3010
1319,1,1,1,63.0650,162.5230,0.0000,968.9170,193.6680,133.7420,0.0000,0.0000,1521.9150
1320,1,1,1,63.0650,164.0800,0.0000,971.3970,201.9630,139.3230,0.0000,0.0000,1539.8280
1321,0,1,0,61.5700,166.2900,0.0000,973.3600,196.5960,135.8830,0.0000,0.0000,1533.6990
1322,1,1,1,62.4310,165.1320,0.0000,966.5480,193.7910,135.3790,0.0000,0.0000,1523.2810
1323,1,1,1,62.5420,164.3630,0.0000,964.9670,192.4860,135.3530,0.0000,0.0000,1519.7110
1324,1,1,1,62.9480,166.7010,0.0000,968.0490,192.5660,132.6830,0.0000,0.0000,1522.9470
1325,1,1,1,60.7690,164.7200,0.0000,971.0830,193.3300,134.4920,0.0000,0.0000,1524.3940
1326,1,1,1,62.5660,167.0460,0.0000,964.7880,240.5600,137.7160,0.0000,0.0000,1572.6760
1327,1,1,1,62.5900,168.0490,0.0000,968.1840,194.5780,136.5410,0.0000,0.0000,1529.9420
1328,1,1,1,61.1570,164.2030,0.0000,971.9930,194.7020,135.6560,0.0000,0.0000,1527.7110
1329,1,1,1,62.4440,164.2770,0.0000,970.4990,194.7870,134.7010,0.0000,0.0000,1526.7080
1330,1,1,1,61.1270,164.2400,0.0000,965.9380,193.3600,134.8500,0.0000,0.0000,1519.5150
1331,1,1,1,61.3480,164.1300,0.0000,969.1200,191.6370,134.3140,0.0000,0.0000,1520.5490
1332,1,1,1,61.5690,164.2950,0.0000,970.0430,192.0860,191.5630,0.0000,0.0000,1579.5560
1333,1,1,1,63.7660,170.3450,0.0000,968.8740,196.6960,135.5140,0.0000,0.0000,1535.1950
1334,1,1,1,60.0250,165.8090,0.0000,968.0500,196.7330,135.2860,0.0000,0.0000,1525.9030
1335,1,1,1,62.5350,166.1050,0.0000,969.8830,196.2770,133.3350,0.0000,0.0000,1528.1350
1336,1,1,1,64.5850,164.3380,0.0000,976.1480,249.4950,159.6920,0.0000,0.0000,1614.2580
1337,1,1,1,68.8120,183.2250,0.0000,967.8950,204.1420,143.9260,0.0000,0.0000,1568.0000
1338,1,1,1,63.0400,170.6830,0.0000,972.0980,198.4860,196.7200,0.0000,0.0000,1601.0270
1339,1,1,1,65.6560,178.5110,0.0000,970.9480,202.4740,139.3720,0.0000,0.0000,1556.9610
1340,1,1,1,63.0520,170.8430,0.0000,968.7560,196.6580,137.7360,0.0000,0.0000,1537.0450
1341,1,1,1,62.6210,168.0430,0.0000,968.0000,194.5170,136.8920,0.0000,0.0000,1530.0730
1342,1,1,1,64.7070,165.4830,0.0000,969.9270,194.3500,135.9200,0.0000,0.0000,1530.3870
1343,1,1,1,62.6220,166.0920,0.0000,967.5570,194.9050,134.4800,0.0000,0.0000,1525.6560
1344,1,1,1,61.9700,164.7510,0.0000,969.7170,195.3170,135.6620,0.0000,0.0000,1527.4170
1345,1,1,1,74.8430,184.4500,0.0000,972.3260,203.7840,144.3140,0.0000,0.0000,1579.7170
1346,0,1,0,64.0000,168.7140,0.0000,970.4490,197.0280,135.2190,0.0000,0.0000,1535.4100
1347,1,1,1,62.4440,165.7170,0.0000,970.0800,194.5600,137.5510,0.0000,0.0000,1530.3520
1348,1,1,1,61.3850,167.0470,0.0000,970.5100,194.4310,133.1750,0.0000,0.0000,1526.5480
1349,1,1,1,61.4830,165.7170,0.0000,963.6370,191.7540,134.4860,0.0000,0.0000,1517.0770
1350,1,1,1,61.8830,166.0870,0.0000,966.0060,190.9970,134.8800,0.0000,0.0000,1519.8530
1351,0,1,0,61.9700,223.8710,0.0000,971.2610,200.1780,140.2090,0.0000,0.0000,1597.4890
1352,1,1,1,63.4160,167.1940,0.0000,970.8000,195.9690,135.2370,0.0000,0.0000,1532.6160
1353,1,1,1,61.9690,168.0310,0.0000,965.2800,194.7760,135.8640,0.0000,0.0000,1525.9200
1354,1,1,1,63.2310,166.1170,0.0000,967.1700,195.5200,135.0400,0.0000,0.0000,1527.0780
1355,1,1,1,61.4100,164.7570,0.0000,969.4890,192.7870,135.4220,0.0000,0.0000,1523.8650
1356,1,1,1,60.7270,164.5970,0.0000,968.6340,192.5050,136.9780,0.0000,0.0000,1523.4410
1357,1,1,1,60.9540,163.6670,0.0000,968.4860,199.0950,138.0990,0.0000,0.0000,1530.3010
1358,1,1,1,62.9720,167.0830,0.0000,968.5480,194.9850,134.4920,0.0000,0.0000,1528.0800
1359,1,1,1,61.3780,164.2830,0.0000,966.9230,193.9140,134.9720,0.0000,0.0000,1521.4700
1360,1,1,1,62.1470,166.1110,0.0000,967.7100,193.3840,134.1040,0.0000,0.0000,1523.4560
1361,0,1,0,62.6030,163.3720,0.0000,970.2830,193.0890,134.9170,0.0000,0.0000,1524.2640
1362,1,1,1,61.3170,163.5390,0.0000,963.8530,193.3110,134.3080,0.0000,0.0000,1516.3280
1363,1,1,1,63.0710,163.8520,0.0000,967.0950,203.8890,137.1880,0.0000,0.0000,1535.0950
1364,1,1,1,62.5790,168.3320,0.0000,969.7540,194.6220,135.9200,0.0000,0.0000,1531.2070
1365,1,1,1,62.1300,167.5080,0.0000,967.4220,194.8860,134.3570,0.0000,0.0000,1526.3030
1366,1,1,1,63.0770,166.3450,0.0000,965.1380,194.1110,136.1790,0.0000,0.0000,1524.8500
1367,1,1,1,61.4700,165.9080,0.0000,963.0890,193.9570,136.3700,0.0000,0.0000,1520.7940
1368,1,1,1,61.2670,163.1080,0.0000,968.1050,193.9010,135.2120,0.0000,0.0000,1521.5930
1369,1,1,1,61.0400,163.2000,0.0000,963.0210,207.8950,139.6610,0.0000,0.0000,1534.8170
1370,1,1,1,61.8030,167.6060,0.0000,969.6310,195.3720,136.4180,0.0000,0.0000,1530.8300
1371,1,1,1,65.0460,164.4990,0.0000,971.9630,194.3510,133.9140,0.0000,0.0000,1529.7730
1372,1,1,1,61.3540,167.0830,0.0000,972.1110,195.6440,135.2250,0.0000,0.0000,1531.4170
1373,1,1,1,62.9790,162.9910,0.0000,970.3140,194.6460,136.2220,0.0000,0.0000,1527.1520
1374,1,1,1,62.2950,164.0190,0.0000,966.4240,193.5010,135.4220,0.0000,0.0000,1521.6610
1375,1,1,1,62.0310,162.9530,0.0000,968.0370,199.1260,138.7080,0.0000,0.0000,1530.8550
1376,1,1,1,63.7910,168.9040,0.0000,968.0120,196.9970,134.4000,0.0000,0.0000,1532.1040
1377,1,1,1,61.4830,164.6520,0.0000,967.7350,192.5970,133.6370,0.0000,0.0000,1520.1040
1378,1,1,1,61.8950,163.2740,0.0000,968.0730,191.6980,134.7690,0.0000,0.0000,1519.7090
1379,0,1,0,61.2370,162.9600,0.0000,967.9870,192.6900,132.7140,0.0000,0.0000,1517.5880
1380,1,1,1,62.7200,165.9760,0.0000,967.7540,191.5450,135.5140,0.0000,0.0000,1523.5090
1381,1,1,1,60.7760,164.0930,0.0000,974.5350,203.8650,135.2680,0.0000,0.0000,1538.5370
1382,1,1,1,62.1660,169.2370,0.0000,971.7290,196.5170,135.6860,0.0000,0.0000,1535.3350
1383,1,1,1,62.3260,165.0770,0.0000,967.1510,194.6270,135.0890,0.0000,0.0000,1524.2700
1384,1,1,1,61.5200,165.0710,0.0000,969.0270,193.3170,134.9540,0.0000,0.0000,1523.8890
1385,1,1,1,61.6430,165.6920,0.0000,970.2400,192.6830,133.9390,0.0000,0.0000,1524.1970
1386,1,1,1,61.6920,166.2650,0.0000,966.2770,193.4770,136.1600,0.0000,0.0000,1523.8710
1387,1,1,1,62.0490,164.2950,0.0000,967.5930,235.1690,136.6280,0.0000,0.0000,1565.7340
1388,1,1,1,61.5330,169.6310,0.0000,970.3630,195.6740,135.9940,0.0000,0.0000,1533.1950
1389,1,1,1,62.0920,166.2520,0.0000,968.7940,193.9510,136.2650,0.0000,0.0000,1527.3540
1390,1,1,0,61.2060,165.4830,0.0000,967.5020,191.0770,134.4670,0.0000,0.0000,1519.7350
1391,1,1,1,62.5420,164.7080,0.0000,967.5940,190.4060,134.6710,0.0000,0.0000,1519.9210
1392,1,1,1,61.8770,164.3510,0.0000,971.3900,193.1020,134.4920,0.0000,0.0000,1525.2120
1393,1,1,1,61.5940,163.2370,0.0000,966.4550,193.6490,181.8090,0.0000,0.0000,1566.7440
1394,1,1,1,63.7470,169.1750,0.0000,969.8520,197.6180,136.2770,0.0000,0.0000,1536.6690
1395,0,1,0,62.9660,166.4370,0.0000,970.1850,194.8310,135.4590,0.0000,0.0000,1529.8780
1396,1,1,1,61.2060,167.7600,0.0000,969.4650,195.6620,133.6490,0.0000,0.0000,1527.7420
1397,1,1,1,60.6470,165.1260,0.0000,968.8180,196.3810,134.4860,0.0000,0.0000,1525.4580
1398,1,1,1,61.8770,166.2520,0.0000,965.4950,194.3010,136.7260,0.0000,0.0000,1524.6510
1399,1,1,1,62.7260,165.5820,0.0000,965.3350,195.6490,134.2400,0.0000,0.0000,1523.5320
1400,0,1,0,103.3230,169.9380,0.0000,973.6180,198.5230,137.3600,0.0000,0.0000,1582.7620
1401,1,1,1,62.9420,165.0770,0.0000,968.5230,195.0650,135.8520,0.0000,0.0000,1527.4590
1402,1,1,1,63.9080,166.5050,0.0000,973.0210,196.3810,135.6680,0.0000,0.0000,1535.4830
1403,1,1,1,62.2530,166.5100,0.0000,968.0680,194.8190,134.3380,0.0000,0.0000,1525.9880
1404,0,1,0,61.3300,162.4860,0.0000,967.0640,195.2240,133.9500,0.0000,0.0000,1520.0540
1405,1,1,1,61.3420,164.7570,0.0000,968.3820,195.3960,134.3260,0.0000,0.0000,1524.2030
1406,1,1,1,59.5020,221.9880,0.0000,973.1510,203.3670,137.2300,0.0000,0.0000,1595.2380
1407,1,1,1,62.2890,167.5700,0.0000,968.6770,194.6770,136.8000,0.0000,0.0000,1530.0130
1408,1,1,1,62.0620,163.2800,0.0000,966.9410,198.3080,134.3260,0.0000,0.0000,1524.9170
1409,1,1,1,61.5080,165.0520,0.0000,966.5540,193.5330,134.8310,0.0000,0.0000,1521.4780
1410,0,1,0,62.8560,162.5230,0.0000,967.3970,191.7350,134.9110,0.0000,0.0000,1519.4220
1411,1,1,1,61.3470,165.0770,0.0000,964.1230,193.1870,133.6440,0.0000,0.0000,1517.3780
1412,0,1,0,61.1630,165.0890,0.0000,973.4090,202.7260,140.0680,0.0000,0.0000,1542.4550
1413,1,1,1,62.8000,168.1850,0.0000,967.7420,196.9230,134.2030,0.0000,0.0000,1529.8530
1414,1,1,1,62.8190,167.1630,0.0000,968.3140,194.5530,139.5200,0.0000,0.0000,1532.3690
1415,0,1,0,61.4220,165.5440,0.0000,971.7110,194.5230,134.5660,0.0000,0.0000,1527.7660
1416,1,1,1,62.3940,164.2400,0.0000,966.1420,194.4800,134.7820,0.0000,0.0000,1522.0380
1417,1,1,1,62.0070,164.9410,0.0000,967.1810,193.6670,134.3630,0.0000,0.0000,1522.1590
1418,1,1,1,63.9870,164.0980,0.0000,971.1870,201.3600,141.0400,0.0000,0.0000,1541.6720
1419,1,1,1,64.0440,166.8370,0.0000,966.9910,194.0740,134.7450,0.0000,0.0000,1526.6910
1420,1,1,1,60.7570,164.7260,0.0000,971.3350,194.6770,134.1040,0.0000,0.0000,1525.5990
1421,1,1,1,61.5380,164.1910,0.0000,970.4560,193.5450,134.2830,0.0000,0.0000,1524.0130
1422,1,1,1,61.8090,162.8180,0.0000,967.0950,195.5200,134.7510,0.0000,0.0000,1521.9930
1423,1,1,1,62.9850,166.6580,0.0000,967.3420,193.0960,136.1420,0.0000,0.0000,1526.2230
1424,1,1,1,62.3200,164.6400,0.0000,970.8800,203.3100,138.9110,0.0000,0.0000,1540.0610
1425,1,1,1,64.4430,167.9260,0.0000,972.9230,195.5760,137.0900,0.0000,0.0000,1537.9580
1426,1,1,1,63.1630,165.8090,0.0000,968.0430,193.0400,136.2890,0.0000,0.0000,1526.3440
1427,1,1,1,62.1910,163.9070,0.0000,969.4400,194.0860,134.8800,0.0000,0.0000,1524.5040
1428,1,1,1,61.2860,164.5600,0.0000,969.1820,192.4920,135.0460,0.0000,0.0000,1522.5660
1429,0,1,0,62.4250,167.2990,0.0000,965.0530,193.2550,135.2500,0.0000,0.0000,1523.2820
1430,1,1,1,62.0560,163.8160,0.0000,971.8220,200.4000,137.9810,0.0000,0.0000,1536.0750
1431,1,1,1,63.2370,166.7690,0.0000,972.9970,193.9080,135.2730,0.0000,0.0000,1532.1840
1432,1,1,1,62.2340,166.2830,0.0000,966.0490,196.0920,134.6950,0.0000,0.0000,1525.3530
1433,1,1,1,62.5850,169.1380,0.0000,970.7020,195.8520,133.9390,0.0000,0.0000,1532.2160
1434,1,1,1,63.0580,166.2090,0.0000,970.8860,193.6310,134.4610,0.0000,0.0000,1528.2450
1435,1,1,1,61.9080,166.4250,0.0000,965.5390,194.5420,134.0370,0.0000,0.0000,1522.4510
1436,1,1,1,63.2180,163.2250,0.0000,1022.4490,202.9600,138.7380,0.0000,0.0000,1590.5900
1437,1,1,1,62.1360,167.1750,0.0000,966.9840,197.8090,135.2190,0.0000,0.0000,1529.3230
1438,1,1,1,61.7660,165.5140,0.0000,968.2090,194.0060,134.7510,0.0000,0.0000,1524.2460
1439,1,1,1,62.1480,164.8000,0.0000,965.6430,192.5780,134.0980,0.0000,0.0000,1519.2670
1440,1,1,1,60.9670,166.8800,0.0000,967.7720,195.5140,134.2710,0.0000,0.0000,1525.4040
1441,1,1,1,62.2960,165.6730,0.0000,966.4740,193.2000,136.0490,0.0000,0.0000,1523.6920
1442,1,1,1,61.3720,163.5570,0.0000,968.2470,252.4300,136.4250,0.0000,0.0000,1582.0310
1443,0,1,0,62.5790,168.2340,0.0000,969.4950,193.9510,137.4890,0.0000,0.0000,1531.7480
1444,0,1,0,64.0920,166.6770,0.0000,971.5450,193.8590,137.5020,0.0000,0.0000,1533.6750
1445,1,1,1,63.0340,165.2120,0.0000,963.9330,194.9780,134.4430,0.0000,0.0000,1521.6000
1446,1,1,1,60.9350,166.4060,0.0000,969.2740,192.9660,133.3470,0.0000,0.0000,1522.9280
1447,1,1,1,61.9390,165.4270,0.0000,966.7390,194.6830,134.3200,0.0000,0.0000,1523.1080
1448,0,1,1,63.0530,164.5300,0.0000,967.7360,192.1230,178.1660,0.0000,0.0000,1565.6080
1449,1,1,1,63.5390,171.0090,0.0000,971.9450,195.7050,135.6180,0.0000,0.0000,1537.8160
1450,0,1,1,61.7290,166.6400,0.0000,970.8130,193.0150,135.9200,0.0000,0.0000,1528.1170
1451,1,1,1,62.9230,166.4740,0.0000,965.6310,193.7970,135.2060,0.0000,0.0000,1524.0310
1452,1,1,1,62.1290,164.6520,0.0000,963.2560,193.5200,133.3470,0.0000,0.0000,1516.9040
1453,0,1,0,61.2920,165.3850,0.0000,964.7510,193.1820,134.8740,0.0000,0.0000,1519.4840
1454,1,1,1,61.4830,165.1880,0.0000,967.1750,195.0090,133.7350,0.0000,0.0000,1522.5900
1455,1,1,1,61.9880,208.0500,0.0000,969.0400,195.3240,137.7910,0.0000,0.0000,1572.1930
1456,1,1,1,63.2920,164.6150,0.0000,967.8900,193.1320,134.4000,0.0000,0.0000,1523.3290
1457,1,1,1,59.4400,165.6180,0.0000,972.2520,194.7880,133.6990,0.0000,0.0000,1525.7970
1458,1,1,1,61.0520,164.9600,0.0000,973.3040,195.4280,133.3480,0.0000,0.0000,1528.0920
1459,0,1,0,62.4490,164.0860,0.0000,970.1720,192.2090,134.8250,0.0000,0.0000,1523.7410
1460,0,1,0,62.2210,165.2120,0.0000,972.4980,194.7760,133.4160,0.0000,0.0000,1528.1230
1461,0,1,0,60.8430,164.4250,0.0000,1007.7970,200.3020,136.5100,0.0000,0.0000,1569.8770
1462,1,1,1,61.9140,166.0610,0.0000,968.2700,195.6560,135.0710,0.0000,0.0000,1526.9720
1463,1,1,1,62.2340,163.6930,0.0000,969.1820,196.1910,133.8160,0.0000,0.0000,1525.1160
1464,0,1,0,63.1200,165.7970,0.0000,965.5200,194.6460,135.1070,0.0000,0.0000,1524.1900
1465,0,1,0,62.3260,165.9510,0.0000,964.4990,192.9230,134.4560,0.0000,0.0000,1520.1550
1466,1,1,1,61.7290,164.6030,0.0000,965.3230,193.4340,134.8060,0.0000,0.0000,1519.8950
1467,1,1,1,61.3910,163.7290,0.0000,966.5970,202.0000,138.3390,0.0000,0.0000,1532.0560
1468,0,1,0,62.2030,165.9330,0.0000,969.1260,194.9170,136.1360,0.0000,0.0000,1528.3150
1469,1,1,1,61.6800,165.8460,0.0000,968.8300,195.1630,135.8520,0.0000,0.0000,1527.3710
1470,1,1,1,61.9500,166.0740,0.0000,965.2800,194.6150,136.0000,0.0000,0.0000,1523.9190
1471,1,1,1,61.8530,164.1040,0.0000,966.0360,193.9010,134.3570,0.0000,0.0000,1520.2510
1472,1,1,1,63.0770,165.5080,0.0000,967.2430,193.6430,135.3170,0.0000,0.0000,1524.7880
1473,1,1,1,62.2590,163.4340,0.0000,973.5570,199.6670,138.4190,0.0000,0.0000,1537.3360
1474,1,1,1,62.8000,166.4120,0.0000,968.0620,194.1290,136.1910,0.0000,0.0000,1527.5940
1475,1,1,1,62.3200,165.1630,0.0000,968.0680,193.5690,135.2860,0.0000,0.0000,1524.4060
1476,1,1,1,61.7730,166.1290,0.0000,963.3040,192.2960,135.5570,0.0000,0.0000,1519.0590
1477,1,1,1,60.5170,165.0280,0.0000,969.2440,194.1720,134.2090,0.0000,0.0000,1523.1700
1478,1,1,1,62.1720,165.0460,0.0000,966.6900,193.5750,134.2220,0.0000,0.0000,1521.7050
1479,1,1,1,61.6490,162.6400,0.0000,971.2180,203.6240,138.2650,0.0000,0.0000,1537.3960
1480,1,1,1,62.3880,169.8700,0.0000,970.2840,196.9050,137.4520,0.0000,0.0000,1536.8990
1481,1,1,1,61.7470,166.7020,0.0000,969.1930,195.5570,136.5730,0.0000,0.0000,1529.7720
1482,0,1,0,61.2920,163.6740,0.0000,972.0180,193.7410,132.2580,0.0000,0.0000,1522.9830
1483,1,1,0,60.9170,165.2620,0.0000,969.1450,195.0460,135.1630,0.0000,0.0000,1525.5330
1484,1,1,1,62.9040,163.8340,0.0000,966.9110,195.6680,134.7630,0.0000,0.0000,1524.0800
1485,1,1,1,62.2890,165.1810,0.0000,973.8280,205.1570,137.2000,0.0000,0.0000,1543.6550
1486,1,1,1,63.2130,168.1360,0.0000,972.4070,194.0550,134.7940,0.0000,0.0000,1532.6050
1487,0,1,0,62.8990,166.9970,0.0000,966.9050,194.2650,133.7170,0.0000,0.0000,1524.7830
1488,1,1,1,62.3080,165.7850,0.0000,966.5470,193.8770,135.0950,0.0000,0.0000,1523.6120
1489,1,1,0,62.5040,164.4190,0.0000,972.1240,194.4740,134.2090,0.0000,0.0000,1527.7300
1490,1,1,1,61.5260,164.1850,0.0000,966.6580,192.7260,133.6430,0.0000,0.0000,1518.7380
1491,1,1,1,61.7720,164.7570,0.0000,967.2120,238.6030,135.5320,0.0000,0.0000,1567.8760
1492,1,1,1,61.1820,168.0680,0.0000,970.7140,196.6890,135.5690,0.0000,0.0000,1532.2220
1493,1,1,0,62.5410,167.1200,0.0000,966.2950,195.7360,133.0280,0.0000,0.0000,1524.7200
1494,1,1,1,63.4590,165.1630,0.0000,968.8800,193.9260,134.8120,0.0000,0.0000,1526.2400
1495,1,1,1,60.9600,166.2340,0.0000,969.2430,193.5390,136.1660,0.0000,0.0000,1526.1420
1496,1,1,1,62.7080,165.3350,0.0000,970.5160,194.1840,135.6310,0.0000,0.0000,1528.3740
1497,1,1,1,62.1100,165.5260,0.0000,963.5320,192.6520,178.5540,0.0000,0.0000,1562.3740
1498,1,1,1,62.7070,169.6190,0.0000,970.4670,196.1410,137.3600,0.0000,0.0000,1536.2940
1499,1,1,1,61.2860,166.6270,0.0000,969.9880,194.7200,134.3940,0.0000,0.0000,1527.0150
1500,1,1,0,84.5780,216.0180,0.0000,984.3750,215.5260,156.0000,0.0000,0.0000,1656.4970
1501,1,1,1,66.1970,176.0620,0.0000,971.5010,202.5730,138.6890,0.0000,0.0000,1555.0220
1502,1,1,1,66.6830,170.0370,0.0000,966.8120,211.2740,144.0370,0.0000,0.0000,1558.8430
1503,1,1,1,63.3600,170.3690,0.0000,967.5330,198.1110,135.2800,0.0000,0.0000,1534.6530
1504,1,1,1,62.9110,167.8460,0.0000,968.3570,197.1140,135.6310,0.0000,0.0000,1531.8590
1505,1,1,1,62.9540,166.2090,0.0000,967.6980,194.0500,135.9320,0.0000,0.0000,1526.8430
1506,1,1,1,61.9390,167.1070,0.0000,968.2700,193.2800,133.8640,0.0000,0.0000,1524.4600
1507,1,1,1,63.3540,167.0950,0.0000,967.3780,195.4030,133.3530,0.0000,0.0000,1526.5830
1508,1,1,1,61.1630,161.8900,0.0000,972.7200,245.9260,138.4430,0.0000,0.0000,1580.1420
1509,1,1,1,62.4500,168.7070,0.0000,970.8930,198.1170,134.9910,0.0000,0.0000,1535.1580
1510,1,1,1,62.7140,164.8920,0.0000,969.7480,192.3380,134.7510,0.0000,0.0000,1524.4430
1511,1,1,1,62.6710,167.2250,0.0000,965.3600,193.9570,133.8460,0.0000,0.0000,1523.0590
1512,1,1,1,61.4400,163.3720,0.0000,973.2370,193.7040,135.5330,0.0000,0.0000,1527.2860
1513,0,1,0,60.9300,163.6180,0.0000,969.7660,194.8550,135.7480,0.0000,0.0000,1524.9170
1514,1,1,1,60.7630,164.0240,0.0000,971.8030,251.5380,141.6680,0.0000,0.0000,1589.7960
1515,0,1,1,63.4400,170.9840,0.0000,975.6980,199.1200,138.0490,0.0000,0.0000,1547.2910
1516,1,1,1,62.0370,167.5440,0.0000,972.1910,196.7760,135.8100,0.0000,0.0000,1534.3580
1517,1,1,1,61.3720,165.6370,0.0000,967.7050,193.5820,134.7930,0.0000,0.0000,1523.0890
1518,1,1,1,62.6280,166.0000,0.0000,965.0520,193.7410,135.9010,0.0000,0.0000,1523.3220
1519,1,1,1,62.8370,164.7380,0.0000,966.5470,194.2280,134.1600,0.0000,0.0000,1522.5100
1520,1,1,1,62.1350,165.6000,0.0000,968.1850,192.6030,178.3760,0.0000,0.0000,1566.8990
1521,1,1,1,64.7700,170.3020,0.0000,969.9690,196.4980,137.4210,0.0000,0.0000,1538.9600
1522,1,1,1,62.7570,166.7570,0.0000,971.7600,194.2220,135.2250,0.0000,0.0000,1530.7210
1523,0,1,0,62.9600,167.0460,0.0000,961.8640,196.1960,134.5050,0.0000,0.0000,1522.5710
1524,0,1,0,62.4250,167.2550,0.0000,968.4860,190.0120,135.7790,0.0000,0.0000,1523.9570
1525,0,1,0,61.7040,164.0860,0.0000,965.4950,192.1350,131.7720,0.0000,0.0000,1515.1920
1526,1,1,1,61.3480,163.9940,0.0000,969.4700,194.8180,135.3600,0.0000,0.0000,1524.9900
1527,1,1,1,60.9350,208.7810,0.0000,970.4740,196.3450,138.9230,0.0000,0.0000,1575.4580
1528,1,1,1,63.6490,168.6400,0.0000,966.6770,195.7230,135.7600,0.0000,0.0000,1530.4490
1529,1,1,1,61.2550,164.6340,0.0000,967.9820,195.5510,136.6150,0.0000,0.0000,1526.0370
1530,1,1,1,60.0180,166.1230,0.0000,968.8860,193.0100,133.3230,0.0000,0.0000,1521.3600
1531,1,1,1,61.9750,165.0640,0.0000,966.3570,193.7170,133.6300,0.0000,0.0000,1520.7430
1532,1,1,1,62.3510,163.3910,0.0000,967.0030,194.2280,134.1110,0.0000,0.0000,1521.0840
1533,0,1,0,60.5910,164.0310,0.0000,971.5440,218.9170,143.4900,0.0000,0.0000,1558.5730
1534,1,1,1,65.4770,173.6310,0.0000,973.6740,199.6740,140.3690,0.0000,0.0000,1552.8250
1535,0,1,0,62.5970,166.2830,0.0000,968.9100,196.5600,136.1480,0.0000,0.0000,1530.4980
1536,0,1,0,64.0740,166.4360,0.0000,969.3660,193.7110,135.4590,0.0000,0.0000,1529.0460
1537,1,1,1,61.8040,164.6280,0.0000,962.7450,193.7730,134.4930,0.0000,0.0000,1517.4430
1538,0,1,0,62.5420,165.7040,0.0000,968.6340,194.8740,134.5970,0.0000,0.0000,1526.3510
1539,1,1,1,62.5420,163.7230,0.0000,962.1360,204.4610,139.1630,0.0000,0.0000,1532.0250
1540,1,1,1,61.8160,166.9540,0.0000,971.1630,196.0370,136.8930,0.0000,0.0000,1532.8630
1541,1,1,1,61.0770,165.8650,0.0000,967.9140,196.8370,135.3660,0.0000,0.0000,1527.0590
1542,1,1,1,63.4650,162.6340,0.0000,969.4030,193.6680,136.0920,0.0000,0.0000,1525.2620
1543,1,1,0,63.3970,165.8280,0.0000,966.3440,194.7390,134.6340,0.0000,0.0000,1524.9420
1544,1,1,1,62.3880,166.1230,0.0000,969.9690,194.2950,134.8000,0.0000,0.0000,1527.5750
1545,1,1,1,62.4490,165.4090,0.0000,967.8580,201.0030,136.1050,0.0000,0.0000,1532.8240
1546,1,1,1,63.6800,169.7540,0.0000,968.8800,194.8620,135.8900,0.0000,0.0000,1533.0660
1547,1,1,1,61.1070,165.2620,0.0000,968.3080,193.5260,133.4520,0.0000,0.0000,1521.6550
1548,1,1,1,61.0220,166.2890,0.0000,969.4710,194.7510,134.9970,0.0000,0.0000,1526.5300
1549,1,1,1,62.8860,164.1350,0.0000,970.5600,194.2280,136.9100,0.0000,0.0000,1528.7190
1550,1,1,1,63.6240,165.0890,0.0000,966.7200,193.9750,134.5350,0.0000,0.0000,1523.9430
1551,1,1,1,61.3050,166.7750,0.0000,971.2180,205.0400,139.1510,0.0000,0.0000,1543.4890
1552,1,1,1,64.0310,169.0280,0.0000,970.0920,194.3820,135.3720,0.0000,0.0000,1532.9050
1553,1,1,1,62.2160,164.8870,0.0000,968.4550,194.1600,135.5020,0.0000,0.0000,1525.2200
1554,0,1,1,62.0990,167.2000,0.0000,966.1600,193.9200,135.0960,0.0000,0.0000,1524.4750
1555,1,1,1,61.7170,166.1420,0.0000,965.7660,193.2490,136.9730,0.0000,0.0000,1523.8470
1556,1,1,1,61.9450,164.9410,0.0000,968.1420,192.2340,134.3570,0.0000,0.0000,1521.6190
1557,1,1,1,61.7970,166.6770,0.0000,970.0490,200.9850,136.5350,0.0000,0.0000,1536.0430
1558,0,1,0,63.1080,167.4090,0.0000,970.0490,195.8090,134.9720,0.0000,0.0000,1531.3470
1559,1,1,1,63.5380,165.6920,0.0000,968.5970,194.9170,135.9820,0.0000,0.0000,1528.7260
1560,1,1,1,62.0370,163.5510,0.0000,967.5260,193.5320,135.4280,0.0000,0.0000,1522.0740
1561,1,1,1,61.3660,165.1020,0.0000,969.1200,193.9640,133.2060,0.0000,0.0000,1522.7580
1562,0,1,0,62.9970,164.5600,0.0000,965.3110,191.7660,133.9020,0.0000,0.0000,1518.5360
1563,1,1,1,61.3970,165.7230,0.0000,969.8710,236.7330,139.6800,0.0000,0.0000,1573.4040
1564,1,1,1,62.9660,168.3200,0.0000,969.4840,195.1390,137.0830,0.0000,0.0000,1532.9920
1565,1,1,1,62.6650,165.0840,0.0000,967.6610,193.0160,135.9690,0.0000,0.0000,1524.3950
1566,1,1,1,60.6090,165.1390,0.0000,968.2590,192.7510,135.5820,0.0000,0.0000,1522.3400
1567,0,1,0,60.5110,164.6460,0.0000,970.7140,192.9230,134.9170,0.0000,0.0000,1523.7110
1568,1,1,1,63.2120,164.7260,0.0000,966.1540,194.5730,136.4860,0.0000,0.0000,1525.1510
1569,1,1,1,62.3260,165.0400,0.0000,973.1140,193.4090,186.3630,0.0000,0.0000,1580.2520
1570,1,1,1,64.5240,172.9910,0.0000,972.2030,198.6280,136.2340,0.0000,0.0000,1544.5800
1571,1,1,1,61.9320,168.2340,0.0000,971.0400,194.6900,131.8460,0.0000,0.0000,1527.7420
1572,1,1,1,62.7080,166.6090,0.0000,971.5690,192.4620,134.1970,0.0000,0.0000,1527.5450
1573,0,1,0,62.4800,165.4580,0.0000,968.7810,192.9730,136.5660,0.0000,0.0000,1526.2580
1574,1,1,1,60.6400,167.3040,0.0000,967.0890,194.6090,136.1350,0.0000,0.0000,1525.7770
1575,1,1,1,61.3480,165.1270,0.0000,970.0800,195.9260,136.1850,0.0000,0.0000,1528.6660
1576,1,1,1,101.7660,170.1350,0.0000,973.0830,195.8650,138.8190,0.0000,0.0000,1579.6680
1577,1,1,1,63.7600,164.7020,0.0000,968.6520,195.1750,134.4610,0.0000,0.0000,1526.7500
1578,1,1,1,64.0680,165.8460,0.0000,964.0310,194.4430,136.5420,0.0000,0.0000,1524.9300
1579,1,1,1,62.8870,165.3970,0.0000,970.3940,193.3540,134.1970,0.0000,0.0000,1526.2290
1580,1,1,1,61.9020,164.9540,0.0000,970.0300,192.5910,133.0030,0.0000,0.0000,1522.4800
1581,1,1,1,62.7870,164.7630,0.0000,967.8340,193.8210,133.5630,0.0000,0.0000,1522.7680
1582,1,1,1,61.0770,206.8990,0.0000,970.3510,197.4460,135.9510,0.0000,0.0000,1571.7240
1583,1,1,1,61.8220,166.3880,0.0000,967.7290,195.3480,133.2990,0.0000,0.0000,1524.5860
1584,0,1,0,61.5200,166.2890,0.0000,966.7700,191.7540,136.0250,0.0000,0.0000,1522.3580
1585,1,1,1,62.4240,164.8310,0.0000,967.6500,194.9100,135.5440,0.0000,0.0000,1525.3590
1586,1,1,1,62.1290,164.2650,0.0000,968.2590,193.4270,136.1790,0.0000,0.0000,1524.2590
1587,1,1,1,62.5230,163.8900,0.0000,967.6560,193.4460,134.4860,0.0000,0.0000,1522.0010
1588,1,1,1,60.4000,165.1450,0.0000,971.1450,204.6220,139.2800,0.0000,0.0000,1540.5920
1589,1,1,1,63.4400,165.9390,0.0000,969.6860,195.6430,137.1260,0.0000,0.0000,1531.8340
1590,1,1,1,61.6930,164.2470,0.0000,966.7510,193.9630,134.5660,0.0000,0.0000,1521.2200
1591,1,1,1,62.0370,166.6460,0.0000,968.1670,195.4700,134.0490,0.0000,0.0000,1526.3690
1592,1,1,1,61.7360,162.7870,0.0000,967.8160,191.2250,134.5660,0.0000,0.0000,1518.1300
1593,0,1,0,63.2240,163.4340,0.0000,969.6980,193.8650,135.0400,0.0000,0.0000,1525.2610
1594,1,1,1,63.5330,164.8310,0.0000,971.7110,200.4130,136.3260,0.0000,0.0000,1536.8140
1595,1,1,1,61.8650,164.6460,0.0000,969.9930,196.8800,135.0280,0.0000,0.0000,1528.4120
1596,1,1,1,63.2490,165.5010,0.0000,964.8550,194.4800,137.5260,0.0000,0.0000,1525.6110
1597,1,1,1,61.9630,166.6280,0.0000,968.7870,192.3510,135.0770,0.0000,0.0000,1524.8060
1598,1,1,1,61.4840,164.1910,0.0000,967.0710,191.6860,137.3790,0.0000,0.0000,1521.8110
1599,1,1,1,62.1110,164.9410,0.0000,968.2150,194.3570,136.6160,0.0000,0.0000,1526.2400
1600,1,1,1,63.4030,163.1380,0.0000,974.4370,199.9010,137.5020,0.0000,0.0000,1538.3810
1601,0,1,0,64.5660,166.9540,0.0000,970.4860,196.4990,138.0620,0.0000,0.0000,1536.5670
1602,1,1,1,64.5840,163.6240,0.0000,971.7970,193.5450,135.2930,0.0000,0.0000,1528.8430
1603,1,1,1,62.9290,165.1510,0.0000,969.9380,192.9600,134.7870,0.0000,0.0000,1525.7650
1604,1,1,1,60.4920,165.6680,0.0000,970.7690,193.6300,134.7630,0.0000,0.0000,1525.3220
1605,1,1,1,61.7660,165.9810,0.0000,967.6310,193.5020,135.3410,0.0000,0.0000,1524.2210
1606,1,1,1,61.2430,165.2550,0.0000,968.5290,202.7260,135.9940,0.0000,0.0000,1533.7470
1607,1,1,1,64.1660,169.3530,0.0000,971.6860,195.2980,136.3390,0.0000,0.0000,1536.8420
1608,1,1,1,61.4400,165.4280,0.0000,968.0370,194.6580,135.9320,0.0000,0.0000,1525.4950
1609,1,1,1,60.3200,164.7930,0.0000,970.0490,193.5760,135.3970,0.0000,0.0000,1524.1350
1610,0,1,0,62.6960,166.1910,0.0000,966.6150,193.6240,132.6400,0.0000,0.0000,1521.7660
1611,1,1,1,63.1630,165.2250,0.0000,965.7850,194.4370,133.8150,0.0000,0.0000,1522.4250
1612,1,1,1,62.3440,164.7450,0.0000,1003.6550,203.4400,135.8150,0.0000,0.0000,1569.9990
1613,1,1,1,63.4280,167.2860,0.0000,972.0490,195.3470,133.6740,0.0000,0.0000,1531.7840
1614,1,1,1,60.2590,164.6950,0.0000,970.6400,196.3750,134.4740,0.0000,0.0000,1526.4430
1615,1,1,1,62.1530,165.2680,0.0000,967.3040,194.8610,135.2440,0.0000,0.0000,1524.8300
1616,1,1,1,60.3820,163.3360,0.0000,968.7320,193.1940,133.5690,0.0000,0.0000,1519.2130
1617,1,1,1,61.6800,164.7080,0.0000,968.1600,192.6890,134.7570,0.0000,0.0000,1521.9940
1618,1,1,1,62.4670,163.7600,0.0000,965.0460,231.4280,140.5730,0.0000,0.0000,1563.2740
1619,1,1,1,61.8520,167.8210,0.0000,971.9570,197.1510,136.8250,0.0000,0.0000,1535.6060
1620,1,1,1,60.4060,165.4770,0.0000,967.3170,194.1480,134.5730,0.0000,0.0000,1521.9210
1621,0,1,0,60.7270,164.4060,0.0000,966.2770,194.1050,136.1050,0.0000,0.0000,1521.6200
1622,1,1,1,61.9380,165.3480,0.0000,965.6440,194.7510,135.9390,0.0000,0.0000,1523.6200
1623,1,1,1,61.4150,165.3600,0.0000,970.8800,195.1760,135.1080,0.0000,0.0000,1527.9390
1624,0,1,1,60.7320,166.0130,0.0000,968.3200,190.8930,135.7910,0.0000,0.0000,1521.7490
1625,1,1,1,68.6210,171.9380,0.0000,971.0770,197.9260,138.1360,0.0000,0.0000,1547.6980
1626,1,1,1,63.8580,164.7390,0.0000,966.3140,196.2210,133.4460,0.0000,0.0000,1524.5780
1627,1,1,1,63.2430,164.6150,0.0000,968.5780,191.9450,136.1230,0.0000,0.0000,1524.5040
1628,1,1,0,62.8250,163.7170,0.0000,965.4210,194.0000,133.9690,0.0000,0.0000,1519.9320
1629,1,1,1,63.9560,165.9760,0.0000,970.1910,194.8430,132.3260,0.0000,0.0000,1527.2920
1630,1,1,1,62.0310,164.6210,0.0000,971.3910,192.6030,132.4920,0.0000,0.0000,1523.1380
1631,1,1,1,62.9360,282.0490,0.0000,972.3640,207.1870,143.9200,0.0000,0.0000,1668.4560
1632,1,1,1,64.1410,170.4310,0.0000,969.1820,197.4030,139.3660,0.0000,0.0000,1540.5230
1633,1,1,1,62.3510,168.1970,0.0000,973.8280,194.8250,136.5600,0.0000,0.0000,1535.7610
1634,1,1,1,63.2500,164.6400,0.0000,972.1780,194.6770,135.6610,0.0000,0.0000,1530.4060
1635,1,1,1,61.8330,165.3230,0.0000,968.4680,193.5940,134.3080,0.0000,0.0000,1523.5260
1636,1,1,1,60.8000,165.4770,0.0000,968.8120,193.8640,134.1230,0.0000,0.0000,1523.0760
1637,1,1,1,61.7100,216.4000,0.0000,973.1690,200.4800,138.8430,0.0000,0.0000,1590.6020
1638,1,1,1,62.0800,166.3570,0.0000,965.2740,194.1910,135.7970,0.0000,0.0000,1523.6990
1639,1,1,1,62.8980,166.1900,0.0000,966.4680,193.5570,133.6610,0.0000,0.0000,1522.7740
1640,1,1,1,63.2800,165.4520,0.0000,970.6400,194.0430,133.8770,0.0000,0.0000,1527.2920
1641,1,1,1,62.6150,164.6710,0.0000,968.8310,191.6620,134.7260,0.0000,0.0000,1522.5050
1642,0,1,0,63.9010,167.3540,0.0000,969.8710,192.3140,135.8770,0.0000,0.0000,1529.3170
1643,1,1,1,63.2060,165.4030,0.0000,971.0530,202.8120,137.8650,0.0000,0.0000,1540.3390
1644,1,1,1,63.4340,168.3080,0.0000,969.8650,194.6150,134.8800,0.0000,0.0000,1531.1020
1645,1,1,1,62.1230,165.3730,0.0000,969.9940,195.4460,135.3290,0.0000,0.0000,1528.2650
1646,1,1,1,62.7500,165.1940,0.0000,970.3140,196.2890,134.1230,0.0000,0.0000,1528.6700
1647,0,1,0,60.1600,164.3630,0.0000,966.9290,195.0520,134.8920,0.0000,0.0000,1521.3960
1648,1,1,1,60.8620,164.1040,0.0000,967.5260,192.7820,134.7200,0.0000,0.0000,1519.9940
1649,1,1,1,61.3350,164.8000,0.0000,973.9020,201.4030,136.7870,0.0000,0.0000,1538.2270
1650,1,1,1,61.8950,167.5570,0.0000,970.2650,192.5230,135.0830,0.0000,0.0000,1527.3230
1651,1,1,1,62.9730,165.9200,0.0000,970.9790,194.5290,135.9930,0.0000,0.0000,1530.3940
1652,1,1,1,64.2400,166.2220,0.0000,967.2670,193.7170,134.4560,0.0000,0.0000,1525.9020
1653,1,1,1,60.6030,162.2890,0.0000,968.2340,192.0190,133.5510,0.0000,0.0000,1516.6960
1654,0,1,0,61.3670,162.6220,0.0000,965.5940,193.7050,135.4030,0.0000,0.0000,1518.6910
1655,0,1,0,61.7540,165.0090,0.0000,970.9720,199.5510,137.6120,0.0000,0.0000,1534.8980
1656,1,1,0,62.2460,165.8090,0.0000,969.8830,194.7510,133.7600,0.0000,0.0000,1526.4490
1657,1,1,1,61.0030,165.0340,0.0000,965.3480,192.5350,134.0180,0.0000,0.0000,1517.9380
1658,1,1,1,62.1960,164.7630,0.0000,966.6030,192.6590,135.2190,0.0000,0.0000,1521.4400
1659,1,1,1,62.3630,167.1570,0.0000,967.6000,195.1380,134.0930,0.0000,0.0000,1526.3510
1660,1,1,1,62.2770,163.4400,0.0000,966.7870,196.4500,135.2250,0.0000,0.0000,1524.1790
1661,1,1,1,61.8890,163.2250,0.0000,974.2580,205.7970,137.8040,0.0000,0.0000,1542.9730
1662,0,1,0,63.1260,167.8840,0.0000,970.3080,196.9110,134.6710,0.0000,0.0000,1532.9000
1663,1,1,1,63.3660,166.8430,0.0000,966.4000,193.4830,135.2060,0.0000,0.0000,1525.2980
1664,1,1,1,61.3290,165.8590,0.0000,966.9170,193.6240,134.1110,0.0000,0.0000,1521.8400
1665,1,1,1,62.2520,166.0240,0.0000,968.0180,194.5290,133.2310,0.0000,0.0000,1524.0540
1666,1,1,0,61.4270,165.5080,0.0000,968.6960,193.2060,134.8800,0.0000,0.0000,1523.7170
1667,1,1,1,62.5420,164.4190,0.0000,1008.4250,202.8310,140.2950,0.0000,0.0000,1578.5120
1668,1,1,1,63.9810,169.5440,0.0000,965.9510,194.9100,134.0370,0.0000,0.0000,1528.4230
1669,1,1,1,62.9850,164.5600,0.0000,966.5110,195.3110,135.9020,0.0000,0.0000,1525.2690
1670,1,1,1,61.9510,165.8090,0.0000,966.5970,195.0160,135.1570,0.0000,0.0000,1524.5300
1671,1,1,1,61.2490,164.4120,0.0000,967.2000,194.7320,134.5230,0.0000,0.0000,1522.1160
1672,1,1,1,62.3690,164.4370,0.0000,968.1350,193.3110,135.4460,0.0000,0.0000,1523.6980
1673,1,1,1,62.1470,163.8460,0.0000,970.3390,232.6400,136.0980,0.0000,0.0000,1565.0700
1674,1,1,1,61.4770,169.0470,0.0000,970.3810,194.9110,136.8250,0.0000,0.0000,1532.6410
1675,0,1,0,61.8100,167.7350,0.0000,968.8670,194.2770,135.5820,0.0000,0.0000,1528.2710
1676,1,1,1,62.0860,164.6530,0.0000,967.2310,195.3970,134.7760,0.0000,0.0000,1524.1430
1677,1,1,1,60.0930,164.9420,0.0000,972.3020,193.1820,134.7140,0.0000,0.0000,1525.2330
1678,1,1,1,61.2190,164.4130,0.0000,969.8890,193.8210,136.3940,0.0000,0.0000,1525.7360
1679,1,1,1,61.2490,164.3200,0.0000,968.3880,193.0340,235.5510,0.0000,0.0000,1622.5420
1680,1,1,1,69.5200,176.2770,0.0000,968.5780,204.5170,143.0400,0.0000,0.0000,1561.9320
1681,1,1,1,63.4270,168.0800,0.0000,970.4370,198.0060,137.5630,0.0000,0.0000,1537.5130
1682,0,1,0,62.1230,166.9350,0.0000,968.7450,196.4920,135.0830,0.0000,0.0000,1529.3780
1683,1,1,1,62.3880,165.8520,0.0000,966.0800,194.4800,136.1660,0.0000,0.0000,1524.9660
1684,1,1,1,62.1230,164.1480,0.0000,966.4670,194.6830,134.6220,0.0000,0.0000,1522.0430
1685,1,1,1,61.8400,165.0160,0.0000,965.3910,191.8270,136.0370,0.0000,0.0000,1520.1110
1686,1,1,1,101.7720,170.0430,0.0000,970.6950,193.6800,138.0130,0.0000,0.0000,1574.2030
1687,1,1,1,63.2490,166.3010,0.0000,968.0060,194.6890,136.2650,0.0000,0.0000,1528.5100
1688,1,1,1,62.0860,164.9910,0.0000,969.7790,195.3360,135.0710,0.0000,0.0000,1527.2630
1689,1,1,1,62.3630,164.8490,0.0000,967.1630,193.4030,135.1200,0.0000,0.0000,1522.8980
1690,1,1,1,63.1380,165.5630,0.0000,967.4340,193.8340,135.0030,0.0000,0.0000,1524.9720
1691,1,1,1,60.8680,164.7330,0.0000,972.1540,192.3750,133.3780,0.0000,0.0000,1523.5080
1692,1,1,1,61.1700,203.1870,0.0000,972.2220,201.0890,137.9940,0.0000,0.0000,1575.6620
1693,1,1,1,62.2150,168.7630,0.0000,971.2240,195.3600,135.5070,0.0000,0.0000,1533.0690
1694,1,1,1,64.1230,163.6000,0.0000,969.6000,195.1810,136.8860,0.0000,0.0000,1529.3900
1695,1,1,1,61.6930,165.2250,0.0000,962.6270,196.1970,134.2890,0.0000,0.0000,1520.0310
1696,1,1,1,60.3450,166.0870,0.0000,966.1600,194.9350,134.5230,0.0000,0.0000,1522.0500
1697,1,1,1,61.0960,165.6180,0.0000,969.2060,195.1940,135.6740,0.0000,0.0000,1526.7880
1698,1,1,1,63.5200,164.6030,0.0000,972.7690,205.7720,138.5660,0.0000,0.0000,1545.2300
1699,0,1,0,62.6030,167.3660,0.0000,967.5690,195.8030,136.8740,0.0000,0.0000,1530.2150
1700,1,1,1,62.8430,165.8460,0.0000,968.9480,193.5200,135.8830,0.0000,0.0000,1527.0400
1701,1,1,1,62.1780,164.5230,0.0000,970.6580,194.3700,137.2310,0.0000,0.0000,1528.9600
1702,1,1,1,63.1700,165.7850,0.0000,970.1530,192.8370,132.8680,0.0000,0.0000,1524.8130
1703,1,1,1,61.3960,164.6650,0.0000,966.9660,195.4770,135.0960,0.0000,0.0000,1523.6000
1704,1,1,1,61.9260,165.6740,0.0000,965.1320,203.3300,135.7790,0.0000,0.0000,1531.8410
1705,1,1,1,62.7200,166.9410,0.0000,970.5730,195.6920,134.0240,0.0000,0.0000,1529.9500
1706,1,1,1,63.2060,165.5570,0.0000,965.4150,192.7570,134.8120,0.0000,0.0000,1521.7470
1707,1,1,1,60.0620,164.7760,0.0000,963.5570,194.4680,134.5050,0.0000,0.0000,1517.3680
1708,1,1,1,60.5660,163.3720,0.0000,966.1050,193.4220,134.6770,0.0000,0.0000,1518.1420
1709,1,1,1,62.3570,163.1440,0.0000,968.6890,191.3110,132.6960,0.0000,0.0000,1518.1970
1710,1,1,1,61.0340,165.4400,0.0000,960.5230,200.1290,136.4180,0.0000,0.0000,1523.5440
1711,1,1,1,62.4490,168.5290,0.0000,971.2120,195.0340,135.8150,0.0000,0.0000,1533.0390
1712,1,1,1,62.8990,166.5540,0.0000,966.0250,195.6000,135.1510,0.0000,0.0000,1526.2290
1713,1,1,1,62.7810,165.5440,0.0000,968.3140,192.6640,133.8650,0.0000,0.0000,1523.1680
1714,1,1,1,62.3760,166.7320,0.0000,967.3050,193.7600,134.2710,0.0000,0.0000,1524.4440
1715,0,1,0,61.9630,163.4220,0.0000,966.9170,193.8340,135.3160,0.0000,0.0000,1521.4520
1716,1,1,1,61.4150,164.5480,0.0000,970.0250,199.5140,136.4490,0.0000,0.0000,1531.9510
1717,1,1,1,63.0520,167.0090,0.0000,970.3080,196.3140,135.2860,0.0000,0.0000,1531.9690
1718,1,1,1,62.8300,167.0590,0.0000,970.8000,194.4620,135.8220,0.0000,0.0000,1530.9730
1719,1,1,1,62.6030,164.3750,0.0000,967.9140,192.8430,133.5390,0.0000,0.0000,1521.2740
1720,1,1,1,61.6560,164.1040,0.0000,966.3450,193.9510,135.7970,0.0000,0.0000,1521.8530
1721,1,1,1,63.4530,166.1420,0.0000,963.2550,194.1850,134.4990,0.0000,0.0000,1521.5340
1722,1,1,1,61.9570,163.6920,0.0000,967.3480,233.3730,136.8180,0.0000,0.0000,1563.1880
1723,0,1,0,61.6990,165.9140,0.0000,971.4090,193.4520,135.1140,0.0000,0.0000,1527.5880
1724,1,1,1,60.1850,166.0360,0.0000,966.4190,194.2530,136.8120,0.0000,0.0000,1523.7050
1725,1,1,1,61.5810,165.5200,0.0000,965.2180,193.4650,136.9350,0.0000,0.0000,1522.7190
1726,1,1,1,63.3540,167.2490,0.0000,970.0980,193.6240,134.6030,0.0000,0.0000,1528.9280
1727,1,1,1,60.8990,164.3810,0.0000,970.3930,194.6400,136.1850,0.0000,0.0000,1526.4980
1728,1,1,1,62.3260,163.8580,0.0000,965.4280,193.3230,196.8990,0.0000,0.0000,1581.8340
1729,1,1,1,63.1940,172.2590,0.0000,971.9690,201.8100,137.1510,0.0000,0.0000,1546.3830
1730,1,1,1,62.8500,168.4430,0.0000,969.6490,193.3230,135.8580,0.0000,0.0000,1530.1230
1731,1,1,1,62.2950,166.2210,0.0000,968.5530,195.2000,134.8370,0.0000,0.0000,1527.1060
1732,1,1,1,61.5450,165.0150,0.0000,968.3810,193.8280,134.9040,0.0000,0.0000,1523.6730
1733,0,1,0,60.3810,162.9230,0.0000,968.2090,193.2120,135.2430,0.0000,0.0000,1519.9680
1734,1,1,1,61.4220,165.3410,0.0000,970.1540,194.7200,134.6030,0.0000,0.0000,1526.2400
1735,1,1,1,119.8960,170.6520,0.0000,971.1630,197.0830,138.5170,0.0000,0.0000,1597.3110
1736,0,1,0,63.2860,167.3360,0.0000,970.4430,194.8990,135.6860,0.0000,0.0000,1531.6500
1737,1,1,1,62.5160,164.5850,0.0000,969.5080,195.1130,133.8760,0.0000,0.0000,1525.5980
1738,1,1,1,62.2640,165.4340,0.0000,969.4460,192.6700,134.1480,0.0000,0.0000,1523.9620
1739,1,1,1,61.9510,163.6060,0.0000,968.2650,192.7630,135.6980,0.0000,0.0000,1522.2830
1740,1,1,1,62.4060,163.1870,0.0000,969.8890,194.1360,134.6710,0.0000,0.0000,1524.2890
1741,1,1,1,62.3700,208.4980,0.0000,969.4340,200.0860,137.7050,0.0000,0.0000,1578.0930
1742,1,1,1,63.3530,164.0300,0.0000,967.7480,195.9070,137.4090,0.0000,0.0000,1528.4470
1743,1,1,1,62.0300,165.6610,0.0000,971.8950,195.0830,134.5290,0.0000,0.0000,1529.1980
1744,1,1,1,61.1320,163.0460,0.0000,966.5530,193.9330,133.5440,0.0000,0.0000,1518.2080
1745,1,1,1,61.3350,166.2530,0.0000,967.6130,192.1100,135.0890,0.0000,0.0000,1522.4000
1746,1,1,1,61.7970,164.2520,0.0000,968.2340,194.1600,134.7020,0.0000,0.0000,1523.1450
1747,1,1,1,59.4580,166.2220,0.0000,968.3630,202.2650,135.8520,0.0000,0.0000,1532.1600
1748,1,1,1,63.5820,169.2240,0.0000,972.3440,195.1320,134.9600,0.0000,0.0000,1535.2420
1749,1,1,1,62.2830,164.3510,0.0000,967.8840,194.3320,134.7080,0.0000,0.0000,1523.5580
1750,1,1,0,62.2950,165.9270,0.0000,965.2920,194.2960,136.6900,0.0000,0.0000,1524.5000
1751,1,1,1,60.6150,165.0890,0.0000,966.3440,193.5130,134.1360,0.0000,0.0000,1519.6970
1752,0,1,0,61.8340,164.7500,0.0000,966.7500,192.9050,134.7570,0.0000,0.0000,1520.9960
1753,1,1,1,61.5810,166.2840,0.0000,972.8860,201.1810,135.4400,0.0000,0.0000,1537.3720
1754,1,1,1,62.4430,166.7690,0.0000,967.3970,193.9940,137.0960,0.0000,0.0000,1527.6990
1755,1,1,1,60.5110,165.0950,0.0000,966.8620,195.6310,134.9110,0.0000,0.0000,1523.0100
1756,0,1,0,60.8490,164.3630,0.0000,966.1290,192.1600,133.8890,0.0000,0.0000,1517.3900
1757,0,1,0,62.0060,165.7970,0.0000,972.9160,194.1480,136.5600,0.0000,0.0000,1531.4270
1758,1,1,1,62.3320,165.2000,0.0000,968.5040,193.1810,135.7230,0.0000,0.0000,1524.9400
1759,0,1,0,61.7780,166.9160,0.0000,971.3290,202.5110,136.3380,0.0000,0.0000,1538.8720
1760,1,1,1,62.3880,166.2890,0.0000,968.6710,194.5670,136.3330,0.0000,0.0000,1528.2480
1761,1,1,1,63.1880,165.2370,0.0000,972.6580,193.4650,136.1110,0.0000,0.0000,1530.6590
1762,1,1,1,60.4740,164.6650,0.0000,968.4240,192.6770,134.1050,0.0000,0.0000,1520.3450
1763,1,1,1,61.6740,163.3780,0.0000,972.3870,194.3320,136.0990,0.0000,0.0000,1527.8700
1764,1,1,1,61.9700,165.3470,0.0000,965.7600,192.8060,133.3730,0.0000,0.0000,1519.2560
1765,1,1,1,61.8330,166.6950,0.0000,973.5330,198.9290,135.7050,0.0000,0.0000,1536.6950
1766,1,1,1,62.5110,166.9470,0.0000,965.0400,194.3760,137.3230,0.0000,0.0000,1526.1970
1767,1,1,1,61.2740,163.4340,0.0000,969.0960,196.5470,134.1350,0.0000,0.0000,1524.4860
1768,1,1,1,62.8490,164.2330,0.0000,968.6710,191.2740,135.2990,0.0000,0.0000,1522.3260
1769,0,1,0,63.6310,162.0000,0.0000,967.2610,195.0090,134.6640,0.0000,0.0000,1522.5650
1770,1,1,1,62.6280,164.2590,0.0000,972.0430,191.7970,134.0240,0.0000,0.0000,1524.7510
1771,0,1,1,61.1260,163.9380,0.0000,1026.9780,205.8470,137.4100,0.0000,0.0000,1595.2990
1772,1,1,1,62.5660,167.9450,0.0000,968.9110,197.4040,135.3600,0.0000,0.0000,1532.1860
1773,1,1,1,63.3970,164.7750,0.0000,971.0160,193.4830,134.9170,0.0000,0.0000,1527.5880
1774,1,1,1,61.7850,165.0640,0.0000,968.2830,192.8430,133.7420,0.0000,0.0000,1521.7170
1775,1,1,1,61.0030,165.7050,0.0000,967.5820,194.6950,135.5200,0.0000,0.0000,1524.5050
1776,1,1,1,62.8310,164.2640,0.0000,965.6740,193.6370,132.9410,0.0000,0.0000,1519.3470
1777,1,1,1,62.3020,164.7700,0.0000,966.0980,263.0400,146.7820,0.0000,0.0000,1602.9920
1778,1,1,1,64.9970,185.6740,0.0000,973.7230,204.7760,140.0920,0.0000,0.0000,1569.2620
1779,1,1,1,61.9450,168.5290,0.0000,970.3880,195.5880,137.0830,0.0000,0.0000,1533.5330
1780,1,1,1,61.6190,167.0520,0.0000,972.8860,195.7410,135.6860,0.0000,0.0000,1532.9840
1781,1,1,1,61.0460,167.5570,0.0000,964.4800,195.7480,135.5510,0.0000,0.0000,1524.3820
1782,0,1,0,61.6120,165.1630,0.0000,964.9480,194.2580,135.9440,0.0000,0.0000,1521.9250
1783,1,1,1,61.3970,164.8740,0.0000,965.7660,193.9010,201.3360,0.0000,0.0000,1587.2740
1784,1,1,0,68.3200,185.0890,0.0000,971.8830,205.3230,142.6830,0.0000,0.0000,1573.2980
1785,1,1,1,64.6340,171.6680,0.0000,967.5570,196.1660,136.1230,0.0000,0.0000,1536.1480
1786,1,1,1,62.6150,167.3040,0.0000,970.1110,193.6000,137.9200,0.0000,0.0000,1531.5500
1787,1,1,1,61.3850,166.9730,0.0000,966.7140,197.1130,136.9170,0.0000,0.0000,1529.1020
1788,1,1,1,61.4460,166.3270,0.0000,970.0000,193.4270,135.2310,0.0000,0.0000,1526.4310
1789,1,1,1,61.9020,165.2120,0.0000,967.3350,191.6120,200.0130,0.0000,0.0000,1586.0740
1790,1,1,1,64.7080,175.6610,0.0000,971.8400,200.1600,141.1260,0.0000,0.0000,1553.4950
1791,0,1,0,63.4150,168.1730,0.0000,969.5380,196.7200,136.3380,0.0000,0.0000,1534.1840
1792,1,1,1,63.3170,165.3790,0.0000,968.1600,194.5050,137.0700,0.0000,0.0000,1528.4310
1793,1,1,0,61.4520,165.4830,0.0000,970.4980,195.3850,134.5600,0.0000,0.0000,1527.3780
1794,1,1,1,62.0250,165.3290,0.0000,969.5570,195.1330,134.8370,0.0000,0.0000,1526.8810
1795,0,1,0,62.0370,165.6120,0.0000,967.1630,193.6680,134.7570,0.0000,0.0000,1523.2370
1796,1,1,1,100.9100,171.6620,0.0000,970.7570,197.0580,136.8800,0.0000,0.0000,1577.2670
1797,1,1,1,61.9020,166.9170,0.0000,963.9510,195.4400,136.1360,0.0000,0.0000,1524.3460
1798,1,1,1,61.2500,163.8950,0.0000,965.8030,195.4460,137.1200,0.0000,0.0000,1523.5140
1799,1,1,1,61.8030,165.7050,0.0000,968.8000,194.5720,134.7760,0.0000,0.0000,1525.6560
1800,1,1,0,61.8280,165.0890,0.0000,969.8280,193.2610,134.6210,0.0000,0.0000,1524.6270
1801,1,1,1,61.7350,164.1480,0.0000,968.3880,195.0830,134.7880,0.0000,0.0000,1524.1420
1802,0,1,0,62.1850,202.3570,0.0000,969.2930,200.9540,138.0250,0.0000,0.0000,1572.8140
1803,1,1,1,62.3390,165.6610,0.0000,967.4770,196.8310,135.4770,0.0000,0.0000,1527.7850
1804,1,1,1,62.2030,164.8000,0.0000,964.7200,193.7780,135.6310,0.0000,0.0000,1521.1320
1805,1,1,1,61.8710,165.0890,0.0000,965.9760,192.6710,133.7670,0.0000,0.0000,1519.3740
1806,1,1,1,61.4580,164.8370,0.0000,968.4120,193.7720,135.1140,0.0000,0.0000,1523.5930
1807,0,1,0,61.6430,165.2980,0.0000,969.8150,195.9130,135.5270,0.0000,0.0000,1528.1960
1808,1,1,1,62.5420,162.9600,0.0000,960.0370,205.4890,138.8070,0.0000,0.0000,1529.8350
1809,1,1,1,62.3260,168.3200,0.0000,967.1010,195.5080,136.6400,0.0000,0.0000,1529.8950
1810,1,1,1,64.4000,164.9410,0.0000,965.4280,193.6120,134.9230,0.0000,0.0000,1523.3040
1811,1,1,1,62.4860,166.2580,0.0000,968.0310,195.3290,135.8520,0.0000,0.0000,1527.9560
1812,1,1,1,63.0960,166.6210,0.0000,965.9820,193.5450,133.9380,0.0000,0.0000,1523.1820
1813,1,1,1,61.8090,165.2740,0.0000,970.2960,193.8960,136.0000,0.0000,0.0000,1527.2750
1814,1,1,1,62.5600,163.3540,0.0000,974.1780,204.6340,137.9870,0.0000,0.0000,1542.7130
1815,1,1,1,63.2430,169.1810,0.0000,971.4030,196.1480,137.2000,0.0000,0.0000,1537.1750
1816,1,1,1,61.5510,166.5350,0.0000,964.0310,195.4210,136.0120,0.0000,0.0000,1523.5500
1817,1,1,1,61.1200,166.9540,0.0000,967.2680,194.6280,135.0280,0.0000,0.0000,1524.9980
1818,1,1,1,61.8530,166.0360,0.0000,966.4920,191.9320,135.3790,0.0000,0.0000,1521.6920
1819,1,1,1,61.3780,165.8890,0.0000,968.7440,193.5760,134.6710,0.0000,0.0000,1524.2580
1820,1,1,1,61.7360,163.2990,0.0000,975.9870,204.3130,136.6520,0.0000,0.0000,1541.9870
1821,1,1,1,63.1320,169.9440,0.0000,973.8030,195.2930,138.6710,0.0000,0.0000,1540.8430
1822,0,1,0,62.9910,166.6210,0.0000,966.0250,193.7910,135.6500,0.0000,0.0000,1525.0780
1823,1,1,1,62.5730,165.2000,0.0000,963.9630,193.6740,134.3440,0.0000,0.0000,1519.7540
1824,1,1,1,61.2370,163.5940,0.0000,967.0580,195.2180,134.2890,0.0000,0.0000,1521.3960
1825,1,1,1,63.1140,164.7140,0.0000,965.5020,192.6090,134.6220,0.0000,0.0000,1520.5610
1826,1,1,1,61.8400,166.0740,0.0000,974.0550,203.2550,137.7720,0.0000,0.0000,1542.9960
1827,1,1,1,62.6770,167.9750,0.0000,969.9630,194.5110,136.1720,0.0000,0.0000,1531.2980
1828,1,1,1,61.3530,166.7940,0.0000,969.1570,195.5690,133.0090,0.0000,0.0000,1525.8820
1829,1,1,0,59.5570,164.7750,0.0000,967.8710,195.2550,134.9230,0.0000,0.0000,1522.3810
1830,1,1,1,62.6640,164.7450,0.0000,967.3600,194.3440,136.5170,0.0000,0.0000,1525.6300
1831,1,1,1,62.4860,165.6490,0.0000,966.4300,193.2550,135.8710,0.0000,0.0000,1523.6910
1832,1,1,1,61.5510,162.7260,0.0000,967.3730,239.6120,137.9750,0.0000,0.0000,1569.2370
1833,1,1,1,61.6800,167.9020,0.0000,967.8520,194.6710,136.9790,0.0000,0.0000,1529.0840
1834,1,1,1,62.6650,166.7510,0.0000,965.9870,195.6060,134.5540,0.0000,0.0000,1525.5630
1835,0,1,0,63.0150,165.5500,0.0000,970.9420,193.8830,134.7630,0.0000,0.0000,1528.1530
1836,1,1,1,61.7470,165.1320,0.0000,968.4180,194.2830,136.3880,0.0000,0.0000,1525.9680
1837,1,1,0,62.2890,165.7350,0.0000,969.5760,193.8590,133.4650,0.0000,0.0000,1524.9240
1838,1,1,1,62.3390,166.5530,0.0000,966.3750,194.9170,142.0060,0.0000,0.0000,1532.1900
1839,1,1,1,64.1230,168.4250,0.0000,969.0400,197.8400,135.3110,0.0000,0.0000,1534.7390
1840,1,1,1,63.0460,166.7380,0.0000,968.7820,195.6550,134.7270,0.0000,0.0000,1528.9480
1841,1,1,1,61.9570,163.9630,0.0000,971.2250,192.6520,132.5970,0.0000,0.0000,1522.3940
1842,1,1,1,60.4920,166.0930,0.0000,970.2650,193.4770,136.2640,0.0000,0.0000,1526.5910
1843,1,1,1,61.7350,163.7660,0.0000,968.9900,195.7290,134.8430,0.0000,0.0000,1525.0630
1844,1,1,1,61.4710,165.9020,0.0000,969.4520,195.6130,132.6210,0.0000,0.0000,1525.0590
1845,1,1,1,68.2580,171.7480,0.0000,970.9300,197.6920,137.3790,0.0000,0.0000,1546.0070
1846,1,1,1,62.0800,167.6800,0.0000,967.0830,195.8030,135.8090,0.0000,0.0000,1528.4550
1847,0,1,0,63.5940,165.5140,0.0000,969.2800,194.2400,135.1140,0.0000,0.0000,1527.7420
1848,1,1,1,61.4090,163.4030,0.0000,966.6830,192.5110,132.7200,0.0000,0.0000,1516.7260
1849,0,1,0,61.5630,163.4030,0.0000,970.4740,195.9760,134.9170,0.0000,0.0000,1526.3330
1850,1,1,1,62.9420,163.8590,0.0000,964.1170,193.3470,134.8870,0.0000,0.0000,1519.1520
1851,1,1,1,60.1790,225.0580,0.0000,972.7070,200.1910,140.4860,0.0000,0.0000,1598.6210
1852,1,1,1,63.8770,168.3390,0.0000,968.1840,194.7140,137.9820,0.0000,0.0000,1533.0960
1853,1,1,0,63.4700,166.4490,0.0000,967.6800,193.1570,136.0680,0.0000,0.0000,1526.8240
1854,1,1,1,60.9960,167.6000,0.0000,966.8920,192.7570,134.2890,0.0000,0.0000,1522.5340
1855,1,1,1,60.7200,164.5850,0.0000,964.8860,194.5170,136.1290,0.0000,0.0000,1520.8370
1856,1,1,1,63.1450,164.5480,0.0000,967.4400,192.0990,133.7670,0.0000,0.0000,1520.9990
1857,1,1,1,61.2070,165.3540,0.0000,965.2740,203.1940,137.0840,0.0000,0.0000,1532.1130
1858,1,1,1,61.3480,166.5730,0.0000,970.4250,194.6650,133.9260,0.0000,0.0000,1526.9370
1859,1,1,1,61.3910,165.6920,0.0000,970.6150,192.4990,136.0670,0.0000,0.0000,1526.2640
1860,1,1,1,64.0250,166.3260,0.0000,968.4620,193.6500,134.1660,0.0000,0.0000,1526.6290
1861,0,1,0,61.5570,165.7970,0.0000,967.8340,193.2060,135.1820,0.0000,0.0000,1523.5760
1862,1,1,1,60.9110,165.6190,0.0000,970.7630,193.8700,134.0000,0.0000,0.0000,1525.1630
1863,0,1,0,61.5380,165.0950,0.0000,970.4120,200.2710,135.7410,0.0000,0.0000,1533.0570
1864,1,1,1,61.7290,166.6150,0.0000,972.2460,194.2090,136.6280,0.0000,0.0000,1531.4270
1865,1,1,1,61.2060,165.2560,0.0000,968.1230,193.6680,133.1690,0.0000,0.0000,1521.4220
1866,1,1,1,60.5360,164.1780,0.0000,975.1440,194.9170,135.8950,0.0000,0.0000,1530.6700
1867,1,1,1,60.5530,164.9970,0.0000,967.6360,193.9810,135.6860,0.0000,0.0000,1522.8530
1868,1,1,1,62.2400,164.7510,0.0000,970.1100,193.3350,134.9160,0.0000,0.0000,1525.3520
1869,1,1,1,61.6180,165.0270,0.0000,969.8650,201.6920,137.5940,0.0000,0.0000,1535.7960
1870,1,1,1,62.1110,166.6400,0.0000,971.9070,196.2030,137.7230,0.0000,0.0000,1534.5840
1871,1,1,1,61.2620,166.5660,0.0000,968.2640,194.4060,134.4430,0.0000,0.0000,1524.9410
1872,1,1,1,61.0030,165.5940,0.0000,969.8340,193.7350,134.4740,0.0000,0.0000,1524.6400
1873,1,1,1,62.2650,165.5380,0.0000,967.8580,191.7110,136.6770,0.0000,0.0000,1524.0490
1874,1,1,1,61.7350,163.2740,0.0000,971.7480,193.3850,136.9970,0.0000,0.0000,1527.1390
1875,1,1,1,61.3110,166.1240,0.0000,962.0120,226.7010,148.5540,0.0000,0.0000,1564.7020
1876,1,1,1,66.0060,177.2130,0.0000,974.9110,199.0470,138.7380,0.0000,0.0000,1555.9150
1877,1,1,1,62.8430,168.4370,0.0000,968.2520,195.9140,135.4270,0.0000,0.0000,1530.8730
1878,1,1,1,62.3080,166.1850,0.0000,968.2210,195.5330,135.7660,0.0000,0.0000,1528.0130
1879,1,1,1,62.8740,163.8460,0.0000,967.1330,194.9420,134.8370,0.0000,0.0000,1523.6320
1880,1,1,1,61.4210,164.7140,0.0000,965.7410,192.4310,135.2190,0.0000,0.0000,1519.5260
1881,0,1,1,62.0620,164.6590,0.0000,963.8760,210.7940,140.8310,0.0000,0.0000,1542.2220
1882,1,1,1,63.6180,169.6920,0.0000,972.8800,197.3110,136.6960,0.0000,0.0000,1540.1970
1883,1,1,1,63.4340,166.3940,0.0000,965.1320,195.3040,135.6180,0.0000,0.0000,1525.8820
1884,1,1,1,59.9450,165.5080,0.0000,965.2490,194.9540,135.3110,0.0000,0.0000,1520.9670
1885,1,1,1,60.7130,164.7820,0.0000,968.8060,195.5200,134.5540,0.0000,0.0000,1524.3750
1886,1,1,1,62.1410,164.5730,0.0000,970.9600,195.5010,135.8030,0.0000,0.0000,1528.9780
1887,1,1,1,62.8620,165.3410,0.0000,967.6800,239.5200,138.4740,0.0000,0.0000,1573.8770
1888,1,1,1,64.1360,168.1660,0.0000,970.5840,196.3940,135.8150,0.0000,0.0000,1535.0950
1889,1,1,1,63.6060,166.0560,0.0000,969.1380,198.0000,134.4250,0.0000,0.0000,1531.2250
1890,1,1,1,62.4800,165.4890,0.0000,970.6460,196.1960,134.8610,0.0000,0.0000,1529.6720
1891,1,1,1,61.5940,162.3940,0.0000,968.3940,195.5010,135.3110,0.0000,0.0000,1523.1940
1892,0,1,0,64.3140,164.4310,0.0000,966.0550,193.6980,134.8980,0.0000,0.0000,1523.3960
1893,1,1,1,62.3140,165.2060,0.0000,969.6740,194.5290,177.9940,0.0000,0.0000,1569.7170
1894,1,1,1,61.8650,168.4000,0.0000,968.2530,196.3390,135.3600,0.0000,0.0000,1530.2170
1895,1,1,1,61.1510,166.1110,0.0000,967.8950,194.7080,136.8740,0.0000,0.0000,1526.7390
1896,1,1,1,62.4920,165.0710,0.0000,967.5320,192.7390,136.7820,0.0000,0.0000,1524.6160
1897,1,1,1,62.6160,165.8030,0.0000,970.7440,191.9020,134.0000,0.0000,0.0000,1525.0650
1898,0,1,0,61.9570,165.0090,0.0000,967.0830,195.1440,135.7350,0.0000,0.0000,1524.9280
1899,1,1,1,60.4920,164.4800,0.0000,967.5870,193.0900,132.7330,0.0000,0.0000,1518.3820
1900,1,1,1,100.1300,167.5810,0.0000,971.4890,195.3420,136.7750,0.0000,0.0000,1571.3170
1901,1,1,1,61.8770,166.3020,0.0000,968.6770,193.1070,135.2300,0.0000,0.0000,1525.1930
1902,0,1,0,61.7350,165.6990,0.0000,965.6000,192.4930,136.5670,0.0000,0.0000,1522.0940
1903,1,1,1,60.7130,165.3720,0.0000,964.2890,194.2950,136.0610,0.0000,0.0000,1520.7300
1904,1,1,1,62.5540,164.2770,0.0000,967.4400,194.4860,135.2190,0.0000,0.0000,1523.9760
1905,1,1,1,61.3470,164.3260,0.0000,967.7480,192.8130,131.7970,0.0000,0.0000,1518.0310
1906,0,1,0,62.2280,206.3260,0.0000,970.6460,200.1050,139.4530,0.0000,0.0000,1578.7580
1907,1,1,1,61.3470,168.1660,0.0000,963.7720,196.4120,134.3870,0.0000,0.0000,1524.0840
1908,1,1,1,62.5110,166.0980,0.0000,967.9010,193.5690,134.7450,0.0000,0.0000,1524.8240
1909,1,1,1,62.2830,165.4340,0.0000,966.4730,193.3660,134.9840,0.0000,0.0000,1522.5400
1910,1,1,1,62.1780,165.2000,0.0000,967.9690,192.8490,135.4460,0.0000,0.0000,1523.6420
1911,1,1,1,62.0120,165.2680,0.0000,967.0270,191.7290,134.6520,0.0000,0.0000,1520.6880
1912,1,1,1,61.4770,163.2860,0.0000,973.6490,209.2250,140.2640,0.0000,0.0000,1547.9010
1913,1,1,1,63.2560,170.8740,0.0000,969.1820,195.1880,137.8400,0.0000,0.0000,1536.3400
1914,1,1,1,60.5360,166.5100,0.0000,969.9510,194.6950,137.1070,0.0000,0.0000,1528.7990
1915,1,1,1,61.9750,166.2520,0.0000,973.3360,195.6490,136.7570,0.0000,0.0000,1533.9690
1916,1,1,1,62.3880,165.9260,0.0000,969.7170,195.0220,135.2490,0.0000,0.0000,1528.3020
1917,1,1,1,62.0920,165.0090,0.0000,972.7510,192.7320,134.9050,0.0000,0.0000,1527.4890
1918,1,1,1,63.2430,163.4580,0.0000,970.7010,206.0680,139.0270,0.0000,0.0000,1542.4970
1919,1,1,1,62.7390,167.3910,0.0000,970.3510,194.7810,135.0460,0.0000,0.0000,1530.3080
1920,1,1,1,61.9440,165.7470,0.0000,967.7970,196.1790,136.7880,0.0000,0.0000,1528.4550
1921,0,1,0,63.0520,165.0400,0.0000,970.3880,197.6490,133.4830,0.0000,0.0000,1529.6120
1922,1,1,1,61.1200,165.9200,0.0000,964.9720,194.8000,135.4030,0.0000,0.0000,1522.2150
1923,1,1,1,60.1040,167.4210,0.0000,969.2060,193.8210,133.8220,0.0000,0.0000,1524.3740
1924,1,1,1,63.0890,166.0610,0.0000,967.3170,223.2370,147.1570,0.0000,0.0000,1566.8610
1925,1,1,1,63.9260,175.9500,0.0000,971.0400,201.2680,139.1390,0.0000,0.0000,1551.3230
1926,0,1,0,65.2620,169.1690,0.0000,970.6460,198.4930,135.5700,0.0000,0.0000,1539.1400
1927,1,1,1,61.9260,166.5540,0.0000,965.2490,195.1630,135.5010,0.0000,0.0000,1524.3930
1928,1,1,1,62.2530,164.6460,0.0000,965.5700,193.5820,134.3260,0.0000,0.0000,1520.3770
1929,1,1,1,61.0580,165.4090,0.0000,964.4490,193.8150,136.2950,0.0000,0.0000,1521.0260
1930,1,1,0,61.1380,163.9880,0.0000,960.2770,203.1140,138.1530,0.0000,0.0000,1526.6700
1931,1,1,0,62.9410,169.2730,0.0000,967.3730,196.9050,136.0000,0.0000,0.0000,1532.4920
1932,1,1,1,63.1140,165.4460,0.0000,966.8620,195.5200,134.0430,0.0000,0.0000,1524.9850
1933,1,1,1,62.4250,164.7260,0.0000,968.4060,194.1780,135.1820,0.0000,0.0000,1524.9170
1934,1,1,1,60.7320,163.4340,0.0000,967.8960,192.5780,135.6500,0.0000,0.0000,1520.2900
1935,1,1,1,62.5470,165.3790,0.0000,973.2620,193.8160,134.3140,0.0000,0.0000,1529.3180
1936,1,1,1,60.3320,166.5230,0.0000,965.1260,200.7940,139.2000,0.0000,0.0000,1531.9750
1937,1,1,1,62.0740,166.9420,0.0000,969.3350,194.0070,134.4190,0.0000,0.0000,1526.7770
1938,1,1,1,61.9080,165.1070,0.0000,968.0740,195.3790,135.3970,0.0000,0.0000,1525.8650
1939,1,1,1,61.7480,164.0620,0.0000,969.7660,194.5230,137.0890,0.0000,0.0000,1527.1880
1940,1,1,1,62.4000,163.4400,0.0000,969.0830,194.6220,135.6130,0.0000,0.0000,1525.1580
1941,1,1,1,62.8620,166.1170,0.0000,969.1390,192.1290,134.9480,0.0000,0.0000,1525.1950
1942,1,1,0,61.7470,164.3570,0.0000,964.4240,241.6740,140.8060,0.0000,0.0000,1573.0080
1943,1,1,0,63.2060,171.4830,0.0000,973.4650,197.3470,139.4220,0.0000,0.0000,1544.9230
1944,1,1,1,63.0030,167.0770,0.0000,967.1020,194.0550,133.0150,0.0000,0.0000,1524.2520
1945,1,1,1,62.4430,165.5380,0.0000,970.1470,196.1350,134.7380,0.0000,0.0000,1529.0010
1946,1,1,1,60.8190,165.7790,0.0000,967.5200,193.7170,133.5140,0.0000,0.0000,1521.3490
1947,1,1,1,62.2210,164.9840,0.0000,966.8430,195.3420,135.3780,0.0000,0.0000,1524.7680
1948,1,1,1,61.7230,164.2650,0.0000,964.2830,193.9010,176.3880,0.0000,0.0000,1560.5600
1949,1,1,1,64.7690,170.4240,0.0000,974.8610,197.5630,134.5420,0.0000,0.0000,1542.1590
1950,1,1,1,62.1910,165.8150,0.0000,971.5140,192.4610,135.0400,0.0000,0.0000,1527.0210
1951,1,1,1,62.9530,166.3570,0.0000,968.4730,191.4770,134.8180,0.0000,0.0000,1524.0780
1952,1,1,1,60.3870,165.7350,0.0000,972.4610,193.0400,134.2770,0.0000,0.0000,1525.9000
1953,1,1,1,60.5600,165.7600,0.0000,966.0670,195.1500,136.4070,0.0000,0.0000,1523.9440
1954,1,1,1,61.5880,164.8730,0.0000,967.3970,193.4280,134.8680,0.0000,0.0000,1522.1540
1955,1,1,1,61.4830,225.4400,0.0000,972.0740,197.0270,138.6210,0.0000,0.0000,1594.6450
1956,1,1,1,61.6240,167.9570,0.0000,970.1290,196.0370,136.1540,0.0000,0.0000,1531.9010
1957,1,1,1,63.3040,165.3970,0.0000,966.6890,193.9690,135.0830,0.0000,0.0000,1524.4420
1958,1,1,1,59.1200,165.6180,0.0000,972.1110,193.4700,132.0550,0.0000,0.0000,1522.3740
1959,1,1,1,61.9200,163.8700,0.0000,968.9600,193.8220,135.5880,0.0000,0.0000,1524.1600
1960,1,1,1,61.9880,163.0650,0.0000,968.4120,192.4680,133.2680,0.0000,0.0000,1519.2010
1961,1,1,1,60.1720,164.6650,0.0000,1009.9380,200.4800,134.9910,0.0000,0.0000,1570.2460
1962,1,1,1,61.6930,167.6130,0.0000,966.4740,195.4770,134.4000,0.0000,0.0000,1525.6570
1963,1,1,1,60.5850,165.9140,0.0000,973.1450,192.3140,135.9750,0.0000,0.0000,1527.9330
1964,0,1,0,62.7020,165.8650,0.0000,966.7320,194.0300,135.5510,0.0000,0.0000,1524.8800
1965,1,1,1,62.3510,165.2370,0.0000,968.7450,195.2000,134.5600,0.0000,0.0000,1526.0930
1966,0,1,0,60.9790,164.6710,0.0000,966.2340,193.5200,134.1350,0.0000,0.0000,1519.5390
1967,1,1,1,60.8310,163.7780,0.0000,974.0800,201.3290,138.2090,0.0000,0.0000,1538.2270
1968,1,1,1,62.4130,166.9410,0.0000,959.4710,194.3810,133.6250,0.0000,0.0000,1516.8310
1969,1,1,1,62.3260,167.0580,0.0000,965.4770,195.2310,133.7540,0.0000,0.0000,1523.8460
1970,1,1,1,62.4920,166.1540,0.0000,969.0770,192.4610,134.3320,0.0000,0.0000,1524.5160
1971,1,1,0,62.0730,165.1510,0.0000,967.8210,194.6710,134.5910,0.0000,0.0000,1524.3070
1972,1,1,1,59.7850,163.0150,0.0000,966.0800,194.3570,134.8980,0.0000,0.0000,1518.1350
1973,1,1,1,60.3080,165.8520,0.0000,968.6830,227.1690,149.8770,0.0000,0.0000,1571.8890
1974,1,1,1,65.2800,173.5940,0.0000,972.6150,204.3320,140.7200,0.0000,0.0000,1556.5410
1975,0,1,0,64.1730,167.1440,0.0000,970.2830,198.4000,137.4220,0.0000,0.0000,1537.4220
1976,1,1,1,63.4470,166.8740,0.0000,968.4250,197.5630,134.7930,0.0000,0.0000,1531.1020
1977,1,1,1,61.5070,165.6060,0.0000,966.2760,195.8830,134.0800,0.0000,0.0000,1523.3520
1978,1,1,1,62.4300,163.4280,0.0000,967.5200,195.5690,137.5450,0.0000,0.0000,1526.4920
1979,1,1,1,62.2710,166.6830,0.0000,961.6430,203.3230,139.8830,0.0000,0.0000,1533.8030
1980,1,1,1,61.5450,169.1880,0.0000,971.4960,194.2640,136.2150,0.0000,0.0000,1532.7080
1981,1,1,1,61.8090,168.5540,0.0000,965.1450,196.1360,134.4370,0.0000,0.0000,1526.0810
1982,1,1,1,62.4930,165.0770,0.0000,971.5810,195.0700,136.0310,0.0000,0.0000,1530.2520
1983,1,1,1,61.0090,166.3930,0.0000,964.3690,193.0030,135.5390,0.0000,0.0000,1520.3130
1984,1,1,1,63.0220,163.5870,0.0000,972.6890,193.6190,134.6530,0.0000,0.0000,1527.5700
1985,0,1,0,61.0710,163.9390,0.0000,971.7790,204.1840,137.9690,0.0000,0.0000,1538.9420
1986,1,1,1,62.2090,169.0280,0.0000,967.3660,196.6830,137.1570,0.0000,0.0000,1532.4430
1987,0,1,0,61.3480,167.0710,0.0000,967.2490,193.1200,136.8430,0.0000,0.0000,1525.6310
1988,1,1,1,61.6930,164.8060,0.0000,967.5200,193.5760,133.2180,0.0000,0.0000,1520.8130
1989,1,1,1,61.8710,164.8430,0.0000,969.0090,193.4710,135.8830,0.0000,0.0000,1525.0770
1990,1,1,1,60.8550,164.7760,0.0000,965.8890,192.5840,136.7140,0.0000,0.0000,1520.8180
1991,1,1,1,62.3080,165.1570,0.0000,1018.8920,204.6960,137.7900,0.0000,0.0000,1588.8430
1992,1,1,1,63.0220,165.5380,0.0000,970.0800,198.2830,135.2560,0.0000,0.0000,1532.1790
1993,1,1,1,61.9820,166.4310,0.0000,969.9510,193.3910,136.5230,0.0000,0.0000,1528.2780
1994,1,1,1,63.2180,164.7390,0.0000,969.0270,196.4490,134.5050,0.0000,0.0000,1527.9380
1995,0,1,0,61.0340,165.1570,0.0000,970.3330,195.4950,135.5080,0.0000,0.0000,1527.5270
1996,1,1,1,62.9910,164.5840,0.0000,969.4400,194.9470,134.0800,0.0000,0.0000,1526.0420
1997,1,1,1,61.3110,163.5260,0.0000,969.2490,236.5850,137.9690,0.0000,0.0000,1568.6400
1998,1,1,1,62.4490,168.1850,0.0000,967.5010,196.5230,137.3100,0.0000,0.0000,1531.9680
1999,1,1,1,62.1230,167.0950,0.0000,965.8520,192.4550,135.3600,0.0000,0.0000,1522.8850
2000,1,1,1,63.0100,163.1640,0.0000,965.2370,194.9540,132.7880,0.0000,0.0000,1519.1530
2001,1,1,1,61.0890,165.2190,0.0000,971.4710,194.0920,131.9570,0.0000,0.0000,1523.8280
2002,0,1,0,61.4520,165.3790,0.0000,966.8550,193.7110,134.1420,0.0000,0.0000,1521.5390
2003,1,1,1,61.8400,165.9380,0.0000,971.8830,191.9510,181.9630,0.0000,0.0000,1573.5750
2004,1,1,1,65.7720,170.9110,0.0000,971.3350,197.4030,139.5140,0.0000,0.0000,1544.9350
2005,1,1,1,62.1910,168.8740,0.0000,967.1010,195.3900,134.6960,0.0000,0.0000,1528.2520
2006,1,1,1,62.3200,165.8400,0.0000,967.4030,194.6650,134.3260,0.0000,0.0000,1524.5540
2007,1,1,1,61.9200,165.1200,0.0000,966.6960,194.0500,134.3870,0.0000,0.0000,1522.1730
2008,1,1,1,61.1630,164.5600,0.0000,966.9290,194.0680,134.2220,0.0000,0.0000,1520.9420
2009,0,1,0,61.5750,167.2550,0.0000,972.0430,193.4030,134.2590,0.0000,0.0000,1528.5350
2010,1,1,1,62.6330,208.3260,0.0000,969.4400,199.3290,136.9350,0.0000,0.0000,1576.6630
2011,1,1,1,61.2800,166.1660,0.0000,970.6150,195.7410,136.1840,0.0000,0.0000,1529.9860
2012,1,1,1,62.6890,163.5140,0.0000,970.7380,193.5140,135.7360,0.0000,0.0000,1526.1910
2013,1,1,1,61.7170,164.1910,0.0000,971.3720,193.9080,133.6920,0.0000,0.0000,1524.8800
2014,0,1,0,60.5910,162.9780,0.0000,970.4860,193.0340,135.0830,0.0000,0.0000,1522.1720
2015,1,1,1,62.3200,164.8190,0.0000,963.1200,193.6370,134.4740,0.0000,0.0000,1518.3700
2016,1,1,1,62.0550,166.1350,0.0000,1006.9170,203.0710,137.9630,0.0000,0.0000,1576.1410
2017,1,1,1,62.0180,165.6620,0.0000,971.8210,195.1320,135.3910,0.0000,0.0000,1530.0240
2018,1,1,1,61.0900,167.1140,0.0000,966.7200,193.2000,137.0520,0.0000,0.0000,1525.1760
2019,1,1,1,61.2560,163.2370,0.0000,966.4310,193.7970,133.9200,0.0000,0.0000,1518.6410
2020,1,1,1,60.5600,165.0520,0.0000,966.4860,192.4120,135.8640,0.0000,0.0000,1520.3740
2021,1,1,1,61.7600,167.0530,0.0000,964.9410,193.0580,134.4670,0.0000,0.0000,1521.2790
2022,1,1,1,61.7600,163.4580,0.0000,971.0830,200.5780,137.4650,0.0000,0.0000,1534.3440
2023,1,1,1,62.3080,167.8150,0.0000,968.0130,195.7660,133.8890,0.0000,0.0000,1527.7910
2024,1,1,1,61.3100,164.6710,0.0000,967.1450,193.9200,134.6950,0.0000,0.0000,1521.7410
2025,1,1,1,63.0890,166.0620,0.0000,969.3730,193.9570,134.8730,0.0000,0.0000,1527.3540
2026,1,1,1,63.2990,165.0220,0.0000,968.1780,194.4190,136.2090,0.0000,0.0000,1527.1270
2027,1,1,1,60.9910,164.9480,0.0000,969.4770,192.2340,134.7080,0.0000,0.0000,1522.3580
2028,1,1,1,62.5910,165.0640,0.0000,969.9870,206.2770,136.7630,0.0000,0.0000,1540.6820
2029,1,1,1,62.0120,168.4560,0.0000,968.6520,195.9260,135.3720,0.0000,0.0000,1530.4180
2030,1,1,0,61.7850,167.5760,0.0000,967.3300,195.3410,136.5970,0.0000,0.0000,1528.6290
2031,1,1,1,63.3660,164.6890,0.0000,966.0990,194.1840,134.3570,0.0000,0.0000,1522.6950
2032,1,1,1,62.6150,165.2000,0.0000,965.4090,193.4220,136.1170,0.0000,0.0000,1522.7630
2033,0,1,1,62.9730,163.7970,0.0000,966.8440,196.1170,133.7910,0.0000,0.0000,1523.5220
2034,1,1,1,63.6490,164.6210,0.0000,973.7110,206.8180,137.4470,0.0000,0.0000,1546.2460
2035,1,1,1,62.9960,168.8000,0.0000,968.8430,196.5230,136.3510,0.0000,0.0000,1533.5130
2036,1,1,1,62.1600,165.6550,0.0000,968.9350,193.5450,138.6830,0.0000,0.0000,1528.9780
2037,1,1,1,63.4950,163.2000,0.0000,969.7960,195.2740,134.0250,0.0000,0.0000,1525.7900
2038,1,1,1,61.1020,166.5970,0.0000,969.9510,194.2100,135.6980,0.0000,0.0000,1527.5580
2039,1,1,0,61.0400,165.9750,0.0000,966.9910,193.0710,135.3230,0.0000,0.0000,1522.4000
2040,1,1,1,62.2340,166.4430,0.0000,964.6030,202.5780,138.2280,0.0000,0.0000,1534.0860
2041,1,1,1,61.9690,167.8090,0.0000,970.1230,197.6550,138.4000,0.0000,0.0000,1535.9560
2042,1,1,1,63.8650,167.1260,0.0000,970.0180,195.3910,136.3690,0.0000,0.0000,1532.7690
2043,1,1,1,62.8860,163.9390,0.0000,969.1140,193.6920,134.3760,0.0000,0.0000,1524.0070
2044,1,1,1,62.0870,164.7390,0.0000,970.6950,192.9720,134.2830,0.0000,0.0000,1524.7760
2045,1,1,1,60.4610,164.4740,0.0000,962.2330,193.6620,135.6190,0.0000,0.0000,1516.4490
2046,1,1,1,61.6070,165.6190,0.0000,965.6060,238.0930,136.3870,0.0000,0.0000,1567.3120
2047,0,1,1,62.8430,169.9450,0.0000,968.9970,197.8470,135.8160,0.0000,0.0000,1535.4480
2048,1,1,1,61.4950,167.5750,0.0000,965.7300,193.5690,133.6130,0.0000,0.0000,1521.9820
2049,0,1,0,60.3510,165.7050,0.0000,964.0300,192.6830,134.8870,0.0000,0.0000,1517.6560
2050,1,1,1,63.5020,165.1080,0.0000,971.1260,193.8220,132.5910,0.0000,0.0000,1526.1490
2051,1,1,1,61.1820,163.6680,0.0000,965.9200,191.6800,134.6960,0.0000,0.0000,1517.1460
2052,1,1,1,61.2490,166.1170,0.0000,967.5570,192.1660,177.2980,0.0000,0.0000,1564.3870
2053,0,1,0,63.2990,170.2890,0.0000,967.6240,195.5260,137.0960,0.0000,0.0000,1533.8340
2054,1,1,1,61.3540,166.6520,0.0000,968.2900,194.5660,133.8830,0.0000,0.0000,1524.7450
2055,1,1,0,61.7970,166.4800,0.0000,966.8620,194.9540,134.1850,0.0000,0.0000,1524.2780
2056,1,1,1,62.7820,164.2830,0.0000,965.3360,192.3450,134.6090,0.0000,0.0000,1519.3550
2057,1,1,1,62.6950,168.2280,0.0000,965.0580,193.0520,134.9600,0.0000,0.0000,1523.9930
2058,1,1,1,63.2300,165.3970,0.0000,967.6930,193.0280,131.2920,0.0000,0.0000,1520.6400
2059,1,1,1,62.5780,169.3420,0.0000,966.5660,194.9410,134.6340,0.0000,0.0000,1528.0610
2060,1,1,1,61.4090,166.4620,0.0000,964.6650,194.7880,135.5380,0.0000,0.0000,1522.8620
2061,1,1,1,70.0550,176.0740,0.0000,973.1870,202.5970,140.1110,0.0000,0.0000,1562.0240
2062,0,1,0,63.4830,168.0920,0.0000,969.9510,193.9570,139.1880,0.0000,0.0000,1534.6710
2063,0,1,0,63.3900,163.8150,0.0000,969.3110,194.5600,135.8580,0.0000,0.0000,1526.9340
2064,1,1,1,60.9170,164.9660,0.0000,968.2830,192.8860,134.8740,0.0000,0.0000,1521.9260
2065,1,1,1,62.4730,230.5230,0.0000,972.9720,203.0710,140.9050,0.0000,0.0000,1609.9440
2066,1,1,1,63.9510,168.9970,0.0000,968.8610,196.0860,136.3010,0.0000,0.0000,1534.1960
2067,1,1,1,62.8670,166.3390,0.0000,968.3200,193.3110,135.2860,0.0000,0.0000,1526.1230
2068,1,1,1,62.1540,165.3170,0.0000,965.8220,194.6650,139.3050,0.0000,0.0000,1527.2630
2069,1,1,1,62.6470,164.4310,0.0000,968.3630,193.3900,136.3070,0.0000,0.0000,1525.1380
2070,1,1,1,63.5140,163.2680,0.0000,964.3940,194.7570,134.8250,0.0000,0.0000,1520.7580
2071,1,1,1,62.4560,165.7480,0.0000,1011.2070,202.6520,138.0740,0.0000,0.0000,1580.1370
2072,1,1,1,61.3850,168.4980,0.0000,967.9380,193.8270,135.2490,0.0000,0.0000,1526.8970
2073,1,1,1,63.5510,168.0120,0.0000,965.4590,195.5760,135.1080,0.0000,0.0000,1527.7060
2074,1,1,1,62.1970,164.4190,0.0000,968.6890,192.6520,135.3110,0.0000,0.0000,1523.2680
2075,1,1,1,62.1290,167.6430,0.0000,971.5080,192.9110,135.1630,0.0000,0.0000,1529.3540
2076,1,1,1,60.3320,165.3350,0.0000,963.9940,193.9940,133.9200,0.0000,0.0000,1517.5750
2077,1,1,1,62.6100,164.6160,0.0000,973.3230,202.3140,135.0890,0.0000,0.0000,1537.9520
2078,1,1,1,62.1170,167.1390,0.0000,968.2030,195.4960,134.5900,0.0000,0.0000,1527.5450
2079,1,1,1,60.8250,164.0060,0.0000,969.6240,192.9290,134.2400,0.0000,0.0000,1521.6240
2080,1,1,1,62.6160,163.8830,0.0000,968.8370,193.9320,135.8400,0.0000,0.0000,1525.1080
2081,1,1,1,62.4310,165.1260,0.0000,966.7260,194.0740,135.6180,0.0000,0.0000,1523.9750
2082,1,1,0,60.1480,163.4150,0.0000,968.5040,190.5670,135.9440,0.0000,0.0000,1518.5780
2083,1,1,1,61.7850,164.9540,0.0000,971.7850,202.2640,136.9480,0.0000,0.0000,1537.7360
2084,0,1,0,62.5670,165.9440,0.0000,970.1720,195.2860,137.2680,0.0000,0.0000,1531.2370
2085,1,1,1,62.7070,165.7230,0.0000,966.2150,193.7970,136.0000,0.0000,0.0000,1524.4420
2086,1,1,1,61.8160,163.1020,0.0000,967.6550,193.2800,135.0960,0.0000,0.0000,1520.9490
2087,1,1,1,62.4000,165.2370,0.0000,968.4920,192.1290,135.1320,0.0000,0.0000,1523.3900
2088,1,1,1,61.1940,164.0120,0.0000,966.3880,195.0830,134.3080,0.0000,0.0000,1520.9850
2089,1,1,1,61.4400,164.7940,0.0000,971.6550,198.7200,139.0530,0.0000,0.0000,1535.6620
2090,1,1,1,62.3080,168.0430,0.0000,971.0470,196.4560,135.3350,0.0000,0.0000,1533.1890
2091,1,1,0,62.9230,167.2800,0.0000,970.1660,195.7910,136.1850,0.0000,0.0000,1532.3450
2092,1,1,0,62.8670,165.0530,0.0000,966.9480,193.4770,133.2620,0.0000,0.0000,1521.6070
2093,1,1,1,60.9350,166.0930,0.0000,965.0150,192.2950,134.0000,0.0000,0.0000,1518.3380
2094,0,1,0,61.7670,164.8980,0.0000,968.4310,192.1670,135.9200,0.0000,0.0000,1523.1830
2095,1,1,1,62.5410,164.6840,0.0000,962.9050,204.4920,137.4160,0.0000,0.0000,1532.0380
2096,1,1,1,61.6180,169.6670,0.0000,967.6990,194.8430,137.1640,0.0000,0.0000,1530.9910
2097,1,1,1,61.6980,166.3320,0.0000,967.2180,195.3910,134.1350,0.0000,0.0000,1524.7740
2098,1,1,1,61.2920,164.4800,0.0000,968.5170,194.9230,134.6030,0.0000,0.0000,1523.8150
2099,1,1,1,61.7600,165.1200,0.0000,967.0030,193.7540,135.4090,0.0000,0.0000,1523.0460
2100,1,1,1,60.8740,166.5910,0.0000,968.5480,194.7140,135.7910,0.0000,0.0000,1526.5180
2101,1,1,1,62.1300,165.9450,0.0000,970.1720,253.3600,137.6310,0.0000,0.0000,1589.2380
2102,1,1,1,63.4220,170.9910,0.0000,967.8960,197.8150,136.9660,0.0000,0.0000,1537.0900
2103,0,1,0,61.2920,166.7690,0.0000,968.1910,195.5320,135.9440,0.0000,0.0000,1527.7280
2104,1,1,1,62.3940,164.4370,0.0000,970.5780,192.6950,134.2710,0.0000,0.0000,1524.3750
2105,1,1,1,61.9510,164.9780,0.0000,968.8430,193.2370,135.4340,0.0000,0.0000,1524.4430
2106,0,1,0,61.1690,166.0060,0.0000,968.9110,192.3140,135.3660,0.0000,0.0000,1523.7660
2107,1,1,1,60.5470,165.5390,0.0000,968.5730,194.6340,188.1300,0.0000,0.0000,1577.4230
2108,1,1,1,64.7630,170.5780,0.0000,969.4770,194.9540,136.5470,0.0000,0.0000,1536.3190
2109,1,1,1,62.3440,167.6550,0.0000,966.9600,196.4190,135.3780,0.0000,0.0000,1528.7560
2110,1,1,1,61.0090,164.9720,0.0000,966.5530,193.4340,134.9230,0.0000,0.0000,1520.8910
2111,1,1,1,62.2520,166.7450,0.0000,969.1870,194.3320,134.5110,0.0000,0.0000,1527.0270
2112,1,1,1,62.2340,164.0370,0.0000,967.9630,193.9130,136.4680,0.0000,0.0000,1524.6150
2113,1,1,1,61.0340,164.3510,0.0000,969.3350,195.2620,133.9390,0.0000,0.0000,1523.9210
2114,1,1,0,101.2990,169.0770,0.0000,970.2460,195.0530,137.7110,0.0000,0.0000,1573.3860
2115,1,1,1,61.7170,165.0950,0.0000,969.2490,193.7110,134.7940,0.0000,0.0000,1524.5660
2116,1,1,1,64.1480,163.8830,0.0000,964.9290,194.5480,135.6800,0.0000,0.0000,1523.1880
2117,1,1,1,60.6520,163.9760,0.0000,965.8030,195.9570,135.4030,0.0000,0.0000,1521.7910
2118,1,1,1,61.9630,164.6960,0.0000,965.2370,193.9810,134.4130,0.0000,0.0000,1520.2900
2119,1,1,1,63.2920,164.4240,0.0000,967.7790,193.7660,135.1390,0.0000,0.0000,1524.4000
2120,1,1,1,62.9840,202.1780,0.0000,980.8860,221.6250,147.8090,0.0000,0.0000,1615.4820
2121,1,1,1,65.8710,174.0490,0.0000,973.7850,201.1270,139.9630,0.0000,0.0000,1554.7950
2122,1,1,1,61.3170,169.3720,0.0000,973.0770,197.7350,137.1450,0.0000,0.0000,1538.6460
2123,0,1,1,62.9540,166.8860,0.0000,969.5560,193.6190,135.8100,0.0000,0.0000,1528.8250
2124,1,1,1,61.0100,165.5450,0.0000,970.0430,195.7910,135.2370,0.0000,0.0000,1527.6260
2125,1,1,1,62.8250,165.4460,0.0000,968.9240,195.4590,134.4120,0.0000,0.0000,1527.0660
2126,1,1,1,61.7110,166.4300,0.0000,973.2860,208.8060,141.5630,0.0000,0.0000,1551.7960
2127,1,1,1,64.0550,170.2280,0.0000,971.2730,197.7910,136.8060,0.0000,0.0000,1540.1530
2128,1,1,1,62.4060,163.9630,0.0000,970.1600,194.1970,136.3630,0.0000,0.0000,1527.0890
2129,1,1,1,62.6460,166.2830,0.0000,964.1110,195.3300,136.0560,0.0000,0.0000,1524.4260
2130,1,1,1,63.2430,163.5130,0.0000,961.6990,193.2070,134.2830,0.0000,0.0000,1515.9450
2131,1,1,1,61.4770,163.2120,0.0000,969.2180,194.8000,134.6030,0.0000,0.0000,1523.3100
2132,1,1,1,62.9900,165.5570,0.0000,974.1100,201.5200,137.6190,0.0000,0.0000,1541.7960
2133,1,1,1,62.3320,168.2710,0.0000,970.0800,195.6610,139.3540,0.0000,0.0000,1535.6980
2134,1,1,1,63.2060,165.8400,0.0000,966.7940,195.8830,135.9820,0.0000,0.0000,1527.7050
2135,1,1,1,62.9540,166.0190,0.0000,969.6310,194.2330,135.8640,0.0000,0.0000,1528.7010
2136,1,1,1,60.0310,166.5970,0.0000,964.2090,192.9730,132.4120,0.0000,0.0000,1516.2220
2137,1,1,1,61.2130,165.6190,0.0000,969.2550,193.0650,135.1080,0.0000,0.0000,1524.2600
2138,1,1,1,62.7870,166.0000,0.0000,976.2640,204.9100,141.1750,0.0000,0.0000,1551.1360
2139,1,1,1,62.8800,170.7500,0.0000,968.8680,195.0590,137.1450,0.0000,0.0000,1534.7020
2140,1,1,1,63.3350,167.1140,0.0000,964.8560,194.8120,134.7560,0.0000,0.0000,1524.8730
2141,1,1,1,60.5420,165.5700,0.0000,969.3110,193.9130,134.2640,0.0000,0.0000,1523.6000
2142,1,1,1,62.6580,164.8800,0.0000,965.3170,192.3260,135.9450,0.0000,0.0000,1521.1260
2143,1,1,1,61.5510,165.9690,0.0000,964.4680,193.8460,134.3690,0.0000,0.0000,1520.2030
2144,1,1,1,63.1630,164.4310,0.0000,970.0730,201.6490,138.7260,0.0000,0.0000,1538.0420
2145,1,1,0,62.4730,167.6310,0.0000,963.6370,195.7410,134.9410,0.0000,0.0000,1524.4230
2146,1,1,1,61.4280,165.7720,0.0000,971.2680,193.5440,136.9040,0.0000,0.0000,1528.9160
2147,1,1,1,61.9260,166.5040,0.0000,968.1480,192.6650,134.8060,0.0000,0.0000,1524.0490
2148,1,1,1,61.8340,164.7020,0.0000,971.6120,192.9360,136.0370,0.0000,0.0000,1527.1210
2149,1,1,1,61.6610,165.6430,0.0000,966.2530,192.7930,134.6840,0.0000,0.0000,1521.0340
2150,1,1,1,63.0520,164.2890,0.0000,971.3480,202.8800,135.9570,0.0000,0.0000,1537.5260
2151,1,1,1,63.7480,166.1600,0.0000,966.8740,195.6620,137.5330,0.0000,0.0000,1529.9770
2152,0,1,0,62.6770,168.1540,0.0000,966.3330,194.4370,136.6890,0.0000,0.0000,1528.2900
2153,1,1,1,61.1750,167.5630,0.0000,965.8890,192.9530,134.5730,0.0000,0.0000,1522.1530
2154,1,1,1,61.7600,166.1350,0.0000,965.7350,195.0340,136.7070,0.0000,0.0000,1525.3710
2155,1,1,1,61.4100,164.7200,0.0000,970.0980,194.0370,131.9930,0.0000,0.0000,1522.2580
2156,1,1,1,60.0180,166.3320,0.0000,967.7840,254.2520,139.9630,0.0000,0.0000,1588.3490
2157,1,1,1,62.0680,172.4920,0.0000,970.4800,196.6530,136.6090,0.0000,0.0000,1538.3020
2158,1,1,1,62.9970,165.4280,0.0000,971.7970,195.6250,135.2980,0.0000,0.0000,1531.1450
2159,0,1,1,61.6310,163.6550,0.0000,969.3660,193.9690,133.9940,0.0000,0.0000,1522.6150
2160,1,1,1,61.3110,165.5700,0.0000,967.1450,195.8400,136.3940,0.0000,0.0000,1526.2600
2161,0,1,0,61.9260,164.2830,0.0000,969.4400,193.9440,134.9050,0.0000,0.0000,1524.4980
2162,1,1,1,63.2680,163.1330,0.0000,969.5510,194.2890,180.4490,0.0000,0.0000,1570.6900
2163,1,1,1,62.1470,170.4180,0.0000,968.6160,195.6980,136.1600,0.0000,0.0000,1533.0390
2164,1,1,0,62.4980,166.6150,0.0000,965.8950,194.7440,133.9880,0.0000,0.0000,1523.7400
2165,0,1,0,61.4270,164.0680,0.0000,968.9790,193.4770,135.1320,0.0000,0.0000,1523.0830
2166,1,1,1,61.7410,165.7300,0.0000,969.2800,193.8400,134.6770,0.0000,0.0000,1525.2680
2167,1,1,1,62.9970,166.9910,0.0000,966.8980,192.9170,134.9910,0.0000,0.0000,1524.7940
2168,1,1,1,60.9100,164.6890,0.0000,971.1320,195.3050,136.7810,0.0000,0.0000,1528.8170
2169,1,1,1,278.7810,184.3390,0.0000,972.5230,205.0770,144.5910,0.0000,0.0000,1785.3110
2170,1,1,1,64.2830,169.1760,0.0000,970.9660,199.7660,139.9750,0.0000,0.0000,1544.1660
2171,1,1,1,63.3540,167.8280,0.0000,967.4520,195.8710,133.9260,0.0000,0.0000,1528.4310
2172,1,1,1,62.2090,165.4220,0.0000,967.2980,195.7050,135.8150,0.0000,0.0000,1526.4490
2173,1,1,1,60.9840,166.9230,0.0000,969.5320,194.5170,136.3020,0.0000,0.0000,1528.2580
2174,0,1,0,61.6000,164.5410,0.0000,965.5510,194.4980,134.0000,0.0000,0.0000,1520.1900
2175,1,1,1,69.2800,171.3290,0.0000,971.0150,198.6220,140.1530,0.0000,0.0000,1550.3990
2176,0,1,0,64.8550,168.2770,0.0000,969.6800,196.6770,136.3930,0.0000,0.0000,1535.8820
2177,0,1,0,62.1850,166.6210,0.0000,969.6920,195.3600,133.2990,0.0000,0.0000,1527.1570
2178,0,1,0,61.8460,164.8190,0.0000,971.6740,193.4030,134.9540,0.0000,0.0000,1526.6960
2179,1,1,1,62.6530,166.4120,0.0000,967.6860,195.5080,134.3640,0.0000,0.0000,1526.6230
2180,1,1,1,61.0650,164.3570,0.0000,970.5410,193.9010,135.3050,0.0000,0.0000,1525.1690
2181,1,1,1,61.5560,211.7040,0.0000,969.3050,196.3440,138.0310,0.0000,0.0000,1576.9400
2182,1,1,1,63.6800,167.3170,0.0000,970.2890,195.4220,134.3260,0.0000,0.0000,1531.0340
2183,1,1,1,62.5290,166.0180,0.0000,970.0250,196.4250,134.4990,0.0000,0.0000,1529.4960
2184,1,1,1,60.8430,164.2400,0.0000,971.0770,191.0950,134.3570,0.0000,0.0000,1521.6120
2185,0,1,0,61.4890,162.9600,0.0000,970.8990,191.8520,134.3260,0.0000,0.0000,1521.5260
2186,1,1,1,61.9320,161.9820,0.0000,964.5230,193.8960,135.0460,0.0000,0.0000,1517.3790
2187,1,1,1,62.6530,165.3530,0.0000,1016.1970,204.4240,139.8700,0.0000,0.0000,1588.4970
2188,1,1,1,64.3760,169.0150,0.0000,968.5910,196.6960,134.8860,0.0000,0.0000,1533.5640
2189,1,1,1,61.8770,166.1100,0.0000,969.1940,194.7880,134.9730,0.0000,0.0000,1526.9420
2190,1,1,1,62.1780,165.0520,0.0000,965.2980,195.5200,134.7690,0.0000,0.0000,1522.8170
2191,1,1,1,61.1510,166.8120,0.0000,967.9640,192.0930,134.0250,0.0000,0.0000,1522.0450
2192,1,1,1,61.0470,162.4120,0.0000,968.3320,193.8400,133.9200,0.0000,0.0000,1519.5510
2193,1,1,1,61.4150,163.1940,0.0000,971.4340,201.5570,137.0220,0.0000,0.0000,1534.6220
2194,1,1,1,63.7840,168.2210,0.0000,970.2030,196.2890,136.4000,0.0000,0.0000,1534.8970
2195,1,1,1,62.9540,164.6840,0.0000,965.5820,194.3070,134.3930,0.0000,0.0000,1521.9200
2196,0,1,0,62.9850,164.4430,0.0000,965.6620,193.1750,135.3420,0.0000,0.0000,1521.6070
2197,1,1,1,62.0250,164.6040,0.0000,968.8990,193.5080,134.3750,0.0000,0.0000,1523.4110
2198,1,1,1,62.5840,164.6580,0.0000,967.6000,192.8550,136.1170,0.0000,0.0000,1523.8140
2199,1,1,1,62.3940,166.9780,0.0000,973.6000,199.5020,138.0860,0.0000,0.0000,1540.5600
2200,1,1,1,62.0990,166.2650,0.0000,970.2520,194.9350,135.5260,0.0000,0.0000,1529.0770
2201,1,1,1,61.7050,164.9410,0.0000,969.2000,195.5750,134.5600,0.0000,0.0000,1525.9810
2202,1,1,1,60.9350,165.6490,0.0000,963.2620,194.3080,136.9970,0.0000,0.0000,1521.1510
2203,1,1,1,60.3820,167.4210,0.0000,969.6300,193.0150,138.0000,0.0000,0.0000,1528.4480
2204,1,1,1,61.8770,165.9020,0.0000,967.1010,194.0920,134.1110,0.0000,0.0000,1523.0830
2205,1,1,1,60.2220,164.5720,0.0000,971.7540,198.6640,139.4100,0.0000,0.0000,1534.6220
2206,1,1,1,62.8550,168.8190,0.0000,970.3070,194.5420,136.7570,0.0000,0.0000,1533.2800
2207,0,1,0,61.4340,165.1940,0.0000,970.8000,193.4890,136.4120,0.0000,0.0000,1527.3290
2208,1,1,1,61.7910,164.8250,0.0000,965.2430,193.8890,137.2680,0.0000,0.0000,1523.0160
2209,1,1,1,60.1970,164.9230,0.0000,968.3930,195.0400,134.7020,0.0000,0.0000,1523.2550
2210,1,1,1,62.9110,165.0710,0.0000,967.9880,196.7750,133.7790,0.0000,0.0000,1526.5240
2211,1,1,1,61.5690,163.1450,0.0000,971.2180,204.0370,138.0990,0.0000,0.0000,1538.0680
2212,1,1,1,62.5970,168.5900,0.0000,973.0160,197.2000,135.8830,0.0000,0.0000,1537.2860
2213,1,1,1,60.5100,166.8980,0.0000,968.9970,193.2300,135.1320,0.0000,0.0000,1524.7670
2214,0,1,0,62.5660,163.5140,0.0000,966.5300,195.5200,135.1820,0.0000,0.0000,1523.3120
2215,1,1,1,60.3750,167.4770,0.0000,967.9630,193.7530,134.4740,0.0000,0.0000,1524.0420
2216,1,1,1,61.7230,164.7500,0.0000,964.9050,194.2520,135.2620,0.0000,0.0000,1520.8920
2217,0,1,0,61.9440,163.9260,0.0000,968.4860,253.3600,138.8490,0.0000,0.0000,1586.5650
2218,1,1,1,63.7600,168.2090,0.0000,968.3320,196.9170,136.1420,0.0000,0.0000,1533.3600
2219,1,1,1,62.5720,167.4220,0.0000,964.8490,196.2270,135.1630,0.0000,0.0000,1526.2330
2220,1,1,1,62.5100,166.0240,0.0000,969.1380,193.9080,135.0520,0.0000,0.0000,1526.6320
2221,1,1,1,61.6990,165.3050,0.0000,965.0530,194.5600,134.0060,0.0000,0.0000,1520.6230
2222,1,1,1,62.1110,164.6710,0.0000,968.3260,194.5720,133.1390,0.0000,0.0000,1522.8190
2223,1,1,1,61.7720,166.7140,0.0000,968.7510,195.8890,178.1540,0.0000,0.0000,1571.2800
2224,1,1,1,62.1900,170.5600,0.0000,968.3880,196.9600,136.0800,0.0000,0.0000,1534.1780
2225,1,1,1,63.6550,165.4340,0.0000,971.4530,195.4280,134.7020,0.0000,0.0000,1530.6720
2226,0,1,0,63.5880,165.2370,0.0000,967.4890,192.4740,136.2460,0.0000,0.0000,1525.0340
2227,1,1,1,61.0330,165.3410,0.0000,970.0430,193.1820,135.2120,0.0000,0.0000,1524.8110
2228,1,1,1,61.2610,165.0270,0.0000,969.6920,194.5230,134.0610,0.0000,0.0000,1524.5640
2229,1,1,1,62.0740,164.9530,0.0000,964.7140,193.7480,134.4860,0.0000,0.0000,1519.9750
2230,0,1,0,102.1230,168.9170,0.0000,971.2620,195.4830,139.2180,0.0000,0.0000,1577.0030
2231,0,1,0,61.3720,166.9600,0.0000,969.2300,194.7330,137.5140,0.0000,0.0000,1529.8090
2232,0,1,0,62.8740,165.0770,0.0000,966.9360,194.0980,136.8430,0.0000,0.0000,1525.8280
2233,0,1,0,62.2590,167.0770,0.0000,966.4430,194.2520,135.0700,0.0000,0.0000,1525.1010
2234,1,1,1,62.0980,166.2830,0.0000,971.9880,193.3850,133.8770,0.0000,0.0000,1527.6310
2235,1,1,1,61.0100,163.8030,0.0000,969.3730,193.1260,134.8980,0.0000,0.0000,1522.2100
2236,1,1,1,62.3450,207.1880,0.0000,971.0400,201.1320,137.7600,0.0000,0.0000,1579.4650
2237,1,1,1,62.3820,167.3290,0.0000,965.7900,194.6280,136.5790,0.0000,0.0000,1526.7080
2238,1,1,1,61.0650,164.9290,0.0000,967.0100,194.7200,137.2370,0.0000,0.0000,1524.9610
2239,1,1,1,61.5200,164.5170,0.0000,969.5320,195.7790,134.3640,0.0000,0.0000,1525.7120
2240,1,1,0,60.5720,164.1970,0.0000,969.9570,195.0900,134.3880,0.0000,0.0000,1524.2040
2241,1,1,1,60.2830,164.9470,0.0000,966.9660,195.8580,133.7470,0.0000,0.0000,1521.8010
2242,1,1,1,62.4060,165.9510,0.0000,966.7200,204.0370,139.1330,0.0000,0.0000,1538.2470
2243,0,1,0,62.0680,167.5700,0.0000,968.3270,197.2370,135.6430,0.0000,0.0000,1530.8450
2244,1,1,1,62.9360,167.8830,0.0000,966.9600,194.5660,135.8530,0.0000,0.0000,1528.1980
2245,1,1,1,62.0310,165.8280,0.0000,966.3140,195.2250,135.0640,0.0000,0.0000,1524.4620
2246,0,1,0,62.6520,164.9470,0.0000,968.6710,192.4250,134.8500,0.0000,0.0000,1523.5450
2247,1,1,1,61.2980,163.1330,0.0000,967.0220,195.3970,134.9600,0.0000,0.0000,1521.8100
2248,1,1,1,62.1910,164.2220,0.0000,963.2370,207.1870,141.3970,0.0000,0.0000,1538.2340
2249,0,1,0,63.7420,167.6670,0.0000,970.6460,195.8890,134.7320,0.0000,0.0000,1532.6760
2250,1,1,1,62.8550,167.1440,0.0000,968.3330,192.7750,135.4890,0.0000,0.0000,1526.5960
2251,1,1,1,62.0190,165.6250,0.0000,969.4460,194.5720,135.4470,0.0000,0.0000,1527.1090
2252,1,1,1,60.8060,166.8190,0.0000,970.1110,192.2340,134.8000,0.0000,0.0000,1524.7700
2253,1,1,1,61.3730,162.6460,0.0000,967.7540,196.7510,135.7850,0.0000,0.0000,1524.3090
2254,1,1,1,60.6650,165.7960,0.0000,975.1390,200.4680,136.4000,0.0000,0.0000,1538.4680
2255,1,1,1,63.2860,168.7570,0.0000,969.1870,196.8500,136.6520,0.0000,0.0000,1534.7320
2256,1,1,1,62.1110,165.6740,0.0000,967.0150,193.7540,136.5350,0.0000,0.0000,1525.0890
2257,1,1,1,61.8830,163.6740,0.0000,971.7360,194.6770,137.6180,0.0000,0.0000,1529.5880
2258,1,1,1,62.8870,166.4060,0.0000,964.8860,193.4950,136.1350,0.0000,0.0000,1523.8090
2259,1,1,0,62.3020,165.9510,0.0000,972.9350,192.5970,135.0280,0.0000,0.0000,1528.8130
2260,1,1,1,61.4160,165.4210,0.0000,973.6180,203.4470,135.7910,0.0000,0.0000,1539.6930
2261,1,1,1,63.0770,168.6210,0.0000,973.2000,194.1660,136.7450,0.0000,0.0000,1535.8090
2262,1,1,1,63.4520,166.8550,0.0000,970.4180,195.1870,134.6890,0.0000,0.0000,1530.6010
2263,1,1,1,62.2090,167.0470,0.0000,966.4740,193.0890,133.8770,0.0000,0.0000,1522.6960
2264,1,1,1,61.1570,164.9410,0.0000,968.1600,193.8030,136.1480,0.0000,0.0000,1524.2090
2265,0,1,0,61.5690,164.4190,0.0000,966.1960,193.2060,135.8650,0.0000,0.0000,1521.2550
2266,0,1,0,61.0950,165.7780,0.0000,1004.6100,203.0710,137.7350,0.0000,0.0000,1572.2890
2267,1,1,1,62.7510,167.6860,0.0000,969.3660,193.4220,135.4520,0.0000,0.0000,1528.6770
2268,1,1,1,62.9480,165.1140,0.0000,969.4770,196.3940,136.0000,0.0000,0.0000,1529.9330
2269,1,1,1,61.3110,165.2000,0.0000,966.3510,193.0340,132.7390,0.0000,0.0000,1518.6350
2270,1,1,1,62.0920,165.1130,0.0000,968.1170,192.5660,134.3570,0.0000,0.0000,1522.2450
2271,1,1,1,62.2770,166.0430,0.0000,965.1130,192.6830,135.1820,0.0000,0.0000,1521.2980
2272,0,1,0,61.4770,166.1360,0.0000,967.1940,233.0210,138.9730,0.0000,0.0000,1566.8010
2273,1,1,1,60.9420,170.0430,0.0000,967.1260,197.4650,136.5050,0.0000,0.0000,1532.0810
2274,1,1,1,62.4550,167.0890,0.0000,967.1940,194.1170,136.6460,0.0000,0.0000,1527.5010
2275,1,1,1,62.1720,164.8920,0.0000,968.0740,192.1660,135.8710,0.0000,0.0000,1523.1750
2276,1,1,0,61.2060,164.8430,0.0000,963.7910,192.6090,134.8060,0.0000,0.0000,1517.2550
2277,0,1,0,60.7870,163.5570,0.0000,967.6490,192.5290,134.6580,0.0000,0.0000,1519.1800
2278,1,1,1,61.2800,164.7200,0.0000,968.3630,192.7940,184.1410,0.0000,0.0000,1571.2980
2279,1,1,1,66.9410,171.9140,0.0000,968.0610,196.0920,137.0530,0.0000,0.0000,1540.0610
2280,1,1,1,63.4460,166.2890,0.0000,965.2430,196.1660,136.2950,0.0000,0.0000,1527.4390
2281,1,1,1,63.3300,165.6550,0.0000,969.9020,194.5350,135.9010,0.0000,0.0000,1529.3230
2282,1,1,1,60.5850,165.2430,0.0000,965.5200,193.2000,136.9290,0.0000,0.0000,1521.4770
2283,1,1,1,62.1660,165.8040,0.0000,967.6980,196.3200,135.9140,0.0000,0.0000,1527.9020
2284,1,1,0,61.8460,166.3820,0.0000,965.9510,191.6490,135.2310,0.0000,0.0000,1521.0590
2285,1,1,1,62.0620,229.5380,0.0000,969.4900,196.9910,140.0500,0.0000,0.0000,1598.1310
2286,1,1,1,63.5940,168.4300,0.0000,969.2680,194.6460,137.1570,0.0000,0.0000,1533.0950
2287,1,1,1,63.2620,165.4830,0.0000,971.0650,193.3540,135.7290,0.0000,0.0000,1528.8930
2288,1,1,1,61.9200,165.6250,0.0000,969.7910,194.0980,136.4430,0.0000,0.0000,1527.8770
2289,0,1,0,62.5540,163.9020,0.0000,967.9750,194.0800,134.8000,0.0000,0.0000,1523.3110
2290,1,1,1,62.4860,164.7570,0.0000,965.9260,194.0550,134.7630,0.0000,0.0000,1521.9870
2291,1,1,1,61.5330,165.1450,0.0000,971.5570,201.7110,136.4300,0.0000,0.0000,1536.3760
2292,0,1,0,63.3850,170.2270,0.0000,966.4930,194.6090,136.3080,0.0000,0.0000,1531.0220
2293,1,1,1,62.6460,166.5910,0.0000,969.5260,194.9300,133.0400,0.0000,0.0000,1526.7330
2294,1,1,1,60.0060,163.9820,0.0000,966.6710,194.6520,136.6160,0.0000,0.0000,1521.9270
2295,1,1,1,61.6310,164.9350,0.0000,964.4550,195.1940,135.0830,0.0000,0.0000,1521.2980
2296,1,1,1,61.2550,164.7200,0.0000,966.2400,194.2030,133.5260,0.0000,0.0000,1519.9440
2297,1,1,1,61.3660,165.3790,0.0000,960.7130,202.3260,137.9760,0.0000,0.0000,1527.7600
2298,1,1,1,62.4980,167.2430,0.0000,965.5690,192.7760,137.2370,0.0000,0.0000,1525.3230
2299,1,1,1,60.8060,164.7880,0.0000,967.5320,193.3850,135.1380,0.0000,0.0000,1521.6490
2300,1,1,1,64.3570,166.3200,0.0000,969.1930,194.5230,134.8680,0.0000,0.0000,1529.2610
2301,0,1,0,60.0930,164.1100,0.0000,967.6800,194.7630,132.6150,0.0000,0.0000,1519.2610
2302,1,1,1,60.8250,163.6060,0.0000,971.8090,194.3440,135.8400,0.0000,0.0000,1526.4240
2303,1,1,1,61.8960,164.1230,0.0000,974.7500,198.9350,137.5510,0.0000,0.0000,1537.2550
2304,0,1,0,63.2000,167.1510,0.0000,971.0160,196.4930,134.8310,0.0000,0.0000,1532.6910
2305,1,1,1,62.5410,168.9720,0.0000,972.6590,194.2030,136.1230,0.0000,0.0000,1534.4980
2306,1,1,1,63.0040,165.3720,0.0000,972.0800,192.9170,135.1820,0.0000,0.0000,1528.5550
2307,1,1,1,62.9230,167.1380,0.0000,967.5700,193.5320,132.7130,0.0000,0.0000,1523.8760
2308,1,1,1,62.4620,164.8430,0.0000,968.6590,193.3790,134.8250,0.0000,0.0000,1524.1680
2309,1,1,1,61.4460,167.2980,0.0000,965.0770,201.2370,138.5290,0.0000,0.0000,1533.5870
2310,1,1,1,62.4000,167.2920,0.0000,971.0470,197.2800,134.3940,0.0000,0.0000,1532.4130
2311,1,1,1,60.8120,165.6800,0.0000,967.3420,194.5410,134.9050,0.0000,0.0000,1523.2800
2312,1,1,1,62.1360,165.0210,0.0000,967.6980,193.2430,134.8310,0.0000,0.0000,1522.9290
2313,1,1,1,62.1600,164.5970,0.0000,970.5720,194.4120,134.9960,0.0000,0.0000,1526.7370
2314,1,1,1,62.6030,162.8800,0.0000,963.3480,193.5810,135.0890,0.0000,0.0000,1517.5010
2315,1,1,1,62.2340,164.9540,0.0000,972.6270,202.9600,135.9390,0.0000,0.0000,1538.7140
2316,1,1,1,62.1360,165.9810,0.0000,965.5570,195.5630,135.5510,0.0000,0.0000,1524.7880
2317,1,1,1,62.6460,166.2650,0.0000,968.2210,195.9200,133.5880,0.0000,0.0000,1526.6400
2318,1,1,1,61.4030,166.2400,0.0000,968.3700,193.5880,134.5480,0.0000,0.0000,1524.1490
2319,1,1,1,62.5230,163.8840,0.0000,965.2490,194.8430,134.2210,0.0000,0.0000,1520.7200
2320,1,1,1,62.8920,164.1970,0.0000,968.4980,193.8400,133.5020,0.0000,0.0000,1522.9290
2321,1,1,1,62.7020,166.2090,0.0000,969.8280,248.5170,139.1630,0.0000,0.0000,1586.4190
2322,1,1,1,65.9070,169.4210,0.0000,969.5510,194.6950,136.0620,0.0000,0.0000,1535.6360
2323,1,1,1,63.1750,168.1290,0.0000,969.6370,195.1390,135.4710,0.0000,0.0000,1531.5510
2324,1,1,1,63.0280,164.6710,0.0000,969.9570,194.5780,134.9600,0.0000,0.0000,1527.1940
2325,1,1,1,62.6950,165.8090,0.0000,967.8150,194.4370,136.3570,0.0000,0.0000,1527.1130
2326,1,1,1,62.1360,164.6520,0.0000,966.9600,194.5230,135.6620,0.0000,0.0000,1523.9330
2327,1,1,1,62.3940,166.1840,0.0000,969.7050,193.5690,143.3480,0.0000,0.0000,1535.2000
2328,1,1,1,62.6220,169.0890,0.0000,969.7790,196.2090,135.4950,0.0000,0.0000,1533.1940
2329,1,1,1,62.8680,167.4710,0.0000,967.6430,195.4710,133.3290,0.0000,0.0000,1526.7820
2330,1,1,1,60.7440,163.3410,0.0000,971.4830,194.4180,135.2310,0.0000,0.0000,1525.2170
2331,1,1,1,62.8000,164.1040,0.0000,965.7040,192.9420,135.2550,0.0000,0.0000,1520.8050
2332,1,1,1,61.3910,161.7970,0.0000,967.6310,192.8180,134.9600,0.0000,0.0000,1518.5970
2333,1,1,1,61.9200,166.4370,0.0000,968.6900,192.9170,134.6400,0.0000,0.0000,1524.6040
2334,1,1,1,102.1290,167.8400,0.0000,969.9750,197.6740,138.8740,0.0000,0.0000,1576.4920
2335,1,1,1,60.9290,166.2590,0.0000,969.3110,193.3660,135.3780,0.0000,0.0000,1525.2430
2336,0,1,0,62.2030,165.3410,0.0000,968.0680,194.5720,135.8460,0.0000,0.0000,1526.0300
2337,1,1,1,60.9850,164.5480,0.0000,967.0580,195.3910,134.2220,0.0000,0.0000,1522.2040
2338,1,1,1,61.0220,164.9670,0.0000,970.0610,192.9790,136.2770,0.0000,0.0000,1525.3060
2339,1,1,1,61.9690,164.3880,0.0000,971.4400,194.1040,136.2590,0.0000,0.0000,1528.1600
2340,1,1,1,60.5850,217.2250,0.0000,971.0890,202.0120,139.3730,0.0000,0.0000,1590.2840
2341,1,1,0,64.5420,166.5970,0.0000,965.6060,195.0090,138.3140,0.0000,0.0000,1530.0680
2342,1,1,1,65.5130,166.2210,0.0000,966.7570,194.7140,136.8000,0.0000,0.0000,1530.0050
2343,1,1,1,60.8800,165.6130,0.0000,969.8150,194.1170,135.0710,0.0000,0.0000,1525.4960
2344,1,1,1,60.7260,165.5630,0.0000,966.4250,196.4120,136.4500,0.0000,0.0000,1525.5760
2345,1,1,1,63.0650,164.7870,0.0000,962.1660,192.0560,135.7530,0.0000,0.0000,1517.8270
2346,1,1,1,62.6830,162.6340,0.0000,970.9970,202.3750,139.1750,0.0000,0.0000,1537.8640
2347,1,1,1,62.6710,166.1170,0.0000,968.0500,194.9730,137.7660,0.0000,0.0000,1529.5770
2348,1,1,0,61.7600,168.2400,0.0000,968.7690,194.6340,136.2770,0.0000,0.0000,1529.6800
2349,1,1,1,63.0150,166.8310,0.0000,969.0900,197.1880,135.2800,0.0000,0.0000,1531.4040
2350,0,1,0,61.1500,164.2030,0.0000,970.2150,194.7570,135.1510,0.0000,0.0000,1525.4760
2351,1,1,1,61.1080,164.8250,0.0000,971.7530,194.5970,135.0520,0.0000,0.0000,1527.3350
2352,1,1,1,60.6400,165.3540,0.0000,972.8370,200.5850,137.4640,0.0000,0.0000,1536.8800
2353,1,1,1,63.5020,165.8710,0.0000,968.7940,196.4250,136.3810,0.0000,0.0000,1530.9730
2354,1,1,1,61.0090,166.6580,0.0000,965.9880,193.6800,136.5660,0.0000,0.0000,1523.9010
2355,1,1,1,60.8800,165.4220,0.0000,970.9660,194.6890,135.0960,0.0000,0.0000,1527.0530
2356,1,1,1,61.9760,165.3110,0.0000,965.7840,193.7600,135.5510,0.0000,0.0000,1522.3820
2357,1,1,1,62.0370,164.4800,0.0000,969.6800,193.9440,134.3760,0.0000,0.0000,1524.5170
2358,1,1,1,63.3600,163.7110,0.0000,973.4090,203.8090,135.6430,0.0000,0.0000,1539.9320
2359,1,1,1,62.1660,166.8070,0.0000,967.5940,194.3390,136.5600,0.0000,0.0000,1527.4660
2360,0,1,0,61.9810,167.5940,0.0000,968.4550,194.6650,134.3810,0.0000,0.0000,1527.0760
2361,1,1,0,62.5480,164.3200,0.0000,968.2650,194.2830,135.2550,0.0000,0.0000,1524.6710
2362,1,1,1,61.6740,164.5540,0.0000,967.6310,193.3110,134.6460,0.0000,0.0000,1521.8160
2363,1,1,0,61.1320,166.7200,0.0000,966.8800,193.5630,135.1200,0.0000,0.0000,1523.4150
2364,0,1,0,60.9290,165.1200,0.0000,972.6520,203.1870,138.0190,0.0000,0.0000,1539.9070
2365,1,1,1,61.9080,167.7790,0.0000,972.0120,196.3570,137.5380,0.0000,0.0000,1535.5940
2366,1,1,0,61.4460,164.9170,0.0000,968.0550,193.7050,136.7880,0.0000,0.0000,1524.9110
2367,1,1,1,62.4860,165.2360,0.0000,966.3690,195.0960,137.5510,0.0000,0.0000,1526.7380
2368,1,1,1,61.5450,165.8640,0.0000,970.5170,195.3600,133.1260,0.0000,0.0000,1526.4120
2369,1,1,1,62.9720,167.0030,0.0000,971.7290,192.7010,134.9850,0.0000,0.0000,1529.3900
2370,1,1,1,61.1870,165.3540,0.0000,983.7970,201.6800,136.8680,0.0000,0.0000,1548.8860
2371,1,1,1,63.7110,168.1170,0.0000,968.1300,197.5760,134.9790,0.0000,0.0000,1532.5130
2372,1,1,1,61.5200,167.4210,0.0000,970.6830,195.0460,135.9700,0.0000,0.0000,1530.6400
2373,0,1,0,62.0190,167.1630,0.0000,971.5330,196.5350,136.4920,0.0000,0.0000,1533.7420
2374,1,1,1,60.1110,165.4270,0.0000,966.9600,195.6550,136.8740,0.0000,0.0000,1525.0270
2375,1,1,1,62.4680,166.4740,0.0000,968.0000,194.4670,136.4430,0.0000,0.0000,1527.8520
2376,1,1,1,60.3020,166.7330,0.0000,965.1140,244.7940,137.3540,0.0000,0.0000,1574.2970
2377,1,1,1,63.2930,167.1690,0.0000,970.6950,194.4930,136.0130,0.0000,0.0000,1531.6630
2378,1,1,1,62.7260,166.5110,0.0000,969.1570,194.3630,135.4340,0.0000,0.0000,1528.1910
2379,1,1,1,60.6830,166.0250,0.0000,966.4800,194.6460,134.9970,0.0000,0.0000,1522.8310
2380,1,1,1,61.0400,164.2710,0.0000,967.4090,192.3130,135.2250,0.0000,0.0000,1520.2580
2381,0,1,1,62.2210,166.1900,0.0000,968.4190,193.4030,132.5970,0.0000,0.0000,1522.8300
2382,1,1,1,64.6460,165.6060,0.0000,966.4000,192.3380,176.7570,0.0000,0.0000,1565.7470
2383,1,1,1,62.9230,169.0030,0.0000,969.5700,197.3410,136.5470,0.0000,0.0000,1535.3840
2384,1,1,1,61.6920,164.8000,0.0000,969.3720,195.5760,136.5050,0.0000,0.0000,1527.9450
2385,1,1,1,61.6860,165.3050,0.0000,975.1510,195.0340,136.7260,0.0000,0.0000,1533.9020
2386,1,1,1,61.8090,163.3600,0.0000,966.1170,194.1540,135.8400,0.0000,0.0000,1521.2800
2387,1,1,1,60.6710,164.6640,0.0000,965.8400,194.1230,137.3110,0.0000,0.0000,1522.6090
2388,1,1,1,61.0460,165.1010,0.0000,965.8890,194.3140,135.7720,0.0000,0.0000,1522.1220
2389,1,1,1,62.7390,207.7420,0.0000,970.8250,198.1100,138.6210,0.0000,0.0000,1578.0370
2390,1,1,1,61.9380,168.6640,0.0000,965.4770,194.3320,137.9390,0.0000,0.0000,1528.3500
2391,1,1,1,62.4070,164.5290,0.0000,970.5480,194.3450,135.1320,0.0000,0.0000,1526.9610
2392,1,1,1,63.1390,164.8920,0.0000,966.0490,195.1570,135.3540,0.0000,0.0000,1524.5910
2393,1,1,0,61.8150,164.8800,0.0000,967.3670,192.8680,134.8610,0.0000,0.0000,1521.7910
2394,1,1,1,61.9080,166.2770,0.0000,969.3730,192.8560,135.1390,0.0000,0.0000,1525.5530
2395,1,1,0,62.8860,163.5940,0.0000,972.8130,200.3320,139.5010,0.0000,0.0000,1539.1260
2396,1,1,1,62.0060,169.1010,0.0000,967.9320,196.8430,133.7730,0.0000,0.0000,1529.6550
2397,1,1,1,61.9140,166.0620,0.0000,968.7260,195.1750,135.3720,0.0000,0.0000,1527.2490
2398,1,1,1,60.2650,165.2620,0.0000,967.5020,192.3320,136.3450,0.0000,0.0000,1521.7060
2399,0,1,0,62.1780,164.5170,0.0000,970.8310,194.8620,135.5630,0.0000,0.0000,1527.9510
2400,1,1,1,62.5470,165.0210,0.0000,966.1110,193.1140,134.0930,0.0000,0.0000,1520.8860
2401,1,1,1,61.3600,164.6030,0.0000,964.7140,201.5940,138.1850,0.0000,0.0000,1530.4560
2402,1,1,1,61.6000,168.0550,0.0000,969.6800,195.7970,137.5140,0.0000,0.0000,1532.6460
2403,1,1,0,61.8520,167.2060,0.0000,965.7410,195.5010,136.0980,0.0000,0.0000,1526.3980
2404,1,1,1,61.6190,163.9320,0.0000,965.7050,195.0710,134.8430,0.0000,0.0000,1521.1700
2405,1,1,1,61.8580,163.7420,0.0000,967.8150,194.8740,134.1050,0.0000,0.0000,1522.3940
2406,1,1,1,61.9760,164.3070,0.0000,969.1140,192.0800,134.2960,0.0000,0.0000,1521.7730
2407,1,1,1,63.2000,165.3100,0.0000,973.6680,202.5540,138.4990,0.0000,0.0000,1543.2310
2408,1,1,1,64.4370,167.4150,0.0000,971.4710,197.0220,135.1450,0.0000,0.0000,1535.4900
2409,1,1,1,61.8890,165.1450,0.0000,967.4900,194.8120,133.5940,0.0000,0.0000,1522.9300
2410,1,1,0,63.0220,166.2520,0.0000,966.1780,193.0090,135.3420,0.0000,0.0000,1523.8030
2411,1,1,1,62.5720,162.6160,0.0000,970.4610,192.8430,134.5230,0.0000,0.0000,1523.0150
2412,1,1,1,60.8000,165.9320,0.0000,966.6580,195.6800,134.9970,0.0000,0.0000,1524.0670
2413,1,1,1,60.4240,166.3450,0.0000,974.7140,203.1810,137.0160,0.0000,0.0000,1541.6800
2414,1,1,1,62.6090,166.3450,0.0000,967.9630,195.6620,134.4490,0.0000,0.0000,1527.0280
2415,1,1,1,62.7260,167.1140,0.0000,967.2990,193.9330,136.4550,0.0000,0.0000,1527.5270
2416,1,1,1,62.4190,165.2740,0.0000,968.6590,194.7440,133.5330,0.0000,0.0000,1524.6290
2417,1,1,0,63.5930,165.6000,0.0000,965.3540,193.0270,133.9320,0.0000,0.0000,1521.5060
2418,1,1,1,62.5410,162.5910,0.0000,967.7600,194.5600,134.5230,0.0000,0.0000,1521.9750
2419,0,1,1,61.8710,163.0090,0.0000,969.3240,202.2640,139.4580,0.0000,0.0000,1535.9260
2420,1,1,1,60.7070,167.5080,0.0000,966.6160,195.2990,137.3660,0.0000,0.0000,1527.4960
2421,1,1,1,60.4490,166.1290,0.0000,969.5450,192.8730,134.7380,0.0000,0.0000,1523.7340
2422,1,1,0,62.3940,164.8490,0.0000,968.6270,192.4620,135.3850,0.0000,0.0000,1523.7170
2423,1,1,1,61.5880,165.2120,0.0000,965.9690,195.7360,133.9760,0.0000,0.0000,1522.4810
2424,1,1,1,63.1440,166.1170,0.0000,972.5910,192.3380,135.2860,0.0000,0.0000,1529.4760
2425,1,1,1,61.5820,164.7930,0.0000,967.0160,239.3100,135.8400,0.0000,0.0000,1568.5410
2426,1,1,1,61.8580,166.4310,0.0000,968.4190,194.1410,135.6550,0.0000,0.0000,1526.5040
2427,1,1,1,63.8280,165.6920,0.0000,967.0520,193.8460,135.2860,0.0000,0.0000,1525.7040
2428,1,1,1,62.4490,165.3660,0.0000,964.6150,194.2830,135.8280,0.0000,0.0000,1522.5410
2429,1,1,1,61.8520,164.5910,0.0000,967.7410,193.1500,134.1910,0.0000,0.0000,1521.5250
2430,1,1,1,61.8710,166.3140,0.0000,966.8000,195.6180,134.9170,0.0000,0.0000,1525.5200
2431,1,1,1,63.9630,162.1850,0.0000,969.3050,194.7440,193.4150,0.0000,0.0000,1583.6120
2432,1,1,1,64.8740,169.6250,0.0000,968.6890,196.8800,135.7410,0.0000,0.0000,1535.8090
2433,1,1,1,61.6670,165.4340,0.0000,969.8830,193.5200,136.8930,0.0000,0.0000,1527.3970
2434,1,1,1,63.6060,164.9230,0.0000,970.5480,194.9600,135.5570,0.0000,0.0000,1529.5940
2435,1,1,1,62.3010,166.0800,0.0000,966.6640,193.3050,135.3970,0.0000,0.0000,1523.7470
2436,0,1,0,61.0340,165.4460,0.0000,965.9880,193.7230,135.0580,0.0000,0.0000,1521.2490
2437,1,1,1,62.4000,164.4120,0.0000,970.4860,193.8400,134.7820,0.0000,0.0000,1525.9200
2438,1,1,0,66.3070,169.8460,0.0000,970.0610,194.7760,137.7300,0.0000,0.0000,1538.7200
2439,1,1,1,63.5750,165.5880,0.0000,971.4280,194.1230,136.3560,0.0000,0.0000,1531.0700
2440,1,1,1,61.3050,164.6160,0.0000,965.9080,192.8560,137.2130,0.0000,0.0000,1521.8980
2441,1,1,1,62.0860,165.2000,0.0000,971.1010,195.5570,134.7200,0.0000,0.0000,1528.6640
2442,0,1,0,61.8460,167.7780,0.0000,964.6340,196.0620,132.5660,0.0000,0.0000,1522.8860
2443,1,1,1,61.9640,165.6370,0.0000,963.9930,194.3080,134.8000,0.0000,0.0000,1520.7020
2444,0,1,0,60.3320,215.4160,0.0000,971.3720,198.8800,138.0800,0.0000,0.0000,1584.0800
2445,1,1,1,62.2520,169.0470,0.0000,971.9880,195.1320,135.9080,0.0000,0.0000,1534.3270
2446,1,1,1,62.3330,166.4800,0.0000,968.0860,194.9850,136.5050,0.0000,0.0000,1528.3890
2447,1,1,1,62.1110,164.9110,0.0000,965.9510,193.8460,134.5720,0.0000,0.0000,1521.3910
2448,1,1,1,61.6930,164.3510,0.0000,969.8830,192.7380,135.8890,0.0000,0.0000,1524.5540
2449,1,1,1,62.1970,163.4580,0.0000,968.2090,196.5670,135.3170,0.0000,0.0000,1525.7480
2450,1,1,1,63.4210,163.7300,0.0000,969.7910,201.0220,140.1540,0.0000,0.0000,1538.1180
2451,1,1,1,62.2530,166.8860,0.0000,971.1010,195.8710,138.4860,0.0000,0.0000,1534.5970
2452,1,1,1,61.2120,166.5900,0.0000,966.9970,194.1420,134.8740,0.0000,0.0000,1523.8150
2453,1,1,1,62.5530,166.7570,0.0000,970.8070,194.4250,134.7380,0.0000,0.0000,1529.2800
2454,1,1,1,61.2560,166.5840,0.0000,967.2620,194.2090,133.6120,0.0000,0.0000,1522.9230
2455,1,1,1,62.1230,167.4650,0.0000,973.9080,194.4680,133.6430,0.0000,0.0000,1531.6070
2456,1,1,1,61.2930,164.9170,0.0000,972.4620,200.8550,136.2590,0.0000,0.0000,1535.7860
2457,1,1,1,62.8550,167.6370,0.0000,965.0030,194.2770,135.5260,0.0000,0.0000,1525.2980
2458,1,1,1,62.9110,166.4000,0.0000,966.4620,192.3690,136.7260,0.0000,0.0000,1524.8680
2459,1,1,1,62.4860,166.0990,0.0000,971.3480,193.5750,133.8960,0.0000,0.0000,1527.4040
2460,1,1,1,62.4620,164.8620,0.0000,964.3010,193.7600,135.4700,0.0000,0.0000,1520.8550
2461,1,1,1,60.3880,166.2770,0.0000,964.8740,194.6210,134.4180,0.0000,0.0000,1520.5780
2462,0,1,0,60.9540,165.2060,0.0000,963.6060,202.1480,135.9080,0.0000,0.0000,1527.8220
2463,1,1,1,62.9410,169.0340,0.0000,968.0250,193.6060,135.8330,0.0000,0.0000,1529.4390
2464,1,1,1,61.9140,167.0590,0.0000,967.1630,193.3850,137.5640,0.0000,0.0000,1527.0850
2465,1,1,1,62.5600,165.0650,0.0000,968.7870,193.8030,135.6680,0.0000,0.0000,1525.8830
2466,0,1,0,61.6550,165.0090,0.0000,969.2490,193.9020,135.1750,0.0000,0.0000,1524.9900
2467,0,1,0,62.0870,167.5570,0.0000,968.1600,192.0860,134.6890,0.0000,0.0000,1524.5790
2468,0,1,0,60.4490,163.5880,0.0000,974.7130,205.1330,138.4920,0.0000,0.0000,1542.3750
2469,1,1,1,62.0370,168.8740,0.0000,967.9320,196.7880,137.3170,0.0000,0.0000,1532.9480
2470,1,1,1,63.0520,166.9720,0.0000,969.5200,195.2680,138.0610,0.0000,0.0000,1532.8730
2471,0,1,0,60.9110,164.3320,0.0000,965.5510,193.2060,134.1360,0.0000,0.0000,1518.1360
2472,1,1,1,62.7130,164.9850,0.0000,968.0860,192.9960,134.9040,0.0000,0.0000,1523.6840
2473,1,1,1,60.8800,165.7910,0.0000,971.5870,191.7170,134.9230,0.0000,0.0000,1524.8980
2474,0,1,0,62.7260,164.5910,0.0000,966.9840,201.4150,136.4190,0.0000,0.0000,1532.1350
2475,1,1,1,60.3200,167.8650,0.0000,969.7230,196.1540,136.2400,0.0000,0.0000,1530.3020
2476,1,1,1,62.2090,166.2770,0.0000,966.9530,194.3020,135.0280,0.0000,0.0000,1524.7690
2477,0,1,0,62.9230,166.1840,0.0000,967.5020,195.3970,135.3170,0.0000,0.0000,1527.3230
2478,0,1,0,61.2550,166.1540,0.0000,965.9140,193.1690,135.2800,0.0000,0.0000,1521.7720
2479,0,1,0,60.9900,165.9330,0.0000,971.3840,194.8430,134.1480,0.0000,0.0000,1527.2980
2480,1,1,1,62.9360,163.9440,0.0000,970.4680,234.0310,135.9450,0.0000,0.0000,1567.3240
2481,1,1,1,62.0490,167.5390,0.0000,971.5810,196.4430,133.4590,0.0000,0.0000,1531.0710
2482,1,1,1,61.9630,167.3910,0.0000,969.8580,194.6280,134.5600,0.0000,0.0000,1528.4000
2483,1,1,1,62.8740,164.2530,0.0000,968.3330,193.6860,136.3130,0.0000,0.0000,1525.4590
2484,1,1,1,63.6120,164.2530,0.0000,970.0610,193.7170,137.8030,0.0000,0.0000,1529.4460
2485,1,1,1,63.3970,166.0870,0.0000,969.1200,193.2670,135.1630,0.0000,0.0000,1527.0340
2486,1,1,1,61.9130,164.3140,0.0000,960.8730,194.6650,176.6210,0.0000,0.0000,1558.3860
2487,1,1,1,65.1080,168.0800,0.0000,967.5450,197.3720,136.9410,0.0000,0.0000,1535.0460
2488,1,1,1,62.0190,164.6160,0.0000,964.8490,194.6150,135.0400,0.0000,0.0000,1521.1390
2489,0,1,0,62.2650,163.2060,0.0000,964.2030,194.2890,135.7350,0.0000,0.0000,1519.6980
2490,1,1,1,63.2000,164.8370,0.0000,966.8120,192.6580,136.8060,0.0000,0.0000,1524.3130
2491,1,1,1,62.1970,164.2650,0.0000,967.7110,192.9110,134.8190,0.0000,0.0000,1521.9030
2492,1,1,1,63.4900,165.2250,0.0000,968.2460,193.7850,134.1530,0.0000,0.0000,1524.8990
2493,1,1,1,61.3230,204.3260,0.0000,971.4220,197.3540,135.8460,0.0000,0.0000,1570.2710
2494,1,1,1,62.0980,166.6960,0.0000,971.6620,195.2490,136.9480,0.0000,0.0000,1532.6530
2495,1,1,1,61.7540,165.5380,0.0000,967.8760,195.8090,137.2920,0.0000,0.0000,1528.2690
2496,1,1,1,61.8270,164.9780,0.0000,970.2840,193.6430,135.7900,0.0000,0.0000,1526.5220
2497,1,1,1,62.2150,165.8280,0.0000,970.6580,194.1780,135.8210,0.0000,0.0000,1528.7000
2498,1,1,1,63.2740,164.8620,0.0000,968.8620,193.9010,135.9630,0.0000,0.0000,1526.8620
2499,0,1,0,62.8060,164.6770,0.0000,1008.5720,199.6620,137.0590,0.0000,0.0000,1572.7760
2500,1,1,1,64.2030,167.2550,0.0000,971.1760,196.2400,137.1820,0.0000,0.0000,1536.0560
2501,1,1,1,62.8430,166.4250,0.0000,968.2280,194.5360,135.6490,0.0000,0.0000,1527.6810
2502,1,1,1,61.4890,165.3900,0.0000,969.6550,192.7320,135.6300,0.0000,0.0000,1524.8960
2503,1,1,1,62.6520,165.1330,0.0000,969.7050,193.3910,134.6030,0.0000,0.0000,1525.4840
2504,1,1,1,61.0770,165.1940,0.0000,966.6770,193.2680,136.6400,0.0000,0.0000,1522.8560
2505,1,1,1,61.3600,164.6090,0.0000,970.2340,202.4860,137.3970,0.0000,0.0000,1536.0860
2506,0,1,0,60.8130,168.8000,0.0000,972.0000,196.9970,136.1780,0.0000,0.0000,1534.7880
2507,1,1,1,61.7480,165.8280,0.0000,970.3630,194.5970,134.8990,0.0000,0.0000,1527.4350
2508,1,1,1,62.2220,165.0580,0.0000,968.5850,195.5270,136.9170,0.0000,0.0000,1528.3090
2509,1,1,1,61.3230,164.6470,0.0000,966.9910,193.5750,133.8210,0.0000,0.0000,1520.3570
2510,1,1,1,62.2950,164.1360,0.0000,973.4400,195.7050,135.7780,0.0000,0.0000,1531.3540
2511,0,1,1,63.0270,163.6920,0.0000,979.1140,267.4030,168.5420,0.0000,0.0000,1641.7780
2512,0,1,1,75.2430,207.2920,0.0000,988.1110,254.9540,168.8560,0.0000,0.0000,1694.4560
2513,0,1,0,74.1230,199.8400,0.0000,997.9500,373.7910,184.4060,0.0000,0.0000,1830.1100
2514,1,1,1,73.0400,194.8490,0.0000,975.8270,210.5170,147.9870,0.0000,0.0000,1602.2200
2515,1,1,1,65.4830,174.7500,0.0000,968.6030,200.1720,139.0830,0.0000,0.0000,1548.0910
2516,1,1,1,63.6930,169.0040,0.0000,967.0460,197.9080,136.5410,0.0000,0.0000,1534.1920
2517,0,1,0,62.4800,244.1780,0.0000,978.5420,207.3910,145.9020,0.0000,0.0000,1638.4930
2518,0,1,1,65.5080,173.1630,0.0000,971.4400,196.2220,136.4440,0.0000,0.0000,1542.7770
2519,1,1,1,64.0740,169.2190,0.0000,970.2280,196.3320,136.9850,0.0000,0.0000,1536.8380
2520,1,1,0,62.9300,166.3870,0.0000,968.9110,192.7510,133.7600,0.0000,0.0000,1524.7390
2521,0,1,0,63.5820,167.0090,0.0000,966.5970,193.9070,133.7670,0.0000,0.0000,1524.8620
2522,1,1,1,61.9930,165.8830,0.0000,966.6830,194.1480,135.2060,0.0000,0.0000,1523.9130
2523,1,1,0,62.0550,225.5510,0.0000,989.9010,268.0300,162.6280,0.0000,0.0000,1708.1650
2524,1,1,1,71.7480,188.7510,0.0000,967.9320,241.7300,162.4930,0.0000,0.0000,1632.6540
2525,1,1,1,67.8770,182.6340,0.0000,978.8370,203.1450,142.8370,0.0000,0.0000,1575.3300
2526,1,1,1,67.5630,170.9530,0.0000,969.5320,197.2610,138.9910,0.0000,0.0000,1544.3000
2527,1,1,1,62.2040,167.4090,0.0000,969.2550,198.1420,133.2490,0.0000,0.0000,1530.2590
2528,1,1,1,62.4560,167.0950,0.0000,966.6270,195.5570,136.7880,0.0000,0.0000,1528.5230
2529,1,1,1,124.4000,177.7290,0.0000,971.3600,200.6830,141.5080,0.0000,0.0000,1615.6800
2530,1,1,1,63.4900,168.1110,0.0000,968.7870,196.0190,136.2770,0.0000,0.0000,1532.6840
2531,0,1,0,62.4070,166.1720,0.0000,966.3630,193.3290,136.9780,0.0000,0.0000,1525.2490
2532,1,1,1,61.4950,162.7390,0.0000,970.1960,194.0250,135.2550,0.0000,0.0000,1523.7100
2533,1,1,1,61.9510,165.4650,0.0000,965.9570,193.2250,135.9380,0.0000,0.0000,1522.5360
2534,1,1,1,61.4580,164.3010,0.0000,968.4310,195.5750,133.8650,0.0000,0.0000,1523.6300
2535,1,1,1,60.8370,216.4680,0.0000,969.3470,200.6270,138.7440,0.0000,0.0000,1586.0230
2536,1,1,1,63.3600,166.4610,0.0000,970.2960,194.6030,137.2560,0.0000,0.0000,1531.9760
2537,1,1,1,61.0830,165.8900,0.0000,970.9290,194.4740,136.0060,0.0000,0.0000,1528.3820
2538,1,1,1,61.7910,165.9510,0.0000,970.4680,194.1040,134.0490,0.0000,0.0000,1526.3630
2539,0,1,0,61.6120,164.8560,0.0000,968.1230,196.2830,134.0550,0.0000,0.0000,1524.9290
2540,1,1,1,60.6460,164.8430,0.0000,967.6680,194.4060,134.9050,0.0000,0.0000,1522.4680
2541,0,1,0,62.0120,164.8370,0.0000,966.9600,205.4220,140.6400,0.0000,0.0000,1539.8710
2542,1,1,1,64.1910,169.2500,0.0000,966.7750,197.0160,136.9540,0.0000,0.0000,1534.1860
2543,0,1,0,61.8530,164.4800,0.0000,966.8550,194.5540,134.1540,0.0000,0.0000,1521.8960
2544,1,1,1,61.2300,164.2340,0.0000,969.2680,194.5970,134.2530,0.0000,0.0000,1523.5820
2545,1,1,0,63.3720,165.7350,0.0000,966.1420,195.1010,133.9140,0.0000,0.0000,1524.2640
2546,0,1,0,61.7780,163.4210,0.0000,968.3880,193.0890,135.9880,0.0000,0.0000,1522.6640
2547,1,1,1,61.5630,165.4090,0.0000,974.7750,202.2960,138.3010,0.0000,0.0000,1542.3440
2548,1,1,1,61.8770,167.8210,0.0000,970.0300,195.3050,138.1050,0.0000,0.0000,1533.1380
2549,1,1,1,62.6150,164.2090,0.0000,964.3510,194.1290,135.7420,0.0000,0.0000,1521.0460
2550,1,1,1,62.7690,166.5170,0.0000,967.3910,192.3010,135.3970,0.0000,0.0000,1524.3750
2551,1,1,1,62.5600,163.5820,0.0000,966.0550,193.1750,135.1750,0.0000,0.0000,1520.5470
2552,1,1,0,60.4980,165.2550,0.0000,966.4610,195.1200,133.4090,0.0000,0.0000,1520.7430
2553,1,1,1,60.9350,165.4340,0.0000,973.3170,201.0090,137.1200,0.0000,0.0000,1537.8150
2554,1,1,1,62.3080,169.0580,0.0000,965.8030,193.9080,135.9010,0.0000,0.0000,1526.9780
2555,1,1,1,61.2370,165.4340,0.0000,970.3390,193.2310,133.8830,0.0000,0.0000,1524.1240
2556,1,1,1,61.2740,166.6030,0.0000,966.4120,195.0770,134.2830,0.0000,0.0000,1523.6490
2557,1,1,1,63.2300,165.7420,0.0000,967.0520,193.6430,134.4000,0.0000,0.0000,1524.0670
2558,1,1,1,61.2490,165.1080,0.0000,964.4920,193.0400,135.1440,0.0000,0.0000,1519.0330
2559,1,1,1,63.0100,164.8610,0.0000,962.5970,203.3660,139.1450,0.0000,0.0000,1532.9790
2560,1,1,1,62.5910,168.8920,0.0000,966.4250,195.6980,138.0430,0.0000,0.0000,1531.6490
2561,1,1,1,62.7630,165.9570,0.0000,971.6430,194.4550,134.9850,0.0000,0.0000,1529.8030
2562,0,1,0,61.7410,163.7410,0.0000,969.0270,194.1660,137.0090,0.0000,0.0000,1525.6840
2563,1,1,1,62.4740,165.7900,0.0000,966.5350,194.4310,136.3140,0.0000,0.0000,1525.5440
2564,1,1,1,62.5420,165.0580,0.0000,970.8180,194.9660,136.2580,0.0000,0.0000,1529.6420
2565,1,1,1,62.0360,166.3260,0.0000,967.9200,201.6310,138.1420,0.0000,0.0000,1536.0550
2566,0,1,1,64.4250,168.0430,0.0000,968.4490,195.0470,137.4830,0.0000,0.0000,1533.4470
2567,0,1,0,62.6150,167.2120,0.0000,968.7690,195.6550,138.5480,0.0000,0.0000,1532.7990
2568,1,1,1,62.5600,164.9720,0.0000,969.5690,191.7360,135.8650,0.0000,0.0000,1524.7020
2569,1,1,1,62.2950,165.2980,0.0000,968.3130,193.9880,134.3130,0.0000,0.0000,1524.2070
2570,1,1,1,62.2710,163.8470,0.0000,971.5140,194.7690,135.1760,0.0000,0.0000,1527.5770
2571,1,1,1,62.8430,165.5390,0.0000,969.2680,235.0220,138.6100,0.0000,0.0000,1571.2820
2572,0,1,0,60.6950,167.6000,0.0000,969.6120,194.2210,136.9600,0.0000,0.0000,1529.0880
2573,1,1,1,69.5630,176.6950,0.0000,972.9900,199.8710,140.0680,0.0000,0.0000,1559.1870
2574,1,1,1,63.4520,168.5290,0.0000,968.9970,195.3670,136.5720,0.0000,0.0000,1532.9170
2575,1,1,1,63.6070,164.6270,0.0000,968.4550,195.1260,135.4340,0.0000,0.0000,1527.2490
2576,1,1,1,61.1940,163.2800,0.0000,965.9260,193.3970,134.2150,0.0000,0.0000,1518.0120
2577,1,1,1,62.0000,166.7320,0.0000,968.5040,195.0520,149.8890,0.0000,0.0000,1542.1770
2578,1,1,1,63.0210,175.0520,0.0000,969.5200,195.9760,137.1940,0.0000,0.0000,1540.7630
2579,1,1,1,62.6520,167.2980,0.0000,967.1570,197.7780,135.7420,0.0000,0.0000,1530.6270
2580,1,1,1,60.8310,166.3260,0.0000,963.6060,195.9010,134.7380,0.0000,0.0000,1521.4020
2581,1,1,1,60.5970,166.9040,0.0000,966.8670,193.3110,134.1410,0.0000,0.0000,1521.8200
2582,1,1,1,61.9440,163.3350,0.0000,969.2490,195.4830,133.6370,0.0000,0.0000,1523.6480
2583,1,1,1,63.0520,165.3230,0.0000,967.7600,193.3970,182.9970,0.0000,0.0000,1572.5290
2584,1,1,1,67.7780,169.6130,0.0000,969.3230,199.0950,139.7910,0.0000,0.0000,1545.6000
2585,1,1,1,62.2770,166.6640,0.0000,967.8700,195.5080,136.3880,0.0000,0.0000,1528.7070
2586,1,1,1,62.1790,164.9660,0.0000,967.6370,194.7390,134.8740,0.0000,0.0000,1524.3950
2587,1,1,1,61.9880,164.6650,0.0000,969.9630,191.4220,133.3050,0.0000,0.0000,1521.3430
2588,1,1,1,61.2180,165.8520,0.0000,968.7690,193.0400,134.6340,0.0000,0.0000,1523.5130
2589,1,1,1,62.3510,164.7820,0.0000,968.1050,195.3170,135.1940,0.0000,0.0000,1525.7490
2590,1,1,1,63.0400,213.1450,0.0000,973.5690,201.2670,138.1480,0.0000,0.0000,1589.1690
2591,1,1,1,65.3660,167.0520,0.0000,967.9510,193.9080,137.8160,0.0000,0.0000,1532.0930
2592,1,1,1,63.3780,166.3870,0.0000,971.0100,193.4100,136.0060,0.0000,0.0000,1530.1910
2593,1,1,1,60.4560,165.3040,0.0000,964.6150,193.6800,134.1350,0.0000,0.0000,1518.1900
2594,1,1,1,61.9750,166.5350,0.0000,968.5600,194.7200,133.4950,0.0000,0.0000,1525.2850
2595,1,1,1,62.6520,164.7200,0.0000,974.9110,191.7540,135.3290,0.0000,0.0000,1529.3660
2596,1,1,1,62.0430,167.4650,0.0000,1012.4250,201.2980,137.0580,0.0000,0.0000,1580.2890
2597,1,1,1,62.9170,165.9750,0.0000,969.8710,194.8610,134.3140,0.0000,0.0000,1527.9380
2598,1,1,0,61.5820,165.0530,0.0000,970.6830,194.7690,135.3110,0.0000,0.0000,1527.3980
2599,1,1,1,61.5020,163.3790,0.0000,968.2950,193.8830,136.5480,0.0000,0.0000,1523.6070
2600,1,1,1,62.8550,164.2030,0.0000,967.3910,192.8550,136.7260,0.0000,0.0000,1524.0300
2601,1,1,1,61.7100,165.7660,0.0000,968.2340,193.0460,135.3240,0.0000,0.0000,1524.0800
2602,1,1,1,63.7050,165.1940,0.0000,975.0460,202.9350,136.9540,0.0000,0.0000,1543.8340
2603,1,1,1,64.0550,166.0250,0.0000,967.4090,195.1450,134.8490,0.0000,0.0000,1527.4830
2604,1,1,1,62.8740,164.9730,0.0000,967.4530,193.6240,138.0370,0.0000,0.0000,1526.9610
2605,1,1,1,62.3380,164.4240,0.0000,966.8610,195.4160,134.4980,0.0000,0.0000,1523.5370
2606,1,1,1,61.6800,165.0340,0.0000,965.3170,195.2240,134.0490,0.0000,0.0000,1521.3040
2607,1,1,1,60.9540,166.4550,0.0000,966.2160,193.4590,135.4100,0.0000,0.0000,1522.4940
2608,1,1,1,64.0300,164.9470,0.0000,974.1290,221.6860,145.1200,0.0000,0.0000,1569.9120
2609,1,1,1,65.3780,173.5510,0.0000,971.9380,199.2060,142.1850,0.0000,0.0000,1552.2580
2610,1,1,1,62.5850,167.6490,0.0000,968.8800,195.5510,136.1970,0.0000,0.0000,1530.8620
2611,1,1,1,61.2070,166.1360,0.0000,964.5170,194.3020,135.9200,0.0000,0.0000,1522.0820
2612,1,1,1,60.0740,166.2270,0.0000,967.2800,194.9360,136.2710,0.0000,0.0000,1524.7880
2613,1,1,1,61.6000,165.6860,0.0000,966.2890,193.2120,135.1630,0.0000,0.0000,1521.9500
2614,1,1,1,61.8030,165.1760,0.0000,964.1480,206.2040,140.7510,0.0000,0.0000,1538.0820
2615,1,1,1,63.5440,169.0100,0.0000,970.7820,196.7020,136.4250,0.0000,0.0000,1536.4630
2616,0,1,0,62.7080,167.1690,0.0000,968.5540,193.9700,133.4400,0.0000,0.0000,1525.8410
2617,1,1,1,62.8550,166.2650,0.0000,969.3600,194.3690,138.0430,0.0000,0.0000,1530.8920
2618,1,1,1,62.9350,167.2860,0.0000,968.6090,194.5540,135.2370,0.0000,0.0000,1528.6210
2619,1,1,1,63.0340,164.6220,0.0000,963.3350,194.6520,134.9050,0.0000,0.0000,1520.5480
2620,1,1,1,61.1440,164.2830,0.0000,963.3970,206.0610,142.5660,0.0000,0.0000,1537.4510
2621,1,1,1,63.6860,169.5380,0.0000,969.1870,197.9880,135.4280,0.0000,0.0000,1535.8270
2622,1,1,1,63.6300,165.8280,0.0000,968.3810,194.4000,133.8210,0.0000,0.0000,1526.0600
2623,0,1,0,62.3810,165.7230,0.0000,969.9810,196.6340,134.3080,0.0000,0.0000,1529.0270
2624,1,1,1,61.2800,166.4250,0.0000,968.9960,192.9530,136.1420,0.0000,0.0000,1525.7960
2625,1,1,1,61.2000,165.3360,0.0000,969.1320,193.4030,135.6860,0.0000,0.0000,1524.7570
2626,1,1,1,62.8740,165.4150,0.0000,1013.4890,203.0520,139.4150,0.0000,0.0000,1584.2450
2627,1,1,1,62.0990,166.7510,0.0000,967.3420,194.8310,133.7230,0.0000,0.0000,1524.7460
2628,1,1,1,60.0000,165.7360,0.0000,968.1600,195.7600,135.8400,0.0000,0.0000,1525.4960
2629,1,1,1,62.4060,165.1870,0.0000,967.2980,195.1260,134.6030,0.0000,0.0000,1524.6200
2630,1,1,1,61.9820,164.8930,0.0000,966.7440,195.0160,134.3010,0.0000,0.0000,1522.9360
2631,0,1,1,61.5380,163.7910,0.0000,968.1900,193.6490,135.1330,0.0000,0.0000,1522.3010
2632,0,1,0,62.9970,165.9260,0.0000,968.7130,233.8220,138.6900,0.0000,0.0000,1570.1480
2633,1,1,1,62.2520,168.4060,0.0000,968.8370,195.8520,135.9380,0.0000,0.0000,1531.2850
2634,1,1,1,62.4130,166.8980,0.0000,968.1910,193.5390,135.7110,0.0000,0.0000,1526.7520
2635,1,1,1,61.8520,165.8770,0.0000,970.9840,195.7110,133.8770,0.0000,0.0000,1528.3010
2636,1,1,0,61.3970,163.9330,0.0000,969.7050,192.1050,136.4860,0.0000,0.0000,1523.6260
2637,1,1,1,62.9910,166.6160,0.0000,970.6160,193.8890,135.2800,0.0000,0.0000,1529.3920
2638,1,1,0,60.7690,164.9720,0.0000,968.2220,195.2000,176.7510,0.0000,0.0000,1565.9140
2639,0,1,0,64.4680,170.3440,0.0000,966.4490,194.9970,135.9020,0.0000,0.0000,1532.1600
2640,1,1,1,62.3070,164.2150,0.0000,969.8090,196.1110,134.3570,0.0000,0.0000,1526.7990
2641,1,1,1,61.0530,166.6280,0.0000,972.9660,193.6370,135.7350,0.0000,0.0000,1530.0190
2642,0,1,0,64.0800,164.5540,0.0000,971.8100,193.5200,133.5020,0.0000,0.0000,1527.4660
2643,1,1,1,62.9290,164.5600,0.0000,968.6700,195.2490,135.5940,0.0000,0.0000,1527.0020
2644,1,1,0,61.4640,164.8560,0.0000,966.4620,190.5780,136.5360,0.0000,0.0000,1519.8960
2645,1,1,1,62.1910,229.6860,0.0000,969.4400,198.3820,137.2130,0.0000,0.0000,1596.9120
2646,0,1,0,62.5780,168.7330,0.0000,965.5630,196.1790,136.2220,0.0000,0.0000,1529.2750
2647,1,1,1,61.7100,166.7510,0.0000,965.9500,192.5730,134.5170,0.0000,0.0000,1521.5010
2648,1,1,1,62.1170,165.1140,0.0000,967.3970,192.6830,135.2610,0.0000,0.0000,1522.5720
2649,1,1,1,62.0240,167.3720,0.0000,966.4430,192.7690,135.3730,0.0000,0.0000,1523.9810
2650,1,1,1,62.5230,164.5850,0.0000,962.1600,194.6030,135.2060,0.0000,0.0000,1519.0770
2651,1,1,1,60.8990,164.8250,0.0000,1030.0740,207.1140,138.6100,0.0000,0.0000,1601.5220
2652,1,1,1,62.4310,168.4070,0.0000,967.9630,199.3660,138.1410,0.0000,0.0000,1536.3080
2653,1,1,1,62.7080,166.6280,0.0000,968.1660,195.2360,135.5510,0.0000,0.0000,1528.2890
2654,1,1,1,62.4490,165.7600,0.0000,966.0610,193.9570,135.2370,0.0000,0.0000,1523.4640
2655,1,1,1,62.8300,165.2740,0.0000,971.1140,193.0030,135.1330,0.0000,0.0000,1527.3540
2656,1,1,1,60.6400,164.8120,0.0000,967.1760,193.9750,134.2400,0.0000,0.0000,1520.8430
2657,0,1,0,61.9630,165.1880,0.0000,972.7200,202.5230,137.5390,0.0000,0.0000,1539.9330
2658,1,1,1,64.6460,166.4800,0.0000,972.3380,194.5480,135.4460,0.0000,0.0000,1533.4580
2659,0,1,0,61.2370,166.1350,0.0000,965.7300,193.9630,133.7170,0.0000,0.0000,1520.7820
2660,1,1,1,61.3600,164.0000,0.0000,972.0190,192.8800,134.1170,0.0000,0.0000,1524.3760
2661,1,1,1,62.0730,165.7230,0.0000,969.2060,192.9360,136.3940,0.0000,0.0000,1526.3320
2662,1,1,1,61.5390,165.0770,0.0000,964.2950,192.7750,134.1540,0.0000,0.0000,1517.8400
2663,1,1,1,61.0090,164.9540,0.0000,971.5630,202.1480,138.7440,0.0000,0.0000,1538.4180
2664,0,1,0,61.7970,166.7880,0.0000,969.3240,194.9720,135.4030,0.0000,0.0000,1528.2840
2665,1,1,1,61.4520,166.9050,0.0000,970.2400,192.8550,136.4310,0.0000,0.0000,1527.8830
2666,1,1,1,63.3970,165.4830,0.0000,967.5140,193.7600,134.7200,0.0000,0.0000,1524.8740
2667,0,1,1,61.4460,165.9260,0.0000,964.3130,193.8100,133.7540,0.0000,0.0000,1519.2490
2668,1,1,1,62.3870,166.8490,0.0000,969.0650,194.9470,134.8000,0.0000,0.0000,1528.0480
2669,1,1,0,61.8030,163.3660,0.0000,972.8440,201.1010,136.0000,0.0000,0.0000,1535.1140
2670,1,1,1,61.5140,169.6730,0.0000,970.8060,195.9130,134.8740,0.0000,0.0000,1532.7800
2671,1,1,1,62.2770,164.9410,0.0000,967.8770,194.8610,134.8740,0.0000,0.0000,1524.8300
2672,1,1,1,61.3730,164.0310,0.0000,964.0550,193.6930,134.5100,0.0000,0.0000,1517.6620
2673,0,1,0,62.4240,164.0310,0.0000,971.9820,192.1660,135.3420,0.0000,0.0000,1525.9450
2674,1,1,1,63.5450,164.2890,0.0000,965.8830,193.6680,135.7540,0.0000,0.0000,1523.1390
2675,1,1,0,60.5410,165.4150,0.0000,970.3690,200.5730,136.7270,0.0000,0.0000,1533.6250
2676,1,1,1,62.7140,166.4310,0.0000,970.3630,193.1880,135.0710,0.0000,0.0000,1527.7670
2677,1,1,1,61.0520,164.9540,0.0000,968.7390,195.2620,135.5500,0.0000,0.0000,1525.5570
2678,1,1,1,60.8990,164.9790,0.0000,974.6590,192.6520,134.9660,0.0000,0.0000,1528.1550
2679,1,1,0,62.4190,163.6620,0.0000,966.6160,194.3320,135.7290,0.0000,0.0000,1522.7580
2680,1,1,1,63.9380,164.0250,0.0000,967.3110,195.9140,135.5070,0.0000,0.0000,1526.6950
2681,1,1,1,61.3720,166.2210,0.0000,969.0210,245.7410,138.4490,0.0000,0.0000,1580.8040
2682,1,1,0,63.1880,167.5940,0.0000,970.3440,195.5380,136.6830,0.0000,0.0000,1533.3470
2683,1,1,1,62.4060,166.5170,0.0000,973.5140,193.9820,136.1420,0.0000,0.0000,1532.5610
2684,1,1,1,61.1260,165.4400,0.0000,966.1230,194.3390,135.0710,0.0000,0.0000,1522.0990
2685,0,1,0,63.2120,165.8400,0.0000,964.3510,195.1820,136.6710,0.0000,0.0000,1525.2560
2686,1,1,1,62.1360,164.8300,0.0000,968.0250,193.4710,136.1660,0.0000,0.0000,1524.6280
2687,1,1,1,60.8310,165.4580,0.0000,968.0120,247.9260,139.7480,0.0000,0.0000,1581.9750
2688,1,1,1,64.7810,170.9850,0.0000,972.6400,197.7480,137.2610,0.0000,0.0000,1543.4150
2689,1,1,1,64.1290,165.7670,0.0000,967.8220,195.2740,134.4860,0.0000,0.0000,1527.4780
2690,0,1,0,61.4460,165.4340,0.0000,966.1780,194.7630,134.1300,0.0000,0.0000,1521.9510
2691,1,1,1,61.7910,165.1940,0.0000,969.3720,194.0980,135.1750,0.0000,0.0000,1525.6300
2692,1,1,1,61.1570,164.2840,0.0000,970.4310,193.5640,133.6130,0.0000,0.0000,1523.0490
2693,0,1,0,61.7850,165.1380,0.0000,967.5810,192.4060,172.4060,0.0000,0.0000,1559.3160
2694,0,1,0,64.6340,169.3670,0.0000,972.3940,195.3290,137.3110,0.0000,0.0000,1539.0350
2695,1,1,1,62.8130,167.6190,0.0000,969.5940,197.1260,137.9020,0.0000,0.0000,1535.0540
2696,1,1,1,62.9540,165.6560,0.0000,967.4700,194.1350,135.4900,0.0000,0.0000,1525.7050
2697,0,1,0,61.6180,167.1630,0.0000,971.5760,194.6460,134.8120,0.0000,0.0000,1529.8150
2698,1,1,1,61.2920,165.4150,0.0000,965.1880,192.7690,134.4800,0.0000,0.0000,1519.1440
2699,1,1,1,61.4700,165.4580,0.0000,963.5440,194.8250,135.5320,0.0000,0.0000,1520.8290
2700,1,1,1,61.9880,206.1600,0.0000,970.0190,197.4710,136.1780,0.0000,0.0000,1571.8160
2701,1,1,1,62.1790,166.8370,0.0000,966.7140,193.4830,136.2580,0.0000,0.0000,1525.4710
2702,1,1,1,62.4620,164.2160,0.0000,965.4460,193.2860,135.3540,0.0000,0.0000,1520.7640
2703,0,1,0,61.5510,164.7700,0.0000,969.4830,194.6710,135.4520,0.0000,0.0000,1525.9270
2704,1,1,1,62.9480,166.7690,0.0000,965.5560,194.8990,135.4840,0.0000,0.0000,1525.6560
2705,1,1,1,61.5750,164.0240,0.0000,965.2130,195.7170,134.4800,0.0000,0.0000,1521.0090
2706,1,1,1,62.3630,164.2950,0.0000,959.7480,224.6520,148.3940,0.0000,0.0000,1559.4520
2707,1,1,1,65.2120,175.4890,0.0000,975.4530,200.1780,141.3110,0.0000,0.0000,1557.6430
2708,1,1,1,64.4740,168.0070,0.0000,970.0060,193.1260,135.8090,0.0000,0.0000,1531.4220
2709,1,1,1,61.8770,165.2120,0.0000,972.5660,193.4400,134.3320,0.0000,0.0000,1527.4270
2710,1,1,1,61.4580,166.1100,0.0000,970.2710,196.7690,136.0920,0.0000,0.0000,1530.7000
2711,1,1,1,59.8090,165.1760,0.0000,965.8520,194.1290,134.5110,0.0000,0.0000,1519.4770
2712,1,1,1,61.8160,163.1020,0.0000,963.6990,202.5100,138.1110,0.0000,0.0000,1529.2380
2713,1,1,1,63.6310,165.8340,0.0000,967.0090,197.3480,135.7160,0.0000,0.0000,1529.5380
2714,1,1,1,60.9040,165.1200,0.0000,970.6830,195.8640,136.4000,0.0000,0.0000,1528.9710
2715,1,1,1,62.9720,165.7910,0.0000,966.5100,193.2430,135.9380,0.0000,0.0000,1524.4540
2716,1,1,1,62.4310,163.6920,0.0000,967.5810,193.8770,134.9040,0.0000,0.0000,1522.4850
2717,0,1,0,61.6730,163.1200,0.0000,968.6590,195.1140,134.8060,0.0000,0.0000,1523.3720
2718,1,1,1,62.2340,164.2090,0.0000,974.5530,201.6250,140.4310,0.0000,0.0000,1543.0520
2719,1,1,1,64.2400,168.9720,0.0000,968.0430,195.9260,138.2520,0.0000,0.0000,1535.4330
2720,1,1,1,62.1730,167.5510,0.0000,973.3730,195.2000,135.4100,0.0000,0.0000,1533.7070
2721,1,1,1,63.2300,165.1080,0.0000,970.8190,194.4740,133.9570,0.0000,0.0000,1527.5880
2722,1,1,1,61.2430,165.5760,0.0000,969.4460,195.3910,134.6830,0.0000,0.0000,1526.3390
2723,1,1,1,62.5600,164.0610,0.0000,971.5630,193.5940,134.9780,0.0000,0.0000,1526.7560
2724,1,1,1,64.0000,163.5940,0.0000,973.0770,202.2100,139.4460,0.0000,0.0000,1542.3270
2725,1,1,1,63.2980,168.2830,0.0000,970.1840,196.3020,135.2250,0.0000,0.0000,1533.2920
2726,1,1,1,62.4310,166.0550,0.0000,970.1480,195.6120,135.4210,0.0000,0.0000,1529.6670
2727,0,1,0,62.4740,165.8700,0.0000,967.5320,195.8530,136.3200,0.0000,0.0000,1528.0490
2728,1,1,1,62.6650,166.3930,0.0000,967.9690,194.4550,135.6980,0.0000,0.0000,1527.1800
2729,1,1,1,60.2160,166.2210,0.0000,966.0190,195.8160,134.3260,0.0000,0.0000,1522.5980
2730,1,1,1,62.4060,166.6530,0.0000,973.5690,202.4930,135.6740,0.0000,0.0000,1540.7950
2731,0,1,0,62.2100,167.0150,0.0000,970.7260,197.7480,136.9350,0.0000,0.0000,1534.6340
2732,1,1,1,62.2770,165.3050,0.0000,966.5730,195.5080,136.8800,0.0000,0.0000,1526.5430
2733,1,1,1,61.6060,163.0650,0.0000,970.8190,193.4150,133.4160,0.0000,0.0000,1522.3210
2734,1,1,1,62.5350,167.8030,0.0000,970.8800,194.1600,136.0430,0.0000,0.0000,1531.4210
2735,1,1,1,60.9660,165.4650,0.0000,963.4340,195.2860,133.8890,0.0000,0.0000,1519.0400
2736,1,1,1,61.4710,164.2830,0.0000,965.9020,251.0770,139.7170,0.0000,0.0000,1582.4500
2737,1,1,1,62.7080,165.8210,0.0000,968.3750,200.0000,137.5320,0.0000,0.0000,1534.4360
2738,1,1,1,62.7880,166.3260,0.0000,968.0560,195.8950,134.3880,0.0000,0.0000,1527.4530
2739,1,1,1,62.6770,166.6400,0.0000,966.0670,195.4890,136.8180,0.0000,0.0000,1527.6910
2740,1,1,1,62.5230,164.5790,0.0000,970.5720,194.6590,134.5110,0.0000,0.0000,1526.8440
2741,1,1,1,62.6580,165.0400,0.0000,970.5470,195.0150,133.7300,0.0000,0.0000,1526.9900
2742,1,1,1,61.5810,165.8400,0.0000,967.5200,232.0490,136.2770,0.0000,0.0000,1563.2670
2743,1,1,1,64.6400,168.4120,0.0000,971.7720,197.1450,136.9850,0.0000,0.0000,1538.9540
2744,1,1,1,61.9320,164.1660,0.0000,965.1020,193.6120,135.0090,0.0000,0.0000,1519.8210
2745,1,1,0,62.0300,166.8180,0.0000,969.6980,193.3970,134.2650,0.0000,0.0000,1526.2080
2746,1,1,1,61.9140,164.2520,0.0000,967.4340,193.0530,135.8030,0.0000,0.0000,1522.4560
2747,1,1,0,61.8770,164.7570,0.0000,965.7170,194.0370,133.6430,0.0000,0.0000,1520.0310
2748,1,1,0,63.4830,165.3900,0.0000,971.0400,194.3820,134.2830,0.0000,0.0000,1528.5780
2749,1,1,1,67.6250,169.2800,0.0000,969.4280,195.7040,135.9630,0.0000,0.0000,1538.0000
2750,1,1,1,63.1880,165.7720,0.0000,967.5880,194.7570,136.4190,0.0000,0.0000,1527.7240
2751,1,1,1,63.2240,165.7290,0.0000,971.0470,193.1010,135.4960,0.0000,0.0000,1528.5970
2752,1,1,1,62.0120,167.9140,0.0000,966.4430,194.1480,134.2960,0.0000,0.0000,1524.8130
2753,1,1,1,60.2710,165.8580,0.0000,968.1600,193.0150,134.0490,0.0000,0.0000,1521.3530
2754,1,1,1,62.2340,162.9600,0.0000,966.3940,193.7970,134.8310,0.0000,0.0000,1520.2160
2755,1,1,1,62.0060,209.1510,0.0000,974.0430,212.8370,144.5410,0.0000,0.0000,1602.5780
2756,1,1,1,65.2440,174.4000,0.0000,964.5050,201.4830,137.0400,0.0000,0.0000,1542.6720
2757,1,1,1,61.3540,168.2090,0.0000,972.6830,196.9970,134.4120,0.0000,0.0000,1533.6550
2758,1,1,0,61.6740,166.8680,0.0000,965.3480,196.4990,136.0430,0.0000,0.0000,1526.4320
2759,1,1,1,61.8400,167.0160,0.0000,970.6160,194.7930,135.2490,0.0000,0.0000,1529.5140
2760,1,1,1,61.9750,165.6920,0.0000,967.8400,193.4030,133.7670,0.0000,0.0000,1522.6770
2761,1,1,1,60.4440,163.7970,0.0000,1026.8430,204.3690,138.2280,0.0000,0.0000,1593.6810
2762,1,1,1,61.5320,168.7020,0.0000,967.2120,196.4180,135.0960,0.0000,0.0000,1528.9600
2763,1,1,1,62.2770,166.4920,0.0000,968.9720,196.1050,133.4580,0.0000,0.0000,1527.3040
2764,1,1,1,64.1230,165.4280,0.0000,961.6800,193.4280,134.5420,0.0000,0.0000,1519.2010
2765,1,1,1,63.1940,164.5790,0.0000,965.8210,193.4090,133.8590,0.0000,0.0000,1520.8620
2766,1,1,0,62.3690,164.6330,0.0000,965.6240,195.1690,136.0370,0.0000,0.0000,1523.8320
2767,1,1,1,62.1290,167.2060,0.0000,974.1600,210.0190,139.6740,0.0000,0.0000,1553.1880
2768,0,1,0,61.9940,170.6960,0.0000,973.3540,196.8060,136.5970,0.0000,0.0000,1539.4470
2769,1,1,1,62.0610,165.6740,0.0000,969.0460,192.8620,135.2610,0.0000,0.0000,1524.9040
2770,1,1,1,61.5630,166.0920,0.0000,967.2620,193.6370,134.2530,0.0000,0.0000,1522.8070
2771,1,1,1,62.4250,164.4190,0.0000,963.8710,193.9270,135.5140,0.0000,0.0000,1520.1560
2772,1,1,1,64.0930,164.8370,0.0000,965.9010,193.9690,133.9260,0.0000,0.0000,1522.7260
2773,1,1,1,61.2310,165.0580,0.0000,965.6800,200.6700,139.1270,0.0000,0.0000,1531.7660
2774,1,1,1,62.2340,167.3720,0.0000,969.4100,194.4430,136.5100,0.0000,0.0000,1529.9690
2775,1,1,1,62.6150,164.9790,0.0000,968.2400,194.3510,136.7750,0.0000,0.0000,1526.9600
2776,1,1,1,61.8220,164.6890,0.0000,969.9200,192.7630,133.1820,0.0000,0.0000,1522.3760
2777,1,1,1,61.7050,165.2130,0.0000,970.5300,192.3760,133.9500,0.0000,0.0000,1523.7740
2778,1,1,1,62.0990,163.9940,0.0000,967.2670,193.2920,135.0960,0.0000,0.0000,1521.7480
2779,1,1,1,62.5720,164.3500,0.0000,969.3100,202.5970,136.4130,0.0000,0.0000,1535.2420
2780,1,1,1,62.9420,167.9570,0.0000,968.2330,196.6770,136.0670,0.0000,0.0000,1531.8760
2781,1,1,1,62.0430,167.0590,0.0000,969.5560,196.7940,135.1200,0.0000,0.0000,1530.5720
2782,0,1,0,63.0210,165.7720,0.0000,969.1200,193.4330,136.5720,0.0000,0.0000,1527.9180
2783,1,1,1,63.5880,164.4550,0.0000,964.6520,192.7140,135.0160,0.0000,0.0000,1520.4250
2784,1,1,1,61.6920,164.1850,0.0000,968.7690,194.7940,134.3320,0.0000,0.0000,1523.7720
2785,1,1,1,61.3850,164.2460,0.0000,969.3970,201.1260,139.6980,0.0000,0.0000,1535.8520
2786,1,1,1,61.7780,166.1480,0.0000,971.5390,196.2400,135.8090,0.0000,0.0000,1531.5140
2787,1,1,1,61.1510,165.9020,0.0000,964.5600,194.0310,135.1140,0.0000,0.0000,1520.7580
2788,1,1,1,61.6800,165.0150,0.0000,970.8860,194.3080,136.9790,0.0000,0.0000,1528.8680
2789,1,1,1,60.8680,164.2220,0.0000,963.5690,194.4550,133.8900,0.0000,0.0000,1517.0040
2790,1,1,1,61.4280,165.6120,0.0000,968.5480,193.8340,134.9720,0.0000,0.0000,1524.3940
2791,0,1,0,61.7420,163.8330,0.0000,966.0800,236.0120,138.0310,0.0000,0.0000,1565.6980
2792,1,1,1,62.6830,167.8400,0.0000,962.2770,194.8490,136.4120,0.0000,0.0000,1524.0610
2793,0,1,0,61.0580,165.1570,0.0000,968.4610,193.6550,136.6580,0.0000,0.0000,1524.9890
2794,1,1,1,61.5080,163.7840,0.0000,968.5970,193.1380,133.1010,0.0000,0.0000,1520.1280
2795,1,1,1,61.8590,163.7230,0.0000,968.3750,192.5420,133.5880,0.0000,0.0000,1520.0870
2796,1,1,1,61.7970,164.6090,0.0000,967.7600,193.6800,134.5100,0.0000,0.0000,1522.3560
2797,1,1,1,62.1600,164.3260,0.0000,969.3290,192.8680,196.3130,0.0000,0.0000,1584.9960
2798,1,1,1,65.2190,174.0930,0.0000,974.4620,197.5320,138.8550,0.0000,0.0000,1550.1610
2799,1,1,1,62.1850,167.5080,0.0000,964.7080,196.0740,135.4030,0.0000,0.0000,1525.8780
2800,1,1,1,61.9690,166.0980,0.0000,967.8340,194.1790,134.6900,0.0000,0.0000,1524.7700
2801,1,1,1,61.8090,165.1140,0.0000,969.1260,193.0950,134.3570,0.0000,0.0000,1523.5010
2802,0,1,0,62.1480,164.7440,0.0000,969.1390,192.9970,135.7050,0.0000,0.0000,1524.7330
2803,1,1,1,61.2800,163.8210,0.0000,968.9910,194.1850,134.4000,0.0000,0.0000,1522.6770
2804,1,1,1,270.1170,185.4220,0.0000,974.9170,203.5820,142.3260,0.0000,0.0000,1776.3640
2805,1,1,1,63.5810,169.6800,0.0000,972.3390,198.4060,135.9630,0.0000,0.0000,1539.9690
2806,1,1,1,63.6060,166.8860,0.0000,964.9230,196.1600,137.0520,0.0000,0.0000,1528.6270
2807,1,1,1,62.9240,166.4250,0.0000,971.2730,194.7330,135.7050,0.0000,0.0000,1531.0600
2808,1,1,1,61.6000,166.2090,0.0000,973.1750,192.2830,135.9020,0.0000,0.0000,1529.1690
2809,1,1,1,61.4960,166.7510,0.0000,964.9110,193.8830,133.3420,0.0000,0.0000,1520.3830
2810,0,1,1,65.7470,169.0960,0.0000,967.1870,195.3970,138.2770,0.0000,0.0000,1535.7040
2811,1,1,1,61.6610,167.4210,0.0000,968.5480,195.6180,134.8490,0.0000,0.0000,1528.0970
2812,1,1,1,61.6060,166.0310,0.0000,970.4430,194.3750,135.4700,0.0000,0.0000,1527.9250
2813,1,1,1,59.9020,165.8710,0.0000,965.3480,194.2530,134.2640,0.0000,0.0000,1519.6380
2814,1,1,1,62.8430,165.7230,0.0000,965.3600,192.2890,134.1230,0.0000,0.0000,1520.3380
2815,1,1,1,60.5840,162.9730,0.0000,964.8490,193.4890,134.3070,0.0000,0.0000,1516.2020
2816,1,1,0,61.1940,210.4620,0.0000,972.5540,197.6180,138.3630,0.0000,0.0000,1580.1910
2817,1,1,1,62.8180,166.3760,0.0000,967.6550,194.8430,134.6400,0.0000,0.0000,1526.3320
2818,1,1,1,62.2340,164.9360,0.0000,970.5660,193.4460,135.7170,0.0000,0.0000,1526.8990
2819,1,1,1,62.6590,167.5940,0.0000,968.7140,193.8710,135.0400,0.0000,0.0000,1527.8780
2820,0,1,0,61.5320,164.2520,0.0000,970.0000,193.6670,135.6920,0.0000,0.0000,1525.1430
2821,1,1,1,61.1630,165.1260,0.0000,969.3410,193.8030,135.8340,0.0000,0.0000,1525.2670
2822,1,1,1,61.9750,166.5300,0.0000,968.2270,200.9240,136.5660,0.0000,0.0000,1534.2220
2823,1,1,1,61.4090,166.9360,0.0000,969.0090,196.7760,135.6610,0.0000,0.0000,1529.7910
2824,1,1,1,59.8270,167.1260,0.0000,969.3230,193.9750,135.7230,0.0000,0.0000,1525.9740
2825,1,1,1,61.7420,163.4280,0.0000,969.6620,195.3040,134.5360,0.0000,0.0000,1524.6720
2826,0,1,0,62.8180,164.3690,0.0000,968.6340,196.4870,134.1600,0.0000,0.0000,1526.4680
2827,0,1,0,61.6680,164.8980,0.0000,970.1910,193.3480,135.6670,0.0000,0.0000,1525.7720
2828,1,1,1,62.0550,163.2310,0.0000,964.0180,202.7440,138.1230,0.0000,0.0000,1530.1710
2829,1,1,1,63.8590,167.5070,0.0000,969.0400,196.9290,135.3910,0.0000,0.0000,1532.7260
2830,0,1,0,61.2120,164.8550,0.0000,967.0770,193.3360,136.6150,0.0000,0.0000,1523.0950
2831,1,1,1,61.7660,165.2240,0.0000,969.9810,194.3070,136.2090,0.0000,0.0000,1527.4870
2832,1,1,1,61.7600,164.0990,0.0000,967.0830,193.9820,132.4060,0.0000,0.0000,1519.3300
2833,1,1,1,61.2560,165.4400,0.0000,968.4000,195.8400,134.0310,0.0000,0.0000,1524.9670
2834,1,1,1,62.3260,165.7360,0.0000,975.5880,203.4580,138.1780,0.0000,0.0000,1545.2860
2835,1,1,1,62.7870,166.6830,0.0000,973.1080,199.1010,135.7420,0.0000,0.0000,1537.4210
2836,1,1,1,63.1510,164.9350,0.0000,965.6740,195.0030,134.1720,0.0000,0.0000,1522.9350
2837,1,1,1,61.6740,164.5840,0.0000,969.1200,193.9450,136.1660,0.0000,0.0000,1525.4890
2838,1,1,1,61.3910,165.4340,0.0000,966.9730,194.1910,134.7570,0.0000,0.0000,1522.7460
2839,1,1,1,61.5080,165.3720,0.0000,966.8990,193.9690,133.3290,0.0000,0.0000,1521.0770
2840,1,1,1,62.0250,163.3780,0.0000,969.0770,202.7570,136.6460,0.0000,0.0000,1533.8830
2841,0,1,1,62.6710,166.2460,0.0000,968.7630,194.9720,136.2710,0.0000,0.0000,1528.9230
2842,1,1,1,63.1140,165.4340,0.0000,971.2680,195.5130,136.7940,0.0000,0.0000,1532.1230
2843,1,1,1,62.2210,165.5700,0.0000,971.4030,194.0800,136.2950,0.0000,0.0000,1529.5690
2844,1,1,1,61.0830,164.0000,0.0000,970.2100,195.4530,132.7880,0.0000,0.0000,1523.5340
2845,1,1,1,62.1600,164.7140,0.0000,966.9660,193.3600,133.3720,0.0000,0.0000,1520.5720
2846,1,1,1,61.1450,164.4190,0.0000,991.9080,203.8270,138.3140,0.0000,0.0000,1559.6130
2847,1,1,1,61.2490,167.6800,0.0000,970.2960,194.2280,135.3970,0.0000,0.0000,1528.8500
2848,1,1,0,62.7200,166.4250,0.0000,971.9510,194.0120,135.1500,0.0000,0.0000,1530.2580
2849,1,1,1,61.9630,165.4520,0.0000,969.9870,194.2710,135.5570,0.0000,0.0000,1527.2300
2850,1,1,1,63.3040,164.7570,0.0000,971.9080,193.0710,135.0700,0.0000,0.0000,1528.1100
2851,1,1,1,61.7100,166.6030,0.0000,966.5040,195.0220,135.0210,0.0000,0.0000,1524.8600
2852,1,1,1,61.9630,164.1910,0.0000,969.8280,247.5640,138.5660,0.0000,0.0000,1582.1120
2853,0,1,0,62.3630,169.8950,0.0000,966.6400,196.4800,134.9480,0.0000,0.0000,1530.3260
2854,1,1,0,59.7360,165.0330,0.0000,968.8550,194.1480,135.1570,0.0000,0.0000,1522.9290
2855,1,1,1,60.3200,165.3480,0.0000,967.3910,196.8490,136.8990,0.0000,0.0000,1526.8070
2856,1,1,1,61.1320,163.3170,0.0000,973.8210,193.4770,136.8920,0.0000,0.0000,1528.6390
2857,1,1,1,61.5760,163.8030,0.0000,964.7750,194.8620,134.2650,0.0000,0.0000,1519.2810
2858,0,1,0,62.9110,163.0950,0.0000,967.2500,194.5970,177.0900,0.0000,0.0000,1564.9430
2859,1,1,0,62.5600,170.5850,0.0000,971.1510,195.2620,135.7350,0.0000,0.0000,1535.2930
2860,1,1,1,61.3290,164.6710,0.0000,969.1380,193.9140,135.6190,0.0000,0.0000,1524.6710
2861,1,1,1,61.9140,165.9260,0.0000,965.6990,195.9200,136.7080,0.0000,0.0000,1526.1670
2862,1,1,1,59.9630,164.9600,0.0000,967.8830,194.2900,135.0330,0.0000,0.0000,1522.1290
2863,1,1,0,61.2550,165.3480,0.0000,966.5290,194.2150,133.6980,0.0000,0.0000,1521.0450
2864,1,1,1,61.8400,164.8860,0.0000,969.1140,194.1290,136.7450,0.0000,0.0000,1526.7140
2865,1,1,1,62.5660,207.6370,0.0000,968.9780,196.1110,136.2830,0.0000,0.0000,1571.5750
2866,1,1,1,63.9570,168.4550,0.0000,971.8400,196.5660,136.0310,0.0000,0.0000,1536.8490
2867,1,1,1,61.8400,166.4120,0.0000,968.5350,195.2800,134.5780,0.0000,0.0000,1526.6450
2868,1,1,1,62.2530,165.2250,0.0000,966.2280,194.6030,137.3720,0.0000,0.0000,1525.6810
2869,1,1,1,63.3410,165.4400,0.0000,965.8400,193.6370,134.1790,0.0000,0.0000,1522.4370
2870,1,1,1,61.0400,164.1170,0.0000,966.0740,195.0340,136.5350,0.0000,0.0000,1522.8000
2871,0,1,0,61.2250,165.3110,0.0000,1024.3570,201.1010,137.9010,0.0000,0.0000,1589.8950
2872,1,1,1,63.9630,167.4650,0.0000,967.2920,196.3630,134.2090,0.0000,0.0000,1529.2920
2873,1,1,1,61.1380,167.9570,0.0000,966.0920,194.5780,136.7010,0.0000,0.0000,1526.4660
2874,1,1,1,62.7320,165.5560,0.0000,967.4030,195.7480,134.7820,0.0000,0.0000,1526.2210
2875,1,1,1,60.3570,163.9930,0.0000,968.5170,192.0620,136.2830,0.0000,0.0000,1521.2120
2876,1,1,0,61.3230,165.2430,0.0000,966.7390,191.9260,133.9510,0.0000,0.0000,1519.1820
2877,1,1,1,61.9440,164.6640,0.0000,969.5570,202.1600,137.1260,0.0000,0.0000,1535.4510
2878,0,1,0,60.9040,168.1480,0.0000,965.8640,195.9750,137.3970,0.0000,0.0000,1528.2880
2879,0,1,0,60.9410,166.1780,0.0000,972.9050,194.7320,133.8890,0.0000,0.0000,1528.6450
2880,0,1,1,61.6860,163.7350,0.0000,972.0740,194.5410,132.6890,0.0000,0.0000,1524.7250
2881,1,1,1,60.9360,166.8680,0.0000,970.3690,195.3420,134.6590,0.0000,0.0000,1528.1740
2882,1,1,0,62.3510,165.2070,0.0000,967.7660,193.6490,133.7540,0.0000,0.0000,1522.7270
2883,1,1,1,60.7630,164.3020,0.0000,973.7720,200.4120,139.0400,0.0000,0.0000,1538.2890
2884,1,1,1,61.4640,168.2100,0.0000,969.8710,195.0030,135.0900,0.0000,0.0000,1529.6380
2885,1,1,1,62.4730,163.8280,0.0000,966.5910,193.7300,134.4680,0.0000,0.0000,1521.0900
2886,0,1,0,62.1840,165.7540,0.0000,971.0520,193.3420,135.6310,0.0000,0.0000,1527.9630
2887,1,1,1,61.3110,164.0550,0.0000,966.3750,193.7780,134.2960,0.0000,0.0000,1519.8150
2888,1,1,1,61.7730,166.2770,0.0000,969.0830,193.2560,135.8400,0.0000,0.0000,1526.2290
2889,1,1,1,61.4280,164.1910,0.0000,969.1140,202.3080,139.2620,0.0000,0.0000,1536.3030
2890,0,1,0,62.5410,167.8770,0.0000,972.1290,194.3940,132.9790,0.0000,0.0000,1529.9200
2891,1,1,1,62.2710,167.0580,0.0000,965.4460,192.5410,137.5450,0.0000,0.0000,1524.8610
2892,1,1,1,61.8090,165.3730,0.0000,968.2030,195.6490,135.0270,0.0000,0.0000,1526.0610
2893,1,1,1,61.9450,165.2550,0.0000,963.9570,194.6960,133.2000,0.0000,0.0000,1519.0530
2894,1,1,1,61.7790,165.5320,0.0000,968.7010,193.3600,135.1880,0.0000,0.0000,1524.5600
2895,1,1,1,61.5450,163.6440,0.0000,971.5020,200.3260,135.4830,0.0000,0.0000,1532.5000
2896,1,1,1,61.4890,167.8710,0.0000,969.3410,195.4830,135.4830,0.0000,0.0000,1529.6670
2897,1,1,1,61.4840,165.7730,0.0000,971.9930,194.1480,135.6800,0.0000,0.0000,1529.0780
2898,1,1,1,61.7290,162.8860,0.0000,969.8950,195.2680,134.7260,0.0000,0.0000,1524.5040
2899,1,1,1,60.5540,163.9690,0.0000,967.6120,193.1510,132.7140,0.0000,0.0000,1518.0000
2900,0,1,0,63.4090,164.2830,0.0000,965.6120,194.7200,135.0030,0.0000,0.0000,1523.0270
2901,1,1,1,62.5970,164.1110,0.0000,964.6520,237.0150,138.1970,0.0000,0.0000,1566.5720
2902,0,1,0,62.9850,168.2960,0.0000,968.6340,195.0830,136.6830,0.0000,0.0000,1531.6810
2903,1,1,1,62.0920,167.2860,0.0000,969.2130,195.2800,135.5450,0.0000,0.0000,1529.4160
2904,0,1,0,60.2830,163.9320,0.0000,967.4090,194.6590,135.5260,0.0000,0.0000,1521.8090
2905,1,1,0,60.9790,166.8000,0.0000,962.9110,192.4800,132.6770,0.0000,0.0000,1515.8470
2906,1,1,1,62.4990,164.2210,0.0000,968.8430,192.3200,132.2900,0.0000,0.0000,1520.1730
2907,1,1,1,62.6090,164.8070,0.0000,967.8770,194.6950,196.7570,0.0000,0.0000,1586.7450
2908,1,1,1,63.7660,170.2470,0.0000,971.0650,196.1410,136.0310,0.0000,0.0000,1537.2500
2909,1,1,1,63.2500,165.9880,0.0000,972.5110,197.4340,137.2550,0.0000,0.0000,1536.4380
2910,1,1,1,61.0340,163.2740,0.0000,965.5330,194.8120,134.8000,0.0000,0.0000,1519.4530
2911,1,1,0,61.3970,166.6090,0.0000,966.2770,193.7840,133.1390,0.0000,0.0000,1521.2060
2912,1,1,1,62.0310,165.8460,0.0000,967.0830,192.6710,135.3660,0.0000,0.0000,1522.9970
2913,1,1,1,61.2920,162.8740,0.0000,967.6920,192.6590,134.8120,0.0000,0.0000,1519.3290
2914,1,1,1,108.3690,170.9720,0.0000,970.7940,199.1390,140.1110,0.0000,0.0000,1589.3850
2915,0,1,0,60.4860,165.6490,0.0000,966.1360,195.6250,135.3540,0.0000,0.0000,1523.2500
2916,0,1,0,63.7040,166.8180,0.0000,969.7290,193.6740,135.3300,0.0000,0.0000,1529.2550
2917,1,1,1,61.3540,165.2000,0.0000,971.8150,194.6650,134.8190,0.0000,0.0000,1527.8530
2918,0,1,1,62.9910,165.6610,0.0000,967.5020,195.2250,136.0920,0.0000,0.0000,1527.4710
2919,1,1,1,62.5540,163.9510,0.0000,968.8980,193.5630,134.4800,0.0000,0.0000,1523.4460
2920,0,1,0,61.6120,205.2060,0.0000,974.1050,200.0670,138.5660,0.0000,0.0000,1579.5560
2921,1,1,1,63.2370,168.6030,0.0000,968.6400,195.4830,133.7910,0.0000,0.0000,1529.7540
2922,1,1,1,63.0710,165.5510,0.0000,965.8710,193.9440,133.5510,0.0000,0.0000,1521.9880
2923,1,1,1,62.1230,165.7540,0.0000,969.3110,195.3910,135.5510,0.0000,0.0000,1528.1300
2924,1,1,1,63.1320,166.0620,0.0000,968.9660,195.0770,134.1420,0.0000,0.0000,1527.3790
2925,1,1,1,63.7850,163.1570,0.0000,968.4920,192.3750,134.5780,0.0000,0.0000,1522.3870
2926,1,1,1,62.6340,165.1390,0.0000,970.2590,202.1290,136.2830,0.0000,0.0000,1536.4440
2927,0,1,0,62.7380,167.1010,0.0000,970.1360,195.3230,136.8250,0.0000,0.0000,1532.1230
2928,1,1,1,63.0960,165.7420,0.0000,969.9200,193.0040,136.0620,0.0000,0.0000,1527.8240
2929,1,1,1,61.6370,164.5900,0.0000,968.7820,193.7780,134.5420,0.0000,0.0000,1523.3290
2930,1,1,1,61.6680,164.9840,0.0000,967.4030,190.9350,134.8920,0.0000,0.0000,1519.8820
2931,1,1,1,61.6060,162.2460,0.0000,964.6460,193.6560,132.8930,0.0000,0.0000,1515.0470
2932,1,1,1,62.1900,163.4770,0.0000,976.6400,199.9080,136.7260,0.0000,0.0000,1538.9410
2933,0,1,0,62.3260,167.7410,0.0000,963.8770,193.8220,137.8340,0.0000,0.0000,1525.6000
2934,1,1,1,62.1350,165.4340,0.0000,968.7080,194.3510,135.4210,0.0000,0.0000,1526.0490
2935,0,1,0,62.1910,164.7080,0.0000,967.8150,194.0860,133.3350,0.0000,0.0000,1522.1350
2936,0,1,0,61.0590,164.7200,0.0000,965.2000,192.0240,133.4150,0.0000,0.0000,1516.4180
2937,0,1,0,60.7020,163.4270,0.0000,969.2370,192.9660,133.9330,0.0000,0.0000,1520.2650
2938,0,1,0,62.1480,162.6210,0.0000,967.9630,201.9200,137.8890,0.0000,0.0000,1532.5410
2939,1,1,1,62.0980,166.5360,0.0000,970.0000,196.6960,134.1230,0.0000,0.0000,1529.4530
2940,1,1,1,62.7940,168.5420,0.0000,967.2920,192.7080,134.9350,0.0000,0.0000,1526.2710
2941,0,1,0,61.9630,164.1170,0.0000,966.9480,194.3870,135.0640,0.0000,0.0000,1522.4790
2942,1,1,1,64.4990,165.7170,0.0000,964.2960,194.3440,135.8640,0.0000,0.0000,1524.7200
2943,1,1,1,62.0980,166.1840,0.0000,965.5330,194.2520,133.5070,0.0000,0.0000,1521.5740
2944,1,1,1,61.0460,164.6890,0.0000,966.0370,201.8220,138.0680,0.0000,0.0000,1531.6620
2945,0,1,1,64.6530,167.9500,0.0000,967.2930,195.7720,136.1480,0.0000,0.0000,1531.8160
2946,1,1,1,62.2400,164.8070,0.0000,968.9530,192.6460,137.3420,0.0000,0.0000,1525.9880
2947,1,1,1,62.8000,165.0460,0.0000,967.6860,195.6800,136.1540,0.0000,0.0000,1527.3660
2948,1,1,1,60.9350,164.3750,0.0000,967.8650,193.2490,134.6770,0.0000,0.0000,1521.1010
2949,1,1,1,60.8240,163.8210,0.0000,970.9230,193.2250,134.1480,0.0000,0.0000,1522.9410
2950,1,1,0,62.5360,165.3290,0.0000,972.7450,261.7040,139.1750,0.0000,0.0000,1601.4890
2951,1,1,1,63.4590,170.8060,0.0000,969.0220,199.0090,135.8400,0.0000,0.0000,1538.1360
2952,1,1,1,60.8120,165.4710,0.0000,965.1630,194.1420,132.5970,0.0000,0.0000,1518.1850
2953,1,1,1,62.6830,164.3500,0.0000,967.1020,195.0890,135.5260,0.0000,0.0000,1524.7500
2954,1,1,1,62.1360,166.0430,0.0000,966.0930,193.5820,134.8740,0.0000,0.0000,1522.7280
2955,1,1,1,62.6520,165.4890,0.0000,967.6920,194.3260,134.6520,0.0000,0.0000,1524.8110
2956,1,1,1,61.0700,163.9930,0.0000,967.2430,233.4710,139.7600,0.0000,0.0000,1565.5370
2957,1,1,1,62.3380,167.9510,0.0000,968.1170,198.5290,136.7080,0.0000,0.0000,1533.6430
2958,1,1,1,63.5070,166.1100,0.0000,968.7570,195.0650,136.1360,0.0000,0.0000,1529.5750
2959,1,1,1,61.6120,166.4370,0.0000,969.7230,195.3170,136.1660,0.0000,0.0000,1529.2550
2960,1,1,1,62.2700,164.2090,0.0000,968.9230,194.1540,133.5510,0.0000,0.0000,1523.1070
2961,1,1,1,61.1880,164.7810,0.0000,971.6300,195.6430,134.9540,0.0000,0.0000,1528.1960
2962,1,1,1,61.2560,165.6740,0.0000,966.4000,193.3360,134.3260,0.0000,0.0000,1520.9920
2963,1,1,1,67.3410,170.7320,0.0000,965.7970,194.3070,136.9660,0.0000,0.0000,1535.1430
2964,1,1,1,61.6130,166.5050,0.0000,968.5420,193.8030,137.3970,0.0000,0.0000,1527.8600
2965,1,1,1,62.9480,165.6560,0.0000,964.1600,193.7050,134.7930,0.0000,0.0000,1521.2620
2966,1,1,1,63.1010,165.8220,0.0000,969.6550,193.6120,134.8000,0.0000,0.0000,1526.9900
2967,1,1,1,61.7240,165.1010,0.0000,965.7170,194.2640,137.2300,0.0000,0.0000,1524.0360
2968,1,1,1,61.3040,164.5170,0.0000,969.0030,194.7810,134.4620,0.0000,0.0000,1524.0670
2969,1,1,1,61.9260,205.8470,0.0000,971.1200,200.1790,135.7230,0.0000,0.0000,1574.7950
2970,1,1,1,61.0160,166.8000,0.0000,966.5970,195.1080,134.3390,0.0000,0.0000,1523.8600
2971,1,1,0,62.4180,166.7080,0.0000,969.7910,193.4760,132.2150,0.0000,0.0000,1524.6080
2972,1,1,1,62.5600,164.5410,0.0000,968.4310,194.8860,135.3970,0.0000,0.0000,1525.8150
2973,0,1,0,60.5230,164.9300,0.0000,968.4240,192.5720,133.8650,0.0000,0.0000,1520.3140
2974,1,1,1,62.0120,163.2980,0.0000,968.9230,194.0310,134.8990,0.0000,0.0000,1523.1630
2975,1,1,1,61.8160,166.3630,0.0000,970.2960,201.0960,136.8610,0.0000,0.0000,1536.4320
2976,1,1,1,62.0430,166.3070,0.0000,967.8090,194.9170,135.8400,0.0000,0.0000,1526.9160
2977,1,1,1,63.3040,165.1260,0.0000,969.0770,194.5480,138.4250,0.0000,0.0000,1530.4800
2978,1,1,1,60.5660,167.7290,0.0000,964.8980,193.3420,136.9910,0.0000,0.0000,1523.5260
2979,1,1,1,61.9070,163.5390,0.0000,967.5940,194.1970,137.5390,0.0000,0.0000,1524.7760
2980,1,1,1,61.6800,164.6340,0.0000,968.9360,193.6130,135.9140,0.0000,0.0000,1524.7770
2981,0,1,0,62.5670,163.8530,0.0000,964.4500,206.2470,137.2430,0.0000,0.0000,1534.3600
2982,1,1,0,63.4460,169.1640,0.0000,972.6700,194.9900,134.7870,0.0000,0.0000,1535.0570
2983,1,1,1,60.8060,167.0770,0.0000,967.7790,193.3480,134.6400,0.0000,0.0000,1523.6500
2984,1,1,1,61.1940,162.7070,0.0000,966.4990,192.2210,133.0280,0.0000,0.0000,1515.6490
2985,1,1,1,60.2400,163.4650,0.0000,968.5170,190.4190,134.8680,0.0000,0.0000,1517.5090
2986,1,1,1,62.7200,164.8310,0.0000,966.9730,192.0860,135.6370,0.0000,0.0000,1522.2470
2987,1,1,1,60.9910,166.3750,0.0000,974.8060,200.5350,136.7940,0.0000,0.0000,1539.5010
2988,1,1,1,63.1820,167.2000,0.0000,966.9230,194.1540,135.0770,0.0000,0.0000,1526.5360
2989,1,1,1,62.4680,165.7670,0.0000,967.6670,194.5660,134.8800,0.0000,0.0000,1525.3480
2990,0,1,0,60.7130,165.8520,0.0000,964.7070,194.1230,135.6000,0.0000,0.0000,1520.9950
2991,1,1,1,61.2680,162.9420,0.0000,965.1760,193.7660,134.5910,0.0000,0.0000,1517.7430
2992,1,1,1,61.2250,164.2220,0.0000,963.9940,192.2210,134.5540,0.0000,0.0000,1516.2160
2993,1,1,1,62.3750,164.3940,0.0000,969.0340,201.5750,135.2490,0.0000,0.0000,1532.6270
2994,1,1,1,63.2550,168.9850,0.0000,967.4520,196.1540,136.2160,0.0000,0.0000,1532.0620
2995,1,1,1,61.3480,166.8490,0.0000,969.7840,194.1110,135.7160,0.0000,0.0000,1527.8080
2996,1,1,1,61.1500,165.8700,0.0000,969.4400,193.4150,135.5390,0.0000,0.0000,1525.4140
2997,1,1,0,62.8680,164.4000,0.0000,968.0860,192.6710,133.7100,0.0000,0.0000,1521.7350
2998,0,1,0,61.4030,164.4240,0.0000,968.4000,192.5050,134.1730,0.0000,0.0000,1520.9050
2999,0,1,0,61.8650,163.3350,0.0000,971.2370,335.8460,151.8580,0.0000,0.0000,1684.1410
3000,1,1,1,89.1380,231.3970,0.0000,986.7440,222.3810,160.6530,0.0000,0.0000,1690.3130
3001,1,1,1,66.8740,177.5320,0.0000,975.7790,203.5510,140.5970,0.0000,0.0000,1564.3330
3002,0,1,0,64.5840,171.9270,0.0000,973.9940,196.2400,136.3260,0.0000,0.0000,1543.0710
3003,0,1,0,61.8890,167.5380,0.0000,968.2960,195.8340,136.8870,0.0000,0.0000,1530.4440
3004,1,1,1,61.5390,163.4340,0.0000,968.2150,212.2340,145.1630,0.0000,0.0000,1550.5850
3005,1,1,1,65.2920,171.7850,0.0000,974.1410,199.4770,138.9910,0.0000,0.0000,1549.6860
3006,1,1,1,60.7440,165.7290,0.0000,970.0800,195.6250,136.8370,0.0000,0.0000,1529.0150
3007,1,1,1,62.3320,165.7970,0.0000,969.3350,193.5380,135.1760,0.0000,0.0000,1526.1780
3008,1,1,1,60.1410,164.4680,0.0000,968.7510,195.8650,135.4830,0.0000,0.0000,1524.7080
3009,1,1,1,61.6800,165.8460,0.0000,968.7020,194.0250,137.9940,0.0000,0.0000,1528.2470
3010,0,1,0,62.8860,166.0920,0.0000,973.8100,206.3140,141.2860,0.0000,0.0000,1550.3880
3011,1,1,1,62.9970,170.6460,0.0000,962.5480,197.7780,134.1350,0.0000,0.0000,1528.1040
3012,0,1,0,60.9850,165.5690,0.0000,972.4610,194.0000,135.6620,0.0000,0.0000,1528.6770
3013,1,1,1,62.3700,164.2150,0.0000,968.2950,191.4830,132.7820,0.0000,0.0000,1519.1450
3014,1,1,1,61.2800,163.1140,0.0000,966.6770,193.6490,135.5260,0.0000,0.0000,1520.2460
3015,1,1,1,62.1720,163.5200,0.0000,969.3600,194.5730,134.7810,0.0000,0.0000,1524.4060
3016,1,1,1,62.8430,165.3910,0.0000,963.9140,205.4150,139.2800,0.0000,0.0000,1536.8430
3017,1,1,1,62.5040,170.2270,0.0000,976.4120,197.2240,136.7750,0.0000,0.0000,1543.1420
3018,1,1,1,62.6220,167.3910,0.0000,969.6250,197.4030,137.2310,0.0000,0.0000,1534.2720
3019,1,1,1,61.4090,166.5910,0.0000,963.5760,193.4470,135.0150,0.0000,0.0000,1520.0380
3020,0,1,0,61.4530,163.6680,0.0000,969.7230,195.4770,134.5540,0.0000,0.0000,1524.8750
3021,0,1,0,61.5270,163.7360,0.0000,966.0060,192.0500,133.4900,0.0000,0.0000,1516.8090
3022,0,1,0,60.4360,164.6400,0.0000,967.0770,237.9450,137.4340,0.0000,0.0000,1567.5320
3023,1,1,1,62.5360,167.7040,0.0000,967.6800,197.3540,136.0370,0.0000,0.0000,1531.3110
3024,1,1,1,61.8220,166.8310,0.0000,971.6120,192.6100,136.3810,0.0000,0.0000,1529.2560
3025,1,1,1,60.3760,166.6220,0.0000,967.3410,195.2800,135.0330,0.0000,0.0000,1524.6520
3026,1,1,1,61.3050,166.2210,0.0000,964.9230,194.6710,134.0120,0.0000,0.0000,1521.1320
3027,1,1,1,61.9880,164.9970,0.0000,966.8120,194.5470,135.7970,0.0000,0.0000,1524.1410
3028,1,1,1,61.1140,163.5380,0.0000,968.0800,196.6210,180.0250,0.0000,0.0000,1569.3780
3029,1,1,1,61.4160,168.3630,0.0000,967.8710,195.4160,136.2640,0.0000,0.0000,1529.3300
3030,1,1,1,62.2760,162.6590,0.0000,968.0430,196.3760,133.7110,0.0000,0.0000,1523.0650
3031,1,1,1,61.6120,165.0090,0.0000,964.2890,194.0310,134.2890,0.0000,0.0000,1519.2300
3032,0,1,0,62.6830,162.9970,0.0000,969.5510,194.5300,136.2770,0.0000,0.0000,1526.0380
3033,1,1,1,60.6030,164.1100,0.0000,967.7480,193.0640,133.4340,0.0000,0.0000,1518.9590
3034,1,1,1,62.2280,164.9410,0.0000,966.7200,193.1450,136.1480,0.0000,0.0000,1523.1820
3035,1,1,1,103.9810,172.7390,0.0000,970.3140,197.1940,138.9360,0.0000,0.0000,1583.1640
3036,1,1,1,61.4950,166.6590,0.0000,971.2560,195.9510,136.4070,0.0000,0.0000,1531.7680
3037,1,1,1,62.9780,167.5140,0.0000,970.7320,192.6890,134.4920,0.0000,0.0000,1528.4050
3038,1,1,1,62.0060,163.7110,0.0000,970.2580,193.4270,136.1850,0.0000,0.0000,1525.5870
3039,1,1,1,62.3760,165.0710,0.0000,970.5910,195.0280,137.1140,0.0000,0.0000,1530.1800
3040,1,1,1,64.1900,163.2930,0.0000,966.6220,194.9850,135.7790,0.0000,0.0000,1524.8690
3041,1,1,1,61.8150,207.4950,0.0000,967.7290,201.5200,137.0710,0.0000,0.0000,1575.6300
3042,1,1,1,61.1570,165.9260,0.0000,968.0620,195.7730,136.0370,0.0000,0.0000,1526.9550
3043,1,1,1,61.2060,166.3440,0.0000,965.0770,192.1660,135.5750,0.0000,0.0000,1520.3680
3044,1,1,1,61.3660,166.0190,0.0000,965.5510,194.0490,135.3100,0.0000,0.0000,1522.2950
3045,1,1,1,61.4830,164.9290,0.0000,967.0580,192.9660,132.4860,0.0000,0.0000,1518.9220
3046,1,1,1,62.3010,163.4770,0.0000,973.6680,194.3510,136.0800,0.0000,0.0000,1529.8770
3047,0,1,1,62.2400,165.1080,0.0000,965.9640,204.0680,138.5850,0.0000,0.0000,1535.9650
3048,0,1,0,62.9290,167.7290,0.0000,966.5360,194.7880,136.5970,0.0000,0.0000,1528.5790
3049,0,1,0,61.6120,164.4310,0.0000,969.4150,194.5420,134.7330,0.0000,0.0000,1524.7330
3050,1,1,1,61.3470,166.3200,0.0000,969.0280,194.3690,135.0830,0.0000,0.0000,1526.1470
3051,1,1,1,62.6280,164.8670,0.0000,967.1570,192.1170,135.5330,0.0000,0.0000,1522.3020
3052,1,1,1,61.9020,163.5200,0.0000,967.5880,195.0890,133.9140,0.0000,0.0000,1522.0130
3053,1,1,1,61.0340,165.0840,0.0000,961.3230,204.2640,136.3510,0.0000,0.0000,1528.0560
3054,1,1,1,64.7820,169.1260,0.0000,969.8700,194.6960,137.5810,0.0000,0.0000,1536.0550
3055,1,1,1,62.5850,165.7290,0.0000,969.5750,194.7450,135.6920,0.0000,0.0000,1528.3260
3056,0,1,0,61.0150,166.4000,0.0000,970.2520,194.0000,133.7850,0.0000,0.0000,1525.4520
3057,0,1,0,61.7970,164.2100,0.0000,966.2400,193.0030,134.5170,0.0000,0.0000,1519.7670
3058,1,1,1,60.9720,166.0680,0.0000,969.8950,193.7110,134.2710,0.0000,0.0000,1524.9170
3059,1,1,1,60.9480,165.6800,0.0000,974.5360,201.7170,137.1630,0.0000,0.0000,1540.0440
3060,1,1,1,62.0550,168.1110,0.0000,969.4280,192.9720,137.5390,0.0000,0.0000,1530.1050
3061,1,1,1,62.2220,164.9970,0.0000,966.2400,195.8710,135.8590,0.0000,0.0000,1525.1890
3062,1,1,1,63.2730,166.1100,0.0000,965.7720,193.1020,136.1470,0.0000,0.0000,1524.4040
3063,1,1,1,61.4150,165.8090,0.0000,965.9260,192.5360,134.6770,0.0000,0.0000,1520.3630
3064,1,1,1,63.5940,165.2920,0.0000,969.1260,195.7660,134.8740,0.0000,0.0000,1528.6520
3065,1,1,1,61.2860,164.7510,0.0000,964.4300,204.9230,136.5110,0.0000,0.0000,1531.9010
3066,1,1,1,63.7480,165.6240,0.0000,969.7290,196.5720,138.2460,0.0000,0.0000,1533.9190
3067,0,1,0,61.6610,167.8090,0.0000,965.7970,192.7690,135.4460,0.0000,0.0000,1523.4820
3068,1,1,1,60.8860,164.4430,0.0000,970.5660,191.2440,135.8520,0.0000,0.0000,1522.9910
3069,1,1,1,60.1050,165.6610,0.0000,970.7200,194.7560,134.0980,0.0000,0.0000,1525.3400
3070,1,1,0,62.2530,166.5970,0.0000,968.6580,195.1450,133.9320,0.0000,0.0000,1526.5850
3071,1,1,1,61.9010,165.6000,0.0000,967.5570,252.0860,139.9690,0.0000,0.0000,1587.1130
3072,1,1,1,63.1940,167.4830,0.0000,972.8620,196.9410,135.7170,0.0000,0.0000,1536.1970
3073,1,1,1,62.6770,167.7730,0.0000,970.6280,195.1810,133.1260,0.0000,0.0000,1529.3850
3074,0,1,0,60.0370,164.2710,0.0000,965.4950,192.4060,136.9290,0.0000,0.0000,1519.1380
3075,1,1,1,62.7690,165.5080,0.0000,967.4090,192.0300,136.2270,0.0000,0.0000,1523.9430
3076,1,1,1,60.3440,163.6680,0.0000,967.4270,196.2220,135.6180,0.0000,0.0000,1523.2790
3077,1,1,1,61.7110,163.6430,0.0000,968.2830,228.7260,140.5420,0.0000,0.0000,1562.9050
3078,1,1,1,62.8990,171.2800,0.0000,969.4340,195.0890,135.7110,0.0000,0.0000,1534.4130
3079,1,1,1,60.6580,164.4610,0.0000,965.6490,192.7870,135.9500,0.0000,0.0000,1519.5050
3080,1,1,1,62.3320,165.2980,0.0000,963.3720,194.5050,135.7850,0.0000,0.0000,1521.2920
3081,0,1,0,60.0250,166.2960,0.0000,966.6950,193.5820,135.2430,0.0000,0.0000,1521.8410
3082,1,1,1,62.3320,163.4770,0.0000,971.5630,193.3660,133.3540,0.0000,0.0000,1524.0920
3083,0,1,0,62.0550,166.0240,0.0000,966.5170,193.4340,135.4900,0.0000,0.0000,1523.5200
3084,1,1,1,103.9320,167.6930,0.0000,967.2670,198.6150,136.4130,0.0000,0.0000,1573.9200
3085,1,1,1,71.2550,175.9020,0.0000,974.3320,200.5350,140.3820,0.0000,0.0000,1562.4060
3086,1,1,1,62.4060,169.1080,0.0000,969.9940,197.5810,136.6710,0.0000,0.0000,1535.7600
3087,1,1,1,62.2150,165.3730,0.0000,971.1810,193.7050,135.3230,0.0000,0.0000,1527.7970
3088,1,1,1,62.5720,164.7080,0.0000,967.6800,192.4130,134.7820,0.0000,0.0000,1522.1550
3089,1,1,1,61.4220,165.4340,0.0000,965.4340,192.5850,134.6830,0.0000,0.0000,1519.5580
3090,0,1,0,61.9880,229.7600,0.0000,970.1480,197.1690,139.0400,0.0000,0.0000,1598.1050
3091,0,1,0,62.6220,165.7350,0.0000,965.9510,195.1450,135.3840,0.0000,0.0000,1524.8370
3092,1,1,1,61.9200,165.2120,0.0000,967.0960,195.5630,135.5440,0.0000,0.0000,1525.3350
3093,1,1,1,62.4060,164.6770,0.0000,969.5810,194.8740,134.8740,0.0000,0.0000,1526.4120
3094,1,1,1,62.8250,165.3790,0.0000,968.8560,191.9070,136.0430,0.0000,0.0000,1525.0100
3095,1,1,1,63.1750,164.5110,0.0000,969.5200,193.2560,135.2800,0.0000,0.0000,1525.7420
3096,1,1,1,62.4310,201.2310,0.0000,969.5870,198.4180,137.2560,0.0000,0.0000,1568.9230
3097,1,1,1,63.2550,167.3660,0.0000,970.6400,194.1910,135.4760,0.0000,0.0000,1530.9280
3098,1,1,1,62.4800,164.3630,0.0000,964.8920,193.5690,137.5570,0.0000,0.0000,1522.8610
3099,1,1,1,62.5660,164.2520,0.0000,969.9570,194.0300,136.7510,0.0000,0.0000,1527.5560
3100,1,1,1,63.9010,164.6830,0.0000,963.3480,192.8680,136.9170,0.0000,0.0000,1521.7170
3101,1,1,1,62.2890,166.0490,0.0000,965.6440,195.1270,135.1500,0.0000,0.0000,1524.2590
3102,1,1,1,62.2640,164.2700,0.0000,969.3600,201.0460,136.6340,0.0000,0.0000,1533.5740
3103,1,1,1,63.6920,167.8210,0.0000,969.7780,193.7230,135.9750,0.0000,0.0000,1530.9890
3104,1,1,1,61.0960,165.3970,0.0000,970.3260,192.7880,134.4990,0.0000,0.0000,1524.1060
3105,1,1,1,61.5510,164.7320,0.0000,966.2900,193.0530,134.2580,0.0000,0.0000,1519.8840
3106,1,1,1,63.0710,163.9630,0.0000,963.5630,192.5840,135.0710,0.0000,0.0000,1518.2520
3107,1,1,1,60.8670,165.7790,0.0000,963.7840,191.1690,136.4060,0.0000,0.0000,1518.0050
3108,1,1,1,62.0610,164.9600,0.0000,972.8120,201.4950,137.6560,0.0000,0.0000,1538.9840
3109,0,1,0,60.6030,167.2430,0.0000,969.8950,195.6930,135.3230,0.0000,0.0000,1528.7570
3110,1,1,1,61.5700,164.7140,0.0000,967.9020,193.2620,134.9730,0.0000,0.0000,1522.4210
3111,0,1,0,61.5700,164.4310,0.0000,965.1440,192.5970,134.9600,0.0000,0.0000,1518.7020
3112,1,1,1,61.7360,163.8830,0.0000,967.1940,194.0000,134.9660,0.0000,0.0000,1521.7790
3113,1,1,1,61.5380,165.1810,0.0000,968.0130,195.4400,134.0860,0.0000,0.0000,1524.2580
3114,1,1,1,63.2310,165.5750,0.0000,963.6740,202.7010,141.2430,0.0000,0.0000,1536.4240
3115,1,1,1,62.3870,166.4000,0.0000,967.4590,195.6930,136.6460,0.0000,0.0000,1528.5850
3116,0,1,0,62.0000,165.1940,0.0000,968.8920,194.7200,135.3850,0.0000,0.0000,1526.1910
3117,1,1,1,62.8560,164.4180,0.0000,968.2090,193.1570,134.3200,0.0000,0.0000,1522.9600
3118,1,1,1,61.8650,165.0650,0.0000,969.2860,193.8090,135.0520,0.0000,0.0000,1525.0770
3119,1,1,1,61.2430,163.9570,0.0000,964.8930,194.3870,134.5410,0.0000,0.0000,1519.0210
3120,1,1,1,62.4310,164.6150,0.0000,965.8770,199.9320,137.7540,0.0000,0.0000,1530.6090
3121,1,1,1,62.6640,167.6980,0.0000,966.6710,196.2280,134.8920,0.0000,0.0000,1528.1530
3122,1,1,1,61.9940,165.4090,0.0000,965.3230,194.2030,134.7880,0.0000,0.0000,1521.7170
3123,1,1,1,64.2340,165.3970,0.0000,964.1050,193.8030,135.7850,0.0000,0.0000,1523.3240
3124,1,1,1,60.5480,165.5070,0.0000,972.0930,194.1840,135.1330,0.0000,0.0000,1527.4650
3125,1,1,1,61.8590,164.7750,0.0000,969.7910,193.3660,134.6400,0.0000,0.0000,1524.4310
3126,1,1,1,60.8300,163.4590,0.0000,967.4270,251.2440,140.0670,0.0000,0.0000,1583.0270
3127,1,1,1,62.9790,169.9140,0.0000,975.1940,197.3050,137.9880,0.0000,0.0000,1543.3800
3128,1,1,1,62.2710,165.2800,0.0000,968.3020,193.8220,135.4520,0.0000,0.0000,1525.1270
3129,1,1,1,61.6800,164.8120,0.0000,966.0610,192.4610,134.6770,0.0000,0.0000,1519.6910
3130,1,1,1,62.1290,164.3940,0.0000,970.1230,194.0550,134.7510,0.0000,0.0000,1525.4520
3131,1,1,1,61.4090,163.1510,0.0000,970.7130,193.9690,135.3790,0.0000,0.0000,1524.6210
3132,1,1,1,62.6460,163.7170,0.0000,969.7780,191.4400,189.9750,0.0000,0.0000,1577.5560
3133,1,1,1,63.1630,168.4980,0.0000,967.4100,195.6500,137.8830,0.0000,0.0000,1532.6040
3134,1,1,1,63.2560,165.6310,0.0000,967.7970,194.6280,137.7970,0.0000,0.0000,1529.1090
3135,1,1,1,62.6150,165.0520,0.0000,969.2120,194.9100,134.3940,0.0000,0.0000,1526.1830
3136,1,1,1,62.5720,161.5200,0.0000,968.6760,195.0460,136.6160,0.0000,0.0000,1524.4300
3137,1,1,1,61.5320,164.1350,0.0000,969.3050,193.1260,134.5540,0.0000,0.0000,1522.6520
3138,1,1,1,61.3540,165.1630,0.0000,969.6430,193.1560,133.1440,0.0000,0.0000,1522.4600
3139,1,1,1,100.4310,173.1260,0.0000,971.5020,196.2700,138.1170,0.0000,0.0000,1579.4460
3140,0,1,1,62.4800,169.4650,0.0000,969.7540,194.8920,137.1870,0.0000,0.0000,1533.7780
3141,1,1,1,63.0650,166.2890,0.0000,969.7480,192.1780,133.8770,0.0000,0.0000,1525.1570
3142,0,1,0,61.9690,165.5500,0.0000,972.8560,193.2740,136.0730,0.0000,0.0000,1529.7220
3143,1,1,1,61.1330,165.8700,0.0000,970.1910,194.5850,136.1540,0.0000,0.0000,1527.9330
3144,1,1,1,61.9510,163.9750,0.0000,965.8400,193.6860,135.1260,0.0000,0.0000,1520.5780
3145,1,1,1,61.4710,203.3600,0.0000,967.2060,200.7200,137.0650,0.0000,0.0000,1569.8220
3146,1,1,1,62.7690,168.8740,0.0000,966.7700,196.4800,136.4860,0.0000,0.0000,1531.3790
3147,1,1,0,62.0870,167.9260,0.0000,968.2220,196.5110,135.4710,0.0000,0.0000,1530.2170
3148,1,1,1,62.9470,164.7200,0.0000,969.7350,196.4740,133.4650,0.0000,0.0000,1527.3410
3149,1,1,1,61.2370,166.0430,0.0000,967.0460,194.0310,136.0860,0.0000,0.0000,1524.4430
3150,1,1,1,63.2560,162.8000,0.0000,966.6580,193.0770,133.8270,0.0000,0.0000,1519.6180
3151,1,1,1,61.7790,163.1260,0.0000,970.8870,201.0030,136.8190,0.0000,0.0000,1533.6140
3152,1,1,1,61.9200,167.8890,0.0000,967.6370,196.0310,135.7050,0.0000,0.0000,1529.1820
3153,1,1,1,61.7600,165.2860,0.0000,968.8430,194.7560,134.1850,0.0000,0.0000,1524.8300
3154,1,1,1,60.2150,165.9320,0.0000,967.3850,195.0340,134.5540,0.0000,0.0000,1523.1200
3155,1,1,1,62.9600,163.6430,0.0000,967.8770,196.2400,134.7750,0.0000,0.0000,1525.4950
3156,1,1,1,61.9080,163.3110,0.0000,966.9480,192.9480,135.0460,0.0000,0.0000,1520.1610
3157,1,1,1,62.3200,164.5840,0.0000,971.7040,200.9470,136.7260,0.0000,0.0000,1536.2810
3158,1,1,1,64.1850,166.3320,0.0000,964.7020,195.5690,137.3480,0.0000,0.0000,1528.1360
3159,1,1,1,61.1010,166.5790,0.0000,971.5870,194.4250,137.3410,0.0000,0.0000,1531.0330
3160,1,1,1,60.7570,164.4670,0.0000,967.9630,195.1690,135.6800,0.0000,0.0000,1524.0360
3161,1,1,1,61.6000,164.7270,0.0000,965.0220,193.8160,134.9910,0.0000,0.0000,1520.1560
3162,1,1,1,61.4650,162.1420,0.0000,964.5900,193.1080,135.4090,0.0000,0.0000,1516.7140
3163,1,1,1,61.0770,164.2830,0.0000,972.2160,202.2710,137.5320,0.0000,0.0000,1537.3790
3164,0,1,0,61.5880,167.0030,0.0000,971.2680,197.1390,135.6920,0.0000,0.0000,1532.6900
3165,0,1,0,63.3970,164.2160,0.0000,968.2710,195.2980,135.5440,0.0000,0.0000,1526.7260
3166,0,1,0,62.3080,164.4060,0.0000,968.3630,193.4270,135.1630,0.0000,0.0000,1523.6670
3167,0,1,0,61.2610,165.1690,0.0000,968.4560,190.5850,133.9940,0.0000,0.0000,1519.4650
3168,1,1,1,61.2740,165.9570,0.0000,966.9720,192.1230,132.9600,0.0000,0.0000,1519.2860
3169,1,1,1,62.6710,167.1010,0.0000,971.2670,201.0900,138.7380,0.0000,0.0000,1540.8670
3170,0,1,0,62.6030,164.6340,0.0000,967.1390,193.5940,135.6240,0.0000,0.0000,1523.5940
3171,1,1,1,61.8890,165.6980,0.0000,966.4310,194.6280,135.6740,0.0000,0.0000,1524.3200
3172,1,1,1,62.8670,165.9690,0.0000,965.5510,195.1200,134.9480,0.0000,0.0000,1524.4550
3173,1,1,1,60.8990,163.9570,0.0000,964.5410,192.6890,134.1730,0.0000,0.0000,1516.2590
3174,1,1,1,63.0580,164.6210,0.0000,969.3170,194.3440,134.6950,0.0000,0.0000,1526.0350
3175,0,1,0,62.9360,164.0550,0.0000,968.9600,236.7630,138.4740,0.0000,0.0000,1571.1880
3176,1,1,1,61.2370,168.0180,0.0000,969.4700,196.3940,136.4740,0.0000,0.0000,1531.5930
3177,1,1,1,61.0460,163.4590,0.0000,969.2490,193.7300,135.7170,0.0000,0.0000,1523.2010
3178,1,1,1,61.8520,165.1630,0.0000,970.7940,193.6120,134.0060,0.0000,0.0000,1525.4270
3179,0,1,0,62.5660,165.8520,0.0000,966.5350,194.7440,134.6460,0.0000,0.0000,1524.3430
3180,1,1,1,62.3700,167.4830,0.0000,966.3070,194.4500,135.4770,0.0000,0.0000,1526.0870
3181,1,1,1,60.7810,165.9130,0.0000,969.8770,192.7320,187.2610,0.0000,0.0000,1576.5640
3182,1,1,1,62.6160,172.6710,0.0000,970.9160,196.6770,137.6120,0.0000,0.0000,1540.4920
3183,1,1,1,62.4920,166.3320,0.0000,968.9170,195.3110,135.2610,0.0000,0.0000,1528.3130
3184,1,1,1,61.2920,165.1020,0.0000,958.7010,192.6960,134.9050,0.0000,0.0000,1512.6960
3185,1,1,1,61.9630,164.3200,0.0000,966.3870,191.9880,135.8160,0.0000,0.0000,1520.4740
3186,1,1,1,61.6560,166.5360,0.0000,969.2620,193.6060,135.9320,0.0000,0.0000,1526.9920
3187,0,1,0,60.4920,165.5570,0.0000,966.9600,193.6370,133.5130,0.0000,0.0000,1520.1590
3188,1,1,1,103.0900,169.8150,0.0000,969.1510,195.5200,137.2800,0.0000,0.0000,1574.8560
3189,0,1,0,61.6800,167.9020,0.0000,972.3940,195.0090,134.4430,0.0000,0.0000,1531.4280
3190,1,1,1,62.4120,167.0340,0.0000,966.5050,193.0890,135.4280,0.0000,0.0000,1524.4680
3191,1,1,1,61.9700,164.2090,0.0000,964.8860,193.2990,134.1170,0.0000,0.0000,1518.4810
3192,0,1,0,61.9690,162.7200,0.0000,967.2560,192.1790,134.7330,0.0000,0.0000,1518.8570
3193,0,1,0,61.6370,165.2860,0.0000,968.1230,193.5080,135.3230,0.0000,0.0000,1523.8770
3194,1,1,1,62.4920,213.7780,0.0000,969.9260,240.5600,153.4710,0.0000,0.0000,1640.2270
3195,0,1,0,69.6860,181.1330,0.0000,974.2770,202.4680,142.6100,0.0000,0.0000,1570.1740
3196,1,1,1,64.4680,168.6950,0.0000,972.8190,196.1600,135.7910,0.0000,0.0000,1537.9330
3197,1,1,1,63.5820,166.3070,0.0000,970.1230,194.5420,137.0650,0.0000,0.0000,1531.6190
3198,1,1,1,62.6710,165.3720,0.0000,966.6030,195.0710,133.9750,0.0000,0.0000,1523.6920
3199,1,1,1,62.1850,162.9720,0.0000,968.6280,194.7940,133.9070,0.0000,0.0000,1522.4860
3200,1,1,1,61.8890,165.0950,0.0000,1046.3570,210.5660,140.8610,0.0000,0.0000,1624.7680
3201,0,1,0,62.1660,173.4280,0.0000,969.7910,196.8680,136.8740,0.0000,0.0000,1539.1270
3202,1,1,1,62.6090,169.0340,0.0000,969.1450,193.2860,137.0340,0.0000,0.0000,1531.1080
3203,1,1,1,62.7570,165.7360,0.0000,968.4800,196.9780,134.9410,0.0000,0.0000,1528.8920
3204,1,1,1,61.8150,164.2400,0.0000,971.2560,193.3290,134.7320,0.0000,0.0000,1525.3720
3205,1,1,1,61.1500,165.7410,0.0000,966.1540,192.6830,134.4860,0.0000,0.0000,1520.2140
3206,0,1,0,63.0280,164.6460,0.0000,959.8280,203.0340,139.0950,0.0000,0.0000,1529.6310
3207,1,1,1,63.1630,168.6770,0.0000,970.7510,196.7140,136.6590,0.0000,0.0000,1535.9640
3208,1,1,1,64.0800,167.9640,0.0000,968.3570,196.6400,135.9080,0.0000,0.0000,1532.9490
3209,1,1,1,62.3630,163.5510,0.0000,967.9200,194.3750,135.2430,0.0000,0.0000,1523.4520
3210,1,1,1,63.4580,164.9050,0.0000,963.1570,192.8620,137.0890,0.0000,0.0000,1521.4710
3211,1,1,1,61.9130,163.3840,0.0000,976.2890,193.8280,134.2650,0.0000,0.0000,1529.6790
3212,1,1,0,62.5960,164.8740,0.0000,960.3690,201.7540,139.1440,0.0000,0.0000,1528.7370
3213,1,1,1,62.9480,170.0190,0.0000,965.2060,195.2070,135.4400,0.0000,0.0000,1528.8200
3214,1,1,1,62.3630,165.2870,0.0000,965.9570,193.5020,136.3020,0.0000,0.0000,1523.4110
3215,1,1,1,61.8840,164.0800,0.0000,971.3600,192.0130,135.6250,0.0000,0.0000,1524.9620
3216,1,1,1,61.8950,164.9420,0.0000,965.6370,193.6190,135.1450,0.0000,0.0000,1521.2380
3217,1,1,0,61.7470,164.7500,0.0000,967.5640,193.2190,135.2000,0.0000,0.0000,1522.4800
3218,1,1,1,63.5080,163.5810,0.0000,973.2180,201.2070,137.5820,0.0000,0.0000,1539.0960
3219,1,1,1,61.8280,167.2560,0.0000,970.9540,196.2520,134.5040,0.0000,0.0000,1530.7940
3220,1,1,1,62.5360,164.8550,0.0000,965.7600,193.7910,135.0160,0.0000,0.0000,1521.9580
3221,1,1,1,61.6120,165.6860,0.0000,964.7440,195.2000,134.9230,0.0000,0.0000,1522.1650
3222,0,1,0,63.2130,164.8740,0.0000,967.4640,194.8430,136.4670,0.0000,0.0000,1526.8610
3223,1,1,1,61.7660,163.2740,0.0000,963.6370,193.8710,133.8890,0.0000,0.0000,1516.4370
3224,1,1,0,62.0370,165.6000,0.0000,971.0640,200.4860,136.9420,0.0000,0.0000,1536.1290
3225,1,1,1,60.7700,166.1110,0.0000,969.4280,195.8830,135.4090,0.0000,0.0000,1527.6010
3226,1,1,0,62.1050,165.7840,0.0000,966.2150,191.9140,135.1450,0.0000,0.0000,1521.1630
3227,1,1,1,61.5390,165.5200,0.0000,962.9050,195.3790,135.4580,0.0000,0.0000,1520.8010
3228,1,1,1,63.0030,162.8370,0.0000,961.5140,193.2920,134.0430,0.0000,0.0000,1514.6890
3229,0,1,0,61.7600,166.9660,0.0000,967.1760,193.2300,135.6980,0.0000,0.0000,1524.8300
3230,1,1,1,62.2520,162.9720,0.0000,966.6400,247.4770,136.8800,0.0000,0.0000,1576.2210
3231,1,1,1,62.2280,169.8770,0.0000,971.6070,195.5140,136.8920,0.0000,0.0000,1536.1180
3232,1,1,1,63.9690,166.7260,0.0000,967.6430,194.4740,137.1010,0.0000,0.0000,1529.9130
3233,1,1,1,63.5200,166.0180,0.0000,969.8590,193.2490,136.0430,0.0000,0.0000,1528.6890
3234,1,1,0,62.4310,163.2060,0.0000,966.7260,193.2130,135.3850,0.0000,0.0000,1520.9610
3235,1,1,1,61.6430,165.1080,0.0000,969.7040,190.0370,136.7500,0.0000,0.0000,1523.2420
3236,0,1,0,62.1780,163.6740,0.0000,970.0250,192.6220,143.3420,0.0000,0.0000,1531.8410
3237,1,1,1,63.4830,168.8130,0.0000,970.6030,198.1100,137.6190,0.0000,0.0000,1538.6280
3238,1,1,1,62.5350,164.6150,0.0000,969.1140,193.2500,136.0800,0.0000,0.0000,1525.5940
3239,1,1,1,62.6520,164.1100,0.0000,967.9450,193.7970,135.2800,0.0000,0.0000,1523.7840
3240,1,1,1,61.8830,164.3260,0.0000,964.8120,195.4220,134.4610,0.0000,0.0000,1520.9040
3241,0,1,0,60.8130,165.0340,0.0000,968.2650,193.9570,133.8090,0.0000,0.0000,1521.8780
3242,1,1,1,61.2070,164.5420,0.0000,966.9410,191.5750,136.5300,0.0000,0.0000,1520.7950
3243,1,1,1,78.4920,179.7660,0.0000,972.8990,203.8640,142.6520,0.0000,0.0000,1577.6730
3244,0,1,1,62.2340,171.0530,0.0000,970.4990,198.4250,137.9880,0.0000,0.0000,1540.1990
3245,1,1,1,63.5330,167.7850,0.0000,963.7230,196.5230,135.9690,0.0000,0.0000,1527.5330
3246,1,1,1,61.9020,168.0980,0.0000,966.4560,196.2160,134.8000,0.0000,0.0000,1527.4720
3247,1,1,1,62.5170,165.9080,0.0000,967.9440,194.9780,133.1260,0.0000,0.0000,1524.4730
3248,1,1,1,64.2340,165.8460,0.0000,966.1100,195.7540,135.9640,0.0000,0.0000,1527.9080
3249,0,1,0,61.9760,223.8900,0.0000,973.6740,197.2430,137.4460,0.0000,0.0000,1594.2290
3250,1,1,1,61.9880,169.3600,0.0000,971.5070,194.8360,135.8890,0.0000,0.0000,1533.5800
3251,1,1,1,62.6710,165.6620,0.0000,966.5540,195.5570,134.2340,0.0000,0.0000,1524.6780
3252,1,1,1,61.1070,165.6560,0.0000,969.6120,194.8860,133.5200,0.0000,0.0000,1524.7810
3253,1,1,1,62.0060,164.6330,0.0000,967.9070,193.3720,135.1080,0.0000,0.0000,1523.0260
3254,1,1,1,59.8280,163.9140,0.0000,966.7320,194.8980,134.5970,0.0000,0.0000,1519.9690
3255,1,1,1,62.7570,165.7900,0.0000,1023.1080,205.3970,138.5300,0.0000,0.0000,1595.5820
3256,1,1,1,63.5760,168.5720,0.0000,971.9260,194.7130,135.4030,0.0000,0.0000,1534.1900
3257,1,1,1,62.6090,167.1810,0.0000,967.8030,193.5270,134.6530,0.0000,0.0000,1525.7730
3258,1,1,1,60.7690,164.3440,0.0000,968.5170,194.1420,136.8680,0.0000,0.0000,1524.6400
3259,0,1,0,62.4930,165.4710,0.0000,963.5020,195.0950,136.9230,0.0000,0.0000,1523.4840
3260,1,1,1,61.2180,163.6860,0.0000,966.9600,191.5140,134.3260,0.0000,0.0000,1517.7040
3261,1,1,0,61.9380,164.0180,0.0000,962.3820,205.6310,138.4680,0.0000,0.0000,1532.4370
3262,1,1,1,62.9600,168.2530,0.0000,969.8090,197.3360,137.3850,0.0000,0.0000,1535.7430
3263,1,1,1,63.1320,166.2580,0.0000,971.1270,194.8800,135.1570,0.0000,0.0000,1530.5540
3264,1,1,1,61.8280,165.9200,0.0000,966.8800,194.1230,135.3600,0.0000,0.0000,1524.1110
3265,1,1,1,61.4400,164.4740,0.0000,967.7910,192.9040,133.7600,0.0000,0.0000,1520.3690
3266,0,1,0,62.0620,164.9230,0.0000,967.1640,195.0220,135.0530,0.0000,0.0000,1524.2240
3267,1,1,1,62.2470,164.2460,0.0000,974.2030,203.7850,134.4980,0.0000,0.0000,1538.9790
3268,1,1,1,63.2000,168.2770,0.0000,974.3450,195.7720,137.2860,0.0000,0.0000,1538.8800
3269,1,1,1,62.7510,164.4560,0.0000,971.4280,195.2440,136.3320,0.0000,0.0000,1530.2110
3270,1,1,1,61.8590,164.8800,0.0000,963.6060,193.3240,136.2770,0.0000,0.0000,1519.9460
3271,1,1,1,60.6280,166.3760,0.0000,967.1010,194.4920,134.5360,0.0000,0.0000,1523.1330
3272,1,1,1,61.7730,165.6800,0.0000,964.4550,195.0460,135.7350,0.0000,0.0000,1522.6890
3273,1,1,0,60.3380,164.3690,0.0000,971.3230,204.9910,138.0800,0.0000,0.0000,1539.1010
3274,1,1,1,64.2590,168.5530,0.0000,970.1540,194.4120,135.8900,0.0000,0.0000,1533.2680
3275,1,1,1,61.5320,165.4710,0.0000,966.8130,196.8310,137.1690,0.0000,0.0000,1527.8160
3276,1,1,1,62.0980,164.2090,0.0000,964.2760,191.9380,136.2160,0.0000,0.0000,1518.7370
3277,1,1,1,62.5230,164.9780,0.0000,966.8300,193.6370,133.3170,0.0000,0.0000,1521.2850
3278,0,1,0,61.2430,163.4090,0.0000,970.2580,193.3470,133.5820,0.0000,0.0000,1521.8390
3279,1,1,1,62.6830,163.6430,0.0000,974.7940,202.3270,137.6740,0.0000,0.0000,1541.1210
3280,1,1,1,61.6680,166.8740,0.0000,968.8250,194.3810,138.7700,0.0000,0.0000,1530.5180
3281,0,1,1,61.2860,165.7660,0.0000,965.5260,194.2100,135.4030,0.0000,0.0000,1522.1910
3282,1,1,1,61.3720,164.7750,0.0000,970.8190,196.2280,134.3140,0.0000,0.0000,1527.5080
3283,1,1,1,61.3850,165.6240,0.0000,967.9450,195.6370,134.1050,0.0000,0.0000,1524.6960
3284,1,1,0,61.5640,164.7870,0.0000,968.9350,195.1450,133.5630,0.0000,0.0000,1523.9940
3285,0,1,0,61.6070,166.2460,0.0000,965.6430,236.8860,139.6430,0.0000,0.0000,1570.0250
3286,1,1,1,60.3630,166.1910,0.0000,970.8310,192.1900,135.1570,0.0000,0.0000,1524.7320
3287,1,1,1,64.0300,166.1850,0.0000,970.8920,194.4990,134.8000,0.0000,0.0000,1530.4060
3288,1,1,1,62.0490,163.9270,0.0000,969.5080,193.6000,132.9540,0.0000,0.0000,1522.0380
3289,1,1,1,61.3350,164.7260,0.0000,965.6620,193.3290,135.4710,0.0000,0.0000,1520.5230
3290,0,1,0,62.5850,165.6550,0.0000,962.5230,194.1110,135.1440,0.0000,0.0000,1520.0180
3291,1,1,1,62.2340,164.2460,0.0000,967.9810,191.8520,266.5530,0.0000,0.0000,1652.8660
3292,1,1,0,67.2610,188.1660,0.0000,977.3600,204.6530,140.4000,0.0000,0.0000,1577.8400
3293,1,1,1,63.0710,171.0460,0.0000,972.7130,198.5540,137.1510,0.0000,0.0000,1542.5350
3294,1,1,0,62.6090,169.2240,0.0000,968.4980,193.5390,137.7540,0.0000,0.0000,1531.6240
3295,1,1,1,63.0900,165.8950,0.0000,969.1020,193.7850,136.9170,0.0000,0.0000,1528.7890
3296,1,1,1,61.0710,164.0490,0.0000,968.0000,194.5600,135.1690,0.0000,0.0000,1522.8490
3297,1,1,1,61.4530,166.7570,0.0000,967.5080,192.8980,184.5840,0.0000,0.0000,1573.2000
3298,1,1,0,62.8670,170.1420,0.0000,970.4920,198.6520,137.4210,0.0000,0.0000,1539.5740
3299,1,1,1,61.9390,164.7870,0.0000,966.3570,192.2400,135.2980,0.0000,0.0000,1520.6210
3300,1,1,1,62.3260,166.2400,0.0000,968.6280,195.8150,134.2890,0.0000,0.0000,1527.2980
3301,1,1,1,61.4030,164.4980,0.0000,970.2890,195.4650,136.7570,0.0000,0.0000,1528.4120
3302,1,1,1,61.9570,163.2180,0.0000,968.2210,193.7480,134.7440,0.0000,0.0000,1521.8880
3303,1,1,1,61.2070,166.0980,0.0000,969.3230,194.5530,135.3410,0.0000,0.0000,1526.5220
3304,1,1,1,102.2150,171.3480,0.0000,966.0560,195.3660,136.7630,0.0000,0.0000,1571.7480
3305,1,1,1,62.2830,165.9450,0.0000,967.8090,194.6520,135.3780,0.0000,0.0000,1526.0670
3306,1,1,1,61.6000,164.2090,0.0000,967.2310,193.1260,135.3660,0.0000,0.0000,1521.5320
3307,1,1,1,61.1260,166.8920,0.0000,968.5360,193.1570,137.4650,0.0000,0.0000,1527.1760
3308,1,1,1,63.3780,166.0800,0.0000,971.1690,193.9020,133.4830,0.0000,0.0000,1528.0120
3309,0,1,0,60.9480,165.1380,0.0000,969.4770,193.8460,134.9480,0.0000,0.0000,1524.3570
3310,1,1,1,61.1940,216.9600,0.0000,971.7970,202.4920,138.9410,0.0000,0.0000,1591.3840
3311,1,1,1,64.6280,165.8460,0.0000,969.7110,193.7480,138.0800,0.0000,0.0000,1532.0130
3312,1,1,1,62.3140,166.7200,0.0000,970.6400,194.5050,135.1630,0.0000,0.0000,1529.3420
3313,1,1,0,61.7350,166.0990,0.0000,970.7880,194.4740,134.9970,0.0000,0.0000,1528.0930
3314,1,1,1,62.6030,166.1290,0.0000,967.0580,193.4830,134.9780,0.0000,0.0000,1524.2510
3315,1,1,1,61.0150,165.2680,0.0000,967.9880,193.1080,135.0470,0.0000,0.0000,1522.4260
3316,0,1,0,62.2590,164.5040,0.0000,974.4310,207.1560,137.3360,0.0000,0.0000,1545.6860
3317,1,1,1,61.9200,167.8640,0.0000,964.9540,196.9780,135.7600,0.0000,0.0000,1527.4760
3318,0,1,0,61.7350,167.3670,0.0000,970.0860,193.9320,132.9540,0.0000,0.0000,1526.0740
3319,1,1,1,60.8120,166.2890,0.0000,967.4830,194.2890,135.4030,0.0000,0.0000,1524.2760
3320,1,1,1,61.5510,163.8960,0.0000,964.5300,194.0610,137.7410,0.0000,0.0000,1521.7790
3321,1,1,1,61.6370,163.7290,0.0000,968.2340,193.9320,134.0070,0.0000,0.0000,1521.5390
3322,0,1,0,60.5480,164.2640,0.0000,963.6180,206.1970,138.5600,0.0000,0.0000,1533.1870
3323,1,1,1,63.8710,169.4160,0.0000,970.6160,194.8370,135.7600,0.0000,0.0000,1534.5000
3324,1,1,0,64.7200,166.7750,0.0000,970.1290,194.7630,137.4100,0.0000,0.0000,1533.7970
3325,1,1,1,61.3840,165.7360,0.0000,970.3930,194.6100,137.0220,0.0000,0.0000,1529.1450
3326,1,1,1,62.9910,165.6860,0.0000,968.6210,194.7200,135.0280,0.0000,0.0000,1527.0460
3327,1,1,0,61.3600,165.8710,0.0000,965.6240,193.9630,133.3350,0.0000,0.0000,1520.1530
3328,1,1,1,61.6610,163.9690,0.0000,974.1910,201.7360,137.5320,0.0000,0.0000,1539.0890
3329,1,1,1,60.9720,168.5300,0.0000,967.7730,196.1850,133.9750,0.0000,0.0000,1527.4350
3330,1,1,1,61.7840,165.2310,0.0000,968.0560,196.7020,134.1110,0.0000,0.0000,1525.8840
3331,1,1,1,62.0190,164.6460,0.0000,968.9660,195.5880,134.7630,0.0000,0.0000,1525.9820
3332,0,1,0,63.4830,166.2270,0.0000,972.0430,194.2640,132.7810,0.0000,0.0000,1528.7980
3333,1,1,1,61.2370,164.8240,0.0000,964.6220,194.7500,135.8770,0.0000,0.0000,1521.3100
3334,0,1,0,62.1840,164.7810,0.0000,973.0220,201.0090,135.0770,0.0000,0.0000,1536.0730
3335,0,1,0,63.3160,168.5110,0.0000,965.6430,192.6340,135.2550,0.0000,0.0000,1525.3590
3336,1,1,1,62.2950,165.6680,0.0000,970.2520,195.2370,135.1330,0.0000,0.0000,1528.5850
3337,1,1,1,61.8950,165.8040,0.0000,967.5070,195.0100,134.5850,0.0000,0.0000,1524.8010
3338,0,1,0,61.6070,164.8120,0.0000,967.4890,191.9880,135.6310,0.0000,0.0000,1521.5270
3339,1,1,1,61.7230,164.8490,0.0000,969.6190,192.8990,135.0770,0.0000,0.0000,1524.1670
3340,1,1,1,61.6740,161.4650,0.0000,969.0470,204.9230,136.6950,0.0000,0.0000,1533.8040
3341,1,1,1,62.1970,167.5260,0.0000,967.9200,195.4890,134.8240,0.0000,0.0000,1527.9560
3342,1,1,1,63.4150,165.1200,0.0000,966.9900,196.1600,134.6150,0.0000,0.0000,1526.3000
3343,1,1,1,61.2300,164.0560,0.0000,967.4520,193.4590,134.2590,0.0000,0.0000,1520.4560
3344,1,1,1,61.5330,163.0890,0.0000,966.0990,192.9350,134.9350,0.0000,0.0000,1518.5910
3345,1,1,1,61.5450,165.0210,0.0000,966.4120,193.8580,133.8830,0.0000,0.0000,1520.7190
3346,1,1,1,62.1470,165.2620,0.0000,965.7470,247.8280,140.0550,0.0000,0.0000,1581.0390
3347,1,1,1,62.9360,173.2060,0.0000,970.1170,194.5170,137.2250,0.0000,0.0000,1538.0010
3348,0,1,0,62.1110,166.7820,0.0000,971.2740,194.2890,134.9110,0.0000,0.0000,1529.3670
3349,1,1,1,63.0030,165.1020,0.0000,969.6000,193.9510,132.8000,0.0000,0.0000,1524.4560
3350,1,1,1,62.6270,165.4700,0.0000,969.4150,193.4150,134.3750,0.0000,0.0000,1525.3020
3351,1,1,1,61.8890,165.6860,0.0000,967.4590,193.7420,133.6370,0.0000,0.0000,1522.4130
3352,1,1,1,62.0800,163.5450,0.0000,968.4070,193.2250,178.9970,0.0000,0.0000,1566.2540
3353,0,1,0,64.8560,172.0490,0.0000,967.0400,197.8400,137.2180,0.0000,0.0000,1539.0030
3354,0,1,0,63.7290,166.9840,0.0000,970.3020,195.6180,136.2770,0.0000,0.0000,1532.9100
3355,1,1,1,61.3230,165.2860,0.0000,968.3450,196.2460,136.7140,0.0000,0.0000,1527.9140
3356,1,1,1,63.6550,166.6650,0.0000,968.1540,193.5320,134.8250,0.0000,0.0000,1526.8310
3357,0,1,0,61.6060,165.2250,0.0000,966.2890,194.7140,135.1130,0.0000,0.0000,1522.9470
3358,1,1,1,60.8190,165.4700,0.0000,966.0310,193.9690,135.0160,0.0000,0.0000,1521.3050
3359,1,1,1,61.1080,214.2890,0.0000,968.3020,198.9540,137.2920,0.0000,0.0000,1579.9450
3360,1,1,1,62.1730,168.0120,0.0000,967.8590,193.1810,136.2030,0.0000,0.0000,1527.4280
3361,0,1,0,60.3010,166.8070,0.0000,970.1720,193.3170,135.6000,0.0000,0.0000,1526.1970
3362,1,1,1,63.4460,166.3450,0.0000,970.6030,194.6770,134.8180,0.0000,0.0000,1529.8890
3363,1,1,1,61.5320,167.0150,0.0000,965.7470,193.8900,135.6550,0.0000,0.0000,1523.8390
3364,1,1,1,59.3910,164.4000,0.0000,967.6870,192.3750,132.6710,0.0000,0.0000,1516.5240
3365,0,1,0,61.5630,165.2430,0.0000,1011.8590,202.2900,136.7010,0.0000,0.0000,1577.6560
3366,1,1,1,62.0920,168.3940,0.0000,967.8840,195.7410,135.0220,0.0000,0.0000,1529.1330
3367,1,1,0,62.2090,166.1970,0.0000,967.0220,193.1570,136.3570,0.0000,0.0000,1524.9420
3368,1,1,1,63.0590,163.8090,0.0000,964.2770,194.1470,133.7850,0.0000,0.0000,1519.0770
3369,1,1,1,60.9780,164.4860,0.0000,968.5230,194.7380,132.7450,0.0000,0.0000,1521.4700
3370,1,1,1,61.7470,164.8440,0.0000,967.0830,194.2280,133.8890,0.0000,0.0000,1521.7910
3371,1,1,1,60.2090,163.5140,0.0000,968.3020,203.3720,136.1420,0.0000,0.0000,1531.5390
3372,1,1,1,62.0620,167.2740,0.0000,968.9660,195.2920,134.5530,0.0000,0.0000,1528.1470
3373,1,1,1,62.5050,167.6800,0.0000,968.7880,193.0340,135.4700,0.0000,0.0000,1527.4770
3374,1,1,1,61.6240,164.7880,0.0000,967.6070,194.8000,134.6270,0.0000,0.0000,1523.4460
3375,1,1,1,61.0210,163.9500,0.0000,965.7290,193.3540,137.0960,0.0000,0.0000,1521.1500
3376,1,1,0,63.1940,165.2000,0.0000,968.2340,194.1420,133.0640,0.0000,0.0000,1523.8340
3377,1,1,1,61.2490,164.3200,0.0000,967.5570,202.6220,138.0860,0.0000,0.0000,1533.8340
3378,1,1,1,63.2250,168.1420,0.0000,968.0430,196.7200,136.8430,0.0000,0.0000,1532.9730
3379,1,1,1,61.9820,166.1970,0.0000,972.8680,193.5880,136.2340,0.0000,0.0000,1530.8690
3380,1,1,0,62.1290,165.3040,0.0000,965.5140,194.5100,135.1450,0.0000,0.0000,1522.6020
3381,1,1,1,62.8730,165.2610,0.0000,969.8590,193.5080,132.5970,0.0000,0.0000,1524.0980
3382,1,1,1,61.5870,164.4000,0.0000,966.4430,195.4030,133.3970,0.0000,0.0000,1521.2300
3383,1,1,1,61.3170,165.6560,0.0000,964.0190,202.4550,138.2640,0.0000,0.0000,1531.7110
3384,1,1,1,60.9720,167.6250,0.0000,971.2060,197.1200,136.0800,0.0000,0.0000,1533.0030
3385,1,1,1,62.3630,165.0400,0.0000,966.7760,195.9880,136.5470,0.0000,0.0000,1526.7140
3386,1,1,1,61.4460,166.8680,0.0000,969.8460,194.9470,133.8220,0.0000,0.0000,1526.9290
3387,1,1,1,61.6860,164.2400,0.0000,961.6180,193.2730,132.9480,0.0000,0.0000,1513.7650
3388,1,1,1,61.5560,165.4770,0.0000,966.8120,195.2130,135.7350,0.0000,0.0000,1524.7930
3389,1,1,1,61.2860,164.2950,0.0000,965.1510,202.5170,136.6580,0.0000,0.0000,1529.9070
3390,1,1,1,62.2340,167.2920,0.0000,962.3080,196.2030,135.2550,0.0000,0.0000,1523.2920
3391,1,1,1,61.7600,165.4100,0.0000,963.6860,193.1880,134.3080,0.0000,0.0000,1518.3520
3392,1,1,1,63.0640,165.7970,0.0000,968.1300,194.1300,135.1820,0.0000,0.0000,1526.3030
3393,1,1,1,61.6180,162.8310,0.0000,968.0180,192.4300,133.7470,0.0000,0.0000,1518.6440
3394,1,1,1,61.1940,164.9970,0.0000,968.6950,192.3080,133.2490,0.0000,0.0000,1520.4430
3395,1,1,0,62.2950,166.1470,0.0000,967.4030,233.5810,137.5320,0.0000,0.0000,1566.9580
3396,1,1,1,61.5570,169.5630,0.0000,968.1670,195.8400,134.5970,0.0000,0.0000,1529.7240
3397,1,1,1,61.6620,164.9970,0.0000,959.9630,193.7660,133.5940,0.0000,0.0000,1513.9820
3398,1,1,1,63.2990,165.9450,0.0000,967.5750,194.4550,135.8640,0.0000,0.0000,1527.1380
3399,1,1,1,61.3230,164.8680,0.0000,971.9200,194.3200,133.8460,0.0000,0.0000,1526.2770
3400,1,1,1,62.1170,164.1350,0.0000,966.5530,192.4560,135.5390,0.0000,0.0000,1520.8000
3401,1,1,1,61.7410,164.7130,0.0000,968.0180,192.6340,170.1960,0.0000,0.0000,1557.3020
3402,0,1,0,64.4740,167.4950,0.0000,971.1500,196.3570,135.9450,0.0000,0.0000,1535.4210
3403,1,1,1,63.9630,166.2830,0.0000,971.6610,194.4680,134.0860,0.0000,0.0000,1530.4610
3404,1,1,1,61.4580,166.4180,0.0000,968.0180,193.7850,135.9570,0.0000,0.0000,1525.6360
3405,0,1,0,61.4640,165.0030,0.0000,967.1450,194.7810,134.3320,0.0000,0.0000,1522.7250
3406,1,1,1,63.0770,162.9850,0.0000,970.8250,194.7820,133.8400,0.0000,0.0000,1525.5090
3407,1,1,1,59.3350,163.1750,0.0000,966.8610,193.2370,132.9720,0.0000,0.0000,1515.5800
3408,1,1,1,61.3050,206.9960,0.0000,975.9570,198.9290,134.6030,0.0000,0.0000,1577.7900
3409,1,1,1,63.6490,166.6590,0.0000,966.7940,194.5850,136.1350,0.0000,0.0000,1527.8220
3410,0,1,0,62.5970,166.4430,0.0000,965.1880,191.6130,135.9330,0.0000,0.0000,1521.7740
3411,1,1,1,60.5110,166.1850,0.0000,969.3850,194.1170,133.6430,0.0000,0.0000,1523.8410
3412,1,1,1,61.0150,166.5670,0.0000,967.0160,194.2030,134.8610,0.0000,0.0000,1523.6620
3413,1,1,1,61.4270,165.0770,0.0000,967.3040,194.4310,133.3540,0.0000,0.0000,1521.5930
3414,0,1,0,62.2830,164.2590,0.0000,966.5350,203.4460,137.9260,0.0000,0.0000,1534.4490
3415,1,1,1,61.6060,167.3100,0.0000,966.2270,196.6100,135.2680,0.0000,0.0000,1527.0210
3416,0,1,0,63.0400,167.5940,0.0000,965.1010,194.6590,135.5630,0.0000,0.0000,1525.9570
3417,1,1,1,61.2610,164.6090,0.0000,970.5040,194.1230,134.3200,0.0000,0.0000,1524.8170
3418,1,1,1,62.0250,166.1600,0.0000,970.1970,193.0830,135.0160,0.0000,0.0000,1526.4810
3419,1,1,1,61.7230,166.3260,0.0000,969.0710,194.7080,134.1290,0.0000,0.0000,1525.9570
3420,1,1,1,64.5350,163.6310,0.0000,976.0430,204.5910,138.0180,0.0000,0.0000,1546.8180
3421,1,1,1,62.1230,169.5750,0.0000,967.1330,195.8090,135.8210,0.0000,0.0000,1530.4610
3422,1,1,1,61.5010,166.1670,0.0000,966.8490,194.0000,134.0060,0.0000,0.0000,1522.5230
3423,0,1,1,61.3910,162.6890,0.0000,964.6270,193.5080,134.3930,0.0000,0.0000,1516.6080
3424,1,1,1,61.3600,163.7720,0.0000,965.9440,194.9350,135.0330,0.0000,0.0000,1521.0440
3425,1,1,1,62.1410,165.7790,0.0000,965.0830,193.4400,133.9570,0.0000,0.0000,1520.4000
3426,1,1,1,62.4000,164.2890,0.0000,971.8960,202.3750,138.9290,0.0000,0.0000,1539.8890
3427,0,1,0,62.8670,167.6310,0.0000,970.7320,196.0620,135.0710,0.0000,0.0000,1532.3630
3428,1,1,1,61.5760,165.1380,0.0000,965.4340,195.3600,133.7910,0.0000,0.0000,1521.2990
3429,1,1,1,61.8890,163.1570,0.0000,967.0210,192.9470,134.3810,0.0000,0.0000,1519.3950
3430,1,1,1,64.2090,165.9140,0.0000,965.3600,193.4700,132.8740,0.0000,0.0000,1521.8270
3431,0,1,0,62.0310,165.3850,0.0000,966.5790,193.5260,133.6370,0.0000,0.0000,1521.1580
3432,1,1,1,60.4250,166.3200,0.0000,970.7020,199.9320,140.0370,0.0000,0.0000,1537.4160
3433,1,1,1,61.4770,168.3260,0.0000,967.2990,195.4520,135.8520,0.0000,0.0000,1528.4060
3434,1,1,1,61.4950,164.4490,0.0000,966.1780,194.9230,135.9820,0.0000,0.0000,1523.0270
3435,1,1,1,62.1840,165.7290,0.0000,965.7230,192.5470,134.0310,0.0000,0.0000,1520.2140
3436,1,1,1,63.3420,163.4150,0.0000,968.0860,193.9810,135.3290,0.0000,0.0000,1524.1530
3437,1,1,1,61.9140,165.7410,0.0000,967.5320,194.7390,135.1880,0.0000,0.0000,1525.1140
3438,1,1,1,61.1200,162.5350,0.0000,1188.4370,222.1170,146.7690,0.0000,0.0000,1780.9780
3439,1,1,1,66.4250,175.5690,0.0000,975.8830,198.3200,139.4590,0.0000,0.0000,1555.6560
3440,0,1,0,62.5350,167.2490,0.0000,968.7690,195.4770,136.4920,0.0000,0.0000,1530.5220
3441,1,1,1,61.2120,166.5780,0.0000,967.3660,192.6590,135.6800,0.0000,0.0000,1523.4950
3442,1,1,1,61.1810,165.1260,0.0000,968.1840,194.0990,134.9850,0.0000,0.0000,1523.5750
3443,1,1,1,62.4860,163.2800,0.0000,964.6580,193.9440,135.0590,0.0000,0.0000,1519.4270
0,0,2,1,67.7230,172.0800,0.0000,962.6650,205.7850,140.5480,0.0000,0.0000,1548.8010
1,1,2,1,63.1070,171.0210,0.0000,971.8900,195.6310,138.1420,0.0000,0.0000,1539.7910
2,1,2,1,62.6890,165.9810,0.0000,968.2160,195.1390,135.2000,0.0000,0.0000,1527.2250
3,1,2,0,60.6030,164.7630,0.0000,966.8920,193.7840,134.8310,0.0000,0.0000,1520.8730
4,1,2,1,60.5480,165.5320,0.0000,967.5010,193.2610,135.0090,0.0000,0.0000,1521.8510
5,1,2,1,60.8990,164.5790,0.0000,967.2060,192.4370,131.8710,0.0000,0.0000,1516.9920
6,1,2,1,61.0950,164.6770,0.0000,968.0620,246.6770,138.5730,0.0000,0.0000,1579.0840
7,1,2,1,63.4830,170.1840,0.0000,970.8190,197.7790,135.6370,0.0000,0.0000,1537.9020
8,1,2,1,61.3410,165.1330,0.0000,968.0680,195.2180,135.5820,0.0000,0.0000,1525.3420
9,1,2,1,61.7910,163.4210,0.0000,968.8490,194.7750,135.8150,0.0000,0.0000,1524.6510
10,1,2,1,60.8980,163.5870,0.0000,966.7140,195.6550,134.1350,0.0000,0.0000,1520.9890
11,1,2,1,61.4280,164.5350,0.0000,969.8640,194.6590,134.2640,0.0000,0.0000,1524.7500
12,1,2,1,61.6800,164.9530,0.0000,966.9660,193.2440,196.4990,0.0000,0.0000,1583.3420
13,1,2,1,62.9600,172.0800,0.0000,970.8060,197.9630,137.0400,0.0000,0.0000,1540.8490
14,1,2,1,61.2000,166.2330,0.0000,968.7010,194.5350,134.8730,0.0000,0.0000,1525.5420
15,1,2,1,62.8560,165.1820,0.0000,969.2670,196.4920,160.5350,0.0000,0.0000,1554.3320
16,1,2,1,87.3910,244.5420,0.0000,990.3880,301.3540,213.6180,0.0000,0.0000,1837.2930
17,1,2,1,94.8250,224.4370,0.0000,977.0650,246.2160,169.0090,0.0000,0.0000,1711.5520
18,1,2,1,69.0900,206.7140,0.0000,980.1540,281.2680,174.9230,0.0000,0.0000,1712.1490
19,1,2,1,71.5570,193.8580,0.0000,980.2580,207.8950,144.5600,0.0000,0.0000,1598.1280
20,1,2,1,65.1810,175.5330,0.0000,972.6650,199.7470,137.4400,0.0000,0.0000,1550.5660
21,1,2,1,63.5810,169.4950,0.0000,969.7480,195.1750,135.6240,0.0000,0.0000,1533.6230
22,1,2,1,61.5820,167.3600,0.0000,968.7330,196.5230,136.6650,0.0000,0.0000,1530.8630
23,1,2,1,62.8740,165.5570,0.0000,970.3020,193.6000,132.5600,0.0000,0.0000,1524.8930
24,1,2,1,60.6100,166.8240,0.0000,970.1600,210.4930,139.4220,0.0000,0.0000,1547.5090
25,1,2,1,65.1020,170.0430,0.0000,969.3790,196.0360,137.6430,0.0000,0.0000,1538.2030
26,1,2,1,61.5320,166.0310,0.0000,972.2520,196.8310,136.7080,0.0000,0.0000,1533.3540
27,0,2,0,63.9010,166.3940,0.0000,967.5380,196.0000,135.8900,0.0000,0.0000,1529.7230
28,1,2,1,61.3730,164.3690,0.0000,964.3510,193.2310,134.4180,0.0000,0.0000,1517.7420
29,1,2,1,61.4700,165.2370,0.0000,966.0620,194.0920,136.3760,0.0000,0.0000,1523.2370
30,1,2,1,62.0920,164.1170,0.0000,1041.2130,219.1320,144.2030,0.0000,0.0000,1630.7570
31,1,2,1,64.1110,172.3200,0.0000,973.8330,202.2090,137.7230,0.0000,0.0000,1550.1960
32,1,2,1,63.4280,167.8770,0.0000,968.7690,196.6770,135.6000,0.0000,0.0000,1532.3510
33,1,2,1,60.9660,165.7360,0.0000,968.2520,195.0090,134.9850,0.0000,0.0000,1524.9480
34,0,2,0,59.8890,163.1760,0.0000,970.3930,194.7140,134.7810,0.0000,0.0000,1522.9530
35,1,2,1,61.4770,165.2620,0.0000,968.5540,193.8150,134.7380,0.0000,0.0000,1523.8460
36,0,2,0,61.4030,167.6800,0.0000,967.6060,249.7660,143.1500,0.0000,0.0000,1589.6050
37,1,2,1,63.8710,174.9100,0.0000,972.7940,200.2830,136.7630,0.0000,0.0000,1548.6210
38,1,2,1,63.1690,167.4700,0.0000,970.0670,193.4890,136.4370,0.0000,0.0000,1530.6320
39,1,2,1,62.4800,167.9080,0.0000,967.8280,194.6640,133.5700,0.0000,0.0000,1526.4500
40,0,2,0,60.5170,165.4460,0.0000,968.1420,194.7510,133.5270,0.0000,0.0000,1522.3830
41,1,2,1,62.2830,166.7570,0.0000,970.6640,191.3480,133.7910,0.0000,0.0000,1524.8430
42,1,2,1,61.5690,165.0400,0.0000,965.4890,195.9750,146.8800,0.0000,0.0000,1534.9530
43,0,2,0,63.3790,175.1870,0.0000,970.6340,200.1410,137.5140,0.0000,0.0000,1546.8550
44,1,2,1,62.9040,169.3480,0.0000,969.8830,198.0240,136.0620,0.0000,0.0000,1536.2210
45,1,2,1,61.3970,165.7530,0.0000,966.1540,195.2250,135.1140,0.0000,0.0000,1523.6430
46,1,2,1,61.5700,165.2370,0.0000,972.2710,193.3360,133.9930,0.0000,0.0000,1526.4070
47,1,2,1,62.2710,165.8580,0.0000,966.1350,195.5070,134.4930,0.0000,0.0000,1524.2640
48,1,2,1,61.8700,163.4280,0.0000,968.8800,191.7910,136.0560,0.0000,0.0000,1522.0250
49,1,2,1,78.9100,192.6280,0.0000,979.6620,210.8190,150.3690,0.0000,0.0000,1612.3880
50,1,2,1,65.3360,173.7720,0.0000,972.8000,197.8400,138.7010,0.0000,0.0000,1548.4490
51,1,2,1,62.7930,169.9080,0.0000,967.9010,196.6770,135.6180,0.0000,0.0000,1532.8970
52,1,2,1,62.0560,165.8830,0.0000,965.0770,195.8890,135.2800,0.0000,0.0000,1524.1850
53,1,2,1,61.6740,164.8430,0.0000,962.5290,193.4770,136.0370,0.0000,0.0000,1518.5600
54,1,2,1,64.3570,165.8340,0.0000,966.2090,195.5870,134.9670,0.0000,0.0000,1526.9540
55,1,2,1,125.0650,179.6430,0.0000,972.3200,200.9040,139.7780,0.0000,0.0000,1617.7100
56,1,2,1,63.2920,169.8460,0.0000,973.0830,195.7850,135.6980,0.0000,0.0000,1537.7040
57,0,2,0,61.1510,164.8610,0.0000,967.3660,193.8280,135.5390,0.0000,0.0000,1522.7450
58,1,2,1,61.4160,167.2860,0.0000,968.5730,192.7130,135.7910,0.0000,0.0000,1525.7790
59,1,2,1,60.8800,164.3500,0.0000,971.4830,194.4180,133.9940,0.0000,0.0000,1525.1250
60,1,2,1,62.2340,166.2340,0.0000,967.2550,194.5900,135.0280,0.0000,0.0000,1525.3410
61,0,2,0,61.7230,212.7270,0.0000,973.3170,200.7810,137.1020,0.0000,0.0000,1585.6500
62,1,2,1,64.7200,166.4800,0.0000,968.3510,194.0670,136.7930,0.0000,0.0000,1530.4110
63,0,2,0,62.5910,163.7790,0.0000,969.6240,193.9510,135.5760,0.0000,0.0000,1525.5210
64,1,2,1,61.3110,165.4460,0.0000,965.0210,194.4060,134.4990,0.0000,0.0000,1520.6830
65,0,2,0,63.2310,166.1300,0.0000,965.8400,193.5630,135.3600,0.0000,0.0000,1524.1240
66,1,2,1,61.9390,164.6700,0.0000,970.7450,192.7440,134.1910,0.0000,0.0000,1524.2890
67,0,2,0,61.2250,165.6070,0.0000,970.2210,202.1290,138.5660,0.0000,0.0000,1537.7480
68,1,2,1,61.0400,167.1070,0.0000,966.2280,195.1630,136.4920,0.0000,0.0000,1526.0300
69,1,2,1,60.0430,166.7140,0.0000,970.9110,194.6830,135.0590,0.0000,0.0000,1527.4100
70,1,2,1,64.2710,165.4900,0.0000,965.7600,193.4090,135.8900,0.0000,0.0000,1524.8200
71,1,2,1,61.9450,164.6220,0.0000,966.4560,193.4280,134.8250,0.0000,0.0000,1521.2760
72,1,2,1,62.9350,163.0710,0.0000,968.1600,194.0860,135.7110,0.0000,0.0000,1523.9630
73,1,2,0,60.9240,165.1870,0.0000,963.4830,202.8310,136.2710,0.0000,0.0000,1528.6960
74,1,2,1,61.6180,166.7630,0.0000,970.3320,196.1480,135.1320,0.0000,0.0000,1529.9930
75,1,2,1,61.3050,166.5720,0.0000,969.7970,193.3850,135.9020,0.0000,0.0000,1526.9610
76,0,2,0,62.3750,164.3940,0.0000,971.6800,193.3660,134.8310,0.0000,0.0000,1526.6460
77,1,2,1,61.7420,167.1140,0.0000,969.8760,192.2580,133.7530,0.0000,0.0000,1524.7430
78,1,2,1,62.4550,165.3170,0.0000,968.5910,193.2560,137.2620,0.0000,0.0000,1526.8810
79,1,2,1,63.6000,164.9290,0.0000,975.3720,200.5170,135.9010,0.0000,0.0000,1540.3190
80,0,2,0,60.2520,167.9390,0.0000,972.7380,195.0650,135.6240,0.0000,0.0000,1531.6180
81,0,2,0,62.8670,165.2490,0.0000,967.5690,192.2580,133.5690,0.0000,0.0000,1521.5120
82,1,2,1,62.1910,165.2800,0.0000,967.5630,195.5630,132.9840,0.0000,0.0000,1523.5810
83,1,2,1,60.2830,162.4120,0.0000,970.1840,194.7260,134.9530,0.0000,0.0000,1522.5580
84,1,2,1,60.8740,166.4440,0.0000,968.0620,193.0030,133.9130,0.0000,0.0000,1522.2960
85,1,2,1,60.7930,166.8070,0.0000,964.4990,207.8590,140.0370,0.0000,0.0000,1539.9950
86,0,2,1,63.3170,169.5450,0.0000,969.6430,198.6640,137.2980,0.0000,0.0000,1538.4670
87,1,2,1,62.4310,166.0000,0.0000,970.3570,194.8550,136.3260,0.0000,0.0000,1529.9690
88,1,2,0,62.9970,165.4220,0.0000,964.2340,192.8870,135.0890,0.0000,0.0000,1520.6290
89,1,2,1,61.3170,166.6220,0.0000,969.7170,195.2800,133.2800,0.0000,0.0000,1526.2160
90,1,2,1,61.5510,165.9880,0.0000,966.9530,193.9880,134.5780,0.0000,0.0000,1523.0580
91,1,2,0,62.6460,163.9940,0.0000,968.2400,240.1780,137.7040,0.0000,0.0000,1572.7620
92,1,2,1,62.4000,168.5720,0.0000,964.3260,195.7660,135.3910,0.0000,0.0000,1526.4550
93,1,2,1,61.0590,165.0830,0.0000,968.5780,194.4300,134.6030,0.0000,0.0000,1523.7530
94,1,2,1,62.2770,163.8100,0.0000,968.1480,195.6000,133.8950,0.0000,0.0000,1523.7300
95,1,2,1,61.1450,165.4340,0.0000,965.5810,195.7720,134.8740,0.0000,0.0000,1522.8060
96,1,2,1,61.2740,165.2980,0.0000,964.5600,192.3570,135.1440,0.0000,0.0000,1518.6330
97,1,2,1,62.2030,165.6740,0.0000,964.8920,192.8680,177.5820,0.0000,0.0000,1563.2190
98,1,2,1,62.5480,169.1380,0.0000,966.8060,193.9450,134.8560,0.0000,0.0000,1527.2930
99,1,2,1,61.2620,167.3780,0.0000,969.9070,196.3070,135.7970,0.0000,0.0000,1530.6510
100,1,2,1,62.6900,166.6470,0.0000,970.2280,194.4860,134.9050,0.0000,0.0000,1528.9560
101,1,2,1,61.3110,165.0770,0.0000,969.2370,193.6620,135.2370,0.0000,0.0000,1524.5240
102,1,2,1,61.0580,165.7780,0.0000,967.6060,194.0990,133.9200,0.0000,0.0000,1522.4610
103,1,2,1,61.0460,166.4860,0.0000,967.6130,193.3730,133.0030,0.0000,0.0000,1521.5210
104,1,2,0,102.3140,170.3690,0.0000,972.3940,196.8000,138.1600,0.0000,0.0000,1580.0370
105,1,2,1,63.4150,166.1230,0.0000,969.7110,194.8190,136.3020,0.0000,0.0000,1530.3700
106,1,2,0,63.8400,165.5690,0.0000,968.9290,193.8960,135.0150,0.0000,0.0000,1527.2490
107,1,2,0,61.9510,164.0310,0.0000,964.8370,191.8710,136.4370,0.0000,0.0000,1519.1270
108,1,2,1,61.9940,164.1470,0.0000,966.9910,194.9350,131.8830,0.0000,0.0000,1519.9500
109,1,2,1,60.8920,165.1270,0.0000,968.6400,194.4370,134.0670,0.0000,0.0000,1523.1630
110,0,2,0,61.0520,204.3080,0.0000,968.8370,201.1450,138.4430,0.0000,0.0000,1573.7850
111,1,2,1,62.2340,166.6210,0.0000,967.7410,194.6340,134.1840,0.0000,0.0000,1525.4140
112,1,2,1,61.8890,165.3350,0.0000,968.1290,194.5790,135.6870,0.0000,0.0000,1525.6190
113,1,2,1,61.0830,165.6490,0.0000,967.0340,192.2710,135.6740,0.0000,0.0000,1521.7110
114,1,2,1,61.6370,164.6400,0.0000,966.3510,191.3040,136.4120,0.0000,0.0000,1520.3440
115,1,2,1,60.4490,163.9080,0.0000,969.3660,194.1840,134.0490,0.0000,0.0000,1521.9560
116,1,2,1,61.3910,167.8830,0.0000,973.2370,208.3820,138.9850,0.0000,0.0000,1549.8780
117,0,2,0,61.7600,169.6130,0.0000,969.2980,198.4990,135.1880,0.0000,0.0000,1534.3580
118,1,2,1,61.7230,164.7450,0.0000,973.0840,195.2430,137.0210,0.0000,0.0000,1531.8160
119,1,2,1,61.0090,166.0240,0.0000,967.8590,192.8490,135.4460,0.0000,0.0000,1523.1870
120,1,2,1,62.9050,165.4520,0.0000,968.1300,194.1170,133.1200,0.0000,0.0000,1523.7240
121,1,2,1,61.9750,165.3540,0.0000,966.3690,193.5880,134.5660,0.0000,0.0000,1521.8520
122,1,2,1,62.4860,164.1910,0.0000,974.4310,204.1230,138.8920,0.0000,0.0000,1544.1230
123,1,2,1,61.4840,169.6860,0.0000,968.8860,195.9320,136.0370,0.0000,0.0000,1532.0250
124,0,2,0,62.4370,167.5390,0.0000,966.1780,193.1380,135.5140,0.0000,0.0000,1524.8060
125,1,2,1,62.4610,166.2890,0.0000,966.8180,195.7600,135.8710,0.0000,0.0000,1527.1990
126,1,2,1,62.2770,164.7630,0.0000,969.8030,194.7440,135.2430,0.0000,0.0000,1526.8300
127,1,2,1,61.7600,165.1510,0.0000,969.0460,194.4430,135.0890,0.0000,0.0000,1525.4890
128,1,2,1,61.5690,165.0710,0.0000,971.6180,201.7720,135.5940,0.0000,0.0000,1535.6240
129,0,2,1,61.3720,166.8310,0.0000,965.9450,195.0030,134.8930,0.0000,0.0000,1524.0440
130,0,2,0,61.6240,166.9530,0.0000,971.8160,196.2700,133.5390,0.0000,0.0000,1530.2020
131,1,2,1,60.9910,166.7630,0.0000,967.3850,193.6620,134.4800,0.0000,0.0000,1523.2810
132,1,2,1,62.3380,163.9390,0.0000,965.4640,193.6490,135.0340,0.0000,0.0000,1520.4240
133,1,2,1,61.1450,165.2680,0.0000,967.9200,193.4960,134.4620,0.0000,0.0000,1522.2910
134,0,2,0,63.1630,164.4000,0.0000,969.0160,200.3010,136.8980,0.0000,0.0000,1533.7780
135,1,2,1,63.1690,166.3200,0.0000,968.4250,194.0310,136.0250,0.0000,0.0000,1527.9700
136,1,2,1,62.8370,166.9530,0.0000,971.3850,196.0620,134.7820,0.0000,0.0000,1532.0190
137,1,2,1,60.3450,165.0270,0.0000,969.7540,193.6000,134.5850,0.0000,0.0000,1523.3110
138,0,2,0,62.3570,164.9420,0.0000,968.6890,193.0530,134.2100,0.0000,0.0000,1523.2510
139,1,2,1,61.4520,164.6890,0.0000,964.3870,192.3510,133.1760,0.0000,0.0000,1516.0550
140,0,2,0,62.1050,165.2190,0.0000,966.4190,251.6130,137.7290,0.0000,0.0000,1583.0850
141,1,2,1,62.5850,168.0680,0.0000,974.1040,194.1100,134.9720,0.0000,0.0000,1533.8390
142,1,2,1,60.7880,164.5480,0.0000,967.2370,194.0930,135.7540,0.0000,0.0000,1522.4200
143,1,2,1,59.9140,165.0400,0.0000,967.2550,195.8030,134.9240,0.0000,0.0000,1522.9360
144,1,2,1,61.1140,166.2270,0.0000,966.6520,192.9850,136.7330,0.0000,0.0000,1523.7110
145,1,2,1,61.1880,164.9410,0.0000,964.9230,197.2990,134.0430,0.0000,0.0000,1522.3940
146,1,2,1,62.0860,164.0180,0.0000,968.3700,195.6310,185.9260,0.0000,0.0000,1576.0310
147,1,2,1,63.5260,171.9750,0.0000,968.5230,196.7440,136.4250,0.0000,0.0000,1537.1930
148,1,2,1,62.8860,167.0650,0.0000,965.6680,196.3380,138.1720,0.0000,0.0000,1530.1290
149,1,2,1,61.2620,165.3350,0.0000,970.2830,193.7410,134.3750,0.0000,0.0000,1524.9960
150,1,2,1,62.2400,165.5880,0.0000,971.4770,192.0740,134.3500,0.0000,0.0000,1525.7290
151,1,2,1,61.4340,163.0580,0.0000,967.3970,196.3570,134.2160,0.0000,0.0000,1522.4620
152,1,2,1,64.4060,165.3970,0.0000,968.2900,195.3290,135.1510,0.0000,0.0000,1528.5730
153,1,2,1,73.3790,178.6950,0.0000,967.4890,202.3510,143.9140,0.0000,0.0000,1565.8280
154,1,2,1,63.1070,169.0340,0.0000,975.3540,196.4800,135.5380,0.0000,0.0000,1539.5130
155,1,2,1,61.8150,167.0590,0.0000,965.8710,194.7940,133.2370,0.0000,0.0000,1522.7760
156,1,2,1,62.4000,167.5140,0.0000,967.6370,196.4980,137.7350,0.0000,0.0000,1531.7840
157,1,2,1,62.1720,165.4830,0.0000,969.5450,193.2490,132.6100,0.0000,0.0000,1523.0590
158,0,2,0,61.8030,163.4160,0.0000,969.2490,193.1810,137.1630,0.0000,0.0000,1524.8120
159,1,2,1,61.0030,223.5080,0.0000,970.1230,199.5500,140.5600,0.0000,0.0000,1594.7440
160,1,2,1,64.8190,167.5010,0.0000,966.8490,195.4770,135.6800,0.0000,0.0000,1530.3260
161,1,2,0,62.4060,165.7910,0.0000,969.0960,192.0430,136.8860,0.0000,0.0000,1526.2220
162,1,2,1,63.5140,166.2400,0.0000,968.9540,192.9170,134.3500,0.0000,0.0000,1525.9750
163,1,2,1,59.9810,163.6620,0.0000,966.0000,194.1540,133.9200,0.0000,0.0000,1517.7170
164,0,2,0,62.7020,164.7880,0.0000,968.6890,193.8520,134.6460,0.0000,0.0000,1524.6770
165,0,2,0,62.6090,166.2220,0.0000,964.4860,201.5020,136.8800,0.0000,0.0000,1531.6990
166,1,2,1,59.8950,168.2950,0.0000,964.3940,193.2430,138.4800,0.0000,0.0000,1524.3070
167,0,2,0,61.1570,166.0300,0.0000,970.4000,194.2030,133.3850,0.0000,0.0000,1525.1750
168,1,2,1,61.8150,164.3810,0.0000,969.8890,194.3330,132.8560,0.0000,0.0000,1523.2740
169,0,2,0,61.5570,165.9940,0.0000,966.8920,193.0960,133.5570,0.0000,0.0000,1521.0960
170,0,2,1,62.8860,165.9260,0.0000,962.5290,195.1570,134.3260,0.0000,0.0000,1520.8240
171,1,2,1,61.5640,162.5480,0.0000,960.4860,202.1170,137.5260,0.0000,0.0000,1524.2410
172,1,2,1,60.8920,166.6650,0.0000,971.3850,195.1940,136.0130,0.0000,0.0000,1530.1490
173,1,2,1,61.8030,165.1570,0.0000,967.6800,194.3570,135.5020,0.0000,0.0000,1524.4990
174,1,2,1,60.2160,165.3540,0.0000,966.0250,191.3660,134.9350,0.0000,0.0000,1517.8960
175,1,2,1,61.9940,164.0430,0.0000,967.3600,193.7040,135.1200,0.0000,0.0000,1522.2210
176,0,2,0,61.1320,164.4120,0.0000,966.0800,193.8400,136.3260,0.0000,0.0000,1521.7900
177,1,2,1,63.3600,164.4240,0.0000,969.9700,205.5750,139.6980,0.0000,0.0000,1543.0270
178,1,2,1,63.7660,168.2520,0.0000,969.3660,196.5230,138.8560,0.0000,0.0000,1536.7630
179,1,2,1,62.3940,166.0870,0.0000,966.5480,195.4160,135.9630,0.0000,0.0000,1526.4080
180,1,2,1,63.2430,162.9780,0.0000,966.8670,194.7010,133.5260,0.0000,0.0000,1521.3150
181,1,2,1,61.2560,163.6670,0.0000,964.3200,243.0160,157.5010,0.0000,0.0000,1589.7600
182,1,2,1,68.1600,180.6340,0.0000,971.0030,205.6680,142.5540,0.0000,0.0000,1568.0190
183,1,2,1,65.6860,169.3170,0.0000,967.8590,207.2670,139.8830,0.0000,0.0000,1550.0120
184,1,2,1,62.9040,172.0370,0.0000,971.7230,198.5170,139.4280,0.0000,0.0000,1544.6090
185,1,2,1,61.3040,166.9350,0.0000,969.3970,195.8210,135.6680,0.0000,0.0000,1529.1250
186,1,2,1,64.2340,165.0280,0.0000,968.6030,193.9640,136.6590,0.0000,0.0000,1528.4880
187,0,2,1,61.0950,164.7440,0.0000,964.2340,195.3360,135.5260,0.0000,0.0000,1520.9350
188,1,2,1,62.2090,166.6280,0.0000,970.6960,193.4460,135.0830,0.0000,0.0000,1528.0620
189,1,2,1,61.9260,165.4580,0.0000,961.8840,203.2560,138.7750,0.0000,0.0000,1531.2990
190,0,2,0,61.6860,166.6340,0.0000,971.0520,192.9170,134.2770,0.0000,0.0000,1526.5660
191,1,2,1,62.0430,166.1300,0.0000,965.9390,194.3440,133.7910,0.0000,0.0000,1522.2470
192,1,2,1,61.8840,164.4740,0.0000,966.2460,191.5940,134.0430,0.0000,0.0000,1518.2410
193,1,2,1,61.2990,162.9540,0.0000,967.0030,194.0060,136.1100,0.0000,0.0000,1521.3720
194,1,2,1,62.9230,164.5170,0.0000,968.8250,193.7290,134.6400,0.0000,0.0000,1524.6340
195,1,2,1,61.0220,164.9350,0.0000,969.5010,258.2400,137.9510,0.0000,0.0000,1591.6490
196,0,2,0,63.2310,170.4730,0.0000,972.4360,194.2460,137.5500,0.0000,0.0000,1537.9360
197,1,2,1,62.2770,165.4900,0.0000,971.1020,197.1820,135.7850,0.0000,0.0000,1531.8360
198,1,2,1,61.4220,166.1300,0.0000,964.0560,194.4120,137.4520,0.0000,0.0000,1523.4720
199,1,2,1,61.3470,164.9350,0.0000,970.1660,193.4030,135.4590,0.0000,0.0000,1525.3100
200,0,2,0,62.6520,164.6890,0.0000,965.9690,193.0030,135.7600,0.0000,0.0000,1522.0730
201,1,2,1,60.8500,165.1380,0.0000,970.5290,194.4310,176.2460,0.0000,0.0000,1567.1940
202,1,2,1,62.2090,171.3660,0.0000,965.7350,195.1820,136.7940,0.0000,0.0000,1531.2860
203,1,2,1,61.4640,167.9880,0.0000,965.2000,193.6250,136.0800,0.0000,0.0000,1524.3570
204,1,2,1,61.9020,164.3630,0.0000,969.0890,194.8740,134.3450,0.0000,0.0000,1524.5730
205,1,2,1,60.7080,164.8920,0.0000,966.0860,195.2560,134.6030,0.0000,0.0000,1521.5450
206,1,2,1,61.2740,165.9020,0.0000,969.7480,192.5970,134.7870,0.0000,0.0000,1524.3080
207,1,2,1,60.9600,164.8730,0.0000,966.8980,194.6640,136.2340,0.0000,0.0000,1523.6290
208,1,2,1,115.3420,178.8620,0.0000,970.7690,200.4800,139.1200,0.0000,0.0000,1604.5730
209,0,2,0,62.2100,168.6150,0.0000,968.4920,197.7420,136.3510,0.0000,0.0000,1533.4100
210,1,2,1,61.6560,167.0210,0.0000,969.0520,193.8400,136.3200,0.0000,0.0000,1527.8890
211,1,2,1,62.3010,165.7230,0.0000,967.6190,193.0650,137.4830,0.0000,0.0000,1526.1910
212,1,2,1,61.1510,164.1970,0.0000,969.4210,193.6920,133.7110,0.0000,0.0000,1522.1720
213,0,2,0,61.7290,164.4800,0.0000,968.4120,194.1290,134.0740,0.0000,0.0000,1522.8240
214,1,2,1,62.3810,206.9230,0.0000,971.0090,199.3420,137.3110,0.0000,0.0000,1576.9660
215,0,2,0,63.1760,166.1050,0.0000,969.0400,194.8670,136.4500,0.0000,0.0000,1529.6380
216,1,2,1,61.2800,167.0830,0.0000,967.1690,193.5510,135.6430,0.0000,0.0000,1524.7260
217,1,2,1,62.0860,164.9540,0.0000,967.0210,193.0460,135.9750,0.0000,0.0000,1523.0820
218,0,2,0,61.1880,164.5660,0.0000,973.0090,194.4920,133.4950,0.0000,0.0000,1526.7500
219,1,2,1,61.7110,165.7910,0.0000,967.4830,193.7350,135.1820,0.0000,0.0000,1523.9020
220,1,2,1,62.1230,166.1480,0.0000,970.4120,203.6860,138.0370,0.0000,0.0000,1540.4060
221,1,2,1,62.8130,167.0210,0.0000,968.9350,194.6400,136.7080,0.0000,0.0000,1530.1170
222,1,2,1,60.4920,167.6490,0.0000,969.9020,192.4430,134.1840,0.0000,0.0000,1524.6700
223,1,2,1,61.4650,165.7840,0.0000,965.6860,196.0610,135.6500,0.0000,0.0000,1524.6460
224,0,2,0,62.7020,163.0340,0.0000,964.9420,193.1260,135.1140,0.0000,0.0000,1518.9180
225,1,2,1,61.7170,167.6370,0.0000,966.6960,193.5140,136.1350,0.0000,0.0000,1525.6990
226,0,2,0,62.0180,165.2120,0.0000,975.7910,201.9630,138.3140,0.0000,0.0000,1543.2980
227,1,2,1,62.5050,167.9810,0.0000,968.5540,196.3880,137.0520,0.0000,0.0000,1532.4800
228,1,2,1,61.3730,166.5540,0.0000,968.8430,195.9140,135.8340,0.0000,0.0000,1528.5180
229,1,2,1,62.1410,166.6040,0.0000,966.7570,195.2060,134.3390,0.0000,0.0000,1525.0470
230,1,2,1,62.7820,164.3140,0.0000,968.3630,196.1040,133.9450,0.0000,0.0000,1525.5080
231,1,2,1,61.7230,164.4740,0.0000,969.6310,196.3700,134.8680,0.0000,0.0000,1527.0660
232,1,2,1,62.1170,164.9910,0.0000,963.4090,204.1670,137.3540,0.0000,0.0000,1532.0380
233,1,2,1,63.8650,169.9140,0.0000,971.6250,195.8090,137.2060,0.0000,0.0000,1538.4190
234,1,2,0,63.4770,166.6030,0.0000,967.6360,193.6370,135.2980,0.0000,0.0000,1526.6510
235,1,2,1,62.3140,164.3260,0.0000,967.5260,194.3880,135.9260,0.0000,0.0000,1524.4800
236,1,2,1,63.6120,164.5410,0.0000,970.6640,193.0270,134.2030,0.0000,0.0000,1526.0470
237,1,2,1,60.0490,167.5080,0.0000,965.3850,194.8430,133.2740,0.0000,0.0000,1521.0590
238,1,2,1,60.8360,164.3080,0.0000,966.8190,206.7700,140.3390,0.0000,0.0000,1539.0720
239,1,2,1,63.8460,168.7380,0.0000,973.0280,200.1540,135.1810,0.0000,0.0000,1540.9470
240,1,2,1,61.5260,166.1720,0.0000,969.1130,196.1410,136.3510,0.0000,0.0000,1529.3030
241,1,2,1,62.2520,164.3200,0.0000,970.1900,194.1720,133.6620,0.0000,0.0000,1524.5960
242,1,2,1,61.1760,163.4400,0.0000,968.5720,193.8580,134.8560,0.0000,0.0000,1521.9020
243,1,2,1,62.2710,163.3970,0.0000,966.3870,192.8180,135.2920,0.0000,0.0000,1520.1650
244,1,2,1,59.7290,165.3970,0.0000,965.8640,241.4640,138.7880,0.0000,0.0000,1571.2420
245,1,2,1,62.9780,167.9010,0.0000,969.4840,194.8610,134.6950,0.0000,0.0000,1529.9190
246,1,2,1,62.5420,167.1140,0.0000,967.8470,193.8030,136.6460,0.0000,0.0000,1527.9520
247,0,2,0,61.7480,165.7350,0.0000,965.5010,194.3510,134.9850,0.0000,0.0000,1522.3200
248,1,2,1,60.9300,164.1600,0.0000,966.9660,194.7390,135.6560,0.0000,0.0000,1522.4510
249,1,2,1,63.0890,164.0180,0.0000,967.5270,193.4090,136.7200,0.0000,0.0000,1524.7630
250,1,2,1,61.4950,167.1570,0.0000,971.0210,193.8090,144.4310,0.0000,0.0000,1537.9130
251,1,2,1,62.6640,168.5050,0.0000,971.1750,198.0920,137.5140,0.0000,0.0000,1537.9500
252,1,2,1,63.1630,166.0680,0.0000,971.1320,193.1500,133.6550,0.0000,0.0000,1527.1680
253,1,2,1,62.0180,165.6680,0.0000,965.3530,194.5970,134.7880,0.0000,0.0000,1522.4240
254,1,2,1,62.7380,166.1110,0.0000,966.7020,193.0950,135.5200,0.0000,0.0000,1524.1660
255,1,2,1,61.6240,166.0550,0.0000,965.7300,195.2560,133.1390,0.0000,0.0000,1521.8040
256,1,2,1,62.3750,166.9170,0.0000,965.5320,194.9360,133.7360,0.0000,0.0000,1523.4960
257,1,2,1,71.5880,170.2340,0.0000,969.3910,197.7480,136.8620,0.0000,0.0000,1545.8230
258,1,2,1,63.3910,168.9780,0.0000,967.9380,196.5420,135.1330,0.0000,0.0000,1531.9820
259,0,2,0,61.1750,163.3850,0.0000,967.4090,193.3970,133.6490,0.0000,0.0000,1519.0150
260,0,2,0,61.7290,166.1910,0.0000,968.0310,194.0490,134.1840,0.0000,0.0000,1524.1840
261,1,2,1,61.6980,164.9230,0.0000,968.5850,191.9760,135.0890,0.0000,0.0000,1522.2710
262,1,2,1,61.4150,164.4130,0.0000,963.1570,193.2680,133.2610,0.0000,0.0000,1515.5140
263,1,2,1,62.4370,207.6060,0.0000,969.4040,199.3050,135.1570,0.0000,0.0000,1573.9090
264,1,2,1,62.0490,166.2650,0.0000,966.7380,196.0500,136.0250,0.0000,0.0000,1527.1270
265,1,2,1,62.4060,166.4070,0.0000,967.8160,193.2060,134.9110,0.0000,0.0000,1524.7460
266,1,2,1,61.8770,165.6430,0.0000,969.9260,191.1020,134.2030,0.0000,0.0000,1522.7510
267,1,2,1,61.3420,163.4160,0.0000,966.4310,192.4250,134.8560,0.0000,0.0000,1518.4700
268,1,2,1,61.9140,163.2980,0.0000,970.6400,193.2180,135.2990,0.0000,0.0000,1524.3690
269,1,2,1,61.8950,164.4060,0.0000,964.5540,210.2900,138.6040,0.0000,0.0000,1539.7490
270,1,2,1,64.1290,168.8240,0.0000,969.3290,197.7230,137.8770,0.0000,0.0000,1537.8820
271,1,2,1,62.0370,164.3200,0.0000,967.8150,194.3870,135.3170,0.0000,0.0000,1523.8760
272,1,2,1,61.1820,165.7720,0.0000,965.9140,193.5320,133.7290,0.0000,0.0000,1520.1290
273,1,2,1,63.0710,163.1750,0.0000,964.8730,194.0130,135.8580,0.0000,0.0000,1520.9900
274,1,2,1,61.1080,164.6890,0.0000,968.2220,194.8930,135.5080,0.0000,0.0000,1524.4200
275,0,2,0,61.1570,163.6070,0.0000,962.3320,202.2210,137.6240,0.0000,0.0000,1526.9410
276,1,2,1,62.6890,168.8680,0.0000,969.8280,194.8860,136.4310,0.0000,0.0000,1532.7020
277,1,2,1,61.5130,165.0640,0.0000,968.6950,195.1020,134.6580,0.0000,0.0000,1525.0320
278,0,2,0,60.6580,164.1230,0.0000,971.3850,195.1450,134.5910,0.0000,0.0000,1525.9020
279,1,2,1,61.4890,164.1410,0.0000,967.5760,193.3470,135.5200,0.0000,0.0000,1522.0730
280,1,2,0,61.9260,163.2370,0.0000,968.3930,191.2430,134.5350,0.0000,0.0000,1519.3340
281,1,2,1,61.9630,163.9510,0.0000,974.2460,203.0220,140.5040,0.0000,0.0000,1543.6860
282,1,2,1,60.8680,167.8950,0.0000,967.4330,195.8640,136.1600,0.0000,0.0000,1528.2200
283,1,2,1,62.1910,164.9540,0.0000,968.9040,196.2400,136.3630,0.0000,0.0000,1528.6520
284,1,2,1,60.9780,165.8280,0.0000,967.7600,195.1560,133.5820,0.0000,0.0000,1523.3040
285,1,2,1,60.8310,165.9880,0.0000,971.5200,193.5570,134.1850,0.0000,0.0000,1526.0810
286,1,2,1,62.2280,162.0060,0.0000,968.6100,193.3350,136.8680,0.0000,0.0000,1523.0470
287,1,2,1,62.0490,163.2680,0.0000,974.0680,200.1110,137.1010,0.0000,0.0000,1536.5970
288,0,2,0,62.6950,168.9230,0.0000,968.8130,196.7630,137.0640,0.0000,0.0000,1534.2580
289,1,2,1,62.4860,164.2150,0.0000,966.3320,193.5140,133.2250,0.0000,0.0000,1519.7720
290,1,2,1,63.1690,166.2950,0.0000,966.9110,194.4070,136.2830,0.0000,0.0000,1527.0650
291,1,2,1,61.4460,164.0800,0.0000,967.6120,193.0150,134.5780,0.0000,0.0000,1520.7310
292,1,2,1,60.9540,164.1410,0.0000,964.7320,193.1270,136.5900,0.0000,0.0000,1519.5440
293,1,2,1,62.3320,163.4340,0.0000,968.2950,202.9420,136.9410,0.0000,0.0000,1533.9440
294,1,2,1,63.7110,167.5700,0.0000,966.7510,194.3570,133.6990,0.0000,0.0000,1526.0880
295,1,2,1,62.6900,165.8030,0.0000,967.3420,193.7110,136.0190,0.0000,0.0000,1525.5650
296,1,2,1,62.0680,164.2400,0.0000,972.1110,194.7070,134.3260,0.0000,0.0000,1527.4520
297,1,2,1,61.6310,165.8890,0.0000,967.2310,194.7700,132.7270,0.0000,0.0000,1522.2480
298,1,2,1,62.6830,164.7320,0.0000,965.5080,192.3260,134.4190,0.0000,0.0000,1519.6680
299,0,2,0,61.0030,163.4400,0.0000,969.9880,241.2620,141.8580,0.0000,0.0000,1577.5510
300,1,2,1,63.4950,170.1230,0.0000,969.6430,197.8150,137.0340,0.0000,0.0000,1538.1100
301,1,2,1,62.7260,164.6090,0.0000,968.0980,195.5870,137.2730,0.0000,0.0000,1528.2930
302,1,2,1,62.1350,164.8800,0.0000,969.5880,192.7630,134.1350,0.0000,0.0000,1523.5010
303,1,2,1,61.6240,163.8830,0.0000,968.4190,195.3970,134.6830,0.0000,0.0000,1524.0060
304,1,2,1,64.5480,164.1050,0.0000,967.2800,193.7360,134.5350,0.0000,0.0000,1524.2040
305,1,2,1,61.2310,163.6930,0.0000,965.1080,194.8490,133.8890,0.0000,0.0000,1518.7700
306,1,2,1,67.5200,170.4310,0.0000,970.7200,197.1010,137.9200,0.0000,0.0000,1543.6920
307,1,2,1,62.9350,166.1230,0.0000,965.3230,196.9780,136.3570,0.0000,0.0000,1527.7160
308,1,2,1,61.3110,165.4710,0.0000,968.9230,195.0340,136.2710,0.0000,0.0000,1527.0100
309,1,2,1,62.4000,164.8740,0.0000,967.7840,193.5930,135.2370,0.0000,0.0000,1523.8880
310,1,2,0,61.7720,166.1350,0.0000,966.3880,193.3170,135.0640,0.0000,0.0000,1522.6760
311,1,2,1,61.8470,164.7940,0.0000,968.9480,193.9870,135.4280,0.0000,0.0000,1525.0040
312,1,2,1,63.1690,203.3600,0.0000,971.5380,199.7050,138.9720,0.0000,0.0000,1576.7440
313,1,2,1,63.7420,168.0980,0.0000,970.0250,194.7810,134.4980,0.0000,0.0000,1531.1440
314,1,2,1,61.2370,165.1260,0.0000,968.6210,194.2100,134.6280,0.0000,0.0000,1523.8220
315,1,2,1,61.2980,166.3510,0.0000,968.2330,194.8370,136.3940,0.0000,0.0000,1527.1130
316,1,2,1,60.9720,167.0400,0.0000,971.7660,194.4990,132.7380,0.0000,0.0000,1527.0150
317,1,2,0,60.0680,165.8840,0.0000,967.0530,193.8710,135.3050,0.0000,0.0000,1522.1810
318,1,2,1,61.9570,163.1010,0.0000,964.6830,200.9790,137.1690,0.0000,0.0000,1527.8890
319,0,2,0,63.2430,166.8430,0.0000,972.2710,195.3420,136.1040,0.0000,0.0000,1533.8030
320,1,2,1,62.5290,165.5320,0.0000,971.9380,194.2270,133.5200,0.0000,0.0000,1527.7460
321,1,2,1,61.8770,164.5410,0.0000,966.7880,195.5510,136.2770,0.0000,0.0000,1525.0340
322,1,2,1,62.1240,165.3050,0.0000,964.6830,195.9760,135.9570,0.0000,0.0000,1524.0450
323,1,2,1,61.3110,165.3050,0.0000,966.0130,195.4150,134.1350,0.0000,0.0000,1522.1790
324,1,2,1,60.9600,164.0610,0.0000,972.0000,202.4740,135.9510,0.0000,0.0000,1535.4460
325,1,2,1,63.4530,168.1050,0.0000,964.9170,193.5630,134.8680,0.0000,0.0000,1524.9060
326,1,2,1,64.0490,165.5010,0.0000,968.0560,194.2650,135.2860,0.0000,0.0000,1527.1570
327,1,2,1,61.8460,165.3600,0.0000,967.0470,194.3630,135.9320,0.0000,0.0000,1524.5480
328,1,2,1,61.4340,164.9970,0.0000,969.4770,193.9880,135.2670,0.0000,0.0000,1525.1630
329,1,2,1,62.6210,165.3780,0.0000,966.8560,192.6280,133.7660,0.0000,0.0000,1521.2490
330,1,2,1,63.1200,164.1660,0.0000,975.1570,202.4740,136.1170,0.0000,0.0000,1541.0340
331,1,2,1,63.1260,167.4330,0.0000,969.4030,195.7970,133.6920,0.0000,0.0000,1529.4510
332,1,2,1,62.1350,164.5600,0.0000,964.8620,194.3880,134.0740,0.0000,0.0000,1520.0190
333,0,2,0,61.1260,166.2400,0.0000,967.8830,191.7480,135.2620,0.0000,0.0000,1522.2590
334,1,2,1,60.5790,164.8990,0.0000,963.7660,192.3690,133.8460,0.0000,0.0000,1515.4590
335,1,2,1,61.0710,166.4980,0.0000,971.5200,194.4430,134.5600,0.0000,0.0000,1528.0920
336,1,2,1,61.4280,163.6800,0.0000,971.2370,200.5290,134.4800,0.0000,0.0000,1531.3540
337,0,2,1,61.4270,168.9170,0.0000,969.7230,196.3510,136.4980,0.0000,0.0000,1532.9160
338,1,2,1,65.0340,167.0460,0.0000,968.4620,194.1780,136.4370,0.0000,0.0000,1531.1570
339,1,2,1,62.0120,167.2000,0.0000,969.6250,194.6160,134.5780,0.0000,0.0000,1528.0310
340,1,2,1,63.4890,163.3410,0.0000,965.3290,195.3100,134.2340,0.0000,0.0000,1521.7030
341,1,2,1,60.6150,163.2990,0.0000,964.0740,194.3510,134.4860,0.0000,0.0000,1516.8250
342,1,2,1,61.9380,165.1390,0.0000,1040.7820,206.2530,140.1540,0.0000,0.0000,1614.2660
343,1,2,1,63.1200,167.7170,0.0000,970.8370,198.4130,134.3690,0.0000,0.0000,1534.4560
344,1,2,1,61.7410,165.8580,0.0000,968.8430,196.5790,135.3350,0.0000,0.0000,1528.3560
345,1,2,1,61.7230,165.4960,0.0000,967.2980,193.6980,135.3160,0.0000,0.0000,1523.5310
346,1,2,1,63.4400,163.6000,0.0000,966.6890,194.6470,134.0620,0.0000,0.0000,1522.4380
347,1,2,1,61.4100,165.8950,0.0000,967.7360,195.0520,134.8550,0.0000,0.0000,1524.9480
348,1,2,1,63.1140,164.4490,0.0000,966.1850,237.9140,138.7510,0.0000,0.0000,1570.4130
349,1,2,1,63.9140,172.1780,0.0000,970.2700,196.5970,135.5630,0.0000,0.0000,1538.5220
350,1,2,1,61.8890,165.8460,0.0000,973.3960,193.4840,135.2920,0.0000,0.0000,1529.9070
351,1,2,0,62.2590,164.4610,0.0000,967.5260,193.8400,132.5410,0.0000,0.0000,1520.6270
352,1,2,1,61.8580,165.8400,0.0000,969.5320,194.3750,134.3570,0.0000,0.0000,1525.9620
353,1,2,1,61.4090,165.1940,0.0000,970.8920,192.7880,135.5200,0.0000,0.0000,1525.8030
354,1,2,1,62.8430,162.8490,0.0000,967.2000,194.4490,176.0920,0.0000,0.0000,1563.4330
355,0,2,0,62.8240,170.6160,0.0000,968.3690,197.4270,136.2150,0.0000,0.0000,1535.4510
356,1,2,1,61.8280,166.9300,0.0000,967.2180,195.2180,135.4210,0.0000,0.0000,1526.6150
357,1,2,1,62.4240,165.9810,0.0000,970.1780,194.1970,134.6270,0.0000,0.0000,1527.4070
358,1,2,1,62.2650,163.5820,0.0000,967.7360,194.6710,133.9140,0.0000,0.0000,1522.1680
359,1,2,1,62.1350,164.1360,0.0000,966.6460,193.7730,135.2060,0.0000,0.0000,1521.8960
360,1,2,1,62.2770,165.1870,0.0000,969.4220,194.4130,134.9730,0.0000,0.0000,1526.2720
361,1,2,1,60.8620,175.1690,0.0000,968.1600,197.1630,137.7050,0.0000,0.0000,1539.0590
362,1,2,1,63.8650,167.6490,0.0000,969.0710,194.7760,136.6280,0.0000,0.0000,1531.9890
363,1,2,1,62.4680,164.2890,0.0000,969.3350,195.0210,132.7260,0.0000,0.0000,1523.8390
364,0,2,0,62.4060,164.2700,0.0000,966.8860,192.8500,134.9790,0.0000,0.0000,1521.3910
365,1,2,1,61.2490,163.5500,0.0000,967.5140,192.0990,135.6670,0.0000,0.0000,1520.0790
366,1,2,1,61.4270,163.9690,0.0000,969.4950,195.7600,135.0210,0.0000,0.0000,1525.6720
367,1,2,1,62.8370,200.9470,0.0000,971.3910,201.3850,137.2740,0.0000,0.0000,1573.8340
368,1,2,1,62.7810,167.4890,0.0000,971.2000,195.6730,133.5080,0.0000,0.0000,1530.6510
369,1,2,1,62.3570,166.3570,0.0000,968.1900,195.1750,135.2680,0.0000,0.0000,1527.3470
370,1,2,1,63.9570,167.2000,0.0000,968.0860,194.4980,134.3380,0.0000,0.0000,1528.0790
371,1,2,1,62.6640,165.4280,0.0000,964.7870,191.9260,135.4400,0.0000,0.0000,1520.2450
372,1,2,1,60.9040,163.2870,0.0000,967.2000,193.0520,135.0580,0.0000,0.0000,1519.5010
373,1,2,1,61.4590,162.5910,0.0000,972.3320,201.1390,136.4730,0.0000,0.0000,1533.9940
374,1,2,1,62.3200,168.1170,0.0000,970.3200,196.9670,136.9110,0.0000,0.0000,1534.6350
375,1,2,1,61.2990,163.7660,0.0000,969.1570,194.4680,135.4900,0.0000,0.0000,1524.1800
376,1,2,1,61.6550,164.5900,0.0000,966.8980,192.7560,135.1080,0.0000,0.0000,1521.0070
377,1,2,1,60.3630,164.3140,0.0000,969.3660,193.9330,133.9570,0.0000,0.0000,1521.9330
378,1,2,1,64.3010,164.6090,0.0000,966.9660,194.1530,133.1200,0.0000,0.0000,1523.1490
379,1,2,1,61.4160,166.0120,0.0000,971.4090,204.9350,136.9110,0.0000,0.0000,1540.6830
380,1,2,1,61.5200,168.0440,0.0000,971.6120,194.8680,135.9690,0.0000,0.0000,1532.0130
381,0,2,0,62.1480,165.2610,0.0000,972.0190,193.9750,136.5910,0.0000,0.0000,1529.9940
382,1,2,1,61.6370,165.3110,0.0000,969.4400,194.7140,133.9390,0.0000,0.0000,1525.0410
383,1,2,1,61.4340,164.3080,0.0000,968.2150,193.4700,133.8830,0.0000,0.0000,1521.3100
384,1,2,1,62.2580,165.2310,0.0000,969.7290,194.5730,134.7630,0.0000,0.0000,1526.5540
385,0,2,0,61.6680,165.4090,0.0000,973.7230,201.1630,137.8220,0.0000,0.0000,1539.7850
386,1,2,1,63.1260,167.7420,0.0000,969.8890,197.6610,137.1320,0.0000,0.0000,1535.5500
387,1,2,1,61.9390,165.5390,0.0000,966.1840,193.5870,134.7630,0.0000,0.0000,1522.0120
388,1,2,1,61.4150,166.1720,0.0000,965.5570,195.9330,136.8120,0.0000,0.0000,1525.8890
389,1,2,1,60.8730,165.5140,0.0000,969.4210,195.1260,135.4650,0.0000,0.0000,1526.3990
390,1,2,1,61.7840,166.5720,0.0000,966.4920,193.6680,135.1200,0.0000,0.0000,1523.6360
391,1,2,1,61.9810,164.1470,0.0000,972.0860,200.9660,138.4240,0.0000,0.0000,1537.6040
392,1,2,0,62.2460,167.9500,0.0000,969.6310,195.2920,135.6920,0.0000,0.0000,1530.8110
393,1,2,1,61.5510,165.3050,0.0000,967.4760,194.9230,134.3200,0.0000,0.0000,1523.5750
394,1,2,1,61.7290,167.6060,0.0000,965.7850,194.9480,133.9930,0.0000,0.0000,1524.0610
395,1,2,1,61.7480,164.7880,0.0000,969.0090,190.3690,133.5810,0.0000,0.0000,1519.4950
396,1,2,1,62.7140,164.4310,0.0000,967.8330,193.1450,133.5690,0.0000,0.0000,1521.6920
397,1,2,1,60.3140,165.3230,0.0000,968.1720,237.9010,138.0060,0.0000,0.0000,1569.7160
398,1,2,1,61.9390,168.7020,0.0000,972.0240,196.1050,135.4030,0.0000,0.0000,1534.1730
399,1,2,1,60.7870,166.3020,0.0000,967.0710,193.4960,133.6860,0.0000,0.0000,1521.3420
400,1,2,1,61.5870,167.1750,0.0000,967.4090,192.2890,134.9670,0.0000,0.0000,1523.4270
401,1,2,1,61.5020,165.2930,0.0000,964.6340,193.0650,134.1350,0.0000,0.0000,1518.6290
402,1,2,1,60.9720,165.1130,0.0000,971.7410,196.1110,135.4710,0.0000,0.0000,1529.4080
403,1,2,1,62.4000,164.7320,0.0000,965.6680,193.1260,180.1660,0.0000,0.0000,1566.0920
404,1,2,1,63.1450,170.0000,0.0000,967.9510,194.9420,136.3200,0.0000,0.0000,1532.3580
405,1,2,0,62.7380,167.0220,0.0000,968.1850,194.8060,133.9390,0.0000,0.0000,1526.6900
406,1,2,1,61.6440,167.4770,0.0000,967.4280,193.1380,136.2330,0.0000,0.0000,1525.9200
407,1,2,1,61.8100,164.9970,0.0000,967.1390,194.2520,135.4710,0.0000,0.0000,1523.6690
408,1,2,1,61.2120,163.7910,0.0000,967.1870,196.6090,134.3700,0.0000,0.0000,1523.1690
409,1,2,1,61.3670,165.0580,0.0000,968.4060,193.1750,133.9440,0.0000,0.0000,1521.9500
410,1,2,1,109.3790,169.3410,0.0000,969.0590,197.2190,138.2770,0.0000,0.0000,1583.2750
411,1,2,1,62.3260,168.5780,0.0000,965.7660,195.7850,133.6180,0.0000,0.0000,1526.0730
412,1,2,0,62.7810,165.9320,0.0000,968.7750,194.0000,133.3540,0.0000,0.0000,1524.8420
413,0,2,0,61.2680,164.8190,0.0000,967.2740,195.0150,133.9630,0.0000,0.0000,1522.3390
414,1,2,1,62.2580,165.4710,0.0000,964.9840,193.9440,134.0730,0.0000,0.0000,1520.7300
415,1,2,1,62.6700,164.7870,0.0000,971.3790,192.6520,133.9140,0.0000,0.0000,1525.4020
416,1,2,1,62.4680,216.2830,0.0000,971.0890,202.6900,138.1050,0.0000,0.0000,1590.6350
417,1,2,1,63.3420,167.9200,0.0000,966.8740,194.2770,135.1760,0.0000,0.0000,1527.5890
418,0,2,0,62.9110,167.1450,0.0000,968.6770,194.4370,135.2670,0.0000,0.0000,1528.4370
419,1,2,1,61.4150,165.6920,0.0000,968.8680,193.2560,135.4100,0.0000,0.0000,1524.6410
420,0,2,0,63.0710,164.5730,0.0000,969.4090,193.6130,135.7170,0.0000,0.0000,1526.3830
421,1,2,0,61.5440,163.9140,0.0000,967.3110,192.7630,133.2680,0.0000,0.0000,1518.8000
422,1,2,1,61.2370,163.7290,0.0000,971.3600,204.4060,138.6700,0.0000,0.0000,1539.4020
423,1,2,1,63.6000,167.4340,0.0000,971.5700,194.8130,136.3320,0.0000,0.0000,1533.7490
424,0,2,0,61.7970,164.0310,0.0000,969.1390,193.0890,136.5230,0.0000,0.0000,1524.5790
425,1,2,1,61.5940,164.9840,0.0000,966.2030,196.0860,133.8650,0.0000,0.0000,1522.7320
426,1,2,1,62.0310,165.2500,0.0000,965.4470,194.0800,134.4430,0.0000,0.0000,1521.2510
427,1,2,1,61.2740,165.8030,0.0000,971.6740,192.6220,134.7940,0.0000,0.0000,1526.1670
428,1,2,1,63.6240,164.2090,0.0000,960.3750,203.4030,137.6430,0.0000,0.0000,1529.2540
429,1,2,0,61.6800,167.1750,0.0000,972.5900,195.5810,136.2220,0.0000,0.0000,1533.2480
430,1,2,1,61.9570,165.4400,0.0000,968.9540,194.3010,134.9540,0.0000,0.0000,1525.6060
431,1,2,1,63.0460,166.6710,0.0000,966.4000,195.4710,135.0150,0.0000,0.0000,1526.6030
432,1,2,1,61.5570,164.5170,0.0000,969.1690,194.2210,135.4520,0.0000,0.0000,1524.9160
433,1,2,1,62.6700,166.0120,0.0000,970.1160,194.8490,134.1360,0.0000,0.0000,1527.7830
434,1,2,1,61.0460,163.3110,0.0000,962.1420,243.4520,154.7080,0.0000,0.0000,1584.6590
435,1,2,1,67.1140,177.3540,0.0000,972.0870,203.2000,141.9690,0.0000,0.0000,1561.7240
436,0,2,0,63.8340,172.5660,0.0000,970.8550,197.8650,139.8090,0.0000,0.0000,1544.9290
437,1,2,1,63.1570,168.7810,0.0000,970.1600,195.6800,135.3970,0.0000,0.0000,1533.1750
438,0,2,0,62.0000,166.5910,0.0000,969.3230,193.6550,134.6030,0.0000,0.0000,1526.1720
439,1,2,1,61.0400,165.5690,0.0000,967.0950,193.8160,135.3420,0.0000,0.0000,1522.8620
440,1,2,1,61.8590,164.7320,0.0000,964.3260,214.0430,143.5750,0.0000,0.0000,1548.5350
441,1,2,0,63.7290,172.3630,0.0000,971.3350,199.2190,138.4190,0.0000,0.0000,1545.0650
442,1,2,1,62.5780,165.2620,0.0000,969.2620,194.2220,138.1410,0.0000,0.0000,1529.4650
443,1,2,1,62.1360,164.9050,0.0000,966.3570,193.2740,136.2640,0.0000,0.0000,1522.9360
444,1,2,1,60.4800,165.5760,0.0000,966.8740,194.0550,134.7940,0.0000,0.0000,1521.7790
445,1,2,1,60.9540,165.0030,0.0000,965.8700,194.3630,136.2830,0.0000,0.0000,1522.4730
446,0,2,0,62.7330,164.1100,0.0000,973.9140,203.9880,140.2090,0.0000,0.0000,1544.9540
447,1,2,1,62.3500,169.6430,0.0000,967.9320,194.7690,136.5290,0.0000,0.0000,1531.2230
448,1,2,1,62.7630,165.4340,0.0000,965.7360,194.8680,137.6120,0.0000,0.0000,1526.4130
449,0,2,0,63.4280,164.1900,0.0000,970.8240,192.0930,135.4270,0.0000,0.0000,1525.9620
450,1,2,1,63.7850,164.3010,0.0000,967.4650,195.5450,136.2150,0.0000,0.0000,1527.3110
451,1,2,1,61.8650,164.7450,0.0000,964.2460,191.9870,133.5140,0.0000,0.0000,1516.3570
452,1,2,1,62.4610,164.8490,0.0000,964.6640,256.3390,139.5820,0.0000,0.0000,1587.8950
453,1,2,1,62.8060,169.0460,0.0000,968.8550,196.1540,136.6270,0.0000,0.0000,1533.4880
454,0,2,0,62.4310,165.4950,0.0000,968.7500,196.1730,134.4930,0.0000,0.0000,1527.3420
455,1,2,1,61.2550,165.5820,0.0000,968.7010,191.9690,133.5270,0.0000,0.0000,1521.0340
456,1,2,1,60.8860,166.3820,0.0000,965.0710,195.4830,135.0590,0.0000,0.0000,1522.8810
457,1,2,1,62.6090,163.1880,0.0000,964.7130,191.7670,135.1810,0.0000,0.0000,1517.4580
458,1,2,1,62.4990,166.3390,0.0000,967.8400,195.1630,177.8400,0.0000,0.0000,1569.6810
459,0,2,1,63.9810,168.1600,0.0000,967.3600,196.3510,137.1690,0.0000,0.0000,1533.0210
460,1,2,1,61.9140,164.8310,0.0000,970.4310,193.1260,135.0400,0.0000,0.0000,1525.3420
461,1,2,1,61.7910,166.1040,0.0000,973.1630,196.5840,135.7780,0.0000,0.0000,1533.4200
462,0,2,0,60.2590,166.8740,0.0000,970.2270,196.2150,135.2190,0.0000,0.0000,1528.7940
463,1,2,1,62.4620,163.5700,0.0000,967.9690,194.1600,135.3410,0.0000,0.0000,1523.5020
464,1,2,1,61.0090,164.6650,0.0000,967.0770,193.3230,135.6870,0.0000,0.0000,1521.7610
465,1,2,1,101.4650,169.0210,0.0000,968.7260,196.6460,138.1230,0.0000,0.0000,1573.9810
466,1,2,1,64.0370,164.9350,0.0000,965.8900,194.5170,136.3440,0.0000,0.0000,1525.7230
467,1,2,1,62.4000,165.3410,0.0000,967.7540,192.8120,135.7290,0.0000,0.0000,1524.0360
468,1,2,1,62.2770,164.8440,0.0000,969.8950,194.7820,132.8980,0.0000,0.0000,1524.6960
469,1,2,1,60.7260,165.4830,0.0000,969.3480,192.7200,135.2980,0.0000,0.0000,1523.5750
470,1,2,1,62.1780,164.6650,0.0000,967.3300,195.0520,135.0950,0.0000,0.0000,1524.3200
471,1,2,1,61.1570,210.9110,0.0000,971.4340,203.2370,137.6370,0.0000,0.0000,1584.3760
472,1,2,1,61.9080,166.4860,0.0000,969.0890,194.0060,136.8490,0.0000,0.0000,1528.3380
473,1,2,1,63.0960,166.1170,0.0000,967.9880,193.4030,135.2060,0.0000,0.0000,1525.8100
474,0,2,1,61.3970,164.9780,0.0000,965.6370,192.4620,134.7750,0.0000,0.0000,1519.2490
475,1,2,1,62.7390,165.3420,0.0000,966.0060,194.5970,132.9540,0.0000,0.0000,1521.6380
476,0,2,1,62.3500,165.2680,0.0000,967.8520,193.8400,133.5940,0.0000,0.0000,1522.9040
477,1,2,1,62.1040,165.4280,0.0000,963.8700,203.7720,138.1910,0.0000,0.0000,1533.3650
478,0,2,0,62.9480,167.9870,0.0000,964.9230,195.6060,136.8740,0.0000,0.0000,1528.3380
479,1,2,1,61.6240,165.3600,0.0000,971.4900,193.6860,135.6680,0.0000,0.0000,1527.8280
480,1,2,1,62.7690,165.6310,0.0000,967.2800,192.1360,135.8770,0.0000,0.0000,1523.6930
481,1,2,1,61.3540,167.7910,0.0000,968.9230,194.8120,134.3020,0.0000,0.0000,1527.1820
482,1,2,1,62.1300,164.5730,0.0000,967.5080,193.4340,133.2240,0.0000,0.0000,1520.8690
483,1,2,1,61.5320,167.1440,0.0000,965.0710,201.6060,138.4920,0.0000,0.0000,1533.8450
484,1,2,1,63.1570,168.9540,0.0000,965.5320,196.2590,136.8190,0.0000,0.0000,1530.7210
485,1,2,0,63.6920,165.2490,0.0000,967.8400,196.1970,134.1170,0.0000,0.0000,1527.0950
486,1,2,1,63.2620,166.5530,0.0000,971.0100,193.0220,136.3510,0.0000,0.0000,1530.1980
487,1,2,1,61.5260,166.1290,0.0000,969.8640,195.1260,135.7660,0.0000,0.0000,1528.4110
488,1,2,0,61.9200,165.1200,0.0000,969.7850,195.5070,135.6370,0.0000,0.0000,1527.9690
489,1,2,1,62.7080,164.6210,0.0000,971.0710,204.2270,139.1440,0.0000,0.0000,1541.7710
490,1,2,1,62.4430,168.9910,0.0000,965.5870,194.5230,136.4610,0.0000,0.0000,1528.0050
491,1,2,1,63.6120,166.7690,0.0000,969.4090,195.3420,135.8150,0.0000,0.0000,1530.9470
492,0,2,0,60.9600,162.5290,0.0000,967.7790,194.5170,133.7600,0.0000,0.0000,1519.5450
493,1,2,1,62.4740,164.5600,0.0000,970.0680,194.6270,134.8860,0.0000,0.0000,1526.6150
494,0,2,0,62.9290,166.4920,0.0000,964.6150,192.1660,133.9750,0.0000,0.0000,1520.1770
495,1,2,1,64.1050,164.7200,0.0000,974.4610,202.2160,138.0740,0.0000,0.0000,1543.5760
496,1,2,1,63.6250,166.2770,0.0000,966.9910,196.5850,135.6920,0.0000,0.0000,1529.1700
497,1,2,1,61.8030,164.9420,0.0000,968.5350,193.3170,134.9970,0.0000,0.0000,1523.5940
498,1,2,1,61.7230,165.4400,0.0000,967.8220,192.6280,134.7450,0.0000,0.0000,1522.3580
499,1,2,1,63.1810,166.8430,0.0000,967.6680,192.8120,135.8340,0.0000,0.0000,1526.3380
500,1,2,1,63.3540,163.9690,0.0000,969.4710,192.6830,133.5510,0.0000,0.0000,1523.0280
501,1,2,1,61.5570,165.5140,0.0000,966.3570,248.6960,138.7690,0.0000,0.0000,1580.8930
502,1,2,1,63.0710,168.8670,0.0000,970.3320,197.0210,136.0800,0.0000,0.0000,1535.3710
503,1,2,1,62.2710,166.8120,0.0000,967.1930,192.7940,135.7290,0.0000,0.0000,1524.7990
504,1,2,1,62.4310,165.6060,0.0000,964.3200,195.7230,135.8830,0.0000,0.0000,1523.9630
505,1,2,1,61.6560,165.7480,0.0000,968.0310,194.9110,131.4650,0.0000,0.0000,1521.8110
506,1,2,1,62.0060,164.2270,0.0000,969.0460,192.1040,136.4490,0.0000,0.0000,1523.8320
507,0,2,0,61.2120,164.1790,0.0000,970.5350,233.6680,136.3010,0.0000,0.0000,1565.8950
508,1,2,1,62.6470,168.1840,0.0000,967.8580,199.5270,135.1450,0.0000,0.0000,1533.3610
509,1,2,1,62.9410,166.3140,0.0000,970.0300,195.1320,134.5540,0.0000,0.0000,1528.9710
510,1,2,1,63.3420,164.5290,0.0000,966.7140,193.5940,135.9690,0.0000,0.0000,1524.1480
511,1,2,1,61.9270,167.3660,0.0000,970.4430,196.3630,134.7690,0.0000,0.0000,1530.8680
512,1,2,0,62.0930,164.4250,0.0000,968.6030,194.7080,132.2580,0.0000,0.0000,1522.0870
513,1,2,1,61.2550,165.6610,0.0000,965.6800,192.0490,134.8800,0.0000,0.0000,1519.5250
514,1,2,1,67.4330,168.0860,0.0000,970.2210,195.3850,138.3630,0.0000,0.0000,1539.4880
515,1,2,1,61.8100,168.1110,0.0000,970.5110,194.4550,133.6430,0.0000,0.0000,1528.5300
516,1,2,1,61.2490,166.5780,0.0000,969.2680,195.4520,133.4220,0.0000,0.0000,1525.9690
517,0,2,0,61.9200,165.4460,0.0000,970.0120,193.3970,134.9420,0.0000,0.0000,1525.7170
518,1,2,1,64.4430,165.5450,0.0000,967.2000,194.2770,133.7540,0.0000,0.0000,1525.2190
519,1,2,1,62.4800,165.5200,0.0000,964.5480,193.8770,133.8090,0.0000,0.0000,1520.2340
520,1,2,1,61.1080,207.5320,0.0000,973.9880,199.2500,138.7200,0.0000,0.0000,1580.5980
521,1,2,1,61.7410,166.0800,0.0000,968.6640,194.8560,136.1540,0.0000,0.0000,1527.4950
522,1,2,1,62.3010,164.5790,0.0000,966.0730,193.9080,134.8800,0.0000,0.0000,1521.7410
523,1,2,1,62.0740,165.5880,0.0000,969.4520,193.0520,135.1640,0.0000,0.0000,1525.3300
524,1,2,1,61.2610,164.8360,0.0000,969.8460,195.6740,132.3760,0.0000,0.0000,1523.9930
525,1,2,1,61.4640,165.6190,0.0000,969.2250,193.6000,135.8520,0.0000,0.0000,1525.7600
526,1,2,0,62.9410,165.3110,0.0000,966.5970,202.3570,137.1140,0.0000,0.0000,1534.3200
527,1,2,1,62.9910,167.8520,0.0000,969.5020,196.1350,136.4740,0.0000,0.0000,1532.9540
528,1,2,1,61.6310,167.7970,0.0000,968.2220,195.7110,135.0470,0.0000,0.0000,1528.4080
529,1,2,1,60.2280,166.1230,0.0000,967.2980,193.8770,134.4240,0.0000,0.0000,1521.9500
530,1,2,1,61.0770,165.7160,0.0000,964.3500,192.0000,135.1630,0.0000,0.0000,1518.3060
531,1,2,1,63.1200,164.7440,0.0000,968.8120,194.2220,134.8980,0.0000,0.0000,1525.7960
532,1,2,1,61.2360,165.0770,0.0000,961.0160,201.6670,137.2310,0.0000,0.0000,1526.2270
533,1,2,1,63.2370,167.6060,0.0000,970.3820,195.6300,136.7080,0.0000,0.0000,1533.5630
534,0,2,0,61.6430,167.3230,0.0000,965.1450,194.0860,136.5420,0.0000,0.0000,1524.7390
535,1,2,1,61.2060,165.4830,0.0000,968.2700,195.0890,136.2580,0.0000,0.0000,1526.3060
536,0,2,0,62.6520,164.0060,0.0000,969.2680,193.2180,135.2430,0.0000,0.0000,1524.3870
537,1,2,1,62.8190,164.6580,0.0000,966.9240,194.4490,135.2370,0.0000,0.0000,1524.0870
538,1,2,1,62.0490,166.6280,0.0000,973.7040,201.7660,138.8250,0.0000,0.0000,1542.9720
539,1,2,1,61.3600,167.3670,0.0000,968.4300,195.1080,135.3050,0.0000,0.0000,1527.5700
540,1,2,1,62.0490,167.0710,0.0000,970.8130,194.0060,135.3110,0.0000,0.0000,1529.2500
541,1,2,1,59.7840,162.7140,0.0000,967.8700,192.3690,132.0310,0.0000,0.0000,1514.7680
542,0,2,0,60.9900,165.4280,0.0000,969.7540,193.0590,134.8680,0.0000,0.0000,1524.0990
543,1,2,1,61.2430,164.4310,0.0000,968.7940,192.4250,134.8060,0.0000,0.0000,1521.6990
544,1,2,0,61.2920,164.9360,0.0000,962.1160,208.1170,141.2740,0.0000,0.0000,1537.7350
545,0,2,0,63.3660,169.4900,0.0000,967.2000,195.4030,137.3600,0.0000,0.0000,1532.8190
546,1,2,1,63.7290,165.4890,0.0000,969.0520,196.2530,135.6800,0.0000,0.0000,1530.2030
547,0,2,0,61.9510,167.5940,0.0000,969.8760,194.4300,135.5510,0.0000,0.0000,1529.4020
548,1,2,1,60.7450,164.5480,0.0000,966.8240,194.0730,134.2090,0.0000,0.0000,1520.3990
549,1,2,1,63.2550,164.2150,0.0000,962.0300,193.9450,135.3780,0.0000,0.0000,1518.8230
550,0,2,0,61.3040,164.1110,0.0000,1013.0760,201.7910,137.0460,0.0000,0.0000,1577.3280
551,0,2,0,62.6090,169.0650,0.0000,965.6370,195.6430,134.8680,0.0000,0.0000,1527.8220
552,1,2,1,63.8590,164.7880,0.0000,969.9070,193.4770,133.6800,0.0000,0.0000,1525.7110
553,1,2,0,62.8000,164.8800,0.0000,967.7230,193.8960,135.5940,0.0000,0.0000,1524.8930
554,1,2,1,65.1330,164.9360,0.0000,965.7230,194.0370,133.9700,0.0000,0.0000,1523.7990
555,1,2,1,61.1260,165.8710,0.0000,966.9970,194.3260,134.1170,0.0000,0.0000,1522.4370
556,0,2,0,61.9630,164.4860,0.0000,969.0330,235.0960,135.2000,0.0000,0.0000,1565.7780
557,0,2,1,62.7510,172.9170,0.0000,971.1810,196.1420,135.1080,0.0000,0.0000,1538.0990
558,1,2,1,62.7570,168.1110,0.0000,966.1540,195.2060,134.3500,0.0000,0.0000,1526.5780
559,1,2,1,63.4590,164.7130,0.0000,970.1730,195.1500,134.5290,0.0000,0.0000,1528.0240
560,1,2,1,61.1020,165.3790,0.0000,970.0860,195.5690,134.5540,0.0000,0.0000,1526.6900
561,1,2,1,60.9230,164.6150,0.0000,970.6890,194.8120,133.3660,0.0000,0.0000,1524.4050
562,1,2,1,63.8580,164.5110,0.0000,971.5630,196.0000,189.0150,0.0000,0.0000,1584.9470
563,1,2,1,64.3940,171.5690,0.0000,973.1820,197.5880,137.7050,0.0000,0.0000,1544.4380
564,1,2,1,62.0490,167.5940,0.0000,970.9910,194.2640,137.2370,0.0000,0.0000,1532.1350
565,1,2,1,63.4530,164.8670,0.0000,969.1570,194.9910,134.5900,0.0000,0.0000,1527.0580
566,1,2,1,62.5050,166.8310,0.0000,966.7380,193.9320,135.6980,0.0000,0.0000,1525.7040
567,0,2,0,61.8700,163.6610,0.0000,969.4210,194.1790,134.5730,0.0000,0.0000,1523.7040
568,1,2,1,63.2730,166.2520,0.0000,966.2950,194.9160,134.3140,0.0000,0.0000,1525.0500
569,0,2,0,61.6740,210.4490,0.0000,966.9110,195.7410,135.6550,0.0000,0.0000,1570.4300
570,1,2,1,63.1320,166.9470,0.0000,967.0520,196.2830,132.9660,0.0000,0.0000,1526.3800
571,0,2,0,62.6960,167.1010,0.0000,971.2920,194.0560,136.4490,0.0000,0.0000,1531.5940
572,1,2,1,62.1910,165.1940,0.0000,966.6030,193.6120,135.2310,0.0000,0.0000,1522.8310
573,0,2,0,62.3200,166.7750,0.0000,973.1690,194.5170,133.7290,0.0000,0.0000,1530.5100
574,0,2,1,62.2760,166.5360,0.0000,969.0710,193.1690,134.5410,0.0000,0.0000,1525.5930
575,1,2,1,61.9330,166.0180,0.0000,973.3290,199.8280,134.8620,0.0000,0.0000,1535.9700
576,1,2,1,63.3350,167.6180,0.0000,965.8960,194.7450,135.0340,0.0000,0.0000,1526.6280
577,1,2,1,62.2090,166.2710,0.0000,968.0860,194.3330,133.8950,0.0000,0.0000,1524.7940
578,0,2,0,61.0470,166.1730,0.0000,968.5410,194.4360,134.7140,0.0000,0.0000,1524.9110
579,1,2,1,62.2950,163.4460,0.0000,969.0280,194.8130,134.7570,0.0000,0.0000,1524.3390
580,0,2,0,62.0000,163.1500,0.0000,966.9290,191.7780,134.3200,0.0000,0.0000,1518.1770
581,1,2,1,59.6680,166.0180,0.0000,972.5480,199.6980,138.9660,0.0000,0.0000,1536.8980
582,1,2,1,63.6550,167.8220,0.0000,968.0680,195.7790,136.4550,0.0000,0.0000,1531.7790
583,1,2,1,62.4860,166.6580,0.0000,965.2990,195.0270,134.8680,0.0000,0.0000,1524.3380
584,1,2,1,62.2950,166.0180,0.0000,964.6150,194.8120,135.7720,0.0000,0.0000,1523.5120
585,1,2,1,62.1780,165.0590,0.0000,969.7540,193.8520,134.0120,0.0000,0.0000,1524.8550
586,0,2,0,62.3940,165.7230,0.0000,969.7970,192.6280,133.8090,0.0000,0.0000,1524.3510
587,1,2,1,62.0120,164.1290,0.0000,972.4500,202.2960,137.5320,0.0000,0.0000,1538.4190
588,1,2,1,61.3170,167.8160,0.0000,972.7630,192.9660,137.3350,0.0000,0.0000,1532.1970
589,1,2,1,62.9170,165.3480,0.0000,971.9940,194.3080,135.3410,0.0000,0.0000,1529.9080
590,1,2,1,60.5540,167.2060,0.0000,967.5930,196.4240,135.9260,0.0000,0.0000,1527.7030
591,1,2,1,62.3200,164.6650,0.0000,965.9080,195.9320,135.0770,0.0000,0.0000,1523.9020
592,0,2,1,62.1470,166.8920,0.0000,966.7390,191.6310,136.2710,0.0000,0.0000,1523.6800
593,1,2,1,61.7840,166.5290,0.0000,973.3780,202.3380,136.6700,0.0000,0.0000,1540.6990
594,1,2,1,63.0590,165.5880,0.0000,971.8700,194.6090,135.1390,0.0000,0.0000,1530.2650
595,1,2,1,64.3570,165.4640,0.0000,969.3910,193.6370,134.3440,0.0000,0.0000,1527.1930
596,1,2,1,62.9160,165.2430,0.0000,970.0430,194.2460,136.3260,0.0000,0.0000,1528.7740
597,0,2,0,61.7900,166.3690,0.0000,965.6430,192.9720,135.2980,0.0000,0.0000,1522.0720
598,1,2,1,61.5020,166.0550,0.0000,968.7130,193.7720,135.7790,0.0000,0.0000,1525.8210
599,1,2,1,60.6580,166.2160,0.0000,971.9510,203.6860,137.7970,0.0000,0.0000,1540.3080
600,1,2,1,62.0980,169.4530,0.0000,969.6980,196.2710,138.1840,0.0000,0.0000,1535.7040
601,1,2,1,63.6860,167.9690,0.0000,968.0800,195.1330,133.7780,0.0000,0.0000,1528.6460
602,1,2,1,62.2700,164.5230,0.0000,967.0960,194.4870,134.6400,0.0000,0.0000,1523.0160
603,1,2,1,60.4000,164.3570,0.0000,966.2650,193.8950,136.9850,0.0000,0.0000,1521.9020
604,1,2,1,61.7290,167.6800,0.0000,966.2400,192.5300,135.4210,0.0000,0.0000,1523.6000
605,1,2,1,62.1660,163.7290,0.0000,965.8400,251.6800,138.1670,0.0000,0.0000,1581.5820
606,1,2,1,62.4490,168.9790,0.0000,970.6890,195.9260,136.6710,0.0000,0.0000,1534.7140
607,1,2,1,61.5940,166.0250,0.0000,969.5020,195.8590,135.4530,0.0000,0.0000,1528.4330
608,0,2,0,61.5810,162.8120,0.0000,969.4520,194.8250,138.0300,0.0000,0.0000,1526.7000
609,1,2,1,60.5170,163.4640,0.0000,967.0400,193.7230,133.3040,0.0000,0.0000,1518.0480
610,1,2,0,61.1750,163.9940,0.0000,970.0490,193.0340,135.1570,0.0000,0.0000,1523.4090
611,1,2,1,62.1480,163.7600,0.0000,968.3020,193.9930,146.4180,0.0000,0.0000,1534.6210
612,1,2,1,63.8280,172.9230,0.0000,968.0060,197.1810,136.7390,0.0000,0.0000,1538.6770
613,1,2,1,61.9880,166.9230,0.0000,968.5350,194.2220,134.8680,0.0000,0.0000,1526.5360
614,1,2,1,60.6090,164.5290,0.0000,967.6120,195.0830,134.1350,0.0000,0.0000,1521.9680
615,0,2,0,62.2030,164.8620,0.0000,968.4000,192.7010,134.2340,0.0000,0.0000,1522.4000
616,1,2,1,61.3910,164.2220,0.0000,966.3760,192.2830,134.6090,0.0000,0.0000,1518.8810
617,1,2,1,61.8400,165.4770,0.0000,967.0770,193.4030,134.5230,0.0000,0.0000,1522.3200
618,1,2,1,105.0770,169.5810,0.0000,967.9450,197.4830,135.6180,0.0000,0.0000,1575.7040
619,1,2,1,62.6950,166.0060,0.0000,968.9660,193.0960,135.6250,0.0000,0.0000,1526.3880
620,0,2,0,65.1260,166.6590,0.0000,965.1070,194.0120,134.7570,0.0000,0.0000,1525.6610
621,1,2,1,60.9350,165.6990,0.0000,972.9780,193.7040,134.0430,0.0000,0.0000,1527.3590
622,1,2,1,62.6590,163.7420,0.0000,964.8000,193.7530,136.9660,0.0000,0.0000,1521.9200
623,1,2,1,62.6890,165.6740,0.0000,968.9910,191.8950,136.3200,0.0000,0.0000,1525.5690
624,1,2,1,61.6680,206.8120,0.0000,968.0620,198.1360,137.9320,0.0000,0.0000,1572.6100
625,1,2,1,62.2270,166.9970,0.0000,967.1320,194.0930,135.8220,0.0000,0.0000,1526.2710
626,1,2,1,62.2710,163.9330,0.0000,970.3140,196.6150,136.3690,0.0000,0.0000,1529.5020
627,1,2,0,61.5320,165.5750,0.0000,965.7840,194.4500,135.2870,0.0000,0.0000,1522.6280
628,1,2,1,63.0460,167.3850,0.0000,965.6190,192.5230,134.2590,0.0000,0.0000,1522.8320
629,1,2,1,60.2770,163.3840,0.0000,966.7940,195.9510,134.4310,0.0000,0.0000,1520.8370
630,0,2,0,61.6250,163.6920,0.0000,964.6710,223.4890,146.4240,0.0000,0.0000,1559.9010
631,1,2,1,64.7880,173.2930,0.0000,972.6090,198.4800,138.6220,0.0000,0.0000,1547.7920
632,1,2,1,62.8070,168.5100,0.0000,964.4980,194.2400,135.9010,0.0000,0.0000,1525.9560
633,0,2,0,62.0990,166.2890,0.0000,966.8370,195.1930,134.1170,0.0000,0.0000,1524.5350
634,0,2,1,63.3230,166.1790,0.0000,969.9700,195.0590,136.1040,0.0000,0.0000,1530.6350
635,1,2,1,61.9200,164.6460,0.0000,970.7010,192.9540,134.7320,0.0000,0.0000,1524.9530
636,1,2,1,62.1480,165.8890,0.0000,962.7260,207.5570,139.2730,0.0000,0.0000,1537.5930
637,1,2,1,62.6650,170.7440,0.0000,968.1110,196.7130,135.9820,0.0000,0.0000,1534.2150
638,0,2,0,61.5630,164.6340,0.0000,966.0300,194.3200,135.4890,0.0000,0.0000,1522.0360
639,1,2,1,61.1570,164.4360,0.0000,969.1760,195.2490,134.4490,0.0000,0.0000,1524.4670
640,1,2,1,60.8860,165.1200,0.0000,967.1940,194.3570,134.7140,0.0000,0.0000,1522.2710
641,1,2,1,60.6700,164.9110,0.0000,970.6470,193.7110,134.5480,0.0000,0.0000,1524.4870
642,1,2,1,60.4860,165.1820,0.0000,973.0710,199.7970,138.3510,0.0000,0.0000,1536.8870
643,1,2,1,62.4310,166.3020,0.0000,969.5390,195.8650,135.6680,0.0000,0.0000,1529.8050
644,1,2,1,61.7540,165.9750,0.0000,962.6090,194.8060,135.6300,0.0000,0.0000,1520.7740
645,1,2,1,61.2250,163.1940,0.0000,968.7140,196.0800,135.3420,0.0000,0.0000,1524.5550
646,1,2,1,62.8490,164.9600,0.0000,967.6370,192.7630,135.6070,0.0000,0.0000,1523.8160
647,1,2,1,62.6220,165.3600,0.0000,968.0680,195.0220,134.0190,0.0000,0.0000,1525.0910
648,1,2,1,63.1880,164.7330,0.0000,970.8000,201.6000,139.5630,0.0000,0.0000,1539.8840
649,1,2,1,62.8490,166.5910,0.0000,969.2800,196.0120,135.7780,0.0000,0.0000,1530.5100
650,0,2,0,62.5970,165.8890,0.0000,970.1110,192.6340,135.0770,0.0000,0.0000,1526.3080
651,1,2,1,62.7880,163.8460,0.0000,972.7380,193.9070,135.0210,0.0000,0.0000,1528.3000
652,1,2,1,61.8150,164.4240,0.0000,967.5200,191.9450,133.9510,0.0000,0.0000,1519.6550
653,0,2,0,60.3930,164.8490,0.0000,970.4430,193.1320,136.7570,0.0000,0.0000,1525.5740
654,1,2,1,62.1780,163.6130,0.0000,981.4890,199.9570,137.7050,0.0000,0.0000,1544.9420
655,0,2,0,61.9080,167.1010,0.0000,968.9040,193.7100,134.5540,0.0000,0.0000,1526.1770
656,1,2,1,62.6090,165.2060,0.0000,965.6300,194.0370,134.5420,0.0000,0.0000,1522.0240
657,1,2,1,62.6090,164.0740,0.0000,964.8980,196.0670,133.2870,0.0000,0.0000,1520.9350
658,1,2,1,61.7660,166.5360,0.0000,969.2310,190.5910,135.4030,0.0000,0.0000,1523.5270
659,1,2,1,62.1480,167.4090,0.0000,968.7820,194.1240,135.7240,0.0000,0.0000,1528.1870
660,1,2,1,61.7040,164.0980,0.0000,966.6400,231.6240,138.4000,0.0000,0.0000,1562.4660
661,1,2,1,63.1630,168.0920,0.0000,970.2960,195.5570,135.6310,0.0000,0.0000,1532.7390
662,1,2,1,60.9350,164.4370,0.0000,967.9450,195.4830,135.3720,0.0000,0.0000,1524.1720
663,0,2,1,62.6710,164.1660,0.0000,967.5200,194.6580,135.0520,0.0000,0.0000,1524.0670
664,1,2,1,60.5040,166.0000,0.0000,967.9940,195.1260,135.3110,0.0000,0.0000,1524.9350
665,1,2,1,67.2620,173.7470,0.0000,972.9290,198.2460,137.9140,0.0000,0.0000,1550.0980
666,1,2,1,63.7410,167.2740,0.0000,967.7170,195.1570,193.6000,0.0000,0.0000,1587.4890
667,0,2,0,66.2030,172.1300,0.0000,970.9910,196.9410,136.7450,0.0000,0.0000,1543.0100
668,1,2,1,62.4670,167.5010,0.0000,970.1850,197.4470,135.7350,0.0000,0.0000,1533.3350
669,1,2,1,60.0740,165.8460,0.0000,971.5070,195.3970,136.4060,0.0000,0.0000,1529.2300
670,1,2,1,62.6030,166.0060,0.0000,968.9970,192.5410,136.0430,0.0000,0.0000,1526.1900
671,1,2,1,62.7570,165.1440,0.0000,969.2800,193.7850,135.1200,0.0000,0.0000,1526.0860
672,1,2,1,60.8070,164.0060,0.0000,965.0210,195.3360,134.6470,0.0000,0.0000,1519.8170
673,1,2,0,117.3230,171.7290,0.0000,971.3660,196.5480,136.7080,0.0000,0.0000,1593.6740
674,0,2,0,62.6770,165.5200,0.0000,968.0990,196.1530,134.3870,0.0000,0.0000,1526.8360
675,1,2,1,62.1290,166.5900,0.0000,963.5200,195.1500,136.3630,0.0000,0.0000,1523.7520
676,0,2,0,61.8890,163.8520,0.0000,968.5970,193.0160,134.3750,0.0000,0.0000,1521.7290
677,1,2,1,62.7260,162.8370,0.0000,970.2710,193.8580,134.2830,0.0000,0.0000,1523.9750
678,0,2,0,62.0800,163.4090,0.0000,966.0860,194.1730,134.7260,0.0000,0.0000,1520.4740
679,1,2,1,62.5660,216.7630,0.0000,970.3690,202.4180,139.8770,0.0000,0.0000,1591.9930
680,1,2,0,63.1760,168.3450,0.0000,970.0430,195.7910,136.0490,0.0000,0.0000,1533.4040
681,1,2,1,62.1350,165.3720,0.0000,969.6000,197.0160,136.6950,0.0000,0.0000,1530.8180
682,1,2,1,62.2950,164.5970,0.0000,969.5440,194.0130,133.5260,0.0000,0.0000,1523.9750
683,1,2,1,61.3910,164.5230,0.0000,967.2370,193.0460,135.5140,0.0000,0.0000,1521.7110
684,1,2,1,60.5670,165.1320,0.0000,968.9970,193.5080,136.3200,0.0000,0.0000,1524.5240
685,1,2,1,62.5850,165.5450,0.0000,968.7450,203.6000,138.3750,0.0000,0.0000,1538.8500
686,1,2,1,62.9480,167.9510,0.0000,968.5230,195.9320,136.0000,0.0000,0.0000,1531.3540
687,1,2,1,62.5480,165.2310,0.0000,971.2190,194.8930,134.9360,0.0000,0.0000,1528.8270
688,1,2,1,62.4800,166.4000,0.0000,967.3660,194.2590,134.3500,0.0000,0.0000,1524.8550
689,1,2,1,63.3910,166.6220,0.0000,967.6130,194.1170,133.5820,0.0000,0.0000,1525.3250
690,1,2,1,61.8220,166.3570,0.0000,968.5420,192.3630,135.4460,0.0000,0.0000,1524.5300
691,1,2,1,60.3630,163.9870,0.0000,961.2490,203.2550,135.9510,0.0000,0.0000,1524.8050
692,1,2,1,61.9010,166.7750,0.0000,967.6060,195.3470,134.8000,0.0000,0.0000,1526.4290
693,1,2,1,61.8640,164.5350,0.0000,968.8430,195.1500,135.8650,0.0000,0.0000,1526.2570
694,1,2,1,60.8500,166.8370,0.0000,966.1720,191.8340,136.0550,0.0000,0.0000,1521.7480
695,0,2,0,61.5070,165.5390,0.0000,968.3320,194.7690,136.1970,0.0000,0.0000,1526.3440
696,1,2,1,62.7080,163.4030,0.0000,966.6090,192.7140,133.5820,0.0000,0.0000,1519.0160
697,1,2,1,59.5140,165.8770,0.0000,974.0130,201.2000,137.2190,0.0000,0.0000,1537.8230
698,0,2,0,62.6950,168.9780,0.0000,970.5730,194.8980,136.5660,0.0000,0.0000,1533.7100
699,1,2,1,62.1480,166.3450,0.0000,969.5940,194.4680,134.6340,0.0000,0.0000,1527.1890
700,1,2,1,64.5600,165.6550,0.0000,967.1140,196.2770,136.0620,0.0000,0.0000,1529.6680
701,1,2,1,61.7850,165.0960,0.0000,966.7200,196.9780,134.4000,0.0000,0.0000,1524.9790
702,1,2,1,60.8250,163.4950,0.0000,966.8670,194.9730,134.1290,0.0000,0.0000,1520.2890
703,1,2,1,60.8300,166.1730,0.0000,969.0090,202.0990,137.1080,0.0000,0.0000,1535.2190
704,1,2,1,64.0370,166.6520,0.0000,969.8220,196.0120,134.8240,0.0000,0.0000,1531.3470
705,1,2,0,61.1260,164.8120,0.0000,967.7170,195.3470,134.0800,0.0000,0.0000,1523.0820
706,1,2,0,61.5260,164.7870,0.0000,970.1420,195.4960,135.0520,0.0000,0.0000,1527.0030
707,0,2,1,63.1570,166.0000,0.0000,966.9600,190.9970,135.3970,0.0000,0.0000,1522.5110
708,1,2,1,61.8220,163.2120,0.0000,968.0240,194.1480,135.8400,0.0000,0.0000,1523.0460
709,1,2,0,61.7360,164.6520,0.0000,1025.4710,201.1200,135.3730,0.0000,0.0000,1588.3520
710,1,2,1,63.5500,165.9510,0.0000,968.9720,197.4150,135.8030,0.0000,0.0000,1531.6910
711,1,2,1,61.2250,165.9570,0.0000,968.9600,195.1500,134.8430,0.0000,0.0000,1526.1350
712,1,2,1,61.4220,166.1480,0.0000,969.0900,195.6000,134.5530,0.0000,0.0000,1526.8130
713,1,2,1,61.8700,164.4060,0.0000,970.1970,193.4280,133.3660,0.0000,0.0000,1523.2670
714,1,2,1,62.6830,166.2400,0.0000,970.2710,194.0860,133.7540,0.0000,0.0000,1527.0340
715,1,2,1,62.5600,164.6150,0.0000,968.2770,234.3500,138.4980,0.0000,0.0000,1568.3000
716,1,2,1,63.4710,168.7440,0.0000,968.0060,194.8930,136.4620,0.0000,0.0000,1531.5760
717,1,2,0,62.6580,166.0740,0.0000,968.0370,194.0610,134.6890,0.0000,0.0000,1525.5190
718,1,2,1,63.8400,162.4190,0.0000,969.6920,192.6530,134.1170,0.0000,0.0000,1522.7210
719,1,2,1,61.7420,166.8190,0.0000,967.0890,193.5930,135.1510,0.0000,0.0000,1524.3940
720,1,2,1,62.7390,164.5350,0.0000,969.1080,193.6860,133.7350,0.0000,0.0000,1523.8030
721,1,2,1,60.8250,164.7020,0.0000,966.4560,194.1720,170.0250,0.0000,0.0000,1556.1800
722,0,2,0,65.2560,170.4800,0.0000,965.6250,195.9690,136.7320,0.0000,0.0000,1534.0620
723,1,2,1,61.5200,164.6400,0.0000,973.1510,194.9480,135.8030,0.0000,0.0000,1530.0620
724,1,2,1,60.8610,164.2830,0.0000,971.0400,194.1420,133.7170,0.0000,0.0000,1524.0430
725,1,2,1,61.0210,165.7410,0.0000,966.6340,194.8800,133.7170,0.0000,0.0000,1521.9930
726,1,2,1,62.3750,163.4770,0.0000,970.5900,193.2000,135.1380,0.0000,0.0000,1524.7800
727,1,2,1,60.9170,163.7790,0.0000,970.4920,193.7040,133.4580,0.0000,0.0000,1522.3500
728,1,2,1,62.8000,211.4460,0.0000,968.9600,199.5260,138.8550,0.0000,0.0000,1581.5870
729,1,2,0,61.8090,166.7880,0.0000,966.7140,195.2000,135.8470,0.0000,0.0000,1526.3580
730,1,2,1,61.8470,165.6000,0.0000,966.7820,194.0130,135.7600,0.0000,0.0000,1524.0020
731,1,2,1,62.4000,166.3080,0.0000,966.0980,194.1290,134.8930,0.0000,0.0000,1523.8280
732,1,2,1,61.3660,164.5170,0.0000,970.7700,192.3330,134.9540,0.0000,0.0000,1523.9400
733,1,2,1,60.7750,164.6280,0.0000,970.2890,194.5170,133.8280,0.0000,0.0000,1524.0370
734,1,2,1,61.9880,165.7970,0.0000,960.6830,200.0000,137.4220,0.0000,0.0000,1525.8900
735,1,2,0,61.3410,166.4240,0.0000,969.9750,193.1630,136.9170,0.0000,0.0000,1527.8200
736,1,2,1,64.1470,163.3600,0.0000,970.0310,193.3540,137.2740,0.0000,0.0000,1528.1660
737,1,2,1,60.5040,166.2280,0.0000,968.6710,193.6800,132.5720,0.0000,0.0000,1521.6550
738,1,2,1,62.4740,164.7380,0.0000,966.8430,195.8160,135.7110,0.0000,0.0000,1525.5820
739,1,2,1,62.7140,164.1230,0.0000,968.4430,194.6520,133.9320,0.0000,0.0000,1523.8640
740,1,2,1,62.0060,164.9350,0.0000,970.0620,200.6890,137.8890,0.0000,0.0000,1535.5810
741,1,2,1,63.2370,170.2220,0.0000,970.6210,194.8860,138.1720,0.0000,0.0000,1537.1380
742,1,2,1,63.2310,165.6860,0.0000,969.7780,195.0400,134.4180,0.0000,0.0000,1528.1530
743,1,2,1,62.0370,163.8650,0.0000,970.2220,194.5110,135.9200,0.0000,0.0000,1526.5550
744,1,2,1,62.6270,163.7480,0.0000,968.5600,194.0500,134.6030,0.0000,0.0000,1523.5880
745,1,2,1,61.9320,164.8920,0.0000,966.4240,194.7940,133.5390,0.0000,0.0000,1521.5810
746,1,2,1,62.4370,165.2240,0.0000,967.0590,203.7600,139.5450,0.0000,0.0000,1538.0250
747,1,2,1,61.5630,169.1130,0.0000,969.8590,196.2900,134.3880,0.0000,0.0000,1531.2130
748,1,2,1,63.0330,166.3080,0.0000,970.2340,193.7850,135.1820,0.0000,0.0000,1528.5420
749,0,2,0,62.6090,166.4060,0.0000,970.0310,193.7230,136.5050,0.0000,0.0000,1529.2740
750,1,2,1,61.6180,166.5910,0.0000,964.5170,191.6000,135.0520,0.0000,0.0000,1519.3780
751,1,2,1,62.3260,164.2160,0.0000,969.3100,193.1260,134.7500,0.0000,0.0000,1523.7280
752,0,2,1,61.3780,163.3480,0.0000,973.2680,200.9910,135.8950,0.0000,0.0000,1534.8800
753,1,2,0,62.5970,168.6460,0.0000,969.8090,195.6250,136.7140,0.0000,0.0000,1533.3910
754,1,2,1,62.0620,166.5720,0.0000,967.5690,192.8920,133.5010,0.0000,0.0000,1522.5960
755,0,2,0,60.9910,165.0830,0.0000,970.8000,193.8580,137.0030,0.0000,0.0000,1527.7350
756,1,2,1,61.6120,167.2800,0.0000,967.8950,194.0610,135.0650,0.0000,0.0000,1525.9130
757,1,2,1,62.1970,165.2070,0.0000,967.7300,194.9600,133.7290,0.0000,0.0000,1523.8230
758,1,2,1,62.8370,162.1290,0.0000,1000.8430,198.4060,134.2470,0.0000,0.0000,1558.4620
759,1,2,1,63.4340,166.4740,0.0000,969.8830,195.4400,135.5020,0.0000,0.0000,1530.7330
760,1,2,1,61.4460,168.6280,0.0000,967.9760,195.4030,133.8530,0.0000,0.0000,1527.3060
761,1,2,1,61.8770,164.4610,0.0000,970.2580,196.4550,131.5940,0.0000,0.0000,1524.6450
762,1,2,1,60.6710,163.2490,0.0000,967.7350,192.8500,134.4430,0.0000,0.0000,1518.9480
763,1,2,1,62.4500,163.0090,0.0000,972.5600,194.3760,134.3020,0.0000,0.0000,1526.6970
764,1,2,1,61.1260,164.5600,0.0000,966.9290,234.9100,137.2860,0.0000,0.0000,1564.8110
765,1,2,1,61.1320,168.9470,0.0000,971.6800,195.6190,134.2400,0.0000,0.0000,1531.6180
766,1,2,1,62.2100,164.2890,0.0000,967.8710,193.1080,135.5140,0.0000,0.0000,1522.9920
767,1,2,1,61.5940,164.9420,0.0000,971.1570,194.5110,135.7050,0.0000,0.0000,1527.9090
768,1,2,1,61.4640,164.7260,0.0000,967.6120,192.7690,134.7320,0.0000,0.0000,1521.3030
769,0,2,0,61.1810,165.9080,0.0000,967.5080,193.3050,132.5540,0.0000,0.0000,1520.4560
770,1,2,1,62.0190,164.2530,0.0000,964.6890,194.8800,171.6800,0.0000,0.0000,1557.5210
771,1,2,1,64.5840,170.8180,0.0000,970.7870,196.5840,136.3570,0.0000,0.0000,1539.1300
772,1,2,1,62.3140,165.4650,0.0000,967.3970,192.8240,135.7040,0.0000,0.0000,1523.7040
773,1,2,0,61.6250,165.6740,0.0000,967.5070,193.0340,136.8550,0.0000,0.0000,1524.6950
774,1,2,0,62.0730,166.1300,0.0000,966.2520,193.9330,135.4150,0.0000,0.0000,1523.8030
775,1,2,1,61.6310,164.9470,0.0000,967.4640,195.0220,134.3200,0.0000,0.0000,1523.3840
776,1,2,1,63.1500,164.7380,0.0000,967.3170,194.4250,134.4860,0.0000,0.0000,1524.1160
777,1,2,1,62.5600,215.3780,0.0000,977.4830,219.4460,145.2680,0.0000,0.0000,1620.1350
778,0,2,0,68.3630,174.9600,0.0000,975.5450,201.0460,139.5320,0.0000,0.0000,1559.4460
779,0,2,0,63.5880,169.7470,0.0000,963.2860,195.7660,137.1690,0.0000,0.0000,1529.5560
780,1,2,1,62.5660,167.6860,0.0000,969.2180,195.1880,136.0000,0.0000,0.0000,1530.6580
781,1,2,1,60.8250,164.6960,0.0000,969.1630,195.4700,134.0430,0.0000,0.0000,1524.1970
782,1,2,1,61.1140,165.4520,0.0000,971.1390,195.3790,134.2700,0.0000,0.0000,1527.3540
783,1,2,1,62.7870,228.5720,0.0000,972.5480,208.4500,138.9170,0.0000,0.0000,1611.2740
784,1,2,1,62.9780,170.4430,0.0000,968.7870,195.7040,135.4700,0.0000,0.0000,1533.3820
785,1,2,1,62.5420,165.5320,0.0000,971.8530,195.8520,134.7940,0.0000,0.0000,1530.5730
786,0,2,0,63.1880,165.2560,0.0000,969.7480,194.3140,136.5910,0.0000,0.0000,1529.0970
787,0,2,0,61.4400,164.9300,0.0000,968.6400,194.4620,133.8030,0.0000,0.0000,1523.2750
788,1,2,0,60.9970,164.4310,0.0000,969.9630,193.7540,134.3880,0.0000,0.0000,1523.5330
789,1,2,1,60.9410,165.9320,0.0000,970.1900,205.7350,139.3480,0.0000,0.0000,1542.1460
790,0,2,1,63.6430,168.7450,0.0000,970.5110,196.4670,133.9330,0.0000,0.0000,1533.2990
791,1,2,1,61.2430,166.4060,0.0000,971.1820,194.7940,136.9720,0.0000,0.0000,1530.5970
792,1,2,1,62.3750,166.3320,0.0000,969.6120,194.7260,134.7810,0.0000,0.0000,1527.8260
793,1,2,1,61.2120,163.5940,0.0000,968.2280,194.3260,133.7110,0.0000,0.0000,1521.0710
794,1,2,1,62.8610,166.2400,0.0000,967.6610,194.1600,134.0310,0.0000,0.0000,1524.9530
795,0,2,0,61.6620,166.3510,0.0000,974.2150,201.5260,137.9380,0.0000,0.0000,1541.6920
796,1,2,1,63.6500,167.1690,0.0000,975.3360,195.1140,136.3820,0.0000,0.0000,1537.6510
797,1,2,1,62.8730,166.1720,0.0000,966.4430,195.5750,132.8680,0.0000,0.0000,1523.9310
798,1,2,1,63.4590,164.7690,0.0000,969.7910,194.0930,136.2710,0.0000,0.0000,1528.3830
799,1,2,1,61.5570,165.1510,0.0000,971.4770,192.6640,133.9450,0.0000,0.0000,1524.7940
800,0,2,0,61.3230,164.5970,0.0000,969.8590,191.7410,135.8270,0.0000,0.0000,1523.3470
801,0,2,0,63.7170,165.4220,0.0000,970.6460,201.1630,138.9480,0.0000,0.0000,1539.8960
802,1,2,1,63.2680,168.2040,0.0000,968.7140,196.7690,135.8340,0.0000,0.0000,1532.7890
803,1,2,1,61.2240,165.9020,0.0000,970.1420,195.0960,134.9840,0.0000,0.0000,1527.3480
804,0,2,0,62.3570,163.9390,0.0000,968.9720,196.3010,133.5270,0.0000,0.0000,1525.0960
805,1,2,1,61.8530,164.9540,0.0000,970.9600,193.1380,133.6310,0.0000,0.0000,1524.5360
806,1,2,1,61.1140,165.2620,0.0000,971.2370,192.4680,134.0490,0.0000,0.0000,1524.1300
807,0,2,0,61.4400,165.4520,0.0000,974.5970,200.7690,137.2190,0.0000,0.0000,1539.4770
808,1,2,1,63.2800,168.7820,0.0000,966.3810,192.9790,138.1540,0.0000,0.0000,1529.5760
809,0,2,0,62.8870,166.3750,0.0000,970.4000,195.4710,135.4650,0.0000,0.0000,1530.5980
810,1,2,1,61.8830,165.3730,0.0000,965.4090,194.2890,135.1380,0.0000,0.0000,1522.0920
811,1,2,1,61.8030,166.3080,0.0000,970.8800,193.5450,135.1320,0.0000,0.0000,1527.6680
812,1,2,1,60.7690,164.9230,0.0000,969.2610,192.7820,134.1410,0.0000,0.0000,1521.8760
813,1,2,1,62.2460,165.1690,0.0000,999.1200,206.7380,140.5290,0.0000,0.0000,1573.8020
814,1,2,1,62.6650,170.5100,0.0000,966.8670,195.9070,139.3040,0.0000,0.0000,1535.2530
815,1,2,1,62.1850,164.3260,0.0000,967.7230,195.2500,134.6830,0.0000,0.0000,1524.1670
816,1,2,1,62.7880,166.1600,0.0000,973.5630,195.2800,134.3570,0.0000,0.0000,1532.1480
817,1,2,1,62.3690,165.6740,0.0000,967.6310,195.5820,137.0890,0.0000,0.0000,1528.3450
818,1,2,1,61.3410,166.8190,0.0000,967.6980,194.7510,134.3630,0.0000,0.0000,1524.9720
819,1,2,1,61.3970,163.1270,0.0000,970.0800,256.7630,138.3510,0.0000,0.0000,1589.7180
820,1,2,1,61.0460,168.9660,0.0000,970.7380,193.8580,134.5410,0.0000,0.0000,1529.1490
821,1,2,1,60.5970,165.7410,0.0000,969.9630,193.1750,136.0730,0.0000,0.0000,1525.5490
822,1,2,1,61.7660,162.4860,0.0000,970.7140,194.3140,136.5350,0.0000,0.0000,1525.8150
823,0,2,0,62.5040,165.2310,0.0000,966.9600,194.6150,134.3690,0.0000,0.0000,1523.6790
824,1,2,1,61.7850,166.0440,0.0000,968.1780,193.4710,133.9140,0.0000,0.0000,1523.3920
825,1,2,1,60.9910,164.9790,0.0000,966.7260,190.9600,177.3660,0.0000,0.0000,1561.0220
826,1,2,1,64.6150,169.7910,0.0000,974.6090,198.1780,137.2550,0.0000,0.0000,1544.4480
827,1,2,1,62.5970,168.0980,0.0000,970.3630,196.6890,136.8990,0.0000,0.0000,1534.6460
828,1,2,1,63.1630,166.3200,0.0000,967.4710,194.4800,134.6160,0.0000,0.0000,1526.0500
829,1,2,1,62.9910,165.1070,0.0000,968.3320,194.2280,134.9230,0.0000,0.0000,1525.5810
830,1,2,1,62.1790,164.8000,0.0000,967.3600,194.5660,133.7850,0.0000,0.0000,1522.6900
831,1,2,1,63.0640,165.2610,0.0000,968.6090,195.5690,134.9480,0.0000,0.0000,1527.4510
832,1,2,1,100.6960,170.8620,0.0000,970.3390,196.6710,136.2220,0.0000,0.0000,1574.7900
833,1,2,1,61.8030,166.5530,0.0000,968.0800,193.4950,137.1130,0.0000,0.0000,1527.0440
834,1,2,1,62.7690,166.0550,0.0000,968.0120,195.9570,136.1110,0.0000,0.0000,1528.9040
835,1,2,1,62.5360,165.8520,0.0000,971.1630,194.6900,135.0950,0.0000,0.0000,1529.3360
836,1,2,1,61.4950,164.2830,0.0000,969.5510,193.8520,137.3910,0.0000,0.0000,1526.5720
837,1,2,1,62.0190,163.8030,0.0000,968.8370,192.6890,133.6670,0.0000,0.0000,1521.0150
838,1,2,1,61.2300,202.1850,0.0000,967.2610,200.9780,136.8300,0.0000,0.0000,1568.4840
839,1,2,1,62.3140,166.4130,0.0000,968.9540,194.6030,136.2400,0.0000,0.0000,1528.5240
840,1,2,1,61.6240,166.2770,0.0000,969.5510,195.2920,134.9230,0.0000,0.0000,1527.6670
841,1,2,1,61.3600,165.9500,0.0000,970.1040,193.2070,135.4160,0.0000,0.0000,1526.0370
842,1,2,1,63.4100,164.1170,0.0000,968.6520,193.1380,135.9380,0.0000,0.0000,1525.2550
843,1,2,1,62.6580,166.3200,0.0000,969.9200,193.2800,136.0120,0.0000,0.0000,1528.1900
844,1,2,1,63.0280,162.8860,0.0000,962.3820,204.5290,139.8950,0.0000,0.0000,1532.7200
845,1,2,1,62.7690,166.6710,0.0000,969.9070,197.7600,136.9540,0.0000,0.0000,1534.0610
846,1,2,1,61.1450,165.2310,0.0000,969.0890,195.7660,136.4000,0.0000,0.0000,1527.6310
847,1,2,1,62.0120,165.5820,0.0000,968.6960,194.2950,134.8560,0.0000,0.0000,1525.4410
848,1,2,1,61.9630,165.8030,0.0000,965.8280,196.1170,135.6800,0.0000,0.0000,1525.3910
849,0,2,0,61.0830,164.4860,0.0000,967.4650,194.0000,134.1350,0.0000,0.0000,1521.1690
850,1,2,1,61.1510,163.3100,0.0000,968.1540,204.0120,139.1130,0.0000,0.0000,1535.7400
851,1,2,1,62.6950,171.4580,0.0000,969.2190,196.2640,137.1260,0.0000,0.0000,1536.7620
852,1,2,1,61.5630,166.6960,0.0000,972.8730,195.0900,134.6340,0.0000,0.0000,1530.8560
853,1,2,1,61.7170,163.3170,0.0000,966.1900,194.7320,133.7910,0.0000,0.0000,1519.7470
854,1,2,1,59.1810,164.9970,0.0000,965.6370,193.0520,135.3540,0.0000,0.0000,1518.2210
855,1,2,1,61.9330,165.5380,0.0000,964.1600,193.7410,133.0090,0.0000,0.0000,1518.3810
856,1,2,1,61.7480,164.8680,0.0000,973.0770,203.4890,138.6460,0.0000,0.0000,1541.8280
857,1,2,1,61.9450,167.7230,0.0000,968.1170,195.6610,134.4190,0.0000,0.0000,1527.8650
858,1,2,1,62.2150,165.8640,0.0000,965.9020,195.3480,135.1810,0.0000,0.0000,1524.5100
859,0,2,1,61.6430,166.5790,0.0000,970.9540,193.9320,133.8220,0.0000,0.0000,1526.9300
860,0,2,0,61.5200,166.3940,0.0000,969.7170,193.9320,133.3660,0.0000,0.0000,1524.9290
861,0,2,0,60.1360,163.3910,0.0000,966.2770,192.8800,136.3200,0.0000,0.0000,1519.0040
862,1,2,1,61.8890,162.8860,0.0000,975.7170,202.2220,137.0460,0.0000,0.0000,1539.7600
863,1,2,1,62.8370,168.8550,0.0000,968.2900,195.9450,136.5600,0.0000,0.0000,1532.4870
864,1,2,1,61.9630,164.9790,0.0000,960.4300,196.3380,137.2920,0.0000,0.0000,1521.0020
865,1,2,1,62.5790,166.7200,0.0000,970.1230,195.8150,139.3420,0.0000,0.0000,1534.5790
866,1,2,1,62.7940,164.1290,0.0000,967.9200,192.5410,134.5050,0.0000,0.0000,1521.8890
867,1,2,1,62.9480,165.9930,0.0000,967.5390,193.6120,135.8460,0.0000,0.0000,1525.9380
868,1,2,1,59.5200,164.4490,0.0000,965.8830,240.1720,138.9970,0.0000,0.0000,1569.0210
869,1,2,1,63.9380,166.6830,0.0000,972.1050,195.9880,136.8250,0.0000,0.0000,1535.5390
870,1,2,1,63.9570,165.6190,0.0000,970.3440,195.1200,135.9200,0.0000,0.0000,1530.9600
871,1,2,1,60.8800,168.4740,0.0000,969.3720,194.8370,133.1750,0.0000,0.0000,1526.7380
872,1,2,1,60.5230,165.5440,0.0000,967.4950,191.6190,133.9640,0.0000,0.0000,1519.1450
873,1,2,1,62.3320,163.9010,0.0000,967.5940,192.3080,131.4160,0.0000,0.0000,1517.5510
874,1,2,1,61.5200,164.5040,0.0000,967.5320,228.6470,139.6550,0.0000,0.0000,1561.8580
875,1,2,1,61.5200,172.0860,0.0000,965.9630,196.7200,137.1200,0.0000,0.0000,1533.4090
876,0,2,0,61.0830,167.1200,0.0000,967.6490,193.8710,135.2800,0.0000,0.0000,1525.0030
877,1,2,1,61.4090,163.9880,0.0000,971.7170,192.8740,134.5290,0.0000,0.0000,1524.5170
878,1,2,1,60.8920,164.0490,0.0000,965.8150,193.3170,136.0980,0.0000,0.0000,1520.1710
879,0,2,0,62.2830,165.5690,0.0000,966.1100,193.8580,135.4340,0.0000,0.0000,1523.2540
880,1,2,1,61.2310,164.7690,0.0000,967.3290,191.9570,135.0400,0.0000,0.0000,1520.3260
881,1,2,1,113.6860,171.7170,0.0000,970.3260,196.3390,136.8860,0.0000,0.0000,1588.9540
882,1,2,1,63.4580,166.0980,0.0000,967.6310,194.7940,136.0370,0.0000,0.0000,1528.0180
883,0,2,0,61.5690,165.7050,0.0000,965.8770,192.0130,136.0490,0.0000,0.0000,1521.2130
884,1,2,1,61.8030,165.7350,0.0000,970.2460,193.8890,133.8460,0.0000,0.0000,1525.5190
885,1,2,1,62.2220,164.2340,0.0000,962.8930,195.9510,134.1110,0.0000,0.0000,1519.4110
886,1,2,1,61.1270,164.9900,0.0000,971.4400,195.4590,133.9010,0.0000,0.0000,1526.9170
887,1,2,0,62.7760,204.6900,0.0000,967.3670,197.9450,138.3010,0.0000,0.0000,1571.0790
888,1,2,1,62.6030,166.0000,0.0000,968.6580,195.0770,135.0650,0.0000,0.0000,1527.4030
889,1,2,1,60.8620,166.4370,0.0000,971.0400,194.2580,134.0920,0.0000,0.0000,1526.6890
890,1,2,1,61.7050,164.8990,0.0000,968.4620,192.6770,135.2370,0.0000,0.0000,1522.9800
891,0,2,0,62.2030,164.2640,0.0000,969.4400,192.4190,136.6830,0.0000,0.0000,1525.0090
892,1,2,1,62.1600,165.1450,0.0000,966.4130,193.4770,134.5350,0.0000,0.0000,1521.7300
893,1,2,0,62.2100,164.7080,0.0000,970.4500,203.4400,135.6430,0.0000,0.0000,1536.4510
894,1,2,0,63.7910,168.7880,0.0000,972.8490,195.5380,134.9660,0.0000,0.0000,1535.9320
895,1,2,1,62.2650,166.1910,0.0000,972.8430,195.3160,135.3530,0.0000,0.0000,1531.9680
896,1,2,1,61.7480,164.3750,0.0000,967.5320,193.6310,136.9420,0.0000,0.0000,1524.2280
897,1,2,1,61.8460,167.1260,0.0000,964.8130,193.6250,135.1870,0.0000,0.0000,1522.5970
898,0,2,1,61.9820,165.5440,0.0000,966.2400,194.2400,134.8000,0.0000,0.0000,1522.8060
899,1,2,1,62.3700,164.5970,0.0000,974.2710,201.6490,135.5940,0.0000,0.0000,1538.4810
900,1,2,1,62.3390,167.3970,0.0000,970.6520,193.9320,136.6900,0.0000,0.0000,1531.0100
901,1,2,1,61.7660,165.8030,0.0000,970.4250,194.6030,134.4430,0.0000,0.0000,1527.0400
902,1,2,1,60.4000,165.3660,0.0000,970.1850,192.8240,135.3790,0.0000,0.0000,1524.1540
903,1,2,1,61.3780,166.5420,0.0000,968.6090,193.1080,134.5480,0.0000,0.0000,1524.1850
904,1,2,1,63.1450,165.4040,0.0000,966.8060,192.8800,134.4920,0.0000,0.0000,1522.7270
905,1,2,1,61.2980,164.9170,0.0000,968.6160,202.9780,137.7170,0.0000,0.0000,1535.5260
906,1,2,1,62.9900,165.8150,0.0000,969.0530,194.1730,134.9910,0.0000,0.0000,1527.0220
907,0,2,0,63.5750,164.4730,0.0000,969.1870,194.0920,134.7820,0.0000,0.0000,1526.1090
908,0,2,0,62.9670,164.8800,0.0000,969.6240,193.2370,135.3910,0.0000,0.0000,1526.0990
909,1,2,1,61.2430,165.8090,0.0000,967.5020,194.1420,133.8950,0.0000,0.0000,1522.5910
910,1,2,1,61.1940,164.5970,0.0000,968.8060,194.4490,134.1720,0.0000,0.0000,1523.2180
911,1,2,1,62.0730,166.0870,0.0000,968.9480,204.0800,137.0340,0.0000,0.0000,1538.2220
912,1,2,1,63.9570,169.8830,0.0000,970.1970,196.2040,136.5910,0.0000,0.0000,1536.8320
913,1,2,1,61.3780,166.2830,0.0000,968.4860,194.2650,133.7480,0.0000,0.0000,1524.1600
914,1,2,0,63.0520,166.8120,0.0000,968.9110,194.5170,134.3760,0.0000,0.0000,1527.6680
915,1,2,1,61.1510,165.4520,0.0000,965.8090,195.1390,134.3390,0.0000,0.0000,1521.8900
916,1,2,1,62.5110,164.8670,0.0000,969.5320,192.6520,133.7540,0.0000,0.0000,1523.3160
917,1,2,1,62.7930,164.9910,0.0000,1004.6950,201.6610,137.2980,0.0000,0.0000,1571.4380
918,1,2,1,63.0950,167.5750,0.0000,973.0590,196.4870,137.4220,0.0000,0.0000,1537.6380
919,1,2,1,61.6180,164.8250,0.0000,970.6530,193.5510,135.6620,0.0000,0.0000,1526.3090
920,1,2,0,63.1140,166.1660,0.0000,967.2180,193.3420,135.2670,0.0000,0.0000,1525.1070
921,1,2,1,61.7910,165.1760,0.0000,969.4830,192.6150,134.5730,0.0000,0.0000,1523.6380
922,1,2,1,62.8740,165.9880,0.0000,964.5970,193.3410,134.6400,0.0000,0.0000,1521.4400
923,1,2,1,62.5540,165.0700,0.0000,968.0180,230.6340,138.3390,0.0000,0.0000,1564.6150
924,1,2,1,61.6490,169.5750,0.0000,966.0800,196.6830,135.0280,0.0000,0.0000,1529.0150
925,1,2,1,61.9330,163.6370,0.0000,968.3630,195.1080,135.2000,0.0000,0.0000,1524.2410
926,1,2,1,60.5350,165.4100,0.0000,968.7450,194.6950,136.0800,0.0000,0.0000,1525.4650
927,1,2,1,61.2430,164.4930,0.0000,969.7410,193.6920,136.0670,0.0000,0.0000,1525.2360
928,1,2,1,62.3260,165.1450,0.0000,969.7540,192.8560,134.1970,0.0000,0.0000,1524.2780
929,1,2,1,61.3850,165.8650,0.0000,963.9320,195.1940,135.8590,0.0000,0.0000,1522.2350
930,1,2,1,68.6830,171.3530,0.0000,970.3200,196.5910,136.2280,0.0000,0.0000,1543.1750
931,1,2,1,60.9420,167.0400,0.0000,969.4220,195.6060,133.9330,0.0000,0.0000,1526.9430
932,1,2,1,61.8650,165.6920,0.0000,968.9170,194.2580,134.8560,0.0000,0.0000,1525.5880
933,1,2,1,62.1970,166.5780,0.0000,965.6680,192.9110,134.9660,0.0000,0.0000,1522.3200
934,1,2,1,62.3140,164.2640,0.0000,967.8580,195.1880,133.7470,0.0000,0.0000,1523.3710
935,1,2,0,61.9510,166.3020,0.0000,966.8490,194.5720,133.2250,0.0000,0.0000,1522.8990
936,0,2,0,61.0830,206.7570,0.0000,969.3420,197.2300,136.1600,0.0000,0.0000,1570.5720
937,1,2,1,62.0130,166.1410,0.0000,963.8580,193.4770,135.8590,0.0000,0.0000,1521.3480
938,1,2,1,62.6270,165.0090,0.0000,971.4580,194.3690,134.8000,0.0000,0.0000,1528.2630
939,1,2,1,62.1170,164.4920,0.0000,964.0300,192.8860,134.5780,0.0000,0.0000,1518.1030
940,1,2,1,62.4920,163.8960,0.0000,967.8090,193.0470,135.1140,0.0000,0.0000,1522.3580
941,1,2,1,62.4070,164.8430,0.0000,965.9810,194.3510,134.7080,0.0000,0.0000,1522.2900
942,1,2,1,61.0340,166.5350,0.0000,962.9170,202.4800,136.8800,0.0000,0.0000,1529.8460
943,1,2,1,63.4150,167.2000,0.0000,967.9760,194.6030,134.9660,0.0000,0.0000,1528.1600
944,1,2,1,62.8620,165.3350,0.0000,970.6650,193.9690,136.3820,0.0000,0.0000,1529.2130
945,1,2,1,62.6150,166.0000,0.0000,967.6310,193.3350,136.7870,0.0000,0.0000,1526.3680
946,1,2,1,62.0740,166.3380,0.0000,963.3110,194.5100,135.6120,0.0000,0.0000,1521.8450
947,1,2,1,63.6930,163.8400,0.0000,965.2980,192.7630,135.0030,0.0000,0.0000,1520.5970
948,0,2,0,62.4930,165.9390,0.0000,970.2590,203.3600,135.0580,0.0000,0.0000,1537.1090
949,1,2,1,63.0040,168.1170,0.0000,968.8680,196.6150,134.4370,0.0000,0.0000,1531.0410
950,1,2,1,61.4590,166.0430,0.0000,964.2030,193.8830,136.4920,0.0000,0.0000,1522.0800
951,1,2,1,61.8330,167.0770,0.0000,966.6220,193.7780,133.2990,0.0000,0.0000,1522.6090
952,1,2,1,60.9290,167.8650,0.0000,964.1660,196.1660,135.0770,0.0000,0.0000,1524.2030
953,1,2,1,62.9110,164.2400,0.0000,963.5810,193.2310,132.9850,0.0000,0.0000,1516.9480
954,1,2,1,63.1020,165.4220,0.0000,975.4400,201.3410,137.2920,0.0000,0.0000,1542.5970
955,1,2,1,61.9330,167.3720,0.0000,967.7600,193.2860,135.9380,0.0000,0.0000,1526.2890
956,1,2,1,62.2890,165.0900,0.0000,972.1910,194.9290,133.6000,0.0000,0.0000,1528.0990
957,1,2,1,60.8740,165.8890,0.0000,966.8490,193.0400,135.9810,0.0000,0.0000,1522.6330
958,1,2,1,62.6520,163.7910,0.0000,969.8770,192.4560,136.4430,0.0000,0.0000,1525.2190
959,1,2,1,61.3540,165.4280,0.0000,968.9230,194.4250,135.0460,0.0000,0.0000,1525.1760
960,1,2,1,61.7910,164.7700,0.0000,976.1110,201.8030,135.7230,0.0000,0.0000,1540.1980
961,1,2,1,62.2150,167.5080,0.0000,970.9410,195.4710,136.5410,0.0000,0.0000,1532.6760
962,0,2,1,61.9140,166.4060,0.0000,971.4340,194.6160,135.3290,0.0000,0.0000,1529.6990
963,1,2,1,61.8710,165.1810,0.0000,970.3330,195.5330,133.6610,0.0000,0.0000,1526.5790
964,1,2,1,62.2280,164.8920,0.0000,966.8740,193.0830,133.5200,0.0000,0.0000,1520.5970
965,1,2,1,60.9660,165.2680,0.0000,967.8150,194.7260,133.4700,0.0000,0.0000,1522.2450
966,1,2,1,61.2860,165.9630,0.0000,1030.2520,203.2370,139.6980,0.0000,0.0000,1600.4360
967,1,2,1,62.0740,167.4770,0.0000,971.8640,196.9040,138.6710,0.0000,0.0000,1536.9900
968,1,2,1,62.7260,164.3020,0.0000,966.3080,194.5730,135.2990,0.0000,0.0000,1523.2080
969,1,2,1,62.9170,166.2830,0.0000,966.2090,194.9910,135.1140,0.0000,0.0000,1525.5140
970,0,2,0,62.5910,165.3970,0.0000,972.6710,193.6930,134.9600,0.0000,0.0000,1529.3120
971,1,2,1,61.7230,163.5080,0.0000,967.6120,193.0770,133.4400,0.0000,0.0000,1519.3600
972,0,2,0,61.2740,165.5200,0.0000,964.7760,246.8930,137.4650,0.0000,0.0000,1575.9280
973,1,2,1,63.0400,171.3290,0.0000,971.6440,197.7470,135.8400,0.0000,0.0000,1539.6000
974,1,2,1,62.4800,167.0890,0.0000,972.0680,194.7200,137.0520,0.0000,0.0000,1533.4090
975,1,2,1,62.8370,165.0770,0.0000,966.7270,193.2550,134.9350,0.0000,0.0000,1522.8310
976,1,2,1,62.4120,163.5080,0.0000,968.3200,193.9020,135.8650,0.0000,0.0000,1524.0070
977,1,2,1,61.6550,163.9940,0.0000,970.3320,190.8490,135.1690,0.0000,0.0000,1521.9990
978,1,2,1,62.3200,164.5290,0.0000,970.3260,194.7010,180.8370,0.0000,0.0000,1572.7130
979,0,2,0,62.5110,172.8800,0.0000,969.0520,196.8550,135.8150,0.0000,0.0000,1537.1130
980,0,2,0,62.4670,165.8400,0.0000,966.0440,195.7470,134.1540,0.0000,0.0000,1524.2520
981,1,2,0,61.7660,165.3600,0.0000,971.2430,192.3700,133.1200,0.0000,0.0000,1523.8590
982,1,2,1,63.0710,165.3350,0.0000,968.5350,195.5130,134.5050,0.0000,0.0000,1526.9590
983,0,2,0,61.0890,164.5850,0.0000,970.4560,193.5570,133.6610,0.0000,0.0000,1523.3480
984,1,2,1,62.0980,164.2890,0.0000,970.2090,191.8460,135.3350,0.0000,0.0000,1523.7770
985,1,2,1,60.8490,203.6060,0.0000,969.3410,196.4310,135.4030,0.0000,0.0000,1565.6300
986,1,2,1,63.5330,166.2470,0.0000,970.1230,194.5040,136.8860,0.0000,0.0000,1531.2930
987,1,2,1,61.3290,166.5360,0.0000,964.6650,193.7790,133.9200,0.0000,0.0000,1520.2290
988,1,2,1,62.2460,163.6680,0.0000,973.1820,193.7600,132.6770,0.0000,0.0000,1525.5330
989,1,2,1,61.2800,164.1050,0.0000,968.9230,193.4890,134.3750,0.0000,0.0000,1522.1720
990,1,2,1,60.8800,165.9130,0.0000,963.8030,190.3810,135.7170,0.0000,0.0000,1516.6940
991,1,2,1,61.6800,164.0120,0.0000,1012.5230,199.9450,136.2280,0.0000,0.0000,1574.3880
992,0,2,0,61.0270,166.2960,0.0000,969.4520,194.4430,136.1110,0.0000,0.0000,1527.3290
993,1,2,1,62.8800,165.3900,0.0000,967.5570,195.5450,134.3940,0.0000,0.0000,1525.7660
994,1,2,1,62.4860,165.4770,0.0000,968.1480,193.4830,135.7970,0.0000,0.0000,1525.3910
995,0,2,0,60.8800,164.5850,0.0000,971.1750,195.1630,134.7130,0.0000,0.0000,1526.5160
996,1,2,1,61.2370,163.2430,0.0000,970.8860,192.8060,133.8770,0.0000,0.0000,1522.0490
997,0,2,0,63.2000,165.1450,0.0000,971.6860,197.7910,137.3050,0.0000,0.0000,1535.1270
998,1,2,1,62.1230,167.3720,0.0000,968.1050,194.7010,136.8000,0.0000,0.0000,1529.1010
999,1,2,0,62.0070,164.8310,0.0000,972.3760,193.6920,134.2280,0.0000,0.0000,1527.1340
1000,1,2,1,62.3510,163.7170,0.0000,969.5140,193.5810,133.0700,0.0000,0.0000,1522.2330
1001,1,2,1,62.4000,164.5720,0.0000,969.6370,192.7690,134.1410,0.0000,0.0000,1523.5190
1002,1,2,1,64.0190,164.8930,0.0000,970.3080,194.5790,134.0500,0.0000,0.0000,1527.8490
1003,1,2,1,63.3470,165.1820,0.0000,973.7050,205.1630,138.6280,0.0000,0.0000,1546.0250
1004,1,2,1,63.8030,170.5350,0.0000,968.8250,194.7260,133.9570,0.0000,0.0000,1531.8460
1005,1,2,1,60.6580,166.6950,0.0000,970.2700,194.3260,134.4120,0.0000,0.0000,1526.3610
1006,1,2,1,62.2950,163.7170,0.0000,965.2620,191.8460,135.0530,0.0000,0.0000,1518.1730
1007,1,2,1,63.1810,164.8930,0.0000,968.1660,194.0310,132.7820,0.0000,0.0000,1523.0530
1008,1,2,1,62.4060,164.1110,0.0000,965.9750,193.7350,135.0710,0.0000,0.0000,1521.2980
1009,1,2,1,62.8130,165.4770,0.0000,974.5290,202.0620,136.5470,0.0000,0.0000,1541.4280
1010,0,2,1,63.0640,168.5530,0.0000,967.0950,192.3940,134.0620,0.0000,0.0000,1525.1680
1011,1,2,1,60.9970,166.1050,0.0000,967.8770,194.8500,136.7690,0.0000,0.0000,1526.5980
1012,1,2,1,61.8700,166.7330,0.0000,968.1470,193.3540,134.5720,0.0000,0.0000,1524.6760
1013,1,2,1,61.3970,164.6640,0.0000,970.2160,194.2220,132.7200,0.0000,0.0000,1523.2190
1014,1,2,1,61.7420,165.4150,0.0000,966.1600,194.6900,134.9970,0.0000,0.0000,1523.0040
1015,1,2,1,59.9820,163.4530,0.0000,968.9470,203.8700,141.1320,0.0000,0.0000,1537.3840
1016,1,2,1,63.5130,166.3330,0.0000,972.6030,193.1750,137.2920,0.0000,0.0000,1532.9160
1017,1,2,1,61.7170,164.3330,0.0000,966.4120,195.6190,135.9940,0.0000,0.0000,1524.0750
1018,1,2,1,63.4150,165.6310,0.0000,970.0860,194.4980,135.7470,0.0000,0.0000,1529.3770
1019,1,2,1,61.7050,167.0710,0.0000,966.8430,193.7290,134.1410,0.0000,0.0000,1523.4890
1020,1,2,1,62.6280,165.8590,0.0000,967.9380,193.0210,134.4430,0.0000,0.0000,1523.8890
1021,1,2,1,62.7140,165.2490,0.0000,963.3350,239.6370,139.0400,0.0000,0.0000,1569.9750
1022,1,2,1,62.8060,169.4650,0.0000,968.1050,195.0340,135.9320,0.0000,0.0000,1531.3420
1023,1,2,1,63.2490,167.2980,0.0000,970.9470,193.7730,135.2250,0.0000,0.0000,1530.4920
1024,1,2,1,60.9410,165.0840,0.0000,965.2680,195.1510,135.5820,0.0000,0.0000,1522.0260
1025,0,2,0,60.8180,164.6890,0.0000,969.6240,192.4300,132.9420,0.0000,0.0000,1520.5030
1026,1,2,1,61.2730,164.5530,0.0000,967.6740,194.6160,133.8650,0.0000,0.0000,1521.9810
1027,1,2,1,62.2030,165.5570,0.0000,969.5870,194.2580,176.6160,0.0000,0.0000,1568.2210
1028,0,2,0,63.9690,169.2800,0.0000,969.7780,197.0160,135.6610,0.0000,0.0000,1535.7040
1029,1,2,1,63.2550,167.0590,0.0000,968.1170,194.4860,134.3140,0.0000,0.0000,1527.2310
1030,1,2,1,61.7290,165.9630,0.0000,966.8490,190.8610,135.3110,0.0000,0.0000,1520.7130
1031,1,2,1,61.1450,166.2160,0.0000,965.6060,194.1470,133.7600,0.0000,0.0000,1520.8740
1032,1,2,1,63.3290,164.5780,0.0000,971.4280,194.3140,134.8440,0.0000,0.0000,1528.4930
1033,1,2,1,61.9570,167.3660,0.0000,967.8580,194.1170,133.3600,0.0000,0.0000,1524.6580
1034,1,2,1,63.1570,173.3660,0.0000,974.5410,200.9780,137.6190,0.0000,0.0000,1549.6610
1035,1,2,1,63.1140,167.7050,0.0000,969.8400,196.3270,138.5720,0.0000,0.0000,1535.5580
1036,1,2,1,62.8310,167.3420,0.0000,965.8330,194.7380,132.9540,0.0000,0.0000,1523.6980
1037,1,2,1,62.0180,166.1290,0.0000,967.0030,195.8760,134.7820,0.0000,0.0000,1525.8080
1038,1,2,1,62.1410,164.1600,0.0000,968.4430,195.9810,134.6210,0.0000,0.0000,1525.3460
1039,1,2,1,61.1750,163.7850,0.0000,965.6680,193.7290,135.2610,0.0000,0.0000,1519.6180
1040,1,2,1,60.5290,219.6310,0.0000,967.8150,203.5070,137.3540,0.0000,0.0000,1588.8360
1041,1,2,1,61.5260,168.6400,0.0000,967.9690,194.4430,136.1480,0.0000,0.0000,1528.7260
1042,1,2,1,61.0030,165.0280,0.0000,967.8150,193.5750,136.7810,0.0000,0.0000,1524.2020
1043,1,2,1,61.6180,165.5630,0.0000,971.1810,194.6340,135.1750,0.0000,0.0000,1528.1710
1044,0,2,0,63.1380,165.5630,0.0000,972.2580,193.2430,133.7100,0.0000,0.0000,1527.9120
1045,1,2,1,60.6650,166.6340,0.0000,968.7750,194.5410,134.5540,0.0000,0.0000,1525.1690
1046,1,2,1,62.1100,163.0710,0.0000,972.1790,202.2770,133.7350,0.0000,0.0000,1533.3720
1047,1,2,1,61.2680,166.7690,0.0000,972.5350,196.6150,135.7300,0.0000,0.0000,1532.9170
1048,1,2,1,62.3010,165.4900,0.0000,967.3600,194.6280,134.0000,0.0000,0.0000,1523.7790
1049,1,2,1,63.1020,165.6560,0.0000,966.8920,195.2730,135.1010,0.0000,0.0000,1526.0240
1050,1,2,1,61.0830,164.5290,0.0000,966.6090,190.9050,134.9050,0.0000,0.0000,1518.0310
1051,0,2,0,62.5840,164.6890,0.0000,972.4680,194.1470,133.5510,0.0000,0.0000,1527.4390
1052,1,2,1,62.5780,165.6500,0.0000,971.0710,198.4800,136.5660,0.0000,0.0000,1534.3450
1053,1,2,1,62.5420,167.1630,0.0000,971.0950,195.1750,134.6090,0.0000,0.0000,1530.5840
1054,0,2,0,62.3450,168.2100,0.0000,966.5720,194.2960,135.7410,0.0000,0.0000,1527.1640
1055,1,2,1,63.2490,165.0210,0.0000,969.0210,194.9170,135.3540,0.0000,0.0000,1527.5620
1056,1,2,1,60.9540,164.6330,0.0000,964.4130,192.6030,136.6340,0.0000,0.0000,1519.2370
1057,1,2,1,61.2190,165.9510,0.0000,967.8150,193.5510,134.4740,0.0000,0.0000,1523.0100
1058,1,2,1,61.2990,166.0800,0.0000,973.2610,200.5840,137.3230,0.0000,0.0000,1538.5470
1059,1,2,1,61.6060,168.1290,0.0000,968.7070,198.1110,135.9510,0.0000,0.0000,1532.5040
1060,1,2,1,63.9570,168.3880,0.0000,964.3570,192.9230,133.9630,0.0000,0.0000,1523.5880
1061,1,2,1,60.2400,166.8500,0.0000,968.4670,193.5010,133.4770,0.0000,0.0000,1522.5350
1062,1,2,1,62.0430,165.8330,0.0000,971.3660,193.5820,135.1940,0.0000,0.0000,1528.0180
1063,1,2,1,61.3910,164.8860,0.0000,970.0860,196.7140,133.8030,0.0000,0.0000,1526.8800
1064,1,2,1,61.6680,165.0770,0.0000,973.1760,201.4710,137.3970,0.0000,0.0000,1538.7890
1065,1,2,1,61.6990,168.0920,0.0000,966.4560,193.2490,133.4960,0.0000,0.0000,1522.9920
1066,1,2,1,62.3450,166.5720,0.0000,966.4000,194.1230,131.9020,0.0000,0.0000,1521.3420
1067,1,2,1,62.0670,166.3810,0.0000,971.0270,195.6490,136.1170,0.0000,0.0000,1531.2410
1068,1,2,1,63.7480,164.3570,0.0000,965.4280,197.1320,135.2120,0.0000,0.0000,1525.8770
1069,1,2,1,62.2520,164.6590,0.0000,966.8120,193.6250,135.0830,0.0000,0.0000,1522.4310
1070,1,2,1,60.5360,163.8030,0.0000,967.4150,268.8310,153.5760,0.0000,0.0000,1614.1610
1071,1,2,1,66.1350,182.8300,0.0000,975.1380,202.2280,141.2300,0.0000,0.0000,1567.5610
1072,1,2,1,65.0590,171.9070,0.0000,975.6980,198.7390,137.2180,0.0000,0.0000,1548.6210
1073,1,2,1,62.2830,167.8650,0.0000,968.5230,195.0150,135.6860,0.0000,0.0000,1529.3720
1074,1,2,1,61.5390,168.0930,0.0000,969.8650,194.0800,135.9570,0.0000,0.0000,1529.5340
1075,1,2,1,62.1670,166.4250,0.0000,963.9510,193.1690,136.6340,0.0000,0.0000,1522.3460
1076,1,2,1,62.9410,163.2060,0.0000,969.6180,272.0800,140.6220,0.0000,0.0000,1608.4670
1077,1,2,1,64.8620,174.3750,0.0000,973.1080,196.9300,140.0430,0.0000,0.0000,1549.3180
1078,0,2,0,62.1480,165.1440,0.0000,964.9540,193.1940,135.5870,0.0000,0.0000,1521.0270
1079,1,2,1,61.5760,167.2000,0.0000,966.6400,192.5660,135.6980,0.0000,0.0000,1523.6800
1080,1,2,1,61.1810,163.8400,0.0000,970.2220,192.6830,136.2280,0.0000,0.0000,1524.1540
1081,1,2,1,62.3940,164.1110,0.0000,972.7140,194.8550,137.0650,0.0000,0.0000,1531.1390
1082,0,2,1,61.9260,164.1470,0.0000,968.6340,238.7440,144.4500,0.0000,0.0000,1577.9010
1083,1,2,1,62.0620,170.3940,0.0000,972.4370,198.1290,136.9410,0.0000,0.0000,1539.9630
1084,1,2,1,63.2490,165.0520,0.0000,970.8740,197.7850,135.5130,0.0000,0.0000,1532.4730
1085,1,2,1,62.6770,167.1200,0.0000,967.5810,194.7750,136.9480,0.0000,0.0000,1529.1010
1086,1,2,1,61.7600,165.4830,0.0000,971.3170,191.4770,134.3260,0.0000,0.0000,1524.3630
1087,1,2,1,61.8150,163.8590,0.0000,967.8340,195.6000,134.1480,0.0000,0.0000,1523.2560
1088,1,2,0,62.3630,166.4670,0.0000,973.3480,193.3410,173.9630,0.0000,0.0000,1569.4820
1089,0,2,0,65.9750,168.0860,0.0000,967.1260,197.4890,135.8400,0.0000,0.0000,1534.5160
1090,1,2,1,62.2520,165.2800,0.0000,967.5380,196.6900,135.3600,0.0000,0.0000,1527.1200
1091,1,2,1,61.2670,163.2180,0.0000,967.1690,193.3900,134.6030,0.0000,0.0000,1519.6470
1092,0,2,0,60.6280,165.6000,0.0000,968.6830,193.8580,132.2270,0.0000,0.0000,1520.9960
1093,1,2,0,61.4280,166.0120,0.0000,970.0730,194.4740,135.5690,0.0000,0.0000,1527.5560
1094,1,2,1,63.2980,163.1930,0.0000,969.0220,193.8890,136.4120,0.0000,0.0000,1525.8140
1095,1,2,1,62.6900,218.0670,0.0000,972.2040,199.8580,136.4130,0.0000,0.0000,1589.2320
1096,1,2,1,62.3820,167.8950,0.0000,969.0700,195.5320,134.3200,0.0000,0.0000,1529.1990
1097,0,2,0,62.7820,165.3850,0.0000,969.4220,194.6330,135.0950,0.0000,0.0000,1527.3170
1098,1,2,1,62.3940,165.5940,0.0000,966.2830,192.3820,137.3660,0.0000,0.0000,1524.0190
1099,0,2,0,61.0830,163.9140,0.0000,965.7720,194.2840,133.1200,0.0000,0.0000,1518.1730
1100,1,2,1,61.1820,164.4860,0.0000,971.4700,194.1230,134.3390,0.0000,0.0000,1525.6000
1101,1,2,1,62.2160,163.9380,0.0000,966.3700,201.8580,138.0920,0.0000,0.0000,1532.4740
1102,0,2,0,62.9290,169.0580,0.0000,969.8210,196.0990,133.8700,0.0000,0.0000,1531.7770
1103,1,2,1,62.7010,164.2830,0.0000,968.5480,196.1900,135.0210,0.0000,0.0000,1526.7430
1104,1,2,1,60.5480,164.8370,0.0000,968.5780,191.7350,133.6190,0.0000,0.0000,1519.3170
1105,1,2,1,61.6430,163.9630,0.0000,967.6930,193.8220,134.1540,0.0000,0.0000,1521.2750
1106,1,2,1,61.0770,164.4120,0.0000,969.5330,192.2340,133.8640,0.0000,0.0000,1521.1200
1107,1,2,1,61.7410,164.5470,0.0000,961.5570,205.2620,140.5350,0.0000,0.0000,1533.6420
1108,1,2,0,62.7880,167.6680,0.0000,970.4120,195.5690,137.6300,0.0000,0.0000,1534.0670
1109,1,2,1,62.6890,166.1170,0.0000,973.1070,195.0460,134.1660,0.0000,0.0000,1531.1250
1110,1,2,1,62.9410,165.1450,0.0000,966.7820,193.7050,135.5640,0.0000,0.0000,1524.1370
1111,1,2,1,61.2120,166.2460,0.0000,967.6000,195.0150,135.5940,0.0000,0.0000,1525.6670
1112,1,2,1,61.6370,163.9080,0.0000,964.2400,194.1970,134.3630,0.0000,0.0000,1518.3450
1113,0,2,0,62.6280,164.2590,0.0000,970.8250,201.3840,138.6640,0.0000,0.0000,1537.7600
1114,1,2,1,62.7760,169.5070,0.0000,968.9910,196.7440,136.6650,0.0000,0.0000,1534.6830
1115,0,2,1,62.2340,166.3930,0.0000,967.9390,193.0950,133.8280,0.0000,0.0000,1523.4890
1116,0,2,0,61.5450,165.6740,0.0000,972.6270,193.0640,134.6150,0.0000,0.0000,1527.5250
1117,1,2,1,61.9750,165.2250,0.0000,966.7380,194.9720,134.0560,0.0000,0.0000,1522.9660
1118,1,2,1,62.1480,169.0270,0.0000,964.7760,194.9720,137.4710,0.0000,0.0000,1528.3940
1119,1,2,1,61.4580,166.9110,0.0000,969.2860,200.9780,139.2870,0.0000,0.0000,1537.9200
1120,1,2,1,61.2000,168.1410,0.0000,971.4460,194.8190,134.8250,0.0000,0.0000,1530.4310
1121,1,2,1,62.5290,165.8340,0.0000,969.1930,193.9870,134.7760,0.0000,0.0000,1526.3190
1122,1,2,1,61.4520,164.0310,0.0000,971.6370,195.5820,134.1780,0.0000,0.0000,1526.8800
1123,0,2,0,61.6000,165.9940,0.0000,965.6000,194.4000,134.6520,0.0000,0.0000,1522.2460
1124,0,2,0,61.6740,163.6190,0.0000,969.2490,194.2220,135.0150,0.0000,0.0000,1523.7790
1125,1,2,1,61.5260,164.1720,0.0000,982.9720,201.0530,137.4960,0.0000,0.0000,1547.2190
1126,1,2,1,62.4370,166.4430,0.0000,971.1700,195.7040,138.2710,0.0000,0.0000,1534.0250
1127,1,2,1,60.5910,166.7690,0.0000,972.2400,193.8640,137.7230,0.0000,0.0000,1531.1870
1128,1,2,1,61.6180,164.9290,0.0000,968.3880,193.5200,135.8520,0.0000,0.0000,1524.3070
1129,0,2,0,62.9360,165.7170,0.0000,966.9480,194.6460,134.6150,0.0000,0.0000,1524.8620
1130,0,2,0,62.9480,162.9350,0.0000,967.1930,195.1570,133.5440,0.0000,0.0000,1521.7770
1131,1,2,0,62.0670,164.9790,0.0000,966.0740,233.4160,140.1110,0.0000,0.0000,1566.6470
1132,1,2,0,61.5140,169.3290,0.0000,971.3170,195.5510,136.7630,0.0000,0.0000,1534.4740
1133,1,2,1,62.4680,166.6160,0.0000,966.5600,193.6060,135.8890,0.0000,0.0000,1525.1390
1134,1,2,1,63.1560,166.0620,0.0000,971.8460,192.1480,137.1570,0.0000,0.0000,1530.3690
1135,1,2,1,61.5440,164.2270,0.0000,968.5350,193.0950,133.7410,0.0000,0.0000,1521.1420
1136,1,2,1,62.3140,164.4310,0.0000,966.9540,194.5480,134.9350,0.0000,0.0000,1523.1820
1137,1,2,1,61.7670,165.3720,0.0000,965.1260,197.1320,180.5350,0.0000,0.0000,1569.9320
1138,1,2,1,63.9080,174.0550,0.0000,970.4180,198.0190,138.3200,0.0000,0.0000,1544.7200
1139,1,2,1,62.2340,166.8060,0.0000,971.9260,196.1840,135.2430,0.0000,0.0000,1532.3930
1140,0,2,0,61.6990,165.3350,0.0000,967.0890,194.3380,135.4770,0.0000,0.0000,1523.9380
1141,0,2,1,62.0990,165.0340,0.0000,969.1080,191.6560,135.4030,0.0000,0.0000,1523.3000
1142,1,2,1,62.7880,165.9510,0.0000,969.1200,194.3940,134.5050,0.0000,0.0000,1526.7580
1143,1,2,1,62.6590,165.3970,0.0000,965.1570,194.4860,133.6680,0.0000,0.0000,1521.3670
1144,0,2,0,61.7660,212.6830,0.0000,966.4310,198.6090,137.2620,0.0000,0.0000,1576.7510
1145,1,2,1,62.8500,166.4310,0.0000,970.7820,195.7230,137.1810,0.0000,0.0000,1532.9670
1146,1,2,1,60.6460,166.4800,0.0000,968.3140,195.6060,134.6150,0.0000,0.0000,1525.6610
1147,1,2,1,62.3080,164.3200,0.0000,975.7780,194.3140,134.9960,0.0000,0.0000,1531.7160
1148,1,2,1,61.0270,163.7790,0.0000,967.8590,194.5360,133.8890,0.0000,0.0000,1521.0900
1149,1,2,0,60.9300,165.1390,0.0000,967.5140,194.4430,133.9870,0.0000,0.0000,1522.0130
1150,1,2,1,62.8070,163.7850,0.0000,1035.3780,206.3760,138.5730,0.0000,0.0000,1606.9190
1151,1,2,1,62.5910,168.1170,0.0000,967.5260,195.2980,136.9780,0.0000,0.0000,1530.5100
1152,1,2,1,61.3780,167.2800,0.0000,969.1940,193.6670,136.7750,0.0000,0.0000,1528.2940
1153,1,2,1,61.6610,164.5290,0.0000,967.7910,193.1500,133.9260,0.0000,0.0000,1521.0570
1154,1,2,1,62.8740,164.2280,0.0000,966.0370,194.7760,135.6310,0.0000,0.0000,1523.5460
1155,1,2,1,62.5850,164.8930,0.0000,969.5880,193.4040,131.8100,0.0000,0.0000,1522.2800
1156,1,2,1,63.8650,165.1870,0.0000,965.7660,201.9940,137.4210,0.0000,0.0000,1534.2330
1157,1,2,1,62.3690,168.7080,0.0000,969.0400,196.9840,136.0860,0.0000,0.0000,1533.1870
1158,1,2,1,64.2400,166.8430,0.0000,971.0220,194.8860,136.1300,0.0000,0.0000,1533.1210
1159,1,2,1,62.1420,164.5910,0.0000,967.2310,195.2980,135.4590,0.0000,0.0000,1524.7210
1160,1,2,1,61.1200,165.3970,0.0000,966.3820,193.8590,133.0960,0.0000,0.0000,1519.8540
1161,1,2,1,60.2280,163.6990,0.0000,964.2340,193.9330,134.6890,0.0000,0.0000,1516.7830
1162,1,2,1,63.0580,162.2840,0.0000,973.7540,200.4990,135.6000,0.0000,0.0000,1535.1950
1163,1,2,1,61.8030,167.3350,0.0000,971.4330,197.1570,135.4150,0.0000,0.0000,1533.1430
1164,1,2,1,63.2060,166.4610,0.0000,966.9290,193.8210,136.9600,0.0000,0.0000,1527.3770
1165,1,2,1,61.0580,163.6920,0.0000,967.4900,192.6030,134.6460,0.0000,0.0000,1519.4890
1166,1,2,1,59.1700,164.6030,0.0000,968.7140,194.5660,134.7750,0.0000,0.0000,1521.8280
1167,1,2,1,61.8650,165.0840,0.0000,967.1380,192.7630,133.6740,0.0000,0.0000,1520.5240
1168,1,2,1,62.0860,164.6590,0.0000,974.7570,202.8250,138.2210,0.0000,0.0000,1542.5480
1169,0,2,1,61.7720,168.4560,0.0000,968.0930,195.7170,135.5820,0.0000,0.0000,1529.6200
1170,1,2,1,64.1900,164.3570,0.0000,972.2220,194.1290,134.7020,0.0000,0.0000,1529.6000
1171,1,2,1,60.8990,167.7600,0.0000,966.6150,194.1540,135.9200,0.0000,0.0000,1525.3480
1172,1,2,1,59.6120,167.1760,0.0000,971.9570,194.2840,135.1810,0.0000,0.0000,1528.2100
1173,1,2,1,61.3350,164.1910,0.0000,970.6650,193.0280,135.1200,0.0000,0.0000,1524.3390
1174,0,2,0,63.4030,164.8920,0.0000,971.7600,200.7630,136.5660,0.0000,0.0000,1537.3840
1175,1,2,1,61.7540,168.8000,0.0000,969.7970,195.3110,135.6060,0.0000,0.0000,1531.2680
1176,0,2,0,62.5970,164.3500,0.0000,966.4930,194.3570,136.8310,0.0000,0.0000,1524.6280
1177,0,2,0,69.8030,175.8150,0.0000,972.5720,199.7230,139.8100,0.0000,0.0000,1557.7230
1178,1,2,1,64.3820,166.7940,0.0000,966.9420,195.8400,135.5260,0.0000,0.0000,1529.4840
1179,1,2,1,61.8280,165.4700,0.0000,971.3420,194.7380,134.1420,0.0000,0.0000,1527.5200
1180,1,2,1,61.7670,165.1080,0.0000,1016.0800,203.0650,138.1230,0.0000,0.0000,1584.1430
1181,1,2,1,63.4340,168.0490,0.0000,970.4500,195.3050,134.6280,0.0000,0.0000,1531.8660
1182,1,2,1,61.2620,164.9230,0.0000,968.9840,193.6000,135.7600,0.0000,0.0000,1524.5290
1183,0,2,0,61.7410,166.3320,0.0000,969.5330,193.3410,133.8830,0.0000,0.0000,1524.8300
1184,1,2,1,62.4000,163.4890,0.0000,968.3630,191.0770,135.5570,0.0000,0.0000,1520.8860
1185,1,2,1,62.0860,165.0830,0.0000,965.1940,194.1850,134.9410,0.0000,0.0000,1521.4890
1186,1,2,1,62.3380,165.8400,0.0000,970.2270,249.2610,140.0920,0.0000,0.0000,1587.7580
1187,1,2,1,61.5880,171.8890,0.0000,967.6680,198.5350,134.6760,0.0000,0.0000,1534.3560
1188,1,2,1,63.6860,166.7380,0.0000,966.2220,194.8800,133.6800,0.0000,0.0000,1525.2060
1189,1,2,1,61.7300,166.3320,0.0000,967.5010,191.8090,134.8670,0.0000,0.0000,1522.2390
1190,0,2,0,61.8520,166.1840,0.0000,966.8300,194.0550,135.6490,0.0000,0.0000,1524.5700
1191,1,2,1,62.0000,165.0160,0.0000,967.4900,194.6530,133.3790,0.0000,0.0000,1522.5380
1192,1,2,1,61.2120,165.4890,0.0000,966.6280,194.2770,175.9270,0.0000,0.0000,1563.5330
1193,1,2,1,64.3260,169.5810,0.0000,970.6340,197.4160,136.5360,0.0000,0.0000,1538.4930
1194,1,2,1,63.5750,165.6430,0.0000,965.7350,195.1080,134.0490,0.0000,0.0000,1524.1100
1195,1,2,1,62.2840,165.2990,0.0000,968.6340,193.1320,132.7570,0.0000,0.0000,1522.1060
1196,1,2,1,62.7010,166.1040,0.0000,968.7630,193.7350,134.8670,0.0000,0.0000,1526.1700
1197,1,2,1,61.2490,167.0030,0.0000,969.7840,192.8490,135.1570,0.0000,0.0000,1526.0420
1198,1,2,1,61.7050,164.3080,0.0000,971.0520,192.4180,135.3780,0.0000,0.0000,1524.8610
1199,1,2,1,62.6650,211.4770,0.0000,973.8890,197.3910,137.6370,0.0000,0.0000,1583.0590
1200,1,2,1,61.4530,167.6930,0.0000,969.5200,193.2680,135.5320,0.0000,0.0000,1527.4660
1201,1,2,1,60.4550,165.4590,0.0000,969.2120,194.7330,134.0120,0.0000,0.0000,1523.8710
1202,1,2,1,62.2530,165.2310,0.0000,966.5600,192.9730,132.7760,0.0000,0.0000,1519.7930
1203,1,2,1,62.4980,164.5780,0.0000,969.5390,191.2060,133.9760,0.0000,0.0000,1521.7970
1204,1,2,1,64.4300,166.7630,0.0000,966.9410,194.4430,134.8130,0.0000,0.0000,1527.3900
1205,1,2,1,62.9660,163.5200,0.0000,997.6120,201.3910,136.6150,0.0000,0.0000,1562.1040
1206,1,2,1,62.0300,169.0100,0.0000,968.9600,195.6310,134.1170,0.0000,0.0000,1529.7480
1207,0,2,0,60.0060,167.0710,0.0000,967.4400,194.9780,135.3170,0.0000,0.0000,1524.8120
1208,1,2,1,61.3660,164.4560,0.0000,971.9630,193.8340,134.3330,0.0000,0.0000,1525.9520
1209,1,2,0,61.9450,165.7100,0.0000,966.7080,191.8280,138.4550,0.0000,0.0000,1524.6460
1210,1,2,1,61.8460,162.0860,0.0000,966.3450,194.9910,134.5790,0.0000,0.0000,1519.8470
1211,1,2,1,62.8180,162.9720,0.0000,972.6210,200.6100,137.3540,0.0000,0.0000,1536.3750
1212,1,2,1,65.1200,167.8460,0.0000,966.1730,195.2920,135.1260,0.0000,0.0000,1529.5570
1213,1,2,1,63.4460,166.6400,0.0000,967.3660,194.1420,134.8800,0.0000,0.0000,1526.4740
1214,1,2,1,60.5970,164.6590,0.0000,970.0800,193.7480,135.6670,0.0000,0.0000,1524.7510
1215,1,2,1,61.9320,165.1010,0.0000,971.0830,194.9600,133.6800,0.0000,0.0000,1526.7560
1216,1,2,1,61.2680,164.0370,0.0000,974.3940,194.3080,132.7320,0.0000,0.0000,1526.7390
1217,1,2,1,60.6160,165.2310,0.0000,975.1080,203.3420,137.1570,0.0000,0.0000,1541.4540
1218,0,2,0,61.6550,169.1940,0.0000,971.0030,194.9600,137.3960,0.0000,0.0000,1534.2080
1219,1,2,1,62.6100,167.5390,0.0000,970.9790,194.5540,134.4370,0.0000,0.0000,1530.1190
1220,0,2,0,62.6830,166.3010,0.0000,967.1700,193.0640,135.8960,0.0000,0.0000,1525.1140
1221,1,2,1,62.0000,165.2490,0.0000,967.5690,194.1170,135.0520,0.0000,0.0000,1523.9870
1222,0,2,0,60.8000,164.8060,0.0000,965.7040,192.9290,136.0860,0.0000,0.0000,1520.3250
1223,1,2,1,62.0120,164.4370,0.0000,975.2550,205.1500,138.5420,0.0000,0.0000,1545.3960
1224,1,2,1,62.7690,166.2520,0.0000,973.3470,196.3880,137.4590,0.0000,0.0000,1536.2150
1225,1,2,1,62.6280,167.4830,0.0000,972.0800,191.9260,135.0520,0.0000,0.0000,1529.1690
1226,0,2,0,62.2400,165.6430,0.0000,965.1450,194.0180,137.7170,0.0000,0.0000,1524.7630
1227,0,2,0,62.8680,165.1690,0.0000,968.1290,195.2310,135.5570,0.0000,0.0000,1526.9540
1228,1,2,1,63.1690,164.7450,0.0000,968.2770,194.2830,135.1940,0.0000,0.0000,1525.6680
1229,1,2,1,62.6400,166.1600,0.0000,970.1420,199.8090,136.7010,0.0000,0.0000,1535.4520
1230,1,2,0,62.7070,167.1390,0.0000,967.7780,194.0560,134.6460,0.0000,0.0000,1526.3260
1231,1,2,1,61.3910,166.1230,0.0000,967.5880,193.6370,135.4830,0.0000,0.0000,1524.2220
1232,0,2,1,61.4650,166.3510,0.0000,968.7330,193.8890,134.2460,0.0000,0.0000,1524.6840
1233,1,2,1,63.2920,165.6190,0.0000,964.8740,193.9380,135.5020,0.0000,0.0000,1523.2250
1234,0,2,0,63.5630,165.4470,0.0000,968.7630,193.3780,135.0400,0.0000,0.0000,1526.1910
1235,1,2,1,61.5020,165.7850,0.0000,968.4190,238.3810,136.9910,0.0000,0.0000,1571.0780
1236,1,2,1,63.1320,170.2030,0.0000,975.7780,196.7630,135.9940,0.0000,0.0000,1541.8700
1237,1,2,0,62.1660,167.6490,0.0000,969.2730,192.9840,134.6830,0.0000,0.0000,1526.7550
1238,1,2,0,62.3450,165.1760,0.0000,968.6770,193.2190,135.7110,0.0000,0.0000,1525.1280
1239,1,2,1,62.6330,163.8830,0.0000,964.6640,195.7600,133.9020,0.0000,0.0000,1520.8420
1240,1,2,1,60.3760,165.1020,0.0000,967.9260,194.2330,134.9290,0.0000,0.0000,1522.5660
1241,1,2,1,60.8740,164.3020,0.0000,968.3570,194.2280,179.6990,0.0000,0.0000,1567.4600
1242,1,2,1,63.3040,168.3690,0.0000,970.2770,196.1910,140.3260,0.0000,0.0000,1538.4670
1243,1,2,1,62.2890,167.4960,0.0000,968.8610,193.5570,134.6090,0.0000,0.0000,1526.8120
1244,1,2,1,61.4220,164.2330,0.0000,967.2800,193.0840,134.7140,0.0000,0.0000,1520.7330
1245,1,2,1,62.1660,164.9660,0.0000,968.9970,194.2270,134.8370,0.0000,0.0000,1525.1930
1246,1,2,1,62.5730,164.6770,0.0000,966.5780,194.3630,133.7850,0.0000,0.0000,1521.9760
1247,1,2,0,60.2400,164.9910,0.0000,966.3760,192.9540,134.0680,0.0000,0.0000,1518.6290
1248,1,2,1,62.7200,171.4280,0.0000,973.9820,197.3110,136.6950,0.0000,0.0000,1542.1360
1249,1,2,1,63.0650,164.9480,0.0000,968.7320,195.6560,134.4060,0.0000,0.0000,1526.8070
1250,1,2,1,61.4650,164.4680,0.0000,967.4770,196.9410,135.0270,0.0000,0.0000,1525.3780
1251,0,2,0,61.1450,162.8620,0.0000,964.9410,194.9170,135.6740,0.0000,0.0000,1519.5390
1252,0,2,0,61.4770,165.2310,0.0000,965.8400,193.8470,134.7870,0.0000,0.0000,1521.1820
1253,1,2,1,61.1510,166.4180,0.0000,968.0620,193.2930,133.4150,0.0000,0.0000,1522.3390
1254,1,2,1,60.0300,164.3320,0.0000,976.3930,200.3940,137.6800,0.0000,0.0000,1538.8290
1255,1,2,1,61.9080,165.7600,0.0000,969.8100,195.0770,134.7140,0.0000,0.0000,1527.2690
1256,0,2,0,61.9630,166.5420,0.0000,969.7040,195.0280,134.9540,0.0000,0.0000,1528.1910
1257,1,2,1,62.6520,164.6890,0.0000,963.4710,194.5730,134.8550,0.0000,0.0000,1520.2400
1258,1,2,1,62.6520,165.0580,0.0000,969.7660,193.5080,134.7080,0.0000,0.0000,1525.6920
1259,1,2,1,61.5820,164.4310,0.0000,968.6340,193.9570,135.1570,0.0000,0.0000,1523.7610
1260,1,2,1,63.7170,164.2580,0.0000,970.7380,202.6090,136.1910,0.0000,0.0000,1537.5130
1261,1,2,0,62.4310,167.4150,0.0000,969.1200,198.5600,134.9170,0.0000,0.0000,1532.4430
1262,1,2,1,62.8180,166.7870,0.0000,967.7290,195.7840,133.3470,0.0000,0.0000,1526.4650
1263,1,2,1,61.6430,165.8220,0.0000,967.9450,193.8460,135.3540,0.0000,0.0000,1524.6100
1264,1,2,1,61.2070,163.9940,0.0000,968.2460,195.2060,134.1230,0.0000,0.0000,1522.7760
1265,0,2,0,62.5600,166.6090,0.0000,970.9850,193.9570,134.2640,0.0000,0.0000,1528.3750
1266,1,2,1,61.2060,165.9510,0.0000,976.2710,223.3050,146.3320,0.0000,0.0000,1573.0650
1267,1,2,1,64.3200,176.7380,0.0000,976.3200,198.8000,138.5170,0.0000,0.0000,1554.6950
1268,1,2,1,63.1320,168.6640,0.0000,969.4770,194.3510,136.0860,0.0000,0.0000,1531.7100
1269,1,2,0,61.7230,165.9260,0.0000,969.8590,194.1170,137.0960,0.0000,0.0000,1528.7210
1270,1,2,1,62.9110,164.4740,0.0000,973.2060,194.9230,136.2270,0.0000,0.0000,1531.7410
1271,1,2,1,62.9600,166.2330,0.0000,968.7080,193.0900,134.6090,0.0000,0.0000,1525.6000
1272,1,2,1,62.3690,164.2520,0.0000,975.2120,201.0280,139.6190,0.0000,0.0000,1542.4800
1273,1,2,1,63.2550,165.9390,0.0000,969.8580,197.4650,136.3940,0.0000,0.0000,1532.9110
1274,1,2,1,61.0520,166.3200,0.0000,968.6830,193.1140,133.3780,0.0000,0.0000,1522.5470
1275,1,2,1,61.1390,166.2220,0.0000,965.7970,192.8740,136.1360,0.0000,0.0000,1522.1680
1276,1,2,1,61.7720,164.5910,0.0000,966.3080,195.5010,135.6310,0.0000,0.0000,1523.8030
1277,1,2,1,61.7540,162.7690,0.0000,970.2580,193.3050,136.4920,0.0000,0.0000,1524.5780
1278,1,2,1,63.0520,165.1260,0.0000,965.7040,203.5450,140.6030,0.0000,0.0000,1538.0300
1279,1,2,1,62.4800,168.4250,0.0000,970.9540,193.5510,134.0550,0.0000,0.0000,1529.4650
1280,1,2,1,61.0700,165.9820,0.0000,963.9820,193.5760,135.1630,0.0000,0.0000,1519.7730
1281,0,2,0,63.7480,165.5630,0.0000,968.2400,193.9450,134.6210,0.0000,0.0000,1526.1170
1282,1,2,1,61.5630,163.8890,0.0000,968.2580,195.0650,136.8310,0.0000,0.0000,1525.6060
1283,1,2,1,61.8460,166.3630,0.0000,969.8280,193.9820,134.1850,0.0000,0.0000,1526.2040
1284,1,2,1,61.6550,163.2990,0.0000,1025.3910,201.2610,135.9940,0.0000,0.0000,1587.6000
1285,1,2,1,63.1930,167.7350,0.0000,966.1970,195.3660,136.1790,0.0000,0.0000,1528.6700
1286,1,2,1,63.9510,166.5230,0.0000,969.7850,195.2800,132.0620,0.0000,0.0000,1527.6010
1287,1,2,1,62.2340,164.9720,0.0000,966.0060,194.9840,134.3140,0.0000,0.0000,1522.5100
1288,1,2,1,61.1010,164.2280,0.0000,965.6930,193.1630,133.5440,0.0000,0.0000,1517.7290
1289,0,2,0,61.9510,164.1970,0.0000,969.2620,194.6090,136.0800,0.0000,0.0000,1526.0990
1290,1,2,1,61.5200,165.6860,0.0000,972.1410,240.0430,138.7510,0.0000,0.0000,1578.1410
1291,1,2,1,63.1200,171.4830,0.0000,970.5110,196.8500,137.0650,0.0000,0.0000,1539.0290
1292,0,2,0,62.6520,167.4710,0.0000,969.6060,193.9560,134.1600,0.0000,0.0000,1527.8450
1293,1,2,1,63.0340,165.4710,0.0000,969.9330,194.4990,134.5230,0.0000,0.0000,1527.4600
1294,1,2,1,63.3050,165.5760,0.0000,968.3690,194.8000,134.8250,0.0000,0.0000,1526.8750
1295,1,2,1,61.1020,165.2430,0.0000,967.6060,192.6090,134.9840,0.0000,0.0000,1521.5440
1296,1,2,1,60.2830,164.2840,0.0000,967.9880,194.5410,193.2490,0.0000,0.0000,1580.3450
1297,1,2,1,63.9810,172.0620,0.0000,964.9910,195.8890,137.1380,0.0000,0.0000,1534.0610
1298,0,2,0,60.4930,165.2990,0.0000,965.3850,191.5450,135.6860,0.0000,0.0000,1518.4080
1299,1,2,1,63.0710,166.2030,0.0000,965.3660,196.2640,135.1200,0.0000,0.0000,1526.0240
1300,0,2,0,61.9330,164.1420,0.0000,967.7730,194.1840,133.8400,0.0000,0.0000,1521.8720
1301,1,2,1,61.4150,164.5230,0.0000,968.2210,191.5140,133.9200,0.0000,0.0000,1519.5930
1302,0,2,0,63.2860,165.1940,0.0000,964.4250,194.2580,134.0310,0.0000,0.0000,1521.1940
1303,1,2,1,61.9330,208.5470,0.0000,969.5020,196.0370,135.7290,0.0000,0.0000,1571.7480
1304,1,2,1,63.0900,165.0460,0.0000,969.0890,194.4370,135.0270,0.0000,0.0000,1526.6890
1305,1,2,1,60.6160,167.0770,0.0000,966.7200,193.4950,133.7660,0.0000,0.0000,1521.6740
1306,1,2,1,60.5780,165.3790,0.0000,967.2430,194.6830,135.8460,0.0000,0.0000,1523.7290
1307,1,2,1,62.6520,164.6640,0.0000,970.4060,193.0160,133.6250,0.0000,0.0000,1524.3630
1308,1,2,1,60.3570,164.6710,0.0000,966.7020,191.0590,134.9230,0.0000,0.0000,1517.7120
1309,1,2,1,63.3290,164.9040,0.0000,960.5660,198.4000,138.3140,0.0000,0.0000,1525.5130
1310,1,2,1,63.2610,166.6340,0.0000,968.0980,194.8860,136.9970,0.0000,0.0000,1529.8760
1311,1,2,1,64.8490,165.6060,0.0000,967.6740,194.7570,134.5730,0.0000,0.0000,1527.4590
1312,1,2,0,63.0150,165.4840,0.0000,968.4120,195.7050,135.5690,0.0000,0.0000,1528.1850
1313,1,2,0,61.4770,164.9660,0.0000,964.6520,194.0490,133.1080,0.0000,0.0000,1518.2520
1314,1,2,1,62.8070,163.5690,0.0000,967.5440,193.2370,134.9910,0.0000,0.0000,1522.1480
1315,1,2,1,61.4590,163.1260,0.0000,969.3600,213.5570,140.6770,0.0000,0.0000,1548.1790
1316,0,2,1,63.8150,169.8890,0.0000,970.8860,199.7540,138.3440,0.0000,0.0000,1542.6880
1317,1,2,1,61.6620,169.2490,0.0000,968.2580,195.9570,136.1360,0.0000,0.0000,1531.2620
1318,1,2,1,61.8150,164.7940,0.0000,968.8990,193.1330,135.4890,0.0000,0.0000,1524.1300
1319,1,2,1,61.8520,164.6960,0.0000,966.4000,195.1690,136.8430,0.0000,0.0000,1524.9600
1320,1,2,1,62.4180,165.9010,0.0000,967.4950,194.4370,135.2130,0.0000,0.0000,1525.4640
1321,0,2,0,61.4640,165.4520,0.0000,960.6100,202.4860,135.2490,0.0000,0.0000,1525.2610
1322,1,2,1,62.6030,166.1540,0.0000,966.2280,197.6190,138.1360,0.0000,0.0000,1530.7400
1323,1,2,1,61.5080,166.9790,0.0000,963.7960,194.0130,136.0550,0.0000,0.0000,1522.3510
1324,1,2,1,63.6250,163.3720,0.0000,966.5480,191.8270,136.3820,0.0000,0.0000,1521.7540
1325,1,2,1,61.6000,166.6220,0.0000,963.7350,192.2770,134.8370,0.0000,0.0000,1519.0710
1326,1,2,1,62.4130,163.8830,0.0000,965.8150,192.2650,133.7970,0.0000,0.0000,1518.1730
1327,1,2,1,62.7750,164.1170,0.0000,970.6340,202.1350,136.8250,0.0000,0.0000,1536.4860
1328,1,2,1,61.9880,164.3880,0.0000,966.2160,195.3910,137.2120,0.0000,0.0000,1525.1950
1329,1,2,1,63.7110,164.3690,0.0000,971.8040,194.6090,134.6520,0.0000,0.0000,1529.1450
1330,1,2,1,61.2550,164.1970,0.0000,973.4590,194.4430,135.6250,0.0000,0.0000,1528.9790
1331,1,2,1,60.6330,164.8610,0.0000,970.4740,194.9970,134.7760,0.0000,0.0000,1525.7410
1332,1,2,1,62.5600,165.3290,0.0000,971.7850,192.1410,132.5850,0.0000,0.0000,1524.4000
1333,1,2,1,61.7350,166.1790,0.0000,980.7750,203.8770,140.3510,0.0000,0.0000,1552.9170
1334,1,2,1,63.0640,170.0610,0.0000,965.4400,196.8670,135.2730,0.0000,0.0000,1530.7050
1335,1,2,1,62.0240,166.7760,0.0000,968.0310,194.1790,136.1720,0.0000,0.0000,1527.1820
1336,1,2,1,63.2550,163.8700,0.0000,966.2710,194.7260,133.6610,0.0000,0.0000,1521.7830
1337,1,2,1,61.6060,164.9970,0.0000,968.0370,194.4920,135.2370,0.0000,0.0000,1524.3690
1338,1,2,1,61.3960,165.0830,0.0000,965.7600,193.1940,133.6120,0.0000,0.0000,1519.0450
1339,1,2,1,62.8860,164.1670,0.0000,967.9940,243.8710,141.2000,0.0000,0.0000,1580.1180
1340,1,2,1,62.4800,171.2490,0.0000,968.1960,194.6770,136.4310,0.0000,0.0000,1533.0330
1341,1,2,1,61.4460,166.7380,0.0000,968.6650,194.7140,134.4120,0.0000,0.0000,1525.9750
1342,1,2,1,61.6180,164.0310,0.0000,967.5450,194.6830,135.1140,0.0000,0.0000,1522.9910
1343,1,2,1,61.7230,165.5750,0.0000,968.3380,195.9700,134.9850,0.0000,0.0000,1526.5910
1344,1,2,1,62.2830,163.5380,0.0000,965.3780,194.0130,133.9140,0.0000,0.0000,1519.1260
1345,1,2,1,63.5690,164.7260,0.0000,971.3230,194.2270,177.5870,0.0000,0.0000,1571.4320
1346,0,2,0,63.1320,168.8370,0.0000,968.6900,196.7260,137.5390,0.0000,0.0000,1534.9240
1347,1,2,1,61.7420,165.0580,0.0000,967.4030,195.8710,133.8340,0.0000,0.0000,1523.9080
1348,1,2,1,61.7910,166.0060,0.0000,969.1510,194.2580,136.8180,0.0000,0.0000,1528.0240
1349,1,2,1,62.0800,165.4830,0.0000,968.0560,192.0250,135.3660,0.0000,0.0000,1523.0100
1350,1,2,1,60.9360,162.3450,0.0000,967.1820,193.5500,134.0060,0.0000,0.0000,1518.0190
1351,0,2,0,63.0040,165.5560,0.0000,967.4590,195.4830,136.0130,0.0000,0.0000,1527.5150
1352,1,2,1,62.7570,222.0800,0.0000,967.7540,199.8890,136.4500,0.0000,0.0000,1588.9300
1353,1,2,1,62.4980,167.8590,0.0000,970.5720,197.0520,134.0300,0.0000,0.0000,1532.0110
1354,1,2,1,63.1570,164.8440,0.0000,969.5080,193.6370,135.2190,0.0000,0.0000,1526.3650
1355,1,2,1,62.5480,167.0280,0.0000,968.7320,194.0740,136.9350,0.0000,0.0000,1529.3170
1356,1,2,1,60.4310,164.2530,0.0000,964.5850,194.6700,134.5910,0.0000,0.0000,1518.5300
1357,1,2,1,61.5880,165.8770,0.0000,965.1320,193.8710,135.7840,0.0000,0.0000,1522.2520
1358,1,2,1,61.4890,162.1660,0.0000,1009.7660,202.2220,136.3320,0.0000,0.0000,1571.9750
1359,1,2,1,63.6800,166.4060,0.0000,966.5600,195.6490,136.1790,0.0000,0.0000,1528.4740
1360,1,2,1,62.0920,164.5720,0.0000,964.0300,194.3630,137.0950,0.0000,0.0000,1522.1520
1361,0,2,0,61.3110,165.0090,0.0000,968.3200,194.2030,132.8060,0.0000,0.0000,1521.6490
1362,1,2,1,62.0060,165.4340,0.0000,968.0370,192.9780,133.3230,0.0000,0.0000,1521.7780
1363,1,2,1,61.5630,165.7540,0.0000,961.5020,193.0710,133.7040,0.0000,0.0000,1515.5940
1364,1,2,1,61.7910,163.1870,0.0000,971.2980,203.1690,137.4580,0.0000,0.0000,1536.9030
1365,1,2,1,61.7480,167.9380,0.0000,967.5450,197.6620,134.9230,0.0000,0.0000,1529.8160
1366,1,2,1,62.1290,163.6000,0.0000,964.4120,194.5170,134.7940,0.0000,0.0000,1519.4520
1367,1,2,1,62.9160,164.9790,0.0000,965.9690,194.7020,134.9050,0.0000,0.0000,1523.4710
1368,1,2,1,62.5660,165.6370,0.0000,965.1200,193.4830,135.6800,0.0000,0.0000,1522.4860
1369,1,2,1,62.1910,164.8120,0.0000,969.4100,194.9670,134.6340,0.0000,0.0000,1526.0140
1370,1,2,1,63.3730,162.6840,0.0000,976.5420,204.2270,138.8000,0.0000,0.0000,1545.6260
1371,1,2,1,62.8980,168.8430,0.0000,973.5130,196.3200,135.5940,0.0000,0.0000,1537.1680
1372,1,2,1,63.7720,168.0860,0.0000,970.4000,193.4770,135.4460,0.0000,0.0000,1531.1810
1373,1,2,1,63.3170,163.5450,0.0000,969.5440,195.0030,135.1080,0.0000,0.0000,1526.5170
1374,1,2,1,62.7560,164.7080,0.0000,967.4830,194.3510,135.4210,0.0000,0.0000,1524.7190
1375,1,2,1,62.8190,162.8550,0.0000,964.6830,192.2950,134.7640,0.0000,0.0000,1517.4160
1376,1,2,1,62.9290,164.3260,0.0000,975.1450,200.0990,138.4300,0.0000,0.0000,1540.9290
1377,1,2,1,63.2000,168.5970,0.0000,972.5170,195.1200,137.1760,0.0000,0.0000,1536.6100
1378,1,2,1,62.8240,165.6980,0.0000,966.1110,194.3630,134.6830,0.0000,0.0000,1523.6790
1379,0,2,0,60.5110,164.7080,0.0000,968.2400,194.6530,134.8860,0.0000,0.0000,1522.9980
1380,1,2,1,62.6890,163.7970,0.0000,968.0920,195.7910,132.8730,0.0000,0.0000,1523.2420
1381,1,2,1,61.9260,164.5420,0.0000,966.3270,193.2800,134.8620,0.0000,0.0000,1520.9370
1382,1,2,1,62.4430,165.2060,0.0000,967.5450,201.9930,137.8890,0.0000,0.0000,1535.0760
1383,1,2,1,61.8650,167.2920,0.0000,968.9970,194.5470,135.9130,0.0000,0.0000,1528.6140
1384,1,2,1,60.8620,164.0610,0.0000,970.6890,193.5260,133.8090,0.0000,0.0000,1522.9470
1385,1,2,1,62.2220,165.6920,0.0000,969.6370,193.2550,135.0710,0.0000,0.0000,1525.8770
1386,1,2,1,62.4740,165.1570,0.0000,966.1170,194.8120,134.4190,0.0000,0.0000,1522.9790
1387,1,2,1,61.5320,164.5170,0.0000,969.2060,193.4520,133.2000,0.0000,0.0000,1521.9070
1388,1,2,1,61.8330,165.7110,0.0000,968.0980,237.5510,137.0270,0.0000,0.0000,1570.2200
1389,1,2,1,60.9600,169.0830,0.0000,969.5200,193.5130,136.1850,0.0000,0.0000,1529.2610
1390,1,2,0,62.4800,165.2180,0.0000,968.8300,195.1690,136.2400,0.0000,0.0000,1527.9370
1391,1,2,1,61.5260,164.6950,0.0000,972.0680,194.0550,135.3780,0.0000,0.0000,1527.7220
1392,1,2,1,60.9290,163.3600,0.0000,963.4160,194.7380,134.8430,0.0000,0.0000,1517.2860
1393,1,2,1,63.7170,164.2830,0.0000,971.1750,194.1290,134.1600,0.0000,0.0000,1527.4640
1394,1,2,1,62.4000,163.8400,0.0000,967.3670,192.5410,204.9840,0.0000,0.0000,1591.1320
1395,0,2,0,79.2800,216.9350,0.0000,984.8730,221.2130,155.4770,0.0000,0.0000,1657.7780
1396,1,2,1,67.3970,179.8210,0.0000,971.3110,201.9820,142.1350,0.0000,0.0000,1562.6460
1397,1,2,1,64.6590,172.1360,0.0000,964.6710,197.5690,136.9660,0.0000,0.0000,1536.0010
1398,1,2,1,64.1170,165.6980,0.0000,969.9760,194.2580,134.5300,0.0000,0.0000,1528.5790
1399,1,2,1,63.2120,166.0180,0.0000,974.7320,198.0990,134.2900,0.0000,0.0000,1536.3510
1400,0,2,0,61.8890,164.8980,0.0000,968.7010,194.1170,224.5110,0.0000,0.0000,1614.1160
1401,1,2,1,67.2130,190.1600,0.0000,975.4830,205.8150,144.2090,0.0000,0.0000,1582.8800
1402,1,2,1,65.8520,172.1850,0.0000,968.8250,199.8460,137.9630,0.0000,0.0000,1544.6710
1403,1,2,1,62.2710,170.4430,0.0000,967.6130,194.4370,134.9360,0.0000,0.0000,1529.7000
1404,0,2,0,62.0680,167.4710,0.0000,966.1300,193.3540,134.6530,0.0000,0.0000,1523.6760
1405,1,2,1,62.3140,165.4030,0.0000,969.1510,194.5420,135.4150,0.0000,0.0000,1526.8250
1406,1,2,1,61.5320,167.2610,0.0000,969.4890,194.0490,201.1820,0.0000,0.0000,1593.5130
1407,1,2,1,64.8370,178.6830,0.0000,971.8150,197.3910,136.9850,0.0000,0.0000,1549.7110
1408,1,2,1,62.8190,166.1040,0.0000,967.0830,195.3290,136.9350,0.0000,0.0000,1528.2700
1409,1,2,1,61.6430,167.1690,0.0000,964.7260,193.8650,134.2950,0.0000,0.0000,1521.6980
1410,0,2,0,63.8100,164.6830,0.0000,970.1470,194.9480,134.9910,0.0000,0.0000,1528.5790
1411,1,2,1,60.9110,166.5300,0.0000,969.0890,195.0900,135.9820,0.0000,0.0000,1527.6020
1412,0,2,0,63.6120,164.7500,0.0000,967.5690,194.7380,136.6460,0.0000,0.0000,1527.3150
1413,1,2,1,123.0280,177.8460,0.0000,974.7330,200.8550,141.8160,0.0000,0.0000,1618.2780
1414,1,2,1,62.3140,171.1140,0.0000,970.2460,196.8680,138.2210,0.0000,0.0000,1538.7630
1415,0,2,0,61.7110,166.4240,0.0000,969.0030,194.8800,136.1350,0.0000,0.0000,1528.1530
1416,1,2,1,61.6060,163.1080,0.0000,970.5360,194.1230,135.5140,0.0000,0.0000,1524.8870
1417,1,2,1,63.0830,165.1010,0.0000,966.9660,194.2960,135.2190,0.0000,0.0000,1524.6650
1418,1,2,1,62.4180,165.7660,0.0000,966.5230,194.5360,133.0530,0.0000,0.0000,1522.2960
1419,1,2,1,61.8270,236.5600,0.0000,983.1320,224.1230,147.8030,0.0000,0.0000,1653.4450
1420,1,2,1,65.6190,176.4180,0.0000,972.7380,200.2030,137.2680,0.0000,0.0000,1552.2460
1421,1,2,1,63.1880,169.9630,0.0000,968.4620,196.7020,135.9140,0.0000,0.0000,1534.2290
1422,1,2,1,62.5600,166.6150,0.0000,970.4120,195.9080,136.3140,0.0000,0.0000,1531.8090
1423,1,2,1,62.4980,165.0710,0.0000,965.7110,193.9010,132.9970,0.0000,0.0000,1520.1780
1424,1,2,1,60.3570,165.3480,0.0000,969.4590,192.4550,135.1570,0.0000,0.0000,1522.7760
1425,1,2,1,61.3420,225.1930,0.0000,970.9660,202.9780,139.9820,0.0000,0.0000,1600.4610
1426,1,2,1,64.0490,167.1260,0.0000,971.3410,196.8740,137.9510,0.0000,0.0000,1537.3410
1427,1,2,1,63.2550,165.7970,0.0000,967.5260,196.5790,136.0180,0.0000,0.0000,1529.1750
1428,1,2,1,62.0800,166.4000,0.0000,969.2670,194.5850,135.2930,0.0000,0.0000,1527.6250
1429,0,2,0,63.1820,166.3940,0.0000,969.4460,193.6190,133.6620,0.0000,0.0000,1526.3030
1430,1,2,1,61.1320,164.5480,0.0000,963.9440,193.5380,136.6710,0.0000,0.0000,1519.8330
1431,1,2,1,62.0130,164.9290,0.0000,968.8980,205.0770,136.8680,0.0000,0.0000,1537.7850
1432,1,2,1,62.8800,169.1070,0.0000,971.3040,196.6530,135.0280,0.0000,0.0000,1534.9720
1433,1,2,1,63.0090,166.4060,0.0000,970.3880,194.2770,137.4770,0.0000,0.0000,1531.5570
1434,1,2,1,62.8430,165.3660,0.0000,968.4920,193.2990,134.7020,0.0000,0.0000,1524.7020
1435,1,2,1,60.7690,165.4460,0.0000,970.9360,193.2430,133.8030,0.0000,0.0000,1524.1970
1436,1,2,1,60.7570,164.9410,0.0000,964.0800,193.3170,134.6580,0.0000,0.0000,1517.7530
1437,1,2,1,61.1940,165.8830,0.0000,971.0220,202.2280,135.7600,0.0000,0.0000,1536.0870
1438,1,2,1,62.9970,168.3140,0.0000,968.7010,194.7510,136.2400,0.0000,0.0000,1531.0030
1439,1,2,1,61.9760,165.5510,0.0000,967.8710,194.5970,135.6990,0.0000,0.0000,1525.6940
1440,1,2,1,61.1200,164.4680,0.0000,967.1940,194.9470,136.4250,0.0000,0.0000,1524.1540
1441,1,2,1,62.8860,167.0030,0.0000,970.1100,194.5600,134.5790,0.0000,0.0000,1529.1380
1442,1,2,1,61.3360,163.7540,0.0000,969.0830,194.3080,135.1010,0.0000,0.0000,1523.5820
1443,0,2,0,61.8340,164.4680,0.0000,974.7450,205.0520,141.4100,0.0000,0.0000,1547.5090
1444,0,2,0,63.7230,167.9140,0.0000,971.3350,195.5820,134.4860,0.0000,0.0000,1533.0400
1445,1,2,1,61.9320,166.7080,0.0000,967.8640,195.2680,134.7330,0.0000,0.0000,1526.5050
1446,1,2,1,63.0890,165.0710,0.0000,967.2500,196.1900,136.1910,0.0000,0.0000,1527.7910
1447,1,2,1,61.1940,165.8520,0.0000,969.1510,197.1020,136.4920,0.0000,0.0000,1529.7910
1448,0,2,1,62.0370,164.5350,0.0000,969.0830,194.2770,134.1410,0.0000,0.0000,1524.0730
1449,1,2,1,62.3200,165.3230,0.0000,973.8210,201.3910,136.6650,0.0000,0.0000,1539.5200
1450,0,2,1,63.1510,168.6280,0.0000,963.6430,196.5720,135.9200,0.0000,0.0000,1527.9140
1451,1,2,1,61.6240,165.5200,0.0000,967.5070,195.8580,136.0370,0.0000,0.0000,1526.5460
1452,1,2,1,63.0840,164.7880,0.0000,964.9850,193.5260,133.8220,0.0000,0.0000,1520.2050
1453,0,2,0,62.5660,165.9380,0.0000,966.4120,194.5600,134.6830,0.0000,0.0000,1524.1590
1454,1,2,1,61.1700,165.7730,0.0000,967.6000,192.1300,135.9690,0.0000,0.0000,1522.6420
1455,1,2,1,63.3410,163.1810,0.0000,973.0950,205.4090,139.2860,0.0000,0.0000,1544.3120
1456,1,2,1,64.2160,167.0770,0.0000,966.4550,196.1780,134.4300,0.0000,0.0000,1528.3560
1457,1,2,1,62.4560,166.2710,0.0000,966.4000,195.6500,135.0150,0.0000,0.0000,1525.7920
1458,1,2,1,62.1660,165.8030,0.0000,964.9110,195.6120,134.8120,0.0000,0.0000,1523.3040
1459,0,2,0,61.7600,165.4950,0.0000,970.6830,194.3810,135.9450,0.0000,0.0000,1528.2640
1460,0,2,0,62.1480,163.1080,0.0000,966.4490,194.4680,134.9910,0.0000,0.0000,1521.1640
1461,0,2,0,61.9870,164.7320,0.0000,969.9390,246.0920,140.1350,0.0000,0.0000,1582.8850
1462,1,2,1,61.4400,171.6370,0.0000,965.6430,198.7630,137.1880,0.0000,0.0000,1534.6710
1463,1,2,1,61.5880,167.7040,0.0000,968.4310,196.1600,135.9820,0.0000,0.0000,1529.8650
1464,0,2,0,61.9020,163.5130,0.0000,967.2060,195.0340,136.1410,0.0000,0.0000,1523.7960
1465,0,2,0,61.9320,164.8490,0.0000,968.8860,194.6890,135.3170,0.0000,0.0000,1525.6730
1466,1,2,1,62.0620,163.7600,0.0000,966.7260,193.0090,133.5200,0.0000,0.0000,1519.0770
1467,1,2,1,62.7500,164.2030,0.0000,973.1450,194.7640,178.4060,0.0000,0.0000,1573.2680
1468,0,2,0,62.6100,170.0740,0.0000,968.0680,298.5600,212.2400,0.0000,0.0000,1711.5520
1469,1,2,1,83.2130,241.4900,0.0000,987.0270,317.9630,210.4860,0.0000,0.0000,1840.1790
1470,1,2,1,85.2000,250.2520,0.0000,995.0830,240.8740,162.6040,0.0000,0.0000,1734.0130
1471,1,2,1,70.3510,183.0460,0.0000,978.0370,203.7410,143.2180,0.0000,0.0000,1578.3930
1472,1,2,1,65.4590,170.3820,0.0000,967.1760,197.3230,136.8180,0.0000,0.0000,1537.1580
1473,1,2,1,63.5010,168.2400,0.0000,974.0000,226.8130,151.9760,0.0000,0.0000,1584.5300
1474,1,2,1,66.2710,173.9700,0.0000,976.1480,202.0300,138.3630,0.0000,0.0000,1556.7820
1475,1,2,1,62.2950,167.1690,0.0000,969.2180,194.8800,136.2210,0.0000,0.0000,1529.7830
1476,1,2,1,62.5420,166.8930,0.0000,965.2310,195.7480,135.4030,0.0000,0.0000,1525.8170
1477,1,2,1,61.6130,165.5570,0.0000,970.9290,195.7350,134.7570,0.0000,0.0000,1528.5910
1478,1,2,1,62.5910,164.3320,0.0000,967.7040,192.7750,135.7960,0.0000,0.0000,1523.1980
1479,1,2,1,63.0340,163.7970,0.0000,961.9390,209.5200,141.1380,0.0000,0.0000,1539.4280
1480,1,2,1,63.0710,173.0770,0.0000,971.0460,196.3810,134.9850,0.0000,0.0000,1538.5600
1481,1,2,1,61.4400,166.8240,0.0000,969.3410,193.5870,136.1110,0.0000,0.0000,1527.3030
1482,0,2,0,63.3170,164.9110,0.0000,967.6130,192.2460,136.0860,0.0000,0.0000,1524.1730
1483,1,2,0,62.6400,165.8220,0.0000,973.9880,193.5940,136.4980,0.0000,0.0000,1532.5420
1484,1,2,1,61.8950,165.1500,0.0000,966.2520,194.7260,135.5880,0.0000,0.0000,1523.6110
1485,1,2,1,61.9570,165.5200,0.0000,987.3420,214.4060,141.5630,0.0000,0.0000,1570.7880
1486,1,2,1,65.4340,173.2860,0.0000,980.1480,196.0990,135.5820,0.0000,0.0000,1550.5490
1487,0,2,0,64.3450,168.7570,0.0000,968.1170,195.4460,136.0550,0.0000,0.0000,1532.7200
1488,1,2,1,61.7910,168.2040,0.0000,971.1500,194.3320,133.8710,0.0000,0.0000,1529.3480
1489,1,2,0,63.4460,165.7660,0.0000,969.0280,194.2710,135.3040,0.0000,0.0000,1527.8150
1490,1,2,1,60.8620,167.1510,0.0000,965.0770,193.2250,135.4400,0.0000,0.0000,1521.7550
1491,1,2,1,61.1500,163.9140,0.0000,965.5080,251.2370,142.0740,0.0000,0.0000,1583.8830
1492,1,2,1,63.1450,174.1300,0.0000,962.6900,198.3260,137.3170,0.0000,0.0000,1535.6080
1493,1,2,0,61.8090,165.4280,0.0000,968.0740,196.6400,134.0740,0.0000,0.0000,1526.0250
1494,1,2,1,63.3850,164.6590,0.0000,967.2740,193.5630,133.8890,0.0000,0.0000,1522.7700
1495,1,2,1,61.3350,164.3810,0.0000,967.2980,196.5970,132.9290,0.0000,0.0000,1522.5400
1496,1,2,1,62.1900,164.2580,0.0000,968.4740,195.4650,131.8890,0.0000,0.0000,1522.2760
1497,1,2,1,63.2060,164.4430,0.0000,965.5760,192.5290,179.7050,0.0000,0.0000,1565.4590
1498,1,2,1,62.3880,171.3970,0.0000,970.8120,195.2680,136.1540,0.0000,0.0000,1536.0190
1499,1,2,1,60.6520,166.6890,0.0000,970.5970,193.2560,135.4160,0.0000,0.0000,1526.6100
1500,1,2,0,84.3140,212.4670,0.0000,984.2520,213.7540,157.3160,0.0000,0.0000,1652.1030
1501,1,2,1,66.0980,175.6370,0.0000,974.3380,202.9780,139.8640,0.0000,0.0000,1558.9150
1502,1,2,1,63.7660,170.3010,0.0000,966.0310,258.0060,142.0800,0.0000,0.0000,1600.1840
1503,1,2,1,63.4400,174.0550,0.0000,968.2090,199.8710,138.1970,0.0000,0.0000,1543.7720
1504,1,2,1,62.1730,167.8220,0.0000,966.1720,194.8500,137.1510,0.0000,0.0000,1528.1680
1505,1,2,1,61.8030,168.1050,0.0000,965.2670,193.5260,135.6550,0.0000,0.0000,1524.3560
1506,1,2,1,60.9910,165.3040,0.0000,967.1450,193.7600,135.7100,0.0000,0.0000,1522.9100
1507,1,2,1,60.7750,165.8030,0.0000,965.0890,194.3200,135.7410,0.0000,0.0000,1521.7280
1508,1,2,1,61.5760,164.0120,0.0000,968.1660,195.8460,195.8090,0.0000,0.0000,1585.4090
1509,1,2,1,73.0770,188.2270,0.0000,977.0530,207.7600,143.5880,0.0000,0.0000,1589.7050
1510,1,2,1,64.5660,170.8370,0.0000,970.9720,200.3570,139.5940,0.0000,0.0000,1546.3260
1511,1,2,1,63.4150,166.5410,0.0000,963.7480,196.3940,137.0960,0.0000,0.0000,1527.1940
1512,1,2,1,61.8150,167.1510,0.0000,967.2250,193.7600,134.4120,0.0000,0.0000,1524.3630
1513,0,2,0,61.3790,166.2770,0.0000,967.1810,194.1840,135.5260,0.0000,0.0000,1524.5470
1514,1,2,1,61.0530,165.3230,0.0000,968.8430,194.9110,200.6580,0.0000,0.0000,1590.7880
1515,0,2,1,64.6950,174.8130,0.0000,971.0400,198.8180,136.4370,0.0000,0.0000,1545.8030
1516,1,2,1,61.0770,168.4370,0.0000,968.9780,195.4030,134.2960,0.0000,0.0000,1528.1910
1517,1,2,1,61.7730,165.6740,0.0000,967.3100,192.7200,136.6650,0.0000,0.0000,1524.1420
1518,1,2,1,62.0060,165.4340,0.0000,968.2830,192.6470,134.4310,0.0000,0.0000,1522.8010
1519,1,2,1,62.2650,164.2220,0.0000,966.7630,192.9480,134.0370,0.0000,0.0000,1520.2350
1520,1,2,1,62.3260,165.8830,0.0000,966.0180,195.1070,134.9970,0.0000,0.0000,1524.3310
1521,1,2,1,61.6680,224.8430,0.0000,970.7940,199.8470,137.9020,0.0000,0.0000,1595.0540
1522,1,2,1,63.6490,167.3910,0.0000,966.0990,195.3540,136.9110,0.0000,0.0000,1529.4040
1523,0,2,0,63.0150,167.6740,0.0000,968.0000,196.6030,133.3840,0.0000,0.0000,1528.6760
1524,0,2,0,61.3470,166.9350,0.0000,971.4830,193.9070,134.4740,0.0000,0.0000,1528.1460
1525,0,2,0,60.9420,163.2250,0.0000,963.2000,192.5660,134.3880,0.0000,0.0000,1514.3210
1526,1,2,1,61.1570,164.7450,0.0000,966.9300,193.1510,132.0930,0.0000,0.0000,1518.0760
1527,1,2,1,61.6430,163.7110,0.0000,1008.7810,199.6370,138.0250,0.0000,0.0000,1571.7970
1528,1,2,1,63.3720,167.4210,0.0000,970.9050,196.3630,136.7140,0.0000,0.0000,1534.7750
1529,1,2,1,61.9760,164.2330,0.0000,968.4550,193.5630,135.8640,0.0000,0.0000,1524.0910
1530,1,2,1,61.1380,164.7690,0.0000,968.3690,192.5850,133.5880,0.0000,0.0000,1520.4490
1531,1,2,1,62.2460,166.7700,0.0000,970.8060,194.5410,135.3420,0.0000,0.0000,1529.7050
1532,1,2,1,60.7330,163.3600,0.0000,965.2060,193.2120,133.9940,0.0000,0.0000,1516.5050
1533,0,2,0,61.6370,165.6120,0.0000,970.6710,201.3660,135.2870,0.0000,0.0000,1534.5730
1534,1,2,1,62.2100,166.6640,0.0000,969.0950,194.1660,134.0860,0.0000,0.0000,1526.2210
1535,0,2,0,63.1820,166.3570,0.0000,968.0610,194.6890,133.5380,0.0000,0.0000,1525.8270
1536,0,2,0,64.4550,165.4160,0.0000,971.7170,195.3160,135.1690,0.0000,0.0000,1532.0730
1537,1,2,1,60.7080,165.6680,0.0000,968.8560,193.7170,135.0950,0.0000,0.0000,1524.0440
1538,0,2,0,62.8130,163.0770,0.0000,967.2990,195.2800,136.0190,0.0000,0.0000,1524.4880
1539,1,2,1,60.7320,164.8430,0.0000,968.7760,208.8180,140.3930,0.0000,0.0000,1543.5620
1540,1,2,1,61.5380,169.7410,0.0000,968.6400,197.5140,137.1260,0.0000,0.0000,1534.5590
1541,1,2,1,62.2590,166.0180,0.0000,965.4160,193.6060,137.1630,0.0000,0.0000,1524.4620
1542,1,2,1,62.2950,165.1500,0.0000,968.8920,192.5780,134.0120,0.0000,0.0000,1522.9270
1543,1,2,0,63.5080,164.7010,0.0000,967.5700,196.7940,136.6040,0.0000,0.0000,1529.1770
1544,1,2,1,60.7020,165.9200,0.0000,969.0640,193.5570,134.7320,0.0000,0.0000,1523.9750
1545,1,2,1,62.3080,165.2920,0.0000,975.9010,200.9960,137.9630,0.0000,0.0000,1542.4600
1546,1,2,1,63.7540,166.9290,0.0000,970.3510,196.4190,136.8120,0.0000,0.0000,1534.2650
1547,1,2,1,60.5910,167.4770,0.0000,968.2960,194.3200,133.3290,0.0000,0.0000,1524.0130
1548,1,2,1,60.6900,164.3320,0.0000,970.7570,196.3690,135.7170,0.0000,0.0000,1527.8650
1549,1,2,1,62.9970,166.1790,0.0000,970.5530,191.3290,132.8860,0.0000,0.0000,1523.9440
1550,1,2,1,60.9100,164.7500,0.0000,969.5510,193.2860,135.5500,0.0000,0.0000,1524.0470
1551,1,2,1,62.0680,165.7300,0.0000,964.6710,205.0710,137.8590,0.0000,0.0000,1535.3990
1552,1,2,1,63.1080,168.3260,0.0000,969.2680,196.1720,136.2580,0.0000,0.0000,1533.1320
1553,1,2,1,62.3330,166.5600,0.0000,971.6500,194.4300,133.4650,0.0000,0.0000,1528.4380
1554,0,2,1,61.1140,165.8090,0.0000,966.6890,195.1140,135.1630,0.0000,0.0000,1523.8890
1555,1,2,1,63.6240,164.8680,0.0000,966.8430,194.5230,135.5070,0.0000,0.0000,1525.3650
1556,1,2,1,62.4310,166.1600,0.0000,968.7940,193.8280,135.4530,0.0000,0.0000,1526.6660
1557,1,2,1,61.5750,164.4250,0.0000,965.9940,250.4550,151.5440,0.0000,0.0000,1593.9930
1558,0,2,0,67.0710,182.0740,0.0000,974.9350,202.8560,140.1470,0.0000,0.0000,1567.0830
1559,1,2,1,61.7600,167.8950,0.0000,971.3540,195.6240,138.3070,0.0000,0.0000,1534.9400
1560,1,2,1,62.3270,167.2490,0.0000,969.3290,194.1910,136.2270,0.0000,0.0000,1529.3230
1561,1,2,1,61.6550,165.7530,0.0000,963.9570,194.0800,135.5570,0.0000,0.0000,1521.0020
1562,0,2,0,63.1010,166.2220,0.0000,966.4190,192.6280,134.9600,0.0000,0.0000,1523.3300
1563,1,2,1,63.1390,164.4560,0.0000,968.2530,237.4160,138.9290,0.0000,0.0000,1572.1930
1564,1,2,1,62.5540,172.8120,0.0000,968.8610,195.5260,134.7940,0.0000,0.0000,1534.5470
1565,1,2,1,62.7380,164.7810,0.0000,971.6860,194.6590,136.0500,0.0000,0.0000,1529.9140
1566,1,2,1,59.6430,163.7410,0.0000,971.0400,195.0520,136.5480,0.0000,0.0000,1526.0240
1567,0,2,0,61.7040,166.0190,0.0000,965.0520,193.9440,136.3880,0.0000,0.0000,1523.1070
1568,1,2,1,62.7130,165.8520,0.0000,967.5810,193.8650,132.5110,0.0000,0.0000,1522.5220
1569,1,2,1,61.6430,167.6310,0.0000,962.0190,191.7910,182.5110,0.0000,0.0000,1565.5950
1570,1,2,1,67.7350,171.9070,0.0000,963.0760,198.1290,140.6830,0.0000,0.0000,1541.5300
1571,1,2,1,63.5820,166.9290,0.0000,968.8250,195.8770,136.5600,0.0000,0.0000,1531.7730
1572,1,2,1,62.2340,164.7630,0.0000,967.7970,194.1290,137.7660,0.0000,0.0000,1526.6890
1573,0,2,0,62.0120,164.6340,0.0000,966.2520,194.5290,133.9760,0.0000,0.0000,1521.4030
1574,1,2,1,61.4220,165.3840,0.0000,968.1290,194.2770,136.2770,0.0000,0.0000,1525.4890
1575,1,2,1,62.1170,164.9600,0.0000,973.7600,194.7320,134.2960,0.0000,0.0000,1529.8650
1576,1,2,1,61.2000,210.9470,0.0000,972.3200,199.6180,137.7100,0.0000,0.0000,1581.7950
1577,1,2,1,63.1070,165.7540,0.0000,969.1070,193.3910,136.4190,0.0000,0.0000,1527.7780
1578,1,2,1,63.6860,164.6340,0.0000,970.6460,190.7320,135.1820,0.0000,0.0000,1524.8800
1579,1,2,1,61.8830,164.3880,0.0000,969.6430,195.1260,135.9510,0.0000,0.0000,1526.9910
1580,1,2,1,60.0800,164.5970,0.0000,967.4520,193.9080,133.1200,0.0000,0.0000,1519.1570
1581,1,2,1,62.2280,165.2550,0.0000,962.3450,193.8460,133.7170,0.0000,0.0000,1517.3910
1582,1,2,1,62.2280,164.9110,0.0000,972.0430,201.6360,136.8800,0.0000,0.0000,1537.6980
1583,1,2,1,60.9910,170.7330,0.0000,966.8800,196.7510,135.0330,0.0000,0.0000,1530.3880
1584,0,2,0,61.9760,165.7480,0.0000,964.9840,192.8560,133.6180,0.0000,0.0000,1519.1820
1585,1,2,1,63.7230,162.8120,0.0000,966.3940,193.1570,133.6370,0.0000,0.0000,1519.7230
1586,1,2,1,61.8890,165.0640,0.0000,967.1870,193.0470,133.8700,0.0000,0.0000,1521.0570
1587,1,2,1,61.5880,165.4030,0.0000,972.6210,193.3720,134.0310,0.0000,0.0000,1527.0150
1588,1,2,1,60.8620,165.2860,0.0000,973.1630,203.5870,137.5440,0.0000,0.0000,1540.4420
1589,1,2,1,62.0980,168.8000,0.0000,968.0120,194.2400,137.0960,0.0000,0.0000,1530.2460
1590,1,2,1,61.9570,166.5540,0.0000,965.7600,196.6220,137.5380,0.0000,0.0000,1528.4310
1591,1,2,1,61.9630,166.4990,0.0000,969.6550,194.3380,134.5170,0.0000,0.0000,1526.9720
1592,1,2,1,62.0310,162.9110,0.0000,973.8150,195.6190,135.0590,0.0000,0.0000,1529.4350
1593,0,2,0,61.8590,164.5540,0.0000,970.1290,194.4550,134.3560,0.0000,0.0000,1525.3530
1594,1,2,1,62.7940,165.0220,0.0000,974.2030,198.2830,136.7450,0.0000,0.0000,1537.0470
1595,1,2,1,62.1540,164.8000,0.0000,967.8400,195.4700,133.3230,0.0000,0.0000,1523.5870
1596,1,2,1,62.6950,166.3260,0.0000,967.3230,195.1140,135.2800,0.0000,0.0000,1526.7380
1597,1,2,1,62.8250,164.5230,0.0000,967.7040,191.9880,136.2270,0.0000,0.0000,1523.2670
1598,1,2,1,60.5230,166.5360,0.0000,967.8270,194.9170,135.0710,0.0000,0.0000,1524.8740
1599,1,2,1,61.4770,165.8400,0.0000,968.4000,196.6650,134.2890,0.0000,0.0000,1526.6710
1600,1,2,1,61.9940,166.4920,0.0000,972.8550,204.8430,140.7080,0.0000,0.0000,1546.8920
1601,0,2,0,64.3450,170.5290,0.0000,967.5440,193.7300,135.0890,0.0000,0.0000,1531.2370
1602,1,2,1,64.2590,168.1410,0.0000,970.6770,196.0180,136.3260,0.0000,0.0000,1535.4210
1603,1,2,1,62.3380,165.8890,0.0000,968.8800,193.9130,135.9330,0.0000,0.0000,1526.9530
1604,1,2,1,62.3820,166.6280,0.0000,967.9570,193.6680,135.0890,0.0000,0.0000,1525.7240
1605,1,2,1,61.7170,164.7570,0.0000,968.2340,196.5110,137.2550,0.0000,0.0000,1528.4740
1606,1,2,1,60.8920,166.3450,0.0000,973.8950,217.9630,144.5840,0.0000,0.0000,1563.6790
1607,1,2,1,64.7930,173.2250,0.0000,972.8860,198.3690,137.8890,0.0000,0.0000,1547.1620
1608,1,2,1,63.3050,169.4220,0.0000,964.4430,197.7540,136.3940,0.0000,0.0000,1531.3180
1609,1,2,1,61.0950,167.0100,0.0000,969.2370,197.9940,134.1850,0.0000,0.0000,1529.5210
1610,0,2,0,63.4150,166.6520,0.0000,968.1850,193.7040,136.2580,0.0000,0.0000,1528.2140
1611,1,2,1,61.1330,163.7480,0.0000,967.6800,195.6310,133.9130,0.0000,0.0000,1522.1050
1612,1,2,1,61.9320,166.9420,0.0000,966.3570,243.3910,137.9020,0.0000,0.0000,1576.5240
1613,1,2,1,62.2210,167.3660,0.0000,972.4920,196.5670,135.1330,0.0000,0.0000,1533.7790
1614,1,2,1,62.6150,164.5420,0.0000,968.4310,194.6900,132.6640,0.0000,0.0000,1522.9420
1615,1,2,1,61.4280,166.3570,0.0000,966.8120,194.0250,133.8640,0.0000,0.0000,1522.4860
1616,1,2,1,62.1910,164.0000,0.0000,967.4090,193.9140,134.0670,0.0000,0.0000,1521.5810
1617,1,2,1,60.9790,164.8610,0.0000,969.4830,194.7080,136.0060,0.0000,0.0000,1526.0370
1618,1,2,1,64.4250,164.8550,0.0000,966.8490,193.4950,191.9260,0.0000,0.0000,1581.5500
1619,1,2,1,63.4400,171.5630,0.0000,970.5170,198.7510,136.1170,0.0000,0.0000,1540.3880
1620,1,2,1,60.7690,166.9170,0.0000,968.6400,193.2250,133.7910,0.0000,0.0000,1523.3420
1621,0,2,0,61.5450,166.1730,0.0000,966.3200,193.1320,135.5690,0.0000,0.0000,1522.7390
1622,1,2,1,62.1910,165.6610,0.0000,967.0460,192.5600,136.2710,0.0000,0.0000,1523.7290
1623,1,2,1,62.0250,164.6210,0.0000,965.0460,194.9360,137.7410,0.0000,0.0000,1524.3690
1624,0,2,1,61.9690,163.2610,0.0000,966.9170,193.6560,134.2520,0.0000,0.0000,1520.0550
1625,1,2,1,119.2430,171.3660,0.0000,970.2280,198.5110,139.7970,0.0000,0.0000,1599.1450
1626,1,2,1,63.8650,166.2220,0.0000,968.8550,192.4860,135.7420,0.0000,0.0000,1527.1700
1627,1,2,1,61.6310,165.1690,0.0000,969.4890,192.9730,134.9230,0.0000,0.0000,1524.1850
1628,1,2,0,62.6770,165.9930,0.0000,969.8220,196.7820,133.3780,0.0000,0.0000,1528.6520
1629,1,2,1,61.9690,164.4680,0.0000,969.7780,195.1320,134.6150,0.0000,0.0000,1525.9620
1630,1,2,1,62.4680,166.4980,0.0000,962.2640,193.7480,132.8740,0.0000,0.0000,1517.8520
1631,1,2,1,61.8460,213.8890,0.0000,972.0490,201.6670,141.1760,0.0000,0.0000,1590.6270
1632,1,2,1,63.7410,170.0180,0.0000,971.8030,195.1080,135.4100,0.0000,0.0000,1536.0800
1633,1,2,1,61.2680,167.1200,0.0000,964.7260,194.4370,135.3910,0.0000,0.0000,1522.9420
1634,1,2,1,61.4220,164.9660,0.0000,970.2590,192.7940,134.0000,0.0000,0.0000,1523.4410
1635,1,2,1,63.0900,163.8220,0.0000,968.2770,194.5300,135.0710,0.0000,0.0000,1524.7900
1636,1,2,1,61.0150,164.9410,0.0000,967.8580,192.6830,135.3480,0.0000,0.0000,1521.8450
1637,1,2,1,62.7690,164.1480,0.0000,967.6490,199.8400,138.6890,0.0000,0.0000,1533.0950
1638,1,2,1,62.3260,166.7200,0.0000,967.5700,194.5780,133.8650,0.0000,0.0000,1525.0590
1639,1,2,1,61.7600,164.4800,0.0000,965.9140,194.5230,137.0650,0.0000,0.0000,1523.7420
1640,1,2,1,61.3290,164.9230,0.0000,970.4800,194.6530,136.3760,0.0000,0.0000,1527.7610
1641,1,2,1,62.1970,166.4800,0.0000,966.7630,192.7330,135.7850,0.0000,0.0000,1523.9580
1642,0,2,0,62.3130,163.6800,0.0000,967.3720,194.3320,135.0030,0.0000,0.0000,1522.7000
1643,1,2,1,60.9790,162.8920,0.0000,964.3880,204.1660,137.3960,0.0000,0.0000,1529.8210
1644,1,2,1,61.7540,168.5910,0.0000,967.6610,196.4300,135.3970,0.0000,0.0000,1529.8330
1645,1,2,1,63.2560,167.6060,0.0000,967.0950,194.8920,134.3700,0.0000,0.0000,1527.2190
1646,1,2,1,60.7570,166.1850,0.0000,966.5110,194.0000,133.6190,0.0000,0.0000,1521.0720
1647,0,2,0,61.2980,164.4740,0.0000,970.2280,193.4710,133.4340,0.0000,0.0000,1522.9050
1648,1,2,1,61.9320,163.7600,0.0000,962.8490,193.2800,136.2520,0.0000,0.0000,1518.0730
1649,1,2,1,61.9070,165.7540,0.0000,973.4590,202.7750,136.8120,0.0000,0.0000,1540.7070
1650,1,2,1,61.4710,166.2340,0.0000,973.0400,196.4000,136.5410,0.0000,0.0000,1533.6860
1651,1,2,1,62.5410,163.2190,0.0000,969.5810,192.4860,134.5050,0.0000,0.0000,1522.3320
1652,1,2,1,61.8340,164.3450,0.0000,965.8710,191.6070,134.0250,0.0000,0.0000,1517.6820
1653,1,2,1,62.7690,165.4340,0.0000,967.2680,192.2400,134.3640,0.0000,0.0000,1522.0750
1654,0,2,0,62.1660,165.8830,0.0000,965.8640,194.5480,136.4370,0.0000,0.0000,1524.8980
1655,0,2,0,61.4220,164.5360,0.0000,972.7260,201.6740,137.2000,0.0000,0.0000,1537.5580
1656,1,2,0,63.4400,168.6960,0.0000,964.0310,194.4920,136.1480,0.0000,0.0000,1526.8070
1657,1,2,1,62.7820,166.5720,0.0000,967.0220,194.1540,136.9300,0.0000,0.0000,1527.4600
1658,1,2,1,63.0030,164.4370,0.0000,971.8520,194.5780,135.3730,0.0000,0.0000,1529.2430
1659,1,2,1,61.7970,163.6730,0.0000,963.9880,193.7660,135.9690,0.0000,0.0000,1519.1930
1660,1,2,1,63.7720,165.2800,0.0000,972.7690,193.7100,134.1600,0.0000,0.0000,1529.6910
1661,1,2,1,61.8710,165.1870,0.0000,969.2310,210.9540,136.5290,0.0000,0.0000,1543.7720
1662,0,2,0,62.9540,169.7600,0.0000,965.9880,197.3470,137.2560,0.0000,0.0000,1533.3050
1663,1,2,1,62.3870,165.2800,0.0000,967.7350,193.7970,135.9810,0.0000,0.0000,1525.1800
1664,1,2,1,61.6730,163.1080,0.0000,969.0960,193.5940,133.3170,0.0000,0.0000,1520.7880
1665,1,2,1,62.6090,166.9170,0.0000,973.9760,193.6500,136.0250,0.0000,0.0000,1533.1770
1666,1,2,0,61.2120,164.5970,0.0000,967.1380,194.8550,133.9260,0.0000,0.0000,1521.7280
1667,1,2,1,62.0190,163.2800,0.0000,966.2830,234.1660,137.6490,0.0000,0.0000,1563.3970
1668,1,2,1,63.2920,169.4650,0.0000,969.2740,197.9750,136.5470,0.0000,0.0000,1536.5530
1669,1,2,1,62.1350,165.8220,0.0000,963.8770,194.3560,134.2960,0.0000,0.0000,1520.4860
1670,1,2,1,62.3760,165.0950,0.0000,968.8680,195.6300,134.0000,0.0000,0.0000,1525.9690
1671,1,2,1,60.8000,165.3420,0.0000,969.1820,193.6250,135.9510,0.0000,0.0000,1524.9000
1672,1,2,1,61.3660,164.6950,0.0000,966.3450,192.5910,134.4180,0.0000,0.0000,1519.4150
1673,1,2,1,61.6930,166.1290,0.0000,971.2190,193.9140,171.0030,0.0000,0.0000,1563.9580
1674,1,2,1,64.9300,170.9410,0.0000,969.8650,196.3870,135.9630,0.0000,0.0000,1538.0860
1675,0,2,0,61.5870,166.1040,0.0000,964.6700,196.1110,135.1440,0.0000,0.0000,1523.6160
1676,1,2,1,62.3270,165.2190,0.0000,969.1810,194.7380,134.9170,0.0000,0.0000,1526.3820
1677,1,2,1,60.3380,165.4460,0.0000,967.2610,196.3630,134.0930,0.0000,0.0000,1523.5010
1678,1,2,1,60.8610,166.1790,0.0000,969.0100,194.7820,133.3480,0.0000,0.0000,1524.1800
1679,1,2,1,61.1080,163.9200,0.0000,970.1230,194.9470,134.3020,0.0000,0.0000,1524.4000
1680,1,2,1,60.7020,204.5540,0.0000,968.1970,199.2610,138.5480,0.0000,0.0000,1571.2620
1681,1,2,1,62.3200,167.7840,0.0000,966.9540,193.3480,136.4490,0.0000,0.0000,1526.8550
1682,0,2,0,60.5660,166.0300,0.0000,967.3780,193.6300,135.2860,0.0000,0.0000,1522.8900
1683,1,2,1,61.8950,165.7780,0.0000,966.2210,191.9390,136.6030,0.0000,0.0000,1522.4360
1684,1,2,1,62.8070,163.9750,0.0000,967.5630,192.0740,135.4150,0.0000,0.0000,1521.8340
1685,1,2,1,61.7790,163.9570,0.0000,967.6680,194.5780,134.4860,0.0000,0.0000,1522.4680
1686,1,2,1,60.2040,165.2310,0.0000,960.8310,202.5540,138.7690,0.0000,0.0000,1527.5890
1687,1,2,1,63.9750,167.4590,0.0000,963.3660,194.3200,135.3290,0.0000,0.0000,1524.4490
1688,1,2,1,63.3360,162.9910,0.0000,968.3380,193.9070,134.8610,0.0000,0.0000,1523.4330
1689,1,2,1,69.3470,177.0210,0.0000,965.5880,199.9260,136.9050,0.0000,0.0000,1548.7870
1690,1,2,1,63.6920,169.6180,0.0000,966.4240,193.4580,136.0800,0.0000,0.0000,1529.2720
1691,1,2,1,62.6520,166.4430,0.0000,969.4840,196.3510,135.3730,0.0000,0.0000,1530.3030
1692,1,2,1,62.6400,163.6070,0.0000,974.5170,206.0240,137.5390,0.0000,0.0000,1544.3270
1693,1,2,1,62.8000,169.7420,0.0000,970.5480,195.0460,136.3140,0.0000,0.0000,1534.4500
1694,1,2,1,64.3260,165.2430,0.0000,967.8030,195.8770,136.1050,0.0000,0.0000,1529.3540
1695,1,2,1,61.2980,165.0470,0.0000,968.9350,194.7570,135.6310,0.0000,0.0000,1525.6680
1696,1,2,1,62.1110,165.2250,0.0000,967.4950,194.0130,134.8370,0.0000,0.0000,1523.6810
1697,1,2,1,61.7230,164.4560,0.0000,965.1070,193.1940,134.8190,0.0000,0.0000,1519.2990
1698,1,2,1,62.1540,165.8580,0.0000,976.1660,205.8590,138.0430,0.0000,0.0000,1548.0800
1699,0,2,0,63.7350,169.8770,0.0000,971.0030,195.9880,136.6340,0.0000,0.0000,1537.2370
1700,1,2,1,61.4890,167.1750,0.0000,971.7540,194.3440,135.9020,0.0000,0.0000,1530.6640
1701,1,2,1,61.4340,165.3970,0.0000,971.4900,192.3880,135.7730,0.0000,0.0000,1526.4820
1702,1,2,1,62.0980,163.9880,0.0000,967.2560,195.1080,135.1320,0.0000,0.0000,1523.5820
1703,1,2,1,60.6890,164.3390,0.0000,971.8270,194.2770,134.8310,0.0000,0.0000,1525.9630
1704,1,2,1,60.6950,164.1420,0.0000,972.3510,224.8560,147.1880,0.0000,0.0000,1569.2320
1705,1,2,1,65.2430,174.9660,0.0000,969.9510,197.7540,140.8550,0.0000,0.0000,1548.7690
1706,1,2,1,63.9750,167.8650,0.0000,967.8770,195.9880,136.0370,0.0000,0.0000,1531.7420
1707,1,2,1,63.3600,168.2580,0.0000,967.6870,195.0710,136.1170,0.0000,0.0000,1530.4930
1708,1,2,1,61.6240,164.9050,0.0000,969.2670,194.2340,134.6470,0.0000,0.0000,1524.6770
1709,1,2,1,61.1070,163.5200,0.0000,965.7790,195.2550,134.0680,0.0000,0.0000,1519.7290
1710,1,2,1,61.6310,164.0740,0.0000,970.3070,209.0520,142.7440,0.0000,0.0000,1547.8080
1711,1,2,1,61.6560,171.0520,0.0000,972.7870,194.7750,136.4490,0.0000,0.0000,1536.7190
1712,1,2,1,62.2220,166.4000,0.0000,964.8180,195.3290,137.9380,0.0000,0.0000,1526.7070
1713,1,2,1,62.6890,166.4550,0.0000,966.5230,194.5970,134.6150,0.0000,0.0000,1524.8790
1714,1,2,1,61.2060,165.1320,0.0000,968.6030,194.9110,134.7810,0.0000,0.0000,1524.6330
1715,0,2,0,61.5570,163.8960,0.0000,965.7360,192.6530,134.9170,0.0000,0.0000,1518.7590
1716,1,2,1,61.5080,164.2160,0.0000,1007.5750,201.8710,138.0120,0.0000,0.0000,1573.1820
1717,1,2,1,63.2560,168.8740,0.0000,969.2920,196.3010,135.4890,0.0000,0.0000,1533.2120
1718,1,2,1,62.5600,165.6990,0.0000,966.6700,195.8580,136.0930,0.0000,0.0000,1526.8800
1719,1,2,1,62.7200,165.1380,0.0000,969.3170,194.1230,134.5540,0.0000,0.0000,1525.8520
1720,1,2,1,60.8120,163.3600,0.0000,967.0650,195.7410,134.6770,0.0000,0.0000,1521.6550
1721,1,2,1,61.7900,165.5260,0.0000,967.6000,194.2270,133.5380,0.0000,0.0000,1522.6810
1722,1,2,1,61.8280,165.1630,0.0000,971.0330,232.4000,137.3040,0.0000,0.0000,1567.7280
1723,0,2,0,61.9810,172.0670,0.0000,966.7450,197.2250,135.7910,0.0000,0.0000,1533.8090
1724,1,2,1,61.0030,164.9110,0.0000,967.3360,192.4550,137.9260,0.0000,0.0000,1523.6310
1725,1,2,1,63.1390,165.0030,0.0000,965.5260,195.5130,137.5570,0.0000,0.0000,1526.7380
1726,1,2,1,61.7170,166.2760,0.0000,968.3630,194.5110,134.4250,0.0000,0.0000,1525.2920
1727,1,2,1,61.3050,165.0700,0.0000,968.2950,194.6700,134.0560,0.0000,0.0000,1523.3960
1728,1,2,1,62.9420,164.8180,0.0000,963.1330,193.9390,133.5200,0.0000,0.0000,1518.3520
1729,1,2,1,65.5450,171.0340,0.0000,969.0340,194.3140,137.5570,0.0000,0.0000,1537.4840
1730,1,2,1,60.4550,165.0150,0.0000,972.0680,194.7820,135.4700,0.0000,0.0000,1527.7900
1731,1,2,1,62.1300,166.0740,0.0000,968.2830,194.4980,134.0490,0.0000,0.0000,1525.0340
1732,1,2,1,61.3170,167.6680,0.0000,965.9820,191.7290,133.3840,0.0000,0.0000,1520.0800
1733,0,2,0,61.5630,164.5850,0.0000,966.1910,191.9940,136.1480,0.0000,0.0000,1520.4810
1734,1,2,1,62.8180,164.9350,0.0000,964.7020,194.9660,134.6400,0.0000,0.0000,1522.0610
1735,1,2,1,61.3780,226.8920,0.0000,972.3010,204.1360,139.2370,0.0000,0.0000,1603.9440
1736,0,2,0,64.2770,168.1600,0.0000,971.0090,196.8670,135.4950,0.0000,0.0000,1535.8080
1737,1,2,1,62.8680,165.2060,0.0000,967.4770,195.3230,134.8620,0.0000,0.0000,1525.7360
1738,1,2,1,61.8960,164.1970,0.0000,969.4770,194.5110,133.3660,0.0000,0.0000,1523.4470
1739,1,2,1,61.9690,164.7820,0.0000,973.6490,195.1810,134.4620,0.0000,0.0000,1530.0430
1740,1,2,1,61.7470,165.4530,0.0000,970.4740,193.4530,135.2490,0.0000,0.0000,1526.3760
1741,1,2,1,61.4100,164.9050,0.0000,1002.3320,205.2490,137.6800,0.0000,0.0000,1571.5760
1742,1,2,1,63.2860,168.8430,0.0000,969.1810,193.7360,135.4280,0.0000,0.0000,1530.4740
1743,1,2,1,61.1940,165.2680,0.0000,970.0860,194.4560,135.2370,0.0000,0.0000,1526.2410
1744,1,2,1,62.6460,164.0500,0.0000,966.3200,194.1540,134.1540,0.0000,0.0000,1521.3240
1745,1,2,1,61.7350,163.6860,0.0000,969.2370,195.6550,135.5510,0.0000,0.0000,1525.8640
1746,1,2,1,61.0210,164.8860,0.0000,967.8400,192.6150,132.6830,0.0000,0.0000,1519.0450
1747,1,2,1,62.3080,166.1170,0.0000,972.9660,201.7470,134.8120,0.0000,0.0000,1537.9500
1748,1,2,1,62.1100,167.8270,0.0000,969.5500,194.5230,135.7670,0.0000,0.0000,1529.7770
1749,1,2,1,62.5910,166.5470,0.0000,968.7440,193.3540,134.4430,0.0000,0.0000,1525.6790
1750,1,2,0,61.4030,166.9040,0.0000,967.1260,195.6000,134.9360,0.0000,0.0000,1525.9690
1751,1,2,1,62.8370,165.2060,0.0000,968.1540,193.7360,132.5040,0.0000,0.0000,1522.4370
1752,0,2,0,61.9570,163.8950,0.0000,970.9290,192.8800,135.1260,0.0000,0.0000,1524.7870
1753,1,2,1,60.8610,164.1230,0.0000,965.1690,202.3630,137.9880,0.0000,0.0000,1530.5040
1754,1,2,1,61.9080,168.9910,0.0000,967.7790,194.6270,136.2830,0.0000,0.0000,1529.5880
1755,1,2,1,62.0430,166.1350,0.0000,966.5470,195.4340,134.9660,0.0000,0.0000,1525.1250
1756,0,2,0,62.0180,165.7290,0.0000,966.6460,194.8740,137.0400,0.0000,0.0000,1526.3070
1757,0,2,0,61.7720,163.6560,0.0000,969.9690,195.8830,135.2190,0.0000,0.0000,1526.4990
1758,1,2,1,63.5760,164.7320,0.0000,964.3870,191.9390,135.1630,0.0000,0.0000,1519.7970
1759,0,2,0,62.7320,167.3600,0.0000,975.0400,203.2500,136.9720,0.0000,0.0000,1545.3540
1760,1,2,1,63.2180,167.5080,0.0000,973.5010,196.7080,137.2860,0.0000,0.0000,1538.2210
1761,1,2,1,60.6090,166.8190,0.0000,966.4310,193.7970,133.5570,0.0000,0.0000,1521.2130
1762,1,2,1,60.4920,164.0240,0.0000,967.1510,190.4250,135.5320,0.0000,0.0000,1517.6240
1763,1,2,1,61.1760,165.8460,0.0000,969.2860,193.1630,134.1970,0.0000,0.0000,1523.6680
1764,1,2,1,61.1630,165.8210,0.0000,970.5850,192.6640,135.7540,0.0000,0.0000,1525.9870
1765,1,2,1,62.6150,165.8710,0.0000,962.1230,200.1040,138.4370,0.0000,0.0000,1529.1500
1766,1,2,1,63.5450,168.0490,0.0000,967.0520,195.4090,137.0710,0.0000,0.0000,1531.1260
1767,1,2,1,62.7820,166.2160,0.0000,968.7010,194.7570,134.3760,0.0000,0.0000,1526.8320
1768,1,2,1,62.3570,165.5820,0.0000,970.5910,193.9390,135.3600,0.0000,0.0000,1527.8290
1769,0,2,0,62.8180,164.5290,0.0000,968.3140,192.7820,133.9200,0.0000,0.0000,1522.3630
1770,1,2,1,62.5970,163.9870,0.0000,967.3850,193.4520,133.6190,0.0000,0.0000,1521.0400
1771,0,2,1,60.7630,164.0740,0.0000,968.3080,251.1870,136.6710,0.0000,0.0000,1581.0030
1772,1,2,1,63.6620,170.6950,0.0000,970.1540,197.7970,135.9570,0.0000,0.0000,1538.2650
1773,1,2,1,61.2180,166.5110,0.0000,974.5850,192.1910,135.4950,0.0000,0.0000,1530.0000
1774,1,2,1,61.6070,165.1390,0.0000,968.2030,191.4150,135.3600,0.0000,0.0000,1521.7240
1775,1,2,1,61.8460,164.2210,0.0000,968.6150,195.2680,134.0680,0.0000,0.0000,1524.0180
1776,1,2,1,62.2700,163.8460,0.0000,969.3480,196.0860,134.5230,0.0000,0.0000,1526.0730
1777,1,2,1,61.6000,166.2400,0.0000,965.6620,194.0180,178.2770,0.0000,0.0000,1565.7970
1778,1,2,1,63.2860,169.2000,0.0000,970.0000,197.1200,136.8670,0.0000,0.0000,1536.4730
1779,1,2,1,62.5110,165.6120,0.0000,967.3230,195.4950,135.9700,0.0000,0.0000,1526.9110
1780,1,2,1,61.5570,165.2180,0.0000,965.9510,194.5480,134.6830,0.0000,0.0000,1521.9570
1781,1,2,1,62.0370,165.3970,0.0000,970.0550,193.3540,133.4400,0.0000,0.0000,1524.2830
1782,0,2,0,61.8030,163.8830,0.0000,968.8560,193.7910,136.1230,0.0000,0.0000,1524.4560
1783,1,2,1,60.9910,166.7500,0.0000,964.2100,194.6030,133.8580,0.0000,0.0000,1520.4120
1784,1,2,0,62.3810,209.5330,0.0000,969.1820,199.3100,136.0190,0.0000,0.0000,1576.4250
1785,1,2,1,61.7850,165.9140,0.0000,967.7100,195.3480,134.4620,0.0000,0.0000,1525.2190
1786,1,2,1,62.5970,164.0430,0.0000,968.4860,194.1910,134.8250,0.0000,0.0000,1524.1420
1787,1,2,1,61.2060,163.4900,0.0000,968.1970,194.4120,134.2520,0.0000,0.0000,1521.5570
1788,1,2,1,61.5450,163.0100,0.0000,967.2120,193.5200,133.5810,0.0000,0.0000,1518.8680
1789,1,2,1,59.9260,166.8740,0.0000,963.5020,191.2180,135.4150,0.0000,0.0000,1516.9350
1790,1,2,1,60.4430,163.7420,0.0000,1010.6640,200.0490,138.4430,0.0000,0.0000,1573.3410
1791,0,2,0,60.8680,167.4770,0.0000,966.0860,197.4160,136.0980,0.0000,0.0000,1527.9450
1792,1,2,1,63.3970,165.5200,0.0000,970.1410,193.6860,134.9600,0.0000,0.0000,1527.7040
1793,1,2,0,61.8400,165.4150,0.0000,973.2800,195.0330,134.5910,0.0000,0.0000,1530.1590
1794,1,2,1,61.8520,164.1170,0.0000,971.6740,194.2460,134.7320,0.0000,0.0000,1526.6210
1795,0,2,0,61.3850,165.1260,0.0000,970.1480,195.9450,134.4560,0.0000,0.0000,1527.0600
1796,1,2,1,61.5440,165.5130,0.0000,971.8890,203.0830,138.1420,0.0000,0.0000,1540.1710
1797,1,2,1,63.2740,166.9230,0.0000,969.0150,194.8740,134.5040,0.0000,0.0000,1528.5900
1798,1,2,1,62.3080,165.8890,0.0000,971.5260,193.1080,134.9720,0.0000,0.0000,1527.8030
1799,1,2,1,61.6370,165.8210,0.0000,967.9870,191.8950,136.3140,0.0000,0.0000,1523.6540
1800,1,2,0,62.7080,166.9600,0.0000,967.4650,193.5570,136.0180,0.0000,0.0000,1526.7080
1801,1,2,1,61.2550,165.3790,0.0000,965.1200,193.3230,134.0310,0.0000,0.0000,1519.1080
1802,0,2,0,61.4890,163.5940,0.0000,970.5050,201.8460,137.1330,0.0000,0.0000,1534.5670
1803,1,2,1,63.2920,167.0700,0.0000,971.3790,197.8030,134.8000,0.0000,0.0000,1534.3440
1804,1,2,1,60.5230,166.8860,0.0000,970.4610,193.9450,134.4060,0.0000,0.0000,1526.2210
1805,1,2,1,61.5450,164.2590,0.0000,970.8670,192.1050,134.2770,0.0000,0.0000,1523.0530
1806,1,2,1,63.2060,165.1320,0.0000,969.3660,194.6400,134.4740,0.0000,0.0000,1526.8180
1807,0,2,0,61.7780,165.6190,0.0000,966.0190,193.7660,133.6550,0.0000,0.0000,1520.8370
1808,1,2,1,62.6030,166.4250,0.0000,972.0240,207.6550,140.5910,0.0000,0.0000,1549.2980
1809,1,2,1,61.8340,166.7810,0.0000,967.5200,193.8950,136.5730,0.0000,0.0000,1526.6030
1810,1,2,1,64.2950,164.9300,0.0000,966.3140,195.2310,136.3630,0.0000,0.0000,1527.1330
1811,1,2,1,62.0490,166.9970,0.0000,968.0250,194.8370,135.8900,0.0000,0.0000,1527.7980
1812,1,2,1,61.3660,163.6130,0.0000,967.7730,197.3360,134.0060,0.0000,0.0000,1524.0940
1813,1,2,1,60.8370,165.5940,0.0000,964.0980,192.7130,135.1690,0.0000,0.0000,1518.4110
1814,1,2,1,61.0090,164.3820,0.0000,972.9670,204.1350,134.3940,0.0000,0.0000,1536.8870
1815,1,2,1,61.3230,168.2890,0.0000,966.0430,196.0740,137.4090,0.0000,0.0000,1529.1380
1816,1,2,1,61.3840,164.4300,0.0000,965.1690,192.7940,133.9260,0.0000,0.0000,1517.7030
1817,1,2,1,63.0210,166.7380,0.0000,969.1510,194.6220,136.1540,0.0000,0.0000,1529.6860
1818,1,2,1,59.5070,165.8280,0.0000,966.2710,194.3130,134.0430,0.0000,0.0000,1519.9620
1819,1,2,1,60.2890,165.4210,0.0000,968.3080,192.3140,134.5170,0.0000,0.0000,1520.8490
1820,1,2,1,63.1020,164.0310,0.0000,967.9750,245.9690,138.3750,0.0000,0.0000,1579.4520
1821,1,2,1,62.6460,170.3880,0.0000,969.6870,197.2060,135.3170,0.0000,0.0000,1535.2440
1822,0,2,0,62.9290,164.5910,0.0000,968.0800,194.7130,134.7200,0.0000,0.0000,1525.0330
1823,1,2,1,61.8460,165.4220,0.0000,966.2090,193.2360,134.0860,0.0000,0.0000,1520.7990
1824,1,2,1,60.9780,164.5970,0.0000,965.8150,193.5080,134.7510,0.0000,0.0000,1519.6490
1825,1,2,1,61.4470,164.3510,0.0000,966.4180,194.1230,135.4220,0.0000,0.0000,1521.7610
1826,1,2,1,62.4560,165.8710,0.0000,967.9390,194.1110,189.9260,0.0000,0.0000,1580.3030
1827,1,2,1,63.7350,173.6870,0.0000,967.9270,198.2710,139.7230,0.0000,0.0000,1543.3430
1828,1,2,1,62.7440,164.1360,0.0000,965.5390,196.1420,134.0370,0.0000,0.0000,1522.5980
1829,1,2,0,62.3380,164.5230,0.0000,967.9820,195.1750,135.8710,0.0000,0.0000,1525.8890
1830,1,2,1,63.7350,165.5940,0.0000,967.3730,193.7350,135.1260,0.0000,0.0000,1525.5630
1831,1,2,1,60.7260,164.8180,0.0000,965.9450,193.3040,136.6280,0.0000,0.0000,1521.4210
1832,1,2,1,61.6060,165.7970,0.0000,966.4250,193.6560,133.5260,0.0000,0.0000,1521.0100
1833,1,2,1,99.9940,169.3420,0.0000,970.1480,199.3540,137.1080,0.0000,0.0000,1575.9460
1834,1,2,1,64.0920,167.4030,0.0000,968.7510,195.3670,134.6890,0.0000,0.0000,1530.3020
1835,0,2,0,60.9530,164.2650,0.0000,965.0770,193.5750,135.4960,0.0000,0.0000,1519.3660
1836,1,2,1,63.6740,165.2310,0.0000,967.0520,194.7320,134.9540,0.0000,0.0000,1525.6430
1837,1,2,0,61.7840,165.6560,0.0000,967.9140,194.1600,133.4340,0.0000,0.0000,1522.9480
1838,1,2,1,61.7970,163.8900,0.0000,968.8240,196.5780,134.2890,0.0000,0.0000,1525.3780
1839,1,2,1,61.1080,200.4060,0.0000,968.1790,200.2950,136.7820,0.0000,0.0000,1566.7700
1840,1,2,1,63.1200,166.3200,0.0000,967.9630,196.9290,134.8610,0.0000,0.0000,1529.1930
1841,1,2,1,61.8830,165.1380,0.0000,967.1140,194.8740,135.4530,0.0000,0.0000,1524.4620
1842,1,2,1,62.1900,165.3350,0.0000,965.8650,193.7660,135.4400,0.0000,0.0000,1522.5960
1843,1,2,1,61.8830,167.7110,0.0000,969.0710,194.0610,133.6920,0.0000,0.0000,1526.4180
1844,1,2,1,62.1480,165.7170,0.0000,967.3160,194.9170,134.6890,0.0000,0.0000,1524.7870
1845,1,2,1,61.1450,166.7570,0.0000,971.9020,206.0120,139.4090,0.0000,0.0000,1545.2250
1846,1,2,1,61.2490,169.0150,0.0000,969.1820,196.0310,134.4990,0.0000,0.0000,1529.9760
1847,0,2,0,62.7810,165.0460,0.0000,966.4190,194.2650,134.0990,0.0000,0.0000,1522.6100
1848,1,2,1,60.4990,164.0800,0.0000,967.4460,192.5730,135.6800,0.0000,0.0000,1520.2780
1849,0,2,0,61.1820,165.5260,0.0000,967.0590,192.5730,135.1320,0.0000,0.0000,1521.4720
1850,1,2,1,63.5940,164.6640,0.0000,967.3110,193.4220,132.1660,0.0000,0.0000,1521.1570
1851,1,2,1,61.6240,164.8990,0.0000,977.3600,215.9510,143.5570,0.0000,0.0000,1563.3910
1852,1,2,1,65.6360,170.3320,0.0000,968.9360,197.0900,137.9200,0.0000,0.0000,1539.9140
1853,1,2,0,63.7790,169.7290,0.0000,964.9290,197.8950,134.7140,0.0000,0.0000,1531.0460
1854,1,2,1,63.7730,167.4270,0.0000,966.2030,193.9570,136.8370,0.0000,0.0000,1528.1970
1855,1,2,1,61.6000,166.3020,0.0000,967.5200,192.8730,135.7350,0.0000,0.0000,1524.0300
1856,1,2,1,63.2370,165.7530,0.0000,969.7600,194.4120,133.6740,0.0000,0.0000,1526.8360
1857,1,2,1,61.9570,165.7540,0.0000,974.0250,201.3780,136.9540,0.0000,0.0000,1540.0680
1858,1,2,1,60.5900,166.7570,0.0000,967.9940,196.6520,136.5170,0.0000,0.0000,1528.5100
1859,1,2,1,62.4740,166.3570,0.0000,968.2460,194.4680,136.5480,0.0000,0.0000,1528.0930
1860,1,2,1,61.5020,165.8100,0.0000,964.8740,193.0210,134.9790,0.0000,0.0000,1520.1860
1861,0,2,0,62.5110,165.2550,0.0000,963.9010,193.3040,134.4430,0.0000,0.0000,1519.4140
1862,1,2,1,61.1630,166.3260,0.0000,966.6770,193.6250,135.2990,0.0000,0.0000,1523.0900
1863,0,2,0,61.4520,164.4610,0.0000,973.8160,202.2460,136.6460,0.0000,0.0000,1538.6210
1864,1,2,1,61.5200,168.1480,0.0000,969.1440,194.7200,134.3810,0.0000,0.0000,1527.9130
1865,1,2,1,60.7260,166.4250,0.0000,969.6180,194.7570,135.5330,0.0000,0.0000,1527.0590
1866,1,2,1,62.1790,165.0040,0.0000,969.6610,194.7320,134.1230,0.0000,0.0000,1525.6990
1867,1,2,1,62.2530,164.6100,0.0000,971.0150,194.2710,135.2860,0.0000,0.0000,1527.4350
1868,1,2,1,62.0430,164.3510,0.0000,966.7570,194.8680,131.1760,0.0000,0.0000,1519.1950
1869,1,2,1,61.2490,165.3470,0.0000,972.7880,239.1330,137.8400,0.0000,0.0000,1576.3570
1870,1,2,1,63.3730,166.6640,0.0000,970.7750,196.2650,136.7930,0.0000,0.0000,1533.8700
1871,1,2,1,63.7170,166.4550,0.0000,964.6220,197.8520,135.9080,0.0000,0.0000,1528.5540
1872,1,2,1,62.3380,165.4280,0.0000,963.6000,193.9510,137.1760,0.0000,0.0000,1522.4930
1873,1,2,1,61.9080,165.1690,0.0000,968.5850,194.2220,134.2460,0.0000,0.0000,1524.1300
1874,1,2,1,62.4990,164.9110,0.0000,969.2120,193.8340,134.7510,0.0000,0.0000,1525.2070
1875,1,2,1,60.3440,164.2210,0.0000,964.5420,229.5940,142.0060,0.0000,0.0000,1560.7070
1876,1,2,1,62.4430,169.4400,0.0000,966.6400,196.8610,138.2460,0.0000,0.0000,1533.6300
1877,1,2,1,62.3140,167.1940,0.0000,969.2980,196.7380,132.8990,0.0000,0.0000,1528.4430
1878,1,2,1,61.6000,165.9750,0.0000,968.7940,191.3970,134.3080,0.0000,0.0000,1522.0740
1879,1,2,1,61.0950,163.0710,0.0000,969.4160,194.6830,135.0830,0.0000,0.0000,1523.3480
1880,1,2,1,61.7040,164.3570,0.0000,971.9200,193.4090,133.3540,0.0000,0.0000,1524.7440
1881,0,2,1,60.8490,164.4430,0.0000,968.0620,196.2640,134.7330,0.0000,0.0000,1524.3510
1882,1,2,1,71.0950,171.9200,0.0000,968.1720,196.2530,138.4180,0.0000,0.0000,1545.8580
1883,1,2,1,64.2950,168.3940,0.0000,971.2120,194.2400,136.8370,0.0000,0.0000,1534.9780
1884,1,2,1,61.0590,166.8560,0.0000,967.8150,194.4180,134.5970,0.0000,0.0000,1524.7450
1885,1,2,1,61.2000,165.9450,0.0000,967.1380,191.1630,132.3700,0.0000,0.0000,1517.8160
1886,1,2,1,63.5880,166.6770,0.0000,966.8070,193.3780,136.1850,0.0000,0.0000,1526.6350
1887,1,2,1,62.0740,165.7170,0.0000,969.6860,195.0960,134.6520,0.0000,0.0000,1527.2250
1888,1,2,1,62.5480,227.8340,0.0000,973.7660,200.6960,137.2190,0.0000,0.0000,1602.0630
1889,1,2,1,63.1750,170.2340,0.0000,967.0640,196.6580,135.1200,0.0000,0.0000,1532.2510
1890,1,2,1,61.6860,164.8250,0.0000,967.2800,194.6150,134.3880,0.0000,0.0000,1522.7940
1891,1,2,1,61.8160,166.8550,0.0000,969.4650,193.0710,135.6920,0.0000,0.0000,1526.8990
1892,0,2,0,61.3470,163.7290,0.0000,968.0000,194.6650,136.6400,0.0000,0.0000,1524.3810
1893,1,2,1,61.4090,165.0590,0.0000,971.2430,193.1200,135.6860,0.0000,0.0000,1526.5170
1894,1,2,1,62.6220,164.6520,0.0000,963.8830,201.9700,138.5600,0.0000,0.0000,1531.6870
1895,1,2,1,63.1390,167.8270,0.0000,970.0060,195.5380,135.0590,0.0000,0.0000,1531.5690
1896,1,2,1,63.2310,165.6180,0.0000,966.4120,193.8030,133.2430,0.0000,0.0000,1522.3070
1897,1,2,1,62.5480,166.1110,0.0000,969.7970,193.1940,135.6500,0.0000,0.0000,1527.3000
1898,0,2,0,62.2640,163.7730,0.0000,966.7570,194.1480,135.8960,0.0000,0.0000,1522.8380
1899,1,2,1,61.3360,165.0220,0.0000,963.4770,192.9780,135.1200,0.0000,0.0000,1517.9330
1900,1,2,1,61.7540,166.4490,0.0000,975.8090,215.8710,145.9750,0.0000,0.0000,1565.8580
1901,1,2,1,63.5500,175.1880,0.0000,972.5660,195.1760,137.9570,0.0000,0.0000,1544.4370
1902,0,2,0,63.5940,166.3750,0.0000,969.0520,196.4550,135.5750,0.0000,0.0000,1531.0510
1903,1,2,1,60.8120,164.3810,0.0000,968.8560,194.0240,136.4250,0.0000,0.0000,1524.4980
1904,1,2,1,62.2340,165.7970,0.0000,966.6890,196.7380,133.7230,0.0000,0.0000,1525.1810
1905,1,2,1,62.2340,164.5040,0.0000,964.5840,193.4650,134.0560,0.0000,0.0000,1518.8430
1906,0,2,0,60.9720,165.2430,0.0000,963.5020,201.6740,136.9410,0.0000,0.0000,1528.3320
1907,1,2,1,62.7750,168.1850,0.0000,965.7470,194.7020,133.9690,0.0000,0.0000,1525.3780
1908,1,2,1,60.4550,166.4670,0.0000,969.0340,194.7260,134.9840,0.0000,0.0000,1525.6660
1909,1,2,1,61.7350,165.1140,0.0000,966.9600,193.5690,136.1420,0.0000,0.0000,1523.5200
1910,1,2,1,60.7510,164.5050,0.0000,969.1140,194.1470,135.0090,0.0000,0.0000,1523.5260
1911,1,2,1,61.5880,165.4900,0.0000,968.6210,194.9170,134.4240,0.0000,0.0000,1525.0400
1912,1,2,1,61.7540,164.4610,0.0000,972.1540,202.9230,136.3880,0.0000,0.0000,1537.6800
1913,1,2,1,62.9170,169.4460,0.0000,968.0980,196.1480,137.3600,0.0000,0.0000,1533.9690
1914,1,2,1,61.7600,167.2000,0.0000,967.8340,195.1380,136.3820,0.0000,0.0000,1528.3140
1915,1,2,1,62.6580,165.2800,0.0000,964.5350,194.6220,136.2030,0.0000,0.0000,1523.2980
1916,1,2,1,62.3080,166.5350,0.0000,970.1350,193.1200,133.4830,0.0000,0.0000,1525.5810
1917,1,2,1,60.6340,168.3070,0.0000,969.2740,194.7320,135.5880,0.0000,0.0000,1528.5350
1918,1,2,1,63.7540,164.9230,0.0000,965.2610,205.4650,139.1630,0.0000,0.0000,1538.5660
1919,1,2,1,64.8490,169.9630,0.0000,968.9050,197.7600,137.7480,0.0000,0.0000,1539.2250
1920,1,2,1,61.3540,167.8090,0.0000,965.6000,195.3970,133.9940,0.0000,0.0000,1524.1540
1921,0,2,0,61.7230,165.9870,0.0000,968.2030,193.6550,133.9810,0.0000,0.0000,1523.5490
1922,1,2,1,61.9200,164.8860,0.0000,965.0530,192.6770,134.6030,0.0000,0.0000,1519.1390
1923,1,2,1,62.8250,165.0710,0.0000,967.2120,194.9540,133.9750,0.0000,0.0000,1524.0370
1924,1,2,1,64.0250,162.4000,0.0000,967.3410,236.9660,138.2460,0.0000,0.0000,1568.9780
1925,1,2,1,63.7840,169.4710,0.0000,968.6270,196.3510,135.3170,0.0000,0.0000,1533.5500
1926,0,2,0,62.3390,166.0180,0.0000,972.0430,195.1810,134.8990,0.0000,0.0000,1530.4800
1927,1,2,1,61.8340,164.8490,0.0000,969.6740,195.3420,134.7330,0.0000,0.0000,1526.4320
1928,1,2,1,62.9780,163.8950,0.0000,964.9050,193.8280,133.6860,0.0000,0.0000,1519.2920
1929,1,2,1,62.1910,164.0130,0.0000,968.4980,193.4520,136.0740,0.0000,0.0000,1524.2280
1930,1,2,0,61.5390,163.1380,0.0000,970.6950,193.5130,174.8740,0.0000,0.0000,1563.7590
1931,1,2,0,62.6770,170.1110,0.0000,967.4640,195.6250,136.3140,0.0000,0.0000,1532.1910
1932,1,2,1,61.1020,165.7790,0.0000,971.0150,194.7760,134.4860,0.0000,0.0000,1527.1580
1933,1,2,1,62.9910,164.3320,0.0000,969.0770,194.7450,133.7170,0.0000,0.0000,1524.8620
1934,1,2,1,61.7040,164.2150,0.0000,965.6550,192.9540,134.9970,0.0000,0.0000,1519.5250
1935,1,2,1,61.7350,164.3330,0.0000,968.5240,196.5230,132.4800,0.0000,0.0000,1523.5950
1936,1,2,1,62.0370,165.4640,0.0000,969.0160,193.7050,132.4430,0.0000,0.0000,1522.6650
1937,1,2,1,61.5380,210.4920,0.0000,970.6210,195.3540,135.0710,0.0000,0.0000,1573.0760
1938,1,2,1,61.5880,167.2370,0.0000,966.1720,194.3440,134.8740,0.0000,0.0000,1524.2150
1939,1,2,1,61.5820,163.4090,0.0000,968.7260,194.0250,136.5350,0.0000,0.0000,1524.2770
1940,1,2,1,63.2060,165.4770,0.0000,963.4400,195.1140,133.5880,0.0000,0.0000,1520.8250
1941,1,2,1,61.7290,164.7870,0.0000,971.3480,193.0280,132.9360,0.0000,0.0000,1523.8280
1942,1,2,0,61.2120,163.9700,0.0000,968.5480,194.3260,133.6740,0.0000,0.0000,1521.7300
1943,1,2,0,60.4860,164.7690,0.0000,964.4730,202.0680,138.4920,0.0000,0.0000,1530.2880
1944,1,2,1,63.1020,167.9450,0.0000,967.1630,194.3080,137.2620,0.0000,0.0000,1529.7800
1945,1,2,1,61.6860,166.5730,0.0000,968.3140,193.5760,133.1690,0.0000,0.0000,1523.3180
1946,1,2,1,61.9690,163.7290,0.0000,966.6520,193.7670,134.4550,0.0000,0.0000,1520.5720
1947,1,2,1,62.4980,164.7570,0.0000,969.5200,192.6100,134.6150,0.0000,0.0000,1524.0000
1948,1,2,1,60.6330,165.9630,0.0000,966.9410,195.4530,134.5850,0.0000,0.0000,1523.5750
1949,1,2,1,60.1730,166.5110,0.0000,963.4580,203.3360,139.5200,0.0000,0.0000,1532.9980
1950,1,2,1,63.8090,169.8710,0.0000,969.4400,193.8030,135.9690,0.0000,0.0000,1532.8920
1951,1,2,1,61.8340,164.2220,0.0000,971.3170,195.1440,134.8560,0.0000,0.0000,1527.3730
1952,1,2,1,61.4280,165.2920,0.0000,964.2030,195.5140,136.7510,0.0000,0.0000,1523.1880
1953,1,2,1,61.3970,162.6520,0.0000,969.4650,193.8960,136.1230,0.0000,0.0000,1523.5330
1954,1,2,1,60.5660,164.9360,0.0000,966.6150,193.5020,135.5570,0.0000,0.0000,1521.1760
1955,1,2,1,61.5380,164.3690,0.0000,965.9940,207.8400,138.9050,0.0000,0.0000,1538.6460
1956,1,2,1,63.8710,167.7600,0.0000,972.2650,196.9850,135.1070,0.0000,0.0000,1535.9880
1957,1,2,1,60.7510,165.0090,0.0000,965.0770,194.8800,134.7690,0.0000,0.0000,1520.4860
1958,1,2,1,61.6000,166.5110,0.0000,966.8120,193.1200,136.8620,0.0000,0.0000,1524.9050
1959,1,2,1,61.9570,166.3570,0.0000,968.6520,192.9910,133.2550,0.0000,0.0000,1523.2120
1960,1,2,1,62.5540,164.8990,0.0000,969.8830,193.1390,135.8770,0.0000,0.0000,1526.3520
1961,1,2,1,62.8120,164.8250,0.0000,972.7570,201.3350,136.9840,0.0000,0.0000,1538.7130
1962,1,2,1,62.3810,168.3510,0.0000,970.1480,196.7880,134.5660,0.0000,0.0000,1532.2340
1963,1,2,1,61.1500,166.8000,0.0000,969.8220,195.4160,136.7570,0.0000,0.0000,1529.9450
1964,0,2,0,61.7960,166.3820,0.0000,966.2340,194.4250,135.8890,0.0000,0.0000,1524.7260
1965,1,2,1,61.4950,165.1500,0.0000,968.5170,195.4280,133.7290,0.0000,0.0000,1524.3190
1966,0,2,0,61.4520,164.2580,0.0000,970.1480,193.1940,134.9160,0.0000,0.0000,1523.9680
1967,1,2,1,61.2670,165.8710,0.0000,978.6400,199.2490,136.8610,0.0000,0.0000,1541.8880
1968,1,2,1,62.1850,168.5970,0.0000,967.3360,194.9660,135.6310,0.0000,0.0000,1528.7150
1969,1,2,1,61.4770,167.1630,0.0000,971.5380,194.3880,136.3700,0.0000,0.0000,1530.9360
1970,1,2,1,63.5750,165.2300,0.0000,970.8490,193.5630,136.1780,0.0000,0.0000,1529.3950
1971,1,2,0,63.2370,164.3560,0.0000,967.9200,192.7270,134.7070,0.0000,0.0000,1522.9470
1972,1,2,1,61.0700,164.1530,0.0000,968.9230,194.4060,135.0150,0.0000,0.0000,1523.5670
1973,1,2,1,62.6210,163.8210,0.0000,967.7230,230.6520,137.3600,0.0000,0.0000,1562.1770
1974,1,2,1,63.3910,169.7910,0.0000,969.4400,195.4590,137.2000,0.0000,0.0000,1535.2810
1975,0,2,0,62.5230,165.8220,0.0000,969.6430,194.4860,133.3720,0.0000,0.0000,1525.8460
1976,1,2,1,63.0580,167.7780,0.0000,969.4220,194.4980,134.2700,0.0000,0.0000,1529.0260
1977,1,2,1,61.7600,165.8760,0.0000,969.2920,192.8980,133.2740,0.0000,0.0000,1523.1000
1978,1,2,1,62.4990,164.0370,0.0000,965.5390,192.7390,135.7040,0.0000,0.0000,1520.5180
1979,1,2,1,62.3510,164.3380,0.0000,968.2830,193.5380,174.9730,0.0000,0.0000,1563.4830
1980,1,2,1,65.1320,170.0980,0.0000,969.6560,196.0990,136.2030,0.0000,0.0000,1537.1880
1981,1,2,1,61.7110,166.0860,0.0000,967.7170,195.0960,134.9780,0.0000,0.0000,1525.5880
1982,1,2,1,61.1260,166.4930,0.0000,967.2300,192.8430,135.7900,0.0000,0.0000,1523.4820
1983,1,2,1,61.6370,166.2340,0.0000,968.7820,194.1240,134.7690,0.0000,0.0000,1525.5460
1984,1,2,1,62.4860,164.0120,0.0000,966.5970,193.2800,134.6030,0.0000,0.0000,1520.9780
1985,0,2,0,60.9660,164.5790,0.0000,969.6490,194.6520,134.8610,0.0000,0.0000,1524.7070
1986,1,2,1,62.5540,208.8370,0.0000,969.8770,199.8090,137.4150,0.0000,0.0000,1578.4920
1987,0,2,0,62.5600,167.7470,0.0000,968.8920,195.6740,135.9930,0.0000,0.0000,1530.8660
1988,1,2,1,61.6680,164.8060,0.0000,969.2430,193.5070,133.4530,0.0000,0.0000,1522.6770
1989,1,2,1,62.3940,164.3080,0.0000,969.8520,194.3440,133.5810,0.0000,0.0000,1524.4790
1990,1,2,1,61.2000,165.2860,0.0000,967.0710,192.6100,134.3380,0.0000,0.0000,1520.5050
1991,1,2,1,62.7140,164.5600,0.0000,965.3660,193.3480,135.2670,0.0000,0.0000,1521.2550
1992,1,2,1,61.5700,164.6150,0.0000,968.7020,205.6680,138.1110,0.0000,0.0000,1538.6660
1993,1,2,1,63.8030,169.1270,0.0000,969.6920,194.3200,136.8740,0.0000,0.0000,1533.8160
1994,1,2,1,62.3760,165.6300,0.0000,970.0000,194.6330,135.9880,0.0000,0.0000,1528.6270
1995,0,2,0,61.7420,166.9840,0.0000,967.3670,194.7880,138.3010,0.0000,0.0000,1529.1820
1996,1,2,1,62.4250,166.1970,0.0000,964.7870,195.4770,134.2830,0.0000,0.0000,1523.1690
1997,1,2,1,62.4370,165.2800,0.0000,964.2520,196.2280,133.7970,0.0000,0.0000,1521.9940
1998,1,2,1,61.2130,164.3080,0.0000,971.4460,198.9720,136.0000,0.0000,0.0000,1531.9390
1999,1,2,1,61.7780,168.2840,0.0000,972.0920,196.5600,134.9230,0.0000,0.0000,1533.6370
2000,1,2,1,60.2890,166.5540,0.0000,966.2650,192.4360,134.5970,0.0000,0.0000,1520.1410
2001,1,2,1,60.9470,165.0340,0.0000,965.2870,195.4210,134.8620,0.0000,0.0000,1521.5510
2002,0,2,0,61.1380,162.3200,0.0000,967.5200,193.7040,134.9970,0.0000,0.0000,1519.6790
2003,1,2,1,61.0030,164.9600,0.0000,967.1140,193.0090,134.6770,0.0000,0.0000,1520.7630
2004,1,2,1,63.0770,165.7290,0.0000,975.7350,200.0240,140.0550,0.0000,0.0000,1544.6200
2005,1,2,1,62.1780,168.2900,0.0000,974.2770,195.7720,135.4530,0.0000,0.0000,1535.9700
2006,1,2,1,62.8370,166.2890,0.0000,969.1690,193.9260,132.1840,0.0000,0.0000,1524.4050
2007,1,2,1,62.3380,166.1420,0.0000,964.8550,192.8620,133.4220,0.0000,0.0000,1519.6190
2008,1,2,1,62.0120,166.6900,0.0000,966.1970,194.0180,135.5570,0.0000,0.0000,1524.4740
2009,0,2,0,61.6980,165.8210,0.0000,968.9110,191.9010,132.5660,0.0000,0.0000,1520.8970
2010,1,2,1,61.8900,164.9170,0.0000,966.4370,199.5380,137.5700,0.0000,0.0000,1530.3520
2011,1,2,1,64.4550,166.2890,0.0000,969.7480,195.2800,135.7970,0.0000,0.0000,1531.5690
2012,1,2,1,64.6270,166.1420,0.0000,967.2800,195.5080,135.4210,0.0000,0.0000,1528.9780
2013,1,2,1,61.5020,163.7840,0.0000,964.3880,193.9320,136.4980,0.0000,0.0000,1520.1040
2014,0,2,0,62.6340,163.1690,0.0000,965.8890,194.5470,133.6920,0.0000,0.0000,1519.9310
2015,1,2,1,61.4650,165.6070,0.0000,969.7660,193.2190,133.1200,0.0000,0.0000,1523.1770
2016,1,2,1,63.3110,164.5970,0.0000,1011.0950,201.5320,136.0310,0.0000,0.0000,1576.5660
2017,1,2,1,62.7070,166.5300,0.0000,970.4610,196.3500,135.1320,0.0000,0.0000,1531.1800
2018,1,2,1,62.0860,166.0620,0.0000,969.9440,191.6930,136.5040,0.0000,0.0000,1526.2890
2019,1,2,1,61.8090,164.6770,0.0000,964.2650,191.4270,134.5720,0.0000,0.0000,1516.7500
2020,1,2,1,61.1140,165.8030,0.0000,964.8990,192.7880,134.8370,0.0000,0.0000,1519.4410
2021,1,2,1,62.1410,165.2490,0.0000,970.4550,193.2550,134.1350,0.0000,0.0000,1525.2350
2022,1,2,1,61.8830,163.9760,0.0000,964.8190,238.5780,138.8800,0.0000,0.0000,1568.1360
2023,1,2,1,64.1230,173.2500,0.0000,975.2560,197.7170,135.8520,0.0000,0.0000,1546.1980
2024,1,2,1,62.4610,167.6860,0.0000,965.0160,195.0460,134.7750,0.0000,0.0000,1524.9840
2025,1,2,1,61.3660,166.5170,0.0000,966.9290,193.2000,135.2800,0.0000,0.0000,1523.2920
2026,1,2,1,63.3970,164.9470,0.0000,968.5230,193.9440,134.0430,0.0000,0.0000,1524.8540
2027,1,2,1,60.2830,164.7200,0.0000,969.2000,194.3080,136.2520,0.0000,0.0000,1524.7630
2028,1,2,1,62.5600,165.9750,0.0000,969.7480,193.7910,187.2120,0.0000,0.0000,1579.2860
2029,1,2,1,66.8490,170.0370,0.0000,971.2740,196.6520,136.3140,0.0000,0.0000,1541.1260
2030,1,2,0,61.9200,165.4280,0.0000,969.9320,195.1690,134.5350,0.0000,0.0000,1526.9840
2031,1,2,1,62.2400,166.7330,0.0000,966.6280,193.6740,136.0250,0.0000,0.0000,1525.3000
2032,1,2,1,61.9260,166.0000,0.0000,967.2920,192.9600,134.8860,0.0000,0.0000,1523.0640
2033,0,2,1,62.4550,163.9690,0.0000,970.9780,194.7380,134.2960,0.0000,0.0000,1526.4360
2034,1,2,1,62.7380,165.7910,0.0000,967.8890,196.2400,134.7390,0.0000,0.0000,1527.3970
2035,1,2,1,60.2100,209.6180,0.0000,968.9720,197.9930,135.9510,0.0000,0.0000,1572.7440
2036,1,2,1,61.7230,168.7750,0.0000,966.9730,196.0300,133.6610,0.0000,0.0000,1527.1620
2037,1,2,1,63.0580,167.0770,0.0000,969.4520,194.4000,134.6710,0.0000,0.0000,1528.6580
2038,1,2,1,61.5880,165.6130,0.0000,969.1140,193.7600,133.2740,0.0000,0.0000,1523.3490
2039,1,2,0,62.1420,166.7450,0.0000,972.0740,193.4530,134.3140,0.0000,0.0000,1528.7280
2040,1,2,1,61.6300,164.8610,0.0000,965.7600,194.4560,135.3300,0.0000,0.0000,1522.0370
2041,1,2,1,61.3540,165.0210,0.0000,974.3690,202.4430,137.3050,0.0000,0.0000,1540.4920
2042,1,2,1,62.5910,167.5010,0.0000,968.8990,194.8130,136.8990,0.0000,0.0000,1530.7030
2043,1,2,1,62.9660,164.2210,0.0000,972.6650,192.4730,135.0400,0.0000,0.0000,1527.3650
2044,1,2,1,62.1410,166.5290,0.0000,964.8370,191.4340,135.4340,0.0000,0.0000,1520.3750
2045,1,2,1,63.5440,163.9510,0.0000,968.0990,194.0070,135.1750,0.0000,0.0000,1524.7760
2046,1,2,1,62.2890,165.3040,0.0000,970.2520,193.7160,134.9050,0.0000,0.0000,1526.4660
2047,0,2,1,61.0030,163.3600,0.0000,971.5760,200.6890,137.3660,0.0000,0.0000,1533.9940
2048,1,2,1,62.3570,167.4530,0.0000,972.6640,196.4920,135.1390,0.0000,0.0000,1534.1050
2049,0,2,0,62.9720,164.4610,0.0000,969.9940,194.2150,136.7940,0.0000,0.0000,1528.4360
2050,1,2,1,62.6960,164.8800,0.0000,969.3970,194.0060,138.1540,0.0000,0.0000,1529.1330
2051,1,2,1,62.1900,163.3540,0.0000,967.8710,192.7570,133.9940,0.0000,0.0000,1520.1660
2052,1,2,1,61.9880,164.0000,0.0000,967.9630,191.7790,135.2740,0.0000,0.0000,1521.0040
2053,0,2,0,62.8610,164.5530,0.0000,970.1170,202.5290,137.6000,0.0000,0.0000,1537.6600
2054,1,2,1,61.4770,166.0250,0.0000,967.7540,194.8310,133.9940,0.0000,0.0000,1524.0810
2055,1,2,0,63.1140,166.3450,0.0000,969.2920,194.9780,134.6890,0.0000,0.0000,1528.4180
2056,1,2,1,62.2400,165.8340,0.0000,969.5380,194.0490,134.6640,0.0000,0.0000,1526.3250
2057,1,2,1,62.5410,163.3230,0.0000,967.2680,192.5910,135.0710,0.0000,0.0000,1520.7940
2058,1,2,1,62.2900,165.4960,0.0000,967.2000,195.2560,133.6180,0.0000,0.0000,1523.8600
2059,1,2,1,62.1290,164.3020,0.0000,971.3350,200.0250,136.0610,0.0000,0.0000,1533.8520
2060,1,2,1,61.6300,164.9970,0.0000,969.8400,195.3660,137.2550,0.0000,0.0000,1529.0880
2061,1,2,1,63.0340,165.6930,0.0000,973.2920,194.4120,133.2920,0.0000,0.0000,1529.7230
2062,0,2,0,62.0990,165.2250,0.0000,969.4590,193.7540,134.0120,0.0000,0.0000,1524.5490
2063,0,2,0,62.5910,166.8490,0.0000,969.0100,194.3080,133.9450,0.0000,0.0000,1526.7030
2064,1,2,1,61.0580,164.4430,0.0000,967.6240,194.0500,136.0000,0.0000,0.0000,1523.1750
2065,1,2,1,61.9510,166.7450,0.0000,980.6090,204.8430,138.2150,0.0000,0.0000,1552.3630
2066,1,2,1,60.7320,167.4280,0.0000,969.4470,197.4710,134.3260,0.0000,0.0000,1529.4040
2067,1,2,1,62.5110,169.8400,0.0000,968.8800,195.0030,136.7010,0.0000,0.0000,1532.9350
2068,1,2,1,60.6460,164.8370,0.0000,963.1080,194.8620,135.6310,0.0000,0.0000,1519.0840
2069,1,2,1,61.3350,166.0610,0.0000,966.4180,195.1760,134.3440,0.0000,0.0000,1523.3340
2070,1,2,1,62.5230,166.0560,0.0000,964.8060,193.1330,135.7780,0.0000,0.0000,1522.2960
2071,1,2,1,62.8550,164.2090,0.0000,965.8710,245.7040,138.3870,0.0000,0.0000,1577.0260
2072,1,2,1,62.4310,170.9480,0.0000,971.1020,194.0370,134.8000,0.0000,0.0000,1533.3180
2073,1,2,1,61.2990,163.9820,0.0000,970.3390,194.3810,136.0120,0.0000,0.0000,1526.0130
2074,1,2,1,62.0990,165.8590,0.0000,966.2220,194.7200,135.9930,0.0000,0.0000,1524.8930
2075,1,2,1,62.0180,164.0800,0.0000,966.9910,193.4400,134.3390,0.0000,0.0000,1520.8680
2076,1,2,1,60.3380,162.3320,0.0000,967.1870,193.5320,135.5750,0.0000,0.0000,1518.9640
2077,1,2,1,60.4250,165.2430,0.0000,964.2710,193.3230,175.2310,0.0000,0.0000,1558.4930
2078,1,2,1,65.3600,167.2860,0.0000,968.6890,198.2030,138.0860,0.0000,0.0000,1537.6240
2079,1,2,1,62.1350,165.6980,0.0000,968.4490,193.6920,135.0580,0.0000,0.0000,1525.0320
2080,1,2,1,62.6900,164.0120,0.0000,964.5790,193.0900,135.2860,0.0000,0.0000,1519.6570
2081,1,2,1,62.1910,163.6860,0.0000,970.6640,194.5660,134.7010,0.0000,0.0000,1525.8080
2082,1,2,0,62.1900,165.8650,0.0000,966.9480,193.5630,133.4960,0.0000,0.0000,1522.0620
2083,1,2,1,62.1230,162.4120,0.0000,967.9700,192.3820,132.6460,0.0000,0.0000,1517.5330
2084,0,2,0,62.8310,205.1320,0.0000,971.6180,196.2520,137.6490,0.0000,0.0000,1573.4820
2085,1,2,1,63.6920,166.7880,0.0000,970.8920,193.3230,134.5420,0.0000,0.0000,1529.2370
2086,1,2,1,62.6400,164.7320,0.0000,972.1790,194.4000,135.1510,0.0000,0.0000,1529.1020
2087,1,2,1,61.1080,164.9720,0.0000,963.5010,194.0860,134.8370,0.0000,0.0000,1518.5040
2088,1,2,1,61.2740,165.6670,0.0000,965.7110,192.5790,135.0030,0.0000,0.0000,1520.2340
2089,1,2,1,62.9790,162.9780,0.0000,970.1040,194.3700,134.9660,0.0000,0.0000,1525.3970
2090,1,2,1,60.9290,166.4800,0.0000,972.7570,204.1910,136.8000,0.0000,0.0000,1541.1570
2091,1,2,0,63.5690,165.2680,0.0000,971.0900,196.7930,135.0770,0.0000,0.0000,1531.7970
2092,1,2,0,63.0830,165.3040,0.0000,968.1850,193.4950,135.1570,0.0000,0.0000,1525.2240
2093,1,2,1,60.7390,168.0120,0.0000,968.7510,195.9820,134.7020,0.0000,0.0000,1528.1860
2094,0,2,0,60.7390,165.1630,0.0000,968.0550,194.2830,134.7630,0.0000,0.0000,1523.0030
2095,1,2,1,63.6430,166.1910,0.0000,965.5390,194.5900,133.6250,0.0000,0.0000,1523.5880
2096,1,2,1,61.5690,164.4310,0.0000,960.3700,199.1880,136.8980,0.0000,0.0000,1522.4560
2097,1,2,1,62.6460,168.8490,0.0000,966.8740,195.0090,136.7010,0.0000,0.0000,1530.0790
2098,1,2,1,61.7480,168.0130,0.0000,971.0400,195.5880,137.2120,0.0000,0.0000,1533.6010
2099,1,2,1,61.1140,164.0560,0.0000,967.9510,194.5660,134.8490,0.0000,0.0000,1522.5360
2100,1,2,1,61.3910,164.8310,0.0000,966.0550,194.0550,133.8650,0.0000,0.0000,1520.1970
2101,1,2,1,61.7670,163.3360,0.0000,968.6470,191.7910,135.4530,0.0000,0.0000,1520.9940
2102,1,2,1,61.9940,164.9780,0.0000,972.7880,205.1130,139.7970,0.0000,0.0000,1544.6700
2103,0,2,0,64.0370,167.5940,0.0000,966.9100,194.4490,135.6370,0.0000,0.0000,1528.6270
2104,1,2,1,62.0740,164.5720,0.0000,965.9510,195.8220,135.1390,0.0000,0.0000,1523.5580
2105,1,2,1,61.1440,165.9570,0.0000,967.2800,192.0800,134.6830,0.0000,0.0000,1521.1440
2106,0,2,0,61.2800,164.8860,0.0000,967.0760,194.9230,135.0150,0.0000,0.0000,1523.1800
2107,1,2,1,61.5200,165.9700,0.0000,968.4180,194.0560,134.3940,0.0000,0.0000,1524.3580
2108,1,2,1,62.0120,163.1260,0.0000,967.4100,201.6620,136.4800,0.0000,0.0000,1530.6900
2109,1,2,1,62.4930,166.4860,0.0000,968.2340,196.0990,136.1910,0.0000,0.0000,1529.5030
2110,1,2,1,60.9780,165.5810,0.0000,964.2710,194.3880,134.5790,0.0000,0.0000,1519.7970
2111,1,2,1,62.0860,166.8990,0.0000,970.9110,194.2030,133.7850,0.0000,0.0000,1527.8840
2112,1,2,1,61.2000,165.9080,0.0000,968.4370,194.9170,134.1110,0.0000,0.0000,1524.5730
2113,1,2,1,62.2770,164.8930,0.0000,965.3410,193.1690,135.4090,0.0000,0.0000,1521.0890
2114,1,2,0,60.5110,163.6680,0.0000,1009.0220,202.3560,137.3110,0.0000,0.0000,1572.8680
2115,1,2,1,63.0830,165.8280,0.0000,968.1850,194.7510,134.7260,0.0000,0.0000,1526.5730
2116,1,2,1,63.3540,165.7540,0.0000,969.1570,195.9200,136.2090,0.0000,0.0000,1530.3940
2117,1,2,1,60.5420,164.1970,0.0000,973.2990,191.5570,134.8860,0.0000,0.0000,1524.4810
2118,1,2,1,62.8070,164.1050,0.0000,967.7910,193.7420,134.3690,0.0000,0.0000,1522.8140
2119,1,2,1,62.6470,161.7790,0.0000,967.6500,191.6240,135.3970,0.0000,0.0000,1519.0970
2120,1,2,1,62.7080,162.8430,0.0000,967.7360,231.6490,137.7110,0.0000,0.0000,1562.6470
2121,1,2,1,63.1380,169.3790,0.0000,969.3290,194.4310,134.4060,0.0000,0.0000,1530.6830
2122,1,2,1,64.1790,166.5350,0.0000,968.9040,194.3940,132.8920,0.0000,0.0000,1526.9040
2123,0,2,1,61.7780,165.0530,0.0000,968.3570,194.3270,134.7690,0.0000,0.0000,1524.2840
2124,1,2,1,61.6430,164.1290,0.0000,968.9170,194.5050,133.2310,0.0000,0.0000,1522.4250
2125,1,2,1,60.6210,165.9930,0.0000,966.3320,193.0460,134.5600,0.0000,0.0000,1520.5520
2126,1,2,1,61.6740,164.4740,0.0000,967.1080,193.8460,134.5290,0.0000,0.0000,1521.6310
2127,1,2,1,66.6770,168.6890,0.0000,968.4000,195.5510,137.9820,0.0000,0.0000,1537.2990
2128,1,2,1,60.1600,167.1630,0.0000,969.6920,194.7260,136.1910,0.0000,0.0000,1527.9320
2129,1,2,1,62.8120,165.5760,0.0000,968.2890,193.0280,136.1780,0.0000,0.0000,1525.8830
2130,1,2,1,62.2340,164.5660,0.0000,964.8920,192.9910,134.9790,0.0000,0.0000,1519.6620
2131,1,2,1,61.8580,162.3200,0.0000,966.4860,195.8700,135.3110,0.0000,0.0000,1521.8450
2132,1,2,1,63.9080,165.2550,0.0000,968.7640,194.4740,132.8800,0.0000,0.0000,1525.2810
2133,1,2,1,60.6100,218.3260,0.0000,973.4280,199.0960,137.3910,0.0000,0.0000,1588.8510
2134,1,2,1,62.5050,166.2090,0.0000,971.1140,196.6400,136.3820,0.0000,0.0000,1532.8500
2135,1,2,1,62.9040,166.7930,0.0000,964.0730,196.9660,135.9820,0.0000,0.0000,1526.7180
2136,1,2,1,62.3330,166.7940,0.0000,968.0680,197.0160,134.1480,0.0000,0.0000,1528.3590
2137,1,2,1,62.6890,165.0090,0.0000,964.5600,193.4650,133.8580,0.0000,0.0000,1519.5810
2138,1,2,1,60.5780,163.2190,0.0000,968.1850,194.3320,136.2590,0.0000,0.0000,1522.5730
2139,1,2,1,62.2890,163.7290,0.0000,969.1870,206.5420,139.3230,0.0000,0.0000,1541.0700
2140,1,2,1,63.5810,170.1230,0.0000,968.9300,196.6770,135.5200,0.0000,0.0000,1534.8310
2141,1,2,1,62.6590,165.7110,0.0000,971.0640,194.9910,134.6160,0.0000,0.0000,1529.0410
2142,1,2,1,62.6590,165.7600,0.0000,967.8150,196.4980,134.6650,0.0000,0.0000,1527.3970
2143,1,2,1,62.6650,162.5040,0.0000,963.8400,195.6740,133.4280,0.0000,0.0000,1518.1110
2144,1,2,1,63.2120,166.1110,0.0000,969.6120,194.4000,134.4870,0.0000,0.0000,1527.8220
2145,1,2,0,60.8430,165.0700,0.0000,969.8030,223.2000,147.2310,0.0000,0.0000,1566.1470
2146,1,2,1,65.1140,172.7870,0.0000,974.5110,200.9780,139.0030,0.0000,0.0000,1552.3930
2147,1,2,1,62.9970,167.7970,0.0000,965.2490,195.7160,136.5230,0.0000,0.0000,1528.2820
2148,1,2,1,62.0740,168.2710,0.0000,968.2030,194.0240,133.8100,0.0000,0.0000,1526.3820
2149,1,2,1,61.6370,166.1970,0.0000,964.8990,195.7290,134.9970,0.0000,0.0000,1523.4590
2150,1,2,1,62.7080,164.7020,0.0000,969.1940,194.2520,134.9720,0.0000,0.0000,1525.8280
2151,1,2,1,62.6650,164.2890,0.0000,971.9320,206.8000,141.3050,0.0000,0.0000,1546.9910
2152,0,2,0,63.2550,169.7780,0.0000,969.1010,194.9420,135.7790,0.0000,0.0000,1532.8550
2153,1,2,1,62.2840,165.7850,0.0000,966.9470,196.5230,135.2610,0.0000,0.0000,1526.8000
2154,1,2,1,62.3380,166.4990,0.0000,968.3750,195.0840,134.7750,0.0000,0.0000,1527.0710
2155,1,2,1,62.5040,166.1850,0.0000,970.1480,194.5470,133.2800,0.0000,0.0000,1526.6640
2156,1,2,1,62.3750,164.4550,0.0000,968.8980,191.7910,134.0060,0.0000,0.0000,1521.5250
2157,1,2,1,61.7290,166.3570,0.0000,966.6030,205.3790,139.7290,0.0000,0.0000,1539.7970
2158,1,2,1,62.0740,166.8860,0.0000,970.1300,195.3420,137.8710,0.0000,0.0000,1532.3030
2159,0,2,1,61.4150,166.3630,0.0000,967.4340,193.3540,135.6000,0.0000,0.0000,1524.1660
2160,1,2,1,61.8340,165.4160,0.0000,969.3660,193.9330,135.1760,0.0000,0.0000,1525.7250
2161,0,2,0,61.1020,164.7880,0.0000,964.9600,197.3660,133.8960,0.0000,0.0000,1522.1120
2162,1,2,1,61.8460,163.2860,0.0000,968.4370,193.4830,133.7540,0.0000,0.0000,1520.8060
2163,1,2,1,61.5880,164.0310,0.0000,972.9910,200.1160,140.2340,0.0000,0.0000,1538.9600
2164,1,2,0,63.5070,170.3940,0.0000,969.7850,194.1410,135.0950,0.0000,0.0000,1532.9220
2165,0,2,0,61.5870,165.1820,0.0000,970.5910,194.5540,135.2130,0.0000,0.0000,1527.1270
2166,1,2,1,61.7600,163.3110,0.0000,969.5020,193.9570,134.3880,0.0000,0.0000,1522.9180
2167,1,2,1,63.3050,163.5510,0.0000,965.9140,194.5110,136.4800,0.0000,0.0000,1523.7610
2168,1,2,1,61.1510,164.1720,0.0000,965.4210,191.4770,134.0730,0.0000,0.0000,1516.2940
2169,1,2,1,61.8890,164.4240,0.0000,968.7940,234.2210,137.8030,0.0000,0.0000,1567.1310
2170,1,2,1,64.1480,169.6370,0.0000,973.5320,197.0280,136.0550,0.0000,0.0000,1540.4000
2171,1,2,1,63.6060,166.3320,0.0000,965.9810,193.2310,135.6490,0.0000,0.0000,1524.7990
2172,1,2,1,61.8830,164.6030,0.0000,967.9140,194.0990,135.5750,0.0000,0.0000,1524.0740
2173,1,2,1,61.4270,166.5960,0.0000,967.4950,193.2800,133.1630,0.0000,0.0000,1521.9610
2174,0,2,0,62.4250,165.8030,0.0000,967.8030,194.3330,133.3600,0.0000,0.0000,1523.7240
2175,1,2,1,61.7600,164.8920,0.0000,967.7660,193.4830,193.1080,0.0000,0.0000,1581.0090
2176,0,2,0,64.8800,171.0280,0.0000,964.0550,196.4370,136.6830,0.0000,0.0000,1533.0830
2177,0,2,0,61.7300,168.8920,0.0000,967.5080,196.8250,134.8370,0.0000,0.0000,1529.7920
2178,0,2,0,63.5820,164.9600,0.0000,970.9420,191.2370,133.6000,0.0000,0.0000,1524.3210
2179,1,2,1,60.7070,164.5300,0.0000,968.9100,194.4000,136.5600,0.0000,0.0000,1525.1070
2180,1,2,1,62.1110,165.8270,0.0000,967.0460,194.9970,136.1230,0.0000,0.0000,1526.1040
2181,1,2,1,61.4520,163.9940,0.0000,969.8210,191.7850,133.7960,0.0000,0.0000,1520.8480
2182,1,2,1,107.3970,173.9940,0.0000,968.5290,200.1850,138.9600,0.0000,0.0000,1589.0650
2183,1,2,1,63.2680,168.9050,0.0000,971.6740,194.5660,134.4500,0.0000,0.0000,1532.8630
2184,1,2,1,62.0430,167.4650,0.0000,969.0520,192.2640,136.0680,0.0000,0.0000,1526.8920
2185,0,2,0,62.3870,166.8990,0.0000,971.0340,192.8620,136.9050,0.0000,0.0000,1530.0870
2186,1,2,1,63.8830,165.6980,0.0000,967.2800,192.1660,135.2860,0.0000,0.0000,1524.3130
2187,1,2,1,59.0770,164.1470,0.0000,969.2060,193.1570,134.0430,0.0000,0.0000,1519.6300
2188,1,2,1,62.8800,205.3360,0.0000,970.2710,199.6370,137.1690,0.0000,0.0000,1575.2930
2189,1,2,1,62.0800,167.4150,0.0000,970.3570,195.3660,135.8770,0.0000,0.0000,1531.0950
2190,1,2,1,61.1510,167.9810,0.0000,967.7790,193.6800,133.9200,0.0000,0.0000,1524.5110
2191,1,2,1,61.3660,164.9850,0.0000,967.7410,193.4270,134.0430,0.0000,0.0000,1521.5620
2192,1,2,1,62.0370,163.7540,0.0000,964.7080,193.6560,133.9750,0.0000,0.0000,1518.1300
2193,1,2,1,62.0490,163.8280,0.0000,963.6990,193.8400,134.6030,0.0000,0.0000,1518.0190
2194,1,2,1,62.3390,164.4300,0.0000,967.9270,205.2180,136.6340,0.0000,0.0000,1536.5480
2195,1,2,1,62.6840,169.5080,0.0000,969.8890,196.1910,137.0210,0.0000,0.0000,1535.2930
2196,0,2,0,61.6980,163.2430,0.0000,970.5660,194.3140,135.0040,0.0000,0.0000,1524.8250
2197,1,2,1,63.1880,165.2310,0.0000,969.9380,193.0700,136.5350,0.0000,0.0000,1527.9620
2198,1,2,1,62.4430,166.9600,0.0000,964.4300,193.7540,135.5010,0.0000,0.0000,1523.0880
2199,1,2,1,61.5760,164.1790,0.0000,962.7450,192.0740,134.1660,0.0000,0.0000,1514.7400
2200,1,2,1,60.5780,167.5880,0.0000,972.3500,201.1200,136.7320,0.0000,0.0000,1538.3680
2201,1,2,1,69.4960,177.9140,0.0000,971.1690,201.7360,138.7880,0.0000,0.0000,1559.1030
2202,1,2,1,64.8000,167.1760,0.0000,969.7600,193.9270,135.8210,0.0000,0.0000,1531.4840
2203,1,2,1,62.0250,165.1630,0.0000,969.7170,195.6370,134.4800,0.0000,0.0000,1527.0220
2204,1,2,1,62.0190,165.5140,0.0000,969.1510,193.8590,135.1750,0.0000,0.0000,1525.7180
2205,1,2,1,61.7970,163.8890,0.0000,967.9510,194.2340,134.7940,0.0000,0.0000,1522.6650
2206,1,2,1,60.6220,165.7040,0.0000,961.1200,202.2900,136.6830,0.0000,0.0000,1526.4190
2207,0,2,0,62.7450,167.4640,0.0000,968.0860,197.3410,137.6310,0.0000,0.0000,1533.2670
2208,1,2,1,60.4370,165.8520,0.0000,965.9630,192.3020,134.6160,0.0000,0.0000,1519.1700
2209,1,2,1,60.7450,162.7510,0.0000,969.5010,193.7730,134.0430,0.0000,0.0000,1520.8130
2210,1,2,1,62.8310,166.0000,0.0000,970.5050,193.5200,132.9790,0.0000,0.0000,1525.8350
2211,1,2,1,62.0370,165.9200,0.0000,969.1140,193.8590,134.1040,0.0000,0.0000,1525.0340
2212,1,2,1,62.5910,163.8340,0.0000,972.4000,202.6770,137.6930,0.0000,0.0000,1539.1950
2213,1,2,1,62.7820,169.7350,0.0000,975.4650,196.2150,136.4430,0.0000,0.0000,1540.6400
2214,0,2,0,60.7500,164.7380,0.0000,968.4190,193.6240,137.1440,0.0000,0.0000,1524.6750
2215,1,2,1,62.2100,164.0560,0.0000,971.6120,192.5230,134.2590,0.0000,0.0000,1524.6600
2216,1,2,1,61.3290,164.6650,0.0000,965.9200,192.9670,134.1350,0.0000,0.0000,1519.0160
2217,0,2,0,62.2220,164.9170,0.0000,968.7260,193.4830,133.3660,0.0000,0.0000,1522.7140
2218,1,2,1,60.6460,166.3020,0.0000,1019.1570,200.2330,137.1630,0.0000,0.0000,1583.5010
2219,1,2,1,61.7420,166.3560,0.0000,971.6430,194.9290,135.6740,0.0000,0.0000,1530.3440
2220,1,2,1,62.0440,168.0180,0.0000,966.4430,191.7350,133.1810,0.0000,0.0000,1521.4210
2221,1,2,1,62.2590,163.4400,0.0000,966.9230,194.8800,133.5880,0.0000,0.0000,1521.0900
2222,1,2,1,61.6000,164.5970,0.0000,967.0650,193.1500,135.6130,0.0000,0.0000,1522.0250
2223,1,2,1,62.2520,165.6000,0.0000,964.8740,193.8030,136.0370,0.0000,0.0000,1522.5660
2224,1,2,1,62.5720,163.7840,0.0000,967.0890,241.1870,137.0830,0.0000,0.0000,1571.7150
2225,1,2,1,61.9320,171.9260,0.0000,966.0060,197.3110,134.2590,0.0000,0.0000,1531.4340
2226,0,2,0,64.0980,167.8520,0.0000,970.3630,194.0490,135.8830,0.0000,0.0000,1532.2450
2227,1,2,1,60.9540,165.8650,0.0000,966.4120,196.0370,135.2190,0.0000,0.0000,1524.4870
2228,1,2,1,61.1080,165.2500,0.0000,966.7450,192.4310,135.6920,0.0000,0.0000,1521.2260
2229,1,2,1,61.9010,163.6190,0.0000,966.7940,193.4650,136.8000,0.0000,0.0000,1522.5790
2230,0,2,0,61.1500,165.0710,0.0000,966.4240,192.4680,175.1450,0.0000,0.0000,1560.2580
2231,0,2,0,66.2650,168.4740,0.0000,969.9380,195.8710,137.8090,0.0000,0.0000,1538.3570
2232,0,2,0,60.8250,165.0520,0.0000,970.2400,194.4060,135.7230,0.0000,0.0000,1526.2460
2233,0,2,0,62.8680,166.8680,0.0000,965.9930,193.6250,135.7660,0.0000,0.0000,1525.1200
2234,1,2,1,63.2370,164.7690,0.0000,969.6060,193.2180,134.4060,0.0000,0.0000,1525.2360
2235,1,2,1,63.4400,165.2000,0.0000,964.8680,194.2400,134.1970,0.0000,0.0000,1521.9450
2236,1,2,1,62.5530,164.2400,0.0000,969.8650,192.1170,134.0060,0.0000,0.0000,1522.7810
2237,1,2,1,61.8830,205.5440,0.0000,972.6030,197.7910,138.2900,0.0000,0.0000,1576.1110
2238,1,2,1,61.8460,168.1230,0.0000,970.7330,198.0310,136.5660,0.0000,0.0000,1535.2990
2239,1,2,1,60.8370,164.5600,0.0000,968.0310,193.9270,137.6730,0.0000,0.0000,1525.0280
2240,1,2,0,62.3200,164.3010,0.0000,965.9750,194.8310,137.3600,0.0000,0.0000,1524.7870
2241,1,2,1,60.5420,165.4710,0.0000,966.7750,193.8770,134.3510,0.0000,0.0000,1521.0160
2242,1,2,1,61.7720,165.4030,0.0000,965.1020,193.4400,134.5660,0.0000,0.0000,1520.2830
2243,0,2,0,60.9970,165.6800,0.0000,965.2060,202.6150,137.4710,0.0000,0.0000,1531.9690
2244,1,2,1,62.3380,167.6680,0.0000,969.8280,195.8830,134.7010,0.0000,0.0000,1530.4180
2245,1,2,1,63.3480,165.6800,0.0000,969.2740,192.6160,134.5170,0.0000,0.0000,1525.4350
2246,0,2,0,63.3420,165.5870,0.0000,970.8000,193.9200,133.7480,0.0000,0.0000,1527.3970
2247,1,2,1,63.1810,165.3850,0.0000,969.9140,194.8740,135.9510,0.0000,0.0000,1529.3050
2248,1,2,1,60.3810,164.7450,0.0000,968.8120,194.7810,135.0590,0.0000,0.0000,1523.7780
2249,0,2,0,61.6060,166.3570,0.0000,970.2650,203.4770,138.5360,0.0000,0.0000,1540.2410
2250,1,2,1,63.9200,168.6160,0.0000,967.1570,195.3110,137.1010,0.0000,0.0000,1532.1050
2251,1,2,1,61.8580,167.1630,0.0000,966.8120,195.5200,135.2430,0.0000,0.0000,1526.5960
2252,1,2,1,61.0520,164.8870,0.0000,965.3230,192.4800,134.8740,0.0000,0.0000,1518.6160
2253,1,2,1,61.5390,165.1750,0.0000,968.7880,193.4400,135.8520,0.0000,0.0000,1524.7940
2254,1,2,1,62.3630,162.6400,0.0000,970.4300,192.1910,134.5480,0.0000,0.0000,1522.1720
2255,1,2,1,61.4830,164.9110,0.0000,965.8340,204.8190,136.7940,0.0000,0.0000,1533.8410
2256,1,2,1,63.2670,168.0560,0.0000,970.4550,196.4870,137.0830,0.0000,0.0000,1535.3480
2257,1,2,1,62.4500,164.3140,0.0000,968.6220,193.2740,135.0340,0.0000,0.0000,1523.6940
2258,1,2,1,62.1170,164.1230,0.0000,966.9110,193.6800,135.9760,0.0000,0.0000,1522.8070
2259,1,2,0,61.0400,164.6340,0.0000,966.8990,192.8490,133.7840,0.0000,0.0000,1519.2060
2260,1,2,1,61.4400,166.3440,0.0000,965.7840,193.7970,134.4860,0.0000,0.0000,1521.8510
2261,1,2,1,60.4300,165.4950,0.0000,973.6370,200.1600,138.2090,0.0000,0.0000,1537.9310
2262,1,2,1,63.0280,167.6490,0.0000,973.1010,194.1660,134.6400,0.0000,0.0000,1532.5840
2263,1,2,1,61.7230,166.7200,0.0000,969.7230,194.5970,133.8710,0.0000,0.0000,1526.6340
2264,1,2,1,61.5880,166.1910,0.0000,967.9200,192.5170,135.2870,0.0000,0.0000,1523.5030
2265,0,2,0,59.6000,164.6340,0.0000,971.3290,193.6800,135.4280,0.0000,0.0000,1524.6710
2266,0,2,0,61.1200,165.6000,0.0000,965.5880,194.5110,134.1910,0.0000,0.0000,1521.0100
2267,1,2,1,60.7750,164.6710,0.0000,1015.2060,202.2890,135.5200,0.0000,0.0000,1578.4610
2268,1,2,1,63.3300,168.4490,0.0000,969.5570,195.3290,135.6490,0.0000,0.0000,1532.3140
2269,1,2,1,62.3510,165.4890,0.0000,966.8800,194.2160,135.6980,0.0000,0.0000,1524.6340
2270,1,2,1,62.7570,164.6640,0.0000,969.1260,192.5970,135.2500,0.0000,0.0000,1524.3940
2271,1,2,1,62.3130,165.9870,0.0000,966.2650,194.0370,134.0180,0.0000,0.0000,1522.6200
2272,0,2,0,60.9110,164.4620,0.0000,964.6830,192.4490,134.3940,0.0000,0.0000,1516.8990
2273,1,2,1,61.7350,165.7730,0.0000,970.1050,231.3720,138.2950,0.0000,0.0000,1567.2800
2274,1,2,1,61.9690,167.8770,0.0000,968.7570,194.7880,137.4340,0.0000,0.0000,1530.8250
2275,1,2,1,61.7900,166.9540,0.0000,969.3110,192.3750,136.9420,0.0000,0.0000,1527.3720
2276,1,2,0,62.4430,165.7050,0.0000,970.7320,194.2830,133.9200,0.0000,0.0000,1527.0830
2277,0,2,0,59.7910,165.0650,0.0000,969.2800,192.7940,132.8060,0.0000,0.0000,1519.7360
2278,1,2,1,61.7850,162.5670,0.0000,970.6580,193.4090,134.1230,0.0000,0.0000,1522.5420
2279,1,2,1,61.4650,162.9230,0.0000,965.8830,192.8860,170.0430,0.0000,0.0000,1553.2000
2280,1,2,1,64.1420,169.6120,0.0000,969.0150,195.4770,135.6800,0.0000,0.0000,1533.9260
2281,1,2,1,61.1440,168.2460,0.0000,967.4030,194.0180,133.3480,0.0000,0.0000,1524.1590
2282,1,2,1,60.9230,165.5070,0.0000,967.4890,194.8190,133.7480,0.0000,0.0000,1522.4860
2283,1,2,1,60.9910,165.8650,0.0000,969.8830,196.0060,135.8090,0.0000,0.0000,1528.5540
2284,1,2,0,62.3200,166.5720,0.0000,968.4500,193.7230,133.3230,0.0000,0.0000,1524.3880
2285,1,2,1,63.1260,165.1080,0.0000,969.1200,192.8180,135.0950,0.0000,0.0000,1525.2670
2286,1,2,1,61.5080,219.8770,0.0000,971.0520,199.6800,137.4770,0.0000,0.0000,1589.5940
2287,1,2,1,61.2610,167.5760,0.0000,967.7290,196.5040,136.9110,0.0000,0.0000,1529.9810
2288,1,2,1,60.5480,167.1200,0.0000,970.7260,192.9720,135.7910,0.0000,0.0000,1527.1570
2289,0,2,0,60.9410,164.2710,0.0000,965.7350,194.3200,135.6060,0.0000,0.0000,1520.8730
2290,1,2,1,60.9840,165.4340,0.0000,969.9750,194.5480,134.7510,0.0000,0.0000,1525.6920
2291,1,2,1,61.5260,165.2310,0.0000,968.2210,194.9300,134.4120,0.0000,0.0000,1524.3200
2292,0,2,0,63.4520,166.2890,0.0000,970.5410,202.9780,136.8610,0.0000,0.0000,1540.1210
2293,1,2,1,61.7600,168.0800,0.0000,970.5480,196.0620,134.6460,0.0000,0.0000,1531.0960
2294,1,2,1,61.8150,165.7110,0.0000,970.7820,194.1170,134.1910,0.0000,0.0000,1526.6160
2295,1,2,1,61.6000,168.2210,0.0000,968.1420,195.6740,134.8120,0.0000,0.0000,1528.4490
2296,1,2,1,61.3480,165.8100,0.0000,967.4710,194.8980,134.8740,0.0000,0.0000,1524.4010
2297,1,2,1,61.8150,165.6730,0.0000,970.3940,192.6520,135.1200,0.0000,0.0000,1525.6540
2298,1,2,1,60.9050,165.4280,0.0000,974.0620,203.3910,136.4490,0.0000,0.0000,1540.2350
2299,1,2,1,62.0930,165.8580,0.0000,971.9570,194.8490,135.2740,0.0000,0.0000,1530.0310
2300,1,2,1,62.2150,166.6270,0.0000,968.0990,192.0060,137.1500,0.0000,0.0000,1526.0970
2301,0,2,0,61.8960,165.6180,0.0000,969.1260,195.4400,135.5320,0.0000,0.0000,1527.6120
2302,1,2,1,62.7070,166.1480,0.0000,967.7480,193.2060,133.1870,0.0000,0.0000,1522.9960
2303,1,2,1,61.6430,164.9230,0.0000,966.0560,192.9350,135.5880,0.0000,0.0000,1521.1450
2304,0,2,0,60.8680,166.0620,0.0000,968.6030,201.4460,136.5540,0.0000,0.0000,1533.5330
2305,1,2,1,62.8490,168.0440,0.0000,970.8930,193.6500,135.7110,0.0000,0.0000,1531.1470
2306,1,2,1,61.3720,167.1630,0.0000,969.4650,195.2990,133.8470,0.0000,0.0000,1527.1460
2307,1,2,1,62.4800,165.3730,0.0000,966.2770,194.1600,134.4920,0.0000,0.0000,1522.7820
2308,1,2,1,61.8340,165.0830,0.0000,968.3870,191.9810,134.4680,0.0000,0.0000,1521.7530
2309,1,2,1,61.3970,165.1940,0.0000,970.5050,195.3960,133.5750,0.0000,0.0000,1526.0670
2310,1,2,1,61.9200,166.1850,0.0000,971.2120,200.9170,134.9170,0.0000,0.0000,1535.1510
2311,1,2,1,62.5420,168.7320,0.0000,969.8580,197.4890,133.7660,0.0000,0.0000,1532.3870
2312,1,2,1,60.9900,165.1510,0.0000,964.0860,194.5170,134.8370,0.0000,0.0000,1519.5810
2313,1,2,1,62.8130,164.7690,0.0000,967.6930,192.3200,134.8620,0.0000,0.0000,1522.4570
2314,1,2,1,62.2960,163.3290,0.0000,959.8960,192.7880,134.9660,0.0000,0.0000,1513.2750
2315,1,2,1,61.1380,163.1690,0.0000,966.7880,194.2160,136.0670,0.0000,0.0000,1521.3780
2316,1,2,1,61.5630,166.3810,0.0000,1009.5200,202.4370,136.6460,0.0000,0.0000,1576.5470
2317,1,2,1,62.7390,168.8740,0.0000,969.1810,196.3820,136.1110,0.0000,0.0000,1533.2870
2318,1,2,1,61.9570,166.4740,0.0000,972.1410,194.1730,135.4770,0.0000,0.0000,1530.2220
2319,1,2,1,62.2590,166.0620,0.0000,971.6670,195.3600,134.7880,0.0000,0.0000,1530.1360
2320,1,2,1,61.4460,165.3350,0.0000,973.0700,193.0590,133.7780,0.0000,0.0000,1526.6880
2321,1,2,1,61.8100,164.2890,0.0000,966.3820,194.1240,135.4770,0.0000,0.0000,1522.0820
2322,1,2,1,61.0520,165.2860,0.0000,969.6370,252.4310,136.1670,0.0000,0.0000,1584.5730
2323,1,2,1,61.6990,169.1810,0.0000,969.8650,196.6340,136.2960,0.0000,0.0000,1533.6750
2324,1,2,1,62.7440,166.4370,0.0000,969.6310,194.9540,134.6830,0.0000,0.0000,1528.4490
2325,1,2,1,62.1970,165.1820,0.0000,966.5850,198.5170,134.8370,0.0000,0.0000,1527.3180
2326,1,2,1,63.4090,165.4900,0.0000,965.4400,193.7300,134.2220,0.0000,0.0000,1522.2910
2327,1,2,1,60.7380,166.1050,0.0000,965.2060,195.4340,135.6060,0.0000,0.0000,1523.0890
2328,1,2,1,62.3330,164.0550,0.0000,966.7260,193.7470,175.3910,0.0000,0.0000,1562.2520
2329,1,2,1,63.8580,170.0190,0.0000,971.4090,194.8190,135.9140,0.0000,0.0000,1536.0190
2330,1,2,1,62.5600,168.4060,0.0000,968.4800,195.1510,132.9420,0.0000,0.0000,1527.5390
2331,1,2,1,63.0220,165.2370,0.0000,966.8740,194.9040,134.8190,0.0000,0.0000,1524.8560
2332,1,2,1,61.6740,165.2000,0.0000,967.0710,193.9500,134.6520,0.0000,0.0000,1522.5470
2333,1,2,1,62.0120,164.4920,0.0000,964.9900,193.0400,133.7530,0.0000,0.0000,1518.2870
2334,1,2,1,62.1480,165.1260,0.0000,964.6950,192.0310,132.9230,0.0000,0.0000,1516.9230
2335,1,2,1,62.6100,207.4340,0.0000,968.2640,197.3540,136.5040,0.0000,0.0000,1572.1660
2336,0,2,0,61.7290,166.0930,0.0000,968.9230,195.4030,136.0370,0.0000,0.0000,1528.1850
2337,1,2,1,61.6490,165.6800,0.0000,967.8770,194.9290,135.9810,0.0000,0.0000,1526.1160
2338,1,2,1,62.8560,164.4190,0.0000,965.9510,194.3140,137.2670,0.0000,0.0000,1524.8070
2339,1,2,1,62.0980,163.4640,0.0000,968.8370,194.6710,132.6830,0.0000,0.0000,1521.7530
2340,1,2,1,63.5380,162.5230,0.0000,966.6710,192.1600,134.8120,0.0000,0.0000,1519.7040
2341,1,2,0,61.6740,163.5200,0.0000,994.0990,232.2160,153.6180,0.0000,0.0000,1605.1270
2342,1,2,1,70.0180,177.9690,0.0000,978.4000,201.6740,140.3760,0.0000,0.0000,1568.4370
2343,1,2,1,63.4160,169.0830,0.0000,970.8560,197.7480,135.3350,0.0000,0.0000,1536.4380
2344,1,2,1,62.0670,165.3230,0.0000,972.4550,194.9110,136.8620,0.0000,0.0000,1531.6180
2345,1,2,1,61.4340,166.3930,0.0000,974.1600,194.5600,134.2960,0.0000,0.0000,1530.8430
2346,1,2,1,62.7080,165.0220,0.0000,966.9910,192.6520,135.9560,0.0000,0.0000,1523.3290
2347,1,2,1,63.0280,167.6240,0.0000,970.5470,210.5360,141.5880,0.0000,0.0000,1553.3230
2348,1,2,0,64.6150,171.2990,0.0000,968.5050,196.8000,140.5540,0.0000,0.0000,1541.7730
2349,1,2,1,63.1750,166.3810,0.0000,968.3820,194.4800,136.7570,0.0000,0.0000,1529.1750
2350,0,2,0,63.5390,166.4430,0.0000,967.2250,194.5970,134.2840,0.0000,0.0000,1526.0880
2351,1,2,1,62.3700,165.1940,0.0000,966.3070,195.2920,132.6770,0.0000,0.0000,1521.8400
2352,1,2,1,60.6700,164.9420,0.0000,971.7420,192.1040,133.0900,0.0000,0.0000,1522.5480
2353,1,2,1,61.4890,164.5910,0.0000,971.7600,202.3320,137.8220,0.0000,0.0000,1537.9940
2354,1,2,1,61.8210,171.2240,0.0000,968.4620,196.0130,135.5260,0.0000,0.0000,1533.0460
2355,1,2,1,62.1420,166.3570,0.0000,969.1880,193.3050,137.1140,0.0000,0.0000,1528.1060
2356,1,2,1,60.7750,165.7350,0.0000,969.5700,196.3200,133.8700,0.0000,0.0000,1526.2700
2357,1,2,1,61.4090,164.4060,0.0000,970.0860,194.2100,133.7600,0.0000,0.0000,1523.8710
2358,1,2,1,63.1260,164.9730,0.0000,965.8710,193.4650,134.8190,0.0000,0.0000,1522.2540
2359,1,2,1,62.2090,167.2120,0.0000,967.8030,206.9780,138.4430,0.0000,0.0000,1542.6450
2360,0,2,0,63.2370,169.9820,0.0000,970.0980,199.0840,135.6000,0.0000,0.0000,1538.0010
2361,1,2,0,62.6900,165.1010,0.0000,967.1450,194.4870,135.8280,0.0000,0.0000,1525.2510
2362,1,2,1,61.9880,166.1910,0.0000,965.5690,195.3730,135.0280,0.0000,0.0000,1524.1490
2363,1,2,0,62.0060,165.2980,0.0000,969.2980,195.0830,132.9170,0.0000,0.0000,1524.6020
2364,0,2,0,61.8640,164.9360,0.0000,966.3760,193.3540,133.5880,0.0000,0.0000,1520.1180
2365,1,2,1,61.4470,164.8550,0.0000,976.4920,201.3480,140.1360,0.0000,0.0000,1544.2780
2366,1,2,0,61.4890,167.1690,0.0000,967.6130,196.1360,136.3450,0.0000,0.0000,1528.7520
2367,1,2,1,62.1360,167.7420,0.0000,969.2000,194.7880,134.8990,0.0000,0.0000,1528.7650
2368,1,2,1,60.9840,165.3170,0.0000,972.1660,195.2430,134.5600,0.0000,0.0000,1528.2700
2369,1,2,1,63.1880,164.8190,0.0000,968.4370,194.9530,133.4220,0.0000,0.0000,1524.8190
2370,1,2,1,62.3260,165.2800,0.0000,965.6740,194.4430,132.7510,0.0000,0.0000,1520.4740
2371,1,2,1,62.1170,164.9540,0.0000,986.1290,201.6000,137.3350,0.0000,0.0000,1552.1350
2372,1,2,1,62.2950,167.2430,0.0000,969.2060,196.5730,137.0160,0.0000,0.0000,1532.3330
2373,0,2,0,62.6710,166.3750,0.0000,968.4740,195.1500,135.3720,0.0000,0.0000,1528.0420
2374,1,2,1,59.2370,167.6610,0.0000,966.6340,193.7410,134.7870,0.0000,0.0000,1522.0600
2375,1,2,1,63.6060,166.2400,0.0000,969.5330,193.9870,134.6700,0.0000,0.0000,1528.0360
2376,1,2,1,60.9600,164.0560,0.0000,965.4700,194.4430,134.5290,0.0000,0.0000,1519.4580
2377,1,2,1,62.4740,164.2770,0.0000,968.6710,252.0120,138.9480,0.0000,0.0000,1586.3820
2378,1,2,1,63.6550,171.8890,0.0000,968.3940,196.0860,136.7810,0.0000,0.0000,1536.8050
2379,1,2,1,60.4490,165.6490,0.0000,970.3450,194.9110,136.8250,0.0000,0.0000,1528.1790
2380,1,2,1,62.4550,166.8060,0.0000,970.3510,194.9470,135.8830,0.0000,0.0000,1530.4420
2381,0,2,1,62.5660,165.0830,0.0000,967.5760,193.0400,135.7170,0.0000,0.0000,1523.9820
2382,1,2,1,63.5630,163.9450,0.0000,967.1510,194.8000,134.8740,0.0000,0.0000,1524.3330
2383,1,2,1,61.2610,165.3730,0.0000,970.1170,195.8340,176.7510,0.0000,0.0000,1569.3360
2384,1,2,1,63.3230,170.7330,0.0000,967.5880,195.1020,136.6830,0.0000,0.0000,1533.4290
2385,1,2,1,62.1230,166.2640,0.0000,969.2990,195.3290,134.9660,0.0000,0.0000,1527.9810
2386,1,2,1,61.0460,163.7530,0.0000,969.7350,196.4550,134.9110,0.0000,0.0000,1525.9000
2387,1,2,1,61.4460,164.4730,0.0000,969.6490,195.2120,135.2190,0.0000,0.0000,1525.9990
2388,1,2,1,62.8000,164.5910,0.0000,965.4460,192.8190,135.3780,0.0000,0.0000,1521.0340
2389,1,2,1,63.0710,166.2580,0.0000,965.6430,194.3390,134.0560,0.0000,0.0000,1523.3670
2390,1,2,1,61.7780,225.1070,0.0000,977.5880,207.5440,144.5360,0.0000,0.0000,1616.5530
2391,1,2,1,65.9630,172.0740,0.0000,970.4870,200.5780,139.9450,0.0000,0.0000,1549.0470
2392,1,2,1,64.1910,166.3140,0.0000,968.7260,196.7200,138.1850,0.0000,0.0000,1534.1360
2393,1,2,0,61.1320,166.6160,0.0000,965.1870,193.1070,135.0460,0.0000,0.0000,1521.0880
2394,1,2,1,61.4830,166.6950,0.0000,967.1140,194.4370,135.6190,0.0000,0.0000,1525.3480
2395,1,2,0,61.4210,165.0220,0.0000,968.6770,193.9500,135.1630,0.0000,0.0000,1524.2330
2396,1,2,1,60.8550,223.1630,0.0000,971.9330,200.9850,136.7570,0.0000,0.0000,1593.6930
2397,1,2,1,62.9230,169.1080,0.0000,964.8490,195.0700,135.3480,0.0000,0.0000,1527.2980
2398,1,2,1,61.7970,166.3820,0.0000,966.0930,194.4300,137.1330,0.0000,0.0000,1525.8350
2399,0,2,0,62.2030,164.2280,0.0000,969.7470,193.3480,134.2220,0.0000,0.0000,1523.7480
2400,1,2,1,63.6000,166.4000,0.0000,964.6280,195.6990,134.6030,0.0000,0.0000,1524.9300
2401,1,2,1,60.8180,165.1200,0.0000,966.8560,195.5500,132.3390,0.0000,0.0000,1520.6830
2402,1,2,1,62.8060,163.6120,0.0000,965.9390,202.1600,139.5880,0.0000,0.0000,1534.1050
2403,1,2,0,64.3260,169.0400,0.0000,969.3600,194.5360,137.3850,0.0000,0.0000,1534.6470
2404,1,2,1,61.9450,167.4830,0.0000,972.0000,194.7820,133.8210,0.0000,0.0000,1530.0310
2405,1,2,1,60.2960,165.1140,0.0000,969.2310,192.8300,134.9840,0.0000,0.0000,1522.4550
2406,1,2,1,61.5690,166.3570,0.0000,963.7230,194.4920,136.4240,0.0000,0.0000,1522.5650
2407,1,2,1,63.6490,166.1170,0.0000,968.8980,190.6460,135.7480,0.0000,0.0000,1525.0580
2408,1,2,1,62.6280,164.4000,0.0000,961.1510,204.2210,137.1820,0.0000,0.0000,1529.5820
2409,1,2,1,63.6060,169.4340,0.0000,971.5330,195.0950,136.2700,0.0000,0.0000,1535.9380
2410,1,2,0,62.8990,165.5450,0.0000,968.4680,193.4950,134.9480,0.0000,0.0000,1525.3550
2411,1,2,1,61.4030,166.1480,0.0000,963.9390,195.8160,135.3780,0.0000,0.0000,1522.6840
2412,1,2,1,62.0250,167.2490,0.0000,965.6120,192.4300,133.7360,0.0000,0.0000,1521.0520
2413,1,2,1,62.8370,166.3200,0.0000,970.2400,193.6000,135.1320,0.0000,0.0000,1528.1290
2414,1,2,1,62.4250,166.2640,0.0000,972.3130,203.1020,137.5810,0.0000,0.0000,1541.6850
2415,1,2,1,63.3230,166.4430,0.0000,966.8180,195.5690,137.1390,0.0000,0.0000,1529.2920
2416,1,2,1,63.5870,167.8830,0.0000,966.8120,194.0980,135.6670,0.0000,0.0000,1528.0470
2417,1,2,0,60.7200,166.0550,0.0000,964.3630,192.9170,133.3480,0.0000,0.0000,1517.4030
2418,1,2,1,61.7780,165.0280,0.0000,966.0060,194.4060,135.6120,0.0000,0.0000,1522.8300
2419,0,2,1,61.3840,163.6800,0.0000,964.1170,194.5420,133.9200,0.0000,0.0000,1517.6430
2420,1,2,1,62.1840,164.3380,0.0000,975.2120,202.4430,136.6340,0.0000,0.0000,1540.8110
2421,1,2,1,63.0280,165.6620,0.0000,973.7470,193.4900,133.7910,0.0000,0.0000,1529.7180
2422,1,2,0,61.9640,165.1870,0.0000,966.6220,193.0340,136.8550,0.0000,0.0000,1523.6620
2423,1,2,1,62.6280,166.2150,0.0000,965.7540,194.9910,135.5630,0.0000,0.0000,1525.1510
2424,1,2,1,61.6980,163.7970,0.0000,969.7720,195.1810,134.9970,0.0000,0.0000,1525.4450
2425,1,2,1,60.8800,164.6890,0.0000,968.2210,194.5840,132.4980,0.0000,0.0000,1520.8720
2426,1,2,1,60.5480,163.4280,0.0000,969.0470,203.4270,138.1420,0.0000,0.0000,1534.5920
2427,1,2,1,62.9600,168.1230,0.0000,967.2190,195.3540,134.3940,0.0000,0.0000,1528.0500
2428,1,2,1,62.6960,166.6890,0.0000,967.3300,195.0460,134.7130,0.0000,0.0000,1526.4740
2429,1,2,1,60.9350,164.4800,0.0000,967.9510,195.5320,133.7720,0.0000,0.0000,1522.6700
2430,1,2,1,61.2560,166.0550,0.0000,964.0120,194.3630,136.2460,0.0000,0.0000,1521.9320
2431,1,2,1,60.9290,163.4520,0.0000,969.5700,192.7750,136.9900,0.0000,0.0000,1523.7160
2432,1,2,1,61.0830,163.2130,0.0000,969.7100,247.1820,140.6830,0.0000,0.0000,1581.8710
2433,1,2,1,64.3320,170.6830,0.0000,970.0250,196.9660,136.4920,0.0000,0.0000,1538.4980
2434,1,2,1,64.4370,166.4310,0.0000,968.4550,195.8400,137.1440,0.0000,0.0000,1532.3070
2435,1,2,1,61.8830,162.9780,0.0000,968.6340,193.9010,135.9200,0.0000,0.0000,1523.3160
2436,0,2,0,62.0180,164.4620,0.0000,974.5780,195.1380,134.1410,0.0000,0.0000,1530.3370
2437,1,2,1,62.7450,164.7010,0.0000,964.3440,193.7850,135.3230,0.0000,0.0000,1520.8980
2438,1,2,0,63.0090,166.3570,0.0000,965.0040,193.9200,192.0980,0.0000,0.0000,1580.3880
2439,1,2,1,64.3140,171.9510,0.0000,969.5570,195.9870,137.0210,0.0000,0.0000,1538.8300
2440,1,2,1,61.7600,164.6590,0.0000,968.3630,195.6980,137.4160,0.0000,0.0000,1527.8960
2441,1,2,1,62.3320,165.3970,0.0000,964.8300,193.9080,134.6460,0.0000,0.0000,1521.1130
2442,0,2,0,62.4370,166.6710,0.0000,969.5320,192.6650,136.3270,0.0000,0.0000,1527.6320
2443,1,2,1,62.0860,164.9670,0.0000,967.8280,195.4890,135.2620,0.0000,0.0000,1525.6320
2444,0,2,0,61.9320,164.5840,0.0000,967.8650,193.9690,135.3230,0.0000,0.0000,1523.6730
2445,1,2,1,61.9200,211.6060,0.0000,970.9420,196.7700,140.0800,0.0000,0.0000,1581.3180
2446,1,2,1,61.0710,168.8920,0.0000,963.6190,194.3760,135.4400,0.0000,0.0000,1523.3980
2447,1,2,1,62.6280,165.2180,0.0000,966.8560,193.6610,135.3970,0.0000,0.0000,1523.7600
2448,1,2,1,62.0070,166.0550,0.0000,967.9440,194.0490,135.6870,0.0000,0.0000,1525.7420
2449,1,2,1,62.5790,164.4610,0.0000,968.1360,193.6490,136.6460,0.0000,0.0000,1525.4710
2450,1,2,1,62.7020,166.4920,0.0000,968.3880,193.8830,134.6210,0.0000,0.0000,1526.0860
2451,1,2,1,61.2240,165.0160,0.0000,1012.1410,198.9910,137.0460,0.0000,0.0000,1574.4180
2452,1,2,1,62.1910,165.9630,0.0000,967.5450,196.1170,137.5820,0.0000,0.0000,1529.3980
2453,1,2,1,61.5750,165.3420,0.0000,968.1790,193.6190,133.8520,0.0000,0.0000,1522.5670
2454,1,2,1,61.9200,165.7720,0.0000,962.6770,194.2770,135.0650,0.0000,0.0000,1519.7110
2455,1,2,1,61.5940,166.7130,0.0000,966.6900,192.4310,136.3940,0.0000,0.0000,1523.8220
2456,1,2,1,61.6120,163.5140,0.0000,966.6210,193.3970,134.8000,0.0000,0.0000,1519.9440
2457,1,2,1,62.2160,163.8030,0.0000,971.5020,202.7750,137.8830,0.0000,0.0000,1538.1790
2458,1,2,1,62.0440,169.6930,0.0000,968.0310,195.0520,136.6400,0.0000,0.0000,1531.4600
2459,1,2,1,60.9540,166.1300,0.0000,965.0460,194.6210,135.5380,0.0000,0.0000,1522.2890
2460,1,2,1,61.7230,163.3540,0.0000,967.7160,194.0930,136.2650,0.0000,0.0000,1523.1510
2461,1,2,1,62.7940,165.6560,0.0000,967.2430,194.4300,134.2340,0.0000,0.0000,1524.3570
2462,0,2,0,62.3760,164.6090,0.0000,967.0470,193.5810,133.2310,0.0000,0.0000,1520.8440
2463,1,2,1,60.4550,164.2950,0.0000,973.5080,201.6000,137.5390,0.0000,0.0000,1537.3970
2464,1,2,1,63.1880,166.0370,0.0000,970.6770,194.6530,133.6310,0.0000,0.0000,1528.1860
2465,1,2,1,62.4060,166.1780,0.0000,969.0030,195.5880,134.3390,0.0000,0.0000,1527.5140
2466,0,2,0,62.3320,165.3420,0.0000,966.8670,194.2210,132.8980,0.0000,0.0000,1521.6600
2467,0,2,0,62.1230,163.8900,0.0000,971.5630,193.3040,136.0430,0.0000,0.0000,1526.9230
2468,0,2,0,62.3450,164.7880,0.0000,965.6240,194.2340,135.2360,0.0000,0.0000,1522.2270
2469,1,2,1,61.8650,164.6400,0.0000,972.2830,205.2620,137.5390,0.0000,0.0000,1541.5890
2470,1,2,1,64.1170,165.5500,0.0000,968.3320,197.3170,135.7360,0.0000,0.0000,1531.0520
2471,0,2,0,61.7040,168.0000,0.0000,966.3570,194.4070,134.2460,0.0000,0.0000,1524.7140
2472,1,2,1,62.1900,165.7350,0.0000,972.0610,193.5510,135.1200,0.0000,0.0000,1528.6570
2473,1,2,1,62.0620,164.1480,0.0000,968.9230,193.3720,133.4150,0.0000,0.0000,1521.9200
2474,0,2,0,62.8860,162.2520,0.0000,966.7390,194.9600,135.7900,0.0000,0.0000,1522.6270
2475,1,2,1,63.8340,164.7440,0.0000,970.3260,200.3810,134.9850,0.0000,0.0000,1534.2700
2476,1,2,1,62.8670,170.3260,0.0000,971.0150,196.4060,134.9660,0.0000,0.0000,1535.5800
2477,0,2,0,61.9390,165.7480,0.0000,970.3200,194.8990,137.0090,0.0000,0.0000,1529.9150
2478,0,2,0,60.6270,165.8770,0.0000,965.2240,193.6060,134.7260,0.0000,0.0000,1520.0600
2479,0,2,0,61.2430,165.6800,0.0000,966.7320,195.1510,137.5930,0.0000,0.0000,1526.3990
2480,1,2,1,61.0830,165.3170,0.0000,968.7140,194.6830,135.0840,0.0000,0.0000,1524.8810
2481,1,2,1,61.6430,164.1540,0.0000,969.0280,237.8340,137.0830,0.0000,0.0000,1569.7420
2482,1,2,1,62.3930,169.0830,0.0000,967.8520,195.3970,139.0030,0.0000,0.0000,1533.7280
2483,1,2,1,61.6800,166.4310,0.0000,965.9940,195.6620,134.7080,0.0000,0.0000,1524.4750
2484,1,2,1,63.0520,166.0120,0.0000,963.3470,193.4530,135.0460,0.0000,0.0000,1520.9100
2485,1,2,1,61.7600,165.2490,0.0000,966.5850,193.1570,134.2640,0.0000,0.0000,1521.0150
2486,1,2,1,62.4930,162.1170,0.0000,966.0550,193.8640,135.8460,0.0000,0.0000,1520.3750
2487,1,2,1,61.5500,163.3530,0.0000,963.4770,193.6060,260.8430,0.0000,0.0000,1642.8290
2488,1,2,1,65.5380,177.9020,0.0000,970.9470,202.4370,141.6800,0.0000,0.0000,1558.5040
2489,0,2,0,62.6710,167.5140,0.0000,964.9480,198.5600,139.6610,0.0000,0.0000,1533.3540
2490,1,2,1,62.9970,164.4730,0.0000,966.0620,194.8560,136.8430,0.0000,0.0000,1525.2310
2491,1,2,1,61.8150,164.9780,0.0000,970.2460,194.2700,134.4740,0.0000,0.0000,1525.7830
2492,1,2,1,64.4620,164.2590,0.0000,965.4770,194.7450,133.5690,0.0000,0.0000,1522.5120
2493,1,2,1,63.3230,165.4640,0.0000,965.6370,195.1260,134.8430,0.0000,0.0000,1524.3930
2494,1,2,1,67.2310,172.0990,0.0000,967.8640,195.7540,137.3780,0.0000,0.0000,1540.3260
2495,1,2,1,62.7450,167.3360,0.0000,965.4280,196.7450,134.3630,0.0000,0.0000,1526.6170
2496,1,2,1,61.2680,165.0580,0.0000,966.7260,196.6830,135.4960,0.0000,0.0000,1525.2310
2497,1,2,1,59.9260,165.5570,0.0000,968.0610,191.3970,133.9880,0.0000,0.0000,1518.9290
2498,1,2,1,62.1910,166.4120,0.0000,963.8580,193.0030,134.2100,0.0000,0.0000,1519.6740
2499,0,2,0,63.1380,164.8430,0.0000,967.6490,195.3910,134.7940,0.0000,0.0000,1525.8150
2500,1,2,1,63.0650,218.1540,0.0000,970.0620,200.0800,140.1050,0.0000,0.0000,1591.4660
2501,1,2,1,63.4340,168.8620,0.0000,968.3570,196.5660,134.5350,0.0000,0.0000,1531.7540
2502,1,2,1,61.1440,167.2430,0.0000,968.5910,194.8800,134.7760,0.0000,0.0000,1526.6340
2503,1,2,1,62.5110,167.0890,0.0000,963.6430,194.5540,135.1130,0.0000,0.0000,1522.9100
2504,1,2,1,60.8550,165.3530,0.0000,966.0120,196.5730,136.1170,0.0000,0.0000,1524.9100
2505,1,2,1,62.1110,164.3700,0.0000,966.1600,193.5450,133.8460,0.0000,0.0000,1520.0320
2506,0,2,0,59.9940,166.2580,0.0000,967.2870,201.2130,138.0000,0.0000,0.0000,1532.7520
2507,1,2,1,63.5810,167.1570,0.0000,976.4180,195.6370,137.5690,0.0000,0.0000,1540.3620
2508,1,2,1,64.0240,166.7140,0.0000,968.8620,196.2280,135.0950,0.0000,0.0000,1530.9230
2509,1,2,1,63.0890,165.2620,0.0000,967.8710,193.7720,134.8310,0.0000,0.0000,1524.8250
2510,1,2,1,62.3140,163.2180,0.0000,967.2370,192.3750,135.2860,0.0000,0.0000,1520.4300
2511,0,2,1,62.6090,165.4210,0.0000,968.4060,193.4590,136.3200,0.0000,0.0000,1526.2150
2512,0,2,1,62.6830,165.7850,0.0000,968.5170,200.2160,135.9760,0.0000,0.0000,1533.1770
2513,0,2,0,63.6370,166.8860,0.0000,969.2680,193.1200,136.2650,0.0000,0.0000,1529.1760
2514,1,2,1,62.8980,167.3660,0.0000,969.2680,192.7810,134.0130,0.0000,0.0000,1526.3260
2515,1,2,1,62.2520,166.0070,0.0000,970.1350,194.2460,134.8620,0.0000,0.0000,1527.5020
2516,1,2,1,60.9360,165.9270,0.0000,971.3600,194.5230,135.9140,0.0000,0.0000,1528.6600
2517,0,2,0,62.8980,164.9670,0.0000,966.1100,193.3230,133.6300,0.0000,0.0000,1520.9280
2518,0,2,1,63.5200,167.1630,0.0000,974.2090,201.9260,137.5690,0.0000,0.0000,1544.3870
2519,1,2,1,62.6460,167.0710,0.0000,967.9260,196.3070,134.8430,0.0000,0.0000,1528.7930
2520,1,2,0,63.7720,166.1240,0.0000,966.9050,196.7320,135.4580,0.0000,0.0000,1528.9910
2521,0,2,0,61.6250,164.8860,0.0000,966.6090,196.0740,136.1910,0.0000,0.0000,1525.3850
2522,1,2,1,60.8310,166.6710,0.0000,965.7600,193.2670,132.7880,0.0000,0.0000,1519.3170
2523,1,2,0,60.8550,167.1940,0.0000,968.1230,192.9670,134.2520,0.0000,0.0000,1523.3910
2524,1,2,1,61.5020,165.5330,0.0000,967.3660,201.9390,138.1600,0.0000,0.0000,1534.5000
2525,1,2,1,62.0310,168.7020,0.0000,966.0560,194.8130,136.9600,0.0000,0.0000,1528.5620
2526,1,2,1,62.0860,165.4700,0.0000,971.6060,193.8770,135.1260,0.0000,0.0000,1528.1650
2527,1,2,1,61.0030,164.5720,0.0000,970.0000,196.0240,134.5350,0.0000,0.0000,1526.1340
2528,1,2,1,62.1230,164.4310,0.0000,967.2000,192.3690,137.0160,0.0000,0.0000,1523.1390
2529,1,2,1,62.3320,166.2770,0.0000,968.3690,194.6460,134.8310,0.0000,0.0000,1526.4550
2530,1,2,1,60.9350,162.8000,0.0000,968.0610,200.6830,137.3040,0.0000,0.0000,1529.7830
2531,0,2,0,61.9140,167.7530,0.0000,968.4490,195.0400,134.9480,0.0000,0.0000,1528.1040
2532,1,2,1,62.7570,165.7360,0.0000,968.4680,193.9940,133.3730,0.0000,0.0000,1524.3280
2533,1,2,1,61.4950,163.9760,0.0000,966.2640,192.8620,134.5790,0.0000,0.0000,1519.1760
2534,1,2,1,62.3080,165.4830,0.0000,968.8670,192.6340,133.7170,0.0000,0.0000,1523.0090
2535,1,2,1,62.6160,164.1720,0.0000,967.2370,193.8220,134.7510,0.0000,0.0000,1522.5980
2536,1,2,1,60.8550,163.8460,0.0000,970.1170,252.4550,139.7970,0.0000,0.0000,1587.0700
2537,1,2,1,61.7730,173.1390,0.0000,968.4180,196.7020,138.6090,0.0000,0.0000,1538.6410
2538,1,2,1,62.8800,167.1570,0.0000,969.0700,194.8920,136.4930,0.0000,0.0000,1530.4920
2539,0,2,0,61.5820,166.4430,0.0000,968.0550,194.2830,132.8860,0.0000,0.0000,1523.2490
2540,1,2,1,60.8800,164.2160,0.0000,968.2280,192.6460,133.7480,0.0000,0.0000,1519.7180
2541,0,2,0,60.9470,162.4860,0.0000,970.3450,195.6490,133.9630,0.0000,0.0000,1523.3900
2542,1,2,1,61.5940,165.5630,0.0000,965.7290,194.4930,364.7630,0.0000,0.0000,1752.1420
2543,0,2,0,69.4090,186.9170,0.0000,974.5110,205.5510,143.4220,0.0000,0.0000,1579.8100
2544,1,2,1,63.8650,172.4610,0.0000,970.9900,197.5200,136.0190,0.0000,0.0000,1540.8550
2545,1,2,0,63.5880,166.8310,0.0000,970.1850,194.0250,135.5070,0.0000,0.0000,1530.1360
2546,0,2,0,61.9880,165.2920,0.0000,970.2590,195.0160,135.6550,0.0000,0.0000,1528.2100
2547,1,2,1,60.5720,166.3810,0.0000,968.6340,195.0890,135.5570,0.0000,0.0000,1526.2330
2548,1,2,1,61.1320,165.0530,0.0000,967.3230,193.6800,180.9540,0.0000,0.0000,1568.1420
2549,1,2,1,62.6710,171.7050,0.0000,972.8250,197.2740,136.1040,0.0000,0.0000,1540.5790
2550,1,2,1,64.1900,168.2210,0.0000,969.2680,195.1260,137.7350,0.0000,0.0000,1534.5400
2551,1,2,1,61.8900,165.7790,0.0000,967.6920,194.1040,136.5730,0.0000,0.0000,1526.0380
2552,1,2,0,60.4120,166.7380,0.0000,968.3930,192.6890,135.2060,0.0000,0.0000,1523.4380
2553,1,2,1,61.1880,166.9350,0.0000,968.9780,193.7360,136.0860,0.0000,0.0000,1526.9230
2554,1,2,1,63.0950,165.2120,0.0000,969.0150,193.8400,131.9570,0.0000,0.0000,1523.1190
2555,1,2,1,105.6000,171.2310,0.0000,972.1780,197.1140,138.4610,0.0000,0.0000,1584.5840
2556,1,2,1,63.2310,167.2980,0.0000,965.1630,196.0670,135.3420,0.0000,0.0000,1527.1010
2557,1,2,1,62.2960,165.0580,0.0000,969.3600,191.2800,134.6710,0.0000,0.0000,1522.6650
2558,1,2,1,61.5020,163.8460,0.0000,966.6520,193.5140,135.0210,0.0000,0.0000,1520.5350
2559,1,2,1,63.1140,163.5440,0.0000,970.2520,194.0000,136.0730,0.0000,0.0000,1526.9830
2560,1,2,1,62.5960,165.2310,0.0000,970.1470,194.2960,136.3260,0.0000,0.0000,1528.5960
2561,1,2,1,60.9600,226.8430,0.0000,971.8890,200.8190,136.9660,0.0000,0.0000,1597.4770
2562,0,2,0,62.2900,168.9050,0.0000,967.8710,195.0580,136.9720,0.0000,0.0000,1531.0960
2563,1,2,1,60.8060,164.8310,0.0000,970.9600,193.4640,136.7260,0.0000,0.0000,1526.7870
2564,1,2,1,63.4770,164.1670,0.0000,967.2920,194.9670,134.0860,0.0000,0.0000,1523.9890
2565,1,2,1,60.4990,164.8800,0.0000,968.9110,194.4800,135.6610,0.0000,0.0000,1524.4310
2566,0,2,1,61.6610,163.7110,0.0000,964.6770,194.7940,134.7080,0.0000,0.0000,1519.5510
2567,0,2,0,62.6640,163.6610,0.0000,974.0000,202.1840,140.2460,0.0000,0.0000,1542.7550
2568,1,2,1,62.3630,169.2670,0.0000,969.4090,194.1110,135.2860,0.0000,0.0000,1530.4360
2569,1,2,1,62.0800,164.3200,0.0000,967.1760,194.9480,134.0620,0.0000,0.0000,1522.5860
2570,1,2,1,61.7360,164.7380,0.0000,965.9450,196.3260,136.4990,0.0000,0.0000,1525.2440
2571,1,2,1,62.3130,165.1380,0.0000,969.8030,195.5570,135.2680,0.0000,0.0000,1528.0790
2572,0,2,0,61.5260,166.2650,0.0000,964.2090,195.2180,134.8310,0.0000,0.0000,1522.0490
2573,1,2,1,62.3450,165.4900,0.0000,969.8640,201.4340,134.7440,0.0000,0.0000,1533.8770
2574,1,2,1,62.7510,167.3240,0.0000,969.7660,194.7630,138.0250,0.0000,0.0000,1532.6290
2575,1,2,1,63.2120,164.0310,0.0000,968.2520,192.8610,134.0620,0.0000,0.0000,1522.4180
2576,1,2,1,61.8340,163.2250,0.0000,966.7080,192.5970,136.0370,0.0000,0.0000,1520.4010
2577,1,2,1,63.0710,165.5080,0.0000,969.4100,195.8770,135.1320,0.0000,0.0000,1528.9980
2578,1,2,1,60.7760,165.3110,0.0000,964.9970,193.3290,133.6370,0.0000,0.0000,1518.0500
2579,1,2,1,62.5780,166.4060,0.0000,970.4670,204.0310,138.1600,0.0000,0.0000,1541.6420
2580,1,2,1,61.7230,171.5260,0.0000,963.5760,299.8340,183.0530,0.0000,0.0000,1679.7120
2581,1,2,1,89.5200,262.8800,0.0000,1002.3140,307.6370,214.5170,0.0000,0.0000,1876.8680
2582,1,2,1,90.2040,232.7880,0.0000,1009.8460,358.7140,223.1510,0.0000,0.0000,1914.7030
2583,1,2,1,95.5260,250.7630,0.0000,984.3630,299.3660,216.0610,0.0000,0.0000,1846.0790
2584,1,2,1,90.0930,285.5750,0.0000,995.7420,359.7790,225.2930,0.0000,0.0000,1956.4820
2585,1,2,1,96.7820,294.1970,0.0000,994.2890,358.6700,231.3600,0.0000,0.0000,1975.2980
2586,1,2,1,92.5910,249.9080,0.0000,976.4740,245.1630,168.8310,0.0000,0.0000,1732.9670
2587,1,2,1,72.1040,192.1970,0.0000,992.6150,377.1570,227.5020,0.0000,0.0000,1861.5750
2588,1,2,1,97.6430,248.2340,0.0000,998.9850,352.8980,211.5080,0.0000,0.0000,1909.2680
2589,1,2,1,90.8120,241.2800,0.0000,1002.3440,354.2960,229.9940,0.0000,0.0000,1918.7260
2590,1,2,1,101.8400,264.8180,0.0000,994.3690,334.2890,203.3110,0.0000,0.0000,1898.6270
2591,1,2,1,96.5600,231.7290,0.0000,985.9760,329.2800,211.7350,0.0000,0.0000,1855.2800
2592,1,2,1,92.7390,256.4620,0.0000,989.6800,300.5900,199.5570,0.0000,0.0000,1839.0280
2593,1,2,1,82.9170,246.7690,0.0000,991.3790,295.0220,219.0160,0.0000,0.0000,1835.1030
2594,1,2,1,83.2060,226.8490,0.0000,1000.6590,317.3850,204.1970,0.0000,0.0000,1832.2960
2595,1,2,1,97.9200,238.4060,0.0000,1005.6920,293.6620,200.3760,0.0000,0.0000,1836.0560
2596,1,2,1,86.0610,236.0120,0.0000,990.9970,297.7660,188.7010,0.0000,0.0000,1799.5370
2597,1,2,1,75.8770,217.1390,0.0000,987.2490,283.4520,181.1260,0.0000,0.0000,1744.8430
2598,1,2,0,76.8740,206.8060,0.0000,999.0830,350.0920,205.9440,0.0000,0.0000,1838.7990
2599,1,2,1,98.3630,282.0620,0.0000,999.0890,305.5820,186.9540,0.0000,0.0000,1872.0500
2600,1,2,1,81.0900,205.9690,0.0000,970.6890,269.7100,199.4830,0.0000,0.0000,1726.9410
2601,1,2,1,93.4150,239.1130,0.0000,984.4060,273.1570,178.7260,0.0000,0.0000,1768.8170
2602,1,2,1,69.8580,195.0890,0.0000,982.4740,213.8270,151.0770,0.0000,0.0000,1612.3250
2603,1,2,1,64.6770,182.3440,0.0000,973.0210,205.2680,144.5290,0.0000,0.0000,1569.8390
2604,1,2,1,66.2270,174.8250,0.0000,976.6270,211.2000,146.0680,0.0000,0.0000,1574.9470
2605,1,2,1,66.7020,177.0890,0.0000,967.8650,233.8770,153.9380,0.0000,0.0000,1599.4710
2606,1,2,1,70.6100,184.3630,0.0000,967.7290,216.3500,145.1810,0.0000,0.0000,1584.2330
2607,1,2,1,66.6710,178.1900,0.0000,976.6580,221.8220,147.6060,0.0000,0.0000,1590.9470
2608,1,2,1,67.5020,176.9050,0.0000,975.4030,207.3420,141.7850,0.0000,0.0000,1568.9370
2609,1,2,1,65.7480,172.7630,0.0000,972.7140,208.0610,147.1450,0.0000,0.0000,1566.4310
2610,1,2,1,65.3970,175.7470,0.0000,969.9880,208.1540,143.9450,0.0000,0.0000,1563.2310
2611,1,2,1,66.5970,345.2370,0.0000,968.9910,235.6860,156.5290,0.0000,0.0000,1773.0400
2612,1,2,1,67.3050,181.5820,0.0000,978.0680,219.8950,150.3140,0.0000,0.0000,1597.1640
2613,1,2,1,66.7200,179.5510,0.0000,971.9940,209.8280,146.0190,0.0000,0.0000,1574.1120
2614,1,2,1,64.3760,178.1660,0.0000,971.7360,204.7940,145.6620,0.0000,0.0000,1564.7340
2615,1,2,1,66.3750,173.0340,0.0000,968.3940,207.4460,141.0530,0.0000,0.0000,1556.3020
2616,0,2,0,65.7290,174.2160,0.0000,974.5410,290.8120,199.4280,0.0000,0.0000,1704.7260
2617,1,2,1,91.9020,234.2030,0.0000,982.1110,253.4830,171.1690,0.0000,0.0000,1732.8680
2618,1,2,1,73.6180,200.3630,0.0000,982.4370,246.3260,169.9450,0.0000,0.0000,1672.6890
2619,1,2,1,79.0340,212.5230,0.0000,985.4460,371.3290,186.6710,0.0000,0.0000,1835.0030
2620,1,2,1,77.2500,211.7410,0.0000,985.0650,308.1600,178.7450,0.0000,0.0000,1760.9610
2621,1,2,1,78.0180,225.8770,0.0000,996.0680,328.0000,191.4830,0.0000,0.0000,1819.4460
2622,1,2,1,78.5720,9414.2220,0.0000,1012.4860,317.0280,195.5760,0.0000,0.0000,11017.8840
2623,0,2,0,90.7380,220.0860,0.0000,992.1720,357.2240,237.5200,0.0000,0.0000,1897.7400
2624,1,2,1,97.8460,293.2860,0.0000,1006.6160,332.3200,220.1730,0.0000,0.0000,1950.2410
2625,1,2,1,100.1410,273.5200,0.0000,994.4190,330.4920,214.9360,0.0000,0.0000,1913.5080
2626,1,2,1,98.8870,264.3320,0.0000,1003.5930,310.2090,196.3810,0.0000,0.0000,1873.4020
2627,1,2,1,82.3390,235.9760,0.0000,989.4270,308.8920,186.5300,0.0000,0.0000,1803.1640
2628,1,2,1,84.3260,253.6120,0.0000,1008.3810,349.7110,210.4680,0.0000,0.0000,1906.4980
2629,1,2,1,90.3690,241.5750,0.0000,1004.1110,343.2990,231.3660,0.0000,0.0000,1910.7200
2630,1,2,1,98.7020,269.5320,0.0000,988.3880,292.0370,178.8180,0.0000,0.0000,1827.4770
2631,0,2,1,74.4000,200.1470,0.0000,987.8460,360.7450,226.0860,0.0000,0.0000,1849.2240
2632,0,2,0,83.9880,220.0430,0.0000,996.6400,327.1200,222.2270,0.0000,0.0000,1850.0180
2633,1,2,1,89.9200,230.5290,0.0000,993.0220,326.2400,195.2370,0.0000,0.0000,1834.9480
2634,1,2,1,85.7540,258.0000,0.0000,998.6220,322.0490,193.4890,0.0000,0.0000,1857.9140
2635,1,2,1,95.6490,243.1260,0.0000,985.3840,285.8580,200.0490,0.0000,0.0000,1810.0660
2636,1,2,0,82.7690,220.2830,0.0000,990.3570,271.8890,181.0520,0.0000,0.0000,1746.3500
2637,1,2,1,88.2590,227.6000,0.0000,990.9360,352.9420,222.3330,0.0000,0.0000,1882.0700
2638,1,2,0,105.2300,283.4950,0.0000,1001.5750,313.6980,196.7690,0.0000,0.0000,1900.7670
2639,0,2,0,81.9380,232.4060,0.0000,974.2890,253.2550,172.0860,0.0000,0.0000,1713.9740
2640,1,2,1,79.4770,226.6580,0.0000,995.8950,297.3040,181.2240,0.0000,0.0000,1780.5580
2641,1,2,1,73.7780,197.7350,0.0000,978.5780,221.0400,150.5670,0.0000,0.0000,1621.6980
2642,0,2,0,67.1140,179.6000,0.0000,973.5200,395.7040,160.9720,0.0000,0.0000,1776.9100
2643,1,2,1,68.8500,192.1480,0.0000,965.8340,220.9850,150.0740,0.0000,0.0000,1597.8910
2644,1,2,0,67.7540,177.9750,0.0000,979.9750,208.7750,144.8920,0.0000,0.0000,1579.3710
2645,1,2,1,64.6030,175.4220,0.0000,973.3780,210.2340,146.0800,0.0000,0.0000,1569.7170
2646,0,2,0,64.6100,177.2490,0.0000,971.2190,215.4090,146.1050,0.0000,0.0000,1574.5920
2647,1,2,1,67.3410,175.2800,0.0000,973.3910,205.6740,145.5570,0.0000,0.0000,1567.2430
2648,1,2,1,63.9320,172.3380,0.0000,972.3630,316.1730,161.9630,0.0000,0.0000,1686.7690
2649,1,2,1,67.3850,191.6740,0.0000,977.4090,217.1010,149.7050,0.0000,0.0000,1603.2740
2650,1,2,1,68.9970,180.6210,0.0000,975.4340,213.2620,146.7760,0.0000,0.0000,1585.0900
2651,1,2,1,65.5940,172.9910,0.0000,972.4250,216.3690,149.1690,0.0000,0.0000,1576.5480
2652,1,2,1,66.1840,178.5480,0.0000,975.2620,209.9080,146.2400,0.0000,0.0000,1576.1420
2653,1,2,1,66.1540,177.0890,0.0000,973.3900,208.5790,144.9040,0.0000,0.0000,1570.1160
2654,1,2,1,64.7810,171.5630,0.0000,976.2090,256.5300,165.0400,0.0000,0.0000,1634.1230
2655,1,2,1,72.6460,187.4770,0.0000,976.1960,259.4520,195.1690,0.0000,0.0000,1690.9400
2656,1,2,1,82.3260,238.9110,0.0000,990.0610,258.1230,180.7080,0.0000,0.0000,1750.1290
2657,0,2,0,79.2310,211.0040,0.0000,985.9880,235.2560,163.2360,0.0000,0.0000,1674.7150
2658,1,2,1,74.9910,195.8090,0.0000,972.6650,259.5630,207.4150,0.0000,0.0000,1710.4430
2659,0,2,0,89.8400,267.8090,0.0000,1000.9540,339.2860,225.8770,0.0000,0.0000,1923.7660
2660,1,2,1,94.1110,283.6920,0.0000,990.6640,304.1040,187.3410,0.0000,0.0000,1859.9120
2661,1,2,1,76.2460,202.0680,0.0000,984.2220,226.5470,156.4430,0.0000,0.0000,1645.5260
2662,1,2,1,68.4980,181.5270,0.0000,977.2800,214.6520,153.3470,0.0000,0.0000,1595.3040
2663,1,2,1,66.8060,177.6070,0.0000,976.7070,211.9070,150.1420,0.0000,0.0000,1583.1690
2664,0,2,0,67.3600,178.1600,0.0000,975.1750,214.0800,149.3840,0.0000,0.0000,1584.1590
2665,1,2,1,65.8530,179.9810,0.0000,2040.3690,360.8000,211.6560,0.0000,0.0000,2858.6590
2666,1,2,1,97.8710,268.3260,0.0000,1017.8470,336.7380,220.8000,0.0000,0.0000,1941.5820
2667,0,2,1,83.5380,280.4070,0.0000,994.3010,338.9600,215.4590,0.0000,0.0000,1912.6650
2668,1,2,1,80.1110,234.6090,0.0000,1003.5880,356.7070,235.4090,0.0000,0.0000,1910.4240
2669,1,2,0,92.1600,244.4430,0.0000,999.3730,492.3630,225.1380,0.0000,0.0000,2053.4770
2670,1,2,1,86.3690,271.3040,0.0000,990.8920,334.9600,217.0090,0.0000,0.0000,1900.5340
2671,1,2,1,99.9570,253.7850,0.0000,1003.6620,339.6800,215.5690,0.0000,0.0000,1912.6530
2672,1,2,1,96.3390,259.7170,0.0000,988.5600,319.3110,200.3750,0.0000,0.0000,1864.3020
2673,0,2,0,84.2950,276.5300,0.0000,996.4610,291.2310,186.2030,0.0000,0.0000,1834.7200
2674,1,2,1,84.1970,277.9070,0.0000,1033.0090,311.6310,229.7850,0.0000,0.0000,1936.5290
2675,1,2,0,85.2180,253.8640,0.0000,993.6920,373.9380,236.5790,0.0000,0.0000,1943.2910
2676,1,2,1,97.2490,278.0360,0.0000,1002.5300,356.0310,235.7170,0.0000,0.0000,1969.5630
2677,1,2,1,83.6190,246.9720,0.0000,984.4550,352.4800,222.6580,0.0000,0.0000,1890.1840
2678,1,2,1,94.1530,273.4650,0.0000,1002.4920,315.0030,215.5570,0.0000,0.0000,1900.6700
2679,1,2,0,90.8310,250.2460,0.0000,991.9270,385.9880,222.7570,0.0000,0.0000,1941.7490
2680,1,2,1,88.7080,245.7600,0.0000,1007.9690,347.8830,239.1140,0.0000,0.0000,1929.4340
2681,1,2,1,93.0210,270.4740,0.0000,984.3940,334.9780,228.4000,0.0000,0.0000,1911.2670
2682,1,2,0,93.1010,269.9140,0.0000,1003.1810,336.0930,205.4270,0.0000,0.0000,1907.7160
2683,1,2,1,99.5380,227.7290,0.0000,987.5260,331.7720,186.1100,0.0000,0.0000,1832.6750
2684,1,2,1,84.3330,252.2100,0.0000,1008.7320,376.7390,237.8340,0.0000,0.0000,1959.8480
2685,0,2,0,96.5050,267.9260,0.0000,1010.3870,333.4340,210.9600,0.0000,0.0000,1919.2120
2686,1,2,1,82.7940,237.3540,0.0000,1009.6060,345.6980,226.1850,0.0000,0.0000,1901.6370
2687,1,2,1,96.9790,245.6130,0.0000,985.3720,331.0400,214.1050,0.0000,0.0000,1873.1090
2688,1,2,1,93.8280,271.4100,0.0000,1000.1660,318.5970,217.4760,0.0000,0.0000,1901.4770
2689,1,2,1,99.5760,395.1450,0.0000,1011.8520,360.8310,202.3450,0.0000,0.0000,2069.7490
2690,0,2,0,89.1820,224.5470,0.0000,991.3600,353.2130,219.6670,0.0000,0.0000,1877.9690
2691,1,2,1,91.5880,276.1420,0.0000,1001.5940,325.3480,189.2860,0.0000,0.0000,1883.9580
2692,1,2,1,98.2830,274.6150,0.0000,994.7690,323.9700,185.4770,0.0000,0.0000,1877.1140
2693,0,2,0,91.4830,248.6950,0.0000,1002.4610,381.8700,289.6190,0.0000,0.0000,2014.1280
2694,0,2,0,119.6240,265.1700,0.0000,996.6100,354.7750,233.4520,0.0000,0.0000,1969.6310
2695,1,2,1,100.3140,265.0160,0.0000,996.1110,315.8400,213.1750,0.0000,0.0000,1890.4560
2696,1,2,1,84.8980,244.3870,0.0000,990.1360,267.8770,188.0990,0.0000,0.0000,1775.3970
2697,0,2,0,78.9840,213.4580,0.0000,989.1330,266.6710,168.6520,0.0000,0.0000,1716.8980
2698,1,2,1,72.8560,189.1510,0.0000,981.4160,206.1110,145.3540,0.0000,0.0000,1594.8880
2699,1,2,1,137.8150,198.4490,0.0000,981.3840,209.2000,150.3450,0.0000,0.0000,1677.1930
2700,1,2,1,66.4870,174.1230,0.0000,971.8950,199.6920,140.4800,0.0000,0.0000,1552.6770
2701,1,2,1,63.8280,168.0620,0.0000,970.4430,196.6220,135.5750,0.0000,0.0000,1534.5300
2702,1,2,1,63.4830,168.5360,0.0000,971.7660,194.5110,134.1970,0.0000,0.0000,1532.4930
2703,0,2,0,61.6980,167.3290,0.0000,968.3630,194.0130,135.3970,0.0000,0.0000,1526.8000
2704,1,2,1,61.5080,164.6280,0.0000,962.2280,194.6830,133.8590,0.0000,0.0000,1516.9060
2705,1,2,1,62.0430,254.4800,0.0000,977.4150,207.1140,145.4700,0.0000,0.0000,1646.5220
2706,1,2,1,64.8060,173.2430,0.0000,974.4120,196.2640,138.6700,0.0000,0.0000,1547.3950
2707,1,2,1,62.9790,168.8130,0.0000,964.2710,193.8960,135.1940,0.0000,0.0000,1525.1530
2708,1,2,1,62.1040,164.5660,0.0000,971.4400,193.6620,136.3700,0.0000,0.0000,1528.1420
2709,1,2,1,61.4150,166.6150,0.0000,966.3750,193.8520,134.8130,0.0000,0.0000,1523.0700
2710,1,2,1,61.4900,165.1070,0.0000,970.9050,193.2120,134.3570,0.0000,0.0000,1525.0710
2711,1,2,1,62.9790,222.0430,0.0000,976.7020,207.4090,143.3900,0.0000,0.0000,1612.5230
2712,1,2,1,62.2460,170.8370,0.0000,969.8830,200.7940,136.2700,0.0000,0.0000,1540.0300
2713,1,2,1,69.5510,174.0740,0.0000,974.6090,198.7390,139.9260,0.0000,0.0000,1556.8990
2714,1,2,1,61.1380,166.3870,0.0000,968.2580,197.4400,137.9570,0.0000,0.0000,1531.1800
2715,1,2,1,62.9350,166.7330,0.0000,969.4520,196.0070,134.5850,0.0000,0.0000,1529.7120
2716,1,2,1,63.0830,164.4670,0.0000,966.8800,196.5050,135.8700,0.0000,0.0000,1526.8050
2717,0,2,0,62.7630,246.1230,0.0000,984.2160,218.2830,147.1510,0.0000,0.0000,1658.5360
2718,1,2,1,66.4980,174.1850,0.0000,975.2130,200.6520,138.4180,0.0000,0.0000,1554.9660
2719,1,2,1,64.2520,168.4310,0.0000,965.4830,195.9010,137.6370,0.0000,0.0000,1531.7040
2720,1,2,1,61.4220,167.1080,0.0000,968.3070,193.3780,136.6400,0.0000,0.0000,1526.8550
2721,1,2,1,63.4520,164.5350,0.0000,971.1510,192.8070,136.2640,0.0000,0.0000,1528.2090
2722,1,2,1,62.2950,167.5510,0.0000,971.1440,194.4360,136.6590,0.0000,0.0000,1532.0850
2723,1,2,1,61.1820,218.2640,0.0000,975.4150,217.3230,141.6740,0.0000,0.0000,1613.8580
2724,1,2,1,63.6430,171.7970,0.0000,970.7200,199.8160,138.1720,0.0000,0.0000,1544.1480
2725,1,2,1,62.8800,167.6610,0.0000,972.9600,195.4520,134.6530,0.0000,0.0000,1533.6060
2726,1,2,1,61.7350,166.8800,0.0000,968.4190,195.6730,133.1380,0.0000,0.0000,1525.8450
2727,0,2,0,62.5850,166.6960,0.0000,970.9290,194.3750,136.0680,0.0000,0.0000,1530.6530
2728,1,2,1,61.2120,166.4430,0.0000,967.7730,194.2220,134.1850,0.0000,0.0000,1523.8350
2729,1,2,1,61.6800,165.4330,0.0000,962.2900,224.6210,147.8640,0.0000,0.0000,1561.8880
2730,1,2,1,67.6430,180.1780,0.0000,975.2300,201.4220,138.9600,0.0000,0.0000,1563.4330
2731,0,2,0,63.4890,168.9170,0.0000,969.9630,197.4150,136.5540,0.0000,0.0000,1536.3380
2732,1,2,1,64.9670,167.4270,0.0000,969.3910,197.6620,135.8830,0.0000,0.0000,1535.3300
2733,1,2,1,61.7660,167.6180,0.0000,968.7760,193.6860,135.3420,0.0000,0.0000,1527.1880
2734,1,2,1,61.8220,166.3390,0.0000,967.7050,193.3970,134.6210,0.0000,0.0000,1523.8840
2735,1,2,1,63.0650,165.2920,0.0000,961.6250,214.4980,143.2310,0.0000,0.0000,1547.7110
2736,1,2,1,64.7380,170.8430,0.0000,972.8800,200.3640,138.6090,0.0000,0.0000,1547.4340
2737,1,2,1,63.0030,167.7110,0.0000,970.8240,194.8550,134.7130,0.0000,0.0000,1531.1060
2738,1,2,1,62.5410,164.3880,0.0000,968.3080,194.3930,135.3110,0.0000,0.0000,1524.9410
2739,1,2,1,63.2550,163.9940,0.0000,967.3970,193.9320,134.9470,0.0000,0.0000,1523.5250
2740,1,2,1,63.7840,163.7720,0.0000,965.1630,194.4180,133.2800,0.0000,0.0000,1520.4170
2741,1,2,1,62.3080,165.2740,0.0000,963.6740,207.5750,140.1350,0.0000,0.0000,1538.9660
2742,1,2,1,62.4370,169.5070,0.0000,973.5330,198.5840,136.4060,0.0000,0.0000,1540.4670
2743,1,2,1,63.6430,166.2640,0.0000,967.6250,194.5540,133.8460,0.0000,0.0000,1525.9320
2744,1,2,1,62.4920,164.5970,0.0000,964.8490,194.5420,135.3540,0.0000,0.0000,1521.8340
2745,1,2,0,61.2680,165.3480,0.0000,967.6060,194.5840,137.4890,0.0000,0.0000,1526.2950
2746,1,2,1,61.2920,164.6400,0.0000,967.7230,194.3760,134.0870,0.0000,0.0000,1522.1180
2747,1,2,0,62.3510,165.3410,0.0000,962.0240,211.2370,143.1510,0.0000,0.0000,1544.1040
2748,1,2,0,66.7330,171.2060,0.0000,972.7690,198.0560,137.2310,0.0000,0.0000,1545.9950
2749,1,2,1,62.5910,167.2060,0.0000,970.4860,196.7940,137.2060,0.0000,0.0000,1534.2830
2750,1,2,1,61.4590,165.8520,0.0000,966.3940,193.6430,135.3900,0.0000,0.0000,1522.7380
2751,1,2,1,63.3290,165.5940,0.0000,960.9350,244.8000,157.1940,0.0000,0.0000,1591.8520
2752,1,2,1,66.0000,180.2960,0.0000,975.4150,202.8500,141.9390,0.0000,0.0000,1566.5000
2753,1,2,1,65.1380,172.4980,0.0000,973.4210,219.4280,143.0210,0.0000,0.0000,1573.5060
2754,1,2,1,66.0000,174.4250,0.0000,975.2060,199.8770,139.3540,0.0000,0.0000,1554.8620
2755,1,2,1,64.1110,168.0370,0.0000,970.1850,192.9970,137.0770,0.0000,0.0000,1532.4070
2756,1,2,1,63.1390,165.5760,0.0000,968.5600,195.6740,135.9080,0.0000,0.0000,1528.8570
2757,1,2,1,61.9510,166.6090,0.0000,969.2300,192.7080,133.2560,0.0000,0.0000,1523.7540
2758,1,2,0,63.4460,166.1230,0.0000,967.5940,194.7880,134.4550,0.0000,0.0000,1526.4060
2759,1,2,1,61.8220,164.7630,0.0000,969.4280,206.9720,139.5750,0.0000,0.0000,1542.5600
2760,1,2,1,63.2430,168.9350,0.0000,970.1050,195.1080,138.8190,0.0000,0.0000,1536.2100
2761,1,2,1,61.7350,165.9940,0.0000,966.9230,196.2830,136.0000,0.0000,0.0000,1526.9350
2762,1,2,1,62.0240,165.3480,0.0000,968.0250,194.8120,135.8150,0.0000,0.0000,1526.0240
2763,1,2,1,62.1790,165.0160,0.0000,967.8400,194.0060,134.7940,0.0000,0.0000,1523.8350
2764,1,2,1,62.0920,165.8900,0.0000,965.4270,193.1940,132.7440,0.0000,0.0000,1519.3470
2765,1,2,1,59.6060,165.0400,0.0000,965.4640,240.5420,137.6310,0.0000,0.0000,1568.2830
2766,1,2,0,62.1160,167.5270,0.0000,969.3170,193.1070,137.3470,0.0000,0.0000,1529.4140
2767,1,2,1,62.3570,167.1820,0.0000,970.2460,192.9790,135.6920,0.0000,0.0000,1528.4560
2768,0,2,0,61.8830,165.3110,0.0000,968.7270,194.2460,131.7350,0.0000,0.0000,1521.9020
2769,1,2,1,61.7790,164.6890,0.0000,968.2530,192.4190,133.5010,0.0000,0.0000,1520.6410
2770,1,2,1,61.0030,164.3690,0.0000,965.6740,193.7480,135.7410,0.0000,0.0000,1520.5350
2771,1,2,1,62.5170,165.1390,0.0000,966.6830,193.8830,142.9360,0.0000,0.0000,1531.1580
2772,1,2,1,62.9110,171.5080,0.0000,966.7260,195.2550,134.4000,0.0000,0.0000,1530.8000
2773,1,2,1,62.7700,166.0740,0.0000,970.1910,194.0550,136.3200,0.0000,0.0000,1529.4100
2774,1,2,1,62.6460,165.8830,0.0000,968.0430,195.2190,136.0120,0.0000,0.0000,1527.8030
2775,1,2,1,61.0400,165.4580,0.0000,963.7050,197.8100,134.3070,0.0000,0.0000,1522.3200
2776,1,2,1,60.4920,163.9390,0.0000,968.8490,193.2800,135.1810,0.0000,0.0000,1521.7410
2777,1,2,1,61.7910,165.8830,0.0000,967.4700,195.6310,134.8310,0.0000,0.0000,1525.6060
2778,1,2,1,69.9140,171.2070,0.0000,972.4620,195.7350,136.7760,0.0000,0.0000,1546.0940
2779,1,2,1,62.4490,167.4640,0.0000,965.9450,193.8580,134.6650,0.0000,0.0000,1524.3810
2780,1,2,1,62.8860,165.7230,0.0000,965.2800,194.4680,135.9570,0.0000,0.0000,1524.3140
2781,1,2,1,61.7170,166.9420,0.0000,964.4370,194.3080,134.7630,0.0000,0.0000,1522.1670
2782,0,2,0,63.0090,165.4950,0.0000,973.2800,192.6950,135.9140,0.0000,0.0000,1530.3930
2783,1,2,1,61.2490,166.4670,0.0000,970.6030,192.0800,134.5900,0.0000,0.0000,1524.9890
2784,1,2,1,61.1380,205.8150,0.0000,969.1010,196.8620,139.3660,0.0000,0.0000,1572.2820
2785,1,2,1,62.3020,167.3910,0.0000,964.4860,195.8150,135.6870,0.0000,0.0000,1525.6810
2786,1,2,1,62.2090,165.0270,0.0000,966.5720,193.6240,136.3510,0.0000,0.0000,1523.7830
2787,1,2,1,60.8250,165.8710,0.0000,972.1420,191.5320,133.0640,0.0000,0.0000,1523.4340
2788,1,2,1,61.9140,164.4560,0.0000,967.2430,193.6670,132.2590,0.0000,0.0000,1519.5390
2789,1,2,1,60.2650,164.6760,0.0000,969.8830,193.2190,135.0710,0.0000,0.0000,1523.1140
2790,1,2,1,60.1230,163.2370,0.0000,962.9170,204.8560,140.9600,0.0000,0.0000,1532.0930
2791,0,2,0,62.2530,169.6250,0.0000,969.2430,196.0860,138.4000,0.0000,0.0000,1535.6070
2792,1,2,1,62.2100,166.9110,0.0000,969.7100,195.8890,135.7470,0.0000,0.0000,1530.4670
2793,0,2,0,61.2430,166.0740,0.0000,968.9050,194.3070,134.6590,0.0000,0.0000,1525.1880
2794,1,2,1,60.8860,166.0680,0.0000,965.1760,193.8100,133.9880,0.0000,0.0000,1519.9280
2795,1,2,1,60.7140,165.0520,0.0000,964.7200,192.1600,132.8130,0.0000,0.0000,1515.4590
2796,1,2,1,61.7350,165.7170,0.0000,965.8590,203.0640,138.4620,0.0000,0.0000,1534.8370
2797,1,2,1,62.7630,169.1330,0.0000,970.9100,196.8800,134.9970,0.0000,0.0000,1534.6830
2798,1,2,1,62.2950,164.2210,0.0000,969.7900,195.4530,134.5730,0.0000,0.0000,1526.3320
2799,1,2,1,61.1020,164.8550,0.0000,965.9080,192.3070,134.4930,0.0000,0.0000,1518.6650
2800,1,2,1,61.1510,163.3970,0.0000,966.3500,193.2920,133.5870,0.0000,0.0000,1517.7770
2801,1,2,1,60.6950,165.7420,0.0000,970.4310,193.1320,135.5510,0.0000,0.0000,1525.5510
2802,0,2,0,62.2710,165.9510,0.0000,972.1110,236.2770,153.7900,0.0000,0.0000,1590.4000
2803,1,2,1,67.8770,176.9420,0.0000,974.0860,204.3010,140.7390,0.0000,0.0000,1563.9450
2804,1,2,1,63.3040,169.0090,0.0000,970.9290,195.2250,137.7050,0.0000,0.0000,1536.1720
2805,1,2,1,62.2400,167.0090,0.0000,966.7630,193.5450,136.7940,0.0000,0.0000,1526.3510
2806,1,2,1,63.0650,165.3040,0.0000,966.4060,194.1290,135.1630,0.0000,0.0000,1524.0670
2807,1,2,1,62.5110,164.5410,0.0000,967.6920,195.6920,135.4090,0.0000,0.0000,1525.8450
2808,1,2,1,62.4000,162.7690,0.0000,965.3660,208.9970,142.0980,0.0000,0.0000,1541.6300
2809,1,2,1,63.8090,170.7510,0.0000,966.8000,196.5170,138.1350,0.0000,0.0000,1536.0120
2810,0,2,1,61.6990,167.9560,0.0000,964.9230,196.9230,135.3050,0.0000,0.0000,1526.8060
2811,1,2,1,62.6580,164.5970,0.0000,971.2920,194.3820,134.9290,0.0000,0.0000,1527.8580
2812,1,2,1,61.1510,164.1540,0.0000,964.5540,192.7880,135.7110,0.0000,0.0000,1518.3580
2813,1,2,1,61.5820,166.9360,0.0000,966.4430,191.6680,135.6670,0.0000,0.0000,1522.2960
2814,1,2,1,62.6770,166.0610,0.0000,974.2400,205.0460,139.4520,0.0000,0.0000,1547.4760
2815,1,2,1,61.7170,169.4090,0.0000,970.6340,197.3850,135.4340,0.0000,0.0000,1534.5790
2816,1,2,0,62.5530,167.6060,0.0000,967.6190,192.8920,135.0460,0.0000,0.0000,1525.7160
2817,1,2,1,60.3510,165.6190,0.0000,966.1780,194.0800,135.3050,0.0000,0.0000,1521.5330
2818,1,2,1,62.6090,164.5530,0.0000,967.2610,195.9200,135.1320,0.0000,0.0000,1525.4750
2819,1,2,1,61.9020,165.7600,0.0000,970.6710,195.0770,135.1260,0.0000,0.0000,1528.5360
2820,0,2,0,61.8710,164.6280,0.0000,968.6340,246.1540,139.7970,0.0000,0.0000,1581.0840
2821,1,2,1,63.5200,169.9450,0.0000,970.2460,194.7330,136.4250,0.0000,0.0000,1534.8690
2822,1,2,1,64.7440,165.9940,0.0000,972.6210,194.6030,135.2490,0.0000,0.0000,1533.2110
2823,1,2,1,60.5910,164.3810,0.0000,967.3660,195.1940,134.7630,0.0000,0.0000,1522.2950
2824,1,2,1,61.4830,165.3600,0.0000,965.5750,194.7630,132.2220,0.0000,0.0000,1519.4030
2825,1,2,1,61.9200,165.6500,0.0000,969.1260,195.7170,135.6190,0.0000,0.0000,1528.0320
2826,0,2,0,61.8710,164.9170,0.0000,967.2870,193.4460,192.0610,0.0000,0.0000,1579.5820
2827,0,2,0,62.9780,171.3300,0.0000,967.0280,196.6580,139.5630,0.0000,0.0000,1537.5570
2828,1,2,1,62.5540,166.0800,0.0000,969.8340,195.5570,135.1320,0.0000,0.0000,1529.1570
2829,1,2,1,62.4560,166.3260,0.0000,969.5750,196.6470,136.3690,0.0000,0.0000,1531.3730
2830,0,2,0,62.9110,166.4560,0.0000,967.7660,193.6800,136.6030,0.0000,0.0000,1527.4160
2831,1,2,1,61.2250,164.1600,0.0000,963.7360,193.6800,134.8920,0.0000,0.0000,1517.6930
2832,1,2,1,61.7600,164.7690,0.0000,970.4120,194.2030,134.9780,0.0000,0.0000,1526.1220
2833,1,2,1,104.0430,170.7940,0.0000,970.7010,198.8860,136.5470,0.0000,0.0000,1580.9710
2834,1,2,1,63.2430,164.4980,0.0000,969.9440,194.3260,136.4000,0.0000,0.0000,1528.4110
2835,1,2,1,62.7080,164.9670,0.0000,968.4000,194.6280,134.3020,0.0000,0.0000,1525.0050
2836,1,2,1,61.5020,164.3080,0.0000,967.9320,194.1420,135.5270,0.0000,0.0000,1523.4110
2837,1,2,1,60.6960,164.9110,0.0000,971.4640,194.2640,135.1570,0.0000,0.0000,1526.4920
2838,1,2,1,60.7820,166.4060,0.0000,967.3040,192.7260,133.9570,0.0000,0.0000,1521.1750
2839,1,2,1,62.2890,215.4220,0.0000,973.1690,200.4000,136.0860,0.0000,0.0000,1587.3660
2840,1,2,1,62.0860,166.1850,0.0000,972.5420,195.7230,135.0100,0.0000,0.0000,1531.5460
2841,0,2,1,61.1810,166.2460,0.0000,965.4030,194.0680,136.0920,0.0000,0.0000,1522.9900
2842,1,2,1,62.7070,165.5320,0.0000,973.1330,191.3850,134.5170,0.0000,0.0000,1527.2740
2843,1,2,1,61.7170,166.9420,0.0000,968.0730,194.2640,135.2930,0.0000,0.0000,1526.2890
2844,1,2,1,61.8030,164.9230,0.0000,968.2400,194.1170,136.8620,0.0000,0.0000,1525.9450
2845,1,2,1,61.5200,164.0550,0.0000,970.9660,198.9600,138.0430,0.0000,0.0000,1533.5440
2846,1,2,1,62.4190,165.8770,0.0000,969.0830,193.8890,136.4000,0.0000,0.0000,1527.6680
2847,1,2,1,62.1110,165.6060,0.0000,970.2470,193.2680,136.3010,0.0000,0.0000,1527.5330
2848,1,2,0,63.4580,163.4650,0.0000,966.8060,193.5200,135.8710,0.0000,0.0000,1523.1200
2849,1,2,1,62.4120,166.9850,0.0000,966.0490,195.2250,135.3170,0.0000,0.0000,1525.9880
2850,1,2,1,62.0000,163.2120,0.0000,969.7850,193.4210,134.2950,0.0000,0.0000,1522.7130
2851,1,2,1,61.8090,163.0830,0.0000,962.7140,204.5290,138.5540,0.0000,0.0000,1530.6890
2852,1,2,1,62.2950,170.3130,0.0000,967.0340,196.5660,136.1790,0.0000,0.0000,1532.3870
2853,0,2,0,62.7440,165.9570,0.0000,964.7940,196.5480,136.0920,0.0000,0.0000,1526.1350
2854,1,2,0,62.0800,166.1790,0.0000,969.7970,192.0300,134.9290,0.0000,0.0000,1525.0150
2855,1,2,1,62.6700,164.4800,0.0000,965.6990,191.9630,134.5050,0.0000,0.0000,1519.3170
2856,1,2,1,63.2000,165.1810,0.0000,967.5820,193.2500,133.5510,0.0000,0.0000,1522.7640
2857,1,2,1,61.9020,165.6680,0.0000,968.9160,201.8150,135.4710,0.0000,0.0000,1533.7720
2858,0,2,0,62.5230,167.8340,0.0000,972.0070,193.9390,134.4740,0.0000,0.0000,1530.7770
2859,1,2,0,63.0830,165.1750,0.0000,967.4700,195.2560,134.8980,0.0000,0.0000,1525.8820
2860,1,2,1,61.3720,164.9290,0.0000,966.0670,192.5410,136.3880,0.0000,0.0000,1521.2970
2861,1,2,1,61.9880,165.7230,0.0000,969.6430,194.7320,135.5690,0.0000,0.0000,1527.6550
2862,1,2,1,62.0370,167.7300,0.0000,967.2060,194.7080,135.8830,0.0000,0.0000,1527.5640
2863,1,2,0,62.7140,166.8800,0.0000,967.1440,202.7690,139.0100,0.0000,0.0000,1538.5170
2864,1,2,1,62.0800,166.9600,0.0000,967.1070,195.4830,133.4090,0.0000,0.0000,1525.0390
2865,1,2,1,62.4310,165.3900,0.0000,970.9420,193.7170,135.5880,0.0000,0.0000,1528.0680
2866,1,2,1,62.4490,165.0710,0.0000,966.4800,192.5780,136.3760,0.0000,0.0000,1522.9540
2867,1,2,1,61.1200,165.8520,0.0000,969.7290,194.3450,135.4530,0.0000,0.0000,1526.4990
2868,1,2,1,62.3570,165.2930,0.0000,968.9600,196.2150,136.1600,0.0000,0.0000,1528.9850
2869,1,2,1,61.2610,162.8060,0.0000,1025.6990,200.1360,139.1080,0.0000,0.0000,1589.0100
2870,1,2,1,61.5880,168.5670,0.0000,969.4460,194.8980,136.0990,0.0000,0.0000,1530.5980
2871,0,2,0,60.5230,163.8030,0.0000,970.6460,193.2310,135.4890,0.0000,0.0000,1523.6920
2872,1,2,1,61.6430,164.9850,0.0000,970.3140,194.5910,134.9290,0.0000,0.0000,1526.4620
2873,1,2,1,61.0090,164.5420,0.0000,967.7350,193.9690,134.5780,0.0000,0.0000,1521.8330
2874,1,2,1,63.0340,165.2180,0.0000,964.5790,192.4980,135.8270,0.0000,0.0000,1521.1560
2875,1,2,1,61.3420,163.4150,0.0000,966.8860,234.0250,136.1100,0.0000,0.0000,1561.7780
2876,1,2,0,62.5840,171.1690,0.0000,968.2830,195.1200,137.6800,0.0000,0.0000,1534.8360
2877,1,2,1,61.7110,165.6550,0.0000,967.2120,193.6430,134.0240,0.0000,0.0000,1522.2450
2878,0,2,0,61.0280,165.4090,0.0000,964.8250,193.1140,135.0150,0.0000,0.0000,1519.3910
2879,0,2,0,61.3100,165.0580,0.0000,965.5260,194.6090,135.0220,0.0000,0.0000,1521.5250
2880,0,2,1,61.1940,163.3900,0.0000,968.5600,193.8460,133.6620,0.0000,0.0000,1520.6520
2881,1,2,1,61.7970,166.4430,0.0000,967.2370,192.6710,176.4860,0.0000,0.0000,1564.6340
2882,1,2,0,68.1600,167.7720,0.0000,967.2980,197.0700,137.2000,0.0000,0.0000,1537.5000
2883,1,2,1,62.2770,166.7570,0.0000,967.4030,194.7930,135.5630,0.0000,0.0000,1526.7930
2884,1,2,1,61.1380,165.2120,0.0000,969.4340,195.6930,135.2250,0.0000,0.0000,1526.7020
2885,1,2,1,62.9850,166.5040,0.0000,966.9100,193.8830,134.6640,0.0000,0.0000,1524.9460
2886,0,2,0,60.3140,166.4060,0.0000,966.5470,195.9510,136.3330,0.0000,0.0000,1525.5510
2887,1,2,1,61.7410,164.5600,0.0000,976.0680,193.7540,135.5690,0.0000,0.0000,1531.6920
2888,1,2,1,62.3690,210.7440,0.0000,970.8440,199.4280,138.3140,0.0000,0.0000,1581.6990
2889,1,2,1,62.4310,166.6150,0.0000,967.9940,196.7080,134.9290,0.0000,0.0000,1528.6770
2890,0,2,0,62.5290,167.1020,0.0000,964.0860,195.5630,135.8150,0.0000,0.0000,1525.0950
2891,1,2,1,62.0800,164.4920,0.0000,967.8280,196.3380,135.5500,0.0000,0.0000,1526.2880
2892,1,2,1,63.2490,165.2120,0.0000,968.7940,193.9270,135.0150,0.0000,0.0000,1526.1970
2893,1,2,1,61.7540,165.0830,0.0000,974.4860,192.9480,133.6240,0.0000,0.0000,1527.8950
2894,1,2,1,61.8770,164.1910,0.0000,1009.5940,200.8430,136.2400,0.0000,0.0000,1572.7450
2895,1,2,1,63.7900,167.4830,0.0000,968.8060,197.5320,135.9390,0.0000,0.0000,1533.5500
2896,1,2,1,61.3170,166.7810,0.0000,970.1840,193.3600,136.4860,0.0000,0.0000,1528.1280
2897,1,2,1,61.9380,165.4710,0.0000,968.7020,195.9810,132.0430,0.0000,0.0000,1524.1350
2898,1,2,1,60.4990,164.1910,0.0000,969.2190,196.4740,135.4770,0.0000,0.0000,1525.8600
2899,1,2,1,61.5330,164.5100,0.0000,968.5910,193.4770,134.5720,0.0000,0.0000,1522.6830
2900,0,2,0,63.0700,164.3130,0.0000,967.4830,208.1600,137.6060,0.0000,0.0000,1540.6320
2901,1,2,1,63.6550,169.2860,0.0000,971.8280,195.2980,135.6120,0.0000,0.0000,1535.6790
2902,0,2,0,62.8610,165.9930,0.0000,966.0860,193.3360,134.2400,0.0000,0.0000,1522.5160
2903,1,2,1,60.7630,166.7260,0.0000,968.0990,194.1910,136.9410,0.0000,0.0000,1526.7200
2904,0,2,0,62.0190,165.1880,0.0000,966.8670,193.5130,135.5080,0.0000,0.0000,1523.0950
2905,1,2,0,62.1540,163.4960,0.0000,967.1820,193.0150,135.2500,0.0000,0.0000,1521.0970
2906,1,2,1,61.6860,166.2160,0.0000,973.3540,203.1080,136.6150,0.0000,0.0000,1540.9790
2907,1,2,1,64.0310,169.3780,0.0000,965.3110,193.8400,135.8210,0.0000,0.0000,1528.3810
2908,1,2,1,61.8030,166.5100,0.0000,971.6190,193.3790,134.5410,0.0000,0.0000,1527.8520
2909,1,2,1,62.1660,164.8920,0.0000,968.4490,194.6460,134.4800,0.0000,0.0000,1524.6330
2910,1,2,1,60.2770,164.0430,0.0000,966.9970,194.0800,135.3840,0.0000,0.0000,1520.7810
2911,1,2,0,62.1170,164.4370,0.0000,964.7820,193.8580,132.9900,0.0000,0.0000,1518.1840
2912,1,2,1,59.6920,164.7330,0.0000,972.0060,200.7690,137.3300,0.0000,0.0000,1534.5300
2913,1,2,1,63.7410,167.4160,0.0000,966.0740,196.5540,135.3480,0.0000,0.0000,1529.1330
2914,1,2,1,61.4650,166.0490,0.0000,966.2710,194.4490,136.6340,0.0000,0.0000,1524.8680
2915,0,2,0,62.0060,164.8060,0.0000,971.2490,195.0270,133.3850,0.0000,0.0000,1526.4730
2916,0,2,0,62.0000,165.7970,0.0000,968.4300,194.8620,134.2770,0.0000,0.0000,1525.3660
2917,1,2,1,61.1200,165.6490,0.0000,969.9390,194.3080,134.9720,0.0000,0.0000,1525.9880
2918,0,2,1,61.5260,164.4180,0.0000,974.1480,203.0340,138.6030,0.0000,0.0000,1541.7290
2919,1,2,1,62.8550,166.7940,0.0000,966.7630,194.9660,134.1300,0.0000,0.0000,1525.5080
2920,0,2,0,61.6440,164.6460,0.0000,967.5070,194.9850,138.5040,0.0000,0.0000,1527.2860
2921,1,2,1,60.1410,165.8400,0.0000,970.3760,193.2240,136.0130,0.0000,0.0000,1525.5940
2922,1,2,1,60.6460,164.1730,0.0000,970.6520,193.2060,136.5480,0.0000,0.0000,1525.2250
2923,1,2,1,63.6990,163.1870,0.0000,965.9630,195.8770,134.2710,0.0000,0.0000,1522.9970
2924,1,2,1,62.7880,164.3820,0.0000,968.9720,237.8710,136.8610,0.0000,0.0000,1570.8740
2925,1,2,1,62.8120,168.8610,0.0000,969.6740,196.6210,135.0770,0.0000,0.0000,1533.0450
2926,1,2,1,62.3140,166.2710,0.0000,969.7420,194.4430,134.7870,0.0000,0.0000,1527.5570
2927,0,2,0,60.6580,165.8090,0.0000,971.2070,193.9260,135.3850,0.0000,0.0000,1526.9850
2928,1,2,1,62.3880,165.9870,0.0000,964.4370,194.7880,135.2980,0.0000,0.0000,1522.8980
2929,1,2,1,62.6330,167.4830,0.0000,970.3450,194.2460,134.5300,0.0000,0.0000,1529.2370
2930,1,2,1,60.5540,163.7670,0.0000,968.6160,194.2030,179.1200,0.0000,0.0000,1566.2600
2931,1,2,1,62.6340,169.6740,0.0000,968.4930,195.5760,136.5470,0.0000,0.0000,1532.9240
2932,1,2,1,62.7820,166.2400,0.0000,966.8980,192.2770,134.9720,0.0000,0.0000,1523.1690
2933,0,2,0,61.6310,164.6950,0.0000,969.9260,192.8680,134.7510,0.0000,0.0000,1523.8710
2934,1,2,1,62.5530,164.3130,0.0000,967.7050,194.8120,134.0620,0.0000,0.0000,1523.4450
2935,0,2,0,61.7470,165.1440,0.0000,963.9750,193.1140,136.2270,0.0000,0.0000,1520.2070
2936,0,2,0,61.1380,164.6030,0.0000,964.9660,195.1450,135.7290,0.0000,0.0000,1521.5810
2937,0,2,0,62.8500,232.0310,0.0000,968.4000,199.0460,139.3600,0.0000,0.0000,1601.6870
2938,0,2,0,62.3810,168.2150,0.0000,965.0650,196.4740,134.8360,0.0000,0.0000,1526.9710
2939,1,2,1,62.6650,165.5440,0.0000,968.7810,192.6460,132.1720,0.0000,0.0000,1521.8080
2940,1,2,1,62.5040,166.4060,0.0000,965.3600,195.0460,135.0520,0.0000,0.0000,1524.3680
2941,0,2,0,62.0920,164.8180,0.0000,962.5360,193.6680,134.5110,0.0000,0.0000,1517.6250
2942,1,2,1,63.7540,165.1440,0.0000,964.7570,194.3140,134.7690,0.0000,0.0000,1522.7380
2943,1,2,1,61.2490,166.6210,0.0000,972.9840,200.7690,136.7940,0.0000,0.0000,1538.4170
2944,1,2,1,62.5040,164.6950,0.0000,967.3730,195.0400,133.2250,0.0000,0.0000,1522.8370
2945,0,2,1,62.5170,165.6060,0.0000,968.7630,194.1170,135.4960,0.0000,0.0000,1526.4990
2946,1,2,1,62.3320,165.1010,0.0000,966.8800,192.4500,135.3790,0.0000,0.0000,1522.1420
2947,1,2,1,62.5720,164.3140,0.0000,965.9200,196.2520,133.4220,0.0000,0.0000,1522.4800
2948,1,2,1,61.1020,165.0090,0.0000,970.3010,194.7500,136.9230,0.0000,0.0000,1528.0850
2949,1,2,1,60.6950,167.1380,0.0000,974.3080,220.0800,149.3780,0.0000,0.0000,1571.5990
2950,1,2,0,66.6890,174.5170,0.0000,965.8840,200.3880,139.2670,0.0000,0.0000,1546.7450
2951,1,2,1,63.4100,169.4280,0.0000,970.1230,195.8650,138.2710,0.0000,0.0000,1537.0970
2952,1,2,1,62.3200,166.1540,0.0000,971.1200,195.4270,134.6460,0.0000,0.0000,1529.6670
2953,1,2,1,62.7330,167.4340,0.0000,969.7540,196.2640,134.4490,0.0000,0.0000,1530.6340
2954,1,2,1,61.8400,167.5810,0.0000,968.4980,194.6580,135.0100,0.0000,0.0000,1527.5870
2955,1,2,1,62.3020,163.4520,0.0000,969.3600,206.9040,139.5630,0.0000,0.0000,1541.5810
2956,1,2,1,63.1560,169.4150,0.0000,970.6580,194.4300,136.8370,0.0000,0.0000,1534.4960
2957,1,2,1,62.5480,165.7470,0.0000,967.9320,197.2430,134.6770,0.0000,0.0000,1528.1470
2958,1,2,1,61.8340,165.4830,0.0000,965.2430,193.7850,134.6580,0.0000,0.0000,1521.0030
2959,1,2,1,60.7570,164.6640,0.0000,964.9790,194.6090,134.2400,0.0000,0.0000,1519.2490
2960,1,2,1,60.9110,166.4860,0.0000,965.7790,194.1230,134.2650,0.0000,0.0000,1521.5640
2961,1,2,1,60.9360,161.5700,0.0000,967.8400,202.6470,137.8640,0.0000,0.0000,1530.8570
2962,1,2,1,62.3880,168.0060,0.0000,968.4000,198.5600,136.8000,0.0000,0.0000,1534.1540
2963,1,2,1,62.7570,166.2580,0.0000,969.7660,195.2740,134.3880,0.0000,0.0000,1528.4430
2964,1,2,1,60.5720,165.7350,0.0000,971.2430,194.5780,135.9630,0.0000,0.0000,1528.0910
2965,1,2,1,60.4920,165.6990,0.0000,969.5630,195.4270,134.3810,0.0000,0.0000,1525.5620
2966,1,2,1,62.5110,166.2160,0.0000,970.3200,194.8800,133.0280,0.0000,0.0000,1526.9550
2967,1,2,1,62.0800,163.8520,0.0000,971.2800,201.3540,136.8240,0.0000,0.0000,1535.3900
2968,1,2,1,62.5970,165.6860,0.0000,970.0120,195.1630,136.2030,0.0000,0.0000,1529.6610
2969,1,2,1,61.5330,165.1570,0.0000,967.7290,196.1600,132.7510,0.0000,0.0000,1523.3300
2970,1,2,1,60.9110,166.2890,0.0000,967.0710,193.2560,135.7230,0.0000,0.0000,1523.2500
2971,1,2,0,61.0900,166.1230,0.0000,971.2000,194.6270,134.4180,0.0000,0.0000,1527.4580
2972,1,2,1,60.9420,165.7720,0.0000,969.8030,194.0250,134.7870,0.0000,0.0000,1525.3290
2973,0,2,0,63.1260,165.2000,0.0000,1013.1570,203.5080,136.8860,0.0000,0.0000,1581.8770
2974,1,2,1,64.6520,169.7350,0.0000,969.3730,195.9570,134.1050,0.0000,0.0000,1533.8220
2975,1,2,1,62.2400,165.7470,0.0000,967.4950,196.8680,134.2520,0.0000,0.0000,1526.6020
2976,1,2,1,62.3140,165.8330,0.0000,968.1050,192.2890,134.6900,0.0000,0.0000,1523.2310
2977,1,2,1,60.7390,167.7660,0.0000,969.4830,194.4800,136.9410,0.0000,0.0000,1529.4090
2978,1,2,1,61.9570,164.3630,0.0000,969.0090,195.7360,134.9720,0.0000,0.0000,1526.0370
2979,1,2,1,61.8090,165.5640,0.0000,965.1510,234.0000,139.3480,0.0000,0.0000,1565.8720
2980,1,2,1,63.2060,168.2520,0.0000,969.0700,196.3690,137.3420,0.0000,0.0000,1534.2390
2981,0,2,0,63.7910,167.9630,0.0000,967.1390,195.4160,134.4370,0.0000,0.0000,1528.7460
2982,1,2,0,64.4800,164.9170,0.0000,967.8530,195.7540,133.9450,0.0000,0.0000,1526.9490
2983,1,2,1,61.4150,164.6210,0.0000,968.4800,193.3110,137.8590,0.0000,0.0000,1525.6860
2984,1,2,1,61.5010,165.1260,0.0000,966.4860,194.8310,134.9110,0.0000,0.0000,1522.8550
2985,1,2,1,60.5110,164.4000,0.0000,968.0800,191.6620,182.6340,0.0000,0.0000,1567.2870
2986,1,2,1,65.6240,172.7450,0.0000,966.9540,198.5410,136.2160,0.0000,0.0000,1540.0800
2987,1,2,1,62.0800,166.9360,0.0000,966.8860,194.1720,135.5880,0.0000,0.0000,1525.6620
2988,1,2,1,60.7070,163.0960,0.0000,969.5820,194.2830,136.1910,0.0000,0.0000,1523.8590
2989,1,2,1,62.3020,164.8920,0.0000,968.4370,193.9140,131.9070,0.0000,0.0000,1521.4520
2990,0,2,0,61.3970,163.5080,0.0000,969.8770,193.9510,134.1420,0.0000,0.0000,1522.8750
2991,1,2,1,61.9330,164.7690,0.0000,969.1870,192.1780,136.0800,0.0000,0.0000,1524.1470
2992,1,2,1,61.1390,210.9600,0.0000,969.7600,196.7020,135.4400,0.0000,0.0000,1574.0010
2993,1,2,1,62.1600,168.0560,0.0000,971.2740,196.4620,136.4130,0.0000,0.0000,1534.3650
2994,1,2,1,62.8310,165.0030,0.0000,966.5840,194.0060,135.6860,0.0000,0.0000,1524.1100
2995,1,2,1,63.2490,165.9320,0.0000,969.5140,195.1810,133.8650,0.0000,0.0000,1527.7410
2996,1,2,1,62.0670,166.6220,0.0000,971.1570,194.5230,135.4150,0.0000,0.0000,1529.7840
2997,1,2,0,60.5470,164.4370,0.0000,967.9810,194.7140,134.8310,0.0000,0.0000,1522.5100
2998,0,2,0,59.8400,165.0090,0.0000,1005.8280,200.6770,139.4460,0.0000,0.0000,1570.8000
2999,0,2,0,63.3910,168.8240,0.0000,971.2130,196.4000,136.7690,0.0000,0.0000,1536.5970
3000,1,2,1,89.9820,227.2670,0.0000,986.6770,220.2590,163.7420,0.0000,0.0000,1687.9270
3001,1,2,1,66.0610,181.6680,0.0000,972.2590,203.8580,139.3100,0.0000,0.0000,1563.1560
3002,0,2,0,64.4860,169.0640,0.0000,970.7750,194.4250,212.8740,0.0000,0.0000,1611.6240
3003,0,2,0,64.7640,178.4800,0.0000,974.0860,198.2400,139.2240,0.0000,0.0000,1554.7940
3004,1,2,1,62.2710,168.3570,0.0000,970.0550,195.0520,135.1260,0.0000,0.0000,1530.8610
3005,1,2,1,61.4520,166.5660,0.0000,967.8030,194.9290,134.5600,0.0000,0.0000,1525.3100
3006,1,2,1,61.7100,164.7140,0.0000,967.1140,194.3260,134.6710,0.0000,0.0000,1522.5350
3007,1,2,1,61.2980,164.6760,0.0000,967.0400,195.5820,133.7840,0.0000,0.0000,1522.3800
3008,1,2,1,61.8270,162.7450,0.0000,974.9290,194.1600,133.1320,0.0000,0.0000,1526.7930
3009,1,2,1,71.0650,173.9450,0.0000,972.3880,200.9350,138.0990,0.0000,0.0000,1556.4320
3010,0,2,0,64.1110,166.4370,0.0000,968.8430,197.6180,137.8640,0.0000,0.0000,1534.8730
3011,1,2,1,61.1760,165.5330,0.0000,967.5820,193.3540,136.8670,0.0000,0.0000,1524.5120
3012,0,2,0,61.7720,164.6590,0.0000,967.9200,194.5600,134.7330,0.0000,0.0000,1523.6440
3013,1,2,1,62.3510,165.2240,0.0000,965.8150,193.2860,135.9380,0.0000,0.0000,1522.6140
3014,1,2,1,61.2620,164.5170,0.0000,968.4000,191.7350,135.8090,0.0000,0.0000,1521.7230
3015,1,2,1,62.4550,216.9660,0.0000,972.6950,200.5540,140.6830,0.0000,0.0000,1593.3530
3016,1,2,1,64.0000,168.4000,0.0000,968.1910,195.4770,136.9410,0.0000,0.0000,1533.0090
3017,1,2,1,63.0830,166.1600,0.0000,966.1160,193.4400,136.5960,0.0000,0.0000,1525.3950
3018,1,2,1,63.0150,164.9230,0.0000,965.8400,194.9900,134.1170,0.0000,0.0000,1522.8850
3019,1,2,1,61.2180,164.9530,0.0000,967.8460,193.0770,135.3050,0.0000,0.0000,1522.3990
3020,0,2,0,61.0220,163.9630,0.0000,972.1540,192.8370,133.2430,0.0000,0.0000,1523.2190
3021,0,2,0,61.2180,165.0710,0.0000,1019.4770,203.7290,136.2400,0.0000,0.0000,1585.7350
3022,0,2,0,63.7360,167.8710,0.0000,968.3690,194.1540,134.4490,0.0000,0.0000,1528.5790
3023,1,2,1,62.9780,166.3200,0.0000,971.7600,193.2920,135.2740,0.0000,0.0000,1529.6240
3024,1,2,1,61.6060,165.9080,0.0000,965.3600,193.8400,133.7970,0.0000,0.0000,1520.5110
3025,1,2,1,60.0680,165.6120,0.0000,967.2310,192.1470,133.7420,0.0000,0.0000,1518.8000
3026,1,2,1,60.1230,165.6800,0.0000,967.6860,193.7660,134.1540,0.0000,0.0000,1521.4090
3027,1,2,1,61.6980,165.9880,0.0000,974.4190,202.7570,137.6430,0.0000,0.0000,1542.5050
3028,1,2,1,63.4900,168.3940,0.0000,967.8590,193.0770,133.4830,0.0000,0.0000,1526.3030
3029,1,2,1,61.2120,166.7200,0.0000,968.6710,195.5940,135.0150,0.0000,0.0000,1527.2120
3030,1,2,1,62.9850,164.9910,0.0000,971.7730,192.6830,135.7670,0.0000,0.0000,1528.1990
3031,1,2,1,62.0550,164.7570,0.0000,969.1760,193.4150,133.3480,0.0000,0.0000,1522.7510
3032,0,2,0,63.0590,164.5470,0.0000,971.0830,193.7600,134.5660,0.0000,0.0000,1527.0150
3033,1,2,1,60.4430,165.6430,0.0000,970.6030,199.2430,138.0130,0.0000,0.0000,1533.9450
3034,1,2,1,61.8460,165.7230,0.0000,968.0740,194.0430,136.2090,0.0000,0.0000,1525.8950
3035,1,2,1,64.0430,164.5790,0.0000,963.3660,195.8830,133.8150,0.0000,0.0000,1521.6860
3036,1,2,1,60.6830,167.7720,0.0000,967.4400,192.4740,135.7790,0.0000,0.0000,1524.1480
3037,1,2,1,61.3600,164.9040,0.0000,968.1850,194.2710,134.2220,0.0000,0.0000,1522.9420
3038,1,2,1,63.4580,164.1230,0.0000,967.6370,194.3940,133.4090,0.0000,0.0000,1523.0210
3039,1,2,1,61.8960,164.2830,0.0000,972.9790,200.6900,136.2030,0.0000,0.0000,1536.0510
3040,1,2,1,62.6590,167.6800,0.0000,967.9200,195.2800,134.6030,0.0000,0.0000,1528.1420
3041,1,2,1,62.4190,167.0770,0.0000,969.8090,195.5690,135.5570,0.0000,0.0000,1530.4310
3042,1,2,1,61.3540,166.0870,0.0000,967.8090,193.9820,135.2680,0.0000,0.0000,1524.5000
3043,1,2,1,63.6620,164.9050,0.0000,968.1230,195.7360,135.0460,0.0000,0.0000,1527.4720
3044,1,2,1,59.8580,166.4120,0.0000,965.5200,194.5600,134.0680,0.0000,0.0000,1520.4180
3045,1,2,1,60.6270,167.5940,0.0000,1039.2490,221.2920,147.2490,0.0000,0.0000,1636.0110
3046,1,2,1,64.3390,173.9940,0.0000,975.8460,197.4520,139.4340,0.0000,0.0000,1551.0650
3047,0,2,1,63.7290,167.9450,0.0000,964.2160,195.6980,137.3840,0.0000,0.0000,1528.9720
3048,0,2,0,62.8370,164.9840,0.0000,973.5260,195.1200,139.3900,0.0000,0.0000,1535.8570
3049,0,2,0,62.0930,166.9230,0.0000,967.4340,193.8960,135.9570,0.0000,0.0000,1526.3030
3050,1,2,1,60.7080,164.7630,0.0000,966.9910,192.8240,135.6000,0.0000,0.0000,1520.8860
3051,1,2,1,61.2980,163.2180,0.0000,1019.0700,202.5230,138.8250,0.0000,0.0000,1584.9340
3052,1,2,1,63.0090,167.7780,0.0000,969.7470,197.9140,135.2310,0.0000,0.0000,1533.6790
3053,1,2,1,61.4580,167.8030,0.0000,968.2150,195.1880,134.3260,0.0000,0.0000,1526.9900
3054,1,2,1,62.3930,167.1390,0.0000,966.5410,194.2460,134.7390,0.0000,0.0000,1525.0580
3055,1,2,1,62.0060,166.7880,0.0000,967.0460,194.7070,135.4640,0.0000,0.0000,1526.0110
3056,0,2,0,62.2340,165.3110,0.0000,964.7140,192.5050,132.5660,0.0000,0.0000,1517.3300
3057,0,2,0,61.4770,163.6980,0.0000,969.6920,233.2370,139.2310,0.0000,0.0000,1567.3350
3058,1,2,1,62.4120,169.9630,0.0000,968.0860,196.1410,135.9380,0.0000,0.0000,1532.5400
3059,1,2,1,62.9100,166.1420,0.0000,968.3380,193.6670,137.3110,0.0000,0.0000,1528.3680
3060,1,2,1,60.7200,163.7850,0.0000,965.2240,192.9600,134.6710,0.0000,0.0000,1517.3600
3061,1,2,1,62.0930,163.3970,0.0000,968.6590,194.1600,135.2980,0.0000,0.0000,1523.6070
3062,1,2,1,62.7260,165.3660,0.0000,965.8590,194.9900,136.7320,0.0000,0.0000,1525.6730
3063,1,2,1,62.1480,166.6890,0.0000,969.2060,193.3540,176.2530,0.0000,0.0000,1567.6500
3064,1,2,1,63.0340,170.2400,0.0000,970.4920,195.7230,135.6430,0.0000,0.0000,1535.1320
3065,1,2,1,61.6250,166.0980,0.0000,964.1850,192.2530,134.7630,0.0000,0.0000,1518.9240
3066,1,2,1,62.9720,165.8890,0.0000,968.7940,196.2160,135.8710,0.0000,0.0000,1529.7420
3067,0,2,0,61.7230,167.1200,0.0000,965.6800,193.8580,136.3510,0.0000,0.0000,1524.7320
3068,1,2,1,61.4830,163.7850,0.0000,965.6740,194.5730,136.2520,0.0000,0.0000,1521.7670
3069,1,2,1,60.7570,163.7290,0.0000,967.3470,192.8310,134.8000,0.0000,0.0000,1519.4640
3070,1,2,0,62.5170,213.9510,0.0000,970.9530,201.7100,142.0490,0.0000,0.0000,1591.1800
3071,1,2,1,62.9850,168.7760,0.0000,970.2830,196.0430,137.2860,0.0000,0.0000,1535.3730
3072,1,2,1,62.4920,166.6900,0.0000,968.9540,194.4190,135.5320,0.0000,0.0000,1528.0870
3073,1,2,1,60.5970,164.6830,0.0000,967.9380,193.5690,134.7010,0.0000,0.0000,1521.4880
3074,0,2,0,60.0490,165.3360,0.0000,967.0280,193.9750,136.8190,0.0000,0.0000,1523.2070
3075,1,2,1,63.1570,164.1790,0.0000,968.3260,195.6680,133.4520,0.0000,0.0000,1524.7820
3076,1,2,1,61.6190,164.5840,0.0000,970.6090,199.9130,138.0000,0.0000,0.0000,1534.7250
3077,1,2,1,61.2560,168.8680,0.0000,968.6150,195.6490,138.7380,0.0000,0.0000,1533.1260
3078,1,2,1,63.7720,165.6370,0.0000,967.2680,192.5730,135.1320,0.0000,0.0000,1524.3820
3079,1,2,1,61.5080,164.4070,0.0000,966.3200,193.7350,133.7970,0.0000,0.0000,1519.7670
3080,1,2,1,60.9290,163.0160,0.0000,964.7940,190.9840,134.2650,0.0000,0.0000,1513.9880
3081,0,2,0,62.0250,165.2490,0.0000,965.8640,193.0640,134.7570,0.0000,0.0000,1520.9590
3082,1,2,1,61.1450,163.1260,0.0000,968.5350,206.6090,139.7970,0.0000,0.0000,1539.2120
3083,0,2,0,62.5420,168.5230,0.0000,967.2860,194.4370,135.0770,0.0000,0.0000,1527.8650
3084,1,2,1,63.2550,165.3470,0.0000,968.3690,194.2030,135.7790,0.0000,0.0000,1526.9530
3085,1,2,1,63.7720,167.2980,0.0000,968.3690,193.6430,132.9540,0.0000,0.0000,1526.0360
3086,1,2,1,61.9130,164.9350,0.0000,968.8250,193.3910,136.0180,0.0000,0.0000,1525.0820
3087,1,2,1,61.5940,165.1020,0.0000,966.9420,196.0980,132.8490,0.0000,0.0000,1522.5850
3088,1,2,1,60.8240,164.6470,0.0000,972.6640,201.3470,138.5720,0.0000,0.0000,1538.0540
3089,1,2,1,61.8900,165.6620,0.0000,969.8650,196.0250,136.3070,0.0000,0.0000,1529.7490
3090,0,2,0,61.8650,166.9730,0.0000,971.6980,195.9640,134.5970,0.0000,0.0000,1531.0970
3091,0,2,0,62.1730,163.8280,0.0000,967.3410,196.1600,135.8270,0.0000,0.0000,1525.3290
3092,1,2,1,62.0250,164.6030,0.0000,971.0460,192.9230,134.4800,0.0000,0.0000,1525.0770
3093,1,2,1,61.7730,163.1320,0.0000,967.0150,193.9690,134.9670,0.0000,0.0000,1520.8560
3094,1,2,1,61.2740,163.6920,0.0000,970.4060,239.6550,171.4890,0.0000,0.0000,1606.5160
3095,1,2,1,81.2560,211.8460,0.0000,974.0800,256.7070,172.9480,0.0000,0.0000,1696.8370
3096,1,2,1,74.9850,215.4210,0.0000,982.1230,249.5390,164.9720,0.0000,0.0000,1687.0400
3097,1,2,1,71.6860,187.8220,0.0000,980.9720,208.4000,143.0960,0.0000,0.0000,1591.9760
3098,1,2,1,63.7230,172.0560,0.0000,972.2470,198.1110,140.7260,0.0000,0.0000,1546.8630
3099,1,2,1,62.5230,167.8400,0.0000,967.6610,195.6000,135.5140,0.0000,0.0000,1529.1380
3100,1,2,1,63.1260,167.1380,0.0000,962.5480,216.5910,150.0990,0.0000,0.0000,1559.5020
3101,1,2,1,65.9570,174.8800,0.0000,973.9690,199.4220,138.9540,0.0000,0.0000,1553.1820
3102,1,2,1,62.2710,168.0990,0.0000,967.2310,197.7230,138.9850,0.0000,0.0000,1534.3090
3103,1,2,1,62.6520,165.9880,0.0000,971.8710,267.2860,163.8650,0.0000,0.0000,1631.6620
3104,1,2,1,67.9500,189.2430,0.0000,982.2580,228.7200,150.9660,0.0000,0.0000,1619.1370
3105,1,2,1,67.1570,178.1850,0.0000,976.3570,199.6430,140.4120,0.0000,0.0000,1561.7540
3106,1,2,1,63.1690,168.9350,0.0000,970.0610,209.5260,141.6300,0.0000,0.0000,1553.3210
3107,1,2,1,65.0400,171.6980,0.0000,965.5510,198.2090,137.8590,0.0000,0.0000,1538.3570
3108,1,2,1,64.0730,166.1790,0.0000,972.1600,194.9780,137.5450,0.0000,0.0000,1534.9350
3109,0,2,0,62.7080,165.7900,0.0000,968.0930,194.5420,133.0710,0.0000,0.0000,1524.2040
3110,1,2,1,61.3050,164.6890,0.0000,970.9660,194.8620,136.4930,0.0000,0.0000,1528.3150
3111,0,2,0,61.9880,164.0000,0.0000,966.4680,195.8400,135.2800,0.0000,0.0000,1523.5760
3112,1,2,1,63.3970,165.6680,0.0000,963.5630,202.4120,139.0340,0.0000,0.0000,1534.0740
3113,1,2,1,62.5780,170.3630,0.0000,971.4400,195.9200,134.2400,0.0000,0.0000,1534.5410
3114,1,2,1,62.6330,165.2620,0.0000,969.8580,195.1930,135.8030,0.0000,0.0000,1528.7490
3115,1,2,1,62.1790,164.1110,0.0000,969.4950,194.3140,133.7420,0.0000,0.0000,1523.8410
3116,0,2,0,62.3750,162.4070,0.0000,968.1300,194.5850,135.1440,0.0000,0.0000,1522.6410
3117,1,2,1,61.4280,165.6800,0.0000,968.7260,192.7630,136.6030,0.0000,0.0000,1525.2000
3118,1,2,1,60.0860,165.1380,0.0000,971.3910,205.4640,138.7450,0.0000,0.0000,1540.8240
3119,1,2,1,63.7170,167.4340,0.0000,972.9230,195.7290,136.2900,0.0000,0.0000,1536.0930
3120,1,2,1,62.3630,164.0120,0.0000,967.0530,195.2310,135.5700,0.0000,0.0000,1524.2290
3121,1,2,1,60.5290,167.2430,0.0000,966.9600,195.6120,134.4370,0.0000,0.0000,1524.7810
3122,1,2,1,63.1200,164.5600,0.0000,967.4770,194.4680,133.0340,0.0000,0.0000,1522.6590
3123,1,2,1,63.1500,164.5350,0.0000,966.4250,193.7050,134.2520,0.0000,0.0000,1522.0670
3124,1,2,1,61.3970,164.0240,0.0000,971.8700,200.4190,136.0000,0.0000,0.0000,1533.7100
3125,1,2,1,61.6680,165.6740,0.0000,965.3050,195.7480,135.7230,0.0000,0.0000,1524.1180
3126,1,2,1,63.2560,164.3380,0.0000,965.4830,193.0280,133.1750,0.0000,0.0000,1519.2800
3127,1,2,1,61.0210,164.9720,0.0000,969.5510,193.1760,135.2740,0.0000,0.0000,1523.9940
3128,1,2,1,65.2610,164.0490,0.0000,970.2400,192.9170,135.6370,0.0000,0.0000,1528.1040
3129,1,2,1,60.9290,166.1410,0.0000,966.8130,194.1410,135.0400,0.0000,0.0000,1523.0640
3130,1,2,1,63.3790,164.0560,0.0000,969.4830,245.2800,141.5390,0.0000,0.0000,1583.7370
3131,1,2,1,64.6960,171.4030,0.0000,968.9780,196.6160,137.3780,0.0000,0.0000,1539.0710
3132,1,2,1,62.6640,164.6460,0.0000,972.1480,194.9780,136.8490,0.0000,0.0000,1531.2850
3133,1,2,1,62.7450,164.5230,0.0000,970.0500,192.1410,135.4340,0.0000,0.0000,1524.8930
3134,1,2,1,62.4000,163.2180,0.0000,970.6460,193.7910,135.4830,0.0000,0.0000,1525.5380
3135,1,2,1,62.4500,165.1260,0.0000,967.1010,194.4490,135.4770,0.0000,0.0000,1524.6030
3136,1,2,1,61.5200,166.0920,0.0000,966.0550,194.1970,186.7510,0.0000,0.0000,1574.6150
3137,1,2,1,63.6990,171.5750,0.0000,973.0400,197.3300,134.4680,0.0000,0.0000,1540.1120
3138,1,2,1,62.7440,167.3360,0.0000,974.3880,195.5450,135.3720,0.0000,0.0000,1535.3850
3139,1,2,1,62.3570,166.4610,0.0000,967.1380,193.3970,133.5750,0.0000,0.0000,1522.9280
3140,0,2,1,61.0650,163.4960,0.0000,967.0280,192.3940,133.7670,0.0000,0.0000,1517.7500
3141,1,2,1,62.2700,164.2840,0.0000,965.9690,191.9880,135.3540,0.0000,0.0000,1519.8650
3142,0,2,0,61.7970,164.5410,0.0000,967.9140,192.5600,134.1360,0.0000,0.0000,1520.9480
3143,1,2,1,61.0580,187.2180,0.0000,975.9820,204.8490,143.2620,0.0000,0.0000,1572.3690
3144,1,2,1,64.6280,170.0740,0.0000,974.8800,199.4340,137.5010,0.0000,0.0000,1546.5170
3145,1,2,1,63.8270,164.5840,0.0000,973.9510,194.0800,137.1200,0.0000,0.0000,1533.5620
3146,1,2,1,63.4580,165.4400,0.0000,969.8150,193.2740,136.3880,0.0000,0.0000,1528.3750
3147,1,2,0,61.8030,163.9820,0.0000,966.7880,194.2270,136.6400,0.0000,0.0000,1523.4400
3148,1,2,1,62.1230,164.9300,0.0000,967.0460,196.1470,133.7290,0.0000,0.0000,1523.9750
3149,1,2,1,69.2740,171.5510,0.0000,972.5360,196.5170,136.6770,0.0000,0.0000,1546.5550
3150,1,2,1,64.0500,164.1230,0.0000,966.7750,197.0650,135.2920,0.0000,0.0000,1527.3050
3151,1,2,1,62.5600,166.4180,0.0000,968.7450,194.1600,133.9450,0.0000,0.0000,1525.8280
3152,1,2,1,61.3910,164.9850,0.0000,969.4770,192.7260,134.2900,0.0000,0.0000,1522.8690
3153,1,2,1,61.6060,165.3900,0.0000,967.2920,195.4210,134.8990,0.0000,0.0000,1524.6080
3154,1,2,1,62.0980,164.9480,0.0000,965.2670,194.4930,133.6560,0.0000,0.0000,1520.4620
3155,1,2,1,62.0740,223.6680,0.0000,969.4950,200.7750,140.3880,0.0000,0.0000,1596.4000
3156,1,2,1,62.8550,165.9320,0.0000,969.4520,197.3350,135.5510,0.0000,0.0000,1531.1250
3157,1,2,1,62.7140,164.8550,0.0000,969.5940,194.6950,135.7230,0.0000,0.0000,1527.5810
3158,1,2,1,62.9970,167.4830,0.0000,970.6650,194.9720,134.2090,0.0000,0.0000,1530.3260
3159,1,2,1,61.1200,165.9260,0.0000,963.3290,192.9110,134.3630,0.0000,0.0000,1517.6490
3160,1,2,1,61.8280,166.1420,0.0000,968.8120,193.1320,135.2490,0.0000,0.0000,1525.1630
3161,1,2,1,62.3630,163.8330,0.0000,972.6830,206.3330,140.1050,0.0000,0.0000,1545.3170
3162,1,2,1,61.9440,166.8610,0.0000,974.2270,194.8180,137.8530,0.0000,0.0000,1535.7030
3163,1,2,1,61.2990,165.9510,0.0000,963.3230,195.2070,135.7720,0.0000,0.0000,1521.5520
3164,0,2,0,60.9780,166.5530,0.0000,969.0340,193.5820,133.3850,0.0000,0.0000,1523.5320
3165,0,2,0,62.3440,163.9080,0.0000,965.9810,194.5170,135.9750,0.0000,0.0000,1522.7250
3166,0,2,0,62.5290,165.8890,0.0000,968.7510,194.2150,133.8770,0.0000,0.0000,1525.2610
3167,0,2,0,61.0030,163.9570,0.0000,973.4030,202.7810,136.6770,0.0000,0.0000,1537.8210
3168,1,2,1,61.6550,166.4620,0.0000,974.6830,195.3290,135.1200,0.0000,0.0000,1533.2490
3169,1,2,1,62.3570,165.7960,0.0000,966.6710,193.6000,133.4330,0.0000,0.0000,1521.8570
3170,0,2,0,61.2190,164.2650,0.0000,971.1200,193.5690,134.1170,0.0000,0.0000,1524.2900
3171,1,2,1,62.2280,166.0300,0.0000,965.2740,194.3690,133.8030,0.0000,0.0000,1521.7040
3172,1,2,1,63.2430,164.1290,0.0000,965.2860,191.8900,137.7780,0.0000,0.0000,1522.3260
3173,1,2,1,61.2120,165.9570,0.0000,960.1970,199.9390,136.4000,0.0000,0.0000,1523.7050
3174,1,2,1,63.8160,166.6330,0.0000,966.8920,195.1270,136.7070,0.0000,0.0000,1529.1750
3175,0,2,0,62.7700,166.3510,0.0000,967.3600,193.8770,134.2340,0.0000,0.0000,1524.5920
3176,1,2,1,61.2500,165.2120,0.0000,967.5630,195.2860,136.9850,0.0000,0.0000,1526.2960
3177,1,2,1,62.5600,166.0800,0.0000,968.1910,194.6220,133.1010,0.0000,0.0000,1524.5540
3178,1,2,1,62.8860,164.8920,0.0000,968.4060,196.0000,134.9110,0.0000,0.0000,1527.0950
3179,0,2,0,61.3790,167.1630,0.0000,970.6220,198.4180,136.4370,0.0000,0.0000,1534.0190
3180,1,2,1,62.3450,166.4740,0.0000,967.9200,194.1600,134.2520,0.0000,0.0000,1525.1510
3181,1,2,1,61.1390,168.1900,0.0000,967.9510,194.7880,133.9450,0.0000,0.0000,1526.0130
3182,1,2,1,62.0250,165.3100,0.0000,966.5480,193.0340,133.7540,0.0000,0.0000,1520.6710
3183,1,2,1,62.4740,164.5470,0.0000,967.4530,194.5160,133.8340,0.0000,0.0000,1522.8240
3184,1,2,1,62.6220,165.8220,0.0000,971.1140,193.8150,134.1670,0.0000,0.0000,1527.5400
3185,1,2,1,61.4640,165.0150,0.0000,1015.4270,201.2060,136.8860,0.0000,0.0000,1579.9980
3186,1,2,1,62.1230,167.2670,0.0000,971.9510,195.7230,136.1780,0.0000,0.0000,1533.2420
3187,0,2,0,61.0220,165.7840,0.0000,971.5320,193.1630,133.9690,0.0000,0.0000,1525.4700
3188,1,2,1,62.3380,163.1320,0.0000,965.8460,192.9910,134.0310,0.0000,0.0000,1518.3380
3189,0,2,0,61.5440,165.5440,0.0000,969.1010,194.7880,132.7450,0.0000,0.0000,1523.7220
3190,1,2,1,60.8060,164.2950,0.0000,969.1880,196.3880,134.5300,0.0000,0.0000,1525.2070
3191,1,2,1,61.6740,164.2710,0.0000,973.4030,255.0650,138.9720,0.0000,0.0000,1593.3850
3192,0,2,0,62.4430,173.8960,0.0000,965.7360,199.4340,136.5790,0.0000,0.0000,1538.0880
3193,0,2,0,61.5200,167.3600,0.0000,962.5900,197.2610,136.0430,0.0000,0.0000,1524.7740
3194,1,2,1,61.2250,168.0930,0.0000,968.6950,193.7170,135.3470,0.0000,0.0000,1527.0770
3195,0,2,0,63.0640,164.7810,0.0000,967.8280,193.3110,134.8930,0.0000,0.0000,1523.8770
3196,1,2,1,62.9050,165.3600,0.0000,965.7970,196.0060,135.7540,0.0000,0.0000,1525.8220
3197,1,2,1,60.9230,165.0890,0.0000,970.5230,194.1540,174.7440,0.0000,0.0000,1565.4330
3198,1,2,1,64.7320,168.4980,0.0000,967.6430,196.0120,137.3350,0.0000,0.0000,1534.2200
3199,1,2,1,62.5290,167.8090,0.0000,964.9530,195.4650,136.5910,0.0000,0.0000,1527.3470
3200,1,2,1,63.9380,166.7880,0.0000,968.1350,194.6700,133.7050,0.0000,0.0000,1527.2360
3201,0,2,0,61.6000,165.5630,0.0000,972.0980,192.0670,132.5300,0.0000,0.0000,1523.8580
3202,1,2,1,61.7050,165.5020,0.0000,966.7880,194.6400,136.4930,0.0000,0.0000,1525.1280
3203,1,2,1,62.0310,166.2650,0.0000,966.3630,192.3810,135.5880,0.0000,0.0000,1522.6280
3204,1,2,1,60.4000,228.8680,0.0000,976.7260,199.5760,139.3970,0.0000,0.0000,1604.9670
3205,1,2,1,64.0000,169.0830,0.0000,971.5260,195.3730,137.0280,0.0000,0.0000,1537.0100
3206,0,2,0,61.8220,165.0090,0.0000,970.6770,195.3780,136.2400,0.0000,0.0000,1529.1260
3207,1,2,1,62.2580,166.3630,0.0000,969.5570,194.2340,137.1570,0.0000,0.0000,1529.5690
3208,1,2,1,61.9640,165.6490,0.0000,967.5810,193.1810,134.0070,0.0000,0.0000,1522.3820
3209,1,2,1,61.9200,166.3260,0.0000,969.5320,194.2090,133.3790,0.0000,0.0000,1525.3660
3210,1,2,1,61.0460,203.8210,0.0000,968.9780,200.6950,136.0370,0.0000,0.0000,1570.5770
3211,1,2,1,61.8650,167.2930,0.0000,970.5290,197.4460,136.5600,0.0000,0.0000,1533.6930
3212,1,2,0,61.9820,167.7970,0.0000,971.5080,195.4710,135.2620,0.0000,0.0000,1532.0200
3213,1,2,1,62.4310,163.6560,0.0000,967.6060,195.3720,135.9200,0.0000,0.0000,1524.9850
3214,1,2,1,60.9230,166.2460,0.0000,965.6190,194.0310,133.6310,0.0000,0.0000,1520.4500
3215,1,2,1,61.9820,164.3010,0.0000,968.9420,194.2100,134.0130,0.0000,0.0000,1523.4480
3216,1,2,1,62.5850,165.8770,0.0000,975.7040,201.9200,138.1300,0.0000,0.0000,1544.2160
3217,1,2,0,64.1660,166.8060,0.0000,971.0520,193.5510,137.5450,0.0000,0.0000,1533.1200
3218,1,2,1,62.7510,165.8270,0.0000,967.5510,194.7270,134.4250,0.0000,0.0000,1525.2810
3219,1,2,1,61.8960,165.2120,0.0000,966.1970,193.0950,134.4430,0.0000,0.0000,1520.8430
3220,1,2,1,62.0620,164.1790,0.0000,967.6620,193.1760,133.7300,0.0000,0.0000,1520.8090
3221,1,2,1,63.1010,162.7500,0.0000,968.6770,193.1080,135.1810,0.0000,0.0000,1522.8170
3222,0,2,0,61.1130,164.7940,0.0000,966.8060,204.2700,139.3790,0.0000,0.0000,1536.3620
3223,1,2,1,61.4400,167.6740,0.0000,971.7230,197.5880,135.6620,0.0000,0.0000,1534.0870
3224,1,2,0,62.0190,164.9670,0.0000,968.8120,193.3290,133.9820,0.0000,0.0000,1523.1090
3225,1,2,1,68.2710,176.3450,0.0000,972.5900,196.7880,140.5670,0.0000,0.0000,1554.5610
3226,1,2,0,63.0890,167.9010,0.0000,969.4030,195.0890,136.0000,0.0000,0.0000,1531.4820
3227,1,2,1,62.8180,167.1320,0.0000,965.9010,194.7380,135.0030,0.0000,0.0000,1525.5920
3228,1,2,1,61.1940,165.8150,0.0000,964.5720,205.3910,143.6370,0.0000,0.0000,1540.6090
3229,0,2,0,63.2430,170.7570,0.0000,974.0550,195.8280,134.2640,0.0000,0.0000,1538.1470
3230,1,2,1,61.5200,165.7720,0.0000,967.1270,196.1970,133.1690,0.0000,0.0000,1523.7850
3231,1,2,1,63.1270,165.4710,0.0000,968.2590,193.4830,133.5390,0.0000,0.0000,1523.8790
3232,1,2,1,62.6150,165.8960,0.0000,969.5880,194.7570,134.9600,0.0000,0.0000,1527.8160
3233,1,2,1,62.2830,163.6740,0.0000,968.1420,192.4610,134.8370,0.0000,0.0000,1521.3970
3234,1,2,0,62.4610,165.0040,0.0000,974.0120,202.8610,138.3690,0.0000,0.0000,1542.7070
3235,1,2,1,63.4280,168.5780,0.0000,971.4890,195.4280,136.9720,0.0000,0.0000,1535.8950
3236,0,2,0,63.3660,166.0620,0.0000,969.2740,194.7080,136.9110,0.0000,0.0000,1530.3210
3237,1,2,1,63.1330,164.3260,0.0000,966.4370,193.0100,136.7570,0.0000,0.0000,1523.6630
3238,1,2,1,61.0460,165.6920,0.0000,968.3690,194.5110,134.9100,0.0000,0.0000,1524.5280
3239,1,2,1,61.3170,164.0930,0.0000,963.5010,196.0240,134.2950,0.0000,0.0000,1519.2300
3240,1,2,1,62.4800,164.2530,0.0000,986.5480,200.0060,137.0400,0.0000,0.0000,1550.3270
3241,0,2,0,61.2430,166.6280,0.0000,970.1100,197.1450,135.0400,0.0000,0.0000,1530.1660
3242,1,2,1,62.4680,163.2190,0.0000,970.4000,194.3760,135.8580,0.0000,0.0000,1526.3210
3243,1,2,1,63.1940,166.6770,0.0000,969.0520,195.3170,134.0300,0.0000,0.0000,1528.2700
3244,0,2,1,61.3290,163.3100,0.0000,968.9050,193.4340,134.1480,0.0000,0.0000,1521.1260
3245,1,2,1,60.8500,163.7230,0.0000,966.7450,194.8430,133.6670,0.0000,0.0000,1519.8280
3246,1,2,1,61.8400,165.8400,0.0000,967.2740,235.3480,139.3540,0.0000,0.0000,1569.6560
3247,1,2,1,62.9660,168.3080,0.0000,969.8520,198.1110,136.7940,0.0000,0.0000,1536.0310
3248,1,2,1,63.8520,166.2270,0.0000,970.5720,195.9570,136.6460,0.0000,0.0000,1533.2540
3249,0,2,0,61.5200,165.1260,0.0000,967.0650,193.1440,135.3410,0.0000,0.0000,1522.1960
3250,1,2,1,61.4710,166.2150,0.0000,969.3600,195.3540,134.4430,0.0000,0.0000,1526.8430
3251,1,2,1,62.8920,164.3320,0.0000,967.1640,193.2250,133.8030,0.0000,0.0000,1521.4160
3252,1,2,1,62.4430,166.1290,0.0000,967.1500,196.0430,182.8440,0.0000,0.0000,1574.6090
3253,1,2,1,63.5810,171.8030,0.0000,969.5510,197.0640,138.1540,0.0000,0.0000,1540.1530
3254,1,2,1,63.2180,165.8960,0.0000,968.0860,196.5230,136.3020,0.0000,0.0000,1530.0250
3255,1,2,1,62.6090,166.2770,0.0000,969.2120,192.9480,135.9140,0.0000,0.0000,1526.9600
3256,1,2,1,63.0520,164.2960,0.0000,967.1630,195.2610,134.6090,0.0000,0.0000,1524.3810
3257,1,2,1,62.7510,165.1690,0.0000,972.5110,194.8610,134.7260,0.0000,0.0000,1530.0180
3258,1,2,1,62.7630,165.1880,0.0000,966.8120,195.3170,136.1790,0.0000,0.0000,1526.2590
3259,0,2,0,62.0860,175.0590,0.0000,970.5910,197.9390,138.0740,0.0000,0.0000,1543.7490
3260,1,2,1,63.0890,165.1630,0.0000,970.0370,194.8000,135.7290,0.0000,0.0000,1528.8180
3261,1,2,0,63.2180,165.5010,0.0000,971.4340,195.7230,135.7720,0.0000,0.0000,1531.6480
3262,1,2,1,60.8310,164.9600,0.0000,968.4870,192.8800,134.8060,0.0000,0.0000,1521.9640
3263,1,2,1,61.0400,165.3600,0.0000,967.6190,193.0340,134.5300,0.0000,0.0000,1521.5830
3264,1,2,1,61.6240,167.1690,0.0000,967.8710,195.6430,134.9730,0.0000,0.0000,1527.2800
3265,1,2,1,62.0490,164.2090,0.0000,977.6740,206.2890,139.9560,0.0000,0.0000,1550.1770
3266,0,2,0,64.7880,166.8860,0.0000,969.7240,196.0800,136.1350,0.0000,0.0000,1533.6130
3267,1,2,1,62.6280,167.1570,0.0000,965.6620,193.0710,135.6000,0.0000,0.0000,1524.1180
3268,1,2,1,61.4280,166.0000,0.0000,969.7970,193.9700,133.7900,0.0000,0.0000,1524.9850
3269,1,2,1,62.0610,166.0730,0.0000,969.4460,193.8770,134.4990,0.0000,0.0000,1525.9560
3270,1,2,1,60.7010,165.7480,0.0000,966.8120,191.3790,133.7050,0.0000,0.0000,1518.3450
3271,1,2,1,61.3970,164.1910,0.0000,962.7870,205.3910,137.1570,0.0000,0.0000,1530.9230
3272,1,2,1,61.8270,166.7510,0.0000,972.7940,196.4000,135.2740,0.0000,0.0000,1533.0460
3273,1,2,0,62.9170,164.2890,0.0000,969.9010,193.9820,133.6860,0.0000,0.0000,1524.7750
3274,1,2,1,63.5260,165.4770,0.0000,968.2710,195.0150,134.5110,0.0000,0.0000,1526.8000
3275,1,2,1,61.2930,166.4550,0.0000,968.6950,194.8190,132.6220,0.0000,0.0000,1523.8840
3276,1,2,1,61.6800,166.4620,0.0000,970.5910,194.6160,134.4490,0.0000,0.0000,1527.7980
3277,1,2,1,61.3290,164.3570,0.0000,972.3570,203.1380,138.4310,0.0000,0.0000,1539.6120
3278,0,2,0,63.4650,167.3970,0.0000,972.6960,194.0980,135.5380,0.0000,0.0000,1533.1940
3279,1,2,1,61.1080,166.6100,0.0000,967.4220,195.4830,135.2070,0.0000,0.0000,1525.8300
3280,1,2,1,62.5360,166.3880,0.0000,969.8950,192.7760,135.4580,0.0000,0.0000,1527.0530
3281,0,2,1,62.7690,164.4070,0.0000,965.1010,193.8220,135.5010,0.0000,0.0000,1521.6000
3282,1,2,1,62.4430,165.5140,0.0000,965.3170,194.3390,136.9420,0.0000,0.0000,1524.5550
3283,1,2,1,60.1480,164.5050,0.0000,974.7440,204.3630,139.5260,0.0000,0.0000,1543.2860
3284,1,2,0,62.7940,169.7600,0.0000,971.2430,196.2150,135.1820,0.0000,0.0000,1535.1940
3285,0,2,0,62.7070,165.7660,0.0000,969.5010,195.6370,134.7820,0.0000,0.0000,1528.3930
3286,1,2,1,62.0500,165.7480,0.0000,967.4030,194.4680,135.9940,0.0000,0.0000,1525.6630
3287,1,2,1,62.6770,164.4620,0.0000,966.0990,195.0830,134.6220,0.0000,0.0000,1522.9430
3288,1,2,1,60.7570,164.5850,0.0000,967.5880,192.7380,135.0210,0.0000,0.0000,1520.6890
3289,1,2,1,62.1600,164.1660,0.0000,972.8610,202.6830,137.2180,0.0000,0.0000,1539.0880
3290,0,2,0,62.9230,168.4250,0.0000,966.5540,195.2440,136.2650,0.0000,0.0000,1529.4110
3291,1,2,1,61.7100,164.5470,0.0000,971.3910,195.2370,133.6060,0.0000,0.0000,1526.4910
3292,1,2,0,61.7840,165.7670,0.0000,974.0620,195.1320,136.0120,0.0000,0.0000,1532.7570
3293,1,2,1,63.7780,167.6860,0.0000,972.1420,193.7660,135.3900,0.0000,0.0000,1532.7620
3294,1,2,0,60.9840,166.5600,0.0000,969.2180,194.1290,136.3820,0.0000,0.0000,1527.2730
3295,1,2,1,62.1290,164.1910,0.0000,1014.8560,201.1510,137.4270,0.0000,0.0000,1579.7540
3296,1,2,1,62.8870,166.6640,0.0000,969.3970,195.2860,136.3820,0.0000,0.0000,1530.6160
3297,1,2,1,61.7910,166.4860,0.0000,971.2860,193.9020,134.2580,0.0000,0.0000,1527.7230
3298,1,2,0,61.4890,165.9070,0.0000,968.1350,194.6340,134.2280,0.0000,0.0000,1524.3930
3299,1,2,1,62.4250,166.0620,0.0000,971.9380,193.6920,134.8060,0.0000,0.0000,1528.9230
3300,1,2,1,64.0180,166.0370,0.0000,970.8310,195.9130,134.2770,0.0000,0.0000,1531.0760
3301,1,2,1,61.5820,163.4030,0.0000,964.2210,253.8640,141.2860,0.0000,0.0000,1584.3560
3302,1,2,1,64.2650,169.4460,0.0000,967.6180,197.4340,136.9230,0.0000,0.0000,1535.6860
3303,1,2,1,61.9200,165.4950,0.0000,969.4340,194.4980,135.3300,0.0000,0.0000,1526.6770
3304,1,2,1,60.3930,164.3930,0.0000,970.4500,194.0120,133.6550,0.0000,0.0000,1522.9030
3305,1,2,1,62.6890,166.3630,0.0000,969.2190,192.9480,134.1290,0.0000,0.0000,1525.3480
3306,1,2,1,61.5570,164.6650,0.0000,982.4300,317.6920,196.9290,0.0000,0.0000,1723.2730
3307,1,2,1,83.3790,227.8890,0.0000,1055.2490,329.9140,206.6900,0.0000,0.0000,1903.1210
3308,1,2,1,80.3080,215.4210,0.0000,984.3070,218.3630,153.8460,0.0000,0.0000,1652.2450
3309,0,2,0,65.7470,178.7510,0.0000,974.6830,203.1940,142.3450,0.0000,0.0000,1564.7200
3310,1,2,1,64.1110,171.4650,0.0000,971.4640,196.6460,137.9570,0.0000,0.0000,1541.6430
3311,1,2,1,63.6300,169.6490,0.0000,973.6740,196.0860,136.9410,0.0000,0.0000,1539.9800
3312,1,2,1,61.5320,164.8240,0.0000,968.8000,194.4490,136.6400,0.0000,0.0000,1526.2450
3313,1,2,0,62.1420,167.3660,0.0000,976.9660,209.8700,141.7660,0.0000,0.0000,1558.1100
3314,1,2,1,64.7750,174.0000,0.0000,972.4680,198.4860,137.3660,0.0000,0.0000,1547.0950
3315,1,2,1,62.9970,166.1910,0.0000,968.1730,194.1540,135.4220,0.0000,0.0000,1526.9370
3316,0,2,0,63.6060,165.3720,0.0000,969.8960,195.4160,135.5870,0.0000,0.0000,1529.8770
3317,1,2,1,61.0830,166.3200,0.0000,967.4580,193.4890,136.4620,0.0000,0.0000,1524.8120
3318,0,2,0,60.2770,164.4060,0.0000,968.9900,194.8060,134.7570,0.0000,0.0000,1523.2360
3319,1,2,1,63.3600,165.5880,0.0000,962.7200,216.3010,144.1040,0.0000,0.0000,1552.0730
3320,1,2,1,63.1380,176.0560,0.0000,973.5630,198.5910,135.5500,0.0000,0.0000,1546.8980
3321,1,2,1,62.0000,170.7080,0.0000,968.5780,194.2030,136.5110,0.0000,0.0000,1532.0000
3322,0,2,0,61.6860,165.6620,0.0000,966.8930,193.4770,136.7700,0.0000,0.0000,1524.4880
3323,1,2,1,63.7540,167.7660,0.0000,968.9540,194.3140,134.2280,0.0000,0.0000,1529.0160
3324,1,2,0,63.3970,163.5390,0.0000,967.9820,194.0740,134.5480,0.0000,0.0000,1523.5400
3325,1,2,1,62.4250,163.8030,0.0000,968.9540,271.7040,142.5050,0.0000,0.0000,1609.3910
3326,1,2,1,62.5540,174.7690,0.0000,971.8520,201.0700,138.8980,0.0000,0.0000,1549.1430
3327,1,2,0,63.2620,167.1570,0.0000,974.8560,195.1260,139.2430,0.0000,0.0000,1539.6440
3328,1,2,1,61.8150,166.3070,0.0000,969.7110,194.4240,136.5230,0.0000,0.0000,1528.7800
3329,1,2,1,61.9200,166.8740,0.0000,971.8090,196.2520,134.2700,0.0000,0.0000,1531.1250
3330,1,2,1,61.9760,161.8330,0.0000,967.8090,194.6650,134.4120,0.0000,0.0000,1520.6950
3331,1,2,1,60.5600,164.7630,0.0000,968.1480,249.4890,139.3420,0.0000,0.0000,1582.3020
3332,0,2,0,65.4640,172.2340,0.0000,969.2250,197.2310,138.5900,0.0000,0.0000,1542.7440
3333,1,2,1,63.2670,166.2830,0.0000,974.3440,197.0400,136.7880,0.0000,0.0000,1537.7220
3334,0,2,0,61.5380,164.3080,0.0000,971.9630,196.0000,135.0400,0.0000,0.0000,1528.8490
3335,0,2,0,61.7910,166.9900,0.0000,967.9390,195.1450,134.5790,0.0000,0.0000,1526.4440
3336,1,2,1,60.5170,163.7290,0.0000,965.8400,192.9600,136.8000,0.0000,0.0000,1519.8460
3337,1,2,1,61.5390,163.9750,0.0000,964.7880,193.8400,206.8430,0.0000,0.0000,1590.9850
3338,0,2,0,64.0980,173.8460,0.0000,968.2280,197.6550,139.1760,0.0000,0.0000,1543.0030
3339,1,2,1,62.1600,167.9940,0.0000,969.4960,193.9630,134.8800,0.0000,0.0000,1528.4930
3340,1,2,1,63.0890,167.2310,0.0000,966.4250,194.3390,135.7660,0.0000,0.0000,1526.8500
3341,1,2,1,62.4060,164.8920,0.0000,968.4370,192.5110,131.9200,0.0000,0.0000,1520.1660
3342,1,2,1,61.8400,165.2610,0.0000,969.1940,194.5040,134.0060,0.0000,0.0000,1524.8050
3343,1,2,1,61.4270,163.1380,0.0000,968.1040,193.3300,134.5110,0.0000,0.0000,1520.5100
3344,1,2,1,102.6280,172.8370,0.0000,973.5940,195.2120,136.0240,0.0000,0.0000,1580.2950
3345,1,2,1,63.7540,167.3720,0.0000,969.4770,193.8220,132.6650,0.0000,0.0000,1527.0900
3346,1,2,1,60.8740,164.4800,0.0000,966.4740,193.2800,136.2400,0.0000,0.0000,1521.3480
3347,1,2,1,62.8250,165.5690,0.0000,968.8740,192.2340,135.6620,0.0000,0.0000,1525.1640
3348,0,2,0,62.1660,164.7450,0.0000,970.0240,194.8560,133.9450,0.0000,0.0000,1525.7360
3349,1,2,1,60.0500,164.7630,0.0000,967.7730,193.3360,134.4240,0.0000,0.0000,1520.3460
3350,1,2,1,61.5570,202.9300,0.0000,972.7320,200.7810,137.5690,0.0000,0.0000,1575.5690
3351,1,2,1,63.9450,168.0860,0.0000,969.3470,196.3700,136.7690,0.0000,0.0000,1534.5170
3352,1,2,1,61.1870,165.0580,0.0000,966.8370,193.9700,139.2490,0.0000,0.0000,1526.3010
3353,0,2,0,60.9970,165.1760,0.0000,972.7390,193.8830,134.7880,0.0000,0.0000,1527.5830
3354,0,2,0,61.0220,164.5110,0.0000,964.8180,193.9450,134.6270,0.0000,0.0000,1518.9230
3355,1,2,1,62.2770,165.1450,0.0000,967.1940,195.1130,136.7870,0.0000,0.0000,1526.5160
3356,1,2,1,63.5940,166.3320,0.0000,976.5110,201.9570,138.9660,0.0000,0.0000,1547.3600
3357,0,2,0,62.7690,166.6220,0.0000,969.7230,195.3170,134.4620,0.0000,0.0000,1528.8930
3358,1,2,1,61.9510,165.5070,0.0000,968.8920,195.6620,137.8710,0.0000,0.0000,1529.8830
3359,1,2,1,61.0900,163.9320,0.0000,968.7750,194.0000,136.5410,0.0000,0.0000,1524.3380
3360,1,2,1,61.3350,164.7140,0.0000,968.0130,195.1080,135.0400,0.0000,0.0000,1524.2100
3361,0,2,0,62.1910,166.2580,0.0000,972.5170,195.8770,134.8670,0.0000,0.0000,1531.7100
3362,1,2,1,61.1880,165.1940,0.0000,971.5940,199.8950,138.9230,0.0000,0.0000,1536.7940
3363,1,2,1,62.8310,166.9350,0.0000,967.8710,194.9300,135.6990,0.0000,0.0000,1528.2660
3364,1,2,1,60.7570,166.8740,0.0000,965.4030,196.3750,134.0240,0.0000,0.0000,1523.4330
3365,0,2,0,61.1940,164.4250,0.0000,968.2830,194.4500,134.8740,0.0000,0.0000,1523.2260
3366,1,2,1,62.1110,164.5110,0.0000,966.6890,195.7600,135.4830,0.0000,0.0000,1524.5540
3367,1,2,0,60.6830,165.0270,0.0000,967.7720,194.0980,135.2120,0.0000,0.0000,1522.7920
3368,1,2,1,62.5410,164.6210,0.0000,961.0650,202.8180,138.7760,0.0000,0.0000,1529.8210
3369,1,2,1,61.7850,167.0220,0.0000,970.3260,196.2890,134.4920,0.0000,0.0000,1529.9140
3370,1,2,1,61.6730,170.1350,0.0000,969.3350,194.0740,134.4920,0.0000,0.0000,1529.7090
3371,1,2,1,62.8370,166.0560,0.0000,968.4740,192.9730,133.8400,0.0000,0.0000,1524.1800
3372,1,2,1,60.8490,164.5720,0.0000,969.6120,193.8460,133.8460,0.0000,0.0000,1522.7250
3373,1,2,1,62.3320,165.9510,0.0000,970.4930,194.0980,133.9810,0.0000,0.0000,1526.8550
3374,1,2,1,62.5840,164.9230,0.0000,973.2670,205.3350,139.8220,0.0000,0.0000,1545.9310
3375,1,2,1,60.9230,166.8860,0.0000,969.8210,195.4150,135.9380,0.0000,0.0000,1528.9830
3376,1,2,0,63.3230,165.3230,0.0000,967.6060,192.5050,135.2240,0.0000,0.0000,1523.9810
3377,1,2,1,62.4680,164.8740,0.0000,968.2460,196.3320,136.0310,0.0000,0.0000,1527.9510
3378,1,2,1,61.6490,164.9660,0.0000,969.6250,194.1840,134.6950,0.0000,0.0000,1525.1190
3379,1,2,1,62.3880,165.5200,0.0000,967.0340,193.7970,136.8120,0.0000,0.0000,1525.5510
3380,1,2,0,61.4460,163.3170,0.0000,1007.7230,201.5570,137.0950,0.0000,0.0000,1571.1380
3381,1,2,1,63.0340,167.6740,0.0000,967.2490,192.7200,136.9300,0.0000,0.0000,1527.6070
3382,1,2,1,62.5110,163.8520,0.0000,970.9720,191.8770,135.5630,0.0000,0.0000,1524.7750
3383,1,2,1,62.0930,165.1140,0.0000,967.4830,192.3810,136.2520,0.0000,0.0000,1523.3230
3384,1,2,1,62.0920,164.3630,0.0000,967.7420,195.6610,135.0030,0.0000,0.0000,1524.8610
3385,1,2,1,61.6550,164.6830,0.0000,967.9940,193.6860,134.7020,0.0000,0.0000,1522.7200
3386,1,2,1,60.3940,164.7200,0.0000,969.3170,241.5380,137.8520,0.0000,0.0000,1573.8210
3387,1,2,1,62.7450,170.2530,0.0000,968.6710,196.0370,137.3050,0.0000,0.0000,1535.0110
3388,1,2,1,62.3750,166.1600,0.0000,966.8300,193.4830,134.7630,0.0000,0.0000,1523.6110
3389,1,2,1,62.1600,165.5260,0.0000,969.3600,193.2000,134.6030,0.0000,0.0000,1524.8490
3390,1,2,1,63.1510,163.8280,0.0000,969.2240,194.2530,136.3570,0.0000,0.0000,1526.8130
3391,1,2,1,61.4340,166.2580,0.0000,967.0950,194.6460,135.2370,0.0000,0.0000,1524.6700
3392,1,2,1,62.9850,163.5870,0.0000,969.7780,195.1690,170.4860,0.0000,0.0000,1562.0050
3393,1,2,1,65.5080,169.4760,0.0000,968.4800,196.2090,136.2950,0.0000,0.0000,1535.9680
3394,1,2,1,62.0560,166.4560,0.0000,963.0890,195.1200,136.7930,0.0000,0.0000,1523.5140
3395,1,2,0,62.5170,166.3200,0.0000,969.7050,193.7960,137.1940,0.0000,0.0000,1529.5320
3396,1,2,1,61.3230,166.2460,0.0000,965.6000,194.6090,137.1140,0.0000,0.0000,1524.8920
3397,1,2,1,62.4620,164.6100,0.0000,966.5970,192.7820,135.0830,0.0000,0.0000,1521.5340
3398,1,2,1,61.0400,162.7820,0.0000,965.6370,194.9840,136.2150,0.0000,0.0000,1520.6580
3399,1,2,1,62.3260,210.2400,0.0000,970.8120,199.2620,137.2300,0.0000,0.0000,1579.8700
3400,1,2,1,61.7780,168.2710,0.0000,968.3940,196.4430,135.7530,0.0000,0.0000,1530.6390
3401,1,2,1,63.3050,165.9870,0.0000,967.5690,194.1360,133.1200,0.0000,0.0000,1524.1170
3402,0,2,0,62.1720,165.2000,0.0000,966.6760,193.1630,135.2130,0.0000,0.0000,1522.4240
3403,1,2,1,63.3970,164.1480,0.0000,973.3730,193.0400,133.5880,0.0000,0.0000,1527.5460
3404,1,2,1,61.6000,164.3140,0.0000,969.8960,195.4890,134.8000,0.0000,0.0000,1526.0990
3405,0,2,0,62.6090,164.1360,0.0000,969.0400,203.9570,135.5200,0.0000,0.0000,1535.2620
3406,1,2,1,64.1660,168.6830,0.0000,968.0490,195.6190,138.0930,0.0000,0.0000,1534.6100
3407,1,2,1,63.1450,167.3910,0.0000,966.9040,195.0950,134.2770,0.0000,0.0000,1526.8120
3408,1,2,1,61.8470,164.8800,0.0000,970.0990,193.6920,136.1050,0.0000,0.0000,1526.6230
3409,1,2,1,62.1670,165.6120,0.0000,968.6770,194.4490,134.8370,0.0000,0.0000,1525.7420
3410,0,2,0,60.8060,162.4680,0.0000,964.4430,193.4580,135.7040,0.0000,0.0000,1516.8790
3411,1,2,1,62.0430,163.4580,0.0000,973.7660,204.2400,138.3510,0.0000,0.0000,1541.8580
3412,1,2,1,63.5200,168.2150,0.0000,969.9080,198.3070,135.5630,0.0000,0.0000,1535.5130
3413,1,2,1,61.0650,167.0650,0.0000,970.6150,197.7480,133.9260,0.0000,0.0000,1530.4190
3414,0,2,0,64.3690,166.7200,0.0000,968.5110,193.4090,136.1470,0.0000,0.0000,1529.1560
3415,1,2,1,61.7850,165.2430,0.0000,966.9540,194.0430,136.2900,0.0000,0.0000,1524.3150
3416,0,2,0,61.5260,165.5070,0.0000,972.0920,195.6740,134.6270,0.0000,0.0000,1529.4260
3417,1,2,1,61.0700,164.5170,0.0000,977.0030,202.2400,136.8370,0.0000,0.0000,1541.6670
3418,1,2,1,61.8160,168.8800,0.0000,968.3140,195.1570,136.1540,0.0000,0.0000,1530.3210
3419,1,2,1,62.0990,167.1810,0.0000,970.1900,193.0960,135.9570,0.0000,0.0000,1528.5230
3420,1,2,1,63.4890,165.8650,0.0000,966.5600,196.4250,134.5410,0.0000,0.0000,1526.8800
3421,1,2,1,62.0920,164.4860,0.0000,967.8770,194.5840,134.8430,0.0000,0.0000,1523.8820
3422,1,2,1,61.4950,165.7230,0.0000,964.1230,192.8120,135.3970,0.0000,0.0000,1519.5500
3423,0,2,1,62.3940,164.1720,0.0000,961.3110,200.9910,139.2180,0.0000,0.0000,1528.0860
3424,1,2,1,60.6100,167.4700,0.0000,966.4180,194.8070,134.7760,0.0000,0.0000,1524.0810
3425,1,2,1,62.5290,165.2670,0.0000,971.0460,194.6280,134.7940,0.0000,0.0000,1528.2640
3426,1,2,1,61.8710,166.0980,0.0000,969.4710,196.3070,135.4220,0.0000,0.0000,1529.1690
3427,0,2,0,61.2610,164.9420,0.0000,969.8650,193.9440,135.6860,0.0000,0.0000,1525.6980
3428,1,2,1,63.4280,165.8950,0.0000,966.0670,193.6980,134.4190,0.0000,0.0000,1523.5070
3429,1,2,1,61.0770,164.7810,0.0000,978.9790,201.6430,137.2310,0.0000,0.0000,1543.7110
3430,1,2,1,62.3630,168.2460,0.0000,973.2250,195.7170,134.7690,0.0000,0.0000,1534.3200
3431,0,2,0,62.5780,166.0860,0.0000,969.5140,196.3020,137.2310,0.0000,0.0000,1531.7110
3432,1,2,1,61.5810,164.8000,0.0000,966.0310,194.6280,132.8980,0.0000,0.0000,1519.9380
3433,1,2,1,62.6520,165.5260,0.0000,969.1940,195.4770,133.3050,0.0000,0.0000,1526.1540
3434,1,2,1,61.6920,163.8710,0.0000,971.9630,193.7300,135.1690,0.0000,0.0000,1526.4250
3435,1,2,1,62.6220,164.5780,0.0000,969.1940,239.0650,138.3260,0.0000,0.0000,1573.7850
3436,1,2,1,63.4830,169.7850,0.0000,968.6400,197.0340,136.2210,0.0000,0.0000,1535.1630
3437,1,2,1,61.4960,166.7880,0.0000,973.8400,193.5390,134.4310,0.0000,0.0000,1530.0940
3438,1,2,1,62.6590,166.2890,0.0000,966.7260,194.8860,136.3570,0.0000,0.0000,1526.9170
3439,1,2,1,61.9880,165.6060,0.0000,970.9600,193.6550,133.8280,0.0000,0.0000,1526.0370
3440,0,2,0,60.8180,165.1140,0.0000,966.8550,194.6210,134.2710,0.0000,0.0000,1521.6790
3441,1,2,1,62.8670,166.1230,0.0000,965.5880,194.0310,177.1140,0.0000,0.0000,1565.7230
3442,1,2,1,62.9780,169.4650,0.0000,967.7350,195.1630,136.1360,0.0000,0.0000,1531.4770
3443,1,2,1,61.3230,167.3420,0.0000,967.8890,196.0980,136.0370,0.0000,0.0000,1528.6890
0,0,3,1,67.0960,169.8340,0.0000,969.3910,197.0830,137.3290,0.0000,0.0000,1540.7330
1,1,3,1,61.2870,167.8400,0.0000,962.7870,195.5700,134.6950,0.0000,0.0000,1522.1790
2,1,3,1,61.9260,164.9350,0.0000,970.0800,192.8240,134.6460,0.0000,0.0000,1524.4110
3,1,3,0,62.3810,164.6530,0.0000,967.4030,195.7360,133.3720,0.0000,0.0000,1523.5450
4,1,3,1,126.6400,173.2680,0.0000,968.1660,200.4680,140.4120,0.0000,0.0000,1608.9540
5,1,3,1,62.2400,168.5050,0.0000,969.6870,197.0090,134.8560,0.0000,0.0000,1532.2970
6,1,3,1,61.6800,166.1480,0.0000,968.9600,193.0340,133.2190,0.0000,0.0000,1523.0410
7,1,3,1,61.5630,163.6000,0.0000,963.8890,195.6870,134.3880,0.0000,0.0000,1519.1270
8,1,3,1,60.9720,163.8160,0.0000,967.9270,194.0370,131.6060,0.0000,0.0000,1518.3580
9,1,3,1,61.0580,165.0330,0.0000,966.1110,192.2340,134.2220,0.0000,0.0000,1518.6580
10,1,3,1,61.4340,203.2920,0.0000,969.6920,197.9630,136.7330,0.0000,0.0000,1569.1140
11,1,3,1,62.3750,165.6550,0.0000,965.6360,196.4250,136.3380,0.0000,0.0000,1526.4290
12,1,3,1,62.7320,165.7790,0.0000,969.2310,195.1260,135.6370,0.0000,0.0000,1528.5050
13,1,3,1,62.1110,165.2490,0.0000,963.7230,192.3330,134.2770,0.0000,0.0000,1517.6930
14,1,3,1,62.6280,164.5350,0.0000,970.6090,194.7570,133.3350,0.0000,0.0000,1525.8640
15,1,3,1,62.5290,164.6650,0.0000,969.0950,194.1230,132.6770,0.0000,0.0000,1523.0890
16,1,3,1,62.4860,163.5200,0.0000,962.4730,203.2070,139.1570,0.0000,0.0000,1530.8430
17,1,3,1,61.8150,166.6710,0.0000,969.1570,194.3450,134.6460,0.0000,0.0000,1526.6340
18,1,3,1,61.6250,164.8930,0.0000,963.8770,193.3420,133.1810,0.0000,0.0000,1516.9180
19,1,3,1,61.5940,165.6490,0.0000,968.7140,192.7630,134.4980,0.0000,0.0000,1523.2180
20,1,3,1,62.8930,167.5140,0.0000,972.1040,192.4000,133.8830,0.0000,0.0000,1528.7940
21,1,3,1,61.9870,166.1900,0.0000,969.6860,194.9410,134.8680,0.0000,0.0000,1527.6720
22,1,3,1,61.3540,163.0950,0.0000,959.1270,200.6340,136.8670,0.0000,0.0000,1521.0770
23,1,3,1,62.8990,166.3880,0.0000,967.4770,196.3200,132.7690,0.0000,0.0000,1525.8530
24,1,3,1,61.7660,165.0400,0.0000,963.1130,194.2830,135.4100,0.0000,0.0000,1519.6120
25,1,3,1,61.6610,164.6960,0.0000,969.0830,194.5910,133.6800,0.0000,0.0000,1523.7110
26,1,3,1,61.0520,164.9720,0.0000,969.4520,194.9110,131.4710,0.0000,0.0000,1521.8580
27,0,3,0,62.2770,165.2000,0.0000,971.0830,195.0890,133.1070,0.0000,0.0000,1526.7560
28,1,3,1,60.2160,164.4680,0.0000,964.5790,200.9910,136.8310,0.0000,0.0000,1527.0850
29,1,3,1,61.3850,169.6920,0.0000,972.3810,196.1470,134.1600,0.0000,0.0000,1533.7650
30,1,3,1,61.5690,164.0550,0.0000,968.9600,193.7780,135.7290,0.0000,0.0000,1524.0910
31,1,3,1,60.8310,164.9040,0.0000,966.6030,192.8130,133.2670,0.0000,0.0000,1518.4180
32,1,3,1,63.0400,164.4980,0.0000,965.3480,193.0650,133.8340,0.0000,0.0000,1519.7850
33,1,3,1,61.6060,165.8330,0.0000,968.4360,192.0310,133.5820,0.0000,0.0000,1521.4880
34,0,3,0,62.2830,165.1940,0.0000,967.1880,200.8360,135.6860,0.0000,0.0000,1531.1870
35,1,3,1,61.2000,168.6210,0.0000,968.7140,198.3070,134.5290,0.0000,0.0000,1531.3710
36,0,3,0,60.9170,164.6890,0.0000,968.0000,193.9080,133.4520,0.0000,0.0000,1520.9660
37,1,3,1,60.4430,164.0120,0.0000,970.8990,193.2250,133.6550,0.0000,0.0000,1522.2340
38,1,3,1,61.5200,164.3510,0.0000,967.4580,194.1660,133.2550,0.0000,0.0000,1520.7500
39,1,3,1,61.3110,164.2760,0.0000,966.8060,193.0830,132.1910,0.0000,0.0000,1517.6670
40,0,3,0,61.9690,165.3670,0.0000,966.8370,250.8240,164.4120,0.0000,0.0000,1609.4090
41,1,3,1,70.2150,199.6120,0.0000,978.6400,207.0710,145.5450,0.0000,0.0000,1601.0830
42,1,3,1,64.1970,171.1570,0.0000,972.0680,196.8490,138.6220,0.0000,0.0000,1542.8930
43,0,3,0,63.5690,170.3080,0.0000,970.1360,195.2800,137.6440,0.0000,0.0000,1536.9370
44,1,3,1,62.0310,167.8770,0.0000,966.9230,195.5200,135.2920,0.0000,0.0000,1527.6430
45,1,3,1,62.8680,165.2920,0.0000,966.2150,195.9270,131.9750,0.0000,0.0000,1522.2770
46,1,3,1,63.5500,165.7360,0.0000,968.8740,246.1160,143.8400,0.0000,0.0000,1588.1160
47,1,3,1,65.5690,177.8150,0.0000,968.9170,200.0610,138.0000,0.0000,0.0000,1550.3620
48,1,3,1,61.8830,167.8460,0.0000,970.2580,195.8210,133.9570,0.0000,0.0000,1529.7650
49,1,3,1,63.0030,166.2220,0.0000,970.6090,195.0710,134.5360,0.0000,0.0000,1529.4410
50,1,3,1,61.3780,166.2580,0.0000,968.7200,192.8490,136.8490,0.0000,0.0000,1526.0540
51,1,3,1,62.6460,165.5750,0.0000,971.6490,193.4590,134.6280,0.0000,0.0000,1527.9570
52,1,3,1,62.1600,162.8680,0.0000,969.3540,195.1690,177.6120,0.0000,0.0000,1567.1630
53,1,3,1,66.1110,170.7200,0.0000,970.3140,198.1910,137.6740,0.0000,0.0000,1543.0100
54,1,3,1,63.7600,167.2060,0.0000,968.5360,195.1940,132.4240,0.0000,0.0000,1527.1200
55,1,3,1,62.1040,165.1130,0.0000,968.6460,194.0180,132.7010,0.0000,0.0000,1522.5820
56,1,3,1,60.9420,167.4900,0.0000,966.7330,195.2370,133.8770,0.0000,0.0000,1524.2790
57,0,3,0,61.6310,165.7230,0.0000,970.1350,194.1660,133.8340,0.0000,0.0000,1525.4890
58,1,3,1,59.8030,164.9790,0.0000,966.3820,193.8100,133.7900,0.0000,0.0000,1518.7640
59,1,3,1,61.2920,205.9750,0.0000,971.5140,202.6150,137.6980,0.0000,0.0000,1579.0940
60,1,3,1,62.7450,167.9080,0.0000,967.2120,194.1230,136.5670,0.0000,0.0000,1528.5550
61,0,3,0,62.3570,165.4520,0.0000,973.5760,195.0040,135.4770,0.0000,0.0000,1531.8660
62,1,3,1,62.5290,165.6120,0.0000,967.8710,193.9020,134.5540,0.0000,0.0000,1524.4680
63,0,3,0,61.9630,165.0590,0.0000,966.1970,193.1500,133.9380,0.0000,0.0000,1520.3070
64,1,3,1,61.3290,165.4090,0.0000,964.9480,194.4430,135.2490,0.0000,0.0000,1521.3780
65,0,3,0,62.8920,164.9970,0.0000,959.0400,206.2100,134.6210,0.0000,0.0000,1527.7600
66,1,3,1,61.1080,168.3020,0.0000,969.2680,197.3230,135.9140,0.0000,0.0000,1531.9150
67,0,3,0,63.2680,166.6150,0.0000,965.2000,192.8370,133.5630,0.0000,0.0000,1521.4830
68,1,3,1,62.6040,165.8340,0.0000,971.8710,193.4890,158.3070,0.0000,0.0000,1552.1050
69,1,3,1,78.8120,210.5910,0.0000,981.6930,220.0860,150.3320,0.0000,0.0000,1641.5140
70,1,3,1,67.5690,177.0470,0.0000,973.2800,201.9810,140.3880,0.0000,0.0000,1560.2650
71,1,3,1,63.1630,168.8490,0.0000,964.5170,205.7540,142.1360,0.0000,0.0000,1544.4190
72,1,3,1,63.1080,171.1140,0.0000,971.0150,196.7630,138.3630,0.0000,0.0000,1540.3630
73,1,3,0,63.2610,165.5760,0.0000,965.1810,194.5420,135.4890,0.0000,0.0000,1524.0490
74,1,3,1,62.2830,165.2120,0.0000,966.4250,194.5780,136.7080,0.0000,0.0000,1525.2060
75,1,3,1,62.5840,164.1780,0.0000,966.8060,195.2430,134.6040,0.0000,0.0000,1523.4150
76,0,3,0,62.8740,166.2650,0.0000,967.1940,193.7170,135.0340,0.0000,0.0000,1525.0840
77,1,3,1,62.9720,165.5390,0.0000,971.1940,210.1780,139.8890,0.0000,0.0000,1549.7720
78,1,3,1,63.6000,170.4060,0.0000,972.8370,196.2030,135.1810,0.0000,0.0000,1538.2270
79,1,3,1,62.3330,167.0220,0.0000,970.0490,193.6370,135.7230,0.0000,0.0000,1528.7640
80,0,3,0,61.7110,168.4430,0.0000,967.0150,194.0740,133.6310,0.0000,0.0000,1524.8740
81,0,3,0,61.6190,165.9020,0.0000,968.0240,195.5390,134.4190,0.0000,0.0000,1525.5030
82,1,3,1,61.7970,164.5970,0.0000,965.5260,192.6470,134.9660,0.0000,0.0000,1519.5330
83,1,3,1,61.6310,165.0710,0.0000,961.1320,200.4000,141.3970,0.0000,0.0000,1529.6310
84,1,3,1,61.3600,168.2030,0.0000,969.2000,196.2950,134.9240,0.0000,0.0000,1529.9820
85,1,3,1,61.7970,164.8000,0.0000,970.1600,194.4000,135.2930,0.0000,0.0000,1526.4500
86,0,3,1,62.2890,165.6430,0.0000,966.0670,193.3970,134.7020,0.0000,0.0000,1522.0980
87,1,3,1,61.5690,164.2580,0.0000,967.9690,194.9170,132.8860,0.0000,0.0000,1521.5990
88,1,3,0,63.3730,166.0740,0.0000,967.0710,192.8190,132.6710,0.0000,0.0000,1522.0080
89,1,3,1,61.2680,162.9110,0.0000,961.4160,202.1410,137.3350,0.0000,0.0000,1525.0710
90,1,3,1,61.9760,165.8650,0.0000,967.4830,194.0240,134.4740,0.0000,0.0000,1523.8220
91,1,3,0,62.7820,164.1660,0.0000,968.2030,193.8160,135.5140,0.0000,0.0000,1524.4810
92,1,3,1,63.2310,165.7540,0.0000,967.6920,194.8740,132.9660,0.0000,0.0000,1524.5170
93,1,3,1,61.8030,164.7820,0.0000,970.2220,192.4930,134.0740,0.0000,0.0000,1523.3740
94,1,3,1,62.4930,163.8530,0.0000,969.4710,195.4770,135.9930,0.0000,0.0000,1527.2870
95,1,3,1,63.2250,163.1020,0.0000,969.7050,248.0680,136.1970,0.0000,0.0000,1580.2970
96,1,3,1,62.5170,168.2710,0.0000,972.5720,197.8090,134.4740,0.0000,0.0000,1535.6430
97,1,3,1,62.4490,168.1720,0.0000,966.6650,196.7880,133.8400,0.0000,0.0000,1527.9140
98,1,3,1,63.0340,165.4280,0.0000,972.9050,194.4620,133.5750,0.0000,0.0000,1529.4040
99,1,3,1,60.5110,165.0890,0.0000,969.7540,193.5820,132.3880,0.0000,0.0000,1521.3240
100,1,3,1,62.2400,165.0640,0.0000,966.9170,192.5040,134.1970,0.0000,0.0000,1520.9220
101,1,3,1,62.9850,165.3110,0.0000,964.4370,230.0560,139.4160,0.0000,0.0000,1562.2050
102,1,3,1,63.5200,168.6890,0.0000,966.5350,194.5970,134.7320,0.0000,0.0000,1528.0730
103,1,3,1,60.9230,164.6890,0.0000,971.1940,194.5170,136.1540,0.0000,0.0000,1527.4770
104,1,3,0,61.7410,163.4030,0.0000,966.8250,192.5780,134.2960,0.0000,0.0000,1518.8430
105,1,3,1,61.0650,164.3500,0.0000,967.7170,195.0460,134.4120,0.0000,0.0000,1522.5900
106,1,3,0,60.1360,165.3360,0.0000,970.0430,192.1050,132.8670,0.0000,0.0000,1520.4870
107,1,3,0,69.9070,173.9260,0.0000,971.8340,197.9820,186.1600,0.0000,0.0000,1599.8090
108,1,3,1,66.1600,176.3690,0.0000,973.5570,197.2800,141.1930,0.0000,0.0000,1554.5590
109,1,3,1,62.7010,169.5380,0.0000,969.9880,194.4680,136.2520,0.0000,0.0000,1532.9470
110,0,3,0,61.6120,166.5910,0.0000,970.6280,194.3270,135.7910,0.0000,0.0000,1528.9490
111,1,3,1,63.8220,166.5600,0.0000,965.5320,195.9690,133.6310,0.0000,0.0000,1525.5140
112,1,3,1,63.9450,165.4330,0.0000,966.2340,195.9570,134.4550,0.0000,0.0000,1526.0240
113,1,3,1,60.9110,165.1870,0.0000,971.7050,194.2040,134.7760,0.0000,0.0000,1526.7830
114,1,3,1,60.8670,228.6400,0.0000,971.5510,199.1940,137.6060,0.0000,0.0000,1597.8580
115,1,3,1,63.5630,167.5380,0.0000,968.4370,196.8060,134.6770,0.0000,0.0000,1531.0210
116,1,3,1,61.9690,166.5170,0.0000,971.1080,194.0440,135.0710,0.0000,0.0000,1528.7090
117,0,3,0,62.0980,165.5760,0.0000,968.2470,193.6360,134.1100,0.0000,0.0000,1523.6670
118,1,3,1,61.9010,164.1050,0.0000,967.6000,196.7010,133.4830,0.0000,0.0000,1523.7900
119,1,3,1,60.4620,165.4520,0.0000,967.2610,195.4150,130.8310,0.0000,0.0000,1519.4210
120,1,3,1,61.7540,163.7910,0.0000,971.3170,201.3960,137.9940,0.0000,0.0000,1536.2520
121,1,3,1,61.4210,166.3820,0.0000,968.2830,196.2400,133.4460,0.0000,0.0000,1525.7720
122,1,3,1,62.2650,166.4490,0.0000,967.2920,194.6950,133.0090,0.0000,0.0000,1523.7100
123,1,3,1,62.1230,165.9690,0.0000,968.2890,193.3100,133.9690,0.0000,0.0000,1523.6600
124,0,3,0,62.2470,165.2370,0.0000,967.9570,194.8060,134.2340,0.0000,0.0000,1524.4810
125,1,3,1,61.8770,164.5600,0.0000,966.0740,192.3630,132.0180,0.0000,0.0000,1516.8920
126,1,3,1,59.3970,165.2310,0.0000,966.0190,203.6990,139.0400,0.0000,0.0000,1533.3860
127,1,3,1,62.9170,167.9700,0.0000,968.1350,196.4310,136.1230,0.0000,0.0000,1531.5760
128,1,3,1,63.1260,165.6240,0.0000,968.1850,194.0430,133.6680,0.0000,0.0000,1524.6460
129,0,3,1,61.2060,164.5600,0.0000,967.2930,194.3940,134.0070,0.0000,0.0000,1521.4600
130,0,3,0,61.1390,166.0620,0.0000,964.1970,194.2640,134.6150,0.0000,0.0000,1520.2770
131,1,3,1,63.2800,164.1540,0.0000,968.3750,193.1750,135.6060,0.0000,0.0000,1524.5900
132,1,3,1,61.1510,164.4920,0.0000,974.9780,203.8650,136.0500,0.0000,0.0000,1540.5360
133,1,3,1,62.7010,167.9880,0.0000,969.5070,195.6370,135.0460,0.0000,0.0000,1530.8790
134,0,3,0,62.3330,164.7010,0.0000,968.0670,193.2920,133.7480,0.0000,0.0000,1522.1410
135,1,3,1,61.2680,165.7910,0.0000,967.9440,193.4650,134.9480,0.0000,0.0000,1523.4160
136,1,3,1,62.1110,166.5970,0.0000,967.4890,194.0000,136.0620,0.0000,0.0000,1526.2590
137,1,3,1,61.8530,163.3850,0.0000,971.7480,194.6960,133.5450,0.0000,0.0000,1525.2270
138,0,3,0,61.5940,164.3820,0.0000,970.6090,232.6090,150.3630,0.0000,0.0000,1579.5570
139,1,3,1,65.0330,175.8090,0.0000,971.7350,201.9570,139.1570,0.0000,0.0000,1553.6910
140,0,3,0,63.4710,169.0220,0.0000,969.4900,196.5230,136.4550,0.0000,0.0000,1534.9610
141,1,3,1,61.7410,168.5110,0.0000,964.1910,196.7200,133.7540,0.0000,0.0000,1524.9170
142,1,3,1,62.1840,164.2340,0.0000,967.9140,193.8830,133.8890,0.0000,0.0000,1522.1040
143,1,3,1,62.1540,165.9020,0.0000,967.5760,193.5820,133.2430,0.0000,0.0000,1522.4570
144,1,3,1,60.8370,167.2370,0.0000,962.8240,202.9790,137.9690,0.0000,0.0000,1531.8460
145,1,3,1,61.1390,168.9170,0.0000,966.6150,194.4490,137.0950,0.0000,0.0000,1528.2150
146,1,3,1,63.1940,165.7410,0.0000,972.9100,196.1600,135.3420,0.0000,0.0000,1533.3470
147,1,3,1,62.2960,166.1040,0.0000,966.9720,193.8030,133.6800,0.0000,0.0000,1522.8550
148,1,3,1,64.1350,164.9050,0.0000,968.7940,193.4100,134.3560,0.0000,0.0000,1525.6000
149,1,3,1,61.3910,164.9240,0.0000,968.7070,195.3350,134.4180,0.0000,0.0000,1524.7750
150,1,3,1,61.9750,164.7140,0.0000,962.5480,256.7570,138.8370,0.0000,0.0000,1584.8310
151,1,3,1,61.9140,169.5200,0.0000,970.8000,197.9320,136.1360,0.0000,0.0000,1536.3020
152,1,3,1,62.2770,164.9410,0.0000,966.8620,194.9910,134.0370,0.0000,0.0000,1523.1080
153,1,3,1,62.3380,166.0800,0.0000,967.1440,192.5480,133.0640,0.0000,0.0000,1521.1740
154,1,3,1,62.6520,165.5320,0.0000,968.3940,191.7540,133.6490,0.0000,0.0000,1521.9810
155,1,3,1,62.0370,167.1320,0.0000,966.3870,192.3870,134.4860,0.0000,0.0000,1522.4290
156,1,3,1,61.6000,164.9540,0.0000,970.0370,193.6930,179.9200,0.0000,0.0000,1570.2040
157,1,3,1,62.0740,170.9300,0.0000,967.9200,197.1570,133.9690,0.0000,0.0000,1532.0500
158,0,3,0,60.8980,167.0830,0.0000,964.8250,196.3380,135.7230,0.0000,0.0000,1524.8670
159,1,3,1,62.0310,164.9660,0.0000,971.5390,191.4890,134.2770,0.0000,0.0000,1524.3020
160,1,3,1,61.3790,166.3320,0.0000,964.6890,194.4800,135.0890,0.0000,0.0000,1521.9690
161,1,3,0,61.5940,163.4210,0.0000,968.7500,192.0490,134.2220,0.0000,0.0000,1520.0360
162,1,3,1,62.7200,164.6270,0.0000,971.3780,193.0900,134.3450,0.0000,0.0000,1526.1600
163,1,3,1,108.1230,172.6830,0.0000,972.6030,198.3020,135.0700,0.0000,0.0000,1586.7810
164,0,3,0,62.8250,168.0000,0.0000,966.6030,196.8130,134.0060,0.0000,0.0000,1528.2470
165,0,3,0,61.6500,165.6190,0.0000,966.2280,192.2830,133.3780,0.0000,0.0000,1519.1580
166,1,3,1,61.3290,164.5170,0.0000,972.8060,195.1570,132.3880,0.0000,0.0000,1526.1970
167,0,3,0,63.5690,163.9570,0.0000,965.9940,193.4340,134.3810,0.0000,0.0000,1521.3350
168,1,3,1,63.2000,163.3840,0.0000,972.1790,193.6250,132.9480,0.0000,0.0000,1525.3360
169,0,3,0,60.6960,206.2770,0.0000,973.1940,206.8860,139.9760,0.0000,0.0000,1587.0290
170,0,3,1,64.0920,168.9050,0.0000,972.0370,198.1360,134.9470,0.0000,0.0000,1538.1170
171,1,3,1,61.1760,164.7390,0.0000,964.5970,196.4740,134.3270,0.0000,0.0000,1521.3130
172,1,3,1,61.8650,165.5690,0.0000,966.2710,194.4800,132.6030,0.0000,0.0000,1520.7880
173,1,3,1,61.5200,164.3820,0.0000,964.1910,192.1910,134.2270,0.0000,0.0000,1516.5110
174,1,3,1,61.6000,167.1390,0.0000,968.7010,193.9200,132.7690,0.0000,0.0000,1524.1290
175,1,3,1,62.5290,164.9780,0.0000,960.4550,201.3230,138.2030,0.0000,0.0000,1527.4880
176,0,3,0,61.5380,165.7840,0.0000,968.9050,194.8300,135.6370,0.0000,0.0000,1526.6940
177,1,3,1,61.3420,165.5820,0.0000,968.6280,194.6650,136.5970,0.0000,0.0000,1526.8140
178,1,3,1,63.6130,166.4610,0.0000,967.8520,194.2580,136.3080,0.0000,0.0000,1528.4920
179,1,3,1,61.1510,165.1870,0.0000,968.3570,195.6560,132.7880,0.0000,0.0000,1523.1390
180,1,3,1,61.0590,165.5870,0.0000,966.5290,193.9140,133.4400,0.0000,0.0000,1520.5290
181,1,3,1,61.0280,165.2250,0.0000,973.2370,198.5660,135.4770,0.0000,0.0000,1533.5330
182,1,3,1,62.0740,169.1140,0.0000,970.0620,194.3020,134.4430,0.0000,0.0000,1529.9950
183,1,3,1,62.3940,165.9630,0.0000,966.1970,194.1170,134.0370,0.0000,0.0000,1522.7080
184,1,3,1,60.3760,165.2000,0.0000,963.4090,193.8090,135.1640,0.0000,0.0000,1517.9580
185,1,3,1,63.2680,164.8430,0.0000,968.7200,194.5110,134.3940,0.0000,0.0000,1525.7360
186,1,3,1,62.8860,166.2460,0.0000,968.8930,192.9850,132.3450,0.0000,0.0000,1523.3550
187,0,3,1,59.7780,163.6550,0.0000,966.4120,205.5200,138.1420,0.0000,0.0000,1533.5070
188,1,3,1,63.3110,168.2100,0.0000,969.2180,196.3940,135.3040,0.0000,0.0000,1532.4370
189,1,3,1,60.3940,166.0620,0.0000,969.3230,194.9850,134.8240,0.0000,0.0000,1525.5880
190,0,3,0,60.9840,165.2920,0.0000,966.1480,195.5260,135.2500,0.0000,0.0000,1523.2000
191,1,3,1,61.9320,165.5810,0.0000,968.5960,193.0770,134.5600,0.0000,0.0000,1523.7460
192,1,3,1,62.4070,166.1970,0.0000,963.8890,192.7200,133.3970,0.0000,0.0000,1518.6100
193,1,3,1,60.3330,165.1940,0.0000,969.7970,201.5880,136.2220,0.0000,0.0000,1533.1340
194,1,3,1,64.0680,168.1720,0.0000,970.5420,195.5200,136.5600,0.0000,0.0000,1534.8620
195,1,3,1,61.1940,164.5780,0.0000,968.5600,194.6030,134.7320,0.0000,0.0000,1523.6670
196,0,3,0,60.7880,164.1100,0.0000,970.3930,192.3450,133.3730,0.0000,0.0000,1521.0090
197,1,3,1,61.2430,165.7470,0.0000,965.2000,194.7380,134.4740,0.0000,0.0000,1521.4020
198,1,3,1,61.9750,164.3870,0.0000,967.8100,194.1230,132.7940,0.0000,0.0000,1521.0890
199,1,3,1,60.9110,165.2240,0.0000,970.4860,243.1940,138.4310,0.0000,0.0000,1578.2460
200,0,3,0,63.8890,170.8060,0.0000,969.6930,197.1440,134.5040,0.0000,0.0000,1536.0360
201,1,3,1,61.7350,167.0960,0.0000,966.1660,194.5230,134.0860,0.0000,0.0000,1523.6060
202,1,3,1,62.9040,164.1480,0.0000,969.9020,193.5320,133.7050,0.0000,0.0000,1524.1910
203,1,3,1,59.6000,164.1540,0.0000,971.3300,193.1570,134.5970,0.0000,0.0000,1522.8380
204,1,3,1,61.7300,164.8870,0.0000,965.6800,193.6620,135.9200,0.0000,0.0000,1521.8790
205,1,3,1,62.2580,167.3730,0.0000,964.2650,194.5050,175.0460,0.0000,0.0000,1563.4470
206,1,3,1,63.4400,168.9720,0.0000,970.4120,195.9750,136.8920,0.0000,0.0000,1535.6910
207,1,3,1,62.4980,167.2490,0.0000,968.0060,195.6920,133.9570,0.0000,0.0000,1527.4020
208,1,3,1,62.5230,164.7760,0.0000,969.2610,193.2180,133.2680,0.0000,0.0000,1523.0460
209,0,3,0,61.2250,165.8960,0.0000,971.1690,194.0860,133.6560,0.0000,0.0000,1526.0320
210,1,3,1,62.6950,165.0090,0.0000,966.7200,193.9330,136.0130,0.0000,0.0000,1524.3700
211,1,3,1,60.7320,163.1200,0.0000,967.6800,194.0610,131.9750,0.0000,0.0000,1517.5680
212,1,3,1,61.9070,211.4460,0.0000,970.1730,198.1600,137.5750,0.0000,0.0000,1579.2610
213,0,3,0,60.2890,168.5470,0.0000,970.8680,193.5940,132.9360,0.0000,0.0000,1526.2340
214,1,3,1,61.5320,165.5330,0.0000,966.7810,195.0770,134.4120,0.0000,0.0000,1523.3350
215,0,3,0,62.0550,165.8950,0.0000,967.4580,194.6710,133.8150,0.0000,0.0000,1523.8940
216,1,3,1,60.0740,164.7820,0.0000,966.6830,193.7780,135.0950,0.0000,0.0000,1520.4120
217,1,3,1,63.3360,165.9130,0.0000,966.1790,194.1730,133.7420,0.0000,0.0000,1523.3430
218,0,3,0,61.6310,164.1910,0.0000,966.0980,200.7510,137.8400,0.0000,0.0000,1530.5110
219,1,3,1,63.2920,170.2710,0.0000,970.9600,195.4340,135.4890,0.0000,0.0000,1535.4460
220,1,3,1,62.3630,165.0470,0.0000,967.7720,192.4370,137.2190,0.0000,0.0000,1524.8380
221,1,3,1,62.3260,164.6150,0.0000,969.3780,192.1540,133.6370,0.0000,0.0000,1522.1100
222,1,3,1,61.6370,165.2060,0.0000,965.5140,194.8800,134.7690,0.0000,0.0000,1522.0060
223,1,3,1,61.0950,167.1690,0.0000,966.2460,196.3380,132.2710,0.0000,0.0000,1523.1190
224,0,3,0,62.9480,164.7010,0.0000,975.7910,203.8210,137.9140,0.0000,0.0000,1545.1750
225,1,3,1,61.7540,168.2650,0.0000,971.3360,196.9540,137.0960,0.0000,0.0000,1535.4050
226,0,3,0,61.6670,167.2740,0.0000,972.3630,194.7570,135.0220,0.0000,0.0000,1531.0830
227,1,3,1,62.3940,164.7750,0.0000,969.3110,193.8090,134.4860,0.0000,0.0000,1524.7750
228,1,3,1,61.2990,164.5290,0.0000,964.8310,195.1140,134.3390,0.0000,0.0000,1520.1120
229,1,3,1,62.2650,165.7970,0.0000,969.4960,195.8590,132.8560,0.0000,0.0000,1526.2730
230,1,3,1,62.7450,164.0860,0.0000,962.9850,202.8860,136.3700,0.0000,0.0000,1529.0720
231,1,3,1,62.5850,167.2860,0.0000,966.6400,196.0370,133.8400,0.0000,0.0000,1526.3880
232,1,3,1,63.1630,164.1900,0.0000,970.9720,193.5270,133.8640,0.0000,0.0000,1525.7160
233,1,3,1,62.6340,167.2550,0.0000,970.6400,192.5290,135.4460,0.0000,0.0000,1528.5040
234,1,3,0,60.4430,165.5010,0.0000,971.9140,193.0580,134.2710,0.0000,0.0000,1525.1870
235,1,3,1,61.2310,165.2990,0.0000,965.4770,193.8580,133.9080,0.0000,0.0000,1519.7730
236,1,3,1,62.5170,164.9170,0.0000,977.4160,215.3540,142.3140,0.0000,0.0000,1562.5180
237,1,3,1,63.9630,170.2340,0.0000,971.8950,197.6560,138.0620,0.0000,0.0000,1541.8100
238,1,3,1,64.5040,166.7200,0.0000,966.2400,195.4400,134.9110,0.0000,0.0000,1527.8150
239,1,3,1,61.3110,166.7320,0.0000,971.9450,194.7940,134.3940,0.0000,0.0000,1529.1760
240,1,3,1,61.5510,166.4740,0.0000,966.5600,192.7940,134.7380,0.0000,0.0000,1522.1170
241,1,3,1,60.7200,167.1570,0.0000,968.3020,193.1750,133.6860,0.0000,0.0000,1523.0400
242,1,3,1,61.1080,165.2240,0.0000,982.6890,201.9870,137.1500,0.0000,0.0000,1548.1580
243,1,3,1,63.3600,168.7810,0.0000,969.3170,195.7110,135.4710,0.0000,0.0000,1532.6400
244,1,3,1,58.8740,166.5600,0.0000,966.9350,196.4920,133.5690,0.0000,0.0000,1522.4300
245,1,3,1,61.6310,166.2640,0.0000,971.0640,193.8580,135.2120,0.0000,0.0000,1528.0290
246,1,3,1,60.8370,165.7780,0.0000,968.1480,192.8990,133.9020,0.0000,0.0000,1521.5640
247,0,3,0,62.3630,163.1010,0.0000,967.0520,193.0150,133.5560,0.0000,0.0000,1519.0870
248,1,3,1,61.4590,165.5020,0.0000,967.0590,243.7790,137.5940,0.0000,0.0000,1575.3930
249,1,3,1,63.3290,169.6060,0.0000,971.4160,195.2060,136.1530,0.0000,0.0000,1535.7100
250,1,3,1,62.1970,165.8590,0.0000,968.4550,195.8040,135.4460,0.0000,0.0000,1527.7610
251,1,3,1,62.2100,165.2120,0.0000,967.8960,193.1630,137.2740,0.0000,0.0000,1525.7550
252,1,3,1,62.0060,164.5420,0.0000,968.4060,194.0310,135.0830,0.0000,0.0000,1524.0680
253,1,3,1,59.9200,164.4920,0.0000,964.8440,194.8560,132.2220,0.0000,0.0000,1516.3340
254,1,3,1,64.3690,164.0550,0.0000,968.0490,192.6950,174.1480,0.0000,0.0000,1563.3160
255,1,3,1,64.1110,169.9570,0.0000,969.8520,195.2240,135.5080,0.0000,0.0000,1534.6520
256,1,3,1,60.8430,166.1790,0.0000,964.7270,194.8430,133.3910,0.0000,0.0000,1519.9830
257,1,3,1,61.7480,165.4590,0.0000,967.7350,194.4680,133.5450,0.0000,0.0000,1522.9550
258,1,3,1,61.7110,167.4830,0.0000,970.4000,193.7720,135.9010,0.0000,0.0000,1529.2670
259,0,3,0,63.0210,165.7230,0.0000,971.3170,194.6590,132.8800,0.0000,0.0000,1527.6000
260,0,3,0,61.2240,165.8530,0.0000,967.5020,194.7140,134.0550,0.0000,0.0000,1523.3480
261,1,3,1,62.9480,224.6460,0.0000,970.5170,198.9840,136.9660,0.0000,0.0000,1594.0610
262,1,3,1,62.6950,167.1320,0.0000,969.0340,192.5660,135.7480,0.0000,0.0000,1527.1750
263,1,3,1,61.5440,164.6150,0.0000,962.8740,194.4670,133.5690,0.0000,0.0000,1517.0690
264,1,3,1,62.2520,165.1820,0.0000,966.2530,194.6220,133.9140,0.0000,0.0000,1522.2230
265,1,3,1,61.0210,166.8180,0.0000,968.4240,191.1750,132.9480,0.0000,0.0000,1520.3860
266,1,3,1,61.6250,165.5390,0.0000,968.3570,192.8250,134.2270,0.0000,0.0000,1522.5730
267,1,3,1,60.8610,164.8740,0.0000,997.3300,199.8090,136.4930,0.0000,0.0000,1559.3670
268,1,3,1,62.7700,167.0530,0.0000,971.0400,194.7820,135.4210,0.0000,0.0000,1531.0660
269,1,3,1,61.9260,164.7510,0.0000,966.5540,192.2770,134.8500,0.0000,0.0000,1520.3580
270,1,3,1,62.8870,163.4890,0.0000,965.8100,192.5230,135.2060,0.0000,0.0000,1519.9150
271,1,3,1,62.0000,165.5200,0.0000,969.4150,195.1450,133.5260,0.0000,0.0000,1525.6060
272,1,3,1,62.8740,164.9540,0.0000,969.8460,192.2520,134.9290,0.0000,0.0000,1524.8550
273,1,3,1,62.6400,163.7910,0.0000,970.3760,199.3420,135.6990,0.0000,0.0000,1531.8480
274,1,3,1,60.9850,166.6280,0.0000,971.3910,195.8280,137.2740,0.0000,0.0000,1532.1060
275,0,3,0,63.8100,165.8590,0.0000,968.8430,195.5200,135.5320,0.0000,0.0000,1529.5640
276,1,3,1,61.7360,163.8840,0.0000,970.0240,193.9750,134.8000,0.0000,0.0000,1524.4190
277,1,3,1,63.2490,164.6830,0.0000,967.9200,191.9010,134.0490,0.0000,0.0000,1521.8020
278,0,3,0,61.6680,163.5260,0.0000,966.7510,194.3140,132.6580,0.0000,0.0000,1518.9170
279,1,3,1,62.2770,164.4300,0.0000,969.5320,199.3730,140.3080,0.0000,0.0000,1535.9200
280,1,3,0,63.0400,166.6890,0.0000,971.9690,196.0860,133.9750,0.0000,0.0000,1531.7590
281,1,3,1,61.9690,165.6250,0.0000,967.8340,193.2250,133.9760,0.0000,0.0000,1522.6290
282,1,3,1,60.8920,167.0400,0.0000,965.2620,195.2240,132.6100,0.0000,0.0000,1521.0280
283,1,3,1,62.0000,164.9540,0.0000,966.6030,196.2340,133.6180,0.0000,0.0000,1523.4090
284,1,3,1,59.7350,165.7970,0.0000,968.1230,194.0560,132.8550,0.0000,0.0000,1520.5660
285,1,3,1,60.9420,166.3130,0.0000,972.5410,201.1690,138.6030,0.0000,0.0000,1539.5680
286,1,3,1,63.1450,166.7750,0.0000,971.7360,194.7940,135.4400,0.0000,0.0000,1531.8900
287,1,3,1,62.7260,165.6670,0.0000,970.0990,194.1970,134.7940,0.0000,0.0000,1527.4830
288,0,3,0,63.1750,165.1930,0.0000,970.6150,194.9350,134.7010,0.0000,0.0000,1528.6190
289,1,3,1,62.4060,165.2800,0.0000,968.3450,195.4150,133.2670,0.0000,0.0000,1524.7130
290,1,3,1,60.6590,165.0830,0.0000,968.0370,194.5050,133.5140,0.0000,0.0000,1521.7980
291,1,3,1,61.5140,163.3790,0.0000,967.7160,201.2250,134.7760,0.0000,0.0000,1528.6100
292,1,3,1,61.9450,167.0280,0.0000,969.8100,195.7540,134.2340,0.0000,0.0000,1528.7710
293,1,3,1,68.8800,175.2180,0.0000,969.9260,199.1630,139.1320,0.0000,0.0000,1552.3190
294,1,3,1,62.4070,168.9480,0.0000,968.5540,194.5350,134.8860,0.0000,0.0000,1529.3300
295,1,3,1,61.5380,165.0210,0.0000,966.6530,196.0490,133.5390,0.0000,0.0000,1522.8000
296,1,3,1,62.0180,165.8270,0.0000,969.2670,193.2430,133.6990,0.0000,0.0000,1524.0540
297,1,3,1,60.6590,165.7720,0.0000,970.0190,264.4190,140.4680,0.0000,0.0000,1601.3370
298,1,3,1,63.9820,170.4060,0.0000,968.7510,195.7600,136.3570,0.0000,0.0000,1535.2560
299,0,3,0,62.4000,165.8890,0.0000,965.9390,195.5810,133.4950,0.0000,0.0000,1523.3040
300,1,3,1,62.9540,164.5910,0.0000,968.1110,195.1440,133.8650,0.0000,0.0000,1524.6650
301,1,3,1,61.1080,165.5690,0.0000,965.4210,194.0490,132.7140,0.0000,0.0000,1518.8610
302,1,3,1,61.7970,163.8770,0.0000,970.5910,194.6220,134.0860,0.0000,0.0000,1524.9730
303,1,3,1,61.1320,164.9660,0.0000,964.8740,191.7660,179.4160,0.0000,0.0000,1562.1540
304,1,3,1,63.3230,169.3780,0.0000,968.4680,194.4740,137.2000,0.0000,0.0000,1532.8430
305,1,3,1,63.0960,165.7910,0.0000,968.1420,192.2580,135.4590,0.0000,0.0000,1524.7460
306,1,3,1,60.8980,163.7790,0.0000,962.6590,193.7290,134.7820,0.0000,0.0000,1515.8470
307,1,3,1,63.2800,167.3600,0.0000,972.2580,193.3230,135.6130,0.0000,0.0000,1531.8340
308,1,3,1,60.3440,164.2460,0.0000,967.3660,193.3170,134.6340,0.0000,0.0000,1519.9070
309,1,3,1,62.5660,165.0950,0.0000,968.8620,193.8280,134.0130,0.0000,0.0000,1524.3640
310,1,3,0,112.0800,171.3540,0.0000,973.9320,196.7870,138.2770,0.0000,0.0000,1592.4300
311,1,3,1,63.6190,169.1390,0.0000,969.3170,196.7130,133.6680,0.0000,0.0000,1532.4560
312,1,3,1,62.0740,167.9130,0.0000,965.5080,193.2310,133.2860,0.0000,0.0000,1522.0120
313,1,3,1,62.7570,163.6060,0.0000,969.9450,194.6150,135.1690,0.0000,0.0000,1526.0920
314,1,3,1,62.6210,163.8580,0.0000,969.2310,194.8670,133.8460,0.0000,0.0000,1524.4230
315,1,3,1,62.2650,164.7200,0.0000,967.9320,193.4210,132.7500,0.0000,0.0000,1521.0880
316,1,3,1,61.0830,206.9540,0.0000,968.1660,199.4400,134.4070,0.0000,0.0000,1570.0500
317,1,3,0,61.8220,166.7570,0.0000,970.2210,196.3200,135.2550,0.0000,0.0000,1530.3750
318,1,3,1,60.9660,165.9690,0.0000,961.7660,194.3820,132.8740,0.0000,0.0000,1515.9570
319,0,3,0,61.1080,165.2800,0.0000,967.6310,193.7110,133.9380,0.0000,0.0000,1521.6680
320,1,3,1,62.4930,163.3790,0.0000,966.1230,196.4920,132.9110,0.0000,0.0000,1521.3980
321,1,3,1,62.8430,166.6030,0.0000,967.1690,196.2650,134.7560,0.0000,0.0000,1527.6360
322,1,3,1,61.6980,166.0680,0.0000,968.0620,200.6520,137.1940,0.0000,0.0000,1533.6740
323,1,3,1,61.2980,168.2830,0.0000,966.1540,197.4160,134.5850,0.0000,0.0000,1527.7360
324,1,3,1,62.1290,166.8550,0.0000,968.4240,192.9660,134.1540,0.0000,0.0000,1524.5280
325,1,3,1,61.9940,164.7880,0.0000,969.3170,192.0680,134.6340,0.0000,0.0000,1522.8010
326,1,3,1,63.5880,164.4310,0.0000,967.3230,195.7790,133.0520,0.0000,0.0000,1524.1730
327,1,3,1,62.1230,162.3080,0.0000,971.7530,194.6650,132.0730,0.0000,0.0000,1522.9220
328,1,3,1,62.6090,162.9300,0.0000,970.9600,200.5110,135.4220,0.0000,0.0000,1532.4320
329,1,3,1,62.3320,168.8060,0.0000,966.8740,196.4740,134.2590,0.0000,0.0000,1528.7450
330,1,3,1,64.7570,164.7140,0.0000,970.1420,197.2490,134.6150,0.0000,0.0000,1531.4770
331,1,3,1,61.1810,165.7350,0.0000,965.7170,196.0370,135.8650,0.0000,0.0000,1524.5350
332,1,3,1,60.4490,164.4430,0.0000,965.7100,193.2440,135.1440,0.0000,0.0000,1518.9900
333,0,3,0,60.8860,164.2210,0.0000,967.0830,193.4280,132.3200,0.0000,0.0000,1517.9380
334,1,3,1,60.3200,162.8370,0.0000,973.0340,221.7110,145.9070,0.0000,0.0000,1563.8090
335,1,3,1,63.7530,174.9040,0.0000,973.5450,200.1660,138.5110,0.0000,0.0000,1550.8790
336,1,3,1,61.9940,166.7510,0.0000,972.0500,195.4100,134.6830,0.0000,0.0000,1530.8880
337,0,3,1,61.4830,164.8680,0.0000,967.0520,192.3630,137.5700,0.0000,0.0000,1523.3360
338,1,3,1,62.2160,164.4490,0.0000,967.6740,195.6860,134.4310,0.0000,0.0000,1524.4560
339,1,3,1,62.1730,165.4770,0.0000,966.1230,194.6280,133.1700,0.0000,0.0000,1521.5710
340,1,3,1,60.4860,163.4890,0.0000,961.0950,199.3170,139.6060,0.0000,0.0000,1523.9930
341,1,3,1,61.8950,166.8310,0.0000,966.4730,193.2310,135.1820,0.0000,0.0000,1523.6120
342,1,3,1,64.3260,167.1750,0.0000,967.6130,194.2090,135.0460,0.0000,0.0000,1528.3690
343,1,3,1,62.5970,166.9540,0.0000,967.9820,195.1630,133.0340,0.0000,0.0000,1525.7300
344,1,3,1,62.7810,166.6890,0.0000,966.0180,195.4030,135.2610,0.0000,0.0000,1526.1520
345,1,3,1,60.9660,163.8460,0.0000,970.0120,191.2860,133.0650,0.0000,0.0000,1519.1750
346,1,3,1,62.5970,163.4890,0.0000,1012.7330,200.1540,136.9910,0.0000,0.0000,1575.9640
347,1,3,1,61.9260,167.9630,0.0000,972.8980,193.8900,136.0800,0.0000,0.0000,1532.7570
348,1,3,1,61.1260,166.8120,0.0000,967.6610,194.4620,133.9450,0.0000,0.0000,1524.0060
349,1,3,1,61.1380,166.5540,0.0000,964.2770,194.6900,134.3630,0.0000,0.0000,1521.0220
350,1,3,1,62.6030,164.5720,0.0000,966.7200,193.5080,134.6710,0.0000,0.0000,1522.0740
351,1,3,0,61.4590,163.8530,0.0000,967.7040,193.1810,135.8960,0.0000,0.0000,1522.0930
352,1,3,1,63.0830,164.9170,0.0000,967.6550,230.9970,138.2160,0.0000,0.0000,1564.8680
353,1,3,1,60.3870,169.9010,0.0000,972.7820,194.3510,134.3750,0.0000,0.0000,1531.7960
354,1,3,1,61.7170,167.1940,0.0000,965.1320,195.7110,135.4650,0.0000,0.0000,1525.2190
355,0,3,0,61.5200,165.0460,0.0000,968.8490,192.6890,132.8000,0.0000,0.0000,1520.9040
356,1,3,1,61.6310,164.9240,0.0000,966.8550,192.3880,134.2160,0.0000,0.0000,1520.0140
357,1,3,1,60.9410,164.7270,0.0000,965.1630,193.3170,134.1910,0.0000,0.0000,1518.3390
358,1,3,1,62.1780,166.4550,0.0000,968.8550,195.4100,135.2860,0.0000,0.0000,1528.1840
359,1,3,1,65.5810,171.5760,0.0000,967.8950,197.4770,136.2090,0.0000,0.0000,1538.7380
360,1,3,1,61.8770,165.6060,0.0000,968.7930,192.0860,134.6400,0.0000,0.0000,1523.0020
361,1,3,1,62.9780,164.2590,0.0000,968.9480,196.1660,134.5540,0.0000,0.0000,1526.9050
362,1,3,1,62.2330,165.1630,0.0000,969.3910,193.8830,134.4860,0.0000,0.0000,1525.1560
363,1,3,1,61.9270,165.2870,0.0000,968.0500,192.4300,134.1540,0.0000,0.0000,1521.8480
364,0,3,0,61.7160,164.6340,0.0000,966.2830,191.7670,133.3600,0.0000,0.0000,1517.7600
365,1,3,1,62.1720,215.1130,0.0000,973.1380,199.0400,137.6620,0.0000,0.0000,1587.1250
366,1,3,1,62.2650,168.8180,0.0000,969.6990,194.7570,135.9380,0.0000,0.0000,1531.4770
367,1,3,1,62.6530,165.5690,0.0000,967.1750,193.6800,134.9050,0.0000,0.0000,1523.9820
368,1,3,1,61.6430,166.0370,0.0000,968.7940,194.2960,133.8830,0.0000,0.0000,1524.6530
369,1,3,1,62.3810,164.4610,0.0000,968.6340,193.8460,134.1160,0.0000,0.0000,1523.4380
370,1,3,1,63.8030,165.6370,0.0000,968.7020,195.4210,134.0310,0.0000,0.0000,1527.5940
371,1,3,1,62.6830,167.0400,0.0000,965.2980,208.2960,139.0580,0.0000,0.0000,1542.3750
372,1,3,1,63.1260,170.1110,0.0000,970.1230,200.2580,134.9230,0.0000,0.0000,1538.5410
373,1,3,1,62.4000,166.4120,0.0000,970.0980,195.1200,135.7730,0.0000,0.0000,1529.8030
374,1,3,1,61.2550,165.1750,0.0000,969.0090,193.5140,158.3440,0.0000,0.0000,1547.2970
375,1,3,1,83.5010,228.8120,0.0000,994.9970,343.4210,232.9600,0.0000,0.0000,1883.6910
376,1,3,1,93.7910,254.8060,0.0000,993.9500,349.6620,204.5910,0.0000,0.0000,1896.8000
377,1,3,1,84.4490,253.4090,0.0000,1000.6650,306.1040,193.6240,0.0000,0.0000,1838.2510
378,1,3,1,83.4710,230.2530,0.0000,989.6800,310.3880,209.3600,0.0000,0.0000,1823.1520
379,1,3,1,93.0520,251.2620,0.0000,985.2490,306.3820,192.2890,0.0000,0.0000,1828.2340
380,1,3,1,86.1780,225.4460,0.0000,983.5750,296.5970,201.8950,0.0000,0.0000,1793.6910
381,0,3,0,85.6250,227.2060,0.0000,981.4650,305.0280,269.2730,0.0000,0.0000,1868.5970
382,1,3,1,91.8340,259.9750,0.0000,991.9570,319.8090,211.8950,0.0000,0.0000,1875.4700
383,1,3,1,88.2100,234.7200,0.0000,995.9140,298.4560,201.4700,0.0000,0.0000,1818.7700
384,1,3,1,82.6150,223.7970,0.0000,997.0400,297.8090,200.0610,0.0000,0.0000,1801.3220
385,0,3,0,85.2190,244.8180,0.0000,997.0270,301.7900,204.4860,0.0000,0.0000,1833.3400
386,1,3,1,89.5570,243.7480,0.0000,990.0860,314.5910,281.6440,0.0000,0.0000,1919.6260
387,1,3,1,90.6220,251.2560,0.0000,993.5140,289.6000,192.4500,0.0000,0.0000,1817.4420
388,1,3,1,83.8950,242.6340,0.0000,999.5690,328.4130,212.5840,0.0000,0.0000,1867.0950
389,1,3,1,85.7910,258.7260,0.0000,992.7510,279.1880,195.3170,0.0000,0.0000,1811.7730
390,1,3,1,88.9720,239.5510,0.0000,993.9010,287.5750,191.3900,0.0000,0.0000,1801.3890
391,1,3,1,79.1880,233.3660,0.0000,995.3110,321.8950,206.6770,0.0000,0.0000,1836.4370
392,1,3,0,96.4000,251.8220,0.0000,993.2060,300.0360,197.9450,0.0000,0.0000,1839.4090
393,1,3,1,82.0740,243.9130,0.0000,982.5170,291.4090,190.2710,0.0000,0.0000,1790.1840
394,1,3,1,84.7760,226.9720,0.0000,984.4250,308.5540,211.0280,0.0000,0.0000,1815.7550
395,1,3,1,89.0280,242.1780,0.0000,990.1540,314.3020,193.5510,0.0000,0.0000,1829.2130
396,1,3,1,88.0310,234.9040,0.0000,991.0030,293.9690,198.6460,0.0000,0.0000,1806.5530
397,1,3,1,86.4370,307.1260,0.0000,991.5940,319.6180,207.0520,0.0000,0.0000,1911.8270
398,1,3,1,82.9970,249.4150,0.0000,993.6000,327.8460,208.8060,0.0000,0.0000,1862.6640
399,1,3,1,87.6310,238.5730,0.0000,994.6470,301.3720,198.9910,0.0000,0.0000,1821.2140
400,1,3,1,83.0710,228.7260,0.0000,992.4000,295.5630,197.2800,0.0000,0.0000,1797.0400
401,1,3,1,83.6860,239.8100,0.0000,982.0310,325.2980,210.2710,0.0000,0.0000,1841.0960
402,1,3,1,82.0800,433.7540,0.0000,986.7880,312.7870,200.0370,0.0000,0.0000,2015.4460
403,1,3,1,82.2890,246.9720,0.0000,994.2340,282.4800,196.5600,0.0000,0.0000,1802.5350
404,1,3,1,84.7200,240.7940,0.0000,984.7320,314.9040,199.2730,0.0000,0.0000,1824.4230
405,1,3,0,83.9080,244.3270,0.0000,990.3020,308.5420,211.7730,0.0000,0.0000,1838.8520
406,1,3,1,88.2030,248.6520,0.0000,995.6240,286.3940,192.0980,0.0000,0.0000,1810.9710
407,1,3,1,82.4370,295.9570,0.0000,990.3750,315.8220,178.9790,0.0000,0.0000,1863.5700
408,1,3,1,72.6270,201.4900,0.0000,980.7630,214.0430,144.8120,0.0000,0.0000,1613.7350
409,1,3,1,67.0270,175.8650,0.0000,971.3420,199.5260,140.0310,0.0000,0.0000,1553.7910
410,1,3,1,63.7910,168.8310,0.0000,973.5810,196.2950,135.4220,0.0000,0.0000,1537.9200
411,1,3,1,62.4190,166.0730,0.0000,964.0430,192.8000,135.3050,0.0000,0.0000,1520.6400
412,1,3,0,62.4430,165.9510,0.0000,964.6950,194.5540,236.1230,0.0000,0.0000,1623.7660
413,0,3,0,68.6520,187.9630,0.0000,974.3080,204.9040,142.5910,0.0000,0.0000,1578.4180
414,1,3,1,64.4610,169.9690,0.0000,972.9970,198.8250,134.9970,0.0000,0.0000,1541.2490
415,1,3,1,61.2500,165.5320,0.0000,967.4090,196.0800,134.9600,0.0000,0.0000,1525.2310
416,1,3,1,62.3080,166.4610,0.0000,968.2710,194.0800,132.6100,0.0000,0.0000,1523.7300
417,1,3,1,64.2520,164.4560,0.0000,966.6770,194.5600,133.1320,0.0000,0.0000,1523.0770
418,0,3,0,60.9600,165.1140,0.0000,968.8180,193.6680,190.9050,0.0000,0.0000,1579.4650
419,1,3,1,67.1140,182.7020,0.0000,972.4180,204.2270,141.1140,0.0000,0.0000,1567.5750
420,0,3,0,63.0890,169.0340,0.0000,967.9390,198.0120,136.2340,0.0000,0.0000,1534.3080
421,1,3,0,62.5470,167.8470,0.0000,970.5970,195.7050,133.0340,0.0000,0.0000,1529.7300
422,1,3,1,63.4950,164.4370,0.0000,968.8730,193.7360,134.0560,0.0000,0.0000,1524.5970
423,1,3,1,62.6210,164.6530,0.0000,966.6400,192.4550,135.0030,0.0000,0.0000,1521.3720
424,0,3,0,60.2650,163.7540,0.0000,967.1330,193.0220,134.1100,0.0000,0.0000,1518.2840
425,1,3,1,141.1700,180.2520,0.0000,976.4430,206.5420,143.4830,0.0000,0.0000,1647.8900
426,1,3,1,64.8860,170.6950,0.0000,970.9160,197.9200,136.6280,0.0000,0.0000,1541.0450
427,1,3,1,63.4580,168.4310,0.0000,969.6990,196.3320,135.5080,0.0000,0.0000,1533.4280
428,1,3,1,62.6160,167.5690,0.0000,970.2580,195.3170,134.1360,0.0000,0.0000,1529.8960
429,1,3,0,60.9290,163.3170,0.0000,969.8650,196.1970,134.9110,0.0000,0.0000,1525.2190
430,1,3,1,62.2150,166.1970,0.0000,966.2220,192.7700,133.2550,0.0000,0.0000,1520.6590
431,1,3,1,61.3720,226.1840,0.0000,977.1570,211.8400,142.1350,0.0000,0.0000,1618.6880
432,1,3,1,64.4190,172.2890,0.0000,970.5360,197.0400,135.4210,0.0000,0.0000,1539.7050
433,1,3,1,62.0370,168.4800,0.0000,970.0060,196.0370,135.9140,0.0000,0.0000,1532.4740
434,1,3,1,61.6490,164.8930,0.0000,969.6990,195.0150,132.8680,0.0000,0.0000,1524.1240
435,1,3,1,61.4830,165.9070,0.0000,967.4890,194.4860,135.6120,0.0000,0.0000,1524.9770
436,0,3,0,63.4210,164.4860,0.0000,971.2550,193.4460,135.4220,0.0000,0.0000,1528.0300
437,1,3,1,62.0310,231.7970,0.0000,971.3730,208.7450,140.6270,0.0000,0.0000,1614.5730
438,0,3,0,62.8990,171.5940,0.0000,970.5170,197.6180,136.9230,0.0000,0.0000,1539.5510
439,1,3,1,63.4270,166.0860,0.0000,969.2070,195.6980,134.1170,0.0000,0.0000,1528.5350
440,1,3,1,61.5380,165.5820,0.0000,963.6740,193.6920,133.8830,0.0000,0.0000,1518.3690
441,1,3,0,61.9390,164.6090,0.0000,972.1050,194.5660,135.1450,0.0000,0.0000,1528.3640
442,1,3,1,61.5750,164.6030,0.0000,969.1570,193.2240,135.3780,0.0000,0.0000,1523.9370
443,1,3,1,61.1870,165.3230,0.0000,972.0060,203.2800,136.5730,0.0000,0.0000,1538.3690
444,1,3,1,62.9110,166.0740,0.0000,977.5320,195.5630,135.6000,0.0000,0.0000,1537.6800
445,1,3,1,61.4090,165.1690,0.0000,967.4890,195.5080,135.5750,0.0000,0.0000,1525.1500
446,0,3,0,62.4620,165.5870,0.0000,967.7910,195.1630,134.5970,0.0000,0.0000,1525.6000
447,1,3,1,60.6640,163.5560,0.0000,968.6830,194.0800,132.4000,0.0000,0.0000,1519.3830
448,1,3,1,60.8240,164.4310,0.0000,967.7050,193.3350,133.3850,0.0000,0.0000,1519.6800
449,0,3,0,61.7170,164.0370,0.0000,961.4530,203.3970,138.6270,0.0000,0.0000,1529.2310
450,1,3,1,63.2860,165.8900,0.0000,968.4610,195.4640,137.0520,0.0000,0.0000,1530.1530
451,1,3,1,62.7390,168.3200,0.0000,971.5390,195.0830,134.0800,0.0000,0.0000,1531.7610
452,1,3,1,63.0400,165.4160,0.0000,969.2680,195.1390,134.6950,0.0000,0.0000,1527.5580
453,1,3,1,60.2830,165.9270,0.0000,971.8160,193.7600,134.3820,0.0000,0.0000,1526.1680
454,0,3,0,61.2250,164.3630,0.0000,969.1450,192.9910,134.4990,0.0000,0.0000,1522.2230
455,1,3,1,62.0000,166.5530,0.0000,973.1200,203.3420,135.8210,0.0000,0.0000,1540.8360
456,1,3,1,62.0550,168.6160,0.0000,969.7660,196.8990,134.0740,0.0000,0.0000,1531.4100
457,1,3,1,64.0490,168.2400,0.0000,967.0150,194.1170,134.0250,0.0000,0.0000,1527.4460
458,1,3,1,62.7380,164.4190,0.0000,965.8400,195.8520,134.0740,0.0000,0.0000,1522.9230
459,0,3,1,61.4950,166.3260,0.0000,969.1570,192.1110,135.2740,0.0000,0.0000,1524.3630
460,1,3,1,61.6990,164.0310,0.0000,965.0900,194.2770,133.7730,0.0000,0.0000,1518.8700
461,1,3,1,63.7600,164.3260,0.0000,970.7320,202.6400,135.6490,0.0000,0.0000,1537.1070
462,0,3,0,63.1500,169.1750,0.0000,969.3540,195.9630,138.0490,0.0000,0.0000,1535.6910
463,1,3,1,63.2680,166.1230,0.0000,966.6710,195.1750,135.7470,0.0000,0.0000,1526.9840
464,1,3,1,61.9570,166.2770,0.0000,968.6280,194.4250,134.7690,0.0000,0.0000,1526.0560
465,1,3,1,61.7910,163.3850,0.0000,969.1380,194.8440,133.5940,0.0000,0.0000,1522.7520
466,1,3,1,61.8830,162.9530,0.0000,964.5360,195.5140,133.6430,0.0000,0.0000,1518.5290
467,1,3,1,60.9790,164.3820,0.0000,1011.1200,205.0590,137.5810,0.0000,0.0000,1579.1210
468,1,3,1,63.3530,167.6740,0.0000,972.3380,196.7080,135.3110,0.0000,0.0000,1535.3840
469,1,3,1,60.6400,165.6250,0.0000,965.5940,197.0890,134.8000,0.0000,0.0000,1523.7480
470,1,3,1,64.6280,166.9110,0.0000,969.6610,195.3410,133.2670,0.0000,0.0000,1529.8080
471,1,3,1,61.3050,166.5970,0.0000,970.5540,193.7720,132.5790,0.0000,0.0000,1524.8070
472,1,3,1,61.4770,164.8990,0.0000,970.1780,195.3230,134.5670,0.0000,0.0000,1526.4440
473,1,3,1,61.8890,165.1390,0.0000,966.6400,247.0220,137.0030,0.0000,0.0000,1577.6930
474,0,3,1,62.4610,169.7230,0.0000,970.2520,197.8590,136.1600,0.0000,0.0000,1536.4550
475,1,3,1,62.7260,167.4330,0.0000,969.2430,195.2490,134.0370,0.0000,0.0000,1528.6880
476,0,3,1,60.6520,164.4670,0.0000,964.1360,190.7440,134.2150,0.0000,0.0000,1514.2140
477,1,3,1,62.2530,164.1240,0.0000,970.8930,193.9450,133.0030,0.0000,0.0000,1524.2180
478,0,3,0,63.8330,164.2890,0.0000,964.0310,192.0430,136.1350,0.0000,0.0000,1520.3310
479,1,3,1,61.9320,166.7630,0.0000,967.6680,195.9270,173.3360,0.0000,0.0000,1565.6260
480,1,3,1,63.3160,168.9780,0.0000,969.0710,197.2980,135.8770,0.0000,0.0000,1534.5400
481,1,3,1,62.3880,165.3790,0.0000,969.9130,194.8680,137.0950,0.0000,0.0000,1529.6430
482,1,3,1,60.3140,166.3560,0.0000,968.8250,194.1230,132.4920,0.0000,0.0000,1522.1100
483,1,3,1,61.2490,162.7630,0.0000,964.9410,194.0860,133.9140,0.0000,0.0000,1516.9530
484,1,3,1,62.9350,165.8590,0.0000,969.7850,194.4620,134.2590,0.0000,0.0000,1527.3000
485,1,3,0,62.8190,165.2670,0.0000,966.4560,194.0190,132.0490,0.0000,0.0000,1520.6100
486,1,3,1,63.9320,218.2090,0.0000,972.4310,197.3040,136.6640,0.0000,0.0000,1588.5400
487,1,3,1,62.8370,169.0530,0.0000,968.6470,195.6800,134.0240,0.0000,0.0000,1530.2410
488,1,3,0,62.8550,168.4670,0.0000,967.1570,193.0710,135.6490,0.0000,0.0000,1527.1990
489,1,3,1,61.5560,162.4680,0.0000,970.3630,194.4550,134.9600,0.0000,0.0000,1523.8020
490,1,3,1,60.9910,164.4240,0.0000,969.4470,195.2300,133.9630,0.0000,0.0000,1524.0550
491,1,3,1,60.7140,165.0950,0.0000,965.2180,193.9380,133.9200,0.0000,0.0000,1518.8850
492,0,3,0,61.0220,164.6030,0.0000,1017.0220,203.1260,137.5940,0.0000,0.0000,1583.3670
493,1,3,1,62.6590,166.6590,0.0000,970.7940,193.9080,136.3330,0.0000,0.0000,1530.3530
494,0,3,0,62.0740,165.6800,0.0000,964.6220,195.1140,135.5450,0.0000,0.0000,1523.0350
495,1,3,1,62.2830,165.9570,0.0000,969.1750,193.1380,135.2250,0.0000,0.0000,1525.7780
496,1,3,1,61.9760,165.0830,0.0000,970.2030,193.6620,133.6360,0.0000,0.0000,1524.5600
497,1,3,1,62.6890,164.9900,0.0000,969.2060,192.9230,134.1840,0.0000,0.0000,1523.9920
498,1,3,1,62.1300,166.6270,0.0000,959.9880,203.6990,137.6680,0.0000,0.0000,1530.1120
499,1,3,1,61.8340,171.4890,0.0000,972.4490,194.7200,135.1750,0.0000,0.0000,1535.6670
500,1,3,1,62.4680,166.2770,0.0000,973.3410,193.9140,134.7380,0.0000,0.0000,1530.7380
501,1,3,1,61.8160,164.3200,0.0000,968.8180,192.4800,135.2860,0.0000,0.0000,1522.7200
502,1,3,1,62.4240,164.4980,0.0000,968.0060,193.1510,134.1110,0.0000,0.0000,1522.1900
503,1,3,1,60.1050,164.6030,0.0000,966.7630,195.3410,133.8090,0.0000,0.0000,1520.6210
504,1,3,1,62.7320,165.4710,0.0000,959.1500,204.7500,136.2340,0.0000,0.0000,1528.3370
505,1,3,1,62.0920,166.8490,0.0000,966.9170,197.0710,135.2560,0.0000,0.0000,1528.1850
506,1,3,1,60.8490,165.6550,0.0000,965.9440,193.7850,135.5880,0.0000,0.0000,1521.8210
507,0,3,0,61.9320,165.0840,0.0000,966.0000,195.0400,134.0920,0.0000,0.0000,1522.1480
508,1,3,1,63.5940,165.2250,0.0000,967.4520,195.3230,134.0740,0.0000,0.0000,1525.6680
509,1,3,1,61.4520,165.3170,0.0000,971.3540,193.9630,132.7810,0.0000,0.0000,1524.8670
510,1,3,1,62.8250,165.7670,0.0000,970.7330,205.6560,138.5040,0.0000,0.0000,1543.4850
511,1,3,1,63.3230,169.0030,0.0000,971.1880,198.2590,135.5750,0.0000,0.0000,1537.3480
512,1,3,0,62.1290,166.2520,0.0000,967.6860,193.2990,134.3320,0.0000,0.0000,1523.6980
513,1,3,1,62.2840,166.1110,0.0000,966.8130,193.6070,135.7480,0.0000,0.0000,1524.5630
514,1,3,1,63.1320,164.5470,0.0000,966.6770,194.5600,134.4180,0.0000,0.0000,1523.3340
515,1,3,1,61.5500,167.1450,0.0000,967.7350,195.6550,133.0520,0.0000,0.0000,1525.1370
516,1,3,1,63.1510,164.8620,0.0000,969.0280,202.8190,137.6990,0.0000,0.0000,1537.5590
517,0,3,0,63.9570,167.4950,0.0000,968.5660,195.3410,134.6330,0.0000,0.0000,1529.9920
518,1,3,1,64.7070,167.9010,0.0000,967.5820,196.1480,133.5020,0.0000,0.0000,1529.8400
519,1,3,1,60.2640,165.4160,0.0000,969.6130,193.2800,136.9230,0.0000,0.0000,1525.4960
520,1,3,1,62.1420,165.2310,0.0000,966.8370,193.5390,132.6710,0.0000,0.0000,1520.4200
521,1,3,1,61.0530,163.8520,0.0000,968.0000,194.6460,134.8310,0.0000,0.0000,1522.3820
522,1,3,1,62.3700,166.7020,0.0000,966.7320,237.6680,136.2400,0.0000,0.0000,1569.7120
523,1,3,1,61.3410,169.4950,0.0000,967.9260,195.4580,134.8120,0.0000,0.0000,1529.0320
524,1,3,1,61.7660,164.9660,0.0000,967.9390,193.9510,133.7910,0.0000,0.0000,1522.4130
525,1,3,1,61.8580,165.0220,0.0000,966.9350,193.3290,134.2470,0.0000,0.0000,1521.3910
526,1,3,0,64.5910,164.9110,0.0000,970.4310,194.5410,133.9260,0.0000,0.0000,1528.4000
527,1,3,1,62.0430,163.9010,0.0000,968.7690,193.3910,133.2000,0.0000,0.0000,1521.3040
528,1,3,1,61.2610,164.5230,0.0000,963.8280,195.1940,178.9910,0.0000,0.0000,1563.7970
529,1,3,1,64.4120,170.8610,0.0000,968.5420,197.6980,135.0030,0.0000,0.0000,1536.5160
530,1,3,1,62.8000,169.3170,0.0000,973.4710,196.3630,133.1380,0.0000,0.0000,1535.0890
531,1,3,1,61.5380,167.9630,0.0000,968.5660,195.1940,135.2490,0.0000,0.0000,1528.5100
532,1,3,1,60.8680,166.3750,0.0000,970.5720,193.1140,133.6610,0.0000,0.0000,1524.5900
533,1,3,1,61.5940,165.6610,0.0000,969.1570,193.4640,133.4100,0.0000,0.0000,1523.2860
534,0,3,0,60.7010,165.7660,0.0000,968.0560,193.3720,132.1600,0.0000,0.0000,1520.0550
535,1,3,1,61.3850,172.1660,0.0000,970.6090,196.5480,136.1660,0.0000,0.0000,1536.8740
536,0,3,0,62.3500,166.3820,0.0000,966.5540,193.9750,135.3350,0.0000,0.0000,1524.5960
537,1,3,1,61.8520,164.3880,0.0000,969.3360,196.0800,133.0160,0.0000,0.0000,1524.6720
538,1,3,1,62.1420,164.7080,0.0000,969.8280,193.3600,131.8960,0.0000,0.0000,1521.9340
539,1,3,1,61.5630,163.6980,0.0000,966.7570,195.6430,131.8090,0.0000,0.0000,1519.4700
540,1,3,1,61.3360,165.3660,0.0000,968.6400,192.0860,134.1910,0.0000,0.0000,1521.6190
541,1,3,1,61.0220,161.9810,0.0000,1008.6150,200.1110,136.0670,0.0000,0.0000,1567.7960
542,0,3,0,63.7290,165.9200,0.0000,968.0560,196.7260,133.2500,0.0000,0.0000,1527.6810
543,1,3,1,62.3750,166.1660,0.0000,964.3940,194.9540,135.1450,0.0000,0.0000,1523.0340
544,1,3,0,62.3130,164.9470,0.0000,964.8800,195.7660,134.1170,0.0000,0.0000,1522.0230
545,0,3,0,61.0340,165.3470,0.0000,965.5690,193.7540,132.3500,0.0000,0.0000,1518.0540
546,1,3,1,61.8580,166.1040,0.0000,965.6800,192.3330,134.7140,0.0000,0.0000,1520.6890
547,0,3,0,62.5420,164.6460,0.0000,961.0580,205.2980,139.0090,0.0000,0.0000,1532.5530
548,1,3,1,63.1450,168.1470,0.0000,969.5630,195.7660,136.0310,0.0000,0.0000,1532.6520
549,1,3,1,62.1170,169.4090,0.0000,967.7970,193.6680,133.2560,0.0000,0.0000,1526.2470
550,0,3,0,60.9660,163.1690,0.0000,966.6460,195.2860,135.5880,0.0000,0.0000,1521.6550
551,0,3,0,63.0710,166.0610,0.0000,967.9320,193.2560,133.9630,0.0000,0.0000,1524.2830
552,1,3,1,60.4610,163.1690,0.0000,966.9840,192.2700,134.5970,0.0000,0.0000,1517.4810
553,1,3,0,60.1410,165.8520,0.0000,969.6610,201.5630,137.3790,0.0000,0.0000,1534.5960
554,1,3,1,63.0770,168.1850,0.0000,970.7080,196.7260,135.4210,0.0000,0.0000,1534.1170
555,1,3,1,62.6640,165.3050,0.0000,968.0490,195.2860,133.6550,0.0000,0.0000,1524.9590
556,0,3,0,62.3440,165.7110,0.0000,969.5570,194.1910,134.2650,0.0000,0.0000,1526.0680
557,0,3,1,62.1300,166.6640,0.0000,968.1910,193.9320,133.7970,0.0000,0.0000,1524.7140
558,1,3,1,62.2340,162.9660,0.0000,968.4240,194.7010,133.6250,0.0000,0.0000,1521.9500
559,1,3,1,60.4670,165.1500,0.0000,971.1690,204.0130,136.0120,0.0000,0.0000,1536.8110
560,1,3,1,63.1880,169.9450,0.0000,971.4580,195.8710,135.2680,0.0000,0.0000,1535.7300
561,1,3,1,63.3110,166.5360,0.0000,965.5320,194.6770,136.0870,0.0000,0.0000,1526.1430
562,1,3,1,63.2310,165.8150,0.0000,965.4770,193.9450,135.4150,0.0000,0.0000,1523.8830
563,1,3,1,61.8400,165.2310,0.0000,966.7880,193.1390,134.1850,0.0000,0.0000,1521.1830
564,1,3,1,62.5040,163.0340,0.0000,965.6740,194.0800,136.0310,0.0000,0.0000,1521.3230
565,1,3,1,61.7350,165.6250,0.0000,970.4240,200.8670,136.6770,0.0000,0.0000,1535.3280
566,1,3,1,62.3200,167.7970,0.0000,968.0370,195.2920,135.3660,0.0000,0.0000,1528.8120
567,0,3,0,61.6610,164.1480,0.0000,967.1260,196.0670,136.1350,0.0000,0.0000,1525.1370
568,1,3,1,61.0640,164.3570,0.0000,965.5510,195.1690,133.9200,0.0000,0.0000,1520.0610
569,0,3,0,61.7350,163.9510,0.0000,966.9480,193.6500,133.4090,0.0000,0.0000,1519.6930
570,1,3,1,61.1130,168.0190,0.0000,971.5320,194.1970,132.7640,0.0000,0.0000,1527.6250
571,0,3,0,60.6270,165.3540,0.0000,966.7330,237.9330,136.8060,0.0000,0.0000,1567.4530
572,1,3,1,62.6150,167.9810,0.0000,967.9570,197.0340,135.4150,0.0000,0.0000,1531.0020
573,0,3,0,62.0680,167.1330,0.0000,965.6740,193.8090,132.5540,0.0000,0.0000,1521.2380
574,0,3,1,61.7290,164.9600,0.0000,971.1440,193.2930,133.9390,0.0000,0.0000,1525.0650
575,1,3,1,62.1230,163.3050,0.0000,965.6000,193.9010,134.1230,0.0000,0.0000,1519.0520
576,1,3,1,63.1380,163.7110,0.0000,965.1010,193.5690,136.7140,0.0000,0.0000,1522.2330
577,1,3,1,62.2710,166.4680,0.0000,965.7850,193.0580,177.2120,0.0000,0.0000,1564.7940
578,0,3,0,62.9790,171.7780,0.0000,969.2430,196.3330,135.5750,0.0000,0.0000,1535.9080
579,1,3,1,61.1570,166.0680,0.0000,968.8920,194.8430,134.6340,0.0000,0.0000,1525.5940
580,0,3,0,62.9170,166.3820,0.0000,968.0490,193.4590,134.4490,0.0000,0.0000,1525.2560
581,1,3,1,61.2370,164.3880,0.0000,969.7730,193.7540,132.0060,0.0000,0.0000,1521.1580
582,1,3,1,62.4250,165.9320,0.0000,972.0560,194.5910,135.7300,0.0000,0.0000,1530.7340
583,1,3,1,61.8960,165.1010,0.0000,970.2340,193.3350,132.5970,0.0000,0.0000,1523.1630
584,1,3,1,61.2190,221.1390,0.0000,969.1700,197.2680,135.5510,0.0000,0.0000,1584.3470
585,1,3,1,63.8270,167.1880,0.0000,965.6990,195.9700,134.7140,0.0000,0.0000,1527.3980
586,0,3,0,60.3570,166.5540,0.0000,968.3200,192.2770,134.2830,0.0000,0.0000,1521.7910
587,1,3,1,61.4530,164.8990,0.0000,966.4430,194.6340,135.6920,0.0000,0.0000,1523.1210
588,1,3,1,60.9290,164.5230,0.0000,968.7080,194.5100,132.2090,0.0000,0.0000,1520.8790
589,1,3,1,61.7850,164.3200,0.0000,967.5630,193.9690,131.8030,0.0000,0.0000,1519.4400
590,1,3,1,60.9600,166.5240,0.0000,1017.4650,201.4530,138.0310,0.0000,0.0000,1584.4330
591,1,3,1,61.6300,168.2840,0.0000,972.3940,194.2830,136.1970,0.0000,0.0000,1532.7880
592,0,3,1,61.3780,168.3200,0.0000,969.8460,194.0550,133.4650,0.0000,0.0000,1527.0640
593,1,3,1,62.4370,165.7790,0.0000,965.0150,193.5690,134.2030,0.0000,0.0000,1521.0030
594,1,3,1,61.7040,165.1940,0.0000,967.3600,194.2700,133.8710,0.0000,0.0000,1522.3990
595,1,3,1,60.8070,165.9140,0.0000,967.5260,195.0700,132.6150,0.0000,0.0000,1521.9320
596,1,3,1,63.7850,166.2770,0.0000,974.4430,201.3720,136.3260,0.0000,0.0000,1542.2030
597,0,3,0,62.9600,168.6030,0.0000,973.0280,194.2890,135.2370,0.0000,0.0000,1534.1170
598,1,3,1,61.0030,166.2700,0.0000,969.0830,194.9350,133.4890,0.0000,0.0000,1524.7800
599,1,3,1,60.9230,163.6620,0.0000,970.8920,193.7970,136.4740,0.0000,0.0000,1525.7480
600,1,3,1,61.3780,164.4680,0.0000,968.0310,192.5670,133.2310,0.0000,0.0000,1519.6750
601,1,3,1,61.1810,165.1750,0.0000,974.5170,193.3050,135.7840,0.0000,0.0000,1529.9620
602,1,3,1,61.4460,166.0620,0.0000,974.8250,202.9540,136.5900,0.0000,0.0000,1541.8770
603,1,3,1,62.0740,168.1040,0.0000,971.1510,195.7970,133.7170,0.0000,0.0000,1530.8430
604,1,3,1,63.2610,166.6090,0.0000,967.0770,195.3040,135.3290,0.0000,0.0000,1527.5800
605,1,3,1,62.7810,165.7910,0.0000,967.1390,194.5160,133.9810,0.0000,0.0000,1524.2080
606,1,3,1,63.3670,166.4920,0.0000,969.3840,193.5510,135.5690,0.0000,0.0000,1528.3630
607,1,3,1,62.0860,166.0070,0.0000,967.8090,195.1140,133.7480,0.0000,0.0000,1524.7640
608,0,3,0,60.7070,164.6890,0.0000,967.1870,203.1880,137.4520,0.0000,0.0000,1533.2230
609,1,3,1,61.1380,169.3290,0.0000,971.1450,198.1410,135.1140,0.0000,0.0000,1534.8670
610,1,3,0,61.5450,164.7630,0.0000,966.2830,194.5540,134.9840,0.0000,0.0000,1522.1290
611,1,3,1,60.7080,165.5260,0.0000,964.8300,194.4370,134.7930,0.0000,0.0000,1520.2940
612,1,3,1,62.1540,165.0220,0.0000,968.1840,192.8500,134.0730,0.0000,0.0000,1522.2830
613,1,3,1,59.9700,163.4150,0.0000,969.0580,193.3790,133.4090,0.0000,0.0000,1519.2310
614,1,3,1,61.7600,164.5290,0.0000,972.9840,201.8280,135.9630,0.0000,0.0000,1537.0640
615,0,3,0,62.6710,166.1970,0.0000,964.9410,195.2240,132.9910,0.0000,0.0000,1522.0240
616,1,3,1,62.0860,167.5570,0.0000,968.1910,193.8770,133.8580,0.0000,0.0000,1525.5690
617,1,3,1,61.5750,167.3660,0.0000,968.2210,195.3780,132.3440,0.0000,0.0000,1524.8840
618,1,3,1,60.7760,166.3880,0.0000,966.8070,193.0700,134.2280,0.0000,0.0000,1521.2690
619,1,3,1,73.6680,176.8250,0.0000,971.8590,198.0190,139.2920,0.0000,0.0000,1559.6630
620,0,3,0,63.9200,168.6280,0.0000,1007.7730,213.1690,141.9260,0.0000,0.0000,1595.4160
621,1,3,1,61.8280,170.9780,0.0000,972.3690,197.8280,139.1260,0.0000,0.0000,1542.1290
622,1,3,1,62.2890,166.2030,0.0000,967.3850,194.7750,134.7760,0.0000,0.0000,1525.4280
623,1,3,1,63.7540,166.3260,0.0000,970.5290,194.8800,134.3020,0.0000,0.0000,1529.7910
624,1,3,1,61.8710,164.1540,0.0000,969.1260,194.2150,135.7910,0.0000,0.0000,1525.1570
625,1,3,1,63.0890,165.3790,0.0000,966.7070,192.3750,135.9810,0.0000,0.0000,1523.5310
626,1,3,1,62.6890,163.8280,0.0000,964.0430,248.3820,137.8710,0.0000,0.0000,1576.8130
627,1,3,0,63.3290,168.2580,0.0000,971.1270,197.3840,138.1470,0.0000,0.0000,1538.2450
628,1,3,1,64.1910,168.0000,0.0000,971.2990,195.2740,132.7320,0.0000,0.0000,1531.4960
629,1,3,1,61.6120,165.3600,0.0000,965.2980,194.1230,135.6120,0.0000,0.0000,1522.0050
630,0,3,0,62.0000,165.1870,0.0000,968.8490,194.7570,134.0800,0.0000,0.0000,1524.8730
631,1,3,1,61.0900,165.0900,0.0000,966.7080,192.6280,134.4740,0.0000,0.0000,1519.9900
632,1,3,1,62.4370,163.7970,0.0000,971.1820,194.1470,177.5810,0.0000,0.0000,1569.1440
633,0,3,0,62.7260,171.1870,0.0000,967.0400,198.0560,133.3360,0.0000,0.0000,1532.3450
634,0,3,1,62.9730,165.2490,0.0000,969.2190,192.9110,134.0060,0.0000,0.0000,1524.3580
635,1,3,1,62.0500,164.3510,0.0000,967.6370,193.6060,133.2560,0.0000,0.0000,1520.9000
636,1,3,1,62.6090,166.0430,0.0000,965.9440,193.0770,134.8120,0.0000,0.0000,1522.4850
637,1,3,1,61.3100,164.9600,0.0000,969.2180,193.2180,132.2090,0.0000,0.0000,1520.9150
638,0,3,0,60.4060,165.9450,0.0000,966.6830,193.4340,134.3010,0.0000,0.0000,1520.7690
639,1,3,1,61.9820,172.2400,0.0000,964.3750,195.1930,136.7140,0.0000,0.0000,1530.5040
640,1,3,1,62.9230,166.2770,0.0000,971.9700,194.3450,132.5470,0.0000,0.0000,1528.0620
641,1,3,1,62.0930,166.6270,0.0000,968.7260,195.3540,133.7790,0.0000,0.0000,1526.5790
642,1,3,1,61.8400,164.4930,0.0000,963.9020,196.0860,134.6770,0.0000,0.0000,1520.9980
643,1,3,1,61.4960,163.4640,0.0000,969.3970,195.0340,133.6120,0.0000,0.0000,1523.0030
644,1,3,1,62.1600,165.0710,0.0000,967.2120,192.6830,133.9940,0.0000,0.0000,1521.1200
645,1,3,1,62.0430,165.2920,0.0000,975.3290,201.0280,136.3380,0.0000,0.0000,1540.0300
646,1,3,1,64.1600,168.0610,0.0000,968.8610,195.0340,135.8090,0.0000,0.0000,1531.9250
647,1,3,1,62.0120,165.8460,0.0000,964.8000,195.6560,134.7570,0.0000,0.0000,1523.0710
648,1,3,1,63.0770,163.2060,0.0000,972.5290,195.7850,134.4740,0.0000,0.0000,1529.0710
649,1,3,1,61.9510,167.3170,0.0000,970.0800,194.0490,132.7560,0.0000,0.0000,1526.1530
650,0,3,0,63.0890,164.0250,0.0000,971.0210,195.1080,134.3010,0.0000,0.0000,1527.5440
651,1,3,1,62.7880,164.5420,0.0000,968.7440,201.7780,136.3870,0.0000,0.0000,1534.2390
652,1,3,1,62.1970,166.6210,0.0000,971.7410,193.6620,134.0680,0.0000,0.0000,1528.2890
653,0,3,0,62.8670,164.9170,0.0000,966.8860,193.6430,134.9290,0.0000,0.0000,1523.2420
654,1,3,1,62.1100,165.7350,0.0000,972.7440,194.5850,135.3040,0.0000,0.0000,1530.4780
655,0,3,0,62.5420,164.7930,0.0000,969.6120,193.6610,134.0130,0.0000,0.0000,1524.6210
656,1,3,1,63.6620,165.9570,0.0000,967.9510,194.8310,134.2900,0.0000,0.0000,1526.6910
657,1,3,1,62.2340,165.3110,0.0000,971.5750,203.5630,136.9540,0.0000,0.0000,1539.6370
658,1,3,1,62.6150,168.6340,0.0000,970.1540,194.8060,135.2440,0.0000,0.0000,1531.4530
659,1,3,1,61.5690,166.7260,0.0000,969.6370,196.4550,135.6870,0.0000,0.0000,1530.0740
660,1,3,1,61.2130,164.7010,0.0000,967.2930,193.3100,133.3780,0.0000,0.0000,1519.8950
661,1,3,1,61.8220,164.5050,0.0000,969.6870,193.4150,134.8490,0.0000,0.0000,1524.2780
662,1,3,1,61.8770,164.2150,0.0000,969.7910,194.4860,133.4270,0.0000,0.0000,1523.7960
663,0,3,1,62.8060,163.7300,0.0000,969.5880,201.5390,136.5540,0.0000,0.0000,1534.2170
664,1,3,1,63.4520,166.6770,0.0000,968.6770,198.0920,134.9790,0.0000,0.0000,1531.8770
665,1,3,1,62.2770,165.2000,0.0000,967.2800,194.7570,133.8280,0.0000,0.0000,1523.3420
666,1,3,1,60.8800,163.8090,0.0000,967.3970,193.3480,133.8100,0.0000,0.0000,1519.2440
667,0,3,0,61.3170,164.3080,0.0000,962.5170,194.9670,134.5850,0.0000,0.0000,1517.6940
668,1,3,1,61.4520,165.0090,0.0000,965.7110,192.4250,134.3140,0.0000,0.0000,1518.9110
669,1,3,1,61.8710,163.6680,0.0000,968.8300,203.3730,137.9450,0.0000,0.0000,1535.6870
670,1,3,1,62.7690,171.0590,0.0000,970.0860,196.8550,134.4370,0.0000,0.0000,1535.2060
671,1,3,1,63.1140,166.9480,0.0000,968.8490,194.6710,134.3880,0.0000,0.0000,1527.9700
672,1,3,1,61.8950,163.9690,0.0000,969.3780,194.2340,134.2590,0.0000,0.0000,1523.7350
673,1,3,0,62.3260,165.1380,0.0000,967.9930,191.9690,135.1080,0.0000,0.0000,1522.5340
674,0,3,0,61.4400,164.0430,0.0000,966.0800,195.1140,132.7630,0.0000,0.0000,1519.4400
675,1,3,1,61.0340,165.0270,0.0000,970.4620,237.5260,136.7750,0.0000,0.0000,1570.8240
676,0,3,0,60.7880,167.6610,0.0000,969.8530,195.5570,135.2250,0.0000,0.0000,1529.0840
677,1,3,1,61.9320,166.1660,0.0000,968.0180,194.0610,134.6340,0.0000,0.0000,1524.8110
678,0,3,0,62.8980,166.8180,0.0000,969.8830,193.2310,136.4250,0.0000,0.0000,1529.2550
679,1,3,1,61.3720,166.4130,0.0000,968.5420,194.7130,133.8340,0.0000,0.0000,1524.8740
680,1,3,0,61.2980,163.9570,0.0000,967.5380,194.1790,134.9420,0.0000,0.0000,1521.9140
681,1,3,1,62.4800,164.7140,0.0000,968.4930,194.4000,175.5260,0.0000,0.0000,1565.6130
682,1,3,1,63.5330,168.4680,0.0000,971.2980,195.2980,138.8240,0.0000,0.0000,1537.4210
683,1,3,1,62.3690,165.5940,0.0000,964.7750,195.0950,133.4830,0.0000,0.0000,1521.3160
684,1,3,1,63.7840,165.0580,0.0000,971.0650,196.0920,134.3880,0.0000,0.0000,1530.3870
685,1,3,1,62.7260,167.2680,0.0000,968.0370,194.6090,134.9720,0.0000,0.0000,1527.6120
686,1,3,1,63.6620,164.8620,0.0000,966.3690,195.3290,132.8370,0.0000,0.0000,1523.0590
687,1,3,1,61.3230,164.9850,0.0000,969.6730,193.3660,134.1050,0.0000,0.0000,1523.4520
688,1,3,1,101.6370,169.9200,0.0000,970.2770,195.2000,135.3230,0.0000,0.0000,1572.3570
689,1,3,1,64.6340,167.3660,0.0000,971.3660,194.5720,134.1970,0.0000,0.0000,1532.1350
690,1,3,1,60.4370,165.0770,0.0000,968.4190,195.4210,133.6930,0.0000,0.0000,1523.0470
691,1,3,1,61.1940,165.7600,0.0000,970.5480,192.7930,134.3810,0.0000,0.0000,1524.6760
692,1,3,1,61.4160,162.6770,0.0000,970.0180,192.9360,134.9540,0.0000,0.0000,1522.0010
693,1,3,1,61.7290,165.5880,0.0000,969.5450,192.7020,133.5940,0.0000,0.0000,1523.1580
694,1,3,1,61.6370,226.8000,0.0000,970.6400,204.6340,138.5960,0.0000,0.0000,1602.3070
695,0,3,0,63.3360,170.5480,0.0000,968.4000,196.7510,134.7820,0.0000,0.0000,1533.8170
696,1,3,1,63.5690,164.6960,0.0000,967.8650,194.0730,133.5140,0.0000,0.0000,1523.7170
697,1,3,1,62.5600,163.8040,0.0000,969.0400,194.8130,134.3690,0.0000,0.0000,1524.5860
698,0,3,0,62.3630,165.7110,0.0000,968.6460,193.0150,133.1690,0.0000,0.0000,1522.9040
699,1,3,1,61.7540,163.6120,0.0000,967.6680,195.7600,134.3940,0.0000,0.0000,1523.1880
700,1,3,1,62.4240,164.6270,0.0000,971.1450,201.0400,135.5080,0.0000,0.0000,1534.7440
701,1,3,1,61.6560,168.7010,0.0000,974.3200,195.6120,135.0530,0.0000,0.0000,1535.3420
702,1,3,1,61.0160,164.5050,0.0000,968.4310,193.5450,134.6340,0.0000,0.0000,1522.1310
703,1,3,1,62.6960,165.5450,0.0000,969.1880,191.9260,134.0250,0.0000,0.0000,1523.3800
704,1,3,1,61.6310,166.0060,0.0000,965.0890,193.1820,134.0250,0.0000,0.0000,1519.9330
705,1,3,0,60.4000,165.2610,0.0000,967.9020,191.9130,133.0890,0.0000,0.0000,1518.5650
706,1,3,0,60.5290,165.7230,0.0000,971.2190,201.7360,136.7750,0.0000,0.0000,1535.9820
707,0,3,1,62.6840,166.5350,0.0000,972.2580,196.2160,134.6160,0.0000,0.0000,1532.3090
708,1,3,1,64.0120,166.0920,0.0000,966.2090,192.3260,134.7320,0.0000,0.0000,1523.3710
709,1,3,0,61.2860,164.1790,0.0000,967.8340,192.5230,132.2100,0.0000,0.0000,1518.0320
710,1,3,1,61.6180,165.2800,0.0000,967.7050,192.8000,133.3050,0.0000,0.0000,1520.7080
711,1,3,1,62.2650,165.6000,0.0000,969.9080,193.5260,134.3440,0.0000,0.0000,1525.6430
712,1,3,1,61.5940,164.4250,0.0000,970.8370,198.4130,138.1660,0.0000,0.0000,1533.4350
713,1,3,1,62.9720,168.0120,0.0000,967.9880,195.0160,133.9200,0.0000,0.0000,1527.9080
714,1,3,1,61.3350,167.1450,0.0000,969.0400,194.7510,133.3600,0.0000,0.0000,1525.6310
715,1,3,1,62.9600,163.4460,0.0000,968.2340,192.6150,132.8680,0.0000,0.0000,1520.1230
716,1,3,1,62.6030,164.0610,0.0000,968.7630,193.9630,134.5410,0.0000,0.0000,1523.9310
717,1,3,0,62.4120,166.6530,0.0000,966.1240,194.3020,132.5850,0.0000,0.0000,1522.0760
718,1,3,1,63.0960,164.3810,0.0000,964.4370,201.4030,138.9540,0.0000,0.0000,1532.2710
719,1,3,1,62.6770,167.2500,0.0000,972.4560,197.0950,135.6000,0.0000,0.0000,1535.0780
720,1,3,1,61.6000,166.0800,0.0000,965.0090,194.3510,135.6370,0.0000,0.0000,1522.6770
721,1,3,1,60.7140,165.6740,0.0000,966.4680,192.5910,133.6800,0.0000,0.0000,1519.1270
722,0,3,0,60.4800,165.0030,0.0000,964.9970,194.5910,133.3660,0.0000,0.0000,1518.4370
723,1,3,1,61.1140,164.6400,0.0000,965.4330,194.4070,134.2460,0.0000,0.0000,1519.8400
724,1,3,1,60.4560,164.7260,0.0000,969.9330,234.2900,134.7260,0.0000,0.0000,1564.1310
725,1,3,1,63.2430,167.5760,0.0000,971.9820,195.6800,134.4610,0.0000,0.0000,1532.9420
726,1,3,1,61.3230,167.2310,0.0000,967.9010,195.5870,135.8280,0.0000,0.0000,1527.8700
727,1,3,1,61.4340,165.0960,0.0000,968.0370,194.4860,135.8400,0.0000,0.0000,1524.8930
728,1,3,1,62.8240,162.9970,0.0000,965.6250,195.1810,133.1630,0.0000,0.0000,1519.7900
729,1,3,0,60.8860,164.1780,0.0000,965.1500,190.8250,132.4980,0.0000,0.0000,1513.5370
730,1,3,1,61.3660,163.4400,0.0000,967.2490,192.0180,200.8310,0.0000,0.0000,1584.9040
731,1,3,1,63.7040,169.9450,0.0000,969.4890,198.8310,136.9040,0.0000,0.0000,1538.8730
732,1,3,1,62.4060,167.7420,0.0000,968.4860,194.6160,134.4250,0.0000,0.0000,1527.6750
733,1,3,1,60.7690,166.4860,0.0000,968.4680,196.4920,134.2220,0.0000,0.0000,1526.4370
734,1,3,1,61.9260,165.5260,0.0000,967.1500,193.0460,133.7230,0.0000,0.0000,1521.3710
735,1,3,0,62.0800,165.3970,0.0000,968.4500,193.6550,134.8370,0.0000,0.0000,1524.4190
736,1,3,1,64.2580,165.7840,0.0000,970.3560,192.9850,134.1600,0.0000,0.0000,1527.5430
737,1,3,1,101.3970,171.0030,0.0000,975.3720,195.7230,137.3230,0.0000,0.0000,1580.8180
738,1,3,1,62.9600,166.0300,0.0000,968.3880,196.0680,134.3200,0.0000,0.0000,1527.7660
739,1,3,1,62.9290,165.9630,0.0000,969.8400,189.4960,134.0120,0.0000,0.0000,1522.2400
740,1,3,1,62.3450,162.6470,0.0000,966.9170,195.2060,134.9720,0.0000,0.0000,1522.0870
741,1,3,1,60.7880,165.0270,0.0000,970.1050,194.6090,133.6500,0.0000,0.0000,1524.1790
742,1,3,1,61.3970,165.0160,0.0000,966.0180,194.8310,133.0770,0.0000,0.0000,1520.3390
743,1,3,1,60.8180,201.1810,0.0000,967.3420,200.8680,135.8030,0.0000,0.0000,1566.0120
744,1,3,1,64.6960,168.0370,0.0000,967.4400,196.7570,133.9260,0.0000,0.0000,1530.8560
745,1,3,1,60.5480,166.4490,0.0000,967.5260,194.6710,134.0370,0.0000,0.0000,1523.2310
746,1,3,1,61.2860,164.9600,0.0000,964.8920,195.9630,133.7040,0.0000,0.0000,1520.8050
747,1,3,1,61.4830,168.1420,0.0000,968.8800,193.3050,134.5420,0.0000,0.0000,1526.3520
748,1,3,1,60.7140,167.3540,0.0000,970.9230,194.8920,134.1290,0.0000,0.0000,1528.0120
749,0,3,0,61.2620,165.1510,0.0000,974.4300,201.6490,136.0060,0.0000,0.0000,1538.4980
750,1,3,1,62.2700,167.2550,0.0000,971.5320,194.9230,135.4090,0.0000,0.0000,1531.3890
751,1,3,1,63.7540,165.0770,0.0000,969.0650,193.2490,132.9470,0.0000,0.0000,1524.0920
752,0,3,1,62.5670,167.7350,0.0000,967.1140,191.5020,132.1900,0.0000,0.0000,1521.1080
753,1,3,0,60.1230,166.2890,0.0000,965.4950,194.8000,133.6000,0.0000,0.0000,1520.3070
754,1,3,1,61.5320,166.1480,0.0000,969.6490,193.2310,133.8340,0.0000,0.0000,1524.3940
755,0,3,0,61.4710,165.5020,0.0000,972.7500,203.0890,135.7540,0.0000,0.0000,1538.5660
756,1,3,1,61.7600,168.8740,0.0000,968.5530,194.9040,135.5940,0.0000,0.0000,1529.6850
757,1,3,1,62.3130,166.9840,0.0000,965.7600,193.9820,133.8470,0.0000,0.0000,1522.8860
758,1,3,1,60.7320,164.0680,0.0000,967.4270,193.4270,133.2060,0.0000,0.0000,1518.8600
759,1,3,1,61.4890,165.3970,0.0000,967.8700,194.5720,134.1780,0.0000,0.0000,1523.5060
760,1,3,1,61.4220,165.7720,0.0000,965.8710,194.0120,133.6800,0.0000,0.0000,1520.7570
761,1,3,1,61.0280,166.5910,0.0000,963.6240,204.0130,138.4920,0.0000,0.0000,1533.7480
762,1,3,1,63.5260,166.1960,0.0000,968.2580,194.9040,136.6640,0.0000,0.0000,1529.5480
763,1,3,1,59.6670,166.3200,0.0000,965.5510,195.9140,135.3230,0.0000,0.0000,1522.7750
764,1,3,1,62.7440,165.6490,0.0000,966.6030,194.0980,134.1170,0.0000,0.0000,1523.2110
765,1,3,1,61.4830,164.8180,0.0000,965.3910,196.7440,136.0500,0.0000,0.0000,1524.4860
766,1,3,1,61.9450,164.5540,0.0000,967.4210,192.4620,132.7070,0.0000,0.0000,1519.0890
767,1,3,1,60.8980,164.9720,0.0000,961.9080,225.2370,149.0340,0.0000,0.0000,1562.0490
768,1,3,1,65.1450,177.3230,0.0000,968.8310,199.3790,138.1100,0.0000,0.0000,1548.7880
769,0,3,0,64.3020,167.9940,0.0000,972.6090,196.6460,136.7260,0.0000,0.0000,1538.2770
770,1,3,1,63.4770,168.0430,0.0000,964.8180,194.5970,132.4310,0.0000,0.0000,1523.3660
771,1,3,1,60.7570,165.2000,0.0000,969.2060,193.4950,136.0980,0.0000,0.0000,1524.7560
772,1,3,1,61.7850,165.8150,0.0000,967.9750,194.4250,134.4430,0.0000,0.0000,1524.4430
773,1,3,0,61.9750,165.6930,0.0000,963.9750,212.4680,138.4180,0.0000,0.0000,1542.5290
774,1,3,0,63.0950,172.6210,0.0000,970.2900,196.7010,136.1110,0.0000,0.0000,1538.8180
775,1,3,1,62.1540,165.3790,0.0000,969.8710,196.3080,135.5320,0.0000,0.0000,1529.2440
776,1,3,1,63.7350,165.5750,0.0000,971.0580,194.5600,134.4310,0.0000,0.0000,1529.3590
777,1,3,1,61.2740,166.9840,0.0000,971.5450,194.6090,133.5450,0.0000,0.0000,1527.9570
778,0,3,0,62.0920,162.0680,0.0000,968.7570,195.9630,135.0030,0.0000,0.0000,1523.8830
779,0,3,0,61.9700,165.6860,0.0000,965.1080,239.0830,139.0530,0.0000,0.0000,1570.9000
780,1,3,1,62.1040,170.2830,0.0000,969.4580,196.2030,134.8250,0.0000,0.0000,1532.8730
781,1,3,1,60.9600,165.7530,0.0000,969.2060,192.8980,133.6430,0.0000,0.0000,1522.4600
782,1,3,1,63.0150,166.0740,0.0000,969.0710,194.2220,135.7110,0.0000,0.0000,1528.0930
783,1,3,1,61.5200,164.7260,0.0000,964.8740,193.2670,134.3140,0.0000,0.0000,1518.7010
784,1,3,1,61.6360,163.0770,0.0000,971.5870,194.9360,135.1200,0.0000,0.0000,1526.3560
785,1,3,1,60.3880,165.1320,0.0000,968.8730,191.9760,176.8070,0.0000,0.0000,1563.1760
786,0,3,0,65.0030,172.4860,0.0000,972.5480,196.7380,136.3570,0.0000,0.0000,1543.1320
787,0,3,0,64.1660,164.4930,0.0000,968.4430,194.4550,134.5600,0.0000,0.0000,1526.1170
788,1,3,0,62.1110,165.4770,0.0000,967.9330,194.4250,133.5870,0.0000,0.0000,1523.5330
789,1,3,1,61.6000,163.9630,0.0000,969.8030,195.0520,134.5720,0.0000,0.0000,1524.9900
790,0,3,1,61.9500,163.9880,0.0000,970.1040,194.4920,133.8220,0.0000,0.0000,1524.3560
791,1,3,1,61.4090,166.0310,0.0000,965.9870,195.1500,133.4580,0.0000,0.0000,1522.0350
792,1,3,1,60.5170,219.2500,0.0000,970.5410,200.4800,139.0220,0.0000,0.0000,1589.8100
793,1,3,1,62.8310,168.8060,0.0000,969.6550,195.2250,134.5290,0.0000,0.0000,1531.0460
794,1,3,1,62.8550,166.7020,0.0000,970.0800,194.4310,134.5790,0.0000,0.0000,1528.6470
795,0,3,0,61.5880,165.0770,0.0000,969.3050,193.0590,134.0300,0.0000,0.0000,1523.0590
796,1,3,1,62.8310,164.6900,0.0000,969.7230,194.3140,132.7500,0.0000,0.0000,1524.3080
797,1,3,1,62.3630,164.3390,0.0000,968.2830,193.4100,133.9750,0.0000,0.0000,1522.3700
798,1,3,1,61.5010,165.3350,0.0000,1012.1900,199.0580,137.6190,0.0000,0.0000,1575.7030
799,1,3,1,63.3230,168.0430,0.0000,970.7200,195.9760,134.7200,0.0000,0.0000,1532.7820
800,0,3,0,64.0000,165.2680,0.0000,969.3350,192.8860,134.5540,0.0000,0.0000,1526.0430
801,0,3,0,61.1940,166.5900,0.0000,964.2090,196.9960,132.4860,0.0000,0.0000,1521.4750
802,1,3,1,63.9200,164.0130,0.0000,966.4730,193.3850,135.0770,0.0000,0.0000,1522.8680
803,1,3,1,61.8460,163.6000,0.0000,966.8310,195.4900,133.8840,0.0000,0.0000,1521.6510
804,0,3,0,61.9510,165.0160,0.0000,960.1970,206.6890,139.2370,0.0000,0.0000,1533.0900
805,1,3,1,70.1900,179.2610,0.0000,974.1660,202.9720,140.8190,0.0000,0.0000,1567.4080
806,1,3,1,63.5690,169.6000,0.0000,969.8460,197.1020,137.9390,0.0000,0.0000,1538.0560
807,0,3,0,60.3510,167.6860,0.0000,970.6340,193.9450,136.0680,0.0000,0.0000,1528.6840
808,1,3,1,62.4550,165.6490,0.0000,967.0090,195.8830,132.8310,0.0000,0.0000,1523.8270
809,0,3,0,61.4090,165.9260,0.0000,967.7480,193.7110,133.4460,0.0000,0.0000,1522.2400
810,1,3,1,62.1970,164.1230,0.0000,960.4740,202.7080,137.2500,0.0000,0.0000,1526.7520
811,1,3,1,62.6030,166.6950,0.0000,970.4980,196.0430,135.5020,0.0000,0.0000,1531.3410
812,1,3,1,61.1390,163.8520,0.0000,971.7660,194.7260,134.9110,0.0000,0.0000,1526.3940
813,1,3,1,62.5170,165.1510,0.0000,968.1660,193.9940,135.0770,0.0000,0.0000,1524.9050
814,1,3,1,61.8030,165.1080,0.0000,967.8150,192.5230,135.5820,0.0000,0.0000,1522.8310
815,1,3,1,61.6920,166.5230,0.0000,970.7810,193.4090,133.0580,0.0000,0.0000,1525.4630
816,1,3,1,61.1080,166.3080,0.0000,960.3640,215.0830,142.8060,0.0000,0.0000,1545.6690
817,1,3,1,63.9320,172.7510,0.0000,970.0490,197.5700,138.7390,0.0000,0.0000,1543.0410
818,1,3,1,62.7930,165.8590,0.0000,968.8740,196.3880,137.4340,0.0000,0.0000,1531.3480
819,1,3,1,62.7070,165.0400,0.0000,968.0610,195.4830,133.7170,0.0000,0.0000,1525.0080
820,1,3,1,60.5660,164.2580,0.0000,969.4160,194.3010,134.3940,0.0000,0.0000,1522.9350
821,1,3,1,61.3110,163.6300,0.0000,968.4610,192.2710,133.8030,0.0000,0.0000,1519.4760
822,1,3,1,60.8060,163.4580,0.0000,972.9480,201.6130,136.4310,0.0000,0.0000,1535.2560
823,0,3,0,62.0430,167.8280,0.0000,972.7270,196.2890,136.8670,0.0000,0.0000,1535.7540
824,1,3,1,61.5020,165.3660,0.0000,969.0030,195.5380,133.2860,0.0000,0.0000,1524.6950
825,1,3,1,61.7970,165.0280,0.0000,967.1820,193.6310,134.6340,0.0000,0.0000,1522.2720
826,1,3,1,62.1290,164.9230,0.0000,967.6180,194.0430,134.2210,0.0000,0.0000,1522.9340
827,1,3,1,62.8000,166.4740,0.0000,971.5870,193.7360,133.4520,0.0000,0.0000,1528.0490
828,1,3,1,63.2740,164.6580,0.0000,1026.6950,203.4890,135.2990,0.0000,0.0000,1593.4150
829,1,3,1,62.3010,168.7260,0.0000,967.4400,195.2680,134.6950,0.0000,0.0000,1528.4300
830,1,3,1,61.9570,165.0210,0.0000,970.3260,196.5540,134.2210,0.0000,0.0000,1528.0790
831,1,3,1,61.9380,165.4030,0.0000,968.2960,193.2920,136.2710,0.0000,0.0000,1525.2000
832,1,3,1,60.8120,165.8770,0.0000,967.7670,192.7940,135.1450,0.0000,0.0000,1522.3950
833,1,3,1,62.6950,163.0830,0.0000,968.3870,194.4060,132.7450,0.0000,0.0000,1521.3160
834,1,3,1,63.4030,163.8030,0.0000,969.6120,234.5040,138.0430,0.0000,0.0000,1569.3650
835,1,3,1,62.3820,170.2160,0.0000,970.3260,194.3500,135.4220,0.0000,0.0000,1532.6960
836,1,3,1,61.2190,166.3880,0.0000,970.0980,193.6370,135.4210,0.0000,0.0000,1526.7630
837,1,3,1,62.3200,165.5260,0.0000,966.1290,192.7450,134.4990,0.0000,0.0000,1521.2190
838,1,3,1,61.2310,165.6250,0.0000,964.6770,192.6590,134.0610,0.0000,0.0000,1518.2530
839,1,3,1,61.7290,164.6590,0.0000,965.6560,193.1510,134.4060,0.0000,0.0000,1519.6010
840,1,3,1,60.1970,164.1350,0.0000,970.0610,193.6920,193.1880,0.0000,0.0000,1581.2730
841,1,3,1,64.4860,170.0240,0.0000,972.4800,195.7290,137.7170,0.0000,0.0000,1540.4360
842,1,3,1,61.6490,165.3900,0.0000,969.4830,193.2000,133.7110,0.0000,0.0000,1523.4330
843,1,3,1,61.7350,165.4710,0.0000,969.4280,193.3040,134.5040,0.0000,0.0000,1524.4420
844,1,3,1,63.3600,165.6370,0.0000,968.8180,195.8090,134.6100,0.0000,0.0000,1528.2340
845,1,3,1,60.6150,165.5880,0.0000,965.9880,193.0520,133.8150,0.0000,0.0000,1519.0580
846,1,3,1,61.4150,165.1820,0.0000,972.8310,196.0190,133.7660,0.0000,0.0000,1529.2130
847,1,3,1,61.3420,209.5260,0.0000,966.3750,195.5690,134.7450,0.0000,0.0000,1567.5570
848,1,3,1,63.5320,167.2060,0.0000,965.9810,194.8490,134.4000,0.0000,0.0000,1525.9680
849,0,3,0,62.5230,164.9290,0.0000,968.1970,194.4490,134.2030,0.0000,0.0000,1524.3010
850,1,3,1,61.5750,166.9530,0.0000,967.8710,194.1110,132.5790,0.0000,0.0000,1523.0890
851,1,3,1,61.5200,164.5410,0.0000,966.8180,194.7690,132.9420,0.0000,0.0000,1520.5900
852,1,3,1,60.6700,163.7350,0.0000,969.1820,193.6920,134.6090,0.0000,0.0000,1521.8880
853,1,3,1,61.5760,162.0190,0.0000,961.4700,201.4960,138.9970,0.0000,0.0000,1525.5580
854,1,3,1,63.0650,167.1260,0.0000,968.9900,197.4270,134.8800,0.0000,0.0000,1531.4880
855,1,3,1,62.2520,167.4090,0.0000,968.0060,194.7690,134.2640,0.0000,0.0000,1526.7000
856,1,3,1,61.5080,165.8160,0.0000,972.8310,193.7480,133.9140,0.0000,0.0000,1527.8170
857,1,3,1,62.5660,164.6530,0.0000,967.2920,194.8500,133.4210,0.0000,0.0000,1522.7820
858,1,3,1,61.9330,164.8060,0.0000,969.4270,193.1700,133.8580,0.0000,0.0000,1523.1940
859,0,3,1,62.0930,165.1020,0.0000,973.6250,199.7850,135.2990,0.0000,0.0000,1535.9040
860,0,3,0,62.6830,168.7140,0.0000,967.9630,194.4440,134.6150,0.0000,0.0000,1528.4190
861,0,3,0,62.5350,163.9940,0.0000,971.5020,191.4590,135.6670,0.0000,0.0000,1525.1570
862,1,3,1,60.4430,165.8950,0.0000,964.1600,193.9020,136.3450,0.0000,0.0000,1520.7450
863,1,3,1,61.6740,166.3010,0.0000,968.4920,197.0770,133.4590,0.0000,0.0000,1527.0030
864,1,3,1,59.9200,164.6030,0.0000,970.2890,195.6860,134.3940,0.0000,0.0000,1524.8920
865,1,3,1,61.9440,163.7300,0.0000,972.9600,200.1780,137.9450,0.0000,0.0000,1536.7570
866,1,3,1,64.0680,168.0490,0.0000,971.7600,196.2830,134.8800,0.0000,0.0000,1535.0400
867,1,3,1,62.5050,167.4150,0.0000,967.0090,195.8760,131.8520,0.0000,0.0000,1524.6570
868,1,3,1,61.9080,164.9540,0.0000,965.5450,192.6460,134.7750,0.0000,0.0000,1519.8280
869,1,3,1,60.9110,165.3050,0.0000,969.9820,193.1630,134.0120,0.0000,0.0000,1523.3730
870,1,3,1,63.1500,163.4650,0.0000,967.3420,192.4800,134.0670,0.0000,0.0000,1520.5040
871,1,3,1,62.6280,163.5390,0.0000,968.9780,201.6800,137.1320,0.0000,0.0000,1533.9570
872,1,3,1,61.7480,166.0610,0.0000,968.7820,194.5350,134.4300,0.0000,0.0000,1525.5560
873,1,3,1,62.4800,164.1660,0.0000,970.1850,194.5960,133.7730,0.0000,0.0000,1525.2000
874,1,3,1,62.1850,163.3780,0.0000,969.4950,194.7640,135.4580,0.0000,0.0000,1525.2800
875,1,3,1,61.7970,164.1970,0.0000,968.4490,193.7790,131.2190,0.0000,0.0000,1519.4410
876,0,3,0,60.2520,164.2950,0.0000,967.4220,194.7690,133.4460,0.0000,0.0000,1520.1840
877,1,3,1,61.8890,165.0830,0.0000,1015.2680,202.9290,135.6060,0.0000,0.0000,1580.7750
878,1,3,1,62.8120,168.6590,0.0000,969.2000,195.5690,135.7170,0.0000,0.0000,1531.9570
879,0,3,0,61.8520,165.4890,0.0000,966.7440,194.9730,135.6190,0.0000,0.0000,1524.6770
880,1,3,1,60.4680,163.9570,0.0000,968.3380,193.3480,136.1100,0.0000,0.0000,1522.2210
881,1,3,1,62.3020,166.2220,0.0000,968.0980,192.9040,134.1600,0.0000,0.0000,1523.6860
882,1,3,1,61.6240,165.3850,0.0000,967.3840,193.7540,134.8730,0.0000,0.0000,1523.0200
883,0,3,0,61.9010,164.1300,0.0000,966.6090,236.7750,136.0000,0.0000,0.0000,1565.4150
884,1,3,1,62.7380,169.9690,0.0000,970.4740,196.1600,134.8180,0.0000,0.0000,1534.1590
885,1,3,1,62.9540,166.4920,0.0000,972.1350,193.2610,133.6550,0.0000,0.0000,1528.4970
886,1,3,1,61.4030,165.6610,0.0000,970.6100,194.6580,135.1820,0.0000,0.0000,1527.5140
887,1,3,0,62.2280,165.2370,0.0000,968.8490,192.9470,134.8980,0.0000,0.0000,1524.1590
888,1,3,1,63.3170,165.5080,0.0000,967.9140,194.2210,134.9230,0.0000,0.0000,1525.8830
889,1,3,1,62.2150,164.9780,0.0000,969.8340,194.3690,173.5260,0.0000,0.0000,1564.9220
890,1,3,1,64.2280,168.6340,0.0000,974.5240,195.4340,136.1600,0.0000,0.0000,1538.9800
891,0,3,0,61.8280,165.0830,0.0000,970.6590,194.1230,135.5930,0.0000,0.0000,1527.2860
892,1,3,1,60.9170,165.7660,0.0000,969.0710,196.1530,132.7260,0.0000,0.0000,1524.6330
893,1,3,0,62.2160,165.0150,0.0000,965.0210,193.5320,134.4860,0.0000,0.0000,1520.2700
894,1,3,0,63.1380,165.1570,0.0000,967.8090,194.8120,133.7600,0.0000,0.0000,1524.6760
895,1,3,1,61.1200,164.9970,0.0000,966.7510,195.1020,135.6980,0.0000,0.0000,1523.6680
896,1,3,1,61.0700,219.8830,0.0000,972.2150,199.1140,135.5880,0.0000,0.0000,1587.8700
897,1,3,1,61.9200,168.2030,0.0000,972.1470,197.1940,137.2800,0.0000,0.0000,1536.7440
898,0,3,1,63.7290,166.8550,0.0000,970.9970,195.2430,134.5670,0.0000,0.0000,1531.3910
899,1,3,1,61.6130,164.6460,0.0000,968.6950,194.5840,132.7940,0.0000,0.0000,1522.3320
900,1,3,1,62.9730,165.0890,0.0000,966.5420,193.6670,133.1690,0.0000,0.0000,1521.4400
901,1,3,1,62.3450,164.9660,0.0000,962.1050,195.2120,133.5070,0.0000,0.0000,1518.1350
902,1,3,1,60.1660,164.6340,0.0000,1007.1500,200.1600,135.2500,0.0000,0.0000,1567.3600
903,1,3,1,61.7600,166.4060,0.0000,974.3820,193.7050,134.2340,0.0000,0.0000,1530.4870
904,1,3,1,62.0250,165.7600,0.0000,970.6840,193.2190,134.2520,0.0000,0.0000,1525.9400
905,1,3,1,62.5360,166.8370,0.0000,967.7480,195.7850,132.5290,0.0000,0.0000,1525.4350
906,1,3,1,61.1200,162.9290,0.0000,969.8520,192.2770,136.8740,0.0000,0.0000,1523.0520
907,0,3,0,61.7410,164.5040,0.0000,969.9390,193.7300,133.5380,0.0000,0.0000,1523.4520
908,0,3,0,61.0830,165.4030,0.0000,974.2900,202.1290,135.1020,0.0000,0.0000,1538.0070
909,1,3,1,61.6500,168.7380,0.0000,972.0370,194.2090,134.2220,0.0000,0.0000,1530.8560
910,1,3,1,61.3600,166.3560,0.0000,964.4430,193.0520,135.0890,0.0000,0.0000,1520.3000
911,1,3,1,62.2090,166.1600,0.0000,973.3110,194.4680,134.3320,0.0000,0.0000,1530.4800
912,1,3,1,63.5010,164.7570,0.0000,967.4400,193.8700,134.3200,0.0000,0.0000,1523.8880
913,1,3,1,61.4710,165.5450,0.0000,970.3140,193.5570,131.7040,0.0000,0.0000,1522.5910
914,1,3,0,62.5480,163.7910,0.0000,968.6210,215.8400,144.6640,0.0000,0.0000,1555.4640
915,1,3,1,65.4770,173.9080,0.0000,971.9380,196.3570,137.2310,0.0000,0.0000,1544.9110
916,1,3,1,61.9510,169.4520,0.0000,970.0730,196.4180,134.7200,0.0000,0.0000,1532.6140
917,1,3,1,60.0740,167.2740,0.0000,965.3600,195.9500,134.5160,0.0000,0.0000,1523.1740
918,1,3,1,63.4770,164.3820,0.0000,967.6000,193.6250,132.3390,0.0000,0.0000,1521.4230
919,1,3,1,62.0490,166.2890,0.0000,966.9780,192.2770,132.8980,0.0000,0.0000,1520.4910
920,1,3,0,62.8860,164.0740,0.0000,961.5940,201.2560,138.3820,0.0000,0.0000,1528.1920
921,1,3,1,61.8330,167.1260,0.0000,969.3230,195.0960,134.4490,0.0000,0.0000,1527.8270
922,1,3,1,61.0580,165.0470,0.0000,966.0060,194.2890,135.8590,0.0000,0.0000,1522.2590
923,1,3,1,62.2830,164.8610,0.0000,965.0400,194.8180,134.7630,0.0000,0.0000,1521.7650
924,1,3,1,61.3170,164.9660,0.0000,972.6890,196.0860,134.7690,0.0000,0.0000,1529.8270
925,1,3,1,61.7110,165.2130,0.0000,970.6460,193.7910,133.5940,0.0000,0.0000,1524.9550
926,1,3,1,62.1300,163.4340,0.0000,970.8250,200.4310,136.8930,0.0000,0.0000,1533.7130
927,1,3,1,62.6460,165.7420,0.0000,967.6060,193.2250,135.0960,0.0000,0.0000,1524.3150
928,1,3,1,61.9510,166.0310,0.0000,967.2620,192.6030,132.5050,0.0000,0.0000,1520.3520
929,1,3,1,61.1320,164.9050,0.0000,965.2990,192.4730,133.5690,0.0000,0.0000,1517.3780
930,1,3,1,60.9600,164.9360,0.0000,966.3440,193.2120,133.3480,0.0000,0.0000,1518.8000
931,1,3,1,60.7560,167.2180,0.0000,968.3260,194.2220,132.2340,0.0000,0.0000,1522.7560
932,1,3,1,61.3970,164.0490,0.0000,970.4490,236.2340,136.5850,0.0000,0.0000,1568.7140
933,1,3,1,62.7140,169.6740,0.0000,967.5390,195.1690,132.6220,0.0000,0.0000,1527.7180
934,1,3,1,60.6650,166.2280,0.0000,969.1330,193.5380,131.4030,0.0000,0.0000,1520.9670
935,1,3,0,61.8210,165.6610,0.0000,967.8400,195.0830,133.5570,0.0000,0.0000,1523.9620
936,0,3,0,61.4590,165.9200,0.0000,967.9760,193.0960,133.2870,0.0000,0.0000,1521.7380
937,1,3,1,61.1390,164.0860,0.0000,968.6590,193.0950,135.4270,0.0000,0.0000,1522.4060
938,1,3,1,61.2430,162.8740,0.0000,968.3570,194.9730,174.4190,0.0000,0.0000,1561.8660
939,1,3,1,63.7110,169.4210,0.0000,966.9730,196.1910,136.3690,0.0000,0.0000,1532.6650
940,1,3,1,61.9570,163.0030,0.0000,970.8560,194.7570,134.0130,0.0000,0.0000,1524.5860
941,1,3,1,62.7270,164.6710,0.0000,969.9820,193.3720,132.1600,0.0000,0.0000,1522.9120
942,1,3,1,60.4490,164.4610,0.0000,966.9530,194.9050,135.2000,0.0000,0.0000,1521.9680
943,1,3,1,62.0060,164.6220,0.0000,967.0950,195.0710,133.9810,0.0000,0.0000,1522.7750
944,1,3,1,62.3510,165.3780,0.0000,967.4590,193.6190,133.2060,0.0000,0.0000,1522.0130
945,1,3,1,61.2120,209.6430,0.0000,975.0900,196.3140,135.0960,0.0000,0.0000,1577.3550
946,1,3,1,63.7050,169.1940,0.0000,968.1720,196.6030,135.0030,0.0000,0.0000,1532.6770
947,1,3,1,61.7850,166.3880,0.0000,967.9510,194.8430,134.9230,0.0000,0.0000,1525.8900
948,0,3,0,60.4490,165.0770,0.0000,966.3570,195.8330,134.1230,0.0000,0.0000,1521.8390
949,1,3,1,61.3360,163.4150,0.0000,969.0400,194.6890,136.1410,0.0000,0.0000,1524.6210
950,1,3,1,61.9450,163.7660,0.0000,967.1450,192.6340,134.4310,0.0000,0.0000,1519.9210
951,1,3,1,60.9730,164.4070,0.0000,960.2460,203.6060,138.3200,0.0000,0.0000,1527.5520
952,1,3,1,63.5440,166.7940,0.0000,969.6860,194.3700,136.0250,0.0000,0.0000,1530.4190
953,1,3,1,60.7820,164.7140,0.0000,963.4710,193.5940,133.4530,0.0000,0.0000,1516.0140
954,1,3,1,61.1140,166.5780,0.0000,968.2030,193.7660,133.5690,0.0000,0.0000,1523.2300
955,1,3,1,60.9360,164.4920,0.0000,966.1410,191.4830,135.9940,0.0000,0.0000,1519.0460
956,1,3,1,61.5700,162.6650,0.0000,967.3420,193.4340,135.2120,0.0000,0.0000,1520.2230
957,1,3,1,62.0240,163.6130,0.0000,972.2400,202.4070,135.4770,0.0000,0.0000,1535.7610
958,1,3,1,63.2430,166.7200,0.0000,966.4670,196.0980,134.4430,0.0000,0.0000,1526.9710
959,1,3,1,60.9420,165.2370,0.0000,969.8090,196.5110,135.7900,0.0000,0.0000,1528.2890
960,1,3,1,61.9750,165.8640,0.0000,971.1200,194.0550,135.9200,0.0000,0.0000,1528.9340
961,1,3,1,60.3140,164.4310,0.0000,970.8620,192.8620,132.9600,0.0000,0.0000,1521.4290
962,0,3,1,61.9070,164.2520,0.0000,964.9480,195.5510,134.2900,0.0000,0.0000,1520.9480
963,1,3,1,61.4280,163.2000,0.0000,976.7510,218.5790,145.0340,0.0000,0.0000,1564.9920
964,1,3,1,62.8680,174.0060,0.0000,974.0490,199.0150,138.8430,0.0000,0.0000,1548.7810
965,1,3,1,62.6150,167.9510,0.0000,966.7630,195.8460,136.9170,0.0000,0.0000,1530.0920
966,1,3,1,61.7360,167.6180,0.0000,968.7630,195.9880,135.4210,0.0000,0.0000,1529.5260
967,1,3,1,61.2980,165.9440,0.0000,968.5170,195.3290,134.2340,0.0000,0.0000,1525.3220
968,1,3,1,63.7660,165.2930,0.0000,969.0640,194.1480,133.8770,0.0000,0.0000,1526.1480
969,1,3,1,63.2300,165.1570,0.0000,977.2000,200.0180,137.5200,0.0000,0.0000,1543.1250
970,0,3,0,63.6800,167.9440,0.0000,969.9320,196.9660,135.3290,0.0000,0.0000,1533.8510
971,1,3,1,61.5820,165.1630,0.0000,966.4800,196.1110,134.9910,0.0000,0.0000,1524.3270
972,0,3,0,62.1360,165.8520,0.0000,967.4530,194.4680,133.8650,0.0000,0.0000,1523.7740
973,1,3,1,61.7230,165.2740,0.0000,969.7530,194.7880,134.6590,0.0000,0.0000,1526.1970
974,1,3,1,59.6990,166.0250,0.0000,965.5820,193.2550,134.1600,0.0000,0.0000,1518.7210
975,1,3,1,61.3790,164.7880,0.0000,979.9390,203.4830,135.8650,0.0000,0.0000,1545.4540
976,1,3,1,62.5040,167.7910,0.0000,967.3730,195.7910,135.9020,0.0000,0.0000,1529.3610
977,1,3,1,62.4680,165.5320,0.0000,972.3260,193.7780,133.0340,0.0000,0.0000,1527.1380
978,1,3,1,62.8680,165.7970,0.0000,965.9940,193.2250,133.0030,0.0000,0.0000,1520.8870
979,0,3,0,63.1010,164.4860,0.0000,972.7200,193.1260,134.5660,0.0000,0.0000,1527.9990
980,0,3,0,61.7420,165.1700,0.0000,971.3970,193.0650,134.8070,0.0000,0.0000,1526.1810
981,1,3,0,63.2430,165.5440,0.0000,965.3480,235.7360,137.1750,0.0000,0.0000,1567.0460
982,1,3,1,62.2520,167.8090,0.0000,962.7320,195.6620,136.4060,0.0000,0.0000,1524.8610
983,0,3,0,62.1720,165.7290,0.0000,969.1200,194.0180,133.0640,0.0000,0.0000,1524.1030
984,1,3,1,61.7170,165.1330,0.0000,963.3350,194.5600,133.1380,0.0000,0.0000,1517.8830
985,1,3,1,61.3350,167.9380,0.0000,965.7720,193.8340,135.1690,0.0000,0.0000,1524.0480
986,1,3,1,62.4310,163.7910,0.0000,964.9970,193.8340,134.6830,0.0000,0.0000,1519.7360
987,1,3,1,61.5940,163.7780,0.0000,963.9940,192.5040,190.9110,0.0000,0.0000,1572.7810
988,1,3,1,65.2680,170.0620,0.0000,967.0950,197.4530,135.1930,0.0000,0.0000,1535.0710
989,1,3,1,61.3970,167.4400,0.0000,970.8610,196.0860,134.4990,0.0000,0.0000,1530.2830
990,1,3,1,62.3200,165.8890,0.0000,970.4800,194.1170,133.3850,0.0000,0.0000,1526.1910
991,1,3,1,61.7470,164.7200,0.0000,970.2150,194.3940,134.1350,0.0000,0.0000,1525.2110
992,0,3,0,60.7020,164.3930,0.0000,965.1510,193.2250,133.7050,0.0000,0.0000,1517.1760
993,1,3,1,62.7080,164.2220,0.0000,968.4550,196.0180,133.3900,0.0000,0.0000,1524.7930
994,1,3,1,62.6890,209.4650,0.0000,974.2280,195.8640,135.8900,0.0000,0.0000,1578.1360
995,0,3,0,62.5050,165.6740,0.0000,972.4620,194.8920,133.1200,0.0000,0.0000,1528.6530
996,1,3,1,62.5290,164.8800,0.0000,972.2640,194.1910,134.2400,0.0000,0.0000,1528.1040
997,0,3,0,62.6520,165.0650,0.0000,966.2960,193.3230,135.7480,0.0000,0.0000,1523.0840
998,1,3,1,62.0990,165.3720,0.0000,968.7390,194.2210,134.4060,0.0000,0.0000,1524.8370
999,1,3,0,60.5600,163.7360,0.0000,965.8280,193.7850,134.0240,0.0000,0.0000,1517.9330
1000,1,3,1,61.5260,163.3970,0.0000,1010.5970,201.3660,136.2090,0.0000,0.0000,1573.0950
1001,1,3,1,61.0590,170.4000,0.0000,970.4190,194.1230,134.2340,0.0000,0.0000,1530.2350
1002,1,3,1,62.1720,164.9230,0.0000,968.9480,196.0980,134.0130,0.0000,0.0000,1526.1540
1003,1,3,1,60.4500,165.6560,0.0000,968.6770,194.1100,134.7330,0.0000,0.0000,1523.6260
1004,1,3,1,60.4980,163.2360,0.0000,970.2530,196.4610,133.1440,0.0000,0.0000,1523.5920
1005,1,3,1,60.9970,164.5290,0.0000,966.8370,194.6220,133.7230,0.0000,0.0000,1520.7080
1006,1,3,1,60.9360,163.3910,0.0000,971.9880,201.7730,135.7780,0.0000,0.0000,1533.8660
1007,1,3,1,63.4590,168.7200,0.0000,966.6590,196.1970,134.7630,0.0000,0.0000,1529.7980
1008,1,3,1,62.7690,165.7050,0.0000,967.6120,194.1170,134.5110,0.0000,0.0000,1524.7140
1009,1,3,1,61.9260,166.6280,0.0000,968.5230,192.7130,134.3630,0.0000,0.0000,1524.1530
1010,0,3,1,63.2610,164.6330,0.0000,964.2960,195.3170,134.0620,0.0000,0.0000,1521.5690
1011,1,3,1,62.5480,164.3810,0.0000,971.9640,192.8250,133.2000,0.0000,0.0000,1524.9180
1012,1,3,1,61.8400,163.9630,0.0000,963.3780,235.8950,152.0550,0.0000,0.0000,1577.1310
1013,1,3,1,66.3630,182.0490,0.0000,974.0980,203.4030,138.2700,0.0000,0.0000,1564.1830
1014,1,3,1,63.0900,169.6430,0.0000,970.1050,198.2640,136.8250,0.0000,0.0000,1537.9270
1015,1,3,1,62.2950,167.2490,0.0000,968.3130,192.4740,135.8710,0.0000,0.0000,1526.2020
1016,1,3,1,61.6000,163.1270,0.0000,965.7840,193.8210,134.5110,0.0000,0.0000,1518.8430
1017,1,3,1,60.5720,165.2250,0.0000,967.8960,195.8160,134.9470,0.0000,0.0000,1524.4560
1018,1,3,1,62.8370,165.1940,0.0000,973.5070,210.9110,141.2550,0.0000,0.0000,1553.7040
1019,1,3,1,62.5350,172.2520,0.0000,970.4060,195.6250,136.0800,0.0000,0.0000,1536.8980
1020,1,3,1,61.6550,167.8210,0.0000,966.5230,194.7130,136.5970,0.0000,0.0000,1527.3090
1021,1,3,1,61.8710,166.4180,0.0000,965.4280,197.6370,134.3500,0.0000,0.0000,1525.7040
1022,1,3,1,63.1510,164.9230,0.0000,968.8620,195.4100,133.5140,0.0000,0.0000,1525.8600
1023,1,3,1,61.7050,166.3570,0.0000,967.0400,195.2740,133.1880,0.0000,0.0000,1523.5640
1024,1,3,1,61.5700,166.5660,0.0000,973.3660,207.3540,138.3200,0.0000,0.0000,1547.1760
1025,0,3,0,63.8590,167.7040,0.0000,970.7750,196.2150,133.9320,0.0000,0.0000,1532.4850
1026,1,3,1,61.5510,167.6980,0.0000,970.8680,194.2770,134.6710,0.0000,0.0000,1529.0650
1027,1,3,1,62.7570,162.9660,0.0000,971.8710,194.8430,132.7510,0.0000,0.0000,1525.1880
1028,0,3,0,63.0890,165.1810,0.0000,967.1760,194.4860,134.2770,0.0000,0.0000,1524.2090
1029,1,3,1,61.3480,163.9330,0.0000,966.3820,194.1420,134.6280,0.0000,0.0000,1520.4330
1030,1,3,1,60.7940,163.9320,0.0000,1021.0770,202.6400,136.0990,0.0000,0.0000,1584.5420
1031,1,3,1,62.3700,170.8180,0.0000,967.9630,196.3330,136.5910,0.0000,0.0000,1534.0750
1032,1,3,1,62.2030,164.2710,0.0000,968.6830,193.6000,135.7230,0.0000,0.0000,1524.4800
1033,1,3,1,59.9750,165.1270,0.0000,967.9200,196.6220,132.7690,0.0000,0.0000,1522.4130
1034,1,3,1,61.6800,166.4930,0.0000,964.5600,193.2800,135.0770,0.0000,0.0000,1521.0900
1035,1,3,1,61.2180,162.4920,0.0000,966.7200,194.7200,134.7140,0.0000,0.0000,1519.8640
1036,1,3,1,62.3630,165.6550,0.0000,966.7010,246.0800,138.5600,0.0000,0.0000,1579.3590
1037,1,3,1,62.2770,169.8900,0.0000,972.7880,197.4460,135.5440,0.0000,0.0000,1537.9450
1038,1,3,1,62.1790,167.1630,0.0000,968.9910,194.3450,135.3170,0.0000,0.0000,1527.9950
1039,1,3,1,62.6150,165.7230,0.0000,969.9010,192.8060,134.5540,0.0000,0.0000,1525.5990
1040,1,3,1,60.3750,163.3540,0.0000,966.5840,194.3690,134.2950,0.0000,0.0000,1518.9770
1041,1,3,1,62.4980,164.3320,0.0000,970.3870,193.2800,134.4560,0.0000,0.0000,1524.9530
1042,1,3,1,61.0890,162.7570,0.0000,970.3080,192.7390,178.9480,0.0000,0.0000,1565.8410
1043,1,3,1,63.6310,169.8400,0.0000,969.0640,197.2560,138.3570,0.0000,0.0000,1538.1480
1044,0,3,0,61.8520,166.4310,0.0000,967.3290,194.8680,132.6400,0.0000,0.0000,1523.1200
1045,1,3,1,63.5200,164.6580,0.0000,966.9230,191.5810,133.1630,0.0000,0.0000,1519.8450
1046,1,3,1,62.5600,164.5050,0.0000,968.3200,195.2800,135.2430,0.0000,0.0000,1525.9080
1047,1,3,1,62.3320,166.8250,0.0000,968.9780,193.5570,134.1970,0.0000,0.0000,1525.8890
1048,1,3,1,60.9420,163.6800,0.0000,965.3290,191.3850,133.6370,0.0000,0.0000,1514.9730
1049,1,3,1,61.8280,211.7480,0.0000,972.1540,199.2000,135.6430,0.0000,0.0000,1580.5730
1050,1,3,1,64.5290,166.0740,0.0000,967.0530,194.3020,132.9850,0.0000,0.0000,1524.9430
1051,0,3,0,62.5360,165.4280,0.0000,967.0830,193.9880,134.9660,0.0000,0.0000,1524.0010
1052,1,3,1,61.4340,164.0190,0.0000,966.9360,193.7600,136.6150,0.0000,0.0000,1522.7640
1053,1,3,1,59.7970,166.5360,0.0000,964.2760,194.5290,132.0860,0.0000,0.0000,1517.2240
1054,0,3,0,61.2060,164.3630,0.0000,969.1390,192.5970,132.8490,0.0000,0.0000,1520.1540
1055,1,3,1,61.7840,163.7420,0.0000,964.8860,198.9350,135.1630,0.0000,0.0000,1524.5100
1056,1,3,1,60.8250,166.7140,0.0000,971.5880,195.9820,134.9050,0.0000,0.0000,1530.0140
1057,1,3,1,61.9880,166.0180,0.0000,966.6280,193.9810,135.3170,0.0000,0.0000,1523.9320
1058,1,3,1,62.5040,164.5540,0.0000,972.6640,193.5930,134.5670,0.0000,0.0000,1527.8820
1059,1,3,1,62.8990,168.5410,0.0000,968.3940,191.6980,135.2980,0.0000,0.0000,1526.8300
1060,1,3,1,61.3780,163.8400,0.0000,967.3350,192.0680,134.3200,0.0000,0.0000,1518.9410
1061,1,3,1,62.1300,166.2220,0.0000,972.5170,234.9600,153.0460,0.0000,0.0000,1588.8750
1062,1,3,1,66.5540,179.0710,0.0000,976.5110,202.0430,136.9970,0.0000,0.0000,1561.1760
1063,1,3,1,63.8280,170.1600,0.0000,970.3200,199.3970,136.1470,0.0000,0.0000,1539.8520
1064,1,3,1,62.0920,166.9720,0.0000,966.7080,194.9420,134.0610,0.0000,0.0000,1524.7750
1065,1,3,1,62.1970,167.3730,0.0000,969.5940,192.1360,133.4770,0.0000,0.0000,1524.7770
1066,1,3,1,61.2000,165.7850,0.0000,968.1410,192.2520,133.3970,0.0000,0.0000,1520.7750
1067,1,3,1,61.4900,163.5880,0.0000,974.5480,211.7780,140.9720,0.0000,0.0000,1552.3760
1068,1,3,1,62.6330,171.0460,0.0000,971.6560,198.6470,134.9780,0.0000,0.0000,1538.9600
1069,1,3,1,63.7050,166.9790,0.0000,972.7750,194.1360,133.4030,0.0000,0.0000,1530.9980
1070,1,3,1,60.7940,166.7880,0.0000,969.3660,195.4220,135.6680,0.0000,0.0000,1528.0380
1071,1,3,1,61.4530,165.6980,0.0000,970.3140,196.4490,133.6610,0.0000,0.0000,1527.5750
1072,1,3,1,61.2500,163.8640,0.0000,966.2400,194.1410,132.6520,0.0000,0.0000,1518.1470
1073,1,3,1,63.0640,163.5260,0.0000,964.5230,204.5110,138.9230,0.0000,0.0000,1534.5470
1074,1,3,1,61.5870,168.0740,0.0000,969.6870,195.6000,136.8620,0.0000,0.0000,1531.8100
1075,1,3,1,61.1700,166.9290,0.0000,967.2430,193.4340,132.2280,0.0000,0.0000,1521.0040
1076,1,3,1,62.3510,166.7820,0.0000,973.1010,193.5140,135.0270,0.0000,0.0000,1530.7750
1077,1,3,1,62.9540,164.7700,0.0000,968.7440,193.3540,133.8220,0.0000,0.0000,1523.6440
1078,0,3,0,61.5940,164.1670,0.0000,969.7050,191.2930,133.3660,0.0000,0.0000,1520.1250
1079,1,3,1,61.2610,163.7110,0.0000,975.8150,205.5880,138.7260,0.0000,0.0000,1545.1010
1080,1,3,1,63.4770,166.8980,0.0000,969.4770,194.8680,136.6040,0.0000,0.0000,1531.3240
1081,1,3,1,60.5540,165.4960,0.0000,972.1910,195.4460,134.4060,0.0000,0.0000,1528.0930
1082,0,3,1,63.7730,166.0440,0.0000,964.6330,195.1440,134.9660,0.0000,0.0000,1524.5600
1083,1,3,1,62.2270,164.1350,0.0000,968.7380,193.2670,133.4030,0.0000,0.0000,1521.7700
1084,1,3,1,62.5600,164.3940,0.0000,968.5540,193.7780,133.6370,0.0000,0.0000,1522.9230
1085,1,3,1,61.6490,163.7100,0.0000,965.0640,237.1810,135.7230,0.0000,0.0000,1563.3270
1086,1,3,1,64.9670,167.7420,0.0000,965.6120,195.9880,134.0800,0.0000,0.0000,1528.3890
1087,1,3,1,61.0650,164.4070,0.0000,969.9080,194.9780,132.5100,0.0000,0.0000,1522.8680
1088,1,3,0,61.7300,166.1480,0.0000,969.7720,195.8090,134.8740,0.0000,0.0000,1528.3330
1089,0,3,0,62.9720,166.1050,0.0000,971.8520,193.0340,134.5230,0.0000,0.0000,1528.4860
1090,1,3,1,62.6890,162.7390,0.0000,968.2520,193.9820,135.7110,0.0000,0.0000,1523.3730
1091,1,3,1,62.5410,164.8620,0.0000,969.5200,193.0150,177.8840,0.0000,0.0000,1567.8220
1092,0,3,0,61.7660,169.9200,0.0000,971.3850,194.7510,135.5570,0.0000,0.0000,1533.3790
1093,1,3,0,62.8740,166.6640,0.0000,966.7390,195.5630,133.6610,0.0000,0.0000,1525.5010
1094,1,3,1,63.6060,164.1670,0.0000,970.5660,195.5750,133.0770,0.0000,0.0000,1526.9910
1095,1,3,1,61.8840,163.9630,0.0000,967.9330,192.9960,132.7510,0.0000,0.0000,1519.5270
1096,1,3,1,62.2460,164.1480,0.0000,969.2180,192.0800,132.7080,0.0000,0.0000,1520.4000
1097,0,3,0,61.7110,165.5750,0.0000,967.9510,194.5110,132.6710,0.0000,0.0000,1522.4190
1098,1,3,1,131.4270,175.7230,0.0000,975.0640,198.2160,137.5260,0.0000,0.0000,1617.9560
1099,0,3,0,63.9140,168.1850,0.0000,971.7900,194.2710,135.3480,0.0000,0.0000,1533.5080
1100,1,3,1,61.9140,166.2960,0.0000,972.3270,195.2430,131.6740,0.0000,0.0000,1527.4540
1101,1,3,1,61.8210,165.2990,0.0000,967.3300,195.4950,134.2210,0.0000,0.0000,1524.1660
1102,0,3,0,61.5870,164.9780,0.0000,969.1760,193.4530,133.4280,0.0000,0.0000,1522.6220
1103,1,3,1,61.7780,163.6550,0.0000,968.1350,192.8310,132.7820,0.0000,0.0000,1519.1810
1104,1,3,1,61.2120,207.5140,0.0000,970.3200,198.1480,135.8460,0.0000,0.0000,1573.0400
1105,1,3,1,62.3510,168.7010,0.0000,967.6120,195.2680,133.8270,0.0000,0.0000,1527.7590
1106,1,3,1,61.7970,164.5110,0.0000,965.9930,195.7290,134.3010,0.0000,0.0000,1522.3310
1107,1,3,1,61.8210,165.7850,0.0000,969.3730,192.2890,133.0030,0.0000,0.0000,1522.2710
1108,1,3,0,61.6620,164.2890,0.0000,963.4590,194.9170,134.2090,0.0000,0.0000,1518.5360
1109,1,3,1,61.1440,163.3720,0.0000,970.1720,195.6980,133.9260,0.0000,0.0000,1524.3120
1110,1,3,1,62.1780,164.4680,0.0000,972.8610,229.2490,149.3290,0.0000,0.0000,1578.0850
1111,1,3,1,65.8700,177.0520,0.0000,978.1050,201.9390,139.1020,0.0000,0.0000,1562.0680
1112,1,3,1,62.9170,169.5390,0.0000,969.4960,197.2430,136.9600,0.0000,0.0000,1536.1550
1113,0,3,0,62.0120,163.8890,0.0000,969.3970,194.7510,134.6950,0.0000,0.0000,1524.7440
1114,1,3,1,62.6210,166.8060,0.0000,971.0340,194.1970,135.9690,0.0000,0.0000,1530.6270
1115,0,3,1,62.6520,162.3630,0.0000,969.0580,194.4920,134.2950,0.0000,0.0000,1522.8600
1116,0,3,0,62.1420,165.6800,0.0000,968.9600,207.9140,139.8640,0.0000,0.0000,1544.5600
1117,1,3,1,63.0210,172.6710,0.0000,973.0150,198.2150,133.5820,0.0000,0.0000,1540.5040
1118,1,3,1,63.6060,167.9390,0.0000,966.8430,198.1540,135.6250,0.0000,0.0000,1532.1670
1119,1,3,1,60.4550,166.6400,0.0000,965.4470,194.4310,133.7040,0.0000,0.0000,1520.6770
1120,1,3,1,62.5600,164.0370,0.0000,968.4980,193.5200,132.3450,0.0000,0.0000,1520.9600
1121,1,3,1,62.2220,165.2800,0.0000,967.2920,194.7200,134.7070,0.0000,0.0000,1524.2210
1122,1,3,1,63.3240,166.2330,0.0000,975.4400,203.5200,137.5010,0.0000,0.0000,1546.0180
1123,0,3,0,62.5110,168.2030,0.0000,969.1140,194.9540,135.6120,0.0000,0.0000,1530.3940
1124,0,3,0,61.2990,165.7110,0.0000,970.8870,196.0300,135.6860,0.0000,0.0000,1529.6130
1125,1,3,1,61.8400,165.0890,0.0000,970.6150,193.6740,134.7200,0.0000,0.0000,1525.9380
1126,1,3,1,61.7850,165.6490,0.0000,967.0520,193.7600,134.2150,0.0000,0.0000,1522.4610
1127,1,3,1,60.9910,165.0460,0.0000,967.6070,192.6950,134.1970,0.0000,0.0000,1520.5360
1128,1,3,1,60.8800,164.1670,0.0000,976.0920,202.5470,137.1510,0.0000,0.0000,1540.8370
1129,0,3,0,62.1970,167.8340,0.0000,969.1570,193.0890,134.7080,0.0000,0.0000,1526.9850
1130,0,3,0,62.4980,166.2770,0.0000,971.3660,196.3200,133.8340,0.0000,0.0000,1530.2950
1131,1,3,0,71.1080,174.1600,0.0000,969.3470,197.9070,139.9690,0.0000,0.0000,1552.4910
1132,1,3,0,62.1660,169.1320,0.0000,971.0030,279.8030,170.6160,0.0000,0.0000,1652.7200
1133,1,3,1,72.3750,194.3200,0.0000,969.0100,212.3200,142.5600,0.0000,0.0000,1590.5850
1134,1,3,1,65.7350,172.7750,0.0000,968.6650,229.1820,148.5540,0.0000,0.0000,1584.9110
1135,1,3,1,67.3420,176.9410,0.0000,975.3540,201.5510,138.5850,0.0000,0.0000,1559.7730
1136,1,3,1,63.9750,169.8340,0.0000,974.1230,197.0470,136.2460,0.0000,0.0000,1541.2250
1137,1,3,1,62.8370,167.9020,0.0000,970.2830,194.1910,136.1290,0.0000,0.0000,1531.3420
1138,1,3,1,62.2150,167.2680,0.0000,965.3780,193.8530,134.6960,0.0000,0.0000,1523.4100
1139,1,3,1,62.6710,162.3440,0.0000,967.4030,192.2770,134.1230,0.0000,0.0000,1518.8180
1140,0,3,0,62.5540,165.4340,0.0000,966.0550,210.9420,140.2460,0.0000,0.0000,1545.2310
1141,0,3,1,63.0340,168.3880,0.0000,968.0500,194.7690,135.2310,0.0000,0.0000,1529.4720
1142,1,3,1,62.5660,165.3170,0.0000,968.3930,195.8640,135.2430,0.0000,0.0000,1527.3830
1143,1,3,1,63.2060,164.7750,0.0000,967.7660,194.3070,135.0160,0.0000,0.0000,1525.0700
1144,0,3,0,62.5600,164.4990,0.0000,968.5600,194.0980,134.6460,0.0000,0.0000,1524.3630
1145,1,3,1,62.2150,164.4370,0.0000,971.5880,192.4190,133.8590,0.0000,0.0000,1524.5180
1146,1,3,1,61.0520,166.4130,0.0000,979.1380,214.4620,141.7170,0.0000,0.0000,1562.7820
1147,1,3,1,63.6250,173.2500,0.0000,971.4520,195.4340,136.5600,0.0000,0.0000,1540.3210
1148,1,3,1,62.5170,166.6520,0.0000,969.2740,194.1170,135.8220,0.0000,0.0000,1528.3820
1149,1,3,0,61.5760,165.0150,0.0000,967.6060,193.2060,134.3880,0.0000,0.0000,1521.7910
1150,1,3,1,62.9350,165.7420,0.0000,965.7970,194.5040,133.9690,0.0000,0.0000,1522.9470
1151,1,3,1,62.7440,164.7570,0.0000,969.1140,193.3410,133.5200,0.0000,0.0000,1523.4760
1152,1,3,1,61.3730,164.0370,0.0000,966.0370,247.8220,142.2160,0.0000,0.0000,1581.4850
1153,1,3,1,62.4930,174.8240,0.0000,972.7810,198.0060,136.9170,0.0000,0.0000,1545.0210
1154,1,3,1,63.2550,167.6610,0.0000,965.7470,197.6430,135.5570,0.0000,0.0000,1529.8630
1155,1,3,1,61.8220,165.0710,0.0000,967.8830,196.4370,133.4030,0.0000,0.0000,1524.6160
1156,1,3,1,62.9420,163.9380,0.0000,968.8490,195.0530,135.0590,0.0000,0.0000,1525.8410
1157,1,3,1,62.4500,164.4560,0.0000,966.3750,194.0680,135.9390,0.0000,0.0000,1523.2880
1158,1,3,1,63.2180,165.5870,0.0000,968.9290,192.1360,144.9350,0.0000,0.0000,1534.8050
1159,1,3,1,63.7290,175.3230,0.0000,967.5630,196.4620,136.1410,0.0000,0.0000,1539.2180
1160,1,3,1,62.2460,167.0030,0.0000,965.9500,194.3020,133.0520,0.0000,0.0000,1522.5530
1161,1,3,1,61.5330,164.5110,0.0000,966.3700,194.4250,132.5970,0.0000,0.0000,1519.4360
1162,1,3,1,62.9790,166.2960,0.0000,970.1850,192.8180,132.0430,0.0000,0.0000,1524.3210
1163,1,3,1,61.4030,164.8130,0.0000,972.3690,195.4400,134.3630,0.0000,0.0000,1528.3880
1164,1,3,1,61.5320,167.0280,0.0000,968.2580,194.2900,133.5940,0.0000,0.0000,1524.7020
1165,1,3,1,78.1230,194.8120,0.0000,981.7110,220.1970,150.0980,0.0000,0.0000,1624.9410
1166,1,3,1,65.1450,179.1200,0.0000,972.1050,201.4710,139.9330,0.0000,0.0000,1557.7740
1167,1,3,1,63.5940,167.5510,0.0000,970.1910,197.2240,135.8030,0.0000,0.0000,1534.3630
1168,1,3,1,63.5510,164.7130,0.0000,972.6650,194.0560,135.1630,0.0000,0.0000,1530.1480
1169,0,3,1,62.6640,164.5910,0.0000,968.7940,193.4950,135.1320,0.0000,0.0000,1524.6760
1170,1,3,1,62.3880,166.1290,0.0000,966.3260,191.9640,134.1480,0.0000,0.0000,1520.9550
1171,1,3,1,129.0160,176.5600,0.0000,970.6520,199.0700,140.1350,0.0000,0.0000,1615.4330
1172,1,3,1,63.8270,166.7010,0.0000,969.8960,196.6460,133.3170,0.0000,0.0000,1530.3870
1173,1,3,1,62.1790,166.5720,0.0000,967.2250,194.6590,134.8490,0.0000,0.0000,1525.4840
1174,0,3,0,63.4400,166.5960,0.0000,966.1540,194.4800,133.6800,0.0000,0.0000,1524.3500
1175,1,3,1,60.9230,167.7480,0.0000,967.8890,194.5480,133.0460,0.0000,0.0000,1524.1540
1176,0,3,0,60.8560,162.6160,0.0000,969.3110,194.8740,132.4870,0.0000,0.0000,1520.1440
1177,0,3,0,62.0550,220.3510,0.0000,973.1450,202.2090,138.3070,0.0000,0.0000,1596.0670
1178,1,3,1,64.8980,168.6590,0.0000,968.7440,196.1970,133.9450,0.0000,0.0000,1532.4430
1179,1,3,1,62.2340,166.6640,0.0000,967.1750,195.1760,134.5230,0.0000,0.0000,1525.7720
1180,1,3,1,61.5270,163.9440,0.0000,968.5350,195.8890,134.1420,0.0000,0.0000,1524.0370
1181,1,3,1,62.2580,165.6860,0.0000,967.0830,192.5050,134.4120,0.0000,0.0000,1521.9440
1182,1,3,1,60.8730,165.9760,0.0000,968.0800,194.4500,135.8460,0.0000,0.0000,1525.2250
1183,0,3,0,61.5500,164.6960,0.0000,967.7420,202.0000,136.5350,0.0000,0.0000,1532.5230
1184,1,3,1,61.4090,166.8370,0.0000,968.8800,197.5940,136.6770,0.0000,0.0000,1531.3970
1185,1,3,1,61.3100,166.0740,0.0000,971.3410,197.8650,134.7690,0.0000,0.0000,1531.3590
1186,1,3,1,63.5750,165.8400,0.0000,966.8000,193.8770,133.1020,0.0000,0.0000,1523.1940
1187,1,3,1,61.5140,163.9330,0.0000,966.8370,194.2580,134.3320,0.0000,0.0000,1520.8740
1188,1,3,1,62.5170,165.5320,0.0000,969.4580,195.4030,136.1840,0.0000,0.0000,1529.0940
1189,1,3,1,61.0900,163.6180,0.0000,972.2280,198.8250,136.4860,0.0000,0.0000,1532.2470
1190,0,3,0,61.3910,167.5080,0.0000,968.6460,193.6740,134.0500,0.0000,0.0000,1525.2690
1191,1,3,1,62.7810,165.5880,0.0000,967.3040,194.3760,133.2620,0.0000,0.0000,1523.3110
1192,1,3,1,62.0860,164.9290,0.0000,971.2860,194.5050,133.4400,0.0000,0.0000,1526.2460
1193,1,3,1,62.8430,166.5540,0.0000,973.2680,194.6710,132.6090,0.0000,0.0000,1529.9450
1194,1,3,1,61.7660,164.5900,0.0000,970.8800,192.9300,132.4610,0.0000,0.0000,1522.6270
1195,1,3,1,61.6920,163.9570,0.0000,972.1720,202.6030,137.7850,0.0000,0.0000,1538.2090
1196,1,3,1,63.0890,167.5140,0.0000,969.7050,195.4590,132.7880,0.0000,0.0000,1528.5550
1197,1,3,1,60.8370,163.8830,0.0000,966.9170,194.6330,134.0440,0.0000,0.0000,1520.3140
1198,1,3,1,61.3410,164.5720,0.0000,970.2710,195.6490,135.1380,0.0000,0.0000,1526.9710
1199,1,3,1,62.3630,163.7410,0.0000,968.9290,194.7140,133.0710,0.0000,0.0000,1522.8180
1200,1,3,1,61.9140,165.4580,0.0000,967.8580,191.7730,133.3290,0.0000,0.0000,1520.3320
1201,1,3,1,61.7290,165.9200,0.0000,975.1450,199.8400,136.6030,0.0000,0.0000,1539.2370
1202,1,3,1,61.9450,167.8840,0.0000,969.6490,196.7570,135.5140,0.0000,0.0000,1531.7490
1203,1,3,1,59.9750,166.2340,0.0000,964.3270,194.5360,133.2800,0.0000,0.0000,1518.3520
1204,1,3,1,63.6550,164.1170,0.0000,970.4120,195.4280,134.1720,0.0000,0.0000,1527.7840
1205,1,3,1,62.1230,164.3690,0.0000,969.1320,193.1140,134.5540,0.0000,0.0000,1523.2920
1206,1,3,1,61.8520,166.6830,0.0000,966.3690,194.4130,133.5760,0.0000,0.0000,1522.8930
1207,0,3,0,61.2980,163.4340,0.0000,1028.3500,224.8620,148.2150,0.0000,0.0000,1626.1590
1208,1,3,1,64.9470,176.7810,0.0000,972.9480,198.4310,140.4680,0.0000,0.0000,1553.5750
1209,1,3,0,63.1640,169.2430,0.0000,967.9760,194.9290,134.4430,0.0000,0.0000,1529.7550
1210,1,3,1,63.4090,167.5810,0.0000,966.9360,195.4330,132.5170,0.0000,0.0000,1525.8760
1211,1,3,1,61.7970,166.7510,0.0000,966.9110,196.0860,134.6830,0.0000,0.0000,1526.2280
1212,1,3,1,61.8890,165.2120,0.0000,964.3940,193.2000,132.1970,0.0000,0.0000,1516.8920
1213,1,3,1,62.2090,166.4130,0.0000,970.4120,243.1630,136.9660,0.0000,0.0000,1579.1630
1214,1,3,1,61.7850,168.4670,0.0000,966.8980,197.7230,134.2520,0.0000,0.0000,1529.1250
1215,1,3,1,62.0060,167.2680,0.0000,966.9960,193.9510,133.9140,0.0000,0.0000,1524.1350
1216,1,3,1,60.4000,166.3260,0.0000,971.6500,194.9600,133.9510,0.0000,0.0000,1527.2870
1217,1,3,1,61.6680,166.1040,0.0000,971.8400,194.6220,134.9230,0.0000,0.0000,1529.1570
1218,0,3,0,62.0980,164.6270,0.0000,969.2550,191.7970,134.4930,0.0000,0.0000,1522.2700
1219,1,3,1,59.7720,163.9200,0.0000,972.8250,194.1420,187.5140,0.0000,0.0000,1578.1730
1220,0,3,0,62.9540,172.1170,0.0000,968.8920,193.1260,136.6960,0.0000,0.0000,1533.7850
1221,1,3,1,61.8590,167.1380,0.0000,970.8980,197.1450,133.3300,0.0000,0.0000,1530.3700
1222,0,3,0,61.9260,164.5040,0.0000,970.5050,194.5100,133.5750,0.0000,0.0000,1525.0200
1223,1,3,1,62.8800,164.3940,0.0000,964.3020,194.2030,134.4620,0.0000,0.0000,1520.2410
1224,1,3,1,60.6830,163.3540,0.0000,971.2990,193.7050,134.9110,0.0000,0.0000,1523.9520
1225,1,3,1,61.9940,164.6400,0.0000,967.1750,194.5720,135.5630,0.0000,0.0000,1523.9440
1226,0,3,0,100.3380,169.5510,0.0000,970.9480,198.2890,136.7200,0.0000,0.0000,1575.8460
1227,0,3,0,61.3720,166.5910,0.0000,972.0680,195.1080,134.6650,0.0000,0.0000,1529.8040
1228,1,3,1,63.5200,165.9200,0.0000,970.0990,193.7110,134.5780,0.0000,0.0000,1527.8280
1229,1,3,1,60.7750,167.3100,0.0000,965.5510,193.5750,132.9720,0.0000,0.0000,1520.1830
1230,1,3,0,62.0610,165.2190,0.0000,967.3730,192.6760,133.4830,0.0000,0.0000,1520.8120
1231,1,3,1,63.8340,166.2030,0.0000,965.6370,192.8430,134.7750,0.0000,0.0000,1523.2920
1232,0,3,1,61.6800,213.4520,0.0000,971.9700,200.7450,135.9140,0.0000,0.0000,1583.7610
1233,1,3,1,63.8640,167.9880,0.0000,970.4250,196.1910,136.0920,0.0000,0.0000,1534.5600
1234,0,3,0,62.5290,165.3110,0.0000,968.4800,193.0590,136.3380,0.0000,0.0000,1525.7170
1235,1,3,1,61.9880,166.7760,0.0000,966.9230,193.0460,134.6700,0.0000,0.0000,1523.4030
1236,1,3,1,62.6470,166.0250,0.0000,972.2470,193.3780,133.2370,0.0000,0.0000,1527.5340
1237,1,3,0,62.3330,166.0920,0.0000,966.7320,193.9330,132.1720,0.0000,0.0000,1521.2620
1238,1,3,0,61.9320,164.1410,0.0000,961.4520,207.1500,138.9600,0.0000,0.0000,1533.6350
1239,1,3,1,63.1570,170.8740,0.0000,971.5440,193.5570,135.0460,0.0000,0.0000,1534.1780
1240,1,3,1,61.5690,164.6710,0.0000,966.9480,194.0680,133.6310,0.0000,0.0000,1520.8870
1241,1,3,1,60.5480,164.7690,0.0000,966.8860,194.6950,133.6560,0.0000,0.0000,1520.5540
1242,1,3,1,60.8190,165.0530,0.0000,966.5040,193.9140,134.3880,0.0000,0.0000,1520.6780
1243,1,3,1,62.6530,164.0440,0.0000,966.9040,195.9870,135.8710,0.0000,0.0000,1525.4590
1244,1,3,1,63.4580,164.5350,0.0000,968.8370,206.6770,139.1380,0.0000,0.0000,1542.6450
1245,1,3,1,62.7140,169.3110,0.0000,970.2090,195.0150,135.2190,0.0000,0.0000,1532.4680
1246,1,3,1,62.2950,166.4550,0.0000,966.5780,194.5360,133.5140,0.0000,0.0000,1523.3780
1247,1,3,0,62.1970,165.9200,0.0000,970.1410,195.9750,133.2560,0.0000,0.0000,1527.4890
1248,1,3,1,61.3910,166.2470,0.0000,968.3940,194.9350,135.2360,0.0000,0.0000,1526.2030
1249,1,3,1,62.0060,165.2860,0.0000,967.9020,193.8460,133.1510,0.0000,0.0000,1522.1910
1250,1,3,1,62.2330,163.7790,0.0000,968.1730,200.7940,134.9720,0.0000,0.0000,1529.9510
1251,0,3,0,62.8060,167.5630,0.0000,969.0280,193.8770,132.6520,0.0000,0.0000,1525.9260
1252,0,3,0,61.8030,166.0120,0.0000,968.3630,193.0640,134.5300,0.0000,0.0000,1523.7720
1253,1,3,1,61.4770,167.5510,0.0000,970.5050,193.3600,135.3660,0.0000,0.0000,1528.2590
1254,1,3,1,62.3810,162.9420,0.0000,968.0060,193.7170,134.5110,0.0000,0.0000,1521.5570
1255,1,3,1,60.2830,165.8340,0.0000,971.8520,194.1230,132.9230,0.0000,0.0000,1525.0150
1256,0,3,0,62.5110,163.5320,0.0000,969.7910,200.7690,134.4240,0.0000,0.0000,1531.0270
1257,1,3,1,62.7570,168.8490,0.0000,970.5910,195.4460,135.3850,0.0000,0.0000,1533.0280
1258,1,3,1,61.0900,166.1100,0.0000,969.4030,192.1660,134.1910,0.0000,0.0000,1522.9600
1259,1,3,1,61.3050,165.5510,0.0000,967.7240,192.5170,135.0270,0.0000,0.0000,1522.1240
1260,1,3,1,60.9480,163.1260,0.0000,967.6610,194.4500,132.3750,0.0000,0.0000,1518.5600
1261,1,3,0,60.8490,162.9170,0.0000,964.5600,192.7380,133.7970,0.0000,0.0000,1514.8610
1262,1,3,1,63.2180,163.1390,0.0000,970.7010,241.2310,135.0520,0.0000,0.0000,1573.3410
1263,1,3,1,61.7910,166.6710,0.0000,972.2460,195.7600,135.9260,0.0000,0.0000,1532.3940
1264,1,3,1,60.8990,165.3480,0.0000,967.3300,195.4900,133.6740,0.0000,0.0000,1522.7410
1265,0,3,0,63.4950,164.0310,0.0000,971.4650,193.9330,135.3170,0.0000,0.0000,1528.2410
1266,1,3,1,62.4860,163.6550,0.0000,966.2220,192.0980,135.4770,0.0000,0.0000,1519.9380
1267,1,3,1,62.2150,165.2740,0.0000,967.6000,193.4520,135.3290,0.0000,0.0000,1523.8700
1268,1,3,1,62.6710,163.2310,0.0000,969.5140,192.9350,184.5780,0.0000,0.0000,1572.9290
1269,1,3,0,62.0120,170.7880,0.0000,972.1600,196.3450,136.1100,0.0000,0.0000,1537.4150
1270,1,3,1,62.1910,166.3380,0.0000,965.8710,195.5140,136.1160,0.0000,0.0000,1526.0300
1271,1,3,1,63.5140,165.2680,0.0000,969.1570,195.8210,134.2400,0.0000,0.0000,1528.0000
1272,1,3,1,61.9020,164.4670,0.0000,969.5690,193.8400,133.6550,0.0000,0.0000,1523.4330
1273,1,3,1,61.9930,166.4930,0.0000,966.8070,192.7880,134.4000,0.0000,0.0000,1522.4810
1274,1,3,1,61.1630,164.5110,0.0000,964.9970,193.0650,133.8340,0.0000,0.0000,1517.5700
1275,1,3,1,103.3840,169.5880,0.0000,971.6740,198.6030,137.4400,0.0000,0.0000,1580.6890
1276,1,3,1,62.0180,164.7940,0.0000,971.5820,193.6430,137.0090,0.0000,0.0000,1529.0460
1277,1,3,1,61.9130,165.0280,0.0000,973.8700,195.7230,135.2120,0.0000,0.0000,1531.7460
1278,1,3,1,61.4830,165.3540,0.0000,964.1970,192.2090,136.0670,0.0000,0.0000,1519.3100
1279,1,3,1,60.2280,165.3540,0.0000,971.0960,193.5200,134.1480,0.0000,0.0000,1524.3460
1280,1,3,1,62.3870,163.9080,0.0000,971.2000,193.8400,130.8490,0.0000,0.0000,1522.1840
1281,0,3,0,63.4330,230.6950,0.0000,972.5960,200.9160,137.2000,0.0000,0.0000,1604.8400
1282,1,3,1,62.2030,165.5260,0.0000,969.7970,195.0460,136.3140,0.0000,0.0000,1528.8860
1283,1,3,1,62.2400,167.9570,0.0000,969.2130,193.9880,134.6340,0.0000,0.0000,1528.0320
1284,1,3,1,63.3230,165.6370,0.0000,968.6280,193.6620,134.0190,0.0000,0.0000,1525.2690
1285,1,3,1,61.7170,165.4580,0.0000,968.3630,196.1170,132.5230,0.0000,0.0000,1524.1780
1286,1,3,1,62.5660,166.0980,0.0000,967.9080,193.6740,134.3140,0.0000,0.0000,1524.5600
1287,1,3,1,61.2240,165.7110,0.0000,968.6330,201.5820,136.6090,0.0000,0.0000,1533.7590
1288,1,3,1,63.5320,165.0460,0.0000,967.4340,195.6370,137.5140,0.0000,0.0000,1529.1630
1289,0,3,0,61.5080,167.2920,0.0000,969.7170,195.5380,134.4610,0.0000,0.0000,1528.5160
1290,1,3,1,61.7170,165.6000,0.0000,968.9350,195.2670,134.1790,0.0000,0.0000,1525.6980
1291,1,3,1,61.3410,166.4490,0.0000,965.6370,192.0740,133.2860,0.0000,0.0000,1518.7870
1292,0,3,0,62.1170,166.0490,0.0000,970.2220,193.0640,132.9780,0.0000,0.0000,1524.4300
1293,1,3,1,63.1320,164.5600,0.0000,971.9630,199.1080,135.6490,0.0000,0.0000,1534.4120
1294,1,3,1,62.8560,169.8160,0.0000,968.9780,195.7290,133.7970,0.0000,0.0000,1531.1760
1295,1,3,1,61.3230,165.8100,0.0000,965.7910,193.2000,134.4620,0.0000,0.0000,1520.5860
1296,1,3,1,61.2620,163.8960,0.0000,967.9450,195.5750,132.8430,0.0000,0.0000,1521.5210
1297,1,3,1,61.8400,163.2060,0.0000,968.3270,192.5410,133.8960,0.0000,0.0000,1519.8100
1298,0,3,0,60.9790,162.9230,0.0000,968.5660,193.2310,135.2370,0.0000,0.0000,1520.9360
1299,1,3,1,62.0800,162.8740,0.0000,967.0100,202.9970,137.5510,0.0000,0.0000,1532.5120
1300,0,3,0,62.4360,167.5690,0.0000,966.4430,195.4030,134.3140,0.0000,0.0000,1526.1650
1301,1,3,1,62.2950,165.3840,0.0000,966.9660,195.2360,134.8430,0.0000,0.0000,1524.7240
1302,0,3,0,62.8670,162.9850,0.0000,968.5480,194.8000,133.5140,0.0000,0.0000,1522.7140
1303,1,3,1,61.7040,164.6530,0.0000,967.3530,194.9540,133.5880,0.0000,0.0000,1522.2520
1304,1,3,1,63.2980,167.0220,0.0000,968.9050,192.1110,133.4710,0.0000,0.0000,1524.8070
1305,1,3,1,61.9140,162.5720,0.0000,974.4560,200.9110,134.8560,0.0000,0.0000,1534.7090
1306,1,3,1,62.4300,167.8210,0.0000,969.0900,194.1230,134.4430,0.0000,0.0000,1527.9070
1307,1,3,1,62.4000,166.0500,0.0000,965.4950,192.7820,133.7910,0.0000,0.0000,1520.5180
1308,1,3,1,61.9260,163.8220,0.0000,966.9420,194.2770,134.7200,0.0000,0.0000,1521.6870
1309,1,3,1,60.7880,163.6800,0.0000,968.0800,194.6710,133.5080,0.0000,0.0000,1520.7270
1310,1,3,1,63.2070,167.0960,0.0000,966.5230,191.9200,134.4550,0.0000,0.0000,1523.2010
1311,1,3,1,61.8400,164.9910,0.0000,969.9880,238.2400,135.7420,0.0000,0.0000,1570.8010
1312,1,3,0,62.4190,167.6310,0.0000,967.1320,194.7510,136.5170,0.0000,0.0000,1528.4500
1313,1,3,0,61.6550,164.9540,0.0000,968.9050,193.5570,133.3970,0.0000,0.0000,1522.4680
1314,1,3,1,61.8030,164.4070,0.0000,966.6960,193.9630,133.8530,0.0000,0.0000,1520.7220
1315,1,3,1,60.9420,165.1010,0.0000,967.1700,193.9930,133.2430,0.0000,0.0000,1520.4490
1316,0,3,1,61.6310,164.0250,0.0000,969.9700,193.6000,131.5010,0.0000,0.0000,1520.7270
1317,1,3,1,68.7570,173.4280,0.0000,970.3820,253.3720,143.1940,0.0000,0.0000,1609.1330
1318,1,3,1,63.6800,174.0610,0.0000,972.8610,197.0830,137.8950,0.0000,0.0000,1545.5800
1319,1,3,1,62.3080,169.2120,0.0000,969.5570,196.3140,134.9600,0.0000,0.0000,1532.3510
1320,1,3,1,62.9420,166.3630,0.0000,970.6710,194.6280,135.6130,0.0000,0.0000,1530.2170
1321,0,3,0,63.4700,166.2150,0.0000,966.4430,194.9850,133.5320,0.0000,0.0000,1524.6450
1322,1,3,1,62.8920,163.4220,0.0000,970.5960,194.9660,132.8800,0.0000,0.0000,1524.7560
1323,1,3,1,61.1320,165.8890,0.0000,970.6950,192.7270,175.7350,0.0000,0.0000,1566.1780
1324,1,3,1,65.2180,169.6060,0.0000,967.5270,194.2890,134.8800,0.0000,0.0000,1531.5200
1325,1,3,1,60.5360,165.3290,0.0000,966.7070,193.9200,133.7600,0.0000,0.0000,1520.2520
1326,1,3,1,62.4620,164.8120,0.0000,969.6800,193.1570,133.4950,0.0000,0.0000,1523.6060
1327,1,3,1,62.5540,163.6930,0.0000,968.4300,193.4460,135.7600,0.0000,0.0000,1523.8830
1328,1,3,1,60.9850,166.1660,0.0000,967.7230,194.0740,136.3200,0.0000,0.0000,1525.2680
1329,1,3,1,62.7440,164.8740,0.0000,967.1690,190.8250,134.2460,0.0000,0.0000,1519.8580
1330,1,3,1,60.8430,207.7420,0.0000,966.9720,198.3200,137.7720,0.0000,0.0000,1571.6490
1331,1,3,1,62.2650,167.5690,0.0000,970.6210,195.3350,135.9070,0.0000,0.0000,1531.6970
1332,1,3,1,61.8460,165.3900,0.0000,967.9880,193.6000,132.0000,0.0000,0.0000,1520.8240
1333,1,3,1,61.3040,165.8400,0.0000,971.4220,194.0920,132.3630,0.0000,0.0000,1525.0210
1334,1,3,1,60.8670,165.2990,0.0000,966.9480,193.8580,132.6150,0.0000,0.0000,1519.5870
1335,1,3,1,61.7290,164.5050,0.0000,964.9350,192.7880,135.3290,0.0000,0.0000,1519.2860
1336,1,3,1,62.5170,165.8830,0.0000,1011.8400,200.7200,136.7320,0.0000,0.0000,1577.6920
1337,1,3,1,60.5040,166.8670,0.0000,968.3510,193.6980,135.1070,0.0000,0.0000,1524.5270
1338,1,3,1,61.4090,165.1320,0.0000,965.9140,193.5200,133.1260,0.0000,0.0000,1519.1010
1339,1,3,1,62.0000,165.6490,0.0000,973.7720,193.2370,135.6610,0.0000,0.0000,1530.3190
1340,1,3,1,60.3690,164.6460,0.0000,970.0000,194.9540,134.3020,0.0000,0.0000,1524.2710
1341,1,3,1,61.1700,165.8640,0.0000,967.8830,196.4250,133.6060,0.0000,0.0000,1524.9480
1342,1,3,1,61.4960,164.4360,0.0000,967.1690,203.8830,136.8250,0.0000,0.0000,1533.8090
1343,1,3,1,62.2340,166.8620,0.0000,971.1450,194.5350,134.9600,0.0000,0.0000,1529.7360
1344,1,3,1,62.9480,164.9850,0.0000,968.7380,193.2240,135.4210,0.0000,0.0000,1525.3160
1345,1,3,1,62.9530,165.2550,0.0000,966.9910,194.7510,134.4310,0.0000,0.0000,1524.3810
1346,0,3,0,62.1470,165.4770,0.0000,965.7480,194.5900,132.6710,0.0000,0.0000,1520.6330
1347,1,3,1,62.9720,163.7540,0.0000,965.4100,194.1730,134.3500,0.0000,0.0000,1520.6590
1348,1,3,1,62.1970,164.3390,0.0000,970.8610,201.6490,135.5750,0.0000,0.0000,1534.6210
1349,1,3,1,61.8160,166.7700,0.0000,967.4650,196.1480,136.2280,0.0000,0.0000,1528.4270
1350,1,3,1,63.0830,165.1510,0.0000,965.4160,195.5570,133.2730,0.0000,0.0000,1522.4800
1351,0,3,0,61.8770,166.5720,0.0000,970.2210,194.4060,133.0950,0.0000,0.0000,1526.1710
1352,1,3,1,62.4680,165.7970,0.0000,968.5600,193.2930,134.0740,0.0000,0.0000,1524.1920
1353,1,3,1,62.4370,165.2310,0.0000,965.5500,194.5540,132.9780,0.0000,0.0000,1520.7500
1354,1,3,1,62.3570,165.7170,0.0000,969.0460,200.9840,135.7470,0.0000,0.0000,1533.8510
1355,1,3,1,63.8530,169.2120,0.0000,967.4210,196.3200,136.9660,0.0000,0.0000,1533.7720
1356,1,3,1,61.0030,165.6930,0.0000,967.7420,194.1110,135.6500,0.0000,0.0000,1524.1990
1357,1,3,1,62.0920,164.9530,0.0000,969.7600,192.9780,132.8300,0.0000,0.0000,1522.6130
1358,1,3,1,62.4370,164.4310,0.0000,967.0830,193.7050,133.5320,0.0000,0.0000,1521.1880
1359,1,3,1,62.2580,166.0550,0.0000,966.0980,193.1320,133.7290,0.0000,0.0000,1521.2720
1360,1,3,1,62.0670,165.2310,0.0000,969.3840,200.5050,137.0530,0.0000,0.0000,1534.2400
1361,0,3,0,63.4960,169.8220,0.0000,965.5260,195.8340,135.4590,0.0000,0.0000,1530.1370
1362,1,3,1,60.2530,167.0520,0.0000,967.5690,194.4310,134.4430,0.0000,0.0000,1523.7480
1363,1,3,1,60.5290,164.7020,0.0000,968.8980,193.0220,133.8340,0.0000,0.0000,1520.9850
1364,1,3,1,60.8240,164.2710,0.0000,969.0090,195.8160,136.2710,0.0000,0.0000,1526.1910
1365,1,3,1,61.5690,164.3010,0.0000,966.1660,193.0890,133.0460,0.0000,0.0000,1518.1710
1366,1,3,1,61.9760,163.5260,0.0000,971.1130,240.4190,138.3260,0.0000,0.0000,1575.3600
1367,1,3,1,62.4000,169.0520,0.0000,967.9510,197.3110,133.6370,0.0000,0.0000,1530.3510
1368,1,3,1,62.0000,164.1850,0.0000,969.1630,194.4920,134.1720,0.0000,0.0000,1524.0120
1369,1,3,1,62.1100,165.9630,0.0000,969.7170,194.2830,134.7320,0.0000,0.0000,1526.8050
1370,1,3,1,60.4190,164.6460,0.0000,971.5810,193.6550,133.9940,0.0000,0.0000,1524.2950
1371,1,3,1,63.3040,163.6610,0.0000,972.7810,193.5880,133.7840,0.0000,0.0000,1527.1180
1372,1,3,1,60.5480,164.5420,0.0000,969.6800,194.4550,174.6150,0.0000,0.0000,1563.8400
1373,1,3,1,63.6190,169.9750,0.0000,969.5440,195.5570,135.0520,0.0000,0.0000,1533.7470
1374,1,3,1,62.3630,166.6900,0.0000,972.8870,196.4680,135.3970,0.0000,0.0000,1533.8050
1375,1,3,1,62.2220,166.7630,0.0000,963.6430,195.1700,136.5290,0.0000,0.0000,1524.3270
1376,1,3,1,61.6490,166.2340,0.0000,964.9290,194.2580,132.1660,0.0000,0.0000,1519.2360
1377,1,3,1,60.5110,164.6530,0.0000,972.8620,195.0700,131.7720,0.0000,0.0000,1524.8680
1378,1,3,1,60.6520,163.0220,0.0000,969.9630,192.5660,133.5630,0.0000,0.0000,1519.7660
1379,0,3,0,62.6640,206.2520,0.0000,971.6670,197.5320,136.3070,0.0000,0.0000,1574.4220
1380,1,3,1,62.8250,168.1780,0.0000,972.7570,194.7630,136.5790,0.0000,0.0000,1535.1020
1381,1,3,1,60.8130,165.3040,0.0000,968.0190,195.8710,134.5850,0.0000,0.0000,1524.5920
1382,1,3,1,61.2980,165.4030,0.0000,971.5870,193.8280,131.3350,0.0000,0.0000,1523.4510
1383,1,3,1,62.7020,166.5110,0.0000,968.9050,192.0670,132.3630,0.0000,0.0000,1522.5480
1384,1,3,1,61.0030,162.4370,0.0000,967.4950,193.1570,134.9850,0.0000,0.0000,1519.0770
1385,1,3,1,62.5110,166.4610,0.0000,966.5970,200.0120,136.8190,0.0000,0.0000,1532.4000
1386,1,3,1,61.5820,166.7200,0.0000,965.5320,194.8180,134.2650,0.0000,0.0000,1522.9170
1387,1,3,1,61.8280,165.5070,0.0000,972.6470,193.9570,133.1870,0.0000,0.0000,1527.1260
1388,1,3,1,61.3290,164.9420,0.0000,966.4800,194.3260,134.0860,0.0000,0.0000,1521.1630
1389,1,3,1,61.0590,165.3720,0.0000,967.4460,193.7230,132.8370,0.0000,0.0000,1520.4370
1390,1,3,0,62.7020,164.9300,0.0000,967.5140,193.6920,133.2060,0.0000,0.0000,1522.0440
1391,1,3,1,61.4400,164.1170,0.0000,972.3390,202.3380,137.6060,0.0000,0.0000,1537.8400
1392,1,3,1,61.6920,168.8930,0.0000,969.3540,196.3940,135.0640,0.0000,0.0000,1531.3970
1393,1,3,1,62.8800,164.9230,0.0000,965.3230,194.8000,135.7170,0.0000,0.0000,1523.6430
1394,1,3,1,59.7600,164.5910,0.0000,966.2650,191.5810,132.7500,0.0000,0.0000,1514.9470
1395,0,3,0,62.3010,165.3780,0.0000,966.0310,192.6890,133.3720,0.0000,0.0000,1519.7710
1396,1,3,1,60.0310,164.0800,0.0000,967.4150,192.8860,133.8890,0.0000,0.0000,1518.3010
1397,1,3,1,61.3230,164.6520,0.0000,971.6060,200.1040,134.9470,0.0000,0.0000,1532.6320
1398,1,3,1,62.2650,166.9670,0.0000,971.5330,194.0430,134.0980,0.0000,0.0000,1528.9060
1399,1,3,1,61.2490,167.1390,0.0000,966.9910,193.7850,134.0620,0.0000,0.0000,1523.2260
1400,0,3,0,61.4150,165.0520,0.0000,971.0530,194.1110,133.6550,0.0000,0.0000,1525.2860
1401,1,3,1,63.8030,165.3230,0.0000,967.7780,193.9380,135.2490,0.0000,0.0000,1526.0910
1402,1,3,1,62.2770,164.5540,0.0000,967.0460,194.0180,133.1560,0.0000,0.0000,1521.0510
1403,1,3,1,61.8650,163.3780,0.0000,971.8400,228.4610,149.6490,0.0000,0.0000,1575.1930
1404,0,3,0,64.6520,177.2000,0.0000,970.0430,199.4220,137.7110,0.0000,0.0000,1549.0280
1405,1,3,1,61.7660,167.7790,0.0000,967.1200,196.8800,133.5320,0.0000,0.0000,1527.0770
1406,1,3,1,61.6430,166.9780,0.0000,974.2160,195.0090,135.5450,0.0000,0.0000,1533.3910
1407,1,3,1,62.4000,166.3200,0.0000,967.6060,195.2740,136.0310,0.0000,0.0000,1527.6310
1408,1,3,1,61.1940,165.3050,0.0000,967.1880,194.0610,135.2490,0.0000,0.0000,1522.9970
1409,1,3,1,61.3970,165.1630,0.0000,985.6430,210.9050,140.7810,0.0000,0.0000,1563.8890
1410,0,3,0,61.8460,170.2900,0.0000,973.0470,196.6960,137.3230,0.0000,0.0000,1539.2020
1411,1,3,1,62.6650,167.4340,0.0000,971.0400,195.3290,134.4620,0.0000,0.0000,1530.9300
1412,0,3,0,61.0160,164.1360,0.0000,973.8700,195.9510,135.9690,0.0000,0.0000,1530.9420
1413,1,3,1,60.6520,164.3820,0.0000,964.9230,191.8890,134.0500,0.0000,0.0000,1515.8960
1414,1,3,1,60.8490,163.8580,0.0000,967.7670,193.2120,134.4920,0.0000,0.0000,1520.1780
1415,0,3,0,61.5450,165.1450,0.0000,970.7270,242.2460,136.5290,0.0000,0.0000,1576.1920
1416,1,3,1,61.4400,168.1780,0.0000,968.1230,196.9900,131.8100,0.0000,0.0000,1526.5410
1417,1,3,1,61.9510,167.4280,0.0000,969.4770,194.8680,135.3410,0.0000,0.0000,1529.0650
1418,1,3,1,62.7750,163.6740,0.0000,968.6710,194.2890,133.2310,0.0000,0.0000,1522.6400
1419,1,3,1,60.5350,164.0310,0.0000,965.1630,191.7720,133.9880,0.0000,0.0000,1515.4890
1420,1,3,1,62.5660,164.8670,0.0000,967.2800,193.3110,135.2370,0.0000,0.0000,1523.2610
1421,1,3,1,61.7540,164.8000,0.0000,966.7570,192.0800,174.1660,0.0000,0.0000,1559.5570
1422,1,3,1,62.7940,167.7040,0.0000,973.1080,194.4550,134.4370,0.0000,0.0000,1532.4980
1423,1,3,1,62.9100,165.0210,0.0000,965.0340,193.8030,135.1510,0.0000,0.0000,1521.9190
1424,1,3,1,61.0520,165.1510,0.0000,970.1170,193.7240,135.4460,0.0000,0.0000,1525.4900
1425,1,3,1,62.1290,165.2360,0.0000,964.4070,192.6830,135.5080,0.0000,0.0000,1519.9630
1426,1,3,1,61.7790,163.4950,0.0000,967.9260,192.2330,134.7200,0.0000,0.0000,1520.1530
1427,1,3,1,61.8280,163.8890,0.0000,971.1330,195.5940,133.2860,0.0000,0.0000,1525.7300
1428,1,3,1,62.4250,227.8090,0.0000,971.4770,196.2220,137.6920,0.0000,0.0000,1595.6250
1429,0,3,0,61.6490,168.3630,0.0000,971.8210,193.9260,135.8400,0.0000,0.0000,1531.5990
1430,1,3,1,61.9200,165.0950,0.0000,970.2210,193.4460,135.5570,0.0000,0.0000,1526.2390
1431,1,3,1,62.7200,163.6300,0.0000,968.8060,194.7450,135.6060,0.0000,0.0000,1525.5070
1432,1,3,1,60.6210,165.1940,0.0000,967.9010,193.1570,134.4370,0.0000,0.0000,1521.3100
1433,1,3,1,61.2680,164.9100,0.0000,968.2580,192.6330,134.9470,0.0000,0.0000,1522.0160
1434,1,3,1,61.9690,162.6770,0.0000,1017.7670,204.3940,137.0770,0.0000,0.0000,1583.8840
1435,1,3,1,63.2740,169.5390,0.0000,967.5940,195.0400,134.1840,0.0000,0.0000,1529.6310
1436,1,3,1,62.4430,166.1970,0.0000,967.4650,193.9880,134.9780,0.0000,0.0000,1525.0710
1437,1,3,1,61.3230,167.7780,0.0000,972.6950,194.7010,133.4160,0.0000,0.0000,1529.9130
1438,1,3,1,61.2980,166.6890,0.0000,969.2740,194.9530,132.9240,0.0000,0.0000,1525.1380
1439,1,3,1,62.6830,165.0580,0.0000,967.0770,192.0800,133.6310,0.0000,0.0000,1520.5290
1440,1,3,1,61.8580,166.5420,0.0000,966.5040,205.3160,141.9640,0.0000,0.0000,1542.1840
1441,1,3,1,62.4060,167.6370,0.0000,968.2400,196.1170,137.2430,0.0000,0.0000,1531.6430
1442,1,3,1,62.7440,166.2520,0.0000,968.9600,195.5570,136.3450,0.0000,0.0000,1529.8580
1443,0,3,0,63.1440,166.5050,0.0000,967.1510,193.0210,134.0370,0.0000,0.0000,1523.8580
1444,0,3,0,63.2490,164.2710,0.0000,965.9260,191.8950,134.0730,0.0000,0.0000,1519.4140
1445,1,3,1,62.6460,165.1080,0.0000,970.8180,194.8680,133.5320,0.0000,0.0000,1526.9720
1446,1,3,1,61.9140,165.9820,0.0000,972.7440,201.7470,136.8920,0.0000,0.0000,1539.2790
1447,1,3,1,61.6240,168.2890,0.0000,966.0310,196.5170,132.7390,0.0000,0.0000,1525.2000
1448,0,3,1,64.3320,166.4240,0.0000,968.3560,197.1630,134.0800,0.0000,0.0000,1530.3550
1449,1,3,1,61.7110,165.4090,0.0000,967.9440,194.5960,134.4120,0.0000,0.0000,1524.0720
1450,0,3,1,62.5110,164.5110,0.0000,968.1530,193.1020,133.4340,0.0000,0.0000,1521.7110
1451,1,3,1,61.3360,165.1020,0.0000,970.5230,194.1970,133.6000,0.0000,0.0000,1524.7580
1452,1,3,1,63.6620,163.7910,0.0000,974.8990,212.8000,140.1850,0.0000,0.0000,1555.3370
1453,0,3,0,63.9750,173.1630,0.0000,968.9230,197.5510,138.0000,0.0000,0.0000,1541.6120
1454,1,3,1,63.8210,167.3850,0.0000,972.0000,194.2770,136.0430,0.0000,0.0000,1533.5260
1455,1,3,1,62.8250,164.2220,0.0000,968.6590,196.6220,133.9450,0.0000,0.0000,1526.2730
1456,1,3,1,63.5690,165.9260,0.0000,968.4870,195.0030,134.2030,0.0000,0.0000,1527.1880
1457,1,3,1,62.9290,165.0640,0.0000,970.4000,193.9450,132.7510,0.0000,0.0000,1525.0890
1458,1,3,1,61.7730,165.9820,0.0000,971.3360,201.0900,137.4700,0.0000,0.0000,1537.6510
1459,0,3,0,62.9110,168.4680,0.0000,969.4460,194.0490,134.9480,0.0000,0.0000,1529.8220
1460,0,3,0,62.3570,165.9320,0.0000,968.8550,195.2860,133.4580,0.0000,0.0000,1525.8880
1461,0,3,0,61.8950,165.2000,0.0000,968.3570,195.0090,133.7600,0.0000,0.0000,1524.2210
1462,1,3,1,60.7570,163.1450,0.0000,969.0770,193.1510,132.5910,0.0000,0.0000,1518.7210
1463,1,3,1,62.0980,164.3510,0.0000,965.3540,195.4650,134.1230,0.0000,0.0000,1521.3910
1464,0,3,0,62.4860,165.0460,0.0000,968.0120,267.4950,139.7780,0.0000,0.0000,1602.8170
1465,0,3,0,62.7270,168.5100,0.0000,970.7080,198.5360,136.9670,0.0000,0.0000,1537.4480
1466,1,3,1,63.5450,165.9200,0.0000,968.9790,192.8550,134.2340,0.0000,0.0000,1525.5330
1467,1,3,1,63.9320,165.0830,0.0000,969.5380,194.8680,135.2610,0.0000,0.0000,1528.6820
1468,0,3,0,61.7360,166.1850,0.0000,968.8920,194.1850,135.8950,0.0000,0.0000,1526.8930
1469,1,3,1,60.4550,163.7050,0.0000,968.8360,194.0740,132.9480,0.0000,0.0000,1520.0180
1470,1,3,1,61.0770,165.2800,0.0000,963.0900,240.8740,140.4980,0.0000,0.0000,1570.8190
1471,1,3,1,61.6120,170.7320,0.0000,967.7660,198.6270,135.7050,0.0000,0.0000,1534.4420
1472,1,3,1,62.2400,166.9170,0.0000,968.7450,194.3940,134.8500,0.0000,0.0000,1527.1460
1473,1,3,1,61.0710,166.1540,0.0000,970.8610,194.2950,134.1850,0.0000,0.0000,1526.5660
1474,1,3,1,62.4000,164.6210,0.0000,965.9260,194.0120,134.0180,0.0000,0.0000,1520.9770
1475,1,3,1,62.4800,166.2640,0.0000,973.0770,194.6090,135.0090,0.0000,0.0000,1531.4390
1476,1,3,1,62.8000,165.0280,0.0000,970.7820,193.5200,176.2710,0.0000,0.0000,1568.4010
1477,1,3,1,64.0490,173.2070,0.0000,970.0370,196.8620,137.8030,0.0000,0.0000,1541.9580
1478,1,3,1,60.8490,168.1170,0.0000,969.4400,194.8490,135.6490,0.0000,0.0000,1528.9040
1479,1,3,1,62.0800,163.2980,0.0000,967.2980,193.8530,134.2100,0.0000,0.0000,1520.7390
1480,1,3,1,63.0770,163.5380,0.0000,966.4370,191.5380,133.7780,0.0000,0.0000,1518.3680
1481,1,3,1,61.7290,165.8650,0.0000,962.7260,194.6520,132.4550,0.0000,0.0000,1517.4270
1482,0,3,0,61.3170,163.4460,0.0000,965.2000,195.1080,134.5050,0.0000,0.0000,1519.5760
1483,1,3,0,60.4620,208.3880,0.0000,972.0000,197.0220,135.9810,0.0000,0.0000,1573.8530
1484,1,3,1,64.3940,167.5200,0.0000,973.1140,194.9600,135.0530,0.0000,0.0000,1535.0410
1485,1,3,1,61.9760,165.5140,0.0000,968.2280,194.0610,135.4340,0.0000,0.0000,1525.2130
1486,1,3,1,61.2060,164.3080,0.0000,968.9670,194.8120,132.7020,0.0000,0.0000,1521.9950
1487,0,3,0,61.0090,165.3910,0.0000,968.1780,194.7260,135.4150,0.0000,0.0000,1524.7190
1488,1,3,1,62.6030,166.4000,0.0000,965.7230,193.4900,134.1170,0.0000,0.0000,1522.3330
1489,1,3,0,62.4060,165.1570,0.0000,962.6100,201.3170,135.5320,0.0000,0.0000,1527.0220
1490,1,3,1,61.3290,165.8890,0.0000,969.3850,196.4240,134.3330,0.0000,0.0000,1527.3600
1491,1,3,1,62.1850,166.4430,0.0000,965.3420,193.7850,135.7850,0.0000,0.0000,1523.5400
1492,1,3,1,62.5600,164.8620,0.0000,967.9570,192.1720,134.2030,0.0000,0.0000,1521.7540
1493,1,3,0,62.0430,163.7050,0.0000,966.9110,193.8770,133.5630,0.0000,0.0000,1520.0990
1494,1,3,1,61.1260,164.9600,0.0000,970.3690,195.0030,133.1750,0.0000,0.0000,1524.6330
1495,1,3,1,62.8060,164.6890,0.0000,971.9570,201.8590,135.1330,0.0000,0.0000,1536.4440
1496,1,3,1,62.0370,166.3200,0.0000,967.6860,194.8550,134.7810,0.0000,0.0000,1525.6790
1497,1,3,1,62.2590,166.3200,0.0000,965.4520,194.4190,133.8650,0.0000,0.0000,1522.3150
1498,1,3,1,61.0340,166.5410,0.0000,968.8310,193.9940,134.9470,0.0000,0.0000,1525.3470
1499,1,3,1,61.5820,166.2470,0.0000,968.9600,191.6440,132.6090,0.0000,0.0000,1521.0420
1500,1,3,0,83.3420,213.6740,0.0000,973.3230,229.9510,163.3170,0.0000,0.0000,1663.6070
1501,1,3,1,66.5970,178.5660,0.0000,971.5870,204.6220,141.0400,0.0000,0.0000,1562.4120
1502,1,3,1,65.0150,169.6680,0.0000,973.0030,198.1720,137.0400,0.0000,0.0000,1542.8980
1503,1,3,1,60.8430,166.7020,0.0000,970.3510,193.8770,134.4550,0.0000,0.0000,1526.2280
1504,1,3,1,61.8580,163.6680,0.0000,965.7410,195.4890,131.6990,0.0000,0.0000,1518.4550
1505,1,3,1,62.8980,166.1050,0.0000,968.0800,196.5410,134.6770,0.0000,0.0000,1528.3010
1506,1,3,1,61.3850,167.4580,0.0000,961.1630,201.9010,138.9670,0.0000,0.0000,1530.8740
1507,1,3,1,63.1330,168.3320,0.0000,968.3690,196.4620,134.4980,0.0000,0.0000,1530.7940
1508,1,3,1,62.3570,166.3570,0.0000,970.6460,193.8100,133.8280,0.0000,0.0000,1526.9980
1509,1,3,1,61.7470,167.5440,0.0000,964.5480,194.0740,134.4120,0.0000,0.0000,1522.3250
1510,1,3,1,62.5360,164.7750,0.0000,969.7970,195.0100,135.7540,0.0000,0.0000,1527.8720
1511,1,3,1,61.4890,163.6370,0.0000,967.1940,193.5010,134.6460,0.0000,0.0000,1520.4670
1512,1,3,1,61.1750,165.5390,0.0000,975.7420,202.7870,136.2400,0.0000,0.0000,1541.4830
1513,0,3,0,62.0740,166.6770,0.0000,967.9320,194.9230,135.8210,0.0000,0.0000,1527.4270
1514,1,3,1,61.3790,165.3850,0.0000,966.0060,192.4000,134.6400,0.0000,0.0000,1519.8100
1515,0,3,1,61.4150,164.8980,0.0000,971.6370,192.2890,134.5970,0.0000,0.0000,1524.8360
1516,1,3,1,61.6920,165.4340,0.0000,965.3230,194.0620,133.7040,0.0000,0.0000,1520.2150
1517,1,3,1,60.2640,165.1320,0.0000,968.0000,193.3970,133.8460,0.0000,0.0000,1520.6390
1518,1,3,1,60.5290,165.4280,0.0000,969.0960,200.0930,135.1450,0.0000,0.0000,1530.2910
1519,1,3,1,63.0090,167.9200,0.0000,966.1540,194.3630,134.3690,0.0000,0.0000,1525.8150
1520,1,3,1,62.8300,167.2930,0.0000,970.8000,194.4060,134.4740,0.0000,0.0000,1529.8030
1521,1,3,1,62.4180,166.0620,0.0000,971.4030,192.9720,132.2900,0.0000,0.0000,1525.1450
1522,1,3,1,62.3880,165.9880,0.0000,968.8370,192.2460,134.2900,0.0000,0.0000,1523.7490
1523,0,3,0,62.5970,165.5940,0.0000,968.2650,193.8890,134.6030,0.0000,0.0000,1524.9480
1524,0,3,0,61.5640,163.3850,0.0000,968.8800,247.3410,138.5040,0.0000,0.0000,1579.6740
1525,0,3,0,62.1100,172.7570,0.0000,968.6950,193.1070,135.4960,0.0000,0.0000,1532.1650
1526,1,3,1,64.2400,168.4680,0.0000,965.8770,196.6030,134.9540,0.0000,0.0000,1530.1420
1527,1,3,1,61.4400,166.4920,0.0000,968.3630,194.5670,134.8860,0.0000,0.0000,1525.7480
1528,1,3,1,61.9700,165.0830,0.0000,968.5780,192.5850,132.8060,0.0000,0.0000,1521.0220
1529,1,3,1,61.4460,165.6060,0.0000,969.1880,195.9510,132.5050,0.0000,0.0000,1524.6960
1530,1,3,1,60.3940,165.7170,0.0000,968.8740,193.4590,174.9100,0.0000,0.0000,1563.3540
1531,1,3,1,62.0680,169.1010,0.0000,964.6340,195.6740,136.2650,0.0000,0.0000,1527.7420
1532,1,3,1,61.2490,165.9010,0.0000,965.4220,193.0830,133.3470,0.0000,0.0000,1519.0020
1533,0,3,0,61.6620,165.6680,0.0000,969.2500,195.1080,134.2950,0.0000,0.0000,1525.9830
1534,1,3,1,62.0430,166.0240,0.0000,971.5260,191.5260,134.6210,0.0000,0.0000,1525.7400
1535,0,3,0,60.8370,164.7690,0.0000,964.5230,193.0590,133.8830,0.0000,0.0000,1517.0710
1536,0,3,0,63.1010,164.1170,0.0000,965.7360,191.9630,133.3110,0.0000,0.0000,1518.2280
1537,1,3,1,60.5160,226.9290,0.0000,972.8980,198.7940,137.1260,0.0000,0.0000,1596.2630
1538,0,3,0,61.8520,164.6710,0.0000,970.0670,195.2860,134.3820,0.0000,0.0000,1526.2580
1539,1,3,1,62.4250,166.9360,0.0000,966.6470,193.3350,135.2190,0.0000,0.0000,1524.5620
1540,1,3,1,60.8620,163.7660,0.0000,968.9410,193.9200,134.0550,0.0000,0.0000,1521.5440
1541,1,3,1,61.7540,166.1050,0.0000,970.2340,194.9850,133.4890,0.0000,0.0000,1526.5670
1542,1,3,1,61.1630,165.6300,0.0000,970.1540,194.1470,135.0530,0.0000,0.0000,1526.1470
1543,1,3,0,61.7790,165.4210,0.0000,972.2530,202.1970,135.2180,0.0000,0.0000,1536.8680
1544,1,3,1,64.2520,165.7100,0.0000,970.5660,195.7050,134.1160,0.0000,0.0000,1530.3490
1545,1,3,1,61.9810,167.4340,0.0000,970.2220,195.0400,132.4120,0.0000,0.0000,1527.0890
1546,1,3,1,60.9970,165.6740,0.0000,968.8000,194.7010,133.4530,0.0000,0.0000,1523.6250
1547,1,3,1,61.2930,164.0610,0.0000,972.8250,194.7390,132.6400,0.0000,0.0000,1525.5580
1548,1,3,1,62.0680,166.0920,0.0000,967.3350,195.1010,133.8460,0.0000,0.0000,1524.4420
1549,1,3,1,62.5850,164.6340,0.0000,973.4400,200.9910,135.3540,0.0000,0.0000,1537.0040
1550,1,3,1,63.0470,166.6580,0.0000,971.6930,195.4280,136.2280,0.0000,0.0000,1533.0540
1551,1,3,1,62.2030,166.6520,0.0000,966.8740,194.9170,135.7040,0.0000,0.0000,1526.3500
1552,1,3,1,62.0870,165.9260,0.0000,967.2060,192.7760,134.4500,0.0000,0.0000,1522.4450
1553,1,3,1,60.8000,165.8650,0.0000,963.8460,194.6770,133.9260,0.0000,0.0000,1519.1140
1554,0,3,1,61.5380,165.5570,0.0000,963.9880,195.0030,133.3600,0.0000,0.0000,1519.4460
1555,1,3,1,63.1260,165.5080,0.0000,972.8120,202.5290,136.5040,0.0000,0.0000,1540.4790
1556,1,3,1,63.9510,166.7260,0.0000,970.1170,194.8190,133.8830,0.0000,0.0000,1529.4960
1557,1,3,1,61.2860,165.0340,0.0000,970.0180,195.3970,132.8370,0.0000,0.0000,1524.5720
1558,0,3,0,60.0740,164.4610,0.0000,969.4830,192.8060,134.5410,0.0000,0.0000,1521.3650
1559,1,3,1,62.2400,163.9200,0.0000,969.3160,194.2210,137.2500,0.0000,0.0000,1526.9470
1560,1,3,1,62.0000,165.7660,0.0000,969.5320,193.1140,135.7850,0.0000,0.0000,1526.1970
1561,1,3,1,62.0560,165.3730,0.0000,973.1140,200.7020,136.6710,0.0000,0.0000,1537.9160
1562,0,3,0,62.3750,168.3380,0.0000,969.0100,194.2890,135.6000,0.0000,0.0000,1529.6120
1563,1,3,1,60.3820,167.0280,0.0000,966.8240,196.5600,135.0770,0.0000,0.0000,1525.8710
1564,1,3,1,62.2640,165.8270,0.0000,964.7380,194.3010,132.9230,0.0000,0.0000,1520.0530
1565,1,3,1,62.8370,165.6500,0.0000,968.6460,193.4770,134.1540,0.0000,0.0000,1524.7640
1566,1,3,1,60.3260,165.4830,0.0000,962.9790,193.6370,135.0900,0.0000,0.0000,1517.5150
1567,0,3,0,61.5080,164.5350,0.0000,962.8130,203.2120,139.5380,0.0000,0.0000,1531.6060
1568,1,3,1,64.2890,167.3780,0.0000,969.7670,194.9470,135.0040,0.0000,0.0000,1531.3850
1569,1,3,1,62.2950,167.2370,0.0000,968.9360,195.5940,134.5600,0.0000,0.0000,1528.6220
1570,1,3,1,63.6000,165.2500,0.0000,968.8620,193.6130,133.0280,0.0000,0.0000,1524.3530
1571,1,3,1,61.8640,166.1050,0.0000,968.9660,193.7720,135.7170,0.0000,0.0000,1526.4240
1572,1,3,1,61.6620,165.7790,0.0000,965.7420,195.1750,133.1200,0.0000,0.0000,1521.4780
1573,0,3,0,62.3500,165.1760,0.0000,969.6920,255.4150,139.3910,0.0000,0.0000,1592.0240
1574,1,3,1,62.4180,167.2560,0.0000,971.4890,195.8950,137.4270,0.0000,0.0000,1534.4850
1575,1,3,1,61.8830,166.7380,0.0000,972.2340,197.6980,134.6710,0.0000,0.0000,1533.2240
1576,1,3,1,62.0300,163.4400,0.0000,962.7630,194.8560,136.0740,0.0000,0.0000,1519.1630
1577,1,3,1,61.3350,165.7420,0.0000,968.6770,193.5380,134.2640,0.0000,0.0000,1523.5560
1578,1,3,1,62.9600,164.4370,0.0000,969.3110,193.3290,134.9050,0.0000,0.0000,1524.9420
1579,1,3,1,61.7720,166.4000,0.0000,968.6460,195.0270,178.3560,0.0000,0.0000,1570.2010
1580,1,3,1,61.5140,167.9700,0.0000,966.1780,195.2800,136.1420,0.0000,0.0000,1527.0840
1581,1,3,1,61.9330,165.1260,0.0000,968.7880,192.4120,132.5540,0.0000,0.0000,1520.8130
1582,1,3,1,62.7200,164.8180,0.0000,969.5200,192.8130,134.4490,0.0000,0.0000,1524.3200
1583,1,3,1,61.8590,165.1140,0.0000,969.9390,193.7850,133.8220,0.0000,0.0000,1524.5190
1584,0,3,0,59.1070,164.9300,0.0000,967.9330,192.4060,135.0330,0.0000,0.0000,1519.4090
1585,1,3,1,62.6470,163.1140,0.0000,964.7510,192.8120,132.3020,0.0000,0.0000,1515.6260
1586,1,3,1,109.0590,172.1420,0.0000,968.1170,195.6180,138.5850,0.0000,0.0000,1583.5210
1587,1,3,1,63.0280,167.6130,0.0000,968.1410,195.1320,135.3910,0.0000,0.0000,1529.3050
1588,1,3,1,62.5850,166.2030,0.0000,968.3690,192.0620,134.8190,0.0000,0.0000,1524.0380
1589,1,3,1,61.6180,164.2090,0.0000,968.9730,194.5660,133.6800,0.0000,0.0000,1523.0460
1590,1,3,1,61.7970,164.1040,0.0000,963.3290,194.7200,134.4240,0.0000,0.0000,1518.3740
1591,1,3,1,61.7910,165.4830,0.0000,964.0550,192.9970,133.4710,0.0000,0.0000,1517.7970
1592,1,3,1,60.8440,163.2620,0.0000,973.6680,200.0620,136.1670,0.0000,0.0000,1534.0030
1593,0,3,0,62.1850,165.5880,0.0000,963.7910,195.3900,134.6580,0.0000,0.0000,1521.6120
1594,1,3,1,61.0210,164.3760,0.0000,968.5160,193.7170,133.7110,0.0000,0.0000,1521.3410
1595,1,3,1,61.8330,166.2580,0.0000,966.7380,196.4370,132.6340,0.0000,0.0000,1523.9000
1596,1,3,1,62.0060,164.6330,0.0000,965.7720,194.3570,134.8500,0.0000,0.0000,1521.6180
1597,1,3,1,62.7630,164.3760,0.0000,965.4400,194.2030,131.4030,0.0000,0.0000,1518.1850
1598,1,3,1,61.6990,163.7050,0.0000,962.0550,217.1080,144.4190,0.0000,0.0000,1548.9860
1599,1,3,1,64.4870,175.3170,0.0000,977.4710,199.7720,137.1130,0.0000,0.0000,1554.1600
1600,1,3,1,62.1110,167.4150,0.0000,971.1020,195.1630,132.9350,0.0000,0.0000,1528.7260
1601,0,3,0,61.6980,167.2680,0.0000,969.3730,195.2180,134.1540,0.0000,0.0000,1527.7110
1602,1,3,1,64.2520,166.0680,0.0000,964.0070,194.8680,135.4520,0.0000,0.0000,1524.6470
1603,1,3,1,61.7360,164.4310,0.0000,966.1910,193.3900,133.5320,0.0000,0.0000,1519.2800
1604,1,3,1,61.8090,166.6890,0.0000,975.6500,203.0950,139.1880,0.0000,0.0000,1546.4310
1605,1,3,1,62.0250,167.9260,0.0000,969.8400,195.6000,135.3600,0.0000,0.0000,1530.7510
1606,1,3,1,61.9450,165.0210,0.0000,970.4240,197.2060,133.9930,0.0000,0.0000,1528.5890
1607,1,3,1,61.8650,166.9230,0.0000,969.2120,194.4440,133.0960,0.0000,0.0000,1525.5400
1608,1,3,1,61.7410,163.7480,0.0000,970.5480,191.9690,133.6190,0.0000,0.0000,1521.6250
1609,1,3,1,61.7290,165.4030,0.0000,967.2180,194.3510,134.3320,0.0000,0.0000,1523.0330
1610,0,3,0,63.2860,164.4490,0.0000,961.0520,205.9200,138.7940,0.0000,0.0000,1533.5010
1611,1,3,1,62.9290,168.9050,0.0000,970.3140,195.3530,135.7850,0.0000,0.0000,1533.2860
1612,1,3,1,60.7930,165.5880,0.0000,970.6590,194.4060,134.0980,0.0000,0.0000,1525.5440
1613,1,3,1,61.7480,166.0670,0.0000,966.4190,195.0770,133.6560,0.0000,0.0000,1522.9670
1614,1,3,1,60.3690,163.8710,0.0000,970.8000,193.6490,134.0130,0.0000,0.0000,1522.7020
1615,1,3,1,61.7290,164.8800,0.0000,968.5600,193.6190,133.4710,0.0000,0.0000,1522.2590
1616,1,3,1,60.0800,165.3360,0.0000,972.5970,201.8770,136.9910,0.0000,0.0000,1536.8810
1617,1,3,1,62.0120,166.3080,0.0000,972.5780,196.6950,135.1130,0.0000,0.0000,1532.7060
1618,1,3,1,61.7970,166.4680,0.0000,969.6740,194.9730,134.4620,0.0000,0.0000,1527.3740
1619,1,3,1,60.9350,163.2300,0.0000,969.6430,194.4740,132.6040,0.0000,0.0000,1520.8860
1620,1,3,1,60.4930,166.4190,0.0000,967.6680,196.4180,133.1070,0.0000,0.0000,1524.1050
1621,0,3,0,62.7260,164.5480,0.0000,966.3820,193.6240,133.3850,0.0000,0.0000,1520.6650
1622,1,3,1,63.5200,165.7910,0.0000,965.0520,239.9570,135.8960,0.0000,0.0000,1570.2160
1623,1,3,1,60.9850,168.5480,0.0000,968.5170,195.8590,134.4610,0.0000,0.0000,1528.3700
1624,0,3,1,61.2240,164.8430,0.0000,969.0460,193.3170,134.1290,0.0000,0.0000,1522.5590
1625,1,3,1,62.3810,164.1100,0.0000,966.0620,192.8000,135.6130,0.0000,0.0000,1520.9660
1626,1,3,1,60.8370,164.9170,0.0000,970.4680,194.0430,133.9510,0.0000,0.0000,1524.2160
1627,1,3,1,60.4490,163.3910,0.0000,969.4030,192.5050,133.4340,0.0000,0.0000,1519.1820
1628,1,3,0,62.7140,165.0030,0.0000,967.4270,192.4740,174.5540,0.0000,0.0000,1562.1720
1629,1,3,1,63.6370,168.4310,0.0000,968.3200,194.6220,134.6590,0.0000,0.0000,1529.6690
1630,1,3,1,64.2090,167.8160,0.0000,971.5320,193.9630,133.4460,0.0000,0.0000,1530.9660
1631,1,3,1,60.9790,166.5970,0.0000,967.9570,193.7480,133.8030,0.0000,0.0000,1523.0840
1632,1,3,1,61.5260,166.7320,0.0000,968.4870,193.5510,133.5450,0.0000,0.0000,1523.8410
1633,1,3,1,62.2830,165.1630,0.0000,962.5660,193.6430,133.5630,0.0000,0.0000,1517.2180
1634,1,3,1,60.4310,164.7320,0.0000,968.2950,195.3110,132.9540,0.0000,0.0000,1521.7230
1635,1,3,1,111.0470,169.8590,0.0000,965.8650,196.7870,135.5760,0.0000,0.0000,1579.1340
1636,1,3,1,62.2460,167.2000,0.0000,968.2210,196.2590,133.4580,0.0000,0.0000,1527.3840
1637,1,3,1,61.8770,165.2430,0.0000,966.4980,194.9290,135.4340,0.0000,0.0000,1523.9810
1638,1,3,1,63.3910,165.2860,0.0000,965.6490,193.9760,134.3810,0.0000,0.0000,1522.6830
1639,1,3,1,60.3760,165.4280,0.0000,964.1410,192.9600,132.4980,0.0000,0.0000,1515.4030
1640,1,3,1,61.9880,165.3910,0.0000,968.8190,193.9940,134.3810,0.0000,0.0000,1524.5730
1641,1,3,1,61.3360,202.6470,0.0000,973.7360,198.3260,135.9870,0.0000,0.0000,1572.0320
1642,0,3,0,62.5230,167.0150,0.0000,966.2960,197.1570,133.4090,0.0000,0.0000,1526.4000
1643,1,3,1,69.2000,176.4800,0.0000,972.1660,199.5870,139.8340,0.0000,0.0000,1557.2670
1644,1,3,1,63.8460,169.0830,0.0000,968.1910,193.4710,135.4830,0.0000,0.0000,1530.0740
1645,1,3,1,62.7450,167.8340,0.0000,969.1070,194.7750,134.9600,0.0000,0.0000,1529.4210
1646,1,3,1,61.2980,167.0890,0.0000,974.1350,196.3810,131.5080,0.0000,0.0000,1530.4110
1647,0,3,0,61.3730,166.5660,0.0000,963.2370,209.0890,137.8590,0.0000,0.0000,1538.1240
1648,1,3,1,62.6710,169.4030,0.0000,970.0550,195.0580,135.8210,0.0000,0.0000,1533.0080
1649,1,3,1,62.7880,167.4890,0.0000,970.3320,194.7390,133.6550,0.0000,0.0000,1529.0030
1650,1,3,1,62.2210,164.4240,0.0000,967.6730,193.5560,135.4640,0.0000,0.0000,1523.3380
1651,1,3,1,61.7540,166.5780,0.0000,971.4270,189.8830,133.6310,0.0000,0.0000,1523.2730
1652,1,3,1,62.5910,164.0360,0.0000,965.8590,192.7140,134.2590,0.0000,0.0000,1519.4590
1653,1,3,1,62.7820,164.2590,0.0000,974.6520,202.3070,137.7970,0.0000,0.0000,1541.7970
1654,0,3,0,62.3260,165.6060,0.0000,970.4430,195.5260,133.7780,0.0000,0.0000,1527.6790
1655,0,3,0,62.3810,166.6220,0.0000,963.8220,195.4710,134.3130,0.0000,0.0000,1522.6090
1656,1,3,0,60.1970,165.3790,0.0000,966.2710,194.1960,133.2990,0.0000,0.0000,1519.3420
1657,1,3,1,61.7600,164.2710,0.0000,965.6930,193.8960,135.6240,0.0000,0.0000,1521.2440
1658,1,3,1,61.8530,164.7630,0.0000,968.6340,194.0180,133.2860,0.0000,0.0000,1522.5540
1659,1,3,1,61.6560,164.9350,0.0000,972.8360,200.5540,137.9130,0.0000,0.0000,1537.8940
1660,1,3,1,63.6190,169.9630,0.0000,968.6220,197.4400,133.7670,0.0000,0.0000,1533.4110
1661,1,3,1,60.9540,167.8340,0.0000,961.0770,195.8330,136.3200,0.0000,0.0000,1522.0180
1662,0,3,0,62.0680,166.3020,0.0000,971.6430,196.4000,133.7050,0.0000,0.0000,1530.1180
1663,1,3,1,62.7940,164.6900,0.0000,968.6830,194.9470,135.2130,0.0000,0.0000,1526.3270
1664,1,3,1,60.9720,165.8960,0.0000,969.5200,196.8980,133.9390,0.0000,0.0000,1527.2250
1665,1,3,1,60.9720,164.7930,0.0000,975.4150,202.5970,136.2400,0.0000,0.0000,1540.0170
1666,1,3,0,62.8180,167.1140,0.0000,967.6000,195.7540,135.6920,0.0000,0.0000,1528.9780
1667,1,3,1,62.2830,166.0490,0.0000,970.9230,194.8250,135.9510,0.0000,0.0000,1530.0310
1668,1,3,1,63.2120,165.6430,0.0000,968.1540,194.1420,133.3720,0.0000,0.0000,1524.5230
1669,1,3,1,63.5390,166.5900,0.0000,967.4030,195.2370,134.2220,0.0000,0.0000,1526.9910
1670,1,3,1,61.0830,163.8900,0.0000,965.0650,193.7300,134.4070,0.0000,0.0000,1518.1750
1671,1,3,1,61.3290,162.7820,0.0000,1000.9600,199.2680,136.8860,0.0000,0.0000,1561.2250
1672,1,3,1,61.9070,165.5570,0.0000,969.1260,195.2920,133.1630,0.0000,0.0000,1525.0450
1673,1,3,1,61.8950,165.2250,0.0000,966.3630,195.1510,132.1230,0.0000,0.0000,1520.7570
1674,1,3,1,61.8280,166.0670,0.0000,966.8560,194.4990,133.3910,0.0000,0.0000,1522.6410
1675,0,3,0,61.0460,164.9660,0.0000,968.3200,194.5110,135.1760,0.0000,0.0000,1524.0190
1676,1,3,1,62.3870,167.1070,0.0000,966.0190,195.1320,132.5420,0.0000,0.0000,1523.1870
1677,1,3,1,61.9390,165.3850,0.0000,966.9410,231.4580,134.1170,0.0000,0.0000,1559.8400
1678,1,3,1,60.2150,169.1810,0.0000,970.0920,196.5420,135.8580,0.0000,0.0000,1531.8880
1679,1,3,1,61.4710,164.6330,0.0000,964.6770,193.1010,134.7440,0.0000,0.0000,1518.6260
1680,1,3,1,60.8120,164.3930,0.0000,962.0860,194.7320,134.6400,0.0000,0.0000,1516.6630
1681,1,3,1,61.7350,166.3080,0.0000,972.4430,195.9200,135.1200,0.0000,0.0000,1531.5260
1682,0,3,0,60.5100,164.7820,0.0000,965.6490,193.5200,133.5200,0.0000,0.0000,1517.9810
1683,1,3,1,61.9880,163.7110,0.0000,964.5290,194.4610,133.8590,0.0000,0.0000,1518.5480
1684,1,3,1,67.4460,169.4830,0.0000,973.1820,196.3200,138.0550,0.0000,0.0000,1544.4860
1685,1,3,1,61.7720,167.7970,0.0000,966.2150,194.2220,136.7690,0.0000,0.0000,1526.7750
1686,1,3,1,61.5820,165.5940,0.0000,965.6800,196.1960,134.2520,0.0000,0.0000,1523.3040
1687,1,3,1,62.8980,165.0890,0.0000,964.8250,194.7450,130.6640,0.0000,0.0000,1518.2210
1688,1,3,1,60.8740,166.1300,0.0000,966.8990,194.6900,133.9200,0.0000,0.0000,1522.5130
1689,1,3,1,60.9540,165.8590,0.0000,970.8190,194.1790,133.1010,0.0000,0.0000,1524.9120
1690,1,3,1,62.3880,207.1500,0.0000,971.3970,199.0770,133.2800,0.0000,0.0000,1573.2920
1691,1,3,1,62.2830,168.5360,0.0000,966.6270,193.8950,133.3480,0.0000,0.0000,1524.6890
1692,1,3,1,60.7750,163.4210,0.0000,971.2070,193.1200,134.3450,0.0000,0.0000,1522.8680
1693,1,3,1,60.6280,166.1970,0.0000,969.5260,196.0800,134.3690,0.0000,0.0000,1526.8000
1694,1,3,1,63.0650,167.0890,0.0000,967.6740,195.4400,135.0890,0.0000,0.0000,1528.3570
1695,1,3,1,61.1880,167.2860,0.0000,966.5780,195.3910,133.9510,0.0000,0.0000,1524.3940
1696,1,3,1,62.7940,165.1260,0.0000,966.2640,202.5970,136.2650,0.0000,0.0000,1533.0460
1697,1,3,1,61.9380,166.3380,0.0000,967.0400,194.9960,135.2980,0.0000,0.0000,1525.6100
1698,1,3,1,62.8980,165.4520,0.0000,968.6700,195.3600,135.4280,0.0000,0.0000,1527.8080
1699,0,3,0,64.0860,164.5230,0.0000,968.8740,193.7850,133.8520,0.0000,0.0000,1525.1200
1700,1,3,1,60.9350,164.3690,0.0000,968.3260,192.7440,133.1080,0.0000,0.0000,1519.4820
1701,1,3,1,62.7010,163.8520,0.0000,965.6740,193.6370,135.7780,0.0000,0.0000,1521.6420
1702,1,3,1,63.3910,166.4980,0.0000,964.6340,203.1260,136.5850,0.0000,0.0000,1534.2340
1703,1,3,1,61.9200,167.4530,0.0000,968.0000,196.7010,133.8840,0.0000,0.0000,1527.9580
1704,1,3,1,61.3850,166.7080,0.0000,966.9360,194.2460,133.2800,0.0000,0.0000,1522.5550
1705,1,3,1,61.8770,165.3410,0.0000,969.0220,194.9780,135.3600,0.0000,0.0000,1526.5780
1706,1,3,1,62.5850,163.2310,0.0000,966.8490,196.1170,133.7780,0.0000,0.0000,1522.5600
1707,1,3,1,61.5130,162.9900,0.0000,965.0890,192.5170,133.5130,0.0000,0.0000,1515.6220
1708,1,3,1,61.6610,164.6710,0.0000,963.7350,203.1510,136.7880,0.0000,0.0000,1530.0060
1709,1,3,1,64.6040,168.4430,0.0000,972.5660,193.7410,137.1380,0.0000,0.0000,1536.4920
1710,1,3,1,62.9850,165.5570,0.0000,969.8710,194.1790,134.8800,0.0000,0.0000,1527.4720
1711,1,3,1,62.2520,166.9350,0.0000,970.4670,193.0890,135.2370,0.0000,0.0000,1527.9800
1712,1,3,1,60.4560,165.9260,0.0000,967.1630,193.8160,135.0650,0.0000,0.0000,1522.4260
1713,1,3,1,62.0250,163.5270,0.0000,970.6520,194.3880,133.0090,0.0000,0.0000,1523.6010
1714,1,3,1,61.7350,164.7870,0.0000,972.1110,201.8090,137.1510,0.0000,0.0000,1537.5930
1715,0,3,0,62.7880,169.1510,0.0000,967.6800,196.8000,134.2830,0.0000,0.0000,1530.7020
1716,1,3,1,62.7070,167.2490,0.0000,968.5530,193.2430,135.6930,0.0000,0.0000,1527.4450
1717,1,3,1,62.9840,163.6130,0.0000,968.0250,194.7880,133.5450,0.0000,0.0000,1522.9550
1718,1,3,1,63.1700,166.6270,0.0000,963.2550,194.6770,135.0580,0.0000,0.0000,1522.7870
1719,1,3,1,61.6800,165.5560,0.0000,967.5810,194.5230,133.9450,0.0000,0.0000,1523.2850
1720,1,3,1,61.1810,164.1040,0.0000,1025.8580,206.1600,139.6620,0.0000,0.0000,1596.9650
1721,1,3,1,62.8670,167.4950,0.0000,969.0580,196.5480,133.7540,0.0000,0.0000,1529.7220
1722,1,3,1,61.3600,166.8860,0.0000,971.6370,193.8030,133.2680,0.0000,0.0000,1526.9540
1723,0,3,0,63.0950,162.4860,0.0000,967.5260,195.0160,135.4460,0.0000,0.0000,1523.5690
1724,1,3,1,63.0280,165.8340,0.0000,970.3380,193.6680,134.2640,0.0000,0.0000,1527.1320
1725,1,3,1,60.5900,164.7020,0.0000,970.2270,194.6030,134.0250,0.0000,0.0000,1524.1470
1726,1,3,1,62.5840,165.1320,0.0000,967.2800,238.4430,136.8060,0.0000,0.0000,1570.2450
1727,1,3,1,62.5350,170.9850,0.0000,971.4400,196.0370,138.0490,0.0000,0.0000,1539.0460
1728,1,3,1,62.9420,169.0030,0.0000,969.2000,195.2920,134.5720,0.0000,0.0000,1531.0090
1729,1,3,1,63.1320,166.1050,0.0000,967.6870,194.0490,132.0560,0.0000,0.0000,1523.0290
1730,1,3,1,62.6100,165.9570,0.0000,968.9420,195.2930,132.3200,0.0000,0.0000,1525.1220
1731,1,3,1,62.5910,164.9050,0.0000,970.8740,193.7410,134.0120,0.0000,0.0000,1526.1230
1732,1,3,1,60.7570,163.6370,0.0000,968.8680,195.0650,176.6280,0.0000,0.0000,1564.9550
1733,0,3,0,63.2550,169.3360,0.0000,967.4030,194.9970,136.6890,0.0000,0.0000,1531.6800
1734,1,3,1,63.4400,166.9910,0.0000,969.4460,194.8070,136.3020,0.0000,0.0000,1530.9860
1735,1,3,1,61.3350,166.4060,0.0000,969.5640,195.0580,133.2310,0.0000,0.0000,1525.5940
1736,0,3,0,61.2550,164.0860,0.0000,971.8650,193.7910,134.1230,0.0000,0.0000,1525.1200
1737,1,3,1,60.7130,165.4640,0.0000,971.4150,191.9450,133.6370,0.0000,0.0000,1523.1740
1738,1,3,1,62.1660,165.6310,0.0000,967.8590,194.8070,133.6860,0.0000,0.0000,1524.1490
1739,1,3,1,61.3170,208.8980,0.0000,968.7450,198.5850,134.3750,0.0000,0.0000,1571.9200
1740,1,3,1,62.9110,166.0800,0.0000,971.4030,194.0490,136.7380,0.0000,0.0000,1531.1810
1741,1,3,1,61.0950,166.6210,0.0000,966.7940,192.7020,135.5130,0.0000,0.0000,1522.7250
1742,1,3,1,63.1010,167.6980,0.0000,968.1100,194.1230,134.9540,0.0000,0.0000,1527.9860
1743,1,3,1,61.7170,165.7360,0.0000,966.0620,195.2620,135.0460,0.0000,0.0000,1523.8230
1744,1,3,1,60.6090,163.2740,0.0000,974.4620,193.8150,134.4370,0.0000,0.0000,1526.5970
1745,1,3,1,62.8740,164.4920,0.0000,1013.7910,227.6430,150.4990,0.0000,0.0000,1619.2990
1746,1,3,1,65.8280,176.5230,0.0000,972.2640,200.8860,137.1560,0.0000,0.0000,1552.6570
1747,1,3,1,62.0180,169.4030,0.0000,971.8280,195.5630,137.2550,0.0000,0.0000,1536.0670
1748,1,3,1,61.5320,167.6240,0.0000,970.4620,194.2210,133.8830,0.0000,0.0000,1527.7220
1749,1,3,1,62.0490,169.2180,0.0000,970.0990,194.1110,134.9790,0.0000,0.0000,1530.4560
1750,1,3,0,62.1170,167.5140,0.0000,967.8220,193.0270,134.6340,0.0000,0.0000,1525.1140
1751,1,3,1,62.6030,165.9570,0.0000,967.3530,207.6430,140.5600,0.0000,0.0000,1544.1160
1752,0,3,0,62.0490,172.0730,0.0000,969.4770,197.4640,134.7260,0.0000,0.0000,1535.7890
1753,1,3,1,62.1110,165.6310,0.0000,965.8580,194.3870,136.7570,0.0000,0.0000,1524.7440
1754,1,3,1,61.1260,164.4990,0.0000,970.0190,195.4830,133.3350,0.0000,0.0000,1524.4620
1755,1,3,1,61.0220,164.8550,0.0000,969.1140,195.3040,133.3230,0.0000,0.0000,1523.6180
1756,0,3,0,61.6860,165.2800,0.0000,969.3110,193.6740,133.7600,0.0000,0.0000,1523.7110
1757,0,3,0,61.2990,165.3350,0.0000,972.8920,205.9570,136.9230,0.0000,0.0000,1542.4060
1758,1,3,1,63.8400,169.4100,0.0000,970.9720,197.9260,134.1300,0.0000,0.0000,1536.2780
1759,0,3,0,61.5200,166.1660,0.0000,967.6180,195.4160,134.6030,0.0000,0.0000,1525.3230
1760,1,3,1,62.1970,166.1970,0.0000,972.0560,193.6180,134.6520,0.0000,0.0000,1528.7200
1761,1,3,1,61.2120,164.9970,0.0000,964.7880,192.8120,134.8430,0.0000,0.0000,1518.6520
1762,1,3,1,61.5570,163.8890,0.0000,969.7720,196.1600,135.0220,0.0000,0.0000,1526.4000
1763,1,3,1,62.2340,165.2860,0.0000,973.4460,201.2610,135.7110,0.0000,0.0000,1537.9380
1764,1,3,1,63.1260,167.1440,0.0000,971.4460,199.0890,135.1760,0.0000,0.0000,1535.9810
1765,1,3,1,61.1320,166.3450,0.0000,966.5660,192.7140,132.5780,0.0000,0.0000,1519.3350
1766,1,3,1,62.3500,165.3110,0.0000,967.5940,192.1050,133.9570,0.0000,0.0000,1521.3170
1767,1,3,1,61.4220,164.1600,0.0000,966.3510,193.5140,133.6560,0.0000,0.0000,1519.1030
1768,1,3,1,62.1790,163.3720,0.0000,967.1810,192.9170,132.3260,0.0000,0.0000,1517.9750
1769,0,3,0,61.0650,165.6610,0.0000,975.4030,206.0310,138.8250,0.0000,0.0000,1546.9850
1770,1,3,1,62.2400,167.4210,0.0000,968.2210,195.5690,135.3910,0.0000,0.0000,1528.8420
1771,0,3,1,61.8520,165.6490,0.0000,966.9600,194.9840,134.0490,0.0000,0.0000,1523.4940
1772,1,3,1,62.0670,165.3970,0.0000,968.0610,193.4220,134.7140,0.0000,0.0000,1523.6610
1773,1,3,1,62.2160,167.3050,0.0000,970.1600,192.7510,133.9880,0.0000,0.0000,1526.4200
1774,1,3,1,60.7080,165.6180,0.0000,970.8620,193.5200,133.1270,0.0000,0.0000,1523.8350
1775,1,3,1,63.7840,165.3840,0.0000,1016.7320,203.1570,138.0430,0.0000,0.0000,1587.1000
1776,1,3,1,65.2190,167.9450,0.0000,969.9570,194.5540,136.0060,0.0000,0.0000,1533.6810
1777,1,3,1,61.1510,167.5510,0.0000,965.4400,194.1780,133.0770,0.0000,0.0000,1521.3970
1778,1,3,1,62.7440,166.1350,0.0000,972.3260,191.9810,134.3630,0.0000,0.0000,1527.5490
1779,1,3,1,61.0340,166.8240,0.0000,965.0460,194.3820,134.0920,0.0000,0.0000,1521.3780
1780,1,3,1,61.2120,164.3380,0.0000,965.4270,192.9480,132.6830,0.0000,0.0000,1516.6080
1781,1,3,1,62.1410,167.6370,0.0000,972.0920,240.8250,138.0180,0.0000,0.0000,1580.7130
1782,0,3,0,62.5600,170.9040,0.0000,966.9050,196.5730,137.3170,0.0000,0.0000,1534.2590
1783,1,3,1,62.7200,166.1600,0.0000,971.7230,195.2990,134.1600,0.0000,0.0000,1530.0620
1784,1,3,0,62.3820,165.6430,0.0000,966.1240,194.9600,134.5790,0.0000,0.0000,1523.6880
1785,1,3,1,61.9750,164.0800,0.0000,965.2980,193.2490,133.4270,0.0000,0.0000,1518.0290
1786,1,3,1,62.5100,164.9600,0.0000,965.5450,190.8060,132.2270,0.0000,0.0000,1516.0480
1787,1,3,1,61.9570,163.9390,0.0000,965.7470,193.4590,174.5780,0.0000,0.0000,1559.6800
1788,1,3,1,64.2090,170.5290,0.0000,972.5100,197.6130,136.3260,0.0000,0.0000,1541.1870
1789,1,3,1,61.8280,168.6040,0.0000,966.6460,197.1690,135.6250,0.0000,0.0000,1529.8720
1790,1,3,1,60.0310,163.4640,0.0000,966.0870,193.4400,135.8340,0.0000,0.0000,1518.8560
1791,0,3,0,61.5940,165.7360,0.0000,968.2710,194.7320,135.7050,0.0000,0.0000,1526.0380
1792,1,3,1,61.6620,165.7660,0.0000,969.4460,193.7600,134.5170,0.0000,0.0000,1525.1510
1793,1,3,0,61.1010,164.7810,0.0000,967.3480,192.9600,133.1070,0.0000,0.0000,1519.2970
1794,1,3,1,60.6950,222.3630,0.0000,971.2800,198.8120,136.5290,0.0000,0.0000,1589.6790
1795,0,3,0,63.1510,166.4000,0.0000,969.7110,197.2300,134.1730,0.0000,0.0000,1530.6650
1796,1,3,1,61.5870,164.4800,0.0000,970.8800,194.3020,135.1320,0.0000,0.0000,1526.3810
1797,1,3,1,62.7130,167.6740,0.0000,967.7780,194.3570,134.1350,0.0000,0.0000,1526.6570
1798,1,3,1,62.1350,164.4740,0.0000,966.3200,194.4490,132.8980,0.0000,0.0000,1520.2760
1799,1,3,1,62.7380,164.6400,0.0000,970.6960,192.3690,134.7440,0.0000,0.0000,1525.1870
1800,1,3,0,62.4870,162.6030,0.0000,1010.9170,201.1570,135.1630,0.0000,0.0000,1572.3270
1801,1,3,1,61.4710,166.7810,0.0000,969.1080,195.1450,134.0310,0.0000,0.0000,1526.5360
1802,0,3,0,60.9290,166.4670,0.0000,967.0960,193.2490,133.4030,0.0000,0.0000,1521.1440
1803,1,3,1,61.7720,164.5230,0.0000,964.9780,192.6960,136.1420,0.0000,0.0000,1520.1110
1804,1,3,1,61.0460,167.0220,0.0000,968.6340,195.0460,136.8610,0.0000,0.0000,1528.6090
1805,1,3,1,62.3080,164.5170,0.0000,969.2370,194.4370,136.8060,0.0000,0.0000,1527.3050
1806,1,3,1,61.9200,164.9480,0.0000,973.3230,198.7320,138.6400,0.0000,0.0000,1537.5630
1807,0,3,0,62.6270,168.6590,0.0000,969.0580,196.7320,135.0220,0.0000,0.0000,1532.0980
1808,1,3,1,63.0150,164.5230,0.0000,970.6340,194.9100,134.5660,0.0000,0.0000,1527.6480
1809,1,3,1,62.2710,168.0120,0.0000,969.6680,193.4220,132.1110,0.0000,0.0000,1525.4840
1810,1,3,1,62.4800,164.6830,0.0000,966.9360,194.1170,135.4400,0.0000,0.0000,1523.6560
1811,1,3,1,61.8950,165.4770,0.0000,971.9870,194.2520,134.5540,0.0000,0.0000,1528.1650
1812,1,3,1,62.0740,165.1630,0.0000,976.1660,204.0920,138.0800,0.0000,0.0000,1545.5750
1813,1,3,1,61.7970,169.7840,0.0000,968.3500,195.9450,135.8150,0.0000,0.0000,1531.6910
1814,1,3,1,63.3970,165.4830,0.0000,962.8620,195.2070,134.6040,0.0000,0.0000,1521.5530
1815,1,3,1,61.6980,165.1510,0.0000,966.5420,194.7380,132.2400,0.0000,0.0000,1520.3690
1816,1,3,1,61.7730,164.6400,0.0000,969.4150,193.3850,134.2770,0.0000,0.0000,1523.4900
1817,1,3,1,60.8610,163.7540,0.0000,971.8400,193.8770,133.3290,0.0000,0.0000,1523.6610
1818,1,3,1,62.2580,164.1970,0.0000,960.0490,202.4060,137.4950,0.0000,0.0000,1526.4050
1819,1,3,1,63.1630,167.1810,0.0000,971.0280,193.7410,133.8900,0.0000,0.0000,1529.0030
1820,1,3,1,60.8060,164.6530,0.0000,967.2680,194.5110,132.8930,0.0000,0.0000,1520.1310
1821,1,3,1,61.4280,165.0890,0.0000,968.7080,193.4090,134.9110,0.0000,0.0000,1523.5450
1822,0,3,0,63.2130,164.1300,0.0000,968.7260,193.4640,135.1700,0.0000,0.0000,1524.7030
1823,1,3,1,61.2680,164.9360,0.0000,964.8370,195.3670,136.4800,0.0000,0.0000,1522.8880
1824,1,3,1,62.6030,164.5470,0.0000,974.2830,204.0680,138.6400,0.0000,0.0000,1544.1410
1825,1,3,1,62.5660,168.2900,0.0000,967.5690,196.4000,136.4430,0.0000,0.0000,1531.2680
1826,1,3,1,61.2680,167.1070,0.0000,967.7420,195.5750,136.4990,0.0000,0.0000,1528.1910
1827,1,3,1,62.5730,167.8580,0.0000,968.9840,192.4310,134.6890,0.0000,0.0000,1526.5350
1828,1,3,1,61.3170,163.1500,0.0000,969.6920,194.2580,134.7440,0.0000,0.0000,1523.1610
1829,1,3,0,68.0610,174.9780,0.0000,968.6520,196.7820,139.8090,0.0000,0.0000,1548.2820
1830,1,3,1,63.2990,168.5290,0.0000,967.9570,273.1940,141.1880,0.0000,0.0000,1614.1670
1831,1,3,1,64.3510,169.6370,0.0000,974.7750,197.8100,136.0370,0.0000,0.0000,1542.6100
1832,1,3,1,61.5390,166.9850,0.0000,966.9290,192.1910,134.9420,0.0000,0.0000,1522.5860
1833,1,3,1,62.7820,167.5200,0.0000,968.4490,194.8620,135.5260,0.0000,0.0000,1529.1390
1834,1,3,1,62.6890,165.9630,0.0000,967.3170,192.4860,133.9440,0.0000,0.0000,1522.3990
1835,0,3,0,62.4250,166.1970,0.0000,967.7480,193.1820,132.8310,0.0000,0.0000,1522.3830
1836,1,3,1,62.1170,165.6680,0.0000,970.3200,242.4610,135.2070,0.0000,0.0000,1575.7730
1837,1,3,0,63.7360,169.6060,0.0000,970.7010,195.4030,137.7470,0.0000,0.0000,1537.1930
1838,1,3,1,62.6520,166.3570,0.0000,968.5600,194.0560,132.8920,0.0000,0.0000,1524.5170
1839,1,3,1,62.4800,164.8130,0.0000,966.0240,193.1570,132.5790,0.0000,0.0000,1519.0530
1840,1,3,1,61.8460,164.5040,0.0000,962.0550,194.0000,134.4610,0.0000,0.0000,1516.8660
1841,1,3,1,61.6800,164.7560,0.0000,965.6560,194.8800,136.0250,0.0000,0.0000,1522.9970
1842,1,3,1,62.4680,165.3420,0.0000,964.9350,192.5600,174.5660,0.0000,0.0000,1559.8710
1843,1,3,1,65.7040,168.8800,0.0000,969.3230,197.9200,135.5690,0.0000,0.0000,1537.3960
1844,1,3,1,61.2620,167.1390,0.0000,968.1230,193.7050,134.2770,0.0000,0.0000,1524.5060
1845,1,3,1,61.4950,164.7630,0.0000,972.0300,193.2860,134.5910,0.0000,0.0000,1526.1650
1846,1,3,1,61.8030,166.7380,0.0000,966.0680,194.5780,134.3130,0.0000,0.0000,1523.5000
1847,0,3,0,62.0190,165.7110,0.0000,971.8030,193.9270,134.4740,0.0000,0.0000,1527.9340
1848,1,3,1,61.1390,163.1810,0.0000,970.0430,193.1630,135.1260,0.0000,0.0000,1522.6520
1849,0,3,0,59.8700,208.4980,0.0000,969.6430,197.2680,136.3140,0.0000,0.0000,1571.5930
1850,1,3,1,63.8030,166.8980,0.0000,970.4430,193.9560,135.7540,0.0000,0.0000,1530.8540
1851,1,3,1,62.2280,165.9940,0.0000,966.1600,193.9510,135.9140,0.0000,0.0000,1524.2470
1852,1,3,1,60.2460,163.5510,0.0000,966.6030,193.0150,133.6740,0.0000,0.0000,1517.0890
1853,1,3,0,63.0030,164.3260,0.0000,967.2740,193.7360,133.7230,0.0000,0.0000,1522.0620
1854,1,3,1,61.2730,165.1320,0.0000,967.9080,194.3010,134.6400,0.0000,0.0000,1523.2540
1855,1,3,1,62.2900,163.7100,0.0000,966.3870,200.7200,136.3080,0.0000,0.0000,1529.4150
1856,1,3,1,62.6950,166.6710,0.0000,964.6100,196.3380,134.3260,0.0000,0.0000,1524.6400
1857,1,3,1,61.6430,167.4210,0.0000,967.4270,195.0090,135.8530,0.0000,0.0000,1527.3530
1858,1,3,1,61.2060,166.9170,0.0000,968.8430,194.8000,135.2430,0.0000,0.0000,1527.0090
1859,1,3,1,61.6800,166.2830,0.0000,967.3110,192.1420,133.0150,0.0000,0.0000,1520.4310
1860,1,3,1,62.6210,163.7300,0.0000,965.4770,191.9010,133.1320,0.0000,0.0000,1516.8610
1861,0,3,0,62.3810,165.9390,0.0000,970.0800,203.3790,135.4220,0.0000,0.0000,1537.2010
1862,1,3,1,63.2360,166.3260,0.0000,971.5880,194.3810,135.2740,0.0000,0.0000,1530.8050
1863,0,3,0,61.4460,165.4150,0.0000,970.4250,194.8250,133.4890,0.0000,0.0000,1525.6000
1864,1,3,1,60.8620,165.8710,0.0000,968.0610,195.2490,133.7850,0.0000,0.0000,1523.8280
1865,1,3,1,61.7900,164.5410,0.0000,973.5390,194.5540,134.1790,0.0000,0.0000,1528.6030
1866,1,3,1,61.6430,164.6830,0.0000,969.8040,193.0160,132.7690,0.0000,0.0000,1521.9150
1867,1,3,1,62.4920,167.1940,0.0000,973.6000,204.5970,137.6180,0.0000,0.0000,1545.5010
1868,1,3,1,63.2920,168.7810,0.0000,967.6120,195.7410,133.6860,0.0000,0.0000,1529.1120
1869,1,3,1,61.7910,164.7390,0.0000,969.8210,196.0370,132.3140,0.0000,0.0000,1524.7020
1870,1,3,1,62.8800,165.1880,0.0000,969.6610,192.9540,133.9080,0.0000,0.0000,1524.5910
1871,1,3,1,62.4120,166.4060,0.0000,969.2120,195.5260,134.3450,0.0000,0.0000,1527.9010
1872,1,3,1,60.7940,166.0490,0.0000,964.0560,194.1910,134.4180,0.0000,0.0000,1519.5080
1873,1,3,1,61.1760,165.4710,0.0000,969.4830,202.6770,135.8960,0.0000,0.0000,1534.7030
1874,1,3,1,62.1790,167.7540,0.0000,967.4520,196.5660,134.3570,0.0000,0.0000,1528.3080
1875,1,3,1,60.3750,165.0650,0.0000,971.2060,196.0490,135.1320,0.0000,0.0000,1527.8270
1876,1,3,1,61.2980,167.2000,0.0000,963.3230,194.1910,135.9510,0.0000,0.0000,1521.9630
1877,1,3,1,63.5750,164.8060,0.0000,967.9020,193.7540,135.0400,0.0000,0.0000,1525.0770
1878,1,3,1,62.0490,163.3780,0.0000,965.8340,193.7470,132.2830,0.0000,0.0000,1517.2910
1879,1,3,1,61.0220,165.3480,0.0000,1004.0430,202.2830,134.2520,0.0000,0.0000,1566.9480
1880,1,3,1,62.5170,164.6710,0.0000,969.7730,194.2650,134.7940,0.0000,0.0000,1526.0200
1881,0,3,1,63.9690,169.8270,0.0000,968.6700,193.6370,132.3450,0.0000,0.0000,1528.4480
1882,1,3,1,61.9080,165.3530,0.0000,966.1420,194.2150,133.1200,0.0000,0.0000,1520.7380
1883,1,3,1,62.6090,164.5600,0.0000,968.2950,194.6710,133.3780,0.0000,0.0000,1523.5130
1884,1,3,1,61.8650,164.2340,0.0000,968.9660,192.6710,133.0030,0.0000,0.0000,1520.7390
1885,1,3,1,62.6340,164.1730,0.0000,970.8800,231.2060,134.3010,0.0000,0.0000,1563.1940
1886,1,3,1,62.9170,170.3810,0.0000,972.8620,195.1200,135.7720,0.0000,0.0000,1537.0520
1887,1,3,1,61.2430,166.3510,0.0000,967.2620,193.5510,132.6400,0.0000,0.0000,1521.0470
1888,1,3,1,62.1720,164.7930,0.0000,966.7820,195.4950,134.2220,0.0000,0.0000,1523.4640
1889,1,3,1,61.4890,165.1750,0.0000,970.7750,195.7290,132.4430,0.0000,0.0000,1525.6110
1890,1,3,1,61.1380,165.8530,0.0000,965.6370,194.4800,133.5260,0.0000,0.0000,1520.6340
1891,1,3,1,62.3810,166.1730,0.0000,964.4250,193.4960,134.2830,0.0000,0.0000,1520.7580
1892,0,3,0,68.9910,170.6030,0.0000,974.5970,198.3510,135.9810,0.0000,0.0000,1548.5230
1893,1,3,1,61.0090,168.8680,0.0000,967.2550,194.7080,134.4430,0.0000,0.0000,1526.2830
1894,1,3,1,62.0490,167.2930,0.0000,970.5420,193.0710,134.4370,0.0000,0.0000,1527.3920
1895,1,3,1,61.8400,164.0000,0.0000,970.4430,195.1940,132.3570,0.0000,0.0000,1523.8340
1896,1,3,1,61.0210,164.4620,0.0000,968.4980,194.1660,133.5020,0.0000,0.0000,1521.6490
1897,1,3,1,61.9380,163.3170,0.0000,967.8580,193.5140,132.7930,0.0000,0.0000,1519.4200
1898,0,3,0,60.9540,207.8090,0.0000,969.2740,197.9510,136.3630,0.0000,0.0000,1572.3510
1899,1,3,1,62.1040,167.1380,0.0000,966.9170,196.3020,134.5050,0.0000,0.0000,1526.9660
1900,1,3,1,61.2060,165.5390,0.0000,966.3930,195.4830,134.5660,0.0000,0.0000,1523.1870
1901,1,3,1,61.5510,165.0090,0.0000,968.2650,193.7850,133.8210,0.0000,0.0000,1522.4310
1902,0,3,0,62.4680,165.0460,0.0000,969.0710,194.0000,133.7420,0.0000,0.0000,1524.3270
1903,1,3,1,60.2710,164.1040,0.0000,967.1390,193.4960,132.5470,0.0000,0.0000,1517.5570
1904,1,3,1,60.6270,163.4280,0.0000,962.3070,203.9140,138.9410,0.0000,0.0000,1529.2170
1905,1,3,1,61.7720,169.0160,0.0000,968.3810,196.5420,136.4250,0.0000,0.0000,1532.1360
1906,0,3,0,61.8340,166.1420,0.0000,968.8670,194.6400,136.0000,0.0000,0.0000,1527.4830
1907,1,3,1,61.7230,167.3170,0.0000,966.6710,194.9350,134.3140,0.0000,0.0000,1524.9600
1908,1,3,1,62.8370,166.8060,0.0000,965.9140,195.6180,133.9690,0.0000,0.0000,1525.1440
1909,1,3,1,62.0740,165.0890,0.0000,968.8740,192.3690,132.6830,0.0000,0.0000,1521.0890
1910,1,3,1,63.2490,163.6190,0.0000,969.6060,200.0670,137.6740,0.0000,0.0000,1534.2150
1911,1,3,1,61.7410,167.6310,0.0000,971.1820,194.0360,135.9810,0.0000,0.0000,1530.5710
1912,1,3,1,61.3350,166.3570,0.0000,966.0550,193.7780,134.9540,0.0000,0.0000,1522.4790
1913,1,3,1,63.7910,164.1720,0.0000,968.8860,195.0580,134.7330,0.0000,0.0000,1526.6400
1914,1,3,1,62.2530,165.6240,0.0000,969.0400,193.9440,137.4220,0.0000,0.0000,1528.2830
1915,1,3,1,60.2460,165.1390,0.0000,969.8650,194.2830,134.1230,0.0000,0.0000,1523.6560
1916,1,3,1,61.5020,166.1540,0.0000,973.7410,202.5160,135.2800,0.0000,0.0000,1539.1930
1917,1,3,1,61.8340,168.1230,0.0000,969.4770,195.3540,135.9940,0.0000,0.0000,1530.7820
1918,1,3,1,64.0000,164.4120,0.0000,970.2520,194.3640,136.2280,0.0000,0.0000,1529.2560
1919,1,3,1,62.0000,164.5420,0.0000,966.4000,193.5200,132.9600,0.0000,0.0000,1519.4220
1920,1,3,1,61.4340,163.7600,0.0000,971.0030,192.3080,132.8550,0.0000,0.0000,1521.3600
1921,0,3,0,60.9910,164.7880,0.0000,969.9080,191.8460,131.3970,0.0000,0.0000,1518.9300
1922,1,3,1,59.5700,166.7080,0.0000,974.1300,201.5570,135.2130,0.0000,0.0000,1537.1780
1923,1,3,1,63.0770,168.0310,0.0000,967.1570,195.7300,134.5350,0.0000,0.0000,1528.5300
1924,1,3,1,61.3170,165.5260,0.0000,968.4990,194.9660,134.2340,0.0000,0.0000,1524.5420
1925,1,3,1,61.2120,166.0240,0.0000,967.0640,194.5470,134.8490,0.0000,0.0000,1523.6960
1926,0,3,0,62.4000,166.5290,0.0000,969.4100,194.8130,135.1570,0.0000,0.0000,1528.3090
1927,1,3,1,62.3820,164.6270,0.0000,966.3140,194.4130,132.0430,0.0000,0.0000,1519.7790
1928,1,3,1,62.6770,164.5050,0.0000,966.7070,204.0240,137.4960,0.0000,0.0000,1535.4090
1929,1,3,1,62.8180,166.8120,0.0000,968.5170,194.7140,132.5350,0.0000,0.0000,1525.3960
1930,1,3,0,61.4830,166.7450,0.0000,965.2430,193.4400,133.6610,0.0000,0.0000,1520.5720
1931,1,3,0,61.3850,166.3510,0.0000,969.9330,194.5970,133.7110,0.0000,0.0000,1525.9770
1932,1,3,1,62.0930,163.6310,0.0000,965.4590,192.5420,133.9320,0.0000,0.0000,1517.6570
1933,1,3,1,62.3450,164.7810,0.0000,964.8920,194.1470,135.8160,0.0000,0.0000,1521.9810
1934,1,3,1,61.9630,164.1840,0.0000,965.6860,230.8990,138.0000,0.0000,0.0000,1560.7320
1935,1,3,1,62.5050,168.4610,0.0000,970.3640,197.1690,136.9170,0.0000,0.0000,1535.4160
1936,1,3,1,62.9970,166.1970,0.0000,971.0770,193.8580,133.1700,0.0000,0.0000,1527.2990
1937,1,3,1,63.3660,165.3230,0.0000,965.3730,193.7480,133.7790,0.0000,0.0000,1521.5890
1938,1,3,1,61.2990,164.7330,0.0000,970.8000,192.9350,132.8740,0.0000,0.0000,1522.6410
1939,1,3,1,61.9080,164.8000,0.0000,967.8950,191.3350,135.5140,0.0000,0.0000,1521.4520
1940,1,3,1,63.7290,164.5420,0.0000,968.0250,192.9910,134.7450,0.0000,0.0000,1524.0320
1941,1,3,1,89.9200,235.5510,0.0000,986.5410,222.1170,155.7900,0.0000,0.0000,1689.9190
1942,1,3,0,68.1660,180.8060,0.0000,972.6950,202.8930,139.7720,0.0000,0.0000,1564.3320
1943,1,3,0,65.5440,171.0710,0.0000,970.8000,221.1750,146.2400,0.0000,0.0000,1574.8300
1944,1,3,1,66.2090,176.8610,0.0000,976.5470,198.5840,138.4430,0.0000,0.0000,1556.6440
1945,1,3,1,64.9050,170.6520,0.0000,972.5290,196.0990,136.4120,0.0000,0.0000,1540.5970
1946,1,3,1,62.0980,167.5330,0.0000,969.6370,194.6960,193.5570,0.0000,0.0000,1587.5210
1947,1,3,1,64.5910,181.8770,0.0000,973.2990,199.6430,140.4930,0.0000,0.0000,1559.9030
1948,1,3,1,63.9020,169.6740,0.0000,970.3010,195.6310,135.0590,0.0000,0.0000,1534.5670
1949,1,3,1,61.9640,166.9420,0.0000,965.2250,195.5570,135.0220,0.0000,0.0000,1524.7100
1950,1,3,1,61.7970,165.5500,0.0000,969.4340,194.5970,132.8860,0.0000,0.0000,1524.2640
1951,1,3,1,61.8590,167.2920,0.0000,968.0310,194.4240,132.9730,0.0000,0.0000,1524.5790
1952,1,3,1,61.8520,165.9140,0.0000,973.0340,304.6700,264.3880,0.0000,0.0000,1769.8580
1953,1,3,1,84.2090,232.1050,0.0000,985.2000,318.8000,181.2680,0.0000,0.0000,1801.5820
1954,1,3,1,75.1640,202.9600,0.0000,982.8070,213.4520,148.2830,0.0000,0.0000,1622.6660
1955,1,3,1,66.0980,175.9940,0.0000,976.2520,202.2030,139.4270,0.0000,0.0000,1559.9740
1956,1,3,1,63.8090,170.4370,0.0000,968.1720,194.1360,138.0870,0.0000,0.0000,1534.6410
1957,1,3,1,62.9040,166.9480,0.0000,968.0310,196.0370,134.8550,0.0000,0.0000,1528.7750
1958,1,3,1,62.6160,164.4860,0.0000,965.7970,218.1600,144.0250,0.0000,0.0000,1555.0840
1959,1,3,1,64.0800,173.1020,0.0000,968.5600,199.6740,138.7510,0.0000,0.0000,1544.1670
1960,1,3,1,63.2740,166.5170,0.0000,970.7380,195.6930,133.1690,0.0000,0.0000,1529.3910
1961,1,3,1,62.5970,165.0900,0.0000,967.0950,195.7540,132.4240,0.0000,0.0000,1522.9600
1962,1,3,1,63.3420,167.2240,0.0000,965.5020,193.0710,134.7260,0.0000,0.0000,1523.8650
1963,1,3,1,60.9170,164.0490,0.0000,968.1660,195.7780,135.2550,0.0000,0.0000,1524.1650
1964,0,3,0,61.1330,164.5100,0.0000,971.0700,252.9170,137.7050,0.0000,0.0000,1587.3350
1965,1,3,1,63.4710,172.2270,0.0000,969.0640,196.9780,133.1810,0.0000,0.0000,1534.9210
1966,0,3,0,62.1970,164.2770,0.0000,968.6400,195.4590,134.1660,0.0000,0.0000,1524.7390
1967,1,3,1,62.6090,165.2680,0.0000,969.2190,194.9910,135.6370,0.0000,0.0000,1527.7240
1968,1,3,1,64.0800,164.5660,0.0000,967.3290,195.3600,134.2710,0.0000,0.0000,1525.6060
1969,1,3,1,63.5320,165.3970,0.0000,967.6370,192.8490,133.9930,0.0000,0.0000,1523.4080
1970,1,3,1,62.5970,164.9970,0.0000,965.9690,248.1230,146.5470,0.0000,0.0000,1588.2330
1971,1,3,0,65.6120,176.5900,0.0000,974.3690,201.2990,138.1100,0.0000,0.0000,1555.9800
1972,1,3,1,62.1910,165.3600,0.0000,969.8400,196.0920,137.4890,0.0000,0.0000,1530.9720
1973,1,3,1,62.4250,166.7880,0.0000,967.1010,195.0150,136.1050,0.0000,0.0000,1527.4340
1974,1,3,1,62.8550,167.5760,0.0000,970.6460,194.1230,132.3760,0.0000,0.0000,1527.5760
1975,0,3,0,62.3010,165.3660,0.0000,968.9420,195.3730,132.9290,0.0000,0.0000,1524.9110
1976,1,3,1,63.5200,165.0210,0.0000,967.7720,194.8990,200.6950,0.0000,0.0000,1591.9070
1977,1,3,1,66.3200,177.3230,0.0000,969.9940,201.3230,140.4120,0.0000,0.0000,1555.3720
1978,1,3,1,62.2400,168.2530,0.0000,969.9630,194.6590,133.4650,0.0000,0.0000,1528.5800
1979,1,3,1,62.3200,166.4120,0.0000,969.1380,193.5570,134.0930,0.0000,0.0000,1525.5200
1980,1,3,1,62.0980,167.4770,0.0000,971.5140,195.3350,133.6490,0.0000,0.0000,1530.0730
1981,1,3,1,62.6470,167.3420,0.0000,967.9140,194.6650,132.2340,0.0000,0.0000,1524.8020
1982,1,3,1,62.2640,164.7690,0.0000,968.4370,192.2830,133.2190,0.0000,0.0000,1520.9720
1983,1,3,1,119.5570,179.3780,0.0000,974.5480,201.8710,139.5510,0.0000,0.0000,1614.9050
1984,1,3,1,63.0340,169.6610,0.0000,971.2060,195.4770,136.7750,0.0000,0.0000,1536.1530
1985,0,3,0,62.2160,165.9260,0.0000,964.6340,195.6000,135.7110,0.0000,0.0000,1524.0870
1986,1,3,1,62.1780,165.8160,0.0000,965.7230,191.9130,134.1110,0.0000,0.0000,1519.7410
1987,0,3,0,63.0150,162.6090,0.0000,967.8460,193.1260,133.4530,0.0000,0.0000,1520.0490
1988,1,3,1,60.9170,165.3170,0.0000,967.9320,193.6800,134.1110,0.0000,0.0000,1521.9570
1989,1,3,1,61.8590,218.7450,0.0000,971.8700,231.4950,150.9600,0.0000,0.0000,1634.9290
1990,1,3,1,65.8950,176.4360,0.0000,973.4580,200.1410,139.4330,0.0000,0.0000,1555.3630
1991,1,3,1,63.2610,169.2430,0.0000,968.5540,195.8760,136.7260,0.0000,0.0000,1533.6600
1992,1,3,1,63.3420,167.6310,0.0000,966.9360,193.5700,133.5260,0.0000,0.0000,1525.0050
1993,1,3,1,61.8280,167.8030,0.0000,966.3140,195.8150,132.5350,0.0000,0.0000,1524.2950
1994,1,3,1,62.3570,164.6890,0.0000,968.2160,193.4220,134.4000,0.0000,0.0000,1523.0840
1995,0,3,0,62.9910,167.1820,0.0000,973.4890,207.5330,140.4610,0.0000,0.0000,1551.6560
1996,1,3,1,65.0280,169.0280,0.0000,972.8370,196.5720,138.0240,0.0000,0.0000,1541.4890
1997,1,3,1,62.4060,168.9420,0.0000,967.1390,193.9880,135.3540,0.0000,0.0000,1527.8290
1998,1,3,1,61.6300,165.9440,0.0000,967.8090,194.4920,134.1420,0.0000,0.0000,1524.0170
1999,1,3,1,61.5760,162.4310,0.0000,974.1530,195.0770,133.9320,0.0000,0.0000,1527.1690
2000,1,3,1,61.8830,165.5320,0.0000,968.9290,192.1660,135.1820,0.0000,0.0000,1523.6920
2001,1,3,1,62.6460,164.3810,0.0000,974.4060,200.0430,133.9440,0.0000,0.0000,1535.4200
2002,0,3,0,62.9790,168.3140,0.0000,968.4120,196.0550,134.0980,0.0000,0.0000,1529.8580
2003,1,3,1,62.5840,165.7730,0.0000,970.2220,193.6060,133.6370,0.0000,0.0000,1525.8220
2004,1,3,1,63.6800,165.0210,0.0000,969.7600,193.4030,134.2710,0.0000,0.0000,1526.1350
2005,1,3,1,60.8560,165.9880,0.0000,965.6990,193.5690,133.4900,0.0000,0.0000,1519.6020
2006,1,3,1,60.1480,163.7110,0.0000,966.9050,195.6800,133.3470,0.0000,0.0000,1519.7910
2007,1,3,1,61.4830,163.2370,0.0000,970.0740,203.4330,135.9690,0.0000,0.0000,1534.1960
2008,1,3,1,63.5260,167.8280,0.0000,973.4590,195.7540,135.1930,0.0000,0.0000,1535.7600
2009,0,3,0,61.1380,165.9320,0.0000,969.9750,196.4670,135.1760,0.0000,0.0000,1528.6880
2010,1,3,1,62.6100,166.4920,0.0000,967.2430,193.6920,132.5290,0.0000,0.0000,1522.5660
2011,1,3,1,61.9320,163.8650,0.0000,966.1910,194.3020,134.2580,0.0000,0.0000,1520.5480
2012,1,3,1,62.4430,165.2490,0.0000,966.8370,193.5200,134.1790,0.0000,0.0000,1522.2280
2013,1,3,1,62.5470,165.1880,0.0000,964.9230,204.7940,138.3810,0.0000,0.0000,1535.8330
2014,0,3,0,63.5810,169.4280,0.0000,969.2070,197.1570,135.5810,0.0000,0.0000,1534.9540
2015,1,3,1,61.6610,165.5880,0.0000,967.2610,192.9290,135.8520,0.0000,0.0000,1523.2910
2016,1,3,1,62.3080,164.2150,0.0000,964.7750,194.0310,134.0180,0.0000,0.0000,1519.3470
2017,1,3,1,61.4340,163.1940,0.0000,966.5170,193.1080,131.7170,0.0000,0.0000,1515.9700
2018,1,3,1,61.5260,163.5640,0.0000,966.2640,193.1940,134.7200,0.0000,0.0000,1519.2680
2019,1,3,1,61.4270,164.4190,0.0000,971.6800,201.2800,136.0370,0.0000,0.0000,1534.8430
2020,1,3,1,62.2520,166.5910,0.0000,968.4740,195.9630,134.4680,0.0000,0.0000,1527.7480
2021,1,3,1,64.6220,166.9160,0.0000,964.5480,194.7940,135.0760,0.0000,0.0000,1525.9560
2022,1,3,1,61.7840,165.7040,0.0000,967.1880,193.7410,134.0370,0.0000,0.0000,1522.4540
2023,1,3,1,62.0060,165.4160,0.0000,967.9870,194.7880,132.2700,0.0000,0.0000,1522.4670
2024,1,3,1,61.2860,164.5780,0.0000,969.1690,195.5820,133.3720,0.0000,0.0000,1523.9870
2025,1,3,1,62.3810,162.4180,0.0000,969.7110,244.4240,136.6340,0.0000,0.0000,1575.5680
2026,1,3,1,62.7940,169.1140,0.0000,972.0250,194.9410,136.0310,0.0000,0.0000,1534.9050
2027,1,3,1,61.0960,165.8770,0.0000,971.2740,194.5040,135.1570,0.0000,0.0000,1527.9080
2028,1,3,1,62.0060,167.4830,0.0000,969.5390,195.8030,134.8190,0.0000,0.0000,1529.6500
2029,1,3,1,62.0490,166.1970,0.0000,968.6100,194.5170,137.4520,0.0000,0.0000,1528.8250
2030,1,3,0,61.8090,165.1320,0.0000,966.9230,194.6460,133.9570,0.0000,0.0000,1522.4670
2031,1,3,1,61.6180,164.4550,0.0000,966.0120,192.8300,143.1810,0.0000,0.0000,1528.0960
2032,1,3,1,63.7480,170.0310,0.0000,969.6550,196.6460,134.3690,0.0000,0.0000,1534.4490
2033,0,3,1,63.7410,165.9940,0.0000,971.9570,196.1790,134.3330,0.0000,0.0000,1532.2040
2034,1,3,1,64.3080,165.1510,0.0000,971.4270,194.8060,134.8430,0.0000,0.0000,1530.5350
2035,1,3,1,62.8250,165.4460,0.0000,969.3480,194.4070,131.7110,0.0000,0.0000,1523.7370
2036,1,3,1,61.7600,166.3390,0.0000,968.5540,194.0430,134.6770,0.0000,0.0000,1525.3730
2037,1,3,1,60.7510,166.2460,0.0000,967.2680,194.3810,133.2680,0.0000,0.0000,1521.9140
2038,1,3,1,79.0770,186.8800,0.0000,983.0890,207.2240,147.1270,0.0000,0.0000,1603.3970
2039,1,3,0,62.8430,170.7510,0.0000,972.5670,195.8280,136.5970,0.0000,0.0000,1538.5860
2040,1,3,1,63.2800,165.8590,0.0000,968.2030,196.4860,135.5870,0.0000,0.0000,1529.4150
2041,1,3,1,60.9600,167.2060,0.0000,970.4620,194.5350,135.5820,0.0000,0.0000,1528.7450
2042,1,3,1,63.1570,165.4150,0.0000,967.5570,194.0860,135.2250,0.0000,0.0000,1525.4400
2043,1,3,1,62.0070,165.1500,0.0000,970.3140,193.4280,133.4890,0.0000,0.0000,1524.3880
2044,1,3,1,109.0710,173.0340,0.0000,966.5900,197.8150,136.8980,0.0000,0.0000,1583.4080
2045,1,3,1,62.6950,165.9380,0.0000,970.7820,194.3880,135.4520,0.0000,0.0000,1529.2550
2046,1,3,1,61.4400,166.1720,0.0000,966.4670,192.2220,134.7570,0.0000,0.0000,1521.0580
2047,0,3,1,63.0590,166.9600,0.0000,968.4740,191.8580,134.5170,0.0000,0.0000,1524.8680
2048,1,3,1,61.1260,164.0990,0.0000,964.3570,193.4950,132.2890,0.0000,0.0000,1515.3660
2049,0,3,0,61.5630,165.1140,0.0000,970.8250,193.2670,133.8460,0.0000,0.0000,1524.6150
2050,1,3,1,62.2040,225.1440,0.0000,969.3910,202.1110,138.1410,0.0000,0.0000,1596.9910
2051,1,3,1,62.9720,166.4490,0.0000,972.4310,198.6400,134.2030,0.0000,0.0000,1534.6950
2052,1,3,1,61.1510,165.8950,0.0000,967.2990,195.9690,135.1570,0.0000,0.0000,1525.4710
2053,0,3,0,62.7380,163.5810,0.0000,967.0400,192.4490,133.7790,0.0000,0.0000,1519.5870
2054,1,3,1,61.8900,164.8670,0.0000,968.8980,194.5480,134.6770,0.0000,0.0000,1524.8800
2055,1,3,0,61.0150,165.8830,0.0000,970.6950,192.5720,133.6800,0.0000,0.0000,1523.8450
2056,1,3,1,62.0800,166.1410,0.0000,960.0920,204.7320,140.0860,0.0000,0.0000,1533.1310
2057,1,3,1,63.6490,170.2960,0.0000,971.1940,196.9360,135.4030,0.0000,0.0000,1537.4780
2058,1,3,1,62.7630,165.5320,0.0000,968.3630,194.8120,134.5660,0.0000,0.0000,1526.0360
2059,1,3,1,61.1940,163.5080,0.0000,969.3470,195.0100,133.1570,0.0000,0.0000,1522.2160
2060,1,3,1,62.0620,164.8000,0.0000,966.2160,194.9230,137.4770,0.0000,0.0000,1525.4780
2061,1,3,1,61.0830,164.2520,0.0000,967.2060,194.6950,132.9790,0.0000,0.0000,1520.2150
2062,0,3,0,62.1170,166.5050,0.0000,973.8960,202.5540,137.3540,0.0000,0.0000,1542.4260
2063,0,3,0,62.5230,169.5320,0.0000,968.3880,195.5760,136.0490,0.0000,0.0000,1532.0680
2064,1,3,1,61.7970,165.4960,0.0000,967.2740,193.7540,134.6280,0.0000,0.0000,1522.9490
2065,1,3,1,61.7660,165.9940,0.0000,966.0860,193.4520,134.5170,0.0000,0.0000,1521.8150
2066,1,3,1,62.5780,164.8860,0.0000,968.3200,191.5020,133.3960,0.0000,0.0000,1520.6820
2067,1,3,1,63.4580,165.6670,0.0000,971.1820,194.1900,133.6370,0.0000,0.0000,1528.1340
2068,1,3,1,60.4490,163.1440,0.0000,970.2900,213.9330,146.2400,0.0000,0.0000,1554.0560
2069,1,3,1,64.7200,173.5880,0.0000,971.5690,196.5110,134.4670,0.0000,0.0000,1540.8550
2070,1,3,1,63.3970,167.1010,0.0000,968.4000,195.1140,137.6000,0.0000,0.0000,1531.6120
2071,1,3,1,63.2300,166.4000,0.0000,967.0460,195.3660,133.1870,0.0000,0.0000,1525.2290
2072,1,3,1,62.6710,166.6270,0.0000,965.3290,196.4060,131.9940,0.0000,0.0000,1523.0270
2073,1,3,1,60.8980,166.1910,0.0000,970.3750,194.9290,136.2160,0.0000,0.0000,1528.6090
2074,1,3,1,62.5600,166.3080,0.0000,971.4160,202.0730,140.1420,0.0000,0.0000,1542.4990
2075,1,3,1,64.0990,169.6610,0.0000,971.1810,196.7820,134.1470,0.0000,0.0000,1535.8700
2076,1,3,1,61.6610,166.1970,0.0000,968.7940,196.3630,135.6060,0.0000,0.0000,1528.6210
2077,1,3,1,63.1390,164.4000,0.0000,968.3820,194.2210,134.4300,0.0000,0.0000,1524.5720
2078,1,3,1,61.5390,165.2430,0.0000,968.7450,196.4920,133.9940,0.0000,0.0000,1526.0130
2079,1,3,1,62.2950,165.3910,0.0000,971.3420,193.9690,134.7320,0.0000,0.0000,1527.7290
2080,1,3,1,62.5410,163.0150,0.0000,968.7260,200.7880,134.9230,0.0000,0.0000,1529.9930
2081,1,3,1,62.0130,167.5380,0.0000,970.7440,195.8210,133.8150,0.0000,0.0000,1529.9310
2082,1,3,0,61.4030,164.9410,0.0000,969.7420,193.7910,134.8860,0.0000,0.0000,1524.7630
2083,1,3,1,62.2220,164.3130,0.0000,970.1660,195.7960,134.5900,0.0000,0.0000,1527.0870
2084,0,3,0,62.0670,165.1510,0.0000,968.3200,193.3100,134.3140,0.0000,0.0000,1523.1620
2085,1,3,1,61.9200,164.6340,0.0000,968.9470,193.3410,133.7480,0.0000,0.0000,1522.5900
2086,1,3,1,61.6930,164.8490,0.0000,970.9850,256.6400,138.6710,0.0000,0.0000,1592.8380
2087,1,3,1,63.5510,173.9320,0.0000,973.2240,197.5820,136.6650,0.0000,0.0000,1544.9540
2088,1,3,1,63.1380,168.2400,0.0000,964.2220,195.7530,134.9480,0.0000,0.0000,1526.3010
2089,1,3,1,62.1230,166.2400,0.0000,969.0400,194.3810,134.7260,0.0000,0.0000,1526.5100
2090,1,3,1,63.3110,164.7690,0.0000,963.9630,192.7940,134.4490,0.0000,0.0000,1519.2860
2091,1,3,0,63.3720,165.9940,0.0000,966.5720,195.0590,134.3750,0.0000,0.0000,1525.3720
2092,1,3,0,62.8120,165.0580,0.0000,969.6800,194.3260,178.2770,0.0000,0.0000,1570.1530
2093,1,3,1,64.4310,169.2860,0.0000,970.0740,195.7170,135.6430,0.0000,0.0000,1535.1510
2094,0,3,0,62.0370,165.9140,0.0000,971.0580,194.0610,134.9100,0.0000,0.0000,1527.9800
2095,1,3,1,61.9810,164.6400,0.0000,972.3140,192.3260,134.4610,0.0000,0.0000,1525.7220
2096,1,3,1,60.8560,165.9690,0.0000,969.1500,195.4960,134.2040,0.0000,0.0000,1525.6750
2097,1,3,1,61.6120,164.8990,0.0000,967.5500,194.0180,132.0860,0.0000,0.0000,1520.1650
2098,1,3,1,60.7690,163.1320,0.0000,965.9260,195.4280,133.8400,0.0000,0.0000,1519.0950
2099,1,3,1,61.3970,172.3140,0.0000,968.8130,198.0190,138.2580,0.0000,0.0000,1538.8010
2100,1,3,1,62.2330,165.6060,0.0000,967.9080,195.5750,133.9630,0.0000,0.0000,1525.2850
2101,1,3,1,60.5720,164.9040,0.0000,968.7010,196.7940,134.2030,0.0000,0.0000,1525.1740
2102,1,3,1,61.9140,163.1510,0.0000,966.8860,194.8620,134.3500,0.0000,0.0000,1521.1630
2103,0,3,0,61.9390,164.7880,0.0000,965.4150,192.1420,133.2120,0.0000,0.0000,1517.4960
2104,1,3,1,60.8670,165.1260,0.0000,966.7140,193.9630,133.2800,0.0000,0.0000,1519.9500
2105,1,3,1,60.7390,165.3300,0.0000,1018.9840,200.8430,136.7390,0.0000,0.0000,1582.6350
2106,0,3,0,62.2830,169.4100,0.0000,969.6120,197.1450,134.3380,0.0000,0.0000,1532.7880
2107,1,3,1,61.2930,167.8150,0.0000,972.7870,193.1810,133.9390,0.0000,0.0000,1529.0150
2108,1,3,1,63.2060,165.3350,0.0000,967.6300,194.4000,134.0130,0.0000,0.0000,1524.5840
2109,1,3,1,61.5750,165.0030,0.0000,969.3970,193.3900,133.7530,0.0000,0.0000,1523.1180
2110,1,3,1,61.6000,166.6030,0.0000,968.4920,194.5170,132.9910,0.0000,0.0000,1524.2030
2111,1,3,1,61.1870,163.4700,0.0000,968.4120,203.4280,136.9480,0.0000,0.0000,1533.4450
2112,1,3,1,60.8560,165.0530,0.0000,966.0310,196.2830,132.5790,0.0000,0.0000,1520.8020
2113,1,3,1,60.3020,166.9910,0.0000,966.3200,194.7820,134.3380,0.0000,0.0000,1522.7330
2114,1,3,0,61.2130,163.4830,0.0000,965.3790,194.5110,135.2370,0.0000,0.0000,1519.8230
2115,1,3,1,61.3470,166.4680,0.0000,967.2250,194.0620,133.8030,0.0000,0.0000,1522.9050
2116,1,3,1,62.6770,167.1450,0.0000,969.2310,195.4640,135.4400,0.0000,0.0000,1529.9570
2117,1,3,1,60.9600,164.1730,0.0000,961.4460,202.9840,136.8610,0.0000,0.0000,1526.4240
2118,1,3,1,62.1720,167.9140,0.0000,970.0860,194.5790,135.9750,0.0000,0.0000,1530.7260
2119,1,3,1,63.2680,165.0770,0.0000,969.6990,195.0710,134.1850,0.0000,0.0000,1527.3000
2120,1,3,1,64.3200,166.6900,0.0000,970.2890,194.7320,136.0920,0.0000,0.0000,1532.1230
2121,1,3,1,61.0950,163.8530,0.0000,971.7840,192.8560,133.3410,0.0000,0.0000,1522.9290
2122,1,3,1,60.8920,164.6710,0.0000,964.3810,193.5810,133.9450,0.0000,0.0000,1517.4700
2123,0,3,1,61.0160,165.0400,0.0000,971.4890,202.4000,136.7140,0.0000,0.0000,1536.6590
2124,1,3,1,61.2920,167.9630,0.0000,969.7660,194.5040,133.1320,0.0000,0.0000,1526.6570
2125,1,3,1,61.2550,166.9230,0.0000,971.9880,194.9290,134.0620,0.0000,0.0000,1529.1570
2126,1,3,1,62.5410,166.8920,0.0000,968.0190,192.3510,134.7390,0.0000,0.0000,1524.5420
2127,1,3,1,62.5540,165.4460,0.0000,969.2860,193.4890,133.6430,0.0000,0.0000,1524.4180
2128,1,3,1,61.8030,165.0150,0.0000,967.6360,195.0270,134.6890,0.0000,0.0000,1524.1700
2129,1,3,1,61.6920,166.5900,0.0000,974.1780,201.6000,135.7660,0.0000,0.0000,1539.8260
2130,1,3,1,63.3600,165.4400,0.0000,970.1410,196.9350,136.2090,0.0000,0.0000,1532.0850
2131,1,3,1,62.1420,165.5810,0.0000,971.8830,195.3470,135.7970,0.0000,0.0000,1530.7500
2132,1,3,1,62.5850,165.4460,0.0000,965.8340,194.6580,134.5720,0.0000,0.0000,1523.0950
2133,1,3,1,61.4280,164.5170,0.0000,967.5510,192.5360,134.2710,0.0000,0.0000,1520.3030
2134,1,3,1,61.5640,164.8240,0.0000,967.1140,193.4580,133.6670,0.0000,0.0000,1520.6270
2135,1,3,1,61.4340,164.7570,0.0000,970.7570,256.5780,138.9170,0.0000,0.0000,1592.4430
2136,1,3,1,62.0310,170.5960,0.0000,971.3900,194.9360,137.5440,0.0000,0.0000,1536.4970
2137,1,3,1,62.3390,166.7440,0.0000,968.3140,194.0070,133.6980,0.0000,0.0000,1525.1020
2138,1,3,1,60.4920,166.7440,0.0000,964.4000,196.2150,134.3070,0.0000,0.0000,1522.1580
2139,1,3,1,63.5630,165.8400,0.0000,965.2000,194.0370,133.0950,0.0000,0.0000,1521.7350
2140,1,3,1,63.2130,166.2590,0.0000,966.3570,194.7140,132.9530,0.0000,0.0000,1523.4960
2141,1,3,1,62.6950,164.7820,0.0000,964.6400,195.6800,178.0180,0.0000,0.0000,1565.8150
2142,1,3,1,62.9780,170.0980,0.0000,967.9880,194.7450,134.2770,0.0000,0.0000,1530.0860
2143,1,3,1,63.0950,165.3600,0.0000,966.1660,194.3570,134.2710,0.0000,0.0000,1523.2490
2144,1,3,1,63.3410,164.9300,0.0000,971.4030,192.1660,132.0310,0.0000,0.0000,1523.8710
2145,1,3,0,63.0650,163.2740,0.0000,967.2680,193.9870,134.2210,0.0000,0.0000,1521.8150
2146,1,3,1,62.2830,165.6430,0.0000,965.9760,194.1360,132.4000,0.0000,0.0000,1520.4380
2147,1,3,1,61.9570,164.3750,0.0000,968.1170,192.3690,133.4900,0.0000,0.0000,1520.3080
2148,1,3,1,60.7820,173.9450,0.0000,969.0210,195.7050,137.5940,0.0000,0.0000,1537.0470
2149,1,3,1,63.4400,169.0830,0.0000,971.3900,195.3660,136.0310,0.0000,0.0000,1535.3100
2150,1,3,1,60.1420,167.5510,0.0000,967.4840,195.6680,134.0430,0.0000,0.0000,1524.8880
2151,1,3,1,60.5850,164.8060,0.0000,968.5420,194.5420,133.6740,0.0000,0.0000,1522.1490
2152,0,3,0,62.2460,164.4550,0.0000,968.4190,192.6030,132.7450,0.0000,0.0000,1520.4680
2153,1,3,1,60.2520,163.6740,0.0000,967.0950,193.5140,136.4920,0.0000,0.0000,1521.0270
2154,1,3,1,62.2210,165.7660,0.0000,972.8190,201.0030,136.1350,0.0000,0.0000,1537.9440
2155,1,3,1,71.0340,178.9600,0.0000,972.7690,200.4310,140.5600,0.0000,0.0000,1563.7540
2156,1,3,1,62.5730,166.7260,0.0000,969.0270,195.8590,132.4990,0.0000,0.0000,1526.6840
2157,1,3,1,61.2310,164.7750,0.0000,968.8920,194.0680,133.6000,0.0000,0.0000,1522.5660
2158,1,3,1,61.6000,163.4340,0.0000,970.6960,193.0340,134.7320,0.0000,0.0000,1523.4960
2159,0,3,1,61.0520,164.0310,0.0000,967.4830,192.7440,133.0770,0.0000,0.0000,1518.3870
2160,1,3,1,62.7200,163.9020,0.0000,972.4680,205.7840,136.9230,0.0000,0.0000,1541.7970
2161,0,3,0,64.8550,171.5930,0.0000,970.5110,196.7200,135.6930,0.0000,0.0000,1539.3720
2162,1,3,1,61.3970,165.4650,0.0000,969.7540,194.9350,134.3140,0.0000,0.0000,1525.8650
2163,1,3,1,63.7540,164.8800,0.0000,966.1790,195.2120,133.4340,0.0000,0.0000,1523.4590
2164,1,3,0,64.3690,163.8400,0.0000,967.5080,192.7200,133.2060,0.0000,0.0000,1521.6430
2165,0,3,0,63.5500,164.0920,0.0000,964.8370,195.8900,133.1810,0.0000,0.0000,1521.5500
2166,1,3,1,62.1850,165.8280,0.0000,974.9840,198.5840,137.4460,0.0000,0.0000,1539.0270
2167,1,3,1,63.0090,164.9290,0.0000,970.4490,195.5260,135.4340,0.0000,0.0000,1529.3470
2168,1,3,1,61.6310,165.3230,0.0000,970.4310,194.8190,134.4310,0.0000,0.0000,1526.6350
2169,1,3,1,61.6930,164.5480,0.0000,963.9390,193.6430,134.9170,0.0000,0.0000,1518.7400
2170,1,3,1,61.3540,164.7140,0.0000,967.3230,195.1820,135.2130,0.0000,0.0000,1523.7860
2171,1,3,1,62.4370,164.1850,0.0000,969.2610,193.4210,133.6560,0.0000,0.0000,1522.9600
2172,1,3,1,60.3020,163.5390,0.0000,969.0330,202.7880,135.8030,0.0000,0.0000,1531.4650
2173,1,3,1,62.6830,168.0620,0.0000,971.0340,195.6740,137.6800,0.0000,0.0000,1535.1330
2174,0,3,0,60.9970,166.2030,0.0000,970.3380,194.8370,136.0680,0.0000,0.0000,1528.4430
2175,1,3,1,63.0340,166.2950,0.0000,967.7600,194.0250,134.3200,0.0000,0.0000,1525.4340
2176,0,3,0,62.2400,163.9260,0.0000,965.4400,194.7750,134.9720,0.0000,0.0000,1521.3530
2177,0,3,0,62.1420,164.2770,0.0000,966.5660,194.1170,133.1560,0.0000,0.0000,1520.2580
2178,0,3,0,61.4030,164.6460,0.0000,959.9570,199.0030,137.2120,0.0000,0.0000,1522.2210
2179,1,3,1,63.1390,167.3100,0.0000,971.1140,194.0120,133.1330,0.0000,0.0000,1528.7080
2180,1,3,1,61.4100,166.6770,0.0000,965.7850,194.2650,132.8680,0.0000,0.0000,1521.0050
2181,1,3,1,61.8400,164.6280,0.0000,968.2030,193.4400,133.6370,0.0000,0.0000,1521.7480
2182,1,3,1,62.8240,165.2310,0.0000,968.9230,193.7720,133.7720,0.0000,0.0000,1524.5220
2183,1,3,1,61.6060,165.1320,0.0000,966.0620,193.8220,133.2370,0.0000,0.0000,1519.8590
2184,1,3,1,61.2070,162.8740,0.0000,968.5420,238.4370,136.4800,0.0000,0.0000,1567.5400
2185,0,3,0,62.5540,164.3510,0.0000,968.8490,195.3970,135.3780,0.0000,0.0000,1526.5290
2186,1,3,1,63.2860,165.5140,0.0000,967.5930,192.4500,133.2670,0.0000,0.0000,1522.1100
2187,1,3,1,61.9330,166.1480,0.0000,968.2030,192.3130,135.6180,0.0000,0.0000,1524.2150
2188,1,3,1,62.9290,163.2550,0.0000,964.6830,192.9350,131.4830,0.0000,0.0000,1515.2850
2189,1,3,1,61.6740,163.0830,0.0000,970.4310,195.5330,133.5200,0.0000,0.0000,1524.2410
2190,1,3,1,63.0710,164.9420,0.0000,967.7900,194.5420,141.9270,0.0000,0.0000,1532.2720
2191,1,3,1,62.5170,168.9230,0.0000,968.4180,195.6430,134.8920,0.0000,0.0000,1530.3930
2192,1,3,1,62.5790,165.4400,0.0000,965.5450,194.8370,134.5420,0.0000,0.0000,1522.9430
2193,1,3,1,60.7080,164.6640,0.0000,969.0220,192.9350,134.9600,0.0000,0.0000,1522.2890
2194,1,3,1,62.9970,165.0030,0.0000,965.0030,194.0920,134.0610,0.0000,0.0000,1521.1560
2195,1,3,1,61.5570,164.5290,0.0000,970.2890,191.9380,132.7630,0.0000,0.0000,1521.0760
2196,0,3,0,62.2030,165.0400,0.0000,968.7630,193.8030,134.0560,0.0000,0.0000,1523.8650
2197,1,3,1,127.4650,173.1390,0.0000,972.1910,200.2210,136.9040,0.0000,0.0000,1609.9200
2198,1,3,1,63.0340,165.9690,0.0000,967.4520,196.9300,133.7540,0.0000,0.0000,1527.1390
2199,1,3,1,63.6180,164.2520,0.0000,964.8180,194.7010,134.8500,0.0000,0.0000,1522.2390
2200,1,3,1,61.7360,166.5720,0.0000,968.4120,250.8800,159.9870,0.0000,0.0000,1607.5870
2201,1,3,1,70.7200,189.7170,0.0000,979.0900,207.8770,141.7720,0.0000,0.0000,1589.1760
2202,1,3,1,63.6670,173.7780,0.0000,968.8130,197.8460,138.2580,0.0000,0.0000,1542.3620
2203,1,3,1,70.5910,180.3450,0.0000,977.5010,201.0770,139.6620,0.0000,0.0000,1569.1760
2204,1,3,1,62.8620,169.4090,0.0000,971.3540,196.6340,136.8550,0.0000,0.0000,1537.1140
2205,1,3,1,62.3260,168.0680,0.0000,971.9070,195.2240,134.6330,0.0000,0.0000,1532.1580
2206,1,3,1,61.9700,165.6490,0.0000,967.2800,195.3230,135.0270,0.0000,0.0000,1525.2490
2207,0,3,0,63.1320,165.2310,0.0000,972.3320,194.2650,133.9630,0.0000,0.0000,1528.9230
2208,1,3,1,61.3170,163.8030,0.0000,969.6620,193.6370,133.9450,0.0000,0.0000,1522.3640
2209,1,3,1,62.6210,212.8000,0.0000,968.6650,198.7760,138.1600,0.0000,0.0000,1581.0220
2210,1,3,1,64.1360,167.3850,0.0000,967.6670,194.0250,135.8650,0.0000,0.0000,1529.0780
2211,1,3,1,62.2580,166.2770,0.0000,971.4890,192.9170,134.3320,0.0000,0.0000,1527.2730
2212,1,3,1,60.6950,164.3320,0.0000,970.1530,196.4370,132.0190,0.0000,0.0000,1523.6360
2213,1,3,1,60.1110,164.0680,0.0000,968.7440,193.7240,134.6890,0.0000,0.0000,1521.3360
2214,0,3,0,61.3790,163.9390,0.0000,965.3790,192.0060,133.5320,0.0000,0.0000,1516.2350
2215,1,3,1,60.1170,162.7450,0.0000,1012.3450,201.5630,135.2130,0.0000,0.0000,1571.9830
2216,1,3,1,61.9510,166.6700,0.0000,964.8740,196.1660,135.9010,0.0000,0.0000,1525.5620
2217,0,3,0,63.2370,168.4740,0.0000,969.3970,193.4160,133.1450,0.0000,0.0000,1527.6690
2218,1,3,1,63.5260,164.2280,0.0000,963.4900,193.3910,133.8030,0.0000,0.0000,1518.4380
2219,1,3,1,60.2640,162.6950,0.0000,970.1600,194.5420,133.4460,0.0000,0.0000,1521.1070
2220,1,3,1,60.8980,162.9720,0.0000,969.7600,192.7320,133.3420,0.0000,0.0000,1519.7040
2221,1,3,1,61.2620,165.4770,0.0000,977.5080,200.8310,134.0360,0.0000,0.0000,1539.1140
2222,1,3,1,61.6860,166.5780,0.0000,966.9540,194.3080,135.6980,0.0000,0.0000,1525.2240
2223,1,3,1,62.1900,167.6060,0.0000,969.2000,195.0710,133.0150,0.0000,0.0000,1527.0820
2224,1,3,1,62.8860,164.6710,0.0000,972.7070,192.8680,134.8800,0.0000,0.0000,1528.0120
2225,1,3,1,62.0930,163.3480,0.0000,966.1240,193.6870,133.1940,0.0000,0.0000,1518.4460
2226,0,3,0,62.5910,164.0310,0.0000,971.9080,194.8860,133.7170,0.0000,0.0000,1527.1330
2227,1,3,1,61.1390,164.0180,0.0000,973.5510,201.6680,137.0330,0.0000,0.0000,1537.4090
2228,1,3,1,62.9170,165.6920,0.0000,967.3350,195.2990,136.7880,0.0000,0.0000,1528.0310
2229,1,3,1,63.9880,165.5570,0.0000,967.8340,195.3470,134.7870,0.0000,0.0000,1527.5130
2230,0,3,0,60.4740,166.9840,0.0000,968.0000,194.4310,134.2460,0.0000,0.0000,1524.1350
2231,0,3,0,63.4580,165.5750,0.0000,970.4060,192.8860,135.2680,0.0000,0.0000,1527.5930
2232,0,3,0,61.9880,163.8210,0.0000,967.4650,194.7450,132.8920,0.0000,0.0000,1520.9110
2233,0,3,0,62.1780,164.8240,0.0000,970.6770,240.4980,151.1880,0.0000,0.0000,1589.3650
2234,1,3,1,69.9630,179.7290,0.0000,977.7050,201.5200,139.5450,0.0000,0.0000,1568.4620
2235,1,3,1,62.8800,170.4240,0.0000,968.6220,196.8920,138.6280,0.0000,0.0000,1537.4460
2236,1,3,1,62.0860,169.8030,0.0000,970.7140,194.8980,134.4800,0.0000,0.0000,1531.9810
2237,1,3,1,62.5910,165.7480,0.0000,969.6180,194.2960,134.6340,0.0000,0.0000,1526.8870
2238,1,3,1,60.5730,163.5880,0.0000,967.2250,194.9850,134.4250,0.0000,0.0000,1520.7960
2239,1,3,1,61.1820,165.5510,0.0000,974.1660,205.3350,136.9230,0.0000,0.0000,1543.1570
2240,1,3,0,63.4530,168.4920,0.0000,967.9510,196.0370,135.7660,0.0000,0.0000,1531.6990
2241,1,3,1,62.0490,166.8300,0.0000,965.2800,194.2960,135.0210,0.0000,0.0000,1523.4760
2242,1,3,1,63.8830,164.8490,0.0000,966.4610,194.7820,133.7730,0.0000,0.0000,1523.7480
2243,0,3,0,62.3390,163.9020,0.0000,967.4830,194.5790,133.8280,0.0000,0.0000,1522.1310
2244,1,3,1,61.9510,166.0800,0.0000,967.5880,193.9020,132.5600,0.0000,0.0000,1522.0810
2245,1,3,1,62.3260,164.1170,0.0000,966.4800,200.7270,136.6460,0.0000,0.0000,1530.2960
2246,0,3,0,63.4710,167.3540,0.0000,974.4930,194.4670,135.3790,0.0000,0.0000,1535.1640
2247,1,3,1,61.9500,165.6370,0.0000,965.7970,195.5880,132.9230,0.0000,0.0000,1521.8950
2248,1,3,1,61.0030,164.8310,0.0000,970.4430,193.9880,133.2190,0.0000,0.0000,1523.4840
2249,0,3,0,60.9410,164.6340,0.0000,968.5470,194.2030,135.9810,0.0000,0.0000,1524.3060
2250,1,3,1,63.4210,164.0800,0.0000,964.0370,193.4030,132.7760,0.0000,0.0000,1517.7170
2251,1,3,1,62.9290,164.5170,0.0000,971.9750,230.1350,140.4000,0.0000,0.0000,1569.9560
2252,1,3,1,62.3880,168.8430,0.0000,970.8930,197.9570,133.8400,0.0000,0.0000,1533.9210
2253,1,3,1,63.0590,168.7750,0.0000,967.4830,196.8120,133.6670,0.0000,0.0000,1529.7960
2254,1,3,1,62.0920,168.3020,0.0000,967.9500,194.9670,133.3720,0.0000,0.0000,1526.6830
2255,1,3,1,62.0060,167.1570,0.0000,964.4610,193.4580,134.4980,0.0000,0.0000,1521.5800
2256,1,3,1,62.0430,162.5970,0.0000,969.3780,195.0210,135.4950,0.0000,0.0000,1524.5340
2257,1,3,1,61.8700,166.5910,0.0000,966.0920,196.3750,134.4060,0.0000,0.0000,1525.3340
2258,1,3,1,68.7260,173.1630,0.0000,971.7420,198.0990,135.9690,0.0000,0.0000,1547.6990
2259,1,3,0,62.7200,166.7630,0.0000,970.2090,195.9140,136.1840,0.0000,0.0000,1531.7900
2260,1,3,1,61.5760,164.7080,0.0000,965.6310,195.0700,133.1570,0.0000,0.0000,1520.1420
2261,1,3,1,61.5760,164.2830,0.0000,968.3450,193.8090,133.4400,0.0000,0.0000,1521.4530
2262,1,3,1,60.4800,165.4950,0.0000,964.0860,193.3600,134.2700,0.0000,0.0000,1517.6910
2263,1,3,1,61.9450,168.1910,0.0000,968.7760,194.8860,133.7840,0.0000,0.0000,1527.5820
2264,1,3,1,61.2550,212.0060,0.0000,972.3690,203.6920,137.8770,0.0000,0.0000,1587.1990
2265,0,3,0,63.3170,166.8550,0.0000,972.9050,195.3050,136.4740,0.0000,0.0000,1534.8560
2266,0,3,0,62.5410,166.7570,0.0000,967.2800,194.5540,134.2090,0.0000,0.0000,1525.3410
2267,1,3,1,62.2520,167.1450,0.0000,970.0680,194.2650,133.1810,0.0000,0.0000,1526.9110
2268,1,3,1,62.9480,166.7750,0.0000,967.6430,191.6980,132.8800,0.0000,0.0000,1521.9440
2269,1,3,1,61.3730,166.0550,0.0000,965.8640,194.6030,132.3200,0.0000,0.0000,1520.2150
2270,1,3,1,61.4650,163.5260,0.0000,966.2580,205.8030,136.2270,0.0000,0.0000,1533.2790
2271,1,3,1,61.6370,170.1600,0.0000,972.9910,195.8340,136.0490,0.0000,0.0000,1536.6710
2272,0,3,0,61.6550,165.1690,0.0000,968.1170,193.5510,135.3910,0.0000,0.0000,1523.8830
2273,1,3,1,61.4590,163.6610,0.0000,968.6330,194.4060,132.7870,0.0000,0.0000,1520.9460
2274,1,3,1,61.5690,166.4620,0.0000,971.2670,193.7530,133.7470,0.0000,0.0000,1526.7980
2275,1,3,1,61.6920,165.7480,0.0000,968.0130,194.8680,135.1940,0.0000,0.0000,1525.5150
2276,1,3,0,63.1020,164.3690,0.0000,975.8470,201.8030,136.0000,0.0000,0.0000,1541.1210
2277,0,3,0,63.0030,165.4400,0.0000,967.0640,194.0000,135.1010,0.0000,0.0000,1524.6080
2278,1,3,1,60.6890,165.3540,0.0000,966.7010,193.3110,132.8240,0.0000,0.0000,1518.8790
2279,1,3,1,60.9600,164.2100,0.0000,963.2490,193.1510,134.4060,0.0000,0.0000,1515.9760
2280,1,3,1,62.4240,164.8120,0.0000,968.1050,192.3820,132.4430,0.0000,0.0000,1520.1660
2281,1,3,1,60.3010,164.3080,0.0000,970.4740,194.4740,132.3750,0.0000,0.0000,1521.9320
2282,1,3,1,60.9410,163.9570,0.0000,975.8400,215.2430,142.8560,0.0000,0.0000,1558.8370
2283,1,3,1,65.0900,172.3510,0.0000,971.0400,198.1050,137.4460,0.0000,0.0000,1544.0320
2284,1,3,0,63.2180,165.2800,0.0000,967.1560,195.3230,135.9380,0.0000,0.0000,1526.9150
2285,1,3,1,61.5820,166.5840,0.0000,967.8090,192.9410,136.1720,0.0000,0.0000,1525.0880
2286,1,3,1,61.0340,165.4090,0.0000,971.9390,193.7480,134.0190,0.0000,0.0000,1526.1490
2287,1,3,1,61.7840,164.5110,0.0000,969.0590,193.7110,133.1260,0.0000,0.0000,1522.1910
2288,1,3,1,60.2090,165.2550,0.0000,975.1570,203.9810,138.5720,0.0000,0.0000,1543.1740
2289,0,3,0,62.8800,170.1350,0.0000,967.8890,194.6460,136.3700,0.0000,0.0000,1531.9200
2290,1,3,1,64.2030,167.4650,0.0000,968.0250,193.9200,134.3760,0.0000,0.0000,1527.9890
2291,1,3,1,62.0680,166.4250,0.0000,968.0250,194.6890,133.8030,0.0000,0.0000,1525.0100
2292,0,3,0,63.7360,163.5070,0.0000,970.3440,195.1260,133.1700,0.0000,0.0000,1525.8830
2293,1,3,1,62.0370,165.4090,0.0000,968.4800,192.3200,134.0000,0.0000,0.0000,1522.2460
2294,1,3,1,60.4620,164.7510,0.0000,962.8610,205.3960,137.6250,0.0000,0.0000,1531.0950
2295,1,3,1,63.3970,166.9790,0.0000,972.0740,197.3780,136.0060,0.0000,0.0000,1535.8340
2296,1,3,1,61.5200,168.9040,0.0000,967.7780,196.0250,134.1290,0.0000,0.0000,1528.3560
2297,1,3,1,60.7880,164.8430,0.0000,965.0830,196.4670,132.7330,0.0000,0.0000,1519.9140
2298,1,3,1,61.4830,166.5540,0.0000,967.2920,195.0960,133.4520,0.0000,0.0000,1523.8770
2299,1,3,1,61.0830,163.6430,0.0000,967.9010,196.1170,134.9420,0.0000,0.0000,1523.6860
2300,1,3,1,63.0030,164.1540,0.0000,972.0000,240.7940,135.0650,0.0000,0.0000,1575.0160
2301,0,3,0,62.4800,169.1020,0.0000,971.7840,196.4120,133.1690,0.0000,0.0000,1532.9470
2302,1,3,1,62.3880,166.9780,0.0000,967.5320,193.4770,133.9940,0.0000,0.0000,1524.3690
2303,1,3,1,62.5730,163.1200,0.0000,969.7660,197.3480,133.4280,0.0000,0.0000,1526.2350
2304,0,3,0,61.4280,165.8030,0.0000,967.9140,193.0950,134.3630,0.0000,0.0000,1522.6030
2305,1,3,1,61.7480,166.5720,0.0000,967.4400,194.6520,133.5510,0.0000,0.0000,1523.9630
2306,1,3,1,61.3720,164.9540,0.0000,964.9040,192.6470,199.1320,0.0000,0.0000,1583.0090
2307,1,3,1,65.7780,173.6800,0.0000,977.7350,198.1850,136.3200,0.0000,0.0000,1551.6980
2308,1,3,1,62.2340,167.6560,0.0000,971.6800,194.8430,134.3760,0.0000,0.0000,1530.7890
2309,1,3,1,61.5810,165.9700,0.0000,965.9320,195.4340,134.4130,0.0000,0.0000,1523.3300
2310,1,3,1,60.6520,164.1910,0.0000,970.0430,193.2740,135.3230,0.0000,0.0000,1523.4830
2311,1,3,1,62.5840,165.7970,0.0000,966.6460,193.6000,133.5450,0.0000,0.0000,1522.1720
2312,1,3,1,62.4620,165.3470,0.0000,964.5540,193.4030,134.4560,0.0000,0.0000,1520.2220
2313,1,3,1,61.9630,171.4040,0.0000,968.3880,195.0470,136.9730,0.0000,0.0000,1533.7750
2314,1,3,1,63.5140,166.6030,0.0000,973.5510,194.7500,135.6430,0.0000,0.0000,1534.0610
2315,1,3,1,62.2900,164.5290,0.0000,965.4090,195.4150,133.7970,0.0000,0.0000,1521.4400
2316,1,3,1,62.4740,165.6370,0.0000,968.5720,192.9910,135.0400,0.0000,0.0000,1524.7140
2317,1,3,1,62.1170,165.1690,0.0000,967.4960,192.9170,132.7010,0.0000,0.0000,1520.4000
2318,1,3,1,62.1910,164.3140,0.0000,971.6190,193.8160,133.3230,0.0000,0.0000,1525.2630
2319,1,3,1,61.9750,165.9570,0.0000,974.3200,202.6710,135.0710,0.0000,0.0000,1539.9940
2320,1,3,1,63.7540,168.5660,0.0000,970.6650,196.2520,134.3200,0.0000,0.0000,1533.5570
2321,1,3,1,62.4180,167.0160,0.0000,967.4710,194.2030,133.0030,0.0000,0.0000,1524.1110
2322,1,3,1,64.0180,166.5290,0.0000,968.3450,193.4950,133.6370,0.0000,0.0000,1526.0240
2323,1,3,1,61.9380,165.3290,0.0000,968.8000,195.2860,131.6610,0.0000,0.0000,1523.0140
2324,1,3,1,61.9080,164.0800,0.0000,970.5970,193.6930,134.5170,0.0000,0.0000,1524.7950
2325,1,3,1,62.3080,165.4640,0.0000,961.7110,205.7900,138.2890,0.0000,0.0000,1533.5620
2326,1,3,1,63.7900,172.0430,0.0000,971.7110,196.1600,135.8520,0.0000,0.0000,1539.5560
2327,1,3,1,62.7260,168.2950,0.0000,966.4620,197.4950,136.7570,0.0000,0.0000,1531.7350
2328,1,3,1,61.6250,165.3480,0.0000,970.1850,194.0930,133.7600,0.0000,0.0000,1525.0110
2329,1,3,1,62.7330,165.8220,0.0000,967.4090,195.2120,134.0060,0.0000,0.0000,1525.1820
2330,1,3,1,62.6030,165.6670,0.0000,971.0280,194.0070,134.7690,0.0000,0.0000,1528.0740
2331,1,3,1,61.5020,165.4520,0.0000,970.5350,202.4000,137.9440,0.0000,0.0000,1537.8330
2332,1,3,1,63.3230,169.3540,0.0000,968.4680,196.3080,135.9450,0.0000,0.0000,1533.3980
2333,1,3,1,61.1320,165.2740,0.0000,968.3080,193.8220,134.4430,0.0000,0.0000,1522.9790
2334,1,3,1,64.2580,166.8130,0.0000,966.8610,194.5600,133.5020,0.0000,0.0000,1525.9940
2335,1,3,1,61.6370,165.9510,0.0000,968.4370,195.2920,133.2560,0.0000,0.0000,1524.5730
2336,0,3,0,62.6580,164.1600,0.0000,965.4280,194.2030,134.5720,0.0000,0.0000,1521.0210
2337,1,3,1,62.0310,164.6950,0.0000,969.0400,201.9820,136.0430,0.0000,0.0000,1533.7910
2338,1,3,1,62.3080,165.7290,0.0000,971.2430,194.8070,136.1040,0.0000,0.0000,1530.1910
2339,1,3,1,62.0180,164.0490,0.0000,969.8220,194.5850,134.2090,0.0000,0.0000,1524.6830
2340,1,3,1,61.4220,164.0550,0.0000,968.8060,194.4490,133.7790,0.0000,0.0000,1522.5110
2341,1,3,0,67.1700,174.3750,0.0000,974.0180,198.0800,140.1420,0.0000,0.0000,1553.7850
2342,1,3,1,64.0990,168.2400,0.0000,972.0800,194.2210,137.9200,0.0000,0.0000,1536.5600
2343,1,3,1,60.9970,163.8460,0.0000,963.3970,207.0470,138.0870,0.0000,0.0000,1533.3740
2344,1,3,1,62.5110,169.6300,0.0000,972.8680,198.1110,134.1840,0.0000,0.0000,1537.3040
2345,1,3,1,64.5230,167.2860,0.0000,968.7570,194.4430,134.1110,0.0000,0.0000,1529.1200
2346,1,3,1,61.1880,165.3110,0.0000,967.5820,193.3410,133.8520,0.0000,0.0000,1521.2740
2347,1,3,1,61.8030,164.4980,0.0000,966.7070,193.4470,133.1380,0.0000,0.0000,1519.5930
2348,1,3,0,62.8990,165.1510,0.0000,970.7010,193.2490,133.3660,0.0000,0.0000,1525.3660
2349,1,3,1,61.6060,164.3320,0.0000,984.9410,200.8430,134.5840,0.0000,0.0000,1546.3060
2350,0,3,0,64.5410,168.3940,0.0000,968.4920,193.6550,134.2830,0.0000,0.0000,1529.3650
2351,1,3,1,60.0870,164.1540,0.0000,967.1500,195.8530,135.9820,0.0000,0.0000,1523.2260
2352,1,3,1,61.0090,166.5170,0.0000,968.9790,192.3450,134.1290,0.0000,0.0000,1522.9790
2353,1,3,1,61.9140,166.5420,0.0000,964.9360,194.1910,134.7630,0.0000,0.0000,1522.3460
2354,1,3,1,61.1940,164.1290,0.0000,965.5140,195.1130,133.3900,0.0000,0.0000,1519.3400
2355,1,3,1,61.1930,166.4430,0.0000,965.4400,237.1070,138.2030,0.0000,0.0000,1568.3860
2356,1,3,1,60.2650,169.6240,0.0000,970.2520,196.7570,134.7200,0.0000,0.0000,1531.6180
2357,1,3,1,62.2220,166.8360,0.0000,965.7420,193.8030,134.0620,0.0000,0.0000,1522.6650
2358,1,3,1,62.9050,165.8960,0.0000,968.3870,196.4000,134.0120,0.0000,0.0000,1527.6000
2359,1,3,1,62.7570,166.1910,0.0000,966.6770,195.7720,132.7630,0.0000,0.0000,1524.1600
2360,0,3,0,60.7010,166.4490,0.0000,965.5940,195.2550,134.4490,0.0000,0.0000,1522.4480
2361,1,3,0,61.7850,164.7630,0.0000,964.4130,193.7480,172.5420,0.0000,0.0000,1557.2510
2362,1,3,1,65.0830,170.0190,0.0000,969.6180,198.0000,136.3380,0.0000,0.0000,1539.0580
2363,1,3,0,62.0240,165.8770,0.0000,972.5780,194.0310,134.9840,0.0000,0.0000,1529.4940
2364,0,3,0,62.3690,163.9080,0.0000,972.6030,194.8560,134.4060,0.0000,0.0000,1528.1420
2365,1,3,1,61.5440,164.5960,0.0000,973.2370,194.0310,134.0730,0.0000,0.0000,1527.4810
2366,1,3,0,62.2100,165.9080,0.0000,965.3350,194.4860,133.5690,0.0000,0.0000,1521.5080
2367,1,3,1,61.0770,164.1840,0.0000,964.2890,194.2400,132.9110,0.0000,0.0000,1516.7010
2368,1,3,1,62.7020,206.2220,0.0000,967.7910,198.4990,137.6060,0.0000,0.0000,1572.8200
2369,1,3,1,62.1600,166.6460,0.0000,967.8340,194.8370,132.8860,0.0000,0.0000,1524.3630
2370,1,3,1,61.3540,165.9380,0.0000,966.6150,194.7880,134.0800,0.0000,0.0000,1522.7750
2371,1,3,1,62.1410,166.4730,0.0000,969.7110,193.6060,132.4800,0.0000,0.0000,1524.4110
2372,1,3,1,60.6590,164.5230,0.0000,972.5300,195.1690,133.7540,0.0000,0.0000,1526.6350
2373,0,3,0,60.7750,165.4590,0.0000,966.0920,195.1260,133.9630,0.0000,0.0000,1521.4150
2374,1,3,1,61.3050,162.0920,0.0000,960.1970,204.1100,139.7230,0.0000,0.0000,1527.4270
2375,1,3,1,62.1480,168.9600,0.0000,970.3140,195.2860,135.9330,0.0000,0.0000,1532.6410
2376,1,3,1,62.4800,164.8860,0.0000,969.6800,194.6090,133.3290,0.0000,0.0000,1524.9840
2377,1,3,1,61.6430,166.0550,0.0000,967.5130,194.4060,137.4100,0.0000,0.0000,1527.0270
2378,1,3,1,62.2770,166.3200,0.0000,969.2610,196.6950,135.6610,0.0000,0.0000,1530.2140
2379,1,3,1,62.2520,165.3600,0.0000,967.3040,195.8090,135.1510,0.0000,0.0000,1525.8760
2380,1,3,1,62.1470,164.3630,0.0000,968.1420,208.4180,139.8280,0.0000,0.0000,1542.8980
2381,0,3,1,63.6800,171.4150,0.0000,972.7270,198.7760,135.6610,0.0000,0.0000,1542.2590
2382,1,3,1,63.8520,166.9970,0.0000,968.1540,197.4150,134.2460,0.0000,0.0000,1530.6640
2383,1,3,1,61.1510,165.5760,0.0000,965.8090,193.8280,133.9510,0.0000,0.0000,1520.3150
2384,1,3,1,60.4800,164.8000,0.0000,972.7750,193.7910,135.4210,0.0000,0.0000,1527.2670
2385,1,3,1,62.1300,166.5360,0.0000,972.6890,194.5110,135.2180,0.0000,0.0000,1531.0840
2386,1,3,1,60.8300,163.1940,0.0000,972.7440,201.7540,135.8280,0.0000,0.0000,1534.3500
2387,1,3,1,61.4340,168.6470,0.0000,967.8340,194.8860,134.8740,0.0000,0.0000,1527.6750
2388,1,3,1,62.3510,164.0980,0.0000,972.1600,193.1940,132.7810,0.0000,0.0000,1524.5840
2389,1,3,1,62.7510,162.8360,0.0000,967.0030,192.7760,134.4560,0.0000,0.0000,1519.8220
2390,1,3,1,62.5170,166.0190,0.0000,964.9470,192.5840,134.5970,0.0000,0.0000,1520.6640
2391,1,3,1,61.7480,164.8180,0.0000,964.4000,192.7200,135.0220,0.0000,0.0000,1518.7080
2392,1,3,1,62.3200,165.3110,0.0000,973.7910,201.5500,137.1940,0.0000,0.0000,1540.1660
2393,1,3,0,60.2210,169.2370,0.0000,970.2460,196.0120,134.2950,0.0000,0.0000,1530.0110
2394,1,3,1,62.4500,168.2700,0.0000,965.7970,193.6680,134.2960,0.0000,0.0000,1524.4810
2395,1,3,0,61.7290,163.6870,0.0000,962.2400,194.3260,135.0220,0.0000,0.0000,1517.0040
2396,1,3,1,61.0640,165.4830,0.0000,970.3320,191.3290,134.5780,0.0000,0.0000,1522.7860
2397,1,3,1,62.8120,164.5970,0.0000,970.9780,193.5070,135.1070,0.0000,0.0000,1527.0010
2398,1,3,1,61.2730,164.6150,0.0000,980.5110,201.4710,137.8580,0.0000,0.0000,1545.7280
2399,0,3,0,62.7630,164.3510,0.0000,973.9200,195.4400,135.8270,0.0000,0.0000,1532.3010
2400,1,3,1,62.1600,166.4560,0.0000,969.4160,194.4430,134.2340,0.0000,0.0000,1526.7090
2401,1,3,1,60.7390,166.2770,0.0000,964.7630,193.9390,133.1570,0.0000,0.0000,1518.8750
2402,1,3,1,62.7140,163.9140,0.0000,968.7810,192.5720,134.2030,0.0000,0.0000,1522.1840
2403,1,3,0,63.3240,165.0830,0.0000,966.6580,195.6060,135.3290,0.0000,0.0000,1526.0000
2404,1,3,1,62.0180,165.3780,0.0000,968.0560,233.5450,138.3880,0.0000,0.0000,1567.3850
2405,1,3,1,63.0640,169.4340,0.0000,968.4180,195.8710,135.4160,0.0000,0.0000,1532.2030
2406,1,3,1,62.7010,167.9690,0.0000,969.0220,194.7750,134.9970,0.0000,0.0000,1529.4640
2407,1,3,1,62.8060,167.4890,0.0000,967.1200,197.3170,133.7790,0.0000,0.0000,1528.5110
2408,1,3,1,62.1170,166.1910,0.0000,967.1320,193.2130,135.8710,0.0000,0.0000,1524.5240
2409,1,3,1,61.4330,163.8770,0.0000,967.9760,193.2120,133.3170,0.0000,0.0000,1519.8150
2410,1,3,0,61.1750,163.0090,0.0000,969.4890,192.3690,172.2950,0.0000,0.0000,1558.3370
2411,1,3,1,63.8590,170.1970,0.0000,970.6400,199.8890,136.2090,0.0000,0.0000,1540.7940
2412,1,3,1,61.8950,165.8710,0.0000,966.4490,194.0740,134.7510,0.0000,0.0000,1523.0400
2413,1,3,1,61.5690,164.7130,0.0000,968.1910,193.8950,134.7810,0.0000,0.0000,1523.1490
2414,1,3,1,61.8340,165.6560,0.0000,968.4980,194.4000,133.8710,0.0000,0.0000,1524.2590
2415,1,3,1,61.5750,163.6860,0.0000,967.8640,194.0310,134.5420,0.0000,0.0000,1521.6980
2416,1,3,1,62.9600,164.6950,0.0000,967.9750,193.1450,134.2280,0.0000,0.0000,1523.0030
2417,1,3,0,62.2830,223.7600,0.0000,970.5300,197.7230,135.7110,0.0000,0.0000,1590.0070
2418,1,3,1,62.4740,166.7630,0.0000,966.4990,194.2160,134.2340,0.0000,0.0000,1524.1860
2419,0,3,1,61.9810,166.2520,0.0000,966.4680,194.6340,133.5690,0.0000,0.0000,1522.9040
2420,1,3,1,60.9170,162.5290,0.0000,969.5260,194.1290,133.1810,0.0000,0.0000,1520.2820
2421,1,3,1,61.5570,163.5690,0.0000,965.8830,194.3510,131.8950,0.0000,0.0000,1517.2550
2422,1,3,0,60.8800,165.7170,0.0000,969.1510,193.6180,134.4610,0.0000,0.0000,1523.8270
2423,1,3,1,58.6960,163.9010,0.0000,966.9410,201.2930,135.4280,0.0000,0.0000,1526.2590
2424,1,3,1,64.1600,168.7450,0.0000,964.5410,195.1320,134.9410,0.0000,0.0000,1527.5190
2425,1,3,1,61.7670,165.5630,0.0000,968.2280,194.0370,134.7880,0.0000,0.0000,1524.3830
2426,1,3,1,61.7350,163.9270,0.0000,967.0340,193.1870,133.0960,0.0000,0.0000,1518.9790
2427,1,3,1,63.4090,164.4000,0.0000,966.5360,194.4800,134.4250,0.0000,0.0000,1523.2500
2428,1,3,1,60.5540,164.4180,0.0000,967.2130,192.5790,135.3110,0.0000,0.0000,1520.0750
2429,1,3,1,62.3020,165.1700,0.0000,973.3350,227.1260,149.5260,0.0000,0.0000,1577.4590
2430,1,3,1,63.8890,175.8100,0.0000,972.2160,198.6590,139.6180,0.0000,0.0000,1550.1920
2431,1,3,1,63.6370,168.8740,0.0000,965.3170,197.0400,137.4150,0.0000,0.0000,1532.2830
2432,1,3,1,62.2400,167.0700,0.0000,971.1510,194.0120,134.2590,0.0000,0.0000,1528.7320
2433,1,3,1,63.8830,164.7260,0.0000,970.8000,193.9270,134.9410,0.0000,0.0000,1528.2770
2434,1,3,1,62.9300,165.1820,0.0000,970.1350,193.6930,134.8120,0.0000,0.0000,1526.7520
2435,1,3,1,61.6240,164.5530,0.0000,974.1910,206.4490,141.0090,0.0000,0.0000,1547.8260
2436,0,3,0,63.4160,169.0150,0.0000,972.0060,197.0710,135.9010,0.0000,0.0000,1537.4090
2437,1,3,1,62.9110,166.7570,0.0000,968.1290,193.3300,133.7660,0.0000,0.0000,1524.8930
2438,1,3,0,62.6890,165.3350,0.0000,969.3780,195.0090,135.0150,0.0000,0.0000,1527.4260
2439,1,3,1,60.7500,164.2280,0.0000,967.5880,192.7320,133.8100,0.0000,0.0000,1519.1080
2440,1,3,1,61.8650,165.0890,0.0000,968.1350,195.7290,135.1570,0.0000,0.0000,1525.9750
2441,1,3,1,62.0610,163.6620,0.0000,976.4250,208.3570,139.2370,0.0000,0.0000,1549.7420
2442,0,3,0,63.9690,167.7840,0.0000,970.0670,197.6130,136.1040,0.0000,0.0000,1535.5370
2443,1,3,1,63.4090,168.3140,0.0000,969.4770,194.5790,133.4150,0.0000,0.0000,1529.1940
2444,0,3,0,61.5630,166.1600,0.0000,967.3670,195.0160,135.8280,0.0000,0.0000,1525.9340
2445,1,3,1,62.2890,165.2370,0.0000,966.7260,191.3720,132.1600,0.0000,0.0000,1517.7840
2446,1,3,1,60.8370,165.2430,0.0000,966.7820,193.4580,133.5570,0.0000,0.0000,1519.8770
2447,1,3,1,62.3870,166.2220,0.0000,973.8640,200.5910,137.3840,0.0000,0.0000,1540.4480
2448,1,3,1,62.5970,164.6460,0.0000,971.7600,196.2580,134.5600,0.0000,0.0000,1529.8210
2449,1,3,1,61.8580,165.1130,0.0000,964.3820,194.5050,134.6520,0.0000,0.0000,1520.5100
2450,1,3,1,63.6740,165.9940,0.0000,968.2090,194.8060,133.6740,0.0000,0.0000,1526.3570
2451,1,3,1,60.5910,165.8090,0.0000,967.3170,193.0030,133.6120,0.0000,0.0000,1520.3320
2452,1,3,1,61.3790,166.4240,0.0000,969.6860,195.4400,133.8160,0.0000,0.0000,1526.7450
2453,1,3,1,61.7050,164.8860,0.0000,968.0920,250.8250,138.0000,0.0000,0.0000,1583.5080
2454,1,3,1,61.4770,166.1720,0.0000,968.5540,195.5510,136.4740,0.0000,0.0000,1528.2280
2455,1,3,1,62.8250,165.1940,0.0000,964.1540,193.8710,135.1080,0.0000,0.0000,1521.1520
2456,1,3,1,61.0030,163.5510,0.0000,964.1720,194.2460,135.5260,0.0000,0.0000,1518.4980
2457,1,3,1,61.9140,162.7870,0.0000,969.4770,194.9900,132.8680,0.0000,0.0000,1522.0360
2458,1,3,1,61.3780,165.3540,0.0000,968.2460,194.6640,133.5500,0.0000,0.0000,1523.1920
2459,1,3,1,62.3700,165.3730,0.0000,969.4330,192.7260,177.1820,0.0000,0.0000,1567.0840
2460,1,3,1,62.8610,171.8100,0.0000,971.3230,196.4430,134.8060,0.0000,0.0000,1537.2430
2461,1,3,1,61.6120,166.6710,0.0000,965.9140,193.8220,134.7390,0.0000,0.0000,1522.7580
2462,0,3,0,62.5050,164.8680,0.0000,966.6950,194.0680,132.7260,0.0000,0.0000,1520.8620
2463,1,3,1,60.9720,163.6620,0.0000,970.0240,194.7200,134.4980,0.0000,0.0000,1523.8760
2464,1,3,1,60.4060,163.4460,0.0000,966.3130,195.7970,132.8060,0.0000,0.0000,1518.7680
2465,1,3,1,63.4900,165.3910,0.0000,969.3660,193.4960,131.5630,0.0000,0.0000,1523.3060
2466,0,3,0,62.3440,174.1540,0.0000,968.3140,199.7480,136.9790,0.0000,0.0000,1541.5390
2467,0,3,0,62.6210,170.1230,0.0000,969.8830,195.0520,134.9910,0.0000,0.0000,1532.6700
2468,0,3,0,61.0150,165.6060,0.0000,968.7700,193.6060,132.9110,0.0000,0.0000,1521.9080
2469,1,3,1,61.4830,165.7960,0.0000,965.6370,192.1660,133.5690,0.0000,0.0000,1518.6510
2470,1,3,1,62.2890,163.3660,0.0000,963.1750,193.5140,134.5730,0.0000,0.0000,1516.9170
2471,0,3,0,61.0580,162.1290,0.0000,969.4950,191.6430,133.1940,0.0000,0.0000,1517.5190
2472,1,3,1,60.8550,163.2490,0.0000,1010.1970,200.3200,135.1010,0.0000,0.0000,1569.7220
2473,1,3,1,62.0680,165.6120,0.0000,967.5440,192.9850,136.1970,0.0000,0.0000,1524.4060
2474,0,3,0,60.9160,165.1260,0.0000,967.1080,193.5200,134.5350,0.0000,0.0000,1521.2050
2475,1,3,1,62.6960,164.7330,0.0000,969.8960,192.3510,132.6470,0.0000,0.0000,1522.3230
2476,1,3,1,61.5750,165.0400,0.0000,966.4250,193.7600,133.1690,0.0000,0.0000,1519.9690
2477,0,3,0,61.8400,162.4550,0.0000,966.8300,191.3790,133.4280,0.0000,0.0000,1515.9320
2478,0,3,0,60.9660,165.9570,0.0000,973.9130,201.5390,137.1500,0.0000,0.0000,1539.5250
2479,0,3,0,61.5320,164.8740,0.0000,966.9290,193.6560,135.1630,0.0000,0.0000,1522.1540
2480,1,3,1,62.1660,164.1480,0.0000,971.7660,192.6220,135.6310,0.0000,0.0000,1526.3330
2481,1,3,1,62.0060,165.5820,0.0000,964.9660,191.9690,132.1360,0.0000,0.0000,1516.6590
2482,1,3,1,60.9290,164.0930,0.0000,967.2130,193.7730,133.9200,0.0000,0.0000,1519.9280
2483,1,3,1,61.6980,164.9420,0.0000,968.6030,191.0460,131.9380,0.0000,0.0000,1518.2270
2484,1,3,1,62.5050,163.2000,0.0000,970.1300,200.7880,136.2520,0.0000,0.0000,1532.8750
2485,1,3,1,63.5020,167.3170,0.0000,965.7350,194.9600,134.8000,0.0000,0.0000,1526.3140
2486,1,3,1,61.2610,165.0150,0.0000,968.7260,195.3290,134.0800,0.0000,0.0000,1524.4110
2487,1,3,1,62.7690,164.9790,0.0000,968.1050,193.1750,136.4370,0.0000,0.0000,1525.4650
2488,1,3,1,61.8650,164.3570,0.0000,967.9940,193.5940,132.1230,0.0000,0.0000,1519.9330
2489,0,3,0,61.8830,164.3750,0.0000,968.2950,192.6580,133.5440,0.0000,0.0000,1520.7550
2490,1,3,1,61.5880,163.1690,0.0000,975.1940,204.3260,137.0460,0.0000,0.0000,1541.3230
2491,1,3,1,63.6370,167.5510,0.0000,967.4460,196.5790,136.7270,0.0000,0.0000,1531.9400
2492,1,3,1,62.4620,167.2800,0.0000,968.3140,193.7040,137.7480,0.0000,0.0000,1529.5080
2493,1,3,1,60.9910,166.0610,0.0000,967.6670,195.5080,135.7110,0.0000,0.0000,1525.9380
2494,1,3,1,62.8190,165.7470,0.0000,968.6090,193.0460,134.3080,0.0000,0.0000,1524.5290
2495,1,3,1,61.0400,166.0550,0.0000,970.9230,192.4430,134.6030,0.0000,0.0000,1525.0640
2496,1,3,1,61.0340,165.3720,0.0000,986.4980,223.9380,147.3100,0.0000,0.0000,1584.1520
2497,1,3,1,64.7510,174.3810,0.0000,971.9390,201.7230,137.4650,0.0000,0.0000,1550.2590
2498,1,3,1,63.0890,167.8960,0.0000,974.0250,196.0800,135.2670,0.0000,0.0000,1536.3570
2499,0,3,0,62.8060,167.2620,0.0000,970.7020,195.4960,135.5320,0.0000,0.0000,1531.7980
2500,1,3,1,63.5080,166.1170,0.0000,967.2860,194.5290,133.9010,0.0000,0.0000,1525.3410
2501,1,3,1,62.2640,165.6800,0.0000,968.7010,193.1200,134.9360,0.0000,0.0000,1524.7010
2502,1,3,1,62.6280,164.5470,0.0000,967.9390,270.1170,141.2680,0.0000,0.0000,1606.4990
2503,1,3,1,64.2330,169.9690,0.0000,971.2980,197.1630,135.4950,0.0000,0.0000,1538.1580
2504,1,3,1,63.0650,168.0130,0.0000,970.3200,194.1600,135.2370,0.0000,0.0000,1530.7950
2505,1,3,1,62.4000,164.7080,0.0000,964.7200,192.8740,133.1630,0.0000,0.0000,1517.8650
2506,0,3,0,61.9080,164.2650,0.0000,967.3540,192.8370,131.7350,0.0000,0.0000,1518.0990
2507,1,3,1,62.5410,164.1600,0.0000,971.3670,195.4330,135.4030,0.0000,0.0000,1528.9040
2508,1,3,1,61.4280,163.3410,0.0000,967.3840,246.2960,139.0950,0.0000,0.0000,1577.5440
2509,1,3,1,63.4770,170.1480,0.0000,967.6680,199.9440,137.0280,0.0000,0.0000,1538.2650
2510,1,3,1,62.0860,164.4560,0.0000,968.1480,196.1110,137.1570,0.0000,0.0000,1527.9580
2511,0,3,1,62.8550,166.0000,0.0000,969.5390,193.7170,134.0740,0.0000,0.0000,1526.1850
2512,0,3,1,63.2610,164.9720,0.0000,970.3140,193.5080,133.5560,0.0000,0.0000,1525.6110
2513,0,3,0,60.3810,165.0650,0.0000,970.7440,193.6060,132.9290,0.0000,0.0000,1522.7250
2514,1,3,1,63.5880,167.6370,0.0000,972.0990,193.1760,176.5230,0.0000,0.0000,1573.0230
2515,1,3,1,64.5300,170.6710,0.0000,968.5170,195.6500,137.1260,0.0000,0.0000,1536.4940
2516,1,3,1,61.4090,165.4460,0.0000,966.1970,194.4370,136.0860,0.0000,0.0000,1523.5750
2517,0,3,0,62.4370,165.0460,0.0000,968.2520,195.2240,134.2090,0.0000,0.0000,1525.1680
2518,0,3,1,62.7390,165.3670,0.0000,969.5010,194.4980,135.1140,0.0000,0.0000,1527.2190
2519,1,3,1,61.7970,163.3410,0.0000,965.0710,195.1880,133.6620,0.0000,0.0000,1519.0590
2520,1,3,0,60.4430,164.9720,0.0000,964.2030,194.1790,134.2960,0.0000,0.0000,1518.0930
2521,0,3,0,61.5140,204.7010,0.0000,966.0250,198.3140,135.7970,0.0000,0.0000,1566.3510
2522,1,3,1,61.9690,167.9440,0.0000,970.5050,195.6060,133.7840,0.0000,0.0000,1529.8080
2523,1,3,0,61.6800,165.7720,0.0000,965.9140,194.9470,134.4860,0.0000,0.0000,1522.7990
2524,1,3,1,61.8030,165.4710,0.0000,967.6490,193.8030,134.5850,0.0000,0.0000,1523.3110
2525,1,3,1,60.7510,164.8680,0.0000,964.9480,191.4340,132.1300,0.0000,0.0000,1514.1310
2526,1,3,1,62.5170,166.1350,0.0000,968.0130,193.3050,133.3050,0.0000,0.0000,1523.2750
2527,1,3,1,62.2710,165.0640,0.0000,967.8160,204.6460,135.5630,0.0000,0.0000,1535.3600
2528,1,3,1,61.9940,169.5630,0.0000,966.8250,194.6280,134.2770,0.0000,0.0000,1527.2870
2529,1,3,1,61.8590,166.4430,0.0000,967.4100,194.2460,133.0100,0.0000,0.0000,1522.9680
2530,1,3,1,61.4400,163.5390,0.0000,963.4950,192.2900,134.6090,0.0000,0.0000,1515.3730
2531,0,3,0,61.8090,166.0860,0.0000,965.7290,192.6460,134.7450,0.0000,0.0000,1521.0150
2532,1,3,1,60.7810,164.3750,0.0000,970.0060,195.0210,135.0960,0.0000,0.0000,1525.2790
2533,1,3,1,61.4770,163.5630,0.0000,971.6430,205.0090,138.4740,0.0000,0.0000,1540.1660
2534,1,3,1,63.0830,168.3140,0.0000,968.6460,195.2180,135.2310,0.0000,0.0000,1530.4920
2535,1,3,1,62.1660,164.4500,0.0000,967.3780,194.9600,133.4830,0.0000,0.0000,1522.4370
2536,1,3,1,62.4680,166.3380,0.0000,969.9500,194.1910,134.2710,0.0000,0.0000,1527.2180
2537,1,3,1,62.6150,164.9790,0.0000,966.3020,192.6030,134.5360,0.0000,0.0000,1521.0350
2538,1,3,1,61.3540,164.3560,0.0000,971.4590,193.7530,134.0250,0.0000,0.0000,1524.9470
2539,0,3,0,60.8000,163.2310,0.0000,962.5050,222.8430,144.2890,0.0000,0.0000,1553.6680
2540,1,3,1,65.2800,175.9140,0.0000,975.6990,200.1230,134.7330,0.0000,0.0000,1551.7490
2541,0,3,0,63.8840,168.1050,0.0000,969.3410,194.5660,135.9510,0.0000,0.0000,1531.8470
2542,1,3,1,63.4650,166.2470,0.0000,969.1080,193.4890,135.1320,0.0000,0.0000,1527.4410
2543,0,3,0,62.4920,164.5730,0.0000,965.9940,195.3910,134.0560,0.0000,0.0000,1522.5060
2544,1,3,1,62.9850,164.9230,0.0000,969.4770,192.0130,136.2090,0.0000,0.0000,1525.6070
2545,1,3,0,62.1420,165.3050,0.0000,974.5230,205.1450,137.6550,0.0000,0.0000,1544.7700
2546,0,3,0,62.1290,166.7010,0.0000,972.5100,195.3110,134.4800,0.0000,0.0000,1531.1310
2547,1,3,1,61.6300,165.2130,0.0000,968.3390,195.2000,135.3970,0.0000,0.0000,1525.7790
2548,1,3,1,63.2800,164.3440,0.0000,967.4580,196.1350,134.9350,0.0000,0.0000,1526.1520
2549,1,3,1,60.0000,164.4990,0.0000,969.3970,195.0830,133.0530,0.0000,0.0000,1522.0320
2550,1,3,1,63.3660,163.7480,0.0000,963.9200,194.9720,134.1660,0.0000,0.0000,1520.1720
2551,1,3,1,61.1940,163.9570,0.0000,985.5320,202.4120,136.1780,0.0000,0.0000,1549.2730
2552,1,3,0,61.4890,166.2030,0.0000,968.0550,194.8550,136.2220,0.0000,0.0000,1526.8240
2553,1,3,1,62.7070,166.8370,0.0000,968.8310,196.9170,133.3840,0.0000,0.0000,1528.6760
2554,1,3,1,60.9470,165.7900,0.0000,968.7320,193.8520,134.2520,0.0000,0.0000,1523.5730
2555,1,3,1,63.2250,165.9010,0.0000,969.5260,194.3630,133.4150,0.0000,0.0000,1526.4300
2556,1,3,1,61.2870,166.2340,0.0000,970.7500,194.5170,132.6640,0.0000,0.0000,1525.4520
2557,1,3,1,60.9660,166.3140,0.0000,967.7350,237.9200,136.9050,0.0000,0.0000,1569.8400
2558,1,3,1,61.5260,170.6210,0.0000,967.9510,195.6310,137.0460,0.0000,0.0000,1532.7750
2559,1,3,1,62.2210,165.9200,0.0000,967.3230,194.7070,135.8770,0.0000,0.0000,1526.0480
2560,1,3,1,60.8990,166.1420,0.0000,967.9750,194.3260,135.7600,0.0000,0.0000,1525.1020
2561,1,3,1,61.0520,164.7810,0.0000,969.2310,192.8190,134.6340,0.0000,0.0000,1522.5170
2562,0,3,0,61.4150,164.0680,0.0000,969.5320,193.4580,135.1750,0.0000,0.0000,1523.6480
2563,1,3,1,62.1730,166.0240,0.0000,967.5260,194.8370,209.0400,0.0000,0.0000,1599.6000
2564,1,3,1,66.2770,177.2430,0.0000,972.1420,200.0680,137.1810,0.0000,0.0000,1552.9110
2565,1,3,1,63.3970,167.4280,0.0000,970.7570,197.0700,136.7390,0.0000,0.0000,1535.3910
2566,0,3,1,60.7330,165.8470,0.0000,968.2950,192.9900,133.7290,0.0000,0.0000,1521.5940
2567,0,3,0,62.0610,165.1440,0.0000,967.2430,193.2980,133.7910,0.0000,0.0000,1521.5370
2568,1,3,1,62.6640,162.2270,0.0000,966.9790,191.5080,133.8840,0.0000,0.0000,1517.2620
2569,1,3,1,61.1200,163.4650,0.0000,965.3970,194.7140,133.9010,0.0000,0.0000,1518.5970
2570,1,3,1,61.5320,170.0870,0.0000,968.8310,198.0740,135.0030,0.0000,0.0000,1533.5270
2571,1,3,1,62.1530,166.3140,0.0000,970.0060,198.0310,132.6100,0.0000,0.0000,1529.1140
2572,0,3,0,61.4770,165.5260,0.0000,966.8800,194.0190,136.5050,0.0000,0.0000,1524.4070
2573,1,3,1,61.4520,165.5940,0.0000,967.7290,193.1570,133.8830,0.0000,0.0000,1521.8150
2574,1,3,1,61.0030,166.5230,0.0000,970.6150,194.7630,136.0860,0.0000,0.0000,1528.9900
2575,1,3,1,62.9530,163.8340,0.0000,971.4090,192.8000,133.0710,0.0000,0.0000,1524.0670
2576,1,3,1,61.3160,162.7380,0.0000,974.9290,202.4800,138.1110,0.0000,0.0000,1539.5740
2577,1,3,1,62.2270,170.5660,0.0000,970.0000,196.8240,135.1320,0.0000,0.0000,1534.7490
2578,1,3,1,62.7570,167.3790,0.0000,972.2100,193.4280,132.5540,0.0000,0.0000,1528.3280
2579,1,3,1,62.7700,166.7020,0.0000,969.6990,193.5390,133.8770,0.0000,0.0000,1526.5870
2580,1,3,1,60.7510,165.1750,0.0000,969.2430,193.3660,132.5170,0.0000,0.0000,1521.0520
2581,1,3,1,62.3940,164.5160,0.0000,968.4680,192.7320,134.3700,0.0000,0.0000,1522.4800
2582,1,3,1,62.0550,165.5380,0.0000,974.0740,203.7480,136.4490,0.0000,0.0000,1541.8640
2583,1,3,1,63.2920,165.9870,0.0000,968.0800,194.3070,135.4470,0.0000,0.0000,1527.1130
2584,1,3,1,61.6800,165.8890,0.0000,973.0330,193.1070,133.6490,0.0000,0.0000,1527.3580
2585,1,3,1,62.1910,165.5130,0.0000,964.0740,192.0740,135.1260,0.0000,0.0000,1518.9780
2586,1,3,1,61.6800,163.6440,0.0000,970.5420,193.4520,133.2670,0.0000,0.0000,1522.5850
2587,1,3,1,61.9750,165.7350,0.0000,969.2550,192.1230,134.0180,0.0000,0.0000,1523.1060
2588,1,3,1,60.6890,163.2000,0.0000,974.4000,201.4530,135.4520,0.0000,0.0000,1535.1940
2589,1,3,1,62.3390,166.8920,0.0000,970.4000,194.3440,133.5630,0.0000,0.0000,1527.5380
2590,1,3,1,61.5500,164.8800,0.0000,972.1840,192.6160,136.4180,0.0000,0.0000,1527.6480
2591,1,3,1,62.0190,165.7300,0.0000,965.4830,193.6060,134.6090,0.0000,0.0000,1521.4470
2592,1,3,1,61.9810,164.7330,0.0000,967.7410,193.3290,134.1420,0.0000,0.0000,1521.9260
2593,1,3,1,60.0920,164.3140,0.0000,970.4190,194.6210,134.2770,0.0000,0.0000,1523.7230
2594,1,3,1,62.8430,166.5530,0.0000,976.2650,201.0280,135.0890,0.0000,0.0000,1541.7780
2595,1,3,1,61.6980,167.6370,0.0000,971.6860,193.9270,135.2120,0.0000,0.0000,1530.1600
2596,1,3,1,60.5910,166.6950,0.0000,967.9570,195.3170,132.8120,0.0000,0.0000,1523.3720
2597,1,3,1,63.2860,164.2460,0.0000,967.3050,192.7630,134.5360,0.0000,0.0000,1522.1360
2598,1,3,0,60.9900,163.8710,0.0000,966.7440,193.9760,132.5910,0.0000,0.0000,1518.1720
2599,1,3,1,61.6130,165.1810,0.0000,968.1660,192.5470,134.1230,0.0000,0.0000,1521.6300
2600,1,3,1,62.2700,163.6740,0.0000,968.1100,204.5670,138.6270,0.0000,0.0000,1537.2480
2601,1,3,1,62.9290,167.7360,0.0000,971.3110,196.3510,137.1690,0.0000,0.0000,1535.4960
2602,1,3,1,64.1230,165.4770,0.0000,969.0650,195.2250,135.1570,0.0000,0.0000,1529.0470
2603,1,3,1,62.2150,167.0900,0.0000,966.9230,195.9870,137.0770,0.0000,0.0000,1529.2920
2604,1,3,1,59.6060,166.4550,0.0000,969.2000,192.7140,134.1850,0.0000,0.0000,1522.1600
2605,1,3,1,61.7290,165.3230,0.0000,966.0990,193.4520,134.3510,0.0000,0.0000,1520.9540
2606,1,3,1,61.3600,164.1230,0.0000,972.4490,237.4640,138.3690,0.0000,0.0000,1573.7650
2607,1,3,1,63.1440,168.6770,0.0000,968.8860,195.6800,137.4280,0.0000,0.0000,1533.8150
2608,1,3,1,61.6920,166.7880,0.0000,969.8340,195.7350,134.5970,0.0000,0.0000,1528.6460
2609,1,3,1,60.9480,165.1380,0.0000,967.6610,194.2030,135.2550,0.0000,0.0000,1523.2050
2610,1,3,1,62.3690,164.7020,0.0000,966.6710,195.5690,132.3200,0.0000,0.0000,1521.6310
2611,1,3,1,61.7730,166.0430,0.0000,965.4160,193.8710,133.8830,0.0000,0.0000,1520.9860
2612,1,3,1,60.0740,165.5690,0.0000,967.3360,195.3660,182.1540,0.0000,0.0000,1570.4990
2613,1,3,1,62.6830,173.7360,0.0000,972.7630,195.1630,136.6280,0.0000,0.0000,1540.9730
2614,1,3,1,61.9820,166.9290,0.0000,964.0620,192.5910,133.5760,0.0000,0.0000,1519.1400
2615,1,3,1,61.8030,165.4710,0.0000,965.8340,195.0210,132.3940,0.0000,0.0000,1520.5230
2616,0,3,0,60.8250,166.3510,0.0000,969.6680,192.7560,133.8890,0.0000,0.0000,1523.4890
2617,1,3,1,61.3290,167.7540,0.0000,963.4400,193.2740,132.7080,0.0000,0.0000,1518.5050
2618,1,3,1,62.3080,165.3970,0.0000,968.2400,193.2740,133.1260,0.0000,0.0000,1522.3450
2619,1,3,1,102.7760,170.7140,0.0000,973.8090,196.9420,136.3080,0.0000,0.0000,1580.5490
2620,1,3,1,62.4680,167.1690,0.0000,969.4830,195.1380,134.5840,0.0000,0.0000,1528.8420
2621,1,3,1,61.6620,166.8800,0.0000,964.5420,194.9410,131.4830,0.0000,0.0000,1519.5080
2622,1,3,1,60.8800,163.3900,0.0000,966.2710,193.9200,133.1560,0.0000,0.0000,1517.6170
2623,0,3,0,60.3630,163.4090,0.0000,968.7020,193.8890,133.5690,0.0000,0.0000,1519.9320
2624,1,3,1,61.9440,165.4460,0.0000,967.0280,193.4160,133.5630,0.0000,0.0000,1521.3970
2625,1,3,1,61.1080,212.2700,0.0000,965.2430,231.3420,149.4460,0.0000,0.0000,1619.4090
2626,1,3,1,64.6710,178.0670,0.0000,975.5010,198.7140,137.1760,0.0000,0.0000,1554.1290
2627,1,3,1,63.6000,169.2310,0.0000,973.3850,197.5510,136.0800,0.0000,0.0000,1539.8470
2628,1,3,1,62.1350,164.5160,0.0000,970.8990,195.2000,135.2000,0.0000,0.0000,1527.9500
2629,1,3,1,63.1570,167.8520,0.0000,966.8000,194.6520,135.6370,0.0000,0.0000,1528.0980
2630,1,3,1,60.7380,165.9140,0.0000,965.8400,194.1780,134.2400,0.0000,0.0000,1520.9100
2631,0,3,1,62.1660,163.8710,0.0000,963.7850,207.3970,141.7170,0.0000,0.0000,1538.9360
2632,0,3,0,64.0070,168.6650,0.0000,974.0370,197.3720,136.2340,0.0000,0.0000,1540.3150
2633,1,3,1,63.3850,168.3200,0.0000,967.8520,194.6520,135.9080,0.0000,0.0000,1530.1170
2634,1,3,1,61.6120,165.3410,0.0000,968.3330,192.8000,132.8060,0.0000,0.0000,1520.8920
2635,1,3,1,62.2330,164.1660,0.0000,969.9440,192.4990,135.0710,0.0000,0.0000,1523.9130
2636,1,3,0,61.1380,162.9170,0.0000,966.0860,192.8490,133.8900,0.0000,0.0000,1516.8800
2637,1,3,1,62.1720,164.5470,0.0000,975.0030,204.7880,137.6120,0.0000,0.0000,1544.1220
2638,1,3,0,61.8830,167.9630,0.0000,970.4310,196.4990,136.0070,0.0000,0.0000,1532.7830
2639,0,3,0,62.0120,165.8700,0.0000,966.4990,194.4000,133.9010,0.0000,0.0000,1522.6820
2640,1,3,1,62.0000,164.9040,0.0000,969.2560,194.4120,133.9880,0.0000,0.0000,1524.5600
2641,1,3,1,61.8100,163.4580,0.0000,968.3760,194.0120,134.3510,0.0000,0.0000,1522.0070
2642,0,3,0,62.5530,166.3570,0.0000,968.9540,195.9440,135.4470,0.0000,0.0000,1529.2550
2643,1,3,1,61.3230,163.8280,0.0000,962.3320,203.7790,137.0160,0.0000,0.0000,1528.2780
2644,1,3,0,61.9750,168.6640,0.0000,971.2550,196.0560,135.5080,0.0000,0.0000,1533.4580
2645,1,3,1,63.5810,164.3010,0.0000,970.4680,194.8620,134.1480,0.0000,0.0000,1527.3600
2646,0,3,0,62.5780,165.3660,0.0000,966.0550,195.0400,135.4890,0.0000,0.0000,1524.5280
2647,1,3,1,60.4610,163.6800,0.0000,967.4770,194.3140,131.8640,0.0000,0.0000,1517.7960
2648,1,3,1,61.2800,164.2900,0.0000,966.9720,193.0160,134.1960,0.0000,0.0000,1519.7540
2649,1,3,1,62.2330,163.4830,0.0000,962.1600,200.5410,135.2000,0.0000,0.0000,1523.6170
2650,1,3,1,63.5810,167.8030,0.0000,966.0860,195.0710,134.3200,0.0000,0.0000,1526.8610
2651,1,3,1,63.0890,167.7050,0.0000,970.9720,194.4610,135.2300,0.0000,0.0000,1531.4570
2652,1,3,1,61.5450,164.7570,0.0000,968.9480,194.6900,134.9420,0.0000,0.0000,1524.8820
2653,1,3,1,62.4430,164.7940,0.0000,969.2120,194.6220,132.4430,0.0000,0.0000,1523.5140
2654,1,3,1,60.8740,164.4740,0.0000,972.6160,194.9360,133.4090,0.0000,0.0000,1526.3090
2655,1,3,1,61.7300,165.5750,0.0000,981.4770,202.4370,139.3780,0.0000,0.0000,1550.5970
2656,1,3,1,63.1320,166.0250,0.0000,967.2680,197.4270,134.0800,0.0000,0.0000,1527.9320
2657,0,3,0,62.4500,165.4270,0.0000,967.5010,194.0180,135.3480,0.0000,0.0000,1524.7440
2658,1,3,1,63.5630,165.8650,0.0000,971.8340,193.3850,134.3510,0.0000,0.0000,1528.9980
2659,0,3,0,61.0400,166.1420,0.0000,969.5270,195.6870,134.6890,0.0000,0.0000,1527.0850
2660,1,3,1,61.6240,164.4680,0.0000,968.1050,192.2710,134.0800,0.0000,0.0000,1520.5480
2661,1,3,1,61.3110,164.1360,0.0000,966.4370,241.8520,138.6640,0.0000,0.0000,1572.4000
2662,1,3,1,60.6150,169.9630,0.0000,971.8400,196.8920,137.8280,0.0000,0.0000,1537.1380
2663,1,3,1,62.3390,167.6680,0.0000,968.1410,193.5440,136.4060,0.0000,0.0000,1528.0980
2664,0,3,0,61.0830,165.0640,0.0000,968.8250,193.5140,134.2710,0.0000,0.0000,1522.7570
2665,1,3,1,63.0460,163.1940,0.0000,966.8370,192.5540,134.2640,0.0000,0.0000,1519.8950
2666,1,3,1,62.8990,167.4890,0.0000,967.5390,195.4100,134.0620,0.0000,0.0000,1527.3990
2667,0,3,1,69.4030,174.7940,0.0000,969.8770,197.8950,185.1750,0.0000,0.0000,1597.1440
2668,1,3,1,65.0210,174.6770,0.0000,967.1380,197.3670,139.4520,0.0000,0.0000,1543.6550
2669,1,3,0,64.0560,169.0400,0.0000,965.4220,194.5660,134.7880,0.0000,0.0000,1527.8720
2670,1,3,1,62.3260,168.2650,0.0000,968.4610,193.8210,133.3300,0.0000,0.0000,1526.2030
2671,1,3,1,62.3270,165.1330,0.0000,966.3690,196.3320,136.2830,0.0000,0.0000,1526.4440
2672,1,3,1,62.1900,165.8150,0.0000,966.3930,192.9410,133.6930,0.0000,0.0000,1521.0320
2673,0,3,0,61.5140,165.0580,0.0000,968.3390,193.0220,135.5380,0.0000,0.0000,1523.4710
2674,1,3,1,205.7730,202.0060,0.0000,965.5630,208.0870,149.7540,0.0000,0.0000,1731.1830
2675,1,3,0,65.8340,176.5910,0.0000,976.5230,200.4560,137.1880,0.0000,0.0000,1556.5920
2676,1,3,1,62.2090,167.8280,0.0000,970.6150,196.9850,136.6150,0.0000,0.0000,1534.2520
2677,1,3,1,61.5570,166.4920,0.0000,968.9970,194.6340,134.8120,0.0000,0.0000,1526.4920
2678,1,3,1,62.4240,164.9540,0.0000,968.0120,190.9230,134.1850,0.0000,0.0000,1520.4980
2679,1,3,0,63.2190,164.8250,0.0000,969.0640,191.5380,135.6550,0.0000,0.0000,1524.3010
2680,1,3,1,69.5760,173.6180,0.0000,967.0520,197.7230,137.0650,0.0000,0.0000,1545.0340
2681,1,3,1,61.6920,166.8000,0.0000,970.5670,194.2520,135.2370,0.0000,0.0000,1528.5480
2682,1,3,0,63.0460,165.1820,0.0000,966.1790,194.4680,134.7200,0.0000,0.0000,1523.5950
2683,1,3,1,62.1110,167.0280,0.0000,970.6950,194.0430,134.4990,0.0000,0.0000,1528.3760
2684,1,3,1,60.8120,165.8650,0.0000,967.5020,195.4770,133.9690,0.0000,0.0000,1523.6250
2685,0,3,0,62.3200,164.3200,0.0000,965.0830,193.0830,134.5110,0.0000,0.0000,1519.3170
2686,1,3,1,61.4280,219.6800,0.0000,971.6120,199.8640,136.0680,0.0000,0.0000,1588.6520
2687,1,3,1,60.3750,167.1330,0.0000,969.7040,194.6650,136.4240,0.0000,0.0000,1528.3010
2688,1,3,1,63.3970,165.7050,0.0000,966.4490,194.8070,133.1140,0.0000,0.0000,1523.4720
2689,1,3,1,60.9470,164.0610,0.0000,966.0120,194.0430,133.2060,0.0000,0.0000,1518.2690
2690,0,3,0,62.1350,165.2490,0.0000,964.2640,194.1420,134.3320,0.0000,0.0000,1520.1220
2691,1,3,1,60.9360,165.3350,0.0000,967.2180,195.6430,136.3450,0.0000,0.0000,1525.4770
2692,1,3,1,59.7970,163.0770,0.0000,961.6120,208.5600,140.5040,0.0000,0.0000,1533.5500
2693,0,3,0,61.8830,167.9260,0.0000,967.2430,195.4280,134.2830,0.0000,0.0000,1526.7630
2694,0,3,0,63.0830,165.1260,0.0000,969.2190,193.8150,135.1570,0.0000,0.0000,1526.4000
2695,1,3,1,62.7700,164.5170,0.0000,969.2000,193.9690,133.5690,0.0000,0.0000,1524.0250
2696,1,3,1,62.2520,164.7380,0.0000,965.2120,192.7390,132.9040,0.0000,0.0000,1517.8450
2697,0,3,0,60.6030,163.7850,0.0000,966.8070,193.5810,132.9170,0.0000,0.0000,1517.6930
2698,1,3,1,60.3940,164.5840,0.0000,961.2610,201.0280,137.2930,0.0000,0.0000,1524.5600
2699,1,3,1,62.5300,166.0620,0.0000,967.3970,193.9200,135.5080,0.0000,0.0000,1525.4170
2700,1,3,1,62.3390,165.6000,0.0000,967.3290,193.6370,136.0190,0.0000,0.0000,1524.9240
2701,1,3,1,63.5750,164.9040,0.0000,967.3660,190.3260,133.5260,0.0000,0.0000,1519.6970
2702,1,3,1,60.7750,164.3070,0.0000,969.5940,192.4250,133.5630,0.0000,0.0000,1520.6640
2703,0,3,0,62.2580,165.5070,0.0000,966.8800,192.3020,137.0100,0.0000,0.0000,1523.9570
2704,1,3,1,60.4250,164.1350,0.0000,971.4520,199.1450,134.9910,0.0000,0.0000,1530.1480
2705,1,3,1,61.2920,165.2990,0.0000,971.5450,194.0240,133.6060,0.0000,0.0000,1525.7660
2706,1,3,1,60.9480,164.5420,0.0000,968.6040,194.7630,134.5040,0.0000,0.0000,1523.3610
2707,1,3,1,60.7940,166.0060,0.0000,970.4190,193.7360,133.9200,0.0000,0.0000,1524.8750
2708,1,3,1,63.4280,166.1780,0.0000,965.1510,193.2000,134.2700,0.0000,0.0000,1522.2270
2709,1,3,1,61.9080,167.1270,0.0000,967.5940,193.1570,133.5510,0.0000,0.0000,1523.3370
2710,1,3,1,62.3200,163.4890,0.0000,964.0490,206.2220,138.9670,0.0000,0.0000,1535.0470
2711,1,3,1,62.3440,169.5940,0.0000,970.0180,194.8740,135.9870,0.0000,0.0000,1532.8170
2712,1,3,1,61.4330,164.8490,0.0000,971.2070,195.2370,136.2160,0.0000,0.0000,1528.9420
2713,1,3,1,62.4800,165.4340,0.0000,971.0470,194.9840,134.8000,0.0000,0.0000,1528.7450
2714,1,3,1,62.0310,164.8180,0.0000,968.9230,194.0300,135.8100,0.0000,0.0000,1525.6120
2715,1,3,1,60.7630,165.3600,0.0000,965.6240,194.0310,134.1110,0.0000,0.0000,1519.8890
2716,1,3,1,62.5850,165.3970,0.0000,962.2710,239.5940,136.4860,0.0000,0.0000,1566.3330
2717,0,3,0,63.4210,169.1630,0.0000,969.9570,195.8770,135.1010,0.0000,0.0000,1533.5190
2718,1,3,1,60.7510,166.8680,0.0000,965.0770,194.0800,135.1140,0.0000,0.0000,1521.8900
2719,1,3,1,62.5350,165.8640,0.0000,969.0700,192.5790,135.3600,0.0000,0.0000,1525.4080
2720,1,3,1,62.8620,165.1630,0.0000,969.8030,194.3760,135.5010,0.0000,0.0000,1527.7050
2721,1,3,1,62.7200,164.5720,0.0000,965.8030,193.8460,134.7810,0.0000,0.0000,1521.7220
2722,1,3,1,61.7720,166.1480,0.0000,967.3410,193.2860,165.3540,0.0000,0.0000,1553.9010
2723,1,3,1,76.7880,193.5750,0.0000,978.0670,205.8950,148.0430,0.0000,0.0000,1602.3680
2724,1,3,1,66.5350,171.3230,0.0000,972.3320,199.4400,138.4310,0.0000,0.0000,1548.0610
2725,1,3,1,62.5780,168.8730,0.0000,974.1040,194.8250,134.8490,0.0000,0.0000,1535.2290
2726,1,3,1,62.3200,167.4160,0.0000,972.5780,194.6340,133.9630,0.0000,0.0000,1530.9110
2727,0,3,0,61.7050,165.7360,0.0000,964.2030,192.4430,134.4310,0.0000,0.0000,1518.5180
2728,1,3,1,62.0670,165.6870,0.0000,966.8000,194.5670,186.0120,0.0000,0.0000,1575.1330
2729,1,3,1,63.5390,175.2180,0.0000,970.4860,198.7320,134.9540,0.0000,0.0000,1542.9290
2730,1,3,1,64.3010,165.8650,0.0000,968.5480,194.9230,134.1720,0.0000,0.0000,1527.8090
2731,0,3,0,61.6550,165.5020,0.0000,967.0460,194.9840,135.8770,0.0000,0.0000,1525.0640
2732,1,3,1,62.8300,165.5810,0.0000,967.0830,193.6430,133.7040,0.0000,0.0000,1522.8410
2733,1,3,1,62.0430,165.2240,0.0000,969.3480,196.4550,133.3170,0.0000,0.0000,1526.3870
2734,1,3,1,61.6670,165.7600,0.0000,970.8060,193.9690,133.9940,0.0000,0.0000,1526.1960
2735,1,3,1,103.6180,169.6800,0.0000,969.6920,195.8830,134.4060,0.0000,0.0000,1573.2790
2736,1,3,1,60.9470,165.9880,0.0000,967.6860,194.8870,135.8030,0.0000,0.0000,1525.3110
2737,1,3,1,61.5940,164.9480,0.0000,968.5850,196.2960,134.4370,0.0000,0.0000,1525.8600
2738,1,3,1,61.6250,163.5020,0.0000,968.8490,193.9390,132.8360,0.0000,0.0000,1520.7510
2739,1,3,1,61.5640,164.5660,0.0000,966.4860,194.9900,133.8150,0.0000,0.0000,1521.4210
2740,1,3,1,62.8860,163.0280,0.0000,968.5530,194.4610,132.5350,0.0000,0.0000,1521.4630
2741,1,3,1,61.6370,203.3290,0.0000,974.1600,200.3940,134.2400,0.0000,0.0000,1573.7600
2742,1,3,1,63.5320,166.9050,0.0000,966.4060,195.1200,135.0700,0.0000,0.0000,1527.0330
2743,1,3,1,62.4490,163.7660,0.0000,967.3170,194.2770,133.9380,0.0000,0.0000,1521.7470
2744,1,3,1,60.3690,165.7900,0.0000,972.9720,194.2580,134.8550,0.0000,0.0000,1528.2440
2745,1,3,0,61.6930,166.0920,0.0000,968.7440,193.5130,134.0310,0.0000,0.0000,1524.0730
2746,1,3,1,61.1200,164.2640,0.0000,967.0960,193.3720,133.1880,0.0000,0.0000,1519.0400
2747,1,3,0,61.6740,166.7450,0.0000,969.4950,204.8680,138.2530,0.0000,0.0000,1541.0350
2748,1,3,0,64.4430,167.6860,0.0000,972.0430,196.7320,135.3110,0.0000,0.0000,1536.2150
2749,1,3,1,61.8460,165.3350,0.0000,967.1570,194.6220,133.6670,0.0000,0.0000,1522.6270
2750,1,3,1,62.0610,164.2770,0.0000,966.8180,194.1420,134.7930,0.0000,0.0000,1522.0910
2751,1,3,1,63.1880,163.4280,0.0000,965.6800,194.3630,134.4980,0.0000,0.0000,1521.1570
2752,1,3,1,59.8340,165.0220,0.0000,969.2610,196.5360,134.3010,0.0000,0.0000,1524.9540
2753,1,3,1,61.1690,164.5910,0.0000,964.8360,208.5970,139.7290,0.0000,0.0000,1538.9220
2754,1,3,1,64.4060,169.1320,0.0000,968.1850,195.7300,134.6340,0.0000,0.0000,1532.0870
2755,1,3,1,61.4710,168.8430,0.0000,965.1820,195.6180,135.1810,0.0000,0.0000,1526.2950
2756,1,3,1,62.9730,167.4400,0.0000,968.8800,196.4430,132.3700,0.0000,0.0000,1528.1060
2757,1,3,1,60.6900,163.6560,0.0000,966.9600,194.1840,132.6400,0.0000,0.0000,1518.1300
2758,1,3,0,63.0400,163.3230,0.0000,972.7010,194.4310,132.8980,0.0000,0.0000,1526.3930
2759,1,3,1,61.2120,164.9910,0.0000,959.7850,202.8800,137.7480,0.0000,0.0000,1526.6160
2760,1,3,1,62.6770,168.9840,0.0000,967.5570,196.1600,136.1410,0.0000,0.0000,1531.5190
2761,1,3,1,62.0800,165.2060,0.0000,967.8340,195.8030,133.9070,0.0000,0.0000,1524.8300
2762,1,3,1,61.6120,163.1630,0.0000,966.4800,194.0430,133.2300,0.0000,0.0000,1518.5280
2763,1,3,1,62.0310,163.2440,0.0000,973.3170,193.6000,133.5630,0.0000,0.0000,1525.7550
2764,1,3,1,61.8460,163.7170,0.0000,973.1760,192.9790,134.3440,0.0000,0.0000,1526.0620
2765,1,3,1,60.9420,163.1750,0.0000,968.9230,200.2280,137.4210,0.0000,0.0000,1530.6890
2766,1,3,0,62.1660,167.5260,0.0000,967.5570,197.1940,134.8190,0.0000,0.0000,1529.2620
2767,1,3,1,60.6460,163.3170,0.0000,964.0920,194.2160,135.1390,0.0000,0.0000,1517.4100
2768,0,3,0,62.0370,164.9050,0.0000,967.9260,194.4370,134.9730,0.0000,0.0000,1524.2780
2769,1,3,1,61.3540,162.8060,0.0000,969.4830,193.2550,133.0770,0.0000,0.0000,1519.9750
2770,1,3,1,61.7720,165.4090,0.0000,967.3540,193.2680,135.3600,0.0000,0.0000,1523.1630
2771,1,3,1,62.0060,165.4960,0.0000,968.7010,235.8770,136.9600,0.0000,0.0000,1569.0400
2772,1,3,1,63.4460,169.9760,0.0000,973.5380,195.3350,134.1540,0.0000,0.0000,1536.4490
2773,1,3,1,61.9570,166.6160,0.0000,964.0180,192.3630,132.9350,0.0000,0.0000,1517.8890
2774,1,3,1,61.7230,164.7020,0.0000,965.7790,192.4240,133.1200,0.0000,0.0000,1517.7480
2775,1,3,1,62.1900,164.0800,0.0000,967.6300,193.6430,133.1570,0.0000,0.0000,1520.7000
2776,1,3,1,62.0060,164.5840,0.0000,970.2890,193.6980,132.6950,0.0000,0.0000,1523.2720
2777,1,3,1,61.9940,164.3200,0.0000,965.9760,193.6130,184.8670,0.0000,0.0000,1570.7700
2778,1,3,1,63.3540,169.0090,0.0000,967.7100,197.2180,134.2400,0.0000,0.0000,1531.5310
2779,1,3,1,63.4150,167.2920,0.0000,970.1360,194.2890,133.8950,0.0000,0.0000,1529.0270
2780,1,3,1,63.7670,165.7970,0.0000,970.2340,194.1170,132.5840,0.0000,0.0000,1526.4990
2781,1,3,1,61.8710,166.0430,0.0000,975.2800,194.6770,132.0310,0.0000,0.0000,1529.9020
2782,0,3,0,62.7260,164.5110,0.0000,968.9420,193.5140,135.5010,0.0000,0.0000,1525.1940
2783,1,3,1,61.6490,165.4030,0.0000,963.7730,193.2800,133.2990,0.0000,0.0000,1517.4040
2784,1,3,1,121.2860,172.9230,0.0000,972.3010,198.9350,139.3290,0.0000,0.0000,1604.7740
2785,1,3,1,64.2830,168.0990,0.0000,970.6030,195.9390,135.4900,0.0000,0.0000,1534.4140
2786,1,3,1,61.8710,166.4800,0.0000,967.4150,196.0060,134.5660,0.0000,0.0000,1526.3380
2787,1,3,1,62.8180,166.1540,0.0000,963.1940,195.8890,135.0960,0.0000,0.0000,1523.1510
2788,1,3,1,62.0060,166.5660,0.0000,969.7480,195.0400,132.5850,0.0000,0.0000,1525.9450
2789,1,3,1,60.7570,165.6310,0.0000,968.3140,193.1380,134.4980,0.0000,0.0000,1522.3380
2790,1,3,1,61.7050,208.6650,0.0000,968.6520,198.8990,136.6890,0.0000,0.0000,1574.6100
2791,0,3,0,63.0400,166.5170,0.0000,966.0060,193.9940,136.4370,0.0000,0.0000,1525.9940
2792,1,3,1,63.9510,165.8530,0.0000,963.5320,194.2090,133.8210,0.0000,0.0000,1521.3660
2793,0,3,0,61.4400,165.3670,0.0000,974.2280,195.2680,135.4580,0.0000,0.0000,1531.7610
2794,1,3,1,60.8060,166.1540,0.0000,967.7600,194.2280,134.9730,0.0000,0.0000,1523.9210
2795,1,3,1,61.3660,164.6090,0.0000,965.3780,194.9900,132.8430,0.0000,0.0000,1519.1860
2796,1,3,1,62.8120,163.7910,0.0000,966.4430,198.4740,137.2860,0.0000,0.0000,1528.8060
2797,1,3,1,61.9560,166.6890,0.0000,967.6990,196.9720,133.2430,0.0000,0.0000,1526.5590
2798,1,3,1,62.2830,164.6330,0.0000,968.0060,196.3200,133.9880,0.0000,0.0000,1525.2300
2799,1,3,1,61.9020,164.8430,0.0000,970.1420,193.3840,133.5440,0.0000,0.0000,1523.8150
2800,1,3,1,63.0710,165.7360,0.0000,967.4530,194.0000,132.7940,0.0000,0.0000,1523.0540
2801,1,3,1,61.8400,164.4980,0.0000,966.0190,195.6130,133.6920,0.0000,0.0000,1521.6620
2802,0,3,0,61.6620,164.3940,0.0000,966.5720,198.4990,136.5420,0.0000,0.0000,1527.6690
2803,1,3,1,62.4620,168.0310,0.0000,965.8640,196.2890,131.7170,0.0000,0.0000,1524.3630
2804,1,3,1,61.2250,164.8070,0.0000,969.1810,194.6900,135.1390,0.0000,0.0000,1525.0420
2805,1,3,1,61.9020,166.2280,0.0000,965.0650,193.6860,132.7080,0.0000,0.0000,1519.5890
2806,1,3,1,63.9940,166.0190,0.0000,965.6490,193.9940,134.0370,0.0000,0.0000,1523.6930
2807,1,3,1,61.2370,164.2830,0.0000,972.3450,192.2090,134.0670,0.0000,0.0000,1524.1410
2808,1,3,1,62.1480,163.8770,0.0000,966.3870,202.1850,137.0830,0.0000,0.0000,1531.6800
2809,1,3,1,62.5480,170.0860,0.0000,968.2520,196.1840,134.7630,0.0000,0.0000,1531.8330
2810,0,3,1,62.4250,166.3450,0.0000,972.6520,195.2980,135.6190,0.0000,0.0000,1532.3390
2811,1,3,1,62.5970,163.8770,0.0000,967.8340,193.0960,133.9200,0.0000,0.0000,1521.3240
2812,1,3,1,61.5880,166.6030,0.0000,964.3320,193.4460,133.2000,0.0000,0.0000,1519.1690
2813,1,3,1,61.7050,166.6270,0.0000,965.8460,192.7020,135.3900,0.0000,0.0000,1522.2700
2814,1,3,1,62.5540,165.1200,0.0000,974.2340,199.0090,136.2710,0.0000,0.0000,1537.1880
2815,1,3,1,62.6770,167.6000,0.0000,968.6960,195.2800,134.2830,0.0000,0.0000,1528.5360
2816,1,3,0,61.0280,166.1720,0.0000,971.2490,195.0280,133.5570,0.0000,0.0000,1527.0340
2817,1,3,1,60.5910,164.8120,0.0000,973.2000,192.6340,132.8800,0.0000,0.0000,1524.1170
2818,1,3,1,62.0800,166.0130,0.0000,966.9600,194.3690,135.0460,0.0000,0.0000,1524.4680
2819,1,3,1,62.1600,166.8130,0.0000,966.2090,193.0150,133.3050,0.0000,0.0000,1521.5020
2820,0,3,0,62.0800,165.2550,0.0000,972.1900,260.3630,139.1810,0.0000,0.0000,1599.0690
2821,1,3,1,62.4980,168.6460,0.0000,972.5050,194.8310,134.8120,0.0000,0.0000,1533.2920
2822,1,3,1,64.8000,163.7790,0.0000,971.1690,193.7790,136.1230,0.0000,0.0000,1529.6500
2823,1,3,1,61.6980,163.9810,0.0000,968.9480,194.4800,133.4650,0.0000,0.0000,1522.5720
2824,1,3,1,61.7170,164.8240,0.0000,971.8160,194.4800,133.3300,0.0000,0.0000,1526.1670
2825,1,3,1,62.5230,163.6240,0.0000,969.2620,192.8070,134.3020,0.0000,0.0000,1522.5180
2826,0,3,0,62.3130,163.7290,0.0000,969.5260,228.7330,141.6180,0.0000,0.0000,1565.9190
2827,0,3,0,62.9850,170.2890,0.0000,970.3810,194.6280,135.0460,0.0000,0.0000,1533.3290
2828,1,3,1,62.4370,167.0770,0.0000,973.1570,193.6060,135.1260,0.0000,0.0000,1531.4030
2829,1,3,1,63.0040,166.1420,0.0000,968.8000,193.9080,135.3780,0.0000,0.0000,1527.2320
2830,0,3,0,60.9970,164.7320,0.0000,966.1910,193.0090,135.6550,0.0000,0.0000,1520.5840
2831,1,3,1,62.3200,164.7760,0.0000,969.6860,194.9290,134.2270,0.0000,0.0000,1525.9380
2832,1,3,1,61.2870,163.9320,0.0000,967.2620,194.4860,134.7940,0.0000,0.0000,1521.7610
2833,1,3,1,65.3410,168.1350,0.0000,971.6370,197.5130,136.5720,0.0000,0.0000,1539.1980
2834,1,3,1,62.5050,166.2650,0.0000,967.7720,196.6770,134.0310,0.0000,0.0000,1527.2500
2835,1,3,1,62.5720,164.3570,0.0000,968.0550,195.9810,132.1540,0.0000,0.0000,1523.1190
2836,1,3,1,63.4640,164.4370,0.0000,966.6460,196.5970,133.6370,0.0000,0.0000,1524.7810
2837,1,3,1,62.2580,165.7660,0.0000,966.0920,194.7450,132.9480,0.0000,0.0000,1521.8090
2838,1,3,1,61.9690,165.7290,0.0000,968.1170,194.3810,134.8490,0.0000,0.0000,1525.0450
2839,1,3,1,61.6800,208.9910,0.0000,969.5080,197.0400,136.1910,0.0000,0.0000,1573.4100
2840,1,3,1,62.4620,166.4180,0.0000,966.0860,196.8920,135.6560,0.0000,0.0000,1527.5140
2841,0,3,1,62.0610,167.0890,0.0000,971.9810,194.6400,134.5660,0.0000,0.0000,1530.3370
2842,1,3,1,62.2640,165.2680,0.0000,968.7200,193.8160,135.0030,0.0000,0.0000,1525.0710
2843,1,3,1,62.3750,163.7790,0.0000,966.7570,195.2000,132.3010,0.0000,0.0000,1520.4120
2844,1,3,1,61.8030,166.0860,0.0000,965.2920,195.2300,136.2650,0.0000,0.0000,1524.6760
2845,1,3,1,61.2920,166.6890,0.0000,961.4400,201.9320,136.3020,0.0000,0.0000,1527.6550
2846,1,3,1,60.1480,165.3600,0.0000,969.7160,194.8560,135.5200,0.0000,0.0000,1525.6000
2847,1,3,1,62.9100,166.1290,0.0000,970.4490,193.0270,132.7390,0.0000,0.0000,1525.2540
2848,1,3,0,61.6800,164.1660,0.0000,969.6680,193.9260,134.6530,0.0000,0.0000,1524.0930
2849,1,3,1,61.7600,163.6800,0.0000,966.0870,193.5200,132.4740,0.0000,0.0000,1517.5210
2850,1,3,1,62.4920,164.1600,0.0000,968.2280,194.3810,135.6980,0.0000,0.0000,1524.9590
2851,1,3,1,61.3170,164.7200,0.0000,971.3600,202.1160,136.1410,0.0000,0.0000,1535.6540
2852,1,3,1,63.0890,167.0460,0.0000,965.1080,195.7300,134.1540,0.0000,0.0000,1525.1270
2853,0,3,0,67.8960,178.4250,0.0000,966.3330,198.9350,139.9140,0.0000,0.0000,1551.5030
2854,1,3,0,62.8800,166.0800,0.0000,966.3940,196.0550,134.7200,0.0000,0.0000,1526.1290
2855,1,3,1,61.3290,167.8950,0.0000,968.7450,193.9570,135.5630,0.0000,0.0000,1527.4890
2856,1,3,1,62.8620,166.8920,0.0000,970.4300,193.7780,134.5230,0.0000,0.0000,1528.4850
2857,1,3,1,62.8560,166.1540,0.0000,973.0770,203.3410,136.8680,0.0000,0.0000,1542.2960
2858,0,3,0,63.2620,169.3730,0.0000,972.0920,195.9080,137.7100,0.0000,0.0000,1538.3450
2859,1,3,0,62.4060,165.0340,0.0000,963.7780,195.8090,135.5450,0.0000,0.0000,1522.5720
2860,1,3,1,63.2860,164.7080,0.0000,967.9450,193.1810,134.8060,0.0000,0.0000,1523.9260
2861,1,3,1,61.9080,163.7910,0.0000,969.2500,194.1410,133.4580,0.0000,0.0000,1522.5480
2862,1,3,1,60.3380,165.9940,0.0000,971.3970,194.5170,134.6590,0.0000,0.0000,1526.9050
2863,1,3,0,61.6060,164.3450,0.0000,963.4710,201.0830,136.6590,0.0000,0.0000,1527.1640
2864,1,3,1,61.9200,166.7080,0.0000,973.0890,193.5200,135.8890,0.0000,0.0000,1531.1260
2865,1,3,1,62.3260,165.5320,0.0000,966.8550,194.4430,135.0650,0.0000,0.0000,1524.2210
2866,1,3,1,62.6210,165.9070,0.0000,971.6370,192.5850,136.0180,0.0000,0.0000,1528.7680
2867,1,3,1,60.6640,164.9290,0.0000,967.0460,193.8770,135.7720,0.0000,0.0000,1522.2880
2868,1,3,1,62.8800,164.5600,0.0000,969.4460,193.9260,134.3880,0.0000,0.0000,1525.2000
2869,1,3,1,61.0270,165.5330,0.0000,1123.5690,223.7290,144.7510,0.0000,0.0000,1718.6090
2870,1,3,1,64.6210,174.0370,0.0000,972.3810,199.6980,140.3260,0.0000,0.0000,1551.0630
2871,0,3,0,62.2590,169.4520,0.0000,973.8030,194.8250,134.5960,0.0000,0.0000,1534.9350
2872,1,3,1,62.4250,165.8090,0.0000,969.2000,196.6960,132.4060,0.0000,0.0000,1526.5360
2873,1,3,1,61.4710,165.8470,0.0000,967.5450,194.8990,134.8060,0.0000,0.0000,1524.5680
2874,1,3,1,61.7170,164.2090,0.0000,968.0430,193.7300,133.3040,0.0000,0.0000,1521.0030
2875,1,3,1,60.9360,164.4680,0.0000,971.4270,202.6220,137.6240,0.0000,0.0000,1537.0770
2876,1,3,0,63.2920,166.6030,0.0000,972.7820,195.0030,135.9380,0.0000,0.0000,1533.6180
2877,1,3,1,62.2210,166.5790,0.0000,968.6220,194.8610,133.1380,0.0000,0.0000,1525.4210
2878,0,3,0,61.7050,165.3790,0.0000,970.0920,194.7940,134.9600,0.0000,0.0000,1526.9300
2879,0,3,0,60.7690,164.8120,0.0000,967.0400,195.0400,132.9360,0.0000,0.0000,1520.5970
2880,0,3,1,63.5690,167.1880,0.0000,967.1260,194.8240,134.1660,0.0000,0.0000,1526.8730
2881,1,3,1,62.7570,164.4180,0.0000,970.4800,235.8040,135.3790,0.0000,0.0000,1568.8380
2882,1,3,0,63.7050,167.3910,0.0000,973.9750,196.9040,135.7170,0.0000,0.0000,1537.6920
2883,1,3,1,63.7660,165.8220,0.0000,969.2370,193.5200,133.9140,0.0000,0.0000,1526.2590
2884,1,3,1,61.0460,165.1690,0.0000,970.0980,195.7840,134.0930,0.0000,0.0000,1526.1900
2885,1,3,1,62.4490,165.1700,0.0000,968.5600,194.4560,134.1730,0.0000,0.0000,1524.8080
2886,0,3,0,60.2950,167.9260,0.0000,964.7570,194.1300,134.7330,0.0000,0.0000,1521.8410
2887,1,3,1,63.1140,166.3200,0.0000,968.2580,193.1880,178.3330,0.0000,0.0000,1569.2130
2888,1,3,1,62.4180,167.7970,0.0000,969.7600,194.5350,134.7940,0.0000,0.0000,1529.3040
2889,1,3,1,61.8210,167.0890,0.0000,968.0190,193.8650,134.6650,0.0000,0.0000,1525.4590
2890,0,3,0,61.7350,164.5910,0.0000,971.4220,193.0890,135.3600,0.0000,0.0000,1526.1970
2891,1,3,1,62.2030,165.1750,0.0000,968.9970,195.4460,133.4030,0.0000,0.0000,1525.2240
2892,1,3,1,63.2370,165.9810,0.0000,967.8580,192.8860,135.2370,0.0000,0.0000,1525.1990
2893,1,3,1,60.3630,164.8930,0.0000,965.5750,192.9170,132.3940,0.0000,0.0000,1516.1420
2894,1,3,1,61.6190,225.5630,0.0000,969.0710,196.3810,135.3290,0.0000,0.0000,1587.9630
2895,1,3,1,63.4710,167.3420,0.0000,972.0430,196.3020,134.2220,0.0000,0.0000,1533.3800
2896,1,3,1,61.7350,167.2250,0.0000,967.3410,194.9900,134.6520,0.0000,0.0000,1525.9430
2897,1,3,1,61.1750,166.3870,0.0000,970.1600,193.4770,133.2610,0.0000,0.0000,1524.4600
2898,1,3,1,60.8670,164.2210,0.0000,966.0060,192.6210,133.7540,0.0000,0.0000,1517.4690
2899,1,3,1,61.8270,164.6530,0.0000,968.1850,194.6710,134.0680,0.0000,0.0000,1523.4040
2900,0,3,0,63.0340,163.6680,0.0000,972.4490,198.3260,136.1470,0.0000,0.0000,1533.6240
2901,1,3,1,62.0550,168.4060,0.0000,969.4830,196.0860,133.6800,0.0000,0.0000,1529.7100
2902,0,3,0,62.3260,166.5110,0.0000,972.4430,195.7970,134.2700,0.0000,0.0000,1531.3470
2903,1,3,1,61.9020,165.6740,0.0000,966.5110,193.0770,133.1260,0.0000,0.0000,1520.2900
2904,0,3,0,61.8590,164.5790,0.0000,975.9200,194.3570,133.5320,0.0000,0.0000,1530.2470
2905,1,3,0,61.4590,166.2530,0.0000,968.2280,193.9630,133.1500,0.0000,0.0000,1523.0530
2906,1,3,1,61.8220,165.1700,0.0000,974.2270,201.1140,137.2370,0.0000,0.0000,1539.5700
2907,1,3,1,62.2710,168.5910,0.0000,966.8240,193.4400,136.2530,0.0000,0.0000,1527.3790
2908,1,3,1,62.7810,166.1350,0.0000,967.6500,195.1500,134.8180,0.0000,0.0000,1526.5340
2909,1,3,1,61.6550,164.2330,0.0000,969.6610,192.1040,133.2370,0.0000,0.0000,1520.8900
2910,1,3,1,60.9910,164.3880,0.0000,968.2340,195.8830,133.8400,0.0000,0.0000,1523.3360
2911,1,3,0,62.0800,165.1320,0.0000,966.3270,193.5510,133.9260,0.0000,0.0000,1521.0160
2912,1,3,1,61.7360,163.5320,0.0000,965.7230,201.2300,137.2980,0.0000,0.0000,1529.5190
2913,1,3,1,62.5360,168.5790,0.0000,967.2500,194.4680,134.4800,0.0000,0.0000,1527.3130
2914,1,3,1,64.0000,165.6800,0.0000,968.6580,194.9540,135.2860,0.0000,0.0000,1528.5780
2915,0,3,0,61.5440,163.4030,0.0000,963.9440,194.8060,136.0000,0.0000,0.0000,1519.6970
2916,0,3,0,62.8920,164.3380,0.0000,968.3200,192.7200,134.9290,0.0000,0.0000,1523.1990
2917,1,3,1,60.3450,165.7840,0.0000,966.5780,194.7450,134.2150,0.0000,0.0000,1521.6670
2918,0,3,1,63.6070,165.2060,0.0000,972.1910,200.2700,138.0310,0.0000,0.0000,1539.3050
2919,1,3,1,62.2520,167.6860,0.0000,971.2550,193.5070,136.2220,0.0000,0.0000,1530.9220
2920,0,3,0,62.3260,164.8800,0.0000,967.6980,193.8950,134.1040,0.0000,0.0000,1522.9030
2921,1,3,1,62.4560,164.6090,0.0000,965.8900,193.1820,135.2360,0.0000,0.0000,1521.3730
2922,1,3,1,61.7170,164.6650,0.0000,964.9850,193.9320,135.2930,0.0000,0.0000,1520.5920
2923,1,3,1,61.6120,165.1320,0.0000,967.6800,193.9700,134.1970,0.0000,0.0000,1522.5910
2924,1,3,1,62.2950,164.3140,0.0000,975.1020,201.3410,136.3750,0.0000,0.0000,1539.4270
2925,1,3,1,63.3420,165.9880,0.0000,964.7570,195.4090,135.0100,0.0000,0.0000,1524.5060
2926,1,3,1,63.8280,165.6620,0.0000,969.4520,191.2190,134.0120,0.0000,0.0000,1524.1730
2927,0,3,0,63.1570,165.3660,0.0000,967.8460,195.8460,133.0340,0.0000,0.0000,1525.2490
2928,1,3,1,61.6430,163.2860,0.0000,969.9330,194.0370,133.9940,0.0000,0.0000,1522.8930
2929,1,3,1,63.4590,165.4650,0.0000,969.2620,193.2860,134.0180,0.0000,0.0000,1525.4900
2930,1,3,1,61.0280,164.6650,0.0000,965.6000,262.9840,140.8920,0.0000,0.0000,1595.1690
2931,1,3,1,61.8960,172.2590,0.0000,972.8120,196.3820,136.4920,0.0000,0.0000,1539.8410
2932,1,3,1,63.7600,166.4740,0.0000,971.5940,195.1020,133.7540,0.0000,0.0000,1530.6840
2933,0,3,0,63.1630,165.5080,0.0000,969.7780,194.0800,134.0860,0.0000,0.0000,1526.6150
2934,1,3,1,63.3170,166.9670,0.0000,972.7630,194.0190,133.5810,0.0000,0.0000,1530.6470
2935,0,3,0,62.2090,164.6520,0.0000,966.0250,193.2620,134.8920,0.0000,0.0000,1521.0400
2936,0,3,0,61.6490,165.8340,0.0000,971.6180,192.6830,176.9720,0.0000,0.0000,1568.7560
2937,0,3,0,63.8160,169.2610,0.0000,965.3480,197.3730,133.7050,0.0000,0.0000,1529.5030
2938,0,3,0,62.6530,165.0950,0.0000,966.5360,194.6520,134.2280,0.0000,0.0000,1523.1640
2939,1,3,1,61.5510,163.1080,0.0000,969.0400,193.9270,134.3880,0.0000,0.0000,1522.0140
2940,1,3,1,61.8950,164.0120,0.0000,967.8520,192.7560,135.1570,0.0000,0.0000,1521.6720
2941,0,3,0,60.7940,165.3780,0.0000,966.8190,193.2680,134.4250,0.0000,0.0000,1520.6840
2942,1,3,1,63.7910,165.2500,0.0000,968.0800,192.0430,133.8520,0.0000,0.0000,1523.0160
2943,1,3,1,100.6900,168.9730,0.0000,972.3020,196.0680,136.0920,0.0000,0.0000,1574.1250
2944,1,3,1,61.1810,165.4640,0.0000,971.4460,196.0070,137.0520,0.0000,0.0000,1531.1500
2945,0,3,1,62.5660,164.4800,0.0000,968.6340,193.9880,136.4800,0.0000,0.0000,1526.1480
2946,1,3,1,61.1450,165.1930,0.0000,968.1170,194.0370,133.5200,0.0000,0.0000,1522.0120
2947,1,3,1,62.2950,163.5070,0.0000,966.9170,192.8310,135.2070,0.0000,0.0000,1520.7570
2948,1,3,1,61.5260,162.6710,0.0000,965.3050,191.1070,135.3600,0.0000,0.0000,1515.9690
2949,1,3,1,61.8150,201.0700,0.0000,969.7050,200.5350,135.9940,0.0000,0.0000,1569.1190
2950,1,3,0,62.4190,168.7510,0.0000,967.9440,196.2280,133.9940,0.0000,0.0000,1529.3360
2951,1,3,1,62.8740,166.3940,0.0000,962.6710,194.6280,134.4370,0.0000,0.0000,1521.0040
2952,1,3,1,60.7750,164.8310,0.0000,965.7360,195.0340,132.8000,0.0000,0.0000,1519.1760
2953,1,3,1,61.6740,165.5630,0.0000,969.2120,195.6740,133.2930,0.0000,0.0000,1525.4160
2954,1,3,1,60.8120,164.7270,0.0000,973.7420,193.8340,134.4310,0.0000,0.0000,1527.5460
2955,1,3,1,62.1790,163.0400,0.0000,975.6740,199.4030,136.6950,0.0000,0.0000,1536.9910
2956,1,3,1,62.2840,166.6580,0.0000,968.2580,193.8220,135.9380,0.0000,0.0000,1526.9600
2957,1,3,1,61.0030,165.8150,0.0000,972.5600,196.2830,135.0460,0.0000,0.0000,1530.7070
2958,1,3,1,64.3440,165.5140,0.0000,965.7970,191.1690,137.1630,0.0000,0.0000,1523.9870
2959,1,3,1,61.1820,165.7470,0.0000,971.0830,192.7690,135.1820,0.0000,0.0000,1525.9630
2960,1,3,1,60.6890,163.7290,0.0000,969.3840,193.6300,134.6270,0.0000,0.0000,1522.0590
2961,1,3,1,62.3820,167.2990,0.0000,969.9260,202.6030,135.5080,0.0000,0.0000,1537.7180
2962,1,3,1,62.4060,165.9450,0.0000,969.8770,196.1720,133.8220,0.0000,0.0000,1528.2220
2963,1,3,1,61.9080,166.2030,0.0000,970.1600,194.9290,135.6430,0.0000,0.0000,1528.8430
2964,1,3,1,61.5260,164.5660,0.0000,966.3510,194.5290,133.8960,0.0000,0.0000,1520.8680
2965,1,3,1,60.8130,164.9790,0.0000,965.8960,192.1900,133.5380,0.0000,0.0000,1517.4160
2966,1,3,1,60.8060,164.7630,0.0000,969.1690,192.9050,133.2920,0.0000,0.0000,1520.9350
2967,1,3,1,59.8770,166.1290,0.0000,970.7010,203.8400,137.3720,0.0000,0.0000,1537.9190
2968,1,3,1,63.0280,168.2460,0.0000,969.1320,195.2860,136.8430,0.0000,0.0000,1532.5350
2969,1,3,1,63.3110,165.0220,0.0000,968.3500,193.7600,132.6090,0.0000,0.0000,1523.0520
2970,1,3,1,61.0640,165.3790,0.0000,971.3360,195.7350,135.7420,0.0000,0.0000,1529.2560
2971,1,3,0,62.7820,163.9080,0.0000,968.3750,194.1970,136.8060,0.0000,0.0000,1526.0680
2972,1,3,1,62.1420,164.9100,0.0000,967.4400,193.2920,135.5500,0.0000,0.0000,1523.3340
2973,0,3,0,61.3480,162.9290,0.0000,973.2430,199.7230,136.0990,0.0000,0.0000,1533.3420
2974,1,3,1,64.1850,168.0500,0.0000,970.9290,194.2530,135.4890,0.0000,0.0000,1532.9060
2975,1,3,1,60.9970,166.0680,0.0000,970.3200,193.4960,134.6580,0.0000,0.0000,1525.5390
2976,1,3,1,62.5530,163.1140,0.0000,970.4310,193.1070,134.1420,0.0000,0.0000,1523.3470
2977,1,3,1,62.7570,164.4800,0.0000,967.9570,192.4930,133.4700,0.0000,0.0000,1521.1570
2978,1,3,1,60.8430,165.3300,0.0000,968.0550,194.1170,134.8490,0.0000,0.0000,1523.1940
2979,1,3,1,60.9910,165.0770,0.0000,968.2950,244.2150,138.3200,0.0000,0.0000,1576.8980
2980,1,3,1,61.7910,168.2090,0.0000,971.2490,197.2430,134.8500,0.0000,0.0000,1533.3420
2981,0,3,0,62.5540,166.8060,0.0000,968.0310,195.7170,136.6960,0.0000,0.0000,1529.8040
2982,1,3,0,63.7170,165.7300,0.0000,963.6560,195.9260,136.5840,0.0000,0.0000,1525.6130
2983,1,3,1,60.9660,164.4250,0.0000,967.1630,195.9880,131.3050,0.0000,0.0000,1519.8470
2984,1,3,1,62.0980,164.0550,0.0000,966.1720,192.3070,134.4370,0.0000,0.0000,1519.0690
2985,1,3,1,61.7600,164.3010,0.0000,968.1110,194.7630,177.5690,0.0000,0.0000,1566.5040
2986,1,3,1,64.6400,170.6030,0.0000,967.7170,198.1970,134.7320,0.0000,0.0000,1535.8890
2987,1,3,1,62.6950,164.8370,0.0000,965.6370,193.3110,133.6370,0.0000,0.0000,1520.1170
2988,1,3,1,61.2610,164.0620,0.0000,970.8310,193.7660,133.7170,0.0000,0.0000,1523.6370
2989,1,3,1,62.4800,164.8240,0.0000,970.6150,193.9450,134.3200,0.0000,0.0000,1526.1840
2990,0,3,0,61.7480,165.1320,0.0000,965.8090,194.5600,132.4740,0.0000,0.0000,1519.7230
2991,1,3,1,63.2430,164.0430,0.0000,968.0670,193.7040,132.3630,0.0000,0.0000,1521.4200
2992,1,3,1,110.7140,170.9170,0.0000,972.4430,197.7290,136.1230,0.0000,0.0000,1587.9260
2993,1,3,1,62.0250,166.0490,0.0000,967.3780,192.7200,136.0980,0.0000,0.0000,1524.2700
2994,1,3,1,64.3140,167.1870,0.0000,967.4650,194.5720,134.6890,0.0000,0.0000,1528.2270
2995,1,3,1,62.0930,165.8460,0.0000,968.5910,193.9690,134.8860,0.0000,0.0000,1525.3850
2996,1,3,1,61.9690,164.8000,0.0000,968.6770,194.2160,133.9630,0.0000,0.0000,1523.6250
2997,1,3,0,61.6740,166.2220,0.0000,971.0640,194.2700,134.8190,0.0000,0.0000,1528.0490
2998,0,3,0,60.5660,205.2060,0.0000,971.1630,199.5630,136.0370,0.0000,0.0000,1572.5350
2999,0,3,0,62.5600,169.1270,0.0000,970.2900,197.9750,134.3750,0.0000,0.0000,1534.3270
3000,1,3,1,87.6740,225.6680,0.0000,973.4650,222.3510,160.0070,0.0000,0.0000,1669.1650
3001,1,3,1,66.5600,177.9010,0.0000,966.0560,200.9790,142.5660,0.0000,0.0000,1554.0620
3002,0,3,0,65.0890,172.0610,0.0000,969.4520,196.7750,151.1200,0.0000,0.0000,1554.4970
3003,0,3,0,64.4240,178.7510,0.0000,972.8370,201.1690,138.3870,0.0000,0.0000,1555.5680
3004,1,3,1,62.4430,167.1070,0.0000,969.5820,196.0920,134.9790,0.0000,0.0000,1530.2030
3005,1,3,1,62.1600,166.9230,0.0000,967.4400,196.3080,134.6330,0.0000,0.0000,1527.4640
3006,1,3,1,61.9940,165.9140,0.0000,966.7140,193.9200,135.1820,0.0000,0.0000,1523.7240
3007,1,3,1,62.9600,163.9690,0.0000,967.4710,193.2560,134.9540,0.0000,0.0000,1522.6100
3008,1,3,1,62.9540,163.2060,0.0000,967.3850,193.6670,177.5940,0.0000,0.0000,1564.8060
3009,1,3,1,65.1010,170.0000,0.0000,970.9420,196.8550,136.9540,0.0000,0.0000,1539.8520
3010,0,3,0,62.5110,168.5970,0.0000,970.5170,195.9940,135.3170,0.0000,0.0000,1532.9360
3011,1,3,1,61.8340,164.6030,0.0000,968.6210,194.1730,132.6470,0.0000,0.0000,1521.8780
3012,0,3,0,61.9940,165.8830,0.0000,965.8100,193.0770,134.0310,0.0000,0.0000,1520.7950
3013,1,3,1,62.0740,164.5300,0.0000,968.0800,194.4920,134.2830,0.0000,0.0000,1523.4590
3014,1,3,1,62.1300,162.0310,0.0000,970.4120,193.1700,134.4000,0.0000,0.0000,1522.1430
3015,1,3,1,61.0710,214.4620,0.0000,973.5130,198.5850,138.2150,0.0000,0.0000,1585.8460
3016,1,3,1,62.7260,166.8550,0.0000,967.4030,195.9510,136.5480,0.0000,0.0000,1529.4830
3017,1,3,1,61.5080,167.6800,0.0000,968.0190,194.6590,134.9110,0.0000,0.0000,1526.7770
3018,1,3,1,61.5260,166.4060,0.0000,967.9020,194.0550,134.8980,0.0000,0.0000,1524.7870
3019,1,3,1,62.1660,165.1760,0.0000,967.9140,194.4740,133.2610,0.0000,0.0000,1522.9910
3020,0,3,0,61.2000,164.3940,0.0000,966.9540,193.6560,132.7450,0.0000,0.0000,1518.9490
3021,0,3,0,62.7260,165.6490,0.0000,1007.1010,201.0150,135.3530,0.0000,0.0000,1571.8440
3022,0,3,0,62.6530,167.0950,0.0000,968.5290,193.3350,134.5850,0.0000,0.0000,1526.1970
3023,1,3,1,62.8930,166.9970,0.0000,968.0560,194.3940,134.1850,0.0000,0.0000,1526.5250
3024,1,3,1,63.7910,165.9390,0.0000,966.9790,194.0430,134.3200,0.0000,0.0000,1525.0720
3025,1,3,1,62.2830,164.0370,0.0000,968.2460,195.6000,132.8370,0.0000,0.0000,1523.0030
3026,1,3,1,61.0640,165.1690,0.0000,968.5170,194.4060,134.1110,0.0000,0.0000,1523.2670
3027,1,3,1,60.4740,165.3600,0.0000,973.0150,202.3450,136.8930,0.0000,0.0000,1538.0870
3028,1,3,1,61.0030,166.7690,0.0000,967.9690,194.4490,133.7660,0.0000,0.0000,1523.9560
3029,1,3,1,63.1820,164.3200,0.0000,970.8430,195.8460,135.2860,0.0000,0.0000,1529.4770
3030,1,3,1,60.8060,165.0900,0.0000,968.5290,191.8400,134.0180,0.0000,0.0000,1520.2830
3031,1,3,1,61.2870,165.7600,0.0000,971.1630,194.5720,134.5170,0.0000,0.0000,1527.2990
3032,0,3,0,62.9420,165.9380,0.0000,966.0130,194.5970,136.5600,0.0000,0.0000,1526.0500
3033,1,3,1,61.6070,165.0580,0.0000,975.3050,199.9880,135.6800,0.0000,0.0000,1537.6380
3034,1,3,1,63.3350,166.9840,0.0000,970.1230,195.5200,133.0090,0.0000,0.0000,1528.9710
3035,1,3,1,61.6550,165.4950,0.0000,973.0340,194.9720,134.6830,0.0000,0.0000,1529.8390
3036,1,3,1,61.7040,164.6030,0.0000,972.4620,195.0160,136.1540,0.0000,0.0000,1529.9390
3037,1,3,1,62.0620,166.8860,0.0000,968.2830,193.4650,134.5600,0.0000,0.0000,1525.2560
3038,1,3,1,61.2190,164.8500,0.0000,970.4670,195.3110,135.8460,0.0000,0.0000,1527.6930
3039,1,3,1,62.8240,166.8920,0.0000,973.9630,205.7100,139.8030,0.0000,0.0000,1549.1920
3040,1,3,1,64.6150,169.5020,0.0000,974.3510,195.0530,135.6120,0.0000,0.0000,1539.1330
3041,1,3,1,61.3910,165.6130,0.0000,967.2920,195.7540,134.7690,0.0000,0.0000,1524.8190
3042,1,3,1,60.9970,166.0000,0.0000,969.4700,194.8180,134.4120,0.0000,0.0000,1525.6970
3043,1,3,1,61.8100,164.4560,0.0000,970.4800,194.4430,135.9940,0.0000,0.0000,1527.1830
3044,1,3,1,60.3630,165.6610,0.0000,966.5720,194.3940,133.3230,0.0000,0.0000,1520.3130
3045,1,3,1,61.9330,166.5780,0.0000,967.6490,203.7110,135.9140,0.0000,0.0000,1535.7850
3046,1,3,1,60.2530,167.9820,0.0000,967.5820,196.3690,134.9540,0.0000,0.0000,1527.1400
3047,0,3,1,61.3480,165.5450,0.0000,969.3840,194.2830,135.0280,0.0000,0.0000,1525.5880
3048,0,3,0,61.9010,164.5230,0.0000,966.4430,196.1420,133.9570,0.0000,0.0000,1522.9660
3049,0,3,0,61.6120,164.3020,0.0000,968.7200,195.2240,132.2700,0.0000,0.0000,1522.1280
3050,1,3,1,60.8670,163.9080,0.0000,967.8890,195.1140,133.5450,0.0000,0.0000,1521.3230
3051,1,3,1,61.2560,166.0670,0.0000,967.6920,252.0180,137.9940,0.0000,0.0000,1585.0270
3052,1,3,1,62.4550,171.5570,0.0000,970.9600,196.8800,135.2000,0.0000,0.0000,1537.0520
3053,1,3,1,62.7020,166.5970,0.0000,964.0870,195.4220,135.1330,0.0000,0.0000,1523.9410
3054,1,3,1,63.7540,166.0370,0.0000,966.4000,194.7570,133.9380,0.0000,0.0000,1524.8860
3055,1,3,1,63.1010,166.1910,0.0000,970.5910,192.7390,136.5730,0.0000,0.0000,1529.1950
3056,0,3,0,61.3780,165.3240,0.0000,972.7510,193.7790,133.9140,0.0000,0.0000,1527.1460
3057,0,3,0,63.2990,165.8150,0.0000,968.8430,194.7080,175.6250,0.0000,0.0000,1568.2900
3058,1,3,1,61.6250,169.4950,0.0000,970.9420,196.8310,135.4830,0.0000,0.0000,1534.3760
3059,1,3,1,61.6870,166.4430,0.0000,969.6120,194.4430,134.4060,0.0000,0.0000,1526.5910
3060,1,3,1,61.7780,164.1960,0.0000,971.6560,196.6220,132.3200,0.0000,0.0000,1526.5720
3061,1,3,1,61.7660,164.6710,0.0000,969.7050,194.0740,132.9230,0.0000,0.0000,1523.1390
3062,1,3,1,62.0610,164.2280,0.0000,963.6000,193.1440,135.2490,0.0000,0.0000,1518.2820
3063,1,3,1,61.5140,163.8400,0.0000,967.5080,195.7290,132.9350,0.0000,0.0000,1521.5260
3064,1,3,1,99.4520,171.7600,0.0000,967.1200,197.0890,136.6890,0.0000,0.0000,1572.1100
3065,1,3,1,62.0740,165.6120,0.0000,967.6190,193.3170,134.4680,0.0000,0.0000,1523.0900
3066,1,3,1,62.0680,166.3570,0.0000,965.1450,193.7420,135.3720,0.0000,0.0000,1522.6840
3067,0,3,0,60.8370,165.9380,0.0000,968.9540,193.0030,134.3880,0.0000,0.0000,1523.1200
3068,1,3,1,61.4760,164.8490,0.0000,968.0190,195.7040,135.5880,0.0000,0.0000,1525.6360
3069,1,3,1,62.3070,164.6520,0.0000,965.8770,193.9870,132.6090,0.0000,0.0000,1519.4320
3070,1,3,0,63.0470,165.2060,0.0000,972.1900,200.2700,135.4710,0.0000,0.0000,1536.1840
3071,1,3,1,61.8890,166.5900,0.0000,968.2400,194.1970,133.2740,0.0000,0.0000,1524.1900
3072,1,3,1,61.3790,166.1960,0.0000,966.1960,196.0120,135.2060,0.0000,0.0000,1524.9890
3073,1,3,1,62.0370,166.0670,0.0000,969.6250,193.6000,134.5910,0.0000,0.0000,1525.9200
3074,0,3,0,60.1230,167.3410,0.0000,967.3850,195.0030,135.0770,0.0000,0.0000,1524.9290
3075,1,3,1,61.2800,163.5750,0.0000,965.6860,194.2460,135.1510,0.0000,0.0000,1519.9380
3076,1,3,1,62.0620,164.5790,0.0000,968.8800,203.9750,138.7140,0.0000,0.0000,1538.2100
3077,1,3,1,62.8430,169.6490,0.0000,970.0930,195.0330,132.8000,0.0000,0.0000,1530.4180
3078,1,3,1,63.7290,163.3780,0.0000,966.3010,194.1780,135.5200,0.0000,0.0000,1523.1060
3079,1,3,1,60.6460,164.9290,0.0000,964.3880,193.3230,135.0470,0.0000,0.0000,1518.3330
3080,1,3,1,61.3840,165.5200,0.0000,974.0550,194.0990,132.8300,0.0000,0.0000,1527.8880
3081,0,3,0,61.3230,164.5780,0.0000,970.7760,194.5410,135.1940,0.0000,0.0000,1526.4120
3082,1,3,1,60.5480,167.1510,0.0000,969.3170,201.0830,136.3260,0.0000,0.0000,1534.4250
3083,0,3,0,63.1510,166.8430,0.0000,968.7630,197.1440,134.6150,0.0000,0.0000,1530.5160
3084,1,3,1,61.9260,165.3350,0.0000,970.6830,195.0220,132.9470,0.0000,0.0000,1525.9130
3085,1,3,1,63.3720,166.2760,0.0000,966.3870,193.2060,133.4710,0.0000,0.0000,1522.7120
3086,1,3,1,62.4800,165.3470,0.0000,966.3810,193.3660,135.0150,0.0000,0.0000,1522.5890
3087,1,3,1,60.5050,166.4990,0.0000,970.0680,195.5700,135.9630,0.0000,0.0000,1528.6050
3088,1,3,1,62.2210,166.0310,0.0000,970.8920,201.1200,134.9420,0.0000,0.0000,1535.2060
3089,1,3,1,63.8210,166.6640,0.0000,966.8430,192.9230,136.2400,0.0000,0.0000,1526.4910
3090,0,3,0,61.1440,165.9010,0.0000,967.6430,194.9050,136.1170,0.0000,0.0000,1525.7100
3091,0,3,0,62.0490,163.4580,0.0000,969.5380,192.0670,133.4400,0.0000,0.0000,1520.5520
3092,1,3,1,61.7840,163.8210,0.0000,966.9790,194.4120,133.2130,0.0000,0.0000,1520.2090
3093,1,3,1,61.7780,166.4560,0.0000,964.8490,195.0770,133.7300,0.0000,0.0000,1521.8900
3094,1,3,1,61.4280,163.7170,0.0000,969.4270,201.6310,136.6220,0.0000,0.0000,1532.8250
3095,1,3,1,62.8000,168.7320,0.0000,972.7700,193.9200,136.7880,0.0000,0.0000,1535.0100
3096,1,3,1,62.2160,164.4800,0.0000,969.3960,193.5200,134.5840,0.0000,0.0000,1524.1960
3097,1,3,1,63.9380,164.9970,0.0000,970.7080,195.2310,132.4310,0.0000,0.0000,1527.3050
3098,1,3,1,62.1850,165.1200,0.0000,966.7260,193.7410,134.7940,0.0000,0.0000,1522.5660
3099,1,3,1,60.9290,165.7600,0.0000,964.1970,194.4800,134.9170,0.0000,0.0000,1520.2830
3100,1,3,1,62.1790,165.2490,0.0000,965.5330,237.7420,134.9720,0.0000,0.0000,1565.6750
3101,1,3,1,63.1320,167.5080,0.0000,967.3410,196.8740,134.2340,0.0000,0.0000,1529.0890
3102,1,3,1,62.3390,164.5660,0.0000,963.9940,194.6580,133.3410,0.0000,0.0000,1518.8980
3103,1,3,1,61.5570,165.3910,0.0000,965.4150,193.7110,133.9870,0.0000,0.0000,1520.0610
3104,1,3,1,62.1110,165.8030,0.0000,967.8220,193.6740,133.2800,0.0000,0.0000,1522.6900
3105,1,3,1,61.3360,166.5170,0.0000,972.0990,193.1690,133.3970,0.0000,0.0000,1526.5180
3106,1,3,1,61.8520,162.8740,0.0000,969.8590,193.6000,176.0120,0.0000,0.0000,1564.1970
3107,1,3,1,62.8240,168.9290,0.0000,970.5230,197.8770,136.0060,0.0000,0.0000,1536.1590
3108,1,3,1,64.0130,166.2280,0.0000,974.0990,192.9420,137.2120,0.0000,0.0000,1534.4940
3109,0,3,0,61.9320,164.7010,0.0000,968.6710,193.9510,135.7350,0.0000,0.0000,1524.9900
3110,1,3,1,62.4980,162.9540,0.0000,967.3970,193.2800,133.8220,0.0000,0.0000,1519.9510
3111,0,3,0,61.7970,163.5880,0.0000,967.5200,194.6150,133.2440,0.0000,0.0000,1520.7640
3112,1,3,1,62.9290,166.0430,0.0000,967.6740,193.4400,134.1050,0.0000,0.0000,1524.1910
3113,1,3,1,60.7380,265.4710,0.0000,976.4310,249.6560,157.3850,0.0000,0.0000,1709.6810
3114,1,3,1,68.4370,183.1570,0.0000,976.1840,206.9100,142.1540,0.0000,0.0000,1576.8420
3115,1,3,1,63.6860,169.3360,0.0000,971.1630,196.1600,135.3730,0.0000,0.0000,1535.7180
3116,0,3,0,62.3940,166.1840,0.0000,969.8400,196.4060,135.3780,0.0000,0.0000,1530.2020
3117,1,3,1,62.2220,165.4770,0.0000,965.3540,195.2180,135.9630,0.0000,0.0000,1524.2340
3118,1,3,1,62.1540,165.8460,0.0000,967.6610,193.2680,135.6490,0.0000,0.0000,1524.5780
3119,1,3,1,61.1200,184.7200,0.0000,971.7290,199.8220,138.2330,0.0000,0.0000,1555.6240
3120,1,3,1,64.2830,169.5080,0.0000,970.5050,194.7510,136.7450,0.0000,0.0000,1535.7920
3121,1,3,1,62.1170,166.3080,0.0000,969.9630,195.1200,135.1880,0.0000,0.0000,1528.6960
3122,1,3,1,61.7730,163.7110,0.0000,968.2340,194.8730,134.6400,0.0000,0.0000,1523.2310
3123,1,3,1,62.7140,164.4800,0.0000,968.8980,195.7600,133.9870,0.0000,0.0000,1525.8390
3124,1,3,1,61.4900,164.2460,0.0000,967.6620,193.8340,132.6890,0.0000,0.0000,1519.9210
3125,1,3,1,61.0160,211.1760,0.0000,970.0000,200.2160,138.0740,0.0000,0.0000,1580.4820
3126,1,3,1,63.4890,166.4430,0.0000,969.1820,195.2120,134.4860,0.0000,0.0000,1528.8120
3127,1,3,1,62.1470,165.7970,0.0000,967.9570,193.4900,134.2280,0.0000,0.0000,1523.6190
3128,1,3,1,63.3410,163.9140,0.0000,967.4520,193.0150,133.4640,0.0000,0.0000,1521.1860
3129,1,3,1,61.0400,164.3820,0.0000,964.8370,192.9230,132.7080,0.0000,0.0000,1515.8900
3130,1,3,1,62.6030,164.2280,0.0000,966.7440,194.8800,133.2870,0.0000,0.0000,1521.7420
3131,1,3,1,62.3570,163.3420,0.0000,958.6460,199.6920,134.4180,0.0000,0.0000,1518.4550
3132,1,3,1,62.4560,168.8930,0.0000,968.7140,197.2500,134.9910,0.0000,0.0000,1532.3040
3133,1,3,1,63.0460,166.1360,0.0000,969.3970,196.6280,134.4120,0.0000,0.0000,1529.6190
3134,1,3,1,61.0280,165.4100,0.0000,970.3200,193.1750,133.7350,0.0000,0.0000,1523.6680
3135,1,3,1,61.8460,164.0800,0.0000,966.4980,195.2120,134.2520,0.0000,0.0000,1521.8880
3136,1,3,1,61.0520,164.4670,0.0000,967.6610,191.5010,135.3050,0.0000,0.0000,1519.9860
3137,1,3,1,62.9410,166.1290,0.0000,970.4240,199.8520,135.2680,0.0000,0.0000,1534.6140
3138,1,3,1,63.2620,165.3110,0.0000,967.7850,194.2340,135.3660,0.0000,0.0000,1525.9580
3139,1,3,1,60.0800,166.3020,0.0000,968.6640,196.6590,135.1140,0.0000,0.0000,1526.8190
3140,0,3,1,61.4890,164.4000,0.0000,967.5570,193.5880,135.1020,0.0000,0.0000,1522.1360
3141,1,3,1,61.8400,166.6160,0.0000,969.1940,193.5940,132.9720,0.0000,0.0000,1524.2160
3142,0,3,0,62.7330,166.0740,0.0000,970.1540,195.1330,135.7720,0.0000,0.0000,1529.8660
3143,1,3,1,60.3140,164.4730,0.0000,969.8590,202.1300,136.6400,0.0000,0.0000,1533.4160
3144,1,3,1,61.8030,165.9260,0.0000,970.3260,195.5630,133.5630,0.0000,0.0000,1527.1810
3145,1,3,1,61.5320,166.5110,0.0000,968.5350,195.5080,135.7110,0.0000,0.0000,1527.7970
3146,1,3,1,61.5380,165.9690,0.0000,969.6740,193.0770,135.1140,0.0000,0.0000,1525.3720
3147,1,3,0,61.4090,165.4640,0.0000,968.3750,194.0740,132.4300,0.0000,0.0000,1521.7520
3148,1,3,1,63.1130,163.7350,0.0000,964.2030,193.4470,133.3660,0.0000,0.0000,1517.8640
3149,1,3,1,62.6340,165.2680,0.0000,965.2250,207.1510,137.5690,0.0000,0.0000,1537.8470
3150,1,3,1,64.0670,169.5010,0.0000,970.3270,197.0030,132.2340,0.0000,0.0000,1533.1320
3151,1,3,1,61.6740,166.7880,0.0000,968.7570,197.4580,133.9940,0.0000,0.0000,1528.6710
3152,1,3,1,62.4930,167.2550,0.0000,969.4770,194.0250,134.7140,0.0000,0.0000,1527.9640
3153,1,3,1,60.7750,165.0340,0.0000,967.5200,194.1290,134.9780,0.0000,0.0000,1522.4360
3154,1,3,1,61.6990,167.4150,0.0000,967.2550,192.9970,133.6860,0.0000,0.0000,1523.0520
3155,1,3,1,61.0960,166.6220,0.0000,966.4060,239.6240,137.0700,0.0000,0.0000,1570.8180
3156,1,3,1,63.1690,170.0800,0.0000,971.9700,196.2590,136.6210,0.0000,0.0000,1538.0990
3157,1,3,1,62.7820,167.3660,0.0000,970.1230,195.7720,136.0000,0.0000,0.0000,1532.0430
3158,1,3,1,62.3570,166.5040,0.0000,966.8800,195.4280,134.9910,0.0000,0.0000,1526.1600
3159,1,3,1,62.8860,165.3170,0.0000,968.8310,194.0800,135.6610,0.0000,0.0000,1526.7750
3160,1,3,1,61.5820,166.5970,0.0000,966.4920,194.2030,134.2830,0.0000,0.0000,1523.1570
3161,1,3,1,61.9320,166.2520,0.0000,964.6650,194.8500,177.8830,0.0000,0.0000,1565.5820
3162,1,3,1,62.4430,169.2670,0.0000,968.9230,197.7410,135.3780,0.0000,0.0000,1533.7520
3163,1,3,1,61.1750,168.8740,0.0000,967.8960,197.0950,133.9760,0.0000,0.0000,1529.0160
3164,0,3,0,62.2030,165.7660,0.0000,967.5940,193.0270,132.5720,0.0000,0.0000,1521.1620
3165,0,3,0,60.6650,165.8640,0.0000,972.1910,194.7940,132.9840,0.0000,0.0000,1526.4980
3166,0,3,0,61.4700,165.9080,0.0000,967.9260,194.1910,133.6430,0.0000,0.0000,1523.1380
3167,0,3,0,61.3780,164.7870,0.0000,965.3350,194.2710,133.8210,0.0000,0.0000,1519.5920
3168,1,3,1,101.7410,169.5820,0.0000,968.6590,198.1420,135.5940,0.0000,0.0000,1573.7180
3169,1,3,1,62.7450,165.7600,0.0000,968.1470,193.6310,133.3230,0.0000,0.0000,1523.6060
3170,0,3,0,62.5780,163.1700,0.0000,970.2770,194.8620,133.6250,0.0000,0.0000,1524.5120
3171,1,3,1,61.7050,165.6430,0.0000,965.9260,191.8960,134.5480,0.0000,0.0000,1519.7180
3172,1,3,1,62.3750,165.4830,0.0000,969.5020,191.5380,132.8550,0.0000,0.0000,1521.7530
3173,1,3,1,61.6300,165.3850,0.0000,967.9140,194.0370,132.7820,0.0000,0.0000,1521.7480
3174,1,3,1,62.3140,209.2680,0.0000,970.2530,202.6030,137.5560,0.0000,0.0000,1581.9940
3175,0,3,0,65.2990,168.1660,0.0000,966.7570,196.7570,133.5690,0.0000,0.0000,1530.5480
3176,1,3,1,61.2740,166.5230,0.0000,966.7870,196.0550,135.0220,0.0000,0.0000,1525.6610
3177,1,3,1,62.3880,164.7440,0.0000,966.6460,193.6130,134.3080,0.0000,0.0000,1521.6990
3178,1,3,1,61.3480,165.1020,0.0000,966.8920,193.9630,135.3790,0.0000,0.0000,1522.6840
3179,0,3,0,63.0520,165.5320,0.0000,968.5600,194.7880,133.9630,0.0000,0.0000,1525.8950
3180,1,3,1,61.9320,165.5260,0.0000,971.4210,206.2580,137.3480,0.0000,0.0000,1542.4850
3181,1,3,1,62.6400,169.7100,0.0000,973.3780,196.5170,134.5480,0.0000,0.0000,1536.7930
3182,1,3,1,61.9560,166.7200,0.0000,968.8240,193.6670,134.9170,0.0000,0.0000,1526.0840
3183,1,3,1,62.3450,166.9540,0.0000,966.9480,193.1940,135.0890,0.0000,0.0000,1524.5300
3184,1,3,1,62.1290,167.1880,0.0000,966.7200,194.7630,132.0930,0.0000,0.0000,1522.8930
3185,1,3,1,61.1070,164.5360,0.0000,967.1330,193.9870,134.6030,0.0000,0.0000,1521.3660
3186,1,3,1,62.1290,164.5670,0.0000,962.2150,206.7690,137.3970,0.0000,0.0000,1533.0770
3187,0,3,0,63.7300,167.6550,0.0000,972.0250,197.6370,136.3820,0.0000,0.0000,1537.4290
3188,1,3,1,63.3110,166.0800,0.0000,969.5390,194.3570,134.7760,0.0000,0.0000,1528.0630
3189,0,3,0,63.1820,166.8370,0.0000,967.5080,193.7230,133.2060,0.0000,0.0000,1524.4560
3190,1,3,1,63.0090,164.5480,0.0000,967.8220,193.4530,132.8740,0.0000,0.0000,1521.7060
3191,1,3,1,61.1940,163.6980,0.0000,966.4240,195.1570,134.1470,0.0000,0.0000,1520.6200
3192,0,3,0,61.8770,164.6710,0.0000,972.9910,201.3970,137.0710,0.0000,0.0000,1538.0070
3193,0,3,0,61.5070,168.5110,0.0000,972.4120,193.2180,133.6190,0.0000,0.0000,1529.2670
3194,1,3,1,62.5790,164.4550,0.0000,968.2210,194.6830,134.8370,0.0000,0.0000,1524.7750
3195,0,3,0,61.1570,164.4860,0.0000,969.0890,195.5880,133.8900,0.0000,0.0000,1524.2100
3196,1,3,1,62.9790,164.4430,0.0000,965.6980,194.4680,133.0580,0.0000,0.0000,1520.6460
3197,1,3,1,62.1050,163.8830,0.0000,971.7110,195.7850,134.8680,0.0000,0.0000,1528.3520
3198,1,3,1,61.7730,165.4530,0.0000,971.3410,202.0860,136.9300,0.0000,0.0000,1537.5830
3199,1,3,1,64.1970,166.4060,0.0000,968.2040,196.5420,135.5880,0.0000,0.0000,1530.9370
3200,1,3,1,65.1810,165.9070,0.0000,972.0120,193.9570,135.4950,0.0000,0.0000,1532.5520
3201,0,3,0,61.2370,166.5970,0.0000,968.4990,195.2000,135.2800,0.0000,0.0000,1526.8130
3202,1,3,1,61.0830,165.3720,0.0000,967.9380,194.0370,133.8840,0.0000,0.0000,1522.3140
3203,1,3,1,62.8800,165.0520,0.0000,967.2120,193.3170,134.8990,0.0000,0.0000,1523.3600
3204,1,3,1,61.1500,164.7690,0.0000,969.3230,239.5450,137.5450,0.0000,0.0000,1572.3320
3205,1,3,1,61.9810,167.6250,0.0000,969.5810,197.3600,132.9910,0.0000,0.0000,1529.5380
3206,0,3,0,61.5630,165.5260,0.0000,967.5320,196.7080,134.2090,0.0000,0.0000,1525.5380
3207,1,3,1,64.4310,164.5170,0.0000,968.9100,195.3480,136.6270,0.0000,0.0000,1529.8330
3208,1,3,1,62.1720,166.3500,0.0000,972.3260,193.8710,132.4000,0.0000,0.0000,1527.1190
3209,1,3,1,61.9570,163.7420,0.0000,968.6830,194.5850,133.6310,0.0000,0.0000,1522.5980
3210,1,3,1,62.2770,165.1630,0.0000,970.7500,236.5110,141.7230,0.0000,0.0000,1576.4240
3211,1,3,1,61.9630,173.0710,0.0000,967.6430,195.3600,134.6150,0.0000,0.0000,1532.6520
3212,1,3,0,61.7230,167.7420,0.0000,974.2330,193.8030,134.4860,0.0000,0.0000,1531.9870
3213,1,3,1,61.3350,164.4430,0.0000,965.8770,193.1510,132.8980,0.0000,0.0000,1517.7040
3214,1,3,1,61.7600,165.0470,0.0000,973.3360,193.7600,133.3530,0.0000,0.0000,1527.2560
3215,1,3,1,63.2430,162.7390,0.0000,965.5390,192.6520,134.0490,0.0000,0.0000,1518.2220
3216,1,3,1,62.8680,163.9020,0.0000,963.5270,193.1690,135.5570,0.0000,0.0000,1519.0230
3217,1,3,0,67.9940,173.0270,0.0000,967.9390,198.0860,137.9260,0.0000,0.0000,1544.9720
3218,1,3,1,63.2300,167.7730,0.0000,972.1480,195.7850,135.7170,0.0000,0.0000,1534.6530
3219,1,3,1,61.3540,165.8770,0.0000,969.4770,193.4710,134.6280,0.0000,0.0000,1524.8070
3220,1,3,1,60.3260,164.9540,0.0000,970.1850,194.1420,133.4710,0.0000,0.0000,1523.0780
3221,1,3,1,62.0370,166.2030,0.0000,965.9880,194.3630,133.6060,0.0000,0.0000,1522.1970
3222,0,3,0,60.4180,164.9600,0.0000,969.0210,193.5140,134.1050,0.0000,0.0000,1522.0180
3223,1,3,1,62.8860,226.3630,0.0000,973.6490,200.4310,138.2890,0.0000,0.0000,1601.6180
3224,1,3,0,64.4060,167.4770,0.0000,967.9320,192.7320,134.0000,0.0000,0.0000,1526.5470
3225,1,3,1,62.3630,166.0370,0.0000,968.9720,195.3910,132.9480,0.0000,0.0000,1525.7110
3226,1,3,0,60.6220,162.7760,0.0000,969.1750,194.8190,133.6180,0.0000,0.0000,1521.0100
3227,1,3,1,61.6670,164.5160,0.0000,967.0030,193.2800,131.4710,0.0000,0.0000,1517.9370
3228,1,3,1,61.2190,164.8250,0.0000,967.4640,194.2650,134.0310,0.0000,0.0000,1521.8040
3229,0,3,0,61.6870,163.7420,0.0000,963.1690,203.0650,135.1200,0.0000,0.0000,1526.7830
3230,1,3,1,63.2620,167.6060,0.0000,971.5320,194.2950,135.4710,0.0000,0.0000,1532.1660
3231,1,3,1,62.7630,165.8270,0.0000,966.4620,193.6130,135.6930,0.0000,0.0000,1524.3580
3232,1,3,1,62.6220,164.0800,0.0000,962.5350,194.9470,134.7570,0.0000,0.0000,1518.9410
3233,1,3,1,61.4890,166.2280,0.0000,967.0710,193.2000,132.4060,0.0000,0.0000,1520.3940
3234,1,3,0,62.1540,163.7040,0.0000,969.5380,194.6280,133.3480,0.0000,0.0000,1523.3720
3235,1,3,1,61.1450,164.7570,0.0000,970.4070,203.2370,136.9110,0.0000,0.0000,1536.4570
3236,0,3,0,63.3230,168.4120,0.0000,967.9630,194.4920,134.5300,0.0000,0.0000,1528.7200
3237,1,3,1,62.5040,167.6000,0.0000,964.5230,193.7350,132.2160,0.0000,0.0000,1520.5780
3238,1,3,1,61.4530,164.2700,0.0000,970.1170,193.8400,134.6760,0.0000,0.0000,1524.3560
3239,1,3,1,61.2980,164.4240,0.0000,970.4740,192.4800,136.7330,0.0000,0.0000,1525.4090
3240,1,3,1,62.0310,164.1230,0.0000,966.0060,193.7600,134.1720,0.0000,0.0000,1520.0920
3241,0,3,0,61.0950,165.7720,0.0000,963.7780,203.1690,137.5320,0.0000,0.0000,1531.3460
3242,1,3,1,62.0680,168.1600,0.0000,965.9020,194.7390,137.3540,0.0000,0.0000,1528.2230
3243,1,3,1,63.2490,165.3050,0.0000,969.7970,194.3390,136.5170,0.0000,0.0000,1529.2070
3244,0,3,1,61.7600,165.8030,0.0000,971.6610,192.2460,135.5380,0.0000,0.0000,1527.0080
3245,1,3,1,61.3040,164.9040,0.0000,967.2190,193.1760,134.6770,0.0000,0.0000,1521.2800
3246,1,3,1,61.3230,163.5070,0.0000,967.1870,194.0550,133.9750,0.0000,0.0000,1520.0470
3247,1,3,1,61.9820,165.7660,0.0000,967.1700,203.2000,138.9110,0.0000,0.0000,1537.0290
3248,1,3,1,64.8310,167.1630,0.0000,971.3480,196.5050,134.1790,0.0000,0.0000,1534.0260
3249,0,3,0,62.4440,169.5380,0.0000,967.1940,194.3380,133.8580,0.0000,0.0000,1527.3720
3250,1,3,1,63.4530,167.6430,0.0000,968.8440,194.9170,135.9440,0.0000,0.0000,1530.8010
3251,1,3,1,61.6550,162.9350,0.0000,968.5230,194.8000,134.5290,0.0000,0.0000,1522.4420
3252,1,3,1,60.0670,165.3410,0.0000,966.3880,192.8430,133.1140,0.0000,0.0000,1517.7530
3253,1,3,1,61.5820,166.1480,0.0000,1008.6650,202.0180,135.3600,0.0000,0.0000,1573.7730
3254,1,3,1,63.8710,167.6560,0.0000,966.8670,195.8220,134.7510,0.0000,0.0000,1528.9670
3255,1,3,1,64.1790,166.3020,0.0000,967.8280,194.3940,136.2210,0.0000,0.0000,1528.9240
3256,1,3,1,62.3500,166.2090,0.0000,968.2340,193.4400,134.4430,0.0000,0.0000,1524.6760
3257,1,3,1,61.5870,164.9790,0.0000,970.3380,192.4310,132.7750,0.0000,0.0000,1522.1100
3258,1,3,1,62.1290,163.8220,0.0000,965.1080,194.8190,134.8560,0.0000,0.0000,1520.7340
3259,0,3,0,61.5010,163.7420,0.0000,966.9470,328.5350,145.9820,0.0000,0.0000,1666.7070
3260,1,3,1,65.2560,182.7200,0.0000,968.7690,200.8560,136.1230,0.0000,0.0000,1553.7240
3261,1,3,0,64.5170,167.5820,0.0000,968.1360,197.0650,135.5020,0.0000,0.0000,1532.8020
3262,1,3,1,61.6990,166.1960,0.0000,964.7330,195.3910,137.7910,0.0000,0.0000,1525.8100
3263,1,3,1,63.0830,164.2830,0.0000,966.8800,194.4370,134.7500,0.0000,0.0000,1523.4330
3264,1,3,1,63.1510,165.4530,0.0000,969.2800,195.6490,133.9140,0.0000,0.0000,1527.4470
3265,1,3,1,63.0890,166.5350,0.0000,970.2150,195.2680,143.2000,0.0000,0.0000,1538.3070
3266,0,3,0,62.2400,170.3380,0.0000,973.4640,198.5780,136.8990,0.0000,0.0000,1541.5190
3267,1,3,1,60.8870,167.1450,0.0000,965.7470,194.6770,134.9420,0.0000,0.0000,1523.3980
3268,1,3,1,62.0180,166.6280,0.0000,965.7910,193.8650,132.4860,0.0000,0.0000,1520.7880
3269,1,3,1,62.0620,164.9470,0.0000,965.3780,195.6730,135.8090,0.0000,0.0000,1523.8690
3270,1,3,1,61.4830,165.7970,0.0000,964.6520,194.5720,134.3690,0.0000,0.0000,1520.8730
3271,1,3,1,60.3810,165.5570,0.0000,966.6770,192.8120,133.8710,0.0000,0.0000,1519.2980
3272,1,3,1,105.1570,170.2770,0.0000,970.5350,197.2120,135.6990,0.0000,0.0000,1578.8800
3273,1,3,0,60.8670,165.6060,0.0000,969.3660,192.8800,134.1780,0.0000,0.0000,1522.8970
3274,1,3,1,62.8300,165.5500,0.0000,968.6160,193.2370,134.9480,0.0000,0.0000,1525.1810
3275,1,3,1,60.6030,167.5140,0.0000,967.2800,194.9970,134.0860,0.0000,0.0000,1524.4800
3276,1,3,1,61.1690,165.2990,0.0000,965.4270,192.7200,134.3140,0.0000,0.0000,1518.9290
3277,1,3,1,61.2800,165.6740,0.0000,969.4960,195.7660,134.3070,0.0000,0.0000,1526.5230
3278,0,3,0,60.6030,205.1450,0.0000,967.4710,199.4160,136.2340,0.0000,0.0000,1568.8690
3279,1,3,1,62.6890,167.5070,0.0000,967.4100,193.2370,133.9510,0.0000,0.0000,1524.7940
3280,1,3,1,61.5450,164.6710,0.0000,968.1110,193.6310,135.1940,0.0000,0.0000,1523.1520
3281,0,3,1,60.8240,162.6770,0.0000,966.5290,194.4730,133.8580,0.0000,0.0000,1518.3610
3282,1,3,1,62.8860,165.3790,0.0000,965.8950,194.8130,134.7690,0.0000,0.0000,1523.7420
3283,1,3,1,61.7350,166.1480,0.0000,964.1290,192.5850,133.1690,0.0000,0.0000,1517.7660
3284,1,3,0,60.9540,166.8000,0.0000,966.1100,200.4920,137.9750,0.0000,0.0000,1532.3310
3285,0,3,0,64.0800,165.9270,0.0000,968.8800,195.3050,134.8860,0.0000,0.0000,1529.0780
3286,1,3,1,63.0770,163.9700,0.0000,969.7170,194.6590,134.8620,0.0000,0.0000,1526.2850
3287,1,3,1,61.5450,163.3110,0.0000,969.5690,195.1820,132.9910,0.0000,0.0000,1522.5980
3288,1,3,1,63.1380,163.9200,0.0000,968.0860,194.3200,133.7600,0.0000,0.0000,1523.2240
3289,1,3,1,62.8620,165.1390,0.0000,968.8980,193.8340,131.9630,0.0000,0.0000,1522.6960
3290,0,3,0,63.6180,165.0280,0.0000,968.6890,201.6550,136.2150,0.0000,0.0000,1535.2050
3291,1,3,1,62.3690,168.0190,0.0000,971.4160,196.9540,134.4610,0.0000,0.0000,1533.2190
3292,1,3,0,61.1820,165.8710,0.0000,969.1320,194.4920,133.8650,0.0000,0.0000,1524.5420
3293,1,3,1,62.4920,167.5260,0.0000,970.5970,194.5480,131.7290,0.0000,0.0000,1526.8920
3294,1,3,0,60.7440,165.1260,0.0000,965.8960,191.5020,134.7080,0.0000,0.0000,1517.9760
3295,1,3,1,61.1690,163.7040,0.0000,968.4500,194.0000,132.9110,0.0000,0.0000,1520.2340
3296,1,3,1,61.1450,165.7160,0.0000,969.1380,207.1750,137.9560,0.0000,0.0000,1541.1300
3297,1,3,1,62.5360,170.3140,0.0000,970.9410,195.4950,135.7900,0.0000,0.0000,1535.0760
3298,1,3,0,61.8270,166.6830,0.0000,965.6680,195.4150,134.8300,0.0000,0.0000,1524.4230
3299,1,3,1,61.6430,166.8250,0.0000,973.3910,193.2180,134.3750,0.0000,0.0000,1529.4520
3300,1,3,1,63.1020,166.3200,0.0000,965.8090,192.7750,131.8280,0.0000,0.0000,1519.8340
3301,1,3,1,61.4160,163.8280,0.0000,966.4860,193.0770,135.2070,0.0000,0.0000,1520.0140
3302,1,3,1,61.2490,167.0530,0.0000,974.1850,204.3200,137.4830,0.0000,0.0000,1544.2900
3303,1,3,1,62.7440,169.7350,0.0000,973.4340,195.8650,136.3140,0.0000,0.0000,1538.0920
3304,1,3,1,61.7840,162.0490,0.0000,970.1660,195.8770,135.5630,0.0000,0.0000,1525.4390
3305,1,3,1,62.1600,164.9230,0.0000,969.8210,193.6860,132.3940,0.0000,0.0000,1522.9840
3306,1,3,1,62.3750,165.4890,0.0000,966.4000,193.1200,133.6740,0.0000,0.0000,1521.0580
3307,1,3,1,61.9880,164.3810,0.0000,968.4300,194.5540,134.2590,0.0000,0.0000,1523.6120
3308,1,3,1,61.9690,164.7630,0.0000,967.0340,256.5840,146.9290,0.0000,0.0000,1597.2790
3309,0,3,0,65.2560,177.0890,0.0000,974.0310,200.7080,136.9660,0.0000,0.0000,1554.0500
3310,1,3,1,64.0560,170.2090,0.0000,968.8680,195.5380,137.3420,0.0000,0.0000,1536.0130
3311,1,3,1,62.1600,166.3940,0.0000,968.3260,195.8030,133.2620,0.0000,0.0000,1525.9450
3312,1,3,1,59.8830,165.7790,0.0000,968.1350,194.4250,134.2030,0.0000,0.0000,1522.4250
3313,1,3,0,61.3840,165.2680,0.0000,966.7140,193.9320,133.4400,0.0000,0.0000,1520.7380
3314,1,3,1,61.5690,166.4680,0.0000,967.5810,249.8590,138.9660,0.0000,0.0000,1584.4430
3315,1,3,1,61.4700,175.1390,0.0000,972.0920,199.5810,135.6800,0.0000,0.0000,1543.9620
3316,0,3,0,64.1290,166.7820,0.0000,965.3290,197.3780,135.4210,0.0000,0.0000,1529.0390
3317,1,3,1,60.8680,165.9570,0.0000,967.6860,194.5970,136.0730,0.0000,0.0000,1525.1810
3318,0,3,0,61.0270,165.7290,0.0000,967.6190,196.0310,133.6310,0.0000,0.0000,1524.0370
3319,1,3,1,62.0060,164.1350,0.0000,966.5720,193.1570,133.0580,0.0000,0.0000,1518.9280
3320,1,3,1,60.9910,166.7810,0.0000,967.2800,194.2580,175.7350,0.0000,0.0000,1565.0450
3321,1,3,1,64.5840,171.7730,0.0000,966.5170,196.1290,132.9050,0.0000,0.0000,1531.9080
3322,0,3,0,62.6710,166.4920,0.0000,968.1730,194.2210,134.7080,0.0000,0.0000,1526.2650
3323,1,3,1,63.3290,167.0090,0.0000,968.9360,193.7600,133.0400,0.0000,0.0000,1526.0740
3324,1,3,0,62.8920,164.3380,0.0000,967.8150,192.6590,132.5850,0.0000,0.0000,1520.2890
3325,1,3,1,62.4740,167.7670,0.0000,967.2490,191.9070,133.8040,0.0000,0.0000,1523.2010
3326,1,3,1,61.8460,164.6950,0.0000,970.1040,194.0310,134.0930,0.0000,0.0000,1524.7690
3327,1,3,0,62.3690,207.3360,0.0000,967.6370,197.2800,136.8920,0.0000,0.0000,1571.5140
3328,1,3,1,61.4400,166.8560,0.0000,962.7260,194.7080,133.7360,0.0000,0.0000,1519.4660
3329,1,3,1,61.7840,166.9540,0.0000,969.2000,194.0000,134.1170,0.0000,0.0000,1526.0550
3330,1,3,1,61.8340,164.2770,0.0000,967.9260,192.5970,131.7720,0.0000,0.0000,1518.4060
3331,1,3,1,60.1110,164.1350,0.0000,965.2370,195.5690,134.1850,0.0000,0.0000,1519.2370
3332,0,3,0,64.1360,166.2090,0.0000,966.7260,193.0270,135.0640,0.0000,0.0000,1525.1620
3333,1,3,1,62.6460,165.6620,0.0000,968.3630,206.1600,136.0860,0.0000,0.0000,1538.9170
3334,0,3,0,62.9780,167.7780,0.0000,968.7270,197.6920,134.8130,0.0000,0.0000,1531.9880
3335,0,3,0,62.9170,165.7470,0.0000,969.4580,193.2430,134.5350,0.0000,0.0000,1525.9000
3336,1,3,1,60.9660,165.3790,0.0000,965.2190,193.6130,134.2100,0.0000,0.0000,1519.3870
3337,1,3,1,61.3660,165.8030,0.0000,970.2460,193.0830,133.0270,0.0000,0.0000,1523.5250
3338,0,3,0,62.7390,162.8430,0.0000,971.0700,191.8770,134.0740,0.0000,0.0000,1522.6030
3339,1,3,1,61.6490,163.7410,0.0000,974.4310,203.2060,136.9420,0.0000,0.0000,1539.9690
3340,1,3,1,63.9320,165.8520,0.0000,967.7970,197.7910,134.0740,0.0000,0.0000,1529.4460
3341,1,3,1,63.1510,165.9820,0.0000,973.0400,193.0160,134.6090,0.0000,0.0000,1529.7980
3342,1,3,1,60.9840,163.7410,0.0000,968.2830,192.6400,132.7330,0.0000,0.0000,1518.3810
3343,1,3,1,63.1080,165.2490,0.0000,969.5320,194.0860,133.5020,0.0000,0.0000,1525.4770
3344,1,3,1,61.4090,165.6180,0.0000,975.3790,194.1170,135.1260,0.0000,0.0000,1531.6490
3345,1,3,1,60.7020,164.8930,0.0000,961.1940,203.1330,137.8090,0.0000,0.0000,1527.7310
3346,1,3,1,61.4770,168.8190,0.0000,969.9690,194.4800,136.9050,0.0000,0.0000,1531.6500
3347,1,3,1,62.1170,166.5840,0.0000,964.6030,194.9670,133.6430,0.0000,0.0000,1521.9140
3348,0,3,0,63.3470,164.7260,0.0000,966.8490,193.6120,135.9940,0.0000,0.0000,1524.5280
3349,1,3,1,62.0670,164.1230,0.0000,966.8920,193.9140,134.1730,0.0000,0.0000,1521.1690
3350,1,3,1,62.1720,165.4210,0.0000,968.5540,194.2030,133.9010,0.0000,0.0000,1524.2510
3351,1,3,1,64.0490,162.7020,0.0000,960.1290,200.0730,137.3850,0.0000,0.0000,1524.3380
3352,1,3,1,62.5600,167.4520,0.0000,971.4700,197.3970,136.1730,0.0000,0.0000,1535.0520
3353,0,3,0,61.8520,167.1080,0.0000,967.7160,196.0370,134.3510,0.0000,0.0000,1527.0640
3354,0,3,0,63.2920,164.6270,0.0000,971.9690,194.5360,133.0400,0.0000,0.0000,1527.4640
3355,1,3,1,62.2580,167.0580,0.0000,970.6840,193.3300,134.6770,0.0000,0.0000,1528.0070
3356,1,3,1,63.8210,164.1600,0.0000,968.5720,193.5080,134.7320,0.0000,0.0000,1524.7930
3357,0,3,0,62.3930,166.0120,0.0000,1034.8800,206.2220,138.4680,0.0000,0.0000,1607.9750
3358,1,3,1,61.8710,170.2030,0.0000,970.9540,196.5480,133.2430,0.0000,0.0000,1532.8190
3359,1,3,1,62.2770,167.2240,0.0000,973.1320,193.0640,135.4340,0.0000,0.0000,1531.1310
3360,1,3,1,63.0150,165.4520,0.0000,967.0090,194.5100,135.9570,0.0000,0.0000,1525.9430
3361,0,3,0,61.8400,165.6250,0.0000,965.1570,191.7910,134.7870,0.0000,0.0000,1519.2000
3362,1,3,1,61.3410,165.4150,0.0000,965.2180,194.2030,133.8030,0.0000,0.0000,1519.9800
3363,1,3,1,62.3940,164.9410,0.0000,969.5200,237.5930,139.3540,0.0000,0.0000,1573.8020
3364,1,3,1,61.8340,169.6060,0.0000,966.9790,193.9690,135.7970,0.0000,0.0000,1528.1850
3365,0,3,0,61.3420,166.2650,0.0000,965.8270,193.2060,133.4100,0.0000,0.0000,1520.0500
3366,1,3,1,60.4560,164.7200,0.0000,964.4490,196.0000,134.4190,0.0000,0.0000,1520.0440
3367,1,3,0,62.2210,166.7570,0.0000,966.0930,194.2640,134.9420,0.0000,0.0000,1524.2770
3368,1,3,1,63.3540,164.2030,0.0000,965.5260,194.0370,132.6520,0.0000,0.0000,1519.7720
3369,1,3,1,60.8120,164.9350,0.0000,968.4370,194.8430,189.8950,0.0000,0.0000,1578.9220
3370,1,3,1,64.5230,170.8740,0.0000,971.2310,198.5600,135.6680,0.0000,0.0000,1540.8560
3371,1,3,1,64.6770,167.2120,0.0000,969.5200,195.8460,134.6340,0.0000,0.0000,1531.8890
3372,1,3,1,60.8430,165.7850,0.0000,963.8900,194.0920,135.7790,0.0000,0.0000,1520.3890
3373,1,3,1,63.2800,166.4430,0.0000,967.8400,191.7790,134.7200,0.0000,0.0000,1524.0620
3374,1,3,1,60.8250,165.2930,0.0000,974.3810,192.8370,134.1840,0.0000,0.0000,1527.5200
3375,1,3,1,62.3940,164.5900,0.0000,969.7100,191.9940,133.0890,0.0000,0.0000,1521.7770
3376,1,3,0,63.5320,206.1540,0.0000,968.0250,196.9840,135.8960,0.0000,0.0000,1570.5910
3377,1,3,1,63.2800,167.1630,0.0000,966.8620,196.3880,134.1420,0.0000,0.0000,1527.8350
3378,1,3,1,60.7940,164.2150,0.0000,966.6330,194.7630,133.5940,0.0000,0.0000,1519.9990
3379,1,3,1,62.7690,165.6430,0.0000,971.1020,193.1140,135.1140,0.0000,0.0000,1527.7420
3380,1,3,0,60.9970,165.8890,0.0000,970.7820,194.2150,134.0250,0.0000,0.0000,1525.9080
3381,1,3,1,60.9790,163.4530,0.0000,971.0400,193.3410,132.4930,0.0000,0.0000,1521.3060
3382,1,3,1,61.1140,163.5750,0.0000,1017.9570,201.7230,138.2700,0.0000,0.0000,1582.6390
3383,1,3,1,63.2060,167.3480,0.0000,965.7600,197.4460,134.4740,0.0000,0.0000,1528.2340
3384,1,3,1,62.2960,166.0930,0.0000,968.9420,195.6490,132.8190,0.0000,0.0000,1525.7990
3385,1,3,1,62.1600,164.0610,0.0000,965.9140,195.2680,132.7690,0.0000,0.0000,1520.1720
3386,1,3,1,60.8490,164.8560,0.0000,968.1360,195.5820,134.8620,0.0000,0.0000,1524.2850
3387,1,3,1,59.5380,164.0730,0.0000,969.5690,194.1300,134.7940,0.0000,0.0000,1522.1040
3388,1,3,1,61.8650,164.0240,0.0000,976.4190,201.7290,136.2280,0.0000,0.0000,1540.2650
3389,1,3,1,63.3790,166.8000,0.0000,970.5660,198.3010,133.8090,0.0000,0.0000,1532.8550
3390,1,3,1,62.5540,163.0580,0.0000,968.6160,193.7290,135.7480,0.0000,0.0000,1523.7050
3391,1,3,1,61.8710,163.2800,0.0000,966.7820,192.2650,133.7730,0.0000,0.0000,1517.9710
3392,1,3,1,61.1080,165.7350,0.0000,967.9510,193.7960,133.1320,0.0000,0.0000,1521.7220
3393,1,3,1,61.9570,165.8100,0.0000,969.5700,193.3910,132.3750,0.0000,0.0000,1523.1030
3394,1,3,1,60.5050,163.4520,0.0000,972.9170,199.8770,135.9630,0.0000,0.0000,1532.7140
3395,1,3,0,61.8960,168.4370,0.0000,968.9910,195.5140,133.7470,0.0000,0.0000,1528.5850
3396,1,3,1,62.6150,164.7200,0.0000,970.8430,194.8620,135.4590,0.0000,0.0000,1528.4990
3397,1,3,1,62.1790,164.3080,0.0000,973.6860,193.2800,135.5560,0.0000,0.0000,1529.0090
3398,1,3,1,63.1440,165.8460,0.0000,967.8270,195.3290,133.6310,0.0000,0.0000,1525.7770
3399,1,3,1,60.9900,165.7840,0.0000,968.6400,192.3500,135.2730,0.0000,0.0000,1523.0370
3400,1,3,1,62.4000,163.8470,0.0000,970.1970,199.1380,137.3360,0.0000,0.0000,1532.9180
3401,1,3,1,62.3450,168.4180,0.0000,968.3320,193.8650,135.5010,0.0000,0.0000,1528.4610
3402,0,3,0,63.5140,165.0090,0.0000,970.3330,194.1290,137.3230,0.0000,0.0000,1530.3080
3403,1,3,1,62.0610,165.6250,0.0000,971.6310,193.9750,134.8740,0.0000,0.0000,1528.1660
3404,1,3,1,61.2490,164.2090,0.0000,966.2210,194.1050,135.2310,0.0000,0.0000,1521.0150
3405,0,3,0,61.6190,165.8580,0.0000,971.9320,194.0000,134.2710,0.0000,0.0000,1527.6800
3406,1,3,1,63.7970,164.9910,0.0000,972.8620,245.9320,201.5760,0.0000,0.0000,1649.1580
3407,1,3,1,74.2710,200.5850,0.0000,979.9750,213.6930,146.2340,0.0000,0.0000,1614.7580
3408,1,3,1,66.3820,174.2280,0.0000,975.8340,199.8030,137.2370,0.0000,0.0000,1553.4840
3409,1,3,1,63.3110,166.1470,0.0000,971.7600,234.5850,174.4440,0.0000,0.0000,1610.2470
3410,0,3,0,69.6370,192.7500,0.0000,979.2860,221.8340,150.2890,0.0000,0.0000,1613.7960
3411,1,3,1,66.8740,179.0030,0.0000,976.6830,204.0870,140.4000,0.0000,0.0000,1567.0470
3412,1,3,1,62.4310,170.9600,0.0000,971.5140,214.0070,145.0090,0.0000,0.0000,1563.9210
3413,1,3,1,65.3170,174.6770,0.0000,969.0400,199.1140,139.8090,0.0000,0.0000,1547.9570
3414,0,3,0,64.5300,169.6430,0.0000,969.9450,196.0060,135.9510,0.0000,0.0000,1536.0750
3415,1,3,1,61.0030,166.8560,0.0000,968.6400,196.8240,133.4150,0.0000,0.0000,1526.7380
3416,0,3,0,64.1360,166.9540,0.0000,969.4340,192.9780,133.7910,0.0000,0.0000,1527.2930
3417,1,3,1,61.3110,166.6030,0.0000,968.6150,192.8060,135.5510,0.0000,0.0000,1524.8860
3418,1,3,1,61.6430,164.2580,0.0000,968.6580,210.5410,139.6490,0.0000,0.0000,1544.7490
3419,1,3,1,64.2770,171.8710,0.0000,974.3510,195.4710,135.9930,0.0000,0.0000,1541.9630
3420,1,3,1,62.8250,167.8460,0.0000,968.6770,195.3470,134.8670,0.0000,0.0000,1529.5620
3421,1,3,1,60.8370,165.1510,0.0000,967.6430,196.0000,134.6150,0.0000,0.0000,1524.2460
3422,1,3,1,62.2830,165.7910,0.0000,968.8740,195.2620,135.7720,0.0000,0.0000,1527.9820
3423,0,3,1,63.5940,165.5260,0.0000,963.1820,194.4430,133.3410,0.0000,0.0000,1520.0860
3424,1,3,1,62.5780,165.2610,0.0000,983.8520,202.9240,135.5880,0.0000,0.0000,1550.2030
3425,1,3,1,61.7050,170.5910,0.0000,966.1910,197.7780,134.5970,0.0000,0.0000,1530.8620
3426,1,3,1,61.8340,165.2120,0.0000,968.2710,192.2960,133.4220,0.0000,0.0000,1521.0350
3427,0,3,0,62.1720,166.3510,0.0000,969.9930,194.9540,133.9700,0.0000,0.0000,1527.4400
3428,1,3,1,63.0040,165.5500,0.0000,969.8340,193.0890,135.0160,0.0000,0.0000,1526.4930
3429,1,3,1,62.6090,164.7510,0.0000,966.8120,194.5540,134.4980,0.0000,0.0000,1523.2240
3430,1,3,1,62.6650,165.9880,0.0000,967.1750,234.5100,137.8090,0.0000,0.0000,1568.1470
3431,0,3,0,62.1970,169.4270,0.0000,969.1140,197.7910,133.9320,0.0000,0.0000,1532.4610
3432,1,3,1,62.7440,169.4400,0.0000,969.5760,193.1390,133.6490,0.0000,0.0000,1528.5480
3433,1,3,1,62.5970,167.1390,0.0000,970.6090,196.4500,134.3810,0.0000,0.0000,1531.1760
3434,1,3,1,61.6240,164.6400,0.0000,970.2090,194.7140,135.8340,0.0000,0.0000,1527.0210
3435,1,3,1,63.0700,163.8330,0.0000,967.6860,192.5540,133.5880,0.0000,0.0000,1520.7310
3436,1,3,1,63.7230,164.0500,0.0000,962.4310,192.5290,175.6430,0.0000,0.0000,1558.3760
3437,1,3,1,63.7780,168.5910,0.0000,969.6240,198.9290,135.9940,0.0000,0.0000,1536.9160
3438,1,3,1,61.9020,164.7630,0.0000,970.1300,193.9760,136.3140,0.0000,0.0000,1527.0850
3439,1,3,1,62.1170,164.2890,0.0000,968.1600,195.7290,133.4520,0.0000,0.0000,1523.7470
3440,0,3,0,61.6490,165.8160,0.0000,970.3570,194.5480,135.5380,0.0000,0.0000,1527.9080
3441,1,3,1,63.4710,165.5750,0.0000,968.8490,192.1170,134.8920,0.0000,0.0000,1524.9040
3442,1,3,1,62.6890,166.1720,0.0000,965.3100,195.7970,135.1320,0.0000,0.0000,1525.1000
3443,1,3,1,62.9600,225.3970,0.0000,970.6470,199.5940,137.0960,0.0000,0.0000,1595.6940
