

================================================================
== Vitis HLS Report for 'layer_norm_1d_ap_fixed_ap_fixed_ap_fixed_ap_fixed_16_6_0_0_0_Pipeline_VITIS_LO'
================================================================
* Date:           Mon Jun 29 22:28:39 2026

* Version:        2022.2 (Build 3670227 on Oct 13 2022)
* Project:        unsw_linear_transformer_fixed16_v3b_hotspot_ii1_prj
* Solution:       solution1 (Vivado IP Flow Target)
* Product family: zynq
* Target device:  xc7z020-clg400-1


================================================================
== Performance Estimates
================================================================
+ Timing: 
    * Summary: 
    +--------+----------+----------+------------+
    |  Clock |  Target  | Estimated| Uncertainty|
    +--------+----------+----------+------------+
    |ap_clk  |  10.00 ns|  7.222 ns|     2.70 ns|
    +--------+----------+----------+------------+

+ Latency: 
    * Summary: 
    +---------+---------+----------+----------+-----+-----+---------+
    |  Latency (cycles) |  Latency (absolute) |  Interval | Pipeline|
    |   min   |   max   |    min   |    max   | min | max |   Type  |
    +---------+---------+----------+----------+-----+-----+---------+
    |       45|       45|  0.450 us|  0.450 us|   45|   45|       no|
    +---------+---------+----------+----------+-----+-----+---------+

    + Detail: 
        * Instance: 
        N/A

        * Loop: 
        +-------------------+---------+---------+----------+-----------+-----------+------+----------+
        |                   |  Latency (cycles) | Iteration|  Initiation Interval  | Trip |          |
        |     Loop Name     |   min   |   max   |  Latency |  achieved |   target  | Count| Pipelined|
        +-------------------+---------+---------+----------+-----------+-----------+------+----------+
        |- VITIS_LOOP_75_3  |       43|       43|        14|          2|          2|    16|       yes|
        +-------------------+---------+---------+----------+-----------+-----------+------+----------+

============================================================
+ Verbose Summary: Synthesis Manager
============================================================
InlineROM: 1
ExposeGlobal: 0
============================================================
+ Verbose Summary: CDFG Model
============================================================
IsTopModel: 0
ResetActiveHigh: 1
IsCombinational: 0
IsDatapathOnly: 0
HasWiredReturn: 1
HasMFsm: 2
HasVarLatency: 1
IsPipeline: 0
IsRtlPipelined: 0
IsInstanceOverlapped: 0
IsDontTouch: 0
HasImplIP: 0
IsGatedGlobalClock: 0

+ Individual pipeline summary: 
  * Pipeline-0: initiation interval (II) = 2, depth = 14


============================================================
+ Verbose Summary: Schedule
============================================================
* Number of FSM states : 14
* Pipeline : 1
  Pipeline-0 : II = 2, D = 14, States = { 1 2 3 4 5 6 7 8 9 10 11 12 13 14 }
* Dataflow Pipeline: 0

* FSM state transitions: 
1 --> 2 
2 --> 3 
3 --> 4 
4 --> 5 
5 --> 6 
6 --> 7 
7 --> 8 
8 --> 9 
9 --> 10 
10 --> 11 
11 --> 12 
12 --> 13 
13 --> 14 
14 --> 

* FSM state operations: 

State 1 <SV = 0> <Delay = 3.36>
ST_1 : Operation 17 [1/1] (0.00ns)   --->   "%feature = alloca i32 1"   --->   Operation 17 'alloca' 'feature' <Predicate = true> <Delay = 0.00>
ST_1 : Operation 18 [1/1] (0.00ns)   --->   "%conv7_i340_read = read i16 @_ssdm_op_Read.ap_auto.i16, i16 %conv7_i340"   --->   Operation 18 'read' 'conv7_i340_read' <Predicate = true> <Delay = 0.00>
ST_1 : Operation 19 [1/1] (0.00ns)   --->   "%sext_ln1348_read = read i16 @_ssdm_op_Read.ap_auto.i16, i16 %sext_ln1348"   --->   Operation 19 'read' 'sext_ln1348_read' <Predicate = true> <Delay = 0.00>
ST_1 : Operation 20 [1/1] (0.00ns)   --->   "%conv7_i340_cast = sext i16 %conv7_i340_read"   --->   Operation 20 'sext' 'conv7_i340_cast' <Predicate = true> <Delay = 0.00>
ST_1 : Operation 21 [1/1] (0.00ns)   --->   "%sext_ln1348_cast = sext i16 %sext_ln1348_read"   --->   Operation 21 'sext' 'sext_ln1348_cast' <Predicate = true> <Delay = 0.00>
ST_1 : Operation 22 [1/1] (1.58ns)   --->   "%store_ln0 = store i5 0, i5 %feature"   --->   Operation 22 'store' 'store_ln0' <Predicate = true> <Delay = 1.58>
ST_1 : Operation 23 [1/1] (0.00ns)   --->   "%br_ln0 = br void %for.body27"   --->   Operation 23 'br' 'br_ln0' <Predicate = true> <Delay = 0.00>
ST_1 : Operation 24 [1/1] (0.00ns)   --->   "%feature_7 = load i5 %feature" [src/unsw_linear_transformer.cpp:75]   --->   Operation 24 'load' 'feature_7' <Predicate = true> <Delay = 0.00>
ST_1 : Operation 25 [1/1] (1.36ns)   --->   "%icmp_ln75 = icmp_eq  i5 %feature_7, i5 16" [src/unsw_linear_transformer.cpp:75]   --->   Operation 25 'icmp' 'icmp_ln75' <Predicate = true> <Delay = 1.36> <CoreInst = "Cmp">   --->   Core 9 'Cmp' <Latency = 0> <II = 1> <Delay = 1.36> <FuncUnit> <Opcode : 'icmp'> <InPorts = 2> <OutPorts = 1>
ST_1 : Operation 26 [1/1] (0.00ns)   --->   "%empty = speclooptripcount i32 @_ssdm_op_SpecLoopTripCount, i64 16, i64 16, i64 16"   --->   Operation 26 'speclooptripcount' 'empty' <Predicate = true> <Delay = 0.00>
ST_1 : Operation 27 [1/1] (1.78ns)   --->   "%add_ln75 = add i5 %feature_7, i5 1" [src/unsw_linear_transformer.cpp:75]   --->   Operation 27 'add' 'add_ln75' <Predicate = true> <Delay = 1.78> <CoreInst = "Adder">   --->   Core 1 'Adder' <Latency = 0> <II = 1> <Delay = 1.78> <FuncUnit> <Opcode : 'add' 'sub'> <InPorts = 2> <OutPorts = 1>
ST_1 : Operation 28 [1/1] (0.00ns)   --->   "%br_ln75 = br i1 %icmp_ln75, void %for.body27.split_ifconv, void %for.end48.exitStub" [src/unsw_linear_transformer.cpp:75]   --->   Operation 28 'br' 'br_ln75' <Predicate = true> <Delay = 0.00>
ST_1 : Operation 29 [1/1] (0.00ns)   --->   "%zext_ln75 = zext i5 %feature_7" [src/unsw_linear_transformer.cpp:75]   --->   Operation 29 'zext' 'zext_ln75' <Predicate = (!icmp_ln75)> <Delay = 0.00>
ST_1 : Operation 30 [1/1] (0.00ns)   --->   "%input_addr = getelementptr i16 %input_r, i64 0, i64 %zext_ln75" [src/unsw_linear_transformer.cpp:77]   --->   Operation 30 'getelementptr' 'input_addr' <Predicate = (!icmp_ln75)> <Delay = 0.00>
ST_1 : Operation 31 [2/2] (2.32ns)   --->   "%input_load = load i4 %input_addr" [src/unsw_linear_transformer.cpp:77]   --->   Operation 31 'load' 'input_load' <Predicate = (!icmp_ln75)> <Delay = 2.32> <CoreInst = "RAM">   --->   Core 82 'RAM' <Latency = 1> <II = 1> <Delay = 2.32> <Storage> <Opcode : 'load' 'store'> <Ports = 2> <Width = 16> <Depth = 16> <RAM>
ST_1 : Operation 32 [1/1] (1.58ns)   --->   "%store_ln75 = store i5 %add_ln75, i5 %feature" [src/unsw_linear_transformer.cpp:75]   --->   Operation 32 'store' 'store_ln75' <Predicate = (!icmp_ln75)> <Delay = 1.58>

State 2 <SV = 1> <Delay = 5.37>
ST_2 : Operation 33 [1/2] (2.32ns)   --->   "%input_load = load i4 %input_addr" [src/unsw_linear_transformer.cpp:77]   --->   Operation 33 'load' 'input_load' <Predicate = (!icmp_ln75)> <Delay = 2.32> <CoreInst = "RAM">   --->   Core 82 'RAM' <Latency = 1> <II = 1> <Delay = 2.32> <Storage> <Opcode : 'load' 'store'> <Ports = 2> <Width = 16> <Depth = 16> <RAM>
ST_2 : Operation 34 [1/1] (0.00ns)   --->   "%sext_ln1348_4 = sext i16 %input_load"   --->   Operation 34 'sext' 'sext_ln1348_4' <Predicate = (!icmp_ln75)> <Delay = 0.00>
ST_2 : Operation 35 [1/1] (2.07ns)   --->   "%ret_V = sub i17 %sext_ln1348_4, i17 %sext_ln1348_cast"   --->   Operation 35 'sub' 'ret_V' <Predicate = (!icmp_ln75)> <Delay = 2.07> <CoreInst = "Adder">   --->   Core 1 'Adder' <Latency = 0> <II = 1> <Delay = 2.07> <FuncUnit> <Opcode : 'add' 'sub'> <InPorts = 2> <OutPorts = 1>
ST_2 : Operation 36 [1/1] (0.00ns)   --->   "%p_Result_s = bitselect i1 @_ssdm_op_BitSelect.i1.i17.i32, i17 %ret_V, i32 16"   --->   Operation 36 'bitselect' 'p_Result_s' <Predicate = (!icmp_ln75)> <Delay = 0.00>
ST_2 : Operation 37 [1/1] (0.00ns) (grouped into LUT with out node r_V)   --->   "%p_Val2_123 = trunc i17 %ret_V"   --->   Operation 37 'trunc' 'p_Val2_123' <Predicate = (!icmp_ln75)> <Delay = 0.00>
ST_2 : Operation 38 [1/1] (0.00ns)   --->   "%p_Result_198 = bitselect i1 @_ssdm_op_BitSelect.i1.i17.i32, i17 %ret_V, i32 15"   --->   Operation 38 'bitselect' 'p_Result_198' <Predicate = (!icmp_ln75)> <Delay = 0.00>
ST_2 : Operation 39 [1/1] (0.00ns) (grouped into LUT with out node r_V)   --->   "%xor_ln895 = xor i1 %p_Result_s, i1 1"   --->   Operation 39 'xor' 'xor_ln895' <Predicate = (!icmp_ln75)> <Delay = 0.00> <CoreInst = "LogicGate">   --->   Core 74 'LogicGate' <Latency = 0> <II = 1> <Delay = 0.97> <FuncUnit> <Opcode : 'and' 'or' 'xor'> <InPorts = 2> <OutPorts = 1>
ST_2 : Operation 40 [1/1] (0.00ns) (grouped into LUT with out node r_V)   --->   "%overflow = and i1 %p_Result_198, i1 %xor_ln895"   --->   Operation 40 'and' 'overflow' <Predicate = (!icmp_ln75)> <Delay = 0.00> <CoreInst = "LogicGate">   --->   Core 74 'LogicGate' <Latency = 0> <II = 1> <Delay = 0.97> <FuncUnit> <Opcode : 'and' 'or' 'xor'> <InPorts = 2> <OutPorts = 1>
ST_2 : Operation 41 [1/1] (0.00ns) (grouped into LUT with out node r_V)   --->   "%xor_ln302 = xor i1 %p_Result_s, i1 %p_Result_198"   --->   Operation 41 'xor' 'xor_ln302' <Predicate = (!icmp_ln75)> <Delay = 0.00> <CoreInst = "LogicGate">   --->   Core 74 'LogicGate' <Latency = 0> <II = 1> <Delay = 0.97> <FuncUnit> <Opcode : 'and' 'or' 'xor'> <InPorts = 2> <OutPorts = 1>
ST_2 : Operation 42 [1/1] (0.00ns) (grouped into LUT with out node r_V)   --->   "%select_ln346 = select i1 %overflow, i16 32767, i16 32768"   --->   Operation 42 'select' 'select_ln346' <Predicate = (!icmp_ln75)> <Delay = 0.00> <CoreInst = "Sel">   --->   Core 73 'Sel' <Latency = 0> <II = 1> <Delay = 0.80> <FuncUnit> <Opcode : 'select'> <InPorts = 3> <OutPorts = 1>
ST_2 : Operation 43 [1/1] (0.97ns) (out node of the LUT)   --->   "%r_V = select i1 %xor_ln302, i16 %select_ln346, i16 %p_Val2_123"   --->   Operation 43 'select' 'r_V' <Predicate = (!icmp_ln75)> <Delay = 0.97> <CoreInst = "Sel">   --->   Core 73 'Sel' <Latency = 0> <II = 1> <Delay = 0.80> <FuncUnit> <Opcode : 'select'> <InPorts = 3> <OutPorts = 1>

State 3 <SV = 2> <Delay = 2.15>
ST_3 : Operation 44 [1/1] (0.00ns)   --->   "%sext_ln1271 = sext i16 %r_V"   --->   Operation 44 'sext' 'sext_ln1271' <Predicate = true> <Delay = 0.00>
ST_3 : Operation 45 [4/4] (2.15ns) (root node of the DSP)   --->   "%r_V_28 = mul i32 %sext_ln1271, i32 %conv7_i340_cast"   --->   Operation 45 'mul' 'r_V_28' <Predicate = true> <Delay = 2.15> <CoreInst = "DSP48">   --->   Core 119 'DSP48' <Latency = 3> <II = 1> <Delay = 2.15> <IPBlock> <Opcode : 'mul' 'add' 'sub' 'select'> <InPorts = 0> <OutPorts = 1> <Sync> <CReg>

State 4 <SV = 3> <Delay = 2.15>
ST_4 : Operation 46 [3/4] (2.15ns) (root node of the DSP)   --->   "%r_V_28 = mul i32 %sext_ln1271, i32 %conv7_i340_cast"   --->   Operation 46 'mul' 'r_V_28' <Predicate = true> <Delay = 2.15> <CoreInst = "DSP48">   --->   Core 119 'DSP48' <Latency = 3> <II = 1> <Delay = 2.15> <IPBlock> <Opcode : 'mul' 'add' 'sub' 'select'> <InPorts = 0> <OutPorts = 1> <Sync> <CReg>

State 5 <SV = 4> <Delay = 2.15>
ST_5 : Operation 47 [2/4] (2.15ns) (root node of the DSP)   --->   "%r_V_28 = mul i32 %sext_ln1271, i32 %conv7_i340_cast"   --->   Operation 47 'mul' 'r_V_28' <Predicate = true> <Delay = 2.15> <CoreInst = "DSP48">   --->   Core 119 'DSP48' <Latency = 3> <II = 1> <Delay = 2.15> <IPBlock> <Opcode : 'mul' 'add' 'sub' 'select'> <InPorts = 0> <OutPorts = 1> <Sync> <CReg>

State 6 <SV = 5> <Delay = 1.42>
ST_6 : Operation 48 [1/4] (0.00ns) (root node of the DSP)   --->   "%r_V_28 = mul i32 %sext_ln1271, i32 %conv7_i340_cast"   --->   Operation 48 'mul' 'r_V_28' <Predicate = true> <Delay = 0.00> <CoreInst = "DSP48">   --->   Core 119 'DSP48' <Latency = 3> <II = 1> <Delay = 2.15> <IPBlock> <Opcode : 'mul' 'add' 'sub' 'select'> <InPorts = 0> <OutPorts = 1> <Sync> <CReg>
ST_6 : Operation 49 [1/1] (0.00ns)   --->   "%p_Result_199 = bitselect i1 @_ssdm_op_BitSelect.i1.i32.i32, i32 %r_V_28, i32 31"   --->   Operation 49 'bitselect' 'p_Result_199' <Predicate = true> <Delay = 0.00>
ST_6 : Operation 50 [1/1] (0.00ns)   --->   "%normalized_V = partselect i16 @_ssdm_op_PartSelect.i16.i32.i32.i32, i32 %r_V_28, i32 10, i32 25"   --->   Operation 50 'partselect' 'normalized_V' <Predicate = true> <Delay = 0.00>
ST_6 : Operation 51 [1/1] (0.00ns)   --->   "%p_Result_200 = bitselect i1 @_ssdm_op_BitSelect.i1.i32.i32, i32 %r_V_28, i32 25"   --->   Operation 51 'bitselect' 'p_Result_200' <Predicate = true> <Delay = 0.00>
ST_6 : Operation 52 [1/1] (0.00ns)   --->   "%tmp = bitselect i1 @_ssdm_op_BitSelect.i1.i32.i32, i32 %r_V_28, i32 9"   --->   Operation 52 'bitselect' 'tmp' <Predicate = true> <Delay = 0.00>
ST_6 : Operation 53 [1/1] (0.00ns)   --->   "%tmp_s = partselect i5 @_ssdm_op_PartSelect.i5.i32.i32.i32, i32 %r_V_28, i32 27, i32 31"   --->   Operation 53 'partselect' 'tmp_s' <Predicate = true> <Delay = 0.00>
ST_6 : Operation 54 [1/1] (1.36ns)   --->   "%Range2_all_ones = icmp_eq  i5 %tmp_s, i5 31"   --->   Operation 54 'icmp' 'Range2_all_ones' <Predicate = true> <Delay = 1.36> <CoreInst = "Cmp">   --->   Core 9 'Cmp' <Latency = 0> <II = 1> <Delay = 1.36> <FuncUnit> <Opcode : 'icmp'> <InPorts = 2> <OutPorts = 1>
ST_6 : Operation 55 [1/1] (0.00ns)   --->   "%tmp_50 = partselect i6 @_ssdm_op_PartSelect.i6.i32.i32.i32, i32 %r_V_28, i32 26, i32 31"   --->   Operation 55 'partselect' 'tmp_50' <Predicate = true> <Delay = 0.00>
ST_6 : Operation 56 [1/1] (1.42ns)   --->   "%Range1_all_ones = icmp_eq  i6 %tmp_50, i6 63"   --->   Operation 56 'icmp' 'Range1_all_ones' <Predicate = true> <Delay = 1.42> <CoreInst = "Cmp">   --->   Core 9 'Cmp' <Latency = 0> <II = 1> <Delay = 1.42> <FuncUnit> <Opcode : 'icmp'> <InPorts = 2> <OutPorts = 1>
ST_6 : Operation 57 [1/1] (1.42ns)   --->   "%Range1_all_zeros = icmp_eq  i6 %tmp_50, i6 0"   --->   Operation 57 'icmp' 'Range1_all_zeros' <Predicate = true> <Delay = 1.42> <CoreInst = "Cmp">   --->   Core 9 'Cmp' <Latency = 0> <II = 1> <Delay = 1.42> <FuncUnit> <Opcode : 'icmp'> <InPorts = 2> <OutPorts = 1>

State 7 <SV = 6> <Delay = 6.80>
ST_7 : Operation 58 [1/1] (0.00ns)   --->   "%zext_ln377 = zext i1 %tmp"   --->   Operation 58 'zext' 'zext_ln377' <Predicate = true> <Delay = 0.00>
ST_7 : Operation 59 [1/1] (2.07ns)   --->   "%normalized_V_2 = add i16 %zext_ln377, i16 %normalized_V"   --->   Operation 59 'add' 'normalized_V_2' <Predicate = true> <Delay = 2.07> <CoreInst = "Adder">   --->   Core 1 'Adder' <Latency = 0> <II = 1> <Delay = 2.07> <FuncUnit> <Opcode : 'add' 'sub'> <InPorts = 2> <OutPorts = 1>
ST_7 : Operation 60 [1/1] (0.00ns)   --->   "%p_Result_201 = bitselect i1 @_ssdm_op_BitSelect.i1.i16.i32, i16 %normalized_V_2, i32 15"   --->   Operation 60 'bitselect' 'p_Result_201' <Predicate = true> <Delay = 0.00>
ST_7 : Operation 61 [1/1] (0.97ns)   --->   "%xor_ln896 = xor i1 %p_Result_201, i1 1"   --->   Operation 61 'xor' 'xor_ln896' <Predicate = true> <Delay = 0.97> <CoreInst = "LogicGate">   --->   Core 74 'LogicGate' <Latency = 0> <II = 1> <Delay = 0.97> <FuncUnit> <Opcode : 'and' 'or' 'xor'> <InPorts = 2> <OutPorts = 1>
ST_7 : Operation 62 [1/1] (0.97ns)   --->   "%carry_53 = and i1 %p_Result_200, i1 %xor_ln896"   --->   Operation 62 'and' 'carry_53' <Predicate = true> <Delay = 0.97> <CoreInst = "LogicGate">   --->   Core 74 'LogicGate' <Latency = 0> <II = 1> <Delay = 0.97> <FuncUnit> <Opcode : 'and' 'or' 'xor'> <InPorts = 2> <OutPorts = 1>
ST_7 : Operation 63 [1/1] (0.00ns) (grouped into LUT with out node overflow_32)   --->   "%deleted_zeros = select i1 %carry_53, i1 %Range1_all_ones, i1 %Range1_all_zeros"   --->   Operation 63 'select' 'deleted_zeros' <Predicate = true> <Delay = 0.00> <CoreInst = "Sel">   --->   Core 73 'Sel' <Latency = 0> <II = 1> <Delay = 0.99> <FuncUnit> <Opcode : 'select'> <InPorts = 3> <OutPorts = 1>
ST_7 : Operation 64 [1/1] (0.00ns) (grouped into LUT with out node or_ln896)   --->   "%tmp_191 = bitselect i1 @_ssdm_op_BitSelect.i1.i32.i32, i32 %r_V_28, i32 26"   --->   Operation 64 'bitselect' 'tmp_191' <Predicate = true> <Delay = 0.00>
ST_7 : Operation 65 [1/1] (0.00ns) (grouped into LUT with out node or_ln896)   --->   "%xor_ln890 = xor i1 %tmp_191, i1 1"   --->   Operation 65 'xor' 'xor_ln890' <Predicate = true> <Delay = 0.00> <CoreInst = "LogicGate">   --->   Core 74 'LogicGate' <Latency = 0> <II = 1> <Delay = 0.97> <FuncUnit> <Opcode : 'and' 'or' 'xor'> <InPorts = 2> <OutPorts = 1>
ST_7 : Operation 66 [1/1] (0.00ns) (grouped into LUT with out node or_ln896)   --->   "%and_ln890_10 = and i1 %Range2_all_ones, i1 %xor_ln890"   --->   Operation 66 'and' 'and_ln890_10' <Predicate = true> <Delay = 0.00> <CoreInst = "LogicGate">   --->   Core 74 'LogicGate' <Latency = 0> <II = 1> <Delay = 0.97> <FuncUnit> <Opcode : 'and' 'or' 'xor'> <InPorts = 2> <OutPorts = 1>
ST_7 : Operation 67 [1/1] (0.00ns) (grouped into LUT with out node or_ln896)   --->   "%deleted_ones_34 = select i1 %carry_53, i1 %and_ln890_10, i1 %Range1_all_ones"   --->   Operation 67 'select' 'deleted_ones_34' <Predicate = true> <Delay = 0.00> <CoreInst = "Sel">   --->   Core 73 'Sel' <Latency = 0> <II = 1> <Delay = 0.99> <FuncUnit> <Opcode : 'select'> <InPorts = 3> <OutPorts = 1>
ST_7 : Operation 68 [1/1] (0.00ns) (grouped into LUT with out node or_ln346)   --->   "%and_ln891 = and i1 %carry_53, i1 %Range1_all_ones"   --->   Operation 68 'and' 'and_ln891' <Predicate = true> <Delay = 0.00> <CoreInst = "LogicGate">   --->   Core 74 'LogicGate' <Latency = 0> <II = 1> <Delay = 0.97> <FuncUnit> <Opcode : 'and' 'or' 'xor'> <InPorts = 2> <OutPorts = 1>
ST_7 : Operation 69 [1/1] (0.00ns) (grouped into LUT with out node overflow_32)   --->   "%xor_ln895_37 = xor i1 %deleted_zeros, i1 1"   --->   Operation 69 'xor' 'xor_ln895_37' <Predicate = true> <Delay = 0.00> <CoreInst = "LogicGate">   --->   Core 74 'LogicGate' <Latency = 0> <II = 1> <Delay = 0.97> <FuncUnit> <Opcode : 'and' 'or' 'xor'> <InPorts = 2> <OutPorts = 1>
ST_7 : Operation 70 [1/1] (0.00ns) (grouped into LUT with out node overflow_32)   --->   "%or_ln895 = or i1 %p_Result_201, i1 %xor_ln895_37"   --->   Operation 70 'or' 'or_ln895' <Predicate = true> <Delay = 0.00> <CoreInst = "LogicGate">   --->   Core 74 'LogicGate' <Latency = 0> <II = 1> <Delay = 0.97> <FuncUnit> <Opcode : 'and' 'or' 'xor'> <InPorts = 2> <OutPorts = 1>
ST_7 : Operation 71 [1/1] (0.00ns) (grouped into LUT with out node overflow_32)   --->   "%xor_ln895_38 = xor i1 %p_Result_199, i1 1"   --->   Operation 71 'xor' 'xor_ln895_38' <Predicate = true> <Delay = 0.00> <CoreInst = "LogicGate">   --->   Core 74 'LogicGate' <Latency = 0> <II = 1> <Delay = 0.97> <FuncUnit> <Opcode : 'and' 'or' 'xor'> <InPorts = 2> <OutPorts = 1>
ST_7 : Operation 72 [1/1] (0.99ns) (out node of the LUT)   --->   "%overflow_32 = and i1 %or_ln895, i1 %xor_ln895_38"   --->   Operation 72 'and' 'overflow_32' <Predicate = true> <Delay = 0.99> <CoreInst = "LogicGate">   --->   Core 74 'LogicGate' <Latency = 0> <II = 1> <Delay = 0.97> <FuncUnit> <Opcode : 'and' 'or' 'xor'> <InPorts = 2> <OutPorts = 1>
ST_7 : Operation 73 [1/1] (0.00ns) (grouped into LUT with out node or_ln896)   --->   "%xor_ln896_50 = xor i1 %deleted_ones_34, i1 1"   --->   Operation 73 'xor' 'xor_ln896_50' <Predicate = true> <Delay = 0.00> <CoreInst = "LogicGate">   --->   Core 74 'LogicGate' <Latency = 0> <II = 1> <Delay = 0.97> <FuncUnit> <Opcode : 'and' 'or' 'xor'> <InPorts = 2> <OutPorts = 1>
ST_7 : Operation 74 [1/1] (0.99ns) (out node of the LUT)   --->   "%or_ln896 = or i1 %xor_ln896, i1 %xor_ln896_50"   --->   Operation 74 'or' 'or_ln896' <Predicate = true> <Delay = 0.99> <CoreInst = "LogicGate">   --->   Core 74 'LogicGate' <Latency = 0> <II = 1> <Delay = 0.97> <FuncUnit> <Opcode : 'and' 'or' 'xor'> <InPorts = 2> <OutPorts = 1>
ST_7 : Operation 75 [1/1] (0.00ns) (grouped into LUT with out node or_ln346)   --->   "%xor_ln896_51 = xor i1 %and_ln891, i1 %or_ln896"   --->   Operation 75 'xor' 'xor_ln896_51' <Predicate = true> <Delay = 0.00> <CoreInst = "LogicGate">   --->   Core 74 'LogicGate' <Latency = 0> <II = 1> <Delay = 0.97> <FuncUnit> <Opcode : 'and' 'or' 'xor'> <InPorts = 2> <OutPorts = 1>
ST_7 : Operation 76 [1/1] (0.00ns) (grouped into LUT with out node or_ln346)   --->   "%underflow = and i1 %xor_ln896_51, i1 %p_Result_199"   --->   Operation 76 'and' 'underflow' <Predicate = true> <Delay = 0.00> <CoreInst = "LogicGate">   --->   Core 74 'LogicGate' <Latency = 0> <II = 1> <Delay = 0.97> <FuncUnit> <Opcode : 'and' 'or' 'xor'> <InPorts = 2> <OutPorts = 1>
ST_7 : Operation 77 [1/1] (0.97ns) (out node of the LUT)   --->   "%or_ln346 = or i1 %overflow_32, i1 %underflow"   --->   Operation 77 'or' 'or_ln346' <Predicate = true> <Delay = 0.97> <CoreInst = "LogicGate">   --->   Core 74 'LogicGate' <Latency = 0> <II = 1> <Delay = 0.97> <FuncUnit> <Opcode : 'and' 'or' 'xor'> <InPorts = 2> <OutPorts = 1>
ST_7 : Operation 78 [1/1] (0.00ns) (grouped into LUT with out node select_ln346_42)   --->   "%select_ln346_41 = select i1 %overflow_32, i16 32767, i16 32768"   --->   Operation 78 'select' 'select_ln346_41' <Predicate = true> <Delay = 0.00> <CoreInst = "Sel">   --->   Core 73 'Sel' <Latency = 0> <II = 1> <Delay = 0.80> <FuncUnit> <Opcode : 'select'> <InPorts = 3> <OutPorts = 1>
ST_7 : Operation 79 [1/1] (0.80ns) (out node of the LUT)   --->   "%select_ln346_42 = select i1 %or_ln346, i16 %select_ln346_41, i16 %normalized_V_2"   --->   Operation 79 'select' 'select_ln346_42' <Predicate = true> <Delay = 0.80> <CoreInst = "Sel">   --->   Core 73 'Sel' <Latency = 0> <II = 1> <Delay = 0.80> <FuncUnit> <Opcode : 'select'> <InPorts = 3> <OutPorts = 1>
ST_7 : Operation 80 [1/1] (0.00ns)   --->   "%OUTPUT_NORM_WEIGHT_V_addr = getelementptr i11 %OUTPUT_NORM_WEIGHT_V, i64 0, i64 %zext_ln75"   --->   Operation 80 'getelementptr' 'OUTPUT_NORM_WEIGHT_V_addr' <Predicate = true> <Delay = 0.00>
ST_7 : Operation 81 [2/2] (2.32ns)   --->   "%OUTPUT_NORM_WEIGHT_V_load = load i4 %OUTPUT_NORM_WEIGHT_V_addr"   --->   Operation 81 'load' 'OUTPUT_NORM_WEIGHT_V_load' <Predicate = true> <Delay = 2.32> <CoreInst = "ROM">   --->   Core 95 'ROM' <Latency = 1> <II = 1> <Delay = 2.32> <Storage> <Opcode : 'load'> <Ports = 0> <Width = 11> <Depth = 16> <ROM>

State 8 <SV = 7> <Delay = 4.47>
ST_8 : Operation 82 [1/1] (0.00ns)   --->   "%r_V_26 = bitconcatenate i20 @_ssdm_op_BitConcatenate.i20.i16.i4, i16 %select_ln346_42, i4 0"   --->   Operation 82 'bitconcatenate' 'r_V_26' <Predicate = true> <Delay = 0.00>
ST_8 : Operation 83 [1/2] (2.32ns)   --->   "%OUTPUT_NORM_WEIGHT_V_load = load i4 %OUTPUT_NORM_WEIGHT_V_addr"   --->   Operation 83 'load' 'OUTPUT_NORM_WEIGHT_V_load' <Predicate = true> <Delay = 2.32> <CoreInst = "ROM">   --->   Core 95 'ROM' <Latency = 1> <II = 1> <Delay = 2.32> <Storage> <Opcode : 'load'> <Ports = 0> <Width = 11> <Depth = 16> <ROM>
ST_8 : Operation 84 [1/1] (0.00ns)   --->   "%shl_ln838_s = bitconcatenate i15 @_ssdm_op_BitConcatenate.i15.i11.i4, i11 %OUTPUT_NORM_WEIGHT_V_load, i4 0"   --->   Operation 84 'bitconcatenate' 'shl_ln838_s' <Predicate = true> <Delay = 0.00>
ST_8 : Operation 85 [1/1] (0.00ns)   --->   "%sext_ln1270 = sext i20 %r_V_26"   --->   Operation 85 'sext' 'sext_ln1270' <Predicate = true> <Delay = 0.00>
ST_8 : Operation 86 [1/1] (0.00ns)   --->   "%zext_ln1273 = zext i15 %shl_ln838_s"   --->   Operation 86 'zext' 'zext_ln1273' <Predicate = true> <Delay = 0.00>
ST_8 : Operation 87 [4/4] (2.15ns) (root node of the DSP)   --->   "%r_V_29 = mul i35 %sext_ln1270, i35 %zext_ln1273"   --->   Operation 87 'mul' 'r_V_29' <Predicate = true> <Delay = 2.15> <CoreInst = "DSP48">   --->   Core 119 'DSP48' <Latency = 3> <II = 1> <Delay = 2.15> <IPBlock> <Opcode : 'mul' 'add' 'sub' 'select'> <InPorts = 0> <OutPorts = 1> <Sync> <CReg>

State 9 <SV = 8> <Delay = 2.15>
ST_9 : Operation 88 [3/4] (2.15ns) (root node of the DSP)   --->   "%r_V_29 = mul i35 %sext_ln1270, i35 %zext_ln1273"   --->   Operation 88 'mul' 'r_V_29' <Predicate = true> <Delay = 2.15> <CoreInst = "DSP48">   --->   Core 119 'DSP48' <Latency = 3> <II = 1> <Delay = 2.15> <IPBlock> <Opcode : 'mul' 'add' 'sub' 'select'> <InPorts = 0> <OutPorts = 1> <Sync> <CReg>

State 10 <SV = 9> <Delay = 2.15>
ST_10 : Operation 89 [2/4] (2.15ns) (root node of the DSP)   --->   "%r_V_29 = mul i35 %sext_ln1270, i35 %zext_ln1273"   --->   Operation 89 'mul' 'r_V_29' <Predicate = true> <Delay = 2.15> <CoreInst = "DSP48">   --->   Core 119 'DSP48' <Latency = 3> <II = 1> <Delay = 2.15> <IPBlock> <Opcode : 'mul' 'add' 'sub' 'select'> <InPorts = 0> <OutPorts = 1> <Sync> <CReg>

State 11 <SV = 10> <Delay = 2.32>
ST_11 : Operation 90 [1/4] (0.00ns) (root node of the DSP)   --->   "%r_V_29 = mul i35 %sext_ln1270, i35 %zext_ln1273"   --->   Operation 90 'mul' 'r_V_29' <Predicate = true> <Delay = 0.00> <CoreInst = "DSP48">   --->   Core 119 'DSP48' <Latency = 3> <II = 1> <Delay = 2.15> <IPBlock> <Opcode : 'mul' 'add' 'sub' 'select'> <InPorts = 0> <OutPorts = 1> <Sync> <CReg>
ST_11 : Operation 91 [1/1] (0.00ns)   --->   "%OUTPUT_NORM_BIAS_V_addr = getelementptr i7 %OUTPUT_NORM_BIAS_V, i64 0, i64 %zext_ln75"   --->   Operation 91 'getelementptr' 'OUTPUT_NORM_BIAS_V_addr' <Predicate = true> <Delay = 0.00>
ST_11 : Operation 92 [2/2] (2.32ns)   --->   "%OUTPUT_NORM_BIAS_V_load = load i4 %OUTPUT_NORM_BIAS_V_addr"   --->   Operation 92 'load' 'OUTPUT_NORM_BIAS_V_load' <Predicate = true> <Delay = 2.32> <CoreInst = "ROM">   --->   Core 95 'ROM' <Latency = 1> <II = 1> <Delay = 2.32> <Storage> <Opcode : 'load'> <Ports = 0> <Width = 7> <Depth = 16> <ROM>
ST_11 : Operation 93 [1/1] (0.00ns)   --->   "%tmp_194 = bitselect i1 @_ssdm_op_BitSelect.i1.i35.i32, i35 %r_V_29, i32 13"   --->   Operation 93 'bitselect' 'tmp_194' <Predicate = true> <Delay = 0.00>

State 12 <SV = 11> <Delay = 7.22>
ST_12 : Operation 94 [1/2] (2.32ns)   --->   "%OUTPUT_NORM_BIAS_V_load = load i4 %OUTPUT_NORM_BIAS_V_addr"   --->   Operation 94 'load' 'OUTPUT_NORM_BIAS_V_load' <Predicate = true> <Delay = 2.32> <CoreInst = "ROM">   --->   Core 95 'ROM' <Latency = 1> <II = 1> <Delay = 2.32> <Storage> <Opcode : 'load'> <Ports = 0> <Width = 7> <Depth = 16> <ROM>
ST_12 : Operation 95 [1/1] (0.00ns)   --->   "%rhs = bitconcatenate i25 @_ssdm_op_BitConcatenate.i25.i7.i18, i7 %OUTPUT_NORM_BIAS_V_load, i18 0"   --->   Operation 95 'bitconcatenate' 'rhs' <Predicate = true> <Delay = 0.00>
ST_12 : Operation 96 [1/1] (0.00ns)   --->   "%sext_ln1347 = sext i25 %rhs"   --->   Operation 96 'sext' 'sext_ln1347' <Predicate = true> <Delay = 0.00>
ST_12 : Operation 97 [1/1] (2.67ns)   --->   "%ret_V_7 = add i35 %sext_ln1347, i35 %r_V_29"   --->   Operation 97 'add' 'ret_V_7' <Predicate = true> <Delay = 2.67> <CoreInst = "Adder">   --->   Core 1 'Adder' <Latency = 0> <II = 1> <Delay = 2.67> <FuncUnit> <Opcode : 'add' 'sub'> <InPorts = 2> <OutPorts = 1>
ST_12 : Operation 98 [1/1] (0.00ns)   --->   "%p_Result_202 = bitselect i1 @_ssdm_op_BitSelect.i1.i35.i32, i35 %ret_V_7, i32 34"   --->   Operation 98 'bitselect' 'p_Result_202' <Predicate = true> <Delay = 0.00>
ST_12 : Operation 99 [1/1] (0.00ns)   --->   "%scaled_V = partselect i21 @_ssdm_op_PartSelect.i21.i35.i32.i32, i35 %ret_V_7, i32 14, i32 34"   --->   Operation 99 'partselect' 'scaled_V' <Predicate = true> <Delay = 0.00>
ST_12 : Operation 100 [1/1] (0.00ns)   --->   "%sext_ln79 = sext i21 %scaled_V" [src/unsw_linear_transformer.cpp:79]   --->   Operation 100 'sext' 'sext_ln79' <Predicate = true> <Delay = 0.00>
ST_12 : Operation 101 [1/1] (0.00ns)   --->   "%p_Result_203 = bitselect i1 @_ssdm_op_BitSelect.i1.i35.i32, i35 %ret_V_7, i32 34"   --->   Operation 101 'bitselect' 'p_Result_203' <Predicate = true> <Delay = 0.00>
ST_12 : Operation 102 [1/1] (0.00ns)   --->   "%zext_ln377_15 = zext i1 %tmp_194"   --->   Operation 102 'zext' 'zext_ln377_15' <Predicate = true> <Delay = 0.00>
ST_12 : Operation 103 [1/1] (2.22ns)   --->   "%scaled_V_3 = add i22 %zext_ln377_15, i22 %sext_ln79"   --->   Operation 103 'add' 'scaled_V_3' <Predicate = true> <Delay = 2.22> <CoreInst = "Adder">   --->   Core 1 'Adder' <Latency = 0> <II = 1> <Delay = 2.22> <FuncUnit> <Opcode : 'add' 'sub'> <InPorts = 2> <OutPorts = 1>
ST_12 : Operation 104 [1/1] (0.00ns)   --->   "%p_Result_204 = bitselect i1 @_ssdm_op_BitSelect.i1.i22.i32, i22 %scaled_V_3, i32 21"   --->   Operation 104 'bitselect' 'p_Result_204' <Predicate = true> <Delay = 0.00>
ST_12 : Operation 105 [1/1] (0.00ns)   --->   "%Range2_all_ones_36 = bitselect i1 @_ssdm_op_BitSelect.i1.i35.i32, i35 %ret_V_7, i32 34"   --->   Operation 105 'bitselect' 'Range2_all_ones_36' <Predicate = true> <Delay = 0.00>
ST_12 : Operation 164 [1/1] (0.00ns)   --->   "%ret_ln0 = ret"   --->   Operation 164 'ret' 'ret_ln0' <Predicate = (icmp_ln75)> <Delay = 0.00>

State 13 <SV = 12> <Delay = 5.70>
ST_13 : Operation 106 [1/1] (0.00ns) (grouped into LUT with out node scaled_V_4)   --->   "%sext_ln79_1 = sext i22 %scaled_V_3" [src/unsw_linear_transformer.cpp:79]   --->   Operation 106 'sext' 'sext_ln79_1' <Predicate = true> <Delay = 0.00>
ST_13 : Operation 107 [1/1] (0.97ns)   --->   "%xor_ln896_52 = xor i1 %p_Result_204, i1 1"   --->   Operation 107 'xor' 'xor_ln896_52' <Predicate = true> <Delay = 0.97> <CoreInst = "LogicGate">   --->   Core 74 'LogicGate' <Latency = 0> <II = 1> <Delay = 0.97> <FuncUnit> <Opcode : 'and' 'or' 'xor'> <InPorts = 2> <OutPorts = 1>
ST_13 : Operation 108 [1/1] (0.00ns) (grouped into LUT with out node or_ln346_12)   --->   "%carry_55 = and i1 %p_Result_203, i1 %xor_ln896_52"   --->   Operation 108 'and' 'carry_55' <Predicate = true> <Delay = 0.00> <CoreInst = "LogicGate">   --->   Core 74 'LogicGate' <Latency = 0> <II = 1> <Delay = 0.97> <FuncUnit> <Opcode : 'and' 'or' 'xor'> <InPorts = 2> <OutPorts = 1>
ST_13 : Operation 109 [1/1] (0.00ns) (grouped into LUT with out node or_ln888)   --->   "%xor_ln888 = xor i1 %p_Result_203, i1 1"   --->   Operation 109 'xor' 'xor_ln888' <Predicate = true> <Delay = 0.00> <CoreInst = "LogicGate">   --->   Core 74 'LogicGate' <Latency = 0> <II = 1> <Delay = 0.97> <FuncUnit> <Opcode : 'and' 'or' 'xor'> <InPorts = 2> <OutPorts = 1>
ST_13 : Operation 110 [1/1] (0.97ns) (out node of the LUT)   --->   "%or_ln888 = or i1 %p_Result_204, i1 %xor_ln888"   --->   Operation 110 'or' 'or_ln888' <Predicate = true> <Delay = 0.97> <CoreInst = "LogicGate">   --->   Core 74 'LogicGate' <Latency = 0> <II = 1> <Delay = 0.97> <FuncUnit> <Opcode : 'and' 'or' 'xor'> <InPorts = 2> <OutPorts = 1>
ST_13 : Operation 111 [1/1] (0.00ns) (grouped into LUT with out node overflow_33)   --->   "%deleted_zeros_16 = xor i1 %Range2_all_ones_36, i1 %or_ln888"   --->   Operation 111 'xor' 'deleted_zeros_16' <Predicate = true> <Delay = 0.00> <CoreInst = "LogicGate">   --->   Core 74 'LogicGate' <Latency = 0> <II = 1> <Delay = 0.97> <FuncUnit> <Opcode : 'and' 'or' 'xor'> <InPorts = 2> <OutPorts = 1>
ST_13 : Operation 112 [1/1] (0.00ns) (grouped into LUT with out node or_ln896_11)   --->   "%tmp_197 = bitselect i1 @_ssdm_op_BitSelect.i1.i35.i32, i35 %ret_V_7, i32 34"   --->   Operation 112 'bitselect' 'tmp_197' <Predicate = true> <Delay = 0.00>
ST_13 : Operation 113 [1/1] (0.00ns) (grouped into LUT with out node or_ln896_11)   --->   "%xor_ln890_12 = xor i1 %tmp_197, i1 1"   --->   Operation 113 'xor' 'xor_ln890_12' <Predicate = true> <Delay = 0.00> <CoreInst = "LogicGate">   --->   Core 74 'LogicGate' <Latency = 0> <II = 1> <Delay = 0.97> <FuncUnit> <Opcode : 'and' 'or' 'xor'> <InPorts = 2> <OutPorts = 1>
ST_13 : Operation 114 [1/1] (0.00ns) (grouped into LUT with out node or_ln896_11)   --->   "%or_ln890 = or i1 %or_ln888, i1 %xor_ln890_12"   --->   Operation 114 'or' 'or_ln890' <Predicate = true> <Delay = 0.00> <CoreInst = "LogicGate">   --->   Core 74 'LogicGate' <Latency = 0> <II = 1> <Delay = 0.97> <FuncUnit> <Opcode : 'and' 'or' 'xor'> <InPorts = 2> <OutPorts = 1>
ST_13 : Operation 115 [1/1] (0.00ns) (grouped into LUT with out node or_ln896_11)   --->   "%deleted_ones_35 = and i1 %Range2_all_ones_36, i1 %or_ln890"   --->   Operation 115 'and' 'deleted_ones_35' <Predicate = true> <Delay = 0.00> <CoreInst = "LogicGate">   --->   Core 74 'LogicGate' <Latency = 0> <II = 1> <Delay = 0.97> <FuncUnit> <Opcode : 'and' 'or' 'xor'> <InPorts = 2> <OutPorts = 1>
ST_13 : Operation 116 [1/1] (0.00ns) (grouped into LUT with out node or_ln346_12)   --->   "%and_ln891_11 = and i1 %carry_55, i1 %Range2_all_ones_36"   --->   Operation 116 'and' 'and_ln891_11' <Predicate = true> <Delay = 0.00> <CoreInst = "LogicGate">   --->   Core 74 'LogicGate' <Latency = 0> <II = 1> <Delay = 0.97> <FuncUnit> <Opcode : 'and' 'or' 'xor'> <InPorts = 2> <OutPorts = 1>
ST_13 : Operation 117 [1/1] (0.00ns) (grouped into LUT with out node overflow_33)   --->   "%xor_ln895_39 = xor i1 %deleted_zeros_16, i1 1"   --->   Operation 117 'xor' 'xor_ln895_39' <Predicate = true> <Delay = 0.00> <CoreInst = "LogicGate">   --->   Core 74 'LogicGate' <Latency = 0> <II = 1> <Delay = 0.97> <FuncUnit> <Opcode : 'and' 'or' 'xor'> <InPorts = 2> <OutPorts = 1>
ST_13 : Operation 118 [1/1] (0.00ns) (grouped into LUT with out node overflow_33)   --->   "%or_ln895_13 = or i1 %p_Result_204, i1 %xor_ln895_39"   --->   Operation 118 'or' 'or_ln895_13' <Predicate = true> <Delay = 0.00> <CoreInst = "LogicGate">   --->   Core 74 'LogicGate' <Latency = 0> <II = 1> <Delay = 0.97> <FuncUnit> <Opcode : 'and' 'or' 'xor'> <InPorts = 2> <OutPorts = 1>
ST_13 : Operation 119 [1/1] (0.00ns) (grouped into LUT with out node overflow_33)   --->   "%xor_ln895_40 = xor i1 %p_Result_202, i1 1"   --->   Operation 119 'xor' 'xor_ln895_40' <Predicate = true> <Delay = 0.00> <CoreInst = "LogicGate">   --->   Core 74 'LogicGate' <Latency = 0> <II = 1> <Delay = 0.97> <FuncUnit> <Opcode : 'and' 'or' 'xor'> <InPorts = 2> <OutPorts = 1>
ST_13 : Operation 120 [1/1] (0.97ns) (out node of the LUT)   --->   "%overflow_33 = and i1 %or_ln895_13, i1 %xor_ln895_40"   --->   Operation 120 'and' 'overflow_33' <Predicate = true> <Delay = 0.97> <CoreInst = "LogicGate">   --->   Core 74 'LogicGate' <Latency = 0> <II = 1> <Delay = 0.97> <FuncUnit> <Opcode : 'and' 'or' 'xor'> <InPorts = 2> <OutPorts = 1>
ST_13 : Operation 121 [1/1] (0.00ns) (grouped into LUT with out node or_ln896_11)   --->   "%xor_ln896_53 = xor i1 %deleted_ones_35, i1 1"   --->   Operation 121 'xor' 'xor_ln896_53' <Predicate = true> <Delay = 0.00> <CoreInst = "LogicGate">   --->   Core 74 'LogicGate' <Latency = 0> <II = 1> <Delay = 0.97> <FuncUnit> <Opcode : 'and' 'or' 'xor'> <InPorts = 2> <OutPorts = 1>
ST_13 : Operation 122 [1/1] (0.97ns) (out node of the LUT)   --->   "%or_ln896_11 = or i1 %xor_ln896_52, i1 %xor_ln896_53"   --->   Operation 122 'or' 'or_ln896_11' <Predicate = true> <Delay = 0.97> <CoreInst = "LogicGate">   --->   Core 74 'LogicGate' <Latency = 0> <II = 1> <Delay = 0.97> <FuncUnit> <Opcode : 'and' 'or' 'xor'> <InPorts = 2> <OutPorts = 1>
ST_13 : Operation 123 [1/1] (0.00ns) (grouped into LUT with out node or_ln346_12)   --->   "%xor_ln896_54 = xor i1 %and_ln891_11, i1 %or_ln896_11"   --->   Operation 123 'xor' 'xor_ln896_54' <Predicate = true> <Delay = 0.00> <CoreInst = "LogicGate">   --->   Core 74 'LogicGate' <Latency = 0> <II = 1> <Delay = 0.97> <FuncUnit> <Opcode : 'and' 'or' 'xor'> <InPorts = 2> <OutPorts = 1>
ST_13 : Operation 124 [1/1] (0.00ns) (grouped into LUT with out node or_ln346_12)   --->   "%underflow_16 = and i1 %xor_ln896_54, i1 %p_Result_202"   --->   Operation 124 'and' 'underflow_16' <Predicate = true> <Delay = 0.00> <CoreInst = "LogicGate">   --->   Core 74 'LogicGate' <Latency = 0> <II = 1> <Delay = 0.97> <FuncUnit> <Opcode : 'and' 'or' 'xor'> <InPorts = 2> <OutPorts = 1>
ST_13 : Operation 125 [1/1] (0.00ns) (grouped into LUT with out node scaled_V_4)   --->   "%select_ln346_43 = select i1 %overflow_33, i24 8388607, i24 8388608"   --->   Operation 125 'select' 'select_ln346_43' <Predicate = true> <Delay = 0.00> <CoreInst = "Sel">   --->   Core 73 'Sel' <Latency = 0> <II = 1> <Delay = 0.69> <FuncUnit> <Opcode : 'select'> <InPorts = 3> <OutPorts = 1>
ST_13 : Operation 126 [1/1] (0.97ns) (out node of the LUT)   --->   "%or_ln346_12 = or i1 %overflow_33, i1 %underflow_16"   --->   Operation 126 'or' 'or_ln346_12' <Predicate = true> <Delay = 0.97> <CoreInst = "LogicGate">   --->   Core 74 'LogicGate' <Latency = 0> <II = 1> <Delay = 0.97> <FuncUnit> <Opcode : 'and' 'or' 'xor'> <InPorts = 2> <OutPorts = 1>
ST_13 : Operation 127 [1/1] (0.69ns) (out node of the LUT)   --->   "%scaled_V_4 = select i1 %or_ln346_12, i24 %select_ln346_43, i24 %sext_ln79_1"   --->   Operation 127 'select' 'scaled_V_4' <Predicate = true> <Delay = 0.69> <CoreInst = "Sel">   --->   Core 73 'Sel' <Latency = 0> <II = 1> <Delay = 0.69> <FuncUnit> <Opcode : 'select'> <InPorts = 3> <OutPorts = 1>
ST_13 : Operation 128 [1/1] (0.00ns)   --->   "%p_Result_205 = bitselect i1 @_ssdm_op_BitSelect.i1.i24.i32, i24 %scaled_V_4, i32 23"   --->   Operation 128 'bitselect' 'p_Result_205' <Predicate = true> <Delay = 0.00>
ST_13 : Operation 129 [1/1] (0.00ns)   --->   "%p_Val2_131 = partselect i16 @_ssdm_op_PartSelect.i16.i24.i32.i32, i24 %scaled_V_4, i32 4, i32 19"   --->   Operation 129 'partselect' 'p_Val2_131' <Predicate = true> <Delay = 0.00>
ST_13 : Operation 130 [1/1] (0.00ns)   --->   "%p_Result_206 = bitselect i1 @_ssdm_op_BitSelect.i1.i24.i32, i24 %scaled_V_4, i32 19"   --->   Operation 130 'bitselect' 'p_Result_206' <Predicate = true> <Delay = 0.00>
ST_13 : Operation 131 [1/1] (0.00ns)   --->   "%tmp_200 = bitselect i1 @_ssdm_op_BitSelect.i1.i24.i32, i24 %scaled_V_4, i32 3"   --->   Operation 131 'bitselect' 'tmp_200' <Predicate = true> <Delay = 0.00>
ST_13 : Operation 132 [1/1] (0.00ns)   --->   "%zext_ln377_16 = zext i1 %tmp_200"   --->   Operation 132 'zext' 'zext_ln377_16' <Predicate = true> <Delay = 0.00>
ST_13 : Operation 133 [1/1] (2.07ns)   --->   "%p_Val2_132 = add i16 %zext_ln377_16, i16 %p_Val2_131"   --->   Operation 133 'add' 'p_Val2_132' <Predicate = true> <Delay = 2.07> <CoreInst = "Adder">   --->   Core 1 'Adder' <Latency = 0> <II = 1> <Delay = 2.07> <FuncUnit> <Opcode : 'add' 'sub'> <InPorts = 2> <OutPorts = 1>
ST_13 : Operation 134 [1/1] (0.00ns)   --->   "%p_Result_207 = bitselect i1 @_ssdm_op_BitSelect.i1.i16.i32, i16 %p_Val2_132, i32 15"   --->   Operation 134 'bitselect' 'p_Result_207' <Predicate = true> <Delay = 0.00>
ST_13 : Operation 135 [1/1] (0.00ns)   --->   "%tmp_51 = partselect i3 @_ssdm_op_PartSelect.i3.i24.i32.i32, i24 %scaled_V_4, i32 21, i32 23"   --->   Operation 135 'partselect' 'tmp_51' <Predicate = true> <Delay = 0.00>
ST_13 : Operation 136 [1/1] (1.13ns)   --->   "%Range2_all_ones_35 = icmp_eq  i3 %tmp_51, i3 7"   --->   Operation 136 'icmp' 'Range2_all_ones_35' <Predicate = true> <Delay = 1.13> <CoreInst = "Cmp">   --->   Core 9 'Cmp' <Latency = 0> <II = 1> <Delay = 1.13> <FuncUnit> <Opcode : 'icmp'> <InPorts = 2> <OutPorts = 1>
ST_13 : Operation 137 [1/1] (0.00ns)   --->   "%tmp_52 = partselect i4 @_ssdm_op_PartSelect.i4.i24.i32.i32, i24 %scaled_V_4, i32 20, i32 23"   --->   Operation 137 'partselect' 'tmp_52' <Predicate = true> <Delay = 0.00>
ST_13 : Operation 138 [1/1] (1.30ns)   --->   "%Range1_all_ones_37 = icmp_eq  i4 %tmp_52, i4 15"   --->   Operation 138 'icmp' 'Range1_all_ones_37' <Predicate = true> <Delay = 1.30> <CoreInst = "Cmp">   --->   Core 9 'Cmp' <Latency = 0> <II = 1> <Delay = 1.30> <FuncUnit> <Opcode : 'icmp'> <InPorts = 2> <OutPorts = 1>
ST_13 : Operation 139 [1/1] (1.30ns)   --->   "%Range1_all_zeros_19 = icmp_eq  i4 %tmp_52, i4 0"   --->   Operation 139 'icmp' 'Range1_all_zeros_19' <Predicate = true> <Delay = 1.30> <CoreInst = "Cmp">   --->   Core 9 'Cmp' <Latency = 0> <II = 1> <Delay = 1.30> <FuncUnit> <Opcode : 'icmp'> <InPorts = 2> <OutPorts = 1>

State 14 <SV = 13> <Delay = 7.05>
ST_14 : Operation 140 [1/1] (0.00ns)   --->   "%specpipeline_ln76 = specpipeline void @_ssdm_op_SpecPipeline, i32 2, i32 0, i32 0, i32 0, void @empty_9" [src/unsw_linear_transformer.cpp:76]   --->   Operation 140 'specpipeline' 'specpipeline_ln76' <Predicate = true> <Delay = 0.00>
ST_14 : Operation 141 [1/1] (0.00ns)   --->   "%specloopname_ln75 = specloopname void @_ssdm_op_SpecLoopName, void @empty_11" [src/unsw_linear_transformer.cpp:75]   --->   Operation 141 'specloopname' 'specloopname_ln75' <Predicate = true> <Delay = 0.00>
ST_14 : Operation 142 [1/1] (0.97ns)   --->   "%xor_ln896_55 = xor i1 %p_Result_207, i1 1"   --->   Operation 142 'xor' 'xor_ln896_55' <Predicate = true> <Delay = 0.97> <CoreInst = "LogicGate">   --->   Core 74 'LogicGate' <Latency = 0> <II = 1> <Delay = 0.97> <FuncUnit> <Opcode : 'and' 'or' 'xor'> <InPorts = 2> <OutPorts = 1>
ST_14 : Operation 143 [1/1] (0.97ns)   --->   "%carry_57 = and i1 %p_Result_206, i1 %xor_ln896_55"   --->   Operation 143 'and' 'carry_57' <Predicate = true> <Delay = 0.97> <CoreInst = "LogicGate">   --->   Core 74 'LogicGate' <Latency = 0> <II = 1> <Delay = 0.97> <FuncUnit> <Opcode : 'and' 'or' 'xor'> <InPorts = 2> <OutPorts = 1>
ST_14 : Operation 144 [1/1] (0.00ns) (grouped into LUT with out node overflow_34)   --->   "%deleted_zeros_17 = select i1 %carry_57, i1 %Range1_all_ones_37, i1 %Range1_all_zeros_19"   --->   Operation 144 'select' 'deleted_zeros_17' <Predicate = true> <Delay = 0.00> <CoreInst = "Sel">   --->   Core 73 'Sel' <Latency = 0> <II = 1> <Delay = 0.99> <FuncUnit> <Opcode : 'select'> <InPorts = 3> <OutPorts = 1>
ST_14 : Operation 145 [1/1] (0.00ns) (grouped into LUT with out node or_ln896_12)   --->   "%tmp_202 = bitselect i1 @_ssdm_op_BitSelect.i1.i24.i32, i24 %scaled_V_4, i32 20"   --->   Operation 145 'bitselect' 'tmp_202' <Predicate = true> <Delay = 0.00>
ST_14 : Operation 146 [1/1] (0.00ns) (grouped into LUT with out node or_ln896_12)   --->   "%xor_ln890_13 = xor i1 %tmp_202, i1 1"   --->   Operation 146 'xor' 'xor_ln890_13' <Predicate = true> <Delay = 0.00> <CoreInst = "LogicGate">   --->   Core 74 'LogicGate' <Latency = 0> <II = 1> <Delay = 0.97> <FuncUnit> <Opcode : 'and' 'or' 'xor'> <InPorts = 2> <OutPorts = 1>
ST_14 : Operation 147 [1/1] (0.00ns) (grouped into LUT with out node or_ln896_12)   --->   "%and_ln890 = and i1 %Range2_all_ones_35, i1 %xor_ln890_13"   --->   Operation 147 'and' 'and_ln890' <Predicate = true> <Delay = 0.00> <CoreInst = "LogicGate">   --->   Core 74 'LogicGate' <Latency = 0> <II = 1> <Delay = 0.97> <FuncUnit> <Opcode : 'and' 'or' 'xor'> <InPorts = 2> <OutPorts = 1>
ST_14 : Operation 148 [1/1] (0.00ns) (grouped into LUT with out node or_ln896_12)   --->   "%deleted_ones_36 = select i1 %carry_57, i1 %and_ln890, i1 %Range1_all_ones_37"   --->   Operation 148 'select' 'deleted_ones_36' <Predicate = true> <Delay = 0.00> <CoreInst = "Sel">   --->   Core 73 'Sel' <Latency = 0> <II = 1> <Delay = 0.99> <FuncUnit> <Opcode : 'select'> <InPorts = 3> <OutPorts = 1>
ST_14 : Operation 149 [1/1] (0.00ns) (grouped into LUT with out node or_ln346_13)   --->   "%and_ln891_12 = and i1 %carry_57, i1 %Range1_all_ones_37"   --->   Operation 149 'and' 'and_ln891_12' <Predicate = true> <Delay = 0.00> <CoreInst = "LogicGate">   --->   Core 74 'LogicGate' <Latency = 0> <II = 1> <Delay = 0.97> <FuncUnit> <Opcode : 'and' 'or' 'xor'> <InPorts = 2> <OutPorts = 1>
ST_14 : Operation 150 [1/1] (0.00ns) (grouped into LUT with out node overflow_34)   --->   "%xor_ln895_41 = xor i1 %deleted_zeros_17, i1 1"   --->   Operation 150 'xor' 'xor_ln895_41' <Predicate = true> <Delay = 0.00> <CoreInst = "LogicGate">   --->   Core 74 'LogicGate' <Latency = 0> <II = 1> <Delay = 0.97> <FuncUnit> <Opcode : 'and' 'or' 'xor'> <InPorts = 2> <OutPorts = 1>
ST_14 : Operation 151 [1/1] (0.00ns) (grouped into LUT with out node overflow_34)   --->   "%or_ln895_14 = or i1 %p_Result_207, i1 %xor_ln895_41"   --->   Operation 151 'or' 'or_ln895_14' <Predicate = true> <Delay = 0.00> <CoreInst = "LogicGate">   --->   Core 74 'LogicGate' <Latency = 0> <II = 1> <Delay = 0.97> <FuncUnit> <Opcode : 'and' 'or' 'xor'> <InPorts = 2> <OutPorts = 1>
ST_14 : Operation 152 [1/1] (0.00ns) (grouped into LUT with out node overflow_34)   --->   "%xor_ln895_42 = xor i1 %p_Result_205, i1 1"   --->   Operation 152 'xor' 'xor_ln895_42' <Predicate = true> <Delay = 0.00> <CoreInst = "LogicGate">   --->   Core 74 'LogicGate' <Latency = 0> <II = 1> <Delay = 0.97> <FuncUnit> <Opcode : 'and' 'or' 'xor'> <InPorts = 2> <OutPorts = 1>
ST_14 : Operation 153 [1/1] (0.99ns) (out node of the LUT)   --->   "%overflow_34 = and i1 %or_ln895_14, i1 %xor_ln895_42"   --->   Operation 153 'and' 'overflow_34' <Predicate = true> <Delay = 0.99> <CoreInst = "LogicGate">   --->   Core 74 'LogicGate' <Latency = 0> <II = 1> <Delay = 0.97> <FuncUnit> <Opcode : 'and' 'or' 'xor'> <InPorts = 2> <OutPorts = 1>
ST_14 : Operation 154 [1/1] (0.00ns) (grouped into LUT with out node or_ln896_12)   --->   "%xor_ln896_56 = xor i1 %deleted_ones_36, i1 1"   --->   Operation 154 'xor' 'xor_ln896_56' <Predicate = true> <Delay = 0.00> <CoreInst = "LogicGate">   --->   Core 74 'LogicGate' <Latency = 0> <II = 1> <Delay = 0.97> <FuncUnit> <Opcode : 'and' 'or' 'xor'> <InPorts = 2> <OutPorts = 1>
ST_14 : Operation 155 [1/1] (0.99ns) (out node of the LUT)   --->   "%or_ln896_12 = or i1 %xor_ln896_55, i1 %xor_ln896_56"   --->   Operation 155 'or' 'or_ln896_12' <Predicate = true> <Delay = 0.99> <CoreInst = "LogicGate">   --->   Core 74 'LogicGate' <Latency = 0> <II = 1> <Delay = 0.97> <FuncUnit> <Opcode : 'and' 'or' 'xor'> <InPorts = 2> <OutPorts = 1>
ST_14 : Operation 156 [1/1] (0.00ns) (grouped into LUT with out node or_ln346_13)   --->   "%xor_ln896_57 = xor i1 %and_ln891_12, i1 %or_ln896_12"   --->   Operation 156 'xor' 'xor_ln896_57' <Predicate = true> <Delay = 0.00> <CoreInst = "LogicGate">   --->   Core 74 'LogicGate' <Latency = 0> <II = 1> <Delay = 0.97> <FuncUnit> <Opcode : 'and' 'or' 'xor'> <InPorts = 2> <OutPorts = 1>
ST_14 : Operation 157 [1/1] (0.00ns) (grouped into LUT with out node or_ln346_13)   --->   "%underflow_17 = and i1 %xor_ln896_57, i1 %p_Result_205"   --->   Operation 157 'and' 'underflow_17' <Predicate = true> <Delay = 0.00> <CoreInst = "LogicGate">   --->   Core 74 'LogicGate' <Latency = 0> <II = 1> <Delay = 0.97> <FuncUnit> <Opcode : 'and' 'or' 'xor'> <InPorts = 2> <OutPorts = 1>
ST_14 : Operation 158 [1/1] (0.00ns) (grouped into LUT with out node select_ln346_46)   --->   "%select_ln346_45 = select i1 %overflow_34, i16 32767, i16 32768"   --->   Operation 158 'select' 'select_ln346_45' <Predicate = true> <Delay = 0.00> <CoreInst = "Sel">   --->   Core 73 'Sel' <Latency = 0> <II = 1> <Delay = 0.80> <FuncUnit> <Opcode : 'select'> <InPorts = 3> <OutPorts = 1>
ST_14 : Operation 159 [1/1] (0.97ns) (out node of the LUT)   --->   "%or_ln346_13 = or i1 %overflow_34, i1 %underflow_17"   --->   Operation 159 'or' 'or_ln346_13' <Predicate = true> <Delay = 0.97> <CoreInst = "LogicGate">   --->   Core 74 'LogicGate' <Latency = 0> <II = 1> <Delay = 0.97> <FuncUnit> <Opcode : 'and' 'or' 'xor'> <InPorts = 2> <OutPorts = 1>
ST_14 : Operation 160 [1/1] (0.80ns) (out node of the LUT)   --->   "%select_ln346_46 = select i1 %or_ln346_13, i16 %select_ln346_45, i16 %p_Val2_132"   --->   Operation 160 'select' 'select_ln346_46' <Predicate = true> <Delay = 0.80> <CoreInst = "Sel">   --->   Core 73 'Sel' <Latency = 0> <II = 1> <Delay = 0.80> <FuncUnit> <Opcode : 'select'> <InPorts = 3> <OutPorts = 1>
ST_14 : Operation 161 [1/1] (0.00ns)   --->   "%output_addr = getelementptr i16 %output_r, i64 0, i64 %zext_ln75" [src/unsw_linear_transformer.cpp:82]   --->   Operation 161 'getelementptr' 'output_addr' <Predicate = true> <Delay = 0.00>
ST_14 : Operation 162 [1/1] (2.32ns)   --->   "%store_ln82 = store i16 %select_ln346_46, i4 %output_addr" [src/unsw_linear_transformer.cpp:82]   --->   Operation 162 'store' 'store_ln82' <Predicate = true> <Delay = 2.32> <CoreInst = "RAM">   --->   Core 82 'RAM' <Latency = 1> <II = 1> <Delay = 2.32> <Storage> <Opcode : 'load' 'store'> <Ports = 2> <Width = 16> <Depth = 16> <RAM>
ST_14 : Operation 163 [1/1] (0.00ns)   --->   "%br_ln75 = br void %for.body27" [src/unsw_linear_transformer.cpp:75]   --->   Operation 163 'br' 'br_ln75' <Predicate = true> <Delay = 0.00>


============================================================
+ Verbose Summary: Binding
============================================================
STG Binding: 
---------------- STG Properties BEGIN ----------------
- Is combinational: 0
- Is one-state seq: 0
- Is datapath-only: 0
- Is pipelined: 0
- Is top level: 0
Port [ Return ] is wired: 1; IO mode=ap_ctrl_hs:ce=0
Port [ input_r]:  wired=1; compound=1; hidden=0; nouse=0; global=0; static=0; extern=0; dir=0; type=1; pingpong=0; private_global=0; MemPort=[13]; IO mode=ap_memory:ce=0
Port [ sext_ln1348]:  wired=1; compound=0; hidden=0; nouse=0; global=0; static=0; extern=0; dir=0; type=0; pingpong=0; private_global=0; IO mode=ap_none:ce=0
Port [ conv7_i340]:  wired=1; compound=0; hidden=0; nouse=0; global=0; static=0; extern=0; dir=0; type=0; pingpong=0; private_global=0; IO mode=ap_none:ce=0
Port [ output_r]:  wired=1; compound=1; hidden=0; nouse=0; global=0; static=0; extern=0; dir=1; type=1; pingpong=0; private_global=0; MemPort=[03]; IO mode=ap_memory:ce=0
Port [ OUTPUT_NORM_WEIGHT_V]:  wired=0; compound=1; hidden=1; nouse=0; global=1; static=1; extern=0; dir=0; type=1; pingpong=0; private_global=1; MemPort=[1]; IO mode=ap_memory:ce=0
Port [ OUTPUT_NORM_BIAS_V]:  wired=0; compound=1; hidden=1; nouse=0; global=1; static=1; extern=0; dir=0; type=1; pingpong=0; private_global=1; MemPort=[1]; IO mode=ap_memory:ce=0
---------------- STG Properties END ------------------

---------------- Datapath Model BEGIN ----------------

<LifeTime>
<method=bitvector/>
feature                   (alloca           ) [ 010000000000000]
conv7_i340_read           (read             ) [ 000000000000000]
sext_ln1348_read          (read             ) [ 000000000000000]
conv7_i340_cast           (sext             ) [ 011111100000000]
sext_ln1348_cast          (sext             ) [ 001000000000000]
store_ln0                 (store            ) [ 000000000000000]
br_ln0                    (br               ) [ 000000000000000]
feature_7                 (load             ) [ 000000000000000]
icmp_ln75                 (icmp             ) [ 011111111111100]
empty                     (speclooptripcount) [ 000000000000000]
add_ln75                  (add              ) [ 000000000000000]
br_ln75                   (br               ) [ 000000000000000]
zext_ln75                 (zext             ) [ 011111111111111]
input_addr                (getelementptr    ) [ 001000000000000]
store_ln75                (store            ) [ 000000000000000]
input_load                (load             ) [ 000000000000000]
sext_ln1348_4             (sext             ) [ 000000000000000]
ret_V                     (sub              ) [ 000000000000000]
p_Result_s                (bitselect        ) [ 000000000000000]
p_Val2_123                (trunc            ) [ 000000000000000]
p_Result_198              (bitselect        ) [ 000000000000000]
xor_ln895                 (xor              ) [ 000000000000000]
overflow                  (and              ) [ 000000000000000]
xor_ln302                 (xor              ) [ 000000000000000]
select_ln346              (select           ) [ 000000000000000]
r_V                       (select           ) [ 010100000000000]
sext_ln1271               (sext             ) [ 011011100000000]
r_V_28                    (mul              ) [ 010000010000000]
p_Result_199              (bitselect        ) [ 010000010000000]
normalized_V              (partselect       ) [ 010000010000000]
p_Result_200              (bitselect        ) [ 010000010000000]
tmp                       (bitselect        ) [ 010000010000000]
tmp_s                     (partselect       ) [ 000000000000000]
Range2_all_ones           (icmp             ) [ 010000010000000]
tmp_50                    (partselect       ) [ 000000000000000]
Range1_all_ones           (icmp             ) [ 010000010000000]
Range1_all_zeros          (icmp             ) [ 010000010000000]
zext_ln377                (zext             ) [ 000000000000000]
normalized_V_2            (add              ) [ 000000000000000]
p_Result_201              (bitselect        ) [ 000000000000000]
xor_ln896                 (xor              ) [ 000000000000000]
carry_53                  (and              ) [ 000000000000000]
deleted_zeros             (select           ) [ 000000000000000]
tmp_191                   (bitselect        ) [ 000000000000000]
xor_ln890                 (xor              ) [ 000000000000000]
and_ln890_10              (and              ) [ 000000000000000]
deleted_ones_34           (select           ) [ 000000000000000]
and_ln891                 (and              ) [ 000000000000000]
xor_ln895_37              (xor              ) [ 000000000000000]
or_ln895                  (or               ) [ 000000000000000]
xor_ln895_38              (xor              ) [ 000000000000000]
overflow_32               (and              ) [ 000000000000000]
xor_ln896_50              (xor              ) [ 000000000000000]
or_ln896                  (or               ) [ 000000000000000]
xor_ln896_51              (xor              ) [ 000000000000000]
underflow                 (and              ) [ 000000000000000]
or_ln346                  (or               ) [ 000000000000000]
select_ln346_41           (select           ) [ 000000000000000]
select_ln346_42           (select           ) [ 001000001000000]
OUTPUT_NORM_WEIGHT_V_addr (getelementptr    ) [ 001000001000000]
r_V_26                    (bitconcatenate   ) [ 000000000000000]
OUTPUT_NORM_WEIGHT_V_load (load             ) [ 000000000000000]
shl_ln838_s               (bitconcatenate   ) [ 000000000000000]
sext_ln1270               (sext             ) [ 011000000111000]
zext_ln1273               (zext             ) [ 011000000111000]
r_V_29                    (mul              ) [ 001000000000100]
OUTPUT_NORM_BIAS_V_addr   (getelementptr    ) [ 001000000000100]
tmp_194                   (bitselect        ) [ 001000000000100]
OUTPUT_NORM_BIAS_V_load   (load             ) [ 000000000000000]
rhs                       (bitconcatenate   ) [ 000000000000000]
sext_ln1347               (sext             ) [ 000000000000000]
ret_V_7                   (add              ) [ 010000000000010]
p_Result_202              (bitselect        ) [ 010000000000010]
scaled_V                  (partselect       ) [ 000000000000000]
sext_ln79                 (sext             ) [ 000000000000000]
p_Result_203              (bitselect        ) [ 010000000000010]
zext_ln377_15             (zext             ) [ 000000000000000]
scaled_V_3                (add              ) [ 010000000000010]
p_Result_204              (bitselect        ) [ 010000000000010]
Range2_all_ones_36        (bitselect        ) [ 010000000000010]
sext_ln79_1               (sext             ) [ 000000000000000]
xor_ln896_52              (xor              ) [ 000000000000000]
carry_55                  (and              ) [ 000000000000000]
xor_ln888                 (xor              ) [ 000000000000000]
or_ln888                  (or               ) [ 000000000000000]
deleted_zeros_16          (xor              ) [ 000000000000000]
tmp_197                   (bitselect        ) [ 000000000000000]
xor_ln890_12              (xor              ) [ 000000000000000]
or_ln890                  (or               ) [ 000000000000000]
deleted_ones_35           (and              ) [ 000000000000000]
and_ln891_11              (and              ) [ 000000000000000]
xor_ln895_39              (xor              ) [ 000000000000000]
or_ln895_13               (or               ) [ 000000000000000]
xor_ln895_40              (xor              ) [ 000000000000000]
overflow_33               (and              ) [ 000000000000000]
xor_ln896_53              (xor              ) [ 000000000000000]
or_ln896_11               (or               ) [ 000000000000000]
xor_ln896_54              (xor              ) [ 000000000000000]
underflow_16              (and              ) [ 000000000000000]
select_ln346_43           (select           ) [ 000000000000000]
or_ln346_12               (or               ) [ 000000000000000]
scaled_V_4                (select           ) [ 001000000000001]
p_Result_205              (bitselect        ) [ 001000000000001]
p_Val2_131                (partselect       ) [ 000000000000000]
p_Result_206              (bitselect        ) [ 001000000000001]
tmp_200                   (bitselect        ) [ 000000000000000]
zext_ln377_16             (zext             ) [ 000000000000000]
p_Val2_132                (add              ) [ 001000000000001]
p_Result_207              (bitselect        ) [ 001000000000001]
tmp_51                    (partselect       ) [ 000000000000000]
Range2_all_ones_35        (icmp             ) [ 001000000000001]
tmp_52                    (partselect       ) [ 000000000000000]
Range1_all_ones_37        (icmp             ) [ 001000000000001]
Range1_all_zeros_19       (icmp             ) [ 001000000000001]
specpipeline_ln76         (specpipeline     ) [ 000000000000000]
specloopname_ln75         (specloopname     ) [ 000000000000000]
xor_ln896_55              (xor              ) [ 000000000000000]
carry_57                  (and              ) [ 000000000000000]
deleted_zeros_17          (select           ) [ 000000000000000]
tmp_202                   (bitselect        ) [ 000000000000000]
xor_ln890_13              (xor              ) [ 000000000000000]
and_ln890                 (and              ) [ 000000000000000]
deleted_ones_36           (select           ) [ 000000000000000]
and_ln891_12              (and              ) [ 000000000000000]
xor_ln895_41              (xor              ) [ 000000000000000]
or_ln895_14               (or               ) [ 000000000000000]
xor_ln895_42              (xor              ) [ 000000000000000]
overflow_34               (and              ) [ 000000000000000]
xor_ln896_56              (xor              ) [ 000000000000000]
or_ln896_12               (or               ) [ 000000000000000]
xor_ln896_57              (xor              ) [ 000000000000000]
underflow_17              (and              ) [ 000000000000000]
select_ln346_45           (select           ) [ 000000000000000]
or_ln346_13               (or               ) [ 000000000000000]
select_ln346_46           (select           ) [ 000000000000000]
output_addr               (getelementptr    ) [ 000000000000000]
store_ln82                (store            ) [ 000000000000000]
br_ln75                   (br               ) [ 000000000000000]
ret_ln0                   (ret              ) [ 000000000000000]
</LifeTime>

<model>

<comp_list>
<comp id="0" class="1000" name="input_r">
<pin_list>
<pin id="1" dir="1" index="0" bw="1" slack="0"/>
</pin_list>
<bind>
<StgValue><ssdm name="input_r"/><MemPortTyVec>1 3 </MemPortTyVec>
</StgValue>
</bind>
</comp>

<comp id="2" class="1000" name="sext_ln1348">
<pin_list>
<pin id="3" dir="1" index="0" bw="1" slack="0"/>
</pin_list>
<bind>
<StgValue><ssdm name="sext_ln1348"/></StgValue>
</bind>
</comp>

<comp id="4" class="1000" name="conv7_i340">
<pin_list>
<pin id="5" dir="1" index="0" bw="1" slack="0"/>
</pin_list>
<bind>
<StgValue><ssdm name="conv7_i340"/></StgValue>
</bind>
</comp>

<comp id="6" class="1000" name="output_r">
<pin_list>
<pin id="7" dir="1" index="0" bw="1" slack="0"/>
</pin_list>
<bind>
<StgValue><ssdm name="output_r"/><MemPortTyVec>0 3 </MemPortTyVec>
</StgValue>
</bind>
</comp>

<comp id="8" class="1000" name="OUTPUT_NORM_WEIGHT_V">
<pin_list>
<pin id="9" dir="1" index="0" bw="1" slack="0"/>
</pin_list>
<bind>
<StgValue><ssdm name="OUTPUT_NORM_WEIGHT_V"/><MemPortTyVec>1 </MemPortTyVec>
</StgValue>
</bind>
</comp>

<comp id="10" class="1000" name="OUTPUT_NORM_BIAS_V">
<pin_list>
<pin id="11" dir="1" index="0" bw="1" slack="0"/>
</pin_list>
<bind>
<StgValue><ssdm name="OUTPUT_NORM_BIAS_V"/><MemPortTyVec>1 </MemPortTyVec>
</StgValue>
</bind>
</comp>

<comp id="12" class="1001" name="const_12">
<pin_list>
<pin id="13" dir="1" index="0" bw="1" slack="0"/>
</pin_list>
<bind>
<StgValue><ssdm name=""/></StgValue>
</bind>
</comp>

<comp id="14" class="1001" name="const_14">
<pin_list>
<pin id="15" dir="1" index="0" bw="1" slack="0"/>
</pin_list>
<bind>
<StgValue><ssdm name="_ssdm_op_Read.ap_auto.i16"/></StgValue>
</bind>
</comp>

<comp id="16" class="1001" name="const_16">
<pin_list>
<pin id="17" dir="1" index="0" bw="1" slack="0"/>
</pin_list>
<bind>
<StgValue><ssdm name=""/></StgValue>
</bind>
</comp>

<comp id="18" class="1001" name="const_18">
<pin_list>
<pin id="19" dir="1" index="0" bw="1" slack="0"/>
</pin_list>
<bind>
<StgValue><ssdm name=""/></StgValue>
</bind>
</comp>

<comp id="20" class="1001" name="const_20">
<pin_list>
<pin id="21" dir="1" index="0" bw="1" slack="2147483647"/>
</pin_list>
<bind>
<StgValue><ssdm name="_ssdm_op_SpecLoopTripCount"/></StgValue>
</bind>
</comp>

<comp id="22" class="1001" name="const_22">
<pin_list>
<pin id="23" dir="1" index="0" bw="1" slack="2147483647"/>
</pin_list>
<bind>
<StgValue><ssdm name=""/></StgValue>
</bind>
</comp>

<comp id="24" class="1001" name="const_24">
<pin_list>
<pin id="25" dir="1" index="0" bw="1" slack="0"/>
</pin_list>
<bind>
<StgValue><ssdm name=""/></StgValue>
</bind>
</comp>

<comp id="26" class="1001" name="const_26">
<pin_list>
<pin id="27" dir="1" index="0" bw="1" slack="0"/>
</pin_list>
<bind>
<StgValue><ssdm name=""/></StgValue>
</bind>
</comp>

<comp id="28" class="1001" name="const_28">
<pin_list>
<pin id="29" dir="1" index="0" bw="1" slack="0"/>
</pin_list>
<bind>
<StgValue><ssdm name="_ssdm_op_BitSelect.i1.i17.i32"/></StgValue>
</bind>
</comp>

<comp id="30" class="1001" name="const_30">
<pin_list>
<pin id="31" dir="1" index="0" bw="1" slack="0"/>
</pin_list>
<bind>
<StgValue><ssdm name=""/></StgValue>
</bind>
</comp>

<comp id="32" class="1001" name="const_32">
<pin_list>
<pin id="33" dir="1" index="0" bw="1" slack="0"/>
</pin_list>
<bind>
<StgValue><ssdm name=""/></StgValue>
</bind>
</comp>

<comp id="34" class="1001" name="const_34">
<pin_list>
<pin id="35" dir="1" index="0" bw="1" slack="0"/>
</pin_list>
<bind>
<StgValue><ssdm name=""/></StgValue>
</bind>
</comp>

<comp id="36" class="1001" name="const_36">
<pin_list>
<pin id="37" dir="1" index="0" bw="1" slack="0"/>
</pin_list>
<bind>
<StgValue><ssdm name=""/></StgValue>
</bind>
</comp>

<comp id="38" class="1001" name="const_38">
<pin_list>
<pin id="39" dir="1" index="0" bw="1" slack="0"/>
</pin_list>
<bind>
<StgValue><ssdm name=""/></StgValue>
</bind>
</comp>

<comp id="40" class="1001" name="const_40">
<pin_list>
<pin id="41" dir="1" index="0" bw="1" slack="0"/>
</pin_list>
<bind>
<StgValue><ssdm name="_ssdm_op_BitSelect.i1.i32.i32"/></StgValue>
</bind>
</comp>

<comp id="42" class="1001" name="const_42">
<pin_list>
<pin id="43" dir="1" index="0" bw="1" slack="0"/>
</pin_list>
<bind>
<StgValue><ssdm name=""/></StgValue>
</bind>
</comp>

<comp id="44" class="1001" name="const_44">
<pin_list>
<pin id="45" dir="1" index="0" bw="1" slack="0"/>
</pin_list>
<bind>
<StgValue><ssdm name="_ssdm_op_PartSelect.i16.i32.i32.i32"/></StgValue>
</bind>
</comp>

<comp id="46" class="1001" name="const_46">
<pin_list>
<pin id="47" dir="1" index="0" bw="1" slack="0"/>
</pin_list>
<bind>
<StgValue><ssdm name=""/></StgValue>
</bind>
</comp>

<comp id="48" class="1001" name="const_48">
<pin_list>
<pin id="49" dir="1" index="0" bw="1" slack="0"/>
</pin_list>
<bind>
<StgValue><ssdm name=""/></StgValue>
</bind>
</comp>

<comp id="50" class="1001" name="const_50">
<pin_list>
<pin id="51" dir="1" index="0" bw="1" slack="0"/>
</pin_list>
<bind>
<StgValue><ssdm name=""/></StgValue>
</bind>
</comp>

<comp id="52" class="1001" name="const_52">
<pin_list>
<pin id="53" dir="1" index="0" bw="1" slack="0"/>
</pin_list>
<bind>
<StgValue><ssdm name="_ssdm_op_PartSelect.i5.i32.i32.i32"/></StgValue>
</bind>
</comp>

<comp id="54" class="1001" name="const_54">
<pin_list>
<pin id="55" dir="1" index="0" bw="1" slack="0"/>
</pin_list>
<bind>
<StgValue><ssdm name=""/></StgValue>
</bind>
</comp>

<comp id="56" class="1001" name="const_56">
<pin_list>
<pin id="57" dir="1" index="0" bw="1" slack="0"/>
</pin_list>
<bind>
<StgValue><ssdm name=""/></StgValue>
</bind>
</comp>

<comp id="58" class="1001" name="const_58">
<pin_list>
<pin id="59" dir="1" index="0" bw="1" slack="0"/>
</pin_list>
<bind>
<StgValue><ssdm name="_ssdm_op_PartSelect.i6.i32.i32.i32"/></StgValue>
</bind>
</comp>

<comp id="60" class="1001" name="const_60">
<pin_list>
<pin id="61" dir="1" index="0" bw="1" slack="0"/>
</pin_list>
<bind>
<StgValue><ssdm name=""/></StgValue>
</bind>
</comp>

<comp id="62" class="1001" name="const_62">
<pin_list>
<pin id="63" dir="1" index="0" bw="1" slack="0"/>
</pin_list>
<bind>
<StgValue><ssdm name=""/></StgValue>
</bind>
</comp>

<comp id="64" class="1001" name="const_64">
<pin_list>
<pin id="65" dir="1" index="0" bw="1" slack="0"/>
</pin_list>
<bind>
<StgValue><ssdm name=""/></StgValue>
</bind>
</comp>

<comp id="66" class="1001" name="const_66">
<pin_list>
<pin id="67" dir="1" index="0" bw="1" slack="0"/>
</pin_list>
<bind>
<StgValue><ssdm name="_ssdm_op_BitSelect.i1.i16.i32"/></StgValue>
</bind>
</comp>

<comp id="68" class="1001" name="const_68">
<pin_list>
<pin id="69" dir="1" index="0" bw="1" slack="0"/>
</pin_list>
<bind>
<StgValue><ssdm name="_ssdm_op_BitConcatenate.i20.i16.i4"/></StgValue>
</bind>
</comp>

<comp id="70" class="1001" name="const_70">
<pin_list>
<pin id="71" dir="1" index="0" bw="1" slack="0"/>
</pin_list>
<bind>
<StgValue><ssdm name=""/></StgValue>
</bind>
</comp>

<comp id="72" class="1001" name="const_72">
<pin_list>
<pin id="73" dir="1" index="0" bw="1" slack="0"/>
</pin_list>
<bind>
<StgValue><ssdm name="_ssdm_op_BitConcatenate.i15.i11.i4"/></StgValue>
</bind>
</comp>

<comp id="74" class="1001" name="const_74">
<pin_list>
<pin id="75" dir="1" index="0" bw="1" slack="0"/>
</pin_list>
<bind>
<StgValue><ssdm name="_ssdm_op_BitSelect.i1.i35.i32"/></StgValue>
</bind>
</comp>

<comp id="76" class="1001" name="const_76">
<pin_list>
<pin id="77" dir="1" index="0" bw="1" slack="0"/>
</pin_list>
<bind>
<StgValue><ssdm name=""/></StgValue>
</bind>
</comp>

<comp id="78" class="1001" name="const_78">
<pin_list>
<pin id="79" dir="1" index="0" bw="1" slack="0"/>
</pin_list>
<bind>
<StgValue><ssdm name="_ssdm_op_BitConcatenate.i25.i7.i18"/></StgValue>
</bind>
</comp>

<comp id="80" class="1001" name="const_80">
<pin_list>
<pin id="81" dir="1" index="0" bw="1" slack="0"/>
</pin_list>
<bind>
<StgValue><ssdm name=""/></StgValue>
</bind>
</comp>

<comp id="82" class="1001" name="const_82">
<pin_list>
<pin id="83" dir="1" index="0" bw="1" slack="0"/>
</pin_list>
<bind>
<StgValue><ssdm name=""/></StgValue>
</bind>
</comp>

<comp id="84" class="1001" name="const_84">
<pin_list>
<pin id="85" dir="1" index="0" bw="1" slack="0"/>
</pin_list>
<bind>
<StgValue><ssdm name="_ssdm_op_PartSelect.i21.i35.i32.i32"/></StgValue>
</bind>
</comp>

<comp id="86" class="1001" name="const_86">
<pin_list>
<pin id="87" dir="1" index="0" bw="1" slack="0"/>
</pin_list>
<bind>
<StgValue><ssdm name=""/></StgValue>
</bind>
</comp>

<comp id="88" class="1001" name="const_88">
<pin_list>
<pin id="89" dir="1" index="0" bw="1" slack="0"/>
</pin_list>
<bind>
<StgValue><ssdm name="_ssdm_op_BitSelect.i1.i22.i32"/></StgValue>
</bind>
</comp>

<comp id="90" class="1001" name="const_90">
<pin_list>
<pin id="91" dir="1" index="0" bw="1" slack="0"/>
</pin_list>
<bind>
<StgValue><ssdm name=""/></StgValue>
</bind>
</comp>

<comp id="92" class="1001" name="const_92">
<pin_list>
<pin id="93" dir="1" index="0" bw="1" slack="0"/>
</pin_list>
<bind>
<StgValue><ssdm name=""/></StgValue>
</bind>
</comp>

<comp id="94" class="1001" name="const_94">
<pin_list>
<pin id="95" dir="1" index="0" bw="1" slack="0"/>
</pin_list>
<bind>
<StgValue><ssdm name=""/></StgValue>
</bind>
</comp>

<comp id="96" class="1001" name="const_96">
<pin_list>
<pin id="97" dir="1" index="0" bw="1" slack="0"/>
</pin_list>
<bind>
<StgValue><ssdm name="_ssdm_op_BitSelect.i1.i24.i32"/></StgValue>
</bind>
</comp>

<comp id="98" class="1001" name="const_98">
<pin_list>
<pin id="99" dir="1" index="0" bw="1" slack="0"/>
</pin_list>
<bind>
<StgValue><ssdm name=""/></StgValue>
</bind>
</comp>

<comp id="100" class="1001" name="const_100">
<pin_list>
<pin id="101" dir="1" index="0" bw="1" slack="0"/>
</pin_list>
<bind>
<StgValue><ssdm name="_ssdm_op_PartSelect.i16.i24.i32.i32"/></StgValue>
</bind>
</comp>

<comp id="102" class="1001" name="const_102">
<pin_list>
<pin id="103" dir="1" index="0" bw="1" slack="0"/>
</pin_list>
<bind>
<StgValue><ssdm name=""/></StgValue>
</bind>
</comp>

<comp id="104" class="1001" name="const_104">
<pin_list>
<pin id="105" dir="1" index="0" bw="1" slack="0"/>
</pin_list>
<bind>
<StgValue><ssdm name=""/></StgValue>
</bind>
</comp>

<comp id="106" class="1001" name="const_106">
<pin_list>
<pin id="107" dir="1" index="0" bw="1" slack="0"/>
</pin_list>
<bind>
<StgValue><ssdm name=""/></StgValue>
</bind>
</comp>

<comp id="108" class="1001" name="const_108">
<pin_list>
<pin id="109" dir="1" index="0" bw="1" slack="0"/>
</pin_list>
<bind>
<StgValue><ssdm name="_ssdm_op_PartSelect.i3.i24.i32.i32"/></StgValue>
</bind>
</comp>

<comp id="110" class="1001" name="const_110">
<pin_list>
<pin id="111" dir="1" index="0" bw="1" slack="0"/>
</pin_list>
<bind>
<StgValue><ssdm name=""/></StgValue>
</bind>
</comp>

<comp id="112" class="1001" name="const_112">
<pin_list>
<pin id="113" dir="1" index="0" bw="1" slack="0"/>
</pin_list>
<bind>
<StgValue><ssdm name="_ssdm_op_PartSelect.i4.i24.i32.i32"/></StgValue>
</bind>
</comp>

<comp id="114" class="1001" name="const_114">
<pin_list>
<pin id="115" dir="1" index="0" bw="1" slack="0"/>
</pin_list>
<bind>
<StgValue><ssdm name=""/></StgValue>
</bind>
</comp>

<comp id="116" class="1001" name="const_116">
<pin_list>
<pin id="117" dir="1" index="0" bw="1" slack="0"/>
</pin_list>
<bind>
<StgValue><ssdm name=""/></StgValue>
</bind>
</comp>

<comp id="118" class="1001" name="const_118">
<pin_list>
<pin id="119" dir="1" index="0" bw="1" slack="2147483647"/>
</pin_list>
<bind>
<StgValue><ssdm name="_ssdm_op_SpecPipeline"/></StgValue>
</bind>
</comp>

<comp id="120" class="1001" name="const_120">
<pin_list>
<pin id="121" dir="1" index="0" bw="1" slack="2147483647"/>
</pin_list>
<bind>
<StgValue><ssdm name=""/></StgValue>
</bind>
</comp>

<comp id="122" class="1001" name="const_122">
<pin_list>
<pin id="123" dir="1" index="0" bw="1" slack="2147483647"/>
</pin_list>
<bind>
<StgValue><ssdm name=""/></StgValue>
</bind>
</comp>

<comp id="124" class="1001" name="const_124">
<pin_list>
<pin id="125" dir="1" index="0" bw="1" slack="2147483647"/>
</pin_list>
<bind>
<StgValue><ssdm name="empty_9"/></StgValue>
</bind>
</comp>

<comp id="126" class="1001" name="const_126">
<pin_list>
<pin id="127" dir="1" index="0" bw="1" slack="2147483647"/>
</pin_list>
<bind>
<StgValue><ssdm name="_ssdm_op_SpecLoopName"/></StgValue>
</bind>
</comp>

<comp id="128" class="1001" name="const_128">
<pin_list>
<pin id="129" dir="1" index="0" bw="1" slack="2147483647"/>
</pin_list>
<bind>
<StgValue><ssdm name="empty_11"/></StgValue>
</bind>
</comp>

<comp id="130" class="1004" name="feature_fu_130">
<pin_list>
<pin id="131" dir="0" index="0" bw="1" slack="0"/>
<pin id="132" dir="1" index="1" bw="5" slack="0"/>
</pin_list>
<bind>
<opcode="alloca(26) " fcode="alloca"/>
<opset="feature/1 "/>
</bind>
</comp>

<comp id="134" class="1004" name="conv7_i340_read_read_fu_134">
<pin_list>
<pin id="135" dir="0" index="0" bw="16" slack="0"/>
<pin id="136" dir="0" index="1" bw="16" slack="0"/>
<pin id="137" dir="1" index="2" bw="16" slack="0"/>
</pin_list>
<bind>
<opcode="read(1150) " fcode="read"/>
<opset="conv7_i340_read/1 "/>
</bind>
</comp>

<comp id="140" class="1004" name="sext_ln1348_read_read_fu_140">
<pin_list>
<pin id="141" dir="0" index="0" bw="16" slack="0"/>
<pin id="142" dir="0" index="1" bw="16" slack="0"/>
<pin id="143" dir="1" index="2" bw="16" slack="0"/>
</pin_list>
<bind>
<opcode="read(1150) " fcode="read"/>
<opset="sext_ln1348_read/1 "/>
</bind>
</comp>

<comp id="146" class="1004" name="input_addr_gep_fu_146">
<pin_list>
<pin id="147" dir="0" index="0" bw="16" slack="0"/>
<pin id="148" dir="0" index="1" bw="1" slack="0"/>
<pin id="149" dir="0" index="2" bw="5" slack="0"/>
<pin id="150" dir="1" index="3" bw="4" slack="0"/>
</pin_list>
<bind>
<opcode="getelementptr(29) " fcode="getelementptr"/>
<opset="input_addr/1 "/>
</bind>
</comp>

<comp id="153" class="1004" name="grp_access_fu_153">
<pin_list>
<pin id="154" dir="0" index="0" bw="4" slack="0"/>
<pin id="155" dir="0" index="1" bw="16" slack="2147483647"/>
<pin id="156" dir="0" index="2" bw="0" slack="2147483647"/>
<pin id="157" dir="1" index="3" bw="16" slack="0"/>
</pin_list>
<bind>
<opcode="load(27) " fcode="load"/>
<opset="input_load/1 "/>
</bind>
</comp>

<comp id="159" class="1004" name="OUTPUT_NORM_WEIGHT_V_addr_gep_fu_159">
<pin_list>
<pin id="160" dir="0" index="0" bw="11" slack="0"/>
<pin id="161" dir="0" index="1" bw="1" slack="0"/>
<pin id="162" dir="0" index="2" bw="5" slack="6"/>
<pin id="163" dir="1" index="3" bw="4" slack="0"/>
</pin_list>
<bind>
<opcode="getelementptr(29) " fcode="getelementptr"/>
<opset="OUTPUT_NORM_WEIGHT_V_addr/7 "/>
</bind>
</comp>

<comp id="166" class="1004" name="grp_access_fu_166">
<pin_list>
<pin id="167" dir="0" index="0" bw="4" slack="0"/>
<pin id="168" dir="0" index="1" bw="11" slack="2147483647"/>
<pin id="169" dir="0" index="2" bw="0" slack="2147483647"/>
<pin id="170" dir="1" index="3" bw="11" slack="0"/>
</pin_list>
<bind>
<opcode="load(27) " fcode="load"/>
<opset="OUTPUT_NORM_WEIGHT_V_load/7 "/>
</bind>
</comp>

<comp id="172" class="1004" name="OUTPUT_NORM_BIAS_V_addr_gep_fu_172">
<pin_list>
<pin id="173" dir="0" index="0" bw="7" slack="0"/>
<pin id="174" dir="0" index="1" bw="1" slack="0"/>
<pin id="175" dir="0" index="2" bw="5" slack="10"/>
<pin id="176" dir="1" index="3" bw="4" slack="0"/>
</pin_list>
<bind>
<opcode="getelementptr(29) " fcode="getelementptr"/>
<opset="OUTPUT_NORM_BIAS_V_addr/11 "/>
</bind>
</comp>

<comp id="179" class="1004" name="grp_access_fu_179">
<pin_list>
<pin id="180" dir="0" index="0" bw="4" slack="0"/>
<pin id="181" dir="0" index="1" bw="7" slack="2147483647"/>
<pin id="182" dir="0" index="2" bw="0" slack="2147483647"/>
<pin id="183" dir="1" index="3" bw="7" slack="0"/>
</pin_list>
<bind>
<opcode="load(27) " fcode="load"/>
<opset="OUTPUT_NORM_BIAS_V_load/11 "/>
</bind>
</comp>

<comp id="185" class="1004" name="output_addr_gep_fu_185">
<pin_list>
<pin id="186" dir="0" index="0" bw="16" slack="0"/>
<pin id="187" dir="0" index="1" bw="1" slack="0"/>
<pin id="188" dir="0" index="2" bw="5" slack="13"/>
<pin id="189" dir="1" index="3" bw="4" slack="0"/>
</pin_list>
<bind>
<opcode="getelementptr(29) " fcode="getelementptr"/>
<opset="output_addr/14 "/>
</bind>
</comp>

<comp id="192" class="1004" name="store_ln82_access_fu_192">
<pin_list>
<pin id="193" dir="0" index="0" bw="4" slack="0"/>
<pin id="194" dir="0" index="1" bw="16" slack="0"/>
<pin id="195" dir="0" index="2" bw="0" slack="2147483647"/>
<pin id="196" dir="1" index="3" bw="16" slack="2147483647"/>
</pin_list>
<bind>
<opcode="store(28) " fcode="store"/>
<opset="store_ln82/14 "/>
</bind>
</comp>

<comp id="198" class="1004" name="conv7_i340_cast_fu_198">
<pin_list>
<pin id="199" dir="0" index="0" bw="16" slack="0"/>
<pin id="200" dir="1" index="1" bw="32" slack="2"/>
</pin_list>
<bind>
<opcode="sext(35) " fcode="sext"/>
<opset="conv7_i340_cast/1 "/>
</bind>
</comp>

<comp id="202" class="1004" name="sext_ln1348_cast_fu_202">
<pin_list>
<pin id="203" dir="0" index="0" bw="16" slack="0"/>
<pin id="204" dir="1" index="1" bw="17" slack="1"/>
</pin_list>
<bind>
<opcode="sext(35) " fcode="sext"/>
<opset="sext_ln1348_cast/1 "/>
</bind>
</comp>

<comp id="206" class="1004" name="store_ln0_store_fu_206">
<pin_list>
<pin id="207" dir="0" index="0" bw="1" slack="0"/>
<pin id="208" dir="0" index="1" bw="5" slack="0"/>
<pin id="209" dir="1" index="2" bw="0" slack="2147483647"/>
</pin_list>
<bind>
<opcode="store(28) " fcode="store"/>
<opset="store_ln0/1 "/>
</bind>
</comp>

<comp id="211" class="1004" name="feature_7_load_fu_211">
<pin_list>
<pin id="212" dir="0" index="0" bw="5" slack="0"/>
<pin id="213" dir="1" index="1" bw="5" slack="0"/>
</pin_list>
<bind>
<opcode="load(27) " fcode="load"/>
<opset="feature_7/1 "/>
</bind>
</comp>

<comp id="214" class="1004" name="icmp_ln75_fu_214">
<pin_list>
<pin id="215" dir="0" index="0" bw="5" slack="0"/>
<pin id="216" dir="0" index="1" bw="5" slack="0"/>
<pin id="217" dir="1" index="2" bw="1" slack="1"/>
</pin_list>
<bind>
<opcode="icmp(45) " fcode="icmp"/>
<opset="icmp_ln75/1 "/>
</bind>
</comp>

<comp id="220" class="1004" name="add_ln75_fu_220">
<pin_list>
<pin id="221" dir="0" index="0" bw="5" slack="0"/>
<pin id="222" dir="0" index="1" bw="1" slack="0"/>
<pin id="223" dir="1" index="2" bw="5" slack="0"/>
</pin_list>
<bind>
<opcode="add(8) " fcode="add"/>
<opset="add_ln75/1 "/>
</bind>
</comp>

<comp id="226" class="1004" name="zext_ln75_fu_226">
<pin_list>
<pin id="227" dir="0" index="0" bw="5" slack="0"/>
<pin id="228" dir="1" index="1" bw="64" slack="0"/>
</pin_list>
<bind>
<opcode="zext(34) " fcode="zext"/>
<opset="zext_ln75/1 "/>
</bind>
</comp>

<comp id="231" class="1004" name="store_ln75_store_fu_231">
<pin_list>
<pin id="232" dir="0" index="0" bw="5" slack="0"/>
<pin id="233" dir="0" index="1" bw="5" slack="0"/>
<pin id="234" dir="1" index="2" bw="0" slack="2147483647"/>
</pin_list>
<bind>
<opcode="store(28) " fcode="store"/>
<opset="store_ln75/1 "/>
</bind>
</comp>

<comp id="236" class="1004" name="sext_ln1348_4_fu_236">
<pin_list>
<pin id="237" dir="0" index="0" bw="16" slack="0"/>
<pin id="238" dir="1" index="1" bw="17" slack="0"/>
</pin_list>
<bind>
<opcode="sext(35) " fcode="sext"/>
<opset="sext_ln1348_4/2 "/>
</bind>
</comp>

<comp id="240" class="1004" name="ret_V_fu_240">
<pin_list>
<pin id="241" dir="0" index="0" bw="16" slack="0"/>
<pin id="242" dir="0" index="1" bw="16" slack="1"/>
<pin id="243" dir="1" index="2" bw="17" slack="0"/>
</pin_list>
<bind>
<opcode="sub(10) " fcode="sub"/>
<opset="ret_V/2 "/>
</bind>
</comp>

<comp id="245" class="1004" name="p_Result_s_fu_245">
<pin_list>
<pin id="246" dir="0" index="0" bw="1" slack="0"/>
<pin id="247" dir="0" index="1" bw="17" slack="0"/>
<pin id="248" dir="0" index="2" bw="6" slack="0"/>
<pin id="249" dir="1" index="3" bw="1" slack="0"/>
</pin_list>
<bind>
<opcode="bitselect(1000) " fcode="bitselect"/>
<opset="p_Result_s/2 "/>
</bind>
</comp>

<comp id="253" class="1004" name="p_Val2_123_fu_253">
<pin_list>
<pin id="254" dir="0" index="0" bw="17" slack="0"/>
<pin id="255" dir="1" index="1" bw="16" slack="0"/>
</pin_list>
<bind>
<opcode="trunc(33) " fcode="trunc"/>
<opset="p_Val2_123/2 "/>
</bind>
</comp>

<comp id="257" class="1004" name="p_Result_198_fu_257">
<pin_list>
<pin id="258" dir="0" index="0" bw="1" slack="0"/>
<pin id="259" dir="0" index="1" bw="17" slack="0"/>
<pin id="260" dir="0" index="2" bw="5" slack="0"/>
<pin id="261" dir="1" index="3" bw="1" slack="0"/>
</pin_list>
<bind>
<opcode="bitselect(1000) " fcode="bitselect"/>
<opset="p_Result_198/2 "/>
</bind>
</comp>

<comp id="265" class="1004" name="xor_ln895_fu_265">
<pin_list>
<pin id="266" dir="0" index="0" bw="1" slack="0"/>
<pin id="267" dir="0" index="1" bw="1" slack="0"/>
<pin id="268" dir="1" index="2" bw="1" slack="0"/>
</pin_list>
<bind>
<opcode="xor(25) " fcode="xor"/>
<opset="xor_ln895/2 "/>
</bind>
</comp>

<comp id="271" class="1004" name="overflow_fu_271">
<pin_list>
<pin id="272" dir="0" index="0" bw="1" slack="0"/>
<pin id="273" dir="0" index="1" bw="1" slack="0"/>
<pin id="274" dir="1" index="2" bw="1" slack="0"/>
</pin_list>
<bind>
<opcode="and(23) " fcode="and"/>
<opset="overflow/2 "/>
</bind>
</comp>

<comp id="277" class="1004" name="xor_ln302_fu_277">
<pin_list>
<pin id="278" dir="0" index="0" bw="1" slack="0"/>
<pin id="279" dir="0" index="1" bw="1" slack="0"/>
<pin id="280" dir="1" index="2" bw="1" slack="0"/>
</pin_list>
<bind>
<opcode="xor(25) " fcode="xor"/>
<opset="xor_ln302/2 "/>
</bind>
</comp>

<comp id="283" class="1004" name="select_ln346_fu_283">
<pin_list>
<pin id="284" dir="0" index="0" bw="1" slack="0"/>
<pin id="285" dir="0" index="1" bw="16" slack="0"/>
<pin id="286" dir="0" index="2" bw="16" slack="0"/>
<pin id="287" dir="1" index="3" bw="16" slack="0"/>
</pin_list>
<bind>
<opcode="select(49) " fcode="select"/>
<opset="select_ln346/2 "/>
</bind>
</comp>

<comp id="291" class="1004" name="r_V_fu_291">
<pin_list>
<pin id="292" dir="0" index="0" bw="1" slack="0"/>
<pin id="293" dir="0" index="1" bw="16" slack="0"/>
<pin id="294" dir="0" index="2" bw="16" slack="0"/>
<pin id="295" dir="1" index="3" bw="16" slack="1"/>
</pin_list>
<bind>
<opcode="select(49) " fcode="select"/>
<opset="r_V/2 "/>
</bind>
</comp>

<comp id="299" class="1004" name="sext_ln1271_fu_299">
<pin_list>
<pin id="300" dir="0" index="0" bw="16" slack="1"/>
<pin id="301" dir="1" index="1" bw="32" slack="0"/>
</pin_list>
<bind>
<opcode="sext(35) " fcode="sext"/>
<opset="sext_ln1271/3 "/>
</bind>
</comp>

<comp id="302" class="1004" name="p_Result_199_fu_302">
<pin_list>
<pin id="303" dir="0" index="0" bw="1" slack="0"/>
<pin id="304" dir="0" index="1" bw="32" slack="0"/>
<pin id="305" dir="0" index="2" bw="6" slack="0"/>
<pin id="306" dir="1" index="3" bw="1" slack="1"/>
</pin_list>
<bind>
<opcode="bitselect(1000) " fcode="bitselect"/>
<opset="p_Result_199/6 "/>
</bind>
</comp>

<comp id="309" class="1004" name="normalized_V_fu_309">
<pin_list>
<pin id="310" dir="0" index="0" bw="16" slack="0"/>
<pin id="311" dir="0" index="1" bw="32" slack="0"/>
<pin id="312" dir="0" index="2" bw="5" slack="0"/>
<pin id="313" dir="0" index="3" bw="6" slack="0"/>
<pin id="314" dir="1" index="4" bw="16" slack="1"/>
</pin_list>
<bind>
<opcode="partselect(1002) " fcode="partselect"/>
<opset="normalized_V/6 "/>
</bind>
</comp>

<comp id="318" class="1004" name="p_Result_200_fu_318">
<pin_list>
<pin id="319" dir="0" index="0" bw="1" slack="0"/>
<pin id="320" dir="0" index="1" bw="32" slack="0"/>
<pin id="321" dir="0" index="2" bw="6" slack="0"/>
<pin id="322" dir="1" index="3" bw="1" slack="1"/>
</pin_list>
<bind>
<opcode="bitselect(1000) " fcode="bitselect"/>
<opset="p_Result_200/6 "/>
</bind>
</comp>

<comp id="325" class="1004" name="tmp_fu_325">
<pin_list>
<pin id="326" dir="0" index="0" bw="1" slack="0"/>
<pin id="327" dir="0" index="1" bw="32" slack="0"/>
<pin id="328" dir="0" index="2" bw="5" slack="0"/>
<pin id="329" dir="1" index="3" bw="1" slack="1"/>
</pin_list>
<bind>
<opcode="bitselect(1000) " fcode="bitselect"/>
<opset="tmp/6 "/>
</bind>
</comp>

<comp id="332" class="1004" name="tmp_s_fu_332">
<pin_list>
<pin id="333" dir="0" index="0" bw="5" slack="0"/>
<pin id="334" dir="0" index="1" bw="32" slack="0"/>
<pin id="335" dir="0" index="2" bw="6" slack="0"/>
<pin id="336" dir="0" index="3" bw="6" slack="0"/>
<pin id="337" dir="1" index="4" bw="5" slack="0"/>
</pin_list>
<bind>
<opcode="partselect(1002) " fcode="partselect"/>
<opset="tmp_s/6 "/>
</bind>
</comp>

<comp id="341" class="1004" name="Range2_all_ones_fu_341">
<pin_list>
<pin id="342" dir="0" index="0" bw="5" slack="0"/>
<pin id="343" dir="0" index="1" bw="1" slack="0"/>
<pin id="344" dir="1" index="2" bw="1" slack="1"/>
</pin_list>
<bind>
<opcode="icmp(45) " fcode="icmp"/>
<opset="Range2_all_ones/6 "/>
</bind>
</comp>

<comp id="347" class="1004" name="tmp_50_fu_347">
<pin_list>
<pin id="348" dir="0" index="0" bw="6" slack="0"/>
<pin id="349" dir="0" index="1" bw="32" slack="0"/>
<pin id="350" dir="0" index="2" bw="6" slack="0"/>
<pin id="351" dir="0" index="3" bw="6" slack="0"/>
<pin id="352" dir="1" index="4" bw="6" slack="0"/>
</pin_list>
<bind>
<opcode="partselect(1002) " fcode="partselect"/>
<opset="tmp_50/6 "/>
</bind>
</comp>

<comp id="356" class="1004" name="Range1_all_ones_fu_356">
<pin_list>
<pin id="357" dir="0" index="0" bw="6" slack="0"/>
<pin id="358" dir="0" index="1" bw="1" slack="0"/>
<pin id="359" dir="1" index="2" bw="1" slack="1"/>
</pin_list>
<bind>
<opcode="icmp(45) " fcode="icmp"/>
<opset="Range1_all_ones/6 "/>
</bind>
</comp>

<comp id="362" class="1004" name="Range1_all_zeros_fu_362">
<pin_list>
<pin id="363" dir="0" index="0" bw="6" slack="0"/>
<pin id="364" dir="0" index="1" bw="1" slack="0"/>
<pin id="365" dir="1" index="2" bw="1" slack="1"/>
</pin_list>
<bind>
<opcode="icmp(45) " fcode="icmp"/>
<opset="Range1_all_zeros/6 "/>
</bind>
</comp>

<comp id="368" class="1004" name="zext_ln377_fu_368">
<pin_list>
<pin id="369" dir="0" index="0" bw="1" slack="1"/>
<pin id="370" dir="1" index="1" bw="16" slack="0"/>
</pin_list>
<bind>
<opcode="zext(34) " fcode="zext"/>
<opset="zext_ln377/7 "/>
</bind>
</comp>

<comp id="371" class="1004" name="normalized_V_2_fu_371">
<pin_list>
<pin id="372" dir="0" index="0" bw="1" slack="0"/>
<pin id="373" dir="0" index="1" bw="16" slack="1"/>
<pin id="374" dir="1" index="2" bw="16" slack="0"/>
</pin_list>
<bind>
<opcode="add(8) " fcode="add"/>
<opset="normalized_V_2/7 "/>
</bind>
</comp>

<comp id="376" class="1004" name="p_Result_201_fu_376">
<pin_list>
<pin id="377" dir="0" index="0" bw="1" slack="0"/>
<pin id="378" dir="0" index="1" bw="16" slack="0"/>
<pin id="379" dir="0" index="2" bw="5" slack="0"/>
<pin id="380" dir="1" index="3" bw="1" slack="0"/>
</pin_list>
<bind>
<opcode="bitselect(1000) " fcode="bitselect"/>
<opset="p_Result_201/7 "/>
</bind>
</comp>

<comp id="384" class="1004" name="xor_ln896_fu_384">
<pin_list>
<pin id="385" dir="0" index="0" bw="1" slack="0"/>
<pin id="386" dir="0" index="1" bw="1" slack="0"/>
<pin id="387" dir="1" index="2" bw="1" slack="0"/>
</pin_list>
<bind>
<opcode="xor(25) " fcode="xor"/>
<opset="xor_ln896/7 "/>
</bind>
</comp>

<comp id="390" class="1004" name="carry_53_fu_390">
<pin_list>
<pin id="391" dir="0" index="0" bw="1" slack="1"/>
<pin id="392" dir="0" index="1" bw="1" slack="0"/>
<pin id="393" dir="1" index="2" bw="1" slack="0"/>
</pin_list>
<bind>
<opcode="and(23) " fcode="and"/>
<opset="carry_53/7 "/>
</bind>
</comp>

<comp id="395" class="1004" name="deleted_zeros_fu_395">
<pin_list>
<pin id="396" dir="0" index="0" bw="1" slack="0"/>
<pin id="397" dir="0" index="1" bw="1" slack="1"/>
<pin id="398" dir="0" index="2" bw="1" slack="1"/>
<pin id="399" dir="1" index="3" bw="1" slack="0"/>
</pin_list>
<bind>
<opcode="select(49) " fcode="select"/>
<opset="deleted_zeros/7 "/>
</bind>
</comp>

<comp id="401" class="1004" name="tmp_191_fu_401">
<pin_list>
<pin id="402" dir="0" index="0" bw="1" slack="0"/>
<pin id="403" dir="0" index="1" bw="32" slack="1"/>
<pin id="404" dir="0" index="2" bw="6" slack="0"/>
<pin id="405" dir="1" index="3" bw="1" slack="0"/>
</pin_list>
<bind>
<opcode="bitselect(1000) " fcode="bitselect"/>
<opset="tmp_191/7 "/>
</bind>
</comp>

<comp id="408" class="1004" name="xor_ln890_fu_408">
<pin_list>
<pin id="409" dir="0" index="0" bw="1" slack="0"/>
<pin id="410" dir="0" index="1" bw="1" slack="0"/>
<pin id="411" dir="1" index="2" bw="1" slack="0"/>
</pin_list>
<bind>
<opcode="xor(25) " fcode="xor"/>
<opset="xor_ln890/7 "/>
</bind>
</comp>

<comp id="414" class="1004" name="and_ln890_10_fu_414">
<pin_list>
<pin id="415" dir="0" index="0" bw="1" slack="1"/>
<pin id="416" dir="0" index="1" bw="1" slack="0"/>
<pin id="417" dir="1" index="2" bw="1" slack="0"/>
</pin_list>
<bind>
<opcode="and(23) " fcode="and"/>
<opset="and_ln890_10/7 "/>
</bind>
</comp>

<comp id="419" class="1004" name="deleted_ones_34_fu_419">
<pin_list>
<pin id="420" dir="0" index="0" bw="1" slack="0"/>
<pin id="421" dir="0" index="1" bw="1" slack="0"/>
<pin id="422" dir="0" index="2" bw="1" slack="1"/>
<pin id="423" dir="1" index="3" bw="1" slack="0"/>
</pin_list>
<bind>
<opcode="select(49) " fcode="select"/>
<opset="deleted_ones_34/7 "/>
</bind>
</comp>

<comp id="426" class="1004" name="and_ln891_fu_426">
<pin_list>
<pin id="427" dir="0" index="0" bw="1" slack="0"/>
<pin id="428" dir="0" index="1" bw="1" slack="1"/>
<pin id="429" dir="1" index="2" bw="1" slack="0"/>
</pin_list>
<bind>
<opcode="and(23) " fcode="and"/>
<opset="and_ln891/7 "/>
</bind>
</comp>

<comp id="431" class="1004" name="xor_ln895_37_fu_431">
<pin_list>
<pin id="432" dir="0" index="0" bw="1" slack="0"/>
<pin id="433" dir="0" index="1" bw="1" slack="0"/>
<pin id="434" dir="1" index="2" bw="1" slack="0"/>
</pin_list>
<bind>
<opcode="xor(25) " fcode="xor"/>
<opset="xor_ln895_37/7 "/>
</bind>
</comp>

<comp id="437" class="1004" name="or_ln895_fu_437">
<pin_list>
<pin id="438" dir="0" index="0" bw="1" slack="0"/>
<pin id="439" dir="0" index="1" bw="1" slack="0"/>
<pin id="440" dir="1" index="2" bw="1" slack="0"/>
</pin_list>
<bind>
<opcode="or(24) " fcode="or"/>
<opset="or_ln895/7 "/>
</bind>
</comp>

<comp id="443" class="1004" name="xor_ln895_38_fu_443">
<pin_list>
<pin id="444" dir="0" index="0" bw="1" slack="1"/>
<pin id="445" dir="0" index="1" bw="1" slack="0"/>
<pin id="446" dir="1" index="2" bw="1" slack="0"/>
</pin_list>
<bind>
<opcode="xor(25) " fcode="xor"/>
<opset="xor_ln895_38/7 "/>
</bind>
</comp>

<comp id="448" class="1004" name="overflow_32_fu_448">
<pin_list>
<pin id="449" dir="0" index="0" bw="1" slack="0"/>
<pin id="450" dir="0" index="1" bw="1" slack="0"/>
<pin id="451" dir="1" index="2" bw="1" slack="0"/>
</pin_list>
<bind>
<opcode="and(23) " fcode="and"/>
<opset="overflow_32/7 "/>
</bind>
</comp>

<comp id="454" class="1004" name="xor_ln896_50_fu_454">
<pin_list>
<pin id="455" dir="0" index="0" bw="1" slack="0"/>
<pin id="456" dir="0" index="1" bw="1" slack="0"/>
<pin id="457" dir="1" index="2" bw="1" slack="0"/>
</pin_list>
<bind>
<opcode="xor(25) " fcode="xor"/>
<opset="xor_ln896_50/7 "/>
</bind>
</comp>

<comp id="460" class="1004" name="or_ln896_fu_460">
<pin_list>
<pin id="461" dir="0" index="0" bw="1" slack="0"/>
<pin id="462" dir="0" index="1" bw="1" slack="0"/>
<pin id="463" dir="1" index="2" bw="1" slack="0"/>
</pin_list>
<bind>
<opcode="or(24) " fcode="or"/>
<opset="or_ln896/7 "/>
</bind>
</comp>

<comp id="466" class="1004" name="xor_ln896_51_fu_466">
<pin_list>
<pin id="467" dir="0" index="0" bw="1" slack="0"/>
<pin id="468" dir="0" index="1" bw="1" slack="0"/>
<pin id="469" dir="1" index="2" bw="1" slack="0"/>
</pin_list>
<bind>
<opcode="xor(25) " fcode="xor"/>
<opset="xor_ln896_51/7 "/>
</bind>
</comp>

<comp id="472" class="1004" name="underflow_fu_472">
<pin_list>
<pin id="473" dir="0" index="0" bw="1" slack="0"/>
<pin id="474" dir="0" index="1" bw="1" slack="1"/>
<pin id="475" dir="1" index="2" bw="1" slack="0"/>
</pin_list>
<bind>
<opcode="and(23) " fcode="and"/>
<opset="underflow/7 "/>
</bind>
</comp>

<comp id="477" class="1004" name="or_ln346_fu_477">
<pin_list>
<pin id="478" dir="0" index="0" bw="1" slack="0"/>
<pin id="479" dir="0" index="1" bw="1" slack="0"/>
<pin id="480" dir="1" index="2" bw="1" slack="0"/>
</pin_list>
<bind>
<opcode="or(24) " fcode="or"/>
<opset="or_ln346/7 "/>
</bind>
</comp>

<comp id="483" class="1004" name="select_ln346_41_fu_483">
<pin_list>
<pin id="484" dir="0" index="0" bw="1" slack="0"/>
<pin id="485" dir="0" index="1" bw="16" slack="0"/>
<pin id="486" dir="0" index="2" bw="16" slack="0"/>
<pin id="487" dir="1" index="3" bw="16" slack="0"/>
</pin_list>
<bind>
<opcode="select(49) " fcode="select"/>
<opset="select_ln346_41/7 "/>
</bind>
</comp>

<comp id="491" class="1004" name="select_ln346_42_fu_491">
<pin_list>
<pin id="492" dir="0" index="0" bw="1" slack="0"/>
<pin id="493" dir="0" index="1" bw="16" slack="0"/>
<pin id="494" dir="0" index="2" bw="16" slack="0"/>
<pin id="495" dir="1" index="3" bw="16" slack="1"/>
</pin_list>
<bind>
<opcode="select(49) " fcode="select"/>
<opset="select_ln346_42/7 "/>
</bind>
</comp>

<comp id="499" class="1004" name="r_V_26_fu_499">
<pin_list>
<pin id="500" dir="0" index="0" bw="20" slack="0"/>
<pin id="501" dir="0" index="1" bw="16" slack="1"/>
<pin id="502" dir="0" index="2" bw="1" slack="0"/>
<pin id="503" dir="1" index="3" bw="20" slack="0"/>
</pin_list>
<bind>
<opcode="bitconcatenate(1004) " fcode="bitconcatenate"/>
<opset="r_V_26/8 "/>
</bind>
</comp>

<comp id="506" class="1004" name="shl_ln838_s_fu_506">
<pin_list>
<pin id="507" dir="0" index="0" bw="15" slack="0"/>
<pin id="508" dir="0" index="1" bw="11" slack="0"/>
<pin id="509" dir="0" index="2" bw="1" slack="0"/>
<pin id="510" dir="1" index="3" bw="15" slack="0"/>
</pin_list>
<bind>
<opcode="bitconcatenate(1004) " fcode="bitconcatenate"/>
<opset="shl_ln838_s/8 "/>
</bind>
</comp>

<comp id="514" class="1004" name="sext_ln1270_fu_514">
<pin_list>
<pin id="515" dir="0" index="0" bw="20" slack="0"/>
<pin id="516" dir="1" index="1" bw="35" slack="0"/>
</pin_list>
<bind>
<opcode="sext(35) " fcode="sext"/>
<opset="sext_ln1270/8 "/>
</bind>
</comp>

<comp id="518" class="1004" name="zext_ln1273_fu_518">
<pin_list>
<pin id="519" dir="0" index="0" bw="15" slack="0"/>
<pin id="520" dir="1" index="1" bw="35" slack="0"/>
</pin_list>
<bind>
<opcode="zext(34) " fcode="zext"/>
<opset="zext_ln1273/8 "/>
</bind>
</comp>

<comp id="522" class="1004" name="tmp_194_fu_522">
<pin_list>
<pin id="523" dir="0" index="0" bw="1" slack="0"/>
<pin id="524" dir="0" index="1" bw="35" slack="0"/>
<pin id="525" dir="0" index="2" bw="5" slack="0"/>
<pin id="526" dir="1" index="3" bw="1" slack="1"/>
</pin_list>
<bind>
<opcode="bitselect(1000) " fcode="bitselect"/>
<opset="tmp_194/11 "/>
</bind>
</comp>

<comp id="529" class="1004" name="rhs_fu_529">
<pin_list>
<pin id="530" dir="0" index="0" bw="25" slack="0"/>
<pin id="531" dir="0" index="1" bw="7" slack="0"/>
<pin id="532" dir="0" index="2" bw="1" slack="0"/>
<pin id="533" dir="1" index="3" bw="25" slack="0"/>
</pin_list>
<bind>
<opcode="bitconcatenate(1004) " fcode="bitconcatenate"/>
<opset="rhs/12 "/>
</bind>
</comp>

<comp id="537" class="1004" name="sext_ln1347_fu_537">
<pin_list>
<pin id="538" dir="0" index="0" bw="25" slack="0"/>
<pin id="539" dir="1" index="1" bw="35" slack="0"/>
</pin_list>
<bind>
<opcode="sext(35) " fcode="sext"/>
<opset="sext_ln1347/12 "/>
</bind>
</comp>

<comp id="541" class="1004" name="ret_V_7_fu_541">
<pin_list>
<pin id="542" dir="0" index="0" bw="25" slack="0"/>
<pin id="543" dir="0" index="1" bw="35" slack="1"/>
<pin id="544" dir="1" index="2" bw="35" slack="0"/>
</pin_list>
<bind>
<opcode="add(8) " fcode="add"/>
<opset="ret_V_7/12 "/>
</bind>
</comp>

<comp id="546" class="1004" name="p_Result_202_fu_546">
<pin_list>
<pin id="547" dir="0" index="0" bw="1" slack="0"/>
<pin id="548" dir="0" index="1" bw="35" slack="0"/>
<pin id="549" dir="0" index="2" bw="7" slack="0"/>
<pin id="550" dir="1" index="3" bw="1" slack="1"/>
</pin_list>
<bind>
<opcode="bitselect(1000) " fcode="bitselect"/>
<opset="p_Result_202/12 "/>
</bind>
</comp>

<comp id="554" class="1004" name="scaled_V_fu_554">
<pin_list>
<pin id="555" dir="0" index="0" bw="21" slack="0"/>
<pin id="556" dir="0" index="1" bw="35" slack="0"/>
<pin id="557" dir="0" index="2" bw="5" slack="0"/>
<pin id="558" dir="0" index="3" bw="7" slack="0"/>
<pin id="559" dir="1" index="4" bw="21" slack="0"/>
</pin_list>
<bind>
<opcode="partselect(1002) " fcode="partselect"/>
<opset="scaled_V/12 "/>
</bind>
</comp>

<comp id="564" class="1004" name="sext_ln79_fu_564">
<pin_list>
<pin id="565" dir="0" index="0" bw="21" slack="0"/>
<pin id="566" dir="1" index="1" bw="22" slack="0"/>
</pin_list>
<bind>
<opcode="sext(35) " fcode="sext"/>
<opset="sext_ln79/12 "/>
</bind>
</comp>

<comp id="568" class="1004" name="p_Result_203_fu_568">
<pin_list>
<pin id="569" dir="0" index="0" bw="1" slack="0"/>
<pin id="570" dir="0" index="1" bw="35" slack="0"/>
<pin id="571" dir="0" index="2" bw="7" slack="0"/>
<pin id="572" dir="1" index="3" bw="1" slack="1"/>
</pin_list>
<bind>
<opcode="bitselect(1000) " fcode="bitselect"/>
<opset="p_Result_203/12 "/>
</bind>
</comp>

<comp id="576" class="1004" name="zext_ln377_15_fu_576">
<pin_list>
<pin id="577" dir="0" index="0" bw="1" slack="1"/>
<pin id="578" dir="1" index="1" bw="22" slack="0"/>
</pin_list>
<bind>
<opcode="zext(34) " fcode="zext"/>
<opset="zext_ln377_15/12 "/>
</bind>
</comp>

<comp id="579" class="1004" name="scaled_V_3_fu_579">
<pin_list>
<pin id="580" dir="0" index="0" bw="1" slack="0"/>
<pin id="581" dir="0" index="1" bw="21" slack="0"/>
<pin id="582" dir="1" index="2" bw="22" slack="0"/>
</pin_list>
<bind>
<opcode="add(8) " fcode="add"/>
<opset="scaled_V_3/12 "/>
</bind>
</comp>

<comp id="585" class="1004" name="p_Result_204_fu_585">
<pin_list>
<pin id="586" dir="0" index="0" bw="1" slack="0"/>
<pin id="587" dir="0" index="1" bw="22" slack="0"/>
<pin id="588" dir="0" index="2" bw="6" slack="0"/>
<pin id="589" dir="1" index="3" bw="1" slack="1"/>
</pin_list>
<bind>
<opcode="bitselect(1000) " fcode="bitselect"/>
<opset="p_Result_204/12 "/>
</bind>
</comp>

<comp id="593" class="1004" name="Range2_all_ones_36_fu_593">
<pin_list>
<pin id="594" dir="0" index="0" bw="1" slack="0"/>
<pin id="595" dir="0" index="1" bw="35" slack="0"/>
<pin id="596" dir="0" index="2" bw="7" slack="0"/>
<pin id="597" dir="1" index="3" bw="1" slack="1"/>
</pin_list>
<bind>
<opcode="bitselect(1000) " fcode="bitselect"/>
<opset="Range2_all_ones_36/12 "/>
</bind>
</comp>

<comp id="601" class="1004" name="sext_ln79_1_fu_601">
<pin_list>
<pin id="602" dir="0" index="0" bw="22" slack="1"/>
<pin id="603" dir="1" index="1" bw="24" slack="0"/>
</pin_list>
<bind>
<opcode="sext(35) " fcode="sext"/>
<opset="sext_ln79_1/13 "/>
</bind>
</comp>

<comp id="604" class="1004" name="xor_ln896_52_fu_604">
<pin_list>
<pin id="605" dir="0" index="0" bw="1" slack="1"/>
<pin id="606" dir="0" index="1" bw="1" slack="0"/>
<pin id="607" dir="1" index="2" bw="1" slack="0"/>
</pin_list>
<bind>
<opcode="xor(25) " fcode="xor"/>
<opset="xor_ln896_52/13 "/>
</bind>
</comp>

<comp id="609" class="1004" name="carry_55_fu_609">
<pin_list>
<pin id="610" dir="0" index="0" bw="1" slack="1"/>
<pin id="611" dir="0" index="1" bw="1" slack="0"/>
<pin id="612" dir="1" index="2" bw="1" slack="0"/>
</pin_list>
<bind>
<opcode="and(23) " fcode="and"/>
<opset="carry_55/13 "/>
</bind>
</comp>

<comp id="614" class="1004" name="xor_ln888_fu_614">
<pin_list>
<pin id="615" dir="0" index="0" bw="1" slack="1"/>
<pin id="616" dir="0" index="1" bw="1" slack="0"/>
<pin id="617" dir="1" index="2" bw="1" slack="0"/>
</pin_list>
<bind>
<opcode="xor(25) " fcode="xor"/>
<opset="xor_ln888/13 "/>
</bind>
</comp>

<comp id="619" class="1004" name="or_ln888_fu_619">
<pin_list>
<pin id="620" dir="0" index="0" bw="1" slack="1"/>
<pin id="621" dir="0" index="1" bw="1" slack="0"/>
<pin id="622" dir="1" index="2" bw="1" slack="0"/>
</pin_list>
<bind>
<opcode="or(24) " fcode="or"/>
<opset="or_ln888/13 "/>
</bind>
</comp>

<comp id="624" class="1004" name="deleted_zeros_16_fu_624">
<pin_list>
<pin id="625" dir="0" index="0" bw="1" slack="1"/>
<pin id="626" dir="0" index="1" bw="1" slack="0"/>
<pin id="627" dir="1" index="2" bw="1" slack="0"/>
</pin_list>
<bind>
<opcode="xor(25) " fcode="xor"/>
<opset="deleted_zeros_16/13 "/>
</bind>
</comp>

<comp id="629" class="1004" name="tmp_197_fu_629">
<pin_list>
<pin id="630" dir="0" index="0" bw="1" slack="0"/>
<pin id="631" dir="0" index="1" bw="35" slack="1"/>
<pin id="632" dir="0" index="2" bw="7" slack="0"/>
<pin id="633" dir="1" index="3" bw="1" slack="0"/>
</pin_list>
<bind>
<opcode="bitselect(1000) " fcode="bitselect"/>
<opset="tmp_197/13 "/>
</bind>
</comp>

<comp id="636" class="1004" name="xor_ln890_12_fu_636">
<pin_list>
<pin id="637" dir="0" index="0" bw="1" slack="0"/>
<pin id="638" dir="0" index="1" bw="1" slack="0"/>
<pin id="639" dir="1" index="2" bw="1" slack="0"/>
</pin_list>
<bind>
<opcode="xor(25) " fcode="xor"/>
<opset="xor_ln890_12/13 "/>
</bind>
</comp>

<comp id="642" class="1004" name="or_ln890_fu_642">
<pin_list>
<pin id="643" dir="0" index="0" bw="1" slack="0"/>
<pin id="644" dir="0" index="1" bw="1" slack="0"/>
<pin id="645" dir="1" index="2" bw="1" slack="0"/>
</pin_list>
<bind>
<opcode="or(24) " fcode="or"/>
<opset="or_ln890/13 "/>
</bind>
</comp>

<comp id="648" class="1004" name="deleted_ones_35_fu_648">
<pin_list>
<pin id="649" dir="0" index="0" bw="1" slack="1"/>
<pin id="650" dir="0" index="1" bw="1" slack="0"/>
<pin id="651" dir="1" index="2" bw="1" slack="0"/>
</pin_list>
<bind>
<opcode="and(23) " fcode="and"/>
<opset="deleted_ones_35/13 "/>
</bind>
</comp>

<comp id="653" class="1004" name="and_ln891_11_fu_653">
<pin_list>
<pin id="654" dir="0" index="0" bw="1" slack="0"/>
<pin id="655" dir="0" index="1" bw="1" slack="1"/>
<pin id="656" dir="1" index="2" bw="1" slack="0"/>
</pin_list>
<bind>
<opcode="and(23) " fcode="and"/>
<opset="and_ln891_11/13 "/>
</bind>
</comp>

<comp id="658" class="1004" name="xor_ln895_39_fu_658">
<pin_list>
<pin id="659" dir="0" index="0" bw="1" slack="0"/>
<pin id="660" dir="0" index="1" bw="1" slack="0"/>
<pin id="661" dir="1" index="2" bw="1" slack="0"/>
</pin_list>
<bind>
<opcode="xor(25) " fcode="xor"/>
<opset="xor_ln895_39/13 "/>
</bind>
</comp>

<comp id="664" class="1004" name="or_ln895_13_fu_664">
<pin_list>
<pin id="665" dir="0" index="0" bw="1" slack="1"/>
<pin id="666" dir="0" index="1" bw="1" slack="0"/>
<pin id="667" dir="1" index="2" bw="1" slack="0"/>
</pin_list>
<bind>
<opcode="or(24) " fcode="or"/>
<opset="or_ln895_13/13 "/>
</bind>
</comp>

<comp id="669" class="1004" name="xor_ln895_40_fu_669">
<pin_list>
<pin id="670" dir="0" index="0" bw="1" slack="1"/>
<pin id="671" dir="0" index="1" bw="1" slack="0"/>
<pin id="672" dir="1" index="2" bw="1" slack="0"/>
</pin_list>
<bind>
<opcode="xor(25) " fcode="xor"/>
<opset="xor_ln895_40/13 "/>
</bind>
</comp>

<comp id="674" class="1004" name="overflow_33_fu_674">
<pin_list>
<pin id="675" dir="0" index="0" bw="1" slack="0"/>
<pin id="676" dir="0" index="1" bw="1" slack="0"/>
<pin id="677" dir="1" index="2" bw="1" slack="0"/>
</pin_list>
<bind>
<opcode="and(23) " fcode="and"/>
<opset="overflow_33/13 "/>
</bind>
</comp>

<comp id="680" class="1004" name="xor_ln896_53_fu_680">
<pin_list>
<pin id="681" dir="0" index="0" bw="1" slack="0"/>
<pin id="682" dir="0" index="1" bw="1" slack="0"/>
<pin id="683" dir="1" index="2" bw="1" slack="0"/>
</pin_list>
<bind>
<opcode="xor(25) " fcode="xor"/>
<opset="xor_ln896_53/13 "/>
</bind>
</comp>

<comp id="686" class="1004" name="or_ln896_11_fu_686">
<pin_list>
<pin id="687" dir="0" index="0" bw="1" slack="0"/>
<pin id="688" dir="0" index="1" bw="1" slack="0"/>
<pin id="689" dir="1" index="2" bw="1" slack="0"/>
</pin_list>
<bind>
<opcode="or(24) " fcode="or"/>
<opset="or_ln896_11/13 "/>
</bind>
</comp>

<comp id="692" class="1004" name="xor_ln896_54_fu_692">
<pin_list>
<pin id="693" dir="0" index="0" bw="1" slack="0"/>
<pin id="694" dir="0" index="1" bw="1" slack="0"/>
<pin id="695" dir="1" index="2" bw="1" slack="0"/>
</pin_list>
<bind>
<opcode="xor(25) " fcode="xor"/>
<opset="xor_ln896_54/13 "/>
</bind>
</comp>

<comp id="698" class="1004" name="underflow_16_fu_698">
<pin_list>
<pin id="699" dir="0" index="0" bw="1" slack="0"/>
<pin id="700" dir="0" index="1" bw="1" slack="1"/>
<pin id="701" dir="1" index="2" bw="1" slack="0"/>
</pin_list>
<bind>
<opcode="and(23) " fcode="and"/>
<opset="underflow_16/13 "/>
</bind>
</comp>

<comp id="703" class="1004" name="select_ln346_43_fu_703">
<pin_list>
<pin id="704" dir="0" index="0" bw="1" slack="0"/>
<pin id="705" dir="0" index="1" bw="24" slack="0"/>
<pin id="706" dir="0" index="2" bw="24" slack="0"/>
<pin id="707" dir="1" index="3" bw="24" slack="0"/>
</pin_list>
<bind>
<opcode="select(49) " fcode="select"/>
<opset="select_ln346_43/13 "/>
</bind>
</comp>

<comp id="711" class="1004" name="or_ln346_12_fu_711">
<pin_list>
<pin id="712" dir="0" index="0" bw="1" slack="0"/>
<pin id="713" dir="0" index="1" bw="1" slack="0"/>
<pin id="714" dir="1" index="2" bw="1" slack="0"/>
</pin_list>
<bind>
<opcode="or(24) " fcode="or"/>
<opset="or_ln346_12/13 "/>
</bind>
</comp>

<comp id="717" class="1004" name="scaled_V_4_fu_717">
<pin_list>
<pin id="718" dir="0" index="0" bw="1" slack="0"/>
<pin id="719" dir="0" index="1" bw="24" slack="0"/>
<pin id="720" dir="0" index="2" bw="22" slack="0"/>
<pin id="721" dir="1" index="3" bw="24" slack="0"/>
</pin_list>
<bind>
<opcode="select(49) " fcode="select"/>
<opset="scaled_V_4/13 "/>
</bind>
</comp>

<comp id="725" class="1004" name="p_Result_205_fu_725">
<pin_list>
<pin id="726" dir="0" index="0" bw="1" slack="0"/>
<pin id="727" dir="0" index="1" bw="24" slack="0"/>
<pin id="728" dir="0" index="2" bw="6" slack="0"/>
<pin id="729" dir="1" index="3" bw="1" slack="1"/>
</pin_list>
<bind>
<opcode="bitselect(1000) " fcode="bitselect"/>
<opset="p_Result_205/13 "/>
</bind>
</comp>

<comp id="733" class="1004" name="p_Val2_131_fu_733">
<pin_list>
<pin id="734" dir="0" index="0" bw="16" slack="0"/>
<pin id="735" dir="0" index="1" bw="24" slack="0"/>
<pin id="736" dir="0" index="2" bw="4" slack="0"/>
<pin id="737" dir="0" index="3" bw="6" slack="0"/>
<pin id="738" dir="1" index="4" bw="16" slack="0"/>
</pin_list>
<bind>
<opcode="partselect(1002) " fcode="partselect"/>
<opset="p_Val2_131/13 "/>
</bind>
</comp>

<comp id="743" class="1004" name="p_Result_206_fu_743">
<pin_list>
<pin id="744" dir="0" index="0" bw="1" slack="0"/>
<pin id="745" dir="0" index="1" bw="24" slack="0"/>
<pin id="746" dir="0" index="2" bw="6" slack="0"/>
<pin id="747" dir="1" index="3" bw="1" slack="1"/>
</pin_list>
<bind>
<opcode="bitselect(1000) " fcode="bitselect"/>
<opset="p_Result_206/13 "/>
</bind>
</comp>

<comp id="751" class="1004" name="tmp_200_fu_751">
<pin_list>
<pin id="752" dir="0" index="0" bw="1" slack="0"/>
<pin id="753" dir="0" index="1" bw="24" slack="0"/>
<pin id="754" dir="0" index="2" bw="3" slack="0"/>
<pin id="755" dir="1" index="3" bw="1" slack="0"/>
</pin_list>
<bind>
<opcode="bitselect(1000) " fcode="bitselect"/>
<opset="tmp_200/13 "/>
</bind>
</comp>

<comp id="759" class="1004" name="zext_ln377_16_fu_759">
<pin_list>
<pin id="760" dir="0" index="0" bw="1" slack="0"/>
<pin id="761" dir="1" index="1" bw="16" slack="0"/>
</pin_list>
<bind>
<opcode="zext(34) " fcode="zext"/>
<opset="zext_ln377_16/13 "/>
</bind>
</comp>

<comp id="763" class="1004" name="p_Val2_132_fu_763">
<pin_list>
<pin id="764" dir="0" index="0" bw="1" slack="0"/>
<pin id="765" dir="0" index="1" bw="16" slack="0"/>
<pin id="766" dir="1" index="2" bw="16" slack="0"/>
</pin_list>
<bind>
<opcode="add(8) " fcode="add"/>
<opset="p_Val2_132/13 "/>
</bind>
</comp>

<comp id="769" class="1004" name="p_Result_207_fu_769">
<pin_list>
<pin id="770" dir="0" index="0" bw="1" slack="0"/>
<pin id="771" dir="0" index="1" bw="16" slack="0"/>
<pin id="772" dir="0" index="2" bw="5" slack="0"/>
<pin id="773" dir="1" index="3" bw="1" slack="1"/>
</pin_list>
<bind>
<opcode="bitselect(1000) " fcode="bitselect"/>
<opset="p_Result_207/13 "/>
</bind>
</comp>

<comp id="777" class="1004" name="tmp_51_fu_777">
<pin_list>
<pin id="778" dir="0" index="0" bw="3" slack="0"/>
<pin id="779" dir="0" index="1" bw="24" slack="0"/>
<pin id="780" dir="0" index="2" bw="6" slack="0"/>
<pin id="781" dir="0" index="3" bw="6" slack="0"/>
<pin id="782" dir="1" index="4" bw="3" slack="0"/>
</pin_list>
<bind>
<opcode="partselect(1002) " fcode="partselect"/>
<opset="tmp_51/13 "/>
</bind>
</comp>

<comp id="787" class="1004" name="Range2_all_ones_35_fu_787">
<pin_list>
<pin id="788" dir="0" index="0" bw="3" slack="0"/>
<pin id="789" dir="0" index="1" bw="1" slack="0"/>
<pin id="790" dir="1" index="2" bw="1" slack="1"/>
</pin_list>
<bind>
<opcode="icmp(45) " fcode="icmp"/>
<opset="Range2_all_ones_35/13 "/>
</bind>
</comp>

<comp id="793" class="1004" name="tmp_52_fu_793">
<pin_list>
<pin id="794" dir="0" index="0" bw="4" slack="0"/>
<pin id="795" dir="0" index="1" bw="24" slack="0"/>
<pin id="796" dir="0" index="2" bw="6" slack="0"/>
<pin id="797" dir="0" index="3" bw="6" slack="0"/>
<pin id="798" dir="1" index="4" bw="4" slack="0"/>
</pin_list>
<bind>
<opcode="partselect(1002) " fcode="partselect"/>
<opset="tmp_52/13 "/>
</bind>
</comp>

<comp id="803" class="1004" name="Range1_all_ones_37_fu_803">
<pin_list>
<pin id="804" dir="0" index="0" bw="4" slack="0"/>
<pin id="805" dir="0" index="1" bw="1" slack="0"/>
<pin id="806" dir="1" index="2" bw="1" slack="1"/>
</pin_list>
<bind>
<opcode="icmp(45) " fcode="icmp"/>
<opset="Range1_all_ones_37/13 "/>
</bind>
</comp>

<comp id="809" class="1004" name="Range1_all_zeros_19_fu_809">
<pin_list>
<pin id="810" dir="0" index="0" bw="4" slack="0"/>
<pin id="811" dir="0" index="1" bw="1" slack="0"/>
<pin id="812" dir="1" index="2" bw="1" slack="1"/>
</pin_list>
<bind>
<opcode="icmp(45) " fcode="icmp"/>
<opset="Range1_all_zeros_19/13 "/>
</bind>
</comp>

<comp id="815" class="1004" name="xor_ln896_55_fu_815">
<pin_list>
<pin id="816" dir="0" index="0" bw="1" slack="1"/>
<pin id="817" dir="0" index="1" bw="1" slack="0"/>
<pin id="818" dir="1" index="2" bw="1" slack="0"/>
</pin_list>
<bind>
<opcode="xor(25) " fcode="xor"/>
<opset="xor_ln896_55/14 "/>
</bind>
</comp>

<comp id="820" class="1004" name="carry_57_fu_820">
<pin_list>
<pin id="821" dir="0" index="0" bw="1" slack="1"/>
<pin id="822" dir="0" index="1" bw="1" slack="0"/>
<pin id="823" dir="1" index="2" bw="1" slack="0"/>
</pin_list>
<bind>
<opcode="and(23) " fcode="and"/>
<opset="carry_57/14 "/>
</bind>
</comp>

<comp id="825" class="1004" name="deleted_zeros_17_fu_825">
<pin_list>
<pin id="826" dir="0" index="0" bw="1" slack="0"/>
<pin id="827" dir="0" index="1" bw="1" slack="1"/>
<pin id="828" dir="0" index="2" bw="1" slack="1"/>
<pin id="829" dir="1" index="3" bw="1" slack="0"/>
</pin_list>
<bind>
<opcode="select(49) " fcode="select"/>
<opset="deleted_zeros_17/14 "/>
</bind>
</comp>

<comp id="831" class="1004" name="tmp_202_fu_831">
<pin_list>
<pin id="832" dir="0" index="0" bw="1" slack="0"/>
<pin id="833" dir="0" index="1" bw="24" slack="1"/>
<pin id="834" dir="0" index="2" bw="6" slack="0"/>
<pin id="835" dir="1" index="3" bw="1" slack="0"/>
</pin_list>
<bind>
<opcode="bitselect(1000) " fcode="bitselect"/>
<opset="tmp_202/14 "/>
</bind>
</comp>

<comp id="838" class="1004" name="xor_ln890_13_fu_838">
<pin_list>
<pin id="839" dir="0" index="0" bw="1" slack="0"/>
<pin id="840" dir="0" index="1" bw="1" slack="0"/>
<pin id="841" dir="1" index="2" bw="1" slack="0"/>
</pin_list>
<bind>
<opcode="xor(25) " fcode="xor"/>
<opset="xor_ln890_13/14 "/>
</bind>
</comp>

<comp id="844" class="1004" name="and_ln890_fu_844">
<pin_list>
<pin id="845" dir="0" index="0" bw="1" slack="1"/>
<pin id="846" dir="0" index="1" bw="1" slack="0"/>
<pin id="847" dir="1" index="2" bw="1" slack="0"/>
</pin_list>
<bind>
<opcode="and(23) " fcode="and"/>
<opset="and_ln890/14 "/>
</bind>
</comp>

<comp id="849" class="1004" name="deleted_ones_36_fu_849">
<pin_list>
<pin id="850" dir="0" index="0" bw="1" slack="0"/>
<pin id="851" dir="0" index="1" bw="1" slack="0"/>
<pin id="852" dir="0" index="2" bw="1" slack="1"/>
<pin id="853" dir="1" index="3" bw="1" slack="0"/>
</pin_list>
<bind>
<opcode="select(49) " fcode="select"/>
<opset="deleted_ones_36/14 "/>
</bind>
</comp>

<comp id="856" class="1004" name="and_ln891_12_fu_856">
<pin_list>
<pin id="857" dir="0" index="0" bw="1" slack="0"/>
<pin id="858" dir="0" index="1" bw="1" slack="1"/>
<pin id="859" dir="1" index="2" bw="1" slack="0"/>
</pin_list>
<bind>
<opcode="and(23) " fcode="and"/>
<opset="and_ln891_12/14 "/>
</bind>
</comp>

<comp id="861" class="1004" name="xor_ln895_41_fu_861">
<pin_list>
<pin id="862" dir="0" index="0" bw="1" slack="0"/>
<pin id="863" dir="0" index="1" bw="1" slack="0"/>
<pin id="864" dir="1" index="2" bw="1" slack="0"/>
</pin_list>
<bind>
<opcode="xor(25) " fcode="xor"/>
<opset="xor_ln895_41/14 "/>
</bind>
</comp>

<comp id="867" class="1004" name="or_ln895_14_fu_867">
<pin_list>
<pin id="868" dir="0" index="0" bw="1" slack="1"/>
<pin id="869" dir="0" index="1" bw="1" slack="0"/>
<pin id="870" dir="1" index="2" bw="1" slack="0"/>
</pin_list>
<bind>
<opcode="or(24) " fcode="or"/>
<opset="or_ln895_14/14 "/>
</bind>
</comp>

<comp id="872" class="1004" name="xor_ln895_42_fu_872">
<pin_list>
<pin id="873" dir="0" index="0" bw="1" slack="1"/>
<pin id="874" dir="0" index="1" bw="1" slack="0"/>
<pin id="875" dir="1" index="2" bw="1" slack="0"/>
</pin_list>
<bind>
<opcode="xor(25) " fcode="xor"/>
<opset="xor_ln895_42/14 "/>
</bind>
</comp>

<comp id="877" class="1004" name="overflow_34_fu_877">
<pin_list>
<pin id="878" dir="0" index="0" bw="1" slack="0"/>
<pin id="879" dir="0" index="1" bw="1" slack="0"/>
<pin id="880" dir="1" index="2" bw="1" slack="0"/>
</pin_list>
<bind>
<opcode="and(23) " fcode="and"/>
<opset="overflow_34/14 "/>
</bind>
</comp>

<comp id="883" class="1004" name="xor_ln896_56_fu_883">
<pin_list>
<pin id="884" dir="0" index="0" bw="1" slack="0"/>
<pin id="885" dir="0" index="1" bw="1" slack="0"/>
<pin id="886" dir="1" index="2" bw="1" slack="0"/>
</pin_list>
<bind>
<opcode="xor(25) " fcode="xor"/>
<opset="xor_ln896_56/14 "/>
</bind>
</comp>

<comp id="889" class="1004" name="or_ln896_12_fu_889">
<pin_list>
<pin id="890" dir="0" index="0" bw="1" slack="0"/>
<pin id="891" dir="0" index="1" bw="1" slack="0"/>
<pin id="892" dir="1" index="2" bw="1" slack="0"/>
</pin_list>
<bind>
<opcode="or(24) " fcode="or"/>
<opset="or_ln896_12/14 "/>
</bind>
</comp>

<comp id="895" class="1004" name="xor_ln896_57_fu_895">
<pin_list>
<pin id="896" dir="0" index="0" bw="1" slack="0"/>
<pin id="897" dir="0" index="1" bw="1" slack="0"/>
<pin id="898" dir="1" index="2" bw="1" slack="0"/>
</pin_list>
<bind>
<opcode="xor(25) " fcode="xor"/>
<opset="xor_ln896_57/14 "/>
</bind>
</comp>

<comp id="901" class="1004" name="underflow_17_fu_901">
<pin_list>
<pin id="902" dir="0" index="0" bw="1" slack="0"/>
<pin id="903" dir="0" index="1" bw="1" slack="1"/>
<pin id="904" dir="1" index="2" bw="1" slack="0"/>
</pin_list>
<bind>
<opcode="and(23) " fcode="and"/>
<opset="underflow_17/14 "/>
</bind>
</comp>

<comp id="906" class="1004" name="select_ln346_45_fu_906">
<pin_list>
<pin id="907" dir="0" index="0" bw="1" slack="0"/>
<pin id="908" dir="0" index="1" bw="16" slack="0"/>
<pin id="909" dir="0" index="2" bw="16" slack="0"/>
<pin id="910" dir="1" index="3" bw="16" slack="0"/>
</pin_list>
<bind>
<opcode="select(49) " fcode="select"/>
<opset="select_ln346_45/14 "/>
</bind>
</comp>

<comp id="914" class="1004" name="or_ln346_13_fu_914">
<pin_list>
<pin id="915" dir="0" index="0" bw="1" slack="0"/>
<pin id="916" dir="0" index="1" bw="1" slack="0"/>
<pin id="917" dir="1" index="2" bw="1" slack="0"/>
</pin_list>
<bind>
<opcode="or(24) " fcode="or"/>
<opset="or_ln346_13/14 "/>
</bind>
</comp>

<comp id="920" class="1004" name="select_ln346_46_fu_920">
<pin_list>
<pin id="921" dir="0" index="0" bw="1" slack="0"/>
<pin id="922" dir="0" index="1" bw="16" slack="0"/>
<pin id="923" dir="0" index="2" bw="16" slack="1"/>
<pin id="924" dir="1" index="3" bw="16" slack="0"/>
</pin_list>
<bind>
<opcode="select(49) " fcode="select"/>
<opset="select_ln346_46/14 "/>
</bind>
</comp>

<comp id="928" class="1007" name="grp_fu_928">
<pin_list>
<pin id="929" dir="0" index="0" bw="16" slack="0"/>
<pin id="930" dir="0" index="1" bw="16" slack="2"/>
<pin id="931" dir="1" index="2" bw="32" slack="0"/>
</pin_list>
<bind>
<opcode="mul(12) " fcode="mul"/>
<opset="r_V_28/3 "/>
</bind>
</comp>

<comp id="939" class="1007" name="grp_fu_939">
<pin_list>
<pin id="940" dir="0" index="0" bw="20" slack="0"/>
<pin id="941" dir="0" index="1" bw="15" slack="0"/>
<pin id="942" dir="1" index="2" bw="35" slack="0"/>
</pin_list>
<bind>
<opcode="mul(12) " fcode="mul"/>
<opset="r_V_29/8 "/>
</bind>
</comp>

<comp id="946" class="1005" name="feature_reg_946">
<pin_list>
<pin id="947" dir="0" index="0" bw="5" slack="0"/>
<pin id="948" dir="1" index="1" bw="5" slack="0"/>
</pin_list>
<bind>
<opset="feature "/>
</bind>
</comp>

<comp id="953" class="1005" name="conv7_i340_cast_reg_953">
<pin_list>
<pin id="954" dir="0" index="0" bw="32" slack="2"/>
<pin id="955" dir="1" index="1" bw="32" slack="2"/>
</pin_list>
<bind>
<opset="conv7_i340_cast "/>
</bind>
</comp>

<comp id="958" class="1005" name="sext_ln1348_cast_reg_958">
<pin_list>
<pin id="959" dir="0" index="0" bw="17" slack="1"/>
<pin id="960" dir="1" index="1" bw="17" slack="1"/>
</pin_list>
<bind>
<opset="sext_ln1348_cast "/>
</bind>
</comp>

<comp id="963" class="1005" name="icmp_ln75_reg_963">
<pin_list>
<pin id="964" dir="0" index="0" bw="1" slack="1"/>
<pin id="965" dir="1" index="1" bw="1" slack="2147483647"/>
</pin_list>
<bind>
<opset="icmp_ln75 "/>
</bind>
</comp>

<comp id="967" class="1005" name="zext_ln75_reg_967">
<pin_list>
<pin id="968" dir="0" index="0" bw="64" slack="6"/>
<pin id="969" dir="1" index="1" bw="64" slack="6"/>
</pin_list>
<bind>
<opset="zext_ln75 "/>
</bind>
</comp>

<comp id="974" class="1005" name="input_addr_reg_974">
<pin_list>
<pin id="975" dir="0" index="0" bw="4" slack="1"/>
<pin id="976" dir="1" index="1" bw="4" slack="1"/>
</pin_list>
<bind>
<opset="input_addr "/>
</bind>
</comp>

<comp id="979" class="1005" name="r_V_reg_979">
<pin_list>
<pin id="980" dir="0" index="0" bw="16" slack="1"/>
<pin id="981" dir="1" index="1" bw="16" slack="1"/>
</pin_list>
<bind>
<opset="r_V "/>
</bind>
</comp>

<comp id="984" class="1005" name="sext_ln1271_reg_984">
<pin_list>
<pin id="985" dir="0" index="0" bw="32" slack="1"/>
<pin id="986" dir="1" index="1" bw="32" slack="1"/>
</pin_list>
<bind>
<opset="sext_ln1271 "/>
</bind>
</comp>

<comp id="989" class="1005" name="r_V_28_reg_989">
<pin_list>
<pin id="990" dir="0" index="0" bw="32" slack="1"/>
<pin id="991" dir="1" index="1" bw="32" slack="1"/>
</pin_list>
<bind>
<opset="r_V_28 "/>
</bind>
</comp>

<comp id="994" class="1005" name="p_Result_199_reg_994">
<pin_list>
<pin id="995" dir="0" index="0" bw="1" slack="1"/>
<pin id="996" dir="1" index="1" bw="1" slack="1"/>
</pin_list>
<bind>
<opset="p_Result_199 "/>
</bind>
</comp>

<comp id="1000" class="1005" name="normalized_V_reg_1000">
<pin_list>
<pin id="1001" dir="0" index="0" bw="16" slack="1"/>
<pin id="1002" dir="1" index="1" bw="16" slack="1"/>
</pin_list>
<bind>
<opset="normalized_V "/>
</bind>
</comp>

<comp id="1005" class="1005" name="p_Result_200_reg_1005">
<pin_list>
<pin id="1006" dir="0" index="0" bw="1" slack="1"/>
<pin id="1007" dir="1" index="1" bw="1" slack="1"/>
</pin_list>
<bind>
<opset="p_Result_200 "/>
</bind>
</comp>

<comp id="1010" class="1005" name="tmp_reg_1010">
<pin_list>
<pin id="1011" dir="0" index="0" bw="1" slack="1"/>
<pin id="1012" dir="1" index="1" bw="1" slack="1"/>
</pin_list>
<bind>
<opset="tmp "/>
</bind>
</comp>

<comp id="1015" class="1005" name="Range2_all_ones_reg_1015">
<pin_list>
<pin id="1016" dir="0" index="0" bw="1" slack="1"/>
<pin id="1017" dir="1" index="1" bw="1" slack="1"/>
</pin_list>
<bind>
<opset="Range2_all_ones "/>
</bind>
</comp>

<comp id="1020" class="1005" name="Range1_all_ones_reg_1020">
<pin_list>
<pin id="1021" dir="0" index="0" bw="1" slack="1"/>
<pin id="1022" dir="1" index="1" bw="1" slack="1"/>
</pin_list>
<bind>
<opset="Range1_all_ones "/>
</bind>
</comp>

<comp id="1027" class="1005" name="Range1_all_zeros_reg_1027">
<pin_list>
<pin id="1028" dir="0" index="0" bw="1" slack="1"/>
<pin id="1029" dir="1" index="1" bw="1" slack="1"/>
</pin_list>
<bind>
<opset="Range1_all_zeros "/>
</bind>
</comp>

<comp id="1032" class="1005" name="select_ln346_42_reg_1032">
<pin_list>
<pin id="1033" dir="0" index="0" bw="16" slack="1"/>
<pin id="1034" dir="1" index="1" bw="16" slack="1"/>
</pin_list>
<bind>
<opset="select_ln346_42 "/>
</bind>
</comp>

<comp id="1037" class="1005" name="OUTPUT_NORM_WEIGHT_V_addr_reg_1037">
<pin_list>
<pin id="1038" dir="0" index="0" bw="4" slack="1"/>
<pin id="1039" dir="1" index="1" bw="4" slack="1"/>
</pin_list>
<bind>
<opset="OUTPUT_NORM_WEIGHT_V_addr "/>
</bind>
</comp>

<comp id="1042" class="1005" name="sext_ln1270_reg_1042">
<pin_list>
<pin id="1043" dir="0" index="0" bw="35" slack="1"/>
<pin id="1044" dir="1" index="1" bw="35" slack="1"/>
</pin_list>
<bind>
<opset="sext_ln1270 "/>
</bind>
</comp>

<comp id="1047" class="1005" name="zext_ln1273_reg_1047">
<pin_list>
<pin id="1048" dir="0" index="0" bw="35" slack="1"/>
<pin id="1049" dir="1" index="1" bw="35" slack="1"/>
</pin_list>
<bind>
<opset="zext_ln1273 "/>
</bind>
</comp>

<comp id="1052" class="1005" name="r_V_29_reg_1052">
<pin_list>
<pin id="1053" dir="0" index="0" bw="35" slack="1"/>
<pin id="1054" dir="1" index="1" bw="35" slack="1"/>
</pin_list>
<bind>
<opset="r_V_29 "/>
</bind>
</comp>

<comp id="1057" class="1005" name="OUTPUT_NORM_BIAS_V_addr_reg_1057">
<pin_list>
<pin id="1058" dir="0" index="0" bw="4" slack="1"/>
<pin id="1059" dir="1" index="1" bw="4" slack="1"/>
</pin_list>
<bind>
<opset="OUTPUT_NORM_BIAS_V_addr "/>
</bind>
</comp>

<comp id="1062" class="1005" name="tmp_194_reg_1062">
<pin_list>
<pin id="1063" dir="0" index="0" bw="1" slack="1"/>
<pin id="1064" dir="1" index="1" bw="1" slack="1"/>
</pin_list>
<bind>
<opset="tmp_194 "/>
</bind>
</comp>

<comp id="1067" class="1005" name="ret_V_7_reg_1067">
<pin_list>
<pin id="1068" dir="0" index="0" bw="35" slack="1"/>
<pin id="1069" dir="1" index="1" bw="35" slack="1"/>
</pin_list>
<bind>
<opset="ret_V_7 "/>
</bind>
</comp>

<comp id="1072" class="1005" name="p_Result_202_reg_1072">
<pin_list>
<pin id="1073" dir="0" index="0" bw="1" slack="1"/>
<pin id="1074" dir="1" index="1" bw="1" slack="1"/>
</pin_list>
<bind>
<opset="p_Result_202 "/>
</bind>
</comp>

<comp id="1078" class="1005" name="p_Result_203_reg_1078">
<pin_list>
<pin id="1079" dir="0" index="0" bw="1" slack="1"/>
<pin id="1080" dir="1" index="1" bw="1" slack="1"/>
</pin_list>
<bind>
<opset="p_Result_203 "/>
</bind>
</comp>

<comp id="1084" class="1005" name="scaled_V_3_reg_1084">
<pin_list>
<pin id="1085" dir="0" index="0" bw="22" slack="1"/>
<pin id="1086" dir="1" index="1" bw="22" slack="1"/>
</pin_list>
<bind>
<opset="scaled_V_3 "/>
</bind>
</comp>

<comp id="1089" class="1005" name="p_Result_204_reg_1089">
<pin_list>
<pin id="1090" dir="0" index="0" bw="1" slack="1"/>
<pin id="1091" dir="1" index="1" bw="1" slack="1"/>
</pin_list>
<bind>
<opset="p_Result_204 "/>
</bind>
</comp>

<comp id="1096" class="1005" name="Range2_all_ones_36_reg_1096">
<pin_list>
<pin id="1097" dir="0" index="0" bw="1" slack="1"/>
<pin id="1098" dir="1" index="1" bw="1" slack="1"/>
</pin_list>
<bind>
<opset="Range2_all_ones_36 "/>
</bind>
</comp>

<comp id="1103" class="1005" name="scaled_V_4_reg_1103">
<pin_list>
<pin id="1104" dir="0" index="0" bw="24" slack="1"/>
<pin id="1105" dir="1" index="1" bw="24" slack="1"/>
</pin_list>
<bind>
<opset="scaled_V_4 "/>
</bind>
</comp>

<comp id="1108" class="1005" name="p_Result_205_reg_1108">
<pin_list>
<pin id="1109" dir="0" index="0" bw="1" slack="1"/>
<pin id="1110" dir="1" index="1" bw="1" slack="1"/>
</pin_list>
<bind>
<opset="p_Result_205 "/>
</bind>
</comp>

<comp id="1114" class="1005" name="p_Result_206_reg_1114">
<pin_list>
<pin id="1115" dir="0" index="0" bw="1" slack="1"/>
<pin id="1116" dir="1" index="1" bw="1" slack="1"/>
</pin_list>
<bind>
<opset="p_Result_206 "/>
</bind>
</comp>

<comp id="1119" class="1005" name="p_Val2_132_reg_1119">
<pin_list>
<pin id="1120" dir="0" index="0" bw="16" slack="1"/>
<pin id="1121" dir="1" index="1" bw="16" slack="1"/>
</pin_list>
<bind>
<opset="p_Val2_132 "/>
</bind>
</comp>

<comp id="1124" class="1005" name="p_Result_207_reg_1124">
<pin_list>
<pin id="1125" dir="0" index="0" bw="1" slack="1"/>
<pin id="1126" dir="1" index="1" bw="1" slack="1"/>
</pin_list>
<bind>
<opset="p_Result_207 "/>
</bind>
</comp>

<comp id="1130" class="1005" name="Range2_all_ones_35_reg_1130">
<pin_list>
<pin id="1131" dir="0" index="0" bw="1" slack="1"/>
<pin id="1132" dir="1" index="1" bw="1" slack="1"/>
</pin_list>
<bind>
<opset="Range2_all_ones_35 "/>
</bind>
</comp>

<comp id="1135" class="1005" name="Range1_all_ones_37_reg_1135">
<pin_list>
<pin id="1136" dir="0" index="0" bw="1" slack="1"/>
<pin id="1137" dir="1" index="1" bw="1" slack="1"/>
</pin_list>
<bind>
<opset="Range1_all_ones_37 "/>
</bind>
</comp>

<comp id="1142" class="1005" name="Range1_all_zeros_19_reg_1142">
<pin_list>
<pin id="1143" dir="0" index="0" bw="1" slack="1"/>
<pin id="1144" dir="1" index="1" bw="1" slack="1"/>
</pin_list>
<bind>
<opset="Range1_all_zeros_19 "/>
</bind>
</comp>

</comp_list>

<net_list>
<net id="133"><net_src comp="12" pin="0"/><net_sink comp="130" pin=0"/></net>

<net id="138"><net_src comp="14" pin="0"/><net_sink comp="134" pin=0"/></net>

<net id="139"><net_src comp="4" pin="0"/><net_sink comp="134" pin=1"/></net>

<net id="144"><net_src comp="14" pin="0"/><net_sink comp="140" pin=0"/></net>

<net id="145"><net_src comp="2" pin="0"/><net_sink comp="140" pin=1"/></net>

<net id="151"><net_src comp="0" pin="0"/><net_sink comp="146" pin=0"/></net>

<net id="152"><net_src comp="26" pin="0"/><net_sink comp="146" pin=1"/></net>

<net id="158"><net_src comp="146" pin="3"/><net_sink comp="153" pin=0"/></net>

<net id="164"><net_src comp="8" pin="0"/><net_sink comp="159" pin=0"/></net>

<net id="165"><net_src comp="26" pin="0"/><net_sink comp="159" pin=1"/></net>

<net id="171"><net_src comp="159" pin="3"/><net_sink comp="166" pin=0"/></net>

<net id="177"><net_src comp="10" pin="0"/><net_sink comp="172" pin=0"/></net>

<net id="178"><net_src comp="26" pin="0"/><net_sink comp="172" pin=1"/></net>

<net id="184"><net_src comp="172" pin="3"/><net_sink comp="179" pin=0"/></net>

<net id="190"><net_src comp="6" pin="0"/><net_sink comp="185" pin=0"/></net>

<net id="191"><net_src comp="26" pin="0"/><net_sink comp="185" pin=1"/></net>

<net id="197"><net_src comp="185" pin="3"/><net_sink comp="192" pin=0"/></net>

<net id="201"><net_src comp="134" pin="2"/><net_sink comp="198" pin=0"/></net>

<net id="205"><net_src comp="140" pin="2"/><net_sink comp="202" pin=0"/></net>

<net id="210"><net_src comp="16" pin="0"/><net_sink comp="206" pin=0"/></net>

<net id="218"><net_src comp="211" pin="1"/><net_sink comp="214" pin=0"/></net>

<net id="219"><net_src comp="18" pin="0"/><net_sink comp="214" pin=1"/></net>

<net id="224"><net_src comp="211" pin="1"/><net_sink comp="220" pin=0"/></net>

<net id="225"><net_src comp="24" pin="0"/><net_sink comp="220" pin=1"/></net>

<net id="229"><net_src comp="211" pin="1"/><net_sink comp="226" pin=0"/></net>

<net id="230"><net_src comp="226" pin="1"/><net_sink comp="146" pin=2"/></net>

<net id="235"><net_src comp="220" pin="2"/><net_sink comp="231" pin=0"/></net>

<net id="239"><net_src comp="153" pin="3"/><net_sink comp="236" pin=0"/></net>

<net id="244"><net_src comp="236" pin="1"/><net_sink comp="240" pin=0"/></net>

<net id="250"><net_src comp="28" pin="0"/><net_sink comp="245" pin=0"/></net>

<net id="251"><net_src comp="240" pin="2"/><net_sink comp="245" pin=1"/></net>

<net id="252"><net_src comp="30" pin="0"/><net_sink comp="245" pin=2"/></net>

<net id="256"><net_src comp="240" pin="2"/><net_sink comp="253" pin=0"/></net>

<net id="262"><net_src comp="28" pin="0"/><net_sink comp="257" pin=0"/></net>

<net id="263"><net_src comp="240" pin="2"/><net_sink comp="257" pin=1"/></net>

<net id="264"><net_src comp="32" pin="0"/><net_sink comp="257" pin=2"/></net>

<net id="269"><net_src comp="245" pin="3"/><net_sink comp="265" pin=0"/></net>

<net id="270"><net_src comp="34" pin="0"/><net_sink comp="265" pin=1"/></net>

<net id="275"><net_src comp="257" pin="3"/><net_sink comp="271" pin=0"/></net>

<net id="276"><net_src comp="265" pin="2"/><net_sink comp="271" pin=1"/></net>

<net id="281"><net_src comp="245" pin="3"/><net_sink comp="277" pin=0"/></net>

<net id="282"><net_src comp="257" pin="3"/><net_sink comp="277" pin=1"/></net>

<net id="288"><net_src comp="271" pin="2"/><net_sink comp="283" pin=0"/></net>

<net id="289"><net_src comp="36" pin="0"/><net_sink comp="283" pin=1"/></net>

<net id="290"><net_src comp="38" pin="0"/><net_sink comp="283" pin=2"/></net>

<net id="296"><net_src comp="277" pin="2"/><net_sink comp="291" pin=0"/></net>

<net id="297"><net_src comp="283" pin="3"/><net_sink comp="291" pin=1"/></net>

<net id="298"><net_src comp="253" pin="1"/><net_sink comp="291" pin=2"/></net>

<net id="307"><net_src comp="40" pin="0"/><net_sink comp="302" pin=0"/></net>

<net id="308"><net_src comp="42" pin="0"/><net_sink comp="302" pin=2"/></net>

<net id="315"><net_src comp="44" pin="0"/><net_sink comp="309" pin=0"/></net>

<net id="316"><net_src comp="46" pin="0"/><net_sink comp="309" pin=2"/></net>

<net id="317"><net_src comp="48" pin="0"/><net_sink comp="309" pin=3"/></net>

<net id="323"><net_src comp="40" pin="0"/><net_sink comp="318" pin=0"/></net>

<net id="324"><net_src comp="48" pin="0"/><net_sink comp="318" pin=2"/></net>

<net id="330"><net_src comp="40" pin="0"/><net_sink comp="325" pin=0"/></net>

<net id="331"><net_src comp="50" pin="0"/><net_sink comp="325" pin=2"/></net>

<net id="338"><net_src comp="52" pin="0"/><net_sink comp="332" pin=0"/></net>

<net id="339"><net_src comp="54" pin="0"/><net_sink comp="332" pin=2"/></net>

<net id="340"><net_src comp="42" pin="0"/><net_sink comp="332" pin=3"/></net>

<net id="345"><net_src comp="332" pin="4"/><net_sink comp="341" pin=0"/></net>

<net id="346"><net_src comp="56" pin="0"/><net_sink comp="341" pin=1"/></net>

<net id="353"><net_src comp="58" pin="0"/><net_sink comp="347" pin=0"/></net>

<net id="354"><net_src comp="60" pin="0"/><net_sink comp="347" pin=2"/></net>

<net id="355"><net_src comp="42" pin="0"/><net_sink comp="347" pin=3"/></net>

<net id="360"><net_src comp="347" pin="4"/><net_sink comp="356" pin=0"/></net>

<net id="361"><net_src comp="62" pin="0"/><net_sink comp="356" pin=1"/></net>

<net id="366"><net_src comp="347" pin="4"/><net_sink comp="362" pin=0"/></net>

<net id="367"><net_src comp="64" pin="0"/><net_sink comp="362" pin=1"/></net>

<net id="375"><net_src comp="368" pin="1"/><net_sink comp="371" pin=0"/></net>

<net id="381"><net_src comp="66" pin="0"/><net_sink comp="376" pin=0"/></net>

<net id="382"><net_src comp="371" pin="2"/><net_sink comp="376" pin=1"/></net>

<net id="383"><net_src comp="32" pin="0"/><net_sink comp="376" pin=2"/></net>

<net id="388"><net_src comp="376" pin="3"/><net_sink comp="384" pin=0"/></net>

<net id="389"><net_src comp="34" pin="0"/><net_sink comp="384" pin=1"/></net>

<net id="394"><net_src comp="384" pin="2"/><net_sink comp="390" pin=1"/></net>

<net id="400"><net_src comp="390" pin="2"/><net_sink comp="395" pin=0"/></net>

<net id="406"><net_src comp="40" pin="0"/><net_sink comp="401" pin=0"/></net>

<net id="407"><net_src comp="60" pin="0"/><net_sink comp="401" pin=2"/></net>

<net id="412"><net_src comp="401" pin="3"/><net_sink comp="408" pin=0"/></net>

<net id="413"><net_src comp="34" pin="0"/><net_sink comp="408" pin=1"/></net>

<net id="418"><net_src comp="408" pin="2"/><net_sink comp="414" pin=1"/></net>

<net id="424"><net_src comp="390" pin="2"/><net_sink comp="419" pin=0"/></net>

<net id="425"><net_src comp="414" pin="2"/><net_sink comp="419" pin=1"/></net>

<net id="430"><net_src comp="390" pin="2"/><net_sink comp="426" pin=0"/></net>

<net id="435"><net_src comp="395" pin="3"/><net_sink comp="431" pin=0"/></net>

<net id="436"><net_src comp="34" pin="0"/><net_sink comp="431" pin=1"/></net>

<net id="441"><net_src comp="376" pin="3"/><net_sink comp="437" pin=0"/></net>

<net id="442"><net_src comp="431" pin="2"/><net_sink comp="437" pin=1"/></net>

<net id="447"><net_src comp="34" pin="0"/><net_sink comp="443" pin=1"/></net>

<net id="452"><net_src comp="437" pin="2"/><net_sink comp="448" pin=0"/></net>

<net id="453"><net_src comp="443" pin="2"/><net_sink comp="448" pin=1"/></net>

<net id="458"><net_src comp="419" pin="3"/><net_sink comp="454" pin=0"/></net>

<net id="459"><net_src comp="34" pin="0"/><net_sink comp="454" pin=1"/></net>

<net id="464"><net_src comp="384" pin="2"/><net_sink comp="460" pin=0"/></net>

<net id="465"><net_src comp="454" pin="2"/><net_sink comp="460" pin=1"/></net>

<net id="470"><net_src comp="426" pin="2"/><net_sink comp="466" pin=0"/></net>

<net id="471"><net_src comp="460" pin="2"/><net_sink comp="466" pin=1"/></net>

<net id="476"><net_src comp="466" pin="2"/><net_sink comp="472" pin=0"/></net>

<net id="481"><net_src comp="448" pin="2"/><net_sink comp="477" pin=0"/></net>

<net id="482"><net_src comp="472" pin="2"/><net_sink comp="477" pin=1"/></net>

<net id="488"><net_src comp="448" pin="2"/><net_sink comp="483" pin=0"/></net>

<net id="489"><net_src comp="36" pin="0"/><net_sink comp="483" pin=1"/></net>

<net id="490"><net_src comp="38" pin="0"/><net_sink comp="483" pin=2"/></net>

<net id="496"><net_src comp="477" pin="2"/><net_sink comp="491" pin=0"/></net>

<net id="497"><net_src comp="483" pin="3"/><net_sink comp="491" pin=1"/></net>

<net id="498"><net_src comp="371" pin="2"/><net_sink comp="491" pin=2"/></net>

<net id="504"><net_src comp="68" pin="0"/><net_sink comp="499" pin=0"/></net>

<net id="505"><net_src comp="70" pin="0"/><net_sink comp="499" pin=2"/></net>

<net id="511"><net_src comp="72" pin="0"/><net_sink comp="506" pin=0"/></net>

<net id="512"><net_src comp="166" pin="3"/><net_sink comp="506" pin=1"/></net>

<net id="513"><net_src comp="70" pin="0"/><net_sink comp="506" pin=2"/></net>

<net id="517"><net_src comp="499" pin="3"/><net_sink comp="514" pin=0"/></net>

<net id="521"><net_src comp="506" pin="3"/><net_sink comp="518" pin=0"/></net>

<net id="527"><net_src comp="74" pin="0"/><net_sink comp="522" pin=0"/></net>

<net id="528"><net_src comp="76" pin="0"/><net_sink comp="522" pin=2"/></net>

<net id="534"><net_src comp="78" pin="0"/><net_sink comp="529" pin=0"/></net>

<net id="535"><net_src comp="179" pin="3"/><net_sink comp="529" pin=1"/></net>

<net id="536"><net_src comp="80" pin="0"/><net_sink comp="529" pin=2"/></net>

<net id="540"><net_src comp="529" pin="3"/><net_sink comp="537" pin=0"/></net>

<net id="545"><net_src comp="537" pin="1"/><net_sink comp="541" pin=0"/></net>

<net id="551"><net_src comp="74" pin="0"/><net_sink comp="546" pin=0"/></net>

<net id="552"><net_src comp="541" pin="2"/><net_sink comp="546" pin=1"/></net>

<net id="553"><net_src comp="82" pin="0"/><net_sink comp="546" pin=2"/></net>

<net id="560"><net_src comp="84" pin="0"/><net_sink comp="554" pin=0"/></net>

<net id="561"><net_src comp="541" pin="2"/><net_sink comp="554" pin=1"/></net>

<net id="562"><net_src comp="86" pin="0"/><net_sink comp="554" pin=2"/></net>

<net id="563"><net_src comp="82" pin="0"/><net_sink comp="554" pin=3"/></net>

<net id="567"><net_src comp="554" pin="4"/><net_sink comp="564" pin=0"/></net>

<net id="573"><net_src comp="74" pin="0"/><net_sink comp="568" pin=0"/></net>

<net id="574"><net_src comp="541" pin="2"/><net_sink comp="568" pin=1"/></net>

<net id="575"><net_src comp="82" pin="0"/><net_sink comp="568" pin=2"/></net>

<net id="583"><net_src comp="576" pin="1"/><net_sink comp="579" pin=0"/></net>

<net id="584"><net_src comp="564" pin="1"/><net_sink comp="579" pin=1"/></net>

<net id="590"><net_src comp="88" pin="0"/><net_sink comp="585" pin=0"/></net>

<net id="591"><net_src comp="579" pin="2"/><net_sink comp="585" pin=1"/></net>

<net id="592"><net_src comp="90" pin="0"/><net_sink comp="585" pin=2"/></net>

<net id="598"><net_src comp="74" pin="0"/><net_sink comp="593" pin=0"/></net>

<net id="599"><net_src comp="541" pin="2"/><net_sink comp="593" pin=1"/></net>

<net id="600"><net_src comp="82" pin="0"/><net_sink comp="593" pin=2"/></net>

<net id="608"><net_src comp="34" pin="0"/><net_sink comp="604" pin=1"/></net>

<net id="613"><net_src comp="604" pin="2"/><net_sink comp="609" pin=1"/></net>

<net id="618"><net_src comp="34" pin="0"/><net_sink comp="614" pin=1"/></net>

<net id="623"><net_src comp="614" pin="2"/><net_sink comp="619" pin=1"/></net>

<net id="628"><net_src comp="619" pin="2"/><net_sink comp="624" pin=1"/></net>

<net id="634"><net_src comp="74" pin="0"/><net_sink comp="629" pin=0"/></net>

<net id="635"><net_src comp="82" pin="0"/><net_sink comp="629" pin=2"/></net>

<net id="640"><net_src comp="629" pin="3"/><net_sink comp="636" pin=0"/></net>

<net id="641"><net_src comp="34" pin="0"/><net_sink comp="636" pin=1"/></net>

<net id="646"><net_src comp="619" pin="2"/><net_sink comp="642" pin=0"/></net>

<net id="647"><net_src comp="636" pin="2"/><net_sink comp="642" pin=1"/></net>

<net id="652"><net_src comp="642" pin="2"/><net_sink comp="648" pin=1"/></net>

<net id="657"><net_src comp="609" pin="2"/><net_sink comp="653" pin=0"/></net>

<net id="662"><net_src comp="624" pin="2"/><net_sink comp="658" pin=0"/></net>

<net id="663"><net_src comp="34" pin="0"/><net_sink comp="658" pin=1"/></net>

<net id="668"><net_src comp="658" pin="2"/><net_sink comp="664" pin=1"/></net>

<net id="673"><net_src comp="34" pin="0"/><net_sink comp="669" pin=1"/></net>

<net id="678"><net_src comp="664" pin="2"/><net_sink comp="674" pin=0"/></net>

<net id="679"><net_src comp="669" pin="2"/><net_sink comp="674" pin=1"/></net>

<net id="684"><net_src comp="648" pin="2"/><net_sink comp="680" pin=0"/></net>

<net id="685"><net_src comp="34" pin="0"/><net_sink comp="680" pin=1"/></net>

<net id="690"><net_src comp="604" pin="2"/><net_sink comp="686" pin=0"/></net>

<net id="691"><net_src comp="680" pin="2"/><net_sink comp="686" pin=1"/></net>

<net id="696"><net_src comp="653" pin="2"/><net_sink comp="692" pin=0"/></net>

<net id="697"><net_src comp="686" pin="2"/><net_sink comp="692" pin=1"/></net>

<net id="702"><net_src comp="692" pin="2"/><net_sink comp="698" pin=0"/></net>

<net id="708"><net_src comp="674" pin="2"/><net_sink comp="703" pin=0"/></net>

<net id="709"><net_src comp="92" pin="0"/><net_sink comp="703" pin=1"/></net>

<net id="710"><net_src comp="94" pin="0"/><net_sink comp="703" pin=2"/></net>

<net id="715"><net_src comp="674" pin="2"/><net_sink comp="711" pin=0"/></net>

<net id="716"><net_src comp="698" pin="2"/><net_sink comp="711" pin=1"/></net>

<net id="722"><net_src comp="711" pin="2"/><net_sink comp="717" pin=0"/></net>

<net id="723"><net_src comp="703" pin="3"/><net_sink comp="717" pin=1"/></net>

<net id="724"><net_src comp="601" pin="1"/><net_sink comp="717" pin=2"/></net>

<net id="730"><net_src comp="96" pin="0"/><net_sink comp="725" pin=0"/></net>

<net id="731"><net_src comp="717" pin="3"/><net_sink comp="725" pin=1"/></net>

<net id="732"><net_src comp="98" pin="0"/><net_sink comp="725" pin=2"/></net>

<net id="739"><net_src comp="100" pin="0"/><net_sink comp="733" pin=0"/></net>

<net id="740"><net_src comp="717" pin="3"/><net_sink comp="733" pin=1"/></net>

<net id="741"><net_src comp="102" pin="0"/><net_sink comp="733" pin=2"/></net>

<net id="742"><net_src comp="104" pin="0"/><net_sink comp="733" pin=3"/></net>

<net id="748"><net_src comp="96" pin="0"/><net_sink comp="743" pin=0"/></net>

<net id="749"><net_src comp="717" pin="3"/><net_sink comp="743" pin=1"/></net>

<net id="750"><net_src comp="104" pin="0"/><net_sink comp="743" pin=2"/></net>

<net id="756"><net_src comp="96" pin="0"/><net_sink comp="751" pin=0"/></net>

<net id="757"><net_src comp="717" pin="3"/><net_sink comp="751" pin=1"/></net>

<net id="758"><net_src comp="106" pin="0"/><net_sink comp="751" pin=2"/></net>

<net id="762"><net_src comp="751" pin="3"/><net_sink comp="759" pin=0"/></net>

<net id="767"><net_src comp="759" pin="1"/><net_sink comp="763" pin=0"/></net>

<net id="768"><net_src comp="733" pin="4"/><net_sink comp="763" pin=1"/></net>

<net id="774"><net_src comp="66" pin="0"/><net_sink comp="769" pin=0"/></net>

<net id="775"><net_src comp="763" pin="2"/><net_sink comp="769" pin=1"/></net>

<net id="776"><net_src comp="32" pin="0"/><net_sink comp="769" pin=2"/></net>

<net id="783"><net_src comp="108" pin="0"/><net_sink comp="777" pin=0"/></net>

<net id="784"><net_src comp="717" pin="3"/><net_sink comp="777" pin=1"/></net>

<net id="785"><net_src comp="90" pin="0"/><net_sink comp="777" pin=2"/></net>

<net id="786"><net_src comp="98" pin="0"/><net_sink comp="777" pin=3"/></net>

<net id="791"><net_src comp="777" pin="4"/><net_sink comp="787" pin=0"/></net>

<net id="792"><net_src comp="110" pin="0"/><net_sink comp="787" pin=1"/></net>

<net id="799"><net_src comp="112" pin="0"/><net_sink comp="793" pin=0"/></net>

<net id="800"><net_src comp="717" pin="3"/><net_sink comp="793" pin=1"/></net>

<net id="801"><net_src comp="114" pin="0"/><net_sink comp="793" pin=2"/></net>

<net id="802"><net_src comp="98" pin="0"/><net_sink comp="793" pin=3"/></net>

<net id="807"><net_src comp="793" pin="4"/><net_sink comp="803" pin=0"/></net>

<net id="808"><net_src comp="116" pin="0"/><net_sink comp="803" pin=1"/></net>

<net id="813"><net_src comp="793" pin="4"/><net_sink comp="809" pin=0"/></net>

<net id="814"><net_src comp="70" pin="0"/><net_sink comp="809" pin=1"/></net>

<net id="819"><net_src comp="34" pin="0"/><net_sink comp="815" pin=1"/></net>

<net id="824"><net_src comp="815" pin="2"/><net_sink comp="820" pin=1"/></net>

<net id="830"><net_src comp="820" pin="2"/><net_sink comp="825" pin=0"/></net>

<net id="836"><net_src comp="96" pin="0"/><net_sink comp="831" pin=0"/></net>

<net id="837"><net_src comp="114" pin="0"/><net_sink comp="831" pin=2"/></net>

<net id="842"><net_src comp="831" pin="3"/><net_sink comp="838" pin=0"/></net>

<net id="843"><net_src comp="34" pin="0"/><net_sink comp="838" pin=1"/></net>

<net id="848"><net_src comp="838" pin="2"/><net_sink comp="844" pin=1"/></net>

<net id="854"><net_src comp="820" pin="2"/><net_sink comp="849" pin=0"/></net>

<net id="855"><net_src comp="844" pin="2"/><net_sink comp="849" pin=1"/></net>

<net id="860"><net_src comp="820" pin="2"/><net_sink comp="856" pin=0"/></net>

<net id="865"><net_src comp="825" pin="3"/><net_sink comp="861" pin=0"/></net>

<net id="866"><net_src comp="34" pin="0"/><net_sink comp="861" pin=1"/></net>

<net id="871"><net_src comp="861" pin="2"/><net_sink comp="867" pin=1"/></net>

<net id="876"><net_src comp="34" pin="0"/><net_sink comp="872" pin=1"/></net>

<net id="881"><net_src comp="867" pin="2"/><net_sink comp="877" pin=0"/></net>

<net id="882"><net_src comp="872" pin="2"/><net_sink comp="877" pin=1"/></net>

<net id="887"><net_src comp="849" pin="3"/><net_sink comp="883" pin=0"/></net>

<net id="888"><net_src comp="34" pin="0"/><net_sink comp="883" pin=1"/></net>

<net id="893"><net_src comp="815" pin="2"/><net_sink comp="889" pin=0"/></net>

<net id="894"><net_src comp="883" pin="2"/><net_sink comp="889" pin=1"/></net>

<net id="899"><net_src comp="856" pin="2"/><net_sink comp="895" pin=0"/></net>

<net id="900"><net_src comp="889" pin="2"/><net_sink comp="895" pin=1"/></net>

<net id="905"><net_src comp="895" pin="2"/><net_sink comp="901" pin=0"/></net>

<net id="911"><net_src comp="877" pin="2"/><net_sink comp="906" pin=0"/></net>

<net id="912"><net_src comp="36" pin="0"/><net_sink comp="906" pin=1"/></net>

<net id="913"><net_src comp="38" pin="0"/><net_sink comp="906" pin=2"/></net>

<net id="918"><net_src comp="877" pin="2"/><net_sink comp="914" pin=0"/></net>

<net id="919"><net_src comp="901" pin="2"/><net_sink comp="914" pin=1"/></net>

<net id="925"><net_src comp="914" pin="2"/><net_sink comp="920" pin=0"/></net>

<net id="926"><net_src comp="906" pin="3"/><net_sink comp="920" pin=1"/></net>

<net id="927"><net_src comp="920" pin="3"/><net_sink comp="192" pin=1"/></net>

<net id="932"><net_src comp="299" pin="1"/><net_sink comp="928" pin=0"/></net>

<net id="933"><net_src comp="928" pin="2"/><net_sink comp="302" pin=1"/></net>

<net id="934"><net_src comp="928" pin="2"/><net_sink comp="309" pin=1"/></net>

<net id="935"><net_src comp="928" pin="2"/><net_sink comp="318" pin=1"/></net>

<net id="936"><net_src comp="928" pin="2"/><net_sink comp="325" pin=1"/></net>

<net id="937"><net_src comp="928" pin="2"/><net_sink comp="332" pin=1"/></net>

<net id="938"><net_src comp="928" pin="2"/><net_sink comp="347" pin=1"/></net>

<net id="943"><net_src comp="514" pin="1"/><net_sink comp="939" pin=0"/></net>

<net id="944"><net_src comp="518" pin="1"/><net_sink comp="939" pin=1"/></net>

<net id="945"><net_src comp="939" pin="2"/><net_sink comp="522" pin=1"/></net>

<net id="949"><net_src comp="130" pin="1"/><net_sink comp="946" pin=0"/></net>

<net id="950"><net_src comp="946" pin="1"/><net_sink comp="206" pin=1"/></net>

<net id="951"><net_src comp="946" pin="1"/><net_sink comp="211" pin=0"/></net>

<net id="952"><net_src comp="946" pin="1"/><net_sink comp="231" pin=1"/></net>

<net id="956"><net_src comp="198" pin="1"/><net_sink comp="953" pin=0"/></net>

<net id="957"><net_src comp="953" pin="1"/><net_sink comp="928" pin=1"/></net>

<net id="961"><net_src comp="202" pin="1"/><net_sink comp="958" pin=0"/></net>

<net id="962"><net_src comp="958" pin="1"/><net_sink comp="240" pin=1"/></net>

<net id="966"><net_src comp="214" pin="2"/><net_sink comp="963" pin=0"/></net>

<net id="970"><net_src comp="226" pin="1"/><net_sink comp="967" pin=0"/></net>

<net id="971"><net_src comp="967" pin="1"/><net_sink comp="159" pin=2"/></net>

<net id="972"><net_src comp="967" pin="1"/><net_sink comp="172" pin=2"/></net>

<net id="973"><net_src comp="967" pin="1"/><net_sink comp="185" pin=2"/></net>

<net id="977"><net_src comp="146" pin="3"/><net_sink comp="974" pin=0"/></net>

<net id="978"><net_src comp="974" pin="1"/><net_sink comp="153" pin=0"/></net>

<net id="982"><net_src comp="291" pin="3"/><net_sink comp="979" pin=0"/></net>

<net id="983"><net_src comp="979" pin="1"/><net_sink comp="299" pin=0"/></net>

<net id="987"><net_src comp="299" pin="1"/><net_sink comp="984" pin=0"/></net>

<net id="988"><net_src comp="984" pin="1"/><net_sink comp="928" pin=0"/></net>

<net id="992"><net_src comp="928" pin="2"/><net_sink comp="989" pin=0"/></net>

<net id="993"><net_src comp="989" pin="1"/><net_sink comp="401" pin=1"/></net>

<net id="997"><net_src comp="302" pin="3"/><net_sink comp="994" pin=0"/></net>

<net id="998"><net_src comp="994" pin="1"/><net_sink comp="443" pin=0"/></net>

<net id="999"><net_src comp="994" pin="1"/><net_sink comp="472" pin=1"/></net>

<net id="1003"><net_src comp="309" pin="4"/><net_sink comp="1000" pin=0"/></net>

<net id="1004"><net_src comp="1000" pin="1"/><net_sink comp="371" pin=1"/></net>

<net id="1008"><net_src comp="318" pin="3"/><net_sink comp="1005" pin=0"/></net>

<net id="1009"><net_src comp="1005" pin="1"/><net_sink comp="390" pin=0"/></net>

<net id="1013"><net_src comp="325" pin="3"/><net_sink comp="1010" pin=0"/></net>

<net id="1014"><net_src comp="1010" pin="1"/><net_sink comp="368" pin=0"/></net>

<net id="1018"><net_src comp="341" pin="2"/><net_sink comp="1015" pin=0"/></net>

<net id="1019"><net_src comp="1015" pin="1"/><net_sink comp="414" pin=0"/></net>

<net id="1023"><net_src comp="356" pin="2"/><net_sink comp="1020" pin=0"/></net>

<net id="1024"><net_src comp="1020" pin="1"/><net_sink comp="395" pin=1"/></net>

<net id="1025"><net_src comp="1020" pin="1"/><net_sink comp="419" pin=2"/></net>

<net id="1026"><net_src comp="1020" pin="1"/><net_sink comp="426" pin=1"/></net>

<net id="1030"><net_src comp="362" pin="2"/><net_sink comp="1027" pin=0"/></net>

<net id="1031"><net_src comp="1027" pin="1"/><net_sink comp="395" pin=2"/></net>

<net id="1035"><net_src comp="491" pin="3"/><net_sink comp="1032" pin=0"/></net>

<net id="1036"><net_src comp="1032" pin="1"/><net_sink comp="499" pin=1"/></net>

<net id="1040"><net_src comp="159" pin="3"/><net_sink comp="1037" pin=0"/></net>

<net id="1041"><net_src comp="1037" pin="1"/><net_sink comp="166" pin=0"/></net>

<net id="1045"><net_src comp="514" pin="1"/><net_sink comp="1042" pin=0"/></net>

<net id="1046"><net_src comp="1042" pin="1"/><net_sink comp="939" pin=0"/></net>

<net id="1050"><net_src comp="518" pin="1"/><net_sink comp="1047" pin=0"/></net>

<net id="1051"><net_src comp="1047" pin="1"/><net_sink comp="939" pin=1"/></net>

<net id="1055"><net_src comp="939" pin="2"/><net_sink comp="1052" pin=0"/></net>

<net id="1056"><net_src comp="1052" pin="1"/><net_sink comp="541" pin=1"/></net>

<net id="1060"><net_src comp="172" pin="3"/><net_sink comp="1057" pin=0"/></net>

<net id="1061"><net_src comp="1057" pin="1"/><net_sink comp="179" pin=0"/></net>

<net id="1065"><net_src comp="522" pin="3"/><net_sink comp="1062" pin=0"/></net>

<net id="1066"><net_src comp="1062" pin="1"/><net_sink comp="576" pin=0"/></net>

<net id="1070"><net_src comp="541" pin="2"/><net_sink comp="1067" pin=0"/></net>

<net id="1071"><net_src comp="1067" pin="1"/><net_sink comp="629" pin=1"/></net>

<net id="1075"><net_src comp="546" pin="3"/><net_sink comp="1072" pin=0"/></net>

<net id="1076"><net_src comp="1072" pin="1"/><net_sink comp="669" pin=0"/></net>

<net id="1077"><net_src comp="1072" pin="1"/><net_sink comp="698" pin=1"/></net>

<net id="1081"><net_src comp="568" pin="3"/><net_sink comp="1078" pin=0"/></net>

<net id="1082"><net_src comp="1078" pin="1"/><net_sink comp="609" pin=0"/></net>

<net id="1083"><net_src comp="1078" pin="1"/><net_sink comp="614" pin=0"/></net>

<net id="1087"><net_src comp="579" pin="2"/><net_sink comp="1084" pin=0"/></net>

<net id="1088"><net_src comp="1084" pin="1"/><net_sink comp="601" pin=0"/></net>

<net id="1092"><net_src comp="585" pin="3"/><net_sink comp="1089" pin=0"/></net>

<net id="1093"><net_src comp="1089" pin="1"/><net_sink comp="604" pin=0"/></net>

<net id="1094"><net_src comp="1089" pin="1"/><net_sink comp="619" pin=0"/></net>

<net id="1095"><net_src comp="1089" pin="1"/><net_sink comp="664" pin=0"/></net>

<net id="1099"><net_src comp="593" pin="3"/><net_sink comp="1096" pin=0"/></net>

<net id="1100"><net_src comp="1096" pin="1"/><net_sink comp="624" pin=0"/></net>

<net id="1101"><net_src comp="1096" pin="1"/><net_sink comp="648" pin=0"/></net>

<net id="1102"><net_src comp="1096" pin="1"/><net_sink comp="653" pin=1"/></net>

<net id="1106"><net_src comp="717" pin="3"/><net_sink comp="1103" pin=0"/></net>

<net id="1107"><net_src comp="1103" pin="1"/><net_sink comp="831" pin=1"/></net>

<net id="1111"><net_src comp="725" pin="3"/><net_sink comp="1108" pin=0"/></net>

<net id="1112"><net_src comp="1108" pin="1"/><net_sink comp="872" pin=0"/></net>

<net id="1113"><net_src comp="1108" pin="1"/><net_sink comp="901" pin=1"/></net>

<net id="1117"><net_src comp="743" pin="3"/><net_sink comp="1114" pin=0"/></net>

<net id="1118"><net_src comp="1114" pin="1"/><net_sink comp="820" pin=0"/></net>

<net id="1122"><net_src comp="763" pin="2"/><net_sink comp="1119" pin=0"/></net>

<net id="1123"><net_src comp="1119" pin="1"/><net_sink comp="920" pin=2"/></net>

<net id="1127"><net_src comp="769" pin="3"/><net_sink comp="1124" pin=0"/></net>

<net id="1128"><net_src comp="1124" pin="1"/><net_sink comp="815" pin=0"/></net>

<net id="1129"><net_src comp="1124" pin="1"/><net_sink comp="867" pin=0"/></net>

<net id="1133"><net_src comp="787" pin="2"/><net_sink comp="1130" pin=0"/></net>

<net id="1134"><net_src comp="1130" pin="1"/><net_sink comp="844" pin=0"/></net>

<net id="1138"><net_src comp="803" pin="2"/><net_sink comp="1135" pin=0"/></net>

<net id="1139"><net_src comp="1135" pin="1"/><net_sink comp="825" pin=1"/></net>

<net id="1140"><net_src comp="1135" pin="1"/><net_sink comp="849" pin=2"/></net>

<net id="1141"><net_src comp="1135" pin="1"/><net_sink comp="856" pin=1"/></net>

<net id="1145"><net_src comp="809" pin="2"/><net_sink comp="1142" pin=0"/></net>

<net id="1146"><net_src comp="1142" pin="1"/><net_sink comp="825" pin=2"/></net>

</net_list>

</model> 
---------------- Datapath Model END ------------------

* FSMD analyzer results:
  - Output states:
	Port: output_r | {14 }
 - Input state : 
	Port: layer_norm_1d<ap_fixed,ap_fixed,ap_fixed,ap_fixed<16,6,0,0,0>>_Pipeline_VITIS_LO : input_r | {1 2 }
	Port: layer_norm_1d<ap_fixed,ap_fixed,ap_fixed,ap_fixed<16,6,0,0,0>>_Pipeline_VITIS_LO : sext_ln1348 | {1 }
	Port: layer_norm_1d<ap_fixed,ap_fixed,ap_fixed,ap_fixed<16,6,0,0,0>>_Pipeline_VITIS_LO : conv7_i340 | {1 }
	Port: layer_norm_1d<ap_fixed,ap_fixed,ap_fixed,ap_fixed<16,6,0,0,0>>_Pipeline_VITIS_LO : OUTPUT_NORM_WEIGHT_V | {7 8 }
	Port: layer_norm_1d<ap_fixed,ap_fixed,ap_fixed,ap_fixed<16,6,0,0,0>>_Pipeline_VITIS_LO : OUTPUT_NORM_BIAS_V | {11 12 }
  - Chain level:
	State 1
		store_ln0 : 1
		feature_7 : 1
		icmp_ln75 : 2
		add_ln75 : 2
		br_ln75 : 3
		zext_ln75 : 2
		input_addr : 3
		input_load : 4
		store_ln75 : 3
	State 2
		sext_ln1348_4 : 1
		ret_V : 2
		p_Result_s : 3
		p_Val2_123 : 3
		p_Result_198 : 3
		xor_ln895 : 4
		overflow : 4
		xor_ln302 : 4
		select_ln346 : 4
		r_V : 5
	State 3
		r_V_28 : 1
	State 4
	State 5
	State 6
		p_Result_199 : 1
		normalized_V : 1
		p_Result_200 : 1
		tmp : 1
		tmp_s : 1
		Range2_all_ones : 2
		tmp_50 : 1
		Range1_all_ones : 2
		Range1_all_zeros : 2
	State 7
		normalized_V_2 : 1
		p_Result_201 : 2
		xor_ln896 : 3
		carry_53 : 3
		deleted_zeros : 3
		xor_ln890 : 1
		and_ln890_10 : 1
		deleted_ones_34 : 3
		and_ln891 : 3
		xor_ln895_37 : 4
		or_ln895 : 4
		overflow_32 : 4
		xor_ln896_50 : 4
		or_ln896 : 4
		xor_ln896_51 : 4
		underflow : 4
		or_ln346 : 4
		select_ln346_41 : 4
		select_ln346_42 : 4
		OUTPUT_NORM_WEIGHT_V_load : 1
	State 8
		shl_ln838_s : 1
		sext_ln1270 : 1
		zext_ln1273 : 2
		r_V_29 : 3
	State 9
	State 10
	State 11
		OUTPUT_NORM_BIAS_V_load : 1
		tmp_194 : 1
	State 12
		rhs : 1
		sext_ln1347 : 2
		ret_V_7 : 3
		p_Result_202 : 4
		scaled_V : 4
		sext_ln79 : 5
		p_Result_203 : 4
		scaled_V_3 : 6
		p_Result_204 : 7
		Range2_all_ones_36 : 4
	State 13
		xor_ln890_12 : 1
		or_ln890 : 1
		deleted_ones_35 : 1
		xor_ln896_53 : 1
		or_ln896_11 : 1
		xor_ln896_54 : 1
		underflow_16 : 1
		or_ln346_12 : 1
		scaled_V_4 : 1
		p_Result_205 : 2
		p_Val2_131 : 2
		p_Result_206 : 2
		tmp_200 : 2
		zext_ln377_16 : 3
		p_Val2_132 : 4
		p_Result_207 : 5
		tmp_51 : 2
		Range2_all_ones_35 : 3
		tmp_52 : 2
		Range1_all_ones_37 : 3
		Range1_all_zeros_19 : 3
	State 14
		xor_ln890_13 : 1
		and_ln890 : 1
		deleted_ones_36 : 1
		xor_ln895_41 : 1
		or_ln895_14 : 1
		overflow_34 : 1
		xor_ln896_56 : 2
		or_ln896_12 : 2
		xor_ln896_57 : 2
		underflow_17 : 2
		select_ln346_45 : 1
		or_ln346_13 : 2
		select_ln346_46 : 2
		store_ln82 : 3


============================================================
+ Verbose Summary: Datapath Resource usage 
============================================================

* Functional unit list:
|----------|------------------------------|---------|---------|---------|
| Operation|        Functional Unit       |   DSP   |    FF   |   LUT   |
|----------|------------------------------|---------|---------|---------|
|          |      select_ln346_fu_283     |    0    |    0    |    16   |
|          |          r_V_fu_291          |    0    |    0    |    16   |
|          |     deleted_zeros_fu_395     |    0    |    0    |    2    |
|          |    deleted_ones_34_fu_419    |    0    |    0    |    2    |
|          |    select_ln346_41_fu_483    |    0    |    0    |    16   |
|  select  |    select_ln346_42_fu_491    |    0    |    0    |    16   |
|          |    select_ln346_43_fu_703    |    0    |    0    |    24   |
|          |       scaled_V_4_fu_717      |    0    |    0    |    24   |
|          |    deleted_zeros_17_fu_825   |    0    |    0    |    2    |
|          |    deleted_ones_36_fu_849    |    0    |    0    |    2    |
|          |    select_ln346_45_fu_906    |    0    |    0    |    16   |
|          |    select_ln346_46_fu_920    |    0    |    0    |    16   |
|----------|------------------------------|---------|---------|---------|
|          |        add_ln75_fu_220       |    0    |    0    |    13   |
|          |     normalized_V_2_fu_371    |    0    |    0    |    23   |
|    add   |        ret_V_7_fu_541        |    0    |    0    |    42   |
|          |       scaled_V_3_fu_579      |    0    |    0    |    28   |
|          |       p_Val2_132_fu_763      |    0    |    0    |    23   |
|----------|------------------------------|---------|---------|---------|
|          |       icmp_ln75_fu_214       |    0    |    0    |    9    |
|          |    Range2_all_ones_fu_341    |    0    |    0    |    9    |
|          |    Range1_all_ones_fu_356    |    0    |    0    |    10   |
|   icmp   |    Range1_all_zeros_fu_362   |    0    |    0    |    10   |
|          |   Range2_all_ones_35_fu_787  |    0    |    0    |    8    |
|          |   Range1_all_ones_37_fu_803  |    0    |    0    |    9    |
|          |  Range1_all_zeros_19_fu_809  |    0    |    0    |    9    |
|----------|------------------------------|---------|---------|---------|
|          |       xor_ln895_fu_265       |    0    |    0    |    2    |
|          |       xor_ln302_fu_277       |    0    |    0    |    2    |
|          |       xor_ln896_fu_384       |    0    |    0    |    2    |
|          |       xor_ln890_fu_408       |    0    |    0    |    2    |
|          |      xor_ln895_37_fu_431     |    0    |    0    |    2    |
|          |      xor_ln895_38_fu_443     |    0    |    0    |    2    |
|          |      xor_ln896_50_fu_454     |    0    |    0    |    2    |
|          |      xor_ln896_51_fu_466     |    0    |    0    |    2    |
|          |      xor_ln896_52_fu_604     |    0    |    0    |    2    |
|          |       xor_ln888_fu_614       |    0    |    0    |    2    |
|    xor   |    deleted_zeros_16_fu_624   |    0    |    0    |    2    |
|          |      xor_ln890_12_fu_636     |    0    |    0    |    2    |
|          |      xor_ln895_39_fu_658     |    0    |    0    |    2    |
|          |      xor_ln895_40_fu_669     |    0    |    0    |    2    |
|          |      xor_ln896_53_fu_680     |    0    |    0    |    2    |
|          |      xor_ln896_54_fu_692     |    0    |    0    |    2    |
|          |      xor_ln896_55_fu_815     |    0    |    0    |    2    |
|          |      xor_ln890_13_fu_838     |    0    |    0    |    2    |
|          |      xor_ln895_41_fu_861     |    0    |    0    |    2    |
|          |      xor_ln895_42_fu_872     |    0    |    0    |    2    |
|          |      xor_ln896_56_fu_883     |    0    |    0    |    2    |
|          |      xor_ln896_57_fu_895     |    0    |    0    |    2    |
|----------|------------------------------|---------|---------|---------|
|          |        overflow_fu_271       |    0    |    0    |    2    |
|          |        carry_53_fu_390       |    0    |    0    |    2    |
|          |      and_ln890_10_fu_414     |    0    |    0    |    2    |
|          |       and_ln891_fu_426       |    0    |    0    |    2    |
|          |      overflow_32_fu_448      |    0    |    0    |    2    |
|          |       underflow_fu_472       |    0    |    0    |    2    |
|          |        carry_55_fu_609       |    0    |    0    |    2    |
|    and   |    deleted_ones_35_fu_648    |    0    |    0    |    2    |
|          |      and_ln891_11_fu_653     |    0    |    0    |    2    |
|          |      overflow_33_fu_674      |    0    |    0    |    2    |
|          |      underflow_16_fu_698     |    0    |    0    |    2    |
|          |        carry_57_fu_820       |    0    |    0    |    2    |
|          |       and_ln890_fu_844       |    0    |    0    |    2    |
|          |      and_ln891_12_fu_856     |    0    |    0    |    2    |
|          |      overflow_34_fu_877      |    0    |    0    |    2    |
|          |      underflow_17_fu_901     |    0    |    0    |    2    |
|----------|------------------------------|---------|---------|---------|
|    sub   |         ret_V_fu_240         |    0    |    0    |    23   |
|----------|------------------------------|---------|---------|---------|
|          |        or_ln895_fu_437       |    0    |    0    |    2    |
|          |        or_ln896_fu_460       |    0    |    0    |    2    |
|          |        or_ln346_fu_477       |    0    |    0    |    2    |
|          |        or_ln888_fu_619       |    0    |    0    |    2    |
|          |        or_ln890_fu_642       |    0    |    0    |    2    |
|    or    |      or_ln895_13_fu_664      |    0    |    0    |    2    |
|          |      or_ln896_11_fu_686      |    0    |    0    |    2    |
|          |      or_ln346_12_fu_711      |    0    |    0    |    2    |
|          |      or_ln895_14_fu_867      |    0    |    0    |    2    |
|          |      or_ln896_12_fu_889      |    0    |    0    |    2    |
|          |      or_ln346_13_fu_914      |    0    |    0    |    2    |
|----------|------------------------------|---------|---------|---------|
|    mul   |          grp_fu_928          |    1    |    0    |    0    |
|          |          grp_fu_939          |    1    |    0    |    0    |
|----------|------------------------------|---------|---------|---------|
|   read   |  conv7_i340_read_read_fu_134 |    0    |    0    |    0    |
|          | sext_ln1348_read_read_fu_140 |    0    |    0    |    0    |
|----------|------------------------------|---------|---------|---------|
|          |    conv7_i340_cast_fu_198    |    0    |    0    |    0    |
|          |    sext_ln1348_cast_fu_202   |    0    |    0    |    0    |
|          |     sext_ln1348_4_fu_236     |    0    |    0    |    0    |
|   sext   |      sext_ln1271_fu_299      |    0    |    0    |    0    |
|          |      sext_ln1270_fu_514      |    0    |    0    |    0    |
|          |      sext_ln1347_fu_537      |    0    |    0    |    0    |
|          |       sext_ln79_fu_564       |    0    |    0    |    0    |
|          |      sext_ln79_1_fu_601      |    0    |    0    |    0    |
|----------|------------------------------|---------|---------|---------|
|          |       zext_ln75_fu_226       |    0    |    0    |    0    |
|          |       zext_ln377_fu_368      |    0    |    0    |    0    |
|   zext   |      zext_ln1273_fu_518      |    0    |    0    |    0    |
|          |     zext_ln377_15_fu_576     |    0    |    0    |    0    |
|          |     zext_ln377_16_fu_759     |    0    |    0    |    0    |
|----------|------------------------------|---------|---------|---------|
|          |       p_Result_s_fu_245      |    0    |    0    |    0    |
|          |      p_Result_198_fu_257     |    0    |    0    |    0    |
|          |      p_Result_199_fu_302     |    0    |    0    |    0    |
|          |      p_Result_200_fu_318     |    0    |    0    |    0    |
|          |          tmp_fu_325          |    0    |    0    |    0    |
|          |      p_Result_201_fu_376     |    0    |    0    |    0    |
|          |        tmp_191_fu_401        |    0    |    0    |    0    |
|          |        tmp_194_fu_522        |    0    |    0    |    0    |
| bitselect|      p_Result_202_fu_546     |    0    |    0    |    0    |
|          |      p_Result_203_fu_568     |    0    |    0    |    0    |
|          |      p_Result_204_fu_585     |    0    |    0    |    0    |
|          |   Range2_all_ones_36_fu_593  |    0    |    0    |    0    |
|          |        tmp_197_fu_629        |    0    |    0    |    0    |
|          |      p_Result_205_fu_725     |    0    |    0    |    0    |
|          |      p_Result_206_fu_743     |    0    |    0    |    0    |
|          |        tmp_200_fu_751        |    0    |    0    |    0    |
|          |      p_Result_207_fu_769     |    0    |    0    |    0    |
|          |        tmp_202_fu_831        |    0    |    0    |    0    |
|----------|------------------------------|---------|---------|---------|
|   trunc  |       p_Val2_123_fu_253      |    0    |    0    |    0    |
|----------|------------------------------|---------|---------|---------|
|          |      normalized_V_fu_309     |    0    |    0    |    0    |
|          |         tmp_s_fu_332         |    0    |    0    |    0    |
|          |         tmp_50_fu_347        |    0    |    0    |    0    |
|partselect|        scaled_V_fu_554       |    0    |    0    |    0    |
|          |       p_Val2_131_fu_733      |    0    |    0    |    0    |
|          |         tmp_51_fu_777        |    0    |    0    |    0    |
|          |         tmp_52_fu_793        |    0    |    0    |    0    |
|----------|------------------------------|---------|---------|---------|
|          |         r_V_26_fu_499        |    0    |    0    |    0    |
|bitconcatenate|      shl_ln838_s_fu_506      |    0    |    0    |    0    |
|          |          rhs_fu_529          |    0    |    0    |    0    |
|----------|------------------------------|---------|---------|---------|
|   Total  |                              |    2    |    0    |   466   |
|----------|------------------------------|---------|---------|---------|

Memories:
N/A

* Register list:
+----------------------------------+--------+
|                                  |   FF   |
+----------------------------------+--------+
| OUTPUT_NORM_BIAS_V_addr_reg_1057 |    4   |
|OUTPUT_NORM_WEIGHT_V_addr_reg_1037|    4   |
|    Range1_all_ones_37_reg_1135   |    1   |
|     Range1_all_ones_reg_1020     |    1   |
|   Range1_all_zeros_19_reg_1142   |    1   |
|     Range1_all_zeros_reg_1027    |    1   |
|    Range2_all_ones_35_reg_1130   |    1   |
|    Range2_all_ones_36_reg_1096   |    1   |
|     Range2_all_ones_reg_1015     |    1   |
|      conv7_i340_cast_reg_953     |   32   |
|          feature_reg_946         |    5   |
|         icmp_ln75_reg_963        |    1   |
|        input_addr_reg_974        |    4   |
|       normalized_V_reg_1000      |   16   |
|       p_Result_199_reg_994       |    1   |
|       p_Result_200_reg_1005      |    1   |
|       p_Result_202_reg_1072      |    1   |
|       p_Result_203_reg_1078      |    1   |
|       p_Result_204_reg_1089      |    1   |
|       p_Result_205_reg_1108      |    1   |
|       p_Result_206_reg_1114      |    1   |
|       p_Result_207_reg_1124      |    1   |
|        p_Val2_132_reg_1119       |   16   |
|          r_V_28_reg_989          |   32   |
|          r_V_29_reg_1052         |   35   |
|            r_V_reg_979           |   16   |
|         ret_V_7_reg_1067         |   35   |
|        scaled_V_3_reg_1084       |   22   |
|        scaled_V_4_reg_1103       |   24   |
|     select_ln346_42_reg_1032     |   16   |
|       sext_ln1270_reg_1042       |   35   |
|        sext_ln1271_reg_984       |   32   |
|     sext_ln1348_cast_reg_958     |   17   |
|         tmp_194_reg_1062         |    1   |
|           tmp_reg_1010           |    1   |
|       zext_ln1273_reg_1047       |   35   |
|         zext_ln75_reg_967        |   64   |
+----------------------------------+--------+
|               Total              |   462  |
+----------------------------------+--------+

* Multiplexer (MUX) list: 
|-------------------|------|------|------|--------||---------||---------|
|        Comp       |  Pin | Size |  BW  | S x BW ||  Delay  ||   LUT   |
|-------------------|------|------|------|--------||---------||---------|
| grp_access_fu_153 |  p0  |   2  |   4  |    8   ||    9    |
| grp_access_fu_166 |  p0  |   2  |   4  |    8   ||    9    |
| grp_access_fu_179 |  p0  |   2  |   4  |    8   ||    9    |
|     grp_fu_928    |  p0  |   2  |  16  |   32   ||    9    |
|     grp_fu_939    |  p0  |   2  |  20  |   40   ||    9    |
|     grp_fu_939    |  p1  |   2  |  15  |   30   ||    9    |
|-------------------|------|------|------|--------||---------||---------|
|       Total       |      |      |      |   126  ||  9.528  ||    54   |
|-------------------|------|------|------|--------||---------||---------|



* Summary:
+-----------+--------+--------+--------+--------+
|           |   DSP  |  Delay |   FF   |   LUT  |
+-----------+--------+--------+--------+--------+
|  Function |    2   |    -   |    0   |   466  |
|   Memory  |    -   |    -   |    -   |    -   |
|Multiplexer|    -   |    9   |    -   |   54   |
|  Register |    -   |    -   |   462  |    -   |
+-----------+--------+--------+--------+--------+
|   Total   |    2   |    9   |   462  |   520  |
+-----------+--------+--------+--------+--------+
