

================================================================
== Vitis HLS Report for 'unsw_linear_transformer_Pipeline_VITIS_LOOP_261_32'
================================================================
* Date:           Mon Jun 29 22:28:38 2026

* Version:        2022.2 (Build 3670227 on Oct 13 2022)
* Project:        unsw_linear_transformer_fixed16_v3b_hotspot_ii1_prj
* Solution:       solution1 (Vivado IP Flow Target)
* Product family: zynq
* Target device:  xc7z020-clg400-1


================================================================
== Performance Estimates
================================================================
+ Timing: 
    * Summary: 
    +--------+----------+-----------+------------+
    |  Clock |  Target  | Estimated | Uncertainty|
    +--------+----------+-----------+------------+
    |ap_clk  |  10.00 ns|  10.326 ns|     2.70 ns|
    +--------+----------+-----------+------------+

+ Latency: 
    * Summary: 
    +---------+---------+----------+----------+-----+-----+---------+
    |  Latency (cycles) |  Latency (absolute) |  Interval | Pipeline|
    |   min   |   max   |    min   |    max   | min | max |   Type  |
    +---------+---------+----------+----------+-----+-----+---------+
    |       40|       40|  0.413 us|  0.413 us|   40|   40|       no|
    +---------+---------+----------+----------+-----+-----+---------+

    + Detail: 
        * Instance: 
        N/A

        * Loop: 
        +---------------------+---------+---------+----------+-----------+-----------+------+----------+
        |                     |  Latency (cycles) | Iteration|  Initiation Interval  | Trip |          |
        |      Loop Name      |   min   |   max   |  Latency |  achieved |   target  | Count| Pipelined|
        +---------------------+---------+---------+----------+-----------+-----------+------+----------+
        |- VITIS_LOOP_261_32  |       38|       38|         8|          1|          1|    32|       yes|
        +---------------------+---------+---------+----------+-----------+-----------+------+----------+

============================================================
+ Verbose Summary: Synthesis Manager
============================================================
InlineROM: 1
ExposeGlobal: 0
============================================================
+ Verbose Summary: CDFG Model
============================================================
IsTopModel: 0
ResetActiveHigh: 1
IsCombinational: 0
IsDatapathOnly: 0
HasWiredReturn: 1
HasMFsm: 2
HasVarLatency: 1
IsPipeline: 0
IsRtlPipelined: 0
IsInstanceOverlapped: 0
IsDontTouch: 0
HasImplIP: 0
IsGatedGlobalClock: 0

+ Individual pipeline summary: 
  * Pipeline-0: initiation interval (II) = 1, depth = 8


============================================================
+ Verbose Summary: Schedule
============================================================
* Number of FSM states : 8
* Pipeline : 1
  Pipeline-0 : II = 1, D = 8, States = { 1 2 3 4 5 6 7 8 }
* Dataflow Pipeline: 0

* FSM state transitions: 
1 --> 2 
2 --> 3 
3 --> 4 
4 --> 5 
5 --> 6 
6 --> 7 
7 --> 8 
8 --> 

* FSM state operations: 

State 1 <SV = 0> <Delay = 5.16>
ST_1 : Operation 11 [1/1] (0.00ns)   --->   "%rhs = alloca i32 1"   --->   Operation 11 'alloca' 'rhs' <Predicate = true> <Delay = 0.00>
ST_1 : Operation 12 [1/1] (0.00ns)   --->   "%input_feature = alloca i32 1"   --->   Operation 12 'alloca' 'input_feature' <Predicate = true> <Delay = 0.00>
ST_1 : Operation 13 [1/1] (0.00ns)   --->   "%lhs_20_read = read i20 @_ssdm_op_Read.ap_auto.i20, i20 %lhs_20"   --->   Operation 13 'read' 'lhs_20_read' <Predicate = true> <Delay = 0.00>
ST_1 : Operation 14 [1/1] (0.00ns)   --->   "%sext_ln1347_28_read = read i20 @_ssdm_op_Read.ap_auto.i20, i20 %sext_ln1347_28"   --->   Operation 14 'read' 'sext_ln1347_28_read' <Predicate = true> <Delay = 0.00>
ST_1 : Operation 15 [1/1] (0.00ns)   --->   "%sext_ln813_7_read = read i20 @_ssdm_op_Read.ap_auto.i20, i20 %sext_ln813_7"   --->   Operation 15 'read' 'sext_ln813_7_read' <Predicate = true> <Delay = 0.00>
ST_1 : Operation 16 [1/1] (0.00ns)   --->   "%zext_ln837_16_read = read i8 @_ssdm_op_Read.ap_auto.i8, i8 %zext_ln837_16"   --->   Operation 16 'read' 'zext_ln837_16_read' <Predicate = true> <Delay = 0.00>
ST_1 : Operation 17 [1/1] (0.00ns)   --->   "%zext_ln837_17_read = read i9 @_ssdm_op_Read.ap_auto.i9, i9 %zext_ln837_17"   --->   Operation 17 'read' 'zext_ln837_17_read' <Predicate = true> <Delay = 0.00>
ST_1 : Operation 18 [1/1] (0.00ns)   --->   "%add_ln837_14_read = read i7 @_ssdm_op_Read.ap_auto.i7, i7 %add_ln837_14"   --->   Operation 18 'read' 'add_ln837_14_read' <Predicate = true> <Delay = 0.00>
ST_1 : Operation 19 [1/1] (0.00ns)   --->   "%sext_ln260_read = read i13 @_ssdm_op_Read.ap_auto.i13, i13 %sext_ln260"   --->   Operation 19 'read' 'sext_ln260_read' <Predicate = true> <Delay = 0.00>
ST_1 : Operation 20 [1/1] (0.00ns)   --->   "%sext_ln1347_28_cast = sext i20 %sext_ln1347_28_read"   --->   Operation 20 'sext' 'sext_ln1347_28_cast' <Predicate = true> <Delay = 0.00>
ST_1 : Operation 21 [1/1] (0.00ns)   --->   "%sext_ln813_7_cast = sext i20 %sext_ln813_7_read"   --->   Operation 21 'sext' 'sext_ln813_7_cast' <Predicate = true> <Delay = 0.00>
ST_1 : Operation 22 [1/1] (0.00ns)   --->   "%add_ln837_14_cast = zext i7 %add_ln837_14_read"   --->   Operation 22 'zext' 'add_ln837_14_cast' <Predicate = true> <Delay = 0.00>
ST_1 : Operation 23 [1/1] (0.00ns)   --->   "%sext_ln260_cast = sext i13 %sext_ln260_read"   --->   Operation 23 'sext' 'sext_ln260_cast' <Predicate = true> <Delay = 0.00>
ST_1 : Operation 24 [1/1] (1.58ns)   --->   "%store_ln0 = store i6 0, i6 %input_feature"   --->   Operation 24 'store' 'store_ln0' <Predicate = true> <Delay = 1.58>
ST_1 : Operation 25 [1/1] (1.58ns)   --->   "%store_ln0 = store i24 %sext_ln260_cast, i24 %rhs"   --->   Operation 25 'store' 'store_ln0' <Predicate = true> <Delay = 1.58>
ST_1 : Operation 26 [1/1] (0.00ns)   --->   "%br_ln0 = br void %for.body614"   --->   Operation 26 'br' 'br_ln0' <Predicate = true> <Delay = 0.00>
ST_1 : Operation 27 [1/1] (0.00ns)   --->   "%input_feature_1 = load i6 %input_feature" [src/unsw_linear_transformer.cpp:261]   --->   Operation 27 'load' 'input_feature_1' <Predicate = true> <Delay = 0.00>
ST_1 : Operation 28 [1/1] (0.00ns)   --->   "%residual2_V_addr = getelementptr i16 %residual2_V, i64 0, i64 %add_ln837_14_cast" [src/unsw_linear_transformer.cpp:266]   --->   Operation 28 'getelementptr' 'residual2_V_addr' <Predicate = true> <Delay = 0.00>
ST_1 : Operation 29 [1/1] (1.42ns)   --->   "%icmp_ln261 = icmp_eq  i6 %input_feature_1, i6 32" [src/unsw_linear_transformer.cpp:261]   --->   Operation 29 'icmp' 'icmp_ln261' <Predicate = true> <Delay = 1.42> <CoreInst = "Cmp">   --->   Core 9 'Cmp' <Latency = 0> <II = 1> <Delay = 1.42> <FuncUnit> <Opcode : 'icmp'> <InPorts = 2> <OutPorts = 1>
ST_1 : Operation 30 [1/1] (0.00ns)   --->   "%empty = speclooptripcount i32 @_ssdm_op_SpecLoopTripCount, i64 32, i64 32, i64 32"   --->   Operation 30 'speclooptripcount' 'empty' <Predicate = true> <Delay = 0.00>
ST_1 : Operation 31 [1/1] (1.82ns)   --->   "%add_ln261 = add i6 %input_feature_1, i6 1" [src/unsw_linear_transformer.cpp:261]   --->   Operation 31 'add' 'add_ln261' <Predicate = true> <Delay = 1.82> <CoreInst = "Adder">   --->   Core 1 'Adder' <Latency = 0> <II = 1> <Delay = 1.82> <FuncUnit> <Opcode : 'add' 'sub'> <InPorts = 2> <OutPorts = 1>
ST_1 : Operation 32 [1/1] (0.00ns)   --->   "%br_ln261 = br i1 %icmp_ln261, void %for.body614.split_ifconv, void %for.end629_ifconv.exitStub" [src/unsw_linear_transformer.cpp:261]   --->   Operation 32 'br' 'br_ln261' <Predicate = true> <Delay = 0.00>
ST_1 : Operation 33 [1/1] (0.00ns)   --->   "%zext_ln837 = zext i6 %input_feature_1"   --->   Operation 33 'zext' 'zext_ln837' <Predicate = (!icmp_ln261)> <Delay = 0.00>
ST_1 : Operation 34 [1/1] (0.00ns)   --->   "%zext_ln837_2 = zext i6 %input_feature_1"   --->   Operation 34 'zext' 'zext_ln837_2' <Predicate = (!icmp_ln261)> <Delay = 0.00>
ST_1 : Operation 35 [1/1] (1.82ns)   --->   "%add_ln837 = add i9 %zext_ln837_17_read, i9 %zext_ln837_2"   --->   Operation 35 'add' 'add_ln837' <Predicate = (!icmp_ln261)> <Delay = 1.82> <CoreInst = "Adder">   --->   Core 1 'Adder' <Latency = 0> <II = 1> <Delay = 1.82> <FuncUnit> <Opcode : 'add' 'sub'> <InPorts = 2> <OutPorts = 1>
ST_1 : Operation 36 [1/1] (0.00ns)   --->   "%zext_ln837_3 = zext i9 %add_ln837"   --->   Operation 36 'zext' 'zext_ln837_3' <Predicate = (!icmp_ln261)> <Delay = 0.00>
ST_1 : Operation 37 [1/1] (0.00ns)   --->   "%LAYERS_0_FEEDFORWARD_3_WEIGHT_V_addr = getelementptr i10 %LAYERS_0_FEEDFORWARD_3_WEIGHT_V, i64 0, i64 %zext_ln837_3"   --->   Operation 37 'getelementptr' 'LAYERS_0_FEEDFORWARD_3_WEIGHT_V_addr' <Predicate = (!icmp_ln261)> <Delay = 0.00>
ST_1 : Operation 38 [1/1] (1.91ns)   --->   "%add_ln837_1 = add i8 %zext_ln837_16_read, i8 %zext_ln837"   --->   Operation 38 'add' 'add_ln837_1' <Predicate = (!icmp_ln261)> <Delay = 1.91> <CoreInst = "Adder">   --->   Core 1 'Adder' <Latency = 0> <II = 1> <Delay = 1.91> <FuncUnit> <Opcode : 'add' 'sub'> <InPorts = 2> <OutPorts = 1>
ST_1 : Operation 39 [1/1] (0.00ns)   --->   "%zext_ln837_4 = zext i8 %add_ln837_1"   --->   Operation 39 'zext' 'zext_ln837_4' <Predicate = (!icmp_ln261)> <Delay = 0.00>
ST_1 : Operation 40 [1/1] (0.00ns)   --->   "%feedforward_hidden_V_addr = getelementptr i15 %feedforward_hidden_V, i64 0, i64 %zext_ln837_4"   --->   Operation 40 'getelementptr' 'feedforward_hidden_V_addr' <Predicate = (!icmp_ln261)> <Delay = 0.00>
ST_1 : Operation 41 [2/2] (3.25ns)   --->   "%feedforward_hidden_V_load = load i8 %feedforward_hidden_V_addr"   --->   Operation 41 'load' 'feedforward_hidden_V_load' <Predicate = (!icmp_ln261)> <Delay = 3.25> <CoreInst = "RAM">   --->   Core 82 'RAM' <Latency = 1> <II = 1> <Delay = 3.25> <Storage> <Opcode : 'load' 'store'> <Ports = 2> <Width = 15> <Depth = 256> <RAM>
ST_1 : Operation 42 [2/2] (3.25ns)   --->   "%LAYERS_0_FEEDFORWARD_3_WEIGHT_V_load = load i9 %LAYERS_0_FEEDFORWARD_3_WEIGHT_V_addr"   --->   Operation 42 'load' 'LAYERS_0_FEEDFORWARD_3_WEIGHT_V_load' <Predicate = (!icmp_ln261)> <Delay = 3.25> <CoreInst = "ROM">   --->   Core 95 'ROM' <Latency = 1> <II = 1> <Delay = 3.25> <Storage> <Opcode : 'load'> <Ports = 0> <Width = 10> <Depth = 512> <ROM>
ST_1 : Operation 43 [1/1] (1.42ns)   --->   "%icmp_ln261_1 = icmp_eq  i6 %add_ln261, i6 32" [src/unsw_linear_transformer.cpp:261]   --->   Operation 43 'icmp' 'icmp_ln261_1' <Predicate = (!icmp_ln261)> <Delay = 1.42> <CoreInst = "Cmp">   --->   Core 9 'Cmp' <Latency = 0> <II = 1> <Delay = 1.42> <FuncUnit> <Opcode : 'icmp'> <InPorts = 2> <OutPorts = 1>
ST_1 : Operation 44 [1/1] (0.00ns)   --->   "%br_ln261 = br i1 %icmp_ln261_1, void %ifFalse83, void %ifTrue82" [src/unsw_linear_transformer.cpp:261]   --->   Operation 44 'br' 'br_ln261' <Predicate = (!icmp_ln261)> <Delay = 0.00>
ST_1 : Operation 45 [1/1] (1.58ns)   --->   "%store_ln261 = store i6 %add_ln261, i6 %input_feature" [src/unsw_linear_transformer.cpp:261]   --->   Operation 45 'store' 'store_ln261' <Predicate = (!icmp_ln261)> <Delay = 1.58>

State 2 <SV = 1> <Delay = 5.40>
ST_2 : Operation 46 [1/2] (3.25ns)   --->   "%feedforward_hidden_V_load = load i8 %feedforward_hidden_V_addr"   --->   Operation 46 'load' 'feedforward_hidden_V_load' <Predicate = true> <Delay = 3.25> <CoreInst = "RAM">   --->   Core 82 'RAM' <Latency = 1> <II = 1> <Delay = 3.25> <Storage> <Opcode : 'load' 'store'> <Ports = 2> <Width = 15> <Depth = 256> <RAM>
ST_2 : Operation 47 [1/1] (0.00ns)   --->   "%r_V = bitconcatenate i19 @_ssdm_op_BitConcatenate.i19.i15.i4, i15 %feedforward_hidden_V_load, i4 0"   --->   Operation 47 'bitconcatenate' 'r_V' <Predicate = true> <Delay = 0.00>
ST_2 : Operation 48 [1/2] (3.25ns)   --->   "%LAYERS_0_FEEDFORWARD_3_WEIGHT_V_load = load i9 %LAYERS_0_FEEDFORWARD_3_WEIGHT_V_addr"   --->   Operation 48 'load' 'LAYERS_0_FEEDFORWARD_3_WEIGHT_V_load' <Predicate = true> <Delay = 3.25> <CoreInst = "ROM">   --->   Core 95 'ROM' <Latency = 1> <II = 1> <Delay = 3.25> <Storage> <Opcode : 'load'> <Ports = 0> <Width = 10> <Depth = 512> <ROM>
ST_2 : Operation 49 [1/1] (0.00ns)   --->   "%shl_ln838_3 = bitconcatenate i14 @_ssdm_op_BitConcatenate.i14.i10.i4, i10 %LAYERS_0_FEEDFORWARD_3_WEIGHT_V_load, i4 0"   --->   Operation 49 'bitconcatenate' 'shl_ln838_3' <Predicate = true> <Delay = 0.00>
ST_2 : Operation 50 [1/1] (0.00ns)   --->   "%zext_ln1270 = zext i19 %r_V"   --->   Operation 50 'zext' 'zext_ln1270' <Predicate = true> <Delay = 0.00>
ST_2 : Operation 51 [1/1] (0.00ns)   --->   "%sext_ln1273 = sext i14 %shl_ln838_3"   --->   Operation 51 'sext' 'sext_ln1273' <Predicate = true> <Delay = 0.00>
ST_2 : Operation 52 [4/4] (2.15ns) (root node of the DSP)   --->   "%r_V_4 = mul i33 %sext_ln1273, i33 %zext_ln1270"   --->   Operation 52 'mul' 'r_V_4' <Predicate = true> <Delay = 2.15> <CoreInst = "DSP48">   --->   Core 119 'DSP48' <Latency = 3> <II = 1> <Delay = 2.15> <IPBlock> <Opcode : 'mul' 'add' 'sub' 'select'> <InPorts = 0> <OutPorts = 1> <Sync> <CReg>

State 3 <SV = 2> <Delay = 2.15>
ST_3 : Operation 53 [3/4] (2.15ns) (root node of the DSP)   --->   "%r_V_4 = mul i33 %sext_ln1273, i33 %zext_ln1270"   --->   Operation 53 'mul' 'r_V_4' <Predicate = true> <Delay = 2.15> <CoreInst = "DSP48">   --->   Core 119 'DSP48' <Latency = 3> <II = 1> <Delay = 2.15> <IPBlock> <Opcode : 'mul' 'add' 'sub' 'select'> <InPorts = 0> <OutPorts = 1> <Sync> <CReg>

State 4 <SV = 3> <Delay = 2.15>
ST_4 : Operation 54 [2/4] (2.15ns) (root node of the DSP)   --->   "%r_V_4 = mul i33 %sext_ln1273, i33 %zext_ln1270"   --->   Operation 54 'mul' 'r_V_4' <Predicate = true> <Delay = 2.15> <CoreInst = "DSP48">   --->   Core 119 'DSP48' <Latency = 3> <II = 1> <Delay = 2.15> <IPBlock> <Opcode : 'mul' 'add' 'sub' 'select'> <InPorts = 0> <OutPorts = 1> <Sync> <CReg>

State 5 <SV = 4> <Delay = 0.00>
ST_5 : Operation 55 [1/4] (0.00ns) (root node of the DSP)   --->   "%r_V_4 = mul i33 %sext_ln1273, i33 %zext_ln1270"   --->   Operation 55 'mul' 'r_V_4' <Predicate = true> <Delay = 0.00> <CoreInst = "DSP48">   --->   Core 119 'DSP48' <Latency = 3> <II = 1> <Delay = 2.15> <IPBlock> <Opcode : 'mul' 'add' 'sub' 'select'> <InPorts = 0> <OutPorts = 1> <Sync> <CReg>
ST_5 : Operation 56 [1/1] (0.00ns)   --->   "%tmp = bitselect i1 @_ssdm_op_BitSelect.i1.i33.i32, i33 %r_V_4, i32 13"   --->   Operation 56 'bitselect' 'tmp' <Predicate = true> <Delay = 0.00>

State 6 <SV = 5> <Delay = 10.3>
ST_6 : Operation 57 [1/1] (0.00ns)   --->   "%rhs_load = load i24 %rhs"   --->   Operation 57 'load' 'rhs_load' <Predicate = true> <Delay = 0.00>
ST_6 : Operation 58 [1/1] (0.00ns)   --->   "%specpipeline_ln262 = specpipeline void @_ssdm_op_SpecPipeline, i32 1, i32 0, i32 0, i32 0, void @empty_9" [src/unsw_linear_transformer.cpp:262]   --->   Operation 58 'specpipeline' 'specpipeline_ln262' <Predicate = true> <Delay = 0.00>
ST_6 : Operation 59 [1/1] (0.00ns)   --->   "%specloopname_ln260 = specloopname void @_ssdm_op_SpecLoopName, void @empty_30" [src/unsw_linear_transformer.cpp:260]   --->   Operation 59 'specloopname' 'specloopname_ln260' <Predicate = true> <Delay = 0.00>
ST_6 : Operation 60 [1/1] (0.00ns)   --->   "%lhs = bitconcatenate i38 @_ssdm_op_BitConcatenate.i38.i24.i14, i24 %rhs_load, i14 0"   --->   Operation 60 'bitconcatenate' 'lhs' <Predicate = true> <Delay = 0.00>
ST_6 : Operation 61 [1/1] (0.00ns)   --->   "%sext_ln1347 = sext i38 %lhs"   --->   Operation 61 'sext' 'sext_ln1347' <Predicate = true> <Delay = 0.00>
ST_6 : Operation 62 [1/1] (0.00ns)   --->   "%sext_ln1347_4 = sext i33 %r_V_4"   --->   Operation 62 'sext' 'sext_ln1347_4' <Predicate = true> <Delay = 0.00>
ST_6 : Operation 63 [1/1] (0.00ns)   --->   "%sext_ln1347_5 = sext i33 %r_V_4"   --->   Operation 63 'sext' 'sext_ln1347_5' <Predicate = true> <Delay = 0.00>
ST_6 : Operation 64 [1/1] (2.79ns)   --->   "%ret_V = add i39 %sext_ln1347, i39 %sext_ln1347_4"   --->   Operation 64 'add' 'ret_V' <Predicate = true> <Delay = 2.79> <CoreInst = "Adder">   --->   Core 1 'Adder' <Latency = 0> <II = 1> <Delay = 2.79> <FuncUnit> <Opcode : 'add' 'sub'> <InPorts = 2> <OutPorts = 1>
ST_6 : Operation 65 [1/1] (2.79ns)   --->   "%add_ln1347_2 = add i38 %lhs, i38 %sext_ln1347_5"   --->   Operation 65 'add' 'add_ln1347_2' <Predicate = true> <Delay = 2.79> <CoreInst = "Adder">   --->   Core 1 'Adder' <Latency = 0> <II = 1> <Delay = 2.79> <FuncUnit> <Opcode : 'add' 'sub'> <InPorts = 2> <OutPorts = 1>
ST_6 : Operation 66 [1/1] (0.00ns)   --->   "%p_Result_s = bitselect i1 @_ssdm_op_BitSelect.i1.i39.i32, i39 %ret_V, i32 38"   --->   Operation 66 'bitselect' 'p_Result_s' <Predicate = true> <Delay = 0.00>
ST_6 : Operation 67 [1/1] (0.00ns)   --->   "%sum_V_4 = partselect i24 @_ssdm_op_PartSelect.i24.i38.i32.i32, i38 %add_ln1347_2, i32 14, i32 37"   --->   Operation 67 'partselect' 'sum_V_4' <Predicate = true> <Delay = 0.00>
ST_6 : Operation 68 [1/1] (0.00ns)   --->   "%p_Result_15 = bitselect i1 @_ssdm_op_BitSelect.i1.i38.i32, i38 %add_ln1347_2, i32 37"   --->   Operation 68 'bitselect' 'p_Result_15' <Predicate = true> <Delay = 0.00>
ST_6 : Operation 69 [1/1] (0.00ns)   --->   "%zext_ln377 = zext i1 %tmp"   --->   Operation 69 'zext' 'zext_ln377' <Predicate = true> <Delay = 0.00>
ST_6 : Operation 70 [1/1] (2.31ns)   --->   "%sum_V_5 = add i24 %zext_ln377, i24 %sum_V_4"   --->   Operation 70 'add' 'sum_V_5' <Predicate = true> <Delay = 2.31> <CoreInst = "Adder">   --->   Core 1 'Adder' <Latency = 0> <II = 1> <Delay = 2.31> <FuncUnit> <Opcode : 'add' 'sub'> <InPorts = 2> <OutPorts = 1>
ST_6 : Operation 71 [1/1] (0.00ns)   --->   "%p_Result_16 = bitselect i1 @_ssdm_op_BitSelect.i1.i24.i32, i24 %sum_V_5, i32 23"   --->   Operation 71 'bitselect' 'p_Result_16' <Predicate = true> <Delay = 0.00>
ST_6 : Operation 72 [1/1] (0.97ns)   --->   "%xor_ln896 = xor i1 %p_Result_16, i1 1"   --->   Operation 72 'xor' 'xor_ln896' <Predicate = true> <Delay = 0.97> <CoreInst = "LogicGate">   --->   Core 74 'LogicGate' <Latency = 0> <II = 1> <Delay = 0.97> <FuncUnit> <Opcode : 'and' 'or' 'xor'> <InPorts = 2> <OutPorts = 1>
ST_6 : Operation 73 [1/1] (0.00ns) (grouped into LUT with out node or_ln346)   --->   "%carry_4 = and i1 %p_Result_15, i1 %xor_ln896"   --->   Operation 73 'and' 'carry_4' <Predicate = true> <Delay = 0.00> <CoreInst = "LogicGate">   --->   Core 74 'LogicGate' <Latency = 0> <II = 1> <Delay = 0.97> <FuncUnit> <Opcode : 'and' 'or' 'xor'> <InPorts = 2> <OutPorts = 1>
ST_6 : Operation 74 [1/1] (0.00ns)   --->   "%Range2_all_ones_3 = bitselect i1 @_ssdm_op_BitSelect.i1.i39.i32, i39 %ret_V, i32 38"   --->   Operation 74 'bitselect' 'Range2_all_ones_3' <Predicate = true> <Delay = 0.00>
ST_6 : Operation 75 [1/1] (0.00ns) (grouped into LUT with out node or_ln888)   --->   "%xor_ln888 = xor i1 %p_Result_15, i1 1"   --->   Operation 75 'xor' 'xor_ln888' <Predicate = true> <Delay = 0.00> <CoreInst = "LogicGate">   --->   Core 74 'LogicGate' <Latency = 0> <II = 1> <Delay = 0.97> <FuncUnit> <Opcode : 'and' 'or' 'xor'> <InPorts = 2> <OutPorts = 1>
ST_6 : Operation 76 [1/1] (0.97ns) (out node of the LUT)   --->   "%or_ln888 = or i1 %p_Result_16, i1 %xor_ln888"   --->   Operation 76 'or' 'or_ln888' <Predicate = true> <Delay = 0.97> <CoreInst = "LogicGate">   --->   Core 74 'LogicGate' <Latency = 0> <II = 1> <Delay = 0.97> <FuncUnit> <Opcode : 'and' 'or' 'xor'> <InPorts = 2> <OutPorts = 1>
ST_6 : Operation 77 [1/1] (0.00ns) (grouped into LUT with out node overflow)   --->   "%deleted_zeros = xor i1 %Range2_all_ones_3, i1 %or_ln888"   --->   Operation 77 'xor' 'deleted_zeros' <Predicate = true> <Delay = 0.00> <CoreInst = "LogicGate">   --->   Core 74 'LogicGate' <Latency = 0> <II = 1> <Delay = 0.97> <FuncUnit> <Opcode : 'and' 'or' 'xor'> <InPorts = 2> <OutPorts = 1>
ST_6 : Operation 78 [1/1] (0.00ns) (grouped into LUT with out node or_ln896)   --->   "%tmp_19 = bitselect i1 @_ssdm_op_BitSelect.i1.i39.i32, i39 %ret_V, i32 38"   --->   Operation 78 'bitselect' 'tmp_19' <Predicate = true> <Delay = 0.00>
ST_6 : Operation 79 [1/1] (0.00ns) (grouped into LUT with out node or_ln896)   --->   "%xor_ln890 = xor i1 %tmp_19, i1 1"   --->   Operation 79 'xor' 'xor_ln890' <Predicate = true> <Delay = 0.00> <CoreInst = "LogicGate">   --->   Core 74 'LogicGate' <Latency = 0> <II = 1> <Delay = 0.97> <FuncUnit> <Opcode : 'and' 'or' 'xor'> <InPorts = 2> <OutPorts = 1>
ST_6 : Operation 80 [1/1] (0.00ns) (grouped into LUT with out node or_ln896)   --->   "%or_ln890 = or i1 %or_ln888, i1 %xor_ln890"   --->   Operation 80 'or' 'or_ln890' <Predicate = true> <Delay = 0.00> <CoreInst = "LogicGate">   --->   Core 74 'LogicGate' <Latency = 0> <II = 1> <Delay = 0.97> <FuncUnit> <Opcode : 'and' 'or' 'xor'> <InPorts = 2> <OutPorts = 1>
ST_6 : Operation 81 [1/1] (0.00ns) (grouped into LUT with out node or_ln896)   --->   "%deleted_ones = and i1 %Range2_all_ones_3, i1 %or_ln890"   --->   Operation 81 'and' 'deleted_ones' <Predicate = true> <Delay = 0.00> <CoreInst = "LogicGate">   --->   Core 74 'LogicGate' <Latency = 0> <II = 1> <Delay = 0.97> <FuncUnit> <Opcode : 'and' 'or' 'xor'> <InPorts = 2> <OutPorts = 1>
ST_6 : Operation 82 [1/1] (0.00ns) (grouped into LUT with out node or_ln346)   --->   "%and_ln891 = and i1 %carry_4, i1 %Range2_all_ones_3"   --->   Operation 82 'and' 'and_ln891' <Predicate = true> <Delay = 0.00> <CoreInst = "LogicGate">   --->   Core 74 'LogicGate' <Latency = 0> <II = 1> <Delay = 0.97> <FuncUnit> <Opcode : 'and' 'or' 'xor'> <InPorts = 2> <OutPorts = 1>
ST_6 : Operation 83 [1/1] (0.00ns) (grouped into LUT with out node overflow)   --->   "%xor_ln895 = xor i1 %deleted_zeros, i1 1"   --->   Operation 83 'xor' 'xor_ln895' <Predicate = true> <Delay = 0.00> <CoreInst = "LogicGate">   --->   Core 74 'LogicGate' <Latency = 0> <II = 1> <Delay = 0.97> <FuncUnit> <Opcode : 'and' 'or' 'xor'> <InPorts = 2> <OutPorts = 1>
ST_6 : Operation 84 [1/1] (0.00ns) (grouped into LUT with out node overflow)   --->   "%or_ln895 = or i1 %p_Result_16, i1 %xor_ln895"   --->   Operation 84 'or' 'or_ln895' <Predicate = true> <Delay = 0.00> <CoreInst = "LogicGate">   --->   Core 74 'LogicGate' <Latency = 0> <II = 1> <Delay = 0.97> <FuncUnit> <Opcode : 'and' 'or' 'xor'> <InPorts = 2> <OutPorts = 1>
ST_6 : Operation 85 [1/1] (0.00ns) (grouped into LUT with out node overflow)   --->   "%xor_ln895_4 = xor i1 %p_Result_s, i1 1"   --->   Operation 85 'xor' 'xor_ln895_4' <Predicate = true> <Delay = 0.00> <CoreInst = "LogicGate">   --->   Core 74 'LogicGate' <Latency = 0> <II = 1> <Delay = 0.97> <FuncUnit> <Opcode : 'and' 'or' 'xor'> <InPorts = 2> <OutPorts = 1>
ST_6 : Operation 86 [1/1] (0.97ns) (out node of the LUT)   --->   "%overflow = and i1 %or_ln895, i1 %xor_ln895_4"   --->   Operation 86 'and' 'overflow' <Predicate = true> <Delay = 0.97> <CoreInst = "LogicGate">   --->   Core 74 'LogicGate' <Latency = 0> <II = 1> <Delay = 0.97> <FuncUnit> <Opcode : 'and' 'or' 'xor'> <InPorts = 2> <OutPorts = 1>
ST_6 : Operation 87 [1/1] (0.00ns) (grouped into LUT with out node or_ln896)   --->   "%xor_ln896_5 = xor i1 %deleted_ones, i1 1"   --->   Operation 87 'xor' 'xor_ln896_5' <Predicate = true> <Delay = 0.00> <CoreInst = "LogicGate">   --->   Core 74 'LogicGate' <Latency = 0> <II = 1> <Delay = 0.97> <FuncUnit> <Opcode : 'and' 'or' 'xor'> <InPorts = 2> <OutPorts = 1>
ST_6 : Operation 88 [1/1] (0.97ns) (out node of the LUT)   --->   "%or_ln896 = or i1 %xor_ln896, i1 %xor_ln896_5"   --->   Operation 88 'or' 'or_ln896' <Predicate = true> <Delay = 0.97> <CoreInst = "LogicGate">   --->   Core 74 'LogicGate' <Latency = 0> <II = 1> <Delay = 0.97> <FuncUnit> <Opcode : 'and' 'or' 'xor'> <InPorts = 2> <OutPorts = 1>
ST_6 : Operation 89 [1/1] (0.00ns) (grouped into LUT with out node or_ln346)   --->   "%xor_ln896_6 = xor i1 %and_ln891, i1 %or_ln896"   --->   Operation 89 'xor' 'xor_ln896_6' <Predicate = true> <Delay = 0.00> <CoreInst = "LogicGate">   --->   Core 74 'LogicGate' <Latency = 0> <II = 1> <Delay = 0.97> <FuncUnit> <Opcode : 'and' 'or' 'xor'> <InPorts = 2> <OutPorts = 1>
ST_6 : Operation 90 [1/1] (0.00ns) (grouped into LUT with out node or_ln346)   --->   "%underflow = and i1 %xor_ln896_6, i1 %p_Result_s"   --->   Operation 90 'and' 'underflow' <Predicate = true> <Delay = 0.00> <CoreInst = "LogicGate">   --->   Core 74 'LogicGate' <Latency = 0> <II = 1> <Delay = 0.97> <FuncUnit> <Opcode : 'and' 'or' 'xor'> <InPorts = 2> <OutPorts = 1>
ST_6 : Operation 91 [1/1] (0.00ns) (grouped into LUT with out node sum_V)   --->   "%select_ln346 = select i1 %overflow, i24 8388607, i24 8388608"   --->   Operation 91 'select' 'select_ln346' <Predicate = true> <Delay = 0.00> <CoreInst = "Sel">   --->   Core 73 'Sel' <Latency = 0> <II = 1> <Delay = 0.69> <FuncUnit> <Opcode : 'select'> <InPorts = 3> <OutPorts = 1>
ST_6 : Operation 92 [1/1] (0.97ns) (out node of the LUT)   --->   "%or_ln346 = or i1 %overflow, i1 %underflow"   --->   Operation 92 'or' 'or_ln346' <Predicate = true> <Delay = 0.97> <CoreInst = "LogicGate">   --->   Core 74 'LogicGate' <Latency = 0> <II = 1> <Delay = 0.97> <FuncUnit> <Opcode : 'and' 'or' 'xor'> <InPorts = 2> <OutPorts = 1>
ST_6 : Operation 93 [1/1] (0.69ns) (out node of the LUT)   --->   "%sum_V = select i1 %or_ln346, i24 %select_ln346, i24 %sum_V_5"   --->   Operation 93 'select' 'sum_V' <Predicate = true> <Delay = 0.69> <CoreInst = "Sel">   --->   Core 73 'Sel' <Latency = 0> <II = 1> <Delay = 0.69> <FuncUnit> <Opcode : 'select'> <InPorts = 3> <OutPorts = 1>
ST_6 : Operation 94 [1/1] (1.58ns)   --->   "%store_ln346 = store i24 %sum_V, i24 %rhs"   --->   Operation 94 'store' 'store_ln346' <Predicate = true> <Delay = 1.58>
ST_6 : Operation 95 [1/1] (0.00ns)   --->   "%br_ln0 = br void %for.body614"   --->   Operation 95 'br' 'br_ln0' <Predicate = true> <Delay = 0.00>

State 7 <SV = 6> <Delay = 7.22>
ST_7 : Operation 96 [1/1] (0.00ns)   --->   "%sext_ln813 = sext i24 %sum_V"   --->   Operation 96 'sext' 'sext_ln813' <Predicate = (icmp_ln261_1)> <Delay = 0.00>
ST_7 : Operation 97 [1/1] (0.00ns)   --->   "%trunc_ln1347 = trunc i24 %sum_V"   --->   Operation 97 'trunc' 'trunc_ln1347' <Predicate = (icmp_ln261_1)> <Delay = 0.00>
ST_7 : Operation 98 [1/1] (0.00ns)   --->   "%trunc_ln1347_1 = trunc i24 %sum_V"   --->   Operation 98 'trunc' 'trunc_ln1347_1' <Predicate = (icmp_ln261_1)> <Delay = 0.00>
ST_7 : Operation 99 [1/1] (2.31ns)   --->   "%ret_V_1 = add i25 %sext_ln813_7_cast, i25 %sext_ln813"   --->   Operation 99 'add' 'ret_V_1' <Predicate = (icmp_ln261_1)> <Delay = 2.31> <CoreInst = "Adder">   --->   Core 1 'Adder' <Latency = 0> <II = 1> <Delay = 2.31> <FuncUnit> <Opcode : 'add' 'sub'> <InPorts = 2> <OutPorts = 1>
ST_7 : Operation 100 [1/1] (2.22ns)   --->   "%add_ln1347_3 = add i21 %sext_ln1347_28_cast, i21 %trunc_ln1347_1"   --->   Operation 100 'add' 'add_ln1347_3' <Predicate = (icmp_ln261_1)> <Delay = 2.22> <CoreInst = "Adder">   --->   Core 1 'Adder' <Latency = 0> <II = 1> <Delay = 2.22> <FuncUnit> <Opcode : 'add' 'sub'> <InPorts = 2> <OutPorts = 1>
ST_7 : Operation 101 [1/1] (2.19ns)   --->   "%add_ln1347_4 = add i20 %lhs_20_read, i20 %trunc_ln1347"   --->   Operation 101 'add' 'add_ln1347_4' <Predicate = (icmp_ln261_1)> <Delay = 2.19> <CoreInst = "Adder">   --->   Core 1 'Adder' <Latency = 0> <II = 1> <Delay = 2.19> <FuncUnit> <Opcode : 'add' 'sub'> <InPorts = 2> <OutPorts = 1>
ST_7 : Operation 102 [1/1] (0.00ns)   --->   "%p_Result_17 = bitselect i1 @_ssdm_op_BitSelect.i1.i25.i32, i25 %ret_V_1, i32 24"   --->   Operation 102 'bitselect' 'p_Result_17' <Predicate = (icmp_ln261_1)> <Delay = 0.00>
ST_7 : Operation 103 [1/1] (0.00ns)   --->   "%p_Val2_13 = partselect i16 @_ssdm_op_PartSelect.i16.i20.i32.i32, i20 %add_ln1347_4, i32 4, i32 19"   --->   Operation 103 'partselect' 'p_Val2_13' <Predicate = (icmp_ln261_1)> <Delay = 0.00>
ST_7 : Operation 104 [1/1] (0.00ns)   --->   "%p_Result_18 = bitselect i1 @_ssdm_op_BitSelect.i1.i20.i32, i20 %add_ln1347_4, i32 19"   --->   Operation 104 'bitselect' 'p_Result_18' <Predicate = (icmp_ln261_1)> <Delay = 0.00>
ST_7 : Operation 105 [1/1] (0.00ns)   --->   "%tmp_22 = bitselect i1 @_ssdm_op_BitSelect.i1.i24.i32, i24 %sum_V, i32 3"   --->   Operation 105 'bitselect' 'tmp_22' <Predicate = (icmp_ln261_1)> <Delay = 0.00>
ST_7 : Operation 106 [1/1] (0.00ns)   --->   "%zext_ln377_1 = zext i1 %tmp_22"   --->   Operation 106 'zext' 'zext_ln377_1' <Predicate = (icmp_ln261_1)> <Delay = 0.00>
ST_7 : Operation 107 [1/1] (2.07ns)   --->   "%p_Val2_14 = add i16 %zext_ln377_1, i16 %p_Val2_13"   --->   Operation 107 'add' 'p_Val2_14' <Predicate = (icmp_ln261_1)> <Delay = 2.07> <CoreInst = "Adder">   --->   Core 1 'Adder' <Latency = 0> <II = 1> <Delay = 2.07> <FuncUnit> <Opcode : 'add' 'sub'> <InPorts = 2> <OutPorts = 1>
ST_7 : Operation 108 [1/1] (0.00ns)   --->   "%p_Result_19 = bitselect i1 @_ssdm_op_BitSelect.i1.i16.i32, i16 %p_Val2_14, i32 15"   --->   Operation 108 'bitselect' 'p_Result_19' <Predicate = (icmp_ln261_1)> <Delay = 0.00>
ST_7 : Operation 109 [1/1] (0.97ns)   --->   "%xor_ln896_7 = xor i1 %p_Result_19, i1 1"   --->   Operation 109 'xor' 'xor_ln896_7' <Predicate = (icmp_ln261_1)> <Delay = 0.97> <CoreInst = "LogicGate">   --->   Core 74 'LogicGate' <Latency = 0> <II = 1> <Delay = 0.97> <FuncUnit> <Opcode : 'and' 'or' 'xor'> <InPorts = 2> <OutPorts = 1>
ST_7 : Operation 110 [1/1] (0.97ns)   --->   "%carry_6 = and i1 %p_Result_18, i1 %xor_ln896_7"   --->   Operation 110 'and' 'carry_6' <Predicate = (icmp_ln261_1)> <Delay = 0.97> <CoreInst = "LogicGate">   --->   Core 74 'LogicGate' <Latency = 0> <II = 1> <Delay = 0.97> <FuncUnit> <Opcode : 'and' 'or' 'xor'> <InPorts = 2> <OutPorts = 1>
ST_7 : Operation 111 [1/1] (0.00ns)   --->   "%tmp_s = partselect i4 @_ssdm_op_PartSelect.i4.i25.i32.i32, i25 %ret_V_1, i32 21, i32 24"   --->   Operation 111 'partselect' 'tmp_s' <Predicate = (icmp_ln261_1)> <Delay = 0.00>
ST_7 : Operation 112 [1/1] (1.30ns)   --->   "%Range2_all_ones = icmp_eq  i4 %tmp_s, i4 15"   --->   Operation 112 'icmp' 'Range2_all_ones' <Predicate = (icmp_ln261_1)> <Delay = 1.30> <CoreInst = "Cmp">   --->   Core 9 'Cmp' <Latency = 0> <II = 1> <Delay = 1.30> <FuncUnit> <Opcode : 'icmp'> <InPorts = 2> <OutPorts = 1>
ST_7 : Operation 113 [1/1] (0.00ns)   --->   "%tmp_3 = partselect i5 @_ssdm_op_PartSelect.i5.i25.i32.i32, i25 %ret_V_1, i32 20, i32 24"   --->   Operation 113 'partselect' 'tmp_3' <Predicate = (icmp_ln261_1)> <Delay = 0.00>
ST_7 : Operation 114 [1/1] (1.36ns)   --->   "%Range1_all_ones_4 = icmp_eq  i5 %tmp_3, i5 31"   --->   Operation 114 'icmp' 'Range1_all_ones_4' <Predicate = (icmp_ln261_1)> <Delay = 1.36> <CoreInst = "Cmp">   --->   Core 9 'Cmp' <Latency = 0> <II = 1> <Delay = 1.36> <FuncUnit> <Opcode : 'icmp'> <InPorts = 2> <OutPorts = 1>
ST_7 : Operation 115 [1/1] (1.36ns)   --->   "%Range1_all_zeros = icmp_eq  i5 %tmp_3, i5 0"   --->   Operation 115 'icmp' 'Range1_all_zeros' <Predicate = (icmp_ln261_1)> <Delay = 1.36> <CoreInst = "Cmp">   --->   Core 9 'Cmp' <Latency = 0> <II = 1> <Delay = 1.36> <FuncUnit> <Opcode : 'icmp'> <InPorts = 2> <OutPorts = 1>
ST_7 : Operation 116 [1/1] (0.00ns) (grouped into LUT with out node overflow_2)   --->   "%deleted_zeros_1 = select i1 %carry_6, i1 %Range1_all_ones_4, i1 %Range1_all_zeros"   --->   Operation 116 'select' 'deleted_zeros_1' <Predicate = (icmp_ln261_1)> <Delay = 0.00> <CoreInst = "Sel">   --->   Core 73 'Sel' <Latency = 0> <II = 1> <Delay = 0.99> <FuncUnit> <Opcode : 'select'> <InPorts = 3> <OutPorts = 1>
ST_7 : Operation 117 [1/1] (0.00ns) (grouped into LUT with out node or_ln896_1)   --->   "%tmp_24 = bitselect i1 @_ssdm_op_BitSelect.i1.i21.i32, i21 %add_ln1347_3, i32 20"   --->   Operation 117 'bitselect' 'tmp_24' <Predicate = (icmp_ln261_1)> <Delay = 0.00>
ST_7 : Operation 118 [1/1] (0.00ns) (grouped into LUT with out node or_ln896_1)   --->   "%xor_ln890_1 = xor i1 %tmp_24, i1 1"   --->   Operation 118 'xor' 'xor_ln890_1' <Predicate = (icmp_ln261_1)> <Delay = 0.00> <CoreInst = "LogicGate">   --->   Core 74 'LogicGate' <Latency = 0> <II = 1> <Delay = 0.97> <FuncUnit> <Opcode : 'and' 'or' 'xor'> <InPorts = 2> <OutPorts = 1>
ST_7 : Operation 119 [1/1] (0.00ns) (grouped into LUT with out node or_ln896_1)   --->   "%and_ln890 = and i1 %Range2_all_ones, i1 %xor_ln890_1"   --->   Operation 119 'and' 'and_ln890' <Predicate = (icmp_ln261_1)> <Delay = 0.00> <CoreInst = "LogicGate">   --->   Core 74 'LogicGate' <Latency = 0> <II = 1> <Delay = 0.97> <FuncUnit> <Opcode : 'and' 'or' 'xor'> <InPorts = 2> <OutPorts = 1>
ST_7 : Operation 120 [1/1] (0.00ns) (grouped into LUT with out node or_ln896_1)   --->   "%deleted_ones_3 = select i1 %carry_6, i1 %and_ln890, i1 %Range1_all_ones_4"   --->   Operation 120 'select' 'deleted_ones_3' <Predicate = (icmp_ln261_1)> <Delay = 0.00> <CoreInst = "Sel">   --->   Core 73 'Sel' <Latency = 0> <II = 1> <Delay = 0.99> <FuncUnit> <Opcode : 'select'> <InPorts = 3> <OutPorts = 1>
ST_7 : Operation 121 [1/1] (0.00ns) (grouped into LUT with out node overflow_2)   --->   "%xor_ln895_5 = xor i1 %deleted_zeros_1, i1 1"   --->   Operation 121 'xor' 'xor_ln895_5' <Predicate = (icmp_ln261_1)> <Delay = 0.00> <CoreInst = "LogicGate">   --->   Core 74 'LogicGate' <Latency = 0> <II = 1> <Delay = 0.97> <FuncUnit> <Opcode : 'and' 'or' 'xor'> <InPorts = 2> <OutPorts = 1>
ST_7 : Operation 122 [1/1] (0.00ns) (grouped into LUT with out node overflow_2)   --->   "%or_ln895_1 = or i1 %p_Result_19, i1 %xor_ln895_5"   --->   Operation 122 'or' 'or_ln895_1' <Predicate = (icmp_ln261_1)> <Delay = 0.00> <CoreInst = "LogicGate">   --->   Core 74 'LogicGate' <Latency = 0> <II = 1> <Delay = 0.97> <FuncUnit> <Opcode : 'and' 'or' 'xor'> <InPorts = 2> <OutPorts = 1>
ST_7 : Operation 123 [1/1] (0.00ns) (grouped into LUT with out node overflow_2)   --->   "%xor_ln895_6 = xor i1 %p_Result_17, i1 1"   --->   Operation 123 'xor' 'xor_ln895_6' <Predicate = (icmp_ln261_1)> <Delay = 0.00> <CoreInst = "LogicGate">   --->   Core 74 'LogicGate' <Latency = 0> <II = 1> <Delay = 0.97> <FuncUnit> <Opcode : 'and' 'or' 'xor'> <InPorts = 2> <OutPorts = 1>
ST_7 : Operation 124 [1/1] (0.99ns) (out node of the LUT)   --->   "%overflow_2 = and i1 %or_ln895_1, i1 %xor_ln895_6"   --->   Operation 124 'and' 'overflow_2' <Predicate = (icmp_ln261_1)> <Delay = 0.99> <CoreInst = "LogicGate">   --->   Core 74 'LogicGate' <Latency = 0> <II = 1> <Delay = 0.97> <FuncUnit> <Opcode : 'and' 'or' 'xor'> <InPorts = 2> <OutPorts = 1>
ST_7 : Operation 125 [1/1] (0.00ns) (grouped into LUT with out node or_ln896_1)   --->   "%xor_ln896_8 = xor i1 %deleted_ones_3, i1 1"   --->   Operation 125 'xor' 'xor_ln896_8' <Predicate = (icmp_ln261_1)> <Delay = 0.00> <CoreInst = "LogicGate">   --->   Core 74 'LogicGate' <Latency = 0> <II = 1> <Delay = 0.97> <FuncUnit> <Opcode : 'and' 'or' 'xor'> <InPorts = 2> <OutPorts = 1>
ST_7 : Operation 126 [1/1] (0.99ns) (out node of the LUT)   --->   "%or_ln896_1 = or i1 %xor_ln896_7, i1 %xor_ln896_8"   --->   Operation 126 'or' 'or_ln896_1' <Predicate = (icmp_ln261_1)> <Delay = 0.99> <CoreInst = "LogicGate">   --->   Core 74 'LogicGate' <Latency = 0> <II = 1> <Delay = 0.97> <FuncUnit> <Opcode : 'and' 'or' 'xor'> <InPorts = 2> <OutPorts = 1>
ST_7 : Operation 135 [1/1] (0.00ns)   --->   "%ret_ln0 = ret"   --->   Operation 135 'ret' 'ret_ln0' <Predicate = (icmp_ln261)> <Delay = 0.00>

State 8 <SV = 7> <Delay = 5.03>
ST_8 : Operation 127 [1/1] (0.00ns) (grouped into LUT with out node or_ln346_1)   --->   "%and_ln891_1 = and i1 %carry_6, i1 %Range1_all_ones_4"   --->   Operation 127 'and' 'and_ln891_1' <Predicate = (icmp_ln261_1)> <Delay = 0.00> <CoreInst = "LogicGate">   --->   Core 74 'LogicGate' <Latency = 0> <II = 1> <Delay = 0.97> <FuncUnit> <Opcode : 'and' 'or' 'xor'> <InPorts = 2> <OutPorts = 1>
ST_8 : Operation 128 [1/1] (0.00ns) (grouped into LUT with out node or_ln346_1)   --->   "%xor_ln896_9 = xor i1 %and_ln891_1, i1 %or_ln896_1"   --->   Operation 128 'xor' 'xor_ln896_9' <Predicate = (icmp_ln261_1)> <Delay = 0.00> <CoreInst = "LogicGate">   --->   Core 74 'LogicGate' <Latency = 0> <II = 1> <Delay = 0.97> <FuncUnit> <Opcode : 'and' 'or' 'xor'> <InPorts = 2> <OutPorts = 1>
ST_8 : Operation 129 [1/1] (0.00ns) (grouped into LUT with out node or_ln346_1)   --->   "%underflow_1 = and i1 %xor_ln896_9, i1 %p_Result_17"   --->   Operation 129 'and' 'underflow_1' <Predicate = (icmp_ln261_1)> <Delay = 0.00> <CoreInst = "LogicGate">   --->   Core 74 'LogicGate' <Latency = 0> <II = 1> <Delay = 0.97> <FuncUnit> <Opcode : 'and' 'or' 'xor'> <InPorts = 2> <OutPorts = 1>
ST_8 : Operation 130 [1/1] (0.00ns) (grouped into LUT with out node select_ln346_6)   --->   "%select_ln346_5 = select i1 %overflow_2, i16 32767, i16 32768"   --->   Operation 130 'select' 'select_ln346_5' <Predicate = (icmp_ln261_1)> <Delay = 0.00> <CoreInst = "Sel">   --->   Core 73 'Sel' <Latency = 0> <II = 1> <Delay = 0.80> <FuncUnit> <Opcode : 'select'> <InPorts = 3> <OutPorts = 1>
ST_8 : Operation 131 [1/1] (0.97ns) (out node of the LUT)   --->   "%or_ln346_1 = or i1 %overflow_2, i1 %underflow_1"   --->   Operation 131 'or' 'or_ln346_1' <Predicate = (icmp_ln261_1)> <Delay = 0.97> <CoreInst = "LogicGate">   --->   Core 74 'LogicGate' <Latency = 0> <II = 1> <Delay = 0.97> <FuncUnit> <Opcode : 'and' 'or' 'xor'> <InPorts = 2> <OutPorts = 1>
ST_8 : Operation 132 [1/1] (0.80ns) (out node of the LUT)   --->   "%select_ln346_6 = select i1 %or_ln346_1, i16 %select_ln346_5, i16 %p_Val2_14"   --->   Operation 132 'select' 'select_ln346_6' <Predicate = (icmp_ln261_1)> <Delay = 0.80> <CoreInst = "Sel">   --->   Core 73 'Sel' <Latency = 0> <II = 1> <Delay = 0.80> <FuncUnit> <Opcode : 'select'> <InPorts = 3> <OutPorts = 1>
ST_8 : Operation 133 [1/1] (3.25ns)   --->   "%store_ln266 = store i16 %select_ln346_6, i7 %residual2_V_addr" [src/unsw_linear_transformer.cpp:266]   --->   Operation 133 'store' 'store_ln266' <Predicate = (icmp_ln261_1)> <Delay = 3.25> <CoreInst = "RAM">   --->   Core 82 'RAM' <Latency = 1> <II = 1> <Delay = 3.25> <Storage> <Opcode : 'load' 'store'> <Ports = 2> <Width = 16> <Depth = 128> <RAM>
ST_8 : Operation 134 [1/1] (0.00ns)   --->   "%br_ln0 = br void %ifFalse83"   --->   Operation 134 'br' 'br_ln0' <Predicate = (icmp_ln261_1)> <Delay = 0.00>


============================================================
+ Verbose Summary: Binding
============================================================
STG Binding: 
---------------- STG Properties BEGIN ----------------
- Is combinational: 0
- Is one-state seq: 0
- Is datapath-only: 0
- Is pipelined: 0
- Is top level: 0
Port [ Return ] is wired: 1; IO mode=ap_ctrl_hs:ce=0
Port [ sext_ln260]:  wired=1; compound=0; hidden=0; nouse=0; global=0; static=0; extern=0; dir=0; type=0; pingpong=0; private_global=0; IO mode=ap_none:ce=0
Port [ residual2_V]:  wired=1; compound=1; hidden=0; nouse=0; global=0; static=0; extern=0; dir=1; type=1; pingpong=0; private_global=0; MemPort=[03]; IO mode=ap_memory:ce=0
Port [ add_ln837_14]:  wired=1; compound=0; hidden=0; nouse=0; global=0; static=0; extern=0; dir=0; type=0; pingpong=0; private_global=0; IO mode=ap_none:ce=0
Port [ zext_ln837_17]:  wired=1; compound=0; hidden=0; nouse=0; global=0; static=0; extern=0; dir=0; type=0; pingpong=0; private_global=0; IO mode=ap_none:ce=0
Port [ zext_ln837_16]:  wired=1; compound=0; hidden=0; nouse=0; global=0; static=0; extern=0; dir=0; type=0; pingpong=0; private_global=0; IO mode=ap_none:ce=0
Port [ feedforward_hidden_V]:  wired=1; compound=1; hidden=0; nouse=0; global=0; static=0; extern=0; dir=0; type=1; pingpong=0; private_global=0; MemPort=[13]; IO mode=ap_memory:ce=0
Port [ sext_ln813_7]:  wired=1; compound=0; hidden=0; nouse=0; global=0; static=0; extern=0; dir=0; type=0; pingpong=0; private_global=0; IO mode=ap_none:ce=0
Port [ sext_ln1347_28]:  wired=1; compound=0; hidden=0; nouse=0; global=0; static=0; extern=0; dir=0; type=0; pingpong=0; private_global=0; IO mode=ap_none:ce=0
Port [ lhs_20]:  wired=1; compound=0; hidden=0; nouse=0; global=0; static=0; extern=0; dir=0; type=0; pingpong=0; private_global=0; IO mode=ap_none:ce=0
Port [ LAYERS_0_FEEDFORWARD_3_WEIGHT_V]:  wired=0; compound=1; hidden=1; nouse=0; global=1; static=1; extern=0; dir=0; type=1; pingpong=0; private_global=1; MemPort=[1]; IO mode=ap_memory:ce=0
---------------- STG Properties END ------------------

---------------- Datapath Model BEGIN ----------------

<LifeTime>
<method=bitvector/>
rhs                                  (alloca           ) [ 011111100]
input_feature                        (alloca           ) [ 010000000]
lhs_20_read                          (read             ) [ 011111110]
sext_ln1347_28_read                  (read             ) [ 000000000]
sext_ln813_7_read                    (read             ) [ 000000000]
zext_ln837_16_read                   (read             ) [ 000000000]
zext_ln837_17_read                   (read             ) [ 000000000]
add_ln837_14_read                    (read             ) [ 000000000]
sext_ln260_read                      (read             ) [ 000000000]
sext_ln1347_28_cast                  (sext             ) [ 011111110]
sext_ln813_7_cast                    (sext             ) [ 011111110]
add_ln837_14_cast                    (zext             ) [ 000000000]
sext_ln260_cast                      (sext             ) [ 000000000]
store_ln0                            (store            ) [ 000000000]
store_ln0                            (store            ) [ 000000000]
br_ln0                               (br               ) [ 000000000]
input_feature_1                      (load             ) [ 000000000]
residual2_V_addr                     (getelementptr    ) [ 011111111]
icmp_ln261                           (icmp             ) [ 011111110]
empty                                (speclooptripcount) [ 000000000]
add_ln261                            (add              ) [ 000000000]
br_ln261                             (br               ) [ 000000000]
zext_ln837                           (zext             ) [ 000000000]
zext_ln837_2                         (zext             ) [ 000000000]
add_ln837                            (add              ) [ 000000000]
zext_ln837_3                         (zext             ) [ 000000000]
LAYERS_0_FEEDFORWARD_3_WEIGHT_V_addr (getelementptr    ) [ 011000000]
add_ln837_1                          (add              ) [ 000000000]
zext_ln837_4                         (zext             ) [ 000000000]
feedforward_hidden_V_addr            (getelementptr    ) [ 011000000]
icmp_ln261_1                         (icmp             ) [ 011111111]
br_ln261                             (br               ) [ 000000000]
store_ln261                          (store            ) [ 000000000]
feedforward_hidden_V_load            (load             ) [ 000000000]
r_V                                  (bitconcatenate   ) [ 000000000]
LAYERS_0_FEEDFORWARD_3_WEIGHT_V_load (load             ) [ 000000000]
shl_ln838_3                          (bitconcatenate   ) [ 000000000]
zext_ln1270                          (zext             ) [ 010111000]
sext_ln1273                          (sext             ) [ 010111000]
r_V_4                                (mul              ) [ 010000100]
tmp                                  (bitselect        ) [ 010000100]
rhs_load                             (load             ) [ 000000000]
specpipeline_ln262                   (specpipeline     ) [ 000000000]
specloopname_ln260                   (specloopname     ) [ 000000000]
lhs                                  (bitconcatenate   ) [ 000000000]
sext_ln1347                          (sext             ) [ 000000000]
sext_ln1347_4                        (sext             ) [ 000000000]
sext_ln1347_5                        (sext             ) [ 000000000]
ret_V                                (add              ) [ 000000000]
add_ln1347_2                         (add              ) [ 000000000]
p_Result_s                           (bitselect        ) [ 000000000]
sum_V_4                              (partselect       ) [ 000000000]
p_Result_15                          (bitselect        ) [ 000000000]
zext_ln377                           (zext             ) [ 000000000]
sum_V_5                              (add              ) [ 000000000]
p_Result_16                          (bitselect        ) [ 000000000]
xor_ln896                            (xor              ) [ 000000000]
carry_4                              (and              ) [ 000000000]
Range2_all_ones_3                    (bitselect        ) [ 000000000]
xor_ln888                            (xor              ) [ 000000000]
or_ln888                             (or               ) [ 000000000]
deleted_zeros                        (xor              ) [ 000000000]
tmp_19                               (bitselect        ) [ 000000000]
xor_ln890                            (xor              ) [ 000000000]
or_ln890                             (or               ) [ 000000000]
deleted_ones                         (and              ) [ 000000000]
and_ln891                            (and              ) [ 000000000]
xor_ln895                            (xor              ) [ 000000000]
or_ln895                             (or               ) [ 000000000]
xor_ln895_4                          (xor              ) [ 000000000]
overflow                             (and              ) [ 000000000]
xor_ln896_5                          (xor              ) [ 000000000]
or_ln896                             (or               ) [ 000000000]
xor_ln896_6                          (xor              ) [ 000000000]
underflow                            (and              ) [ 000000000]
select_ln346                         (select           ) [ 000000000]
or_ln346                             (or               ) [ 000000000]
sum_V                                (select           ) [ 010000010]
store_ln346                          (store            ) [ 000000000]
br_ln0                               (br               ) [ 000000000]
sext_ln813                           (sext             ) [ 000000000]
trunc_ln1347                         (trunc            ) [ 000000000]
trunc_ln1347_1                       (trunc            ) [ 000000000]
ret_V_1                              (add              ) [ 000000000]
add_ln1347_3                         (add              ) [ 000000000]
add_ln1347_4                         (add              ) [ 000000000]
p_Result_17                          (bitselect        ) [ 010000001]
p_Val2_13                            (partselect       ) [ 000000000]
p_Result_18                          (bitselect        ) [ 000000000]
tmp_22                               (bitselect        ) [ 000000000]
zext_ln377_1                         (zext             ) [ 000000000]
p_Val2_14                            (add              ) [ 010000001]
p_Result_19                          (bitselect        ) [ 000000000]
xor_ln896_7                          (xor              ) [ 000000000]
carry_6                              (and              ) [ 010000001]
tmp_s                                (partselect       ) [ 000000000]
Range2_all_ones                      (icmp             ) [ 000000000]
tmp_3                                (partselect       ) [ 000000000]
Range1_all_ones_4                    (icmp             ) [ 010000001]
Range1_all_zeros                     (icmp             ) [ 000000000]
deleted_zeros_1                      (select           ) [ 000000000]
tmp_24                               (bitselect        ) [ 000000000]
xor_ln890_1                          (xor              ) [ 000000000]
and_ln890                            (and              ) [ 000000000]
deleted_ones_3                       (select           ) [ 000000000]
xor_ln895_5                          (xor              ) [ 000000000]
or_ln895_1                           (or               ) [ 000000000]
xor_ln895_6                          (xor              ) [ 000000000]
overflow_2                           (and              ) [ 010000001]
xor_ln896_8                          (xor              ) [ 000000000]
or_ln896_1                           (or               ) [ 010000001]
and_ln891_1                          (and              ) [ 000000000]
xor_ln896_9                          (xor              ) [ 000000000]
underflow_1                          (and              ) [ 000000000]
select_ln346_5                       (select           ) [ 000000000]
or_ln346_1                           (or               ) [ 000000000]
select_ln346_6                       (select           ) [ 000000000]
store_ln266                          (store            ) [ 000000000]
br_ln0                               (br               ) [ 000000000]
ret_ln0                              (ret              ) [ 000000000]
</LifeTime>

<model>

<comp_list>
<comp id="0" class="1000" name="sext_ln260">
<pin_list>
<pin id="1" dir="1" index="0" bw="1" slack="0"/>
</pin_list>
<bind>
<StgValue><ssdm name="sext_ln260"/></StgValue>
</bind>
</comp>

<comp id="2" class="1000" name="residual2_V">
<pin_list>
<pin id="3" dir="1" index="0" bw="1" slack="0"/>
</pin_list>
<bind>
<StgValue><ssdm name="residual2_V"/><MemPortTyVec>0 3 </MemPortTyVec>
</StgValue>
</bind>
</comp>

<comp id="4" class="1000" name="add_ln837_14">
<pin_list>
<pin id="5" dir="1" index="0" bw="1" slack="0"/>
</pin_list>
<bind>
<StgValue><ssdm name="add_ln837_14"/></StgValue>
</bind>
</comp>

<comp id="6" class="1000" name="zext_ln837_17">
<pin_list>
<pin id="7" dir="1" index="0" bw="1" slack="0"/>
</pin_list>
<bind>
<StgValue><ssdm name="zext_ln837_17"/></StgValue>
</bind>
</comp>

<comp id="8" class="1000" name="zext_ln837_16">
<pin_list>
<pin id="9" dir="1" index="0" bw="1" slack="0"/>
</pin_list>
<bind>
<StgValue><ssdm name="zext_ln837_16"/></StgValue>
</bind>
</comp>

<comp id="10" class="1000" name="feedforward_hidden_V">
<pin_list>
<pin id="11" dir="1" index="0" bw="1" slack="0"/>
</pin_list>
<bind>
<StgValue><ssdm name="feedforward_hidden_V"/><MemPortTyVec>1 3 </MemPortTyVec>
</StgValue>
</bind>
</comp>

<comp id="12" class="1000" name="sext_ln813_7">
<pin_list>
<pin id="13" dir="1" index="0" bw="1" slack="0"/>
</pin_list>
<bind>
<StgValue><ssdm name="sext_ln813_7"/></StgValue>
</bind>
</comp>

<comp id="14" class="1000" name="sext_ln1347_28">
<pin_list>
<pin id="15" dir="1" index="0" bw="1" slack="0"/>
</pin_list>
<bind>
<StgValue><ssdm name="sext_ln1347_28"/></StgValue>
</bind>
</comp>

<comp id="16" class="1000" name="lhs_20">
<pin_list>
<pin id="17" dir="1" index="0" bw="1" slack="0"/>
</pin_list>
<bind>
<StgValue><ssdm name="lhs_20"/></StgValue>
</bind>
</comp>

<comp id="18" class="1000" name="LAYERS_0_FEEDFORWARD_3_WEIGHT_V">
<pin_list>
<pin id="19" dir="1" index="0" bw="1" slack="0"/>
</pin_list>
<bind>
<StgValue><ssdm name="LAYERS_0_FEEDFORWARD_3_WEIGHT_V"/><MemPortTyVec>1 </MemPortTyVec>
</StgValue>
</bind>
</comp>

<comp id="20" class="1001" name="const_20">
<pin_list>
<pin id="21" dir="1" index="0" bw="1" slack="0"/>
</pin_list>
<bind>
<StgValue><ssdm name=""/></StgValue>
</bind>
</comp>

<comp id="22" class="1001" name="const_22">
<pin_list>
<pin id="23" dir="1" index="0" bw="1" slack="0"/>
</pin_list>
<bind>
<StgValue><ssdm name="_ssdm_op_Read.ap_auto.i20"/></StgValue>
</bind>
</comp>

<comp id="24" class="1001" name="const_24">
<pin_list>
<pin id="25" dir="1" index="0" bw="1" slack="0"/>
</pin_list>
<bind>
<StgValue><ssdm name="_ssdm_op_Read.ap_auto.i8"/></StgValue>
</bind>
</comp>

<comp id="26" class="1001" name="const_26">
<pin_list>
<pin id="27" dir="1" index="0" bw="1" slack="0"/>
</pin_list>
<bind>
<StgValue><ssdm name="_ssdm_op_Read.ap_auto.i9"/></StgValue>
</bind>
</comp>

<comp id="28" class="1001" name="const_28">
<pin_list>
<pin id="29" dir="1" index="0" bw="1" slack="0"/>
</pin_list>
<bind>
<StgValue><ssdm name="_ssdm_op_Read.ap_auto.i7"/></StgValue>
</bind>
</comp>

<comp id="30" class="1001" name="const_30">
<pin_list>
<pin id="31" dir="1" index="0" bw="1" slack="0"/>
</pin_list>
<bind>
<StgValue><ssdm name="_ssdm_op_Read.ap_auto.i13"/></StgValue>
</bind>
</comp>

<comp id="32" class="1001" name="const_32">
<pin_list>
<pin id="33" dir="1" index="0" bw="1" slack="0"/>
</pin_list>
<bind>
<StgValue><ssdm name=""/></StgValue>
</bind>
</comp>

<comp id="34" class="1001" name="const_34">
<pin_list>
<pin id="35" dir="1" index="0" bw="1" slack="0"/>
</pin_list>
<bind>
<StgValue><ssdm name=""/></StgValue>
</bind>
</comp>

<comp id="36" class="1001" name="const_36">
<pin_list>
<pin id="37" dir="1" index="0" bw="1" slack="0"/>
</pin_list>
<bind>
<StgValue><ssdm name=""/></StgValue>
</bind>
</comp>

<comp id="38" class="1001" name="const_38">
<pin_list>
<pin id="39" dir="1" index="0" bw="1" slack="2147483647"/>
</pin_list>
<bind>
<StgValue><ssdm name="_ssdm_op_SpecLoopTripCount"/></StgValue>
</bind>
</comp>

<comp id="40" class="1001" name="const_40">
<pin_list>
<pin id="41" dir="1" index="0" bw="1" slack="2147483647"/>
</pin_list>
<bind>
<StgValue><ssdm name=""/></StgValue>
</bind>
</comp>

<comp id="42" class="1001" name="const_42">
<pin_list>
<pin id="43" dir="1" index="0" bw="1" slack="0"/>
</pin_list>
<bind>
<StgValue><ssdm name=""/></StgValue>
</bind>
</comp>

<comp id="44" class="1001" name="const_44">
<pin_list>
<pin id="45" dir="1" index="0" bw="1" slack="0"/>
</pin_list>
<bind>
<StgValue><ssdm name="_ssdm_op_BitConcatenate.i19.i15.i4"/></StgValue>
</bind>
</comp>

<comp id="46" class="1001" name="const_46">
<pin_list>
<pin id="47" dir="1" index="0" bw="1" slack="0"/>
</pin_list>
<bind>
<StgValue><ssdm name=""/></StgValue>
</bind>
</comp>

<comp id="48" class="1001" name="const_48">
<pin_list>
<pin id="49" dir="1" index="0" bw="1" slack="0"/>
</pin_list>
<bind>
<StgValue><ssdm name="_ssdm_op_BitConcatenate.i14.i10.i4"/></StgValue>
</bind>
</comp>

<comp id="50" class="1001" name="const_50">
<pin_list>
<pin id="51" dir="1" index="0" bw="1" slack="0"/>
</pin_list>
<bind>
<StgValue><ssdm name="_ssdm_op_BitSelect.i1.i33.i32"/></StgValue>
</bind>
</comp>

<comp id="52" class="1001" name="const_52">
<pin_list>
<pin id="53" dir="1" index="0" bw="1" slack="0"/>
</pin_list>
<bind>
<StgValue><ssdm name=""/></StgValue>
</bind>
</comp>

<comp id="54" class="1001" name="const_54">
<pin_list>
<pin id="55" dir="1" index="0" bw="1" slack="2147483647"/>
</pin_list>
<bind>
<StgValue><ssdm name="_ssdm_op_SpecPipeline"/></StgValue>
</bind>
</comp>

<comp id="56" class="1001" name="const_56">
<pin_list>
<pin id="57" dir="1" index="0" bw="1" slack="2147483647"/>
</pin_list>
<bind>
<StgValue><ssdm name=""/></StgValue>
</bind>
</comp>

<comp id="58" class="1001" name="const_58">
<pin_list>
<pin id="59" dir="1" index="0" bw="1" slack="2147483647"/>
</pin_list>
<bind>
<StgValue><ssdm name="empty_9"/></StgValue>
</bind>
</comp>

<comp id="60" class="1001" name="const_60">
<pin_list>
<pin id="61" dir="1" index="0" bw="1" slack="2147483647"/>
</pin_list>
<bind>
<StgValue><ssdm name="_ssdm_op_SpecLoopName"/></StgValue>
</bind>
</comp>

<comp id="62" class="1001" name="const_62">
<pin_list>
<pin id="63" dir="1" index="0" bw="1" slack="2147483647"/>
</pin_list>
<bind>
<StgValue><ssdm name="empty_30"/></StgValue>
</bind>
</comp>

<comp id="64" class="1001" name="const_64">
<pin_list>
<pin id="65" dir="1" index="0" bw="1" slack="0"/>
</pin_list>
<bind>
<StgValue><ssdm name="_ssdm_op_BitConcatenate.i38.i24.i14"/></StgValue>
</bind>
</comp>

<comp id="66" class="1001" name="const_66">
<pin_list>
<pin id="67" dir="1" index="0" bw="1" slack="0"/>
</pin_list>
<bind>
<StgValue><ssdm name=""/></StgValue>
</bind>
</comp>

<comp id="68" class="1001" name="const_68">
<pin_list>
<pin id="69" dir="1" index="0" bw="1" slack="0"/>
</pin_list>
<bind>
<StgValue><ssdm name="_ssdm_op_BitSelect.i1.i39.i32"/></StgValue>
</bind>
</comp>

<comp id="70" class="1001" name="const_70">
<pin_list>
<pin id="71" dir="1" index="0" bw="1" slack="0"/>
</pin_list>
<bind>
<StgValue><ssdm name=""/></StgValue>
</bind>
</comp>

<comp id="72" class="1001" name="const_72">
<pin_list>
<pin id="73" dir="1" index="0" bw="1" slack="0"/>
</pin_list>
<bind>
<StgValue><ssdm name="_ssdm_op_PartSelect.i24.i38.i32.i32"/></StgValue>
</bind>
</comp>

<comp id="74" class="1001" name="const_74">
<pin_list>
<pin id="75" dir="1" index="0" bw="1" slack="0"/>
</pin_list>
<bind>
<StgValue><ssdm name=""/></StgValue>
</bind>
</comp>

<comp id="76" class="1001" name="const_76">
<pin_list>
<pin id="77" dir="1" index="0" bw="1" slack="0"/>
</pin_list>
<bind>
<StgValue><ssdm name=""/></StgValue>
</bind>
</comp>

<comp id="78" class="1001" name="const_78">
<pin_list>
<pin id="79" dir="1" index="0" bw="1" slack="0"/>
</pin_list>
<bind>
<StgValue><ssdm name="_ssdm_op_BitSelect.i1.i38.i32"/></StgValue>
</bind>
</comp>

<comp id="80" class="1001" name="const_80">
<pin_list>
<pin id="81" dir="1" index="0" bw="1" slack="0"/>
</pin_list>
<bind>
<StgValue><ssdm name="_ssdm_op_BitSelect.i1.i24.i32"/></StgValue>
</bind>
</comp>

<comp id="82" class="1001" name="const_82">
<pin_list>
<pin id="83" dir="1" index="0" bw="1" slack="0"/>
</pin_list>
<bind>
<StgValue><ssdm name=""/></StgValue>
</bind>
</comp>

<comp id="84" class="1001" name="const_84">
<pin_list>
<pin id="85" dir="1" index="0" bw="1" slack="0"/>
</pin_list>
<bind>
<StgValue><ssdm name=""/></StgValue>
</bind>
</comp>

<comp id="86" class="1001" name="const_86">
<pin_list>
<pin id="87" dir="1" index="0" bw="1" slack="0"/>
</pin_list>
<bind>
<StgValue><ssdm name=""/></StgValue>
</bind>
</comp>

<comp id="88" class="1001" name="const_88">
<pin_list>
<pin id="89" dir="1" index="0" bw="1" slack="0"/>
</pin_list>
<bind>
<StgValue><ssdm name=""/></StgValue>
</bind>
</comp>

<comp id="90" class="1001" name="const_90">
<pin_list>
<pin id="91" dir="1" index="0" bw="1" slack="0"/>
</pin_list>
<bind>
<StgValue><ssdm name="_ssdm_op_BitSelect.i1.i25.i32"/></StgValue>
</bind>
</comp>

<comp id="92" class="1001" name="const_92">
<pin_list>
<pin id="93" dir="1" index="0" bw="1" slack="0"/>
</pin_list>
<bind>
<StgValue><ssdm name=""/></StgValue>
</bind>
</comp>

<comp id="94" class="1001" name="const_94">
<pin_list>
<pin id="95" dir="1" index="0" bw="1" slack="0"/>
</pin_list>
<bind>
<StgValue><ssdm name="_ssdm_op_PartSelect.i16.i20.i32.i32"/></StgValue>
</bind>
</comp>

<comp id="96" class="1001" name="const_96">
<pin_list>
<pin id="97" dir="1" index="0" bw="1" slack="0"/>
</pin_list>
<bind>
<StgValue><ssdm name=""/></StgValue>
</bind>
</comp>

<comp id="98" class="1001" name="const_98">
<pin_list>
<pin id="99" dir="1" index="0" bw="1" slack="0"/>
</pin_list>
<bind>
<StgValue><ssdm name=""/></StgValue>
</bind>
</comp>

<comp id="100" class="1001" name="const_100">
<pin_list>
<pin id="101" dir="1" index="0" bw="1" slack="0"/>
</pin_list>
<bind>
<StgValue><ssdm name="_ssdm_op_BitSelect.i1.i20.i32"/></StgValue>
</bind>
</comp>

<comp id="102" class="1001" name="const_102">
<pin_list>
<pin id="103" dir="1" index="0" bw="1" slack="0"/>
</pin_list>
<bind>
<StgValue><ssdm name=""/></StgValue>
</bind>
</comp>

<comp id="104" class="1001" name="const_104">
<pin_list>
<pin id="105" dir="1" index="0" bw="1" slack="0"/>
</pin_list>
<bind>
<StgValue><ssdm name="_ssdm_op_BitSelect.i1.i16.i32"/></StgValue>
</bind>
</comp>

<comp id="106" class="1001" name="const_106">
<pin_list>
<pin id="107" dir="1" index="0" bw="1" slack="0"/>
</pin_list>
<bind>
<StgValue><ssdm name=""/></StgValue>
</bind>
</comp>

<comp id="108" class="1001" name="const_108">
<pin_list>
<pin id="109" dir="1" index="0" bw="1" slack="0"/>
</pin_list>
<bind>
<StgValue><ssdm name="_ssdm_op_PartSelect.i4.i25.i32.i32"/></StgValue>
</bind>
</comp>

<comp id="110" class="1001" name="const_110">
<pin_list>
<pin id="111" dir="1" index="0" bw="1" slack="0"/>
</pin_list>
<bind>
<StgValue><ssdm name=""/></StgValue>
</bind>
</comp>

<comp id="112" class="1001" name="const_112">
<pin_list>
<pin id="113" dir="1" index="0" bw="1" slack="0"/>
</pin_list>
<bind>
<StgValue><ssdm name=""/></StgValue>
</bind>
</comp>

<comp id="114" class="1001" name="const_114">
<pin_list>
<pin id="115" dir="1" index="0" bw="1" slack="0"/>
</pin_list>
<bind>
<StgValue><ssdm name="_ssdm_op_PartSelect.i5.i25.i32.i32"/></StgValue>
</bind>
</comp>

<comp id="116" class="1001" name="const_116">
<pin_list>
<pin id="117" dir="1" index="0" bw="1" slack="0"/>
</pin_list>
<bind>
<StgValue><ssdm name=""/></StgValue>
</bind>
</comp>

<comp id="118" class="1001" name="const_118">
<pin_list>
<pin id="119" dir="1" index="0" bw="1" slack="0"/>
</pin_list>
<bind>
<StgValue><ssdm name=""/></StgValue>
</bind>
</comp>

<comp id="120" class="1001" name="const_120">
<pin_list>
<pin id="121" dir="1" index="0" bw="1" slack="0"/>
</pin_list>
<bind>
<StgValue><ssdm name=""/></StgValue>
</bind>
</comp>

<comp id="122" class="1001" name="const_122">
<pin_list>
<pin id="123" dir="1" index="0" bw="1" slack="0"/>
</pin_list>
<bind>
<StgValue><ssdm name="_ssdm_op_BitSelect.i1.i21.i32"/></StgValue>
</bind>
</comp>

<comp id="124" class="1001" name="const_124">
<pin_list>
<pin id="125" dir="1" index="0" bw="1" slack="0"/>
</pin_list>
<bind>
<StgValue><ssdm name=""/></StgValue>
</bind>
</comp>

<comp id="126" class="1001" name="const_126">
<pin_list>
<pin id="127" dir="1" index="0" bw="1" slack="0"/>
</pin_list>
<bind>
<StgValue><ssdm name=""/></StgValue>
</bind>
</comp>

<comp id="128" class="1004" name="rhs_fu_128">
<pin_list>
<pin id="129" dir="0" index="0" bw="1" slack="0"/>
<pin id="130" dir="1" index="1" bw="24" slack="0"/>
</pin_list>
<bind>
<opcode="alloca(26) " fcode="alloca"/>
<opset="rhs/1 "/>
</bind>
</comp>

<comp id="132" class="1004" name="input_feature_fu_132">
<pin_list>
<pin id="133" dir="0" index="0" bw="1" slack="0"/>
<pin id="134" dir="1" index="1" bw="6" slack="0"/>
</pin_list>
<bind>
<opcode="alloca(26) " fcode="alloca"/>
<opset="input_feature/1 "/>
</bind>
</comp>

<comp id="136" class="1004" name="lhs_20_read_read_fu_136">
<pin_list>
<pin id="137" dir="0" index="0" bw="20" slack="0"/>
<pin id="138" dir="0" index="1" bw="20" slack="0"/>
<pin id="139" dir="1" index="2" bw="20" slack="6"/>
</pin_list>
<bind>
<opcode="read(1150) " fcode="read"/>
<opset="lhs_20_read/1 "/>
</bind>
</comp>

<comp id="142" class="1004" name="sext_ln1347_28_read_read_fu_142">
<pin_list>
<pin id="143" dir="0" index="0" bw="20" slack="0"/>
<pin id="144" dir="0" index="1" bw="20" slack="0"/>
<pin id="145" dir="1" index="2" bw="20" slack="0"/>
</pin_list>
<bind>
<opcode="read(1150) " fcode="read"/>
<opset="sext_ln1347_28_read/1 "/>
</bind>
</comp>

<comp id="148" class="1004" name="sext_ln813_7_read_read_fu_148">
<pin_list>
<pin id="149" dir="0" index="0" bw="20" slack="0"/>
<pin id="150" dir="0" index="1" bw="20" slack="0"/>
<pin id="151" dir="1" index="2" bw="20" slack="0"/>
</pin_list>
<bind>
<opcode="read(1150) " fcode="read"/>
<opset="sext_ln813_7_read/1 "/>
</bind>
</comp>

<comp id="154" class="1004" name="zext_ln837_16_read_read_fu_154">
<pin_list>
<pin id="155" dir="0" index="0" bw="8" slack="0"/>
<pin id="156" dir="0" index="1" bw="8" slack="0"/>
<pin id="157" dir="1" index="2" bw="8" slack="0"/>
</pin_list>
<bind>
<opcode="read(1150) " fcode="read"/>
<opset="zext_ln837_16_read/1 "/>
</bind>
</comp>

<comp id="160" class="1004" name="zext_ln837_17_read_read_fu_160">
<pin_list>
<pin id="161" dir="0" index="0" bw="9" slack="0"/>
<pin id="162" dir="0" index="1" bw="9" slack="0"/>
<pin id="163" dir="1" index="2" bw="9" slack="0"/>
</pin_list>
<bind>
<opcode="read(1150) " fcode="read"/>
<opset="zext_ln837_17_read/1 "/>
</bind>
</comp>

<comp id="166" class="1004" name="add_ln837_14_read_read_fu_166">
<pin_list>
<pin id="167" dir="0" index="0" bw="7" slack="0"/>
<pin id="168" dir="0" index="1" bw="7" slack="0"/>
<pin id="169" dir="1" index="2" bw="7" slack="0"/>
</pin_list>
<bind>
<opcode="read(1150) " fcode="read"/>
<opset="add_ln837_14_read/1 "/>
</bind>
</comp>

<comp id="172" class="1004" name="sext_ln260_read_read_fu_172">
<pin_list>
<pin id="173" dir="0" index="0" bw="13" slack="0"/>
<pin id="174" dir="0" index="1" bw="13" slack="0"/>
<pin id="175" dir="1" index="2" bw="13" slack="0"/>
</pin_list>
<bind>
<opcode="read(1150) " fcode="read"/>
<opset="sext_ln260_read/1 "/>
</bind>
</comp>

<comp id="178" class="1004" name="residual2_V_addr_gep_fu_178">
<pin_list>
<pin id="179" dir="0" index="0" bw="16" slack="0"/>
<pin id="180" dir="0" index="1" bw="1" slack="0"/>
<pin id="181" dir="0" index="2" bw="7" slack="0"/>
<pin id="182" dir="1" index="3" bw="7" slack="7"/>
</pin_list>
<bind>
<opcode="getelementptr(29) " fcode="getelementptr"/>
<opset="residual2_V_addr/1 "/>
</bind>
</comp>

<comp id="185" class="1004" name="LAYERS_0_FEEDFORWARD_3_WEIGHT_V_addr_gep_fu_185">
<pin_list>
<pin id="186" dir="0" index="0" bw="10" slack="0"/>
<pin id="187" dir="0" index="1" bw="1" slack="0"/>
<pin id="188" dir="0" index="2" bw="9" slack="0"/>
<pin id="189" dir="1" index="3" bw="9" slack="0"/>
</pin_list>
<bind>
<opcode="getelementptr(29) " fcode="getelementptr"/>
<opset="LAYERS_0_FEEDFORWARD_3_WEIGHT_V_addr/1 "/>
</bind>
</comp>

<comp id="192" class="1004" name="feedforward_hidden_V_addr_gep_fu_192">
<pin_list>
<pin id="193" dir="0" index="0" bw="15" slack="0"/>
<pin id="194" dir="0" index="1" bw="1" slack="0"/>
<pin id="195" dir="0" index="2" bw="8" slack="0"/>
<pin id="196" dir="1" index="3" bw="8" slack="0"/>
</pin_list>
<bind>
<opcode="getelementptr(29) " fcode="getelementptr"/>
<opset="feedforward_hidden_V_addr/1 "/>
</bind>
</comp>

<comp id="199" class="1004" name="grp_access_fu_199">
<pin_list>
<pin id="200" dir="0" index="0" bw="8" slack="0"/>
<pin id="201" dir="0" index="1" bw="15" slack="2147483647"/>
<pin id="202" dir="0" index="2" bw="0" slack="2147483647"/>
<pin id="203" dir="1" index="3" bw="15" slack="0"/>
</pin_list>
<bind>
<opcode="load(27) " fcode="load"/>
<opset="feedforward_hidden_V_load/1 "/>
</bind>
</comp>

<comp id="205" class="1004" name="grp_access_fu_205">
<pin_list>
<pin id="206" dir="0" index="0" bw="9" slack="0"/>
<pin id="207" dir="0" index="1" bw="10" slack="2147483647"/>
<pin id="208" dir="0" index="2" bw="0" slack="2147483647"/>
<pin id="209" dir="1" index="3" bw="10" slack="0"/>
</pin_list>
<bind>
<opcode="load(27) " fcode="load"/>
<opset="LAYERS_0_FEEDFORWARD_3_WEIGHT_V_load/1 "/>
</bind>
</comp>

<comp id="211" class="1004" name="store_ln266_access_fu_211">
<pin_list>
<pin id="212" dir="0" index="0" bw="7" slack="7"/>
<pin id="213" dir="0" index="1" bw="16" slack="0"/>
<pin id="214" dir="0" index="2" bw="0" slack="2147483647"/>
<pin id="215" dir="1" index="3" bw="16" slack="2147483647"/>
</pin_list>
<bind>
<opcode="store(28) " fcode="store"/>
<opset="store_ln266/8 "/>
</bind>
</comp>

<comp id="216" class="1004" name="sext_ln1347_28_cast_fu_216">
<pin_list>
<pin id="217" dir="0" index="0" bw="20" slack="0"/>
<pin id="218" dir="1" index="1" bw="21" slack="6"/>
</pin_list>
<bind>
<opcode="sext(35) " fcode="sext"/>
<opset="sext_ln1347_28_cast/1 "/>
</bind>
</comp>

<comp id="220" class="1004" name="sext_ln813_7_cast_fu_220">
<pin_list>
<pin id="221" dir="0" index="0" bw="20" slack="0"/>
<pin id="222" dir="1" index="1" bw="25" slack="6"/>
</pin_list>
<bind>
<opcode="sext(35) " fcode="sext"/>
<opset="sext_ln813_7_cast/1 "/>
</bind>
</comp>

<comp id="224" class="1004" name="add_ln837_14_cast_fu_224">
<pin_list>
<pin id="225" dir="0" index="0" bw="7" slack="0"/>
<pin id="226" dir="1" index="1" bw="64" slack="0"/>
</pin_list>
<bind>
<opcode="zext(34) " fcode="zext"/>
<opset="add_ln837_14_cast/1 "/>
</bind>
</comp>

<comp id="229" class="1004" name="sext_ln260_cast_fu_229">
<pin_list>
<pin id="230" dir="0" index="0" bw="13" slack="0"/>
<pin id="231" dir="1" index="1" bw="24" slack="0"/>
</pin_list>
<bind>
<opcode="sext(35) " fcode="sext"/>
<opset="sext_ln260_cast/1 "/>
</bind>
</comp>

<comp id="233" class="1004" name="store_ln0_store_fu_233">
<pin_list>
<pin id="234" dir="0" index="0" bw="1" slack="0"/>
<pin id="235" dir="0" index="1" bw="6" slack="0"/>
<pin id="236" dir="1" index="2" bw="0" slack="2147483647"/>
</pin_list>
<bind>
<opcode="store(28) " fcode="store"/>
<opset="store_ln0/1 "/>
</bind>
</comp>

<comp id="238" class="1004" name="store_ln0_store_fu_238">
<pin_list>
<pin id="239" dir="0" index="0" bw="13" slack="0"/>
<pin id="240" dir="0" index="1" bw="24" slack="0"/>
<pin id="241" dir="1" index="2" bw="0" slack="2147483647"/>
</pin_list>
<bind>
<opcode="store(28) " fcode="store"/>
<opset="store_ln0/1 "/>
</bind>
</comp>

<comp id="243" class="1004" name="input_feature_1_load_fu_243">
<pin_list>
<pin id="244" dir="0" index="0" bw="6" slack="0"/>
<pin id="245" dir="1" index="1" bw="6" slack="0"/>
</pin_list>
<bind>
<opcode="load(27) " fcode="load"/>
<opset="input_feature_1/1 "/>
</bind>
</comp>

<comp id="246" class="1004" name="icmp_ln261_fu_246">
<pin_list>
<pin id="247" dir="0" index="0" bw="6" slack="0"/>
<pin id="248" dir="0" index="1" bw="6" slack="0"/>
<pin id="249" dir="1" index="2" bw="1" slack="6"/>
</pin_list>
<bind>
<opcode="icmp(45) " fcode="icmp"/>
<opset="icmp_ln261/1 "/>
</bind>
</comp>

<comp id="252" class="1004" name="add_ln261_fu_252">
<pin_list>
<pin id="253" dir="0" index="0" bw="6" slack="0"/>
<pin id="254" dir="0" index="1" bw="1" slack="0"/>
<pin id="255" dir="1" index="2" bw="6" slack="0"/>
</pin_list>
<bind>
<opcode="add(8) " fcode="add"/>
<opset="add_ln261/1 "/>
</bind>
</comp>

<comp id="258" class="1004" name="zext_ln837_fu_258">
<pin_list>
<pin id="259" dir="0" index="0" bw="6" slack="0"/>
<pin id="260" dir="1" index="1" bw="8" slack="0"/>
</pin_list>
<bind>
<opcode="zext(34) " fcode="zext"/>
<opset="zext_ln837/1 "/>
</bind>
</comp>

<comp id="262" class="1004" name="zext_ln837_2_fu_262">
<pin_list>
<pin id="263" dir="0" index="0" bw="6" slack="0"/>
<pin id="264" dir="1" index="1" bw="9" slack="0"/>
</pin_list>
<bind>
<opcode="zext(34) " fcode="zext"/>
<opset="zext_ln837_2/1 "/>
</bind>
</comp>

<comp id="266" class="1004" name="add_ln837_fu_266">
<pin_list>
<pin id="267" dir="0" index="0" bw="9" slack="0"/>
<pin id="268" dir="0" index="1" bw="6" slack="0"/>
<pin id="269" dir="1" index="2" bw="9" slack="0"/>
</pin_list>
<bind>
<opcode="add(8) " fcode="add"/>
<opset="add_ln837/1 "/>
</bind>
</comp>

<comp id="272" class="1004" name="zext_ln837_3_fu_272">
<pin_list>
<pin id="273" dir="0" index="0" bw="9" slack="0"/>
<pin id="274" dir="1" index="1" bw="64" slack="0"/>
</pin_list>
<bind>
<opcode="zext(34) " fcode="zext"/>
<opset="zext_ln837_3/1 "/>
</bind>
</comp>

<comp id="277" class="1004" name="add_ln837_1_fu_277">
<pin_list>
<pin id="278" dir="0" index="0" bw="8" slack="0"/>
<pin id="279" dir="0" index="1" bw="6" slack="0"/>
<pin id="280" dir="1" index="2" bw="8" slack="0"/>
</pin_list>
<bind>
<opcode="add(8) " fcode="add"/>
<opset="add_ln837_1/1 "/>
</bind>
</comp>

<comp id="283" class="1004" name="zext_ln837_4_fu_283">
<pin_list>
<pin id="284" dir="0" index="0" bw="8" slack="0"/>
<pin id="285" dir="1" index="1" bw="64" slack="0"/>
</pin_list>
<bind>
<opcode="zext(34) " fcode="zext"/>
<opset="zext_ln837_4/1 "/>
</bind>
</comp>

<comp id="288" class="1004" name="icmp_ln261_1_fu_288">
<pin_list>
<pin id="289" dir="0" index="0" bw="6" slack="0"/>
<pin id="290" dir="0" index="1" bw="6" slack="0"/>
<pin id="291" dir="1" index="2" bw="1" slack="6"/>
</pin_list>
<bind>
<opcode="icmp(45) " fcode="icmp"/>
<opset="icmp_ln261_1/1 "/>
</bind>
</comp>

<comp id="294" class="1004" name="store_ln261_store_fu_294">
<pin_list>
<pin id="295" dir="0" index="0" bw="6" slack="0"/>
<pin id="296" dir="0" index="1" bw="6" slack="0"/>
<pin id="297" dir="1" index="2" bw="0" slack="2147483647"/>
</pin_list>
<bind>
<opcode="store(28) " fcode="store"/>
<opset="store_ln261/1 "/>
</bind>
</comp>

<comp id="299" class="1004" name="r_V_fu_299">
<pin_list>
<pin id="300" dir="0" index="0" bw="19" slack="0"/>
<pin id="301" dir="0" index="1" bw="15" slack="0"/>
<pin id="302" dir="0" index="2" bw="1" slack="0"/>
<pin id="303" dir="1" index="3" bw="19" slack="0"/>
</pin_list>
<bind>
<opcode="bitconcatenate(1004) " fcode="bitconcatenate"/>
<opset="r_V/2 "/>
</bind>
</comp>

<comp id="307" class="1004" name="shl_ln838_3_fu_307">
<pin_list>
<pin id="308" dir="0" index="0" bw="14" slack="0"/>
<pin id="309" dir="0" index="1" bw="10" slack="0"/>
<pin id="310" dir="0" index="2" bw="1" slack="0"/>
<pin id="311" dir="1" index="3" bw="14" slack="0"/>
</pin_list>
<bind>
<opcode="bitconcatenate(1004) " fcode="bitconcatenate"/>
<opset="shl_ln838_3/2 "/>
</bind>
</comp>

<comp id="315" class="1004" name="zext_ln1270_fu_315">
<pin_list>
<pin id="316" dir="0" index="0" bw="19" slack="0"/>
<pin id="317" dir="1" index="1" bw="33" slack="0"/>
</pin_list>
<bind>
<opcode="zext(34) " fcode="zext"/>
<opset="zext_ln1270/2 "/>
</bind>
</comp>

<comp id="319" class="1004" name="sext_ln1273_fu_319">
<pin_list>
<pin id="320" dir="0" index="0" bw="14" slack="0"/>
<pin id="321" dir="1" index="1" bw="33" slack="0"/>
</pin_list>
<bind>
<opcode="sext(35) " fcode="sext"/>
<opset="sext_ln1273/2 "/>
</bind>
</comp>

<comp id="323" class="1004" name="tmp_fu_323">
<pin_list>
<pin id="324" dir="0" index="0" bw="1" slack="0"/>
<pin id="325" dir="0" index="1" bw="33" slack="0"/>
<pin id="326" dir="0" index="2" bw="5" slack="0"/>
<pin id="327" dir="1" index="3" bw="1" slack="1"/>
</pin_list>
<bind>
<opcode="bitselect(1000) " fcode="bitselect"/>
<opset="tmp/5 "/>
</bind>
</comp>

<comp id="330" class="1004" name="rhs_load_load_fu_330">
<pin_list>
<pin id="331" dir="0" index="0" bw="24" slack="5"/>
<pin id="332" dir="1" index="1" bw="24" slack="0"/>
</pin_list>
<bind>
<opcode="load(27) " fcode="load"/>
<opset="rhs_load/6 "/>
</bind>
</comp>

<comp id="333" class="1004" name="lhs_fu_333">
<pin_list>
<pin id="334" dir="0" index="0" bw="38" slack="0"/>
<pin id="335" dir="0" index="1" bw="24" slack="0"/>
<pin id="336" dir="0" index="2" bw="1" slack="0"/>
<pin id="337" dir="1" index="3" bw="38" slack="0"/>
</pin_list>
<bind>
<opcode="bitconcatenate(1004) " fcode="bitconcatenate"/>
<opset="lhs/6 "/>
</bind>
</comp>

<comp id="341" class="1004" name="sext_ln1347_fu_341">
<pin_list>
<pin id="342" dir="0" index="0" bw="38" slack="0"/>
<pin id="343" dir="1" index="1" bw="39" slack="0"/>
</pin_list>
<bind>
<opcode="sext(35) " fcode="sext"/>
<opset="sext_ln1347/6 "/>
</bind>
</comp>

<comp id="345" class="1004" name="sext_ln1347_4_fu_345">
<pin_list>
<pin id="346" dir="0" index="0" bw="33" slack="1"/>
<pin id="347" dir="1" index="1" bw="39" slack="0"/>
</pin_list>
<bind>
<opcode="sext(35) " fcode="sext"/>
<opset="sext_ln1347_4/6 "/>
</bind>
</comp>

<comp id="348" class="1004" name="sext_ln1347_5_fu_348">
<pin_list>
<pin id="349" dir="0" index="0" bw="33" slack="1"/>
<pin id="350" dir="1" index="1" bw="38" slack="0"/>
</pin_list>
<bind>
<opcode="sext(35) " fcode="sext"/>
<opset="sext_ln1347_5/6 "/>
</bind>
</comp>

<comp id="351" class="1004" name="ret_V_fu_351">
<pin_list>
<pin id="352" dir="0" index="0" bw="38" slack="0"/>
<pin id="353" dir="0" index="1" bw="33" slack="0"/>
<pin id="354" dir="1" index="2" bw="39" slack="0"/>
</pin_list>
<bind>
<opcode="add(8) " fcode="add"/>
<opset="ret_V/6 "/>
</bind>
</comp>

<comp id="357" class="1004" name="add_ln1347_2_fu_357">
<pin_list>
<pin id="358" dir="0" index="0" bw="38" slack="0"/>
<pin id="359" dir="0" index="1" bw="33" slack="0"/>
<pin id="360" dir="1" index="2" bw="38" slack="0"/>
</pin_list>
<bind>
<opcode="add(8) " fcode="add"/>
<opset="add_ln1347_2/6 "/>
</bind>
</comp>

<comp id="363" class="1004" name="p_Result_s_fu_363">
<pin_list>
<pin id="364" dir="0" index="0" bw="1" slack="0"/>
<pin id="365" dir="0" index="1" bw="39" slack="0"/>
<pin id="366" dir="0" index="2" bw="7" slack="0"/>
<pin id="367" dir="1" index="3" bw="1" slack="0"/>
</pin_list>
<bind>
<opcode="bitselect(1000) " fcode="bitselect"/>
<opset="p_Result_s/6 "/>
</bind>
</comp>

<comp id="371" class="1004" name="sum_V_4_fu_371">
<pin_list>
<pin id="372" dir="0" index="0" bw="24" slack="0"/>
<pin id="373" dir="0" index="1" bw="38" slack="0"/>
<pin id="374" dir="0" index="2" bw="5" slack="0"/>
<pin id="375" dir="0" index="3" bw="7" slack="0"/>
<pin id="376" dir="1" index="4" bw="24" slack="0"/>
</pin_list>
<bind>
<opcode="partselect(1002) " fcode="partselect"/>
<opset="sum_V_4/6 "/>
</bind>
</comp>

<comp id="381" class="1004" name="p_Result_15_fu_381">
<pin_list>
<pin id="382" dir="0" index="0" bw="1" slack="0"/>
<pin id="383" dir="0" index="1" bw="38" slack="0"/>
<pin id="384" dir="0" index="2" bw="7" slack="0"/>
<pin id="385" dir="1" index="3" bw="1" slack="0"/>
</pin_list>
<bind>
<opcode="bitselect(1000) " fcode="bitselect"/>
<opset="p_Result_15/6 "/>
</bind>
</comp>

<comp id="389" class="1004" name="zext_ln377_fu_389">
<pin_list>
<pin id="390" dir="0" index="0" bw="1" slack="1"/>
<pin id="391" dir="1" index="1" bw="24" slack="0"/>
</pin_list>
<bind>
<opcode="zext(34) " fcode="zext"/>
<opset="zext_ln377/6 "/>
</bind>
</comp>

<comp id="392" class="1004" name="sum_V_5_fu_392">
<pin_list>
<pin id="393" dir="0" index="0" bw="1" slack="0"/>
<pin id="394" dir="0" index="1" bw="24" slack="0"/>
<pin id="395" dir="1" index="2" bw="24" slack="0"/>
</pin_list>
<bind>
<opcode="add(8) " fcode="add"/>
<opset="sum_V_5/6 "/>
</bind>
</comp>

<comp id="398" class="1004" name="p_Result_16_fu_398">
<pin_list>
<pin id="399" dir="0" index="0" bw="1" slack="0"/>
<pin id="400" dir="0" index="1" bw="24" slack="0"/>
<pin id="401" dir="0" index="2" bw="6" slack="0"/>
<pin id="402" dir="1" index="3" bw="1" slack="0"/>
</pin_list>
<bind>
<opcode="bitselect(1000) " fcode="bitselect"/>
<opset="p_Result_16/6 "/>
</bind>
</comp>

<comp id="406" class="1004" name="xor_ln896_fu_406">
<pin_list>
<pin id="407" dir="0" index="0" bw="1" slack="0"/>
<pin id="408" dir="0" index="1" bw="1" slack="0"/>
<pin id="409" dir="1" index="2" bw="1" slack="0"/>
</pin_list>
<bind>
<opcode="xor(25) " fcode="xor"/>
<opset="xor_ln896/6 "/>
</bind>
</comp>

<comp id="412" class="1004" name="carry_4_fu_412">
<pin_list>
<pin id="413" dir="0" index="0" bw="1" slack="0"/>
<pin id="414" dir="0" index="1" bw="1" slack="0"/>
<pin id="415" dir="1" index="2" bw="1" slack="0"/>
</pin_list>
<bind>
<opcode="and(23) " fcode="and"/>
<opset="carry_4/6 "/>
</bind>
</comp>

<comp id="418" class="1004" name="Range2_all_ones_3_fu_418">
<pin_list>
<pin id="419" dir="0" index="0" bw="1" slack="0"/>
<pin id="420" dir="0" index="1" bw="39" slack="0"/>
<pin id="421" dir="0" index="2" bw="7" slack="0"/>
<pin id="422" dir="1" index="3" bw="1" slack="0"/>
</pin_list>
<bind>
<opcode="bitselect(1000) " fcode="bitselect"/>
<opset="Range2_all_ones_3/6 "/>
</bind>
</comp>

<comp id="426" class="1004" name="xor_ln888_fu_426">
<pin_list>
<pin id="427" dir="0" index="0" bw="1" slack="0"/>
<pin id="428" dir="0" index="1" bw="1" slack="0"/>
<pin id="429" dir="1" index="2" bw="1" slack="0"/>
</pin_list>
<bind>
<opcode="xor(25) " fcode="xor"/>
<opset="xor_ln888/6 "/>
</bind>
</comp>

<comp id="432" class="1004" name="or_ln888_fu_432">
<pin_list>
<pin id="433" dir="0" index="0" bw="1" slack="0"/>
<pin id="434" dir="0" index="1" bw="1" slack="0"/>
<pin id="435" dir="1" index="2" bw="1" slack="0"/>
</pin_list>
<bind>
<opcode="or(24) " fcode="or"/>
<opset="or_ln888/6 "/>
</bind>
</comp>

<comp id="438" class="1004" name="deleted_zeros_fu_438">
<pin_list>
<pin id="439" dir="0" index="0" bw="1" slack="0"/>
<pin id="440" dir="0" index="1" bw="1" slack="0"/>
<pin id="441" dir="1" index="2" bw="1" slack="0"/>
</pin_list>
<bind>
<opcode="xor(25) " fcode="xor"/>
<opset="deleted_zeros/6 "/>
</bind>
</comp>

<comp id="444" class="1004" name="tmp_19_fu_444">
<pin_list>
<pin id="445" dir="0" index="0" bw="1" slack="0"/>
<pin id="446" dir="0" index="1" bw="39" slack="0"/>
<pin id="447" dir="0" index="2" bw="7" slack="0"/>
<pin id="448" dir="1" index="3" bw="1" slack="0"/>
</pin_list>
<bind>
<opcode="bitselect(1000) " fcode="bitselect"/>
<opset="tmp_19/6 "/>
</bind>
</comp>

<comp id="452" class="1004" name="xor_ln890_fu_452">
<pin_list>
<pin id="453" dir="0" index="0" bw="1" slack="0"/>
<pin id="454" dir="0" index="1" bw="1" slack="0"/>
<pin id="455" dir="1" index="2" bw="1" slack="0"/>
</pin_list>
<bind>
<opcode="xor(25) " fcode="xor"/>
<opset="xor_ln890/6 "/>
</bind>
</comp>

<comp id="458" class="1004" name="or_ln890_fu_458">
<pin_list>
<pin id="459" dir="0" index="0" bw="1" slack="0"/>
<pin id="460" dir="0" index="1" bw="1" slack="0"/>
<pin id="461" dir="1" index="2" bw="1" slack="0"/>
</pin_list>
<bind>
<opcode="or(24) " fcode="or"/>
<opset="or_ln890/6 "/>
</bind>
</comp>

<comp id="464" class="1004" name="deleted_ones_fu_464">
<pin_list>
<pin id="465" dir="0" index="0" bw="1" slack="0"/>
<pin id="466" dir="0" index="1" bw="1" slack="0"/>
<pin id="467" dir="1" index="2" bw="1" slack="0"/>
</pin_list>
<bind>
<opcode="and(23) " fcode="and"/>
<opset="deleted_ones/6 "/>
</bind>
</comp>

<comp id="470" class="1004" name="and_ln891_fu_470">
<pin_list>
<pin id="471" dir="0" index="0" bw="1" slack="0"/>
<pin id="472" dir="0" index="1" bw="1" slack="0"/>
<pin id="473" dir="1" index="2" bw="1" slack="0"/>
</pin_list>
<bind>
<opcode="and(23) " fcode="and"/>
<opset="and_ln891/6 "/>
</bind>
</comp>

<comp id="476" class="1004" name="xor_ln895_fu_476">
<pin_list>
<pin id="477" dir="0" index="0" bw="1" slack="0"/>
<pin id="478" dir="0" index="1" bw="1" slack="0"/>
<pin id="479" dir="1" index="2" bw="1" slack="0"/>
</pin_list>
<bind>
<opcode="xor(25) " fcode="xor"/>
<opset="xor_ln895/6 "/>
</bind>
</comp>

<comp id="482" class="1004" name="or_ln895_fu_482">
<pin_list>
<pin id="483" dir="0" index="0" bw="1" slack="0"/>
<pin id="484" dir="0" index="1" bw="1" slack="0"/>
<pin id="485" dir="1" index="2" bw="1" slack="0"/>
</pin_list>
<bind>
<opcode="or(24) " fcode="or"/>
<opset="or_ln895/6 "/>
</bind>
</comp>

<comp id="488" class="1004" name="xor_ln895_4_fu_488">
<pin_list>
<pin id="489" dir="0" index="0" bw="1" slack="0"/>
<pin id="490" dir="0" index="1" bw="1" slack="0"/>
<pin id="491" dir="1" index="2" bw="1" slack="0"/>
</pin_list>
<bind>
<opcode="xor(25) " fcode="xor"/>
<opset="xor_ln895_4/6 "/>
</bind>
</comp>

<comp id="494" class="1004" name="overflow_fu_494">
<pin_list>
<pin id="495" dir="0" index="0" bw="1" slack="0"/>
<pin id="496" dir="0" index="1" bw="1" slack="0"/>
<pin id="497" dir="1" index="2" bw="1" slack="0"/>
</pin_list>
<bind>
<opcode="and(23) " fcode="and"/>
<opset="overflow/6 "/>
</bind>
</comp>

<comp id="500" class="1004" name="xor_ln896_5_fu_500">
<pin_list>
<pin id="501" dir="0" index="0" bw="1" slack="0"/>
<pin id="502" dir="0" index="1" bw="1" slack="0"/>
<pin id="503" dir="1" index="2" bw="1" slack="0"/>
</pin_list>
<bind>
<opcode="xor(25) " fcode="xor"/>
<opset="xor_ln896_5/6 "/>
</bind>
</comp>

<comp id="506" class="1004" name="or_ln896_fu_506">
<pin_list>
<pin id="507" dir="0" index="0" bw="1" slack="0"/>
<pin id="508" dir="0" index="1" bw="1" slack="0"/>
<pin id="509" dir="1" index="2" bw="1" slack="0"/>
</pin_list>
<bind>
<opcode="or(24) " fcode="or"/>
<opset="or_ln896/6 "/>
</bind>
</comp>

<comp id="512" class="1004" name="xor_ln896_6_fu_512">
<pin_list>
<pin id="513" dir="0" index="0" bw="1" slack="0"/>
<pin id="514" dir="0" index="1" bw="1" slack="0"/>
<pin id="515" dir="1" index="2" bw="1" slack="0"/>
</pin_list>
<bind>
<opcode="xor(25) " fcode="xor"/>
<opset="xor_ln896_6/6 "/>
</bind>
</comp>

<comp id="518" class="1004" name="underflow_fu_518">
<pin_list>
<pin id="519" dir="0" index="0" bw="1" slack="0"/>
<pin id="520" dir="0" index="1" bw="1" slack="0"/>
<pin id="521" dir="1" index="2" bw="1" slack="0"/>
</pin_list>
<bind>
<opcode="and(23) " fcode="and"/>
<opset="underflow/6 "/>
</bind>
</comp>

<comp id="524" class="1004" name="select_ln346_fu_524">
<pin_list>
<pin id="525" dir="0" index="0" bw="1" slack="0"/>
<pin id="526" dir="0" index="1" bw="24" slack="0"/>
<pin id="527" dir="0" index="2" bw="24" slack="0"/>
<pin id="528" dir="1" index="3" bw="24" slack="0"/>
</pin_list>
<bind>
<opcode="select(49) " fcode="select"/>
<opset="select_ln346/6 "/>
</bind>
</comp>

<comp id="532" class="1004" name="or_ln346_fu_532">
<pin_list>
<pin id="533" dir="0" index="0" bw="1" slack="0"/>
<pin id="534" dir="0" index="1" bw="1" slack="0"/>
<pin id="535" dir="1" index="2" bw="1" slack="0"/>
</pin_list>
<bind>
<opcode="or(24) " fcode="or"/>
<opset="or_ln346/6 "/>
</bind>
</comp>

<comp id="538" class="1004" name="sum_V_fu_538">
<pin_list>
<pin id="539" dir="0" index="0" bw="1" slack="0"/>
<pin id="540" dir="0" index="1" bw="24" slack="0"/>
<pin id="541" dir="0" index="2" bw="24" slack="0"/>
<pin id="542" dir="1" index="3" bw="24" slack="0"/>
</pin_list>
<bind>
<opcode="select(49) " fcode="select"/>
<opset="sum_V/6 "/>
</bind>
</comp>

<comp id="546" class="1004" name="store_ln346_store_fu_546">
<pin_list>
<pin id="547" dir="0" index="0" bw="24" slack="0"/>
<pin id="548" dir="0" index="1" bw="24" slack="5"/>
<pin id="549" dir="1" index="2" bw="0" slack="2147483647"/>
</pin_list>
<bind>
<opcode="store(28) " fcode="store"/>
<opset="store_ln346/6 "/>
</bind>
</comp>

<comp id="551" class="1004" name="sext_ln813_fu_551">
<pin_list>
<pin id="552" dir="0" index="0" bw="24" slack="1"/>
<pin id="553" dir="1" index="1" bw="25" slack="0"/>
</pin_list>
<bind>
<opcode="sext(35) " fcode="sext"/>
<opset="sext_ln813/7 "/>
</bind>
</comp>

<comp id="554" class="1004" name="trunc_ln1347_fu_554">
<pin_list>
<pin id="555" dir="0" index="0" bw="24" slack="1"/>
<pin id="556" dir="1" index="1" bw="20" slack="0"/>
</pin_list>
<bind>
<opcode="trunc(33) " fcode="trunc"/>
<opset="trunc_ln1347/7 "/>
</bind>
</comp>

<comp id="557" class="1004" name="trunc_ln1347_1_fu_557">
<pin_list>
<pin id="558" dir="0" index="0" bw="24" slack="1"/>
<pin id="559" dir="1" index="1" bw="21" slack="0"/>
</pin_list>
<bind>
<opcode="trunc(33) " fcode="trunc"/>
<opset="trunc_ln1347_1/7 "/>
</bind>
</comp>

<comp id="560" class="1004" name="ret_V_1_fu_560">
<pin_list>
<pin id="561" dir="0" index="0" bw="20" slack="6"/>
<pin id="562" dir="0" index="1" bw="24" slack="0"/>
<pin id="563" dir="1" index="2" bw="25" slack="0"/>
</pin_list>
<bind>
<opcode="add(8) " fcode="add"/>
<opset="ret_V_1/7 "/>
</bind>
</comp>

<comp id="565" class="1004" name="add_ln1347_3_fu_565">
<pin_list>
<pin id="566" dir="0" index="0" bw="20" slack="6"/>
<pin id="567" dir="0" index="1" bw="21" slack="0"/>
<pin id="568" dir="1" index="2" bw="21" slack="0"/>
</pin_list>
<bind>
<opcode="add(8) " fcode="add"/>
<opset="add_ln1347_3/7 "/>
</bind>
</comp>

<comp id="570" class="1004" name="add_ln1347_4_fu_570">
<pin_list>
<pin id="571" dir="0" index="0" bw="20" slack="6"/>
<pin id="572" dir="0" index="1" bw="20" slack="0"/>
<pin id="573" dir="1" index="2" bw="20" slack="0"/>
</pin_list>
<bind>
<opcode="add(8) " fcode="add"/>
<opset="add_ln1347_4/7 "/>
</bind>
</comp>

<comp id="575" class="1004" name="p_Result_17_fu_575">
<pin_list>
<pin id="576" dir="0" index="0" bw="1" slack="0"/>
<pin id="577" dir="0" index="1" bw="25" slack="0"/>
<pin id="578" dir="0" index="2" bw="6" slack="0"/>
<pin id="579" dir="1" index="3" bw="1" slack="0"/>
</pin_list>
<bind>
<opcode="bitselect(1000) " fcode="bitselect"/>
<opset="p_Result_17/7 "/>
</bind>
</comp>

<comp id="583" class="1004" name="p_Val2_13_fu_583">
<pin_list>
<pin id="584" dir="0" index="0" bw="16" slack="0"/>
<pin id="585" dir="0" index="1" bw="20" slack="0"/>
<pin id="586" dir="0" index="2" bw="4" slack="0"/>
<pin id="587" dir="0" index="3" bw="6" slack="0"/>
<pin id="588" dir="1" index="4" bw="16" slack="0"/>
</pin_list>
<bind>
<opcode="partselect(1002) " fcode="partselect"/>
<opset="p_Val2_13/7 "/>
</bind>
</comp>

<comp id="593" class="1004" name="p_Result_18_fu_593">
<pin_list>
<pin id="594" dir="0" index="0" bw="1" slack="0"/>
<pin id="595" dir="0" index="1" bw="20" slack="0"/>
<pin id="596" dir="0" index="2" bw="6" slack="0"/>
<pin id="597" dir="1" index="3" bw="1" slack="0"/>
</pin_list>
<bind>
<opcode="bitselect(1000) " fcode="bitselect"/>
<opset="p_Result_18/7 "/>
</bind>
</comp>

<comp id="601" class="1004" name="tmp_22_fu_601">
<pin_list>
<pin id="602" dir="0" index="0" bw="1" slack="0"/>
<pin id="603" dir="0" index="1" bw="24" slack="1"/>
<pin id="604" dir="0" index="2" bw="3" slack="0"/>
<pin id="605" dir="1" index="3" bw="1" slack="0"/>
</pin_list>
<bind>
<opcode="bitselect(1000) " fcode="bitselect"/>
<opset="tmp_22/7 "/>
</bind>
</comp>

<comp id="608" class="1004" name="zext_ln377_1_fu_608">
<pin_list>
<pin id="609" dir="0" index="0" bw="1" slack="0"/>
<pin id="610" dir="1" index="1" bw="16" slack="0"/>
</pin_list>
<bind>
<opcode="zext(34) " fcode="zext"/>
<opset="zext_ln377_1/7 "/>
</bind>
</comp>

<comp id="612" class="1004" name="p_Val2_14_fu_612">
<pin_list>
<pin id="613" dir="0" index="0" bw="1" slack="0"/>
<pin id="614" dir="0" index="1" bw="16" slack="0"/>
<pin id="615" dir="1" index="2" bw="16" slack="0"/>
</pin_list>
<bind>
<opcode="add(8) " fcode="add"/>
<opset="p_Val2_14/7 "/>
</bind>
</comp>

<comp id="618" class="1004" name="p_Result_19_fu_618">
<pin_list>
<pin id="619" dir="0" index="0" bw="1" slack="0"/>
<pin id="620" dir="0" index="1" bw="16" slack="0"/>
<pin id="621" dir="0" index="2" bw="5" slack="0"/>
<pin id="622" dir="1" index="3" bw="1" slack="0"/>
</pin_list>
<bind>
<opcode="bitselect(1000) " fcode="bitselect"/>
<opset="p_Result_19/7 "/>
</bind>
</comp>

<comp id="626" class="1004" name="xor_ln896_7_fu_626">
<pin_list>
<pin id="627" dir="0" index="0" bw="1" slack="0"/>
<pin id="628" dir="0" index="1" bw="1" slack="0"/>
<pin id="629" dir="1" index="2" bw="1" slack="0"/>
</pin_list>
<bind>
<opcode="xor(25) " fcode="xor"/>
<opset="xor_ln896_7/7 "/>
</bind>
</comp>

<comp id="632" class="1004" name="carry_6_fu_632">
<pin_list>
<pin id="633" dir="0" index="0" bw="1" slack="0"/>
<pin id="634" dir="0" index="1" bw="1" slack="0"/>
<pin id="635" dir="1" index="2" bw="1" slack="0"/>
</pin_list>
<bind>
<opcode="and(23) " fcode="and"/>
<opset="carry_6/7 "/>
</bind>
</comp>

<comp id="638" class="1004" name="tmp_s_fu_638">
<pin_list>
<pin id="639" dir="0" index="0" bw="4" slack="0"/>
<pin id="640" dir="0" index="1" bw="25" slack="0"/>
<pin id="641" dir="0" index="2" bw="6" slack="0"/>
<pin id="642" dir="0" index="3" bw="6" slack="0"/>
<pin id="643" dir="1" index="4" bw="4" slack="0"/>
</pin_list>
<bind>
<opcode="partselect(1002) " fcode="partselect"/>
<opset="tmp_s/7 "/>
</bind>
</comp>

<comp id="648" class="1004" name="Range2_all_ones_fu_648">
<pin_list>
<pin id="649" dir="0" index="0" bw="4" slack="0"/>
<pin id="650" dir="0" index="1" bw="1" slack="0"/>
<pin id="651" dir="1" index="2" bw="1" slack="0"/>
</pin_list>
<bind>
<opcode="icmp(45) " fcode="icmp"/>
<opset="Range2_all_ones/7 "/>
</bind>
</comp>

<comp id="654" class="1004" name="tmp_3_fu_654">
<pin_list>
<pin id="655" dir="0" index="0" bw="5" slack="0"/>
<pin id="656" dir="0" index="1" bw="25" slack="0"/>
<pin id="657" dir="0" index="2" bw="6" slack="0"/>
<pin id="658" dir="0" index="3" bw="6" slack="0"/>
<pin id="659" dir="1" index="4" bw="5" slack="0"/>
</pin_list>
<bind>
<opcode="partselect(1002) " fcode="partselect"/>
<opset="tmp_3/7 "/>
</bind>
</comp>

<comp id="664" class="1004" name="Range1_all_ones_4_fu_664">
<pin_list>
<pin id="665" dir="0" index="0" bw="5" slack="0"/>
<pin id="666" dir="0" index="1" bw="1" slack="0"/>
<pin id="667" dir="1" index="2" bw="1" slack="0"/>
</pin_list>
<bind>
<opcode="icmp(45) " fcode="icmp"/>
<opset="Range1_all_ones_4/7 "/>
</bind>
</comp>

<comp id="670" class="1004" name="Range1_all_zeros_fu_670">
<pin_list>
<pin id="671" dir="0" index="0" bw="5" slack="0"/>
<pin id="672" dir="0" index="1" bw="1" slack="0"/>
<pin id="673" dir="1" index="2" bw="1" slack="0"/>
</pin_list>
<bind>
<opcode="icmp(45) " fcode="icmp"/>
<opset="Range1_all_zeros/7 "/>
</bind>
</comp>

<comp id="676" class="1004" name="deleted_zeros_1_fu_676">
<pin_list>
<pin id="677" dir="0" index="0" bw="1" slack="0"/>
<pin id="678" dir="0" index="1" bw="1" slack="0"/>
<pin id="679" dir="0" index="2" bw="1" slack="0"/>
<pin id="680" dir="1" index="3" bw="1" slack="0"/>
</pin_list>
<bind>
<opcode="select(49) " fcode="select"/>
<opset="deleted_zeros_1/7 "/>
</bind>
</comp>

<comp id="684" class="1004" name="tmp_24_fu_684">
<pin_list>
<pin id="685" dir="0" index="0" bw="1" slack="0"/>
<pin id="686" dir="0" index="1" bw="21" slack="0"/>
<pin id="687" dir="0" index="2" bw="6" slack="0"/>
<pin id="688" dir="1" index="3" bw="1" slack="0"/>
</pin_list>
<bind>
<opcode="bitselect(1000) " fcode="bitselect"/>
<opset="tmp_24/7 "/>
</bind>
</comp>

<comp id="692" class="1004" name="xor_ln890_1_fu_692">
<pin_list>
<pin id="693" dir="0" index="0" bw="1" slack="0"/>
<pin id="694" dir="0" index="1" bw="1" slack="0"/>
<pin id="695" dir="1" index="2" bw="1" slack="0"/>
</pin_list>
<bind>
<opcode="xor(25) " fcode="xor"/>
<opset="xor_ln890_1/7 "/>
</bind>
</comp>

<comp id="698" class="1004" name="and_ln890_fu_698">
<pin_list>
<pin id="699" dir="0" index="0" bw="1" slack="0"/>
<pin id="700" dir="0" index="1" bw="1" slack="0"/>
<pin id="701" dir="1" index="2" bw="1" slack="0"/>
</pin_list>
<bind>
<opcode="and(23) " fcode="and"/>
<opset="and_ln890/7 "/>
</bind>
</comp>

<comp id="704" class="1004" name="deleted_ones_3_fu_704">
<pin_list>
<pin id="705" dir="0" index="0" bw="1" slack="0"/>
<pin id="706" dir="0" index="1" bw="1" slack="0"/>
<pin id="707" dir="0" index="2" bw="1" slack="0"/>
<pin id="708" dir="1" index="3" bw="1" slack="0"/>
</pin_list>
<bind>
<opcode="select(49) " fcode="select"/>
<opset="deleted_ones_3/7 "/>
</bind>
</comp>

<comp id="712" class="1004" name="xor_ln895_5_fu_712">
<pin_list>
<pin id="713" dir="0" index="0" bw="1" slack="0"/>
<pin id="714" dir="0" index="1" bw="1" slack="0"/>
<pin id="715" dir="1" index="2" bw="1" slack="0"/>
</pin_list>
<bind>
<opcode="xor(25) " fcode="xor"/>
<opset="xor_ln895_5/7 "/>
</bind>
</comp>

<comp id="718" class="1004" name="or_ln895_1_fu_718">
<pin_list>
<pin id="719" dir="0" index="0" bw="1" slack="0"/>
<pin id="720" dir="0" index="1" bw="1" slack="0"/>
<pin id="721" dir="1" index="2" bw="1" slack="0"/>
</pin_list>
<bind>
<opcode="or(24) " fcode="or"/>
<opset="or_ln895_1/7 "/>
</bind>
</comp>

<comp id="724" class="1004" name="xor_ln895_6_fu_724">
<pin_list>
<pin id="725" dir="0" index="0" bw="1" slack="0"/>
<pin id="726" dir="0" index="1" bw="1" slack="0"/>
<pin id="727" dir="1" index="2" bw="1" slack="0"/>
</pin_list>
<bind>
<opcode="xor(25) " fcode="xor"/>
<opset="xor_ln895_6/7 "/>
</bind>
</comp>

<comp id="730" class="1004" name="overflow_2_fu_730">
<pin_list>
<pin id="731" dir="0" index="0" bw="1" slack="0"/>
<pin id="732" dir="0" index="1" bw="1" slack="0"/>
<pin id="733" dir="1" index="2" bw="1" slack="1"/>
</pin_list>
<bind>
<opcode="and(23) " fcode="and"/>
<opset="overflow_2/7 "/>
</bind>
</comp>

<comp id="736" class="1004" name="xor_ln896_8_fu_736">
<pin_list>
<pin id="737" dir="0" index="0" bw="1" slack="0"/>
<pin id="738" dir="0" index="1" bw="1" slack="0"/>
<pin id="739" dir="1" index="2" bw="1" slack="0"/>
</pin_list>
<bind>
<opcode="xor(25) " fcode="xor"/>
<opset="xor_ln896_8/7 "/>
</bind>
</comp>

<comp id="742" class="1004" name="or_ln896_1_fu_742">
<pin_list>
<pin id="743" dir="0" index="0" bw="1" slack="0"/>
<pin id="744" dir="0" index="1" bw="1" slack="0"/>
<pin id="745" dir="1" index="2" bw="1" slack="1"/>
</pin_list>
<bind>
<opcode="or(24) " fcode="or"/>
<opset="or_ln896_1/7 "/>
</bind>
</comp>

<comp id="748" class="1004" name="and_ln891_1_fu_748">
<pin_list>
<pin id="749" dir="0" index="0" bw="1" slack="1"/>
<pin id="750" dir="0" index="1" bw="1" slack="1"/>
<pin id="751" dir="1" index="2" bw="1" slack="0"/>
</pin_list>
<bind>
<opcode="and(23) " fcode="and"/>
<opset="and_ln891_1/8 "/>
</bind>
</comp>

<comp id="752" class="1004" name="xor_ln896_9_fu_752">
<pin_list>
<pin id="753" dir="0" index="0" bw="1" slack="0"/>
<pin id="754" dir="0" index="1" bw="1" slack="1"/>
<pin id="755" dir="1" index="2" bw="1" slack="0"/>
</pin_list>
<bind>
<opcode="xor(25) " fcode="xor"/>
<opset="xor_ln896_9/8 "/>
</bind>
</comp>

<comp id="757" class="1004" name="underflow_1_fu_757">
<pin_list>
<pin id="758" dir="0" index="0" bw="1" slack="0"/>
<pin id="759" dir="0" index="1" bw="1" slack="1"/>
<pin id="760" dir="1" index="2" bw="1" slack="0"/>
</pin_list>
<bind>
<opcode="and(23) " fcode="and"/>
<opset="underflow_1/8 "/>
</bind>
</comp>

<comp id="762" class="1004" name="select_ln346_5_fu_762">
<pin_list>
<pin id="763" dir="0" index="0" bw="1" slack="1"/>
<pin id="764" dir="0" index="1" bw="16" slack="0"/>
<pin id="765" dir="0" index="2" bw="16" slack="0"/>
<pin id="766" dir="1" index="3" bw="16" slack="0"/>
</pin_list>
<bind>
<opcode="select(49) " fcode="select"/>
<opset="select_ln346_5/8 "/>
</bind>
</comp>

<comp id="769" class="1004" name="or_ln346_1_fu_769">
<pin_list>
<pin id="770" dir="0" index="0" bw="1" slack="1"/>
<pin id="771" dir="0" index="1" bw="1" slack="0"/>
<pin id="772" dir="1" index="2" bw="1" slack="0"/>
</pin_list>
<bind>
<opcode="or(24) " fcode="or"/>
<opset="or_ln346_1/8 "/>
</bind>
</comp>

<comp id="774" class="1004" name="select_ln346_6_fu_774">
<pin_list>
<pin id="775" dir="0" index="0" bw="1" slack="0"/>
<pin id="776" dir="0" index="1" bw="16" slack="0"/>
<pin id="777" dir="0" index="2" bw="16" slack="1"/>
<pin id="778" dir="1" index="3" bw="16" slack="0"/>
</pin_list>
<bind>
<opcode="select(49) " fcode="select"/>
<opset="select_ln346_6/8 "/>
</bind>
</comp>

<comp id="782" class="1007" name="grp_fu_782">
<pin_list>
<pin id="783" dir="0" index="0" bw="14" slack="0"/>
<pin id="784" dir="0" index="1" bw="19" slack="0"/>
<pin id="785" dir="1" index="2" bw="33" slack="0"/>
</pin_list>
<bind>
<opcode="mul(12) " fcode="mul"/>
<opset="r_V_4/2 "/>
</bind>
</comp>

<comp id="789" class="1005" name="rhs_reg_789">
<pin_list>
<pin id="790" dir="0" index="0" bw="24" slack="0"/>
<pin id="791" dir="1" index="1" bw="24" slack="0"/>
</pin_list>
<bind>
<opset="rhs "/>
</bind>
</comp>

<comp id="796" class="1005" name="input_feature_reg_796">
<pin_list>
<pin id="797" dir="0" index="0" bw="6" slack="0"/>
<pin id="798" dir="1" index="1" bw="6" slack="0"/>
</pin_list>
<bind>
<opset="input_feature "/>
</bind>
</comp>

<comp id="803" class="1005" name="lhs_20_read_reg_803">
<pin_list>
<pin id="804" dir="0" index="0" bw="20" slack="6"/>
<pin id="805" dir="1" index="1" bw="20" slack="6"/>
</pin_list>
<bind>
<opset="lhs_20_read "/>
</bind>
</comp>

<comp id="808" class="1005" name="sext_ln1347_28_cast_reg_808">
<pin_list>
<pin id="809" dir="0" index="0" bw="21" slack="6"/>
<pin id="810" dir="1" index="1" bw="21" slack="6"/>
</pin_list>
<bind>
<opset="sext_ln1347_28_cast "/>
</bind>
</comp>

<comp id="813" class="1005" name="sext_ln813_7_cast_reg_813">
<pin_list>
<pin id="814" dir="0" index="0" bw="25" slack="6"/>
<pin id="815" dir="1" index="1" bw="25" slack="6"/>
</pin_list>
<bind>
<opset="sext_ln813_7_cast "/>
</bind>
</comp>

<comp id="818" class="1005" name="residual2_V_addr_reg_818">
<pin_list>
<pin id="819" dir="0" index="0" bw="7" slack="7"/>
<pin id="820" dir="1" index="1" bw="7" slack="7"/>
</pin_list>
<bind>
<opset="residual2_V_addr "/>
</bind>
</comp>

<comp id="823" class="1005" name="icmp_ln261_reg_823">
<pin_list>
<pin id="824" dir="0" index="0" bw="1" slack="6"/>
<pin id="825" dir="1" index="1" bw="1" slack="2147483647"/>
</pin_list>
<bind>
<opset="icmp_ln261 "/>
</bind>
</comp>

<comp id="827" class="1005" name="LAYERS_0_FEEDFORWARD_3_WEIGHT_V_addr_reg_827">
<pin_list>
<pin id="828" dir="0" index="0" bw="9" slack="1"/>
<pin id="829" dir="1" index="1" bw="9" slack="1"/>
</pin_list>
<bind>
<opset="LAYERS_0_FEEDFORWARD_3_WEIGHT_V_addr "/>
</bind>
</comp>

<comp id="832" class="1005" name="feedforward_hidden_V_addr_reg_832">
<pin_list>
<pin id="833" dir="0" index="0" bw="8" slack="1"/>
<pin id="834" dir="1" index="1" bw="8" slack="1"/>
</pin_list>
<bind>
<opset="feedforward_hidden_V_addr "/>
</bind>
</comp>

<comp id="837" class="1005" name="icmp_ln261_1_reg_837">
<pin_list>
<pin id="838" dir="0" index="0" bw="1" slack="6"/>
<pin id="839" dir="1" index="1" bw="1" slack="2147483647"/>
</pin_list>
<bind>
<opset="icmp_ln261_1 "/>
</bind>
</comp>

<comp id="841" class="1005" name="zext_ln1270_reg_841">
<pin_list>
<pin id="842" dir="0" index="0" bw="33" slack="1"/>
<pin id="843" dir="1" index="1" bw="33" slack="1"/>
</pin_list>
<bind>
<opset="zext_ln1270 "/>
</bind>
</comp>

<comp id="846" class="1005" name="sext_ln1273_reg_846">
<pin_list>
<pin id="847" dir="0" index="0" bw="33" slack="1"/>
<pin id="848" dir="1" index="1" bw="33" slack="1"/>
</pin_list>
<bind>
<opset="sext_ln1273 "/>
</bind>
</comp>

<comp id="851" class="1005" name="r_V_4_reg_851">
<pin_list>
<pin id="852" dir="0" index="0" bw="33" slack="1"/>
<pin id="853" dir="1" index="1" bw="33" slack="1"/>
</pin_list>
<bind>
<opset="r_V_4 "/>
</bind>
</comp>

<comp id="857" class="1005" name="tmp_reg_857">
<pin_list>
<pin id="858" dir="0" index="0" bw="1" slack="1"/>
<pin id="859" dir="1" index="1" bw="1" slack="1"/>
</pin_list>
<bind>
<opset="tmp "/>
</bind>
</comp>

<comp id="862" class="1005" name="sum_V_reg_862">
<pin_list>
<pin id="863" dir="0" index="0" bw="24" slack="1"/>
<pin id="864" dir="1" index="1" bw="24" slack="1"/>
</pin_list>
<bind>
<opset="sum_V "/>
</bind>
</comp>

<comp id="870" class="1005" name="p_Result_17_reg_870">
<pin_list>
<pin id="871" dir="0" index="0" bw="1" slack="1"/>
<pin id="872" dir="1" index="1" bw="1" slack="1"/>
</pin_list>
<bind>
<opset="p_Result_17 "/>
</bind>
</comp>

<comp id="875" class="1005" name="p_Val2_14_reg_875">
<pin_list>
<pin id="876" dir="0" index="0" bw="16" slack="1"/>
<pin id="877" dir="1" index="1" bw="16" slack="1"/>
</pin_list>
<bind>
<opset="p_Val2_14 "/>
</bind>
</comp>

<comp id="880" class="1005" name="carry_6_reg_880">
<pin_list>
<pin id="881" dir="0" index="0" bw="1" slack="1"/>
<pin id="882" dir="1" index="1" bw="1" slack="1"/>
</pin_list>
<bind>
<opset="carry_6 "/>
</bind>
</comp>

<comp id="885" class="1005" name="Range1_all_ones_4_reg_885">
<pin_list>
<pin id="886" dir="0" index="0" bw="1" slack="1"/>
<pin id="887" dir="1" index="1" bw="1" slack="1"/>
</pin_list>
<bind>
<opset="Range1_all_ones_4 "/>
</bind>
</comp>

<comp id="890" class="1005" name="overflow_2_reg_890">
<pin_list>
<pin id="891" dir="0" index="0" bw="1" slack="1"/>
<pin id="892" dir="1" index="1" bw="1" slack="1"/>
</pin_list>
<bind>
<opset="overflow_2 "/>
</bind>
</comp>

<comp id="896" class="1005" name="or_ln896_1_reg_896">
<pin_list>
<pin id="897" dir="0" index="0" bw="1" slack="1"/>
<pin id="898" dir="1" index="1" bw="1" slack="1"/>
</pin_list>
<bind>
<opset="or_ln896_1 "/>
</bind>
</comp>

</comp_list>

<net_list>
<net id="131"><net_src comp="20" pin="0"/><net_sink comp="128" pin=0"/></net>

<net id="135"><net_src comp="20" pin="0"/><net_sink comp="132" pin=0"/></net>

<net id="140"><net_src comp="22" pin="0"/><net_sink comp="136" pin=0"/></net>

<net id="141"><net_src comp="16" pin="0"/><net_sink comp="136" pin=1"/></net>

<net id="146"><net_src comp="22" pin="0"/><net_sink comp="142" pin=0"/></net>

<net id="147"><net_src comp="14" pin="0"/><net_sink comp="142" pin=1"/></net>

<net id="152"><net_src comp="22" pin="0"/><net_sink comp="148" pin=0"/></net>

<net id="153"><net_src comp="12" pin="0"/><net_sink comp="148" pin=1"/></net>

<net id="158"><net_src comp="24" pin="0"/><net_sink comp="154" pin=0"/></net>

<net id="159"><net_src comp="8" pin="0"/><net_sink comp="154" pin=1"/></net>

<net id="164"><net_src comp="26" pin="0"/><net_sink comp="160" pin=0"/></net>

<net id="165"><net_src comp="6" pin="0"/><net_sink comp="160" pin=1"/></net>

<net id="170"><net_src comp="28" pin="0"/><net_sink comp="166" pin=0"/></net>

<net id="171"><net_src comp="4" pin="0"/><net_sink comp="166" pin=1"/></net>

<net id="176"><net_src comp="30" pin="0"/><net_sink comp="172" pin=0"/></net>

<net id="177"><net_src comp="0" pin="0"/><net_sink comp="172" pin=1"/></net>

<net id="183"><net_src comp="2" pin="0"/><net_sink comp="178" pin=0"/></net>

<net id="184"><net_src comp="34" pin="0"/><net_sink comp="178" pin=1"/></net>

<net id="190"><net_src comp="18" pin="0"/><net_sink comp="185" pin=0"/></net>

<net id="191"><net_src comp="34" pin="0"/><net_sink comp="185" pin=1"/></net>

<net id="197"><net_src comp="10" pin="0"/><net_sink comp="192" pin=0"/></net>

<net id="198"><net_src comp="34" pin="0"/><net_sink comp="192" pin=1"/></net>

<net id="204"><net_src comp="192" pin="3"/><net_sink comp="199" pin=0"/></net>

<net id="210"><net_src comp="185" pin="3"/><net_sink comp="205" pin=0"/></net>

<net id="219"><net_src comp="142" pin="2"/><net_sink comp="216" pin=0"/></net>

<net id="223"><net_src comp="148" pin="2"/><net_sink comp="220" pin=0"/></net>

<net id="227"><net_src comp="166" pin="2"/><net_sink comp="224" pin=0"/></net>

<net id="228"><net_src comp="224" pin="1"/><net_sink comp="178" pin=2"/></net>

<net id="232"><net_src comp="172" pin="2"/><net_sink comp="229" pin=0"/></net>

<net id="237"><net_src comp="32" pin="0"/><net_sink comp="233" pin=0"/></net>

<net id="242"><net_src comp="229" pin="1"/><net_sink comp="238" pin=0"/></net>

<net id="250"><net_src comp="243" pin="1"/><net_sink comp="246" pin=0"/></net>

<net id="251"><net_src comp="36" pin="0"/><net_sink comp="246" pin=1"/></net>

<net id="256"><net_src comp="243" pin="1"/><net_sink comp="252" pin=0"/></net>

<net id="257"><net_src comp="42" pin="0"/><net_sink comp="252" pin=1"/></net>

<net id="261"><net_src comp="243" pin="1"/><net_sink comp="258" pin=0"/></net>

<net id="265"><net_src comp="243" pin="1"/><net_sink comp="262" pin=0"/></net>

<net id="270"><net_src comp="160" pin="2"/><net_sink comp="266" pin=0"/></net>

<net id="271"><net_src comp="262" pin="1"/><net_sink comp="266" pin=1"/></net>

<net id="275"><net_src comp="266" pin="2"/><net_sink comp="272" pin=0"/></net>

<net id="276"><net_src comp="272" pin="1"/><net_sink comp="185" pin=2"/></net>

<net id="281"><net_src comp="154" pin="2"/><net_sink comp="277" pin=0"/></net>

<net id="282"><net_src comp="258" pin="1"/><net_sink comp="277" pin=1"/></net>

<net id="286"><net_src comp="277" pin="2"/><net_sink comp="283" pin=0"/></net>

<net id="287"><net_src comp="283" pin="1"/><net_sink comp="192" pin=2"/></net>

<net id="292"><net_src comp="252" pin="2"/><net_sink comp="288" pin=0"/></net>

<net id="293"><net_src comp="36" pin="0"/><net_sink comp="288" pin=1"/></net>

<net id="298"><net_src comp="252" pin="2"/><net_sink comp="294" pin=0"/></net>

<net id="304"><net_src comp="44" pin="0"/><net_sink comp="299" pin=0"/></net>

<net id="305"><net_src comp="199" pin="3"/><net_sink comp="299" pin=1"/></net>

<net id="306"><net_src comp="46" pin="0"/><net_sink comp="299" pin=2"/></net>

<net id="312"><net_src comp="48" pin="0"/><net_sink comp="307" pin=0"/></net>

<net id="313"><net_src comp="205" pin="3"/><net_sink comp="307" pin=1"/></net>

<net id="314"><net_src comp="46" pin="0"/><net_sink comp="307" pin=2"/></net>

<net id="318"><net_src comp="299" pin="3"/><net_sink comp="315" pin=0"/></net>

<net id="322"><net_src comp="307" pin="3"/><net_sink comp="319" pin=0"/></net>

<net id="328"><net_src comp="50" pin="0"/><net_sink comp="323" pin=0"/></net>

<net id="329"><net_src comp="52" pin="0"/><net_sink comp="323" pin=2"/></net>

<net id="338"><net_src comp="64" pin="0"/><net_sink comp="333" pin=0"/></net>

<net id="339"><net_src comp="330" pin="1"/><net_sink comp="333" pin=1"/></net>

<net id="340"><net_src comp="66" pin="0"/><net_sink comp="333" pin=2"/></net>

<net id="344"><net_src comp="333" pin="3"/><net_sink comp="341" pin=0"/></net>

<net id="355"><net_src comp="341" pin="1"/><net_sink comp="351" pin=0"/></net>

<net id="356"><net_src comp="345" pin="1"/><net_sink comp="351" pin=1"/></net>

<net id="361"><net_src comp="333" pin="3"/><net_sink comp="357" pin=0"/></net>

<net id="362"><net_src comp="348" pin="1"/><net_sink comp="357" pin=1"/></net>

<net id="368"><net_src comp="68" pin="0"/><net_sink comp="363" pin=0"/></net>

<net id="369"><net_src comp="351" pin="2"/><net_sink comp="363" pin=1"/></net>

<net id="370"><net_src comp="70" pin="0"/><net_sink comp="363" pin=2"/></net>

<net id="377"><net_src comp="72" pin="0"/><net_sink comp="371" pin=0"/></net>

<net id="378"><net_src comp="357" pin="2"/><net_sink comp="371" pin=1"/></net>

<net id="379"><net_src comp="74" pin="0"/><net_sink comp="371" pin=2"/></net>

<net id="380"><net_src comp="76" pin="0"/><net_sink comp="371" pin=3"/></net>

<net id="386"><net_src comp="78" pin="0"/><net_sink comp="381" pin=0"/></net>

<net id="387"><net_src comp="357" pin="2"/><net_sink comp="381" pin=1"/></net>

<net id="388"><net_src comp="76" pin="0"/><net_sink comp="381" pin=2"/></net>

<net id="396"><net_src comp="389" pin="1"/><net_sink comp="392" pin=0"/></net>

<net id="397"><net_src comp="371" pin="4"/><net_sink comp="392" pin=1"/></net>

<net id="403"><net_src comp="80" pin="0"/><net_sink comp="398" pin=0"/></net>

<net id="404"><net_src comp="392" pin="2"/><net_sink comp="398" pin=1"/></net>

<net id="405"><net_src comp="82" pin="0"/><net_sink comp="398" pin=2"/></net>

<net id="410"><net_src comp="398" pin="3"/><net_sink comp="406" pin=0"/></net>

<net id="411"><net_src comp="84" pin="0"/><net_sink comp="406" pin=1"/></net>

<net id="416"><net_src comp="381" pin="3"/><net_sink comp="412" pin=0"/></net>

<net id="417"><net_src comp="406" pin="2"/><net_sink comp="412" pin=1"/></net>

<net id="423"><net_src comp="68" pin="0"/><net_sink comp="418" pin=0"/></net>

<net id="424"><net_src comp="351" pin="2"/><net_sink comp="418" pin=1"/></net>

<net id="425"><net_src comp="70" pin="0"/><net_sink comp="418" pin=2"/></net>

<net id="430"><net_src comp="381" pin="3"/><net_sink comp="426" pin=0"/></net>

<net id="431"><net_src comp="84" pin="0"/><net_sink comp="426" pin=1"/></net>

<net id="436"><net_src comp="398" pin="3"/><net_sink comp="432" pin=0"/></net>

<net id="437"><net_src comp="426" pin="2"/><net_sink comp="432" pin=1"/></net>

<net id="442"><net_src comp="418" pin="3"/><net_sink comp="438" pin=0"/></net>

<net id="443"><net_src comp="432" pin="2"/><net_sink comp="438" pin=1"/></net>

<net id="449"><net_src comp="68" pin="0"/><net_sink comp="444" pin=0"/></net>

<net id="450"><net_src comp="351" pin="2"/><net_sink comp="444" pin=1"/></net>

<net id="451"><net_src comp="70" pin="0"/><net_sink comp="444" pin=2"/></net>

<net id="456"><net_src comp="444" pin="3"/><net_sink comp="452" pin=0"/></net>

<net id="457"><net_src comp="84" pin="0"/><net_sink comp="452" pin=1"/></net>

<net id="462"><net_src comp="432" pin="2"/><net_sink comp="458" pin=0"/></net>

<net id="463"><net_src comp="452" pin="2"/><net_sink comp="458" pin=1"/></net>

<net id="468"><net_src comp="418" pin="3"/><net_sink comp="464" pin=0"/></net>

<net id="469"><net_src comp="458" pin="2"/><net_sink comp="464" pin=1"/></net>

<net id="474"><net_src comp="412" pin="2"/><net_sink comp="470" pin=0"/></net>

<net id="475"><net_src comp="418" pin="3"/><net_sink comp="470" pin=1"/></net>

<net id="480"><net_src comp="438" pin="2"/><net_sink comp="476" pin=0"/></net>

<net id="481"><net_src comp="84" pin="0"/><net_sink comp="476" pin=1"/></net>

<net id="486"><net_src comp="398" pin="3"/><net_sink comp="482" pin=0"/></net>

<net id="487"><net_src comp="476" pin="2"/><net_sink comp="482" pin=1"/></net>

<net id="492"><net_src comp="363" pin="3"/><net_sink comp="488" pin=0"/></net>

<net id="493"><net_src comp="84" pin="0"/><net_sink comp="488" pin=1"/></net>

<net id="498"><net_src comp="482" pin="2"/><net_sink comp="494" pin=0"/></net>

<net id="499"><net_src comp="488" pin="2"/><net_sink comp="494" pin=1"/></net>

<net id="504"><net_src comp="464" pin="2"/><net_sink comp="500" pin=0"/></net>

<net id="505"><net_src comp="84" pin="0"/><net_sink comp="500" pin=1"/></net>

<net id="510"><net_src comp="406" pin="2"/><net_sink comp="506" pin=0"/></net>

<net id="511"><net_src comp="500" pin="2"/><net_sink comp="506" pin=1"/></net>

<net id="516"><net_src comp="470" pin="2"/><net_sink comp="512" pin=0"/></net>

<net id="517"><net_src comp="506" pin="2"/><net_sink comp="512" pin=1"/></net>

<net id="522"><net_src comp="512" pin="2"/><net_sink comp="518" pin=0"/></net>

<net id="523"><net_src comp="363" pin="3"/><net_sink comp="518" pin=1"/></net>

<net id="529"><net_src comp="494" pin="2"/><net_sink comp="524" pin=0"/></net>

<net id="530"><net_src comp="86" pin="0"/><net_sink comp="524" pin=1"/></net>

<net id="531"><net_src comp="88" pin="0"/><net_sink comp="524" pin=2"/></net>

<net id="536"><net_src comp="494" pin="2"/><net_sink comp="532" pin=0"/></net>

<net id="537"><net_src comp="518" pin="2"/><net_sink comp="532" pin=1"/></net>

<net id="543"><net_src comp="532" pin="2"/><net_sink comp="538" pin=0"/></net>

<net id="544"><net_src comp="524" pin="3"/><net_sink comp="538" pin=1"/></net>

<net id="545"><net_src comp="392" pin="2"/><net_sink comp="538" pin=2"/></net>

<net id="550"><net_src comp="538" pin="3"/><net_sink comp="546" pin=0"/></net>

<net id="564"><net_src comp="551" pin="1"/><net_sink comp="560" pin=1"/></net>

<net id="569"><net_src comp="557" pin="1"/><net_sink comp="565" pin=1"/></net>

<net id="574"><net_src comp="554" pin="1"/><net_sink comp="570" pin=1"/></net>

<net id="580"><net_src comp="90" pin="0"/><net_sink comp="575" pin=0"/></net>

<net id="581"><net_src comp="560" pin="2"/><net_sink comp="575" pin=1"/></net>

<net id="582"><net_src comp="92" pin="0"/><net_sink comp="575" pin=2"/></net>

<net id="589"><net_src comp="94" pin="0"/><net_sink comp="583" pin=0"/></net>

<net id="590"><net_src comp="570" pin="2"/><net_sink comp="583" pin=1"/></net>

<net id="591"><net_src comp="96" pin="0"/><net_sink comp="583" pin=2"/></net>

<net id="592"><net_src comp="98" pin="0"/><net_sink comp="583" pin=3"/></net>

<net id="598"><net_src comp="100" pin="0"/><net_sink comp="593" pin=0"/></net>

<net id="599"><net_src comp="570" pin="2"/><net_sink comp="593" pin=1"/></net>

<net id="600"><net_src comp="98" pin="0"/><net_sink comp="593" pin=2"/></net>

<net id="606"><net_src comp="80" pin="0"/><net_sink comp="601" pin=0"/></net>

<net id="607"><net_src comp="102" pin="0"/><net_sink comp="601" pin=2"/></net>

<net id="611"><net_src comp="601" pin="3"/><net_sink comp="608" pin=0"/></net>

<net id="616"><net_src comp="608" pin="1"/><net_sink comp="612" pin=0"/></net>

<net id="617"><net_src comp="583" pin="4"/><net_sink comp="612" pin=1"/></net>

<net id="623"><net_src comp="104" pin="0"/><net_sink comp="618" pin=0"/></net>

<net id="624"><net_src comp="612" pin="2"/><net_sink comp="618" pin=1"/></net>

<net id="625"><net_src comp="106" pin="0"/><net_sink comp="618" pin=2"/></net>

<net id="630"><net_src comp="618" pin="3"/><net_sink comp="626" pin=0"/></net>

<net id="631"><net_src comp="84" pin="0"/><net_sink comp="626" pin=1"/></net>

<net id="636"><net_src comp="593" pin="3"/><net_sink comp="632" pin=0"/></net>

<net id="637"><net_src comp="626" pin="2"/><net_sink comp="632" pin=1"/></net>

<net id="644"><net_src comp="108" pin="0"/><net_sink comp="638" pin=0"/></net>

<net id="645"><net_src comp="560" pin="2"/><net_sink comp="638" pin=1"/></net>

<net id="646"><net_src comp="110" pin="0"/><net_sink comp="638" pin=2"/></net>

<net id="647"><net_src comp="92" pin="0"/><net_sink comp="638" pin=3"/></net>

<net id="652"><net_src comp="638" pin="4"/><net_sink comp="648" pin=0"/></net>

<net id="653"><net_src comp="112" pin="0"/><net_sink comp="648" pin=1"/></net>

<net id="660"><net_src comp="114" pin="0"/><net_sink comp="654" pin=0"/></net>

<net id="661"><net_src comp="560" pin="2"/><net_sink comp="654" pin=1"/></net>

<net id="662"><net_src comp="116" pin="0"/><net_sink comp="654" pin=2"/></net>

<net id="663"><net_src comp="92" pin="0"/><net_sink comp="654" pin=3"/></net>

<net id="668"><net_src comp="654" pin="4"/><net_sink comp="664" pin=0"/></net>

<net id="669"><net_src comp="118" pin="0"/><net_sink comp="664" pin=1"/></net>

<net id="674"><net_src comp="654" pin="4"/><net_sink comp="670" pin=0"/></net>

<net id="675"><net_src comp="120" pin="0"/><net_sink comp="670" pin=1"/></net>

<net id="681"><net_src comp="632" pin="2"/><net_sink comp="676" pin=0"/></net>

<net id="682"><net_src comp="664" pin="2"/><net_sink comp="676" pin=1"/></net>

<net id="683"><net_src comp="670" pin="2"/><net_sink comp="676" pin=2"/></net>

<net id="689"><net_src comp="122" pin="0"/><net_sink comp="684" pin=0"/></net>

<net id="690"><net_src comp="565" pin="2"/><net_sink comp="684" pin=1"/></net>

<net id="691"><net_src comp="116" pin="0"/><net_sink comp="684" pin=2"/></net>

<net id="696"><net_src comp="684" pin="3"/><net_sink comp="692" pin=0"/></net>

<net id="697"><net_src comp="84" pin="0"/><net_sink comp="692" pin=1"/></net>

<net id="702"><net_src comp="648" pin="2"/><net_sink comp="698" pin=0"/></net>

<net id="703"><net_src comp="692" pin="2"/><net_sink comp="698" pin=1"/></net>

<net id="709"><net_src comp="632" pin="2"/><net_sink comp="704" pin=0"/></net>

<net id="710"><net_src comp="698" pin="2"/><net_sink comp="704" pin=1"/></net>

<net id="711"><net_src comp="664" pin="2"/><net_sink comp="704" pin=2"/></net>

<net id="716"><net_src comp="676" pin="3"/><net_sink comp="712" pin=0"/></net>

<net id="717"><net_src comp="84" pin="0"/><net_sink comp="712" pin=1"/></net>

<net id="722"><net_src comp="618" pin="3"/><net_sink comp="718" pin=0"/></net>

<net id="723"><net_src comp="712" pin="2"/><net_sink comp="718" pin=1"/></net>

<net id="728"><net_src comp="575" pin="3"/><net_sink comp="724" pin=0"/></net>

<net id="729"><net_src comp="84" pin="0"/><net_sink comp="724" pin=1"/></net>

<net id="734"><net_src comp="718" pin="2"/><net_sink comp="730" pin=0"/></net>

<net id="735"><net_src comp="724" pin="2"/><net_sink comp="730" pin=1"/></net>

<net id="740"><net_src comp="704" pin="3"/><net_sink comp="736" pin=0"/></net>

<net id="741"><net_src comp="84" pin="0"/><net_sink comp="736" pin=1"/></net>

<net id="746"><net_src comp="626" pin="2"/><net_sink comp="742" pin=0"/></net>

<net id="747"><net_src comp="736" pin="2"/><net_sink comp="742" pin=1"/></net>

<net id="756"><net_src comp="748" pin="2"/><net_sink comp="752" pin=0"/></net>

<net id="761"><net_src comp="752" pin="2"/><net_sink comp="757" pin=0"/></net>

<net id="767"><net_src comp="124" pin="0"/><net_sink comp="762" pin=1"/></net>

<net id="768"><net_src comp="126" pin="0"/><net_sink comp="762" pin=2"/></net>

<net id="773"><net_src comp="757" pin="2"/><net_sink comp="769" pin=1"/></net>

<net id="779"><net_src comp="769" pin="2"/><net_sink comp="774" pin=0"/></net>

<net id="780"><net_src comp="762" pin="3"/><net_sink comp="774" pin=1"/></net>

<net id="781"><net_src comp="774" pin="3"/><net_sink comp="211" pin=1"/></net>

<net id="786"><net_src comp="319" pin="1"/><net_sink comp="782" pin=0"/></net>

<net id="787"><net_src comp="315" pin="1"/><net_sink comp="782" pin=1"/></net>

<net id="788"><net_src comp="782" pin="2"/><net_sink comp="323" pin=1"/></net>

<net id="792"><net_src comp="128" pin="1"/><net_sink comp="789" pin=0"/></net>

<net id="793"><net_src comp="789" pin="1"/><net_sink comp="238" pin=1"/></net>

<net id="794"><net_src comp="789" pin="1"/><net_sink comp="330" pin=0"/></net>

<net id="795"><net_src comp="789" pin="1"/><net_sink comp="546" pin=1"/></net>

<net id="799"><net_src comp="132" pin="1"/><net_sink comp="796" pin=0"/></net>

<net id="800"><net_src comp="796" pin="1"/><net_sink comp="233" pin=1"/></net>

<net id="801"><net_src comp="796" pin="1"/><net_sink comp="243" pin=0"/></net>

<net id="802"><net_src comp="796" pin="1"/><net_sink comp="294" pin=1"/></net>

<net id="806"><net_src comp="136" pin="2"/><net_sink comp="803" pin=0"/></net>

<net id="807"><net_src comp="803" pin="1"/><net_sink comp="570" pin=0"/></net>

<net id="811"><net_src comp="216" pin="1"/><net_sink comp="808" pin=0"/></net>

<net id="812"><net_src comp="808" pin="1"/><net_sink comp="565" pin=0"/></net>

<net id="816"><net_src comp="220" pin="1"/><net_sink comp="813" pin=0"/></net>

<net id="817"><net_src comp="813" pin="1"/><net_sink comp="560" pin=0"/></net>

<net id="821"><net_src comp="178" pin="3"/><net_sink comp="818" pin=0"/></net>

<net id="822"><net_src comp="818" pin="1"/><net_sink comp="211" pin=0"/></net>

<net id="826"><net_src comp="246" pin="2"/><net_sink comp="823" pin=0"/></net>

<net id="830"><net_src comp="185" pin="3"/><net_sink comp="827" pin=0"/></net>

<net id="831"><net_src comp="827" pin="1"/><net_sink comp="205" pin=0"/></net>

<net id="835"><net_src comp="192" pin="3"/><net_sink comp="832" pin=0"/></net>

<net id="836"><net_src comp="832" pin="1"/><net_sink comp="199" pin=0"/></net>

<net id="840"><net_src comp="288" pin="2"/><net_sink comp="837" pin=0"/></net>

<net id="844"><net_src comp="315" pin="1"/><net_sink comp="841" pin=0"/></net>

<net id="845"><net_src comp="841" pin="1"/><net_sink comp="782" pin=1"/></net>

<net id="849"><net_src comp="319" pin="1"/><net_sink comp="846" pin=0"/></net>

<net id="850"><net_src comp="846" pin="1"/><net_sink comp="782" pin=0"/></net>

<net id="854"><net_src comp="782" pin="2"/><net_sink comp="851" pin=0"/></net>

<net id="855"><net_src comp="851" pin="1"/><net_sink comp="345" pin=0"/></net>

<net id="856"><net_src comp="851" pin="1"/><net_sink comp="348" pin=0"/></net>

<net id="860"><net_src comp="323" pin="3"/><net_sink comp="857" pin=0"/></net>

<net id="861"><net_src comp="857" pin="1"/><net_sink comp="389" pin=0"/></net>

<net id="865"><net_src comp="538" pin="3"/><net_sink comp="862" pin=0"/></net>

<net id="866"><net_src comp="862" pin="1"/><net_sink comp="551" pin=0"/></net>

<net id="867"><net_src comp="862" pin="1"/><net_sink comp="554" pin=0"/></net>

<net id="868"><net_src comp="862" pin="1"/><net_sink comp="557" pin=0"/></net>

<net id="869"><net_src comp="862" pin="1"/><net_sink comp="601" pin=1"/></net>

<net id="873"><net_src comp="575" pin="3"/><net_sink comp="870" pin=0"/></net>

<net id="874"><net_src comp="870" pin="1"/><net_sink comp="757" pin=1"/></net>

<net id="878"><net_src comp="612" pin="2"/><net_sink comp="875" pin=0"/></net>

<net id="879"><net_src comp="875" pin="1"/><net_sink comp="774" pin=2"/></net>

<net id="883"><net_src comp="632" pin="2"/><net_sink comp="880" pin=0"/></net>

<net id="884"><net_src comp="880" pin="1"/><net_sink comp="748" pin=0"/></net>

<net id="888"><net_src comp="664" pin="2"/><net_sink comp="885" pin=0"/></net>

<net id="889"><net_src comp="885" pin="1"/><net_sink comp="748" pin=1"/></net>

<net id="893"><net_src comp="730" pin="2"/><net_sink comp="890" pin=0"/></net>

<net id="894"><net_src comp="890" pin="1"/><net_sink comp="762" pin=0"/></net>

<net id="895"><net_src comp="890" pin="1"/><net_sink comp="769" pin=0"/></net>

<net id="899"><net_src comp="742" pin="2"/><net_sink comp="896" pin=0"/></net>

<net id="900"><net_src comp="896" pin="1"/><net_sink comp="752" pin=1"/></net>

</net_list>

</model> 
---------------- Datapath Model END ------------------

* FSMD analyzer results:
  - Output states:
	Port: residual2_V | {8 }
 - Input state : 
	Port: unsw_linear_transformer_Pipeline_VITIS_LOOP_261_32 : sext_ln260 | {1 }
	Port: unsw_linear_transformer_Pipeline_VITIS_LOOP_261_32 : add_ln837_14 | {1 }
	Port: unsw_linear_transformer_Pipeline_VITIS_LOOP_261_32 : zext_ln837_17 | {1 }
	Port: unsw_linear_transformer_Pipeline_VITIS_LOOP_261_32 : zext_ln837_16 | {1 }
	Port: unsw_linear_transformer_Pipeline_VITIS_LOOP_261_32 : feedforward_hidden_V | {1 2 }
	Port: unsw_linear_transformer_Pipeline_VITIS_LOOP_261_32 : sext_ln813_7 | {1 }
	Port: unsw_linear_transformer_Pipeline_VITIS_LOOP_261_32 : sext_ln1347_28 | {1 }
	Port: unsw_linear_transformer_Pipeline_VITIS_LOOP_261_32 : lhs_20 | {1 }
	Port: unsw_linear_transformer_Pipeline_VITIS_LOOP_261_32 : LAYERS_0_FEEDFORWARD_3_WEIGHT_V | {1 2 }
  - Chain level:
	State 1
		store_ln0 : 1
		store_ln0 : 1
		input_feature_1 : 1
		residual2_V_addr : 1
		icmp_ln261 : 2
		add_ln261 : 2
		br_ln261 : 3
		zext_ln837 : 2
		zext_ln837_2 : 2
		add_ln837 : 3
		zext_ln837_3 : 4
		LAYERS_0_FEEDFORWARD_3_WEIGHT_V_addr : 5
		add_ln837_1 : 3
		zext_ln837_4 : 4
		feedforward_hidden_V_addr : 5
		feedforward_hidden_V_load : 6
		LAYERS_0_FEEDFORWARD_3_WEIGHT_V_load : 6
		icmp_ln261_1 : 3
		br_ln261 : 4
		store_ln261 : 3
	State 2
		r_V : 1
		shl_ln838_3 : 1
		zext_ln1270 : 2
		sext_ln1273 : 2
		r_V_4 : 3
	State 3
	State 4
	State 5
		tmp : 1
	State 6
		lhs : 1
		sext_ln1347 : 2
		ret_V : 3
		add_ln1347_2 : 2
		p_Result_s : 4
		sum_V_4 : 3
		p_Result_15 : 3
		sum_V_5 : 4
		p_Result_16 : 5
		xor_ln896 : 6
		carry_4 : 6
		Range2_all_ones_3 : 4
		xor_ln888 : 4
		or_ln888 : 6
		deleted_zeros : 6
		tmp_19 : 4
		xor_ln890 : 5
		or_ln890 : 6
		deleted_ones : 6
		and_ln891 : 6
		xor_ln895 : 6
		or_ln895 : 6
		xor_ln895_4 : 5
		overflow : 6
		xor_ln896_5 : 6
		or_ln896 : 6
		xor_ln896_6 : 6
		underflow : 6
		select_ln346 : 6
		or_ln346 : 6
		sum_V : 6
		store_ln346 : 7
	State 7
		ret_V_1 : 1
		add_ln1347_3 : 1
		add_ln1347_4 : 1
		p_Result_17 : 2
		p_Val2_13 : 2
		p_Result_18 : 2
		zext_ln377_1 : 1
		p_Val2_14 : 3
		p_Result_19 : 4
		xor_ln896_7 : 5
		carry_6 : 5
		tmp_s : 2
		Range2_all_ones : 3
		tmp_3 : 2
		Range1_all_ones_4 : 3
		Range1_all_zeros : 3
		deleted_zeros_1 : 5
		tmp_24 : 2
		xor_ln890_1 : 3
		and_ln890 : 3
		deleted_ones_3 : 5
		xor_ln895_5 : 6
		or_ln895_1 : 6
		xor_ln895_6 : 3
		overflow_2 : 6
		xor_ln896_8 : 6
		or_ln896_1 : 6
	State 8
		store_ln266 : 1


============================================================
+ Verbose Summary: Datapath Resource usage 
============================================================

* Functional unit list:
|----------|---------------------------------|---------|---------|---------|
| Operation|         Functional Unit         |   DSP   |    FF   |   LUT   |
|----------|---------------------------------|---------|---------|---------|
|          |         add_ln261_fu_252        |    0    |    0    |    14   |
|          |         add_ln837_fu_266        |    0    |    0    |    14   |
|          |        add_ln837_1_fu_277       |    0    |    0    |    15   |
|          |           ret_V_fu_351          |    0    |    0    |    45   |
|    add   |       add_ln1347_2_fu_357       |    0    |    0    |    45   |
|          |          sum_V_5_fu_392         |    0    |    0    |    31   |
|          |          ret_V_1_fu_560         |    0    |    0    |    31   |
|          |       add_ln1347_3_fu_565       |    0    |    0    |    28   |
|          |       add_ln1347_4_fu_570       |    0    |    0    |    27   |
|          |         p_Val2_14_fu_612        |    0    |    0    |    23   |
|----------|---------------------------------|---------|---------|---------|
|          |       select_ln346_fu_524       |    0    |    0    |    24   |
|          |           sum_V_fu_538          |    0    |    0    |    24   |
|  select  |      deleted_zeros_1_fu_676     |    0    |    0    |    2    |
|          |      deleted_ones_3_fu_704      |    0    |    0    |    2    |
|          |      select_ln346_5_fu_762      |    0    |    0    |    16   |
|          |      select_ln346_6_fu_774      |    0    |    0    |    16   |
|----------|---------------------------------|---------|---------|---------|
|          |        icmp_ln261_fu_246        |    0    |    0    |    10   |
|          |       icmp_ln261_1_fu_288       |    0    |    0    |    10   |
|   icmp   |      Range2_all_ones_fu_648     |    0    |    0    |    9    |
|          |     Range1_all_ones_4_fu_664    |    0    |    0    |    9    |
|          |     Range1_all_zeros_fu_670     |    0    |    0    |    9    |
|----------|---------------------------------|---------|---------|---------|
|          |         xor_ln896_fu_406        |    0    |    0    |    2    |
|          |         xor_ln888_fu_426        |    0    |    0    |    2    |
|          |       deleted_zeros_fu_438      |    0    |    0    |    2    |
|          |         xor_ln890_fu_452        |    0    |    0    |    2    |
|          |         xor_ln895_fu_476        |    0    |    0    |    2    |
|          |        xor_ln895_4_fu_488       |    0    |    0    |    2    |
|    xor   |        xor_ln896_5_fu_500       |    0    |    0    |    2    |
|          |        xor_ln896_6_fu_512       |    0    |    0    |    2    |
|          |        xor_ln896_7_fu_626       |    0    |    0    |    2    |
|          |        xor_ln890_1_fu_692       |    0    |    0    |    2    |
|          |        xor_ln895_5_fu_712       |    0    |    0    |    2    |
|          |        xor_ln895_6_fu_724       |    0    |    0    |    2    |
|          |        xor_ln896_8_fu_736       |    0    |    0    |    2    |
|          |        xor_ln896_9_fu_752       |    0    |    0    |    2    |
|----------|---------------------------------|---------|---------|---------|
|          |          carry_4_fu_412         |    0    |    0    |    2    |
|          |       deleted_ones_fu_464       |    0    |    0    |    2    |
|          |         and_ln891_fu_470        |    0    |    0    |    2    |
|          |         overflow_fu_494         |    0    |    0    |    2    |
|    and   |         underflow_fu_518        |    0    |    0    |    2    |
|          |          carry_6_fu_632         |    0    |    0    |    2    |
|          |         and_ln890_fu_698        |    0    |    0    |    2    |
|          |        overflow_2_fu_730        |    0    |    0    |    2    |
|          |        and_ln891_1_fu_748       |    0    |    0    |    2    |
|          |        underflow_1_fu_757       |    0    |    0    |    2    |
|----------|---------------------------------|---------|---------|---------|
|          |         or_ln888_fu_432         |    0    |    0    |    2    |
|          |         or_ln890_fu_458         |    0    |    0    |    2    |
|          |         or_ln895_fu_482         |    0    |    0    |    2    |
|    or    |         or_ln896_fu_506         |    0    |    0    |    2    |
|          |         or_ln346_fu_532         |    0    |    0    |    2    |
|          |        or_ln895_1_fu_718        |    0    |    0    |    2    |
|          |        or_ln896_1_fu_742        |    0    |    0    |    2    |
|          |        or_ln346_1_fu_769        |    0    |    0    |    2    |
|----------|---------------------------------|---------|---------|---------|
|    mul   |            grp_fu_782           |    1    |    0    |    0    |
|----------|---------------------------------|---------|---------|---------|
|          |     lhs_20_read_read_fu_136     |    0    |    0    |    0    |
|          | sext_ln1347_28_read_read_fu_142 |    0    |    0    |    0    |
|          |  sext_ln813_7_read_read_fu_148  |    0    |    0    |    0    |
|   read   |  zext_ln837_16_read_read_fu_154 |    0    |    0    |    0    |
|          |  zext_ln837_17_read_read_fu_160 |    0    |    0    |    0    |
|          |  add_ln837_14_read_read_fu_166  |    0    |    0    |    0    |
|          |   sext_ln260_read_read_fu_172   |    0    |    0    |    0    |
|----------|---------------------------------|---------|---------|---------|
|          |    sext_ln1347_28_cast_fu_216   |    0    |    0    |    0    |
|          |     sext_ln813_7_cast_fu_220    |    0    |    0    |    0    |
|          |      sext_ln260_cast_fu_229     |    0    |    0    |    0    |
|   sext   |        sext_ln1273_fu_319       |    0    |    0    |    0    |
|          |        sext_ln1347_fu_341       |    0    |    0    |    0    |
|          |       sext_ln1347_4_fu_345      |    0    |    0    |    0    |
|          |       sext_ln1347_5_fu_348      |    0    |    0    |    0    |
|          |        sext_ln813_fu_551        |    0    |    0    |    0    |
|----------|---------------------------------|---------|---------|---------|
|          |     add_ln837_14_cast_fu_224    |    0    |    0    |    0    |
|          |        zext_ln837_fu_258        |    0    |    0    |    0    |
|          |       zext_ln837_2_fu_262       |    0    |    0    |    0    |
|   zext   |       zext_ln837_3_fu_272       |    0    |    0    |    0    |
|          |       zext_ln837_4_fu_283       |    0    |    0    |    0    |
|          |        zext_ln1270_fu_315       |    0    |    0    |    0    |
|          |        zext_ln377_fu_389        |    0    |    0    |    0    |
|          |       zext_ln377_1_fu_608       |    0    |    0    |    0    |
|----------|---------------------------------|---------|---------|---------|
|          |            r_V_fu_299           |    0    |    0    |    0    |
|bitconcatenate|        shl_ln838_3_fu_307       |    0    |    0    |    0    |
|          |            lhs_fu_333           |    0    |    0    |    0    |
|----------|---------------------------------|---------|---------|---------|
|          |            tmp_fu_323           |    0    |    0    |    0    |
|          |        p_Result_s_fu_363        |    0    |    0    |    0    |
|          |        p_Result_15_fu_381       |    0    |    0    |    0    |
|          |        p_Result_16_fu_398       |    0    |    0    |    0    |
|          |     Range2_all_ones_3_fu_418    |    0    |    0    |    0    |
| bitselect|          tmp_19_fu_444          |    0    |    0    |    0    |
|          |        p_Result_17_fu_575       |    0    |    0    |    0    |
|          |        p_Result_18_fu_593       |    0    |    0    |    0    |
|          |          tmp_22_fu_601          |    0    |    0    |    0    |
|          |        p_Result_19_fu_618       |    0    |    0    |    0    |
|          |          tmp_24_fu_684          |    0    |    0    |    0    |
|----------|---------------------------------|---------|---------|---------|
|          |          sum_V_4_fu_371         |    0    |    0    |    0    |
|partselect|         p_Val2_13_fu_583        |    0    |    0    |    0    |
|          |           tmp_s_fu_638          |    0    |    0    |    0    |
|          |           tmp_3_fu_654          |    0    |    0    |    0    |
|----------|---------------------------------|---------|---------|---------|
|   trunc  |       trunc_ln1347_fu_554       |    0    |    0    |    0    |
|          |      trunc_ln1347_1_fu_557      |    0    |    0    |    0    |
|----------|---------------------------------|---------|---------|---------|
|   Total  |                                 |    1    |    0    |   468   |
|----------|---------------------------------|---------|---------|---------|

Memories:
N/A

* Register list:
+--------------------------------------------+--------+
|                                            |   FF   |
+--------------------------------------------+--------+
|LAYERS_0_FEEDFORWARD_3_WEIGHT_V_addr_reg_827|    9   |
|          Range1_all_ones_4_reg_885         |    1   |
|               carry_6_reg_880              |    1   |
|      feedforward_hidden_V_addr_reg_832     |    8   |
|            icmp_ln261_1_reg_837            |    1   |
|             icmp_ln261_reg_823             |    1   |
|            input_feature_reg_796           |    6   |
|             lhs_20_read_reg_803            |   20   |
|             or_ln896_1_reg_896             |    1   |
|             overflow_2_reg_890             |    1   |
|             p_Result_17_reg_870            |    1   |
|              p_Val2_14_reg_875             |   16   |
|                r_V_4_reg_851               |   33   |
|          residual2_V_addr_reg_818          |    7   |
|                 rhs_reg_789                |   24   |
|             sext_ln1273_reg_846            |   33   |
|         sext_ln1347_28_cast_reg_808        |   21   |
|          sext_ln813_7_cast_reg_813         |   25   |
|                sum_V_reg_862               |   24   |
|                 tmp_reg_857                |    1   |
|             zext_ln1270_reg_841            |   33   |
+--------------------------------------------+--------+
|                    Total                   |   267  |
+--------------------------------------------+--------+

* Multiplexer (MUX) list: 
|-------------------|------|------|------|--------||---------||---------|
|        Comp       |  Pin | Size |  BW  | S x BW ||  Delay  ||   LUT   |
|-------------------|------|------|------|--------||---------||---------|
| grp_access_fu_199 |  p0  |   2  |   8  |   16   ||    9    |
| grp_access_fu_205 |  p0  |   2  |   9  |   18   ||    9    |
|     grp_fu_782    |  p0  |   2  |  14  |   28   ||    9    |
|     grp_fu_782    |  p1  |   2  |  19  |   38   ||    9    |
|-------------------|------|------|------|--------||---------||---------|
|       Total       |      |      |      |   100  ||  6.352  ||    36   |
|-------------------|------|------|------|--------||---------||---------|



* Summary:
+-----------+--------+--------+--------+--------+
|           |   DSP  |  Delay |   FF   |   LUT  |
+-----------+--------+--------+--------+--------+
|  Function |    1   |    -   |    0   |   468  |
|   Memory  |    -   |    -   |    -   |    -   |
|Multiplexer|    -   |    6   |    -   |   36   |
|  Register |    -   |    -   |   267  |    -   |
+-----------+--------+--------+--------+--------+
|   Total   |    1   |    6   |   267  |   504  |
+-----------+--------+--------+--------+--------+
