

================================================================
== Vitis HLS Report for 'layer_norm_1'
================================================================
* Date:           Fri Jul  3 20:13:29 2026

* Version:        2022.2 (Build 3670227 on Oct 13 2022)
* Project:        q16_qksv3_s20_hls
* Solution:       solution1 (Vivado IP Flow Target)
* Product family: zynq
* Target device:  xc7z020-clg400-1


================================================================
== Performance Estimates
================================================================
+ Timing: 
    * Summary: 
    +--------+----------+----------+------------+
    |  Clock |  Target  | Estimated| Uncertainty|
    +--------+----------+----------+------------+
    |ap_clk  |  10.00 ns|  7.256 ns|     2.70 ns|
    +--------+----------+----------+------------+

+ Latency: 
    * Summary: 
    +---------+---------+----------+----------+-----+-----+---------+
    |  Latency (cycles) |  Latency (absolute) |  Interval | Pipeline|
    |   min   |   max   |    min   |    max   | min | max |   Type  |
    +---------+---------+----------+----------+-----+-----+---------+
    |       89|       89|  0.890 us|  0.890 us|   90|   90|      yes|
    +---------+---------+----------+----------+-----+-----+---------+

    + Detail: 
        * Instance: 
        N/A

        * Loop: 
        N/A

============================================================
+ Verbose Summary: Synthesis Manager
============================================================
InlineROM: 1
ExposeGlobal: 0
============================================================
+ Verbose Summary: CDFG Model
============================================================
IsTopModel: 0
ResetActiveHigh: 1
IsCombinational: 0
IsDatapathOnly: 0
HasWiredReturn: 1
HasMFsm: 2
HasVarLatency: 0
IsPipeline: 1
IsRtlPipelined: 0
IsInstanceOverlapped: 0
IsDontTouch: 0
HasImplIP: 0
IsGatedGlobalClock: 0

+ Individual pipeline summary: 
  * Pipeline-0: initiation interval (II) = 90, depth = 90


============================================================
+ Verbose Summary: Schedule
============================================================
* Number of FSM states : 90
* Pipeline : 1
  Pipeline-0 : II = 90, D = 90, States = { 1 2 3 4 5 6 7 8 9 10 11 12 13 14 15 16 17 18 19 20 21 22 23 24 25 26 27 28 29 30 31 32 33 34 35 36 37 38 39 40 41 42 43 44 45 46 47 48 49 50 51 52 53 54 55 56 57 58 59 60 61 62 63 64 65 66 67 68 69 70 71 72 73 74 75 76 77 78 79 80 81 82 83 84 85 86 87 88 89 90 }
* Dataflow Pipeline: 0

* FSM state transitions: 
1 --> 2 
2 --> 3 
3 --> 4 
4 --> 5 
5 --> 6 
6 --> 7 
7 --> 8 
8 --> 9 
9 --> 10 
10 --> 11 
11 --> 12 
12 --> 13 
13 --> 14 
14 --> 15 
15 --> 16 
16 --> 17 
17 --> 18 
18 --> 19 
19 --> 20 
20 --> 21 
21 --> 22 
22 --> 23 
23 --> 24 
24 --> 25 
25 --> 26 
26 --> 27 
27 --> 28 
28 --> 29 
29 --> 30 
30 --> 31 
31 --> 32 
32 --> 33 
33 --> 34 
34 --> 35 
35 --> 36 
36 --> 37 
37 --> 38 
38 --> 39 
39 --> 40 
40 --> 41 
41 --> 42 
42 --> 43 
43 --> 44 
44 --> 45 
45 --> 46 
46 --> 47 
47 --> 48 
48 --> 49 
49 --> 50 
50 --> 51 
51 --> 52 
52 --> 53 
53 --> 54 
54 --> 55 
55 --> 56 
56 --> 57 
57 --> 58 
58 --> 59 
59 --> 60 
60 --> 61 
61 --> 62 
62 --> 63 
63 --> 64 
64 --> 65 
65 --> 66 
66 --> 67 
67 --> 68 
68 --> 69 
69 --> 70 
70 --> 71 
71 --> 72 
72 --> 73 
73 --> 74 
74 --> 75 
75 --> 76 
76 --> 77 
77 --> 78 
78 --> 79 
79 --> 80 
80 --> 81 
81 --> 82 
82 --> 83 
83 --> 84 
84 --> 85 
85 --> 86 
86 --> 87 
87 --> 88 
88 --> 89 
89 --> 90 
90 --> 

* FSM state operations: 

State 1 <SV = 0> <Delay = 3.25>
ST_1 : Operation 91 [1/1] (0.00ns)   --->   "%x_offset_read = read i4 @_ssdm_op_Read.ap_auto.i4, i4 %x_offset"   --->   Operation 91 'read' 'x_offset_read' <Predicate = true> <Delay = 0.00>
ST_1 : Operation 92 [1/1] (0.00ns)   --->   "%tmp_s = bitconcatenate i8 @_ssdm_op_BitConcatenate.i8.i4.i4, i4 %x_offset_read, i4 0"   --->   Operation 92 'bitconcatenate' 'tmp_s' <Predicate = true> <Delay = 0.00>
ST_1 : Operation 93 [1/1] (0.00ns)   --->   "%zext_ln837 = zext i8 %tmp_s"   --->   Operation 93 'zext' 'zext_ln837' <Predicate = true> <Delay = 0.00>
ST_1 : Operation 94 [1/1] (0.00ns)   --->   "%x_addr = getelementptr i16 %x, i64 0, i64 %zext_ln837"   --->   Operation 94 'getelementptr' 'x_addr' <Predicate = true> <Delay = 0.00>
ST_1 : Operation 95 [1/1] (0.00ns)   --->   "%or_ln837 = or i8 %tmp_s, i8 1"   --->   Operation 95 'or' 'or_ln837' <Predicate = true> <Delay = 0.00>
ST_1 : Operation 96 [1/1] (0.00ns)   --->   "%zext_ln837_13 = zext i8 %or_ln837"   --->   Operation 96 'zext' 'zext_ln837_13' <Predicate = true> <Delay = 0.00>
ST_1 : Operation 97 [1/1] (0.00ns)   --->   "%x_addr_1 = getelementptr i16 %x, i64 0, i64 %zext_ln837_13"   --->   Operation 97 'getelementptr' 'x_addr_1' <Predicate = true> <Delay = 0.00>
ST_1 : Operation 98 [2/2] (3.25ns)   --->   "%x_load = load i8 %x_addr"   --->   Operation 98 'load' 'x_load' <Predicate = true> <Delay = 3.25> <CoreInst = "RAM">   --->   Core 82 'RAM' <Latency = 1> <II = 1> <Delay = 3.25> <Storage> <Opcode : 'load' 'store'> <Ports = 2> <Width = 16> <Depth = 208> <RAM>
ST_1 : Operation 99 [2/2] (3.25ns)   --->   "%x_load_1 = load i8 %x_addr_1"   --->   Operation 99 'load' 'x_load_1' <Predicate = true> <Delay = 3.25> <CoreInst = "RAM">   --->   Core 82 'RAM' <Latency = 1> <II = 1> <Delay = 3.25> <Storage> <Opcode : 'load' 'store'> <Ports = 2> <Width = 16> <Depth = 208> <RAM>

State 2 <SV = 1> <Delay = 3.25>
ST_2 : Operation 100 [1/1] (0.00ns)   --->   "%or_ln837_1 = or i8 %tmp_s, i8 2"   --->   Operation 100 'or' 'or_ln837_1' <Predicate = true> <Delay = 0.00>
ST_2 : Operation 101 [1/1] (0.00ns)   --->   "%zext_ln837_14 = zext i8 %or_ln837_1"   --->   Operation 101 'zext' 'zext_ln837_14' <Predicate = true> <Delay = 0.00>
ST_2 : Operation 102 [1/1] (0.00ns)   --->   "%x_addr_2 = getelementptr i16 %x, i64 0, i64 %zext_ln837_14"   --->   Operation 102 'getelementptr' 'x_addr_2' <Predicate = true> <Delay = 0.00>
ST_2 : Operation 103 [1/1] (0.00ns)   --->   "%or_ln837_2 = or i8 %tmp_s, i8 3"   --->   Operation 103 'or' 'or_ln837_2' <Predicate = true> <Delay = 0.00>
ST_2 : Operation 104 [1/1] (0.00ns)   --->   "%zext_ln837_15 = zext i8 %or_ln837_2"   --->   Operation 104 'zext' 'zext_ln837_15' <Predicate = true> <Delay = 0.00>
ST_2 : Operation 105 [1/1] (0.00ns)   --->   "%x_addr_3 = getelementptr i16 %x, i64 0, i64 %zext_ln837_15"   --->   Operation 105 'getelementptr' 'x_addr_3' <Predicate = true> <Delay = 0.00>
ST_2 : Operation 106 [1/2] (3.25ns)   --->   "%x_load = load i8 %x_addr"   --->   Operation 106 'load' 'x_load' <Predicate = true> <Delay = 3.25> <CoreInst = "RAM">   --->   Core 82 'RAM' <Latency = 1> <II = 1> <Delay = 3.25> <Storage> <Opcode : 'load' 'store'> <Ports = 2> <Width = 16> <Depth = 208> <RAM>
ST_2 : Operation 107 [1/2] (3.25ns)   --->   "%x_load_1 = load i8 %x_addr_1"   --->   Operation 107 'load' 'x_load_1' <Predicate = true> <Delay = 3.25> <CoreInst = "RAM">   --->   Core 82 'RAM' <Latency = 1> <II = 1> <Delay = 3.25> <Storage> <Opcode : 'load' 'store'> <Ports = 2> <Width = 16> <Depth = 208> <RAM>
ST_2 : Operation 108 [2/2] (3.25ns)   --->   "%x_load_2 = load i8 %x_addr_2"   --->   Operation 108 'load' 'x_load_2' <Predicate = true> <Delay = 3.25> <CoreInst = "RAM">   --->   Core 82 'RAM' <Latency = 1> <II = 1> <Delay = 3.25> <Storage> <Opcode : 'load' 'store'> <Ports = 2> <Width = 16> <Depth = 208> <RAM>
ST_2 : Operation 109 [2/2] (3.25ns)   --->   "%x_load_3 = load i8 %x_addr_3"   --->   Operation 109 'load' 'x_load_3' <Predicate = true> <Delay = 3.25> <CoreInst = "RAM">   --->   Core 82 'RAM' <Latency = 1> <II = 1> <Delay = 3.25> <Storage> <Opcode : 'load' 'store'> <Ports = 2> <Width = 16> <Depth = 208> <RAM>

State 3 <SV = 2> <Delay = 3.25>
ST_3 : Operation 110 [1/1] (0.00ns)   --->   "%or_ln837_3 = or i8 %tmp_s, i8 4"   --->   Operation 110 'or' 'or_ln837_3' <Predicate = true> <Delay = 0.00>
ST_3 : Operation 111 [1/1] (0.00ns)   --->   "%zext_ln837_16 = zext i8 %or_ln837_3"   --->   Operation 111 'zext' 'zext_ln837_16' <Predicate = true> <Delay = 0.00>
ST_3 : Operation 112 [1/1] (0.00ns)   --->   "%x_addr_4 = getelementptr i16 %x, i64 0, i64 %zext_ln837_16"   --->   Operation 112 'getelementptr' 'x_addr_4' <Predicate = true> <Delay = 0.00>
ST_3 : Operation 113 [1/1] (0.00ns)   --->   "%or_ln837_4 = or i8 %tmp_s, i8 5"   --->   Operation 113 'or' 'or_ln837_4' <Predicate = true> <Delay = 0.00>
ST_3 : Operation 114 [1/1] (0.00ns)   --->   "%zext_ln837_17 = zext i8 %or_ln837_4"   --->   Operation 114 'zext' 'zext_ln837_17' <Predicate = true> <Delay = 0.00>
ST_3 : Operation 115 [1/1] (0.00ns)   --->   "%x_addr_5 = getelementptr i16 %x, i64 0, i64 %zext_ln837_17"   --->   Operation 115 'getelementptr' 'x_addr_5' <Predicate = true> <Delay = 0.00>
ST_3 : Operation 116 [1/2] (3.25ns)   --->   "%x_load_2 = load i8 %x_addr_2"   --->   Operation 116 'load' 'x_load_2' <Predicate = true> <Delay = 3.25> <CoreInst = "RAM">   --->   Core 82 'RAM' <Latency = 1> <II = 1> <Delay = 3.25> <Storage> <Opcode : 'load' 'store'> <Ports = 2> <Width = 16> <Depth = 208> <RAM>
ST_3 : Operation 117 [1/2] (3.25ns)   --->   "%x_load_3 = load i8 %x_addr_3"   --->   Operation 117 'load' 'x_load_3' <Predicate = true> <Delay = 3.25> <CoreInst = "RAM">   --->   Core 82 'RAM' <Latency = 1> <II = 1> <Delay = 3.25> <Storage> <Opcode : 'load' 'store'> <Ports = 2> <Width = 16> <Depth = 208> <RAM>
ST_3 : Operation 118 [2/2] (3.25ns)   --->   "%x_load_4 = load i8 %x_addr_4"   --->   Operation 118 'load' 'x_load_4' <Predicate = true> <Delay = 3.25> <CoreInst = "RAM">   --->   Core 82 'RAM' <Latency = 1> <II = 1> <Delay = 3.25> <Storage> <Opcode : 'load' 'store'> <Ports = 2> <Width = 16> <Depth = 208> <RAM>
ST_3 : Operation 119 [2/2] (3.25ns)   --->   "%x_load_5 = load i8 %x_addr_5"   --->   Operation 119 'load' 'x_load_5' <Predicate = true> <Delay = 3.25> <CoreInst = "RAM">   --->   Core 82 'RAM' <Latency = 1> <II = 1> <Delay = 3.25> <Storage> <Opcode : 'load' 'store'> <Ports = 2> <Width = 16> <Depth = 208> <RAM>

State 4 <SV = 3> <Delay = 3.25>
ST_4 : Operation 120 [1/1] (0.00ns)   --->   "%or_ln837_5 = or i8 %tmp_s, i8 6"   --->   Operation 120 'or' 'or_ln837_5' <Predicate = true> <Delay = 0.00>
ST_4 : Operation 121 [1/1] (0.00ns)   --->   "%zext_ln837_18 = zext i8 %or_ln837_5"   --->   Operation 121 'zext' 'zext_ln837_18' <Predicate = true> <Delay = 0.00>
ST_4 : Operation 122 [1/1] (0.00ns)   --->   "%x_addr_6 = getelementptr i16 %x, i64 0, i64 %zext_ln837_18"   --->   Operation 122 'getelementptr' 'x_addr_6' <Predicate = true> <Delay = 0.00>
ST_4 : Operation 123 [1/1] (0.00ns)   --->   "%or_ln837_6 = or i8 %tmp_s, i8 7"   --->   Operation 123 'or' 'or_ln837_6' <Predicate = true> <Delay = 0.00>
ST_4 : Operation 124 [1/1] (0.00ns)   --->   "%zext_ln837_19 = zext i8 %or_ln837_6"   --->   Operation 124 'zext' 'zext_ln837_19' <Predicate = true> <Delay = 0.00>
ST_4 : Operation 125 [1/1] (0.00ns)   --->   "%x_addr_7 = getelementptr i16 %x, i64 0, i64 %zext_ln837_19"   --->   Operation 125 'getelementptr' 'x_addr_7' <Predicate = true> <Delay = 0.00>
ST_4 : Operation 126 [1/2] (3.25ns)   --->   "%x_load_4 = load i8 %x_addr_4"   --->   Operation 126 'load' 'x_load_4' <Predicate = true> <Delay = 3.25> <CoreInst = "RAM">   --->   Core 82 'RAM' <Latency = 1> <II = 1> <Delay = 3.25> <Storage> <Opcode : 'load' 'store'> <Ports = 2> <Width = 16> <Depth = 208> <RAM>
ST_4 : Operation 127 [1/2] (3.25ns)   --->   "%x_load_5 = load i8 %x_addr_5"   --->   Operation 127 'load' 'x_load_5' <Predicate = true> <Delay = 3.25> <CoreInst = "RAM">   --->   Core 82 'RAM' <Latency = 1> <II = 1> <Delay = 3.25> <Storage> <Opcode : 'load' 'store'> <Ports = 2> <Width = 16> <Depth = 208> <RAM>
ST_4 : Operation 128 [2/2] (3.25ns)   --->   "%x_load_6 = load i8 %x_addr_6"   --->   Operation 128 'load' 'x_load_6' <Predicate = true> <Delay = 3.25> <CoreInst = "RAM">   --->   Core 82 'RAM' <Latency = 1> <II = 1> <Delay = 3.25> <Storage> <Opcode : 'load' 'store'> <Ports = 2> <Width = 16> <Depth = 208> <RAM>
ST_4 : Operation 129 [2/2] (3.25ns)   --->   "%x_load_7 = load i8 %x_addr_7"   --->   Operation 129 'load' 'x_load_7' <Predicate = true> <Delay = 3.25> <CoreInst = "RAM">   --->   Core 82 'RAM' <Latency = 1> <II = 1> <Delay = 3.25> <Storage> <Opcode : 'load' 'store'> <Ports = 2> <Width = 16> <Depth = 208> <RAM>

State 5 <SV = 4> <Delay = 3.25>
ST_5 : Operation 130 [1/1] (0.00ns)   --->   "%or_ln837_7 = or i8 %tmp_s, i8 8"   --->   Operation 130 'or' 'or_ln837_7' <Predicate = true> <Delay = 0.00>
ST_5 : Operation 131 [1/1] (0.00ns)   --->   "%zext_ln837_20 = zext i8 %or_ln837_7"   --->   Operation 131 'zext' 'zext_ln837_20' <Predicate = true> <Delay = 0.00>
ST_5 : Operation 132 [1/1] (0.00ns)   --->   "%x_addr_8 = getelementptr i16 %x, i64 0, i64 %zext_ln837_20"   --->   Operation 132 'getelementptr' 'x_addr_8' <Predicate = true> <Delay = 0.00>
ST_5 : Operation 133 [1/1] (0.00ns)   --->   "%or_ln837_8 = or i8 %tmp_s, i8 9"   --->   Operation 133 'or' 'or_ln837_8' <Predicate = true> <Delay = 0.00>
ST_5 : Operation 134 [1/1] (0.00ns)   --->   "%zext_ln837_21 = zext i8 %or_ln837_8"   --->   Operation 134 'zext' 'zext_ln837_21' <Predicate = true> <Delay = 0.00>
ST_5 : Operation 135 [1/1] (0.00ns)   --->   "%x_addr_9 = getelementptr i16 %x, i64 0, i64 %zext_ln837_21"   --->   Operation 135 'getelementptr' 'x_addr_9' <Predicate = true> <Delay = 0.00>
ST_5 : Operation 136 [1/2] (3.25ns)   --->   "%x_load_6 = load i8 %x_addr_6"   --->   Operation 136 'load' 'x_load_6' <Predicate = true> <Delay = 3.25> <CoreInst = "RAM">   --->   Core 82 'RAM' <Latency = 1> <II = 1> <Delay = 3.25> <Storage> <Opcode : 'load' 'store'> <Ports = 2> <Width = 16> <Depth = 208> <RAM>
ST_5 : Operation 137 [1/2] (3.25ns)   --->   "%x_load_7 = load i8 %x_addr_7"   --->   Operation 137 'load' 'x_load_7' <Predicate = true> <Delay = 3.25> <CoreInst = "RAM">   --->   Core 82 'RAM' <Latency = 1> <II = 1> <Delay = 3.25> <Storage> <Opcode : 'load' 'store'> <Ports = 2> <Width = 16> <Depth = 208> <RAM>
ST_5 : Operation 138 [2/2] (3.25ns)   --->   "%x_load_8 = load i8 %x_addr_8"   --->   Operation 138 'load' 'x_load_8' <Predicate = true> <Delay = 3.25> <CoreInst = "RAM">   --->   Core 82 'RAM' <Latency = 1> <II = 1> <Delay = 3.25> <Storage> <Opcode : 'load' 'store'> <Ports = 2> <Width = 16> <Depth = 208> <RAM>
ST_5 : Operation 139 [2/2] (3.25ns)   --->   "%x_load_9 = load i8 %x_addr_9"   --->   Operation 139 'load' 'x_load_9' <Predicate = true> <Delay = 3.25> <CoreInst = "RAM">   --->   Core 82 'RAM' <Latency = 1> <II = 1> <Delay = 3.25> <Storage> <Opcode : 'load' 'store'> <Ports = 2> <Width = 16> <Depth = 208> <RAM>

State 6 <SV = 5> <Delay = 3.25>
ST_6 : Operation 140 [1/1] (0.00ns)   --->   "%or_ln837_9 = or i8 %tmp_s, i8 10"   --->   Operation 140 'or' 'or_ln837_9' <Predicate = true> <Delay = 0.00>
ST_6 : Operation 141 [1/1] (0.00ns)   --->   "%zext_ln837_22 = zext i8 %or_ln837_9"   --->   Operation 141 'zext' 'zext_ln837_22' <Predicate = true> <Delay = 0.00>
ST_6 : Operation 142 [1/1] (0.00ns)   --->   "%x_addr_10 = getelementptr i16 %x, i64 0, i64 %zext_ln837_22"   --->   Operation 142 'getelementptr' 'x_addr_10' <Predicate = true> <Delay = 0.00>
ST_6 : Operation 143 [1/1] (0.00ns)   --->   "%or_ln837_10 = or i8 %tmp_s, i8 11"   --->   Operation 143 'or' 'or_ln837_10' <Predicate = true> <Delay = 0.00>
ST_6 : Operation 144 [1/1] (0.00ns)   --->   "%zext_ln837_23 = zext i8 %or_ln837_10"   --->   Operation 144 'zext' 'zext_ln837_23' <Predicate = true> <Delay = 0.00>
ST_6 : Operation 145 [1/1] (0.00ns)   --->   "%x_addr_11 = getelementptr i16 %x, i64 0, i64 %zext_ln837_23"   --->   Operation 145 'getelementptr' 'x_addr_11' <Predicate = true> <Delay = 0.00>
ST_6 : Operation 146 [1/2] (3.25ns)   --->   "%x_load_8 = load i8 %x_addr_8"   --->   Operation 146 'load' 'x_load_8' <Predicate = true> <Delay = 3.25> <CoreInst = "RAM">   --->   Core 82 'RAM' <Latency = 1> <II = 1> <Delay = 3.25> <Storage> <Opcode : 'load' 'store'> <Ports = 2> <Width = 16> <Depth = 208> <RAM>
ST_6 : Operation 147 [1/2] (3.25ns)   --->   "%x_load_9 = load i8 %x_addr_9"   --->   Operation 147 'load' 'x_load_9' <Predicate = true> <Delay = 3.25> <CoreInst = "RAM">   --->   Core 82 'RAM' <Latency = 1> <II = 1> <Delay = 3.25> <Storage> <Opcode : 'load' 'store'> <Ports = 2> <Width = 16> <Depth = 208> <RAM>
ST_6 : Operation 148 [2/2] (3.25ns)   --->   "%x_load_10 = load i8 %x_addr_10"   --->   Operation 148 'load' 'x_load_10' <Predicate = true> <Delay = 3.25> <CoreInst = "RAM">   --->   Core 82 'RAM' <Latency = 1> <II = 1> <Delay = 3.25> <Storage> <Opcode : 'load' 'store'> <Ports = 2> <Width = 16> <Depth = 208> <RAM>
ST_6 : Operation 149 [2/2] (3.25ns)   --->   "%x_load_11 = load i8 %x_addr_11"   --->   Operation 149 'load' 'x_load_11' <Predicate = true> <Delay = 3.25> <CoreInst = "RAM">   --->   Core 82 'RAM' <Latency = 1> <II = 1> <Delay = 3.25> <Storage> <Opcode : 'load' 'store'> <Ports = 2> <Width = 16> <Depth = 208> <RAM>

State 7 <SV = 6> <Delay = 3.25>
ST_7 : Operation 150 [1/1] (0.00ns)   --->   "%or_ln837_11 = or i8 %tmp_s, i8 12"   --->   Operation 150 'or' 'or_ln837_11' <Predicate = true> <Delay = 0.00>
ST_7 : Operation 151 [1/1] (0.00ns)   --->   "%zext_ln837_24 = zext i8 %or_ln837_11"   --->   Operation 151 'zext' 'zext_ln837_24' <Predicate = true> <Delay = 0.00>
ST_7 : Operation 152 [1/1] (0.00ns)   --->   "%x_addr_12 = getelementptr i16 %x, i64 0, i64 %zext_ln837_24"   --->   Operation 152 'getelementptr' 'x_addr_12' <Predicate = true> <Delay = 0.00>
ST_7 : Operation 153 [1/1] (0.00ns)   --->   "%or_ln837_12 = or i8 %tmp_s, i8 13"   --->   Operation 153 'or' 'or_ln837_12' <Predicate = true> <Delay = 0.00>
ST_7 : Operation 154 [1/1] (0.00ns)   --->   "%zext_ln837_25 = zext i8 %or_ln837_12"   --->   Operation 154 'zext' 'zext_ln837_25' <Predicate = true> <Delay = 0.00>
ST_7 : Operation 155 [1/1] (0.00ns)   --->   "%x_addr_13 = getelementptr i16 %x, i64 0, i64 %zext_ln837_25"   --->   Operation 155 'getelementptr' 'x_addr_13' <Predicate = true> <Delay = 0.00>
ST_7 : Operation 156 [1/2] (3.25ns)   --->   "%x_load_10 = load i8 %x_addr_10"   --->   Operation 156 'load' 'x_load_10' <Predicate = true> <Delay = 3.25> <CoreInst = "RAM">   --->   Core 82 'RAM' <Latency = 1> <II = 1> <Delay = 3.25> <Storage> <Opcode : 'load' 'store'> <Ports = 2> <Width = 16> <Depth = 208> <RAM>
ST_7 : Operation 157 [1/2] (3.25ns)   --->   "%x_load_11 = load i8 %x_addr_11"   --->   Operation 157 'load' 'x_load_11' <Predicate = true> <Delay = 3.25> <CoreInst = "RAM">   --->   Core 82 'RAM' <Latency = 1> <II = 1> <Delay = 3.25> <Storage> <Opcode : 'load' 'store'> <Ports = 2> <Width = 16> <Depth = 208> <RAM>
ST_7 : Operation 158 [2/2] (3.25ns)   --->   "%x_load_12 = load i8 %x_addr_12"   --->   Operation 158 'load' 'x_load_12' <Predicate = true> <Delay = 3.25> <CoreInst = "RAM">   --->   Core 82 'RAM' <Latency = 1> <II = 1> <Delay = 3.25> <Storage> <Opcode : 'load' 'store'> <Ports = 2> <Width = 16> <Depth = 208> <RAM>
ST_7 : Operation 159 [2/2] (3.25ns)   --->   "%x_load_13 = load i8 %x_addr_13"   --->   Operation 159 'load' 'x_load_13' <Predicate = true> <Delay = 3.25> <CoreInst = "RAM">   --->   Core 82 'RAM' <Latency = 1> <II = 1> <Delay = 3.25> <Storage> <Opcode : 'load' 'store'> <Ports = 2> <Width = 16> <Depth = 208> <RAM>

State 8 <SV = 7> <Delay = 3.25>
ST_8 : Operation 160 [1/1] (0.00ns)   --->   "%or_ln837_13 = or i8 %tmp_s, i8 14"   --->   Operation 160 'or' 'or_ln837_13' <Predicate = true> <Delay = 0.00>
ST_8 : Operation 161 [1/1] (0.00ns)   --->   "%zext_ln837_26 = zext i8 %or_ln837_13"   --->   Operation 161 'zext' 'zext_ln837_26' <Predicate = true> <Delay = 0.00>
ST_8 : Operation 162 [1/1] (0.00ns)   --->   "%x_addr_14 = getelementptr i16 %x, i64 0, i64 %zext_ln837_26"   --->   Operation 162 'getelementptr' 'x_addr_14' <Predicate = true> <Delay = 0.00>
ST_8 : Operation 163 [1/1] (0.00ns)   --->   "%or_ln837_14 = or i8 %tmp_s, i8 15"   --->   Operation 163 'or' 'or_ln837_14' <Predicate = true> <Delay = 0.00>
ST_8 : Operation 164 [1/1] (0.00ns)   --->   "%zext_ln837_27 = zext i8 %or_ln837_14"   --->   Operation 164 'zext' 'zext_ln837_27' <Predicate = true> <Delay = 0.00>
ST_8 : Operation 165 [1/1] (0.00ns)   --->   "%x_addr_15 = getelementptr i16 %x, i64 0, i64 %zext_ln837_27"   --->   Operation 165 'getelementptr' 'x_addr_15' <Predicate = true> <Delay = 0.00>
ST_8 : Operation 166 [1/2] (3.25ns)   --->   "%x_load_12 = load i8 %x_addr_12"   --->   Operation 166 'load' 'x_load_12' <Predicate = true> <Delay = 3.25> <CoreInst = "RAM">   --->   Core 82 'RAM' <Latency = 1> <II = 1> <Delay = 3.25> <Storage> <Opcode : 'load' 'store'> <Ports = 2> <Width = 16> <Depth = 208> <RAM>
ST_8 : Operation 167 [1/2] (3.25ns)   --->   "%x_load_13 = load i8 %x_addr_13"   --->   Operation 167 'load' 'x_load_13' <Predicate = true> <Delay = 3.25> <CoreInst = "RAM">   --->   Core 82 'RAM' <Latency = 1> <II = 1> <Delay = 3.25> <Storage> <Opcode : 'load' 'store'> <Ports = 2> <Width = 16> <Depth = 208> <RAM>
ST_8 : Operation 168 [2/2] (3.25ns)   --->   "%x_load_14 = load i8 %x_addr_14"   --->   Operation 168 'load' 'x_load_14' <Predicate = true> <Delay = 3.25> <CoreInst = "RAM">   --->   Core 82 'RAM' <Latency = 1> <II = 1> <Delay = 3.25> <Storage> <Opcode : 'load' 'store'> <Ports = 2> <Width = 16> <Depth = 208> <RAM>
ST_8 : Operation 169 [2/2] (3.25ns)   --->   "%x_load_15 = load i8 %x_addr_15"   --->   Operation 169 'load' 'x_load_15' <Predicate = true> <Delay = 3.25> <CoreInst = "RAM">   --->   Core 82 'RAM' <Latency = 1> <II = 1> <Delay = 3.25> <Storage> <Opcode : 'load' 'store'> <Ports = 2> <Width = 16> <Depth = 208> <RAM>

State 9 <SV = 8> <Delay = 3.25>
ST_9 : Operation 170 [1/2] (3.25ns)   --->   "%x_load_14 = load i8 %x_addr_14"   --->   Operation 170 'load' 'x_load_14' <Predicate = true> <Delay = 3.25> <CoreInst = "RAM">   --->   Core 82 'RAM' <Latency = 1> <II = 1> <Delay = 3.25> <Storage> <Opcode : 'load' 'store'> <Ports = 2> <Width = 16> <Depth = 208> <RAM>
ST_9 : Operation 171 [1/2] (3.25ns)   --->   "%x_load_15 = load i8 %x_addr_15"   --->   Operation 171 'load' 'x_load_15' <Predicate = true> <Delay = 3.25> <CoreInst = "RAM">   --->   Core 82 'RAM' <Latency = 1> <II = 1> <Delay = 3.25> <Storage> <Opcode : 'load' 'store'> <Ports = 2> <Width = 16> <Depth = 208> <RAM>

State 10 <SV = 9> <Delay = 6.67>
ST_10 : Operation 172 [1/1] (0.00ns)   --->   "%shl_ln = bitconcatenate i20 @_ssdm_op_BitConcatenate.i20.i16.i4, i16 %x_load, i4 0"   --->   Operation 172 'bitconcatenate' 'shl_ln' <Predicate = true> <Delay = 0.00>
ST_10 : Operation 173 [1/1] (0.00ns)   --->   "%sext_ln837 = sext i20 %shl_ln"   --->   Operation 173 'sext' 'sext_ln837' <Predicate = true> <Delay = 0.00>
ST_10 : Operation 174 [1/1] (0.00ns)   --->   "%shl_ln813_1 = bitconcatenate i20 @_ssdm_op_BitConcatenate.i20.i16.i4, i16 %x_load_1, i4 0"   --->   Operation 174 'bitconcatenate' 'shl_ln813_1' <Predicate = true> <Delay = 0.00>
ST_10 : Operation 175 [1/1] (0.00ns)   --->   "%sext_ln837_1 = sext i20 %shl_ln813_1"   --->   Operation 175 'sext' 'sext_ln837_1' <Predicate = true> <Delay = 0.00>
ST_10 : Operation 176 [1/1] (0.00ns)   --->   "%shl_ln813_2 = bitconcatenate i20 @_ssdm_op_BitConcatenate.i20.i16.i4, i16 %x_load_2, i4 0"   --->   Operation 176 'bitconcatenate' 'shl_ln813_2' <Predicate = true> <Delay = 0.00>
ST_10 : Operation 177 [1/1] (0.00ns)   --->   "%sext_ln837_2 = sext i20 %shl_ln813_2"   --->   Operation 177 'sext' 'sext_ln837_2' <Predicate = true> <Delay = 0.00>
ST_10 : Operation 178 [1/1] (0.00ns)   --->   "%shl_ln813_3 = bitconcatenate i20 @_ssdm_op_BitConcatenate.i20.i16.i4, i16 %x_load_3, i4 0"   --->   Operation 178 'bitconcatenate' 'shl_ln813_3' <Predicate = true> <Delay = 0.00>
ST_10 : Operation 179 [1/1] (0.00ns)   --->   "%sext_ln837_3 = sext i20 %shl_ln813_3"   --->   Operation 179 'sext' 'sext_ln837_3' <Predicate = true> <Delay = 0.00>
ST_10 : Operation 180 [1/1] (0.00ns)   --->   "%shl_ln813_4 = bitconcatenate i20 @_ssdm_op_BitConcatenate.i20.i16.i4, i16 %x_load_4, i4 0"   --->   Operation 180 'bitconcatenate' 'shl_ln813_4' <Predicate = true> <Delay = 0.00>
ST_10 : Operation 181 [1/1] (0.00ns)   --->   "%sext_ln837_4 = sext i20 %shl_ln813_4"   --->   Operation 181 'sext' 'sext_ln837_4' <Predicate = true> <Delay = 0.00>
ST_10 : Operation 182 [1/1] (0.00ns)   --->   "%shl_ln813_5 = bitconcatenate i20 @_ssdm_op_BitConcatenate.i20.i16.i4, i16 %x_load_5, i4 0"   --->   Operation 182 'bitconcatenate' 'shl_ln813_5' <Predicate = true> <Delay = 0.00>
ST_10 : Operation 183 [1/1] (0.00ns)   --->   "%sext_ln837_5 = sext i20 %shl_ln813_5"   --->   Operation 183 'sext' 'sext_ln837_5' <Predicate = true> <Delay = 0.00>
ST_10 : Operation 184 [1/1] (0.00ns)   --->   "%shl_ln813_6 = bitconcatenate i20 @_ssdm_op_BitConcatenate.i20.i16.i4, i16 %x_load_6, i4 0"   --->   Operation 184 'bitconcatenate' 'shl_ln813_6' <Predicate = true> <Delay = 0.00>
ST_10 : Operation 185 [1/1] (0.00ns)   --->   "%sext_ln837_6 = sext i20 %shl_ln813_6"   --->   Operation 185 'sext' 'sext_ln837_6' <Predicate = true> <Delay = 0.00>
ST_10 : Operation 186 [1/1] (0.00ns)   --->   "%shl_ln813_7 = bitconcatenate i20 @_ssdm_op_BitConcatenate.i20.i16.i4, i16 %x_load_7, i4 0"   --->   Operation 186 'bitconcatenate' 'shl_ln813_7' <Predicate = true> <Delay = 0.00>
ST_10 : Operation 187 [1/1] (0.00ns)   --->   "%sext_ln837_7 = sext i20 %shl_ln813_7"   --->   Operation 187 'sext' 'sext_ln837_7' <Predicate = true> <Delay = 0.00>
ST_10 : Operation 188 [1/1] (0.00ns)   --->   "%shl_ln813_8 = bitconcatenate i20 @_ssdm_op_BitConcatenate.i20.i16.i4, i16 %x_load_8, i4 0"   --->   Operation 188 'bitconcatenate' 'shl_ln813_8' <Predicate = true> <Delay = 0.00>
ST_10 : Operation 189 [1/1] (0.00ns)   --->   "%sext_ln837_8 = sext i20 %shl_ln813_8"   --->   Operation 189 'sext' 'sext_ln837_8' <Predicate = true> <Delay = 0.00>
ST_10 : Operation 190 [1/1] (0.00ns)   --->   "%shl_ln813_9 = bitconcatenate i20 @_ssdm_op_BitConcatenate.i20.i16.i4, i16 %x_load_9, i4 0"   --->   Operation 190 'bitconcatenate' 'shl_ln813_9' <Predicate = true> <Delay = 0.00>
ST_10 : Operation 191 [1/1] (0.00ns)   --->   "%sext_ln837_9 = sext i20 %shl_ln813_9"   --->   Operation 191 'sext' 'sext_ln837_9' <Predicate = true> <Delay = 0.00>
ST_10 : Operation 192 [1/1] (0.00ns)   --->   "%shl_ln813_s = bitconcatenate i20 @_ssdm_op_BitConcatenate.i20.i16.i4, i16 %x_load_10, i4 0"   --->   Operation 192 'bitconcatenate' 'shl_ln813_s' <Predicate = true> <Delay = 0.00>
ST_10 : Operation 193 [1/1] (0.00ns)   --->   "%sext_ln837_10 = sext i20 %shl_ln813_s"   --->   Operation 193 'sext' 'sext_ln837_10' <Predicate = true> <Delay = 0.00>
ST_10 : Operation 194 [1/1] (0.00ns)   --->   "%shl_ln813_10 = bitconcatenate i20 @_ssdm_op_BitConcatenate.i20.i16.i4, i16 %x_load_11, i4 0"   --->   Operation 194 'bitconcatenate' 'shl_ln813_10' <Predicate = true> <Delay = 0.00>
ST_10 : Operation 195 [1/1] (0.00ns)   --->   "%sext_ln837_11 = sext i20 %shl_ln813_10"   --->   Operation 195 'sext' 'sext_ln837_11' <Predicate = true> <Delay = 0.00>
ST_10 : Operation 196 [1/1] (0.00ns)   --->   "%shl_ln813_11 = bitconcatenate i20 @_ssdm_op_BitConcatenate.i20.i16.i4, i16 %x_load_12, i4 0"   --->   Operation 196 'bitconcatenate' 'shl_ln813_11' <Predicate = true> <Delay = 0.00>
ST_10 : Operation 197 [1/1] (0.00ns)   --->   "%sext_ln837_12 = sext i20 %shl_ln813_11"   --->   Operation 197 'sext' 'sext_ln837_12' <Predicate = true> <Delay = 0.00>
ST_10 : Operation 198 [1/1] (0.00ns)   --->   "%shl_ln813_12 = bitconcatenate i20 @_ssdm_op_BitConcatenate.i20.i16.i4, i16 %x_load_13, i4 0"   --->   Operation 198 'bitconcatenate' 'shl_ln813_12' <Predicate = true> <Delay = 0.00>
ST_10 : Operation 199 [1/1] (0.00ns)   --->   "%sext_ln837_13 = sext i20 %shl_ln813_12"   --->   Operation 199 'sext' 'sext_ln837_13' <Predicate = true> <Delay = 0.00>
ST_10 : Operation 200 [1/1] (0.00ns)   --->   "%shl_ln813_13 = bitconcatenate i20 @_ssdm_op_BitConcatenate.i20.i16.i4, i16 %x_load_14, i4 0"   --->   Operation 200 'bitconcatenate' 'shl_ln813_13' <Predicate = true> <Delay = 0.00>
ST_10 : Operation 201 [1/1] (0.00ns)   --->   "%sext_ln837_14 = sext i20 %shl_ln813_13"   --->   Operation 201 'sext' 'sext_ln837_14' <Predicate = true> <Delay = 0.00>
ST_10 : Operation 202 [1/1] (0.00ns)   --->   "%shl_ln813_14 = bitconcatenate i20 @_ssdm_op_BitConcatenate.i20.i16.i4, i16 %x_load_15, i4 0"   --->   Operation 202 'bitconcatenate' 'shl_ln813_14' <Predicate = true> <Delay = 0.00>
ST_10 : Operation 203 [1/1] (0.00ns)   --->   "%sext_ln813 = sext i20 %shl_ln813_14"   --->   Operation 203 'sext' 'sext_ln813' <Predicate = true> <Delay = 0.00>
ST_10 : Operation 204 [1/1] (2.19ns)   --->   "%add_ln813 = add i21 %sext_ln837_13, i21 %sext_ln837_14"   --->   Operation 204 'add' 'add_ln813' <Predicate = true> <Delay = 2.19> <CoreInst = "Adder">   --->   Core 1 'Adder' <Latency = 0> <II = 1> <Delay = 2.19> <FuncUnit> <Opcode : 'add' 'sub'> <InPorts = 2> <OutPorts = 1>
ST_10 : Operation 205 [1/1] (0.00ns)   --->   "%sext_ln813_18 = sext i21 %add_ln813"   --->   Operation 205 'sext' 'sext_ln813_18' <Predicate = true> <Delay = 0.00>
ST_10 : Operation 206 [1/1] (2.19ns)   --->   "%add_ln813_2 = add i21 %sext_ln837_12, i21 %sext_ln837_11"   --->   Operation 206 'add' 'add_ln813_2' <Predicate = true> <Delay = 2.19> <CoreInst = "Adder">   --->   Core 1 'Adder' <Latency = 0> <II = 1> <Delay = 2.19> <FuncUnit> <Opcode : 'add' 'sub'> <InPorts = 2> <OutPorts = 1>
ST_10 : Operation 207 [1/1] (0.00ns)   --->   "%sext_ln813_19 = sext i21 %add_ln813_2"   --->   Operation 207 'sext' 'sext_ln813_19' <Predicate = true> <Delay = 0.00>
ST_10 : Operation 208 [1/1] (2.22ns)   --->   "%add_ln813_3 = add i22 %sext_ln813_19, i22 %sext_ln813_18"   --->   Operation 208 'add' 'add_ln813_3' <Predicate = true> <Delay = 2.22> <CoreInst = "Adder">   --->   Core 1 'Adder' <Latency = 0> <II = 1> <Delay = 2.22> <FuncUnit> <Opcode : 'add' 'sub'> <InPorts = 2> <OutPorts = 1>
ST_10 : Operation 209 [1/1] (0.00ns)   --->   "%sext_ln813_20 = sext i22 %add_ln813_3"   --->   Operation 209 'sext' 'sext_ln813_20' <Predicate = true> <Delay = 0.00>
ST_10 : Operation 210 [1/1] (2.19ns)   --->   "%add_ln813_4 = add i21 %sext_ln837_8, i21 %sext_ln837_7"   --->   Operation 210 'add' 'add_ln813_4' <Predicate = true> <Delay = 2.19> <CoreInst = "Adder">   --->   Core 1 'Adder' <Latency = 0> <II = 1> <Delay = 2.19> <FuncUnit> <Opcode : 'add' 'sub'> <InPorts = 2> <OutPorts = 1>
ST_10 : Operation 211 [1/1] (0.00ns)   --->   "%sext_ln813_21 = sext i21 %add_ln813_4"   --->   Operation 211 'sext' 'sext_ln813_21' <Predicate = true> <Delay = 0.00>
ST_10 : Operation 212 [1/1] (2.19ns)   --->   "%add_ln813_5 = add i21 %sext_ln837_10, i21 %sext_ln837_9"   --->   Operation 212 'add' 'add_ln813_5' <Predicate = true> <Delay = 2.19> <CoreInst = "Adder">   --->   Core 1 'Adder' <Latency = 0> <II = 1> <Delay = 2.19> <FuncUnit> <Opcode : 'add' 'sub'> <InPorts = 2> <OutPorts = 1>
ST_10 : Operation 213 [1/1] (0.00ns)   --->   "%sext_ln813_22 = sext i21 %add_ln813_5"   --->   Operation 213 'sext' 'sext_ln813_22' <Predicate = true> <Delay = 0.00>
ST_10 : Operation 214 [1/1] (2.22ns)   --->   "%add_ln813_6 = add i22 %sext_ln813_22, i22 %sext_ln813_21"   --->   Operation 214 'add' 'add_ln813_6' <Predicate = true> <Delay = 2.22> <CoreInst = "Adder">   --->   Core 1 'Adder' <Latency = 0> <II = 1> <Delay = 2.22> <FuncUnit> <Opcode : 'add' 'sub'> <InPorts = 2> <OutPorts = 1>
ST_10 : Operation 215 [1/1] (0.00ns)   --->   "%sext_ln813_23 = sext i22 %add_ln813_6"   --->   Operation 215 'sext' 'sext_ln813_23' <Predicate = true> <Delay = 0.00>
ST_10 : Operation 216 [1/1] (2.25ns)   --->   "%add_ln813_7 = add i23 %sext_ln813_23, i23 %sext_ln813_20"   --->   Operation 216 'add' 'add_ln813_7' <Predicate = true> <Delay = 2.25> <CoreInst = "Adder">   --->   Core 1 'Adder' <Latency = 0> <II = 1> <Delay = 2.25> <FuncUnit> <Opcode : 'add' 'sub'> <InPorts = 2> <OutPorts = 1>
ST_10 : Operation 217 [1/1] (2.19ns)   --->   "%add_ln813_8 = add i21 %sext_ln837_1, i21 %sext_ln837_2"   --->   Operation 217 'add' 'add_ln813_8' <Predicate = true> <Delay = 2.19> <CoreInst = "Adder">   --->   Core 1 'Adder' <Latency = 0> <II = 1> <Delay = 2.19> <FuncUnit> <Opcode : 'add' 'sub'> <InPorts = 2> <OutPorts = 1>
ST_10 : Operation 218 [1/1] (0.00ns)   --->   "%sext_ln813_25 = sext i21 %add_ln813_8"   --->   Operation 218 'sext' 'sext_ln813_25' <Predicate = true> <Delay = 0.00>
ST_10 : Operation 219 [1/1] (2.19ns)   --->   "%add_ln813_9 = add i21 %sext_ln837, i21 %sext_ln837_4"   --->   Operation 219 'add' 'add_ln813_9' <Predicate = true> <Delay = 2.19> <CoreInst = "Adder">   --->   Core 1 'Adder' <Latency = 0> <II = 1> <Delay = 2.19> <FuncUnit> <Opcode : 'add' 'sub'> <InPorts = 2> <OutPorts = 1>
ST_10 : Operation 220 [1/1] (0.00ns)   --->   "%sext_ln813_26 = sext i21 %add_ln813_9"   --->   Operation 220 'sext' 'sext_ln813_26' <Predicate = true> <Delay = 0.00>
ST_10 : Operation 221 [1/1] (2.22ns)   --->   "%add_ln813_10 = add i22 %sext_ln813_26, i22 %sext_ln813_25"   --->   Operation 221 'add' 'add_ln813_10' <Predicate = true> <Delay = 2.22> <CoreInst = "Adder">   --->   Core 1 'Adder' <Latency = 0> <II = 1> <Delay = 2.22> <FuncUnit> <Opcode : 'add' 'sub'> <InPorts = 2> <OutPorts = 1>
ST_10 : Operation 222 [1/1] (0.00ns)   --->   "%sext_ln813_27 = sext i22 %add_ln813_10"   --->   Operation 222 'sext' 'sext_ln813_27' <Predicate = true> <Delay = 0.00>
ST_10 : Operation 223 [1/1] (2.19ns)   --->   "%add_ln813_11 = add i21 %sext_ln837_3, i21 %sext_ln837_6"   --->   Operation 223 'add' 'add_ln813_11' <Predicate = true> <Delay = 2.19> <CoreInst = "Adder">   --->   Core 1 'Adder' <Latency = 0> <II = 1> <Delay = 2.19> <FuncUnit> <Opcode : 'add' 'sub'> <InPorts = 2> <OutPorts = 1>
ST_10 : Operation 224 [1/1] (0.00ns)   --->   "%sext_ln813_28 = sext i21 %add_ln813_11"   --->   Operation 224 'sext' 'sext_ln813_28' <Predicate = true> <Delay = 0.00>
ST_10 : Operation 225 [1/1] (2.19ns)   --->   "%add_ln813_12 = add i21 %sext_ln837_5, i21 %sext_ln813"   --->   Operation 225 'add' 'add_ln813_12' <Predicate = true> <Delay = 2.19> <CoreInst = "Adder">   --->   Core 1 'Adder' <Latency = 0> <II = 1> <Delay = 2.19> <FuncUnit> <Opcode : 'add' 'sub'> <InPorts = 2> <OutPorts = 1>
ST_10 : Operation 226 [1/1] (0.00ns)   --->   "%sext_ln813_29 = sext i21 %add_ln813_12"   --->   Operation 226 'sext' 'sext_ln813_29' <Predicate = true> <Delay = 0.00>
ST_10 : Operation 227 [1/1] (2.22ns)   --->   "%add_ln813_13 = add i22 %sext_ln813_29, i22 %sext_ln813_28"   --->   Operation 227 'add' 'add_ln813_13' <Predicate = true> <Delay = 2.22> <CoreInst = "Adder">   --->   Core 1 'Adder' <Latency = 0> <II = 1> <Delay = 2.22> <FuncUnit> <Opcode : 'add' 'sub'> <InPorts = 2> <OutPorts = 1>
ST_10 : Operation 228 [1/1] (0.00ns)   --->   "%sext_ln813_30 = sext i22 %add_ln813_13"   --->   Operation 228 'sext' 'sext_ln813_30' <Predicate = true> <Delay = 0.00>
ST_10 : Operation 229 [1/1] (2.25ns)   --->   "%add_ln813_14 = add i23 %sext_ln813_30, i23 %sext_ln813_27"   --->   Operation 229 'add' 'add_ln813_14' <Predicate = true> <Delay = 2.25> <CoreInst = "Adder">   --->   Core 1 'Adder' <Latency = 0> <II = 1> <Delay = 2.25> <FuncUnit> <Opcode : 'add' 'sub'> <InPorts = 2> <OutPorts = 1>

State 11 <SV = 10> <Delay = 7.11>
ST_11 : Operation 230 [1/1] (0.00ns)   --->   "%sext_ln813_24 = sext i23 %add_ln813_7"   --->   Operation 230 'sext' 'sext_ln813_24' <Predicate = true> <Delay = 0.00>
ST_11 : Operation 231 [1/1] (0.00ns)   --->   "%sext_ln813_31 = sext i23 %add_ln813_14"   --->   Operation 231 'sext' 'sext_ln813_31' <Predicate = true> <Delay = 0.00>
ST_11 : Operation 232 [1/1] (2.28ns)   --->   "%add_ln813_15 = add i24 %sext_ln813_31, i24 %sext_ln813_24"   --->   Operation 232 'add' 'add_ln813_15' <Predicate = true> <Delay = 2.28> <CoreInst = "Adder">   --->   Core 1 'Adder' <Latency = 0> <II = 1> <Delay = 2.28> <FuncUnit> <Opcode : 'add' 'sub'> <InPorts = 2> <OutPorts = 1>
ST_11 : Operation 233 [1/1] (0.00ns)   --->   "%t = bitconcatenate i34 @_ssdm_op_BitConcatenate.i34.i24.i10, i24 %add_ln813_15, i10 0"   --->   Operation 233 'bitconcatenate' 't' <Predicate = true> <Delay = 0.00>
ST_11 : Operation 234 [1/1] (0.00ns)   --->   "%tmp_23 = bitselect i1 @_ssdm_op_BitSelect.i1.i24.i32, i24 %add_ln813_15, i32 23"   --->   Operation 234 'bitselect' 'tmp_23' <Predicate = true> <Delay = 0.00>
ST_11 : Operation 235 [1/1] (2.63ns)   --->   "%sub_ln1303 = sub i34 0, i34 %t"   --->   Operation 235 'sub' 'sub_ln1303' <Predicate = true> <Delay = 2.63> <CoreInst = "Adder">   --->   Core 1 'Adder' <Latency = 0> <II = 1> <Delay = 2.63> <FuncUnit> <Opcode : 'add' 'sub'> <InPorts = 2> <OutPorts = 1>
ST_11 : Operation 236 [1/1] (0.00ns)   --->   "%trunc_ln1303_2 = partselect i20 @_ssdm_op_PartSelect.i20.i34.i32.i32, i34 %sub_ln1303, i32 14, i32 33"   --->   Operation 236 'partselect' 'trunc_ln1303_2' <Predicate = true> <Delay = 0.00>
ST_11 : Operation 237 [1/1] (2.19ns)   --->   "%sub_ln1303_1 = sub i20 0, i20 %trunc_ln1303_2"   --->   Operation 237 'sub' 'sub_ln1303_1' <Predicate = true> <Delay = 2.19> <CoreInst = "Adder">   --->   Core 1 'Adder' <Latency = 0> <II = 1> <Delay = 2.19> <FuncUnit> <Opcode : 'add' 'sub'> <InPorts = 2> <OutPorts = 1>
ST_11 : Operation 238 [1/1] (0.00ns)   --->   "%tmp_37 = partselect i16 @_ssdm_op_PartSelect.i16.i20.i32.i32, i20 %sub_ln1303_1, i32 4, i32 19"   --->   Operation 238 'partselect' 'tmp_37' <Predicate = true> <Delay = 0.00>
ST_11 : Operation 239 [1/1] (0.00ns)   --->   "%tmp_38 = partselect i16 @_ssdm_op_PartSelect.i16.i24.i32.i32, i24 %add_ln813_15, i32 8, i32 23"   --->   Operation 239 'partselect' 'tmp_38' <Predicate = true> <Delay = 0.00>

State 12 <SV = 11> <Delay = 5.03>
ST_12 : Operation 240 [1/1] (0.80ns)   --->   "%mean = select i1 %tmp_23, i16 %tmp_37, i16 %tmp_38"   --->   Operation 240 'select' 'mean' <Predicate = true> <Delay = 0.80> <CoreInst = "Sel">   --->   Core 73 'Sel' <Latency = 0> <II = 1> <Delay = 0.80> <FuncUnit> <Opcode : 'select'> <InPorts = 3> <OutPorts = 1>
ST_12 : Operation 241 [1/1] (2.07ns)   --->   "%sub_ln813 = sub i16 %x_load, i16 %mean"   --->   Operation 241 'sub' 'sub_ln813' <Predicate = true> <Delay = 2.07> <CoreInst = "Adder">   --->   Core 1 'Adder' <Latency = 0> <II = 1> <Delay = 2.07> <FuncUnit> <Opcode : 'add' 'sub'> <InPorts = 2> <OutPorts = 1>
ST_12 : Operation 242 [1/1] (0.00ns)   --->   "%sext_ln1273 = sext i16 %sub_ln813"   --->   Operation 242 'sext' 'sext_ln1273' <Predicate = true> <Delay = 0.00>
ST_12 : Operation 243 [4/4] (2.15ns) (root node of the DSP)   --->   "%mul_ln818 = mul i30 %sext_ln1273, i30 %sext_ln1273"   --->   Operation 243 'mul' 'mul_ln818' <Predicate = true> <Delay = 2.15> <CoreInst = "DSP48">   --->   Core 119 'DSP48' <Latency = 3> <II = 1> <Delay = 2.15> <IPBlock> <Opcode : 'mul' 'add' 'sub' 'select'> <InPorts = 0> <OutPorts = 1> <Sync> <CReg>

State 13 <SV = 12> <Delay = 3.12>
ST_13 : Operation 244 [3/4] (2.15ns) (root node of the DSP)   --->   "%mul_ln818 = mul i30 %sext_ln1273, i30 %sext_ln1273"   --->   Operation 244 'mul' 'mul_ln818' <Predicate = true> <Delay = 2.15> <CoreInst = "DSP48">   --->   Core 119 'DSP48' <Latency = 3> <II = 1> <Delay = 2.15> <IPBlock> <Opcode : 'mul' 'add' 'sub' 'select'> <InPorts = 0> <OutPorts = 1> <Sync> <CReg>
ST_13 : Operation 245 [1/1] (2.07ns)   --->   "%sub_ln813_1 = sub i16 %x_load_1, i16 %mean"   --->   Operation 245 'sub' 'sub_ln813_1' <Predicate = true> <Delay = 2.07> <CoreInst = "Adder">   --->   Core 1 'Adder' <Latency = 0> <II = 1> <Delay = 2.07> <FuncUnit> <Opcode : 'add' 'sub'> <InPorts = 2> <OutPorts = 1>
ST_13 : Operation 246 [1/1] (0.00ns)   --->   "%sext_ln1273_16 = sext i16 %sub_ln813_1"   --->   Operation 246 'sext' 'sext_ln1273_16' <Predicate = true> <Delay = 0.00>
ST_13 : Operation 247 [3/3] (1.05ns) (grouped into DSP with root node add_ln1347)   --->   "%mul_ln1347 = mul i30 %sext_ln1273_16, i30 %sext_ln1273_16"   --->   Operation 247 'mul' 'mul_ln1347' <Predicate = true> <Delay = 1.05> <CoreInst = "DSP48">   --->   Core 119 'DSP48' <Latency = 3> <II = 1> <Delay = 2.15> <IPBlock> <Opcode : 'mul' 'add' 'sub' 'select'> <InPorts = 0> <OutPorts = 1> <Sync> <CReg>

State 14 <SV = 13> <Delay = 3.12>
ST_14 : Operation 248 [2/4] (2.15ns) (root node of the DSP)   --->   "%mul_ln818 = mul i30 %sext_ln1273, i30 %sext_ln1273"   --->   Operation 248 'mul' 'mul_ln818' <Predicate = true> <Delay = 2.15> <CoreInst = "DSP48">   --->   Core 119 'DSP48' <Latency = 3> <II = 1> <Delay = 2.15> <IPBlock> <Opcode : 'mul' 'add' 'sub' 'select'> <InPorts = 0> <OutPorts = 1> <Sync> <CReg>
ST_14 : Operation 249 [2/3] (1.05ns) (grouped into DSP with root node add_ln1347)   --->   "%mul_ln1347 = mul i30 %sext_ln1273_16, i30 %sext_ln1273_16"   --->   Operation 249 'mul' 'mul_ln1347' <Predicate = true> <Delay = 1.05> <CoreInst = "DSP48">   --->   Core 119 'DSP48' <Latency = 3> <II = 1> <Delay = 2.15> <IPBlock> <Opcode : 'mul' 'add' 'sub' 'select'> <InPorts = 0> <OutPorts = 1> <Sync> <CReg>
ST_14 : Operation 250 [1/1] (2.07ns)   --->   "%sub_ln813_2 = sub i16 %x_load_2, i16 %mean"   --->   Operation 250 'sub' 'sub_ln813_2' <Predicate = true> <Delay = 2.07> <CoreInst = "Adder">   --->   Core 1 'Adder' <Latency = 0> <II = 1> <Delay = 2.07> <FuncUnit> <Opcode : 'add' 'sub'> <InPorts = 2> <OutPorts = 1>
ST_14 : Operation 251 [1/1] (0.00ns)   --->   "%sext_ln1273_17 = sext i16 %sub_ln813_2"   --->   Operation 251 'sext' 'sext_ln1273_17' <Predicate = true> <Delay = 0.00>
ST_14 : Operation 252 [3/3] (1.05ns) (grouped into DSP with root node add_ln1347_1)   --->   "%mul_ln1347_2 = mul i30 %sext_ln1273_17, i30 %sext_ln1273_17"   --->   Operation 252 'mul' 'mul_ln1347_2' <Predicate = true> <Delay = 1.05> <CoreInst = "DSP48">   --->   Core 119 'DSP48' <Latency = 3> <II = 1> <Delay = 2.15> <IPBlock> <Opcode : 'mul' 'add' 'sub' 'select'> <InPorts = 0> <OutPorts = 1> <Sync> <CReg>

State 15 <SV = 14> <Delay = 3.12>
ST_15 : Operation 253 [1/4] (0.00ns) (root node of the DSP)   --->   "%mul_ln818 = mul i30 %sext_ln1273, i30 %sext_ln1273"   --->   Operation 253 'mul' 'mul_ln818' <Predicate = true> <Delay = 0.00> <CoreInst = "DSP48">   --->   Core 119 'DSP48' <Latency = 3> <II = 1> <Delay = 2.15> <IPBlock> <Opcode : 'mul' 'add' 'sub' 'select'> <InPorts = 0> <OutPorts = 1> <Sync> <CReg>
ST_15 : Operation 254 [1/1] (0.00ns)   --->   "%tmp_39 = partselect i24 @_ssdm_op_PartSelect.i24.i30.i32.i32, i30 %mul_ln818, i32 6, i32 29"   --->   Operation 254 'partselect' 'tmp_39' <Predicate = true> <Delay = 0.00>
ST_15 : Operation 255 [1/1] (0.00ns)   --->   "%shl_ln2 = bitconcatenate i30 @_ssdm_op_BitConcatenate.i30.i24.i6, i24 %tmp_39, i6 0"   --->   Operation 255 'bitconcatenate' 'shl_ln2' <Predicate = true> <Delay = 0.00>
ST_15 : Operation 256 [1/3] (0.00ns) (grouped into DSP with root node add_ln1347)   --->   "%mul_ln1347 = mul i30 %sext_ln1273_16, i30 %sext_ln1273_16"   --->   Operation 256 'mul' 'mul_ln1347' <Predicate = true> <Delay = 0.00> <CoreInst = "DSP48">   --->   Core 119 'DSP48' <Latency = 3> <II = 1> <Delay = 2.15> <IPBlock> <Opcode : 'mul' 'add' 'sub' 'select'> <InPorts = 0> <OutPorts = 1> <Sync> <CReg>
ST_15 : Operation 257 [2/2] (2.10ns) (root node of the DSP)   --->   "%add_ln1347 = add i30 %shl_ln2, i30 %mul_ln1347"   --->   Operation 257 'add' 'add_ln1347' <Predicate = true> <Delay = 2.10> <CoreInst = "DSP48">   --->   Core 119 'DSP48' <Latency = 3> <II = 1> <Delay = 2.15> <IPBlock> <Opcode : 'mul' 'add' 'sub' 'select'> <InPorts = 0> <OutPorts = 1> <Sync> <CReg>
ST_15 : Operation 258 [2/3] (1.05ns) (grouped into DSP with root node add_ln1347_1)   --->   "%mul_ln1347_2 = mul i30 %sext_ln1273_17, i30 %sext_ln1273_17"   --->   Operation 258 'mul' 'mul_ln1347_2' <Predicate = true> <Delay = 1.05> <CoreInst = "DSP48">   --->   Core 119 'DSP48' <Latency = 3> <II = 1> <Delay = 2.15> <IPBlock> <Opcode : 'mul' 'add' 'sub' 'select'> <InPorts = 0> <OutPorts = 1> <Sync> <CReg>
ST_15 : Operation 259 [1/1] (2.07ns)   --->   "%sub_ln813_3 = sub i16 %x_load_3, i16 %mean"   --->   Operation 259 'sub' 'sub_ln813_3' <Predicate = true> <Delay = 2.07> <CoreInst = "Adder">   --->   Core 1 'Adder' <Latency = 0> <II = 1> <Delay = 2.07> <FuncUnit> <Opcode : 'add' 'sub'> <InPorts = 2> <OutPorts = 1>
ST_15 : Operation 260 [1/1] (0.00ns)   --->   "%sext_ln1273_18 = sext i16 %sub_ln813_3"   --->   Operation 260 'sext' 'sext_ln1273_18' <Predicate = true> <Delay = 0.00>
ST_15 : Operation 261 [3/3] (1.05ns) (grouped into DSP with root node add_ln1347_2)   --->   "%mul_ln1347_3 = mul i30 %sext_ln1273_18, i30 %sext_ln1273_18"   --->   Operation 261 'mul' 'mul_ln1347_3' <Predicate = true> <Delay = 1.05> <CoreInst = "DSP48">   --->   Core 119 'DSP48' <Latency = 3> <II = 1> <Delay = 2.15> <IPBlock> <Opcode : 'mul' 'add' 'sub' 'select'> <InPorts = 0> <OutPorts = 1> <Sync> <CReg>

State 16 <SV = 15> <Delay = 4.20>
ST_16 : Operation 262 [1/2] (2.10ns) (root node of the DSP)   --->   "%add_ln1347 = add i30 %shl_ln2, i30 %mul_ln1347"   --->   Operation 262 'add' 'add_ln1347' <Predicate = true> <Delay = 2.10> <CoreInst = "DSP48">   --->   Core 119 'DSP48' <Latency = 3> <II = 1> <Delay = 2.15> <IPBlock> <Opcode : 'mul' 'add' 'sub' 'select'> <InPorts = 0> <OutPorts = 1> <Sync> <CReg>
ST_16 : Operation 263 [1/1] (0.00ns)   --->   "%tmp_40 = partselect i24 @_ssdm_op_PartSelect.i24.i30.i32.i32, i30 %add_ln1347, i32 6, i32 29"   --->   Operation 263 'partselect' 'tmp_40' <Predicate = true> <Delay = 0.00>
ST_16 : Operation 264 [1/1] (0.00ns)   --->   "%shl_ln838_1 = bitconcatenate i30 @_ssdm_op_BitConcatenate.i30.i24.i6, i24 %tmp_40, i6 0"   --->   Operation 264 'bitconcatenate' 'shl_ln838_1' <Predicate = true> <Delay = 0.00>
ST_16 : Operation 265 [1/3] (0.00ns) (grouped into DSP with root node add_ln1347_1)   --->   "%mul_ln1347_2 = mul i30 %sext_ln1273_17, i30 %sext_ln1273_17"   --->   Operation 265 'mul' 'mul_ln1347_2' <Predicate = true> <Delay = 0.00> <CoreInst = "DSP48">   --->   Core 119 'DSP48' <Latency = 3> <II = 1> <Delay = 2.15> <IPBlock> <Opcode : 'mul' 'add' 'sub' 'select'> <InPorts = 0> <OutPorts = 1> <Sync> <CReg>
ST_16 : Operation 266 [2/2] (2.10ns) (root node of the DSP)   --->   "%add_ln1347_1 = add i30 %shl_ln838_1, i30 %mul_ln1347_2"   --->   Operation 266 'add' 'add_ln1347_1' <Predicate = true> <Delay = 2.10> <CoreInst = "DSP48">   --->   Core 119 'DSP48' <Latency = 3> <II = 1> <Delay = 2.15> <IPBlock> <Opcode : 'mul' 'add' 'sub' 'select'> <InPorts = 0> <OutPorts = 1> <Sync> <CReg>
ST_16 : Operation 267 [2/3] (1.05ns) (grouped into DSP with root node add_ln1347_2)   --->   "%mul_ln1347_3 = mul i30 %sext_ln1273_18, i30 %sext_ln1273_18"   --->   Operation 267 'mul' 'mul_ln1347_3' <Predicate = true> <Delay = 1.05> <CoreInst = "DSP48">   --->   Core 119 'DSP48' <Latency = 3> <II = 1> <Delay = 2.15> <IPBlock> <Opcode : 'mul' 'add' 'sub' 'select'> <InPorts = 0> <OutPorts = 1> <Sync> <CReg>
ST_16 : Operation 268 [1/1] (2.07ns)   --->   "%sub_ln813_4 = sub i16 %x_load_4, i16 %mean"   --->   Operation 268 'sub' 'sub_ln813_4' <Predicate = true> <Delay = 2.07> <CoreInst = "Adder">   --->   Core 1 'Adder' <Latency = 0> <II = 1> <Delay = 2.07> <FuncUnit> <Opcode : 'add' 'sub'> <InPorts = 2> <OutPorts = 1>
ST_16 : Operation 269 [1/1] (0.00ns)   --->   "%sext_ln1273_19 = sext i16 %sub_ln813_4"   --->   Operation 269 'sext' 'sext_ln1273_19' <Predicate = true> <Delay = 0.00>
ST_16 : Operation 270 [3/3] (1.05ns) (grouped into DSP with root node add_ln1347_3)   --->   "%mul_ln1347_4 = mul i30 %sext_ln1273_19, i30 %sext_ln1273_19"   --->   Operation 270 'mul' 'mul_ln1347_4' <Predicate = true> <Delay = 1.05> <CoreInst = "DSP48">   --->   Core 119 'DSP48' <Latency = 3> <II = 1> <Delay = 2.15> <IPBlock> <Opcode : 'mul' 'add' 'sub' 'select'> <InPorts = 0> <OutPorts = 1> <Sync> <CReg>

State 17 <SV = 16> <Delay = 4.20>
ST_17 : Operation 271 [1/2] (2.10ns) (root node of the DSP)   --->   "%add_ln1347_1 = add i30 %shl_ln838_1, i30 %mul_ln1347_2"   --->   Operation 271 'add' 'add_ln1347_1' <Predicate = true> <Delay = 2.10> <CoreInst = "DSP48">   --->   Core 119 'DSP48' <Latency = 3> <II = 1> <Delay = 2.15> <IPBlock> <Opcode : 'mul' 'add' 'sub' 'select'> <InPorts = 0> <OutPorts = 1> <Sync> <CReg>
ST_17 : Operation 272 [1/1] (0.00ns)   --->   "%tmp_41 = partselect i24 @_ssdm_op_PartSelect.i24.i30.i32.i32, i30 %add_ln1347_1, i32 6, i32 29"   --->   Operation 272 'partselect' 'tmp_41' <Predicate = true> <Delay = 0.00>
ST_17 : Operation 273 [1/1] (0.00ns)   --->   "%shl_ln838_2 = bitconcatenate i30 @_ssdm_op_BitConcatenate.i30.i24.i6, i24 %tmp_41, i6 0"   --->   Operation 273 'bitconcatenate' 'shl_ln838_2' <Predicate = true> <Delay = 0.00>
ST_17 : Operation 274 [1/3] (0.00ns) (grouped into DSP with root node add_ln1347_2)   --->   "%mul_ln1347_3 = mul i30 %sext_ln1273_18, i30 %sext_ln1273_18"   --->   Operation 274 'mul' 'mul_ln1347_3' <Predicate = true> <Delay = 0.00> <CoreInst = "DSP48">   --->   Core 119 'DSP48' <Latency = 3> <II = 1> <Delay = 2.15> <IPBlock> <Opcode : 'mul' 'add' 'sub' 'select'> <InPorts = 0> <OutPorts = 1> <Sync> <CReg>
ST_17 : Operation 275 [2/2] (2.10ns) (root node of the DSP)   --->   "%add_ln1347_2 = add i30 %shl_ln838_2, i30 %mul_ln1347_3"   --->   Operation 275 'add' 'add_ln1347_2' <Predicate = true> <Delay = 2.10> <CoreInst = "DSP48">   --->   Core 119 'DSP48' <Latency = 3> <II = 1> <Delay = 2.15> <IPBlock> <Opcode : 'mul' 'add' 'sub' 'select'> <InPorts = 0> <OutPorts = 1> <Sync> <CReg>
ST_17 : Operation 276 [2/3] (1.05ns) (grouped into DSP with root node add_ln1347_3)   --->   "%mul_ln1347_4 = mul i30 %sext_ln1273_19, i30 %sext_ln1273_19"   --->   Operation 276 'mul' 'mul_ln1347_4' <Predicate = true> <Delay = 1.05> <CoreInst = "DSP48">   --->   Core 119 'DSP48' <Latency = 3> <II = 1> <Delay = 2.15> <IPBlock> <Opcode : 'mul' 'add' 'sub' 'select'> <InPorts = 0> <OutPorts = 1> <Sync> <CReg>
ST_17 : Operation 277 [1/1] (2.07ns)   --->   "%sub_ln813_5 = sub i16 %x_load_5, i16 %mean"   --->   Operation 277 'sub' 'sub_ln813_5' <Predicate = true> <Delay = 2.07> <CoreInst = "Adder">   --->   Core 1 'Adder' <Latency = 0> <II = 1> <Delay = 2.07> <FuncUnit> <Opcode : 'add' 'sub'> <InPorts = 2> <OutPorts = 1>
ST_17 : Operation 278 [1/1] (0.00ns)   --->   "%sext_ln1273_20 = sext i16 %sub_ln813_5"   --->   Operation 278 'sext' 'sext_ln1273_20' <Predicate = true> <Delay = 0.00>
ST_17 : Operation 279 [3/3] (1.05ns) (grouped into DSP with root node add_ln1347_4)   --->   "%mul_ln1347_5 = mul i30 %sext_ln1273_20, i30 %sext_ln1273_20"   --->   Operation 279 'mul' 'mul_ln1347_5' <Predicate = true> <Delay = 1.05> <CoreInst = "DSP48">   --->   Core 119 'DSP48' <Latency = 3> <II = 1> <Delay = 2.15> <IPBlock> <Opcode : 'mul' 'add' 'sub' 'select'> <InPorts = 0> <OutPorts = 1> <Sync> <CReg>

State 18 <SV = 17> <Delay = 4.20>
ST_18 : Operation 280 [1/2] (2.10ns) (root node of the DSP)   --->   "%add_ln1347_2 = add i30 %shl_ln838_2, i30 %mul_ln1347_3"   --->   Operation 280 'add' 'add_ln1347_2' <Predicate = true> <Delay = 2.10> <CoreInst = "DSP48">   --->   Core 119 'DSP48' <Latency = 3> <II = 1> <Delay = 2.15> <IPBlock> <Opcode : 'mul' 'add' 'sub' 'select'> <InPorts = 0> <OutPorts = 1> <Sync> <CReg>
ST_18 : Operation 281 [1/1] (0.00ns)   --->   "%tmp_42 = partselect i24 @_ssdm_op_PartSelect.i24.i30.i32.i32, i30 %add_ln1347_2, i32 6, i32 29"   --->   Operation 281 'partselect' 'tmp_42' <Predicate = true> <Delay = 0.00>
ST_18 : Operation 282 [1/1] (0.00ns)   --->   "%shl_ln838_3 = bitconcatenate i30 @_ssdm_op_BitConcatenate.i30.i24.i6, i24 %tmp_42, i6 0"   --->   Operation 282 'bitconcatenate' 'shl_ln838_3' <Predicate = true> <Delay = 0.00>
ST_18 : Operation 283 [1/3] (0.00ns) (grouped into DSP with root node add_ln1347_3)   --->   "%mul_ln1347_4 = mul i30 %sext_ln1273_19, i30 %sext_ln1273_19"   --->   Operation 283 'mul' 'mul_ln1347_4' <Predicate = true> <Delay = 0.00> <CoreInst = "DSP48">   --->   Core 119 'DSP48' <Latency = 3> <II = 1> <Delay = 2.15> <IPBlock> <Opcode : 'mul' 'add' 'sub' 'select'> <InPorts = 0> <OutPorts = 1> <Sync> <CReg>
ST_18 : Operation 284 [2/2] (2.10ns) (root node of the DSP)   --->   "%add_ln1347_3 = add i30 %shl_ln838_3, i30 %mul_ln1347_4"   --->   Operation 284 'add' 'add_ln1347_3' <Predicate = true> <Delay = 2.10> <CoreInst = "DSP48">   --->   Core 119 'DSP48' <Latency = 3> <II = 1> <Delay = 2.15> <IPBlock> <Opcode : 'mul' 'add' 'sub' 'select'> <InPorts = 0> <OutPorts = 1> <Sync> <CReg>
ST_18 : Operation 285 [2/3] (1.05ns) (grouped into DSP with root node add_ln1347_4)   --->   "%mul_ln1347_5 = mul i30 %sext_ln1273_20, i30 %sext_ln1273_20"   --->   Operation 285 'mul' 'mul_ln1347_5' <Predicate = true> <Delay = 1.05> <CoreInst = "DSP48">   --->   Core 119 'DSP48' <Latency = 3> <II = 1> <Delay = 2.15> <IPBlock> <Opcode : 'mul' 'add' 'sub' 'select'> <InPorts = 0> <OutPorts = 1> <Sync> <CReg>
ST_18 : Operation 286 [1/1] (2.07ns)   --->   "%sub_ln813_6 = sub i16 %x_load_6, i16 %mean"   --->   Operation 286 'sub' 'sub_ln813_6' <Predicate = true> <Delay = 2.07> <CoreInst = "Adder">   --->   Core 1 'Adder' <Latency = 0> <II = 1> <Delay = 2.07> <FuncUnit> <Opcode : 'add' 'sub'> <InPorts = 2> <OutPorts = 1>
ST_18 : Operation 287 [1/1] (0.00ns)   --->   "%sext_ln1273_21 = sext i16 %sub_ln813_6"   --->   Operation 287 'sext' 'sext_ln1273_21' <Predicate = true> <Delay = 0.00>
ST_18 : Operation 288 [3/3] (1.05ns) (grouped into DSP with root node add_ln1347_5)   --->   "%mul_ln1347_6 = mul i30 %sext_ln1273_21, i30 %sext_ln1273_21"   --->   Operation 288 'mul' 'mul_ln1347_6' <Predicate = true> <Delay = 1.05> <CoreInst = "DSP48">   --->   Core 119 'DSP48' <Latency = 3> <II = 1> <Delay = 2.15> <IPBlock> <Opcode : 'mul' 'add' 'sub' 'select'> <InPorts = 0> <OutPorts = 1> <Sync> <CReg>

State 19 <SV = 18> <Delay = 4.20>
ST_19 : Operation 289 [1/2] (2.10ns) (root node of the DSP)   --->   "%add_ln1347_3 = add i30 %shl_ln838_3, i30 %mul_ln1347_4"   --->   Operation 289 'add' 'add_ln1347_3' <Predicate = true> <Delay = 2.10> <CoreInst = "DSP48">   --->   Core 119 'DSP48' <Latency = 3> <II = 1> <Delay = 2.15> <IPBlock> <Opcode : 'mul' 'add' 'sub' 'select'> <InPorts = 0> <OutPorts = 1> <Sync> <CReg>
ST_19 : Operation 290 [1/1] (0.00ns)   --->   "%tmp_43 = partselect i24 @_ssdm_op_PartSelect.i24.i30.i32.i32, i30 %add_ln1347_3, i32 6, i32 29"   --->   Operation 290 'partselect' 'tmp_43' <Predicate = true> <Delay = 0.00>
ST_19 : Operation 291 [1/1] (0.00ns)   --->   "%shl_ln838_4 = bitconcatenate i30 @_ssdm_op_BitConcatenate.i30.i24.i6, i24 %tmp_43, i6 0"   --->   Operation 291 'bitconcatenate' 'shl_ln838_4' <Predicate = true> <Delay = 0.00>
ST_19 : Operation 292 [1/3] (0.00ns) (grouped into DSP with root node add_ln1347_4)   --->   "%mul_ln1347_5 = mul i30 %sext_ln1273_20, i30 %sext_ln1273_20"   --->   Operation 292 'mul' 'mul_ln1347_5' <Predicate = true> <Delay = 0.00> <CoreInst = "DSP48">   --->   Core 119 'DSP48' <Latency = 3> <II = 1> <Delay = 2.15> <IPBlock> <Opcode : 'mul' 'add' 'sub' 'select'> <InPorts = 0> <OutPorts = 1> <Sync> <CReg>
ST_19 : Operation 293 [2/2] (2.10ns) (root node of the DSP)   --->   "%add_ln1347_4 = add i30 %shl_ln838_4, i30 %mul_ln1347_5"   --->   Operation 293 'add' 'add_ln1347_4' <Predicate = true> <Delay = 2.10> <CoreInst = "DSP48">   --->   Core 119 'DSP48' <Latency = 3> <II = 1> <Delay = 2.15> <IPBlock> <Opcode : 'mul' 'add' 'sub' 'select'> <InPorts = 0> <OutPorts = 1> <Sync> <CReg>
ST_19 : Operation 294 [2/3] (1.05ns) (grouped into DSP with root node add_ln1347_5)   --->   "%mul_ln1347_6 = mul i30 %sext_ln1273_21, i30 %sext_ln1273_21"   --->   Operation 294 'mul' 'mul_ln1347_6' <Predicate = true> <Delay = 1.05> <CoreInst = "DSP48">   --->   Core 119 'DSP48' <Latency = 3> <II = 1> <Delay = 2.15> <IPBlock> <Opcode : 'mul' 'add' 'sub' 'select'> <InPorts = 0> <OutPorts = 1> <Sync> <CReg>
ST_19 : Operation 295 [1/1] (2.07ns)   --->   "%sub_ln813_7 = sub i16 %x_load_7, i16 %mean"   --->   Operation 295 'sub' 'sub_ln813_7' <Predicate = true> <Delay = 2.07> <CoreInst = "Adder">   --->   Core 1 'Adder' <Latency = 0> <II = 1> <Delay = 2.07> <FuncUnit> <Opcode : 'add' 'sub'> <InPorts = 2> <OutPorts = 1>
ST_19 : Operation 296 [1/1] (0.00ns)   --->   "%sext_ln1273_22 = sext i16 %sub_ln813_7"   --->   Operation 296 'sext' 'sext_ln1273_22' <Predicate = true> <Delay = 0.00>
ST_19 : Operation 297 [3/3] (1.05ns) (grouped into DSP with root node add_ln1347_6)   --->   "%mul_ln1347_7 = mul i30 %sext_ln1273_22, i30 %sext_ln1273_22"   --->   Operation 297 'mul' 'mul_ln1347_7' <Predicate = true> <Delay = 1.05> <CoreInst = "DSP48">   --->   Core 119 'DSP48' <Latency = 3> <II = 1> <Delay = 2.15> <IPBlock> <Opcode : 'mul' 'add' 'sub' 'select'> <InPorts = 0> <OutPorts = 1> <Sync> <CReg>

State 20 <SV = 19> <Delay = 4.20>
ST_20 : Operation 298 [1/2] (2.10ns) (root node of the DSP)   --->   "%add_ln1347_4 = add i30 %shl_ln838_4, i30 %mul_ln1347_5"   --->   Operation 298 'add' 'add_ln1347_4' <Predicate = true> <Delay = 2.10> <CoreInst = "DSP48">   --->   Core 119 'DSP48' <Latency = 3> <II = 1> <Delay = 2.15> <IPBlock> <Opcode : 'mul' 'add' 'sub' 'select'> <InPorts = 0> <OutPorts = 1> <Sync> <CReg>
ST_20 : Operation 299 [1/1] (0.00ns)   --->   "%tmp_44 = partselect i24 @_ssdm_op_PartSelect.i24.i30.i32.i32, i30 %add_ln1347_4, i32 6, i32 29"   --->   Operation 299 'partselect' 'tmp_44' <Predicate = true> <Delay = 0.00>
ST_20 : Operation 300 [1/1] (0.00ns)   --->   "%shl_ln838_5 = bitconcatenate i30 @_ssdm_op_BitConcatenate.i30.i24.i6, i24 %tmp_44, i6 0"   --->   Operation 300 'bitconcatenate' 'shl_ln838_5' <Predicate = true> <Delay = 0.00>
ST_20 : Operation 301 [1/3] (0.00ns) (grouped into DSP with root node add_ln1347_5)   --->   "%mul_ln1347_6 = mul i30 %sext_ln1273_21, i30 %sext_ln1273_21"   --->   Operation 301 'mul' 'mul_ln1347_6' <Predicate = true> <Delay = 0.00> <CoreInst = "DSP48">   --->   Core 119 'DSP48' <Latency = 3> <II = 1> <Delay = 2.15> <IPBlock> <Opcode : 'mul' 'add' 'sub' 'select'> <InPorts = 0> <OutPorts = 1> <Sync> <CReg>
ST_20 : Operation 302 [2/2] (2.10ns) (root node of the DSP)   --->   "%add_ln1347_5 = add i30 %shl_ln838_5, i30 %mul_ln1347_6"   --->   Operation 302 'add' 'add_ln1347_5' <Predicate = true> <Delay = 2.10> <CoreInst = "DSP48">   --->   Core 119 'DSP48' <Latency = 3> <II = 1> <Delay = 2.15> <IPBlock> <Opcode : 'mul' 'add' 'sub' 'select'> <InPorts = 0> <OutPorts = 1> <Sync> <CReg>
ST_20 : Operation 303 [2/3] (1.05ns) (grouped into DSP with root node add_ln1347_6)   --->   "%mul_ln1347_7 = mul i30 %sext_ln1273_22, i30 %sext_ln1273_22"   --->   Operation 303 'mul' 'mul_ln1347_7' <Predicate = true> <Delay = 1.05> <CoreInst = "DSP48">   --->   Core 119 'DSP48' <Latency = 3> <II = 1> <Delay = 2.15> <IPBlock> <Opcode : 'mul' 'add' 'sub' 'select'> <InPorts = 0> <OutPorts = 1> <Sync> <CReg>
ST_20 : Operation 304 [1/1] (2.07ns)   --->   "%sub_ln813_8 = sub i16 %x_load_8, i16 %mean"   --->   Operation 304 'sub' 'sub_ln813_8' <Predicate = true> <Delay = 2.07> <CoreInst = "Adder">   --->   Core 1 'Adder' <Latency = 0> <II = 1> <Delay = 2.07> <FuncUnit> <Opcode : 'add' 'sub'> <InPorts = 2> <OutPorts = 1>
ST_20 : Operation 305 [1/1] (0.00ns)   --->   "%sext_ln1273_23 = sext i16 %sub_ln813_8"   --->   Operation 305 'sext' 'sext_ln1273_23' <Predicate = true> <Delay = 0.00>
ST_20 : Operation 306 [3/3] (1.05ns) (grouped into DSP with root node add_ln1347_7)   --->   "%mul_ln1347_8 = mul i30 %sext_ln1273_23, i30 %sext_ln1273_23"   --->   Operation 306 'mul' 'mul_ln1347_8' <Predicate = true> <Delay = 1.05> <CoreInst = "DSP48">   --->   Core 119 'DSP48' <Latency = 3> <II = 1> <Delay = 2.15> <IPBlock> <Opcode : 'mul' 'add' 'sub' 'select'> <InPorts = 0> <OutPorts = 1> <Sync> <CReg>

State 21 <SV = 20> <Delay = 4.20>
ST_21 : Operation 307 [1/2] (2.10ns) (root node of the DSP)   --->   "%add_ln1347_5 = add i30 %shl_ln838_5, i30 %mul_ln1347_6"   --->   Operation 307 'add' 'add_ln1347_5' <Predicate = true> <Delay = 2.10> <CoreInst = "DSP48">   --->   Core 119 'DSP48' <Latency = 3> <II = 1> <Delay = 2.15> <IPBlock> <Opcode : 'mul' 'add' 'sub' 'select'> <InPorts = 0> <OutPorts = 1> <Sync> <CReg>
ST_21 : Operation 308 [1/1] (0.00ns)   --->   "%tmp_45 = partselect i24 @_ssdm_op_PartSelect.i24.i30.i32.i32, i30 %add_ln1347_5, i32 6, i32 29"   --->   Operation 308 'partselect' 'tmp_45' <Predicate = true> <Delay = 0.00>
ST_21 : Operation 309 [1/1] (0.00ns)   --->   "%shl_ln838_6 = bitconcatenate i30 @_ssdm_op_BitConcatenate.i30.i24.i6, i24 %tmp_45, i6 0"   --->   Operation 309 'bitconcatenate' 'shl_ln838_6' <Predicate = true> <Delay = 0.00>
ST_21 : Operation 310 [1/3] (0.00ns) (grouped into DSP with root node add_ln1347_6)   --->   "%mul_ln1347_7 = mul i30 %sext_ln1273_22, i30 %sext_ln1273_22"   --->   Operation 310 'mul' 'mul_ln1347_7' <Predicate = true> <Delay = 0.00> <CoreInst = "DSP48">   --->   Core 119 'DSP48' <Latency = 3> <II = 1> <Delay = 2.15> <IPBlock> <Opcode : 'mul' 'add' 'sub' 'select'> <InPorts = 0> <OutPorts = 1> <Sync> <CReg>
ST_21 : Operation 311 [2/2] (2.10ns) (root node of the DSP)   --->   "%add_ln1347_6 = add i30 %shl_ln838_6, i30 %mul_ln1347_7"   --->   Operation 311 'add' 'add_ln1347_6' <Predicate = true> <Delay = 2.10> <CoreInst = "DSP48">   --->   Core 119 'DSP48' <Latency = 3> <II = 1> <Delay = 2.15> <IPBlock> <Opcode : 'mul' 'add' 'sub' 'select'> <InPorts = 0> <OutPorts = 1> <Sync> <CReg>
ST_21 : Operation 312 [2/3] (1.05ns) (grouped into DSP with root node add_ln1347_7)   --->   "%mul_ln1347_8 = mul i30 %sext_ln1273_23, i30 %sext_ln1273_23"   --->   Operation 312 'mul' 'mul_ln1347_8' <Predicate = true> <Delay = 1.05> <CoreInst = "DSP48">   --->   Core 119 'DSP48' <Latency = 3> <II = 1> <Delay = 2.15> <IPBlock> <Opcode : 'mul' 'add' 'sub' 'select'> <InPorts = 0> <OutPorts = 1> <Sync> <CReg>
ST_21 : Operation 313 [1/1] (2.07ns)   --->   "%sub_ln813_9 = sub i16 %x_load_9, i16 %mean"   --->   Operation 313 'sub' 'sub_ln813_9' <Predicate = true> <Delay = 2.07> <CoreInst = "Adder">   --->   Core 1 'Adder' <Latency = 0> <II = 1> <Delay = 2.07> <FuncUnit> <Opcode : 'add' 'sub'> <InPorts = 2> <OutPorts = 1>
ST_21 : Operation 314 [1/1] (0.00ns)   --->   "%sext_ln1273_24 = sext i16 %sub_ln813_9"   --->   Operation 314 'sext' 'sext_ln1273_24' <Predicate = true> <Delay = 0.00>
ST_21 : Operation 315 [3/3] (1.05ns) (grouped into DSP with root node add_ln1347_8)   --->   "%mul_ln1347_9 = mul i30 %sext_ln1273_24, i30 %sext_ln1273_24"   --->   Operation 315 'mul' 'mul_ln1347_9' <Predicate = true> <Delay = 1.05> <CoreInst = "DSP48">   --->   Core 119 'DSP48' <Latency = 3> <II = 1> <Delay = 2.15> <IPBlock> <Opcode : 'mul' 'add' 'sub' 'select'> <InPorts = 0> <OutPorts = 1> <Sync> <CReg>

State 22 <SV = 21> <Delay = 4.20>
ST_22 : Operation 316 [1/2] (2.10ns) (root node of the DSP)   --->   "%add_ln1347_6 = add i30 %shl_ln838_6, i30 %mul_ln1347_7"   --->   Operation 316 'add' 'add_ln1347_6' <Predicate = true> <Delay = 2.10> <CoreInst = "DSP48">   --->   Core 119 'DSP48' <Latency = 3> <II = 1> <Delay = 2.15> <IPBlock> <Opcode : 'mul' 'add' 'sub' 'select'> <InPorts = 0> <OutPorts = 1> <Sync> <CReg>
ST_22 : Operation 317 [1/1] (0.00ns)   --->   "%tmp_46 = partselect i24 @_ssdm_op_PartSelect.i24.i30.i32.i32, i30 %add_ln1347_6, i32 6, i32 29"   --->   Operation 317 'partselect' 'tmp_46' <Predicate = true> <Delay = 0.00>
ST_22 : Operation 318 [1/1] (0.00ns)   --->   "%shl_ln838_7 = bitconcatenate i30 @_ssdm_op_BitConcatenate.i30.i24.i6, i24 %tmp_46, i6 0"   --->   Operation 318 'bitconcatenate' 'shl_ln838_7' <Predicate = true> <Delay = 0.00>
ST_22 : Operation 319 [1/3] (0.00ns) (grouped into DSP with root node add_ln1347_7)   --->   "%mul_ln1347_8 = mul i30 %sext_ln1273_23, i30 %sext_ln1273_23"   --->   Operation 319 'mul' 'mul_ln1347_8' <Predicate = true> <Delay = 0.00> <CoreInst = "DSP48">   --->   Core 119 'DSP48' <Latency = 3> <II = 1> <Delay = 2.15> <IPBlock> <Opcode : 'mul' 'add' 'sub' 'select'> <InPorts = 0> <OutPorts = 1> <Sync> <CReg>
ST_22 : Operation 320 [2/2] (2.10ns) (root node of the DSP)   --->   "%add_ln1347_7 = add i30 %shl_ln838_7, i30 %mul_ln1347_8"   --->   Operation 320 'add' 'add_ln1347_7' <Predicate = true> <Delay = 2.10> <CoreInst = "DSP48">   --->   Core 119 'DSP48' <Latency = 3> <II = 1> <Delay = 2.15> <IPBlock> <Opcode : 'mul' 'add' 'sub' 'select'> <InPorts = 0> <OutPorts = 1> <Sync> <CReg>
ST_22 : Operation 321 [2/3] (1.05ns) (grouped into DSP with root node add_ln1347_8)   --->   "%mul_ln1347_9 = mul i30 %sext_ln1273_24, i30 %sext_ln1273_24"   --->   Operation 321 'mul' 'mul_ln1347_9' <Predicate = true> <Delay = 1.05> <CoreInst = "DSP48">   --->   Core 119 'DSP48' <Latency = 3> <II = 1> <Delay = 2.15> <IPBlock> <Opcode : 'mul' 'add' 'sub' 'select'> <InPorts = 0> <OutPorts = 1> <Sync> <CReg>
ST_22 : Operation 322 [1/1] (2.07ns)   --->   "%sub_ln813_10 = sub i16 %x_load_10, i16 %mean"   --->   Operation 322 'sub' 'sub_ln813_10' <Predicate = true> <Delay = 2.07> <CoreInst = "Adder">   --->   Core 1 'Adder' <Latency = 0> <II = 1> <Delay = 2.07> <FuncUnit> <Opcode : 'add' 'sub'> <InPorts = 2> <OutPorts = 1>
ST_22 : Operation 323 [1/1] (0.00ns)   --->   "%sext_ln1273_25 = sext i16 %sub_ln813_10"   --->   Operation 323 'sext' 'sext_ln1273_25' <Predicate = true> <Delay = 0.00>
ST_22 : Operation 324 [3/3] (1.05ns) (grouped into DSP with root node add_ln1347_9)   --->   "%mul_ln1347_10 = mul i30 %sext_ln1273_25, i30 %sext_ln1273_25"   --->   Operation 324 'mul' 'mul_ln1347_10' <Predicate = true> <Delay = 1.05> <CoreInst = "DSP48">   --->   Core 119 'DSP48' <Latency = 3> <II = 1> <Delay = 2.15> <IPBlock> <Opcode : 'mul' 'add' 'sub' 'select'> <InPorts = 0> <OutPorts = 1> <Sync> <CReg>

State 23 <SV = 22> <Delay = 4.20>
ST_23 : Operation 325 [1/2] (2.10ns) (root node of the DSP)   --->   "%add_ln1347_7 = add i30 %shl_ln838_7, i30 %mul_ln1347_8"   --->   Operation 325 'add' 'add_ln1347_7' <Predicate = true> <Delay = 2.10> <CoreInst = "DSP48">   --->   Core 119 'DSP48' <Latency = 3> <II = 1> <Delay = 2.15> <IPBlock> <Opcode : 'mul' 'add' 'sub' 'select'> <InPorts = 0> <OutPorts = 1> <Sync> <CReg>
ST_23 : Operation 326 [1/1] (0.00ns)   --->   "%tmp_47 = partselect i24 @_ssdm_op_PartSelect.i24.i30.i32.i32, i30 %add_ln1347_7, i32 6, i32 29"   --->   Operation 326 'partselect' 'tmp_47' <Predicate = true> <Delay = 0.00>
ST_23 : Operation 327 [1/1] (0.00ns)   --->   "%shl_ln838_8 = bitconcatenate i30 @_ssdm_op_BitConcatenate.i30.i24.i6, i24 %tmp_47, i6 0"   --->   Operation 327 'bitconcatenate' 'shl_ln838_8' <Predicate = true> <Delay = 0.00>
ST_23 : Operation 328 [1/3] (0.00ns) (grouped into DSP with root node add_ln1347_8)   --->   "%mul_ln1347_9 = mul i30 %sext_ln1273_24, i30 %sext_ln1273_24"   --->   Operation 328 'mul' 'mul_ln1347_9' <Predicate = true> <Delay = 0.00> <CoreInst = "DSP48">   --->   Core 119 'DSP48' <Latency = 3> <II = 1> <Delay = 2.15> <IPBlock> <Opcode : 'mul' 'add' 'sub' 'select'> <InPorts = 0> <OutPorts = 1> <Sync> <CReg>
ST_23 : Operation 329 [2/2] (2.10ns) (root node of the DSP)   --->   "%add_ln1347_8 = add i30 %shl_ln838_8, i30 %mul_ln1347_9"   --->   Operation 329 'add' 'add_ln1347_8' <Predicate = true> <Delay = 2.10> <CoreInst = "DSP48">   --->   Core 119 'DSP48' <Latency = 3> <II = 1> <Delay = 2.15> <IPBlock> <Opcode : 'mul' 'add' 'sub' 'select'> <InPorts = 0> <OutPorts = 1> <Sync> <CReg>
ST_23 : Operation 330 [2/3] (1.05ns) (grouped into DSP with root node add_ln1347_9)   --->   "%mul_ln1347_10 = mul i30 %sext_ln1273_25, i30 %sext_ln1273_25"   --->   Operation 330 'mul' 'mul_ln1347_10' <Predicate = true> <Delay = 1.05> <CoreInst = "DSP48">   --->   Core 119 'DSP48' <Latency = 3> <II = 1> <Delay = 2.15> <IPBlock> <Opcode : 'mul' 'add' 'sub' 'select'> <InPorts = 0> <OutPorts = 1> <Sync> <CReg>
ST_23 : Operation 331 [1/1] (2.07ns)   --->   "%sub_ln813_11 = sub i16 %x_load_11, i16 %mean"   --->   Operation 331 'sub' 'sub_ln813_11' <Predicate = true> <Delay = 2.07> <CoreInst = "Adder">   --->   Core 1 'Adder' <Latency = 0> <II = 1> <Delay = 2.07> <FuncUnit> <Opcode : 'add' 'sub'> <InPorts = 2> <OutPorts = 1>
ST_23 : Operation 332 [1/1] (0.00ns)   --->   "%sext_ln1273_26 = sext i16 %sub_ln813_11"   --->   Operation 332 'sext' 'sext_ln1273_26' <Predicate = true> <Delay = 0.00>
ST_23 : Operation 333 [3/3] (1.05ns) (grouped into DSP with root node add_ln1347_10)   --->   "%mul_ln1347_11 = mul i30 %sext_ln1273_26, i30 %sext_ln1273_26"   --->   Operation 333 'mul' 'mul_ln1347_11' <Predicate = true> <Delay = 1.05> <CoreInst = "DSP48">   --->   Core 119 'DSP48' <Latency = 3> <II = 1> <Delay = 2.15> <IPBlock> <Opcode : 'mul' 'add' 'sub' 'select'> <InPorts = 0> <OutPorts = 1> <Sync> <CReg>

State 24 <SV = 23> <Delay = 4.20>
ST_24 : Operation 334 [1/2] (2.10ns) (root node of the DSP)   --->   "%add_ln1347_8 = add i30 %shl_ln838_8, i30 %mul_ln1347_9"   --->   Operation 334 'add' 'add_ln1347_8' <Predicate = true> <Delay = 2.10> <CoreInst = "DSP48">   --->   Core 119 'DSP48' <Latency = 3> <II = 1> <Delay = 2.15> <IPBlock> <Opcode : 'mul' 'add' 'sub' 'select'> <InPorts = 0> <OutPorts = 1> <Sync> <CReg>
ST_24 : Operation 335 [1/1] (0.00ns)   --->   "%tmp_48 = partselect i24 @_ssdm_op_PartSelect.i24.i30.i32.i32, i30 %add_ln1347_8, i32 6, i32 29"   --->   Operation 335 'partselect' 'tmp_48' <Predicate = true> <Delay = 0.00>
ST_24 : Operation 336 [1/1] (0.00ns)   --->   "%shl_ln838_9 = bitconcatenate i30 @_ssdm_op_BitConcatenate.i30.i24.i6, i24 %tmp_48, i6 0"   --->   Operation 336 'bitconcatenate' 'shl_ln838_9' <Predicate = true> <Delay = 0.00>
ST_24 : Operation 337 [1/3] (0.00ns) (grouped into DSP with root node add_ln1347_9)   --->   "%mul_ln1347_10 = mul i30 %sext_ln1273_25, i30 %sext_ln1273_25"   --->   Operation 337 'mul' 'mul_ln1347_10' <Predicate = true> <Delay = 0.00> <CoreInst = "DSP48">   --->   Core 119 'DSP48' <Latency = 3> <II = 1> <Delay = 2.15> <IPBlock> <Opcode : 'mul' 'add' 'sub' 'select'> <InPorts = 0> <OutPorts = 1> <Sync> <CReg>
ST_24 : Operation 338 [2/2] (2.10ns) (root node of the DSP)   --->   "%add_ln1347_9 = add i30 %shl_ln838_9, i30 %mul_ln1347_10"   --->   Operation 338 'add' 'add_ln1347_9' <Predicate = true> <Delay = 2.10> <CoreInst = "DSP48">   --->   Core 119 'DSP48' <Latency = 3> <II = 1> <Delay = 2.15> <IPBlock> <Opcode : 'mul' 'add' 'sub' 'select'> <InPorts = 0> <OutPorts = 1> <Sync> <CReg>
ST_24 : Operation 339 [2/3] (1.05ns) (grouped into DSP with root node add_ln1347_10)   --->   "%mul_ln1347_11 = mul i30 %sext_ln1273_26, i30 %sext_ln1273_26"   --->   Operation 339 'mul' 'mul_ln1347_11' <Predicate = true> <Delay = 1.05> <CoreInst = "DSP48">   --->   Core 119 'DSP48' <Latency = 3> <II = 1> <Delay = 2.15> <IPBlock> <Opcode : 'mul' 'add' 'sub' 'select'> <InPorts = 0> <OutPorts = 1> <Sync> <CReg>
ST_24 : Operation 340 [1/1] (2.07ns)   --->   "%sub_ln813_12 = sub i16 %x_load_12, i16 %mean"   --->   Operation 340 'sub' 'sub_ln813_12' <Predicate = true> <Delay = 2.07> <CoreInst = "Adder">   --->   Core 1 'Adder' <Latency = 0> <II = 1> <Delay = 2.07> <FuncUnit> <Opcode : 'add' 'sub'> <InPorts = 2> <OutPorts = 1>
ST_24 : Operation 341 [1/1] (0.00ns)   --->   "%sext_ln1273_27 = sext i16 %sub_ln813_12"   --->   Operation 341 'sext' 'sext_ln1273_27' <Predicate = true> <Delay = 0.00>
ST_24 : Operation 342 [3/3] (1.05ns) (grouped into DSP with root node add_ln1347_11)   --->   "%mul_ln1347_12 = mul i30 %sext_ln1273_27, i30 %sext_ln1273_27"   --->   Operation 342 'mul' 'mul_ln1347_12' <Predicate = true> <Delay = 1.05> <CoreInst = "DSP48">   --->   Core 119 'DSP48' <Latency = 3> <II = 1> <Delay = 2.15> <IPBlock> <Opcode : 'mul' 'add' 'sub' 'select'> <InPorts = 0> <OutPorts = 1> <Sync> <CReg>

State 25 <SV = 24> <Delay = 4.20>
ST_25 : Operation 343 [1/2] (2.10ns) (root node of the DSP)   --->   "%add_ln1347_9 = add i30 %shl_ln838_9, i30 %mul_ln1347_10"   --->   Operation 343 'add' 'add_ln1347_9' <Predicate = true> <Delay = 2.10> <CoreInst = "DSP48">   --->   Core 119 'DSP48' <Latency = 3> <II = 1> <Delay = 2.15> <IPBlock> <Opcode : 'mul' 'add' 'sub' 'select'> <InPorts = 0> <OutPorts = 1> <Sync> <CReg>
ST_25 : Operation 344 [1/1] (0.00ns)   --->   "%tmp_49 = partselect i24 @_ssdm_op_PartSelect.i24.i30.i32.i32, i30 %add_ln1347_9, i32 6, i32 29"   --->   Operation 344 'partselect' 'tmp_49' <Predicate = true> <Delay = 0.00>
ST_25 : Operation 345 [1/1] (0.00ns)   --->   "%shl_ln838_s = bitconcatenate i30 @_ssdm_op_BitConcatenate.i30.i24.i6, i24 %tmp_49, i6 0"   --->   Operation 345 'bitconcatenate' 'shl_ln838_s' <Predicate = true> <Delay = 0.00>
ST_25 : Operation 346 [1/3] (0.00ns) (grouped into DSP with root node add_ln1347_10)   --->   "%mul_ln1347_11 = mul i30 %sext_ln1273_26, i30 %sext_ln1273_26"   --->   Operation 346 'mul' 'mul_ln1347_11' <Predicate = true> <Delay = 0.00> <CoreInst = "DSP48">   --->   Core 119 'DSP48' <Latency = 3> <II = 1> <Delay = 2.15> <IPBlock> <Opcode : 'mul' 'add' 'sub' 'select'> <InPorts = 0> <OutPorts = 1> <Sync> <CReg>
ST_25 : Operation 347 [2/2] (2.10ns) (root node of the DSP)   --->   "%add_ln1347_10 = add i30 %shl_ln838_s, i30 %mul_ln1347_11"   --->   Operation 347 'add' 'add_ln1347_10' <Predicate = true> <Delay = 2.10> <CoreInst = "DSP48">   --->   Core 119 'DSP48' <Latency = 3> <II = 1> <Delay = 2.15> <IPBlock> <Opcode : 'mul' 'add' 'sub' 'select'> <InPorts = 0> <OutPorts = 1> <Sync> <CReg>
ST_25 : Operation 348 [2/3] (1.05ns) (grouped into DSP with root node add_ln1347_11)   --->   "%mul_ln1347_12 = mul i30 %sext_ln1273_27, i30 %sext_ln1273_27"   --->   Operation 348 'mul' 'mul_ln1347_12' <Predicate = true> <Delay = 1.05> <CoreInst = "DSP48">   --->   Core 119 'DSP48' <Latency = 3> <II = 1> <Delay = 2.15> <IPBlock> <Opcode : 'mul' 'add' 'sub' 'select'> <InPorts = 0> <OutPorts = 1> <Sync> <CReg>
ST_25 : Operation 349 [1/1] (2.07ns)   --->   "%sub_ln813_13 = sub i16 %x_load_13, i16 %mean"   --->   Operation 349 'sub' 'sub_ln813_13' <Predicate = true> <Delay = 2.07> <CoreInst = "Adder">   --->   Core 1 'Adder' <Latency = 0> <II = 1> <Delay = 2.07> <FuncUnit> <Opcode : 'add' 'sub'> <InPorts = 2> <OutPorts = 1>
ST_25 : Operation 350 [1/1] (0.00ns)   --->   "%sext_ln1273_28 = sext i16 %sub_ln813_13"   --->   Operation 350 'sext' 'sext_ln1273_28' <Predicate = true> <Delay = 0.00>
ST_25 : Operation 351 [3/3] (1.05ns) (grouped into DSP with root node add_ln1347_12)   --->   "%mul_ln1347_13 = mul i30 %sext_ln1273_28, i30 %sext_ln1273_28"   --->   Operation 351 'mul' 'mul_ln1347_13' <Predicate = true> <Delay = 1.05> <CoreInst = "DSP48">   --->   Core 119 'DSP48' <Latency = 3> <II = 1> <Delay = 2.15> <IPBlock> <Opcode : 'mul' 'add' 'sub' 'select'> <InPorts = 0> <OutPorts = 1> <Sync> <CReg>

State 26 <SV = 25> <Delay = 4.20>
ST_26 : Operation 352 [1/2] (2.10ns) (root node of the DSP)   --->   "%add_ln1347_10 = add i30 %shl_ln838_s, i30 %mul_ln1347_11"   --->   Operation 352 'add' 'add_ln1347_10' <Predicate = true> <Delay = 2.10> <CoreInst = "DSP48">   --->   Core 119 'DSP48' <Latency = 3> <II = 1> <Delay = 2.15> <IPBlock> <Opcode : 'mul' 'add' 'sub' 'select'> <InPorts = 0> <OutPorts = 1> <Sync> <CReg>
ST_26 : Operation 353 [1/1] (0.00ns)   --->   "%tmp_50 = partselect i24 @_ssdm_op_PartSelect.i24.i30.i32.i32, i30 %add_ln1347_10, i32 6, i32 29"   --->   Operation 353 'partselect' 'tmp_50' <Predicate = true> <Delay = 0.00>
ST_26 : Operation 354 [1/1] (0.00ns)   --->   "%shl_ln838_10 = bitconcatenate i30 @_ssdm_op_BitConcatenate.i30.i24.i6, i24 %tmp_50, i6 0"   --->   Operation 354 'bitconcatenate' 'shl_ln838_10' <Predicate = true> <Delay = 0.00>
ST_26 : Operation 355 [1/3] (0.00ns) (grouped into DSP with root node add_ln1347_11)   --->   "%mul_ln1347_12 = mul i30 %sext_ln1273_27, i30 %sext_ln1273_27"   --->   Operation 355 'mul' 'mul_ln1347_12' <Predicate = true> <Delay = 0.00> <CoreInst = "DSP48">   --->   Core 119 'DSP48' <Latency = 3> <II = 1> <Delay = 2.15> <IPBlock> <Opcode : 'mul' 'add' 'sub' 'select'> <InPorts = 0> <OutPorts = 1> <Sync> <CReg>
ST_26 : Operation 356 [2/2] (2.10ns) (root node of the DSP)   --->   "%add_ln1347_11 = add i30 %shl_ln838_10, i30 %mul_ln1347_12"   --->   Operation 356 'add' 'add_ln1347_11' <Predicate = true> <Delay = 2.10> <CoreInst = "DSP48">   --->   Core 119 'DSP48' <Latency = 3> <II = 1> <Delay = 2.15> <IPBlock> <Opcode : 'mul' 'add' 'sub' 'select'> <InPorts = 0> <OutPorts = 1> <Sync> <CReg>
ST_26 : Operation 357 [2/3] (1.05ns) (grouped into DSP with root node add_ln1347_12)   --->   "%mul_ln1347_13 = mul i30 %sext_ln1273_28, i30 %sext_ln1273_28"   --->   Operation 357 'mul' 'mul_ln1347_13' <Predicate = true> <Delay = 1.05> <CoreInst = "DSP48">   --->   Core 119 'DSP48' <Latency = 3> <II = 1> <Delay = 2.15> <IPBlock> <Opcode : 'mul' 'add' 'sub' 'select'> <InPorts = 0> <OutPorts = 1> <Sync> <CReg>
ST_26 : Operation 358 [1/1] (2.07ns)   --->   "%sub_ln813_14 = sub i16 %x_load_14, i16 %mean"   --->   Operation 358 'sub' 'sub_ln813_14' <Predicate = true> <Delay = 2.07> <CoreInst = "Adder">   --->   Core 1 'Adder' <Latency = 0> <II = 1> <Delay = 2.07> <FuncUnit> <Opcode : 'add' 'sub'> <InPorts = 2> <OutPorts = 1>
ST_26 : Operation 359 [1/1] (0.00ns)   --->   "%sext_ln1273_29 = sext i16 %sub_ln813_14"   --->   Operation 359 'sext' 'sext_ln1273_29' <Predicate = true> <Delay = 0.00>
ST_26 : Operation 360 [3/3] (1.05ns) (grouped into DSP with root node add_ln1347_13)   --->   "%mul_ln1347_14 = mul i30 %sext_ln1273_29, i30 %sext_ln1273_29"   --->   Operation 360 'mul' 'mul_ln1347_14' <Predicate = true> <Delay = 1.05> <CoreInst = "DSP48">   --->   Core 119 'DSP48' <Latency = 3> <II = 1> <Delay = 2.15> <IPBlock> <Opcode : 'mul' 'add' 'sub' 'select'> <InPorts = 0> <OutPorts = 1> <Sync> <CReg>

State 27 <SV = 26> <Delay = 4.20>
ST_27 : Operation 361 [1/2] (2.10ns) (root node of the DSP)   --->   "%add_ln1347_11 = add i30 %shl_ln838_10, i30 %mul_ln1347_12"   --->   Operation 361 'add' 'add_ln1347_11' <Predicate = true> <Delay = 2.10> <CoreInst = "DSP48">   --->   Core 119 'DSP48' <Latency = 3> <II = 1> <Delay = 2.15> <IPBlock> <Opcode : 'mul' 'add' 'sub' 'select'> <InPorts = 0> <OutPorts = 1> <Sync> <CReg>
ST_27 : Operation 362 [1/1] (0.00ns)   --->   "%tmp_51 = partselect i24 @_ssdm_op_PartSelect.i24.i30.i32.i32, i30 %add_ln1347_11, i32 6, i32 29"   --->   Operation 362 'partselect' 'tmp_51' <Predicate = true> <Delay = 0.00>
ST_27 : Operation 363 [1/1] (0.00ns)   --->   "%shl_ln838_11 = bitconcatenate i30 @_ssdm_op_BitConcatenate.i30.i24.i6, i24 %tmp_51, i6 0"   --->   Operation 363 'bitconcatenate' 'shl_ln838_11' <Predicate = true> <Delay = 0.00>
ST_27 : Operation 364 [1/3] (0.00ns) (grouped into DSP with root node add_ln1347_12)   --->   "%mul_ln1347_13 = mul i30 %sext_ln1273_28, i30 %sext_ln1273_28"   --->   Operation 364 'mul' 'mul_ln1347_13' <Predicate = true> <Delay = 0.00> <CoreInst = "DSP48">   --->   Core 119 'DSP48' <Latency = 3> <II = 1> <Delay = 2.15> <IPBlock> <Opcode : 'mul' 'add' 'sub' 'select'> <InPorts = 0> <OutPorts = 1> <Sync> <CReg>
ST_27 : Operation 365 [2/2] (2.10ns) (root node of the DSP)   --->   "%add_ln1347_12 = add i30 %shl_ln838_11, i30 %mul_ln1347_13"   --->   Operation 365 'add' 'add_ln1347_12' <Predicate = true> <Delay = 2.10> <CoreInst = "DSP48">   --->   Core 119 'DSP48' <Latency = 3> <II = 1> <Delay = 2.15> <IPBlock> <Opcode : 'mul' 'add' 'sub' 'select'> <InPorts = 0> <OutPorts = 1> <Sync> <CReg>
ST_27 : Operation 366 [2/3] (1.05ns) (grouped into DSP with root node add_ln1347_13)   --->   "%mul_ln1347_14 = mul i30 %sext_ln1273_29, i30 %sext_ln1273_29"   --->   Operation 366 'mul' 'mul_ln1347_14' <Predicate = true> <Delay = 1.05> <CoreInst = "DSP48">   --->   Core 119 'DSP48' <Latency = 3> <II = 1> <Delay = 2.15> <IPBlock> <Opcode : 'mul' 'add' 'sub' 'select'> <InPorts = 0> <OutPorts = 1> <Sync> <CReg>
ST_27 : Operation 367 [1/1] (2.07ns)   --->   "%sub_ln813_15 = sub i16 %x_load_15, i16 %mean"   --->   Operation 367 'sub' 'sub_ln813_15' <Predicate = true> <Delay = 2.07> <CoreInst = "Adder">   --->   Core 1 'Adder' <Latency = 0> <II = 1> <Delay = 2.07> <FuncUnit> <Opcode : 'add' 'sub'> <InPorts = 2> <OutPorts = 1>
ST_27 : Operation 368 [1/1] (0.00ns)   --->   "%sext_ln1273_30 = sext i16 %sub_ln813_15"   --->   Operation 368 'sext' 'sext_ln1273_30' <Predicate = true> <Delay = 0.00>
ST_27 : Operation 369 [3/3] (1.05ns) (grouped into DSP with root node add_ln1347_14)   --->   "%mul_ln1347_15 = mul i30 %sext_ln1273_30, i30 %sext_ln1273_30"   --->   Operation 369 'mul' 'mul_ln1347_15' <Predicate = true> <Delay = 1.05> <CoreInst = "DSP48">   --->   Core 119 'DSP48' <Latency = 3> <II = 1> <Delay = 2.15> <IPBlock> <Opcode : 'mul' 'add' 'sub' 'select'> <InPorts = 0> <OutPorts = 1> <Sync> <CReg>

State 28 <SV = 27> <Delay = 4.20>
ST_28 : Operation 370 [1/2] (2.10ns) (root node of the DSP)   --->   "%add_ln1347_12 = add i30 %shl_ln838_11, i30 %mul_ln1347_13"   --->   Operation 370 'add' 'add_ln1347_12' <Predicate = true> <Delay = 2.10> <CoreInst = "DSP48">   --->   Core 119 'DSP48' <Latency = 3> <II = 1> <Delay = 2.15> <IPBlock> <Opcode : 'mul' 'add' 'sub' 'select'> <InPorts = 0> <OutPorts = 1> <Sync> <CReg>
ST_28 : Operation 371 [1/1] (0.00ns)   --->   "%tmp_52 = partselect i24 @_ssdm_op_PartSelect.i24.i30.i32.i32, i30 %add_ln1347_12, i32 6, i32 29"   --->   Operation 371 'partselect' 'tmp_52' <Predicate = true> <Delay = 0.00>
ST_28 : Operation 372 [1/1] (0.00ns)   --->   "%shl_ln838_12 = bitconcatenate i30 @_ssdm_op_BitConcatenate.i30.i24.i6, i24 %tmp_52, i6 0"   --->   Operation 372 'bitconcatenate' 'shl_ln838_12' <Predicate = true> <Delay = 0.00>
ST_28 : Operation 373 [1/3] (0.00ns) (grouped into DSP with root node add_ln1347_13)   --->   "%mul_ln1347_14 = mul i30 %sext_ln1273_29, i30 %sext_ln1273_29"   --->   Operation 373 'mul' 'mul_ln1347_14' <Predicate = true> <Delay = 0.00> <CoreInst = "DSP48">   --->   Core 119 'DSP48' <Latency = 3> <II = 1> <Delay = 2.15> <IPBlock> <Opcode : 'mul' 'add' 'sub' 'select'> <InPorts = 0> <OutPorts = 1> <Sync> <CReg>
ST_28 : Operation 374 [2/2] (2.10ns) (root node of the DSP)   --->   "%add_ln1347_13 = add i30 %shl_ln838_12, i30 %mul_ln1347_14"   --->   Operation 374 'add' 'add_ln1347_13' <Predicate = true> <Delay = 2.10> <CoreInst = "DSP48">   --->   Core 119 'DSP48' <Latency = 3> <II = 1> <Delay = 2.15> <IPBlock> <Opcode : 'mul' 'add' 'sub' 'select'> <InPorts = 0> <OutPorts = 1> <Sync> <CReg>
ST_28 : Operation 375 [2/3] (1.05ns) (grouped into DSP with root node add_ln1347_14)   --->   "%mul_ln1347_15 = mul i30 %sext_ln1273_30, i30 %sext_ln1273_30"   --->   Operation 375 'mul' 'mul_ln1347_15' <Predicate = true> <Delay = 1.05> <CoreInst = "DSP48">   --->   Core 119 'DSP48' <Latency = 3> <II = 1> <Delay = 2.15> <IPBlock> <Opcode : 'mul' 'add' 'sub' 'select'> <InPorts = 0> <OutPorts = 1> <Sync> <CReg>

State 29 <SV = 28> <Delay = 4.20>
ST_29 : Operation 376 [1/2] (2.10ns) (root node of the DSP)   --->   "%add_ln1347_13 = add i30 %shl_ln838_12, i30 %mul_ln1347_14"   --->   Operation 376 'add' 'add_ln1347_13' <Predicate = true> <Delay = 2.10> <CoreInst = "DSP48">   --->   Core 119 'DSP48' <Latency = 3> <II = 1> <Delay = 2.15> <IPBlock> <Opcode : 'mul' 'add' 'sub' 'select'> <InPorts = 0> <OutPorts = 1> <Sync> <CReg>
ST_29 : Operation 377 [1/1] (0.00ns)   --->   "%tmp_53 = partselect i24 @_ssdm_op_PartSelect.i24.i30.i32.i32, i30 %add_ln1347_13, i32 6, i32 29"   --->   Operation 377 'partselect' 'tmp_53' <Predicate = true> <Delay = 0.00>
ST_29 : Operation 378 [1/1] (0.00ns)   --->   "%shl_ln838_13 = bitconcatenate i30 @_ssdm_op_BitConcatenate.i30.i24.i6, i24 %tmp_53, i6 0"   --->   Operation 378 'bitconcatenate' 'shl_ln838_13' <Predicate = true> <Delay = 0.00>
ST_29 : Operation 379 [1/3] (0.00ns) (grouped into DSP with root node add_ln1347_14)   --->   "%mul_ln1347_15 = mul i30 %sext_ln1273_30, i30 %sext_ln1273_30"   --->   Operation 379 'mul' 'mul_ln1347_15' <Predicate = true> <Delay = 0.00> <CoreInst = "DSP48">   --->   Core 119 'DSP48' <Latency = 3> <II = 1> <Delay = 2.15> <IPBlock> <Opcode : 'mul' 'add' 'sub' 'select'> <InPorts = 0> <OutPorts = 1> <Sync> <CReg>
ST_29 : Operation 380 [2/2] (2.10ns) (root node of the DSP)   --->   "%add_ln1347_14 = add i30 %shl_ln838_13, i30 %mul_ln1347_15"   --->   Operation 380 'add' 'add_ln1347_14' <Predicate = true> <Delay = 2.10> <CoreInst = "DSP48">   --->   Core 119 'DSP48' <Latency = 3> <II = 1> <Delay = 2.15> <IPBlock> <Opcode : 'mul' 'add' 'sub' 'select'> <InPorts = 0> <OutPorts = 1> <Sync> <CReg>

State 30 <SV = 29> <Delay = 4.73>
ST_30 : Operation 381 [1/2] (2.10ns) (root node of the DSP)   --->   "%add_ln1347_14 = add i30 %shl_ln838_13, i30 %mul_ln1347_15"   --->   Operation 381 'add' 'add_ln1347_14' <Predicate = true> <Delay = 2.10> <CoreInst = "DSP48">   --->   Core 119 'DSP48' <Latency = 3> <II = 1> <Delay = 2.15> <IPBlock> <Opcode : 'mul' 'add' 'sub' 'select'> <InPorts = 0> <OutPorts = 1> <Sync> <CReg>
ST_30 : Operation 382 [1/1] (0.00ns)   --->   "%tmp_54 = partselect i24 @_ssdm_op_PartSelect.i24.i30.i32.i32, i30 %add_ln1347_14, i32 6, i32 29"   --->   Operation 382 'partselect' 'tmp_54' <Predicate = true> <Delay = 0.00>
ST_30 : Operation 383 [1/1] (0.00ns)   --->   "%t_5 = bitconcatenate i34 @_ssdm_op_BitConcatenate.i34.i24.i10, i24 %tmp_54, i10 0"   --->   Operation 383 'bitconcatenate' 't_5' <Predicate = true> <Delay = 0.00>
ST_30 : Operation 384 [1/1] (0.00ns)   --->   "%tmp_24 = bitselect i1 @_ssdm_op_BitSelect.i1.i30.i32, i30 %add_ln1347_14, i32 29"   --->   Operation 384 'bitselect' 'tmp_24' <Predicate = true> <Delay = 0.00>
ST_30 : Operation 385 [1/1] (2.63ns)   --->   "%sub_ln1303_2 = sub i34 0, i34 %t_5"   --->   Operation 385 'sub' 'sub_ln1303_2' <Predicate = true> <Delay = 2.63> <CoreInst = "Adder">   --->   Core 1 'Adder' <Latency = 0> <II = 1> <Delay = 2.63> <FuncUnit> <Opcode : 'add' 'sub'> <InPorts = 2> <OutPorts = 1>
ST_30 : Operation 386 [1/1] (0.00ns)   --->   "%trunc_ln1303_4 = partselect i20 @_ssdm_op_PartSelect.i20.i34.i32.i32, i34 %sub_ln1303_2, i32 14, i32 33"   --->   Operation 386 'partselect' 'trunc_ln1303_4' <Predicate = true> <Delay = 0.00>
ST_30 : Operation 387 [1/1] (0.00ns)   --->   "%tmp_56 = partselect i16 @_ssdm_op_PartSelect.i16.i30.i32.i32, i30 %add_ln1347_14, i32 14, i32 29"   --->   Operation 387 'partselect' 'tmp_56' <Predicate = true> <Delay = 0.00>

State 31 <SV = 30> <Delay = 5.88>
ST_31 : Operation 388 [1/1] (2.19ns)   --->   "%sub_ln1303_3 = sub i20 0, i20 %trunc_ln1303_4"   --->   Operation 388 'sub' 'sub_ln1303_3' <Predicate = (tmp_24)> <Delay = 2.19> <CoreInst = "Adder">   --->   Core 1 'Adder' <Latency = 0> <II = 1> <Delay = 2.19> <FuncUnit> <Opcode : 'add' 'sub'> <InPorts = 2> <OutPorts = 1>
ST_31 : Operation 389 [1/1] (0.00ns)   --->   "%tmp_55 = partselect i16 @_ssdm_op_PartSelect.i16.i20.i32.i32, i20 %sub_ln1303_3, i32 4, i32 19"   --->   Operation 389 'partselect' 'tmp_55' <Predicate = (tmp_24)> <Delay = 0.00>
ST_31 : Operation 390 [1/1] (0.80ns)   --->   "%var = select i1 %tmp_24, i16 %tmp_55, i16 %tmp_56"   --->   Operation 390 'select' 'var' <Predicate = true> <Delay = 0.80> <CoreInst = "Sel">   --->   Core 73 'Sel' <Latency = 0> <II = 1> <Delay = 0.80> <FuncUnit> <Opcode : 'select'> <InPorts = 3> <OutPorts = 1>
ST_31 : Operation 391 [1/1] (2.42ns)   --->   "%icmp_ln1090 = icmp_eq  i16 %var, i16 0"   --->   Operation 391 'icmp' 'icmp_ln1090' <Predicate = true> <Delay = 2.42> <CoreInst = "Cmp">   --->   Core 9 'Cmp' <Latency = 0> <II = 1> <Delay = 2.42> <FuncUnit> <Opcode : 'icmp'> <InPorts = 2> <OutPorts = 1>
ST_31 : Operation 392 [1/1] (0.00ns)   --->   "%p_Result_9 = bitselect i1 @_ssdm_op_BitSelect.i1.i16.i32, i16 %var, i32 15"   --->   Operation 392 'bitselect' 'p_Result_9' <Predicate = true> <Delay = 0.00>
ST_31 : Operation 393 [1/1] (2.07ns)   --->   "%tmp_V = sub i16 0, i16 %var"   --->   Operation 393 'sub' 'tmp_V' <Predicate = true> <Delay = 2.07> <CoreInst = "Adder">   --->   Core 1 'Adder' <Latency = 0> <II = 1> <Delay = 2.07> <FuncUnit> <Opcode : 'add' 'sub'> <InPorts = 2> <OutPorts = 1>
ST_31 : Operation 394 [1/1] (0.80ns)   --->   "%tmp_V_2 = select i1 %p_Result_9, i16 %tmp_V, i16 %var"   --->   Operation 394 'select' 'tmp_V_2' <Predicate = true> <Delay = 0.80> <CoreInst = "Sel">   --->   Core 73 'Sel' <Latency = 0> <II = 1> <Delay = 0.80> <FuncUnit> <Opcode : 'select'> <InPorts = 3> <OutPorts = 1>
ST_31 : Operation 395 [1/1] (0.00ns)   --->   "%p_Result_s = partselect i16 @llvm.part.select.i16, i16 %tmp_V_2, i32 15, i32 0"   --->   Operation 395 'partselect' 'p_Result_s' <Predicate = true> <Delay = 0.00>

State 32 <SV = 31> <Delay = 6.71>
ST_32 : Operation 396 [1/1] (0.00ns)   --->   "%p_Result_10 = bitconcatenate i17 @_ssdm_op_BitConcatenate.i17.i1.i16, i1 1, i16 %p_Result_s"   --->   Operation 396 'bitconcatenate' 'p_Result_10' <Predicate = (!icmp_ln1090)> <Delay = 0.00>
ST_32 : Operation 397 [1/1] (0.00ns)   --->   "%sext_ln1198 = sext i17 %p_Result_10"   --->   Operation 397 'sext' 'sext_ln1198' <Predicate = (!icmp_ln1090)> <Delay = 0.00>
ST_32 : Operation 398 [1/1] (0.00ns)   --->   "%l = cttz i32 @llvm.cttz.i32, i32 %sext_ln1198, i1 1"   --->   Operation 398 'cttz' 'l' <Predicate = (!icmp_ln1090)> <Delay = 0.00>
ST_32 : Operation 399 [1/1] (2.55ns)   --->   "%sub_ln1099 = sub i32 16, i32 %l"   --->   Operation 399 'sub' 'sub_ln1099' <Predicate = (!icmp_ln1090)> <Delay = 2.55> <CoreInst = "Adder">   --->   Core 1 'Adder' <Latency = 0> <II = 1> <Delay = 2.55> <FuncUnit> <Opcode : 'add' 'sub'> <InPorts = 2> <OutPorts = 1>
ST_32 : Operation 400 [1/1] (0.00ns)   --->   "%trunc_ln1099 = trunc i32 %sub_ln1099"   --->   Operation 400 'trunc' 'trunc_ln1099' <Predicate = (!icmp_ln1090)> <Delay = 0.00>
ST_32 : Operation 401 [1/1] (0.00ns)   --->   "%trunc_ln1102 = trunc i32 %sub_ln1099"   --->   Operation 401 'trunc' 'trunc_ln1102' <Predicate = (!icmp_ln1090)> <Delay = 0.00>
ST_32 : Operation 402 [1/1] (1.73ns)   --->   "%sub_ln1102 = sub i4 9, i4 %trunc_ln1102"   --->   Operation 402 'sub' 'sub_ln1102' <Predicate = (!icmp_ln1090)> <Delay = 1.73> <CoreInst = "Adder">   --->   Core 1 'Adder' <Latency = 0> <II = 1> <Delay = 1.73> <FuncUnit> <Opcode : 'add' 'sub'> <InPorts = 2> <OutPorts = 1>
ST_32 : Operation 403 [1/1] (0.00ns) (grouped into LUT with out node icmp_ln1102)   --->   "%zext_ln1102 = zext i4 %sub_ln1102"   --->   Operation 403 'zext' 'zext_ln1102' <Predicate = (!icmp_ln1090)> <Delay = 0.00>
ST_32 : Operation 404 [1/1] (0.00ns) (grouped into LUT with out node icmp_ln1102)   --->   "%lshr_ln1102 = lshr i16 65535, i16 %zext_ln1102"   --->   Operation 404 'lshr' 'lshr_ln1102' <Predicate = (!icmp_ln1090)> <Delay = 0.00> <CoreInst = "Shifter">   --->   Core 75 'Shifter' <Latency = 0> <II = 1> <Delay = 2.39> <FuncUnit> <Opcode : 'shl' 'lshr' 'ashr'> <InPorts = 2> <OutPorts = 1>
ST_32 : Operation 405 [1/1] (0.00ns) (grouped into LUT with out node icmp_ln1102)   --->   "%p_Result_4 = and i16 %tmp_V_2, i16 %lshr_ln1102"   --->   Operation 405 'and' 'p_Result_4' <Predicate = (!icmp_ln1090)> <Delay = 0.00> <CoreInst = "LogicGate">   --->   Core 74 'LogicGate' <Latency = 0> <II = 1> <Delay = 0.99> <FuncUnit> <Opcode : 'and' 'or' 'xor'> <InPorts = 2> <OutPorts = 1>
ST_32 : Operation 406 [1/1] (2.42ns) (out node of the LUT)   --->   "%icmp_ln1102 = icmp_ne  i16 %p_Result_4, i16 0"   --->   Operation 406 'icmp' 'icmp_ln1102' <Predicate = (!icmp_ln1090)> <Delay = 2.42> <CoreInst = "Cmp">   --->   Core 9 'Cmp' <Latency = 0> <II = 1> <Delay = 2.42> <FuncUnit> <Opcode : 'icmp'> <InPorts = 2> <OutPorts = 1>
ST_32 : Operation 407 [1/1] (0.00ns)   --->   "%trunc_ln1098 = trunc i32 %l"   --->   Operation 407 'trunc' 'trunc_ln1098' <Predicate = (!icmp_ln1090)> <Delay = 0.00>

State 33 <SV = 32> <Delay = 6.00>
ST_33 : Operation 408 [1/1] (2.55ns)   --->   "%lsb_index = add i32 %sub_ln1099, i32 4294967272"   --->   Operation 408 'add' 'lsb_index' <Predicate = (!icmp_ln1090)> <Delay = 2.55> <CoreInst = "Adder">   --->   Core 1 'Adder' <Latency = 0> <II = 1> <Delay = 2.55> <FuncUnit> <Opcode : 'add' 'sub'> <InPorts = 2> <OutPorts = 1>
ST_33 : Operation 409 [1/1] (0.00ns)   --->   "%tmp_26 = partselect i31 @_ssdm_op_PartSelect.i31.i32.i32.i32, i32 %lsb_index, i32 1, i32 31"   --->   Operation 409 'partselect' 'tmp_26' <Predicate = (!icmp_ln1090)> <Delay = 0.00>
ST_33 : Operation 410 [1/1] (2.47ns)   --->   "%icmp_ln1101 = icmp_sgt  i31 %tmp_26, i31 0"   --->   Operation 410 'icmp' 'icmp_ln1101' <Predicate = (!icmp_ln1090)> <Delay = 2.47> <CoreInst = "Cmp">   --->   Core 9 'Cmp' <Latency = 0> <II = 1> <Delay = 2.47> <FuncUnit> <Opcode : 'icmp'> <InPorts = 2> <OutPorts = 1>
ST_33 : Operation 411 [1/1] (0.00ns) (grouped into LUT with out node or_ln)   --->   "%a = and i1 %icmp_ln1101, i1 %icmp_ln1102"   --->   Operation 411 'and' 'a' <Predicate = (!icmp_ln1090)> <Delay = 0.00> <CoreInst = "LogicGate">   --->   Core 74 'LogicGate' <Latency = 0> <II = 1> <Delay = 0.97> <FuncUnit> <Opcode : 'and' 'or' 'xor'> <InPorts = 2> <OutPorts = 1>
ST_33 : Operation 412 [1/1] (0.00ns) (grouped into LUT with out node or_ln)   --->   "%tmp_27 = bitselect i1 @_ssdm_op_BitSelect.i1.i32.i32, i32 %lsb_index, i32 31"   --->   Operation 412 'bitselect' 'tmp_27' <Predicate = (!icmp_ln1090)> <Delay = 0.00>
ST_33 : Operation 413 [1/1] (0.00ns) (grouped into LUT with out node or_ln)   --->   "%xor_ln1104 = xor i1 %tmp_27, i1 1"   --->   Operation 413 'xor' 'xor_ln1104' <Predicate = (!icmp_ln1090)> <Delay = 0.00> <CoreInst = "LogicGate">   --->   Core 74 'LogicGate' <Latency = 0> <II = 1> <Delay = 0.97> <FuncUnit> <Opcode : 'and' 'or' 'xor'> <InPorts = 2> <OutPorts = 1>
ST_33 : Operation 414 [1/1] (2.07ns)   --->   "%add_ln1104 = add i16 %trunc_ln1099, i16 65512"   --->   Operation 414 'add' 'add_ln1104' <Predicate = (!icmp_ln1090)> <Delay = 2.07> <CoreInst = "Adder">   --->   Core 1 'Adder' <Latency = 0> <II = 1> <Delay = 2.07> <FuncUnit> <Opcode : 'add' 'sub'> <InPorts = 2> <OutPorts = 1>
ST_33 : Operation 415 [1/1] (0.00ns) (grouped into LUT with out node or_ln)   --->   "%p_Result_3 = bitselect i1 @_ssdm_op_BitSelect.i1.i16.i16, i16 %tmp_V_2, i16 %add_ln1104"   --->   Operation 415 'bitselect' 'p_Result_3' <Predicate = (!icmp_ln1090)> <Delay = 0.00>
ST_33 : Operation 416 [1/1] (0.00ns) (grouped into LUT with out node or_ln)   --->   "%and_ln1104 = and i1 %p_Result_3, i1 %xor_ln1104"   --->   Operation 416 'and' 'and_ln1104' <Predicate = (!icmp_ln1090)> <Delay = 0.00> <CoreInst = "LogicGate">   --->   Core 74 'LogicGate' <Latency = 0> <II = 1> <Delay = 0.97> <FuncUnit> <Opcode : 'and' 'or' 'xor'> <InPorts = 2> <OutPorts = 1>
ST_33 : Operation 417 [1/1] (0.00ns) (grouped into LUT with out node or_ln)   --->   "%or_ln1104 = or i1 %and_ln1104, i1 %a"   --->   Operation 417 'or' 'or_ln1104' <Predicate = (!icmp_ln1090)> <Delay = 0.00> <CoreInst = "LogicGate">   --->   Core 74 'LogicGate' <Latency = 0> <II = 1> <Delay = 0.97> <FuncUnit> <Opcode : 'and' 'or' 'xor'> <InPorts = 2> <OutPorts = 1>
ST_33 : Operation 418 [1/1] (0.97ns) (out node of the LUT)   --->   "%or_ln = bitconcatenate i2 @_ssdm_op_BitConcatenate.i2.i1.i1, i1 0, i1 %or_ln1104"   --->   Operation 418 'bitconcatenate' 'or_ln' <Predicate = (!icmp_ln1090)> <Delay = 0.97>
ST_33 : Operation 419 [1/1] (2.47ns)   --->   "%icmp_ln1113 = icmp_sgt  i32 %lsb_index, i32 0"   --->   Operation 419 'icmp' 'icmp_ln1113' <Predicate = (!icmp_ln1090)> <Delay = 2.47> <CoreInst = "Cmp">   --->   Core 9 'Cmp' <Latency = 0> <II = 1> <Delay = 2.47> <FuncUnit> <Opcode : 'icmp'> <InPorts = 2> <OutPorts = 1>

State 34 <SV = 33> <Delay = 6.97>
ST_34 : Operation 420 [1/1] (0.00ns)   --->   "%zext_ln1112 = zext i16 %tmp_V_2"   --->   Operation 420 'zext' 'zext_ln1112' <Predicate = (!icmp_ln1090)> <Delay = 0.00>
ST_34 : Operation 421 [1/1] (2.55ns)   --->   "%add_ln1113 = add i32 %sub_ln1099, i32 4294967271"   --->   Operation 421 'add' 'add_ln1113' <Predicate = (!icmp_ln1090 & icmp_ln1113)> <Delay = 2.55> <CoreInst = "Adder">   --->   Core 1 'Adder' <Latency = 0> <II = 1> <Delay = 2.55> <FuncUnit> <Opcode : 'add' 'sub'> <InPorts = 2> <OutPorts = 1>
ST_34 : Operation 422 [1/1] (0.00ns) (grouped into LUT with out node m_3)   --->   "%zext_ln1113 = zext i32 %add_ln1113"   --->   Operation 422 'zext' 'zext_ln1113' <Predicate = (!icmp_ln1090 & icmp_ln1113)> <Delay = 0.00>
ST_34 : Operation 423 [1/1] (0.00ns) (grouped into LUT with out node m_3)   --->   "%lshr_ln1113 = lshr i64 %zext_ln1112, i64 %zext_ln1113"   --->   Operation 423 'lshr' 'lshr_ln1113' <Predicate = (!icmp_ln1090 & icmp_ln1113)> <Delay = 0.00> <CoreInst = "Shifter">   --->   Core 75 'Shifter' <Latency = 0> <II = 1> <Delay = 4.42> <FuncUnit> <Opcode : 'shl' 'lshr' 'ashr'> <InPorts = 2> <OutPorts = 1>
ST_34 : Operation 424 [1/1] (2.55ns)   --->   "%sub_ln1114 = sub i32 25, i32 %sub_ln1099"   --->   Operation 424 'sub' 'sub_ln1114' <Predicate = (!icmp_ln1090 & !icmp_ln1113)> <Delay = 2.55> <CoreInst = "Adder">   --->   Core 1 'Adder' <Latency = 0> <II = 1> <Delay = 2.55> <FuncUnit> <Opcode : 'add' 'sub'> <InPorts = 2> <OutPorts = 1>
ST_34 : Operation 425 [1/1] (0.00ns) (grouped into LUT with out node m_3)   --->   "%zext_ln1114 = zext i32 %sub_ln1114"   --->   Operation 425 'zext' 'zext_ln1114' <Predicate = (!icmp_ln1090 & !icmp_ln1113)> <Delay = 0.00>
ST_34 : Operation 426 [1/1] (0.00ns) (grouped into LUT with out node m_3)   --->   "%shl_ln1114 = shl i64 %zext_ln1112, i64 %zext_ln1114"   --->   Operation 426 'shl' 'shl_ln1114' <Predicate = (!icmp_ln1090 & !icmp_ln1113)> <Delay = 0.00> <CoreInst = "Shifter">   --->   Core 75 'Shifter' <Latency = 0> <II = 1> <Delay = 4.42> <FuncUnit> <Opcode : 'shl' 'lshr' 'ashr'> <InPorts = 2> <OutPorts = 1>
ST_34 : Operation 427 [1/1] (0.00ns) (grouped into LUT with out node m_3)   --->   "%m_2 = select i1 %icmp_ln1113, i64 %lshr_ln1113, i64 %shl_ln1114"   --->   Operation 427 'select' 'm_2' <Predicate = (!icmp_ln1090)> <Delay = 0.00> <CoreInst = "Sel">   --->   Core 73 'Sel' <Latency = 0> <II = 1> <Delay = 1.48> <FuncUnit> <Opcode : 'select'> <InPorts = 3> <OutPorts = 1>
ST_34 : Operation 428 [1/1] (0.00ns) (grouped into LUT with out node m_3)   --->   "%zext_ln1116 = zext i2 %or_ln"   --->   Operation 428 'zext' 'zext_ln1116' <Predicate = (!icmp_ln1090)> <Delay = 0.00>
ST_34 : Operation 429 [1/1] (4.42ns) (out node of the LUT)   --->   "%m_3 = add i64 %m_2, i64 %zext_ln1116"   --->   Operation 429 'add' 'm_3' <Predicate = (!icmp_ln1090)> <Delay = 4.42> <CoreInst = "Adder">   --->   Core 1 'Adder' <Latency = 0> <II = 1> <Delay = 3.52> <FuncUnit> <Opcode : 'add' 'sub'> <InPorts = 2> <OutPorts = 1>
ST_34 : Operation 430 [1/1] (0.00ns)   --->   "%m_4 = partselect i63 @_ssdm_op_PartSelect.i63.i64.i32.i32, i64 %m_3, i32 1, i32 63"   --->   Operation 430 'partselect' 'm_4' <Predicate = (!icmp_ln1090)> <Delay = 0.00>
ST_34 : Operation 431 [1/1] (0.00ns)   --->   "%p_Result_5 = bitselect i1 @_ssdm_op_BitSelect.i1.i64.i32, i64 %m_3, i32 25"   --->   Operation 431 'bitselect' 'p_Result_5' <Predicate = (!icmp_ln1090)> <Delay = 0.00>

State 35 <SV = 34> <Delay = 4.91>
ST_35 : Operation 432 [1/1] (0.00ns)   --->   "%zext_ln1117 = zext i63 %m_4"   --->   Operation 432 'zext' 'zext_ln1117' <Predicate = (!icmp_ln1090)> <Delay = 0.00>
ST_35 : Operation 433 [1/1] (1.24ns)   --->   "%select_ln1098 = select i1 %p_Result_5, i8 127, i8 126"   --->   Operation 433 'select' 'select_ln1098' <Predicate = (!icmp_ln1090)> <Delay = 1.24> <CoreInst = "Sel">   --->   Core 73 'Sel' <Latency = 0> <II = 1> <Delay = 1.24> <FuncUnit> <Opcode : 'select'> <InPorts = 3> <OutPorts = 1>
ST_35 : Operation 434 [1/1] (0.00ns) (grouped into TernaryAdder)   --->   "%sub_ln1119 = sub i8 6, i8 %trunc_ln1098"   --->   Operation 434 'sub' 'sub_ln1119' <Predicate = (!icmp_ln1090)> <Delay = 0.00> <CoreInst = "TAddSub">   --->   Core 10 'TAddSub' <Latency = 0> <II = 1> <Delay = 1.83> <IPBlock> <Opcode : 'add' 'sub'> <InPorts = 3> <OutPorts = 1> <Sync> <CReg>
ST_35 : Operation 435 [1/1] (3.66ns) (root node of TernaryAdder)   --->   "%add_ln1124 = add i8 %sub_ln1119, i8 %select_ln1098"   --->   Operation 435 'add' 'add_ln1124' <Predicate = (!icmp_ln1090)> <Delay = 3.66> <CoreInst = "TAddSub">   --->   Core 10 'TAddSub' <Latency = 0> <II = 1> <Delay = 1.83> <IPBlock> <Opcode : 'add' 'sub'> <InPorts = 3> <OutPorts = 1> <Sync> <CReg>
ST_35 : Operation 436 [1/1] (0.00ns)   --->   "%tmp_3 = bitconcatenate i9 @_ssdm_op_BitConcatenate.i9.i1.i8, i1 %p_Result_9, i8 %add_ln1124"   --->   Operation 436 'bitconcatenate' 'tmp_3' <Predicate = (!icmp_ln1090)> <Delay = 0.00>
ST_35 : Operation 437 [1/1] (0.00ns)   --->   "%p_Result_11 = partset i64 @_ssdm_op_PartSet.i64.i64.i9.i32.i32, i64 %zext_ln1117, i9 %tmp_3, i32 23, i32 31"   --->   Operation 437 'partset' 'p_Result_11' <Predicate = (!icmp_ln1090)> <Delay = 0.00>
ST_35 : Operation 438 [1/1] (0.00ns)   --->   "%LD = trunc i64 %p_Result_11"   --->   Operation 438 'trunc' 'LD' <Predicate = (!icmp_ln1090)> <Delay = 0.00>

State 36 <SV = 35> <Delay = 7.25>
ST_36 : Operation 439 [1/1] (0.00ns)   --->   "%bitcast_ln766 = bitcast i32 %LD"   --->   Operation 439 'bitcast' 'bitcast_ln766' <Predicate = (!icmp_ln1090)> <Delay = 0.00>
ST_36 : Operation 440 [5/5] (7.25ns)   --->   "%phitmp = fadd i32 %bitcast_ln766, i32 1e-06"   --->   Operation 440 'fadd' 'phitmp' <Predicate = (!icmp_ln1090)> <Delay = 7.25> <CoreInst = "FAddSub_fulldsp">   --->   Core 18 'FAddSub_fulldsp' <Latency = 4> <II = 1> <Delay = 7.25> <FuncUnit> <Opcode : 'fadd' 'fsub'> <InPorts = 2> <OutPorts = 1>

State 37 <SV = 36> <Delay = 7.25>
ST_37 : Operation 441 [4/5] (7.25ns)   --->   "%phitmp = fadd i32 %bitcast_ln766, i32 1e-06"   --->   Operation 441 'fadd' 'phitmp' <Predicate = (!icmp_ln1090)> <Delay = 7.25> <CoreInst = "FAddSub_fulldsp">   --->   Core 18 'FAddSub_fulldsp' <Latency = 4> <II = 1> <Delay = 7.25> <FuncUnit> <Opcode : 'fadd' 'fsub'> <InPorts = 2> <OutPorts = 1>

State 38 <SV = 37> <Delay = 7.25>
ST_38 : Operation 442 [3/5] (7.25ns)   --->   "%phitmp = fadd i32 %bitcast_ln766, i32 1e-06"   --->   Operation 442 'fadd' 'phitmp' <Predicate = (!icmp_ln1090)> <Delay = 7.25> <CoreInst = "FAddSub_fulldsp">   --->   Core 18 'FAddSub_fulldsp' <Latency = 4> <II = 1> <Delay = 7.25> <FuncUnit> <Opcode : 'fadd' 'fsub'> <InPorts = 2> <OutPorts = 1>

State 39 <SV = 38> <Delay = 7.25>
ST_39 : Operation 443 [2/5] (7.25ns)   --->   "%phitmp = fadd i32 %bitcast_ln766, i32 1e-06"   --->   Operation 443 'fadd' 'phitmp' <Predicate = (!icmp_ln1090)> <Delay = 7.25> <CoreInst = "FAddSub_fulldsp">   --->   Core 18 'FAddSub_fulldsp' <Latency = 4> <II = 1> <Delay = 7.25> <FuncUnit> <Opcode : 'fadd' 'fsub'> <InPorts = 2> <OutPorts = 1>

State 40 <SV = 39> <Delay = 7.25>
ST_40 : Operation 444 [1/5] (7.25ns)   --->   "%phitmp = fadd i32 %bitcast_ln766, i32 1e-06"   --->   Operation 444 'fadd' 'phitmp' <Predicate = (!icmp_ln1090)> <Delay = 7.25> <CoreInst = "FAddSub_fulldsp">   --->   Core 18 'FAddSub_fulldsp' <Latency = 4> <II = 1> <Delay = 7.25> <FuncUnit> <Opcode : 'fadd' 'fsub'> <InPorts = 2> <OutPorts = 1>

State 41 <SV = 40> <Delay = 6.93>
ST_41 : Operation 445 [1/1] (0.69ns)   --->   "%select_ln1090 = select i1 %icmp_ln1090, i32 1e-06, i32 %phitmp"   --->   Operation 445 'select' 'select_ln1090' <Predicate = true> <Delay = 0.69> <CoreInst = "Sel">   --->   Core 73 'Sel' <Latency = 0> <II = 1> <Delay = 0.69> <FuncUnit> <Opcode : 'select'> <InPorts = 3> <OutPorts = 1>
ST_41 : Operation 446 [16/16] (6.23ns)   --->   "%tmp = fsqrt i32 @llvm.sqrt.f32, i32 %select_ln1090" [/home/cym/prj2/finn/notebooks/icl_thesis-master/experiments/qks_v3_s0_s10_s20_s30_exploratory_hls/q16_qksv3_s20/src/q16_qksv3_s20.cpp:45]   --->   Operation 446 'fsqrt' 'tmp' <Predicate = true> <Delay = 6.23> <CoreInst = "FSqrt">   --->   Core 35 'FSqrt' <Latency = 15> <II = 1> <Delay = 6.23> <FuncUnit> <Opcode : 'fsqrt'> <InPorts = 1> <OutPorts = 1>

State 42 <SV = 41> <Delay = 6.23>
ST_42 : Operation 447 [15/16] (6.23ns)   --->   "%tmp = fsqrt i32 @llvm.sqrt.f32, i32 %select_ln1090" [/home/cym/prj2/finn/notebooks/icl_thesis-master/experiments/qks_v3_s0_s10_s20_s30_exploratory_hls/q16_qksv3_s20/src/q16_qksv3_s20.cpp:45]   --->   Operation 447 'fsqrt' 'tmp' <Predicate = true> <Delay = 6.23> <CoreInst = "FSqrt">   --->   Core 35 'FSqrt' <Latency = 15> <II = 1> <Delay = 6.23> <FuncUnit> <Opcode : 'fsqrt'> <InPorts = 1> <OutPorts = 1>

State 43 <SV = 42> <Delay = 6.23>
ST_43 : Operation 448 [14/16] (6.23ns)   --->   "%tmp = fsqrt i32 @llvm.sqrt.f32, i32 %select_ln1090" [/home/cym/prj2/finn/notebooks/icl_thesis-master/experiments/qks_v3_s0_s10_s20_s30_exploratory_hls/q16_qksv3_s20/src/q16_qksv3_s20.cpp:45]   --->   Operation 448 'fsqrt' 'tmp' <Predicate = true> <Delay = 6.23> <CoreInst = "FSqrt">   --->   Core 35 'FSqrt' <Latency = 15> <II = 1> <Delay = 6.23> <FuncUnit> <Opcode : 'fsqrt'> <InPorts = 1> <OutPorts = 1>

State 44 <SV = 43> <Delay = 6.23>
ST_44 : Operation 449 [13/16] (6.23ns)   --->   "%tmp = fsqrt i32 @llvm.sqrt.f32, i32 %select_ln1090" [/home/cym/prj2/finn/notebooks/icl_thesis-master/experiments/qks_v3_s0_s10_s20_s30_exploratory_hls/q16_qksv3_s20/src/q16_qksv3_s20.cpp:45]   --->   Operation 449 'fsqrt' 'tmp' <Predicate = true> <Delay = 6.23> <CoreInst = "FSqrt">   --->   Core 35 'FSqrt' <Latency = 15> <II = 1> <Delay = 6.23> <FuncUnit> <Opcode : 'fsqrt'> <InPorts = 1> <OutPorts = 1>

State 45 <SV = 44> <Delay = 6.23>
ST_45 : Operation 450 [12/16] (6.23ns)   --->   "%tmp = fsqrt i32 @llvm.sqrt.f32, i32 %select_ln1090" [/home/cym/prj2/finn/notebooks/icl_thesis-master/experiments/qks_v3_s0_s10_s20_s30_exploratory_hls/q16_qksv3_s20/src/q16_qksv3_s20.cpp:45]   --->   Operation 450 'fsqrt' 'tmp' <Predicate = true> <Delay = 6.23> <CoreInst = "FSqrt">   --->   Core 35 'FSqrt' <Latency = 15> <II = 1> <Delay = 6.23> <FuncUnit> <Opcode : 'fsqrt'> <InPorts = 1> <OutPorts = 1>

State 46 <SV = 45> <Delay = 6.23>
ST_46 : Operation 451 [11/16] (6.23ns)   --->   "%tmp = fsqrt i32 @llvm.sqrt.f32, i32 %select_ln1090" [/home/cym/prj2/finn/notebooks/icl_thesis-master/experiments/qks_v3_s0_s10_s20_s30_exploratory_hls/q16_qksv3_s20/src/q16_qksv3_s20.cpp:45]   --->   Operation 451 'fsqrt' 'tmp' <Predicate = true> <Delay = 6.23> <CoreInst = "FSqrt">   --->   Core 35 'FSqrt' <Latency = 15> <II = 1> <Delay = 6.23> <FuncUnit> <Opcode : 'fsqrt'> <InPorts = 1> <OutPorts = 1>

State 47 <SV = 46> <Delay = 6.23>
ST_47 : Operation 452 [10/16] (6.23ns)   --->   "%tmp = fsqrt i32 @llvm.sqrt.f32, i32 %select_ln1090" [/home/cym/prj2/finn/notebooks/icl_thesis-master/experiments/qks_v3_s0_s10_s20_s30_exploratory_hls/q16_qksv3_s20/src/q16_qksv3_s20.cpp:45]   --->   Operation 452 'fsqrt' 'tmp' <Predicate = true> <Delay = 6.23> <CoreInst = "FSqrt">   --->   Core 35 'FSqrt' <Latency = 15> <II = 1> <Delay = 6.23> <FuncUnit> <Opcode : 'fsqrt'> <InPorts = 1> <OutPorts = 1>

State 48 <SV = 47> <Delay = 6.23>
ST_48 : Operation 453 [9/16] (6.23ns)   --->   "%tmp = fsqrt i32 @llvm.sqrt.f32, i32 %select_ln1090" [/home/cym/prj2/finn/notebooks/icl_thesis-master/experiments/qks_v3_s0_s10_s20_s30_exploratory_hls/q16_qksv3_s20/src/q16_qksv3_s20.cpp:45]   --->   Operation 453 'fsqrt' 'tmp' <Predicate = true> <Delay = 6.23> <CoreInst = "FSqrt">   --->   Core 35 'FSqrt' <Latency = 15> <II = 1> <Delay = 6.23> <FuncUnit> <Opcode : 'fsqrt'> <InPorts = 1> <OutPorts = 1>

State 49 <SV = 48> <Delay = 6.23>
ST_49 : Operation 454 [8/16] (6.23ns)   --->   "%tmp = fsqrt i32 @llvm.sqrt.f32, i32 %select_ln1090" [/home/cym/prj2/finn/notebooks/icl_thesis-master/experiments/qks_v3_s0_s10_s20_s30_exploratory_hls/q16_qksv3_s20/src/q16_qksv3_s20.cpp:45]   --->   Operation 454 'fsqrt' 'tmp' <Predicate = true> <Delay = 6.23> <CoreInst = "FSqrt">   --->   Core 35 'FSqrt' <Latency = 15> <II = 1> <Delay = 6.23> <FuncUnit> <Opcode : 'fsqrt'> <InPorts = 1> <OutPorts = 1>

State 50 <SV = 49> <Delay = 6.23>
ST_50 : Operation 455 [7/16] (6.23ns)   --->   "%tmp = fsqrt i32 @llvm.sqrt.f32, i32 %select_ln1090" [/home/cym/prj2/finn/notebooks/icl_thesis-master/experiments/qks_v3_s0_s10_s20_s30_exploratory_hls/q16_qksv3_s20/src/q16_qksv3_s20.cpp:45]   --->   Operation 455 'fsqrt' 'tmp' <Predicate = true> <Delay = 6.23> <CoreInst = "FSqrt">   --->   Core 35 'FSqrt' <Latency = 15> <II = 1> <Delay = 6.23> <FuncUnit> <Opcode : 'fsqrt'> <InPorts = 1> <OutPorts = 1>

State 51 <SV = 50> <Delay = 6.23>
ST_51 : Operation 456 [6/16] (6.23ns)   --->   "%tmp = fsqrt i32 @llvm.sqrt.f32, i32 %select_ln1090" [/home/cym/prj2/finn/notebooks/icl_thesis-master/experiments/qks_v3_s0_s10_s20_s30_exploratory_hls/q16_qksv3_s20/src/q16_qksv3_s20.cpp:45]   --->   Operation 456 'fsqrt' 'tmp' <Predicate = true> <Delay = 6.23> <CoreInst = "FSqrt">   --->   Core 35 'FSqrt' <Latency = 15> <II = 1> <Delay = 6.23> <FuncUnit> <Opcode : 'fsqrt'> <InPorts = 1> <OutPorts = 1>

State 52 <SV = 51> <Delay = 6.23>
ST_52 : Operation 457 [5/16] (6.23ns)   --->   "%tmp = fsqrt i32 @llvm.sqrt.f32, i32 %select_ln1090" [/home/cym/prj2/finn/notebooks/icl_thesis-master/experiments/qks_v3_s0_s10_s20_s30_exploratory_hls/q16_qksv3_s20/src/q16_qksv3_s20.cpp:45]   --->   Operation 457 'fsqrt' 'tmp' <Predicate = true> <Delay = 6.23> <CoreInst = "FSqrt">   --->   Core 35 'FSqrt' <Latency = 15> <II = 1> <Delay = 6.23> <FuncUnit> <Opcode : 'fsqrt'> <InPorts = 1> <OutPorts = 1>

State 53 <SV = 52> <Delay = 6.23>
ST_53 : Operation 458 [4/16] (6.23ns)   --->   "%tmp = fsqrt i32 @llvm.sqrt.f32, i32 %select_ln1090" [/home/cym/prj2/finn/notebooks/icl_thesis-master/experiments/qks_v3_s0_s10_s20_s30_exploratory_hls/q16_qksv3_s20/src/q16_qksv3_s20.cpp:45]   --->   Operation 458 'fsqrt' 'tmp' <Predicate = true> <Delay = 6.23> <CoreInst = "FSqrt">   --->   Core 35 'FSqrt' <Latency = 15> <II = 1> <Delay = 6.23> <FuncUnit> <Opcode : 'fsqrt'> <InPorts = 1> <OutPorts = 1>

State 54 <SV = 53> <Delay = 6.23>
ST_54 : Operation 459 [3/16] (6.23ns)   --->   "%tmp = fsqrt i32 @llvm.sqrt.f32, i32 %select_ln1090" [/home/cym/prj2/finn/notebooks/icl_thesis-master/experiments/qks_v3_s0_s10_s20_s30_exploratory_hls/q16_qksv3_s20/src/q16_qksv3_s20.cpp:45]   --->   Operation 459 'fsqrt' 'tmp' <Predicate = true> <Delay = 6.23> <CoreInst = "FSqrt">   --->   Core 35 'FSqrt' <Latency = 15> <II = 1> <Delay = 6.23> <FuncUnit> <Opcode : 'fsqrt'> <InPorts = 1> <OutPorts = 1>

State 55 <SV = 54> <Delay = 6.23>
ST_55 : Operation 460 [2/16] (6.23ns)   --->   "%tmp = fsqrt i32 @llvm.sqrt.f32, i32 %select_ln1090" [/home/cym/prj2/finn/notebooks/icl_thesis-master/experiments/qks_v3_s0_s10_s20_s30_exploratory_hls/q16_qksv3_s20/src/q16_qksv3_s20.cpp:45]   --->   Operation 460 'fsqrt' 'tmp' <Predicate = true> <Delay = 6.23> <CoreInst = "FSqrt">   --->   Core 35 'FSqrt' <Latency = 15> <II = 1> <Delay = 6.23> <FuncUnit> <Opcode : 'fsqrt'> <InPorts = 1> <OutPorts = 1>

State 56 <SV = 55> <Delay = 6.23>
ST_56 : Operation 461 [1/16] (6.23ns)   --->   "%tmp = fsqrt i32 @llvm.sqrt.f32, i32 %select_ln1090" [/home/cym/prj2/finn/notebooks/icl_thesis-master/experiments/qks_v3_s0_s10_s20_s30_exploratory_hls/q16_qksv3_s20/src/q16_qksv3_s20.cpp:45]   --->   Operation 461 'fsqrt' 'tmp' <Predicate = true> <Delay = 6.23> <CoreInst = "FSqrt">   --->   Core 35 'FSqrt' <Latency = 15> <II = 1> <Delay = 6.23> <FuncUnit> <Opcode : 'fsqrt'> <InPorts = 1> <OutPorts = 1>

State 57 <SV = 56> <Delay = 6.07>
ST_57 : Operation 462 [16/16] (6.07ns)   --->   "%d_assign = fdiv i32 1, i32 %tmp" [/home/cym/prj2/finn/notebooks/icl_thesis-master/experiments/qks_v3_s0_s10_s20_s30_exploratory_hls/q16_qksv3_s20/src/q16_qksv3_s20.cpp:45]   --->   Operation 462 'fdiv' 'd_assign' <Predicate = true> <Delay = 6.07> <CoreInst = "FDiv">   --->   Core 20 'FDiv' <Latency = 15> <II = 1> <Delay = 6.07> <FuncUnit> <Opcode : 'fdiv' 'frem'> <InPorts = 2> <OutPorts = 1>

State 58 <SV = 57> <Delay = 6.07>
ST_58 : Operation 463 [15/16] (6.07ns)   --->   "%d_assign = fdiv i32 1, i32 %tmp" [/home/cym/prj2/finn/notebooks/icl_thesis-master/experiments/qks_v3_s0_s10_s20_s30_exploratory_hls/q16_qksv3_s20/src/q16_qksv3_s20.cpp:45]   --->   Operation 463 'fdiv' 'd_assign' <Predicate = true> <Delay = 6.07> <CoreInst = "FDiv">   --->   Core 20 'FDiv' <Latency = 15> <II = 1> <Delay = 6.07> <FuncUnit> <Opcode : 'fdiv' 'frem'> <InPorts = 2> <OutPorts = 1>

State 59 <SV = 58> <Delay = 6.07>
ST_59 : Operation 464 [14/16] (6.07ns)   --->   "%d_assign = fdiv i32 1, i32 %tmp" [/home/cym/prj2/finn/notebooks/icl_thesis-master/experiments/qks_v3_s0_s10_s20_s30_exploratory_hls/q16_qksv3_s20/src/q16_qksv3_s20.cpp:45]   --->   Operation 464 'fdiv' 'd_assign' <Predicate = true> <Delay = 6.07> <CoreInst = "FDiv">   --->   Core 20 'FDiv' <Latency = 15> <II = 1> <Delay = 6.07> <FuncUnit> <Opcode : 'fdiv' 'frem'> <InPorts = 2> <OutPorts = 1>

State 60 <SV = 59> <Delay = 6.07>
ST_60 : Operation 465 [13/16] (6.07ns)   --->   "%d_assign = fdiv i32 1, i32 %tmp" [/home/cym/prj2/finn/notebooks/icl_thesis-master/experiments/qks_v3_s0_s10_s20_s30_exploratory_hls/q16_qksv3_s20/src/q16_qksv3_s20.cpp:45]   --->   Operation 465 'fdiv' 'd_assign' <Predicate = true> <Delay = 6.07> <CoreInst = "FDiv">   --->   Core 20 'FDiv' <Latency = 15> <II = 1> <Delay = 6.07> <FuncUnit> <Opcode : 'fdiv' 'frem'> <InPorts = 2> <OutPorts = 1>

State 61 <SV = 60> <Delay = 6.07>
ST_61 : Operation 466 [12/16] (6.07ns)   --->   "%d_assign = fdiv i32 1, i32 %tmp" [/home/cym/prj2/finn/notebooks/icl_thesis-master/experiments/qks_v3_s0_s10_s20_s30_exploratory_hls/q16_qksv3_s20/src/q16_qksv3_s20.cpp:45]   --->   Operation 466 'fdiv' 'd_assign' <Predicate = true> <Delay = 6.07> <CoreInst = "FDiv">   --->   Core 20 'FDiv' <Latency = 15> <II = 1> <Delay = 6.07> <FuncUnit> <Opcode : 'fdiv' 'frem'> <InPorts = 2> <OutPorts = 1>

State 62 <SV = 61> <Delay = 6.07>
ST_62 : Operation 467 [11/16] (6.07ns)   --->   "%d_assign = fdiv i32 1, i32 %tmp" [/home/cym/prj2/finn/notebooks/icl_thesis-master/experiments/qks_v3_s0_s10_s20_s30_exploratory_hls/q16_qksv3_s20/src/q16_qksv3_s20.cpp:45]   --->   Operation 467 'fdiv' 'd_assign' <Predicate = true> <Delay = 6.07> <CoreInst = "FDiv">   --->   Core 20 'FDiv' <Latency = 15> <II = 1> <Delay = 6.07> <FuncUnit> <Opcode : 'fdiv' 'frem'> <InPorts = 2> <OutPorts = 1>

State 63 <SV = 62> <Delay = 6.07>
ST_63 : Operation 468 [10/16] (6.07ns)   --->   "%d_assign = fdiv i32 1, i32 %tmp" [/home/cym/prj2/finn/notebooks/icl_thesis-master/experiments/qks_v3_s0_s10_s20_s30_exploratory_hls/q16_qksv3_s20/src/q16_qksv3_s20.cpp:45]   --->   Operation 468 'fdiv' 'd_assign' <Predicate = true> <Delay = 6.07> <CoreInst = "FDiv">   --->   Core 20 'FDiv' <Latency = 15> <II = 1> <Delay = 6.07> <FuncUnit> <Opcode : 'fdiv' 'frem'> <InPorts = 2> <OutPorts = 1>

State 64 <SV = 63> <Delay = 6.07>
ST_64 : Operation 469 [9/16] (6.07ns)   --->   "%d_assign = fdiv i32 1, i32 %tmp" [/home/cym/prj2/finn/notebooks/icl_thesis-master/experiments/qks_v3_s0_s10_s20_s30_exploratory_hls/q16_qksv3_s20/src/q16_qksv3_s20.cpp:45]   --->   Operation 469 'fdiv' 'd_assign' <Predicate = true> <Delay = 6.07> <CoreInst = "FDiv">   --->   Core 20 'FDiv' <Latency = 15> <II = 1> <Delay = 6.07> <FuncUnit> <Opcode : 'fdiv' 'frem'> <InPorts = 2> <OutPorts = 1>

State 65 <SV = 64> <Delay = 6.07>
ST_65 : Operation 470 [8/16] (6.07ns)   --->   "%d_assign = fdiv i32 1, i32 %tmp" [/home/cym/prj2/finn/notebooks/icl_thesis-master/experiments/qks_v3_s0_s10_s20_s30_exploratory_hls/q16_qksv3_s20/src/q16_qksv3_s20.cpp:45]   --->   Operation 470 'fdiv' 'd_assign' <Predicate = true> <Delay = 6.07> <CoreInst = "FDiv">   --->   Core 20 'FDiv' <Latency = 15> <II = 1> <Delay = 6.07> <FuncUnit> <Opcode : 'fdiv' 'frem'> <InPorts = 2> <OutPorts = 1>

State 66 <SV = 65> <Delay = 6.07>
ST_66 : Operation 471 [7/16] (6.07ns)   --->   "%d_assign = fdiv i32 1, i32 %tmp" [/home/cym/prj2/finn/notebooks/icl_thesis-master/experiments/qks_v3_s0_s10_s20_s30_exploratory_hls/q16_qksv3_s20/src/q16_qksv3_s20.cpp:45]   --->   Operation 471 'fdiv' 'd_assign' <Predicate = true> <Delay = 6.07> <CoreInst = "FDiv">   --->   Core 20 'FDiv' <Latency = 15> <II = 1> <Delay = 6.07> <FuncUnit> <Opcode : 'fdiv' 'frem'> <InPorts = 2> <OutPorts = 1>

State 67 <SV = 66> <Delay = 6.07>
ST_67 : Operation 472 [6/16] (6.07ns)   --->   "%d_assign = fdiv i32 1, i32 %tmp" [/home/cym/prj2/finn/notebooks/icl_thesis-master/experiments/qks_v3_s0_s10_s20_s30_exploratory_hls/q16_qksv3_s20/src/q16_qksv3_s20.cpp:45]   --->   Operation 472 'fdiv' 'd_assign' <Predicate = true> <Delay = 6.07> <CoreInst = "FDiv">   --->   Core 20 'FDiv' <Latency = 15> <II = 1> <Delay = 6.07> <FuncUnit> <Opcode : 'fdiv' 'frem'> <InPorts = 2> <OutPorts = 1>

State 68 <SV = 67> <Delay = 6.07>
ST_68 : Operation 473 [5/16] (6.07ns)   --->   "%d_assign = fdiv i32 1, i32 %tmp" [/home/cym/prj2/finn/notebooks/icl_thesis-master/experiments/qks_v3_s0_s10_s20_s30_exploratory_hls/q16_qksv3_s20/src/q16_qksv3_s20.cpp:45]   --->   Operation 473 'fdiv' 'd_assign' <Predicate = true> <Delay = 6.07> <CoreInst = "FDiv">   --->   Core 20 'FDiv' <Latency = 15> <II = 1> <Delay = 6.07> <FuncUnit> <Opcode : 'fdiv' 'frem'> <InPorts = 2> <OutPorts = 1>

State 69 <SV = 68> <Delay = 6.07>
ST_69 : Operation 474 [4/16] (6.07ns)   --->   "%d_assign = fdiv i32 1, i32 %tmp" [/home/cym/prj2/finn/notebooks/icl_thesis-master/experiments/qks_v3_s0_s10_s20_s30_exploratory_hls/q16_qksv3_s20/src/q16_qksv3_s20.cpp:45]   --->   Operation 474 'fdiv' 'd_assign' <Predicate = true> <Delay = 6.07> <CoreInst = "FDiv">   --->   Core 20 'FDiv' <Latency = 15> <II = 1> <Delay = 6.07> <FuncUnit> <Opcode : 'fdiv' 'frem'> <InPorts = 2> <OutPorts = 1>

State 70 <SV = 69> <Delay = 6.07>
ST_70 : Operation 475 [3/16] (6.07ns)   --->   "%d_assign = fdiv i32 1, i32 %tmp" [/home/cym/prj2/finn/notebooks/icl_thesis-master/experiments/qks_v3_s0_s10_s20_s30_exploratory_hls/q16_qksv3_s20/src/q16_qksv3_s20.cpp:45]   --->   Operation 475 'fdiv' 'd_assign' <Predicate = true> <Delay = 6.07> <CoreInst = "FDiv">   --->   Core 20 'FDiv' <Latency = 15> <II = 1> <Delay = 6.07> <FuncUnit> <Opcode : 'fdiv' 'frem'> <InPorts = 2> <OutPorts = 1>

State 71 <SV = 70> <Delay = 6.07>
ST_71 : Operation 476 [2/16] (6.07ns)   --->   "%d_assign = fdiv i32 1, i32 %tmp" [/home/cym/prj2/finn/notebooks/icl_thesis-master/experiments/qks_v3_s0_s10_s20_s30_exploratory_hls/q16_qksv3_s20/src/q16_qksv3_s20.cpp:45]   --->   Operation 476 'fdiv' 'd_assign' <Predicate = true> <Delay = 6.07> <CoreInst = "FDiv">   --->   Core 20 'FDiv' <Latency = 15> <II = 1> <Delay = 6.07> <FuncUnit> <Opcode : 'fdiv' 'frem'> <InPorts = 2> <OutPorts = 1>

State 72 <SV = 71> <Delay = 6.07>
ST_72 : Operation 477 [1/16] (6.07ns)   --->   "%d_assign = fdiv i32 1, i32 %tmp" [/home/cym/prj2/finn/notebooks/icl_thesis-master/experiments/qks_v3_s0_s10_s20_s30_exploratory_hls/q16_qksv3_s20/src/q16_qksv3_s20.cpp:45]   --->   Operation 477 'fdiv' 'd_assign' <Predicate = true> <Delay = 6.07> <CoreInst = "FDiv">   --->   Core 20 'FDiv' <Latency = 15> <II = 1> <Delay = 6.07> <FuncUnit> <Opcode : 'fdiv' 'frem'> <InPorts = 2> <OutPorts = 1>

State 73 <SV = 72> <Delay = 4.43>
ST_73 : Operation 478 [2/2] (4.43ns)   --->   "%d = fpext i32 %d_assign"   --->   Operation 478 'fpext' 'd' <Predicate = true> <Delay = 4.43> <CoreInst = "Float2Double">   --->   Core 64 'Float2Double' <Latency = 1> <II = 1> <Delay = 4.43> <FuncUnit> <Opcode : 'fpext'> <InPorts = 1> <OutPorts = 1>

State 74 <SV = 73> <Delay = 7.22>
ST_74 : Operation 479 [1/2] (4.43ns)   --->   "%d = fpext i32 %d_assign"   --->   Operation 479 'fpext' 'd' <Predicate = true> <Delay = 4.43> <CoreInst = "Float2Double">   --->   Core 64 'Float2Double' <Latency = 1> <II = 1> <Delay = 4.43> <FuncUnit> <Opcode : 'fpext'> <InPorts = 1> <OutPorts = 1>
ST_74 : Operation 480 [1/1] (0.00ns)   --->   "%ireg = bitcast i64 %d"   --->   Operation 480 'bitcast' 'ireg' <Predicate = true> <Delay = 0.00>
ST_74 : Operation 481 [1/1] (0.00ns)   --->   "%trunc_ln544 = trunc i64 %ireg"   --->   Operation 481 'trunc' 'trunc_ln544' <Predicate = true> <Delay = 0.00>
ST_74 : Operation 482 [1/1] (0.00ns)   --->   "%p_Result_12 = bitselect i1 @_ssdm_op_BitSelect.i1.i64.i32, i64 %ireg, i32 63"   --->   Operation 482 'bitselect' 'p_Result_12' <Predicate = true> <Delay = 0.00>
ST_74 : Operation 483 [1/1] (0.00ns)   --->   "%exp_tmp = partselect i11 @_ssdm_op_PartSelect.i11.i64.i32.i32, i64 %ireg, i32 52, i32 62"   --->   Operation 483 'partselect' 'exp_tmp' <Predicate = true> <Delay = 0.00>
ST_74 : Operation 484 [1/1] (0.00ns)   --->   "%trunc_ln554 = trunc i64 %ireg"   --->   Operation 484 'trunc' 'trunc_ln554' <Predicate = true> <Delay = 0.00>
ST_74 : Operation 485 [1/1] (2.78ns)   --->   "%icmp_ln560 = icmp_eq  i63 %trunc_ln544, i63 0"   --->   Operation 485 'icmp' 'icmp_ln560' <Predicate = true> <Delay = 2.78> <CoreInst = "Cmp">   --->   Core 9 'Cmp' <Latency = 0> <II = 1> <Delay = 2.78> <FuncUnit> <Opcode : 'icmp'> <InPorts = 2> <OutPorts = 1>

State 75 <SV = 74> <Delay = 5.78>
ST_75 : Operation 486 [1/1] (0.00ns)   --->   "%zext_ln455 = zext i11 %exp_tmp"   --->   Operation 486 'zext' 'zext_ln455' <Predicate = (!icmp_ln560)> <Delay = 0.00>
ST_75 : Operation 487 [1/1] (0.00ns)   --->   "%p_Result_13 = bitconcatenate i53 @_ssdm_op_BitConcatenate.i53.i1.i52, i1 1, i52 %trunc_ln554"   --->   Operation 487 'bitconcatenate' 'p_Result_13' <Predicate = (!icmp_ln560)> <Delay = 0.00>
ST_75 : Operation 488 [1/1] (0.00ns)   --->   "%zext_ln558 = zext i53 %p_Result_13"   --->   Operation 488 'zext' 'zext_ln558' <Predicate = (!icmp_ln560)> <Delay = 0.00>
ST_75 : Operation 489 [1/1] (3.23ns)   --->   "%man_V_1 = sub i54 0, i54 %zext_ln558"   --->   Operation 489 'sub' 'man_V_1' <Predicate = (!icmp_ln560 & p_Result_12)> <Delay = 3.23> <CoreInst = "Adder">   --->   Core 1 'Adder' <Latency = 0> <II = 1> <Delay = 3.23> <FuncUnit> <Opcode : 'add' 'sub'> <InPorts = 2> <OutPorts = 1>
ST_75 : Operation 490 [1/1] (0.94ns)   --->   "%man_V_2 = select i1 %p_Result_12, i54 %man_V_1, i54 %zext_ln558"   --->   Operation 490 'select' 'man_V_2' <Predicate = (!icmp_ln560)> <Delay = 0.94> <CoreInst = "Sel">   --->   Core 73 'Sel' <Latency = 0> <II = 1> <Delay = 0.94> <FuncUnit> <Opcode : 'select'> <InPorts = 3> <OutPorts = 1>
ST_75 : Operation 491 [1/1] (1.54ns)   --->   "%F2 = sub i12 1075, i12 %zext_ln455"   --->   Operation 491 'sub' 'F2' <Predicate = (!icmp_ln560)> <Delay = 1.54> <CoreInst = "Adder">   --->   Core 1 'Adder' <Latency = 0> <II = 1> <Delay = 1.54> <FuncUnit> <Opcode : 'add' 'sub'> <InPorts = 2> <OutPorts = 1>
ST_75 : Operation 492 [1/1] (1.99ns)   --->   "%icmp_ln570 = icmp_sgt  i12 %F2, i12 10"   --->   Operation 492 'icmp' 'icmp_ln570' <Predicate = (!icmp_ln560)> <Delay = 1.99> <CoreInst = "Cmp">   --->   Core 9 'Cmp' <Latency = 0> <II = 1> <Delay = 1.99> <FuncUnit> <Opcode : 'icmp'> <InPorts = 2> <OutPorts = 1>
ST_75 : Operation 493 [1/1] (1.54ns)   --->   "%add_ln570 = add i12 %F2, i12 4086"   --->   Operation 493 'add' 'add_ln570' <Predicate = (!icmp_ln560)> <Delay = 1.54> <CoreInst = "Adder">   --->   Core 1 'Adder' <Latency = 0> <II = 1> <Delay = 1.54> <FuncUnit> <Opcode : 'add' 'sub'> <InPorts = 2> <OutPorts = 1>
ST_75 : Operation 494 [1/1] (1.54ns)   --->   "%sub_ln570 = sub i12 10, i12 %F2"   --->   Operation 494 'sub' 'sub_ln570' <Predicate = (!icmp_ln560)> <Delay = 1.54> <CoreInst = "Adder">   --->   Core 1 'Adder' <Latency = 0> <II = 1> <Delay = 1.54> <FuncUnit> <Opcode : 'add' 'sub'> <InPorts = 2> <OutPorts = 1>
ST_75 : Operation 495 [1/1] (0.69ns)   --->   "%sh_amt = select i1 %icmp_ln570, i12 %add_ln570, i12 %sub_ln570"   --->   Operation 495 'select' 'sh_amt' <Predicate = (!icmp_ln560)> <Delay = 0.69> <CoreInst = "Sel">   --->   Core 73 'Sel' <Latency = 0> <II = 1> <Delay = 0.69> <FuncUnit> <Opcode : 'select'> <InPorts = 3> <OutPorts = 1>
ST_75 : Operation 496 [1/1] (1.99ns)   --->   "%icmp_ln571 = icmp_eq  i12 %F2, i12 10"   --->   Operation 496 'icmp' 'icmp_ln571' <Predicate = (!icmp_ln560)> <Delay = 1.99> <CoreInst = "Cmp">   --->   Core 9 'Cmp' <Latency = 0> <II = 1> <Delay = 1.99> <FuncUnit> <Opcode : 'icmp'> <InPorts = 2> <OutPorts = 1>
ST_75 : Operation 497 [1/1] (0.00ns)   --->   "%trunc_ln572 = trunc i54 %man_V_2"   --->   Operation 497 'trunc' 'trunc_ln572' <Predicate = (!icmp_ln560)> <Delay = 0.00>
ST_75 : Operation 498 [1/1] (0.00ns)   --->   "%tmp_31 = partselect i8 @_ssdm_op_PartSelect.i8.i12.i32.i32, i12 %sh_amt, i32 4, i32 11"   --->   Operation 498 'partselect' 'tmp_31' <Predicate = (!icmp_ln560)> <Delay = 0.00>
ST_75 : Operation 499 [1/1] (1.55ns)   --->   "%icmp_ln592 = icmp_eq  i8 %tmp_31, i8 0"   --->   Operation 499 'icmp' 'icmp_ln592' <Predicate = (!icmp_ln560)> <Delay = 1.55> <CoreInst = "Cmp">   --->   Core 9 'Cmp' <Latency = 0> <II = 1> <Delay = 1.55> <FuncUnit> <Opcode : 'icmp'> <InPorts = 2> <OutPorts = 1>

State 76 <SV = 75> <Delay = 3.98>
ST_76 : Operation 500 [1/1] (0.00ns)   --->   "%sext_ln570 = sext i12 %sh_amt"   --->   Operation 500 'sext' 'sext_ln570' <Predicate = (!icmp_ln560)> <Delay = 0.00>
ST_76 : Operation 501 [1/1] (1.99ns)   --->   "%icmp_ln574 = icmp_ult  i12 %sh_amt, i12 54"   --->   Operation 501 'icmp' 'icmp_ln574' <Predicate = (!icmp_ln560)> <Delay = 1.99> <CoreInst = "Cmp">   --->   Core 9 'Cmp' <Latency = 0> <II = 1> <Delay = 1.99> <FuncUnit> <Opcode : 'icmp'> <InPorts = 2> <OutPorts = 1>
ST_76 : Operation 502 [1/1] (0.00ns) (grouped into LUT with out node select_ln571)   --->   "%sext_ln570cast = trunc i32 %sext_ln570"   --->   Operation 502 'trunc' 'sext_ln570cast' <Predicate = (!icmp_ln560 & icmp_ln592)> <Delay = 0.00>
ST_76 : Operation 503 [1/1] (0.00ns) (grouped into LUT with out node select_ln571)   --->   "%shl_ln593 = shl i16 %trunc_ln572, i16 %sext_ln570cast"   --->   Operation 503 'shl' 'shl_ln593' <Predicate = (!icmp_ln560 & icmp_ln592)> <Delay = 0.00> <CoreInst = "Shifter">   --->   Core 75 'Shifter' <Latency = 0> <II = 1> <Delay = 3.98> <FuncUnit> <Opcode : 'shl' 'lshr' 'ashr'> <InPorts = 2> <OutPorts = 1>
ST_76 : Operation 504 [1/1] (0.00ns) (grouped into LUT with out node select_ln571)   --->   "%select_ln592 = select i1 %icmp_ln592, i16 %shl_ln593, i16 0"   --->   Operation 504 'select' 'select_ln592' <Predicate = (!icmp_ln560)> <Delay = 0.00> <CoreInst = "Sel">   --->   Core 73 'Sel' <Latency = 0> <II = 1> <Delay = 0.80> <FuncUnit> <Opcode : 'select'> <InPorts = 3> <OutPorts = 1>
ST_76 : Operation 505 [1/1] (0.00ns) (grouped into LUT with out node select_ln571)   --->   "%xor_ln560 = xor i1 %icmp_ln560, i1 1"   --->   Operation 505 'xor' 'xor_ln560' <Predicate = (!icmp_ln560)> <Delay = 0.00> <CoreInst = "LogicGate">   --->   Core 74 'LogicGate' <Latency = 0> <II = 1> <Delay = 0.97> <FuncUnit> <Opcode : 'and' 'or' 'xor'> <InPorts = 2> <OutPorts = 1>
ST_76 : Operation 506 [1/1] (0.00ns) (grouped into LUT with out node select_ln571)   --->   "%and_ln571 = and i1 %icmp_ln571, i1 %xor_ln560"   --->   Operation 506 'and' 'and_ln571' <Predicate = (!icmp_ln560)> <Delay = 0.00> <CoreInst = "LogicGate">   --->   Core 74 'LogicGate' <Latency = 0> <II = 1> <Delay = 0.97> <FuncUnit> <Opcode : 'and' 'or' 'xor'> <InPorts = 2> <OutPorts = 1>
ST_76 : Operation 507 [1/1] (3.98ns) (out node of the LUT)   --->   "%select_ln571 = select i1 %and_ln571, i16 %trunc_ln572, i16 %select_ln592"   --->   Operation 507 'select' 'select_ln571' <Predicate = (!icmp_ln560)> <Delay = 3.98> <CoreInst = "Sel">   --->   Core 73 'Sel' <Latency = 0> <II = 1> <Delay = 0.80> <FuncUnit> <Opcode : 'select'> <InPorts = 3> <OutPorts = 1>
ST_76 : Operation 508 [1/1] (0.00ns) (grouped into LUT with out node and_ln570)   --->   "%or_ln571 = or i1 %icmp_ln560, i1 %icmp_ln571"   --->   Operation 508 'or' 'or_ln571' <Predicate = (!icmp_ln560)> <Delay = 0.00> <CoreInst = "LogicGate">   --->   Core 74 'LogicGate' <Latency = 0> <II = 1> <Delay = 0.97> <FuncUnit> <Opcode : 'and' 'or' 'xor'> <InPorts = 2> <OutPorts = 1>
ST_76 : Operation 509 [1/1] (0.00ns) (grouped into LUT with out node and_ln570)   --->   "%xor_ln571 = xor i1 %or_ln571, i1 1"   --->   Operation 509 'xor' 'xor_ln571' <Predicate = (!icmp_ln560)> <Delay = 0.00> <CoreInst = "LogicGate">   --->   Core 74 'LogicGate' <Latency = 0> <II = 1> <Delay = 0.97> <FuncUnit> <Opcode : 'and' 'or' 'xor'> <InPorts = 2> <OutPorts = 1>
ST_76 : Operation 510 [1/1] (0.97ns) (out node of the LUT)   --->   "%and_ln570 = and i1 %icmp_ln570, i1 %xor_ln571"   --->   Operation 510 'and' 'and_ln570' <Predicate = (!icmp_ln560)> <Delay = 0.97> <CoreInst = "LogicGate">   --->   Core 74 'LogicGate' <Latency = 0> <II = 1> <Delay = 0.97> <FuncUnit> <Opcode : 'and' 'or' 'xor'> <InPorts = 2> <OutPorts = 1>

State 77 <SV = 76> <Delay = 6.46>
ST_77 : Operation 511 [1/1] (0.00ns) (grouped into LUT with out node select_ln570)   --->   "%zext_ln575 = zext i32 %sext_ln570"   --->   Operation 511 'zext' 'zext_ln575' <Predicate = (!icmp_ln560 & icmp_ln574 & and_ln570)> <Delay = 0.00>
ST_77 : Operation 512 [1/1] (0.00ns) (grouped into LUT with out node select_ln570)   --->   "%ashr_ln575 = ashr i54 %man_V_2, i54 %zext_ln575"   --->   Operation 512 'ashr' 'ashr_ln575' <Predicate = (!icmp_ln560 & icmp_ln574 & and_ln570)> <Delay = 0.00> <CoreInst = "Shifter">   --->   Core 75 'Shifter' <Latency = 0> <II = 1> <Delay = 4.61> <FuncUnit> <Opcode : 'shl' 'lshr' 'ashr'> <InPorts = 2> <OutPorts = 1>
ST_77 : Operation 513 [1/1] (0.00ns) (grouped into LUT with out node select_ln570)   --->   "%trunc_ln575 = trunc i54 %ashr_ln575"   --->   Operation 513 'trunc' 'trunc_ln575' <Predicate = (!icmp_ln560 & icmp_ln574 & and_ln570)> <Delay = 0.00>
ST_77 : Operation 514 [1/1] (0.00ns) (grouped into LUT with out node select_ln570)   --->   "%bitcast_ln724 = bitcast i32 %d_assign"   --->   Operation 514 'bitcast' 'bitcast_ln724' <Predicate = (!icmp_ln560 & !icmp_ln574 & and_ln570)> <Delay = 0.00>
ST_77 : Operation 515 [1/1] (0.00ns) (grouped into LUT with out node select_ln570)   --->   "%tmp_30 = bitselect i1 @_ssdm_op_BitSelect.i1.i32.i32, i32 %bitcast_ln724, i32 31"   --->   Operation 515 'bitselect' 'tmp_30' <Predicate = (!icmp_ln560 & !icmp_ln574 & and_ln570)> <Delay = 0.00>
ST_77 : Operation 516 [1/1] (0.00ns) (grouped into LUT with out node select_ln570)   --->   "%select_ln577 = select i1 %tmp_30, i16 65535, i16 0"   --->   Operation 516 'select' 'select_ln577' <Predicate = (!icmp_ln560 & !icmp_ln574 & and_ln570)> <Delay = 0.00> <CoreInst = "Sel">   --->   Core 73 'Sel' <Latency = 0> <II = 1> <Delay = 0.99> <FuncUnit> <Opcode : 'select'> <InPorts = 3> <OutPorts = 1>
ST_77 : Operation 517 [1/1] (0.00ns) (grouped into LUT with out node select_ln570)   --->   "%select_ln574 = select i1 %icmp_ln574, i16 %trunc_ln575, i16 %select_ln577"   --->   Operation 517 'select' 'select_ln574' <Predicate = (!icmp_ln560 & and_ln570)> <Delay = 0.00> <CoreInst = "Sel">   --->   Core 73 'Sel' <Latency = 0> <II = 1> <Delay = 0.80> <FuncUnit> <Opcode : 'select'> <InPorts = 3> <OutPorts = 1>
ST_77 : Operation 518 [1/1] (4.61ns) (out node of the LUT)   --->   "%select_ln570 = select i1 %and_ln570, i16 %select_ln574, i16 %select_ln571"   --->   Operation 518 'select' 'select_ln570' <Predicate = (!icmp_ln560)> <Delay = 4.61> <CoreInst = "Sel">   --->   Core 73 'Sel' <Latency = 0> <II = 1> <Delay = 0.80> <FuncUnit> <Opcode : 'select'> <InPorts = 3> <OutPorts = 1>
ST_77 : Operation 519 [1/1] (0.80ns) (out node of the LUT)   --->   "%inv_std_V = select i1 %icmp_ln560, i16 0, i16 %select_ln570"   --->   Operation 519 'select' 'inv_std_V' <Predicate = true> <Delay = 0.80> <CoreInst = "Sel">   --->   Core 73 'Sel' <Latency = 0> <II = 1> <Delay = 0.80> <FuncUnit> <Opcode : 'select'> <InPorts = 3> <OutPorts = 1>
ST_77 : Operation 520 [1/1] (0.00ns)   --->   "%sext_ln1348 = sext i16 %mean"   --->   Operation 520 'sext' 'sext_ln1348' <Predicate = true> <Delay = 0.00>
ST_77 : Operation 521 [1/1] (0.00ns)   --->   "%sext_ln1348_1 = sext i16 %x_load"   --->   Operation 521 'sext' 'sext_ln1348_1' <Predicate = true> <Delay = 0.00>
ST_77 : Operation 522 [1/1] (2.25ns) (grouped into DSP with root node mul_ln818_1)   --->   "%sub_ln1348 = sub i17 %sext_ln1348_1, i17 %sext_ln1348"   --->   Operation 522 'sub' 'sub_ln1348' <Predicate = true> <Delay = 2.25> <CoreInst = "DSP48">   --->   Core 119 'DSP48' <Latency = 3> <II = 1> <Delay = 2.15> <IPBlock> <Opcode : 'mul' 'add' 'sub' 'select'> <InPorts = 0> <OutPorts = 1> <Sync> <CReg>
ST_77 : Operation 523 [1/1] (0.00ns) (grouped into DSP with root node mul_ln818_1)   --->   "%sext_ln1273_31 = sext i17 %sub_ln1348"   --->   Operation 523 'sext' 'sext_ln1273_31' <Predicate = true> <Delay = 0.00>
ST_77 : Operation 524 [1/1] (0.00ns)   --->   "%sext_ln1273_32 = sext i16 %inv_std_V"   --->   Operation 524 'sext' 'sext_ln1273_32' <Predicate = true> <Delay = 0.00>
ST_77 : Operation 525 [4/4] (1.05ns) (root node of the DSP)   --->   "%mul_ln818_1 = mul i26 %sext_ln1273_31, i26 %sext_ln1273_32"   --->   Operation 525 'mul' 'mul_ln818_1' <Predicate = true> <Delay = 1.05> <CoreInst = "DSP48">   --->   Core 119 'DSP48' <Latency = 3> <II = 1> <Delay = 2.15> <IPBlock> <Opcode : 'mul' 'add' 'sub' 'select'> <InPorts = 0> <OutPorts = 1> <Sync> <CReg>
ST_77 : Operation 526 [1/1] (0.00ns)   --->   "%sext_ln1348_2 = sext i16 %x_load_1"   --->   Operation 526 'sext' 'sext_ln1348_2' <Predicate = true> <Delay = 0.00>
ST_77 : Operation 527 [1/1] (2.25ns) (grouped into DSP with root node mul_ln818_2)   --->   "%sub_ln1348_1 = sub i17 %sext_ln1348_2, i17 %sext_ln1348"   --->   Operation 527 'sub' 'sub_ln1348_1' <Predicate = true> <Delay = 2.25> <CoreInst = "DSP48">   --->   Core 119 'DSP48' <Latency = 3> <II = 1> <Delay = 2.15> <IPBlock> <Opcode : 'mul' 'add' 'sub' 'select'> <InPorts = 0> <OutPorts = 1> <Sync> <CReg>
ST_77 : Operation 528 [1/1] (0.00ns) (grouped into DSP with root node mul_ln818_2)   --->   "%sext_ln1273_33 = sext i17 %sub_ln1348_1"   --->   Operation 528 'sext' 'sext_ln1273_33' <Predicate = true> <Delay = 0.00>
ST_77 : Operation 529 [4/4] (1.05ns) (root node of the DSP)   --->   "%mul_ln818_2 = mul i26 %sext_ln1273_33, i26 %sext_ln1273_32"   --->   Operation 529 'mul' 'mul_ln818_2' <Predicate = true> <Delay = 1.05> <CoreInst = "DSP48">   --->   Core 119 'DSP48' <Latency = 3> <II = 1> <Delay = 2.15> <IPBlock> <Opcode : 'mul' 'add' 'sub' 'select'> <InPorts = 0> <OutPorts = 1> <Sync> <CReg>
ST_77 : Operation 530 [1/1] (0.00ns)   --->   "%sext_ln1348_3 = sext i16 %x_load_2"   --->   Operation 530 'sext' 'sext_ln1348_3' <Predicate = true> <Delay = 0.00>
ST_77 : Operation 531 [1/1] (2.25ns) (grouped into DSP with root node mul_ln818_3)   --->   "%sub_ln1348_2 = sub i17 %sext_ln1348_3, i17 %sext_ln1348"   --->   Operation 531 'sub' 'sub_ln1348_2' <Predicate = true> <Delay = 2.25> <CoreInst = "DSP48">   --->   Core 119 'DSP48' <Latency = 3> <II = 1> <Delay = 2.15> <IPBlock> <Opcode : 'mul' 'add' 'sub' 'select'> <InPorts = 0> <OutPorts = 1> <Sync> <CReg>
ST_77 : Operation 532 [1/1] (0.00ns) (grouped into DSP with root node mul_ln818_3)   --->   "%sext_ln1273_34 = sext i17 %sub_ln1348_2"   --->   Operation 532 'sext' 'sext_ln1273_34' <Predicate = true> <Delay = 0.00>
ST_77 : Operation 533 [4/4] (1.05ns) (root node of the DSP)   --->   "%mul_ln818_3 = mul i26 %sext_ln1273_34, i26 %sext_ln1273_32"   --->   Operation 533 'mul' 'mul_ln818_3' <Predicate = true> <Delay = 1.05> <CoreInst = "DSP48">   --->   Core 119 'DSP48' <Latency = 3> <II = 1> <Delay = 2.15> <IPBlock> <Opcode : 'mul' 'add' 'sub' 'select'> <InPorts = 0> <OutPorts = 1> <Sync> <CReg>

State 78 <SV = 77> <Delay = 3.30>
ST_78 : Operation 534 [3/4] (1.05ns) (root node of the DSP)   --->   "%mul_ln818_1 = mul i26 %sext_ln1273_31, i26 %sext_ln1273_32"   --->   Operation 534 'mul' 'mul_ln818_1' <Predicate = true> <Delay = 1.05> <CoreInst = "DSP48">   --->   Core 119 'DSP48' <Latency = 3> <II = 1> <Delay = 2.15> <IPBlock> <Opcode : 'mul' 'add' 'sub' 'select'> <InPorts = 0> <OutPorts = 1> <Sync> <CReg>
ST_78 : Operation 535 [3/4] (1.05ns) (root node of the DSP)   --->   "%mul_ln818_2 = mul i26 %sext_ln1273_33, i26 %sext_ln1273_32"   --->   Operation 535 'mul' 'mul_ln818_2' <Predicate = true> <Delay = 1.05> <CoreInst = "DSP48">   --->   Core 119 'DSP48' <Latency = 3> <II = 1> <Delay = 2.15> <IPBlock> <Opcode : 'mul' 'add' 'sub' 'select'> <InPorts = 0> <OutPorts = 1> <Sync> <CReg>
ST_78 : Operation 536 [3/4] (1.05ns) (root node of the DSP)   --->   "%mul_ln818_3 = mul i26 %sext_ln1273_34, i26 %sext_ln1273_32"   --->   Operation 536 'mul' 'mul_ln818_3' <Predicate = true> <Delay = 1.05> <CoreInst = "DSP48">   --->   Core 119 'DSP48' <Latency = 3> <II = 1> <Delay = 2.15> <IPBlock> <Opcode : 'mul' 'add' 'sub' 'select'> <InPorts = 0> <OutPorts = 1> <Sync> <CReg>
ST_78 : Operation 537 [1/1] (0.00ns)   --->   "%sext_ln1348_4 = sext i16 %x_load_3"   --->   Operation 537 'sext' 'sext_ln1348_4' <Predicate = true> <Delay = 0.00>
ST_78 : Operation 538 [1/1] (2.25ns) (grouped into DSP with root node mul_ln818_4)   --->   "%sub_ln1348_3 = sub i17 %sext_ln1348_4, i17 %sext_ln1348"   --->   Operation 538 'sub' 'sub_ln1348_3' <Predicate = true> <Delay = 2.25> <CoreInst = "DSP48">   --->   Core 119 'DSP48' <Latency = 3> <II = 1> <Delay = 2.15> <IPBlock> <Opcode : 'mul' 'add' 'sub' 'select'> <InPorts = 0> <OutPorts = 1> <Sync> <CReg>
ST_78 : Operation 539 [1/1] (0.00ns) (grouped into DSP with root node mul_ln818_4)   --->   "%sext_ln1273_35 = sext i17 %sub_ln1348_3"   --->   Operation 539 'sext' 'sext_ln1273_35' <Predicate = true> <Delay = 0.00>
ST_78 : Operation 540 [4/4] (1.05ns) (root node of the DSP)   --->   "%mul_ln818_4 = mul i26 %sext_ln1273_35, i26 %sext_ln1273_32"   --->   Operation 540 'mul' 'mul_ln818_4' <Predicate = true> <Delay = 1.05> <CoreInst = "DSP48">   --->   Core 119 'DSP48' <Latency = 3> <II = 1> <Delay = 2.15> <IPBlock> <Opcode : 'mul' 'add' 'sub' 'select'> <InPorts = 0> <OutPorts = 1> <Sync> <CReg>
ST_78 : Operation 541 [1/1] (0.00ns)   --->   "%sext_ln1348_5 = sext i16 %x_load_4"   --->   Operation 541 'sext' 'sext_ln1348_5' <Predicate = true> <Delay = 0.00>
ST_78 : Operation 542 [1/1] (2.25ns) (grouped into DSP with root node mul_ln818_5)   --->   "%sub_ln1348_4 = sub i17 %sext_ln1348_5, i17 %sext_ln1348"   --->   Operation 542 'sub' 'sub_ln1348_4' <Predicate = true> <Delay = 2.25> <CoreInst = "DSP48">   --->   Core 119 'DSP48' <Latency = 3> <II = 1> <Delay = 2.15> <IPBlock> <Opcode : 'mul' 'add' 'sub' 'select'> <InPorts = 0> <OutPorts = 1> <Sync> <CReg>
ST_78 : Operation 543 [1/1] (0.00ns) (grouped into DSP with root node mul_ln818_5)   --->   "%sext_ln1273_36 = sext i17 %sub_ln1348_4"   --->   Operation 543 'sext' 'sext_ln1273_36' <Predicate = true> <Delay = 0.00>
ST_78 : Operation 544 [4/4] (1.05ns) (root node of the DSP)   --->   "%mul_ln818_5 = mul i26 %sext_ln1273_36, i26 %sext_ln1273_32"   --->   Operation 544 'mul' 'mul_ln818_5' <Predicate = true> <Delay = 1.05> <CoreInst = "DSP48">   --->   Core 119 'DSP48' <Latency = 3> <II = 1> <Delay = 2.15> <IPBlock> <Opcode : 'mul' 'add' 'sub' 'select'> <InPorts = 0> <OutPorts = 1> <Sync> <CReg>
ST_78 : Operation 545 [1/1] (0.00ns)   --->   "%sext_ln1348_6 = sext i16 %x_load_5"   --->   Operation 545 'sext' 'sext_ln1348_6' <Predicate = true> <Delay = 0.00>
ST_78 : Operation 546 [1/1] (2.25ns) (grouped into DSP with root node mul_ln818_6)   --->   "%sub_ln1348_5 = sub i17 %sext_ln1348_6, i17 %sext_ln1348"   --->   Operation 546 'sub' 'sub_ln1348_5' <Predicate = true> <Delay = 2.25> <CoreInst = "DSP48">   --->   Core 119 'DSP48' <Latency = 3> <II = 1> <Delay = 2.15> <IPBlock> <Opcode : 'mul' 'add' 'sub' 'select'> <InPorts = 0> <OutPorts = 1> <Sync> <CReg>
ST_78 : Operation 547 [1/1] (0.00ns) (grouped into DSP with root node mul_ln818_6)   --->   "%sext_ln1273_37 = sext i17 %sub_ln1348_5"   --->   Operation 547 'sext' 'sext_ln1273_37' <Predicate = true> <Delay = 0.00>
ST_78 : Operation 548 [4/4] (1.05ns) (root node of the DSP)   --->   "%mul_ln818_6 = mul i26 %sext_ln1273_37, i26 %sext_ln1273_32"   --->   Operation 548 'mul' 'mul_ln818_6' <Predicate = true> <Delay = 1.05> <CoreInst = "DSP48">   --->   Core 119 'DSP48' <Latency = 3> <II = 1> <Delay = 2.15> <IPBlock> <Opcode : 'mul' 'add' 'sub' 'select'> <InPorts = 0> <OutPorts = 1> <Sync> <CReg>

State 79 <SV = 78> <Delay = 3.30>
ST_79 : Operation 549 [2/4] (1.05ns) (root node of the DSP)   --->   "%mul_ln818_1 = mul i26 %sext_ln1273_31, i26 %sext_ln1273_32"   --->   Operation 549 'mul' 'mul_ln818_1' <Predicate = true> <Delay = 1.05> <CoreInst = "DSP48">   --->   Core 119 'DSP48' <Latency = 3> <II = 1> <Delay = 2.15> <IPBlock> <Opcode : 'mul' 'add' 'sub' 'select'> <InPorts = 0> <OutPorts = 1> <Sync> <CReg>
ST_79 : Operation 550 [2/4] (1.05ns) (root node of the DSP)   --->   "%mul_ln818_2 = mul i26 %sext_ln1273_33, i26 %sext_ln1273_32"   --->   Operation 550 'mul' 'mul_ln818_2' <Predicate = true> <Delay = 1.05> <CoreInst = "DSP48">   --->   Core 119 'DSP48' <Latency = 3> <II = 1> <Delay = 2.15> <IPBlock> <Opcode : 'mul' 'add' 'sub' 'select'> <InPorts = 0> <OutPorts = 1> <Sync> <CReg>
ST_79 : Operation 551 [2/4] (1.05ns) (root node of the DSP)   --->   "%mul_ln818_3 = mul i26 %sext_ln1273_34, i26 %sext_ln1273_32"   --->   Operation 551 'mul' 'mul_ln818_3' <Predicate = true> <Delay = 1.05> <CoreInst = "DSP48">   --->   Core 119 'DSP48' <Latency = 3> <II = 1> <Delay = 2.15> <IPBlock> <Opcode : 'mul' 'add' 'sub' 'select'> <InPorts = 0> <OutPorts = 1> <Sync> <CReg>
ST_79 : Operation 552 [3/4] (1.05ns) (root node of the DSP)   --->   "%mul_ln818_4 = mul i26 %sext_ln1273_35, i26 %sext_ln1273_32"   --->   Operation 552 'mul' 'mul_ln818_4' <Predicate = true> <Delay = 1.05> <CoreInst = "DSP48">   --->   Core 119 'DSP48' <Latency = 3> <II = 1> <Delay = 2.15> <IPBlock> <Opcode : 'mul' 'add' 'sub' 'select'> <InPorts = 0> <OutPorts = 1> <Sync> <CReg>
ST_79 : Operation 553 [3/4] (1.05ns) (root node of the DSP)   --->   "%mul_ln818_5 = mul i26 %sext_ln1273_36, i26 %sext_ln1273_32"   --->   Operation 553 'mul' 'mul_ln818_5' <Predicate = true> <Delay = 1.05> <CoreInst = "DSP48">   --->   Core 119 'DSP48' <Latency = 3> <II = 1> <Delay = 2.15> <IPBlock> <Opcode : 'mul' 'add' 'sub' 'select'> <InPorts = 0> <OutPorts = 1> <Sync> <CReg>
ST_79 : Operation 554 [3/4] (1.05ns) (root node of the DSP)   --->   "%mul_ln818_6 = mul i26 %sext_ln1273_37, i26 %sext_ln1273_32"   --->   Operation 554 'mul' 'mul_ln818_6' <Predicate = true> <Delay = 1.05> <CoreInst = "DSP48">   --->   Core 119 'DSP48' <Latency = 3> <II = 1> <Delay = 2.15> <IPBlock> <Opcode : 'mul' 'add' 'sub' 'select'> <InPorts = 0> <OutPorts = 1> <Sync> <CReg>
ST_79 : Operation 555 [1/1] (0.00ns)   --->   "%sext_ln1348_7 = sext i16 %x_load_6"   --->   Operation 555 'sext' 'sext_ln1348_7' <Predicate = true> <Delay = 0.00>
ST_79 : Operation 556 [1/1] (2.25ns) (grouped into DSP with root node mul_ln818_7)   --->   "%sub_ln1348_6 = sub i17 %sext_ln1348_7, i17 %sext_ln1348"   --->   Operation 556 'sub' 'sub_ln1348_6' <Predicate = true> <Delay = 2.25> <CoreInst = "DSP48">   --->   Core 119 'DSP48' <Latency = 3> <II = 1> <Delay = 2.15> <IPBlock> <Opcode : 'mul' 'add' 'sub' 'select'> <InPorts = 0> <OutPorts = 1> <Sync> <CReg>
ST_79 : Operation 557 [1/1] (0.00ns) (grouped into DSP with root node mul_ln818_7)   --->   "%sext_ln1273_38 = sext i17 %sub_ln1348_6"   --->   Operation 557 'sext' 'sext_ln1273_38' <Predicate = true> <Delay = 0.00>
ST_79 : Operation 558 [4/4] (1.05ns) (root node of the DSP)   --->   "%mul_ln818_7 = mul i26 %sext_ln1273_38, i26 %sext_ln1273_32"   --->   Operation 558 'mul' 'mul_ln818_7' <Predicate = true> <Delay = 1.05> <CoreInst = "DSP48">   --->   Core 119 'DSP48' <Latency = 3> <II = 1> <Delay = 2.15> <IPBlock> <Opcode : 'mul' 'add' 'sub' 'select'> <InPorts = 0> <OutPorts = 1> <Sync> <CReg>
ST_79 : Operation 559 [1/1] (0.00ns)   --->   "%sext_ln1348_8 = sext i16 %x_load_7"   --->   Operation 559 'sext' 'sext_ln1348_8' <Predicate = true> <Delay = 0.00>
ST_79 : Operation 560 [1/1] (2.25ns) (grouped into DSP with root node mul_ln818_8)   --->   "%sub_ln1348_7 = sub i17 %sext_ln1348_8, i17 %sext_ln1348"   --->   Operation 560 'sub' 'sub_ln1348_7' <Predicate = true> <Delay = 2.25> <CoreInst = "DSP48">   --->   Core 119 'DSP48' <Latency = 3> <II = 1> <Delay = 2.15> <IPBlock> <Opcode : 'mul' 'add' 'sub' 'select'> <InPorts = 0> <OutPorts = 1> <Sync> <CReg>
ST_79 : Operation 561 [1/1] (0.00ns) (grouped into DSP with root node mul_ln818_8)   --->   "%sext_ln1273_41 = sext i17 %sub_ln1348_7"   --->   Operation 561 'sext' 'sext_ln1273_41' <Predicate = true> <Delay = 0.00>
ST_79 : Operation 562 [4/4] (1.05ns) (root node of the DSP)   --->   "%mul_ln818_8 = mul i26 %sext_ln1273_41, i26 %sext_ln1273_32"   --->   Operation 562 'mul' 'mul_ln818_8' <Predicate = true> <Delay = 1.05> <CoreInst = "DSP48">   --->   Core 119 'DSP48' <Latency = 3> <II = 1> <Delay = 2.15> <IPBlock> <Opcode : 'mul' 'add' 'sub' 'select'> <InPorts = 0> <OutPorts = 1> <Sync> <CReg>
ST_79 : Operation 563 [1/1] (0.00ns)   --->   "%sext_ln1348_9 = sext i16 %x_load_8"   --->   Operation 563 'sext' 'sext_ln1348_9' <Predicate = true> <Delay = 0.00>
ST_79 : Operation 564 [1/1] (2.25ns) (grouped into DSP with root node mul_ln818_9)   --->   "%sub_ln1348_8 = sub i17 %sext_ln1348_9, i17 %sext_ln1348"   --->   Operation 564 'sub' 'sub_ln1348_8' <Predicate = true> <Delay = 2.25> <CoreInst = "DSP48">   --->   Core 119 'DSP48' <Latency = 3> <II = 1> <Delay = 2.15> <IPBlock> <Opcode : 'mul' 'add' 'sub' 'select'> <InPorts = 0> <OutPorts = 1> <Sync> <CReg>
ST_79 : Operation 565 [1/1] (0.00ns) (grouped into DSP with root node mul_ln818_9)   --->   "%sext_ln1273_44 = sext i17 %sub_ln1348_8"   --->   Operation 565 'sext' 'sext_ln1273_44' <Predicate = true> <Delay = 0.00>
ST_79 : Operation 566 [4/4] (1.05ns) (root node of the DSP)   --->   "%mul_ln818_9 = mul i26 %sext_ln1273_44, i26 %sext_ln1273_32"   --->   Operation 566 'mul' 'mul_ln818_9' <Predicate = true> <Delay = 1.05> <CoreInst = "DSP48">   --->   Core 119 'DSP48' <Latency = 3> <II = 1> <Delay = 2.15> <IPBlock> <Opcode : 'mul' 'add' 'sub' 'select'> <InPorts = 0> <OutPorts = 1> <Sync> <CReg>

State 80 <SV = 79> <Delay = 3.30>
ST_80 : Operation 567 [1/1] (0.00ns)   --->   "%p_read_31 = read i11 @_ssdm_op_Read.ap_auto.i11, i11 %p_read1"   --->   Operation 567 'read' 'p_read_31' <Predicate = true> <Delay = 0.00>
ST_80 : Operation 568 [1/1] (0.00ns)   --->   "%p_read32 = read i11 @_ssdm_op_Read.ap_auto.i11, i11 %p_read"   --->   Operation 568 'read' 'p_read32' <Predicate = true> <Delay = 0.00>
ST_80 : Operation 569 [1/4] (0.00ns) (root node of the DSP)   --->   "%mul_ln818_1 = mul i26 %sext_ln1273_31, i26 %sext_ln1273_32"   --->   Operation 569 'mul' 'mul_ln818_1' <Predicate = true> <Delay = 0.00> <CoreInst = "DSP48">   --->   Core 119 'DSP48' <Latency = 3> <II = 1> <Delay = 2.15> <IPBlock> <Opcode : 'mul' 'add' 'sub' 'select'> <InPorts = 0> <OutPorts = 1> <Sync> <CReg>
ST_80 : Operation 570 [1/1] (0.00ns)   --->   "%trunc_ln818_s = partselect i16 @_ssdm_op_PartSelect.i16.i26.i32.i32, i26 %mul_ln818_1, i32 10, i32 25"   --->   Operation 570 'partselect' 'trunc_ln818_s' <Predicate = true> <Delay = 0.00>
ST_80 : Operation 571 [1/1] (0.00ns)   --->   "%sext_ln837_15 = sext i16 %trunc_ln818_s"   --->   Operation 571 'sext' 'sext_ln837_15' <Predicate = true> <Delay = 0.00>
ST_80 : Operation 572 [1/1] (0.00ns)   --->   "%zext_ln837_1 = zext i11 %p_read32"   --->   Operation 572 'zext' 'zext_ln837_1' <Predicate = true> <Delay = 0.00>
ST_80 : Operation 573 [3/3] (1.05ns) (grouped into DSP with root node add_ln1347_15)   --->   "%mul_ln837 = mul i26 %sext_ln837_15, i26 %zext_ln837_1"   --->   Operation 573 'mul' 'mul_ln837' <Predicate = true> <Delay = 1.05> <CoreInst = "DSP48">   --->   Core 119 'DSP48' <Latency = 3> <II = 1> <Delay = 2.15> <IPBlock> <Opcode : 'mul' 'add' 'sub' 'select'> <InPorts = 0> <OutPorts = 1> <Sync> <CReg>
ST_80 : Operation 574 [1/4] (0.00ns) (root node of the DSP)   --->   "%mul_ln818_2 = mul i26 %sext_ln1273_33, i26 %sext_ln1273_32"   --->   Operation 574 'mul' 'mul_ln818_2' <Predicate = true> <Delay = 0.00> <CoreInst = "DSP48">   --->   Core 119 'DSP48' <Latency = 3> <II = 1> <Delay = 2.15> <IPBlock> <Opcode : 'mul' 'add' 'sub' 'select'> <InPorts = 0> <OutPorts = 1> <Sync> <CReg>
ST_80 : Operation 575 [1/1] (0.00ns)   --->   "%trunc_ln818_17 = partselect i16 @_ssdm_op_PartSelect.i16.i26.i32.i32, i26 %mul_ln818_2, i32 10, i32 25"   --->   Operation 575 'partselect' 'trunc_ln818_17' <Predicate = true> <Delay = 0.00>
ST_80 : Operation 576 [1/1] (0.00ns)   --->   "%sext_ln837_16 = sext i16 %trunc_ln818_17"   --->   Operation 576 'sext' 'sext_ln837_16' <Predicate = true> <Delay = 0.00>
ST_80 : Operation 577 [1/1] (0.00ns)   --->   "%zext_ln837_2 = zext i11 %p_read_31"   --->   Operation 577 'zext' 'zext_ln837_2' <Predicate = true> <Delay = 0.00>
ST_80 : Operation 578 [3/3] (1.05ns) (grouped into DSP with root node add_ln1347_16)   --->   "%mul_ln837_1 = mul i26 %sext_ln837_16, i26 %zext_ln837_2"   --->   Operation 578 'mul' 'mul_ln837_1' <Predicate = true> <Delay = 1.05> <CoreInst = "DSP48">   --->   Core 119 'DSP48' <Latency = 3> <II = 1> <Delay = 2.15> <IPBlock> <Opcode : 'mul' 'add' 'sub' 'select'> <InPorts = 0> <OutPorts = 1> <Sync> <CReg>
ST_80 : Operation 579 [1/4] (0.00ns) (root node of the DSP)   --->   "%mul_ln818_3 = mul i26 %sext_ln1273_34, i26 %sext_ln1273_32"   --->   Operation 579 'mul' 'mul_ln818_3' <Predicate = true> <Delay = 0.00> <CoreInst = "DSP48">   --->   Core 119 'DSP48' <Latency = 3> <II = 1> <Delay = 2.15> <IPBlock> <Opcode : 'mul' 'add' 'sub' 'select'> <InPorts = 0> <OutPorts = 1> <Sync> <CReg>
ST_80 : Operation 580 [1/1] (0.00ns)   --->   "%trunc_ln818_18 = partselect i16 @_ssdm_op_PartSelect.i16.i26.i32.i32, i26 %mul_ln818_3, i32 10, i32 25"   --->   Operation 580 'partselect' 'trunc_ln818_18' <Predicate = true> <Delay = 0.00>
ST_80 : Operation 581 [2/4] (1.05ns) (root node of the DSP)   --->   "%mul_ln818_4 = mul i26 %sext_ln1273_35, i26 %sext_ln1273_32"   --->   Operation 581 'mul' 'mul_ln818_4' <Predicate = true> <Delay = 1.05> <CoreInst = "DSP48">   --->   Core 119 'DSP48' <Latency = 3> <II = 1> <Delay = 2.15> <IPBlock> <Opcode : 'mul' 'add' 'sub' 'select'> <InPorts = 0> <OutPorts = 1> <Sync> <CReg>
ST_80 : Operation 582 [2/4] (1.05ns) (root node of the DSP)   --->   "%mul_ln818_5 = mul i26 %sext_ln1273_36, i26 %sext_ln1273_32"   --->   Operation 582 'mul' 'mul_ln818_5' <Predicate = true> <Delay = 1.05> <CoreInst = "DSP48">   --->   Core 119 'DSP48' <Latency = 3> <II = 1> <Delay = 2.15> <IPBlock> <Opcode : 'mul' 'add' 'sub' 'select'> <InPorts = 0> <OutPorts = 1> <Sync> <CReg>
ST_80 : Operation 583 [2/4] (1.05ns) (root node of the DSP)   --->   "%mul_ln818_6 = mul i26 %sext_ln1273_37, i26 %sext_ln1273_32"   --->   Operation 583 'mul' 'mul_ln818_6' <Predicate = true> <Delay = 1.05> <CoreInst = "DSP48">   --->   Core 119 'DSP48' <Latency = 3> <II = 1> <Delay = 2.15> <IPBlock> <Opcode : 'mul' 'add' 'sub' 'select'> <InPorts = 0> <OutPorts = 1> <Sync> <CReg>
ST_80 : Operation 584 [3/4] (1.05ns) (root node of the DSP)   --->   "%mul_ln818_7 = mul i26 %sext_ln1273_38, i26 %sext_ln1273_32"   --->   Operation 584 'mul' 'mul_ln818_7' <Predicate = true> <Delay = 1.05> <CoreInst = "DSP48">   --->   Core 119 'DSP48' <Latency = 3> <II = 1> <Delay = 2.15> <IPBlock> <Opcode : 'mul' 'add' 'sub' 'select'> <InPorts = 0> <OutPorts = 1> <Sync> <CReg>
ST_80 : Operation 585 [3/4] (1.05ns) (root node of the DSP)   --->   "%mul_ln818_8 = mul i26 %sext_ln1273_41, i26 %sext_ln1273_32"   --->   Operation 585 'mul' 'mul_ln818_8' <Predicate = true> <Delay = 1.05> <CoreInst = "DSP48">   --->   Core 119 'DSP48' <Latency = 3> <II = 1> <Delay = 2.15> <IPBlock> <Opcode : 'mul' 'add' 'sub' 'select'> <InPorts = 0> <OutPorts = 1> <Sync> <CReg>
ST_80 : Operation 586 [3/4] (1.05ns) (root node of the DSP)   --->   "%mul_ln818_9 = mul i26 %sext_ln1273_44, i26 %sext_ln1273_32"   --->   Operation 586 'mul' 'mul_ln818_9' <Predicate = true> <Delay = 1.05> <CoreInst = "DSP48">   --->   Core 119 'DSP48' <Latency = 3> <II = 1> <Delay = 2.15> <IPBlock> <Opcode : 'mul' 'add' 'sub' 'select'> <InPorts = 0> <OutPorts = 1> <Sync> <CReg>
ST_80 : Operation 587 [1/1] (0.00ns)   --->   "%sext_ln1348_10 = sext i16 %x_load_9"   --->   Operation 587 'sext' 'sext_ln1348_10' <Predicate = true> <Delay = 0.00>
ST_80 : Operation 588 [1/1] (2.25ns) (grouped into DSP with root node mul_ln818_10)   --->   "%sub_ln1348_9 = sub i17 %sext_ln1348_10, i17 %sext_ln1348"   --->   Operation 588 'sub' 'sub_ln1348_9' <Predicate = true> <Delay = 2.25> <CoreInst = "DSP48">   --->   Core 119 'DSP48' <Latency = 3> <II = 1> <Delay = 2.15> <IPBlock> <Opcode : 'mul' 'add' 'sub' 'select'> <InPorts = 0> <OutPorts = 1> <Sync> <CReg>
ST_80 : Operation 589 [1/1] (0.00ns) (grouped into DSP with root node mul_ln818_10)   --->   "%sext_ln1273_47 = sext i17 %sub_ln1348_9"   --->   Operation 589 'sext' 'sext_ln1273_47' <Predicate = true> <Delay = 0.00>
ST_80 : Operation 590 [4/4] (1.05ns) (root node of the DSP)   --->   "%mul_ln818_10 = mul i26 %sext_ln1273_47, i26 %sext_ln1273_32"   --->   Operation 590 'mul' 'mul_ln818_10' <Predicate = true> <Delay = 1.05> <CoreInst = "DSP48">   --->   Core 119 'DSP48' <Latency = 3> <II = 1> <Delay = 2.15> <IPBlock> <Opcode : 'mul' 'add' 'sub' 'select'> <InPorts = 0> <OutPorts = 1> <Sync> <CReg>
ST_80 : Operation 591 [1/1] (0.00ns)   --->   "%sext_ln1348_11 = sext i16 %x_load_10"   --->   Operation 591 'sext' 'sext_ln1348_11' <Predicate = true> <Delay = 0.00>
ST_80 : Operation 592 [1/1] (2.25ns) (grouped into DSP with root node mul_ln818_11)   --->   "%sub_ln1348_10 = sub i17 %sext_ln1348_11, i17 %sext_ln1348"   --->   Operation 592 'sub' 'sub_ln1348_10' <Predicate = true> <Delay = 2.25> <CoreInst = "DSP48">   --->   Core 119 'DSP48' <Latency = 3> <II = 1> <Delay = 2.15> <IPBlock> <Opcode : 'mul' 'add' 'sub' 'select'> <InPorts = 0> <OutPorts = 1> <Sync> <CReg>
ST_80 : Operation 593 [1/1] (0.00ns) (grouped into DSP with root node mul_ln818_11)   --->   "%sext_ln1273_48 = sext i17 %sub_ln1348_10"   --->   Operation 593 'sext' 'sext_ln1273_48' <Predicate = true> <Delay = 0.00>
ST_80 : Operation 594 [4/4] (1.05ns) (root node of the DSP)   --->   "%mul_ln818_11 = mul i26 %sext_ln1273_48, i26 %sext_ln1273_32"   --->   Operation 594 'mul' 'mul_ln818_11' <Predicate = true> <Delay = 1.05> <CoreInst = "DSP48">   --->   Core 119 'DSP48' <Latency = 3> <II = 1> <Delay = 2.15> <IPBlock> <Opcode : 'mul' 'add' 'sub' 'select'> <InPorts = 0> <OutPorts = 1> <Sync> <CReg>
ST_80 : Operation 595 [1/1] (0.00ns)   --->   "%sext_ln1348_12 = sext i16 %x_load_11"   --->   Operation 595 'sext' 'sext_ln1348_12' <Predicate = true> <Delay = 0.00>
ST_80 : Operation 596 [1/1] (2.25ns) (grouped into DSP with root node mul_ln818_12)   --->   "%sub_ln1348_11 = sub i17 %sext_ln1348_12, i17 %sext_ln1348"   --->   Operation 596 'sub' 'sub_ln1348_11' <Predicate = true> <Delay = 2.25> <CoreInst = "DSP48">   --->   Core 119 'DSP48' <Latency = 3> <II = 1> <Delay = 2.15> <IPBlock> <Opcode : 'mul' 'add' 'sub' 'select'> <InPorts = 0> <OutPorts = 1> <Sync> <CReg>
ST_80 : Operation 597 [1/1] (0.00ns) (grouped into DSP with root node mul_ln818_12)   --->   "%sext_ln1273_49 = sext i17 %sub_ln1348_11"   --->   Operation 597 'sext' 'sext_ln1273_49' <Predicate = true> <Delay = 0.00>
ST_80 : Operation 598 [4/4] (1.05ns) (root node of the DSP)   --->   "%mul_ln818_12 = mul i26 %sext_ln1273_49, i26 %sext_ln1273_32"   --->   Operation 598 'mul' 'mul_ln818_12' <Predicate = true> <Delay = 1.05> <CoreInst = "DSP48">   --->   Core 119 'DSP48' <Latency = 3> <II = 1> <Delay = 2.15> <IPBlock> <Opcode : 'mul' 'add' 'sub' 'select'> <InPorts = 0> <OutPorts = 1> <Sync> <CReg>

State 81 <SV = 80> <Delay = 3.30>
ST_81 : Operation 599 [1/1] (0.00ns)   --->   "%p_read_28 = read i11 @_ssdm_op_Read.ap_auto.i11, i11 %p_read4"   --->   Operation 599 'read' 'p_read_28' <Predicate = true> <Delay = 0.00>
ST_81 : Operation 600 [1/1] (0.00ns)   --->   "%p_read_29 = read i11 @_ssdm_op_Read.ap_auto.i11, i11 %p_read3"   --->   Operation 600 'read' 'p_read_29' <Predicate = true> <Delay = 0.00>
ST_81 : Operation 601 [1/1] (0.00ns)   --->   "%p_read_30 = read i11 @_ssdm_op_Read.ap_auto.i11, i11 %p_read2"   --->   Operation 601 'read' 'p_read_30' <Predicate = true> <Delay = 0.00>
ST_81 : Operation 602 [2/3] (1.05ns) (grouped into DSP with root node add_ln1347_15)   --->   "%mul_ln837 = mul i26 %sext_ln837_15, i26 %zext_ln837_1"   --->   Operation 602 'mul' 'mul_ln837' <Predicate = true> <Delay = 1.05> <CoreInst = "DSP48">   --->   Core 119 'DSP48' <Latency = 3> <II = 1> <Delay = 2.15> <IPBlock> <Opcode : 'mul' 'add' 'sub' 'select'> <InPorts = 0> <OutPorts = 1> <Sync> <CReg>
ST_81 : Operation 603 [2/3] (1.05ns) (grouped into DSP with root node add_ln1347_16)   --->   "%mul_ln837_1 = mul i26 %sext_ln837_16, i26 %zext_ln837_2"   --->   Operation 603 'mul' 'mul_ln837_1' <Predicate = true> <Delay = 1.05> <CoreInst = "DSP48">   --->   Core 119 'DSP48' <Latency = 3> <II = 1> <Delay = 2.15> <IPBlock> <Opcode : 'mul' 'add' 'sub' 'select'> <InPorts = 0> <OutPorts = 1> <Sync> <CReg>
ST_81 : Operation 604 [1/1] (0.00ns)   --->   "%sext_ln837_17 = sext i16 %trunc_ln818_18"   --->   Operation 604 'sext' 'sext_ln837_17' <Predicate = true> <Delay = 0.00>
ST_81 : Operation 605 [1/1] (0.00ns)   --->   "%zext_ln837_3 = zext i11 %p_read_30"   --->   Operation 605 'zext' 'zext_ln837_3' <Predicate = true> <Delay = 0.00>
ST_81 : Operation 606 [3/3] (1.05ns) (grouped into DSP with root node add_ln1347_17)   --->   "%mul_ln837_2 = mul i26 %sext_ln837_17, i26 %zext_ln837_3"   --->   Operation 606 'mul' 'mul_ln837_2' <Predicate = true> <Delay = 1.05> <CoreInst = "DSP48">   --->   Core 119 'DSP48' <Latency = 3> <II = 1> <Delay = 2.15> <IPBlock> <Opcode : 'mul' 'add' 'sub' 'select'> <InPorts = 0> <OutPorts = 1> <Sync> <CReg>
ST_81 : Operation 607 [1/4] (0.00ns) (root node of the DSP)   --->   "%mul_ln818_4 = mul i26 %sext_ln1273_35, i26 %sext_ln1273_32"   --->   Operation 607 'mul' 'mul_ln818_4' <Predicate = true> <Delay = 0.00> <CoreInst = "DSP48">   --->   Core 119 'DSP48' <Latency = 3> <II = 1> <Delay = 2.15> <IPBlock> <Opcode : 'mul' 'add' 'sub' 'select'> <InPorts = 0> <OutPorts = 1> <Sync> <CReg>
ST_81 : Operation 608 [1/1] (0.00ns)   --->   "%trunc_ln818_19 = partselect i16 @_ssdm_op_PartSelect.i16.i26.i32.i32, i26 %mul_ln818_4, i32 10, i32 25"   --->   Operation 608 'partselect' 'trunc_ln818_19' <Predicate = true> <Delay = 0.00>
ST_81 : Operation 609 [1/1] (0.00ns)   --->   "%sext_ln837_18 = sext i16 %trunc_ln818_19"   --->   Operation 609 'sext' 'sext_ln837_18' <Predicate = true> <Delay = 0.00>
ST_81 : Operation 610 [1/1] (0.00ns)   --->   "%zext_ln837_4 = zext i11 %p_read_29"   --->   Operation 610 'zext' 'zext_ln837_4' <Predicate = true> <Delay = 0.00>
ST_81 : Operation 611 [3/3] (1.05ns) (grouped into DSP with root node add_ln1347_18)   --->   "%mul_ln837_3 = mul i26 %sext_ln837_18, i26 %zext_ln837_4"   --->   Operation 611 'mul' 'mul_ln837_3' <Predicate = true> <Delay = 1.05> <CoreInst = "DSP48">   --->   Core 119 'DSP48' <Latency = 3> <II = 1> <Delay = 2.15> <IPBlock> <Opcode : 'mul' 'add' 'sub' 'select'> <InPorts = 0> <OutPorts = 1> <Sync> <CReg>
ST_81 : Operation 612 [1/4] (0.00ns) (root node of the DSP)   --->   "%mul_ln818_5 = mul i26 %sext_ln1273_36, i26 %sext_ln1273_32"   --->   Operation 612 'mul' 'mul_ln818_5' <Predicate = true> <Delay = 0.00> <CoreInst = "DSP48">   --->   Core 119 'DSP48' <Latency = 3> <II = 1> <Delay = 2.15> <IPBlock> <Opcode : 'mul' 'add' 'sub' 'select'> <InPorts = 0> <OutPorts = 1> <Sync> <CReg>
ST_81 : Operation 613 [1/1] (0.00ns)   --->   "%trunc_ln818_20 = partselect i16 @_ssdm_op_PartSelect.i16.i26.i32.i32, i26 %mul_ln818_5, i32 10, i32 25"   --->   Operation 613 'partselect' 'trunc_ln818_20' <Predicate = true> <Delay = 0.00>
ST_81 : Operation 614 [1/1] (0.00ns)   --->   "%sext_ln837_19 = sext i16 %trunc_ln818_20"   --->   Operation 614 'sext' 'sext_ln837_19' <Predicate = true> <Delay = 0.00>
ST_81 : Operation 615 [1/1] (0.00ns)   --->   "%zext_ln837_5 = zext i11 %p_read_28"   --->   Operation 615 'zext' 'zext_ln837_5' <Predicate = true> <Delay = 0.00>
ST_81 : Operation 616 [3/3] (1.05ns) (grouped into DSP with root node add_ln1347_19)   --->   "%mul_ln837_4 = mul i26 %sext_ln837_19, i26 %zext_ln837_5"   --->   Operation 616 'mul' 'mul_ln837_4' <Predicate = true> <Delay = 1.05> <CoreInst = "DSP48">   --->   Core 119 'DSP48' <Latency = 3> <II = 1> <Delay = 2.15> <IPBlock> <Opcode : 'mul' 'add' 'sub' 'select'> <InPorts = 0> <OutPorts = 1> <Sync> <CReg>
ST_81 : Operation 617 [1/4] (0.00ns) (root node of the DSP)   --->   "%mul_ln818_6 = mul i26 %sext_ln1273_37, i26 %sext_ln1273_32"   --->   Operation 617 'mul' 'mul_ln818_6' <Predicate = true> <Delay = 0.00> <CoreInst = "DSP48">   --->   Core 119 'DSP48' <Latency = 3> <II = 1> <Delay = 2.15> <IPBlock> <Opcode : 'mul' 'add' 'sub' 'select'> <InPorts = 0> <OutPorts = 1> <Sync> <CReg>
ST_81 : Operation 618 [1/1] (0.00ns)   --->   "%trunc_ln818_21 = partselect i16 @_ssdm_op_PartSelect.i16.i26.i32.i32, i26 %mul_ln818_6, i32 10, i32 25"   --->   Operation 618 'partselect' 'trunc_ln818_21' <Predicate = true> <Delay = 0.00>
ST_81 : Operation 619 [2/4] (1.05ns) (root node of the DSP)   --->   "%mul_ln818_7 = mul i26 %sext_ln1273_38, i26 %sext_ln1273_32"   --->   Operation 619 'mul' 'mul_ln818_7' <Predicate = true> <Delay = 1.05> <CoreInst = "DSP48">   --->   Core 119 'DSP48' <Latency = 3> <II = 1> <Delay = 2.15> <IPBlock> <Opcode : 'mul' 'add' 'sub' 'select'> <InPorts = 0> <OutPorts = 1> <Sync> <CReg>
ST_81 : Operation 620 [2/4] (1.05ns) (root node of the DSP)   --->   "%mul_ln818_8 = mul i26 %sext_ln1273_41, i26 %sext_ln1273_32"   --->   Operation 620 'mul' 'mul_ln818_8' <Predicate = true> <Delay = 1.05> <CoreInst = "DSP48">   --->   Core 119 'DSP48' <Latency = 3> <II = 1> <Delay = 2.15> <IPBlock> <Opcode : 'mul' 'add' 'sub' 'select'> <InPorts = 0> <OutPorts = 1> <Sync> <CReg>
ST_81 : Operation 621 [2/4] (1.05ns) (root node of the DSP)   --->   "%mul_ln818_9 = mul i26 %sext_ln1273_44, i26 %sext_ln1273_32"   --->   Operation 621 'mul' 'mul_ln818_9' <Predicate = true> <Delay = 1.05> <CoreInst = "DSP48">   --->   Core 119 'DSP48' <Latency = 3> <II = 1> <Delay = 2.15> <IPBlock> <Opcode : 'mul' 'add' 'sub' 'select'> <InPorts = 0> <OutPorts = 1> <Sync> <CReg>
ST_81 : Operation 622 [3/4] (1.05ns) (root node of the DSP)   --->   "%mul_ln818_10 = mul i26 %sext_ln1273_47, i26 %sext_ln1273_32"   --->   Operation 622 'mul' 'mul_ln818_10' <Predicate = true> <Delay = 1.05> <CoreInst = "DSP48">   --->   Core 119 'DSP48' <Latency = 3> <II = 1> <Delay = 2.15> <IPBlock> <Opcode : 'mul' 'add' 'sub' 'select'> <InPorts = 0> <OutPorts = 1> <Sync> <CReg>
ST_81 : Operation 623 [3/4] (1.05ns) (root node of the DSP)   --->   "%mul_ln818_11 = mul i26 %sext_ln1273_48, i26 %sext_ln1273_32"   --->   Operation 623 'mul' 'mul_ln818_11' <Predicate = true> <Delay = 1.05> <CoreInst = "DSP48">   --->   Core 119 'DSP48' <Latency = 3> <II = 1> <Delay = 2.15> <IPBlock> <Opcode : 'mul' 'add' 'sub' 'select'> <InPorts = 0> <OutPorts = 1> <Sync> <CReg>
ST_81 : Operation 624 [3/4] (1.05ns) (root node of the DSP)   --->   "%mul_ln818_12 = mul i26 %sext_ln1273_49, i26 %sext_ln1273_32"   --->   Operation 624 'mul' 'mul_ln818_12' <Predicate = true> <Delay = 1.05> <CoreInst = "DSP48">   --->   Core 119 'DSP48' <Latency = 3> <II = 1> <Delay = 2.15> <IPBlock> <Opcode : 'mul' 'add' 'sub' 'select'> <InPorts = 0> <OutPorts = 1> <Sync> <CReg>
ST_81 : Operation 625 [1/1] (0.00ns)   --->   "%sext_ln1348_13 = sext i16 %x_load_12"   --->   Operation 625 'sext' 'sext_ln1348_13' <Predicate = true> <Delay = 0.00>
ST_81 : Operation 626 [1/1] (2.25ns) (grouped into DSP with root node mul_ln818_13)   --->   "%sub_ln1348_12 = sub i17 %sext_ln1348_13, i17 %sext_ln1348"   --->   Operation 626 'sub' 'sub_ln1348_12' <Predicate = true> <Delay = 2.25> <CoreInst = "DSP48">   --->   Core 119 'DSP48' <Latency = 3> <II = 1> <Delay = 2.15> <IPBlock> <Opcode : 'mul' 'add' 'sub' 'select'> <InPorts = 0> <OutPorts = 1> <Sync> <CReg>
ST_81 : Operation 627 [1/1] (0.00ns) (grouped into DSP with root node mul_ln818_13)   --->   "%sext_ln1273_50 = sext i17 %sub_ln1348_12"   --->   Operation 627 'sext' 'sext_ln1273_50' <Predicate = true> <Delay = 0.00>
ST_81 : Operation 628 [4/4] (1.05ns) (root node of the DSP)   --->   "%mul_ln818_13 = mul i26 %sext_ln1273_50, i26 %sext_ln1273_32"   --->   Operation 628 'mul' 'mul_ln818_13' <Predicate = true> <Delay = 1.05> <CoreInst = "DSP48">   --->   Core 119 'DSP48' <Latency = 3> <II = 1> <Delay = 2.15> <IPBlock> <Opcode : 'mul' 'add' 'sub' 'select'> <InPorts = 0> <OutPorts = 1> <Sync> <CReg>
ST_81 : Operation 629 [1/1] (0.00ns)   --->   "%sext_ln1348_14 = sext i16 %x_load_13"   --->   Operation 629 'sext' 'sext_ln1348_14' <Predicate = true> <Delay = 0.00>
ST_81 : Operation 630 [1/1] (2.25ns) (grouped into DSP with root node mul_ln818_14)   --->   "%sub_ln1348_13 = sub i17 %sext_ln1348_14, i17 %sext_ln1348"   --->   Operation 630 'sub' 'sub_ln1348_13' <Predicate = true> <Delay = 2.25> <CoreInst = "DSP48">   --->   Core 119 'DSP48' <Latency = 3> <II = 1> <Delay = 2.15> <IPBlock> <Opcode : 'mul' 'add' 'sub' 'select'> <InPorts = 0> <OutPorts = 1> <Sync> <CReg>
ST_81 : Operation 631 [1/1] (0.00ns) (grouped into DSP with root node mul_ln818_14)   --->   "%sext_ln1273_53 = sext i17 %sub_ln1348_13"   --->   Operation 631 'sext' 'sext_ln1273_53' <Predicate = true> <Delay = 0.00>
ST_81 : Operation 632 [4/4] (1.05ns) (root node of the DSP)   --->   "%mul_ln818_14 = mul i26 %sext_ln1273_53, i26 %sext_ln1273_32"   --->   Operation 632 'mul' 'mul_ln818_14' <Predicate = true> <Delay = 1.05> <CoreInst = "DSP48">   --->   Core 119 'DSP48' <Latency = 3> <II = 1> <Delay = 2.15> <IPBlock> <Opcode : 'mul' 'add' 'sub' 'select'> <InPorts = 0> <OutPorts = 1> <Sync> <CReg>
ST_81 : Operation 633 [1/1] (0.00ns)   --->   "%sext_ln1348_15 = sext i16 %x_load_14"   --->   Operation 633 'sext' 'sext_ln1348_15' <Predicate = true> <Delay = 0.00>
ST_81 : Operation 634 [1/1] (2.25ns) (grouped into DSP with root node mul_ln818_15)   --->   "%sub_ln1348_14 = sub i17 %sext_ln1348_15, i17 %sext_ln1348"   --->   Operation 634 'sub' 'sub_ln1348_14' <Predicate = true> <Delay = 2.25> <CoreInst = "DSP48">   --->   Core 119 'DSP48' <Latency = 3> <II = 1> <Delay = 2.15> <IPBlock> <Opcode : 'mul' 'add' 'sub' 'select'> <InPorts = 0> <OutPorts = 1> <Sync> <CReg>
ST_81 : Operation 635 [1/1] (0.00ns) (grouped into DSP with root node mul_ln818_15)   --->   "%sext_ln1273_54 = sext i17 %sub_ln1348_14"   --->   Operation 635 'sext' 'sext_ln1273_54' <Predicate = true> <Delay = 0.00>
ST_81 : Operation 636 [4/4] (1.05ns) (root node of the DSP)   --->   "%mul_ln818_15 = mul i26 %sext_ln1273_54, i26 %sext_ln1273_32"   --->   Operation 636 'mul' 'mul_ln818_15' <Predicate = true> <Delay = 1.05> <CoreInst = "DSP48">   --->   Core 119 'DSP48' <Latency = 3> <II = 1> <Delay = 2.15> <IPBlock> <Opcode : 'mul' 'add' 'sub' 'select'> <InPorts = 0> <OutPorts = 1> <Sync> <CReg>

State 82 <SV = 81> <Delay = 3.30>
ST_82 : Operation 637 [1/1] (0.00ns)   --->   "%p_read_15 = read i6 @_ssdm_op_Read.ap_auto.i6, i6 %p_read17"   --->   Operation 637 'read' 'p_read_15' <Predicate = true> <Delay = 0.00>
ST_82 : Operation 638 [1/1] (0.00ns)   --->   "%p_read_16 = read i6 @_ssdm_op_Read.ap_auto.i6, i6 %p_read16"   --->   Operation 638 'read' 'p_read_16' <Predicate = true> <Delay = 0.00>
ST_82 : Operation 639 [1/1] (0.00ns)   --->   "%p_read_25 = read i8 @_ssdm_op_Read.ap_auto.i8, i8 %p_read7"   --->   Operation 639 'read' 'p_read_25' <Predicate = true> <Delay = 0.00>
ST_82 : Operation 640 [1/1] (0.00ns)   --->   "%p_read_26 = read i8 @_ssdm_op_Read.ap_auto.i8, i8 %p_read6"   --->   Operation 640 'read' 'p_read_26' <Predicate = true> <Delay = 0.00>
ST_82 : Operation 641 [1/1] (0.00ns)   --->   "%p_read_27 = read i11 @_ssdm_op_Read.ap_auto.i11, i11 %p_read5"   --->   Operation 641 'read' 'p_read_27' <Predicate = true> <Delay = 0.00>
ST_82 : Operation 642 [1/3] (0.00ns) (grouped into DSP with root node add_ln1347_15)   --->   "%mul_ln837 = mul i26 %sext_ln837_15, i26 %zext_ln837_1"   --->   Operation 642 'mul' 'mul_ln837' <Predicate = true> <Delay = 0.00> <CoreInst = "DSP48">   --->   Core 119 'DSP48' <Latency = 3> <II = 1> <Delay = 2.15> <IPBlock> <Opcode : 'mul' 'add' 'sub' 'select'> <InPorts = 0> <OutPorts = 1> <Sync> <CReg>
ST_82 : Operation 643 [1/1] (0.00ns)   --->   "%shl_ln838_14 = bitconcatenate i16 @_ssdm_op_BitConcatenate.i16.i6.i10, i6 %p_read_16, i10 0"   --->   Operation 643 'bitconcatenate' 'shl_ln838_14' <Predicate = true> <Delay = 0.00>
ST_82 : Operation 644 [1/1] (0.00ns)   --->   "%sext_ln1347 = sext i16 %shl_ln838_14"   --->   Operation 644 'sext' 'sext_ln1347' <Predicate = true> <Delay = 0.00>
ST_82 : Operation 645 [2/2] (2.10ns) (root node of the DSP)   --->   "%add_ln1347_15 = add i26 %sext_ln1347, i26 %mul_ln837"   --->   Operation 645 'add' 'add_ln1347_15' <Predicate = true> <Delay = 2.10> <CoreInst = "DSP48">   --->   Core 119 'DSP48' <Latency = 3> <II = 1> <Delay = 2.15> <IPBlock> <Opcode : 'mul' 'add' 'sub' 'select'> <InPorts = 0> <OutPorts = 1> <Sync> <CReg>
ST_82 : Operation 646 [1/3] (0.00ns) (grouped into DSP with root node add_ln1347_16)   --->   "%mul_ln837_1 = mul i26 %sext_ln837_16, i26 %zext_ln837_2"   --->   Operation 646 'mul' 'mul_ln837_1' <Predicate = true> <Delay = 0.00> <CoreInst = "DSP48">   --->   Core 119 'DSP48' <Latency = 3> <II = 1> <Delay = 2.15> <IPBlock> <Opcode : 'mul' 'add' 'sub' 'select'> <InPorts = 0> <OutPorts = 1> <Sync> <CReg>
ST_82 : Operation 647 [1/1] (0.00ns)   --->   "%shl_ln838_15 = bitconcatenate i16 @_ssdm_op_BitConcatenate.i16.i6.i10, i6 %p_read_15, i10 0"   --->   Operation 647 'bitconcatenate' 'shl_ln838_15' <Predicate = true> <Delay = 0.00>
ST_82 : Operation 648 [1/1] (0.00ns)   --->   "%zext_ln1347 = zext i16 %shl_ln838_15"   --->   Operation 648 'zext' 'zext_ln1347' <Predicate = true> <Delay = 0.00>
ST_82 : Operation 649 [2/2] (2.10ns) (root node of the DSP)   --->   "%add_ln1347_16 = add i26 %zext_ln1347, i26 %mul_ln837_1"   --->   Operation 649 'add' 'add_ln1347_16' <Predicate = true> <Delay = 2.10> <CoreInst = "DSP48">   --->   Core 119 'DSP48' <Latency = 3> <II = 1> <Delay = 2.15> <IPBlock> <Opcode : 'mul' 'add' 'sub' 'select'> <InPorts = 0> <OutPorts = 1> <Sync> <CReg>
ST_82 : Operation 650 [2/3] (1.05ns) (grouped into DSP with root node add_ln1347_17)   --->   "%mul_ln837_2 = mul i26 %sext_ln837_17, i26 %zext_ln837_3"   --->   Operation 650 'mul' 'mul_ln837_2' <Predicate = true> <Delay = 1.05> <CoreInst = "DSP48">   --->   Core 119 'DSP48' <Latency = 3> <II = 1> <Delay = 2.15> <IPBlock> <Opcode : 'mul' 'add' 'sub' 'select'> <InPorts = 0> <OutPorts = 1> <Sync> <CReg>
ST_82 : Operation 651 [2/3] (1.05ns) (grouped into DSP with root node add_ln1347_18)   --->   "%mul_ln837_3 = mul i26 %sext_ln837_18, i26 %zext_ln837_4"   --->   Operation 651 'mul' 'mul_ln837_3' <Predicate = true> <Delay = 1.05> <CoreInst = "DSP48">   --->   Core 119 'DSP48' <Latency = 3> <II = 1> <Delay = 2.15> <IPBlock> <Opcode : 'mul' 'add' 'sub' 'select'> <InPorts = 0> <OutPorts = 1> <Sync> <CReg>
ST_82 : Operation 652 [2/3] (1.05ns) (grouped into DSP with root node add_ln1347_19)   --->   "%mul_ln837_4 = mul i26 %sext_ln837_19, i26 %zext_ln837_5"   --->   Operation 652 'mul' 'mul_ln837_4' <Predicate = true> <Delay = 1.05> <CoreInst = "DSP48">   --->   Core 119 'DSP48' <Latency = 3> <II = 1> <Delay = 2.15> <IPBlock> <Opcode : 'mul' 'add' 'sub' 'select'> <InPorts = 0> <OutPorts = 1> <Sync> <CReg>
ST_82 : Operation 653 [1/1] (0.00ns)   --->   "%sext_ln837_20 = sext i16 %trunc_ln818_21"   --->   Operation 653 'sext' 'sext_ln837_20' <Predicate = true> <Delay = 0.00>
ST_82 : Operation 654 [1/1] (0.00ns)   --->   "%zext_ln837_6 = zext i11 %p_read_27"   --->   Operation 654 'zext' 'zext_ln837_6' <Predicate = true> <Delay = 0.00>
ST_82 : Operation 655 [3/3] (1.05ns) (grouped into DSP with root node add_ln1347_20)   --->   "%mul_ln837_5 = mul i26 %sext_ln837_20, i26 %zext_ln837_6"   --->   Operation 655 'mul' 'mul_ln837_5' <Predicate = true> <Delay = 1.05> <CoreInst = "DSP48">   --->   Core 119 'DSP48' <Latency = 3> <II = 1> <Delay = 2.15> <IPBlock> <Opcode : 'mul' 'add' 'sub' 'select'> <InPorts = 0> <OutPorts = 1> <Sync> <CReg>
ST_82 : Operation 656 [1/4] (0.00ns) (root node of the DSP)   --->   "%mul_ln818_7 = mul i26 %sext_ln1273_38, i26 %sext_ln1273_32"   --->   Operation 656 'mul' 'mul_ln818_7' <Predicate = true> <Delay = 0.00> <CoreInst = "DSP48">   --->   Core 119 'DSP48' <Latency = 3> <II = 1> <Delay = 2.15> <IPBlock> <Opcode : 'mul' 'add' 'sub' 'select'> <InPorts = 0> <OutPorts = 1> <Sync> <CReg>
ST_82 : Operation 657 [1/1] (0.00ns)   --->   "%trunc_ln818_22 = partselect i16 @_ssdm_op_PartSelect.i16.i26.i32.i32, i26 %mul_ln818_7, i32 10, i32 25"   --->   Operation 657 'partselect' 'trunc_ln818_22' <Predicate = true> <Delay = 0.00>
ST_82 : Operation 658 [1/1] (0.00ns)   --->   "%sext_ln1273_39 = sext i16 %trunc_ln818_22"   --->   Operation 658 'sext' 'sext_ln1273_39' <Predicate = true> <Delay = 0.00>
ST_82 : Operation 659 [1/1] (0.00ns)   --->   "%sext_ln1273_40 = sext i8 %p_read_26"   --->   Operation 659 'sext' 'sext_ln1273_40' <Predicate = true> <Delay = 0.00>
ST_82 : Operation 660 [1/1] (0.00ns)   --->   "%zext_ln1273 = zext i10 %sext_ln1273_40"   --->   Operation 660 'zext' 'zext_ln1273' <Predicate = true> <Delay = 0.00>
ST_82 : Operation 661 [3/3] (1.05ns) (grouped into DSP with root node add_ln1347_21)   --->   "%mul_ln813 = mul i26 %sext_ln1273_39, i26 %zext_ln1273"   --->   Operation 661 'mul' 'mul_ln813' <Predicate = true> <Delay = 1.05> <CoreInst = "DSP48">   --->   Core 119 'DSP48' <Latency = 3> <II = 1> <Delay = 2.15> <IPBlock> <Opcode : 'mul' 'add' 'sub' 'select'> <InPorts = 0> <OutPorts = 1> <Sync> <CReg>
ST_82 : Operation 662 [1/4] (0.00ns) (root node of the DSP)   --->   "%mul_ln818_8 = mul i26 %sext_ln1273_41, i26 %sext_ln1273_32"   --->   Operation 662 'mul' 'mul_ln818_8' <Predicate = true> <Delay = 0.00> <CoreInst = "DSP48">   --->   Core 119 'DSP48' <Latency = 3> <II = 1> <Delay = 2.15> <IPBlock> <Opcode : 'mul' 'add' 'sub' 'select'> <InPorts = 0> <OutPorts = 1> <Sync> <CReg>
ST_82 : Operation 663 [1/1] (0.00ns)   --->   "%trunc_ln818_23 = partselect i16 @_ssdm_op_PartSelect.i16.i26.i32.i32, i26 %mul_ln818_8, i32 10, i32 25"   --->   Operation 663 'partselect' 'trunc_ln818_23' <Predicate = true> <Delay = 0.00>
ST_82 : Operation 664 [1/1] (0.00ns)   --->   "%sext_ln1273_42 = sext i16 %trunc_ln818_23"   --->   Operation 664 'sext' 'sext_ln1273_42' <Predicate = true> <Delay = 0.00>
ST_82 : Operation 665 [1/1] (0.00ns)   --->   "%sext_ln1273_43 = sext i8 %p_read_25"   --->   Operation 665 'sext' 'sext_ln1273_43' <Predicate = true> <Delay = 0.00>
ST_82 : Operation 666 [1/1] (0.00ns)   --->   "%zext_ln1273_1 = zext i10 %sext_ln1273_43"   --->   Operation 666 'zext' 'zext_ln1273_1' <Predicate = true> <Delay = 0.00>
ST_82 : Operation 667 [3/3] (1.05ns) (grouped into DSP with root node add_ln1347_22)   --->   "%mul_ln813_1 = mul i26 %sext_ln1273_42, i26 %zext_ln1273_1"   --->   Operation 667 'mul' 'mul_ln813_1' <Predicate = true> <Delay = 1.05> <CoreInst = "DSP48">   --->   Core 119 'DSP48' <Latency = 3> <II = 1> <Delay = 2.15> <IPBlock> <Opcode : 'mul' 'add' 'sub' 'select'> <InPorts = 0> <OutPorts = 1> <Sync> <CReg>
ST_82 : Operation 668 [1/4] (0.00ns) (root node of the DSP)   --->   "%mul_ln818_9 = mul i26 %sext_ln1273_44, i26 %sext_ln1273_32"   --->   Operation 668 'mul' 'mul_ln818_9' <Predicate = true> <Delay = 0.00> <CoreInst = "DSP48">   --->   Core 119 'DSP48' <Latency = 3> <II = 1> <Delay = 2.15> <IPBlock> <Opcode : 'mul' 'add' 'sub' 'select'> <InPorts = 0> <OutPorts = 1> <Sync> <CReg>
ST_82 : Operation 669 [1/1] (0.00ns)   --->   "%trunc_ln818_24 = partselect i16 @_ssdm_op_PartSelect.i16.i26.i32.i32, i26 %mul_ln818_9, i32 10, i32 25"   --->   Operation 669 'partselect' 'trunc_ln818_24' <Predicate = true> <Delay = 0.00>
ST_82 : Operation 670 [2/4] (1.05ns) (root node of the DSP)   --->   "%mul_ln818_10 = mul i26 %sext_ln1273_47, i26 %sext_ln1273_32"   --->   Operation 670 'mul' 'mul_ln818_10' <Predicate = true> <Delay = 1.05> <CoreInst = "DSP48">   --->   Core 119 'DSP48' <Latency = 3> <II = 1> <Delay = 2.15> <IPBlock> <Opcode : 'mul' 'add' 'sub' 'select'> <InPorts = 0> <OutPorts = 1> <Sync> <CReg>
ST_82 : Operation 671 [2/4] (1.05ns) (root node of the DSP)   --->   "%mul_ln818_11 = mul i26 %sext_ln1273_48, i26 %sext_ln1273_32"   --->   Operation 671 'mul' 'mul_ln818_11' <Predicate = true> <Delay = 1.05> <CoreInst = "DSP48">   --->   Core 119 'DSP48' <Latency = 3> <II = 1> <Delay = 2.15> <IPBlock> <Opcode : 'mul' 'add' 'sub' 'select'> <InPorts = 0> <OutPorts = 1> <Sync> <CReg>
ST_82 : Operation 672 [2/4] (1.05ns) (root node of the DSP)   --->   "%mul_ln818_12 = mul i26 %sext_ln1273_49, i26 %sext_ln1273_32"   --->   Operation 672 'mul' 'mul_ln818_12' <Predicate = true> <Delay = 1.05> <CoreInst = "DSP48">   --->   Core 119 'DSP48' <Latency = 3> <II = 1> <Delay = 2.15> <IPBlock> <Opcode : 'mul' 'add' 'sub' 'select'> <InPorts = 0> <OutPorts = 1> <Sync> <CReg>
ST_82 : Operation 673 [3/4] (1.05ns) (root node of the DSP)   --->   "%mul_ln818_13 = mul i26 %sext_ln1273_50, i26 %sext_ln1273_32"   --->   Operation 673 'mul' 'mul_ln818_13' <Predicate = true> <Delay = 1.05> <CoreInst = "DSP48">   --->   Core 119 'DSP48' <Latency = 3> <II = 1> <Delay = 2.15> <IPBlock> <Opcode : 'mul' 'add' 'sub' 'select'> <InPorts = 0> <OutPorts = 1> <Sync> <CReg>
ST_82 : Operation 674 [3/4] (1.05ns) (root node of the DSP)   --->   "%mul_ln818_14 = mul i26 %sext_ln1273_53, i26 %sext_ln1273_32"   --->   Operation 674 'mul' 'mul_ln818_14' <Predicate = true> <Delay = 1.05> <CoreInst = "DSP48">   --->   Core 119 'DSP48' <Latency = 3> <II = 1> <Delay = 2.15> <IPBlock> <Opcode : 'mul' 'add' 'sub' 'select'> <InPorts = 0> <OutPorts = 1> <Sync> <CReg>
ST_82 : Operation 675 [3/4] (1.05ns) (root node of the DSP)   --->   "%mul_ln818_15 = mul i26 %sext_ln1273_54, i26 %sext_ln1273_32"   --->   Operation 675 'mul' 'mul_ln818_15' <Predicate = true> <Delay = 1.05> <CoreInst = "DSP48">   --->   Core 119 'DSP48' <Latency = 3> <II = 1> <Delay = 2.15> <IPBlock> <Opcode : 'mul' 'add' 'sub' 'select'> <InPorts = 0> <OutPorts = 1> <Sync> <CReg>
ST_82 : Operation 676 [1/1] (0.00ns)   --->   "%sext_ln1348_16 = sext i16 %x_load_15"   --->   Operation 676 'sext' 'sext_ln1348_16' <Predicate = true> <Delay = 0.00>
ST_82 : Operation 677 [1/1] (2.25ns) (grouped into DSP with root node mul_ln818_16)   --->   "%sub_ln1348_15 = sub i17 %sext_ln1348_16, i17 %sext_ln1348"   --->   Operation 677 'sub' 'sub_ln1348_15' <Predicate = true> <Delay = 2.25> <CoreInst = "DSP48">   --->   Core 119 'DSP48' <Latency = 3> <II = 1> <Delay = 2.15> <IPBlock> <Opcode : 'mul' 'add' 'sub' 'select'> <InPorts = 0> <OutPorts = 1> <Sync> <CReg>
ST_82 : Operation 678 [1/1] (0.00ns) (grouped into DSP with root node mul_ln818_16)   --->   "%sext_ln1273_55 = sext i17 %sub_ln1348_15"   --->   Operation 678 'sext' 'sext_ln1273_55' <Predicate = true> <Delay = 0.00>
ST_82 : Operation 679 [4/4] (1.05ns) (root node of the DSP)   --->   "%mul_ln818_16 = mul i26 %sext_ln1273_55, i26 %sext_ln1273_32"   --->   Operation 679 'mul' 'mul_ln818_16' <Predicate = true> <Delay = 1.05> <CoreInst = "DSP48">   --->   Core 119 'DSP48' <Latency = 3> <II = 1> <Delay = 2.15> <IPBlock> <Opcode : 'mul' 'add' 'sub' 'select'> <InPorts = 0> <OutPorts = 1> <Sync> <CReg>

State 83 <SV = 82> <Delay = 5.35>
ST_83 : Operation 680 [1/1] (0.00ns)   --->   "%p_read_12 = read i5 @_ssdm_op_Read.ap_auto.i5, i5 %p_read20"   --->   Operation 680 'read' 'p_read_12' <Predicate = true> <Delay = 0.00>
ST_83 : Operation 681 [1/1] (0.00ns)   --->   "%p_read_13 = read i7 @_ssdm_op_Read.ap_auto.i7, i7 %p_read19"   --->   Operation 681 'read' 'p_read_13' <Predicate = true> <Delay = 0.00>
ST_83 : Operation 682 [1/1] (0.00ns)   --->   "%p_read_14 = read i7 @_ssdm_op_Read.ap_auto.i7, i7 %p_read18"   --->   Operation 682 'read' 'p_read_14' <Predicate = true> <Delay = 0.00>
ST_83 : Operation 683 [1/1] (0.00ns)   --->   "%p_read_22 = read i11 @_ssdm_op_Read.ap_auto.i11, i11 %p_read10"   --->   Operation 683 'read' 'p_read_22' <Predicate = true> <Delay = 0.00>
ST_83 : Operation 684 [1/1] (0.00ns)   --->   "%p_read_23 = read i11 @_ssdm_op_Read.ap_auto.i11, i11 %p_read9"   --->   Operation 684 'read' 'p_read_23' <Predicate = true> <Delay = 0.00>
ST_83 : Operation 685 [1/1] (0.00ns)   --->   "%p_read_24 = read i7 @_ssdm_op_Read.ap_auto.i7, i7 %p_read8"   --->   Operation 685 'read' 'p_read_24' <Predicate = true> <Delay = 0.00>
ST_83 : Operation 686 [1/2] (2.10ns) (root node of the DSP)   --->   "%add_ln1347_15 = add i26 %sext_ln1347, i26 %mul_ln837"   --->   Operation 686 'add' 'add_ln1347_15' <Predicate = true> <Delay = 2.10> <CoreInst = "DSP48">   --->   Core 119 'DSP48' <Latency = 3> <II = 1> <Delay = 2.15> <IPBlock> <Opcode : 'mul' 'add' 'sub' 'select'> <InPorts = 0> <OutPorts = 1> <Sync> <CReg>
ST_83 : Operation 687 [1/1] (0.00ns)   --->   "%trunc_ln818_16 = partselect i16 @_ssdm_op_PartSelect.i16.i26.i32.i32, i26 %add_ln1347_15, i32 10, i32 25"   --->   Operation 687 'partselect' 'trunc_ln818_16' <Predicate = true> <Delay = 0.00>
ST_83 : Operation 688 [1/1] (3.25ns)   --->   "%store_ln49 = store i16 %trunc_ln818_16, i8 %x_addr" [/home/cym/prj2/finn/notebooks/icl_thesis-master/experiments/qks_v3_s0_s10_s20_s30_exploratory_hls/q16_qksv3_s20/src/q16_qksv3_s20.cpp:49]   --->   Operation 688 'store' 'store_ln49' <Predicate = true> <Delay = 3.25> <CoreInst = "RAM">   --->   Core 82 'RAM' <Latency = 1> <II = 1> <Delay = 3.25> <Storage> <Opcode : 'load' 'store'> <Ports = 2> <Width = 16> <Depth = 208> <RAM>
ST_83 : Operation 689 [1/2] (2.10ns) (root node of the DSP)   --->   "%add_ln1347_16 = add i26 %zext_ln1347, i26 %mul_ln837_1"   --->   Operation 689 'add' 'add_ln1347_16' <Predicate = true> <Delay = 2.10> <CoreInst = "DSP48">   --->   Core 119 'DSP48' <Latency = 3> <II = 1> <Delay = 2.15> <IPBlock> <Opcode : 'mul' 'add' 'sub' 'select'> <InPorts = 0> <OutPorts = 1> <Sync> <CReg>
ST_83 : Operation 690 [1/1] (0.00ns)   --->   "%trunc_ln818_1 = partselect i16 @_ssdm_op_PartSelect.i16.i26.i32.i32, i26 %add_ln1347_16, i32 10, i32 25"   --->   Operation 690 'partselect' 'trunc_ln818_1' <Predicate = true> <Delay = 0.00>
ST_83 : Operation 691 [1/1] (3.25ns)   --->   "%store_ln49 = store i16 %trunc_ln818_1, i8 %x_addr_1" [/home/cym/prj2/finn/notebooks/icl_thesis-master/experiments/qks_v3_s0_s10_s20_s30_exploratory_hls/q16_qksv3_s20/src/q16_qksv3_s20.cpp:49]   --->   Operation 691 'store' 'store_ln49' <Predicate = true> <Delay = 3.25> <CoreInst = "RAM">   --->   Core 82 'RAM' <Latency = 1> <II = 1> <Delay = 3.25> <Storage> <Opcode : 'load' 'store'> <Ports = 2> <Width = 16> <Depth = 208> <RAM>
ST_83 : Operation 692 [1/3] (0.00ns) (grouped into DSP with root node add_ln1347_17)   --->   "%mul_ln837_2 = mul i26 %sext_ln837_17, i26 %zext_ln837_3"   --->   Operation 692 'mul' 'mul_ln837_2' <Predicate = true> <Delay = 0.00> <CoreInst = "DSP48">   --->   Core 119 'DSP48' <Latency = 3> <II = 1> <Delay = 2.15> <IPBlock> <Opcode : 'mul' 'add' 'sub' 'select'> <InPorts = 0> <OutPorts = 1> <Sync> <CReg>
ST_83 : Operation 693 [1/1] (0.00ns)   --->   "%shl_ln838_16 = bitconcatenate i17 @_ssdm_op_BitConcatenate.i17.i7.i10, i7 %p_read_14, i10 0"   --->   Operation 693 'bitconcatenate' 'shl_ln838_16' <Predicate = true> <Delay = 0.00>
ST_83 : Operation 694 [1/1] (0.00ns)   --->   "%sext_ln1347_3 = sext i17 %shl_ln838_16"   --->   Operation 694 'sext' 'sext_ln1347_3' <Predicate = true> <Delay = 0.00>
ST_83 : Operation 695 [2/2] (2.10ns) (root node of the DSP)   --->   "%add_ln1347_17 = add i26 %sext_ln1347_3, i26 %mul_ln837_2"   --->   Operation 695 'add' 'add_ln1347_17' <Predicate = true> <Delay = 2.10> <CoreInst = "DSP48">   --->   Core 119 'DSP48' <Latency = 3> <II = 1> <Delay = 2.15> <IPBlock> <Opcode : 'mul' 'add' 'sub' 'select'> <InPorts = 0> <OutPorts = 1> <Sync> <CReg>
ST_83 : Operation 696 [1/3] (0.00ns) (grouped into DSP with root node add_ln1347_18)   --->   "%mul_ln837_3 = mul i26 %sext_ln837_18, i26 %zext_ln837_4"   --->   Operation 696 'mul' 'mul_ln837_3' <Predicate = true> <Delay = 0.00> <CoreInst = "DSP48">   --->   Core 119 'DSP48' <Latency = 3> <II = 1> <Delay = 2.15> <IPBlock> <Opcode : 'mul' 'add' 'sub' 'select'> <InPorts = 0> <OutPorts = 1> <Sync> <CReg>
ST_83 : Operation 697 [1/1] (0.00ns)   --->   "%shl_ln838_17 = bitconcatenate i17 @_ssdm_op_BitConcatenate.i17.i7.i10, i7 %p_read_13, i10 0"   --->   Operation 697 'bitconcatenate' 'shl_ln838_17' <Predicate = true> <Delay = 0.00>
ST_83 : Operation 698 [1/1] (0.00ns)   --->   "%sext_ln1347_4 = sext i17 %shl_ln838_17"   --->   Operation 698 'sext' 'sext_ln1347_4' <Predicate = true> <Delay = 0.00>
ST_83 : Operation 699 [2/2] (2.10ns) (root node of the DSP)   --->   "%add_ln1347_18 = add i26 %sext_ln1347_4, i26 %mul_ln837_3"   --->   Operation 699 'add' 'add_ln1347_18' <Predicate = true> <Delay = 2.10> <CoreInst = "DSP48">   --->   Core 119 'DSP48' <Latency = 3> <II = 1> <Delay = 2.15> <IPBlock> <Opcode : 'mul' 'add' 'sub' 'select'> <InPorts = 0> <OutPorts = 1> <Sync> <CReg>
ST_83 : Operation 700 [1/3] (0.00ns) (grouped into DSP with root node add_ln1347_19)   --->   "%mul_ln837_4 = mul i26 %sext_ln837_19, i26 %zext_ln837_5"   --->   Operation 700 'mul' 'mul_ln837_4' <Predicate = true> <Delay = 0.00> <CoreInst = "DSP48">   --->   Core 119 'DSP48' <Latency = 3> <II = 1> <Delay = 2.15> <IPBlock> <Opcode : 'mul' 'add' 'sub' 'select'> <InPorts = 0> <OutPorts = 1> <Sync> <CReg>
ST_83 : Operation 701 [1/1] (0.00ns)   --->   "%shl_ln838_18 = bitconcatenate i15 @_ssdm_op_BitConcatenate.i15.i5.i10, i5 %p_read_12, i10 0"   --->   Operation 701 'bitconcatenate' 'shl_ln838_18' <Predicate = true> <Delay = 0.00>
ST_83 : Operation 702 [1/1] (0.00ns)   --->   "%sext_ln1347_5 = sext i15 %shl_ln838_18"   --->   Operation 702 'sext' 'sext_ln1347_5' <Predicate = true> <Delay = 0.00>
ST_83 : Operation 703 [2/2] (2.10ns) (root node of the DSP)   --->   "%add_ln1347_19 = add i26 %sext_ln1347_5, i26 %mul_ln837_4"   --->   Operation 703 'add' 'add_ln1347_19' <Predicate = true> <Delay = 2.10> <CoreInst = "DSP48">   --->   Core 119 'DSP48' <Latency = 3> <II = 1> <Delay = 2.15> <IPBlock> <Opcode : 'mul' 'add' 'sub' 'select'> <InPorts = 0> <OutPorts = 1> <Sync> <CReg>
ST_83 : Operation 704 [2/3] (1.05ns) (grouped into DSP with root node add_ln1347_20)   --->   "%mul_ln837_5 = mul i26 %sext_ln837_20, i26 %zext_ln837_6"   --->   Operation 704 'mul' 'mul_ln837_5' <Predicate = true> <Delay = 1.05> <CoreInst = "DSP48">   --->   Core 119 'DSP48' <Latency = 3> <II = 1> <Delay = 2.15> <IPBlock> <Opcode : 'mul' 'add' 'sub' 'select'> <InPorts = 0> <OutPorts = 1> <Sync> <CReg>
ST_83 : Operation 705 [2/3] (1.05ns) (grouped into DSP with root node add_ln1347_21)   --->   "%mul_ln813 = mul i26 %sext_ln1273_39, i26 %zext_ln1273"   --->   Operation 705 'mul' 'mul_ln813' <Predicate = true> <Delay = 1.05> <CoreInst = "DSP48">   --->   Core 119 'DSP48' <Latency = 3> <II = 1> <Delay = 2.15> <IPBlock> <Opcode : 'mul' 'add' 'sub' 'select'> <InPorts = 0> <OutPorts = 1> <Sync> <CReg>
ST_83 : Operation 706 [2/3] (1.05ns) (grouped into DSP with root node add_ln1347_22)   --->   "%mul_ln813_1 = mul i26 %sext_ln1273_42, i26 %zext_ln1273_1"   --->   Operation 706 'mul' 'mul_ln813_1' <Predicate = true> <Delay = 1.05> <CoreInst = "DSP48">   --->   Core 119 'DSP48' <Latency = 3> <II = 1> <Delay = 2.15> <IPBlock> <Opcode : 'mul' 'add' 'sub' 'select'> <InPorts = 0> <OutPorts = 1> <Sync> <CReg>
ST_83 : Operation 707 [1/1] (0.00ns)   --->   "%sext_ln1273_45 = sext i16 %trunc_ln818_24"   --->   Operation 707 'sext' 'sext_ln1273_45' <Predicate = true> <Delay = 0.00>
ST_83 : Operation 708 [1/1] (0.00ns)   --->   "%sext_ln1273_46 = sext i7 %p_read_24"   --->   Operation 708 'sext' 'sext_ln1273_46' <Predicate = true> <Delay = 0.00>
ST_83 : Operation 709 [1/1] (0.00ns)   --->   "%zext_ln1273_2 = zext i10 %sext_ln1273_46"   --->   Operation 709 'zext' 'zext_ln1273_2' <Predicate = true> <Delay = 0.00>
ST_83 : Operation 710 [3/3] (1.05ns) (grouped into DSP with root node add_ln1347_23)   --->   "%mul_ln813_2 = mul i26 %sext_ln1273_45, i26 %zext_ln1273_2"   --->   Operation 710 'mul' 'mul_ln813_2' <Predicate = true> <Delay = 1.05> <CoreInst = "DSP48">   --->   Core 119 'DSP48' <Latency = 3> <II = 1> <Delay = 2.15> <IPBlock> <Opcode : 'mul' 'add' 'sub' 'select'> <InPorts = 0> <OutPorts = 1> <Sync> <CReg>
ST_83 : Operation 711 [1/4] (0.00ns) (root node of the DSP)   --->   "%mul_ln818_10 = mul i26 %sext_ln1273_47, i26 %sext_ln1273_32"   --->   Operation 711 'mul' 'mul_ln818_10' <Predicate = true> <Delay = 0.00> <CoreInst = "DSP48">   --->   Core 119 'DSP48' <Latency = 3> <II = 1> <Delay = 2.15> <IPBlock> <Opcode : 'mul' 'add' 'sub' 'select'> <InPorts = 0> <OutPorts = 1> <Sync> <CReg>
ST_83 : Operation 712 [1/1] (0.00ns)   --->   "%trunc_ln818_25 = partselect i16 @_ssdm_op_PartSelect.i16.i26.i32.i32, i26 %mul_ln818_10, i32 10, i32 25"   --->   Operation 712 'partselect' 'trunc_ln818_25' <Predicate = true> <Delay = 0.00>
ST_83 : Operation 713 [1/1] (0.00ns)   --->   "%sext_ln837_21 = sext i16 %trunc_ln818_25"   --->   Operation 713 'sext' 'sext_ln837_21' <Predicate = true> <Delay = 0.00>
ST_83 : Operation 714 [1/1] (0.00ns)   --->   "%zext_ln837_7 = zext i11 %p_read_23"   --->   Operation 714 'zext' 'zext_ln837_7' <Predicate = true> <Delay = 0.00>
ST_83 : Operation 715 [3/3] (1.05ns) (grouped into DSP with root node add_ln1347_24)   --->   "%mul_ln837_6 = mul i26 %sext_ln837_21, i26 %zext_ln837_7"   --->   Operation 715 'mul' 'mul_ln837_6' <Predicate = true> <Delay = 1.05> <CoreInst = "DSP48">   --->   Core 119 'DSP48' <Latency = 3> <II = 1> <Delay = 2.15> <IPBlock> <Opcode : 'mul' 'add' 'sub' 'select'> <InPorts = 0> <OutPorts = 1> <Sync> <CReg>
ST_83 : Operation 716 [1/4] (0.00ns) (root node of the DSP)   --->   "%mul_ln818_11 = mul i26 %sext_ln1273_48, i26 %sext_ln1273_32"   --->   Operation 716 'mul' 'mul_ln818_11' <Predicate = true> <Delay = 0.00> <CoreInst = "DSP48">   --->   Core 119 'DSP48' <Latency = 3> <II = 1> <Delay = 2.15> <IPBlock> <Opcode : 'mul' 'add' 'sub' 'select'> <InPorts = 0> <OutPorts = 1> <Sync> <CReg>
ST_83 : Operation 717 [1/1] (0.00ns)   --->   "%trunc_ln818_26 = partselect i16 @_ssdm_op_PartSelect.i16.i26.i32.i32, i26 %mul_ln818_11, i32 10, i32 25"   --->   Operation 717 'partselect' 'trunc_ln818_26' <Predicate = true> <Delay = 0.00>
ST_83 : Operation 718 [1/1] (0.00ns)   --->   "%sext_ln837_22 = sext i16 %trunc_ln818_26"   --->   Operation 718 'sext' 'sext_ln837_22' <Predicate = true> <Delay = 0.00>
ST_83 : Operation 719 [1/1] (0.00ns)   --->   "%zext_ln837_8 = zext i11 %p_read_22"   --->   Operation 719 'zext' 'zext_ln837_8' <Predicate = true> <Delay = 0.00>
ST_83 : Operation 720 [3/3] (1.05ns) (grouped into DSP with root node add_ln1347_25)   --->   "%mul_ln837_7 = mul i26 %sext_ln837_22, i26 %zext_ln837_8"   --->   Operation 720 'mul' 'mul_ln837_7' <Predicate = true> <Delay = 1.05> <CoreInst = "DSP48">   --->   Core 119 'DSP48' <Latency = 3> <II = 1> <Delay = 2.15> <IPBlock> <Opcode : 'mul' 'add' 'sub' 'select'> <InPorts = 0> <OutPorts = 1> <Sync> <CReg>
ST_83 : Operation 721 [1/4] (0.00ns) (root node of the DSP)   --->   "%mul_ln818_12 = mul i26 %sext_ln1273_49, i26 %sext_ln1273_32"   --->   Operation 721 'mul' 'mul_ln818_12' <Predicate = true> <Delay = 0.00> <CoreInst = "DSP48">   --->   Core 119 'DSP48' <Latency = 3> <II = 1> <Delay = 2.15> <IPBlock> <Opcode : 'mul' 'add' 'sub' 'select'> <InPorts = 0> <OutPorts = 1> <Sync> <CReg>
ST_83 : Operation 722 [1/1] (0.00ns)   --->   "%trunc_ln818_27 = partselect i16 @_ssdm_op_PartSelect.i16.i26.i32.i32, i26 %mul_ln818_12, i32 10, i32 25"   --->   Operation 722 'partselect' 'trunc_ln818_27' <Predicate = true> <Delay = 0.00>
ST_83 : Operation 723 [2/4] (1.05ns) (root node of the DSP)   --->   "%mul_ln818_13 = mul i26 %sext_ln1273_50, i26 %sext_ln1273_32"   --->   Operation 723 'mul' 'mul_ln818_13' <Predicate = true> <Delay = 1.05> <CoreInst = "DSP48">   --->   Core 119 'DSP48' <Latency = 3> <II = 1> <Delay = 2.15> <IPBlock> <Opcode : 'mul' 'add' 'sub' 'select'> <InPorts = 0> <OutPorts = 1> <Sync> <CReg>
ST_83 : Operation 724 [2/4] (1.05ns) (root node of the DSP)   --->   "%mul_ln818_14 = mul i26 %sext_ln1273_53, i26 %sext_ln1273_32"   --->   Operation 724 'mul' 'mul_ln818_14' <Predicate = true> <Delay = 1.05> <CoreInst = "DSP48">   --->   Core 119 'DSP48' <Latency = 3> <II = 1> <Delay = 2.15> <IPBlock> <Opcode : 'mul' 'add' 'sub' 'select'> <InPorts = 0> <OutPorts = 1> <Sync> <CReg>
ST_83 : Operation 725 [2/4] (1.05ns) (root node of the DSP)   --->   "%mul_ln818_15 = mul i26 %sext_ln1273_54, i26 %sext_ln1273_32"   --->   Operation 725 'mul' 'mul_ln818_15' <Predicate = true> <Delay = 1.05> <CoreInst = "DSP48">   --->   Core 119 'DSP48' <Latency = 3> <II = 1> <Delay = 2.15> <IPBlock> <Opcode : 'mul' 'add' 'sub' 'select'> <InPorts = 0> <OutPorts = 1> <Sync> <CReg>
ST_83 : Operation 726 [3/4] (1.05ns) (root node of the DSP)   --->   "%mul_ln818_16 = mul i26 %sext_ln1273_55, i26 %sext_ln1273_32"   --->   Operation 726 'mul' 'mul_ln818_16' <Predicate = true> <Delay = 1.05> <CoreInst = "DSP48">   --->   Core 119 'DSP48' <Latency = 3> <II = 1> <Delay = 2.15> <IPBlock> <Opcode : 'mul' 'add' 'sub' 'select'> <InPorts = 0> <OutPorts = 1> <Sync> <CReg>

State 84 <SV = 83> <Delay = 5.35>
ST_84 : Operation 727 [1/1] (0.00ns)   --->   "%p_read_9 = read i5 @_ssdm_op_Read.ap_auto.i5, i5 %p_read23"   --->   Operation 727 'read' 'p_read_9' <Predicate = true> <Delay = 0.00>
ST_84 : Operation 728 [1/1] (0.00ns)   --->   "%p_read_10 = read i6 @_ssdm_op_Read.ap_auto.i6, i6 %p_read22"   --->   Operation 728 'read' 'p_read_10' <Predicate = true> <Delay = 0.00>
ST_84 : Operation 729 [1/1] (0.00ns)   --->   "%p_read_11 = read i6 @_ssdm_op_Read.ap_auto.i6, i6 %p_read21"   --->   Operation 729 'read' 'p_read_11' <Predicate = true> <Delay = 0.00>
ST_84 : Operation 730 [1/1] (0.00ns)   --->   "%p_read_19 = read i11 @_ssdm_op_Read.ap_auto.i11, i11 %p_read13"   --->   Operation 730 'read' 'p_read_19' <Predicate = true> <Delay = 0.00>
ST_84 : Operation 731 [1/1] (0.00ns)   --->   "%p_read_20 = read i7 @_ssdm_op_Read.ap_auto.i7, i7 %p_read12"   --->   Operation 731 'read' 'p_read_20' <Predicate = true> <Delay = 0.00>
ST_84 : Operation 732 [1/1] (0.00ns)   --->   "%p_read_21 = read i11 @_ssdm_op_Read.ap_auto.i11, i11 %p_read11"   --->   Operation 732 'read' 'p_read_21' <Predicate = true> <Delay = 0.00>
ST_84 : Operation 733 [1/2] (2.10ns) (root node of the DSP)   --->   "%add_ln1347_17 = add i26 %sext_ln1347_3, i26 %mul_ln837_2"   --->   Operation 733 'add' 'add_ln1347_17' <Predicate = true> <Delay = 2.10> <CoreInst = "DSP48">   --->   Core 119 'DSP48' <Latency = 3> <II = 1> <Delay = 2.15> <IPBlock> <Opcode : 'mul' 'add' 'sub' 'select'> <InPorts = 0> <OutPorts = 1> <Sync> <CReg>
ST_84 : Operation 734 [1/1] (0.00ns)   --->   "%trunc_ln818_2 = partselect i16 @_ssdm_op_PartSelect.i16.i26.i32.i32, i26 %add_ln1347_17, i32 10, i32 25"   --->   Operation 734 'partselect' 'trunc_ln818_2' <Predicate = true> <Delay = 0.00>
ST_84 : Operation 735 [1/1] (3.25ns)   --->   "%store_ln49 = store i16 %trunc_ln818_2, i8 %x_addr_2" [/home/cym/prj2/finn/notebooks/icl_thesis-master/experiments/qks_v3_s0_s10_s20_s30_exploratory_hls/q16_qksv3_s20/src/q16_qksv3_s20.cpp:49]   --->   Operation 735 'store' 'store_ln49' <Predicate = true> <Delay = 3.25> <CoreInst = "RAM">   --->   Core 82 'RAM' <Latency = 1> <II = 1> <Delay = 3.25> <Storage> <Opcode : 'load' 'store'> <Ports = 2> <Width = 16> <Depth = 208> <RAM>
ST_84 : Operation 736 [1/2] (2.10ns) (root node of the DSP)   --->   "%add_ln1347_18 = add i26 %sext_ln1347_4, i26 %mul_ln837_3"   --->   Operation 736 'add' 'add_ln1347_18' <Predicate = true> <Delay = 2.10> <CoreInst = "DSP48">   --->   Core 119 'DSP48' <Latency = 3> <II = 1> <Delay = 2.15> <IPBlock> <Opcode : 'mul' 'add' 'sub' 'select'> <InPorts = 0> <OutPorts = 1> <Sync> <CReg>
ST_84 : Operation 737 [1/1] (0.00ns)   --->   "%trunc_ln818_3 = partselect i16 @_ssdm_op_PartSelect.i16.i26.i32.i32, i26 %add_ln1347_18, i32 10, i32 25"   --->   Operation 737 'partselect' 'trunc_ln818_3' <Predicate = true> <Delay = 0.00>
ST_84 : Operation 738 [1/1] (3.25ns)   --->   "%store_ln49 = store i16 %trunc_ln818_3, i8 %x_addr_3" [/home/cym/prj2/finn/notebooks/icl_thesis-master/experiments/qks_v3_s0_s10_s20_s30_exploratory_hls/q16_qksv3_s20/src/q16_qksv3_s20.cpp:49]   --->   Operation 738 'store' 'store_ln49' <Predicate = true> <Delay = 3.25> <CoreInst = "RAM">   --->   Core 82 'RAM' <Latency = 1> <II = 1> <Delay = 3.25> <Storage> <Opcode : 'load' 'store'> <Ports = 2> <Width = 16> <Depth = 208> <RAM>
ST_84 : Operation 739 [1/2] (2.10ns) (root node of the DSP)   --->   "%add_ln1347_19 = add i26 %sext_ln1347_5, i26 %mul_ln837_4"   --->   Operation 739 'add' 'add_ln1347_19' <Predicate = true> <Delay = 2.10> <CoreInst = "DSP48">   --->   Core 119 'DSP48' <Latency = 3> <II = 1> <Delay = 2.15> <IPBlock> <Opcode : 'mul' 'add' 'sub' 'select'> <InPorts = 0> <OutPorts = 1> <Sync> <CReg>
ST_84 : Operation 740 [1/1] (0.00ns)   --->   "%trunc_ln818_4 = partselect i16 @_ssdm_op_PartSelect.i16.i26.i32.i32, i26 %add_ln1347_19, i32 10, i32 25"   --->   Operation 740 'partselect' 'trunc_ln818_4' <Predicate = true> <Delay = 0.00>
ST_84 : Operation 741 [1/3] (0.00ns) (grouped into DSP with root node add_ln1347_20)   --->   "%mul_ln837_5 = mul i26 %sext_ln837_20, i26 %zext_ln837_6"   --->   Operation 741 'mul' 'mul_ln837_5' <Predicate = true> <Delay = 0.00> <CoreInst = "DSP48">   --->   Core 119 'DSP48' <Latency = 3> <II = 1> <Delay = 2.15> <IPBlock> <Opcode : 'mul' 'add' 'sub' 'select'> <InPorts = 0> <OutPorts = 1> <Sync> <CReg>
ST_84 : Operation 742 [1/1] (0.00ns)   --->   "%shl_ln838_19 = bitconcatenate i16 @_ssdm_op_BitConcatenate.i16.i6.i10, i6 %p_read_11, i10 0"   --->   Operation 742 'bitconcatenate' 'shl_ln838_19' <Predicate = true> <Delay = 0.00>
ST_84 : Operation 743 [1/1] (0.00ns)   --->   "%sext_ln1347_6 = sext i16 %shl_ln838_19"   --->   Operation 743 'sext' 'sext_ln1347_6' <Predicate = true> <Delay = 0.00>
ST_84 : Operation 744 [2/2] (2.10ns) (root node of the DSP)   --->   "%add_ln1347_20 = add i26 %sext_ln1347_6, i26 %mul_ln837_5"   --->   Operation 744 'add' 'add_ln1347_20' <Predicate = true> <Delay = 2.10> <CoreInst = "DSP48">   --->   Core 119 'DSP48' <Latency = 3> <II = 1> <Delay = 2.15> <IPBlock> <Opcode : 'mul' 'add' 'sub' 'select'> <InPorts = 0> <OutPorts = 1> <Sync> <CReg>
ST_84 : Operation 745 [1/3] (0.00ns) (grouped into DSP with root node add_ln1347_21)   --->   "%mul_ln813 = mul i26 %sext_ln1273_39, i26 %zext_ln1273"   --->   Operation 745 'mul' 'mul_ln813' <Predicate = true> <Delay = 0.00> <CoreInst = "DSP48">   --->   Core 119 'DSP48' <Latency = 3> <II = 1> <Delay = 2.15> <IPBlock> <Opcode : 'mul' 'add' 'sub' 'select'> <InPorts = 0> <OutPorts = 1> <Sync> <CReg>
ST_84 : Operation 746 [1/1] (0.00ns)   --->   "%shl_ln838_20 = bitconcatenate i16 @_ssdm_op_BitConcatenate.i16.i6.i10, i6 %p_read_10, i10 0"   --->   Operation 746 'bitconcatenate' 'shl_ln838_20' <Predicate = true> <Delay = 0.00>
ST_84 : Operation 747 [1/1] (0.00ns)   --->   "%sext_ln1347_7 = sext i16 %shl_ln838_20"   --->   Operation 747 'sext' 'sext_ln1347_7' <Predicate = true> <Delay = 0.00>
ST_84 : Operation 748 [2/2] (2.10ns) (root node of the DSP)   --->   "%add_ln1347_21 = add i26 %sext_ln1347_7, i26 %mul_ln813"   --->   Operation 748 'add' 'add_ln1347_21' <Predicate = true> <Delay = 2.10> <CoreInst = "DSP48">   --->   Core 119 'DSP48' <Latency = 3> <II = 1> <Delay = 2.15> <IPBlock> <Opcode : 'mul' 'add' 'sub' 'select'> <InPorts = 0> <OutPorts = 1> <Sync> <CReg>
ST_84 : Operation 749 [1/3] (0.00ns) (grouped into DSP with root node add_ln1347_22)   --->   "%mul_ln813_1 = mul i26 %sext_ln1273_42, i26 %zext_ln1273_1"   --->   Operation 749 'mul' 'mul_ln813_1' <Predicate = true> <Delay = 0.00> <CoreInst = "DSP48">   --->   Core 119 'DSP48' <Latency = 3> <II = 1> <Delay = 2.15> <IPBlock> <Opcode : 'mul' 'add' 'sub' 'select'> <InPorts = 0> <OutPorts = 1> <Sync> <CReg>
ST_84 : Operation 750 [1/1] (0.00ns)   --->   "%tmp_57 = bitconcatenate i15 @_ssdm_op_BitConcatenate.i15.i5.i10, i5 %p_read_9, i10 0"   --->   Operation 750 'bitconcatenate' 'tmp_57' <Predicate = true> <Delay = 0.00>
ST_84 : Operation 751 [1/1] (0.00ns)   --->   "%sext_ln1347_8 = sext i15 %tmp_57"   --->   Operation 751 'sext' 'sext_ln1347_8' <Predicate = true> <Delay = 0.00>
ST_84 : Operation 752 [1/1] (0.00ns)   --->   "%zext_ln1347_1 = zext i16 %sext_ln1347_8"   --->   Operation 752 'zext' 'zext_ln1347_1' <Predicate = true> <Delay = 0.00>
ST_84 : Operation 753 [2/2] (2.10ns) (root node of the DSP)   --->   "%add_ln1347_22 = add i26 %zext_ln1347_1, i26 %mul_ln813_1"   --->   Operation 753 'add' 'add_ln1347_22' <Predicate = true> <Delay = 2.10> <CoreInst = "DSP48">   --->   Core 119 'DSP48' <Latency = 3> <II = 1> <Delay = 2.15> <IPBlock> <Opcode : 'mul' 'add' 'sub' 'select'> <InPorts = 0> <OutPorts = 1> <Sync> <CReg>
ST_84 : Operation 754 [2/3] (1.05ns) (grouped into DSP with root node add_ln1347_23)   --->   "%mul_ln813_2 = mul i26 %sext_ln1273_45, i26 %zext_ln1273_2"   --->   Operation 754 'mul' 'mul_ln813_2' <Predicate = true> <Delay = 1.05> <CoreInst = "DSP48">   --->   Core 119 'DSP48' <Latency = 3> <II = 1> <Delay = 2.15> <IPBlock> <Opcode : 'mul' 'add' 'sub' 'select'> <InPorts = 0> <OutPorts = 1> <Sync> <CReg>
ST_84 : Operation 755 [2/3] (1.05ns) (grouped into DSP with root node add_ln1347_24)   --->   "%mul_ln837_6 = mul i26 %sext_ln837_21, i26 %zext_ln837_7"   --->   Operation 755 'mul' 'mul_ln837_6' <Predicate = true> <Delay = 1.05> <CoreInst = "DSP48">   --->   Core 119 'DSP48' <Latency = 3> <II = 1> <Delay = 2.15> <IPBlock> <Opcode : 'mul' 'add' 'sub' 'select'> <InPorts = 0> <OutPorts = 1> <Sync> <CReg>
ST_84 : Operation 756 [2/3] (1.05ns) (grouped into DSP with root node add_ln1347_25)   --->   "%mul_ln837_7 = mul i26 %sext_ln837_22, i26 %zext_ln837_8"   --->   Operation 756 'mul' 'mul_ln837_7' <Predicate = true> <Delay = 1.05> <CoreInst = "DSP48">   --->   Core 119 'DSP48' <Latency = 3> <II = 1> <Delay = 2.15> <IPBlock> <Opcode : 'mul' 'add' 'sub' 'select'> <InPorts = 0> <OutPorts = 1> <Sync> <CReg>
ST_84 : Operation 757 [1/1] (0.00ns)   --->   "%sext_ln837_23 = sext i16 %trunc_ln818_27"   --->   Operation 757 'sext' 'sext_ln837_23' <Predicate = true> <Delay = 0.00>
ST_84 : Operation 758 [1/1] (0.00ns)   --->   "%zext_ln837_9 = zext i11 %p_read_21"   --->   Operation 758 'zext' 'zext_ln837_9' <Predicate = true> <Delay = 0.00>
ST_84 : Operation 759 [3/3] (1.05ns) (grouped into DSP with root node add_ln1347_26)   --->   "%mul_ln837_8 = mul i26 %sext_ln837_23, i26 %zext_ln837_9"   --->   Operation 759 'mul' 'mul_ln837_8' <Predicate = true> <Delay = 1.05> <CoreInst = "DSP48">   --->   Core 119 'DSP48' <Latency = 3> <II = 1> <Delay = 2.15> <IPBlock> <Opcode : 'mul' 'add' 'sub' 'select'> <InPorts = 0> <OutPorts = 1> <Sync> <CReg>
ST_84 : Operation 760 [1/4] (0.00ns) (root node of the DSP)   --->   "%mul_ln818_13 = mul i26 %sext_ln1273_50, i26 %sext_ln1273_32"   --->   Operation 760 'mul' 'mul_ln818_13' <Predicate = true> <Delay = 0.00> <CoreInst = "DSP48">   --->   Core 119 'DSP48' <Latency = 3> <II = 1> <Delay = 2.15> <IPBlock> <Opcode : 'mul' 'add' 'sub' 'select'> <InPorts = 0> <OutPorts = 1> <Sync> <CReg>
ST_84 : Operation 761 [1/1] (0.00ns)   --->   "%trunc_ln818_28 = partselect i16 @_ssdm_op_PartSelect.i16.i26.i32.i32, i26 %mul_ln818_13, i32 10, i32 25"   --->   Operation 761 'partselect' 'trunc_ln818_28' <Predicate = true> <Delay = 0.00>
ST_84 : Operation 762 [1/1] (0.00ns)   --->   "%sext_ln1273_51 = sext i16 %trunc_ln818_28"   --->   Operation 762 'sext' 'sext_ln1273_51' <Predicate = true> <Delay = 0.00>
ST_84 : Operation 763 [1/1] (0.00ns)   --->   "%sext_ln1273_52 = sext i7 %p_read_20"   --->   Operation 763 'sext' 'sext_ln1273_52' <Predicate = true> <Delay = 0.00>
ST_84 : Operation 764 [1/1] (0.00ns)   --->   "%zext_ln1273_3 = zext i10 %sext_ln1273_52"   --->   Operation 764 'zext' 'zext_ln1273_3' <Predicate = true> <Delay = 0.00>
ST_84 : Operation 765 [3/3] (1.05ns) (grouped into DSP with root node add_ln1347_27)   --->   "%mul_ln813_3 = mul i26 %sext_ln1273_51, i26 %zext_ln1273_3"   --->   Operation 765 'mul' 'mul_ln813_3' <Predicate = true> <Delay = 1.05> <CoreInst = "DSP48">   --->   Core 119 'DSP48' <Latency = 3> <II = 1> <Delay = 2.15> <IPBlock> <Opcode : 'mul' 'add' 'sub' 'select'> <InPorts = 0> <OutPorts = 1> <Sync> <CReg>
ST_84 : Operation 766 [1/4] (0.00ns) (root node of the DSP)   --->   "%mul_ln818_14 = mul i26 %sext_ln1273_53, i26 %sext_ln1273_32"   --->   Operation 766 'mul' 'mul_ln818_14' <Predicate = true> <Delay = 0.00> <CoreInst = "DSP48">   --->   Core 119 'DSP48' <Latency = 3> <II = 1> <Delay = 2.15> <IPBlock> <Opcode : 'mul' 'add' 'sub' 'select'> <InPorts = 0> <OutPorts = 1> <Sync> <CReg>
ST_84 : Operation 767 [1/1] (0.00ns)   --->   "%trunc_ln818_29 = partselect i16 @_ssdm_op_PartSelect.i16.i26.i32.i32, i26 %mul_ln818_14, i32 10, i32 25"   --->   Operation 767 'partselect' 'trunc_ln818_29' <Predicate = true> <Delay = 0.00>
ST_84 : Operation 768 [1/1] (0.00ns)   --->   "%sext_ln837_24 = sext i16 %trunc_ln818_29"   --->   Operation 768 'sext' 'sext_ln837_24' <Predicate = true> <Delay = 0.00>
ST_84 : Operation 769 [1/1] (0.00ns)   --->   "%zext_ln837_10 = zext i11 %p_read_19"   --->   Operation 769 'zext' 'zext_ln837_10' <Predicate = true> <Delay = 0.00>
ST_84 : Operation 770 [3/3] (1.05ns) (grouped into DSP with root node add_ln1347_28)   --->   "%mul_ln837_9 = mul i26 %sext_ln837_24, i26 %zext_ln837_10"   --->   Operation 770 'mul' 'mul_ln837_9' <Predicate = true> <Delay = 1.05> <CoreInst = "DSP48">   --->   Core 119 'DSP48' <Latency = 3> <II = 1> <Delay = 2.15> <IPBlock> <Opcode : 'mul' 'add' 'sub' 'select'> <InPorts = 0> <OutPorts = 1> <Sync> <CReg>
ST_84 : Operation 771 [1/4] (0.00ns) (root node of the DSP)   --->   "%mul_ln818_15 = mul i26 %sext_ln1273_54, i26 %sext_ln1273_32"   --->   Operation 771 'mul' 'mul_ln818_15' <Predicate = true> <Delay = 0.00> <CoreInst = "DSP48">   --->   Core 119 'DSP48' <Latency = 3> <II = 1> <Delay = 2.15> <IPBlock> <Opcode : 'mul' 'add' 'sub' 'select'> <InPorts = 0> <OutPorts = 1> <Sync> <CReg>
ST_84 : Operation 772 [1/1] (0.00ns)   --->   "%trunc_ln818_30 = partselect i16 @_ssdm_op_PartSelect.i16.i26.i32.i32, i26 %mul_ln818_15, i32 10, i32 25"   --->   Operation 772 'partselect' 'trunc_ln818_30' <Predicate = true> <Delay = 0.00>
ST_84 : Operation 773 [2/4] (1.05ns) (root node of the DSP)   --->   "%mul_ln818_16 = mul i26 %sext_ln1273_55, i26 %sext_ln1273_32"   --->   Operation 773 'mul' 'mul_ln818_16' <Predicate = true> <Delay = 1.05> <CoreInst = "DSP48">   --->   Core 119 'DSP48' <Latency = 3> <II = 1> <Delay = 2.15> <IPBlock> <Opcode : 'mul' 'add' 'sub' 'select'> <InPorts = 0> <OutPorts = 1> <Sync> <CReg>

State 85 <SV = 84> <Delay = 5.35>
ST_85 : Operation 774 [1/1] (0.00ns)   --->   "%p_read_6 = read i7 @_ssdm_op_Read.ap_auto.i7, i7 %p_read26"   --->   Operation 774 'read' 'p_read_6' <Predicate = true> <Delay = 0.00>
ST_85 : Operation 775 [1/1] (0.00ns)   --->   "%p_read_7 = read i6 @_ssdm_op_Read.ap_auto.i6, i6 %p_read25"   --->   Operation 775 'read' 'p_read_7' <Predicate = true> <Delay = 0.00>
ST_85 : Operation 776 [1/1] (0.00ns)   --->   "%p_read_8 = read i8 @_ssdm_op_Read.ap_auto.i8, i8 %p_read24"   --->   Operation 776 'read' 'p_read_8' <Predicate = true> <Delay = 0.00>
ST_85 : Operation 777 [1/1] (0.00ns)   --->   "%p_read_17 = read i11 @_ssdm_op_Read.ap_auto.i11, i11 %p_read15"   --->   Operation 777 'read' 'p_read_17' <Predicate = true> <Delay = 0.00>
ST_85 : Operation 778 [1/1] (0.00ns)   --->   "%p_read_18 = read i11 @_ssdm_op_Read.ap_auto.i11, i11 %p_read14"   --->   Operation 778 'read' 'p_read_18' <Predicate = true> <Delay = 0.00>
ST_85 : Operation 779 [1/1] (3.25ns)   --->   "%store_ln49 = store i16 %trunc_ln818_4, i8 %x_addr_4" [/home/cym/prj2/finn/notebooks/icl_thesis-master/experiments/qks_v3_s0_s10_s20_s30_exploratory_hls/q16_qksv3_s20/src/q16_qksv3_s20.cpp:49]   --->   Operation 779 'store' 'store_ln49' <Predicate = true> <Delay = 3.25> <CoreInst = "RAM">   --->   Core 82 'RAM' <Latency = 1> <II = 1> <Delay = 3.25> <Storage> <Opcode : 'load' 'store'> <Ports = 2> <Width = 16> <Depth = 208> <RAM>
ST_85 : Operation 780 [1/2] (2.10ns) (root node of the DSP)   --->   "%add_ln1347_20 = add i26 %sext_ln1347_6, i26 %mul_ln837_5"   --->   Operation 780 'add' 'add_ln1347_20' <Predicate = true> <Delay = 2.10> <CoreInst = "DSP48">   --->   Core 119 'DSP48' <Latency = 3> <II = 1> <Delay = 2.15> <IPBlock> <Opcode : 'mul' 'add' 'sub' 'select'> <InPorts = 0> <OutPorts = 1> <Sync> <CReg>
ST_85 : Operation 781 [1/1] (0.00ns)   --->   "%trunc_ln818_5 = partselect i16 @_ssdm_op_PartSelect.i16.i26.i32.i32, i26 %add_ln1347_20, i32 10, i32 25"   --->   Operation 781 'partselect' 'trunc_ln818_5' <Predicate = true> <Delay = 0.00>
ST_85 : Operation 782 [1/1] (3.25ns)   --->   "%store_ln49 = store i16 %trunc_ln818_5, i8 %x_addr_5" [/home/cym/prj2/finn/notebooks/icl_thesis-master/experiments/qks_v3_s0_s10_s20_s30_exploratory_hls/q16_qksv3_s20/src/q16_qksv3_s20.cpp:49]   --->   Operation 782 'store' 'store_ln49' <Predicate = true> <Delay = 3.25> <CoreInst = "RAM">   --->   Core 82 'RAM' <Latency = 1> <II = 1> <Delay = 3.25> <Storage> <Opcode : 'load' 'store'> <Ports = 2> <Width = 16> <Depth = 208> <RAM>
ST_85 : Operation 783 [1/2] (2.10ns) (root node of the DSP)   --->   "%add_ln1347_21 = add i26 %sext_ln1347_7, i26 %mul_ln813"   --->   Operation 783 'add' 'add_ln1347_21' <Predicate = true> <Delay = 2.10> <CoreInst = "DSP48">   --->   Core 119 'DSP48' <Latency = 3> <II = 1> <Delay = 2.15> <IPBlock> <Opcode : 'mul' 'add' 'sub' 'select'> <InPorts = 0> <OutPorts = 1> <Sync> <CReg>
ST_85 : Operation 784 [1/1] (0.00ns)   --->   "%trunc_ln818_6 = partselect i16 @_ssdm_op_PartSelect.i16.i26.i32.i32, i26 %add_ln1347_21, i32 10, i32 25"   --->   Operation 784 'partselect' 'trunc_ln818_6' <Predicate = true> <Delay = 0.00>
ST_85 : Operation 785 [1/2] (2.10ns) (root node of the DSP)   --->   "%add_ln1347_22 = add i26 %zext_ln1347_1, i26 %mul_ln813_1"   --->   Operation 785 'add' 'add_ln1347_22' <Predicate = true> <Delay = 2.10> <CoreInst = "DSP48">   --->   Core 119 'DSP48' <Latency = 3> <II = 1> <Delay = 2.15> <IPBlock> <Opcode : 'mul' 'add' 'sub' 'select'> <InPorts = 0> <OutPorts = 1> <Sync> <CReg>
ST_85 : Operation 786 [1/1] (0.00ns)   --->   "%trunc_ln818_7 = partselect i16 @_ssdm_op_PartSelect.i16.i26.i32.i32, i26 %add_ln1347_22, i32 10, i32 25"   --->   Operation 786 'partselect' 'trunc_ln818_7' <Predicate = true> <Delay = 0.00>
ST_85 : Operation 787 [1/3] (0.00ns) (grouped into DSP with root node add_ln1347_23)   --->   "%mul_ln813_2 = mul i26 %sext_ln1273_45, i26 %zext_ln1273_2"   --->   Operation 787 'mul' 'mul_ln813_2' <Predicate = true> <Delay = 0.00> <CoreInst = "DSP48">   --->   Core 119 'DSP48' <Latency = 3> <II = 1> <Delay = 2.15> <IPBlock> <Opcode : 'mul' 'add' 'sub' 'select'> <InPorts = 0> <OutPorts = 1> <Sync> <CReg>
ST_85 : Operation 788 [1/1] (0.00ns)   --->   "%shl_ln838_21 = bitconcatenate i18 @_ssdm_op_BitConcatenate.i18.i8.i10, i8 %p_read_8, i10 0"   --->   Operation 788 'bitconcatenate' 'shl_ln838_21' <Predicate = true> <Delay = 0.00>
ST_85 : Operation 789 [1/1] (0.00ns)   --->   "%sext_ln1347_9 = sext i18 %shl_ln838_21"   --->   Operation 789 'sext' 'sext_ln1347_9' <Predicate = true> <Delay = 0.00>
ST_85 : Operation 790 [2/2] (2.10ns) (root node of the DSP)   --->   "%add_ln1347_23 = add i26 %sext_ln1347_9, i26 %mul_ln813_2"   --->   Operation 790 'add' 'add_ln1347_23' <Predicate = true> <Delay = 2.10> <CoreInst = "DSP48">   --->   Core 119 'DSP48' <Latency = 3> <II = 1> <Delay = 2.15> <IPBlock> <Opcode : 'mul' 'add' 'sub' 'select'> <InPorts = 0> <OutPorts = 1> <Sync> <CReg>
ST_85 : Operation 791 [1/3] (0.00ns) (grouped into DSP with root node add_ln1347_24)   --->   "%mul_ln837_6 = mul i26 %sext_ln837_21, i26 %zext_ln837_7"   --->   Operation 791 'mul' 'mul_ln837_6' <Predicate = true> <Delay = 0.00> <CoreInst = "DSP48">   --->   Core 119 'DSP48' <Latency = 3> <II = 1> <Delay = 2.15> <IPBlock> <Opcode : 'mul' 'add' 'sub' 'select'> <InPorts = 0> <OutPorts = 1> <Sync> <CReg>
ST_85 : Operation 792 [1/1] (0.00ns)   --->   "%shl_ln838_22 = bitconcatenate i16 @_ssdm_op_BitConcatenate.i16.i6.i10, i6 %p_read_7, i10 0"   --->   Operation 792 'bitconcatenate' 'shl_ln838_22' <Predicate = true> <Delay = 0.00>
ST_85 : Operation 793 [1/1] (0.00ns)   --->   "%zext_ln1347_2 = zext i16 %shl_ln838_22"   --->   Operation 793 'zext' 'zext_ln1347_2' <Predicate = true> <Delay = 0.00>
ST_85 : Operation 794 [2/2] (2.10ns) (root node of the DSP)   --->   "%add_ln1347_24 = add i26 %zext_ln1347_2, i26 %mul_ln837_6"   --->   Operation 794 'add' 'add_ln1347_24' <Predicate = true> <Delay = 2.10> <CoreInst = "DSP48">   --->   Core 119 'DSP48' <Latency = 3> <II = 1> <Delay = 2.15> <IPBlock> <Opcode : 'mul' 'add' 'sub' 'select'> <InPorts = 0> <OutPorts = 1> <Sync> <CReg>
ST_85 : Operation 795 [1/3] (0.00ns) (grouped into DSP with root node add_ln1347_25)   --->   "%mul_ln837_7 = mul i26 %sext_ln837_22, i26 %zext_ln837_8"   --->   Operation 795 'mul' 'mul_ln837_7' <Predicate = true> <Delay = 0.00> <CoreInst = "DSP48">   --->   Core 119 'DSP48' <Latency = 3> <II = 1> <Delay = 2.15> <IPBlock> <Opcode : 'mul' 'add' 'sub' 'select'> <InPorts = 0> <OutPorts = 1> <Sync> <CReg>
ST_85 : Operation 796 [1/1] (0.00ns)   --->   "%shl_ln838_23 = bitconcatenate i17 @_ssdm_op_BitConcatenate.i17.i7.i10, i7 %p_read_6, i10 0"   --->   Operation 796 'bitconcatenate' 'shl_ln838_23' <Predicate = true> <Delay = 0.00>
ST_85 : Operation 797 [1/1] (0.00ns)   --->   "%sext_ln1347_10 = sext i17 %shl_ln838_23"   --->   Operation 797 'sext' 'sext_ln1347_10' <Predicate = true> <Delay = 0.00>
ST_85 : Operation 798 [2/2] (2.10ns) (root node of the DSP)   --->   "%add_ln1347_25 = add i26 %sext_ln1347_10, i26 %mul_ln837_7"   --->   Operation 798 'add' 'add_ln1347_25' <Predicate = true> <Delay = 2.10> <CoreInst = "DSP48">   --->   Core 119 'DSP48' <Latency = 3> <II = 1> <Delay = 2.15> <IPBlock> <Opcode : 'mul' 'add' 'sub' 'select'> <InPorts = 0> <OutPorts = 1> <Sync> <CReg>
ST_85 : Operation 799 [2/3] (1.05ns) (grouped into DSP with root node add_ln1347_26)   --->   "%mul_ln837_8 = mul i26 %sext_ln837_23, i26 %zext_ln837_9"   --->   Operation 799 'mul' 'mul_ln837_8' <Predicate = true> <Delay = 1.05> <CoreInst = "DSP48">   --->   Core 119 'DSP48' <Latency = 3> <II = 1> <Delay = 2.15> <IPBlock> <Opcode : 'mul' 'add' 'sub' 'select'> <InPorts = 0> <OutPorts = 1> <Sync> <CReg>
ST_85 : Operation 800 [2/3] (1.05ns) (grouped into DSP with root node add_ln1347_27)   --->   "%mul_ln813_3 = mul i26 %sext_ln1273_51, i26 %zext_ln1273_3"   --->   Operation 800 'mul' 'mul_ln813_3' <Predicate = true> <Delay = 1.05> <CoreInst = "DSP48">   --->   Core 119 'DSP48' <Latency = 3> <II = 1> <Delay = 2.15> <IPBlock> <Opcode : 'mul' 'add' 'sub' 'select'> <InPorts = 0> <OutPorts = 1> <Sync> <CReg>
ST_85 : Operation 801 [2/3] (1.05ns) (grouped into DSP with root node add_ln1347_28)   --->   "%mul_ln837_9 = mul i26 %sext_ln837_24, i26 %zext_ln837_10"   --->   Operation 801 'mul' 'mul_ln837_9' <Predicate = true> <Delay = 1.05> <CoreInst = "DSP48">   --->   Core 119 'DSP48' <Latency = 3> <II = 1> <Delay = 2.15> <IPBlock> <Opcode : 'mul' 'add' 'sub' 'select'> <InPorts = 0> <OutPorts = 1> <Sync> <CReg>
ST_85 : Operation 802 [1/1] (0.00ns)   --->   "%sext_ln837_25 = sext i16 %trunc_ln818_30"   --->   Operation 802 'sext' 'sext_ln837_25' <Predicate = true> <Delay = 0.00>
ST_85 : Operation 803 [1/1] (0.00ns)   --->   "%zext_ln837_11 = zext i11 %p_read_18"   --->   Operation 803 'zext' 'zext_ln837_11' <Predicate = true> <Delay = 0.00>
ST_85 : Operation 804 [3/3] (1.05ns) (grouped into DSP with root node add_ln1347_29)   --->   "%mul_ln837_10 = mul i26 %sext_ln837_25, i26 %zext_ln837_11"   --->   Operation 804 'mul' 'mul_ln837_10' <Predicate = true> <Delay = 1.05> <CoreInst = "DSP48">   --->   Core 119 'DSP48' <Latency = 3> <II = 1> <Delay = 2.15> <IPBlock> <Opcode : 'mul' 'add' 'sub' 'select'> <InPorts = 0> <OutPorts = 1> <Sync> <CReg>
ST_85 : Operation 805 [1/4] (0.00ns) (root node of the DSP)   --->   "%mul_ln818_16 = mul i26 %sext_ln1273_55, i26 %sext_ln1273_32"   --->   Operation 805 'mul' 'mul_ln818_16' <Predicate = true> <Delay = 0.00> <CoreInst = "DSP48">   --->   Core 119 'DSP48' <Latency = 3> <II = 1> <Delay = 2.15> <IPBlock> <Opcode : 'mul' 'add' 'sub' 'select'> <InPorts = 0> <OutPorts = 1> <Sync> <CReg>
ST_85 : Operation 806 [1/1] (0.00ns)   --->   "%trunc_ln818_31 = partselect i16 @_ssdm_op_PartSelect.i16.i26.i32.i32, i26 %mul_ln818_16, i32 10, i32 25"   --->   Operation 806 'partselect' 'trunc_ln818_31' <Predicate = true> <Delay = 0.00>
ST_85 : Operation 807 [1/1] (0.00ns)   --->   "%sext_ln837_26 = sext i16 %trunc_ln818_31"   --->   Operation 807 'sext' 'sext_ln837_26' <Predicate = true> <Delay = 0.00>
ST_85 : Operation 808 [1/1] (0.00ns)   --->   "%zext_ln837_12 = zext i11 %p_read_17"   --->   Operation 808 'zext' 'zext_ln837_12' <Predicate = true> <Delay = 0.00>
ST_85 : Operation 809 [3/3] (1.05ns) (grouped into DSP with root node add_ln1347_30)   --->   "%mul_ln837_11 = mul i26 %sext_ln837_26, i26 %zext_ln837_12"   --->   Operation 809 'mul' 'mul_ln837_11' <Predicate = true> <Delay = 1.05> <CoreInst = "DSP48">   --->   Core 119 'DSP48' <Latency = 3> <II = 1> <Delay = 2.15> <IPBlock> <Opcode : 'mul' 'add' 'sub' 'select'> <InPorts = 0> <OutPorts = 1> <Sync> <CReg>

State 86 <SV = 85> <Delay = 3.25>
ST_86 : Operation 810 [1/1] (0.00ns)   --->   "%p_read_3 = read i5 @_ssdm_op_Read.ap_auto.i5, i5 %p_read29"   --->   Operation 810 'read' 'p_read_3' <Predicate = true> <Delay = 0.00>
ST_86 : Operation 811 [1/1] (0.00ns)   --->   "%p_read_4 = read i6 @_ssdm_op_Read.ap_auto.i6, i6 %p_read28"   --->   Operation 811 'read' 'p_read_4' <Predicate = true> <Delay = 0.00>
ST_86 : Operation 812 [1/1] (0.00ns)   --->   "%p_read_5 = read i4 @_ssdm_op_Read.ap_auto.i4, i4 %p_read27"   --->   Operation 812 'read' 'p_read_5' <Predicate = true> <Delay = 0.00>
ST_86 : Operation 813 [1/1] (3.25ns)   --->   "%store_ln49 = store i16 %trunc_ln818_6, i8 %x_addr_6" [/home/cym/prj2/finn/notebooks/icl_thesis-master/experiments/qks_v3_s0_s10_s20_s30_exploratory_hls/q16_qksv3_s20/src/q16_qksv3_s20.cpp:49]   --->   Operation 813 'store' 'store_ln49' <Predicate = true> <Delay = 3.25> <CoreInst = "RAM">   --->   Core 82 'RAM' <Latency = 1> <II = 1> <Delay = 3.25> <Storage> <Opcode : 'load' 'store'> <Ports = 2> <Width = 16> <Depth = 208> <RAM>
ST_86 : Operation 814 [1/1] (3.25ns)   --->   "%store_ln49 = store i16 %trunc_ln818_7, i8 %x_addr_7" [/home/cym/prj2/finn/notebooks/icl_thesis-master/experiments/qks_v3_s0_s10_s20_s30_exploratory_hls/q16_qksv3_s20/src/q16_qksv3_s20.cpp:49]   --->   Operation 814 'store' 'store_ln49' <Predicate = true> <Delay = 3.25> <CoreInst = "RAM">   --->   Core 82 'RAM' <Latency = 1> <II = 1> <Delay = 3.25> <Storage> <Opcode : 'load' 'store'> <Ports = 2> <Width = 16> <Depth = 208> <RAM>
ST_86 : Operation 815 [1/2] (2.10ns) (root node of the DSP)   --->   "%add_ln1347_23 = add i26 %sext_ln1347_9, i26 %mul_ln813_2"   --->   Operation 815 'add' 'add_ln1347_23' <Predicate = true> <Delay = 2.10> <CoreInst = "DSP48">   --->   Core 119 'DSP48' <Latency = 3> <II = 1> <Delay = 2.15> <IPBlock> <Opcode : 'mul' 'add' 'sub' 'select'> <InPorts = 0> <OutPorts = 1> <Sync> <CReg>
ST_86 : Operation 816 [1/1] (0.00ns)   --->   "%trunc_ln818_8 = partselect i16 @_ssdm_op_PartSelect.i16.i26.i32.i32, i26 %add_ln1347_23, i32 10, i32 25"   --->   Operation 816 'partselect' 'trunc_ln818_8' <Predicate = true> <Delay = 0.00>
ST_86 : Operation 817 [1/2] (2.10ns) (root node of the DSP)   --->   "%add_ln1347_24 = add i26 %zext_ln1347_2, i26 %mul_ln837_6"   --->   Operation 817 'add' 'add_ln1347_24' <Predicate = true> <Delay = 2.10> <CoreInst = "DSP48">   --->   Core 119 'DSP48' <Latency = 3> <II = 1> <Delay = 2.15> <IPBlock> <Opcode : 'mul' 'add' 'sub' 'select'> <InPorts = 0> <OutPorts = 1> <Sync> <CReg>
ST_86 : Operation 818 [1/1] (0.00ns)   --->   "%trunc_ln818_9 = partselect i16 @_ssdm_op_PartSelect.i16.i26.i32.i32, i26 %add_ln1347_24, i32 10, i32 25"   --->   Operation 818 'partselect' 'trunc_ln818_9' <Predicate = true> <Delay = 0.00>
ST_86 : Operation 819 [1/2] (2.10ns) (root node of the DSP)   --->   "%add_ln1347_25 = add i26 %sext_ln1347_10, i26 %mul_ln837_7"   --->   Operation 819 'add' 'add_ln1347_25' <Predicate = true> <Delay = 2.10> <CoreInst = "DSP48">   --->   Core 119 'DSP48' <Latency = 3> <II = 1> <Delay = 2.15> <IPBlock> <Opcode : 'mul' 'add' 'sub' 'select'> <InPorts = 0> <OutPorts = 1> <Sync> <CReg>
ST_86 : Operation 820 [1/1] (0.00ns)   --->   "%trunc_ln818_10 = partselect i16 @_ssdm_op_PartSelect.i16.i26.i32.i32, i26 %add_ln1347_25, i32 10, i32 25"   --->   Operation 820 'partselect' 'trunc_ln818_10' <Predicate = true> <Delay = 0.00>
ST_86 : Operation 821 [1/3] (0.00ns) (grouped into DSP with root node add_ln1347_26)   --->   "%mul_ln837_8 = mul i26 %sext_ln837_23, i26 %zext_ln837_9"   --->   Operation 821 'mul' 'mul_ln837_8' <Predicate = true> <Delay = 0.00> <CoreInst = "DSP48">   --->   Core 119 'DSP48' <Latency = 3> <II = 1> <Delay = 2.15> <IPBlock> <Opcode : 'mul' 'add' 'sub' 'select'> <InPorts = 0> <OutPorts = 1> <Sync> <CReg>
ST_86 : Operation 822 [1/1] (0.00ns)   --->   "%tmp_58 = bitconcatenate i14 @_ssdm_op_BitConcatenate.i14.i4.i10, i4 %p_read_5, i10 0"   --->   Operation 822 'bitconcatenate' 'tmp_58' <Predicate = true> <Delay = 0.00>
ST_86 : Operation 823 [1/1] (0.00ns)   --->   "%sext_ln1347_11 = sext i14 %tmp_58"   --->   Operation 823 'sext' 'sext_ln1347_11' <Predicate = true> <Delay = 0.00>
ST_86 : Operation 824 [1/1] (0.00ns)   --->   "%zext_ln1347_3 = zext i15 %sext_ln1347_11"   --->   Operation 824 'zext' 'zext_ln1347_3' <Predicate = true> <Delay = 0.00>
ST_86 : Operation 825 [2/2] (2.10ns) (root node of the DSP)   --->   "%add_ln1347_26 = add i26 %zext_ln1347_3, i26 %mul_ln837_8"   --->   Operation 825 'add' 'add_ln1347_26' <Predicate = true> <Delay = 2.10> <CoreInst = "DSP48">   --->   Core 119 'DSP48' <Latency = 3> <II = 1> <Delay = 2.15> <IPBlock> <Opcode : 'mul' 'add' 'sub' 'select'> <InPorts = 0> <OutPorts = 1> <Sync> <CReg>
ST_86 : Operation 826 [1/3] (0.00ns) (grouped into DSP with root node add_ln1347_27)   --->   "%mul_ln813_3 = mul i26 %sext_ln1273_51, i26 %zext_ln1273_3"   --->   Operation 826 'mul' 'mul_ln813_3' <Predicate = true> <Delay = 0.00> <CoreInst = "DSP48">   --->   Core 119 'DSP48' <Latency = 3> <II = 1> <Delay = 2.15> <IPBlock> <Opcode : 'mul' 'add' 'sub' 'select'> <InPorts = 0> <OutPorts = 1> <Sync> <CReg>
ST_86 : Operation 827 [1/1] (0.00ns)   --->   "%shl_ln838_24 = bitconcatenate i16 @_ssdm_op_BitConcatenate.i16.i6.i10, i6 %p_read_4, i10 0"   --->   Operation 827 'bitconcatenate' 'shl_ln838_24' <Predicate = true> <Delay = 0.00>
ST_86 : Operation 828 [1/1] (0.00ns)   --->   "%sext_ln1347_12 = sext i16 %shl_ln838_24"   --->   Operation 828 'sext' 'sext_ln1347_12' <Predicate = true> <Delay = 0.00>
ST_86 : Operation 829 [2/2] (2.10ns) (root node of the DSP)   --->   "%add_ln1347_27 = add i26 %sext_ln1347_12, i26 %mul_ln813_3"   --->   Operation 829 'add' 'add_ln1347_27' <Predicate = true> <Delay = 2.10> <CoreInst = "DSP48">   --->   Core 119 'DSP48' <Latency = 3> <II = 1> <Delay = 2.15> <IPBlock> <Opcode : 'mul' 'add' 'sub' 'select'> <InPorts = 0> <OutPorts = 1> <Sync> <CReg>
ST_86 : Operation 830 [1/3] (0.00ns) (grouped into DSP with root node add_ln1347_28)   --->   "%mul_ln837_9 = mul i26 %sext_ln837_24, i26 %zext_ln837_10"   --->   Operation 830 'mul' 'mul_ln837_9' <Predicate = true> <Delay = 0.00> <CoreInst = "DSP48">   --->   Core 119 'DSP48' <Latency = 3> <II = 1> <Delay = 2.15> <IPBlock> <Opcode : 'mul' 'add' 'sub' 'select'> <InPorts = 0> <OutPorts = 1> <Sync> <CReg>
ST_86 : Operation 831 [1/1] (0.00ns)   --->   "%shl_ln838_25 = bitconcatenate i15 @_ssdm_op_BitConcatenate.i15.i5.i10, i5 %p_read_3, i10 0"   --->   Operation 831 'bitconcatenate' 'shl_ln838_25' <Predicate = true> <Delay = 0.00>
ST_86 : Operation 832 [1/1] (0.00ns)   --->   "%zext_ln1347_4 = zext i15 %shl_ln838_25"   --->   Operation 832 'zext' 'zext_ln1347_4' <Predicate = true> <Delay = 0.00>
ST_86 : Operation 833 [2/2] (2.10ns) (root node of the DSP)   --->   "%add_ln1347_28 = add i26 %zext_ln1347_4, i26 %mul_ln837_9"   --->   Operation 833 'add' 'add_ln1347_28' <Predicate = true> <Delay = 2.10> <CoreInst = "DSP48">   --->   Core 119 'DSP48' <Latency = 3> <II = 1> <Delay = 2.15> <IPBlock> <Opcode : 'mul' 'add' 'sub' 'select'> <InPorts = 0> <OutPorts = 1> <Sync> <CReg>
ST_86 : Operation 834 [2/3] (1.05ns) (grouped into DSP with root node add_ln1347_29)   --->   "%mul_ln837_10 = mul i26 %sext_ln837_25, i26 %zext_ln837_11"   --->   Operation 834 'mul' 'mul_ln837_10' <Predicate = true> <Delay = 1.05> <CoreInst = "DSP48">   --->   Core 119 'DSP48' <Latency = 3> <II = 1> <Delay = 2.15> <IPBlock> <Opcode : 'mul' 'add' 'sub' 'select'> <InPorts = 0> <OutPorts = 1> <Sync> <CReg>
ST_86 : Operation 835 [2/3] (1.05ns) (grouped into DSP with root node add_ln1347_30)   --->   "%mul_ln837_11 = mul i26 %sext_ln837_26, i26 %zext_ln837_12"   --->   Operation 835 'mul' 'mul_ln837_11' <Predicate = true> <Delay = 1.05> <CoreInst = "DSP48">   --->   Core 119 'DSP48' <Latency = 3> <II = 1> <Delay = 2.15> <IPBlock> <Opcode : 'mul' 'add' 'sub' 'select'> <InPorts = 0> <OutPorts = 1> <Sync> <CReg>

State 87 <SV = 86> <Delay = 3.25>
ST_87 : Operation 836 [1/1] (0.00ns)   --->   "%p_read_1 = read i8 @_ssdm_op_Read.ap_auto.i8, i8 %p_read31"   --->   Operation 836 'read' 'p_read_1' <Predicate = true> <Delay = 0.00>
ST_87 : Operation 837 [1/1] (0.00ns)   --->   "%p_read_2 = read i7 @_ssdm_op_Read.ap_auto.i7, i7 %p_read30"   --->   Operation 837 'read' 'p_read_2' <Predicate = true> <Delay = 0.00>
ST_87 : Operation 838 [1/1] (3.25ns)   --->   "%store_ln49 = store i16 %trunc_ln818_8, i8 %x_addr_8" [/home/cym/prj2/finn/notebooks/icl_thesis-master/experiments/qks_v3_s0_s10_s20_s30_exploratory_hls/q16_qksv3_s20/src/q16_qksv3_s20.cpp:49]   --->   Operation 838 'store' 'store_ln49' <Predicate = true> <Delay = 3.25> <CoreInst = "RAM">   --->   Core 82 'RAM' <Latency = 1> <II = 1> <Delay = 3.25> <Storage> <Opcode : 'load' 'store'> <Ports = 2> <Width = 16> <Depth = 208> <RAM>
ST_87 : Operation 839 [1/1] (3.25ns)   --->   "%store_ln49 = store i16 %trunc_ln818_9, i8 %x_addr_9" [/home/cym/prj2/finn/notebooks/icl_thesis-master/experiments/qks_v3_s0_s10_s20_s30_exploratory_hls/q16_qksv3_s20/src/q16_qksv3_s20.cpp:49]   --->   Operation 839 'store' 'store_ln49' <Predicate = true> <Delay = 3.25> <CoreInst = "RAM">   --->   Core 82 'RAM' <Latency = 1> <II = 1> <Delay = 3.25> <Storage> <Opcode : 'load' 'store'> <Ports = 2> <Width = 16> <Depth = 208> <RAM>
ST_87 : Operation 840 [1/2] (2.10ns) (root node of the DSP)   --->   "%add_ln1347_26 = add i26 %zext_ln1347_3, i26 %mul_ln837_8"   --->   Operation 840 'add' 'add_ln1347_26' <Predicate = true> <Delay = 2.10> <CoreInst = "DSP48">   --->   Core 119 'DSP48' <Latency = 3> <II = 1> <Delay = 2.15> <IPBlock> <Opcode : 'mul' 'add' 'sub' 'select'> <InPorts = 0> <OutPorts = 1> <Sync> <CReg>
ST_87 : Operation 841 [1/1] (0.00ns)   --->   "%trunc_ln818_11 = partselect i16 @_ssdm_op_PartSelect.i16.i26.i32.i32, i26 %add_ln1347_26, i32 10, i32 25"   --->   Operation 841 'partselect' 'trunc_ln818_11' <Predicate = true> <Delay = 0.00>
ST_87 : Operation 842 [1/2] (2.10ns) (root node of the DSP)   --->   "%add_ln1347_27 = add i26 %sext_ln1347_12, i26 %mul_ln813_3"   --->   Operation 842 'add' 'add_ln1347_27' <Predicate = true> <Delay = 2.10> <CoreInst = "DSP48">   --->   Core 119 'DSP48' <Latency = 3> <II = 1> <Delay = 2.15> <IPBlock> <Opcode : 'mul' 'add' 'sub' 'select'> <InPorts = 0> <OutPorts = 1> <Sync> <CReg>
ST_87 : Operation 843 [1/1] (0.00ns)   --->   "%trunc_ln818_12 = partselect i16 @_ssdm_op_PartSelect.i16.i26.i32.i32, i26 %add_ln1347_27, i32 10, i32 25"   --->   Operation 843 'partselect' 'trunc_ln818_12' <Predicate = true> <Delay = 0.00>
ST_87 : Operation 844 [1/2] (2.10ns) (root node of the DSP)   --->   "%add_ln1347_28 = add i26 %zext_ln1347_4, i26 %mul_ln837_9"   --->   Operation 844 'add' 'add_ln1347_28' <Predicate = true> <Delay = 2.10> <CoreInst = "DSP48">   --->   Core 119 'DSP48' <Latency = 3> <II = 1> <Delay = 2.15> <IPBlock> <Opcode : 'mul' 'add' 'sub' 'select'> <InPorts = 0> <OutPorts = 1> <Sync> <CReg>
ST_87 : Operation 845 [1/1] (0.00ns)   --->   "%trunc_ln818_13 = partselect i16 @_ssdm_op_PartSelect.i16.i26.i32.i32, i26 %add_ln1347_28, i32 10, i32 25"   --->   Operation 845 'partselect' 'trunc_ln818_13' <Predicate = true> <Delay = 0.00>
ST_87 : Operation 846 [1/3] (0.00ns) (grouped into DSP with root node add_ln1347_29)   --->   "%mul_ln837_10 = mul i26 %sext_ln837_25, i26 %zext_ln837_11"   --->   Operation 846 'mul' 'mul_ln837_10' <Predicate = true> <Delay = 0.00> <CoreInst = "DSP48">   --->   Core 119 'DSP48' <Latency = 3> <II = 1> <Delay = 2.15> <IPBlock> <Opcode : 'mul' 'add' 'sub' 'select'> <InPorts = 0> <OutPorts = 1> <Sync> <CReg>
ST_87 : Operation 847 [1/1] (0.00ns)   --->   "%shl_ln838_26 = bitconcatenate i17 @_ssdm_op_BitConcatenate.i17.i7.i10, i7 %p_read_2, i10 0"   --->   Operation 847 'bitconcatenate' 'shl_ln838_26' <Predicate = true> <Delay = 0.00>
ST_87 : Operation 848 [1/1] (0.00ns)   --->   "%sext_ln1347_13 = sext i17 %shl_ln838_26"   --->   Operation 848 'sext' 'sext_ln1347_13' <Predicate = true> <Delay = 0.00>
ST_87 : Operation 849 [2/2] (2.10ns) (root node of the DSP)   --->   "%add_ln1347_29 = add i26 %sext_ln1347_13, i26 %mul_ln837_10"   --->   Operation 849 'add' 'add_ln1347_29' <Predicate = true> <Delay = 2.10> <CoreInst = "DSP48">   --->   Core 119 'DSP48' <Latency = 3> <II = 1> <Delay = 2.15> <IPBlock> <Opcode : 'mul' 'add' 'sub' 'select'> <InPorts = 0> <OutPorts = 1> <Sync> <CReg>
ST_87 : Operation 850 [1/3] (0.00ns) (grouped into DSP with root node add_ln1347_30)   --->   "%mul_ln837_11 = mul i26 %sext_ln837_26, i26 %zext_ln837_12"   --->   Operation 850 'mul' 'mul_ln837_11' <Predicate = true> <Delay = 0.00> <CoreInst = "DSP48">   --->   Core 119 'DSP48' <Latency = 3> <II = 1> <Delay = 2.15> <IPBlock> <Opcode : 'mul' 'add' 'sub' 'select'> <InPorts = 0> <OutPorts = 1> <Sync> <CReg>
ST_87 : Operation 851 [1/1] (0.00ns)   --->   "%shl_ln838_27 = bitconcatenate i18 @_ssdm_op_BitConcatenate.i18.i8.i10, i8 %p_read_1, i10 0"   --->   Operation 851 'bitconcatenate' 'shl_ln838_27' <Predicate = true> <Delay = 0.00>
ST_87 : Operation 852 [1/1] (0.00ns)   --->   "%sext_ln1347_14 = sext i18 %shl_ln838_27"   --->   Operation 852 'sext' 'sext_ln1347_14' <Predicate = true> <Delay = 0.00>
ST_87 : Operation 853 [2/2] (2.10ns) (root node of the DSP)   --->   "%add_ln1347_30 = add i26 %sext_ln1347_14, i26 %mul_ln837_11"   --->   Operation 853 'add' 'add_ln1347_30' <Predicate = true> <Delay = 2.10> <CoreInst = "DSP48">   --->   Core 119 'DSP48' <Latency = 3> <II = 1> <Delay = 2.15> <IPBlock> <Opcode : 'mul' 'add' 'sub' 'select'> <InPorts = 0> <OutPorts = 1> <Sync> <CReg>

State 88 <SV = 87> <Delay = 3.25>
ST_88 : Operation 854 [1/1] (3.25ns)   --->   "%store_ln49 = store i16 %trunc_ln818_10, i8 %x_addr_10" [/home/cym/prj2/finn/notebooks/icl_thesis-master/experiments/qks_v3_s0_s10_s20_s30_exploratory_hls/q16_qksv3_s20/src/q16_qksv3_s20.cpp:49]   --->   Operation 854 'store' 'store_ln49' <Predicate = true> <Delay = 3.25> <CoreInst = "RAM">   --->   Core 82 'RAM' <Latency = 1> <II = 1> <Delay = 3.25> <Storage> <Opcode : 'load' 'store'> <Ports = 2> <Width = 16> <Depth = 208> <RAM>
ST_88 : Operation 855 [1/1] (3.25ns)   --->   "%store_ln49 = store i16 %trunc_ln818_11, i8 %x_addr_11" [/home/cym/prj2/finn/notebooks/icl_thesis-master/experiments/qks_v3_s0_s10_s20_s30_exploratory_hls/q16_qksv3_s20/src/q16_qksv3_s20.cpp:49]   --->   Operation 855 'store' 'store_ln49' <Predicate = true> <Delay = 3.25> <CoreInst = "RAM">   --->   Core 82 'RAM' <Latency = 1> <II = 1> <Delay = 3.25> <Storage> <Opcode : 'load' 'store'> <Ports = 2> <Width = 16> <Depth = 208> <RAM>
ST_88 : Operation 856 [1/2] (2.10ns) (root node of the DSP)   --->   "%add_ln1347_29 = add i26 %sext_ln1347_13, i26 %mul_ln837_10"   --->   Operation 856 'add' 'add_ln1347_29' <Predicate = true> <Delay = 2.10> <CoreInst = "DSP48">   --->   Core 119 'DSP48' <Latency = 3> <II = 1> <Delay = 2.15> <IPBlock> <Opcode : 'mul' 'add' 'sub' 'select'> <InPorts = 0> <OutPorts = 1> <Sync> <CReg>
ST_88 : Operation 857 [1/1] (0.00ns)   --->   "%trunc_ln818_14 = partselect i16 @_ssdm_op_PartSelect.i16.i26.i32.i32, i26 %add_ln1347_29, i32 10, i32 25"   --->   Operation 857 'partselect' 'trunc_ln818_14' <Predicate = true> <Delay = 0.00>
ST_88 : Operation 858 [1/2] (2.10ns) (root node of the DSP)   --->   "%add_ln1347_30 = add i26 %sext_ln1347_14, i26 %mul_ln837_11"   --->   Operation 858 'add' 'add_ln1347_30' <Predicate = true> <Delay = 2.10> <CoreInst = "DSP48">   --->   Core 119 'DSP48' <Latency = 3> <II = 1> <Delay = 2.15> <IPBlock> <Opcode : 'mul' 'add' 'sub' 'select'> <InPorts = 0> <OutPorts = 1> <Sync> <CReg>
ST_88 : Operation 859 [1/1] (0.00ns)   --->   "%trunc_ln818_15 = partselect i16 @_ssdm_op_PartSelect.i16.i26.i32.i32, i26 %add_ln1347_30, i32 10, i32 25"   --->   Operation 859 'partselect' 'trunc_ln818_15' <Predicate = true> <Delay = 0.00>

State 89 <SV = 88> <Delay = 3.25>
ST_89 : Operation 860 [1/1] (3.25ns)   --->   "%store_ln49 = store i16 %trunc_ln818_12, i8 %x_addr_12" [/home/cym/prj2/finn/notebooks/icl_thesis-master/experiments/qks_v3_s0_s10_s20_s30_exploratory_hls/q16_qksv3_s20/src/q16_qksv3_s20.cpp:49]   --->   Operation 860 'store' 'store_ln49' <Predicate = true> <Delay = 3.25> <CoreInst = "RAM">   --->   Core 82 'RAM' <Latency = 1> <II = 1> <Delay = 3.25> <Storage> <Opcode : 'load' 'store'> <Ports = 2> <Width = 16> <Depth = 208> <RAM>
ST_89 : Operation 861 [1/1] (3.25ns)   --->   "%store_ln49 = store i16 %trunc_ln818_13, i8 %x_addr_13" [/home/cym/prj2/finn/notebooks/icl_thesis-master/experiments/qks_v3_s0_s10_s20_s30_exploratory_hls/q16_qksv3_s20/src/q16_qksv3_s20.cpp:49]   --->   Operation 861 'store' 'store_ln49' <Predicate = true> <Delay = 3.25> <CoreInst = "RAM">   --->   Core 82 'RAM' <Latency = 1> <II = 1> <Delay = 3.25> <Storage> <Opcode : 'load' 'store'> <Ports = 2> <Width = 16> <Depth = 208> <RAM>

State 90 <SV = 89> <Delay = 3.25>
ST_90 : Operation 862 [1/1] (3.25ns)   --->   "%store_ln49 = store i16 %trunc_ln818_14, i8 %x_addr_14" [/home/cym/prj2/finn/notebooks/icl_thesis-master/experiments/qks_v3_s0_s10_s20_s30_exploratory_hls/q16_qksv3_s20/src/q16_qksv3_s20.cpp:49]   --->   Operation 862 'store' 'store_ln49' <Predicate = true> <Delay = 3.25> <CoreInst = "RAM">   --->   Core 82 'RAM' <Latency = 1> <II = 1> <Delay = 3.25> <Storage> <Opcode : 'load' 'store'> <Ports = 2> <Width = 16> <Depth = 208> <RAM>
ST_90 : Operation 863 [1/1] (3.25ns)   --->   "%store_ln49 = store i16 %trunc_ln818_15, i8 %x_addr_15" [/home/cym/prj2/finn/notebooks/icl_thesis-master/experiments/qks_v3_s0_s10_s20_s30_exploratory_hls/q16_qksv3_s20/src/q16_qksv3_s20.cpp:49]   --->   Operation 863 'store' 'store_ln49' <Predicate = true> <Delay = 3.25> <CoreInst = "RAM">   --->   Core 82 'RAM' <Latency = 1> <II = 1> <Delay = 3.25> <Storage> <Opcode : 'load' 'store'> <Ports = 2> <Width = 16> <Depth = 208> <RAM>
ST_90 : Operation 864 [1/1] (0.00ns)   --->   "%ret_ln51 = ret" [/home/cym/prj2/finn/notebooks/icl_thesis-master/experiments/qks_v3_s0_s10_s20_s30_exploratory_hls/q16_qksv3_s20/src/q16_qksv3_s20.cpp:51]   --->   Operation 864 'ret' 'ret_ln51' <Predicate = true> <Delay = 0.00>


============================================================
+ Verbose Summary: Binding
============================================================
STG Binding: 
---------------- STG Properties BEGIN ----------------
- Is combinational: 0
- Is one-state seq: 0
- Is datapath-only: 0
- Is pipelined: 1
- Is top level: 0
Port [ Return ] is wired: 1; IO mode=ap_ctrl_hs:ce=0
Port [ x]:  wired=1; compound=1; hidden=0; nouse=0; global=0; static=0; extern=0; dir=2; type=1; pingpong=0; private_global=0; MemPort=[22]; IO mode=ap_memory:ce=0
Port [ x_offset]:  wired=1; compound=0; hidden=0; nouse=0; global=0; static=0; extern=0; dir=0; type=0; pingpong=0; private_global=0; IO mode=ap_none:ce=0
Port [ p_read]:  wired=1; compound=0; hidden=0; nouse=0; global=0; static=0; extern=0; dir=0; type=0; pingpong=0; private_global=0; IO mode=ap_none:ce=0
Port [ p_read1]:  wired=1; compound=0; hidden=0; nouse=0; global=0; static=0; extern=0; dir=0; type=0; pingpong=0; private_global=0; IO mode=ap_none:ce=0
Port [ p_read2]:  wired=1; compound=0; hidden=0; nouse=0; global=0; static=0; extern=0; dir=0; type=0; pingpong=0; private_global=0; IO mode=ap_none:ce=0
Port [ p_read3]:  wired=1; compound=0; hidden=0; nouse=0; global=0; static=0; extern=0; dir=0; type=0; pingpong=0; private_global=0; IO mode=ap_none:ce=0
Port [ p_read4]:  wired=1; compound=0; hidden=0; nouse=0; global=0; static=0; extern=0; dir=0; type=0; pingpong=0; private_global=0; IO mode=ap_none:ce=0
Port [ p_read5]:  wired=1; compound=0; hidden=0; nouse=0; global=0; static=0; extern=0; dir=0; type=0; pingpong=0; private_global=0; IO mode=ap_none:ce=0
Port [ p_read6]:  wired=1; compound=0; hidden=0; nouse=0; global=0; static=0; extern=0; dir=0; type=0; pingpong=0; private_global=0; IO mode=ap_none:ce=0
Port [ p_read7]:  wired=1; compound=0; hidden=0; nouse=0; global=0; static=0; extern=0; dir=0; type=0; pingpong=0; private_global=0; IO mode=ap_none:ce=0
Port [ p_read8]:  wired=1; compound=0; hidden=0; nouse=0; global=0; static=0; extern=0; dir=0; type=0; pingpong=0; private_global=0; IO mode=ap_none:ce=0
Port [ p_read9]:  wired=1; compound=0; hidden=0; nouse=0; global=0; static=0; extern=0; dir=0; type=0; pingpong=0; private_global=0; IO mode=ap_none:ce=0
Port [ p_read10]:  wired=1; compound=0; hidden=0; nouse=0; global=0; static=0; extern=0; dir=0; type=0; pingpong=0; private_global=0; IO mode=ap_none:ce=0
Port [ p_read11]:  wired=1; compound=0; hidden=0; nouse=0; global=0; static=0; extern=0; dir=0; type=0; pingpong=0; private_global=0; IO mode=ap_none:ce=0
Port [ p_read12]:  wired=1; compound=0; hidden=0; nouse=0; global=0; static=0; extern=0; dir=0; type=0; pingpong=0; private_global=0; IO mode=ap_none:ce=0
Port [ p_read13]:  wired=1; compound=0; hidden=0; nouse=0; global=0; static=0; extern=0; dir=0; type=0; pingpong=0; private_global=0; IO mode=ap_none:ce=0
Port [ p_read14]:  wired=1; compound=0; hidden=0; nouse=0; global=0; static=0; extern=0; dir=0; type=0; pingpong=0; private_global=0; IO mode=ap_none:ce=0
Port [ p_read15]:  wired=1; compound=0; hidden=0; nouse=0; global=0; static=0; extern=0; dir=0; type=0; pingpong=0; private_global=0; IO mode=ap_none:ce=0
Port [ p_read16]:  wired=1; compound=0; hidden=0; nouse=0; global=0; static=0; extern=0; dir=0; type=0; pingpong=0; private_global=0; IO mode=ap_none:ce=0
Port [ p_read17]:  wired=1; compound=0; hidden=0; nouse=0; global=0; static=0; extern=0; dir=0; type=0; pingpong=0; private_global=0; IO mode=ap_none:ce=0
Port [ p_read18]:  wired=1; compound=0; hidden=0; nouse=0; global=0; static=0; extern=0; dir=0; type=0; pingpong=0; private_global=0; IO mode=ap_none:ce=0
Port [ p_read19]:  wired=1; compound=0; hidden=0; nouse=0; global=0; static=0; extern=0; dir=0; type=0; pingpong=0; private_global=0; IO mode=ap_none:ce=0
Port [ p_read20]:  wired=1; compound=0; hidden=0; nouse=0; global=0; static=0; extern=0; dir=0; type=0; pingpong=0; private_global=0; IO mode=ap_none:ce=0
Port [ p_read21]:  wired=1; compound=0; hidden=0; nouse=0; global=0; static=0; extern=0; dir=0; type=0; pingpong=0; private_global=0; IO mode=ap_none:ce=0
Port [ p_read22]:  wired=1; compound=0; hidden=0; nouse=0; global=0; static=0; extern=0; dir=0; type=0; pingpong=0; private_global=0; IO mode=ap_none:ce=0
Port [ p_read23]:  wired=1; compound=0; hidden=0; nouse=0; global=0; static=0; extern=0; dir=0; type=0; pingpong=0; private_global=0; IO mode=ap_none:ce=0
Port [ p_read24]:  wired=1; compound=0; hidden=0; nouse=0; global=0; static=0; extern=0; dir=0; type=0; pingpong=0; private_global=0; IO mode=ap_none:ce=0
Port [ p_read25]:  wired=1; compound=0; hidden=0; nouse=0; global=0; static=0; extern=0; dir=0; type=0; pingpong=0; private_global=0; IO mode=ap_none:ce=0
Port [ p_read26]:  wired=1; compound=0; hidden=0; nouse=0; global=0; static=0; extern=0; dir=0; type=0; pingpong=0; private_global=0; IO mode=ap_none:ce=0
Port [ p_read27]:  wired=1; compound=0; hidden=0; nouse=0; global=0; static=0; extern=0; dir=0; type=0; pingpong=0; private_global=0; IO mode=ap_none:ce=0
Port [ p_read28]:  wired=1; compound=0; hidden=0; nouse=0; global=0; static=0; extern=0; dir=0; type=0; pingpong=0; private_global=0; IO mode=ap_none:ce=0
Port [ p_read29]:  wired=1; compound=0; hidden=0; nouse=0; global=0; static=0; extern=0; dir=0; type=0; pingpong=0; private_global=0; IO mode=ap_none:ce=0
Port [ p_read30]:  wired=1; compound=0; hidden=0; nouse=0; global=0; static=0; extern=0; dir=0; type=0; pingpong=0; private_global=0; IO mode=ap_none:ce=0
Port [ p_read31]:  wired=1; compound=0; hidden=0; nouse=0; global=0; static=0; extern=0; dir=0; type=0; pingpong=0; private_global=0; IO mode=ap_none:ce=0
---------------- STG Properties END ------------------

---------------- Datapath Model BEGIN ----------------

<LifeTime>
<method=bitvector/>
x_offset_read  (read          ) [ 0000000000000000000000000000000000000000000000000000000000000000000000000000000000000000000]
tmp_s          (bitconcatenate) [ 0011111110000000000000000000000000000000000000000000000000000000000000000000000000000000000]
zext_ln837     (zext          ) [ 0000000000000000000000000000000000000000000000000000000000000000000000000000000000000000000]
x_addr         (getelementptr ) [ 0011111111111111111111111111111111111111111111111111111111111111111111111111111111110000000]
or_ln837       (or            ) [ 0000000000000000000000000000000000000000000000000000000000000000000000000000000000000000000]
zext_ln837_13  (zext          ) [ 0000000000000000000000000000000000000000000000000000000000000000000000000000000000000000000]
x_addr_1       (getelementptr ) [ 0011111111111111111111111111111111111111111111111111111111111111111111111111111111110000000]
or_ln837_1     (or            ) [ 0000000000000000000000000000000000000000000000000000000000000000000000000000000000000000000]
zext_ln837_14  (zext          ) [ 0000000000000000000000000000000000000000000000000000000000000000000000000000000000000000000]
x_addr_2       (getelementptr ) [ 0001111111111111111111111111111111111111111111111111111111111111111111111111111111111000000]
or_ln837_2     (or            ) [ 0000000000000000000000000000000000000000000000000000000000000000000000000000000000000000000]
zext_ln837_15  (zext          ) [ 0000000000000000000000000000000000000000000000000000000000000000000000000000000000000000000]
x_addr_3       (getelementptr ) [ 0001111111111111111111111111111111111111111111111111111111111111111111111111111111111000000]
x_load         (load          ) [ 0001111111111111111111111111111111111111111111111111111111111111111111111111110000000000000]
x_load_1       (load          ) [ 0001111111111111111111111111111111111111111111111111111111111111111111111111110000000000000]
or_ln837_3     (or            ) [ 0000000000000000000000000000000000000000000000000000000000000000000000000000000000000000000]
zext_ln837_16  (zext          ) [ 0000000000000000000000000000000000000000000000000000000000000000000000000000000000000000000]
x_addr_4       (getelementptr ) [ 0000111111111111111111111111111111111111111111111111111111111111111111111111111111111100000]
or_ln837_4     (or            ) [ 0000000000000000000000000000000000000000000000000000000000000000000000000000000000000000000]
zext_ln837_17  (zext          ) [ 0000000000000000000000000000000000000000000000000000000000000000000000000000000000000000000]
x_addr_5       (getelementptr ) [ 0000111111111111111111111111111111111111111111111111111111111111111111111111111111111100000]
x_load_2       (load          ) [ 0000111111111111111111111111111111111111111111111111111111111111111111111111110000000000000]
x_load_3       (load          ) [ 0000111111111111111111111111111111111111111111111111111111111111111111111111111000000000000]
or_ln837_5     (or            ) [ 0000000000000000000000000000000000000000000000000000000000000000000000000000000000000000000]
zext_ln837_18  (zext          ) [ 0000000000000000000000000000000000000000000000000000000000000000000000000000000000000000000]
x_addr_6       (getelementptr ) [ 0000011111111111111111111111111111111111111111111111111111111111111111111111111111111110000]
or_ln837_6     (or            ) [ 0000000000000000000000000000000000000000000000000000000000000000000000000000000000000000000]
zext_ln837_19  (zext          ) [ 0000000000000000000000000000000000000000000000000000000000000000000000000000000000000000000]
x_addr_7       (getelementptr ) [ 0000011111111111111111111111111111111111111111111111111111111111111111111111111111111110000]
x_load_4       (load          ) [ 0000011111111111111111111111111111111111111111111111111111111111111111111111111000000000000]
x_load_5       (load          ) [ 0000011111111111111111111111111111111111111111111111111111111111111111111111111000000000000]
or_ln837_7     (or            ) [ 0000000000000000000000000000000000000000000000000000000000000000000000000000000000000000000]
zext_ln837_20  (zext          ) [ 0000000000000000000000000000000000000000000000000000000000000000000000000000000000000000000]
x_addr_8       (getelementptr ) [ 0000001111111111111111111111111111111111111111111111111111111111111111111111111111111111000]
or_ln837_8     (or            ) [ 0000000000000000000000000000000000000000000000000000000000000000000000000000000000000000000]
zext_ln837_21  (zext          ) [ 0000000000000000000000000000000000000000000000000000000000000000000000000000000000000000000]
x_addr_9       (getelementptr ) [ 0000001111111111111111111111111111111111111111111111111111111111111111111111111111111111000]
x_load_6       (load          ) [ 0000001111111111111111111111111111111111111111111111111111111111111111111111111100000000000]
x_load_7       (load          ) [ 0000001111111111111111111111111111111111111111111111111111111111111111111111111100000000000]
or_ln837_9     (or            ) [ 0000000000000000000000000000000000000000000000000000000000000000000000000000000000000000000]
zext_ln837_22  (zext          ) [ 0000000000000000000000000000000000000000000000000000000000000000000000000000000000000000000]
x_addr_10      (getelementptr ) [ 0000000111111111111111111111111111111111111111111111111111111111111111111111111111111111100]
or_ln837_10    (or            ) [ 0000000000000000000000000000000000000000000000000000000000000000000000000000000000000000000]
zext_ln837_23  (zext          ) [ 0000000000000000000000000000000000000000000000000000000000000000000000000000000000000000000]
x_addr_11      (getelementptr ) [ 0000000111111111111111111111111111111111111111111111111111111111111111111111111111111111100]
x_load_8       (load          ) [ 0000000111111111111111111111111111111111111111111111111111111111111111111111111100000000000]
x_load_9       (load          ) [ 0000000111111111111111111111111111111111111111111111111111111111111111111111111110000000000]
or_ln837_11    (or            ) [ 0000000000000000000000000000000000000000000000000000000000000000000000000000000000000000000]
zext_ln837_24  (zext          ) [ 0000000000000000000000000000000000000000000000000000000000000000000000000000000000000000000]
x_addr_12      (getelementptr ) [ 0000000011111111111111111111111111111111111111111111111111111111111111111111111111111111110]
or_ln837_12    (or            ) [ 0000000000000000000000000000000000000000000000000000000000000000000000000000000000000000000]
zext_ln837_25  (zext          ) [ 0000000000000000000000000000000000000000000000000000000000000000000000000000000000000000000]
x_addr_13      (getelementptr ) [ 0000000011111111111111111111111111111111111111111111111111111111111111111111111111111111110]
x_load_10      (load          ) [ 0000000011111111111111111111111111111111111111111111111111111111111111111111111110000000000]
x_load_11      (load          ) [ 0000000011111111111111111111111111111111111111111111111111111111111111111111111110000000000]
or_ln837_13    (or            ) [ 0000000000000000000000000000000000000000000000000000000000000000000000000000000000000000000]
zext_ln837_26  (zext          ) [ 0000000000000000000000000000000000000000000000000000000000000000000000000000000000000000000]
x_addr_14      (getelementptr ) [ 0000000001111111111111111111111111111111111111111111111111111111111111111111111111111111111]
or_ln837_14    (or            ) [ 0000000000000000000000000000000000000000000000000000000000000000000000000000000000000000000]
zext_ln837_27  (zext          ) [ 0000000000000000000000000000000000000000000000000000000000000000000000000000000000000000000]
x_addr_15      (getelementptr ) [ 0000000001111111111111111111111111111111111111111111111111111111111111111111111111111111111]
x_load_12      (load          ) [ 0000000001111111111111111111111111111111111111111111111111111111111111111111111111000000000]
x_load_13      (load          ) [ 0000000001111111111111111111111111111111111111111111111111111111111111111111111111000000000]
x_load_14      (load          ) [ 0000000000111111111111111111111111111111111111111111111111111111111111111111111111000000000]
x_load_15      (load          ) [ 0000000000111111111111111111111111111111111111111111111111111111111111111111111111100000000]
shl_ln         (bitconcatenate) [ 0000000000000000000000000000000000000000000000000000000000000000000000000000000000000000000]
sext_ln837     (sext          ) [ 0000000000000000000000000000000000000000000000000000000000000000000000000000000000000000000]
shl_ln813_1    (bitconcatenate) [ 0000000000000000000000000000000000000000000000000000000000000000000000000000000000000000000]
sext_ln837_1   (sext          ) [ 0000000000000000000000000000000000000000000000000000000000000000000000000000000000000000000]
shl_ln813_2    (bitconcatenate) [ 0000000000000000000000000000000000000000000000000000000000000000000000000000000000000000000]
sext_ln837_2   (sext          ) [ 0000000000000000000000000000000000000000000000000000000000000000000000000000000000000000000]
shl_ln813_3    (bitconcatenate) [ 0000000000000000000000000000000000000000000000000000000000000000000000000000000000000000000]
sext_ln837_3   (sext          ) [ 0000000000000000000000000000000000000000000000000000000000000000000000000000000000000000000]
shl_ln813_4    (bitconcatenate) [ 0000000000000000000000000000000000000000000000000000000000000000000000000000000000000000000]
sext_ln837_4   (sext          ) [ 0000000000000000000000000000000000000000000000000000000000000000000000000000000000000000000]
shl_ln813_5    (bitconcatenate) [ 0000000000000000000000000000000000000000000000000000000000000000000000000000000000000000000]
sext_ln837_5   (sext          ) [ 0000000000000000000000000000000000000000000000000000000000000000000000000000000000000000000]
shl_ln813_6    (bitconcatenate) [ 0000000000000000000000000000000000000000000000000000000000000000000000000000000000000000000]
sext_ln837_6   (sext          ) [ 0000000000000000000000000000000000000000000000000000000000000000000000000000000000000000000]
shl_ln813_7    (bitconcatenate) [ 0000000000000000000000000000000000000000000000000000000000000000000000000000000000000000000]
sext_ln837_7   (sext          ) [ 0000000000000000000000000000000000000000000000000000000000000000000000000000000000000000000]
shl_ln813_8    (bitconcatenate) [ 0000000000000000000000000000000000000000000000000000000000000000000000000000000000000000000]
sext_ln837_8   (sext          ) [ 0000000000000000000000000000000000000000000000000000000000000000000000000000000000000000000]
shl_ln813_9    (bitconcatenate) [ 0000000000000000000000000000000000000000000000000000000000000000000000000000000000000000000]
sext_ln837_9   (sext          ) [ 0000000000000000000000000000000000000000000000000000000000000000000000000000000000000000000]
shl_ln813_s    (bitconcatenate) [ 0000000000000000000000000000000000000000000000000000000000000000000000000000000000000000000]
sext_ln837_10  (sext          ) [ 0000000000000000000000000000000000000000000000000000000000000000000000000000000000000000000]
shl_ln813_10   (bitconcatenate) [ 0000000000000000000000000000000000000000000000000000000000000000000000000000000000000000000]
sext_ln837_11  (sext          ) [ 0000000000000000000000000000000000000000000000000000000000000000000000000000000000000000000]
shl_ln813_11   (bitconcatenate) [ 0000000000000000000000000000000000000000000000000000000000000000000000000000000000000000000]
sext_ln837_12  (sext          ) [ 0000000000000000000000000000000000000000000000000000000000000000000000000000000000000000000]
shl_ln813_12   (bitconcatenate) [ 0000000000000000000000000000000000000000000000000000000000000000000000000000000000000000000]
sext_ln837_13  (sext          ) [ 0000000000000000000000000000000000000000000000000000000000000000000000000000000000000000000]
shl_ln813_13   (bitconcatenate) [ 0000000000000000000000000000000000000000000000000000000000000000000000000000000000000000000]
sext_ln837_14  (sext          ) [ 0000000000000000000000000000000000000000000000000000000000000000000000000000000000000000000]
shl_ln813_14   (bitconcatenate) [ 0000000000000000000000000000000000000000000000000000000000000000000000000000000000000000000]
sext_ln813     (sext          ) [ 0000000000000000000000000000000000000000000000000000000000000000000000000000000000000000000]
add_ln813      (add           ) [ 0000000000000000000000000000000000000000000000000000000000000000000000000000000000000000000]
sext_ln813_18  (sext          ) [ 0000000000000000000000000000000000000000000000000000000000000000000000000000000000000000000]
add_ln813_2    (add           ) [ 0000000000000000000000000000000000000000000000000000000000000000000000000000000000000000000]
sext_ln813_19  (sext          ) [ 0000000000000000000000000000000000000000000000000000000000000000000000000000000000000000000]
add_ln813_3    (add           ) [ 0000000000000000000000000000000000000000000000000000000000000000000000000000000000000000000]
sext_ln813_20  (sext          ) [ 0000000000000000000000000000000000000000000000000000000000000000000000000000000000000000000]
add_ln813_4    (add           ) [ 0000000000000000000000000000000000000000000000000000000000000000000000000000000000000000000]
sext_ln813_21  (sext          ) [ 0000000000000000000000000000000000000000000000000000000000000000000000000000000000000000000]
add_ln813_5    (add           ) [ 0000000000000000000000000000000000000000000000000000000000000000000000000000000000000000000]
sext_ln813_22  (sext          ) [ 0000000000000000000000000000000000000000000000000000000000000000000000000000000000000000000]
add_ln813_6    (add           ) [ 0000000000000000000000000000000000000000000000000000000000000000000000000000000000000000000]
sext_ln813_23  (sext          ) [ 0000000000000000000000000000000000000000000000000000000000000000000000000000000000000000000]
add_ln813_7    (add           ) [ 0000000000010000000000000000000000000000000000000000000000000000000000000000000000000000000]
add_ln813_8    (add           ) [ 0000000000000000000000000000000000000000000000000000000000000000000000000000000000000000000]
sext_ln813_25  (sext          ) [ 0000000000000000000000000000000000000000000000000000000000000000000000000000000000000000000]
add_ln813_9    (add           ) [ 0000000000000000000000000000000000000000000000000000000000000000000000000000000000000000000]
sext_ln813_26  (sext          ) [ 0000000000000000000000000000000000000000000000000000000000000000000000000000000000000000000]
add_ln813_10   (add           ) [ 0000000000000000000000000000000000000000000000000000000000000000000000000000000000000000000]
sext_ln813_27  (sext          ) [ 0000000000000000000000000000000000000000000000000000000000000000000000000000000000000000000]
add_ln813_11   (add           ) [ 0000000000000000000000000000000000000000000000000000000000000000000000000000000000000000000]
sext_ln813_28  (sext          ) [ 0000000000000000000000000000000000000000000000000000000000000000000000000000000000000000000]
add_ln813_12   (add           ) [ 0000000000000000000000000000000000000000000000000000000000000000000000000000000000000000000]
sext_ln813_29  (sext          ) [ 0000000000000000000000000000000000000000000000000000000000000000000000000000000000000000000]
add_ln813_13   (add           ) [ 0000000000000000000000000000000000000000000000000000000000000000000000000000000000000000000]
sext_ln813_30  (sext          ) [ 0000000000000000000000000000000000000000000000000000000000000000000000000000000000000000000]
add_ln813_14   (add           ) [ 0000000000010000000000000000000000000000000000000000000000000000000000000000000000000000000]
sext_ln813_24  (sext          ) [ 0000000000000000000000000000000000000000000000000000000000000000000000000000000000000000000]
sext_ln813_31  (sext          ) [ 0000000000000000000000000000000000000000000000000000000000000000000000000000000000000000000]
add_ln813_15   (add           ) [ 0000000000000000000000000000000000000000000000000000000000000000000000000000000000000000000]
t              (bitconcatenate) [ 0000000000000000000000000000000000000000000000000000000000000000000000000000000000000000000]
tmp_23         (bitselect     ) [ 0000000000001000000000000000000000000000000000000000000000000000000000000000000000000000000]
sub_ln1303     (sub           ) [ 0000000000000000000000000000000000000000000000000000000000000000000000000000000000000000000]
trunc_ln1303_2 (partselect    ) [ 0000000000000000000000000000000000000000000000000000000000000000000000000000000000000000000]
sub_ln1303_1   (sub           ) [ 0000000000000000000000000000000000000000000000000000000000000000000000000000000000000000000]
tmp_37         (partselect    ) [ 0000000000001000000000000000000000000000000000000000000000000000000000000000000000000000000]
tmp_38         (partselect    ) [ 0000000000001000000000000000000000000000000000000000000000000000000000000000000000000000000]
mean           (select        ) [ 0000000000000111111111111111111111111111111111111111111111111111111111111111110000000000000]
sub_ln813      (sub           ) [ 0000000000000000000000000000000000000000000000000000000000000000000000000000000000000000000]
sext_ln1273    (sext          ) [ 0000000000000111000000000000000000000000000000000000000000000000000000000000000000000000000]
sub_ln813_1    (sub           ) [ 0000000000000000000000000000000000000000000000000000000000000000000000000000000000000000000]
sext_ln1273_16 (sext          ) [ 0000000000000011000000000000000000000000000000000000000000000000000000000000000000000000000]
sub_ln813_2    (sub           ) [ 0000000000000000000000000000000000000000000000000000000000000000000000000000000000000000000]
sext_ln1273_17 (sext          ) [ 0000000000000001100000000000000000000000000000000000000000000000000000000000000000000000000]
mul_ln818      (mul           ) [ 0000000000000000000000000000000000000000000000000000000000000000000000000000000000000000000]
tmp_39         (partselect    ) [ 0000000000000000000000000000000000000000000000000000000000000000000000000000000000000000000]
shl_ln2        (bitconcatenate) [ 0000000000000000100000000000000000000000000000000000000000000000000000000000000000000000000]
mul_ln1347     (mul           ) [ 0000000000000000100000000000000000000000000000000000000000000000000000000000000000000000000]
sub_ln813_3    (sub           ) [ 0000000000000000000000000000000000000000000000000000000000000000000000000000000000000000000]
sext_ln1273_18 (sext          ) [ 0000000000000000110000000000000000000000000000000000000000000000000000000000000000000000000]
add_ln1347     (add           ) [ 0000000000000000000000000000000000000000000000000000000000000000000000000000000000000000000]
tmp_40         (partselect    ) [ 0000000000000000000000000000000000000000000000000000000000000000000000000000000000000000000]
shl_ln838_1    (bitconcatenate) [ 0000000000000000010000000000000000000000000000000000000000000000000000000000000000000000000]
mul_ln1347_2   (mul           ) [ 0000000000000000010000000000000000000000000000000000000000000000000000000000000000000000000]
sub_ln813_4    (sub           ) [ 0000000000000000000000000000000000000000000000000000000000000000000000000000000000000000000]
sext_ln1273_19 (sext          ) [ 0000000000000000011000000000000000000000000000000000000000000000000000000000000000000000000]
add_ln1347_1   (add           ) [ 0000000000000000000000000000000000000000000000000000000000000000000000000000000000000000000]
tmp_41         (partselect    ) [ 0000000000000000000000000000000000000000000000000000000000000000000000000000000000000000000]
shl_ln838_2    (bitconcatenate) [ 0000000000000000001000000000000000000000000000000000000000000000000000000000000000000000000]
mul_ln1347_3   (mul           ) [ 0000000000000000001000000000000000000000000000000000000000000000000000000000000000000000000]
sub_ln813_5    (sub           ) [ 0000000000000000000000000000000000000000000000000000000000000000000000000000000000000000000]
sext_ln1273_20 (sext          ) [ 0000000000000000001100000000000000000000000000000000000000000000000000000000000000000000000]
add_ln1347_2   (add           ) [ 0000000000000000000000000000000000000000000000000000000000000000000000000000000000000000000]
tmp_42         (partselect    ) [ 0000000000000000000000000000000000000000000000000000000000000000000000000000000000000000000]
shl_ln838_3    (bitconcatenate) [ 0000000000000000000100000000000000000000000000000000000000000000000000000000000000000000000]
mul_ln1347_4   (mul           ) [ 0000000000000000000100000000000000000000000000000000000000000000000000000000000000000000000]
sub_ln813_6    (sub           ) [ 0000000000000000000000000000000000000000000000000000000000000000000000000000000000000000000]
sext_ln1273_21 (sext          ) [ 0000000000000000000110000000000000000000000000000000000000000000000000000000000000000000000]
add_ln1347_3   (add           ) [ 0000000000000000000000000000000000000000000000000000000000000000000000000000000000000000000]
tmp_43         (partselect    ) [ 0000000000000000000000000000000000000000000000000000000000000000000000000000000000000000000]
shl_ln838_4    (bitconcatenate) [ 0000000000000000000010000000000000000000000000000000000000000000000000000000000000000000000]
mul_ln1347_5   (mul           ) [ 0000000000000000000010000000000000000000000000000000000000000000000000000000000000000000000]
sub_ln813_7    (sub           ) [ 0000000000000000000000000000000000000000000000000000000000000000000000000000000000000000000]
sext_ln1273_22 (sext          ) [ 0000000000000000000011000000000000000000000000000000000000000000000000000000000000000000000]
add_ln1347_4   (add           ) [ 0000000000000000000000000000000000000000000000000000000000000000000000000000000000000000000]
tmp_44         (partselect    ) [ 0000000000000000000000000000000000000000000000000000000000000000000000000000000000000000000]
shl_ln838_5    (bitconcatenate) [ 0000000000000000000001000000000000000000000000000000000000000000000000000000000000000000000]
mul_ln1347_6   (mul           ) [ 0000000000000000000001000000000000000000000000000000000000000000000000000000000000000000000]
sub_ln813_8    (sub           ) [ 0000000000000000000000000000000000000000000000000000000000000000000000000000000000000000000]
sext_ln1273_23 (sext          ) [ 0000000000000000000001100000000000000000000000000000000000000000000000000000000000000000000]
add_ln1347_5   (add           ) [ 0000000000000000000000000000000000000000000000000000000000000000000000000000000000000000000]
tmp_45         (partselect    ) [ 0000000000000000000000000000000000000000000000000000000000000000000000000000000000000000000]
shl_ln838_6    (bitconcatenate) [ 0000000000000000000000100000000000000000000000000000000000000000000000000000000000000000000]
mul_ln1347_7   (mul           ) [ 0000000000000000000000100000000000000000000000000000000000000000000000000000000000000000000]
sub_ln813_9    (sub           ) [ 0000000000000000000000000000000000000000000000000000000000000000000000000000000000000000000]
sext_ln1273_24 (sext          ) [ 0000000000000000000000110000000000000000000000000000000000000000000000000000000000000000000]
add_ln1347_6   (add           ) [ 0000000000000000000000000000000000000000000000000000000000000000000000000000000000000000000]
tmp_46         (partselect    ) [ 0000000000000000000000000000000000000000000000000000000000000000000000000000000000000000000]
shl_ln838_7    (bitconcatenate) [ 0000000000000000000000010000000000000000000000000000000000000000000000000000000000000000000]
mul_ln1347_8   (mul           ) [ 0000000000000000000000010000000000000000000000000000000000000000000000000000000000000000000]
sub_ln813_10   (sub           ) [ 0000000000000000000000000000000000000000000000000000000000000000000000000000000000000000000]
sext_ln1273_25 (sext          ) [ 0000000000000000000000011000000000000000000000000000000000000000000000000000000000000000000]
add_ln1347_7   (add           ) [ 0000000000000000000000000000000000000000000000000000000000000000000000000000000000000000000]
tmp_47         (partselect    ) [ 0000000000000000000000000000000000000000000000000000000000000000000000000000000000000000000]
shl_ln838_8    (bitconcatenate) [ 0000000000000000000000001000000000000000000000000000000000000000000000000000000000000000000]
mul_ln1347_9   (mul           ) [ 0000000000000000000000001000000000000000000000000000000000000000000000000000000000000000000]
sub_ln813_11   (sub           ) [ 0000000000000000000000000000000000000000000000000000000000000000000000000000000000000000000]
sext_ln1273_26 (sext          ) [ 0000000000000000000000001100000000000000000000000000000000000000000000000000000000000000000]
add_ln1347_8   (add           ) [ 0000000000000000000000000000000000000000000000000000000000000000000000000000000000000000000]
tmp_48         (partselect    ) [ 0000000000000000000000000000000000000000000000000000000000000000000000000000000000000000000]
shl_ln838_9    (bitconcatenate) [ 0000000000000000000000000100000000000000000000000000000000000000000000000000000000000000000]
mul_ln1347_10  (mul           ) [ 0000000000000000000000000100000000000000000000000000000000000000000000000000000000000000000]
sub_ln813_12   (sub           ) [ 0000000000000000000000000000000000000000000000000000000000000000000000000000000000000000000]
sext_ln1273_27 (sext          ) [ 0000000000000000000000000110000000000000000000000000000000000000000000000000000000000000000]
add_ln1347_9   (add           ) [ 0000000000000000000000000000000000000000000000000000000000000000000000000000000000000000000]
tmp_49         (partselect    ) [ 0000000000000000000000000000000000000000000000000000000000000000000000000000000000000000000]
shl_ln838_s    (bitconcatenate) [ 0000000000000000000000000010000000000000000000000000000000000000000000000000000000000000000]
mul_ln1347_11  (mul           ) [ 0000000000000000000000000010000000000000000000000000000000000000000000000000000000000000000]
sub_ln813_13   (sub           ) [ 0000000000000000000000000000000000000000000000000000000000000000000000000000000000000000000]
sext_ln1273_28 (sext          ) [ 0000000000000000000000000011000000000000000000000000000000000000000000000000000000000000000]
add_ln1347_10  (add           ) [ 0000000000000000000000000000000000000000000000000000000000000000000000000000000000000000000]
tmp_50         (partselect    ) [ 0000000000000000000000000000000000000000000000000000000000000000000000000000000000000000000]
shl_ln838_10   (bitconcatenate) [ 0000000000000000000000000001000000000000000000000000000000000000000000000000000000000000000]
mul_ln1347_12  (mul           ) [ 0000000000000000000000000001000000000000000000000000000000000000000000000000000000000000000]
sub_ln813_14   (sub           ) [ 0000000000000000000000000000000000000000000000000000000000000000000000000000000000000000000]
sext_ln1273_29 (sext          ) [ 0000000000000000000000000001100000000000000000000000000000000000000000000000000000000000000]
add_ln1347_11  (add           ) [ 0000000000000000000000000000000000000000000000000000000000000000000000000000000000000000000]
tmp_51         (partselect    ) [ 0000000000000000000000000000000000000000000000000000000000000000000000000000000000000000000]
shl_ln838_11   (bitconcatenate) [ 0000000000000000000000000000100000000000000000000000000000000000000000000000000000000000000]
mul_ln1347_13  (mul           ) [ 0000000000000000000000000000100000000000000000000000000000000000000000000000000000000000000]
sub_ln813_15   (sub           ) [ 0000000000000000000000000000000000000000000000000000000000000000000000000000000000000000000]
sext_ln1273_30 (sext          ) [ 0000000000000000000000000000110000000000000000000000000000000000000000000000000000000000000]
add_ln1347_12  (add           ) [ 0000000000000000000000000000000000000000000000000000000000000000000000000000000000000000000]
tmp_52         (partselect    ) [ 0000000000000000000000000000000000000000000000000000000000000000000000000000000000000000000]
shl_ln838_12   (bitconcatenate) [ 0000000000000000000000000000010000000000000000000000000000000000000000000000000000000000000]
mul_ln1347_14  (mul           ) [ 0000000000000000000000000000010000000000000000000000000000000000000000000000000000000000000]
add_ln1347_13  (add           ) [ 0000000000000000000000000000000000000000000000000000000000000000000000000000000000000000000]
tmp_53         (partselect    ) [ 0000000000000000000000000000000000000000000000000000000000000000000000000000000000000000000]
shl_ln838_13   (bitconcatenate) [ 0000000000000000000000000000001000000000000000000000000000000000000000000000000000000000000]
mul_ln1347_15  (mul           ) [ 0000000000000000000000000000001000000000000000000000000000000000000000000000000000000000000]
add_ln1347_14  (add           ) [ 0000000000000000000000000000000000000000000000000000000000000000000000000000000000000000000]
tmp_54         (partselect    ) [ 0000000000000000000000000000000000000000000000000000000000000000000000000000000000000000000]
t_5            (bitconcatenate) [ 0000000000000000000000000000000000000000000000000000000000000000000000000000000000000000000]
tmp_24         (bitselect     ) [ 0000000000000000000000000000000100000000000000000000000000000000000000000000000000000000000]
sub_ln1303_2   (sub           ) [ 0000000000000000000000000000000000000000000000000000000000000000000000000000000000000000000]
trunc_ln1303_4 (partselect    ) [ 0000000000000000000000000000000100000000000000000000000000000000000000000000000000000000000]
tmp_56         (partselect    ) [ 0000000000000000000000000000000100000000000000000000000000000000000000000000000000000000000]
sub_ln1303_3   (sub           ) [ 0000000000000000000000000000000000000000000000000000000000000000000000000000000000000000000]
tmp_55         (partselect    ) [ 0000000000000000000000000000000000000000000000000000000000000000000000000000000000000000000]
var            (select        ) [ 0000000000000000000000000000000000000000000000000000000000000000000000000000000000000000000]
icmp_ln1090    (icmp          ) [ 0000000000000000000000000000000011111111110000000000000000000000000000000000000000000000000]
p_Result_9     (bitselect     ) [ 0000000000000000000000000000000011110000000000000000000000000000000000000000000000000000000]
tmp_V          (sub           ) [ 0000000000000000000000000000000000000000000000000000000000000000000000000000000000000000000]
tmp_V_2        (select        ) [ 0000000000000000000000000000000011100000000000000000000000000000000000000000000000000000000]
p_Result_s     (partselect    ) [ 0000000000000000000000000000000010000000000000000000000000000000000000000000000000000000000]
p_Result_10    (bitconcatenate) [ 0000000000000000000000000000000000000000000000000000000000000000000000000000000000000000000]
sext_ln1198    (sext          ) [ 0000000000000000000000000000000000000000000000000000000000000000000000000000000000000000000]
l              (cttz          ) [ 0000000000000000000000000000000000000000000000000000000000000000000000000000000000000000000]
sub_ln1099     (sub           ) [ 0000000000000000000000000000000001100000000000000000000000000000000000000000000000000000000]
trunc_ln1099   (trunc         ) [ 0000000000000000000000000000000001000000000000000000000000000000000000000000000000000000000]
trunc_ln1102   (trunc         ) [ 0000000000000000000000000000000000000000000000000000000000000000000000000000000000000000000]
sub_ln1102     (sub           ) [ 0000000000000000000000000000000000000000000000000000000000000000000000000000000000000000000]
zext_ln1102    (zext          ) [ 0000000000000000000000000000000000000000000000000000000000000000000000000000000000000000000]
lshr_ln1102    (lshr          ) [ 0000000000000000000000000000000000000000000000000000000000000000000000000000000000000000000]
p_Result_4     (and           ) [ 0000000000000000000000000000000000000000000000000000000000000000000000000000000000000000000]
icmp_ln1102    (icmp          ) [ 0000000000000000000000000000000001000000000000000000000000000000000000000000000000000000000]
trunc_ln1098   (trunc         ) [ 0000000000000000000000000000000001110000000000000000000000000000000000000000000000000000000]
lsb_index      (add           ) [ 0000000000000000000000000000000000000000000000000000000000000000000000000000000000000000000]
tmp_26         (partselect    ) [ 0000000000000000000000000000000000000000000000000000000000000000000000000000000000000000000]
icmp_ln1101    (icmp          ) [ 0000000000000000000000000000000000000000000000000000000000000000000000000000000000000000000]
a              (and           ) [ 0000000000000000000000000000000000000000000000000000000000000000000000000000000000000000000]
tmp_27         (bitselect     ) [ 0000000000000000000000000000000000000000000000000000000000000000000000000000000000000000000]
xor_ln1104     (xor           ) [ 0000000000000000000000000000000000000000000000000000000000000000000000000000000000000000000]
add_ln1104     (add           ) [ 0000000000000000000000000000000000000000000000000000000000000000000000000000000000000000000]
p_Result_3     (bitselect     ) [ 0000000000000000000000000000000000000000000000000000000000000000000000000000000000000000000]
and_ln1104     (and           ) [ 0000000000000000000000000000000000000000000000000000000000000000000000000000000000000000000]
or_ln1104      (or            ) [ 0000000000000000000000000000000000000000000000000000000000000000000000000000000000000000000]
or_ln          (bitconcatenate) [ 0000000000000000000000000000000000100000000000000000000000000000000000000000000000000000000]
icmp_ln1113    (icmp          ) [ 0000000000000000000000000000000000100000000000000000000000000000000000000000000000000000000]
zext_ln1112    (zext          ) [ 0000000000000000000000000000000000000000000000000000000000000000000000000000000000000000000]
add_ln1113     (add           ) [ 0000000000000000000000000000000000000000000000000000000000000000000000000000000000000000000]
zext_ln1113    (zext          ) [ 0000000000000000000000000000000000000000000000000000000000000000000000000000000000000000000]
lshr_ln1113    (lshr          ) [ 0000000000000000000000000000000000000000000000000000000000000000000000000000000000000000000]
sub_ln1114     (sub           ) [ 0000000000000000000000000000000000000000000000000000000000000000000000000000000000000000000]
zext_ln1114    (zext          ) [ 0000000000000000000000000000000000000000000000000000000000000000000000000000000000000000000]
shl_ln1114     (shl           ) [ 0000000000000000000000000000000000000000000000000000000000000000000000000000000000000000000]
m_2            (select        ) [ 0000000000000000000000000000000000000000000000000000000000000000000000000000000000000000000]
zext_ln1116    (zext          ) [ 0000000000000000000000000000000000000000000000000000000000000000000000000000000000000000000]
m_3            (add           ) [ 0000000000000000000000000000000000000000000000000000000000000000000000000000000000000000000]
m_4            (partselect    ) [ 0000000000000000000000000000000000010000000000000000000000000000000000000000000000000000000]
p_Result_5     (bitselect     ) [ 0000000000000000000000000000000000010000000000000000000000000000000000000000000000000000000]
zext_ln1117    (zext          ) [ 0000000000000000000000000000000000000000000000000000000000000000000000000000000000000000000]
select_ln1098  (select        ) [ 0000000000000000000000000000000000000000000000000000000000000000000000000000000000000000000]
sub_ln1119     (sub           ) [ 0000000000000000000000000000000000000000000000000000000000000000000000000000000000000000000]
add_ln1124     (add           ) [ 0000000000000000000000000000000000000000000000000000000000000000000000000000000000000000000]
tmp_3          (bitconcatenate) [ 0000000000000000000000000000000000000000000000000000000000000000000000000000000000000000000]
p_Result_11    (partset       ) [ 0000000000000000000000000000000000000000000000000000000000000000000000000000000000000000000]
LD             (trunc         ) [ 0000000000000000000000000000000000001000000000000000000000000000000000000000000000000000000]
bitcast_ln766  (bitcast       ) [ 0000000000000000000000000000000000000111100000000000000000000000000000000000000000000000000]
phitmp         (fadd          ) [ 0000000000000000000000000000000000000000010000000000000000000000000000000000000000000000000]
select_ln1090  (select        ) [ 0000000000000000000000000000000000000000001111111111111110000000000000000000000000000000000]
tmp            (fsqrt         ) [ 0000000000000000000000000000000000000000000000000000000001111111111111111000000000000000000]
d_assign       (fdiv          ) [ 0000000000000000000000000000000000000000000000000000000000000000000000000111110000000000000]
d              (fpext         ) [ 0000000000000000000000000000000000000000000000000000000000000000000000000000000000000000000]
ireg           (bitcast       ) [ 0000000000000000000000000000000000000000000000000000000000000000000000000000000000000000000]
trunc_ln544    (trunc         ) [ 0000000000000000000000000000000000000000000000000000000000000000000000000000000000000000000]
p_Result_12    (bitselect     ) [ 0000000000000000000000000000000000000000000000000000000000000000000000000001000000000000000]
exp_tmp        (partselect    ) [ 0000000000000000000000000000000000000000000000000000000000000000000000000001000000000000000]
trunc_ln554    (trunc         ) [ 0000000000000000000000000000000000000000000000000000000000000000000000000001000000000000000]
icmp_ln560     (icmp          ) [ 0000000000000000000000000000000000000000000000000000000000000000000000000001110000000000000]
zext_ln455     (zext          ) [ 0000000000000000000000000000000000000000000000000000000000000000000000000000000000000000000]
p_Result_13    (bitconcatenate) [ 0000000000000000000000000000000000000000000000000000000000000000000000000000000000000000000]
zext_ln558     (zext          ) [ 0000000000000000000000000000000000000000000000000000000000000000000000000000000000000000000]
man_V_1        (sub           ) [ 0000000000000000000000000000000000000000000000000000000000000000000000000000000000000000000]
man_V_2        (select        ) [ 0000000000000000000000000000000000000000000000000000000000000000000000000000110000000000000]
F2             (sub           ) [ 0000000000000000000000000000000000000000000000000000000000000000000000000000000000000000000]
icmp_ln570     (icmp          ) [ 0000000000000000000000000000000000000000000000000000000000000000000000000000100000000000000]
add_ln570      (add           ) [ 0000000000000000000000000000000000000000000000000000000000000000000000000000000000000000000]
sub_ln570      (sub           ) [ 0000000000000000000000000000000000000000000000000000000000000000000000000000000000000000000]
sh_amt         (select        ) [ 0000000000000000000000000000000000000000000000000000000000000000000000000000100000000000000]
icmp_ln571     (icmp          ) [ 0000000000000000000000000000000000000000000000000000000000000000000000000000100000000000000]
trunc_ln572    (trunc         ) [ 0000000000000000000000000000000000000000000000000000000000000000000000000000100000000000000]
tmp_31         (partselect    ) [ 0000000000000000000000000000000000000000000000000000000000000000000000000000000000000000000]
icmp_ln592     (icmp          ) [ 0000000000000000000000000000000000000000000000000000000000000000000000000000100000000000000]
sext_ln570     (sext          ) [ 0000000000000000000000000000000000000000000000000000000000000000000000000000010000000000000]
icmp_ln574     (icmp          ) [ 0000000000000000000000000000000000000000000000000000000000000000000000000000010000000000000]
sext_ln570cast (trunc         ) [ 0000000000000000000000000000000000000000000000000000000000000000000000000000000000000000000]
shl_ln593      (shl           ) [ 0000000000000000000000000000000000000000000000000000000000000000000000000000000000000000000]
select_ln592   (select        ) [ 0000000000000000000000000000000000000000000000000000000000000000000000000000000000000000000]
xor_ln560      (xor           ) [ 0000000000000000000000000000000000000000000000000000000000000000000000000000000000000000000]
and_ln571      (and           ) [ 0000000000000000000000000000000000000000000000000000000000000000000000000000000000000000000]
select_ln571   (select        ) [ 0000000000000000000000000000000000000000000000000000000000000000000000000000010000000000000]
or_ln571       (or            ) [ 0000000000000000000000000000000000000000000000000000000000000000000000000000000000000000000]
xor_ln571      (xor           ) [ 0000000000000000000000000000000000000000000000000000000000000000000000000000000000000000000]
and_ln570      (and           ) [ 0000000000000000000000000000000000000000000000000000000000000000000000000000010000000000000]
zext_ln575     (zext          ) [ 0000000000000000000000000000000000000000000000000000000000000000000000000000000000000000000]
ashr_ln575     (ashr          ) [ 0000000000000000000000000000000000000000000000000000000000000000000000000000000000000000000]
trunc_ln575    (trunc         ) [ 0000000000000000000000000000000000000000000000000000000000000000000000000000000000000000000]
bitcast_ln724  (bitcast       ) [ 0000000000000000000000000000000000000000000000000000000000000000000000000000000000000000000]
tmp_30         (bitselect     ) [ 0000000000000000000000000000000000000000000000000000000000000000000000000000000000000000000]
select_ln577   (select        ) [ 0000000000000000000000000000000000000000000000000000000000000000000000000000000000000000000]
select_ln574   (select        ) [ 0000000000000000000000000000000000000000000000000000000000000000000000000000000000000000000]
select_ln570   (select        ) [ 0000000000000000000000000000000000000000000000000000000000000000000000000000000000000000000]
inv_std_V      (select        ) [ 0000000000000000000000000000000000000000000000000000000000000000000000000000000000000000000]
sext_ln1348    (sext          ) [ 0000000000000000000000000000000000000000000000000000000000000000000000000000001111100000000]
sext_ln1348_1  (sext          ) [ 0000000000000000000000000000000000000000000000000000000000000000000000000000000000000000000]
sub_ln1348     (sub           ) [ 0000000000000000000000000000000000000000000000000000000000000000000000000000000000000000000]
sext_ln1273_31 (sext          ) [ 0000000000000000000000000000000000000000000000000000000000000000000000000000001110000000000]
sext_ln1273_32 (sext          ) [ 0000000000000000000000000000000000000000000000000000000000000000000000000000001111111100000]
sext_ln1348_2  (sext          ) [ 0000000000000000000000000000000000000000000000000000000000000000000000000000000000000000000]
sub_ln1348_1   (sub           ) [ 0000000000000000000000000000000000000000000000000000000000000000000000000000000000000000000]
sext_ln1273_33 (sext          ) [ 0000000000000000000000000000000000000000000000000000000000000000000000000000001110000000000]
sext_ln1348_3  (sext          ) [ 0000000000000000000000000000000000000000000000000000000000000000000000000000000000000000000]
sub_ln1348_2   (sub           ) [ 0000000000000000000000000000000000000000000000000000000000000000000000000000000000000000000]
sext_ln1273_34 (sext          ) [ 0000000000000000000000000000000000000000000000000000000000000000000000000000001110000000000]
sext_ln1348_4  (sext          ) [ 0000000000000000000000000000000000000000000000000000000000000000000000000000000000000000000]
sub_ln1348_3   (sub           ) [ 0000000000000000000000000000000000000000000000000000000000000000000000000000000000000000000]
sext_ln1273_35 (sext          ) [ 0000000000000000000000000000000000000000000000000000000000000000000000000000000111000000000]
sext_ln1348_5  (sext          ) [ 0000000000000000000000000000000000000000000000000000000000000000000000000000000000000000000]
sub_ln1348_4   (sub           ) [ 0000000000000000000000000000000000000000000000000000000000000000000000000000000000000000000]
sext_ln1273_36 (sext          ) [ 0000000000000000000000000000000000000000000000000000000000000000000000000000000111000000000]
sext_ln1348_6  (sext          ) [ 0000000000000000000000000000000000000000000000000000000000000000000000000000000000000000000]
sub_ln1348_5   (sub           ) [ 0000000000000000000000000000000000000000000000000000000000000000000000000000000000000000000]
sext_ln1273_37 (sext          ) [ 0000000000000000000000000000000000000000000000000000000000000000000000000000000111000000000]
sext_ln1348_7  (sext          ) [ 0000000000000000000000000000000000000000000000000000000000000000000000000000000000000000000]
sub_ln1348_6   (sub           ) [ 0000000000000000000000000000000000000000000000000000000000000000000000000000000000000000000]
sext_ln1273_38 (sext          ) [ 0000000000000000000000000000000000000000000000000000000000000000000000000000000011100000000]
sext_ln1348_8  (sext          ) [ 0000000000000000000000000000000000000000000000000000000000000000000000000000000000000000000]
sub_ln1348_7   (sub           ) [ 0000000000000000000000000000000000000000000000000000000000000000000000000000000000000000000]
sext_ln1273_41 (sext          ) [ 0000000000000000000000000000000000000000000000000000000000000000000000000000000011100000000]
sext_ln1348_9  (sext          ) [ 0000000000000000000000000000000000000000000000000000000000000000000000000000000000000000000]
sub_ln1348_8   (sub           ) [ 0000000000000000000000000000000000000000000000000000000000000000000000000000000000000000000]
sext_ln1273_44 (sext          ) [ 0000000000000000000000000000000000000000000000000000000000000000000000000000000011100000000]
p_read_31      (read          ) [ 0000000000000000000000000000000000000000000000000000000000000000000000000000000000000000000]
p_read32       (read          ) [ 0000000000000000000000000000000000000000000000000000000000000000000000000000000000000000000]
mul_ln818_1    (mul           ) [ 0000000000000000000000000000000000000000000000000000000000000000000000000000000000000000000]
trunc_ln818_s  (partselect    ) [ 0000000000000000000000000000000000000000000000000000000000000000000000000000000000000000000]
sext_ln837_15  (sext          ) [ 0000000000000000000000000000000000000000000000000000000000000000000000000000000001100000000]
zext_ln837_1   (zext          ) [ 0000000000000000000000000000000000000000000000000000000000000000000000000000000001100000000]
mul_ln818_2    (mul           ) [ 0000000000000000000000000000000000000000000000000000000000000000000000000000000000000000000]
trunc_ln818_17 (partselect    ) [ 0000000000000000000000000000000000000000000000000000000000000000000000000000000000000000000]
sext_ln837_16  (sext          ) [ 0000000000000000000000000000000000000000000000000000000000000000000000000000000001100000000]
zext_ln837_2   (zext          ) [ 0000000000000000000000000000000000000000000000000000000000000000000000000000000001100000000]
mul_ln818_3    (mul           ) [ 0000000000000000000000000000000000000000000000000000000000000000000000000000000000000000000]
trunc_ln818_18 (partselect    ) [ 0000000000000000000000000000000000000000000000000000000000000000000000000000000001000000000]
sext_ln1348_10 (sext          ) [ 0000000000000000000000000000000000000000000000000000000000000000000000000000000000000000000]
sub_ln1348_9   (sub           ) [ 0000000000000000000000000000000000000000000000000000000000000000000000000000000000000000000]
sext_ln1273_47 (sext          ) [ 0000000000000000000000000000000000000000000000000000000000000000000000000000000001110000000]
sext_ln1348_11 (sext          ) [ 0000000000000000000000000000000000000000000000000000000000000000000000000000000000000000000]
sub_ln1348_10  (sub           ) [ 0000000000000000000000000000000000000000000000000000000000000000000000000000000000000000000]
sext_ln1273_48 (sext          ) [ 0000000000000000000000000000000000000000000000000000000000000000000000000000000001110000000]
sext_ln1348_12 (sext          ) [ 0000000000000000000000000000000000000000000000000000000000000000000000000000000000000000000]
sub_ln1348_11  (sub           ) [ 0000000000000000000000000000000000000000000000000000000000000000000000000000000000000000000]
sext_ln1273_49 (sext          ) [ 0000000000000000000000000000000000000000000000000000000000000000000000000000000001110000000]
p_read_28      (read          ) [ 0000000000000000000000000000000000000000000000000000000000000000000000000000000000000000000]
p_read_29      (read          ) [ 0000000000000000000000000000000000000000000000000000000000000000000000000000000000000000000]
p_read_30      (read          ) [ 0000000000000000000000000000000000000000000000000000000000000000000000000000000000000000000]
sext_ln837_17  (sext          ) [ 0000000000000000000000000000000000000000000000000000000000000000000000000000000000110000000]
zext_ln837_3   (zext          ) [ 0000000000000000000000000000000000000000000000000000000000000000000000000000000000110000000]
mul_ln818_4    (mul           ) [ 0000000000000000000000000000000000000000000000000000000000000000000000000000000000000000000]
trunc_ln818_19 (partselect    ) [ 0000000000000000000000000000000000000000000000000000000000000000000000000000000000000000000]
sext_ln837_18  (sext          ) [ 0000000000000000000000000000000000000000000000000000000000000000000000000000000000110000000]
zext_ln837_4   (zext          ) [ 0000000000000000000000000000000000000000000000000000000000000000000000000000000000110000000]
mul_ln818_5    (mul           ) [ 0000000000000000000000000000000000000000000000000000000000000000000000000000000000000000000]
trunc_ln818_20 (partselect    ) [ 0000000000000000000000000000000000000000000000000000000000000000000000000000000000000000000]
sext_ln837_19  (sext          ) [ 0000000000000000000000000000000000000000000000000000000000000000000000000000000000110000000]
zext_ln837_5   (zext          ) [ 0000000000000000000000000000000000000000000000000000000000000000000000000000000000110000000]
mul_ln818_6    (mul           ) [ 0000000000000000000000000000000000000000000000000000000000000000000000000000000000000000000]
trunc_ln818_21 (partselect    ) [ 0000000000000000000000000000000000000000000000000000000000000000000000000000000000100000000]
sext_ln1348_13 (sext          ) [ 0000000000000000000000000000000000000000000000000000000000000000000000000000000000000000000]
sub_ln1348_12  (sub           ) [ 0000000000000000000000000000000000000000000000000000000000000000000000000000000000000000000]
sext_ln1273_50 (sext          ) [ 0000000000000000000000000000000000000000000000000000000000000000000000000000000000111000000]
sext_ln1348_14 (sext          ) [ 0000000000000000000000000000000000000000000000000000000000000000000000000000000000000000000]
sub_ln1348_13  (sub           ) [ 0000000000000000000000000000000000000000000000000000000000000000000000000000000000000000000]
sext_ln1273_53 (sext          ) [ 0000000000000000000000000000000000000000000000000000000000000000000000000000000000111000000]
sext_ln1348_15 (sext          ) [ 0000000000000000000000000000000000000000000000000000000000000000000000000000000000000000000]
sub_ln1348_14  (sub           ) [ 0000000000000000000000000000000000000000000000000000000000000000000000000000000000000000000]
sext_ln1273_54 (sext          ) [ 0000000000000000000000000000000000000000000000000000000000000000000000000000000000111000000]
p_read_15      (read          ) [ 0000000000000000000000000000000000000000000000000000000000000000000000000000000000000000000]
p_read_16      (read          ) [ 0000000000000000000000000000000000000000000000000000000000000000000000000000000000000000000]
p_read_25      (read          ) [ 0000000000000000000000000000000000000000000000000000000000000000000000000000000000000000000]
p_read_26      (read          ) [ 0000000000000000000000000000000000000000000000000000000000000000000000000000000000000000000]
p_read_27      (read          ) [ 0000000000000000000000000000000000000000000000000000000000000000000000000000000000000000000]
mul_ln837      (mul           ) [ 0000000000000000000000000000000000000000000000000000000000000000000000000000000000010000000]
shl_ln838_14   (bitconcatenate) [ 0000000000000000000000000000000000000000000000000000000000000000000000000000000000000000000]
sext_ln1347    (sext          ) [ 0000000000000000000000000000000000000000000000000000000000000000000000000000000000010000000]
mul_ln837_1    (mul           ) [ 0000000000000000000000000000000000000000000000000000000000000000000000000000000000010000000]
shl_ln838_15   (bitconcatenate) [ 0000000000000000000000000000000000000000000000000000000000000000000000000000000000000000000]
zext_ln1347    (zext          ) [ 0000000000000000000000000000000000000000000000000000000000000000000000000000000000010000000]
sext_ln837_20  (sext          ) [ 0000000000000000000000000000000000000000000000000000000000000000000000000000000000011000000]
zext_ln837_6   (zext          ) [ 0000000000000000000000000000000000000000000000000000000000000000000000000000000000011000000]
mul_ln818_7    (mul           ) [ 0000000000000000000000000000000000000000000000000000000000000000000000000000000000000000000]
trunc_ln818_22 (partselect    ) [ 0000000000000000000000000000000000000000000000000000000000000000000000000000000000000000000]
sext_ln1273_39 (sext          ) [ 0000000000000000000000000000000000000000000000000000000000000000000000000000000000011000000]
sext_ln1273_40 (sext          ) [ 0000000000000000000000000000000000000000000000000000000000000000000000000000000000000000000]
zext_ln1273    (zext          ) [ 0000000000000000000000000000000000000000000000000000000000000000000000000000000000011000000]
mul_ln818_8    (mul           ) [ 0000000000000000000000000000000000000000000000000000000000000000000000000000000000000000000]
trunc_ln818_23 (partselect    ) [ 0000000000000000000000000000000000000000000000000000000000000000000000000000000000000000000]
sext_ln1273_42 (sext          ) [ 0000000000000000000000000000000000000000000000000000000000000000000000000000000000011000000]
sext_ln1273_43 (sext          ) [ 0000000000000000000000000000000000000000000000000000000000000000000000000000000000000000000]
zext_ln1273_1  (zext          ) [ 0000000000000000000000000000000000000000000000000000000000000000000000000000000000011000000]
mul_ln818_9    (mul           ) [ 0000000000000000000000000000000000000000000000000000000000000000000000000000000000000000000]
trunc_ln818_24 (partselect    ) [ 0000000000000000000000000000000000000000000000000000000000000000000000000000000000010000000]
sext_ln1348_16 (sext          ) [ 0000000000000000000000000000000000000000000000000000000000000000000000000000000000000000000]
sub_ln1348_15  (sub           ) [ 0000000000000000000000000000000000000000000000000000000000000000000000000000000000000000000]
sext_ln1273_55 (sext          ) [ 0000000000000000000000000000000000000000000000000000000000000000000000000000000000011100000]
p_read_12      (read          ) [ 0000000000000000000000000000000000000000000000000000000000000000000000000000000000000000000]
p_read_13      (read          ) [ 0000000000000000000000000000000000000000000000000000000000000000000000000000000000000000000]
p_read_14      (read          ) [ 0000000000000000000000000000000000000000000000000000000000000000000000000000000000000000000]
p_read_22      (read          ) [ 0000000000000000000000000000000000000000000000000000000000000000000000000000000000000000000]
p_read_23      (read          ) [ 0000000000000000000000000000000000000000000000000000000000000000000000000000000000000000000]
p_read_24      (read          ) [ 0000000000000000000000000000000000000000000000000000000000000000000000000000000000000000000]
add_ln1347_15  (add           ) [ 0000000000000000000000000000000000000000000000000000000000000000000000000000000000000000000]
trunc_ln818_16 (partselect    ) [ 0000000000000000000000000000000000000000000000000000000000000000000000000000000000000000000]
store_ln49     (store         ) [ 0000000000000000000000000000000000000000000000000000000000000000000000000000000000000000000]
add_ln1347_16  (add           ) [ 0000000000000000000000000000000000000000000000000000000000000000000000000000000000000000000]
trunc_ln818_1  (partselect    ) [ 0000000000000000000000000000000000000000000000000000000000000000000000000000000000000000000]
store_ln49     (store         ) [ 0000000000000000000000000000000000000000000000000000000000000000000000000000000000000000000]
mul_ln837_2    (mul           ) [ 0000000000000000000000000000000000000000000000000000000000000000000000000000000000001000000]
shl_ln838_16   (bitconcatenate) [ 0000000000000000000000000000000000000000000000000000000000000000000000000000000000000000000]
sext_ln1347_3  (sext          ) [ 0000000000000000000000000000000000000000000000000000000000000000000000000000000000001000000]
mul_ln837_3    (mul           ) [ 0000000000000000000000000000000000000000000000000000000000000000000000000000000000001000000]
shl_ln838_17   (bitconcatenate) [ 0000000000000000000000000000000000000000000000000000000000000000000000000000000000000000000]
sext_ln1347_4  (sext          ) [ 0000000000000000000000000000000000000000000000000000000000000000000000000000000000001000000]
mul_ln837_4    (mul           ) [ 0000000000000000000000000000000000000000000000000000000000000000000000000000000000001000000]
shl_ln838_18   (bitconcatenate) [ 0000000000000000000000000000000000000000000000000000000000000000000000000000000000000000000]
sext_ln1347_5  (sext          ) [ 0000000000000000000000000000000000000000000000000000000000000000000000000000000000001000000]
sext_ln1273_45 (sext          ) [ 0000000000000000000000000000000000000000000000000000000000000000000000000000000000001100000]
sext_ln1273_46 (sext          ) [ 0000000000000000000000000000000000000000000000000000000000000000000000000000000000000000000]
zext_ln1273_2  (zext          ) [ 0000000000000000000000000000000000000000000000000000000000000000000000000000000000001100000]
mul_ln818_10   (mul           ) [ 0000000000000000000000000000000000000000000000000000000000000000000000000000000000000000000]
trunc_ln818_25 (partselect    ) [ 0000000000000000000000000000000000000000000000000000000000000000000000000000000000000000000]
sext_ln837_21  (sext          ) [ 0000000000000000000000000000000000000000000000000000000000000000000000000000000000001100000]
zext_ln837_7   (zext          ) [ 0000000000000000000000000000000000000000000000000000000000000000000000000000000000001100000]
mul_ln818_11   (mul           ) [ 0000000000000000000000000000000000000000000000000000000000000000000000000000000000000000000]
trunc_ln818_26 (partselect    ) [ 0000000000000000000000000000000000000000000000000000000000000000000000000000000000000000000]
sext_ln837_22  (sext          ) [ 0000000000000000000000000000000000000000000000000000000000000000000000000000000000001100000]
zext_ln837_8   (zext          ) [ 0000000000000000000000000000000000000000000000000000000000000000000000000000000000001100000]
mul_ln818_12   (mul           ) [ 0000000000000000000000000000000000000000000000000000000000000000000000000000000000000000000]
trunc_ln818_27 (partselect    ) [ 0000000000000000000000000000000000000000000000000000000000000000000000000000000000001000000]
p_read_9       (read          ) [ 0000000000000000000000000000000000000000000000000000000000000000000000000000000000000000000]
p_read_10      (read          ) [ 0000000000000000000000000000000000000000000000000000000000000000000000000000000000000000000]
p_read_11      (read          ) [ 0000000000000000000000000000000000000000000000000000000000000000000000000000000000000000000]
p_read_19      (read          ) [ 0000000000000000000000000000000000000000000000000000000000000000000000000000000000000000000]
p_read_20      (read          ) [ 0000000000000000000000000000000000000000000000000000000000000000000000000000000000000000000]
p_read_21      (read          ) [ 0000000000000000000000000000000000000000000000000000000000000000000000000000000000000000000]
add_ln1347_17  (add           ) [ 0000000000000000000000000000000000000000000000000000000000000000000000000000000000000000000]
trunc_ln818_2  (partselect    ) [ 0000000000000000000000000000000000000000000000000000000000000000000000000000000000000000000]
store_ln49     (store         ) [ 0000000000000000000000000000000000000000000000000000000000000000000000000000000000000000000]
add_ln1347_18  (add           ) [ 0000000000000000000000000000000000000000000000000000000000000000000000000000000000000000000]
trunc_ln818_3  (partselect    ) [ 0000000000000000000000000000000000000000000000000000000000000000000000000000000000000000000]
store_ln49     (store         ) [ 0000000000000000000000000000000000000000000000000000000000000000000000000000000000000000000]
add_ln1347_19  (add           ) [ 0000000000000000000000000000000000000000000000000000000000000000000000000000000000000000000]
trunc_ln818_4  (partselect    ) [ 0000000000000000000000000000000000000000000000000000000000000000000000000000000000000100000]
mul_ln837_5    (mul           ) [ 0000000000000000000000000000000000000000000000000000000000000000000000000000000000000100000]
shl_ln838_19   (bitconcatenate) [ 0000000000000000000000000000000000000000000000000000000000000000000000000000000000000000000]
sext_ln1347_6  (sext          ) [ 0000000000000000000000000000000000000000000000000000000000000000000000000000000000000100000]
mul_ln813      (mul           ) [ 0000000000000000000000000000000000000000000000000000000000000000000000000000000000000100000]
shl_ln838_20   (bitconcatenate) [ 0000000000000000000000000000000000000000000000000000000000000000000000000000000000000000000]
sext_ln1347_7  (sext          ) [ 0000000000000000000000000000000000000000000000000000000000000000000000000000000000000100000]
mul_ln813_1    (mul           ) [ 0000000000000000000000000000000000000000000000000000000000000000000000000000000000000100000]
tmp_57         (bitconcatenate) [ 0000000000000000000000000000000000000000000000000000000000000000000000000000000000000000000]
sext_ln1347_8  (sext          ) [ 0000000000000000000000000000000000000000000000000000000000000000000000000000000000000000000]
zext_ln1347_1  (zext          ) [ 0000000000000000000000000000000000000000000000000000000000000000000000000000000000000100000]
sext_ln837_23  (sext          ) [ 0000000000000000000000000000000000000000000000000000000000000000000000000000000000000110000]
zext_ln837_9   (zext          ) [ 0000000000000000000000000000000000000000000000000000000000000000000000000000000000000110000]
mul_ln818_13   (mul           ) [ 0000000000000000000000000000000000000000000000000000000000000000000000000000000000000000000]
trunc_ln818_28 (partselect    ) [ 0000000000000000000000000000000000000000000000000000000000000000000000000000000000000000000]
sext_ln1273_51 (sext          ) [ 0000000000000000000000000000000000000000000000000000000000000000000000000000000000000110000]
sext_ln1273_52 (sext          ) [ 0000000000000000000000000000000000000000000000000000000000000000000000000000000000000000000]
zext_ln1273_3  (zext          ) [ 0000000000000000000000000000000000000000000000000000000000000000000000000000000000000110000]
mul_ln818_14   (mul           ) [ 0000000000000000000000000000000000000000000000000000000000000000000000000000000000000000000]
trunc_ln818_29 (partselect    ) [ 0000000000000000000000000000000000000000000000000000000000000000000000000000000000000000000]
sext_ln837_24  (sext          ) [ 0000000000000000000000000000000000000000000000000000000000000000000000000000000000000110000]
zext_ln837_10  (zext          ) [ 0000000000000000000000000000000000000000000000000000000000000000000000000000000000000110000]
mul_ln818_15   (mul           ) [ 0000000000000000000000000000000000000000000000000000000000000000000000000000000000000000000]
trunc_ln818_30 (partselect    ) [ 0000000000000000000000000000000000000000000000000000000000000000000000000000000000000100000]
p_read_6       (read          ) [ 0000000000000000000000000000000000000000000000000000000000000000000000000000000000000000000]
p_read_7       (read          ) [ 0000000000000000000000000000000000000000000000000000000000000000000000000000000000000000000]
p_read_8       (read          ) [ 0000000000000000000000000000000000000000000000000000000000000000000000000000000000000000000]
p_read_17      (read          ) [ 0000000000000000000000000000000000000000000000000000000000000000000000000000000000000000000]
p_read_18      (read          ) [ 0000000000000000000000000000000000000000000000000000000000000000000000000000000000000000000]
store_ln49     (store         ) [ 0000000000000000000000000000000000000000000000000000000000000000000000000000000000000000000]
add_ln1347_20  (add           ) [ 0000000000000000000000000000000000000000000000000000000000000000000000000000000000000000000]
trunc_ln818_5  (partselect    ) [ 0000000000000000000000000000000000000000000000000000000000000000000000000000000000000000000]
store_ln49     (store         ) [ 0000000000000000000000000000000000000000000000000000000000000000000000000000000000000000000]
add_ln1347_21  (add           ) [ 0000000000000000000000000000000000000000000000000000000000000000000000000000000000000000000]
trunc_ln818_6  (partselect    ) [ 0000000000000000000000000000000000000000000000000000000000000000000000000000000000000010000]
add_ln1347_22  (add           ) [ 0000000000000000000000000000000000000000000000000000000000000000000000000000000000000000000]
trunc_ln818_7  (partselect    ) [ 0000000000000000000000000000000000000000000000000000000000000000000000000000000000000010000]
mul_ln813_2    (mul           ) [ 0000000000000000000000000000000000000000000000000000000000000000000000000000000000000010000]
shl_ln838_21   (bitconcatenate) [ 0000000000000000000000000000000000000000000000000000000000000000000000000000000000000000000]
sext_ln1347_9  (sext          ) [ 0000000000000000000000000000000000000000000000000000000000000000000000000000000000000010000]
mul_ln837_6    (mul           ) [ 0000000000000000000000000000000000000000000000000000000000000000000000000000000000000010000]
shl_ln838_22   (bitconcatenate) [ 0000000000000000000000000000000000000000000000000000000000000000000000000000000000000000000]
zext_ln1347_2  (zext          ) [ 0000000000000000000000000000000000000000000000000000000000000000000000000000000000000010000]
mul_ln837_7    (mul           ) [ 0000000000000000000000000000000000000000000000000000000000000000000000000000000000000010000]
shl_ln838_23   (bitconcatenate) [ 0000000000000000000000000000000000000000000000000000000000000000000000000000000000000000000]
sext_ln1347_10 (sext          ) [ 0000000000000000000000000000000000000000000000000000000000000000000000000000000000000010000]
sext_ln837_25  (sext          ) [ 0000000000000000000000000000000000000000000000000000000000000000000000000000000000000011000]
zext_ln837_11  (zext          ) [ 0000000000000000000000000000000000000000000000000000000000000000000000000000000000000011000]
mul_ln818_16   (mul           ) [ 0000000000000000000000000000000000000000000000000000000000000000000000000000000000000000000]
trunc_ln818_31 (partselect    ) [ 0000000000000000000000000000000000000000000000000000000000000000000000000000000000000000000]
sext_ln837_26  (sext          ) [ 0000000000000000000000000000000000000000000000000000000000000000000000000000000000000011000]
zext_ln837_12  (zext          ) [ 0000000000000000000000000000000000000000000000000000000000000000000000000000000000000011000]
p_read_3       (read          ) [ 0000000000000000000000000000000000000000000000000000000000000000000000000000000000000000000]
p_read_4       (read          ) [ 0000000000000000000000000000000000000000000000000000000000000000000000000000000000000000000]
p_read_5       (read          ) [ 0000000000000000000000000000000000000000000000000000000000000000000000000000000000000000000]
store_ln49     (store         ) [ 0000000000000000000000000000000000000000000000000000000000000000000000000000000000000000000]
store_ln49     (store         ) [ 0000000000000000000000000000000000000000000000000000000000000000000000000000000000000000000]
add_ln1347_23  (add           ) [ 0000000000000000000000000000000000000000000000000000000000000000000000000000000000000000000]
trunc_ln818_8  (partselect    ) [ 0000000000000000000000000000000000000000000000000000000000000000000000000000000000000001000]
add_ln1347_24  (add           ) [ 0000000000000000000000000000000000000000000000000000000000000000000000000000000000000000000]
trunc_ln818_9  (partselect    ) [ 0000000000000000000000000000000000000000000000000000000000000000000000000000000000000001000]
add_ln1347_25  (add           ) [ 0000000000000000000000000000000000000000000000000000000000000000000000000000000000000000000]
trunc_ln818_10 (partselect    ) [ 0000000000000000000000000000000000000000000000000000000000000000000000000000000000000001100]
mul_ln837_8    (mul           ) [ 0000000000000000000000000000000000000000000000000000000000000000000000000000000000000001000]
tmp_58         (bitconcatenate) [ 0000000000000000000000000000000000000000000000000000000000000000000000000000000000000000000]
sext_ln1347_11 (sext          ) [ 0000000000000000000000000000000000000000000000000000000000000000000000000000000000000000000]
zext_ln1347_3  (zext          ) [ 0000000000000000000000000000000000000000000000000000000000000000000000000000000000000001000]
mul_ln813_3    (mul           ) [ 0000000000000000000000000000000000000000000000000000000000000000000000000000000000000001000]
shl_ln838_24   (bitconcatenate) [ 0000000000000000000000000000000000000000000000000000000000000000000000000000000000000000000]
sext_ln1347_12 (sext          ) [ 0000000000000000000000000000000000000000000000000000000000000000000000000000000000000001000]
mul_ln837_9    (mul           ) [ 0000000000000000000000000000000000000000000000000000000000000000000000000000000000000001000]
shl_ln838_25   (bitconcatenate) [ 0000000000000000000000000000000000000000000000000000000000000000000000000000000000000000000]
zext_ln1347_4  (zext          ) [ 0000000000000000000000000000000000000000000000000000000000000000000000000000000000000001000]
p_read_1       (read          ) [ 0000000000000000000000000000000000000000000000000000000000000000000000000000000000000000000]
p_read_2       (read          ) [ 0000000000000000000000000000000000000000000000000000000000000000000000000000000000000000000]
store_ln49     (store         ) [ 0000000000000000000000000000000000000000000000000000000000000000000000000000000000000000000]
store_ln49     (store         ) [ 0000000000000000000000000000000000000000000000000000000000000000000000000000000000000000000]
add_ln1347_26  (add           ) [ 0000000000000000000000000000000000000000000000000000000000000000000000000000000000000000000]
trunc_ln818_11 (partselect    ) [ 0000000000000000000000000000000000000000000000000000000000000000000000000000000000000000100]
add_ln1347_27  (add           ) [ 0000000000000000000000000000000000000000000000000000000000000000000000000000000000000000000]
trunc_ln818_12 (partselect    ) [ 0000000000000000000000000000000000000000000000000000000000000000000000000000000000000000110]
add_ln1347_28  (add           ) [ 0000000000000000000000000000000000000000000000000000000000000000000000000000000000000000000]
trunc_ln818_13 (partselect    ) [ 0000000000000000000000000000000000000000000000000000000000000000000000000000000000000000110]
mul_ln837_10   (mul           ) [ 0000000000000000000000000000000000000000000000000000000000000000000000000000000000000000100]
shl_ln838_26   (bitconcatenate) [ 0000000000000000000000000000000000000000000000000000000000000000000000000000000000000000000]
sext_ln1347_13 (sext          ) [ 0000000000000000000000000000000000000000000000000000000000000000000000000000000000000000100]
mul_ln837_11   (mul           ) [ 0000000000000000000000000000000000000000000000000000000000000000000000000000000000000000100]
shl_ln838_27   (bitconcatenate) [ 0000000000000000000000000000000000000000000000000000000000000000000000000000000000000000000]
sext_ln1347_14 (sext          ) [ 0000000000000000000000000000000000000000000000000000000000000000000000000000000000000000100]
store_ln49     (store         ) [ 0000000000000000000000000000000000000000000000000000000000000000000000000000000000000000000]
store_ln49     (store         ) [ 0000000000000000000000000000000000000000000000000000000000000000000000000000000000000000000]
add_ln1347_29  (add           ) [ 0000000000000000000000000000000000000000000000000000000000000000000000000000000000000000000]
trunc_ln818_14 (partselect    ) [ 0000000000000000000000000000000000000000000000000000000000000000000000000000000000000000011]
add_ln1347_30  (add           ) [ 0000000000000000000000000000000000000000000000000000000000000000000000000000000000000000000]
trunc_ln818_15 (partselect    ) [ 0000000000000000000000000000000000000000000000000000000000000000000000000000000000000000011]
store_ln49     (store         ) [ 0000000000000000000000000000000000000000000000000000000000000000000000000000000000000000000]
store_ln49     (store         ) [ 0000000000000000000000000000000000000000000000000000000000000000000000000000000000000000000]
store_ln49     (store         ) [ 0000000000000000000000000000000000000000000000000000000000000000000000000000000000000000000]
store_ln49     (store         ) [ 0000000000000000000000000000000000000000000000000000000000000000000000000000000000000000000]
ret_ln51       (ret           ) [ 0000000000000000000000000000000000000000000000000000000000000000000000000000000000000000000]
</LifeTime>

<model>

<comp_list>
<comp id="0" class="1000" name="x">
<pin_list>
<pin id="1" dir="1" index="0" bw="1" slack="0"/>
</pin_list>
<bind>
<StgValue><ssdm name="x"/><MemPortTyVec>2 2 </MemPortTyVec>
</StgValue>
</bind>
</comp>

<comp id="2" class="1000" name="x_offset">
<pin_list>
<pin id="3" dir="1" index="0" bw="1" slack="0"/>
</pin_list>
<bind>
<StgValue><ssdm name="x_offset"/></StgValue>
</bind>
</comp>

<comp id="4" class="1000" name="p_read">
<pin_list>
<pin id="5" dir="1" index="0" bw="1" slack="0"/>
</pin_list>
<bind>
<StgValue><ssdm name="p_read"/></StgValue>
</bind>
</comp>

<comp id="6" class="1000" name="p_read1">
<pin_list>
<pin id="7" dir="1" index="0" bw="1" slack="0"/>
</pin_list>
<bind>
<StgValue><ssdm name="p_read1"/></StgValue>
</bind>
</comp>

<comp id="8" class="1000" name="p_read2">
<pin_list>
<pin id="9" dir="1" index="0" bw="1" slack="0"/>
</pin_list>
<bind>
<StgValue><ssdm name="p_read2"/></StgValue>
</bind>
</comp>

<comp id="10" class="1000" name="p_read3">
<pin_list>
<pin id="11" dir="1" index="0" bw="1" slack="0"/>
</pin_list>
<bind>
<StgValue><ssdm name="p_read3"/></StgValue>
</bind>
</comp>

<comp id="12" class="1000" name="p_read4">
<pin_list>
<pin id="13" dir="1" index="0" bw="1" slack="0"/>
</pin_list>
<bind>
<StgValue><ssdm name="p_read4"/></StgValue>
</bind>
</comp>

<comp id="14" class="1000" name="p_read5">
<pin_list>
<pin id="15" dir="1" index="0" bw="1" slack="0"/>
</pin_list>
<bind>
<StgValue><ssdm name="p_read5"/></StgValue>
</bind>
</comp>

<comp id="16" class="1000" name="p_read6">
<pin_list>
<pin id="17" dir="1" index="0" bw="1" slack="0"/>
</pin_list>
<bind>
<StgValue><ssdm name="p_read6"/></StgValue>
</bind>
</comp>

<comp id="18" class="1000" name="p_read7">
<pin_list>
<pin id="19" dir="1" index="0" bw="1" slack="0"/>
</pin_list>
<bind>
<StgValue><ssdm name="p_read7"/></StgValue>
</bind>
</comp>

<comp id="20" class="1000" name="p_read8">
<pin_list>
<pin id="21" dir="1" index="0" bw="1" slack="0"/>
</pin_list>
<bind>
<StgValue><ssdm name="p_read8"/></StgValue>
</bind>
</comp>

<comp id="22" class="1000" name="p_read9">
<pin_list>
<pin id="23" dir="1" index="0" bw="1" slack="0"/>
</pin_list>
<bind>
<StgValue><ssdm name="p_read9"/></StgValue>
</bind>
</comp>

<comp id="24" class="1000" name="p_read10">
<pin_list>
<pin id="25" dir="1" index="0" bw="1" slack="0"/>
</pin_list>
<bind>
<StgValue><ssdm name="p_read10"/></StgValue>
</bind>
</comp>

<comp id="26" class="1000" name="p_read11">
<pin_list>
<pin id="27" dir="1" index="0" bw="1" slack="0"/>
</pin_list>
<bind>
<StgValue><ssdm name="p_read11"/></StgValue>
</bind>
</comp>

<comp id="28" class="1000" name="p_read12">
<pin_list>
<pin id="29" dir="1" index="0" bw="1" slack="0"/>
</pin_list>
<bind>
<StgValue><ssdm name="p_read12"/></StgValue>
</bind>
</comp>

<comp id="30" class="1000" name="p_read13">
<pin_list>
<pin id="31" dir="1" index="0" bw="1" slack="0"/>
</pin_list>
<bind>
<StgValue><ssdm name="p_read13"/></StgValue>
</bind>
</comp>

<comp id="32" class="1000" name="p_read14">
<pin_list>
<pin id="33" dir="1" index="0" bw="1" slack="0"/>
</pin_list>
<bind>
<StgValue><ssdm name="p_read14"/></StgValue>
</bind>
</comp>

<comp id="34" class="1000" name="p_read15">
<pin_list>
<pin id="35" dir="1" index="0" bw="1" slack="0"/>
</pin_list>
<bind>
<StgValue><ssdm name="p_read15"/></StgValue>
</bind>
</comp>

<comp id="36" class="1000" name="p_read16">
<pin_list>
<pin id="37" dir="1" index="0" bw="1" slack="0"/>
</pin_list>
<bind>
<StgValue><ssdm name="p_read16"/></StgValue>
</bind>
</comp>

<comp id="38" class="1000" name="p_read17">
<pin_list>
<pin id="39" dir="1" index="0" bw="1" slack="0"/>
</pin_list>
<bind>
<StgValue><ssdm name="p_read17"/></StgValue>
</bind>
</comp>

<comp id="40" class="1000" name="p_read18">
<pin_list>
<pin id="41" dir="1" index="0" bw="1" slack="0"/>
</pin_list>
<bind>
<StgValue><ssdm name="p_read18"/></StgValue>
</bind>
</comp>

<comp id="42" class="1000" name="p_read19">
<pin_list>
<pin id="43" dir="1" index="0" bw="1" slack="0"/>
</pin_list>
<bind>
<StgValue><ssdm name="p_read19"/></StgValue>
</bind>
</comp>

<comp id="44" class="1000" name="p_read20">
<pin_list>
<pin id="45" dir="1" index="0" bw="1" slack="0"/>
</pin_list>
<bind>
<StgValue><ssdm name="p_read20"/></StgValue>
</bind>
</comp>

<comp id="46" class="1000" name="p_read21">
<pin_list>
<pin id="47" dir="1" index="0" bw="1" slack="0"/>
</pin_list>
<bind>
<StgValue><ssdm name="p_read21"/></StgValue>
</bind>
</comp>

<comp id="48" class="1000" name="p_read22">
<pin_list>
<pin id="49" dir="1" index="0" bw="1" slack="0"/>
</pin_list>
<bind>
<StgValue><ssdm name="p_read22"/></StgValue>
</bind>
</comp>

<comp id="50" class="1000" name="p_read23">
<pin_list>
<pin id="51" dir="1" index="0" bw="1" slack="0"/>
</pin_list>
<bind>
<StgValue><ssdm name="p_read23"/></StgValue>
</bind>
</comp>

<comp id="52" class="1000" name="p_read24">
<pin_list>
<pin id="53" dir="1" index="0" bw="1" slack="0"/>
</pin_list>
<bind>
<StgValue><ssdm name="p_read24"/></StgValue>
</bind>
</comp>

<comp id="54" class="1000" name="p_read25">
<pin_list>
<pin id="55" dir="1" index="0" bw="1" slack="0"/>
</pin_list>
<bind>
<StgValue><ssdm name="p_read25"/></StgValue>
</bind>
</comp>

<comp id="56" class="1000" name="p_read26">
<pin_list>
<pin id="57" dir="1" index="0" bw="1" slack="0"/>
</pin_list>
<bind>
<StgValue><ssdm name="p_read26"/></StgValue>
</bind>
</comp>

<comp id="58" class="1000" name="p_read27">
<pin_list>
<pin id="59" dir="1" index="0" bw="1" slack="0"/>
</pin_list>
<bind>
<StgValue><ssdm name="p_read27"/></StgValue>
</bind>
</comp>

<comp id="60" class="1000" name="p_read28">
<pin_list>
<pin id="61" dir="1" index="0" bw="1" slack="0"/>
</pin_list>
<bind>
<StgValue><ssdm name="p_read28"/></StgValue>
</bind>
</comp>

<comp id="62" class="1000" name="p_read29">
<pin_list>
<pin id="63" dir="1" index="0" bw="1" slack="0"/>
</pin_list>
<bind>
<StgValue><ssdm name="p_read29"/></StgValue>
</bind>
</comp>

<comp id="64" class="1000" name="p_read30">
<pin_list>
<pin id="65" dir="1" index="0" bw="1" slack="0"/>
</pin_list>
<bind>
<StgValue><ssdm name="p_read30"/></StgValue>
</bind>
</comp>

<comp id="66" class="1000" name="p_read31">
<pin_list>
<pin id="67" dir="1" index="0" bw="1" slack="0"/>
</pin_list>
<bind>
<StgValue><ssdm name="p_read31"/></StgValue>
</bind>
</comp>

<comp id="68" class="1001" name="const_68">
<pin_list>
<pin id="69" dir="1" index="0" bw="1" slack="0"/>
</pin_list>
<bind>
<StgValue><ssdm name="_ssdm_op_Read.ap_auto.i4"/></StgValue>
</bind>
</comp>

<comp id="70" class="1001" name="const_70">
<pin_list>
<pin id="71" dir="1" index="0" bw="1" slack="0"/>
</pin_list>
<bind>
<StgValue><ssdm name="_ssdm_op_BitConcatenate.i8.i4.i4"/></StgValue>
</bind>
</comp>

<comp id="72" class="1001" name="const_72">
<pin_list>
<pin id="73" dir="1" index="0" bw="1" slack="0"/>
</pin_list>
<bind>
<StgValue><ssdm name=""/></StgValue>
</bind>
</comp>

<comp id="74" class="1001" name="const_74">
<pin_list>
<pin id="75" dir="1" index="0" bw="1" slack="0"/>
</pin_list>
<bind>
<StgValue><ssdm name=""/></StgValue>
</bind>
</comp>

<comp id="76" class="1001" name="const_76">
<pin_list>
<pin id="77" dir="1" index="0" bw="1" slack="0"/>
</pin_list>
<bind>
<StgValue><ssdm name=""/></StgValue>
</bind>
</comp>

<comp id="78" class="1001" name="const_78">
<pin_list>
<pin id="79" dir="1" index="0" bw="1" slack="0"/>
</pin_list>
<bind>
<StgValue><ssdm name=""/></StgValue>
</bind>
</comp>

<comp id="80" class="1001" name="const_80">
<pin_list>
<pin id="81" dir="1" index="0" bw="1" slack="0"/>
</pin_list>
<bind>
<StgValue><ssdm name=""/></StgValue>
</bind>
</comp>

<comp id="82" class="1001" name="const_82">
<pin_list>
<pin id="83" dir="1" index="0" bw="1" slack="0"/>
</pin_list>
<bind>
<StgValue><ssdm name=""/></StgValue>
</bind>
</comp>

<comp id="84" class="1001" name="const_84">
<pin_list>
<pin id="85" dir="1" index="0" bw="1" slack="0"/>
</pin_list>
<bind>
<StgValue><ssdm name=""/></StgValue>
</bind>
</comp>

<comp id="86" class="1001" name="const_86">
<pin_list>
<pin id="87" dir="1" index="0" bw="1" slack="0"/>
</pin_list>
<bind>
<StgValue><ssdm name=""/></StgValue>
</bind>
</comp>

<comp id="88" class="1001" name="const_88">
<pin_list>
<pin id="89" dir="1" index="0" bw="1" slack="0"/>
</pin_list>
<bind>
<StgValue><ssdm name=""/></StgValue>
</bind>
</comp>

<comp id="90" class="1001" name="const_90">
<pin_list>
<pin id="91" dir="1" index="0" bw="1" slack="0"/>
</pin_list>
<bind>
<StgValue><ssdm name=""/></StgValue>
</bind>
</comp>

<comp id="92" class="1001" name="const_92">
<pin_list>
<pin id="93" dir="1" index="0" bw="1" slack="0"/>
</pin_list>
<bind>
<StgValue><ssdm name=""/></StgValue>
</bind>
</comp>

<comp id="94" class="1001" name="const_94">
<pin_list>
<pin id="95" dir="1" index="0" bw="1" slack="0"/>
</pin_list>
<bind>
<StgValue><ssdm name=""/></StgValue>
</bind>
</comp>

<comp id="96" class="1001" name="const_96">
<pin_list>
<pin id="97" dir="1" index="0" bw="1" slack="0"/>
</pin_list>
<bind>
<StgValue><ssdm name=""/></StgValue>
</bind>
</comp>

<comp id="98" class="1001" name="const_98">
<pin_list>
<pin id="99" dir="1" index="0" bw="1" slack="0"/>
</pin_list>
<bind>
<StgValue><ssdm name=""/></StgValue>
</bind>
</comp>

<comp id="100" class="1001" name="const_100">
<pin_list>
<pin id="101" dir="1" index="0" bw="1" slack="0"/>
</pin_list>
<bind>
<StgValue><ssdm name=""/></StgValue>
</bind>
</comp>

<comp id="102" class="1001" name="const_102">
<pin_list>
<pin id="103" dir="1" index="0" bw="1" slack="0"/>
</pin_list>
<bind>
<StgValue><ssdm name=""/></StgValue>
</bind>
</comp>

<comp id="104" class="1001" name="const_104">
<pin_list>
<pin id="105" dir="1" index="0" bw="1" slack="0"/>
</pin_list>
<bind>
<StgValue><ssdm name=""/></StgValue>
</bind>
</comp>

<comp id="106" class="1001" name="const_106">
<pin_list>
<pin id="107" dir="1" index="0" bw="1" slack="0"/>
</pin_list>
<bind>
<StgValue><ssdm name="_ssdm_op_BitConcatenate.i20.i16.i4"/></StgValue>
</bind>
</comp>

<comp id="108" class="1001" name="const_108">
<pin_list>
<pin id="109" dir="1" index="0" bw="1" slack="0"/>
</pin_list>
<bind>
<StgValue><ssdm name="_ssdm_op_BitConcatenate.i34.i24.i10"/></StgValue>
</bind>
</comp>

<comp id="110" class="1001" name="const_110">
<pin_list>
<pin id="111" dir="1" index="0" bw="1" slack="0"/>
</pin_list>
<bind>
<StgValue><ssdm name=""/></StgValue>
</bind>
</comp>

<comp id="112" class="1001" name="const_112">
<pin_list>
<pin id="113" dir="1" index="0" bw="1" slack="0"/>
</pin_list>
<bind>
<StgValue><ssdm name="_ssdm_op_BitSelect.i1.i24.i32"/></StgValue>
</bind>
</comp>

<comp id="114" class="1001" name="const_114">
<pin_list>
<pin id="115" dir="1" index="0" bw="1" slack="0"/>
</pin_list>
<bind>
<StgValue><ssdm name=""/></StgValue>
</bind>
</comp>

<comp id="116" class="1001" name="const_116">
<pin_list>
<pin id="117" dir="1" index="0" bw="1" slack="0"/>
</pin_list>
<bind>
<StgValue><ssdm name=""/></StgValue>
</bind>
</comp>

<comp id="118" class="1001" name="const_118">
<pin_list>
<pin id="119" dir="1" index="0" bw="1" slack="0"/>
</pin_list>
<bind>
<StgValue><ssdm name="_ssdm_op_PartSelect.i20.i34.i32.i32"/></StgValue>
</bind>
</comp>

<comp id="120" class="1001" name="const_120">
<pin_list>
<pin id="121" dir="1" index="0" bw="1" slack="0"/>
</pin_list>
<bind>
<StgValue><ssdm name=""/></StgValue>
</bind>
</comp>

<comp id="122" class="1001" name="const_122">
<pin_list>
<pin id="123" dir="1" index="0" bw="1" slack="0"/>
</pin_list>
<bind>
<StgValue><ssdm name=""/></StgValue>
</bind>
</comp>

<comp id="124" class="1001" name="const_124">
<pin_list>
<pin id="125" dir="1" index="0" bw="1" slack="0"/>
</pin_list>
<bind>
<StgValue><ssdm name=""/></StgValue>
</bind>
</comp>

<comp id="126" class="1001" name="const_126">
<pin_list>
<pin id="127" dir="1" index="0" bw="1" slack="0"/>
</pin_list>
<bind>
<StgValue><ssdm name="_ssdm_op_PartSelect.i16.i20.i32.i32"/></StgValue>
</bind>
</comp>

<comp id="128" class="1001" name="const_128">
<pin_list>
<pin id="129" dir="1" index="0" bw="1" slack="0"/>
</pin_list>
<bind>
<StgValue><ssdm name=""/></StgValue>
</bind>
</comp>

<comp id="130" class="1001" name="const_130">
<pin_list>
<pin id="131" dir="1" index="0" bw="1" slack="0"/>
</pin_list>
<bind>
<StgValue><ssdm name=""/></StgValue>
</bind>
</comp>

<comp id="132" class="1001" name="const_132">
<pin_list>
<pin id="133" dir="1" index="0" bw="1" slack="0"/>
</pin_list>
<bind>
<StgValue><ssdm name="_ssdm_op_PartSelect.i16.i24.i32.i32"/></StgValue>
</bind>
</comp>

<comp id="134" class="1001" name="const_134">
<pin_list>
<pin id="135" dir="1" index="0" bw="1" slack="0"/>
</pin_list>
<bind>
<StgValue><ssdm name=""/></StgValue>
</bind>
</comp>

<comp id="136" class="1001" name="const_136">
<pin_list>
<pin id="137" dir="1" index="0" bw="1" slack="0"/>
</pin_list>
<bind>
<StgValue><ssdm name="_ssdm_op_PartSelect.i24.i30.i32.i32"/></StgValue>
</bind>
</comp>

<comp id="138" class="1001" name="const_138">
<pin_list>
<pin id="139" dir="1" index="0" bw="1" slack="0"/>
</pin_list>
<bind>
<StgValue><ssdm name=""/></StgValue>
</bind>
</comp>

<comp id="140" class="1001" name="const_140">
<pin_list>
<pin id="141" dir="1" index="0" bw="1" slack="0"/>
</pin_list>
<bind>
<StgValue><ssdm name=""/></StgValue>
</bind>
</comp>

<comp id="142" class="1001" name="const_142">
<pin_list>
<pin id="143" dir="1" index="0" bw="1" slack="0"/>
</pin_list>
<bind>
<StgValue><ssdm name="_ssdm_op_BitConcatenate.i30.i24.i6"/></StgValue>
</bind>
</comp>

<comp id="144" class="1001" name="const_144">
<pin_list>
<pin id="145" dir="1" index="0" bw="1" slack="0"/>
</pin_list>
<bind>
<StgValue><ssdm name=""/></StgValue>
</bind>
</comp>

<comp id="146" class="1001" name="const_146">
<pin_list>
<pin id="147" dir="1" index="0" bw="1" slack="0"/>
</pin_list>
<bind>
<StgValue><ssdm name="_ssdm_op_BitSelect.i1.i30.i32"/></StgValue>
</bind>
</comp>

<comp id="148" class="1001" name="const_148">
<pin_list>
<pin id="149" dir="1" index="0" bw="1" slack="0"/>
</pin_list>
<bind>
<StgValue><ssdm name="_ssdm_op_PartSelect.i16.i30.i32.i32"/></StgValue>
</bind>
</comp>

<comp id="150" class="1001" name="const_150">
<pin_list>
<pin id="151" dir="1" index="0" bw="1" slack="0"/>
</pin_list>
<bind>
<StgValue><ssdm name=""/></StgValue>
</bind>
</comp>

<comp id="152" class="1001" name="const_152">
<pin_list>
<pin id="153" dir="1" index="0" bw="1" slack="0"/>
</pin_list>
<bind>
<StgValue><ssdm name="_ssdm_op_BitSelect.i1.i16.i32"/></StgValue>
</bind>
</comp>

<comp id="154" class="1001" name="const_154">
<pin_list>
<pin id="155" dir="1" index="0" bw="1" slack="0"/>
</pin_list>
<bind>
<StgValue><ssdm name=""/></StgValue>
</bind>
</comp>

<comp id="156" class="1001" name="const_156">
<pin_list>
<pin id="157" dir="1" index="0" bw="1" slack="0"/>
</pin_list>
<bind>
<StgValue><ssdm name="llvm.part.select.i16"/></StgValue>
</bind>
</comp>

<comp id="158" class="1001" name="const_158">
<pin_list>
<pin id="159" dir="1" index="0" bw="1" slack="0"/>
</pin_list>
<bind>
<StgValue><ssdm name=""/></StgValue>
</bind>
</comp>

<comp id="160" class="1001" name="const_160">
<pin_list>
<pin id="161" dir="1" index="0" bw="1" slack="0"/>
</pin_list>
<bind>
<StgValue><ssdm name="_ssdm_op_BitConcatenate.i17.i1.i16"/></StgValue>
</bind>
</comp>

<comp id="162" class="1001" name="const_162">
<pin_list>
<pin id="163" dir="1" index="0" bw="1" slack="0"/>
</pin_list>
<bind>
<StgValue><ssdm name=""/></StgValue>
</bind>
</comp>

<comp id="164" class="1001" name="const_164">
<pin_list>
<pin id="165" dir="1" index="0" bw="1" slack="0"/>
</pin_list>
<bind>
<StgValue><ssdm name="llvm.cttz.i32"/></StgValue>
</bind>
</comp>

<comp id="166" class="1001" name="const_166">
<pin_list>
<pin id="167" dir="1" index="0" bw="1" slack="0"/>
</pin_list>
<bind>
<StgValue><ssdm name=""/></StgValue>
</bind>
</comp>

<comp id="168" class="1001" name="const_168">
<pin_list>
<pin id="169" dir="1" index="0" bw="1" slack="0"/>
</pin_list>
<bind>
<StgValue><ssdm name=""/></StgValue>
</bind>
</comp>

<comp id="170" class="1001" name="const_170">
<pin_list>
<pin id="171" dir="1" index="0" bw="1" slack="0"/>
</pin_list>
<bind>
<StgValue><ssdm name=""/></StgValue>
</bind>
</comp>

<comp id="172" class="1001" name="const_172">
<pin_list>
<pin id="173" dir="1" index="0" bw="1" slack="0"/>
</pin_list>
<bind>
<StgValue><ssdm name=""/></StgValue>
</bind>
</comp>

<comp id="174" class="1001" name="const_174">
<pin_list>
<pin id="175" dir="1" index="0" bw="1" slack="0"/>
</pin_list>
<bind>
<StgValue><ssdm name="_ssdm_op_PartSelect.i31.i32.i32.i32"/></StgValue>
</bind>
</comp>

<comp id="176" class="1001" name="const_176">
<pin_list>
<pin id="177" dir="1" index="0" bw="1" slack="0"/>
</pin_list>
<bind>
<StgValue><ssdm name=""/></StgValue>
</bind>
</comp>

<comp id="178" class="1001" name="const_178">
<pin_list>
<pin id="179" dir="1" index="0" bw="1" slack="0"/>
</pin_list>
<bind>
<StgValue><ssdm name=""/></StgValue>
</bind>
</comp>

<comp id="180" class="1001" name="const_180">
<pin_list>
<pin id="181" dir="1" index="0" bw="1" slack="0"/>
</pin_list>
<bind>
<StgValue><ssdm name=""/></StgValue>
</bind>
</comp>

<comp id="182" class="1001" name="const_182">
<pin_list>
<pin id="183" dir="1" index="0" bw="1" slack="0"/>
</pin_list>
<bind>
<StgValue><ssdm name="_ssdm_op_BitSelect.i1.i32.i32"/></StgValue>
</bind>
</comp>

<comp id="184" class="1001" name="const_184">
<pin_list>
<pin id="185" dir="1" index="0" bw="1" slack="0"/>
</pin_list>
<bind>
<StgValue><ssdm name=""/></StgValue>
</bind>
</comp>

<comp id="186" class="1001" name="const_186">
<pin_list>
<pin id="187" dir="1" index="0" bw="1" slack="0"/>
</pin_list>
<bind>
<StgValue><ssdm name="_ssdm_op_BitSelect.i1.i16.i16"/></StgValue>
</bind>
</comp>

<comp id="188" class="1001" name="const_188">
<pin_list>
<pin id="189" dir="1" index="0" bw="1" slack="0"/>
</pin_list>
<bind>
<StgValue><ssdm name="_ssdm_op_BitConcatenate.i2.i1.i1"/></StgValue>
</bind>
</comp>

<comp id="190" class="1001" name="const_190">
<pin_list>
<pin id="191" dir="1" index="0" bw="1" slack="0"/>
</pin_list>
<bind>
<StgValue><ssdm name=""/></StgValue>
</bind>
</comp>

<comp id="192" class="1001" name="const_192">
<pin_list>
<pin id="193" dir="1" index="0" bw="1" slack="0"/>
</pin_list>
<bind>
<StgValue><ssdm name=""/></StgValue>
</bind>
</comp>

<comp id="194" class="1001" name="const_194">
<pin_list>
<pin id="195" dir="1" index="0" bw="1" slack="0"/>
</pin_list>
<bind>
<StgValue><ssdm name=""/></StgValue>
</bind>
</comp>

<comp id="196" class="1001" name="const_196">
<pin_list>
<pin id="197" dir="1" index="0" bw="1" slack="0"/>
</pin_list>
<bind>
<StgValue><ssdm name="_ssdm_op_PartSelect.i63.i64.i32.i32"/></StgValue>
</bind>
</comp>

<comp id="198" class="1001" name="const_198">
<pin_list>
<pin id="199" dir="1" index="0" bw="1" slack="0"/>
</pin_list>
<bind>
<StgValue><ssdm name=""/></StgValue>
</bind>
</comp>

<comp id="200" class="1001" name="const_200">
<pin_list>
<pin id="201" dir="1" index="0" bw="1" slack="0"/>
</pin_list>
<bind>
<StgValue><ssdm name="_ssdm_op_BitSelect.i1.i64.i32"/></StgValue>
</bind>
</comp>

<comp id="202" class="1001" name="const_202">
<pin_list>
<pin id="203" dir="1" index="0" bw="1" slack="0"/>
</pin_list>
<bind>
<StgValue><ssdm name=""/></StgValue>
</bind>
</comp>

<comp id="204" class="1001" name="const_204">
<pin_list>
<pin id="205" dir="1" index="0" bw="1" slack="0"/>
</pin_list>
<bind>
<StgValue><ssdm name=""/></StgValue>
</bind>
</comp>

<comp id="206" class="1001" name="const_206">
<pin_list>
<pin id="207" dir="1" index="0" bw="1" slack="0"/>
</pin_list>
<bind>
<StgValue><ssdm name="_ssdm_op_BitConcatenate.i9.i1.i8"/></StgValue>
</bind>
</comp>

<comp id="208" class="1001" name="const_208">
<pin_list>
<pin id="209" dir="1" index="0" bw="1" slack="0"/>
</pin_list>
<bind>
<StgValue><ssdm name="_ssdm_op_PartSet.i64.i64.i9.i32.i32"/></StgValue>
</bind>
</comp>

<comp id="210" class="1001" name="const_210">
<pin_list>
<pin id="211" dir="1" index="0" bw="1" slack="0"/>
</pin_list>
<bind>
<StgValue><ssdm name=""/></StgValue>
</bind>
</comp>

<comp id="212" class="1001" name="const_212">
<pin_list>
<pin id="213" dir="1" index="0" bw="1" slack="0"/>
</pin_list>
<bind>
<StgValue><ssdm name="llvm.sqrt.f32"/></StgValue>
</bind>
</comp>

<comp id="214" class="1001" name="const_214">
<pin_list>
<pin id="215" dir="1" index="0" bw="1" slack="0"/>
</pin_list>
<bind>
<StgValue><ssdm name=""/></StgValue>
</bind>
</comp>

<comp id="216" class="1001" name="const_216">
<pin_list>
<pin id="217" dir="1" index="0" bw="1" slack="0"/>
</pin_list>
<bind>
<StgValue><ssdm name="_ssdm_op_PartSelect.i11.i64.i32.i32"/></StgValue>
</bind>
</comp>

<comp id="218" class="1001" name="const_218">
<pin_list>
<pin id="219" dir="1" index="0" bw="1" slack="0"/>
</pin_list>
<bind>
<StgValue><ssdm name=""/></StgValue>
</bind>
</comp>

<comp id="220" class="1001" name="const_220">
<pin_list>
<pin id="221" dir="1" index="0" bw="1" slack="0"/>
</pin_list>
<bind>
<StgValue><ssdm name=""/></StgValue>
</bind>
</comp>

<comp id="222" class="1001" name="const_222">
<pin_list>
<pin id="223" dir="1" index="0" bw="1" slack="0"/>
</pin_list>
<bind>
<StgValue><ssdm name=""/></StgValue>
</bind>
</comp>

<comp id="224" class="1001" name="const_224">
<pin_list>
<pin id="225" dir="1" index="0" bw="1" slack="0"/>
</pin_list>
<bind>
<StgValue><ssdm name="_ssdm_op_BitConcatenate.i53.i1.i52"/></StgValue>
</bind>
</comp>

<comp id="226" class="1001" name="const_226">
<pin_list>
<pin id="227" dir="1" index="0" bw="1" slack="0"/>
</pin_list>
<bind>
<StgValue><ssdm name=""/></StgValue>
</bind>
</comp>

<comp id="228" class="1001" name="const_228">
<pin_list>
<pin id="229" dir="1" index="0" bw="1" slack="0"/>
</pin_list>
<bind>
<StgValue><ssdm name=""/></StgValue>
</bind>
</comp>

<comp id="230" class="1001" name="const_230">
<pin_list>
<pin id="231" dir="1" index="0" bw="1" slack="0"/>
</pin_list>
<bind>
<StgValue><ssdm name=""/></StgValue>
</bind>
</comp>

<comp id="232" class="1001" name="const_232">
<pin_list>
<pin id="233" dir="1" index="0" bw="1" slack="0"/>
</pin_list>
<bind>
<StgValue><ssdm name=""/></StgValue>
</bind>
</comp>

<comp id="234" class="1001" name="const_234">
<pin_list>
<pin id="235" dir="1" index="0" bw="1" slack="0"/>
</pin_list>
<bind>
<StgValue><ssdm name="_ssdm_op_PartSelect.i8.i12.i32.i32"/></StgValue>
</bind>
</comp>

<comp id="236" class="1001" name="const_236">
<pin_list>
<pin id="237" dir="1" index="0" bw="1" slack="0"/>
</pin_list>
<bind>
<StgValue><ssdm name=""/></StgValue>
</bind>
</comp>

<comp id="238" class="1001" name="const_238">
<pin_list>
<pin id="239" dir="1" index="0" bw="1" slack="0"/>
</pin_list>
<bind>
<StgValue><ssdm name=""/></StgValue>
</bind>
</comp>

<comp id="240" class="1001" name="const_240">
<pin_list>
<pin id="241" dir="1" index="0" bw="1" slack="0"/>
</pin_list>
<bind>
<StgValue><ssdm name=""/></StgValue>
</bind>
</comp>

<comp id="242" class="1001" name="const_242">
<pin_list>
<pin id="243" dir="1" index="0" bw="1" slack="0"/>
</pin_list>
<bind>
<StgValue><ssdm name="_ssdm_op_Read.ap_auto.i11"/></StgValue>
</bind>
</comp>

<comp id="244" class="1001" name="const_244">
<pin_list>
<pin id="245" dir="1" index="0" bw="1" slack="0"/>
</pin_list>
<bind>
<StgValue><ssdm name="_ssdm_op_PartSelect.i16.i26.i32.i32"/></StgValue>
</bind>
</comp>

<comp id="246" class="1001" name="const_246">
<pin_list>
<pin id="247" dir="1" index="0" bw="1" slack="0"/>
</pin_list>
<bind>
<StgValue><ssdm name=""/></StgValue>
</bind>
</comp>

<comp id="248" class="1001" name="const_248">
<pin_list>
<pin id="249" dir="1" index="0" bw="1" slack="0"/>
</pin_list>
<bind>
<StgValue><ssdm name="_ssdm_op_Read.ap_auto.i6"/></StgValue>
</bind>
</comp>

<comp id="250" class="1001" name="const_250">
<pin_list>
<pin id="251" dir="1" index="0" bw="1" slack="0"/>
</pin_list>
<bind>
<StgValue><ssdm name="_ssdm_op_Read.ap_auto.i8"/></StgValue>
</bind>
</comp>

<comp id="252" class="1001" name="const_252">
<pin_list>
<pin id="253" dir="1" index="0" bw="1" slack="0"/>
</pin_list>
<bind>
<StgValue><ssdm name="_ssdm_op_BitConcatenate.i16.i6.i10"/></StgValue>
</bind>
</comp>

<comp id="254" class="1001" name="const_254">
<pin_list>
<pin id="255" dir="1" index="0" bw="1" slack="0"/>
</pin_list>
<bind>
<StgValue><ssdm name="_ssdm_op_Read.ap_auto.i5"/></StgValue>
</bind>
</comp>

<comp id="256" class="1001" name="const_256">
<pin_list>
<pin id="257" dir="1" index="0" bw="1" slack="0"/>
</pin_list>
<bind>
<StgValue><ssdm name="_ssdm_op_Read.ap_auto.i7"/></StgValue>
</bind>
</comp>

<comp id="258" class="1001" name="const_258">
<pin_list>
<pin id="259" dir="1" index="0" bw="1" slack="0"/>
</pin_list>
<bind>
<StgValue><ssdm name="_ssdm_op_BitConcatenate.i17.i7.i10"/></StgValue>
</bind>
</comp>

<comp id="260" class="1001" name="const_260">
<pin_list>
<pin id="261" dir="1" index="0" bw="1" slack="0"/>
</pin_list>
<bind>
<StgValue><ssdm name="_ssdm_op_BitConcatenate.i15.i5.i10"/></StgValue>
</bind>
</comp>

<comp id="262" class="1001" name="const_262">
<pin_list>
<pin id="263" dir="1" index="0" bw="1" slack="0"/>
</pin_list>
<bind>
<StgValue><ssdm name="_ssdm_op_BitConcatenate.i18.i8.i10"/></StgValue>
</bind>
</comp>

<comp id="264" class="1001" name="const_264">
<pin_list>
<pin id="265" dir="1" index="0" bw="1" slack="0"/>
</pin_list>
<bind>
<StgValue><ssdm name="_ssdm_op_BitConcatenate.i14.i4.i10"/></StgValue>
</bind>
</comp>

<comp id="266" class="1004" name="x_offset_read_read_fu_266">
<pin_list>
<pin id="267" dir="0" index="0" bw="4" slack="0"/>
<pin id="268" dir="0" index="1" bw="4" slack="0"/>
<pin id="269" dir="1" index="2" bw="4" slack="0"/>
</pin_list>
<bind>
<opcode="read(1150) " fcode="read"/>
<opset="x_offset_read/1 "/>
</bind>
</comp>

<comp id="272" class="1004" name="p_read_31_read_fu_272">
<pin_list>
<pin id="273" dir="0" index="0" bw="11" slack="0"/>
<pin id="274" dir="0" index="1" bw="11" slack="0"/>
<pin id="275" dir="1" index="2" bw="11" slack="0"/>
</pin_list>
<bind>
<opcode="read(1150) " fcode="read"/>
<opset="p_read_31/80 "/>
</bind>
</comp>

<comp id="278" class="1004" name="p_read32_read_fu_278">
<pin_list>
<pin id="279" dir="0" index="0" bw="11" slack="0"/>
<pin id="280" dir="0" index="1" bw="11" slack="0"/>
<pin id="281" dir="1" index="2" bw="11" slack="0"/>
</pin_list>
<bind>
<opcode="read(1150) " fcode="read"/>
<opset="p_read32/80 "/>
</bind>
</comp>

<comp id="284" class="1004" name="p_read_28_read_fu_284">
<pin_list>
<pin id="285" dir="0" index="0" bw="11" slack="0"/>
<pin id="286" dir="0" index="1" bw="11" slack="0"/>
<pin id="287" dir="1" index="2" bw="11" slack="0"/>
</pin_list>
<bind>
<opcode="read(1150) " fcode="read"/>
<opset="p_read_28/81 "/>
</bind>
</comp>

<comp id="290" class="1004" name="p_read_29_read_fu_290">
<pin_list>
<pin id="291" dir="0" index="0" bw="11" slack="0"/>
<pin id="292" dir="0" index="1" bw="11" slack="0"/>
<pin id="293" dir="1" index="2" bw="11" slack="0"/>
</pin_list>
<bind>
<opcode="read(1150) " fcode="read"/>
<opset="p_read_29/81 "/>
</bind>
</comp>

<comp id="296" class="1004" name="p_read_30_read_fu_296">
<pin_list>
<pin id="297" dir="0" index="0" bw="11" slack="0"/>
<pin id="298" dir="0" index="1" bw="11" slack="0"/>
<pin id="299" dir="1" index="2" bw="11" slack="0"/>
</pin_list>
<bind>
<opcode="read(1150) " fcode="read"/>
<opset="p_read_30/81 "/>
</bind>
</comp>

<comp id="302" class="1004" name="p_read_15_read_fu_302">
<pin_list>
<pin id="303" dir="0" index="0" bw="6" slack="0"/>
<pin id="304" dir="0" index="1" bw="6" slack="0"/>
<pin id="305" dir="1" index="2" bw="6" slack="0"/>
</pin_list>
<bind>
<opcode="read(1150) " fcode="read"/>
<opset="p_read_15/82 "/>
</bind>
</comp>

<comp id="308" class="1004" name="p_read_16_read_fu_308">
<pin_list>
<pin id="309" dir="0" index="0" bw="6" slack="0"/>
<pin id="310" dir="0" index="1" bw="6" slack="0"/>
<pin id="311" dir="1" index="2" bw="6" slack="0"/>
</pin_list>
<bind>
<opcode="read(1150) " fcode="read"/>
<opset="p_read_16/82 "/>
</bind>
</comp>

<comp id="314" class="1004" name="p_read_25_read_fu_314">
<pin_list>
<pin id="315" dir="0" index="0" bw="8" slack="0"/>
<pin id="316" dir="0" index="1" bw="8" slack="0"/>
<pin id="317" dir="1" index="2" bw="8" slack="0"/>
</pin_list>
<bind>
<opcode="read(1150) " fcode="read"/>
<opset="p_read_25/82 "/>
</bind>
</comp>

<comp id="320" class="1004" name="p_read_26_read_fu_320">
<pin_list>
<pin id="321" dir="0" index="0" bw="8" slack="0"/>
<pin id="322" dir="0" index="1" bw="8" slack="0"/>
<pin id="323" dir="1" index="2" bw="8" slack="0"/>
</pin_list>
<bind>
<opcode="read(1150) " fcode="read"/>
<opset="p_read_26/82 "/>
</bind>
</comp>

<comp id="326" class="1004" name="p_read_27_read_fu_326">
<pin_list>
<pin id="327" dir="0" index="0" bw="11" slack="0"/>
<pin id="328" dir="0" index="1" bw="11" slack="0"/>
<pin id="329" dir="1" index="2" bw="11" slack="0"/>
</pin_list>
<bind>
<opcode="read(1150) " fcode="read"/>
<opset="p_read_27/82 "/>
</bind>
</comp>

<comp id="332" class="1004" name="p_read_12_read_fu_332">
<pin_list>
<pin id="333" dir="0" index="0" bw="5" slack="0"/>
<pin id="334" dir="0" index="1" bw="5" slack="0"/>
<pin id="335" dir="1" index="2" bw="5" slack="0"/>
</pin_list>
<bind>
<opcode="read(1150) " fcode="read"/>
<opset="p_read_12/83 "/>
</bind>
</comp>

<comp id="338" class="1004" name="p_read_13_read_fu_338">
<pin_list>
<pin id="339" dir="0" index="0" bw="7" slack="0"/>
<pin id="340" dir="0" index="1" bw="7" slack="0"/>
<pin id="341" dir="1" index="2" bw="7" slack="0"/>
</pin_list>
<bind>
<opcode="read(1150) " fcode="read"/>
<opset="p_read_13/83 "/>
</bind>
</comp>

<comp id="344" class="1004" name="p_read_14_read_fu_344">
<pin_list>
<pin id="345" dir="0" index="0" bw="7" slack="0"/>
<pin id="346" dir="0" index="1" bw="7" slack="0"/>
<pin id="347" dir="1" index="2" bw="7" slack="0"/>
</pin_list>
<bind>
<opcode="read(1150) " fcode="read"/>
<opset="p_read_14/83 "/>
</bind>
</comp>

<comp id="350" class="1004" name="p_read_22_read_fu_350">
<pin_list>
<pin id="351" dir="0" index="0" bw="11" slack="0"/>
<pin id="352" dir="0" index="1" bw="11" slack="0"/>
<pin id="353" dir="1" index="2" bw="11" slack="0"/>
</pin_list>
<bind>
<opcode="read(1150) " fcode="read"/>
<opset="p_read_22/83 "/>
</bind>
</comp>

<comp id="356" class="1004" name="p_read_23_read_fu_356">
<pin_list>
<pin id="357" dir="0" index="0" bw="11" slack="0"/>
<pin id="358" dir="0" index="1" bw="11" slack="0"/>
<pin id="359" dir="1" index="2" bw="11" slack="0"/>
</pin_list>
<bind>
<opcode="read(1150) " fcode="read"/>
<opset="p_read_23/83 "/>
</bind>
</comp>

<comp id="362" class="1004" name="p_read_24_read_fu_362">
<pin_list>
<pin id="363" dir="0" index="0" bw="7" slack="0"/>
<pin id="364" dir="0" index="1" bw="7" slack="0"/>
<pin id="365" dir="1" index="2" bw="7" slack="0"/>
</pin_list>
<bind>
<opcode="read(1150) " fcode="read"/>
<opset="p_read_24/83 "/>
</bind>
</comp>

<comp id="368" class="1004" name="p_read_9_read_fu_368">
<pin_list>
<pin id="369" dir="0" index="0" bw="5" slack="0"/>
<pin id="370" dir="0" index="1" bw="5" slack="0"/>
<pin id="371" dir="1" index="2" bw="5" slack="0"/>
</pin_list>
<bind>
<opcode="read(1150) " fcode="read"/>
<opset="p_read_9/84 "/>
</bind>
</comp>

<comp id="374" class="1004" name="p_read_10_read_fu_374">
<pin_list>
<pin id="375" dir="0" index="0" bw="6" slack="0"/>
<pin id="376" dir="0" index="1" bw="6" slack="0"/>
<pin id="377" dir="1" index="2" bw="6" slack="0"/>
</pin_list>
<bind>
<opcode="read(1150) " fcode="read"/>
<opset="p_read_10/84 "/>
</bind>
</comp>

<comp id="380" class="1004" name="p_read_11_read_fu_380">
<pin_list>
<pin id="381" dir="0" index="0" bw="6" slack="0"/>
<pin id="382" dir="0" index="1" bw="6" slack="0"/>
<pin id="383" dir="1" index="2" bw="6" slack="0"/>
</pin_list>
<bind>
<opcode="read(1150) " fcode="read"/>
<opset="p_read_11/84 "/>
</bind>
</comp>

<comp id="386" class="1004" name="p_read_19_read_fu_386">
<pin_list>
<pin id="387" dir="0" index="0" bw="11" slack="0"/>
<pin id="388" dir="0" index="1" bw="11" slack="0"/>
<pin id="389" dir="1" index="2" bw="11" slack="0"/>
</pin_list>
<bind>
<opcode="read(1150) " fcode="read"/>
<opset="p_read_19/84 "/>
</bind>
</comp>

<comp id="392" class="1004" name="p_read_20_read_fu_392">
<pin_list>
<pin id="393" dir="0" index="0" bw="7" slack="0"/>
<pin id="394" dir="0" index="1" bw="7" slack="0"/>
<pin id="395" dir="1" index="2" bw="7" slack="0"/>
</pin_list>
<bind>
<opcode="read(1150) " fcode="read"/>
<opset="p_read_20/84 "/>
</bind>
</comp>

<comp id="398" class="1004" name="p_read_21_read_fu_398">
<pin_list>
<pin id="399" dir="0" index="0" bw="11" slack="0"/>
<pin id="400" dir="0" index="1" bw="11" slack="0"/>
<pin id="401" dir="1" index="2" bw="11" slack="0"/>
</pin_list>
<bind>
<opcode="read(1150) " fcode="read"/>
<opset="p_read_21/84 "/>
</bind>
</comp>

<comp id="404" class="1004" name="p_read_6_read_fu_404">
<pin_list>
<pin id="405" dir="0" index="0" bw="7" slack="0"/>
<pin id="406" dir="0" index="1" bw="7" slack="0"/>
<pin id="407" dir="1" index="2" bw="7" slack="0"/>
</pin_list>
<bind>
<opcode="read(1150) " fcode="read"/>
<opset="p_read_6/85 "/>
</bind>
</comp>

<comp id="410" class="1004" name="p_read_7_read_fu_410">
<pin_list>
<pin id="411" dir="0" index="0" bw="6" slack="0"/>
<pin id="412" dir="0" index="1" bw="6" slack="0"/>
<pin id="413" dir="1" index="2" bw="6" slack="0"/>
</pin_list>
<bind>
<opcode="read(1150) " fcode="read"/>
<opset="p_read_7/85 "/>
</bind>
</comp>

<comp id="416" class="1004" name="p_read_8_read_fu_416">
<pin_list>
<pin id="417" dir="0" index="0" bw="8" slack="0"/>
<pin id="418" dir="0" index="1" bw="8" slack="0"/>
<pin id="419" dir="1" index="2" bw="8" slack="0"/>
</pin_list>
<bind>
<opcode="read(1150) " fcode="read"/>
<opset="p_read_8/85 "/>
</bind>
</comp>

<comp id="422" class="1004" name="p_read_17_read_fu_422">
<pin_list>
<pin id="423" dir="0" index="0" bw="11" slack="0"/>
<pin id="424" dir="0" index="1" bw="11" slack="0"/>
<pin id="425" dir="1" index="2" bw="11" slack="0"/>
</pin_list>
<bind>
<opcode="read(1150) " fcode="read"/>
<opset="p_read_17/85 "/>
</bind>
</comp>

<comp id="428" class="1004" name="p_read_18_read_fu_428">
<pin_list>
<pin id="429" dir="0" index="0" bw="11" slack="0"/>
<pin id="430" dir="0" index="1" bw="11" slack="0"/>
<pin id="431" dir="1" index="2" bw="11" slack="0"/>
</pin_list>
<bind>
<opcode="read(1150) " fcode="read"/>
<opset="p_read_18/85 "/>
</bind>
</comp>

<comp id="434" class="1004" name="p_read_3_read_fu_434">
<pin_list>
<pin id="435" dir="0" index="0" bw="5" slack="0"/>
<pin id="436" dir="0" index="1" bw="5" slack="0"/>
<pin id="437" dir="1" index="2" bw="5" slack="0"/>
</pin_list>
<bind>
<opcode="read(1150) " fcode="read"/>
<opset="p_read_3/86 "/>
</bind>
</comp>

<comp id="440" class="1004" name="p_read_4_read_fu_440">
<pin_list>
<pin id="441" dir="0" index="0" bw="6" slack="0"/>
<pin id="442" dir="0" index="1" bw="6" slack="0"/>
<pin id="443" dir="1" index="2" bw="6" slack="0"/>
</pin_list>
<bind>
<opcode="read(1150) " fcode="read"/>
<opset="p_read_4/86 "/>
</bind>
</comp>

<comp id="446" class="1004" name="p_read_5_read_fu_446">
<pin_list>
<pin id="447" dir="0" index="0" bw="4" slack="0"/>
<pin id="448" dir="0" index="1" bw="4" slack="0"/>
<pin id="449" dir="1" index="2" bw="4" slack="0"/>
</pin_list>
<bind>
<opcode="read(1150) " fcode="read"/>
<opset="p_read_5/86 "/>
</bind>
</comp>

<comp id="452" class="1004" name="p_read_1_read_fu_452">
<pin_list>
<pin id="453" dir="0" index="0" bw="8" slack="0"/>
<pin id="454" dir="0" index="1" bw="8" slack="0"/>
<pin id="455" dir="1" index="2" bw="8" slack="0"/>
</pin_list>
<bind>
<opcode="read(1150) " fcode="read"/>
<opset="p_read_1/87 "/>
</bind>
</comp>

<comp id="458" class="1004" name="p_read_2_read_fu_458">
<pin_list>
<pin id="459" dir="0" index="0" bw="7" slack="0"/>
<pin id="460" dir="0" index="1" bw="7" slack="0"/>
<pin id="461" dir="1" index="2" bw="7" slack="0"/>
</pin_list>
<bind>
<opcode="read(1150) " fcode="read"/>
<opset="p_read_2/87 "/>
</bind>
</comp>

<comp id="464" class="1004" name="x_addr_gep_fu_464">
<pin_list>
<pin id="465" dir="0" index="0" bw="16" slack="0"/>
<pin id="466" dir="0" index="1" bw="1" slack="0"/>
<pin id="467" dir="0" index="2" bw="8" slack="0"/>
<pin id="468" dir="1" index="3" bw="8" slack="0"/>
</pin_list>
<bind>
<opcode="getelementptr(29) " fcode="getelementptr"/>
<opset="x_addr/1 "/>
</bind>
</comp>

<comp id="471" class="1004" name="x_addr_1_gep_fu_471">
<pin_list>
<pin id="472" dir="0" index="0" bw="16" slack="0"/>
<pin id="473" dir="0" index="1" bw="1" slack="0"/>
<pin id="474" dir="0" index="2" bw="8" slack="0"/>
<pin id="475" dir="1" index="3" bw="8" slack="0"/>
</pin_list>
<bind>
<opcode="getelementptr(29) " fcode="getelementptr"/>
<opset="x_addr_1/1 "/>
</bind>
</comp>

<comp id="478" class="1004" name="grp_access_fu_478">
<pin_list>
<pin id="479" dir="0" index="0" bw="8" slack="0"/>
<pin id="480" dir="0" index="1" bw="16" slack="0"/>
<pin id="481" dir="0" index="2" bw="0" slack="0"/>
<pin id="483" dir="0" index="4" bw="8" slack="0"/>
<pin id="484" dir="0" index="5" bw="16" slack="2147483647"/>
<pin id="485" dir="0" index="6" bw="0" slack="2147483647"/>
<pin id="482" dir="1" index="3" bw="16" slack="1"/>
<pin id="486" dir="1" index="7" bw="16" slack="1"/>
</pin_list>
<bind>
<opcode="load(27) store(28) " fcode="store"/>
<opset="x_load/1 x_load_1/1 x_load_2/2 x_load_3/2 x_load_4/3 x_load_5/3 x_load_6/4 x_load_7/4 x_load_8/5 x_load_9/5 x_load_10/6 x_load_11/6 x_load_12/7 x_load_13/7 x_load_14/8 x_load_15/8 store_ln49/83 store_ln49/83 store_ln49/84 store_ln49/84 store_ln49/85 store_ln49/85 store_ln49/86 store_ln49/86 store_ln49/87 store_ln49/87 store_ln49/88 store_ln49/88 store_ln49/89 store_ln49/89 store_ln49/90 store_ln49/90 "/>
</bind>
</comp>

<comp id="489" class="1004" name="x_addr_2_gep_fu_489">
<pin_list>
<pin id="490" dir="0" index="0" bw="16" slack="0"/>
<pin id="491" dir="0" index="1" bw="1" slack="0"/>
<pin id="492" dir="0" index="2" bw="8" slack="0"/>
<pin id="493" dir="1" index="3" bw="8" slack="0"/>
</pin_list>
<bind>
<opcode="getelementptr(29) " fcode="getelementptr"/>
<opset="x_addr_2/2 "/>
</bind>
</comp>

<comp id="496" class="1004" name="x_addr_3_gep_fu_496">
<pin_list>
<pin id="497" dir="0" index="0" bw="16" slack="0"/>
<pin id="498" dir="0" index="1" bw="1" slack="0"/>
<pin id="499" dir="0" index="2" bw="8" slack="0"/>
<pin id="500" dir="1" index="3" bw="8" slack="0"/>
</pin_list>
<bind>
<opcode="getelementptr(29) " fcode="getelementptr"/>
<opset="x_addr_3/2 "/>
</bind>
</comp>

<comp id="505" class="1004" name="x_addr_4_gep_fu_505">
<pin_list>
<pin id="506" dir="0" index="0" bw="16" slack="0"/>
<pin id="507" dir="0" index="1" bw="1" slack="0"/>
<pin id="508" dir="0" index="2" bw="8" slack="0"/>
<pin id="509" dir="1" index="3" bw="8" slack="0"/>
</pin_list>
<bind>
<opcode="getelementptr(29) " fcode="getelementptr"/>
<opset="x_addr_4/3 "/>
</bind>
</comp>

<comp id="512" class="1004" name="x_addr_5_gep_fu_512">
<pin_list>
<pin id="513" dir="0" index="0" bw="16" slack="0"/>
<pin id="514" dir="0" index="1" bw="1" slack="0"/>
<pin id="515" dir="0" index="2" bw="8" slack="0"/>
<pin id="516" dir="1" index="3" bw="8" slack="0"/>
</pin_list>
<bind>
<opcode="getelementptr(29) " fcode="getelementptr"/>
<opset="x_addr_5/3 "/>
</bind>
</comp>

<comp id="521" class="1004" name="x_addr_6_gep_fu_521">
<pin_list>
<pin id="522" dir="0" index="0" bw="16" slack="0"/>
<pin id="523" dir="0" index="1" bw="1" slack="0"/>
<pin id="524" dir="0" index="2" bw="8" slack="0"/>
<pin id="525" dir="1" index="3" bw="8" slack="0"/>
</pin_list>
<bind>
<opcode="getelementptr(29) " fcode="getelementptr"/>
<opset="x_addr_6/4 "/>
</bind>
</comp>

<comp id="528" class="1004" name="x_addr_7_gep_fu_528">
<pin_list>
<pin id="529" dir="0" index="0" bw="16" slack="0"/>
<pin id="530" dir="0" index="1" bw="1" slack="0"/>
<pin id="531" dir="0" index="2" bw="8" slack="0"/>
<pin id="532" dir="1" index="3" bw="8" slack="0"/>
</pin_list>
<bind>
<opcode="getelementptr(29) " fcode="getelementptr"/>
<opset="x_addr_7/4 "/>
</bind>
</comp>

<comp id="537" class="1004" name="x_addr_8_gep_fu_537">
<pin_list>
<pin id="538" dir="0" index="0" bw="16" slack="0"/>
<pin id="539" dir="0" index="1" bw="1" slack="0"/>
<pin id="540" dir="0" index="2" bw="8" slack="0"/>
<pin id="541" dir="1" index="3" bw="8" slack="0"/>
</pin_list>
<bind>
<opcode="getelementptr(29) " fcode="getelementptr"/>
<opset="x_addr_8/5 "/>
</bind>
</comp>

<comp id="544" class="1004" name="x_addr_9_gep_fu_544">
<pin_list>
<pin id="545" dir="0" index="0" bw="16" slack="0"/>
<pin id="546" dir="0" index="1" bw="1" slack="0"/>
<pin id="547" dir="0" index="2" bw="8" slack="0"/>
<pin id="548" dir="1" index="3" bw="8" slack="0"/>
</pin_list>
<bind>
<opcode="getelementptr(29) " fcode="getelementptr"/>
<opset="x_addr_9/5 "/>
</bind>
</comp>

<comp id="553" class="1004" name="x_addr_10_gep_fu_553">
<pin_list>
<pin id="554" dir="0" index="0" bw="16" slack="0"/>
<pin id="555" dir="0" index="1" bw="1" slack="0"/>
<pin id="556" dir="0" index="2" bw="8" slack="0"/>
<pin id="557" dir="1" index="3" bw="8" slack="0"/>
</pin_list>
<bind>
<opcode="getelementptr(29) " fcode="getelementptr"/>
<opset="x_addr_10/6 "/>
</bind>
</comp>

<comp id="560" class="1004" name="x_addr_11_gep_fu_560">
<pin_list>
<pin id="561" dir="0" index="0" bw="16" slack="0"/>
<pin id="562" dir="0" index="1" bw="1" slack="0"/>
<pin id="563" dir="0" index="2" bw="8" slack="0"/>
<pin id="564" dir="1" index="3" bw="8" slack="0"/>
</pin_list>
<bind>
<opcode="getelementptr(29) " fcode="getelementptr"/>
<opset="x_addr_11/6 "/>
</bind>
</comp>

<comp id="569" class="1004" name="x_addr_12_gep_fu_569">
<pin_list>
<pin id="570" dir="0" index="0" bw="16" slack="0"/>
<pin id="571" dir="0" index="1" bw="1" slack="0"/>
<pin id="572" dir="0" index="2" bw="8" slack="0"/>
<pin id="573" dir="1" index="3" bw="8" slack="0"/>
</pin_list>
<bind>
<opcode="getelementptr(29) " fcode="getelementptr"/>
<opset="x_addr_12/7 "/>
</bind>
</comp>

<comp id="576" class="1004" name="x_addr_13_gep_fu_576">
<pin_list>
<pin id="577" dir="0" index="0" bw="16" slack="0"/>
<pin id="578" dir="0" index="1" bw="1" slack="0"/>
<pin id="579" dir="0" index="2" bw="8" slack="0"/>
<pin id="580" dir="1" index="3" bw="8" slack="0"/>
</pin_list>
<bind>
<opcode="getelementptr(29) " fcode="getelementptr"/>
<opset="x_addr_13/7 "/>
</bind>
</comp>

<comp id="585" class="1004" name="x_addr_14_gep_fu_585">
<pin_list>
<pin id="586" dir="0" index="0" bw="16" slack="0"/>
<pin id="587" dir="0" index="1" bw="1" slack="0"/>
<pin id="588" dir="0" index="2" bw="8" slack="0"/>
<pin id="589" dir="1" index="3" bw="8" slack="0"/>
</pin_list>
<bind>
<opcode="getelementptr(29) " fcode="getelementptr"/>
<opset="x_addr_14/8 "/>
</bind>
</comp>

<comp id="592" class="1004" name="x_addr_15_gep_fu_592">
<pin_list>
<pin id="593" dir="0" index="0" bw="16" slack="0"/>
<pin id="594" dir="0" index="1" bw="1" slack="0"/>
<pin id="595" dir="0" index="2" bw="8" slack="0"/>
<pin id="596" dir="1" index="3" bw="8" slack="0"/>
</pin_list>
<bind>
<opcode="getelementptr(29) " fcode="getelementptr"/>
<opset="x_addr_15/8 "/>
</bind>
</comp>

<comp id="601" class="1004" name="grp_fu_601">
<pin_list>
<pin id="602" dir="0" index="0" bw="32" slack="0"/>
<pin id="603" dir="0" index="1" bw="32" slack="0"/>
<pin id="604" dir="1" index="2" bw="32" slack="1"/>
</pin_list>
<bind>
<opcode="fadd(9) " fcode="fadd"/>
<opset="phitmp/36 "/>
</bind>
</comp>

<comp id="606" class="1004" name="grp_fu_606">
<pin_list>
<pin id="607" dir="0" index="0" bw="32" slack="0"/>
<pin id="608" dir="0" index="1" bw="32" slack="1"/>
<pin id="609" dir="1" index="2" bw="32" slack="1"/>
</pin_list>
<bind>
<opcode="fdiv(16) " fcode="fdiv"/>
<opset="d_assign/57 "/>
</bind>
</comp>

<comp id="611" class="1004" name="grp_fu_611">
<pin_list>
<pin id="612" dir="0" index="0" bw="32" slack="1"/>
<pin id="613" dir="1" index="1" bw="64" slack="0"/>
</pin_list>
<bind>
<opcode="fpext(41) " fcode="fpext"/>
<opset="d/73 "/>
</bind>
</comp>

<comp id="614" class="1004" name="grp_fu_614">
<pin_list>
<pin id="615" dir="0" index="0" bw="32" slack="0"/>
<pin id="616" dir="0" index="1" bw="32" slack="0"/>
<pin id="617" dir="1" index="2" bw="32" slack="1"/>
</pin_list>
<bind>
<opcode="fsqrt(503) " fcode="fsqrt"/>
<opset="tmp/41 "/>
</bind>
</comp>

<comp id="619" class="1004" name="tmp_s_fu_619">
<pin_list>
<pin id="620" dir="0" index="0" bw="8" slack="0"/>
<pin id="621" dir="0" index="1" bw="4" slack="0"/>
<pin id="622" dir="0" index="2" bw="1" slack="0"/>
<pin id="623" dir="1" index="3" bw="8" slack="0"/>
</pin_list>
<bind>
<opcode="bitconcatenate(1004) " fcode="bitconcatenate"/>
<opset="tmp_s/1 "/>
</bind>
</comp>

<comp id="627" class="1004" name="zext_ln837_fu_627">
<pin_list>
<pin id="628" dir="0" index="0" bw="8" slack="0"/>
<pin id="629" dir="1" index="1" bw="64" slack="0"/>
</pin_list>
<bind>
<opcode="zext(34) " fcode="zext"/>
<opset="zext_ln837/1 "/>
</bind>
</comp>

<comp id="632" class="1004" name="or_ln837_fu_632">
<pin_list>
<pin id="633" dir="0" index="0" bw="8" slack="0"/>
<pin id="634" dir="0" index="1" bw="1" slack="0"/>
<pin id="635" dir="1" index="2" bw="8" slack="0"/>
</pin_list>
<bind>
<opcode="or(24) " fcode="or"/>
<opset="or_ln837/1 "/>
</bind>
</comp>

<comp id="638" class="1004" name="zext_ln837_13_fu_638">
<pin_list>
<pin id="639" dir="0" index="0" bw="8" slack="0"/>
<pin id="640" dir="1" index="1" bw="64" slack="0"/>
</pin_list>
<bind>
<opcode="zext(34) " fcode="zext"/>
<opset="zext_ln837_13/1 "/>
</bind>
</comp>

<comp id="643" class="1004" name="or_ln837_1_fu_643">
<pin_list>
<pin id="644" dir="0" index="0" bw="8" slack="1"/>
<pin id="645" dir="0" index="1" bw="3" slack="0"/>
<pin id="646" dir="1" index="2" bw="8" slack="0"/>
</pin_list>
<bind>
<opcode="or(24) " fcode="or"/>
<opset="or_ln837_1/2 "/>
</bind>
</comp>

<comp id="648" class="1004" name="zext_ln837_14_fu_648">
<pin_list>
<pin id="649" dir="0" index="0" bw="8" slack="0"/>
<pin id="650" dir="1" index="1" bw="64" slack="0"/>
</pin_list>
<bind>
<opcode="zext(34) " fcode="zext"/>
<opset="zext_ln837_14/2 "/>
</bind>
</comp>

<comp id="653" class="1004" name="or_ln837_2_fu_653">
<pin_list>
<pin id="654" dir="0" index="0" bw="8" slack="1"/>
<pin id="655" dir="0" index="1" bw="3" slack="0"/>
<pin id="656" dir="1" index="2" bw="8" slack="0"/>
</pin_list>
<bind>
<opcode="or(24) " fcode="or"/>
<opset="or_ln837_2/2 "/>
</bind>
</comp>

<comp id="658" class="1004" name="zext_ln837_15_fu_658">
<pin_list>
<pin id="659" dir="0" index="0" bw="8" slack="0"/>
<pin id="660" dir="1" index="1" bw="64" slack="0"/>
</pin_list>
<bind>
<opcode="zext(34) " fcode="zext"/>
<opset="zext_ln837_15/2 "/>
</bind>
</comp>

<comp id="663" class="1004" name="or_ln837_3_fu_663">
<pin_list>
<pin id="664" dir="0" index="0" bw="8" slack="2"/>
<pin id="665" dir="0" index="1" bw="4" slack="0"/>
<pin id="666" dir="1" index="2" bw="8" slack="0"/>
</pin_list>
<bind>
<opcode="or(24) " fcode="or"/>
<opset="or_ln837_3/3 "/>
</bind>
</comp>

<comp id="668" class="1004" name="zext_ln837_16_fu_668">
<pin_list>
<pin id="669" dir="0" index="0" bw="8" slack="0"/>
<pin id="670" dir="1" index="1" bw="64" slack="0"/>
</pin_list>
<bind>
<opcode="zext(34) " fcode="zext"/>
<opset="zext_ln837_16/3 "/>
</bind>
</comp>

<comp id="673" class="1004" name="or_ln837_4_fu_673">
<pin_list>
<pin id="674" dir="0" index="0" bw="8" slack="2"/>
<pin id="675" dir="0" index="1" bw="4" slack="0"/>
<pin id="676" dir="1" index="2" bw="8" slack="0"/>
</pin_list>
<bind>
<opcode="or(24) " fcode="or"/>
<opset="or_ln837_4/3 "/>
</bind>
</comp>

<comp id="678" class="1004" name="zext_ln837_17_fu_678">
<pin_list>
<pin id="679" dir="0" index="0" bw="8" slack="0"/>
<pin id="680" dir="1" index="1" bw="64" slack="0"/>
</pin_list>
<bind>
<opcode="zext(34) " fcode="zext"/>
<opset="zext_ln837_17/3 "/>
</bind>
</comp>

<comp id="683" class="1004" name="or_ln837_5_fu_683">
<pin_list>
<pin id="684" dir="0" index="0" bw="8" slack="3"/>
<pin id="685" dir="0" index="1" bw="4" slack="0"/>
<pin id="686" dir="1" index="2" bw="8" slack="0"/>
</pin_list>
<bind>
<opcode="or(24) " fcode="or"/>
<opset="or_ln837_5/4 "/>
</bind>
</comp>

<comp id="688" class="1004" name="zext_ln837_18_fu_688">
<pin_list>
<pin id="689" dir="0" index="0" bw="8" slack="0"/>
<pin id="690" dir="1" index="1" bw="64" slack="0"/>
</pin_list>
<bind>
<opcode="zext(34) " fcode="zext"/>
<opset="zext_ln837_18/4 "/>
</bind>
</comp>

<comp id="693" class="1004" name="or_ln837_6_fu_693">
<pin_list>
<pin id="694" dir="0" index="0" bw="8" slack="3"/>
<pin id="695" dir="0" index="1" bw="4" slack="0"/>
<pin id="696" dir="1" index="2" bw="8" slack="0"/>
</pin_list>
<bind>
<opcode="or(24) " fcode="or"/>
<opset="or_ln837_6/4 "/>
</bind>
</comp>

<comp id="698" class="1004" name="zext_ln837_19_fu_698">
<pin_list>
<pin id="699" dir="0" index="0" bw="8" slack="0"/>
<pin id="700" dir="1" index="1" bw="64" slack="0"/>
</pin_list>
<bind>
<opcode="zext(34) " fcode="zext"/>
<opset="zext_ln837_19/4 "/>
</bind>
</comp>

<comp id="703" class="1004" name="or_ln837_7_fu_703">
<pin_list>
<pin id="704" dir="0" index="0" bw="8" slack="4"/>
<pin id="705" dir="0" index="1" bw="5" slack="0"/>
<pin id="706" dir="1" index="2" bw="8" slack="0"/>
</pin_list>
<bind>
<opcode="or(24) " fcode="or"/>
<opset="or_ln837_7/5 "/>
</bind>
</comp>

<comp id="708" class="1004" name="zext_ln837_20_fu_708">
<pin_list>
<pin id="709" dir="0" index="0" bw="8" slack="0"/>
<pin id="710" dir="1" index="1" bw="64" slack="0"/>
</pin_list>
<bind>
<opcode="zext(34) " fcode="zext"/>
<opset="zext_ln837_20/5 "/>
</bind>
</comp>

<comp id="713" class="1004" name="or_ln837_8_fu_713">
<pin_list>
<pin id="714" dir="0" index="0" bw="8" slack="4"/>
<pin id="715" dir="0" index="1" bw="5" slack="0"/>
<pin id="716" dir="1" index="2" bw="8" slack="0"/>
</pin_list>
<bind>
<opcode="or(24) " fcode="or"/>
<opset="or_ln837_8/5 "/>
</bind>
</comp>

<comp id="718" class="1004" name="zext_ln837_21_fu_718">
<pin_list>
<pin id="719" dir="0" index="0" bw="8" slack="0"/>
<pin id="720" dir="1" index="1" bw="64" slack="0"/>
</pin_list>
<bind>
<opcode="zext(34) " fcode="zext"/>
<opset="zext_ln837_21/5 "/>
</bind>
</comp>

<comp id="723" class="1004" name="or_ln837_9_fu_723">
<pin_list>
<pin id="724" dir="0" index="0" bw="8" slack="5"/>
<pin id="725" dir="0" index="1" bw="5" slack="0"/>
<pin id="726" dir="1" index="2" bw="8" slack="0"/>
</pin_list>
<bind>
<opcode="or(24) " fcode="or"/>
<opset="or_ln837_9/6 "/>
</bind>
</comp>

<comp id="728" class="1004" name="zext_ln837_22_fu_728">
<pin_list>
<pin id="729" dir="0" index="0" bw="8" slack="0"/>
<pin id="730" dir="1" index="1" bw="64" slack="0"/>
</pin_list>
<bind>
<opcode="zext(34) " fcode="zext"/>
<opset="zext_ln837_22/6 "/>
</bind>
</comp>

<comp id="733" class="1004" name="or_ln837_10_fu_733">
<pin_list>
<pin id="734" dir="0" index="0" bw="8" slack="5"/>
<pin id="735" dir="0" index="1" bw="5" slack="0"/>
<pin id="736" dir="1" index="2" bw="8" slack="0"/>
</pin_list>
<bind>
<opcode="or(24) " fcode="or"/>
<opset="or_ln837_10/6 "/>
</bind>
</comp>

<comp id="738" class="1004" name="zext_ln837_23_fu_738">
<pin_list>
<pin id="739" dir="0" index="0" bw="8" slack="0"/>
<pin id="740" dir="1" index="1" bw="64" slack="0"/>
</pin_list>
<bind>
<opcode="zext(34) " fcode="zext"/>
<opset="zext_ln837_23/6 "/>
</bind>
</comp>

<comp id="743" class="1004" name="or_ln837_11_fu_743">
<pin_list>
<pin id="744" dir="0" index="0" bw="8" slack="6"/>
<pin id="745" dir="0" index="1" bw="5" slack="0"/>
<pin id="746" dir="1" index="2" bw="8" slack="0"/>
</pin_list>
<bind>
<opcode="or(24) " fcode="or"/>
<opset="or_ln837_11/7 "/>
</bind>
</comp>

<comp id="748" class="1004" name="zext_ln837_24_fu_748">
<pin_list>
<pin id="749" dir="0" index="0" bw="8" slack="0"/>
<pin id="750" dir="1" index="1" bw="64" slack="0"/>
</pin_list>
<bind>
<opcode="zext(34) " fcode="zext"/>
<opset="zext_ln837_24/7 "/>
</bind>
</comp>

<comp id="753" class="1004" name="or_ln837_12_fu_753">
<pin_list>
<pin id="754" dir="0" index="0" bw="8" slack="6"/>
<pin id="755" dir="0" index="1" bw="5" slack="0"/>
<pin id="756" dir="1" index="2" bw="8" slack="0"/>
</pin_list>
<bind>
<opcode="or(24) " fcode="or"/>
<opset="or_ln837_12/7 "/>
</bind>
</comp>

<comp id="758" class="1004" name="zext_ln837_25_fu_758">
<pin_list>
<pin id="759" dir="0" index="0" bw="8" slack="0"/>
<pin id="760" dir="1" index="1" bw="64" slack="0"/>
</pin_list>
<bind>
<opcode="zext(34) " fcode="zext"/>
<opset="zext_ln837_25/7 "/>
</bind>
</comp>

<comp id="763" class="1004" name="or_ln837_13_fu_763">
<pin_list>
<pin id="764" dir="0" index="0" bw="8" slack="7"/>
<pin id="765" dir="0" index="1" bw="5" slack="0"/>
<pin id="766" dir="1" index="2" bw="8" slack="0"/>
</pin_list>
<bind>
<opcode="or(24) " fcode="or"/>
<opset="or_ln837_13/8 "/>
</bind>
</comp>

<comp id="768" class="1004" name="zext_ln837_26_fu_768">
<pin_list>
<pin id="769" dir="0" index="0" bw="8" slack="0"/>
<pin id="770" dir="1" index="1" bw="64" slack="0"/>
</pin_list>
<bind>
<opcode="zext(34) " fcode="zext"/>
<opset="zext_ln837_26/8 "/>
</bind>
</comp>

<comp id="773" class="1004" name="or_ln837_14_fu_773">
<pin_list>
<pin id="774" dir="0" index="0" bw="8" slack="7"/>
<pin id="775" dir="0" index="1" bw="5" slack="0"/>
<pin id="776" dir="1" index="2" bw="8" slack="0"/>
</pin_list>
<bind>
<opcode="or(24) " fcode="or"/>
<opset="or_ln837_14/8 "/>
</bind>
</comp>

<comp id="778" class="1004" name="zext_ln837_27_fu_778">
<pin_list>
<pin id="779" dir="0" index="0" bw="8" slack="0"/>
<pin id="780" dir="1" index="1" bw="64" slack="0"/>
</pin_list>
<bind>
<opcode="zext(34) " fcode="zext"/>
<opset="zext_ln837_27/8 "/>
</bind>
</comp>

<comp id="783" class="1004" name="shl_ln_fu_783">
<pin_list>
<pin id="784" dir="0" index="0" bw="20" slack="0"/>
<pin id="785" dir="0" index="1" bw="16" slack="8"/>
<pin id="786" dir="0" index="2" bw="1" slack="0"/>
<pin id="787" dir="1" index="3" bw="20" slack="0"/>
</pin_list>
<bind>
<opcode="bitconcatenate(1004) " fcode="bitconcatenate"/>
<opset="shl_ln/10 "/>
</bind>
</comp>

<comp id="790" class="1004" name="sext_ln837_fu_790">
<pin_list>
<pin id="791" dir="0" index="0" bw="20" slack="0"/>
<pin id="792" dir="1" index="1" bw="21" slack="0"/>
</pin_list>
<bind>
<opcode="sext(35) " fcode="sext"/>
<opset="sext_ln837/10 "/>
</bind>
</comp>

<comp id="794" class="1004" name="shl_ln813_1_fu_794">
<pin_list>
<pin id="795" dir="0" index="0" bw="20" slack="0"/>
<pin id="796" dir="0" index="1" bw="16" slack="8"/>
<pin id="797" dir="0" index="2" bw="1" slack="0"/>
<pin id="798" dir="1" index="3" bw="20" slack="0"/>
</pin_list>
<bind>
<opcode="bitconcatenate(1004) " fcode="bitconcatenate"/>
<opset="shl_ln813_1/10 "/>
</bind>
</comp>

<comp id="801" class="1004" name="sext_ln837_1_fu_801">
<pin_list>
<pin id="802" dir="0" index="0" bw="20" slack="0"/>
<pin id="803" dir="1" index="1" bw="21" slack="0"/>
</pin_list>
<bind>
<opcode="sext(35) " fcode="sext"/>
<opset="sext_ln837_1/10 "/>
</bind>
</comp>

<comp id="805" class="1004" name="shl_ln813_2_fu_805">
<pin_list>
<pin id="806" dir="0" index="0" bw="20" slack="0"/>
<pin id="807" dir="0" index="1" bw="16" slack="7"/>
<pin id="808" dir="0" index="2" bw="1" slack="0"/>
<pin id="809" dir="1" index="3" bw="20" slack="0"/>
</pin_list>
<bind>
<opcode="bitconcatenate(1004) " fcode="bitconcatenate"/>
<opset="shl_ln813_2/10 "/>
</bind>
</comp>

<comp id="812" class="1004" name="sext_ln837_2_fu_812">
<pin_list>
<pin id="813" dir="0" index="0" bw="20" slack="0"/>
<pin id="814" dir="1" index="1" bw="21" slack="0"/>
</pin_list>
<bind>
<opcode="sext(35) " fcode="sext"/>
<opset="sext_ln837_2/10 "/>
</bind>
</comp>

<comp id="816" class="1004" name="shl_ln813_3_fu_816">
<pin_list>
<pin id="817" dir="0" index="0" bw="20" slack="0"/>
<pin id="818" dir="0" index="1" bw="16" slack="7"/>
<pin id="819" dir="0" index="2" bw="1" slack="0"/>
<pin id="820" dir="1" index="3" bw="20" slack="0"/>
</pin_list>
<bind>
<opcode="bitconcatenate(1004) " fcode="bitconcatenate"/>
<opset="shl_ln813_3/10 "/>
</bind>
</comp>

<comp id="823" class="1004" name="sext_ln837_3_fu_823">
<pin_list>
<pin id="824" dir="0" index="0" bw="20" slack="0"/>
<pin id="825" dir="1" index="1" bw="21" slack="0"/>
</pin_list>
<bind>
<opcode="sext(35) " fcode="sext"/>
<opset="sext_ln837_3/10 "/>
</bind>
</comp>

<comp id="827" class="1004" name="shl_ln813_4_fu_827">
<pin_list>
<pin id="828" dir="0" index="0" bw="20" slack="0"/>
<pin id="829" dir="0" index="1" bw="16" slack="6"/>
<pin id="830" dir="0" index="2" bw="1" slack="0"/>
<pin id="831" dir="1" index="3" bw="20" slack="0"/>
</pin_list>
<bind>
<opcode="bitconcatenate(1004) " fcode="bitconcatenate"/>
<opset="shl_ln813_4/10 "/>
</bind>
</comp>

<comp id="834" class="1004" name="sext_ln837_4_fu_834">
<pin_list>
<pin id="835" dir="0" index="0" bw="20" slack="0"/>
<pin id="836" dir="1" index="1" bw="21" slack="0"/>
</pin_list>
<bind>
<opcode="sext(35) " fcode="sext"/>
<opset="sext_ln837_4/10 "/>
</bind>
</comp>

<comp id="838" class="1004" name="shl_ln813_5_fu_838">
<pin_list>
<pin id="839" dir="0" index="0" bw="20" slack="0"/>
<pin id="840" dir="0" index="1" bw="16" slack="6"/>
<pin id="841" dir="0" index="2" bw="1" slack="0"/>
<pin id="842" dir="1" index="3" bw="20" slack="0"/>
</pin_list>
<bind>
<opcode="bitconcatenate(1004) " fcode="bitconcatenate"/>
<opset="shl_ln813_5/10 "/>
</bind>
</comp>

<comp id="845" class="1004" name="sext_ln837_5_fu_845">
<pin_list>
<pin id="846" dir="0" index="0" bw="20" slack="0"/>
<pin id="847" dir="1" index="1" bw="21" slack="0"/>
</pin_list>
<bind>
<opcode="sext(35) " fcode="sext"/>
<opset="sext_ln837_5/10 "/>
</bind>
</comp>

<comp id="849" class="1004" name="shl_ln813_6_fu_849">
<pin_list>
<pin id="850" dir="0" index="0" bw="20" slack="0"/>
<pin id="851" dir="0" index="1" bw="16" slack="5"/>
<pin id="852" dir="0" index="2" bw="1" slack="0"/>
<pin id="853" dir="1" index="3" bw="20" slack="0"/>
</pin_list>
<bind>
<opcode="bitconcatenate(1004) " fcode="bitconcatenate"/>
<opset="shl_ln813_6/10 "/>
</bind>
</comp>

<comp id="856" class="1004" name="sext_ln837_6_fu_856">
<pin_list>
<pin id="857" dir="0" index="0" bw="20" slack="0"/>
<pin id="858" dir="1" index="1" bw="21" slack="0"/>
</pin_list>
<bind>
<opcode="sext(35) " fcode="sext"/>
<opset="sext_ln837_6/10 "/>
</bind>
</comp>

<comp id="860" class="1004" name="shl_ln813_7_fu_860">
<pin_list>
<pin id="861" dir="0" index="0" bw="20" slack="0"/>
<pin id="862" dir="0" index="1" bw="16" slack="5"/>
<pin id="863" dir="0" index="2" bw="1" slack="0"/>
<pin id="864" dir="1" index="3" bw="20" slack="0"/>
</pin_list>
<bind>
<opcode="bitconcatenate(1004) " fcode="bitconcatenate"/>
<opset="shl_ln813_7/10 "/>
</bind>
</comp>

<comp id="867" class="1004" name="sext_ln837_7_fu_867">
<pin_list>
<pin id="868" dir="0" index="0" bw="20" slack="0"/>
<pin id="869" dir="1" index="1" bw="21" slack="0"/>
</pin_list>
<bind>
<opcode="sext(35) " fcode="sext"/>
<opset="sext_ln837_7/10 "/>
</bind>
</comp>

<comp id="871" class="1004" name="shl_ln813_8_fu_871">
<pin_list>
<pin id="872" dir="0" index="0" bw="20" slack="0"/>
<pin id="873" dir="0" index="1" bw="16" slack="4"/>
<pin id="874" dir="0" index="2" bw="1" slack="0"/>
<pin id="875" dir="1" index="3" bw="20" slack="0"/>
</pin_list>
<bind>
<opcode="bitconcatenate(1004) " fcode="bitconcatenate"/>
<opset="shl_ln813_8/10 "/>
</bind>
</comp>

<comp id="878" class="1004" name="sext_ln837_8_fu_878">
<pin_list>
<pin id="879" dir="0" index="0" bw="20" slack="0"/>
<pin id="880" dir="1" index="1" bw="21" slack="0"/>
</pin_list>
<bind>
<opcode="sext(35) " fcode="sext"/>
<opset="sext_ln837_8/10 "/>
</bind>
</comp>

<comp id="882" class="1004" name="shl_ln813_9_fu_882">
<pin_list>
<pin id="883" dir="0" index="0" bw="20" slack="0"/>
<pin id="884" dir="0" index="1" bw="16" slack="4"/>
<pin id="885" dir="0" index="2" bw="1" slack="0"/>
<pin id="886" dir="1" index="3" bw="20" slack="0"/>
</pin_list>
<bind>
<opcode="bitconcatenate(1004) " fcode="bitconcatenate"/>
<opset="shl_ln813_9/10 "/>
</bind>
</comp>

<comp id="889" class="1004" name="sext_ln837_9_fu_889">
<pin_list>
<pin id="890" dir="0" index="0" bw="20" slack="0"/>
<pin id="891" dir="1" index="1" bw="21" slack="0"/>
</pin_list>
<bind>
<opcode="sext(35) " fcode="sext"/>
<opset="sext_ln837_9/10 "/>
</bind>
</comp>

<comp id="893" class="1004" name="shl_ln813_s_fu_893">
<pin_list>
<pin id="894" dir="0" index="0" bw="20" slack="0"/>
<pin id="895" dir="0" index="1" bw="16" slack="3"/>
<pin id="896" dir="0" index="2" bw="1" slack="0"/>
<pin id="897" dir="1" index="3" bw="20" slack="0"/>
</pin_list>
<bind>
<opcode="bitconcatenate(1004) " fcode="bitconcatenate"/>
<opset="shl_ln813_s/10 "/>
</bind>
</comp>

<comp id="900" class="1004" name="sext_ln837_10_fu_900">
<pin_list>
<pin id="901" dir="0" index="0" bw="20" slack="0"/>
<pin id="902" dir="1" index="1" bw="21" slack="0"/>
</pin_list>
<bind>
<opcode="sext(35) " fcode="sext"/>
<opset="sext_ln837_10/10 "/>
</bind>
</comp>

<comp id="904" class="1004" name="shl_ln813_10_fu_904">
<pin_list>
<pin id="905" dir="0" index="0" bw="20" slack="0"/>
<pin id="906" dir="0" index="1" bw="16" slack="3"/>
<pin id="907" dir="0" index="2" bw="1" slack="0"/>
<pin id="908" dir="1" index="3" bw="20" slack="0"/>
</pin_list>
<bind>
<opcode="bitconcatenate(1004) " fcode="bitconcatenate"/>
<opset="shl_ln813_10/10 "/>
</bind>
</comp>

<comp id="911" class="1004" name="sext_ln837_11_fu_911">
<pin_list>
<pin id="912" dir="0" index="0" bw="20" slack="0"/>
<pin id="913" dir="1" index="1" bw="21" slack="0"/>
</pin_list>
<bind>
<opcode="sext(35) " fcode="sext"/>
<opset="sext_ln837_11/10 "/>
</bind>
</comp>

<comp id="915" class="1004" name="shl_ln813_11_fu_915">
<pin_list>
<pin id="916" dir="0" index="0" bw="20" slack="0"/>
<pin id="917" dir="0" index="1" bw="16" slack="2"/>
<pin id="918" dir="0" index="2" bw="1" slack="0"/>
<pin id="919" dir="1" index="3" bw="20" slack="0"/>
</pin_list>
<bind>
<opcode="bitconcatenate(1004) " fcode="bitconcatenate"/>
<opset="shl_ln813_11/10 "/>
</bind>
</comp>

<comp id="922" class="1004" name="sext_ln837_12_fu_922">
<pin_list>
<pin id="923" dir="0" index="0" bw="20" slack="0"/>
<pin id="924" dir="1" index="1" bw="21" slack="0"/>
</pin_list>
<bind>
<opcode="sext(35) " fcode="sext"/>
<opset="sext_ln837_12/10 "/>
</bind>
</comp>

<comp id="926" class="1004" name="shl_ln813_12_fu_926">
<pin_list>
<pin id="927" dir="0" index="0" bw="20" slack="0"/>
<pin id="928" dir="0" index="1" bw="16" slack="2"/>
<pin id="929" dir="0" index="2" bw="1" slack="0"/>
<pin id="930" dir="1" index="3" bw="20" slack="0"/>
</pin_list>
<bind>
<opcode="bitconcatenate(1004) " fcode="bitconcatenate"/>
<opset="shl_ln813_12/10 "/>
</bind>
</comp>

<comp id="933" class="1004" name="sext_ln837_13_fu_933">
<pin_list>
<pin id="934" dir="0" index="0" bw="20" slack="0"/>
<pin id="935" dir="1" index="1" bw="21" slack="0"/>
</pin_list>
<bind>
<opcode="sext(35) " fcode="sext"/>
<opset="sext_ln837_13/10 "/>
</bind>
</comp>

<comp id="937" class="1004" name="shl_ln813_13_fu_937">
<pin_list>
<pin id="938" dir="0" index="0" bw="20" slack="0"/>
<pin id="939" dir="0" index="1" bw="16" slack="1"/>
<pin id="940" dir="0" index="2" bw="1" slack="0"/>
<pin id="941" dir="1" index="3" bw="20" slack="0"/>
</pin_list>
<bind>
<opcode="bitconcatenate(1004) " fcode="bitconcatenate"/>
<opset="shl_ln813_13/10 "/>
</bind>
</comp>

<comp id="944" class="1004" name="sext_ln837_14_fu_944">
<pin_list>
<pin id="945" dir="0" index="0" bw="20" slack="0"/>
<pin id="946" dir="1" index="1" bw="21" slack="0"/>
</pin_list>
<bind>
<opcode="sext(35) " fcode="sext"/>
<opset="sext_ln837_14/10 "/>
</bind>
</comp>

<comp id="948" class="1004" name="shl_ln813_14_fu_948">
<pin_list>
<pin id="949" dir="0" index="0" bw="20" slack="0"/>
<pin id="950" dir="0" index="1" bw="16" slack="1"/>
<pin id="951" dir="0" index="2" bw="1" slack="0"/>
<pin id="952" dir="1" index="3" bw="20" slack="0"/>
</pin_list>
<bind>
<opcode="bitconcatenate(1004) " fcode="bitconcatenate"/>
<opset="shl_ln813_14/10 "/>
</bind>
</comp>

<comp id="955" class="1004" name="sext_ln813_fu_955">
<pin_list>
<pin id="956" dir="0" index="0" bw="20" slack="0"/>
<pin id="957" dir="1" index="1" bw="21" slack="0"/>
</pin_list>
<bind>
<opcode="sext(35) " fcode="sext"/>
<opset="sext_ln813/10 "/>
</bind>
</comp>

<comp id="959" class="1004" name="add_ln813_fu_959">
<pin_list>
<pin id="960" dir="0" index="0" bw="20" slack="0"/>
<pin id="961" dir="0" index="1" bw="20" slack="0"/>
<pin id="962" dir="1" index="2" bw="21" slack="0"/>
</pin_list>
<bind>
<opcode="add(8) " fcode="add"/>
<opset="add_ln813/10 "/>
</bind>
</comp>

<comp id="965" class="1004" name="sext_ln813_18_fu_965">
<pin_list>
<pin id="966" dir="0" index="0" bw="21" slack="0"/>
<pin id="967" dir="1" index="1" bw="22" slack="0"/>
</pin_list>
<bind>
<opcode="sext(35) " fcode="sext"/>
<opset="sext_ln813_18/10 "/>
</bind>
</comp>

<comp id="969" class="1004" name="add_ln813_2_fu_969">
<pin_list>
<pin id="970" dir="0" index="0" bw="20" slack="0"/>
<pin id="971" dir="0" index="1" bw="20" slack="0"/>
<pin id="972" dir="1" index="2" bw="21" slack="0"/>
</pin_list>
<bind>
<opcode="add(8) " fcode="add"/>
<opset="add_ln813_2/10 "/>
</bind>
</comp>

<comp id="975" class="1004" name="sext_ln813_19_fu_975">
<pin_list>
<pin id="976" dir="0" index="0" bw="21" slack="0"/>
<pin id="977" dir="1" index="1" bw="22" slack="0"/>
</pin_list>
<bind>
<opcode="sext(35) " fcode="sext"/>
<opset="sext_ln813_19/10 "/>
</bind>
</comp>

<comp id="979" class="1004" name="add_ln813_3_fu_979">
<pin_list>
<pin id="980" dir="0" index="0" bw="21" slack="0"/>
<pin id="981" dir="0" index="1" bw="21" slack="0"/>
<pin id="982" dir="1" index="2" bw="22" slack="0"/>
</pin_list>
<bind>
<opcode="add(8) " fcode="add"/>
<opset="add_ln813_3/10 "/>
</bind>
</comp>

<comp id="985" class="1004" name="sext_ln813_20_fu_985">
<pin_list>
<pin id="986" dir="0" index="0" bw="22" slack="0"/>
<pin id="987" dir="1" index="1" bw="23" slack="0"/>
</pin_list>
<bind>
<opcode="sext(35) " fcode="sext"/>
<opset="sext_ln813_20/10 "/>
</bind>
</comp>

<comp id="989" class="1004" name="add_ln813_4_fu_989">
<pin_list>
<pin id="990" dir="0" index="0" bw="20" slack="0"/>
<pin id="991" dir="0" index="1" bw="20" slack="0"/>
<pin id="992" dir="1" index="2" bw="21" slack="0"/>
</pin_list>
<bind>
<opcode="add(8) " fcode="add"/>
<opset="add_ln813_4/10 "/>
</bind>
</comp>

<comp id="995" class="1004" name="sext_ln813_21_fu_995">
<pin_list>
<pin id="996" dir="0" index="0" bw="21" slack="0"/>
<pin id="997" dir="1" index="1" bw="22" slack="0"/>
</pin_list>
<bind>
<opcode="sext(35) " fcode="sext"/>
<opset="sext_ln813_21/10 "/>
</bind>
</comp>

<comp id="999" class="1004" name="add_ln813_5_fu_999">
<pin_list>
<pin id="1000" dir="0" index="0" bw="20" slack="0"/>
<pin id="1001" dir="0" index="1" bw="20" slack="0"/>
<pin id="1002" dir="1" index="2" bw="21" slack="0"/>
</pin_list>
<bind>
<opcode="add(8) " fcode="add"/>
<opset="add_ln813_5/10 "/>
</bind>
</comp>

<comp id="1005" class="1004" name="sext_ln813_22_fu_1005">
<pin_list>
<pin id="1006" dir="0" index="0" bw="21" slack="0"/>
<pin id="1007" dir="1" index="1" bw="22" slack="0"/>
</pin_list>
<bind>
<opcode="sext(35) " fcode="sext"/>
<opset="sext_ln813_22/10 "/>
</bind>
</comp>

<comp id="1009" class="1004" name="add_ln813_6_fu_1009">
<pin_list>
<pin id="1010" dir="0" index="0" bw="21" slack="0"/>
<pin id="1011" dir="0" index="1" bw="21" slack="0"/>
<pin id="1012" dir="1" index="2" bw="22" slack="0"/>
</pin_list>
<bind>
<opcode="add(8) " fcode="add"/>
<opset="add_ln813_6/10 "/>
</bind>
</comp>

<comp id="1015" class="1004" name="sext_ln813_23_fu_1015">
<pin_list>
<pin id="1016" dir="0" index="0" bw="22" slack="0"/>
<pin id="1017" dir="1" index="1" bw="23" slack="0"/>
</pin_list>
<bind>
<opcode="sext(35) " fcode="sext"/>
<opset="sext_ln813_23/10 "/>
</bind>
</comp>

<comp id="1019" class="1004" name="add_ln813_7_fu_1019">
<pin_list>
<pin id="1020" dir="0" index="0" bw="22" slack="0"/>
<pin id="1021" dir="0" index="1" bw="22" slack="0"/>
<pin id="1022" dir="1" index="2" bw="23" slack="1"/>
</pin_list>
<bind>
<opcode="add(8) " fcode="add"/>
<opset="add_ln813_7/10 "/>
</bind>
</comp>

<comp id="1025" class="1004" name="add_ln813_8_fu_1025">
<pin_list>
<pin id="1026" dir="0" index="0" bw="20" slack="0"/>
<pin id="1027" dir="0" index="1" bw="20" slack="0"/>
<pin id="1028" dir="1" index="2" bw="21" slack="0"/>
</pin_list>
<bind>
<opcode="add(8) " fcode="add"/>
<opset="add_ln813_8/10 "/>
</bind>
</comp>

<comp id="1031" class="1004" name="sext_ln813_25_fu_1031">
<pin_list>
<pin id="1032" dir="0" index="0" bw="21" slack="0"/>
<pin id="1033" dir="1" index="1" bw="22" slack="0"/>
</pin_list>
<bind>
<opcode="sext(35) " fcode="sext"/>
<opset="sext_ln813_25/10 "/>
</bind>
</comp>

<comp id="1035" class="1004" name="add_ln813_9_fu_1035">
<pin_list>
<pin id="1036" dir="0" index="0" bw="20" slack="0"/>
<pin id="1037" dir="0" index="1" bw="20" slack="0"/>
<pin id="1038" dir="1" index="2" bw="21" slack="0"/>
</pin_list>
<bind>
<opcode="add(8) " fcode="add"/>
<opset="add_ln813_9/10 "/>
</bind>
</comp>

<comp id="1041" class="1004" name="sext_ln813_26_fu_1041">
<pin_list>
<pin id="1042" dir="0" index="0" bw="21" slack="0"/>
<pin id="1043" dir="1" index="1" bw="22" slack="0"/>
</pin_list>
<bind>
<opcode="sext(35) " fcode="sext"/>
<opset="sext_ln813_26/10 "/>
</bind>
</comp>

<comp id="1045" class="1004" name="add_ln813_10_fu_1045">
<pin_list>
<pin id="1046" dir="0" index="0" bw="21" slack="0"/>
<pin id="1047" dir="0" index="1" bw="21" slack="0"/>
<pin id="1048" dir="1" index="2" bw="22" slack="0"/>
</pin_list>
<bind>
<opcode="add(8) " fcode="add"/>
<opset="add_ln813_10/10 "/>
</bind>
</comp>

<comp id="1051" class="1004" name="sext_ln813_27_fu_1051">
<pin_list>
<pin id="1052" dir="0" index="0" bw="22" slack="0"/>
<pin id="1053" dir="1" index="1" bw="23" slack="0"/>
</pin_list>
<bind>
<opcode="sext(35) " fcode="sext"/>
<opset="sext_ln813_27/10 "/>
</bind>
</comp>

<comp id="1055" class="1004" name="add_ln813_11_fu_1055">
<pin_list>
<pin id="1056" dir="0" index="0" bw="20" slack="0"/>
<pin id="1057" dir="0" index="1" bw="20" slack="0"/>
<pin id="1058" dir="1" index="2" bw="21" slack="0"/>
</pin_list>
<bind>
<opcode="add(8) " fcode="add"/>
<opset="add_ln813_11/10 "/>
</bind>
</comp>

<comp id="1061" class="1004" name="sext_ln813_28_fu_1061">
<pin_list>
<pin id="1062" dir="0" index="0" bw="21" slack="0"/>
<pin id="1063" dir="1" index="1" bw="22" slack="0"/>
</pin_list>
<bind>
<opcode="sext(35) " fcode="sext"/>
<opset="sext_ln813_28/10 "/>
</bind>
</comp>

<comp id="1065" class="1004" name="add_ln813_12_fu_1065">
<pin_list>
<pin id="1066" dir="0" index="0" bw="20" slack="0"/>
<pin id="1067" dir="0" index="1" bw="20" slack="0"/>
<pin id="1068" dir="1" index="2" bw="21" slack="0"/>
</pin_list>
<bind>
<opcode="add(8) " fcode="add"/>
<opset="add_ln813_12/10 "/>
</bind>
</comp>

<comp id="1071" class="1004" name="sext_ln813_29_fu_1071">
<pin_list>
<pin id="1072" dir="0" index="0" bw="21" slack="0"/>
<pin id="1073" dir="1" index="1" bw="22" slack="0"/>
</pin_list>
<bind>
<opcode="sext(35) " fcode="sext"/>
<opset="sext_ln813_29/10 "/>
</bind>
</comp>

<comp id="1075" class="1004" name="add_ln813_13_fu_1075">
<pin_list>
<pin id="1076" dir="0" index="0" bw="21" slack="0"/>
<pin id="1077" dir="0" index="1" bw="21" slack="0"/>
<pin id="1078" dir="1" index="2" bw="22" slack="0"/>
</pin_list>
<bind>
<opcode="add(8) " fcode="add"/>
<opset="add_ln813_13/10 "/>
</bind>
</comp>

<comp id="1081" class="1004" name="sext_ln813_30_fu_1081">
<pin_list>
<pin id="1082" dir="0" index="0" bw="22" slack="0"/>
<pin id="1083" dir="1" index="1" bw="23" slack="0"/>
</pin_list>
<bind>
<opcode="sext(35) " fcode="sext"/>
<opset="sext_ln813_30/10 "/>
</bind>
</comp>

<comp id="1085" class="1004" name="add_ln813_14_fu_1085">
<pin_list>
<pin id="1086" dir="0" index="0" bw="22" slack="0"/>
<pin id="1087" dir="0" index="1" bw="22" slack="0"/>
<pin id="1088" dir="1" index="2" bw="23" slack="1"/>
</pin_list>
<bind>
<opcode="add(8) " fcode="add"/>
<opset="add_ln813_14/10 "/>
</bind>
</comp>

<comp id="1091" class="1004" name="sext_ln813_24_fu_1091">
<pin_list>
<pin id="1092" dir="0" index="0" bw="23" slack="1"/>
<pin id="1093" dir="1" index="1" bw="24" slack="0"/>
</pin_list>
<bind>
<opcode="sext(35) " fcode="sext"/>
<opset="sext_ln813_24/11 "/>
</bind>
</comp>

<comp id="1094" class="1004" name="sext_ln813_31_fu_1094">
<pin_list>
<pin id="1095" dir="0" index="0" bw="23" slack="1"/>
<pin id="1096" dir="1" index="1" bw="24" slack="0"/>
</pin_list>
<bind>
<opcode="sext(35) " fcode="sext"/>
<opset="sext_ln813_31/11 "/>
</bind>
</comp>

<comp id="1097" class="1004" name="add_ln813_15_fu_1097">
<pin_list>
<pin id="1098" dir="0" index="0" bw="23" slack="0"/>
<pin id="1099" dir="0" index="1" bw="23" slack="0"/>
<pin id="1100" dir="1" index="2" bw="24" slack="0"/>
</pin_list>
<bind>
<opcode="add(8) " fcode="add"/>
<opset="add_ln813_15/11 "/>
</bind>
</comp>

<comp id="1103" class="1004" name="t_fu_1103">
<pin_list>
<pin id="1104" dir="0" index="0" bw="34" slack="0"/>
<pin id="1105" dir="0" index="1" bw="24" slack="0"/>
<pin id="1106" dir="0" index="2" bw="1" slack="0"/>
<pin id="1107" dir="1" index="3" bw="34" slack="0"/>
</pin_list>
<bind>
<opcode="bitconcatenate(1004) " fcode="bitconcatenate"/>
<opset="t/11 "/>
</bind>
</comp>

<comp id="1111" class="1004" name="tmp_23_fu_1111">
<pin_list>
<pin id="1112" dir="0" index="0" bw="1" slack="0"/>
<pin id="1113" dir="0" index="1" bw="24" slack="0"/>
<pin id="1114" dir="0" index="2" bw="6" slack="0"/>
<pin id="1115" dir="1" index="3" bw="1" slack="1"/>
</pin_list>
<bind>
<opcode="bitselect(1000) " fcode="bitselect"/>
<opset="tmp_23/11 "/>
</bind>
</comp>

<comp id="1119" class="1004" name="sub_ln1303_fu_1119">
<pin_list>
<pin id="1120" dir="0" index="0" bw="1" slack="0"/>
<pin id="1121" dir="0" index="1" bw="34" slack="0"/>
<pin id="1122" dir="1" index="2" bw="34" slack="0"/>
</pin_list>
<bind>
<opcode="sub(10) " fcode="sub"/>
<opset="sub_ln1303/11 "/>
</bind>
</comp>

<comp id="1125" class="1004" name="trunc_ln1303_2_fu_1125">
<pin_list>
<pin id="1126" dir="0" index="0" bw="20" slack="0"/>
<pin id="1127" dir="0" index="1" bw="34" slack="0"/>
<pin id="1128" dir="0" index="2" bw="5" slack="0"/>
<pin id="1129" dir="0" index="3" bw="7" slack="0"/>
<pin id="1130" dir="1" index="4" bw="20" slack="0"/>
</pin_list>
<bind>
<opcode="partselect(1002) " fcode="partselect"/>
<opset="trunc_ln1303_2/11 "/>
</bind>
</comp>

<comp id="1135" class="1004" name="sub_ln1303_1_fu_1135">
<pin_list>
<pin id="1136" dir="0" index="0" bw="1" slack="0"/>
<pin id="1137" dir="0" index="1" bw="20" slack="0"/>
<pin id="1138" dir="1" index="2" bw="20" slack="0"/>
</pin_list>
<bind>
<opcode="sub(10) " fcode="sub"/>
<opset="sub_ln1303_1/11 "/>
</bind>
</comp>

<comp id="1141" class="1004" name="tmp_37_fu_1141">
<pin_list>
<pin id="1142" dir="0" index="0" bw="16" slack="0"/>
<pin id="1143" dir="0" index="1" bw="20" slack="0"/>
<pin id="1144" dir="0" index="2" bw="4" slack="0"/>
<pin id="1145" dir="0" index="3" bw="6" slack="0"/>
<pin id="1146" dir="1" index="4" bw="16" slack="1"/>
</pin_list>
<bind>
<opcode="partselect(1002) " fcode="partselect"/>
<opset="tmp_37/11 "/>
</bind>
</comp>

<comp id="1151" class="1004" name="tmp_38_fu_1151">
<pin_list>
<pin id="1152" dir="0" index="0" bw="16" slack="0"/>
<pin id="1153" dir="0" index="1" bw="24" slack="0"/>
<pin id="1154" dir="0" index="2" bw="5" slack="0"/>
<pin id="1155" dir="0" index="3" bw="6" slack="0"/>
<pin id="1156" dir="1" index="4" bw="16" slack="1"/>
</pin_list>
<bind>
<opcode="partselect(1002) " fcode="partselect"/>
<opset="tmp_38/11 "/>
</bind>
</comp>

<comp id="1161" class="1004" name="mean_fu_1161">
<pin_list>
<pin id="1162" dir="0" index="0" bw="1" slack="1"/>
<pin id="1163" dir="0" index="1" bw="16" slack="1"/>
<pin id="1164" dir="0" index="2" bw="16" slack="1"/>
<pin id="1165" dir="1" index="3" bw="16" slack="0"/>
</pin_list>
<bind>
<opcode="select(49) " fcode="select"/>
<opset="mean/12 "/>
</bind>
</comp>

<comp id="1166" class="1004" name="sub_ln813_fu_1166">
<pin_list>
<pin id="1167" dir="0" index="0" bw="16" slack="10"/>
<pin id="1168" dir="0" index="1" bw="16" slack="0"/>
<pin id="1169" dir="1" index="2" bw="16" slack="0"/>
</pin_list>
<bind>
<opcode="sub(10) " fcode="sub"/>
<opset="sub_ln813/12 "/>
</bind>
</comp>

<comp id="1171" class="1004" name="sext_ln1273_fu_1171">
<pin_list>
<pin id="1172" dir="0" index="0" bw="16" slack="0"/>
<pin id="1173" dir="1" index="1" bw="30" slack="0"/>
</pin_list>
<bind>
<opcode="sext(35) " fcode="sext"/>
<opset="sext_ln1273/12 "/>
</bind>
</comp>

<comp id="1175" class="1004" name="sub_ln813_1_fu_1175">
<pin_list>
<pin id="1176" dir="0" index="0" bw="16" slack="11"/>
<pin id="1177" dir="0" index="1" bw="16" slack="1"/>
<pin id="1178" dir="1" index="2" bw="16" slack="0"/>
</pin_list>
<bind>
<opcode="sub(10) " fcode="sub"/>
<opset="sub_ln813_1/13 "/>
</bind>
</comp>

<comp id="1179" class="1004" name="sext_ln1273_16_fu_1179">
<pin_list>
<pin id="1180" dir="0" index="0" bw="16" slack="0"/>
<pin id="1181" dir="1" index="1" bw="30" slack="0"/>
</pin_list>
<bind>
<opcode="sext(35) " fcode="sext"/>
<opset="sext_ln1273_16/13 "/>
</bind>
</comp>

<comp id="1183" class="1004" name="sub_ln813_2_fu_1183">
<pin_list>
<pin id="1184" dir="0" index="0" bw="16" slack="11"/>
<pin id="1185" dir="0" index="1" bw="16" slack="2"/>
<pin id="1186" dir="1" index="2" bw="16" slack="0"/>
</pin_list>
<bind>
<opcode="sub(10) " fcode="sub"/>
<opset="sub_ln813_2/14 "/>
</bind>
</comp>

<comp id="1187" class="1004" name="sext_ln1273_17_fu_1187">
<pin_list>
<pin id="1188" dir="0" index="0" bw="16" slack="0"/>
<pin id="1189" dir="1" index="1" bw="30" slack="0"/>
</pin_list>
<bind>
<opcode="sext(35) " fcode="sext"/>
<opset="sext_ln1273_17/14 "/>
</bind>
</comp>

<comp id="1191" class="1004" name="tmp_39_fu_1191">
<pin_list>
<pin id="1192" dir="0" index="0" bw="24" slack="0"/>
<pin id="1193" dir="0" index="1" bw="30" slack="0"/>
<pin id="1194" dir="0" index="2" bw="4" slack="0"/>
<pin id="1195" dir="0" index="3" bw="6" slack="0"/>
<pin id="1196" dir="1" index="4" bw="24" slack="0"/>
</pin_list>
<bind>
<opcode="partselect(1002) " fcode="partselect"/>
<opset="tmp_39/15 "/>
</bind>
</comp>

<comp id="1200" class="1004" name="shl_ln2_fu_1200">
<pin_list>
<pin id="1201" dir="0" index="0" bw="30" slack="0"/>
<pin id="1202" dir="0" index="1" bw="24" slack="0"/>
<pin id="1203" dir="0" index="2" bw="1" slack="0"/>
<pin id="1204" dir="1" index="3" bw="30" slack="0"/>
</pin_list>
<bind>
<opcode="bitconcatenate(1004) " fcode="bitconcatenate"/>
<opset="shl_ln2/15 "/>
</bind>
</comp>

<comp id="1208" class="1004" name="sub_ln813_3_fu_1208">
<pin_list>
<pin id="1209" dir="0" index="0" bw="16" slack="12"/>
<pin id="1210" dir="0" index="1" bw="16" slack="3"/>
<pin id="1211" dir="1" index="2" bw="16" slack="0"/>
</pin_list>
<bind>
<opcode="sub(10) " fcode="sub"/>
<opset="sub_ln813_3/15 "/>
</bind>
</comp>

<comp id="1212" class="1004" name="sext_ln1273_18_fu_1212">
<pin_list>
<pin id="1213" dir="0" index="0" bw="16" slack="0"/>
<pin id="1214" dir="1" index="1" bw="30" slack="0"/>
</pin_list>
<bind>
<opcode="sext(35) " fcode="sext"/>
<opset="sext_ln1273_18/15 "/>
</bind>
</comp>

<comp id="1216" class="1004" name="tmp_40_fu_1216">
<pin_list>
<pin id="1217" dir="0" index="0" bw="24" slack="0"/>
<pin id="1218" dir="0" index="1" bw="30" slack="0"/>
<pin id="1219" dir="0" index="2" bw="4" slack="0"/>
<pin id="1220" dir="0" index="3" bw="6" slack="0"/>
<pin id="1221" dir="1" index="4" bw="24" slack="0"/>
</pin_list>
<bind>
<opcode="partselect(1002) " fcode="partselect"/>
<opset="tmp_40/16 "/>
</bind>
</comp>

<comp id="1225" class="1004" name="shl_ln838_1_fu_1225">
<pin_list>
<pin id="1226" dir="0" index="0" bw="30" slack="0"/>
<pin id="1227" dir="0" index="1" bw="24" slack="0"/>
<pin id="1228" dir="0" index="2" bw="1" slack="0"/>
<pin id="1229" dir="1" index="3" bw="30" slack="0"/>
</pin_list>
<bind>
<opcode="bitconcatenate(1004) " fcode="bitconcatenate"/>
<opset="shl_ln838_1/16 "/>
</bind>
</comp>

<comp id="1233" class="1004" name="sub_ln813_4_fu_1233">
<pin_list>
<pin id="1234" dir="0" index="0" bw="16" slack="12"/>
<pin id="1235" dir="0" index="1" bw="16" slack="4"/>
<pin id="1236" dir="1" index="2" bw="16" slack="0"/>
</pin_list>
<bind>
<opcode="sub(10) " fcode="sub"/>
<opset="sub_ln813_4/16 "/>
</bind>
</comp>

<comp id="1237" class="1004" name="sext_ln1273_19_fu_1237">
<pin_list>
<pin id="1238" dir="0" index="0" bw="16" slack="0"/>
<pin id="1239" dir="1" index="1" bw="30" slack="0"/>
</pin_list>
<bind>
<opcode="sext(35) " fcode="sext"/>
<opset="sext_ln1273_19/16 "/>
</bind>
</comp>

<comp id="1241" class="1004" name="tmp_41_fu_1241">
<pin_list>
<pin id="1242" dir="0" index="0" bw="24" slack="0"/>
<pin id="1243" dir="0" index="1" bw="30" slack="0"/>
<pin id="1244" dir="0" index="2" bw="4" slack="0"/>
<pin id="1245" dir="0" index="3" bw="6" slack="0"/>
<pin id="1246" dir="1" index="4" bw="24" slack="0"/>
</pin_list>
<bind>
<opcode="partselect(1002) " fcode="partselect"/>
<opset="tmp_41/17 "/>
</bind>
</comp>

<comp id="1250" class="1004" name="shl_ln838_2_fu_1250">
<pin_list>
<pin id="1251" dir="0" index="0" bw="30" slack="0"/>
<pin id="1252" dir="0" index="1" bw="24" slack="0"/>
<pin id="1253" dir="0" index="2" bw="1" slack="0"/>
<pin id="1254" dir="1" index="3" bw="30" slack="0"/>
</pin_list>
<bind>
<opcode="bitconcatenate(1004) " fcode="bitconcatenate"/>
<opset="shl_ln838_2/17 "/>
</bind>
</comp>

<comp id="1258" class="1004" name="sub_ln813_5_fu_1258">
<pin_list>
<pin id="1259" dir="0" index="0" bw="16" slack="13"/>
<pin id="1260" dir="0" index="1" bw="16" slack="5"/>
<pin id="1261" dir="1" index="2" bw="16" slack="0"/>
</pin_list>
<bind>
<opcode="sub(10) " fcode="sub"/>
<opset="sub_ln813_5/17 "/>
</bind>
</comp>

<comp id="1262" class="1004" name="sext_ln1273_20_fu_1262">
<pin_list>
<pin id="1263" dir="0" index="0" bw="16" slack="0"/>
<pin id="1264" dir="1" index="1" bw="30" slack="0"/>
</pin_list>
<bind>
<opcode="sext(35) " fcode="sext"/>
<opset="sext_ln1273_20/17 "/>
</bind>
</comp>

<comp id="1266" class="1004" name="tmp_42_fu_1266">
<pin_list>
<pin id="1267" dir="0" index="0" bw="24" slack="0"/>
<pin id="1268" dir="0" index="1" bw="30" slack="0"/>
<pin id="1269" dir="0" index="2" bw="4" slack="0"/>
<pin id="1270" dir="0" index="3" bw="6" slack="0"/>
<pin id="1271" dir="1" index="4" bw="24" slack="0"/>
</pin_list>
<bind>
<opcode="partselect(1002) " fcode="partselect"/>
<opset="tmp_42/18 "/>
</bind>
</comp>

<comp id="1275" class="1004" name="shl_ln838_3_fu_1275">
<pin_list>
<pin id="1276" dir="0" index="0" bw="30" slack="0"/>
<pin id="1277" dir="0" index="1" bw="24" slack="0"/>
<pin id="1278" dir="0" index="2" bw="1" slack="0"/>
<pin id="1279" dir="1" index="3" bw="30" slack="0"/>
</pin_list>
<bind>
<opcode="bitconcatenate(1004) " fcode="bitconcatenate"/>
<opset="shl_ln838_3/18 "/>
</bind>
</comp>

<comp id="1283" class="1004" name="sub_ln813_6_fu_1283">
<pin_list>
<pin id="1284" dir="0" index="0" bw="16" slack="13"/>
<pin id="1285" dir="0" index="1" bw="16" slack="6"/>
<pin id="1286" dir="1" index="2" bw="16" slack="0"/>
</pin_list>
<bind>
<opcode="sub(10) " fcode="sub"/>
<opset="sub_ln813_6/18 "/>
</bind>
</comp>

<comp id="1287" class="1004" name="sext_ln1273_21_fu_1287">
<pin_list>
<pin id="1288" dir="0" index="0" bw="16" slack="0"/>
<pin id="1289" dir="1" index="1" bw="30" slack="0"/>
</pin_list>
<bind>
<opcode="sext(35) " fcode="sext"/>
<opset="sext_ln1273_21/18 "/>
</bind>
</comp>

<comp id="1291" class="1004" name="tmp_43_fu_1291">
<pin_list>
<pin id="1292" dir="0" index="0" bw="24" slack="0"/>
<pin id="1293" dir="0" index="1" bw="30" slack="0"/>
<pin id="1294" dir="0" index="2" bw="4" slack="0"/>
<pin id="1295" dir="0" index="3" bw="6" slack="0"/>
<pin id="1296" dir="1" index="4" bw="24" slack="0"/>
</pin_list>
<bind>
<opcode="partselect(1002) " fcode="partselect"/>
<opset="tmp_43/19 "/>
</bind>
</comp>

<comp id="1300" class="1004" name="shl_ln838_4_fu_1300">
<pin_list>
<pin id="1301" dir="0" index="0" bw="30" slack="0"/>
<pin id="1302" dir="0" index="1" bw="24" slack="0"/>
<pin id="1303" dir="0" index="2" bw="1" slack="0"/>
<pin id="1304" dir="1" index="3" bw="30" slack="0"/>
</pin_list>
<bind>
<opcode="bitconcatenate(1004) " fcode="bitconcatenate"/>
<opset="shl_ln838_4/19 "/>
</bind>
</comp>

<comp id="1308" class="1004" name="sub_ln813_7_fu_1308">
<pin_list>
<pin id="1309" dir="0" index="0" bw="16" slack="14"/>
<pin id="1310" dir="0" index="1" bw="16" slack="7"/>
<pin id="1311" dir="1" index="2" bw="16" slack="0"/>
</pin_list>
<bind>
<opcode="sub(10) " fcode="sub"/>
<opset="sub_ln813_7/19 "/>
</bind>
</comp>

<comp id="1312" class="1004" name="sext_ln1273_22_fu_1312">
<pin_list>
<pin id="1313" dir="0" index="0" bw="16" slack="0"/>
<pin id="1314" dir="1" index="1" bw="30" slack="0"/>
</pin_list>
<bind>
<opcode="sext(35) " fcode="sext"/>
<opset="sext_ln1273_22/19 "/>
</bind>
</comp>

<comp id="1316" class="1004" name="tmp_44_fu_1316">
<pin_list>
<pin id="1317" dir="0" index="0" bw="24" slack="0"/>
<pin id="1318" dir="0" index="1" bw="30" slack="0"/>
<pin id="1319" dir="0" index="2" bw="4" slack="0"/>
<pin id="1320" dir="0" index="3" bw="6" slack="0"/>
<pin id="1321" dir="1" index="4" bw="24" slack="0"/>
</pin_list>
<bind>
<opcode="partselect(1002) " fcode="partselect"/>
<opset="tmp_44/20 "/>
</bind>
</comp>

<comp id="1325" class="1004" name="shl_ln838_5_fu_1325">
<pin_list>
<pin id="1326" dir="0" index="0" bw="30" slack="0"/>
<pin id="1327" dir="0" index="1" bw="24" slack="0"/>
<pin id="1328" dir="0" index="2" bw="1" slack="0"/>
<pin id="1329" dir="1" index="3" bw="30" slack="0"/>
</pin_list>
<bind>
<opcode="bitconcatenate(1004) " fcode="bitconcatenate"/>
<opset="shl_ln838_5/20 "/>
</bind>
</comp>

<comp id="1333" class="1004" name="sub_ln813_8_fu_1333">
<pin_list>
<pin id="1334" dir="0" index="0" bw="16" slack="14"/>
<pin id="1335" dir="0" index="1" bw="16" slack="8"/>
<pin id="1336" dir="1" index="2" bw="16" slack="0"/>
</pin_list>
<bind>
<opcode="sub(10) " fcode="sub"/>
<opset="sub_ln813_8/20 "/>
</bind>
</comp>

<comp id="1337" class="1004" name="sext_ln1273_23_fu_1337">
<pin_list>
<pin id="1338" dir="0" index="0" bw="16" slack="0"/>
<pin id="1339" dir="1" index="1" bw="30" slack="0"/>
</pin_list>
<bind>
<opcode="sext(35) " fcode="sext"/>
<opset="sext_ln1273_23/20 "/>
</bind>
</comp>

<comp id="1341" class="1004" name="tmp_45_fu_1341">
<pin_list>
<pin id="1342" dir="0" index="0" bw="24" slack="0"/>
<pin id="1343" dir="0" index="1" bw="30" slack="0"/>
<pin id="1344" dir="0" index="2" bw="4" slack="0"/>
<pin id="1345" dir="0" index="3" bw="6" slack="0"/>
<pin id="1346" dir="1" index="4" bw="24" slack="0"/>
</pin_list>
<bind>
<opcode="partselect(1002) " fcode="partselect"/>
<opset="tmp_45/21 "/>
</bind>
</comp>

<comp id="1350" class="1004" name="shl_ln838_6_fu_1350">
<pin_list>
<pin id="1351" dir="0" index="0" bw="30" slack="0"/>
<pin id="1352" dir="0" index="1" bw="24" slack="0"/>
<pin id="1353" dir="0" index="2" bw="1" slack="0"/>
<pin id="1354" dir="1" index="3" bw="30" slack="0"/>
</pin_list>
<bind>
<opcode="bitconcatenate(1004) " fcode="bitconcatenate"/>
<opset="shl_ln838_6/21 "/>
</bind>
</comp>

<comp id="1358" class="1004" name="sub_ln813_9_fu_1358">
<pin_list>
<pin id="1359" dir="0" index="0" bw="16" slack="15"/>
<pin id="1360" dir="0" index="1" bw="16" slack="9"/>
<pin id="1361" dir="1" index="2" bw="16" slack="0"/>
</pin_list>
<bind>
<opcode="sub(10) " fcode="sub"/>
<opset="sub_ln813_9/21 "/>
</bind>
</comp>

<comp id="1362" class="1004" name="sext_ln1273_24_fu_1362">
<pin_list>
<pin id="1363" dir="0" index="0" bw="16" slack="0"/>
<pin id="1364" dir="1" index="1" bw="30" slack="0"/>
</pin_list>
<bind>
<opcode="sext(35) " fcode="sext"/>
<opset="sext_ln1273_24/21 "/>
</bind>
</comp>

<comp id="1366" class="1004" name="tmp_46_fu_1366">
<pin_list>
<pin id="1367" dir="0" index="0" bw="24" slack="0"/>
<pin id="1368" dir="0" index="1" bw="30" slack="0"/>
<pin id="1369" dir="0" index="2" bw="4" slack="0"/>
<pin id="1370" dir="0" index="3" bw="6" slack="0"/>
<pin id="1371" dir="1" index="4" bw="24" slack="0"/>
</pin_list>
<bind>
<opcode="partselect(1002) " fcode="partselect"/>
<opset="tmp_46/22 "/>
</bind>
</comp>

<comp id="1375" class="1004" name="shl_ln838_7_fu_1375">
<pin_list>
<pin id="1376" dir="0" index="0" bw="30" slack="0"/>
<pin id="1377" dir="0" index="1" bw="24" slack="0"/>
<pin id="1378" dir="0" index="2" bw="1" slack="0"/>
<pin id="1379" dir="1" index="3" bw="30" slack="0"/>
</pin_list>
<bind>
<opcode="bitconcatenate(1004) " fcode="bitconcatenate"/>
<opset="shl_ln838_7/22 "/>
</bind>
</comp>

<comp id="1383" class="1004" name="sub_ln813_10_fu_1383">
<pin_list>
<pin id="1384" dir="0" index="0" bw="16" slack="15"/>
<pin id="1385" dir="0" index="1" bw="16" slack="10"/>
<pin id="1386" dir="1" index="2" bw="16" slack="0"/>
</pin_list>
<bind>
<opcode="sub(10) " fcode="sub"/>
<opset="sub_ln813_10/22 "/>
</bind>
</comp>

<comp id="1387" class="1004" name="sext_ln1273_25_fu_1387">
<pin_list>
<pin id="1388" dir="0" index="0" bw="16" slack="0"/>
<pin id="1389" dir="1" index="1" bw="30" slack="0"/>
</pin_list>
<bind>
<opcode="sext(35) " fcode="sext"/>
<opset="sext_ln1273_25/22 "/>
</bind>
</comp>

<comp id="1391" class="1004" name="tmp_47_fu_1391">
<pin_list>
<pin id="1392" dir="0" index="0" bw="24" slack="0"/>
<pin id="1393" dir="0" index="1" bw="30" slack="0"/>
<pin id="1394" dir="0" index="2" bw="4" slack="0"/>
<pin id="1395" dir="0" index="3" bw="6" slack="0"/>
<pin id="1396" dir="1" index="4" bw="24" slack="0"/>
</pin_list>
<bind>
<opcode="partselect(1002) " fcode="partselect"/>
<opset="tmp_47/23 "/>
</bind>
</comp>

<comp id="1400" class="1004" name="shl_ln838_8_fu_1400">
<pin_list>
<pin id="1401" dir="0" index="0" bw="30" slack="0"/>
<pin id="1402" dir="0" index="1" bw="24" slack="0"/>
<pin id="1403" dir="0" index="2" bw="1" slack="0"/>
<pin id="1404" dir="1" index="3" bw="30" slack="0"/>
</pin_list>
<bind>
<opcode="bitconcatenate(1004) " fcode="bitconcatenate"/>
<opset="shl_ln838_8/23 "/>
</bind>
</comp>

<comp id="1408" class="1004" name="sub_ln813_11_fu_1408">
<pin_list>
<pin id="1409" dir="0" index="0" bw="16" slack="16"/>
<pin id="1410" dir="0" index="1" bw="16" slack="11"/>
<pin id="1411" dir="1" index="2" bw="16" slack="0"/>
</pin_list>
<bind>
<opcode="sub(10) " fcode="sub"/>
<opset="sub_ln813_11/23 "/>
</bind>
</comp>

<comp id="1412" class="1004" name="sext_ln1273_26_fu_1412">
<pin_list>
<pin id="1413" dir="0" index="0" bw="16" slack="0"/>
<pin id="1414" dir="1" index="1" bw="30" slack="0"/>
</pin_list>
<bind>
<opcode="sext(35) " fcode="sext"/>
<opset="sext_ln1273_26/23 "/>
</bind>
</comp>

<comp id="1416" class="1004" name="tmp_48_fu_1416">
<pin_list>
<pin id="1417" dir="0" index="0" bw="24" slack="0"/>
<pin id="1418" dir="0" index="1" bw="30" slack="0"/>
<pin id="1419" dir="0" index="2" bw="4" slack="0"/>
<pin id="1420" dir="0" index="3" bw="6" slack="0"/>
<pin id="1421" dir="1" index="4" bw="24" slack="0"/>
</pin_list>
<bind>
<opcode="partselect(1002) " fcode="partselect"/>
<opset="tmp_48/24 "/>
</bind>
</comp>

<comp id="1425" class="1004" name="shl_ln838_9_fu_1425">
<pin_list>
<pin id="1426" dir="0" index="0" bw="30" slack="0"/>
<pin id="1427" dir="0" index="1" bw="24" slack="0"/>
<pin id="1428" dir="0" index="2" bw="1" slack="0"/>
<pin id="1429" dir="1" index="3" bw="30" slack="0"/>
</pin_list>
<bind>
<opcode="bitconcatenate(1004) " fcode="bitconcatenate"/>
<opset="shl_ln838_9/24 "/>
</bind>
</comp>

<comp id="1433" class="1004" name="sub_ln813_12_fu_1433">
<pin_list>
<pin id="1434" dir="0" index="0" bw="16" slack="16"/>
<pin id="1435" dir="0" index="1" bw="16" slack="12"/>
<pin id="1436" dir="1" index="2" bw="16" slack="0"/>
</pin_list>
<bind>
<opcode="sub(10) " fcode="sub"/>
<opset="sub_ln813_12/24 "/>
</bind>
</comp>

<comp id="1437" class="1004" name="sext_ln1273_27_fu_1437">
<pin_list>
<pin id="1438" dir="0" index="0" bw="16" slack="0"/>
<pin id="1439" dir="1" index="1" bw="30" slack="0"/>
</pin_list>
<bind>
<opcode="sext(35) " fcode="sext"/>
<opset="sext_ln1273_27/24 "/>
</bind>
</comp>

<comp id="1441" class="1004" name="tmp_49_fu_1441">
<pin_list>
<pin id="1442" dir="0" index="0" bw="24" slack="0"/>
<pin id="1443" dir="0" index="1" bw="30" slack="0"/>
<pin id="1444" dir="0" index="2" bw="4" slack="0"/>
<pin id="1445" dir="0" index="3" bw="6" slack="0"/>
<pin id="1446" dir="1" index="4" bw="24" slack="0"/>
</pin_list>
<bind>
<opcode="partselect(1002) " fcode="partselect"/>
<opset="tmp_49/25 "/>
</bind>
</comp>

<comp id="1450" class="1004" name="shl_ln838_s_fu_1450">
<pin_list>
<pin id="1451" dir="0" index="0" bw="30" slack="0"/>
<pin id="1452" dir="0" index="1" bw="24" slack="0"/>
<pin id="1453" dir="0" index="2" bw="1" slack="0"/>
<pin id="1454" dir="1" index="3" bw="30" slack="0"/>
</pin_list>
<bind>
<opcode="bitconcatenate(1004) " fcode="bitconcatenate"/>
<opset="shl_ln838_s/25 "/>
</bind>
</comp>

<comp id="1458" class="1004" name="sub_ln813_13_fu_1458">
<pin_list>
<pin id="1459" dir="0" index="0" bw="16" slack="17"/>
<pin id="1460" dir="0" index="1" bw="16" slack="13"/>
<pin id="1461" dir="1" index="2" bw="16" slack="0"/>
</pin_list>
<bind>
<opcode="sub(10) " fcode="sub"/>
<opset="sub_ln813_13/25 "/>
</bind>
</comp>

<comp id="1462" class="1004" name="sext_ln1273_28_fu_1462">
<pin_list>
<pin id="1463" dir="0" index="0" bw="16" slack="0"/>
<pin id="1464" dir="1" index="1" bw="30" slack="0"/>
</pin_list>
<bind>
<opcode="sext(35) " fcode="sext"/>
<opset="sext_ln1273_28/25 "/>
</bind>
</comp>

<comp id="1466" class="1004" name="tmp_50_fu_1466">
<pin_list>
<pin id="1467" dir="0" index="0" bw="24" slack="0"/>
<pin id="1468" dir="0" index="1" bw="30" slack="0"/>
<pin id="1469" dir="0" index="2" bw="4" slack="0"/>
<pin id="1470" dir="0" index="3" bw="6" slack="0"/>
<pin id="1471" dir="1" index="4" bw="24" slack="0"/>
</pin_list>
<bind>
<opcode="partselect(1002) " fcode="partselect"/>
<opset="tmp_50/26 "/>
</bind>
</comp>

<comp id="1475" class="1004" name="shl_ln838_10_fu_1475">
<pin_list>
<pin id="1476" dir="0" index="0" bw="30" slack="0"/>
<pin id="1477" dir="0" index="1" bw="24" slack="0"/>
<pin id="1478" dir="0" index="2" bw="1" slack="0"/>
<pin id="1479" dir="1" index="3" bw="30" slack="0"/>
</pin_list>
<bind>
<opcode="bitconcatenate(1004) " fcode="bitconcatenate"/>
<opset="shl_ln838_10/26 "/>
</bind>
</comp>

<comp id="1483" class="1004" name="sub_ln813_14_fu_1483">
<pin_list>
<pin id="1484" dir="0" index="0" bw="16" slack="17"/>
<pin id="1485" dir="0" index="1" bw="16" slack="14"/>
<pin id="1486" dir="1" index="2" bw="16" slack="0"/>
</pin_list>
<bind>
<opcode="sub(10) " fcode="sub"/>
<opset="sub_ln813_14/26 "/>
</bind>
</comp>

<comp id="1487" class="1004" name="sext_ln1273_29_fu_1487">
<pin_list>
<pin id="1488" dir="0" index="0" bw="16" slack="0"/>
<pin id="1489" dir="1" index="1" bw="30" slack="0"/>
</pin_list>
<bind>
<opcode="sext(35) " fcode="sext"/>
<opset="sext_ln1273_29/26 "/>
</bind>
</comp>

<comp id="1491" class="1004" name="tmp_51_fu_1491">
<pin_list>
<pin id="1492" dir="0" index="0" bw="24" slack="0"/>
<pin id="1493" dir="0" index="1" bw="30" slack="0"/>
<pin id="1494" dir="0" index="2" bw="4" slack="0"/>
<pin id="1495" dir="0" index="3" bw="6" slack="0"/>
<pin id="1496" dir="1" index="4" bw="24" slack="0"/>
</pin_list>
<bind>
<opcode="partselect(1002) " fcode="partselect"/>
<opset="tmp_51/27 "/>
</bind>
</comp>

<comp id="1500" class="1004" name="shl_ln838_11_fu_1500">
<pin_list>
<pin id="1501" dir="0" index="0" bw="30" slack="0"/>
<pin id="1502" dir="0" index="1" bw="24" slack="0"/>
<pin id="1503" dir="0" index="2" bw="1" slack="0"/>
<pin id="1504" dir="1" index="3" bw="30" slack="0"/>
</pin_list>
<bind>
<opcode="bitconcatenate(1004) " fcode="bitconcatenate"/>
<opset="shl_ln838_11/27 "/>
</bind>
</comp>

<comp id="1508" class="1004" name="sub_ln813_15_fu_1508">
<pin_list>
<pin id="1509" dir="0" index="0" bw="16" slack="18"/>
<pin id="1510" dir="0" index="1" bw="16" slack="15"/>
<pin id="1511" dir="1" index="2" bw="16" slack="0"/>
</pin_list>
<bind>
<opcode="sub(10) " fcode="sub"/>
<opset="sub_ln813_15/27 "/>
</bind>
</comp>

<comp id="1512" class="1004" name="sext_ln1273_30_fu_1512">
<pin_list>
<pin id="1513" dir="0" index="0" bw="16" slack="0"/>
<pin id="1514" dir="1" index="1" bw="30" slack="0"/>
</pin_list>
<bind>
<opcode="sext(35) " fcode="sext"/>
<opset="sext_ln1273_30/27 "/>
</bind>
</comp>

<comp id="1516" class="1004" name="tmp_52_fu_1516">
<pin_list>
<pin id="1517" dir="0" index="0" bw="24" slack="0"/>
<pin id="1518" dir="0" index="1" bw="30" slack="0"/>
<pin id="1519" dir="0" index="2" bw="4" slack="0"/>
<pin id="1520" dir="0" index="3" bw="6" slack="0"/>
<pin id="1521" dir="1" index="4" bw="24" slack="0"/>
</pin_list>
<bind>
<opcode="partselect(1002) " fcode="partselect"/>
<opset="tmp_52/28 "/>
</bind>
</comp>

<comp id="1525" class="1004" name="shl_ln838_12_fu_1525">
<pin_list>
<pin id="1526" dir="0" index="0" bw="30" slack="0"/>
<pin id="1527" dir="0" index="1" bw="24" slack="0"/>
<pin id="1528" dir="0" index="2" bw="1" slack="0"/>
<pin id="1529" dir="1" index="3" bw="30" slack="0"/>
</pin_list>
<bind>
<opcode="bitconcatenate(1004) " fcode="bitconcatenate"/>
<opset="shl_ln838_12/28 "/>
</bind>
</comp>

<comp id="1533" class="1004" name="tmp_53_fu_1533">
<pin_list>
<pin id="1534" dir="0" index="0" bw="24" slack="0"/>
<pin id="1535" dir="0" index="1" bw="30" slack="0"/>
<pin id="1536" dir="0" index="2" bw="4" slack="0"/>
<pin id="1537" dir="0" index="3" bw="6" slack="0"/>
<pin id="1538" dir="1" index="4" bw="24" slack="0"/>
</pin_list>
<bind>
<opcode="partselect(1002) " fcode="partselect"/>
<opset="tmp_53/29 "/>
</bind>
</comp>

<comp id="1542" class="1004" name="shl_ln838_13_fu_1542">
<pin_list>
<pin id="1543" dir="0" index="0" bw="30" slack="0"/>
<pin id="1544" dir="0" index="1" bw="24" slack="0"/>
<pin id="1545" dir="0" index="2" bw="1" slack="0"/>
<pin id="1546" dir="1" index="3" bw="30" slack="0"/>
</pin_list>
<bind>
<opcode="bitconcatenate(1004) " fcode="bitconcatenate"/>
<opset="shl_ln838_13/29 "/>
</bind>
</comp>

<comp id="1550" class="1004" name="tmp_54_fu_1550">
<pin_list>
<pin id="1551" dir="0" index="0" bw="24" slack="0"/>
<pin id="1552" dir="0" index="1" bw="30" slack="0"/>
<pin id="1553" dir="0" index="2" bw="4" slack="0"/>
<pin id="1554" dir="0" index="3" bw="6" slack="0"/>
<pin id="1555" dir="1" index="4" bw="24" slack="0"/>
</pin_list>
<bind>
<opcode="partselect(1002) " fcode="partselect"/>
<opset="tmp_54/30 "/>
</bind>
</comp>

<comp id="1559" class="1004" name="t_5_fu_1559">
<pin_list>
<pin id="1560" dir="0" index="0" bw="34" slack="0"/>
<pin id="1561" dir="0" index="1" bw="24" slack="0"/>
<pin id="1562" dir="0" index="2" bw="1" slack="0"/>
<pin id="1563" dir="1" index="3" bw="34" slack="0"/>
</pin_list>
<bind>
<opcode="bitconcatenate(1004) " fcode="bitconcatenate"/>
<opset="t_5/30 "/>
</bind>
</comp>

<comp id="1567" class="1004" name="tmp_24_fu_1567">
<pin_list>
<pin id="1568" dir="0" index="0" bw="1" slack="0"/>
<pin id="1569" dir="0" index="1" bw="30" slack="0"/>
<pin id="1570" dir="0" index="2" bw="6" slack="0"/>
<pin id="1571" dir="1" index="3" bw="1" slack="1"/>
</pin_list>
<bind>
<opcode="bitselect(1000) " fcode="bitselect"/>
<opset="tmp_24/30 "/>
</bind>
</comp>

<comp id="1574" class="1004" name="sub_ln1303_2_fu_1574">
<pin_list>
<pin id="1575" dir="0" index="0" bw="1" slack="0"/>
<pin id="1576" dir="0" index="1" bw="34" slack="0"/>
<pin id="1577" dir="1" index="2" bw="34" slack="0"/>
</pin_list>
<bind>
<opcode="sub(10) " fcode="sub"/>
<opset="sub_ln1303_2/30 "/>
</bind>
</comp>

<comp id="1580" class="1004" name="trunc_ln1303_4_fu_1580">
<pin_list>
<pin id="1581" dir="0" index="0" bw="20" slack="0"/>
<pin id="1582" dir="0" index="1" bw="34" slack="0"/>
<pin id="1583" dir="0" index="2" bw="5" slack="0"/>
<pin id="1584" dir="0" index="3" bw="7" slack="0"/>
<pin id="1585" dir="1" index="4" bw="20" slack="1"/>
</pin_list>
<bind>
<opcode="partselect(1002) " fcode="partselect"/>
<opset="trunc_ln1303_4/30 "/>
</bind>
</comp>

<comp id="1590" class="1004" name="tmp_56_fu_1590">
<pin_list>
<pin id="1591" dir="0" index="0" bw="16" slack="0"/>
<pin id="1592" dir="0" index="1" bw="30" slack="0"/>
<pin id="1593" dir="0" index="2" bw="5" slack="0"/>
<pin id="1594" dir="0" index="3" bw="6" slack="0"/>
<pin id="1595" dir="1" index="4" bw="16" slack="1"/>
</pin_list>
<bind>
<opcode="partselect(1002) " fcode="partselect"/>
<opset="tmp_56/30 "/>
</bind>
</comp>

<comp id="1599" class="1004" name="sub_ln1303_3_fu_1599">
<pin_list>
<pin id="1600" dir="0" index="0" bw="1" slack="0"/>
<pin id="1601" dir="0" index="1" bw="20" slack="1"/>
<pin id="1602" dir="1" index="2" bw="20" slack="0"/>
</pin_list>
<bind>
<opcode="sub(10) " fcode="sub"/>
<opset="sub_ln1303_3/31 "/>
</bind>
</comp>

<comp id="1604" class="1004" name="tmp_55_fu_1604">
<pin_list>
<pin id="1605" dir="0" index="0" bw="16" slack="0"/>
<pin id="1606" dir="0" index="1" bw="20" slack="0"/>
<pin id="1607" dir="0" index="2" bw="4" slack="0"/>
<pin id="1608" dir="0" index="3" bw="6" slack="0"/>
<pin id="1609" dir="1" index="4" bw="16" slack="0"/>
</pin_list>
<bind>
<opcode="partselect(1002) " fcode="partselect"/>
<opset="tmp_55/31 "/>
</bind>
</comp>

<comp id="1614" class="1004" name="var_fu_1614">
<pin_list>
<pin id="1615" dir="0" index="0" bw="1" slack="1"/>
<pin id="1616" dir="0" index="1" bw="16" slack="0"/>
<pin id="1617" dir="0" index="2" bw="16" slack="1"/>
<pin id="1618" dir="1" index="3" bw="16" slack="0"/>
</pin_list>
<bind>
<opcode="select(49) " fcode="select"/>
<opset="var/31 "/>
</bind>
</comp>

<comp id="1620" class="1004" name="icmp_ln1090_fu_1620">
<pin_list>
<pin id="1621" dir="0" index="0" bw="16" slack="0"/>
<pin id="1622" dir="0" index="1" bw="1" slack="0"/>
<pin id="1623" dir="1" index="2" bw="1" slack="1"/>
</pin_list>
<bind>
<opcode="icmp(45) " fcode="icmp"/>
<opset="icmp_ln1090/31 "/>
</bind>
</comp>

<comp id="1626" class="1004" name="p_Result_9_fu_1626">
<pin_list>
<pin id="1627" dir="0" index="0" bw="1" slack="0"/>
<pin id="1628" dir="0" index="1" bw="16" slack="0"/>
<pin id="1629" dir="0" index="2" bw="5" slack="0"/>
<pin id="1630" dir="1" index="3" bw="1" slack="0"/>
</pin_list>
<bind>
<opcode="bitselect(1000) " fcode="bitselect"/>
<opset="p_Result_9/31 "/>
</bind>
</comp>

<comp id="1634" class="1004" name="tmp_V_fu_1634">
<pin_list>
<pin id="1635" dir="0" index="0" bw="1" slack="0"/>
<pin id="1636" dir="0" index="1" bw="16" slack="0"/>
<pin id="1637" dir="1" index="2" bw="16" slack="0"/>
</pin_list>
<bind>
<opcode="sub(10) " fcode="sub"/>
<opset="tmp_V/31 "/>
</bind>
</comp>

<comp id="1640" class="1004" name="tmp_V_2_fu_1640">
<pin_list>
<pin id="1641" dir="0" index="0" bw="1" slack="0"/>
<pin id="1642" dir="0" index="1" bw="16" slack="0"/>
<pin id="1643" dir="0" index="2" bw="16" slack="0"/>
<pin id="1644" dir="1" index="3" bw="16" slack="0"/>
</pin_list>
<bind>
<opcode="select(49) " fcode="select"/>
<opset="tmp_V_2/31 "/>
</bind>
</comp>

<comp id="1648" class="1004" name="p_Result_s_fu_1648">
<pin_list>
<pin id="1649" dir="0" index="0" bw="16" slack="0"/>
<pin id="1650" dir="0" index="1" bw="16" slack="0"/>
<pin id="1651" dir="0" index="2" bw="5" slack="0"/>
<pin id="1652" dir="0" index="3" bw="1" slack="0"/>
<pin id="1653" dir="1" index="4" bw="16" slack="1"/>
</pin_list>
<bind>
<opcode="partselect(1002) " fcode="partselect"/>
<opset="p_Result_s/31 "/>
</bind>
</comp>

<comp id="1658" class="1004" name="p_Result_10_fu_1658">
<pin_list>
<pin id="1659" dir="0" index="0" bw="17" slack="0"/>
<pin id="1660" dir="0" index="1" bw="1" slack="0"/>
<pin id="1661" dir="0" index="2" bw="16" slack="1"/>
<pin id="1662" dir="1" index="3" bw="17" slack="0"/>
</pin_list>
<bind>
<opcode="bitconcatenate(1004) " fcode="bitconcatenate"/>
<opset="p_Result_10/32 "/>
</bind>
</comp>

<comp id="1665" class="1004" name="sext_ln1198_fu_1665">
<pin_list>
<pin id="1666" dir="0" index="0" bw="17" slack="0"/>
<pin id="1667" dir="1" index="1" bw="32" slack="0"/>
</pin_list>
<bind>
<opcode="sext(35) " fcode="sext"/>
<opset="sext_ln1198/32 "/>
</bind>
</comp>

<comp id="1669" class="1004" name="l_fu_1669">
<pin_list>
<pin id="1670" dir="0" index="0" bw="32" slack="0"/>
<pin id="1671" dir="0" index="1" bw="17" slack="0"/>
<pin id="1672" dir="0" index="2" bw="1" slack="0"/>
<pin id="1673" dir="1" index="3" bw="32" slack="0"/>
</pin_list>
<bind>
<opcode="cttz(524) " fcode="cttz"/>
<opset="l/32 "/>
</bind>
</comp>

<comp id="1677" class="1004" name="sub_ln1099_fu_1677">
<pin_list>
<pin id="1678" dir="0" index="0" bw="6" slack="0"/>
<pin id="1679" dir="0" index="1" bw="32" slack="0"/>
<pin id="1680" dir="1" index="2" bw="32" slack="0"/>
</pin_list>
<bind>
<opcode="sub(10) " fcode="sub"/>
<opset="sub_ln1099/32 "/>
</bind>
</comp>

<comp id="1683" class="1004" name="trunc_ln1099_fu_1683">
<pin_list>
<pin id="1684" dir="0" index="0" bw="32" slack="0"/>
<pin id="1685" dir="1" index="1" bw="16" slack="1"/>
</pin_list>
<bind>
<opcode="trunc(33) " fcode="trunc"/>
<opset="trunc_ln1099/32 "/>
</bind>
</comp>

<comp id="1687" class="1004" name="trunc_ln1102_fu_1687">
<pin_list>
<pin id="1688" dir="0" index="0" bw="32" slack="0"/>
<pin id="1689" dir="1" index="1" bw="4" slack="0"/>
</pin_list>
<bind>
<opcode="trunc(33) " fcode="trunc"/>
<opset="trunc_ln1102/32 "/>
</bind>
</comp>

<comp id="1691" class="1004" name="sub_ln1102_fu_1691">
<pin_list>
<pin id="1692" dir="0" index="0" bw="4" slack="0"/>
<pin id="1693" dir="0" index="1" bw="4" slack="0"/>
<pin id="1694" dir="1" index="2" bw="4" slack="0"/>
</pin_list>
<bind>
<opcode="sub(10) " fcode="sub"/>
<opset="sub_ln1102/32 "/>
</bind>
</comp>

<comp id="1697" class="1004" name="zext_ln1102_fu_1697">
<pin_list>
<pin id="1698" dir="0" index="0" bw="4" slack="0"/>
<pin id="1699" dir="1" index="1" bw="16" slack="0"/>
</pin_list>
<bind>
<opcode="zext(34) " fcode="zext"/>
<opset="zext_ln1102/32 "/>
</bind>
</comp>

<comp id="1701" class="1004" name="lshr_ln1102_fu_1701">
<pin_list>
<pin id="1702" dir="0" index="0" bw="1" slack="0"/>
<pin id="1703" dir="0" index="1" bw="4" slack="0"/>
<pin id="1704" dir="1" index="2" bw="16" slack="0"/>
</pin_list>
<bind>
<opcode="lshr(21) " fcode="lshr"/>
<opset="lshr_ln1102/32 "/>
</bind>
</comp>

<comp id="1707" class="1004" name="p_Result_4_fu_1707">
<pin_list>
<pin id="1708" dir="0" index="0" bw="16" slack="1"/>
<pin id="1709" dir="0" index="1" bw="16" slack="0"/>
<pin id="1710" dir="1" index="2" bw="16" slack="0"/>
</pin_list>
<bind>
<opcode="and(23) " fcode="and"/>
<opset="p_Result_4/32 "/>
</bind>
</comp>

<comp id="1712" class="1004" name="icmp_ln1102_fu_1712">
<pin_list>
<pin id="1713" dir="0" index="0" bw="16" slack="0"/>
<pin id="1714" dir="0" index="1" bw="1" slack="0"/>
<pin id="1715" dir="1" index="2" bw="1" slack="1"/>
</pin_list>
<bind>
<opcode="icmp(45) " fcode="icmp"/>
<opset="icmp_ln1102/32 "/>
</bind>
</comp>

<comp id="1718" class="1004" name="trunc_ln1098_fu_1718">
<pin_list>
<pin id="1719" dir="0" index="0" bw="32" slack="0"/>
<pin id="1720" dir="1" index="1" bw="8" slack="3"/>
</pin_list>
<bind>
<opcode="trunc(33) " fcode="trunc"/>
<opset="trunc_ln1098/32 "/>
</bind>
</comp>

<comp id="1722" class="1004" name="lsb_index_fu_1722">
<pin_list>
<pin id="1723" dir="0" index="0" bw="32" slack="1"/>
<pin id="1724" dir="0" index="1" bw="6" slack="0"/>
<pin id="1725" dir="1" index="2" bw="32" slack="0"/>
</pin_list>
<bind>
<opcode="add(8) " fcode="add"/>
<opset="lsb_index/33 "/>
</bind>
</comp>

<comp id="1727" class="1004" name="tmp_26_fu_1727">
<pin_list>
<pin id="1728" dir="0" index="0" bw="31" slack="0"/>
<pin id="1729" dir="0" index="1" bw="32" slack="0"/>
<pin id="1730" dir="0" index="2" bw="1" slack="0"/>
<pin id="1731" dir="0" index="3" bw="6" slack="0"/>
<pin id="1732" dir="1" index="4" bw="31" slack="0"/>
</pin_list>
<bind>
<opcode="partselect(1002) " fcode="partselect"/>
<opset="tmp_26/33 "/>
</bind>
</comp>

<comp id="1737" class="1004" name="icmp_ln1101_fu_1737">
<pin_list>
<pin id="1738" dir="0" index="0" bw="31" slack="0"/>
<pin id="1739" dir="0" index="1" bw="1" slack="0"/>
<pin id="1740" dir="1" index="2" bw="1" slack="0"/>
</pin_list>
<bind>
<opcode="icmp(45) " fcode="icmp"/>
<opset="icmp_ln1101/33 "/>
</bind>
</comp>

<comp id="1743" class="1004" name="a_fu_1743">
<pin_list>
<pin id="1744" dir="0" index="0" bw="1" slack="0"/>
<pin id="1745" dir="0" index="1" bw="1" slack="1"/>
<pin id="1746" dir="1" index="2" bw="1" slack="0"/>
</pin_list>
<bind>
<opcode="and(23) " fcode="and"/>
<opset="a/33 "/>
</bind>
</comp>

<comp id="1748" class="1004" name="tmp_27_fu_1748">
<pin_list>
<pin id="1749" dir="0" index="0" bw="1" slack="0"/>
<pin id="1750" dir="0" index="1" bw="32" slack="0"/>
<pin id="1751" dir="0" index="2" bw="6" slack="0"/>
<pin id="1752" dir="1" index="3" bw="1" slack="0"/>
</pin_list>
<bind>
<opcode="bitselect(1000) " fcode="bitselect"/>
<opset="tmp_27/33 "/>
</bind>
</comp>

<comp id="1756" class="1004" name="xor_ln1104_fu_1756">
<pin_list>
<pin id="1757" dir="0" index="0" bw="1" slack="0"/>
<pin id="1758" dir="0" index="1" bw="1" slack="0"/>
<pin id="1759" dir="1" index="2" bw="1" slack="0"/>
</pin_list>
<bind>
<opcode="xor(25) " fcode="xor"/>
<opset="xor_ln1104/33 "/>
</bind>
</comp>

<comp id="1762" class="1004" name="add_ln1104_fu_1762">
<pin_list>
<pin id="1763" dir="0" index="0" bw="16" slack="1"/>
<pin id="1764" dir="0" index="1" bw="6" slack="0"/>
<pin id="1765" dir="1" index="2" bw="16" slack="0"/>
</pin_list>
<bind>
<opcode="add(8) " fcode="add"/>
<opset="add_ln1104/33 "/>
</bind>
</comp>

<comp id="1767" class="1004" name="p_Result_3_fu_1767">
<pin_list>
<pin id="1768" dir="0" index="0" bw="1" slack="0"/>
<pin id="1769" dir="0" index="1" bw="16" slack="2"/>
<pin id="1770" dir="0" index="2" bw="16" slack="0"/>
<pin id="1771" dir="1" index="3" bw="1" slack="0"/>
</pin_list>
<bind>
<opcode="bitselect(1000) " fcode="bitselect"/>
<opset="p_Result_3/33 "/>
</bind>
</comp>

<comp id="1774" class="1004" name="and_ln1104_fu_1774">
<pin_list>
<pin id="1775" dir="0" index="0" bw="1" slack="0"/>
<pin id="1776" dir="0" index="1" bw="1" slack="0"/>
<pin id="1777" dir="1" index="2" bw="1" slack="0"/>
</pin_list>
<bind>
<opcode="and(23) " fcode="and"/>
<opset="and_ln1104/33 "/>
</bind>
</comp>

<comp id="1780" class="1004" name="or_ln1104_fu_1780">
<pin_list>
<pin id="1781" dir="0" index="0" bw="1" slack="0"/>
<pin id="1782" dir="0" index="1" bw="1" slack="0"/>
<pin id="1783" dir="1" index="2" bw="1" slack="0"/>
</pin_list>
<bind>
<opcode="or(24) " fcode="or"/>
<opset="or_ln1104/33 "/>
</bind>
</comp>

<comp id="1786" class="1004" name="or_ln_fu_1786">
<pin_list>
<pin id="1787" dir="0" index="0" bw="2" slack="0"/>
<pin id="1788" dir="0" index="1" bw="1" slack="0"/>
<pin id="1789" dir="0" index="2" bw="1" slack="0"/>
<pin id="1790" dir="1" index="3" bw="2" slack="1"/>
</pin_list>
<bind>
<opcode="bitconcatenate(1004) " fcode="bitconcatenate"/>
<opset="or_ln/33 "/>
</bind>
</comp>

<comp id="1794" class="1004" name="icmp_ln1113_fu_1794">
<pin_list>
<pin id="1795" dir="0" index="0" bw="32" slack="0"/>
<pin id="1796" dir="0" index="1" bw="1" slack="0"/>
<pin id="1797" dir="1" index="2" bw="1" slack="1"/>
</pin_list>
<bind>
<opcode="icmp(45) " fcode="icmp"/>
<opset="icmp_ln1113/33 "/>
</bind>
</comp>

<comp id="1800" class="1004" name="zext_ln1112_fu_1800">
<pin_list>
<pin id="1801" dir="0" index="0" bw="16" slack="3"/>
<pin id="1802" dir="1" index="1" bw="64" slack="0"/>
</pin_list>
<bind>
<opcode="zext(34) " fcode="zext"/>
<opset="zext_ln1112/34 "/>
</bind>
</comp>

<comp id="1803" class="1004" name="add_ln1113_fu_1803">
<pin_list>
<pin id="1804" dir="0" index="0" bw="32" slack="2"/>
<pin id="1805" dir="0" index="1" bw="6" slack="0"/>
<pin id="1806" dir="1" index="2" bw="32" slack="0"/>
</pin_list>
<bind>
<opcode="add(8) " fcode="add"/>
<opset="add_ln1113/34 "/>
</bind>
</comp>

<comp id="1808" class="1004" name="zext_ln1113_fu_1808">
<pin_list>
<pin id="1809" dir="0" index="0" bw="32" slack="0"/>
<pin id="1810" dir="1" index="1" bw="64" slack="0"/>
</pin_list>
<bind>
<opcode="zext(34) " fcode="zext"/>
<opset="zext_ln1113/34 "/>
</bind>
</comp>

<comp id="1812" class="1004" name="lshr_ln1113_fu_1812">
<pin_list>
<pin id="1813" dir="0" index="0" bw="16" slack="0"/>
<pin id="1814" dir="0" index="1" bw="32" slack="0"/>
<pin id="1815" dir="1" index="2" bw="64" slack="0"/>
</pin_list>
<bind>
<opcode="lshr(21) " fcode="lshr"/>
<opset="lshr_ln1113/34 "/>
</bind>
</comp>

<comp id="1818" class="1004" name="sub_ln1114_fu_1818">
<pin_list>
<pin id="1819" dir="0" index="0" bw="6" slack="0"/>
<pin id="1820" dir="0" index="1" bw="32" slack="2"/>
<pin id="1821" dir="1" index="2" bw="32" slack="0"/>
</pin_list>
<bind>
<opcode="sub(10) " fcode="sub"/>
<opset="sub_ln1114/34 "/>
</bind>
</comp>

<comp id="1823" class="1004" name="zext_ln1114_fu_1823">
<pin_list>
<pin id="1824" dir="0" index="0" bw="32" slack="0"/>
<pin id="1825" dir="1" index="1" bw="64" slack="0"/>
</pin_list>
<bind>
<opcode="zext(34) " fcode="zext"/>
<opset="zext_ln1114/34 "/>
</bind>
</comp>

<comp id="1827" class="1004" name="shl_ln1114_fu_1827">
<pin_list>
<pin id="1828" dir="0" index="0" bw="16" slack="0"/>
<pin id="1829" dir="0" index="1" bw="32" slack="0"/>
<pin id="1830" dir="1" index="2" bw="64" slack="0"/>
</pin_list>
<bind>
<opcode="shl(20) " fcode="shl"/>
<opset="shl_ln1114/34 "/>
</bind>
</comp>

<comp id="1833" class="1004" name="m_2_fu_1833">
<pin_list>
<pin id="1834" dir="0" index="0" bw="1" slack="1"/>
<pin id="1835" dir="0" index="1" bw="64" slack="0"/>
<pin id="1836" dir="0" index="2" bw="64" slack="0"/>
<pin id="1837" dir="1" index="3" bw="64" slack="0"/>
</pin_list>
<bind>
<opcode="select(49) " fcode="select"/>
<opset="m_2/34 "/>
</bind>
</comp>

<comp id="1840" class="1004" name="zext_ln1116_fu_1840">
<pin_list>
<pin id="1841" dir="0" index="0" bw="2" slack="1"/>
<pin id="1842" dir="1" index="1" bw="64" slack="0"/>
</pin_list>
<bind>
<opcode="zext(34) " fcode="zext"/>
<opset="zext_ln1116/34 "/>
</bind>
</comp>

<comp id="1843" class="1004" name="m_3_fu_1843">
<pin_list>
<pin id="1844" dir="0" index="0" bw="64" slack="0"/>
<pin id="1845" dir="0" index="1" bw="2" slack="0"/>
<pin id="1846" dir="1" index="2" bw="64" slack="0"/>
</pin_list>
<bind>
<opcode="add(8) " fcode="add"/>
<opset="m_3/34 "/>
</bind>
</comp>

<comp id="1849" class="1004" name="m_4_fu_1849">
<pin_list>
<pin id="1850" dir="0" index="0" bw="63" slack="0"/>
<pin id="1851" dir="0" index="1" bw="64" slack="0"/>
<pin id="1852" dir="0" index="2" bw="1" slack="0"/>
<pin id="1853" dir="0" index="3" bw="7" slack="0"/>
<pin id="1854" dir="1" index="4" bw="63" slack="1"/>
</pin_list>
<bind>
<opcode="partselect(1002) " fcode="partselect"/>
<opset="m_4/34 "/>
</bind>
</comp>

<comp id="1859" class="1004" name="p_Result_5_fu_1859">
<pin_list>
<pin id="1860" dir="0" index="0" bw="1" slack="0"/>
<pin id="1861" dir="0" index="1" bw="64" slack="0"/>
<pin id="1862" dir="0" index="2" bw="6" slack="0"/>
<pin id="1863" dir="1" index="3" bw="1" slack="1"/>
</pin_list>
<bind>
<opcode="bitselect(1000) " fcode="bitselect"/>
<opset="p_Result_5/34 "/>
</bind>
</comp>

<comp id="1867" class="1004" name="zext_ln1117_fu_1867">
<pin_list>
<pin id="1868" dir="0" index="0" bw="63" slack="1"/>
<pin id="1869" dir="1" index="1" bw="64" slack="0"/>
</pin_list>
<bind>
<opcode="zext(34) " fcode="zext"/>
<opset="zext_ln1117/35 "/>
</bind>
</comp>

<comp id="1870" class="1004" name="select_ln1098_fu_1870">
<pin_list>
<pin id="1871" dir="0" index="0" bw="1" slack="1"/>
<pin id="1872" dir="0" index="1" bw="8" slack="0"/>
<pin id="1873" dir="0" index="2" bw="8" slack="0"/>
<pin id="1874" dir="1" index="3" bw="8" slack="0"/>
</pin_list>
<bind>
<opcode="select(49) " fcode="select"/>
<opset="select_ln1098/35 "/>
</bind>
</comp>

<comp id="1877" class="1004" name="sub_ln1119_fu_1877">
<pin_list>
<pin id="1878" dir="0" index="0" bw="4" slack="0"/>
<pin id="1879" dir="0" index="1" bw="8" slack="3"/>
<pin id="1880" dir="1" index="2" bw="8" slack="0"/>
</pin_list>
<bind>
<opcode="sub(10) " fcode="sub"/>
<opset="sub_ln1119/35 "/>
</bind>
</comp>

<comp id="1882" class="1004" name="add_ln1124_fu_1882">
<pin_list>
<pin id="1883" dir="0" index="0" bw="8" slack="0"/>
<pin id="1884" dir="0" index="1" bw="8" slack="0"/>
<pin id="1885" dir="1" index="2" bw="8" slack="0"/>
</pin_list>
<bind>
<opcode="add(8) " fcode="add"/>
<opset="add_ln1124/35 "/>
</bind>
</comp>

<comp id="1888" class="1004" name="tmp_3_fu_1888">
<pin_list>
<pin id="1889" dir="0" index="0" bw="9" slack="0"/>
<pin id="1890" dir="0" index="1" bw="1" slack="4"/>
<pin id="1891" dir="0" index="2" bw="8" slack="0"/>
<pin id="1892" dir="1" index="3" bw="9" slack="0"/>
</pin_list>
<bind>
<opcode="bitconcatenate(1004) " fcode="bitconcatenate"/>
<opset="tmp_3/35 "/>
</bind>
</comp>

<comp id="1895" class="1004" name="p_Result_11_fu_1895">
<pin_list>
<pin id="1896" dir="0" index="0" bw="64" slack="0"/>
<pin id="1897" dir="0" index="1" bw="63" slack="0"/>
<pin id="1898" dir="0" index="2" bw="9" slack="0"/>
<pin id="1899" dir="0" index="3" bw="6" slack="0"/>
<pin id="1900" dir="0" index="4" bw="6" slack="0"/>
<pin id="1901" dir="1" index="5" bw="64" slack="0"/>
</pin_list>
<bind>
<opcode="partset(1003) " fcode="partset"/>
<opset="p_Result_11/35 "/>
</bind>
</comp>

<comp id="1907" class="1004" name="LD_fu_1907">
<pin_list>
<pin id="1908" dir="0" index="0" bw="64" slack="0"/>
<pin id="1909" dir="1" index="1" bw="32" slack="1"/>
</pin_list>
<bind>
<opcode="trunc(33) " fcode="trunc"/>
<opset="LD/35 "/>
</bind>
</comp>

<comp id="1911" class="1004" name="bitcast_ln766_fu_1911">
<pin_list>
<pin id="1912" dir="0" index="0" bw="32" slack="1"/>
<pin id="1913" dir="1" index="1" bw="32" slack="0"/>
</pin_list>
<bind>
<opcode="bitcast(44) " fcode="bitcast"/>
<opset="bitcast_ln766/36 "/>
</bind>
</comp>

<comp id="1915" class="1004" name="select_ln1090_fu_1915">
<pin_list>
<pin id="1916" dir="0" index="0" bw="1" slack="10"/>
<pin id="1917" dir="0" index="1" bw="32" slack="0"/>
<pin id="1918" dir="0" index="2" bw="32" slack="1"/>
<pin id="1919" dir="1" index="3" bw="32" slack="0"/>
</pin_list>
<bind>
<opcode="select(49) " fcode="select"/>
<opset="select_ln1090/41 "/>
</bind>
</comp>

<comp id="1922" class="1004" name="ireg_fu_1922">
<pin_list>
<pin id="1923" dir="0" index="0" bw="64" slack="0"/>
<pin id="1924" dir="1" index="1" bw="64" slack="0"/>
</pin_list>
<bind>
<opcode="bitcast(44) " fcode="bitcast"/>
<opset="ireg/74 "/>
</bind>
</comp>

<comp id="1926" class="1004" name="trunc_ln544_fu_1926">
<pin_list>
<pin id="1927" dir="0" index="0" bw="64" slack="0"/>
<pin id="1928" dir="1" index="1" bw="63" slack="0"/>
</pin_list>
<bind>
<opcode="trunc(33) " fcode="trunc"/>
<opset="trunc_ln544/74 "/>
</bind>
</comp>

<comp id="1930" class="1004" name="p_Result_12_fu_1930">
<pin_list>
<pin id="1931" dir="0" index="0" bw="1" slack="0"/>
<pin id="1932" dir="0" index="1" bw="64" slack="0"/>
<pin id="1933" dir="0" index="2" bw="7" slack="0"/>
<pin id="1934" dir="1" index="3" bw="1" slack="1"/>
</pin_list>
<bind>
<opcode="bitselect(1000) " fcode="bitselect"/>
<opset="p_Result_12/74 "/>
</bind>
</comp>

<comp id="1938" class="1004" name="exp_tmp_fu_1938">
<pin_list>
<pin id="1939" dir="0" index="0" bw="11" slack="0"/>
<pin id="1940" dir="0" index="1" bw="64" slack="0"/>
<pin id="1941" dir="0" index="2" bw="7" slack="0"/>
<pin id="1942" dir="0" index="3" bw="7" slack="0"/>
<pin id="1943" dir="1" index="4" bw="11" slack="1"/>
</pin_list>
<bind>
<opcode="partselect(1002) " fcode="partselect"/>
<opset="exp_tmp/74 "/>
</bind>
</comp>

<comp id="1948" class="1004" name="trunc_ln554_fu_1948">
<pin_list>
<pin id="1949" dir="0" index="0" bw="64" slack="0"/>
<pin id="1950" dir="1" index="1" bw="52" slack="1"/>
</pin_list>
<bind>
<opcode="trunc(33) " fcode="trunc"/>
<opset="trunc_ln554/74 "/>
</bind>
</comp>

<comp id="1952" class="1004" name="icmp_ln560_fu_1952">
<pin_list>
<pin id="1953" dir="0" index="0" bw="63" slack="0"/>
<pin id="1954" dir="0" index="1" bw="1" slack="0"/>
<pin id="1955" dir="1" index="2" bw="1" slack="1"/>
</pin_list>
<bind>
<opcode="icmp(45) " fcode="icmp"/>
<opset="icmp_ln560/74 "/>
</bind>
</comp>

<comp id="1958" class="1004" name="zext_ln455_fu_1958">
<pin_list>
<pin id="1959" dir="0" index="0" bw="11" slack="1"/>
<pin id="1960" dir="1" index="1" bw="12" slack="0"/>
</pin_list>
<bind>
<opcode="zext(34) " fcode="zext"/>
<opset="zext_ln455/75 "/>
</bind>
</comp>

<comp id="1961" class="1004" name="p_Result_13_fu_1961">
<pin_list>
<pin id="1962" dir="0" index="0" bw="53" slack="0"/>
<pin id="1963" dir="0" index="1" bw="1" slack="0"/>
<pin id="1964" dir="0" index="2" bw="52" slack="1"/>
<pin id="1965" dir="1" index="3" bw="53" slack="0"/>
</pin_list>
<bind>
<opcode="bitconcatenate(1004) " fcode="bitconcatenate"/>
<opset="p_Result_13/75 "/>
</bind>
</comp>

<comp id="1968" class="1004" name="zext_ln558_fu_1968">
<pin_list>
<pin id="1969" dir="0" index="0" bw="53" slack="0"/>
<pin id="1970" dir="1" index="1" bw="54" slack="0"/>
</pin_list>
<bind>
<opcode="zext(34) " fcode="zext"/>
<opset="zext_ln558/75 "/>
</bind>
</comp>

<comp id="1972" class="1004" name="man_V_1_fu_1972">
<pin_list>
<pin id="1973" dir="0" index="0" bw="1" slack="0"/>
<pin id="1974" dir="0" index="1" bw="53" slack="0"/>
<pin id="1975" dir="1" index="2" bw="54" slack="0"/>
</pin_list>
<bind>
<opcode="sub(10) " fcode="sub"/>
<opset="man_V_1/75 "/>
</bind>
</comp>

<comp id="1978" class="1004" name="man_V_2_fu_1978">
<pin_list>
<pin id="1979" dir="0" index="0" bw="1" slack="1"/>
<pin id="1980" dir="0" index="1" bw="54" slack="0"/>
<pin id="1981" dir="0" index="2" bw="53" slack="0"/>
<pin id="1982" dir="1" index="3" bw="54" slack="0"/>
</pin_list>
<bind>
<opcode="select(49) " fcode="select"/>
<opset="man_V_2/75 "/>
</bind>
</comp>

<comp id="1985" class="1004" name="F2_fu_1985">
<pin_list>
<pin id="1986" dir="0" index="0" bw="12" slack="0"/>
<pin id="1987" dir="0" index="1" bw="11" slack="0"/>
<pin id="1988" dir="1" index="2" bw="12" slack="0"/>
</pin_list>
<bind>
<opcode="sub(10) " fcode="sub"/>
<opset="F2/75 "/>
</bind>
</comp>

<comp id="1991" class="1004" name="icmp_ln570_fu_1991">
<pin_list>
<pin id="1992" dir="0" index="0" bw="12" slack="0"/>
<pin id="1993" dir="0" index="1" bw="5" slack="0"/>
<pin id="1994" dir="1" index="2" bw="1" slack="0"/>
</pin_list>
<bind>
<opcode="icmp(45) " fcode="icmp"/>
<opset="icmp_ln570/75 "/>
</bind>
</comp>

<comp id="1997" class="1004" name="add_ln570_fu_1997">
<pin_list>
<pin id="1998" dir="0" index="0" bw="12" slack="0"/>
<pin id="1999" dir="0" index="1" bw="5" slack="0"/>
<pin id="2000" dir="1" index="2" bw="12" slack="0"/>
</pin_list>
<bind>
<opcode="add(8) " fcode="add"/>
<opset="add_ln570/75 "/>
</bind>
</comp>

<comp id="2003" class="1004" name="sub_ln570_fu_2003">
<pin_list>
<pin id="2004" dir="0" index="0" bw="5" slack="0"/>
<pin id="2005" dir="0" index="1" bw="12" slack="0"/>
<pin id="2006" dir="1" index="2" bw="12" slack="0"/>
</pin_list>
<bind>
<opcode="sub(10) " fcode="sub"/>
<opset="sub_ln570/75 "/>
</bind>
</comp>

<comp id="2009" class="1004" name="sh_amt_fu_2009">
<pin_list>
<pin id="2010" dir="0" index="0" bw="1" slack="0"/>
<pin id="2011" dir="0" index="1" bw="12" slack="0"/>
<pin id="2012" dir="0" index="2" bw="12" slack="0"/>
<pin id="2013" dir="1" index="3" bw="12" slack="0"/>
</pin_list>
<bind>
<opcode="select(49) " fcode="select"/>
<opset="sh_amt/75 "/>
</bind>
</comp>

<comp id="2017" class="1004" name="icmp_ln571_fu_2017">
<pin_list>
<pin id="2018" dir="0" index="0" bw="12" slack="0"/>
<pin id="2019" dir="0" index="1" bw="5" slack="0"/>
<pin id="2020" dir="1" index="2" bw="1" slack="1"/>
</pin_list>
<bind>
<opcode="icmp(45) " fcode="icmp"/>
<opset="icmp_ln571/75 "/>
</bind>
</comp>

<comp id="2023" class="1004" name="trunc_ln572_fu_2023">
<pin_list>
<pin id="2024" dir="0" index="0" bw="54" slack="0"/>
<pin id="2025" dir="1" index="1" bw="16" slack="1"/>
</pin_list>
<bind>
<opcode="trunc(33) " fcode="trunc"/>
<opset="trunc_ln572/75 "/>
</bind>
</comp>

<comp id="2027" class="1004" name="tmp_31_fu_2027">
<pin_list>
<pin id="2028" dir="0" index="0" bw="8" slack="0"/>
<pin id="2029" dir="0" index="1" bw="12" slack="0"/>
<pin id="2030" dir="0" index="2" bw="4" slack="0"/>
<pin id="2031" dir="0" index="3" bw="5" slack="0"/>
<pin id="2032" dir="1" index="4" bw="8" slack="0"/>
</pin_list>
<bind>
<opcode="partselect(1002) " fcode="partselect"/>
<opset="tmp_31/75 "/>
</bind>
</comp>

<comp id="2037" class="1004" name="icmp_ln592_fu_2037">
<pin_list>
<pin id="2038" dir="0" index="0" bw="8" slack="0"/>
<pin id="2039" dir="0" index="1" bw="1" slack="0"/>
<pin id="2040" dir="1" index="2" bw="1" slack="1"/>
</pin_list>
<bind>
<opcode="icmp(45) " fcode="icmp"/>
<opset="icmp_ln592/75 "/>
</bind>
</comp>

<comp id="2043" class="1004" name="sext_ln570_fu_2043">
<pin_list>
<pin id="2044" dir="0" index="0" bw="12" slack="1"/>
<pin id="2045" dir="1" index="1" bw="32" slack="0"/>
</pin_list>
<bind>
<opcode="sext(35) " fcode="sext"/>
<opset="sext_ln570/76 "/>
</bind>
</comp>

<comp id="2046" class="1004" name="icmp_ln574_fu_2046">
<pin_list>
<pin id="2047" dir="0" index="0" bw="12" slack="1"/>
<pin id="2048" dir="0" index="1" bw="7" slack="0"/>
<pin id="2049" dir="1" index="2" bw="1" slack="1"/>
</pin_list>
<bind>
<opcode="icmp(45) " fcode="icmp"/>
<opset="icmp_ln574/76 "/>
</bind>
</comp>

<comp id="2051" class="1004" name="sext_ln570cast_fu_2051">
<pin_list>
<pin id="2052" dir="0" index="0" bw="12" slack="0"/>
<pin id="2053" dir="1" index="1" bw="16" slack="0"/>
</pin_list>
<bind>
<opcode="trunc(33) " fcode="trunc"/>
<opset="sext_ln570cast/76 "/>
</bind>
</comp>

<comp id="2055" class="1004" name="shl_ln593_fu_2055">
<pin_list>
<pin id="2056" dir="0" index="0" bw="16" slack="1"/>
<pin id="2057" dir="0" index="1" bw="16" slack="0"/>
<pin id="2058" dir="1" index="2" bw="16" slack="0"/>
</pin_list>
<bind>
<opcode="shl(20) " fcode="shl"/>
<opset="shl_ln593/76 "/>
</bind>
</comp>

<comp id="2060" class="1004" name="select_ln592_fu_2060">
<pin_list>
<pin id="2061" dir="0" index="0" bw="1" slack="1"/>
<pin id="2062" dir="0" index="1" bw="16" slack="0"/>
<pin id="2063" dir="0" index="2" bw="1" slack="0"/>
<pin id="2064" dir="1" index="3" bw="16" slack="0"/>
</pin_list>
<bind>
<opcode="select(49) " fcode="select"/>
<opset="select_ln592/76 "/>
</bind>
</comp>

<comp id="2067" class="1004" name="xor_ln560_fu_2067">
<pin_list>
<pin id="2068" dir="0" index="0" bw="1" slack="2"/>
<pin id="2069" dir="0" index="1" bw="1" slack="0"/>
<pin id="2070" dir="1" index="2" bw="1" slack="0"/>
</pin_list>
<bind>
<opcode="xor(25) " fcode="xor"/>
<opset="xor_ln560/76 "/>
</bind>
</comp>

<comp id="2072" class="1004" name="and_ln571_fu_2072">
<pin_list>
<pin id="2073" dir="0" index="0" bw="1" slack="1"/>
<pin id="2074" dir="0" index="1" bw="1" slack="0"/>
<pin id="2075" dir="1" index="2" bw="1" slack="0"/>
</pin_list>
<bind>
<opcode="and(23) " fcode="and"/>
<opset="and_ln571/76 "/>
</bind>
</comp>

<comp id="2077" class="1004" name="select_ln571_fu_2077">
<pin_list>
<pin id="2078" dir="0" index="0" bw="1" slack="0"/>
<pin id="2079" dir="0" index="1" bw="16" slack="1"/>
<pin id="2080" dir="0" index="2" bw="16" slack="0"/>
<pin id="2081" dir="1" index="3" bw="16" slack="1"/>
</pin_list>
<bind>
<opcode="select(49) " fcode="select"/>
<opset="select_ln571/76 "/>
</bind>
</comp>

<comp id="2084" class="1004" name="or_ln571_fu_2084">
<pin_list>
<pin id="2085" dir="0" index="0" bw="1" slack="2"/>
<pin id="2086" dir="0" index="1" bw="1" slack="1"/>
<pin id="2087" dir="1" index="2" bw="1" slack="0"/>
</pin_list>
<bind>
<opcode="or(24) " fcode="or"/>
<opset="or_ln571/76 "/>
</bind>
</comp>

<comp id="2088" class="1004" name="xor_ln571_fu_2088">
<pin_list>
<pin id="2089" dir="0" index="0" bw="1" slack="0"/>
<pin id="2090" dir="0" index="1" bw="1" slack="0"/>
<pin id="2091" dir="1" index="2" bw="1" slack="0"/>
</pin_list>
<bind>
<opcode="xor(25) " fcode="xor"/>
<opset="xor_ln571/76 "/>
</bind>
</comp>

<comp id="2094" class="1004" name="and_ln570_fu_2094">
<pin_list>
<pin id="2095" dir="0" index="0" bw="1" slack="1"/>
<pin id="2096" dir="0" index="1" bw="1" slack="0"/>
<pin id="2097" dir="1" index="2" bw="1" slack="1"/>
</pin_list>
<bind>
<opcode="and(23) " fcode="and"/>
<opset="and_ln570/76 "/>
</bind>
</comp>

<comp id="2099" class="1004" name="zext_ln575_fu_2099">
<pin_list>
<pin id="2100" dir="0" index="0" bw="12" slack="1"/>
<pin id="2101" dir="1" index="1" bw="54" slack="0"/>
</pin_list>
<bind>
<opcode="zext(34) " fcode="zext"/>
<opset="zext_ln575/77 "/>
</bind>
</comp>

<comp id="2102" class="1004" name="ashr_ln575_fu_2102">
<pin_list>
<pin id="2103" dir="0" index="0" bw="54" slack="2"/>
<pin id="2104" dir="0" index="1" bw="32" slack="0"/>
<pin id="2105" dir="1" index="2" bw="54" slack="0"/>
</pin_list>
<bind>
<opcode="ashr(22) " fcode="ashr"/>
<opset="ashr_ln575/77 "/>
</bind>
</comp>

<comp id="2107" class="1004" name="trunc_ln575_fu_2107">
<pin_list>
<pin id="2108" dir="0" index="0" bw="54" slack="0"/>
<pin id="2109" dir="1" index="1" bw="16" slack="0"/>
</pin_list>
<bind>
<opcode="trunc(33) " fcode="trunc"/>
<opset="trunc_ln575/77 "/>
</bind>
</comp>

<comp id="2111" class="1004" name="bitcast_ln724_fu_2111">
<pin_list>
<pin id="2112" dir="0" index="0" bw="32" slack="5"/>
<pin id="2113" dir="1" index="1" bw="32" slack="0"/>
</pin_list>
<bind>
<opcode="bitcast(44) " fcode="bitcast"/>
<opset="bitcast_ln724/77 "/>
</bind>
</comp>

<comp id="2114" class="1004" name="tmp_30_fu_2114">
<pin_list>
<pin id="2115" dir="0" index="0" bw="1" slack="0"/>
<pin id="2116" dir="0" index="1" bw="32" slack="0"/>
<pin id="2117" dir="0" index="2" bw="6" slack="0"/>
<pin id="2118" dir="1" index="3" bw="1" slack="0"/>
</pin_list>
<bind>
<opcode="bitselect(1000) " fcode="bitselect"/>
<opset="tmp_30/77 "/>
</bind>
</comp>

<comp id="2122" class="1004" name="select_ln577_fu_2122">
<pin_list>
<pin id="2123" dir="0" index="0" bw="1" slack="0"/>
<pin id="2124" dir="0" index="1" bw="1" slack="0"/>
<pin id="2125" dir="0" index="2" bw="1" slack="0"/>
<pin id="2126" dir="1" index="3" bw="16" slack="0"/>
</pin_list>
<bind>
<opcode="select(49) " fcode="select"/>
<opset="select_ln577/77 "/>
</bind>
</comp>

<comp id="2130" class="1004" name="select_ln574_fu_2130">
<pin_list>
<pin id="2131" dir="0" index="0" bw="1" slack="1"/>
<pin id="2132" dir="0" index="1" bw="16" slack="0"/>
<pin id="2133" dir="0" index="2" bw="16" slack="0"/>
<pin id="2134" dir="1" index="3" bw="16" slack="0"/>
</pin_list>
<bind>
<opcode="select(49) " fcode="select"/>
<opset="select_ln574/77 "/>
</bind>
</comp>

<comp id="2137" class="1004" name="select_ln570_fu_2137">
<pin_list>
<pin id="2138" dir="0" index="0" bw="1" slack="1"/>
<pin id="2139" dir="0" index="1" bw="16" slack="0"/>
<pin id="2140" dir="0" index="2" bw="16" slack="1"/>
<pin id="2141" dir="1" index="3" bw="16" slack="0"/>
</pin_list>
<bind>
<opcode="select(49) " fcode="select"/>
<opset="select_ln570/77 "/>
</bind>
</comp>

<comp id="2143" class="1004" name="inv_std_V_fu_2143">
<pin_list>
<pin id="2144" dir="0" index="0" bw="1" slack="3"/>
<pin id="2145" dir="0" index="1" bw="1" slack="0"/>
<pin id="2146" dir="0" index="2" bw="16" slack="0"/>
<pin id="2147" dir="1" index="3" bw="16" slack="0"/>
</pin_list>
<bind>
<opcode="select(49) " fcode="select"/>
<opset="inv_std_V/77 "/>
</bind>
</comp>

<comp id="2150" class="1004" name="sext_ln1348_fu_2150">
<pin_list>
<pin id="2151" dir="0" index="0" bw="16" slack="65"/>
<pin id="2152" dir="1" index="1" bw="17" slack="0"/>
</pin_list>
<bind>
<opcode="sext(35) " fcode="sext"/>
<opset="sext_ln1348/77 "/>
</bind>
</comp>

<comp id="2153" class="1004" name="sext_ln1348_1_fu_2153">
<pin_list>
<pin id="2154" dir="0" index="0" bw="16" slack="75"/>
<pin id="2155" dir="1" index="1" bw="17" slack="0"/>
</pin_list>
<bind>
<opcode="sext(35) " fcode="sext"/>
<opset="sext_ln1348_1/77 "/>
</bind>
</comp>

<comp id="2156" class="1004" name="sext_ln1273_32_fu_2156">
<pin_list>
<pin id="2157" dir="0" index="0" bw="16" slack="0"/>
<pin id="2158" dir="1" index="1" bw="26" slack="0"/>
</pin_list>
<bind>
<opcode="sext(35) " fcode="sext"/>
<opset="sext_ln1273_32/77 "/>
</bind>
</comp>

<comp id="2160" class="1004" name="sext_ln1348_2_fu_2160">
<pin_list>
<pin id="2161" dir="0" index="0" bw="16" slack="75"/>
<pin id="2162" dir="1" index="1" bw="17" slack="0"/>
</pin_list>
<bind>
<opcode="sext(35) " fcode="sext"/>
<opset="sext_ln1348_2/77 "/>
</bind>
</comp>

<comp id="2163" class="1004" name="sext_ln1348_3_fu_2163">
<pin_list>
<pin id="2164" dir="0" index="0" bw="16" slack="74"/>
<pin id="2165" dir="1" index="1" bw="17" slack="0"/>
</pin_list>
<bind>
<opcode="sext(35) " fcode="sext"/>
<opset="sext_ln1348_3/77 "/>
</bind>
</comp>

<comp id="2166" class="1004" name="sext_ln1348_4_fu_2166">
<pin_list>
<pin id="2167" dir="0" index="0" bw="16" slack="75"/>
<pin id="2168" dir="1" index="1" bw="17" slack="0"/>
</pin_list>
<bind>
<opcode="sext(35) " fcode="sext"/>
<opset="sext_ln1348_4/78 "/>
</bind>
</comp>

<comp id="2169" class="1004" name="sext_ln1348_5_fu_2169">
<pin_list>
<pin id="2170" dir="0" index="0" bw="16" slack="74"/>
<pin id="2171" dir="1" index="1" bw="17" slack="0"/>
</pin_list>
<bind>
<opcode="sext(35) " fcode="sext"/>
<opset="sext_ln1348_5/78 "/>
</bind>
</comp>

<comp id="2172" class="1004" name="sext_ln1348_6_fu_2172">
<pin_list>
<pin id="2173" dir="0" index="0" bw="16" slack="74"/>
<pin id="2174" dir="1" index="1" bw="17" slack="0"/>
</pin_list>
<bind>
<opcode="sext(35) " fcode="sext"/>
<opset="sext_ln1348_6/78 "/>
</bind>
</comp>

<comp id="2175" class="1004" name="sext_ln1348_7_fu_2175">
<pin_list>
<pin id="2176" dir="0" index="0" bw="16" slack="74"/>
<pin id="2177" dir="1" index="1" bw="17" slack="0"/>
</pin_list>
<bind>
<opcode="sext(35) " fcode="sext"/>
<opset="sext_ln1348_7/79 "/>
</bind>
</comp>

<comp id="2178" class="1004" name="sext_ln1348_8_fu_2178">
<pin_list>
<pin id="2179" dir="0" index="0" bw="16" slack="74"/>
<pin id="2180" dir="1" index="1" bw="17" slack="0"/>
</pin_list>
<bind>
<opcode="sext(35) " fcode="sext"/>
<opset="sext_ln1348_8/79 "/>
</bind>
</comp>

<comp id="2181" class="1004" name="sext_ln1348_9_fu_2181">
<pin_list>
<pin id="2182" dir="0" index="0" bw="16" slack="73"/>
<pin id="2183" dir="1" index="1" bw="17" slack="0"/>
</pin_list>
<bind>
<opcode="sext(35) " fcode="sext"/>
<opset="sext_ln1348_9/79 "/>
</bind>
</comp>

<comp id="2184" class="1004" name="trunc_ln818_s_fu_2184">
<pin_list>
<pin id="2185" dir="0" index="0" bw="16" slack="0"/>
<pin id="2186" dir="0" index="1" bw="26" slack="0"/>
<pin id="2187" dir="0" index="2" bw="5" slack="0"/>
<pin id="2188" dir="0" index="3" bw="6" slack="0"/>
<pin id="2189" dir="1" index="4" bw="16" slack="0"/>
</pin_list>
<bind>
<opcode="partselect(1002) " fcode="partselect"/>
<opset="trunc_ln818_s/80 "/>
</bind>
</comp>

<comp id="2193" class="1004" name="sext_ln837_15_fu_2193">
<pin_list>
<pin id="2194" dir="0" index="0" bw="16" slack="0"/>
<pin id="2195" dir="1" index="1" bw="26" slack="0"/>
</pin_list>
<bind>
<opcode="sext(35) " fcode="sext"/>
<opset="sext_ln837_15/80 "/>
</bind>
</comp>

<comp id="2197" class="1004" name="zext_ln837_1_fu_2197">
<pin_list>
<pin id="2198" dir="0" index="0" bw="11" slack="0"/>
<pin id="2199" dir="1" index="1" bw="26" slack="0"/>
</pin_list>
<bind>
<opcode="zext(34) " fcode="zext"/>
<opset="zext_ln837_1/80 "/>
</bind>
</comp>

<comp id="2201" class="1004" name="trunc_ln818_17_fu_2201">
<pin_list>
<pin id="2202" dir="0" index="0" bw="16" slack="0"/>
<pin id="2203" dir="0" index="1" bw="26" slack="0"/>
<pin id="2204" dir="0" index="2" bw="5" slack="0"/>
<pin id="2205" dir="0" index="3" bw="6" slack="0"/>
<pin id="2206" dir="1" index="4" bw="16" slack="0"/>
</pin_list>
<bind>
<opcode="partselect(1002) " fcode="partselect"/>
<opset="trunc_ln818_17/80 "/>
</bind>
</comp>

<comp id="2210" class="1004" name="sext_ln837_16_fu_2210">
<pin_list>
<pin id="2211" dir="0" index="0" bw="16" slack="0"/>
<pin id="2212" dir="1" index="1" bw="26" slack="0"/>
</pin_list>
<bind>
<opcode="sext(35) " fcode="sext"/>
<opset="sext_ln837_16/80 "/>
</bind>
</comp>

<comp id="2214" class="1004" name="zext_ln837_2_fu_2214">
<pin_list>
<pin id="2215" dir="0" index="0" bw="11" slack="0"/>
<pin id="2216" dir="1" index="1" bw="26" slack="0"/>
</pin_list>
<bind>
<opcode="zext(34) " fcode="zext"/>
<opset="zext_ln837_2/80 "/>
</bind>
</comp>

<comp id="2218" class="1004" name="trunc_ln818_18_fu_2218">
<pin_list>
<pin id="2219" dir="0" index="0" bw="16" slack="0"/>
<pin id="2220" dir="0" index="1" bw="26" slack="0"/>
<pin id="2221" dir="0" index="2" bw="5" slack="0"/>
<pin id="2222" dir="0" index="3" bw="6" slack="0"/>
<pin id="2223" dir="1" index="4" bw="16" slack="1"/>
</pin_list>
<bind>
<opcode="partselect(1002) " fcode="partselect"/>
<opset="trunc_ln818_18/80 "/>
</bind>
</comp>

<comp id="2227" class="1004" name="sext_ln1348_10_fu_2227">
<pin_list>
<pin id="2228" dir="0" index="0" bw="16" slack="74"/>
<pin id="2229" dir="1" index="1" bw="17" slack="0"/>
</pin_list>
<bind>
<opcode="sext(35) " fcode="sext"/>
<opset="sext_ln1348_10/80 "/>
</bind>
</comp>

<comp id="2230" class="1004" name="sext_ln1348_11_fu_2230">
<pin_list>
<pin id="2231" dir="0" index="0" bw="16" slack="73"/>
<pin id="2232" dir="1" index="1" bw="17" slack="0"/>
</pin_list>
<bind>
<opcode="sext(35) " fcode="sext"/>
<opset="sext_ln1348_11/80 "/>
</bind>
</comp>

<comp id="2233" class="1004" name="sext_ln1348_12_fu_2233">
<pin_list>
<pin id="2234" dir="0" index="0" bw="16" slack="73"/>
<pin id="2235" dir="1" index="1" bw="17" slack="0"/>
</pin_list>
<bind>
<opcode="sext(35) " fcode="sext"/>
<opset="sext_ln1348_12/80 "/>
</bind>
</comp>

<comp id="2236" class="1004" name="sext_ln837_17_fu_2236">
<pin_list>
<pin id="2237" dir="0" index="0" bw="16" slack="1"/>
<pin id="2238" dir="1" index="1" bw="26" slack="0"/>
</pin_list>
<bind>
<opcode="sext(35) " fcode="sext"/>
<opset="sext_ln837_17/81 "/>
</bind>
</comp>

<comp id="2239" class="1004" name="zext_ln837_3_fu_2239">
<pin_list>
<pin id="2240" dir="0" index="0" bw="11" slack="0"/>
<pin id="2241" dir="1" index="1" bw="26" slack="0"/>
</pin_list>
<bind>
<opcode="zext(34) " fcode="zext"/>
<opset="zext_ln837_3/81 "/>
</bind>
</comp>

<comp id="2243" class="1004" name="trunc_ln818_19_fu_2243">
<pin_list>
<pin id="2244" dir="0" index="0" bw="16" slack="0"/>
<pin id="2245" dir="0" index="1" bw="26" slack="0"/>
<pin id="2246" dir="0" index="2" bw="5" slack="0"/>
<pin id="2247" dir="0" index="3" bw="6" slack="0"/>
<pin id="2248" dir="1" index="4" bw="16" slack="0"/>
</pin_list>
<bind>
<opcode="partselect(1002) " fcode="partselect"/>
<opset="trunc_ln818_19/81 "/>
</bind>
</comp>

<comp id="2252" class="1004" name="sext_ln837_18_fu_2252">
<pin_list>
<pin id="2253" dir="0" index="0" bw="16" slack="0"/>
<pin id="2254" dir="1" index="1" bw="26" slack="0"/>
</pin_list>
<bind>
<opcode="sext(35) " fcode="sext"/>
<opset="sext_ln837_18/81 "/>
</bind>
</comp>

<comp id="2256" class="1004" name="zext_ln837_4_fu_2256">
<pin_list>
<pin id="2257" dir="0" index="0" bw="11" slack="0"/>
<pin id="2258" dir="1" index="1" bw="26" slack="0"/>
</pin_list>
<bind>
<opcode="zext(34) " fcode="zext"/>
<opset="zext_ln837_4/81 "/>
</bind>
</comp>

<comp id="2260" class="1004" name="trunc_ln818_20_fu_2260">
<pin_list>
<pin id="2261" dir="0" index="0" bw="16" slack="0"/>
<pin id="2262" dir="0" index="1" bw="26" slack="0"/>
<pin id="2263" dir="0" index="2" bw="5" slack="0"/>
<pin id="2264" dir="0" index="3" bw="6" slack="0"/>
<pin id="2265" dir="1" index="4" bw="16" slack="0"/>
</pin_list>
<bind>
<opcode="partselect(1002) " fcode="partselect"/>
<opset="trunc_ln818_20/81 "/>
</bind>
</comp>

<comp id="2269" class="1004" name="sext_ln837_19_fu_2269">
<pin_list>
<pin id="2270" dir="0" index="0" bw="16" slack="0"/>
<pin id="2271" dir="1" index="1" bw="26" slack="0"/>
</pin_list>
<bind>
<opcode="sext(35) " fcode="sext"/>
<opset="sext_ln837_19/81 "/>
</bind>
</comp>

<comp id="2273" class="1004" name="zext_ln837_5_fu_2273">
<pin_list>
<pin id="2274" dir="0" index="0" bw="11" slack="0"/>
<pin id="2275" dir="1" index="1" bw="26" slack="0"/>
</pin_list>
<bind>
<opcode="zext(34) " fcode="zext"/>
<opset="zext_ln837_5/81 "/>
</bind>
</comp>

<comp id="2277" class="1004" name="trunc_ln818_21_fu_2277">
<pin_list>
<pin id="2278" dir="0" index="0" bw="16" slack="0"/>
<pin id="2279" dir="0" index="1" bw="26" slack="0"/>
<pin id="2280" dir="0" index="2" bw="5" slack="0"/>
<pin id="2281" dir="0" index="3" bw="6" slack="0"/>
<pin id="2282" dir="1" index="4" bw="16" slack="1"/>
</pin_list>
<bind>
<opcode="partselect(1002) " fcode="partselect"/>
<opset="trunc_ln818_21/81 "/>
</bind>
</comp>

<comp id="2286" class="1004" name="sext_ln1348_13_fu_2286">
<pin_list>
<pin id="2287" dir="0" index="0" bw="16" slack="73"/>
<pin id="2288" dir="1" index="1" bw="17" slack="0"/>
</pin_list>
<bind>
<opcode="sext(35) " fcode="sext"/>
<opset="sext_ln1348_13/81 "/>
</bind>
</comp>

<comp id="2289" class="1004" name="sext_ln1348_14_fu_2289">
<pin_list>
<pin id="2290" dir="0" index="0" bw="16" slack="73"/>
<pin id="2291" dir="1" index="1" bw="17" slack="0"/>
</pin_list>
<bind>
<opcode="sext(35) " fcode="sext"/>
<opset="sext_ln1348_14/81 "/>
</bind>
</comp>

<comp id="2292" class="1004" name="sext_ln1348_15_fu_2292">
<pin_list>
<pin id="2293" dir="0" index="0" bw="16" slack="72"/>
<pin id="2294" dir="1" index="1" bw="17" slack="0"/>
</pin_list>
<bind>
<opcode="sext(35) " fcode="sext"/>
<opset="sext_ln1348_15/81 "/>
</bind>
</comp>

<comp id="2295" class="1004" name="shl_ln838_14_fu_2295">
<pin_list>
<pin id="2296" dir="0" index="0" bw="16" slack="0"/>
<pin id="2297" dir="0" index="1" bw="6" slack="0"/>
<pin id="2298" dir="0" index="2" bw="1" slack="0"/>
<pin id="2299" dir="1" index="3" bw="16" slack="0"/>
</pin_list>
<bind>
<opcode="bitconcatenate(1004) " fcode="bitconcatenate"/>
<opset="shl_ln838_14/82 "/>
</bind>
</comp>

<comp id="2303" class="1004" name="sext_ln1347_fu_2303">
<pin_list>
<pin id="2304" dir="0" index="0" bw="16" slack="0"/>
<pin id="2305" dir="1" index="1" bw="26" slack="0"/>
</pin_list>
<bind>
<opcode="sext(35) " fcode="sext"/>
<opset="sext_ln1347/82 "/>
</bind>
</comp>

<comp id="2307" class="1004" name="shl_ln838_15_fu_2307">
<pin_list>
<pin id="2308" dir="0" index="0" bw="16" slack="0"/>
<pin id="2309" dir="0" index="1" bw="6" slack="0"/>
<pin id="2310" dir="0" index="2" bw="1" slack="0"/>
<pin id="2311" dir="1" index="3" bw="16" slack="0"/>
</pin_list>
<bind>
<opcode="bitconcatenate(1004) " fcode="bitconcatenate"/>
<opset="shl_ln838_15/82 "/>
</bind>
</comp>

<comp id="2315" class="1004" name="zext_ln1347_fu_2315">
<pin_list>
<pin id="2316" dir="0" index="0" bw="16" slack="0"/>
<pin id="2317" dir="1" index="1" bw="26" slack="0"/>
</pin_list>
<bind>
<opcode="zext(34) " fcode="zext"/>
<opset="zext_ln1347/82 "/>
</bind>
</comp>

<comp id="2319" class="1004" name="sext_ln837_20_fu_2319">
<pin_list>
<pin id="2320" dir="0" index="0" bw="16" slack="1"/>
<pin id="2321" dir="1" index="1" bw="26" slack="0"/>
</pin_list>
<bind>
<opcode="sext(35) " fcode="sext"/>
<opset="sext_ln837_20/82 "/>
</bind>
</comp>

<comp id="2322" class="1004" name="zext_ln837_6_fu_2322">
<pin_list>
<pin id="2323" dir="0" index="0" bw="11" slack="0"/>
<pin id="2324" dir="1" index="1" bw="26" slack="0"/>
</pin_list>
<bind>
<opcode="zext(34) " fcode="zext"/>
<opset="zext_ln837_6/82 "/>
</bind>
</comp>

<comp id="2326" class="1004" name="trunc_ln818_22_fu_2326">
<pin_list>
<pin id="2327" dir="0" index="0" bw="16" slack="0"/>
<pin id="2328" dir="0" index="1" bw="26" slack="0"/>
<pin id="2329" dir="0" index="2" bw="5" slack="0"/>
<pin id="2330" dir="0" index="3" bw="6" slack="0"/>
<pin id="2331" dir="1" index="4" bw="16" slack="0"/>
</pin_list>
<bind>
<opcode="partselect(1002) " fcode="partselect"/>
<opset="trunc_ln818_22/82 "/>
</bind>
</comp>

<comp id="2335" class="1004" name="sext_ln1273_39_fu_2335">
<pin_list>
<pin id="2336" dir="0" index="0" bw="16" slack="0"/>
<pin id="2337" dir="1" index="1" bw="26" slack="0"/>
</pin_list>
<bind>
<opcode="sext(35) " fcode="sext"/>
<opset="sext_ln1273_39/82 "/>
</bind>
</comp>

<comp id="2339" class="1004" name="sext_ln1273_40_fu_2339">
<pin_list>
<pin id="2340" dir="0" index="0" bw="8" slack="0"/>
<pin id="2341" dir="1" index="1" bw="10" slack="0"/>
</pin_list>
<bind>
<opcode="sext(35) " fcode="sext"/>
<opset="sext_ln1273_40/82 "/>
</bind>
</comp>

<comp id="2343" class="1004" name="zext_ln1273_fu_2343">
<pin_list>
<pin id="2344" dir="0" index="0" bw="8" slack="0"/>
<pin id="2345" dir="1" index="1" bw="26" slack="0"/>
</pin_list>
<bind>
<opcode="zext(34) " fcode="zext"/>
<opset="zext_ln1273/82 "/>
</bind>
</comp>

<comp id="2347" class="1004" name="trunc_ln818_23_fu_2347">
<pin_list>
<pin id="2348" dir="0" index="0" bw="16" slack="0"/>
<pin id="2349" dir="0" index="1" bw="26" slack="0"/>
<pin id="2350" dir="0" index="2" bw="5" slack="0"/>
<pin id="2351" dir="0" index="3" bw="6" slack="0"/>
<pin id="2352" dir="1" index="4" bw="16" slack="0"/>
</pin_list>
<bind>
<opcode="partselect(1002) " fcode="partselect"/>
<opset="trunc_ln818_23/82 "/>
</bind>
</comp>

<comp id="2356" class="1004" name="sext_ln1273_42_fu_2356">
<pin_list>
<pin id="2357" dir="0" index="0" bw="16" slack="0"/>
<pin id="2358" dir="1" index="1" bw="26" slack="0"/>
</pin_list>
<bind>
<opcode="sext(35) " fcode="sext"/>
<opset="sext_ln1273_42/82 "/>
</bind>
</comp>

<comp id="2360" class="1004" name="sext_ln1273_43_fu_2360">
<pin_list>
<pin id="2361" dir="0" index="0" bw="8" slack="0"/>
<pin id="2362" dir="1" index="1" bw="10" slack="0"/>
</pin_list>
<bind>
<opcode="sext(35) " fcode="sext"/>
<opset="sext_ln1273_43/82 "/>
</bind>
</comp>

<comp id="2364" class="1004" name="zext_ln1273_1_fu_2364">
<pin_list>
<pin id="2365" dir="0" index="0" bw="8" slack="0"/>
<pin id="2366" dir="1" index="1" bw="26" slack="0"/>
</pin_list>
<bind>
<opcode="zext(34) " fcode="zext"/>
<opset="zext_ln1273_1/82 "/>
</bind>
</comp>

<comp id="2368" class="1004" name="trunc_ln818_24_fu_2368">
<pin_list>
<pin id="2369" dir="0" index="0" bw="16" slack="0"/>
<pin id="2370" dir="0" index="1" bw="26" slack="0"/>
<pin id="2371" dir="0" index="2" bw="5" slack="0"/>
<pin id="2372" dir="0" index="3" bw="6" slack="0"/>
<pin id="2373" dir="1" index="4" bw="16" slack="1"/>
</pin_list>
<bind>
<opcode="partselect(1002) " fcode="partselect"/>
<opset="trunc_ln818_24/82 "/>
</bind>
</comp>

<comp id="2377" class="1004" name="sext_ln1348_16_fu_2377">
<pin_list>
<pin id="2378" dir="0" index="0" bw="16" slack="73"/>
<pin id="2379" dir="1" index="1" bw="17" slack="0"/>
</pin_list>
<bind>
<opcode="sext(35) " fcode="sext"/>
<opset="sext_ln1348_16/82 "/>
</bind>
</comp>

<comp id="2380" class="1004" name="trunc_ln818_16_fu_2380">
<pin_list>
<pin id="2381" dir="0" index="0" bw="16" slack="0"/>
<pin id="2382" dir="0" index="1" bw="26" slack="0"/>
<pin id="2383" dir="0" index="2" bw="5" slack="0"/>
<pin id="2384" dir="0" index="3" bw="6" slack="0"/>
<pin id="2385" dir="1" index="4" bw="16" slack="0"/>
</pin_list>
<bind>
<opcode="partselect(1002) " fcode="partselect"/>
<opset="trunc_ln818_16/83 "/>
</bind>
</comp>

<comp id="2390" class="1004" name="trunc_ln818_1_fu_2390">
<pin_list>
<pin id="2391" dir="0" index="0" bw="16" slack="0"/>
<pin id="2392" dir="0" index="1" bw="26" slack="0"/>
<pin id="2393" dir="0" index="2" bw="5" slack="0"/>
<pin id="2394" dir="0" index="3" bw="6" slack="0"/>
<pin id="2395" dir="1" index="4" bw="16" slack="0"/>
</pin_list>
<bind>
<opcode="partselect(1002) " fcode="partselect"/>
<opset="trunc_ln818_1/83 "/>
</bind>
</comp>

<comp id="2400" class="1004" name="shl_ln838_16_fu_2400">
<pin_list>
<pin id="2401" dir="0" index="0" bw="17" slack="0"/>
<pin id="2402" dir="0" index="1" bw="7" slack="0"/>
<pin id="2403" dir="0" index="2" bw="1" slack="0"/>
<pin id="2404" dir="1" index="3" bw="17" slack="0"/>
</pin_list>
<bind>
<opcode="bitconcatenate(1004) " fcode="bitconcatenate"/>
<opset="shl_ln838_16/83 "/>
</bind>
</comp>

<comp id="2408" class="1004" name="sext_ln1347_3_fu_2408">
<pin_list>
<pin id="2409" dir="0" index="0" bw="17" slack="0"/>
<pin id="2410" dir="1" index="1" bw="26" slack="0"/>
</pin_list>
<bind>
<opcode="sext(35) " fcode="sext"/>
<opset="sext_ln1347_3/83 "/>
</bind>
</comp>

<comp id="2412" class="1004" name="shl_ln838_17_fu_2412">
<pin_list>
<pin id="2413" dir="0" index="0" bw="17" slack="0"/>
<pin id="2414" dir="0" index="1" bw="7" slack="0"/>
<pin id="2415" dir="0" index="2" bw="1" slack="0"/>
<pin id="2416" dir="1" index="3" bw="17" slack="0"/>
</pin_list>
<bind>
<opcode="bitconcatenate(1004) " fcode="bitconcatenate"/>
<opset="shl_ln838_17/83 "/>
</bind>
</comp>

<comp id="2420" class="1004" name="sext_ln1347_4_fu_2420">
<pin_list>
<pin id="2421" dir="0" index="0" bw="17" slack="0"/>
<pin id="2422" dir="1" index="1" bw="26" slack="0"/>
</pin_list>
<bind>
<opcode="sext(35) " fcode="sext"/>
<opset="sext_ln1347_4/83 "/>
</bind>
</comp>

<comp id="2424" class="1004" name="shl_ln838_18_fu_2424">
<pin_list>
<pin id="2425" dir="0" index="0" bw="15" slack="0"/>
<pin id="2426" dir="0" index="1" bw="5" slack="0"/>
<pin id="2427" dir="0" index="2" bw="1" slack="0"/>
<pin id="2428" dir="1" index="3" bw="15" slack="0"/>
</pin_list>
<bind>
<opcode="bitconcatenate(1004) " fcode="bitconcatenate"/>
<opset="shl_ln838_18/83 "/>
</bind>
</comp>

<comp id="2432" class="1004" name="sext_ln1347_5_fu_2432">
<pin_list>
<pin id="2433" dir="0" index="0" bw="15" slack="0"/>
<pin id="2434" dir="1" index="1" bw="26" slack="0"/>
</pin_list>
<bind>
<opcode="sext(35) " fcode="sext"/>
<opset="sext_ln1347_5/83 "/>
</bind>
</comp>

<comp id="2436" class="1004" name="sext_ln1273_45_fu_2436">
<pin_list>
<pin id="2437" dir="0" index="0" bw="16" slack="1"/>
<pin id="2438" dir="1" index="1" bw="26" slack="0"/>
</pin_list>
<bind>
<opcode="sext(35) " fcode="sext"/>
<opset="sext_ln1273_45/83 "/>
</bind>
</comp>

<comp id="2439" class="1004" name="sext_ln1273_46_fu_2439">
<pin_list>
<pin id="2440" dir="0" index="0" bw="7" slack="0"/>
<pin id="2441" dir="1" index="1" bw="10" slack="0"/>
</pin_list>
<bind>
<opcode="sext(35) " fcode="sext"/>
<opset="sext_ln1273_46/83 "/>
</bind>
</comp>

<comp id="2443" class="1004" name="zext_ln1273_2_fu_2443">
<pin_list>
<pin id="2444" dir="0" index="0" bw="7" slack="0"/>
<pin id="2445" dir="1" index="1" bw="26" slack="0"/>
</pin_list>
<bind>
<opcode="zext(34) " fcode="zext"/>
<opset="zext_ln1273_2/83 "/>
</bind>
</comp>

<comp id="2447" class="1004" name="trunc_ln818_25_fu_2447">
<pin_list>
<pin id="2448" dir="0" index="0" bw="16" slack="0"/>
<pin id="2449" dir="0" index="1" bw="26" slack="0"/>
<pin id="2450" dir="0" index="2" bw="5" slack="0"/>
<pin id="2451" dir="0" index="3" bw="6" slack="0"/>
<pin id="2452" dir="1" index="4" bw="16" slack="0"/>
</pin_list>
<bind>
<opcode="partselect(1002) " fcode="partselect"/>
<opset="trunc_ln818_25/83 "/>
</bind>
</comp>

<comp id="2456" class="1004" name="sext_ln837_21_fu_2456">
<pin_list>
<pin id="2457" dir="0" index="0" bw="16" slack="0"/>
<pin id="2458" dir="1" index="1" bw="26" slack="0"/>
</pin_list>
<bind>
<opcode="sext(35) " fcode="sext"/>
<opset="sext_ln837_21/83 "/>
</bind>
</comp>

<comp id="2460" class="1004" name="zext_ln837_7_fu_2460">
<pin_list>
<pin id="2461" dir="0" index="0" bw="11" slack="0"/>
<pin id="2462" dir="1" index="1" bw="26" slack="0"/>
</pin_list>
<bind>
<opcode="zext(34) " fcode="zext"/>
<opset="zext_ln837_7/83 "/>
</bind>
</comp>

<comp id="2464" class="1004" name="trunc_ln818_26_fu_2464">
<pin_list>
<pin id="2465" dir="0" index="0" bw="16" slack="0"/>
<pin id="2466" dir="0" index="1" bw="26" slack="0"/>
<pin id="2467" dir="0" index="2" bw="5" slack="0"/>
<pin id="2468" dir="0" index="3" bw="6" slack="0"/>
<pin id="2469" dir="1" index="4" bw="16" slack="0"/>
</pin_list>
<bind>
<opcode="partselect(1002) " fcode="partselect"/>
<opset="trunc_ln818_26/83 "/>
</bind>
</comp>

<comp id="2473" class="1004" name="sext_ln837_22_fu_2473">
<pin_list>
<pin id="2474" dir="0" index="0" bw="16" slack="0"/>
<pin id="2475" dir="1" index="1" bw="26" slack="0"/>
</pin_list>
<bind>
<opcode="sext(35) " fcode="sext"/>
<opset="sext_ln837_22/83 "/>
</bind>
</comp>

<comp id="2477" class="1004" name="zext_ln837_8_fu_2477">
<pin_list>
<pin id="2478" dir="0" index="0" bw="11" slack="0"/>
<pin id="2479" dir="1" index="1" bw="26" slack="0"/>
</pin_list>
<bind>
<opcode="zext(34) " fcode="zext"/>
<opset="zext_ln837_8/83 "/>
</bind>
</comp>

<comp id="2481" class="1004" name="trunc_ln818_27_fu_2481">
<pin_list>
<pin id="2482" dir="0" index="0" bw="16" slack="0"/>
<pin id="2483" dir="0" index="1" bw="26" slack="0"/>
<pin id="2484" dir="0" index="2" bw="5" slack="0"/>
<pin id="2485" dir="0" index="3" bw="6" slack="0"/>
<pin id="2486" dir="1" index="4" bw="16" slack="1"/>
</pin_list>
<bind>
<opcode="partselect(1002) " fcode="partselect"/>
<opset="trunc_ln818_27/83 "/>
</bind>
</comp>

<comp id="2490" class="1004" name="trunc_ln818_2_fu_2490">
<pin_list>
<pin id="2491" dir="0" index="0" bw="16" slack="0"/>
<pin id="2492" dir="0" index="1" bw="26" slack="0"/>
<pin id="2493" dir="0" index="2" bw="5" slack="0"/>
<pin id="2494" dir="0" index="3" bw="6" slack="0"/>
<pin id="2495" dir="1" index="4" bw="16" slack="0"/>
</pin_list>
<bind>
<opcode="partselect(1002) " fcode="partselect"/>
<opset="trunc_ln818_2/84 "/>
</bind>
</comp>

<comp id="2500" class="1004" name="trunc_ln818_3_fu_2500">
<pin_list>
<pin id="2501" dir="0" index="0" bw="16" slack="0"/>
<pin id="2502" dir="0" index="1" bw="26" slack="0"/>
<pin id="2503" dir="0" index="2" bw="5" slack="0"/>
<pin id="2504" dir="0" index="3" bw="6" slack="0"/>
<pin id="2505" dir="1" index="4" bw="16" slack="0"/>
</pin_list>
<bind>
<opcode="partselect(1002) " fcode="partselect"/>
<opset="trunc_ln818_3/84 "/>
</bind>
</comp>

<comp id="2510" class="1004" name="trunc_ln818_4_fu_2510">
<pin_list>
<pin id="2511" dir="0" index="0" bw="16" slack="0"/>
<pin id="2512" dir="0" index="1" bw="26" slack="0"/>
<pin id="2513" dir="0" index="2" bw="5" slack="0"/>
<pin id="2514" dir="0" index="3" bw="6" slack="0"/>
<pin id="2515" dir="1" index="4" bw="16" slack="1"/>
</pin_list>
<bind>
<opcode="partselect(1002) " fcode="partselect"/>
<opset="trunc_ln818_4/84 "/>
</bind>
</comp>

<comp id="2519" class="1004" name="shl_ln838_19_fu_2519">
<pin_list>
<pin id="2520" dir="0" index="0" bw="16" slack="0"/>
<pin id="2521" dir="0" index="1" bw="6" slack="0"/>
<pin id="2522" dir="0" index="2" bw="1" slack="0"/>
<pin id="2523" dir="1" index="3" bw="16" slack="0"/>
</pin_list>
<bind>
<opcode="bitconcatenate(1004) " fcode="bitconcatenate"/>
<opset="shl_ln838_19/84 "/>
</bind>
</comp>

<comp id="2527" class="1004" name="sext_ln1347_6_fu_2527">
<pin_list>
<pin id="2528" dir="0" index="0" bw="16" slack="0"/>
<pin id="2529" dir="1" index="1" bw="26" slack="0"/>
</pin_list>
<bind>
<opcode="sext(35) " fcode="sext"/>
<opset="sext_ln1347_6/84 "/>
</bind>
</comp>

<comp id="2531" class="1004" name="shl_ln838_20_fu_2531">
<pin_list>
<pin id="2532" dir="0" index="0" bw="16" slack="0"/>
<pin id="2533" dir="0" index="1" bw="6" slack="0"/>
<pin id="2534" dir="0" index="2" bw="1" slack="0"/>
<pin id="2535" dir="1" index="3" bw="16" slack="0"/>
</pin_list>
<bind>
<opcode="bitconcatenate(1004) " fcode="bitconcatenate"/>
<opset="shl_ln838_20/84 "/>
</bind>
</comp>

<comp id="2539" class="1004" name="sext_ln1347_7_fu_2539">
<pin_list>
<pin id="2540" dir="0" index="0" bw="16" slack="0"/>
<pin id="2541" dir="1" index="1" bw="26" slack="0"/>
</pin_list>
<bind>
<opcode="sext(35) " fcode="sext"/>
<opset="sext_ln1347_7/84 "/>
</bind>
</comp>

<comp id="2543" class="1004" name="tmp_57_fu_2543">
<pin_list>
<pin id="2544" dir="0" index="0" bw="15" slack="0"/>
<pin id="2545" dir="0" index="1" bw="5" slack="0"/>
<pin id="2546" dir="0" index="2" bw="1" slack="0"/>
<pin id="2547" dir="1" index="3" bw="15" slack="0"/>
</pin_list>
<bind>
<opcode="bitconcatenate(1004) " fcode="bitconcatenate"/>
<opset="tmp_57/84 "/>
</bind>
</comp>

<comp id="2551" class="1004" name="sext_ln1347_8_fu_2551">
<pin_list>
<pin id="2552" dir="0" index="0" bw="15" slack="0"/>
<pin id="2553" dir="1" index="1" bw="16" slack="0"/>
</pin_list>
<bind>
<opcode="sext(35) " fcode="sext"/>
<opset="sext_ln1347_8/84 "/>
</bind>
</comp>

<comp id="2555" class="1004" name="zext_ln1347_1_fu_2555">
<pin_list>
<pin id="2556" dir="0" index="0" bw="15" slack="0"/>
<pin id="2557" dir="1" index="1" bw="26" slack="0"/>
</pin_list>
<bind>
<opcode="zext(34) " fcode="zext"/>
<opset="zext_ln1347_1/84 "/>
</bind>
</comp>

<comp id="2559" class="1004" name="sext_ln837_23_fu_2559">
<pin_list>
<pin id="2560" dir="0" index="0" bw="16" slack="1"/>
<pin id="2561" dir="1" index="1" bw="26" slack="0"/>
</pin_list>
<bind>
<opcode="sext(35) " fcode="sext"/>
<opset="sext_ln837_23/84 "/>
</bind>
</comp>

<comp id="2562" class="1004" name="zext_ln837_9_fu_2562">
<pin_list>
<pin id="2563" dir="0" index="0" bw="11" slack="0"/>
<pin id="2564" dir="1" index="1" bw="26" slack="0"/>
</pin_list>
<bind>
<opcode="zext(34) " fcode="zext"/>
<opset="zext_ln837_9/84 "/>
</bind>
</comp>

<comp id="2566" class="1004" name="trunc_ln818_28_fu_2566">
<pin_list>
<pin id="2567" dir="0" index="0" bw="16" slack="0"/>
<pin id="2568" dir="0" index="1" bw="26" slack="0"/>
<pin id="2569" dir="0" index="2" bw="5" slack="0"/>
<pin id="2570" dir="0" index="3" bw="6" slack="0"/>
<pin id="2571" dir="1" index="4" bw="16" slack="0"/>
</pin_list>
<bind>
<opcode="partselect(1002) " fcode="partselect"/>
<opset="trunc_ln818_28/84 "/>
</bind>
</comp>

<comp id="2575" class="1004" name="sext_ln1273_51_fu_2575">
<pin_list>
<pin id="2576" dir="0" index="0" bw="16" slack="0"/>
<pin id="2577" dir="1" index="1" bw="26" slack="0"/>
</pin_list>
<bind>
<opcode="sext(35) " fcode="sext"/>
<opset="sext_ln1273_51/84 "/>
</bind>
</comp>

<comp id="2579" class="1004" name="sext_ln1273_52_fu_2579">
<pin_list>
<pin id="2580" dir="0" index="0" bw="7" slack="0"/>
<pin id="2581" dir="1" index="1" bw="10" slack="0"/>
</pin_list>
<bind>
<opcode="sext(35) " fcode="sext"/>
<opset="sext_ln1273_52/84 "/>
</bind>
</comp>

<comp id="2583" class="1004" name="zext_ln1273_3_fu_2583">
<pin_list>
<pin id="2584" dir="0" index="0" bw="7" slack="0"/>
<pin id="2585" dir="1" index="1" bw="26" slack="0"/>
</pin_list>
<bind>
<opcode="zext(34) " fcode="zext"/>
<opset="zext_ln1273_3/84 "/>
</bind>
</comp>

<comp id="2587" class="1004" name="trunc_ln818_29_fu_2587">
<pin_list>
<pin id="2588" dir="0" index="0" bw="16" slack="0"/>
<pin id="2589" dir="0" index="1" bw="26" slack="0"/>
<pin id="2590" dir="0" index="2" bw="5" slack="0"/>
<pin id="2591" dir="0" index="3" bw="6" slack="0"/>
<pin id="2592" dir="1" index="4" bw="16" slack="0"/>
</pin_list>
<bind>
<opcode="partselect(1002) " fcode="partselect"/>
<opset="trunc_ln818_29/84 "/>
</bind>
</comp>

<comp id="2596" class="1004" name="sext_ln837_24_fu_2596">
<pin_list>
<pin id="2597" dir="0" index="0" bw="16" slack="0"/>
<pin id="2598" dir="1" index="1" bw="26" slack="0"/>
</pin_list>
<bind>
<opcode="sext(35) " fcode="sext"/>
<opset="sext_ln837_24/84 "/>
</bind>
</comp>

<comp id="2600" class="1004" name="zext_ln837_10_fu_2600">
<pin_list>
<pin id="2601" dir="0" index="0" bw="11" slack="0"/>
<pin id="2602" dir="1" index="1" bw="26" slack="0"/>
</pin_list>
<bind>
<opcode="zext(34) " fcode="zext"/>
<opset="zext_ln837_10/84 "/>
</bind>
</comp>

<comp id="2604" class="1004" name="trunc_ln818_30_fu_2604">
<pin_list>
<pin id="2605" dir="0" index="0" bw="16" slack="0"/>
<pin id="2606" dir="0" index="1" bw="26" slack="0"/>
<pin id="2607" dir="0" index="2" bw="5" slack="0"/>
<pin id="2608" dir="0" index="3" bw="6" slack="0"/>
<pin id="2609" dir="1" index="4" bw="16" slack="1"/>
</pin_list>
<bind>
<opcode="partselect(1002) " fcode="partselect"/>
<opset="trunc_ln818_30/84 "/>
</bind>
</comp>

<comp id="2613" class="1004" name="trunc_ln818_5_fu_2613">
<pin_list>
<pin id="2614" dir="0" index="0" bw="16" slack="0"/>
<pin id="2615" dir="0" index="1" bw="26" slack="0"/>
<pin id="2616" dir="0" index="2" bw="5" slack="0"/>
<pin id="2617" dir="0" index="3" bw="6" slack="0"/>
<pin id="2618" dir="1" index="4" bw="16" slack="0"/>
</pin_list>
<bind>
<opcode="partselect(1002) " fcode="partselect"/>
<opset="trunc_ln818_5/85 "/>
</bind>
</comp>

<comp id="2623" class="1004" name="trunc_ln818_6_fu_2623">
<pin_list>
<pin id="2624" dir="0" index="0" bw="16" slack="0"/>
<pin id="2625" dir="0" index="1" bw="26" slack="0"/>
<pin id="2626" dir="0" index="2" bw="5" slack="0"/>
<pin id="2627" dir="0" index="3" bw="6" slack="0"/>
<pin id="2628" dir="1" index="4" bw="16" slack="1"/>
</pin_list>
<bind>
<opcode="partselect(1002) " fcode="partselect"/>
<opset="trunc_ln818_6/85 "/>
</bind>
</comp>

<comp id="2632" class="1004" name="trunc_ln818_7_fu_2632">
<pin_list>
<pin id="2633" dir="0" index="0" bw="16" slack="0"/>
<pin id="2634" dir="0" index="1" bw="26" slack="0"/>
<pin id="2635" dir="0" index="2" bw="5" slack="0"/>
<pin id="2636" dir="0" index="3" bw="6" slack="0"/>
<pin id="2637" dir="1" index="4" bw="16" slack="1"/>
</pin_list>
<bind>
<opcode="partselect(1002) " fcode="partselect"/>
<opset="trunc_ln818_7/85 "/>
</bind>
</comp>

<comp id="2641" class="1004" name="shl_ln838_21_fu_2641">
<pin_list>
<pin id="2642" dir="0" index="0" bw="18" slack="0"/>
<pin id="2643" dir="0" index="1" bw="8" slack="0"/>
<pin id="2644" dir="0" index="2" bw="1" slack="0"/>
<pin id="2645" dir="1" index="3" bw="18" slack="0"/>
</pin_list>
<bind>
<opcode="bitconcatenate(1004) " fcode="bitconcatenate"/>
<opset="shl_ln838_21/85 "/>
</bind>
</comp>

<comp id="2649" class="1004" name="sext_ln1347_9_fu_2649">
<pin_list>
<pin id="2650" dir="0" index="0" bw="18" slack="0"/>
<pin id="2651" dir="1" index="1" bw="26" slack="0"/>
</pin_list>
<bind>
<opcode="sext(35) " fcode="sext"/>
<opset="sext_ln1347_9/85 "/>
</bind>
</comp>

<comp id="2653" class="1004" name="shl_ln838_22_fu_2653">
<pin_list>
<pin id="2654" dir="0" index="0" bw="16" slack="0"/>
<pin id="2655" dir="0" index="1" bw="6" slack="0"/>
<pin id="2656" dir="0" index="2" bw="1" slack="0"/>
<pin id="2657" dir="1" index="3" bw="16" slack="0"/>
</pin_list>
<bind>
<opcode="bitconcatenate(1004) " fcode="bitconcatenate"/>
<opset="shl_ln838_22/85 "/>
</bind>
</comp>

<comp id="2661" class="1004" name="zext_ln1347_2_fu_2661">
<pin_list>
<pin id="2662" dir="0" index="0" bw="16" slack="0"/>
<pin id="2663" dir="1" index="1" bw="26" slack="0"/>
</pin_list>
<bind>
<opcode="zext(34) " fcode="zext"/>
<opset="zext_ln1347_2/85 "/>
</bind>
</comp>

<comp id="2665" class="1004" name="shl_ln838_23_fu_2665">
<pin_list>
<pin id="2666" dir="0" index="0" bw="17" slack="0"/>
<pin id="2667" dir="0" index="1" bw="7" slack="0"/>
<pin id="2668" dir="0" index="2" bw="1" slack="0"/>
<pin id="2669" dir="1" index="3" bw="17" slack="0"/>
</pin_list>
<bind>
<opcode="bitconcatenate(1004) " fcode="bitconcatenate"/>
<opset="shl_ln838_23/85 "/>
</bind>
</comp>

<comp id="2673" class="1004" name="sext_ln1347_10_fu_2673">
<pin_list>
<pin id="2674" dir="0" index="0" bw="17" slack="0"/>
<pin id="2675" dir="1" index="1" bw="26" slack="0"/>
</pin_list>
<bind>
<opcode="sext(35) " fcode="sext"/>
<opset="sext_ln1347_10/85 "/>
</bind>
</comp>

<comp id="2677" class="1004" name="sext_ln837_25_fu_2677">
<pin_list>
<pin id="2678" dir="0" index="0" bw="16" slack="1"/>
<pin id="2679" dir="1" index="1" bw="26" slack="0"/>
</pin_list>
<bind>
<opcode="sext(35) " fcode="sext"/>
<opset="sext_ln837_25/85 "/>
</bind>
</comp>

<comp id="2680" class="1004" name="zext_ln837_11_fu_2680">
<pin_list>
<pin id="2681" dir="0" index="0" bw="11" slack="0"/>
<pin id="2682" dir="1" index="1" bw="26" slack="0"/>
</pin_list>
<bind>
<opcode="zext(34) " fcode="zext"/>
<opset="zext_ln837_11/85 "/>
</bind>
</comp>

<comp id="2684" class="1004" name="trunc_ln818_31_fu_2684">
<pin_list>
<pin id="2685" dir="0" index="0" bw="16" slack="0"/>
<pin id="2686" dir="0" index="1" bw="26" slack="0"/>
<pin id="2687" dir="0" index="2" bw="5" slack="0"/>
<pin id="2688" dir="0" index="3" bw="6" slack="0"/>
<pin id="2689" dir="1" index="4" bw="16" slack="0"/>
</pin_list>
<bind>
<opcode="partselect(1002) " fcode="partselect"/>
<opset="trunc_ln818_31/85 "/>
</bind>
</comp>

<comp id="2693" class="1004" name="sext_ln837_26_fu_2693">
<pin_list>
<pin id="2694" dir="0" index="0" bw="16" slack="0"/>
<pin id="2695" dir="1" index="1" bw="26" slack="0"/>
</pin_list>
<bind>
<opcode="sext(35) " fcode="sext"/>
<opset="sext_ln837_26/85 "/>
</bind>
</comp>

<comp id="2697" class="1004" name="zext_ln837_12_fu_2697">
<pin_list>
<pin id="2698" dir="0" index="0" bw="11" slack="0"/>
<pin id="2699" dir="1" index="1" bw="26" slack="0"/>
</pin_list>
<bind>
<opcode="zext(34) " fcode="zext"/>
<opset="zext_ln837_12/85 "/>
</bind>
</comp>

<comp id="2701" class="1004" name="trunc_ln818_8_fu_2701">
<pin_list>
<pin id="2702" dir="0" index="0" bw="16" slack="0"/>
<pin id="2703" dir="0" index="1" bw="26" slack="0"/>
<pin id="2704" dir="0" index="2" bw="5" slack="0"/>
<pin id="2705" dir="0" index="3" bw="6" slack="0"/>
<pin id="2706" dir="1" index="4" bw="16" slack="1"/>
</pin_list>
<bind>
<opcode="partselect(1002) " fcode="partselect"/>
<opset="trunc_ln818_8/86 "/>
</bind>
</comp>

<comp id="2710" class="1004" name="trunc_ln818_9_fu_2710">
<pin_list>
<pin id="2711" dir="0" index="0" bw="16" slack="0"/>
<pin id="2712" dir="0" index="1" bw="26" slack="0"/>
<pin id="2713" dir="0" index="2" bw="5" slack="0"/>
<pin id="2714" dir="0" index="3" bw="6" slack="0"/>
<pin id="2715" dir="1" index="4" bw="16" slack="1"/>
</pin_list>
<bind>
<opcode="partselect(1002) " fcode="partselect"/>
<opset="trunc_ln818_9/86 "/>
</bind>
</comp>

<comp id="2719" class="1004" name="trunc_ln818_10_fu_2719">
<pin_list>
<pin id="2720" dir="0" index="0" bw="16" slack="0"/>
<pin id="2721" dir="0" index="1" bw="26" slack="0"/>
<pin id="2722" dir="0" index="2" bw="5" slack="0"/>
<pin id="2723" dir="0" index="3" bw="6" slack="0"/>
<pin id="2724" dir="1" index="4" bw="16" slack="2"/>
</pin_list>
<bind>
<opcode="partselect(1002) " fcode="partselect"/>
<opset="trunc_ln818_10/86 "/>
</bind>
</comp>

<comp id="2728" class="1004" name="tmp_58_fu_2728">
<pin_list>
<pin id="2729" dir="0" index="0" bw="14" slack="0"/>
<pin id="2730" dir="0" index="1" bw="4" slack="0"/>
<pin id="2731" dir="0" index="2" bw="1" slack="0"/>
<pin id="2732" dir="1" index="3" bw="14" slack="0"/>
</pin_list>
<bind>
<opcode="bitconcatenate(1004) " fcode="bitconcatenate"/>
<opset="tmp_58/86 "/>
</bind>
</comp>

<comp id="2736" class="1004" name="sext_ln1347_11_fu_2736">
<pin_list>
<pin id="2737" dir="0" index="0" bw="14" slack="0"/>
<pin id="2738" dir="1" index="1" bw="15" slack="0"/>
</pin_list>
<bind>
<opcode="sext(35) " fcode="sext"/>
<opset="sext_ln1347_11/86 "/>
</bind>
</comp>

<comp id="2740" class="1004" name="zext_ln1347_3_fu_2740">
<pin_list>
<pin id="2741" dir="0" index="0" bw="14" slack="0"/>
<pin id="2742" dir="1" index="1" bw="26" slack="0"/>
</pin_list>
<bind>
<opcode="zext(34) " fcode="zext"/>
<opset="zext_ln1347_3/86 "/>
</bind>
</comp>

<comp id="2744" class="1004" name="shl_ln838_24_fu_2744">
<pin_list>
<pin id="2745" dir="0" index="0" bw="16" slack="0"/>
<pin id="2746" dir="0" index="1" bw="6" slack="0"/>
<pin id="2747" dir="0" index="2" bw="1" slack="0"/>
<pin id="2748" dir="1" index="3" bw="16" slack="0"/>
</pin_list>
<bind>
<opcode="bitconcatenate(1004) " fcode="bitconcatenate"/>
<opset="shl_ln838_24/86 "/>
</bind>
</comp>

<comp id="2752" class="1004" name="sext_ln1347_12_fu_2752">
<pin_list>
<pin id="2753" dir="0" index="0" bw="16" slack="0"/>
<pin id="2754" dir="1" index="1" bw="26" slack="0"/>
</pin_list>
<bind>
<opcode="sext(35) " fcode="sext"/>
<opset="sext_ln1347_12/86 "/>
</bind>
</comp>

<comp id="2756" class="1004" name="shl_ln838_25_fu_2756">
<pin_list>
<pin id="2757" dir="0" index="0" bw="15" slack="0"/>
<pin id="2758" dir="0" index="1" bw="5" slack="0"/>
<pin id="2759" dir="0" index="2" bw="1" slack="0"/>
<pin id="2760" dir="1" index="3" bw="15" slack="0"/>
</pin_list>
<bind>
<opcode="bitconcatenate(1004) " fcode="bitconcatenate"/>
<opset="shl_ln838_25/86 "/>
</bind>
</comp>

<comp id="2764" class="1004" name="zext_ln1347_4_fu_2764">
<pin_list>
<pin id="2765" dir="0" index="0" bw="15" slack="0"/>
<pin id="2766" dir="1" index="1" bw="26" slack="0"/>
</pin_list>
<bind>
<opcode="zext(34) " fcode="zext"/>
<opset="zext_ln1347_4/86 "/>
</bind>
</comp>

<comp id="2768" class="1004" name="trunc_ln818_11_fu_2768">
<pin_list>
<pin id="2769" dir="0" index="0" bw="16" slack="0"/>
<pin id="2770" dir="0" index="1" bw="26" slack="0"/>
<pin id="2771" dir="0" index="2" bw="5" slack="0"/>
<pin id="2772" dir="0" index="3" bw="6" slack="0"/>
<pin id="2773" dir="1" index="4" bw="16" slack="1"/>
</pin_list>
<bind>
<opcode="partselect(1002) " fcode="partselect"/>
<opset="trunc_ln818_11/87 "/>
</bind>
</comp>

<comp id="2777" class="1004" name="trunc_ln818_12_fu_2777">
<pin_list>
<pin id="2778" dir="0" index="0" bw="16" slack="0"/>
<pin id="2779" dir="0" index="1" bw="26" slack="0"/>
<pin id="2780" dir="0" index="2" bw="5" slack="0"/>
<pin id="2781" dir="0" index="3" bw="6" slack="0"/>
<pin id="2782" dir="1" index="4" bw="16" slack="2"/>
</pin_list>
<bind>
<opcode="partselect(1002) " fcode="partselect"/>
<opset="trunc_ln818_12/87 "/>
</bind>
</comp>

<comp id="2786" class="1004" name="trunc_ln818_13_fu_2786">
<pin_list>
<pin id="2787" dir="0" index="0" bw="16" slack="0"/>
<pin id="2788" dir="0" index="1" bw="26" slack="0"/>
<pin id="2789" dir="0" index="2" bw="5" slack="0"/>
<pin id="2790" dir="0" index="3" bw="6" slack="0"/>
<pin id="2791" dir="1" index="4" bw="16" slack="2"/>
</pin_list>
<bind>
<opcode="partselect(1002) " fcode="partselect"/>
<opset="trunc_ln818_13/87 "/>
</bind>
</comp>

<comp id="2795" class="1004" name="shl_ln838_26_fu_2795">
<pin_list>
<pin id="2796" dir="0" index="0" bw="17" slack="0"/>
<pin id="2797" dir="0" index="1" bw="7" slack="0"/>
<pin id="2798" dir="0" index="2" bw="1" slack="0"/>
<pin id="2799" dir="1" index="3" bw="17" slack="0"/>
</pin_list>
<bind>
<opcode="bitconcatenate(1004) " fcode="bitconcatenate"/>
<opset="shl_ln838_26/87 "/>
</bind>
</comp>

<comp id="2803" class="1004" name="sext_ln1347_13_fu_2803">
<pin_list>
<pin id="2804" dir="0" index="0" bw="17" slack="0"/>
<pin id="2805" dir="1" index="1" bw="26" slack="0"/>
</pin_list>
<bind>
<opcode="sext(35) " fcode="sext"/>
<opset="sext_ln1347_13/87 "/>
</bind>
</comp>

<comp id="2807" class="1004" name="shl_ln838_27_fu_2807">
<pin_list>
<pin id="2808" dir="0" index="0" bw="18" slack="0"/>
<pin id="2809" dir="0" index="1" bw="8" slack="0"/>
<pin id="2810" dir="0" index="2" bw="1" slack="0"/>
<pin id="2811" dir="1" index="3" bw="18" slack="0"/>
</pin_list>
<bind>
<opcode="bitconcatenate(1004) " fcode="bitconcatenate"/>
<opset="shl_ln838_27/87 "/>
</bind>
</comp>

<comp id="2815" class="1004" name="sext_ln1347_14_fu_2815">
<pin_list>
<pin id="2816" dir="0" index="0" bw="18" slack="0"/>
<pin id="2817" dir="1" index="1" bw="26" slack="0"/>
</pin_list>
<bind>
<opcode="sext(35) " fcode="sext"/>
<opset="sext_ln1347_14/87 "/>
</bind>
</comp>

<comp id="2819" class="1004" name="trunc_ln818_14_fu_2819">
<pin_list>
<pin id="2820" dir="0" index="0" bw="16" slack="0"/>
<pin id="2821" dir="0" index="1" bw="26" slack="0"/>
<pin id="2822" dir="0" index="2" bw="5" slack="0"/>
<pin id="2823" dir="0" index="3" bw="6" slack="0"/>
<pin id="2824" dir="1" index="4" bw="16" slack="2"/>
</pin_list>
<bind>
<opcode="partselect(1002) " fcode="partselect"/>
<opset="trunc_ln818_14/88 "/>
</bind>
</comp>

<comp id="2828" class="1004" name="trunc_ln818_15_fu_2828">
<pin_list>
<pin id="2829" dir="0" index="0" bw="16" slack="0"/>
<pin id="2830" dir="0" index="1" bw="26" slack="0"/>
<pin id="2831" dir="0" index="2" bw="5" slack="0"/>
<pin id="2832" dir="0" index="3" bw="6" slack="0"/>
<pin id="2833" dir="1" index="4" bw="16" slack="2"/>
</pin_list>
<bind>
<opcode="partselect(1002) " fcode="partselect"/>
<opset="trunc_ln818_15/88 "/>
</bind>
</comp>

<comp id="2837" class="1007" name="grp_fu_2837">
<pin_list>
<pin id="2838" dir="0" index="0" bw="16" slack="0"/>
<pin id="2839" dir="0" index="1" bw="16" slack="0"/>
<pin id="2840" dir="1" index="2" bw="30" slack="0"/>
</pin_list>
<bind>
<opcode="mul(12) " fcode="mul"/>
<opset="mul_ln818/12 "/>
</bind>
</comp>

<comp id="2844" class="1007" name="grp_fu_2844">
<pin_list>
<pin id="2845" dir="0" index="0" bw="16" slack="0"/>
<pin id="2846" dir="0" index="1" bw="16" slack="0"/>
<pin id="2847" dir="0" index="2" bw="30" slack="0"/>
<pin id="2848" dir="1" index="3" bw="30" slack="0"/>
</pin_list>
<bind>
<opcode="muladd(1172) " fcode="muladd"/>
<opset="mul_ln1347/13 add_ln1347/15 "/>
</bind>
</comp>

<comp id="2853" class="1007" name="grp_fu_2853">
<pin_list>
<pin id="2854" dir="0" index="0" bw="16" slack="0"/>
<pin id="2855" dir="0" index="1" bw="16" slack="0"/>
<pin id="2856" dir="0" index="2" bw="30" slack="0"/>
<pin id="2857" dir="1" index="3" bw="30" slack="0"/>
</pin_list>
<bind>
<opcode="muladd(1172) " fcode="muladd"/>
<opset="mul_ln1347_2/14 add_ln1347_1/16 "/>
</bind>
</comp>

<comp id="2862" class="1007" name="grp_fu_2862">
<pin_list>
<pin id="2863" dir="0" index="0" bw="16" slack="0"/>
<pin id="2864" dir="0" index="1" bw="16" slack="0"/>
<pin id="2865" dir="0" index="2" bw="30" slack="0"/>
<pin id="2866" dir="1" index="3" bw="30" slack="0"/>
</pin_list>
<bind>
<opcode="muladd(1172) " fcode="muladd"/>
<opset="mul_ln1347_3/15 add_ln1347_2/17 "/>
</bind>
</comp>

<comp id="2871" class="1007" name="grp_fu_2871">
<pin_list>
<pin id="2872" dir="0" index="0" bw="16" slack="0"/>
<pin id="2873" dir="0" index="1" bw="16" slack="0"/>
<pin id="2874" dir="0" index="2" bw="30" slack="0"/>
<pin id="2875" dir="1" index="3" bw="30" slack="0"/>
</pin_list>
<bind>
<opcode="muladd(1172) " fcode="muladd"/>
<opset="mul_ln1347_4/16 add_ln1347_3/18 "/>
</bind>
</comp>

<comp id="2880" class="1007" name="grp_fu_2880">
<pin_list>
<pin id="2881" dir="0" index="0" bw="16" slack="0"/>
<pin id="2882" dir="0" index="1" bw="16" slack="0"/>
<pin id="2883" dir="0" index="2" bw="30" slack="0"/>
<pin id="2884" dir="1" index="3" bw="30" slack="0"/>
</pin_list>
<bind>
<opcode="muladd(1172) " fcode="muladd"/>
<opset="mul_ln1347_5/17 add_ln1347_4/19 "/>
</bind>
</comp>

<comp id="2889" class="1007" name="grp_fu_2889">
<pin_list>
<pin id="2890" dir="0" index="0" bw="16" slack="0"/>
<pin id="2891" dir="0" index="1" bw="16" slack="0"/>
<pin id="2892" dir="0" index="2" bw="30" slack="0"/>
<pin id="2893" dir="1" index="3" bw="30" slack="0"/>
</pin_list>
<bind>
<opcode="muladd(1172) " fcode="muladd"/>
<opset="mul_ln1347_6/18 add_ln1347_5/20 "/>
</bind>
</comp>

<comp id="2898" class="1007" name="grp_fu_2898">
<pin_list>
<pin id="2899" dir="0" index="0" bw="16" slack="0"/>
<pin id="2900" dir="0" index="1" bw="16" slack="0"/>
<pin id="2901" dir="0" index="2" bw="30" slack="0"/>
<pin id="2902" dir="1" index="3" bw="30" slack="0"/>
</pin_list>
<bind>
<opcode="muladd(1172) " fcode="muladd"/>
<opset="mul_ln1347_7/19 add_ln1347_6/21 "/>
</bind>
</comp>

<comp id="2907" class="1007" name="grp_fu_2907">
<pin_list>
<pin id="2908" dir="0" index="0" bw="16" slack="0"/>
<pin id="2909" dir="0" index="1" bw="16" slack="0"/>
<pin id="2910" dir="0" index="2" bw="30" slack="0"/>
<pin id="2911" dir="1" index="3" bw="30" slack="0"/>
</pin_list>
<bind>
<opcode="muladd(1172) " fcode="muladd"/>
<opset="mul_ln1347_8/20 add_ln1347_7/22 "/>
</bind>
</comp>

<comp id="2916" class="1007" name="grp_fu_2916">
<pin_list>
<pin id="2917" dir="0" index="0" bw="16" slack="0"/>
<pin id="2918" dir="0" index="1" bw="16" slack="0"/>
<pin id="2919" dir="0" index="2" bw="30" slack="0"/>
<pin id="2920" dir="1" index="3" bw="30" slack="0"/>
</pin_list>
<bind>
<opcode="muladd(1172) " fcode="muladd"/>
<opset="mul_ln1347_9/21 add_ln1347_8/23 "/>
</bind>
</comp>

<comp id="2925" class="1007" name="grp_fu_2925">
<pin_list>
<pin id="2926" dir="0" index="0" bw="16" slack="0"/>
<pin id="2927" dir="0" index="1" bw="16" slack="0"/>
<pin id="2928" dir="0" index="2" bw="30" slack="0"/>
<pin id="2929" dir="1" index="3" bw="30" slack="0"/>
</pin_list>
<bind>
<opcode="muladd(1172) " fcode="muladd"/>
<opset="mul_ln1347_10/22 add_ln1347_9/24 "/>
</bind>
</comp>

<comp id="2934" class="1007" name="grp_fu_2934">
<pin_list>
<pin id="2935" dir="0" index="0" bw="16" slack="0"/>
<pin id="2936" dir="0" index="1" bw="16" slack="0"/>
<pin id="2937" dir="0" index="2" bw="30" slack="0"/>
<pin id="2938" dir="1" index="3" bw="30" slack="0"/>
</pin_list>
<bind>
<opcode="muladd(1172) " fcode="muladd"/>
<opset="mul_ln1347_11/23 add_ln1347_10/25 "/>
</bind>
</comp>

<comp id="2943" class="1007" name="grp_fu_2943">
<pin_list>
<pin id="2944" dir="0" index="0" bw="16" slack="0"/>
<pin id="2945" dir="0" index="1" bw="16" slack="0"/>
<pin id="2946" dir="0" index="2" bw="30" slack="0"/>
<pin id="2947" dir="1" index="3" bw="30" slack="0"/>
</pin_list>
<bind>
<opcode="muladd(1172) " fcode="muladd"/>
<opset="mul_ln1347_12/24 add_ln1347_11/26 "/>
</bind>
</comp>

<comp id="2952" class="1007" name="grp_fu_2952">
<pin_list>
<pin id="2953" dir="0" index="0" bw="16" slack="0"/>
<pin id="2954" dir="0" index="1" bw="16" slack="0"/>
<pin id="2955" dir="0" index="2" bw="30" slack="0"/>
<pin id="2956" dir="1" index="3" bw="30" slack="0"/>
</pin_list>
<bind>
<opcode="muladd(1172) " fcode="muladd"/>
<opset="mul_ln1347_13/25 add_ln1347_12/27 "/>
</bind>
</comp>

<comp id="2961" class="1007" name="grp_fu_2961">
<pin_list>
<pin id="2962" dir="0" index="0" bw="16" slack="0"/>
<pin id="2963" dir="0" index="1" bw="16" slack="0"/>
<pin id="2964" dir="0" index="2" bw="30" slack="0"/>
<pin id="2965" dir="1" index="3" bw="30" slack="0"/>
</pin_list>
<bind>
<opcode="muladd(1172) " fcode="muladd"/>
<opset="mul_ln1347_14/26 add_ln1347_13/28 "/>
</bind>
</comp>

<comp id="2970" class="1007" name="grp_fu_2970">
<pin_list>
<pin id="2971" dir="0" index="0" bw="16" slack="0"/>
<pin id="2972" dir="0" index="1" bw="16" slack="0"/>
<pin id="2973" dir="0" index="2" bw="30" slack="0"/>
<pin id="2974" dir="1" index="3" bw="30" slack="0"/>
</pin_list>
<bind>
<opcode="muladd(1172) " fcode="muladd"/>
<opset="mul_ln1347_15/27 add_ln1347_14/29 "/>
</bind>
</comp>

<comp id="2981" class="1007" name="grp_fu_2981">
<pin_list>
<pin id="2982" dir="0" index="0" bw="16" slack="0"/>
<pin id="2983" dir="0" index="1" bw="16" slack="0"/>
<pin id="2984" dir="0" index="2" bw="16" slack="0"/>
<pin id="2985" dir="1" index="3" bw="26" slack="0"/>
</pin_list>
<bind>
<opcode="submul(1171) " fcode="submul"/>
<opset="sub_ln1348/77 sext_ln1273_31/77 mul_ln818_1/77 "/>
</bind>
</comp>

<comp id="2990" class="1007" name="grp_fu_2990">
<pin_list>
<pin id="2991" dir="0" index="0" bw="16" slack="0"/>
<pin id="2992" dir="0" index="1" bw="16" slack="0"/>
<pin id="2993" dir="0" index="2" bw="16" slack="0"/>
<pin id="2994" dir="1" index="3" bw="26" slack="0"/>
</pin_list>
<bind>
<opcode="submul(1171) " fcode="submul"/>
<opset="sub_ln1348_1/77 sext_ln1273_33/77 mul_ln818_2/77 "/>
</bind>
</comp>

<comp id="2999" class="1007" name="grp_fu_2999">
<pin_list>
<pin id="3000" dir="0" index="0" bw="16" slack="0"/>
<pin id="3001" dir="0" index="1" bw="16" slack="0"/>
<pin id="3002" dir="0" index="2" bw="16" slack="0"/>
<pin id="3003" dir="1" index="3" bw="26" slack="0"/>
</pin_list>
<bind>
<opcode="submul(1171) " fcode="submul"/>
<opset="sub_ln1348_2/77 sext_ln1273_34/77 mul_ln818_3/77 "/>
</bind>
</comp>

<comp id="3008" class="1007" name="grp_fu_3008">
<pin_list>
<pin id="3009" dir="0" index="0" bw="16" slack="0"/>
<pin id="3010" dir="0" index="1" bw="16" slack="1"/>
<pin id="3011" dir="0" index="2" bw="16" slack="2147483647"/>
<pin id="3012" dir="1" index="3" bw="26" slack="0"/>
</pin_list>
<bind>
<opcode="submul(1171) " fcode="submul"/>
<opset="sub_ln1348_3/78 sext_ln1273_35/78 mul_ln818_4/78 "/>
</bind>
</comp>

<comp id="3015" class="1007" name="grp_fu_3015">
<pin_list>
<pin id="3016" dir="0" index="0" bw="16" slack="0"/>
<pin id="3017" dir="0" index="1" bw="16" slack="1"/>
<pin id="3018" dir="0" index="2" bw="16" slack="2147483647"/>
<pin id="3019" dir="1" index="3" bw="26" slack="0"/>
</pin_list>
<bind>
<opcode="submul(1171) " fcode="submul"/>
<opset="sub_ln1348_4/78 sext_ln1273_36/78 mul_ln818_5/78 "/>
</bind>
</comp>

<comp id="3022" class="1007" name="grp_fu_3022">
<pin_list>
<pin id="3023" dir="0" index="0" bw="16" slack="0"/>
<pin id="3024" dir="0" index="1" bw="16" slack="1"/>
<pin id="3025" dir="0" index="2" bw="16" slack="2147483647"/>
<pin id="3026" dir="1" index="3" bw="26" slack="0"/>
</pin_list>
<bind>
<opcode="submul(1171) " fcode="submul"/>
<opset="sub_ln1348_5/78 sext_ln1273_37/78 mul_ln818_6/78 "/>
</bind>
</comp>

<comp id="3029" class="1007" name="grp_fu_3029">
<pin_list>
<pin id="3030" dir="0" index="0" bw="16" slack="0"/>
<pin id="3031" dir="0" index="1" bw="16" slack="2"/>
<pin id="3032" dir="0" index="2" bw="16" slack="2147483647"/>
<pin id="3033" dir="1" index="3" bw="26" slack="0"/>
</pin_list>
<bind>
<opcode="submul(1171) " fcode="submul"/>
<opset="sub_ln1348_6/79 sext_ln1273_38/79 mul_ln818_7/79 "/>
</bind>
</comp>

<comp id="3036" class="1007" name="grp_fu_3036">
<pin_list>
<pin id="3037" dir="0" index="0" bw="16" slack="0"/>
<pin id="3038" dir="0" index="1" bw="16" slack="2"/>
<pin id="3039" dir="0" index="2" bw="16" slack="2147483647"/>
<pin id="3040" dir="1" index="3" bw="26" slack="0"/>
</pin_list>
<bind>
<opcode="submul(1171) " fcode="submul"/>
<opset="sub_ln1348_7/79 sext_ln1273_41/79 mul_ln818_8/79 "/>
</bind>
</comp>

<comp id="3043" class="1007" name="grp_fu_3043">
<pin_list>
<pin id="3044" dir="0" index="0" bw="16" slack="0"/>
<pin id="3045" dir="0" index="1" bw="16" slack="2"/>
<pin id="3046" dir="0" index="2" bw="16" slack="2147483647"/>
<pin id="3047" dir="1" index="3" bw="26" slack="0"/>
</pin_list>
<bind>
<opcode="submul(1171) " fcode="submul"/>
<opset="sub_ln1348_8/79 sext_ln1273_44/79 mul_ln818_9/79 "/>
</bind>
</comp>

<comp id="3050" class="1007" name="grp_fu_3050">
<pin_list>
<pin id="3051" dir="0" index="0" bw="16" slack="0"/>
<pin id="3052" dir="0" index="1" bw="11" slack="0"/>
<pin id="3053" dir="0" index="2" bw="16" slack="0"/>
<pin id="3054" dir="1" index="3" bw="26" slack="0"/>
</pin_list>
<bind>
<opcode="muladd(1172) " fcode="muladd"/>
<opset="mul_ln837/80 add_ln1347_15/82 "/>
</bind>
</comp>

<comp id="3059" class="1007" name="grp_fu_3059">
<pin_list>
<pin id="3060" dir="0" index="0" bw="16" slack="0"/>
<pin id="3061" dir="0" index="1" bw="11" slack="0"/>
<pin id="3062" dir="0" index="2" bw="16" slack="0"/>
<pin id="3063" dir="1" index="3" bw="26" slack="0"/>
</pin_list>
<bind>
<opcode="muladd(1172) " fcode="muladd"/>
<opset="mul_ln837_1/80 add_ln1347_16/82 "/>
</bind>
</comp>

<comp id="3068" class="1007" name="grp_fu_3068">
<pin_list>
<pin id="3069" dir="0" index="0" bw="16" slack="0"/>
<pin id="3070" dir="0" index="1" bw="16" slack="3"/>
<pin id="3071" dir="0" index="2" bw="16" slack="2147483647"/>
<pin id="3072" dir="1" index="3" bw="26" slack="0"/>
</pin_list>
<bind>
<opcode="submul(1171) " fcode="submul"/>
<opset="sub_ln1348_9/80 sext_ln1273_47/80 mul_ln818_10/80 "/>
</bind>
</comp>

<comp id="3075" class="1007" name="grp_fu_3075">
<pin_list>
<pin id="3076" dir="0" index="0" bw="16" slack="0"/>
<pin id="3077" dir="0" index="1" bw="16" slack="3"/>
<pin id="3078" dir="0" index="2" bw="16" slack="2147483647"/>
<pin id="3079" dir="1" index="3" bw="26" slack="0"/>
</pin_list>
<bind>
<opcode="submul(1171) " fcode="submul"/>
<opset="sub_ln1348_10/80 sext_ln1273_48/80 mul_ln818_11/80 "/>
</bind>
</comp>

<comp id="3082" class="1007" name="grp_fu_3082">
<pin_list>
<pin id="3083" dir="0" index="0" bw="16" slack="0"/>
<pin id="3084" dir="0" index="1" bw="16" slack="3"/>
<pin id="3085" dir="0" index="2" bw="16" slack="2147483647"/>
<pin id="3086" dir="1" index="3" bw="26" slack="0"/>
</pin_list>
<bind>
<opcode="submul(1171) " fcode="submul"/>
<opset="sub_ln1348_11/80 sext_ln1273_49/80 mul_ln818_12/80 "/>
</bind>
</comp>

<comp id="3089" class="1007" name="grp_fu_3089">
<pin_list>
<pin id="3090" dir="0" index="0" bw="16" slack="0"/>
<pin id="3091" dir="0" index="1" bw="11" slack="0"/>
<pin id="3092" dir="0" index="2" bw="17" slack="0"/>
<pin id="3093" dir="1" index="3" bw="26" slack="0"/>
</pin_list>
<bind>
<opcode="muladd(1172) " fcode="muladd"/>
<opset="mul_ln837_2/81 add_ln1347_17/83 "/>
</bind>
</comp>

<comp id="3098" class="1007" name="grp_fu_3098">
<pin_list>
<pin id="3099" dir="0" index="0" bw="16" slack="0"/>
<pin id="3100" dir="0" index="1" bw="11" slack="0"/>
<pin id="3101" dir="0" index="2" bw="17" slack="0"/>
<pin id="3102" dir="1" index="3" bw="26" slack="0"/>
</pin_list>
<bind>
<opcode="muladd(1172) " fcode="muladd"/>
<opset="mul_ln837_3/81 add_ln1347_18/83 "/>
</bind>
</comp>

<comp id="3107" class="1007" name="grp_fu_3107">
<pin_list>
<pin id="3108" dir="0" index="0" bw="16" slack="0"/>
<pin id="3109" dir="0" index="1" bw="11" slack="0"/>
<pin id="3110" dir="0" index="2" bw="15" slack="0"/>
<pin id="3111" dir="1" index="3" bw="26" slack="0"/>
</pin_list>
<bind>
<opcode="muladd(1172) " fcode="muladd"/>
<opset="mul_ln837_4/81 add_ln1347_19/83 "/>
</bind>
</comp>

<comp id="3116" class="1007" name="grp_fu_3116">
<pin_list>
<pin id="3117" dir="0" index="0" bw="16" slack="0"/>
<pin id="3118" dir="0" index="1" bw="16" slack="4"/>
<pin id="3119" dir="0" index="2" bw="16" slack="2147483647"/>
<pin id="3120" dir="1" index="3" bw="26" slack="0"/>
</pin_list>
<bind>
<opcode="submul(1171) " fcode="submul"/>
<opset="sub_ln1348_12/81 sext_ln1273_50/81 mul_ln818_13/81 "/>
</bind>
</comp>

<comp id="3123" class="1007" name="grp_fu_3123">
<pin_list>
<pin id="3124" dir="0" index="0" bw="16" slack="0"/>
<pin id="3125" dir="0" index="1" bw="16" slack="4"/>
<pin id="3126" dir="0" index="2" bw="16" slack="2147483647"/>
<pin id="3127" dir="1" index="3" bw="26" slack="0"/>
</pin_list>
<bind>
<opcode="submul(1171) " fcode="submul"/>
<opset="sub_ln1348_13/81 sext_ln1273_53/81 mul_ln818_14/81 "/>
</bind>
</comp>

<comp id="3130" class="1007" name="grp_fu_3130">
<pin_list>
<pin id="3131" dir="0" index="0" bw="16" slack="0"/>
<pin id="3132" dir="0" index="1" bw="16" slack="4"/>
<pin id="3133" dir="0" index="2" bw="16" slack="2147483647"/>
<pin id="3134" dir="1" index="3" bw="26" slack="0"/>
</pin_list>
<bind>
<opcode="submul(1171) " fcode="submul"/>
<opset="sub_ln1348_14/81 sext_ln1273_54/81 mul_ln818_15/81 "/>
</bind>
</comp>

<comp id="3137" class="1007" name="grp_fu_3137">
<pin_list>
<pin id="3138" dir="0" index="0" bw="16" slack="0"/>
<pin id="3139" dir="0" index="1" bw="11" slack="0"/>
<pin id="3140" dir="0" index="2" bw="16" slack="0"/>
<pin id="3141" dir="1" index="3" bw="26" slack="0"/>
</pin_list>
<bind>
<opcode="muladd(1172) " fcode="muladd"/>
<opset="mul_ln837_5/82 add_ln1347_20/84 "/>
</bind>
</comp>

<comp id="3146" class="1007" name="grp_fu_3146">
<pin_list>
<pin id="3147" dir="0" index="0" bw="16" slack="0"/>
<pin id="3148" dir="0" index="1" bw="10" slack="0"/>
<pin id="3149" dir="0" index="2" bw="16" slack="0"/>
<pin id="3150" dir="1" index="3" bw="26" slack="0"/>
</pin_list>
<bind>
<opcode="muladd(1172) " fcode="muladd"/>
<opset="mul_ln813/82 add_ln1347_21/84 "/>
</bind>
</comp>

<comp id="3155" class="1007" name="grp_fu_3155">
<pin_list>
<pin id="3156" dir="0" index="0" bw="16" slack="0"/>
<pin id="3157" dir="0" index="1" bw="10" slack="0"/>
<pin id="3158" dir="0" index="2" bw="16" slack="0"/>
<pin id="3159" dir="1" index="3" bw="26" slack="0"/>
</pin_list>
<bind>
<opcode="muladd(1172) " fcode="muladd"/>
<opset="mul_ln813_1/82 add_ln1347_22/84 "/>
</bind>
</comp>

<comp id="3164" class="1007" name="grp_fu_3164">
<pin_list>
<pin id="3165" dir="0" index="0" bw="16" slack="0"/>
<pin id="3166" dir="0" index="1" bw="16" slack="5"/>
<pin id="3167" dir="0" index="2" bw="16" slack="2147483647"/>
<pin id="3168" dir="1" index="3" bw="26" slack="0"/>
</pin_list>
<bind>
<opcode="submul(1171) " fcode="submul"/>
<opset="sub_ln1348_15/82 sext_ln1273_55/82 mul_ln818_16/82 "/>
</bind>
</comp>

<comp id="3171" class="1007" name="grp_fu_3171">
<pin_list>
<pin id="3172" dir="0" index="0" bw="16" slack="0"/>
<pin id="3173" dir="0" index="1" bw="10" slack="0"/>
<pin id="3174" dir="0" index="2" bw="18" slack="0"/>
<pin id="3175" dir="1" index="3" bw="26" slack="0"/>
</pin_list>
<bind>
<opcode="muladd(1172) " fcode="muladd"/>
<opset="mul_ln813_2/83 add_ln1347_23/85 "/>
</bind>
</comp>

<comp id="3180" class="1007" name="grp_fu_3180">
<pin_list>
<pin id="3181" dir="0" index="0" bw="16" slack="0"/>
<pin id="3182" dir="0" index="1" bw="11" slack="0"/>
<pin id="3183" dir="0" index="2" bw="16" slack="0"/>
<pin id="3184" dir="1" index="3" bw="26" slack="0"/>
</pin_list>
<bind>
<opcode="muladd(1172) " fcode="muladd"/>
<opset="mul_ln837_6/83 add_ln1347_24/85 "/>
</bind>
</comp>

<comp id="3189" class="1007" name="grp_fu_3189">
<pin_list>
<pin id="3190" dir="0" index="0" bw="16" slack="0"/>
<pin id="3191" dir="0" index="1" bw="11" slack="0"/>
<pin id="3192" dir="0" index="2" bw="17" slack="0"/>
<pin id="3193" dir="1" index="3" bw="26" slack="0"/>
</pin_list>
<bind>
<opcode="muladd(1172) " fcode="muladd"/>
<opset="mul_ln837_7/83 add_ln1347_25/85 "/>
</bind>
</comp>

<comp id="3198" class="1007" name="grp_fu_3198">
<pin_list>
<pin id="3199" dir="0" index="0" bw="16" slack="0"/>
<pin id="3200" dir="0" index="1" bw="11" slack="0"/>
<pin id="3201" dir="0" index="2" bw="15" slack="0"/>
<pin id="3202" dir="1" index="3" bw="26" slack="0"/>
</pin_list>
<bind>
<opcode="muladd(1172) " fcode="muladd"/>
<opset="mul_ln837_8/84 add_ln1347_26/86 "/>
</bind>
</comp>

<comp id="3207" class="1007" name="grp_fu_3207">
<pin_list>
<pin id="3208" dir="0" index="0" bw="16" slack="0"/>
<pin id="3209" dir="0" index="1" bw="10" slack="0"/>
<pin id="3210" dir="0" index="2" bw="16" slack="0"/>
<pin id="3211" dir="1" index="3" bw="26" slack="0"/>
</pin_list>
<bind>
<opcode="muladd(1172) " fcode="muladd"/>
<opset="mul_ln813_3/84 add_ln1347_27/86 "/>
</bind>
</comp>

<comp id="3216" class="1007" name="grp_fu_3216">
<pin_list>
<pin id="3217" dir="0" index="0" bw="16" slack="0"/>
<pin id="3218" dir="0" index="1" bw="11" slack="0"/>
<pin id="3219" dir="0" index="2" bw="15" slack="0"/>
<pin id="3220" dir="1" index="3" bw="26" slack="0"/>
</pin_list>
<bind>
<opcode="muladd(1172) " fcode="muladd"/>
<opset="mul_ln837_9/84 add_ln1347_28/86 "/>
</bind>
</comp>

<comp id="3225" class="1007" name="grp_fu_3225">
<pin_list>
<pin id="3226" dir="0" index="0" bw="16" slack="0"/>
<pin id="3227" dir="0" index="1" bw="11" slack="0"/>
<pin id="3228" dir="0" index="2" bw="17" slack="0"/>
<pin id="3229" dir="1" index="3" bw="26" slack="0"/>
</pin_list>
<bind>
<opcode="muladd(1172) " fcode="muladd"/>
<opset="mul_ln837_10/85 add_ln1347_29/87 "/>
</bind>
</comp>

<comp id="3234" class="1007" name="grp_fu_3234">
<pin_list>
<pin id="3235" dir="0" index="0" bw="16" slack="0"/>
<pin id="3236" dir="0" index="1" bw="11" slack="0"/>
<pin id="3237" dir="0" index="2" bw="18" slack="0"/>
<pin id="3238" dir="1" index="3" bw="26" slack="0"/>
</pin_list>
<bind>
<opcode="muladd(1172) " fcode="muladd"/>
<opset="mul_ln837_11/85 add_ln1347_30/87 "/>
</bind>
</comp>

<comp id="3243" class="1005" name="tmp_s_reg_3243">
<pin_list>
<pin id="3244" dir="0" index="0" bw="8" slack="1"/>
<pin id="3245" dir="1" index="1" bw="8" slack="1"/>
</pin_list>
<bind>
<opset="tmp_s "/>
</bind>
</comp>

<comp id="3261" class="1005" name="x_addr_reg_3261">
<pin_list>
<pin id="3262" dir="0" index="0" bw="8" slack="1"/>
<pin id="3263" dir="1" index="1" bw="8" slack="1"/>
</pin_list>
<bind>
<opset="x_addr "/>
</bind>
</comp>

<comp id="3266" class="1005" name="x_addr_1_reg_3266">
<pin_list>
<pin id="3267" dir="0" index="0" bw="8" slack="1"/>
<pin id="3268" dir="1" index="1" bw="8" slack="1"/>
</pin_list>
<bind>
<opset="x_addr_1 "/>
</bind>
</comp>

<comp id="3271" class="1005" name="x_addr_2_reg_3271">
<pin_list>
<pin id="3272" dir="0" index="0" bw="8" slack="1"/>
<pin id="3273" dir="1" index="1" bw="8" slack="1"/>
</pin_list>
<bind>
<opset="x_addr_2 "/>
</bind>
</comp>

<comp id="3276" class="1005" name="x_addr_3_reg_3276">
<pin_list>
<pin id="3277" dir="0" index="0" bw="8" slack="1"/>
<pin id="3278" dir="1" index="1" bw="8" slack="1"/>
</pin_list>
<bind>
<opset="x_addr_3 "/>
</bind>
</comp>

<comp id="3281" class="1005" name="x_load_reg_3281">
<pin_list>
<pin id="3282" dir="0" index="0" bw="16" slack="8"/>
<pin id="3283" dir="1" index="1" bw="16" slack="8"/>
</pin_list>
<bind>
<opset="x_load "/>
</bind>
</comp>

<comp id="3288" class="1005" name="x_load_1_reg_3288">
<pin_list>
<pin id="3289" dir="0" index="0" bw="16" slack="8"/>
<pin id="3290" dir="1" index="1" bw="16" slack="8"/>
</pin_list>
<bind>
<opset="x_load_1 "/>
</bind>
</comp>

<comp id="3295" class="1005" name="x_addr_4_reg_3295">
<pin_list>
<pin id="3296" dir="0" index="0" bw="8" slack="1"/>
<pin id="3297" dir="1" index="1" bw="8" slack="1"/>
</pin_list>
<bind>
<opset="x_addr_4 "/>
</bind>
</comp>

<comp id="3300" class="1005" name="x_addr_5_reg_3300">
<pin_list>
<pin id="3301" dir="0" index="0" bw="8" slack="1"/>
<pin id="3302" dir="1" index="1" bw="8" slack="1"/>
</pin_list>
<bind>
<opset="x_addr_5 "/>
</bind>
</comp>

<comp id="3305" class="1005" name="x_load_2_reg_3305">
<pin_list>
<pin id="3306" dir="0" index="0" bw="16" slack="7"/>
<pin id="3307" dir="1" index="1" bw="16" slack="7"/>
</pin_list>
<bind>
<opset="x_load_2 "/>
</bind>
</comp>

<comp id="3312" class="1005" name="x_load_3_reg_3312">
<pin_list>
<pin id="3313" dir="0" index="0" bw="16" slack="7"/>
<pin id="3314" dir="1" index="1" bw="16" slack="7"/>
</pin_list>
<bind>
<opset="x_load_3 "/>
</bind>
</comp>

<comp id="3319" class="1005" name="x_addr_6_reg_3319">
<pin_list>
<pin id="3320" dir="0" index="0" bw="8" slack="1"/>
<pin id="3321" dir="1" index="1" bw="8" slack="1"/>
</pin_list>
<bind>
<opset="x_addr_6 "/>
</bind>
</comp>

<comp id="3324" class="1005" name="x_addr_7_reg_3324">
<pin_list>
<pin id="3325" dir="0" index="0" bw="8" slack="1"/>
<pin id="3326" dir="1" index="1" bw="8" slack="1"/>
</pin_list>
<bind>
<opset="x_addr_7 "/>
</bind>
</comp>

<comp id="3329" class="1005" name="x_load_4_reg_3329">
<pin_list>
<pin id="3330" dir="0" index="0" bw="16" slack="6"/>
<pin id="3331" dir="1" index="1" bw="16" slack="6"/>
</pin_list>
<bind>
<opset="x_load_4 "/>
</bind>
</comp>

<comp id="3336" class="1005" name="x_load_5_reg_3336">
<pin_list>
<pin id="3337" dir="0" index="0" bw="16" slack="6"/>
<pin id="3338" dir="1" index="1" bw="16" slack="6"/>
</pin_list>
<bind>
<opset="x_load_5 "/>
</bind>
</comp>

<comp id="3343" class="1005" name="x_addr_8_reg_3343">
<pin_list>
<pin id="3344" dir="0" index="0" bw="8" slack="1"/>
<pin id="3345" dir="1" index="1" bw="8" slack="1"/>
</pin_list>
<bind>
<opset="x_addr_8 "/>
</bind>
</comp>

<comp id="3348" class="1005" name="x_addr_9_reg_3348">
<pin_list>
<pin id="3349" dir="0" index="0" bw="8" slack="1"/>
<pin id="3350" dir="1" index="1" bw="8" slack="1"/>
</pin_list>
<bind>
<opset="x_addr_9 "/>
</bind>
</comp>

<comp id="3353" class="1005" name="x_load_6_reg_3353">
<pin_list>
<pin id="3354" dir="0" index="0" bw="16" slack="5"/>
<pin id="3355" dir="1" index="1" bw="16" slack="5"/>
</pin_list>
<bind>
<opset="x_load_6 "/>
</bind>
</comp>

<comp id="3360" class="1005" name="x_load_7_reg_3360">
<pin_list>
<pin id="3361" dir="0" index="0" bw="16" slack="5"/>
<pin id="3362" dir="1" index="1" bw="16" slack="5"/>
</pin_list>
<bind>
<opset="x_load_7 "/>
</bind>
</comp>

<comp id="3367" class="1005" name="x_addr_10_reg_3367">
<pin_list>
<pin id="3368" dir="0" index="0" bw="8" slack="1"/>
<pin id="3369" dir="1" index="1" bw="8" slack="1"/>
</pin_list>
<bind>
<opset="x_addr_10 "/>
</bind>
</comp>

<comp id="3372" class="1005" name="x_addr_11_reg_3372">
<pin_list>
<pin id="3373" dir="0" index="0" bw="8" slack="1"/>
<pin id="3374" dir="1" index="1" bw="8" slack="1"/>
</pin_list>
<bind>
<opset="x_addr_11 "/>
</bind>
</comp>

<comp id="3377" class="1005" name="x_load_8_reg_3377">
<pin_list>
<pin id="3378" dir="0" index="0" bw="16" slack="4"/>
<pin id="3379" dir="1" index="1" bw="16" slack="4"/>
</pin_list>
<bind>
<opset="x_load_8 "/>
</bind>
</comp>

<comp id="3384" class="1005" name="x_load_9_reg_3384">
<pin_list>
<pin id="3385" dir="0" index="0" bw="16" slack="4"/>
<pin id="3386" dir="1" index="1" bw="16" slack="4"/>
</pin_list>
<bind>
<opset="x_load_9 "/>
</bind>
</comp>

<comp id="3391" class="1005" name="x_addr_12_reg_3391">
<pin_list>
<pin id="3392" dir="0" index="0" bw="8" slack="1"/>
<pin id="3393" dir="1" index="1" bw="8" slack="1"/>
</pin_list>
<bind>
<opset="x_addr_12 "/>
</bind>
</comp>

<comp id="3396" class="1005" name="x_addr_13_reg_3396">
<pin_list>
<pin id="3397" dir="0" index="0" bw="8" slack="1"/>
<pin id="3398" dir="1" index="1" bw="8" slack="1"/>
</pin_list>
<bind>
<opset="x_addr_13 "/>
</bind>
</comp>

<comp id="3401" class="1005" name="x_load_10_reg_3401">
<pin_list>
<pin id="3402" dir="0" index="0" bw="16" slack="3"/>
<pin id="3403" dir="1" index="1" bw="16" slack="3"/>
</pin_list>
<bind>
<opset="x_load_10 "/>
</bind>
</comp>

<comp id="3408" class="1005" name="x_load_11_reg_3408">
<pin_list>
<pin id="3409" dir="0" index="0" bw="16" slack="3"/>
<pin id="3410" dir="1" index="1" bw="16" slack="3"/>
</pin_list>
<bind>
<opset="x_load_11 "/>
</bind>
</comp>

<comp id="3415" class="1005" name="x_addr_14_reg_3415">
<pin_list>
<pin id="3416" dir="0" index="0" bw="8" slack="1"/>
<pin id="3417" dir="1" index="1" bw="8" slack="1"/>
</pin_list>
<bind>
<opset="x_addr_14 "/>
</bind>
</comp>

<comp id="3420" class="1005" name="x_addr_15_reg_3420">
<pin_list>
<pin id="3421" dir="0" index="0" bw="8" slack="1"/>
<pin id="3422" dir="1" index="1" bw="8" slack="1"/>
</pin_list>
<bind>
<opset="x_addr_15 "/>
</bind>
</comp>

<comp id="3425" class="1005" name="x_load_12_reg_3425">
<pin_list>
<pin id="3426" dir="0" index="0" bw="16" slack="2"/>
<pin id="3427" dir="1" index="1" bw="16" slack="2"/>
</pin_list>
<bind>
<opset="x_load_12 "/>
</bind>
</comp>

<comp id="3432" class="1005" name="x_load_13_reg_3432">
<pin_list>
<pin id="3433" dir="0" index="0" bw="16" slack="2"/>
<pin id="3434" dir="1" index="1" bw="16" slack="2"/>
</pin_list>
<bind>
<opset="x_load_13 "/>
</bind>
</comp>

<comp id="3439" class="1005" name="x_load_14_reg_3439">
<pin_list>
<pin id="3440" dir="0" index="0" bw="16" slack="1"/>
<pin id="3441" dir="1" index="1" bw="16" slack="1"/>
</pin_list>
<bind>
<opset="x_load_14 "/>
</bind>
</comp>

<comp id="3446" class="1005" name="x_load_15_reg_3446">
<pin_list>
<pin id="3447" dir="0" index="0" bw="16" slack="1"/>
<pin id="3448" dir="1" index="1" bw="16" slack="1"/>
</pin_list>
<bind>
<opset="x_load_15 "/>
</bind>
</comp>

<comp id="3453" class="1005" name="add_ln813_7_reg_3453">
<pin_list>
<pin id="3454" dir="0" index="0" bw="23" slack="1"/>
<pin id="3455" dir="1" index="1" bw="23" slack="1"/>
</pin_list>
<bind>
<opset="add_ln813_7 "/>
</bind>
</comp>

<comp id="3458" class="1005" name="add_ln813_14_reg_3458">
<pin_list>
<pin id="3459" dir="0" index="0" bw="23" slack="1"/>
<pin id="3460" dir="1" index="1" bw="23" slack="1"/>
</pin_list>
<bind>
<opset="add_ln813_14 "/>
</bind>
</comp>

<comp id="3463" class="1005" name="tmp_23_reg_3463">
<pin_list>
<pin id="3464" dir="0" index="0" bw="1" slack="1"/>
<pin id="3465" dir="1" index="1" bw="1" slack="1"/>
</pin_list>
<bind>
<opset="tmp_23 "/>
</bind>
</comp>

<comp id="3468" class="1005" name="tmp_37_reg_3468">
<pin_list>
<pin id="3469" dir="0" index="0" bw="16" slack="1"/>
<pin id="3470" dir="1" index="1" bw="16" slack="1"/>
</pin_list>
<bind>
<opset="tmp_37 "/>
</bind>
</comp>

<comp id="3473" class="1005" name="tmp_38_reg_3473">
<pin_list>
<pin id="3474" dir="0" index="0" bw="16" slack="1"/>
<pin id="3475" dir="1" index="1" bw="16" slack="1"/>
</pin_list>
<bind>
<opset="tmp_38 "/>
</bind>
</comp>

<comp id="3478" class="1005" name="mean_reg_3478">
<pin_list>
<pin id="3479" dir="0" index="0" bw="16" slack="1"/>
<pin id="3480" dir="1" index="1" bw="16" slack="1"/>
</pin_list>
<bind>
<opset="mean "/>
</bind>
</comp>

<comp id="3498" class="1005" name="sext_ln1273_reg_3498">
<pin_list>
<pin id="3499" dir="0" index="0" bw="30" slack="1"/>
<pin id="3500" dir="1" index="1" bw="30" slack="1"/>
</pin_list>
<bind>
<opset="sext_ln1273 "/>
</bind>
</comp>

<comp id="3504" class="1005" name="sext_ln1273_16_reg_3504">
<pin_list>
<pin id="3505" dir="0" index="0" bw="30" slack="1"/>
<pin id="3506" dir="1" index="1" bw="30" slack="1"/>
</pin_list>
<bind>
<opset="sext_ln1273_16 "/>
</bind>
</comp>

<comp id="3510" class="1005" name="sext_ln1273_17_reg_3510">
<pin_list>
<pin id="3511" dir="0" index="0" bw="30" slack="1"/>
<pin id="3512" dir="1" index="1" bw="30" slack="1"/>
</pin_list>
<bind>
<opset="sext_ln1273_17 "/>
</bind>
</comp>

<comp id="3516" class="1005" name="shl_ln2_reg_3516">
<pin_list>
<pin id="3517" dir="0" index="0" bw="30" slack="1"/>
<pin id="3518" dir="1" index="1" bw="30" slack="1"/>
</pin_list>
<bind>
<opset="shl_ln2 "/>
</bind>
</comp>

<comp id="3521" class="1005" name="sext_ln1273_18_reg_3521">
<pin_list>
<pin id="3522" dir="0" index="0" bw="30" slack="1"/>
<pin id="3523" dir="1" index="1" bw="30" slack="1"/>
</pin_list>
<bind>
<opset="sext_ln1273_18 "/>
</bind>
</comp>

<comp id="3527" class="1005" name="shl_ln838_1_reg_3527">
<pin_list>
<pin id="3528" dir="0" index="0" bw="30" slack="1"/>
<pin id="3529" dir="1" index="1" bw="30" slack="1"/>
</pin_list>
<bind>
<opset="shl_ln838_1 "/>
</bind>
</comp>

<comp id="3532" class="1005" name="sext_ln1273_19_reg_3532">
<pin_list>
<pin id="3533" dir="0" index="0" bw="30" slack="1"/>
<pin id="3534" dir="1" index="1" bw="30" slack="1"/>
</pin_list>
<bind>
<opset="sext_ln1273_19 "/>
</bind>
</comp>

<comp id="3538" class="1005" name="shl_ln838_2_reg_3538">
<pin_list>
<pin id="3539" dir="0" index="0" bw="30" slack="1"/>
<pin id="3540" dir="1" index="1" bw="30" slack="1"/>
</pin_list>
<bind>
<opset="shl_ln838_2 "/>
</bind>
</comp>

<comp id="3543" class="1005" name="sext_ln1273_20_reg_3543">
<pin_list>
<pin id="3544" dir="0" index="0" bw="30" slack="1"/>
<pin id="3545" dir="1" index="1" bw="30" slack="1"/>
</pin_list>
<bind>
<opset="sext_ln1273_20 "/>
</bind>
</comp>

<comp id="3549" class="1005" name="shl_ln838_3_reg_3549">
<pin_list>
<pin id="3550" dir="0" index="0" bw="30" slack="1"/>
<pin id="3551" dir="1" index="1" bw="30" slack="1"/>
</pin_list>
<bind>
<opset="shl_ln838_3 "/>
</bind>
</comp>

<comp id="3554" class="1005" name="sext_ln1273_21_reg_3554">
<pin_list>
<pin id="3555" dir="0" index="0" bw="30" slack="1"/>
<pin id="3556" dir="1" index="1" bw="30" slack="1"/>
</pin_list>
<bind>
<opset="sext_ln1273_21 "/>
</bind>
</comp>

<comp id="3560" class="1005" name="shl_ln838_4_reg_3560">
<pin_list>
<pin id="3561" dir="0" index="0" bw="30" slack="1"/>
<pin id="3562" dir="1" index="1" bw="30" slack="1"/>
</pin_list>
<bind>
<opset="shl_ln838_4 "/>
</bind>
</comp>

<comp id="3565" class="1005" name="sext_ln1273_22_reg_3565">
<pin_list>
<pin id="3566" dir="0" index="0" bw="30" slack="1"/>
<pin id="3567" dir="1" index="1" bw="30" slack="1"/>
</pin_list>
<bind>
<opset="sext_ln1273_22 "/>
</bind>
</comp>

<comp id="3571" class="1005" name="shl_ln838_5_reg_3571">
<pin_list>
<pin id="3572" dir="0" index="0" bw="30" slack="1"/>
<pin id="3573" dir="1" index="1" bw="30" slack="1"/>
</pin_list>
<bind>
<opset="shl_ln838_5 "/>
</bind>
</comp>

<comp id="3576" class="1005" name="sext_ln1273_23_reg_3576">
<pin_list>
<pin id="3577" dir="0" index="0" bw="30" slack="1"/>
<pin id="3578" dir="1" index="1" bw="30" slack="1"/>
</pin_list>
<bind>
<opset="sext_ln1273_23 "/>
</bind>
</comp>

<comp id="3582" class="1005" name="shl_ln838_6_reg_3582">
<pin_list>
<pin id="3583" dir="0" index="0" bw="30" slack="1"/>
<pin id="3584" dir="1" index="1" bw="30" slack="1"/>
</pin_list>
<bind>
<opset="shl_ln838_6 "/>
</bind>
</comp>

<comp id="3587" class="1005" name="sext_ln1273_24_reg_3587">
<pin_list>
<pin id="3588" dir="0" index="0" bw="30" slack="1"/>
<pin id="3589" dir="1" index="1" bw="30" slack="1"/>
</pin_list>
<bind>
<opset="sext_ln1273_24 "/>
</bind>
</comp>

<comp id="3593" class="1005" name="shl_ln838_7_reg_3593">
<pin_list>
<pin id="3594" dir="0" index="0" bw="30" slack="1"/>
<pin id="3595" dir="1" index="1" bw="30" slack="1"/>
</pin_list>
<bind>
<opset="shl_ln838_7 "/>
</bind>
</comp>

<comp id="3598" class="1005" name="sext_ln1273_25_reg_3598">
<pin_list>
<pin id="3599" dir="0" index="0" bw="30" slack="1"/>
<pin id="3600" dir="1" index="1" bw="30" slack="1"/>
</pin_list>
<bind>
<opset="sext_ln1273_25 "/>
</bind>
</comp>

<comp id="3604" class="1005" name="shl_ln838_8_reg_3604">
<pin_list>
<pin id="3605" dir="0" index="0" bw="30" slack="1"/>
<pin id="3606" dir="1" index="1" bw="30" slack="1"/>
</pin_list>
<bind>
<opset="shl_ln838_8 "/>
</bind>
</comp>

<comp id="3609" class="1005" name="sext_ln1273_26_reg_3609">
<pin_list>
<pin id="3610" dir="0" index="0" bw="30" slack="1"/>
<pin id="3611" dir="1" index="1" bw="30" slack="1"/>
</pin_list>
<bind>
<opset="sext_ln1273_26 "/>
</bind>
</comp>

<comp id="3615" class="1005" name="shl_ln838_9_reg_3615">
<pin_list>
<pin id="3616" dir="0" index="0" bw="30" slack="1"/>
<pin id="3617" dir="1" index="1" bw="30" slack="1"/>
</pin_list>
<bind>
<opset="shl_ln838_9 "/>
</bind>
</comp>

<comp id="3620" class="1005" name="sext_ln1273_27_reg_3620">
<pin_list>
<pin id="3621" dir="0" index="0" bw="30" slack="1"/>
<pin id="3622" dir="1" index="1" bw="30" slack="1"/>
</pin_list>
<bind>
<opset="sext_ln1273_27 "/>
</bind>
</comp>

<comp id="3626" class="1005" name="shl_ln838_s_reg_3626">
<pin_list>
<pin id="3627" dir="0" index="0" bw="30" slack="1"/>
<pin id="3628" dir="1" index="1" bw="30" slack="1"/>
</pin_list>
<bind>
<opset="shl_ln838_s "/>
</bind>
</comp>

<comp id="3631" class="1005" name="sext_ln1273_28_reg_3631">
<pin_list>
<pin id="3632" dir="0" index="0" bw="30" slack="1"/>
<pin id="3633" dir="1" index="1" bw="30" slack="1"/>
</pin_list>
<bind>
<opset="sext_ln1273_28 "/>
</bind>
</comp>

<comp id="3637" class="1005" name="shl_ln838_10_reg_3637">
<pin_list>
<pin id="3638" dir="0" index="0" bw="30" slack="1"/>
<pin id="3639" dir="1" index="1" bw="30" slack="1"/>
</pin_list>
<bind>
<opset="shl_ln838_10 "/>
</bind>
</comp>

<comp id="3642" class="1005" name="sext_ln1273_29_reg_3642">
<pin_list>
<pin id="3643" dir="0" index="0" bw="30" slack="1"/>
<pin id="3644" dir="1" index="1" bw="30" slack="1"/>
</pin_list>
<bind>
<opset="sext_ln1273_29 "/>
</bind>
</comp>

<comp id="3648" class="1005" name="shl_ln838_11_reg_3648">
<pin_list>
<pin id="3649" dir="0" index="0" bw="30" slack="1"/>
<pin id="3650" dir="1" index="1" bw="30" slack="1"/>
</pin_list>
<bind>
<opset="shl_ln838_11 "/>
</bind>
</comp>

<comp id="3653" class="1005" name="sext_ln1273_30_reg_3653">
<pin_list>
<pin id="3654" dir="0" index="0" bw="30" slack="1"/>
<pin id="3655" dir="1" index="1" bw="30" slack="1"/>
</pin_list>
<bind>
<opset="sext_ln1273_30 "/>
</bind>
</comp>

<comp id="3659" class="1005" name="shl_ln838_12_reg_3659">
<pin_list>
<pin id="3660" dir="0" index="0" bw="30" slack="1"/>
<pin id="3661" dir="1" index="1" bw="30" slack="1"/>
</pin_list>
<bind>
<opset="shl_ln838_12 "/>
</bind>
</comp>

<comp id="3664" class="1005" name="shl_ln838_13_reg_3664">
<pin_list>
<pin id="3665" dir="0" index="0" bw="30" slack="1"/>
<pin id="3666" dir="1" index="1" bw="30" slack="1"/>
</pin_list>
<bind>
<opset="shl_ln838_13 "/>
</bind>
</comp>

<comp id="3669" class="1005" name="tmp_24_reg_3669">
<pin_list>
<pin id="3670" dir="0" index="0" bw="1" slack="1"/>
<pin id="3671" dir="1" index="1" bw="1" slack="1"/>
</pin_list>
<bind>
<opset="tmp_24 "/>
</bind>
</comp>

<comp id="3674" class="1005" name="trunc_ln1303_4_reg_3674">
<pin_list>
<pin id="3675" dir="0" index="0" bw="20" slack="1"/>
<pin id="3676" dir="1" index="1" bw="20" slack="1"/>
</pin_list>
<bind>
<opset="trunc_ln1303_4 "/>
</bind>
</comp>

<comp id="3679" class="1005" name="tmp_56_reg_3679">
<pin_list>
<pin id="3680" dir="0" index="0" bw="16" slack="1"/>
<pin id="3681" dir="1" index="1" bw="16" slack="1"/>
</pin_list>
<bind>
<opset="tmp_56 "/>
</bind>
</comp>

<comp id="3684" class="1005" name="icmp_ln1090_reg_3684">
<pin_list>
<pin id="3685" dir="0" index="0" bw="1" slack="1"/>
<pin id="3686" dir="1" index="1" bw="1" slack="10"/>
</pin_list>
<bind>
<opset="icmp_ln1090 "/>
</bind>
</comp>

<comp id="3689" class="1005" name="p_Result_9_reg_3689">
<pin_list>
<pin id="3690" dir="0" index="0" bw="1" slack="4"/>
<pin id="3691" dir="1" index="1" bw="1" slack="4"/>
</pin_list>
<bind>
<opset="p_Result_9 "/>
</bind>
</comp>

<comp id="3694" class="1005" name="tmp_V_2_reg_3694">
<pin_list>
<pin id="3695" dir="0" index="0" bw="16" slack="1"/>
<pin id="3696" dir="1" index="1" bw="16" slack="1"/>
</pin_list>
<bind>
<opset="tmp_V_2 "/>
</bind>
</comp>

<comp id="3701" class="1005" name="p_Result_s_reg_3701">
<pin_list>
<pin id="3702" dir="0" index="0" bw="16" slack="1"/>
<pin id="3703" dir="1" index="1" bw="16" slack="1"/>
</pin_list>
<bind>
<opset="p_Result_s "/>
</bind>
</comp>

<comp id="3706" class="1005" name="sub_ln1099_reg_3706">
<pin_list>
<pin id="3707" dir="0" index="0" bw="32" slack="1"/>
<pin id="3708" dir="1" index="1" bw="32" slack="1"/>
</pin_list>
<bind>
<opset="sub_ln1099 "/>
</bind>
</comp>

<comp id="3713" class="1005" name="trunc_ln1099_reg_3713">
<pin_list>
<pin id="3714" dir="0" index="0" bw="16" slack="1"/>
<pin id="3715" dir="1" index="1" bw="16" slack="1"/>
</pin_list>
<bind>
<opset="trunc_ln1099 "/>
</bind>
</comp>

<comp id="3718" class="1005" name="icmp_ln1102_reg_3718">
<pin_list>
<pin id="3719" dir="0" index="0" bw="1" slack="1"/>
<pin id="3720" dir="1" index="1" bw="1" slack="1"/>
</pin_list>
<bind>
<opset="icmp_ln1102 "/>
</bind>
</comp>

<comp id="3723" class="1005" name="trunc_ln1098_reg_3723">
<pin_list>
<pin id="3724" dir="0" index="0" bw="8" slack="3"/>
<pin id="3725" dir="1" index="1" bw="8" slack="3"/>
</pin_list>
<bind>
<opset="trunc_ln1098 "/>
</bind>
</comp>

<comp id="3728" class="1005" name="or_ln_reg_3728">
<pin_list>
<pin id="3729" dir="0" index="0" bw="2" slack="1"/>
<pin id="3730" dir="1" index="1" bw="2" slack="1"/>
</pin_list>
<bind>
<opset="or_ln "/>
</bind>
</comp>

<comp id="3733" class="1005" name="icmp_ln1113_reg_3733">
<pin_list>
<pin id="3734" dir="0" index="0" bw="1" slack="1"/>
<pin id="3735" dir="1" index="1" bw="1" slack="1"/>
</pin_list>
<bind>
<opset="icmp_ln1113 "/>
</bind>
</comp>

<comp id="3738" class="1005" name="m_4_reg_3738">
<pin_list>
<pin id="3739" dir="0" index="0" bw="63" slack="1"/>
<pin id="3740" dir="1" index="1" bw="63" slack="1"/>
</pin_list>
<bind>
<opset="m_4 "/>
</bind>
</comp>

<comp id="3743" class="1005" name="p_Result_5_reg_3743">
<pin_list>
<pin id="3744" dir="0" index="0" bw="1" slack="1"/>
<pin id="3745" dir="1" index="1" bw="1" slack="1"/>
</pin_list>
<bind>
<opset="p_Result_5 "/>
</bind>
</comp>

<comp id="3748" class="1005" name="LD_reg_3748">
<pin_list>
<pin id="3749" dir="0" index="0" bw="32" slack="1"/>
<pin id="3750" dir="1" index="1" bw="32" slack="1"/>
</pin_list>
<bind>
<opset="LD "/>
</bind>
</comp>

<comp id="3753" class="1005" name="bitcast_ln766_reg_3753">
<pin_list>
<pin id="3754" dir="0" index="0" bw="32" slack="1"/>
<pin id="3755" dir="1" index="1" bw="32" slack="1"/>
</pin_list>
<bind>
<opset="bitcast_ln766 "/>
</bind>
</comp>

<comp id="3758" class="1005" name="phitmp_reg_3758">
<pin_list>
<pin id="3759" dir="0" index="0" bw="32" slack="1"/>
<pin id="3760" dir="1" index="1" bw="32" slack="1"/>
</pin_list>
<bind>
<opset="phitmp "/>
</bind>
</comp>

<comp id="3763" class="1005" name="select_ln1090_reg_3763">
<pin_list>
<pin id="3764" dir="0" index="0" bw="32" slack="1"/>
<pin id="3765" dir="1" index="1" bw="32" slack="1"/>
</pin_list>
<bind>
<opset="select_ln1090 "/>
</bind>
</comp>

<comp id="3768" class="1005" name="tmp_reg_3768">
<pin_list>
<pin id="3769" dir="0" index="0" bw="32" slack="1"/>
<pin id="3770" dir="1" index="1" bw="32" slack="1"/>
</pin_list>
<bind>
<opset="tmp "/>
</bind>
</comp>

<comp id="3773" class="1005" name="d_assign_reg_3773">
<pin_list>
<pin id="3774" dir="0" index="0" bw="32" slack="1"/>
<pin id="3775" dir="1" index="1" bw="32" slack="1"/>
</pin_list>
<bind>
<opset="d_assign "/>
</bind>
</comp>

<comp id="3779" class="1005" name="p_Result_12_reg_3779">
<pin_list>
<pin id="3780" dir="0" index="0" bw="1" slack="1"/>
<pin id="3781" dir="1" index="1" bw="1" slack="1"/>
</pin_list>
<bind>
<opset="p_Result_12 "/>
</bind>
</comp>

<comp id="3784" class="1005" name="exp_tmp_reg_3784">
<pin_list>
<pin id="3785" dir="0" index="0" bw="11" slack="1"/>
<pin id="3786" dir="1" index="1" bw="11" slack="1"/>
</pin_list>
<bind>
<opset="exp_tmp "/>
</bind>
</comp>

<comp id="3789" class="1005" name="trunc_ln554_reg_3789">
<pin_list>
<pin id="3790" dir="0" index="0" bw="52" slack="1"/>
<pin id="3791" dir="1" index="1" bw="52" slack="1"/>
</pin_list>
<bind>
<opset="trunc_ln554 "/>
</bind>
</comp>

<comp id="3794" class="1005" name="icmp_ln560_reg_3794">
<pin_list>
<pin id="3795" dir="0" index="0" bw="1" slack="1"/>
<pin id="3796" dir="1" index="1" bw="1" slack="2"/>
</pin_list>
<bind>
<opset="icmp_ln560 "/>
</bind>
</comp>

<comp id="3801" class="1005" name="man_V_2_reg_3801">
<pin_list>
<pin id="3802" dir="0" index="0" bw="54" slack="2"/>
<pin id="3803" dir="1" index="1" bw="54" slack="2"/>
</pin_list>
<bind>
<opset="man_V_2 "/>
</bind>
</comp>

<comp id="3806" class="1005" name="icmp_ln570_reg_3806">
<pin_list>
<pin id="3807" dir="0" index="0" bw="1" slack="1"/>
<pin id="3808" dir="1" index="1" bw="1" slack="1"/>
</pin_list>
<bind>
<opset="icmp_ln570 "/>
</bind>
</comp>

<comp id="3811" class="1005" name="sh_amt_reg_3811">
<pin_list>
<pin id="3812" dir="0" index="0" bw="12" slack="1"/>
<pin id="3813" dir="1" index="1" bw="12" slack="1"/>
</pin_list>
<bind>
<opset="sh_amt "/>
</bind>
</comp>

<comp id="3817" class="1005" name="icmp_ln571_reg_3817">
<pin_list>
<pin id="3818" dir="0" index="0" bw="1" slack="1"/>
<pin id="3819" dir="1" index="1" bw="1" slack="1"/>
</pin_list>
<bind>
<opset="icmp_ln571 "/>
</bind>
</comp>

<comp id="3823" class="1005" name="trunc_ln572_reg_3823">
<pin_list>
<pin id="3824" dir="0" index="0" bw="16" slack="1"/>
<pin id="3825" dir="1" index="1" bw="16" slack="1"/>
</pin_list>
<bind>
<opset="trunc_ln572 "/>
</bind>
</comp>

<comp id="3829" class="1005" name="icmp_ln592_reg_3829">
<pin_list>
<pin id="3830" dir="0" index="0" bw="1" slack="1"/>
<pin id="3831" dir="1" index="1" bw="1" slack="1"/>
</pin_list>
<bind>
<opset="icmp_ln592 "/>
</bind>
</comp>

<comp id="3834" class="1005" name="sext_ln570_reg_3834">
<pin_list>
<pin id="3835" dir="0" index="0" bw="32" slack="1"/>
<pin id="3836" dir="1" index="1" bw="32" slack="1"/>
</pin_list>
<bind>
<opset="sext_ln570 "/>
</bind>
</comp>

<comp id="3839" class="1005" name="icmp_ln574_reg_3839">
<pin_list>
<pin id="3840" dir="0" index="0" bw="1" slack="1"/>
<pin id="3841" dir="1" index="1" bw="1" slack="1"/>
</pin_list>
<bind>
<opset="icmp_ln574 "/>
</bind>
</comp>

<comp id="3844" class="1005" name="select_ln571_reg_3844">
<pin_list>
<pin id="3845" dir="0" index="0" bw="16" slack="1"/>
<pin id="3846" dir="1" index="1" bw="16" slack="1"/>
</pin_list>
<bind>
<opset="select_ln571 "/>
</bind>
</comp>

<comp id="3849" class="1005" name="and_ln570_reg_3849">
<pin_list>
<pin id="3850" dir="0" index="0" bw="1" slack="1"/>
<pin id="3851" dir="1" index="1" bw="1" slack="1"/>
</pin_list>
<bind>
<opset="and_ln570 "/>
</bind>
</comp>

<comp id="3854" class="1005" name="sext_ln1348_reg_3854">
<pin_list>
<pin id="3855" dir="0" index="0" bw="17" slack="1"/>
<pin id="3856" dir="1" index="1" bw="17" slack="1"/>
</pin_list>
<bind>
<opset="sext_ln1348 "/>
</bind>
</comp>

<comp id="3871" class="1005" name="sext_ln1273_32_reg_3871">
<pin_list>
<pin id="3872" dir="0" index="0" bw="26" slack="1"/>
<pin id="3873" dir="1" index="1" bw="26" slack="1"/>
</pin_list>
<bind>
<opset="sext_ln1273_32 "/>
</bind>
</comp>

<comp id="3891" class="1005" name="sext_ln837_15_reg_3891">
<pin_list>
<pin id="3892" dir="0" index="0" bw="26" slack="1"/>
<pin id="3893" dir="1" index="1" bw="26" slack="1"/>
</pin_list>
<bind>
<opset="sext_ln837_15 "/>
</bind>
</comp>

<comp id="3896" class="1005" name="zext_ln837_1_reg_3896">
<pin_list>
<pin id="3897" dir="0" index="0" bw="26" slack="1"/>
<pin id="3898" dir="1" index="1" bw="26" slack="1"/>
</pin_list>
<bind>
<opset="zext_ln837_1 "/>
</bind>
</comp>

<comp id="3901" class="1005" name="sext_ln837_16_reg_3901">
<pin_list>
<pin id="3902" dir="0" index="0" bw="26" slack="1"/>
<pin id="3903" dir="1" index="1" bw="26" slack="1"/>
</pin_list>
<bind>
<opset="sext_ln837_16 "/>
</bind>
</comp>

<comp id="3906" class="1005" name="zext_ln837_2_reg_3906">
<pin_list>
<pin id="3907" dir="0" index="0" bw="26" slack="1"/>
<pin id="3908" dir="1" index="1" bw="26" slack="1"/>
</pin_list>
<bind>
<opset="zext_ln837_2 "/>
</bind>
</comp>

<comp id="3911" class="1005" name="trunc_ln818_18_reg_3911">
<pin_list>
<pin id="3912" dir="0" index="0" bw="16" slack="1"/>
<pin id="3913" dir="1" index="1" bw="16" slack="1"/>
</pin_list>
<bind>
<opset="trunc_ln818_18 "/>
</bind>
</comp>

<comp id="3916" class="1005" name="sext_ln837_17_reg_3916">
<pin_list>
<pin id="3917" dir="0" index="0" bw="26" slack="1"/>
<pin id="3918" dir="1" index="1" bw="26" slack="1"/>
</pin_list>
<bind>
<opset="sext_ln837_17 "/>
</bind>
</comp>

<comp id="3921" class="1005" name="zext_ln837_3_reg_3921">
<pin_list>
<pin id="3922" dir="0" index="0" bw="26" slack="1"/>
<pin id="3923" dir="1" index="1" bw="26" slack="1"/>
</pin_list>
<bind>
<opset="zext_ln837_3 "/>
</bind>
</comp>

<comp id="3926" class="1005" name="sext_ln837_18_reg_3926">
<pin_list>
<pin id="3927" dir="0" index="0" bw="26" slack="1"/>
<pin id="3928" dir="1" index="1" bw="26" slack="1"/>
</pin_list>
<bind>
<opset="sext_ln837_18 "/>
</bind>
</comp>

<comp id="3931" class="1005" name="zext_ln837_4_reg_3931">
<pin_list>
<pin id="3932" dir="0" index="0" bw="26" slack="1"/>
<pin id="3933" dir="1" index="1" bw="26" slack="1"/>
</pin_list>
<bind>
<opset="zext_ln837_4 "/>
</bind>
</comp>

<comp id="3936" class="1005" name="sext_ln837_19_reg_3936">
<pin_list>
<pin id="3937" dir="0" index="0" bw="26" slack="1"/>
<pin id="3938" dir="1" index="1" bw="26" slack="1"/>
</pin_list>
<bind>
<opset="sext_ln837_19 "/>
</bind>
</comp>

<comp id="3941" class="1005" name="zext_ln837_5_reg_3941">
<pin_list>
<pin id="3942" dir="0" index="0" bw="26" slack="1"/>
<pin id="3943" dir="1" index="1" bw="26" slack="1"/>
</pin_list>
<bind>
<opset="zext_ln837_5 "/>
</bind>
</comp>

<comp id="3946" class="1005" name="trunc_ln818_21_reg_3946">
<pin_list>
<pin id="3947" dir="0" index="0" bw="16" slack="1"/>
<pin id="3948" dir="1" index="1" bw="16" slack="1"/>
</pin_list>
<bind>
<opset="trunc_ln818_21 "/>
</bind>
</comp>

<comp id="3951" class="1005" name="sext_ln1347_reg_3951">
<pin_list>
<pin id="3952" dir="0" index="0" bw="26" slack="1"/>
<pin id="3953" dir="1" index="1" bw="26" slack="1"/>
</pin_list>
<bind>
<opset="sext_ln1347 "/>
</bind>
</comp>

<comp id="3956" class="1005" name="zext_ln1347_reg_3956">
<pin_list>
<pin id="3957" dir="0" index="0" bw="26" slack="1"/>
<pin id="3958" dir="1" index="1" bw="26" slack="1"/>
</pin_list>
<bind>
<opset="zext_ln1347 "/>
</bind>
</comp>

<comp id="3961" class="1005" name="sext_ln837_20_reg_3961">
<pin_list>
<pin id="3962" dir="0" index="0" bw="26" slack="1"/>
<pin id="3963" dir="1" index="1" bw="26" slack="1"/>
</pin_list>
<bind>
<opset="sext_ln837_20 "/>
</bind>
</comp>

<comp id="3966" class="1005" name="zext_ln837_6_reg_3966">
<pin_list>
<pin id="3967" dir="0" index="0" bw="26" slack="1"/>
<pin id="3968" dir="1" index="1" bw="26" slack="1"/>
</pin_list>
<bind>
<opset="zext_ln837_6 "/>
</bind>
</comp>

<comp id="3971" class="1005" name="sext_ln1273_39_reg_3971">
<pin_list>
<pin id="3972" dir="0" index="0" bw="26" slack="1"/>
<pin id="3973" dir="1" index="1" bw="26" slack="1"/>
</pin_list>
<bind>
<opset="sext_ln1273_39 "/>
</bind>
</comp>

<comp id="3976" class="1005" name="zext_ln1273_reg_3976">
<pin_list>
<pin id="3977" dir="0" index="0" bw="26" slack="1"/>
<pin id="3978" dir="1" index="1" bw="26" slack="1"/>
</pin_list>
<bind>
<opset="zext_ln1273 "/>
</bind>
</comp>

<comp id="3981" class="1005" name="sext_ln1273_42_reg_3981">
<pin_list>
<pin id="3982" dir="0" index="0" bw="26" slack="1"/>
<pin id="3983" dir="1" index="1" bw="26" slack="1"/>
</pin_list>
<bind>
<opset="sext_ln1273_42 "/>
</bind>
</comp>

<comp id="3986" class="1005" name="zext_ln1273_1_reg_3986">
<pin_list>
<pin id="3987" dir="0" index="0" bw="26" slack="1"/>
<pin id="3988" dir="1" index="1" bw="26" slack="1"/>
</pin_list>
<bind>
<opset="zext_ln1273_1 "/>
</bind>
</comp>

<comp id="3991" class="1005" name="trunc_ln818_24_reg_3991">
<pin_list>
<pin id="3992" dir="0" index="0" bw="16" slack="1"/>
<pin id="3993" dir="1" index="1" bw="16" slack="1"/>
</pin_list>
<bind>
<opset="trunc_ln818_24 "/>
</bind>
</comp>

<comp id="3996" class="1005" name="sext_ln1347_3_reg_3996">
<pin_list>
<pin id="3997" dir="0" index="0" bw="26" slack="1"/>
<pin id="3998" dir="1" index="1" bw="26" slack="1"/>
</pin_list>
<bind>
<opset="sext_ln1347_3 "/>
</bind>
</comp>

<comp id="4001" class="1005" name="sext_ln1347_4_reg_4001">
<pin_list>
<pin id="4002" dir="0" index="0" bw="26" slack="1"/>
<pin id="4003" dir="1" index="1" bw="26" slack="1"/>
</pin_list>
<bind>
<opset="sext_ln1347_4 "/>
</bind>
</comp>

<comp id="4006" class="1005" name="sext_ln1347_5_reg_4006">
<pin_list>
<pin id="4007" dir="0" index="0" bw="26" slack="1"/>
<pin id="4008" dir="1" index="1" bw="26" slack="1"/>
</pin_list>
<bind>
<opset="sext_ln1347_5 "/>
</bind>
</comp>

<comp id="4011" class="1005" name="sext_ln1273_45_reg_4011">
<pin_list>
<pin id="4012" dir="0" index="0" bw="26" slack="1"/>
<pin id="4013" dir="1" index="1" bw="26" slack="1"/>
</pin_list>
<bind>
<opset="sext_ln1273_45 "/>
</bind>
</comp>

<comp id="4016" class="1005" name="zext_ln1273_2_reg_4016">
<pin_list>
<pin id="4017" dir="0" index="0" bw="26" slack="1"/>
<pin id="4018" dir="1" index="1" bw="26" slack="1"/>
</pin_list>
<bind>
<opset="zext_ln1273_2 "/>
</bind>
</comp>

<comp id="4021" class="1005" name="sext_ln837_21_reg_4021">
<pin_list>
<pin id="4022" dir="0" index="0" bw="26" slack="1"/>
<pin id="4023" dir="1" index="1" bw="26" slack="1"/>
</pin_list>
<bind>
<opset="sext_ln837_21 "/>
</bind>
</comp>

<comp id="4026" class="1005" name="zext_ln837_7_reg_4026">
<pin_list>
<pin id="4027" dir="0" index="0" bw="26" slack="1"/>
<pin id="4028" dir="1" index="1" bw="26" slack="1"/>
</pin_list>
<bind>
<opset="zext_ln837_7 "/>
</bind>
</comp>

<comp id="4031" class="1005" name="sext_ln837_22_reg_4031">
<pin_list>
<pin id="4032" dir="0" index="0" bw="26" slack="1"/>
<pin id="4033" dir="1" index="1" bw="26" slack="1"/>
</pin_list>
<bind>
<opset="sext_ln837_22 "/>
</bind>
</comp>

<comp id="4036" class="1005" name="zext_ln837_8_reg_4036">
<pin_list>
<pin id="4037" dir="0" index="0" bw="26" slack="1"/>
<pin id="4038" dir="1" index="1" bw="26" slack="1"/>
</pin_list>
<bind>
<opset="zext_ln837_8 "/>
</bind>
</comp>

<comp id="4041" class="1005" name="trunc_ln818_27_reg_4041">
<pin_list>
<pin id="4042" dir="0" index="0" bw="16" slack="1"/>
<pin id="4043" dir="1" index="1" bw="16" slack="1"/>
</pin_list>
<bind>
<opset="trunc_ln818_27 "/>
</bind>
</comp>

<comp id="4046" class="1005" name="trunc_ln818_4_reg_4046">
<pin_list>
<pin id="4047" dir="0" index="0" bw="16" slack="1"/>
<pin id="4048" dir="1" index="1" bw="16" slack="1"/>
</pin_list>
<bind>
<opset="trunc_ln818_4 "/>
</bind>
</comp>

<comp id="4051" class="1005" name="sext_ln1347_6_reg_4051">
<pin_list>
<pin id="4052" dir="0" index="0" bw="26" slack="1"/>
<pin id="4053" dir="1" index="1" bw="26" slack="1"/>
</pin_list>
<bind>
<opset="sext_ln1347_6 "/>
</bind>
</comp>

<comp id="4056" class="1005" name="sext_ln1347_7_reg_4056">
<pin_list>
<pin id="4057" dir="0" index="0" bw="26" slack="1"/>
<pin id="4058" dir="1" index="1" bw="26" slack="1"/>
</pin_list>
<bind>
<opset="sext_ln1347_7 "/>
</bind>
</comp>

<comp id="4061" class="1005" name="zext_ln1347_1_reg_4061">
<pin_list>
<pin id="4062" dir="0" index="0" bw="26" slack="1"/>
<pin id="4063" dir="1" index="1" bw="26" slack="1"/>
</pin_list>
<bind>
<opset="zext_ln1347_1 "/>
</bind>
</comp>

<comp id="4066" class="1005" name="sext_ln837_23_reg_4066">
<pin_list>
<pin id="4067" dir="0" index="0" bw="26" slack="1"/>
<pin id="4068" dir="1" index="1" bw="26" slack="1"/>
</pin_list>
<bind>
<opset="sext_ln837_23 "/>
</bind>
</comp>

<comp id="4071" class="1005" name="zext_ln837_9_reg_4071">
<pin_list>
<pin id="4072" dir="0" index="0" bw="26" slack="1"/>
<pin id="4073" dir="1" index="1" bw="26" slack="1"/>
</pin_list>
<bind>
<opset="zext_ln837_9 "/>
</bind>
</comp>

<comp id="4076" class="1005" name="sext_ln1273_51_reg_4076">
<pin_list>
<pin id="4077" dir="0" index="0" bw="26" slack="1"/>
<pin id="4078" dir="1" index="1" bw="26" slack="1"/>
</pin_list>
<bind>
<opset="sext_ln1273_51 "/>
</bind>
</comp>

<comp id="4081" class="1005" name="zext_ln1273_3_reg_4081">
<pin_list>
<pin id="4082" dir="0" index="0" bw="26" slack="1"/>
<pin id="4083" dir="1" index="1" bw="26" slack="1"/>
</pin_list>
<bind>
<opset="zext_ln1273_3 "/>
</bind>
</comp>

<comp id="4086" class="1005" name="sext_ln837_24_reg_4086">
<pin_list>
<pin id="4087" dir="0" index="0" bw="26" slack="1"/>
<pin id="4088" dir="1" index="1" bw="26" slack="1"/>
</pin_list>
<bind>
<opset="sext_ln837_24 "/>
</bind>
</comp>

<comp id="4091" class="1005" name="zext_ln837_10_reg_4091">
<pin_list>
<pin id="4092" dir="0" index="0" bw="26" slack="1"/>
<pin id="4093" dir="1" index="1" bw="26" slack="1"/>
</pin_list>
<bind>
<opset="zext_ln837_10 "/>
</bind>
</comp>

<comp id="4096" class="1005" name="trunc_ln818_30_reg_4096">
<pin_list>
<pin id="4097" dir="0" index="0" bw="16" slack="1"/>
<pin id="4098" dir="1" index="1" bw="16" slack="1"/>
</pin_list>
<bind>
<opset="trunc_ln818_30 "/>
</bind>
</comp>

<comp id="4101" class="1005" name="trunc_ln818_6_reg_4101">
<pin_list>
<pin id="4102" dir="0" index="0" bw="16" slack="1"/>
<pin id="4103" dir="1" index="1" bw="16" slack="1"/>
</pin_list>
<bind>
<opset="trunc_ln818_6 "/>
</bind>
</comp>

<comp id="4106" class="1005" name="trunc_ln818_7_reg_4106">
<pin_list>
<pin id="4107" dir="0" index="0" bw="16" slack="1"/>
<pin id="4108" dir="1" index="1" bw="16" slack="1"/>
</pin_list>
<bind>
<opset="trunc_ln818_7 "/>
</bind>
</comp>

<comp id="4111" class="1005" name="sext_ln1347_9_reg_4111">
<pin_list>
<pin id="4112" dir="0" index="0" bw="26" slack="1"/>
<pin id="4113" dir="1" index="1" bw="26" slack="1"/>
</pin_list>
<bind>
<opset="sext_ln1347_9 "/>
</bind>
</comp>

<comp id="4116" class="1005" name="zext_ln1347_2_reg_4116">
<pin_list>
<pin id="4117" dir="0" index="0" bw="26" slack="1"/>
<pin id="4118" dir="1" index="1" bw="26" slack="1"/>
</pin_list>
<bind>
<opset="zext_ln1347_2 "/>
</bind>
</comp>

<comp id="4121" class="1005" name="sext_ln1347_10_reg_4121">
<pin_list>
<pin id="4122" dir="0" index="0" bw="26" slack="1"/>
<pin id="4123" dir="1" index="1" bw="26" slack="1"/>
</pin_list>
<bind>
<opset="sext_ln1347_10 "/>
</bind>
</comp>

<comp id="4126" class="1005" name="sext_ln837_25_reg_4126">
<pin_list>
<pin id="4127" dir="0" index="0" bw="26" slack="1"/>
<pin id="4128" dir="1" index="1" bw="26" slack="1"/>
</pin_list>
<bind>
<opset="sext_ln837_25 "/>
</bind>
</comp>

<comp id="4131" class="1005" name="zext_ln837_11_reg_4131">
<pin_list>
<pin id="4132" dir="0" index="0" bw="26" slack="1"/>
<pin id="4133" dir="1" index="1" bw="26" slack="1"/>
</pin_list>
<bind>
<opset="zext_ln837_11 "/>
</bind>
</comp>

<comp id="4136" class="1005" name="sext_ln837_26_reg_4136">
<pin_list>
<pin id="4137" dir="0" index="0" bw="26" slack="1"/>
<pin id="4138" dir="1" index="1" bw="26" slack="1"/>
</pin_list>
<bind>
<opset="sext_ln837_26 "/>
</bind>
</comp>

<comp id="4141" class="1005" name="zext_ln837_12_reg_4141">
<pin_list>
<pin id="4142" dir="0" index="0" bw="26" slack="1"/>
<pin id="4143" dir="1" index="1" bw="26" slack="1"/>
</pin_list>
<bind>
<opset="zext_ln837_12 "/>
</bind>
</comp>

<comp id="4146" class="1005" name="trunc_ln818_8_reg_4146">
<pin_list>
<pin id="4147" dir="0" index="0" bw="16" slack="1"/>
<pin id="4148" dir="1" index="1" bw="16" slack="1"/>
</pin_list>
<bind>
<opset="trunc_ln818_8 "/>
</bind>
</comp>

<comp id="4151" class="1005" name="trunc_ln818_9_reg_4151">
<pin_list>
<pin id="4152" dir="0" index="0" bw="16" slack="1"/>
<pin id="4153" dir="1" index="1" bw="16" slack="1"/>
</pin_list>
<bind>
<opset="trunc_ln818_9 "/>
</bind>
</comp>

<comp id="4156" class="1005" name="trunc_ln818_10_reg_4156">
<pin_list>
<pin id="4157" dir="0" index="0" bw="16" slack="2"/>
<pin id="4158" dir="1" index="1" bw="16" slack="2"/>
</pin_list>
<bind>
<opset="trunc_ln818_10 "/>
</bind>
</comp>

<comp id="4161" class="1005" name="zext_ln1347_3_reg_4161">
<pin_list>
<pin id="4162" dir="0" index="0" bw="26" slack="1"/>
<pin id="4163" dir="1" index="1" bw="26" slack="1"/>
</pin_list>
<bind>
<opset="zext_ln1347_3 "/>
</bind>
</comp>

<comp id="4166" class="1005" name="sext_ln1347_12_reg_4166">
<pin_list>
<pin id="4167" dir="0" index="0" bw="26" slack="1"/>
<pin id="4168" dir="1" index="1" bw="26" slack="1"/>
</pin_list>
<bind>
<opset="sext_ln1347_12 "/>
</bind>
</comp>

<comp id="4171" class="1005" name="zext_ln1347_4_reg_4171">
<pin_list>
<pin id="4172" dir="0" index="0" bw="26" slack="1"/>
<pin id="4173" dir="1" index="1" bw="26" slack="1"/>
</pin_list>
<bind>
<opset="zext_ln1347_4 "/>
</bind>
</comp>

<comp id="4176" class="1005" name="trunc_ln818_11_reg_4176">
<pin_list>
<pin id="4177" dir="0" index="0" bw="16" slack="1"/>
<pin id="4178" dir="1" index="1" bw="16" slack="1"/>
</pin_list>
<bind>
<opset="trunc_ln818_11 "/>
</bind>
</comp>

<comp id="4181" class="1005" name="trunc_ln818_12_reg_4181">
<pin_list>
<pin id="4182" dir="0" index="0" bw="16" slack="2"/>
<pin id="4183" dir="1" index="1" bw="16" slack="2"/>
</pin_list>
<bind>
<opset="trunc_ln818_12 "/>
</bind>
</comp>

<comp id="4186" class="1005" name="trunc_ln818_13_reg_4186">
<pin_list>
<pin id="4187" dir="0" index="0" bw="16" slack="2"/>
<pin id="4188" dir="1" index="1" bw="16" slack="2"/>
</pin_list>
<bind>
<opset="trunc_ln818_13 "/>
</bind>
</comp>

<comp id="4191" class="1005" name="sext_ln1347_13_reg_4191">
<pin_list>
<pin id="4192" dir="0" index="0" bw="26" slack="1"/>
<pin id="4193" dir="1" index="1" bw="26" slack="1"/>
</pin_list>
<bind>
<opset="sext_ln1347_13 "/>
</bind>
</comp>

<comp id="4196" class="1005" name="sext_ln1347_14_reg_4196">
<pin_list>
<pin id="4197" dir="0" index="0" bw="26" slack="1"/>
<pin id="4198" dir="1" index="1" bw="26" slack="1"/>
</pin_list>
<bind>
<opset="sext_ln1347_14 "/>
</bind>
</comp>

<comp id="4201" class="1005" name="trunc_ln818_14_reg_4201">
<pin_list>
<pin id="4202" dir="0" index="0" bw="16" slack="2"/>
<pin id="4203" dir="1" index="1" bw="16" slack="2"/>
</pin_list>
<bind>
<opset="trunc_ln818_14 "/>
</bind>
</comp>

<comp id="4206" class="1005" name="trunc_ln818_15_reg_4206">
<pin_list>
<pin id="4207" dir="0" index="0" bw="16" slack="2"/>
<pin id="4208" dir="1" index="1" bw="16" slack="2"/>
</pin_list>
<bind>
<opset="trunc_ln818_15 "/>
</bind>
</comp>

</comp_list>

<net_list>
<net id="270"><net_src comp="68" pin="0"/><net_sink comp="266" pin=0"/></net>

<net id="271"><net_src comp="2" pin="0"/><net_sink comp="266" pin=1"/></net>

<net id="276"><net_src comp="242" pin="0"/><net_sink comp="272" pin=0"/></net>

<net id="277"><net_src comp="6" pin="0"/><net_sink comp="272" pin=1"/></net>

<net id="282"><net_src comp="242" pin="0"/><net_sink comp="278" pin=0"/></net>

<net id="283"><net_src comp="4" pin="0"/><net_sink comp="278" pin=1"/></net>

<net id="288"><net_src comp="242" pin="0"/><net_sink comp="284" pin=0"/></net>

<net id="289"><net_src comp="12" pin="0"/><net_sink comp="284" pin=1"/></net>

<net id="294"><net_src comp="242" pin="0"/><net_sink comp="290" pin=0"/></net>

<net id="295"><net_src comp="10" pin="0"/><net_sink comp="290" pin=1"/></net>

<net id="300"><net_src comp="242" pin="0"/><net_sink comp="296" pin=0"/></net>

<net id="301"><net_src comp="8" pin="0"/><net_sink comp="296" pin=1"/></net>

<net id="306"><net_src comp="248" pin="0"/><net_sink comp="302" pin=0"/></net>

<net id="307"><net_src comp="38" pin="0"/><net_sink comp="302" pin=1"/></net>

<net id="312"><net_src comp="248" pin="0"/><net_sink comp="308" pin=0"/></net>

<net id="313"><net_src comp="36" pin="0"/><net_sink comp="308" pin=1"/></net>

<net id="318"><net_src comp="250" pin="0"/><net_sink comp="314" pin=0"/></net>

<net id="319"><net_src comp="18" pin="0"/><net_sink comp="314" pin=1"/></net>

<net id="324"><net_src comp="250" pin="0"/><net_sink comp="320" pin=0"/></net>

<net id="325"><net_src comp="16" pin="0"/><net_sink comp="320" pin=1"/></net>

<net id="330"><net_src comp="242" pin="0"/><net_sink comp="326" pin=0"/></net>

<net id="331"><net_src comp="14" pin="0"/><net_sink comp="326" pin=1"/></net>

<net id="336"><net_src comp="254" pin="0"/><net_sink comp="332" pin=0"/></net>

<net id="337"><net_src comp="44" pin="0"/><net_sink comp="332" pin=1"/></net>

<net id="342"><net_src comp="256" pin="0"/><net_sink comp="338" pin=0"/></net>

<net id="343"><net_src comp="42" pin="0"/><net_sink comp="338" pin=1"/></net>

<net id="348"><net_src comp="256" pin="0"/><net_sink comp="344" pin=0"/></net>

<net id="349"><net_src comp="40" pin="0"/><net_sink comp="344" pin=1"/></net>

<net id="354"><net_src comp="242" pin="0"/><net_sink comp="350" pin=0"/></net>

<net id="355"><net_src comp="24" pin="0"/><net_sink comp="350" pin=1"/></net>

<net id="360"><net_src comp="242" pin="0"/><net_sink comp="356" pin=0"/></net>

<net id="361"><net_src comp="22" pin="0"/><net_sink comp="356" pin=1"/></net>

<net id="366"><net_src comp="256" pin="0"/><net_sink comp="362" pin=0"/></net>

<net id="367"><net_src comp="20" pin="0"/><net_sink comp="362" pin=1"/></net>

<net id="372"><net_src comp="254" pin="0"/><net_sink comp="368" pin=0"/></net>

<net id="373"><net_src comp="50" pin="0"/><net_sink comp="368" pin=1"/></net>

<net id="378"><net_src comp="248" pin="0"/><net_sink comp="374" pin=0"/></net>

<net id="379"><net_src comp="48" pin="0"/><net_sink comp="374" pin=1"/></net>

<net id="384"><net_src comp="248" pin="0"/><net_sink comp="380" pin=0"/></net>

<net id="385"><net_src comp="46" pin="0"/><net_sink comp="380" pin=1"/></net>

<net id="390"><net_src comp="242" pin="0"/><net_sink comp="386" pin=0"/></net>

<net id="391"><net_src comp="30" pin="0"/><net_sink comp="386" pin=1"/></net>

<net id="396"><net_src comp="256" pin="0"/><net_sink comp="392" pin=0"/></net>

<net id="397"><net_src comp="28" pin="0"/><net_sink comp="392" pin=1"/></net>

<net id="402"><net_src comp="242" pin="0"/><net_sink comp="398" pin=0"/></net>

<net id="403"><net_src comp="26" pin="0"/><net_sink comp="398" pin=1"/></net>

<net id="408"><net_src comp="256" pin="0"/><net_sink comp="404" pin=0"/></net>

<net id="409"><net_src comp="56" pin="0"/><net_sink comp="404" pin=1"/></net>

<net id="414"><net_src comp="248" pin="0"/><net_sink comp="410" pin=0"/></net>

<net id="415"><net_src comp="54" pin="0"/><net_sink comp="410" pin=1"/></net>

<net id="420"><net_src comp="250" pin="0"/><net_sink comp="416" pin=0"/></net>

<net id="421"><net_src comp="52" pin="0"/><net_sink comp="416" pin=1"/></net>

<net id="426"><net_src comp="242" pin="0"/><net_sink comp="422" pin=0"/></net>

<net id="427"><net_src comp="34" pin="0"/><net_sink comp="422" pin=1"/></net>

<net id="432"><net_src comp="242" pin="0"/><net_sink comp="428" pin=0"/></net>

<net id="433"><net_src comp="32" pin="0"/><net_sink comp="428" pin=1"/></net>

<net id="438"><net_src comp="254" pin="0"/><net_sink comp="434" pin=0"/></net>

<net id="439"><net_src comp="62" pin="0"/><net_sink comp="434" pin=1"/></net>

<net id="444"><net_src comp="248" pin="0"/><net_sink comp="440" pin=0"/></net>

<net id="445"><net_src comp="60" pin="0"/><net_sink comp="440" pin=1"/></net>

<net id="450"><net_src comp="68" pin="0"/><net_sink comp="446" pin=0"/></net>

<net id="451"><net_src comp="58" pin="0"/><net_sink comp="446" pin=1"/></net>

<net id="456"><net_src comp="250" pin="0"/><net_sink comp="452" pin=0"/></net>

<net id="457"><net_src comp="66" pin="0"/><net_sink comp="452" pin=1"/></net>

<net id="462"><net_src comp="256" pin="0"/><net_sink comp="458" pin=0"/></net>

<net id="463"><net_src comp="64" pin="0"/><net_sink comp="458" pin=1"/></net>

<net id="469"><net_src comp="0" pin="0"/><net_sink comp="464" pin=0"/></net>

<net id="470"><net_src comp="74" pin="0"/><net_sink comp="464" pin=1"/></net>

<net id="476"><net_src comp="0" pin="0"/><net_sink comp="471" pin=0"/></net>

<net id="477"><net_src comp="74" pin="0"/><net_sink comp="471" pin=1"/></net>

<net id="487"><net_src comp="464" pin="3"/><net_sink comp="478" pin=2"/></net>

<net id="488"><net_src comp="471" pin="3"/><net_sink comp="478" pin=0"/></net>

<net id="494"><net_src comp="0" pin="0"/><net_sink comp="489" pin=0"/></net>

<net id="495"><net_src comp="74" pin="0"/><net_sink comp="489" pin=1"/></net>

<net id="501"><net_src comp="0" pin="0"/><net_sink comp="496" pin=0"/></net>

<net id="502"><net_src comp="74" pin="0"/><net_sink comp="496" pin=1"/></net>

<net id="503"><net_src comp="489" pin="3"/><net_sink comp="478" pin=2"/></net>

<net id="504"><net_src comp="496" pin="3"/><net_sink comp="478" pin=0"/></net>

<net id="510"><net_src comp="0" pin="0"/><net_sink comp="505" pin=0"/></net>

<net id="511"><net_src comp="74" pin="0"/><net_sink comp="505" pin=1"/></net>

<net id="517"><net_src comp="0" pin="0"/><net_sink comp="512" pin=0"/></net>

<net id="518"><net_src comp="74" pin="0"/><net_sink comp="512" pin=1"/></net>

<net id="519"><net_src comp="505" pin="3"/><net_sink comp="478" pin=2"/></net>

<net id="520"><net_src comp="512" pin="3"/><net_sink comp="478" pin=0"/></net>

<net id="526"><net_src comp="0" pin="0"/><net_sink comp="521" pin=0"/></net>

<net id="527"><net_src comp="74" pin="0"/><net_sink comp="521" pin=1"/></net>

<net id="533"><net_src comp="0" pin="0"/><net_sink comp="528" pin=0"/></net>

<net id="534"><net_src comp="74" pin="0"/><net_sink comp="528" pin=1"/></net>

<net id="535"><net_src comp="521" pin="3"/><net_sink comp="478" pin=2"/></net>

<net id="536"><net_src comp="528" pin="3"/><net_sink comp="478" pin=0"/></net>

<net id="542"><net_src comp="0" pin="0"/><net_sink comp="537" pin=0"/></net>

<net id="543"><net_src comp="74" pin="0"/><net_sink comp="537" pin=1"/></net>

<net id="549"><net_src comp="0" pin="0"/><net_sink comp="544" pin=0"/></net>

<net id="550"><net_src comp="74" pin="0"/><net_sink comp="544" pin=1"/></net>

<net id="551"><net_src comp="537" pin="3"/><net_sink comp="478" pin=2"/></net>

<net id="552"><net_src comp="544" pin="3"/><net_sink comp="478" pin=0"/></net>

<net id="558"><net_src comp="0" pin="0"/><net_sink comp="553" pin=0"/></net>

<net id="559"><net_src comp="74" pin="0"/><net_sink comp="553" pin=1"/></net>

<net id="565"><net_src comp="0" pin="0"/><net_sink comp="560" pin=0"/></net>

<net id="566"><net_src comp="74" pin="0"/><net_sink comp="560" pin=1"/></net>

<net id="567"><net_src comp="553" pin="3"/><net_sink comp="478" pin=2"/></net>

<net id="568"><net_src comp="560" pin="3"/><net_sink comp="478" pin=0"/></net>

<net id="574"><net_src comp="0" pin="0"/><net_sink comp="569" pin=0"/></net>

<net id="575"><net_src comp="74" pin="0"/><net_sink comp="569" pin=1"/></net>

<net id="581"><net_src comp="0" pin="0"/><net_sink comp="576" pin=0"/></net>

<net id="582"><net_src comp="74" pin="0"/><net_sink comp="576" pin=1"/></net>

<net id="583"><net_src comp="569" pin="3"/><net_sink comp="478" pin=2"/></net>

<net id="584"><net_src comp="576" pin="3"/><net_sink comp="478" pin=0"/></net>

<net id="590"><net_src comp="0" pin="0"/><net_sink comp="585" pin=0"/></net>

<net id="591"><net_src comp="74" pin="0"/><net_sink comp="585" pin=1"/></net>

<net id="597"><net_src comp="0" pin="0"/><net_sink comp="592" pin=0"/></net>

<net id="598"><net_src comp="74" pin="0"/><net_sink comp="592" pin=1"/></net>

<net id="599"><net_src comp="585" pin="3"/><net_sink comp="478" pin=2"/></net>

<net id="600"><net_src comp="592" pin="3"/><net_sink comp="478" pin=0"/></net>

<net id="605"><net_src comp="210" pin="0"/><net_sink comp="601" pin=1"/></net>

<net id="610"><net_src comp="214" pin="0"/><net_sink comp="606" pin=0"/></net>

<net id="618"><net_src comp="212" pin="0"/><net_sink comp="614" pin=0"/></net>

<net id="624"><net_src comp="70" pin="0"/><net_sink comp="619" pin=0"/></net>

<net id="625"><net_src comp="266" pin="2"/><net_sink comp="619" pin=1"/></net>

<net id="626"><net_src comp="72" pin="0"/><net_sink comp="619" pin=2"/></net>

<net id="630"><net_src comp="619" pin="3"/><net_sink comp="627" pin=0"/></net>

<net id="631"><net_src comp="627" pin="1"/><net_sink comp="464" pin=2"/></net>

<net id="636"><net_src comp="619" pin="3"/><net_sink comp="632" pin=0"/></net>

<net id="637"><net_src comp="76" pin="0"/><net_sink comp="632" pin=1"/></net>

<net id="641"><net_src comp="632" pin="2"/><net_sink comp="638" pin=0"/></net>

<net id="642"><net_src comp="638" pin="1"/><net_sink comp="471" pin=2"/></net>

<net id="647"><net_src comp="78" pin="0"/><net_sink comp="643" pin=1"/></net>

<net id="651"><net_src comp="643" pin="2"/><net_sink comp="648" pin=0"/></net>

<net id="652"><net_src comp="648" pin="1"/><net_sink comp="489" pin=2"/></net>

<net id="657"><net_src comp="80" pin="0"/><net_sink comp="653" pin=1"/></net>

<net id="661"><net_src comp="653" pin="2"/><net_sink comp="658" pin=0"/></net>

<net id="662"><net_src comp="658" pin="1"/><net_sink comp="496" pin=2"/></net>

<net id="667"><net_src comp="82" pin="0"/><net_sink comp="663" pin=1"/></net>

<net id="671"><net_src comp="663" pin="2"/><net_sink comp="668" pin=0"/></net>

<net id="672"><net_src comp="668" pin="1"/><net_sink comp="505" pin=2"/></net>

<net id="677"><net_src comp="84" pin="0"/><net_sink comp="673" pin=1"/></net>

<net id="681"><net_src comp="673" pin="2"/><net_sink comp="678" pin=0"/></net>

<net id="682"><net_src comp="678" pin="1"/><net_sink comp="512" pin=2"/></net>

<net id="687"><net_src comp="86" pin="0"/><net_sink comp="683" pin=1"/></net>

<net id="691"><net_src comp="683" pin="2"/><net_sink comp="688" pin=0"/></net>

<net id="692"><net_src comp="688" pin="1"/><net_sink comp="521" pin=2"/></net>

<net id="697"><net_src comp="88" pin="0"/><net_sink comp="693" pin=1"/></net>

<net id="701"><net_src comp="693" pin="2"/><net_sink comp="698" pin=0"/></net>

<net id="702"><net_src comp="698" pin="1"/><net_sink comp="528" pin=2"/></net>

<net id="707"><net_src comp="90" pin="0"/><net_sink comp="703" pin=1"/></net>

<net id="711"><net_src comp="703" pin="2"/><net_sink comp="708" pin=0"/></net>

<net id="712"><net_src comp="708" pin="1"/><net_sink comp="537" pin=2"/></net>

<net id="717"><net_src comp="92" pin="0"/><net_sink comp="713" pin=1"/></net>

<net id="721"><net_src comp="713" pin="2"/><net_sink comp="718" pin=0"/></net>

<net id="722"><net_src comp="718" pin="1"/><net_sink comp="544" pin=2"/></net>

<net id="727"><net_src comp="94" pin="0"/><net_sink comp="723" pin=1"/></net>

<net id="731"><net_src comp="723" pin="2"/><net_sink comp="728" pin=0"/></net>

<net id="732"><net_src comp="728" pin="1"/><net_sink comp="553" pin=2"/></net>

<net id="737"><net_src comp="96" pin="0"/><net_sink comp="733" pin=1"/></net>

<net id="741"><net_src comp="733" pin="2"/><net_sink comp="738" pin=0"/></net>

<net id="742"><net_src comp="738" pin="1"/><net_sink comp="560" pin=2"/></net>

<net id="747"><net_src comp="98" pin="0"/><net_sink comp="743" pin=1"/></net>

<net id="751"><net_src comp="743" pin="2"/><net_sink comp="748" pin=0"/></net>

<net id="752"><net_src comp="748" pin="1"/><net_sink comp="569" pin=2"/></net>

<net id="757"><net_src comp="100" pin="0"/><net_sink comp="753" pin=1"/></net>

<net id="761"><net_src comp="753" pin="2"/><net_sink comp="758" pin=0"/></net>

<net id="762"><net_src comp="758" pin="1"/><net_sink comp="576" pin=2"/></net>

<net id="767"><net_src comp="102" pin="0"/><net_sink comp="763" pin=1"/></net>

<net id="771"><net_src comp="763" pin="2"/><net_sink comp="768" pin=0"/></net>

<net id="772"><net_src comp="768" pin="1"/><net_sink comp="585" pin=2"/></net>

<net id="777"><net_src comp="104" pin="0"/><net_sink comp="773" pin=1"/></net>

<net id="781"><net_src comp="773" pin="2"/><net_sink comp="778" pin=0"/></net>

<net id="782"><net_src comp="778" pin="1"/><net_sink comp="592" pin=2"/></net>

<net id="788"><net_src comp="106" pin="0"/><net_sink comp="783" pin=0"/></net>

<net id="789"><net_src comp="72" pin="0"/><net_sink comp="783" pin=2"/></net>

<net id="793"><net_src comp="783" pin="3"/><net_sink comp="790" pin=0"/></net>

<net id="799"><net_src comp="106" pin="0"/><net_sink comp="794" pin=0"/></net>

<net id="800"><net_src comp="72" pin="0"/><net_sink comp="794" pin=2"/></net>

<net id="804"><net_src comp="794" pin="3"/><net_sink comp="801" pin=0"/></net>

<net id="810"><net_src comp="106" pin="0"/><net_sink comp="805" pin=0"/></net>

<net id="811"><net_src comp="72" pin="0"/><net_sink comp="805" pin=2"/></net>

<net id="815"><net_src comp="805" pin="3"/><net_sink comp="812" pin=0"/></net>

<net id="821"><net_src comp="106" pin="0"/><net_sink comp="816" pin=0"/></net>

<net id="822"><net_src comp="72" pin="0"/><net_sink comp="816" pin=2"/></net>

<net id="826"><net_src comp="816" pin="3"/><net_sink comp="823" pin=0"/></net>

<net id="832"><net_src comp="106" pin="0"/><net_sink comp="827" pin=0"/></net>

<net id="833"><net_src comp="72" pin="0"/><net_sink comp="827" pin=2"/></net>

<net id="837"><net_src comp="827" pin="3"/><net_sink comp="834" pin=0"/></net>

<net id="843"><net_src comp="106" pin="0"/><net_sink comp="838" pin=0"/></net>

<net id="844"><net_src comp="72" pin="0"/><net_sink comp="838" pin=2"/></net>

<net id="848"><net_src comp="838" pin="3"/><net_sink comp="845" pin=0"/></net>

<net id="854"><net_src comp="106" pin="0"/><net_sink comp="849" pin=0"/></net>

<net id="855"><net_src comp="72" pin="0"/><net_sink comp="849" pin=2"/></net>

<net id="859"><net_src comp="849" pin="3"/><net_sink comp="856" pin=0"/></net>

<net id="865"><net_src comp="106" pin="0"/><net_sink comp="860" pin=0"/></net>

<net id="866"><net_src comp="72" pin="0"/><net_sink comp="860" pin=2"/></net>

<net id="870"><net_src comp="860" pin="3"/><net_sink comp="867" pin=0"/></net>

<net id="876"><net_src comp="106" pin="0"/><net_sink comp="871" pin=0"/></net>

<net id="877"><net_src comp="72" pin="0"/><net_sink comp="871" pin=2"/></net>

<net id="881"><net_src comp="871" pin="3"/><net_sink comp="878" pin=0"/></net>

<net id="887"><net_src comp="106" pin="0"/><net_sink comp="882" pin=0"/></net>

<net id="888"><net_src comp="72" pin="0"/><net_sink comp="882" pin=2"/></net>

<net id="892"><net_src comp="882" pin="3"/><net_sink comp="889" pin=0"/></net>

<net id="898"><net_src comp="106" pin="0"/><net_sink comp="893" pin=0"/></net>

<net id="899"><net_src comp="72" pin="0"/><net_sink comp="893" pin=2"/></net>

<net id="903"><net_src comp="893" pin="3"/><net_sink comp="900" pin=0"/></net>

<net id="909"><net_src comp="106" pin="0"/><net_sink comp="904" pin=0"/></net>

<net id="910"><net_src comp="72" pin="0"/><net_sink comp="904" pin=2"/></net>

<net id="914"><net_src comp="904" pin="3"/><net_sink comp="911" pin=0"/></net>

<net id="920"><net_src comp="106" pin="0"/><net_sink comp="915" pin=0"/></net>

<net id="921"><net_src comp="72" pin="0"/><net_sink comp="915" pin=2"/></net>

<net id="925"><net_src comp="915" pin="3"/><net_sink comp="922" pin=0"/></net>

<net id="931"><net_src comp="106" pin="0"/><net_sink comp="926" pin=0"/></net>

<net id="932"><net_src comp="72" pin="0"/><net_sink comp="926" pin=2"/></net>

<net id="936"><net_src comp="926" pin="3"/><net_sink comp="933" pin=0"/></net>

<net id="942"><net_src comp="106" pin="0"/><net_sink comp="937" pin=0"/></net>

<net id="943"><net_src comp="72" pin="0"/><net_sink comp="937" pin=2"/></net>

<net id="947"><net_src comp="937" pin="3"/><net_sink comp="944" pin=0"/></net>

<net id="953"><net_src comp="106" pin="0"/><net_sink comp="948" pin=0"/></net>

<net id="954"><net_src comp="72" pin="0"/><net_sink comp="948" pin=2"/></net>

<net id="958"><net_src comp="948" pin="3"/><net_sink comp="955" pin=0"/></net>

<net id="963"><net_src comp="933" pin="1"/><net_sink comp="959" pin=0"/></net>

<net id="964"><net_src comp="944" pin="1"/><net_sink comp="959" pin=1"/></net>

<net id="968"><net_src comp="959" pin="2"/><net_sink comp="965" pin=0"/></net>

<net id="973"><net_src comp="922" pin="1"/><net_sink comp="969" pin=0"/></net>

<net id="974"><net_src comp="911" pin="1"/><net_sink comp="969" pin=1"/></net>

<net id="978"><net_src comp="969" pin="2"/><net_sink comp="975" pin=0"/></net>

<net id="983"><net_src comp="975" pin="1"/><net_sink comp="979" pin=0"/></net>

<net id="984"><net_src comp="965" pin="1"/><net_sink comp="979" pin=1"/></net>

<net id="988"><net_src comp="979" pin="2"/><net_sink comp="985" pin=0"/></net>

<net id="993"><net_src comp="878" pin="1"/><net_sink comp="989" pin=0"/></net>

<net id="994"><net_src comp="867" pin="1"/><net_sink comp="989" pin=1"/></net>

<net id="998"><net_src comp="989" pin="2"/><net_sink comp="995" pin=0"/></net>

<net id="1003"><net_src comp="900" pin="1"/><net_sink comp="999" pin=0"/></net>

<net id="1004"><net_src comp="889" pin="1"/><net_sink comp="999" pin=1"/></net>

<net id="1008"><net_src comp="999" pin="2"/><net_sink comp="1005" pin=0"/></net>

<net id="1013"><net_src comp="1005" pin="1"/><net_sink comp="1009" pin=0"/></net>

<net id="1014"><net_src comp="995" pin="1"/><net_sink comp="1009" pin=1"/></net>

<net id="1018"><net_src comp="1009" pin="2"/><net_sink comp="1015" pin=0"/></net>

<net id="1023"><net_src comp="1015" pin="1"/><net_sink comp="1019" pin=0"/></net>

<net id="1024"><net_src comp="985" pin="1"/><net_sink comp="1019" pin=1"/></net>

<net id="1029"><net_src comp="801" pin="1"/><net_sink comp="1025" pin=0"/></net>

<net id="1030"><net_src comp="812" pin="1"/><net_sink comp="1025" pin=1"/></net>

<net id="1034"><net_src comp="1025" pin="2"/><net_sink comp="1031" pin=0"/></net>

<net id="1039"><net_src comp="790" pin="1"/><net_sink comp="1035" pin=0"/></net>

<net id="1040"><net_src comp="834" pin="1"/><net_sink comp="1035" pin=1"/></net>

<net id="1044"><net_src comp="1035" pin="2"/><net_sink comp="1041" pin=0"/></net>

<net id="1049"><net_src comp="1041" pin="1"/><net_sink comp="1045" pin=0"/></net>

<net id="1050"><net_src comp="1031" pin="1"/><net_sink comp="1045" pin=1"/></net>

<net id="1054"><net_src comp="1045" pin="2"/><net_sink comp="1051" pin=0"/></net>

<net id="1059"><net_src comp="823" pin="1"/><net_sink comp="1055" pin=0"/></net>

<net id="1060"><net_src comp="856" pin="1"/><net_sink comp="1055" pin=1"/></net>

<net id="1064"><net_src comp="1055" pin="2"/><net_sink comp="1061" pin=0"/></net>

<net id="1069"><net_src comp="845" pin="1"/><net_sink comp="1065" pin=0"/></net>

<net id="1070"><net_src comp="955" pin="1"/><net_sink comp="1065" pin=1"/></net>

<net id="1074"><net_src comp="1065" pin="2"/><net_sink comp="1071" pin=0"/></net>

<net id="1079"><net_src comp="1071" pin="1"/><net_sink comp="1075" pin=0"/></net>

<net id="1080"><net_src comp="1061" pin="1"/><net_sink comp="1075" pin=1"/></net>

<net id="1084"><net_src comp="1075" pin="2"/><net_sink comp="1081" pin=0"/></net>

<net id="1089"><net_src comp="1081" pin="1"/><net_sink comp="1085" pin=0"/></net>

<net id="1090"><net_src comp="1051" pin="1"/><net_sink comp="1085" pin=1"/></net>

<net id="1101"><net_src comp="1094" pin="1"/><net_sink comp="1097" pin=0"/></net>

<net id="1102"><net_src comp="1091" pin="1"/><net_sink comp="1097" pin=1"/></net>

<net id="1108"><net_src comp="108" pin="0"/><net_sink comp="1103" pin=0"/></net>

<net id="1109"><net_src comp="1097" pin="2"/><net_sink comp="1103" pin=1"/></net>

<net id="1110"><net_src comp="110" pin="0"/><net_sink comp="1103" pin=2"/></net>

<net id="1116"><net_src comp="112" pin="0"/><net_sink comp="1111" pin=0"/></net>

<net id="1117"><net_src comp="1097" pin="2"/><net_sink comp="1111" pin=1"/></net>

<net id="1118"><net_src comp="114" pin="0"/><net_sink comp="1111" pin=2"/></net>

<net id="1123"><net_src comp="116" pin="0"/><net_sink comp="1119" pin=0"/></net>

<net id="1124"><net_src comp="1103" pin="3"/><net_sink comp="1119" pin=1"/></net>

<net id="1131"><net_src comp="118" pin="0"/><net_sink comp="1125" pin=0"/></net>

<net id="1132"><net_src comp="1119" pin="2"/><net_sink comp="1125" pin=1"/></net>

<net id="1133"><net_src comp="120" pin="0"/><net_sink comp="1125" pin=2"/></net>

<net id="1134"><net_src comp="122" pin="0"/><net_sink comp="1125" pin=3"/></net>

<net id="1139"><net_src comp="124" pin="0"/><net_sink comp="1135" pin=0"/></net>

<net id="1140"><net_src comp="1125" pin="4"/><net_sink comp="1135" pin=1"/></net>

<net id="1147"><net_src comp="126" pin="0"/><net_sink comp="1141" pin=0"/></net>

<net id="1148"><net_src comp="1135" pin="2"/><net_sink comp="1141" pin=1"/></net>

<net id="1149"><net_src comp="128" pin="0"/><net_sink comp="1141" pin=2"/></net>

<net id="1150"><net_src comp="130" pin="0"/><net_sink comp="1141" pin=3"/></net>

<net id="1157"><net_src comp="132" pin="0"/><net_sink comp="1151" pin=0"/></net>

<net id="1158"><net_src comp="1097" pin="2"/><net_sink comp="1151" pin=1"/></net>

<net id="1159"><net_src comp="134" pin="0"/><net_sink comp="1151" pin=2"/></net>

<net id="1160"><net_src comp="114" pin="0"/><net_sink comp="1151" pin=3"/></net>

<net id="1170"><net_src comp="1161" pin="3"/><net_sink comp="1166" pin=1"/></net>

<net id="1174"><net_src comp="1166" pin="2"/><net_sink comp="1171" pin=0"/></net>

<net id="1182"><net_src comp="1175" pin="2"/><net_sink comp="1179" pin=0"/></net>

<net id="1190"><net_src comp="1183" pin="2"/><net_sink comp="1187" pin=0"/></net>

<net id="1197"><net_src comp="136" pin="0"/><net_sink comp="1191" pin=0"/></net>

<net id="1198"><net_src comp="138" pin="0"/><net_sink comp="1191" pin=2"/></net>

<net id="1199"><net_src comp="140" pin="0"/><net_sink comp="1191" pin=3"/></net>

<net id="1205"><net_src comp="142" pin="0"/><net_sink comp="1200" pin=0"/></net>

<net id="1206"><net_src comp="1191" pin="4"/><net_sink comp="1200" pin=1"/></net>

<net id="1207"><net_src comp="144" pin="0"/><net_sink comp="1200" pin=2"/></net>

<net id="1215"><net_src comp="1208" pin="2"/><net_sink comp="1212" pin=0"/></net>

<net id="1222"><net_src comp="136" pin="0"/><net_sink comp="1216" pin=0"/></net>

<net id="1223"><net_src comp="138" pin="0"/><net_sink comp="1216" pin=2"/></net>

<net id="1224"><net_src comp="140" pin="0"/><net_sink comp="1216" pin=3"/></net>

<net id="1230"><net_src comp="142" pin="0"/><net_sink comp="1225" pin=0"/></net>

<net id="1231"><net_src comp="1216" pin="4"/><net_sink comp="1225" pin=1"/></net>

<net id="1232"><net_src comp="144" pin="0"/><net_sink comp="1225" pin=2"/></net>

<net id="1240"><net_src comp="1233" pin="2"/><net_sink comp="1237" pin=0"/></net>

<net id="1247"><net_src comp="136" pin="0"/><net_sink comp="1241" pin=0"/></net>

<net id="1248"><net_src comp="138" pin="0"/><net_sink comp="1241" pin=2"/></net>

<net id="1249"><net_src comp="140" pin="0"/><net_sink comp="1241" pin=3"/></net>

<net id="1255"><net_src comp="142" pin="0"/><net_sink comp="1250" pin=0"/></net>

<net id="1256"><net_src comp="1241" pin="4"/><net_sink comp="1250" pin=1"/></net>

<net id="1257"><net_src comp="144" pin="0"/><net_sink comp="1250" pin=2"/></net>

<net id="1265"><net_src comp="1258" pin="2"/><net_sink comp="1262" pin=0"/></net>

<net id="1272"><net_src comp="136" pin="0"/><net_sink comp="1266" pin=0"/></net>

<net id="1273"><net_src comp="138" pin="0"/><net_sink comp="1266" pin=2"/></net>

<net id="1274"><net_src comp="140" pin="0"/><net_sink comp="1266" pin=3"/></net>

<net id="1280"><net_src comp="142" pin="0"/><net_sink comp="1275" pin=0"/></net>

<net id="1281"><net_src comp="1266" pin="4"/><net_sink comp="1275" pin=1"/></net>

<net id="1282"><net_src comp="144" pin="0"/><net_sink comp="1275" pin=2"/></net>

<net id="1290"><net_src comp="1283" pin="2"/><net_sink comp="1287" pin=0"/></net>

<net id="1297"><net_src comp="136" pin="0"/><net_sink comp="1291" pin=0"/></net>

<net id="1298"><net_src comp="138" pin="0"/><net_sink comp="1291" pin=2"/></net>

<net id="1299"><net_src comp="140" pin="0"/><net_sink comp="1291" pin=3"/></net>

<net id="1305"><net_src comp="142" pin="0"/><net_sink comp="1300" pin=0"/></net>

<net id="1306"><net_src comp="1291" pin="4"/><net_sink comp="1300" pin=1"/></net>

<net id="1307"><net_src comp="144" pin="0"/><net_sink comp="1300" pin=2"/></net>

<net id="1315"><net_src comp="1308" pin="2"/><net_sink comp="1312" pin=0"/></net>

<net id="1322"><net_src comp="136" pin="0"/><net_sink comp="1316" pin=0"/></net>

<net id="1323"><net_src comp="138" pin="0"/><net_sink comp="1316" pin=2"/></net>

<net id="1324"><net_src comp="140" pin="0"/><net_sink comp="1316" pin=3"/></net>

<net id="1330"><net_src comp="142" pin="0"/><net_sink comp="1325" pin=0"/></net>

<net id="1331"><net_src comp="1316" pin="4"/><net_sink comp="1325" pin=1"/></net>

<net id="1332"><net_src comp="144" pin="0"/><net_sink comp="1325" pin=2"/></net>

<net id="1340"><net_src comp="1333" pin="2"/><net_sink comp="1337" pin=0"/></net>

<net id="1347"><net_src comp="136" pin="0"/><net_sink comp="1341" pin=0"/></net>

<net id="1348"><net_src comp="138" pin="0"/><net_sink comp="1341" pin=2"/></net>

<net id="1349"><net_src comp="140" pin="0"/><net_sink comp="1341" pin=3"/></net>

<net id="1355"><net_src comp="142" pin="0"/><net_sink comp="1350" pin=0"/></net>

<net id="1356"><net_src comp="1341" pin="4"/><net_sink comp="1350" pin=1"/></net>

<net id="1357"><net_src comp="144" pin="0"/><net_sink comp="1350" pin=2"/></net>

<net id="1365"><net_src comp="1358" pin="2"/><net_sink comp="1362" pin=0"/></net>

<net id="1372"><net_src comp="136" pin="0"/><net_sink comp="1366" pin=0"/></net>

<net id="1373"><net_src comp="138" pin="0"/><net_sink comp="1366" pin=2"/></net>

<net id="1374"><net_src comp="140" pin="0"/><net_sink comp="1366" pin=3"/></net>

<net id="1380"><net_src comp="142" pin="0"/><net_sink comp="1375" pin=0"/></net>

<net id="1381"><net_src comp="1366" pin="4"/><net_sink comp="1375" pin=1"/></net>

<net id="1382"><net_src comp="144" pin="0"/><net_sink comp="1375" pin=2"/></net>

<net id="1390"><net_src comp="1383" pin="2"/><net_sink comp="1387" pin=0"/></net>

<net id="1397"><net_src comp="136" pin="0"/><net_sink comp="1391" pin=0"/></net>

<net id="1398"><net_src comp="138" pin="0"/><net_sink comp="1391" pin=2"/></net>

<net id="1399"><net_src comp="140" pin="0"/><net_sink comp="1391" pin=3"/></net>

<net id="1405"><net_src comp="142" pin="0"/><net_sink comp="1400" pin=0"/></net>

<net id="1406"><net_src comp="1391" pin="4"/><net_sink comp="1400" pin=1"/></net>

<net id="1407"><net_src comp="144" pin="0"/><net_sink comp="1400" pin=2"/></net>

<net id="1415"><net_src comp="1408" pin="2"/><net_sink comp="1412" pin=0"/></net>

<net id="1422"><net_src comp="136" pin="0"/><net_sink comp="1416" pin=0"/></net>

<net id="1423"><net_src comp="138" pin="0"/><net_sink comp="1416" pin=2"/></net>

<net id="1424"><net_src comp="140" pin="0"/><net_sink comp="1416" pin=3"/></net>

<net id="1430"><net_src comp="142" pin="0"/><net_sink comp="1425" pin=0"/></net>

<net id="1431"><net_src comp="1416" pin="4"/><net_sink comp="1425" pin=1"/></net>

<net id="1432"><net_src comp="144" pin="0"/><net_sink comp="1425" pin=2"/></net>

<net id="1440"><net_src comp="1433" pin="2"/><net_sink comp="1437" pin=0"/></net>

<net id="1447"><net_src comp="136" pin="0"/><net_sink comp="1441" pin=0"/></net>

<net id="1448"><net_src comp="138" pin="0"/><net_sink comp="1441" pin=2"/></net>

<net id="1449"><net_src comp="140" pin="0"/><net_sink comp="1441" pin=3"/></net>

<net id="1455"><net_src comp="142" pin="0"/><net_sink comp="1450" pin=0"/></net>

<net id="1456"><net_src comp="1441" pin="4"/><net_sink comp="1450" pin=1"/></net>

<net id="1457"><net_src comp="144" pin="0"/><net_sink comp="1450" pin=2"/></net>

<net id="1465"><net_src comp="1458" pin="2"/><net_sink comp="1462" pin=0"/></net>

<net id="1472"><net_src comp="136" pin="0"/><net_sink comp="1466" pin=0"/></net>

<net id="1473"><net_src comp="138" pin="0"/><net_sink comp="1466" pin=2"/></net>

<net id="1474"><net_src comp="140" pin="0"/><net_sink comp="1466" pin=3"/></net>

<net id="1480"><net_src comp="142" pin="0"/><net_sink comp="1475" pin=0"/></net>

<net id="1481"><net_src comp="1466" pin="4"/><net_sink comp="1475" pin=1"/></net>

<net id="1482"><net_src comp="144" pin="0"/><net_sink comp="1475" pin=2"/></net>

<net id="1490"><net_src comp="1483" pin="2"/><net_sink comp="1487" pin=0"/></net>

<net id="1497"><net_src comp="136" pin="0"/><net_sink comp="1491" pin=0"/></net>

<net id="1498"><net_src comp="138" pin="0"/><net_sink comp="1491" pin=2"/></net>

<net id="1499"><net_src comp="140" pin="0"/><net_sink comp="1491" pin=3"/></net>

<net id="1505"><net_src comp="142" pin="0"/><net_sink comp="1500" pin=0"/></net>

<net id="1506"><net_src comp="1491" pin="4"/><net_sink comp="1500" pin=1"/></net>

<net id="1507"><net_src comp="144" pin="0"/><net_sink comp="1500" pin=2"/></net>

<net id="1515"><net_src comp="1508" pin="2"/><net_sink comp="1512" pin=0"/></net>

<net id="1522"><net_src comp="136" pin="0"/><net_sink comp="1516" pin=0"/></net>

<net id="1523"><net_src comp="138" pin="0"/><net_sink comp="1516" pin=2"/></net>

<net id="1524"><net_src comp="140" pin="0"/><net_sink comp="1516" pin=3"/></net>

<net id="1530"><net_src comp="142" pin="0"/><net_sink comp="1525" pin=0"/></net>

<net id="1531"><net_src comp="1516" pin="4"/><net_sink comp="1525" pin=1"/></net>

<net id="1532"><net_src comp="144" pin="0"/><net_sink comp="1525" pin=2"/></net>

<net id="1539"><net_src comp="136" pin="0"/><net_sink comp="1533" pin=0"/></net>

<net id="1540"><net_src comp="138" pin="0"/><net_sink comp="1533" pin=2"/></net>

<net id="1541"><net_src comp="140" pin="0"/><net_sink comp="1533" pin=3"/></net>

<net id="1547"><net_src comp="142" pin="0"/><net_sink comp="1542" pin=0"/></net>

<net id="1548"><net_src comp="1533" pin="4"/><net_sink comp="1542" pin=1"/></net>

<net id="1549"><net_src comp="144" pin="0"/><net_sink comp="1542" pin=2"/></net>

<net id="1556"><net_src comp="136" pin="0"/><net_sink comp="1550" pin=0"/></net>

<net id="1557"><net_src comp="138" pin="0"/><net_sink comp="1550" pin=2"/></net>

<net id="1558"><net_src comp="140" pin="0"/><net_sink comp="1550" pin=3"/></net>

<net id="1564"><net_src comp="108" pin="0"/><net_sink comp="1559" pin=0"/></net>

<net id="1565"><net_src comp="1550" pin="4"/><net_sink comp="1559" pin=1"/></net>

<net id="1566"><net_src comp="110" pin="0"/><net_sink comp="1559" pin=2"/></net>

<net id="1572"><net_src comp="146" pin="0"/><net_sink comp="1567" pin=0"/></net>

<net id="1573"><net_src comp="140" pin="0"/><net_sink comp="1567" pin=2"/></net>

<net id="1578"><net_src comp="116" pin="0"/><net_sink comp="1574" pin=0"/></net>

<net id="1579"><net_src comp="1559" pin="3"/><net_sink comp="1574" pin=1"/></net>

<net id="1586"><net_src comp="118" pin="0"/><net_sink comp="1580" pin=0"/></net>

<net id="1587"><net_src comp="1574" pin="2"/><net_sink comp="1580" pin=1"/></net>

<net id="1588"><net_src comp="120" pin="0"/><net_sink comp="1580" pin=2"/></net>

<net id="1589"><net_src comp="122" pin="0"/><net_sink comp="1580" pin=3"/></net>

<net id="1596"><net_src comp="148" pin="0"/><net_sink comp="1590" pin=0"/></net>

<net id="1597"><net_src comp="120" pin="0"/><net_sink comp="1590" pin=2"/></net>

<net id="1598"><net_src comp="140" pin="0"/><net_sink comp="1590" pin=3"/></net>

<net id="1603"><net_src comp="124" pin="0"/><net_sink comp="1599" pin=0"/></net>

<net id="1610"><net_src comp="126" pin="0"/><net_sink comp="1604" pin=0"/></net>

<net id="1611"><net_src comp="1599" pin="2"/><net_sink comp="1604" pin=1"/></net>

<net id="1612"><net_src comp="128" pin="0"/><net_sink comp="1604" pin=2"/></net>

<net id="1613"><net_src comp="130" pin="0"/><net_sink comp="1604" pin=3"/></net>

<net id="1619"><net_src comp="1604" pin="4"/><net_sink comp="1614" pin=1"/></net>

<net id="1624"><net_src comp="1614" pin="3"/><net_sink comp="1620" pin=0"/></net>

<net id="1625"><net_src comp="150" pin="0"/><net_sink comp="1620" pin=1"/></net>

<net id="1631"><net_src comp="152" pin="0"/><net_sink comp="1626" pin=0"/></net>

<net id="1632"><net_src comp="1614" pin="3"/><net_sink comp="1626" pin=1"/></net>

<net id="1633"><net_src comp="154" pin="0"/><net_sink comp="1626" pin=2"/></net>

<net id="1638"><net_src comp="150" pin="0"/><net_sink comp="1634" pin=0"/></net>

<net id="1639"><net_src comp="1614" pin="3"/><net_sink comp="1634" pin=1"/></net>

<net id="1645"><net_src comp="1626" pin="3"/><net_sink comp="1640" pin=0"/></net>

<net id="1646"><net_src comp="1634" pin="2"/><net_sink comp="1640" pin=1"/></net>

<net id="1647"><net_src comp="1614" pin="3"/><net_sink comp="1640" pin=2"/></net>

<net id="1654"><net_src comp="156" pin="0"/><net_sink comp="1648" pin=0"/></net>

<net id="1655"><net_src comp="1640" pin="3"/><net_sink comp="1648" pin=1"/></net>

<net id="1656"><net_src comp="154" pin="0"/><net_sink comp="1648" pin=2"/></net>

<net id="1657"><net_src comp="158" pin="0"/><net_sink comp="1648" pin=3"/></net>

<net id="1663"><net_src comp="160" pin="0"/><net_sink comp="1658" pin=0"/></net>

<net id="1664"><net_src comp="162" pin="0"/><net_sink comp="1658" pin=1"/></net>

<net id="1668"><net_src comp="1658" pin="3"/><net_sink comp="1665" pin=0"/></net>

<net id="1674"><net_src comp="164" pin="0"/><net_sink comp="1669" pin=0"/></net>

<net id="1675"><net_src comp="1665" pin="1"/><net_sink comp="1669" pin=1"/></net>

<net id="1676"><net_src comp="162" pin="0"/><net_sink comp="1669" pin=2"/></net>

<net id="1681"><net_src comp="166" pin="0"/><net_sink comp="1677" pin=0"/></net>

<net id="1682"><net_src comp="1669" pin="3"/><net_sink comp="1677" pin=1"/></net>

<net id="1686"><net_src comp="1677" pin="2"/><net_sink comp="1683" pin=0"/></net>

<net id="1690"><net_src comp="1677" pin="2"/><net_sink comp="1687" pin=0"/></net>

<net id="1695"><net_src comp="168" pin="0"/><net_sink comp="1691" pin=0"/></net>

<net id="1696"><net_src comp="1687" pin="1"/><net_sink comp="1691" pin=1"/></net>

<net id="1700"><net_src comp="1691" pin="2"/><net_sink comp="1697" pin=0"/></net>

<net id="1705"><net_src comp="170" pin="0"/><net_sink comp="1701" pin=0"/></net>

<net id="1706"><net_src comp="1697" pin="1"/><net_sink comp="1701" pin=1"/></net>

<net id="1711"><net_src comp="1701" pin="2"/><net_sink comp="1707" pin=1"/></net>

<net id="1716"><net_src comp="1707" pin="2"/><net_sink comp="1712" pin=0"/></net>

<net id="1717"><net_src comp="150" pin="0"/><net_sink comp="1712" pin=1"/></net>

<net id="1721"><net_src comp="1669" pin="3"/><net_sink comp="1718" pin=0"/></net>

<net id="1726"><net_src comp="172" pin="0"/><net_sink comp="1722" pin=1"/></net>

<net id="1733"><net_src comp="174" pin="0"/><net_sink comp="1727" pin=0"/></net>

<net id="1734"><net_src comp="1722" pin="2"/><net_sink comp="1727" pin=1"/></net>

<net id="1735"><net_src comp="176" pin="0"/><net_sink comp="1727" pin=2"/></net>

<net id="1736"><net_src comp="178" pin="0"/><net_sink comp="1727" pin=3"/></net>

<net id="1741"><net_src comp="1727" pin="4"/><net_sink comp="1737" pin=0"/></net>

<net id="1742"><net_src comp="180" pin="0"/><net_sink comp="1737" pin=1"/></net>

<net id="1747"><net_src comp="1737" pin="2"/><net_sink comp="1743" pin=0"/></net>

<net id="1753"><net_src comp="182" pin="0"/><net_sink comp="1748" pin=0"/></net>

<net id="1754"><net_src comp="1722" pin="2"/><net_sink comp="1748" pin=1"/></net>

<net id="1755"><net_src comp="178" pin="0"/><net_sink comp="1748" pin=2"/></net>

<net id="1760"><net_src comp="1748" pin="3"/><net_sink comp="1756" pin=0"/></net>

<net id="1761"><net_src comp="162" pin="0"/><net_sink comp="1756" pin=1"/></net>

<net id="1766"><net_src comp="184" pin="0"/><net_sink comp="1762" pin=1"/></net>

<net id="1772"><net_src comp="186" pin="0"/><net_sink comp="1767" pin=0"/></net>

<net id="1773"><net_src comp="1762" pin="2"/><net_sink comp="1767" pin=2"/></net>

<net id="1778"><net_src comp="1767" pin="3"/><net_sink comp="1774" pin=0"/></net>

<net id="1779"><net_src comp="1756" pin="2"/><net_sink comp="1774" pin=1"/></net>

<net id="1784"><net_src comp="1774" pin="2"/><net_sink comp="1780" pin=0"/></net>

<net id="1785"><net_src comp="1743" pin="2"/><net_sink comp="1780" pin=1"/></net>

<net id="1791"><net_src comp="188" pin="0"/><net_sink comp="1786" pin=0"/></net>

<net id="1792"><net_src comp="190" pin="0"/><net_sink comp="1786" pin=1"/></net>

<net id="1793"><net_src comp="1780" pin="2"/><net_sink comp="1786" pin=2"/></net>

<net id="1798"><net_src comp="1722" pin="2"/><net_sink comp="1794" pin=0"/></net>

<net id="1799"><net_src comp="158" pin="0"/><net_sink comp="1794" pin=1"/></net>

<net id="1807"><net_src comp="192" pin="0"/><net_sink comp="1803" pin=1"/></net>

<net id="1811"><net_src comp="1803" pin="2"/><net_sink comp="1808" pin=0"/></net>

<net id="1816"><net_src comp="1800" pin="1"/><net_sink comp="1812" pin=0"/></net>

<net id="1817"><net_src comp="1808" pin="1"/><net_sink comp="1812" pin=1"/></net>

<net id="1822"><net_src comp="194" pin="0"/><net_sink comp="1818" pin=0"/></net>

<net id="1826"><net_src comp="1818" pin="2"/><net_sink comp="1823" pin=0"/></net>

<net id="1831"><net_src comp="1800" pin="1"/><net_sink comp="1827" pin=0"/></net>

<net id="1832"><net_src comp="1823" pin="1"/><net_sink comp="1827" pin=1"/></net>

<net id="1838"><net_src comp="1812" pin="2"/><net_sink comp="1833" pin=1"/></net>

<net id="1839"><net_src comp="1827" pin="2"/><net_sink comp="1833" pin=2"/></net>

<net id="1847"><net_src comp="1833" pin="3"/><net_sink comp="1843" pin=0"/></net>

<net id="1848"><net_src comp="1840" pin="1"/><net_sink comp="1843" pin=1"/></net>

<net id="1855"><net_src comp="196" pin="0"/><net_sink comp="1849" pin=0"/></net>

<net id="1856"><net_src comp="1843" pin="2"/><net_sink comp="1849" pin=1"/></net>

<net id="1857"><net_src comp="176" pin="0"/><net_sink comp="1849" pin=2"/></net>

<net id="1858"><net_src comp="198" pin="0"/><net_sink comp="1849" pin=3"/></net>

<net id="1864"><net_src comp="200" pin="0"/><net_sink comp="1859" pin=0"/></net>

<net id="1865"><net_src comp="1843" pin="2"/><net_sink comp="1859" pin=1"/></net>

<net id="1866"><net_src comp="194" pin="0"/><net_sink comp="1859" pin=2"/></net>

<net id="1875"><net_src comp="202" pin="0"/><net_sink comp="1870" pin=1"/></net>

<net id="1876"><net_src comp="204" pin="0"/><net_sink comp="1870" pin=2"/></net>

<net id="1881"><net_src comp="86" pin="0"/><net_sink comp="1877" pin=0"/></net>

<net id="1886"><net_src comp="1877" pin="2"/><net_sink comp="1882" pin=0"/></net>

<net id="1887"><net_src comp="1870" pin="3"/><net_sink comp="1882" pin=1"/></net>

<net id="1893"><net_src comp="206" pin="0"/><net_sink comp="1888" pin=0"/></net>

<net id="1894"><net_src comp="1882" pin="2"/><net_sink comp="1888" pin=2"/></net>

<net id="1902"><net_src comp="208" pin="0"/><net_sink comp="1895" pin=0"/></net>

<net id="1903"><net_src comp="1867" pin="1"/><net_sink comp="1895" pin=1"/></net>

<net id="1904"><net_src comp="1888" pin="3"/><net_sink comp="1895" pin=2"/></net>

<net id="1905"><net_src comp="114" pin="0"/><net_sink comp="1895" pin=3"/></net>

<net id="1906"><net_src comp="178" pin="0"/><net_sink comp="1895" pin=4"/></net>

<net id="1910"><net_src comp="1895" pin="5"/><net_sink comp="1907" pin=0"/></net>

<net id="1914"><net_src comp="1911" pin="1"/><net_sink comp="601" pin=0"/></net>

<net id="1920"><net_src comp="210" pin="0"/><net_sink comp="1915" pin=1"/></net>

<net id="1921"><net_src comp="1915" pin="3"/><net_sink comp="614" pin=1"/></net>

<net id="1925"><net_src comp="611" pin="1"/><net_sink comp="1922" pin=0"/></net>

<net id="1929"><net_src comp="1922" pin="1"/><net_sink comp="1926" pin=0"/></net>

<net id="1935"><net_src comp="200" pin="0"/><net_sink comp="1930" pin=0"/></net>

<net id="1936"><net_src comp="1922" pin="1"/><net_sink comp="1930" pin=1"/></net>

<net id="1937"><net_src comp="198" pin="0"/><net_sink comp="1930" pin=2"/></net>

<net id="1944"><net_src comp="216" pin="0"/><net_sink comp="1938" pin=0"/></net>

<net id="1945"><net_src comp="1922" pin="1"/><net_sink comp="1938" pin=1"/></net>

<net id="1946"><net_src comp="218" pin="0"/><net_sink comp="1938" pin=2"/></net>

<net id="1947"><net_src comp="220" pin="0"/><net_sink comp="1938" pin=3"/></net>

<net id="1951"><net_src comp="1922" pin="1"/><net_sink comp="1948" pin=0"/></net>

<net id="1956"><net_src comp="1926" pin="1"/><net_sink comp="1952" pin=0"/></net>

<net id="1957"><net_src comp="222" pin="0"/><net_sink comp="1952" pin=1"/></net>

<net id="1966"><net_src comp="224" pin="0"/><net_sink comp="1961" pin=0"/></net>

<net id="1967"><net_src comp="162" pin="0"/><net_sink comp="1961" pin=1"/></net>

<net id="1971"><net_src comp="1961" pin="3"/><net_sink comp="1968" pin=0"/></net>

<net id="1976"><net_src comp="226" pin="0"/><net_sink comp="1972" pin=0"/></net>

<net id="1977"><net_src comp="1968" pin="1"/><net_sink comp="1972" pin=1"/></net>

<net id="1983"><net_src comp="1972" pin="2"/><net_sink comp="1978" pin=1"/></net>

<net id="1984"><net_src comp="1968" pin="1"/><net_sink comp="1978" pin=2"/></net>

<net id="1989"><net_src comp="228" pin="0"/><net_sink comp="1985" pin=0"/></net>

<net id="1990"><net_src comp="1958" pin="1"/><net_sink comp="1985" pin=1"/></net>

<net id="1995"><net_src comp="1985" pin="2"/><net_sink comp="1991" pin=0"/></net>

<net id="1996"><net_src comp="230" pin="0"/><net_sink comp="1991" pin=1"/></net>

<net id="2001"><net_src comp="1985" pin="2"/><net_sink comp="1997" pin=0"/></net>

<net id="2002"><net_src comp="232" pin="0"/><net_sink comp="1997" pin=1"/></net>

<net id="2007"><net_src comp="230" pin="0"/><net_sink comp="2003" pin=0"/></net>

<net id="2008"><net_src comp="1985" pin="2"/><net_sink comp="2003" pin=1"/></net>

<net id="2014"><net_src comp="1991" pin="2"/><net_sink comp="2009" pin=0"/></net>

<net id="2015"><net_src comp="1997" pin="2"/><net_sink comp="2009" pin=1"/></net>

<net id="2016"><net_src comp="2003" pin="2"/><net_sink comp="2009" pin=2"/></net>

<net id="2021"><net_src comp="1985" pin="2"/><net_sink comp="2017" pin=0"/></net>

<net id="2022"><net_src comp="230" pin="0"/><net_sink comp="2017" pin=1"/></net>

<net id="2026"><net_src comp="1978" pin="3"/><net_sink comp="2023" pin=0"/></net>

<net id="2033"><net_src comp="234" pin="0"/><net_sink comp="2027" pin=0"/></net>

<net id="2034"><net_src comp="2009" pin="3"/><net_sink comp="2027" pin=1"/></net>

<net id="2035"><net_src comp="128" pin="0"/><net_sink comp="2027" pin=2"/></net>

<net id="2036"><net_src comp="236" pin="0"/><net_sink comp="2027" pin=3"/></net>

<net id="2041"><net_src comp="2027" pin="4"/><net_sink comp="2037" pin=0"/></net>

<net id="2042"><net_src comp="238" pin="0"/><net_sink comp="2037" pin=1"/></net>

<net id="2050"><net_src comp="240" pin="0"/><net_sink comp="2046" pin=1"/></net>

<net id="2054"><net_src comp="2043" pin="1"/><net_sink comp="2051" pin=0"/></net>

<net id="2059"><net_src comp="2051" pin="1"/><net_sink comp="2055" pin=1"/></net>

<net id="2065"><net_src comp="2055" pin="2"/><net_sink comp="2060" pin=1"/></net>

<net id="2066"><net_src comp="150" pin="0"/><net_sink comp="2060" pin=2"/></net>

<net id="2071"><net_src comp="162" pin="0"/><net_sink comp="2067" pin=1"/></net>

<net id="2076"><net_src comp="2067" pin="2"/><net_sink comp="2072" pin=1"/></net>

<net id="2082"><net_src comp="2072" pin="2"/><net_sink comp="2077" pin=0"/></net>

<net id="2083"><net_src comp="2060" pin="3"/><net_sink comp="2077" pin=2"/></net>

<net id="2092"><net_src comp="2084" pin="2"/><net_sink comp="2088" pin=0"/></net>

<net id="2093"><net_src comp="162" pin="0"/><net_sink comp="2088" pin=1"/></net>

<net id="2098"><net_src comp="2088" pin="2"/><net_sink comp="2094" pin=1"/></net>

<net id="2106"><net_src comp="2099" pin="1"/><net_sink comp="2102" pin=1"/></net>

<net id="2110"><net_src comp="2102" pin="2"/><net_sink comp="2107" pin=0"/></net>

<net id="2119"><net_src comp="182" pin="0"/><net_sink comp="2114" pin=0"/></net>

<net id="2120"><net_src comp="2111" pin="1"/><net_sink comp="2114" pin=1"/></net>

<net id="2121"><net_src comp="178" pin="0"/><net_sink comp="2114" pin=2"/></net>

<net id="2127"><net_src comp="2114" pin="3"/><net_sink comp="2122" pin=0"/></net>

<net id="2128"><net_src comp="170" pin="0"/><net_sink comp="2122" pin=1"/></net>

<net id="2129"><net_src comp="150" pin="0"/><net_sink comp="2122" pin=2"/></net>

<net id="2135"><net_src comp="2107" pin="1"/><net_sink comp="2130" pin=1"/></net>

<net id="2136"><net_src comp="2122" pin="3"/><net_sink comp="2130" pin=2"/></net>

<net id="2142"><net_src comp="2130" pin="3"/><net_sink comp="2137" pin=1"/></net>

<net id="2148"><net_src comp="150" pin="0"/><net_sink comp="2143" pin=1"/></net>

<net id="2149"><net_src comp="2137" pin="3"/><net_sink comp="2143" pin=2"/></net>

<net id="2159"><net_src comp="2143" pin="3"/><net_sink comp="2156" pin=0"/></net>

<net id="2190"><net_src comp="244" pin="0"/><net_sink comp="2184" pin=0"/></net>

<net id="2191"><net_src comp="246" pin="0"/><net_sink comp="2184" pin=2"/></net>

<net id="2192"><net_src comp="194" pin="0"/><net_sink comp="2184" pin=3"/></net>

<net id="2196"><net_src comp="2184" pin="4"/><net_sink comp="2193" pin=0"/></net>

<net id="2200"><net_src comp="278" pin="2"/><net_sink comp="2197" pin=0"/></net>

<net id="2207"><net_src comp="244" pin="0"/><net_sink comp="2201" pin=0"/></net>

<net id="2208"><net_src comp="246" pin="0"/><net_sink comp="2201" pin=2"/></net>

<net id="2209"><net_src comp="194" pin="0"/><net_sink comp="2201" pin=3"/></net>

<net id="2213"><net_src comp="2201" pin="4"/><net_sink comp="2210" pin=0"/></net>

<net id="2217"><net_src comp="272" pin="2"/><net_sink comp="2214" pin=0"/></net>

<net id="2224"><net_src comp="244" pin="0"/><net_sink comp="2218" pin=0"/></net>

<net id="2225"><net_src comp="246" pin="0"/><net_sink comp="2218" pin=2"/></net>

<net id="2226"><net_src comp="194" pin="0"/><net_sink comp="2218" pin=3"/></net>

<net id="2242"><net_src comp="296" pin="2"/><net_sink comp="2239" pin=0"/></net>

<net id="2249"><net_src comp="244" pin="0"/><net_sink comp="2243" pin=0"/></net>

<net id="2250"><net_src comp="246" pin="0"/><net_sink comp="2243" pin=2"/></net>

<net id="2251"><net_src comp="194" pin="0"/><net_sink comp="2243" pin=3"/></net>

<net id="2255"><net_src comp="2243" pin="4"/><net_sink comp="2252" pin=0"/></net>

<net id="2259"><net_src comp="290" pin="2"/><net_sink comp="2256" pin=0"/></net>

<net id="2266"><net_src comp="244" pin="0"/><net_sink comp="2260" pin=0"/></net>

<net id="2267"><net_src comp="246" pin="0"/><net_sink comp="2260" pin=2"/></net>

<net id="2268"><net_src comp="194" pin="0"/><net_sink comp="2260" pin=3"/></net>

<net id="2272"><net_src comp="2260" pin="4"/><net_sink comp="2269" pin=0"/></net>

<net id="2276"><net_src comp="284" pin="2"/><net_sink comp="2273" pin=0"/></net>

<net id="2283"><net_src comp="244" pin="0"/><net_sink comp="2277" pin=0"/></net>

<net id="2284"><net_src comp="246" pin="0"/><net_sink comp="2277" pin=2"/></net>

<net id="2285"><net_src comp="194" pin="0"/><net_sink comp="2277" pin=3"/></net>

<net id="2300"><net_src comp="252" pin="0"/><net_sink comp="2295" pin=0"/></net>

<net id="2301"><net_src comp="308" pin="2"/><net_sink comp="2295" pin=1"/></net>

<net id="2302"><net_src comp="110" pin="0"/><net_sink comp="2295" pin=2"/></net>

<net id="2306"><net_src comp="2295" pin="3"/><net_sink comp="2303" pin=0"/></net>

<net id="2312"><net_src comp="252" pin="0"/><net_sink comp="2307" pin=0"/></net>

<net id="2313"><net_src comp="302" pin="2"/><net_sink comp="2307" pin=1"/></net>

<net id="2314"><net_src comp="110" pin="0"/><net_sink comp="2307" pin=2"/></net>

<net id="2318"><net_src comp="2307" pin="3"/><net_sink comp="2315" pin=0"/></net>

<net id="2325"><net_src comp="326" pin="2"/><net_sink comp="2322" pin=0"/></net>

<net id="2332"><net_src comp="244" pin="0"/><net_sink comp="2326" pin=0"/></net>

<net id="2333"><net_src comp="246" pin="0"/><net_sink comp="2326" pin=2"/></net>

<net id="2334"><net_src comp="194" pin="0"/><net_sink comp="2326" pin=3"/></net>

<net id="2338"><net_src comp="2326" pin="4"/><net_sink comp="2335" pin=0"/></net>

<net id="2342"><net_src comp="320" pin="2"/><net_sink comp="2339" pin=0"/></net>

<net id="2346"><net_src comp="2339" pin="1"/><net_sink comp="2343" pin=0"/></net>

<net id="2353"><net_src comp="244" pin="0"/><net_sink comp="2347" pin=0"/></net>

<net id="2354"><net_src comp="246" pin="0"/><net_sink comp="2347" pin=2"/></net>

<net id="2355"><net_src comp="194" pin="0"/><net_sink comp="2347" pin=3"/></net>

<net id="2359"><net_src comp="2347" pin="4"/><net_sink comp="2356" pin=0"/></net>

<net id="2363"><net_src comp="314" pin="2"/><net_sink comp="2360" pin=0"/></net>

<net id="2367"><net_src comp="2360" pin="1"/><net_sink comp="2364" pin=0"/></net>

<net id="2374"><net_src comp="244" pin="0"/><net_sink comp="2368" pin=0"/></net>

<net id="2375"><net_src comp="246" pin="0"/><net_sink comp="2368" pin=2"/></net>

<net id="2376"><net_src comp="194" pin="0"/><net_sink comp="2368" pin=3"/></net>

<net id="2386"><net_src comp="244" pin="0"/><net_sink comp="2380" pin=0"/></net>

<net id="2387"><net_src comp="246" pin="0"/><net_sink comp="2380" pin=2"/></net>

<net id="2388"><net_src comp="194" pin="0"/><net_sink comp="2380" pin=3"/></net>

<net id="2389"><net_src comp="2380" pin="4"/><net_sink comp="478" pin=4"/></net>

<net id="2396"><net_src comp="244" pin="0"/><net_sink comp="2390" pin=0"/></net>

<net id="2397"><net_src comp="246" pin="0"/><net_sink comp="2390" pin=2"/></net>

<net id="2398"><net_src comp="194" pin="0"/><net_sink comp="2390" pin=3"/></net>

<net id="2399"><net_src comp="2390" pin="4"/><net_sink comp="478" pin=1"/></net>

<net id="2405"><net_src comp="258" pin="0"/><net_sink comp="2400" pin=0"/></net>

<net id="2406"><net_src comp="344" pin="2"/><net_sink comp="2400" pin=1"/></net>

<net id="2407"><net_src comp="110" pin="0"/><net_sink comp="2400" pin=2"/></net>

<net id="2411"><net_src comp="2400" pin="3"/><net_sink comp="2408" pin=0"/></net>

<net id="2417"><net_src comp="258" pin="0"/><net_sink comp="2412" pin=0"/></net>

<net id="2418"><net_src comp="338" pin="2"/><net_sink comp="2412" pin=1"/></net>

<net id="2419"><net_src comp="110" pin="0"/><net_sink comp="2412" pin=2"/></net>

<net id="2423"><net_src comp="2412" pin="3"/><net_sink comp="2420" pin=0"/></net>

<net id="2429"><net_src comp="260" pin="0"/><net_sink comp="2424" pin=0"/></net>

<net id="2430"><net_src comp="332" pin="2"/><net_sink comp="2424" pin=1"/></net>

<net id="2431"><net_src comp="110" pin="0"/><net_sink comp="2424" pin=2"/></net>

<net id="2435"><net_src comp="2424" pin="3"/><net_sink comp="2432" pin=0"/></net>

<net id="2442"><net_src comp="362" pin="2"/><net_sink comp="2439" pin=0"/></net>

<net id="2446"><net_src comp="2439" pin="1"/><net_sink comp="2443" pin=0"/></net>

<net id="2453"><net_src comp="244" pin="0"/><net_sink comp="2447" pin=0"/></net>

<net id="2454"><net_src comp="246" pin="0"/><net_sink comp="2447" pin=2"/></net>

<net id="2455"><net_src comp="194" pin="0"/><net_sink comp="2447" pin=3"/></net>

<net id="2459"><net_src comp="2447" pin="4"/><net_sink comp="2456" pin=0"/></net>

<net id="2463"><net_src comp="356" pin="2"/><net_sink comp="2460" pin=0"/></net>

<net id="2470"><net_src comp="244" pin="0"/><net_sink comp="2464" pin=0"/></net>

<net id="2471"><net_src comp="246" pin="0"/><net_sink comp="2464" pin=2"/></net>

<net id="2472"><net_src comp="194" pin="0"/><net_sink comp="2464" pin=3"/></net>

<net id="2476"><net_src comp="2464" pin="4"/><net_sink comp="2473" pin=0"/></net>

<net id="2480"><net_src comp="350" pin="2"/><net_sink comp="2477" pin=0"/></net>

<net id="2487"><net_src comp="244" pin="0"/><net_sink comp="2481" pin=0"/></net>

<net id="2488"><net_src comp="246" pin="0"/><net_sink comp="2481" pin=2"/></net>

<net id="2489"><net_src comp="194" pin="0"/><net_sink comp="2481" pin=3"/></net>

<net id="2496"><net_src comp="244" pin="0"/><net_sink comp="2490" pin=0"/></net>

<net id="2497"><net_src comp="246" pin="0"/><net_sink comp="2490" pin=2"/></net>

<net id="2498"><net_src comp="194" pin="0"/><net_sink comp="2490" pin=3"/></net>

<net id="2499"><net_src comp="2490" pin="4"/><net_sink comp="478" pin=4"/></net>

<net id="2506"><net_src comp="244" pin="0"/><net_sink comp="2500" pin=0"/></net>

<net id="2507"><net_src comp="246" pin="0"/><net_sink comp="2500" pin=2"/></net>

<net id="2508"><net_src comp="194" pin="0"/><net_sink comp="2500" pin=3"/></net>

<net id="2509"><net_src comp="2500" pin="4"/><net_sink comp="478" pin=1"/></net>

<net id="2516"><net_src comp="244" pin="0"/><net_sink comp="2510" pin=0"/></net>

<net id="2517"><net_src comp="246" pin="0"/><net_sink comp="2510" pin=2"/></net>

<net id="2518"><net_src comp="194" pin="0"/><net_sink comp="2510" pin=3"/></net>

<net id="2524"><net_src comp="252" pin="0"/><net_sink comp="2519" pin=0"/></net>

<net id="2525"><net_src comp="380" pin="2"/><net_sink comp="2519" pin=1"/></net>

<net id="2526"><net_src comp="110" pin="0"/><net_sink comp="2519" pin=2"/></net>

<net id="2530"><net_src comp="2519" pin="3"/><net_sink comp="2527" pin=0"/></net>

<net id="2536"><net_src comp="252" pin="0"/><net_sink comp="2531" pin=0"/></net>

<net id="2537"><net_src comp="374" pin="2"/><net_sink comp="2531" pin=1"/></net>

<net id="2538"><net_src comp="110" pin="0"/><net_sink comp="2531" pin=2"/></net>

<net id="2542"><net_src comp="2531" pin="3"/><net_sink comp="2539" pin=0"/></net>

<net id="2548"><net_src comp="260" pin="0"/><net_sink comp="2543" pin=0"/></net>

<net id="2549"><net_src comp="368" pin="2"/><net_sink comp="2543" pin=1"/></net>

<net id="2550"><net_src comp="110" pin="0"/><net_sink comp="2543" pin=2"/></net>

<net id="2554"><net_src comp="2543" pin="3"/><net_sink comp="2551" pin=0"/></net>

<net id="2558"><net_src comp="2551" pin="1"/><net_sink comp="2555" pin=0"/></net>

<net id="2565"><net_src comp="398" pin="2"/><net_sink comp="2562" pin=0"/></net>

<net id="2572"><net_src comp="244" pin="0"/><net_sink comp="2566" pin=0"/></net>

<net id="2573"><net_src comp="246" pin="0"/><net_sink comp="2566" pin=2"/></net>

<net id="2574"><net_src comp="194" pin="0"/><net_sink comp="2566" pin=3"/></net>

<net id="2578"><net_src comp="2566" pin="4"/><net_sink comp="2575" pin=0"/></net>

<net id="2582"><net_src comp="392" pin="2"/><net_sink comp="2579" pin=0"/></net>

<net id="2586"><net_src comp="2579" pin="1"/><net_sink comp="2583" pin=0"/></net>

<net id="2593"><net_src comp="244" pin="0"/><net_sink comp="2587" pin=0"/></net>

<net id="2594"><net_src comp="246" pin="0"/><net_sink comp="2587" pin=2"/></net>

<net id="2595"><net_src comp="194" pin="0"/><net_sink comp="2587" pin=3"/></net>

<net id="2599"><net_src comp="2587" pin="4"/><net_sink comp="2596" pin=0"/></net>

<net id="2603"><net_src comp="386" pin="2"/><net_sink comp="2600" pin=0"/></net>

<net id="2610"><net_src comp="244" pin="0"/><net_sink comp="2604" pin=0"/></net>

<net id="2611"><net_src comp="246" pin="0"/><net_sink comp="2604" pin=2"/></net>

<net id="2612"><net_src comp="194" pin="0"/><net_sink comp="2604" pin=3"/></net>

<net id="2619"><net_src comp="244" pin="0"/><net_sink comp="2613" pin=0"/></net>

<net id="2620"><net_src comp="246" pin="0"/><net_sink comp="2613" pin=2"/></net>

<net id="2621"><net_src comp="194" pin="0"/><net_sink comp="2613" pin=3"/></net>

<net id="2622"><net_src comp="2613" pin="4"/><net_sink comp="478" pin=1"/></net>

<net id="2629"><net_src comp="244" pin="0"/><net_sink comp="2623" pin=0"/></net>

<net id="2630"><net_src comp="246" pin="0"/><net_sink comp="2623" pin=2"/></net>

<net id="2631"><net_src comp="194" pin="0"/><net_sink comp="2623" pin=3"/></net>

<net id="2638"><net_src comp="244" pin="0"/><net_sink comp="2632" pin=0"/></net>

<net id="2639"><net_src comp="246" pin="0"/><net_sink comp="2632" pin=2"/></net>

<net id="2640"><net_src comp="194" pin="0"/><net_sink comp="2632" pin=3"/></net>

<net id="2646"><net_src comp="262" pin="0"/><net_sink comp="2641" pin=0"/></net>

<net id="2647"><net_src comp="416" pin="2"/><net_sink comp="2641" pin=1"/></net>

<net id="2648"><net_src comp="110" pin="0"/><net_sink comp="2641" pin=2"/></net>

<net id="2652"><net_src comp="2641" pin="3"/><net_sink comp="2649" pin=0"/></net>

<net id="2658"><net_src comp="252" pin="0"/><net_sink comp="2653" pin=0"/></net>

<net id="2659"><net_src comp="410" pin="2"/><net_sink comp="2653" pin=1"/></net>

<net id="2660"><net_src comp="110" pin="0"/><net_sink comp="2653" pin=2"/></net>

<net id="2664"><net_src comp="2653" pin="3"/><net_sink comp="2661" pin=0"/></net>

<net id="2670"><net_src comp="258" pin="0"/><net_sink comp="2665" pin=0"/></net>

<net id="2671"><net_src comp="404" pin="2"/><net_sink comp="2665" pin=1"/></net>

<net id="2672"><net_src comp="110" pin="0"/><net_sink comp="2665" pin=2"/></net>

<net id="2676"><net_src comp="2665" pin="3"/><net_sink comp="2673" pin=0"/></net>

<net id="2683"><net_src comp="428" pin="2"/><net_sink comp="2680" pin=0"/></net>

<net id="2690"><net_src comp="244" pin="0"/><net_sink comp="2684" pin=0"/></net>

<net id="2691"><net_src comp="246" pin="0"/><net_sink comp="2684" pin=2"/></net>

<net id="2692"><net_src comp="194" pin="0"/><net_sink comp="2684" pin=3"/></net>

<net id="2696"><net_src comp="2684" pin="4"/><net_sink comp="2693" pin=0"/></net>

<net id="2700"><net_src comp="422" pin="2"/><net_sink comp="2697" pin=0"/></net>

<net id="2707"><net_src comp="244" pin="0"/><net_sink comp="2701" pin=0"/></net>

<net id="2708"><net_src comp="246" pin="0"/><net_sink comp="2701" pin=2"/></net>

<net id="2709"><net_src comp="194" pin="0"/><net_sink comp="2701" pin=3"/></net>

<net id="2716"><net_src comp="244" pin="0"/><net_sink comp="2710" pin=0"/></net>

<net id="2717"><net_src comp="246" pin="0"/><net_sink comp="2710" pin=2"/></net>

<net id="2718"><net_src comp="194" pin="0"/><net_sink comp="2710" pin=3"/></net>

<net id="2725"><net_src comp="244" pin="0"/><net_sink comp="2719" pin=0"/></net>

<net id="2726"><net_src comp="246" pin="0"/><net_sink comp="2719" pin=2"/></net>

<net id="2727"><net_src comp="194" pin="0"/><net_sink comp="2719" pin=3"/></net>

<net id="2733"><net_src comp="264" pin="0"/><net_sink comp="2728" pin=0"/></net>

<net id="2734"><net_src comp="446" pin="2"/><net_sink comp="2728" pin=1"/></net>

<net id="2735"><net_src comp="110" pin="0"/><net_sink comp="2728" pin=2"/></net>

<net id="2739"><net_src comp="2728" pin="3"/><net_sink comp="2736" pin=0"/></net>

<net id="2743"><net_src comp="2736" pin="1"/><net_sink comp="2740" pin=0"/></net>

<net id="2749"><net_src comp="252" pin="0"/><net_sink comp="2744" pin=0"/></net>

<net id="2750"><net_src comp="440" pin="2"/><net_sink comp="2744" pin=1"/></net>

<net id="2751"><net_src comp="110" pin="0"/><net_sink comp="2744" pin=2"/></net>

<net id="2755"><net_src comp="2744" pin="3"/><net_sink comp="2752" pin=0"/></net>

<net id="2761"><net_src comp="260" pin="0"/><net_sink comp="2756" pin=0"/></net>

<net id="2762"><net_src comp="434" pin="2"/><net_sink comp="2756" pin=1"/></net>

<net id="2763"><net_src comp="110" pin="0"/><net_sink comp="2756" pin=2"/></net>

<net id="2767"><net_src comp="2756" pin="3"/><net_sink comp="2764" pin=0"/></net>

<net id="2774"><net_src comp="244" pin="0"/><net_sink comp="2768" pin=0"/></net>

<net id="2775"><net_src comp="246" pin="0"/><net_sink comp="2768" pin=2"/></net>

<net id="2776"><net_src comp="194" pin="0"/><net_sink comp="2768" pin=3"/></net>

<net id="2783"><net_src comp="244" pin="0"/><net_sink comp="2777" pin=0"/></net>

<net id="2784"><net_src comp="246" pin="0"/><net_sink comp="2777" pin=2"/></net>

<net id="2785"><net_src comp="194" pin="0"/><net_sink comp="2777" pin=3"/></net>

<net id="2792"><net_src comp="244" pin="0"/><net_sink comp="2786" pin=0"/></net>

<net id="2793"><net_src comp="246" pin="0"/><net_sink comp="2786" pin=2"/></net>

<net id="2794"><net_src comp="194" pin="0"/><net_sink comp="2786" pin=3"/></net>

<net id="2800"><net_src comp="258" pin="0"/><net_sink comp="2795" pin=0"/></net>

<net id="2801"><net_src comp="458" pin="2"/><net_sink comp="2795" pin=1"/></net>

<net id="2802"><net_src comp="110" pin="0"/><net_sink comp="2795" pin=2"/></net>

<net id="2806"><net_src comp="2795" pin="3"/><net_sink comp="2803" pin=0"/></net>

<net id="2812"><net_src comp="262" pin="0"/><net_sink comp="2807" pin=0"/></net>

<net id="2813"><net_src comp="452" pin="2"/><net_sink comp="2807" pin=1"/></net>

<net id="2814"><net_src comp="110" pin="0"/><net_sink comp="2807" pin=2"/></net>

<net id="2818"><net_src comp="2807" pin="3"/><net_sink comp="2815" pin=0"/></net>

<net id="2825"><net_src comp="244" pin="0"/><net_sink comp="2819" pin=0"/></net>

<net id="2826"><net_src comp="246" pin="0"/><net_sink comp="2819" pin=2"/></net>

<net id="2827"><net_src comp="194" pin="0"/><net_sink comp="2819" pin=3"/></net>

<net id="2834"><net_src comp="244" pin="0"/><net_sink comp="2828" pin=0"/></net>

<net id="2835"><net_src comp="246" pin="0"/><net_sink comp="2828" pin=2"/></net>

<net id="2836"><net_src comp="194" pin="0"/><net_sink comp="2828" pin=3"/></net>

<net id="2841"><net_src comp="1171" pin="1"/><net_sink comp="2837" pin=0"/></net>

<net id="2842"><net_src comp="1171" pin="1"/><net_sink comp="2837" pin=1"/></net>

<net id="2843"><net_src comp="2837" pin="2"/><net_sink comp="1191" pin=1"/></net>

<net id="2849"><net_src comp="1179" pin="1"/><net_sink comp="2844" pin=0"/></net>

<net id="2850"><net_src comp="1179" pin="1"/><net_sink comp="2844" pin=1"/></net>

<net id="2851"><net_src comp="1200" pin="3"/><net_sink comp="2844" pin=2"/></net>

<net id="2852"><net_src comp="2844" pin="3"/><net_sink comp="1216" pin=1"/></net>

<net id="2858"><net_src comp="1187" pin="1"/><net_sink comp="2853" pin=0"/></net>

<net id="2859"><net_src comp="1187" pin="1"/><net_sink comp="2853" pin=1"/></net>

<net id="2860"><net_src comp="1225" pin="3"/><net_sink comp="2853" pin=2"/></net>

<net id="2861"><net_src comp="2853" pin="3"/><net_sink comp="1241" pin=1"/></net>

<net id="2867"><net_src comp="1212" pin="1"/><net_sink comp="2862" pin=0"/></net>

<net id="2868"><net_src comp="1212" pin="1"/><net_sink comp="2862" pin=1"/></net>

<net id="2869"><net_src comp="1250" pin="3"/><net_sink comp="2862" pin=2"/></net>

<net id="2870"><net_src comp="2862" pin="3"/><net_sink comp="1266" pin=1"/></net>

<net id="2876"><net_src comp="1237" pin="1"/><net_sink comp="2871" pin=0"/></net>

<net id="2877"><net_src comp="1237" pin="1"/><net_sink comp="2871" pin=1"/></net>

<net id="2878"><net_src comp="1275" pin="3"/><net_sink comp="2871" pin=2"/></net>

<net id="2879"><net_src comp="2871" pin="3"/><net_sink comp="1291" pin=1"/></net>

<net id="2885"><net_src comp="1262" pin="1"/><net_sink comp="2880" pin=0"/></net>

<net id="2886"><net_src comp="1262" pin="1"/><net_sink comp="2880" pin=1"/></net>

<net id="2887"><net_src comp="1300" pin="3"/><net_sink comp="2880" pin=2"/></net>

<net id="2888"><net_src comp="2880" pin="3"/><net_sink comp="1316" pin=1"/></net>

<net id="2894"><net_src comp="1287" pin="1"/><net_sink comp="2889" pin=0"/></net>

<net id="2895"><net_src comp="1287" pin="1"/><net_sink comp="2889" pin=1"/></net>

<net id="2896"><net_src comp="1325" pin="3"/><net_sink comp="2889" pin=2"/></net>

<net id="2897"><net_src comp="2889" pin="3"/><net_sink comp="1341" pin=1"/></net>

<net id="2903"><net_src comp="1312" pin="1"/><net_sink comp="2898" pin=0"/></net>

<net id="2904"><net_src comp="1312" pin="1"/><net_sink comp="2898" pin=1"/></net>

<net id="2905"><net_src comp="1350" pin="3"/><net_sink comp="2898" pin=2"/></net>

<net id="2906"><net_src comp="2898" pin="3"/><net_sink comp="1366" pin=1"/></net>

<net id="2912"><net_src comp="1337" pin="1"/><net_sink comp="2907" pin=0"/></net>

<net id="2913"><net_src comp="1337" pin="1"/><net_sink comp="2907" pin=1"/></net>

<net id="2914"><net_src comp="1375" pin="3"/><net_sink comp="2907" pin=2"/></net>

<net id="2915"><net_src comp="2907" pin="3"/><net_sink comp="1391" pin=1"/></net>

<net id="2921"><net_src comp="1362" pin="1"/><net_sink comp="2916" pin=0"/></net>

<net id="2922"><net_src comp="1362" pin="1"/><net_sink comp="2916" pin=1"/></net>

<net id="2923"><net_src comp="1400" pin="3"/><net_sink comp="2916" pin=2"/></net>

<net id="2924"><net_src comp="2916" pin="3"/><net_sink comp="1416" pin=1"/></net>

<net id="2930"><net_src comp="1387" pin="1"/><net_sink comp="2925" pin=0"/></net>

<net id="2931"><net_src comp="1387" pin="1"/><net_sink comp="2925" pin=1"/></net>

<net id="2932"><net_src comp="1425" pin="3"/><net_sink comp="2925" pin=2"/></net>

<net id="2933"><net_src comp="2925" pin="3"/><net_sink comp="1441" pin=1"/></net>

<net id="2939"><net_src comp="1412" pin="1"/><net_sink comp="2934" pin=0"/></net>

<net id="2940"><net_src comp="1412" pin="1"/><net_sink comp="2934" pin=1"/></net>

<net id="2941"><net_src comp="1450" pin="3"/><net_sink comp="2934" pin=2"/></net>

<net id="2942"><net_src comp="2934" pin="3"/><net_sink comp="1466" pin=1"/></net>

<net id="2948"><net_src comp="1437" pin="1"/><net_sink comp="2943" pin=0"/></net>

<net id="2949"><net_src comp="1437" pin="1"/><net_sink comp="2943" pin=1"/></net>

<net id="2950"><net_src comp="1475" pin="3"/><net_sink comp="2943" pin=2"/></net>

<net id="2951"><net_src comp="2943" pin="3"/><net_sink comp="1491" pin=1"/></net>

<net id="2957"><net_src comp="1462" pin="1"/><net_sink comp="2952" pin=0"/></net>

<net id="2958"><net_src comp="1462" pin="1"/><net_sink comp="2952" pin=1"/></net>

<net id="2959"><net_src comp="1500" pin="3"/><net_sink comp="2952" pin=2"/></net>

<net id="2960"><net_src comp="2952" pin="3"/><net_sink comp="1516" pin=1"/></net>

<net id="2966"><net_src comp="1487" pin="1"/><net_sink comp="2961" pin=0"/></net>

<net id="2967"><net_src comp="1487" pin="1"/><net_sink comp="2961" pin=1"/></net>

<net id="2968"><net_src comp="1525" pin="3"/><net_sink comp="2961" pin=2"/></net>

<net id="2969"><net_src comp="2961" pin="3"/><net_sink comp="1533" pin=1"/></net>

<net id="2975"><net_src comp="1512" pin="1"/><net_sink comp="2970" pin=0"/></net>

<net id="2976"><net_src comp="1512" pin="1"/><net_sink comp="2970" pin=1"/></net>

<net id="2977"><net_src comp="1542" pin="3"/><net_sink comp="2970" pin=2"/></net>

<net id="2978"><net_src comp="2970" pin="3"/><net_sink comp="1550" pin=1"/></net>

<net id="2979"><net_src comp="2970" pin="3"/><net_sink comp="1567" pin=1"/></net>

<net id="2980"><net_src comp="2970" pin="3"/><net_sink comp="1590" pin=1"/></net>

<net id="2986"><net_src comp="2153" pin="1"/><net_sink comp="2981" pin=0"/></net>

<net id="2987"><net_src comp="2150" pin="1"/><net_sink comp="2981" pin=1"/></net>

<net id="2988"><net_src comp="2156" pin="1"/><net_sink comp="2981" pin=2"/></net>

<net id="2989"><net_src comp="2981" pin="3"/><net_sink comp="2184" pin=1"/></net>

<net id="2995"><net_src comp="2160" pin="1"/><net_sink comp="2990" pin=0"/></net>

<net id="2996"><net_src comp="2150" pin="1"/><net_sink comp="2990" pin=1"/></net>

<net id="2997"><net_src comp="2156" pin="1"/><net_sink comp="2990" pin=2"/></net>

<net id="2998"><net_src comp="2990" pin="3"/><net_sink comp="2201" pin=1"/></net>

<net id="3004"><net_src comp="2163" pin="1"/><net_sink comp="2999" pin=0"/></net>

<net id="3005"><net_src comp="2150" pin="1"/><net_sink comp="2999" pin=1"/></net>

<net id="3006"><net_src comp="2156" pin="1"/><net_sink comp="2999" pin=2"/></net>

<net id="3007"><net_src comp="2999" pin="3"/><net_sink comp="2218" pin=1"/></net>

<net id="3013"><net_src comp="2166" pin="1"/><net_sink comp="3008" pin=0"/></net>

<net id="3014"><net_src comp="3008" pin="3"/><net_sink comp="2243" pin=1"/></net>

<net id="3020"><net_src comp="2169" pin="1"/><net_sink comp="3015" pin=0"/></net>

<net id="3021"><net_src comp="3015" pin="3"/><net_sink comp="2260" pin=1"/></net>

<net id="3027"><net_src comp="2172" pin="1"/><net_sink comp="3022" pin=0"/></net>

<net id="3028"><net_src comp="3022" pin="3"/><net_sink comp="2277" pin=1"/></net>

<net id="3034"><net_src comp="2175" pin="1"/><net_sink comp="3029" pin=0"/></net>

<net id="3035"><net_src comp="3029" pin="3"/><net_sink comp="2326" pin=1"/></net>

<net id="3041"><net_src comp="2178" pin="1"/><net_sink comp="3036" pin=0"/></net>

<net id="3042"><net_src comp="3036" pin="3"/><net_sink comp="2347" pin=1"/></net>

<net id="3048"><net_src comp="2181" pin="1"/><net_sink comp="3043" pin=0"/></net>

<net id="3049"><net_src comp="3043" pin="3"/><net_sink comp="2368" pin=1"/></net>

<net id="3055"><net_src comp="2193" pin="1"/><net_sink comp="3050" pin=0"/></net>

<net id="3056"><net_src comp="2197" pin="1"/><net_sink comp="3050" pin=1"/></net>

<net id="3057"><net_src comp="2303" pin="1"/><net_sink comp="3050" pin=2"/></net>

<net id="3058"><net_src comp="3050" pin="3"/><net_sink comp="2380" pin=1"/></net>

<net id="3064"><net_src comp="2210" pin="1"/><net_sink comp="3059" pin=0"/></net>

<net id="3065"><net_src comp="2214" pin="1"/><net_sink comp="3059" pin=1"/></net>

<net id="3066"><net_src comp="2315" pin="1"/><net_sink comp="3059" pin=2"/></net>

<net id="3067"><net_src comp="3059" pin="3"/><net_sink comp="2390" pin=1"/></net>

<net id="3073"><net_src comp="2227" pin="1"/><net_sink comp="3068" pin=0"/></net>

<net id="3074"><net_src comp="3068" pin="3"/><net_sink comp="2447" pin=1"/></net>

<net id="3080"><net_src comp="2230" pin="1"/><net_sink comp="3075" pin=0"/></net>

<net id="3081"><net_src comp="3075" pin="3"/><net_sink comp="2464" pin=1"/></net>

<net id="3087"><net_src comp="2233" pin="1"/><net_sink comp="3082" pin=0"/></net>

<net id="3088"><net_src comp="3082" pin="3"/><net_sink comp="2481" pin=1"/></net>

<net id="3094"><net_src comp="2236" pin="1"/><net_sink comp="3089" pin=0"/></net>

<net id="3095"><net_src comp="2239" pin="1"/><net_sink comp="3089" pin=1"/></net>

<net id="3096"><net_src comp="2408" pin="1"/><net_sink comp="3089" pin=2"/></net>

<net id="3097"><net_src comp="3089" pin="3"/><net_sink comp="2490" pin=1"/></net>

<net id="3103"><net_src comp="2252" pin="1"/><net_sink comp="3098" pin=0"/></net>

<net id="3104"><net_src comp="2256" pin="1"/><net_sink comp="3098" pin=1"/></net>

<net id="3105"><net_src comp="2420" pin="1"/><net_sink comp="3098" pin=2"/></net>

<net id="3106"><net_src comp="3098" pin="3"/><net_sink comp="2500" pin=1"/></net>

<net id="3112"><net_src comp="2269" pin="1"/><net_sink comp="3107" pin=0"/></net>

<net id="3113"><net_src comp="2273" pin="1"/><net_sink comp="3107" pin=1"/></net>

<net id="3114"><net_src comp="2432" pin="1"/><net_sink comp="3107" pin=2"/></net>

<net id="3115"><net_src comp="3107" pin="3"/><net_sink comp="2510" pin=1"/></net>

<net id="3121"><net_src comp="2286" pin="1"/><net_sink comp="3116" pin=0"/></net>

<net id="3122"><net_src comp="3116" pin="3"/><net_sink comp="2566" pin=1"/></net>

<net id="3128"><net_src comp="2289" pin="1"/><net_sink comp="3123" pin=0"/></net>

<net id="3129"><net_src comp="3123" pin="3"/><net_sink comp="2587" pin=1"/></net>

<net id="3135"><net_src comp="2292" pin="1"/><net_sink comp="3130" pin=0"/></net>

<net id="3136"><net_src comp="3130" pin="3"/><net_sink comp="2604" pin=1"/></net>

<net id="3142"><net_src comp="2319" pin="1"/><net_sink comp="3137" pin=0"/></net>

<net id="3143"><net_src comp="2322" pin="1"/><net_sink comp="3137" pin=1"/></net>

<net id="3144"><net_src comp="2527" pin="1"/><net_sink comp="3137" pin=2"/></net>

<net id="3145"><net_src comp="3137" pin="3"/><net_sink comp="2613" pin=1"/></net>

<net id="3151"><net_src comp="2335" pin="1"/><net_sink comp="3146" pin=0"/></net>

<net id="3152"><net_src comp="2343" pin="1"/><net_sink comp="3146" pin=1"/></net>

<net id="3153"><net_src comp="2539" pin="1"/><net_sink comp="3146" pin=2"/></net>

<net id="3154"><net_src comp="3146" pin="3"/><net_sink comp="2623" pin=1"/></net>

<net id="3160"><net_src comp="2356" pin="1"/><net_sink comp="3155" pin=0"/></net>

<net id="3161"><net_src comp="2364" pin="1"/><net_sink comp="3155" pin=1"/></net>

<net id="3162"><net_src comp="2555" pin="1"/><net_sink comp="3155" pin=2"/></net>

<net id="3163"><net_src comp="3155" pin="3"/><net_sink comp="2632" pin=1"/></net>

<net id="3169"><net_src comp="2377" pin="1"/><net_sink comp="3164" pin=0"/></net>

<net id="3170"><net_src comp="3164" pin="3"/><net_sink comp="2684" pin=1"/></net>

<net id="3176"><net_src comp="2436" pin="1"/><net_sink comp="3171" pin=0"/></net>

<net id="3177"><net_src comp="2443" pin="1"/><net_sink comp="3171" pin=1"/></net>

<net id="3178"><net_src comp="2649" pin="1"/><net_sink comp="3171" pin=2"/></net>

<net id="3179"><net_src comp="3171" pin="3"/><net_sink comp="2701" pin=1"/></net>

<net id="3185"><net_src comp="2456" pin="1"/><net_sink comp="3180" pin=0"/></net>

<net id="3186"><net_src comp="2460" pin="1"/><net_sink comp="3180" pin=1"/></net>

<net id="3187"><net_src comp="2661" pin="1"/><net_sink comp="3180" pin=2"/></net>

<net id="3188"><net_src comp="3180" pin="3"/><net_sink comp="2710" pin=1"/></net>

<net id="3194"><net_src comp="2473" pin="1"/><net_sink comp="3189" pin=0"/></net>

<net id="3195"><net_src comp="2477" pin="1"/><net_sink comp="3189" pin=1"/></net>

<net id="3196"><net_src comp="2673" pin="1"/><net_sink comp="3189" pin=2"/></net>

<net id="3197"><net_src comp="3189" pin="3"/><net_sink comp="2719" pin=1"/></net>

<net id="3203"><net_src comp="2559" pin="1"/><net_sink comp="3198" pin=0"/></net>

<net id="3204"><net_src comp="2562" pin="1"/><net_sink comp="3198" pin=1"/></net>

<net id="3205"><net_src comp="2740" pin="1"/><net_sink comp="3198" pin=2"/></net>

<net id="3206"><net_src comp="3198" pin="3"/><net_sink comp="2768" pin=1"/></net>

<net id="3212"><net_src comp="2575" pin="1"/><net_sink comp="3207" pin=0"/></net>

<net id="3213"><net_src comp="2583" pin="1"/><net_sink comp="3207" pin=1"/></net>

<net id="3214"><net_src comp="2752" pin="1"/><net_sink comp="3207" pin=2"/></net>

<net id="3215"><net_src comp="3207" pin="3"/><net_sink comp="2777" pin=1"/></net>

<net id="3221"><net_src comp="2596" pin="1"/><net_sink comp="3216" pin=0"/></net>

<net id="3222"><net_src comp="2600" pin="1"/><net_sink comp="3216" pin=1"/></net>

<net id="3223"><net_src comp="2764" pin="1"/><net_sink comp="3216" pin=2"/></net>

<net id="3224"><net_src comp="3216" pin="3"/><net_sink comp="2786" pin=1"/></net>

<net id="3230"><net_src comp="2677" pin="1"/><net_sink comp="3225" pin=0"/></net>

<net id="3231"><net_src comp="2680" pin="1"/><net_sink comp="3225" pin=1"/></net>

<net id="3232"><net_src comp="2803" pin="1"/><net_sink comp="3225" pin=2"/></net>

<net id="3233"><net_src comp="3225" pin="3"/><net_sink comp="2819" pin=1"/></net>

<net id="3239"><net_src comp="2693" pin="1"/><net_sink comp="3234" pin=0"/></net>

<net id="3240"><net_src comp="2697" pin="1"/><net_sink comp="3234" pin=1"/></net>

<net id="3241"><net_src comp="2815" pin="1"/><net_sink comp="3234" pin=2"/></net>

<net id="3242"><net_src comp="3234" pin="3"/><net_sink comp="2828" pin=1"/></net>

<net id="3246"><net_src comp="619" pin="3"/><net_sink comp="3243" pin=0"/></net>

<net id="3247"><net_src comp="3243" pin="1"/><net_sink comp="643" pin=0"/></net>

<net id="3248"><net_src comp="3243" pin="1"/><net_sink comp="653" pin=0"/></net>

<net id="3249"><net_src comp="3243" pin="1"/><net_sink comp="663" pin=0"/></net>

<net id="3250"><net_src comp="3243" pin="1"/><net_sink comp="673" pin=0"/></net>

<net id="3251"><net_src comp="3243" pin="1"/><net_sink comp="683" pin=0"/></net>

<net id="3252"><net_src comp="3243" pin="1"/><net_sink comp="693" pin=0"/></net>

<net id="3253"><net_src comp="3243" pin="1"/><net_sink comp="703" pin=0"/></net>

<net id="3254"><net_src comp="3243" pin="1"/><net_sink comp="713" pin=0"/></net>

<net id="3255"><net_src comp="3243" pin="1"/><net_sink comp="723" pin=0"/></net>

<net id="3256"><net_src comp="3243" pin="1"/><net_sink comp="733" pin=0"/></net>

<net id="3257"><net_src comp="3243" pin="1"/><net_sink comp="743" pin=0"/></net>

<net id="3258"><net_src comp="3243" pin="1"/><net_sink comp="753" pin=0"/></net>

<net id="3259"><net_src comp="3243" pin="1"/><net_sink comp="763" pin=0"/></net>

<net id="3260"><net_src comp="3243" pin="1"/><net_sink comp="773" pin=0"/></net>

<net id="3264"><net_src comp="464" pin="3"/><net_sink comp="3261" pin=0"/></net>

<net id="3265"><net_src comp="3261" pin="1"/><net_sink comp="478" pin=2"/></net>

<net id="3269"><net_src comp="471" pin="3"/><net_sink comp="3266" pin=0"/></net>

<net id="3270"><net_src comp="3266" pin="1"/><net_sink comp="478" pin=0"/></net>

<net id="3274"><net_src comp="489" pin="3"/><net_sink comp="3271" pin=0"/></net>

<net id="3275"><net_src comp="3271" pin="1"/><net_sink comp="478" pin=2"/></net>

<net id="3279"><net_src comp="496" pin="3"/><net_sink comp="3276" pin=0"/></net>

<net id="3280"><net_src comp="3276" pin="1"/><net_sink comp="478" pin=0"/></net>

<net id="3284"><net_src comp="478" pin="7"/><net_sink comp="3281" pin=0"/></net>

<net id="3285"><net_src comp="3281" pin="1"/><net_sink comp="783" pin=1"/></net>

<net id="3286"><net_src comp="3281" pin="1"/><net_sink comp="1166" pin=0"/></net>

<net id="3287"><net_src comp="3281" pin="1"/><net_sink comp="2153" pin=0"/></net>

<net id="3291"><net_src comp="478" pin="3"/><net_sink comp="3288" pin=0"/></net>

<net id="3292"><net_src comp="3288" pin="1"/><net_sink comp="794" pin=1"/></net>

<net id="3293"><net_src comp="3288" pin="1"/><net_sink comp="1175" pin=0"/></net>

<net id="3294"><net_src comp="3288" pin="1"/><net_sink comp="2160" pin=0"/></net>

<net id="3298"><net_src comp="505" pin="3"/><net_sink comp="3295" pin=0"/></net>

<net id="3299"><net_src comp="3295" pin="1"/><net_sink comp="478" pin=2"/></net>

<net id="3303"><net_src comp="512" pin="3"/><net_sink comp="3300" pin=0"/></net>

<net id="3304"><net_src comp="3300" pin="1"/><net_sink comp="478" pin=0"/></net>

<net id="3308"><net_src comp="478" pin="7"/><net_sink comp="3305" pin=0"/></net>

<net id="3309"><net_src comp="3305" pin="1"/><net_sink comp="805" pin=1"/></net>

<net id="3310"><net_src comp="3305" pin="1"/><net_sink comp="1183" pin=0"/></net>

<net id="3311"><net_src comp="3305" pin="1"/><net_sink comp="2163" pin=0"/></net>

<net id="3315"><net_src comp="478" pin="3"/><net_sink comp="3312" pin=0"/></net>

<net id="3316"><net_src comp="3312" pin="1"/><net_sink comp="816" pin=1"/></net>

<net id="3317"><net_src comp="3312" pin="1"/><net_sink comp="1208" pin=0"/></net>

<net id="3318"><net_src comp="3312" pin="1"/><net_sink comp="2166" pin=0"/></net>

<net id="3322"><net_src comp="521" pin="3"/><net_sink comp="3319" pin=0"/></net>

<net id="3323"><net_src comp="3319" pin="1"/><net_sink comp="478" pin=2"/></net>

<net id="3327"><net_src comp="528" pin="3"/><net_sink comp="3324" pin=0"/></net>

<net id="3328"><net_src comp="3324" pin="1"/><net_sink comp="478" pin=0"/></net>

<net id="3332"><net_src comp="478" pin="7"/><net_sink comp="3329" pin=0"/></net>

<net id="3333"><net_src comp="3329" pin="1"/><net_sink comp="827" pin=1"/></net>

<net id="3334"><net_src comp="3329" pin="1"/><net_sink comp="1233" pin=0"/></net>

<net id="3335"><net_src comp="3329" pin="1"/><net_sink comp="2169" pin=0"/></net>

<net id="3339"><net_src comp="478" pin="3"/><net_sink comp="3336" pin=0"/></net>

<net id="3340"><net_src comp="3336" pin="1"/><net_sink comp="838" pin=1"/></net>

<net id="3341"><net_src comp="3336" pin="1"/><net_sink comp="1258" pin=0"/></net>

<net id="3342"><net_src comp="3336" pin="1"/><net_sink comp="2172" pin=0"/></net>

<net id="3346"><net_src comp="537" pin="3"/><net_sink comp="3343" pin=0"/></net>

<net id="3347"><net_src comp="3343" pin="1"/><net_sink comp="478" pin=2"/></net>

<net id="3351"><net_src comp="544" pin="3"/><net_sink comp="3348" pin=0"/></net>

<net id="3352"><net_src comp="3348" pin="1"/><net_sink comp="478" pin=0"/></net>

<net id="3356"><net_src comp="478" pin="7"/><net_sink comp="3353" pin=0"/></net>

<net id="3357"><net_src comp="3353" pin="1"/><net_sink comp="849" pin=1"/></net>

<net id="3358"><net_src comp="3353" pin="1"/><net_sink comp="1283" pin=0"/></net>

<net id="3359"><net_src comp="3353" pin="1"/><net_sink comp="2175" pin=0"/></net>

<net id="3363"><net_src comp="478" pin="3"/><net_sink comp="3360" pin=0"/></net>

<net id="3364"><net_src comp="3360" pin="1"/><net_sink comp="860" pin=1"/></net>

<net id="3365"><net_src comp="3360" pin="1"/><net_sink comp="1308" pin=0"/></net>

<net id="3366"><net_src comp="3360" pin="1"/><net_sink comp="2178" pin=0"/></net>

<net id="3370"><net_src comp="553" pin="3"/><net_sink comp="3367" pin=0"/></net>

<net id="3371"><net_src comp="3367" pin="1"/><net_sink comp="478" pin=2"/></net>

<net id="3375"><net_src comp="560" pin="3"/><net_sink comp="3372" pin=0"/></net>

<net id="3376"><net_src comp="3372" pin="1"/><net_sink comp="478" pin=0"/></net>

<net id="3380"><net_src comp="478" pin="7"/><net_sink comp="3377" pin=0"/></net>

<net id="3381"><net_src comp="3377" pin="1"/><net_sink comp="871" pin=1"/></net>

<net id="3382"><net_src comp="3377" pin="1"/><net_sink comp="1333" pin=0"/></net>

<net id="3383"><net_src comp="3377" pin="1"/><net_sink comp="2181" pin=0"/></net>

<net id="3387"><net_src comp="478" pin="3"/><net_sink comp="3384" pin=0"/></net>

<net id="3388"><net_src comp="3384" pin="1"/><net_sink comp="882" pin=1"/></net>

<net id="3389"><net_src comp="3384" pin="1"/><net_sink comp="1358" pin=0"/></net>

<net id="3390"><net_src comp="3384" pin="1"/><net_sink comp="2227" pin=0"/></net>

<net id="3394"><net_src comp="569" pin="3"/><net_sink comp="3391" pin=0"/></net>

<net id="3395"><net_src comp="3391" pin="1"/><net_sink comp="478" pin=2"/></net>

<net id="3399"><net_src comp="576" pin="3"/><net_sink comp="3396" pin=0"/></net>

<net id="3400"><net_src comp="3396" pin="1"/><net_sink comp="478" pin=0"/></net>

<net id="3404"><net_src comp="478" pin="7"/><net_sink comp="3401" pin=0"/></net>

<net id="3405"><net_src comp="3401" pin="1"/><net_sink comp="893" pin=1"/></net>

<net id="3406"><net_src comp="3401" pin="1"/><net_sink comp="1383" pin=0"/></net>

<net id="3407"><net_src comp="3401" pin="1"/><net_sink comp="2230" pin=0"/></net>

<net id="3411"><net_src comp="478" pin="3"/><net_sink comp="3408" pin=0"/></net>

<net id="3412"><net_src comp="3408" pin="1"/><net_sink comp="904" pin=1"/></net>

<net id="3413"><net_src comp="3408" pin="1"/><net_sink comp="1408" pin=0"/></net>

<net id="3414"><net_src comp="3408" pin="1"/><net_sink comp="2233" pin=0"/></net>

<net id="3418"><net_src comp="585" pin="3"/><net_sink comp="3415" pin=0"/></net>

<net id="3419"><net_src comp="3415" pin="1"/><net_sink comp="478" pin=2"/></net>

<net id="3423"><net_src comp="592" pin="3"/><net_sink comp="3420" pin=0"/></net>

<net id="3424"><net_src comp="3420" pin="1"/><net_sink comp="478" pin=0"/></net>

<net id="3428"><net_src comp="478" pin="7"/><net_sink comp="3425" pin=0"/></net>

<net id="3429"><net_src comp="3425" pin="1"/><net_sink comp="915" pin=1"/></net>

<net id="3430"><net_src comp="3425" pin="1"/><net_sink comp="1433" pin=0"/></net>

<net id="3431"><net_src comp="3425" pin="1"/><net_sink comp="2286" pin=0"/></net>

<net id="3435"><net_src comp="478" pin="3"/><net_sink comp="3432" pin=0"/></net>

<net id="3436"><net_src comp="3432" pin="1"/><net_sink comp="926" pin=1"/></net>

<net id="3437"><net_src comp="3432" pin="1"/><net_sink comp="1458" pin=0"/></net>

<net id="3438"><net_src comp="3432" pin="1"/><net_sink comp="2289" pin=0"/></net>

<net id="3442"><net_src comp="478" pin="7"/><net_sink comp="3439" pin=0"/></net>

<net id="3443"><net_src comp="3439" pin="1"/><net_sink comp="937" pin=1"/></net>

<net id="3444"><net_src comp="3439" pin="1"/><net_sink comp="1483" pin=0"/></net>

<net id="3445"><net_src comp="3439" pin="1"/><net_sink comp="2292" pin=0"/></net>

<net id="3449"><net_src comp="478" pin="3"/><net_sink comp="3446" pin=0"/></net>

<net id="3450"><net_src comp="3446" pin="1"/><net_sink comp="948" pin=1"/></net>

<net id="3451"><net_src comp="3446" pin="1"/><net_sink comp="1508" pin=0"/></net>

<net id="3452"><net_src comp="3446" pin="1"/><net_sink comp="2377" pin=0"/></net>

<net id="3456"><net_src comp="1019" pin="2"/><net_sink comp="3453" pin=0"/></net>

<net id="3457"><net_src comp="3453" pin="1"/><net_sink comp="1091" pin=0"/></net>

<net id="3461"><net_src comp="1085" pin="2"/><net_sink comp="3458" pin=0"/></net>

<net id="3462"><net_src comp="3458" pin="1"/><net_sink comp="1094" pin=0"/></net>

<net id="3466"><net_src comp="1111" pin="3"/><net_sink comp="3463" pin=0"/></net>

<net id="3467"><net_src comp="3463" pin="1"/><net_sink comp="1161" pin=0"/></net>

<net id="3471"><net_src comp="1141" pin="4"/><net_sink comp="3468" pin=0"/></net>

<net id="3472"><net_src comp="3468" pin="1"/><net_sink comp="1161" pin=1"/></net>

<net id="3476"><net_src comp="1151" pin="4"/><net_sink comp="3473" pin=0"/></net>

<net id="3477"><net_src comp="3473" pin="1"/><net_sink comp="1161" pin=2"/></net>

<net id="3481"><net_src comp="1161" pin="3"/><net_sink comp="3478" pin=0"/></net>

<net id="3482"><net_src comp="3478" pin="1"/><net_sink comp="1175" pin=1"/></net>

<net id="3483"><net_src comp="3478" pin="1"/><net_sink comp="1183" pin=1"/></net>

<net id="3484"><net_src comp="3478" pin="1"/><net_sink comp="1208" pin=1"/></net>

<net id="3485"><net_src comp="3478" pin="1"/><net_sink comp="1233" pin=1"/></net>

<net id="3486"><net_src comp="3478" pin="1"/><net_sink comp="1258" pin=1"/></net>

<net id="3487"><net_src comp="3478" pin="1"/><net_sink comp="1283" pin=1"/></net>

<net id="3488"><net_src comp="3478" pin="1"/><net_sink comp="1308" pin=1"/></net>

<net id="3489"><net_src comp="3478" pin="1"/><net_sink comp="1333" pin=1"/></net>

<net id="3490"><net_src comp="3478" pin="1"/><net_sink comp="1358" pin=1"/></net>

<net id="3491"><net_src comp="3478" pin="1"/><net_sink comp="1383" pin=1"/></net>

<net id="3492"><net_src comp="3478" pin="1"/><net_sink comp="1408" pin=1"/></net>

<net id="3493"><net_src comp="3478" pin="1"/><net_sink comp="1433" pin=1"/></net>

<net id="3494"><net_src comp="3478" pin="1"/><net_sink comp="1458" pin=1"/></net>

<net id="3495"><net_src comp="3478" pin="1"/><net_sink comp="1483" pin=1"/></net>

<net id="3496"><net_src comp="3478" pin="1"/><net_sink comp="1508" pin=1"/></net>

<net id="3497"><net_src comp="3478" pin="1"/><net_sink comp="2150" pin=0"/></net>

<net id="3501"><net_src comp="1171" pin="1"/><net_sink comp="3498" pin=0"/></net>

<net id="3502"><net_src comp="3498" pin="1"/><net_sink comp="2837" pin=0"/></net>

<net id="3503"><net_src comp="3498" pin="1"/><net_sink comp="2837" pin=1"/></net>

<net id="3507"><net_src comp="1179" pin="1"/><net_sink comp="3504" pin=0"/></net>

<net id="3508"><net_src comp="3504" pin="1"/><net_sink comp="2844" pin=0"/></net>

<net id="3509"><net_src comp="3504" pin="1"/><net_sink comp="2844" pin=1"/></net>

<net id="3513"><net_src comp="1187" pin="1"/><net_sink comp="3510" pin=0"/></net>

<net id="3514"><net_src comp="3510" pin="1"/><net_sink comp="2853" pin=0"/></net>

<net id="3515"><net_src comp="3510" pin="1"/><net_sink comp="2853" pin=1"/></net>

<net id="3519"><net_src comp="1200" pin="3"/><net_sink comp="3516" pin=0"/></net>

<net id="3520"><net_src comp="3516" pin="1"/><net_sink comp="2844" pin=0"/></net>

<net id="3524"><net_src comp="1212" pin="1"/><net_sink comp="3521" pin=0"/></net>

<net id="3525"><net_src comp="3521" pin="1"/><net_sink comp="2862" pin=0"/></net>

<net id="3526"><net_src comp="3521" pin="1"/><net_sink comp="2862" pin=1"/></net>

<net id="3530"><net_src comp="1225" pin="3"/><net_sink comp="3527" pin=0"/></net>

<net id="3531"><net_src comp="3527" pin="1"/><net_sink comp="2853" pin=0"/></net>

<net id="3535"><net_src comp="1237" pin="1"/><net_sink comp="3532" pin=0"/></net>

<net id="3536"><net_src comp="3532" pin="1"/><net_sink comp="2871" pin=0"/></net>

<net id="3537"><net_src comp="3532" pin="1"/><net_sink comp="2871" pin=1"/></net>

<net id="3541"><net_src comp="1250" pin="3"/><net_sink comp="3538" pin=0"/></net>

<net id="3542"><net_src comp="3538" pin="1"/><net_sink comp="2862" pin=0"/></net>

<net id="3546"><net_src comp="1262" pin="1"/><net_sink comp="3543" pin=0"/></net>

<net id="3547"><net_src comp="3543" pin="1"/><net_sink comp="2880" pin=0"/></net>

<net id="3548"><net_src comp="3543" pin="1"/><net_sink comp="2880" pin=1"/></net>

<net id="3552"><net_src comp="1275" pin="3"/><net_sink comp="3549" pin=0"/></net>

<net id="3553"><net_src comp="3549" pin="1"/><net_sink comp="2871" pin=0"/></net>

<net id="3557"><net_src comp="1287" pin="1"/><net_sink comp="3554" pin=0"/></net>

<net id="3558"><net_src comp="3554" pin="1"/><net_sink comp="2889" pin=0"/></net>

<net id="3559"><net_src comp="3554" pin="1"/><net_sink comp="2889" pin=1"/></net>

<net id="3563"><net_src comp="1300" pin="3"/><net_sink comp="3560" pin=0"/></net>

<net id="3564"><net_src comp="3560" pin="1"/><net_sink comp="2880" pin=0"/></net>

<net id="3568"><net_src comp="1312" pin="1"/><net_sink comp="3565" pin=0"/></net>

<net id="3569"><net_src comp="3565" pin="1"/><net_sink comp="2898" pin=0"/></net>

<net id="3570"><net_src comp="3565" pin="1"/><net_sink comp="2898" pin=1"/></net>

<net id="3574"><net_src comp="1325" pin="3"/><net_sink comp="3571" pin=0"/></net>

<net id="3575"><net_src comp="3571" pin="1"/><net_sink comp="2889" pin=0"/></net>

<net id="3579"><net_src comp="1337" pin="1"/><net_sink comp="3576" pin=0"/></net>

<net id="3580"><net_src comp="3576" pin="1"/><net_sink comp="2907" pin=0"/></net>

<net id="3581"><net_src comp="3576" pin="1"/><net_sink comp="2907" pin=1"/></net>

<net id="3585"><net_src comp="1350" pin="3"/><net_sink comp="3582" pin=0"/></net>

<net id="3586"><net_src comp="3582" pin="1"/><net_sink comp="2898" pin=0"/></net>

<net id="3590"><net_src comp="1362" pin="1"/><net_sink comp="3587" pin=0"/></net>

<net id="3591"><net_src comp="3587" pin="1"/><net_sink comp="2916" pin=0"/></net>

<net id="3592"><net_src comp="3587" pin="1"/><net_sink comp="2916" pin=1"/></net>

<net id="3596"><net_src comp="1375" pin="3"/><net_sink comp="3593" pin=0"/></net>

<net id="3597"><net_src comp="3593" pin="1"/><net_sink comp="2907" pin=0"/></net>

<net id="3601"><net_src comp="1387" pin="1"/><net_sink comp="3598" pin=0"/></net>

<net id="3602"><net_src comp="3598" pin="1"/><net_sink comp="2925" pin=0"/></net>

<net id="3603"><net_src comp="3598" pin="1"/><net_sink comp="2925" pin=1"/></net>

<net id="3607"><net_src comp="1400" pin="3"/><net_sink comp="3604" pin=0"/></net>

<net id="3608"><net_src comp="3604" pin="1"/><net_sink comp="2916" pin=0"/></net>

<net id="3612"><net_src comp="1412" pin="1"/><net_sink comp="3609" pin=0"/></net>

<net id="3613"><net_src comp="3609" pin="1"/><net_sink comp="2934" pin=0"/></net>

<net id="3614"><net_src comp="3609" pin="1"/><net_sink comp="2934" pin=1"/></net>

<net id="3618"><net_src comp="1425" pin="3"/><net_sink comp="3615" pin=0"/></net>

<net id="3619"><net_src comp="3615" pin="1"/><net_sink comp="2925" pin=0"/></net>

<net id="3623"><net_src comp="1437" pin="1"/><net_sink comp="3620" pin=0"/></net>

<net id="3624"><net_src comp="3620" pin="1"/><net_sink comp="2943" pin=0"/></net>

<net id="3625"><net_src comp="3620" pin="1"/><net_sink comp="2943" pin=1"/></net>

<net id="3629"><net_src comp="1450" pin="3"/><net_sink comp="3626" pin=0"/></net>

<net id="3630"><net_src comp="3626" pin="1"/><net_sink comp="2934" pin=0"/></net>

<net id="3634"><net_src comp="1462" pin="1"/><net_sink comp="3631" pin=0"/></net>

<net id="3635"><net_src comp="3631" pin="1"/><net_sink comp="2952" pin=0"/></net>

<net id="3636"><net_src comp="3631" pin="1"/><net_sink comp="2952" pin=1"/></net>

<net id="3640"><net_src comp="1475" pin="3"/><net_sink comp="3637" pin=0"/></net>

<net id="3641"><net_src comp="3637" pin="1"/><net_sink comp="2943" pin=0"/></net>

<net id="3645"><net_src comp="1487" pin="1"/><net_sink comp="3642" pin=0"/></net>

<net id="3646"><net_src comp="3642" pin="1"/><net_sink comp="2961" pin=0"/></net>

<net id="3647"><net_src comp="3642" pin="1"/><net_sink comp="2961" pin=1"/></net>

<net id="3651"><net_src comp="1500" pin="3"/><net_sink comp="3648" pin=0"/></net>

<net id="3652"><net_src comp="3648" pin="1"/><net_sink comp="2952" pin=0"/></net>

<net id="3656"><net_src comp="1512" pin="1"/><net_sink comp="3653" pin=0"/></net>

<net id="3657"><net_src comp="3653" pin="1"/><net_sink comp="2970" pin=0"/></net>

<net id="3658"><net_src comp="3653" pin="1"/><net_sink comp="2970" pin=1"/></net>

<net id="3662"><net_src comp="1525" pin="3"/><net_sink comp="3659" pin=0"/></net>

<net id="3663"><net_src comp="3659" pin="1"/><net_sink comp="2961" pin=0"/></net>

<net id="3667"><net_src comp="1542" pin="3"/><net_sink comp="3664" pin=0"/></net>

<net id="3668"><net_src comp="3664" pin="1"/><net_sink comp="2970" pin=0"/></net>

<net id="3672"><net_src comp="1567" pin="3"/><net_sink comp="3669" pin=0"/></net>

<net id="3673"><net_src comp="3669" pin="1"/><net_sink comp="1614" pin=0"/></net>

<net id="3677"><net_src comp="1580" pin="4"/><net_sink comp="3674" pin=0"/></net>

<net id="3678"><net_src comp="3674" pin="1"/><net_sink comp="1599" pin=1"/></net>

<net id="3682"><net_src comp="1590" pin="4"/><net_sink comp="3679" pin=0"/></net>

<net id="3683"><net_src comp="3679" pin="1"/><net_sink comp="1614" pin=2"/></net>

<net id="3687"><net_src comp="1620" pin="2"/><net_sink comp="3684" pin=0"/></net>

<net id="3688"><net_src comp="3684" pin="1"/><net_sink comp="1915" pin=0"/></net>

<net id="3692"><net_src comp="1626" pin="3"/><net_sink comp="3689" pin=0"/></net>

<net id="3693"><net_src comp="3689" pin="1"/><net_sink comp="1888" pin=1"/></net>

<net id="3697"><net_src comp="1640" pin="3"/><net_sink comp="3694" pin=0"/></net>

<net id="3698"><net_src comp="3694" pin="1"/><net_sink comp="1707" pin=0"/></net>

<net id="3699"><net_src comp="3694" pin="1"/><net_sink comp="1767" pin=1"/></net>

<net id="3700"><net_src comp="3694" pin="1"/><net_sink comp="1800" pin=0"/></net>

<net id="3704"><net_src comp="1648" pin="4"/><net_sink comp="3701" pin=0"/></net>

<net id="3705"><net_src comp="3701" pin="1"/><net_sink comp="1658" pin=2"/></net>

<net id="3709"><net_src comp="1677" pin="2"/><net_sink comp="3706" pin=0"/></net>

<net id="3710"><net_src comp="3706" pin="1"/><net_sink comp="1722" pin=0"/></net>

<net id="3711"><net_src comp="3706" pin="1"/><net_sink comp="1803" pin=0"/></net>

<net id="3712"><net_src comp="3706" pin="1"/><net_sink comp="1818" pin=1"/></net>

<net id="3716"><net_src comp="1683" pin="1"/><net_sink comp="3713" pin=0"/></net>

<net id="3717"><net_src comp="3713" pin="1"/><net_sink comp="1762" pin=0"/></net>

<net id="3721"><net_src comp="1712" pin="2"/><net_sink comp="3718" pin=0"/></net>

<net id="3722"><net_src comp="3718" pin="1"/><net_sink comp="1743" pin=1"/></net>

<net id="3726"><net_src comp="1718" pin="1"/><net_sink comp="3723" pin=0"/></net>

<net id="3727"><net_src comp="3723" pin="1"/><net_sink comp="1877" pin=1"/></net>

<net id="3731"><net_src comp="1786" pin="3"/><net_sink comp="3728" pin=0"/></net>

<net id="3732"><net_src comp="3728" pin="1"/><net_sink comp="1840" pin=0"/></net>

<net id="3736"><net_src comp="1794" pin="2"/><net_sink comp="3733" pin=0"/></net>

<net id="3737"><net_src comp="3733" pin="1"/><net_sink comp="1833" pin=0"/></net>

<net id="3741"><net_src comp="1849" pin="4"/><net_sink comp="3738" pin=0"/></net>

<net id="3742"><net_src comp="3738" pin="1"/><net_sink comp="1867" pin=0"/></net>

<net id="3746"><net_src comp="1859" pin="3"/><net_sink comp="3743" pin=0"/></net>

<net id="3747"><net_src comp="3743" pin="1"/><net_sink comp="1870" pin=0"/></net>

<net id="3751"><net_src comp="1907" pin="1"/><net_sink comp="3748" pin=0"/></net>

<net id="3752"><net_src comp="3748" pin="1"/><net_sink comp="1911" pin=0"/></net>

<net id="3756"><net_src comp="1911" pin="1"/><net_sink comp="3753" pin=0"/></net>

<net id="3757"><net_src comp="3753" pin="1"/><net_sink comp="601" pin=0"/></net>

<net id="3761"><net_src comp="601" pin="2"/><net_sink comp="3758" pin=0"/></net>

<net id="3762"><net_src comp="3758" pin="1"/><net_sink comp="1915" pin=2"/></net>

<net id="3766"><net_src comp="1915" pin="3"/><net_sink comp="3763" pin=0"/></net>

<net id="3767"><net_src comp="3763" pin="1"/><net_sink comp="614" pin=1"/></net>

<net id="3771"><net_src comp="614" pin="2"/><net_sink comp="3768" pin=0"/></net>

<net id="3772"><net_src comp="3768" pin="1"/><net_sink comp="606" pin=1"/></net>

<net id="3776"><net_src comp="606" pin="2"/><net_sink comp="3773" pin=0"/></net>

<net id="3777"><net_src comp="3773" pin="1"/><net_sink comp="611" pin=0"/></net>

<net id="3778"><net_src comp="3773" pin="1"/><net_sink comp="2111" pin=0"/></net>

<net id="3782"><net_src comp="1930" pin="3"/><net_sink comp="3779" pin=0"/></net>

<net id="3783"><net_src comp="3779" pin="1"/><net_sink comp="1978" pin=0"/></net>

<net id="3787"><net_src comp="1938" pin="4"/><net_sink comp="3784" pin=0"/></net>

<net id="3788"><net_src comp="3784" pin="1"/><net_sink comp="1958" pin=0"/></net>

<net id="3792"><net_src comp="1948" pin="1"/><net_sink comp="3789" pin=0"/></net>

<net id="3793"><net_src comp="3789" pin="1"/><net_sink comp="1961" pin=2"/></net>

<net id="3797"><net_src comp="1952" pin="2"/><net_sink comp="3794" pin=0"/></net>

<net id="3798"><net_src comp="3794" pin="1"/><net_sink comp="2067" pin=0"/></net>

<net id="3799"><net_src comp="3794" pin="1"/><net_sink comp="2084" pin=0"/></net>

<net id="3800"><net_src comp="3794" pin="1"/><net_sink comp="2143" pin=0"/></net>

<net id="3804"><net_src comp="1978" pin="3"/><net_sink comp="3801" pin=0"/></net>

<net id="3805"><net_src comp="3801" pin="1"/><net_sink comp="2102" pin=0"/></net>

<net id="3809"><net_src comp="1991" pin="2"/><net_sink comp="3806" pin=0"/></net>

<net id="3810"><net_src comp="3806" pin="1"/><net_sink comp="2094" pin=0"/></net>

<net id="3814"><net_src comp="2009" pin="3"/><net_sink comp="3811" pin=0"/></net>

<net id="3815"><net_src comp="3811" pin="1"/><net_sink comp="2043" pin=0"/></net>

<net id="3816"><net_src comp="3811" pin="1"/><net_sink comp="2046" pin=0"/></net>

<net id="3820"><net_src comp="2017" pin="2"/><net_sink comp="3817" pin=0"/></net>

<net id="3821"><net_src comp="3817" pin="1"/><net_sink comp="2072" pin=0"/></net>

<net id="3822"><net_src comp="3817" pin="1"/><net_sink comp="2084" pin=1"/></net>

<net id="3826"><net_src comp="2023" pin="1"/><net_sink comp="3823" pin=0"/></net>

<net id="3827"><net_src comp="3823" pin="1"/><net_sink comp="2055" pin=0"/></net>

<net id="3828"><net_src comp="3823" pin="1"/><net_sink comp="2077" pin=1"/></net>

<net id="3832"><net_src comp="2037" pin="2"/><net_sink comp="3829" pin=0"/></net>

<net id="3833"><net_src comp="3829" pin="1"/><net_sink comp="2060" pin=0"/></net>

<net id="3837"><net_src comp="2043" pin="1"/><net_sink comp="3834" pin=0"/></net>

<net id="3838"><net_src comp="3834" pin="1"/><net_sink comp="2099" pin=0"/></net>

<net id="3842"><net_src comp="2046" pin="2"/><net_sink comp="3839" pin=0"/></net>

<net id="3843"><net_src comp="3839" pin="1"/><net_sink comp="2130" pin=0"/></net>

<net id="3847"><net_src comp="2077" pin="3"/><net_sink comp="3844" pin=0"/></net>

<net id="3848"><net_src comp="3844" pin="1"/><net_sink comp="2137" pin=2"/></net>

<net id="3852"><net_src comp="2094" pin="2"/><net_sink comp="3849" pin=0"/></net>

<net id="3853"><net_src comp="3849" pin="1"/><net_sink comp="2137" pin=0"/></net>

<net id="3857"><net_src comp="2150" pin="1"/><net_sink comp="3854" pin=0"/></net>

<net id="3858"><net_src comp="3854" pin="1"/><net_sink comp="3008" pin=1"/></net>

<net id="3859"><net_src comp="3854" pin="1"/><net_sink comp="3015" pin=1"/></net>

<net id="3860"><net_src comp="3854" pin="1"/><net_sink comp="3022" pin=1"/></net>

<net id="3861"><net_src comp="3854" pin="1"/><net_sink comp="3029" pin=1"/></net>

<net id="3862"><net_src comp="3854" pin="1"/><net_sink comp="3036" pin=1"/></net>

<net id="3863"><net_src comp="3854" pin="1"/><net_sink comp="3043" pin=1"/></net>

<net id="3864"><net_src comp="3854" pin="1"/><net_sink comp="3068" pin=1"/></net>

<net id="3865"><net_src comp="3854" pin="1"/><net_sink comp="3075" pin=1"/></net>

<net id="3866"><net_src comp="3854" pin="1"/><net_sink comp="3082" pin=1"/></net>

<net id="3867"><net_src comp="3854" pin="1"/><net_sink comp="3116" pin=1"/></net>

<net id="3868"><net_src comp="3854" pin="1"/><net_sink comp="3123" pin=1"/></net>

<net id="3869"><net_src comp="3854" pin="1"/><net_sink comp="3130" pin=1"/></net>

<net id="3870"><net_src comp="3854" pin="1"/><net_sink comp="3164" pin=1"/></net>

<net id="3874"><net_src comp="2156" pin="1"/><net_sink comp="3871" pin=0"/></net>

<net id="3875"><net_src comp="3871" pin="1"/><net_sink comp="2981" pin=1"/></net>

<net id="3876"><net_src comp="3871" pin="1"/><net_sink comp="2990" pin=1"/></net>

<net id="3877"><net_src comp="3871" pin="1"/><net_sink comp="2999" pin=1"/></net>

<net id="3878"><net_src comp="3871" pin="1"/><net_sink comp="3008" pin=1"/></net>

<net id="3879"><net_src comp="3871" pin="1"/><net_sink comp="3015" pin=1"/></net>

<net id="3880"><net_src comp="3871" pin="1"/><net_sink comp="3022" pin=1"/></net>

<net id="3881"><net_src comp="3871" pin="1"/><net_sink comp="3029" pin=1"/></net>

<net id="3882"><net_src comp="3871" pin="1"/><net_sink comp="3036" pin=1"/></net>

<net id="3883"><net_src comp="3871" pin="1"/><net_sink comp="3043" pin=1"/></net>

<net id="3884"><net_src comp="3871" pin="1"/><net_sink comp="3068" pin=1"/></net>

<net id="3885"><net_src comp="3871" pin="1"/><net_sink comp="3075" pin=1"/></net>

<net id="3886"><net_src comp="3871" pin="1"/><net_sink comp="3082" pin=1"/></net>

<net id="3887"><net_src comp="3871" pin="1"/><net_sink comp="3116" pin=1"/></net>

<net id="3888"><net_src comp="3871" pin="1"/><net_sink comp="3123" pin=1"/></net>

<net id="3889"><net_src comp="3871" pin="1"/><net_sink comp="3130" pin=1"/></net>

<net id="3890"><net_src comp="3871" pin="1"/><net_sink comp="3164" pin=1"/></net>

<net id="3894"><net_src comp="2193" pin="1"/><net_sink comp="3891" pin=0"/></net>

<net id="3895"><net_src comp="3891" pin="1"/><net_sink comp="3050" pin=0"/></net>

<net id="3899"><net_src comp="2197" pin="1"/><net_sink comp="3896" pin=0"/></net>

<net id="3900"><net_src comp="3896" pin="1"/><net_sink comp="3050" pin=1"/></net>

<net id="3904"><net_src comp="2210" pin="1"/><net_sink comp="3901" pin=0"/></net>

<net id="3905"><net_src comp="3901" pin="1"/><net_sink comp="3059" pin=0"/></net>

<net id="3909"><net_src comp="2214" pin="1"/><net_sink comp="3906" pin=0"/></net>

<net id="3910"><net_src comp="3906" pin="1"/><net_sink comp="3059" pin=1"/></net>

<net id="3914"><net_src comp="2218" pin="4"/><net_sink comp="3911" pin=0"/></net>

<net id="3915"><net_src comp="3911" pin="1"/><net_sink comp="2236" pin=0"/></net>

<net id="3919"><net_src comp="2236" pin="1"/><net_sink comp="3916" pin=0"/></net>

<net id="3920"><net_src comp="3916" pin="1"/><net_sink comp="3089" pin=0"/></net>

<net id="3924"><net_src comp="2239" pin="1"/><net_sink comp="3921" pin=0"/></net>

<net id="3925"><net_src comp="3921" pin="1"/><net_sink comp="3089" pin=1"/></net>

<net id="3929"><net_src comp="2252" pin="1"/><net_sink comp="3926" pin=0"/></net>

<net id="3930"><net_src comp="3926" pin="1"/><net_sink comp="3098" pin=0"/></net>

<net id="3934"><net_src comp="2256" pin="1"/><net_sink comp="3931" pin=0"/></net>

<net id="3935"><net_src comp="3931" pin="1"/><net_sink comp="3098" pin=1"/></net>

<net id="3939"><net_src comp="2269" pin="1"/><net_sink comp="3936" pin=0"/></net>

<net id="3940"><net_src comp="3936" pin="1"/><net_sink comp="3107" pin=0"/></net>

<net id="3944"><net_src comp="2273" pin="1"/><net_sink comp="3941" pin=0"/></net>

<net id="3945"><net_src comp="3941" pin="1"/><net_sink comp="3107" pin=1"/></net>

<net id="3949"><net_src comp="2277" pin="4"/><net_sink comp="3946" pin=0"/></net>

<net id="3950"><net_src comp="3946" pin="1"/><net_sink comp="2319" pin=0"/></net>

<net id="3954"><net_src comp="2303" pin="1"/><net_sink comp="3951" pin=0"/></net>

<net id="3955"><net_src comp="3951" pin="1"/><net_sink comp="3050" pin=0"/></net>

<net id="3959"><net_src comp="2315" pin="1"/><net_sink comp="3956" pin=0"/></net>

<net id="3960"><net_src comp="3956" pin="1"/><net_sink comp="3059" pin=0"/></net>

<net id="3964"><net_src comp="2319" pin="1"/><net_sink comp="3961" pin=0"/></net>

<net id="3965"><net_src comp="3961" pin="1"/><net_sink comp="3137" pin=0"/></net>

<net id="3969"><net_src comp="2322" pin="1"/><net_sink comp="3966" pin=0"/></net>

<net id="3970"><net_src comp="3966" pin="1"/><net_sink comp="3137" pin=1"/></net>

<net id="3974"><net_src comp="2335" pin="1"/><net_sink comp="3971" pin=0"/></net>

<net id="3975"><net_src comp="3971" pin="1"/><net_sink comp="3146" pin=0"/></net>

<net id="3979"><net_src comp="2343" pin="1"/><net_sink comp="3976" pin=0"/></net>

<net id="3980"><net_src comp="3976" pin="1"/><net_sink comp="3146" pin=1"/></net>

<net id="3984"><net_src comp="2356" pin="1"/><net_sink comp="3981" pin=0"/></net>

<net id="3985"><net_src comp="3981" pin="1"/><net_sink comp="3155" pin=0"/></net>

<net id="3989"><net_src comp="2364" pin="1"/><net_sink comp="3986" pin=0"/></net>

<net id="3990"><net_src comp="3986" pin="1"/><net_sink comp="3155" pin=1"/></net>

<net id="3994"><net_src comp="2368" pin="4"/><net_sink comp="3991" pin=0"/></net>

<net id="3995"><net_src comp="3991" pin="1"/><net_sink comp="2436" pin=0"/></net>

<net id="3999"><net_src comp="2408" pin="1"/><net_sink comp="3996" pin=0"/></net>

<net id="4000"><net_src comp="3996" pin="1"/><net_sink comp="3089" pin=0"/></net>

<net id="4004"><net_src comp="2420" pin="1"/><net_sink comp="4001" pin=0"/></net>

<net id="4005"><net_src comp="4001" pin="1"/><net_sink comp="3098" pin=0"/></net>

<net id="4009"><net_src comp="2432" pin="1"/><net_sink comp="4006" pin=0"/></net>

<net id="4010"><net_src comp="4006" pin="1"/><net_sink comp="3107" pin=0"/></net>

<net id="4014"><net_src comp="2436" pin="1"/><net_sink comp="4011" pin=0"/></net>

<net id="4015"><net_src comp="4011" pin="1"/><net_sink comp="3171" pin=0"/></net>

<net id="4019"><net_src comp="2443" pin="1"/><net_sink comp="4016" pin=0"/></net>

<net id="4020"><net_src comp="4016" pin="1"/><net_sink comp="3171" pin=1"/></net>

<net id="4024"><net_src comp="2456" pin="1"/><net_sink comp="4021" pin=0"/></net>

<net id="4025"><net_src comp="4021" pin="1"/><net_sink comp="3180" pin=0"/></net>

<net id="4029"><net_src comp="2460" pin="1"/><net_sink comp="4026" pin=0"/></net>

<net id="4030"><net_src comp="4026" pin="1"/><net_sink comp="3180" pin=1"/></net>

<net id="4034"><net_src comp="2473" pin="1"/><net_sink comp="4031" pin=0"/></net>

<net id="4035"><net_src comp="4031" pin="1"/><net_sink comp="3189" pin=0"/></net>

<net id="4039"><net_src comp="2477" pin="1"/><net_sink comp="4036" pin=0"/></net>

<net id="4040"><net_src comp="4036" pin="1"/><net_sink comp="3189" pin=1"/></net>

<net id="4044"><net_src comp="2481" pin="4"/><net_sink comp="4041" pin=0"/></net>

<net id="4045"><net_src comp="4041" pin="1"/><net_sink comp="2559" pin=0"/></net>

<net id="4049"><net_src comp="2510" pin="4"/><net_sink comp="4046" pin=0"/></net>

<net id="4050"><net_src comp="4046" pin="1"/><net_sink comp="478" pin=4"/></net>

<net id="4054"><net_src comp="2527" pin="1"/><net_sink comp="4051" pin=0"/></net>

<net id="4055"><net_src comp="4051" pin="1"/><net_sink comp="3137" pin=0"/></net>

<net id="4059"><net_src comp="2539" pin="1"/><net_sink comp="4056" pin=0"/></net>

<net id="4060"><net_src comp="4056" pin="1"/><net_sink comp="3146" pin=0"/></net>

<net id="4064"><net_src comp="2555" pin="1"/><net_sink comp="4061" pin=0"/></net>

<net id="4065"><net_src comp="4061" pin="1"/><net_sink comp="3155" pin=0"/></net>

<net id="4069"><net_src comp="2559" pin="1"/><net_sink comp="4066" pin=0"/></net>

<net id="4070"><net_src comp="4066" pin="1"/><net_sink comp="3198" pin=0"/></net>

<net id="4074"><net_src comp="2562" pin="1"/><net_sink comp="4071" pin=0"/></net>

<net id="4075"><net_src comp="4071" pin="1"/><net_sink comp="3198" pin=1"/></net>

<net id="4079"><net_src comp="2575" pin="1"/><net_sink comp="4076" pin=0"/></net>

<net id="4080"><net_src comp="4076" pin="1"/><net_sink comp="3207" pin=0"/></net>

<net id="4084"><net_src comp="2583" pin="1"/><net_sink comp="4081" pin=0"/></net>

<net id="4085"><net_src comp="4081" pin="1"/><net_sink comp="3207" pin=1"/></net>

<net id="4089"><net_src comp="2596" pin="1"/><net_sink comp="4086" pin=0"/></net>

<net id="4090"><net_src comp="4086" pin="1"/><net_sink comp="3216" pin=0"/></net>

<net id="4094"><net_src comp="2600" pin="1"/><net_sink comp="4091" pin=0"/></net>

<net id="4095"><net_src comp="4091" pin="1"/><net_sink comp="3216" pin=1"/></net>

<net id="4099"><net_src comp="2604" pin="4"/><net_sink comp="4096" pin=0"/></net>

<net id="4100"><net_src comp="4096" pin="1"/><net_sink comp="2677" pin=0"/></net>

<net id="4104"><net_src comp="2623" pin="4"/><net_sink comp="4101" pin=0"/></net>

<net id="4105"><net_src comp="4101" pin="1"/><net_sink comp="478" pin=4"/></net>

<net id="4109"><net_src comp="2632" pin="4"/><net_sink comp="4106" pin=0"/></net>

<net id="4110"><net_src comp="4106" pin="1"/><net_sink comp="478" pin=1"/></net>

<net id="4114"><net_src comp="2649" pin="1"/><net_sink comp="4111" pin=0"/></net>

<net id="4115"><net_src comp="4111" pin="1"/><net_sink comp="3171" pin=0"/></net>

<net id="4119"><net_src comp="2661" pin="1"/><net_sink comp="4116" pin=0"/></net>

<net id="4120"><net_src comp="4116" pin="1"/><net_sink comp="3180" pin=0"/></net>

<net id="4124"><net_src comp="2673" pin="1"/><net_sink comp="4121" pin=0"/></net>

<net id="4125"><net_src comp="4121" pin="1"/><net_sink comp="3189" pin=0"/></net>

<net id="4129"><net_src comp="2677" pin="1"/><net_sink comp="4126" pin=0"/></net>

<net id="4130"><net_src comp="4126" pin="1"/><net_sink comp="3225" pin=0"/></net>

<net id="4134"><net_src comp="2680" pin="1"/><net_sink comp="4131" pin=0"/></net>

<net id="4135"><net_src comp="4131" pin="1"/><net_sink comp="3225" pin=1"/></net>

<net id="4139"><net_src comp="2693" pin="1"/><net_sink comp="4136" pin=0"/></net>

<net id="4140"><net_src comp="4136" pin="1"/><net_sink comp="3234" pin=0"/></net>

<net id="4144"><net_src comp="2697" pin="1"/><net_sink comp="4141" pin=0"/></net>

<net id="4145"><net_src comp="4141" pin="1"/><net_sink comp="3234" pin=1"/></net>

<net id="4149"><net_src comp="2701" pin="4"/><net_sink comp="4146" pin=0"/></net>

<net id="4150"><net_src comp="4146" pin="1"/><net_sink comp="478" pin=4"/></net>

<net id="4154"><net_src comp="2710" pin="4"/><net_sink comp="4151" pin=0"/></net>

<net id="4155"><net_src comp="4151" pin="1"/><net_sink comp="478" pin=1"/></net>

<net id="4159"><net_src comp="2719" pin="4"/><net_sink comp="4156" pin=0"/></net>

<net id="4160"><net_src comp="4156" pin="1"/><net_sink comp="478" pin=4"/></net>

<net id="4164"><net_src comp="2740" pin="1"/><net_sink comp="4161" pin=0"/></net>

<net id="4165"><net_src comp="4161" pin="1"/><net_sink comp="3198" pin=0"/></net>

<net id="4169"><net_src comp="2752" pin="1"/><net_sink comp="4166" pin=0"/></net>

<net id="4170"><net_src comp="4166" pin="1"/><net_sink comp="3207" pin=0"/></net>

<net id="4174"><net_src comp="2764" pin="1"/><net_sink comp="4171" pin=0"/></net>

<net id="4175"><net_src comp="4171" pin="1"/><net_sink comp="3216" pin=0"/></net>

<net id="4179"><net_src comp="2768" pin="4"/><net_sink comp="4176" pin=0"/></net>

<net id="4180"><net_src comp="4176" pin="1"/><net_sink comp="478" pin=1"/></net>

<net id="4184"><net_src comp="2777" pin="4"/><net_sink comp="4181" pin=0"/></net>

<net id="4185"><net_src comp="4181" pin="1"/><net_sink comp="478" pin=4"/></net>

<net id="4189"><net_src comp="2786" pin="4"/><net_sink comp="4186" pin=0"/></net>

<net id="4190"><net_src comp="4186" pin="1"/><net_sink comp="478" pin=1"/></net>

<net id="4194"><net_src comp="2803" pin="1"/><net_sink comp="4191" pin=0"/></net>

<net id="4195"><net_src comp="4191" pin="1"/><net_sink comp="3225" pin=0"/></net>

<net id="4199"><net_src comp="2815" pin="1"/><net_sink comp="4196" pin=0"/></net>

<net id="4200"><net_src comp="4196" pin="1"/><net_sink comp="3234" pin=0"/></net>

<net id="4204"><net_src comp="2819" pin="4"/><net_sink comp="4201" pin=0"/></net>

<net id="4205"><net_src comp="4201" pin="1"/><net_sink comp="478" pin=4"/></net>

<net id="4209"><net_src comp="2828" pin="4"/><net_sink comp="4206" pin=0"/></net>

<net id="4210"><net_src comp="4206" pin="1"/><net_sink comp="478" pin=1"/></net>

</net_list>

</model> 
---------------- Datapath Model END ------------------

* FSMD analyzer results:
  - Output states:
	Port: x | {83 84 85 86 87 88 89 90 }
 - Input state : 
	Port: layer_norm.1 : x | {1 2 3 4 5 6 7 8 9 }
	Port: layer_norm.1 : x_offset | {1 }
	Port: layer_norm.1 : p_read | {80 }
	Port: layer_norm.1 : p_read1 | {80 }
	Port: layer_norm.1 : p_read2 | {81 }
	Port: layer_norm.1 : p_read3 | {81 }
	Port: layer_norm.1 : p_read4 | {81 }
	Port: layer_norm.1 : p_read5 | {82 }
	Port: layer_norm.1 : p_read6 | {82 }
	Port: layer_norm.1 : p_read7 | {82 }
	Port: layer_norm.1 : p_read8 | {83 }
	Port: layer_norm.1 : p_read9 | {83 }
	Port: layer_norm.1 : p_read10 | {83 }
	Port: layer_norm.1 : p_read11 | {84 }
	Port: layer_norm.1 : p_read12 | {84 }
	Port: layer_norm.1 : p_read13 | {84 }
	Port: layer_norm.1 : p_read14 | {85 }
	Port: layer_norm.1 : p_read15 | {85 }
	Port: layer_norm.1 : p_read16 | {82 }
	Port: layer_norm.1 : p_read17 | {82 }
	Port: layer_norm.1 : p_read18 | {83 }
	Port: layer_norm.1 : p_read19 | {83 }
	Port: layer_norm.1 : p_read20 | {83 }
	Port: layer_norm.1 : p_read21 | {84 }
	Port: layer_norm.1 : p_read22 | {84 }
	Port: layer_norm.1 : p_read23 | {84 }
	Port: layer_norm.1 : p_read24 | {85 }
	Port: layer_norm.1 : p_read25 | {85 }
	Port: layer_norm.1 : p_read26 | {85 }
	Port: layer_norm.1 : p_read27 | {86 }
	Port: layer_norm.1 : p_read28 | {86 }
	Port: layer_norm.1 : p_read29 | {86 }
	Port: layer_norm.1 : p_read30 | {87 }
	Port: layer_norm.1 : p_read31 | {87 }
  - Chain level:
	State 1
		zext_ln837 : 1
		x_addr : 2
		or_ln837 : 1
		zext_ln837_13 : 1
		x_addr_1 : 2
		x_load : 3
		x_load_1 : 3
	State 2
		x_addr_2 : 1
		x_addr_3 : 1
		x_load_2 : 2
		x_load_3 : 2
	State 3
		x_addr_4 : 1
		x_addr_5 : 1
		x_load_4 : 2
		x_load_5 : 2
	State 4
		x_addr_6 : 1
		x_addr_7 : 1
		x_load_6 : 2
		x_load_7 : 2
	State 5
		x_addr_8 : 1
		x_addr_9 : 1
		x_load_8 : 2
		x_load_9 : 2
	State 6
		x_addr_10 : 1
		x_addr_11 : 1
		x_load_10 : 2
		x_load_11 : 2
	State 7
		x_addr_12 : 1
		x_addr_13 : 1
		x_load_12 : 2
		x_load_13 : 2
	State 8
		x_addr_14 : 1
		x_addr_15 : 1
		x_load_14 : 2
		x_load_15 : 2
	State 9
	State 10
		sext_ln837 : 1
		sext_ln837_1 : 1
		sext_ln837_2 : 1
		sext_ln837_3 : 1
		sext_ln837_4 : 1
		sext_ln837_5 : 1
		sext_ln837_6 : 1
		sext_ln837_7 : 1
		sext_ln837_8 : 1
		sext_ln837_9 : 1
		sext_ln837_10 : 1
		sext_ln837_11 : 1
		sext_ln837_12 : 1
		sext_ln837_13 : 1
		sext_ln837_14 : 1
		sext_ln813 : 1
		add_ln813 : 2
		sext_ln813_18 : 3
		add_ln813_2 : 2
		sext_ln813_19 : 3
		add_ln813_3 : 4
		sext_ln813_20 : 5
		add_ln813_4 : 2
		sext_ln813_21 : 3
		add_ln813_5 : 2
		sext_ln813_22 : 3
		add_ln813_6 : 4
		sext_ln813_23 : 5
		add_ln813_7 : 6
		add_ln813_8 : 2
		sext_ln813_25 : 3
		add_ln813_9 : 2
		sext_ln813_26 : 3
		add_ln813_10 : 4
		sext_ln813_27 : 5
		add_ln813_11 : 2
		sext_ln813_28 : 3
		add_ln813_12 : 2
		sext_ln813_29 : 3
		add_ln813_13 : 4
		sext_ln813_30 : 5
		add_ln813_14 : 6
	State 11
		add_ln813_15 : 1
		t : 2
		tmp_23 : 2
		sub_ln1303 : 3
		trunc_ln1303_2 : 4
		sub_ln1303_1 : 5
		tmp_37 : 6
		tmp_38 : 2
	State 12
		sub_ln813 : 1
		sext_ln1273 : 2
		mul_ln818 : 3
	State 13
		sext_ln1273_16 : 1
		mul_ln1347 : 2
	State 14
		sext_ln1273_17 : 1
		mul_ln1347_2 : 2
	State 15
		tmp_39 : 1
		shl_ln2 : 2
		add_ln1347 : 3
		sext_ln1273_18 : 1
		mul_ln1347_3 : 2
	State 16
		tmp_40 : 1
		shl_ln838_1 : 2
		add_ln1347_1 : 3
		sext_ln1273_19 : 1
		mul_ln1347_4 : 2
	State 17
		tmp_41 : 1
		shl_ln838_2 : 2
		add_ln1347_2 : 3
		sext_ln1273_20 : 1
		mul_ln1347_5 : 2
	State 18
		tmp_42 : 1
		shl_ln838_3 : 2
		add_ln1347_3 : 3
		sext_ln1273_21 : 1
		mul_ln1347_6 : 2
	State 19
		tmp_43 : 1
		shl_ln838_4 : 2
		add_ln1347_4 : 3
		sext_ln1273_22 : 1
		mul_ln1347_7 : 2
	State 20
		tmp_44 : 1
		shl_ln838_5 : 2
		add_ln1347_5 : 3
		sext_ln1273_23 : 1
		mul_ln1347_8 : 2
	State 21
		tmp_45 : 1
		shl_ln838_6 : 2
		add_ln1347_6 : 3
		sext_ln1273_24 : 1
		mul_ln1347_9 : 2
	State 22
		tmp_46 : 1
		shl_ln838_7 : 2
		add_ln1347_7 : 3
		sext_ln1273_25 : 1
		mul_ln1347_10 : 2
	State 23
		tmp_47 : 1
		shl_ln838_8 : 2
		add_ln1347_8 : 3
		sext_ln1273_26 : 1
		mul_ln1347_11 : 2
	State 24
		tmp_48 : 1
		shl_ln838_9 : 2
		add_ln1347_9 : 3
		sext_ln1273_27 : 1
		mul_ln1347_12 : 2
	State 25
		tmp_49 : 1
		shl_ln838_s : 2
		add_ln1347_10 : 3
		sext_ln1273_28 : 1
		mul_ln1347_13 : 2
	State 26
		tmp_50 : 1
		shl_ln838_10 : 2
		add_ln1347_11 : 3
		sext_ln1273_29 : 1
		mul_ln1347_14 : 2
	State 27
		tmp_51 : 1
		shl_ln838_11 : 2
		add_ln1347_12 : 3
		sext_ln1273_30 : 1
		mul_ln1347_15 : 2
	State 28
		tmp_52 : 1
		shl_ln838_12 : 2
		add_ln1347_13 : 3
	State 29
		tmp_53 : 1
		shl_ln838_13 : 2
		add_ln1347_14 : 3
	State 30
		tmp_54 : 1
		t_5 : 2
		tmp_24 : 1
		sub_ln1303_2 : 3
		trunc_ln1303_4 : 4
		tmp_56 : 1
	State 31
		tmp_55 : 1
		var : 2
		icmp_ln1090 : 3
		p_Result_9 : 3
		tmp_V : 3
		tmp_V_2 : 4
		p_Result_s : 5
	State 32
		sext_ln1198 : 1
		l : 2
		sub_ln1099 : 3
		trunc_ln1099 : 4
		trunc_ln1102 : 4
		sub_ln1102 : 5
		zext_ln1102 : 6
		lshr_ln1102 : 7
		p_Result_4 : 8
		icmp_ln1102 : 8
		trunc_ln1098 : 3
	State 33
		tmp_26 : 1
		icmp_ln1101 : 2
		a : 3
		tmp_27 : 1
		xor_ln1104 : 2
		p_Result_3 : 1
		and_ln1104 : 2
		or_ln1104 : 2
		or_ln : 2
		icmp_ln1113 : 1
	State 34
		zext_ln1113 : 1
		lshr_ln1113 : 2
		zext_ln1114 : 1
		shl_ln1114 : 2
		m_2 : 3
		m_3 : 4
		m_4 : 5
		p_Result_5 : 5
	State 35
		add_ln1124 : 1
		tmp_3 : 2
		p_Result_11 : 3
		LD : 4
	State 36
		phitmp : 1
	State 37
	State 38
	State 39
	State 40
	State 41
		tmp : 1
	State 42
	State 43
	State 44
	State 45
	State 46
	State 47
	State 48
	State 49
	State 50
	State 51
	State 52
	State 53
	State 54
	State 55
	State 56
	State 57
	State 58
	State 59
	State 60
	State 61
	State 62
	State 63
	State 64
	State 65
	State 66
	State 67
	State 68
	State 69
	State 70
	State 71
	State 72
	State 73
	State 74
		ireg : 1
		trunc_ln544 : 2
		p_Result_12 : 2
		exp_tmp : 2
		trunc_ln554 : 2
		icmp_ln560 : 3
	State 75
		zext_ln558 : 1
		man_V_1 : 2
		man_V_2 : 3
		F2 : 1
		icmp_ln570 : 2
		add_ln570 : 2
		sub_ln570 : 2
		sh_amt : 3
		icmp_ln571 : 2
		trunc_ln572 : 4
		tmp_31 : 4
		icmp_ln592 : 5
	State 76
		sext_ln570cast : 1
		shl_ln593 : 2
		select_ln592 : 3
		select_ln571 : 4
	State 77
		ashr_ln575 : 1
		trunc_ln575 : 2
		tmp_30 : 1
		select_ln577 : 2
		select_ln574 : 3
		select_ln570 : 4
		inv_std_V : 5
		sub_ln1348 : 1
		sext_ln1273_31 : 2
		sext_ln1273_32 : 6
		mul_ln818_1 : 7
		sub_ln1348_1 : 1
		sext_ln1273_33 : 2
		mul_ln818_2 : 7
		sub_ln1348_2 : 1
		sext_ln1273_34 : 2
		mul_ln818_3 : 7
	State 78
		sub_ln1348_3 : 1
		sext_ln1273_35 : 2
		mul_ln818_4 : 3
		sub_ln1348_4 : 1
		sext_ln1273_36 : 2
		mul_ln818_5 : 3
		sub_ln1348_5 : 1
		sext_ln1273_37 : 2
		mul_ln818_6 : 3
	State 79
		sub_ln1348_6 : 1
		sext_ln1273_38 : 2
		mul_ln818_7 : 3
		sub_ln1348_7 : 1
		sext_ln1273_41 : 2
		mul_ln818_8 : 3
		sub_ln1348_8 : 1
		sext_ln1273_44 : 2
		mul_ln818_9 : 3
	State 80
		trunc_ln818_s : 1
		sext_ln837_15 : 2
		mul_ln837 : 3
		trunc_ln818_17 : 1
		sext_ln837_16 : 2
		mul_ln837_1 : 3
		trunc_ln818_18 : 1
		sub_ln1348_9 : 1
		sext_ln1273_47 : 2
		mul_ln818_10 : 3
		sub_ln1348_10 : 1
		sext_ln1273_48 : 2
		mul_ln818_11 : 3
		sub_ln1348_11 : 1
		sext_ln1273_49 : 2
		mul_ln818_12 : 3
	State 81
		mul_ln837_2 : 1
		trunc_ln818_19 : 1
		sext_ln837_18 : 2
		mul_ln837_3 : 3
		trunc_ln818_20 : 1
		sext_ln837_19 : 2
		mul_ln837_4 : 3
		trunc_ln818_21 : 1
		sub_ln1348_12 : 1
		sext_ln1273_50 : 2
		mul_ln818_13 : 3
		sub_ln1348_13 : 1
		sext_ln1273_53 : 2
		mul_ln818_14 : 3
		sub_ln1348_14 : 1
		sext_ln1273_54 : 2
		mul_ln818_15 : 3
	State 82
		sext_ln1347 : 1
		add_ln1347_15 : 2
		zext_ln1347 : 1
		add_ln1347_16 : 2
		mul_ln837_5 : 1
		trunc_ln818_22 : 1
		sext_ln1273_39 : 2
		zext_ln1273 : 1
		mul_ln813 : 3
		trunc_ln818_23 : 1
		sext_ln1273_42 : 2
		zext_ln1273_1 : 1
		mul_ln813_1 : 3
		trunc_ln818_24 : 1
		sub_ln1348_15 : 1
		sext_ln1273_55 : 2
		mul_ln818_16 : 3
	State 83
		trunc_ln818_16 : 1
		store_ln49 : 2
		trunc_ln818_1 : 1
		store_ln49 : 2
		sext_ln1347_3 : 1
		add_ln1347_17 : 2
		sext_ln1347_4 : 1
		add_ln1347_18 : 2
		sext_ln1347_5 : 1
		add_ln1347_19 : 2
		zext_ln1273_2 : 1
		mul_ln813_2 : 2
		trunc_ln818_25 : 1
		sext_ln837_21 : 2
		mul_ln837_6 : 3
		trunc_ln818_26 : 1
		sext_ln837_22 : 2
		mul_ln837_7 : 3
		trunc_ln818_27 : 1
	State 84
		trunc_ln818_2 : 1
		store_ln49 : 2
		trunc_ln818_3 : 1
		store_ln49 : 2
		trunc_ln818_4 : 1
		sext_ln1347_6 : 1
		add_ln1347_20 : 2
		sext_ln1347_7 : 1
		add_ln1347_21 : 2
		sext_ln1347_8 : 1
		zext_ln1347_1 : 2
		add_ln1347_22 : 3
		mul_ln837_8 : 1
		trunc_ln818_28 : 1
		sext_ln1273_51 : 2
		zext_ln1273_3 : 1
		mul_ln813_3 : 3
		trunc_ln818_29 : 1
		sext_ln837_24 : 2
		mul_ln837_9 : 3
		trunc_ln818_30 : 1
	State 85
		trunc_ln818_5 : 1
		store_ln49 : 2
		trunc_ln818_6 : 1
		trunc_ln818_7 : 1
		sext_ln1347_9 : 1
		add_ln1347_23 : 2
		zext_ln1347_2 : 1
		add_ln1347_24 : 2
		sext_ln1347_10 : 1
		add_ln1347_25 : 2
		mul_ln837_10 : 1
		trunc_ln818_31 : 1
		sext_ln837_26 : 2
		mul_ln837_11 : 3
	State 86
		trunc_ln818_8 : 1
		trunc_ln818_9 : 1
		trunc_ln818_10 : 1
		sext_ln1347_11 : 1
		zext_ln1347_3 : 2
		add_ln1347_26 : 3
		sext_ln1347_12 : 1
		add_ln1347_27 : 2
		zext_ln1347_4 : 1
		add_ln1347_28 : 2
	State 87
		trunc_ln818_11 : 1
		trunc_ln818_12 : 1
		trunc_ln818_13 : 1
		sext_ln1347_13 : 1
		add_ln1347_29 : 2
		sext_ln1347_14 : 1
		add_ln1347_30 : 2
	State 88
		trunc_ln818_14 : 1
		trunc_ln818_15 : 1
	State 89
	State 90


============================================================
+ Verbose Summary: Datapath Resource usage 
============================================================

* Functional unit list:
|----------|---------------------------|---------|---------|---------|
| Operation|      Functional Unit      |   DSP   |    FF   |   LUT   |
|----------|---------------------------|---------|---------|---------|
|          |     sub_ln1303_fu_1119    |    0    |    0    |    41   |
|          |    sub_ln1303_1_fu_1135   |    0    |    0    |    27   |
|          |     sub_ln813_fu_1166     |    0    |    0    |    23   |
|          |    sub_ln813_1_fu_1175    |    0    |    0    |    23   |
|          |    sub_ln813_2_fu_1183    |    0    |    0    |    23   |
|          |    sub_ln813_3_fu_1208    |    0    |    0    |    23   |
|          |    sub_ln813_4_fu_1233    |    0    |    0    |    23   |
|          |    sub_ln813_5_fu_1258    |    0    |    0    |    23   |
|          |    sub_ln813_6_fu_1283    |    0    |    0    |    23   |
|          |    sub_ln813_7_fu_1308    |    0    |    0    |    23   |
|          |    sub_ln813_8_fu_1333    |    0    |    0    |    23   |
|          |    sub_ln813_9_fu_1358    |    0    |    0    |    23   |
|          |    sub_ln813_10_fu_1383   |    0    |    0    |    23   |
|    sub   |    sub_ln813_11_fu_1408   |    0    |    0    |    23   |
|          |    sub_ln813_12_fu_1433   |    0    |    0    |    23   |
|          |    sub_ln813_13_fu_1458   |    0    |    0    |    23   |
|          |    sub_ln813_14_fu_1483   |    0    |    0    |    23   |
|          |    sub_ln813_15_fu_1508   |    0    |    0    |    23   |
|          |    sub_ln1303_2_fu_1574   |    0    |    0    |    41   |
|          |    sub_ln1303_3_fu_1599   |    0    |    0    |    27   |
|          |       tmp_V_fu_1634       |    0    |    0    |    23   |
|          |     sub_ln1099_fu_1677    |    0    |    0    |    39   |
|          |     sub_ln1102_fu_1691    |    0    |    0    |    13   |
|          |     sub_ln1114_fu_1818    |    0    |    0    |    39   |
|          |     sub_ln1119_fu_1877    |    0    |    0    |    8    |
|          |      man_V_1_fu_1972      |    0    |    0    |    60   |
|          |         F2_fu_1985        |    0    |    0    |    12   |
|          |     sub_ln570_fu_2003     |    0    |    0    |    12   |
|----------|---------------------------|---------|---------|---------|
|          |      add_ln813_fu_959     |    0    |    0    |    27   |
|          |     add_ln813_2_fu_969    |    0    |    0    |    27   |
|          |     add_ln813_3_fu_979    |    0    |    0    |    28   |
|          |     add_ln813_4_fu_989    |    0    |    0    |    27   |
|          |     add_ln813_5_fu_999    |    0    |    0    |    27   |
|          |    add_ln813_6_fu_1009    |    0    |    0    |    28   |
|          |    add_ln813_7_fu_1019    |    0    |    0    |    29   |
|          |    add_ln813_8_fu_1025    |    0    |    0    |    27   |
|          |    add_ln813_9_fu_1035    |    0    |    0    |    27   |
|          |    add_ln813_10_fu_1045   |    0    |    0    |    28   |
|    add   |    add_ln813_11_fu_1055   |    0    |    0    |    27   |
|          |    add_ln813_12_fu_1065   |    0    |    0    |    27   |
|          |    add_ln813_13_fu_1075   |    0    |    0    |    28   |
|          |    add_ln813_14_fu_1085   |    0    |    0    |    29   |
|          |    add_ln813_15_fu_1097   |    0    |    0    |    30   |
|          |     lsb_index_fu_1722     |    0    |    0    |    39   |
|          |     add_ln1104_fu_1762    |    0    |    0    |    23   |
|          |     add_ln1113_fu_1803    |    0    |    0    |    39   |
|          |        m_3_fu_1843        |    0    |    0    |    71   |
|          |     add_ln1124_fu_1882    |    0    |    0    |    8    |
|          |     add_ln570_fu_1997     |    0    |    0    |    12   |
|----------|---------------------------|---------|---------|---------|
|   fadd   |         grp_fu_601        |    2    |   205   |   390   |
|----------|---------------------------|---------|---------|---------|
|          |        mean_fu_1161       |    0    |    0    |    16   |
|          |        var_fu_1614        |    0    |    0    |    16   |
|          |      tmp_V_2_fu_1640      |    0    |    0    |    16   |
|          |        m_2_fu_1833        |    0    |    0    |    64   |
|          |   select_ln1098_fu_1870   |    0    |    0    |    8    |
|          |   select_ln1090_fu_1915   |    0    |    0    |    32   |
|  select  |      man_V_2_fu_1978      |    0    |    0    |    54   |
|          |       sh_amt_fu_2009      |    0    |    0    |    12   |
|          |    select_ln592_fu_2060   |    0    |    0    |    16   |
|          |    select_ln571_fu_2077   |    0    |    0    |    16   |
|          |    select_ln577_fu_2122   |    0    |    0    |    2    |
|          |    select_ln574_fu_2130   |    0    |    0    |    16   |
|          |    select_ln570_fu_2137   |    0    |    0    |    16   |
|          |     inv_std_V_fu_2143     |    0    |    0    |    16   |
|----------|---------------------------|---------|---------|---------|
|   ashr   |     ashr_ln575_fu_2102    |    0    |    0    |   161   |
|----------|---------------------------|---------|---------|---------|
|          |    icmp_ln1090_fu_1620    |    0    |    0    |    13   |
|          |    icmp_ln1102_fu_1712    |    0    |    0    |    13   |
|          |    icmp_ln1101_fu_1737    |    0    |    0    |    17   |
|          |    icmp_ln1113_fu_1794    |    0    |    0    |    18   |
|   icmp   |     icmp_ln560_fu_1952    |    0    |    0    |    28   |
|          |     icmp_ln570_fu_1991    |    0    |    0    |    12   |
|          |     icmp_ln571_fu_2017    |    0    |    0    |    12   |
|          |     icmp_ln592_fu_2037    |    0    |    0    |    11   |
|          |     icmp_ln574_fu_2046    |    0    |    0    |    12   |
|----------|---------------------------|---------|---------|---------|
|    shl   |     shl_ln1114_fu_1827    |    0    |    0    |   100   |
|          |     shl_ln593_fu_2055     |    0    |    0    |    35   |
|----------|---------------------------|---------|---------|---------|
|   lshr   |    lshr_ln1102_fu_1701    |    0    |    0    |    9    |
|          |    lshr_ln1113_fu_1812    |    0    |    0    |   100   |
|----------|---------------------------|---------|---------|---------|
|          |        grp_fu_2844        |    1    |    0    |    0    |
|          |        grp_fu_2853        |    1    |    0    |    0    |
|          |        grp_fu_2862        |    1    |    0    |    0    |
|          |        grp_fu_2871        |    1    |    0    |    0    |
|          |        grp_fu_2880        |    1    |    0    |    0    |
|          |        grp_fu_2889        |    1    |    0    |    0    |
|          |        grp_fu_2898        |    1    |    0    |    0    |
|          |        grp_fu_2907        |    1    |    0    |    0    |
|          |        grp_fu_2916        |    1    |    0    |    0    |
|          |        grp_fu_2925        |    1    |    0    |    0    |
|          |        grp_fu_2934        |    1    |    0    |    0    |
|          |        grp_fu_2943        |    1    |    0    |    0    |
|          |        grp_fu_2952        |    1    |    0    |    0    |
|          |        grp_fu_2961        |    1    |    0    |    0    |
|          |        grp_fu_2970        |    1    |    0    |    0    |
|  muladd  |        grp_fu_3050        |    1    |    0    |    0    |
|          |        grp_fu_3059        |    1    |    0    |    0    |
|          |        grp_fu_3089        |    1    |    0    |    0    |
|          |        grp_fu_3098        |    1    |    0    |    0    |
|          |        grp_fu_3107        |    1    |    0    |    0    |
|          |        grp_fu_3137        |    1    |    0    |    0    |
|          |        grp_fu_3146        |    1    |    0    |    0    |
|          |        grp_fu_3155        |    1    |    0    |    0    |
|          |        grp_fu_3171        |    1    |    0    |    0    |
|          |        grp_fu_3180        |    1    |    0    |    0    |
|          |        grp_fu_3189        |    1    |    0    |    0    |
|          |        grp_fu_3198        |    1    |    0    |    0    |
|          |        grp_fu_3207        |    1    |    0    |    0    |
|          |        grp_fu_3216        |    1    |    0    |    0    |
|          |        grp_fu_3225        |    1    |    0    |    0    |
|          |        grp_fu_3234        |    1    |    0    |    0    |
|----------|---------------------------|---------|---------|---------|
|          |     p_Result_4_fu_1707    |    0    |    0    |    16   |
|          |         a_fu_1743         |    0    |    0    |    2    |
|    and   |     and_ln1104_fu_1774    |    0    |    0    |    2    |
|          |     and_ln571_fu_2072     |    0    |    0    |    2    |
|          |     and_ln570_fu_2094     |    0    |    0    |    2    |
|----------|---------------------------|---------|---------|---------|
|          |        grp_fu_2981        |    1    |    0    |    0    |
|          |        grp_fu_2990        |    1    |    0    |    0    |
|          |        grp_fu_2999        |    1    |    0    |    0    |
|          |        grp_fu_3008        |    1    |    0    |    0    |
|          |        grp_fu_3015        |    1    |    0    |    0    |
|          |        grp_fu_3022        |    1    |    0    |    0    |
|          |        grp_fu_3029        |    1    |    0    |    0    |
|  submul  |        grp_fu_3036        |    1    |    0    |    0    |
|          |        grp_fu_3043        |    1    |    0    |    0    |
|          |        grp_fu_3068        |    1    |    0    |    0    |
|          |        grp_fu_3075        |    1    |    0    |    0    |
|          |        grp_fu_3082        |    1    |    0    |    0    |
|          |        grp_fu_3116        |    1    |    0    |    0    |
|          |        grp_fu_3123        |    1    |    0    |    0    |
|          |        grp_fu_3130        |    1    |    0    |    0    |
|          |        grp_fu_3164        |    1    |    0    |    0    |
|----------|---------------------------|---------|---------|---------|
|          |     xor_ln1104_fu_1756    |    0    |    0    |    2    |
|    xor   |     xor_ln560_fu_2067     |    0    |    0    |    2    |
|          |     xor_ln571_fu_2088     |    0    |    0    |    2    |
|----------|---------------------------|---------|---------|---------|
|          |      or_ln837_fu_632      |    0    |    0    |    0    |
|          |     or_ln837_1_fu_643     |    0    |    0    |    0    |
|          |     or_ln837_2_fu_653     |    0    |    0    |    0    |
|          |     or_ln837_3_fu_663     |    0    |    0    |    0    |
|          |     or_ln837_4_fu_673     |    0    |    0    |    0    |
|          |     or_ln837_5_fu_683     |    0    |    0    |    0    |
|          |     or_ln837_6_fu_693     |    0    |    0    |    0    |
|          |     or_ln837_7_fu_703     |    0    |    0    |    0    |
|    or    |     or_ln837_8_fu_713     |    0    |    0    |    0    |
|          |     or_ln837_9_fu_723     |    0    |    0    |    0    |
|          |     or_ln837_10_fu_733    |    0    |    0    |    0    |
|          |     or_ln837_11_fu_743    |    0    |    0    |    0    |
|          |     or_ln837_12_fu_753    |    0    |    0    |    0    |
|          |     or_ln837_13_fu_763    |    0    |    0    |    0    |
|          |     or_ln837_14_fu_773    |    0    |    0    |    0    |
|          |     or_ln1104_fu_1780     |    0    |    0    |    2    |
|          |      or_ln571_fu_2084     |    0    |    0    |    2    |
|----------|---------------------------|---------|---------|---------|
|    mul   |        grp_fu_2837        |    1    |    0    |    0    |
|----------|---------------------------|---------|---------|---------|
|          | x_offset_read_read_fu_266 |    0    |    0    |    0    |
|          |   p_read_31_read_fu_272   |    0    |    0    |    0    |
|          |    p_read32_read_fu_278   |    0    |    0    |    0    |
|          |   p_read_28_read_fu_284   |    0    |    0    |    0    |
|          |   p_read_29_read_fu_290   |    0    |    0    |    0    |
|          |   p_read_30_read_fu_296   |    0    |    0    |    0    |
|          |   p_read_15_read_fu_302   |    0    |    0    |    0    |
|          |   p_read_16_read_fu_308   |    0    |    0    |    0    |
|          |   p_read_25_read_fu_314   |    0    |    0    |    0    |
|          |   p_read_26_read_fu_320   |    0    |    0    |    0    |
|          |   p_read_27_read_fu_326   |    0    |    0    |    0    |
|          |   p_read_12_read_fu_332   |    0    |    0    |    0    |
|          |   p_read_13_read_fu_338   |    0    |    0    |    0    |
|          |   p_read_14_read_fu_344   |    0    |    0    |    0    |
|          |   p_read_22_read_fu_350   |    0    |    0    |    0    |
|          |   p_read_23_read_fu_356   |    0    |    0    |    0    |
|   read   |   p_read_24_read_fu_362   |    0    |    0    |    0    |
|          |    p_read_9_read_fu_368   |    0    |    0    |    0    |
|          |   p_read_10_read_fu_374   |    0    |    0    |    0    |
|          |   p_read_11_read_fu_380   |    0    |    0    |    0    |
|          |   p_read_19_read_fu_386   |    0    |    0    |    0    |
|          |   p_read_20_read_fu_392   |    0    |    0    |    0    |
|          |   p_read_21_read_fu_398   |    0    |    0    |    0    |
|          |    p_read_6_read_fu_404   |    0    |    0    |    0    |
|          |    p_read_7_read_fu_410   |    0    |    0    |    0    |
|          |    p_read_8_read_fu_416   |    0    |    0    |    0    |
|          |   p_read_17_read_fu_422   |    0    |    0    |    0    |
|          |   p_read_18_read_fu_428   |    0    |    0    |    0    |
|          |    p_read_3_read_fu_434   |    0    |    0    |    0    |
|          |    p_read_4_read_fu_440   |    0    |    0    |    0    |
|          |    p_read_5_read_fu_446   |    0    |    0    |    0    |
|          |    p_read_1_read_fu_452   |    0    |    0    |    0    |
|          |    p_read_2_read_fu_458   |    0    |    0    |    0    |
|----------|---------------------------|---------|---------|---------|
|   fdiv   |         grp_fu_606        |    0    |    0    |    0    |
|----------|---------------------------|---------|---------|---------|
|   fpext  |         grp_fu_611        |    0    |    0    |    0    |
|----------|---------------------------|---------|---------|---------|
|   fsqrt  |         grp_fu_614        |    0    |    0    |    0    |
|----------|---------------------------|---------|---------|---------|
|          |        tmp_s_fu_619       |    0    |    0    |    0    |
|          |       shl_ln_fu_783       |    0    |    0    |    0    |
|          |     shl_ln813_1_fu_794    |    0    |    0    |    0    |
|          |     shl_ln813_2_fu_805    |    0    |    0    |    0    |
|          |     shl_ln813_3_fu_816    |    0    |    0    |    0    |
|          |     shl_ln813_4_fu_827    |    0    |    0    |    0    |
|          |     shl_ln813_5_fu_838    |    0    |    0    |    0    |
|          |     shl_ln813_6_fu_849    |    0    |    0    |    0    |
|          |     shl_ln813_7_fu_860    |    0    |    0    |    0    |
|          |     shl_ln813_8_fu_871    |    0    |    0    |    0    |
|          |     shl_ln813_9_fu_882    |    0    |    0    |    0    |
|          |     shl_ln813_s_fu_893    |    0    |    0    |    0    |
|          |    shl_ln813_10_fu_904    |    0    |    0    |    0    |
|          |    shl_ln813_11_fu_915    |    0    |    0    |    0    |
|          |    shl_ln813_12_fu_926    |    0    |    0    |    0    |
|          |    shl_ln813_13_fu_937    |    0    |    0    |    0    |
|          |    shl_ln813_14_fu_948    |    0    |    0    |    0    |
|          |         t_fu_1103         |    0    |    0    |    0    |
|          |      shl_ln2_fu_1200      |    0    |    0    |    0    |
|          |    shl_ln838_1_fu_1225    |    0    |    0    |    0    |
|          |    shl_ln838_2_fu_1250    |    0    |    0    |    0    |
|          |    shl_ln838_3_fu_1275    |    0    |    0    |    0    |
|          |    shl_ln838_4_fu_1300    |    0    |    0    |    0    |
|          |    shl_ln838_5_fu_1325    |    0    |    0    |    0    |
|          |    shl_ln838_6_fu_1350    |    0    |    0    |    0    |
|          |    shl_ln838_7_fu_1375    |    0    |    0    |    0    |
|bitconcatenate|    shl_ln838_8_fu_1400    |    0    |    0    |    0    |
|          |    shl_ln838_9_fu_1425    |    0    |    0    |    0    |
|          |    shl_ln838_s_fu_1450    |    0    |    0    |    0    |
|          |    shl_ln838_10_fu_1475   |    0    |    0    |    0    |
|          |    shl_ln838_11_fu_1500   |    0    |    0    |    0    |
|          |    shl_ln838_12_fu_1525   |    0    |    0    |    0    |
|          |    shl_ln838_13_fu_1542   |    0    |    0    |    0    |
|          |        t_5_fu_1559        |    0    |    0    |    0    |
|          |    p_Result_10_fu_1658    |    0    |    0    |    0    |
|          |       or_ln_fu_1786       |    0    |    0    |    0    |
|          |       tmp_3_fu_1888       |    0    |    0    |    0    |
|          |    p_Result_13_fu_1961    |    0    |    0    |    0    |
|          |    shl_ln838_14_fu_2295   |    0    |    0    |    0    |
|          |    shl_ln838_15_fu_2307   |    0    |    0    |    0    |
|          |    shl_ln838_16_fu_2400   |    0    |    0    |    0    |
|          |    shl_ln838_17_fu_2412   |    0    |    0    |    0    |
|          |    shl_ln838_18_fu_2424   |    0    |    0    |    0    |
|          |    shl_ln838_19_fu_2519   |    0    |    0    |    0    |
|          |    shl_ln838_20_fu_2531   |    0    |    0    |    0    |
|          |       tmp_57_fu_2543      |    0    |    0    |    0    |
|          |    shl_ln838_21_fu_2641   |    0    |    0    |    0    |
|          |    shl_ln838_22_fu_2653   |    0    |    0    |    0    |
|          |    shl_ln838_23_fu_2665   |    0    |    0    |    0    |
|          |       tmp_58_fu_2728      |    0    |    0    |    0    |
|          |    shl_ln838_24_fu_2744   |    0    |    0    |    0    |
|          |    shl_ln838_25_fu_2756   |    0    |    0    |    0    |
|          |    shl_ln838_26_fu_2795   |    0    |    0    |    0    |
|          |    shl_ln838_27_fu_2807   |    0    |    0    |    0    |
|----------|---------------------------|---------|---------|---------|
|          |     zext_ln837_fu_627     |    0    |    0    |    0    |
|          |    zext_ln837_13_fu_638   |    0    |    0    |    0    |
|          |    zext_ln837_14_fu_648   |    0    |    0    |    0    |
|          |    zext_ln837_15_fu_658   |    0    |    0    |    0    |
|          |    zext_ln837_16_fu_668   |    0    |    0    |    0    |
|          |    zext_ln837_17_fu_678   |    0    |    0    |    0    |
|          |    zext_ln837_18_fu_688   |    0    |    0    |    0    |
|          |    zext_ln837_19_fu_698   |    0    |    0    |    0    |
|          |    zext_ln837_20_fu_708   |    0    |    0    |    0    |
|          |    zext_ln837_21_fu_718   |    0    |    0    |    0    |
|          |    zext_ln837_22_fu_728   |    0    |    0    |    0    |
|          |    zext_ln837_23_fu_738   |    0    |    0    |    0    |
|          |    zext_ln837_24_fu_748   |    0    |    0    |    0    |
|          |    zext_ln837_25_fu_758   |    0    |    0    |    0    |
|          |    zext_ln837_26_fu_768   |    0    |    0    |    0    |
|          |    zext_ln837_27_fu_778   |    0    |    0    |    0    |
|          |    zext_ln1102_fu_1697    |    0    |    0    |    0    |
|          |    zext_ln1112_fu_1800    |    0    |    0    |    0    |
|          |    zext_ln1113_fu_1808    |    0    |    0    |    0    |
|          |    zext_ln1114_fu_1823    |    0    |    0    |    0    |
|          |    zext_ln1116_fu_1840    |    0    |    0    |    0    |
|          |    zext_ln1117_fu_1867    |    0    |    0    |    0    |
|   zext   |     zext_ln455_fu_1958    |    0    |    0    |    0    |
|          |     zext_ln558_fu_1968    |    0    |    0    |    0    |
|          |     zext_ln575_fu_2099    |    0    |    0    |    0    |
|          |    zext_ln837_1_fu_2197   |    0    |    0    |    0    |
|          |    zext_ln837_2_fu_2214   |    0    |    0    |    0    |
|          |    zext_ln837_3_fu_2239   |    0    |    0    |    0    |
|          |    zext_ln837_4_fu_2256   |    0    |    0    |    0    |
|          |    zext_ln837_5_fu_2273   |    0    |    0    |    0    |
|          |    zext_ln1347_fu_2315    |    0    |    0    |    0    |
|          |    zext_ln837_6_fu_2322   |    0    |    0    |    0    |
|          |    zext_ln1273_fu_2343    |    0    |    0    |    0    |
|          |   zext_ln1273_1_fu_2364   |    0    |    0    |    0    |
|          |   zext_ln1273_2_fu_2443   |    0    |    0    |    0    |
|          |    zext_ln837_7_fu_2460   |    0    |    0    |    0    |
|          |    zext_ln837_8_fu_2477   |    0    |    0    |    0    |
|          |   zext_ln1347_1_fu_2555   |    0    |    0    |    0    |
|          |    zext_ln837_9_fu_2562   |    0    |    0    |    0    |
|          |   zext_ln1273_3_fu_2583   |    0    |    0    |    0    |
|          |   zext_ln837_10_fu_2600   |    0    |    0    |    0    |
|          |   zext_ln1347_2_fu_2661   |    0    |    0    |    0    |
|          |   zext_ln837_11_fu_2680   |    0    |    0    |    0    |
|          |   zext_ln837_12_fu_2697   |    0    |    0    |    0    |
|          |   zext_ln1347_3_fu_2740   |    0    |    0    |    0    |
|          |   zext_ln1347_4_fu_2764   |    0    |    0    |    0    |
|----------|---------------------------|---------|---------|---------|
|          |     sext_ln837_fu_790     |    0    |    0    |    0    |
|          |    sext_ln837_1_fu_801    |    0    |    0    |    0    |
|          |    sext_ln837_2_fu_812    |    0    |    0    |    0    |
|          |    sext_ln837_3_fu_823    |    0    |    0    |    0    |
|          |    sext_ln837_4_fu_834    |    0    |    0    |    0    |
|          |    sext_ln837_5_fu_845    |    0    |    0    |    0    |
|          |    sext_ln837_6_fu_856    |    0    |    0    |    0    |
|          |    sext_ln837_7_fu_867    |    0    |    0    |    0    |
|          |    sext_ln837_8_fu_878    |    0    |    0    |    0    |
|          |    sext_ln837_9_fu_889    |    0    |    0    |    0    |
|          |    sext_ln837_10_fu_900   |    0    |    0    |    0    |
|          |    sext_ln837_11_fu_911   |    0    |    0    |    0    |
|          |    sext_ln837_12_fu_922   |    0    |    0    |    0    |
|          |    sext_ln837_13_fu_933   |    0    |    0    |    0    |
|          |    sext_ln837_14_fu_944   |    0    |    0    |    0    |
|          |     sext_ln813_fu_955     |    0    |    0    |    0    |
|          |    sext_ln813_18_fu_965   |    0    |    0    |    0    |
|          |    sext_ln813_19_fu_975   |    0    |    0    |    0    |
|          |    sext_ln813_20_fu_985   |    0    |    0    |    0    |
|          |    sext_ln813_21_fu_995   |    0    |    0    |    0    |
|          |   sext_ln813_22_fu_1005   |    0    |    0    |    0    |
|          |   sext_ln813_23_fu_1015   |    0    |    0    |    0    |
|          |   sext_ln813_25_fu_1031   |    0    |    0    |    0    |
|          |   sext_ln813_26_fu_1041   |    0    |    0    |    0    |
|          |   sext_ln813_27_fu_1051   |    0    |    0    |    0    |
|          |   sext_ln813_28_fu_1061   |    0    |    0    |    0    |
|          |   sext_ln813_29_fu_1071   |    0    |    0    |    0    |
|          |   sext_ln813_30_fu_1081   |    0    |    0    |    0    |
|          |   sext_ln813_24_fu_1091   |    0    |    0    |    0    |
|          |   sext_ln813_31_fu_1094   |    0    |    0    |    0    |
|          |    sext_ln1273_fu_1171    |    0    |    0    |    0    |
|          |   sext_ln1273_16_fu_1179  |    0    |    0    |    0    |
|          |   sext_ln1273_17_fu_1187  |    0    |    0    |    0    |
|          |   sext_ln1273_18_fu_1212  |    0    |    0    |    0    |
|          |   sext_ln1273_19_fu_1237  |    0    |    0    |    0    |
|          |   sext_ln1273_20_fu_1262  |    0    |    0    |    0    |
|          |   sext_ln1273_21_fu_1287  |    0    |    0    |    0    |
|          |   sext_ln1273_22_fu_1312  |    0    |    0    |    0    |
|          |   sext_ln1273_23_fu_1337  |    0    |    0    |    0    |
|          |   sext_ln1273_24_fu_1362  |    0    |    0    |    0    |
|          |   sext_ln1273_25_fu_1387  |    0    |    0    |    0    |
|          |   sext_ln1273_26_fu_1412  |    0    |    0    |    0    |
|          |   sext_ln1273_27_fu_1437  |    0    |    0    |    0    |
|          |   sext_ln1273_28_fu_1462  |    0    |    0    |    0    |
|          |   sext_ln1273_29_fu_1487  |    0    |    0    |    0    |
|          |   sext_ln1273_30_fu_1512  |    0    |    0    |    0    |
|          |    sext_ln1198_fu_1665    |    0    |    0    |    0    |
|          |     sext_ln570_fu_2043    |    0    |    0    |    0    |
|          |    sext_ln1348_fu_2150    |    0    |    0    |    0    |
|   sext   |   sext_ln1348_1_fu_2153   |    0    |    0    |    0    |
|          |   sext_ln1273_32_fu_2156  |    0    |    0    |    0    |
|          |   sext_ln1348_2_fu_2160   |    0    |    0    |    0    |
|          |   sext_ln1348_3_fu_2163   |    0    |    0    |    0    |
|          |   sext_ln1348_4_fu_2166   |    0    |    0    |    0    |
|          |   sext_ln1348_5_fu_2169   |    0    |    0    |    0    |
|          |   sext_ln1348_6_fu_2172   |    0    |    0    |    0    |
|          |   sext_ln1348_7_fu_2175   |    0    |    0    |    0    |
|          |   sext_ln1348_8_fu_2178   |    0    |    0    |    0    |
|          |   sext_ln1348_9_fu_2181   |    0    |    0    |    0    |
|          |   sext_ln837_15_fu_2193   |    0    |    0    |    0    |
|          |   sext_ln837_16_fu_2210   |    0    |    0    |    0    |
|          |   sext_ln1348_10_fu_2227  |    0    |    0    |    0    |
|          |   sext_ln1348_11_fu_2230  |    0    |    0    |    0    |
|          |   sext_ln1348_12_fu_2233  |    0    |    0    |    0    |
|          |   sext_ln837_17_fu_2236   |    0    |    0    |    0    |
|          |   sext_ln837_18_fu_2252   |    0    |    0    |    0    |
|          |   sext_ln837_19_fu_2269   |    0    |    0    |    0    |
|          |   sext_ln1348_13_fu_2286  |    0    |    0    |    0    |
|          |   sext_ln1348_14_fu_2289  |    0    |    0    |    0    |
|          |   sext_ln1348_15_fu_2292  |    0    |    0    |    0    |
|          |    sext_ln1347_fu_2303    |    0    |    0    |    0    |
|          |   sext_ln837_20_fu_2319   |    0    |    0    |    0    |
|          |   sext_ln1273_39_fu_2335  |    0    |    0    |    0    |
|          |   sext_ln1273_40_fu_2339  |    0    |    0    |    0    |
|          |   sext_ln1273_42_fu_2356  |    0    |    0    |    0    |
|          |   sext_ln1273_43_fu_2360  |    0    |    0    |    0    |
|          |   sext_ln1348_16_fu_2377  |    0    |    0    |    0    |
|          |   sext_ln1347_3_fu_2408   |    0    |    0    |    0    |
|          |   sext_ln1347_4_fu_2420   |    0    |    0    |    0    |
|          |   sext_ln1347_5_fu_2432   |    0    |    0    |    0    |
|          |   sext_ln1273_45_fu_2436  |    0    |    0    |    0    |
|          |   sext_ln1273_46_fu_2439  |    0    |    0    |    0    |
|          |   sext_ln837_21_fu_2456   |    0    |    0    |    0    |
|          |   sext_ln837_22_fu_2473   |    0    |    0    |    0    |
|          |   sext_ln1347_6_fu_2527   |    0    |    0    |    0    |
|          |   sext_ln1347_7_fu_2539   |    0    |    0    |    0    |
|          |   sext_ln1347_8_fu_2551   |    0    |    0    |    0    |
|          |   sext_ln837_23_fu_2559   |    0    |    0    |    0    |
|          |   sext_ln1273_51_fu_2575  |    0    |    0    |    0    |
|          |   sext_ln1273_52_fu_2579  |    0    |    0    |    0    |
|          |   sext_ln837_24_fu_2596   |    0    |    0    |    0    |
|          |   sext_ln1347_9_fu_2649   |    0    |    0    |    0    |
|          |   sext_ln1347_10_fu_2673  |    0    |    0    |    0    |
|          |   sext_ln837_25_fu_2677   |    0    |    0    |    0    |
|          |   sext_ln837_26_fu_2693   |    0    |    0    |    0    |
|          |   sext_ln1347_11_fu_2736  |    0    |    0    |    0    |
|          |   sext_ln1347_12_fu_2752  |    0    |    0    |    0    |
|          |   sext_ln1347_13_fu_2803  |    0    |    0    |    0    |
|          |   sext_ln1347_14_fu_2815  |    0    |    0    |    0    |
|----------|---------------------------|---------|---------|---------|
|          |       tmp_23_fu_1111      |    0    |    0    |    0    |
|          |       tmp_24_fu_1567      |    0    |    0    |    0    |
|          |     p_Result_9_fu_1626    |    0    |    0    |    0    |
| bitselect|       tmp_27_fu_1748      |    0    |    0    |    0    |
|          |     p_Result_3_fu_1767    |    0    |    0    |    0    |
|          |     p_Result_5_fu_1859    |    0    |    0    |    0    |
|          |    p_Result_12_fu_1930    |    0    |    0    |    0    |
|          |       tmp_30_fu_2114      |    0    |    0    |    0    |
|----------|---------------------------|---------|---------|---------|
|          |   trunc_ln1303_2_fu_1125  |    0    |    0    |    0    |
|          |       tmp_37_fu_1141      |    0    |    0    |    0    |
|          |       tmp_38_fu_1151      |    0    |    0    |    0    |
|          |       tmp_39_fu_1191      |    0    |    0    |    0    |
|          |       tmp_40_fu_1216      |    0    |    0    |    0    |
|          |       tmp_41_fu_1241      |    0    |    0    |    0    |
|          |       tmp_42_fu_1266      |    0    |    0    |    0    |
|          |       tmp_43_fu_1291      |    0    |    0    |    0    |
|          |       tmp_44_fu_1316      |    0    |    0    |    0    |
|          |       tmp_45_fu_1341      |    0    |    0    |    0    |
|          |       tmp_46_fu_1366      |    0    |    0    |    0    |
|          |       tmp_47_fu_1391      |    0    |    0    |    0    |
|          |       tmp_48_fu_1416      |    0    |    0    |    0    |
|          |       tmp_49_fu_1441      |    0    |    0    |    0    |
|          |       tmp_50_fu_1466      |    0    |    0    |    0    |
|          |       tmp_51_fu_1491      |    0    |    0    |    0    |
|          |       tmp_52_fu_1516      |    0    |    0    |    0    |
|          |       tmp_53_fu_1533      |    0    |    0    |    0    |
|          |       tmp_54_fu_1550      |    0    |    0    |    0    |
|          |   trunc_ln1303_4_fu_1580  |    0    |    0    |    0    |
|          |       tmp_56_fu_1590      |    0    |    0    |    0    |
|          |       tmp_55_fu_1604      |    0    |    0    |    0    |
|          |     p_Result_s_fu_1648    |    0    |    0    |    0    |
|          |       tmp_26_fu_1727      |    0    |    0    |    0    |
|          |        m_4_fu_1849        |    0    |    0    |    0    |
|          |      exp_tmp_fu_1938      |    0    |    0    |    0    |
|          |       tmp_31_fu_2027      |    0    |    0    |    0    |
|          |   trunc_ln818_s_fu_2184   |    0    |    0    |    0    |
|          |   trunc_ln818_17_fu_2201  |    0    |    0    |    0    |
|partselect|   trunc_ln818_18_fu_2218  |    0    |    0    |    0    |
|          |   trunc_ln818_19_fu_2243  |    0    |    0    |    0    |
|          |   trunc_ln818_20_fu_2260  |    0    |    0    |    0    |
|          |   trunc_ln818_21_fu_2277  |    0    |    0    |    0    |
|          |   trunc_ln818_22_fu_2326  |    0    |    0    |    0    |
|          |   trunc_ln818_23_fu_2347  |    0    |    0    |    0    |
|          |   trunc_ln818_24_fu_2368  |    0    |    0    |    0    |
|          |   trunc_ln818_16_fu_2380  |    0    |    0    |    0    |
|          |   trunc_ln818_1_fu_2390   |    0    |    0    |    0    |
|          |   trunc_ln818_25_fu_2447  |    0    |    0    |    0    |
|          |   trunc_ln818_26_fu_2464  |    0    |    0    |    0    |
|          |   trunc_ln818_27_fu_2481  |    0    |    0    |    0    |
|          |   trunc_ln818_2_fu_2490   |    0    |    0    |    0    |
|          |   trunc_ln818_3_fu_2500   |    0    |    0    |    0    |
|          |   trunc_ln818_4_fu_2510   |    0    |    0    |    0    |
|          |   trunc_ln818_28_fu_2566  |    0    |    0    |    0    |
|          |   trunc_ln818_29_fu_2587  |    0    |    0    |    0    |
|          |   trunc_ln818_30_fu_2604  |    0    |    0    |    0    |
|          |   trunc_ln818_5_fu_2613   |    0    |    0    |    0    |
|          |   trunc_ln818_6_fu_2623   |    0    |    0    |    0    |
|          |   trunc_ln818_7_fu_2632   |    0    |    0    |    0    |
|          |   trunc_ln818_31_fu_2684  |    0    |    0    |    0    |
|          |   trunc_ln818_8_fu_2701   |    0    |    0    |    0    |
|          |   trunc_ln818_9_fu_2710   |    0    |    0    |    0    |
|          |   trunc_ln818_10_fu_2719  |    0    |    0    |    0    |
|          |   trunc_ln818_11_fu_2768  |    0    |    0    |    0    |
|          |   trunc_ln818_12_fu_2777  |    0    |    0    |    0    |
|          |   trunc_ln818_13_fu_2786  |    0    |    0    |    0    |
|          |   trunc_ln818_14_fu_2819  |    0    |    0    |    0    |
|          |   trunc_ln818_15_fu_2828  |    0    |    0    |    0    |
|----------|---------------------------|---------|---------|---------|
|   cttz   |         l_fu_1669         |    0    |    0    |    0    |
|----------|---------------------------|---------|---------|---------|
|          |    trunc_ln1099_fu_1683   |    0    |    0    |    0    |
|          |    trunc_ln1102_fu_1687   |    0    |    0    |    0    |
|          |    trunc_ln1098_fu_1718   |    0    |    0    |    0    |
|          |         LD_fu_1907        |    0    |    0    |    0    |
|   trunc  |    trunc_ln544_fu_1926    |    0    |    0    |    0    |
|          |    trunc_ln554_fu_1948    |    0    |    0    |    0    |
|          |    trunc_ln572_fu_2023    |    0    |    0    |    0    |
|          |   sext_ln570cast_fu_2051  |    0    |    0    |    0    |
|          |    trunc_ln575_fu_2107    |    0    |    0    |    0    |
|----------|---------------------------|---------|---------|---------|
|  partset |    p_Result_11_fu_1895    |    0    |    0    |    0    |
|----------|---------------------------|---------|---------|---------|
|   Total  |                           |    50   |   205   |   2583  |
|----------|---------------------------|---------|---------|---------|

Memories:
N/A

* Register list:
+-----------------------+--------+
|                       |   FF   |
+-----------------------+--------+
|      LD_reg_3748      |   32   |
| add_ln813_14_reg_3458 |   23   |
|  add_ln813_7_reg_3453 |   23   |
|   and_ln570_reg_3849  |    1   |
| bitcast_ln766_reg_3753|   32   |
|   d_assign_reg_3773   |   32   |
|    exp_tmp_reg_3784   |   11   |
|  icmp_ln1090_reg_3684 |    1   |
|  icmp_ln1102_reg_3718 |    1   |
|  icmp_ln1113_reg_3733 |    1   |
|  icmp_ln560_reg_3794  |    1   |
|  icmp_ln570_reg_3806  |    1   |
|  icmp_ln571_reg_3817  |    1   |
|  icmp_ln574_reg_3839  |    1   |
|  icmp_ln592_reg_3829  |    1   |
|      m_4_reg_3738     |   63   |
|    man_V_2_reg_3801   |   54   |
|     mean_reg_3478     |   16   |
|     or_ln_reg_3728    |    2   |
|  p_Result_12_reg_3779 |    1   |
|  p_Result_5_reg_3743  |    1   |
|  p_Result_9_reg_3689  |    1   |
|  p_Result_s_reg_3701  |   16   |
|    phitmp_reg_3758    |   32   |
| select_ln1090_reg_3763|   32   |
| select_ln571_reg_3844 |   16   |
|sext_ln1273_16_reg_3504|   30   |
|sext_ln1273_17_reg_3510|   30   |
|sext_ln1273_18_reg_3521|   30   |
|sext_ln1273_19_reg_3532|   30   |
|sext_ln1273_20_reg_3543|   30   |
|sext_ln1273_21_reg_3554|   30   |
|sext_ln1273_22_reg_3565|   30   |
|sext_ln1273_23_reg_3576|   30   |
|sext_ln1273_24_reg_3587|   30   |
|sext_ln1273_25_reg_3598|   30   |
|sext_ln1273_26_reg_3609|   30   |
|sext_ln1273_27_reg_3620|   30   |
|sext_ln1273_28_reg_3631|   30   |
|sext_ln1273_29_reg_3642|   30   |
|sext_ln1273_30_reg_3653|   30   |
|sext_ln1273_32_reg_3871|   26   |
|sext_ln1273_39_reg_3971|   26   |
|sext_ln1273_42_reg_3981|   26   |
|sext_ln1273_45_reg_4011|   26   |
|sext_ln1273_51_reg_4076|   26   |
|  sext_ln1273_reg_3498 |   30   |
|sext_ln1347_10_reg_4121|   26   |
|sext_ln1347_12_reg_4166|   26   |
|sext_ln1347_13_reg_4191|   26   |
|sext_ln1347_14_reg_4196|   26   |
| sext_ln1347_3_reg_3996|   26   |
| sext_ln1347_4_reg_4001|   26   |
| sext_ln1347_5_reg_4006|   26   |
| sext_ln1347_6_reg_4051|   26   |
| sext_ln1347_7_reg_4056|   26   |
| sext_ln1347_9_reg_4111|   26   |
|  sext_ln1347_reg_3951 |   26   |
|  sext_ln1348_reg_3854 |   17   |
|  sext_ln570_reg_3834  |   32   |
| sext_ln837_15_reg_3891|   26   |
| sext_ln837_16_reg_3901|   26   |
| sext_ln837_17_reg_3916|   26   |
| sext_ln837_18_reg_3926|   26   |
| sext_ln837_19_reg_3936|   26   |
| sext_ln837_20_reg_3961|   26   |
| sext_ln837_21_reg_4021|   26   |
| sext_ln837_22_reg_4031|   26   |
| sext_ln837_23_reg_4066|   26   |
| sext_ln837_24_reg_4086|   26   |
| sext_ln837_25_reg_4126|   26   |
| sext_ln837_26_reg_4136|   26   |
|    sh_amt_reg_3811    |   12   |
|    shl_ln2_reg_3516   |   30   |
| shl_ln838_10_reg_3637 |   30   |
| shl_ln838_11_reg_3648 |   30   |
| shl_ln838_12_reg_3659 |   30   |
| shl_ln838_13_reg_3664 |   30   |
|  shl_ln838_1_reg_3527 |   30   |
|  shl_ln838_2_reg_3538 |   30   |
|  shl_ln838_3_reg_3549 |   30   |
|  shl_ln838_4_reg_3560 |   30   |
|  shl_ln838_5_reg_3571 |   30   |
|  shl_ln838_6_reg_3582 |   30   |
|  shl_ln838_7_reg_3593 |   30   |
|  shl_ln838_8_reg_3604 |   30   |
|  shl_ln838_9_reg_3615 |   30   |
|  shl_ln838_s_reg_3626 |   30   |
|  sub_ln1099_reg_3706  |   32   |
|    tmp_23_reg_3463    |    1   |
|    tmp_24_reg_3669    |    1   |
|    tmp_37_reg_3468    |   16   |
|    tmp_38_reg_3473    |   16   |
|    tmp_56_reg_3679    |   16   |
|    tmp_V_2_reg_3694   |   16   |
|      tmp_reg_3768     |   32   |
|     tmp_s_reg_3243    |    8   |
| trunc_ln1098_reg_3723 |    8   |
| trunc_ln1099_reg_3713 |   16   |
|trunc_ln1303_4_reg_3674|   20   |
|  trunc_ln554_reg_3789 |   52   |
|  trunc_ln572_reg_3823 |   16   |
|trunc_ln818_10_reg_4156|   16   |
|trunc_ln818_11_reg_4176|   16   |
|trunc_ln818_12_reg_4181|   16   |
|trunc_ln818_13_reg_4186|   16   |
|trunc_ln818_14_reg_4201|   16   |
|trunc_ln818_15_reg_4206|   16   |
|trunc_ln818_18_reg_3911|   16   |
|trunc_ln818_21_reg_3946|   16   |
|trunc_ln818_24_reg_3991|   16   |
|trunc_ln818_27_reg_4041|   16   |
|trunc_ln818_30_reg_4096|   16   |
| trunc_ln818_4_reg_4046|   16   |
| trunc_ln818_6_reg_4101|   16   |
| trunc_ln818_7_reg_4106|   16   |
| trunc_ln818_8_reg_4146|   16   |
| trunc_ln818_9_reg_4151|   16   |
|   x_addr_10_reg_3367  |    8   |
|   x_addr_11_reg_3372  |    8   |
|   x_addr_12_reg_3391  |    8   |
|   x_addr_13_reg_3396  |    8   |
|   x_addr_14_reg_3415  |    8   |
|   x_addr_15_reg_3420  |    8   |
|   x_addr_1_reg_3266   |    8   |
|   x_addr_2_reg_3271   |    8   |
|   x_addr_3_reg_3276   |    8   |
|   x_addr_4_reg_3295   |    8   |
|   x_addr_5_reg_3300   |    8   |
|   x_addr_6_reg_3319   |    8   |
|   x_addr_7_reg_3324   |    8   |
|   x_addr_8_reg_3343   |    8   |
|   x_addr_9_reg_3348   |    8   |
|    x_addr_reg_3261    |    8   |
|   x_load_10_reg_3401  |   16   |
|   x_load_11_reg_3408  |   16   |
|   x_load_12_reg_3425  |   16   |
|   x_load_13_reg_3432  |   16   |
|   x_load_14_reg_3439  |   16   |
|   x_load_15_reg_3446  |   16   |
|   x_load_1_reg_3288   |   16   |
|   x_load_2_reg_3305   |   16   |
|   x_load_3_reg_3312   |   16   |
|   x_load_4_reg_3329   |   16   |
|   x_load_5_reg_3336   |   16   |
|   x_load_6_reg_3353   |   16   |
|   x_load_7_reg_3360   |   16   |
|   x_load_8_reg_3377   |   16   |
|   x_load_9_reg_3384   |   16   |
|    x_load_reg_3281    |   16   |
| zext_ln1273_1_reg_3986|   26   |
| zext_ln1273_2_reg_4016|   26   |
| zext_ln1273_3_reg_4081|   26   |
|  zext_ln1273_reg_3976 |   26   |
| zext_ln1347_1_reg_4061|   26   |
| zext_ln1347_2_reg_4116|   26   |
| zext_ln1347_3_reg_4161|   26   |
| zext_ln1347_4_reg_4171|   26   |
|  zext_ln1347_reg_3956 |   26   |
| zext_ln837_10_reg_4091|   26   |
| zext_ln837_11_reg_4131|   26   |
| zext_ln837_12_reg_4141|   26   |
| zext_ln837_1_reg_3896 |   26   |
| zext_ln837_2_reg_3906 |   26   |
| zext_ln837_3_reg_3921 |   26   |
| zext_ln837_4_reg_3931 |   26   |
| zext_ln837_5_reg_3941 |   26   |
| zext_ln837_6_reg_3966 |   26   |
| zext_ln837_7_reg_4026 |   26   |
| zext_ln837_8_reg_4036 |   26   |
| zext_ln837_9_reg_4071 |   26   |
+-----------------------+--------+
|         Total         |  3551  |
+-----------------------+--------+

* Multiplexer (MUX) list: 
|-------------------|------|------|------|--------||---------||---------|
|        Comp       |  Pin | Size |  BW  | S x BW ||  Delay  ||   LUT   |
|-------------------|------|------|------|--------||---------||---------|
| grp_access_fu_478 |  p0  |  16  |   8  |   128  ||    65   |
| grp_access_fu_478 |  p1  |   8  |  16  |   128  ||    42   |
| grp_access_fu_478 |  p2  |  16  |   0  |    0   ||    65   |
| grp_access_fu_478 |  p4  |   8  |   8  |   64   ||    42   |
|     grp_fu_601    |  p0  |   2  |  32  |   64   ||    9    |
|     grp_fu_614    |  p1  |   2  |  32  |   64   ||    9    |
|    grp_fu_2837    |  p0  |   2  |  16  |   32   ||    9    |
|    grp_fu_2837    |  p1  |   2  |  16  |   32   ||    9    |
|    grp_fu_2844    |  p0  |   3  |  16  |   48   ||    14   |
|    grp_fu_2844    |  p1  |   2  |  16  |   32   ||    9    |
|    grp_fu_2853    |  p0  |   3  |  16  |   48   ||    14   |
|    grp_fu_2853    |  p1  |   2  |  16  |   32   ||    9    |
|    grp_fu_2862    |  p0  |   3  |  16  |   48   ||    14   |
|    grp_fu_2862    |  p1  |   2  |  16  |   32   ||    9    |
|    grp_fu_2871    |  p0  |   3  |  16  |   48   ||    14   |
|    grp_fu_2871    |  p1  |   2  |  16  |   32   ||    9    |
|    grp_fu_2880    |  p0  |   3  |  16  |   48   ||    14   |
|    grp_fu_2880    |  p1  |   2  |  16  |   32   ||    9    |
|    grp_fu_2889    |  p0  |   3  |  16  |   48   ||    14   |
|    grp_fu_2889    |  p1  |   2  |  16  |   32   ||    9    |
|    grp_fu_2898    |  p0  |   3  |  16  |   48   ||    14   |
|    grp_fu_2898    |  p1  |   2  |  16  |   32   ||    9    |
|    grp_fu_2907    |  p0  |   3  |  16  |   48   ||    14   |
|    grp_fu_2907    |  p1  |   2  |  16  |   32   ||    9    |
|    grp_fu_2916    |  p0  |   3  |  16  |   48   ||    14   |
|    grp_fu_2916    |  p1  |   2  |  16  |   32   ||    9    |
|    grp_fu_2925    |  p0  |   3  |  16  |   48   ||    14   |
|    grp_fu_2925    |  p1  |   2  |  16  |   32   ||    9    |
|    grp_fu_2934    |  p0  |   3  |  16  |   48   ||    14   |
|    grp_fu_2934    |  p1  |   2  |  16  |   32   ||    9    |
|    grp_fu_2943    |  p0  |   3  |  16  |   48   ||    14   |
|    grp_fu_2943    |  p1  |   2  |  16  |   32   ||    9    |
|    grp_fu_2952    |  p0  |   3  |  16  |   48   ||    14   |
|    grp_fu_2952    |  p1  |   2  |  16  |   32   ||    9    |
|    grp_fu_2961    |  p0  |   3  |  16  |   48   ||    14   |
|    grp_fu_2961    |  p1  |   2  |  16  |   32   ||    9    |
|    grp_fu_2970    |  p0  |   3  |  16  |   48   ||    14   |
|    grp_fu_2970    |  p1  |   2  |  16  |   32   ||    9    |
|    grp_fu_2981    |  p1  |   2  |  16  |   32   ||    9    |
|    grp_fu_2990    |  p1  |   2  |  16  |   32   ||    9    |
|    grp_fu_2999    |  p1  |   2  |  16  |   32   ||    9    |
|    grp_fu_3008    |  p1  |   2  |  16  |   32   ||    9    |
|    grp_fu_3015    |  p1  |   2  |  16  |   32   ||    9    |
|    grp_fu_3022    |  p1  |   2  |  16  |   32   ||    9    |
|    grp_fu_3029    |  p1  |   2  |  16  |   32   ||    9    |
|    grp_fu_3036    |  p1  |   2  |  16  |   32   ||    9    |
|    grp_fu_3043    |  p1  |   2  |  16  |   32   ||    9    |
|    grp_fu_3050    |  p0  |   3  |  16  |   48   ||    14   |
|    grp_fu_3050    |  p1  |   2  |  11  |   22   ||    9    |
|    grp_fu_3059    |  p0  |   3  |  16  |   48   ||    14   |
|    grp_fu_3059    |  p1  |   2  |  11  |   22   ||    9    |
|    grp_fu_3068    |  p1  |   2  |  16  |   32   ||    9    |
|    grp_fu_3075    |  p1  |   2  |  16  |   32   ||    9    |
|    grp_fu_3082    |  p1  |   2  |  16  |   32   ||    9    |
|    grp_fu_3089    |  p0  |   3  |  16  |   48   ||    14   |
|    grp_fu_3089    |  p1  |   2  |  11  |   22   ||    9    |
|    grp_fu_3098    |  p0  |   3  |  16  |   48   ||    14   |
|    grp_fu_3098    |  p1  |   2  |  11  |   22   ||    9    |
|    grp_fu_3107    |  p0  |   3  |  16  |   48   ||    14   |
|    grp_fu_3107    |  p1  |   2  |  11  |   22   ||    9    |
|    grp_fu_3116    |  p1  |   2  |  16  |   32   ||    9    |
|    grp_fu_3123    |  p1  |   2  |  16  |   32   ||    9    |
|    grp_fu_3130    |  p1  |   2  |  16  |   32   ||    9    |
|    grp_fu_3137    |  p0  |   3  |  16  |   48   ||    14   |
|    grp_fu_3137    |  p1  |   2  |  11  |   22   ||    9    |
|    grp_fu_3146    |  p0  |   3  |  16  |   48   ||    14   |
|    grp_fu_3146    |  p1  |   2  |  10  |   20   ||    9    |
|    grp_fu_3155    |  p0  |   3  |  16  |   48   ||    14   |
|    grp_fu_3155    |  p1  |   2  |  10  |   20   ||    9    |
|    grp_fu_3164    |  p1  |   2  |  16  |   32   ||    9    |
|    grp_fu_3171    |  p0  |   3  |  16  |   48   ||    14   |
|    grp_fu_3171    |  p1  |   2  |  10  |   20   ||    9    |
|    grp_fu_3180    |  p0  |   3  |  16  |   48   ||    14   |
|    grp_fu_3180    |  p1  |   2  |  11  |   22   ||    9    |
|    grp_fu_3189    |  p0  |   3  |  16  |   48   ||    14   |
|    grp_fu_3189    |  p1  |   2  |  11  |   22   ||    9    |
|    grp_fu_3198    |  p0  |   3  |  16  |   48   ||    14   |
|    grp_fu_3198    |  p1  |   2  |  11  |   22   ||    9    |
|    grp_fu_3207    |  p0  |   3  |  16  |   48   ||    14   |
|    grp_fu_3207    |  p1  |   2  |  10  |   20   ||    9    |
|    grp_fu_3216    |  p0  |   3  |  16  |   48   ||    14   |
|    grp_fu_3216    |  p1  |   2  |  11  |   22   ||    9    |
|    grp_fu_3225    |  p0  |   3  |  16  |   48   ||    14   |
|    grp_fu_3225    |  p1  |   2  |  11  |   22   ||    9    |
|    grp_fu_3234    |  p0  |   3  |  16  |   48   ||    14   |
|    grp_fu_3234    |  p1  |   2  |  11  |   22   ||    9    |
|-------------------|------|------|------|--------||---------||---------|
|       Total       |      |      |      |  3336  ||  142.65 ||   1107  |
|-------------------|------|------|------|--------||---------||---------|



* Summary:
+-----------+--------+--------+--------+--------+
|           |   DSP  |  Delay |   FF   |   LUT  |
+-----------+--------+--------+--------+--------+
|  Function |   50   |    -   |   205  |  2583  |
|   Memory  |    -   |    -   |    -   |    -   |
|Multiplexer|    -   |   142  |    -   |  1107  |
|  Register |    -   |    -   |  3551  |    -   |
+-----------+--------+--------+--------+--------+
|   Total   |   50   |   142  |  3756  |  3690  |
+-----------+--------+--------+--------+--------+
