

================================================================
== Vitis HLS Report for 'q16_qksv3_s20_Pipeline_VITIS_LOOP_256_5'
================================================================
* Date:           Fri Jul  3 20:13:36 2026

* Version:        2022.2 (Build 3670227 on Oct 13 2022)
* Project:        q16_qksv3_s20_hls
* Solution:       solution1 (Vivado IP Flow Target)
* Product family: zynq
* Target device:  xc7z020-clg400-1


================================================================
== Performance Estimates
================================================================
+ Timing: 
    * Summary: 
    +--------+----------+----------+------------+
    |  Clock |  Target  | Estimated| Uncertainty|
    +--------+----------+----------+------------+
    |ap_clk  |  10.00 ns|  7.256 ns|     2.70 ns|
    +--------+----------+----------+------------+

+ Latency: 
    * Summary: 
    +---------+---------+-----------+-----------+------+------+---------+
    |  Latency (cycles) |   Latency (absolute)  |   Interval  | Pipeline|
    |   min   |   max   |    min    |    max    |  min |  max |   Type  |
    +---------+---------+-----------+-----------+------+------+---------+
    |     1172|     1172|  11.720 us|  11.720 us|  1172|  1172|       no|
    +---------+---------+-----------+-----------+------+------+---------+

    + Detail: 
        * Instance: 
        +------------------------+--------------+---------+---------+----------+----------+-----+-----+---------+
        |                        |              |  Latency (cycles) |  Latency (absolute) |  Interval | Pipeline|
        |        Instance        |    Module    |   min   |   max   |    min   |    max   | min | max |   Type  |
        +------------------------+--------------+---------+---------+----------+----------+-----+-----+---------+
        |grp_layer_norm_1_fu_96  |layer_norm_1  |       89|       89|  0.890 us|  0.890 us|   90|   90|      yes|
        +------------------------+--------------+---------+---------+----------+----------+-----+-----+---------+

        * Loop: 
        +--------------------+---------+---------+----------+-----------+-----------+------+----------+
        |                    |  Latency (cycles) | Iteration|  Initiation Interval  | Trip |          |
        |      Loop Name     |   min   |   max   |  Latency |  achieved |   target  | Count| Pipelined|
        +--------------------+---------+---------+----------+-----------+-----------+------+----------+
        |- VITIS_LOOP_256_5  |     1170|     1170|        91|         90|          1|    13|       yes|
        +--------------------+---------+---------+----------+-----------+-----------+------+----------+



================================================================
== Utilization Estimates
================================================================
* Summary: 
+-----------------+---------+-----+--------+-------+-----+
|       Name      | BRAM_18K| DSP |   FF   |  LUT  | URAM|
+-----------------+---------+-----+--------+-------+-----+
|DSP              |        -|    -|       -|      -|    -|
|Expression       |        -|    -|       0|     24|    -|
|FIFO             |        -|    -|       -|      -|    -|
|Instance         |        -|   50|    1788|   3624|    -|
|Memory           |        -|    -|       -|      -|    -|
|Multiplexer      |        -|    -|       -|    512|    -|
|Register         |        -|    -|     107|      -|    -|
+-----------------+---------+-----+--------+-------+-----+
|Total            |        0|   50|    1895|   4160|    0|
+-----------------+---------+-----+--------+-------+-----+
|Available        |      280|  220|  106400|  53200|    0|
+-----------------+---------+-----+--------+-------+-----+
|Utilization (%)  |        0|   22|       1|      7|    0|
+-----------------+---------+-----+--------+-------+-----+

+ Detail: 
    * Instance: 
    +------------------------+--------------+---------+----+------+------+-----+
    |        Instance        |    Module    | BRAM_18K| DSP|  FF  |  LUT | URAM|
    +------------------------+--------------+---------+----+------+------+-----+
    |grp_layer_norm_1_fu_96  |layer_norm_1  |        0|  50|  1788|  3624|    0|
    +------------------------+--------------+---------+----+------+------+-----+
    |Total                   |              |        0|  50|  1788|  3624|    0|
    +------------------------+--------------+---------+----+------+------+-----+

    * DSP: 
    N/A

    * Memory: 
    N/A

    * FIFO: 
    N/A

    * Expression: 
    +----------------------+----------+----+---+----+------------+------------+
    |     Variable Name    | Operation| DSP| FF| LUT| Bitwidth P0| Bitwidth P1|
    +----------------------+----------+----+---+----+------------+------------+
    |add_ln256_fu_181_p2   |         +|   0|  0|  13|           4|           1|
    |icmp_ln256_fu_175_p2  |      icmp|   0|  0|   9|           4|           3|
    |ap_enable_pp0         |       xor|   0|  0|   2|           1|           2|
    +----------------------+----------+----+---+----+------------+------------+
    |Total                 |          |   0|  0|  24|           9|           6|
    +----------------------+----------+----+---+----+------------+------------+

    * Multiplexer: 
    +-----------------------------+-----+-----------+-----+-----------+
    |             Name            | LUT | Input Size| Bits| Total Bits|
    +-----------------------------+-----+-----------+-----+-----------+
    |ap_NS_fsm                    |  458|         91|    1|         91|
    |ap_done_int                  |    9|          2|    1|          2|
    |ap_enable_reg_pp0_iter0      |    9|          2|    1|          2|
    |ap_enable_reg_pp0_iter0_reg  |    9|          2|    1|          2|
    |ap_enable_reg_pp0_iter1      |    9|          2|    1|          2|
    |ap_sig_allocacmp_t_2         |    9|          2|    4|          8|
    |t_fu_92                      |    9|          2|    4|          8|
    +-----------------------------+-----+-----------+-----+-----------+
    |Total                        |  512|        103|   13|        115|
    +-----------------------------+-----+-----------+-----+-----------+

    * Register: 
    +-------------------------------------+----+----+-----+-----------+
    |                 Name                | FF | LUT| Bits| Const Bits|
    +-------------------------------------+----+----+-----+-----------+
    |add_ln256_reg_207                    |   4|   0|    4|          0|
    |ap_CS_fsm                            |  90|   0|   90|          0|
    |ap_done_reg                          |   1|   0|    1|          0|
    |ap_enable_reg_pp0_iter0_reg          |   1|   0|    1|          0|
    |ap_enable_reg_pp0_iter1              |   1|   0|    1|          0|
    |grp_layer_norm_1_fu_96_ap_start_reg  |   1|   0|    1|          0|
    |icmp_ln256_reg_203                   |   1|   0|    1|          0|
    |t_2_reg_198                          |   4|   0|    4|          0|
    |t_fu_92                              |   4|   0|    4|          0|
    +-------------------------------------+----+----+-----+-----------+
    |Total                                | 107|   0|  107|          0|
    +-------------------------------------+----+----+-----+-----------+



================================================================
== Interface
================================================================
* Summary: 
+--------------+-----+-----+------------+-----------------------------------------+--------------+
|   RTL Ports  | Dir | Bits|  Protocol  |              Source Object              |    C Type    |
+--------------+-----+-----+------------+-----------------------------------------+--------------+
|ap_clk        |   in|    1|  ap_ctrl_hs|  q16_qksv3_s20_Pipeline_VITIS_LOOP_256_5|  return value|
|ap_rst        |   in|    1|  ap_ctrl_hs|  q16_qksv3_s20_Pipeline_VITIS_LOOP_256_5|  return value|
|ap_start      |   in|    1|  ap_ctrl_hs|  q16_qksv3_s20_Pipeline_VITIS_LOOP_256_5|  return value|
|ap_done       |  out|    1|  ap_ctrl_hs|  q16_qksv3_s20_Pipeline_VITIS_LOOP_256_5|  return value|
|ap_idle       |  out|    1|  ap_ctrl_hs|  q16_qksv3_s20_Pipeline_VITIS_LOOP_256_5|  return value|
|ap_ready      |  out|    1|  ap_ctrl_hs|  q16_qksv3_s20_Pipeline_VITIS_LOOP_256_5|  return value|
|x_V_address0  |  out|    8|   ap_memory|                                      x_V|         array|
|x_V_ce0       |  out|    1|   ap_memory|                                      x_V|         array|
|x_V_we0       |  out|    1|   ap_memory|                                      x_V|         array|
|x_V_d0        |  out|   16|   ap_memory|                                      x_V|         array|
|x_V_q0        |   in|   16|   ap_memory|                                      x_V|         array|
|x_V_address1  |  out|    8|   ap_memory|                                      x_V|         array|
|x_V_ce1       |  out|    1|   ap_memory|                                      x_V|         array|
|x_V_we1       |  out|    1|   ap_memory|                                      x_V|         array|
|x_V_d1        |  out|   16|   ap_memory|                                      x_V|         array|
|x_V_q1        |   in|   16|   ap_memory|                                      x_V|         array|
+--------------+-----+-----+------------+-----------------------------------------+--------------+

============================================================
+ Verbose Summary: Synthesis Manager
============================================================
InlineROM: 1
ExposeGlobal: 0
============================================================
+ Verbose Summary: CDFG Model
============================================================
IsTopModel: 0
ResetActiveHigh: 1
IsCombinational: 2
IsDatapathOnly: 2
HasWiredReturn: 1
HasMFsm: 2
HasVarLatency: 1
IsPipeline: 0
IsRtlPipelined: 0
IsInstanceOverlapped: 0
IsDontTouch: 0
HasImplIP: 0
IsGatedGlobalClock: 0

+ Individual pipeline summary: 
  * Pipeline-0: initiation interval (II) = 90, depth = 91


============================================================
+ Verbose Summary: Schedule
============================================================
* Number of FSM states : 91
* Pipeline : 1
  Pipeline-0 : II = 90, D = 91, States = { 1 2 3 4 5 6 7 8 9 10 11 12 13 14 15 16 17 18 19 20 21 22 23 24 25 26 27 28 29 30 31 32 33 34 35 36 37 38 39 40 41 42 43 44 45 46 47 48 49 50 51 52 53 54 55 56 57 58 59 60 61 62 63 64 65 66 67 68 69 70 71 72 73 74 75 76 77 78 79 80 81 82 83 84 85 86 87 88 89 90 91 }
* Dataflow Pipeline: 0

* FSM state transitions: 
1 --> 2 
2 --> 3 
3 --> 4 
4 --> 5 
5 --> 6 
6 --> 7 
7 --> 8 
8 --> 9 
9 --> 10 
10 --> 11 
11 --> 12 
12 --> 13 
13 --> 14 
14 --> 15 
15 --> 16 
16 --> 17 
17 --> 18 
18 --> 19 
19 --> 20 
20 --> 21 
21 --> 22 
22 --> 23 
23 --> 24 
24 --> 25 
25 --> 26 
26 --> 27 
27 --> 28 
28 --> 29 
29 --> 30 
30 --> 31 
31 --> 32 
32 --> 33 
33 --> 34 
34 --> 35 
35 --> 36 
36 --> 37 
37 --> 38 
38 --> 39 
39 --> 40 
40 --> 41 
41 --> 42 
42 --> 43 
43 --> 44 
44 --> 45 
45 --> 46 
46 --> 47 
47 --> 48 
48 --> 49 
49 --> 50 
50 --> 51 
51 --> 52 
52 --> 53 
53 --> 54 
54 --> 55 
55 --> 56 
56 --> 57 
57 --> 58 
58 --> 59 
59 --> 60 
60 --> 61 
61 --> 62 
62 --> 63 
63 --> 64 
64 --> 65 
65 --> 66 
66 --> 67 
67 --> 68 
68 --> 69 
69 --> 70 
70 --> 71 
71 --> 72 
72 --> 73 
73 --> 74 
74 --> 75 
75 --> 76 
76 --> 77 
77 --> 78 
78 --> 79 
79 --> 80 
80 --> 81 
81 --> 82 
82 --> 83 
83 --> 84 
84 --> 85 
85 --> 86 
86 --> 87 
87 --> 88 
88 --> 89 
89 --> 90 
90 --> 91 
91 --> 

* FSM state operations: 

State 1 <SV = 0> <Delay = 1.73>
ST_1 : Operation 94 [1/1] (0.00ns)   --->   "%t = alloca i32 1"   --->   Operation 94 'alloca' 't' <Predicate = true> <Delay = 0.00>
ST_1 : Operation 95 [1/1] (1.58ns)   --->   "%store_ln0 = store i4 0, i4 %t"   --->   Operation 95 'store' 'store_ln0' <Predicate = true> <Delay = 1.58>
ST_1 : Operation 96 [1/1] (0.00ns)   --->   "%br_ln0 = br void %for.inc62"   --->   Operation 96 'br' 'br_ln0' <Predicate = true> <Delay = 0.00>
ST_1 : Operation 97 [1/1] (0.00ns)   --->   "%t_2 = load i4 %t" [/home/cym/prj2/finn/notebooks/icl_thesis-master/experiments/qks_v3_s0_s10_s20_s30_exploratory_hls/q16_qksv3_s20/src/q16_qksv3_s20.cpp:256]   --->   Operation 97 'load' 't_2' <Predicate = true> <Delay = 0.00>
ST_1 : Operation 98 [1/1] (0.00ns)   --->   "%specpipeline_ln0 = specpipeline void @_ssdm_op_SpecPipeline, i32 4294967295, i32 0, i32 1, i32 0, void @p_str"   --->   Operation 98 'specpipeline' 'specpipeline_ln0' <Predicate = true> <Delay = 0.00>
ST_1 : Operation 99 [1/1] (1.30ns)   --->   "%icmp_ln256 = icmp_eq  i4 %t_2, i4 13" [/home/cym/prj2/finn/notebooks/icl_thesis-master/experiments/qks_v3_s0_s10_s20_s30_exploratory_hls/q16_qksv3_s20/src/q16_qksv3_s20.cpp:256]   --->   Operation 99 'icmp' 'icmp_ln256' <Predicate = true> <Delay = 1.30> <CoreInst = "Cmp">   --->   Core 9 'Cmp' <Latency = 0> <II = 1> <Delay = 1.30> <FuncUnit> <Opcode : 'icmp'> <InPorts = 2> <OutPorts = 1>
ST_1 : Operation 100 [1/1] (0.00ns)   --->   "%empty = speclooptripcount i32 @_ssdm_op_SpecLoopTripCount, i64 13, i64 13, i64 13"   --->   Operation 100 'speclooptripcount' 'empty' <Predicate = true> <Delay = 0.00>
ST_1 : Operation 101 [1/1] (1.73ns)   --->   "%add_ln256 = add i4 %t_2, i4 1" [/home/cym/prj2/finn/notebooks/icl_thesis-master/experiments/qks_v3_s0_s10_s20_s30_exploratory_hls/q16_qksv3_s20/src/q16_qksv3_s20.cpp:256]   --->   Operation 101 'add' 'add_ln256' <Predicate = true> <Delay = 1.73> <CoreInst = "Adder">   --->   Core 1 'Adder' <Latency = 0> <II = 1> <Delay = 1.73> <FuncUnit> <Opcode : 'add' 'sub'> <InPorts = 2> <OutPorts = 1>
ST_1 : Operation 102 [1/1] (0.00ns)   --->   "%br_ln256 = br i1 %icmp_ln256, void %for.inc62.split, void %for.body82.preheader.exitStub" [/home/cym/prj2/finn/notebooks/icl_thesis-master/experiments/qks_v3_s0_s10_s20_s30_exploratory_hls/q16_qksv3_s20/src/q16_qksv3_s20.cpp:256]   --->   Operation 102 'br' 'br_ln256' <Predicate = true> <Delay = 0.00>
ST_1 : Operation 196 [1/1] (0.00ns)   --->   "%ret_ln0 = ret"   --->   Operation 196 'ret' 'ret_ln0' <Predicate = (icmp_ln256)> <Delay = 0.00>

State 2 <SV = 1> <Delay = 3.25>
ST_2 : Operation 103 [90/90] (3.25ns)   --->   "%call_ln257 = call void @layer_norm.1, i16 %x_V, i4 %t_2, i11 1096, i11 711, i11 1190, i11 1020, i11 1052, i11 918, i8 197, i8 166, i7 99, i11 939, i11 1273, i11 889, i7 109, i11 1101, i11 1092, i11 990, i6 33, i6 56, i7 108, i7 105, i5 1, i6 36, i6 53, i5 9, i8 25, i6 5, i7 120, i4 7, i6 37, i5 23, i7 113, i8 63" [/home/cym/prj2/finn/notebooks/icl_thesis-master/experiments/qks_v3_s0_s10_s20_s30_exploratory_hls/q16_qksv3_s20/src/q16_qksv3_s20.cpp:257]   --->   Operation 103 'call' 'call_ln257' <Predicate = (!icmp_ln256)> <Delay = 3.25> <CoreType = "Generic">   --->   Core 0 '' <Latency = 0> <II = 1> <Delay = 1.00> <Generic> <Opcode : >
ST_2 : Operation 104 [1/1] (1.58ns)   --->   "%store_ln256 = store i4 %add_ln256, i4 %t" [/home/cym/prj2/finn/notebooks/icl_thesis-master/experiments/qks_v3_s0_s10_s20_s30_exploratory_hls/q16_qksv3_s20/src/q16_qksv3_s20.cpp:256]   --->   Operation 104 'store' 'store_ln256' <Predicate = (!icmp_ln256)> <Delay = 1.58>

State 3 <SV = 2> <Delay = 7.25>
ST_3 : Operation 105 [89/90] (7.25ns)   --->   "%call_ln257 = call void @layer_norm.1, i16 %x_V, i4 %t_2, i11 1096, i11 711, i11 1190, i11 1020, i11 1052, i11 918, i8 197, i8 166, i7 99, i11 939, i11 1273, i11 889, i7 109, i11 1101, i11 1092, i11 990, i6 33, i6 56, i7 108, i7 105, i5 1, i6 36, i6 53, i5 9, i8 25, i6 5, i7 120, i4 7, i6 37, i5 23, i7 113, i8 63" [/home/cym/prj2/finn/notebooks/icl_thesis-master/experiments/qks_v3_s0_s10_s20_s30_exploratory_hls/q16_qksv3_s20/src/q16_qksv3_s20.cpp:257]   --->   Operation 105 'call' 'call_ln257' <Predicate = (!icmp_ln256)> <Delay = 7.25> <CoreType = "Generic">   --->   Core 0 '' <Latency = 0> <II = 1> <Delay = 1.00> <Generic> <Opcode : >

State 4 <SV = 3> <Delay = 7.25>
ST_4 : Operation 106 [88/90] (7.25ns)   --->   "%call_ln257 = call void @layer_norm.1, i16 %x_V, i4 %t_2, i11 1096, i11 711, i11 1190, i11 1020, i11 1052, i11 918, i8 197, i8 166, i7 99, i11 939, i11 1273, i11 889, i7 109, i11 1101, i11 1092, i11 990, i6 33, i6 56, i7 108, i7 105, i5 1, i6 36, i6 53, i5 9, i8 25, i6 5, i7 120, i4 7, i6 37, i5 23, i7 113, i8 63" [/home/cym/prj2/finn/notebooks/icl_thesis-master/experiments/qks_v3_s0_s10_s20_s30_exploratory_hls/q16_qksv3_s20/src/q16_qksv3_s20.cpp:257]   --->   Operation 106 'call' 'call_ln257' <Predicate = (!icmp_ln256)> <Delay = 7.25> <CoreType = "Generic">   --->   Core 0 '' <Latency = 0> <II = 1> <Delay = 1.00> <Generic> <Opcode : >

State 5 <SV = 4> <Delay = 7.25>
ST_5 : Operation 107 [87/90] (7.25ns)   --->   "%call_ln257 = call void @layer_norm.1, i16 %x_V, i4 %t_2, i11 1096, i11 711, i11 1190, i11 1020, i11 1052, i11 918, i8 197, i8 166, i7 99, i11 939, i11 1273, i11 889, i7 109, i11 1101, i11 1092, i11 990, i6 33, i6 56, i7 108, i7 105, i5 1, i6 36, i6 53, i5 9, i8 25, i6 5, i7 120, i4 7, i6 37, i5 23, i7 113, i8 63" [/home/cym/prj2/finn/notebooks/icl_thesis-master/experiments/qks_v3_s0_s10_s20_s30_exploratory_hls/q16_qksv3_s20/src/q16_qksv3_s20.cpp:257]   --->   Operation 107 'call' 'call_ln257' <Predicate = (!icmp_ln256)> <Delay = 7.25> <CoreType = "Generic">   --->   Core 0 '' <Latency = 0> <II = 1> <Delay = 1.00> <Generic> <Opcode : >

State 6 <SV = 5> <Delay = 7.25>
ST_6 : Operation 108 [86/90] (7.25ns)   --->   "%call_ln257 = call void @layer_norm.1, i16 %x_V, i4 %t_2, i11 1096, i11 711, i11 1190, i11 1020, i11 1052, i11 918, i8 197, i8 166, i7 99, i11 939, i11 1273, i11 889, i7 109, i11 1101, i11 1092, i11 990, i6 33, i6 56, i7 108, i7 105, i5 1, i6 36, i6 53, i5 9, i8 25, i6 5, i7 120, i4 7, i6 37, i5 23, i7 113, i8 63" [/home/cym/prj2/finn/notebooks/icl_thesis-master/experiments/qks_v3_s0_s10_s20_s30_exploratory_hls/q16_qksv3_s20/src/q16_qksv3_s20.cpp:257]   --->   Operation 108 'call' 'call_ln257' <Predicate = (!icmp_ln256)> <Delay = 7.25> <CoreType = "Generic">   --->   Core 0 '' <Latency = 0> <II = 1> <Delay = 1.00> <Generic> <Opcode : >

State 7 <SV = 6> <Delay = 7.25>
ST_7 : Operation 109 [85/90] (7.25ns)   --->   "%call_ln257 = call void @layer_norm.1, i16 %x_V, i4 %t_2, i11 1096, i11 711, i11 1190, i11 1020, i11 1052, i11 918, i8 197, i8 166, i7 99, i11 939, i11 1273, i11 889, i7 109, i11 1101, i11 1092, i11 990, i6 33, i6 56, i7 108, i7 105, i5 1, i6 36, i6 53, i5 9, i8 25, i6 5, i7 120, i4 7, i6 37, i5 23, i7 113, i8 63" [/home/cym/prj2/finn/notebooks/icl_thesis-master/experiments/qks_v3_s0_s10_s20_s30_exploratory_hls/q16_qksv3_s20/src/q16_qksv3_s20.cpp:257]   --->   Operation 109 'call' 'call_ln257' <Predicate = (!icmp_ln256)> <Delay = 7.25> <CoreType = "Generic">   --->   Core 0 '' <Latency = 0> <II = 1> <Delay = 1.00> <Generic> <Opcode : >

State 8 <SV = 7> <Delay = 7.25>
ST_8 : Operation 110 [84/90] (7.25ns)   --->   "%call_ln257 = call void @layer_norm.1, i16 %x_V, i4 %t_2, i11 1096, i11 711, i11 1190, i11 1020, i11 1052, i11 918, i8 197, i8 166, i7 99, i11 939, i11 1273, i11 889, i7 109, i11 1101, i11 1092, i11 990, i6 33, i6 56, i7 108, i7 105, i5 1, i6 36, i6 53, i5 9, i8 25, i6 5, i7 120, i4 7, i6 37, i5 23, i7 113, i8 63" [/home/cym/prj2/finn/notebooks/icl_thesis-master/experiments/qks_v3_s0_s10_s20_s30_exploratory_hls/q16_qksv3_s20/src/q16_qksv3_s20.cpp:257]   --->   Operation 110 'call' 'call_ln257' <Predicate = (!icmp_ln256)> <Delay = 7.25> <CoreType = "Generic">   --->   Core 0 '' <Latency = 0> <II = 1> <Delay = 1.00> <Generic> <Opcode : >

State 9 <SV = 8> <Delay = 7.25>
ST_9 : Operation 111 [83/90] (7.25ns)   --->   "%call_ln257 = call void @layer_norm.1, i16 %x_V, i4 %t_2, i11 1096, i11 711, i11 1190, i11 1020, i11 1052, i11 918, i8 197, i8 166, i7 99, i11 939, i11 1273, i11 889, i7 109, i11 1101, i11 1092, i11 990, i6 33, i6 56, i7 108, i7 105, i5 1, i6 36, i6 53, i5 9, i8 25, i6 5, i7 120, i4 7, i6 37, i5 23, i7 113, i8 63" [/home/cym/prj2/finn/notebooks/icl_thesis-master/experiments/qks_v3_s0_s10_s20_s30_exploratory_hls/q16_qksv3_s20/src/q16_qksv3_s20.cpp:257]   --->   Operation 111 'call' 'call_ln257' <Predicate = (!icmp_ln256)> <Delay = 7.25> <CoreType = "Generic">   --->   Core 0 '' <Latency = 0> <II = 1> <Delay = 1.00> <Generic> <Opcode : >

State 10 <SV = 9> <Delay = 7.25>
ST_10 : Operation 112 [82/90] (7.25ns)   --->   "%call_ln257 = call void @layer_norm.1, i16 %x_V, i4 %t_2, i11 1096, i11 711, i11 1190, i11 1020, i11 1052, i11 918, i8 197, i8 166, i7 99, i11 939, i11 1273, i11 889, i7 109, i11 1101, i11 1092, i11 990, i6 33, i6 56, i7 108, i7 105, i5 1, i6 36, i6 53, i5 9, i8 25, i6 5, i7 120, i4 7, i6 37, i5 23, i7 113, i8 63" [/home/cym/prj2/finn/notebooks/icl_thesis-master/experiments/qks_v3_s0_s10_s20_s30_exploratory_hls/q16_qksv3_s20/src/q16_qksv3_s20.cpp:257]   --->   Operation 112 'call' 'call_ln257' <Predicate = (!icmp_ln256)> <Delay = 7.25> <CoreType = "Generic">   --->   Core 0 '' <Latency = 0> <II = 1> <Delay = 1.00> <Generic> <Opcode : >

State 11 <SV = 10> <Delay = 7.25>
ST_11 : Operation 113 [81/90] (7.25ns)   --->   "%call_ln257 = call void @layer_norm.1, i16 %x_V, i4 %t_2, i11 1096, i11 711, i11 1190, i11 1020, i11 1052, i11 918, i8 197, i8 166, i7 99, i11 939, i11 1273, i11 889, i7 109, i11 1101, i11 1092, i11 990, i6 33, i6 56, i7 108, i7 105, i5 1, i6 36, i6 53, i5 9, i8 25, i6 5, i7 120, i4 7, i6 37, i5 23, i7 113, i8 63" [/home/cym/prj2/finn/notebooks/icl_thesis-master/experiments/qks_v3_s0_s10_s20_s30_exploratory_hls/q16_qksv3_s20/src/q16_qksv3_s20.cpp:257]   --->   Operation 113 'call' 'call_ln257' <Predicate = (!icmp_ln256)> <Delay = 7.25> <CoreType = "Generic">   --->   Core 0 '' <Latency = 0> <II = 1> <Delay = 1.00> <Generic> <Opcode : >

State 12 <SV = 11> <Delay = 7.25>
ST_12 : Operation 114 [80/90] (7.25ns)   --->   "%call_ln257 = call void @layer_norm.1, i16 %x_V, i4 %t_2, i11 1096, i11 711, i11 1190, i11 1020, i11 1052, i11 918, i8 197, i8 166, i7 99, i11 939, i11 1273, i11 889, i7 109, i11 1101, i11 1092, i11 990, i6 33, i6 56, i7 108, i7 105, i5 1, i6 36, i6 53, i5 9, i8 25, i6 5, i7 120, i4 7, i6 37, i5 23, i7 113, i8 63" [/home/cym/prj2/finn/notebooks/icl_thesis-master/experiments/qks_v3_s0_s10_s20_s30_exploratory_hls/q16_qksv3_s20/src/q16_qksv3_s20.cpp:257]   --->   Operation 114 'call' 'call_ln257' <Predicate = (!icmp_ln256)> <Delay = 7.25> <CoreType = "Generic">   --->   Core 0 '' <Latency = 0> <II = 1> <Delay = 1.00> <Generic> <Opcode : >

State 13 <SV = 12> <Delay = 7.25>
ST_13 : Operation 115 [79/90] (7.25ns)   --->   "%call_ln257 = call void @layer_norm.1, i16 %x_V, i4 %t_2, i11 1096, i11 711, i11 1190, i11 1020, i11 1052, i11 918, i8 197, i8 166, i7 99, i11 939, i11 1273, i11 889, i7 109, i11 1101, i11 1092, i11 990, i6 33, i6 56, i7 108, i7 105, i5 1, i6 36, i6 53, i5 9, i8 25, i6 5, i7 120, i4 7, i6 37, i5 23, i7 113, i8 63" [/home/cym/prj2/finn/notebooks/icl_thesis-master/experiments/qks_v3_s0_s10_s20_s30_exploratory_hls/q16_qksv3_s20/src/q16_qksv3_s20.cpp:257]   --->   Operation 115 'call' 'call_ln257' <Predicate = (!icmp_ln256)> <Delay = 7.25> <CoreType = "Generic">   --->   Core 0 '' <Latency = 0> <II = 1> <Delay = 1.00> <Generic> <Opcode : >

State 14 <SV = 13> <Delay = 7.25>
ST_14 : Operation 116 [78/90] (7.25ns)   --->   "%call_ln257 = call void @layer_norm.1, i16 %x_V, i4 %t_2, i11 1096, i11 711, i11 1190, i11 1020, i11 1052, i11 918, i8 197, i8 166, i7 99, i11 939, i11 1273, i11 889, i7 109, i11 1101, i11 1092, i11 990, i6 33, i6 56, i7 108, i7 105, i5 1, i6 36, i6 53, i5 9, i8 25, i6 5, i7 120, i4 7, i6 37, i5 23, i7 113, i8 63" [/home/cym/prj2/finn/notebooks/icl_thesis-master/experiments/qks_v3_s0_s10_s20_s30_exploratory_hls/q16_qksv3_s20/src/q16_qksv3_s20.cpp:257]   --->   Operation 116 'call' 'call_ln257' <Predicate = (!icmp_ln256)> <Delay = 7.25> <CoreType = "Generic">   --->   Core 0 '' <Latency = 0> <II = 1> <Delay = 1.00> <Generic> <Opcode : >

State 15 <SV = 14> <Delay = 7.25>
ST_15 : Operation 117 [77/90] (7.25ns)   --->   "%call_ln257 = call void @layer_norm.1, i16 %x_V, i4 %t_2, i11 1096, i11 711, i11 1190, i11 1020, i11 1052, i11 918, i8 197, i8 166, i7 99, i11 939, i11 1273, i11 889, i7 109, i11 1101, i11 1092, i11 990, i6 33, i6 56, i7 108, i7 105, i5 1, i6 36, i6 53, i5 9, i8 25, i6 5, i7 120, i4 7, i6 37, i5 23, i7 113, i8 63" [/home/cym/prj2/finn/notebooks/icl_thesis-master/experiments/qks_v3_s0_s10_s20_s30_exploratory_hls/q16_qksv3_s20/src/q16_qksv3_s20.cpp:257]   --->   Operation 117 'call' 'call_ln257' <Predicate = (!icmp_ln256)> <Delay = 7.25> <CoreType = "Generic">   --->   Core 0 '' <Latency = 0> <II = 1> <Delay = 1.00> <Generic> <Opcode : >

State 16 <SV = 15> <Delay = 7.25>
ST_16 : Operation 118 [76/90] (7.25ns)   --->   "%call_ln257 = call void @layer_norm.1, i16 %x_V, i4 %t_2, i11 1096, i11 711, i11 1190, i11 1020, i11 1052, i11 918, i8 197, i8 166, i7 99, i11 939, i11 1273, i11 889, i7 109, i11 1101, i11 1092, i11 990, i6 33, i6 56, i7 108, i7 105, i5 1, i6 36, i6 53, i5 9, i8 25, i6 5, i7 120, i4 7, i6 37, i5 23, i7 113, i8 63" [/home/cym/prj2/finn/notebooks/icl_thesis-master/experiments/qks_v3_s0_s10_s20_s30_exploratory_hls/q16_qksv3_s20/src/q16_qksv3_s20.cpp:257]   --->   Operation 118 'call' 'call_ln257' <Predicate = (!icmp_ln256)> <Delay = 7.25> <CoreType = "Generic">   --->   Core 0 '' <Latency = 0> <II = 1> <Delay = 1.00> <Generic> <Opcode : >

State 17 <SV = 16> <Delay = 7.25>
ST_17 : Operation 119 [75/90] (7.25ns)   --->   "%call_ln257 = call void @layer_norm.1, i16 %x_V, i4 %t_2, i11 1096, i11 711, i11 1190, i11 1020, i11 1052, i11 918, i8 197, i8 166, i7 99, i11 939, i11 1273, i11 889, i7 109, i11 1101, i11 1092, i11 990, i6 33, i6 56, i7 108, i7 105, i5 1, i6 36, i6 53, i5 9, i8 25, i6 5, i7 120, i4 7, i6 37, i5 23, i7 113, i8 63" [/home/cym/prj2/finn/notebooks/icl_thesis-master/experiments/qks_v3_s0_s10_s20_s30_exploratory_hls/q16_qksv3_s20/src/q16_qksv3_s20.cpp:257]   --->   Operation 119 'call' 'call_ln257' <Predicate = (!icmp_ln256)> <Delay = 7.25> <CoreType = "Generic">   --->   Core 0 '' <Latency = 0> <II = 1> <Delay = 1.00> <Generic> <Opcode : >

State 18 <SV = 17> <Delay = 7.25>
ST_18 : Operation 120 [74/90] (7.25ns)   --->   "%call_ln257 = call void @layer_norm.1, i16 %x_V, i4 %t_2, i11 1096, i11 711, i11 1190, i11 1020, i11 1052, i11 918, i8 197, i8 166, i7 99, i11 939, i11 1273, i11 889, i7 109, i11 1101, i11 1092, i11 990, i6 33, i6 56, i7 108, i7 105, i5 1, i6 36, i6 53, i5 9, i8 25, i6 5, i7 120, i4 7, i6 37, i5 23, i7 113, i8 63" [/home/cym/prj2/finn/notebooks/icl_thesis-master/experiments/qks_v3_s0_s10_s20_s30_exploratory_hls/q16_qksv3_s20/src/q16_qksv3_s20.cpp:257]   --->   Operation 120 'call' 'call_ln257' <Predicate = (!icmp_ln256)> <Delay = 7.25> <CoreType = "Generic">   --->   Core 0 '' <Latency = 0> <II = 1> <Delay = 1.00> <Generic> <Opcode : >

State 19 <SV = 18> <Delay = 7.25>
ST_19 : Operation 121 [73/90] (7.25ns)   --->   "%call_ln257 = call void @layer_norm.1, i16 %x_V, i4 %t_2, i11 1096, i11 711, i11 1190, i11 1020, i11 1052, i11 918, i8 197, i8 166, i7 99, i11 939, i11 1273, i11 889, i7 109, i11 1101, i11 1092, i11 990, i6 33, i6 56, i7 108, i7 105, i5 1, i6 36, i6 53, i5 9, i8 25, i6 5, i7 120, i4 7, i6 37, i5 23, i7 113, i8 63" [/home/cym/prj2/finn/notebooks/icl_thesis-master/experiments/qks_v3_s0_s10_s20_s30_exploratory_hls/q16_qksv3_s20/src/q16_qksv3_s20.cpp:257]   --->   Operation 121 'call' 'call_ln257' <Predicate = (!icmp_ln256)> <Delay = 7.25> <CoreType = "Generic">   --->   Core 0 '' <Latency = 0> <II = 1> <Delay = 1.00> <Generic> <Opcode : >

State 20 <SV = 19> <Delay = 7.25>
ST_20 : Operation 122 [72/90] (7.25ns)   --->   "%call_ln257 = call void @layer_norm.1, i16 %x_V, i4 %t_2, i11 1096, i11 711, i11 1190, i11 1020, i11 1052, i11 918, i8 197, i8 166, i7 99, i11 939, i11 1273, i11 889, i7 109, i11 1101, i11 1092, i11 990, i6 33, i6 56, i7 108, i7 105, i5 1, i6 36, i6 53, i5 9, i8 25, i6 5, i7 120, i4 7, i6 37, i5 23, i7 113, i8 63" [/home/cym/prj2/finn/notebooks/icl_thesis-master/experiments/qks_v3_s0_s10_s20_s30_exploratory_hls/q16_qksv3_s20/src/q16_qksv3_s20.cpp:257]   --->   Operation 122 'call' 'call_ln257' <Predicate = (!icmp_ln256)> <Delay = 7.25> <CoreType = "Generic">   --->   Core 0 '' <Latency = 0> <II = 1> <Delay = 1.00> <Generic> <Opcode : >

State 21 <SV = 20> <Delay = 7.25>
ST_21 : Operation 123 [71/90] (7.25ns)   --->   "%call_ln257 = call void @layer_norm.1, i16 %x_V, i4 %t_2, i11 1096, i11 711, i11 1190, i11 1020, i11 1052, i11 918, i8 197, i8 166, i7 99, i11 939, i11 1273, i11 889, i7 109, i11 1101, i11 1092, i11 990, i6 33, i6 56, i7 108, i7 105, i5 1, i6 36, i6 53, i5 9, i8 25, i6 5, i7 120, i4 7, i6 37, i5 23, i7 113, i8 63" [/home/cym/prj2/finn/notebooks/icl_thesis-master/experiments/qks_v3_s0_s10_s20_s30_exploratory_hls/q16_qksv3_s20/src/q16_qksv3_s20.cpp:257]   --->   Operation 123 'call' 'call_ln257' <Predicate = (!icmp_ln256)> <Delay = 7.25> <CoreType = "Generic">   --->   Core 0 '' <Latency = 0> <II = 1> <Delay = 1.00> <Generic> <Opcode : >

State 22 <SV = 21> <Delay = 7.25>
ST_22 : Operation 124 [70/90] (7.25ns)   --->   "%call_ln257 = call void @layer_norm.1, i16 %x_V, i4 %t_2, i11 1096, i11 711, i11 1190, i11 1020, i11 1052, i11 918, i8 197, i8 166, i7 99, i11 939, i11 1273, i11 889, i7 109, i11 1101, i11 1092, i11 990, i6 33, i6 56, i7 108, i7 105, i5 1, i6 36, i6 53, i5 9, i8 25, i6 5, i7 120, i4 7, i6 37, i5 23, i7 113, i8 63" [/home/cym/prj2/finn/notebooks/icl_thesis-master/experiments/qks_v3_s0_s10_s20_s30_exploratory_hls/q16_qksv3_s20/src/q16_qksv3_s20.cpp:257]   --->   Operation 124 'call' 'call_ln257' <Predicate = (!icmp_ln256)> <Delay = 7.25> <CoreType = "Generic">   --->   Core 0 '' <Latency = 0> <II = 1> <Delay = 1.00> <Generic> <Opcode : >

State 23 <SV = 22> <Delay = 7.25>
ST_23 : Operation 125 [69/90] (7.25ns)   --->   "%call_ln257 = call void @layer_norm.1, i16 %x_V, i4 %t_2, i11 1096, i11 711, i11 1190, i11 1020, i11 1052, i11 918, i8 197, i8 166, i7 99, i11 939, i11 1273, i11 889, i7 109, i11 1101, i11 1092, i11 990, i6 33, i6 56, i7 108, i7 105, i5 1, i6 36, i6 53, i5 9, i8 25, i6 5, i7 120, i4 7, i6 37, i5 23, i7 113, i8 63" [/home/cym/prj2/finn/notebooks/icl_thesis-master/experiments/qks_v3_s0_s10_s20_s30_exploratory_hls/q16_qksv3_s20/src/q16_qksv3_s20.cpp:257]   --->   Operation 125 'call' 'call_ln257' <Predicate = (!icmp_ln256)> <Delay = 7.25> <CoreType = "Generic">   --->   Core 0 '' <Latency = 0> <II = 1> <Delay = 1.00> <Generic> <Opcode : >

State 24 <SV = 23> <Delay = 7.25>
ST_24 : Operation 126 [68/90] (7.25ns)   --->   "%call_ln257 = call void @layer_norm.1, i16 %x_V, i4 %t_2, i11 1096, i11 711, i11 1190, i11 1020, i11 1052, i11 918, i8 197, i8 166, i7 99, i11 939, i11 1273, i11 889, i7 109, i11 1101, i11 1092, i11 990, i6 33, i6 56, i7 108, i7 105, i5 1, i6 36, i6 53, i5 9, i8 25, i6 5, i7 120, i4 7, i6 37, i5 23, i7 113, i8 63" [/home/cym/prj2/finn/notebooks/icl_thesis-master/experiments/qks_v3_s0_s10_s20_s30_exploratory_hls/q16_qksv3_s20/src/q16_qksv3_s20.cpp:257]   --->   Operation 126 'call' 'call_ln257' <Predicate = (!icmp_ln256)> <Delay = 7.25> <CoreType = "Generic">   --->   Core 0 '' <Latency = 0> <II = 1> <Delay = 1.00> <Generic> <Opcode : >

State 25 <SV = 24> <Delay = 7.25>
ST_25 : Operation 127 [67/90] (7.25ns)   --->   "%call_ln257 = call void @layer_norm.1, i16 %x_V, i4 %t_2, i11 1096, i11 711, i11 1190, i11 1020, i11 1052, i11 918, i8 197, i8 166, i7 99, i11 939, i11 1273, i11 889, i7 109, i11 1101, i11 1092, i11 990, i6 33, i6 56, i7 108, i7 105, i5 1, i6 36, i6 53, i5 9, i8 25, i6 5, i7 120, i4 7, i6 37, i5 23, i7 113, i8 63" [/home/cym/prj2/finn/notebooks/icl_thesis-master/experiments/qks_v3_s0_s10_s20_s30_exploratory_hls/q16_qksv3_s20/src/q16_qksv3_s20.cpp:257]   --->   Operation 127 'call' 'call_ln257' <Predicate = (!icmp_ln256)> <Delay = 7.25> <CoreType = "Generic">   --->   Core 0 '' <Latency = 0> <II = 1> <Delay = 1.00> <Generic> <Opcode : >

State 26 <SV = 25> <Delay = 7.25>
ST_26 : Operation 128 [66/90] (7.25ns)   --->   "%call_ln257 = call void @layer_norm.1, i16 %x_V, i4 %t_2, i11 1096, i11 711, i11 1190, i11 1020, i11 1052, i11 918, i8 197, i8 166, i7 99, i11 939, i11 1273, i11 889, i7 109, i11 1101, i11 1092, i11 990, i6 33, i6 56, i7 108, i7 105, i5 1, i6 36, i6 53, i5 9, i8 25, i6 5, i7 120, i4 7, i6 37, i5 23, i7 113, i8 63" [/home/cym/prj2/finn/notebooks/icl_thesis-master/experiments/qks_v3_s0_s10_s20_s30_exploratory_hls/q16_qksv3_s20/src/q16_qksv3_s20.cpp:257]   --->   Operation 128 'call' 'call_ln257' <Predicate = (!icmp_ln256)> <Delay = 7.25> <CoreType = "Generic">   --->   Core 0 '' <Latency = 0> <II = 1> <Delay = 1.00> <Generic> <Opcode : >

State 27 <SV = 26> <Delay = 7.25>
ST_27 : Operation 129 [65/90] (7.25ns)   --->   "%call_ln257 = call void @layer_norm.1, i16 %x_V, i4 %t_2, i11 1096, i11 711, i11 1190, i11 1020, i11 1052, i11 918, i8 197, i8 166, i7 99, i11 939, i11 1273, i11 889, i7 109, i11 1101, i11 1092, i11 990, i6 33, i6 56, i7 108, i7 105, i5 1, i6 36, i6 53, i5 9, i8 25, i6 5, i7 120, i4 7, i6 37, i5 23, i7 113, i8 63" [/home/cym/prj2/finn/notebooks/icl_thesis-master/experiments/qks_v3_s0_s10_s20_s30_exploratory_hls/q16_qksv3_s20/src/q16_qksv3_s20.cpp:257]   --->   Operation 129 'call' 'call_ln257' <Predicate = (!icmp_ln256)> <Delay = 7.25> <CoreType = "Generic">   --->   Core 0 '' <Latency = 0> <II = 1> <Delay = 1.00> <Generic> <Opcode : >

State 28 <SV = 27> <Delay = 7.25>
ST_28 : Operation 130 [64/90] (7.25ns)   --->   "%call_ln257 = call void @layer_norm.1, i16 %x_V, i4 %t_2, i11 1096, i11 711, i11 1190, i11 1020, i11 1052, i11 918, i8 197, i8 166, i7 99, i11 939, i11 1273, i11 889, i7 109, i11 1101, i11 1092, i11 990, i6 33, i6 56, i7 108, i7 105, i5 1, i6 36, i6 53, i5 9, i8 25, i6 5, i7 120, i4 7, i6 37, i5 23, i7 113, i8 63" [/home/cym/prj2/finn/notebooks/icl_thesis-master/experiments/qks_v3_s0_s10_s20_s30_exploratory_hls/q16_qksv3_s20/src/q16_qksv3_s20.cpp:257]   --->   Operation 130 'call' 'call_ln257' <Predicate = (!icmp_ln256)> <Delay = 7.25> <CoreType = "Generic">   --->   Core 0 '' <Latency = 0> <II = 1> <Delay = 1.00> <Generic> <Opcode : >

State 29 <SV = 28> <Delay = 7.25>
ST_29 : Operation 131 [63/90] (7.25ns)   --->   "%call_ln257 = call void @layer_norm.1, i16 %x_V, i4 %t_2, i11 1096, i11 711, i11 1190, i11 1020, i11 1052, i11 918, i8 197, i8 166, i7 99, i11 939, i11 1273, i11 889, i7 109, i11 1101, i11 1092, i11 990, i6 33, i6 56, i7 108, i7 105, i5 1, i6 36, i6 53, i5 9, i8 25, i6 5, i7 120, i4 7, i6 37, i5 23, i7 113, i8 63" [/home/cym/prj2/finn/notebooks/icl_thesis-master/experiments/qks_v3_s0_s10_s20_s30_exploratory_hls/q16_qksv3_s20/src/q16_qksv3_s20.cpp:257]   --->   Operation 131 'call' 'call_ln257' <Predicate = (!icmp_ln256)> <Delay = 7.25> <CoreType = "Generic">   --->   Core 0 '' <Latency = 0> <II = 1> <Delay = 1.00> <Generic> <Opcode : >

State 30 <SV = 29> <Delay = 7.25>
ST_30 : Operation 132 [62/90] (7.25ns)   --->   "%call_ln257 = call void @layer_norm.1, i16 %x_V, i4 %t_2, i11 1096, i11 711, i11 1190, i11 1020, i11 1052, i11 918, i8 197, i8 166, i7 99, i11 939, i11 1273, i11 889, i7 109, i11 1101, i11 1092, i11 990, i6 33, i6 56, i7 108, i7 105, i5 1, i6 36, i6 53, i5 9, i8 25, i6 5, i7 120, i4 7, i6 37, i5 23, i7 113, i8 63" [/home/cym/prj2/finn/notebooks/icl_thesis-master/experiments/qks_v3_s0_s10_s20_s30_exploratory_hls/q16_qksv3_s20/src/q16_qksv3_s20.cpp:257]   --->   Operation 132 'call' 'call_ln257' <Predicate = (!icmp_ln256)> <Delay = 7.25> <CoreType = "Generic">   --->   Core 0 '' <Latency = 0> <II = 1> <Delay = 1.00> <Generic> <Opcode : >

State 31 <SV = 30> <Delay = 7.25>
ST_31 : Operation 133 [61/90] (7.25ns)   --->   "%call_ln257 = call void @layer_norm.1, i16 %x_V, i4 %t_2, i11 1096, i11 711, i11 1190, i11 1020, i11 1052, i11 918, i8 197, i8 166, i7 99, i11 939, i11 1273, i11 889, i7 109, i11 1101, i11 1092, i11 990, i6 33, i6 56, i7 108, i7 105, i5 1, i6 36, i6 53, i5 9, i8 25, i6 5, i7 120, i4 7, i6 37, i5 23, i7 113, i8 63" [/home/cym/prj2/finn/notebooks/icl_thesis-master/experiments/qks_v3_s0_s10_s20_s30_exploratory_hls/q16_qksv3_s20/src/q16_qksv3_s20.cpp:257]   --->   Operation 133 'call' 'call_ln257' <Predicate = (!icmp_ln256)> <Delay = 7.25> <CoreType = "Generic">   --->   Core 0 '' <Latency = 0> <II = 1> <Delay = 1.00> <Generic> <Opcode : >

State 32 <SV = 31> <Delay = 7.25>
ST_32 : Operation 134 [60/90] (7.25ns)   --->   "%call_ln257 = call void @layer_norm.1, i16 %x_V, i4 %t_2, i11 1096, i11 711, i11 1190, i11 1020, i11 1052, i11 918, i8 197, i8 166, i7 99, i11 939, i11 1273, i11 889, i7 109, i11 1101, i11 1092, i11 990, i6 33, i6 56, i7 108, i7 105, i5 1, i6 36, i6 53, i5 9, i8 25, i6 5, i7 120, i4 7, i6 37, i5 23, i7 113, i8 63" [/home/cym/prj2/finn/notebooks/icl_thesis-master/experiments/qks_v3_s0_s10_s20_s30_exploratory_hls/q16_qksv3_s20/src/q16_qksv3_s20.cpp:257]   --->   Operation 134 'call' 'call_ln257' <Predicate = (!icmp_ln256)> <Delay = 7.25> <CoreType = "Generic">   --->   Core 0 '' <Latency = 0> <II = 1> <Delay = 1.00> <Generic> <Opcode : >

State 33 <SV = 32> <Delay = 7.25>
ST_33 : Operation 135 [59/90] (7.25ns)   --->   "%call_ln257 = call void @layer_norm.1, i16 %x_V, i4 %t_2, i11 1096, i11 711, i11 1190, i11 1020, i11 1052, i11 918, i8 197, i8 166, i7 99, i11 939, i11 1273, i11 889, i7 109, i11 1101, i11 1092, i11 990, i6 33, i6 56, i7 108, i7 105, i5 1, i6 36, i6 53, i5 9, i8 25, i6 5, i7 120, i4 7, i6 37, i5 23, i7 113, i8 63" [/home/cym/prj2/finn/notebooks/icl_thesis-master/experiments/qks_v3_s0_s10_s20_s30_exploratory_hls/q16_qksv3_s20/src/q16_qksv3_s20.cpp:257]   --->   Operation 135 'call' 'call_ln257' <Predicate = (!icmp_ln256)> <Delay = 7.25> <CoreType = "Generic">   --->   Core 0 '' <Latency = 0> <II = 1> <Delay = 1.00> <Generic> <Opcode : >

State 34 <SV = 33> <Delay = 7.25>
ST_34 : Operation 136 [58/90] (7.25ns)   --->   "%call_ln257 = call void @layer_norm.1, i16 %x_V, i4 %t_2, i11 1096, i11 711, i11 1190, i11 1020, i11 1052, i11 918, i8 197, i8 166, i7 99, i11 939, i11 1273, i11 889, i7 109, i11 1101, i11 1092, i11 990, i6 33, i6 56, i7 108, i7 105, i5 1, i6 36, i6 53, i5 9, i8 25, i6 5, i7 120, i4 7, i6 37, i5 23, i7 113, i8 63" [/home/cym/prj2/finn/notebooks/icl_thesis-master/experiments/qks_v3_s0_s10_s20_s30_exploratory_hls/q16_qksv3_s20/src/q16_qksv3_s20.cpp:257]   --->   Operation 136 'call' 'call_ln257' <Predicate = (!icmp_ln256)> <Delay = 7.25> <CoreType = "Generic">   --->   Core 0 '' <Latency = 0> <II = 1> <Delay = 1.00> <Generic> <Opcode : >

State 35 <SV = 34> <Delay = 7.25>
ST_35 : Operation 137 [57/90] (7.25ns)   --->   "%call_ln257 = call void @layer_norm.1, i16 %x_V, i4 %t_2, i11 1096, i11 711, i11 1190, i11 1020, i11 1052, i11 918, i8 197, i8 166, i7 99, i11 939, i11 1273, i11 889, i7 109, i11 1101, i11 1092, i11 990, i6 33, i6 56, i7 108, i7 105, i5 1, i6 36, i6 53, i5 9, i8 25, i6 5, i7 120, i4 7, i6 37, i5 23, i7 113, i8 63" [/home/cym/prj2/finn/notebooks/icl_thesis-master/experiments/qks_v3_s0_s10_s20_s30_exploratory_hls/q16_qksv3_s20/src/q16_qksv3_s20.cpp:257]   --->   Operation 137 'call' 'call_ln257' <Predicate = (!icmp_ln256)> <Delay = 7.25> <CoreType = "Generic">   --->   Core 0 '' <Latency = 0> <II = 1> <Delay = 1.00> <Generic> <Opcode : >

State 36 <SV = 35> <Delay = 7.25>
ST_36 : Operation 138 [56/90] (7.25ns)   --->   "%call_ln257 = call void @layer_norm.1, i16 %x_V, i4 %t_2, i11 1096, i11 711, i11 1190, i11 1020, i11 1052, i11 918, i8 197, i8 166, i7 99, i11 939, i11 1273, i11 889, i7 109, i11 1101, i11 1092, i11 990, i6 33, i6 56, i7 108, i7 105, i5 1, i6 36, i6 53, i5 9, i8 25, i6 5, i7 120, i4 7, i6 37, i5 23, i7 113, i8 63" [/home/cym/prj2/finn/notebooks/icl_thesis-master/experiments/qks_v3_s0_s10_s20_s30_exploratory_hls/q16_qksv3_s20/src/q16_qksv3_s20.cpp:257]   --->   Operation 138 'call' 'call_ln257' <Predicate = (!icmp_ln256)> <Delay = 7.25> <CoreType = "Generic">   --->   Core 0 '' <Latency = 0> <II = 1> <Delay = 1.00> <Generic> <Opcode : >

State 37 <SV = 36> <Delay = 7.25>
ST_37 : Operation 139 [55/90] (7.25ns)   --->   "%call_ln257 = call void @layer_norm.1, i16 %x_V, i4 %t_2, i11 1096, i11 711, i11 1190, i11 1020, i11 1052, i11 918, i8 197, i8 166, i7 99, i11 939, i11 1273, i11 889, i7 109, i11 1101, i11 1092, i11 990, i6 33, i6 56, i7 108, i7 105, i5 1, i6 36, i6 53, i5 9, i8 25, i6 5, i7 120, i4 7, i6 37, i5 23, i7 113, i8 63" [/home/cym/prj2/finn/notebooks/icl_thesis-master/experiments/qks_v3_s0_s10_s20_s30_exploratory_hls/q16_qksv3_s20/src/q16_qksv3_s20.cpp:257]   --->   Operation 139 'call' 'call_ln257' <Predicate = (!icmp_ln256)> <Delay = 7.25> <CoreType = "Generic">   --->   Core 0 '' <Latency = 0> <II = 1> <Delay = 1.00> <Generic> <Opcode : >

State 38 <SV = 37> <Delay = 7.25>
ST_38 : Operation 140 [54/90] (7.25ns)   --->   "%call_ln257 = call void @layer_norm.1, i16 %x_V, i4 %t_2, i11 1096, i11 711, i11 1190, i11 1020, i11 1052, i11 918, i8 197, i8 166, i7 99, i11 939, i11 1273, i11 889, i7 109, i11 1101, i11 1092, i11 990, i6 33, i6 56, i7 108, i7 105, i5 1, i6 36, i6 53, i5 9, i8 25, i6 5, i7 120, i4 7, i6 37, i5 23, i7 113, i8 63" [/home/cym/prj2/finn/notebooks/icl_thesis-master/experiments/qks_v3_s0_s10_s20_s30_exploratory_hls/q16_qksv3_s20/src/q16_qksv3_s20.cpp:257]   --->   Operation 140 'call' 'call_ln257' <Predicate = (!icmp_ln256)> <Delay = 7.25> <CoreType = "Generic">   --->   Core 0 '' <Latency = 0> <II = 1> <Delay = 1.00> <Generic> <Opcode : >

State 39 <SV = 38> <Delay = 7.25>
ST_39 : Operation 141 [53/90] (7.25ns)   --->   "%call_ln257 = call void @layer_norm.1, i16 %x_V, i4 %t_2, i11 1096, i11 711, i11 1190, i11 1020, i11 1052, i11 918, i8 197, i8 166, i7 99, i11 939, i11 1273, i11 889, i7 109, i11 1101, i11 1092, i11 990, i6 33, i6 56, i7 108, i7 105, i5 1, i6 36, i6 53, i5 9, i8 25, i6 5, i7 120, i4 7, i6 37, i5 23, i7 113, i8 63" [/home/cym/prj2/finn/notebooks/icl_thesis-master/experiments/qks_v3_s0_s10_s20_s30_exploratory_hls/q16_qksv3_s20/src/q16_qksv3_s20.cpp:257]   --->   Operation 141 'call' 'call_ln257' <Predicate = (!icmp_ln256)> <Delay = 7.25> <CoreType = "Generic">   --->   Core 0 '' <Latency = 0> <II = 1> <Delay = 1.00> <Generic> <Opcode : >

State 40 <SV = 39> <Delay = 7.25>
ST_40 : Operation 142 [52/90] (7.25ns)   --->   "%call_ln257 = call void @layer_norm.1, i16 %x_V, i4 %t_2, i11 1096, i11 711, i11 1190, i11 1020, i11 1052, i11 918, i8 197, i8 166, i7 99, i11 939, i11 1273, i11 889, i7 109, i11 1101, i11 1092, i11 990, i6 33, i6 56, i7 108, i7 105, i5 1, i6 36, i6 53, i5 9, i8 25, i6 5, i7 120, i4 7, i6 37, i5 23, i7 113, i8 63" [/home/cym/prj2/finn/notebooks/icl_thesis-master/experiments/qks_v3_s0_s10_s20_s30_exploratory_hls/q16_qksv3_s20/src/q16_qksv3_s20.cpp:257]   --->   Operation 142 'call' 'call_ln257' <Predicate = (!icmp_ln256)> <Delay = 7.25> <CoreType = "Generic">   --->   Core 0 '' <Latency = 0> <II = 1> <Delay = 1.00> <Generic> <Opcode : >

State 41 <SV = 40> <Delay = 7.25>
ST_41 : Operation 143 [51/90] (7.25ns)   --->   "%call_ln257 = call void @layer_norm.1, i16 %x_V, i4 %t_2, i11 1096, i11 711, i11 1190, i11 1020, i11 1052, i11 918, i8 197, i8 166, i7 99, i11 939, i11 1273, i11 889, i7 109, i11 1101, i11 1092, i11 990, i6 33, i6 56, i7 108, i7 105, i5 1, i6 36, i6 53, i5 9, i8 25, i6 5, i7 120, i4 7, i6 37, i5 23, i7 113, i8 63" [/home/cym/prj2/finn/notebooks/icl_thesis-master/experiments/qks_v3_s0_s10_s20_s30_exploratory_hls/q16_qksv3_s20/src/q16_qksv3_s20.cpp:257]   --->   Operation 143 'call' 'call_ln257' <Predicate = (!icmp_ln256)> <Delay = 7.25> <CoreType = "Generic">   --->   Core 0 '' <Latency = 0> <II = 1> <Delay = 1.00> <Generic> <Opcode : >

State 42 <SV = 41> <Delay = 7.25>
ST_42 : Operation 144 [50/90] (7.25ns)   --->   "%call_ln257 = call void @layer_norm.1, i16 %x_V, i4 %t_2, i11 1096, i11 711, i11 1190, i11 1020, i11 1052, i11 918, i8 197, i8 166, i7 99, i11 939, i11 1273, i11 889, i7 109, i11 1101, i11 1092, i11 990, i6 33, i6 56, i7 108, i7 105, i5 1, i6 36, i6 53, i5 9, i8 25, i6 5, i7 120, i4 7, i6 37, i5 23, i7 113, i8 63" [/home/cym/prj2/finn/notebooks/icl_thesis-master/experiments/qks_v3_s0_s10_s20_s30_exploratory_hls/q16_qksv3_s20/src/q16_qksv3_s20.cpp:257]   --->   Operation 144 'call' 'call_ln257' <Predicate = (!icmp_ln256)> <Delay = 7.25> <CoreType = "Generic">   --->   Core 0 '' <Latency = 0> <II = 1> <Delay = 1.00> <Generic> <Opcode : >

State 43 <SV = 42> <Delay = 7.25>
ST_43 : Operation 145 [49/90] (7.25ns)   --->   "%call_ln257 = call void @layer_norm.1, i16 %x_V, i4 %t_2, i11 1096, i11 711, i11 1190, i11 1020, i11 1052, i11 918, i8 197, i8 166, i7 99, i11 939, i11 1273, i11 889, i7 109, i11 1101, i11 1092, i11 990, i6 33, i6 56, i7 108, i7 105, i5 1, i6 36, i6 53, i5 9, i8 25, i6 5, i7 120, i4 7, i6 37, i5 23, i7 113, i8 63" [/home/cym/prj2/finn/notebooks/icl_thesis-master/experiments/qks_v3_s0_s10_s20_s30_exploratory_hls/q16_qksv3_s20/src/q16_qksv3_s20.cpp:257]   --->   Operation 145 'call' 'call_ln257' <Predicate = (!icmp_ln256)> <Delay = 7.25> <CoreType = "Generic">   --->   Core 0 '' <Latency = 0> <II = 1> <Delay = 1.00> <Generic> <Opcode : >

State 44 <SV = 43> <Delay = 7.25>
ST_44 : Operation 146 [48/90] (7.25ns)   --->   "%call_ln257 = call void @layer_norm.1, i16 %x_V, i4 %t_2, i11 1096, i11 711, i11 1190, i11 1020, i11 1052, i11 918, i8 197, i8 166, i7 99, i11 939, i11 1273, i11 889, i7 109, i11 1101, i11 1092, i11 990, i6 33, i6 56, i7 108, i7 105, i5 1, i6 36, i6 53, i5 9, i8 25, i6 5, i7 120, i4 7, i6 37, i5 23, i7 113, i8 63" [/home/cym/prj2/finn/notebooks/icl_thesis-master/experiments/qks_v3_s0_s10_s20_s30_exploratory_hls/q16_qksv3_s20/src/q16_qksv3_s20.cpp:257]   --->   Operation 146 'call' 'call_ln257' <Predicate = (!icmp_ln256)> <Delay = 7.25> <CoreType = "Generic">   --->   Core 0 '' <Latency = 0> <II = 1> <Delay = 1.00> <Generic> <Opcode : >

State 45 <SV = 44> <Delay = 7.25>
ST_45 : Operation 147 [47/90] (7.25ns)   --->   "%call_ln257 = call void @layer_norm.1, i16 %x_V, i4 %t_2, i11 1096, i11 711, i11 1190, i11 1020, i11 1052, i11 918, i8 197, i8 166, i7 99, i11 939, i11 1273, i11 889, i7 109, i11 1101, i11 1092, i11 990, i6 33, i6 56, i7 108, i7 105, i5 1, i6 36, i6 53, i5 9, i8 25, i6 5, i7 120, i4 7, i6 37, i5 23, i7 113, i8 63" [/home/cym/prj2/finn/notebooks/icl_thesis-master/experiments/qks_v3_s0_s10_s20_s30_exploratory_hls/q16_qksv3_s20/src/q16_qksv3_s20.cpp:257]   --->   Operation 147 'call' 'call_ln257' <Predicate = (!icmp_ln256)> <Delay = 7.25> <CoreType = "Generic">   --->   Core 0 '' <Latency = 0> <II = 1> <Delay = 1.00> <Generic> <Opcode : >

State 46 <SV = 45> <Delay = 7.25>
ST_46 : Operation 148 [46/90] (7.25ns)   --->   "%call_ln257 = call void @layer_norm.1, i16 %x_V, i4 %t_2, i11 1096, i11 711, i11 1190, i11 1020, i11 1052, i11 918, i8 197, i8 166, i7 99, i11 939, i11 1273, i11 889, i7 109, i11 1101, i11 1092, i11 990, i6 33, i6 56, i7 108, i7 105, i5 1, i6 36, i6 53, i5 9, i8 25, i6 5, i7 120, i4 7, i6 37, i5 23, i7 113, i8 63" [/home/cym/prj2/finn/notebooks/icl_thesis-master/experiments/qks_v3_s0_s10_s20_s30_exploratory_hls/q16_qksv3_s20/src/q16_qksv3_s20.cpp:257]   --->   Operation 148 'call' 'call_ln257' <Predicate = (!icmp_ln256)> <Delay = 7.25> <CoreType = "Generic">   --->   Core 0 '' <Latency = 0> <II = 1> <Delay = 1.00> <Generic> <Opcode : >

State 47 <SV = 46> <Delay = 7.25>
ST_47 : Operation 149 [45/90] (7.25ns)   --->   "%call_ln257 = call void @layer_norm.1, i16 %x_V, i4 %t_2, i11 1096, i11 711, i11 1190, i11 1020, i11 1052, i11 918, i8 197, i8 166, i7 99, i11 939, i11 1273, i11 889, i7 109, i11 1101, i11 1092, i11 990, i6 33, i6 56, i7 108, i7 105, i5 1, i6 36, i6 53, i5 9, i8 25, i6 5, i7 120, i4 7, i6 37, i5 23, i7 113, i8 63" [/home/cym/prj2/finn/notebooks/icl_thesis-master/experiments/qks_v3_s0_s10_s20_s30_exploratory_hls/q16_qksv3_s20/src/q16_qksv3_s20.cpp:257]   --->   Operation 149 'call' 'call_ln257' <Predicate = (!icmp_ln256)> <Delay = 7.25> <CoreType = "Generic">   --->   Core 0 '' <Latency = 0> <II = 1> <Delay = 1.00> <Generic> <Opcode : >

State 48 <SV = 47> <Delay = 7.25>
ST_48 : Operation 150 [44/90] (7.25ns)   --->   "%call_ln257 = call void @layer_norm.1, i16 %x_V, i4 %t_2, i11 1096, i11 711, i11 1190, i11 1020, i11 1052, i11 918, i8 197, i8 166, i7 99, i11 939, i11 1273, i11 889, i7 109, i11 1101, i11 1092, i11 990, i6 33, i6 56, i7 108, i7 105, i5 1, i6 36, i6 53, i5 9, i8 25, i6 5, i7 120, i4 7, i6 37, i5 23, i7 113, i8 63" [/home/cym/prj2/finn/notebooks/icl_thesis-master/experiments/qks_v3_s0_s10_s20_s30_exploratory_hls/q16_qksv3_s20/src/q16_qksv3_s20.cpp:257]   --->   Operation 150 'call' 'call_ln257' <Predicate = (!icmp_ln256)> <Delay = 7.25> <CoreType = "Generic">   --->   Core 0 '' <Latency = 0> <II = 1> <Delay = 1.00> <Generic> <Opcode : >

State 49 <SV = 48> <Delay = 7.25>
ST_49 : Operation 151 [43/90] (7.25ns)   --->   "%call_ln257 = call void @layer_norm.1, i16 %x_V, i4 %t_2, i11 1096, i11 711, i11 1190, i11 1020, i11 1052, i11 918, i8 197, i8 166, i7 99, i11 939, i11 1273, i11 889, i7 109, i11 1101, i11 1092, i11 990, i6 33, i6 56, i7 108, i7 105, i5 1, i6 36, i6 53, i5 9, i8 25, i6 5, i7 120, i4 7, i6 37, i5 23, i7 113, i8 63" [/home/cym/prj2/finn/notebooks/icl_thesis-master/experiments/qks_v3_s0_s10_s20_s30_exploratory_hls/q16_qksv3_s20/src/q16_qksv3_s20.cpp:257]   --->   Operation 151 'call' 'call_ln257' <Predicate = (!icmp_ln256)> <Delay = 7.25> <CoreType = "Generic">   --->   Core 0 '' <Latency = 0> <II = 1> <Delay = 1.00> <Generic> <Opcode : >

State 50 <SV = 49> <Delay = 7.25>
ST_50 : Operation 152 [42/90] (7.25ns)   --->   "%call_ln257 = call void @layer_norm.1, i16 %x_V, i4 %t_2, i11 1096, i11 711, i11 1190, i11 1020, i11 1052, i11 918, i8 197, i8 166, i7 99, i11 939, i11 1273, i11 889, i7 109, i11 1101, i11 1092, i11 990, i6 33, i6 56, i7 108, i7 105, i5 1, i6 36, i6 53, i5 9, i8 25, i6 5, i7 120, i4 7, i6 37, i5 23, i7 113, i8 63" [/home/cym/prj2/finn/notebooks/icl_thesis-master/experiments/qks_v3_s0_s10_s20_s30_exploratory_hls/q16_qksv3_s20/src/q16_qksv3_s20.cpp:257]   --->   Operation 152 'call' 'call_ln257' <Predicate = (!icmp_ln256)> <Delay = 7.25> <CoreType = "Generic">   --->   Core 0 '' <Latency = 0> <II = 1> <Delay = 1.00> <Generic> <Opcode : >

State 51 <SV = 50> <Delay = 7.25>
ST_51 : Operation 153 [41/90] (7.25ns)   --->   "%call_ln257 = call void @layer_norm.1, i16 %x_V, i4 %t_2, i11 1096, i11 711, i11 1190, i11 1020, i11 1052, i11 918, i8 197, i8 166, i7 99, i11 939, i11 1273, i11 889, i7 109, i11 1101, i11 1092, i11 990, i6 33, i6 56, i7 108, i7 105, i5 1, i6 36, i6 53, i5 9, i8 25, i6 5, i7 120, i4 7, i6 37, i5 23, i7 113, i8 63" [/home/cym/prj2/finn/notebooks/icl_thesis-master/experiments/qks_v3_s0_s10_s20_s30_exploratory_hls/q16_qksv3_s20/src/q16_qksv3_s20.cpp:257]   --->   Operation 153 'call' 'call_ln257' <Predicate = (!icmp_ln256)> <Delay = 7.25> <CoreType = "Generic">   --->   Core 0 '' <Latency = 0> <II = 1> <Delay = 1.00> <Generic> <Opcode : >

State 52 <SV = 51> <Delay = 7.25>
ST_52 : Operation 154 [40/90] (7.25ns)   --->   "%call_ln257 = call void @layer_norm.1, i16 %x_V, i4 %t_2, i11 1096, i11 711, i11 1190, i11 1020, i11 1052, i11 918, i8 197, i8 166, i7 99, i11 939, i11 1273, i11 889, i7 109, i11 1101, i11 1092, i11 990, i6 33, i6 56, i7 108, i7 105, i5 1, i6 36, i6 53, i5 9, i8 25, i6 5, i7 120, i4 7, i6 37, i5 23, i7 113, i8 63" [/home/cym/prj2/finn/notebooks/icl_thesis-master/experiments/qks_v3_s0_s10_s20_s30_exploratory_hls/q16_qksv3_s20/src/q16_qksv3_s20.cpp:257]   --->   Operation 154 'call' 'call_ln257' <Predicate = (!icmp_ln256)> <Delay = 7.25> <CoreType = "Generic">   --->   Core 0 '' <Latency = 0> <II = 1> <Delay = 1.00> <Generic> <Opcode : >

State 53 <SV = 52> <Delay = 7.25>
ST_53 : Operation 155 [39/90] (7.25ns)   --->   "%call_ln257 = call void @layer_norm.1, i16 %x_V, i4 %t_2, i11 1096, i11 711, i11 1190, i11 1020, i11 1052, i11 918, i8 197, i8 166, i7 99, i11 939, i11 1273, i11 889, i7 109, i11 1101, i11 1092, i11 990, i6 33, i6 56, i7 108, i7 105, i5 1, i6 36, i6 53, i5 9, i8 25, i6 5, i7 120, i4 7, i6 37, i5 23, i7 113, i8 63" [/home/cym/prj2/finn/notebooks/icl_thesis-master/experiments/qks_v3_s0_s10_s20_s30_exploratory_hls/q16_qksv3_s20/src/q16_qksv3_s20.cpp:257]   --->   Operation 155 'call' 'call_ln257' <Predicate = (!icmp_ln256)> <Delay = 7.25> <CoreType = "Generic">   --->   Core 0 '' <Latency = 0> <II = 1> <Delay = 1.00> <Generic> <Opcode : >

State 54 <SV = 53> <Delay = 7.25>
ST_54 : Operation 156 [38/90] (7.25ns)   --->   "%call_ln257 = call void @layer_norm.1, i16 %x_V, i4 %t_2, i11 1096, i11 711, i11 1190, i11 1020, i11 1052, i11 918, i8 197, i8 166, i7 99, i11 939, i11 1273, i11 889, i7 109, i11 1101, i11 1092, i11 990, i6 33, i6 56, i7 108, i7 105, i5 1, i6 36, i6 53, i5 9, i8 25, i6 5, i7 120, i4 7, i6 37, i5 23, i7 113, i8 63" [/home/cym/prj2/finn/notebooks/icl_thesis-master/experiments/qks_v3_s0_s10_s20_s30_exploratory_hls/q16_qksv3_s20/src/q16_qksv3_s20.cpp:257]   --->   Operation 156 'call' 'call_ln257' <Predicate = (!icmp_ln256)> <Delay = 7.25> <CoreType = "Generic">   --->   Core 0 '' <Latency = 0> <II = 1> <Delay = 1.00> <Generic> <Opcode : >

State 55 <SV = 54> <Delay = 7.25>
ST_55 : Operation 157 [37/90] (7.25ns)   --->   "%call_ln257 = call void @layer_norm.1, i16 %x_V, i4 %t_2, i11 1096, i11 711, i11 1190, i11 1020, i11 1052, i11 918, i8 197, i8 166, i7 99, i11 939, i11 1273, i11 889, i7 109, i11 1101, i11 1092, i11 990, i6 33, i6 56, i7 108, i7 105, i5 1, i6 36, i6 53, i5 9, i8 25, i6 5, i7 120, i4 7, i6 37, i5 23, i7 113, i8 63" [/home/cym/prj2/finn/notebooks/icl_thesis-master/experiments/qks_v3_s0_s10_s20_s30_exploratory_hls/q16_qksv3_s20/src/q16_qksv3_s20.cpp:257]   --->   Operation 157 'call' 'call_ln257' <Predicate = (!icmp_ln256)> <Delay = 7.25> <CoreType = "Generic">   --->   Core 0 '' <Latency = 0> <II = 1> <Delay = 1.00> <Generic> <Opcode : >

State 56 <SV = 55> <Delay = 7.25>
ST_56 : Operation 158 [36/90] (7.25ns)   --->   "%call_ln257 = call void @layer_norm.1, i16 %x_V, i4 %t_2, i11 1096, i11 711, i11 1190, i11 1020, i11 1052, i11 918, i8 197, i8 166, i7 99, i11 939, i11 1273, i11 889, i7 109, i11 1101, i11 1092, i11 990, i6 33, i6 56, i7 108, i7 105, i5 1, i6 36, i6 53, i5 9, i8 25, i6 5, i7 120, i4 7, i6 37, i5 23, i7 113, i8 63" [/home/cym/prj2/finn/notebooks/icl_thesis-master/experiments/qks_v3_s0_s10_s20_s30_exploratory_hls/q16_qksv3_s20/src/q16_qksv3_s20.cpp:257]   --->   Operation 158 'call' 'call_ln257' <Predicate = (!icmp_ln256)> <Delay = 7.25> <CoreType = "Generic">   --->   Core 0 '' <Latency = 0> <II = 1> <Delay = 1.00> <Generic> <Opcode : >

State 57 <SV = 56> <Delay = 7.25>
ST_57 : Operation 159 [35/90] (7.25ns)   --->   "%call_ln257 = call void @layer_norm.1, i16 %x_V, i4 %t_2, i11 1096, i11 711, i11 1190, i11 1020, i11 1052, i11 918, i8 197, i8 166, i7 99, i11 939, i11 1273, i11 889, i7 109, i11 1101, i11 1092, i11 990, i6 33, i6 56, i7 108, i7 105, i5 1, i6 36, i6 53, i5 9, i8 25, i6 5, i7 120, i4 7, i6 37, i5 23, i7 113, i8 63" [/home/cym/prj2/finn/notebooks/icl_thesis-master/experiments/qks_v3_s0_s10_s20_s30_exploratory_hls/q16_qksv3_s20/src/q16_qksv3_s20.cpp:257]   --->   Operation 159 'call' 'call_ln257' <Predicate = (!icmp_ln256)> <Delay = 7.25> <CoreType = "Generic">   --->   Core 0 '' <Latency = 0> <II = 1> <Delay = 1.00> <Generic> <Opcode : >

State 58 <SV = 57> <Delay = 7.25>
ST_58 : Operation 160 [34/90] (7.25ns)   --->   "%call_ln257 = call void @layer_norm.1, i16 %x_V, i4 %t_2, i11 1096, i11 711, i11 1190, i11 1020, i11 1052, i11 918, i8 197, i8 166, i7 99, i11 939, i11 1273, i11 889, i7 109, i11 1101, i11 1092, i11 990, i6 33, i6 56, i7 108, i7 105, i5 1, i6 36, i6 53, i5 9, i8 25, i6 5, i7 120, i4 7, i6 37, i5 23, i7 113, i8 63" [/home/cym/prj2/finn/notebooks/icl_thesis-master/experiments/qks_v3_s0_s10_s20_s30_exploratory_hls/q16_qksv3_s20/src/q16_qksv3_s20.cpp:257]   --->   Operation 160 'call' 'call_ln257' <Predicate = (!icmp_ln256)> <Delay = 7.25> <CoreType = "Generic">   --->   Core 0 '' <Latency = 0> <II = 1> <Delay = 1.00> <Generic> <Opcode : >

State 59 <SV = 58> <Delay = 7.25>
ST_59 : Operation 161 [33/90] (7.25ns)   --->   "%call_ln257 = call void @layer_norm.1, i16 %x_V, i4 %t_2, i11 1096, i11 711, i11 1190, i11 1020, i11 1052, i11 918, i8 197, i8 166, i7 99, i11 939, i11 1273, i11 889, i7 109, i11 1101, i11 1092, i11 990, i6 33, i6 56, i7 108, i7 105, i5 1, i6 36, i6 53, i5 9, i8 25, i6 5, i7 120, i4 7, i6 37, i5 23, i7 113, i8 63" [/home/cym/prj2/finn/notebooks/icl_thesis-master/experiments/qks_v3_s0_s10_s20_s30_exploratory_hls/q16_qksv3_s20/src/q16_qksv3_s20.cpp:257]   --->   Operation 161 'call' 'call_ln257' <Predicate = (!icmp_ln256)> <Delay = 7.25> <CoreType = "Generic">   --->   Core 0 '' <Latency = 0> <II = 1> <Delay = 1.00> <Generic> <Opcode : >

State 60 <SV = 59> <Delay = 7.25>
ST_60 : Operation 162 [32/90] (7.25ns)   --->   "%call_ln257 = call void @layer_norm.1, i16 %x_V, i4 %t_2, i11 1096, i11 711, i11 1190, i11 1020, i11 1052, i11 918, i8 197, i8 166, i7 99, i11 939, i11 1273, i11 889, i7 109, i11 1101, i11 1092, i11 990, i6 33, i6 56, i7 108, i7 105, i5 1, i6 36, i6 53, i5 9, i8 25, i6 5, i7 120, i4 7, i6 37, i5 23, i7 113, i8 63" [/home/cym/prj2/finn/notebooks/icl_thesis-master/experiments/qks_v3_s0_s10_s20_s30_exploratory_hls/q16_qksv3_s20/src/q16_qksv3_s20.cpp:257]   --->   Operation 162 'call' 'call_ln257' <Predicate = (!icmp_ln256)> <Delay = 7.25> <CoreType = "Generic">   --->   Core 0 '' <Latency = 0> <II = 1> <Delay = 1.00> <Generic> <Opcode : >

State 61 <SV = 60> <Delay = 7.25>
ST_61 : Operation 163 [31/90] (7.25ns)   --->   "%call_ln257 = call void @layer_norm.1, i16 %x_V, i4 %t_2, i11 1096, i11 711, i11 1190, i11 1020, i11 1052, i11 918, i8 197, i8 166, i7 99, i11 939, i11 1273, i11 889, i7 109, i11 1101, i11 1092, i11 990, i6 33, i6 56, i7 108, i7 105, i5 1, i6 36, i6 53, i5 9, i8 25, i6 5, i7 120, i4 7, i6 37, i5 23, i7 113, i8 63" [/home/cym/prj2/finn/notebooks/icl_thesis-master/experiments/qks_v3_s0_s10_s20_s30_exploratory_hls/q16_qksv3_s20/src/q16_qksv3_s20.cpp:257]   --->   Operation 163 'call' 'call_ln257' <Predicate = (!icmp_ln256)> <Delay = 7.25> <CoreType = "Generic">   --->   Core 0 '' <Latency = 0> <II = 1> <Delay = 1.00> <Generic> <Opcode : >

State 62 <SV = 61> <Delay = 7.25>
ST_62 : Operation 164 [30/90] (7.25ns)   --->   "%call_ln257 = call void @layer_norm.1, i16 %x_V, i4 %t_2, i11 1096, i11 711, i11 1190, i11 1020, i11 1052, i11 918, i8 197, i8 166, i7 99, i11 939, i11 1273, i11 889, i7 109, i11 1101, i11 1092, i11 990, i6 33, i6 56, i7 108, i7 105, i5 1, i6 36, i6 53, i5 9, i8 25, i6 5, i7 120, i4 7, i6 37, i5 23, i7 113, i8 63" [/home/cym/prj2/finn/notebooks/icl_thesis-master/experiments/qks_v3_s0_s10_s20_s30_exploratory_hls/q16_qksv3_s20/src/q16_qksv3_s20.cpp:257]   --->   Operation 164 'call' 'call_ln257' <Predicate = (!icmp_ln256)> <Delay = 7.25> <CoreType = "Generic">   --->   Core 0 '' <Latency = 0> <II = 1> <Delay = 1.00> <Generic> <Opcode : >

State 63 <SV = 62> <Delay = 7.25>
ST_63 : Operation 165 [29/90] (7.25ns)   --->   "%call_ln257 = call void @layer_norm.1, i16 %x_V, i4 %t_2, i11 1096, i11 711, i11 1190, i11 1020, i11 1052, i11 918, i8 197, i8 166, i7 99, i11 939, i11 1273, i11 889, i7 109, i11 1101, i11 1092, i11 990, i6 33, i6 56, i7 108, i7 105, i5 1, i6 36, i6 53, i5 9, i8 25, i6 5, i7 120, i4 7, i6 37, i5 23, i7 113, i8 63" [/home/cym/prj2/finn/notebooks/icl_thesis-master/experiments/qks_v3_s0_s10_s20_s30_exploratory_hls/q16_qksv3_s20/src/q16_qksv3_s20.cpp:257]   --->   Operation 165 'call' 'call_ln257' <Predicate = (!icmp_ln256)> <Delay = 7.25> <CoreType = "Generic">   --->   Core 0 '' <Latency = 0> <II = 1> <Delay = 1.00> <Generic> <Opcode : >

State 64 <SV = 63> <Delay = 7.25>
ST_64 : Operation 166 [28/90] (7.25ns)   --->   "%call_ln257 = call void @layer_norm.1, i16 %x_V, i4 %t_2, i11 1096, i11 711, i11 1190, i11 1020, i11 1052, i11 918, i8 197, i8 166, i7 99, i11 939, i11 1273, i11 889, i7 109, i11 1101, i11 1092, i11 990, i6 33, i6 56, i7 108, i7 105, i5 1, i6 36, i6 53, i5 9, i8 25, i6 5, i7 120, i4 7, i6 37, i5 23, i7 113, i8 63" [/home/cym/prj2/finn/notebooks/icl_thesis-master/experiments/qks_v3_s0_s10_s20_s30_exploratory_hls/q16_qksv3_s20/src/q16_qksv3_s20.cpp:257]   --->   Operation 166 'call' 'call_ln257' <Predicate = (!icmp_ln256)> <Delay = 7.25> <CoreType = "Generic">   --->   Core 0 '' <Latency = 0> <II = 1> <Delay = 1.00> <Generic> <Opcode : >

State 65 <SV = 64> <Delay = 7.25>
ST_65 : Operation 167 [27/90] (7.25ns)   --->   "%call_ln257 = call void @layer_norm.1, i16 %x_V, i4 %t_2, i11 1096, i11 711, i11 1190, i11 1020, i11 1052, i11 918, i8 197, i8 166, i7 99, i11 939, i11 1273, i11 889, i7 109, i11 1101, i11 1092, i11 990, i6 33, i6 56, i7 108, i7 105, i5 1, i6 36, i6 53, i5 9, i8 25, i6 5, i7 120, i4 7, i6 37, i5 23, i7 113, i8 63" [/home/cym/prj2/finn/notebooks/icl_thesis-master/experiments/qks_v3_s0_s10_s20_s30_exploratory_hls/q16_qksv3_s20/src/q16_qksv3_s20.cpp:257]   --->   Operation 167 'call' 'call_ln257' <Predicate = (!icmp_ln256)> <Delay = 7.25> <CoreType = "Generic">   --->   Core 0 '' <Latency = 0> <II = 1> <Delay = 1.00> <Generic> <Opcode : >

State 66 <SV = 65> <Delay = 7.25>
ST_66 : Operation 168 [26/90] (7.25ns)   --->   "%call_ln257 = call void @layer_norm.1, i16 %x_V, i4 %t_2, i11 1096, i11 711, i11 1190, i11 1020, i11 1052, i11 918, i8 197, i8 166, i7 99, i11 939, i11 1273, i11 889, i7 109, i11 1101, i11 1092, i11 990, i6 33, i6 56, i7 108, i7 105, i5 1, i6 36, i6 53, i5 9, i8 25, i6 5, i7 120, i4 7, i6 37, i5 23, i7 113, i8 63" [/home/cym/prj2/finn/notebooks/icl_thesis-master/experiments/qks_v3_s0_s10_s20_s30_exploratory_hls/q16_qksv3_s20/src/q16_qksv3_s20.cpp:257]   --->   Operation 168 'call' 'call_ln257' <Predicate = (!icmp_ln256)> <Delay = 7.25> <CoreType = "Generic">   --->   Core 0 '' <Latency = 0> <II = 1> <Delay = 1.00> <Generic> <Opcode : >

State 67 <SV = 66> <Delay = 7.25>
ST_67 : Operation 169 [25/90] (7.25ns)   --->   "%call_ln257 = call void @layer_norm.1, i16 %x_V, i4 %t_2, i11 1096, i11 711, i11 1190, i11 1020, i11 1052, i11 918, i8 197, i8 166, i7 99, i11 939, i11 1273, i11 889, i7 109, i11 1101, i11 1092, i11 990, i6 33, i6 56, i7 108, i7 105, i5 1, i6 36, i6 53, i5 9, i8 25, i6 5, i7 120, i4 7, i6 37, i5 23, i7 113, i8 63" [/home/cym/prj2/finn/notebooks/icl_thesis-master/experiments/qks_v3_s0_s10_s20_s30_exploratory_hls/q16_qksv3_s20/src/q16_qksv3_s20.cpp:257]   --->   Operation 169 'call' 'call_ln257' <Predicate = (!icmp_ln256)> <Delay = 7.25> <CoreType = "Generic">   --->   Core 0 '' <Latency = 0> <II = 1> <Delay = 1.00> <Generic> <Opcode : >

State 68 <SV = 67> <Delay = 7.25>
ST_68 : Operation 170 [24/90] (7.25ns)   --->   "%call_ln257 = call void @layer_norm.1, i16 %x_V, i4 %t_2, i11 1096, i11 711, i11 1190, i11 1020, i11 1052, i11 918, i8 197, i8 166, i7 99, i11 939, i11 1273, i11 889, i7 109, i11 1101, i11 1092, i11 990, i6 33, i6 56, i7 108, i7 105, i5 1, i6 36, i6 53, i5 9, i8 25, i6 5, i7 120, i4 7, i6 37, i5 23, i7 113, i8 63" [/home/cym/prj2/finn/notebooks/icl_thesis-master/experiments/qks_v3_s0_s10_s20_s30_exploratory_hls/q16_qksv3_s20/src/q16_qksv3_s20.cpp:257]   --->   Operation 170 'call' 'call_ln257' <Predicate = (!icmp_ln256)> <Delay = 7.25> <CoreType = "Generic">   --->   Core 0 '' <Latency = 0> <II = 1> <Delay = 1.00> <Generic> <Opcode : >

State 69 <SV = 68> <Delay = 7.25>
ST_69 : Operation 171 [23/90] (7.25ns)   --->   "%call_ln257 = call void @layer_norm.1, i16 %x_V, i4 %t_2, i11 1096, i11 711, i11 1190, i11 1020, i11 1052, i11 918, i8 197, i8 166, i7 99, i11 939, i11 1273, i11 889, i7 109, i11 1101, i11 1092, i11 990, i6 33, i6 56, i7 108, i7 105, i5 1, i6 36, i6 53, i5 9, i8 25, i6 5, i7 120, i4 7, i6 37, i5 23, i7 113, i8 63" [/home/cym/prj2/finn/notebooks/icl_thesis-master/experiments/qks_v3_s0_s10_s20_s30_exploratory_hls/q16_qksv3_s20/src/q16_qksv3_s20.cpp:257]   --->   Operation 171 'call' 'call_ln257' <Predicate = (!icmp_ln256)> <Delay = 7.25> <CoreType = "Generic">   --->   Core 0 '' <Latency = 0> <II = 1> <Delay = 1.00> <Generic> <Opcode : >

State 70 <SV = 69> <Delay = 7.25>
ST_70 : Operation 172 [22/90] (7.25ns)   --->   "%call_ln257 = call void @layer_norm.1, i16 %x_V, i4 %t_2, i11 1096, i11 711, i11 1190, i11 1020, i11 1052, i11 918, i8 197, i8 166, i7 99, i11 939, i11 1273, i11 889, i7 109, i11 1101, i11 1092, i11 990, i6 33, i6 56, i7 108, i7 105, i5 1, i6 36, i6 53, i5 9, i8 25, i6 5, i7 120, i4 7, i6 37, i5 23, i7 113, i8 63" [/home/cym/prj2/finn/notebooks/icl_thesis-master/experiments/qks_v3_s0_s10_s20_s30_exploratory_hls/q16_qksv3_s20/src/q16_qksv3_s20.cpp:257]   --->   Operation 172 'call' 'call_ln257' <Predicate = (!icmp_ln256)> <Delay = 7.25> <CoreType = "Generic">   --->   Core 0 '' <Latency = 0> <II = 1> <Delay = 1.00> <Generic> <Opcode : >

State 71 <SV = 70> <Delay = 7.25>
ST_71 : Operation 173 [21/90] (7.25ns)   --->   "%call_ln257 = call void @layer_norm.1, i16 %x_V, i4 %t_2, i11 1096, i11 711, i11 1190, i11 1020, i11 1052, i11 918, i8 197, i8 166, i7 99, i11 939, i11 1273, i11 889, i7 109, i11 1101, i11 1092, i11 990, i6 33, i6 56, i7 108, i7 105, i5 1, i6 36, i6 53, i5 9, i8 25, i6 5, i7 120, i4 7, i6 37, i5 23, i7 113, i8 63" [/home/cym/prj2/finn/notebooks/icl_thesis-master/experiments/qks_v3_s0_s10_s20_s30_exploratory_hls/q16_qksv3_s20/src/q16_qksv3_s20.cpp:257]   --->   Operation 173 'call' 'call_ln257' <Predicate = (!icmp_ln256)> <Delay = 7.25> <CoreType = "Generic">   --->   Core 0 '' <Latency = 0> <II = 1> <Delay = 1.00> <Generic> <Opcode : >

State 72 <SV = 71> <Delay = 7.25>
ST_72 : Operation 174 [20/90] (7.25ns)   --->   "%call_ln257 = call void @layer_norm.1, i16 %x_V, i4 %t_2, i11 1096, i11 711, i11 1190, i11 1020, i11 1052, i11 918, i8 197, i8 166, i7 99, i11 939, i11 1273, i11 889, i7 109, i11 1101, i11 1092, i11 990, i6 33, i6 56, i7 108, i7 105, i5 1, i6 36, i6 53, i5 9, i8 25, i6 5, i7 120, i4 7, i6 37, i5 23, i7 113, i8 63" [/home/cym/prj2/finn/notebooks/icl_thesis-master/experiments/qks_v3_s0_s10_s20_s30_exploratory_hls/q16_qksv3_s20/src/q16_qksv3_s20.cpp:257]   --->   Operation 174 'call' 'call_ln257' <Predicate = (!icmp_ln256)> <Delay = 7.25> <CoreType = "Generic">   --->   Core 0 '' <Latency = 0> <II = 1> <Delay = 1.00> <Generic> <Opcode : >

State 73 <SV = 72> <Delay = 7.25>
ST_73 : Operation 175 [19/90] (7.25ns)   --->   "%call_ln257 = call void @layer_norm.1, i16 %x_V, i4 %t_2, i11 1096, i11 711, i11 1190, i11 1020, i11 1052, i11 918, i8 197, i8 166, i7 99, i11 939, i11 1273, i11 889, i7 109, i11 1101, i11 1092, i11 990, i6 33, i6 56, i7 108, i7 105, i5 1, i6 36, i6 53, i5 9, i8 25, i6 5, i7 120, i4 7, i6 37, i5 23, i7 113, i8 63" [/home/cym/prj2/finn/notebooks/icl_thesis-master/experiments/qks_v3_s0_s10_s20_s30_exploratory_hls/q16_qksv3_s20/src/q16_qksv3_s20.cpp:257]   --->   Operation 175 'call' 'call_ln257' <Predicate = (!icmp_ln256)> <Delay = 7.25> <CoreType = "Generic">   --->   Core 0 '' <Latency = 0> <II = 1> <Delay = 1.00> <Generic> <Opcode : >

State 74 <SV = 73> <Delay = 7.25>
ST_74 : Operation 176 [18/90] (7.25ns)   --->   "%call_ln257 = call void @layer_norm.1, i16 %x_V, i4 %t_2, i11 1096, i11 711, i11 1190, i11 1020, i11 1052, i11 918, i8 197, i8 166, i7 99, i11 939, i11 1273, i11 889, i7 109, i11 1101, i11 1092, i11 990, i6 33, i6 56, i7 108, i7 105, i5 1, i6 36, i6 53, i5 9, i8 25, i6 5, i7 120, i4 7, i6 37, i5 23, i7 113, i8 63" [/home/cym/prj2/finn/notebooks/icl_thesis-master/experiments/qks_v3_s0_s10_s20_s30_exploratory_hls/q16_qksv3_s20/src/q16_qksv3_s20.cpp:257]   --->   Operation 176 'call' 'call_ln257' <Predicate = (!icmp_ln256)> <Delay = 7.25> <CoreType = "Generic">   --->   Core 0 '' <Latency = 0> <II = 1> <Delay = 1.00> <Generic> <Opcode : >

State 75 <SV = 74> <Delay = 7.25>
ST_75 : Operation 177 [17/90] (7.25ns)   --->   "%call_ln257 = call void @layer_norm.1, i16 %x_V, i4 %t_2, i11 1096, i11 711, i11 1190, i11 1020, i11 1052, i11 918, i8 197, i8 166, i7 99, i11 939, i11 1273, i11 889, i7 109, i11 1101, i11 1092, i11 990, i6 33, i6 56, i7 108, i7 105, i5 1, i6 36, i6 53, i5 9, i8 25, i6 5, i7 120, i4 7, i6 37, i5 23, i7 113, i8 63" [/home/cym/prj2/finn/notebooks/icl_thesis-master/experiments/qks_v3_s0_s10_s20_s30_exploratory_hls/q16_qksv3_s20/src/q16_qksv3_s20.cpp:257]   --->   Operation 177 'call' 'call_ln257' <Predicate = (!icmp_ln256)> <Delay = 7.25> <CoreType = "Generic">   --->   Core 0 '' <Latency = 0> <II = 1> <Delay = 1.00> <Generic> <Opcode : >

State 76 <SV = 75> <Delay = 7.25>
ST_76 : Operation 178 [16/90] (7.25ns)   --->   "%call_ln257 = call void @layer_norm.1, i16 %x_V, i4 %t_2, i11 1096, i11 711, i11 1190, i11 1020, i11 1052, i11 918, i8 197, i8 166, i7 99, i11 939, i11 1273, i11 889, i7 109, i11 1101, i11 1092, i11 990, i6 33, i6 56, i7 108, i7 105, i5 1, i6 36, i6 53, i5 9, i8 25, i6 5, i7 120, i4 7, i6 37, i5 23, i7 113, i8 63" [/home/cym/prj2/finn/notebooks/icl_thesis-master/experiments/qks_v3_s0_s10_s20_s30_exploratory_hls/q16_qksv3_s20/src/q16_qksv3_s20.cpp:257]   --->   Operation 178 'call' 'call_ln257' <Predicate = (!icmp_ln256)> <Delay = 7.25> <CoreType = "Generic">   --->   Core 0 '' <Latency = 0> <II = 1> <Delay = 1.00> <Generic> <Opcode : >

State 77 <SV = 76> <Delay = 7.25>
ST_77 : Operation 179 [15/90] (7.25ns)   --->   "%call_ln257 = call void @layer_norm.1, i16 %x_V, i4 %t_2, i11 1096, i11 711, i11 1190, i11 1020, i11 1052, i11 918, i8 197, i8 166, i7 99, i11 939, i11 1273, i11 889, i7 109, i11 1101, i11 1092, i11 990, i6 33, i6 56, i7 108, i7 105, i5 1, i6 36, i6 53, i5 9, i8 25, i6 5, i7 120, i4 7, i6 37, i5 23, i7 113, i8 63" [/home/cym/prj2/finn/notebooks/icl_thesis-master/experiments/qks_v3_s0_s10_s20_s30_exploratory_hls/q16_qksv3_s20/src/q16_qksv3_s20.cpp:257]   --->   Operation 179 'call' 'call_ln257' <Predicate = (!icmp_ln256)> <Delay = 7.25> <CoreType = "Generic">   --->   Core 0 '' <Latency = 0> <II = 1> <Delay = 1.00> <Generic> <Opcode : >

State 78 <SV = 77> <Delay = 7.25>
ST_78 : Operation 180 [14/90] (7.25ns)   --->   "%call_ln257 = call void @layer_norm.1, i16 %x_V, i4 %t_2, i11 1096, i11 711, i11 1190, i11 1020, i11 1052, i11 918, i8 197, i8 166, i7 99, i11 939, i11 1273, i11 889, i7 109, i11 1101, i11 1092, i11 990, i6 33, i6 56, i7 108, i7 105, i5 1, i6 36, i6 53, i5 9, i8 25, i6 5, i7 120, i4 7, i6 37, i5 23, i7 113, i8 63" [/home/cym/prj2/finn/notebooks/icl_thesis-master/experiments/qks_v3_s0_s10_s20_s30_exploratory_hls/q16_qksv3_s20/src/q16_qksv3_s20.cpp:257]   --->   Operation 180 'call' 'call_ln257' <Predicate = (!icmp_ln256)> <Delay = 7.25> <CoreType = "Generic">   --->   Core 0 '' <Latency = 0> <II = 1> <Delay = 1.00> <Generic> <Opcode : >

State 79 <SV = 78> <Delay = 7.25>
ST_79 : Operation 181 [13/90] (7.25ns)   --->   "%call_ln257 = call void @layer_norm.1, i16 %x_V, i4 %t_2, i11 1096, i11 711, i11 1190, i11 1020, i11 1052, i11 918, i8 197, i8 166, i7 99, i11 939, i11 1273, i11 889, i7 109, i11 1101, i11 1092, i11 990, i6 33, i6 56, i7 108, i7 105, i5 1, i6 36, i6 53, i5 9, i8 25, i6 5, i7 120, i4 7, i6 37, i5 23, i7 113, i8 63" [/home/cym/prj2/finn/notebooks/icl_thesis-master/experiments/qks_v3_s0_s10_s20_s30_exploratory_hls/q16_qksv3_s20/src/q16_qksv3_s20.cpp:257]   --->   Operation 181 'call' 'call_ln257' <Predicate = (!icmp_ln256)> <Delay = 7.25> <CoreType = "Generic">   --->   Core 0 '' <Latency = 0> <II = 1> <Delay = 1.00> <Generic> <Opcode : >

State 80 <SV = 79> <Delay = 7.25>
ST_80 : Operation 182 [12/90] (7.25ns)   --->   "%call_ln257 = call void @layer_norm.1, i16 %x_V, i4 %t_2, i11 1096, i11 711, i11 1190, i11 1020, i11 1052, i11 918, i8 197, i8 166, i7 99, i11 939, i11 1273, i11 889, i7 109, i11 1101, i11 1092, i11 990, i6 33, i6 56, i7 108, i7 105, i5 1, i6 36, i6 53, i5 9, i8 25, i6 5, i7 120, i4 7, i6 37, i5 23, i7 113, i8 63" [/home/cym/prj2/finn/notebooks/icl_thesis-master/experiments/qks_v3_s0_s10_s20_s30_exploratory_hls/q16_qksv3_s20/src/q16_qksv3_s20.cpp:257]   --->   Operation 182 'call' 'call_ln257' <Predicate = (!icmp_ln256)> <Delay = 7.25> <CoreType = "Generic">   --->   Core 0 '' <Latency = 0> <II = 1> <Delay = 1.00> <Generic> <Opcode : >

State 81 <SV = 80> <Delay = 7.25>
ST_81 : Operation 183 [11/90] (7.25ns)   --->   "%call_ln257 = call void @layer_norm.1, i16 %x_V, i4 %t_2, i11 1096, i11 711, i11 1190, i11 1020, i11 1052, i11 918, i8 197, i8 166, i7 99, i11 939, i11 1273, i11 889, i7 109, i11 1101, i11 1092, i11 990, i6 33, i6 56, i7 108, i7 105, i5 1, i6 36, i6 53, i5 9, i8 25, i6 5, i7 120, i4 7, i6 37, i5 23, i7 113, i8 63" [/home/cym/prj2/finn/notebooks/icl_thesis-master/experiments/qks_v3_s0_s10_s20_s30_exploratory_hls/q16_qksv3_s20/src/q16_qksv3_s20.cpp:257]   --->   Operation 183 'call' 'call_ln257' <Predicate = (!icmp_ln256)> <Delay = 7.25> <CoreType = "Generic">   --->   Core 0 '' <Latency = 0> <II = 1> <Delay = 1.00> <Generic> <Opcode : >

State 82 <SV = 81> <Delay = 7.25>
ST_82 : Operation 184 [10/90] (7.25ns)   --->   "%call_ln257 = call void @layer_norm.1, i16 %x_V, i4 %t_2, i11 1096, i11 711, i11 1190, i11 1020, i11 1052, i11 918, i8 197, i8 166, i7 99, i11 939, i11 1273, i11 889, i7 109, i11 1101, i11 1092, i11 990, i6 33, i6 56, i7 108, i7 105, i5 1, i6 36, i6 53, i5 9, i8 25, i6 5, i7 120, i4 7, i6 37, i5 23, i7 113, i8 63" [/home/cym/prj2/finn/notebooks/icl_thesis-master/experiments/qks_v3_s0_s10_s20_s30_exploratory_hls/q16_qksv3_s20/src/q16_qksv3_s20.cpp:257]   --->   Operation 184 'call' 'call_ln257' <Predicate = (!icmp_ln256)> <Delay = 7.25> <CoreType = "Generic">   --->   Core 0 '' <Latency = 0> <II = 1> <Delay = 1.00> <Generic> <Opcode : >

State 83 <SV = 82> <Delay = 7.25>
ST_83 : Operation 185 [9/90] (7.25ns)   --->   "%call_ln257 = call void @layer_norm.1, i16 %x_V, i4 %t_2, i11 1096, i11 711, i11 1190, i11 1020, i11 1052, i11 918, i8 197, i8 166, i7 99, i11 939, i11 1273, i11 889, i7 109, i11 1101, i11 1092, i11 990, i6 33, i6 56, i7 108, i7 105, i5 1, i6 36, i6 53, i5 9, i8 25, i6 5, i7 120, i4 7, i6 37, i5 23, i7 113, i8 63" [/home/cym/prj2/finn/notebooks/icl_thesis-master/experiments/qks_v3_s0_s10_s20_s30_exploratory_hls/q16_qksv3_s20/src/q16_qksv3_s20.cpp:257]   --->   Operation 185 'call' 'call_ln257' <Predicate = (!icmp_ln256)> <Delay = 7.25> <CoreType = "Generic">   --->   Core 0 '' <Latency = 0> <II = 1> <Delay = 1.00> <Generic> <Opcode : >

State 84 <SV = 83> <Delay = 7.25>
ST_84 : Operation 186 [8/90] (7.25ns)   --->   "%call_ln257 = call void @layer_norm.1, i16 %x_V, i4 %t_2, i11 1096, i11 711, i11 1190, i11 1020, i11 1052, i11 918, i8 197, i8 166, i7 99, i11 939, i11 1273, i11 889, i7 109, i11 1101, i11 1092, i11 990, i6 33, i6 56, i7 108, i7 105, i5 1, i6 36, i6 53, i5 9, i8 25, i6 5, i7 120, i4 7, i6 37, i5 23, i7 113, i8 63" [/home/cym/prj2/finn/notebooks/icl_thesis-master/experiments/qks_v3_s0_s10_s20_s30_exploratory_hls/q16_qksv3_s20/src/q16_qksv3_s20.cpp:257]   --->   Operation 186 'call' 'call_ln257' <Predicate = (!icmp_ln256)> <Delay = 7.25> <CoreType = "Generic">   --->   Core 0 '' <Latency = 0> <II = 1> <Delay = 1.00> <Generic> <Opcode : >

State 85 <SV = 84> <Delay = 7.25>
ST_85 : Operation 187 [7/90] (7.25ns)   --->   "%call_ln257 = call void @layer_norm.1, i16 %x_V, i4 %t_2, i11 1096, i11 711, i11 1190, i11 1020, i11 1052, i11 918, i8 197, i8 166, i7 99, i11 939, i11 1273, i11 889, i7 109, i11 1101, i11 1092, i11 990, i6 33, i6 56, i7 108, i7 105, i5 1, i6 36, i6 53, i5 9, i8 25, i6 5, i7 120, i4 7, i6 37, i5 23, i7 113, i8 63" [/home/cym/prj2/finn/notebooks/icl_thesis-master/experiments/qks_v3_s0_s10_s20_s30_exploratory_hls/q16_qksv3_s20/src/q16_qksv3_s20.cpp:257]   --->   Operation 187 'call' 'call_ln257' <Predicate = (!icmp_ln256)> <Delay = 7.25> <CoreType = "Generic">   --->   Core 0 '' <Latency = 0> <II = 1> <Delay = 1.00> <Generic> <Opcode : >

State 86 <SV = 85> <Delay = 7.25>
ST_86 : Operation 188 [6/90] (7.25ns)   --->   "%call_ln257 = call void @layer_norm.1, i16 %x_V, i4 %t_2, i11 1096, i11 711, i11 1190, i11 1020, i11 1052, i11 918, i8 197, i8 166, i7 99, i11 939, i11 1273, i11 889, i7 109, i11 1101, i11 1092, i11 990, i6 33, i6 56, i7 108, i7 105, i5 1, i6 36, i6 53, i5 9, i8 25, i6 5, i7 120, i4 7, i6 37, i5 23, i7 113, i8 63" [/home/cym/prj2/finn/notebooks/icl_thesis-master/experiments/qks_v3_s0_s10_s20_s30_exploratory_hls/q16_qksv3_s20/src/q16_qksv3_s20.cpp:257]   --->   Operation 188 'call' 'call_ln257' <Predicate = (!icmp_ln256)> <Delay = 7.25> <CoreType = "Generic">   --->   Core 0 '' <Latency = 0> <II = 1> <Delay = 1.00> <Generic> <Opcode : >

State 87 <SV = 86> <Delay = 7.25>
ST_87 : Operation 189 [5/90] (7.25ns)   --->   "%call_ln257 = call void @layer_norm.1, i16 %x_V, i4 %t_2, i11 1096, i11 711, i11 1190, i11 1020, i11 1052, i11 918, i8 197, i8 166, i7 99, i11 939, i11 1273, i11 889, i7 109, i11 1101, i11 1092, i11 990, i6 33, i6 56, i7 108, i7 105, i5 1, i6 36, i6 53, i5 9, i8 25, i6 5, i7 120, i4 7, i6 37, i5 23, i7 113, i8 63" [/home/cym/prj2/finn/notebooks/icl_thesis-master/experiments/qks_v3_s0_s10_s20_s30_exploratory_hls/q16_qksv3_s20/src/q16_qksv3_s20.cpp:257]   --->   Operation 189 'call' 'call_ln257' <Predicate = (!icmp_ln256)> <Delay = 7.25> <CoreType = "Generic">   --->   Core 0 '' <Latency = 0> <II = 1> <Delay = 1.00> <Generic> <Opcode : >

State 88 <SV = 87> <Delay = 7.25>
ST_88 : Operation 190 [4/90] (7.25ns)   --->   "%call_ln257 = call void @layer_norm.1, i16 %x_V, i4 %t_2, i11 1096, i11 711, i11 1190, i11 1020, i11 1052, i11 918, i8 197, i8 166, i7 99, i11 939, i11 1273, i11 889, i7 109, i11 1101, i11 1092, i11 990, i6 33, i6 56, i7 108, i7 105, i5 1, i6 36, i6 53, i5 9, i8 25, i6 5, i7 120, i4 7, i6 37, i5 23, i7 113, i8 63" [/home/cym/prj2/finn/notebooks/icl_thesis-master/experiments/qks_v3_s0_s10_s20_s30_exploratory_hls/q16_qksv3_s20/src/q16_qksv3_s20.cpp:257]   --->   Operation 190 'call' 'call_ln257' <Predicate = (!icmp_ln256)> <Delay = 7.25> <CoreType = "Generic">   --->   Core 0 '' <Latency = 0> <II = 1> <Delay = 1.00> <Generic> <Opcode : >

State 89 <SV = 88> <Delay = 7.25>
ST_89 : Operation 191 [3/90] (7.25ns)   --->   "%call_ln257 = call void @layer_norm.1, i16 %x_V, i4 %t_2, i11 1096, i11 711, i11 1190, i11 1020, i11 1052, i11 918, i8 197, i8 166, i7 99, i11 939, i11 1273, i11 889, i7 109, i11 1101, i11 1092, i11 990, i6 33, i6 56, i7 108, i7 105, i5 1, i6 36, i6 53, i5 9, i8 25, i6 5, i7 120, i4 7, i6 37, i5 23, i7 113, i8 63" [/home/cym/prj2/finn/notebooks/icl_thesis-master/experiments/qks_v3_s0_s10_s20_s30_exploratory_hls/q16_qksv3_s20/src/q16_qksv3_s20.cpp:257]   --->   Operation 191 'call' 'call_ln257' <Predicate = (!icmp_ln256)> <Delay = 7.25> <CoreType = "Generic">   --->   Core 0 '' <Latency = 0> <II = 1> <Delay = 1.00> <Generic> <Opcode : >

State 90 <SV = 89> <Delay = 7.25>
ST_90 : Operation 192 [2/90] (7.25ns)   --->   "%call_ln257 = call void @layer_norm.1, i16 %x_V, i4 %t_2, i11 1096, i11 711, i11 1190, i11 1020, i11 1052, i11 918, i8 197, i8 166, i7 99, i11 939, i11 1273, i11 889, i7 109, i11 1101, i11 1092, i11 990, i6 33, i6 56, i7 108, i7 105, i5 1, i6 36, i6 53, i5 9, i8 25, i6 5, i7 120, i4 7, i6 37, i5 23, i7 113, i8 63" [/home/cym/prj2/finn/notebooks/icl_thesis-master/experiments/qks_v3_s0_s10_s20_s30_exploratory_hls/q16_qksv3_s20/src/q16_qksv3_s20.cpp:257]   --->   Operation 192 'call' 'call_ln257' <Predicate = (!icmp_ln256)> <Delay = 7.25> <CoreType = "Generic">   --->   Core 0 '' <Latency = 0> <II = 1> <Delay = 1.00> <Generic> <Opcode : >

State 91 <SV = 90> <Delay = 0.00>
ST_91 : Operation 193 [1/1] (0.00ns)   --->   "%specloopname_ln256 = specloopname void @_ssdm_op_SpecLoopName, void @empty_34" [/home/cym/prj2/finn/notebooks/icl_thesis-master/experiments/qks_v3_s0_s10_s20_s30_exploratory_hls/q16_qksv3_s20/src/q16_qksv3_s20.cpp:256]   --->   Operation 193 'specloopname' 'specloopname_ln256' <Predicate = true> <Delay = 0.00>
ST_91 : Operation 194 [1/90] (0.00ns)   --->   "%call_ln257 = call void @layer_norm.1, i16 %x_V, i4 %t_2, i11 1096, i11 711, i11 1190, i11 1020, i11 1052, i11 918, i8 197, i8 166, i7 99, i11 939, i11 1273, i11 889, i7 109, i11 1101, i11 1092, i11 990, i6 33, i6 56, i7 108, i7 105, i5 1, i6 36, i6 53, i5 9, i8 25, i6 5, i7 120, i4 7, i6 37, i5 23, i7 113, i8 63" [/home/cym/prj2/finn/notebooks/icl_thesis-master/experiments/qks_v3_s0_s10_s20_s30_exploratory_hls/q16_qksv3_s20/src/q16_qksv3_s20.cpp:257]   --->   Operation 194 'call' 'call_ln257' <Predicate = (!icmp_ln256)> <Delay = 0.00> <CoreType = "Generic">   --->   Core 0 '' <Latency = 0> <II = 1> <Delay = 1.00> <Generic> <Opcode : >
ST_91 : Operation 195 [1/1] (0.00ns)   --->   "%br_ln256 = br void %for.inc62" [/home/cym/prj2/finn/notebooks/icl_thesis-master/experiments/qks_v3_s0_s10_s20_s30_exploratory_hls/q16_qksv3_s20/src/q16_qksv3_s20.cpp:256]   --->   Operation 195 'br' 'br_ln256' <Predicate = true> <Delay = 0.00>


============================================================
+ Verbose Summary: Binding
============================================================
STG Binding: 
---------------- STG Properties BEGIN ----------------
- Is combinational: 0
- Is one-state seq: 0
- Is datapath-only: 0
- Is pipelined: 0
- Is top level: 0
Port [ Return ] is wired: 1; IO mode=ap_ctrl_hs:ce=0
Port [ x_V]:  wired=1; compound=1; hidden=0; nouse=0; global=0; static=0; extern=0; dir=2; type=1; pingpong=0; private_global=0; MemPort=[22]; IO mode=ap_memory:ce=0
---------------- STG Properties END ------------------

---------------- Datapath Model BEGIN ----------------

<LifeTime>
<method=bitvector/>
t                  (alloca           ) [ 01100000000000000000000000000000000000000000000000000000000000000000000000000000000000000000]
store_ln0          (store            ) [ 00000000000000000000000000000000000000000000000000000000000000000000000000000000000000000000]
br_ln0             (br               ) [ 00000000000000000000000000000000000000000000000000000000000000000000000000000000000000000000]
t_2                (load             ) [ 00100000000000000000000000000000000000000000000000000000000000000000000000000000000000000000]
specpipeline_ln0   (specpipeline     ) [ 00000000000000000000000000000000000000000000000000000000000000000000000000000000000000000000]
icmp_ln256         (icmp             ) [ 01111111111111111111111111111111111111111111111111111111111111111111111111111111111111111111]
empty              (speclooptripcount) [ 00000000000000000000000000000000000000000000000000000000000000000000000000000000000000000000]
add_ln256          (add              ) [ 00100000000000000000000000000000000000000000000000000000000000000000000000000000000000000000]
br_ln256           (br               ) [ 00000000000000000000000000000000000000000000000000000000000000000000000000000000000000000000]
store_ln256        (store            ) [ 00000000000000000000000000000000000000000000000000000000000000000000000000000000000000000000]
specloopname_ln256 (specloopname     ) [ 00000000000000000000000000000000000000000000000000000000000000000000000000000000000000000000]
call_ln257         (call             ) [ 00000000000000000000000000000000000000000000000000000000000000000000000000000000000000000000]
br_ln256           (br               ) [ 00000000000000000000000000000000000000000000000000000000000000000000000000000000000000000000]
ret_ln0            (ret              ) [ 00000000000000000000000000000000000000000000000000000000000000000000000000000000000000000000]
</LifeTime>

<model>

<comp_list>
<comp id="0" class="1000" name="x_V">
<pin_list>
<pin id="1" dir="1" index="0" bw="1" slack="0"/>
</pin_list>
<bind>
<StgValue><ssdm name="x_V"/><MemPortTyVec>2 2 </MemPortTyVec>
</StgValue>
</bind>
</comp>

<comp id="2" class="1001" name="const_2">
<pin_list>
<pin id="3" dir="1" index="0" bw="1" slack="0"/>
</pin_list>
<bind>
<StgValue><ssdm name=""/></StgValue>
</bind>
</comp>

<comp id="4" class="1001" name="const_4">
<pin_list>
<pin id="5" dir="1" index="0" bw="1" slack="0"/>
</pin_list>
<bind>
<StgValue><ssdm name=""/></StgValue>
</bind>
</comp>

<comp id="6" class="1001" name="const_6">
<pin_list>
<pin id="7" dir="1" index="0" bw="1" slack="2147483647"/>
</pin_list>
<bind>
<StgValue><ssdm name="_ssdm_op_SpecPipeline"/></StgValue>
</bind>
</comp>

<comp id="8" class="1001" name="const_8">
<pin_list>
<pin id="9" dir="1" index="0" bw="1" slack="2147483647"/>
</pin_list>
<bind>
<StgValue><ssdm name=""/></StgValue>
</bind>
</comp>

<comp id="10" class="1001" name="const_10">
<pin_list>
<pin id="11" dir="1" index="0" bw="1" slack="2147483647"/>
</pin_list>
<bind>
<StgValue><ssdm name=""/></StgValue>
</bind>
</comp>

<comp id="12" class="1001" name="const_12">
<pin_list>
<pin id="13" dir="1" index="0" bw="1" slack="2147483647"/>
</pin_list>
<bind>
<StgValue><ssdm name="p_str"/></StgValue>
</bind>
</comp>

<comp id="14" class="1001" name="const_14">
<pin_list>
<pin id="15" dir="1" index="0" bw="1" slack="0"/>
</pin_list>
<bind>
<StgValue><ssdm name=""/></StgValue>
</bind>
</comp>

<comp id="16" class="1001" name="const_16">
<pin_list>
<pin id="17" dir="1" index="0" bw="1" slack="2147483647"/>
</pin_list>
<bind>
<StgValue><ssdm name="_ssdm_op_SpecLoopTripCount"/></StgValue>
</bind>
</comp>

<comp id="18" class="1001" name="const_18">
<pin_list>
<pin id="19" dir="1" index="0" bw="1" slack="2147483647"/>
</pin_list>
<bind>
<StgValue><ssdm name=""/></StgValue>
</bind>
</comp>

<comp id="20" class="1001" name="const_20">
<pin_list>
<pin id="21" dir="1" index="0" bw="1" slack="0"/>
</pin_list>
<bind>
<StgValue><ssdm name=""/></StgValue>
</bind>
</comp>

<comp id="22" class="1001" name="const_22">
<pin_list>
<pin id="23" dir="1" index="0" bw="1" slack="0"/>
</pin_list>
<bind>
<StgValue><ssdm name="layer_norm.1"/></StgValue>
</bind>
</comp>

<comp id="24" class="1001" name="const_24">
<pin_list>
<pin id="25" dir="1" index="0" bw="1" slack="0"/>
</pin_list>
<bind>
<StgValue><ssdm name=""/></StgValue>
</bind>
</comp>

<comp id="26" class="1001" name="const_26">
<pin_list>
<pin id="27" dir="1" index="0" bw="1" slack="0"/>
</pin_list>
<bind>
<StgValue><ssdm name=""/></StgValue>
</bind>
</comp>

<comp id="28" class="1001" name="const_28">
<pin_list>
<pin id="29" dir="1" index="0" bw="1" slack="0"/>
</pin_list>
<bind>
<StgValue><ssdm name=""/></StgValue>
</bind>
</comp>

<comp id="30" class="1001" name="const_30">
<pin_list>
<pin id="31" dir="1" index="0" bw="1" slack="0"/>
</pin_list>
<bind>
<StgValue><ssdm name=""/></StgValue>
</bind>
</comp>

<comp id="32" class="1001" name="const_32">
<pin_list>
<pin id="33" dir="1" index="0" bw="1" slack="0"/>
</pin_list>
<bind>
<StgValue><ssdm name=""/></StgValue>
</bind>
</comp>

<comp id="34" class="1001" name="const_34">
<pin_list>
<pin id="35" dir="1" index="0" bw="1" slack="0"/>
</pin_list>
<bind>
<StgValue><ssdm name=""/></StgValue>
</bind>
</comp>

<comp id="36" class="1001" name="const_36">
<pin_list>
<pin id="37" dir="1" index="0" bw="1" slack="0"/>
</pin_list>
<bind>
<StgValue><ssdm name=""/></StgValue>
</bind>
</comp>

<comp id="38" class="1001" name="const_38">
<pin_list>
<pin id="39" dir="1" index="0" bw="1" slack="0"/>
</pin_list>
<bind>
<StgValue><ssdm name=""/></StgValue>
</bind>
</comp>

<comp id="40" class="1001" name="const_40">
<pin_list>
<pin id="41" dir="1" index="0" bw="1" slack="0"/>
</pin_list>
<bind>
<StgValue><ssdm name=""/></StgValue>
</bind>
</comp>

<comp id="42" class="1001" name="const_42">
<pin_list>
<pin id="43" dir="1" index="0" bw="1" slack="0"/>
</pin_list>
<bind>
<StgValue><ssdm name=""/></StgValue>
</bind>
</comp>

<comp id="44" class="1001" name="const_44">
<pin_list>
<pin id="45" dir="1" index="0" bw="1" slack="0"/>
</pin_list>
<bind>
<StgValue><ssdm name=""/></StgValue>
</bind>
</comp>

<comp id="46" class="1001" name="const_46">
<pin_list>
<pin id="47" dir="1" index="0" bw="1" slack="0"/>
</pin_list>
<bind>
<StgValue><ssdm name=""/></StgValue>
</bind>
</comp>

<comp id="48" class="1001" name="const_48">
<pin_list>
<pin id="49" dir="1" index="0" bw="1" slack="0"/>
</pin_list>
<bind>
<StgValue><ssdm name=""/></StgValue>
</bind>
</comp>

<comp id="50" class="1001" name="const_50">
<pin_list>
<pin id="51" dir="1" index="0" bw="1" slack="0"/>
</pin_list>
<bind>
<StgValue><ssdm name=""/></StgValue>
</bind>
</comp>

<comp id="52" class="1001" name="const_52">
<pin_list>
<pin id="53" dir="1" index="0" bw="1" slack="0"/>
</pin_list>
<bind>
<StgValue><ssdm name=""/></StgValue>
</bind>
</comp>

<comp id="54" class="1001" name="const_54">
<pin_list>
<pin id="55" dir="1" index="0" bw="1" slack="0"/>
</pin_list>
<bind>
<StgValue><ssdm name=""/></StgValue>
</bind>
</comp>

<comp id="56" class="1001" name="const_56">
<pin_list>
<pin id="57" dir="1" index="0" bw="1" slack="0"/>
</pin_list>
<bind>
<StgValue><ssdm name=""/></StgValue>
</bind>
</comp>

<comp id="58" class="1001" name="const_58">
<pin_list>
<pin id="59" dir="1" index="0" bw="1" slack="0"/>
</pin_list>
<bind>
<StgValue><ssdm name=""/></StgValue>
</bind>
</comp>

<comp id="60" class="1001" name="const_60">
<pin_list>
<pin id="61" dir="1" index="0" bw="1" slack="0"/>
</pin_list>
<bind>
<StgValue><ssdm name=""/></StgValue>
</bind>
</comp>

<comp id="62" class="1001" name="const_62">
<pin_list>
<pin id="63" dir="1" index="0" bw="1" slack="0"/>
</pin_list>
<bind>
<StgValue><ssdm name=""/></StgValue>
</bind>
</comp>

<comp id="64" class="1001" name="const_64">
<pin_list>
<pin id="65" dir="1" index="0" bw="1" slack="0"/>
</pin_list>
<bind>
<StgValue><ssdm name=""/></StgValue>
</bind>
</comp>

<comp id="66" class="1001" name="const_66">
<pin_list>
<pin id="67" dir="1" index="0" bw="1" slack="0"/>
</pin_list>
<bind>
<StgValue><ssdm name=""/></StgValue>
</bind>
</comp>

<comp id="68" class="1001" name="const_68">
<pin_list>
<pin id="69" dir="1" index="0" bw="1" slack="0"/>
</pin_list>
<bind>
<StgValue><ssdm name=""/></StgValue>
</bind>
</comp>

<comp id="70" class="1001" name="const_70">
<pin_list>
<pin id="71" dir="1" index="0" bw="1" slack="0"/>
</pin_list>
<bind>
<StgValue><ssdm name=""/></StgValue>
</bind>
</comp>

<comp id="72" class="1001" name="const_72">
<pin_list>
<pin id="73" dir="1" index="0" bw="1" slack="0"/>
</pin_list>
<bind>
<StgValue><ssdm name=""/></StgValue>
</bind>
</comp>

<comp id="74" class="1001" name="const_74">
<pin_list>
<pin id="75" dir="1" index="0" bw="1" slack="0"/>
</pin_list>
<bind>
<StgValue><ssdm name=""/></StgValue>
</bind>
</comp>

<comp id="76" class="1001" name="const_76">
<pin_list>
<pin id="77" dir="1" index="0" bw="1" slack="0"/>
</pin_list>
<bind>
<StgValue><ssdm name=""/></StgValue>
</bind>
</comp>

<comp id="78" class="1001" name="const_78">
<pin_list>
<pin id="79" dir="1" index="0" bw="1" slack="0"/>
</pin_list>
<bind>
<StgValue><ssdm name=""/></StgValue>
</bind>
</comp>

<comp id="80" class="1001" name="const_80">
<pin_list>
<pin id="81" dir="1" index="0" bw="1" slack="0"/>
</pin_list>
<bind>
<StgValue><ssdm name=""/></StgValue>
</bind>
</comp>

<comp id="82" class="1001" name="const_82">
<pin_list>
<pin id="83" dir="1" index="0" bw="1" slack="0"/>
</pin_list>
<bind>
<StgValue><ssdm name=""/></StgValue>
</bind>
</comp>

<comp id="84" class="1001" name="const_84">
<pin_list>
<pin id="85" dir="1" index="0" bw="1" slack="0"/>
</pin_list>
<bind>
<StgValue><ssdm name=""/></StgValue>
</bind>
</comp>

<comp id="86" class="1001" name="const_86">
<pin_list>
<pin id="87" dir="1" index="0" bw="1" slack="0"/>
</pin_list>
<bind>
<StgValue><ssdm name=""/></StgValue>
</bind>
</comp>

<comp id="88" class="1001" name="const_88">
<pin_list>
<pin id="89" dir="1" index="0" bw="1" slack="2147483647"/>
</pin_list>
<bind>
<StgValue><ssdm name="_ssdm_op_SpecLoopName"/></StgValue>
</bind>
</comp>

<comp id="90" class="1001" name="const_90">
<pin_list>
<pin id="91" dir="1" index="0" bw="1" slack="2147483647"/>
</pin_list>
<bind>
<StgValue><ssdm name="empty_34"/></StgValue>
</bind>
</comp>

<comp id="92" class="1004" name="t_fu_92">
<pin_list>
<pin id="93" dir="0" index="0" bw="1" slack="0"/>
<pin id="94" dir="1" index="1" bw="4" slack="0"/>
</pin_list>
<bind>
<opcode="alloca(26) " fcode="alloca"/>
<opset="t/1 "/>
</bind>
</comp>

<comp id="96" class="1004" name="grp_layer_norm_1_fu_96">
<pin_list>
<pin id="97" dir="0" index="0" bw="0" slack="0"/>
<pin id="98" dir="0" index="1" bw="16" slack="0"/>
<pin id="99" dir="0" index="2" bw="4" slack="1"/>
<pin id="100" dir="0" index="3" bw="11" slack="0"/>
<pin id="101" dir="0" index="4" bw="11" slack="0"/>
<pin id="102" dir="0" index="5" bw="11" slack="0"/>
<pin id="103" dir="0" index="6" bw="11" slack="0"/>
<pin id="104" dir="0" index="7" bw="11" slack="0"/>
<pin id="105" dir="0" index="8" bw="11" slack="0"/>
<pin id="106" dir="0" index="9" bw="7" slack="0"/>
<pin id="107" dir="0" index="10" bw="8" slack="0"/>
<pin id="108" dir="0" index="11" bw="6" slack="0"/>
<pin id="109" dir="0" index="12" bw="11" slack="0"/>
<pin id="110" dir="0" index="13" bw="11" slack="0"/>
<pin id="111" dir="0" index="14" bw="11" slack="0"/>
<pin id="112" dir="0" index="15" bw="6" slack="0"/>
<pin id="113" dir="0" index="16" bw="11" slack="0"/>
<pin id="114" dir="0" index="17" bw="11" slack="0"/>
<pin id="115" dir="0" index="18" bw="11" slack="0"/>
<pin id="116" dir="0" index="19" bw="6" slack="0"/>
<pin id="117" dir="0" index="20" bw="4" slack="0"/>
<pin id="118" dir="0" index="21" bw="6" slack="0"/>
<pin id="119" dir="0" index="22" bw="6" slack="0"/>
<pin id="120" dir="0" index="23" bw="1" slack="0"/>
<pin id="121" dir="0" index="24" bw="6" slack="0"/>
<pin id="122" dir="0" index="25" bw="5" slack="0"/>
<pin id="123" dir="0" index="26" bw="5" slack="0"/>
<pin id="124" dir="0" index="27" bw="6" slack="0"/>
<pin id="125" dir="0" index="28" bw="4" slack="0"/>
<pin id="126" dir="0" index="29" bw="4" slack="0"/>
<pin id="127" dir="0" index="30" bw="4" slack="0"/>
<pin id="128" dir="0" index="31" bw="6" slack="0"/>
<pin id="129" dir="0" index="32" bw="5" slack="0"/>
<pin id="130" dir="0" index="33" bw="5" slack="0"/>
<pin id="131" dir="0" index="34" bw="7" slack="0"/>
<pin id="132" dir="1" index="35" bw="0" slack="2147483647"/>
</pin_list>
<bind>
<opcode="call(48) " fcode="call"/>
<opset="call_ln257/2 "/>
</bind>
</comp>

<comp id="167" class="1004" name="store_ln0_store_fu_167">
<pin_list>
<pin id="168" dir="0" index="0" bw="1" slack="0"/>
<pin id="169" dir="0" index="1" bw="4" slack="0"/>
<pin id="170" dir="1" index="2" bw="0" slack="2147483647"/>
</pin_list>
<bind>
<opcode="store(28) " fcode="store"/>
<opset="store_ln0/1 "/>
</bind>
</comp>

<comp id="172" class="1004" name="t_2_load_fu_172">
<pin_list>
<pin id="173" dir="0" index="0" bw="4" slack="0"/>
<pin id="174" dir="1" index="1" bw="4" slack="0"/>
</pin_list>
<bind>
<opcode="load(27) " fcode="load"/>
<opset="t_2/1 "/>
</bind>
</comp>

<comp id="175" class="1004" name="icmp_ln256_fu_175">
<pin_list>
<pin id="176" dir="0" index="0" bw="4" slack="0"/>
<pin id="177" dir="0" index="1" bw="4" slack="0"/>
<pin id="178" dir="1" index="2" bw="1" slack="1"/>
</pin_list>
<bind>
<opcode="icmp(45) " fcode="icmp"/>
<opset="icmp_ln256/1 "/>
</bind>
</comp>

<comp id="181" class="1004" name="add_ln256_fu_181">
<pin_list>
<pin id="182" dir="0" index="0" bw="4" slack="0"/>
<pin id="183" dir="0" index="1" bw="1" slack="0"/>
<pin id="184" dir="1" index="2" bw="4" slack="1"/>
</pin_list>
<bind>
<opcode="add(8) " fcode="add"/>
<opset="add_ln256/1 "/>
</bind>
</comp>

<comp id="187" class="1004" name="store_ln256_store_fu_187">
<pin_list>
<pin id="188" dir="0" index="0" bw="4" slack="1"/>
<pin id="189" dir="0" index="1" bw="4" slack="1"/>
<pin id="190" dir="1" index="2" bw="0" slack="2147483647"/>
</pin_list>
<bind>
<opcode="store(28) " fcode="store"/>
<opset="store_ln256/2 "/>
</bind>
</comp>

<comp id="191" class="1005" name="t_reg_191">
<pin_list>
<pin id="192" dir="0" index="0" bw="4" slack="0"/>
<pin id="193" dir="1" index="1" bw="4" slack="0"/>
</pin_list>
<bind>
<opset="t "/>
</bind>
</comp>

<comp id="198" class="1005" name="t_2_reg_198">
<pin_list>
<pin id="199" dir="0" index="0" bw="4" slack="1"/>
<pin id="200" dir="1" index="1" bw="4" slack="1"/>
</pin_list>
<bind>
<opset="t_2 "/>
</bind>
</comp>

<comp id="203" class="1005" name="icmp_ln256_reg_203">
<pin_list>
<pin id="204" dir="0" index="0" bw="1" slack="1"/>
<pin id="205" dir="1" index="1" bw="1" slack="2147483647"/>
</pin_list>
<bind>
<opset="icmp_ln256 "/>
</bind>
</comp>

<comp id="207" class="1005" name="add_ln256_reg_207">
<pin_list>
<pin id="208" dir="0" index="0" bw="4" slack="1"/>
<pin id="209" dir="1" index="1" bw="4" slack="1"/>
</pin_list>
<bind>
<opset="add_ln256 "/>
</bind>
</comp>

</comp_list>

<net_list>
<net id="95"><net_src comp="2" pin="0"/><net_sink comp="92" pin=0"/></net>

<net id="133"><net_src comp="22" pin="0"/><net_sink comp="96" pin=0"/></net>

<net id="134"><net_src comp="0" pin="0"/><net_sink comp="96" pin=1"/></net>

<net id="135"><net_src comp="24" pin="0"/><net_sink comp="96" pin=3"/></net>

<net id="136"><net_src comp="26" pin="0"/><net_sink comp="96" pin=4"/></net>

<net id="137"><net_src comp="28" pin="0"/><net_sink comp="96" pin=5"/></net>

<net id="138"><net_src comp="30" pin="0"/><net_sink comp="96" pin=6"/></net>

<net id="139"><net_src comp="32" pin="0"/><net_sink comp="96" pin=7"/></net>

<net id="140"><net_src comp="34" pin="0"/><net_sink comp="96" pin=8"/></net>

<net id="141"><net_src comp="36" pin="0"/><net_sink comp="96" pin=9"/></net>

<net id="142"><net_src comp="38" pin="0"/><net_sink comp="96" pin=10"/></net>

<net id="143"><net_src comp="40" pin="0"/><net_sink comp="96" pin=11"/></net>

<net id="144"><net_src comp="42" pin="0"/><net_sink comp="96" pin=12"/></net>

<net id="145"><net_src comp="44" pin="0"/><net_sink comp="96" pin=13"/></net>

<net id="146"><net_src comp="46" pin="0"/><net_sink comp="96" pin=14"/></net>

<net id="147"><net_src comp="48" pin="0"/><net_sink comp="96" pin=15"/></net>

<net id="148"><net_src comp="50" pin="0"/><net_sink comp="96" pin=16"/></net>

<net id="149"><net_src comp="52" pin="0"/><net_sink comp="96" pin=17"/></net>

<net id="150"><net_src comp="54" pin="0"/><net_sink comp="96" pin=18"/></net>

<net id="151"><net_src comp="56" pin="0"/><net_sink comp="96" pin=19"/></net>

<net id="152"><net_src comp="58" pin="0"/><net_sink comp="96" pin=20"/></net>

<net id="153"><net_src comp="60" pin="0"/><net_sink comp="96" pin=21"/></net>

<net id="154"><net_src comp="62" pin="0"/><net_sink comp="96" pin=22"/></net>

<net id="155"><net_src comp="64" pin="0"/><net_sink comp="96" pin=23"/></net>

<net id="156"><net_src comp="66" pin="0"/><net_sink comp="96" pin=24"/></net>

<net id="157"><net_src comp="68" pin="0"/><net_sink comp="96" pin=25"/></net>

<net id="158"><net_src comp="70" pin="0"/><net_sink comp="96" pin=26"/></net>

<net id="159"><net_src comp="72" pin="0"/><net_sink comp="96" pin=27"/></net>

<net id="160"><net_src comp="74" pin="0"/><net_sink comp="96" pin=28"/></net>

<net id="161"><net_src comp="76" pin="0"/><net_sink comp="96" pin=29"/></net>

<net id="162"><net_src comp="78" pin="0"/><net_sink comp="96" pin=30"/></net>

<net id="163"><net_src comp="80" pin="0"/><net_sink comp="96" pin=31"/></net>

<net id="164"><net_src comp="82" pin="0"/><net_sink comp="96" pin=32"/></net>

<net id="165"><net_src comp="84" pin="0"/><net_sink comp="96" pin=33"/></net>

<net id="166"><net_src comp="86" pin="0"/><net_sink comp="96" pin=34"/></net>

<net id="171"><net_src comp="4" pin="0"/><net_sink comp="167" pin=0"/></net>

<net id="179"><net_src comp="172" pin="1"/><net_sink comp="175" pin=0"/></net>

<net id="180"><net_src comp="14" pin="0"/><net_sink comp="175" pin=1"/></net>

<net id="185"><net_src comp="172" pin="1"/><net_sink comp="181" pin=0"/></net>

<net id="186"><net_src comp="20" pin="0"/><net_sink comp="181" pin=1"/></net>

<net id="194"><net_src comp="92" pin="1"/><net_sink comp="191" pin=0"/></net>

<net id="195"><net_src comp="191" pin="1"/><net_sink comp="167" pin=1"/></net>

<net id="196"><net_src comp="191" pin="1"/><net_sink comp="172" pin=0"/></net>

<net id="197"><net_src comp="191" pin="1"/><net_sink comp="187" pin=1"/></net>

<net id="201"><net_src comp="172" pin="1"/><net_sink comp="198" pin=0"/></net>

<net id="202"><net_src comp="198" pin="1"/><net_sink comp="96" pin=2"/></net>

<net id="206"><net_src comp="175" pin="2"/><net_sink comp="203" pin=0"/></net>

<net id="210"><net_src comp="181" pin="2"/><net_sink comp="207" pin=0"/></net>

<net id="211"><net_src comp="207" pin="1"/><net_sink comp="187" pin=0"/></net>

</net_list>

</model> 
---------------- Datapath Model END ------------------

* FSMD analyzer results:
  - Output states:
	Port: x_V | {84 85 86 87 88 89 90 91 }
 - Input state : 
	Port: q16_qksv3_s20_Pipeline_VITIS_LOOP_256_5 : x_V | {2 3 4 5 6 7 8 9 10 }
  - Chain level:
	State 1
		store_ln0 : 1
		t_2 : 1
		icmp_ln256 : 2
		add_ln256 : 2
		br_ln256 : 3
	State 2
	State 3
	State 4
	State 5
	State 6
	State 7
	State 8
	State 9
	State 10
	State 11
	State 12
	State 13
	State 14
	State 15
	State 16
	State 17
	State 18
	State 19
	State 20
	State 21
	State 22
	State 23
	State 24
	State 25
	State 26
	State 27
	State 28
	State 29
	State 30
	State 31
	State 32
	State 33
	State 34
	State 35
	State 36
	State 37
	State 38
	State 39
	State 40
	State 41
	State 42
	State 43
	State 44
	State 45
	State 46
	State 47
	State 48
	State 49
	State 50
	State 51
	State 52
	State 53
	State 54
	State 55
	State 56
	State 57
	State 58
	State 59
	State 60
	State 61
	State 62
	State 63
	State 64
	State 65
	State 66
	State 67
	State 68
	State 69
	State 70
	State 71
	State 72
	State 73
	State 74
	State 75
	State 76
	State 77
	State 78
	State 79
	State 80
	State 81
	State 82
	State 83
	State 84
	State 85
	State 86
	State 87
	State 88
	State 89
	State 90
	State 91


============================================================
+ Verbose Summary: Datapath Resource usage 
============================================================

* Functional unit list:
|----------|------------------------|---------|---------|---------|---------|
| Operation|     Functional Unit    |   DSP   |  Delay  |    FF   |   LUT   |
|----------|------------------------|---------|---------|---------|---------|
|   call   | grp_layer_norm_1_fu_96 |    50   |  142.65 |   3756  |   3704  |
|----------|------------------------|---------|---------|---------|---------|
|    add   |    add_ln256_fu_181    |    0    |    0    |    0    |    13   |
|----------|------------------------|---------|---------|---------|---------|
|   icmp   |    icmp_ln256_fu_175   |    0    |    0    |    0    |    9    |
|----------|------------------------|---------|---------|---------|---------|
|   Total  |                        |    50   |  142.65 |   3756  |   3726  |
|----------|------------------------|---------|---------|---------|---------|

Memories:
N/A

* Register list:
+------------------+--------+
|                  |   FF   |
+------------------+--------+
| add_ln256_reg_207|    4   |
|icmp_ln256_reg_203|    1   |
|    t_2_reg_198   |    4   |
|     t_reg_191    |    4   |
+------------------+--------+
|       Total      |   13   |
+------------------+--------+

* Multiplexer (MUX) list: 
|--------|------|------|------|--------|
|  Comp  |  Pin | Size |  BW  | S x BW |
|--------|------|------|------|--------|
|  Total |      |      |      |    0   |
|--------|------|------|------|--------|



* Summary:
+-----------+--------+--------+--------+--------+
|           |   DSP  |  Delay |   FF   |   LUT  |
+-----------+--------+--------+--------+--------+
|  Function |   50   |   142  |  3756  |  3726  |
|   Memory  |    -   |    -   |    -   |    -   |
|Multiplexer|    -   |    -   |    -   |    -   |
|  Register |    -   |    -   |   13   |    -   |
+-----------+--------+--------+--------+--------+
|   Total   |   50   |   142  |  3769  |  3726  |
+-----------+--------+--------+--------+--------+
